Sample 1 - Real_Frequency [Hz]	Reflexion Coefficient on Cavity 2	Sample 1 - Imag_Frequency [Hz]	Reflexion Coefficient on Cavity 2	Sample 2 - Real_Frequency [Hz]	Reflexion Coefficient on Cavity 2	Sample 2 - Imag_Frequency [Hz]	Reflexion Coefficient on Cavity 2	Sample 3 - Real_Frequency [Hz]	Reflexion Coefficient on Cavity 2	Sample 3 - Imag_Frequency [Hz]	Reflexion Coefficient on Cavity 2	Sample 4 - Real_Frequency [Hz]	Reflexion Coefficient on Cavity 2	Sample 4 - Imag_Frequency [Hz]	Reflexion Coefficient on Cavity 2	
3,000000E+2	-6,050286E-1	3,000000E+2	-8,036128E-1	3,000000E+2	-4,722460E-1	3,000000E+2	-6,564599E-1	3,000000E+2	-1,504804E+0	3,000000E+2	-3,051314E-1	3,000000E+2	6,083880E-1	3,000000E+2	7,595109E-1
3,015625E+2	-6,886143E-1	3,015625E+2	-8,147769E-1	3,015625E+2	-6,134271E-1	3,015625E+2	-6,340689E-1	3,015625E+2	-1,484885E+0	3,015625E+2	-3,256980E-1	3,015625E+2	-8,819976E-1	3,015625E+2	-6,253278E-1
3,031250E+2	-7,758087E-1	3,031250E+2	-8,268352E-1	3,031250E+2	-7,845451E-1	3,031250E+2	-5,999791E-1	3,031250E+2	-1,463229E+0	3,031250E+2	-3,501544E-1	3,031250E+2	-6,167553E-1	3,031250E+2	-2,953571E-1
3,046875E+2	-9,466559E-1	3,046875E+2	-7,655995E-1	3,046875E+2	6,126955E-2	3,046875E+2	-8,060356E-1	3,046875E+2	-7,035426E-1	3,046875E+2	-4,858858E-1	3,046875E+2	-6,105733E-1	3,046875E+2	-2,967637E-1
3,062500E+2	-1,131875E+0	3,062500E+2	-6,801321E-1	3,062500E+2	1,229906E-1	3,062500E+2	-7,458466E-1	3,062500E+2	-5,902642E-1	3,062500E+2	-3,867977E-1	3,062500E+2	-6,049241E-1	3,062500E+2	-2,982023E-1
3,078125E+2	-1,043408E+0	3,078125E+2	-5,401351E-1	3,078125E+2	1,099231E-1	3,078125E+2	-7,440921E-1	3,078125E+2	-5,842108E-1	3,078125E+2	-3,882562E-1	3,078125E+2	-5,995689E-1	3,078125E+2	-3,011067E-1
3,093750E+2	-9,685077E-1	3,093750E+2	-4,248489E-1	3,093750E+2	9,677275E-2	3,093750E+2	-7,438106E-1	3,093750E+2	-5,787547E-1	3,093750E+2	-3,895464E-1	3,093750E+2	-5,946935E-1	3,093750E+2	-3,041155E-1
3,109375E+2	-1,313313E-1	3,109375E+2	-4,664357E-1	3,109375E+2	7,136440E-2	3,109375E+2	-7,410581E-1	3,109375E+2	-5,737019E-1	3,109375E+2	-3,922396E-1	3,109375E+2	-5,886286E-1	3,109375E+2	-3,089401E-1
3,125000E+2	-5,425620E-2	3,125000E+2	-3,161006E-1	3,125000E+2	4,572562E-2	3,125000E+2	-7,407107E-1	3,125000E+2	-5,692313E-1	3,125000E+2	-3,948656E-1	3,125000E+2	-5,829649E-1	3,125000E+2	-3,137525E-1
3,140625E+2	-5,171026E-2	3,140625E+2	-3,158197E-1	3,140625E+2	2,751301E-2	3,140625E+2	-7,446386E-1	3,140625E+2	-5,330488E-1	3,140625E+2	-3,539257E-1	3,140625E+2	-5,583786E-1	3,140625E+2	-2,456612E-1
3,156250E+2	-4,866829E-2	3,156250E+2	-3,159223E-1	3,156250E+2	1,024569E-2	3,156250E+2	-7,505306E-1	3,156250E+2	-1,302804E+0	3,156250E+2	-3,912859E-2	3,156250E+2	-1,222290E+0	3,156250E+2	-1,105309E-1
3,171875E+2	-2,503822E-1	3,171875E+2	-3,051731E-1	3,171875E+2	-9,382038E-2	3,171875E+2	-7,414418E-1	3,171875E+2	-1,307254E+0	3,171875E+2	-8,011060E-2	3,171875E+2	-1,246407E+0	3,171875E+2	-1,610728E-1
3,187500E+2	-8,736874E-1	3,187500E+2	-3,580822E-1	3,187500E+2	-1,194148E-1	3,187500E+2	-7,923368E-1	3,187500E+2	-1,312718E+0	3,187500E+2	-1,207563E-1	3,187500E+2	-1,276206E+0	3,187500E+2	-2,148587E-1
3,203125E+2	-8,645735E-1	3,203125E+2	-3,603117E-1	3,203125E+2	-1,941837E-1	3,203125E+2	-7,817635E-1	3,203125E+2	-1,323091E+0	3,203125E+2	-1,763065E-1	3,203125E+2	-1,299123E+0	3,203125E+2	-2,621972E-1
3,218750E+2	-8,561477E-1	3,218750E+2	-3,644735E-1	3,218750E+2	-2,580371E-1	3,218750E+2	-7,844180E-1	3,218750E+2	-1,334684E+0	3,218750E+2	-2,347701E-1	3,218750E+2	-1,327258E+0	3,218750E+2	-3,114018E-1
3,234375E+2	-8,406410E-1	3,234375E+2	-3,770465E-1	3,234375E+2	-2,555578E-1	3,234375E+2	-7,758519E-1	3,234375E+2	-1,343924E+0	3,234375E+2	-3,051221E-1	3,234375E+2	-1,353883E+0	3,234375E+2	-3,662330E-1
3,250000E+2	-8,248610E-1	3,250000E+2	-3,905813E-1	3,250000E+2	-2,533006E-1	3,250000E+2	-7,681161E-1	3,250000E+2	-1,353142E+0	3,250000E+2	-3,816333E-1	3,250000E+2	-1,386530E+0	3,250000E+2	-4,247711E-1
3,265625E+2	5,418651E-2	3,265625E+2	-6,090836E-1	3,265625E+2	-1,507930E-1	3,265625E+2	-7,118753E-1	3,265625E+2	-1,346486E+0	3,265625E+2	-4,527577E-1	3,265625E+2	-1,390190E+0	3,265625E+2	-4,710858E-1
3,281250E+2	2,277186E-1	3,281250E+2	-4,328690E-1	3,281250E+2	-9,144557E-1	3,281250E+2	-9,863030E-2	3,281250E+2	-1,338230E+0	3,281250E+2	-5,273694E-1	3,281250E+2	-1,395501E+0	3,281250E+2	-5,173803E-1
3,296875E+2	1,412536E-1	3,296875E+2	-2,823679E-1	3,296875E+2	-9,297495E-1	3,296875E+2	-9,893703E-2	3,296875E+2	-1,318871E+0	3,296875E+2	-6,007306E-1	3,296875E+2	-1,399662E+0	3,296875E+2	-5,713666E-1
3,312500E+2	-4,985031E-1	3,312500E+2	2,104653E-1	3,312500E+2	-9,542225E-1	3,312500E+2	-9,754606E-2	3,312500E+2	-1,296726E+0	3,312500E+2	-6,766262E-1	3,312500E+2	-1,405028E+0	3,312500E+2	-6,266791E-1
3,328125E+2	-5,727406E-1	3,328125E+2	1,544034E-1	3,328125E+2	-9,497835E-1	3,328125E+2	-1,148918E-1	3,328125E+2	-1,257050E+0	3,328125E+2	-7,349365E-1	3,328125E+2	-1,381879E+0	3,328125E+2	-6,630916E-1
3,343750E+2	-6,342934E-1	3,343750E+2	6,791763E-2	3,343750E+2	-9,469462E-1	3,343750E+2	-1,298643E-1	3,343750E+2	-1,215815E+0	3,343750E+2	-7,918712E-1	3,343750E+2	-1,358660E+0	3,343750E+2	-6,978906E-1
3,359375E+2	-6,370184E-1	3,359375E+2	3,225483E-2	3,359375E+2	-9,368278E-1	3,359375E+2	-1,561883E-1	3,359375E+2	-1,162844E+0	3,359375E+2	-8,396330E-1	3,359375E+2	-1,320555E+0	3,359375E+2	-7,209550E-1
3,375000E+2	-6,373885E-1	3,375000E+2	-5,030574E-3	3,375000E+2	-9,265891E-1	3,375000E+2	-1,809519E-1	3,375000E+2	-1,109363E+0	3,375000E+2	-8,844776E-1	3,375000E+2	-1,283188E+0	3,375000E+2	-7,420810E-1
3,390625E+2	-6,355016E-1	3,390625E+2	-3,764008E-2	3,390625E+2	-9,114468E-1	3,390625E+2	-2,128268E-1	3,390625E+2	-1,053695E+0	3,390625E+2	-9,029014E-1	3,390625E+2	-1,244230E+0	3,390625E+2	-7,690044E-1
3,406250E+2	-6,318404E-1	3,406250E+2	-7,135049E-2	3,406250E+2	-8,953022E-1	3,406250E+2	-2,434992E-1	3,406250E+2	-1,000717E+0	3,406250E+2	-9,191393E-1	3,406250E+2	-1,205652E+0	3,406250E+2	-7,937441E-1
3,421875E+2	-6,268568E-1	3,421875E+2	-1,004285E-1	3,421875E+2	-8,728251E-1	3,421875E+2	-2,776931E-1	3,421875E+2	-9,430566E-1	3,421875E+2	-9,349504E-1	3,421875E+2	-1,162376E+0	3,421875E+2	-8,052778E-1
3,437500E+2	-6,205980E-1	3,437500E+2	-1,301872E-1	3,437500E+2	-8,491555E-1	3,437500E+2	-3,105492E-1	3,437500E+2	-8,885080E-1	3,437500E+2	-9,481518E-1	3,437500E+2	-1,120773E+0	3,437500E+2	-8,152857E-1
3,453125E+2	-6,125776E-1	3,453125E+2	-1,565417E-1	3,453125E+2	-8,243750E-1	3,453125E+2	-3,440071E-1	3,453125E+2	-8,446274E-1	3,453125E+2	-9,422753E-1	3,453125E+2	-1,079511E+0	3,453125E+2	-8,265881E-1
3,468750E+2	-6,035437E-1	3,468750E+2	-1,831881E-1	3,468750E+2	-7,984721E-1	3,468750E+2	-3,760273E-1	3,468750E+2	-8,041317E-1	3,468750E+2	-9,368312E-1	3,468750E+2	-1,039685E+0	3,468750E+2	-8,363646E-1
3,484375E+2	-5,903600E-1	3,484375E+2	-2,066722E-1	3,484375E+2	-7,660445E-1	3,484375E+2	-4,077832E-1	3,484375E+2	-7,636081E-1	3,484375E+2	-9,351402E-1	3,484375E+2	-1,001668E+0	3,484375E+2	-8,462921E-1
3,500000E+2	-5,763223E-1	3,500000E+2	-2,298467E-1	3,500000E+2	-7,331609E-1	3,500000E+2	-4,377033E-1	3,500000E+2	-7,258702E-1	3,500000E+2	-9,330354E-1	3,500000E+2	-9,648794E-1	3,500000E+2	-8,548333E-1
3,515625E+2	-5,561223E-1	3,515625E+2	-2,483209E-1	3,515625E+2	-6,986990E-1	3,515625E+2	-4,654517E-1	3,515625E+2	-6,919451E-1	3,515625E+2	-9,285382E-1	3,515625E+2	-9,305733E-1	3,515625E+2	-8,637966E-1
3,531250E+2	-5,354056E-1	3,531250E+2	-2,656989E-1	3,531250E+2	-6,646625E-1	3,531250E+2	-4,912399E-1	3,531250E+2	-6,602546E-1	3,531250E+2	-9,240307E-1	3,531250E+2	-8,971910E-1	3,531250E+2	-8,715964E-1
3,546875E+2	-3,303074E-1	3,546875E+2	-5,674215E-1	3,546875E+2	-6,285137E-1	3,546875E+2	-5,146484E-1	3,546875E+2	-6,360230E-1	3,546875E+2	-9,121256E-1	3,546875E+2	-8,677561E-1	3,546875E+2	-8,805103E-1
3,562500E+2	-2,442129E-1	3,562500E+2	-7,061724E-1	3,562500E+2	-5,951439E-1	3,562500E+2	-5,363473E-1	3,562500E+2	-6,133620E-1	3,562500E+2	-9,013994E-1	3,562500E+2	-8,388824E-1	3,562500E+2	-8,884704E-1
3,578125E+2	-2,395908E-1	3,578125E+2	-7,029734E-1	3,578125E+2	-7,047261E-1	3,578125E+2	-5,417507E-1	3,578125E+2	-5,952992E-1	3,578125E+2	-8,873382E-1	3,578125E+2	-8,116267E-1	3,578125E+2	-9,028978E-1
3,593750E+2	-2,351513E-1	3,593750E+2	-6,999838E-1	3,593750E+2	-7,517828E-1	3,593750E+2	-5,529241E-1	3,593750E+2	-5,781959E-1	3,593750E+2	-8,747602E-1	3,593750E+2	-7,843174E-1	3,593750E+2	-9,162657E-1
3,609375E+2	-2,121220E-1	3,609375E+2	-5,915094E-1	3,609375E+2	-7,175277E-1	3,609375E+2	-5,692424E-1	3,609375E+2	-5,562353E-1	3,609375E+2	-8,644183E-1	3,609375E+2	-6,809342E-1	3,609375E+2	-2,196903E-1
3,625000E+2	-8,250399E-1	3,625000E+2	-1,687249E-2	3,625000E+2	-5,932212E-1	3,625000E+2	-5,774315E-1	3,625000E+2	-5,356585E-1	3,625000E+2	-8,546812E-1	3,625000E+2	-6,470044E-1	3,625000E+2	-4,301600E-2
3,640625E+2	-7,963816E-1	3,640625E+2	-4,598650E-2	3,640625E+2	-5,714944E-1	3,640625E+2	-6,063596E-1	3,640625E+2	-5,293164E-1	3,640625E+2	-8,387612E-1	3,640625E+2	-6,434702E-1	3,640625E+2	-5,409086E-2
3,656250E+2	-7,667055E-1	3,656250E+2	-7,285225E-2	3,656250E+2	-5,468525E-1	3,656250E+2	-6,353280E-1	3,656250E+2	-5,228384E-1	3,656250E+2	-8,245157E-1	3,656250E+2	-6,397728E-1	3,656250E+2	-6,500886E-2
3,671875E+2	-7,397407E-1	3,671875E+2	-9,970107E-2	3,671875E+2	-5,172542E-1	3,671875E+2	-6,622352E-1	3,671875E+2	-5,127667E-1	3,671875E+2	-8,130756E-1	3,671875E+2	-6,362555E-1	3,671875E+2	-7,509778E-2
3,687500E+2	-7,118451E-1	3,687500E+2	-1,244235E-1	3,687500E+2	-4,849524E-1	3,687500E+2	-6,878310E-1	3,687500E+2	-5,030720E-1	3,687500E+2	-8,026457E-1	3,687500E+2	-6,326019E-1	3,687500E+2	-8,504312E-2
3,703125E+2	-6,839048E-1	3,703125E+2	-1,473618E-1	3,703125E+2	-4,505876E-1	3,703125E+2	-7,101225E-1	3,703125E+2	-4,927978E-1	3,703125E+2	-7,951486E-1	3,703125E+2	-6,290914E-1	3,703125E+2	-9,480363E-2
3,718750E+2	-6,553139E-1	3,718750E+2	-1,682102E-1	3,718750E+2	-4,143362E-1	3,718750E+2	-7,305605E-1	3,718750E+2	-4,828646E-1	3,718750E+2	-7,882169E-1	3,718750E+2	-6,254581E-1	3,718750E+2	-1,044177E-1
3,734375E+2	-6,297450E-1	3,734375E+2	-1,882089E-1	3,734375E+2	-3,772627E-1	3,734375E+2	-7,477484E-1	3,734375E+2	-4,799126E-1	3,734375E+2	-7,831687E-1	3,734375E+2	-6,216531E-1	3,734375E+2	-1,140722E-1
3,750000E+2	-6,036796E-1	3,750000E+2	-2,060541E-1	3,750000E+2	-3,391054E-1	3,750000E+2	-7,627135E-1	3,750000E+2	-4,767557E-1	3,750000E+2	-7,786049E-1	3,750000E+2	-6,177133E-1	3,750000E+2	-1,235677E-1
3,765625E+2	-5,782602E-1	3,765625E+2	-2,211403E-1	3,765625E+2	-3,004407E-1	3,765625E+2	-7,717319E-1	3,765625E+2	-6,087060E-1	3,765625E+2	-8,139881E-1	3,765625E+2	-6,143878E-1	3,765625E+2	-1,330595E-1
3,781250E+2	-5,527396E-1	3,781250E+2	-2,341544E-1	3,781250E+2	-2,617013E-1	3,781250E+2	-7,785198E-1	3,781250E+2	-7,354024E-1	3,781250E+2	-1,016657E+0	3,781250E+2	-6,109204E-1	3,781250E+2	-1,423999E-1
3,796875E+2	-5,228890E-1	3,796875E+2	-2,441509E-1	3,796875E+2	-2,295158E-1	3,796875E+2	-7,896269E-1	3,796875E+2	-7,352073E-1	3,796875E+2	-1,000998E+0	3,796875E+2	-7,263907E-1	3,796875E+2	-3,999834E-1
3,812500E+2	-4,931485E-1	3,812500E+2	-2,518078E-1	3,812500E+2	-1,970829E-1	3,812500E+2	-7,994604E-1	3,812500E+2	-7,336556E-1	3,812500E+2	-9,865589E-1	3,812500E+2	-3,835720E-1	3,812500E+2	3,703953E+0
3,828125E+2	-4,707876E-1	3,828125E+2	-2,545549E-1	3,828125E+2	-1,654756E-1	3,828125E+2	-8,025997E-1	3,828125E+2	-7,288369E-1	3,828125E+2	-9,778571E-1	3,828125E+2	-2,638308E-1	3,828125E+2	3,568736E+0
3,843750E+2	-4,500488E-1	3,843750E+2	-2,550875E-1	3,843750E+2	-1,342801E-1	3,843750E+2	-8,044975E-1	3,843750E+2	-7,232847E-1	3,843750E+2	-9,700675E-1	3,843750E+2	-1,658850E-1	3,843750E+2	3,438577E+0
3,859375E+2	-4,229849E-1	3,859375E+2	-2,436184E-1	3,859375E+2	-1,070513E-1	3,859375E+2	-8,059624E-1	3,859375E+2	-7,158667E-1	3,859375E+2	-9,725432E-1	3,859375E+2	-1,071293E+0	3,859375E+2	-8,446918E-1
3,875000E+2	-4,000798E-1	3,875000E+2	-2,288688E-1	3,875000E+2	-8,024065E-2	3,875000E+2	-8,065580E-1	3,875000E+2	-7,078569E-1	3,875000E+2	-9,752669E-1	3,875000E+2	-6,766869E-1	3,875000E+2	-8,339250E-2
3,890625E+2	-3,685129E-1	3,890625E+2	-4,745237E-1	3,890625E+2	-5,966375E-2	3,890625E+2	-8,118175E-1	3,890625E+2	-6,866793E-1	3,890625E+2	-9,978125E-1	3,890625E+2	-6,290950E-1	3,890625E+2	3,508613E-3
3,906250E+2	-4,749165E-1	3,906250E+2	-6,044815E-1	3,906250E+2	-3,908929E-2	3,906250E+2	-8,165489E-1	3,906250E+2	-6,644299E-1	3,906250E+2	-1,019535E+0	3,906250E+2	-5,975608E-1	3,906250E+2	7,140273E-2
3,921875E+2	-7,515068E-1	3,921875E+2	-3,800572E-1	3,921875E+2	-2,613263E-2	3,921875E+2	-8,171262E-1	3,921875E+2	-6,427313E-1	3,921875E+2	-1,056259E+0	3,921875E+2	-5,746407E-1	3,921875E+2	9,766553E-2
3,937500E+2	-8,081541E-1	3,937500E+2	-2,608313E-1	3,937500E+2	-1,309172E-2	3,937500E+2	-8,176022E-1	3,937500E+2	-6,189791E-1	3,937500E+2	-1,092550E+0	3,937500E+2	-5,562685E-1	3,937500E+2	1,211701E-1
3,953125E+2	-7,988304E-1	3,953125E+2	-2,697794E-1	3,953125E+2	-8,774065E-3	3,953125E+2	-8,233123E-1	3,953125E+2	-5,890893E-1	3,953125E+2	-1,152960E+0	3,953125E+2	-5,358351E-1	3,953125E+2	1,392968E-1
3,968750E+2	-7,895195E-1	3,968750E+2	-2,778279E-1	3,968750E+2	-3,815421E-3	3,968750E+2	-8,288454E-1	3,968750E+2	-5,548011E-1	3,968750E+2	-1,214041E+0	3,968750E+2	-5,191205E-1	3,968750E+2	1,563714E-1
3,984375E+2	-7,814387E-1	3,984375E+2	-2,858178E-1	3,984375E+2	-7,086774E-1	3,984375E+2	-5,600628E-1	3,984375E+2	-8,079405E-1	3,984375E+2	-3,305225E-1	3,984375E+2	-5,048974E-1	3,984375E+2	1,711131E-1
4,000000E+2	-7,734075E-1	4,000000E+2	-2,931837E-1	4,000000E+2	-7,719289E-1	4,000000E+2	-4,104621E-1	4,000000E+2	-7,873724E-1	4,000000E+2	-5,810682E-2	4,000000E+2	-4,931865E-1	4,000000E+2	1,856052E-1
4,015625E+2	-7,427189E-1	4,015625E+2	-3,535290E-1	4,015625E+2	-7,634256E-1	4,015625E+2	-4,184499E-1	4,015625E+2	-7,431405E-1	4,015625E+2	9,231660E-2	4,015625E+2	-5,052173E-1	4,015625E+2	1,792897E-1
4,031250E+2	-6,080270E-1	4,031250E+2	-4,651564E-1	4,031250E+2	-7,548318E-1	4,031250E+2	-4,263454E-1	4,031250E+2	-7,150871E-1	4,031250E+2	1,806562E-1	4,031250E+2	-5,187562E-1	4,031250E+2	1,719408E-1
4,046875E+2	-5,741273E-1	4,046875E+2	-5,049248E-1	4,046875E+2	-7,473971E-1	4,046875E+2	-4,328500E-1	4,046875E+2	-7,082058E-1	4,046875E+2	1,921236E-1	4,046875E+2	-4,830941E-1	4,046875E+2	1,835802E-1
4,062500E+2	-5,368582E-1	4,062500E+2	-5,433251E-1	4,062500E+2	-7,399001E-1	4,062500E+2	-4,393590E-1	4,062500E+2	-7,027303E-1	4,062500E+2	2,015219E-1	4,062500E+2	-4,498592E-1	4,062500E+2	1,991820E-1
4,078125E+2	-4,987492E-1	4,078125E+2	-5,801148E-1	4,078125E+2	-7,389735E-1	4,078125E+2	-4,744243E-1	4,078125E+2	-7,005627E-1	4,078125E+2	2,047503E-1	4,078125E+2	-4,418161E-1	4,078125E+2	1,890408E-1
4,093750E+2	-4,573590E-1	4,093750E+2	-6,148350E-1	4,093750E+2	-7,426778E-1	4,093750E+2	-5,287548E-1	4,093750E+2	-6,990211E-1	4,093750E+2	2,068902E-1	4,093750E+2	-4,332462E-1	4,093750E+2	1,789357E-1
4,109375E+2	-4,134823E-1	4,109375E+2	-6,476179E-1	4,109375E+2	-7,265935E-1	4,109375E+2	-5,538034E-1	4,109375E+2	-7,268334E-1	4,109375E+2	1,428218E-1	4,109375E+2	-4,170996E-1	4,109375E+2	1,705250E-1
4,125000E+2	-3,665787E-1	4,125000E+2	-6,776812E-1	4,125000E+2	-7,095347E-1	4,125000E+2	-5,784936E-1	4,125000E+2	-7,748206E-1	4,125000E+2	4,155347E-3	4,125000E+2	-4,005182E-1	4,125000E+2	1,634399E-1
4,140625E+2	-3,058037E-1	4,140625E+2	-7,002774E-1	4,140625E+2	-6,941185E-1	4,140625E+2	-6,012536E-1	4,140625E+2	-7,878606E-1	4,140625E+2	-3,823490E-2	4,140625E+2	-1,535724E-1	4,140625E+2	3,024363E-1
4,156250E+2	-2,424106E-1	4,156250E+2	-7,172441E-1	4,156250E+2	-6,778625E-1	4,156250E+2	-6,237448E-1	4,156250E+2	-7,996926E-1	4,156250E+2	-8,518853E-2	4,156250E+2	9,074202E-3	4,156250E+2	4,916283E-1
4,171875E+2	-1,412520E-1	4,171875E+2	-6,991778E-1	4,171875E+2	-6,607544E-1	4,171875E+2	-6,434477E-1	4,171875E+2	-8,131564E-1	4,171875E+2	-1,101968E-1	4,171875E+2	1,646598E-2	4,171875E+2	4,563792E-1
4,187500E+2	-4,572492E-2	4,187500E+2	-6,634270E-1	4,187500E+2	-6,429632E-1	4,187500E+2	-6,627792E-1	4,187500E+2	-8,260240E-1	4,187500E+2	-1,371010E-1	4,187500E+2	2,668255E-2	4,187500E+2	4,176296E-1
4,203125E+2	4,737919E-3	4,203125E+2	-6,593671E-1	4,203125E+2	-6,245884E-1	4,203125E+2	-6,805660E-1	4,203125E+2	-8,163866E-1	4,203125E+2	-1,426940E-1	4,203125E+2	2,235406E-2	4,203125E+2	3,717591E-1
4,218750E+2	5,411672E-2	4,218750E+2	-6,526355E-1	4,218750E+2	-6,056035E-1	4,218750E+2	-6,979287E-1	4,218750E+2	-8,073282E-1	4,218750E+2	-1,485208E-1	4,218750E+2	1,837469E-2	4,218750E+2	3,216689E-1
4,234375E+2	-1,420044E-1	4,234375E+2	-7,065725E-1	4,234375E+2	-5,771239E-1	4,234375E+2	-7,084970E-1	4,234375E+2	-7,901199E-1	4,234375E+2	-1,452877E-1	4,234375E+2	1,000408E-2	4,234375E+2	2,585750E-1
4,250000E+2	-2,962898E-1	4,250000E+2	-6,952527E-1	4,250000E+2	-5,484426E-1	4,250000E+2	-7,178371E-1	4,250000E+2	-7,749811E-1	4,250000E+2	-1,422094E-1	4,250000E+2	1,224177E-3	4,250000E+2	1,874492E-1
4,265625E+2	-6,467423E-1	4,265625E+2	-4,926485E-1	4,265625E+2	-5,263938E-1	4,265625E+2	-7,264986E-1	4,265625E+2	-7,657452E-1	4,265625E+2	-1,142570E-1	4,265625E+2	-6,451779E-1	4,265625E+2	2,734651E-1
4,281250E+2	-7,554383E-1	4,281250E+2	-3,270039E-1	4,281250E+2	-5,042148E-1	4,281250E+2	-7,345815E-1	4,281250E+2	-7,599078E-1	4,281250E+2	-9,051446E-2	4,281250E+2	-1,327916E+0	4,281250E+2	1,671327E-1
4,296875E+2	-7,581251E-1	4,296875E+2	-3,079026E-1	4,296875E+2	-4,904898E-1	4,296875E+2	-7,475323E-1	4,296875E+2	-7,514209E-1	4,296875E+2	-4,739075E-2	4,296875E+2	-1,301340E+0	4,296875E+2	1,274350E-1
4,312500E+2	-7,600641E-1	4,312500E+2	-2,915729E-1	4,312500E+2	-4,763509E-1	4,312500E+2	-7,602953E-1	4,312500E+2	-7,472770E-1	4,312500E+2	-1,187170E-2	4,312500E+2	-1,273206E+0	4,312500E+2	9,058436E-2
4,328125E+2	-7,351675E-1	4,328125E+2	-3,354308E-1	4,328125E+2	-1,880051E-1	4,328125E+2	-8,333122E-1	4,328125E+2	-7,386784E-1	4,328125E+2	5,352176E-3	4,328125E+2	-1,023290E+0	4,328125E+2	1,344519E-1
4,343750E+2	-6,995716E-1	4,343750E+2	-3,833542E-1	4,343750E+2	2,984716E-1	4,343750E+2	-6,156786E-1	4,343750E+2	-7,330880E-1	4,343750E+2	2,016474E-2	4,343750E+2	-6,558994E-1	4,343750E+2	1,468020E-1
4,359375E+2	-5,685315E-1	4,359375E+2	-5,189568E-1	4,359375E+2	-7,399959E-1	4,359375E+2	-4,726234E-1	4,359375E+2	-7,296529E-1	4,359375E+2	1,258969E-2	4,359375E+2	-6,497730E-1	4,359375E+2	1,274341E-1
4,375000E+2	-2,831731E-1	4,375000E+2	-6,194341E-1	4,375000E+2	-8,500641E-1	4,375000E+2	-1,978224E-1	4,375000E+2	-7,267145E-1	4,375000E+2	4,621340E-3	4,375000E+2	-6,430268E-1	4,375000E+2	1,083392E-1
4,390625E+2	-2,224469E-1	4,390625E+2	-6,288074E-1	4,390625E+2	-8,422202E-1	4,390625E+2	-2,095481E-1	4,390625E+2	-7,108746E-1	4,390625E+2	2,247173E-2	4,390625E+2	-6,355850E-1	4,390625E+2	9,002373E-2
4,406250E+2	-1,605122E-1	4,406250E+2	-6,319543E-1	4,406250E+2	-8,342639E-1	4,406250E+2	-2,212645E-1	4,406250E+2	-7,004101E-1	4,406250E+2	3,970322E-2	4,406250E+2	-6,275577E-1	4,406250E+2	7,201674E-2
4,421875E+2	-1,049921E-1	4,421875E+2	-6,406585E-1	4,421875E+2	-8,274948E-1	4,421875E+2	-2,364131E-1	4,421875E+2	-6,864926E-1	4,421875E+2	5,269956E-2	4,421875E+2	-6,180238E-1	4,421875E+2	5,340094E-2
4,437500E+2	-4,839879E-2	4,437500E+2	-6,444105E-1	4,437500E+2	-8,204240E-1	4,437500E+2	-2,515188E-1	4,437500E+2	-6,770642E-1	4,437500E+2	6,575168E-2	4,437500E+2	-6,078424E-1	4,437500E+2	3,510923E-2
4,453125E+2	-6,882356E-1	4,453125E+2	-4,343937E-1	4,453125E+2	-6,230290E-1	4,453125E+2	-6,196191E-1	4,453125E+2	-6,637367E-1	4,453125E+2	7,543963E-2	4,453125E+2	-5,969989E-1	4,453125E+2	1,627565E-2
4,468750E+2	-8,268122E-1	4,468750E+2	-1,731914E-1	4,468750E+2	5,584675E-1	4,468750E+2	-5,157459E-1	4,468750E+2	-6,538748E-1	4,468750E+2	8,558688E-2	4,468750E+2	-5,854618E-1	4,468750E+2	-2,256707E-3
4,484375E+2	-8,210899E-1	4,484375E+2	-2,331976E-1	4,484375E+2	5,254872E-1	4,484375E+2	-5,523810E-1	4,484375E+2	-6,418463E-1	4,484375E+2	9,603109E-2	4,484375E+2	-5,718003E-1	4,484375E+2	-2,293311E-2
4,500000E+2	-8,088523E-1	4,500000E+2	-3,012204E-1	4,500000E+2	4,927345E-1	4,500000E+2	-5,847768E-1	4,500000E+2	-6,331529E-1	4,500000E+2	1,068308E-1	4,500000E+2	-5,573797E-1	4,500000E+2	-4,343980E-2
4,515625E+2	-7,734244E-1	4,515625E+2	-3,788125E-1	4,515625E+2	2,494073E-1	4,515625E+2	-7,570013E-1	4,515625E+2	-3,945565E-1	4,515625E+2	1,945496E-1	4,515625E+2	-5,596873E-1	4,515625E+2	-1,007295E-1
4,531250E+2	-7,230178E-1	4,531250E+2	-4,598433E-1	4,531250E+2	-4,983549E-3	4,531250E+2	-8,273785E-1	4,531250E+2	-2,342834E-1	4,531250E+2	5,680886E-1	4,531250E+2	-5,728979E-1	4,531250E+2	-1,557977E-1
4,546875E+2	-6,883282E-1	4,546875E+2	-4,992913E-1	4,546875E+2	-4,839999E-1	4,546875E+2	-7,264894E-1	4,546875E+2	-3,650781E-1	4,546875E+2	4,065735E-1	4,546875E+2	-6,108922E-1	4,546875E+2	-1,687580E-1
4,562500E+2	-6,499793E-1	4,562500E+2	-5,366261E-1	4,562500E+2	-7,304544E-1	4,562500E+2	-5,197653E-1	4,562500E+2	-5,494057E-1	4,562500E+2	2,268796E-1	4,562500E+2	-6,451750E-1	4,562500E+2	-1,768480E-1
4,578125E+2	-7,112140E-1	4,578125E+2	-4,546678E-1	4,578125E+2	-7,906960E-1	4,578125E+2	-4,322186E-1	4,578125E+2	-6,010362E-1	4,578125E+2	2,193862E-1	4,578125E+2	-6,636670E-1	4,578125E+2	-1,769829E-1
4,593750E+2	-7,515567E-1	4,593750E+2	-3,864062E-1	4,593750E+2	-8,299982E-1	4,593750E+2	-3,577996E-1	4,593750E+2	-6,527365E-1	4,593750E+2	2,130994E-1	4,593750E+2	-6,804165E-1	4,593750E+2	-1,773303E-1
4,609375E+2	-8,117310E-1	4,609375E+2	-2,732712E-1	4,609375E+2	-8,521690E-1	4,609375E+2	-3,101845E-1	4,609375E+2	-6,774611E-1	4,609375E+2	2,174951E-1	4,609375E+2	-6,868963E-1	4,609375E+2	-1,726983E-1
4,625000E+2	-8,439763E-1	4,625000E+2	-1,835683E-1	4,625000E+2	-8,680733E-1	4,625000E+2	-2,693868E-1	4,625000E+2	-7,023151E-1	4,625000E+2	2,215599E-1	4,625000E+2	-6,935042E-1	4,625000E+2	-1,688258E-1
4,640625E+2	-8,409222E-1	4,640625E+2	-2,079475E-1	4,640625E+2	-8,667139E-1	4,640625E+2	-2,861581E-1	4,640625E+2	-7,225288E-1	4,640625E+2	2,276169E-1	4,640625E+2	-6,741754E-1	4,640625E+2	-1,552320E-1
4,656250E+2	-8,368701E-1	4,656250E+2	-2,329880E-1	4,656250E+2	-8,648929E-1	4,656250E+2	-3,035025E-1	4,656250E+2	-7,429556E-1	4,656250E+2	2,330047E-1	4,656250E+2	-6,600324E-1	4,656250E+2	-1,377755E-1
4,671875E+2	-8,253747E-1	4,671875E+2	-2,621851E-1	4,671875E+2	-8,550195E-1	4,671875E+2	-3,260222E-1	4,671875E+2	-7,380683E-1	4,671875E+2	2,394764E-1	4,671875E+2	-6,408033E-1	4,671875E+2	-1,386821E-1
4,687500E+2	-8,122428E-1	4,687500E+2	-2,913612E-1	4,687500E+2	-8,443142E-1	4,687500E+2	-3,485954E-1	4,687500E+2	-7,342470E-1	4,687500E+2	2,464432E-1	4,687500E+2	-6,234687E-1	4,687500E+2	-1,359380E-1
4,703125E+2	-7,966304E-1	4,703125E+2	-3,156414E-1	4,703125E+2	-8,456436E-1	4,703125E+2	-3,450476E-1	4,703125E+2	-6,936503E-1	4,703125E+2	2,440877E-1	4,703125E+2	-6,171241E-1	4,703125E+2	-1,510423E-1
4,718750E+2	-7,799229E-1	4,718750E+2	-3,394280E-1	4,718750E+2	-8,464881E-1	4,718750E+2	-3,435188E-1	4,718750E+2	-6,513812E-1	4,718750E+2	2,463263E-1	4,718750E+2	-6,101352E-1	4,718750E+2	-1,661455E-1
4,734375E+2	-7,666019E-1	4,734375E+2	-3,637849E-1	4,734375E+2	-8,527569E-1	4,734375E+2	-3,406954E-1	4,734375E+2	-6,012906E-1	4,734375E+2	2,289251E-1	4,734375E+2	-6,078669E-1	4,734375E+2	-1,776290E-1
4,750000E+2	-7,521867E-1	4,750000E+2	-3,877592E-1	4,750000E+2	-8,578571E-1	4,750000E+2	-3,399517E-1	4,750000E+2	-5,444979E-1	4,750000E+2	2,120771E-1	4,750000E+2	-6,050194E-1	4,750000E+2	-1,893383E-1
4,765625E+2	-7,345130E-1	4,765625E+2	-4,228576E-1	4,765625E+2	-8,675489E-1	4,765625E+2	-3,214597E-1	4,765625E+2	-5,193441E-1	4,765625E+2	1,891975E-1	4,765625E+2	-5,947886E-1	4,765625E+2	-1,941722E-1
4,781250E+2	-7,149753E-1	4,781250E+2	-4,568623E-1	4,781250E+2	-8,752340E-1	4,781250E+2	-3,070276E-1	4,781250E+2	-4,922312E-1	4,781250E+2	1,647798E-1	4,781250E+2	-5,845715E-1	4,781250E+2	-1,990875E-1
4,796875E+2	-7,195555E-1	4,796875E+2	-4,668713E-1	4,796875E+2	-8,832342E-1	4,796875E+2	-2,806861E-1	4,796875E+2	-4,918502E-1	4,796875E+2	1,468579E-1	4,796875E+2	-5,717697E-1	4,796875E+2	-1,994882E-1
4,812500E+2	-7,227070E-1	4,812500E+2	-4,778769E-1	4,812500E+2	-8,899849E-1	4,812500E+2	-2,600327E-1	4,812500E+2	-4,914724E-1	4,812500E+2	1,289585E-1	4,812500E+2	-5,595014E-1	4,812500E+2	-2,001190E-1
4,828125E+2	-7,480518E-1	4,828125E+2	-4,531471E-1	4,828125E+2	-8,855042E-1	4,828125E+2	-2,525471E-1	4,828125E+2	-5,062046E-1	4,828125E+2	1,297308E-1	4,828125E+2	-5,554262E-1	4,828125E+2	-2,054390E-1
4,843750E+2	-7,681648E-1	4,843750E+2	-4,334275E-1	4,843750E+2	-8,820483E-1	4,843750E+2	-2,483026E-1	4,843750E+2	-5,207292E-1	4,843750E+2	1,304271E-1	4,843750E+2	-5,508601E-1	4,843750E+2	-2,112912E-1
4,859375E+2	-7,928336E-1	4,859375E+2	-3,902279E-1	4,859375E+2	-8,741181E-1	4,859375E+2	-2,538029E-1	4,859375E+2	-5,283619E-1	4,859375E+2	1,364570E-1	4,859375E+2	-5,527804E-1	4,859375E+2	-2,183280E-1
4,875000E+2	-8,117782E-1	4,875000E+2	-3,554376E-1	4,875000E+2	-8,669855E-1	4,875000E+2	-2,609787E-1	4,875000E+2	-5,362164E-1	4,875000E+2	1,420060E-1	4,875000E+2	-5,537434E-1	4,875000E+2	-2,259704E-1
4,890625E+2	-8,440320E-1	4,890625E+2	-2,808659E-1	4,890625E+2	-8,644299E-1	4,890625E+2	-2,640970E-1	4,890625E+2	-5,337378E-1	4,890625E+2	1,397434E-1	4,890625E+2	-5,581788E-1	4,890625E+2	-2,380990E-1
4,906250E+2	-8,669637E-1	4,906250E+2	-2,229377E-1	4,906250E+2	-8,620131E-1	4,906250E+2	-2,696620E-1	4,906250E+2	-5,310651E-1	4,906250E+2	1,376083E-1	4,906250E+2	-5,614982E-1	4,906250E+2	-2,506017E-1
4,921875E+2	-8,726492E-1	4,921875E+2	-1,821198E-1	4,921875E+2	-8,671152E-1	4,921875E+2	-2,455546E-1	4,921875E+2	-5,244126E-1	4,921875E+2	1,270202E-1	4,921875E+2	-5,602212E-1	4,921875E+2	-2,619034E-1
4,937500E+2	-8,777967E-1	4,937500E+2	-1,518438E-1	4,937500E+2	-8,708805E-1	4,937500E+2	-2,284766E-1	4,937500E+2	-5,172869E-1	4,937500E+2	1,166113E-1	4,937500E+2	-5,580440E-1	4,937500E+2	-2,736852E-1
4,953125E+2	-8,683924E-1	4,953125E+2	-1,710202E-1	4,953125E+2	-8,816752E-1	4,953125E+2	-1,862347E-1	4,953125E+2	-4,982893E-1	4,953125E+2	7,801159E-2	4,953125E+2	-5,689402E-1	4,953125E+2	-2,717450E-1
4,968750E+2	-8,592672E-1	4,968750E+2	-1,906684E-1	4,968750E+2	-8,887899E-1	4,968750E+2	-1,551615E-1	4,968750E+2	-4,806450E-1	4,968750E+2	3,472107E-2	4,968750E+2	-5,779362E-1	4,968750E+2	-2,710627E-1
4,984375E+2	-8,477173E-1	4,984375E+2	-2,157757E-1	4,984375E+2	-8,891791E-1	4,984375E+2	-1,409490E-1	4,984375E+2	-4,872092E-1	4,984375E+2	4,412946E-2	4,984375E+2	-6,029454E-1	4,984375E+2	-2,573628E-1
5,000000E+2	-8,359621E-1	5,000000E+2	-2,407932E-1	5,000000E+2	-8,898417E-1	5,000000E+2	-1,333080E-1	5,000000E+2	-4,936246E-1	5,000000E+2	5,170566E-2	5,000000E+2	-6,239723E-1	5,000000E+2	-2,460302E-1
5,015625E+2	-8,439310E-1	5,015625E+2	-2,164452E-1	5,015625E+2	-8,824267E-1	5,015625E+2	-1,661665E-1	5,015625E+2	-4,899192E-1	5,015625E+2	3,675907E-2	5,015625E+2	-6,475383E-1	5,015625E+2	-2,294413E-1
5,031250E+2	-8,509559E-1	5,031250E+2	-2,003794E-1	5,031250E+2	-8,741425E-1	5,031250E+2	-1,984587E-1	5,031250E+2	-4,856903E-1	5,031250E+2	2,186940E-2	5,031250E+2	-6,674190E-1	5,031250E+2	-2,165988E-1
5,046875E+2	-8,456386E-1	5,046875E+2	-1,964467E-1	5,046875E+2	-8,671555E-1	5,046875E+2	-2,088654E-1	5,046875E+2	-4,847983E-1	5,046875E+2	1,283390E-2	5,046875E+2	-6,808281E-1	5,046875E+2	-2,086269E-1
5,062500E+2	-8,417360E-1	5,062500E+2	-1,965529E-1	5,062500E+2	-8,609203E-1	5,062500E+2	-2,214464E-1	5,062500E+2	-4,832140E-1	5,062500E+2	3,805995E-3	5,062500E+2	-6,923480E-1	5,062500E+2	-2,042629E-1
5,078125E+2	-8,389583E-1	5,078125E+2	-1,992873E-1	5,078125E+2	-8,639396E-1	5,078125E+2	-2,161559E-1	5,078125E+2	-4,816750E-1	5,078125E+2	1,560955E-3	5,078125E+2	-6,994471E-1	5,078125E+2	-2,039054E-1
5,093750E+2	-8,370442E-1	5,093750E+2	-2,050822E-1	5,093750E+2	-8,669478E-1	5,093750E+2	-2,157800E-1	5,093750E+2	-4,796174E-1	5,093750E+2	-1,004604E-3	5,093750E+2	-7,054521E-1	5,093750E+2	-2,066000E-1
5,109375E+2	-8,322177E-1	5,109375E+2	-2,292892E-1	5,109375E+2	-8,685738E-1	5,109375E+2	-2,150564E-1	5,109375E+2	-4,766937E-1	5,109375E+2	-3,151408E-3	5,109375E+2	-7,122555E-1	5,109375E+2	-2,071944E-1
5,125000E+2	-8,269014E-1	5,125000E+2	-2,539868E-1	5,125000E+2	-8,704911E-1	5,125000E+2	-2,191049E-1	5,125000E+2	-4,733747E-1	5,125000E+2	-5,604494E-3	5,125000E+2	-7,177023E-1	5,125000E+2	-2,112328E-1
5,140625E+2	-8,145479E-1	5,140625E+2	-2,974017E-1	5,140625E+2	-8,637854E-1	5,140625E+2	-2,239191E-1	5,140625E+2	-4,727680E-1	5,140625E+2	-1,231932E-2	5,140625E+2	-7,292216E-1	5,140625E+2	-2,044493E-1
5,156250E+2	-7,998440E-1	5,156250E+2	-3,377327E-1	5,156250E+2	-8,589904E-1	5,156250E+2	-2,328559E-1	5,156250E+2	-4,714204E-1	5,156250E+2	-1,929472E-2	5,156250E+2	-7,383388E-1	5,156250E+2	-2,022360E-1
5,171875E+2	-8,051299E-1	5,171875E+2	-3,078752E-1	5,171875E+2	-8,589014E-1	5,171875E+2	-2,291093E-1	5,171875E+2	-4,775317E-1	5,171875E+2	-2,854597E-2	5,171875E+2	-7,437641E-1	5,171875E+2	-1,882050E-1
5,187500E+2	-8,144129E-1	5,187500E+2	-2,929320E-1	5,187500E+2	-8,608815E-1	5,187500E+2	-2,336385E-1	5,187500E+2	-4,824048E-1	5,187500E+2	-3,802933E-2	5,187500E+2	-7,479919E-1	5,187500E+2	-1,797064E-1
5,203125E+2	-8,210922E-1	5,203125E+2	-2,425664E-1	5,203125E+2	-8,589317E-1	5,203125E+2	-2,073130E-1	5,203125E+2	-4,963810E-1	5,203125E+2	-5,219699E-2	5,203125E+2	-7,498690E-1	5,203125E+2	-1,692038E-1
5,218750E+2	-8,350390E-1	5,218750E+2	-2,131919E-1	5,218750E+2	-8,634576E-1	5,218750E+2	-1,970755E-1	5,218750E+2	-5,084872E-1	5,218750E+2	-6,622837E-2	5,218750E+2	-7,519246E-1	5,218750E+2	-1,636077E-1
5,234375E+2	-8,385341E-1	5,234375E+2	-1,905087E-1	5,234375E+2	-8,616521E-1	5,234375E+2	-1,506352E-1	5,234375E+2	-5,241663E-1	5,234375E+2	-8,078844E-2	5,234375E+2	-7,466425E-1	5,234375E+2	-1,691601E-1
5,250000E+2	-8,497327E-1	5,250000E+2	-1,803552E-1	5,250000E+2	-8,721769E-1	5,250000E+2	-1,294889E-1	5,250000E+2	-5,375501E-1	5,250000E+2	-9,525008E-2	5,250000E+2	-7,422702E-1	5,250000E+2	-1,772231E-1
5,265625E+2	-8,495254E-1	5,265625E+2	-1,817726E-1	5,265625E+2	-8,548971E-1	5,265625E+2	-1,449394E-1	5,265625E+2	-5,491290E-1	5,265625E+2	-1,049728E-1	5,265625E+2	-7,375230E-1	5,265625E+2	-1,829874E-1
5,281250E+2	-8,555722E-1	5,281250E+2	-1,893186E-1	5,281250E+2	-8,489048E-1	5,281250E+2	-1,616673E-1	5,281250E+2	-5,585545E-1	5,281250E+2	-1,153773E-1	5,281250E+2	-7,336074E-1	5,281250E+2	-1,915102E-1
5,296875E+2	-8,450314E-1	5,296875E+2	-2,138554E-1	5,296875E+2	-1,849444E-1	5,296875E+2	1,838698E-1	5,296875E+2	-5,643837E-1	5,296875E+2	-1,173676E-1	5,296875E+2	-7,303135E-1	5,296875E+2	-1,832341E-1
5,312500E+2	-8,404946E-1	5,312500E+2	-2,373563E-1	5,312500E+2	-5,246567E-1	5,312500E+2	9,266396E-1	5,312500E+2	-5,686347E-1	5,312500E+2	-1,210038E-1	5,312500E+2	-7,288833E-1	5,312500E+2	-1,801323E-1
5,328125E+2	-2,994569E-1	5,328125E+2	2,626406E-1	5,328125E+2	-5,472848E-1	5,328125E+2	9,119250E-1	5,328125E+2	-5,751227E-1	5,328125E+2	-1,192377E-1	5,328125E+2	-7,388097E-1	5,328125E+2	-1,451862E-1
5,343750E+2	-4,500095E-1	5,343750E+2	8,636072E-1	5,343750E+2	-5,683337E-1	5,343750E+2	8,940146E-1	5,343750E+2	-5,801654E-1	5,343750E+2	-1,196581E-1	5,343750E+2	-7,514989E-1	5,343750E+2	-1,225304E-1
5,359375E+2	-4,617448E-1	5,359375E+2	8,621081E-1	5,359375E+2	-5,903255E-1	5,359375E+2	8,796305E-1	5,359375E+2	-5,808206E-1	5,359375E+2	-1,203981E-1	5,359375E+2	-7,564484E-1	5,359375E+2	-1,193680E-1
5,375000E+2	-4,721303E-1	5,375000E+2	8,598821E-1	5,375000E+2	-6,108968E-1	5,375000E+2	8,621372E-1	5,375000E+2	-5,809050E-1	5,375000E+2	-1,232230E-1	5,375000E+2	-7,646585E-1	5,375000E+2	-1,216282E-1
5,390625E+2	-4,669315E-1	5,390625E+2	8,623825E-1	5,390625E+2	-6,344998E-1	5,390625E+2	8,465509E-1	5,390625E+2	-5,717153E-1	5,390625E+2	-1,296214E-1	5,390625E+2	-7,547844E-1	5,390625E+2	-1,499013E-1
5,406250E+2	-4,585509E-1	5,406250E+2	8,657971E-1	5,406250E+2	-6,568452E-1	5,406250E+2	8,272946E-1	5,406250E+2	-5,629875E-1	5,406250E+2	-1,370505E-1	5,406250E+2	-7,459840E-1	5,406250E+2	-1,768167E-1
5,421875E+2	-5,236999E-1	5,421875E+2	1,024014E+0	5,421875E+2	-7,266755E-1	5,421875E+2	1,065833E+0	5,421875E+2	-5,490285E-1	5,421875E+2	-1,457540E-1	5,421875E+2	-7,243380E-1	5,421875E+2	-2,104187E-1
5,437500E+2	-8,915180E-1	5,437500E+2	3,662603E-1	5,437500E+2	-9,261424E-1	5,437500E+2	-3,447901E-1	5,437500E+2	-5,359363E-1	5,437500E+2	-1,549253E-1	5,437500E+2	-7,040192E-1	5,437500E+2	-2,396507E-1
5,453125E+2	-8,818341E-1	5,453125E+2	3,739589E-1	5,453125E+2	-9,120126E-1	5,453125E+2	-3,512354E-1	5,453125E+2	-5,212039E-1	5,453125E+2	-1,630365E-1	5,453125E+2	-6,285022E-1	5,453125E+2	1,438442E-1
5,468750E+2	-8,714270E-1	5,468750E+2	3,825552E-1	5,468750E+2	-8,976584E-1	5,468750E+2	-3,572132E-1	5,468750E+2	-5,074780E-1	5,468750E+2	-1,715894E-1	5,468750E+2	-7,187500E-1	5,468750E+2	3,574045E-1
5,484375E+2	-8,731375E-1	5,484375E+2	3,974585E-1	5,484375E+2	-8,825359E-1	5,484375E+2	-3,631564E-1	5,484375E+2	-5,060123E-1	5,484375E+2	-1,771503E-1	5,484375E+2	-4,876291E-1	5,484375E+2	5,125327E-1
5,500000E+2	-8,746218E-1	5,500000E+2	4,138047E-1	5,500000E+2	-8,672524E-1	5,500000E+2	-3,685885E-1	5,500000E+2	-5,041826E-1	5,500000E+2	-1,846319E-1	5,500000E+2	-2,905671E-1	5,500000E+2	8,056109E-1
5,515625E+2	-8,793178E-1	5,515625E+2	4,147600E-1	5,515625E+2	-8,899952E-1	5,515625E+2	2,613133E-1	5,515625E+2	-5,353630E-1	5,515625E+2	-1,789548E-1	5,515625E+2	-2,700937E-1	5,515625E+2	9,690613E-1
5,531250E+2	-8,842508E-1	5,531250E+2	4,163109E-1	5,531250E+2	-4,873126E-1	5,531250E+2	7,969853E-1	5,531250E+2	-5,615833E-1	5,531250E+2	-1,782405E-1	5,531250E+2	-1,065100E+0	5,531250E+2	1,233551E+0
5,546875E+2	-6,527723E-1	5,546875E+2	6,062949E-1	5,546875E+2	-5,057189E-1	5,546875E+2	7,857932E-1	5,546875E+2	-6,409723E-1	5,546875E+2	-1,205596E-1	5,546875E+2	-1,051855E+0	5,546875E+2	1,182105E+0
5,562500E+2	-3,994700E-1	5,562500E+2	7,434031E-1	5,562500E+2	-5,240258E-1	5,562500E+2	7,740792E-1	5,562500E+2	-6,987924E-1	5,562500E+2	-7,977933E-2	5,562500E+2	-1,033393E+0	5,562500E+2	1,138661E+0
5,578125E+2	-5,181979E-1	5,578125E+2	6,925947E-1	5,578125E+2	-5,482938E-1	5,578125E+2	7,566449E-1	5,578125E+2	-7,142482E-1	5,578125E+2	-3,652719E-2	5,578125E+2	-1,012125E+0	5,578125E+2	1,076287E+0
5,593750E+2	-8,393591E-1	5,593750E+2	6,234920E-1	5,593750E+2	-5,724707E-1	5,593750E+2	7,377442E-1	5,593750E+2	-7,328647E-1	5,593750E+2	-7,078131E-3	5,593750E+2	-9,858815E-1	5,593750E+2	1,024428E+0
5,609375E+2	-7,358556E-1	5,609375E+2	6,949410E-1	5,609375E+2	-5,974250E-1	5,609375E+2	7,197617E-1	5,609375E+2	-7,272223E-1	5,609375E+2	-1,236321E-2	5,609375E+2	-9,733692E-1	5,609375E+2	9,673542E-1
5,625000E+2	-6,358334E-1	5,625000E+2	7,536071E-1	5,625000E+2	-6,222959E-1	5,625000E+2	7,003373E-1	5,625000E+2	-7,261068E-1	5,625000E+2	-1,802866E-2	5,625000E+2	-9,554255E-1	5,625000E+2	9,178691E-1
5,640625E+2	-5,413570E-1	5,640625E+2	7,031093E-1	5,640625E+2	-8,377266E-1	5,640625E+2	5,289206E-1	5,640625E+2	-3,919365E-1	5,640625E+2	4,369348E-1	5,640625E+2	-9,557122E-1	5,640625E+2	8,630923E-1
5,656250E+2	-4,511825E-1	5,656250E+2	6,929769E-1	5,656250E+2	-1,155652E+0	5,656250E+2	8,500083E-2	5,656250E+2	-3,370430E-1	5,656250E+2	7,419457E-1	5,656250E+2	-9,487408E-1	5,656250E+2	8,126457E-1
5,671875E+2	-4,396133E-1	5,671875E+2	7,194430E-1	5,671875E+2	-1,139501E+0	5,671875E+2	1,872808E-2	5,671875E+2	-3,422285E-1	5,671875E+2	7,554478E-1	5,671875E+2	-9,630022E-1	5,671875E+2	7,555698E-1
5,687500E+2	-4,270152E-1	5,687500E+2	7,456845E-1	5,687500E+2	-1,116444E+0	5,687500E+2	-4,564050E-2	5,687500E+2	-3,492867E-1	5,687500E+2	7,699164E-1	5,687500E+2	-9,682113E-1	5,687500E+2	6,985608E-1
5,703125E+2	-4,010412E-1	5,703125E+2	7,748499E-1	5,703125E+2	-1,086333E+0	5,703125E+2	-9,925139E-2	5,703125E+2	-3,969238E-1	5,703125E+2	9,044961E-1	5,703125E+2	-9,960247E-1	5,703125E+2	6,410587E-1
5,718750E+2	-3,738378E-1	5,718750E+2	8,005832E-1	5,718750E+2	-1,051837E+0	5,718750E+2	-1,489336E-1	5,718750E+2	-8,234721E-1	5,718750E+2	9,555423E-1	5,718750E+2	-1,016133E+0	5,718750E+2	5,789152E-1
5,734375E+2	-3,903326E-1	5,734375E+2	8,158396E-1	5,734375E+2	-1,039391E+0	5,734375E+2	-2,802886E-1	5,734375E+2	-8,691946E-1	5,734375E+2	9,230736E-1	5,734375E+2	-1,040583E+0	5,734375E+2	5,197628E-1
5,750000E+2	-4,046125E-1	5,750000E+2	8,334017E-1	5,750000E+2	-1,009556E+0	5,750000E+2	-4,169189E-1	5,750000E+2	-9,089511E-1	5,750000E+2	8,843867E-1	5,750000E+2	-1,057961E+0	5,750000E+2	4,563673E-1
5,765625E+2	-4,552777E-1	5,765625E+2	8,192621E-1	5,765625E+2	-9,653633E-1	5,765625E+2	-4,779986E-1	5,765625E+2	-9,550596E-1	5,765625E+2	8,334070E-1	5,765625E+2	-1,075371E+0	5,765625E+2	3,961987E-1
5,781250E+2	-5,080495E-1	5,781250E+2	8,010694E-1	5,781250E+2	-9,157124E-1	5,781250E+2	-5,347534E-1	5,781250E+2	-9,914813E-1	5,781250E+2	7,750567E-1	5,781250E+2	-1,086371E+0	5,781250E+2	3,330413E-1
5,796875E+2	-5,663184E-1	5,796875E+2	7,792974E-1	5,796875E+2	-9,938123E-1	5,796875E+2	2,321777E-1	5,796875E+2	-1,029042E+0	5,796875E+2	7,213787E-1	5,796875E+2	-1,094848E+0	5,796875E+2	2,783258E-1
5,812500E+2	-6,267264E-1	5,812500E+2	7,517470E-1	5,812500E+2	-4,955215E-1	5,812500E+2	8,211232E-1	5,812500E+2	-1,057679E+0	5,812500E+2	6,619494E-1	5,812500E+2	-1,098223E+0	5,812500E+2	2,222973E-1
5,828125E+2	-6,842425E-1	5,828125E+2	7,166485E-1	5,828125E+2	-5,049043E-1	5,828125E+2	8,058392E-1	5,828125E+2	-1,078658E+0	5,828125E+2	5,970293E-1	5,828125E+2	-1,095638E+0	5,828125E+2	1,752694E-1
5,843750E+2	-7,418826E-1	5,843750E+2	6,747587E-1	5,843750E+2	-5,137929E-1	5,843750E+2	7,904047E-1	5,843750E+2	-1,088806E+0	5,843750E+2	5,303972E-1	5,843750E+2	-1,089213E+0	5,843750E+2	1,287183E-1
5,859375E+2	-7,907610E-1	5,859375E+2	6,276270E-1	5,859375E+2	-4,973640E-1	5,859375E+2	7,941927E-1	5,859375E+2	-1,097897E+0	5,859375E+2	4,738488E-1	5,859375E+2	-8,069859E-1	5,859375E+2	5,980833E-1
5,875000E+2	-8,370994E-1	5,875000E+2	5,743383E-1	5,875000E+2	-4,810922E-1	5,875000E+2	7,978976E-1	5,875000E+2	-1,099245E+0	5,875000E+2	4,175651E-1	5,875000E+2	-3,902707E-1	5,875000E+2	8,493056E-1
5,890625E+2	-8,783067E-1	5,890625E+2	5,241696E-1	5,890625E+2	-4,477862E-1	5,890625E+2	8,107027E-1	5,890625E+2	-1,097693E+0	5,890625E+2	3,684232E-1	5,890625E+2	-3,655797E-1	5,890625E+2	8,585914E-1
5,906250E+2	-9,164667E-1	5,906250E+2	4,691520E-1	5,906250E+2	-4,146700E-1	5,906250E+2	8,226726E-1	5,906250E+2	-1,090650E+0	5,906250E+2	3,210066E-1	5,906250E+2	-3,408348E-1	5,906250E+2	8,675978E-1
5,921875E+2	-9,426233E-1	5,921875E+2	4,170334E-1	5,921875E+2	-3,851472E-1	5,921875E+2	8,360256E-1	5,921875E+2	-1,084872E+0	5,921875E+2	2,906940E-1	5,921875E+2	-3,151534E-1	5,921875E+2	8,718041E-1
5,937500E+2	-9,649322E-1	5,937500E+2	3,623959E-1	5,937500E+2	-3,559085E-1	5,937500E+2	8,486054E-1	5,937500E+2	-1,076727E+0	5,937500E+2	2,621046E-1	5,937500E+2	-2,898126E-1	5,937500E+2	8,757731E-1
5,953125E+2	-9,821179E-1	5,953125E+2	3,166026E-1	5,953125E+2	-3,367306E-1	5,953125E+2	8,575526E-1	5,953125E+2	-7,058998E-1	5,953125E+2	6,880941E-1	5,953125E+2	-2,801204E-1	5,953125E+2	8,813300E-1
5,968750E+2	-9,962716E-1	5,968750E+2	2,696781E-1	5,968750E+2	-3,180381E-1	5,968750E+2	8,661556E-1	5,968750E+2	-2,902604E-1	5,968750E+2	8,698578E-1	5,968750E+2	-2,706836E-1	5,968750E+2	8,869507E-1
5,984375E+2	-1,002321E+0	5,984375E+2	2,293015E-1	5,984375E+2	-3,090388E-1	5,984375E+2	8,703467E-1	5,984375E+2	-2,750149E-1	5,984375E+2	8,753479E-1	5,984375E+2	-2,700285E-1	5,984375E+2	8,885169E-1
6,000000E+2	-1,005956E+0	6,000000E+2	1,891621E-1	6,000000E+2	-3,005704E-1	6,000000E+2	8,744331E-1	6,000000E+2	-2,600592E-1	6,000000E+2	8,810415E-1	6,000000E+2	-2,696517E-1	6,000000E+2	8,901542E-1
6,015625E+2	-1,004173E+0	6,015625E+2	1,548750E-1	6,015625E+2	-3,049064E-1	6,015625E+2	8,767125E-1	6,015625E+2	-2,588501E-1	6,015625E+2	8,832989E-1	6,015625E+2	-2,770080E-1	6,015625E+2	8,891890E-1
6,031250E+2	-1,000727E+0	6,031250E+2	1,215535E-1	6,031250E+2	-3,096335E-1	6,031250E+2	8,788880E-1	6,031250E+2	-2,579201E-1	6,031250E+2	8,857592E-1	6,031250E+2	-2,845818E-1	6,031250E+2	8,881684E-1
6,046875E+2	-9,993121E-1	6,046875E+2	9,713927E-2	6,046875E+2	-3,207557E-1	6,046875E+2	8,757959E-1	6,046875E+2	-2,643272E-1	6,046875E+2	8,846170E-1	6,046875E+2	-2,981080E-1	6,046875E+2	8,851635E-1
6,062500E+2	-9,970240E-1	6,062500E+2	7,347615E-2	6,062500E+2	-3,320797E-1	6,062500E+2	8,724864E-1	6,062500E+2	-2,709550E-1	6,062500E+2	8,835125E-1	6,062500E+2	-3,117630E-1	6,062500E+2	8,819209E-1
6,078125E+2	-9,911332E-1	6,078125E+2	5,644214E-2	6,078125E+2	-3,564672E-1	6,078125E+2	8,641955E-1	6,078125E+2	-2,837787E-1	6,078125E+2	8,804711E-1	6,078125E+2	-3,295089E-1	6,078125E+2	8,770792E-1
6,093750E+2	-9,849544E-1	6,093750E+2	4,026216E-2	6,093750E+2	-3,808198E-1	6,093750E+2	8,550473E-1	6,093750E+2	-2,967535E-1	6,093750E+2	8,772383E-1	6,093750E+2	-3,472878E-1	6,093750E+2	8,718330E-1
6,109375E+2	-7,400769E-1	6,109375E+2	6,177304E-1	6,109375E+2	-4,474195E-1	6,109375E+2	8,277474E-1	6,109375E+2	-3,144463E-1	6,109375E+2	8,738274E-1	6,109375E+2	-3,677243E-1	6,109375E+2	8,643075E-1
6,125000E+2	-2,222668E-1	6,125000E+2	9,192247E-1	6,125000E+2	-5,140631E-1	6,125000E+2	7,951474E-1	6,125000E+2	-3,322896E-1	6,125000E+2	8,699939E-1	6,125000E+2	-3,880346E-1	6,125000E+2	8,562541E-1
6,140625E+2	-2,612975E-1	6,140625E+2	9,081115E-1	6,140625E+2	-6,823856E-1	6,140625E+2	6,655687E-1	6,140625E+2	-3,513080E-1	6,140625E+2	8,634355E-1	6,140625E+2	-4,097642E-1	6,140625E+2	8,478303E-1
6,156250E+2	-2,995985E-1	6,156250E+2	8,952871E-1	6,156250E+2	-8,237623E-1	6,156250E+2	4,870255E-1	6,156250E+2	-3,703156E-1	6,156250E+2	8,563915E-1	6,156250E+2	-4,313234E-1	6,156250E+2	8,388117E-1
6,171875E+2	-3,365147E-1	6,171875E+2	8,817014E-1	6,171875E+2	-8,294014E-1	6,171875E+2	4,789864E-1	6,171875E+2	-3,905703E-1	6,171875E+2	8,498357E-1	6,171875E+2	-4,520293E-1	6,171875E+2	8,283544E-1
6,187500E+2	-3,725498E-1	6,187500E+2	8,666283E-1	6,187500E+2	-8,348582E-1	6,187500E+2	4,710121E-1	6,187500E+2	-4,108397E-1	6,187500E+2	8,427224E-1	6,187500E+2	-4,724773E-1	6,187500E+2	8,173712E-1
6,203125E+2	-4,065660E-1	6,203125E+2	8,516286E-1	6,203125E+2	-8,381347E-1	6,203125E+2	4,644059E-1	6,203125E+2	-4,309269E-1	6,203125E+2	8,332570E-1	6,203125E+2	-6,461891E-1	6,203125E+2	7,029030E-1
6,218750E+2	-4,396760E-1	6,218750E+2	8,353955E-1	6,218750E+2	-8,413738E-1	6,218750E+2	4,577841E-1	6,218750E+2	-4,508751E-1	6,218750E+2	8,232500E-1	6,218750E+2	-8,080106E-1	6,218750E+2	4,966771E-1
6,234375E+2	-4,694959E-1	6,234375E+2	8,184876E-1	6,234375E+2	-8,435145E-1	6,234375E+2	4,524358E-1	6,234375E+2	-4,704891E-1	6,234375E+2	8,133664E-1	6,234375E+2	-8,121106E-1	6,234375E+2	4,875498E-1
6,250000E+2	-4,983835E-1	6,250000E+2	8,006883E-1	6,250000E+2	-8,457138E-1	6,250000E+2	4,469962E-1	6,250000E+2	-4,899772E-1	6,250000E+2	8,029494E-1	6,250000E+2	-8,161257E-1	6,250000E+2	4,784798E-1
6,265625E+2	-5,243552E-1	6,265625E+2	7,831829E-1	6,265625E+2	-8,470562E-1	6,265625E+2	4,416068E-1	6,265625E+2	-6,714110E-1	6,265625E+2	6,824020E-1	6,265625E+2	-8,209375E-1	6,265625E+2	4,713469E-1
6,281250E+2	-5,494903E-1	6,281250E+2	7,650255E-1	6,281250E+2	-8,484915E-1	6,281250E+2	4,360967E-1	6,281250E+2	-8,273521E-1	6,281250E+2	4,227962E-1	6,281250E+2	-8,256924E-1	6,281250E+2	4,641452E-1
6,296875E+2	-5,720129E-1	6,296875E+2	7,496685E-1	6,296875E+2	-8,513445E-1	6,296875E+2	4,321155E-1	6,296875E+2	-8,310778E-1	6,296875E+2	4,184334E-1	6,296875E+2	-8,294812E-1	6,296875E+2	4,572729E-1
6,312500E+2	-5,939757E-1	6,312500E+2	7,337261E-1	6,312500E+2	-8,542640E-1	6,312500E+2	4,279099E-1	6,312500E+2	-8,348468E-1	6,312500E+2	4,139150E-1	6,312500E+2	-8,332589E-1	6,312500E+2	4,503120E-1
6,328125E+2	-7,499629E-1	6,328125E+2	5,869491E-1	6,328125E+2	-8,560587E-1	6,328125E+2	4,238936E-1	6,328125E+2	-8,372435E-1	6,328125E+2	4,092964E-1	6,328125E+2	-8,358151E-1	6,328125E+2	4,437429E-1
6,343750E+2	-8,626993E-1	6,343750E+2	4,045811E-1	6,343750E+2	-8,579489E-1	6,343750E+2	4,196547E-1	6,343750E+2	-8,397282E-1	6,343750E+2	4,045403E-1	6,343750E+2	-8,384003E-1	6,343750E+2	4,370847E-1
6,359375E+2	-8,642534E-1	6,359375E+2	3,983760E-1	6,359375E+2	-8,589830E-1	6,359375E+2	4,153340E-1	6,359375E+2	-8,419775E-1	6,359375E+2	3,996500E-1	6,359375E+2	-8,406532E-1	6,359375E+2	4,311768E-1
6,375000E+2	-8,658859E-1	6,375000E+2	3,919451E-1	6,375000E+2	-8,601397E-1	6,375000E+2	4,107988E-1	6,375000E+2	-8,442938E-1	6,375000E+2	3,946115E-1	6,375000E+2	-8,429697E-1	6,375000E+2	4,251626E-1
6,390625E+2	-8,675896E-1	6,390625E+2	3,859391E-1	6,390625E+2	-8,626793E-1	6,390625E+2	4,082444E-1	6,390625E+2	-8,469897E-1	6,390625E+2	3,901000E-1	6,390625E+2	-8,449161E-1	6,390625E+2	4,197865E-1
6,406250E+2	-8,693626E-1	6,406250E+2	3,797139E-1	6,406250E+2	-8,652939E-1	6,406250E+2	4,053708E-1	6,406250E+2	-8,497389E-1	6,406250E+2	3,854119E-1	6,406250E+2	-8,469226E-1	6,406250E+2	4,142587E-1
6,421875E+2	-8,703876E-1	6,421875E+2	3,727073E-1	6,421875E+2	-8,653698E-1	6,421875E+2	4,007406E-1	6,421875E+2	-8,520953E-1	6,421875E+2	3,803581E-1	6,421875E+2	-8,490290E-1	6,421875E+2	4,097741E-1
6,437500E+2	-8,714869E-1	6,437500E+2	3,655378E-1	6,437500E+2	-8,656049E-1	6,437500E+2	3,958940E-1	6,437500E+2	-8,545118E-1	6,437500E+2	3,751480E-1	6,437500E+2	-8,512105E-1	6,437500E+2	4,050959E-1
6,453125E+2	-8,730323E-1	6,453125E+2	3,590041E-1	6,453125E+2	-8,670614E-1	6,453125E+2	3,927860E-1	6,453125E+2	-8,566563E-1	6,453125E+2	3,695835E-1	6,453125E+2	-8,527535E-1	6,453125E+2	4,006570E-1
6,468750E+2	-8,746301E-1	6,468750E+2	3,522780E-1	6,468750E+2	-8,686465E-1	6,468750E+2	3,893802E-1	6,468750E+2	-8,588645E-1	6,468750E+2	3,638847E-1	6,468750E+2	-8,544042E-1	6,468750E+2	3,960246E-1
6,484375E+2	-8,762790E-1	6,484375E+2	3,457395E-1	6,484375E+2	-8,736183E-1	6,484375E+2	3,895737E-1	6,484375E+2	-8,612893E-1	6,484375E+2	3,583747E-1	6,484375E+2	-8,591653E-1	6,484375E+2	3,952336E-1
6,500000E+2	-8,779587E-1	6,500000E+2	3,389869E-1	6,500000E+2	-8,786084E-1	6,500000E+2	3,892894E-1	6,500000E+2	-8,637405E-1	6,500000E+2	3,526875E-1	6,500000E+2	-8,639463E-1	6,500000E+2	3,940461E-1
6,515625E+2	-8,826918E-1	6,515625E+2	3,349682E-1	6,515625E+2	-8,787743E-1	6,515625E+2	3,854098E-1	6,515625E+2	-8,684851E-1	6,515625E+2	3,485226E-1	6,515625E+2	-8,650271E-1	6,515625E+2	3,901447E-1
6,531250E+2	-8,873636E-1	6,531250E+2	3,305852E-1	6,531250E+2	-8,791098E-1	6,531250E+2	3,812354E-1	6,531250E+2	-8,732065E-1	6,531250E+2	3,441057E-1	6,531250E+2	-8,662440E-1	6,531250E+2	3,859839E-1
6,546875E+2	-8,872458E-1	6,546875E+2	3,207282E-1	6,546875E+2	-8,793032E-1	6,546875E+2	3,778295E-1	6,546875E+2	-8,749806E-1	6,546875E+2	3,374854E-1	6,546875E+2	-8,673967E-1	6,546875E+2	3,826903E-1
6,562500E+2	-8,872601E-1	6,562500E+2	3,110138E-1	6,562500E+2	-8,796791E-1	6,562500E+2	3,740958E-1	6,562500E+2	-8,768138E-1	6,562500E+2	3,307425E-1	6,562500E+2	-8,687039E-1	6,562500E+2	3,790917E-1
6,578125E+2	-8,881415E-1	6,578125E+2	3,032141E-1	6,578125E+2	-8,803359E-1	6,578125E+2	3,717736E-1	6,578125E+2	-8,788395E-1	6,578125E+2	3,246739E-1	6,578125E+2	-8,694888E-1	6,578125E+2	3,763647E-1
6,593750E+2	-8,890688E-1	6,593750E+2	2,952863E-1	6,593750E+2	-8,811713E-1	6,593750E+2	3,690723E-1	6,593750E+2	-8,808975E-1	6,593750E+2	3,184140E-1	6,593750E+2	-8,704633E-1	6,593750E+2	3,733036E-1
6,609375E+2	-8,899529E-1	6,609375E+2	2,878537E-1	6,609375E+2	-8,804029E-1	6,609375E+2	3,664989E-1	6,609375E+2	-8,816467E-1	6,609375E+2	3,121221E-1	6,609375E+2	-8,697598E-1	6,609375E+2	3,706788E-1
6,625000E+2	-8,908979E-1	6,625000E+2	2,802447E-1	6,625000E+2	-8,799774E-1	6,625000E+2	3,636431E-1	6,625000E+2	-8,825173E-1	6,625000E+2	3,056700E-1	6,625000E+2	-8,693196E-1	6,625000E+2	3,676746E-1
6,640625E+2	-8,923402E-1	6,640625E+2	2,736500E-1	6,640625E+2	-8,798621E-1	6,640625E+2	3,628693E-1	6,640625E+2	-8,837452E-1	6,640625E+2	3,004679E-1	6,640625E+2	-8,701629E-1	6,640625E+2	3,669925E-1
6,656250E+2	-8,938258E-1	6,656250E+2	2,667766E-1	6,656250E+2	-8,800025E-1	6,656250E+2	3,615994E-1	6,656250E+2	-8,851033E-1	6,656250E+2	2,950140E-1	6,656250E+2	-8,713143E-1	6,656250E+2	3,658885E-1
6,671875E+2	-8,942179E-1	6,671875E+2	2,606632E-1	6,671875E+2	-8,785860E-1	6,671875E+2	3,617360E-1	6,671875E+2	-8,856190E-1	6,671875E+2	2,907760E-1	6,671875E+2	-8,706150E-1	6,671875E+2	3,663145E-1
6,687500E+2	-8,947589E-1	6,687500E+2	2,542478E-1	6,687500E+2	-8,775274E-1	6,687500E+2	3,613149E-1	6,687500E+2	-8,864193E-1	6,687500E+2	2,862883E-1	6,687500E+2	-8,702604E-1	6,687500E+2	3,661416E-1
6,703125E+2	-8,958233E-1	6,703125E+2	2,497472E-1	6,703125E+2	-8,779120E-1	6,703125E+2	3,641387E-1	6,703125E+2	-8,871544E-1	6,703125E+2	2,842182E-1	6,703125E+2	-8,692816E-1	6,703125E+2	3,686492E-1
6,718750E+2	-8,970149E-1	6,718750E+2	2,447525E-1	6,718750E+2	-8,785613E-1	6,718750E+2	3,662039E-1	6,718750E+2	-8,880874E-1	6,718750E+2	2,816042E-1	6,718750E+2	-8,686753E-1	6,718750E+2	3,703778E-1
6,734375E+2	-7,942062E-1	6,734375E+2	4,877865E-1	6,734375E+2	-8,758287E-1	6,734375E+2	3,702760E-1	6,734375E+2	-8,872092E-1	6,734375E+2	2,818107E-1	6,734375E+2	-8,669848E-1	6,734375E+2	3,754104E-1
6,750000E+2	-6,464345E-1	6,750000E+2	6,802403E-1	6,750000E+2	-8,735786E-1	6,750000E+2	3,734763E-1	6,750000E+2	-8,866758E-1	6,750000E+2	2,813001E-1	6,750000E+2	-8,657655E-1	6,750000E+2	3,794830E-1
6,765625E+2	-6,527088E-1	6,765625E+2	6,724869E-1	6,765625E+2	-8,706761E-1	6,765625E+2	3,805006E-1	6,765625E+2	-8,862706E-1	6,765625E+2	2,846810E-1	6,765625E+2	-8,629145E-1	6,765625E+2	3,876959E-1
6,781250E+2	-6,592126E-1	6,781250E+2	6,645546E-1	6,781250E+2	-8,683099E-1	6,781250E+2	3,864260E-1	6,781250E+2	-8,862192E-1	6,781250E+2	2,870665E-1	6,781250E+2	-8,606216E-1	6,781250E+2	3,946659E-1
6,796875E+2	-6,645445E-1	6,796875E+2	6,587032E-1	6,796875E+2	-8,642837E-1	6,796875E+2	3,965092E-1	6,796875E+2	-7,590713E-1	6,796875E+2	5,461294E-1	6,796875E+2	-8,428381E-1	6,796875E+2	4,127746E-1
6,812500E+2	-6,701520E-1	6,812500E+2	6,525229E-1	6,812500E+2	-8,608476E-1	6,812500E+2	4,051795E-1	6,812500E+2	-5,871264E-1	6,812500E+2	7,380454E-1	6,812500E+2	-8,216311E-1	6,812500E+2	4,392188E-1
6,828125E+2	-6,744567E-1	6,828125E+2	6,461162E-1	6,828125E+2	-8,549459E-1	6,828125E+2	4,182729E-1	6,828125E+2	-5,950007E-1	6,828125E+2	7,301570E-1	6,828125E+2	-6,458489E-1	6,828125E+2	6,701354E-1
6,843750E+2	-6,790245E-1	6,843750E+2	6,395444E-1	6,843750E+2	-8,498099E-1	6,843750E+2	4,296348E-1	6,843750E+2	-6,030510E-1	6,843750E+2	7,221264E-1	6,843750E+2	-4,619381E-1	6,843750E+2	8,163768E-1
6,859375E+2	-6,825546E-1	6,859375E+2	6,348367E-1	6,859375E+2	-7,047762E-1	6,859375E+2	6,439265E-1	6,859375E+2	-6,092721E-1	6,859375E+2	7,169640E-1	6,859375E+2	-4,725309E-1	6,859375E+2	8,101137E-1
6,875000E+2	-6,863829E-1	6,875000E+2	6,299592E-1	6,875000E+2	-5,614716E-1	6,875000E+2	7,871387E-1	6,875000E+2	-6,157678E-1	6,875000E+2	7,115228E-1	6,875000E+2	-4,833001E-1	6,875000E+2	8,035912E-1
6,890625E+2	-6,888701E-1	6,890625E+2	6,249994E-1	6,890625E+2	-5,846855E-1	6,890625E+2	7,707161E-1	6,890625E+2	-6,212426E-1	6,890625E+2	7,049045E-1	6,890625E+2	-4,926708E-1	6,890625E+2	7,967016E-1
6,906250E+2	-6,916612E-1	6,906250E+2	6,198679E-1	6,906250E+2	-6,070679E-1	6,906250E+2	7,539055E-1	6,906250E+2	-6,268916E-1	6,906250E+2	6,982206E-1	6,906250E+2	-5,021366E-1	6,906250E+2	7,897394E-1
6,921875E+2	-6,934674E-1	6,921875E+2	6,172484E-1	6,921875E+2	-5,581264E-1	6,921875E+2	7,682643E-1	6,921875E+2	-6,311006E-1	6,921875E+2	6,930510E-1	6,921875E+2	-5,101782E-1	6,921875E+2	7,834399E-1
6,937500E+2	-6,956410E-1	6,937500E+2	6,144182E-1	6,937500E+2	-5,094645E-1	6,937500E+2	7,862707E-1	6,937500E+2	-6,355019E-1	6,937500E+2	6,877380E-1	6,937500E+2	-5,183290E-1	6,937500E+2	7,769780E-1
6,953125E+2	-6,959360E-1	6,953125E+2	6,118068E-1	6,953125E+2	-5,206864E-1	6,953125E+2	7,784247E-1	6,953125E+2	-6,384993E-1	6,953125E+2	6,847773E-1	6,953125E+2	-5,248121E-1	6,953125E+2	7,724229E-1
6,968750E+2	-6,966675E-1	6,968750E+2	6,089709E-1	6,968750E+2	-5,318548E-1	6,968750E+2	7,704017E-1	6,968750E+2	-6,417006E-1	6,968750E+2	6,816478E-1	6,968750E+2	-5,314129E-1	6,968750E+2	7,677517E-1
6,984375E+2	-6,959839E-1	6,984375E+2	6,089750E-1	6,984375E+2	-5,422217E-1	6,984375E+2	7,632042E-1	6,984375E+2	-6,434227E-1	6,984375E+2	6,783318E-1	6,984375E+2	-5,365105E-1	6,984375E+2	7,634828E-1
7,000000E+2	-6,958274E-1	7,000000E+2	6,086180E-1	7,000000E+2	-5,524780E-1	7,000000E+2	7,559002E-1	7,000000E+2	-6,453463E-1	7,000000E+2	6,749514E-1	7,000000E+2	-5,417145E-1	7,000000E+2	7,591924E-1
7,015625E+2	-6,933508E-1	7,015625E+2	6,100916E-1	7,015625E+2	-5,622206E-1	7,015625E+2	7,484268E-1	7,015625E+2	-6,456380E-1	7,015625E+2	6,735096E-1	7,015625E+2	-5,452507E-1	7,015625E+2	7,545944E-1
7,031250E+2	-6,915403E-1	7,031250E+2	6,111028E-1	7,031250E+2	-5,718013E-1	7,031250E+2	7,408603E-1	7,031250E+2	-6,461889E-1	7,031250E+2	6,719849E-1	7,031250E+2	-5,489171E-1	7,031250E+2	7,499872E-1
7,046875E+2	-6,869548E-1	7,046875E+2	6,148158E-1	7,046875E+2	-5,804434E-1	7,046875E+2	7,340051E-1	7,046875E+2	-6,448675E-1	7,046875E+2	6,715051E-1	7,046875E+2	-5,504122E-1	7,046875E+2	7,468594E-1
7,062500E+2	-6,832722E-1	7,062500E+2	6,180103E-1	7,062500E+2	-5,889219E-1	7,062500E+2	7,271339E-1	7,062500E+2	-6,438712E-1	7,062500E+2	6,708062E-1	7,062500E+2	-5,521341E-1	7,062500E+2	7,437213E-1
7,078125E+2	-6,759423E-1	7,078125E+2	6,229551E-1	7,078125E+2	-5,965797E-1	7,078125E+2	7,208986E-1	7,078125E+2	-6,402393E-1	7,078125E+2	6,718601E-1	7,078125E+2	-5,513335E-1	7,078125E+2	7,424394E-1
7,093750E+2	-6,696985E-1	7,093750E+2	6,270602E-1	7,093750E+2	-6,040893E-1	7,093750E+2	7,145976E-1	7,093750E+2	-6,371031E-1	7,093750E+2	6,727250E-1	7,093750E+2	-5,509050E-1	7,093750E+2	7,411160E-1
7,109375E+2	-6,599489E-1	7,109375E+2	6,356906E-1	7,109375E+2	-6,099950E-1	7,109375E+2	7,082735E-1	7,109375E+2	-6,312178E-1	7,109375E+2	6,762148E-1	7,109375E+2	-5,477508E-1	7,109375E+2	7,427832E-1
7,125000E+2	-6,516159E-1	7,125000E+2	6,432833E-1	7,125000E+2	-6,158222E-1	7,125000E+2	7,019294E-1	7,125000E+2	-6,259876E-1	7,125000E+2	6,792633E-1	7,125000E+2	-5,451461E-1	7,125000E+2	7,442314E-1
7,140625E+2	-6,158826E-1	7,140625E+2	6,892497E-1	7,140625E+2	-5,654808E-1	7,140625E+2	7,404697E-1	7,140625E+2	-6,171532E-1	7,140625E+2	6,852542E-1	7,140625E+2	-4,918199E-1	7,140625E+2	7,855375E-1
7,156250E+2	-5,912584E-1	7,156250E+2	7,225090E-1	7,156250E+2	-5,324651E-1	7,156250E+2	7,677113E-1	7,156250E+2	-6,092672E-1	7,156250E+2	6,906469E-1	7,156250E+2	-4,507016E-1	7,156250E+2	8,148471E-1
7,171875E+2	-5,858978E-1	7,171875E+2	7,217154E-1	7,171875E+2	-5,412723E-1	7,171875E+2	7,606742E-1	7,171875E+2	-5,557894E-1	7,171875E+2	7,367832E-1	7,171875E+2	-4,544234E-1	7,171875E+2	8,104137E-1
7,187500E+2	-5,807046E-1	7,187500E+2	7,214427E-1	7,187500E+2	-5,500068E-1	7,187500E+2	7,535699E-1	7,187500E+2	-5,161758E-1	7,187500E+2	7,690783E-1	7,187500E+2	-4,579547E-1	7,187500E+2	8,061915E-1
7,203125E+2	-5,696143E-1	7,203125E+2	7,227266E-1	7,203125E+2	-5,566700E-1	7,203125E+2	7,483563E-1	7,203125E+2	-5,131249E-1	7,203125E+2	7,684351E-1	7,203125E+2	-4,587160E-1	7,203125E+2	8,057734E-1
7,218750E+2	-5,589698E-1	7,218750E+2	7,245203E-1	7,218750E+2	-5,633124E-1	7,218750E+2	7,431517E-1	7,218750E+2	-5,102886E-1	7,218750E+2	7,678669E-1	7,218750E+2	-4,594996E-1	7,218750E+2	8,054843E-1
7,234375E+2	-5,433416E-1	7,234375E+2	7,326200E-1	7,234375E+2	-5,669549E-1	7,234375E+2	7,375935E-1	7,234375E+2	-5,040050E-1	7,234375E+2	7,703807E-1	7,234375E+2	-4,571975E-1	7,234375E+2	8,032452E-1
7,250000E+2	-5,284539E-1	7,250000E+2	7,407768E-1	7,250000E+2	-5,705934E-1	7,250000E+2	7,321796E-1	7,250000E+2	-4,980765E-1	7,250000E+2	7,728435E-1	7,250000E+2	-4,550826E-1	7,250000E+2	8,012360E-1
7,265625E+2	-5,080937E-1	7,265625E+2	7,510624E-1	7,265625E+2	-5,130538E-1	7,265625E+2	7,684712E-1	7,265625E+2	-4,882212E-1	7,265625E+2	7,775252E-1	7,265625E+2	-3,648731E-1	7,265625E+2	8,368088E-1
7,281250E+2	-4,888030E-1	7,281250E+2	7,610993E-1	7,281250E+2	-4,927387E-1	7,281250E+2	7,905386E-1	7,281250E+2	-4,789550E-1	7,281250E+2	7,820533E-1	7,281250E+2	-3,176170E-1	7,281250E+2	8,607256E-1
7,296875E+2	-4,666179E-1	7,296875E+2	7,716805E-1	7,296875E+2	-4,634784E-1	7,296875E+2	8,014297E-1	7,296875E+2	-4,304692E-1	7,296875E+2	8,115984E-1	7,296875E+2	-3,161550E-1	7,296875E+2	8,598297E-1
7,312500E+2	-4,457014E-1	7,312500E+2	7,818459E-1	7,312500E+2	-4,378173E-1	7,312500E+2	8,111682E-1	7,312500E+2	-4,022126E-1	7,312500E+2	8,304236E-1	7,312500E+2	-3,156339E-1	7,312500E+2	8,590608E-1
7,328125E+2	-4,304983E-1	7,328125E+2	8,003355E-1	7,328125E+2	-4,204815E-1	7,328125E+2	8,194946E-1	7,328125E+2	-3,942245E-1	7,328125E+2	8,336721E-1	7,328125E+2	-3,134662E-1	7,328125E+2	8,575116E-1
7,343750E+2	-4,254728E-1	7,343750E+2	8,108716E-1	7,343750E+2	-4,054611E-1	7,343750E+2	8,271551E-1	7,343750E+2	-3,875085E-1	7,343750E+2	8,367314E-1	7,343750E+2	-3,123562E-1	7,343750E+2	8,561682E-1
7,359375E+2	-4,279471E-1	7,359375E+2	8,135746E-1	7,359375E+2	-4,215410E-1	7,359375E+2	8,209010E-1	7,359375E+2	-3,814420E-1	7,359375E+2	8,403932E-1	7,359375E+2	-3,106432E-1	7,359375E+2	8,584385E-1
7,375000E+2	-4,312091E-1	7,375000E+2	8,162125E-1	7,375000E+2	-4,377945E-1	7,375000E+2	8,142805E-1	7,375000E+2	-3,766752E-1	7,375000E+2	8,438112E-1	7,375000E+2	-3,101684E-1	7,375000E+2	8,606400E-1
7,390625E+2	-4,445366E-1	7,390625E+2	8,133724E-1	7,390625E+2	-4,545114E-1	7,390625E+2	8,080200E-1	7,390625E+2	-3,761756E-1	7,390625E+2	8,463579E-1	7,390625E+2	-3,106623E-1	7,390625E+2	8,625466E-1
7,406250E+2	-4,583806E-1	7,406250E+2	8,101118E-1	7,406250E+2	-4,714737E-1	7,406250E+2	8,012822E-1	7,406250E+2	-3,768562E-1	7,406250E+2	8,486582E-1	7,406250E+2	-3,124929E-1	7,406250E+2	8,643925E-1
7,421875E+2	-4,776925E-1	7,421875E+2	8,047253E-1	7,421875E+2	-2,510271E-1	7,421875E+2	8,496148E-1	7,421875E+2	-3,846510E-1	7,421875E+2	8,501751E-1	7,421875E+2	-3,169472E-1	7,421875E+2	8,664538E-1
7,437500E+2	-4,975094E-1	7,437500E+2	7,984591E-1	7,437500E+2	-1,147309E-1	7,437500E+2	8,708919E-1	7,437500E+2	-3,934658E-1	7,437500E+2	8,513073E-1	7,437500E+2	-3,227474E-1	7,437500E+2	8,684194E-1
7,453125E+2	-5,178576E-1	7,453125E+2	7,897168E-1	7,453125E+2	-1,259950E-1	7,453125E+2	8,690927E-1	7,453125E+2	-4,093053E-1	7,453125E+2	8,506335E-1	7,453125E+2	-3,311166E-1	7,453125E+2	8,705771E-1
7,468750E+2	-5,385624E-1	7,468750E+2	7,796910E-1	7,468750E+2	-1,380866E-1	7,468750E+2	8,674171E-1	7,468750E+2	-4,261514E-1	7,468750E+2	8,491961E-1	7,468750E+2	-3,410963E-1	7,468750E+2	8,725167E-1
7,484375E+2	-5,619170E-1	7,484375E+2	7,709197E-1	7,484375E+2	-1,484323E-1	7,484375E+2	8,780301E-1	7,484375E+2	-4,477374E-1	7,484375E+2	8,454104E-1	7,484375E+2	-3,045419E-1	7,484375E+2	8,676214E-1
7,500000E+2	-5,852528E-1	7,500000E+2	7,600301E-1	7,500000E+2	-1,823438E-1	7,500000E+2	8,750078E-1	7,500000E+2	-4,701930E-1	7,500000E+2	8,404141E-1	7,500000E+2	-3,335687E-1	7,500000E+2	9,056854E-1
7,515625E+2	-4,383462E-1	7,515625E+2	8,112284E-1	7,515625E+2	-2,000602E-1	7,515625E+2	8,719081E-1	7,515625E+2	-4,963821E-1	7,515625E+2	8,345733E-1	7,515625E+2	-3,574067E-1	7,515625E+2	9,018215E-1
7,531250E+2	-3,372261E-1	7,531250E+2	8,438694E-1	7,531250E+2	-2,181671E-1	7,531250E+2	8,688891E-1	7,531250E+2	-5,231110E-1	7,531250E+2	8,268559E-1	7,531250E+2	-3,813365E-1	7,531250E+2	8,973605E-1
7,546875E+2	-3,645049E-1	7,546875E+2	8,335067E-1	7,546875E+2	-2,328068E-1	7,546875E+2	8,647717E-1	7,546875E+2	-5,692195E-1	7,546875E+2	8,241856E-1	7,546875E+2	-4,063926E-1	7,546875E+2	8,949785E-1
7,562500E+2	-3,844035E-1	7,562500E+2	8,132936E-1	7,562500E+2	-2,479731E-1	7,562500E+2	8,610881E-1	7,562500E+2	-6,095574E-1	7,562500E+2	8,015141E-1	7,562500E+2	-4,315821E-1	7,562500E+2	8,919033E-1
7,578125E+2	-3,696196E-1	7,578125E+2	8,127316E-1	7,578125E+2	-2,560902E-1	7,578125E+2	8,559276E-1	7,578125E+2	-6,434266E-1	7,578125E+2	7,793551E-1	7,578125E+2	-4,534135E-1	7,578125E+2	8,929574E-1
7,593750E+2	-3,592830E-1	7,593750E+2	8,128263E-1	7,593750E+2	-2,652379E-1	7,593750E+2	8,519404E-1	7,593750E+2	-6,686942E-1	7,593750E+2	7,544340E-1	7,593750E+2	-4,904779E-1	7,593750E+2	8,911838E-1
7,609375E+2	-3,222354E-1	7,609375E+2	8,187864E-1	7,609375E+2	-2,946210E-1	7,609375E+2	8,454200E-1	7,609375E+2	-6,944446E-1	7,609375E+2	7,416582E-1	7,609375E+2	-5,223462E-1	7,609375E+2	8,822256E-1
7,625000E+2	-2,950157E-1	7,625000E+2	8,264584E-1	7,625000E+2	-3,473999E-1	7,625000E+2	7,864515E-1	7,625000E+2	-7,199270E-1	7,625000E+2	7,278600E-1	7,625000E+2	-5,540098E-1	7,625000E+2	8,719428E-1
7,640625E+2	-5,694186E-2	7,640625E+2	8,293077E-1	7,640625E+2	-3,442462E-1	7,640625E+2	7,743029E-1	7,640625E+2	-7,841155E-1	7,640625E+2	7,103576E-1	7,640625E+2	-5,850703E-1	7,640625E+2	8,595811E-1
7,656250E+2	5,499331E-2	7,656250E+2	8,746520E-1	7,656250E+2	-3,456246E-1	7,656250E+2	7,659504E-1	7,656250E+2	-8,418203E-1	7,656250E+2	5,454579E-1	7,656250E+2	-6,161457E-1	7,656250E+2	8,446843E-1
7,671875E+2	3,927536E-2	7,671875E+2	8,756033E-1	7,671875E+2	-3,450740E-1	7,671875E+2	7,528585E-1	7,671875E+2	-5,505180E-1	7,671875E+2	6,716306E-1	7,671875E+2	-6,513660E-1	7,671875E+2	8,263578E-1
7,687500E+2	2,299876E-2	7,687500E+2	8,765983E-1	7,687500E+2	-3,489627E-1	7,687500E+2	7,435366E-1	7,687500E+2	-4,372377E-1	7,687500E+2	7,475912E-1	7,687500E+2	-6,859330E-1	7,687500E+2	8,057170E-1
7,703125E+2	7,151039E-3	7,703125E+2	8,774846E-1	7,703125E+2	-3,545309E-1	7,703125E+2	7,286421E-1	7,703125E+2	-4,474512E-1	7,703125E+2	7,382312E-1	7,703125E+2	-5,505014E-1	7,703125E+2	7,551415E-1
7,718750E+2	-9,446870E-3	7,718750E+2	8,783954E-1	7,718750E+2	-3,639445E-1	7,718750E+2	7,163236E-1	7,718750E+2	-4,645563E-1	7,718750E+2	7,292889E-1	7,718750E+2	-4,675513E-1	7,718750E+2	7,442296E-1
7,734375E+2	-1,392277E-1	7,734375E+2	1,002494E+0	7,734375E+2	-3,719961E-1	7,734375E+2	7,027933E-1	7,734375E+2	-4,753854E-1	7,734375E+2	7,176683E-1	7,734375E+2	-4,888665E-1	7,734375E+2	7,408969E-1
7,750000E+2	-4,765352E-1	7,750000E+2	6,847692E-1	7,750000E+2	-3,829689E-1	7,750000E+2	6,917029E-1	7,750000E+2	-4,913367E-1	7,750000E+2	7,059385E-1	7,750000E+2	-5,123003E-1	7,750000E+2	7,346128E-1
7,765625E+2	-5,031556E-1	7,765625E+2	6,641026E-1	7,765625E+2	-2,448728E-1	7,765625E+2	4,068576E-1	7,765625E+2	-4,524100E-1	7,765625E+2	2,491685E-1	7,765625E+2	-5,324484E-1	7,765625E+2	7,424312E-1
7,781250E+2	-5,309286E-1	7,781250E+2	6,423944E-1	7,781250E+2	6,183276E-1	7,781250E+2	5,326720E-1	7,781250E+2	7,228145E-1	7,781250E+2	7,304736E-1	7,781250E+2	-5,547959E-1	7,781250E+2	7,446663E-1
7,796875E+2	-5,543167E-1	7,796875E+2	6,203236E-1	7,796875E+2	6,028593E-1	7,796875E+2	5,437271E-1	7,796875E+2	7,031565E-1	7,796875E+2	7,355552E-1	7,796875E+2	-5,795087E-1	7,796875E+2	1,611564E-2
7,812500E+2	-5,788588E-1	7,812500E+2	5,976852E-1	7,812500E+2	5,863756E-1	7,812500E+2	5,543291E-1	7,812500E+2	6,827170E-1	7,812500E+2	7,392736E-1	7,812500E+2	7,451578E-1	7,812500E+2	7,563930E-1
7,828125E+2	-4,050721E-1	7,828125E+2	4,255106E-1	7,828125E+2	5,788548E-1	7,828125E+2	5,550408E-1	7,828125E+2	6,764935E-1	7,828125E+2	7,349019E-1	7,828125E+2	7,033623E-1	7,828125E+2	7,801832E-1
7,843750E+2	5,383370E-1	7,843750E+2	7,885066E-1	7,843750E+2	5,717851E-1	7,843750E+2	5,543507E-1	7,843750E+2	6,711531E-1	7,843750E+2	7,280680E-1	7,843750E+2	6,593271E-1	7,843750E+2	8,025672E-1
7,859375E+2	5,618435E-1	7,859375E+2	7,700901E-1	7,859375E+2	5,758172E-1	7,859375E+2	5,439501E-1	7,859375E+2	7,001012E-1	7,859375E+2	6,965565E-1	7,859375E+2	7,284763E-1	7,859375E+2	6,790282E-1
7,875000E+2	5,931622E-1	7,875000E+2	7,454340E-1	7,875000E+2	5,819962E-1	7,875000E+2	5,306575E-1	7,875000E+2	7,362416E-1	7,875000E+2	6,543778E-1	7,875000E+2	7,865023E-1	7,875000E+2	4,834795E-1
7,890625E+2	5,931706E-1	7,890625E+2	7,360902E-1	7,890625E+2	5,747768E-1	7,890625E+2	5,328645E-1	7,890625E+2	7,301552E-1	7,890625E+2	6,545705E-1	7,890625E+2	7,752046E-1	7,890625E+2	4,959501E-1
7,906250E+2	5,948551E-1	7,906250E+2	7,237817E-1	7,906250E+2	5,678567E-1	7,906250E+2	5,340118E-1	7,906250E+2	7,239318E-1	7,906250E+2	6,539191E-1	7,906250E+2	7,630213E-1	7,906250E+2	5,087270E-1
7,921875E+2	5,952429E-1	7,921875E+2	7,147000E-1	7,921875E+2	5,622642E-1	7,921875E+2	5,364483E-1	7,921875E+2	7,260406E-1	7,921875E+2	6,506842E-1	7,921875E+2	7,565052E-1	7,921875E+2	5,205460E-1
7,937500E+2	5,972302E-1	7,937500E+2	7,029919E-1	7,937500E+2	5,571607E-1	7,937500E+2	5,379528E-1	7,937500E+2	7,295974E-1	7,937500E+2	6,458799E-1	7,937500E+2	7,495749E-1	7,937500E+2	5,328030E-1
7,953125E+2	6,074913E-1	7,953125E+2	6,934433E-1	7,953125E+2	5,611138E-1	7,953125E+2	5,292338E-1	7,953125E+2	7,243552E-1	7,953125E+2	6,498932E-1	7,953125E+2	7,486860E-1	7,953125E+2	5,328386E-1
7,968750E+2	6,207109E-1	7,968750E+2	6,813852E-1	7,968750E+2	5,667406E-1	7,968750E+2	5,184360E-1	7,968750E+2	7,196435E-1	7,968750E+2	6,531147E-1	7,968750E+2	7,487220E-1	7,968750E+2	5,315995E-1
7,984375E+2	6,202840E-1	7,984375E+2	6,809018E-1	7,984375E+2	5,633875E-1	7,984375E+2	5,146760E-1	7,984375E+2	7,196582E-1	7,984375E+2	6,535011E-1	7,984375E+2	7,548054E-1	7,984375E+2	5,156623E-1
8,000000E+2	6,209910E-1	8,000000E+2	6,793782E-1	8,000000E+2	5,607060E-1	8,000000E+2	5,095291E-1	8,000000E+2	7,208503E-1	8,000000E+2	6,527520E-1	8,000000E+2	7,624473E-1	8,000000E+2	4,963323E-1
8,015625E+2	6,201951E-1	8,015625E+2	6,797447E-1	8,015625E+2	5,621347E-1	8,015625E+2	5,024708E-1	8,015625E+2	7,218324E-1	8,015625E+2	6,492347E-1	8,015625E+2	7,700347E-1	8,015625E+2	4,671801E-1
8,031250E+2	6,203738E-1	8,031250E+2	6,792438E-1	8,031250E+2	5,647197E-1	8,031250E+2	4,937745E-1	8,031250E+2	7,240158E-1	8,031250E+2	6,442225E-1	8,031250E+2	7,783574E-1	8,031250E+2	4,330055E-1
8,046875E+2	6,130585E-1	8,046875E+2	6,822642E-1	8,046875E+2	5,635272E-1	8,046875E+2	4,899635E-1	8,046875E+2	7,246295E-1	8,046875E+2	6,378985E-1	8,046875E+2	7,780959E-1	8,046875E+2	4,228563E-1
8,062500E+2	6,057925E-1	8,062500E+2	6,846849E-1	8,062500E+2	5,630882E-1	8,062500E+2	4,849284E-1	8,062500E+2	7,262776E-1	8,062500E+2	6,298851E-1	8,062500E+2	7,784266E-1	8,062500E+2	4,108008E-1
8,078125E+2	6,102103E-1	8,078125E+2	6,761066E-1	8,078125E+2	5,630227E-1	8,078125E+2	4,810538E-1	8,078125E+2	7,305037E-1	8,078125E+2	6,240452E-1	8,078125E+2	7,777340E-1	8,078125E+2	4,122015E-1
8,093750E+2	6,161505E-1	8,093750E+2	6,657041E-1	8,093750E+2	5,637456E-1	8,093750E+2	4,760370E-1	8,093750E+2	7,359900E-1	8,093750E+2	6,167177E-1	8,093750E+2	7,775686E-1	8,093750E+2	4,129397E-1
8,109375E+2	6,202674E-1	8,109375E+2	6,598695E-1	8,109375E+2	5,647495E-1	8,109375E+2	4,718772E-1	8,109375E+2	7,546949E-1	8,109375E+2	5,898021E-1	8,109375E+2	7,777908E-1	8,109375E+2	4,065136E-1
8,125000E+2	6,257668E-1	8,125000E+2	6,526478E-1	8,125000E+2	5,665666E-1	8,125000E+2	4,666383E-1	8,125000E+2	7,755705E-1	8,125000E+2	5,579323E-1	8,125000E+2	7,786280E-1	8,125000E+2	3,986740E-1
8,140625E+2	6,310485E-1	8,140625E+2	6,483176E-1	8,140625E+2	5,688173E-1	8,140625E+2	4,627701E-1	8,140625E+2	7,681887E-1	8,140625E+2	5,696380E-1	8,140625E+2	7,849898E-1	8,140625E+2	3,687513E-1
8,156250E+2	6,377434E-1	8,156250E+2	6,428299E-1	8,156250E+2	5,719247E-1	8,156250E+2	4,579217E-1	8,156250E+2	7,595822E-1	8,156250E+2	5,822077E-1	8,156250E+2	7,914666E-1	8,156250E+2	3,351241E-1
8,171875E+2	6,461676E-1	8,171875E+2	6,320383E-1	8,171875E+2	5,742246E-1	8,171875E+2	4,534520E-1	8,171875E+2	7,710988E-1	8,171875E+2	5,612310E-1	8,171875E+2	7,979907E-1	8,171875E+2	3,025921E-1
8,187500E+2	6,561368E-1	8,187500E+2	6,194424E-1	8,187500E+2	5,773218E-1	8,187500E+2	4,479857E-1	8,187500E+2	7,836941E-1	8,187500E+2	5,375002E-1	8,187500E+2	8,043888E-1	8,187500E+2	2,663509E-1
8,203125E+2	6,688509E-1	8,203125E+2	6,013261E-1	8,203125E+2	5,798325E-1	8,203125E+2	4,441107E-1	8,203125E+2	7,909274E-1	8,203125E+2	5,229490E-1	8,203125E+2	8,052075E-1	8,203125E+2	2,550511E-1
8,218750E+2	6,830958E-1	8,218750E+2	5,806970E-1	8,218750E+2	5,830865E-1	8,218750E+2	4,393432E-1	8,218750E+2	7,990338E-1	8,218750E+2	5,064688E-1	8,218750E+2	8,063304E-1	8,218750E+2	2,424033E-1
8,234375E+2	6,933621E-1	8,234375E+2	5,667890E-1	8,234375E+2	5,881174E-1	8,234375E+2	4,316185E-1	8,234375E+2	8,042039E-1	8,234375E+2	4,958561E-1	8,234375E+2	8,083426E-1	8,234375E+2	2,140185E-1
8,250000E+2	7,048978E-1	8,250000E+2	5,509924E-1	8,250000E+2	5,940340E-1	8,250000E+2	4,227799E-1	8,250000E+2	8,101302E-1	8,250000E+2	4,837561E-1	8,250000E+2	8,099218E-1	8,250000E+2	1,830693E-1
8,265625E+2	7,091634E-1	8,265625E+2	5,447414E-1	8,265625E+2	5,954851E-1	8,265625E+2	4,185236E-1	8,265625E+2	8,213339E-1	8,265625E+2	4,648276E-1	8,265625E+2	8,064134E-1	8,265625E+2	1,328957E-1
8,281250E+2	7,142416E-1	8,281250E+2	5,374549E-1	8,281250E+2	5,974746E-1	8,281250E+2	4,134281E-1	8,281250E+2	8,333362E-1	8,281250E+2	4,437115E-1	8,281250E+2	7,997567E-1	8,281250E+2	7,948545E-2
8,296875E+2	7,070212E-1	8,296875E+2	5,429268E-1	8,296875E+2	5,957795E-1	8,296875E+2	4,123601E-1	8,296875E+2	8,855044E-1	8,296875E+2	2,917788E-1	8,296875E+2	7,931905E-1	8,296875E+2	5,111085E-2
8,312500E+2	6,996908E-1	8,312500E+2	5,481085E-1	8,312500E+2	5,943192E-1	8,312500E+2	4,106670E-1	8,312500E+2	9,126010E-1	8,312500E+2	1,171914E-1	8,312500E+2	7,855201E-1	8,312500E+2	2,122765E-2
8,328125E+2	6,764271E-1	8,328125E+2	5,739825E-1	8,328125E+2	5,952727E-1	8,328125E+2	4,084237E-1	8,328125E+2	8,665445E-1	8,328125E+2	3,368013E-1	8,328125E+2	7,779422E-1	8,328125E+2	-5,838903E-3
8,343750E+2	6,509911E-1	8,343750E+2	5,992090E-1	8,343750E+2	5,966564E-1	8,343750E+2	4,055705E-1	8,343750E+2	7,646750E-1	8,343750E+2	5,312277E-1	8,343750E+2	7,693543E-1	8,343750E+2	-3,411714E-2
8,359375E+2	6,357889E-1	8,359375E+2	6,209377E-1	8,359375E+2	6,072962E-1	8,359375E+2	3,924495E-1	8,359375E+2	7,480637E-1	8,359375E+2	5,535646E-1	8,359375E+2	7,614655E-1	8,359375E+2	-5,349611E-2
8,375000E+2	6,193505E-1	8,375000E+2	6,425300E-1	8,375000E+2	6,188392E-1	8,375000E+2	3,780533E-1	8,375000E+2	7,306536E-1	8,375000E+2	5,754368E-1	8,375000E+2	7,530571E-1	8,375000E+2	-7,367080E-2
8,390625E+2	6,567843E-1	8,390625E+2	6,018269E-1	8,390625E+2	6,356335E-1	8,390625E+2	3,543819E-1	8,390625E+2	7,142414E-1	8,390625E+2	5,947288E-1	8,390625E+2	7,517055E-1	8,390625E+2	-7,449817E-2
8,406250E+2	6,949988E-1	8,406250E+2	5,552602E-1	8,406250E+2	6,532139E-1	8,406250E+2	3,285178E-1	8,406250E+2	6,972488E-1	8,406250E+2	6,135453E-1	8,406250E+2	7,503454E-1	8,406250E+2	-7,540933E-2
8,421875E+2	7,452483E-1	8,421875E+2	4,822165E-1	8,421875E+2	6,515190E-1	8,421875E+2	3,266125E-1	8,421875E+2	6,791495E-1	8,421875E+2	6,301282E-1	8,421875E+2	7,451361E-1	8,421875E+2	-8,152349E-2
8,437500E+2	7,920092E-1	8,437500E+2	3,977039E-1	8,437500E+2	6,498155E-1	8,437500E+2	3,241928E-1	8,437500E+2	6,606134E-1	8,437500E+2	6,461178E-1	8,437500E+2	7,398102E-1	8,437500E+2	-8,798164E-2
8,453125E+2	8,305578E-1	8,453125E+2	3,059373E-1	8,453125E+2	6,353636E-1	8,453125E+2	3,441815E-1	8,453125E+2	6,420256E-1	8,453125E+2	6,618464E-1	8,453125E+2	7,178354E-1	8,453125E+2	-1,285057E-1
8,468750E+2	8,608977E-1	8,468750E+2	2,031124E-1	8,468750E+2	6,190455E-1	8,468750E+2	3,638515E-1	8,468750E+2	6,230445E-1	8,468750E+2	6,769775E-1	8,468750E+2	6,932122E-1	8,468750E+2	-1,688883E-1
8,484375E+2	8,646252E-1	8,484375E+2	1,613226E-1	8,484375E+2	6,242471E-1	8,484375E+2	3,568632E-1	8,484375E+2	8,438493E-1	8,484375E+2	3,183176E-1	8,484375E+2	5,667526E-1	8,484375E+2	-2,904464E-1
8,500000E+2	8,665791E-1	8,500000E+2	1,174671E-1	8,500000E+2	6,299600E-1	8,500000E+2	3,492489E-1	8,500000E+2	8,614249E-1	8,500000E+2	-2,056396E-1	8,500000E+2	4,248968E-1	8,500000E+2	-3,756021E-1
8,515625E+2	8,079962E-1	8,515625E+2	3,586059E-1	8,515625E+2	6,275302E-1	8,515625E+2	3,530330E-1	8,515625E+2	8,613971E-1	8,515625E+2	-2,105904E-1	8,515625E+2	4,343844E-1	8,515625E+2	-3,648508E-1
8,531250E+2	6,878325E-1	8,531250E+2	5,531569E-1	8,531250E+2	6,250705E-1	8,531250E+2	3,565506E-1	8,531250E+2	8,613546E-1	8,531250E+2	-2,158647E-1	8,531250E+2	4,437436E-1	8,531250E+2	-3,537601E-1
8,546875E+2	6,871914E-1	8,546875E+2	5,525617E-1	8,546875E+2	6,339473E-1	8,546875E+2	3,487704E-1	8,546875E+2	8,649715E-1	8,546875E+2	-2,175081E-1	8,546875E+2	4,526884E-1	8,546875E+2	-3,431783E-1
8,562500E+2	6,869512E-1	8,562500E+2	5,515453E-1	8,562500E+2	6,434288E-1	8,562500E+2	3,403627E-1	8,562500E+2	8,686804E-1	8,562500E+2	-2,193738E-1	8,562500E+2	4,615092E-1	8,562500E+2	-3,322806E-1
8,578125E+2	6,853647E-1	8,578125E+2	5,529266E-1	8,578125E+2	6,567887E-1	8,578125E+2	3,260723E-1	8,578125E+2	8,709567E-1	8,578125E+2	-2,171199E-1	8,578125E+2	4,694358E-1	8,578125E+2	-3,225954E-1
8,593750E+2	6,841101E-1	8,593750E+2	5,539736E-1	8,593750E+2	6,707878E-1	8,593750E+2	3,107556E-1	8,593750E+2	8,732698E-1	8,593750E+2	-2,149812E-1	8,593750E+2	4,772831E-1	8,593750E+2	-3,126492E-1
8,609375E+2	6,845605E-1	8,609375E+2	5,540032E-1	8,609375E+2	6,832351E-1	8,609375E+2	2,919593E-1	8,609375E+2	9,026649E-1	8,609375E+2	-3,889117E-2	8,609375E+2	4,849603E-1	8,609375E+2	-3,023837E-1
8,625000E+2	6,854050E-1	8,625000E+2	5,536879E-1	8,625000E+2	6,960524E-1	8,625000E+2	2,719554E-1	8,625000E+2	8,962385E-1	8,625000E+2	1,239416E-1	8,625000E+2	4,925395E-1	8,625000E+2	-2,918437E-1
8,640625E+2	6,903550E-1	8,640625E+2	5,481679E-1	8,640625E+2	7,105357E-1	8,640625E+2	2,383033E-1	8,640625E+2	8,954280E-1	8,640625E+2	1,264847E-1	8,640625E+2	5,023122E-1	8,640625E+2	-2,792593E-1
8,656250E+2	6,958186E-1	8,656250E+2	5,420979E-1	8,656250E+2	7,245472E-1	8,656250E+2	2,026287E-1	8,656250E+2	8,946806E-1	8,656250E+2	1,287663E-1	8,656250E+2	5,119066E-1	8,656250E+2	-2,661844E-1
8,671875E+2	8,518058E-1	8,671875E+2	1,404337E-1	8,671875E+2	7,172251E-1	8,671875E+2	2,074056E-1	8,671875E+2	8,947863E-1	8,671875E+2	1,332508E-1	8,671875E+2	5,924103E-1	8,671875E+2	-1,967527E-1
8,687500E+2	7,748638E-1	8,687500E+2	-3,419099E-1	8,687500E+2	7,097048E-1	8,687500E+2	2,104692E-1	8,687500E+2	8,949518E-1	8,687500E+2	1,375469E-1	8,687500E+2	6,513921E-1	8,687500E+2	-1,094398E-1
8,703125E+2	7,877243E-1	8,703125E+2	-3,124741E-1	8,703125E+2	7,215571E-1	8,703125E+2	1,788306E-1	8,703125E+2	8,928627E-1	8,703125E+2	1,451922E-1	8,703125E+2	6,516304E-1	8,703125E+2	-1,123369E-1
8,718750E+2	7,995743E-1	8,718750E+2	-2,820894E-1	8,718750E+2	7,330161E-1	8,718750E+2	1,457517E-1	8,718750E+2	8,907466E-1	8,718750E+2	1,526824E-1	8,718750E+2	6,519993E-1	8,718750E+2	-1,154709E-1
8,734375E+2	8,464424E-1	8,734375E+2	-5,504949E-2	8,734375E+2	7,292026E-1	8,734375E+2	1,641737E-1	8,734375E+2	8,754159E-1	8,734375E+2	-2,094075E-1	8,734375E+2	6,474970E-1	8,734375E+2	-1,259747E-1
8,750000E+2	8,283420E-1	8,750000E+2	1,535067E-1	8,750000E+2	7,248115E-1	8,750000E+2	1,825498E-1	8,750000E+2	7,097608E-1	8,750000E+2	-5,543445E-1	8,750000E+2	6,429594E-1	8,750000E+2	-1,367707E-1
8,765625E+2	8,248260E-1	8,765625E+2	1,777894E-1	8,765625E+2	7,198833E-1	8,765625E+2	2,020315E-1	8,765625E+2	7,238376E-1	8,765625E+2	-5,394557E-1	8,765625E+2	6,267292E-1	8,765625E+2	-1,535775E-1
8,781250E+2	8,205569E-1	8,781250E+2	2,019799E-1	8,781250E+2	7,143387E-1	8,781250E+2	2,214196E-1	8,781250E+2	7,376902E-1	8,781250E+2	-5,240922E-1	8,781250E+2	6,102412E-1	8,781250E+2	-1,701785E-1
8,796875E+2	8,164618E-1	8,796875E+2	2,249516E-1	8,796875E+2	6,971137E-1	8,796875E+2	2,538019E-1	8,796875E+2	7,509333E-1	8,796875E+2	-5,080192E-1	8,796875E+2	4,394142E-1	8,796875E+2	-2,731218E-1
8,812500E+2	8,116854E-1	8,812500E+2	2,477762E-1	8,812500E+2	6,786863E-1	8,812500E+2	2,846247E-1	8,812500E+2	7,638770E-1	8,812500E+2	-4,915124E-1	8,812500E+2	2,758291E-1	8,812500E+2	-3,202264E-1
8,828125E+2	8,072684E-1	8,828125E+2	2,672499E-1	8,828125E+2	6,735826E-1	8,828125E+2	2,996965E-1	8,828125E+2	7,747106E-1	8,828125E+2	-4,780556E-1	8,828125E+2	2,716717E-1	8,828125E+2	-3,136047E-1
8,843750E+2	8,023693E-1	8,843750E+2	2,864925E-1	8,843750E+2	6,681428E-1	8,843750E+2	3,145785E-1	8,843750E+2	7,853353E-1	8,843750E+2	-4,642996E-1	8,843750E+2	2,675379E-1	8,843750E+2	-3,072277E-1
8,859375E+2	8,544963E-1	8,859375E+2	2,310905E-2	8,859375E+2	7,409961E-1	8,859375E+2	1,196192E-1	8,859375E+2	7,914942E-1	8,859375E+2	-4,555901E-1	8,859375E+2	2,695171E-1	8,859375E+2	-3,002334E-1
8,875000E+2	8,188903E-1	8,875000E+2	-2,650757E-1	8,875000E+2	7,664978E-1	8,875000E+2	-1,052787E-1	8,875000E+2	7,975892E-1	8,875000E+2	-4,467541E-1	8,875000E+2	2,714022E-1	8,875000E+2	-2,933102E-1
8,890625E+2	8,271317E-1	8,890625E+2	-2,458783E-1	8,890625E+2	7,677839E-1	8,890625E+2	-8,172403E-2	8,890625E+2	7,976822E-1	8,890625E+2	-4,477640E-1	8,890625E+2	2,784951E-1	8,890625E+2	-2,866608E-1
8,906250E+2	8,347971E-1	8,906250E+2	-2,264791E-1	8,906250E+2	7,682429E-1	8,906250E+2	-5,826632E-2	8,906250E+2	7,978469E-1	8,906250E+2	-4,487395E-1	8,906250E+2	2,854380E-1	8,906250E+2	-2,797746E-1
8,921875E+2	8,381206E-1	8,921875E+2	-2,170390E-1	8,921875E+2	7,682508E-1	8,921875E+2	-3,541806E-2	8,921875E+2	7,902679E-1	8,921875E+2	-4,601033E-1	8,921875E+2	2,983763E-1	8,921875E+2	-2,740776E-1
8,937500E+2	8,412960E-1	8,937500E+2	-2,075691E-1	8,937500E+2	7,674491E-1	8,937500E+2	-1,285694E-2	8,937500E+2	7,826608E-1	8,937500E+2	-4,713184E-1	8,937500E+2	3,110774E-1	8,937500E+2	-2,675319E-1
8,953125E+2	8,392258E-1	8,953125E+2	-2,162024E-1	8,953125E+2	7,712012E-1	8,953125E+2	-1,086019E-2	8,953125E+2	7,616467E-1	8,953125E+2	-5,004770E-1	8,953125E+2	3,249356E-1	8,953125E+2	-2,620148E-1
8,968750E+2	8,371863E-1	8,968750E+2	-2,247919E-1	8,968750E+2	7,749093E-1	8,968750E+2	-8,988307E-3	8,968750E+2	7,398557E-1	8,968750E+2	-5,286733E-1	8,968750E+2	3,384197E-1	8,968750E+2	-2,553990E-1
8,984375E+2	8,308223E-1	8,984375E+2	-2,403933E-1	8,984375E+2	7,806133E-1	8,984375E+2	-3,659717E-2	8,984375E+2	7,185036E-1	8,984375E+2	-5,539981E-1	8,984375E+2	3,488007E-1	8,984375E+2	-2,494368E-1
9,000000E+2	8,243589E-1	9,000000E+2	-2,558100E-1	9,000000E+2	7,857497E-1	9,000000E+2	-6,444806E-2	9,000000E+2	6,966230E-1	9,000000E+2	-5,784055E-1	9,000000E+2	3,588796E-1	9,000000E+2	-2,427190E-1
9,015625E+2	8,168073E-1	9,015625E+2	-2,696411E-1	9,015625E+2	7,852983E-1	9,015625E+2	-7,631544E-2	9,015625E+2	6,870795E-1	9,015625E+2	-5,879601E-1	9,015625E+2	3,705047E-1	9,015625E+2	-2,362787E-1
9,031250E+2	8,092294E-1	9,031250E+2	-2,832471E-1	9,031250E+2	7,848432E-1	9,031250E+2	-8,813877E-2	9,031250E+2	6,776217E-1	9,031250E+2	-5,972861E-1	9,031250E+2	3,818419E-1	9,031250E+2	-2,289047E-1
9,046875E+2	8,022195E-1	9,046875E+2	-2,959531E-1	9,046875E+2	7,857716E-1	9,046875E+2	-1,016586E-1	9,046875E+2	6,746760E-1	9,046875E+2	-5,991390E-1	9,046875E+2	3,934844E-1	9,046875E+2	-2,220517E-1
9,062500E+2	7,952243E-1	9,062500E+2	-3,084414E-1	9,062500E+2	7,866759E-1	9,062500E+2	-1,152137E-1	9,062500E+2	6,718834E-1	9,062500E+2	-6,009097E-1	9,062500E+2	4,048513E-1	9,062500E+2	-2,142463E-1
9,078125E+2	7,902116E-1	9,078125E+2	-3,187619E-1	9,078125E+2	7,873289E-1	9,078125E+2	-1,303809E-1	9,078125E+2	6,725387E-1	9,078125E+2	-5,994861E-1	9,078125E+2	4,168092E-1	9,078125E+2	-2,066851E-1
9,093750E+2	7,852676E-1	9,093750E+2	-3,289123E-1	9,093750E+2	7,879143E-1	9,093750E+2	-1,456151E-1	9,093750E+2	6,733234E-1	9,093750E+2	-5,979876E-1	9,093750E+2	4,284527E-1	9,093750E+2	-1,981203E-1
9,109375E+2	7,816891E-1	9,109375E+2	-3,347012E-1	9,109375E+2	7,866699E-1	9,109375E+2	-1,626405E-1	9,109375E+2	6,773534E-1	9,109375E+2	-5,923421E-1	9,109375E+2	4,424411E-1	9,109375E+2	-1,893571E-1
9,125000E+2	7,782484E-1	9,125000E+2	-3,403457E-1	9,125000E+2	7,852866E-1	9,125000E+2	-1,796784E-1	9,125000E+2	6,814353E-1	9,125000E+2	-5,866001E-1	9,125000E+2	4,559697E-1	9,125000E+2	-1,792254E-1
9,140625E+2	7,760769E-1	9,140625E+2	-3,433231E-1	9,140625E+2	7,814361E-1	9,140625E+2	-2,056946E-1	9,140625E+2	6,875103E-1	9,140625E+2	-5,785753E-1	9,140625E+2	4,716334E-1	9,140625E+2	-1,685277E-1
9,156250E+2	7,740521E-1	9,156250E+2	-3,461797E-1	9,156250E+2	7,770496E-1	9,156250E+2	-2,316483E-1	9,156250E+2	6,935627E-1	9,156250E+2	-5,704202E-1	9,156250E+2	4,864786E-1	9,156250E+2	-1,559443E-1
9,171875E+2	7,738737E-1	9,171875E+2	-3,442016E-1	9,171875E+2	7,664463E-1	9,171875E+2	-2,761777E-1	9,171875E+2	7,016285E-1	9,171875E+2	-5,606443E-1	9,171875E+2	4,963499E-1	9,171875E+2	-1,458710E-1
9,187500E+2	7,737955E-1	9,187500E+2	-3,421453E-1	9,187500E+2	7,538654E-1	9,187500E+2	-3,202311E-1	9,187500E+2	7,095861E-1	9,187500E+2	-5,506912E-1	9,187500E+2	5,057156E-1	9,187500E+2	-1,347715E-1
9,203125E+2	7,749393E-1	9,203125E+2	-3,376140E-1	9,203125E+2	7,402742E-1	9,203125E+2	-3,568174E-1	9,203125E+2	7,217892E-1	9,203125E+2	-5,345907E-1	9,203125E+2	5,122450E-1	9,203125E+2	-1,261094E-1
9,218750E+2	7,761269E-1	9,218750E+2	-3,330169E-1	9,218750E+2	7,254548E-1	9,218750E+2	-3,926907E-1	9,218750E+2	7,335023E-1	9,218750E+2	-5,182458E-1	9,218750E+2	5,185665E-1	9,218750E+2	-1,168766E-1
9,234375E+2	7,780219E-1	9,234375E+2	-3,278978E-1	9,234375E+2	7,212969E-1	9,234375E+2	-4,011544E-1	9,234375E+2	7,513574E-1	9,234375E+2	-4,931206E-1	9,234375E+2	5,250369E-1	9,234375E+2	-1,076171E-1
9,250000E+2	7,799305E-1	9,250000E+2	-3,227082E-1	9,250000E+2	7,172834E-1	9,250000E+2	-4,094509E-1	9,250000E+2	7,678534E-1	9,250000E+2	-4,677128E-1	9,250000E+2	5,312639E-1	9,250000E+2	-9,775707E-2
9,265625E+2	7,827757E-1	9,265625E+2	-3,133372E-1	9,265625E+2	7,234837E-1	9,265625E+2	-3,959829E-1	9,265625E+2	7,934475E-1	9,265625E+2	-4,265067E-1	9,265625E+2	5,372154E-1	9,265625E+2	-8,775655E-2
9,281250E+2	7,854798E-1	9,281250E+2	-3,039655E-1	9,281250E+2	7,293626E-1	9,281250E+2	-3,824373E-1	9,281250E+2	8,153697E-1	9,281250E+2	-3,853137E-1	9,281250E+2	5,428387E-1	9,281250E+2	-7,712161E-2
9,296875E+2	7,875117E-1	9,296875E+2	-2,957085E-1	9,296875E+2	7,477268E-1	9,296875E+2	-3,395953E-1	9,296875E+2	8,415908E-1	9,296875E+2	-3,318924E-1	9,296875E+2	5,479007E-1	9,296875E+2	-6,725600E-2
9,312500E+2	7,894366E-1	9,312500E+2	-2,874573E-1	9,312500E+2	7,622568E-1	9,312500E+2	-2,974763E-1	9,312500E+2	8,618567E-1	9,312500E+2	-2,799928E-1	9,312500E+2	5,525947E-1	9,312500E+2	-5,669922E-2
9,328125E+2	7,908239E-1	9,328125E+2	-2,802615E-1	9,328125E+2	7,819956E-1	9,328125E+2	-2,325755E-1	9,328125E+2	8,746894E-1	9,328125E+2	-2,422809E-1	9,328125E+2	5,535454E-1	9,328125E+2	-4,734199E-2
9,343750E+2	7,921376E-1	9,343750E+2	-2,730643E-1	9,343750E+2	7,936825E-1	9,343750E+2	-1,715573E-1	9,343750E+2	8,846799E-1	9,343750E+2	-2,058745E-1	9,343750E+2	5,542997E-1	9,343750E+2	-3,780549E-2
9,359375E+2	7,937709E-1	9,359375E+2	-2,643595E-1	9,359375E+2	8,002246E-1	9,359375E+2	-1,224071E-1	9,359375E+2	8,895748E-1	9,359375E+2	-1,860391E-1	9,359375E+2	5,514048E-1	9,359375E+2	-2,959120E-2
9,375000E+2	7,952590E-1	9,375000E+2	-2,557048E-1	9,375000E+2	8,025510E-1	9,375000E+2	-7,638457E-2	9,375000E+2	8,936017E-1	9,375000E+2	-1,667066E-1	9,375000E+2	5,484817E-1	9,375000E+2	-2,156408E-2
9,390625E+2	7,976290E-1	9,390625E+2	-2,455337E-1	9,390625E+2	8,032812E-1	9,390625E+2	-4,419697E-2	9,390625E+2	8,942731E-1	9,390625E+2	-1,633384E-1	9,390625E+2	5,446401E-1	9,390625E+2	-1,601799E-2
9,406250E+2	7,997601E-1	9,406250E+2	-2,354492E-1	9,406250E+2	8,023233E-1	9,406250E+2	-1,349734E-2	9,406250E+2	8,948978E-1	9,406250E+2	-1,599122E-1	9,406250E+2	5,409406E-1	9,406250E+2	-1,066350E-2
9,421875E+2	8,031633E-1	9,421875E+2	-2,219420E-1	9,421875E+2	8,007864E-1	9,421875E+2	1,322468E-2	9,421875E+2	8,904428E-1	9,421875E+2	-1,817192E-1	9,421875E+2	5,374017E-1	9,421875E+2	-5,614393E-3
9,437500E+2	8,060751E-1	9,437500E+2	-2,086683E-1	9,437500E+2	7,981536E-1	9,437500E+2	3,892398E-2	9,437500E+2	8,858675E-1	9,437500E+2	-2,027202E-1	9,437500E+2	5,339991E-1	9,437500E+2	-7,282181E-4
9,453125E+2	8,101479E-1	9,453125E+2	-1,951034E-1	9,453125E+2	7,957196E-1	9,453125E+2	6,237279E-2	9,453125E+2	8,726987E-1	9,453125E+2	-2,478283E-1	9,453125E+2	5,284168E-1	9,453125E+2	5,014023E-3
9,468750E+2	8,136108E-1	9,468750E+2	-1,818138E-1	9,468750E+2	7,924431E-1	9,468750E+2	8,503421E-2	9,468750E+2	8,581693E-1	9,468750E+2	-2,909618E-1	9,468750E+2	5,229931E-1	9,468750E+2	1,047826E-2
9,484375E+2	8,179830E-1	9,484375E+2	-1,693035E-1	9,484375E+2	7,891915E-1	9,484375E+2	1,064387E-1	9,484375E+2	8,457532E-1	9,484375E+2	-3,219786E-1	9,484375E+2	5,095228E-1	9,484375E+2	1,462443E-2
9,500000E+2	8,217423E-1	9,500000E+2	-1,570532E-1	9,500000E+2	7,852446E-1	9,500000E+2	1,271868E-1	9,500000E+2	8,329710E-1	9,500000E+2	-3,516351E-1	9,500000E+2	4,968565E-1	9,500000E+2	1,792139E-2
9,515625E+2	8,252961E-1	9,515625E+2	-1,435525E-1	9,515625E+2	7,826325E-1	9,515625E+2	1,455071E-1	9,515625E+2	8,247265E-1	9,515625E+2	-3,651869E-1	9,515625E+2	4,876218E-1	9,515625E+2	1,854563E-2
9,531250E+2	8,282050E-1	9,531250E+2	-1,304189E-1	9,531250E+2	7,794573E-1	9,531250E+2	1,633840E-1	9,531250E+2	8,167402E-1	9,531250E+2	-3,780331E-1	9,531250E+2	4,788297E-1	9,531250E+2	1,899817E-2
9,546875E+2	8,288852E-1	9,546875E+2	-1,159454E-1	9,546875E+2	8,002941E-1	9,546875E+2	-6,433008E-2	9,546875E+2	8,108030E-1	9,546875E+2	-3,849016E-1	9,546875E+2	4,742435E-1	9,546875E+2	1,842492E-2
9,562500E+2	8,289479E-1	9,562500E+2	-1,020995E-1	9,562500E+2	7,662846E-1	9,562500E+2	-2,924139E-1	9,562500E+2	8,051714E-1	9,562500E+2	-3,913388E-1	9,562500E+2	4,698751E-1	9,562500E+2	1,785993E-2
9,578125E+2	8,291765E-1	9,578125E+2	-8,141401E-2	9,578125E+2	7,622791E-1	9,578125E+2	-3,081031E-1	9,578125E+2	7,987740E-1	9,578125E+2	-3,960784E-1	9,578125E+2	4,723306E-1	9,578125E+2	7,349926E-3
9,593750E+2	8,281139E-1	9,593750E+2	-6,219988E-2	9,593750E+2	7,586032E-1	9,593750E+2	-3,230733E-1	9,593750E+2	7,926881E-1	9,593750E+2	-4,004352E-1	9,593750E+2	4,747052E-1	9,593750E+2	-3,056314E-3
9,609375E+2	8,326375E-1	9,609375E+2	-2,920316E-2	9,609375E+2	7,599101E-1	9,609375E+2	-3,253250E-1	9,609375E+2	7,845833E-1	9,609375E+2	-4,030512E-1	9,609375E+2	4,972325E-1	9,609375E+2	-3,860993E-2
9,625000E+2	8,332533E-1	9,625000E+2	3,469416E-4	9,625000E+2	7,614312E-1	9,625000E+2	-3,272315E-1	9,625000E+2	7,767922E-1	9,625000E+2	-4,053067E-1	9,625000E+2	5,179624E-1	9,625000E+2	-7,580556E-2
9,640625E+2	8,349636E-1	9,640625E+2	9,977932E-3	9,640625E+2	7,643309E-1	9,640625E+2	-3,204630E-1	9,640625E+2	9,401523E-1	9,640625E+2	1,723885E-1	9,640625E+2	5,278838E-1	9,640625E+2	-9,194692E-2
9,656250E+2	8,357661E-1	9,656250E+2	1,910103E-2	9,656250E+2	7,671819E-1	9,656250E+2	-3,135903E-1	9,656250E+2	8,445828E-1	9,656250E+2	2,568488E-1	9,656250E+2	5,378891E-1	9,656250E+2	-1,077669E-1
9,671875E+2	8,357713E-1	9,671875E+2	1,179146E-2	9,671875E+2	8,393205E-1	9,671875E+2	-4,641809E-2	9,671875E+2	8,423528E-1	9,671875E+2	2,632019E-1	9,671875E+2	5,432256E-1	9,671875E+2	-1,116323E-1
9,687500E+2	8,357807E-1	9,687500E+2	5,011765E-3	9,687500E+2	7,897409E-1	9,687500E+2	6,663118E-2	9,687500E+2	8,400388E-1	9,687500E+2	2,697904E-1	9,687500E+2	5,486896E-1	9,687500E+2	-1,151926E-1
9,703125E+2	8,328329E-1	9,703125E+2	-1,585633E-2	9,703125E+2	7,907878E-1	9,703125E+2	7,185041E-2	9,703125E+2	8,370503E-1	9,703125E+2	2,775475E-1	9,703125E+2	5,526565E-1	9,703125E+2	-1,142438E-1
9,718750E+2	8,299096E-1	9,718750E+2	-3,573553E-2	9,718750E+2	7,918405E-1	9,718750E+2	7,736647E-2	9,718750E+2	8,339254E-1	9,718750E+2	2,855008E-1	9,718750E+2	5,566389E-1	9,718750E+2	-1,131037E-1
9,734375E+2	8,424824E-1	9,734375E+2	1,577331E-1	9,734375E+2	7,924950E-1	9,734375E+2	8,371505E-2	9,734375E+2	8,306414E-1	9,734375E+2	2,941941E-1	9,734375E+2	5,589349E-1	9,734375E+2	-1,075482E-1
9,750000E+2	7,905722E-1	9,750000E+2	2,345109E-1	9,750000E+2	7,931256E-1	9,750000E+2	9,034438E-2	9,750000E+2	8,271578E-1	9,750000E+2	3,030687E-1	9,750000E+2	5,610978E-1	9,750000E+2	-1,019886E-1
9,765625E+2	7,935569E-1	9,765625E+2	2,278310E-1	9,765625E+2	7,933126E-1	9,765625E+2	9,809490E-2	9,765625E+2	8,235495E-1	9,765625E+2	3,124656E-1	9,765625E+2	5,622513E-1	9,765625E+2	-9,469497E-2
9,781250E+2	7,965443E-1	9,781250E+2	2,219479E-1	9,781250E+2	7,933975E-1	9,781250E+2	1,060963E-1	9,781250E+2	8,196743E-1	9,781250E+2	3,220265E-1	9,781250E+2	5,632163E-1	9,781250E+2	-8,749775E-2
9,796875E+2	7,972333E-1	9,796875E+2	2,203560E-1	9,796875E+2	7,935675E-1	9,796875E+2	1,151940E-1	9,796875E+2	8,165041E-1	9,796875E+2	3,318583E-1	9,796875E+2	5,640765E-1	9,796875E+2	-8,041296E-2
9,812500E+2	7,978742E-1	9,812500E+2	2,193947E-1	9,812500E+2	7,935508E-1	9,812500E+2	1,245236E-1	9,812500E+2	8,129666E-1	9,812500E+2	3,418461E-1	9,812500E+2	5,647453E-1	9,812500E+2	-7,344146E-2
9,828125E+2	7,980588E-1	9,828125E+2	2,199438E-1	9,828125E+2	6,948050E-1	9,828125E+2	-2,979760E-1	9,828125E+2	6,088690E-1	9,828125E+2	-3,906444E-1	9,828125E+2	5,670639E-1	9,828125E+2	-6,655050E-2
9,843750E+2	7,981517E-1	9,843750E+2	2,210769E-1	9,843750E+2	5,171647E-1	9,843750E+2	-6,405483E-1	9,843750E+2	3,304455E-1	9,843750E+2	-7,985054E-1	9,843750E+2	5,691325E-1	9,843750E+2	-5,966016E-2
9,859375E+2	7,189951E-1	9,859375E+2	-1,806881E-1	9,859375E+2	5,339906E-1	9,859375E+2	-6,224429E-1	9,859375E+2	3,559298E-1	9,859375E+2	-7,781651E-1	9,859375E+2	5,725112E-1	9,859375E+2	-5,270898E-2
9,875000E+2	5,539781E-1	9,875000E+2	-5,241799E-1	9,875000E+2	5,496105E-1	9,875000E+2	-6,038607E-1	9,875000E+2	3,783446E-1	9,875000E+2	-7,563013E-1	9,875000E+2	5,755743E-1	9,875000E+2	-4,568489E-2
9,890625E+2	5,678865E-1	9,890625E+2	-5,019851E-1	9,890625E+2	5,631632E-1	9,890625E+2	-5,833516E-1	9,890625E+2	4,019251E-1	9,890625E+2	-7,308614E-1	9,890625E+2	5,786040E-1	9,890625E+2	-3,950486E-2
9,906250E+2	5,795442E-1	9,906250E+2	-4,792705E-1	9,906250E+2	5,754080E-1	9,906250E+2	-5,628363E-1	9,906250E+2	4,211521E-1	9,906250E+2	-7,045054E-1	9,906250E+2	5,813096E-1	9,906250E+2	-3,325045E-2
9,921875E+2	6,000699E-1	9,921875E+2	-4,514179E-1	9,921875E+2	5,859884E-1	9,921875E+2	-5,373451E-1	9,921875E+2	4,519939E-1	9,921875E+2	-6,894107E-1	9,921875E+2	5,859156E-1	9,921875E+2	-3,582021E-2
9,937500E+2	6,162913E-1	9,937500E+2	-4,216939E-1	9,937500E+2	5,949517E-1	9,937500E+2	-5,124794E-1	9,937500E+2	4,820308E-1	9,937500E+2	-6,681594E-1	9,937500E+2	5,905338E-1	9,937500E+2	-3,786894E-2
9,953125E+2	6,531248E-1	9,953125E+2	-3,878451E-1	9,953125E+2	6,168190E-1	9,953125E+2	-4,905641E-1	9,953125E+2	8,174816E-1	9,953125E+2	-7,153170E-1	9,953125E+2	5,955315E-1	9,953125E+2	-4,663835E-2
9,968750E+2	6,803725E-1	9,968750E+2	-3,456132E-1	9,968750E+2	6,363990E-1	9,968750E+2	-4,657108E-1	9,968750E+2	8,278392E-1	9,968750E+2	-1,691034E-1	9,968750E+2	6,007400E-1	9,968750E+2	-5,458400E-2
9,984375E+2	7,511011E-1	9,984375E+2	-2,701136E-1	9,984375E+2	6,780992E-1	9,984375E+2	-4,411438E-1	9,984375E+2	8,286560E-1	9,984375E+2	-1,516152E-1	9,984375E+2	6,070479E-1	9,984375E+2	-6,897548E-2
1,000000E+3	7,703102E-1	1,000000E+3	-1,747314E-1	1,000000E+3	7,134947E-1	1,000000E+3	-4,050540E-1	1,000000E+3	8,291633E-1	1,000000E+3	-1,329913E-1	1,000000E+3	6,137011E-1	1,000000E+3	-8,215026E-2
1,001562E+3	8,006110E-1	1,001562E+3	-1,051146E-1	1,001562E+3	7,911992E-1	1,001562E+3	-3,029631E-1	1,001562E+3	8,330717E-1	1,001562E+3	-1,231357E-1	1,001562E+3	6,180556E-1	1,001562E+3	-1,029403E-1
1,003125E+3	7,966831E-1	1,003125E+3	-2,822750E-2	1,003125E+3	7,953682E-1	1,003125E+3	-1,883375E-1	1,003125E+3	8,375918E-1	1,003125E+3	-1,126525E-1	1,003125E+3	6,232354E-1	1,003125E+3	-1,219185E-1
1,004687E+3	8,077434E-1	1,004687E+3	2,602328E-2	1,004687E+3	8,230238E-1	1,004687E+3	-8,762320E-2	1,004687E+3	8,408314E-1	1,004687E+3	-1,049278E-1	1,004687E+3	6,173171E-1	1,004687E+3	-1,223754E-1
1,006250E+3	7,843607E-1	1,006250E+3	8,079482E-2	1,006250E+3	7,659343E-1	1,006250E+3	-5,758751E-4	1,006250E+3	8,446383E-1	1,006250E+3	-9,626013E-2	1,006250E+3	6,104982E-1	1,006250E+3	-1,230218E-1
1,007812E+3	7,857923E-1	1,007812E+3	8,527978E-2	1,007812E+3	7,688645E-1	1,007812E+3	8,999500E-3	1,007812E+3	8,477341E-1	1,007812E+3	-8,941686E-2	1,007812E+3	6,025292E-1	1,007812E+3	-1,032059E-1
1,009375E+3	7,874164E-1	1,009375E+3	9,118794E-2	1,009375E+3	7,719489E-1	1,009375E+3	1,906433E-2	1,009375E+3	8,514180E-1	1,009375E+3	-8,136417E-2	1,009375E+3	5,865153E-1	1,009375E+3	-8,984159E-2
1,010937E+3	7,833229E-1	1,010937E+3	6,896674E-2	1,010937E+3	7,747632E-1	1,010937E+3	2,770562E-2	1,010937E+3	7,271927E-1	1,010937E+3	-1,231998E-1	1,010937E+3	5,911445E-1	1,010937E+3	-9,141789E-2
1,012500E+3	7,861531E-1	1,012500E+3	4,773950E-2	1,012500E+3	7,776258E-1	1,012500E+3	3,677839E-2	1,012500E+3	7,078574E-1	1,012500E+3	-3,579032E-1	1,012500E+3	5,956516E-1	1,012500E+3	-9,113239E-2
1,014062E+3	7,635730E-1	1,014062E+3	-1,483393E-2	1,014062E+3	7,816111E-1	1,014062E+3	4,442112E-2	1,014062E+3	7,187003E-1	1,014062E+3	-3,387293E-1	1,014062E+3	5,627933E-1	1,014062E+3	-2,032751E-1
1,015625E+3	7,714258E-1	1,015625E+3	-8,552237E-2	1,015625E+3	7,854293E-1	1,015625E+3	5,255691E-2	1,015625E+3	7,289901E-1	1,015625E+3	-3,193575E-1	1,015625E+3	5,633870E-1	1,015625E+3	-3,145146E-1
1,017187E+3	7,669748E-1	1,017187E+3	-9,088176E-2	1,017187E+3	7,771758E-1	1,017187E+3	3,979767E-2	1,017187E+3	7,371413E-1	1,017187E+3	-3,025291E-1	1,017187E+3	5,698459E-1	1,017187E+3	-2,986072E-1
1,018750E+3	7,653908E-1	1,018750E+3	-9,724171E-2	1,018750E+3	7,727475E-1	1,018750E+3	2,691470E-2	1,018750E+3	7,448900E-1	1,018750E+3	-2,856209E-1	1,018750E+3	5,757215E-1	1,018750E+3	-2,825372E-1
1,020312E+3	7,635254E-1	1,020312E+3	-9,321543E-2	1,020312E+3	7,514607E-1	1,020312E+3	-3,708895E-2	1,020312E+3	7,496387E-1	1,020312E+3	-2,718371E-1	1,020312E+3	5,807686E-1	1,020312E+3	-2,674297E-1
1,021875E+3	7,626460E-1	1,021875E+3	-8,956053E-2	1,021875E+3	7,621645E-1	1,021875E+3	-9,891971E-2	1,021875E+3	7,541496E-1	1,021875E+3	-2,580835E-1	1,021875E+3	5,853315E-1	1,021875E+3	-2,522192E-1
1,023437E+3	7,621135E-1	1,023437E+3	-8,410635E-2	1,023437E+3	7,538006E-1	1,023437E+3	-1,163318E-1	1,023437E+3	6,568549E-1	1,023437E+3	-3,386615E-1	1,023437E+3	5,894874E-1	1,023437E+3	-2,374870E-1
1,025000E+3	7,622114E-1	1,025000E+3	-7,898446E-2	1,025000E+3	7,527924E-1	1,025000E+3	-1,367072E-1	1,025000E+3	4,244537E-1	1,025000E+3	-7,646334E-1	1,025000E+3	5,932040E-1	1,025000E+3	-2,226753E-1
1,026562E+3	7,619249E-1	1,026562E+3	-7,397103E-2	1,026562E+3	7,499016E-1	1,026562E+3	-1,385638E-1	1,026562E+3	4,206153E-1	1,026562E+3	-7,587278E-1	1,026562E+3	5,968458E-1	1,026562E+3	-2,080280E-1
1,028125E+3	7,622212E-1	1,028125E+3	-6,925222E-2	1,028125E+3	7,492188E-1	1,028125E+3	-1,417519E-1	1,028125E+3	4,147747E-1	1,028125E+3	-7,536032E-1	1,028125E+3	5,999987E-1	1,028125E+3	-1,932787E-1
1,029687E+3	6,754021E-1	1,029687E+3	-1,500846E-1	1,029687E+3	7,477994E-1	1,029687E+3	-1,391509E-1	1,029687E+3	4,092299E-1	1,029687E+3	-7,582104E-1	1,029687E+3	6,013483E-1	1,029687E+3	-1,804726E-1
1,031250E+3	5,238384E-1	1,031250E+3	-5,068874E-1	1,031250E+3	7,474966E-1	1,031250E+3	-1,373045E-1	1,031250E+3	4,016617E-1	1,031250E+3	-7,646680E-1	1,031250E+3	6,022120E-1	1,031250E+3	-1,677931E-1
1,032812E+3	5,044979E-1	1,032812E+3	-5,025149E-1	1,032812E+3	6,524799E-1	1,032812E+3	-2,196538E-1	1,032812E+3	3,974105E-1	1,032812E+3	-7,645137E-1	1,032812E+3	6,046255E-1	1,032812E+3	-1,587933E-1
1,034375E+3	4,819638E-1	1,034375E+3	-4,995185E-1	1,034375E+3	5,530246E-1	1,034375E+3	-5,795104E-1	1,034375E+3	3,915020E-1	1,034375E+3	-7,652383E-1	1,034375E+3	6,070217E-1	1,034375E+3	-1,497742E-1
1,035937E+3	4,770148E-1	1,035937E+3	-4,940250E-1	1,035937E+3	5,546763E-1	1,035937E+3	-5,750824E-1	1,035937E+3	3,951520E-1	1,035937E+3	-7,603068E-1	1,035937E+3	6,090719E-1	1,035937E+3	-1,407899E-1
1,037500E+3	4,709302E-1	1,037500E+3	-4,894011E-1	1,037500E+3	5,561994E-1	1,037500E+3	-5,712914E-1	1,037500E+3	3,980537E-1	1,037500E+3	-7,557381E-1	1,037500E+3	6,111142E-1	1,037500E+3	-1,317870E-1
1,039062E+3	4,696660E-1	1,039062E+3	-4,852155E-1	1,039062E+3	5,512808E-1	1,039062E+3	-5,727521E-1	1,039062E+3	4,040689E-1	1,039062E+3	-7,481526E-1	1,039062E+3	6,129072E-1	1,039062E+3	-1,228896E-1
1,040625E+3	4,676840E-1	1,040625E+3	-4,816841E-1	1,040625E+3	5,450102E-1	1,040625E+3	-5,758637E-1	1,040625E+3	4,099600E-1	1,040625E+3	-7,408400E-1	1,040625E+3	6,147054E-1	1,040625E+3	-1,139689E-1
1,042187E+3	4,730851E-1	1,042187E+3	-4,770606E-1	1,042187E+3	5,361727E-1	1,042187E+3	-5,800475E-1	1,042187E+3	4,175496E-1	1,042187E+3	-7,458315E-1	1,042187E+3	6,171141E-1	1,042187E+3	-1,059839E-1
1,043750E+3	4,783072E-1	1,043750E+3	-4,726179E-1	1,043750E+3	5,252182E-1	1,043750E+3	-5,863146E-1	1,043750E+3	4,263747E-1	1,043750E+3	-7,490918E-1	1,043750E+3	6,196048E-1	1,043750E+3	-9,789499E-2
1,045312E+3	4,859825E-1	1,045312E+3	-4,794690E-1	1,045312E+3	5,122960E-1	1,045312E+3	-5,918640E-1	1,045312E+3	4,118682E-1	1,045312E+3	-7,516720E-1	1,045312E+3	6,221132E-1	1,045312E+3	-8,994929E-2
1,046875E+3	4,945267E-1	1,046875E+3	-4,854142E-1	1,046875E+3	4,964055E-1	1,046875E+3	-5,995586E-1	1,046875E+3	3,941360E-1	1,046875E+3	-7,553954E-1	1,046875E+3	6,247133E-1	1,046875E+3	-8,187397E-2
1,048437E+3	4,790537E-1	1,048437E+3	-4,852470E-1	1,048437E+3	4,931961E-1	1,048437E+3	-6,082243E-1	1,048437E+3	3,795293E-1	1,048437E+3	-7,562703E-1	1,048437E+3	6,194334E-1	1,048437E+3	-1,122121E-1
1,050000E+3	4,608698E-1	1,050000E+3	-4,858988E-1	1,050000E+3	4,941623E-1	1,050000E+3	-6,132525E-1	1,050000E+3	3,620330E-1	1,050000E+3	-7,579077E-1	1,050000E+3	6,193403E-1	1,050000E+3	-1,379089E-1
1,051562E+3	4,492357E-1	1,051562E+3	-4,798378E-1	1,051562E+3	4,853510E-1	1,051562E+3	-6,131673E-1	1,051562E+3	3,456179E-1	1,051562E+3	-7,577787E-1	1,051562E+3	6,203770E-1	1,051562E+3	-1,592674E-1
1,053125E+3	4,357140E-1	1,053125E+3	-4,740607E-1	1,053125E+3	4,746630E-1	1,053125E+3	-6,142602E-1	1,053125E+3	3,261024E-1	1,053125E+3	-7,581222E-1	1,053125E+3	6,268464E-1	1,053125E+3	-1,824932E-1
1,054687E+3	4,417665E-1	1,054687E+3	-4,909238E-1	1,054687E+3	4,644753E-1	1,054687E+3	-6,149997E-1	1,054687E+3	3,096228E-1	1,054687E+3	-7,570730E-1	1,054687E+3	5,814459E-1	1,054687E+3	-2,587165E-1
1,056250E+3	4,504174E-1	1,056250E+3	-5,028733E-1	1,056250E+3	4,521936E-1	1,056250E+3	-6,169376E-1	1,056250E+3	2,901036E-1	1,056250E+3	-7,562981E-1	1,056250E+3	5,844988E-1	1,056250E+3	-4,111301E-1
1,057812E+3	4,445219E-1	1,057812E+3	-4,966754E-1	1,057812E+3	4,429833E-1	1,057812E+3	-6,163214E-1	1,057812E+3	2,751386E-1	1,057812E+3	-7,560154E-1	1,057812E+3	5,839999E-1	1,057812E+3	-4,150384E-1
1,059375E+3	4,375145E-1	1,059375E+3	-4,907202E-1	1,059375E+3	4,319019E-1	1,059375E+3	-6,166052E-1	1,059375E+3	2,573904E-1	1,059375E+3	-7,561026E-1	1,059375E+3	5,837662E-1	1,059375E+3	-4,205974E-1
1,060937E+3	4,301378E-1	1,060937E+3	-4,841958E-1	1,060937E+3	4,269906E-1	1,060937E+3	-6,144606E-1	1,060937E+3	2,408099E-1	1,060937E+3	-7,565658E-1	1,060937E+3	5,792864E-1	1,060937E+3	-4,320262E-1
1,062500E+3	4,214453E-1	1,062500E+3	-4,778054E-1	1,062500E+3	4,208588E-1	1,062500E+3	-6,129173E-1	1,062500E+3	2,212799E-1	1,062500E+3	-7,572831E-1	1,062500E+3	5,746786E-1	1,062500E+3	-4,462883E-1
1,064062E+3	4,136960E-1	1,064062E+3	-4,699853E-1	1,064062E+3	4,159337E-1	1,064062E+3	-6,121863E-1	1,064062E+3	1,988847E-1	1,064062E+3	-7,569355E-1	1,064062E+3	5,553414E-1	1,064062E+3	-4,678095E-1
1,065625E+3	4,045238E-1	1,065625E+3	-4,621534E-1	1,065625E+3	4,097763E-1	1,065625E+3	-6,121505E-1	1,065625E+3	1,726899E-1	1,065625E+3	-7,562883E-1	1,065625E+3	5,403885E-1	1,065625E+3	-4,865126E-1
1,067187E+3	3,975902E-1	1,067187E+3	-4,544248E-1	1,067187E+3	4,026480E-1	1,067187E+3	-6,121338E-1	1,067187E+3	1,294830E-1	1,067187E+3	-7,529830E-1	1,067187E+3	5,363221E-1	1,067187E+3	-4,913947E-1
1,068750E+3	3,893968E-1	1,068750E+3	-4,466922E-1	1,068750E+3	3,940191E-1	1,068750E+3	-6,128170E-1	1,068750E+3	7,786179E-2	1,068750E+3	-7,465587E-1	1,068750E+3	5,324381E-1	1,068750E+3	-4,968477E-1
1,070312E+3	3,824698E-1	1,070312E+3	-4,387925E-1	1,070312E+3	3,717783E-1	1,070312E+3	-6,325014E-1	1,070312E+3	3,179165E-2	1,070312E+3	-7,353750E-1	1,070312E+3	5,299842E-1	1,070312E+3	-5,010192E-1
1,071875E+3	3,743270E-1	1,071875E+3	-4,308613E-1	1,071875E+3	3,587539E-1	1,071875E+3	-6,451512E-1	1,071875E+3	-2,250821E-2	1,071875E+3	-7,189417E-1	1,071875E+3	5,276372E-1	1,071875E+3	-5,057164E-1
1,073437E+3	3,662417E-1	1,073437E+3	-4,202432E-1	1,073437E+3	3,022852E-1	1,073437E+3	-6,531806E-1	1,073437E+3	-6,285989E-2	1,073437E+3	-7,044005E-1	1,073437E+3	5,233103E-1	1,073437E+3	-5,119000E-1
1,075000E+3	3,567203E-1	1,075000E+3	-4,092393E-1	1,075000E+3	2,303007E-1	1,075000E+3	-6,587581E-1	1,075000E+3	-1,090663E-1	1,075000E+3	-6,850433E-1	1,075000E+3	5,188707E-1	1,075000E+3	-5,191289E-1
1,076562E+3	3,403425E-1	1,076562E+3	-4,250125E-1	1,076562E+3	2,327367E-1	1,076562E+3	-6,589364E-1	1,076562E+3	3,112357E-2	1,076562E+3	-7,510050E-1	1,076562E+3	4,263614E-1	1,076562E+3	-5,410494E-1
1,078125E+3	3,284915E-1	1,078125E+3	-4,375185E-1	1,078125E+3	2,355099E-1	1,078125E+3	-6,590094E-1	1,078125E+3	1,014653E-1	1,078125E+3	-7,627664E-1	1,078125E+3	2,112216E-1	1,078125E+3	-5,637301E-1
1,079687E+3	2,932730E-1	1,079687E+3	-4,467738E-1	1,079687E+3	2,396239E-1	1,079687E+3	-6,590739E-1	1,079687E+3	9,711890E-2	1,079687E+3	-7,581872E-1	1,079687E+3	2,141385E-1	1,079687E+3	-5,679096E-1
1,081250E+3	2,627844E-1	1,081250E+3	-4,518067E-1	1,081250E+3	2,440395E-1	1,081250E+3	-6,590210E-1	1,081250E+3	9,198649E-2	1,081250E+3	-7,535171E-1	1,081250E+3	2,171501E-1	1,081250E+3	-5,723243E-1
1,082812E+3	2,654237E-1	1,082812E+3	-4,515195E-1	1,082812E+3	2,483248E-1	1,082812E+3	-6,578406E-1	1,082812E+3	9,714852E-2	1,082812E+3	-7,508052E-1	1,082812E+3	2,227097E-1	1,082812E+3	-5,766263E-1
1,084375E+3	2,684749E-1	1,084375E+3	-4,510524E-1	1,084375E+3	2,528563E-1	1,084375E+3	-6,566081E-1	1,084375E+3	1,021227E-1	1,084375E+3	-7,480657E-1	1,084375E+3	2,285833E-1	1,084375E+3	-5,809812E-1
1,085937E+3	2,725626E-1	1,085937E+3	-4,513241E-1	1,085937E+3	2,576584E-1	1,085937E+3	-6,547160E-1	1,085937E+3	1,083319E-1	1,085937E+3	-7,458178E-1	1,085937E+3	2,359441E-1	1,085937E+3	-5,840556E-1
1,087500E+3	2,770127E-1	1,087500E+3	-4,513339E-1	1,087500E+3	2,626276E-1	1,087500E+3	-6,527568E-1	1,087500E+3	1,143953E-1	1,087500E+3	-7,435378E-1	1,087500E+3	2,435866E-1	1,087500E+3	-5,870199E-1
1,089062E+3	2,815487E-1	1,089062E+3	-4,506243E-1	1,089062E+3	2,678588E-1	1,089062E+3	-6,500539E-1	1,089062E+3	-4,854472E-2	1,089062E+3	-6,667613E-1	1,089062E+3	2,513314E-1	1,089062E+3	-5,905520E-1
1,090625E+3	2,863362E-1	1,090625E+3	-4,496935E-1	1,090625E+3	2,732045E-1	1,090625E+3	-6,472881E-1	1,090625E+3	-2,412953E-1	1,090625E+3	-4,890766E-1	1,090625E+3	2,594291E-1	1,090625E+3	-5,939401E-1
1,092187E+3	2,909508E-1	1,092187E+3	-4,478391E-1	1,092187E+3	1,797695E-1	1,092187E+3	-6,015917E-1	1,092187E+3	-2,363169E-1	1,092187E+3	-5,112793E-1	1,092187E+3	2,654267E-1	1,092187E+3	-5,967949E-1
1,093750E+3	2,957524E-1	1,093750E+3	-4,458283E-1	1,093750E+3	5,581726E-2	1,093750E+3	-5,088990E-1	1,093750E+3	-2,301726E-1	1,093750E+3	-5,324346E-1	1,093750E+3	2,715991E-1	1,093750E+3	-5,996444E-1
1,095312E+3	3,007367E-1	1,095312E+3	-4,429273E-1	1,095312E+3	5,824727E-2	1,095312E+3	-5,178993E-1	1,095312E+3	-2,307197E-1	1,095312E+3	-5,468777E-1	1,095312E+3	2,733127E-1	1,095312E+3	-6,044630E-1
1,096875E+3	3,058542E-1	1,096875E+3	-4,399023E-1	1,096875E+3	6,120716E-2	1,096875E+3	-5,270109E-1	1,096875E+3	-2,305646E-1	1,096875E+3	-5,612533E-1	1,096875E+3	2,750620E-1	1,096875E+3	-6,097907E-1
1,098437E+3	3,112609E-1	1,098437E+3	-4,364224E-1	1,098437E+3	5,957275E-2	1,098437E+3	-5,270925E-1	1,098437E+3	-2,362452E-1	1,098437E+3	-5,617350E-1	1,098437E+3	2,750694E-1	1,098437E+3	-6,052805E-1
1,100000E+3	3,167444E-1	1,100000E+3	-4,328157E-1	1,100000E+3	5,768305E-2	1,100000E+3	-5,274309E-1	1,100000E+3	-2,420354E-1	1,100000E+3	-5,624250E-1	1,100000E+3	2,744329E-1	1,100000E+3	-6,007072E-1
1,101562E+3	3,119287E-1	1,101562E+3	-4,067193E-1	1,101562E+3	5,483642E-2	1,101562E+3	-5,196965E-1	1,101562E+3	-2,481959E-1	1,101562E+3	-5,534318E-1	1,101562E+3	2,728290E-1	1,101562E+3	-5,996312E-1
1,103125E+3	3,027239E-1	1,103125E+3	-3,707662E-1	1,103125E+3	5,135685E-2	1,103125E+3	-5,117852E-1	1,103125E+3	-2,547233E-1	1,103125E+3	-5,442563E-1	1,103125E+3	2,704094E-1	1,103125E+3	-5,990379E-1
1,104687E+3	3,102718E-1	1,104687E+3	-3,611937E-1	1,104687E+3	4,982761E-2	1,104687E+3	-4,989953E-1	1,104687E+3	-2,607307E-1	1,104687E+3	-5,307033E-1	1,104687E+3	2,694880E-1	1,104687E+3	-5,949983E-1
1,106250E+3	3,177068E-1	1,106250E+3	-3,513366E-1	1,106250E+3	4,779098E-2	1,106250E+3	-4,855840E-1	1,106250E+3	-2,670790E-1	1,106250E+3	-5,166601E-1	1,106250E+3	2,677236E-1	1,106250E+3	-5,911918E-1
1,107812E+3	3,270974E-1	1,107812E+3	-3,399984E-1	1,107812E+3	4,566374E-2	1,107812E+3	-4,709774E-1	1,107812E+3	-2,716855E-1	1,107812E+3	-4,994687E-1	1,107812E+3	2,678418E-1	1,107812E+3	-5,860522E-1
1,109375E+3	3,364924E-1	1,109375E+3	-3,282539E-1	1,109375E+3	4,291414E-2	1,109375E+3	-4,556714E-1	1,109375E+3	-2,764731E-1	1,109375E+3	-4,815984E-1	1,109375E+3	2,672066E-1	1,109375E+3	-5,810012E-1
1,110937E+3	3,458980E-1	1,110937E+3	-3,159266E-1	1,110937E+3	4,201869E-2	1,110937E+3	-4,390795E-1	1,110937E+3	-2,825843E-1	1,110937E+3	-4,641745E-1	1,110937E+3	2,685389E-1	1,110937E+3	-5,750786E-1
1,112500E+3	3,552770E-1	1,112500E+3	-3,031188E-1	1,112500E+3	4,066500E-2	1,112500E+3	-4,216598E-1	1,112500E+3	-2,890107E-1	1,112500E+3	-4,460190E-1	1,112500E+3	2,692466E-1	1,112500E+3	-5,691492E-1
1,114062E+3	3,655470E-1	1,114062E+3	-2,902138E-1	1,114062E+3	3,999967E-2	1,114062E+3	-4,048982E-1	1,114062E+3	-2,939407E-1	1,114062E+3	-4,271587E-1	1,114062E+3	2,716072E-1	1,114062E+3	-5,639666E-1
1,115625E+3	3,758377E-1	1,115625E+3	-2,767919E-1	1,115625E+3	3,893860E-2	1,115625E+3	-3,873064E-1	1,115625E+3	-2,990608E-1	1,115625E+3	-4,075276E-1	1,115625E+3	2,734715E-1	1,115625E+3	-5,588747E-1
1,117187E+3	3,872241E-1	1,117187E+3	-2,637346E-1	1,117187E+3	3,859041E-2	1,117187E+3	-3,705932E-1	1,117187E+3	-2,975118E-1	1,117187E+3	-4,566560E-1	1,117187E+3	2,772860E-1	1,117187E+3	-5,543957E-1
1,118750E+3	3,986990E-1	1,118750E+3	-2,501616E-1	1,118750E+3	3,787829E-2	1,118750E+3	-3,530964E-1	1,118750E+3	-2,924332E-1	1,118750E+3	-4,841736E-1	1,118750E+3	2,807756E-1	1,118750E+3	-5,500472E-1
1,120312E+3	4,097986E-1	1,120312E+3	-2,364341E-1	1,120312E+3	3,773481E-2	1,120312E+3	-3,365278E-1	1,120312E+3	-2,977160E-1	1,120312E+3	-4,720586E-1	1,120312E+3	2,863802E-1	1,120312E+3	-5,461228E-1
1,121875E+3	4,209198E-1	1,121875E+3	-2,221298E-1	1,121875E+3	3,721257E-2	1,121875E+3	-3,192469E-1	1,121875E+3	-3,031549E-1	1,121875E+3	-4,597152E-1	1,121875E+3	2,918484E-1	1,121875E+3	-5,423284E-1
1,123437E+3	4,334014E-1	1,123437E+3	-2,085785E-1	1,123437E+3	3,813526E-2	1,123437E+3	-3,030925E-1	1,123437E+3	-3,074274E-1	1,123437E+3	-4,480739E-1	1,123437E+3	2,995753E-1	1,123437E+3	-5,388098E-1
1,125000E+3	4,459828E-1	1,125000E+3	-1,944699E-1	1,125000E+3	3,878041E-2	1,125000E+3	-2,863060E-1	1,125000E+3	-3,118984E-1	1,125000E+3	-4,363274E-1	1,125000E+3	3,073588E-1	1,125000E+3	-5,353843E-1
1,126562E+3	4,583939E-1	1,126562E+3	-1,800689E-1	1,126562E+3	4,124186E-2	1,126562E+3	-2,708884E-1	1,126562E+3	-3,159757E-1	1,126562E+3	-4,264710E-1	1,126562E+3	3,167589E-1	1,126562E+3	-5,320496E-1
1,128125E+3	4,708472E-1	1,128125E+3	-1,650297E-1	1,128125E+3	4,355188E-2	1,128125E+3	-2,549398E-1	1,128125E+3	-3,202048E-1	1,128125E+3	-4,165633E-1	1,128125E+3	3,263700E-1	1,128125E+3	-5,287589E-1
1,129687E+3	4,840039E-1	1,129687E+3	-1,500128E-1	1,129687E+3	4,795395E-2	1,129687E+3	-2,406688E-1	1,129687E+3	-3,226896E-1	1,129687E+3	-4,075034E-1	1,129687E+3	3,382301E-1	1,129687E+3	-5,257633E-1
1,131250E+3	4,972125E-1	1,131250E+3	-1,342903E-1	1,131250E+3	5,233699E-2	1,131250E+3	-2,259859E-1	1,131250E+3	-3,252762E-1	1,131250E+3	-3,984661E-1	1,131250E+3	3,504611E-1	1,131250E+3	-5,227222E-1
1,132812E+3	3,580968E-1	1,132812E+3	-2,986128E-1	1,132812E+3	-1,983429E-2	1,132812E+3	-3,585198E-1	1,132812E+3	-3,276338E-1	1,132812E+3	-3,908927E-1	1,132812E+3	3,644304E-1	1,132812E+3	-5,202378E-1
1,134375E+3	3,141835E-1	1,134375E+3	-3,625036E-1	1,134375E+3	-3,590241E-2	1,134375E+3	-4,139051E-1	1,134375E+3	-3,300980E-1	1,134375E+3	-3,834166E-1	1,134375E+3	3,788790E-1	1,134375E+3	-5,176186E-1
1,135937E+3	3,205058E-1	1,135937E+3	-3,567674E-1	1,135937E+3	-3,350644E-2	1,135937E+3	-4,078739E-1	1,135937E+3	-3,306153E-1	1,135937E+3	-3,766811E-1	1,135937E+3	2,426981E-1	1,135937E+3	-5,941778E-1
1,137500E+3	3,268163E-1	1,137500E+3	-3,509439E-1	1,137500E+3	-3,115706E-2	1,137500E+3	-4,019325E-1	1,137500E+3	-3,311925E-1	1,137500E+3	-3,700895E-1	1,137500E+3	2,007034E-1	1,137500E+3	-6,231374E-1
1,139062E+3	3,333597E-1	1,139062E+3	-3,451216E-1	1,139062E+3	-2,781661E-2	1,139062E+3	-3,964903E-1	1,139062E+3	-3,309893E-1	1,139062E+3	-3,648171E-1	1,139062E+3	2,061513E-1	1,139062E+3	-6,206105E-1
1,140625E+3	3,398977E-1	1,140625E+3	-3,391914E-1	1,140625E+3	-2,448272E-2	1,140625E+3	-3,911354E-1	1,140625E+3	-3,307729E-1	1,140625E+3	-3,597140E-1	1,140625E+3	2,117692E-1	1,140625E+3	-6,180982E-1
1,142187E+3	3,463516E-1	1,142187E+3	-3,330754E-1	1,142187E+3	-2,185470E-2	1,142187E+3	-3,865940E-1	1,142187E+3	-3,290175E-1	1,142187E+3	-3,553835E-1	1,142187E+3	2,173820E-1	1,142187E+3	-6,163156E-1
1,143750E+3	3,527964E-1	1,143750E+3	-3,268463E-1	1,143750E+3	-1,921059E-2	1,143750E+3	-3,821780E-1	1,143750E+3	-3,272737E-1	1,143750E+3	-3,512616E-1	1,143750E+3	2,232265E-1	1,143750E+3	-6,145543E-1
1,145312E+3	3,594261E-1	1,145312E+3	-3,212204E-1	1,145312E+3	-1,564468E-2	1,145312E+3	-3,782491E-1	1,145312E+3	-3,246304E-1	1,145312E+3	-3,485023E-1	1,145312E+3	2,293600E-1	1,145312E+3	-6,132816E-1
1,146875E+3	3,660710E-1	1,146875E+3	-3,154514E-1	1,146875E+3	-1,201713E-2	1,146875E+3	-3,744214E-1	1,146875E+3	-3,219285E-1	1,146875E+3	-3,459482E-1	1,146875E+3	2,357730E-1	1,146875E+3	-6,119398E-1
1,148437E+3	3,719916E-1	1,148437E+3	-3,093122E-1	1,148437E+3	-7,708294E-3	1,148437E+3	-3,710309E-1	1,148437E+3	-3,187396E-1	1,148437E+3	-3,445496E-1	1,148437E+3	2,422705E-1	1,148437E+3	-6,105231E-1
1,150000E+3	3,779263E-1	1,150000E+3	-3,030525E-1	1,150000E+3	-3,312550E-3	1,150000E+3	-3,677248E-1	1,150000E+3	-3,154801E-1	1,150000E+3	-3,433616E-1	1,150000E+3	2,490745E-1	1,150000E+3	-6,089947E-1
1,151562E+3	3,837507E-1	1,151562E+3	-2,973782E-1	1,151562E+3	1,326579E-3	1,151562E+3	-3,656954E-1	1,151562E+3	-3,111904E-1	1,151562E+3	-3,436164E-1	1,151562E+3	2,556429E-1	1,151562E+3	-6,082947E-1
1,153125E+3	3,896147E-1	1,153125E+3	-2,915577E-1	1,153125E+3	6,120717E-3	1,153125E+3	-3,636912E-1	1,153125E+3	-3,067778E-1	1,153125E+3	-3,440405E-1	1,153125E+3	2,625778E-1	1,153125E+3	-6,074444E-1
1,154687E+3	4,506111E-1	1,154687E+3	-1,664171E-1	1,154687E+3	-2,293391E-2	1,154687E+3	-1,603477E-1	1,154687E+3	-3,599143E-1	1,154687E+3	-1,479565E-2	1,154687E+3	2,695291E-1	1,154687E+3	-6,067581E-1
1,156250E+3	5,458791E-1	1,156250E+3	1,083795E-1	1,156250E+3	4,556510E-3	1,156250E+3	1,813554E-1	1,156250E+3	-2,010562E-1	1,156250E+3	4,916744E-1	1,156250E+3	2,768678E-1	1,156250E+3	-6,058495E-1
1,157812E+3	5,478504E-1	1,157812E+3	1,091240E-1	1,157812E+3	1,513953E-3	1,157812E+3	1,587068E-1	1,157812E+3	-2,217260E-1	1,157812E+3	4,629572E-1	1,157812E+3	2,174865E-1	1,157812E+3	-5,717689E-1
1,159375E+3	5,501929E-1	1,159375E+3	1,106923E-1	1,159375E+3	1,416639E-4	1,159375E+3	1,372049E-1	1,159375E+3	-2,399554E-1	1,159375E+3	4,339753E-1	1,159375E+3	1,036264E-1	1,159375E+3	-5,040092E-1
1,160937E+3	5,518095E-1	1,160937E+3	1,116892E-1	1,160937E+3	-2,272847E-3	1,160937E+3	1,174849E-1	1,160937E+3	-2,564257E-1	1,160937E+3	4,042999E-1	1,160937E+3	1,241844E-1	1,160937E+3	-5,162642E-1
1,162500E+3	5,538041E-1	1,162500E+3	1,135088E-1	1,162500E+3	-3,049765E-3	1,162500E+3	9,868461E-2	1,162500E+3	-2,706101E-1	1,162500E+3	3,747502E-1	1,162500E+3	1,453072E-1	1,162500E+3	-5,268071E-1
1,164062E+3	5,569999E-1	1,164062E+3	1,138318E-1	1,164062E+3	-1,834918E-3	1,164062E+3	7,898289E-2	1,164062E+3	-2,836468E-1	1,164062E+3	3,456941E-1	1,164062E+3	1,630386E-1	1,164062E+3	-5,368556E-1
1,165625E+3	5,604575E-1	1,165625E+3	1,151295E-1	1,165625E+3	6,336242E-4	1,165625E+3	6,049970E-2	1,165625E+3	-2,945053E-1	1,165625E+3	3,168804E-1	1,165625E+3	1,816228E-1	1,165625E+3	-5,453259E-1
1,167187E+3	5,618161E-1	1,167187E+3	1,175333E-1	1,167187E+3	1,828660E-3	1,167187E+3	4,318513E-2	1,167187E+3	-3,041395E-1	1,167187E+3	2,883945E-1	1,167187E+3	1,984793E-1	1,167187E+3	-5,555553E-1
1,168750E+3	5,635033E-1	1,168750E+3	1,207168E-1	1,168750E+3	4,329380E-3	1,168750E+3	2,693520E-2	1,168750E+3	-3,117620E-1	1,168750E+3	2,603539E-1	1,168750E+3	2,162284E-1	1,168750E+3	-5,640793E-1
1,170312E+3	5,676062E-1	1,170312E+3	1,219058E-1	1,170312E+3	7,446496E-3	1,170312E+3	9,944984E-3	1,170312E+3	-3,183967E-1	1,170312E+3	2,326574E-1	1,170312E+3	2,294817E-1	1,170312E+3	-5,735076E-1
1,171875E+3	5,718483E-1	1,171875E+3	1,241050E-1	1,171875E+3	1,170963E-2	1,171875E+3	-5,791825E-3	1,171875E+3	-3,231802E-1	1,171875E+3	2,055938E-1	1,171875E+3	2,440648E-1	1,171875E+3	-5,811796E-1
1,173437E+3	5,750944E-1	1,173437E+3	1,257300E-1	1,173437E+3	1,503172E-2	1,173437E+3	-2,160341E-2	1,173437E+3	-3,263237E-1	1,173437E+3	1,776338E-1	1,173437E+3	2,550506E-1	1,173437E+3	-5,924094E-1
1,175000E+3	5,785302E-1	1,175000E+3	1,283453E-1	1,175000E+3	1,947762E-2	1,175000E+3	-3,612095E-2	1,175000E+3	-3,277760E-1	1,175000E+3	1,506717E-1	1,175000E+3	2,677055E-1	1,175000E+3	-6,013865E-1
1,176562E+3	5,818648E-1	1,176562E+3	1,297344E-1	1,176562E+3	2,243035E-2	1,176562E+3	-5,214038E-2	1,176562E+3	-3,300610E-1	1,176562E+3	1,235804E-1	1,176562E+3	-7,906060E-2	1,176562E+3	-5,674764E-1
1,178125E+3	5,853720E-1	1,178125E+3	1,321963E-1	1,178125E+3	2,673651E-2	1,178125E+3	-6,663482E-2	1,178125E+3	-3,305594E-1	1,178125E+3	9,761256E-2	1,178125E+3	-9,613709E-2	1,178125E+3	-6,046480E-1
1,179687E+3	5,858450E-1	1,179687E+3	1,323742E-1	1,179687E+3	-1,395588E-1	1,179687E+3	-1,954907E-1	1,179687E+3	-4,016042E-1	1,179687E+3	-9,115544E-2	1,179687E+3	-8,384592E-2	1,179687E+3	-6,035333E-1
1,181250E+3	5,867961E-1	1,181250E+3	1,336955E-1	1,181250E+3	-1,338961E-1	1,181250E+3	-2,318859E-1	1,181250E+3	-3,807044E-1	1,181250E+3	-1,152416E-1	1,181250E+3	-7,187465E-2	1,181250E+3	-6,028101E-1
1,182812E+3	5,894406E-1	1,182812E+3	1,311239E-1	1,182812E+3	-1,268255E-1	1,182812E+3	-2,330306E-1	1,182812E+3	-3,738291E-1	1,182812E+3	-1,216632E-1	1,182812E+3	-6,062475E-2	1,182812E+3	-6,009743E-1
1,184375E+3	5,923928E-1	1,184375E+3	1,301390E-1	1,184375E+3	-1,198826E-1	1,184375E+3	-2,342286E-1	1,184375E+3	-3,669431E-1	1,184375E+3	-1,278243E-1	1,184375E+3	-4,981120E-2	1,184375E+3	-5,996759E-1
1,185937E+3	2,949403E-1	1,185937E+3	-3,327196E-1	1,185937E+3	-1,130227E-1	1,185937E+3	-2,348517E-1	1,185937E+3	-3,599402E-1	1,185937E+3	-1,334689E-1	1,185937E+3	-4,028385E-2	1,185937E+3	-5,974881E-1
1,187500E+3	2,809430E-1	1,187500E+3	-4,004484E-1	1,187500E+3	-1,063449E-1	1,187500E+3	-2,355856E-1	1,187500E+3	-3,530247E-1	1,187500E+3	-1,388702E-1	1,187500E+3	-3,121581E-2	1,187500E+3	-5,962514E-1
1,189062E+3	2,870351E-1	1,189062E+3	-3,954673E-1	1,189062E+3	-1,000235E-1	1,189062E+3	-2,359280E-1	1,189062E+3	-3,457433E-1	1,189062E+3	-1,437543E-1	1,189062E+3	-2,222583E-2	1,189062E+3	-5,931594E-1
1,190625E+3	2,935353E-1	1,190625E+3	-3,907294E-1	1,190625E+3	-9,390710E-2	1,190625E+3	-2,365435E-1	1,190625E+3	-3,386868E-1	1,190625E+3	-1,484172E-1	1,190625E+3	-1,396472E-2	1,190625E+3	-5,910611E-1
1,192187E+3	2,984070E-1	1,192187E+3	-3,862000E-1	1,192187E+3	-8,831978E-2	1,192187E+3	-2,363599E-1	1,192187E+3	-3,316168E-1	1,192187E+3	-1,525138E-1	1,192187E+3	-6,529959E-3	1,192187E+3	-5,877282E-1
1,193750E+3	3,039268E-1	1,193750E+3	-3,820475E-1	1,193750E+3	-8,299735E-2	1,193750E+3	-2,365659E-1	1,193750E+3	-3,248346E-1	1,193750E+3	-1,563853E-1	1,193750E+3	5,849224E-5	1,193750E+3	-5,857245E-1
1,195312E+3	3,078297E-1	1,195312E+3	-3,776810E-1	1,195312E+3	-7,806032E-2	1,195312E+3	-2,360336E-1	1,195312E+3	-3,177441E-1	1,195312E+3	-1,596758E-1	1,195312E+3	6,036920E-3	1,195312E+3	-5,822683E-1
1,196875E+3	3,125591E-1	1,196875E+3	-3,739001E-1	1,196875E+3	-7,345719E-2	1,196875E+3	-2,360022E-1	1,196875E+3	-3,110860E-1	1,196875E+3	-1,627639E-1	1,196875E+3	1,099842E-2	1,196875E+3	-5,803215E-1
1,198437E+3	3,150447E-1	1,198437E+3	-3,711652E-1	1,198437E+3	-6,861887E-2	1,198437E+3	-2,350773E-1	1,198437E+3	-3,039948E-1	1,198437E+3	-1,652132E-1	1,198437E+3	1,623194E-2	1,198437E+3	-5,761367E-1
1,200000E+3	3,189170E-1	1,200000E+3	-3,691512E-1	1,200000E+3	-6,423921E-2	1,200000E+3	-2,346724E-1	1,200000E+3	-2,974556E-1	1,200000E+3	-1,674560E-1	1,200000E+3	2,014865E-2	1,200000E+3	-5,732479E-1
1,201562E+3	3,203588E-1	1,201562E+3	-3,663261E-1	1,201562E+3	-6,030933E-2	1,201562E+3	-2,334879E-1	1,201562E+3	-2,905773E-1	1,201562E+3	-1,690575E-1	1,201562E+3	2,372745E-2	1,201562E+3	-5,690205E-1
1,203125E+3	3,232989E-1	1,203125E+3	-3,646524E-1	1,203125E+3	-5,689132E-2	1,203125E+3	-2,329416E-1	1,203125E+3	-2,843071E-1	1,203125E+3	-1,704106E-1	1,203125E+3	2,585716E-2	1,203125E+3	-5,662695E-1
1,204687E+3	3,237856E-1	1,204687E+3	-3,633446E-1	1,204687E+3	-4,180224E-2	1,204687E+3	-1,025974E-1	1,204687E+3	-2,781152E-1	1,204687E+3	7,086555E-4	1,204687E+3	2,872921E-2	1,204687E+3	-5,604213E-1
1,206250E+3	3,262893E-1	1,206250E+3	-3,635055E-1	1,206250E+3	-5,661660E-2	1,206250E+3	-1,584598E-2	1,206250E+3	-2,976806E-1	1,206250E+3	1,151351E-1	1,206250E+3	2,981391E-2	1,206250E+3	-5,556208E-1
1,207812E+3	3,806678E-1	1,207812E+3	-2,650427E-1	1,207812E+3	-5,598879E-2	1,207812E+3	-2,056912E-2	1,207812E+3	-2,941221E-1	1,207812E+3	1,054379E-1	1,207812E+3	2,260052E-2	1,207812E+3	-4,665914E-1
1,209375E+3	3,932733E-1	1,209375E+3	-1,838925E-1	1,209375E+3	-5,564890E-2	1,209375E+3	-2,650433E-2	1,209375E+3	-2,906885E-1	1,209375E+3	9,583911E-2	1,209375E+3	-8,899469E-3	1,209375E+3	-4,162495E-1
1,210937E+3	3,911957E-1	1,210937E+3	-1,903312E-1	1,210937E+3	-5,497904E-2	1,210937E+3	-2,946744E-2	1,210937E+3	-2,862532E-1	1,210937E+3	8,828394E-2	1,210937E+3	-1,018270E-2	1,210937E+3	-4,101043E-1
1,212500E+3	3,937044E-1	1,212500E+3	-2,005136E-1	1,212500E+3	-5,506490E-2	1,212500E+3	-3,360211E-2	1,212500E+3	-2,822606E-1	1,212500E+3	8,077269E-2	1,212500E+3	-1,490214E-2	1,212500E+3	-4,052326E-1
1,214062E+3	3,891591E-1	1,214062E+3	-2,007881E-1	1,214062E+3	-5,514629E-2	1,214062E+3	-3,580989E-2	1,214062E+3	-2,776037E-1	1,214062E+3	7,528958E-2	1,214062E+3	-2,346131E-1	1,214062E+3	-3,759178E-1
1,215625E+3	3,863983E-1	1,215625E+3	-2,068795E-1	1,215625E+3	-5,607860E-2	1,215625E+3	-3,949316E-2	1,215625E+3	-2,735420E-1	1,215625E+3	6,974249E-2	1,215625E+3	-5,645585E-1	1,215625E+3	-3,694521E-1
1,217187E+3	3,817457E-1	1,217187E+3	-2,092724E-1	1,217187E+3	-5,675861E-2	1,217187E+3	-4,145983E-2	1,217187E+3	-2,688508E-1	1,217187E+3	6,626941E-2	1,217187E+3	-5,667719E-1	1,217187E+3	-3,660294E-1
1,218750E+3	3,789892E-1	1,218750E+3	-2,184561E-1	1,218750E+3	-5,838258E-2	1,218750E+3	-4,516706E-2	1,218750E+3	-2,649912E-1	1,218750E+3	6,254124E-2	1,218750E+3	-5,693940E-1	1,218750E+3	-3,625661E-1
1,220312E+3	3,727970E-1	1,220312E+3	-2,205355E-1	1,220312E+3	-1,131061E-1	1,220312E+3	-6,294095E-2	1,220312E+3	-2,602758E-1	1,220312E+3	6,059701E-2	1,220312E+3	-5,719586E-1	1,220312E+3	-3,583276E-1
1,221875E+3	3,663930E-1	1,221875E+3	-2,299662E-1	1,221875E+3	-1,710626E-1	1,221875E+3	-1,050657E-1	1,221875E+3	-2,566334E-1	1,221875E+3	5,824303E-2	1,221875E+3	-5,749715E-1	1,221875E+3	-3,541630E-1
1,223437E+3	3,590977E-1	1,223437E+3	-2,338175E-1	1,223437E+3	-1,654421E-1	1,223437E+3	-1,096970E-1	1,223437E+3	-2,717216E-1	1,223437E+3	1,225311E-1	1,223437E+3	-5,788015E-1	1,223437E+3	-3,484088E-1
1,225000E+3	3,508004E-1	1,225000E+3	-2,456848E-1	1,225000E+3	-1,600895E-1	1,225000E+3	-1,144099E-1	1,225000E+3	-2,996968E-1	1,225000E+3	1,784827E-1	1,225000E+3	-5,830828E-1	1,225000E+3	-3,429568E-1
1,226562E+3	3,406387E-1	1,226562E+3	-2,489681E-1	1,226562E+3	-1,658872E-1	1,226562E+3	-1,081664E-1	1,226562E+3	-2,944178E-1	1,226562E+3	1,803150E-1	1,226562E+3	-5,872267E-1	1,226562E+3	-3,351125E-1
1,228125E+3	3,274793E-1	1,228125E+3	-2,602954E-1	1,228125E+3	-1,733808E-1	1,228125E+3	-1,023300E-1	1,228125E+3	-2,901203E-1	1,228125E+3	1,820640E-1	1,228125E+3	-5,919990E-1	1,228125E+3	-3,275972E-1
1,229687E+3	3,155956E-1	1,229687E+3	-2,655176E-1	1,229687E+3	-1,864626E-1	1,229687E+3	-8,844347E-2	1,229687E+3	-2,831751E-1	1,229687E+3	1,862785E-1	1,229687E+3	-5,976792E-1	1,229687E+3	-3,170638E-1
1,231250E+3	2,996356E-1	1,231250E+3	-2,782361E-1	1,231250E+3	-2,017325E-1	1,231250E+3	-7,472574E-2	1,231250E+3	-2,775340E-1	1,231250E+3	1,905166E-1	1,231250E+3	-6,041300E-1	1,231250E+3	-3,071223E-1
1,232812E+3	1,855157E-1	1,232812E+3	-4,038653E-1	1,232812E+3	-2,022120E-1	1,232812E+3	-7,268034E-2	1,232812E+3	-2,702679E-1	1,232812E+3	1,956530E-1	1,232812E+3	-6,094847E-1	1,232812E+3	-2,951526E-1
1,234375E+3	3,414699E-2	1,234375E+3	-6,100545E-1	1,234375E+3	-2,039399E-1	1,234375E+3	-7,086571E-2	1,234375E+3	-2,645836E-1	1,234375E+3	2,008839E-1	1,234375E+3	-6,159393E-1	1,234375E+3	-2,836797E-1
1,235937E+3	-3,714390E-2	1,235937E+3	-6,048740E-1	1,235937E+3	-2,041029E-1	1,235937E+3	-6,890909E-2	1,235937E+3	-2,581404E-1	1,235937E+3	2,037813E-1	1,235937E+3	-6,209041E-1	1,235937E+3	-2,725225E-1
1,237500E+3	-1,166167E-1	1,237500E+3	-5,941574E-1	1,237500E+3	-2,056928E-1	1,237500E+3	-6,693531E-2	1,237500E+3	-2,533392E-1	1,237500E+3	2,071058E-1	1,237500E+3	-6,273496E-1	1,237500E+3	-2,617903E-1
1,239062E+3	-1,285279E-1	1,239062E+3	-5,913529E-1	1,239062E+3	-2,061428E-1	1,239062E+3	-6,441084E-2	1,239062E+3	-2,469492E-1	1,239062E+3	2,089298E-1	1,239062E+3	-6,329947E-1	1,239062E+3	-2,484567E-1
1,240625E+3	-1,420614E-1	1,240625E+3	-5,882200E-1	1,240625E+3	-2,082110E-1	1,240625E+3	-6,157754E-2	1,240625E+3	-2,421838E-1	1,240625E+3	2,116396E-1	1,240625E+3	-6,403911E-1	1,240625E+3	-2,352531E-1
1,242187E+3	-1,515855E-1	1,242187E+3	-5,864166E-1	1,242187E+3	-2,092108E-1	1,242187E+3	-5,881027E-2	1,242187E+3	-2,349389E-1	1,242187E+3	2,138256E-1	1,242187E+3	-6,458541E-1	1,242187E+3	-2,196780E-1
1,243750E+3	-1,625986E-1	1,243750E+3	-5,842849E-1	1,243750E+3	-2,115871E-1	1,243750E+3	-5,520482E-2	1,243750E+3	-2,291610E-1	1,243750E+3	2,173580E-1	1,243750E+3	-6,530107E-1	1,243750E+3	-2,037265E-1
1,245312E+3	-1,716421E-1	1,245312E+3	-5,823777E-1	1,245312E+3	-2,133742E-1	1,245312E+3	-5,186124E-2	1,245312E+3	-2,199742E-1	1,245312E+3	2,211280E-1	1,245312E+3	-6,578139E-1	1,245312E+3	-1,881625E-1
1,246875E+3	-1,820321E-1	1,246875E+3	-5,800170E-1	1,246875E+3	-2,163554E-1	1,246875E+3	-4,749003E-2	1,246875E+3	-2,121855E-1	1,246875E+3	2,265133E-1	1,246875E+3	-6,642135E-1	1,246875E+3	-1,719413E-1
1,248437E+3	-1,907416E-1	1,248437E+3	-5,773594E-1	1,248437E+3	-2,182244E-1	1,248437E+3	-4,412815E-2	1,248437E+3	-2,040152E-1	1,248437E+3	2,288838E-1	1,248437E+3	-6,685517E-1	1,248437E+3	-1,533563E-1
1,250000E+3	-2,006686E-1	1,250000E+3	-5,741456E-1	1,250000E+3	-2,209604E-1	1,250000E+3	-3,961477E-2	1,250000E+3	-1,967296E-1	1,250000E+3	2,330235E-1	1,250000E+3	-6,741018E-1	1,250000E+3	-1,338940E-1
1,251562E+3	-2,136405E-1	1,251562E+3	-5,682923E-1	1,251562E+3	-2,224981E-1	1,251562E+3	-3,632401E-2	1,251562E+3	-1,905335E-1	1,251562E+3	2,345193E-1	1,251562E+3	-6,768741E-1	1,251562E+3	-1,179097E-1
1,253125E+3	-2,279815E-1	1,253125E+3	-5,617117E-1	1,253125E+3	-2,248623E-1	1,253125E+3	-3,190097E-2	1,253125E+3	-1,849167E-1	1,253125E+3	2,377581E-1	1,253125E+3	-6,808134E-1	1,253125E+3	-1,009349E-1
1,254687E+3	-2,418178E-1	1,254687E+3	-5,542033E-1	1,254687E+3	-2,272773E-1	1,254687E+3	-2,740883E-2	1,254687E+3	-1,727604E-1	1,254687E+3	2,466826E-1	1,254687E+3	-6,822094E-1	1,254687E+3	-8,927683E-2
1,256250E+3	-2,569779E-1	1,256250E+3	-5,458297E-1	1,256250E+3	-2,304185E-1	1,256250E+3	-2,181850E-2	1,256250E+3	-1,617045E-1	1,256250E+3	2,571598E-1	1,256250E+3	-6,844634E-1	1,256250E+3	-7,637032E-2
1,257812E+3	-2,713414E-1	1,257812E+3	-5,381833E-1	1,257812E+3	-2,337752E-1	1,257812E+3	-1,584215E-2	1,257812E+3	-1,565600E-1	1,257812E+3	2,586895E-1	1,257812E+3	-6,881018E-1	1,257812E+3	-5,634802E-2
1,259375E+3	-2,870290E-1	1,259375E+3	-5,296587E-1	1,259375E+3	-2,377619E-1	1,259375E+3	-8,825127E-3	1,259375E+3	-1,517032E-1	1,259375E+3	2,618565E-1	1,259375E+3	-6,925171E-1	1,259375E+3	-3,537271E-2
1,260937E+3	-3,036409E-1	1,260937E+3	-5,198627E-1	1,260937E+3	-2,419669E-1	1,260937E+3	-8,717738E-4	1,260937E+3	-1,474801E-1	1,260937E+3	2,630393E-1	1,260937E+3	-6,972120E-1	1,260937E+3	4,883242E-2
1,262500E+3	-3,215686E-1	1,262500E+3	-5,092660E-1	1,262500E+3	-2,468111E-1	1,262500E+3	7,972886E-3	1,262500E+3	-1,436501E-1	1,262500E+3	2,656944E-1	1,262500E+3	-6,969643E-1	1,262500E+3	1,273666E-1
1,264062E+3	-3,269692E-1	1,264062E+3	-5,003171E-1	1,264062E+3	-2,499160E-1	1,264062E+3	1,294232E-2	1,264062E+3	-1,403141E-1	1,264062E+3	2,661328E-1	1,264062E+3	-7,046977E-1	1,264062E+3	1,636502E-1
1,265625E+3	-3,277698E-1	1,265625E+3	-4,800544E-1	1,265625E+3	-2,537693E-1	1,265625E+3	1,849253E-2	1,265625E+3	-1,373407E-1	1,265625E+3	2,677492E-1	1,265625E+3	-7,122323E-1	1,265625E+3	1,999005E-1
1,267187E+3	-3,597890E-1	1,267187E+3	-4,654880E-1	1,267187E+3	-2,546437E-1	1,267187E+3	3,084880E-2	1,267187E+3	-1,311526E-1	1,267187E+3	2,829552E-1	1,267187E+3	-7,066100E-1	1,267187E+3	2,110469E-1
1,268750E+3	-3,905515E-1	1,268750E+3	-4,504709E-1	1,268750E+3	-2,607828E-1	1,268750E+3	5,208551E-2	1,268750E+3	-1,352770E-1	1,268750E+3	3,182459E-1	1,268750E+3	-6,975245E-1	1,268750E+3	2,244901E-1
1,270312E+3	-4,104597E-1	1,270312E+3	-4,388313E-1	1,270312E+3	-2,551412E-1	1,270312E+3	5,656116E-2	1,270312E+3	-1,316478E-1	1,270312E+3	3,173887E-1	1,270312E+3	-6,961577E-1	1,270312E+3	2,422898E-1
1,271875E+3	-4,300559E-1	1,271875E+3	-4,270964E-1	1,271875E+3	-2,464115E-1	1,271875E+3	6,419078E-2	1,271875E+3	-1,281819E-1	1,271875E+3	3,172059E-1	1,271875E+3	-6,953879E-1	1,271875E+3	2,611109E-1
1,273437E+3	-4,076784E-1	1,273437E+3	-4,388937E-1	1,273437E+3	-2,631296E-1	1,273437E+3	9,555570E-2	1,273437E+3	-1,218057E-1	1,273437E+3	3,145152E-1	1,273437E+3	-6,803304E-1	1,273437E+3	3,157796E-1
1,275000E+3	-3,755828E-1	1,275000E+3	-4,527733E-1	1,275000E+3	-2,780754E-1	1,275000E+3	1,251894E-1	1,275000E+3	-1,157081E-1	1,275000E+3	3,124113E-1	1,275000E+3	-6,651031E-1	1,275000E+3	3,663969E-1
1,276562E+3	-3,706774E-1	1,276562E+3	-4,573185E-1	1,276562E+3	-2,836613E-1	1,276562E+3	1,337560E-1	1,276562E+3	-1,115876E-1	1,276562E+3	3,090864E-1	1,276562E+3	-6,575529E-1	1,276562E+3	3,888184E-1
1,278125E+3	-3,654345E-1	1,278125E+3	-4,619927E-1	1,278125E+3	-2,892899E-1	1,278125E+3	1,418849E-1	1,278125E+3	-1,075581E-1	1,278125E+3	3,062137E-1	1,278125E+3	-6,507733E-1	1,278125E+3	4,111106E-1
1,279687E+3	-3,547880E-1	1,279687E+3	-4,689348E-1	1,279687E+3	-2,962305E-1	1,279687E+3	1,503193E-1	1,279687E+3	-1,051305E-1	1,279687E+3	3,025920E-1	1,279687E+3	-6,482028E-1	1,279687E+3	4,270366E-1
1,281250E+3	-3,436754E-1	1,281250E+3	-4,758174E-1	1,281250E+3	-3,031699E-1	1,281250E+3	1,582011E-1	1,281250E+3	-1,026899E-1	1,281250E+3	2,993194E-1	1,281250E+3	-6,465094E-1	1,281250E+3	4,430131E-1
1,282812E+3	-3,351210E-1	1,282812E+3	-4,816807E-1	1,282812E+3	-3,057500E-1	1,282812E+3	1,598646E-1	1,282812E+3	-1,005852E-1	1,282812E+3	2,957576E-1	1,282812E+3	-6,435572E-1	1,282812E+3	4,595935E-1
1,284375E+3	-3,262545E-1	1,284375E+3	-4,875666E-1	1,284375E+3	-3,084905E-1	1,284375E+3	1,612308E-1	1,284375E+3	-9,844474E-2	1,284375E+3	2,925362E-1	1,284375E+3	-6,417352E-1	1,284375E+3	4,755676E-1
1,285937E+3	-4,243792E-1	1,285937E+3	-4,181144E-1	1,285937E+3	-3,116388E-1	1,285937E+3	1,665874E-1	1,285937E+3	-9,571766E-2	1,285937E+3	2,895463E-1	1,285937E+3	-6,368303E-1	1,285937E+3	4,939922E-1
1,287500E+3	-5,046412E-1	1,287500E+3	-3,434957E-1	1,287500E+3	-3,150162E-1	1,287500E+3	1,714484E-1	1,287500E+3	-9,298044E-2	1,287500E+3	2,869568E-1	1,287500E+3	-6,334972E-1	1,287500E+3	5,110747E-1
1,289062E+3	-5,678484E-1	1,289062E+3	-2,623828E-1	1,289062E+3	-3,178063E-1	1,289062E+3	1,771680E-1	1,289062E+3	-8,966353E-2	1,289062E+3	2,841585E-1	1,289062E+3	-6,190611E-1	1,289062E+3	5,281758E-1
1,290625E+3	-6,159805E-1	1,290625E+3	-1,844990E-1	1,290625E+3	-3,208684E-1	1,290625E+3	1,823700E-1	1,290625E+3	-8,633809E-2	1,290625E+3	2,817660E-1	1,290625E+3	-6,027067E-1	1,290625E+3	5,470816E-1
1,292187E+3	-6,116741E-1	1,292187E+3	-1,976530E-1	1,292187E+3	-3,231972E-1	1,292187E+3	1,881641E-1	1,292187E+3	-8,291530E-2	1,292187E+3	2,778265E-1	1,292187E+3	-5,399569E-1	1,292187E+3	6,176084E-1
1,293750E+3	-6,069276E-1	1,293750E+3	-2,110676E-1	1,293750E+3	-3,258532E-1	1,293750E+3	1,934007E-1	1,293750E+3	-7,944412E-2	1,293750E+3	2,742184E-1	1,293750E+3	-4,906937E-1	1,293750E+3	6,689471E-1
1,295312E+3	-6,545091E-1	1,295312E+3	-1,654166E-1	1,295312E+3	-3,273047E-1	1,295312E+3	1,979507E-1	1,295312E+3	-7,752675E-2	1,295312E+3	2,693836E-1	1,295312E+3	-5,046683E-1	1,295312E+3	6,559520E-1
1,296875E+3	-6,957034E-1	1,296875E+3	-1,199762E-1	1,296875E+3	-3,291222E-1	1,296875E+3	2,019887E-1	1,296875E+3	-7,548808E-2	1,296875E+3	2,647618E-1	1,296875E+3	-5,184466E-1	1,296875E+3	6,425292E-1
1,298437E+3	-6,949342E-1	1,298437E+3	-1,267378E-1	1,298437E+3	-3,303793E-1	1,298437E+3	2,042499E-1	1,298437E+3	-7,471875E-2	1,298437E+3	2,591822E-1	1,298437E+3	-5,318075E-1	1,298437E+3	6,297349E-1
1,300000E+3	-6,940278E-1	1,300000E+3	-1,340457E-1	1,300000E+3	-3,319742E-1	1,300000E+3	2,060815E-1	1,300000E+3	-7,376885E-2	1,300000E+3	2,537243E-1	1,300000E+3	-5,450118E-1	1,300000E+3	6,165268E-1
1,301562E+3	-6,956425E-1	1,301562E+3	-1,335941E-1	1,301562E+3	-3,334196E-1	1,301562E+3	2,092744E-1	1,301562E+3	-7,292099E-2	1,301562E+3	2,480873E-1	1,301562E+3	-5,571291E-1	1,301562E+3	6,040414E-1
1,303125E+3	-6,971657E-1	1,303125E+3	-1,340509E-1	1,303125E+3	-3,352593E-1	1,303125E+3	2,119339E-1	1,303125E+3	-7,188687E-2	1,303125E+3	2,425521E-1	1,303125E+3	-5,691330E-1	1,303125E+3	5,911728E-1
1,304687E+3	-7,259003E-1	1,304687E+3	1,475514E-1	1,304687E+3	-3,363436E-1	1,304687E+3	2,166671E-1	1,304687E+3	-7,166128E-2	1,304687E+3	2,370692E-1	1,304687E+3	-5,805868E-1	1,304687E+3	5,779273E-1
1,306250E+3	-6,987333E-1	1,306250E+3	3,375190E-1	1,306250E+3	-3,379350E-1	1,306250E+3	2,207418E-1	1,306250E+3	-7,127858E-2	1,306250E+3	2,316162E-1	1,306250E+3	-5,919089E-1	1,306250E+3	5,642988E-1
1,307812E+3	-7,080184E-1	1,307812E+3	3,098689E-1	1,307812E+3	-3,388240E-1	1,307812E+3	2,256223E-1	1,307812E+3	-7,201324E-2	1,307812E+3	2,262551E-1	1,307812E+3	-6,039830E-1	1,307812E+3	5,495127E-1
1,309375E+3	-7,163756E-1	1,309375E+3	2,813622E-1	1,309375E+3	-3,403013E-1	1,309375E+3	2,298298E-1	1,309375E+3	-7,260782E-2	1,309375E+3	2,208432E-1	1,309375E+3	-6,158593E-1	1,309375E+3	5,342106E-1
1,310937E+3	-7,230816E-1	1,310937E+3	2,529898E-1	1,310937E+3	-3,412008E-1	1,310937E+3	2,333206E-1	1,310937E+3	-7,425927E-2	1,310937E+3	2,154048E-1	1,310937E+3	-6,263554E-1	1,310937E+3	5,186505E-1
1,312500E+3	-7,287742E-1	1,312500E+3	2,240201E-1	1,312500E+3	-3,426890E-1	1,312500E+3	2,362010E-1	1,312500E+3	-7,576091E-2	1,312500E+3	2,098570E-1	1,312500E+3	-6,366287E-1	1,312500E+3	5,027043E-1
1,314062E+3	-7,335152E-1	1,314062E+3	1,979707E-1	1,314062E+3	-3,438353E-1	1,314062E+3	2,389264E-1	1,314062E+3	-7,806177E-2	1,314062E+3	2,038765E-1	1,314062E+3	-6,475174E-1	1,314062E+3	4,856373E-1
1,315625E+3	-7,374220E-1	1,315625E+3	1,714982E-1	1,315625E+3	-3,455699E-1	1,315625E+3	2,410454E-1	1,315625E+3	-8,019782E-2	1,315625E+3	1,977386E-1	1,315625E+3	-6,580642E-1	1,315625E+3	4,681496E-1
1,317187E+3	-7,407041E-1	1,317187E+3	1,473946E-1	1,317187E+3	-3,467362E-1	1,317187E+3	2,437514E-1	1,317187E+3	-8,397377E-2	1,317187E+3	1,916121E-1	1,317187E+3	-6,722754E-1	1,317187E+3	4,329232E-1
1,318750E+3	-7,432741E-1	1,318750E+3	1,229001E-1	1,318750E+3	-3,485333E-1	1,318750E+3	2,458246E-1	1,318750E+3	-8,757524E-2	1,318750E+3	1,852659E-1	1,318750E+3	-6,837379E-1	1,318750E+3	3,974517E-1
1,320312E+3	-7,448443E-1	1,320312E+3	9,809087E-2	1,320312E+3	-3,493396E-1	1,320312E+3	2,481918E-1	1,320312E+3	-9,262809E-2	1,320312E+3	1,794795E-1	1,320312E+3	-6,875177E-1	1,320312E+3	3,914250E-1
1,321875E+3	-7,456313E-1	1,321875E+3	7,294546E-2	1,321875E+3	-3,508546E-1	1,321875E+3	2,499595E-1	1,321875E+3	-9,749852E-2	1,321875E+3	1,734175E-1	1,321875E+3	-6,918883E-1	1,321875E+3	3,846576E-1
1,323437E+3	-7,396010E-1	1,323437E+3	5,531686E-3	1,323437E+3	-3,514133E-1	1,323437E+3	2,515565E-1	1,323437E+3	-1,019521E-1	1,323437E+3	1,681419E-1	1,323437E+3	-6,194378E-1	1,323437E+3	5,105566E-1
1,325000E+3	-7,258415E-1	1,325000E+3	-6,262352E-2	1,325000E+3	-3,527161E-1	1,325000E+3	2,526057E-1	1,325000E+3	-1,062320E-1	1,325000E+3	1,625903E-1	1,325000E+3	-5,760354E-1	1,325000E+3	5,884832E-1
1,326562E+3	-7,221410E-1	1,326562E+3	-8,678391E-2	1,326562E+3	-3,531433E-1	1,326562E+3	2,530750E-1	1,326562E+3	-1,117194E-1	1,326562E+3	1,572810E-1	1,326562E+3	-6,203065E-1	1,326562E+3	5,302868E-1
1,328125E+3	-7,176471E-1	1,328125E+3	-1,108919E-1	1,328125E+3	-3,542892E-1	1,328125E+3	2,530704E-1	1,328125E+3	-1,170140E-1	1,328125E+3	1,516359E-1	1,328125E+3	-6,510580E-1	1,328125E+3	4,736832E-1
1,329687E+3	-7,124418E-1	1,329687E+3	-1,333216E-1	1,329687E+3	-3,547330E-1	1,329687E+3	2,513665E-1	1,329687E+3	-1,251260E-1	1,329687E+3	1,474204E-1	1,329687E+3	-6,582359E-1	1,329687E+3	4,602391E-1
1,331250E+3	-7,065504E-1	1,331250E+3	-1,556951E-1	1,331250E+3	-3,557780E-1	1,331250E+3	2,493498E-1	1,331250E+3	-1,329943E-1	1,331250E+3	1,427505E-1	1,331250E+3	-6,654391E-1	1,331250E+3	4,465841E-1
1,332812E+3	-6,433064E-1	1,332812E+3	-2,683974E-1	1,332812E+3	-3,551237E-1	1,332812E+3	2,402509E-1	1,332812E+3	-1,420642E-1	1,332812E+3	1,391855E-1	1,332812E+3	-6,717645E-1	1,332812E+3	4,334423E-1
1,334375E+3	-5,654394E-1	1,334375E+3	-3,584036E-1	1,334375E+3	-3,543800E-1	1,334375E+3	2,317257E-1	1,334375E+3	-1,508533E-1	1,334375E+3	1,350893E-1	1,334375E+3	-6,781783E-1	1,334375E+3	4,200667E-1
1,335937E+3	-7,178516E-1	1,335937E+3	9,452918E-2	1,335937E+3	-3,550192E-1	1,335937E+3	2,322332E-1	1,335937E+3	-1,589475E-1	1,335937E+3	1,315183E-1	1,335937E+3	-6,841722E-1	1,335937E+3	4,072541E-1
1,337500E+3	-7,180912E-1	1,337500E+3	3,331130E-1	1,337500E+3	-3,564198E-1	1,337500E+3	2,322304E-1	1,337500E+3	-1,667946E-1	1,337500E+3	1,273847E-1	1,337500E+3	-6,902676E-1	1,337500E+3	3,941512E-1
1,339062E+3	-7,238197E-1	1,339062E+3	3,166889E-1	1,339062E+3	-3,566076E-1	1,339062E+3	2,329879E-1	1,339062E+3	-1,714642E-1	1,339062E+3	1,239167E-1	1,339062E+3	-6,951850E-1	1,339062E+3	3,824476E-1
1,340625E+3	-7,295689E-1	1,340625E+3	2,995734E-1	1,340625E+3	-3,576767E-1	1,340625E+3	2,332669E-1	1,340625E+3	-1,760780E-1	1,340625E+3	1,199421E-1	1,340625E+3	-7,003635E-1	1,340625E+3	3,703904E-1
1,342187E+3	-7,344111E-1	1,342187E+3	2,848770E-1	1,342187E+3	-3,575655E-1	1,342187E+3	2,355361E-1	1,342187E+3	-1,825059E-1	1,342187E+3	1,162559E-1	1,342187E+3	-7,046786E-1	1,342187E+3	3,587244E-1
1,343750E+3	-7,394180E-1	1,343750E+3	2,693135E-1	1,343750E+3	-3,585418E-1	1,343750E+3	2,372359E-1	1,343750E+3	-1,887870E-1	1,343750E+3	1,119587E-1	1,343750E+3	-7,092921E-1	1,343750E+3	3,467068E-1
1,345312E+3	-7,435341E-1	1,345312E+3	2,565153E-1	1,345312E+3	-3,584026E-1	1,345312E+3	2,390434E-1	1,345312E+3	-1,992567E-1	1,345312E+3	1,091860E-1	1,345312E+3	-7,127902E-1	1,345312E+3	3,364331E-1
1,346875E+3	-7,479713E-1	1,346875E+3	2,426127E-1	1,346875E+3	-3,593650E-1	1,346875E+3	2,403554E-1	1,346875E+3	-2,093118E-1	1,346875E+3	1,056130E-1	1,346875E+3	-7,167834E-1	1,346875E+3	3,257029E-1
1,348437E+3	-7,513103E-1	1,348437E+3	2,308629E-1	1,348437E+3	-3,594832E-1	1,348437E+3	2,401455E-1	1,348437E+3	-2,131645E-1	1,348437E+3	1,032565E-1	1,348437E+3	-7,194472E-1	1,348437E+3	3,165591E-1
1,350000E+3	-7,550963E-1	1,350000E+3	2,178255E-1	1,350000E+3	-3,605315E-1	1,350000E+3	2,396264E-1	1,350000E+3	-2,172753E-1	1,350000E+3	1,001685E-1	1,350000E+3	-7,228189E-1	1,350000E+3	3,068882E-1
1,351562E+3	-7,577922E-1	1,351562E+3	2,077054E-1	1,351562E+3	-3,607325E-1	1,351562E+3	2,381100E-1	1,351562E+3	-2,249620E-1	1,351562E+3	9,790175E-2	1,351562E+3	-7,263564E-1	1,351562E+3	2,906186E-1
1,353125E+3	-7,611213E-1	1,353125E+3	1,960044E-1	1,353125E+3	-3,617391E-1	1,353125E+3	2,363962E-1	1,353125E+3	-2,325796E-1	1,353125E+3	9,472242E-2	1,353125E+3	-7,297035E-1	1,353125E+3	2,754673E-1
1,354687E+3	-7,634601E-1	1,354687E+3	1,867465E-1	1,354687E+3	-3,618122E-1	1,354687E+3	2,342919E-1	1,354687E+3	-2,405910E-1	1,354687E+3	9,225313E-2	1,354687E+3	-7,291823E-1	1,354687E+3	2,717636E-1
1,356250E+3	-7,665598E-1	1,356250E+3	1,756532E-1	1,356250E+3	-3,626421E-1	1,356250E+3	2,320618E-1	1,356250E+3	-2,484553E-1	1,356250E+3	8,884811E-2	1,356250E+3	-7,307107E-1	1,356250E+3	2,674401E-1
1,357812E+3	-7,684882E-1	1,357812E+3	1,656307E-1	1,357812E+3	-3,625395E-1	1,357812E+3	2,303845E-1	1,357812E+3	-2,552509E-1	1,357812E+3	8,568084E-2	1,357812E+3	-7,252616E-1	1,357812E+3	2,833161E-1
1,359375E+3	-7,712222E-1	1,359375E+3	1,537173E-1	1,359375E+3	-3,632514E-1	1,359375E+3	2,285862E-1	1,359375E+3	-2,619926E-1	1,359375E+3	8,163278E-2	1,359375E+3	-7,254934E-1	1,359375E+3	2,950288E-1
1,360937E+3	-7,671685E-1	1,360937E+3	8,567919E-2	1,360937E+3	-3,628997E-1	1,360937E+3	2,285753E-1	1,360937E+3	-2,693192E-1	1,360937E+3	7,879067E-2	1,360937E+3	-7,180770E-1	1,360937E+3	3,115813E-1
1,362500E+3	-7,569916E-1	1,362500E+3	3,985344E-2	1,362500E+3	-3,635748E-1	1,362500E+3	2,283711E-1	1,362500E+3	-2,766179E-1	1,362500E+3	7,495414E-2	1,362500E+3	-7,184966E-1	1,362500E+3	3,244376E-1
1,364062E+3	-7,575836E-1	1,364062E+3	3,397333E-2	1,364062E+3	-3,629092E-1	1,364062E+3	2,297207E-1	1,364062E+3	-2,844069E-1	1,364062E+3	7,237786E-2	1,364062E+3	-7,136873E-1	1,364062E+3	3,322368E-1
1,365625E+3	-7,588152E-1	1,365625E+3	2,631694E-2	1,365625E+3	-3,634800E-1	1,365625E+3	2,308596E-1	1,365625E+3	-2,921187E-1	1,365625E+3	6,870422E-2	1,365625E+3	-7,151686E-1	1,365625E+3	3,386793E-1
1,367187E+3	-7,588076E-1	1,367187E+3	1,855695E-2	1,367187E+3	-3,626158E-1	1,367187E+3	2,326105E-1	1,367187E+3	-3,002871E-1	1,367187E+3	6,691800E-2	1,367187E+3	-7,134311E-1	1,367187E+3	3,384385E-1
1,368750E+3	-7,594365E-1	1,368750E+3	9,286807E-3	1,368750E+3	-3,630857E-1	1,368750E+3	2,342224E-1	1,368750E+3	-3,084403E-1	1,368750E+3	6,386195E-2	1,368750E+3	-7,157725E-1	1,368750E+3	3,382396E-1
1,370312E+3	-7,591440E-1	1,370312E+3	1,000149E-3	1,370312E+3	-3,620261E-1	1,370312E+3	2,349550E-1	1,370312E+3	-3,153830E-1	1,370312E+3	6,184828E-2	1,370312E+3	-7,156732E-1	1,370312E+3	3,346704E-1
1,371875E+3	-7,595377E-1	1,371875E+3	-8,695417E-3	1,371875E+3	-3,621904E-1	1,371875E+3	2,357380E-1	1,371875E+3	-3,225545E-1	1,371875E+3	5,864076E-2	1,371875E+3	-7,186600E-1	1,371875E+3	3,316096E-1
1,373437E+3	-7,581202E-1	1,373437E+3	-1,848390E-2	1,373437E+3	-3,609894E-1	1,373437E+3	2,350903E-1	1,373437E+3	-3,290766E-1	1,373437E+3	5,646336E-2	1,373437E+3	-7,194201E-1	1,373437E+3	3,258484E-1
1,375000E+3	-7,575074E-1	1,375000E+3	-2,908199E-2	1,375000E+3	-3,608220E-1	1,375000E+3	2,347855E-1	1,375000E+3	-3,359416E-1	1,375000E+3	5,312888E-2	1,375000E+3	-7,226268E-1	1,375000E+3	3,209201E-1
1,376562E+3	-7,547549E-1	1,376562E+3	-3,840299E-2	1,376562E+3	-3,596959E-1	1,376562E+3	2,335507E-1	1,376562E+3	-3,425331E-1	1,376562E+3	5,109887E-2	1,376562E+3	-7,238445E-1	1,376562E+3	3,143349E-1
1,378125E+3	-7,534787E-1	1,378125E+3	-4,709486E-2	1,378125E+3	-3,594545E-1	1,378125E+3	2,328102E-1	1,378125E+3	-3,494546E-1	1,378125E+3	4,782803E-2	1,378125E+3	-7,271565E-1	1,378125E+3	3,087767E-1
1,379687E+3	-7,521619E-1	1,379687E+3	-5,356533E-2	1,379687E+3	-3,584005E-1	1,379687E+3	2,321354E-1	1,379687E+3	-3,562269E-1	1,379687E+3	4,630088E-2	1,379687E+3	-7,285403E-1	1,379687E+3	3,016957E-1
1,381250E+3	-7,519494E-1	1,381250E+3	-6,102848E-2	1,381250E+3	-3,582457E-1	1,381250E+3	2,317519E-1	1,381250E+3	-3,634286E-1	1,381250E+3	4,341711E-2	1,381250E+3	-7,317382E-1	1,381250E+3	2,958589E-1
1,382812E+3	-7,510931E-1	1,382812E+3	-6,642361E-2	1,382812E+3	-3,571126E-1	1,382812E+3	2,313268E-1	1,382812E+3	-3,693669E-1	1,382812E+3	4,140775E-2	1,382812E+3	-7,327912E-1	1,382812E+3	2,893666E-1
1,384375E+3	-7,513966E-1	1,384375E+3	-7,330488E-2	1,384375E+3	-3,568666E-1	1,384375E+3	2,311308E-1	1,384375E+3	-3,758866E-1	1,384375E+3	3,819489E-2	1,384375E+3	-7,356080E-1	1,384375E+3	2,844938E-1
1,385937E+3	-7,507039E-1	1,385937E+3	-7,764247E-2	1,385937E+3	-3,555198E-1	1,385937E+3	2,310562E-1	1,385937E+3	-3,812502E-1	1,385937E+3	3,549068E-2	1,385937E+3	-7,355700E-1	1,385937E+3	2,791336E-1
1,387500E+3	-7,514394E-1	1,387500E+3	-8,369173E-2	1,387500E+3	-3,550783E-1	1,387500E+3	2,312546E-1	1,387500E+3	-3,872474E-1	1,387500E+3	3,175489E-2	1,387500E+3	-7,371940E-1	1,387500E+3	2,759209E-1
1,389062E+3	-7,505625E-1	1,389062E+3	-8,743601E-2	1,389062E+3	-3,535057E-1	1,389062E+3	2,315882E-1	1,389062E+3	-3,921770E-1	1,389062E+3	2,858709E-2	1,389062E+3	-7,351254E-1	1,389062E+3	2,762831E-1
1,390625E+3	-7,514253E-1	1,390625E+3	-9,292621E-2	1,390625E+3	-3,528561E-1	1,390625E+3	2,322609E-1	1,390625E+3	-3,977419E-1	1,390625E+3	2,448291E-2	1,390625E+3	-7,355300E-1	1,390625E+3	2,799569E-1
1,392187E+3	-7,504866E-1	1,392187E+3	-9,586392E-2	1,392187E+3	-3,513793E-1	1,392187E+3	2,324484E-1	1,392187E+3	-4,029383E-1	1,392187E+3	2,162788E-2	1,392187E+3	-7,308730E-1	1,392187E+3	2,876453E-1
1,393750E+3	-7,516777E-1	1,393750E+3	-1,006117E-1	1,393750E+3	-3,507626E-1	1,393750E+3	2,330070E-1	1,393750E+3	-4,088057E-1	1,393750E+3	1,777089E-2	1,393750E+3	-7,293934E-1	1,393750E+3	3,006140E-1
1,395312E+3	-7,509345E-1	1,395312E+3	-1,022428E-1	1,395312E+3	-3,494459E-1	1,395312E+3	2,326142E-1	1,395312E+3	-4,142386E-1	1,395312E+3	1,583759E-2	1,395312E+3	-7,227567E-1	1,395312E+3	3,133639E-1
1,396875E+3	-7,528945E-1	1,396875E+3	-1,057962E-1	1,396875E+3	-3,488735E-1	1,396875E+3	2,326158E-1	1,396875E+3	-4,205233E-1	1,396875E+3	1,287051E-2	1,396875E+3	-7,187642E-1	1,396875E+3	3,328273E-1
1,398437E+3	-7,519056E-1	1,398437E+3	-1,070812E-1	1,398437E+3	-3,474528E-1	1,398437E+3	2,320792E-1	1,398437E+3	-4,270897E-1	1,398437E+3	1,329044E-2	1,398437E+3	-7,147635E-1	1,398437E+3	3,402212E-1
1,400000E+3	-7,540877E-1	1,400000E+3	-1,100254E-1	1,400000E+3	-3,467189E-1	1,400000E+3	2,319715E-1	1,400000E+3	-4,348466E-1	1,400000E+3	1,238300E-2	1,400000E+3	-7,119456E-1	1,400000E+3	3,517333E-1
1,401562E+3	-7,533619E-1	1,401562E+3	-1,097720E-1	1,401562E+3	-3,454001E-1	1,401562E+3	2,304560E-1	1,401562E+3	-4,410390E-1	1,401562E+3	1,345894E-2	1,401562E+3	-7,102805E-1	1,401562E+3	3,539161E-1
1,403125E+3	-7,566010E-1	1,403125E+3	-1,109598E-1	1,403125E+3	-3,446247E-1	1,403125E+3	2,293286E-1	1,403125E+3	-4,486356E-1	1,403125E+3	1,326619E-2	1,403125E+3	-7,092112E-1	1,403125E+3	3,585403E-1
1,404687E+3	-7,558732E-1	1,404687E+3	-1,099353E-1	1,404687E+3	-3,435476E-1	1,404687E+3	2,278357E-1	1,404687E+3	-4,526073E-1	1,404687E+3	1,123251E-2	1,404687E+3	-7,084634E-1	1,404687E+3	3,593103E-1
1,406250E+3	-7,596535E-1	1,406250E+3	-1,097210E-1	1,406250E+3	-3,429897E-1	1,406250E+3	2,266739E-1	1,406250E+3	-4,576205E-1	1,406250E+3	8,476299E-3	1,406250E+3	-7,081774E-1	1,406250E+3	3,620105E-1
1,407812E+3	-7,594022E-1	1,407812E+3	-1,066836E-1	1,407812E+3	-3,419778E-1	1,407812E+3	2,250416E-1	1,407812E+3	-4,601391E-1	1,407812E+3	3,960020E-3	1,407812E+3	-7,069392E-1	1,407812E+3	3,636346E-1
1,409375E+3	-7,644375E-1	1,409375E+3	-1,036895E-1	1,409375E+3	-3,414478E-1	1,409375E+3	2,237004E-1	1,409375E+3	-4,633872E-1	1,409375E+3	-9,965592E-4	1,409375E+3	-7,060743E-1	1,409375E+3	3,671847E-1
1,410937E+3	-7,639957E-1	1,410937E+3	-1,012298E-1	1,410937E+3	-3,406266E-1	1,410937E+3	2,194857E-1	1,410937E+3	-4,659172E-1	1,410937E+3	-6,032018E-3	1,410937E+3	-6,995995E-1	1,410937E+3	4,192654E-1
1,412500E+3	-7,681747E-1	1,412500E+3	-9,801231E-2	1,412500E+3	-3,400399E-1	1,412500E+3	2,155151E-1	1,412500E+3	-4,690966E-1	1,412500E+3	-1,150980E-2	1,412500E+3	-6,984321E-1	1,412500E+3	4,893395E-1
1,414062E+3	-7,676955E-1	1,414062E+3	-9,677985E-2	1,414062E+3	-3,392627E-1	1,414062E+3	2,094812E-1	1,414062E+3	-4,716295E-1	1,414062E+3	-1,684150E-2	1,414062E+3	-6,403683E-1	1,414062E+3	5,684773E-1
1,415625E+3	-7,709679E-1	1,415625E+3	-9,460513E-2	1,415625E+3	-3,385758E-1	1,415625E+3	2,036779E-1	1,415625E+3	-4,747656E-1	1,415625E+3	-2,262600E-2	1,415625E+3	-5,542824E-1	1,415625E+3	6,760330E-1
1,417187E+3	-7,706159E-1	1,417187E+3	-9,520142E-2	1,417187E+3	-3,315502E-1	1,417187E+3	2,403459E-1	1,417187E+3	-4,780915E-1	1,417187E+3	-2,783629E-2	1,417187E+3	-5,648257E-1	1,417187E+3	6,643230E-1
1,418750E+3	-7,732654E-1	1,418750E+3	-9,516784E-2	1,418750E+3	-3,319851E-1	1,418750E+3	2,835800E-1	1,418750E+3	-4,820145E-1	1,418750E+3	-3,361600E-2	1,418750E+3	-5,750605E-1	1,418750E+3	6,527979E-1
1,420312E+3	-7,723564E-1	1,420312E+3	-9,928314E-2	1,420312E+3	-3,329594E-1	1,420312E+3	2,773680E-1	1,420312E+3	-4,977188E-1	1,420312E+3	8,776346E-3	1,420312E+3	-5,788567E-1	1,420312E+3	6,478861E-1
1,421875E+3	-7,736517E-1	1,421875E+3	-1,031387E-1	1,421875E+3	-3,340417E-1	1,421875E+3	2,712954E-1	1,421875E+3	-5,331808E-1	1,421875E+3	5,171450E-2	1,421875E+3	-5,824604E-1	1,421875E+3	6,436414E-1
1,423437E+3	-7,723721E-1	1,423437E+3	-1,090090E-1	1,423437E+3	-3,349392E-1	1,423437E+3	2,648157E-1	1,423437E+3	-5,330776E-1	1,423437E+3	4,299313E-2	1,423437E+3	-5,794381E-1	1,423437E+3	6,449711E-1
1,425000E+3	-7,731147E-1	1,425000E+3	-1,147954E-1	1,425000E+3	-3,359370E-1	1,425000E+3	2,584589E-1	1,425000E+3	-5,335103E-1	1,425000E+3	3,420998E-2	1,425000E+3	-5,760227E-1	1,425000E+3	6,474889E-1
1,426562E+3	-7,709062E-1	1,426562E+3	-1,221606E-1	1,426562E+3	-3,369122E-1	1,426562E+3	2,513360E-1	1,426562E+3	-5,334720E-1	1,426562E+3	2,618857E-2	1,426562E+3	-5,793401E-1	1,426562E+3	6,423914E-1
1,428125E+3	-7,706118E-1	1,428125E+3	-1,293845E-1	1,428125E+3	-3,379444E-1	1,428125E+3	2,443334E-1	1,428125E+3	-5,340623E-1	1,428125E+3	1,806454E-2	1,428125E+3	-5,824374E-1	1,428125E+3	6,380435E-1
1,429687E+3	-7,672502E-1	1,429687E+3	-1,375916E-1	1,429687E+3	-3,390132E-1	1,429687E+3	2,374665E-1	1,429687E+3	-5,343859E-1	1,429687E+3	1,127957E-2	1,429687E+3	-5,848752E-1	1,429687E+3	6,340846E-1
1,431250E+3	-7,657784E-1	1,431250E+3	-1,454599E-1	1,431250E+3	-3,401779E-1	1,431250E+3	2,307027E-1	1,431250E+3	-5,355380E-1	1,431250E+3	4,315237E-3	1,431250E+3	-5,870960E-1	1,431250E+3	6,309706E-1
1,432812E+3	-7,622640E-1	1,432812E+3	-1,523895E-1	1,432812E+3	-3,413436E-1	1,432812E+3	2,243733E-1	1,432812E+3	-5,365738E-1	1,432812E+3	-6,752308E-4	1,432812E+3	-5,898326E-1	1,432812E+3	6,264037E-1
1,434375E+3	-7,610384E-1	1,434375E+3	-1,587733E-1	1,434375E+3	-3,426681E-1	1,434375E+3	2,181027E-1	1,434375E+3	-5,387733E-1	1,434375E+3	-5,930084E-3	1,434375E+3	-5,923247E-1	1,434375E+3	6,226660E-1
1,435937E+3	-7,807051E-1	1,435937E+3	-1,103297E-1	1,435937E+3	-3,439538E-1	1,435937E+3	2,131784E-1	1,435937E+3	-5,391681E-1	1,435937E+3	-1,079390E-2	1,435937E+3	-5,947629E-1	1,435937E+3	6,179954E-1
1,437500E+3	-8,361556E-1	1,437500E+3	-3,427562E-2	1,437500E+3	-3,455257E-1	1,437500E+3	2,082451E-1	1,437500E+3	-5,407358E-1	1,437500E+3	-1,578615E-2	1,437500E+3	-5,969240E-1	1,437500E+3	6,141802E-1
1,439062E+3	-8,310468E-1	1,439062E+3	-5,104403E-2	1,439062E+3	-3,470362E-1	1,439062E+3	2,044235E-1	1,439062E+3	-5,532814E-1	1,439062E+3	-2,000248E-2	1,439062E+3	-5,977608E-1	1,439062E+3	6,111658E-1
1,440625E+3	-8,282675E-1	1,440625E+3	-6,571398E-2	1,440625E+3	-3,489207E-1	1,440625E+3	2,005149E-1	1,440625E+3	-5,666847E-1	1,440625E+3	-2,598183E-2	1,440625E+3	-5,982790E-1	1,440625E+3	6,091197E-1
1,442187E+3	-8,230377E-1	1,442187E+3	-7,840913E-2	1,442187E+3	-3,502636E-1	1,442187E+3	1,945452E-1	1,442187E+3	-5,900379E-1	1,442187E+3	3,844796E-2	1,442187E+3	-5,978521E-1	1,442187E+3	6,072341E-1
1,443750E+3	-8,209109E-1	1,443750E+3	-8,821629E-2	1,443750E+3	-3,517565E-1	1,443750E+3	1,884294E-1	1,443750E+3	-6,521217E-1	1,443750E+3	1,262746E-1	1,443750E+3	-5,970405E-1	1,443750E+3	6,064668E-1
1,445312E+3	-8,159373E-1	1,445312E+3	-9,654181E-2	1,445312E+3	-3,528370E-1	1,445312E+3	1,810304E-1	1,445312E+3	-6,523649E-1	1,445312E+3	1,112498E-1	1,445312E+3	-5,841037E-1	1,445312E+3	6,208583E-1
1,446875E+3	-8,145879E-1	1,446875E+3	-1,011357E-1	1,446875E+3	-3,539267E-1	1,446875E+3	1,734565E-1	1,446875E+3	-6,528289E-1	1,446875E+3	9,630849E-2	1,446875E+3	-5,707971E-1	1,446875E+3	6,475687E-1
1,448437E+3	-8,147238E-1	1,448437E+3	-9,591135E-2	1,448437E+3	-3,548878E-1	1,448437E+3	1,659976E-1	1,448437E+3	-6,524744E-1	1,448437E+3	8,062511E-2	1,448437E+3	-5,760016E-1	1,448437E+3	6,412993E-1
1,450000E+3	-8,184600E-1	1,450000E+3	-8,774220E-2	1,450000E+3	-3,558556E-1	1,450000E+3	1,583112E-1	1,450000E+3	-6,523017E-1	1,450000E+3	6,499965E-2	1,450000E+3	-5,811675E-1	1,450000E+3	6,350333E-1
1,451562E+3	-8,187605E-1	1,451562E+3	-8,854176E-2	1,451562E+3	-3,564742E-1	1,451562E+3	1,503212E-1	1,451562E+3	-6,521128E-1	1,451562E+3	4,937781E-2	1,451562E+3	-5,868826E-1	1,451562E+3	6,277829E-1
1,453125E+3	-8,208685E-1	1,453125E+3	-8,884347E-2	1,453125E+3	-3,570518E-1	1,453125E+3	1,420919E-1	1,453125E+3	-6,522076E-1	1,453125E+3	3,368275E-2	1,453125E+3	-5,925414E-1	1,453125E+3	6,205130E-1
1,454687E+3	-8,138107E-1	1,454687E+3	-1,052624E-1	1,454687E+3	-3,571847E-1	1,454687E+3	1,330690E-1	1,454687E+3	-6,458694E-1	1,454687E+3	7,353508E-2	1,454687E+3	-5,983635E-1	1,454687E+3	6,125941E-1
1,456250E+3	-8,069753E-1	1,456250E+3	-1,203330E-1	1,456250E+3	-3,571892E-1	1,456250E+3	1,238390E-1	1,456250E+3	-6,645133E-1	1,456250E+3	1,285438E-1	1,456250E+3	-6,041159E-1	1,456250E+3	6,046200E-1
1,457812E+3	-7,972373E-1	1,457812E+3	-1,396194E-1	1,457812E+3	-3,671708E-1	1,457812E+3	1,367146E-1	1,457812E+3	-6,633628E-1	1,457812E+3	1,144633E-1	1,457812E+3	-6,082292E-1	1,457812E+3	5,983437E-1
1,459375E+3	-7,872140E-1	1,459375E+3	-1,577323E-1	1,459375E+3	-3,818724E-1	1,459375E+3	1,482156E-1	1,459375E+3	-6,619984E-1	1,459375E+3	1,005419E-1	1,459375E+3	-6,123618E-1	1,459375E+3	5,920232E-1
1,460937E+3	-7,762823E-1	1,460937E+3	-1,757824E-1	1,460937E+3	-3,834972E-1	1,460937E+3	1,397628E-1	1,460937E+3	-6,607433E-1	1,460937E+3	8,827665E-2	1,460937E+3	-6,148616E-1	1,460937E+3	5,865070E-1
1,462500E+3	-7,652457E-1	1,462500E+3	-1,924118E-1	1,462500E+3	-3,850811E-1	1,462500E+3	1,310112E-1	1,462500E+3	-6,594165E-1	1,462500E+3	7,605726E-2	1,462500E+3	-6,174392E-1	1,462500E+3	5,808950E-1
1,464062E+3	-7,966614E-1	1,464062E+3	-4,692624E-2	1,464062E+3	-3,864072E-1	1,464062E+3	1,218934E-1	1,464062E+3	-6,580210E-1	1,464062E+3	6,573766E-2	1,464062E+3	-6,216317E-1	1,464062E+3	5,735526E-1
1,465625E+3	-8,693270E-1	1,465625E+3	2,113696E-1	1,465625E+3	-3,876447E-1	1,465625E+3	1,124441E-1	1,465625E+3	-6,566605E-1	1,465625E+3	5,524120E-2	1,465625E+3	-6,258154E-1	1,465625E+3	5,661268E-1
1,467187E+3	-8,731947E-1	1,467187E+3	1,902861E-1	1,467187E+3	-3,884813E-1	1,467187E+3	1,024822E-1	1,467187E+3	-6,544634E-1	1,467187E+3	4,368176E-2	1,467187E+3	-6,311213E-1	1,467187E+3	5,565203E-1
1,468750E+3	-8,766347E-1	1,468750E+3	1,684815E-1	1,468750E+3	-3,891611E-1	1,468750E+3	9,221494E-2	1,468750E+3	-6,522767E-1	1,468750E+3	3,207045E-2	1,468750E+3	-6,362401E-1	1,468750E+3	5,468723E-1
1,470312E+3	-8,791472E-1	1,470312E+3	1,453366E-1	1,470312E+3	-4,089658E-1	1,470312E+3	1,148640E-1	1,470312E+3	-6,486537E-1	1,470312E+3	1,894623E-2	1,470312E+3	-6,408846E-1	1,470312E+3	5,373984E-1
1,471875E+3	-8,810472E-1	1,471875E+3	1,215119E-1	1,471875E+3	-4,364995E-1	1,471875E+3	1,359554E-1	1,471875E+3	-6,449320E-1	1,471875E+3	5,972137E-3	1,471875E+3	-6,452905E-1	1,471875E+3	5,280031E-1
1,473437E+3	-8,818296E-1	1,473437E+3	9,632491E-2	1,473437E+3	-4,392748E-1	1,473437E+3	1,276984E-1	1,473437E+3	-6,399787E-1	1,473437E+3	-7,424998E-3	1,473437E+3	-6,137502E-1	1,473437E+3	5,645018E-1
1,475000E+3	-8,817836E-1	1,475000E+3	7,047426E-2	1,475000E+3	-4,420914E-1	1,475000E+3	1,190299E-1	1,475000E+3	-6,348791E-1	1,475000E+3	-2,052424E-2	1,475000E+3	-5,736738E-1	1,475000E+3	6,154401E-1
1,476562E+3	-8,810210E-1	1,476562E+3	4,374095E-2	1,476562E+3	-4,447687E-1	1,476562E+3	1,102910E-1	1,476562E+3	-6,547171E-1	1,476562E+3	-2,677170E-2	1,476562E+3	-5,612810E-1	1,476562E+3	6,225441E-1
1,478125E+3	-8,792891E-1	1,478125E+3	1,636216E-2	1,478125E+3	-4,474998E-1	1,478125E+3	1,011373E-1	1,478125E+3	-6,779396E-1	1,478125E+3	-3,577029E-2	1,478125E+3	-5,472487E-1	1,478125E+3	6,313773E-1
1,479687E+3	-8,761896E-1	1,479687E+3	-1,297422E-2	1,479687E+3	-4,511191E-1	1,479687E+3	9,307805E-2	1,479687E+3	-6,729064E-1	1,479687E+3	-4,987886E-2	1,479687E+3	-5,458731E-1	1,479687E+3	6,294673E-1
1,481250E+3	-8,718251E-1	1,481250E+3	-4,308316E-2	1,481250E+3	-4,549909E-1	1,481250E+3	8,464970E-2	1,481250E+3	-6,676094E-1	1,481250E+3	-6,389131E-2	1,481250E+3	-5,442596E-1	1,481250E+3	6,278827E-1
1,482812E+3	-8,736492E-1	1,482812E+3	9,219173E-2	1,482812E+3	-4,624243E-1	1,482812E+3	8,316180E-2	1,482812E+3	-6,874290E-1	1,482812E+3	1,028900E-1	1,482812E+3	-5,221381E-1	1,482812E+3	6,431909E-1
1,484375E+3	-8,555047E-1	1,484375E+3	2,623240E-1	1,484375E+3	-4,711073E-1	1,484375E+3	8,138054E-2	1,484375E+3	-7,189926E-1	1,484375E+3	3,654650E-1	1,484375E+3	-4,975503E-1	1,484375E+3	6,603737E-1
1,485937E+3	-8,549204E-1	1,485937E+3	2,634757E-1	1,485937E+3	-4,766684E-1	1,485937E+3	7,795947E-2	1,485937E+3	-7,238712E-1	1,485937E+3	3,570491E-1	1,485937E+3	-4,952978E-1	1,485937E+3	6,602387E-1
1,487500E+3	-8,542371E-1	1,487500E+3	2,657759E-1	1,487500E+3	-4,830487E-1	1,487500E+3	7,428945E-2	1,487500E+3	-7,288238E-1	1,487500E+3	3,484565E-1	1,487500E+3	-4,929709E-1	1,487500E+3	6,603225E-1
1,489062E+3	-8,530124E-1	1,489062E+3	2,683888E-1	1,489062E+3	-4,878648E-1	1,489062E+3	6,951207E-2	1,489062E+3	-7,337658E-1	1,489062E+3	3,386784E-1	1,489062E+3	-4,946866E-1	1,489062E+3	6,573484E-1
1,490625E+3	-8,516386E-1	1,490625E+3	2,721818E-1	1,490625E+3	-4,933313E-1	1,490625E+3	6,449575E-2	1,490625E+3	-7,387406E-1	1,490625E+3	3,286467E-1	1,490625E+3	-4,964436E-1	1,490625E+3	6,544019E-1
1,492187E+3	-8,489513E-1	1,492187E+3	2,806896E-1	1,492187E+3	-4,986375E-1	1,492187E+3	6,080221E-2	1,492187E+3	-7,434177E-1	1,492187E+3	3,185552E-1	1,492187E+3	-4,950893E-1	1,492187E+3	6,528463E-1
1,493750E+3	-8,459885E-1	1,493750E+3	2,906976E-1	1,493750E+3	-5,047545E-1	1,493750E+3	5,697185E-2	1,493750E+3	-7,480968E-1	1,493750E+3	3,082563E-1	1,493750E+3	-4,935858E-1	1,493750E+3	6,514891E-1
1,495312E+3	-8,416947E-1	1,495312E+3	3,024393E-1	1,495312E+3	-5,121336E-1	1,495312E+3	5,774774E-2	1,495312E+3	-7,519683E-1	1,495312E+3	2,996059E-1	1,495312E+3	-4,865553E-1	1,495312E+3	6,524990E-1
1,496875E+3	-8,369882E-1	1,496875E+3	3,157126E-1	1,496875E+3	-5,208697E-1	1,496875E+3	5,865736E-2	1,496875E+3	-7,558488E-1	1,496875E+3	2,909279E-1	1,496875E+3	-4,791273E-1	1,496875E+3	6,538987E-1
1,498437E+3	-8,370629E-1	1,498437E+3	3,156856E-1	1,498437E+3	-5,279327E-1	1,498437E+3	5,939283E-2	1,498437E+3	-7,584706E-1	1,498437E+3	2,853141E-1	1,498437E+3	-4,740374E-1	1,498437E+3	6,542721E-1
1,500000E+3	-8,370963E-1	1,500000E+3	3,162836E-1	1,500000E+3	-5,362333E-1	1,500000E+3	6,031331E-2	1,500000E+3	-7,611417E-1	1,500000E+3	2,799210E-1	1,500000E+3	-4,686631E-1	1,500000E+3	6,550119E-1
1,501562E+3	-8,393579E-1	1,501562E+3	3,106100E-1	1,501562E+3	-5,420074E-1	1,501562E+3	5,864384E-2	1,501562E+3	-7,626161E-1	1,501562E+3	2,790353E-1	1,501562E+3	-4,638135E-1	1,501562E+3	6,552237E-1
1,503125E+3	-8,415997E-1	1,503125E+3	3,052166E-1	1,503125E+3	-5,486772E-1	1,503125E+3	5,707083E-2	1,503125E+3	-7,642138E-1	1,503125E+3	2,786616E-1	1,503125E+3	-4,587727E-1	1,503125E+3	6,557282E-1
1,504687E+3	-8,440765E-1	1,504687E+3	2,983969E-1	1,504687E+3	-5,532789E-1	1,504687E+3	5,308332E-2	1,504687E+3	-7,650543E-1	1,504687E+3	2,823552E-1	1,504687E+3	-4,503304E-1	1,504687E+3	6,582888E-1
1,506250E+3	-8,465110E-1	1,506250E+3	2,918009E-1	1,506250E+3	-5,585017E-1	1,506250E+3	4,910928E-2	1,506250E+3	-7,660630E-1	1,506250E+3	2,868061E-1	1,506250E+3	-4,417743E-1	1,506250E+3	6,610263E-1
1,507812E+3	-8,481395E-1	1,507812E+3	2,872627E-1	1,507812E+3	-5,633861E-1	1,507812E+3	4,570976E-2	1,507812E+3	-7,672590E-1	1,507812E+3	2,894643E-1	1,507812E+3	-4,302624E-1	1,507812E+3	6,664603E-1
1,509375E+3	-8,497367E-1	1,509375E+3	2,830627E-1	1,509375E+3	-5,689360E-1	1,509375E+3	4,234122E-2	1,509375E+3	-7,686206E-1	1,509375E+3	2,927676E-1	1,509375E+3	-4,186098E-1	1,509375E+3	6,720392E-1
1,510937E+3	-8,506198E-1	1,510937E+3	2,798462E-1	1,510937E+3	-5,750299E-1	1,510937E+3	4,210532E-2	1,510937E+3	-7,692828E-1	1,510937E+3	2,964430E-1	1,510937E+3	-4,082728E-1	1,510937E+3	6,752409E-1
1,512500E+3	-8,514668E-1	1,512500E+3	2,770174E-1	1,512500E+3	-5,820351E-1	1,512500E+3	4,205279E-2	1,512500E+3	-7,700514E-1	1,512500E+3	3,008695E-1	1,512500E+3	-3,982128E-1	1,512500E+3	6,780601E-1
1,514062E+3	-8,509482E-1	1,514062E+3	2,779295E-1	1,514062E+3	-5,880714E-1	1,514062E+3	4,276363E-2	1,514062E+3	-7,704018E-1	1,514062E+3	3,035458E-1	1,514062E+3	-3,964013E-1	1,514062E+3	6,750110E-1
1,515625E+3	-8,503890E-1	1,515625E+3	2,793915E-1	1,515625E+3	-5,950040E-1	1,515625E+3	4,375593E-2	1,515625E+3	-7,708114E-1	1,515625E+3	3,068761E-1	1,515625E+3	-3,946672E-1	1,515625E+3	6,719962E-1
1,517187E+3	-8,474909E-1	1,517187E+3	2,846477E-1	1,517187E+3	-6,004506E-1	1,517187E+3	4,264912E-2	1,517187E+3	-7,715013E-1	1,517187E+3	3,085589E-1	1,517187E+3	-3,938670E-1	1,517187E+3	6,678688E-1
1,518750E+3	-8,444717E-1	1,518750E+3	2,905551E-1	1,518750E+3	-6,066020E-1	1,518750E+3	4,168329E-2	1,518750E+3	-7,722772E-1	1,518750E+3	3,106818E-1	1,518750E+3	-3,931257E-1	1,518750E+3	6,637637E-1
1,520312E+3	-8,404319E-1	1,520312E+3	2,975023E-1	1,520312E+3	-6,115289E-1	1,520312E+3	3,840184E-2	1,520312E+3	-7,759975E-1	1,520312E+3	3,028906E-1	1,520312E+3	-3,906071E-1	1,520312E+3	6,606423E-1
1,521875E+3	-8,362372E-1	1,521875E+3	3,050704E-1	1,521875E+3	-6,169843E-1	1,521875E+3	3,513623E-2	1,521875E+3	-7,795537E-1	1,521875E+3	2,951121E-1	1,521875E+3	-3,881588E-1	1,521875E+3	6,575761E-1
1,523437E+3	-8,343963E-1	1,523437E+3	3,077299E-1	1,523437E+3	-6,207386E-1	1,523437E+3	2,567535E-2	1,523437E+3	-7,815113E-1	1,523437E+3	2,889908E-1	1,523437E+3	-3,657828E-1	1,523437E+3	6,644591E-1
1,525000E+3	-8,325061E-1	1,525000E+3	3,108268E-1	1,525000E+3	-6,244812E-1	1,525000E+3	1,627142E-2	1,525000E+3	-7,834079E-1	1,525000E+3	2,830600E-1	1,525000E+3	-3,432655E-1	1,525000E+3	6,711503E-1
1,526562E+3	-8,339230E-1	1,526562E+3	3,058215E-1	1,526562E+3	-6,303668E-1	1,526562E+3	1,798651E-2	1,526562E+3	-7,844773E-1	1,526562E+3	2,814760E-1	1,526562E+3	-3,433585E-1	1,526562E+3	6,670993E-1
1,528125E+3	-8,352779E-1	1,528125E+3	3,010346E-1	1,528125E+3	-6,370192E-1	1,528125E+3	2,008424E-2	1,528125E+3	-7,856081E-1	1,528125E+3	2,802324E-1	1,528125E+3	-3,435972E-1	1,528125E+3	6,630304E-1
1,529687E+3	-8,412715E-1	1,529687E+3	2,704603E-1	1,529687E+3	-6,426853E-1	1,529687E+3	2,190798E-2	1,529687E+3	-7,866778E-1	1,529687E+3	2,790196E-1	1,529687E+3	-3,367609E-1	1,529687E+3	6,613797E-1
1,531250E+3	-8,456538E-1	1,531250E+3	2,420477E-1	1,531250E+3	-6,490382E-1	1,531250E+3	2,410049E-2	1,531250E+3	-7,878126E-1	1,531250E+3	2,781175E-1	1,531250E+3	-3,301145E-1	1,531250E+3	6,597583E-1
1,532812E+3	-8,466447E-1	1,532812E+3	2,376693E-1	1,532812E+3	-6,532921E-1	1,532812E+3	2,260535E-2	1,532812E+3	-7,885343E-1	1,532812E+3	2,789225E-1	1,532812E+3	-3,325227E-1	1,532812E+3	6,546532E-1
1,534375E+3	-8,476100E-1	1,534375E+3	2,335367E-1	1,534375E+3	-6,580165E-1	1,534375E+3	2,133758E-2	1,534375E+3	-7,893352E-1	1,534375E+3	2,800673E-1	1,534375E+3	-3,350405E-1	1,534375E+3	6,494844E-1
1,535937E+3	-8,465837E-1	1,535937E+3	2,357183E-1	1,535937E+3	-6,614657E-1	1,535937E+3	1,706988E-2	1,535937E+3	-7,894032E-1	1,535937E+3	2,821142E-1	1,535937E+3	-3,371172E-1	1,535937E+3	6,442804E-1
1,537500E+3	-8,455787E-1	1,537500E+3	2,382261E-1	1,537500E+3	-6,652267E-1	1,537500E+3	1,293700E-2	1,537500E+3	-7,895280E-1	1,537500E+3	2,844949E-1	1,537500E+3	-3,392703E-1	1,537500E+3	6,390494E-1
1,539062E+3	-8,422440E-1	1,539062E+3	2,462211E-1	1,539062E+3	-6,688527E-1	1,539062E+3	9,116763E-3	1,539062E+3	-7,884321E-1	1,539062E+3	2,873190E-1	1,539062E+3	-3,399358E-1	1,539062E+3	6,340816E-1
1,540625E+3	-8,388774E-1	1,540625E+3	2,545605E-1	1,540625E+3	-6,727793E-1	1,540625E+3	5,444194E-3	1,540625E+3	-7,873710E-1	1,540625E+3	2,904534E-1	1,540625E+3	-3,406979E-1	1,540625E+3	6,291060E-1
1,542187E+3	-8,374381E-1	1,542187E+3	2,558431E-1	1,542187E+3	-6,771703E-1	1,542187E+3	3,059570E-3	1,542187E+3	-7,862899E-1	1,542187E+3	2,923530E-1	1,542187E+3	-3,001857E-1	1,542187E+3	6,436294E-1
1,543750E+3	-8,360182E-1	1,543750E+3	2,573566E-1	1,543750E+3	-6,818390E-1	1,543750E+3	9,018565E-4	1,543750E+3	-7,852590E-1	1,543750E+3	2,944990E-1	1,543750E+3	-2,604146E-1	1,543750E+3	6,563341E-1
1,545312E+3	-8,356140E-1	1,545312E+3	2,551185E-1	1,545312E+3	-6,868424E-1	1,545312E+3	2,438357E-3	1,545312E+3	-7,859556E-1	1,545312E+3	2,939197E-1	1,545312E+3	-2,644897E-1	1,545312E+3	6,511171E-1
1,546875E+3	-8,351901E-1	1,546875E+3	2,530801E-1	1,546875E+3	-6,922238E-1	1,546875E+3	4,215950E-3	1,546875E+3	-7,866605E-1	1,546875E+3	2,935621E-1	1,546875E+3	-2,685931E-1	1,546875E+3	6,458269E-1
1,548437E+3	-8,357293E-1	1,548437E+3	2,472187E-1	1,548437E+3	-6,964429E-1	1,548437E+3	5,862413E-3	1,548437E+3	-7,880773E-1	1,548437E+3	2,929538E-1	1,548437E+3	-2,691226E-1	1,548437E+3	6,407803E-1
1,550000E+3	-8,361405E-1	1,550000E+3	2,416343E-1	1,550000E+3	-7,010212E-1	1,550000E+3	7,721542E-3	1,550000E+3	-7,894466E-1	1,550000E+3	2,925896E-1	1,550000E+3	-2,697499E-1	1,550000E+3	6,357670E-1
1,551562E+3	-8,363785E-1	1,551562E+3	2,366065E-1	1,551562E+3	-7,048325E-1	1,551562E+3	8,819260E-3	1,551562E+3	-7,900627E-1	1,551562E+3	2,920662E-1	1,551562E+3	-2,669766E-1	1,551562E+3	6,303990E-1
1,553125E+3	-8,364913E-1	1,553125E+3	2,318679E-1	1,553125E+3	-7,089381E-1	1,553125E+3	1,008430E-2	1,553125E+3	-7,906896E-1	1,553125E+3	2,917079E-1	1,553125E+3	-2,643616E-1	1,553125E+3	6,251179E-1
1,554687E+3	-8,343986E-1	1,554687E+3	2,357655E-1	1,554687E+3	-7,142767E-1	1,554687E+3	1,023915E-3	1,554687E+3	-7,898082E-1	1,554687E+3	2,933945E-1	1,554687E+3	-2,627799E-1	1,554687E+3	6,187679E-1
1,556250E+3	-8,323553E-1	1,556250E+3	2,397429E-1	1,556250E+3	-7,187132E-1	1,556250E+3	-6,686662E-3	1,556250E+3	-7,889520E-1	1,556250E+3	2,952384E-1	1,556250E+3	-2,606785E-1	1,556250E+3	6,125067E-1
1,557812E+3	-8,207603E-1	1,557812E+3	2,873053E-1	1,557812E+3	-7,224435E-1	1,557812E+3	-5,674929E-3	1,557812E+3	-7,862785E-1	1,557812E+3	3,028918E-1	1,557812E+3	-2,541054E-1	1,557812E+3	6,085690E-1
1,559375E+3	-8,070552E-1	1,559375E+3	3,347624E-1	1,559375E+3	-7,263200E-1	1,559375E+3	-4,586516E-3	1,559375E+3	-7,833056E-1	1,559375E+3	3,109307E-1	1,559375E+3	-2,474917E-1	1,559375E+3	6,046577E-1
1,560937E+3	-7,994895E-1	1,560937E+3	3,653283E-1	1,560937E+3	-7,297653E-1	1,560937E+3	-4,338960E-4	1,560937E+3	-7,717061E-1	1,560937E+3	3,714017E-1	1,560937E+3	-2,466623E-1	1,560937E+3	6,009652E-1
1,562500E+3	-7,912216E-1	1,562500E+3	3,954745E-1	1,562500E+3	-7,334295E-1	1,562500E+3	3,792657E-3	1,562500E+3	-7,567566E-1	1,562500E+3	4,310738E-1	1,562500E+3	-2,456396E-1	1,562500E+3	5,972154E-1
1,564062E+3	-7,937612E-1	1,564062E+3	3,873004E-1	1,564062E+3	-7,466683E-1	1,564062E+3	-9,989520E-4	1,564062E+3	-7,662048E-1	1,564062E+3	4,191718E-1	1,564062E+3	-2,475247E-1	1,564062E+3	5,915223E-1
1,565625E+3	-7,958038E-1	1,565625E+3	3,796197E-1	1,565625E+3	-7,522756E-1	1,565625E+3	-7,654254E-4	1,565625E+3	-7,707452E-1	1,565625E+3	4,105252E-1	1,565625E+3	-2,486013E-1	1,565625E+3	5,857377E-1
1,567187E+3	-7,947270E-1	1,567187E+3	3,772735E-1	1,567187E+3	-7,548327E-1	1,567187E+3	7,515065E-3	1,567187E+3	-7,744089E-1	1,567187E+3	4,033658E-1	1,567187E+3	-2,489527E-1	1,567187E+3	5,793916E-1
1,568750E+3	-7,935303E-1	1,568750E+3	3,751143E-1	1,568750E+3	-7,576059E-1	1,568750E+3	1,572048E-2	1,568750E+3	-7,738953E-1	1,568750E+3	3,997199E-1	1,568750E+3	-2,484706E-1	1,568750E+3	5,729249E-1
1,570312E+3	-8,058665E-1	1,570312E+3	3,520771E-1	1,570312E+3	-7,705355E-1	1,570312E+3	8,345989E-2	1,570312E+3	-7,701043E-1	1,570312E+3	4,051182E-1	1,570312E+3	-2,488975E-1	1,570312E+3	5,665392E-1
1,571875E+3	-8,101356E-1	1,571875E+3	3,377193E-1	1,571875E+3	-7,802681E-1	1,571875E+3	1,534760E-1	1,571875E+3	-7,663125E-1	1,571875E+3	4,102255E-1	1,571875E+3	-2,487247E-1	1,571875E+3	5,598759E-1
1,573437E+3	-8,044337E-1	1,573437E+3	3,478142E-1	1,573437E+3	-7,790935E-1	1,573437E+3	1,668339E-1	1,573437E+3	-7,632722E-1	1,573437E+3	4,147721E-1	1,573437E+3	-2,500495E-1	1,573437E+3	5,527090E-1
1,575000E+3	-7,988457E-1	1,575000E+3	3,575221E-1	1,575000E+3	-7,779532E-1	1,575000E+3	1,797485E-1	1,575000E+3	-7,600359E-1	1,575000E+3	4,189815E-1	1,575000E+3	-2,506793E-1	1,575000E+3	5,450306E-1
1,576562E+3	-7,950005E-1	1,576562E+3	3,625670E-1	1,576562E+3	-7,788363E-1	1,576562E+3	1,833449E-1	1,576562E+3	-7,580950E-1	1,576562E+3	4,232364E-1	1,576562E+3	-2,431670E-1	1,576562E+3	5,399518E-1
1,578125E+3	-7,910503E-1	1,578125E+3	3,674748E-1	1,578125E+3	-7,795907E-1	1,578125E+3	1,865337E-1	1,578125E+3	-7,557435E-1	1,578125E+3	4,269804E-1	1,578125E+3	-2,356055E-1	1,578125E+3	5,338082E-1
1,579687E+3	-8,138566E-1	1,579687E+3	3,344928E-1	1,579687E+3	-7,818089E-1	1,579687E+3	1,854260E-1	1,579687E+3	-7,528798E-1	1,579687E+3	4,337799E-1	1,579687E+3	-2,281053E-1	1,579687E+3	5,300291E-1
1,581250E+3	-8,066751E-1	1,581250E+3	3,235645E-1	1,581250E+3	-7,834227E-1	1,581250E+3	1,838796E-1	1,581250E+3	-7,492567E-1	1,581250E+3	4,395842E-1	1,581250E+3	-2,210195E-1	1,581250E+3	5,240696E-1
1,582812E+3	-8,005212E-1	1,582812E+3	3,335804E-1	1,582812E+3	-7,852183E-1	1,582812E+3	1,851644E-1	1,582812E+3	-7,393351E-1	1,582812E+3	4,567708E-1	1,582812E+3	-2,156825E-1	1,582812E+3	5,212074E-1
1,584375E+3	-7,947266E-1	1,584375E+3	3,429791E-1	1,584375E+3	-7,859381E-1	1,584375E+3	1,854626E-1	1,584375E+3	-7,286468E-1	1,584375E+3	4,713267E-1	1,584375E+3	-2,115677E-1	1,584375E+3	5,158042E-1
1,585937E+3	-7,854553E-1	1,585937E+3	3,578356E-1	1,585937E+3	-7,860044E-1	1,585937E+3	1,929156E-1	1,585937E+3	-7,204460E-1	1,585937E+3	4,820660E-1	1,585937E+3	-2,013269E-1	1,585937E+3	5,141890E-1
1,587500E+3	-7,766229E-1	1,587500E+3	3,715947E-1	1,587500E+3	-7,843041E-1	1,587500E+3	1,975538E-1	1,587500E+3	-7,116990E-1	1,587500E+3	4,888391E-1	1,587500E+3	-1,935061E-1	1,587500E+3	5,107112E-1
1,589062E+3	-7,717801E-1	1,589062E+3	3,766712E-1	1,589062E+3	-7,841924E-1	1,589062E+3	2,123510E-1	1,589062E+3	-7,098338E-1	1,589062E+3	4,917243E-1	1,589062E+3	-1,881754E-1	1,589062E+3	5,077341E-1
1,590625E+3	-7,672543E-1	1,590625E+3	3,807923E-1	1,590625E+3	-7,820523E-1	1,590625E+3	2,190385E-1	1,590625E+3	-7,080104E-1	1,590625E+3	4,891406E-1	1,590625E+3	-1,849485E-1	1,590625E+3	5,034606E-1
1,592187E+3	-7,641625E-1	1,592187E+3	3,837958E-1	1,592187E+3	-7,822564E-1	1,592187E+3	2,330994E-1	1,592187E+3	-7,060104E-1	1,592187E+3	4,933371E-1	1,592187E+3	1,501001E-1	1,592187E+3	4,853035E-1
1,593750E+3	-7,613606E-1	1,593750E+3	3,856261E-1	1,593750E+3	-7,832997E-1	1,593750E+3	2,349657E-1	1,593750E+3	-7,057251E-1	1,593750E+3	4,907656E-1	1,593750E+3	3,166137E-1	1,593750E+3	4,950496E-1
1,595312E+3	-5,391480E-1	1,595312E+3	6,072964E-1	1,595312E+3	-5,991429E-1	1,595312E+3	4,817746E-1	1,595312E+3	-3,963555E-1	1,595312E+3	7,069911E-1	1,595312E+3	3,218574E-1	1,595312E+3	4,901059E-1
1,596875E+3	-3,500694E-1	1,596875E+3	7,492108E-1	1,596875E+3	-4,900562E-1	1,596875E+3	6,229975E-1	1,596875E+3	-2,210897E-1	1,596875E+3	8,144594E-1	1,596875E+3	3,222383E-1	1,596875E+3	4,903766E-1
1,598437E+3	-3,702689E-1	1,598437E+3	7,401483E-1	1,598437E+3	-5,092670E-1	1,598437E+3	6,103367E-1	1,598437E+3	-2,476975E-1	1,598437E+3	8,065425E-1	1,598437E+3	3,201703E-1	1,598437E+3	4,868623E-1
1,600000E+3	-3,913589E-1	1,600000E+3	7,270180E-1	1,600000E+3	-5,306951E-1	1,600000E+3	5,952640E-1	1,600000E+3	-2,792488E-1	1,600000E+3	7,952416E-1	1,600000E+3	3,148232E-1	1,600000E+3	4,877862E-1
1,601562E+3	-4,126408E-1	1,601562E+3	7,157162E-1	1,601562E+3	-5,463181E-1	1,601562E+3	5,831608E-1	1,601562E+3	-3,007161E-1	1,601562E+3	7,870567E-1	1,601562E+3	3,074008E-1	1,601562E+3	4,849093E-1
1,603125E+3	-4,351774E-1	1,603125E+3	6,997363E-1	1,603125E+3	-5,635931E-1	1,603125E+3	5,696027E-1	1,603125E+3	-3,252327E-1	1,603125E+3	7,772948E-1	1,603125E+3	2,979908E-1	1,603125E+3	4,856872E-1
1,604687E+3	-4,590309E-1	1,604687E+3	6,854324E-1	1,604687E+3	-5,771218E-1	1,604687E+3	5,562325E-1	1,604687E+3	-3,424685E-1	1,604687E+3	7,696746E-1	1,604687E+3	2,901370E-1	1,604687E+3	4,856887E-1
1,606250E+3	-4,847688E-1	1,606250E+3	6,647419E-1	1,606250E+3	-5,921564E-1	1,606250E+3	5,417629E-1	1,606250E+3	-3,621520E-1	1,606250E+3	7,613024E-1	1,606250E+3	2,800901E-1	1,606250E+3	4,890614E-1
1,607812E+3	-5,230821E-1	1,607812E+3	6,402190E-1	1,607812E+3	-6,045452E-1	1,607812E+3	5,294404E-1	1,607812E+3	-3,771829E-1	1,607812E+3	7,538255E-1	1,607812E+3	2,696335E-1	1,607812E+3	4,887043E-1
1,609375E+3	-5,647636E-1	1,609375E+3	5,972098E-1	1,609375E+3	-6,186918E-1	1,609375E+3	5,158051E-1	1,609375E+3	-3,946816E-1	1,609375E+3	7,458046E-1	1,609375E+3	2,574974E-1	1,609375E+3	4,914684E-1
1,610937E+3	-5,919750E-1	1,610937E+3	5,716947E-1	1,610937E+3	-6,299558E-1	1,610937E+3	5,011710E-1	1,610937E+3	-4,088186E-1	1,610937E+3	7,366393E-1	1,610937E+3	2,457144E-1	1,610937E+3	4,907914E-1
1,612500E+3	-6,206417E-1	1,612500E+3	5,361640E-1	1,612500E+3	-6,429672E-1	1,612500E+3	4,853916E-1	1,612500E+3	-4,252543E-1	1,612500E+3	7,272549E-1	1,612500E+3	2,328013E-1	1,612500E+3	4,931143E-1
1,614062E+3	-6,280165E-1	1,614062E+3	5,267297E-1	1,614062E+3	-6,536532E-1	1,614062E+3	4,719333E-1	1,614062E+3	-4,385087E-1	1,614062E+3	7,191875E-1	1,614062E+3	2,194493E-1	1,614062E+3	4,924987E-1
1,615625E+3	-6,364371E-1	1,615625E+3	5,165173E-1	1,615625E+3	-6,664925E-1	1,615625E+3	4,569264E-1	1,615625E+3	-4,546192E-1	1,615625E+3	7,106509E-1	1,615625E+3	2,049472E-1	1,615625E+3	4,948035E-1
1,617187E+3	-6,432349E-1	1,617187E+3	5,065379E-1	1,617187E+3	-6,771263E-1	1,617187E+3	4,405649E-1	1,617187E+3	-4,686374E-1	1,617187E+3	6,999799E-1	1,617187E+3	1,887862E-1	1,617187E+3	4,935816E-1
1,618750E+3	-6,510031E-1	1,618750E+3	4,958873E-1	1,618750E+3	-6,897989E-1	1,618750E+3	4,226755E-1	1,618750E+3	-4,851407E-1	1,618750E+3	6,890928E-1	1,618750E+3	1,716906E-1	1,618750E+3	4,947758E-1
1,620312E+3	-6,579399E-1	1,620312E+3	4,855978E-1	1,620312E+3	-7,004115E-1	1,620312E+3	4,039340E-1	1,620312E+3	-4,993637E-1	1,620312E+3	6,787006E-1	1,620312E+3	1,568717E-1	1,620312E+3	4,942138E-1
1,621875E+3	-6,658254E-1	1,621875E+3	4,746081E-1	1,621875E+3	-7,128396E-1	1,621875E+3	3,838027E-1	1,621875E+3	-5,165549E-1	1,621875E+3	6,677322E-1	1,621875E+3	1,410004E-1	1,621875E+3	4,965922E-1
1,623437E+3	-6,729313E-1	1,623437E+3	4,626673E-1	1,623437E+3	-7,232260E-1	1,623437E+3	3,646764E-1	1,623437E+3	-5,318379E-1	1,623437E+3	6,547457E-1	1,623437E+3	1,281245E-1	1,623437E+3	4,954083E-1
1,625000E+3	-6,808707E-1	1,625000E+3	4,499609E-1	1,625000E+3	-7,355903E-1	1,625000E+3	3,438578E-1	1,625000E+3	-5,496921E-1	1,625000E+3	6,412946E-1	1,625000E+3	1,154124E-1	1,625000E+3	4,967470E-1
1,626562E+3	-6,877295E-1	1,626562E+3	4,376168E-1	1,626562E+3	-7,442889E-1	1,626562E+3	3,242577E-1	1,626562E+3	-5,645176E-1	1,626562E+3	6,277901E-1	1,626562E+3	2,257263E-1	1,626562E+3	4,045816E-1
1,628125E+3	-6,954767E-1	1,628125E+3	4,244412E-1	1,628125E+3	-7,548699E-1	1,628125E+3	3,035055E-1	1,628125E+3	-5,820978E-1	1,628125E+3	6,138783E-1	1,628125E+3	7,802971E-1	1,628125E+3	2,940302E-1
1,629687E+3	-5,618521E-1	1,629687E+3	1,720878E-1	1,629687E+3	-7,608126E-1	1,629687E+3	2,867600E-1	1,629687E+3	-5,949599E-1	1,629687E+3	6,002215E-1	1,629687E+3	7,597530E-1	1,629687E+3	3,162282E-1
1,631250E+3	6,577894E-1	1,631250E+3	5,559445E-1	1,631250E+3	-7,693773E-1	1,631250E+3	2,692254E-1	1,631250E+3	-6,106587E-1	1,631250E+3	5,868272E-1	1,631250E+3	7,379030E-1	1,631250E+3	3,372969E-1
1,632812E+3	6,389521E-1	1,632812E+3	5,599147E-1	1,632812E+3	-6,518318E-1	1,632812E+3	1,767597E-1	1,632812E+3	-5,061745E-1	1,632812E+3	4,417784E-1	1,632812E+3	7,199017E-1	1,632812E+3	3,577481E-1
1,634375E+3	6,208550E-1	1,634375E+3	5,617692E-1	1,634375E+3	4,328860E-1	1,634375E+3	6,785293E-1	1,634375E+3	7,200790E-1	1,634375E+3	4,844686E-1	1,634375E+3	7,009587E-1	1,634375E+3	3,773441E-1
1,635937E+3	2,369594E-1	1,635937E+3	7,136780E-1	1,635937E+3	4,027569E-1	1,635937E+3	6,904361E-1	1,635937E+3	6,995750E-1	1,635937E+3	5,069147E-1	1,635937E+3	6,834642E-1	1,635937E+3	3,963015E-1
1,637500E+3	-1,288673E-1	1,637500E+3	6,541467E-1	1,637500E+3	3,726255E-1	1,637500E+3	7,007987E-1	1,637500E+3	6,780999E-1	1,637500E+3	5,285647E-1	1,637500E+3	6,652265E-1	1,637500E+3	4,145122E-1
1,639062E+3	-1,393715E-1	1,639062E+3	6,428786E-1	1,639062E+3	1,488099E-1	1,639062E+3	6,395211E-1	1,639062E+3	4,450203E-1	1,639062E+3	5,797271E-1	1,639062E+3	5,664179E-1	1,639062E+3	3,999307E-1
1,640625E+3	-1,484932E-1	1,640625E+3	6,314478E-1	1,640625E+3	-2,906531E-2	1,640625E+3	5,483438E-1	1,640625E+3	2,288117E-1	1,640625E+3	5,649710E-1	1,640625E+3	4,737198E-1	1,640625E+3	3,698023E-1
1,642187E+3	-1,603677E-1	1,642187E+3	6,213760E-1	1,642187E+3	-4,547755E-2	1,642187E+3	5,468719E-1	1,642187E+3	2,152161E-1	1,642187E+3	5,678030E-1	1,642187E+3	2,972767E-1	1,642187E+3	4,098435E-1
1,643750E+3	-1,710143E-1	1,643750E+3	6,111977E-1	1,643750E+3	-6,084819E-2	1,643750E+3	5,453039E-1	1,643750E+3	2,024471E-1	1,643750E+3	5,701104E-1	1,643750E+3	1,047414E-1	1,643750E+3	3,967662E-1
1,645312E+3	-1,832376E-1	1,645312E+3	6,020746E-1	1,645312E+3	-7,737743E-2	1,645312E+3	5,423742E-1	1,645312E+3	1,964815E-1	1,645312E+3	5,734077E-1	1,645312E+3	8,409818E-3	1,645312E+3	3,890217E-1
1,646875E+3	-1,943363E-1	1,646875E+3	5,929061E-1	1,646875E+3	-9,285714E-2	1,646875E+3	5,392292E-1	1,646875E+3	1,920166E-1	1,646875E+3	5,765804E-1	1,646875E+3	-8,855202E-2	1,646875E+3	3,680821E-1
1,648437E+3	-2,054697E-1	1,648437E+3	5,852858E-1	1,648437E+3	-1,038758E-1	1,648437E+3	5,401028E-1	1,648437E+3	1,900002E-1	1,648437E+3	5,791084E-1	1,648437E+3	-1,008808E-1	1,648437E+3	3,628799E-1
1,650000E+3	-2,155130E-1	1,650000E+3	5,777962E-1	1,650000E+3	-1,135539E-1	1,650000E+3	5,415757E-1	1,650000E+3	1,899940E-1	1,650000E+3	5,816174E-1	1,650000E+3	-1,127502E-1	1,650000E+3	3,576174E-1
1,651562E+3	-2,220081E-1	1,651562E+3	5,741599E-1	1,651562E+3	-3,986421E-1	1,651562E+3	5,227002E-1	1,651562E+3	-7,798275E-2	1,651562E+3	6,708719E-1	1,651562E+3	-1,230811E-1	1,651562E+3	3,518352E-1
1,653125E+3	-2,271851E-1	1,653125E+3	5,712701E-1	1,653125E+3	-6,119054E-1	1,653125E+3	4,111456E-1	1,653125E+3	-3,433004E-1	1,653125E+3	6,426918E-1	1,653125E+3	-1,328957E-1	1,653125E+3	3,460943E-1
1,654687E+3	-2,255577E-1	1,654687E+3	5,707415E-1	1,654687E+3	-6,211296E-1	1,654687E+3	3,955335E-1	1,654687E+3	-3,518289E-1	1,654687E+3	6,349333E-1	1,654687E+3	-1,414023E-1	1,654687E+3	3,407772E-1
1,656250E+3	-2,215413E-1	1,656250E+3	5,717730E-1	1,656250E+3	-6,295771E-1	1,656250E+3	3,804050E-1	1,656250E+3	-3,592775E-1	1,656250E+3	6,276683E-1	1,656250E+3	-1,493624E-1	1,656250E+3	3,356936E-1
1,657812E+3	-6,114358E-2	1,657812E+3	6,556987E-1	1,657812E+3	-6,392845E-1	1,657812E+3	3,639980E-1	1,657812E+3	-3,716101E-1	1,657812E+3	6,184584E-1	1,657812E+3	-1,564634E-1	1,657812E+3	3,301664E-1
1,659375E+3	2,869300E-1	1,659375E+3	8,547604E-1	1,659375E+3	-6,482548E-1	1,659375E+3	3,479769E-1	1,659375E+3	-3,831180E-1	1,659375E+3	6,094218E-1	1,659375E+3	-1,629557E-1	1,659375E+3	3,249254E-1
1,660937E+3	2,366976E-1	1,660937E+3	8,971567E-1	1,660937E+3	-6,341338E-1	1,660937E+3	4,346033E-1	1,660937E+3	-3,444580E-1	1,660937E+3	6,886272E-1	1,660937E+3	-2,000727E-1	1,660937E+3	3,578523E-1
1,662500E+3	1,804663E-1	1,662500E+3	9,375850E-1	1,662500E+3	-6,439254E-1	1,662500E+3	5,990378E-1	1,662500E+3	-3,067463E-1	1,662500E+3	8,274347E-1	1,662500E+3	-2,586373E-1	1,662500E+3	4,066360E-1
1,664062E+3	1,162827E-1	1,664062E+3	9,700524E-1	1,664062E+3	-6,682979E-1	1,664062E+3	5,758786E-1	1,664062E+3	-3,357053E-1	1,664062E+3	8,169493E-1	1,664062E+3	-2,744283E-1	1,664062E+3	3,965154E-1
1,665625E+3	4,703348E-2	1,665625E+3	9,979189E-1	1,665625E+3	-6,915789E-1	1,665625E+3	5,522588E-1	1,665625E+3	-3,639803E-1	1,665625E+3	8,056991E-1	1,665625E+3	-2,897696E-1	1,665625E+3	3,861330E-1
1,667187E+3	-3,412067E-2	1,667187E+3	1,009621E+0	1,667187E+3	-7,135154E-1	1,667187E+3	5,264510E-1	1,667187E+3	-3,921885E-1	1,667187E+3	7,931859E-1	1,667187E+3	-3,052792E-1	1,667187E+3	3,743225E-1
1,668750E+3	-1,167701E-1	1,668750E+3	1,013394E+0	1,668750E+3	-7,341957E-1	1,668750E+3	5,003153E-1	1,668750E+3	-4,196243E-1	1,668750E+3	7,799305E-1	1,668750E+3	-3,202810E-1	1,668750E+3	3,622549E-1
1,670312E+3	-4,218442E-1	1,670312E+3	7,518449E-1	1,670312E+3	-7,537434E-1	1,670312E+3	4,734067E-1	1,670312E+3	-4,469666E-1	1,670312E+3	7,635330E-1	1,670312E+3	-3,347490E-1	1,670312E+3	3,491836E-1
1,671875E+3	-5,635951E-1	1,671875E+3	5,378493E-1	1,671875E+3	-7,720270E-1	1,671875E+3	4,463350E-1	1,671875E+3	-4,733120E-1	1,671875E+3	7,464637E-1	1,671875E+3	-3,486701E-1	1,671875E+3	3,358895E-1
1,673437E+3	-5,761655E-1	1,673437E+3	5,223875E-1	1,673437E+3	-7,888517E-1	1,673437E+3	4,165140E-1	1,673437E+3	-4,993901E-1	1,673437E+3	7,270680E-1	1,673437E+3	-3,630619E-1	1,673437E+3	3,210663E-1
1,675000E+3	-5,881507E-1	1,675000E+3	5,068548E-1	1,675000E+3	-8,042382E-1	1,675000E+3	3,867530E-1	1,675000E+3	-5,243133E-1	1,675000E+3	7,071152E-1	1,675000E+3	-3,768541E-1	1,675000E+3	3,060342E-1
1,676562E+3	-5,992531E-1	1,676562E+3	4,897832E-1	1,676562E+3	-8,394033E-1	1,676562E+3	2,819504E-1	1,676562E+3	-6,211220E-1	1,676562E+3	5,886392E-1	1,676562E+3	-4,052291E-1	1,676562E+3	2,842512E-1
1,678125E+3	-6,097172E-1	1,678125E+3	4,726615E-1	1,678125E+3	-8,581523E-1	1,678125E+3	2,132193E-1	1,678125E+3	-6,794899E-1	1,678125E+3	4,950705E-1	1,678125E+3	-4,321771E-1	1,678125E+3	2,623518E-1
1,679687E+3	-6,201495E-1	1,679687E+3	4,557220E-1	1,679687E+3	-8,607900E-1	1,679687E+3	1,936868E-1	1,679687E+3	-6,884318E-1	1,679687E+3	4,769756E-1	1,679687E+3	-4,522172E-1	1,679687E+3	2,467342E-1
1,681250E+3	-6,299713E-1	1,681250E+3	4,387422E-1	1,681250E+3	-8,629521E-1	1,681250E+3	1,743616E-1	1,681250E+3	-6,968189E-1	1,681250E+3	4,589071E-1	1,681250E+3	-4,714808E-1	1,681250E+3	2,310377E-1
1,682812E+3	-6,406801E-1	1,682812E+3	3,446796E-1	1,682812E+3	-8,646921E-1	1,682812E+3	1,542923E-1	1,682812E+3	-7,051007E-1	1,682812E+3	4,407316E-1	1,682812E+3	-4,854576E-1	1,682812E+3	2,163943E-1
1,684375E+3	-6,451808E-1	1,684375E+3	2,803051E-1	1,684375E+3	-8,659478E-1	1,684375E+3	1,344302E-1	1,684375E+3	-7,128389E-1	1,684375E+3	4,225783E-1	1,684375E+3	-4,988858E-1	1,684375E+3	2,017544E-1
1,685937E+3	-6,479613E-1	1,685937E+3	2,655041E-1	1,685937E+3	-8,532324E-1	1,685937E+3	1,946456E-1	1,685937E+3	-6,673382E-1	1,685937E+3	4,954824E-1	1,685937E+3	-4,710446E-1	1,685937E+3	2,537005E-1
1,687500E+3	-6,503932E-1	1,687500E+3	2,508022E-1	1,687500E+3	-8,213228E-1	1,687500E+3	3,244379E-1	1,687500E+3	-5,608537E-1	1,687500E+3	6,456134E-1	1,687500E+3	-4,174522E-1	1,687500E+3	3,472487E-1
1,689062E+3	-6,245071E-1	1,689062E+3	2,992967E-1	1,689062E+3	-8,307816E-1	1,689062E+3	3,057681E-1	1,689062E+3	-5,756170E-1	1,689062E+3	6,184313E-1	1,689062E+3	-4,323825E-1	1,689062E+3	3,368078E-1
1,690625E+3	-5,729338E-1	1,690625E+3	4,031949E-1	1,690625E+3	-8,398216E-1	1,690625E+3	2,871232E-1	1,690625E+3	-5,888753E-1	1,690625E+3	5,934924E-1	1,690625E+3	-4,468926E-1	1,690625E+3	3,263019E-1
1,692187E+3	-5,813265E-1	1,692187E+3	3,926944E-1	1,692187E+3	-8,476703E-1	1,692187E+3	2,683713E-1	1,692187E+3	-5,975906E-1	1,692187E+3	5,834034E-1	1,692187E+3	-4,597663E-1	1,692187E+3	3,155927E-1
1,693750E+3	-5,894891E-1	1,693750E+3	3,822477E-1	1,693750E+3	-8,551036E-1	1,693750E+3	2,497106E-1	1,693750E+3	-6,060343E-1	1,693750E+3	5,734383E-1	1,693750E+3	-4,722500E-1	1,693750E+3	3,048488E-1
1,695312E+3	-5,952733E-1	1,695312E+3	3,659885E-1	1,695312E+3	-8,524069E-1	1,695312E+3	2,490661E-1	1,695312E+3	-6,111666E-1	1,695312E+3	5,641996E-1	1,695312E+3	-4,848652E-1	1,695312E+3	2,942972E-1
1,696875E+3	-6,006692E-1	1,696875E+3	3,500842E-1	1,696875E+3	-8,507652E-1	1,696875E+3	2,465191E-1	1,696875E+3	-6,161727E-1	1,696875E+3	5,551201E-1	1,696875E+3	-4,970958E-1	1,696875E+3	2,837188E-1
1,698437E+3	-5,979745E-1	1,698437E+3	3,340626E-1	1,698437E+3	-8,533169E-1	1,698437E+3	2,367085E-1	1,698437E+3	-6,180844E-1	1,698437E+3	5,471681E-1	1,698437E+3	-5,105044E-1	1,698437E+3	2,745532E-1
1,700000E+3	-5,957324E-1	1,700000E+3	3,188295E-1	1,700000E+3	-8,557176E-1	1,700000E+3	2,271095E-1	1,700000E+3	-6,200094E-1	1,700000E+3	5,393501E-1	1,700000E+3	-5,234842E-1	1,700000E+3	2,653474E-1
1,701562E+3	-5,953620E-1	1,701562E+3	3,081009E-1	1,701562E+3	-8,560832E-1	1,701562E+3	2,209453E-1	1,701562E+3	-6,220181E-1	1,701562E+3	5,313950E-1	1,701562E+3	-5,340008E-1	1,701562E+3	2,575820E-1
1,703125E+3	-5,948975E-1	1,703125E+3	2,976220E-1	1,703125E+3	-8,564218E-1	1,703125E+3	2,147606E-1	1,703125E+3	-6,239333E-1	1,703125E+3	5,235927E-1	1,703125E+3	-5,442226E-1	1,703125E+3	2,497685E-1
1,704687E+3	-5,925632E-1	1,704687E+3	2,878607E-1	1,704687E+3	-8,560372E-1	1,704687E+3	2,077661E-1	1,704687E+3	-6,242801E-1	1,704687E+3	5,165333E-1	1,704687E+3	-5,515021E-1	1,704687E+3	2,416597E-1
1,706250E+3	-5,902895E-1	1,706250E+3	2,783445E-1	1,706250E+3	-8,555919E-1	1,706250E+3	2,009152E-1	1,706250E+3	-6,245991E-1	1,706250E+3	5,096192E-1	1,706250E+3	-5,585508E-1	1,706250E+3	2,335582E-1
1,707812E+3	-5,881405E-1	1,707812E+3	2,687024E-1	1,707812E+3	-8,544188E-1	1,707812E+3	1,928224E-1	1,707812E+3	-6,222684E-1	1,707812E+3	5,035474E-1	1,707812E+3	-5,640441E-1	1,707812E+3	2,274288E-1
1,709375E+3	-5,859963E-1	1,709375E+3	2,592639E-1	1,709375E+3	-8,530993E-1	1,709375E+3	1,849579E-1	1,709375E+3	-6,199424E-1	1,709375E+3	4,975980E-1	1,709375E+3	-5,693600E-1	1,709375E+3	2,212867E-1
1,710937E+3	-5,837604E-1	1,710937E+3	2,497492E-1	1,710937E+3	-8,503643E-1	1,710937E+3	1,781299E-1	1,710937E+3	-6,160651E-1	1,710937E+3	4,929736E-1	1,710937E+3	-5,721506E-1	1,710937E+3	2,158389E-1
1,712500E+3	-5,814262E-1	1,712500E+3	2,404579E-1	1,712500E+3	-8,474629E-1	1,712500E+3	1,715100E-1	1,712500E+3	-6,121008E-1	1,712500E+3	4,885027E-1	1,712500E+3	-5,747410E-1	1,712500E+3	2,104287E-1
1,714062E+3	-5,780098E-1	1,714062E+3	2,320694E-1	1,714062E+3	-8,009502E-1	1,714062E+3	2,883101E-1	1,714062E+3	-5,007624E-1	1,714062E+3	5,853061E-1	1,714062E+3	-5,758563E-1	1,714062E+3	2,073209E-1
1,715625E+3	-5,744863E-1	1,715625E+3	2,239179E-1	1,715625E+3	-6,555076E-1	1,715625E+3	5,215408E-1	1,715625E+3	-2,282275E-1	1,715625E+3	7,391680E-1	1,715625E+3	-5,767023E-1	1,715625E+3	2,043439E-1
1,717187E+3	-5,174907E-1	1,717187E+3	2,943042E-1	1,717187E+3	-6,652041E-1	1,717187E+3	5,096029E-1	1,717187E+3	-2,437123E-1	1,717187E+3	7,292123E-1	1,717187E+3	-5,232680E-1	1,717187E+3	2,924839E-1
1,718750E+3	-3,803614E-1	1,718750E+3	4,405507E-1	1,718750E+3	-6,746529E-1	1,718750E+3	4,976367E-1	1,718750E+3	-2,588104E-1	1,718750E+3	7,194104E-1	1,718750E+3	-4,084066E-1	1,718750E+3	4,403670E-1
1,720312E+3	-3,904591E-1	1,720312E+3	4,241335E-1	1,720312E+3	-6,835033E-1	1,720312E+3	4,850147E-1	1,720312E+3	-2,720882E-1	1,720312E+3	7,080696E-1	1,720312E+3	-4,234851E-1	1,720312E+3	4,331665E-1
1,721875E+3	-3,999581E-1	1,721875E+3	4,082805E-1	1,721875E+3	-6,921057E-1	1,721875E+3	4,723763E-1	1,721875E+3	-2,851009E-1	1,721875E+3	6,970561E-1	1,721875E+3	-4,381278E-1	1,721875E+3	4,257157E-1
1,723437E+3	-4,089656E-1	1,723437E+3	3,925557E-1	1,723437E+3	-6,999157E-1	1,723437E+3	4,583008E-1	1,723437E+3	-2,946568E-1	1,723437E+3	6,848178E-1	1,723437E+3	-4,501660E-1	1,723437E+3	4,184688E-1
1,725000E+3	-4,174712E-1	1,725000E+3	3,772398E-1	1,725000E+3	-7,074830E-1	1,725000E+3	4,442810E-1	1,725000E+3	-3,042077E-1	1,725000E+3	6,730543E-1	1,725000E+3	-4,618975E-1	1,725000E+3	4,110203E-1
1,726562E+3	-4,252907E-1	1,726562E+3	3,626335E-1	1,726562E+3	-6,436014E-1	1,726562E+3	5,238028E-1	1,726562E+3	-3,108589E-1	1,726562E+3	6,623200E-1	1,726562E+3	-4,717958E-1	1,726562E+3	4,034182E-1
1,728125E+3	-4,327043E-1	1,728125E+3	3,483565E-1	1,728125E+3	-5,264206E-1	1,728125E+3	6,383233E-1	1,728125E+3	-3,177617E-1	1,728125E+3	6,519875E-1	1,728125E+3	-4,814776E-1	1,728125E+3	3,956537E-1
1,729687E+3	-4,391082E-1	1,729687E+3	3,340752E-1	1,729687E+3	-5,192604E-1	1,729687E+3	6,390652E-1	1,729687E+3	-3,232091E-1	1,729687E+3	6,422106E-1	1,729687E+3	-4,548972E-1	1,729687E+3	4,220040E-1
1,731250E+3	-4,452028E-1	1,731250E+3	3,201568E-1	1,731250E+3	-5,124031E-1	1,731250E+3	6,397702E-1	1,731250E+3	-3,290173E-1	1,731250E+3	6,327389E-1	1,731250E+3	-4,220487E-1	1,731250E+3	4,519165E-1
1,732812E+3	-4,502021E-1	1,732812E+3	3,069666E-1	1,732812E+3	-4,711073E-1	1,732812E+3	6,662639E-1	1,732812E+3	-2,057727E-1	1,732812E+3	6,834753E-1	1,732812E+3	-3,711386E-1	1,732812E+3	4,961910E-1
1,734375E+3	-4,549985E-1	1,734375E+3	2,940794E-1	1,734375E+3	-4,213653E-1	1,734375E+3	6,955313E-1	1,734375E+3	5,250095E-3	1,734375E+3	7,351933E-1	1,734375E+3	-3,042643E-1	1,734375E+3	5,464276E-1
1,735937E+3	-3,933432E-1	1,735937E+3	3,557186E-1	1,735937E+3	-3,995290E-1	1,735937E+3	7,051084E-1	1,735937E+3	1,730458E-2	1,735937E+3	7,297487E-1	1,735937E+3	-2,539873E-1	1,735937E+3	5,708120E-1
1,737500E+3	-2,727238E-1	1,737500E+3	4,640042E-1	1,737500E+3	-3,753048E-1	1,737500E+3	7,154152E-1	1,737500E+3	2,882525E-2	1,737500E+3	7,247549E-1	1,737500E+3	-1,928731E-1	1,737500E+3	5,963394E-1
1,739062E+3	-2,668391E-1	1,739062E+3	4,621826E-1	1,739062E+3	-3,589947E-1	1,739062E+3	7,202001E-1	1,739062E+3	4,062016E-2	1,739062E+3	7,215697E-1	1,739062E+3	-1,588326E-1	1,739062E+3	6,031136E-1
1,740625E+3	-2,604384E-1	1,740625E+3	4,608220E-1	1,740625E+3	-3,421400E-1	1,740625E+3	7,249459E-1	1,740625E+3	5,239729E-2	1,740625E+3	7,186791E-1	1,740625E+3	-1,206401E-1	1,740625E+3	6,092915E-1
1,742187E+3	-2,521702E-1	1,742187E+3	4,597762E-1	1,742187E+3	-3,228855E-1	1,742187E+3	7,310430E-1	1,742187E+3	7,971688E-2	1,742187E+3	7,160531E-1	1,742187E+3	2,396961E-2	1,742187E+3	6,210635E-1
1,743750E+3	-2,432908E-1	1,743750E+3	4,592087E-1	1,743750E+3	-3,031633E-1	1,743750E+3	7,369896E-1	1,743750E+3	1,088900E-1	1,743750E+3	7,130964E-1	1,743750E+3	2,185731E-1	1,743750E+3	6,002397E-1
1,745312E+3	-2,373930E-1	1,745312E+3	4,584530E-1	1,745312E+3	-2,741570E-1	1,745312E+3	7,467852E-1	1,745312E+3	1,357024E-1	1,745312E+3	7,102026E-1	1,745312E+3	2,547467E-1	1,745312E+3	5,897926E-1
1,746875E+3	-2,312804E-1	1,746875E+3	4,579441E-1	1,746875E+3	-2,432645E-1	1,746875E+3	7,564938E-1	1,746875E+3	1,644396E-1	1,746875E+3	7,070044E-1	1,746875E+3	2,923463E-1	1,746875E+3	5,774765E-1
1,748437E+3	-2,204103E-1	1,748437E+3	4,614440E-1	1,748437E+3	-2,175444E-1	1,748437E+3	7,630181E-1	1,748437E+3	2,092190E-1	1,748437E+3	6,845871E-1	1,748437E+3	3,044810E-1	1,748437E+3	5,733593E-1
1,750000E+3	-2,087347E-1	1,750000E+3	4,654656E-1	1,750000E+3	-1,906768E-1	1,750000E+3	7,692536E-1	1,750000E+3	2,433286E-1	1,750000E+3	6,648886E-1	1,750000E+3	3,166666E-1	1,750000E+3	5,690877E-1
1,751562E+3	-1,930067E-1	1,751562E+3	4,695098E-1	1,751562E+3	-1,678168E-1	1,751562E+3	7,743021E-1	1,751562E+3	2,633720E-1	1,751562E+3	6,546117E-1	1,751562E+3	3,398342E-1	1,751562E+3	5,607909E-1
1,753125E+3	-1,759264E-1	1,753125E+3	4,742444E-1	1,753125E+3	-1,445468E-1	1,753125E+3	7,790906E-1	1,753125E+3	2,824957E-1	1,753125E+3	6,450313E-1	1,753125E+3	3,635595E-1	1,753125E+3	5,516524E-1
1,754687E+3	-1,653480E-1	1,754687E+3	4,749664E-1	1,754687E+3	-1,149134E-1	1,754687E+3	7,835753E-1	1,754687E+3	3,028563E-1	1,754687E+3	6,329726E-1	1,754687E+3	4,148227E-1	1,754687E+3	5,250332E-1
1,756250E+3	-1,544114E-1	1,756250E+3	4,760154E-1	1,756250E+3	-8,411124E-2	1,756250E+3	7,875597E-1	1,756250E+3	3,221879E-1	1,756250E+3	6,219082E-1	1,756250E+3	4,685741E-1	1,756250E+3	4,933204E-1
1,757812E+3	-1,450613E-1	1,757812E+3	4,785640E-1	1,757812E+3	-5,592086E-2	1,757812E+3	7,894392E-1	1,757812E+3	3,371226E-1	1,757812E+3	6,110552E-1	1,757812E+3	5,051642E-1	1,757812E+3	4,740822E-1
1,759375E+3	-1,354246E-1	1,759375E+3	4,813902E-1	1,759375E+3	-2,657344E-2	1,759375E+3	7,908032E-1	1,759375E+3	3,515617E-1	1,759375E+3	6,011000E-1	1,759375E+3	5,425004E-1	1,759375E+3	4,525961E-1
1,760937E+3	-1,247756E-1	1,760937E+3	4,856728E-1	1,760937E+3	-6,817433E-3	1,760937E+3	7,886800E-1	1,760937E+3	3,670829E-1	1,760937E+3	5,893663E-1	1,760937E+3	5,601809E-1	1,760937E+3	4,451116E-1
1,762500E+3	-1,135853E-1	1,762500E+3	4,902993E-1	1,762500E+3	1,284079E-2	1,762500E+3	7,863608E-1	1,762500E+3	3,822227E-1	1,762500E+3	5,785070E-1	1,762500E+3	5,777826E-1	1,762500E+3	4,373293E-1
1,764062E+3	-1,002841E-1	1,764062E+3	4,934296E-1	1,764062E+3	3,074118E-2	1,764062E+3	7,822541E-1	1,764062E+3	4,024513E-1	1,764062E+3	5,637829E-1	1,764062E+3	6,053656E-1	1,764062E+3	4,191761E-1
1,765625E+3	-8,613204E-2	1,765625E+3	4,968854E-1	1,765625E+3	4,839835E-2	1,765625E+3	7,780483E-1	1,765625E+3	4,224222E-1	1,765625E+3	5,497308E-1	1,765625E+3	6,329986E-1	1,765625E+3	3,995896E-1
1,767187E+3	-7,152228E-2	1,767187E+3	4,984065E-1	1,767187E+3	6,675170E-2	1,767187E+3	7,735309E-1	1,767187E+3	4,414936E-1	1,767187E+3	5,331729E-1	1,767187E+3	6,538314E-1	1,767187E+3	3,790888E-1
1,768750E+3	-5,591794E-2	1,768750E+3	5,003095E-1	1,768750E+3	8,545251E-2	1,768750E+3	7,689107E-1	1,768750E+3	4,600883E-1	1,768750E+3	5,176237E-1	1,768750E+3	6,741030E-1	1,768750E+3	3,576819E-1
1,770312E+3	-4,533115E-2	1,770312E+3	5,014221E-1	1,770312E+3	1,306470E-1	1,770312E+3	7,619051E-1	1,770312E+3	4,749244E-1	1,770312E+3	5,030433E-1	1,770312E+3	6,732605E-1	1,770312E+3	3,367314E-1
1,771875E+3	-3,433942E-2	1,771875E+3	5,028404E-1	1,771875E+3	1,650734E-1	1,771875E+3	7,537891E-1	1,771875E+3	4,893037E-1	1,771875E+3	4,898006E-1	1,771875E+3	6,707680E-1	1,771875E+3	3,196672E-1
1,773437E+3	-3,127629E-2	1,773437E+3	5,003131E-1	1,773437E+3	1,985063E-1	1,773437E+3	7,455310E-1	1,773437E+3	5,022738E-1	1,773437E+3	4,766515E-1	1,773437E+3	7,165559E-1	1,773437E+3	2,444641E-1
1,775000E+3	-2,989725E-2	1,775000E+3	4,971046E-1	1,775000E+3	2,299556E-1	1,775000E+3	7,369148E-1	1,775000E+3	5,150119E-1	1,775000E+3	4,648951E-1	1,775000E+3	7,573106E-1	1,775000E+3	1,625576E-1
1,776562E+3	-1,589532E-2	1,776562E+3	4,987266E-1	1,776562E+3	2,561103E-1	1,776562E+3	7,283616E-1	1,776562E+3	5,270926E-1	1,776562E+3	4,514602E-1	1,776562E+3	7,782616E-1	1,776562E+3	1,174099E-1
1,778125E+3	-2,047776E-3	1,778125E+3	5,000619E-1	1,778125E+3	2,814462E-1	1,778125E+3	7,195603E-1	1,778125E+3	5,388238E-1	1,778125E+3	4,399737E-1	1,778125E+3	7,973329E-1	1,778125E+3	7,097223E-2
1,779687E+3	1,258805E-2	1,779687E+3	5,030043E-1	1,779687E+3	3,139141E-1	1,779687E+3	7,062226E-1	1,779687E+3	6,040230E-1	1,779687E+3	4,086155E-1	1,779687E+3	8,035081E-1	1,779687E+3	4,627659E-2
1,781250E+3	2,738252E-2	1,781250E+3	5,058087E-1	1,781250E+3	3,464094E-1	1,781250E+3	6,918470E-1	1,781250E+3	6,785775E-1	1,781250E+3	3,715146E-1	1,781250E+3	8,089543E-1	1,781250E+3	2,212753E-2
1,782812E+3	4,444751E-2	1,782812E+3	5,091849E-1	1,782812E+3	3,788230E-1	1,782812E+3	6,734071E-1	1,782812E+3	6,911386E-1	1,782812E+3	3,533722E-1	1,782812E+3	8,108488E-1	1,782812E+3	2,111867E-3
1,784375E+3	6,193709E-2	1,784375E+3	5,125604E-1	1,784375E+3	4,108176E-1	1,784375E+3	6,537960E-1	1,784375E+3	7,041164E-1	1,784375E+3	3,368606E-1	1,784375E+3	8,123004E-1	1,784375E+3	-1,695572E-2
1,785937E+3	7,983573E-2	1,785937E+3	5,143149E-1	1,785937E+3	4,360038E-1	1,785937E+3	6,359913E-1	1,785937E+3	7,129626E-1	1,785937E+3	3,188721E-1	1,785937E+3	8,118988E-1	1,785937E+3	-3,504469E-2
1,787500E+3	9,800693E-2	1,787500E+3	5,160273E-1	1,787500E+3	4,599739E-1	1,787500E+3	6,179700E-1	1,787500E+3	7,223906E-1	1,787500E+3	3,031649E-1	1,787500E+3	8,112151E-1	1,787500E+3	-5,178082E-2
1,789062E+3	1,165864E-1	1,789062E+3	5,150612E-1	1,789062E+3	4,830607E-1	1,789062E+3	5,993857E-1	1,789062E+3	7,299009E-1	1,789062E+3	2,846769E-1	1,789062E+3	8,105236E-1	1,789062E+3	-6,215858E-2
1,790625E+3	1,351883E-1	1,790625E+3	5,138736E-1	1,790625E+3	5,042469E-1	1,790625E+3	5,815591E-1	1,790625E+3	7,383673E-1	1,790625E+3	2,686626E-1	1,790625E+3	8,098333E-1	1,790625E+3	-7,135975E-2
1,792187E+3	1,451370E-1	1,792187E+3	5,128467E-1	1,792187E+3	5,204394E-1	1,792187E+3	5,693312E-1	1,792187E+3	7,430958E-1	1,792187E+3	2,513829E-1	1,792187E+3	8,281725E-1	1,792187E+3	-1,566394E-1
1,793750E+3	1,544654E-1	1,793750E+3	5,118487E-1	1,793750E+3	5,354455E-1	1,793750E+3	5,580226E-1	1,793750E+3	7,491828E-1	1,793750E+3	2,366561E-1	1,793750E+3	8,404529E-1	1,793750E+3	-2,449596E-1
1,795312E+3	2,283454E-1	1,795312E+3	5,085146E-1	1,795312E+3	6,122383E-1	1,795312E+3	5,090461E-1	1,795312E+3	7,555103E-1	1,795312E+3	2,159220E-1	1,795312E+3	8,437233E-1	1,795312E+3	-2,601631E-1
1,796875E+3	3,137786E-1	1,796875E+3	5,029783E-1	1,796875E+3	6,919888E-1	1,796875E+3	4,505173E-1	1,796875E+3	7,634596E-1	1,796875E+3	1,977658E-1	1,796875E+3	8,470852E-1	1,796875E+3	-2,742721E-1
1,798437E+3	3,424606E-1	1,798437E+3	4,955221E-1	1,798437E+3	7,154207E-1	1,798437E+3	4,170171E-1	1,798437E+3	7,698723E-1	1,798437E+3	1,791774E-1	1,798437E+3	8,474868E-1	1,798437E+3	-2,886992E-1
1,800000E+3	3,708112E-1	1,800000E+3	4,875766E-1	1,800000E+3	7,371238E-1	1,800000E+3	3,834628E-1	1,800000E+3	7,780945E-1	1,800000E+3	1,624844E-1	1,800000E+3	8,480513E-1	1,800000E+3	-3,017798E-1
1,801562E+3	3,868139E-1	1,801562E+3	4,798871E-1	1,801562E+3	7,526811E-1	1,801562E+3	3,533458E-1	1,801562E+3	7,821672E-1	1,801562E+3	1,430915E-1	1,801562E+3	8,470411E-1	1,801562E+3	-3,101941E-1
1,803125E+3	4,017308E-1	1,803125E+3	4,724374E-1	1,803125E+3	7,665395E-1	1,803125E+3	3,245113E-1	1,803125E+3	7,886585E-1	1,803125E+3	1,258395E-1	1,803125E+3	8,464358E-1	1,803125E+3	-3,173920E-1
1,804687E+3	4,157351E-1	1,804687E+3	4,663954E-1	1,804687E+3	7,802028E-1	1,804687E+3	2,967609E-1	1,804687E+3	7,881772E-1	1,804687E+3	1,077764E-1	1,804687E+3	8,465121E-1	1,804687E+3	-3,244413E-1
1,806250E+3	4,287533E-1	1,806250E+3	4,607043E-1	1,806250E+3	7,922353E-1	1,806250E+3	2,710902E-1	1,806250E+3	7,909673E-1	1,806250E+3	9,195254E-2	1,806250E+3	8,470053E-1	1,806250E+3	-3,304064E-1
1,807812E+3	4,495097E-1	1,807812E+3	4,518829E-1	1,807812E+3	8,014884E-1	1,807812E+3	2,453284E-1	1,807812E+3	7,902415E-1	1,807812E+3	7,704661E-2	1,807812E+3	8,462234E-1	1,807812E+3	-3,447612E-1
1,809375E+3	4,696356E-1	1,809375E+3	4,431495E-1	1,809375E+3	8,096394E-1	1,809375E+3	2,216205E-1	1,809375E+3	7,925578E-1	1,809375E+3	6,377450E-2	1,809375E+3	8,458722E-1	1,809375E+3	-3,577142E-1
1,810937E+3	4,930795E-1	1,810937E+3	4,311154E-1	1,810937E+3	8,161975E-1	1,810937E+3	2,008963E-1	1,810937E+3	7,947385E-1	1,810937E+3	5,253540E-2	1,810937E+3	8,412588E-1	1,810937E+3	-3,774127E-1
1,812500E+3	5,155924E-1	1,812500E+3	4,192180E-1	1,812500E+3	8,218253E-1	1,812500E+3	1,823337E-1	1,812500E+3	7,991031E-1	1,812500E+3	4,206962E-2	1,812500E+3	8,371455E-1	1,812500E+3	-3,954235E-1
1,814062E+3	5,343894E-1	1,814062E+3	4,066669E-1	1,814062E+3	8,284989E-1	1,814062E+3	1,645928E-1	1,814062E+3	8,037673E-1	1,814062E+3	3,060360E-2	1,814062E+3	8,324373E-1	1,814062E+3	-3,953264E-1
1,815625E+3	5,518443E-1	1,815625E+3	3,946930E-1	1,815625E+3	8,342208E-1	1,815625E+3	1,492751E-1	1,815625E+3	8,106151E-1	1,815625E+3	1,970148E-2	1,815625E+3	8,287255E-1	1,815625E+3	-3,943474E-1
1,817187E+3	5,618083E-1	1,817187E+3	3,810604E-1	1,817187E+3	8,385105E-1	1,817187E+3	1,354678E-1	1,817187E+3	8,152198E-1	1,817187E+3	5,763809E-3	1,817187E+3	8,248861E-1	1,817187E+3	-3,899154E-1
1,818750E+3	5,701080E-1	1,818750E+3	3,687971E-1	1,818750E+3	8,421949E-1	1,818750E+3	1,242223E-1	1,818750E+3	8,222854E-1	1,818750E+3	-7,831580E-3	1,818750E+3	8,220105E-1	1,818750E+3	-3,848018E-1
1,820312E+3	5,829436E-1	1,820312E+3	3,522951E-1	1,820312E+3	8,464508E-1	1,820312E+3	1,037998E-1	1,820312E+3	8,220351E-1	1,820312E+3	-1,853928E-2	1,820312E+3	8,215361E-1	1,820312E+3	-3,825530E-1
1,821875E+3	5,940663E-1	1,821875E+3	3,373561E-1	1,821875E+3	8,500286E-1	1,821875E+3	8,618994E-2	1,821875E+3	8,242087E-1	1,821875E+3	-2,935937E-2	1,821875E+3	8,217500E-1	1,821875E+3	-3,794641E-1
1,823437E+3	6,103734E-1	1,823437E+3	3,231998E-1	1,823437E+3	8,528517E-1	1,823437E+3	6,790035E-2	1,823437E+3	8,226658E-1	1,823437E+3	-3,923089E-2	1,823437E+3	8,219338E-1	1,823437E+3	-3,791346E-1
1,825000E+3	6,246296E-1	1,825000E+3	3,109065E-1	1,825000E+3	8,552862E-1	1,825000E+3	5,257108E-2	1,825000E+3	8,233952E-1	1,825000E+3	-4,943780E-2	1,825000E+3	8,228739E-1	1,825000E+3	-3,777968E-1
1,826562E+3	6,383268E-1	1,826562E+3	3,008690E-1	1,826562E+3	8,565632E-1	1,826562E+3	3,598334E-2	1,826562E+3	8,218508E-1	1,826562E+3	-5,908925E-2	1,826562E+3	8,206274E-1	1,826562E+3	-3,840851E-1
1,828125E+3	6,505774E-1	1,828125E+3	2,925438E-1	1,828125E+3	8,576733E-1	1,828125E+3	2,224280E-2	1,828125E+3	8,224103E-1	1,828125E+3	-6,914180E-2	1,828125E+3	8,196422E-1	1,828125E+3	-3,887539E-1
1,829687E+3	6,620669E-1	1,829687E+3	2,843404E-1	1,829687E+3	8,588729E-1	1,829687E+3	3,691293E-3	1,829687E+3	8,219852E-1	1,829687E+3	-8,063598E-2	1,829687E+3	8,145547E-1	1,829687E+3	-4,001704E-1
1,831250E+3	6,726385E-1	1,831250E+3	2,776589E-1	1,831250E+3	8,600346E-1	1,831250E+3	-1,158857E-2	1,831250E+3	8,236509E-1	1,831250E+3	-9,257902E-2	1,831250E+3	8,113141E-1	1,831250E+3	-4,094259E-1
1,832812E+3	6,816306E-1	1,832812E+3	2,666180E-1	1,832812E+3	8,627186E-1	1,832812E+3	-3,558316E-2	1,832812E+3	8,265864E-1	1,832812E+3	-1,035005E-1	1,832812E+3	8,086867E-1	1,832812E+3	-4,190990E-1
1,834375E+3	6,896419E-1	1,834375E+3	2,575567E-1	1,834375E+3	8,653087E-1	1,834375E+3	-5,497111E-2	1,834375E+3	8,311852E-1	1,834375E+3	-1,149033E-1	1,834375E+3	8,074677E-1	1,834375E+3	-4,270286E-1
1,835937E+3	7,029006E-1	1,835937E+3	2,350901E-1	1,835937E+3	8,690934E-1	1,835937E+3	-7,676015E-2	1,835937E+3	8,351531E-1	1,835937E+3	-1,242536E-1	1,835937E+3	8,056810E-1	1,835937E+3	-4,327093E-1
1,837500E+3	7,145335E-1	1,837500E+3	2,157213E-1	1,837500E+3	8,729120E-1	1,837500E+3	-9,422172E-2	1,837500E+3	8,404620E-1	1,837500E+3	-1,339702E-1	1,837500E+3	8,052501E-1	1,837500E+3	-4,369405E-1
1,839062E+3	7,290846E-1	1,839062E+3	1,944288E-1	1,839062E+3	8,764450E-1	1,839062E+3	-1,109753E-1	1,839062E+3	8,394933E-1	1,839062E+3	-1,450936E-1	1,839062E+3	8,043668E-1	1,839062E+3	-4,408423E-1
1,840625E+3	7,418393E-1	1,840625E+3	1,769575E-1	1,840625E+3	8,803172E-1	1,840625E+3	-1,248269E-1	1,840625E+3	8,400690E-1	1,840625E+3	-1,568843E-1	1,840625E+3	8,050345E-1	1,840625E+3	-4,433982E-1
1,842187E+3	7,544550E-1	1,842187E+3	1,580991E-1	1,842187E+3	8,816045E-1	1,842187E+3	-1,420644E-1	1,842187E+3	8,343537E-1	1,842187E+3	-1,725634E-1	1,842187E+3	8,030038E-1	1,842187E+3	-4,447731E-1
1,843750E+3	7,659313E-1	1,843750E+3	1,427385E-1	1,843750E+3	8,834966E-1	1,843750E+3	-1,566462E-1	1,843750E+3	8,305396E-1	1,843750E+3	-1,891774E-1	1,843750E+3	8,027199E-1	1,843750E+3	-4,451469E-1
1,845312E+3	7,760379E-1	1,845312E+3	1,260568E-1	1,845312E+3	8,806174E-1	1,845312E+3	-1,746363E-1	1,845312E+3	8,239837E-1	1,845312E+3	-2,041723E-1	1,845312E+3	7,958909E-1	1,845312E+3	-4,477791E-1
1,846875E+3	7,856092E-1	1,846875E+3	1,127250E-1	1,846875E+3	8,793088E-1	1,846875E+3	-1,886095E-1	1,846875E+3	8,190398E-1	1,846875E+3	-2,200687E-1	1,846875E+3	7,918558E-1	1,846875E+3	-4,494581E-1
1,848437E+3	7,876743E-1	1,848437E+3	9,879321E-2	1,848437E+3	8,730416E-1	1,848437E+3	-2,106745E-1	1,848437E+3	7,709860E-1	1,848437E+3	-3,103506E-1	1,848437E+3	7,862186E-1	1,848437E+3	-4,540189E-1
1,850000E+3	7,898884E-1	1,850000E+3	8,842748E-2	1,850000E+3	8,699046E-1	1,850000E+3	-2,266355E-1	1,850000E+3	7,348536E-1	1,850000E+3	-3,920269E-1	1,850000E+3	7,831829E-1	1,850000E+3	-4,575743E-1
1,851562E+3	7,919838E-1	1,851562E+3	7,210141E-2	1,851562E+3	8,650934E-1	1,851562E+3	-2,421733E-1	1,851562E+3	7,405161E-1	1,851562E+3	-3,896741E-1	1,851562E+3	7,795911E-1	1,851562E+3	-4,634783E-1
1,853125E+3	7,946074E-1	1,853125E+3	5,983600E-2	1,853125E+3	8,635805E-1	1,853125E+3	-2,527786E-1	1,853125E+3	7,468315E-1	1,853125E+3	-3,873087E-1	1,853125E+3	7,785039E-1	1,853125E+3	-4,684873E-1
1,854687E+3	8,005633E-1	1,854687E+3	4,135235E-2	1,854687E+3	8,603647E-1	1,854687E+3	-2,671383E-1	1,854687E+3	7,538820E-1	1,854687E+3	-3,859737E-1	1,854687E+3	7,768405E-1	1,854687E+3	-4,741497E-1
1,856250E+3	8,072336E-1	1,856250E+3	2,784373E-2	1,856250E+3	8,601574E-1	1,856250E+3	-2,777580E-1	1,856250E+3	7,616987E-1	1,856250E+3	-3,845513E-1	1,856250E+3	7,772847E-1	1,856250E+3	-4,792826E-1
1,857812E+3	8,141053E-1	1,857812E+3	5,089566E-3	1,857812E+3	8,559974E-1	1,857812E+3	-2,892966E-1	1,857812E+3	7,685316E-1	1,857812E+3	-3,866055E-1	1,857812E+3	7,783248E-1	1,857812E+3	-4,789445E-1
1,859375E+3	8,223838E-1	1,859375E+3	-1,294833E-2	1,859375E+3	8,557256E-1	1,859375E+3	-2,973919E-1	1,859375E+3	7,763536E-1	1,859375E+3	-3,886652E-1	1,859375E+3	7,807794E-1	1,859375E+3	-4,784925E-1
1,860937E+3	8,266535E-1	1,860937E+3	-2,877995E-2	1,860937E+3	8,479574E-1	1,860937E+3	-3,099326E-1	1,860937E+3	7,799562E-1	1,860937E+3	-3,922953E-1	1,860937E+3	6,928828E-1	1,860937E+3	-5,063217E-1
1,862500E+3	8,327766E-1	1,862500E+3	-4,091031E-2	1,862500E+3	8,467622E-1	1,862500E+3	-3,191723E-1	1,862500E+3	7,843884E-1	1,862500E+3	-3,961707E-1	1,862500E+3	6,588370E-1	1,862500E+3	-5,936915E-1
1,864062E+3	8,336716E-1	1,864062E+3	-5,445369E-2	1,864062E+3	8,429733E-1	1,864062E+3	-3,283206E-1	1,864062E+3	7,867766E-1	1,864062E+3	-3,989382E-1	1,864062E+3	6,572153E-1	1,864062E+3	-5,934752E-1
1,865625E+3	8,372311E-1	1,865625E+3	-6,444834E-2	1,865625E+3	8,422937E-1	1,865625E+3	-3,360735E-1	1,865625E+3	7,898608E-1	1,865625E+3	-4,019943E-1	1,865625E+3	6,566878E-1	1,865625E+3	-5,927637E-1
1,867187E+3	8,375355E-1	1,867187E+3	-7,908111E-2	1,867187E+3	7,410416E-1	1,867187E+3	-3,781565E-1	1,867187E+3	7,938929E-1	1,867187E+3	-4,022955E-1	1,867187E+3	6,495268E-1	1,867187E+3	-5,995055E-1
1,868750E+3	8,415001E-1	1,868750E+3	-9,019361E-2	1,868750E+3	7,356067E-1	1,868750E+3	-5,094338E-1	1,868750E+3	7,986041E-1	1,868750E+3	-4,027659E-1	1,868750E+3	6,447424E-1	1,868750E+3	-6,053547E-1
1,870312E+3	8,389951E-1	1,870312E+3	-1,076593E-1	1,870312E+3	7,347536E-1	1,870312E+3	-5,084235E-1	1,870312E+3	8,068585E-1	1,870312E+3	-4,027200E-1	1,870312E+3	6,374121E-1	1,870312E+3	-6,290620E-1
1,871875E+3	8,412342E-1	1,871875E+3	-1,218503E-1	1,871875E+3	7,347456E-1	1,871875E+3	-5,065589E-1	1,871875E+3	8,161618E-1	1,871875E+3	-4,026193E-1	1,871875E+3	6,337188E-1	1,871875E+3	-6,536656E-1
1,873437E+3	8,382177E-1	1,873437E+3	-1,396172E-1	1,873437E+3	7,336803E-1	1,873437E+3	-5,038464E-1	1,873437E+3	8,251383E-1	1,873437E+3	-4,000011E-1	1,873437E+3	6,379247E-1	1,873437E+3	-6,515489E-1
1,875000E+3	8,406528E-1	1,875000E+3	-1,547408E-1	1,875000E+3	7,333685E-1	1,875000E+3	-5,005889E-1	1,875000E+3	8,349321E-1	1,875000E+3	-3,972282E-1	1,875000E+3	6,427610E-1	1,875000E+3	-6,491167E-1
1,876562E+3	8,418450E-1	1,876562E+3	-1,669291E-1	1,876562E+3	7,109039E-1	1,876562E+3	-5,562287E-1	1,876562E+3	8,441148E-1	1,876562E+3	-3,918692E-1	1,876562E+3	6,467154E-1	1,876562E+3	-6,483485E-1
1,878125E+3	8,466314E-1	1,878125E+3	-1,778398E-1	1,878125E+3	6,948117E-1	1,878125E+3	-6,198439E-1	1,878125E+3	8,538923E-1	1,878125E+3	-3,862660E-1	1,878125E+3	6,514601E-1	1,878125E+3	-6,471235E-1
1,879687E+3	8,484557E-1	1,879687E+3	-1,792891E-1	1,879687E+3	6,936211E-1	1,879687E+3	-6,223038E-1	1,879687E+3	8,632931E-1	1,879687E+3	-3,822940E-1	1,879687E+3	6,539116E-1	1,879687E+3	-6,472445E-1
1,881250E+3	8,524127E-1	1,881250E+3	-1,798995E-1	1,881250E+3	6,940151E-1	1,881250E+3	-6,238470E-1	1,881250E+3	8,734124E-1	1,881250E+3	-3,780679E-1	1,881250E+3	6,575099E-1	1,881250E+3	-6,468464E-1
1,882812E+3	7,667264E-1	1,882812E+3	-2,996134E-1	1,882812E+3	6,922511E-1	1,882812E+3	-6,284726E-1	1,882812E+3	8,805271E-1	1,882812E+3	-3,779085E-1	1,882812E+3	6,550574E-1	1,882812E+3	-6,520178E-1
1,884375E+3	7,456284E-1	1,884375E+3	-4,173794E-1	1,884375E+3	6,927162E-1	1,884375E+3	-6,317285E-1	1,884375E+3	8,883998E-1	1,884375E+3	-3,776591E-1	1,884375E+3	6,553428E-1	1,884375E+3	-6,563452E-1
1,885937E+3	7,482115E-1	1,885937E+3	-4,121705E-1	1,885937E+3	6,926775E-1	1,885937E+3	-6,333151E-1	1,885937E+3	8,763120E-1	1,885937E+3	-3,914696E-1	1,885937E+3	6,508057E-1	1,885937E+3	-6,632531E-1
1,887500E+3	7,522301E-1	1,887500E+3	-4,061993E-1	1,887500E+3	6,948037E-1	1,887500E+3	-6,337563E-1	1,887500E+3	8,650470E-1	1,887500E+3	-4,052683E-1	1,887500E+3	6,506246E-1	1,887500E+3	-6,692207E-1
1,889062E+3	7,547155E-1	1,889062E+3	-4,012746E-1	1,889062E+3	6,957561E-1	1,889062E+3	-6,334133E-1	1,889062E+3	8,400695E-1	1,889062E+3	-4,272046E-1	1,889062E+3	6,445915E-1	1,889062E+3	-6,784078E-1
1,890625E+3	7,589688E-1	1,890625E+3	-3,956394E-1	1,890625E+3	6,988852E-1	1,890625E+3	-6,320891E-1	1,890625E+3	8,168471E-1	1,890625E+3	-4,484027E-1	1,890625E+3	6,449951E-1	1,890625E+3	-6,868607E-1
1,892187E+3	7,517988E-1	1,892187E+3	-4,461663E-1	1,892187E+3	7,012850E-1	1,892187E+3	-6,287595E-1	1,892187E+3	8,130499E-1	1,892187E+3	-4,535589E-1	1,892187E+3	6,350548E-1	1,892187E+3	-6,908676E-1
1,893750E+3	7,491123E-1	1,893750E+3	-4,943277E-1	1,893750E+3	7,055427E-1	1,893750E+3	-6,248412E-1	1,893750E+3	8,096971E-1	1,893750E+3	-4,588592E-1	1,893750E+3	6,325991E-1	1,893750E+3	-6,977756E-1
1,895312E+3	7,497922E-1	1,895312E+3	-4,958933E-1	1,895312E+3	7,066861E-1	1,895312E+3	-6,225038E-1	1,895312E+3	8,175150E-1	1,895312E+3	-4,572263E-1	1,895312E+3	5,893577E-1	1,895312E+3	-6,969575E-1
1,896875E+3	7,530647E-1	1,896875E+3	-4,975801E-1	1,896875E+3	7,106689E-1	1,896875E+3	-6,196046E-1	1,896875E+3	8,259206E-1	1,896875E+3	-4,555286E-1	1,896875E+3	5,858249E-1	1,896875E+3	-8,077703E-1
1,898437E+3	7,551116E-1	1,898437E+3	-4,979688E-1	1,898437E+3	7,107938E-1	1,898437E+3	-6,185117E-1	1,898437E+3	8,362139E-1	1,898437E+3	-4,513371E-1	1,898437E+3	5,971353E-1	1,898437E+3	-8,065317E-1
1,900000E+3	7,596666E-1	1,900000E+3	-4,986770E-1	1,900000E+3	7,156216E-1	1,900000E+3	-6,170339E-1	1,900000E+3	8,470630E-1	1,900000E+3	-4,469673E-1	1,900000E+3	6,089639E-1	1,900000E+3	-8,076123E-1
1,901562E+3	7,619571E-1	1,901562E+3	-4,979471E-1	1,901562E+3	7,159215E-1	1,901562E+3	-6,156000E-1	1,901562E+3	8,521053E-1	1,901562E+3	-4,442399E-1	1,901562E+3	6,214411E-1	1,901562E+3	-8,037263E-1
1,903125E+3	7,667420E-1	1,903125E+3	-4,980283E-1	1,903125E+3	7,224419E-1	1,903125E+3	-6,150911E-1	1,903125E+3	8,574513E-1	1,903125E+3	-4,414683E-1	1,903125E+3	6,340964E-1	1,903125E+3	-8,012188E-1
1,904687E+3	7,695686E-1	1,904687E+3	-4,954134E-1	1,904687E+3	7,251969E-1	1,904687E+3	-6,100432E-1	1,904687E+3	8,564752E-1	1,904687E+3	-4,423672E-1	1,904687E+3	6,471997E-1	1,904687E+3	-7,951635E-1
1,906250E+3	7,744854E-1	1,906250E+3	-4,939946E-1	1,906250E+3	7,324884E-1	1,906250E+3	-6,075945E-1	1,906250E+3	8,558322E-1	1,906250E+3	-4,432482E-1	1,906250E+3	6,603549E-1	1,906250E+3	-7,898671E-1
1,907812E+3	7,782038E-1	1,907812E+3	-4,894958E-1	1,907812E+3	7,363806E-1	1,907812E+3	-6,003000E-1	1,907812E+3	8,578973E-1	1,907812E+3	-4,441234E-1	1,907812E+3	6,743030E-1	1,907812E+3	-7,816960E-1
1,909375E+3	7,833597E-1	1,909375E+3	-4,861619E-1	1,909375E+3	7,428621E-1	1,909375E+3	-5,965585E-1	1,909375E+3	8,603389E-1	1,909375E+3	-4,449485E-1	1,909375E+3	6,882622E-1	1,909375E+3	-7,738834E-1
1,910937E+3	7,876898E-1	1,910937E+3	-4,810577E-1	1,910937E+3	7,347540E-1	1,910937E+3	-5,926098E-1	1,910937E+3	8,719732E-1	1,910937E+3	-4,434583E-1	1,910937E+3	7,025234E-1	1,910937E+3	-7,640186E-1
1,912500E+3	7,931970E-1	1,912500E+3	-4,771110E-1	1,912500E+3	7,253145E-1	1,912500E+3	-6,568460E-1	1,912500E+3	8,844807E-1	1,912500E+3	-4,418255E-1	1,912500E+3	7,167540E-1	1,912500E+3	-7,542827E-1
1,914062E+3	7,981302E-1	1,914062E+3	-4,711067E-1	1,914062E+3	7,379114E-1	1,914062E+3	-6,430977E-1	1,914062E+3	8,953868E-1	1,914062E+3	-4,425206E-1	1,914062E+3	7,291097E-1	1,914062E+3	-7,431275E-1
1,915625E+3	8,038878E-1	1,915625E+3	-4,660393E-1	1,915625E+3	7,502164E-1	1,915625E+3	-6,293209E-1	1,915625E+3	9,069683E-1	1,915625E+3	-4,431813E-1	1,915625E+3	7,412969E-1	1,915625E+3	-7,320948E-1
1,917187E+3	8,089967E-1	1,917187E+3	-4,590981E-1	1,917187E+3	7,623506E-1	1,917187E+3	-6,143270E-1	1,917187E+3	9,079138E-1	1,917187E+3	-4,488193E-1	1,917187E+3	7,522142E-1	1,917187E+3	-7,201063E-1
1,918750E+3	8,146372E-1	1,918750E+3	-4,528580E-1	1,918750E+3	7,741557E-1	1,918750E+3	-5,992645E-1	1,918750E+3	9,091190E-1	1,918750E+3	-4,541958E-1	1,918750E+3	7,629264E-1	1,918750E+3	-7,082399E-1
1,920312E+3	8,359429E-1	1,920312E+3	-4,591213E-1	1,920312E+3	7,856738E-1	1,920312E+3	-5,841646E-1	1,920312E+3	9,075710E-1	1,920312E+3	-4,585322E-1	1,920312E+3	7,719054E-1	1,920312E+3	-6,965030E-1
1,921875E+3	9,089782E-1	1,921875E+3	-4,785306E-1	1,921875E+3	7,968840E-1	1,921875E+3	-5,689979E-1	1,921875E+3	9,063265E-1	1,921875E+3	-4,624920E-1	1,921875E+3	7,807236E-1	1,921875E+3	-6,849276E-1
1,923437E+3	9,121936E-1	1,923437E+3	-4,653196E-1	1,923437E+3	8,076101E-1	1,923437E+3	-5,531764E-1	1,923437E+3	9,038598E-1	1,923437E+3	-4,653096E-1	1,923437E+3	8,100724E-1	1,923437E+3	-6,805127E-1
1,925000E+3	9,154026E-1	1,925000E+3	-4,522605E-1	1,925000E+3	8,180123E-1	1,925000E+3	-5,372890E-1	1,925000E+3	9,017459E-1	1,925000E+3	-4,677248E-1	1,925000E+3	8,537145E-1	1,925000E+3	-6,714963E-1
1,926562E+3	9,566944E-1	1,926562E+3	-3,946918E-1	1,926562E+3	8,274392E-1	1,926562E+3	-5,215343E-1	1,926562E+3	8,485350E-1	1,926562E+3	-5,137877E-1	1,926562E+3	8,624744E-1	1,926562E+3	-6,537466E-1
1,928125E+3	9,844938E-1	1,928125E+3	-2,968397E-1	1,928125E+3	8,365533E-1	1,928125E+3	-5,057512E-1	1,928125E+3	8,006540E-1	1,928125E+3	-5,519796E-1	1,928125E+3	8,707679E-1	1,928125E+3	-6,363237E-1
1,929687E+3	9,919937E-1	1,929687E+3	-2,612712E-1	1,929687E+3	8,788522E-1	1,929687E+3	-4,726450E-1	1,929687E+3	8,027151E-1	1,929687E+3	-5,544261E-1	1,929687E+3	8,759802E-1	1,929687E+3	-6,221225E-1
1,931250E+3	9,987312E-1	1,931250E+3	-2,240803E-1	1,931250E+3	9,490494E-1	1,931250E+3	-3,706274E-1	1,931250E+3	8,050497E-1	1,931250E+3	-5,564687E-1	1,931250E+3	8,810619E-1	1,931250E+3	-6,082594E-1
1,932812E+3	1,002149E+0	1,932812E+3	-1,940861E-1	1,932812E+3	9,669190E-1	1,932812E+3	-3,155014E-1	1,932812E+3	7,884188E-1	1,932812E+3	-5,658336E-1	1,932812E+3	8,744238E-1	1,932812E+3	-6,046170E-1
1,934375E+3	1,004877E+0	1,934375E+3	-1,638316E-1	1,934375E+3	9,862572E-1	1,934375E+3	-2,528871E-1	1,934375E+3	7,732121E-1	1,934375E+3	-5,740226E-1	1,934375E+3	8,686786E-1	1,934375E+3	-6,011031E-1
1,935937E+3	1,004632E+0	1,935937E+3	-1,403582E-1	1,935937E+3	9,931637E-1	1,935937E+3	-1,953812E-1	1,935937E+3	7,606745E-1	1,935937E+3	-5,772342E-1	1,935937E+3	8,525881E-1	1,935937E+3	-6,082348E-1
1,937500E+3	1,004063E+0	1,937500E+3	-1,171811E-1	1,937500E+3	9,959845E-1	1,937500E+3	-1,348583E-1	1,937500E+3	7,493036E-1	1,937500E+3	-5,798526E-1	1,937500E+3	8,384148E-1	1,937500E+3	-6,142676E-1
1,939062E+3	1,002180E+0	1,939062E+3	-1,034758E-1	1,939062E+3	9,937551E-1	1,939062E+3	-1,233030E-1	1,939062E+3	7,476046E-1	1,939062E+3	-5,795719E-1	1,939062E+3	8,286901E-1	1,939062E+3	-6,161616E-1
1,940625E+3	1,000455E+0	1,940625E+3	-9,006588E-2	1,940625E+3	9,916774E-1	1,940625E+3	-1,119512E-1	1,940625E+3	7,463841E-1	1,940625E+3	-5,789320E-1	1,940625E+3	8,201190E-1	1,940625E+3	-6,175483E-1
1,942187E+3	9,986861E-1	1,942187E+3	-8,821092E-2	1,942187E+3	9,890182E-1	1,942187E+3	-1,180454E-1	1,942187E+3	7,568039E-1	1,942187E+3	-5,815896E-1	1,942187E+3	8,202696E-1	1,942187E+3	-6,110094E-1
1,943750E+3	9,972648E-1	1,943750E+3	-8,612808E-2	1,943750E+3	9,864736E-1	1,943750E+3	-1,226136E-1	1,943750E+3	7,673648E-1	1,943750E+3	-5,838885E-1	1,943750E+3	8,207147E-1	1,943750E+3	-6,045031E-1
1,945312E+3	9,948548E-1	1,945312E+3	-8,990574E-2	1,945312E+3	9,826382E-1	1,945312E+3	-1,359120E-1	1,945312E+3	7,820830E-1	1,945312E+3	-5,920223E-1	1,945312E+3	8,258701E-1	1,945312E+3	-5,940407E-1
1,946875E+3	9,927917E-1	1,946875E+3	-9,299719E-2	1,946875E+3	9,790648E-1	1,946875E+3	-1,468446E-1	1,946875E+3	7,967198E-1	1,946875E+3	-5,996846E-1	1,946875E+3	8,310375E-1	1,946875E+3	-5,835773E-1
1,948437E+3	9,896752E-1	1,948437E+3	-1,004083E-1	1,948437E+3	9,733691E-1	1,948437E+3	-1,695358E-1	1,948437E+3	7,860419E-1	1,948437E+3	-6,006222E-1	1,948437E+3	8,390753E-1	1,948437E+3	-5,705421E-1
1,950000E+3	9,869355E-1	1,950000E+3	-1,067966E-1	1,950000E+3	9,680581E-1	1,950000E+3	-1,886080E-1	1,950000E+3	7,766964E-1	1,950000E+3	-6,008895E-1	1,950000E+3	8,469786E-1	1,950000E+3	-5,574233E-1
1,951562E+3	9,839065E-1	1,951562E+3	-1,119220E-1	1,951562E+3	9,590261E-1	1,951562E+3	-2,217230E-1	1,951562E+3	7,657617E-1	1,951562E+3	-5,995981E-1	1,951562E+3	8,111198E-1	1,951562E+3	-5,904508E-1
1,953125E+3	9,812710E-1	1,953125E+3	-1,161806E-1	1,953125E+3	9,505389E-1	1,953125E+3	-2,493912E-1	1,953125E+3	7,561966E-1	1,953125E+3	-5,978511E-1	1,953125E+3	7,805335E-1	1,953125E+3	-6,166110E-1
1,954687E+3	9,789823E-1	1,954687E+3	-1,162559E-1	1,954687E+3	9,427913E-1	1,954687E+3	-2,656572E-1	1,954687E+3	7,532714E-1	1,954687E+3	-5,958369E-1	1,954687E+3	7,499586E-1	1,954687E+3	-6,399128E-1
1,956250E+3	9,770282E-1	1,956250E+3	-1,158007E-1	1,956250E+3	9,360256E-1	1,956250E+3	-2,793495E-1	1,956250E+3	7,511035E-1	1,956250E+3	-5,933946E-1	1,956250E+3	7,242232E-1	1,956250E+3	-6,583231E-1
1,957812E+3	9,750358E-1	1,957812E+3	-1,178777E-1	1,957812E+3	9,352981E-1	1,957812E+3	-2,770337E-1	1,957812E+3	7,526099E-1	1,957812E+3	-5,937115E-1	1,957812E+3	7,302058E-1	1,957812E+3	-6,674899E-1
1,959375E+3	9,733641E-1	1,959375E+3	-1,192729E-1	1,959375E+3	9,349288E-1	1,959375E+3	-2,741755E-1	1,959375E+3	7,546667E-1	1,959375E+3	-5,934071E-1	1,959375E+3	7,361421E-1	1,959375E+3	-6,756656E-1
1,960937E+3	9,661723E-1	1,960937E+3	-1,584862E-1	1,960937E+3	9,381130E-1	1,960937E+3	-2,620613E-1	1,960937E+3	7,582981E-1	1,960937E+3	-5,962145E-1	1,960937E+3	7,500727E-1	1,960937E+3	-6,601650E-1
1,962500E+3	9,585413E-1	1,962500E+3	-1,919751E-1	1,962500E+3	9,412182E-1	1,962500E+3	-2,498160E-1	1,962500E+3	7,624223E-1	1,962500E+3	-5,981696E-1	1,962500E+3	7,637373E-1	1,962500E+3	-6,443033E-1
1,964062E+3	9,488445E-1	1,964062E+3	-2,215779E-1	1,964062E+3	9,465659E-1	1,964062E+3	-2,325202E-1	1,964062E+3	7,612569E-1	1,964062E+3	-6,005613E-1	1,964062E+3	7,777758E-1	1,964062E+3	-6,266980E-1
1,965625E+3	9,397064E-1	1,965625E+3	-2,469878E-1	1,965625E+3	9,515857E-1	1,965625E+3	-2,151066E-1	1,965625E+3	7,609787E-1	1,965625E+3	-6,020579E-1	1,965625E+3	7,914630E-1	1,965625E+3	-6,086703E-1
1,967187E+3	9,381579E-1	1,967187E+3	-2,470883E-1	1,967187E+3	8,536456E-1	1,967187E+3	-4,464668E-1	1,967187E+3	7,596634E-1	1,967187E+3	-6,033303E-1	1,967187E+3	6,900429E-1	1,967187E+3	-6,986657E-1
1,968750E+3	9,369627E-1	1,968750E+3	-2,465947E-1	1,968750E+3	7,696025E-1	1,968750E+3	-5,699584E-1	1,968750E+3	7,593094E-1	1,968750E+3	-6,037829E-1	1,968750E+3	6,167182E-1	1,968750E+3	-7,517405E-1
1,970312E+3	9,372213E-1	1,970312E+3	-2,414428E-1	1,970312E+3	7,782603E-1	1,970312E+3	-5,812933E-1	1,970312E+3	7,562861E-1	1,970312E+3	-6,026146E-1	1,970312E+3	6,257257E-1	1,970312E+3	-7,443982E-1
1,971875E+3	9,376728E-1	1,971875E+3	-2,359923E-1	1,971875E+3	7,865343E-1	1,971875E+3	-5,912998E-1	1,971875E+3	7,543864E-1	1,971875E+3	-6,008392E-1	1,971875E+3	6,348160E-1	1,971875E+3	-7,368800E-1
1,973437E+3	8,986723E-1	1,973437E+3	-3,355071E-1	1,973437E+3	7,981490E-1	1,973437E+3	-5,745618E-1	1,973437E+3	7,498608E-1	1,973437E+3	-5,983947E-1	1,973437E+3	6,395008E-1	1,973437E+3	-7,319750E-1
1,975000E+3	8,617500E-1	1,975000E+3	-4,084507E-1	1,975000E+3	8,094491E-1	1,975000E+3	-5,575207E-1	1,975000E+3	7,466550E-1	1,975000E+3	-5,954626E-1	1,975000E+3	6,445350E-1	1,975000E+3	-7,268660E-1
1,976562E+3	8,683401E-1	1,976562E+3	-3,965633E-1	1,976562E+3	8,207391E-1	1,976562E+3	-5,390882E-1	1,976562E+3	7,415027E-1	1,976562E+3	-5,943229E-1	1,976562E+3	6,418688E-1	1,976562E+3	-7,266515E-1
1,978125E+3	8,749015E-1	1,978125E+3	-3,844518E-1	1,978125E+3	8,316443E-1	1,978125E+3	-5,203369E-1	1,978125E+3	7,378471E-1	1,978125E+3	-5,925737E-1	1,978125E+3	6,402648E-1	1,978125E+3	-7,259096E-1
1,979687E+3	8,858584E-1	1,979687E+3	-3,637682E-1	1,979687E+3	8,426837E-1	1,979687E+3	-5,009901E-1	1,979687E+3	7,366444E-1	1,979687E+3	-5,924871E-1	1,979687E+3	6,373172E-1	1,979687E+3	-7,259823E-1
1,981250E+3	8,965622E-1	1,981250E+3	-3,421507E-1	1,981250E+3	8,533094E-1	1,981250E+3	-4,813097E-1	1,981250E+3	7,366148E-1	1,981250E+3	-5,916685E-1	1,981250E+3	6,354986E-1	1,981250E+3	-7,255057E-1
1,982812E+3	9,057632E-1	1,982812E+3	-3,209297E-1	1,982812E+3	7,745248E-1	1,982812E+3	-5,906106E-1	1,982812E+3	7,352909E-1	1,982812E+3	-5,921535E-1	1,982812E+3	6,322337E-1	1,982812E+3	-7,266401E-1
1,984375E+3	9,145232E-1	1,984375E+3	-2,991487E-1	1,984375E+3	7,151584E-1	1,984375E+3	-6,572784E-1	1,984375E+3	7,352278E-1	1,984375E+3	-5,918654E-1	1,984375E+3	6,301851E-1	1,984375E+3	-7,271016E-1
1,985937E+3	8,520589E-1	1,985937E+3	-4,671020E-1	1,985937E+3	7,170556E-1	1,985937E+3	-6,540391E-1	1,985937E+3	7,351575E-1	1,985937E+3	-5,916426E-1	1,985937E+3	6,292538E-1	1,985937E+3	-7,271387E-1
1,987500E+3	7,917911E-1	1,987500E+3	-5,680938E-1	1,987500E+3	7,195111E-1	1,987500E+3	-6,503115E-1	1,987500E+3	7,362962E-1	1,987500E+3	-5,907124E-1	1,987500E+3	6,293044E-1	1,987500E+3	-7,266070E-1
1,989062E+3	7,977168E-1	1,989062E+3	-5,591838E-1	1,989062E+3	7,220148E-1	1,989062E+3	-6,467022E-1	1,989062E+3	7,352524E-1	1,989062E+3	-5,914275E-1	1,989062E+3	6,288601E-1	1,989062E+3	-7,264346E-1
1,990625E+3	8,037579E-1	1,990625E+3	-5,500258E-1	1,990625E+3	7,250330E-1	1,990625E+3	-6,426184E-1	1,990625E+3	7,356612E-1	1,990625E+3	-5,913587E-1	1,990625E+3	6,293646E-1	1,990625E+3	-7,257382E-1
1,992187E+3	8,050386E-1	1,992187E+3	-5,463851E-1	1,992187E+3	7,267976E-1	1,992187E+3	-6,398954E-1	1,992187E+3	7,376370E-1	1,992187E+3	-5,920432E-1	1,992187E+3	6,287583E-1	1,992187E+3	-7,253693E-1
1,993750E+3	8,068209E-1	1,993750E+3	-5,422426E-1	1,993750E+3	7,291578E-1	1,993750E+3	-6,366057E-1	1,993750E+3	7,408638E-1	1,993750E+3	-5,918621E-1	1,993750E+3	6,291520E-1	1,993750E+3	-7,245083E-1
1,995312E+3	8,014714E-1	1,995312E+3	-5,465812E-1	1,995312E+3	7,303412E-1	1,995312E+3	-6,428921E-1	1,995312E+3	7,424176E-1	1,995312E+3	-5,916713E-1	1,995312E+3	6,280242E-1	1,995312E+3	-7,241129E-1
1,996875E+3	7,973703E-1	1,996875E+3	-5,496036E-1	1,996875E+3	7,312923E-1	1,996875E+3	-6,518640E-1	1,996875E+3	7,452626E-1	1,996875E+3	-5,906956E-1	1,996875E+3	6,280824E-1	1,996875E+3	-7,231296E-1
1,998437E+3	7,930064E-1	1,998437E+3	-5,523099E-1	1,998437E+3	7,311851E-1	1,998437E+3	-6,510458E-1	1,998437E+3	7,443306E-1	1,998437E+3	-5,896042E-1	1,998437E+3	6,253367E-1	1,998437E+3	-7,235357E-1
2,000000E+3	7,898275E-1	2,000000E+3	-5,538640E-1	2,000000E+3	7,320602E-1	2,000000E+3	-6,493876E-1	2,000000E+3	7,449439E-1	2,000000E+3	-5,878844E-1	2,000000E+3	6,241555E-1	2,000000E+3	-7,231750E-1
2,001562E+3	7,867582E-1	2,001562E+3	-5,550371E-1	2,001562E+3	7,307356E-1	2,001562E+3	-6,494629E-1	2,001562E+3	7,441004E-1	2,001562E+3	-5,872675E-1	2,001562E+3	6,181065E-1	2,001562E+3	-7,259403E-1
2,003125E+3	7,847667E-1	2,003125E+3	-5,552017E-1	2,003125E+3	7,305920E-1	2,003125E+3	-6,485563E-1	2,003125E+3	7,448925E-1	2,003125E+3	-5,859875E-1	2,003125E+3	6,143751E-1	2,003125E+3	-7,275468E-1
2,004687E+3	7,822219E-1	2,004687E+3	-5,563760E-1	2,004687E+3	7,282013E-1	2,004687E+3	-6,492963E-1	2,004687E+3	7,449108E-1	2,004687E+3	-5,847477E-1	2,004687E+3	6,107496E-1	2,004687E+3	-7,288213E-1
2,006250E+3	7,807439E-1	2,006250E+3	-5,565172E-1	2,006250E+3	7,272117E-1	2,006250E+3	-6,489401E-1	2,006250E+3	7,464988E-1	2,006250E+3	-5,828970E-1	2,006250E+3	6,091887E-1	2,006250E+3	-7,291042E-1
2,007812E+3	8,069347E-1	2,007812E+3	-5,374662E-1	2,007812E+3	7,202022E-1	2,007812E+3	-6,538357E-1	2,007812E+3	7,468686E-1	2,007812E+3	-5,816061E-1	2,007812E+3	6,069118E-1	2,007812E+3	-7,294602E-1
2,009375E+3	8,361617E-1	2,009375E+3	-5,134790E-1	2,009375E+3	7,155011E-1	2,009375E+3	-6,569431E-1	2,009375E+3	7,488387E-1	2,009375E+3	-5,796745E-1	2,009375E+3	6,066168E-1	2,009375E+3	-7,288961E-1
2,010937E+3	8,299008E-1	2,010937E+3	-5,204150E-1	2,010937E+3	7,073161E-1	2,010937E+3	-6,628423E-1	2,010937E+3	7,477087E-1	2,010937E+3	-5,797189E-1	2,010937E+3	6,056775E-1	2,010937E+3	-7,283446E-1
2,012500E+3	8,253304E-1	2,012500E+3	-5,252423E-1	2,012500E+3	7,018842E-1	2,012500E+3	-6,667168E-1	2,012500E+3	7,485682E-1	2,012500E+3	-5,789760E-1	2,012500E+3	6,066481E-1	2,012500E+3	-7,269046E-1
2,014062E+3	8,187916E-1	2,014062E+3	-5,323082E-1	2,014062E+3	6,965257E-1	2,014062E+3	-6,700212E-1	2,014062E+3	7,470352E-1	2,014062E+3	-5,801397E-1	2,014062E+3	6,050208E-1	2,014062E+3	-7,265053E-1
2,015625E+3	8,140934E-1	2,015625E+3	-5,371779E-1	2,015625E+3	6,935454E-1	2,015625E+3	-6,716767E-1	2,015625E+3	7,477942E-1	2,015625E+3	-5,803932E-1	2,015625E+3	6,056409E-1	2,015625E+3	-7,251214E-1
2,017187E+3	8,087539E-1	2,017187E+3	-5,421348E-1	2,017187E+3	6,913105E-1	2,017187E+3	-6,722231E-1	2,017187E+3	7,433791E-1	2,017187E+3	-5,818099E-1	2,017187E+3	6,017401E-1	2,017187E+3	-7,253410E-1
2,018750E+3	8,051889E-1	2,018750E+3	-5,451550E-1	2,018750E+3	6,909994E-1	2,018750E+3	-6,714732E-1	2,018750E+3	7,417555E-1	2,018750E+3	-5,822958E-1	2,018750E+3	6,008639E-1	2,018750E+3	-7,244331E-1
2,020312E+3	7,977936E-1	2,020312E+3	-5,518209E-1	2,020312E+3	7,036647E-1	2,020312E+3	-6,623410E-1	2,020312E+3	7,398164E-1	2,020312E+3	-5,818763E-1	2,020312E+3	5,967245E-1	2,020312E+3	-7,242998E-1
2,021875E+3	7,926528E-1	2,021875E+3	-5,561759E-1	2,021875E+3	7,167408E-1	2,021875E+3	-6,526586E-1	2,021875E+3	7,402638E-1	2,021875E+3	-5,807490E-1	2,021875E+3	5,960233E-1	2,021875E+3	-7,230950E-1
2,023437E+3	7,831617E-1	2,023437E+3	-5,650351E-1	2,023437E+3	7,153846E-1	2,023437E+3	-6,531421E-1	2,023437E+3	7,415050E-1	2,023437E+3	-5,793317E-1	2,023437E+3	5,924542E-1	2,023437E+3	-7,225864E-1
2,025000E+3	7,765460E-1	2,025000E+3	-5,710614E-1	2,025000E+3	7,161887E-1	2,025000E+3	-6,520520E-1	2,025000E+3	7,447709E-1	2,025000E+3	-5,772601E-1	2,025000E+3	5,926226E-1	2,025000E+3	-7,210237E-1
2,026562E+3	7,701671E-1	2,026562E+3	-5,762613E-1	2,026562E+3	7,156826E-1	2,026562E+3	-6,520833E-1	2,026562E+3	7,472259E-1	2,026562E+3	-5,753892E-1	2,026562E+3	5,894461E-1	2,026562E+3	-7,201608E-1
2,028125E+3	7,662421E-1	2,028125E+3	-5,792310E-1	2,028125E+3	7,173362E-1	2,028125E+3	-6,505212E-1	2,028125E+3	7,516661E-1	2,028125E+3	-5,728494E-1	2,028125E+3	5,904345E-1	2,028125E+3	-7,183189E-1
2,029687E+3	7,633704E-1	2,029687E+3	-5,799158E-1	2,029687E+3	7,159313E-1	2,029687E+3	-6,506891E-1	2,029687E+3	7,522885E-1	2,029687E+3	-5,712224E-1	2,029687E+3	5,869194E-1	2,029687E+3	-7,247659E-1
2,031250E+3	7,623972E-1	2,031250E+3	-5,790557E-1	2,031250E+3	7,170866E-1	2,031250E+3	-6,491654E-1	2,031250E+3	7,553156E-1	2,031250E+3	-5,689009E-1	2,031250E+3	5,874937E-1	2,031250E+3	-7,325258E-1
2,032812E+3	7,833903E-1	2,032812E+3	-5,578680E-1	2,032812E+3	7,111293E-1	2,032812E+3	-6,528655E-1	2,032812E+3	7,523199E-1	2,032812E+3	-5,683797E-1	2,032812E+3	5,839652E-1	2,032812E+3	-7,311348E-1
2,034375E+3	8,035062E-1	2,034375E+3	-5,351279E-1	2,034375E+3	7,094319E-1	2,034375E+3	-6,541071E-1	2,034375E+3	7,527093E-1	2,034375E+3	-5,670305E-1	2,034375E+3	5,879296E-1	2,034375E+3	-7,299374E-1
2,035937E+3	8,061723E-1	2,035937E+3	-5,305189E-1	2,035937E+3	7,015603E-1	2,035937E+3	-6,590424E-1	2,035937E+3	7,498929E-1	2,035937E+3	-5,662836E-1	2,035937E+3	5,868390E-1	2,035937E+3	-7,259555E-1
2,037500E+3	8,103691E-1	2,037500E+3	-5,244956E-1	2,037500E+3	6,993323E-1	2,037500E+3	-6,611513E-1	2,037500E+3	7,507481E-1	2,037500E+3	-5,646724E-1	2,037500E+3	5,949107E-1	2,037500E+3	-7,237056E-1
2,039062E+3	8,078614E-1	2,039062E+3	-5,273733E-1	2,039062E+3	6,925478E-1	2,039062E+3	-6,650351E-1	2,039062E+3	7,499489E-1	2,039062E+3	-5,637587E-1	2,039062E+3	5,887110E-1	2,039062E+3	-7,198383E-1
2,040625E+3	8,082638E-1	2,040625E+3	-5,274705E-1	2,040625E+3	6,919850E-1	2,040625E+3	-6,662573E-1	2,040625E+3	7,528562E-1	2,040625E+3	-5,619189E-1	2,040625E+3	5,944581E-1	2,040625E+3	-7,217471E-1
2,042187E+3	8,049617E-1	2,042187E+3	-5,303366E-1	2,042187E+3	6,828746E-1	2,042187E+3	-6,709521E-1	2,042187E+3	7,519768E-1	2,042187E+3	-5,611044E-1	2,042187E+3	5,849612E-1	2,042187E+3	-7,146650E-1
2,043750E+3	8,052288E-1	2,043750E+3	-5,301931E-1	2,043750E+3	6,825595E-1	2,043750E+3	-6,730715E-1	2,043750E+3	7,554139E-1	2,043750E+3	-5,593614E-1	2,043750E+3	5,863056E-1	2,043750E+3	-7,237046E-1
2,045312E+3	8,039145E-1	2,045312E+3	-5,296970E-1	2,045312E+3	6,869453E-1	2,045312E+3	-6,648458E-1	2,045312E+3	7,500625E-1	2,045312E+3	-5,601589E-1	2,045312E+3	5,815568E-1	2,045312E+3	-7,159535E-1
2,046875E+3	8,059750E-1	2,046875E+3	-5,266809E-1	2,046875E+3	6,987454E-1	2,046875E+3	-6,572206E-1	2,046875E+3	7,518294E-1	2,046875E+3	-5,602088E-1	2,046875E+3	5,769984E-1	2,046875E+3	-7,247690E-1
2,048437E+3	8,026171E-1	2,048437E+3	-5,286969E-1	2,048437E+3	6,941988E-1	2,048437E+3	-6,546469E-1	2,048437E+3	7,441379E-1	2,048437E+3	-5,609085E-1	2,048437E+3	5,752298E-1	2,048437E+3	-7,193565E-1
2,050000E+3	8,039789E-1	2,050000E+3	-5,273791E-1	2,050000E+3	7,011798E-1	2,050000E+3	-6,538766E-1	2,050000E+3	7,464419E-1	2,050000E+3	-5,620418E-1	2,050000E+3	5,698513E-1	2,050000E+3	-7,246462E-1
2,051562E+3	7,995888E-1	2,051562E+3	-5,293579E-1	2,051562E+3	6,966816E-1	2,051562E+3	-6,487783E-1	2,051562E+3	7,415086E-1	2,051562E+3	-5,595103E-1	2,051562E+3	5,695018E-1	2,051562E+3	-7,205823E-1
2,053125E+3	8,013620E-1	2,053125E+3	-5,276982E-1	2,053125E+3	7,031862E-1	2,053125E+3	-6,506174E-1	2,053125E+3	7,461674E-1	2,053125E+3	-5,598235E-1	2,053125E+3	5,652475E-1	2,053125E+3	-7,236872E-1
2,054687E+3	7,991231E-1	2,054687E+3	-5,262519E-1	2,054687E+3	6,995074E-1	2,054687E+3	-6,430221E-1	2,054687E+3	7,429631E-1	2,054687E+3	-5,540538E-1	2,054687E+3	5,671158E-1	2,054687E+3	-7,193445E-1
2,056250E+3	8,032145E-1	2,056250E+3	-5,218363E-1	2,056250E+3	7,024590E-1	2,056250E+3	-6,483725E-1	2,056250E+3	7,478479E-1	2,056250E+3	-5,550151E-1	2,056250E+3	5,658000E-1	2,056250E+3	-7,195756E-1
2,057812E+3	7,991085E-1	2,057812E+3	-5,209825E-1	2,057812E+3	6,986332E-1	2,057812E+3	-6,422556E-1	2,057812E+3	7,460552E-1	2,057812E+3	-5,475661E-1	2,057812E+3	5,670791E-1	2,057812E+3	-7,157421E-1
2,059375E+3	8,040165E-1	2,059375E+3	-5,172684E-1	2,059375E+3	6,955718E-1	2,059375E+3	-6,517869E-1	2,059375E+3	7,483611E-1	2,059375E+3	-5,504424E-1	2,059375E+3	5,647470E-1	2,059375E+3	-7,163757E-1
2,060937E+3	7,977150E-1	2,060937E+3	-5,174734E-1	2,060937E+3	6,929359E-1	2,060937E+3	-6,485502E-1	2,060937E+3	7,493725E-1	2,060937E+3	-5,438242E-1	2,060937E+3	5,620755E-1	2,060937E+3	-7,140389E-1
2,062500E+3	8,037308E-1	2,062500E+3	-5,160221E-1	2,062500E+3	6,879385E-1	2,062500E+3	-6,572141E-1	2,062500E+3	7,500231E-1	2,062500E+3	-5,465281E-1	2,062500E+3	5,549288E-1	2,062500E+3	-7,160131E-1
2,064062E+3	7,959810E-1	2,064062E+3	-5,140153E-1	2,064062E+3	6,868332E-1	2,064062E+3	-6,547833E-1	2,064062E+3	7,527036E-1	2,064062E+3	-5,408955E-1	2,064062E+3	5,512902E-1	2,064062E+3	-7,143574E-1
2,065625E+3	8,038594E-1	2,065625E+3	-5,154031E-1	2,065625E+3	6,828359E-1	2,065625E+3	-6,602026E-1	2,065625E+3	7,535085E-1	2,065625E+3	-5,416923E-1	2,065625E+3	5,440096E-1	2,065625E+3	-7,158617E-1
2,067187E+3	7,991272E-1	2,067187E+3	-5,074070E-1	2,067187E+3	6,843599E-1	2,067187E+3	-6,561067E-1	2,067187E+3	7,553548E-1	2,067187E+3	-5,372225E-1	2,067187E+3	5,473564E-1	2,067187E+3	-7,106922E-1
2,068750E+3	8,064620E-1	2,068750E+3	-5,104365E-1	2,068750E+3	6,833357E-1	2,068750E+3	-6,570325E-1	2,068750E+3	7,550992E-1	2,068750E+3	-5,379824E-1	2,068750E+3	5,486369E-1	2,068750E+3	-7,070845E-1
2,070312E+3	8,040548E-1	2,070312E+3	-5,005910E-1	2,070312E+3	6,847805E-1	2,070312E+3	-6,532641E-1	2,070312E+3	7,541291E-1	2,070312E+3	-5,362025E-1	2,070312E+3	4,427956E-1	2,070312E+3	-7,405495E-1
2,071875E+3	8,069381E-1	2,071875E+3	-5,057616E-1	2,071875E+3	6,836001E-1	2,071875E+3	-6,538904E-1	2,071875E+3	7,503508E-1	2,071875E+3	-5,401405E-1	2,071875E+3	2,589606E-1	2,071875E+3	-7,828182E-1
2,073437E+3	8,035598E-1	2,073437E+3	-5,000731E-1	2,073437E+3	6,846567E-1	2,073437E+3	-6,507036E-1	2,073437E+3	7,512448E-1	2,073437E+3	-5,373285E-1	2,073437E+3	1,667516E-1	2,073437E+3	-8,041735E-1
2,075000E+3	8,007005E-1	2,075000E+3	-5,106703E-1	2,075000E+3	6,834287E-1	2,075000E+3	-6,510324E-1	2,075000E+3	7,499652E-1	2,075000E+3	-5,379925E-1	2,075000E+3	4,219988E-2	2,075000E+3	-8,266144E-1
2,076562E+3	7,997020E-1	2,076562E+3	-5,067759E-1	2,076562E+3	6,831512E-1	2,076562E+3	-6,493997E-1	2,076562E+3	7,515980E-1	2,076562E+3	-5,346331E-1	2,076562E+3	5,504681E-2	2,076562E+3	-8,266756E-1
2,078125E+3	7,973809E-1	2,078125E+3	-5,129841E-1	2,078125E+3	6,806526E-1	2,078125E+3	-6,510739E-1	2,078125E+3	7,514570E-1	2,078125E+3	-5,337851E-1	2,078125E+3	6,767718E-2	2,078125E+3	-8,265969E-1
2,079687E+3	7,984443E-1	2,079687E+3	-5,086333E-1	2,079687E+3	6,801176E-1	2,079687E+3	-6,491337E-1	2,079687E+3	7,519449E-1	2,079687E+3	-5,313285E-1	2,079687E+3	7,974132E-2	2,079687E+3	-8,266729E-1
2,081250E+3	7,979899E-1	2,081250E+3	-5,106196E-1	2,081250E+3	6,775175E-1	2,081250E+3	-6,499182E-1	2,081250E+3	7,505861E-1	2,081250E+3	-5,312994E-1	2,081250E+3	9,149225E-2	2,081250E+3	-8,266561E-1
2,082812E+3	7,989029E-1	2,082812E+3	-5,068059E-1	2,082812E+3	6,813437E-1	2,082812E+3	-6,433309E-1	2,082812E+3	7,491773E-1	2,082812E+3	-5,301459E-1	2,082812E+3	1,029663E-1	2,082812E+3	-8,259740E-1
2,084375E+3	7,978614E-1	2,084375E+3	-5,086980E-1	2,084375E+3	6,836777E-1	2,084375E+3	-6,383608E-1	2,084375E+3	7,457342E-1	2,084375E+3	-5,314710E-1	2,084375E+3	1,140160E-1	2,084375E+3	-8,251851E-1
2,085937E+3	7,984770E-1	2,085937E+3	-5,055136E-1	2,085937E+3	6,909254E-1	2,085937E+3	-6,287588E-1	2,085937E+3	7,452667E-1	2,085937E+3	-5,298673E-1	2,085937E+3	1,243144E-1	2,085937E+3	-8,236537E-1
2,087500E+3	7,966442E-1	2,087500E+3	-5,079021E-1	2,087500E+3	6,968521E-1	2,087500E+3	-6,203287E-1	2,087500E+3	7,431732E-1	2,087500E+3	-5,301937E-1	2,087500E+3	1,340598E-1	2,087500E+3	-8,220330E-1
2,089062E+3	7,978810E-1	2,089062E+3	-5,043754E-1	2,089062E+3	7,037127E-1	2,089062E+3	-6,117588E-1	2,089062E+3	7,454798E-1	2,089062E+3	-5,260684E-1	2,089062E+3	1,411579E-1	2,089062E+3	-8,197287E-1
2,090625E+3	7,966979E-1	2,090625E+3	-5,055055E-1	2,090625E+3	7,095411E-1	2,090625E+3	-6,042378E-1	2,090625E+3	7,466291E-1	2,090625E+3	-5,231239E-1	2,090625E+3	1,475943E-1	2,090625E+3	-8,174474E-1
2,092187E+3	7,438206E-1	2,092187E+3	-5,606126E-1	2,092187E+3	7,171087E-1	2,092187E+3	-5,959280E-1	2,092187E+3	7,501467E-1	2,092187E+3	-5,176829E-1	2,092187E+3	1,464029E-1	2,092187E+3	-8,144346E-1
2,093750E+3	6,555368E-1	2,093750E+3	-6,507955E-1	2,093750E+3	7,237975E-1	2,093750E+3	-5,885597E-1	2,093750E+3	7,527144E-1	2,093750E+3	-5,131066E-1	2,093750E+3	1,438485E-1	2,093750E+3	-8,114434E-1
2,095312E+3	6,731798E-1	2,095312E+3	-6,325706E-1	2,095312E+3	5,700616E-1	2,095312E+3	-7,149194E-1	2,095312E+3	6,979420E-1	2,095312E+3	-5,571822E-1	2,095312E+3	1,114462E-1	2,095312E+3	-8,045676E-1
2,096875E+3	6,887208E-1	2,096875E+3	-6,145959E-1	2,096875E+3	2,440310E-1	2,096875E+3	-8,806233E-1	2,096875E+3	6,170577E-1	2,096875E+3	-6,167459E-1	2,096875E+3	7,580534E-2	2,096875E+3	-7,963203E-1
2,098437E+3	7,042952E-1	2,098437E+3	-5,968849E-1	2,098437E+3	2,248141E-1	2,098437E+3	-8,830445E-1	2,098437E+3	6,022137E-1	2,098437E+3	-6,424477E-1	2,098437E+3	-1,628046E-2	2,098437E+3	-7,613429E-1
2,100000E+3	7,175725E-1	2,100000E+3	-5,796368E-1	2,100000E+3	2,025493E-1	2,100000E+3	-8,856765E-1	2,100000E+3	5,843285E-1	2,100000E+3	-6,738548E-1	2,100000E+3	-1,132148E-1	2,100000E+3	-7,109799E-1
2,101562E+3	7,312742E-1	2,101562E+3	-5,628770E-1	2,101562E+3	1,890642E-1	2,101562E+3	-8,874622E-1	2,101562E+3	5,965374E-1	2,101562E+3	-6,668483E-1	2,101562E+3	-9,685783E-2	2,101562E+3	-7,140293E-1
2,103125E+3	7,428182E-1	2,103125E+3	-5,464905E-1	2,103125E+3	1,730283E-1	2,103125E+3	-8,893180E-1	2,103125E+3	6,083444E-1	2,103125E+3	-6,594871E-1	2,103125E+3	-8,045655E-2	2,103125E+3	-7,167737E-1
2,104687E+3	7,558837E-1	2,104687E+3	-5,302489E-1	2,104687E+3	1,650731E-1	2,104687E+3	-8,883984E-1	2,104687E+3	6,196497E-1	2,104687E+3	-6,521758E-1	2,104687E+3	-6,088638E-2	2,104687E+3	-7,220392E-1
2,106250E+3	7,664851E-1	2,106250E+3	-5,140652E-1	2,106250E+3	1,554495E-1	2,106250E+3	-8,872440E-1	2,106250E+3	6,305188E-1	2,106250E+3	-6,446012E-1	2,106250E+3	-4,111315E-2	2,106250E+3	-7,268009E-1
2,107812E+3	7,793134E-1	2,107812E+3	-4,986889E-1	2,107812E+3	1,530315E-1	2,107812E+3	-8,867377E-1	2,107812E+3	6,405724E-1	2,107812E+3	-6,373841E-1	2,107812E+3	-2,079060E-2	2,107812E+3	-7,315876E-1
2,109375E+3	7,896305E-1	2,109375E+3	-4,826362E-1	2,109375E+3	1,496584E-1	2,109375E+3	-8,858648E-1	2,109375E+3	6,501348E-1	2,109375E+3	-6,299848E-1	2,109375E+3	-3,614672E-4	2,109375E+3	-7,354135E-1
2,110937E+3	6,468449E-1	2,110937E+3	-6,306326E-1	2,110937E+3	1,520188E-1	2,110937E+3	-8,849210E-1	2,110937E+3	5,660634E-1	2,110937E+3	-6,753483E-1	2,110937E+3	1,960552E-2	2,110937E+3	-7,385415E-1
2,112500E+3	3,514569E-1	2,112500E+3	-8,143932E-1	2,112500E+3	1,539575E-1	2,112500E+3	-8,836589E-1	2,112500E+3	4,556716E-1	2,112500E+3	-7,196434E-1	2,112500E+3	3,933040E-2	2,112500E+3	-7,404868E-1
2,114062E+3	3,494072E-1	2,114062E+3	-8,152154E-1	2,114062E+3	1,601291E-1	2,114062E+3	-8,834295E-1	2,114062E+3	4,707842E-1	2,114062E+3	-7,150792E-1	2,114062E+3	5,723698E-2	2,114062E+3	-7,424953E-1
2,115625E+3	3,468127E-1	2,115625E+3	-8,159132E-1	2,115625E+3	1,661335E-1	2,115625E+3	-8,830332E-1	2,115625E+3	4,857934E-1	2,115625E+3	-7,099957E-1	2,115625E+3	7,507954E-2	2,115625E+3	-7,440294E-1
2,117187E+3	3,514171E-1	2,117187E+3	-8,149948E-1	2,117187E+3	1,755721E-1	2,117187E+3	-8,815064E-1	2,117187E+3	4,993574E-1	2,117187E+3	-7,050127E-1	2,117187E+3	9,242481E-2	2,117187E+3	-7,447164E-1
2,118750E+3	3,558072E-1	2,118750E+3	-8,139732E-1	2,118750E+3	1,848835E-1	2,118750E+3	-8,798276E-1	2,118750E+3	5,127716E-1	2,118750E+3	-6,996020E-1	2,118750E+3	1,096903E-1	2,118750E+3	-7,450163E-1
2,120312E+3	3,657731E-1	2,120312E+3	-8,108247E-1	2,120312E+3	1,966273E-1	2,120312E+3	-8,781741E-1	2,120312E+3	5,247697E-1	2,120312E+3	-6,941081E-1	2,120312E+3	1,246810E-1	2,120312E+3	-7,448728E-1
2,121875E+3	3,755347E-1	2,121875E+3	-8,073991E-1	2,121875E+3	2,082170E-1	2,121875E+3	-8,763440E-1	2,121875E+3	5,365802E-1	2,121875E+3	-6,883296E-1	2,121875E+3	1,396187E-1	2,121875E+3	-7,444825E-1
2,123437E+3	3,891935E-1	2,123437E+3	-8,034893E-1	2,123437E+3	2,215429E-1	2,123437E+3	-8,742210E-1	2,123437E+3	5,460248E-1	2,123437E+3	-6,835739E-1	2,123437E+3	1,514149E-1	2,123437E+3	-7,431817E-1
2,125000E+3	4,026063E-1	2,125000E+3	-7,993651E-1	2,125000E+3	2,346494E-1	2,125000E+3	-8,719028E-1	2,125000E+3	5,552696E-1	2,125000E+3	-6,787058E-1	2,125000E+3	1,631068E-1	2,125000E+3	-7,418030E-1
2,126562E+3	4,186695E-1	2,126562E+3	-7,943630E-1	2,126562E+3	2,490663E-1	2,126562E+3	-8,690790E-1	2,126562E+3	5,597828E-1	2,126562E+3	-6,760164E-1	2,126562E+3	1,626916E-1	2,126562E+3	-7,389088E-1
2,128125E+3	4,344357E-1	2,128125E+3	-7,891184E-1	2,128125E+3	2,632002E-1	2,128125E+3	-8,660485E-1	2,128125E+3	5,639866E-1	2,128125E+3	-6,734550E-1	2,128125E+3	1,620564E-1	2,128125E+3	-7,363248E-1
2,129687E+3	4,518823E-1	2,129687E+3	-7,827463E-1	2,129687E+3	2,783378E-1	2,129687E+3	-8,622556E-1	2,129687E+3	5,004821E-1	2,129687E+3	-6,993099E-1	2,129687E+3	9,599860E-2	2,129687E+3	-7,168846E-1
2,131250E+3	4,689185E-1	2,131250E+3	-7,761033E-1	2,131250E+3	2,930129E-1	2,131250E+3	-8,582579E-1	2,131250E+3	4,279033E-1	2,131250E+3	-7,228681E-1	2,131250E+3	2,890183E-2	2,131250E+3	-6,926163E-1
2,132812E+3	4,867536E-1	2,132812E+3	-7,672946E-1	2,132812E+3	3,086315E-1	2,132812E+3	-8,533941E-1	2,132812E+3	4,426339E-1	2,132812E+3	-7,174641E-1	2,132812E+3	3,820439E-2	2,132812E+3	-6,901096E-1
2,134375E+3	5,039443E-1	2,134375E+3	-7,582494E-1	2,134375E+3	3,236963E-1	2,134375E+3	-8,483520E-1	2,134375E+3	4,571134E-1	2,134375E+3	-7,117239E-1	2,134375E+3	4,654591E-2	2,134375E+3	-6,874841E-1
2,135937E+3	5,214375E-1	2,135937E+3	-7,482772E-1	2,135937E+3	3,394357E-1	2,135937E+3	-8,429465E-1	2,135937E+3	4,701692E-1	2,135937E+3	-7,061843E-1	2,135937E+3	6,277411E-2	2,135937E+3	-6,879671E-1
2,137500E+3	5,380094E-1	2,137500E+3	-7,381879E-1	2,137500E+3	3,546534E-1	2,137500E+3	-8,373625E-1	2,137500E+3	4,829608E-1	2,137500E+3	-7,004153E-1	2,137500E+3	7,829113E-2	2,137500E+3	-6,881314E-1
2,139062E+3	5,548784E-1	2,139062E+3	-7,282250E-1	2,139062E+3	3,696877E-1	2,139062E+3	-8,320544E-1	2,139062E+3	4,936157E-1	2,139062E+3	-6,952766E-1	2,139062E+3	9,452578E-2	2,139062E+3	-6,882643E-1
2,140625E+3	5,708835E-1	2,140625E+3	-7,182106E-1	2,140625E+3	3,842479E-1	2,140625E+3	-8,266013E-1	2,140625E+3	5,039792E-1	2,140625E+3	-6,900321E-1	2,140625E+3	1,102462E-1	2,140625E+3	-6,880098E-1
2,142187E+3	5,871407E-1	2,142187E+3	-7,065921E-1	2,142187E+3	3,979832E-1	2,142187E+3	-8,201442E-1	2,142187E+3	5,122845E-1	2,142187E+3	-6,849294E-1	2,142187E+3	1,261820E-1	2,142187E+3	-6,873982E-1
2,143750E+3	6,025647E-1	2,143750E+3	-6,949889E-1	2,143750E+3	4,111120E-1	2,143750E+3	-8,136400E-1	2,143750E+3	5,202271E-1	2,143750E+3	-6,798387E-1	2,143750E+3	1,416734E-1	2,143750E+3	-6,864324E-1
2,145312E+3	6,180753E-1	2,145312E+3	-6,831802E-1	2,145312E+3	4,192794E-1	2,145312E+3	-8,086264E-1	2,145312E+3	5,232927E-1	2,145312E+3	-6,770835E-1	2,145312E+3	1,628207E-1	2,145312E+3	-6,802033E-1
2,146875E+3	6,327722E-1	2,146875E+3	-6,714241E-1	2,146875E+3	4,270349E-1	2,146875E+3	-8,037143E-1	2,146875E+3	5,260527E-1	2,146875E+3	-6,744979E-1	2,146875E+3	1,841935E-1	2,146875E+3	-6,717750E-1
2,148437E+3	6,473179E-1	2,148437E+3	-6,589887E-1	2,148437E+3	4,165511E-1	2,148437E+3	-8,046450E-1	2,148437E+3	5,218836E-1	2,148437E+3	-6,746314E-1	2,148437E+3	1,965940E-1	2,148437E+3	-6,676509E-1
2,150000E+3	6,610111E-1	2,150000E+3	-6,466476E-1	2,150000E+3	4,057583E-1	2,150000E+3	-8,057390E-1	2,150000E+3	5,173968E-1	2,150000E+3	-6,750432E-1	2,150000E+3	2,080993E-1	2,150000E+3	-6,632725E-1
2,151562E+3	6,741088E-1	2,151562E+3	-6,333846E-1	2,151562E+3	3,956077E-1	2,151562E+3	-8,041362E-1	2,151562E+3	5,162274E-1	2,151562E+3	-6,737768E-1	2,151562E+3	1,717577E-1	2,151562E+3	-6,603195E-1
2,153125E+3	6,862602E-1	2,153125E+3	-6,203511E-1	2,153125E+3	3,811866E-1	2,153125E+3	-8,039698E-1	2,153125E+3	5,148657E-1	2,153125E+3	-6,727400E-1	2,153125E+3	1,195169E-1	2,153125E+3	-6,621885E-1
2,154687E+3	6,833077E-1	2,154687E+3	-6,166132E-1	2,154687E+3	3,948424E-1	2,154687E+3	-7,971821E-1	2,154687E+3	5,129440E-1	2,154687E+3	-6,686630E-1	2,154687E+3	1,297158E-1	2,154687E+3	-6,627246E-1
2,156250E+3	6,752088E-1	2,156250E+3	-6,174551E-1	2,156250E+3	4,081292E-1	2,156250E+3	-7,903333E-1	2,156250E+3	5,080115E-1	2,156250E+3	-6,658433E-1	2,156250E+3	1,398847E-1	2,156250E+3	-6,631903E-1
2,157812E+3	6,281042E-1	2,157812E+3	-6,510957E-1	2,157812E+3	4,246347E-1	2,157812E+3	-7,823480E-1	2,157812E+3	5,142221E-1	2,157812E+3	-6,611937E-1	2,157812E+3	1,502788E-1	2,157812E+3	-6,641374E-1
2,159375E+3	5,777173E-1	2,159375E+3	-6,837562E-1	2,159375E+3	4,409353E-1	2,159375E+3	-7,740703E-1	2,159375E+3	5,203051E-1	2,159375E+3	-6,565691E-1	2,159375E+3	1,607064E-1	2,159375E+3	-6,649839E-1
2,160937E+3	5,935331E-1	2,160937E+3	-6,716695E-1	2,160937E+3	4,579737E-1	2,160937E+3	-7,647725E-1	2,160937E+3	5,194058E-1	2,160937E+3	-6,561336E-1	2,160937E+3	1,705852E-1	2,160937E+3	-6,655892E-1
2,162500E+3	6,091780E-1	2,162500E+3	-6,591947E-1	2,162500E+3	4,747889E-1	2,162500E+3	-7,551410E-1	2,162500E+3	5,171727E-1	2,162500E+3	-6,577083E-1	2,162500E+3	1,805087E-1	2,162500E+3	-6,661164E-1
2,164062E+3	6,227540E-1	2,164062E+3	-6,533208E-1	2,164062E+3	4,460034E-1	2,164062E+3	-7,613337E-1	2,164062E+3	5,233608E-1	2,164062E+3	-6,534661E-1	2,164062E+3	1,786983E-1	2,164062E+3	-6,619642E-1
2,165625E+3	6,362025E-1	2,165625E+3	-6,485154E-1	2,165625E+3	4,053559E-1	2,165625E+3	-7,721720E-1	2,165625E+3	5,294967E-1	2,165625E+3	-6,492416E-1	2,165625E+3	1,770923E-1	2,165625E+3	-6,582206E-1
2,167187E+3	5,974045E-1	2,167187E+3	-6,590231E-1	2,167187E+3	4,119152E-1	2,167187E+3	-7,686679E-1	2,167187E+3	5,355791E-1	2,167187E+3	-6,447696E-1	2,167187E+3	4,216401E-2	2,167187E+3	-6,432741E-1
2,168750E+3	5,463324E-1	2,168750E+3	-6,733296E-1	2,168750E+3	4,178947E-1	2,168750E+3	-7,655933E-1	2,168750E+3	5,416113E-1	2,168750E+3	-6,403119E-1	2,168750E+3	-8,863270E-2	2,168750E+3	-6,100890E-1
2,170312E+3	5,510111E-1	2,170312E+3	-6,685610E-1	2,170312E+3	4,241652E-1	2,170312E+3	-7,616081E-1	2,170312E+3	5,156076E-1	2,170312E+3	-6,412514E-1	2,170312E+3	-8,542474E-2	2,170312E+3	-6,052454E-1
2,171875E+3	5,549771E-1	2,171875E+3	-6,644233E-1	2,171875E+3	4,299332E-1	2,171875E+3	-7,578451E-1	2,171875E+3	4,828757E-1	2,171875E+3	-6,432744E-1	2,171875E+3	-8,308332E-2	2,171875E+3	-6,004789E-1
2,173437E+3	5,604842E-1	2,173437E+3	-6,598591E-1	2,173437E+3	4,374136E-1	2,173437E+3	-7,539144E-1	2,173437E+3	4,809716E-1	2,173437E+3	-6,422396E-1	2,173437E+3	-2,548716E-1	2,173437E+3	-4,256852E-1
2,175000E+3	5,655112E-1	2,175000E+3	-6,557575E-1	2,175000E+3	4,445535E-1	2,175000E+3	-7,501636E-1	2,175000E+3	4,787357E-1	2,175000E+3	-6,415749E-1	2,175000E+3	-3,682570E-1	2,175000E+3	-2,665171E-1
2,176562E+3	5,719667E-1	2,176562E+3	-6,506950E-1	2,176562E+3	4,531570E-1	2,176562E+3	-7,460166E-1	2,176562E+3	4,778270E-1	2,176562E+3	-6,404209E-1	2,176562E+3	-3,633312E-1	2,176562E+3	-2,708414E-1
2,178125E+3	5,780785E-1	2,178125E+3	-6,459633E-1	2,178125E+3	4,615135E-1	2,178125E+3	-7,420050E-1	2,178125E+3	4,767572E-1	2,178125E+3	-6,395570E-1	2,178125E+3	-3,587537E-1	2,178125E+3	-2,752974E-1
2,179687E+3	5,852269E-1	2,179687E+3	-6,404384E-1	2,179687E+3	4,707783E-1	2,179687E+3	-7,370662E-1	2,179687E+3	4,773354E-1	2,179687E+3	-6,382914E-1	2,179687E+3	-3,519384E-1	2,179687E+3	-2,826592E-1
2,181250E+3	5,921166E-1	2,181250E+3	-6,351339E-1	2,181250E+3	4,798060E-1	2,181250E+3	-7,321737E-1	2,181250E+3	4,778769E-1	2,181250E+3	-6,372692E-1	2,181250E+3	-3,452789E-1	2,181250E+3	-2,899700E-1
2,182812E+3	5,997347E-1	2,182812E+3	-6,292275E-1	2,182812E+3	4,898927E-1	2,182812E+3	-7,272593E-1	2,182812E+3	4,803065E-1	2,182812E+3	-6,347562E-1	2,182812E+3	-3,376330E-1	2,182812E+3	-3,003264E-1
2,184375E+3	6,071458E-1	2,184375E+3	-6,234499E-1	2,184375E+3	4,997682E-1	2,184375E+3	-7,223200E-1	2,184375E+3	4,827152E-1	2,184375E+3	-6,323955E-1	2,184375E+3	-3,299957E-1	2,184375E+3	-3,105374E-1
2,185937E+3	6,152139E-1	2,185937E+3	-6,166873E-1	2,185937E+3	5,107853E-1	2,185937E+3	-7,160802E-1	2,185937E+3	4,863603E-1	2,185937E+3	-6,297119E-1	2,185937E+3	-3,628276E-1	2,185937E+3	-1,598313E-1
2,187500E+3	6,230821E-1	2,187500E+3	-6,099980E-1	2,187500E+3	5,215554E-1	2,187500E+3	-7,097874E-1	2,187500E+3	4,900262E-1	2,187500E+3	-6,271436E-1	2,187500E+3	-3,968479E-1	2,187500E+3	-5,275693E-2
2,189062E+3	6,314048E-1	2,189062E+3	-6,033666E-1	2,189062E+3	2,747130E-1	2,189062E+3	-8,120718E-1	2,189062E+3	4,943847E-1	2,189062E+3	-6,238079E-1	2,189062E+3	-3,940297E-1	2,189062E+3	-4,671041E-2
2,190625E+3	6,395636E-1	2,190625E+3	-5,967710E-1	2,190625E+3	2,721650E-2	2,190625E+3	-8,538121E-1	2,190625E+3	4,987699E-1	2,190625E+3	-6,205202E-1	2,190625E+3	-3,934702E-1	2,190625E+3	-4,253785E-2
2,192187E+3	6,479412E-1	2,192187E+3	-5,894309E-1	2,192187E+3	4,360917E-2	2,192187E+3	-8,530935E-1	2,192187E+3	5,039065E-1	2,192187E+3	-6,169003E-1	2,192187E+3	-3,898099E-1	2,192187E+3	-3,438871E-2
2,193750E+3	6,561435E-1	2,193750E+3	-5,821002E-1	2,193750E+3	6,009344E-2	2,193750E+3	-8,522254E-1	2,193750E+3	5,090763E-1	2,193750E+3	-6,133073E-1	2,193750E+3	-3,891400E-1	2,193750E+3	-2,833819E-2
2,195312E+3	5,210734E-1	2,195312E+3	-6,831578E-1	2,195312E+3	7,673682E-2	2,195312E+3	-8,512050E-1	2,195312E+3	5,149244E-1	2,195312E+3	-6,094271E-1	2,195312E+3	-3,842778E-1	2,195312E+3	-1,075927E-2
2,196875E+3	3,967298E-1	2,196875E+3	-7,618300E-1	2,196875E+3	9,352062E-2	2,196875E+3	-8,499700E-1	2,196875E+3	5,207983E-1	2,196875E+3	-6,055534E-1	2,196875E+3	-3,849439E-1	2,196875E+3	3,821828E-3
2,198437E+3	4,141863E-1	2,198437E+3	-7,548644E-1	2,198437E+3	1,114209E-1	2,198437E+3	-8,467749E-1	2,198437E+3	5,272267E-1	2,198437E+3	-6,018559E-1	2,198437E+3	-3,779624E-1	2,198437E+3	2,395168E-2
2,200000E+3	4,315758E-1	2,200000E+3	-7,475202E-1	2,200000E+3	1,293529E-1	2,200000E+3	-8,433997E-1	2,200000E+3	5,336871E-1	2,200000E+3	-5,981131E-1	2,200000E+3	-3,786772E-1	2,200000E+3	4,168846E-2
2,201562E+3	4,487028E-1	2,201562E+3	-7,401106E-1	2,201562E+3	1,471281E-1	2,201562E+3	-8,403882E-1	2,201562E+3	4,698404E-1	2,201562E+3	-6,249278E-1	2,201562E+3	-3,713857E-1	2,201562E+3	5,899857E-2
2,203125E+3	4,658376E-1	2,203125E+3	-7,323089E-1	2,203125E+3	1,650384E-1	2,203125E+3	-8,371517E-1	2,203125E+3	4,092109E-1	2,203125E+3	-6,487779E-1	2,203125E+3	-3,721989E-1	2,203125E+3	7,569790E-2
2,204687E+3	4,835158E-1	2,204687E+3	-7,226751E-1	2,204687E+3	1,031644E-2	2,204687E+3	-8,214936E-1	2,204687E+3	4,174781E-1	2,204687E+3	-6,446220E-1	2,204687E+3	-3,643290E-1	2,204687E+3	9,011667E-2
2,206250E+3	5,011484E-1	2,206250E+3	-7,126560E-1	2,206250E+3	-1,394850E-1	2,206250E+3	-7,850971E-1	2,206250E+3	4,258938E-1	2,206250E+3	-6,404339E-1	2,206250E+3	-3,643520E-1	2,206250E+3	1,059843E-1
2,207812E+3	3,368849E-1	2,207812E+3	-7,542271E-1	2,207812E+3	-1,280769E-1	2,207812E+3	-7,857549E-1	2,207812E+3	4,247128E-1	2,207812E+3	-6,565460E-1	2,207812E+3	-3,567547E-1	2,207812E+3	1,163465E-1
2,209375E+3	1,666940E-1	2,209375E+3	-7,689970E-1	2,209375E+3	-1,162741E-1	2,209375E+3	-7,865731E-1	2,209375E+3	4,248347E-1	2,209375E+3	-6,717488E-1	2,209375E+3	-3,556325E-1	2,209375E+3	1,298202E-1
2,210937E+3	1,814333E-1	2,210937E+3	-7,665799E-1	2,210937E+3	-1,062196E-1	2,210937E+3	-7,862700E-1	2,210937E+3	3,307200E-1	2,210937E+3	-6,839724E-1	2,210937E+3	-3,482556E-1	2,210937E+3	1,385182E-1
2,212500E+3	1,965966E-1	2,212500E+3	-7,639762E-1	2,212500E+3	-9,568738E-2	2,212500E+3	-7,862328E-1	2,212500E+3	2,342153E-1	2,212500E+3	-6,900296E-1	2,212500E+3	-3,462496E-1	2,212500E+3	1,515284E-1
2,214062E+3	2,111472E-1	2,214062E+3	-7,603616E-1	2,214062E+3	-8,743156E-2	2,214062E+3	-7,856513E-1	2,214062E+3	2,444575E-1	2,214062E+3	-6,874416E-1	2,214062E+3	-3,188036E-1	2,214062E+3	2,284968E-1
2,215625E+3	2,260444E-1	2,215625E+3	-7,566340E-1	2,215625E+3	-7,849097E-2	2,215625E+3	-7,853958E-1	2,215625E+3	2,547925E-1	2,215625E+3	-6,847605E-1	2,215625E+3	-2,962729E-1	2,215625E+3	2,959147E-1
2,217187E+3	2,399616E-1	2,217187E+3	-7,529494E-1	2,217187E+3	-7,296736E-2	2,217187E+3	-7,842629E-1	2,217187E+3	2,647234E-1	2,217187E+3	-6,817402E-1	2,217187E+3	-2,887693E-1	2,217187E+3	3,017382E-1
2,218750E+3	2,542757E-1	2,218750E+3	-7,491381E-1	2,218750E+3	-6,654307E-2	2,218750E+3	-7,836774E-1	2,218750E+3	2,747237E-1	2,218750E+3	-6,786544E-1	2,218750E+3	-2,829078E-1	2,218750E+3	3,118997E-1
2,220312E+3	2,682117E-1	2,220312E+3	-7,440607E-1	2,220312E+3	-6,370288E-2	2,220312E+3	-7,822904E-1	2,220312E+3	2,844182E-1	2,220312E+3	-6,756203E-1	2,220312E+3	-2,774738E-1	2,220312E+3	3,160045E-1
2,221875E+3	2,825056E-1	2,221875E+3	-7,389214E-1	2,221875E+3	-5,954864E-2	2,221875E+3	-7,816062E-1	2,221875E+3	2,942102E-1	2,221875E+3	-6,724977E-1	2,221875E+3	-2,729974E-1	2,221875E+3	3,236186E-1
2,223437E+3	2,956180E-1	2,223437E+3	-7,342149E-1	2,223437E+3	-3,949359E-1	2,223437E+3	-5,898665E-1	2,223437E+3	3,034074E-1	2,223437E+3	-6,684086E-1	2,223437E+3	-2,685089E-1	2,223437E+3	3,268118E-1
2,225000E+3	3,091905E-1	2,225000E+3	-7,294391E-1	2,225000E+3	-5,317464E-1	2,225000E+3	-5,644445E-1	2,225000E+3	3,126673E-1	2,225000E+3	-6,643105E-1	2,225000E+3	-2,645636E-1	2,225000E+3	3,330660E-1
2,226562E+3	3,219426E-1	2,226562E+3	-7,248103E-1	2,226562E+3	-5,144793E-1	2,226562E+3	-5,816400E-1	2,226562E+3	3,212624E-1	2,226562E+3	-6,604343E-1	2,226562E+3	-2,612248E-1	2,226562E+3	3,352684E-1
2,228125E+3	3,352688E-1	2,228125E+3	-7,200682E-1	2,228125E+3	-4,965741E-1	2,228125E+3	-5,997498E-1	2,228125E+3	3,299851E-1	2,228125E+3	-6,565374E-1	2,228125E+3	-2,581355E-1	2,228125E+3	3,400039E-1
2,229687E+3	3,477294E-1	2,229687E+3	-7,149982E-1	2,229687E+3	-4,784214E-1	2,229687E+3	-6,152361E-1	2,229687E+3	1,231064E-1	2,229687E+3	-6,640934E-1	2,229687E+3	-2,554426E-1	2,229687E+3	3,411477E-1
2,231250E+3	3,608783E-1	2,231250E+3	-7,098346E-1	2,231250E+3	-4,596712E-1	2,231250E+3	-6,319525E-1	2,231250E+3	-3,567240E-3	2,231250E+3	-6,864794E-1	2,231250E+3	-2,528080E-1	2,231250E+3	3,444490E-1
2,232812E+3	3,730481E-1	2,232812E+3	-7,043234E-1	2,232812E+3	-4,430310E-1	2,232812E+3	-6,449797E-1	2,232812E+3	1,296354E-2	2,232812E+3	-6,897426E-1	2,232812E+3	-2,500225E-1	2,232812E+3	3,453835E-1
2,234375E+3	3,860806E-1	2,234375E+3	-6,987481E-1	2,234375E+3	-4,258860E-1	2,234375E+3	-6,602664E-1	2,234375E+3	2,989661E-2	2,234375E+3	-6,928568E-1	2,234375E+3	-2,471469E-1	2,234375E+3	3,483249E-1
2,235937E+3	2,820393E-1	2,235937E+3	-7,153893E-1	2,235937E+3	-4,119654E-1	2,235937E+3	-6,684276E-1	2,235937E+3	4,594499E-2	2,235937E+3	-6,955421E-1	2,235937E+3	-2,446986E-1	2,235937E+3	3,486005E-1
2,237500E+3	2,628894E-1	2,237500E+3	-7,550366E-1	2,237500E+3	-3,982986E-1	2,237500E+3	-6,817183E-1	2,237500E+3	6,248389E-2	2,237500E+3	-6,981331E-1	2,237500E+3	-2,420640E-1	2,237500E+3	3,506399E-1
2,239062E+3	2,818815E-1	2,239062E+3	-7,506778E-1	2,239062E+3	-3,894409E-1	2,239062E+3	-6,809694E-1	2,239062E+3	7,739743E-2	2,239062E+3	-7,002914E-1	2,239062E+3	-2,399582E-1	2,239062E+3	3,500680E-1
2,240625E+3	3,037019E-1	2,240625E+3	-7,482921E-1	2,240625E+3	-3,859836E-1	2,240625E+3	-6,922996E-1	2,240625E+3	9,295976E-2	2,240625E+3	-7,024904E-1	2,240625E+3	-2,376050E-1	2,240625E+3	3,510575E-1
2,242187E+3	3,230693E-1	2,242187E+3	-7,422452E-1	2,242187E+3	-3,777033E-1	2,242187E+3	-6,871738E-1	2,242187E+3	1,050861E-1	2,242187E+3	-7,037928E-1	2,242187E+3	-2,333753E-1	2,242187E+3	3,525868E-1
2,243750E+3	3,452850E-1	2,243750E+3	-7,395325E-1	2,243750E+3	-3,855589E-1	2,243750E+3	-6,953633E-1	2,243750E+3	1,183415E-1	2,243750E+3	-7,055900E-1	2,243750E+3	-2,287267E-1	2,243750E+3	3,559929E-1
2,245312E+3	3,676301E-1	2,245312E+3	-7,321636E-1	2,245312E+3	-3,755000E-1	2,245312E+3	-6,967224E-1	2,245312E+3	1,222749E-1	2,245312E+3	-7,060117E-1	2,245312E+3	-2,268875E-1	2,245312E+3	3,550713E-1
2,246875E+3	3,914435E-1	2,246875E+3	-7,276366E-1	2,246875E+3	-3,804449E-1	2,246875E+3	-7,037095E-1	2,246875E+3	1,290393E-1	2,246875E+3	-7,087187E-1	2,246875E+3	-2,247600E-1	2,246875E+3	3,554546E-1
2,248437E+3	4,166076E-1	2,248437E+3	-7,185536E-1	2,248437E+3	-3,625285E-1	2,248437E+3	-7,151030E-1	2,248437E+3	1,316612E-1	2,248437E+3	-7,086015E-1	2,248437E+3	-1,826653E-1	2,248437E+3	3,999046E-1
2,250000E+3	4,423010E-1	2,250000E+3	-7,110789E-1	2,250000E+3	-3,502407E-1	2,250000E+3	-7,276621E-1	2,250000E+3	1,372448E-1	2,250000E+3	-7,115630E-1	2,250000E+3	-1,283524E-1	2,250000E+3	4,616520E-1
2,251562E+3	3,189299E-1	2,251562E+3	-7,266842E-1	2,251562E+3	-3,266195E-1	2,251562E+3	-7,424748E-1	2,251562E+3	7,932496E-2	2,251562E+3	-6,981354E-1	2,251562E+3	-1,035534E-1	2,251562E+3	4,833178E-1
2,253125E+3	2,036745E-1	2,253125E+3	-7,310929E-1	2,253125E+3	-3,057318E-1	2,253125E+3	-7,574640E-1	2,253125E+3	2,574141E-2	2,253125E+3	-6,861993E-1	2,253125E+3	-8,711145E-2	2,253125E+3	5,014897E-1
2,254687E+3	2,272037E-1	2,254687E+3	-7,245305E-1	2,254687E+3	-4,116699E-1	2,254687E+3	-6,617447E-1	2,254687E+3	2,708277E-2	2,254687E+3	-6,828594E-1	2,254687E+3	-8,127990E-2	2,254687E+3	5,002441E-1
2,256250E+3	2,506022E-1	2,256250E+3	-7,183078E-1	2,256250E+3	-4,961066E-1	2,256250E+3	-5,702354E-1	2,256250E+3	2,959324E-2	2,256250E+3	-6,838147E-1	2,256250E+3	-7,461414E-2	2,256250E+3	4,999489E-1
2,257812E+3	2,720759E-1	2,257812E+3	-7,107966E-1	2,257812E+3	-4,841445E-1	2,257812E+3	-5,772986E-1	2,257812E+3	3,288345E-2	2,257812E+3	-6,811763E-1	2,257812E+3	-7,088543E-2	2,257812E+3	4,965215E-1
2,259375E+3	2,935663E-1	2,259375E+3	-7,035327E-1	2,259375E+3	-4,742965E-1	2,259375E+3	-5,840035E-1	2,259375E+3	3,659675E-2	2,259375E+3	-6,829461E-1	2,259375E+3	-6,648227E-2	2,259375E+3	4,937613E-1
2,260937E+3	3,138014E-1	2,260937E+3	-6,943919E-1	2,260937E+3	-4,648414E-1	2,260937E+3	-5,887968E-1	2,260937E+3	4,224282E-2	2,260937E+3	-6,815607E-1	2,260937E+3	-6,909619E-2	2,260937E+3	4,882406E-1
2,262500E+3	3,341748E-1	2,262500E+3	-6,854420E-1	2,262500E+3	-4,573777E-1	2,262500E+3	-5,933261E-1	2,262500E+3	4,773571E-2	2,262500E+3	-6,834150E-1	2,262500E+3	-7,142566E-2	2,262500E+3	4,829778E-1
2,264062E+3	3,527201E-1	2,264062E+3	-6,759017E-1	2,264062E+3	-4,501427E-1	2,264062E+3	-5,950007E-1	2,264062E+3	5,675740E-2	2,264062E+3	-6,822515E-1	2,264062E+3	-7,467693E-2	2,264062E+3	4,768287E-1
2,265625E+3	3,715577E-1	2,265625E+3	-6,663176E-1	2,265625E+3	-4,454313E-1	2,265625E+3	-5,962993E-1	2,265625E+3	6,544259E-2	2,265625E+3	-6,833235E-1	2,265625E+3	-7,769129E-2	2,265625E+3	4,708756E-1
2,267187E+3	3,888605E-1	2,267187E+3	-6,560079E-1	2,267187E+3	-4,404790E-1	2,267187E+3	-5,980794E-1	2,267187E+3	7,410612E-2	2,267187E+3	-6,833039E-1	2,267187E+3	-8,016586E-2	2,267187E+3	4,651642E-1
2,268750E+3	4,064851E-1	2,268750E+3	-6,455553E-1	2,268750E+3	-4,373097E-1	2,268750E+3	-5,996744E-1	2,268750E+3	8,237951E-2	2,268750E+3	-6,851073E-1	2,268750E+3	-8,246469E-2	2,268750E+3	4,596783E-1
2,270312E+3	4,222077E-1	2,270312E+3	-6,350904E-1	2,270312E+3	-4,283077E-1	2,270312E+3	-6,040277E-1	2,270312E+3	9,348332E-2	2,270312E+3	-6,843811E-1	2,270312E+3	-8,420292E-2	2,270312E+3	4,538932E-1
2,271875E+3	4,383665E-1	2,271875E+3	-6,244491E-1	2,271875E+3	-4,199731E-1	2,271875E+3	-6,085211E-1	2,271875E+3	1,041693E-1	2,271875E+3	-6,850026E-1	2,271875E+3	-8,578645E-2	2,271875E+3	4,483615E-1
2,273437E+3	4,524676E-1	2,273437E+3	-6,142694E-1	2,273437E+3	-4,110562E-1	2,273437E+3	-6,133069E-1	2,273437E+3	1,151749E-1	2,273437E+3	-6,859618E-1	2,273437E+3	-9,257366E-2	2,273437E+3	4,586188E-1
2,275000E+3	4,671685E-1	2,275000E+3	-6,038652E-1	2,275000E+3	-4,024144E-1	2,275000E+3	-6,184061E-1	2,275000E+3	1,259997E-1	2,275000E+3	-6,879244E-1	2,275000E+3	-9,905263E-2	2,275000E+3	4,675084E-1
2,276562E+3	4,830759E-1	2,276562E+3	-6,520215E-1	2,276562E+3	-4,418270E-1	2,276562E+3	-6,518991E-1	2,276562E+3	1,388744E-1	2,276562E+3	-6,883058E-1	2,276562E+3	-1,030408E-1	2,276562E+3	4,604771E-1
2,278125E+3	5,012276E-1	2,278125E+3	-6,988426E-1	2,278125E+3	-4,817517E-1	2,278125E+3	-6,841777E-1	2,278125E+3	1,517648E-1	2,278125E+3	-6,893023E-1	2,278125E+3	-1,069133E-1	2,278125E+3	4,535252E-1
2,279687E+3	5,188554E-1	2,279687E+3	-6,834857E-1	2,279687E+3	-4,678865E-1	2,279687E+3	-6,889044E-1	2,279687E+3	1,642503E-1	2,279687E+3	-6,892931E-1	2,279687E+3	-1,105418E-1	2,279687E+3	4,469844E-1
2,281250E+3	5,370898E-1	2,281250E+3	-6,676146E-1	2,281250E+3	-4,543070E-1	2,281250E+3	-6,940424E-1	2,281250E+3	1,768622E-1	2,281250E+3	-6,898068E-1	2,281250E+3	-1,141408E-1	2,281250E+3	4,405235E-1
2,282812E+3	5,528101E-1	2,282812E+3	-6,513331E-1	2,282812E+3	-4,784486E-1	2,282812E+3	-6,820758E-1	2,282812E+3	1,879862E-1	2,282812E+3	-6,905146E-1	2,282812E+3	-1,173115E-1	2,282812E+3	4,333433E-1
2,284375E+3	5,714281E-1	2,284375E+3	-6,323004E-1	2,284375E+3	-5,195675E-1	2,284375E+3	-6,692201E-1	2,284375E+3	1,994317E-1	2,284375E+3	-6,916447E-1	2,284375E+3	-1,204884E-1	2,284375E+3	4,262872E-1
2,285937E+3	5,781863E-1	2,285937E+3	-6,197418E-1	2,285937E+3	-5,045914E-1	2,285937E+3	-6,749389E-1	2,285937E+3	2,080750E-1	2,285937E+3	-6,919686E-1	2,285937E+3	-1,234114E-1	2,285937E+3	4,197787E-1
2,287500E+3	5,861556E-1	2,287500E+3	-6,071775E-1	2,287500E+3	-4,889785E-1	2,287500E+3	-6,816597E-1	2,287500E+3	2,172459E-1	2,287500E+3	-6,926909E-1	2,287500E+3	-1,264948E-1	2,287500E+3	4,133560E-1
2,289062E+3	5,864200E-1	2,289062E+3	-5,999108E-1	2,289062E+3	-4,804012E-1	2,289062E+3	-6,831144E-1	2,289062E+3	2,212544E-1	2,289062E+3	-6,963973E-1	2,289062E+3	-1,270110E-1	2,289062E+3	4,074132E-1
2,290625E+3	5,888324E-1	2,290625E+3	-5,924769E-1	2,290625E+3	-4,707351E-1	2,290625E+3	-6,862767E-1	2,290625E+3	2,262116E-1	2,290625E+3	-7,004659E-1	2,290625E+3	-1,278806E-1	2,290625E+3	4,017090E-1
2,292187E+3	5,792924E-1	2,292187E+3	-5,895201E-1	2,292187E+3	-4,657744E-1	2,292187E+3	-6,778819E-1	2,292187E+3	2,208270E-1	2,292187E+3	-6,942394E-1	2,292187E+3	-1,268704E-1	2,292187E+3	3,982367E-1
2,293750E+3	5,732120E-1	2,293750E+3	-5,864252E-1	2,293750E+3	-4,596288E-1	2,293750E+3	-6,725033E-1	2,293750E+3	2,168206E-1	2,293750E+3	-6,889898E-1	2,293750E+3	-1,265972E-1	2,293750E+3	3,949380E-1
2,295312E+3	5,527438E-1	2,295312E+3	-5,906248E-1	2,295312E+3	-4,689849E-1	2,295312E+3	-6,635121E-1	2,295312E+3	-3,373335E-1	2,295312E+3	-4,898301E-1	2,295312E+3	-1,244006E-1	2,295312E+3	3,928196E-1
2,296875E+3	5,377916E-1	2,296875E+3	-5,942525E-1	2,296875E+3	-4,753348E-1	2,296875E+3	-6,582571E-1	2,296875E+3	-5,626379E-1	2,296875E+3	-3,155638E-1	2,296875E+3	-1,235515E-1	2,296875E+3	3,909667E-1
2,298437E+3	5,022120E-1	2,298437E+3	-6,058139E-1	2,298437E+3	-4,921695E-1	2,298437E+3	-6,345079E-1	2,298437E+3	-5,627676E-1	2,298437E+3	-3,266075E-1	2,298437E+3	-1,196892E-1	2,298437E+3	3,922285E-1
2,300000E+3	4,756366E-1	2,300000E+3	-6,165292E-1	2,300000E+3	-5,049653E-1	2,300000E+3	-6,173475E-1	2,300000E+3	-5,663776E-1	2,300000E+3	-3,397370E-1	2,300000E+3	-1,182480E-1	2,300000E+3	3,937431E-1
2,301562E+3	-2,001479E-1	2,301562E+3	-4,394531E-1	2,301562E+3	-5,327669E-1	2,301562E+3	-5,859018E-1	2,301562E+3	-5,536706E-1	2,301562E+3	-3,633936E-1	2,301562E+3	-1,117550E-1	2,301562E+3	4,005218E-1
2,303125E+3	-4,860796E-1	2,303125E+3	-5,146679E-1	2,303125E+3	-5,540729E-1	2,303125E+3	-5,637862E-1	2,303125E+3	-5,398680E-1	2,303125E+3	-3,874271E-1	2,303125E+3	-1,094497E-1	2,303125E+3	4,072349E-1
2,304687E+3	-4,570681E-1	2,304687E+3	-5,433369E-1	2,304687E+3	-5,891804E-1	2,304687E+3	-5,213354E-1	2,304687E+3	-5,254575E-1	2,304687E+3	-4,102905E-1	2,304687E+3	-5,462125E-2	2,304687E+3	4,585583E-1
2,306250E+3	-4,273869E-1	2,306250E+3	-5,724128E-1	2,306250E+3	-6,156397E-1	2,306250E+3	-4,928843E-1	2,306250E+3	-5,099028E-1	2,306250E+3	-4,335239E-1	2,306250E+3	-4,716490E-2	2,306250E+3	5,059088E-1
2,307812E+3	-3,967887E-1	2,307812E+3	-5,973868E-1	2,307812E+3	-6,198761E-1	2,307812E+3	2,987327E-1	2,307812E+3	-4,925325E-1	2,307812E+3	-4,560554E-1	2,307812E+3	-4,759804E-2	2,307812E+3	5,046016E-1
2,309375E+3	-3,658589E-1	2,309375E+3	-6,230296E-1	2,309375E+3	-7,851708E-1	2,309375E+3	3,671543E-1	2,309375E+3	-4,740105E-1	2,309375E+3	-4,786268E-1	2,309375E+3	-4,892551E-2	2,309375E+3	5,047781E-1
2,310937E+3	-3,337727E-1	2,310937E+3	-6,439622E-1	2,310937E+3	-7,958040E-1	2,310937E+3	3,417378E-1	2,310937E+3	-4,539898E-1	2,310937E+3	-5,002822E-1	2,310937E+3	-5,068307E-2	2,310937E+3	5,027291E-1
2,312500E+3	-3,018046E-1	2,312500E+3	-6,655166E-1	2,312500E+3	-8,072548E-1	2,312500E+3	3,161123E-1	2,312500E+3	-4,327796E-1	2,312500E+3	-5,217283E-1	2,312500E+3	-5,307702E-2	2,312500E+3	5,020470E-1
2,314062E+3	-2,695665E-1	2,314062E+3	-6,806925E-1	2,314062E+3	-8,164783E-1	2,314062E+3	2,903133E-1	2,314062E+3	-4,098303E-1	2,314062E+3	-5,424300E-1	2,314062E+3	-5,207007E-2	2,314062E+3	5,003848E-1
2,315625E+3	-2,382165E-1	2,315625E+3	-6,963790E-1	2,315625E+3	-8,268261E-1	2,315625E+3	2,643787E-1	2,315625E+3	-3,856510E-1	2,315625E+3	-5,626256E-1	2,315625E+3	-5,154166E-2	2,315625E+3	5,009712E-1
2,317187E+3	-2,153592E-1	2,317187E+3	-7,032045E-1	2,317187E+3	-8,339362E-1	2,317187E+3	2,344701E-1	2,317187E+3	-3,598544E-1	2,317187E+3	-5,825737E-1	2,317187E+3	-4,583400E-2	2,317187E+3	5,010734E-1
2,318750E+3	-1,954400E-1	2,318750E+3	-7,133277E-1	2,318750E+3	-8,417488E-1	2,318750E+3	2,055920E-1	2,318750E+3	-3,327358E-1	2,318750E+3	-6,016863E-1	2,318750E+3	-4,039243E-2	2,318750E+3	5,047196E-1
2,320312E+3	-2,383564E-1	2,320312E+3	-6,614450E-1	2,320312E+3	-8,467249E-1	2,320312E+3	1,749124E-1	2,320312E+3	-4,659558E-1	2,320312E+3	-3,961936E-1	2,320312E+3	-3,814173E-2	2,320312E+3	5,033572E-1
2,321875E+3	-3,386994E-1	2,321875E+3	-6,335020E-1	2,321875E+3	-8,521962E-1	2,321875E+3	1,453925E-1	2,321875E+3	-5,812134E-1	2,321875E+3	-3,325488E-1	2,321875E+3	-3,572358E-2	2,321875E+3	5,042068E-1
2,323437E+3	-3,472415E-1	2,323437E+3	-6,192427E-1	2,323437E+3	-8,553709E-1	2,323437E+3	1,145983E-1	2,323437E+3	-5,807083E-1	2,323437E+3	-3,323457E-1	2,323437E+3	-3,565968E-2	2,323437E+3	5,023001E-1
2,325000E+3	-3,736992E-1	2,325000E+3	-6,074968E-1	2,325000E+3	-8,590559E-1	2,325000E+3	8,500044E-2	2,325000E+3	-5,843876E-1	2,325000E+3	-3,391877E-1	2,325000E+3	-3,523244E-2	2,325000E+3	5,020422E-1
2,326562E+3	-3,803136E-1	2,326562E+3	-5,998250E-1	2,326562E+3	-8,601582E-1	2,326562E+3	5,451154E-2	2,326562E+3	-5,872230E-1	2,326562E+3	-3,303004E-1	2,326562E+3	-3,722394E-2	2,326562E+3	4,997541E-1
2,328125E+3	-3,978042E-1	2,328125E+3	-5,938373E-1	2,328125E+3	-8,618264E-1	2,328125E+3	2,537429E-2	2,328125E+3	-5,990439E-1	2,328125E+3	-3,308327E-1	2,328125E+3	-3,885885E-2	2,328125E+3	4,986098E-1
2,329687E+3	-4,128498E-1	2,329687E+3	-5,777184E-1	2,329687E+3	-8,603967E-1	2,329687E+3	2,816943E-3	2,329687E+3	-6,051944E-1	2,329687E+3	-3,156267E-1	2,329687E+3	-4,123166E-2	2,329687E+3	4,965916E-1
2,331250E+3	-4,413729E-1	2,331250E+3	-5,587621E-1	2,331250E+3	-8,613494E-1	2,331250E+3	-1,659387E-2	2,331250E+3	-6,271258E-1	2,331250E+3	-3,107830E-1	2,331250E+3	-4,331382E-2	2,331250E+3	4,955962E-1
2,332812E+3	-4,486796E-1	2,332812E+3	-5,499317E-1	2,332812E+3	-8,547472E-1	2,332812E+3	5,959975E-3	2,332812E+3	-6,312917E-1	2,332812E+3	-2,980187E-1	2,332812E+3	-4,651353E-2	2,332812E+3	4,921803E-1
2,334375E+3	-4,643065E-1	2,334375E+3	-5,385853E-1	2,334375E+3	-8,620381E-1	2,334375E+3	5,208906E-2	2,334375E+3	-6,509724E-1	2,334375E+3	-2,884538E-1	2,334375E+3	-4,942327E-2	2,334375E+3	4,894322E-1
2,335937E+3	-4,700505E-1	2,335937E+3	-5,295346E-1	2,335937E+3	-8,598183E-1	2,335937E+3	7,118587E-2	2,335937E+3	-6,537896E-1	2,335937E+3	-2,791040E-1	2,335937E+3	-4,622812E-2	2,335937E+3	4,873186E-1
2,337500E+3	-4,825879E-1	2,337500E+3	-5,174013E-1	2,337500E+3	-8,643089E-1	2,337500E+3	1,064922E-1	2,337500E+3	-6,695695E-1	2,337500E+3	-2,684928E-1	2,337500E+3	-4,273161E-2	2,337500E+3	4,865635E-1
2,339062E+3	-4,902388E-1	2,339062E+3	-5,051317E-1	2,339062E+3	-8,643600E-1	2,339062E+3	1,142845E-1	2,339062E+3	-6,710740E-1	2,339062E+3	-2,564781E-1	2,339062E+3	-4,292301E-2	2,339062E+3	4,836909E-1
2,340625E+3	-5,043370E-1	2,340625E+3	-4,889951E-1	2,340625E+3	-8,677207E-1	2,340625E+3	1,308590E-1	2,340625E+3	-6,839118E-1	2,340625E+3	-2,393878E-1	2,340625E+3	-4,273091E-2	2,340625E+3	4,817508E-1
2,342187E+3	-5,157760E-1	2,342187E+3	-4,734061E-1	2,342187E+3	-8,648549E-1	2,342187E+3	1,386201E-1	2,342187E+3	-6,839794E-1	2,342187E+3	-2,295721E-1	2,342187E+3	-2,288699E-2	2,342187E+3	4,853188E-1
2,343750E+3	-5,336741E-1	2,343750E+3	-4,533804E-1	2,343750E+3	-8,631262E-1	2,343750E+3	1,540097E-1	2,343750E+3	-6,917241E-1	2,343750E+3	-2,140542E-1	2,343750E+3	-6,920310E-4	2,343750E+3	4,923593E-1
2,345312E+3	-6,687193E-1	2,345312E+3	-2,502989E-1	2,345312E+3	-8,612526E-1	2,345312E+3	1,546809E-1	2,345312E+3	-6,931481E-1	2,345312E+3	-2,024295E-1	2,345312E+3	-5,848100E-3	2,345312E+3	4,883692E-1
2,346875E+3	-8,034832E-1	2,346875E+3	1,212033E-1	2,346875E+3	-8,598793E-1	2,346875E+3	1,602619E-1	2,346875E+3	-7,009908E-1	2,346875E+3	-1,848306E-1	2,346875E+3	-1,073056E-2	2,346875E+3	4,845551E-1
2,348437E+3	-8,003294E-1	2,348437E+3	1,340143E-1	2,348437E+3	-8,577618E-1	2,348437E+3	1,643171E-1	2,348437E+3	-7,030388E-1	2,348437E+3	-1,747771E-1	2,348437E+3	-1,520228E-2	2,348437E+3	4,804783E-1
2,350000E+3	-7,969383E-1	2,350000E+3	1,505384E-1	2,350000E+3	-8,560297E-1	2,350000E+3	1,732784E-1	2,350000E+3	-7,099507E-1	2,350000E+3	-1,594939E-1	2,350000E+3	-1,940975E-2	2,350000E+3	4,766129E-1
2,351562E+3	-7,923829E-1	2,351562E+3	1,626919E-1	2,351562E+3	-8,553246E-1	2,351562E+3	1,738998E-1	2,351562E+3	-7,119469E-1	2,351562E+3	-1,516521E-1	2,351562E+3	-2,331420E-2	2,351562E+3	4,730281E-1
2,353125E+3	-7,873501E-1	2,353125E+3	1,782262E-1	2,353125E+3	-8,549459E-1	2,353125E+3	1,782319E-1	2,353125E+3	-7,175855E-1	2,353125E+3	-1,393790E-1	2,353125E+3	-2,700716E-2	2,353125E+3	4,697237E-1
2,354687E+3	-7,808618E-1	2,354687E+3	1,958332E-1	2,354687E+3	-8,548887E-1	2,354687E+3	1,770210E-1	2,354687E+3	-7,212113E-1	2,354687E+3	-1,354394E-1	2,354687E+3	-3,035617E-2	2,354687E+3	4,667362E-1
2,356250E+3	-7,734246E-1	2,356250E+3	2,170872E-1	2,356250E+3	-8,550909E-1	2,356250E+3	1,788579E-1	2,356250E+3	-7,270046E-1	2,356250E+3	-1,303954E-1	2,356250E+3	-3,348532E-2	2,356250E+3	4,640803E-1
2,357812E+3	-7,844438E-1	2,357812E+3	1,943381E-1	2,357812E+3	-8,262616E-1	2,357812E+3	3,485613E-1	2,357812E+3	-7,273890E-1	2,357812E+3	-1,236854E-1	2,357812E+3	-3,859680E-2	2,357812E+3	4,605473E-1
2,359375E+3	-7,910593E-1	2,359375E+3	1,759985E-1	2,359375E+3	-7,542641E-1	2,359375E+3	5,793945E-1	2,359375E+3	-7,299293E-1	2,359375E+3	-1,135918E-1	2,359375E+3	-4,354459E-2	2,359375E+3	4,571881E-1
2,360937E+3	-7,886245E-1	2,360937E+3	1,791724E-1	2,360937E+3	-7,561440E-1	2,360937E+3	5,752322E-1	2,360937E+3	-7,306899E-1	2,360937E+3	-1,005065E-1	2,360937E+3	-4,996300E-2	2,360937E+3	4,533902E-1
2,362500E+3	-7,861847E-1	2,362500E+3	1,839949E-1	2,362500E+3	-7,572899E-1	2,362500E+3	5,722510E-1	2,362500E+3	-7,334889E-1	2,362500E+3	-8,324510E-2	2,362500E+3	-5,627540E-2	2,362500E+3	4,496721E-1
2,364062E+3	-7,846399E-1	2,364062E+3	1,857582E-1	2,364062E+3	-7,581261E-1	2,364062E+3	5,708997E-1	2,364062E+3	-7,349853E-1	2,364062E+3	-7,103287E-2	2,364062E+3	-6,280936E-2	2,364062E+3	4,460334E-1
2,365625E+3	-7,831041E-1	2,365625E+3	1,890029E-1	2,365625E+3	-7,582572E-1	2,365625E+3	5,708804E-1	2,365625E+3	-7,381955E-1	2,365625E+3	-5,514657E-2	2,365625E+3	-6,925197E-2	2,365625E+3	4,424699E-1
2,367187E+3	-7,806988E-1	2,367187E+3	1,946801E-1	2,367187E+3	-7,580010E-1	2,367187E+3	5,706010E-1	2,367187E+3	-7,593010E-1	2,367187E+3	1,018208E-1	2,367187E+3	-7,523661E-2	2,367187E+3	4,393868E-1
2,368750E+3	-7,782241E-1	2,368750E+3	2,020389E-1	2,368750E+3	-7,570195E-1	2,368750E+3	5,716418E-1	2,368750E+3	-7,644592E-1	2,368750E+3	3,215865E-1	2,368750E+3	-8,114035E-2	2,368750E+3	4,364279E-1
2,370312E+3	-7,759850E-1	2,370312E+3	2,058319E-1	2,370312E+3	-7,557226E-1	2,370312E+3	5,721227E-1	2,370312E+3	-7,649881E-1	2,370312E+3	3,197500E-1	2,370312E+3	-8,671724E-2	2,370312E+3	4,333055E-1
2,371875E+3	-7,736515E-1	2,371875E+3	2,110851E-1	2,371875E+3	-7,536797E-1	2,371875E+3	5,738787E-1	2,371875E+3	-7,653290E-1	2,371875E+3	3,191726E-1	2,371875E+3	-9,221192E-2	2,371875E+3	4,303230E-1
2,373437E+3	-7,723555E-1	2,373437E+3	2,106434E-1	2,373437E+3	-7,533521E-1	2,373437E+3	5,731333E-1	2,373437E+3	-7,657494E-1	2,373437E+3	3,155039E-1	2,373437E+3	-9,793963E-2	2,373437E+3	4,269545E-1
2,375000E+3	-7,709970E-1	2,375000E+3	2,113346E-1	2,375000E+3	-7,523868E-1	2,375000E+3	5,734755E-1	2,375000E+3	-7,659539E-1	2,375000E+3	3,128887E-1	2,375000E+3	-1,036131E-1	2,375000E+3	4,236972E-1
2,376562E+3	-7,703318E-1	2,376562E+3	2,114102E-1	2,376562E+3	-7,535488E-1	2,376562E+3	5,714186E-1	2,376562E+3	-7,658288E-1	2,376562E+3	3,122943E-1	2,376562E+3	-1,093189E-1	2,376562E+3	4,212638E-1
2,378125E+3	-7,696390E-1	2,378125E+3	2,125762E-1	2,378125E+3	-7,541962E-1	2,378125E+3	5,702823E-1	2,378125E+3	-7,655246E-1	2,378125E+3	3,128880E-1	2,378125E+3	-1,151034E-1	2,378125E+3	4,189977E-1
2,379687E+3	-7,665754E-1	2,379687E+3	2,223365E-1	2,379687E+3	-7,564998E-1	2,379687E+3	5,667502E-1	2,379687E+3	-7,649180E-1	2,379687E+3	3,142459E-1	2,379687E+3	-1,193024E-1	2,379687E+3	4,178166E-1
2,381250E+3	-7,632572E-1	2,381250E+3	2,336722E-1	2,381250E+3	-7,583717E-1	2,381250E+3	5,639879E-1	2,381250E+3	-7,641304E-1	2,381250E+3	3,168398E-1	2,381250E+3	-1,235013E-1	2,381250E+3	4,169001E-1
2,382812E+3	-7,506238E-1	2,382812E+3	2,679937E-1	2,382812E+3	-7,618406E-1	2,382812E+3	5,597491E-1	2,382812E+3	-7,621104E-1	2,382812E+3	3,245185E-1	2,382812E+3	-1,306322E-1	2,382812E+3	4,142916E-1
2,384375E+3	-7,355909E-1	2,384375E+3	3,052669E-1	2,384375E+3	-7,650143E-1	2,384375E+3	5,560705E-1	2,384375E+3	-7,598085E-1	2,384375E+3	3,337866E-1	2,384375E+3	-1,377644E-1	2,384375E+3	4,117016E-1
2,385937E+3	-7,332435E-1	2,385937E+3	3,066238E-1	2,385937E+3	-7,614817E-1	2,385937E+3	5,611300E-1	2,385937E+3	-7,566426E-1	2,385937E+3	3,426213E-1	2,385937E+3	-1,456651E-1	2,385937E+3	4,084097E-1
2,387500E+3	-7,306726E-1	2,387500E+3	3,088766E-1	2,387500E+3	-7,572766E-1	2,387500E+3	5,673876E-1	2,387500E+3	-7,530900E-1	2,387500E+3	3,529850E-1	2,387500E+3	-1,535581E-1	2,387500E+3	4,050624E-1
2,389062E+3	-7,321588E-1	2,389062E+3	3,044491E-1	2,389062E+3	-7,505115E-1	2,389062E+3	5,767578E-1	2,389062E+3	-7,520524E-1	2,389062E+3	3,546271E-1	2,389062E+3	-1,607544E-1	2,389062E+3	4,022962E-1
2,390625E+3	-7,335532E-1	2,390625E+3	3,005785E-1	2,390625E+3	-7,428596E-1	2,390625E+3	5,874339E-1	2,390625E+3	-7,508081E-1	2,390625E+3	3,572462E-1	2,390625E+3	-1,679702E-1	2,390625E+3	3,995330E-1
2,392187E+3	-7,318924E-1	2,392187E+3	3,045981E-1	2,392187E+3	-7,384207E-1	2,392187E+3	5,923676E-1	2,392187E+3	-7,528954E-1	2,392187E+3	3,534045E-1	2,392187E+3	-1,745012E-1	2,392187E+3	3,976800E-1
2,393750E+3	-7,300376E-1	2,393750E+3	3,095654E-1	2,393750E+3	-7,333409E-1	2,393750E+3	5,982810E-1	2,393750E+3	-7,549773E-1	2,393750E+3	3,499154E-1	2,393750E+3	-1,810933E-1	2,393750E+3	3,958942E-1
2,395312E+3	-7,245146E-1	2,395312E+3	3,241306E-1	2,395312E+3	-7,343608E-1	2,395312E+3	5,964827E-1	2,395312E+3	-7,544405E-1	2,395312E+3	3,516583E-1	2,395312E+3	-1,870818E-1	2,395312E+3	3,947806E-1
2,396875E+3	-7,193546E-1	2,396875E+3	3,381031E-1	2,396875E+3	-7,350415E-1	2,396875E+3	5,952831E-1	2,396875E+3	-7,537597E-1	2,396875E+3	3,542528E-1	2,396875E+3	-1,931730E-1	2,396875E+3	3,937814E-1
2,398437E+3	-7,157266E-1	2,398437E+3	3,422485E-1	2,398437E+3	-7,392257E-1	2,398437E+3	5,900226E-1	2,398437E+3	-7,506283E-1	2,398437E+3	3,609551E-1	2,398437E+3	-1,991981E-1	2,398437E+3	3,933516E-1
2,400000E+3	-7,119005E-1	2,400000E+3	3,471004E-1	2,400000E+3	-7,431772E-1	2,400000E+3	5,851362E-1	2,400000E+3	-7,472030E-1	2,400000E+3	3,687341E-1	2,400000E+3	-2,053781E-1	2,400000E+3	3,930599E-1
2,401562E+3	-7,098532E-1	2,401562E+3	3,471035E-1	2,401562E+3	-7,466714E-1	2,401562E+3	5,810509E-1	2,401562E+3	-7,453518E-1	2,401562E+3	3,726948E-1	2,401562E+3	-2,120411E-1	2,401562E+3	3,932814E-1
2,403125E+3	-7,076425E-1	2,403125E+3	3,477071E-1	2,403125E+3	-7,499580E-1	2,403125E+3	5,773702E-1	2,403125E+3	-7,432983E-1	2,403125E+3	3,775304E-1	2,403125E+3	-2,189123E-1	2,403125E+3	3,936408E-1
2,404687E+3	-7,020293E-1	2,404687E+3	3,548746E-1	2,404687E+3	-6,965727E-1	2,404687E+3	6,392097E-1	2,404687E+3	-7,438969E-1	2,404687E+3	3,774264E-1	2,404687E+3	-2,287971E-1	2,404687E+3	3,952535E-1
2,406250E+3	-6,960182E-1	2,406250E+3	3,629391E-1	2,406250E+3	-6,338138E-1	2,406250E+3	7,010835E-1	2,406250E+3	-7,444073E-1	2,406250E+3	3,779471E-1	2,406250E+3	-2,386060E-1	2,406250E+3	3,962323E-1
2,407812E+3	-6,856124E-1	2,407812E+3	3,757695E-1	2,407812E+3	-6,540036E-1	2,407812E+3	6,836194E-1	2,407812E+3	-7,441874E-1	2,407812E+3	3,806540E-1	2,407812E+3	-2,461935E-1	2,407812E+3	3,944994E-1
2,409375E+3	-6,743451E-1	2,409375E+3	3,896867E-1	2,409375E+3	-6,738511E-1	2,409375E+3	6,654537E-1	2,409375E+3	-7,438674E-1	2,409375E+3	3,840642E-1	2,409375E+3	-2,539035E-1	2,409375E+3	3,927634E-1
2,410937E+3	-6,706471E-1	2,410937E+3	3,906989E-1	2,410937E+3	-6,920475E-1	2,410937E+3	6,468596E-1	2,410937E+3	-7,427681E-1	2,410937E+3	3,884416E-1	2,410937E+3	-2,611915E-1	2,410937E+3	3,910180E-1
2,412500E+3	-6,667195E-1	2,412500E+3	3,922438E-1	2,412500E+3	-7,098356E-1	2,412500E+3	6,276678E-1	2,412500E+3	-7,415337E-1	2,412500E+3	3,935557E-1	2,412500E+3	-2,686052E-1	2,412500E+3	3,892814E-1
2,414062E+3	-6,622046E-1	2,414062E+3	3,942102E-1	2,414062E+3	-7,264378E-1	2,414062E+3	6,091051E-1	2,414062E+3	-7,424264E-1	2,414062E+3	3,940642E-1	2,414062E+3	-2,753432E-1	2,414062E+3	3,880078E-1
2,415625E+3	-6,574256E-1	2,415625E+3	3,967329E-1	2,415625E+3	-7,426433E-1	2,415625E+3	5,900139E-1	2,415625E+3	-7,432674E-1	2,415625E+3	3,950912E-1	2,415625E+3	-2,822310E-1	2,415625E+3	3,867828E-1
2,417187E+3	-6,466860E-1	2,417187E+3	4,056596E-1	2,417187E+3	-7,568403E-1	2,417187E+3	5,700046E-1	2,417187E+3	-7,419161E-1	2,417187E+3	4,011488E-1	2,417187E+3	-2,885989E-1	2,417187E+3	3,860020E-1
2,418750E+3	-6,351848E-1	2,418750E+3	4,153058E-1	2,418750E+3	-7,706553E-1	2,418750E+3	5,496796E-1	2,418750E+3	-7,404020E-1	2,418750E+3	4,079166E-1	2,418750E+3	-2,951415E-1	2,418750E+3	3,853015E-1
2,420312E+3	-6,299132E-1	2,420312E+3	4,159836E-1	2,420312E+3	-6,587556E-1	2,420312E+3	6,823963E-1	2,420312E+3	-7,343684E-1	2,420312E+3	4,227675E-1	2,420312E+3	-3,011198E-1	2,420312E+3	3,854316E-1
2,421875E+3	-6,243365E-1	2,421875E+3	4,170795E-1	2,421875E+3	-5,058487E-1	2,421875E+3	8,056381E-1	2,421875E+3	-7,277168E-1	2,421875E+3	4,386492E-1	2,421875E+3	-3,073113E-1	2,421875E+3	3,856874E-1
2,423437E+3	-6,246557E-1	2,423437E+3	4,106728E-1	2,423437E+3	-5,124823E-1	2,423437E+3	8,037946E-1	2,423437E+3	-7,309826E-1	2,423437E+3	4,285973E-1	2,423437E+3	-3,130973E-1	2,423437E+3	3,864428E-1
2,425000E+3	-6,248904E-1	2,425000E+3	4,042692E-1	2,425000E+3	-5,191882E-1	2,425000E+3	8,020406E-1	2,425000E+3	-7,340428E-1	2,425000E+3	4,198938E-1	2,425000E+3	-3,191146E-1	2,425000E+3	3,873456E-1
2,426562E+3	-6,432008E-1	2,426562E+3	3,921750E-1	2,426562E+3	-5,800683E-1	2,426562E+3	7,589538E-1	2,426562E+3	-7,366537E-1	2,426562E+3	4,179974E-1	2,426562E+3	-3,266098E-1	2,426562E+3	3,891217E-1
2,428125E+3	-6,564816E-1	2,428125E+3	3,799003E-1	2,428125E+3	-6,167508E-1	2,428125E+3	7,260766E-1	2,428125E+3	-7,393359E-1	2,428125E+3	4,163010E-1	2,428125E+3	-3,341331E-1	2,428125E+3	3,902562E-1
2,429687E+3	-6,551737E-1	2,429687E+3	3,760858E-1	2,429687E+3	-6,276612E-1	2,429687E+3	7,176079E-1	2,429687E+3	-7,413399E-1	2,429687E+3	4,149717E-1	2,429687E+3	-3,398263E-1	2,429687E+3	3,905028E-1
2,431250E+3	-6,538924E-1	2,431250E+3	3,723733E-1	2,431250E+3	-6,385678E-1	2,431250E+3	7,089737E-1	2,431250E+3	-7,434235E-1	2,431250E+3	4,138432E-1	2,431250E+3	-3,457499E-1	2,431250E+3	3,908488E-1
2,432812E+3	-6,525730E-1	2,432812E+3	3,684056E-1	2,432812E+3	-6,503974E-1	2,432812E+3	6,987781E-1	2,432812E+3	-7,465137E-1	2,432812E+3	4,107908E-1	2,432812E+3	-3,519464E-1	2,432812E+3	3,899092E-1
2,434375E+3	-6,512905E-1	2,434375E+3	3,645389E-1	2,434375E+3	-6,621832E-1	2,434375E+3	6,883553E-1	2,434375E+3	-7,496974E-1	2,434375E+3	4,078515E-1	2,434375E+3	-3,583422E-1	2,434375E+3	3,890121E-1
2,435937E+3	-6,511141E-1	2,435937E+3	3,589227E-1	2,435937E+3	-6,742890E-1	2,435937E+3	6,761524E-1	2,435937E+3	-7,142105E-1	2,435937E+3	4,706727E-1	2,435937E+3	-3,676605E-1	2,435937E+3	3,955590E-1
2,437500E+3	-6,509891E-1	2,437500E+3	3,533451E-1	2,437500E+3	-6,862882E-1	2,437500E+3	6,636884E-1	2,437500E+3	-6,707465E-1	2,437500E+3	5,352637E-1	2,437500E+3	-3,764506E-1	2,437500E+3	3,965062E-1
2,439062E+3	-6,515989E-1	2,439062E+3	3,461186E-1	2,439062E+3	-6,990337E-1	2,439062E+3	6,511104E-1	2,439062E+3	-6,865691E-1	2,439062E+3	5,169810E-1	2,439062E+3	-3,825406E-1	2,439062E+3	3,949376E-1
2,440625E+3	-6,522650E-1	2,440625E+3	3,388806E-1	2,440625E+3	-7,116711E-1	2,440625E+3	6,382180E-1	2,440625E+3	-7,019936E-1	2,440625E+3	4,981249E-1	2,440625E+3	-3,888279E-1	2,440625E+3	3,933237E-1
2,442187E+3	-6,548309E-1	2,442187E+3	3,292447E-1	2,442187E+3	-7,243476E-1	2,442187E+3	6,241358E-1	2,442187E+3	-7,161527E-1	2,442187E+3	4,805551E-1	2,442187E+3	-3,941964E-1	2,442187E+3	3,930505E-1
2,443750E+3	-6,574320E-1	2,443750E+3	3,194811E-1	2,443750E+3	-7,368650E-1	2,443750E+3	6,097180E-1	2,443750E+3	-7,299772E-1	2,443750E+3	4,624891E-1	2,443750E+3	-3,998237E-1	2,443750E+3	3,927597E-1
2,445312E+3	-6,611639E-1	2,445312E+3	3,078648E-1	2,445312E+3	-7,496713E-1	2,445312E+3	5,949132E-1	2,445312E+3	-7,425696E-1	2,445312E+3	4,456468E-1	2,445312E+3	-4,039716E-1	2,445312E+3	3,944345E-1
2,446875E+3	-6,648885E-1	2,446875E+3	2,960427E-1	2,446875E+3	-7,622983E-1	2,446875E+3	5,797345E-1	2,446875E+3	-7,548772E-1	2,446875E+3	4,283550E-1	2,446875E+3	-4,084558E-1	2,446875E+3	3,961429E-1
2,448437E+3	-6,695781E-1	2,448437E+3	2,841469E-1	2,448437E+3	-7,747961E-1	2,448437E+3	5,631708E-1	2,448437E+3	-7,659389E-1	2,448437E+3	4,113231E-1	2,448437E+3	-4,134138E-1	2,448437E+3	3,957966E-1
2,450000E+3	-6,742444E-1	2,450000E+3	2,719613E-1	2,450000E+3	-7,870449E-1	2,450000E+3	5,462243E-1	2,450000E+3	-7,767036E-1	2,450000E+3	3,938854E-1	2,450000E+3	-4,186688E-1	2,450000E+3	3,954095E-1
2,451562E+3	-6,785116E-1	2,451562E+3	2,609373E-1	2,451562E+3	-7,997623E-1	2,451562E+3	5,294151E-1	2,451562E+3	-7,864571E-1	2,451562E+3	3,778587E-1	2,451562E+3	-4,253948E-1	2,451562E+3	3,922256E-1
2,453125E+3	-6,828005E-1	2,453125E+3	2,495564E-1	2,453125E+3	-8,122239E-1	2,453125E+3	5,121620E-1	2,453125E+3	-7,959769E-1	2,453125E+3	3,614436E-1	2,453125E+3	-4,323216E-1	2,453125E+3	3,888965E-1
2,454687E+3	-6,864773E-1	2,454687E+3	2,404095E-1	2,454687E+3	-7,542742E-1	2,454687E+3	6,104059E-1	2,454687E+3	-8,041892E-1	2,454687E+3	3,462725E-1	2,454687E+3	-4,396666E-1	2,454687E+3	3,843781E-1
2,456250E+3	-6,902627E-1	2,456250E+3	2,307520E-1	2,456250E+3	-6,806760E-1	2,456250E+3	7,086118E-1	2,456250E+3	-8,122461E-1	2,456250E+3	3,307096E-1	2,456250E+3	-4,471635E-1	2,456250E+3	3,796673E-1
2,457812E+3	-6,850773E-1	2,457812E+3	3,221929E-1	2,457812E+3	-7,024300E-1	2,457812E+3	6,890061E-1	2,457812E+3	-7,440891E-1	2,457812E+3	4,373012E-1	2,457812E+3	-4,538681E-1	2,457812E+3	3,758901E-1
2,459375E+3	-6,952545E-1	2,459375E+3	3,275228E-1	2,459375E+3	-7,236270E-1	2,459375E+3	6,686836E-1	2,459375E+3	-7,206420E-1	2,459375E+3	4,919683E-1	2,459375E+3	-4,607855E-1	2,459375E+3	3,719422E-1
2,460937E+3	-6,806230E-1	2,460937E+3	3,478549E-1	2,460937E+3	-7,440764E-1	2,460937E+3	6,483443E-1	2,460937E+3	-7,307550E-1	2,460937E+3	4,763824E-1	2,460937E+3	-4,598397E-1	2,460937E+3	3,822645E-1
2,462500E+3	-6,662133E-1	2,462500E+3	3,681837E-1	2,462500E+3	-7,639382E-1	2,462500E+3	6,273463E-1	2,462500E+3	-7,407167E-1	2,462500E+3	4,606845E-1	2,462500E+3	-4,643233E-1	2,462500E+3	3,892969E-1
2,464062E+3	-6,691056E-1	2,464062E+3	3,563897E-1	2,464062E+3	-7,614557E-1	2,464062E+3	5,826927E-1	2,464062E+3	-7,499641E-1	2,464062E+3	4,451189E-1	2,464062E+3	-4,707640E-1	2,464062E+3	3,854035E-1
2,465625E+3	-6,721465E-1	2,465625E+3	3,443596E-1	2,465625E+3	-7,722610E-1	2,465625E+3	5,678820E-1	2,465625E+3	-7,590956E-1	2,465625E+3	4,294832E-1	2,465625E+3	-4,796106E-1	2,465625E+3	3,821840E-1
2,467187E+3	-6,759373E-1	2,467187E+3	3,315910E-1	2,467187E+3	-7,849707E-1	2,467187E+3	5,500905E-1	2,467187E+3	-7,677079E-1	2,467187E+3	4,140167E-1	2,467187E+3	-4,868811E-1	2,467187E+3	3,767074E-1
2,468750E+3	-6,798452E-1	2,468750E+3	3,185160E-1	2,468750E+3	-7,974659E-1	2,468750E+3	5,322787E-1	2,468750E+3	-7,762607E-1	2,468750E+3	3,985144E-1	2,468750E+3	-4,950231E-1	2,468750E+3	3,722181E-1
2,470312E+3	-6,839147E-1	2,470312E+3	3,051240E-1	2,470312E+3	-8,124605E-1	2,470312E+3	5,252224E-1	2,470312E+3	-7,844467E-1	2,470312E+3	3,824715E-1	2,470312E+3	-5,013223E-1	2,470312E+3	3,686164E-1
2,471875E+3	-6,880827E-1	2,471875E+3	2,913843E-1	2,471875E+3	-8,276311E-1	2,471875E+3	5,176679E-1	2,471875E+3	-7,925322E-1	2,471875E+3	3,664015E-1	2,471875E+3	-5,081757E-1	2,471875E+3	3,660861E-1
2,473437E+3	-6,923906E-1	2,473437E+3	2,777140E-1	2,473437E+3	-8,391266E-1	2,473437E+3	4,987156E-1	2,473437E+3	-8,003986E-1	2,473437E+3	3,496254E-1	2,473437E+3	-5,139237E-1	2,473437E+3	3,642225E-1
2,475000E+3	-6,967841E-1	2,475000E+3	2,636008E-1	2,475000E+3	-8,503112E-1	2,475000E+3	4,797594E-1	2,475000E+3	-8,081627E-1	2,475000E+3	3,328364E-1	2,475000E+3	-5,201533E-1	2,475000E+3	3,631053E-1
2,476562E+3	-7,011508E-1	2,476562E+3	2,490092E-1	2,476562E+3	-8,584203E-1	2,476562E+3	4,605287E-1	2,476562E+3	-8,183353E-1	2,476562E+3	3,301117E-1	2,476562E+3	-5,269743E-1	2,476562E+3	3,584161E-1
2,478125E+3	-7,055365E-1	2,478125E+3	2,339548E-1	2,478125E+3	-8,658815E-1	2,478125E+3	4,424189E-1	2,478125E+3	-8,290406E-1	2,478125E+3	3,267748E-1	2,478125E+3	-5,340292E-1	2,478125E+3	3,542531E-1
2,479687E+3	-7,096128E-1	2,479687E+3	2,188688E-1	2,479687E+3	-8,659082E-1	2,479687E+3	4,309325E-1	2,479687E+3	-8,371017E-1	2,479687E+3	3,084671E-1	2,479687E+3	-5,409550E-1	2,479687E+3	3,486603E-1
2,481250E+3	-7,136633E-1	2,481250E+3	2,033010E-1	2,481250E+3	-8,650100E-1	2,481250E+3	4,279448E-1	2,481250E+3	-8,450176E-1	2,481250E+3	2,900096E-1	2,481250E+3	-5,479857E-1	2,481250E+3	3,435600E-1
2,482812E+3	-7,174247E-1	2,482812E+3	1,875297E-1	2,482812E+3	-8,685850E-1	2,482812E+3	4,168444E-1	2,482812E+3	-8,528293E-1	2,482812E+3	2,708462E-1	2,482812E+3	-5,505343E-1	2,482812E+3	3,585221E-1
2,484375E+3	-7,211194E-1	2,484375E+3	1,712417E-1	2,484375E+3	-8,717760E-1	2,484375E+3	4,088976E-1	2,484375E+3	-8,604605E-1	2,484375E+3	2,514237E-1	2,484375E+3	-5,542800E-1	2,484375E+3	3,729334E-1
2,485937E+3	-6,593783E-1	2,485937E+3	1,965872E-1	2,485937E+3	-8,733013E-1	2,485937E+3	4,002268E-1	2,485937E+3	-8,679086E-1	2,485937E+3	2,305975E-1	2,485937E+3	-5,607247E-1	2,485937E+3	3,681021E-1
2,487500E+3	-6,988595E-1	2,487500E+3	2,437201E-1	2,487500E+3	-8,741568E-1	2,487500E+3	3,946195E-1	2,487500E+3	-8,750653E-1	2,487500E+3	2,093820E-1	2,487500E+3	-5,673082E-1	2,487500E+3	3,635912E-1
2,489062E+3	-6,959497E-1	2,489062E+3	2,410626E-1	2,489062E+3	-8,741687E-1	2,489062E+3	3,893528E-1	2,489062E+3	-8,597543E-1	2,489062E+3	2,136315E-1	2,489062E+3	-5,738732E-1	2,489062E+3	3,580769E-1
2,490625E+3	-6,952192E-1	2,490625E+3	2,420401E-1	2,490625E+3	-8,735216E-1	2,490625E+3	3,866900E-1	2,490625E+3	-8,456472E-1	2,490625E+3	2,519582E-1	2,490625E+3	-5,804680E-1	2,490625E+3	3,529903E-1
2,492187E+3	-6,924286E-1	2,492187E+3	2,418054E-1	2,492187E+3	-8,759692E-1	2,492187E+3	3,814388E-1	2,492187E+3	-8,467561E-1	2,492187E+3	2,461209E-1	2,492187E+3	-5,868015E-1	2,492187E+3	3,470300E-1
2,493750E+3	-6,914924E-1	2,493750E+3	2,456808E-1	2,493750E+3	-8,782705E-1	2,493750E+3	3,768238E-1	2,493750E+3	-8,479714E-1	2,493750E+3	2,424621E-1	2,493750E+3	-5,931190E-1	2,493750E+3	3,413889E-1
2,495312E+3	-6,887987E-1	2,495312E+3	2,469107E-1	2,495312E+3	-8,816862E-1	2,495312E+3	3,690827E-1	2,495312E+3	-8,487608E-1	2,495312E+3	2,376815E-1	2,495312E+3	-5,995390E-1	2,495312E+3	3,345841E-1
2,496875E+3	-6,875013E-1	2,496875E+3	2,516700E-1	2,496875E+3	-8,850500E-1	2,496875E+3	3,616440E-1	2,496875E+3	-8,495510E-1	2,496875E+3	2,346468E-1	2,496875E+3	-6,059392E-1	2,496875E+3	3,279325E-1
2,498437E+3	-6,843183E-1	2,498437E+3	2,516086E-1	2,498437E+3	-8,893450E-1	2,498437E+3	3,510341E-1	2,498437E+3	-8,494436E-1	2,498437E+3	2,316878E-1	2,498437E+3	-6,060167E-1	2,498437E+3	3,536972E-1
2,500000E+3	-6,819076E-1	2,500000E+3	2,539462E-1	2,500000E+3	-8,935080E-1	2,500000E+3	3,408038E-1	2,500000E+3	-8,492953E-1	2,500000E+3	2,303822E-1	2,500000E+3	-6,073674E-1	2,500000E+3	3,887885E-1
2,501562E+3	-6,791741E-1	2,501562E+3	2,516000E-1	2,501562E+3	-8,974782E-1	2,501562E+3	3,290982E-1	2,501562E+3	-8,495033E-1	2,501562E+3	2,270694E-1	2,501562E+3	-6,123849E-1	2,501562E+3	3,858541E-1
2,503125E+3	-6,770216E-1	2,503125E+3	2,506869E-1	2,503125E+3	-9,012673E-1	2,503125E+3	3,178141E-1	2,503125E+3	-8,497004E-1	2,503125E+3	2,249788E-1	2,503125E+3	-6,174816E-1	2,503125E+3	3,829902E-1
2,504687E+3	-6,742707E-1	2,504687E+3	2,475213E-1	2,504687E+3	-8,819468E-1	2,504687E+3	3,717704E-1	2,504687E+3	-8,508743E-1	2,504687E+3	2,189700E-1	2,504687E+3	-6,216311E-1	2,504687E+3	3,816401E-1
2,506250E+3	-6,721361E-1	2,506250E+3	2,454711E-1	2,506250E+3	-8,594340E-1	2,506250E+3	4,420925E-1	2,506250E+3	-8,520503E-1	2,506250E+3	2,136534E-1	2,506250E+3	-6,259273E-1	2,506250E+3	3,803934E-1
2,507812E+3	-6,686456E-1	2,507812E+3	2,431558E-1	2,507812E+3	-8,617932E-1	2,507812E+3	4,358623E-1	2,507812E+3	-8,437831E-1	2,507812E+3	2,649909E-1	2,507812E+3	-6,299434E-1	2,507812E+3	3,793404E-1
2,509375E+3	-6,659459E-1	2,509375E+3	2,421539E-1	2,509375E+3	-8,639819E-1	2,509375E+3	4,299950E-1	2,509375E+3	-8,356150E-1	2,509375E+3	3,289377E-1	2,509375E+3	-6,341419E-1	2,509375E+3	3,783737E-1
2,510937E+3	-6,612195E-1	2,510937E+3	2,411906E-1	2,510937E+3	-8,666392E-1	2,510937E+3	4,228527E-1	2,510937E+3	-8,356144E-1	2,510937E+3	3,275072E-1	2,510937E+3	-6,384615E-1	2,510937E+3	3,765870E-1
2,512500E+3	-6,573086E-1	2,512500E+3	2,419204E-1	2,512500E+3	-8,691427E-1	2,512500E+3	4,159953E-1	2,512500E+3	-8,355930E-1	2,512500E+3	3,264693E-1	2,512500E+3	-6,429839E-1	2,512500E+3	3,748224E-1
2,514062E+3	-6,522881E-1	2,514062E+3	2,409811E-1	2,514062E+3	-8,713871E-1	2,514062E+3	4,092155E-1	2,514062E+3	-8,347311E-1	2,514062E+3	3,270692E-1	2,514062E+3	-6,470852E-1	2,514062E+3	3,721996E-1
2,515625E+3	-6,480812E-1	2,515625E+3	2,418028E-1	2,515625E+3	-8,735011E-1	2,515625E+3	4,027393E-1	2,515625E+3	-8,338991E-1	2,515625E+3	3,280277E-1	2,515625E+3	-6,513001E-1	2,515625E+3	3,696596E-1
2,517187E+3	-6,253571E-1	2,517187E+3	2,986863E-1	2,517187E+3	-8,752923E-1	2,517187E+3	3,964745E-1	2,517187E+3	-8,326889E-1	2,517187E+3	3,294077E-1	2,517187E+3	-6,551800E-1	2,517187E+3	3,666727E-1
2,518750E+3	-6,040058E-1	2,518750E+3	3,641673E-1	2,518750E+3	-8,769768E-1	2,518750E+3	3,905196E-1	2,518750E+3	-8,315899E-1	2,518750E+3	3,309888E-1	2,518750E+3	-6,591059E-1	2,518750E+3	3,638328E-1
2,520312E+3	-6,001741E-1	2,520312E+3	3,616249E-1	2,520312E+3	-8,782226E-1	2,520312E+3	3,853249E-1	2,520312E+3	-8,313393E-1	2,520312E+3	3,310481E-1	2,520312E+3	-6,626804E-1	2,520312E+3	3,611853E-1
2,521875E+3	-5,968597E-1	2,521875E+3	3,600015E-1	2,521875E+3	-8,793896E-1	2,521875E+3	3,804485E-1	2,521875E+3	-8,313308E-1	2,521875E+3	3,310843E-1	2,521875E+3	-6,662781E-1	2,521875E+3	3,587272E-1
2,523437E+3	-5,943988E-1	2,523437E+3	3,554372E-1	2,523437E+3	-8,794985E-1	2,523437E+3	3,769612E-1	2,523437E+3	-8,315256E-1	2,523437E+3	3,300104E-1	2,523437E+3	-6,704627E-1	2,523437E+3	3,553592E-1
2,525000E+3	-5,923902E-1	2,525000E+3	3,517889E-1	2,525000E+3	-8,795579E-1	2,525000E+3	3,738425E-1	2,525000E+3	-8,320037E-1	2,525000E+3	3,288671E-1	2,525000E+3	-6,746805E-1	2,525000E+3	3,521229E-1
2,526562E+3	-5,886155E-1	2,526562E+3	3,468355E-1	2,526562E+3	-8,795263E-1	2,526562E+3	3,704654E-1	2,526562E+3	-8,320347E-1	2,526562E+3	3,275565E-1	2,526562E+3	-6,790905E-1	2,526562E+3	3,484284E-1
2,528125E+3	-5,854076E-1	2,528125E+3	3,433982E-1	2,528125E+3	-8,794653E-1	2,528125E+3	3,674198E-1	2,528125E+3	-8,323815E-1	2,528125E+3	3,261686E-1	2,528125E+3	-6,835413E-1	2,528125E+3	3,448286E-1
2,529687E+3	-5,806311E-1	2,529687E+3	3,373377E-1	2,529687E+3	-8,151296E-1	2,529687E+3	4,624087E-1	2,529687E+3	-8,320953E-1	2,529687E+3	3,252646E-1	2,529687E+3	-6,875352E-1	2,529687E+3	3,411076E-1
2,531250E+3	-5,759668E-1	2,531250E+3	3,338339E-1	2,531250E+3	-8,295507E-1	2,531250E+3	4,874393E-1	2,531250E+3	-8,321946E-1	2,531250E+3	3,242574E-1	2,531250E+3	-6,915647E-1	2,531250E+3	3,374875E-1
2,532812E+3	-5,735077E-1	2,532812E+3	3,286689E-1	2,532812E+3	-8,312692E-1	2,532812E+3	4,831651E-1	2,532812E+3	-8,284569E-1	2,532812E+3	3,307314E-1	2,532812E+3	-6,951063E-1	2,532812E+3	3,337548E-1
2,534375E+3	-5,707646E-1	2,534375E+3	3,248687E-1	2,534375E+3	-8,330847E-1	2,534375E+3	4,791312E-1	2,534375E+3	-8,271103E-1	2,534375E+3	3,356953E-1	2,534375E+3	-6,986816E-1	2,534375E+3	3,301262E-1
2,535937E+3	-5,682603E-1	2,535937E+3	3,215347E-1	2,535937E+3	-8,359975E-1	2,535937E+3	4,729381E-1	2,535937E+3	-8,222212E-1	2,535937E+3	3,420482E-1	2,535937E+3	-7,012646E-1	2,535937E+3	3,277398E-1
2,537500E+3	-5,655353E-1	2,537500E+3	3,191233E-1	2,537500E+3	-8,390114E-1	2,537500E+3	4,669434E-1	2,537500E+3	-8,213976E-1	2,537500E+3	3,471870E-1	2,537500E+3	-7,038973E-1	2,537500E+3	3,254974E-1
2,539062E+3	-5,628407E-1	2,539062E+3	3,158390E-1	2,539062E+3	-8,416609E-1	2,539062E+3	4,609976E-1	2,539062E+3	-8,206735E-1	2,539062E+3	3,456923E-1	2,539062E+3	-7,055397E-1	2,539062E+3	3,247609E-1
2,540625E+3	-5,599079E-1	2,540625E+3	3,133065E-1	2,540625E+3	-8,444036E-1	2,540625E+3	4,552777E-1	2,540625E+3	-8,204560E-1	2,540625E+3	3,444109E-1	2,540625E+3	-7,072623E-1	2,540625E+3	3,241848E-1
2,542187E+3	-5,577129E-1	2,542187E+3	3,088156E-1	2,542187E+3	-8,464385E-1	2,542187E+3	4,508281E-1	2,542187E+3	-8,201735E-1	2,542187E+3	3,419771E-1	2,542187E+3	-7,094155E-1	2,542187E+3	3,222197E-1
2,543750E+3	-5,551433E-1	2,543750E+3	3,050009E-1	2,543750E+3	-8,486198E-1	2,543750E+3	4,466324E-1	2,543750E+3	-8,202646E-1	2,543750E+3	3,397697E-1	2,543750E+3	-7,116355E-1	2,543750E+3	3,203641E-1
2,545312E+3	-5,533985E-1	2,545312E+3	2,991354E-1	2,545312E+3	-8,485954E-1	2,545312E+3	4,456613E-1	2,545312E+3	-8,199691E-1	2,545312E+3	3,373566E-1	2,545312E+3	-7,055787E-1	2,545312E+3	3,371255E-1
2,546875E+3	-5,510296E-1	2,546875E+3	2,938848E-1	2,546875E+3	-8,487315E-1	2,546875E+3	4,449558E-1	2,546875E+3	-8,200260E-1	2,546875E+3	3,351889E-1	2,546875E+3	-7,074330E-1	2,546875E+3	3,499507E-1
2,548437E+3	-5,483845E-1	2,548437E+3	2,863122E-1	2,548437E+3	-8,479724E-1	2,548437E+3	4,444594E-1	2,548437E+3	-8,185053E-1	2,548437E+3	3,355665E-1	2,548437E+3	-7,098027E-1	2,548437E+3	3,480643E-1
2,550000E+3	-5,441779E-1	2,550000E+3	2,793846E-1	2,550000E+3	-8,473835E-1	2,550000E+3	4,442138E-1	2,550000E+3	-8,173576E-1	2,550000E+3	3,362209E-1	2,550000E+3	-7,126458E-1	2,550000E+3	3,461646E-1
2,551562E+3	-5,429806E-1	2,551562E+3	2,731527E-1	2,551562E+3	-8,479799E-1	2,551562E+3	4,406674E-1	2,551562E+3	-8,150847E-1	2,551562E+3	3,383311E-1	2,551562E+3	-7,153670E-1	2,551562E+3	3,440642E-1
2,553125E+3	-5,411527E-1	2,553125E+3	2,671723E-1	2,553125E+3	-8,486673E-1	2,553125E+3	4,373474E-1	2,553125E+3	-8,132291E-1	2,553125E+3	3,407680E-1	2,553125E+3	-7,185209E-1	2,553125E+3	3,419582E-1
2,554687E+3	-5,399798E-1	2,554687E+3	2,624030E-1	2,554687E+3	-8,498640E-1	2,554687E+3	4,327853E-1	2,554687E+3	-8,123086E-1	2,554687E+3	3,402697E-1	2,554687E+3	-7,207533E-1	2,554687E+3	3,406638E-1
2,556250E+3	-5,386127E-1	2,556250E+3	2,578599E-1	2,556250E+3	-8,511310E-1	2,556250E+3	4,284208E-1	2,556250E+3	-8,118043E-1	2,556250E+3	3,402320E-1	2,556250E+3	-7,235699E-1	2,556250E+3	3,393856E-1
2,557812E+3	-5,369408E-1	2,557812E+3	2,535292E-1	2,557812E+3	-8,519884E-1	2,557812E+3	4,247017E-1	2,557812E+3	-8,051494E-1	2,557812E+3	3,418631E-1	2,557812E+3	-7,225637E-1	2,557812E+3	3,434977E-1
2,559375E+3	-5,351772E-1	2,559375E+3	2,494297E-1	2,559375E+3	-8,529177E-1	2,559375E+3	4,211306E-1	2,559375E+3	-8,006842E-1	2,559375E+3	3,604578E-1	2,559375E+3	-7,238392E-1	2,559375E+3	3,482655E-1
2,560937E+3	-5,341515E-1	2,560937E+3	2,445780E-1	2,560937E+3	-8,516113E-1	2,560937E+3	4,214255E-1	2,560937E+3	-8,002148E-1	2,560937E+3	3,583921E-1	2,560937E+3	-7,207641E-1	2,560937E+3	3,536394E-1
2,562500E+3	-5,330371E-1	2,562500E+3	2,399158E-1	2,562500E+3	-8,504701E-1	2,562500E+3	4,217807E-1	2,562500E+3	-7,997957E-1	2,562500E+3	3,564783E-1	2,562500E+3	-7,203505E-1	2,562500E+3	3,614316E-1
2,564062E+3	-5,328916E-1	2,564062E+3	2,337409E-1	2,564062E+3	-8,431799E-1	2,564062E+3	4,300854E-1	2,564062E+3	-7,984994E-1	2,564062E+3	3,557516E-1	2,564062E+3	-7,205202E-1	2,564062E+3	3,620754E-1
2,565625E+3	-5,325233E-1	2,565625E+3	2,276841E-1	2,565625E+3	-8,335878E-1	2,565625E+3	4,601886E-1	2,565625E+3	-7,973057E-1	2,565625E+3	3,551358E-1	2,565625E+3	-7,212672E-1	2,565625E+3	3,635643E-1
2,567187E+3	-5,319933E-1	2,567187E+3	2,212208E-1	2,567187E+3	-8,342240E-1	2,567187E+3	4,574180E-1	2,567187E+3	-7,960070E-1	2,567187E+3	3,544973E-1	2,567187E+3	-7,213538E-1	2,567187E+3	3,637918E-1
2,568750E+3	-5,311474E-1	2,568750E+3	2,148204E-1	2,568750E+3	-8,349097E-1	2,568750E+3	4,547449E-1	2,568750E+3	-7,948247E-1	2,568750E+3	3,539431E-1	2,568750E+3	-7,218584E-1	2,568750E+3	3,651964E-1
2,570312E+3	-5,303918E-1	2,570312E+3	2,097740E-1	2,570312E+3	-8,354665E-1	2,570312E+3	4,522792E-1	2,570312E+3	-7,932925E-1	2,570312E+3	3,537172E-1	2,570312E+3	-7,190993E-1	2,570312E+3	3,698131E-1
2,571875E+3	-5,295104E-1	2,571875E+3	2,048552E-1	2,571875E+3	-8,360580E-1	2,571875E+3	4,499579E-1	2,571875E+3	-7,918635E-1	2,571875E+3	3,536097E-1	2,571875E+3	-7,166905E-1	2,571875E+3	3,780450E-1
2,573437E+3	-5,292297E-1	2,573437E+3	1,845030E-1	2,573437E+3	-8,140209E-1	2,573437E+3	4,847945E-1	2,573437E+3	-7,897694E-1	2,573437E+3	3,548966E-1	2,573437E+3	-7,140565E-1	2,573437E+3	3,825086E-1
2,575000E+3	-5,226303E-1	2,575000E+3	1,582776E-1	2,575000E+3	-7,882631E-1	2,575000E+3	5,303027E-1	2,575000E+3	-7,875541E-1	2,575000E+3	3,568076E-1	2,575000E+3	-7,113853E-1	2,575000E+3	3,883838E-1
2,576562E+3	-5,236818E-1	2,576562E+3	1,526857E-1	2,576562E+3	-7,961444E-1	2,576562E+3	5,178652E-1	2,576562E+3	-7,857022E-1	2,576562E+3	3,539507E-1	2,576562E+3	-7,086816E-1	2,576562E+3	3,939148E-1
2,578125E+3	-5,246654E-1	2,578125E+3	1,471485E-1	2,578125E+3	-8,038185E-1	2,578125E+3	5,053363E-1	2,578125E+3	-7,817389E-1	2,578125E+3	3,528433E-1	2,578125E+3	-7,059566E-1	2,578125E+3	4,002252E-1
2,579687E+3	-5,254638E-1	2,579687E+3	1,418251E-1	2,579687E+3	-7,612378E-1	2,579687E+3	5,618147E-1	2,579687E+3	-7,802628E-1	2,579687E+3	3,509339E-1	2,579687E+3	-6,997345E-1	2,579687E+3	4,072604E-1
2,581250E+3	-5,262104E-1	2,581250E+3	1,365616E-1	2,581250E+3	-7,195321E-1	2,581250E+3	6,105800E-1	2,581250E+3	-7,788540E-1	2,581250E+3	3,490431E-1	2,581250E+3	-6,900020E-1	2,581250E+3	4,266384E-1
2,582812E+3	-5,268197E-1	2,582812E+3	1,315152E-1	2,582812E+3	-7,291046E-1	2,582812E+3	5,984815E-1	2,582812E+3	-7,601851E-1	2,582812E+3	3,745970E-1	2,582812E+3	-6,943945E-1	2,582812E+3	4,203592E-1
2,584375E+3	-5,273973E-1	2,584375E+3	1,265302E-1	2,584375E+3	-7,384534E-1	2,584375E+3	5,862860E-1	2,584375E+3	-7,422436E-1	2,584375E+3	3,981407E-1	2,584375E+3	-6,987194E-1	2,584375E+3	4,140850E-1
2,585937E+3	-5,287235E-1	2,585937E+3	1,205159E-1	2,585937E+3	-7,479223E-1	2,585937E+3	5,731596E-1	2,585937E+3	-7,452994E-1	2,585937E+3	3,899674E-1	2,585937E+3	-7,044158E-1	2,585937E+3	4,056532E-1
2,587500E+3	-5,299834E-1	2,587500E+3	1,145338E-1	2,587500E+3	-7,571465E-1	2,587500E+3	5,599027E-1	2,587500E+3	-7,482853E-1	2,587500E+3	3,817720E-1	2,587500E+3	-7,100072E-1	2,587500E+3	3,971841E-1
2,589062E+3	-5,314502E-1	2,589062E+3	1,086326E-1	2,589062E+3	-7,668151E-1	2,589062E+3	5,459885E-1	2,589062E+3	-7,540025E-1	2,589062E+3	3,693305E-1	2,589062E+3	-7,151846E-1	2,589062E+3	3,882109E-1
2,590625E+3	-5,328575E-1	2,590625E+3	1,027577E-1	2,590625E+3	-7,762383E-1	2,590625E+3	5,318929E-1	2,590625E+3	-7,595202E-1	2,590625E+3	3,567752E-1	2,590625E+3	-7,202220E-1	2,590625E+3	3,791932E-1
2,592187E+3	-5,341332E-1	2,592187E+3	9,755544E-2	2,592187E+3	-7,857510E-1	2,592187E+3	5,172091E-1	2,592187E+3	-7,649530E-1	2,592187E+3	3,439824E-1	2,592187E+3	-6,784977E-1	2,592187E+3	4,375691E-1
2,593750E+3	-5,353775E-1	2,593750E+3	9,237930E-2	2,593750E+3	-7,950019E-1	2,593750E+3	5,023212E-1	2,593750E+3	-7,701794E-1	2,593750E+3	3,310919E-1	2,593750E+3	-6,377797E-1	2,593750E+3	4,878584E-1
2,595312E+3	-5,367439E-1	2,595312E+3	8,780860E-2	2,595312E+3	-8,041828E-1	2,595312E+3	4,871630E-1	2,595312E+3	-7,749770E-1	2,595312E+3	3,187783E-1	2,595312E+3	-6,455256E-1	2,595312E+3	4,775304E-1
2,596875E+3	-5,381033E-1	2,596875E+3	8,325065E-2	2,596875E+3	-8,130887E-1	2,596875E+3	4,717974E-1	2,596875E+3	-7,795901E-1	2,596875E+3	3,063823E-1	2,596875E+3	-6,531082E-1	2,596875E+3	4,670885E-1
2,598437E+3	-5,395793E-1	2,598437E+3	7,877810E-2	2,598437E+3	-8,220639E-1	2,598437E+3	4,559360E-1	2,598437E+3	-7,234703E-1	2,598437E+3	3,805988E-1	2,598437E+3	-6,601648E-1	2,598437E+3	4,585376E-1
2,600000E+3	-5,410518E-1	2,600000E+3	7,430566E-2	2,600000E+3	-8,307406E-1	2,600000E+3	4,398680E-1	2,600000E+3	-6,714721E-1	2,600000E+3	4,403400E-1	2,600000E+3	-6,671463E-1	2,600000E+3	4,498834E-1
2,601562E+3	-5,427351E-1	2,601562E+3	6,921575E-2	2,601562E+3	-8,397763E-1	2,601562E+3	4,234064E-1	2,601562E+3	-6,797737E-1	2,601562E+3	4,264149E-1	2,601562E+3	-6,272888E-1	2,601562E+3	4,947083E-1
2,603125E+3	-5,443898E-1	2,603125E+3	6,411341E-2	2,603125E+3	-8,484928E-1	2,603125E+3	4,067211E-1	2,603125E+3	-6,877911E-1	2,603125E+3	4,122828E-1	2,603125E+3	-5,900057E-1	2,603125E+3	5,332331E-1
2,604687E+3	-5,459774E-1	2,604687E+3	6,000773E-2	2,604687E+3	-7,210778E-1	2,604687E+3	5,899227E-1	2,604687E+3	-6,957514E-1	2,604687E+3	3,979669E-1	2,604687E+3	-5,992149E-1	2,604687E+3	5,217562E-1
2,606250E+3	-5,475744E-1	2,606250E+3	5,588355E-2	2,606250E+3	-6,016212E-1	2,606250E+3	7,065809E-1	2,606250E+3	-7,034250E-1	2,606250E+3	3,834324E-1	2,606250E+3	-6,081900E-1	2,606250E+3	5,100535E-1
2,607812E+3	-5,489098E-1	2,607812E+3	5,268357E-2	2,607812E+3	-6,115096E-1	2,607812E+3	6,990144E-1	2,607812E+3	-7,108414E-1	2,607812E+3	3,693229E-1	2,607812E+3	-6,025218E-1	2,607812E+3	5,275901E-1
2,609375E+3	-5,502892E-1	2,609375E+3	4,945569E-2	2,609375E+3	-6,213796E-1	2,609375E+3	6,912839E-1	2,609375E+3	-7,179857E-1	2,609375E+3	3,550291E-1	2,609375E+3	-5,974086E-1	2,609375E+3	5,437459E-1
2,610937E+3	-5,519195E-1	2,610937E+3	4,433227E-2	2,610937E+3	-6,305051E-1	2,610937E+3	6,830100E-1	2,610937E+3	-7,247018E-1	2,610937E+3	3,409821E-1	2,610937E+3	-6,007288E-1	2,610937E+3	5,392844E-1
2,612500E+3	-5,535197E-1	2,612500E+3	3,917911E-2	2,612500E+3	-6,396063E-1	2,612500E+3	6,745884E-1	2,612500E+3	-7,311466E-1	2,612500E+3	3,267986E-1	2,612500E+3	-6,042816E-1	2,612500E+3	5,347345E-1
2,614062E+3	-5,555795E-1	2,614062E+3	3,202080E-2	2,614062E+3	-6,482465E-1	2,614062E+3	6,662500E-1	2,614062E+3	-7,373090E-1	2,614062E+3	3,133174E-1	2,614062E+3	-6,030562E-1	2,614062E+3	5,340149E-1
2,615625E+3	-5,575284E-1	2,615625E+3	2,481325E-2	2,615625E+3	-6,568883E-1	2,615625E+3	6,577504E-1	2,615625E+3	-7,432251E-1	2,615625E+3	2,997210E-1	2,615625E+3	-6,023625E-1	2,615625E+3	5,331216E-1
2,617187E+3	-5,597084E-1	2,617187E+3	1,835904E-2	2,617187E+3	-6,652805E-1	2,617187E+3	6,492168E-1	2,617187E+3	-6,847084E-1	2,617187E+3	3,786201E-1	2,617187E+3	-5,977657E-1	2,617187E+3	5,352297E-1
2,618750E+3	-5,618068E-1	2,618750E+3	1,185023E-2	2,618750E+3	-6,736976E-1	2,618750E+3	6,405100E-1	2,618750E+3	-6,321589E-1	2,618750E+3	4,399050E-1	2,618750E+3	-5,940249E-1	2,618750E+3	5,369843E-1
2,620312E+3	-5,637169E-1	2,620312E+3	7,899367E-3	2,620312E+3	-6,811018E-1	2,620312E+3	6,322588E-1	2,620312E+3	-6,354876E-1	2,620312E+3	4,313623E-1	2,620312E+3	-5,935810E-1	2,620312E+3	5,352436E-1
2,621875E+3	-5,656385E-1	2,621875E+3	3,878743E-3	2,621875E+3	-6,885751E-1	2,621875E+3	6,238331E-1	2,621875E+3	-6,388651E-1	2,621875E+3	4,228112E-1	2,621875E+3	-5,937161E-1	2,621875E+3	5,333216E-1
2,623437E+3	-5,645918E-1	2,623437E+3	2,030382E-2	2,623437E+3	-6,948233E-1	2,623437E+3	6,157920E-1	2,623437E+3	-6,411383E-1	2,623437E+3	4,152451E-1	2,623437E+3	-5,964375E-1	2,623437E+3	5,292782E-1
2,625000E+3	-5,639487E-1	2,625000E+3	3,553801E-2	2,625000E+3	-7,012014E-1	2,625000E+3	6,075763E-1	2,625000E+3	-6,435531E-1	2,625000E+3	4,076750E-1	2,625000E+3	-5,995285E-1	2,625000E+3	5,250993E-1
2,626562E+3	-5,653869E-1	2,626562E+3	2,993621E-2	2,626562E+3	-7,031056E-1	2,626562E+3	6,036833E-1	2,626562E+3	-6,445621E-1	2,626562E+3	4,012059E-1	2,626562E+3	-6,036781E-1	2,626562E+3	5,199391E-1
2,628125E+3	-5,668064E-1	2,628125E+3	2,428845E-2	2,628125E+3	-7,054819E-1	2,628125E+3	5,994956E-1	2,628125E+3	-6,458204E-1	2,628125E+3	3,947306E-1	2,628125E+3	-6,081187E-1	2,628125E+3	5,146360E-1
2,629687E+3	-5,683686E-1	2,629687E+3	1,691881E-2	2,629687E+3	-7,023398E-1	2,629687E+3	6,002774E-1	2,629687E+3	-6,468671E-1	2,629687E+3	3,879495E-1	2,629687E+3	-6,122482E-1	2,629687E+3	5,095865E-1
2,631250E+3	-5,698360E-1	2,631250E+3	9,512325E-3	2,631250E+3	-7,001356E-1	2,631250E+3	6,005049E-1	2,631250E+3	-6,481603E-1	2,631250E+3	3,811678E-1	2,631250E+3	-6,167005E-1	2,631250E+3	5,043633E-1
2,632812E+3	-5,711149E-1	2,632812E+3	2,346574E-3	2,632812E+3	-7,013241E-1	2,632812E+3	5,972124E-1	2,632812E+3	-6,498717E-1	2,632812E+3	3,735911E-1	2,632812E+3	-6,442053E-1	2,632812E+3	4,706003E-1
2,634375E+3	-5,723038E-1	2,634375E+3	-4,849045E-3	2,634375E+3	-7,031171E-1	2,634375E+3	5,935706E-1	2,634375E+3	-6,517763E-1	2,634375E+3	3,660168E-1	2,634375E+3	-6,694198E-1	2,634375E+3	4,335453E-1
2,635937E+3	-5,708187E-1	2,635937E+3	5,705198E-3	2,635937E+3	-7,082012E-1	2,635937E+3	5,866010E-1	2,635937E+3	-6,539825E-1	2,635937E+3	3,577565E-1	2,635937E+3	-6,722495E-1	2,635937E+3	4,288266E-1
2,637500E+3	-5,698284E-1	2,637500E+3	1,549795E-2	2,637500E+3	-7,135986E-1	2,637500E+3	5,793567E-1	2,637500E+3	-6,563376E-1	2,637500E+3	3,495030E-1	2,637500E+3	-6,754679E-1	2,637500E+3	4,238770E-1
2,639062E+3	-5,699025E-1	2,639062E+3	1,318080E-2	2,639062E+3	-7,384503E-1	2,639062E+3	5,485069E-1	2,639062E+3	-6,582373E-1	2,639062E+3	3,412875E-1	2,639062E+3	-6,779366E-1	2,639062E+3	4,198126E-1
2,640625E+3	-5,701253E-1	2,640625E+3	1,076821E-2	2,640625E+3	-7,614242E-1	2,640625E+3	5,162243E-1	2,640625E+3	-6,603067E-1	2,640625E+3	3,330877E-1	2,640625E+3	-6,808445E-1	2,640625E+3	4,154649E-1
2,642187E+3	-5,714678E-1	2,642187E+3	1,878007E-2	2,642187E+3	-7,665957E-1	2,642187E+3	5,085516E-1	2,642187E+3	-6,620712E-1	2,642187E+3	3,245266E-1	2,642187E+3	-6,834188E-1	2,642187E+3	4,113695E-1
2,643750E+3	-5,731154E-1	2,643750E+3	2,614387E-2	2,643750E+3	-7,719864E-1	2,643750E+3	5,005607E-1	2,643750E+3	-6,639979E-1	2,643750E+3	3,160000E-1	2,643750E+3	-6,864331E-1	2,643750E+3	4,069652E-1
2,645312E+3	-5,739691E-1	2,645312E+3	2,073574E-2	2,645312E+3	-7,775278E-1	2,645312E+3	4,919695E-1	2,645312E+3	-6,656546E-1	2,645312E+3	3,069349E-1	2,645312E+3	-6,889982E-1	2,645312E+3	4,024772E-1
2,646875E+3	-5,748498E-1	2,646875E+3	1,528268E-2	2,646875E+3	-7,832340E-1	2,646875E+3	4,830752E-1	2,646875E+3	-6,674606E-1	2,646875E+3	2,979421E-1	2,646875E+3	-6,920025E-1	2,646875E+3	3,976805E-1
2,648437E+3	-5,747040E-1	2,648437E+3	1,228423E-2	2,648437E+3	-7,888766E-1	2,648437E+3	4,734487E-1	2,648437E+3	-6,664585E-1	2,648437E+3	2,927705E-1	2,648437E+3	-6,944899E-1	2,648437E+3	3,929426E-1
2,650000E+3	-5,747178E-1	2,650000E+3	9,201854E-3	2,650000E+3	-7,946373E-1	2,650000E+3	4,635487E-1	2,650000E+3	-6,659338E-1	2,650000E+3	2,875404E-1	2,650000E+3	-6,974245E-1	2,650000E+3	3,878912E-1
2,651562E+3	-5,742145E-1	2,651562E+3	5,852898E-3	2,651562E+3	-8,000987E-1	2,651562E+3	4,541372E-1	2,651562E+3	-6,793113E-1	2,651562E+3	2,623751E-1	2,651562E+3	-7,000190E-1	2,651562E+3	3,830221E-1
2,653125E+3	-5,738744E-1	2,653125E+3	2,455556E-3	2,653125E+3	-8,056860E-1	2,653125E+3	4,444216E-1	2,653125E+3	-6,899588E-1	2,653125E+3	2,367513E-1	2,653125E+3	-7,030575E-1	2,653125E+3	3,778224E-1
2,654687E+3	-5,735087E-1	2,654687E+3	-1,661768E-3	2,654687E+3	-8,109385E-1	2,654687E+3	4,340648E-1	2,654687E+3	-6,880338E-1	2,654687E+3	2,324839E-1	2,654687E+3	-7,057871E-1	2,654687E+3	3,723935E-1
2,656250E+3	-5,732727E-1	2,656250E+3	-5,805128E-3	2,656250E+3	-8,162880E-1	2,656250E+3	4,234413E-1	2,656250E+3	-6,866200E-1	2,656250E+3	2,281001E-1	2,656250E+3	-7,089385E-1	2,656250E+3	3,666455E-1
2,657812E+3	-5,724214E-1	2,657812E+3	-7,804375E-3	2,657812E+3	-8,210983E-1	2,657812E+3	4,134076E-1	2,657812E+3	-6,848695E-1	2,657812E+3	2,233011E-1	2,657812E+3	-7,113529E-1	2,657812E+3	3,609900E-1
2,659375E+3	-5,718073E-1	2,659375E+3	-9,932034E-3	2,659375E+3	-8,260300E-1	2,659375E+3	4,030793E-1	2,659375E+3	-6,836109E-1	2,659375E+3	2,184170E-1	2,659375E+3	-7,142139E-1	2,659375E+3	3,550198E-1
2,660937E+3	-5,706367E-1	2,660937E+3	-1,196457E-2	2,660937E+3	-8,301378E-1	2,660937E+3	3,933945E-1	2,660937E+3	-6,817333E-1	2,660937E+3	2,137108E-1	2,660937E+3	-7,162414E-1	2,660937E+3	3,497013E-1
2,662500E+3	-5,697191E-1	2,662500E+3	-1,412267E-2	2,662500E+3	-8,344139E-1	2,662500E+3	3,833916E-1	2,662500E+3	-6,803741E-1	2,662500E+3	2,089220E-1	2,662500E+3	-7,187686E-1	2,662500E+3	3,440364E-1
2,664062E+3	-5,719891E-1	2,664062E+3	-3,007309E-2	2,664062E+3	-8,379369E-1	2,664062E+3	3,740877E-1	2,664062E+3	-6,782869E-1	2,664062E+3	2,042701E-1	2,664062E+3	-7,203591E-1	2,664062E+3	3,390688E-1
2,665625E+3	-5,727706E-1	2,665625E+3	-4,583921E-2	2,665625E+3	-8,416691E-1	2,665625E+3	3,644351E-1	2,665625E+3	-6,767504E-1	2,665625E+3	1,995464E-1	2,665625E+3	-7,225125E-1	2,665625E+3	3,337227E-1
2,667187E+3	-5,712262E-1	2,667187E+3	-4,778510E-2	2,667187E+3	-8,446323E-1	2,667187E+3	3,556053E-1	2,667187E+3	-6,749179E-1	2,667187E+3	1,897257E-1	2,667187E+3	-7,235040E-1	2,667187E+3	3,293810E-1
2,668750E+3	-5,699233E-1	2,668750E+3	-4,986803E-2	2,668750E+3	-8,478509E-1	2,668750E+3	3,463871E-1	2,668750E+3	-6,734252E-1	2,668750E+3	1,803537E-1	2,668750E+3	-7,251562E-1	2,668750E+3	3,246118E-1
2,670312E+3	-5,683246E-1	2,670312E+3	-5,190284E-2	2,670312E+3	-8,503546E-1	2,670312E+3	3,377159E-1	2,670312E+3	-6,707181E-1	2,670312E+3	1,762967E-1	2,670312E+3	-7,253320E-1	2,670312E+3	3,212011E-1
2,671875E+3	-5,669779E-1	2,671875E+3	-5,406749E-2	2,671875E+3	-8,531452E-1	2,671875E+3	3,286346E-1	2,671875E+3	-6,686725E-1	2,671875E+3	1,722055E-1	2,671875E+3	-7,263153E-1	2,671875E+3	3,172942E-1
2,673437E+3	-5,647105E-1	2,673437E+3	-6,083902E-2	2,673437E+3	-8,768584E-1	2,673437E+3	2,658468E-1	2,673437E+3	-6,654992E-1	2,673437E+3	1,681821E-1	2,673437E+3	-7,256936E-1	2,673437E+3	3,146564E-1
2,675000E+3	-5,625075E-1	2,675000E+3	-6,731111E-2	2,675000E+3	-8,897740E-1	2,675000E+3	2,123213E-1	2,675000E+3	-6,630633E-1	2,675000E+3	1,641886E-1	2,675000E+3	-7,260396E-1	2,675000E+3	3,114664E-1
2,676562E+3	-5,606096E-1	2,676562E+3	-6,979955E-2	2,676562E+3	-8,901668E-1	2,676562E+3	2,066644E-1	2,676562E+3	-6,591596E-1	2,676562E+3	1,607097E-1	2,676562E+3	-7,234845E-1	2,676562E+3	3,089764E-1
2,678125E+3	-5,589823E-1	2,678125E+3	-7,233844E-2	2,678125E+3	-8,909059E-1	2,678125E+3	2,004549E-1	2,678125E+3	-6,561357E-1	2,678125E+3	1,573227E-1	2,678125E+3	-7,222256E-1	2,678125E+3	3,059482E-1
2,679687E+3	-5,568938E-1	2,679687E+3	-7,507072E-2	2,679687E+3	-8,911213E-1	2,679687E+3	1,951205E-1	2,679687E+3	-6,530535E-1	2,679687E+3	1,523306E-1	2,679687E+3	-7,436968E-1	2,679687E+3	2,613782E-1
2,681250E+3	-5,550805E-1	2,681250E+3	-7,781907E-2	2,681250E+3	-8,917212E-1	2,681250E+3	1,891839E-1	2,681250E+3	-6,507005E-1	2,681250E+3	1,475687E-1	2,681250E+3	-7,554536E-1	2,681250E+3	2,243011E-1
2,682812E+3	-5,530576E-1	2,682812E+3	-8,113933E-2	2,682812E+3	-8,914942E-1	2,682812E+3	1,854390E-1	2,682812E+3	-6,497297E-1	2,682812E+3	1,389493E-1	2,682812E+3	-7,526854E-1	2,682812E+3	2,259808E-1
2,684375E+3	-5,512753E-1	2,684375E+3	-8,444188E-2	2,684375E+3	-8,917727E-1	2,684375E+3	1,809160E-1	2,684375E+3	-6,489631E-1	2,684375E+3	1,308887E-1	2,684375E+3	-7,513201E-1	2,684375E+3	2,267736E-1
2,685937E+3	-5,492513E-1	2,685937E+3	-8,773856E-2	2,685937E+3	-8,971007E-1	2,685937E+3	1,542291E-1	2,685937E+3	-6,475633E-1	2,685937E+3	1,229478E-1	2,685937E+3	-7,484100E-1	2,685937E+3	2,281758E-1
2,687500E+3	-5,474722E-1	2,687500E+3	-9,101117E-2	2,687500E+3	-9,000319E-1	2,687500E+3	1,317072E-1	2,687500E+3	-6,464376E-1	2,687500E+3	1,155316E-1	2,687500E+3	-7,470610E-1	2,687500E+3	2,287226E-1
2,689062E+3	-5,454343E-1	2,689062E+3	-9,436844E-2	2,689062E+3	-8,982930E-1	2,689062E+3	1,316074E-1	2,689062E+3	-6,429336E-1	2,689062E+3	1,115250E-1	2,689062E+3	-7,436567E-1	2,689062E+3	2,306359E-1
2,690625E+3	-5,436386E-1	2,690625E+3	-9,770370E-2	2,690625E+3	-8,973447E-1	2,690625E+3	1,303642E-1	2,690625E+3	-6,401989E-1	2,690625E+3	1,077312E-1	2,690625E+3	-7,421039E-1	2,690625E+3	2,316782E-1
2,692187E+3	-5,416560E-1	2,692187E+3	-1,015820E-1	2,692187E+3	-8,947571E-1	2,692187E+3	1,330610E-1	2,692187E+3	-6,355941E-1	2,692187E+3	1,052508E-1	2,692187E+3	-7,376769E-1	2,692187E+3	2,347572E-1
2,693750E+3	-5,398788E-1	2,693750E+3	-1,054194E-1	2,693750E+3	-8,933025E-1	2,693750E+3	1,341890E-1	2,693750E+3	-6,319799E-1	2,693750E+3	1,029820E-1	2,693750E+3	-7,356123E-1	2,693750E+3	2,369372E-1
2,695312E+3	-5,379421E-1	2,695312E+3	-1,096806E-1	2,695312E+3	-8,895455E-1	2,695312E+3	1,413576E-1	2,695312E+3	-6,256206E-1	2,695312E+3	1,021816E-1	2,695312E+3	-7,296911E-1	2,695312E+3	2,416998E-1
2,696875E+3	-5,361830E-1	2,696875E+3	-1,138834E-1	2,696875E+3	-8,875595E-1	2,696875E+3	1,461560E-1	2,696875E+3	-6,206038E-1	2,696875E+3	1,017288E-1	2,696875E+3	-7,269297E-1	2,696875E+3	2,455903E-1
2,698437E+3	-5,341564E-1	2,698437E+3	-1,177275E-1	2,698437E+3	-8,816204E-1	2,698437E+3	1,582273E-1	2,698437E+3	-6,130579E-1	2,698437E+3	1,013845E-1	2,698437E+3	-7,189121E-1	2,698437E+3	2,518531E-1
2,700000E+3	-5,323370E-1	2,700000E+3	-1,215298E-1	2,700000E+3	-8,786664E-1	2,700000E+3	1,668521E-1	2,700000E+3	-6,070576E-1	2,700000E+3	1,016611E-1	2,700000E+3	-7,152164E-1	2,700000E+3	2,575842E-1
2,701562E+3	-5,301626E-1	2,701562E+3	-1,246206E-1	2,701562E+3	-8,689920E-1	2,701562E+3	1,859131E-1	2,701562E+3	-6,009212E-1	2,701562E+3	9,864689E-2	2,701562E+3	-7,116657E-1	2,701562E+3	2,530832E-1
2,703125E+3	-5,282507E-1	2,703125E+3	-1,276995E-1	2,703125E+3	-8,649445E-1	2,703125E+3	1,997186E-1	2,703125E+3	-5,959208E-1	2,703125E+3	9,666336E-2	2,703125E+3	-7,111275E-1	2,703125E+3	2,515817E-1
2,704687E+3	-5,260230E-1	2,704687E+3	-1,300599E-1	2,704687E+3	-8,454122E-1	2,704687E+3	2,310491E-1	2,704687E+3	-5,907136E-1	2,704687E+3	9,318277E-2	2,704687E+3	-7,009962E-1	2,704687E+3	2,593328E-1
2,706250E+3	-5,241118E-1	2,706250E+3	-1,324398E-1	2,706250E+3	-8,398045E-1	2,706250E+3	2,541693E-1	2,706250E+3	-5,864135E-1	2,706250E+3	9,064876E-2	2,706250E+3	-6,961606E-1	2,706250E+3	2,680038E-1
2,707812E+3	-5,222094E-1	2,707812E+3	-1,348461E-1	2,707812E+3	-8,190957E-1	2,707812E+3	2,763747E-1	2,707812E+3	-5,797676E-1	2,707812E+3	8,948713E-2	2,707812E+3	-6,860235E-1	2,707812E+3	2,746763E-1
2,709375E+3	-5,206116E-1	2,709375E+3	-1,372843E-1	2,709375E+3	-8,147394E-1	2,709375E+3	2,959296E-1	2,709375E+3	-5,742970E-1	2,709375E+3	8,915995E-2	2,709375E+3	-6,811323E-1	2,709375E+3	2,834620E-1
2,710937E+3	-5,191932E-1	2,710937E+3	-1,404399E-1	2,710937E+3	-8,032221E-1	2,710937E+3	3,032700E-1	2,710937E+3	-5,670137E-1	2,710937E+3	8,850088E-2	2,710937E+3	-6,663305E-1	2,710937E+3	2,932256E-1
2,712500E+3	-5,180104E-1	2,712500E+3	-1,436188E-1	2,712500E+3	-8,014913E-1	2,712500E+3	3,125126E-1	2,712500E+3	-5,609398E-1	2,712500E+3	8,886200E-2	2,712500E+3	-6,581438E-1	2,712500E+3	3,079917E-1
2,714062E+3	-5,168661E-1	2,714062E+3	-1,469501E-1	2,714062E+3	-7,951378E-1	2,714062E+3	3,128711E-1	2,714062E+3	-5,541379E-1	2,714062E+3	8,771066E-2	2,714062E+3	-6,387819E-1	2,714062E+3	3,188827E-1
2,715625E+3	-5,159350E-1	2,715625E+3	-1,503159E-1	2,715625E+3	-7,948263E-1	2,715625E+3	3,165775E-1	2,715625E+3	-5,483753E-1	2,715625E+3	8,764194E-2	2,715625E+3	-6,250735E-1	2,715625E+3	3,387156E-1
2,717187E+3	-5,148166E-1	2,717187E+3	-1,531484E-1	2,717187E+3	-7,904504E-1	2,717187E+3	3,145886E-1	2,717187E+3	-5,428574E-1	2,717187E+3	8,546864E-2	2,717187E+3	-6,136762E-1	2,717187E+3	3,429560E-1
2,718750E+3	-5,139524E-1	2,718750E+3	-1,560348E-1	2,718750E+3	-7,903089E-1	2,718750E+3	3,167913E-1	2,718750E+3	-5,381070E-1	2,718750E+3	8,427670E-2	2,718750E+3	-6,040300E-1	2,718750E+3	3,527769E-1
2,720312E+3	-5,129526E-1	2,720312E+3	-1,588650E-1	2,720312E+3	-7,838492E-1	2,720312E+3	3,176815E-1	2,720312E+3	-5,339854E-1	2,720312E+3	8,082313E-2	2,720312E+3	-5,980092E-1	2,720312E+3	3,535092E-1
2,721875E+3	-5,122039E-1	2,721875E+3	-1,617613E-1	2,721875E+3	-7,811932E-1	2,721875E+3	3,243956E-1	2,721875E+3	-5,303659E-1	2,721875E+3	7,822153E-2	2,721875E+3	-5,926345E-1	2,721875E+3	3,576980E-1
2,723437E+3	-5,113719E-1	2,723437E+3	-1,646668E-1	2,723437E+3	-7,539452E-1	2,723437E+3	3,431700E-1	2,723437E+3	-5,261639E-1	2,723437E+3	7,497330E-2	2,723437E+3	-5,866500E-1	2,723437E+3	3,585644E-1
2,725000E+3	-5,107809E-1	2,725000E+3	-1,676517E-1	2,725000E+3	-7,306424E-1	2,725000E+3	3,881920E-1	2,725000E+3	-5,224173E-1	2,725000E+3	7,263094E-2	2,725000E+3	-5,808901E-1	2,725000E+3	3,627328E-1
2,726562E+3	-5,101029E-1	2,726562E+3	-1,707772E-1	2,726562E+3	-7,143374E-1	2,726562E+3	3,985793E-1	2,726562E+3	-5,169084E-1	2,726562E+3	7,065888E-2	2,726562E+3	-5,680596E-1	2,726562E+3	3,678083E-1
2,728125E+3	-5,096461E-1	2,728125E+3	-1,739854E-1	2,728125E+3	-6,962451E-1	2,728125E+3	4,195576E-1	2,728125E+3	-5,119335E-1	2,728125E+3	6,980953E-2	2,728125E+3	-5,544959E-1	2,728125E+3	3,780472E-1
2,729687E+3	-5,092031E-1	2,729687E+3	-1,765609E-1	2,729687E+3	-6,907653E-1	2,729687E+3	4,211413E-1	2,729687E+3	-5,055775E-1	2,729687E+3	6,871578E-2	2,729687E+3	-5,389137E-1	2,729687E+3	3,847025E-1
2,731250E+3	-5,090181E-1	2,731250E+3	-1,792662E-1	2,731250E+3	-6,845519E-1	2,731250E+3	4,264717E-1	2,731250E+3	-4,997545E-1	2,731250E+3	6,887207E-2	2,731250E+3	-5,216745E-1	2,731250E+3	3,966733E-1
2,732812E+3	-5,086890E-1	2,732812E+3	-1,813403E-1	2,732812E+3	-6,618726E-1	2,732812E+3	4,435465E-1	2,732812E+3	-4,950805E-1	2,732812E+3	6,692529E-2	2,732812E+3	-5,088118E-1	2,732812E+3	4,013647E-1
2,734375E+3	-5,086646E-1	2,734375E+3	-1,835740E-1	2,734375E+3	-6,341869E-1	2,734375E+3	4,712884E-1	2,734375E+3	-4,907829E-1	2,734375E+3	6,594088E-2	2,734375E+3	-4,943524E-1	2,734375E+3	4,098729E-1
2,735937E+3	-5,083639E-1	2,735937E+3	-1,857092E-1	2,735937E+3	-6,094869E-1	2,735937E+3	4,834260E-1	2,735937E+3	-4,877236E-1	2,735937E+3	6,301751E-2	2,735937E+3	-4,783840E-1	2,735937E+3	4,148911E-1
2,737500E+3	-5,083711E-1	2,737500E+3	-1,880078E-1	2,737500E+3	-5,788416E-1	2,737500E+3	5,019319E-1	2,737500E+3	-4,849176E-1	2,737500E+3	6,081047E-2	2,737500E+3	-4,600647E-1	2,737500E+3	4,235418E-1
2,739062E+3	-5,080622E-1	2,739062E+3	-1,904742E-1	2,739062E+3	-5,765883E-1	2,739062E+3	5,000285E-1	2,739062E+3	-4,816101E-1	2,739062E+3	5,822868E-2	2,739062E+3	-4,408078E-1	2,739062E+3	4,284617E-1
2,740625E+3	-5,080411E-1	2,740625E+3	-1,930945E-1	2,740625E+3	-5,734595E-1	2,740625E+3	4,995327E-1	2,740625E+3	-4,785453E-1	2,740625E+3	5,639184E-2	2,740625E+3	-4,185242E-1	2,740625E+3	4,366328E-1
2,742187E+3	-5,078613E-1	2,742187E+3	-1,952287E-1	2,742187E+3	-5,760812E-1	2,742187E+3	4,960388E-1	2,742187E+3	-4,742791E-1	2,742187E+3	5,472752E-2	2,742187E+3	-4,047333E-1	2,742187E+3	4,382775E-1
2,743750E+3	-5,080033E-1	2,743750E+3	-1,975480E-1	2,743750E+3	-5,782908E-1	2,743750E+3	4,934389E-1	2,743750E+3	-4,702686E-1	2,743750E+3	5,395271E-2	2,743750E+3	-3,889368E-1	2,743750E+3	4,419175E-1
2,745312E+3	-5,079421E-1	2,745312E+3	-1,992186E-1	2,745312E+3	-5,839741E-1	2,745312E+3	4,889496E-1	2,745312E+3	-4,665446E-1	2,745312E+3	5,209193E-2	2,745312E+3	-3,795519E-1	2,745312E+3	4,424643E-1
2,746875E+3	-5,082525E-1	2,746875E+3	-2,011108E-1	2,746875E+3	-5,894445E-1	2,746875E+3	4,850527E-1	2,746875E+3	-4,630108E-1	2,746875E+3	5,107444E-2	2,746875E+3	-3,688061E-1	2,746875E+3	4,444868E-1
2,748437E+3	-5,082070E-1	2,748437E+3	-2,024566E-1	2,748437E+3	-5,079543E-1	2,748437E+3	5,261468E-1	2,748437E+3	-4,601758E-1	2,748437E+3	4,840199E-2	2,748437E+3	-3,599654E-1	2,748437E+3	4,448387E-1
2,750000E+3	-5,085823E-1	2,750000E+3	-2,040365E-1	2,750000E+3	-3,915466E-1	2,750000E+3	5,763896E-1	2,750000E+3	-4,574150E-1	2,750000E+3	4,656431E-2	2,750000E+3	-3,498718E-1	2,750000E+3	4,465070E-1
2,751562E+3	-5,082984E-1	2,751562E+3	-2,057286E-1	2,751562E+3	-3,858641E-1	2,751562E+3	5,692132E-1	2,751562E+3	-4,547566E-1	2,751562E+3	4,439310E-2	2,751562E+3	-3,438135E-1	2,751562E+3	4,437961E-1
2,753125E+3	-5,084281E-1	2,753125E+3	-2,076071E-1	2,753125E+3	-3,806535E-1	2,753125E+3	5,675310E-1	2,753125E+3	-4,522430E-1	2,753125E+3	4,285063E-2	2,753125E+3	-3,367786E-1	2,753125E+3	4,421711E-1
2,754687E+3	-5,079538E-1	2,754687E+3	-2,092103E-1	2,754687E+3	-3,838849E-1	2,754687E+3	5,628561E-1	2,754687E+3	-4,493816E-1	2,754687E+3	4,121283E-2	2,754687E+3	-3,336855E-1	2,754687E+3	4,373541E-1
2,756250E+3	-5,079261E-1	2,756250E+3	-2,109660E-1	2,756250E+3	-3,866745E-1	2,756250E+3	5,584803E-1	2,756250E+3	-4,466968E-1	2,756250E+3	4,018234E-2	2,756250E+3	-3,300458E-1	2,756250E+3	4,337437E-1
2,757812E+3	-5,074826E-1	2,757812E+3	-2,117596E-1	2,757812E+3	-3,909159E-1	2,757812E+3	5,538815E-1	2,757812E+3	-4,439257E-1	2,757812E+3	3,853677E-2	2,757812E+3	-1,611728E-1	2,757812E+3	4,688416E-1
2,759375E+3	-5,075927E-1	2,759375E+3	-2,127114E-1	2,759375E+3	-3,947736E-1	2,759375E+3	5,496001E-1	2,759375E+3	-4,413178E-1	2,759375E+3	3,746424E-2	2,759375E+3	8,578104E-2	2,759375E+3	4,797053E-1
2,760937E+3	-5,072211E-1	2,760937E+3	-2,133058E-1	2,760937E+3	-2,044305E-1	2,760937E+3	6,095960E-1	2,760937E+3	-4,387700E-1	2,760937E+3	3,569308E-2	2,760937E+3	9,833578E-2	2,760937E+3	4,714998E-1
2,762500E+3	-5,074387E-1	2,762500E+3	-2,140539E-1	2,762500E+3	8,502058E-2	2,762500E+3	6,371607E-1	2,762500E+3	-4,363702E-1	2,762500E+3	3,445044E-2	2,762500E+3	1,118690E-1	2,762500E+3	4,632944E-1
2,764062E+3	-5,070834E-1	2,764062E+3	-2,145957E-1	2,764062E+3	1,014305E-1	2,764062E+3	6,279612E-1	2,764062E+3	-4,336986E-1	2,764062E+3	3,323500E-2	2,764062E+3	1,209185E-1	2,764062E+3	4,562166E-1
2,765625E+3	-5,073354E-1	2,765625E+3	-2,152793E-1	2,765625E+3	1,190156E-1	2,765625E+3	6,185032E-1	2,765625E+3	-4,312005E-1	2,765625E+3	3,256692E-2	2,765625E+3	1,307245E-1	2,765625E+3	4,492312E-1
2,767187E+3	-5,068127E-1	2,767187E+3	-2,155387E-1	2,767187E+3	1,289315E-1	2,767187E+3	6,114397E-1	2,767187E+3	-4,290784E-1	2,767187E+3	3,091382E-2	2,767187E+3	1,426043E-1	2,767187E+3	4,410559E-1
2,768750E+3	-5,069490E-1	2,768750E+3	-2,159014E-1	2,768750E+3	1,397903E-1	2,768750E+3	6,044302E-1	2,768750E+3	-4,271103E-1	2,768750E+3	2,972884E-2	2,768750E+3	1,552552E-1	2,768750E+3	4,329153E-1
2,770312E+3	-5,062188E-1	2,770312E+3	-2,161798E-1	2,770312E+3	1,471780E-1	2,770312E+3	5,981416E-1	2,770312E+3	-4,233202E-1	2,770312E+3	2,955033E-2	2,770312E+3	1,679899E-1	2,770312E+3	4,234369E-1
2,771875E+3	-5,061543E-1	2,771875E+3	-2,165126E-1	2,771875E+3	1,554571E-1	2,771875E+3	5,919886E-1	2,771875E+3	-4,202335E-1	2,771875E+3	3,039318E-2	2,771875E+3	1,814149E-1	2,771875E+3	4,139368E-1
2,773437E+3	-5,052660E-1	2,773437E+3	-2,165400E-1	2,773437E+3	1,620450E-1	2,773437E+3	5,857182E-1	2,773437E+3	-4,156844E-1	2,773437E+3	3,192909E-2	2,773437E+3	1,928353E-1	2,773437E+3	4,044520E-1
2,775000E+3	-5,050779E-1	2,775000E+3	-2,165754E-1	2,775000E+3	1,695320E-1	2,775000E+3	5,795601E-1	2,775000E+3	-4,114629E-1	2,775000E+3	3,434685E-2	2,775000E+3	2,048238E-1	2,775000E+3	3,949805E-1
2,776562E+3	-5,041309E-1	2,776562E+3	-2,149018E-1	2,776562E+3	1,796036E-1	2,776562E+3	5,716896E-1	2,776562E+3	-4,050605E-1	2,776562E+3	3,717566E-2	2,776562E+3	2,140712E-1	2,776562E+3	3,863699E-1
2,778125E+3	-5,041113E-1	2,778125E+3	-2,131736E-1	2,778125E+3	1,906736E-1	2,778125E+3	5,638561E-1	2,778125E+3	-3,989331E-1	2,778125E+3	4,110576E-2	2,778125E+3	2,237811E-1	2,778125E+3	3,778515E-1
2,779687E+3	-5,029914E-1	2,779687E+3	-2,114994E-1	2,779687E+3	2,067734E-1	2,779687E+3	5,526342E-1	2,779687E+3	-3,938152E-1	2,779687E+3	4,212478E-2	2,779687E+3	2,339490E-1	2,779687E+3	3,693186E-1
2,781250E+3	-5,027893E-1	2,781250E+3	-2,096993E-1	2,781250E+3	2,239686E-1	2,781250E+3	5,411951E-1	2,781250E+3	-3,892663E-1	2,781250E+3	4,467290E-2	2,781250E+3	2,445358E-1	2,781250E+3	3,608880E-1
2,782812E+3	-5,015543E-1	2,782812E+3	-2,091804E-1	2,782812E+3	2,442362E-1	2,782812E+3	5,255647E-1	2,782812E+3	-3,875649E-1	2,782812E+3	4,318531E-2	2,782812E+3	2,588210E-1	2,782812E+3	3,298754E-1
2,784375E+3	-5,010836E-1	2,784375E+3	-2,085120E-1	2,784375E+3	2,655172E-1	2,784375E+3	5,093150E-1	2,784375E+3	-3,859657E-1	2,784375E+3	4,222059E-2	2,784375E+3	3,116027E-1	2,784375E+3	2,985391E-1
2,785937E+3	-4,997344E-1	2,785937E+3	-2,087017E-1	2,785937E+3	2,850190E-1	2,785937E+3	4,915408E-1	2,785937E+3	-3,854717E-1	2,785937E+3	3,986773E-2	2,785937E+3	3,238203E-1	2,785937E+3	2,839003E-1
2,787500E+3	-4,990615E-1	2,787500E+3	-2,087211E-1	2,787500E+3	3,054636E-1	2,787500E+3	4,731301E-1	2,787500E+3	-3,850415E-1	2,787500E+3	3,784258E-2	2,787500E+3	3,361331E-1	2,787500E+3	2,692550E-1
2,789062E+3	-4,975371E-1	2,789062E+3	-2,094510E-1	2,789062E+3	3,196791E-1	2,789062E+3	4,574716E-1	2,789062E+3	-3,845889E-1	2,789062E+3	3,553440E-2	2,789062E+3	3,474268E-1	2,789062E+3	2,539141E-1
2,790625E+3	-4,966242E-1	2,790625E+3	-2,099847E-1	2,790625E+3	3,350042E-1	2,790625E+3	4,413427E-1	2,790625E+3	-3,842015E-1	2,790625E+3	3,351281E-2	2,790625E+3	3,587349E-1	2,790625E+3	2,386706E-1
2,792187E+3	-4,949828E-1	2,792187E+3	-2,101405E-1	2,792187E+3	3,583246E-1	2,792187E+3	4,117802E-1	2,792187E+3	-3,563763E-1	2,792187E+3	5,996235E-2	2,792187E+3	3,674512E-1	2,792187E+3	2,254382E-1
2,793750E+3	-4,940190E-1	2,793750E+3	-2,100414E-1	2,793750E+3	4,039661E-1	2,793750E+3	3,730713E-1	2,793750E+3	-3,264073E-1	2,793750E+3	9,203877E-2	2,793750E+3	3,762106E-1	2,793750E+3	2,124195E-1
2,795312E+3	-4,922624E-1	2,795312E+3	-2,087215E-1	2,795312E+3	4,135391E-1	2,795312E+3	3,599179E-1	2,795312E+3	-3,207324E-1	2,795312E+3	9,327770E-2	2,795312E+3	3,810589E-1	2,795312E+3	2,041281E-1
2,796875E+3	-4,913354E-1	2,796875E+3	-2,070311E-1	2,796875E+3	4,230504E-1	2,796875E+3	3,469046E-1	2,796875E+3	-3,150656E-1	2,796875E+3	9,513978E-2	2,796875E+3	3,860381E-1	2,796875E+3	1,960807E-1
2,798437E+3	-4,893087E-1	2,798437E+3	-2,008885E-1	2,798437E+3	4,366392E-1	2,798437E+3	3,268646E-1	2,798437E+3	-3,070264E-1	2,798437E+3	9,746927E-2	2,798437E+3	3,898558E-1	2,798437E+3	1,893543E-1
2,800000E+3	-4,885820E-1	2,800000E+3	-1,939842E-1	2,800000E+3	4,498355E-1	2,800000E+3	3,069910E-1	2,800000E+3	-2,988706E-1	2,800000E+3	1,008511E-1	2,800000E+3	3,938208E-1	2,800000E+3	1,828775E-1
2,801562E+3	-4,847127E-1	2,801562E+3	-1,821795E-1	2,801562E+3	4,594384E-1	2,801562E+3	2,902401E-1	2,801562E+3	-2,898122E-1	2,801562E+3	1,037751E-1	2,801562E+3	3,979501E-1	2,801562E+3	1,758825E-1
2,803125E+3	-4,825531E-1	2,803125E+3	-1,687181E-1	2,803125E+3	4,688083E-1	2,803125E+3	2,738488E-1	2,803125E+3	-2,804686E-1	2,803125E+3	1,082701E-1	2,803125E+3	4,022048E-1	2,803125E+3	1,691816E-1
2,804687E+3	-4,792086E-1	2,804687E+3	-1,638496E-1	2,804687E+3	4,727864E-1	2,804687E+3	2,654564E-1	2,804687E+3	-2,712826E-1	2,804687E+3	1,113454E-1	2,804687E+3	4,574490E-1	2,804687E+3	5,314697E-2
2,806250E+3	-4,770292E-1	2,806250E+3	-1,577955E-1	2,806250E+3	4,767994E-1	2,806250E+3	2,574267E-1	2,806250E+3	-2,617017E-1	2,806250E+3	1,158869E-1	2,806250E+3	4,936094E-1	2,806250E+3	-6,130399E-2
2,807812E+3	-4,741000E-1	2,807812E+3	-1,553578E-1	2,807812E+3	4,776382E-1	2,807812E+3	2,547004E-1	2,807812E+3	-2,515045E-1	2,807812E+3	1,190348E-1	2,807812E+3	4,921095E-1	2,807812E+3	-5,182487E-2
2,809375E+3	-4,719798E-1	2,809375E+3	-1,518773E-1	2,809375E+3	4,785514E-1	2,809375E+3	2,522750E-1	2,809375E+3	-2,407615E-1	2,809375E+3	1,234555E-1	2,809375E+3	4,905293E-1	2,809375E+3	-4,238461E-2
2,810937E+3	-4,699068E-1	2,810937E+3	-1,515837E-1	2,810937E+3	4,797502E-1	2,810937E+3	2,499889E-1	2,810937E+3	-2,339528E-1	2,810937E+3	1,247577E-1	2,810937E+3	4,881675E-1	2,810937E+3	-3,025345E-2
2,812500E+3	-4,682479E-1	2,812500E+3	-1,507474E-1	2,812500E+3	4,810133E-1	2,812500E+3	2,480593E-1	2,812500E+3	-2,269881E-1	2,812500E+3	1,266560E-1	2,812500E+3	4,856394E-1	2,812500E+3	-1,827049E-2
2,814062E+3	-4,664029E-1	2,814062E+3	-1,506540E-1	2,814062E+3	5,448254E-1	2,814062E+3	1,303976E-1	2,814062E+3	-2,214173E-1	2,814062E+3	1,272900E-1	2,814062E+3	4,834607E-1	2,814062E+3	-6,945244E-3
2,815625E+3	-4,649030E-1	2,815625E+3	-1,501472E-1	2,815625E+3	5,883291E-1	2,815625E+3	1,520909E-2	2,815625E+3	-2,157746E-1	2,815625E+3	1,283952E-1	2,815625E+3	4,811601E-1	2,815625E+3	4,251783E-3
2,817187E+3	-4,628444E-1	2,817187E+3	-1,491100E-1	2,817187E+3	5,909796E-1	2,817187E+3	5,000412E-3	2,817187E+3	-2,106311E-1	2,817187E+3	1,289312E-1	2,817187E+3	4,795124E-1	2,817187E+3	1,391610E-2
2,818750E+3	-4,611563E-1	2,818750E+3	-1,476449E-1	2,818750E+3	5,937236E-1	2,818750E+3	-5,479016E-3	2,818750E+3	-2,054537E-1	2,818750E+3	1,298973E-1	2,818750E+3	4,778265E-1	2,818750E+3	2,348770E-2
2,820312E+3	-4,589250E-1	2,820312E+3	-1,455818E-1	2,820312E+3	5,997812E-1	2,820312E+3	-1,702686E-2	2,820312E+3	-1,985312E-1	2,820312E+3	1,314419E-1	2,820312E+3	5,119882E-1	2,820312E+3	-1,947469E-1
2,821875E+3	-4,570984E-1	2,821875E+3	-1,430224E-1	2,821875E+3	6,088180E-1	2,821875E+3	-3,203771E-2	2,821875E+3	-1,915684E-1	2,821875E+3	1,334803E-1	2,821875E+3	5,050339E-1	2,821875E+3	-3,666142E-1
2,823437E+3	-4,541690E-1	2,823437E+3	-1,387120E-1	2,823437E+3	6,093093E-1	2,823437E+3	-2,651056E-2	2,823437E+3	-1,814492E-1	2,823437E+3	1,366340E-1	2,823437E+3	5,062470E-1	2,823437E+3	-3,881148E-1
2,825000E+3	-4,517548E-1	2,825000E+3	-1,334563E-1	2,825000E+3	6,099744E-1	2,825000E+3	-2,138530E-2	2,825000E+3	-1,711401E-1	2,825000E+3	1,404442E-1	2,825000E+3	5,085783E-1	2,825000E+3	-4,176425E-1
2,826562E+3	-4,415980E-1	2,826562E+3	-8,974362E-2	2,826562E+3	6,156183E-1	2,826562E+3	-3,591906E-2	2,826562E+3	-1,603599E-1	2,826562E+3	1,445553E-1	2,826562E+3	5,172924E-1	2,826562E+3	-4,173816E-1
2,828125E+3	-4,328147E-1	2,828125E+3	-3,796145E-2	2,828125E+3	6,222800E-1	2,828125E+3	-5,221972E-2	2,828125E+3	-1,491622E-1	2,828125E+3	1,495036E-1	2,828125E+3	5,260011E-1	2,828125E+3	-4,168215E-1
2,829687E+3	-4,244742E-1	2,829687E+3	-2,264552E-2	2,829687E+3	6,263817E-1	2,829687E+3	-5,289623E-2	2,829687E+3	-1,430655E-1	2,829687E+3	1,527322E-1	2,829687E+3	5,315653E-1	2,829687E+3	-4,208395E-1
2,831250E+3	-4,163409E-1	2,831250E+3	-5,482354E-3	2,831250E+3	6,308205E-1	2,831250E+3	-5,387509E-2	2,831250E+3	-1,366479E-1	2,831250E+3	1,566570E-1	2,831250E+3	5,372722E-1	2,831250E+3	-4,248511E-1
2,832812E+3	-4,083198E-1	2,832812E+3	5,537868E-3	2,832812E+3	6,303720E-1	2,832812E+3	-2,798234E-1	2,832812E+3	-1,331497E-1	2,832812E+3	1,596153E-1	2,832812E+3	5,400121E-1	2,832812E+3	-4,334595E-1
2,834375E+3	-4,004204E-1	2,834375E+3	1,778492E-2	2,834375E+3	6,012013E-1	2,834375E+3	-4,383856E-1	2,834375E+3	-1,294265E-1	2,834375E+3	1,631334E-1	2,834375E+3	5,430165E-1	2,834375E+3	-4,421638E-1
2,835937E+3	-3,932905E-1	2,835937E+3	2,516475E-2	2,835937E+3	6,092703E-1	2,835937E+3	-4,372670E-1	2,835937E+3	-1,266100E-1	2,835937E+3	1,661069E-1	2,835937E+3	5,456694E-1	2,835937E+3	-4,477566E-1
2,837500E+3	-3,862456E-1	2,837500E+3	3,346408E-2	2,837500E+3	6,173581E-1	2,837500E+3	-4,357993E-1	2,837500E+3	-1,235880E-1	2,837500E+3	1,695847E-1	2,837500E+3	5,485702E-1	2,837500E+3	-4,532024E-1
2,839062E+3	-3,791524E-1	2,839062E+3	3,950167E-2	2,839062E+3	6,232559E-1	2,839062E+3	-4,351352E-1	2,839062E+3	2,840869E-2	2,839062E+3	1,499129E-1	2,839062E+3	5,514791E-1	2,839062E+3	-4,527074E-1
2,840625E+3	-3,720795E-1	2,840625E+3	4,642001E-2	2,840625E+3	6,292465E-1	2,840625E+3	-4,341461E-1	2,840625E+3	1,679154E-1	2,840625E+3	1,103456E-1	2,840625E+3	5,546259E-1	2,840625E+3	-4,520359E-1
2,842187E+3	-3,639281E-1	2,842187E+3	5,270117E-2	2,842187E+3	6,329604E-1	2,842187E+3	-4,336724E-1	2,842187E+3	1,670031E-1	2,842187E+3	1,191742E-1	2,842187E+3	5,575433E-1	2,842187E+3	-4,504716E-1
2,843750E+3	-3,556764E-1	2,843750E+3	5,995627E-2	2,843750E+3	6,368595E-1	2,843750E+3	-4,329213E-1	2,843750E+3	1,661638E-1	2,843750E+3	1,281074E-1	2,843750E+3	5,606743E-1	2,843750E+3	-4,487406E-1
2,845312E+3	-3,472015E-1	2,845312E+3	6,564335E-2	2,845312E+3	6,392638E-1	2,845312E+3	-4,334816E-1	2,845312E+3	1,681357E-1	2,845312E+3	1,359470E-1	2,845312E+3	5,636504E-1	2,845312E+3	-4,454292E-1
2,846875E+3	-3,385730E-1	2,846875E+3	7,222443E-2	2,846875E+3	6,419094E-1	2,846875E+3	-4,337288E-1	2,846875E+3	1,702580E-1	2,846875E+3	1,440312E-1	2,846875E+3	5,667964E-1	2,846875E+3	-4,420240E-1
2,848437E+3	-3,309251E-1	2,848437E+3	7,666590E-2	2,848437E+3	6,432510E-1	2,848437E+3	-4,332503E-1	2,848437E+3	1,761520E-1	2,848437E+3	1,499760E-1	2,848437E+3	5,696109E-1	2,848437E+3	-4,380724E-1
2,850000E+3	-3,231348E-1	2,850000E+3	8,186437E-2	2,850000E+3	6,448828E-1	2,850000E+3	-4,325389E-1	2,850000E+3	1,823876E-1	2,850000E+3	1,562552E-1	2,850000E+3	5,725680E-1	2,850000E+3	-4,341032E-1
2,851562E+3	-2,275153E-1	2,851562E+3	1,213471E-1	2,851562E+3	6,455065E-1	2,851562E+3	-4,320761E-1	2,851562E+3	2,175370E-1	2,851562E+3	1,592941E-1	2,851562E+3	5,752720E-1	2,851562E+3	-4,297456E-1
2,853125E+3	-1,282874E-1	2,853125E+3	1,527896E-1	2,853125E+3	6,464415E-1	2,853125E+3	-4,314302E-1	2,853125E+3	2,556557E-1	2,853125E+3	1,625930E-1	2,853125E+3	5,780967E-1	2,853125E+3	-4,254264E-1
2,854687E+3	-1,206608E-1	2,854687E+3	1,552120E-1	2,854687E+3	6,460849E-1	2,854687E+3	-4,316310E-1	2,854687E+3	2,614482E-1	2,854687E+3	1,657450E-1	2,854687E+3	5,281019E-1	2,854687E+3	-5,243820E-1
2,856250E+3	-1,121426E-1	2,856250E+3	1,585097E-1	2,856250E+3	6,460765E-1	2,856250E+3	-4,317190E-1	2,856250E+3	2,671820E-1	2,856250E+3	1,691919E-1	2,856250E+3	5,048501E-1	2,856250E+3	-5,825982E-1
2,857812E+3	-1,017098E-1	2,857812E+3	1,656752E-1	2,857812E+3	6,471299E-1	2,857812E+3	-4,286711E-1	2,857812E+3	3,565948E-1	2,857812E+3	8,399584E-2	2,857812E+3	5,070651E-1	2,857812E+3	-5,819738E-1
2,859375E+3	-9,077975E-2	2,859375E+3	1,733173E-1	2,859375E+3	6,484229E-1	2,859375E+3	-4,255764E-1	2,859375E+3	4,262123E-1	2,859375E+3	4,623588E-3	2,859375E+3	5,102320E-1	2,859375E+3	-5,807226E-1
2,860937E+3	-8,609896E-2	2,860937E+3	1,762760E-1	2,860937E+3	6,499071E-1	2,860937E+3	-4,217816E-1	2,860937E+3	4,285933E-1	2,860937E+3	9,034578E-3	2,860937E+3	5,123503E-1	2,860937E+3	-5,797306E-1
2,862500E+3	-8,131898E-2	2,862500E+3	1,795455E-1	2,862500E+3	6,515988E-1	2,862500E+3	-4,179351E-1	2,862500E+3	4,311525E-1	2,862500E+3	1,350213E-2	2,862500E+3	5,154213E-1	2,862500E+3	-5,781940E-1
2,864062E+3	-5,122624E-2	2,864062E+3	1,971880E-1	2,864062E+3	6,183855E-1	2,864062E+3	-4,841584E-1	2,864062E+3	4,346758E-1	2,864062E+3	1,717946E-2	2,864062E+3	5,168632E-1	2,864062E+3	-5,779211E-1
2,865625E+3	-1,875789E-2	2,865625E+3	2,163951E-1	2,865625E+3	5,999028E-1	2,865625E+3	-5,280783E-1	2,865625E+3	4,383403E-1	2,865625E+3	2,098882E-2	2,865625E+3	5,193530E-1	2,865625E+3	-5,770833E-1
2,867187E+3	9,888343E-2	2,867187E+3	1,871387E-1	2,867187E+3	5,989901E-1	2,867187E+3	-5,302078E-1	2,867187E+3	4,443966E-1	2,867187E+3	2,145757E-2	2,867187E+3	5,201458E-1	2,867187E+3	-5,775468E-1
2,868750E+3	2,042274E-1	2,868750E+3	1,490767E-1	2,868750E+3	5,991465E-1	2,868750E+3	-5,315474E-1	2,868750E+3	4,506057E-1	2,868750E+3	2,215110E-2	2,868750E+3	5,220087E-1	2,868750E+3	-5,774970E-1
2,870312E+3	2,067400E-1	2,870312E+3	1,528970E-1	2,870312E+3	5,980993E-1	2,870312E+3	-5,337761E-1	2,870312E+3	4,577933E-1	2,870312E+3	2,003992E-2	2,870312E+3	5,236167E-1	2,870312E+3	-5,769146E-1
2,871875E+3	2,095384E-1	2,871875E+3	1,567778E-1	2,871875E+3	5,982390E-1	2,871875E+3	-5,351525E-1	2,871875E+3	4,651334E-1	2,871875E+3	1,821956E-2	2,871875E+3	5,262391E-1	2,871875E+3	-5,758743E-1
2,873437E+3	2,135724E-1	2,873437E+3	1,601135E-1	2,873437E+3	5,774182E-1	2,873437E+3	-5,611200E-1	2,873437E+3	4,727014E-1	2,873437E+3	1,500363E-2	2,873437E+3	5,158040E-1	2,873437E+3	-5,885043E-1
2,875000E+3	2,178127E-1	2,875000E+3	1,635694E-1	2,875000E+3	5,604780E-1	2,875000E+3	-5,834983E-1	2,875000E+3	4,803719E-1	2,875000E+3	1,216799E-2	2,875000E+3	5,077725E-1	2,875000E+3	-5,998050E-1
2,876562E+3	2,267994E-1	2,876562E+3	1,641517E-1	2,876562E+3	5,622088E-1	2,876562E+3	-5,819428E-1	2,876562E+3	4,873804E-1	2,876562E+3	8,750449E-3	2,876562E+3	4,813376E-1	2,876562E+3	-6,334169E-1
2,878125E+3	2,360276E-1	2,878125E+3	1,649137E-1	2,878125E+3	5,654915E-1	2,878125E+3	-5,795094E-1	2,878125E+3	4,944646E-1	2,878125E+3	5,783792E-3	2,878125E+3	4,613142E-1	2,878125E+3	-6,608596E-1
2,879687E+3	2,449199E-1	2,879687E+3	1,648804E-1	2,879687E+3	5,672312E-1	2,879687E+3	-5,779518E-1	2,879687E+3	5,014092E-1	2,879687E+3	1,960172E-3	2,879687E+3	4,668295E-1	2,879687E+3	-6,579081E-1
2,881250E+3	2,539320E-1	2,881250E+3	1,650665E-1	2,881250E+3	5,708307E-1	2,881250E+3	-5,754814E-1	2,881250E+3	5,084097E-1	2,881250E+3	-1,324829E-3	2,881250E+3	4,732141E-1	2,881250E+3	-6,547638E-1
2,882812E+3	2,630511E-1	2,882812E+3	1,642553E-1	2,882812E+3	5,457644E-1	2,882812E+3	-6,133753E-1	2,882812E+3	5,156829E-1	2,882812E+3	-6,580956E-3	2,882812E+3	4,784679E-1	2,882812E+3	-6,512473E-1
2,884375E+3	2,722377E-1	2,884375E+3	1,637089E-1	2,884375E+3	5,268098E-1	2,884375E+3	-6,439109E-1	2,884375E+3	5,229511E-1	2,884375E+3	-1,101872E-2	2,884375E+3	4,846415E-1	2,884375E+3	-6,476015E-1
2,885937E+3	2,823725E-1	2,885937E+3	1,615639E-1	2,885937E+3	5,282603E-1	2,885937E+3	-6,424361E-1	2,885937E+3	5,404866E-1	2,885937E+3	-4,715812E-2	2,885937E+3	4,899324E-1	2,885937E+3	-6,433542E-1
2,887500E+3	2,925416E-1	2,887500E+3	1,597182E-1	2,887500E+3	5,310493E-1	2,887500E+3	-6,407135E-1	2,887500E+3	5,571974E-1	2,887500E+3	-7,274298E-2	2,887500E+3	4,960968E-1	2,887500E+3	-6,390797E-1
2,889062E+3	3,007696E-1	2,889062E+3	1,581856E-1	2,889062E+3	4,982387E-1	2,889062E+3	-6,610433E-1	2,889062E+3	5,669833E-1	2,889062E+3	-1,191771E-1	2,889062E+3	5,011131E-1	2,889062E+3	-6,346523E-1
2,890625E+3	3,090314E-1	2,890625E+3	1,569676E-1	2,890625E+3	4,752500E-1	2,890625E+3	-6,786827E-1	2,890625E+3	5,825915E-1	2,890625E+3	-1,476321E-1	2,890625E+3	5,070334E-1	2,890625E+3	-6,302873E-1
2,892187E+3	3,165727E-1	2,892187E+3	1,557947E-1	2,892187E+3	4,852976E-1	2,892187E+3	-6,711157E-1	2,892187E+3	5,862978E-1	2,892187E+3	-1,484058E-1	2,892187E+3	5,101123E-1	2,892187E+3	-6,277334E-1
2,893750E+3	3,241373E-1	2,893750E+3	1,549433E-1	2,893750E+3	4,957021E-1	2,893750E+3	-6,633859E-1	2,893750E+3	5,903547E-1	2,893750E+3	-1,487522E-1	2,893750E+3	5,142997E-1	2,893750E+3	-6,253269E-1
2,895312E+3	3,349027E-1	2,895312E+3	1,514585E-1	2,895312E+3	5,053694E-1	2,895312E+3	-6,557432E-1	2,895312E+3	5,937058E-1	2,895312E+3	-1,454532E-1	2,895312E+3	5,130011E-1	2,895312E+3	-6,269241E-1
2,896875E+3	3,455882E-1	2,896875E+3	1,483542E-1	2,896875E+3	5,152990E-1	2,896875E+3	-6,479689E-1	2,896875E+3	5,972637E-1	2,896875E+3	-1,418575E-1	2,896875E+3	5,132519E-1	2,896875E+3	-6,285973E-1
2,898437E+3	4,141156E-1	2,898437E+3	5,472346E-2	2,898437E+3	5,243887E-1	2,898437E+3	-6,401704E-1	2,898437E+3	6,002167E-1	2,898437E+3	-1,369674E-1	2,898437E+3	5,112195E-1	2,898437E+3	-6,308836E-1
2,900000E+3	4,648383E-1	2,900000E+3	1,710274E-2	2,900000E+3	5,337151E-1	2,900000E+3	-6,322661E-1	2,900000E+3	6,033309E-1	2,900000E+3	-1,318187E-1	2,900000E+3	5,109211E-1	2,900000E+3	-6,333535E-1
2,901562E+3	4,712214E-1	2,901562E+3	1,547343E-2	2,901562E+3	5,422294E-1	2,901562E+3	-6,244665E-1	2,901562E+3	6,065656E-1	2,901562E+3	-1,276933E-1	2,901562E+3	4,874375E-1	2,901562E+3	-6,507319E-1
2,903125E+3	4,776823E-1	2,903125E+3	1,428011E-2	2,903125E+3	5,510005E-1	2,903125E+3	-6,165809E-1	2,903125E+3	6,099790E-1	2,903125E+3	-1,232437E-1	2,903125E+3	4,719076E-1	2,903125E+3	-6,666863E-1
2,904687E+3	4,821676E-1	2,904687E+3	1,591062E-2	2,904687E+3	5,590296E-1	2,904687E+3	-6,086563E-1	2,904687E+3	6,227534E-1	2,904687E+3	-1,957069E-1	2,904687E+3	4,797992E-1	2,904687E+3	-6,601970E-1
2,906250E+3	4,867073E-1	2,906250E+3	1,793019E-2	2,906250E+3	5,673226E-1	2,906250E+3	-6,006774E-1	2,906250E+3	6,311824E-1	2,906250E+3	-2,548391E-1	2,906250E+3	4,880633E-1	2,906250E+3	-6,542584E-1
2,907812E+3	4,910232E-1	2,907812E+3	1,989907E-2	2,907812E+3	5,749821E-1	2,907812E+3	-5,923960E-1	2,907812E+3	6,327890E-1	2,907812E+3	-3,222120E-1	2,907812E+3	4,956200E-1	2,907812E+3	-6,482093E-1
2,909375E+3	4,953765E-1	2,909375E+3	2,233933E-2	2,909375E+3	5,828635E-1	2,909375E+3	-5,841056E-1	2,909375E+3	6,331944E-1	2,909375E+3	-3,747669E-1	2,909375E+3	5,035153E-1	2,909375E+3	-6,427676E-1
2,910937E+3	5,371307E-1	2,910937E+3	-5,021675E-2	2,910937E+3	5,901589E-1	2,910937E+3	-5,758839E-1	2,910937E+3	6,393507E-1	2,910937E+3	-3,645611E-1	2,910937E+3	5,106703E-1	2,910937E+3	-6,368350E-1
2,912500E+3	5,684700E-1	2,912500E+3	-1,121584E-1	2,912500E+3	5,977769E-1	2,912500E+3	-5,676724E-1	2,912500E+3	6,456604E-1	2,912500E+3	-3,540790E-1	2,912500E+3	5,180833E-1	2,912500E+3	-6,315170E-1
2,914062E+3	5,940485E-1	2,914062E+3	-1,905501E-1	2,914062E+3	6,048234E-1	2,914062E+3	-5,590176E-1	2,914062E+3	6,513150E-1	2,914062E+3	-3,447917E-1	2,914062E+3	5,248421E-1	2,914062E+3	-6,257328E-1
2,915625E+3	6,117024E-1	2,915625E+3	-2,529673E-1	2,915625E+3	6,121463E-1	2,915625E+3	-5,504323E-1	2,915625E+3	6,572072E-1	2,915625E+3	-3,352462E-1	2,915625E+3	5,317921E-1	2,915625E+3	-6,205407E-1
2,917187E+3	6,160307E-1	2,917187E+3	-2,460339E-1	2,917187E+3	6,188227E-1	2,917187E+3	-5,417869E-1	2,917187E+3	6,625487E-1	2,917187E+3	-3,273376E-1	2,917187E+3	5,381179E-1	2,917187E+3	-6,151120E-1
2,918750E+3	6,210686E-1	2,918750E+3	-2,381768E-1	2,918750E+3	6,258652E-1	2,918750E+3	-5,332947E-1	2,918750E+3	6,683092E-1	2,918750E+3	-3,191266E-1	2,918750E+3	5,446181E-1	2,918750E+3	-6,102861E-1
2,920312E+3	6,163934E-1	2,920312E+3	-2,493802E-1	2,920312E+3	6,083257E-1	2,920312E+3	-5,335816E-1	2,920312E+3	6,729428E-1	2,920312E+3	-3,127049E-1	2,920312E+3	5,506958E-1	2,920312E+3	-6,046542E-1
2,921875E+3	6,300001E-1	2,921875E+3	-2,591648E-1	2,921875E+3	6,015978E-1	2,921875E+3	-5,829074E-1	2,921875E+3	6,784440E-1	2,921875E+3	-3,059669E-1	2,921875E+3	5,568915E-1	2,921875E+3	-5,995979E-1
2,923437E+3	6,345866E-1	2,923437E+3	-2,493023E-1	2,923437E+3	5,817997E-1	2,923437E+3	-5,890201E-1	2,923437E+3	6,651496E-1	2,923437E+3	-3,176458E-1	2,923437E+3	5,625595E-1	2,923437E+3	-5,944983E-1
2,925000E+3	6,391979E-1	2,925000E+3	-2,393197E-1	2,925000E+3	5,685878E-1	2,925000E+3	-5,959200E-1	2,925000E+3	6,796462E-1	2,925000E+3	-3,491172E-1	2,925000E+3	5,683486E-1	2,925000E+3	-5,899440E-1
2,926562E+3	6,435776E-1	2,926562E+3	-2,299424E-1	2,926562E+3	5,280684E-1	2,926562E+3	-6,370833E-1	2,926562E+3	6,847045E-1	2,926562E+3	-3,394981E-1	2,926562E+3	5,734700E-1	2,926562E+3	-5,853578E-1
2,928125E+3	6,479963E-1	2,928125E+3	-2,204183E-1	2,928125E+3	5,132542E-1	2,928125E+3	-6,682215E-1	2,928125E+3	6,897925E-1	2,928125E+3	-3,299058E-1	2,928125E+3	5,787371E-1	2,928125E+3	-5,813322E-1
2,929687E+3	6,518404E-1	2,929687E+3	-2,111462E-1	2,929687E+3	5,227911E-1	2,929687E+3	-6,602262E-1	2,929687E+3	6,945536E-1	2,929687E+3	-3,192265E-1	2,929687E+3	5,159411E-1	2,929687E+3	-6,246700E-1
2,931250E+3	6,557584E-1	2,931250E+3	-2,017330E-1	2,931250E+3	5,322996E-1	2,931250E+3	-6,521479E-1	2,931250E+3	6,992850E-1	2,931250E+3	-3,085366E-1	2,931250E+3	4,923273E-1	2,931250E+3	-6,660931E-1
2,932812E+3	6,593751E-1	2,932812E+3	-1,927912E-1	2,932812E+3	5,413139E-1	2,932812E+3	-6,440515E-1	2,932812E+3	7,039044E-1	2,932812E+3	-2,978460E-1	2,932812E+3	4,983101E-1	2,932812E+3	-6,618620E-1
2,934375E+3	6,630813E-1	2,934375E+3	-1,837051E-1	2,934375E+3	5,503079E-1	2,934375E+3	-6,358844E-1	2,934375E+3	7,084956E-1	2,934375E+3	-2,871285E-1	2,934375E+3	5,042570E-1	2,934375E+3	-6,581965E-1
2,935937E+3	6,665339E-1	2,935937E+3	-1,751591E-1	2,935937E+3	5,588380E-1	2,935937E+3	-6,276393E-1	2,935937E+3	7,127404E-1	2,935937E+3	-2,763214E-1	2,935937E+3	5,100612E-1	2,935937E+3	-6,538746E-1
2,937500E+3	6,700986E-1	2,937500E+3	-1,664576E-1	2,937500E+3	5,673549E-1	2,937500E+3	-6,193606E-1	2,937500E+3	7,169420E-1	2,937500E+3	-2,654776E-1	2,937500E+3	5,158365E-1	2,937500E+3	-6,500976E-1
2,939062E+3	6,732965E-1	2,939062E+3	-1,585927E-1	2,939062E+3	5,754495E-1	2,939062E+3	-6,113887E-1	2,939062E+3	6,533422E-1	2,939062E+3	-4,434586E-1	2,939062E+3	5,213623E-1	2,939062E+3	-6,460689E-1
2,940625E+3	6,766273E-1	2,940625E+3	-1,505555E-1	2,940625E+3	5,835691E-1	2,940625E+3	-6,033878E-1	2,940625E+3	6,408731E-1	2,940625E+3	-5,255588E-1	2,940625E+3	5,269530E-1	2,940625E+3	-6,425060E-1
2,942187E+3	6,432840E-1	2,942187E+3	-3,600855E-1	2,942187E+3	5,913320E-1	2,942187E+3	-5,954614E-1	2,942187E+3	6,133952E-1	2,942187E+3	-5,563505E-1	2,942187E+3	5,322711E-1	2,942187E+3	-6,384031E-1
2,943750E+3	6,469047E-1	2,943750E+3	-4,551223E-1	2,943750E+3	5,991461E-1	2,943750E+3	-5,875334E-1	2,943750E+3	6,055654E-1	2,943750E+3	-5,820878E-1	2,943750E+3	5,377311E-1	2,943750E+3	-6,347048E-1
2,945312E+3	6,499253E-1	2,945312E+3	-4,558144E-1	2,945312E+3	5,389066E-1	2,945312E+3	-6,139994E-1	2,945312E+3	6,140673E-1	2,945312E+3	-5,739394E-1	2,945312E+3	5,247640E-1	2,945312E+3	-6,510376E-1
2,946875E+3	6,541711E-1	2,946875E+3	-4,559937E-1	2,946875E+3	5,234898E-1	2,946875E+3	-6,637727E-1	2,946875E+3	6,225677E-1	2,946875E+3	-5,657740E-1	2,946875E+3	5,045086E-1	2,946875E+3	-6,856344E-1
2,948437E+3	6,568448E-1	2,948437E+3	-4,561277E-1	2,948437E+3	5,313670E-1	2,948437E+3	-6,571142E-1	2,948437E+3	6,294998E-1	2,948437E+3	-5,588933E-1	2,948437E+3	4,721849E-1	2,948437E+3	-6,940000E-1
2,950000E+3	6,608167E-1	2,950000E+3	-4,558813E-1	2,950000E+3	5,392480E-1	2,950000E+3	-6,505898E-1	2,950000E+3	6,365176E-1	2,950000E+3	-5,522277E-1	2,950000E+3	4,539250E-1	2,950000E+3	-7,190262E-1
2,951562E+3	6,640175E-1	2,951562E+3	-4,540472E-1	2,951562E+3	5,467712E-1	2,951562E+3	-6,443523E-1	2,951562E+3	6,428820E-1	2,951562E+3	-5,463532E-1	2,951562E+3	4,626740E-1	2,951562E+3	-7,124774E-1
2,953125E+3	6,682966E-1	2,953125E+3	-4,520392E-1	2,953125E+3	5,543568E-1	2,953125E+3	-6,382917E-1	2,953125E+3	6,494343E-1	2,953125E+3	-5,407397E-1	2,953125E+3	4,713867E-1	2,953125E+3	-7,060464E-1
2,954687E+3	6,721330E-1	2,954687E+3	-4,487846E-1	2,954687E+3	5,612961E-1	2,954687E+3	-6,319915E-1	2,954687E+3	6,434111E-1	2,954687E+3	-5,516711E-1	2,954687E+3	4,798571E-1	2,954687E+3	-6,996349E-1
2,956250E+3	6,768689E-1	2,956250E+3	-4,453867E-1	2,956250E+3	5,682862E-1	2,956250E+3	-6,259206E-1	2,956250E+3	6,346333E-1	2,956250E+3	-5,781482E-1	2,956250E+3	4,883069E-1	2,956250E+3	-6,933486E-1
2,957812E+3	6,809584E-1	2,957812E+3	-4,415720E-1	2,957812E+3	5,639621E-1	2,957812E+3	-6,326190E-1	2,957812E+3	6,423811E-1	2,957812E+3	-5,698664E-1	2,957812E+3	4,961710E-1	2,957812E+3	-6,871580E-1
2,959375E+3	6,859075E-1	2,959375E+3	-4,376349E-1	2,959375E+3	5,570492E-1	2,959375E+3	-6,471287E-1	2,959375E+3	6,503797E-1	2,959375E+3	-5,614956E-1	2,959375E+3	5,040386E-1	2,959375E+3	-6,811487E-1
2,960937E+3	6,898595E-1	2,960937E+3	-4,344064E-1	2,960937E+3	5,643358E-1	2,960937E+3	-6,401500E-1	2,960937E+3	6,574111E-1	2,960937E+3	-5,534659E-1	2,960937E+3	5,113989E-1	2,960937E+3	-6,750938E-1
2,962500E+3	6,948206E-1	2,962500E+3	-4,310644E-1	2,962500E+3	5,716421E-1	2,962500E+3	-6,334036E-1	2,962500E+3	6,647767E-1	2,962500E+3	-5,454041E-1	2,962500E+3	5,187722E-1	2,962500E+3	-6,692709E-1
2,964062E+3	6,982623E-1	2,964062E+3	-4,289137E-1	2,964062E+3	5,781838E-1	2,964062E+3	-6,271234E-1	2,964062E+3	6,710932E-1	2,964062E+3	-5,385736E-1	2,964062E+3	5,254987E-1	2,964062E+3	-6,635160E-1
2,965625E+3	7,029537E-1	2,965625E+3	-4,267852E-1	2,965625E+3	5,848151E-1	2,965625E+3	-6,211920E-1	2,965625E+3	6,779853E-1	2,965625E+3	-5,317284E-1	2,965625E+3	5,322642E-1	2,965625E+3	-6,580736E-1
2,967187E+3	7,043501E-1	2,967187E+3	-4,303350E-1	2,967187E+3	5,892887E-1	2,967187E+3	-6,164803E-1	2,967187E+3	6,835813E-1	2,967187E+3	-5,250995E-1	2,967187E+3	5,381451E-1	2,967187E+3	-6,526674E-1
2,968750E+3	7,077687E-1	2,968750E+3	-4,357348E-1	2,968750E+3	5,939902E-1	2,968750E+3	-6,125467E-1	2,968750E+3	6,898586E-1	2,968750E+3	-5,185874E-1	2,968750E+3	5,440835E-1	2,968750E+3	-6,476899E-1
2,970312E+3	7,099354E-1	2,970312E+3	-4,356996E-1	2,970312E+3	5,890174E-1	2,970312E+3	-6,153032E-1	2,970312E+3	6,944033E-1	2,970312E+3	-5,133354E-1	2,970312E+3	5,483233E-1	2,970312E+3	-6,435611E-1
2,971875E+3	7,141408E-1	2,971875E+3	-4,360437E-1	2,971875E+3	5,848294E-1	2,971875E+3	-6,223876E-1	2,971875E+3	7,000324E-1	2,971875E+3	-5,083737E-1	2,971875E+3	5,526861E-1	2,971875E+3	-6,401648E-1
2,973437E+3	7,155079E-1	2,973437E+3	-4,362552E-1	2,973437E+3	5,869250E-1	2,973437E+3	-6,196060E-1	2,973437E+3	7,023980E-1	2,973437E+3	-5,058147E-1	2,973437E+3	5,544471E-1	2,973437E+3	-6,378083E-1
2,975000E+3	7,197076E-1	2,975000E+3	-4,372481E-1	2,975000E+3	5,890503E-1	2,975000E+3	-6,180544E-1	2,975000E+3	7,067931E-1	2,975000E+3	-5,041284E-1	2,975000E+3	5,563797E-1	2,975000E+3	-6,366930E-1
2,976562E+3	7,195180E-1	2,976562E+3	-4,392723E-1	2,976562E+3	5,930000E-1	2,976562E+3	-6,138230E-1	2,976562E+3	7,009085E-1	2,976562E+3	-5,106196E-1	2,976562E+3	5,470191E-1	2,976562E+3	-6,573066E-1
2,978125E+3	7,229083E-1	2,978125E+3	-4,432058E-1	2,978125E+3	5,969167E-1	2,978125E+3	-6,102788E-1	2,978125E+3	7,014662E-1	2,978125E+3	-5,222125E-1	2,978125E+3	5,380129E-1	2,978125E+3	-6,868475E-1
2,979687E+3	7,227677E-1	2,979687E+3	-4,448575E-1	2,979687E+3	5,983271E-1	2,979687E+3	-6,117799E-1	2,979687E+3	6,961551E-1	2,979687E+3	-5,280623E-1	2,979687E+3	5,412695E-1	2,979687E+3	-6,828872E-1
2,981250E+3	7,255701E-1	2,981250E+3	-4,490718E-1	2,981250E+3	5,997501E-1	2,981250E+3	-6,147506E-1	2,981250E+3	6,947743E-1	2,981250E+3	-5,402404E-1	2,981250E+3	5,444497E-1	2,981250E+3	-6,799902E-1
2,982812E+3	7,272230E-1	2,982812E+3	-4,479834E-1	2,982812E+3	6,051053E-1	2,982812E+3	-6,088243E-1	2,982812E+3	6,971702E-1	2,982812E+3	-5,376084E-1	2,982812E+3	5,482602E-1	2,982812E+3	-6,754923E-1
2,984375E+3	7,305042E-1	2,984375E+3	-4,488625E-1	2,984375E+3	6,103664E-1	2,984375E+3	-6,033717E-1	2,984375E+3	7,001695E-1	2,984375E+3	-5,366490E-1	2,984375E+3	5,519521E-1	2,984375E+3	-6,718585E-1
2,985937E+3	7,337117E-1	2,985937E+3	-4,451429E-1	2,985937E+3	6,071874E-1	2,985937E+3	-6,139415E-1	2,985937E+3	7,042066E-1	2,985937E+3	-5,320273E-1	2,985937E+3	5,559934E-1	2,985937E+3	-6,671089E-1
2,987500E+3	7,377619E-1	2,987500E+3	-4,427042E-1	2,987500E+3	6,043994E-1	2,987500E+3	-6,293975E-1	2,987500E+3	7,084886E-1	2,987500E+3	-5,283317E-1	2,987500E+3	5,598941E-1	2,987500E+3	-6,631143E-1
2,989062E+3	7,416902E-1	2,989062E+3	-4,373628E-1	2,989062E+3	6,099896E-1	2,989062E+3	-6,228070E-1	2,989062E+3	7,028609E-1	2,989062E+3	-5,446735E-1	2,989062E+3	5,635043E-1	2,989062E+3	-6,586476E-1
2,990625E+3	7,461184E-1	2,990625E+3	-4,329549E-1	2,990625E+3	6,154324E-1	2,990625E+3	-6,166835E-1	2,990625E+3	6,965150E-1	2,990625E+3	-5,717536E-1	2,990625E+3	5,669612E-1	2,990625E+3	-6,549582E-1
2,992187E+3	7,503112E-1	2,992187E+3	-4,270546E-1	2,992187E+3	6,204554E-1	2,992187E+3	-6,104513E-1	2,992187E+3	7,032935E-1	2,992187E+3	-5,631765E-1	2,992187E+3	5,703620E-1	2,992187E+3	-6,505654E-1
2,993750E+3	7,548808E-1	2,993750E+3	-4,219565E-1	2,993750E+3	6,253323E-1	2,993750E+3	-6,047386E-1	2,993750E+3	7,100499E-1	2,993750E+3	-5,551122E-1	2,993750E+3	5,735918E-1	2,993750E+3	-6,469207E-1
2,995312E+3	7,591411E-1	2,995312E+3	-4,156021E-1	2,995312E+3	6,296629E-1	2,995312E+3	-5,989478E-1	2,995312E+3	7,167572E-1	2,995312E+3	-5,461635E-1	2,995312E+3	5,732256E-1	2,995312E+3	-6,536775E-1
2,996875E+3	7,636859E-1	2,996875E+3	-4,099657E-1	2,996875E+3	6,338431E-1	2,996875E+3	-5,937487E-1	2,996875E+3	7,234138E-1	2,996875E+3	-5,376590E-1	2,996875E+3	5,732626E-1	2,996875E+3	-6,620961E-1
2,998437E+3	7,678616E-1	2,998437E+3	-4,035793E-1	2,998437E+3	6,371539E-1	2,998437E+3	-5,888903E-1	2,998437E+3	7,298506E-1	2,998437E+3	-5,288011E-1	2,998437E+3	5,764555E-1	2,998437E+3	-6,591623E-1
3,000000E+3	7,722860E-1	3,000000E+3	-3,978922E-1	3,000000E+3	6,403002E-1	3,000000E+3	-5,847577E-1	3,000000E+3	7,362482E-1	3,000000E+3	-5,203976E-1	3,000000E+3	5,794652E-1	3,000000E+3	-6,568989E-1
3,001562E+3	7,768991E-1	3,001562E+3	-3,948420E-1	3,001562E+3	6,420879E-1	3,001562E+3	-5,815644E-1	3,001562E+3	7,424338E-1	3,001562E+3	-5,112653E-1	3,001562E+3	5,822221E-1	3,001562E+3	-6,546938E-1
3,003125E+3	7,827884E-1	3,003125E+3	-3,921479E-1	3,003125E+3	6,436836E-1	3,003125E+3	-5,793451E-1	3,003125E+3	7,485561E-1	3,003125E+3	-5,025604E-1	3,003125E+3	5,847978E-1	3,003125E+3	-6,531851E-1
3,004687E+3	7,869242E-1	3,004687E+3	-3,854182E-1	3,004687E+3	6,428041E-1	3,004687E+3	-5,791174E-1	3,004687E+3	7,542994E-1	3,004687E+3	-4,939429E-1	3,004687E+3	5,860348E-1	3,004687E+3	-6,522120E-1
3,006250E+3	7,913004E-1	3,006250E+3	-3,794502E-1	3,006250E+3	6,416168E-1	3,006250E+3	-5,803552E-1	3,006250E+3	7,600072E-1	3,006250E+3	-4,858174E-1	3,006250E+3	5,870086E-1	3,006250E+3	-6,521368E-1
3,007812E+3	7,958371E-1	3,007812E+3	-3,737556E-1	3,007812E+3	6,345046E-1	3,007812E+3	-5,913092E-1	3,007812E+3	7,650559E-1	3,007812E+3	-4,778902E-1	3,007812E+3	5,855847E-1	3,007812E+3	-6,530363E-1
3,009375E+3	8,008344E-1	3,009375E+3	-3,681957E-1	3,009375E+3	6,267962E-1	3,009375E+3	-6,048759E-1	3,009375E+3	7,700828E-1	3,009375E+3	-4,705658E-1	3,009375E+3	5,837133E-1	3,009375E+3	-6,551839E-1
3,010937E+3	8,037000E-1	3,010937E+3	-3,636033E-1	3,010937E+3	6,285160E-1	3,010937E+3	-6,025914E-1	3,010937E+3	7,733286E-1	3,010937E+3	-4,657906E-1	3,010937E+3	5,833313E-1	3,010937E+3	-6,553764E-1
3,012500E+3	8,068664E-1	3,012500E+3	-3,602006E-1	3,012500E+3	6,300083E-1	3,012500E+3	-6,010242E-1	3,012500E+3	7,766251E-1	3,012500E+3	-4,621271E-1	3,012500E+3	5,825807E-1	3,012500E+3	-6,565750E-1
3,014062E+3	8,081980E-1	3,014062E+3	-3,603053E-1	3,014062E+3	6,346818E-1	3,014062E+3	-5,959794E-1	3,014062E+3	7,577362E-1	3,014062E+3	-4,963876E-1	3,014062E+3	5,847151E-1	3,014062E+3	-6,547560E-1
3,015625E+3	8,099751E-1	3,015625E+3	-3,623906E-1	3,015625E+3	6,392422E-1	3,015625E+3	-5,911889E-1	3,015625E+3	7,356345E-1	3,015625E+3	-5,448077E-1	3,015625E+3	5,866158E-1	3,015625E+3	-6,535416E-1
3,017187E+3	8,100800E-1	3,017187E+3	-3,655111E-1	3,017187E+3	6,450899E-1	3,017187E+3	-5,842626E-1	3,017187E+3	7,375938E-1	3,017187E+3	-5,419892E-1	3,017187E+3	5,896936E-1	3,017187E+3	-6,507368E-1
3,018750E+3	8,105255E-1	3,018750E+3	-3,710762E-1	3,018750E+3	6,508181E-1	3,018750E+3	-5,774558E-1	3,018750E+3	7,393013E-1	3,018750E+3	-5,401592E-1	3,018750E+3	5,925770E-1	3,018750E+3	-6,483857E-1
3,020312E+3	8,121583E-1	3,020312E+3	-3,691592E-1	3,020312E+3	6,571816E-1	3,020312E+3	-5,696911E-1	3,020312E+3	7,445632E-1	3,020312E+3	-5,325405E-1	3,020312E+3	5,957946E-1	3,020312E+3	-6,451736E-1
3,021875E+3	8,138912E-1	3,021875E+3	-3,685726E-1	3,021875E+3	6,634235E-1	3,021875E+3	-5,619988E-1	3,021875E+3	7,496838E-1	3,021875E+3	-5,251804E-1	3,021875E+3	5,988199E-1	3,021875E+3	-6,423621E-1
3,023437E+3	8,169119E-1	3,023437E+3	-3,628904E-1	3,023437E+3	6,701173E-1	3,023437E+3	-5,535910E-1	3,023437E+3	7,553109E-1	3,023437E+3	-5,170541E-1	3,023437E+3	6,012879E-1	3,023437E+3	-6,398668E-1
3,025000E+3	8,199505E-1	3,025000E+3	-3,579387E-1	3,025000E+3	6,766900E-1	3,025000E+3	-5,452145E-1	3,025000E+3	7,608164E-1	3,025000E+3	-5,091165E-1	3,025000E+3	6,035507E-1	3,025000E+3	-6,378279E-1
3,026562E+3	8,255591E-1	3,026562E+3	-3,460622E-1	3,026562E+3	6,835986E-1	3,026562E+3	-5,360347E-1	3,026562E+3	7,664231E-1	3,026562E+3	-5,003530E-1	3,026562E+3	6,042110E-1	3,026562E+3	-6,370574E-1
3,028125E+3	8,311467E-1	3,028125E+3	-3,334603E-1	3,028125E+3	6,903760E-1	3,028125E+3	-5,268419E-1	3,028125E+3	7,718883E-1	3,028125E+3	-4,917653E-1	3,028125E+3	6,046051E-1	3,028125E+3	-6,369010E-1
3,029687E+3	8,350134E-1	3,029687E+3	-3,234234E-1	3,029687E+3	6,970558E-1	3,029687E+3	-5,173577E-1	3,029687E+3	7,773166E-1	3,029687E+3	-4,828865E-1	3,029687E+3	6,047016E-1	3,029687E+3	-6,367259E-1
3,031250E+3	8,388104E-1	3,031250E+3	-3,136569E-1	3,031250E+3	7,035977E-1	3,031250E+3	-5,078572E-1	3,031250E+3	7,826044E-1	3,031250E+3	-4,741971E-1	3,031250E+3	6,045173E-1	3,031250E+3	-6,371809E-1
3,032812E+3	8,426706E-1	3,032812E+3	-3,030563E-1	3,032812E+3	6,800385E-1	3,032812E+3	-5,376137E-1	3,032812E+3	7,878992E-1	3,032812E+3	-4,651251E-1	3,032812E+3	6,057226E-1	3,032812E+3	-6,359134E-1
3,034375E+3	8,464535E-1	3,034375E+3	-2,926817E-1	3,034375E+3	6,523854E-1	3,034375E+3	-5,742060E-1	3,034375E+3	7,930560E-1	3,034375E+3	-4,562363E-1	3,034375E+3	6,067073E-1	3,034375E+3	-6,351422E-1
3,035937E+3	8,503805E-1	3,035937E+3	-2,816844E-1	3,035937E+3	6,541885E-1	3,035937E+3	-5,721207E-1	3,035937E+3	7,984178E-1	3,035937E+3	-4,472986E-1	3,035937E+3	6,069517E-1	3,035937E+3	-6,343599E-1
3,037500E+3	8,542337E-1	3,037500E+3	-2,708836E-1	3,037500E+3	6,558574E-1	3,037500E+3	-5,704717E-1	3,037500E+3	8,036709E-1	3,037500E+3	-4,385423E-1	3,037500E+3	6,069457E-1	3,037500E+3	-6,341275E-1
3,039062E+3	8,578631E-1	3,039062E+3	-2,586994E-1	3,039062E+3	6,595457E-1	3,039062E+3	-5,661652E-1	3,039062E+3	8,088575E-1	3,039062E+3	-4,289847E-1	3,039062E+3	6,020088E-1	3,039062E+3	-6,380308E-1
3,040625E+3	8,613634E-1	3,040625E+3	-2,466541E-1	3,040625E+3	6,631434E-1	3,040625E+3	-5,620962E-1	3,040625E+3	8,139205E-1	3,040625E+3	-4,195664E-1	3,040625E+3	5,965632E-1	3,040625E+3	-6,429251E-1
3,042187E+3	8,649497E-1	3,042187E+3	-2,338439E-1	3,042187E+3	6,675628E-1	3,042187E+3	-5,569138E-1	3,042187E+3	8,189269E-1	3,042187E+3	-4,098685E-1	3,042187E+3	5,955603E-1	3,042187E+3	-6,431898E-1
3,043750E+3	8,683960E-1	3,043750E+3	-2,211301E-1	3,043750E+3	6,719033E-1	3,043750E+3	-5,518950E-1	3,043750E+3	8,238185E-1	3,043750E+3	-4,003022E-1	3,043750E+3	5,942922E-1	3,043750E+3	-6,440206E-1
3,045312E+3	8,719185E-1	3,045312E+3	-2,076928E-1	3,045312E+3	6,753314E-1	3,045312E+3	-5,477106E-1	3,045312E+3	8,284339E-1	3,045312E+3	-3,906226E-1	3,045312E+3	5,997811E-1	3,045312E+3	-6,444256E-1
3,046875E+3	8,752887E-1	3,046875E+3	-1,943124E-1	3,046875E+3	6,786768E-1	3,046875E+3	-5,437680E-1	3,046875E+3	8,329343E-1	3,046875E+3	-3,810997E-1	3,046875E+3	6,057148E-1	3,046875E+3	-6,440623E-1
3,048437E+3	8,779470E-1	3,048437E+3	-1,801378E-1	3,048437E+3	6,506376E-1	3,048437E+3	-5,776440E-1	3,048437E+3	8,368309E-1	3,048437E+3	-3,718192E-1	3,048437E+3	6,107644E-1	3,048437E+3	-6,381451E-1
3,050000E+3	8,804020E-1	3,050000E+3	-1,660202E-1	3,050000E+3	6,178880E-1	3,050000E+3	-6,164891E-1	3,050000E+3	8,406037E-1	3,050000E+3	-3,627591E-1	3,050000E+3	6,156872E-1	3,050000E+3	-6,323425E-1
3,051562E+3	8,836042E-1	3,051562E+3	-1,522882E-1	3,051562E+3	6,237477E-1	3,051562E+3	-6,104538E-1	3,051562E+3	8,444784E-1	3,051562E+3	-3,551261E-1	3,051562E+3	6,217368E-1	3,051562E+3	-6,258110E-1
3,053125E+3	8,866671E-1	3,053125E+3	-1,385926E-1	3,053125E+3	6,295318E-1	3,053125E+3	-6,044446E-1	3,053125E+3	8,483052E-1	3,053125E+3	-3,477997E-1	3,053125E+3	6,276731E-1	3,053125E+3	-6,193329E-1
3,054687E+3	8,477755E-1	3,054687E+3	-3,159324E-1	3,054687E+3	6,363064E-1	3,054687E+3	-5,971124E-1	3,054687E+3	8,507532E-1	3,054687E+3	-3,418294E-1	3,054687E+3	6,347874E-1	3,054687E+3	-6,116872E-1
3,056250E+3	7,398938E-1	3,056250E+3	-5,916303E-1	3,056250E+3	6,429868E-1	3,056250E+3	-5,897678E-1	3,056250E+3	8,531379E-1	3,056250E+3	-3,362995E-1	3,056250E+3	6,417771E-1	3,056250E+3	-6,040170E-1
3,057812E+3	7,505692E-1	3,057812E+3	-5,783413E-1	3,057812E+3	6,451576E-1	3,057812E+3	-5,970972E-1	3,057812E+3	7,876423E-1	3,057812E+3	-4,793376E-1	3,057812E+3	6,497642E-1	3,057812E+3	-5,956419E-1
3,059375E+3	7,610221E-1	3,059375E+3	-5,648018E-1	3,059375E+3	6,474935E-1	3,059375E+3	-6,052764E-1	3,059375E+3	6,667538E-1	3,059375E+3	-6,743504E-1	3,059375E+3	6,576146E-1	3,059375E+3	-5,871832E-1
3,060937E+3	7,706020E-1	3,060937E+3	-5,517591E-1	3,060937E+3	6,521693E-1	3,060937E+3	-6,009177E-1	3,060937E+3	6,775279E-1	3,060937E+3	-6,638298E-1	3,060937E+3	6,664126E-1	3,060937E+3	-5,776144E-1
3,062500E+3	7,799659E-1	3,062500E+3	-5,385323E-1	3,062500E+3	6,567964E-1	3,062500E+3	-5,963558E-1	3,062500E+3	6,881678E-1	3,062500E+3	-6,530690E-1	3,062500E+3	6,750398E-1	3,062500E+3	-5,679132E-1
3,064062E+3	7,888105E-1	3,064062E+3	-5,252438E-1	3,064062E+3	6,530442E-1	3,064062E+3	-6,015562E-1	3,064062E+3	6,985162E-1	3,064062E+3	-6,422590E-1	3,064062E+3	6,117550E-1	3,064062E+3	-6,406019E-1
3,065625E+3	7,974284E-1	3,065625E+3	-5,117995E-1	3,065625E+3	6,490202E-1	3,065625E+3	-6,074935E-1	3,065625E+3	7,087055E-1	3,065625E+3	-6,312463E-1	3,065625E+3	5,315186E-1	3,065625E+3	-7,215044E-1
3,067187E+3	8,058546E-1	3,067187E+3	-4,981519E-1	3,067187E+3	6,376213E-1	3,067187E+3	-6,213672E-1	3,067187E+3	7,184828E-1	3,067187E+3	-6,199777E-1	3,067187E+3	5,264683E-1	3,067187E+3	-7,251645E-1
3,068750E+3	8,140415E-1	3,068750E+3	-4,843575E-1	3,068750E+3	6,253388E-1	3,068750E+3	-6,364463E-1	3,068750E+3	7,280716E-1	3,068750E+3	-6,085724E-1	3,068750E+3	5,211310E-1	3,068750E+3	-7,292604E-1
3,070312E+3	8,221296E-1	3,070312E+3	-4,697050E-1	3,070312E+3	6,172764E-1	3,070312E+3	-6,449439E-1	3,070312E+3	7,383672E-1	3,070312E+3	-5,955507E-1	3,070312E+3	5,172099E-1	3,070312E+3	-7,321764E-1
3,071875E+3	8,299316E-1	3,071875E+3	-4,549097E-1	3,071875E+3	6,087136E-1	3,071875E+3	-6,541251E-1	3,071875E+3	7,480983E-1	3,071875E+3	-5,826077E-1	3,071875E+3	5,130725E-1	3,071875E+3	-7,354679E-1
3,073437E+3	8,374372E-1	3,073437E+3	-4,391517E-1	3,073437E+3	6,066572E-1	3,073437E+3	-6,565574E-1	3,073437E+3	7,571720E-1	3,073437E+3	-5,700762E-1	3,073437E+3	5,045008E-1	3,073437E+3	-7,413145E-1
3,075000E+3	8,446048E-1	3,075000E+3	-4,232813E-1	3,075000E+3	6,044557E-1	3,075000E+3	-6,593407E-1	3,075000E+3	7,660163E-1	3,075000E+3	-5,574394E-1	3,075000E+3	4,955406E-1	3,075000E+3	-7,476273E-1
3,076562E+3	8,515775E-1	3,076562E+3	-4,074977E-1	3,076562E+3	6,042106E-1	3,076562E+3	-6,602081E-1	3,076562E+3	7,747762E-1	3,076562E+3	-5,443786E-1	3,076562E+3	4,841814E-1	3,076562E+3	-7,547280E-1
3,078125E+3	8,582274E-1	3,078125E+3	-3,916138E-1	3,078125E+3	6,038937E-1	3,078125E+3	-6,613411E-1	3,078125E+3	7,833041E-1	3,078125E+3	-5,312205E-1	3,078125E+3	4,723424E-1	3,078125E+3	-7,622719E-1
3,079687E+3	8,644501E-1	3,079687E+3	-3,753638E-1	3,079687E+3	6,037247E-1	3,079687E+3	-6,623117E-1	3,079687E+3	7,919093E-1	3,079687E+3	-5,176472E-1	3,079687E+3	4,622870E-1	3,079687E+3	-7,681956E-1
3,081250E+3	8,703446E-1	3,081250E+3	-3,590290E-1	3,081250E+3	6,034909E-1	3,081250E+3	-6,635666E-1	3,081250E+3	8,002736E-1	3,081250E+3	-5,039721E-1	3,081250E+3	4,518753E-1	3,081250E+3	-7,744773E-1
3,082812E+3	8,356047E-1	3,082812E+3	-4,448420E-1	3,082812E+3	6,030640E-1	3,082812E+3	-6,644907E-1	3,082812E+3	7,451794E-1	3,082812E+3	-5,835352E-1	3,082812E+3	4,472451E-1	3,082812E+3	-7,773267E-1
3,084375E+3	7,863385E-1	3,084375E+3	-5,414106E-1	3,084375E+3	6,025730E-1	3,084375E+3	-6,656817E-1	3,084375E+3	6,738648E-1	3,084375E+3	-6,690012E-1	3,084375E+3	4,424994E-1	3,084375E+3	-7,804271E-1
3,085937E+3	7,787176E-1	3,085937E+3	-5,520317E-1	3,085937E+3	6,019379E-1	3,085937E+3	-6,666075E-1	3,085937E+3	6,708630E-1	3,085937E+3	-6,714296E-1	3,085937E+3	4,395423E-1	3,085937E+3	-7,823295E-1
3,087500E+3	7,704975E-1	3,087500E+3	-5,634306E-1	3,087500E+3	6,012464E-1	3,087500E+3	-6,677719E-1	3,087500E+3	6,676674E-1	3,087500E+3	-6,741629E-1	3,087500E+3	4,365314E-1	3,087500E+3	-7,844382E-1
3,089062E+3	7,745415E-1	3,089062E+3	-5,528733E-1	3,089062E+3	6,002884E-1	3,089062E+3	-6,687167E-1	3,089062E+3	6,664992E-1	3,089062E+3	-6,750344E-1	3,089062E+3	4,338623E-1	3,089062E+3	-7,856385E-1
3,090625E+3	7,758045E-1	3,090625E+3	-5,465564E-1	3,090625E+3	5,992780E-1	3,090625E+3	-6,698656E-1	3,090625E+3	6,652141E-1	3,090625E+3	-6,761377E-1	3,090625E+3	4,311583E-1	3,090625E+3	-7,870176E-1
3,092187E+3	7,748848E-1	3,092187E+3	-5,484954E-1	3,092187E+3	5,966308E-1	3,092187E+3	-6,724685E-1	3,092187E+3	6,610314E-1	3,092187E+3	-6,788254E-1	3,092187E+3	4,266231E-1	3,092187E+3	-7,888420E-1
3,093750E+3	7,740120E-1	3,093750E+3	-5,503068E-1	3,093750E+3	5,939150E-1	3,093750E+3	-6,752946E-1	3,093750E+3	6,574980E-1	3,093750E+3	-6,819245E-1	3,093750E+3	4,220435E-1	3,093750E+3	-7,908455E-1
3,095312E+3	7,720977E-1	3,095312E+3	-5,520590E-1	3,095312E+3	5,895670E-1	3,095312E+3	-6,793791E-1	3,095312E+3	6,524593E-1	3,095312E+3	-6,855078E-1	3,095312E+3	4,184367E-1	3,095312E+3	-7,922149E-1
3,096875E+3	7,700186E-1	3,096875E+3	-5,541197E-1	3,096875E+3	5,851301E-1	3,096875E+3	-6,837083E-1	3,096875E+3	6,472083E-1	3,096875E+3	-6,893503E-1	3,096875E+3	4,148250E-1	3,096875E+3	-7,937370E-1
3,098437E+3	7,672997E-1	3,098437E+3	-5,566841E-1	3,098437E+3	5,815067E-1	3,098437E+3	-6,868049E-1	3,098437E+3	6,435597E-1	3,098437E+3	-6,911581E-1	3,098437E+3	4,132469E-1	3,098437E+3	-7,941781E-1
3,100000E+3	7,644222E-1	3,100000E+3	-5,595406E-1	3,100000E+3	5,778364E-1	3,100000E+3	-6,901053E-1	3,100000E+3	6,397757E-1	3,100000E+3	-6,931609E-1	3,100000E+3	4,116989E-1	3,100000E+3	-7,947376E-1
3,101562E+3	7,626688E-1	3,101562E+3	-5,609762E-1	3,101562E+3	5,755971E-1	3,101562E+3	-6,919227E-1	3,101562E+3	6,369143E-1	3,101562E+3	-6,944246E-1	3,101562E+3	4,094793E-1	3,101562E+3	-7,951657E-1
3,103125E+3	7,608178E-1	3,103125E+3	-5,626391E-1	3,103125E+3	5,733553E-1	3,103125E+3	-6,938944E-1	3,103125E+3	6,339615E-1	3,103125E+3	-6,958508E-1	3,103125E+3	4,072992E-1	3,103125E+3	-7,957055E-1
3,104687E+3	7,590699E-1	3,104687E+3	-5,643793E-1	3,104687E+3	5,712854E-1	3,104687E+3	-6,955611E-1	3,104687E+3	6,302381E-1	3,104687E+3	-6,977766E-1	3,104687E+3	4,030922E-1	3,104687E+3	-7,968501E-1
3,106250E+3	7,572467E-1	3,106250E+3	-5,663319E-1	3,106250E+3	5,692316E-1	3,106250E+3	-6,973493E-1	3,106250E+3	6,264374E-1	3,106250E+3	-6,998508E-1	3,106250E+3	3,989332E-1	3,106250E+3	-7,981111E-1
3,107812E+3	7,543835E-1	3,107812E+3	-5,691014E-1	3,107812E+3	5,662705E-1	3,107812E+3	-7,002436E-1	3,107812E+3	6,224255E-1	3,107812E+3	-7,024379E-1	3,107812E+3	3,955077E-1	3,107812E+3	-7,989768E-1
3,109375E+3	7,514355E-1	3,109375E+3	-5,720807E-1	3,109375E+3	5,633347E-1	3,109375E+3	-7,032444E-1	3,109375E+3	6,183622E-1	3,109375E+3	-7,051560E-1	3,109375E+3	3,921562E-1	3,109375E+3	-7,999429E-1
3,110937E+3	7,479816E-1	3,110937E+3	-5,754829E-1	3,110937E+3	5,597814E-1	3,110937E+3	-7,066819E-1	3,110937E+3	6,126549E-1	3,110937E+3	-7,090195E-1	3,110937E+3	3,892145E-1	3,110937E+3	-8,006656E-1
3,112500E+3	7,444467E-1	3,112500E+3	-5,790841E-1	3,112500E+3	5,562751E-1	3,112500E+3	-7,101960E-1	3,112500E+3	6,068993E-1	3,112500E+3	-7,129940E-1	3,112500E+3	3,863667E-1	3,112500E+3	-8,014801E-1
3,114062E+3	7,409855E-1	3,114062E+3	-5,825526E-1	3,114062E+3	5,516872E-1	3,114062E+3	-7,137517E-1	3,114062E+3	6,001019E-1	3,114062E+3	-7,174071E-1	3,114062E+3	3,836209E-1	3,114062E+3	-8,020835E-1
3,115625E+3	7,374637E-1	3,115625E+3	-5,861947E-1	3,115625E+3	5,471728E-1	3,115625E+3	-7,173678E-1	3,115625E+3	5,932791E-1	3,115625E+3	-7,218904E-1	3,115625E+3	3,809917E-1	3,115625E+3	-8,027708E-1
3,117187E+3	7,349943E-1	3,117187E+3	-5,883197E-1	3,117187E+3	5,409307E-1	3,117187E+3	-7,216653E-1	3,117187E+3	5,877403E-1	3,117187E+3	-7,250357E-1	3,117187E+3	3,769208E-1	3,117187E+3	-8,040683E-1
3,118750E+3	7,325053E-1	3,118750E+3	-5,905831E-1	3,118750E+3	5,347812E-1	3,118750E+3	-7,260032E-1	3,118750E+3	5,822454E-1	3,118750E+3	-7,282020E-1	3,118750E+3	3,729970E-1	3,118750E+3	-8,054459E-1
3,120312E+3	7,303404E-1	3,120312E+3	-5,925638E-1	3,120312E+3	5,294474E-1	3,120312E+3	-7,293478E-1	3,120312E+3	5,781582E-1	3,120312E+3	-7,298676E-1	3,120312E+3	3,677546E-1	3,120312E+3	-8,071803E-1
3,121875E+3	7,281758E-1	3,121875E+3	-5,946594E-1	3,121875E+3	5,242489E-1	3,121875E+3	-7,327136E-1	3,121875E+3	5,741679E-1	3,121875E+3	-7,314610E-1	3,121875E+3	3,626920E-1	3,121875E+3	-8,089811E-1
3,123437E+3	7,246913E-1	3,123437E+3	-5,982077E-1	3,123437E+3	5,172227E-1	3,123437E+3	-7,371663E-1	3,123437E+3	5,682348E-1	3,123437E+3	-7,336393E-1	3,123437E+3	3,579836E-1	3,123437E+3	-8,104110E-1
3,125000E+3	7,211990E-1	3,125000E+3	-6,018726E-1	3,125000E+3	5,103649E-1	3,125000E+3	-7,416140E-1	3,125000E+3	5,620784E-1	3,125000E+3	-7,362875E-1	3,125000E+3	3,534815E-1	3,125000E+3	-8,118936E-1
3,126562E+3	7,140672E-1	3,126562E+3	-6,029446E-1	3,126562E+3	5,037801E-1	3,126562E+3	-7,450609E-1	3,126562E+3	5,565947E-1	3,126562E+3	-7,386945E-1	3,126562E+3	3,492312E-1	3,126562E+3	-8,128108E-1
3,128125E+3	7,092164E-1	3,128125E+3	-6,081944E-1	3,128125E+3	4,974126E-1	3,128125E+3	-7,484812E-1	3,128125E+3	5,512436E-1	3,128125E+3	-7,411008E-1	3,128125E+3	3,452102E-1	3,128125E+3	-8,137743E-1
3,129687E+3	7,057122E-1	3,129687E+3	-6,108740E-1	3,129687E+3	4,927444E-1	3,129687E+3	-7,505994E-1	3,129687E+3	5,422481E-1	3,129687E+3	-7,456832E-1	3,129687E+3	3,420051E-1	3,129687E+3	-8,139178E-1
3,131250E+3	7,023030E-1	3,131250E+3	-6,135262E-1	3,131250E+3	4,883252E-1	3,131250E+3	-7,526817E-1	3,131250E+3	5,334304E-1	3,131250E+3	-7,502032E-1	3,131250E+3	3,390458E-1	3,131250E+3	-8,141060E-1
3,132812E+3	6,975662E-1	3,132812E+3	-6,169371E-1	3,132812E+3	4,839975E-1	3,132812E+3	-7,544660E-1	3,132812E+3	5,237444E-1	3,132812E+3	-7,545668E-1	3,132812E+3	3,360890E-1	3,132812E+3	-8,142318E-1
3,134375E+3	6,929686E-1	3,134375E+3	-6,202912E-1	3,134375E+3	4,799531E-1	3,134375E+3	-7,562043E-1	3,134375E+3	5,143134E-1	3,134375E+3	-7,588227E-1	3,134375E+3	3,334030E-1	3,134375E+3	-8,143910E-1
3,135937E+3	6,886863E-1	3,135937E+3	-6,230259E-1	3,135937E+3	4,699437E-1	3,135937E+3	-7,609498E-1	3,135937E+3	5,059863E-1	3,135937E+3	-7,618957E-1	3,135937E+3	3,299600E-1	3,135937E+3	-8,146206E-1
3,137500E+3	6,845743E-1	3,137500E+3	-6,256702E-1	3,137500E+3	4,603343E-1	3,137500E+3	-7,655698E-1	3,137500E+3	4,979893E-1	3,137500E+3	-7,648681E-1	3,137500E+3	3,268233E-1	3,137500E+3	-8,148778E-1
3,139062E+3	6,817323E-1	3,139062E+3	-6,273335E-1	3,139062E+3	4,493771E-1	3,139062E+3	-7,709061E-1	3,139062E+3	4,888541E-1	3,139062E+3	-7,683207E-1	3,139062E+3	3,197415E-1	3,139062E+3	-8,158855E-1
3,140625E+3	6,790911E-1	3,140625E+3	-6,288929E-1	3,140625E+3	4,389159E-1	3,140625E+3	-7,760646E-1	3,140625E+3	4,801394E-1	3,140625E+3	-7,716443E-1	3,140625E+3	3,130648E-1	3,140625E+3	-8,169114E-1
3,142187E+3	6,745193E-1	3,142187E+3	-6,319617E-1	3,142187E+3	4,317072E-1	3,142187E+3	-7,792493E-1	3,142187E+3	4,732908E-1	3,142187E+3	-7,742778E-1	3,142187E+3	2,960971E-1	3,142187E+3	-8,189839E-1
3,143750E+3	6,702189E-1	3,143750E+3	-6,349032E-1	3,143750E+3	4,250061E-1	3,143750E+3	-7,822987E-1	3,143750E+3	4,669282E-1	3,143750E+3	-7,767828E-1	3,143750E+3	2,798181E-1	3,143750E+3	-8,209411E-1
3,145312E+3	6,631168E-1	3,145312E+3	-6,402362E-1	3,145312E+3	4,202355E-1	3,145312E+3	-7,839134E-1	3,145312E+3	4,601402E-1	3,145312E+3	-7,791690E-1	3,145312E+3	2,639402E-1	3,145312E+3	-8,227449E-1
3,146875E+3	6,563634E-1	3,146875E+3	-6,453535E-1	3,146875E+3	4,159684E-1	3,146875E+3	-7,854265E-1	3,146875E+3	4,539351E-1	3,146875E+3	-7,813947E-1	3,146875E+3	2,488224E-1	3,146875E+3	-8,244511E-1
3,148437E+3	6,474861E-1	3,148437E+3	-6,503555E-1	3,148437E+3	4,098059E-1	3,148437E+3	-7,871096E-1	3,148437E+3	4,461425E-1	3,148437E+3	-7,832561E-1	3,148437E+3	2,391987E-1	3,148437E+3	-8,261040E-1
3,150000E+3	6,384254E-1	3,150000E+3	-6,564434E-1	3,150000E+3	4,042366E-1	3,150000E+3	-7,886879E-1	3,150000E+3	4,390967E-1	3,150000E+3	-7,848989E-1	3,150000E+3	2,302208E-1	3,150000E+3	-8,277386E-1
3,151562E+3	6,365572E-1	3,151562E+3	-6,561286E-1	3,151562E+3	3,912251E-1	3,151562E+3	-7,931304E-1	3,151562E+3	4,269913E-1	3,151562E+3	-7,884060E-1	3,151562E+3	2,234396E-1	3,151562E+3	-8,289015E-1
3,153125E+3	6,350690E-1	3,153125E+3	-6,556313E-1	3,153125E+3	3,790840E-1	3,153125E+3	-7,973377E-1	3,153125E+3	4,159859E-1	3,153125E+3	-7,915295E-1	3,153125E+3	2,172784E-1	3,153125E+3	-8,300761E-1
3,154687E+3	6,338762E-1	3,154687E+3	-6,545492E-1	3,154687E+3	3,213331E-1	3,154687E+3	-8,151382E-1	3,154687E+3	1,561473E-1	3,154687E+3	-8,766535E-1	3,154687E+3	-3,529286E-1	3,154687E+3	-6,758347E-1
3,156250E+3	6,330684E-1	3,156250E+3	-6,532915E-1	3,156250E+3	2,664054E-1	3,156250E+3	-8,299704E-1	3,156250E+3	-7,605843E-2	3,156250E+3	-9,006143E-1	3,156250E+3	-6,635358E-1	3,156250E+3	-4,352341E-1
3,157812E+3	6,292223E-1	3,157812E+3	-6,548585E-1	3,157812E+3	-1,621511E-2	3,157812E+3	-8,812630E-1	3,157812E+3	-6,514758E-2	3,157812E+3	-9,046025E-1	3,157812E+3	-6,764324E-1	3,157812E+3	-4,125608E-1
3,159375E+3	6,258971E-1	3,159375E+3	-6,561739E-1	3,159375E+3	-2,570942E-1	3,159375E+3	-8,752812E-1	3,159375E+3	-5,311613E-2	3,159375E+3	-9,083623E-1	3,159375E+3	-6,882013E-1	3,159375E+3	-3,946036E-1
3,160937E+3	4,690688E-1	3,160937E+3	-7,820153E-1	3,160937E+3	-2,419876E-1	3,160937E+3	-8,795688E-1	3,160937E+3	-4,573952E-2	3,160937E+3	-9,111957E-1	3,160937E+3	-6,994263E-1	3,160937E+3	-3,801976E-1
3,162500E+3	3,146908E-1	3,162500E+3	-8,739709E-1	3,162500E+3	-2,261091E-1	3,162500E+3	-8,836852E-1	3,162500E+3	-3,733943E-2	3,162500E+3	-9,140102E-1	3,162500E+3	-7,097304E-1	3,162500E+3	-3,697717E-1
3,164062E+3	3,274123E-1	3,164062E+3	-8,701467E-1	3,164062E+3	-2,096625E-1	3,164062E+3	-8,874418E-1	3,164062E+3	-3,124484E-2	3,164062E+3	-9,150277E-1	3,164062E+3	-7,191872E-1	3,164062E+3	-3,621491E-1
3,165625E+3	3,405093E-1	3,165625E+3	-8,659931E-1	3,165625E+3	-1,925010E-1	3,165625E+3	-8,909225E-1	3,165625E+3	-2,414905E-2	3,165625E+3	-9,161704E-1	3,165625E+3	-7,277118E-1	3,165625E+3	-3,580272E-1
3,167187E+3	3,540166E-1	3,167187E+3	-8,604761E-1	3,167187E+3	-1,769269E-1	3,167187E+3	-8,939244E-1	3,167187E+3	-2,244324E-2	3,167187E+3	-9,160389E-1	3,167187E+3	-7,319370E-1	3,167187E+3	-3,553558E-1
3,168750E+3	3,678043E-1	3,168750E+3	-8,546447E-1	3,168750E+3	-1,606178E-1	3,168750E+3	-8,966829E-1	3,168750E+3	-1,942427E-2	3,168750E+3	-9,162297E-1	3,168750E+3	-7,352383E-1	3,168750E+3	-3,558977E-1
3,170312E+3	3,809154E-1	3,170312E+3	-8,489934E-1	3,170312E+3	-1,456001E-1	3,170312E+3	-8,988697E-1	3,170312E+3	-2,238545E-2	3,170312E+3	-9,141385E-1	3,170312E+3	-7,395157E-1	3,170312E+3	-3,562510E-1
3,171875E+3	3,943304E-1	3,171875E+3	-8,430146E-1	3,171875E+3	-1,299145E-1	3,171875E+3	-9,008846E-1	3,171875E+3	-2,359212E-2	3,171875E+3	-9,126901E-1	3,171875E+3	-7,430417E-1	3,171875E+3	-3,594739E-1
3,173437E+3	4,077135E-1	3,173437E+3	-8,362943E-1	3,173437E+3	-1,168889E-1	3,173437E+3	-9,030045E-1	3,173437E+3	-1,413380E-1	3,173437E+3	-8,401593E-1	3,173437E+3	-7,452175E-1	3,173437E+3	-3,618220E-1
3,175000E+3	4,213477E-1	3,175000E+3	-8,292469E-1	3,175000E+3	-1,031260E-1	3,175000E+3	-9,050606E-1	3,175000E+3	-2,291839E-1	3,175000E+3	-7,895259E-1	3,175000E+3	-7,470181E-1	3,175000E+3	-3,667902E-1
3,176562E+3	1,790499E-1	3,176562E+3	-8,548014E-1	3,176562E+3	-9,158612E-2	3,176562E+3	-9,065918E-1	3,176562E+3	-2,848805E-1	3,176562E+3	-7,574828E-1	3,176562E+3	-7,467381E-1	3,176562E+3	-3,711450E-1
3,178125E+3	1,524972E-2	3,178125E+3	-8,720176E-1	3,178125E+3	-7,923981E-2	3,178125E+3	-9,081576E-1	3,178125E+3	-3,283413E-1	3,178125E+3	-7,381127E-1	3,178125E+3	-7,463305E-1	3,178125E+3	-3,778896E-1
3,179687E+3	3,465716E-2	3,179687E+3	-8,746323E-1	3,179687E+3	-3,727605E-1	3,179687E+3	-7,553691E-1	3,179687E+3	-3,805240E-1	3,179687E+3	-6,949400E-1	3,179687E+3	-7,380652E-1	3,179687E+3	-3,839051E-1
3,181250E+3	5,499085E-2	3,181250E+3	-8,767899E-1	3,181250E+3	-5,463473E-1	3,181250E+3	-6,813969E-1	3,181250E+3	-4,223069E-1	3,181250E+3	-6,727230E-1	3,181250E+3	-7,284648E-1	3,181250E+3	-3,914691E-1
3,182812E+3	7,522995E-2	3,182812E+3	-8,789563E-1	3,182812E+3	-5,307152E-1	3,182812E+3	-6,989442E-1	3,182812E+3	-4,685592E-1	3,182812E+3	-6,287249E-1	3,182812E+3	-7,281686E-1	3,182812E+3	-3,981163E-1
3,184375E+3	9,637597E-2	3,184375E+3	-8,805224E-1	3,184375E+3	-5,138859E-1	3,184375E+3	-7,166023E-1	3,184375E+3	-5,085635E-1	3,184375E+3	-6,121383E-1	3,184375E+3	-7,275678E-1	3,184375E+3	-4,070994E-1
3,185937E+3	1,166472E-1	3,185937E+3	-8,814718E-1	3,185937E+3	-4,981062E-1	3,185937E+3	-7,325851E-1	3,185937E+3	-5,380326E-1	3,185937E+3	-5,666952E-1	3,185937E+3	-7,180151E-1	3,185937E+3	-4,113623E-1
3,187500E+3	1,377774E-1	3,187500E+3	-8,818263E-1	3,187500E+3	-4,810873E-1	3,187500E+3	-7,487974E-1	3,187500E+3	-5,741473E-1	3,187500E+3	-5,532434E-1	3,187500E+3	-7,082200E-1	3,187500E+3	-4,172180E-1
3,189062E+3	1,580694E-1	3,189062E+3	-8,807332E-1	3,189062E+3	-4,494775E-1	3,189062E+3	-7,557964E-1	3,189062E+3	-5,913044E-1	3,189062E+3	-5,231511E-1	3,189062E+3	-7,050158E-1	3,189062E+3	-4,237151E-1
3,190625E+3	1,791107E-1	3,190625E+3	-8,791218E-1	3,190625E+3	-4,166054E-1	3,190625E+3	-7,603916E-1	3,190625E+3	-6,227624E-1	3,190625E+3	-5,221031E-1	3,190625E+3	-7,018381E-1	3,190625E+3	-4,323293E-1
3,192187E+3	-1,491403E-1	3,192187E+3	-4,895840E-1	3,192187E+3	-4,020871E-1	3,192187E+3	-7,703880E-1	3,192187E+3	-6,324925E-1	3,192187E+3	-4,988383E-1	3,192187E+3	-6,992982E-1	3,192187E+3	-4,390805E-1
3,193750E+3	-4,966966E-1	3,193750E+3	-6,850521E-1	3,193750E+3	-3,866967E-1	3,193750E+3	-7,809677E-1	3,193750E+3	-6,639084E-1	3,193750E+3	-4,898221E-1	3,193750E+3	-6,968048E-1	3,193750E+3	-4,482340E-1
3,195312E+3	-5,051938E-1	3,195312E+3	-6,802656E-1	3,195312E+3	-2,260736E-1	3,195312E+3	-3,284648E-1	3,195312E+3	-6,478362E-1	3,195312E+3	-4,899736E-1	3,195312E+3	-6,921264E-1	3,195312E+3	-4,546564E-1
3,196875E+3	-5,271570E-1	3,196875E+3	-6,820811E-1	3,196875E+3	-8,692161E-1	3,196875E+3	-2,763281E-2	3,196875E+3	-6,437319E-1	3,196875E+3	-4,956102E-1	3,196875E+3	-6,879555E-1	3,196875E+3	-4,634260E-1
3,198437E+3	-5,289537E-1	3,198437E+3	-6,847663E-1	3,198437E+3	-8,747355E-1	3,198437E+3	-4,086548E-2	3,198437E+3	-6,490917E-1	3,198437E+3	-4,875864E-1	3,198437E+3	-3,969133E-1	3,198437E+3	-1,938635E-1
3,200000E+3	-5,397822E-1	3,200000E+3	-6,905691E-1	3,200000E+3	-8,817841E-1	3,200000E+3	-5,313490E-2	3,200000E+3	-6,657285E-1	3,200000E+3	-4,791776E-1	3,200000E+3	-7,470634E-1	3,200000E+3	4,047017E-1
3,201562E+3	-5,334032E-1	3,201562E+3	-6,988087E-1	3,201562E+3	-8,880551E-1	3,201562E+3	-6,800011E-2	3,201562E+3	-6,718370E-1	3,201562E+3	-4,764729E-1	3,201562E+3	-7,543240E-1	3,201562E+3	3,834025E-1
3,203125E+3	-5,328040E-1	3,203125E+3	-7,085387E-1	3,203125E+3	-8,957009E-1	3,203125E+3	-8,219477E-2	3,203125E+3	-6,862917E-1	3,203125E+3	-4,731382E-1	3,203125E+3	-7,608587E-1	3,203125E+3	3,623331E-1
3,204687E+3	-5,216447E-1	3,204687E+3	-7,206670E-1	3,204687E+3	-8,993837E-1	3,204687E+3	-9,756155E-2	3,204687E+3	-6,885713E-1	3,204687E+3	-4,725507E-1	3,204687E+3	-7,659868E-1	3,204687E+3	3,456430E-1
3,206250E+3	-5,143317E-1	3,206250E+3	-7,339146E-1	3,206250E+3	-9,040757E-1	3,206250E+3	-1,120508E-1	3,206250E+3	-6,965959E-1	3,206250E+3	-4,700750E-1	3,206250E+3	-7,707905E-1	3,206250E+3	3,295154E-1
3,207812E+3	-5,010040E-1	3,207812E+3	-7,445660E-1	3,207812E+3	-8,819436E-1	3,207812E+3	-1,497212E-1	3,207812E+3	-6,991550E-1	3,207812E+3	-4,720566E-1	3,207812E+3	-7,756742E-1	3,207812E+3	3,173235E-1
3,209375E+3	-4,907300E-1	3,209375E+3	-7,555189E-1	3,209375E+3	-8,577022E-1	3,209375E+3	-1,845908E-1	3,209375E+3	-7,063712E-1	3,209375E+3	-4,725332E-1	3,209375E+3	-7,805723E-1	3,209375E+3	3,059599E-1
3,210937E+3	-4,781291E-1	3,210937E+3	-7,654549E-1	3,210937E+3	-8,354573E-1	3,210937E+3	-2,097880E-1	3,210937E+3	-7,069812E-1	3,210937E+3	-4,759498E-1	3,210937E+3	-7,834420E-1	3,210937E+3	2,953503E-1
3,212500E+3	-4,682249E-1	3,212500E+3	-7,755846E-1	3,212500E+3	-8,131438E-1	3,212500E+3	-2,324446E-1	3,212500E+3	-7,111328E-1	3,212500E+3	-4,778039E-1	3,212500E+3	-7,863664E-1	3,212500E+3	2,857683E-1
3,214062E+3	-4,025016E-1	3,214062E+3	-7,886732E-1	3,214062E+3	-8,111786E-1	3,214062E+3	-2,430003E-1	3,214062E+3	-7,114358E-1	3,214062E+3	-4,827406E-1	3,214062E+3	-7,868197E-1	3,214062E+3	2,775909E-1
3,215625E+3	-3,390777E-1	3,215625E+3	-7,949132E-1	3,215625E+3	-8,102299E-1	3,215625E+3	-2,525983E-1	3,215625E+3	-7,147327E-1	3,215625E+3	-4,864016E-1	3,215625E+3	-7,874191E-1	3,215625E+3	2,706562E-1
3,217187E+3	-3,295171E-1	3,217187E+3	-8,003414E-1	3,217187E+3	-8,059498E-1	3,217187E+3	-2,630293E-1	3,217187E+3	-7,111605E-1	3,217187E+3	-4,930494E-1	3,217187E+3	-7,871222E-1	3,217187E+3	2,674178E-1
3,218750E+3	-3,218620E-1	3,218750E+3	-8,058829E-1	3,218750E+3	-8,024161E-1	3,218750E+3	-2,724086E-1	3,218750E+3	-7,095696E-1	3,218750E+3	-4,984515E-1	3,218750E+3	-7,871381E-1	3,218750E+3	2,657953E-1
3,220312E+3	-3,100148E-1	3,220312E+3	-8,110229E-1	3,220312E+3	-8,000490E-1	3,220312E+3	-2,798341E-1	3,220312E+3	-6,805755E-1	3,220312E+3	-5,003109E-1	3,220312E+3	-7,858213E-1	3,220312E+3	2,678589E-1
3,221875E+3	-2,996850E-1	3,221875E+3	-8,160479E-1	3,221875E+3	-7,988041E-1	3,221875E+3	-2,861101E-1	3,221875E+3	-6,543842E-1	3,221875E+3	-5,014250E-1	3,221875E+3	-7,848375E-1	3,221875E+3	2,721000E-1
3,223437E+3	-2,873401E-1	3,223437E+3	-8,215676E-1	3,223437E+3	-7,966390E-1	3,223437E+3	-2,899539E-1	3,223437E+3	-6,457190E-1	3,223437E+3	-5,109500E-1	3,223437E+3	-7,797336E-1	3,223437E+3	2,868076E-1
3,225000E+3	-2,763246E-1	3,225000E+3	-8,270324E-1	3,225000E+3	-7,957880E-1	3,225000E+3	-2,923970E-1	3,225000E+3	-6,377165E-1	3,225000E+3	-5,198466E-1	3,225000E+3	-7,747426E-1	3,225000E+3	3,054515E-1
3,226562E+3	-2,637721E-1	3,226562E+3	-8,324939E-1	3,226562E+3	-8,294602E-1	3,226562E+3	-1,349687E-1	3,226562E+3	-6,275030E-1	3,226562E+3	-5,316897E-1	3,226562E+3	-7,588731E-1	3,226562E+3	3,460443E-1
3,228125E+3	-2,524232E-1	3,228125E+3	-8,379300E-1	3,228125E+3	-8,578617E-1	3,228125E+3	1,143820E-1	3,228125E+3	-6,176287E-1	3,228125E+3	-5,430773E-1	3,228125E+3	-7,405654E-1	3,228125E+3	3,954117E-1
3,229687E+3	-4,340609E-1	3,229687E+3	-7,385937E-1	3,229687E+3	-8,544849E-1	3,229687E+3	1,328714E-1	3,229687E+3	-7,223035E-1	3,229687E+3	-3,545225E-1	3,229687E+3	-7,281543E-1	3,229687E+3	4,186033E-1
3,231250E+3	-7,874179E-1	3,231250E+3	-4,261063E-1	3,231250E+3	-8,513984E-1	3,231250E+3	1,546067E-1	3,231250E+3	-8,521145E-1	3,231250E+3	8,700143E-2	3,231250E+3	-7,146479E-1	3,231250E+3	4,458387E-1
3,232812E+3	-7,902524E-1	3,232812E+3	-4,276135E-1	3,232812E+3	-8,512325E-1	3,232812E+3	1,482804E-1	3,232812E+3	-8,507602E-1	3,232812E+3	6,776321E-2	3,232812E+3	-7,103694E-1	3,232812E+3	4,519060E-1
3,234375E+3	-7,947898E-1	3,234375E+3	-4,274371E-1	3,234375E+3	-8,511789E-1	3,234375E+3	1,427772E-1	3,234375E+3	-8,490741E-1	3,234375E+3	4,883936E-2	3,234375E+3	-7,059222E-1	3,234375E+3	4,595444E-1
3,235937E+3	-7,905557E-1	3,235937E+3	-4,414845E-1	3,235937E+3	-8,513682E-1	3,235937E+3	1,331389E-1	3,235937E+3	-8,475739E-1	3,235937E+3	3,166261E-2	3,235937E+3	-7,047909E-1	3,235937E+3	4,604783E-1
3,237500E+3	-7,868454E-1	3,237500E+3	-4,549296E-1	3,237500E+3	-8,516041E-1	3,237500E+3	1,240482E-1	3,237500E+3	-8,458450E-1	3,237500E+3	1,475367E-2	3,237500E+3	-7,036265E-1	3,237500E+3	4,623975E-1
3,239062E+3	-7,153400E-1	3,239062E+3	-4,830332E-1	3,239062E+3	-8,496685E-1	3,239062E+3	1,141569E-1	3,239062E+3	-8,443391E-1	3,239062E+3	-2,143218E-3	3,239062E+3	-7,037881E-1	3,239062E+3	4,605677E-1
3,240625E+3	-6,574075E-1	3,240625E+3	-5,012734E-1	3,240625E+3	-8,478496E-1	3,240625E+3	1,046823E-1	3,240625E+3	-8,426131E-1	3,240625E+3	-1,879519E-2	3,240625E+3	-7,039699E-1	3,240625E+3	4,594539E-1
3,242187E+3	-6,484527E-1	3,242187E+3	-5,130586E-1	3,242187E+3	-8,455739E-1	3,242187E+3	9,648753E-2	3,242187E+3	-8,394230E-1	3,242187E+3	-3,236233E-2	3,242187E+3	-7,046265E-1	3,242187E+3	4,562037E-1
3,243750E+3	-6,396329E-1	3,243750E+3	-5,244835E-1	3,243750E+3	-8,434831E-1	3,243750E+3	8,864110E-2	3,243750E+3	-8,362259E-1	3,243750E+3	-4,574947E-2	3,243750E+3	-7,053295E-1	3,243750E+3	4,535359E-1
3,245312E+3	-6,301461E-1	3,245312E+3	-5,364519E-1	3,245312E+3	-8,414710E-1	3,245312E+3	8,218830E-2	3,245312E+3	-8,320887E-1	3,245312E+3	-5,533338E-2	3,245312E+3	-7,061083E-1	3,245312E+3	4,501880E-1
3,246875E+3	-6,207707E-1	3,246875E+3	-5,480785E-1	3,246875E+3	-8,396910E-1	3,246875E+3	7,601285E-2	3,246875E+3	-8,281336E-1	3,246875E+3	-6,493763E-2	3,246875E+3	-7,069638E-1	3,246875E+3	4,473661E-1
3,248437E+3	-6,101535E-1	3,248437E+3	-5,603065E-1	3,248437E+3	-8,373348E-1	3,248437E+3	7,054055E-2	3,248437E+3	-8,251915E-1	3,248437E+3	-7,536723E-2	3,248437E+3	-7,076031E-1	3,248437E+3	4,442884E-1
3,250000E+3	-5,995978E-1	3,250000E+3	-5,721868E-1	3,250000E+3	-8,352518E-1	3,250000E+3	6,525329E-2	3,250000E+3	-8,223200E-1	3,250000E+3	-8,573283E-2	3,250000E+3	-7,083551E-1	3,250000E+3	4,416779E-1
3,251562E+3	-5,879648E-1	3,251562E+3	-5,840302E-1	3,251562E+3	-8,336058E-1	3,251562E+3	5,960112E-2	3,251562E+3	-8,190211E-1	3,251562E+3	-9,652545E-2	3,251562E+3	-7,084779E-1	3,251562E+3	4,403201E-1
3,253125E+3	-5,763772E-1	3,253125E+3	-5,955198E-1	3,253125E+3	-8,321875E-1	3,253125E+3	5,415246E-2	3,253125E+3	-8,157644E-1	3,253125E+3	-1,072499E-1	3,253125E+3	-7,087713E-1	3,253125E+3	4,394218E-1
3,254687E+3	-5,642121E-1	3,254687E+3	-6,052277E-1	3,254687E+3	-8,305310E-1	3,254687E+3	4,812700E-2	3,254687E+3	-8,120977E-1	3,254687E+3	-1,173778E-1	3,254687E+3	-7,082226E-1	3,254687E+3	4,387568E-1
3,256250E+3	-5,521540E-1	3,256250E+3	-6,146101E-1	3,256250E+3	-8,290856E-1	3,256250E+3	4,227849E-2	3,256250E+3	-8,085007E-1	3,256250E+3	-1,274852E-1	3,256250E+3	-7,079078E-1	3,256250E+3	4,384792E-1
3,257812E+3	-5,439009E-1	3,257812E+3	-6,130482E-1	3,257812E+3	-8,268455E-1	3,257812E+3	3,587587E-2	3,257812E+3	-8,040754E-1	3,257812E+3	-1,360439E-1	3,257812E+3	-7,063132E-1	3,257812E+3	4,385435E-1
3,259375E+3	-5,358948E-1	3,259375E+3	-6,119151E-1	3,259375E+3	-8,248185E-1	3,259375E+3	2,958264E-2	3,259375E+3	-7,997998E-1	3,259375E+3	-1,446715E-1	3,259375E+3	-7,050736E-1	3,259375E+3	4,389388E-1
3,260937E+3	-5,318876E-1	3,260937E+3	-6,100803E-1	3,260937E+3	-8,222241E-1	3,260937E+3	2,581655E-2	3,260937E+3	-7,955885E-1	3,260937E+3	-1,500333E-1	3,260937E+3	-6,568932E-1	3,260937E+3	4,969989E-1
3,262500E+3	-5,279183E-1	3,262500E+3	-6,087681E-1	3,262500E+3	-8,199668E-1	3,262500E+3	2,198640E-2	3,262500E+3	-7,916318E-1	3,262500E+3	-1,557089E-1	3,262500E+3	-6,362860E-1	3,262500E+3	5,268378E-1
3,264062E+3	-5,221146E-1	3,264062E+3	-6,102256E-1	3,264062E+3	-8,172380E-1	3,264062E+3	2,240911E-2	3,264062E+3	-7,881685E-1	3,264062E+3	-1,576802E-1	3,264062E+3	-6,348070E-1	3,264062E+3	5,276114E-1
3,265625E+3	-5,163878E-1	3,265625E+3	-6,119099E-1	3,265625E+3	-8,150034E-1	3,265625E+3	2,239844E-2	3,265625E+3	-7,850111E-1	3,265625E+3	-1,602610E-1	3,265625E+3	-6,343213E-1	3,265625E+3	5,283046E-1
3,267187E+3	-5,117228E-1	3,267187E+3	-6,123057E-1	3,267187E+3	-8,128520E-1	3,267187E+3	2,428366E-2	3,267187E+3	-7,833793E-1	3,267187E+3	-1,594091E-1	3,267187E+3	-6,351991E-1	3,267187E+3	5,272085E-1
3,268750E+3	-5,071435E-1	3,268750E+3	-6,129644E-1	3,268750E+3	-8,112018E-1	3,268750E+3	2,556310E-2	3,268750E+3	-7,819843E-1	3,268750E+3	-1,592805E-1	3,268750E+3	-6,366734E-1	3,268750E+3	5,261555E-1
3,270312E+3	-5,059018E-1	3,270312E+3	-6,099072E-1	3,270312E+3	-8,098060E-1	3,270312E+3	2,516351E-2	3,270312E+3	-7,824963E-1	3,270312E+3	-1,544625E-1	3,270312E+3	-6,384373E-1	3,270312E+3	5,250466E-1
3,271875E+3	-5,046430E-1	3,271875E+3	-6,073489E-1	3,271875E+3	-8,088225E-1	3,271875E+3	2,435469E-2	3,271875E+3	-7,832405E-1	3,271875E+3	-1,499633E-1	3,271875E+3	-6,407403E-1	3,271875E+3	5,239777E-1
3,273437E+3	-5,073415E-1	3,273437E+3	-6,001667E-1	3,273437E+3	-8,080220E-1	3,273437E+3	2,046165E-2	3,273437E+3	-7,848061E-1	3,273437E+3	-1,410628E-1	3,273437E+3	-6,428070E-1	3,273437E+3	5,225641E-1
3,275000E+3	-5,098049E-1	3,275000E+3	-5,938231E-1	3,275000E+3	-8,075270E-1	3,275000E+3	1,628297E-2	3,275000E+3	-7,866713E-1	3,275000E+3	-1,321073E-1	3,275000E+3	-6,455265E-1	3,275000E+3	5,211178E-1
3,276562E+3	-5,137896E-1	3,276562E+3	-5,861182E-1	3,276562E+3	-8,070288E-1	3,276562E+3	9,781835E-3	3,276562E+3	-7,878530E-1	3,276562E+3	-1,266565E-1	3,276562E+3	-6,464206E-1	3,276562E+3	5,206396E-1
3,278125E+3	-5,174403E-1	3,278125E+3	-5,793807E-1	3,278125E+3	-8,067366E-1	3,278125E+3	2,987307E-3	3,278125E+3	-7,894166E-1	3,278125E+3	-1,213976E-1	3,278125E+3	-6,481652E-1	3,278125E+3	5,201134E-1
3,279687E+3	-5,191679E-1	3,279687E+3	-5,744721E-1	3,279687E+3	-7,983185E-1	3,279687E+3	1,534250E-1	3,279687E+3	-7,951174E-1	3,279687E+3	-7,476275E-2	3,279687E+3	-6,440071E-1	3,279687E+3	5,239480E-1
3,281250E+3	-5,205936E-1	3,281250E+3	-5,704939E-1	3,281250E+3	-7,851500E-1	3,281250E+3	2,421926E-1	3,281250E+3	-7,993521E-1	3,281250E+3	-2,458658E-2	3,281250E+3	-6,413089E-1	3,281250E+3	5,276879E-1
3,282812E+3	-5,204253E-1	3,282812E+3	-5,685178E-1	3,282812E+3	-7,825268E-1	3,282812E+3	2,518771E-1	3,282812E+3	-8,159396E-1	3,282812E+3	1,623402E-1	3,282812E+3	-5,890894E-1	3,282812E+3	5,515654E-1
3,284375E+3	-5,199971E-1	3,284375E+3	-5,673711E-1	3,284375E+3	-7,800630E-1	3,284375E+3	2,618148E-1	3,284375E+3	-8,197661E-1	3,284375E+3	2,827873E-1	3,284375E+3	-5,851873E-1	3,284375E+3	5,846083E-1
3,285937E+3	-5,540739E-1	3,285937E+3	-5,300710E-1	3,285937E+3	-7,790269E-1	3,285937E+3	2,658089E-1	3,285937E+3	-8,197341E-1	3,285937E+3	2,769585E-1	3,285937E+3	-5,823426E-1	3,285937E+3	5,858387E-1
3,287500E+3	-5,891555E-1	3,287500E+3	-4,873719E-1	3,287500E+3	-7,785994E-1	3,287500E+3	2,693078E-1	3,287500E+3	-8,200812E-1	3,287500E+3	2,706581E-1	3,287500E+3	-5,811864E-1	3,287500E+3	5,898716E-1
3,289062E+3	-6,230701E-1	3,289062E+3	-4,710393E-1	3,289062E+3	-7,739948E-1	3,289062E+3	2,806847E-1	3,289062E+3	-8,181954E-1	3,289062E+3	2,674672E-1	3,289062E+3	-5,834945E-1	3,289062E+3	6,008965E-1
3,290625E+3	-6,603207E-1	3,290625E+3	-4,543350E-1	3,290625E+3	-7,719911E-1	3,290625E+3	2,892731E-1	3,290625E+3	-8,171111E-1	3,290625E+3	2,633196E-1	3,290625E+3	-5,867072E-1	3,290625E+3	6,144447E-1
3,292187E+3	-6,558109E-1	3,292187E+3	-4,515916E-1	3,292187E+3	-7,719825E-1	3,292187E+3	3,130286E-1	3,292187E+3	-8,117244E-1	3,292187E+3	2,676836E-1	3,292187E+3	-5,899761E-1	3,292187E+3	6,081483E-1
3,293750E+3	-6,511022E-1	3,293750E+3	-4,500025E-1	3,293750E+3	-7,775155E-1	3,293750E+3	3,316173E-1	3,293750E+3	-8,085515E-1	3,293750E+3	2,697566E-1	3,293750E+3	-5,934413E-1	3,293750E+3	6,042351E-1
3,295312E+3	-6,489323E-1	3,295312E+3	-4,428789E-1	3,295312E+3	-7,696404E-1	3,295312E+3	3,403154E-1	3,295312E+3	-7,981096E-1	3,295312E+3	2,874069E-1	3,295312E+3	-5,949246E-1	3,295312E+3	5,988308E-1
3,296875E+3	-6,464376E-1	3,296875E+3	-4,375159E-1	3,296875E+3	-7,673227E-1	3,296875E+3	3,452886E-1	3,296875E+3	-7,936115E-1	3,296875E+3	2,994510E-1	3,296875E+3	-5,962165E-1	3,296875E+3	5,964173E-1
3,298437E+3	-6,427645E-1	3,298437E+3	-4,326069E-1	3,298437E+3	-7,462163E-1	3,298437E+3	3,671877E-1	3,298437E+3	-7,858492E-1	3,298437E+3	3,084847E-1	3,298437E+3	-5,889226E-1	3,298437E+3	5,981662E-1
3,300000E+3	-6,389013E-1	3,300000E+3	-4,290136E-1	3,300000E+3	-7,435743E-1	3,300000E+3	3,830346E-1	3,300000E+3	-7,819730E-1	3,300000E+3	3,144147E-1	3,300000E+3	-5,797726E-1	3,300000E+3	6,088408E-1
3,301562E+3	-6,359008E-1	3,301562E+3	-4,245487E-1	3,301562E+3	-7,252071E-1	3,301562E+3	4,329162E-1	3,301562E+3	-7,761854E-1	3,301562E+3	3,238204E-1	3,301562E+3	-5,790199E-1	3,301562E+3	6,065821E-1
3,303125E+3	-6,326741E-1	3,303125E+3	-4,211718E-1	3,303125E+3	-7,095098E-1	3,303125E+3	4,857174E-1	3,303125E+3	-7,743161E-1	3,303125E+3	3,308270E-1	3,303125E+3	-5,775618E-1	3,303125E+3	6,064128E-1
3,304687E+3	-7,354335E-1	3,304687E+3	-2,492883E-1	3,304687E+3	-6,270170E-1	3,304687E+3	6,140359E-1	3,304687E+3	-7,644771E-1	3,304687E+3	3,446411E-1	3,304687E+3	-4,772798E-1	3,304687E+3	7,141063E-1
3,306250E+3	-7,791344E-1	3,306250E+3	-1,560488E-1	3,306250E+3	-5,128833E-1	3,306250E+3	7,473165E-1	3,306250E+3	-7,606738E-1	3,306250E+3	3,561390E-1	3,306250E+3	-3,445568E-1	3,306250E+3	8,230556E-1
3,307812E+3	-8,171690E-1	3,307812E+3	8,184105E-2	3,307812E+3	-5,211476E-1	3,307812E+3	7,399772E-1	3,307812E+3	-7,183751E-1	3,307812E+3	4,539725E-1	3,307812E+3	-3,540593E-1	3,307812E+3	8,186463E-1
3,309375E+3	-7,860977E-1	3,309375E+3	3,944381E-1	3,309375E+3	-5,301714E-1	3,309375E+3	7,342960E-1	3,309375E+3	-6,688879E-1	3,309375E+3	5,562485E-1	3,309375E+3	-3,631943E-1	3,309375E+3	8,144184E-1
3,310937E+3	-7,867806E-1	3,310937E+3	3,891408E-1	3,310937E+3	-5,373313E-1	3,310937E+3	7,271040E-1	3,310937E+3	-6,134519E-1	3,310937E+3	6,393815E-1	3,310937E+3	-3,719476E-1	3,310937E+3	8,098874E-1
3,312500E+3	-7,892397E-1	3,312500E+3	3,824272E-1	3,312500E+3	-5,449638E-1	3,312500E+3	7,220509E-1	3,312500E+3	-5,502443E-1	3,312500E+3	7,256236E-1	3,312500E+3	-3,803020E-1	3,312500E+3	8,055885E-1
3,314062E+3	-7,890590E-1	3,314062E+3	3,794993E-1	3,314062E+3	-5,109650E-1	3,314062E+3	7,186445E-1	3,314062E+3	-5,056769E-1	3,314062E+3	7,122534E-1	3,314062E+3	-3,874308E-1	3,314062E+3	8,017092E-1
3,315625E+3	-7,911317E-1	3,315625E+3	3,746878E-1	3,315625E+3	-4,561258E-1	3,315625E+3	7,777629E-1	3,315625E+3	-4,619073E-1	3,315625E+3	7,837717E-1	3,315625E+3	-3,940730E-1	3,315625E+3	7,982036E-1
3,317187E+3	-7,875438E-1	3,317187E+3	3,783111E-1	3,317187E+3	-4,673647E-1	3,317187E+3	7,707794E-1	3,317187E+3	-4,746104E-1	3,317187E+3	7,755647E-1	3,317187E+3	-3,994412E-1	3,317187E+3	7,948062E-1
3,318750E+3	-7,882360E-1	3,318750E+3	3,786042E-1	3,318750E+3	-4,784495E-1	3,318750E+3	7,637387E-1	3,318750E+3	-4,871438E-1	3,318750E+3	7,672600E-1	3,318750E+3	-4,041958E-1	3,318750E+3	7,919416E-1
3,320312E+3	-7,441139E-1	3,320312E+3	4,278177E-1	3,320312E+3	-4,888398E-1	3,320312E+3	7,567757E-1	3,320312E+3	-4,988055E-1	3,320312E+3	7,590945E-1	3,320312E+3	-4,058409E-1	3,320312E+3	7,901189E-1
3,321875E+3	-7,427994E-1	3,321875E+3	4,573650E-1	3,321875E+3	-4,990546E-1	3,321875E+3	7,498133E-1	3,321875E+3	-5,102707E-1	3,321875E+3	7,508971E-1	3,321875E+3	-4,064896E-1	3,321875E+3	7,892905E-1
3,323437E+3	-7,487562E-1	3,323437E+3	4,463445E-1	3,323437E+3	-5,086729E-1	3,323437E+3	7,429077E-1	3,323437E+3	-5,209786E-1	3,323437E+3	7,428495E-1	3,323437E+3	-4,045064E-1	3,323437E+3	7,897260E-1
3,325000E+3	-7,553862E-1	3,325000E+3	4,351720E-1	3,325000E+3	-5,180993E-1	3,325000E+3	7,360579E-1	3,325000E+3	-5,314812E-1	3,325000E+3	7,348682E-1	3,325000E+3	-4,011707E-1	3,325000E+3	7,915387E-1
3,326562E+3	-7,611537E-1	3,326562E+3	4,230546E-1	3,326562E+3	-5,268991E-1	3,326562E+3	7,294304E-1	3,326562E+3	-5,413632E-1	3,326562E+3	7,272559E-1	3,326562E+3	-4,066761E-1	3,326562E+3	7,892647E-1
3,328125E+3	-7,675363E-1	3,328125E+3	4,107816E-1	3,328125E+3	-5,355067E-1	3,328125E+3	7,228723E-1	3,328125E+3	-5,510446E-1	3,328125E+3	7,197821E-1	3,328125E+3	-4,119636E-1	3,328125E+3	7,871655E-1
3,329687E+3	-7,727612E-1	3,329687E+3	3,995611E-1	3,329687E+3	-5,417990E-1	3,329687E+3	7,185368E-1	3,329687E+3	-5,602678E-1	3,329687E+3	7,121816E-1	3,329687E+3	-3,916441E-1	3,329687E+3	8,019865E-1
3,331250E+3	-7,787506E-1	3,331250E+3	3,882580E-1	3,331250E+3	-5,479606E-1	3,331250E+3	7,143604E-1	3,331250E+3	-5,692887E-1	3,331250E+3	7,047287E-1	3,331250E+3	-3,709603E-1	3,331250E+3	8,168625E-1
3,332812E+3	-7,827137E-1	3,332812E+3	3,811554E-1	3,332812E+3	-5,241605E-1	3,332812E+3	7,387389E-1	3,332812E+3	-5,704814E-1	3,332812E+3	7,061823E-1	3,332812E+3	-3,659804E-1	3,332812E+3	8,207002E-1
3,334375E+3	-7,877535E-1	3,334375E+3	3,740728E-1	3,334375E+3	-4,994476E-1	3,334375E+3	7,631510E-1	3,334375E+3	-5,716603E-1	3,334375E+3	7,079296E-1	3,334375E+3	-3,610982E-1	3,334375E+3	8,246546E-1
3,335937E+3	-7,775774E-1	3,335937E+3	4,100160E-1	3,335937E+3	-5,014162E-1	3,335937E+3	7,626296E-1	3,335937E+3	-5,550817E-1	3,335937E+3	7,258894E-1	3,335937E+3	-3,643338E-1	3,335937E+3	8,240832E-1
3,337500E+3	-7,671214E-1	3,337500E+3	4,475506E-1	3,337500E+3	-5,033375E-1	3,337500E+3	7,622897E-1	3,337500E+3	-5,382182E-1	3,337500E+3	7,440012E-1	3,337500E+3	-3,676367E-1	3,337500E+3	8,235588E-1
3,339062E+3	-7,712114E-1	3,339062E+3	4,413133E-1	3,339062E+3	-5,069981E-1	3,339062E+3	7,601062E-1	3,339062E+3	-5,448547E-1	3,339062E+3	7,397836E-1	3,339062E+3	-3,715302E-1	3,339062E+3	8,226767E-1
3,340625E+3	-7,762896E-1	3,340625E+3	4,353870E-1	3,340625E+3	-5,104713E-1	3,340625E+3	7,581971E-1	3,340625E+3	-5,513998E-1	3,340625E+3	7,357410E-1	3,340625E+3	-3,755044E-1	3,340625E+3	8,218226E-1
3,342187E+3	-6,707669E-1	3,342187E+3	4,472273E-1	3,342187E+3	-4,783300E-1	3,342187E+3	7,773090E-1	3,342187E+3	-4,975662E-1	3,342187E+3	7,647582E-1	3,342187E+3	-3,793174E-1	3,342187E+3	8,208777E-1
3,343750E+3	-5,906517E-1	3,343750E+3	6,711143E-1	3,343750E+3	-4,373658E-1	3,343750E+3	8,047139E-1	3,343750E+3	-4,209411E-1	3,343750E+3	8,169433E-1	3,343750E+3	-3,832350E-1	3,343750E+3	8,199514E-1
3,345312E+3	-5,909674E-1	3,345312E+3	6,711100E-1	3,345312E+3	-4,430024E-1	3,345312E+3	8,027067E-1	3,345312E+3	-4,249125E-1	3,345312E+3	8,154039E-1	3,345312E+3	-3,875418E-1	3,345312E+3	8,185220E-1
3,346875E+3	-5,911639E-1	3,346875E+3	6,715035E-1	3,346875E+3	-4,487511E-1	3,346875E+3	8,006439E-1	3,346875E+3	-4,290327E-1	3,346875E+3	8,138330E-1	3,346875E+3	-3,919565E-1	3,346875E+3	8,171031E-1
3,348437E+3	-5,922703E-1	3,348437E+3	6,712552E-1	3,348437E+3	-4,514715E-1	3,348437E+3	8,003484E-1	3,348437E+3	-4,327779E-1	3,348437E+3	8,125623E-1	3,348437E+3	-3,964461E-1	3,348437E+3	8,155465E-1
3,350000E+3	-5,933705E-1	3,350000E+3	6,712385E-1	3,350000E+3	-4,543970E-1	3,350000E+3	8,000027E-1	3,350000E+3	-4,367156E-1	3,350000E+3	8,112420E-1	3,350000E+3	-4,010504E-1	3,350000E+3	8,140002E-1
3,351562E+3	-5,969738E-1	3,351562E+3	6,682974E-1	3,351562E+3	-4,606432E-1	3,351562E+3	7,971963E-1	3,351562E+3	-4,431821E-1	3,351562E+3	8,080308E-1	3,351562E+3	-4,057254E-1	3,351562E+3	8,121874E-1
3,353125E+3	-6,005767E-1	3,353125E+3	6,654930E-1	3,353125E+3	-4,669986E-1	3,353125E+3	7,943061E-1	3,353125E+3	-4,497636E-1	3,353125E+3	8,047354E-1	3,353125E+3	-4,105316E-1	3,353125E+3	8,103692E-1
3,354687E+3	-6,041738E-1	3,354687E+3	6,626284E-1	3,354687E+3	-4,750761E-1	3,354687E+3	7,899392E-1	3,354687E+3	-4,571377E-1	3,354687E+3	8,007796E-1	3,354687E+3	-4,151507E-1	3,354687E+3	8,085269E-1
3,356250E+3	-6,078406E-1	3,356250E+3	6,598337E-1	3,356250E+3	-4,831970E-1	3,356250E+3	7,854614E-1	3,356250E+3	-4,646022E-1	3,356250E+3	7,967130E-1	3,356250E+3	-4,198980E-1	3,356250E+3	8,066821E-1
3,357812E+3	-6,128770E-1	3,357812E+3	6,560536E-1	3,357812E+3	-4,898714E-1	3,357812E+3	7,821778E-1	3,357812E+3	-4,715440E-1	3,357812E+3	7,931937E-1	3,357812E+3	-3,877787E-1	3,357812E+3	8,237285E-1
3,359375E+3	-6,180024E-1	3,359375E+3	6,523125E-1	3,359375E+3	-4,966595E-1	3,359375E+3	7,787840E-1	3,359375E+3	-4,786100E-1	3,359375E+3	7,895721E-1	3,359375E+3	-3,513077E-1	3,359375E+3	8,440872E-1
3,360937E+3	-6,237124E-1	3,360937E+3	6,468046E-1	3,360937E+3	-5,007396E-1	3,360937E+3	7,780100E-1	3,360937E+3	-4,844789E-1	3,360937E+3	7,869618E-1	3,360937E+3	-3,587414E-1	3,360937E+3	8,409062E-1
3,362500E+3	-6,294498E-1	3,362500E+3	6,412652E-1	3,362500E+3	-5,050729E-1	3,362500E+3	7,771347E-1	3,362500E+3	-4,905535E-1	3,362500E+3	7,842511E-1	3,362500E+3	-3,662657E-1	3,362500E+3	8,376628E-1
3,364062E+3	-6,354663E-1	3,364062E+3	6,360777E-1	3,364062E+3	-5,109745E-1	3,364062E+3	7,743836E-1	3,364062E+3	-4,968201E-1	3,364062E+3	7,810135E-1	3,364062E+3	-3,750002E-1	3,364062E+3	8,339838E-1
3,365625E+3	-6,415648E-1	3,365625E+3	6,308433E-1	3,365625E+3	-5,170550E-1	3,365625E+3	7,715159E-1	3,365625E+3	-5,032837E-1	3,365625E+3	7,776541E-1	3,365625E+3	-3,837992E-1	3,365625E+3	8,302179E-1
3,367187E+3	-6,479126E-1	3,367187E+3	6,254105E-1	3,367187E+3	-4,776905E-1	3,367187E+3	7,995068E-1	3,367187E+3	-5,101950E-1	3,367187E+3	7,735845E-1	3,367187E+3	-3,934235E-1	3,367187E+3	8,258272E-1
3,368750E+3	-6,543688E-1	3,368750E+3	6,198954E-1	3,368750E+3	-4,319303E-1	3,368750E+3	8,322471E-1	3,368750E+3	-5,172438E-1	3,368750E+3	7,693957E-1	3,368750E+3	-4,030817E-1	3,368750E+3	8,213259E-1
3,370312E+3	-6,616766E-1	3,370312E+3	6,129964E-1	3,370312E+3	-4,418402E-1	3,370312E+3	8,280582E-1	3,370312E+3	-4,772198E-1	3,370312E+3	7,990993E-1	3,370312E+3	-4,128211E-1	3,370312E+3	8,167014E-1
3,371875E+3	-6,690489E-1	3,371875E+3	6,059894E-1	3,371875E+3	-4,518820E-1	3,371875E+3	8,236957E-1	3,371875E+3	-4,315816E-1	3,371875E+3	8,329332E-1	3,371875E+3	-4,225927E-1	3,371875E+3	8,119578E-1
3,373437E+3	-6,770513E-1	3,373437E+3	5,975427E-1	3,373437E+3	-4,605965E-1	3,373437E+3	8,200217E-1	3,373437E+3	-4,415211E-1	3,373437E+3	8,284852E-1	3,373437E+3	-4,315508E-1	3,373437E+3	8,076386E-1
3,375000E+3	-6,850572E-1	3,375000E+3	5,889719E-1	3,375000E+3	-4,695024E-1	3,375000E+3	8,161818E-1	3,375000E+3	-4,516371E-1	3,375000E+3	8,238438E-1	3,375000E+3	-4,405899E-1	3,375000E+3	8,032098E-1
3,376562E+3	-6,275304E-1	3,376562E+3	6,493784E-1	3,376562E+3	-4,766974E-1	3,376562E+3	8,131904E-1	3,376562E+3	-4,612512E-1	3,376562E+3	8,195337E-1	3,376562E+3	-4,483818E-1	3,376562E+3	7,994919E-1
3,378125E+3	-5,569999E-1	3,378125E+3	7,227318E-1	3,378125E+3	-4,841891E-1	3,378125E+3	8,100164E-1	3,378125E+3	-4,710644E-1	3,378125E+3	8,150284E-1	3,378125E+3	-4,563588E-1	3,378125E+3	7,956670E-1
3,379687E+3	-5,630320E-1	3,379687E+3	7,159321E-1	3,379687E+3	-4,924776E-1	3,379687E+3	8,060876E-1	3,379687E+3	-4,798253E-1	3,379687E+3	8,110503E-1	3,379687E+3	-4,099771E-1	3,379687E+3	8,145994E-1
3,381250E+3	-5,691100E-1	3,381250E+3	7,089363E-1	3,381250E+3	-5,009853E-1	3,381250E+3	8,019668E-1	3,381250E+3	-4,888631E-1	3,381250E+3	8,068669E-1	3,381250E+3	-3,601761E-1	3,381250E+3	8,339493E-1
3,382812E+3	-5,787264E-1	3,382812E+3	7,036012E-1	3,382812E+3	-5,105983E-1	3,382812E+3	7,965780E-1	3,382812E+3	-4,982081E-1	3,382812E+3	8,024248E-1	3,382812E+3	-3,691481E-1	3,382812E+3	8,304966E-1
3,384375E+3	-5,885122E-1	3,384375E+3	6,980986E-1	3,384375E+3	-5,203376E-1	3,384375E+3	7,909699E-1	3,384375E+3	-5,077981E-1	3,384375E+3	7,977569E-1	3,384375E+3	-3,782408E-1	3,384375E+3	8,269444E-1
3,385937E+3	-5,984277E-1	3,385937E+3	6,923959E-1	3,385937E+3	-5,303639E-1	3,385937E+3	7,853031E-1	3,385937E+3	-5,184944E-1	3,385937E+3	7,915496E-1	3,385937E+3	-3,873291E-1	3,385937E+3	8,231118E-1
3,387500E+3	-6,084971E-1	3,387500E+3	6,865300E-1	3,387500E+3	-5,404961E-1	3,387500E+3	7,794154E-1	3,387500E+3	-5,292864E-1	3,387500E+3	7,851126E-1	3,387500E+3	-3,965095E-1	3,387500E+3	8,191766E-1
3,389062E+3	-6,179972E-1	3,389062E+3	6,808192E-1	3,389062E+3	-5,505499E-1	3,389062E+3	7,729431E-1	3,389062E+3	-5,400499E-1	3,389062E+3	7,783322E-1	3,389062E+3	-4,051945E-1	3,389062E+3	8,153457E-1
3,390625E+3	-6,276680E-1	3,390625E+3	6,749126E-1	3,390625E+3	-5,607245E-1	3,390625E+3	7,662089E-1	3,390625E+3	-5,508863E-1	3,390625E+3	7,713186E-1	3,390625E+3	-4,139769E-1	3,390625E+3	8,114133E-1
3,392187E+3	-6,370749E-1	3,392187E+3	6,682772E-1	3,392187E+3	-5,707747E-1	3,392187E+3	7,593005E-1	3,392187E+3	-5,614544E-1	3,392187E+3	7,642099E-1	3,392187E+3	-4,213067E-1	3,392187E+3	8,085308E-1
3,393750E+3	-6,466206E-1	3,393750E+3	6,613901E-1	3,393750E+3	-5,809775E-1	3,393750E+3	7,521007E-1	3,393750E+3	-5,721167E-1	3,393750E+3	7,568525E-1	3,393750E+3	-4,288480E-1	3,393750E+3	8,055378E-1
3,395312E+3	-6,562030E-1	3,395312E+3	6,534732E-1	3,395312E+3	-5,916803E-1	3,395312E+3	7,439377E-1	3,395312E+3	-5,828975E-1	3,395312E+3	7,490894E-1	3,395312E+3	-4,370378E-1	3,395312E+3	8,022812E-1
3,396875E+3	-6,658539E-1	3,396875E+3	6,453041E-1	3,396875E+3	-6,024939E-1	3,396875E+3	7,354341E-1	3,396875E+3	-5,937650E-1	3,396875E+3	7,410506E-1	3,396875E+3	-4,453830E-1	3,396875E+3	7,988834E-1
3,398437E+3	-6,757813E-1	3,398437E+3	6,370975E-1	3,398437E+3	-5,441460E-1	3,398437E+3	7,764159E-1	3,398437E+3	-6,047897E-1	3,398437E+3	7,322355E-1	3,398437E+3	-4,543648E-1	3,398437E+3	7,947395E-1
3,400000E+3	-6,857629E-1	3,400000E+3	6,286241E-1	3,400000E+3	-4,815069E-1	3,400000E+3	8,166331E-1	3,400000E+3	-6,158932E-1	3,400000E+3	7,230890E-1	3,400000E+3	-4,634453E-1	3,400000E+3	7,904231E-1
3,401562E+3	-6,958932E-1	3,401562E+3	6,185314E-1	3,401562E+3	-4,906622E-1	3,401562E+3	8,117856E-1	3,401562E+3	-5,378174E-1	3,401562E+3	7,874515E-1	3,401562E+3	-4,725630E-1	3,401562E+3	7,864783E-1
3,403125E+3	-7,059636E-1	3,403125E+3	6,081434E-1	3,403125E+3	-4,999330E-1	3,403125E+3	8,067787E-1	3,403125E+3	-4,543425E-1	3,403125E+3	8,441973E-1	3,403125E+3	-4,817814E-1	3,403125E+3	7,823545E-1
3,404687E+3	-7,163888E-1	3,404687E+3	6,096647E-1	3,404687E+3	-5,088141E-1	3,404687E+3	8,010485E-1	3,404687E+3	-4,660982E-1	3,404687E+3	8,382998E-1	3,404687E+3	-4,904880E-1	3,404687E+3	7,778811E-1
3,406250E+3	-7,279928E-1	3,406250E+3	6,071521E-1	3,406250E+3	-5,178047E-1	3,406250E+3	7,951386E-1	3,406250E+3	-4,779864E-1	3,406250E+3	8,321497E-1	3,406250E+3	-4,992910E-1	3,406250E+3	7,732262E-1
3,407812E+3	-7,392249E-1	3,407812E+3	5,929663E-1	3,407812E+3	-5,152180E-1	3,407812E+3	8,057875E-1	3,407812E+3	-4,892353E-1	3,407812E+3	8,259058E-1	3,407812E+3	-5,066957E-1	3,407812E+3	7,696404E-1
3,409375E+3	-7,501411E-1	3,409375E+3	5,784135E-1	3,409375E+3	-5,175589E-1	3,409375E+3	8,121376E-1	3,409375E+3	-5,006024E-1	3,409375E+3	8,194143E-1	3,409375E+3	-5,142882E-1	3,409375E+3	7,658315E-1
3,410937E+3	-7,614075E-1	3,410937E+3	5,634202E-1	3,410937E+3	-5,278867E-1	3,410937E+3	8,050948E-1	3,410937E+3	-5,112594E-1	3,410937E+3	8,131550E-1	3,410937E+3	-5,216773E-1	3,410937E+3	7,626004E-1
3,412500E+3	-7,722981E-1	3,412500E+3	5,480833E-1	3,412500E+3	-5,382388E-1	3,412500E+3	7,978310E-1	3,412500E+3	-5,220070E-1	3,412500E+3	8,066838E-1	3,412500E+3	-5,292060E-1	3,412500E+3	7,591938E-1
3,414062E+3	-7,827454E-1	3,414062E+3	5,317717E-1	3,414062E+3	-5,486129E-1	3,414062E+3	7,909444E-1	3,414062E+3	-5,325502E-1	3,414062E+3	7,996153E-1	3,414062E+3	-4,250446E-1	3,414062E+3	8,282808E-1
3,415625E+3	-7,927173E-1	3,415625E+3	5,151750E-1	3,415625E+3	-5,589862E-1	3,415625E+3	7,838557E-1	3,415625E+3	-5,431066E-1	3,415625E+3	7,923415E-1	3,415625E+3	-3,224317E-1	3,415625E+3	8,804868E-1
3,417187E+3	-8,018487E-1	3,417187E+3	4,981337E-1	3,417187E+3	-5,691094E-1	3,417187E+3	7,756390E-1	3,417187E+3	-5,533986E-1	3,417187E+3	7,844519E-1	3,417187E+3	-3,319775E-1	3,417187E+3	8,778576E-1
3,418750E+3	-8,104413E-1	3,418750E+3	4,809050E-1	3,418750E+3	-5,791716E-1	3,418750E+3	7,672053E-1	3,418750E+3	-5,636444E-1	3,418750E+3	7,763683E-1	3,418750E+3	-3,421299E-1	3,418750E+3	8,750740E-1
3,420312E+3	-8,183939E-1	3,420312E+3	4,640718E-1	3,420312E+3	-5,887989E-1	3,420312E+3	7,595838E-1	3,420312E+3	-5,734268E-1	3,420312E+3	7,688543E-1	3,420312E+3	-3,530535E-1	3,420312E+3	8,715891E-1
3,421875E+3	-8,257946E-1	3,421875E+3	4,471594E-1	3,421875E+3	-5,983824E-1	3,421875E+3	7,517744E-1	3,421875E+3	-5,831798E-1	3,421875E+3	7,611689E-1	3,421875E+3	-3,644321E-1	3,421875E+3	8,679158E-1
3,423437E+3	-7,459476E-1	3,423437E+3	5,749959E-1	3,423437E+3	-6,069806E-1	3,423437E+3	7,438763E-1	3,423437E+3	-5,925987E-1	3,423437E+3	7,544253E-1	3,423437E+3	-3,756437E-1	3,423437E+3	8,644020E-1
3,425000E+3	-6,524502E-1	3,425000E+3	6,906230E-1	3,425000E+3	-6,155112E-1	3,425000E+3	7,358444E-1	3,425000E+3	-6,020521E-1	3,425000E+3	7,475127E-1	3,425000E+3	-3,874950E-1	3,425000E+3	8,606865E-1
3,426562E+3	-6,632714E-1	3,426562E+3	6,804217E-1	3,426562E+3	-6,232150E-1	3,426562E+3	7,292549E-1	3,426562E+3	-6,108306E-1	3,426562E+3	7,395493E-1	3,426562E+3	-3,972522E-1	3,426562E+3	8,566354E-1
3,428125E+3	-6,740438E-1	3,428125E+3	6,698455E-1	3,428125E+3	-6,308803E-1	3,428125E+3	7,225712E-1	3,428125E+3	-6,196783E-1	3,428125E+3	7,313040E-1	3,428125E+3	-4,103301E-1	3,428125E+3	8,534750E-1
3,429687E+3	-6,841764E-1	3,429687E+3	6,594888E-1	3,429687E+3	-6,365340E-1	3,429687E+3	7,166714E-1	3,429687E+3	-6,283894E-1	3,429687E+3	7,237247E-1	3,429687E+3	-4,258293E-1	3,429687E+3	8,465505E-1
3,431250E+3	-6,941517E-1	3,431250E+3	6,488337E-1	3,431250E+3	-6,421488E-1	3,431250E+3	7,106884E-1	3,431250E+3	-6,369442E-1	3,431250E+3	7,158825E-1	3,431250E+3	-4,412075E-1	3,431250E+3	8,393209E-1
3,432812E+3	-7,036906E-1	3,432812E+3	6,383615E-1	3,432812E+3	-5,399303E-1	3,432812E+3	7,880989E-1	3,432812E+3	-6,440979E-1	3,432812E+3	7,080475E-1	3,432812E+3	-4,010467E-1	3,432812E+3	8,555291E-1
3,434375E+3	-7,129688E-1	3,434375E+3	6,277125E-1	3,434375E+3	-4,383815E-1	3,434375E+3	8,495170E-1	3,434375E+3	-6,510564E-1	3,434375E+3	7,000568E-1	3,434375E+3	-3,629156E-1	3,434375E+3	8,697313E-1
3,435937E+3	-7,222938E-1	3,435937E+3	6,167001E-1	3,435937E+3	-4,484972E-1	3,435937E+3	8,443319E-1	3,435937E+3	-6,567606E-1	3,435937E+3	6,938669E-1	3,435937E+3	-3,672128E-1	3,435937E+3	8,675030E-1
3,437500E+3	-7,312709E-1	3,437500E+3	6,054184E-1	3,437500E+3	-4,588661E-1	3,437500E+3	8,389969E-1	3,437500E+3	-6,623281E-1	3,437500E+3	6,875841E-1	3,437500E+3	-3,716133E-1	3,437500E+3	8,652755E-1
3,439062E+3	-7,417182E-1	3,439062E+3	5,931615E-1	3,439062E+3	-4,698238E-1	3,439062E+3	8,331723E-1	3,439062E+3	-5,894804E-1	3,439062E+3	7,496843E-1	3,439062E+3	-3,744550E-1	3,439062E+3	8,635472E-1
3,440625E+3	-7,507026E-1	3,440625E+3	5,797887E-1	3,440625E+3	-4,809853E-1	3,440625E+3	8,271713E-1	3,440625E+3	-5,172780E-1	3,440625E+3	8,021345E-1	3,440625E+3	-3,774524E-1	3,440625E+3	8,618294E-1
3,442187E+3	-7,585946E-1	3,442187E+3	5,681907E-1	3,442187E+3	-4,921737E-1	3,442187E+3	8,209105E-1	3,442187E+3	-5,289854E-1	3,442187E+3	7,947181E-1	3,442187E+3	-3,818015E-1	3,442187E+3	8,598061E-1
3,443750E+3	-7,662866E-1	3,443750E+3	5,564946E-1	3,443750E+3	-5,036776E-1	3,443750E+3	8,145413E-1	3,443750E+3	-5,406337E-1	3,443750E+3	7,871217E-1	3,443750E+3	-3,862835E-1	3,443750E+3	8,577716E-1
3,445312E+3	-7,736367E-1	3,445312E+3	5,445730E-1	3,445312E+3	-5,152205E-1	3,445312E+3	8,072206E-1	3,445312E+3	-5,218663E-1	3,445312E+3	7,975765E-1	3,445312E+3	-3,908234E-1	3,445312E+3	8,553076E-1
3,446875E+3	-7,807850E-1	3,446875E+3	5,325567E-1	3,446875E+3	-5,267245E-1	3,446875E+3	7,997358E-1	3,446875E+3	-5,039265E-1	3,446875E+3	8,074263E-1	3,446875E+3	-3,954983E-1	3,446875E+3	8,528379E-1
3,448437E+3	-7,877037E-1	3,448437E+3	5,209465E-1	3,448437E+3	-5,344590E-1	3,448437E+3	7,941177E-1	3,448437E+3	-5,089421E-1	3,448437E+3	8,038276E-1	3,448437E+3	-3,936518E-1	3,448437E+3	8,525211E-1
3,450000E+3	-7,944373E-1	3,450000E+3	5,092462E-1	3,450000E+3	-5,421884E-1	3,450000E+3	7,884327E-1	3,450000E+3	-5,140541E-1	3,450000E+3	8,002048E-1	3,450000E+3	-3,921593E-1	3,450000E+3	8,522209E-1
3,451562E+3	-8,008686E-1	3,451562E+3	4,981431E-1	3,451562E+3	-5,386596E-1	3,451562E+3	7,905576E-1	3,451562E+3	-5,246419E-1	3,451562E+3	7,948323E-1	3,451562E+3	-3,877712E-1	3,451562E+3	8,529809E-1
3,453125E+3	-8,071399E-1	3,453125E+3	4,869579E-1	3,453125E+3	-5,357752E-1	3,453125E+3	7,916303E-1	3,453125E+3	-5,361601E-1	3,453125E+3	7,883051E-1	3,453125E+3	-3,840782E-1	3,453125E+3	8,556851E-1
3,454687E+3	-8,169760E-1	3,454687E+3	4,721327E-1	3,454687E+3	-5,234730E-1	3,454687E+3	7,981223E-1	3,454687E+3	-5,451265E-1	3,454687E+3	7,821568E-1	3,454687E+3	-3,846546E-1	3,454687E+3	8,545676E-1
3,456250E+3	-8,240654E-1	3,456250E+3	4,511419E-1	3,456250E+3	-5,119545E-1	3,456250E+3	8,041911E-1	3,456250E+3	-5,540838E-1	3,456250E+3	7,758887E-1	3,456250E+3	-3,855568E-1	3,456250E+3	8,534386E-1
3,457812E+3	-8,276941E-1	3,457812E+3	4,423800E-1	3,457812E+3	-5,082806E-1	3,457812E+3	8,056496E-1	3,457812E+3	-5,587967E-1	3,457812E+3	7,719939E-1	3,457812E+3	-3,881131E-1	3,457812E+3	8,515802E-1
3,459375E+3	-8,312615E-1	3,459375E+3	4,335801E-1	3,459375E+3	-5,050603E-1	3,459375E+3	8,069738E-1	3,459375E+3	-5,636350E-1	3,459375E+3	7,680402E-1	3,459375E+3	-3,909303E-1	3,459375E+3	8,497060E-1
3,460937E+3	-8,345562E-1	3,460937E+3	4,270379E-1	3,460937E+3	-5,060995E-1	3,460937E+3	8,056254E-1	3,460937E+3	-5,521705E-1	3,460937E+3	7,740015E-1	3,460937E+3	-3,932284E-1	3,460937E+3	8,479033E-1
3,462500E+3	-8,378498E-1	3,462500E+3	4,204418E-1	3,462500E+3	-5,074232E-1	3,462500E+3	8,042059E-1	3,462500E+3	-5,415705E-1	3,462500E+3	7,795414E-1	3,462500E+3	-3,958091E-1	3,462500E+3	8,460818E-1
3,464062E+3	-7,597127E-1	3,464062E+3	5,528905E-1	3,464062E+3	-5,094702E-1	3,464062E+3	8,024516E-1	3,464062E+3	-5,375561E-1	3,464062E+3	7,812410E-1	3,464062E+3	-3,956201E-1	3,464062E+3	8,449527E-1
3,465625E+3	-6,759896E-1	3,465625E+3	6,592557E-1	3,465625E+3	-5,117787E-1	3,465625E+3	8,006163E-1	3,465625E+3	-5,340860E-1	3,465625E+3	7,827665E-1	3,465625E+3	-3,958372E-1	3,465625E+3	8,438115E-1
3,467187E+3	-6,861960E-1	3,467187E+3	6,482395E-1	3,467187E+3	-5,123700E-1	3,467187E+3	7,999224E-1	3,467187E+3	-5,320684E-1	3,467187E+3	7,832207E-1	3,467187E+3	-3,916215E-1	3,467187E+3	8,439231E-1
3,468750E+3	-6,962561E-1	3,468750E+3	6,370385E-1	3,468750E+3	-5,133005E-1	3,468750E+3	7,991187E-1	3,468750E+3	-5,305331E-1	3,468750E+3	7,835392E-1	3,468750E+3	-3,880518E-1	3,468750E+3	8,439959E-1
3,470312E+3	-7,049074E-1	3,470312E+3	6,270105E-1	3,470312E+3	-5,135352E-1	3,470312E+3	7,995586E-1	3,470312E+3	-5,292216E-1	3,470312E+3	7,845306E-1	3,470312E+3	-3,839727E-1	3,470312E+3	8,457869E-1
3,471875E+3	-7,134679E-1	3,471875E+3	6,168368E-1	3,471875E+3	-5,147700E-1	3,471875E+3	7,994568E-1	3,471875E+3	-5,286653E-1	3,471875E+3	7,849536E-1	3,471875E+3	-3,806936E-1	3,471875E+3	8,482122E-1
3,473437E+3	-7,184825E-1	3,473437E+3	6,093417E-1	3,473437E+3	-5,106669E-1	3,473437E+3	8,006755E-1	3,473437E+3	-5,234467E-1	3,473437E+3	7,871336E-1	3,473437E+3	-3,822163E-1	3,473437E+3	8,465913E-1
3,475000E+3	-7,228881E-1	3,475000E+3	6,014536E-1	3,475000E+3	-5,072069E-1	3,475000E+3	8,016839E-1	3,475000E+3	-5,189809E-1	3,475000E+3	7,890501E-1	3,475000E+3	-3,841551E-1	3,475000E+3	8,449399E-1
3,476562E+3	-7,189087E-1	3,476562E+3	6,049457E-1	3,476562E+3	-5,038696E-1	3,476562E+3	8,028558E-1	3,476562E+3	-5,159268E-1	3,476562E+3	7,902559E-1	3,476562E+3	-3,886353E-1	3,476562E+3	8,422646E-1
3,478125E+3	-7,154540E-1	3,478125E+3	6,080847E-1	3,478125E+3	-5,011776E-1	3,478125E+3	8,038038E-1	3,478125E+3	-5,135466E-1	3,478125E+3	7,912337E-1	3,478125E+3	-3,933997E-1	3,478125E+3	8,395430E-1
3,479687E+3	-7,104352E-1	3,479687E+3	6,131976E-1	3,479687E+3	-5,028331E-1	3,479687E+3	8,022767E-1	3,479687E+3	-5,159736E-1	3,479687E+3	7,891475E-1	3,479687E+3	-3,988591E-1	3,479687E+3	8,363345E-1
3,481250E+3	-7,060391E-1	3,481250E+3	6,178475E-1	3,481250E+3	-5,048859E-1	3,481250E+3	8,006075E-1	3,481250E+3	-5,187907E-1	3,481250E+3	7,869297E-1	3,481250E+3	-4,045643E-1	3,481250E+3	8,330704E-1
3,482812E+3	-6,996116E-1	3,482812E+3	6,239598E-1	3,482812E+3	-5,088287E-1	3,482812E+3	7,974775E-1	3,482812E+3	-5,240617E-1	3,482812E+3	7,825894E-1	3,482812E+3	-4,081662E-1	3,482812E+3	8,304918E-1
3,484375E+3	-6,939493E-1	3,484375E+3	6,295071E-1	3,484375E+3	-5,130601E-1	3,484375E+3	7,942297E-1	3,484375E+3	-5,294922E-1	3,484375E+3	7,781920E-1	3,484375E+3	-4,121201E-1	3,484375E+3	8,278668E-1
3,485937E+3	-6,912949E-1	3,485937E+3	6,312516E-1	3,485937E+3	-5,176331E-1	3,485937E+3	7,902684E-1	3,485937E+3	-5,348020E-1	3,485937E+3	7,738191E-1	3,485937E+3	-4,114374E-1	3,485937E+3	8,270203E-1
3,487500E+3	-6,891306E-1	3,487500E+3	6,328459E-1	3,487500E+3	-5,224085E-1	3,487500E+3	7,862475E-1	3,487500E+3	-5,403521E-1	3,487500E+3	7,693335E-1	3,487500E+3	-4,113504E-1	3,487500E+3	8,261577E-1
3,489062E+3	-6,911926E-1	3,489062E+3	6,302083E-1	3,489062E+3	-5,266949E-1	3,489062E+3	7,826383E-1	3,489062E+3	-5,445650E-1	3,489062E+3	7,654984E-1	3,489062E+3	-3,378236E-1	3,489062E+3	8,614722E-1
3,490625E+3	-6,935822E-1	3,490625E+3	6,273632E-1	3,490625E+3	-5,312715E-1	3,490625E+3	7,789014E-1	3,490625E+3	-5,490896E-1	3,490625E+3	7,615424E-1	3,490625E+3	-2,767378E-1	3,490625E+3	8,872171E-1
3,492187E+3	-6,971669E-1	3,492187E+3	6,230537E-1	3,492187E+3	-5,334188E-1	3,492187E+3	7,769289E-1	3,492187E+3	-5,506021E-1	3,492187E+3	7,593724E-1	3,492187E+3	-2,771410E-1	3,492187E+3	8,853966E-1
3,493750E+3	-7,009951E-1	3,493750E+3	6,185630E-1	3,493750E+3	-5,360070E-1	3,493750E+3	7,747774E-1	3,493750E+3	-5,526142E-1	3,493750E+3	7,570434E-1	3,493750E+3	-2,783564E-1	3,493750E+3	8,836785E-1
3,495312E+3	-7,044526E-1	3,495312E+3	6,144245E-1	3,495312E+3	-5,295191E-1	3,495312E+3	7,785767E-1	3,495312E+3	-5,479977E-1	3,495312E+3	7,586391E-1	3,495312E+3	-2,775622E-1	3,495312E+3	8,825406E-1
3,496875E+3	-7,081681E-1	3,496875E+3	6,100877E-1	3,496875E+3	-5,241649E-1	3,496875E+3	7,818607E-1	3,496875E+3	-5,443965E-1	3,496875E+3	7,599019E-1	3,496875E+3	-2,777478E-1	3,496875E+3	8,814904E-1
3,498437E+3	-7,115935E-1	3,498437E+3	6,057780E-1	3,498437E+3	-4,670065E-1	3,498437E+3	8,282451E-1	3,498437E+3	-4,709107E-1	3,498437E+3	8,160342E-1	3,498437E+3	-2,766149E-1	3,498437E+3	8,808720E-1
3,500000E+3	-7,152774E-1	3,500000E+3	6,012674E-1	3,500000E+3	-4,183264E-1	3,500000E+3	8,637668E-1	3,500000E+3	-4,101774E-1	3,500000E+3	8,572146E-1	3,500000E+3	-2,765718E-1	3,500000E+3	8,803171E-1
3,501562E+3	-7,161930E-1	3,501562E+3	5,992718E-1	3,501562E+3	-4,142965E-1	3,501562E+3	8,643413E-1	3,501562E+3	-4,088971E-1	3,501562E+3	8,557594E-1	3,501562E+3	-2,728844E-1	3,501562E+3	8,797388E-1
3,503125E+3	-7,175566E-1	3,503125E+3	5,969984E-1	3,503125E+3	-4,116114E-1	3,503125E+3	8,646530E-1	3,503125E+3	-4,087789E-1	3,503125E+3	8,542461E-1	3,503125E+3	-2,706409E-1	3,503125E+3	8,793124E-1
3,504687E+3	-6,961341E-1	3,504687E+3	6,191998E-1	3,504687E+3	-4,144290E-1	3,504687E+3	8,629953E-1	3,504687E+3	-4,089042E-1	3,504687E+3	8,523099E-1	3,504687E+3	-2,671145E-1	3,504687E+3	8,777783E-1
3,506250E+3	-6,775338E-1	3,506250E+3	6,385987E-1	3,506250E+3	-4,180037E-1	3,506250E+3	8,611473E-1	3,506250E+3	-4,101255E-1	3,506250E+3	8,503366E-1	3,506250E+3	-2,650954E-1	3,506250E+3	8,765483E-1
3,507812E+3	-6,793350E-1	3,507812E+3	6,362266E-1	3,507812E+3	-4,204884E-1	3,507812E+3	8,594486E-1	3,507812E+3	-4,098133E-1	3,507812E+3	8,491902E-1	3,507812E+3	-2,659423E-1	3,507812E+3	8,742046E-1
3,509375E+3	-6,816819E-1	3,509375E+3	6,335405E-1	3,509375E+3	-4,238044E-1	3,509375E+3	8,575590E-1	3,509375E+3	-4,107452E-1	3,509375E+3	8,479527E-1	3,509375E+3	-2,678695E-1	3,509375E+3	8,721284E-1
3,510937E+3	-6,570211E-1	3,510937E+3	6,751723E-1	3,510937E+3	-4,249694E-1	3,510937E+3	8,559484E-1	3,510937E+3	-4,113294E-1	3,510937E+3	8,465686E-1	3,510937E+3	-2,702186E-1	3,510937E+3	8,699076E-1
3,512500E+3	-6,358294E-1	3,512500E+3	7,098116E-1	3,512500E+3	-4,271473E-1	3,512500E+3	8,541617E-1	3,512500E+3	-4,131452E-1	3,512500E+3	8,450924E-1	3,512500E+3	-2,735647E-1	3,512500E+3	8,679041E-1
3,514062E+3	-6,270087E-1	3,514062E+3	7,146937E-1	3,514062E+3	-4,288676E-1	3,514062E+3	8,522630E-1	3,514062E+3	-4,140462E-1	3,514062E+3	8,434911E-1	3,514062E+3	-2,738737E-1	3,514062E+3	8,666174E-1
3,515625E+3	-6,203480E-1	3,515625E+3	7,187160E-1	3,515625E+3	-4,316111E-1	3,515625E+3	8,501922E-1	3,515625E+3	-4,162301E-1	3,515625E+3	8,418143E-1	3,515625E+3	-2,755302E-1	3,515625E+3	8,655719E-1
3,517187E+3	-6,207097E-1	3,517187E+3	7,171812E-1	3,517187E+3	-4,316360E-1	3,517187E+3	8,493757E-1	3,517187E+3	-4,156486E-1	3,517187E+3	8,401424E-1	3,517187E+3	-2,756485E-1	3,517187E+3	8,640633E-1
3,518750E+3	-6,221696E-1	3,518750E+3	7,152587E-1	3,518750E+3	-4,329892E-1	3,518750E+3	8,483114E-1	3,518750E+3	-4,166378E-1	3,518750E+3	8,384826E-1	3,518750E+3	-2,772318E-1	3,518750E+3	8,628824E-1
3,520312E+3	-6,235517E-1	3,520312E+3	7,127515E-1	3,520312E+3	-4,341648E-1	3,520312E+3	8,469211E-1	3,520312E+3	-4,167678E-1	3,520312E+3	8,364694E-1	3,520312E+3	-2,757373E-1	3,520312E+3	8,611578E-1
3,521875E+3	-6,259677E-1	3,521875E+3	7,099023E-1	3,521875E+3	-4,366253E-1	3,521875E+3	8,453029E-1	3,521875E+3	-4,184932E-1	3,521875E+3	8,345093E-1	3,521875E+3	-2,760446E-1	3,521875E+3	8,599670E-1
3,523437E+3	-6,274476E-1	3,523437E+3	7,071117E-1	3,523437E+3	-4,367229E-1	3,523437E+3	8,446911E-1	3,523437E+3	-4,187687E-1	3,523437E+3	8,324685E-1	3,523437E+3	-2,702047E-1	3,523437E+3	8,585274E-1
3,525000E+3	-6,300067E-1	3,525000E+3	7,039866E-1	3,525000E+3	-4,383914E-1	3,525000E+3	8,437820E-1	3,525000E+3	-4,207611E-1	3,525000E+3	8,305211E-1	3,525000E+3	-2,670980E-1	3,525000E+3	8,580740E-1
3,526562E+3	-6,327646E-1	3,526562E+3	7,004142E-1	3,526562E+3	-4,382077E-1	3,526562E+3	8,436822E-1	3,526562E+3	-4,232567E-1	3,526562E+3	8,281623E-1	3,526562E+3	-2,614958E-1	3,526562E+3	8,563835E-1
3,528125E+3	-6,365018E-1	3,528125E+3	6,965129E-1	3,528125E+3	-4,398110E-1	3,528125E+3	8,432142E-1	3,528125E+3	-4,272725E-1	3,528125E+3	8,258359E-1	3,528125E+3	-2,588157E-1	3,528125E+3	8,559905E-1
3,529687E+3	-6,402388E-1	3,529687E+3	6,923210E-1	3,529687E+3	-4,390903E-1	3,529687E+3	8,431390E-1	3,529687E+3	-4,276133E-1	3,529687E+3	8,242686E-1	3,529687E+3	-2,570178E-1	3,529687E+3	8,539586E-1
3,531250E+3	-6,448786E-1	3,531250E+3	6,877924E-1	3,531250E+3	-4,404327E-1	3,531250E+3	8,427065E-1	3,531250E+3	-4,300028E-1	3,531250E+3	8,228078E-1	3,531250E+3	-2,576012E-1	3,531250E+3	8,531561E-1
3,532812E+3	-6,474219E-1	3,532812E+3	6,845292E-1	3,532812E+3	-4,384758E-1	3,532812E+3	8,426636E-1	3,532812E+3	-4,279550E-1	3,532812E+3	8,216070E-1	3,532812E+3	-2,569472E-1	3,532812E+3	8,509189E-1
3,534375E+3	-6,511075E-1	3,534375E+3	6,808609E-1	3,534375E+3	-4,390561E-1	3,534375E+3	8,423413E-1	3,534375E+3	-4,286453E-1	3,534375E+3	8,207539E-1	3,534375E+3	-2,586140E-1	3,534375E+3	8,500822E-1
3,535937E+3	-6,525096E-1	3,535937E+3	6,783217E-1	3,535937E+3	-4,405276E-1	3,535937E+3	8,403228E-1	3,535937E+3	-4,257109E-1	3,535937E+3	8,193756E-1	3,535937E+3	-2,550045E-1	3,535937E+3	8,474151E-1
3,537500E+3	-6,553282E-1	3,537500E+3	6,753269E-1	3,537500E+3	-4,440401E-1	3,537500E+3	8,381884E-1	3,537500E+3	-4,259868E-1	3,537500E+3	8,186837E-1	3,537500E+3	-2,544170E-1	3,537500E+3	8,471554E-1
3,539062E+3	-6,567962E-1	3,539062E+3	6,722109E-1	3,539062E+3	-4,480597E-1	3,539062E+3	8,351530E-1	3,539062E+3	-4,239347E-1	3,539062E+3	8,171171E-1	3,539062E+3	-2,508851E-1	3,539062E+3	8,436981E-1
3,540625E+3	-6,596969E-1	3,540625E+3	6,687107E-1	3,540625E+3	-4,537813E-1	3,540625E+3	8,320018E-1	3,540625E+3	-4,251909E-1	3,540625E+3	8,164419E-1	3,540625E+3	-2,502594E-1	3,540625E+3	8,434826E-1
3,542187E+3	-6,605677E-1	3,542187E+3	6,660519E-1	3,542187E+3	-4,542174E-1	3,542187E+3	8,306535E-1	3,542187E+3	-4,249083E-1	3,542187E+3	8,140003E-1	3,542187E+3	-2,473883E-1	3,542187E+3	8,394552E-1
3,543750E+3	-6,630636E-1	3,543750E+3	6,630038E-1	3,543750E+3	-4,574360E-1	3,543750E+3	8,292075E-1	3,543750E+3	-4,276290E-1	3,543750E+3	8,126814E-1	3,543750E+3	-2,469494E-1	3,543750E+3	8,393905E-1
3,545312E+3	-6,646429E-1	3,545312E+3	6,598926E-1	3,545312E+3	-4,555525E-1	3,545312E+3	8,281571E-1	3,545312E+3	-4,279489E-1	3,545312E+3	8,097324E-1	3,545312E+3	-2,444954E-1	3,545312E+3	8,353101E-1
3,546875E+3	-6,677819E-1	3,546875E+3	6,564229E-1	3,546875E+3	-4,573891E-1	3,546875E+3	8,273332E-1	3,546875E+3	-4,312483E-1	3,546875E+3	8,083462E-1	3,546875E+3	-2,438429E-1	3,546875E+3	8,358345E-1
3,548437E+3	-6,692353E-1	3,548437E+3	6,538548E-1	3,548437E+3	-4,541622E-1	3,548437E+3	8,263572E-1	3,548437E+3	-4,295384E-1	3,548437E+3	8,056090E-1	3,548437E+3	-2,407547E-1	3,548437E+3	8,314377E-1
3,550000E+3	-6,725520E-1	3,550000E+3	6,508698E-1	3,550000E+3	-4,554880E-1	3,550000E+3	8,261751E-1	3,550000E+3	-4,315780E-1	3,550000E+3	8,056847E-1	3,550000E+3	-2,384556E-1	3,550000E+3	8,326127E-1
3,551562E+3	-6,752423E-1	3,551562E+3	6,469650E-1	3,551562E+3	-4,562998E-1	3,551562E+3	8,235216E-1	3,551562E+3	-4,292363E-1	3,551562E+3	8,029390E-1	3,551562E+3	-2,361943E-1	3,551562E+3	8,283301E-1
3,553125E+3	-6,797355E-1	3,553125E+3	6,427614E-1	3,553125E+3	-4,608107E-1	3,553125E+3	8,219815E-1	3,553125E+3	-4,307645E-1	3,553125E+3	8,043842E-1	3,553125E+3	-2,334382E-1	3,553125E+3	8,295111E-1
3,554687E+3	-6,822935E-1	3,554687E+3	6,388582E-1	3,554687E+3	-4,621054E-1	3,554687E+3	8,189225E-1	3,554687E+3	-4,290793E-1	3,554687E+3	8,007442E-1	3,554687E+3	-2,322185E-1	3,554687E+3	8,253944E-1
3,556250E+3	-6,870019E-1	3,556250E+3	6,347441E-1	3,556250E+3	-4,673736E-1	3,556250E+3	8,176841E-1	3,556250E+3	-4,301564E-1	3,556250E+3	8,025117E-1	3,556250E+3	-2,294586E-1	3,556250E+3	8,259937E-1
3,557812E+3	-6,894212E-1	3,557812E+3	6,311127E-1	3,557812E+3	-4,618247E-1	3,557812E+3	8,155426E-1	3,557812E+3	-4,297621E-1	3,557812E+3	7,984345E-1	3,557812E+3	-2,279830E-1	3,557812E+3	8,219142E-1
3,559375E+3	-6,944079E-1	3,559375E+3	6,273748E-1	3,559375E+3	-4,633029E-1	3,559375E+3	8,192559E-1	3,559375E+3	-4,305272E-1	3,559375E+3	8,000693E-1	3,559375E+3	-2,241055E-1	3,559375E+3	8,219841E-1
3,560937E+3	-6,979854E-1	3,560937E+3	6,226970E-1	3,560937E+3	-4,616601E-1	3,560937E+3	8,152015E-1	3,560937E+3	-4,340565E-1	3,560937E+3	7,953596E-1	3,560937E+3	-2,241943E-1	3,560937E+3	8,182236E-1
3,562500E+3	-7,040392E-1	3,562500E+3	6,180723E-1	3,562500E+3	-4,640077E-1	3,562500E+3	8,181820E-1	3,562500E+3	-4,374775E-1	3,562500E+3	7,945635E-1	3,562500E+3	-2,218926E-1	3,562500E+3	8,174041E-1
3,564062E+3	-6,760183E-1	3,564062E+3	6,297822E-1	3,564062E+3	-4,674330E-1	3,564062E+3	8,132829E-1	3,564062E+3	-4,239204E-1	3,564062E+3	7,907098E-1	3,564062E+3	-2,154912E-1	3,564062E+3	8,116909E-1
3,565625E+3	-6,556236E-1	3,565625E+3	6,409815E-1	3,565625E+3	-4,720216E-1	3,565625E+3	8,135695E-1	3,565625E+3	-4,123828E-1	3,565625E+3	7,904846E-1	3,565625E+3	-2,075340E-1	3,565625E+3	8,089551E-1
3,567187E+3	-6,593842E-1	3,567187E+3	6,353835E-1	3,567187E+3	-4,608883E-1	3,567187E+3	8,108652E-1	3,567187E+3	-4,158971E-1	3,567187E+3	7,862238E-1	3,567187E+3	-2,069548E-1	3,567187E+3	8,054923E-1
3,568750E+3	-6,654766E-1	3,568750E+3	6,306650E-1	3,568750E+3	-4,518886E-1	3,568750E+3	8,126656E-1	3,568750E+3	-4,183941E-1	3,568750E+3	7,848469E-1	3,568750E+3	-2,039688E-1	3,568750E+3	8,039458E-1
3,570312E+3	-6,678584E-1	3,570312E+3	6,258470E-1	3,570312E+3	-4,548076E-1	3,570312E+3	8,087112E-1	3,570312E+3	-4,183789E-1	3,570312E+3	7,813941E-1	3,570312E+3	-2,050941E-1	3,570312E+3	8,006048E-1
3,571875E+3	-6,731991E-1	3,571875E+3	6,227101E-1	3,571875E+3	-4,567172E-1	3,571875E+3	8,093291E-1	3,571875E+3	-4,164020E-1	3,571875E+3	7,815761E-1	3,571875E+3	-2,043039E-1	3,571875E+3	7,985733E-1
3,573437E+3	-6,769039E-1	3,573437E+3	6,170039E-1	3,573437E+3	-4,574655E-1	3,573437E+3	8,066308E-1	3,573437E+3	-4,145388E-1	3,573437E+3	7,789806E-1	3,573437E+3	-2,018588E-1	3,573437E+3	7,953741E-1
3,575000E+3	-6,829336E-1	3,575000E+3	6,131405E-1	3,575000E+3	-4,562178E-1	3,575000E+3	8,088624E-1	3,575000E+3	-4,101388E-1	3,575000E+3	7,799890E-1	3,575000E+3	-1,968575E-1	3,575000E+3	7,936964E-1
3,576562E+3	-6,881305E-1	3,576562E+3	6,064424E-1	3,576562E+3	-4,587484E-1	3,576562E+3	8,059583E-1	3,576562E+3	-4,115542E-1	3,576562E+3	7,770601E-1	3,576562E+3	-1,912521E-1	3,576562E+3	7,904792E-1
3,578125E+3	-6,948664E-1	3,578125E+3	6,013943E-1	3,578125E+3	-4,595008E-1	3,578125E+3	8,062494E-1	3,578125E+3	-4,112400E-1	3,578125E+3	7,762889E-1	3,578125E+3	-1,825077E-1	3,578125E+3	7,887639E-1
3,579687E+3	-7,004574E-1	3,579687E+3	5,941330E-1	3,579687E+3	-4,643553E-1	3,579687E+3	8,027564E-1	3,579687E+3	-4,161934E-1	3,579687E+3	7,724949E-1	3,579687E+3	-1,818787E-1	3,579687E+3	7,857935E-1
3,581250E+3	-7,072016E-1	3,581250E+3	5,885707E-1	3,581250E+3	-4,679539E-1	3,581250E+3	8,012379E-1	3,581250E+3	-4,200706E-1	3,581250E+3	7,699241E-1	3,581250E+3	-1,793912E-1	3,581250E+3	7,836364E-1
3,582812E+3	-7,123517E-1	3,582812E+3	5,822582E-1	3,582812E+3	-4,726727E-1	3,582812E+3	7,982301E-1	3,582812E+3	-3,879010E-1	3,582812E+3	7,751745E-1	3,582812E+3	-1,772075E-1	3,582812E+3	7,805482E-1
3,584375E+3	-7,185313E-1	3,584375E+3	5,779892E-1	3,584375E+3	-4,762006E-1	3,584375E+3	7,970351E-1	3,584375E+3	-3,652799E-1	3,584375E+3	7,796909E-1	3,584375E+3	-1,742044E-1	3,584375E+3	7,780107E-1
3,585937E+3	-7,239729E-1	3,585937E+3	5,714075E-1	3,585937E+3	-4,467295E-1	3,585937E+3	8,081906E-1	3,585937E+3	-3,625988E-1	3,585937E+3	7,771445E-1	3,585937E+3	-1,690724E-1	3,585937E+3	7,743220E-1
3,587500E+3	-7,301674E-1	3,587500E+3	5,668364E-1	3,587500E+3	-4,242462E-1	3,587500E+3	8,185617E-1	3,587500E+3	-3,592468E-1	3,587500E+3	7,756245E-1	3,587500E+3	-1,633331E-1	3,587500E+3	7,712422E-1
3,589062E+3	-6,815465E-1	3,589062E+3	6,065551E-1	3,589062E+3	-4,224221E-1	3,589062E+3	8,173895E-1	3,589062E+3	-3,572267E-1	3,589062E+3	7,729331E-1	3,589062E+3	-1,624755E-1	3,589062E+3	7,676413E-1
3,590625E+3	-6,508278E-1	3,590625E+3	6,349725E-1	3,590625E+3	-4,194883E-1	3,590625E+3	8,176327E-1	3,590625E+3	-3,546461E-1	3,590625E+3	7,711048E-1	3,590625E+3	-1,600449E-1	3,590625E+3	7,644714E-1
3,592187E+3	-6,504371E-1	3,592187E+3	6,335374E-1	3,592187E+3	-4,200825E-1	3,592187E+3	8,156448E-1	3,592187E+3	-3,541853E-1	3,592187E+3	7,679671E-1	3,592187E+3	-1,564948E-1	3,592187E+3	7,606623E-1
3,593750E+3	-6,506151E-1	3,593750E+3	6,335825E-1	3,593750E+3	-4,199927E-1	3,593750E+3	8,146162E-1	3,593750E+3	-3,531016E-1	3,593750E+3	7,655496E-1	3,593750E+3	-1,510412E-1	3,593750E+3	7,572869E-1
3,595312E+3	-6,517825E-1	3,595312E+3	6,308412E-1	3,595312E+3	-4,205122E-1	3,595312E+3	8,131224E-1	3,595312E+3	-3,502584E-1	3,595312E+3	7,629204E-1	3,595312E+3	-1,325099E-1	3,595312E+3	7,503678E-1
3,596875E+3	-6,533885E-1	3,596875E+3	6,290827E-1	3,596875E+3	-4,205222E-1	3,596875E+3	8,124973E-1	3,596875E+3	-3,466598E-1	3,596875E+3	7,610953E-1	3,596875E+3	-1,140723E-1	3,596875E+3	7,444147E-1
3,598437E+3	-6,544481E-1	3,598437E+3	6,263080E-1	3,598437E+3	-4,186499E-1	3,598437E+3	8,122480E-1	3,598437E+3	-3,381110E-1	3,598437E+3	7,594542E-1	3,598437E+3	-1,141767E-1	3,598437E+3	7,404274E-1
3,600000E+3	-6,561444E-1	3,600000E+3	6,241767E-1	3,600000E+3	-4,160287E-1	3,600000E+3	8,131060E-1	3,600000E+3	-3,285241E-1	3,600000E+3	7,588422E-1	3,600000E+3	-1,135574E-1	3,600000E+3	7,366905E-1
3,601562E+3	-6,563649E-1	3,601562E+3	6,219828E-1	3,601562E+3	-4,115743E-1	3,601562E+3	8,134117E-1	3,601562E+3	-3,229436E-1	3,601562E+3	7,561208E-1	3,601562E+3	-1,185910E-1	3,601562E+3	7,334013E-1
3,603125E+3	-6,574661E-1	3,603125E+3	6,202596E-1	3,603125E+3	-4,061334E-1	3,603125E+3	8,149204E-1	3,603125E+3	-3,171773E-1	3,603125E+3	7,541597E-1	3,603125E+3	-1,234627E-1	3,603125E+3	7,303182E-1
3,604687E+3	-6,574136E-1	3,604687E+3	6,184894E-1	3,604687E+3	-4,079412E-1	3,604687E+3	8,123338E-1	3,604687E+3	-3,168029E-1	3,604687E+3	7,506352E-1	3,604687E+3	-1,271080E-1	3,604687E+3	7,271639E-1
3,606250E+3	-6,582072E-1	3,606250E+3	6,173106E-1	3,606250E+3	-4,096169E-1	3,606250E+3	8,102783E-1	3,606250E+3	-3,165652E-1	3,606250E+3	7,476633E-1	3,606250E+3	-1,309928E-1	3,606250E+3	7,243614E-1
3,607812E+3	-6,583124E-1	3,607812E+3	6,155129E-1	3,607812E+3	-4,154215E-1	3,607812E+3	8,059563E-1	3,607812E+3	-3,159926E-1	3,607812E+3	7,439180E-1	3,607812E+3	-1,358739E-1	3,607812E+3	7,214041E-1
3,609375E+3	-6,593794E-1	3,609375E+3	6,141648E-1	3,609375E+3	-4,216120E-1	3,609375E+3	8,018497E-1	3,609375E+3	-3,157160E-1	3,609375E+3	7,408002E-1	3,609375E+3	-1,407799E-1	3,609375E+3	7,186759E-1
3,610937E+3	-6,589371E-1	3,610937E+3	6,127881E-1	3,610937E+3	-4,247600E-1	3,610937E+3	7,982952E-1	3,610937E+3	-3,108664E-1	3,610937E+3	7,372888E-1	3,610937E+3	-5,635011E-2	3,610937E+3	6,899053E-1
3,612500E+3	-6,597006E-1	3,612500E+3	6,118367E-1	3,612500E+3	-4,293050E-1	3,612500E+3	7,950520E-1	3,612500E+3	-3,070428E-1	3,612500E+3	7,347913E-1	3,612500E+3	5,259574E-2	3,612500E+3	6,421843E-1
3,614062E+3	-6,582036E-1	3,614062E+3	6,113217E-1	3,614062E+3	-4,315860E-1	3,614062E+3	7,916303E-1	3,614062E+3	-3,044494E-1	3,614062E+3	7,308162E-1	3,614062E+3	4,778623E-2	3,614062E+3	6,375268E-1
3,615625E+3	-6,584822E-1	3,615625E+3	6,111154E-1	3,615625E+3	-4,357227E-1	3,615625E+3	7,887034E-1	3,615625E+3	-3,032948E-1	3,615625E+3	7,280407E-1	3,615625E+3	4,116894E-2	3,615625E+3	6,359493E-1
3,617187E+3	-6,566083E-1	3,617187E+3	6,103539E-1	3,617187E+3	-3,985306E-1	3,617187E+3	8,008322E-1	3,617187E+3	-3,039793E-1	3,617187E+3	7,236532E-1	3,617187E+3	5,466987E-2	3,617187E+3	6,315686E-1
3,618750E+3	-6,569971E-1	3,618750E+3	6,099444E-1	3,618750E+3	-3,524027E-1	3,618750E+3	8,172167E-1	3,618750E+3	-3,062206E-1	3,618750E+3	7,206169E-1	3,618750E+3	6,510081E-2	3,618750E+3	6,334083E-1
3,620312E+3	-6,564306E-1	3,620312E+3	6,082801E-1	3,620312E+3	-3,311079E-1	3,620312E+3	8,222070E-1	3,620312E+3	-3,061587E-1	3,620312E+3	7,162050E-1	3,620312E+3	6,092734E-2	3,620312E+3	6,297968E-1
3,621875E+3	-6,580993E-1	3,621875E+3	6,070442E-1	3,621875E+3	-3,077726E-1	3,621875E+3	8,293380E-1	3,621875E+3	-3,076812E-1	3,621875E+3	7,135739E-1	3,621875E+3	5,600918E-2	3,621875E+3	6,298211E-1
3,623437E+3	-6,574893E-1	3,623437E+3	6,054862E-1	3,623437E+3	-2,833196E-1	3,623437E+3	8,337609E-1	3,623437E+3	-2,757507E-1	3,623437E+3	7,107225E-1	3,623437E+3	5,056631E-2	3,623437E+3	6,270420E-1
3,625000E+3	-6,594597E-1	3,625000E+3	6,045414E-1	3,625000E+3	-2,566850E-1	3,625000E+3	8,404873E-1	3,625000E+3	-2,402421E-1	3,625000E+3	7,100430E-1	3,625000E+3	4,524997E-2	3,625000E+3	6,269873E-1
3,626562E+3	-6,578229E-1	3,626562E+3	6,029817E-1	3,626562E+3	-2,674319E-1	3,626562E+3	8,351077E-1	3,626562E+3	-2,462675E-1	3,626562E+3	7,043135E-1	3,626562E+3	3,994676E-2	3,626562E+3	6,239023E-1
3,628125E+3	-6,594221E-1	3,628125E+3	6,027171E-1	3,628125E+3	-2,801132E-1	3,628125E+3	8,318290E-1	3,628125E+3	-2,531951E-1	3,628125E+3	7,015946E-1	3,628125E+3	3,539409E-2	3,628125E+3	6,233246E-1
3,629687E+3	-6,580901E-1	3,629687E+3	6,000584E-1	3,629687E+3	-2,882449E-1	3,629687E+3	8,256314E-1	3,629687E+3	-2,247461E-1	3,629687E+3	6,999324E-1	3,629687E+3	3,293227E-2	3,629687E+3	6,181557E-1
3,631250E+3	-6,602076E-1	3,631250E+3	5,996588E-1	3,631250E+3	-2,985274E-1	3,631250E+3	8,234544E-1	3,631250E+3	-1,924360E-1	3,631250E+3	7,021452E-1	3,631250E+3	3,244556E-2	3,631250E+3	6,160914E-1
3,632812E+3	-6,592953E-1	3,632812E+3	5,958314E-1	3,632812E+3	-3,067300E-1	3,632812E+3	8,165079E-1	3,632812E+3	-1,966886E-1	3,632812E+3	6,965618E-1	3,632812E+3	7,120148E-2	3,632812E+3	5,683485E-1
3,634375E+3	-6,616991E-1	3,634375E+3	5,956059E-1	3,634375E+3	-3,154716E-1	3,634375E+3	8,142549E-1	3,634375E+3	-1,993013E-1	3,634375E+3	6,949038E-1	3,634375E+3	1,426336E-1	3,634375E+3	5,245565E-1
3,635937E+3	-6,617125E-1	3,635937E+3	5,911647E-1	3,635937E+3	-2,770847E-1	3,635937E+3	8,262237E-1	3,635937E+3	-1,987623E-1	3,635937E+3	6,881506E-1	3,635937E+3	1,401714E-1	3,635937E+3	5,202353E-1
3,637500E+3	-6,639388E-1	3,637500E+3	5,911425E-1	3,637500E+3	-2,310837E-1	3,637500E+3	8,456336E-1	3,637500E+3	-1,948773E-1	3,637500E+3	6,856427E-1	3,637500E+3	1,401976E-1	3,637500E+3	5,154604E-1
3,639062E+3	-6,638962E-1	3,639062E+3	5,874451E-1	3,639062E+3	-2,343637E-1	3,639062E+3	8,411535E-1	3,639062E+3	-1,891510E-1	3,639062E+3	6,776008E-1	3,639062E+3	1,355000E-1	3,639062E+3	5,129934E-1
3,640625E+3	-6,649788E-1	3,640625E+3	5,886377E-1	3,640625E+3	-2,341961E-1	3,640625E+3	8,421160E-1	3,640625E+3	-1,788748E-1	3,640625E+3	6,730490E-1	3,640625E+3	1,319056E-1	3,640625E+3	5,101538E-1
3,642187E+3	-6,634329E-1	3,642187E+3	5,863299E-1	3,642187E+3	-2,327141E-1	3,642187E+3	8,385358E-1	3,642187E+3	-1,780985E-1	3,642187E+3	6,663508E-1	3,642187E+3	1,280645E-1	3,642187E+3	5,065969E-1
3,643750E+3	-6,618025E-1	3,643750E+3	5,897109E-1	3,643750E+3	-2,268635E-1	3,643750E+3	8,391937E-1	3,643750E+3	-1,734419E-1	3,643750E+3	6,616073E-1	3,643750E+3	1,255281E-1	3,643750E+3	5,025571E-1
3,645312E+3	-6,588125E-1	3,645312E+3	5,884154E-1	3,645312E+3	-2,241223E-1	3,645312E+3	8,363635E-1	3,645312E+3	-1,757067E-1	3,645312E+3	6,563668E-1	3,645312E+3	1,229100E-1	3,645312E+3	4,981573E-1
3,646875E+3	-6,543713E-1	3,646875E+3	5,928988E-1	3,646875E+3	-2,179876E-1	3,646875E+3	8,359362E-1	3,646875E+3	-1,751422E-1	3,646875E+3	6,522043E-1	3,646875E+3	1,216130E-1	3,646875E+3	4,932903E-1
3,648437E+3	-6,494859E-1	3,648437E+3	5,962813E-1	3,648437E+3	-2,226440E-1	3,648437E+3	8,334177E-1	3,648437E+3	-1,785584E-1	3,648437E+3	6,473285E-1	3,648437E+3	1,206289E-1	3,648437E+3	4,875963E-1
3,650000E+3	-6,431623E-1	3,650000E+3	6,035860E-1	3,650000E+3	-2,254483E-1	3,650000E+3	8,320993E-1	3,650000E+3	-1,798802E-1	3,650000E+3	6,430963E-1	3,650000E+3	1,210141E-1	3,650000E+3	4,814393E-1
3,651562E+3	-6,452437E-1	3,651562E+3	5,999925E-1	3,651562E+3	-2,314832E-1	3,651562E+3	8,299588E-1	3,651562E+3	-1,832437E-1	3,651562E+3	6,382116E-1	3,651562E+3	1,217801E-1	3,651562E+3	4,736331E-1
3,653125E+3	-6,462841E-1	3,653125E+3	5,986093E-1	3,653125E+3	-2,358191E-1	3,653125E+3	8,289295E-1	3,653125E+3	-1,848370E-1	3,653125E+3	6,337907E-1	3,653125E+3	1,237611E-1	3,653125E+3	4,653500E-1
3,654687E+3	-6,486761E-1	3,654687E+3	5,953498E-1	3,654687E+3	-2,410438E-1	3,654687E+3	8,269136E-1	3,654687E+3	-1,864424E-1	3,654687E+3	6,286349E-1	3,654687E+3	1,242863E-1	3,654687E+3	4,572372E-1
3,656250E+3	-6,501475E-1	3,656250E+3	5,939808E-1	3,656250E+3	-2,444344E-1	3,656250E+3	8,260441E-1	3,656250E+3	-1,862290E-1	3,656250E+3	6,239145E-1	3,656250E+3	1,257305E-1	3,656250E+3	4,487588E-1
3,657812E+3	-6,497229E-1	3,657812E+3	5,941830E-1	3,657812E+3	-2,477101E-1	3,657812E+3	8,239422E-1	3,657812E+3	-1,843618E-1	3,657812E+3	6,181515E-1	3,657812E+3	1,265868E-1	3,657812E+3	4,406385E-1
3,659375E+3	-6,482619E-1	3,659375E+3	5,965694E-1	3,659375E+3	-2,487783E-1	3,659375E+3	8,230642E-1	3,659375E+3	-1,803428E-1	3,659375E+3	6,128445E-1	3,659375E+3	1,283234E-1	3,659375E+3	4,321916E-1
3,660937E+3	-6,457876E-1	3,660937E+3	6,011002E-1	3,660937E+3	-2,500457E-1	3,660937E+3	8,207024E-1	3,660937E+3	-1,753074E-1	3,660937E+3	6,062347E-1	3,660937E+3	1,295780E-1	3,660937E+3	4,238318E-1
3,662500E+3	-6,418907E-1	3,662500E+3	6,084662E-1	3,662500E+3	-2,488274E-1	3,662500E+3	8,194608E-1	3,662500E+3	-1,678629E-1	3,662500E+3	5,999737E-1	3,662500E+3	1,317483E-1	3,662500E+3	4,151215E-1
3,664062E+3	-6,423197E-1	3,664062E+3	6,076773E-1	3,664062E+3	-2,504622E-1	3,664062E+3	8,171372E-1	3,664062E+3	-1,644610E-1	3,664062E+3	5,933666E-1	3,664062E+3	1,333482E-1	3,664062E+3	4,058997E-1
3,665625E+3	-6,415464E-1	3,665625E+3	6,089773E-1	3,665625E+3	-2,499499E-1	3,665625E+3	8,157320E-1	3,665625E+3	-1,592514E-1	3,665625E+3	5,869329E-1	3,665625E+3	1,357938E-1	3,665625E+3	3,963066E-1
3,667187E+3	-6,429826E-1	3,667187E+3	6,076603E-1	3,667187E+3	-2,509133E-1	3,667187E+3	8,140180E-1	3,667187E+3	-1,588972E-1	3,667187E+3	5,811703E-1	3,667187E+3	1,344278E-1	3,667187E+3	3,896369E-1
3,668750E+3	-6,434626E-1	3,668750E+3	6,079925E-1	3,668750E+3	-2,498841E-1	3,668750E+3	8,132009E-1	3,668750E+3	-1,573593E-1	3,668750E+3	5,755456E-1	3,668750E+3	1,334849E-1	3,668750E+3	3,828813E-1
3,670312E+3	-6,444983E-1	3,670312E+3	6,068496E-1	3,670312E+3	-2,510534E-1	3,670312E+3	8,116262E-1	3,670312E+3	-1,571921E-1	3,670312E+3	5,702238E-1	3,670312E+3	1,310787E-1	3,670312E+3	3,772214E-1
3,671875E+3	-6,445679E-1	3,671875E+3	6,073117E-1	3,671875E+3	-2,504825E-1	3,671875E+3	8,108254E-1	3,671875E+3	-1,559215E-1	3,671875E+3	5,650669E-1	3,671875E+3	1,289960E-1	3,671875E+3	3,715689E-1
3,673437E+3	-6,447153E-1	3,673437E+3	6,066443E-1	3,673437E+3	-2,501219E-1	3,673437E+3	8,098466E-1	3,673437E+3	-1,542882E-1	3,673437E+3	5,597183E-1	3,673437E+3	1,268729E-1	3,673437E+3	3,657899E-1
3,675000E+3	-6,438012E-1	3,675000E+3	6,076078E-1	3,675000E+3	-2,480202E-1	3,675000E+3	8,096341E-1	3,675000E+3	-1,514542E-1	3,675000E+3	5,545564E-1	3,675000E+3	1,250888E-1	3,675000E+3	3,600340E-1
3,676562E+3	-6,411090E-1	3,676562E+3	6,085382E-1	3,676562E+3	-2,456101E-1	3,676562E+3	8,090316E-1	3,676562E+3	-1,481803E-1	3,676562E+3	5,488750E-1	3,676562E+3	1,240260E-1	3,676562E+3	3,532967E-1
3,678125E+3	-6,369999E-1	3,678125E+3	6,113187E-1	3,678125E+3	-2,413523E-1	3,678125E+3	8,091846E-1	3,678125E+3	-1,436192E-1	3,678125E+3	5,433466E-1	3,678125E+3	1,233555E-1	3,678125E+3	3,465798E-1
3,679687E+3	-6,341476E-1	3,679687E+3	6,116316E-1	3,679687E+3	-2,383238E-1	3,679687E+3	8,087487E-1	3,679687E+3	-1,401592E-1	3,679687E+3	5,374920E-1	3,679687E+3	1,238339E-1	3,679687E+3	3,380619E-1
3,681250E+3	-6,299604E-1	3,681250E+3	6,134651E-1	3,681250E+3	-2,335850E-1	3,681250E+3	8,089589E-1	3,681250E+3	-1,355482E-1	3,681250E+3	5,317450E-1	3,681250E+3	1,247696E-1	3,681250E+3	3,295605E-1
3,682812E+3	-6,272591E-1	3,682812E+3	6,137572E-1	3,682812E+3	-2,297411E-1	3,682812E+3	8,086451E-1	3,682812E+3	-1,315276E-1	3,682812E+3	5,257049E-1	3,682812E+3	1,266655E-1	3,682812E+3	3,189432E-1
3,684375E+3	-6,233488E-1	3,684375E+3	6,154206E-1	3,684375E+3	-2,243022E-1	3,684375E+3	8,088800E-1	3,684375E+3	-1,264318E-1	3,684375E+3	5,197502E-1	3,684375E+3	1,291148E-1	3,684375E+3	3,082896E-1
3,685937E+3	-6,210254E-1	3,685937E+3	6,158639E-1	3,685937E+3	-2,200622E-1	3,685937E+3	8,081665E-1	3,685937E+3	-1,213069E-1	3,685937E+3	5,133573E-1	3,685937E+3	1,313369E-1	3,685937E+3	2,963855E-1
3,687500E+3	-6,176291E-1	3,687500E+3	6,175837E-1	3,687500E+3	-2,143716E-1	3,687500E+3	8,078744E-1	3,687500E+3	-1,150985E-1	3,687500E+3	5,070208E-1	3,687500E+3	1,341351E-1	3,687500E+3	2,844323E-1
3,689062E+3	-6,154721E-1	3,689062E+3	6,180271E-1	3,689062E+3	-2,097056E-1	3,689062E+3	8,069910E-1	3,689062E+3	-1,092034E-1	3,689062E+3	4,998668E-1	3,689062E+3	1,360023E-1	3,689062E+3	2,727622E-1
3,690625E+3	-6,123324E-1	3,690625E+3	6,196412E-1	3,690625E+3	-2,037454E-1	3,690625E+3	8,064347E-1	3,690625E+3	-1,022637E-1	3,690625E+3	4,926965E-1	3,690625E+3	1,384390E-1	3,690625E+3	2,610692E-1
3,692187E+3	-6,108634E-1	3,692187E+3	6,186093E-1	3,692187E+3	-2,002686E-1	3,692187E+3	8,049787E-1	3,692187E+3	-9,640183E-2	3,692187E+3	4,849913E-1	3,692187E+3	1,405098E-1	3,692187E+3	2,490867E-1
3,693750E+3	-6,085264E-1	3,693750E+3	6,184878E-1	3,693750E+3	-1,956936E-1	3,693750E+3	8,037661E-1	3,693750E+3	-8,959375E-2	3,693750E+3	4,772157E-1	3,693750E+3	1,431662E-1	3,693750E+3	2,370166E-1
3,695312E+3	-6,058580E-1	3,695312E+3	6,176513E-1	3,695312E+3	-1,911672E-1	3,695312E+3	8,021398E-1	3,695312E+3	-8,519425E-2	3,695312E+3	4,697308E-1	3,695312E+3	1,455187E-1	3,695312E+3	2,234124E-1
3,696875E+3	-6,022584E-1	3,696875E+3	6,177005E-1	3,696875E+3	-1,855014E-1	3,696875E+3	8,007380E-1	3,696875E+3	-8,003711E-2	3,696875E+3	4,622033E-1	3,696875E+3	1,484215E-1	3,696875E+3	2,097161E-1
3,698437E+3	-5,962763E-1	3,698437E+3	6,189657E-1	3,698437E+3	-1,754890E-1	3,698437E+3	7,990157E-1	3,698437E+3	-7,577750E-2	3,698437E+3	4,543848E-1	3,698437E+3	1,610245E-1	3,698437E+3	1,706722E-1
3,700000E+3	-5,890951E-1	3,700000E+3	6,212748E-1	3,700000E+3	-1,639338E-1	3,700000E+3	7,974832E-1	3,700000E+3	-7,085526E-2	3,700000E+3	4,465389E-1	3,700000E+3	1,723649E-1	3,700000E+3	1,348619E-1
3,701562E+3	-5,811285E-1	3,701562E+3	6,236589E-1	3,701562E+3	-1,513147E-1	3,701562E+3	7,960308E-1	3,701562E+3	-6,651962E-2	3,701562E+3	4,381684E-1	3,701562E+3	1,714521E-1	3,701562E+3	1,266578E-1
3,703125E+3	-5,718386E-1	3,703125E+3	6,270970E-1	3,703125E+3	-1,370461E-1	3,703125E+3	7,947503E-1	3,703125E+3	-6,160582E-2	3,703125E+3	4,297986E-1	3,703125E+3	1,709718E-1	3,703125E+3	1,183200E-1
3,704687E+3	-5,657246E-1	3,704687E+3	6,281366E-1	3,704687E+3	-1,295745E-1	3,704687E+3	7,929934E-1	3,704687E+3	-5,743702E-2	3,704687E+3	4,213425E-1	3,704687E+3	1,624088E-1	3,704687E+3	6,116791E-2
3,706250E+3	-5,585667E-1	3,706250E+3	6,300160E-1	3,706250E+3	-1,209995E-1	3,706250E+3	7,914043E-1	3,706250E+3	-5,274962E-2	3,706250E+3	4,129271E-1	3,706250E+3	1,592284E-1	3,706250E+3	1,523873E-2
3,707812E+3	-5,535989E-1	3,707812E+3	6,304619E-1	3,707812E+3	-1,146955E-1	3,707812E+3	7,896368E-1	3,707812E+3	-4,838723E-2	3,707812E+3	4,043410E-1	3,707812E+3	1,557618E-1	3,707812E+3	6,093335E-3
3,709375E+3	-5,477530E-1	3,709375E+3	6,316311E-1	3,709375E+3	-1,074801E-1	3,709375E+3	7,880029E-1	3,709375E+3	-4,351977E-2	3,709375E+3	3,958263E-1	3,709375E+3	1,530824E-1	3,709375E+3	-3,014355E-3
3,710937E+3	-5,443658E-1	3,710937E+3	6,311887E-1	3,710937E+3	-1,004371E-1	3,710937E+3	7,862533E-1	3,710937E+3	-3,855774E-2	3,710937E+3	3,865834E-1	3,710937E+3	1,497490E-1	3,710937E+3	-1,141216E-2
3,712500E+3	-5,402741E-1	3,712500E+3	6,313440E-1	3,712500E+3	-9,263253E-2	3,712500E+3	7,846053E-1	3,712500E+3	-3,308880E-2	3,712500E+3	3,774375E-1	3,712500E+3	1,471719E-1	3,712500E+3	-1,975089E-2
3,714062E+3	-5,375817E-1	3,714062E+3	6,302967E-1	3,714062E+3	2,927396E-2	3,714062E+3	7,643085E-1	3,714062E+3	-2,758595E-2	3,714062E+3	3,678384E-1	3,714062E+3	1,435720E-1	3,714062E+3	-2,798235E-2
3,715625E+3	-5,342710E-1	3,715625E+3	6,297615E-1	3,715625E+3	1,610170E-1	3,715625E+3	7,234365E-1	3,715625E+3	-2,180179E-2	3,715625E+3	3,585272E-1	3,715625E+3	1,407962E-1	3,715625E+3	-3,610138E-2
3,717187E+3	-5,126058E-1	3,717187E+3	6,391827E-1	3,717187E+3	1,659567E-1	3,717187E+3	7,197647E-1	3,717187E+3	-1,751043E-2	3,717187E+3	3,496162E-1	3,717187E+3	1,365405E-1	3,717187E+3	-4,629557E-2
3,718750E+3	-4,884885E-1	3,718750E+3	6,495470E-1	3,718750E+3	1,703490E-1	3,718750E+3	7,165522E-1	3,718750E+3	-1,293910E-2	3,718750E+3	3,409491E-1	3,718750E+3	1,333398E-1	3,718750E+3	-5,629502E-2
3,720312E+3	-4,439240E-1	3,720312E+3	6,658516E-1	3,720312E+3	2,851582E-1	3,720312E+3	6,692919E-1	3,720312E+3	-1,768397E-3	3,720312E+3	3,194760E-1	3,720312E+3	1,276972E-1	3,720312E+3	-6,958165E-2
3,721875E+3	-3,937337E-1	3,721875E+3	6,819008E-1	3,721875E+3	4,012816E-1	3,721875E+3	6,030383E-1	3,721875E+3	9,791897E-3	3,721875E+3	3,001657E-1	3,721875E+3	1,234658E-1	3,721875E+3	-8,264338E-2
3,723437E+3	-3,876087E-1	3,723437E+3	6,819879E-1	3,723437E+3	3,944491E-1	3,723437E+3	6,078210E-1	3,723437E+3	1,316180E-2	3,723437E+3	2,874765E-1	3,723437E+3	1,169778E-1	3,723437E+3	-9,391389E-2
3,725000E+3	-3,808776E-1	3,725000E+3	6,824300E-1	3,725000E+3	3,872629E-1	3,725000E+3	6,128922E-1	3,725000E+3	1,712770E-2	3,725000E+3	2,749708E-1	3,725000E+3	1,120776E-1	3,725000E+3	-1,051929E-1
3,726562E+3	-2,374585E-1	3,726562E+3	7,192620E-1	3,726562E+3	3,808068E-1	3,726562E+3	6,173894E-1	3,726562E+3	3,161610E-2	3,726562E+3	2,534243E-1	3,726562E+3	1,051697E-1	3,726562E+3	-1,293944E-1
3,728125E+3	-6,545877E-2	3,728125E+3	7,335767E-1	3,728125E+3	3,740551E-1	3,728125E+3	6,221153E-1	3,728125E+3	4,667557E-2	3,728125E+3	2,318194E-1	3,728125E+3	9,970608E-2	3,728125E+3	-1,532205E-1
3,729687E+3	-8,302617E-2	3,729687E+3	7,342079E-1	3,729687E+3	3,683906E-1	3,729687E+3	6,259173E-1	3,729687E+3	4,350013E-2	3,729687E+3	2,286318E-1	3,729687E+3	9,522912E-2	3,729687E+3	-1,569548E-1
3,731250E+3	-1,008572E-1	3,731250E+3	7,344285E-1	3,731250E+3	3,624632E-1	3,731250E+3	6,299499E-1	3,731250E+3	4,068525E-2	3,731250E+3	2,255039E-1	3,731250E+3	9,203200E-2	3,731250E+3	-1,610898E-1
3,732812E+3	-1,171627E-1	3,732812E+3	7,343014E-1	3,732812E+3	3,782359E-1	3,732812E+3	6,273172E-1	3,732812E+3	3,843005E-2	3,732812E+3	2,212976E-1	3,732812E+3	8,785402E-2	3,732812E+3	-1,649719E-1
3,734375E+3	-1,336899E-1	3,734375E+3	7,338127E-1	3,734375E+3	3,884167E-1	3,734375E+3	6,271955E-1	3,734375E+3	3,654036E-2	3,734375E+3	2,171596E-1	3,734375E+3	8,489437E-2	3,734375E+3	-1,693539E-1
3,735937E+3	-1,492870E-1	3,735937E+3	7,327997E-1	3,735937E+3	3,795780E-1	3,735937E+3	6,327784E-1	3,735937E+3	3,494325E-2	3,735937E+3	2,116411E-1	3,735937E+3	8,024013E-2	3,735937E+3	-1,737735E-1
3,737500E+3	-1,650612E-1	3,737500E+3	7,314393E-1	3,737500E+3	3,707103E-1	3,737500E+3	6,382614E-1	3,737500E+3	3,375383E-2	3,737500E+3	2,062677E-1	3,737500E+3	7,685250E-2	3,737500E+3	-1,789595E-1
3,739062E+3	-1,797138E-1	3,739062E+3	7,300090E-1	3,739062E+3	3,636881E-1	3,739062E+3	6,423269E-1	3,739062E+3	3,234078E-2	3,739062E+3	2,003015E-1	3,739062E+3	7,218143E-2	3,739062E+3	-1,830757E-1
3,740625E+3	-1,945153E-1	3,740625E+3	7,282576E-1	3,740625E+3	3,566788E-1	3,740625E+3	6,463563E-1	3,740625E+3	3,138496E-2	3,740625E+3	1,945396E-1	3,740625E+3	6,859197E-2	3,740625E+3	-1,881618E-1
3,742187E+3	-2,093802E-1	3,742187E+3	7,258306E-1	3,742187E+3	3,547404E-1	3,742187E+3	6,466625E-1	3,742187E+3	2,981812E-2	3,742187E+3	1,892072E-1	3,742187E+3	6,419873E-2	3,742187E+3	-1,922048E-1
3,743750E+3	-2,243404E-1	3,743750E+3	7,230530E-1	3,743750E+3	3,529301E-1	3,743750E+3	6,470294E-1	3,743750E+3	2,869980E-2	3,743750E+3	1,840434E-1	3,743750E+3	6,066976E-2	3,743750E+3	-1,972497E-1
3,745312E+3	-2,391234E-1	3,745312E+3	7,200305E-1	3,745312E+3	5,106064E-1	3,745312E+3	5,089231E-1	3,745312E+3	2,759817E-2	3,745312E+3	1,789205E-1	3,745312E+3	5,668601E-2	3,745312E+3	-2,011196E-1
3,746875E+3	-2,539569E-1	3,746875E+3	7,166414E-1	3,746875E+3	6,274794E-1	3,746875E+3	3,565284E-1	3,746875E+3	2,691706E-2	3,746875E+3	1,739498E-1	3,746875E+3	5,334088E-2	3,746875E+3	-2,058670E-1
3,748437E+3	-2,661958E-1	3,748437E+3	7,139986E-1	3,748437E+3	6,175935E-1	3,748437E+3	3,723941E-1	3,748437E+3	2,580853E-2	3,748437E+3	1,695750E-1	3,748437E+3	4,939284E-2	3,748437E+3	-2,097432E-1
3,750000E+3	-2,784626E-1	3,750000E+3	7,111000E-1	3,750000E+3	6,071707E-1	3,750000E+3	3,886611E-1	3,750000E+3	2,508612E-2	3,750000E+3	1,653466E-1	3,750000E+3	4,596149E-2	3,750000E+3	-2,144724E-1
3,751562E+3	-2,857839E-1	3,751562E+3	7,085862E-1	3,751562E+3	5,978989E-1	3,751562E+3	4,024355E-1	3,751562E+3	2,395987E-2	3,751562E+3	1,615640E-1	3,751562E+3	4,219539E-2	3,751562E+3	-2,179827E-1
3,753125E+3	-2,930779E-1	3,753125E+3	7,060112E-1	3,753125E+3	5,880737E-1	3,753125E+3	4,171684E-1	3,753125E+3	2,319559E-2	3,753125E+3	1,579320E-1	3,753125E+3	3,881796E-2	3,753125E+3	-2,222894E-1
3,754687E+3	-1,214578E-1	3,754687E+3	7,206796E-1	3,754687E+3	5,787458E-1	3,754687E+3	4,303787E-1	3,754687E+3	2,249748E-2	3,754687E+3	1,541954E-1	3,754687E+3	3,570702E-2	3,754687E+3	-2,253011E-1
3,756250E+3	6,312009E-2	3,756250E+3	6,999345E-1	3,756250E+3	5,689163E-1	3,756250E+3	4,443901E-1	3,756250E+3	2,216317E-2	3,756250E+3	1,506291E-1	3,756250E+3	3,291765E-2	3,756250E+3	-2,289007E-1
3,757812E+3	4,575822E-2	3,757812E+3	7,033160E-1	3,757812E+3	5,594099E-1	3,757812E+3	4,565209E-1	3,757812E+3	2,151590E-2	3,757812E+3	1,472918E-1	3,757812E+3	3,001141E-2	3,757812E+3	-2,316376E-1
3,759375E+3	2,815605E-2	3,759375E+3	7,062587E-1	3,759375E+3	5,495723E-1	3,759375E+3	4,694790E-1	3,759375E+3	2,120371E-2	3,759375E+3	1,441135E-1	3,759375E+3	2,737561E-2	3,759375E+3	-2,349308E-1
3,760937E+3	-4,733660E-2	3,760937E+3	7,138216E-1	3,760937E+3	5,401941E-1	3,760937E+3	4,804956E-1	3,760937E+3	2,098717E-2	3,760937E+3	1,403999E-1	3,760937E+3	2,448999E-2	3,760937E+3	-2,375245E-1
3,762500E+3	-9,320774E-2	3,762500E+3	7,094321E-1	3,762500E+3	5,307016E-1	3,762500E+3	4,922345E-1	3,762500E+3	2,111003E-2	3,762500E+3	1,368697E-1	3,762500E+3	2,182810E-2	3,762500E+3	-2,406759E-1
3,764062E+3	-1,109711E-1	3,764062E+3	7,088707E-1	3,764062E+3	5,212320E-1	3,764062E+3	5,019954E-1	3,764062E+3	2,142025E-2	3,764062E+3	1,326587E-1	3,764062E+3	1,887798E-2	3,764062E+3	-2,435745E-1
3,765625E+3	-1,284248E-1	3,765625E+3	7,076285E-1	3,765625E+3	5,118335E-1	3,765625E+3	5,123415E-1	3,765625E+3	2,207380E-2	3,765625E+3	1,286735E-1	3,765625E+3	1,617723E-2	3,765625E+3	-2,469481E-1
3,767187E+3	-1,440663E-1	3,767187E+3	7,061768E-1	3,767187E+3	5,054115E-1	3,767187E+3	5,190586E-1	3,767187E+3	2,280249E-2	3,767187E+3	1,245891E-1	3,767187E+3	1,347713E-2	3,767187E+3	-2,499104E-1
3,768750E+3	-1,594624E-1	3,768750E+3	7,041587E-1	3,768750E+3	4,991262E-1	3,768750E+3	5,262097E-1	3,768750E+3	2,385172E-2	3,768750E+3	1,207609E-1	3,768750E+3	1,109270E-2	3,768750E+3	-2,532230E-1
3,770312E+3	-1,717529E-1	3,770312E+3	7,023338E-1	3,770312E+3	5,000107E-1	3,770312E+3	5,247840E-1	3,770312E+3	2,502533E-2	3,770312E+3	1,170094E-1	3,770312E+3	8,520521E-3	3,770312E+3	-2,559921E-1
3,771875E+3	-1,838381E-1	3,771875E+3	7,001032E-1	3,771875E+3	5,009910E-1	3,771875E+3	5,238810E-1	3,771875E+3	2,649413E-2	3,771875E+3	1,135348E-1	3,771875E+3	6,283420E-3	3,771875E+3	-2,590833E-1
3,773437E+3	-1,915898E-1	3,773437E+3	6,985404E-1	3,773437E+3	5,497779E-1	3,773437E+3	4,676984E-1	3,773437E+3	2,753733E-2	3,773437E+3	1,106478E-1	3,773437E+3	3,826777E-3	3,773437E+3	-2,617118E-1
3,775000E+3	-1,990706E-1	3,775000E+3	6,965448E-1	3,775000E+3	5,927589E-1	3,775000E+3	4,115082E-1	3,775000E+3	2,884556E-2	3,775000E+3	1,080260E-1	3,775000E+3	1,718491E-3	3,775000E+3	-2,646394E-1
3,776562E+3	-1,917484E-1	3,776562E+3	6,964569E-1	3,776562E+3	5,953634E-1	3,776562E+3	4,080803E-1	3,776562E+3	2,992279E-2	3,776562E+3	1,055186E-1	3,776562E+3	-6,744637E-4	3,776562E+3	-2,670315E-1
3,778125E+3	-1,844314E-1	3,778125E+3	6,960306E-1	3,778125E+3	5,978583E-1	3,778125E+3	4,053747E-1	3,778125E+3	3,125918E-2	3,778125E+3	1,032897E-1	3,778125E+3	-2,740590E-3	3,778125E+3	-2,697404E-1
3,779687E+3	-1,458794E-1	3,779687E+3	6,973095E-1	3,779687E+3	5,915655E-1	3,779687E+3	4,146179E-1	3,779687E+3	3,252169E-2	3,779687E+3	1,005968E-1	3,779687E+3	-5,004607E-3	3,779687E+3	-2,722180E-1
3,781250E+3	-1,077953E-1	3,781250E+3	6,967710E-1	3,781250E+3	5,850259E-1	3,781250E+3	4,241601E-1	3,781250E+3	3,404630E-2	3,781250E+3	9,820432E-2	3,781250E+3	-6,913386E-3	3,781250E+3	-2,749939E-1
3,782812E+3	-1,151992E-1	3,782812E+3	6,960035E-1	3,782812E+3	5,776725E-1	3,782812E+3	4,345147E-1	3,782812E+3	3,590194E-2	3,782812E+3	9,511305E-2	3,782812E+3	-1,553759E-2	3,782812E+3	-2,862959E-1
3,784375E+3	-1,229512E-1	3,784375E+3	6,938255E-1	3,784375E+3	5,700129E-1	3,784375E+3	4,450772E-1	3,784375E+3	3,802718E-2	3,784375E+3	9,238779E-2	3,784375E+3	-2,269560E-2	3,784375E+3	-2,976821E-1
3,785937E+3	-1,356810E-1	3,785937E+3	6,928605E-1	3,785937E+3	5,616793E-1	3,785937E+3	4,555319E-1	3,785937E+3	3,989145E-2	3,785937E+3	8,967105E-2	3,785937E+3	-2,619793E-2	3,785937E+3	-3,009694E-1
3,787500E+3	-1,490002E-1	3,787500E+3	6,909566E-1	3,787500E+3	5,530184E-1	3,787500E+3	4,661453E-1	3,787500E+3	4,200758E-2	3,787500E+3	8,733159E-2	3,787500E+3	-2,917255E-2	3,787500E+3	-3,046363E-1
3,789062E+3	-1,628121E-1	3,789062E+3	6,891798E-1	3,789062E+3	5,448552E-1	3,789062E+3	4,755624E-1	3,789062E+3	4,390445E-2	3,789062E+3	8,496390E-2	3,789062E+3	-3,568038E-2	3,789062E+3	-3,095296E-1
3,790625E+3	-1,771340E-1	3,790625E+3	6,868106E-1	3,790625E+3	5,363804E-1	3,790625E+3	4,851639E-1	3,790625E+3	4,603564E-2	3,790625E+3	8,295237E-2	3,790625E+3	-4,130029E-2	3,790625E+3	-3,149826E-1
3,792187E+3	-1,906463E-1	3,792187E+3	6,842353E-1	3,792187E+3	5,289554E-1	3,792187E+3	4,929176E-1	3,792187E+3	4,825735E-2	3,792187E+3	8,084689E-2	3,792187E+3	-4,434813E-2	3,792187E+3	-3,168679E-1
3,793750E+3	-2,045030E-1	3,793750E+3	6,812472E-1	3,793750E+3	5,212501E-1	3,793750E+3	5,009171E-1	3,793750E+3	5,070415E-2	3,793750E+3	7,911752E-2	3,793750E+3	-4,697189E-2	3,793750E+3	-3,192072E-1
3,795312E+3	-2,167696E-1	3,795312E+3	6,784688E-1	3,795312E+3	5,139659E-1	3,795312E+3	5,073137E-1	3,795312E+3	5,369725E-2	3,795312E+3	7,693868E-2	3,795312E+3	-4,845762E-2	3,795312E+3	-3,201816E-1
3,796875E+3	-2,293102E-1	3,796875E+3	6,753808E-1	3,796875E+3	5,064185E-1	3,796875E+3	5,140038E-1	3,796875E+3	5,691542E-2	3,796875E+3	7,519630E-2	3,796875E+3	-4,964932E-2	3,796875E+3	-3,215233E-1
3,798437E+3	-2,407459E-1	3,798437E+3	6,719770E-1	3,798437E+3	5,000396E-1	3,798437E+3	5,191106E-1	3,798437E+3	6,042822E-2	3,798437E+3	7,277198E-2	3,798437E+3	-4,974959E-2	3,798437E+3	-3,216787E-1
3,800000E+3	-2,523172E-1	3,800000E+3	6,683749E-1	3,800000E+3	4,934090E-1	3,800000E+3	5,245561E-1	3,800000E+3	6,417009E-2	3,800000E+3	7,082141E-2	3,800000E+3	-4,966076E-2	3,800000E+3	-3,221164E-1
3,801562E+3	-2,621657E-1	3,801562E+3	6,648533E-1	3,801562E+3	4,877103E-1	3,801562E+3	5,292216E-1	3,801562E+3	6,604737E-2	3,801562E+3	7,022426E-2	3,801562E+3	-4,917211E-2	3,801562E+3	-3,220694E-1
3,803125E+3	-2,720805E-1	3,803125E+3	6,612811E-1	3,803125E+3	4,817526E-1	3,803125E+3	5,342416E-1	3,803125E+3	6,810058E-2	3,803125E+3	6,999071E-2	3,803125E+3	-4,851452E-2	3,803125E+3	-3,222655E-1
3,804687E+3	-2,798036E-1	3,804687E+3	6,578572E-1	3,804687E+3	4,768689E-1	3,804687E+3	5,388738E-1	3,804687E+3	6,880298E-2	3,804687E+3	7,103944E-2	3,804687E+3	-4,909907E-2	3,804687E+3	-3,228008E-1
3,806250E+3	-2,876247E-1	3,806250E+3	6,544707E-1	3,806250E+3	4,716695E-1	3,806250E+3	5,438843E-1	3,806250E+3	6,961595E-2	3,806250E+3	7,236466E-2	3,806250E+3	-4,942323E-2	3,806250E+3	-3,236655E-1
3,807812E+3	-2,921664E-1	3,807812E+3	6,513191E-1	3,807812E+3	4,668307E-1	3,807812E+3	5,486830E-1	3,807812E+3	7,672455E-2	3,807812E+3	6,932748E-2	3,807812E+3	-5,521301E-2	3,807812E+3	-3,265414E-1
3,809375E+3	-2,968643E-1	3,809375E+3	6,483089E-1	3,809375E+3	4,616797E-1	3,809375E+3	5,538249E-1	3,809375E+3	8,400061E-2	3,809375E+3	6,702545E-2	3,809375E+3	-6,030121E-2	3,809375E+3	-3,302061E-1
3,810937E+3	-2,974387E-1	3,810937E+3	6,460214E-1	3,810937E+3	4,587386E-1	3,810937E+3	5,577881E-1	3,810937E+3	1,167915E-1	3,810937E+3	2,476049E-2	3,810937E+3	-6,023439E-2	3,810937E+3	-3,301964E-1
3,812500E+3	-2,982499E-1	3,812500E+3	6,439972E-1	3,812500E+3	4,554804E-1	3,812500E+3	5,621429E-1	3,812500E+3	1,481847E-1	3,812500E+3	-1,242598E-2	3,812500E+3	-5,999326E-2	3,812500E+3	-3,304887E-1
3,814062E+3	-2,943669E-1	3,814062E+3	6,436192E-1	3,814062E+3	4,540456E-1	3,814062E+3	5,640257E-1	3,814062E+3	1,516838E-1	3,814062E+3	-1,316663E-2	3,814062E+3	-5,832957E-2	3,814062E+3	-3,298952E-1
3,815625E+3	-2,909139E-1	3,815625E+3	6,435517E-1	3,815625E+3	4,522811E-1	3,815625E+3	5,664288E-1	3,815625E+3	1,554957E-1	3,815625E+3	-1,334039E-2	3,815625E+3	-5,656709E-2	3,815625E+3	-3,294747E-1
3,817187E+3	-2,806718E-1	3,817187E+3	6,453273E-1	3,817187E+3	4,610119E-1	3,817187E+3	5,573713E-1	3,817187E+3	1,594462E-1	3,817187E+3	-1,414948E-2	3,817187E+3	-5,479401E-2	3,817187E+3	-3,290435E-1
3,818750E+3	-2,712791E-1	3,818750E+3	6,473225E-1	3,818750E+3	4,688900E-1	3,818750E+3	5,496245E-1	3,818750E+3	1,637111E-1	3,818750E+3	-1,436175E-2	3,818750E+3	-5,289971E-2	3,818750E+3	-3,287769E-1
3,820312E+3	-2,567471E-1	3,820312E+3	6,477625E-1	3,820312E+3	5,037306E-1	3,820312E+3	5,016343E-1	3,820312E+3	1,685682E-1	3,820312E+3	-1,671758E-2	3,820312E+3	-5,138591E-2	3,820312E+3	-3,287791E-1
3,821875E+3	-2,433813E-1	3,821875E+3	6,485680E-1	3,821875E+3	5,334754E-1	3,821875E+3	4,591522E-1	3,821875E+3	1,738371E-1	3,821875E+3	-1,832256E-2	3,821875E+3	-4,970202E-2	3,821875E+3	-3,289694E-1
3,823437E+3	-2,378341E-1	3,823437E+3	6,451980E-1	3,823437E+3	7,632339E-1	3,823437E+3	1,431906E-1	3,823437E+3	1,797425E-1	3,823437E+3	-2,279215E-2	3,823437E+3	-4,843824E-2	3,823437E+3	-3,289581E-1
3,825000E+3	-2,329664E-1	3,825000E+3	6,424122E-1	3,825000E+3	8,430709E-1	3,825000E+3	-7,615546E-2	3,825000E+3	1,862090E-1	3,825000E+3	-2,629315E-2	3,825000E+3	-4,699386E-2	3,825000E+3	-3,291585E-1
3,826562E+3	-2,316518E-1	3,826562E+3	6,376967E-1	3,826562E+3	8,406915E-1	3,826562E+3	-5,480200E-2	3,826562E+3	1,929632E-1	3,826562E+3	-3,303630E-2	3,826562E+3	-4,580406E-2	3,826562E+3	-3,288665E-1
3,828125E+3	-2,307272E-1	3,828125E+3	6,335376E-1	3,828125E+3	8,380138E-1	3,828125E+3	-3,312296E-2	3,828125E+3	2,004902E-1	3,828125E+3	-3,857022E-2	3,828125E+3	-4,444923E-2	3,828125E+3	-3,287935E-1
3,829687E+3	8,101458E-2	3,829687E+3	6,686061E-1	3,829687E+3	8,334552E-1	3,829687E+3	-1,077208E-2	3,829687E+3	2,071478E-1	3,829687E+3	-4,599621E-2	3,829687E+3	-4,257135E-2	3,829687E+3	-3,285486E-1
3,831250E+3	3,116037E-1	3,831250E+3	6,514681E-1	3,831250E+3	8,285540E-1	3,831250E+3	1,166532E-2	3,831250E+3	2,147552E-1	3,831250E+3	-5,214490E-2	3,831250E+3	-4,052796E-2	3,831250E+3	-3,284690E-1
3,832812E+3	2,924087E-1	3,832812E+3	6,571794E-1	3,832812E+3	8,223383E-1	3,832812E+3	3,363474E-2	3,832812E+3	2,212804E-1	3,832812E+3	-6,036514E-2	3,832812E+3	-3,758364E-2	3,832812E+3	-3,283517E-1
3,834375E+3	2,731083E-1	3,834375E+3	6,625966E-1	3,834375E+3	8,158243E-1	3,834375E+3	5,555978E-2	3,834375E+3	2,289821E-1	3,834375E+3	-6,724873E-2	3,834375E+3	-3,447349E-2	3,834375E+3	-3,283171E-1
3,835937E+3	2,544586E-1	3,835937E+3	6,672053E-1	3,835937E+3	8,078594E-1	3,835937E+3	7,617255E-2	3,835937E+3	2,348863E-1	3,835937E+3	-7,491078E-2	3,835937E+3	-3,179124E-2	3,835937E+3	-3,284514E-1
3,837500E+3	2,358361E-1	3,837500E+3	6,715251E-1	3,837500E+3	7,997309E-1	3,837500E+3	9,663567E-2	3,837500E+3	2,421208E-1	3,837500E+3	-8,133397E-2	3,837500E+3	-2,879809E-2	3,837500E+3	-3,287156E-1
3,839062E+3	2,167259E-1	3,839062E+3	6,749483E-1	3,839062E+3	7,064759E-1	3,839062E+3	-3,130431E-1	3,839062E+3	2,476484E-1	3,839062E+3	-8,874621E-2	3,839062E+3	-2,534020E-2	3,839062E+3	-3,283674E-1
3,840625E+3	1,978336E-1	3,840625E+3	6,780751E-1	3,840625E+3	7,593366E-1	3,840625E+3	-4,339321E-1	3,840625E+3	2,546699E-1	3,840625E+3	-9,501646E-2	3,840625E+3	-2,174920E-2	3,840625E+3	-3,280778E-1
3,842187E+3	1,794522E-1	3,842187E+3	6,806326E-1	3,842187E+3	7,594073E-1	3,842187E+3	-4,270315E-1	3,842187E+3	2,603569E-1	3,842187E+3	-1,033591E-1	3,842187E+3	-1,851033E-2	3,842187E+3	-3,281108E-1
3,843750E+3	1,613280E-1	3,843750E+3	6,829378E-1	3,843750E+3	7,651603E-1	3,843750E+3	-4,208337E-1	3,843750E+3	2,677995E-1	3,843750E+3	-1,105466E-1	3,843750E+3	-1,505875E-2	3,843750E+3	-3,281964E-1
3,845312E+3	4,594276E-1	3,845312E+3	3,689929E-1	3,845312E+3	7,617833E-1	3,845312E+3	-4,181635E-1	3,845312E+3	2,732776E-1	3,845312E+3	-1,178507E-1	3,845312E+3	-1,127796E-2	3,845312E+3	-3,285683E-1
3,846875E+3	6,545868E-1	3,846875E+3	3,427658E-1	3,846875E+3	7,666089E-1	3,846875E+3	-4,184370E-1	3,846875E+3	2,805272E-1	3,846875E+3	-1,241758E-1	3,846875E+3	-7,270768E-3	3,846875E+3	-3,289673E-1
3,848437E+3	6,518102E-1	3,848437E+3	3,420694E-1	3,848437E+3	7,550346E-1	3,848437E+3	-4,245995E-1	3,848437E+3	2,854084E-1	3,848437E+3	-1,295358E-1	3,848437E+3	-2,847602E-3	3,848437E+3	-3,294222E-1
3,850000E+3	6,542175E-1	3,850000E+3	3,462584E-1	3,850000E+3	7,571060E-1	3,850000E+3	-4,415337E-1	3,850000E+3	2,919081E-1	3,850000E+3	-1,342080E-1	3,850000E+3	1,911800E-3	3,850000E+3	-3,298661E-1
3,851562E+3	6,529936E-1	3,851562E+3	3,414192E-1	3,851562E+3	7,433068E-1	3,851562E+3	-4,515873E-1	3,851562E+3	2,964190E-1	3,851562E+3	-1,394045E-1	3,851562E+3	6,591094E-3	3,851562E+3	-3,303123E-1
3,853125E+3	6,594405E-1	3,853125E+3	3,409064E-1	3,853125E+3	7,401886E-1	3,853125E+3	-4,798517E-1	3,853125E+3	3,026150E-1	3,853125E+3	-1,441099E-1	3,853125E+3	1,154576E-2	3,853125E+3	-3,307422E-1
3,854687E+3	6,590562E-1	3,854687E+3	3,319051E-1	3,854687E+3	7,324001E-1	3,854687E+3	-4,857780E-1	3,854687E+3	3,069933E-1	3,854687E+3	-1,520893E-1	3,854687E+3	1,632000E-2	3,854687E+3	-3,313306E-1
3,856250E+3	6,691210E-1	3,856250E+3	3,251822E-1	3,856250E+3	7,277375E-1	3,856250E+3	-5,032403E-1	3,856250E+3	3,136275E-1	3,856250E+3	-1,597277E-1	3,856250E+3	2,137795E-2	3,856250E+3	-3,318964E-1
3,857812E+3	6,698622E-1	3,857812E+3	3,130096E-1	3,857812E+3	7,241429E-1	3,857812E+3	-5,066922E-1	3,857812E+3	3,180819E-1	3,857812E+3	-1,692156E-1	3,857812E+3	2,620189E-2	3,857812E+3	-3,323928E-1
3,859375E+3	6,825518E-1	3,859375E+3	3,001513E-1	3,859375E+3	7,208133E-1	3,859375E+3	-5,178027E-1	3,859375E+3	3,251951E-1	3,859375E+3	-1,785255E-1	3,859375E+3	3,130307E-2	3,859375E+3	-3,328640E-1
3,860937E+3	6,859239E-1	3,860937E+3	2,827772E-1	3,860937E+3	7,142115E-1	3,860937E+3	-5,234235E-1	3,860937E+3	3,306749E-1	3,860937E+3	-1,883522E-1	3,860937E+3	3,649798E-2	3,860937E+3	-3,333675E-1
3,862500E+3	7,024903E-1	3,862500E+3	2,613689E-1	3,862500E+3	7,077437E-1	3,862500E+3	-5,343227E-1	3,862500E+3	3,386760E-1	3,862500E+3	-1,980821E-1	3,862500E+3	4,198022E-2	3,862500E+3	-3,338203E-1
3,864062E+3	7,064881E-1	3,864062E+3	2,455115E-1	3,864062E+3	7,033635E-1	3,864062E+3	-5,393535E-1	3,864062E+3	3,415938E-1	3,864062E+3	-2,046677E-1	3,864062E+3	4,776622E-2	3,864062E+3	-3,345851E-1
3,865625E+3	7,202825E-1	3,865625E+3	2,244402E-1	3,865625E+3	6,979929E-1	3,865625E+3	-5,498328E-1	3,865625E+3	3,464173E-1	3,865625E+3	-2,118689E-1	3,865625E+3	5,389726E-2	3,865625E+3	-3,352644E-1
3,867187E+3	7,240742E-1	3,867187E+3	2,127803E-1	3,867187E+3	6,931516E-1	3,867187E+3	-5,558136E-1	3,867187E+3	3,508212E-1	3,867187E+3	-2,188984E-1	3,867187E+3	6,011480E-2	3,867187E+3	-3,366613E-1
3,868750E+3	7,342015E-1	3,868750E+3	1,965921E-1	3,868750E+3	6,869775E-1	3,868750E+3	-5,667946E-1	3,868750E+3	3,570322E-1	3,868750E+3	-2,263728E-1	3,868750E+3	6,676884E-2	3,868750E+3	-3,379671E-1
3,870312E+3	7,380922E-1	3,870312E+3	1,861738E-1	3,870312E+3	6,808917E-1	3,870312E+3	-5,746724E-1	3,870312E+3	3,620457E-1	3,870312E+3	-2,356438E-1	3,870312E+3	7,262037E-2	3,870312E+3	-3,403480E-1
3,871875E+3	7,466720E-1	3,871875E+3	1,716006E-1	3,871875E+3	6,731355E-1	3,871875E+3	-5,874056E-1	3,871875E+3	3,688840E-1	3,871875E+3	-2,452944E-1	3,871875E+3	7,898782E-2	3,871875E+3	-3,426772E-1
3,873437E+3	7,507552E-1	3,873437E+3	1,597580E-1	3,873437E+3	6,677463E-1	3,873437E+3	-5,952244E-1	3,873437E+3	3,717128E-1	3,873437E+3	-2,537329E-1	3,873437E+3	8,495654E-2	3,873437E+3	-3,452237E-1
3,875000E+3	7,585120E-1	3,875000E+3	1,441426E-1	3,875000E+3	6,608243E-1	3,875000E+3	-6,071376E-1	3,875000E+3	3,761969E-1	3,875000E+3	-2,632174E-1	3,875000E+3	9,146325E-2	3,875000E+3	-3,477260E-1
3,876562E+3	7,634673E-1	3,876562E+3	1,238441E-1	3,876562E+3	6,556127E-1	3,876562E+3	-6,143926E-1	3,876562E+3	3,788658E-1	3,876562E+3	-2,705641E-1	3,876562E+3	9,765265E-2	3,876562E+3	-3,502169E-1
3,878125E+3	7,714311E-1	3,878125E+3	9,965214E-2	3,878125E+3	6,489471E-1	3,878125E+3	-6,249998E-1	3,878125E+3	3,828864E-1	3,878125E+3	-2,789767E-1	3,878125E+3	1,043839E-1	3,878125E+3	-3,526723E-1
3,879687E+3	7,760285E-1	3,879687E+3	7,487924E-2	3,879687E+3	6,337845E-1	3,879687E+3	-6,379480E-1	3,879687E+3	3,857665E-1	3,879687E+3	-2,863548E-1	3,879687E+3	1,104563E-1	3,879687E+3	-3,554046E-1
3,881250E+3	7,819173E-1	3,881250E+3	4,723140E-2	3,881250E+3	6,199395E-1	3,881250E+3	-6,512995E-1	3,881250E+3	3,898192E-1	3,881250E+3	-2,947596E-1	3,881250E+3	1,170982E-1	3,881250E+3	-3,581420E-1
3,882812E+3	7,844570E-1	3,882812E+3	2,776240E-2	3,882812E+3	6,150866E-1	3,882812E+3	-6,562590E-1	3,882812E+3	3,920980E-1	3,882812E+3	-3,030236E-1	3,882812E+3	1,229941E-1	3,882812E+3	-3,614374E-1
3,884375E+3	7,883859E-1	3,884375E+3	4,908042E-3	3,884375E+3	6,090791E-1	3,884375E+3	-6,631610E-1	3,884375E+3	3,954318E-1	3,884375E+3	-3,124253E-1	3,884375E+3	1,295206E-1	3,884375E+3	-3,647879E-1
3,885937E+3	7,901873E-1	3,885937E+3	-1,153189E-2	3,885937E+3	6,052747E-1	3,885937E+3	-6,670733E-1	3,885937E+3	3,968916E-1	3,885937E+3	-3,207900E-1	3,885937E+3	1,357057E-1	3,885937E+3	-3,683877E-1
3,887500E+3	7,930327E-1	3,887500E+3	-3,068431E-2	3,887500E+3	6,004722E-1	3,887500E+3	-6,726139E-1	3,887500E+3	3,992101E-1	3,887500E+3	-3,303477E-1	3,887500E+3	1,425582E-1	3,887500E+3	-3,720548E-1
3,889062E+3	7,947062E-1	3,889062E+3	-4,377152E-2	3,889062E+3	5,963814E-1	3,889062E+3	-6,774511E-1	3,889062E+3	4,005824E-1	3,889062E+3	-3,390309E-1	3,889062E+3	1,490002E-1	3,889062E+3	-3,751076E-1
3,890625E+3	7,972278E-1	3,890625E+3	-5,928056E-2	3,890625E+3	5,913587E-1	3,890625E+3	-6,838502E-1	3,890625E+3	4,027262E-1	3,890625E+3	-3,488212E-1	3,890625E+3	1,560486E-1	3,890625E+3	-3,782265E-1
3,892187E+3	7,987240E-1	3,892187E+3	-7,260928E-2	3,892187E+3	5,865625E-1	3,892187E+3	-6,894659E-1	3,892187E+3	4,046349E-1	3,892187E+3	-3,574261E-1	3,892187E+3	1,624281E-1	3,892187E+3	-3,813133E-1
3,893750E+3	8,008858E-1	3,893750E+3	-8,811580E-2	3,893750E+3	5,808491E-1	3,893750E+3	-6,965650E-1	3,893750E+3	4,072409E-1	3,893750E+3	-3,669470E-1	3,893750E+3	1,694065E-1	3,893750E+3	-3,844996E-1
3,895312E+3	8,016099E-1	3,895312E+3	-1,049313E-1	3,895312E+3	5,769730E-1	3,895312E+3	-7,010533E-1	3,895312E+3	4,089352E-1	3,895312E+3	-3,757553E-1	3,895312E+3	1,755538E-1	3,895312E+3	-3,878639E-1
3,896875E+3	8,027616E-1	3,896875E+3	-1,235934E-1	3,896875E+3	5,723602E-1	3,896875E+3	-7,067377E-1	3,896875E+3	4,112288E-1	3,896875E+3	-3,853666E-1	3,896875E+3	1,823146E-1	3,896875E+3	-3,913848E-1
3,898437E+3	8,019750E-1	3,898437E+3	-1,411786E-1	3,898437E+3	5,674968E-1	3,898437E+3	-7,116101E-1	3,898437E+3	4,118861E-1	3,898437E+3	-3,944245E-1	3,898437E+3	1,881151E-1	3,898437E+3	-3,952120E-1
3,900000E+3	8,013641E-1	3,900000E+3	-1,600231E-1	3,900000E+3	5,619049E-1	3,900000E+3	-7,175689E-1	3,900000E+3	4,130064E-1	3,900000E+3	-4,042567E-1	3,900000E+3	1,945548E-1	3,900000E+3	-3,992724E-1
3,901562E+3	7,992299E-1	3,901562E+3	-1,771752E-1	3,901562E+3	5,566035E-1	3,901562E+3	-7,219423E-1	3,901562E+3	4,129528E-1	3,901562E+3	-4,124856E-1	3,901562E+3	1,998094E-1	3,901562E+3	-4,042774E-1
3,903125E+3	7,971902E-1	3,903125E+3	-1,951287E-1	3,903125E+3	5,507248E-1	3,903125E+3	-7,271576E-1	3,903125E+3	4,132117E-1	3,903125E+3	-4,215608E-1	3,903125E+3	2,057851E-1	3,903125E+3	-4,096469E-1
3,904687E+3	7,948730E-1	3,904687E+3	-2,137676E-1	3,904687E+3	5,462471E-1	3,904687E+3	-7,312402E-1	3,904687E+3	4,135530E-1	3,904687E+3	-4,274656E-1	3,904687E+3	2,108486E-1	3,904687E+3	-4,151563E-1
3,906250E+3	7,925870E-1	3,906250E+3	-2,328085E-1	3,906250E+3	5,413130E-1	3,906250E+3	-7,360703E-1	3,906250E+3	4,141104E-1	3,906250E+3	-4,340988E-1	3,906250E+3	2,166462E-1	3,906250E+3	-4,211049E-1
3,907812E+3	7,908825E-1	3,907812E+3	-2,450874E-1	3,907812E+3	5,390127E-1	3,907812E+3	-7,386859E-1	3,907812E+3	4,147427E-1	3,907812E+3	-4,393035E-1	3,907812E+3	2,217705E-1	3,907812E+3	-4,265438E-1
3,909375E+3	7,891336E-1	3,909375E+3	-2,587796E-1	3,909375E+3	5,363009E-1	3,909375E+3	-7,419710E-1	3,909375E+3	4,155653E-1	3,909375E+3	-4,451589E-1	3,909375E+3	2,275878E-1	3,909375E+3	-4,324436E-1
3,910937E+3	7,874305E-1	3,910937E+3	-2,696643E-1	3,910937E+3	5,338116E-1	3,910937E+3	-7,447184E-1	3,910937E+3	4,159536E-1	3,910937E+3	-4,510307E-1	3,910937E+3	2,329028E-1	3,910937E+3	-4,366221E-1
3,912500E+3	7,856536E-1	3,912500E+3	-2,820534E-1	3,912500E+3	5,308218E-1	3,912500E+3	-7,481671E-1	3,912500E+3	4,165323E-1	3,912500E+3	-4,575362E-1	3,912500E+3	2,387719E-1	3,912500E+3	-4,411978E-1
3,914062E+3	7,847477E-1	3,914062E+3	-2,901528E-1	3,914062E+3	5,283325E-1	3,914062E+3	-7,508013E-1	3,914062E+3	4,163680E-1	3,914062E+3	-4,640507E-1	3,914062E+3	2,437339E-1	3,914062E+3	-4,451318E-1
3,915625E+3	7,838389E-1	3,915625E+3	-2,993340E-1	3,915625E+3	5,253203E-1	3,915625E+3	-7,541116E-1	3,915625E+3	4,163659E-1	3,915625E+3	-4,712202E-1	3,915625E+3	2,491877E-1	3,915625E+3	-4,494916E-1
3,917187E+3	7,826016E-1	3,917187E+3	-3,080919E-1	3,917187E+3	5,223742E-1	3,917187E+3	-7,571732E-1	3,917187E+3	4,165532E-1	3,917187E+3	-4,770253E-1	3,917187E+3	2,539019E-1	3,917187E+3	-4,536036E-1
3,918750E+3	7,813923E-1	3,918750E+3	-3,176020E-1	3,918750E+3	5,188716E-1	3,918750E+3	-7,609161E-1	3,918750E+3	4,168848E-1	3,918750E+3	-4,834174E-1	3,918750E+3	2,590839E-1	3,918750E+3	-4,581755E-1
3,920312E+3	7,745928E-1	3,920312E+3	-3,398387E-1	3,920312E+3	5,172391E-1	3,920312E+3	-7,629953E-1	3,920312E+3	4,168568E-1	3,920312E+3	-4,885346E-1	3,920312E+3	2,638774E-1	3,920312E+3	-4,622942E-1
3,921875E+3	7,686421E-1	3,921875E+3	-3,598312E-1	3,921875E+3	5,151406E-1	3,921875E+3	-7,656602E-1	3,921875E+3	4,169084E-1	3,921875E+3	-4,942252E-1	3,921875E+3	2,691147E-1	3,921875E+3	-4,668649E-1
3,923437E+3	7,613848E-1	3,923437E+3	-3,791714E-1	3,923437E+3	5,153630E-1	3,923437E+3	-7,664594E-1	3,923437E+3	4,165379E-1	3,923437E+3	-4,984478E-1	3,923437E+3	2,735791E-1	3,923437E+3	-4,716815E-1
3,925000E+3	7,546269E-1	3,925000E+3	-3,974476E-1	3,925000E+3	5,152380E-1	3,925000E+3	-7,677256E-1	3,925000E+3	4,161755E-1	3,925000E+3	-5,032196E-1	3,925000E+3	2,784936E-1	3,925000E+3	-4,770147E-1
3,926562E+3	7,503273E-1	3,926562E+3	-4,092991E-1	3,926562E+3	5,154420E-1	3,926562E+3	-7,686598E-1	3,926562E+3	4,154050E-1	3,926562E+3	-5,071548E-1	3,926562E+3	2,825835E-1	3,926562E+3	-4,820192E-1
3,928125E+3	7,460654E-1	3,928125E+3	-4,214252E-1	3,928125E+3	5,153081E-1	3,928125E+3	-7,700525E-1	3,928125E+3	4,145958E-1	3,928125E+3	-5,116465E-1	3,928125E+3	2,870872E-1	3,928125E+3	-4,875668E-1
3,929687E+3	7,433926E-1	3,929687E+3	-4,291352E-1	3,929687E+3	5,153438E-1	3,929687E+3	-7,708962E-1	3,929687E+3	4,148264E-1	3,929687E+3	-5,144913E-1	3,929687E+3	2,900764E-1	3,929687E+3	-4,934999E-1
3,931250E+3	7,407810E-1	3,931250E+3	-4,371515E-1	3,931250E+3	5,150421E-1	3,931250E+3	-7,721822E-1	3,931250E+3	4,150536E-1	3,931250E+3	-5,177927E-1	3,931250E+3	2,934401E-1	3,931250E+3	-5,000913E-1
3,932812E+3	7,396355E-1	3,932812E+3	-4,415333E-1	3,932812E+3	5,153961E-1	3,932812E+3	-7,726558E-1	3,932812E+3	4,161206E-1	3,932812E+3	-5,201250E-1	3,932812E+3	2,960574E-1	3,932812E+3	-5,054443E-1
3,934375E+3	7,385732E-1	3,934375E+3	-4,461863E-1	3,934375E+3	5,154484E-1	3,934375E+3	-7,735268E-1	3,934375E+3	4,172156E-1	3,934375E+3	-5,228600E-1	3,934375E+3	2,989707E-1	3,934375E+3	-5,114162E-1
3,935937E+3	7,379297E-1	3,935937E+3	-4,496455E-1	3,935937E+3	5,149566E-1	3,935937E+3	-7,748150E-1	3,935937E+3	4,192758E-1	3,935937E+3	-5,240409E-1	3,935937E+3	3,024590E-1	3,935937E+3	-5,151170E-1
3,937500E+3	7,373476E-1	3,937500E+3	-4,534206E-1	3,937500E+3	5,141383E-1	3,937500E+3	-7,765358E-1	3,937500E+3	4,213841E-1	3,937500E+3	-5,255389E-1	3,937500E+3	3,061969E-1	3,937500E+3	-5,192594E-1
3,939062E+3	7,367263E-1	3,939062E+3	-4,564292E-1	3,939062E+3	5,113794E-1	3,939062E+3	-7,793628E-1	3,939062E+3	4,222204E-1	3,939062E+3	-5,279526E-1	3,939062E+3	3,096241E-1	3,939062E+3	-5,233770E-1
3,940625E+3	7,361367E-1	3,940625E+3	-4,597848E-1	3,940625E+3	5,081966E-1	3,940625E+3	-7,826852E-1	3,940625E+3	4,230805E-1	3,940625E+3	-5,307512E-1	3,940625E+3	3,133121E-1	3,940625E+3	-5,279503E-1
3,942187E+3	7,336975E-1	3,942187E+3	-4,654833E-1	3,942187E+3	5,032207E-1	3,942187E+3	-7,867743E-1	3,942187E+3	4,193269E-1	3,942187E+3	-5,377295E-1	3,942187E+3	3,174185E-1	3,942187E+3	-5,308861E-1
3,943750E+3	7,311579E-1	3,943750E+3	-4,717151E-1	3,943750E+3	4,977088E-1	3,943750E+3	-7,914055E-1	3,943750E+3	4,153709E-1	3,943750E+3	-5,454662E-1	3,943750E+3	3,217618E-1	3,943750E+3	-5,341943E-1
3,945312E+3	7,263713E-1	3,945312E+3	-4,819085E-1	3,945312E+3	4,773525E-1	3,945312E+3	-8,126027E-1	3,945312E+3	4,016724E-1	3,945312E+3	-5,678646E-1	3,945312E+3	3,260573E-1	3,945312E+3	-5,360793E-1
3,946875E+3	7,212374E-1	3,946875E+3	-4,929506E-1	3,946875E+3	4,546405E-1	3,946875E+3	-8,355415E-1	3,946875E+3	3,866164E-1	3,946875E+3	-5,927387E-1	3,946875E+3	3,305490E-1	3,946875E+3	-5,382832E-1
3,948437E+3	7,127046E-1	3,948437E+3	-5,220097E-1	3,948437E+3	4,588912E-1	3,948437E+3	-8,334099E-1	3,948437E+3	3,897028E-1	3,948437E+3	-5,919770E-1	3,948437E+3	3,333647E-1	3,948437E+3	-5,416656E-1
3,950000E+3	7,028115E-1	3,950000E+3	-5,542533E-1	3,950000E+3	4,630560E-1	3,950000E+3	-8,314160E-1	3,950000E+3	3,928230E-1	3,950000E+3	-5,913774E-1	3,950000E+3	3,363689E-1	3,950000E+3	-5,455020E-1
3,951562E+3	7,048310E-1	3,951562E+3	-5,523395E-1	3,951562E+3	4,627634E-1	3,951562E+3	-8,323201E-1	3,951562E+3	3,937937E-1	3,951562E+3	-5,920445E-1	3,951562E+3	3,370596E-1	3,951562E+3	-5,512943E-1
3,953125E+3	7,068754E-1	3,953125E+3	-5,505954E-1	3,953125E+3	4,622942E-1	3,953125E+3	-8,335077E-1	3,953125E+3	3,947682E-1	3,953125E+3	-5,929627E-1	3,953125E+3	3,379021E-1	3,953125E+3	-5,577558E-1
3,954687E+3	7,067706E-1	3,954687E+3	-5,520241E-1	3,954687E+3	4,604551E-1	3,954687E+3	-8,349672E-1	3,954687E+3	3,950264E-1	3,954687E+3	-5,939633E-1	3,954687E+3	3,155445E-1	3,954687E+3	-6,083747E-1
3,956250E+3	7,066317E-1	3,956250E+3	-5,537988E-1	3,956250E+3	4,584244E-1	3,956250E+3	-8,367236E-1	3,956250E+3	3,952834E-1	3,956250E+3	-5,952334E-1	3,956250E+3	2,977840E-1	3,956250E+3	-6,510295E-1
3,957812E+3	7,062880E-1	3,957812E+3	-5,544866E-1	3,957812E+3	4,602181E-1	3,957812E+3	-8,359911E-1	3,957812E+3	3,960648E-1	3,957812E+3	-5,959510E-1	3,957812E+3	3,009290E-1	3,957812E+3	-6,527039E-1
3,959375E+3	7,058973E-1	3,959375E+3	-5,554916E-1	3,959375E+3	4,620075E-1	3,959375E+3	-8,354228E-1	3,959375E+3	3,968849E-1	3,959375E+3	-5,969011E-1	3,959375E+3	3,041470E-1	3,959375E+3	-6,546633E-1
3,960937E+3	7,064132E-1	3,960937E+3	-5,543536E-1	3,960937E+3	4,661745E-1	3,960937E+3	-8,333095E-1	3,960937E+3	3,982771E-1	3,960937E+3	-5,968497E-1	3,960937E+3	3,078414E-1	3,960937E+3	-6,552358E-1
3,962500E+3	7,069131E-1	3,962500E+3	-5,534360E-1	3,962500E+3	4,704117E-1	3,962500E+3	-8,312979E-1	3,962500E+3	3,997454E-1	3,962500E+3	-5,969705E-1	3,962500E+3	3,116091E-1	3,962500E+3	-6,560396E-1
3,964062E+3	7,088076E-1	3,964062E+3	-5,515864E-1	3,964062E+3	4,745224E-1	3,964062E+3	-8,291897E-1	3,964062E+3	4,006918E-1	3,964062E+3	-5,972883E-1	3,964062E+3	3,157008E-1	3,964062E+3	-6,571049E-1
3,965625E+3	7,107338E-1	3,965625E+3	-5,499151E-1	3,965625E+3	4,787356E-1	3,965625E+3	-8,271995E-1	3,965625E+3	4,017403E-1	3,965625E+3	-5,977841E-1	3,965625E+3	3,199104E-1	3,965625E+3	-6,583996E-1
3,967187E+3	7,128795E-1	3,967187E+3	-5,493781E-1	3,967187E+3	4,824746E-1	3,967187E+3	-8,251220E-1	3,967187E+3	4,023162E-1	3,967187E+3	-5,986512E-1	3,967187E+3	3,228476E-1	3,967187E+3	-6,608034E-1
3,968750E+3	7,151020E-1	3,968750E+3	-5,490478E-1	3,968750E+3	4,863141E-1	3,968750E+3	-8,232018E-1	3,968750E+3	4,030412E-1	3,968750E+3	-5,996879E-1	3,968750E+3	3,259215E-1	3,968750E+3	-6,635271E-1
3,970312E+3	7,160708E-1	3,970312E+3	-5,497221E-1	3,970312E+3	4,873183E-1	3,970312E+3	-8,230400E-1	3,970312E+3	4,039589E-1	3,970312E+3	-5,996483E-1	3,970312E+3	3,283645E-1	3,970312E+3	-6,655905E-1
3,971875E+3	7,170933E-1	3,971875E+3	-5,506875E-1	3,971875E+3	4,883989E-1	3,971875E+3	-8,231610E-1	3,971875E+3	4,050913E-1	3,971875E+3	-5,996864E-1	3,971875E+3	3,309407E-1	3,971875E+3	-6,679638E-1
3,973437E+3	6,961091E-1	3,973437E+3	-5,854771E-1	3,973437E+3	4,251625E-1	3,973437E+3	-8,579220E-1	3,973437E+3	4,058416E-1	3,973437E+3	-5,985754E-1	3,973437E+3	3,043452E-1	3,973437E+3	-6,869838E-1
3,975000E+3	6,714331E-1	3,975000E+3	-6,242618E-1	3,975000E+3	4,098370E-1	3,975000E+3	-8,730343E-1	3,975000E+3	4,068498E-1	3,975000E+3	-5,975070E-1	3,975000E+3	3,017554E-1	3,975000E+3	-7,098675E-1
3,976562E+3	6,842655E-1	3,976562E+3	-6,083116E-1	3,976562E+3	3,945893E-1	3,976562E+3	-8,807339E-1	3,976562E+3	4,080574E-1	3,976562E+3	-5,956346E-1	3,976562E+3	3,007954E-1	3,976562E+3	-7,130713E-1
3,978125E+3	6,968509E-1	3,978125E+3	-5,920151E-1	3,978125E+3	3,789138E-1	3,978125E+3	-8,887965E-1	3,978125E+3	4,095211E-1	3,978125E+3	-5,938398E-1	3,978125E+3	3,005746E-1	3,978125E+3	-7,174105E-1
3,979687E+3	7,084695E-1	3,979687E+3	-5,760256E-1	3,979687E+3	3,948138E-1	3,979687E+3	-8,818981E-1	3,979687E+3	4,067410E-1	3,979687E+3	-6,107451E-1	3,979687E+3	2,986492E-1	3,979687E+3	-7,209327E-1
3,981250E+3	7,198725E-1	3,981250E+3	-5,597132E-1	3,981250E+3	4,108224E-1	3,981250E+3	-8,748042E-1	3,981250E+3	4,064737E-1	3,981250E+3	-6,213555E-1	3,981250E+3	2,973164E-1	3,981250E+3	-7,261441E-1
3,982812E+3	7,301415E-1	3,982812E+3	-5,440519E-1	3,982812E+3	4,269728E-1	3,982812E+3	-8,669025E-1	3,982812E+3	4,090003E-1	3,982812E+3	-6,201125E-1	3,982812E+3	2,950610E-1	3,982812E+3	-7,302224E-1
3,984375E+3	7,402514E-1	3,984375E+3	-5,280830E-1	3,984375E+3	4,431887E-1	3,984375E+3	-8,588059E-1	3,984375E+3	4,116683E-1	3,984375E+3	-6,190115E-1	3,984375E+3	2,930318E-1	3,984375E+3	-7,356293E-1
3,985937E+3	7,492770E-1	3,985937E+3	-5,125758E-1	3,985937E+3	4,591176E-1	3,985937E+3	-8,501470E-1	3,985937E+3	4,143177E-1	3,985937E+3	-6,168648E-1	3,985937E+3	2,442191E-1	3,985937E+3	-7,615081E-1
3,987500E+3	7,581940E-1	3,987500E+3	-4,967708E-1	3,987500E+3	4,750976E-1	3,987500E+3	-8,413157E-1	3,987500E+3	4,171064E-1	3,987500E+3	-6,148559E-1	3,987500E+3	1,926663E-1	3,987500E+3	-7,879274E-1
3,989062E+3	7,659053E-1	3,989062E+3	-4,816054E-1	3,989062E+3	4,427740E-1	3,989062E+3	-8,006717E-1	3,989062E+3	3,273550E-1	3,989062E+3	-6,573157E-1	3,989062E+3	2,046205E-1	3,989062E+3	-7,855664E-1
3,990625E+3	7,735872E-1	3,990625E+3	-4,661385E-1	3,990625E+3	4,199891E-1	3,990625E+3	-8,612806E-1	3,990625E+3	3,000393E-1	3,990625E+3	-7,011328E-1	3,990625E+3	2,162232E-1	3,990625E+3	-7,839807E-1
3,992187E+3	7,798756E-1	3,992187E+3	-4,516264E-1	3,992187E+3	4,303904E-1	3,992187E+3	-8,553770E-1	3,992187E+3	3,142783E-1	3,992187E+3	-6,941971E-1	3,992187E+3	2,269325E-1	3,992187E+3	-7,813187E-1
3,993750E+3	7,862600E-1	3,993750E+3	-4,367933E-1	3,993750E+3	4,399788E-1	3,993750E+3	-8,503588E-1	3,993750E+3	3,284367E-1	3,993750E+3	-6,871057E-1	3,993750E+3	2,372069E-1	3,993750E+3	-7,794749E-1
3,995312E+3	7,844429E-1	3,995312E+3	-4,864239E-1	3,995312E+3	4,476283E-1	3,995312E+3	-8,450127E-1	3,995312E+3	3,419189E-1	3,995312E+3	-6,798973E-1	3,995312E+3	2,466922E-1	3,995312E+3	-7,769536E-1
3,996875E+3	7,840437E-1	3,996875E+3	-5,082575E-1	3,996875E+3	4,539736E-1	3,996875E+3	-8,410047E-1	3,996875E+3	3,553421E-1	3,996875E+3	-6,725871E-1	3,996875E+3	2,556799E-1	3,996875E+3	-7,752588E-1
3,998437E+3	7,923785E-1	3,998437E+3	-4,936808E-1	3,998437E+3	4,604811E-1	3,998437E+3	-8,363745E-1	3,998437E+3	3,532121E-1	3,998437E+3	-6,707819E-1	3,998437E+3	2,648007E-1	3,998437E+3	-7,728819E-1
4,000000E+3	8,007204E-1	4,000000E+3	-4,787528E-1	4,000000E+3	4,657317E-1	4,000000E+3	-8,330126E-1	4,000000E+3	3,526840E-1	4,000000E+3	-6,773720E-1	4,000000E+3	2,734774E-1	4,000000E+3	-7,712188E-1
4,001562E+3	8,081017E-1	4,001562E+3	-4,641542E-1	4,001562E+3	3,693185E-1	4,001562E+3	-8,840165E-1	4,001562E+3	3,608890E-1	4,001562E+3	-6,724866E-1	4,001562E+3	2,817734E-1	4,001562E+3	-7,691601E-1
4,003125E+3	8,155600E-1	4,003125E+3	-4,491934E-1	4,003125E+3	2,691580E-1	4,003125E+3	-9,286310E-1	4,003125E+3	3,689116E-1	4,003125E+3	-6,684822E-1	4,003125E+3	2,896307E-1	4,003125E+3	-7,678384E-1
4,004687E+3	7,809815E-1	4,004687E+3	-5,264051E-1	4,004687E+3	2,764076E-1	4,004687E+3	-9,251765E-1	4,004687E+3	3,757301E-1	4,004687E+3	-6,644181E-1	4,004687E+3	2,969524E-1	4,004687E+3	-7,659476E-1
4,006250E+3	7,334292E-1	4,006250E+3	-6,193979E-1	4,006250E+3	2,825784E-1	4,006250E+3	-9,222587E-1	4,006250E+3	3,823420E-1	4,006250E+3	-6,614839E-1	4,006250E+3	3,038069E-1	4,006250E+3	-7,647856E-1
4,007812E+3	7,447001E-1	4,007812E+3	-6,052245E-1	4,007812E+3	2,895522E-1	4,007812E+3	-9,186840E-1	4,007812E+3	3,870135E-1	4,007812E+3	-6,581836E-1	4,007812E+3	3,103104E-1	4,007812E+3	-7,630232E-1
4,009375E+3	7,564224E-1	4,009375E+3	-5,905961E-1	4,009375E+3	2,954976E-1	4,009375E+3	-9,155857E-1	4,009375E+3	3,912621E-1	4,009375E+3	-6,563427E-1	4,009375E+3	3,163279E-1	4,009375E+3	-7,619640E-1
4,010937E+3	7,662114E-1	4,010937E+3	-5,760209E-1	4,010937E+3	3,029607E-1	4,010937E+3	-9,121460E-1	4,010937E+3	3,960222E-1	4,010937E+3	-6,527686E-1	4,010937E+3	3,228092E-1	4,010937E+3	-7,602831E-1
4,012500E+3	7,766551E-1	4,012500E+3	-5,610521E-1	4,012500E+3	3,095912E-1	4,012500E+3	-9,091035E-1	4,012500E+3	4,003589E-1	4,012500E+3	-6,502716E-1	4,012500E+3	3,288649E-1	4,012500E+3	-7,592189E-1
4,014062E+3	5,281541E-1	4,014062E+3	-6,325941E-1	4,014062E+3	3,176825E-1	4,014062E+3	-9,055712E-1	4,014062E+3	3,416967E-1	4,014062E+3	-6,788894E-1	4,014062E+3	3,362951E-1	4,014062E+3	-7,571422E-1
4,015625E+3	6,212593E-1	4,015625E+3	-7,160188E-1	4,015625E+3	3,251034E-1	4,015625E+3	-9,023493E-1	4,015625E+3	2,855842E-1	4,015625E+3	-7,062058E-1	4,015625E+3	3,434088E-1	4,015625E+3	-7,554868E-1
4,017187E+3	6,347506E-1	4,017187E+3	-7,044899E-1	4,017187E+3	3,319778E-1	4,017187E+3	-8,988594E-1	4,017187E+3	2,937434E-1	4,017187E+3	-7,021063E-1	4,017187E+3	2,582723E-1	4,017187E+3	-7,960387E-1
4,018750E+3	6,480110E-1	4,018750E+3	-6,929565E-1	4,018750E+3	3,381312E-1	4,018750E+3	-8,957318E-1	4,018750E+3	3,013963E-1	4,018750E+3	-6,985893E-1	4,018750E+3	1,770528E-1	4,018750E+3	-8,322480E-1
4,020312E+3	6,423155E-1	4,020312E+3	-7,073903E-1	4,020312E+3	3,419063E-1	4,020312E+3	-8,928677E-1	4,020312E+3	3,085311E-1	4,020312E+3	-6,951810E-1	4,020312E+3	1,865221E-1	4,020312E+3	-8,302739E-1
4,021875E+3	6,388852E-1	4,021875E+3	-7,215281E-1	4,021875E+3	3,447443E-1	4,021875E+3	-8,905380E-1	4,021875E+3	3,151949E-1	4,021875E+3	-6,924054E-1	4,021875E+3	1,954855E-1	4,021875E+3	-8,286019E-1
4,023437E+3	6,527657E-1	4,023437E+3	-7,101715E-1	4,023437E+3	3,496334E-1	4,023437E+3	-8,875038E-1	4,023437E+3	3,206901E-1	4,023437E+3	-6,896656E-1	4,023437E+3	2,021776E-1	4,023437E+3	-8,271082E-1
4,025000E+3	6,664804E-1	4,025000E+3	-6,987667E-1	4,025000E+3	3,538076E-1	4,025000E+3	-8,848730E-1	4,025000E+3	3,256866E-1	4,025000E+3	-6,876671E-1	4,025000E+3	2,082846E-1	4,025000E+3	-8,260739E-1
4,026562E+3	6,426952E-1	4,026562E+3	-7,081124E-1	4,026562E+3	3,040761E-1	4,026562E+3	-9,064672E-1	4,026562E+3	3,032058E-1	4,026562E+3	-6,958971E-1	4,026562E+3	2,140242E-1	4,026562E+3	-8,247273E-1
4,028125E+3	6,101243E-1	4,028125E+3	-7,383505E-1	4,028125E+3	2,618395E-1	4,028125E+3	-9,258558E-1	4,028125E+3	2,828596E-1	4,028125E+3	-7,045936E-1	4,028125E+3	2,192291E-1	4,028125E+3	-8,238186E-1
4,029687E+3	6,173598E-1	4,029687E+3	-7,318853E-1	4,029687E+3	2,685722E-1	4,029687E+3	-9,223668E-1	4,029687E+3	2,876873E-1	4,029687E+3	-7,018775E-1	4,029687E+3	1,857417E-1	4,029687E+3	-8,342008E-1
4,031250E+3	6,240045E-1	4,031250E+3	-7,262474E-1	4,031250E+3	2,748090E-1	4,031250E+3	-9,190873E-1	4,031250E+3	2,920711E-1	4,031250E+3	-6,997033E-1	4,031250E+3	1,561749E-1	4,031250E+3	-8,444000E-1
4,032812E+3	6,311658E-1	4,032812E+3	-7,192334E-1	4,032812E+3	2,805983E-1	4,032812E+3	-9,162873E-1	4,032812E+3	2,972055E-1	4,032812E+3	-6,968720E-1	4,032812E+3	1,631155E-1	4,032812E+3	-8,429457E-1
4,034375E+3	6,377648E-1	4,034375E+3	-7,129666E-1	4,034375E+3	2,858922E-1	4,034375E+3	-9,137167E-1	4,034375E+3	3,019618E-1	4,034375E+3	-6,944903E-1	4,034375E+3	1,696869E-1	4,034375E+3	-8,417287E-1
4,035937E+3	6,422890E-1	4,035937E+3	-7,075953E-1	4,035937E+3	2,910723E-1	4,035937E+3	-9,108091E-1	4,035937E+3	3,067892E-1	4,035937E+3	-6,916922E-1	4,035937E+3	1,755526E-1	4,035937E+3	-8,401911E-1
4,037500E+3	6,460813E-1	4,037500E+3	-7,032949E-1	4,037500E+3	2,957702E-1	4,037500E+3	-9,081587E-1	4,037500E+3	3,112936E-1	4,037500E+3	-6,892912E-1	4,037500E+3	1,810494E-1	4,037500E+3	-8,389033E-1
4,039062E+3	6,435514E-1	4,039062E+3	-7,029116E-1	4,039062E+3	2,990841E-1	4,039062E+3	-9,059931E-1	4,039062E+3	3,151253E-1	4,039062E+3	-6,866899E-1	4,039062E+3	1,841656E-1	4,039062E+3	-8,375499E-1
4,040625E+3	6,397028E-1	4,040625E+3	-7,046478E-1	4,040625E+3	3,018809E-1	4,040625E+3	-9,041537E-1	4,040625E+3	3,186629E-1	4,040625E+3	-6,844846E-1	4,040625E+3	1,868751E-1	4,040625E+3	-8,365265E-1
4,042187E+3	6,389565E-1	4,042187E+3	-7,040077E-1	4,042187E+3	3,067696E-1	4,042187E+3	-9,014974E-1	4,042187E+3	3,222287E-1	4,042187E+3	-6,819121E-1	4,042187E+3	1,629733E-1	4,042187E+3	-8,454725E-1
4,043750E+3	6,372976E-1	4,043750E+3	-7,048605E-1	4,043750E+3	3,112402E-1	4,043750E+3	-8,990834E-1	4,043750E+3	3,255567E-1	4,043750E+3	-6,796780E-1	4,043750E+3	1,374417E-1	4,043750E+3	-8,554631E-1
4,045312E+3	6,385364E-1	4,045312E+3	-7,026263E-1	4,045312E+3	3,164252E-1	4,045312E+3	-8,960151E-1	4,045312E+3	3,290561E-1	4,045312E+3	-6,772732E-1	4,045312E+3	1,418171E-1	4,045312E+3	-8,549140E-1
4,046875E+3	6,391086E-1	4,046875E+3	-7,014565E-1	4,046875E+3	3,212332E-1	4,046875E+3	-8,931585E-1	4,046875E+3	3,323470E-1	4,046875E+3	-6,751980E-1	4,046875E+3	1,460473E-1	4,046875E+3	-8,545076E-1
4,048437E+3	6,397741E-1	4,048437E+3	-6,998219E-1	4,048437E+3	3,258556E-1	4,048437E+3	-8,898583E-1	4,048437E+3	3,360693E-1	4,048437E+3	-6,723862E-1	4,048437E+3	1,487650E-1	4,048437E+3	-8,543485E-1
4,050000E+3	6,397990E-1	4,050000E+3	-6,992458E-1	4,050000E+3	3,301268E-1	4,050000E+3	-8,867496E-1	4,050000E+3	3,395875E-1	4,050000E+3	-6,698664E-1	4,050000E+3	1,513304E-1	4,050000E+3	-8,543573E-1
4,051562E+3	6,403805E-1	4,051562E+3	-6,974262E-1	4,051562E+3	3,037149E-1	4,051562E+3	-8,957432E-1	4,051562E+3	3,434916E-1	4,051562E+3	-6,665463E-1	4,051562E+3	1,535987E-1	4,051562E+3	-8,541580E-1
4,053125E+3	6,403921E-1	4,053125E+3	-6,965312E-1	4,053125E+3	2,757514E-1	4,053125E+3	-9,052727E-1	4,053125E+3	3,471762E-1	4,053125E+3	-6,635087E-1	4,053125E+3	1,556939E-1	4,053125E+3	-8,541417E-1
4,054687E+3	6,421572E-1	4,054687E+3	-6,931191E-1	4,054687E+3	2,800208E-1	4,054687E+3	-9,026715E-1	4,054687E+3	3,497495E-1	4,054687E+3	-6,606539E-1	4,054687E+3	1,586643E-1	4,054687E+3	-8,535269E-1
4,056250E+3	6,434617E-1	4,056250E+3	-6,903729E-1	4,056250E+3	2,840764E-1	4,056250E+3	-9,001973E-1	4,056250E+3	3,520980E-1	4,056250E+3	-6,581252E-1	4,056250E+3	1,614659E-1	4,056250E+3	-8,530793E-1
4,057812E+3	6,457911E-1	4,057812E+3	-6,862793E-1	4,057812E+3	2,862102E-1	4,057812E+3	-8,985661E-1	4,057812E+3	3,534073E-1	4,057812E+3	-6,556044E-1	4,057812E+3	1,651295E-1	4,057812E+3	-8,520096E-1
4,059375E+3	6,477282E-1	4,059375E+3	-6,827223E-1	4,059375E+3	2,881435E-1	4,059375E+3	-8,970920E-1	4,059375E+3	3,544943E-1	4,059375E+3	-6,534335E-1	4,059375E+3	1,686396E-1	4,059375E+3	-8,510883E-1
4,060937E+3	6,498896E-1	4,060937E+3	-6,791070E-1	4,060937E+3	2,894771E-1	4,060937E+3	-8,955797E-1	4,060937E+3	3,382638E-1	4,060937E+3	-6,627102E-1	4,060937E+3	1,705128E-1	4,060937E+3	-8,500600E-1
4,062500E+3	6,517037E-1	4,062500E+3	-6,759879E-1	4,062500E+3	2,906397E-1	4,062500E+3	-8,942199E-1	4,062500E+3	3,213940E-1	4,062500E+3	-6,729225E-1	4,062500E+3	1,722431E-1	4,062500E+3	-8,492074E-1
4,064062E+3	6,537806E-1	4,064062E+3	-6,728010E-1	4,064062E+3	2,922615E-1	4,064062E+3	-8,922612E-1	4,064062E+3	3,242794E-1	4,064062E+3	-6,699324E-1	4,064062E+3	1,724461E-1	4,064062E+3	-8,479788E-1
4,065625E+3	6,555537E-1	4,065625E+3	-6,700780E-1	4,065625E+3	2,937485E-1	4,065625E+3	-8,904401E-1	4,065625E+3	3,270451E-1	4,065625E+3	-6,671375E-1	4,065625E+3	1,725298E-1	4,065625E+3	-8,469415E-1
4,067187E+3	6,569031E-1	4,067187E+3	-6,673411E-1	4,067187E+3	2,961898E-1	4,067187E+3	-8,885692E-1	4,067187E+3	3,293079E-1	4,067187E+3	-6,640623E-1	4,067187E+3	1,732516E-1	4,067187E+3	-8,451144E-1
4,068750E+3	6,579695E-1	4,068750E+3	-6,650520E-1	4,068750E+3	2,985445E-1	4,068750E+3	-8,868072E-1	4,068750E+3	3,314699E-1	4,068750E+3	-6,611899E-1	4,068750E+3	1,738860E-1	4,068750E+3	-8,434697E-1
4,070312E+3	6,581881E-1	4,070312E+3	-6,628146E-1	4,070312E+3	2,994158E-1	4,070312E+3	-8,852281E-1	4,070312E+3	3,327787E-1	4,070312E+3	-6,583974E-1	4,070312E+3	1,731085E-1	4,070312E+3	-8,418293E-1
4,071875E+3	6,581383E-1	4,071875E+3	-6,610066E-1	4,071875E+3	3,002242E-1	4,071875E+3	-8,837761E-1	4,071875E+3	3,340218E-1	4,071875E+3	-6,558227E-1	4,071875E+3	1,722990E-1	4,071875E+3	-8,403840E-1
4,073437E+3	6,569908E-1	4,073437E+3	-6,596848E-1	4,073437E+3	2,980768E-1	4,073437E+3	-8,826541E-1	4,073437E+3	3,342805E-1	4,073437E+3	-6,531884E-1	4,073437E+3	1,694873E-1	4,073437E+3	-8,389113E-1
4,075000E+3	6,555940E-1	4,075000E+3	-6,588029E-1	4,075000E+3	2,958967E-1	4,075000E+3	-8,816762E-1	4,075000E+3	3,345059E-1	4,075000E+3	-6,507864E-1	4,075000E+3	1,667022E-1	4,075000E+3	-8,376559E-1
4,076562E+3	6,531840E-1	4,076562E+3	-6,586970E-1	4,076562E+3	2,954442E-1	4,076562E+3	-8,797658E-1	4,076562E+3	3,344694E-1	4,076562E+3	-6,480889E-1	4,076562E+3	1,638924E-1	4,076562E+3	-8,358757E-1
4,078125E+3	6,505565E-1	4,078125E+3	-6,590304E-1	4,078125E+3	2,950037E-1	4,078125E+3	-8,779879E-1	4,078125E+3	3,344333E-1	4,078125E+3	-6,456232E-1	4,078125E+3	1,611440E-1	4,078125E+3	-8,343340E-1
4,079687E+3	6,219067E-1	4,079687E+3	-6,877572E-1	4,079687E+3	2,950801E-1	4,079687E+3	-8,754746E-1	4,079687E+3	2,907457E-1	4,079687E+3	-6,685101E-1	4,079687E+3	1,577632E-1	4,079687E+3	-8,328356E-1
4,081250E+3	5,912567E-1	4,081250E+3	-7,172557E-1	4,081250E+3	2,951798E-1	4,081250E+3	-8,731213E-1	4,081250E+3	2,756775E-1	4,081250E+3	-6,811426E-1	4,081250E+3	1,545345E-1	4,081250E+3	-8,316032E-1
4,082812E+3	5,958057E-1	4,082812E+3	-7,284149E-1	4,082812E+3	2,875892E-1	4,082812E+3	-8,881165E-1	4,082812E+3	2,770275E-1	4,082812E+3	-6,793462E-1	4,082812E+3	1,489668E-1	4,082812E+3	-8,304869E-1
4,084375E+3	5,989548E-1	4,084375E+3	-7,372384E-1	4,084375E+3	2,805605E-1	4,084375E+3	-8,996227E-1	4,084375E+3	2,784860E-1	4,084375E+3	-6,777289E-1	4,084375E+3	1,436519E-1	4,084375E+3	-8,296623E-1
4,085937E+3	5,598705E-1	4,085937E+3	-7,620798E-1	4,085937E+3	2,013606E-1	4,085937E+3	-9,040049E-1	4,085937E+3	2,795588E-1	4,085937E+3	-6,757895E-1	4,085937E+3	5,898984E-2	4,085937E+3	-8,571626E-1
4,087500E+3	5,524859E-1	4,087500E+3	-7,773397E-1	4,087500E+3	1,820388E-1	4,087500E+3	-9,221129E-1	4,087500E+3	2,807483E-1	4,087500E+3	-6,740532E-1	4,087500E+3	2,689519E-2	4,087500E+3	-8,741552E-1
4,089062E+3	5,498691E-1	4,089062E+3	-7,776629E-1	4,089062E+3	1,803737E-1	4,089062E+3	-9,208548E-1	4,089062E+3	2,817638E-1	4,089062E+3	-6,718488E-1	4,089062E+3	2,270579E-2	4,089062E+3	-8,723929E-1
4,090625E+3	5,472676E-1	4,090625E+3	-7,781937E-1	4,090625E+3	1,790230E-1	4,090625E+3	-9,198682E-1	4,090625E+3	2,829005E-1	4,090625E+3	-6,698563E-1	4,090625E+3	1,888182E-2	4,090625E+3	-8,709255E-1
4,092187E+3	5,457551E-1	4,092187E+3	-7,779515E-1	4,092187E+3	1,761526E-1	4,092187E+3	-9,186755E-1	4,092187E+3	2,838376E-1	4,092187E+3	-6,677754E-1	4,092187E+3	1,399861E-2	4,092187E+3	-8,691322E-1
4,093750E+3	5,443018E-1	4,093750E+3	-7,778908E-1	4,093750E+3	1,735903E-1	4,093750E+3	-9,177767E-1	4,093750E+3	2,849142E-1	4,093750E+3	-6,659070E-1	4,093750E+3	9,523214E-3	4,093750E+3	-8,676436E-1
4,095312E+3	5,434591E-1	4,095312E+3	-7,774403E-1	4,095312E+3	1,688905E-1	4,095312E+3	-9,165602E-1	4,095312E+3	2,853079E-1	4,095312E+3	-6,641487E-1	4,095312E+3	3,790436E-3	4,095312E+3	-8,658072E-1
4,096875E+3	5,427060E-1	4,096875E+3	-7,771578E-1	4,096875E+3	1,645300E-1	4,096875E+3	-9,156408E-1	4,096875E+3	2,858427E-1	4,096875E+3	-6,626156E-1	4,096875E+3	-1,470844E-3	4,096875E+3	-8,642842E-1
4,098437E+3	5,416086E-1	4,098437E+3	-7,765795E-1	4,098437E+3	1,611818E-1	4,098437E+3	-9,138004E-1	4,098437E+3	2,857144E-1	4,098437E+3	-6,610475E-1	4,098437E+3	-7,838065E-3	4,098437E+3	-8,621481E-1
4,100000E+3	5,406068E-1	4,100000E+3	-7,761651E-1	4,100000E+3	1,581420E-1	4,100000E+3	-9,122524E-1	4,100000E+3	2,857387E-1	4,100000E+3	-6,597153E-1	4,100000E+3	-1,369086E-2	4,100000E+3	-8,603370E-1
4,101562E+3	5,389252E-1	4,101562E+3	-7,759131E-1	4,101562E+3	1,545414E-1	4,101562E+3	-9,106725E-1	4,101562E+3	2,852071E-1	4,101562E+3	-6,582383E-1	4,101562E+3	-2,597634E-2	4,101562E+3	-8,569957E-1
4,103125E+3	5,373785E-1	4,103125E+3	-7,758230E-1	4,103125E+3	1,512677E-1	4,103125E+3	-9,093542E-1	4,103125E+3	2,848627E-1	4,103125E+3	-6,570074E-1	4,103125E+3	-3,742677E-2	4,103125E+3	-8,540138E-1
4,104687E+3	5,358569E-1	4,104687E+3	-7,752461E-1	4,104687E+3	1,451526E-1	4,104687E+3	-9,082142E-1	4,104687E+3	2,848770E-1	4,104687E+3	-6,550995E-1	4,104687E+3	-5,338803E-2	4,104687E+3	-8,497904E-1
4,106250E+3	5,344769E-1	4,106250E+3	-7,748209E-1	4,106250E+3	1,394595E-1	4,106250E+3	-9,072740E-1	4,106250E+3	2,850452E-1	4,106250E+3	-6,534507E-1	4,106250E+3	-6,821309E-2	4,106250E+3	-8,459707E-1
4,107812E+3	5,335266E-1	4,107812E+3	-7,738461E-1	4,107812E+3	2,090635E-2	4,107812E+3	-9,038161E-1	4,107812E+3	2,843384E-1	4,107812E+3	-6,519848E-1	4,107812E+3	-1,586238E-1	4,107812E+3	-8,212452E-1
4,109375E+3	5,327158E-1	4,109375E+3	-7,730098E-1	4,109375E+3	-8,322972E-2	4,109375E+3	-8,906862E-1	4,109375E+3	2,838269E-1	4,109375E+3	-6,508071E-1	4,109375E+3	-2,356550E-1	4,109375E+3	-7,946919E-1
4,110937E+3	5,308023E-1	4,110937E+3	-7,725613E-1	4,110937E+3	-6,525057E-2	4,110937E+3	-8,912435E-1	4,110937E+3	2,821129E-1	4,110937E+3	-6,495333E-1	4,110937E+3	-2,316308E-1	4,110937E+3	-7,543265E-1
4,112500E+3	5,290459E-1	4,112500E+3	-7,722322E-1	4,112500E+3	-4,733402E-2	4,112500E+3	-8,915492E-1	4,112500E+3	2,806185E-1	4,112500E+3	-6,485966E-1	4,112500E+3	-2,843507E-1	4,112500E+3	-7,807402E-1
4,114062E+3	5,146179E-1	4,114062E+3	-7,710356E-1	4,114062E+3	-4,473294E-2	4,114062E+3	-8,794869E-1	4,114062E+3	2,672431E-1	4,114062E+3	-6,389041E-1	4,114062E+3	-2,706549E-1	4,114062E+3	-7,847909E-1
4,115625E+3	4,957124E-1	4,115625E+3	-7,974471E-1	4,115625E+3	-7,482712E-2	4,115625E+3	-8,911256E-1	4,115625E+3	2,434992E-1	4,115625E+3	-6,596336E-1	4,115625E+3	-2,571964E-1	4,115625E+3	-7,888230E-1
4,117187E+3	4,897401E-1	4,117187E+3	-8,000723E-1	4,117187E+3	-6,108771E-2	4,117187E+3	-8,917056E-1	4,117187E+3	2,407061E-1	4,117187E+3	-6,587781E-1	4,117187E+3	-2,453045E-1	4,117187E+3	-7,917903E-1
4,118750E+3	4,838435E-1	4,118750E+3	-8,029434E-1	4,118750E+3	-4,772352E-2	4,118750E+3	-8,923236E-1	4,118750E+3	2,376254E-1	4,118750E+3	-6,584564E-1	4,118750E+3	-2,338400E-1	4,118750E+3	-7,948745E-1
4,120312E+3	4,788834E-1	4,120312E+3	-8,049566E-1	4,120312E+3	-3,500727E-2	4,120312E+3	-8,924515E-1	4,120312E+3	2,350286E-1	4,120312E+3	-6,577676E-1	4,120312E+3	-2,233922E-1	4,120312E+3	-7,972621E-1
4,121875E+3	4,738733E-1	4,121875E+3	-8,073325E-1	4,121875E+3	-2,267137E-2	4,121875E+3	-8,926530E-1	4,121875E+3	2,323092E-1	4,121875E+3	-6,574552E-1	4,121875E+3	-2,134073E-1	4,121875E+3	-7,998127E-1
4,123437E+3	4,694840E-1	4,123437E+3	-8,086380E-1	4,123437E+3	-1,117249E-2	4,123437E+3	-8,928407E-1	4,123437E+3	2,292524E-1	4,123437E+3	-6,572239E-1	4,123437E+3	-2,030038E-1	4,123437E+3	-8,019528E-1
4,125000E+3	4,650693E-1	4,125000E+3	-8,102416E-1	4,125000E+3	-5,310250E-5	4,125000E+3	-8,931262E-1	4,125000E+3	2,261516E-1	4,125000E+3	-6,573155E-1	4,125000E+3	-1,929927E-1	4,125000E+3	-8,042362E-1
4,126562E+3	4,587103E-1	4,126562E+3	-8,124345E-1	4,126562E+3	1,207815E-2	4,126562E+3	-8,930020E-1	4,126562E+3	2,218529E-1	4,126562E+3	-6,571633E-1	4,126562E+3	-1,838758E-1	4,126562E+3	-8,067635E-1
4,128125E+3	4,523896E-1	4,128125E+3	-8,148665E-1	4,128125E+3	2,389769E-2	4,128125E+3	-8,929167E-1	4,128125E+3	2,175848E-1	4,128125E+3	-6,573030E-1	4,128125E+3	-1,750411E-1	4,128125E+3	-8,094537E-1
4,129687E+3	4,460516E-1	4,129687E+3	-8,167592E-1	4,129687E+3	3,753335E-2	4,129687E+3	-8,929254E-1	4,129687E+3	2,134295E-1	4,129687E+3	-6,567560E-1	4,129687E+3	-3,474483E-1	4,129687E+3	-7,110012E-1
4,131250E+3	4,398760E-1	4,131250E+3	-8,187990E-1	4,131250E+3	5,107780E-2	4,131250E+3	-8,928510E-1	4,131250E+3	2,094292E-1	4,131250E+3	-6,564598E-1	4,131250E+3	-4,658152E-1	4,131250E+3	-6,274381E-1
4,132812E+3	4,350355E-1	4,132812E+3	-8,199093E-1	4,132812E+3	-2,151933E-1	4,132812E+3	-8,200787E-1	4,132812E+3	2,053482E-1	4,132812E+3	-6,560553E-1	4,132812E+3	-4,534370E-1	4,132812E+3	-6,346563E-1
4,134375E+3	4,304676E-1	4,134375E+3	-8,210982E-1	4,134375E+3	-3,926136E-1	4,134375E+3	-7,344570E-1	4,134375E+3	2,015717E-1	4,134375E+3	-6,558740E-1	4,134375E+3	-4,412231E-1	4,134375E+3	-6,417864E-1
4,135937E+3	4,259639E-1	4,135937E+3	-8,221668E-1	4,135937E+3	-3,779765E-1	4,135937E+3	-7,402308E-1	4,135937E+3	1,973907E-1	4,135937E+3	-6,557846E-1	4,135937E+3	-4,276166E-1	4,135937E+3	-6,493063E-1
4,137500E+3	4,218539E-1	4,137500E+3	-8,232526E-1	4,137500E+3	-3,633761E-1	4,137500E+3	-7,458653E-1	4,137500E+3	1,936464E-1	4,137500E+3	-6,559045E-1	4,137500E+3	-4,139895E-1	4,137500E+3	-6,567477E-1
4,139062E+3	4,128466E-1	4,139062E+3	-8,261212E-1	4,139062E+3	-3,482751E-1	4,139062E+3	-7,518009E-1	4,139062E+3	1,888161E-1	4,139062E+3	-6,560315E-1	4,139062E+3	-3,995928E-1	4,139062E+3	-6,642027E-1
4,140625E+3	4,044748E-1	4,140625E+3	-8,289015E-1	4,140625E+3	-3,331161E-1	4,140625E+3	-7,575977E-1	4,140625E+3	1,845441E-1	4,140625E+3	-6,563693E-1	4,140625E+3	-3,850890E-1	4,140625E+3	-6,715747E-1
4,142187E+3	3,938329E-1	4,142187E+3	-8,316444E-1	4,142187E+3	-3,171986E-1	4,142187E+3	-7,629174E-1	4,142187E+3	1,780530E-1	4,142187E+3	-6,565494E-1	4,142187E+3	-3,712389E-1	4,142187E+3	-6,788464E-1
4,143750E+3	3,839779E-1	4,143750E+3	-8,342748E-1	4,143750E+3	-3,012171E-1	4,143750E+3	-7,680771E-1	4,143750E+3	1,722158E-1	4,143750E+3	-6,569796E-1	4,143750E+3	-3,572031E-1	4,143750E+3	-6,860930E-1
4,145312E+3	2,882497E-1	4,145312E+3	-8,616112E-1	4,145312E+3	-2,862118E-1	4,145312E+3	-7,733508E-1	4,145312E+3	1,636805E-1	4,145312E+3	-6,570122E-1	4,145312E+3	-3,431889E-1	4,145312E+3	-6,930073E-1
4,146875E+3	2,012698E-1	4,146875E+3	-8,792329E-1	4,146875E+3	-2,710555E-1	4,146875E+3	-7,785202E-1	4,146875E+3	1,559320E-1	4,146875E+3	-6,573444E-1	4,146875E+3	-3,289603E-1	4,146875E+3	-6,999159E-1
4,148437E+3	2,161842E-1	4,148437E+3	-8,750486E-1	4,148437E+3	-2,550131E-1	4,148437E+3	-7,832233E-1	4,148437E+3	1,470663E-1	4,148437E+3	-6,572730E-1	4,148437E+3	-3,844352E-1	4,148437E+3	-7,207554E-1
4,150000E+3	2,311573E-1	4,150000E+3	-8,706686E-1	4,150000E+3	-2,387989E-1	4,150000E+3	-7,877895E-1	4,150000E+3	1,391808E-1	4,150000E+3	-6,575244E-1	4,150000E+3	-4,324824E-1	4,150000E+3	-7,371388E-1
4,151562E+3	2,464287E-1	4,151562E+3	-8,660019E-1	4,151562E+3	-2,237767E-1	4,151562E+3	-7,923923E-1	4,151562E+3	1,417969E-1	4,151562E+3	-6,563006E-1	4,151562E+3	-4,166516E-1	4,151562E+3	-7,467551E-1
4,153125E+3	2,617644E-1	4,153125E+3	-8,611091E-1	4,153125E+3	-2,084934E-1	4,153125E+3	-7,969127E-1	4,153125E+3	1,448644E-1	4,153125E+3	-6,552523E-1	4,153125E+3	-4,003717E-1	4,153125E+3	-7,563781E-1
4,154687E+3	2,765228E-1	4,154687E+3	-8,562498E-1	4,154687E+3	-1,935789E-1	4,154687E+3	-8,010750E-1	4,154687E+3	1,515369E-1	4,154687E+3	-6,535251E-1	4,154687E+3	-3,843292E-1	4,154687E+3	-7,655363E-1
4,156250E+3	2,913697E-1	4,156250E+3	-8,511660E-1	4,156250E+3	-1,783702E-1	4,156250E+3	-8,051695E-1	4,156250E+3	1,585157E-1	4,156250E+3	-6,518540E-1	4,156250E+3	-3,677775E-1	4,156250E+3	-7,747062E-1
4,157812E+3	3,059717E-1	4,157812E+3	-8,461471E-1	4,157812E+3	-3,008378E-1	4,157812E+3	-7,908081E-1	4,157812E+3	5,288665E-2	4,157812E+3	-6,547488E-1	4,157812E+3	-3,522527E-1	4,157812E+3	-7,830241E-1
4,159375E+3	3,206778E-1	4,159375E+3	-8,408850E-1	4,159375E+3	-3,917613E-1	4,159375E+3	-7,736222E-1	4,159375E+3	-3,323891E-2	4,159375E+3	-6,540150E-1	4,159375E+3	-3,361414E-1	4,159375E+3	-7,914256E-1
4,160937E+3	1,199795E-1	4,160937E+3	-8,646547E-1	4,160937E+3	-3,771113E-1	4,160937E+3	-7,840798E-1	4,160937E+3	-1,639844E-2	4,160937E+3	-6,541801E-1	4,160937E+3	-3,227138E-1	4,160937E+3	-7,984351E-1
4,162500E+3	-3,415936E-2	4,162500E+3	-8,621841E-1	4,162500E+3	-3,618125E-1	4,162500E+3	-7,945356E-1	4,162500E+3	5,072860E-4	4,162500E+3	-6,540223E-1	4,162500E+3	-3,085358E-1	4,162500E+3	-8,057284E-1
4,164062E+3	-1,371153E-2	4,164062E+3	-8,621521E-1	4,164062E+3	-3,463590E-1	4,164062E+3	-8,042608E-1	4,164062E+3	1,722870E-2	4,164062E+3	-6,533598E-1	4,164062E+3	-2,973367E-1	4,164062E+3	-8,110263E-1
4,165625E+3	6,865165E-3	4,165625E+3	-8,617519E-1	4,165625E+3	-3,302400E-1	4,165625E+3	-8,139603E-1	4,165625E+3	3,400048E-2	4,165625E+3	-6,523814E-1	4,165625E+3	-2,851951E-1	4,165625E+3	-8,168734E-1
4,167187E+3	2,760879E-2	4,167187E+3	-8,609644E-1	4,167187E+3	-3,131575E-1	4,167187E+3	-8,227329E-1	4,167187E+3	5,001852E-2	4,167187E+3	-6,512844E-1	4,167187E+3	-2,761969E-1	4,167187E+3	-8,205670E-1
4,168750E+3	4,846934E-2	4,168750E+3	-8,597781E-1	4,168750E+3	-2,954632E-1	4,168750E+3	-8,314169E-1	4,168750E+3	6,610767E-2	4,168750E+3	-6,499054E-1	4,168750E+3	-2,660153E-1	4,168750E+3	-8,251218E-1
4,170312E+3	6,922630E-2	4,170312E+3	-8,582311E-1	4,170312E+3	-2,781554E-1	4,170312E+3	-8,394500E-1	4,170312E+3	8,134970E-2	4,170312E+3	-6,484946E-1	4,170312E+3	-2,576006E-1	4,170312E+3	-8,277420E-1
4,171875E+3	9,009200E-2	4,171875E+3	-8,562679E-1	4,171875E+3	-2,601824E-1	4,171875E+3	-8,474597E-1	4,171875E+3	9,669489E-2	4,171875E+3	-6,468371E-1	4,171875E+3	-2,478671E-1	4,171875E+3	-8,314391E-1
4,173437E+3	1,112567E-1	4,173437E+3	-8,541315E-1	4,173437E+3	-2,414025E-1	4,173437E+3	-8,548324E-1	4,173437E+3	1,113649E-1	4,173437E+3	-6,452765E-1	4,173437E+3	-2,411811E-1	4,173437E+3	-8,329775E-1
4,175000E+3	1,325398E-1	4,175000E+3	-8,515014E-1	4,175000E+3	-2,220306E-1	4,175000E+3	-8,620029E-1	4,175000E+3	1,261705E-1	4,175000E+3	-6,434784E-1	4,175000E+3	-2,328837E-1	4,175000E+3	-8,359478E-1
4,176562E+3	1,535635E-1	4,176562E+3	-8,484198E-1	4,176562E+3	-2,021795E-1	4,176562E+3	-8,680516E-1	4,176562E+3	-1,185183E-2	4,176562E+3	-6,644302E-1	4,176562E+3	-2,285517E-1	4,176562E+3	-8,366059E-1
4,178125E+3	1,746173E-1	4,178125E+3	-8,448616E-1	4,178125E+3	-1,818234E-1	4,178125E+3	-8,738536E-1	4,178125E+3	-1,112640E-1	4,178125E+3	-6,800328E-1	4,178125E+3	-2,219338E-1	4,178125E+3	-8,392733E-1
4,179687E+3	1,950475E-1	4,179687E+3	-8,414293E-1	4,179687E+3	-1,631253E-1	4,179687E+3	-8,789228E-1	4,179687E+3	-9,737672E-2	4,179687E+3	-6,844376E-1	4,179687E+3	-2,206613E-1	4,179687E+3	-8,379033E-1
4,181250E+3	2,155267E-1	4,181250E+3	-8,375183E-1	4,181250E+3	-1,438388E-1	4,181250E+3	-8,838265E-1	4,181250E+3	-8,288512E-2	4,181250E+3	-6,888095E-1	4,181250E+3	-2,167918E-1	4,181250E+3	-8,393663E-1
4,182812E+3	2,360602E-1	4,182812E+3	-8,327984E-1	4,182812E+3	-1,276290E-1	4,182812E+3	-8,877447E-1	4,182812E+3	-6,912815E-2	4,182812E+3	-6,924772E-1	4,182812E+3	-2,210968E-1	4,182812E+3	-8,354202E-1
4,184375E+3	2,565702E-1	4,184375E+3	-8,276010E-1	4,184375E+3	-1,106165E-1	4,184375E+3	-8,916847E-1	4,184375E+3	-5,473768E-2	4,184375E+3	-6,961370E-1	4,184375E+3	-2,216906E-1	4,184375E+3	-8,361272E-1
4,185937E+3	5,462108E-2	4,185937E+3	-8,198571E-1	4,185937E+3	-1,000697E-1	4,185937E+3	-8,943558E-1	4,185937E+3	-4,071662E-2	4,185937E+3	-6,988138E-1	4,185937E+3	-2,293781E-1	4,185937E+3	-8,293173E-1
4,187500E+3	-7,401273E-2	4,187500E+3	-8,152941E-1	4,187500E+3	-8,806645E-2	4,187500E+3	-8,974914E-1	4,187500E+3	-2,609053E-2	4,187500E+3	-7,015007E-1	4,187500E+3	-2,328019E-1	4,187500E+3	-8,296248E-1
4,189062E+3	-5,507258E-2	4,189062E+3	-8,269305E-1	4,189062E+3	-8,432572E-2	4,189062E+3	-8,985441E-1	4,189062E+3	-1,344239E-2	4,189062E+3	-7,036857E-1	4,189062E+3	-2,425423E-1	4,189062E+3	-8,195715E-1
4,190625E+3	-3,513177E-2	4,190625E+3	-8,377997E-1	4,190625E+3	-7,804439E-2	4,190625E+3	-9,007796E-1	4,190625E+3	-4,752640E-5	4,190625E+3	-7,060005E-1	4,190625E+3	-2,485066E-1	4,190625E+3	-8,200631E-1
4,192187E+3	-1,530491E-2	4,192187E+3	-8,475556E-1	4,192187E+3	-7,500198E-2	4,192187E+3	-9,000776E-1	4,192187E+3	9,737421E-3	4,192187E+3	-7,078898E-1	4,192187E+3	-2,589500E-1	4,192187E+3	-8,065292E-1
4,193750E+3	5,459540E-3	4,193750E+3	-8,565068E-1	4,193750E+3	-6,917487E-2	4,193750E+3	-9,010934E-1	4,193750E+3	2,060590E-2	4,193750E+3	-7,101682E-1	4,193750E+3	-2,684095E-1	4,193750E+3	-8,076584E-1
4,195312E+3	2,571538E-2	4,195312E+3	-8,629151E-1	4,195312E+3	-6,585614E-2	4,195312E+3	-8,995065E-1	4,195312E+3	2,753643E-2	4,195312E+3	-7,112433E-1	4,195312E+3	-2,814235E-1	4,195312E+3	-7,886660E-1
4,196875E+3	4,678334E-2	4,196875E+3	-8,686187E-1	4,196875E+3	-5,966518E-2	4,196875E+3	-9,000469E-1	4,196875E+3	3,590530E-2	4,196875E+3	-7,130984E-1	4,196875E+3	-3,006351E-1	4,196875E+3	-7,900771E-1
4,198437E+3	6,723276E-2	4,198437E+3	-8,728344E-1	4,198437E+3	-5,608365E-2	4,198437E+3	-8,979841E-1	4,198437E+3	4,061913E-2	4,198437E+3	-7,132275E-1	4,198437E+3	-3,171756E-1	4,198437E+3	-7,640849E-1
4,200000E+3	8,841814E-2	4,200000E+3	-8,763843E-1	4,200000E+3	-4,955767E-2	4,200000E+3	-8,984667E-1	4,200000E+3	4,706500E-2	4,200000E+3	-7,146000E-1	4,200000E+3	-3,560342E-1	4,200000E+3	-7,602419E-1
4,201562E+3	1,090193E-1	4,201562E+3	-8,778319E-1	4,201562E+3	-4,669157E-2	4,201562E+3	-8,959121E-1	4,201562E+3	5,126231E-2	4,201562E+3	-7,138745E-1	4,201562E+3	-3,916283E-1	4,201562E+3	-7,061914E-1
4,203125E+3	1,302299E-1	4,203125E+3	-8,787164E-1	4,203125E+3	-4,062962E-2	4,203125E+3	-8,965698E-1	4,203125E+3	5,724133E-2	4,203125E+3	-7,147392E-1	4,203125E+3	-5,028939E-1	4,203125E+3	-6,585568E-1
4,204687E+3	1,507248E-1	4,204687E+3	-8,784243E-1	4,204687E+3	-4,022694E-2	4,204687E+3	-8,930440E-1	4,204687E+3	6,073108E-2	4,204687E+3	-7,135756E-1	4,204687E+3	-5,186486E-1	4,204687E+3	-6,351013E-1
4,206250E+3	1,717493E-1	4,206250E+3	-8,776139E-1	4,206250E+3	-3,607457E-2	4,206250E+3	-8,941086E-1	4,206250E+3	6,608254E-2	4,206250E+3	-7,143770E-1	4,206250E+3	-5,515964E-1	4,206250E+3	-6,055374E-1
4,207812E+3	1,920832E-1	4,207812E+3	-8,750037E-1	4,207812E+3	-4,003060E-2	4,207812E+3	-8,883789E-1	4,207812E+3	6,942401E-2	4,207812E+3	-7,127273E-1	4,207812E+3	-5,476864E-1	4,207812E+3	-6,046232E-1
4,209375E+3	2,127783E-1	4,209375E+3	-8,719906E-1	4,209375E+3	-3,962005E-2	4,209375E+3	-8,902912E-1	4,209375E+3	7,454694E-2	4,209375E+3	-7,133924E-1	4,209375E+3	-5,473374E-1	4,209375E+3	-6,021146E-1
4,210937E+3	2,328071E-1	4,210937E+3	-8,674324E-1	4,210937E+3	-1,194230E-1	4,210937E+3	-7,523286E-1	4,210937E+3	7,727457E-2	4,210937E+3	-7,114511E-1	4,210937E+3	-5,390959E-1	4,210937E+3	-6,061444E-1
4,212500E+3	2,530927E-1	4,212500E+3	-8,625624E-1	4,212500E+3	-3,043192E-1	4,212500E+3	-8,100279E-1	4,212500E+3	8,174240E-2	4,212500E+3	-7,123096E-1	4,212500E+3	-5,328274E-1	4,212500E+3	-6,090823E-1
4,214062E+3	2,727118E-1	4,214062E+3	-8,563666E-1	4,214062E+3	-3,094884E-1	4,214062E+3	-7,986894E-1	4,214062E+3	8,296985E-2	4,214062E+3	-7,101681E-1	4,214062E+3	-5,228171E-1	4,214062E+3	-6,143318E-1
4,215625E+3	2,925222E-1	4,215625E+3	-8,499312E-1	4,215625E+3	-3,284722E-1	4,215625E+3	-7,898717E-1	4,215625E+3	8,592776E-2	4,215625E+3	-7,116212E-1	4,215625E+3	-5,142698E-1	4,215625E+3	-6,186178E-1
4,217187E+3	3,114304E-1	4,217187E+3	-8,423815E-1	4,217187E+3	-3,181624E-1	4,217187E+3	-7,916601E-1	4,217187E+3	8,527145E-2	4,217187E+3	-7,091321E-1	4,217187E+3	-5,860802E-1	4,217187E+3	-5,188311E-1
4,218750E+3	3,304688E-1	4,218750E+3	-8,346742E-1	4,218750E+3	-3,111346E-1	4,218750E+3	-7,937460E-1	4,218750E+3	8,609351E-2	4,218750E+3	-7,113173E-1	4,218750E+3	-6,973205E-1	4,218750E+3	-3,515798E-1
4,220312E+3	3,482511E-1	4,220312E+3	-8,254446E-1	4,220312E+3	-2,975383E-1	4,220312E+3	-7,971813E-1	4,220312E+3	8,246293E-2	4,220312E+3	-7,082865E-1	4,220312E+3	-6,932854E-1	4,220312E+3	-3,566422E-1
4,221875E+3	3,660876E-1	4,221875E+3	-8,162214E-1	4,221875E+3	-2,859847E-1	4,221875E+3	-8,005645E-1	4,221875E+3	7,961095E-2	4,221875E+3	-7,115309E-1	4,221875E+3	-6,901530E-1	4,221875E+3	-3,605811E-1
4,223437E+3	3,824555E-1	4,223437E+3	-8,070902E-1	4,223437E+3	-2,711934E-1	4,223437E+3	-8,041922E-1	4,223437E+3	7,052326E-2	4,223437E+3	-7,075621E-1	4,223437E+3	-6,858737E-1	4,223437E+3	-3,656457E-1
4,225000E+3	3,989856E-1	4,225000E+3	-7,979918E-1	4,225000E+3	-2,579708E-1	4,225000E+3	-8,076680E-1	4,225000E+3	6,045803E-2	4,225000E+3	-7,125214E-1	4,225000E+3	-6,824268E-1	4,225000E+3	-3,696665E-1
4,226562E+3	4,126100E-1	4,226562E+3	-7,874327E-1	4,226562E+3	-2,410331E-1	4,226562E+3	-8,108219E-1	4,226562E+3	4,700320E-2	4,226562E+3	-7,074801E-1	4,226562E+3	-6,965864E-1	4,226562E+3	-3,334361E-1
4,228125E+3	4,264145E-1	4,228125E+3	-7,772659E-1	4,228125E+3	-2,252228E-1	4,228125E+3	-8,136108E-1	4,228125E+3	2,922990E-2	4,228125E+3	-7,126403E-1	4,228125E+3	-7,139192E-1	4,228125E+3	-2,896887E-1
4,229687E+3	4,373199E-1	4,229687E+3	-7,677609E-1	4,229687E+3	-3,521480E-1	4,229687E+3	-7,136969E-1	4,229687E+3	6,436150E-3	4,229687E+3	-7,051294E-1	4,229687E+3	-7,256985E-1	4,229687E+3	-2,477077E-1
4,231250E+3	4,487246E-1	4,231250E+3	-7,587687E-1	4,231250E+3	-6,452593E-1	4,231250E+3	-4,735138E-1	4,231250E+3	-2,673828E-2	4,231250E+3	-7,090232E-1	4,231250E+3	-7,391055E-1	4,231250E+3	-1,978851E-1
4,232812E+3	1,706719E-1	4,232812E+3	-6,388409E-1	4,232812E+3	-6,363637E-1	4,232812E+3	-4,837676E-1	4,232812E+3	-7,563368E-2	4,232812E+3	-6,911324E-1	4,232812E+3	-7,385677E-1	4,232812E+3	-1,920859E-1
4,234375E+3	6,567498E-2	4,234375E+3	-8,799125E-1	4,234375E+3	-6,278981E-1	4,234375E+3	-4,933959E-1	4,234375E+3	-1,550020E-1	4,234375E+3	-6,848415E-1	4,234375E+3	-7,388101E-1	4,234375E+3	-1,846561E-1
4,235937E+3	8,148741E-2	4,235937E+3	-8,776735E-1	4,235937E+3	-6,182429E-1	4,235937E+3	-5,044228E-1	4,235937E+3	-1,752794E-1	4,235937E+3	-6,755675E-1	4,235937E+3	-7,378313E-1	4,235937E+3	-1,810693E-1
4,237500E+3	9,596081E-2	4,237500E+3	-8,765102E-1	4,237500E+3	-6,089177E-1	4,237500E+3	-5,148690E-1	4,237500E+3	-2,046330E-1	4,237500E+3	-6,677156E-1	4,237500E+3	-7,375195E-1	4,237500E+3	-1,762231E-1
4,239062E+3	1,118977E-1	4,239062E+3	-8,739427E-1	4,239062E+3	-5,973323E-1	4,239062E+3	-5,278116E-1	4,239062E+3	-2,040024E-1	4,239062E+3	-6,668425E-1	4,239062E+3	-7,407524E-1	4,239062E+3	-1,610320E-1
4,240625E+3	1,265064E-1	4,240625E+3	-8,723113E-1	4,240625E+3	-5,858881E-1	4,240625E+3	-5,401978E-1	4,240625E+3	-2,057859E-1	4,240625E+3	-6,664095E-1	4,240625E+3	-7,447408E-1	4,240625E+3	-1,441905E-1
4,242187E+3	1,440481E-1	4,242187E+3	-8,689099E-1	4,242187E+3	-5,720071E-1	4,242187E+3	-5,547051E-1	4,242187E+3	-2,004563E-1	4,242187E+3	-6,675207E-1	4,242187E+3	-7,511611E-1	4,242187E+3	-1,012579E-1
4,243750E+3	1,603551E-1	4,243750E+3	-8,661591E-1	4,243750E+3	-5,580791E-1	4,243750E+3	-5,686519E-1	4,243750E+3	-1,965833E-1	4,243750E+3	-6,688570E-1	4,243750E+3	-7,572609E-1	4,243750E+3	-5,225608E-2
4,245312E+3	1,782954E-1	4,245312E+3	-8,617978E-1	4,245312E+3	-5,422331E-1	4,245312E+3	-5,839047E-1	4,245312E+3	-1,889534E-1	4,245312E+3	-6,706703E-1	4,245312E+3	-7,579845E-1	4,245312E+3	-2,784133E-2
4,246875E+3	1,950908E-1	4,246875E+3	-8,578861E-1	4,246875E+3	-5,262258E-1	4,246875E+3	-5,985673E-1	4,246875E+3	-1,823490E-1	4,246875E+3	-6,725968E-1	4,246875E+3	-7,587534E-1	4,246875E+3	-4,298384E-4
4,248437E+3	2,133552E-1	4,248437E+3	-8,525887E-1	4,248437E+3	-5,735340E-1	4,248437E+3	-5,408958E-1	4,248437E+3	-1,753128E-1	4,248437E+3	-6,743889E-1	4,248437E+3	-7,579300E-1	4,248437E+3	1,556603E-2
4,250000E+3	2,305776E-1	4,250000E+3	-8,475892E-1	4,250000E+3	-6,295738E-1	4,250000E+3	-4,653070E-1	4,250000E+3	-1,692053E-1	4,250000E+3	-6,763385E-1	4,250000E+3	-7,572184E-1	4,250000E+3	3,356073E-2
4,251562E+3	2,488791E-1	4,251562E+3	-8,408212E-1	4,251562E+3	-6,768644E-1	4,251562E+3	-3,828551E-1	4,251562E+3	-1,654857E-1	4,251562E+3	-6,776668E-1	4,251562E+3	-7,558073E-1	4,251562E+3	4,617178E-2
4,253125E+3	2,661669E-1	4,253125E+3	-8,341758E-1	4,253125E+3	-7,267968E-1	4,253125E+3	-2,767163E-1	4,253125E+3	-1,629261E-1	4,253125E+3	-6,792970E-1	4,253125E+3	-7,544844E-1	4,253125E+3	6,039407E-2
4,254687E+3	2,835934E-1	4,254687E+3	-8,271943E-1	4,254687E+3	-7,244977E-1	4,254687E+3	-2,784131E-1	4,254687E+3	-1,687397E-1	4,254687E+3	-6,774867E-1	4,254687E+3	-7,528559E-1	4,254687E+3	7,080047E-2
4,256250E+3	3,000686E-1	4,256250E+3	-8,204155E-1	4,256250E+3	-7,227244E-1	4,256250E+3	-2,792182E-1	4,256250E+3	-1,772134E-1	4,256250E+3	-6,760499E-1	4,256250E+3	-7,513002E-1	4,256250E+3	8,256913E-2
4,257812E+3	3,159512E-1	4,257812E+3	-8,136224E-1	4,257812E+3	-7,209169E-1	4,257812E+3	-2,742855E-1	4,257812E+3	-2,838585E-1	4,257812E+3	-6,232918E-1	4,257812E+3	-7,486207E-1	4,257812E+3	1,899725E-1
4,259375E+3	3,309202E-1	4,259375E+3	-8,071823E-1	4,259375E+3	-7,195642E-1	4,259375E+3	-2,704945E-1	4,259375E+3	-4,361513E-1	4,259375E+3	-5,335457E-1	4,259375E+3	-7,329941E-1	4,259375E+3	3,108279E-1
4,260937E+3	3,070468E-1	4,260937E+3	-8,039135E-1	4,260937E+3	-7,230281E-1	4,260937E+3	-2,185966E-1	4,260937E+3	-4,858232E-1	4,260937E+3	-4,782762E-1	4,260937E+3	-7,269463E-1	4,260937E+3	3,277432E-1
4,262500E+3	2,879921E-1	4,262500E+3	-8,017201E-1	4,262500E+3	-7,282269E-1	4,262500E+3	-1,858830E-1	4,262500E+3	-5,179336E-1	4,262500E+3	-4,466216E-1	4,262500E+3	-7,204183E-1	4,262500E+3	3,458953E-1
4,264062E+3	9,719880E-2	4,264062E+3	-7,946543E-1	4,264062E+3	-7,428278E-1	4,264062E+3	-1,608767E-1	4,264062E+3	-5,174560E-1	4,264062E+3	-4,462412E-1	4,264062E+3	-7,048462E-1	4,264062E+3	3,626478E-1
4,265625E+3	-2,085883E-1	4,265625E+3	-7,734337E-1	4,265625E+3	-7,549367E-1	4,265625E+3	-1,340630E-1	4,265625E+3	-5,177228E-1	4,265625E+3	-4,457207E-1	4,265625E+3	-6,952051E-1	4,265625E+3	3,774423E-1
4,267187E+3	-2,936887E-1	4,267187E+3	-7,489324E-1	4,267187E+3	-7,563366E-1	4,267187E+3	-1,158474E-1	4,267187E+3	-5,196984E-1	4,267187E+3	-4,419386E-1	4,267187E+3	-6,805833E-1	4,267187E+3	4,131193E-1
4,268750E+3	-3,946241E-1	4,268750E+3	-7,074773E-1	4,268750E+3	-7,580256E-1	4,268750E+3	-9,606076E-2	4,268750E+3	-5,226327E-1	4,268750E+3	-4,377751E-1	4,268750E+3	-6,717059E-1	4,268750E+3	4,394425E-1
4,270312E+3	-3,891121E-1	4,270312E+3	-7,101359E-1	4,270312E+3	-7,576230E-1	4,270312E+3	-8,729612E-2	4,270312E+3	-5,327621E-1	4,270312E+3	-4,223978E-1	4,270312E+3	-6,620401E-1	4,270312E+3	4,559210E-1
4,271875E+3	-3,843897E-1	4,271875E+3	-7,125626E-1	4,271875E+3	-7,575382E-1	4,271875E+3	-7,761304E-2	4,271875E+3	-5,444906E-1	4,271875E+3	-4,055357E-1	4,271875E+3	-6,515768E-1	4,271875E+3	4,734233E-1
4,273437E+3	-3,736795E-1	4,273437E+3	-7,184796E-1	4,273437E+3	-7,761415E-1	4,273437E+3	7,396555E-3	4,273437E+3	-5,527534E-1	4,273437E+3	-3,921492E-1	4,273437E+3	-6,390875E-1	4,273437E+3	4,906797E-1
4,275000E+3	-3,632931E-1	4,275000E+3	-7,241732E-1	4,275000E+3	-7,899814E-1	4,275000E+3	1,040475E-1	4,275000E+3	-5,623928E-1	4,275000E+3	-3,775349E-1	4,275000E+3	-6,256978E-1	4,275000E+3	5,087171E-1
4,276562E+3	-3,520676E-1	4,276562E+3	-7,302442E-1	4,276562E+3	-7,867469E-1	4,276562E+3	1,230451E-1	4,276562E+3	-5,758559E-1	4,276562E+3	-3,723994E-1	4,276562E+3	-6,139696E-1	4,276562E+3	5,216093E-1
4,278125E+3	-3,411072E-1	4,278125E+3	-7,361102E-1	4,278125E+3	-7,832933E-1	4,278125E+3	1,432086E-1	4,278125E+3	-5,895284E-1	4,278125E+3	-3,657453E-1	4,278125E+3	-6,016227E-1	4,278125E+3	5,349331E-1
4,279687E+3	-3,314275E-1	4,279687E+3	-7,403981E-1	4,279687E+3	-7,767501E-1	4,279687E+3	1,713981E-1	4,279687E+3	-5,949387E-1	4,279687E+3	-3,589209E-1	4,279687E+3	-5,960369E-1	4,279687E+3	5,405978E-1
4,281250E+3	-3,221261E-1	4,281250E+3	-7,445060E-1	4,281250E+3	-7,693968E-1	4,281250E+3	2,009511E-1	4,281250E+3	-6,010168E-1	4,281250E+3	-3,515078E-1	4,281250E+3	-5,902323E-1	4,281250E+3	5,465341E-1
4,282812E+3	-3,412759E-1	4,282812E+3	-7,349202E-1	4,282812E+3	-7,600326E-1	4,282812E+3	2,314861E-1	4,282812E+3	-6,042894E-1	4,282812E+3	-3,460947E-1	4,282812E+3	-5,875024E-1	4,282812E+3	5,504591E-1
4,284375E+3	-3,637335E-1	4,284375E+3	-7,239482E-1	4,284375E+3	-7,496050E-1	4,284375E+3	2,631951E-1	4,284375E+3	-6,081704E-1	4,284375E+3	-3,402214E-1	4,284375E+3	-5,846940E-1	4,284375E+3	5,545667E-1
4,285937E+3	-4,421709E-1	4,285937E+3	-6,533575E-1	4,285937E+3	-7,239089E-1	4,285937E+3	3,104343E-1	4,285937E+3	-6,668892E-1	4,285937E+3	-2,598380E-1	4,285937E+3	-5,796470E-1	4,285937E+3	5,613546E-1
4,287500E+3	-4,915437E-1	4,287500E+3	-6,186942E-1	4,287500E+3	-7,145430E-1	4,287500E+3	3,368082E-1	4,287500E+3	-7,275771E-1	4,287500E+3	-1,609717E-1	4,287500E+3	-5,745479E-1	4,287500E+3	5,682709E-1
4,289062E+3	-4,997108E-1	4,289062E+3	-6,127926E-1	4,289062E+3	-7,127712E-1	4,289062E+3	3,399567E-1	4,289062E+3	-7,336314E-1	4,289062E+3	-1,353450E-1	4,289062E+3	-5,636990E-1	4,289062E+3	5,809453E-1
4,290625E+3	-5,078861E-1	4,290625E+3	-6,074221E-1	4,290625E+3	-7,114281E-1	4,290625E+3	3,427442E-1	4,290625E+3	-7,399006E-1	4,290625E+3	-1,080018E-1	4,290625E+3	-5,527207E-1	4,290625E+3	5,936271E-1
4,292187E+3	-5,141633E-1	4,292187E+3	-5,998383E-1	4,292187E+3	-7,087130E-1	4,292187E+3	3,472320E-1	4,292187E+3	-7,421360E-1	4,292187E+3	-8,772228E-2	4,292187E+3	-5,419881E-1	4,292187E+3	6,055214E-1
4,293750E+3	-5,206221E-1	4,293750E+3	-5,934720E-1	4,293750E+3	-7,067525E-1	4,293750E+3	3,513160E-1	4,293750E+3	-7,445443E-1	4,293750E+3	-6,629436E-2	4,293750E+3	-5,312471E-1	4,293750E+3	6,173582E-1
4,295312E+3	-5,284310E-1	4,295312E+3	-5,833514E-1	4,295312E+3	-7,018065E-1	4,295312E+3	3,608435E-1	4,295312E+3	-7,452780E-1	4,295312E+3	-5,894707E-2	4,295312E+3	-5,247187E-1	4,295312E+3	6,249136E-1
4,296875E+3	-5,370725E-1	4,296875E+3	-5,744354E-1	4,296875E+3	-6,976529E-1	4,296875E+3	3,702157E-1	4,296875E+3	-7,463656E-1	4,296875E+3	-5,110133E-2	4,296875E+3	-5,183526E-1	4,296875E+3	6,324811E-1
4,298437E+3	-5,459250E-1	4,298437E+3	-5,633433E-1	4,298437E+3	-6,916863E-1	4,298437E+3	3,815662E-1	4,298437E+3	-7,474405E-1	4,298437E+3	-4,666332E-2	4,298437E+3	-5,126004E-1	4,298437E+3	6,387958E-1
4,300000E+3	-5,561082E-1	4,300000E+3	-5,526623E-1	4,300000E+3	-6,862621E-1	4,300000E+3	3,930008E-1	4,300000E+3	-7,488844E-1	4,300000E+3	-4,185339E-2	4,300000E+3	-5,070684E-1	4,300000E+3	6,451193E-1
4,301562E+3	-6,124432E-1	4,301562E+3	-5,048778E-1	4,301562E+3	-6,815086E-1	4,301562E+3	4,006557E-1	4,301562E+3	-7,506052E-1	4,301562E+3	-3,498554E-2	4,301562E+3	-4,980315E-1	4,301562E+3	6,531452E-1
4,303125E+3	-6,742583E-1	4,303125E+3	-4,480236E-1	4,303125E+3	-6,771647E-1	4,303125E+3	4,084346E-1	4,303125E+3	-7,527248E-1	4,303125E+3	-2,768933E-2	4,303125E+3	-4,892492E-1	4,303125E+3	6,610835E-1
4,304687E+3	-6,754949E-1	4,304687E+3	-4,448351E-1	4,304687E+3	-6,737820E-1	4,304687E+3	4,124990E-1	4,304687E+3	-7,545282E-1	4,304687E+3	-1,640764E-2	4,304687E+3	-4,781300E-1	4,304687E+3	6,696334E-1
4,306250E+3	-6,775154E-1	4,306250E+3	-4,417152E-1	4,306250E+3	-6,707343E-1	4,306250E+3	4,166632E-1	4,306250E+3	-7,566876E-1	4,306250E+3	-4,586441E-3	4,306250E+3	-4,673199E-1	4,306250E+3	6,780848E-1
4,307812E+3	-6,819203E-1	4,307812E+3	-4,339251E-1	4,307812E+3	-6,666408E-1	4,307812E+3	4,223728E-1	4,307812E+3	-7,449279E-1	4,307812E+3	8,736981E-2	4,307812E+3	-4,577650E-1	4,307812E+3	6,857034E-1
4,309375E+3	-6,871492E-1	4,309375E+3	-4,259217E-1	4,309375E+3	-6,628519E-1	4,309375E+3	4,281461E-1	4,309375E+3	-7,542729E-1	4,309375E+3	1,264167E-1	4,309375E+3	-4,485748E-1	4,309375E+3	6,932502E-1
4,310937E+3	-6,885313E-1	4,310937E+3	-4,211007E-1	4,310937E+3	-6,587949E-1	4,310937E+3	4,345986E-1	4,310937E+3	-7,537872E-1	4,310937E+3	1,325545E-1	4,310937E+3	-4,399898E-1	4,310937E+3	6,997593E-1
4,312500E+3	-6,905455E-1	4,312500E+3	-4,161723E-1	4,312500E+3	-6,550594E-1	4,312500E+3	4,410758E-1	4,312500E+3	-7,537938E-1	4,312500E+3	1,385171E-1	4,312500E+3	-4,318209E-1	4,312500E+3	7,061943E-1
4,314062E+3	-6,900525E-1	4,314062E+3	-4,162342E-1	4,314062E+3	-6,506852E-1	4,314062E+3	4,471996E-1	4,314062E+3	-7,531481E-1	4,314062E+3	1,446221E-1	4,314062E+3	-4,128189E-1	4,314062E+3	7,156401E-1
4,315625E+3	-6,900582E-1	4,315625E+3	-4,164306E-1	4,315625E+3	-6,466985E-1	4,315625E+3	4,533032E-1	4,315625E+3	-7,530676E-1	4,315625E+3	1,505555E-1	4,315625E+3	-4,051701E-1	4,315625E+3	7,237592E-1
4,317187E+3	-6,876039E-1	4,317187E+3	-4,213962E-1	4,317187E+3	-6,419928E-1	4,317187E+3	4,590186E-1	4,317187E+3	-7,523399E-1	4,317187E+3	1,588925E-1	4,317187E+3	-3,972220E-1	4,317187E+3	7,285456E-1
4,318750E+3	-6,855075E-1	4,318750E+3	-4,266320E-1	4,318750E+3	-6,378255E-1	4,318750E+3	4,646910E-1	4,318750E+3	-7,521950E-1	4,318750E+3	1,671000E-1	4,318750E+3	-3,899556E-1	4,318750E+3	7,332917E-1
4,320312E+3	-6,826085E-1	4,320312E+3	-4,326229E-1	4,320312E+3	-6,354204E-1	4,320312E+3	4,664824E-1	4,320312E+3	-7,514496E-1	4,320312E+3	1,761170E-1	4,320312E+3	-3,834200E-1	4,320312E+3	7,377015E-1
4,321875E+3	-6,800938E-1	4,321875E+3	-4,390146E-1	4,321875E+3	-6,337178E-1	4,321875E+3	4,683325E-1	4,321875E+3	-7,512823E-1	4,321875E+3	1,850282E-1	4,321875E+3	-3,775637E-1	4,321875E+3	7,420713E-1
4,323437E+3	-6,773600E-1	4,323437E+3	-4,444541E-1	4,323437E+3	-6,336707E-1	4,323437E+3	4,663013E-1	4,323437E+3	-7,513483E-1	4,323437E+3	1,872454E-1	4,323437E+3	-3,739899E-1	4,323437E+3	7,448213E-1
