Sample 1 - Real_Frequency [Hz]	T21 Transfer Matrix Coefficient	Sample 1 - Imag_Frequency [Hz]	T21 Transfer Matrix Coefficient	Sample 2 - Real_Frequency [Hz]	T21 Transfer Matrix Coefficient	Sample 2 - Imag_Frequency [Hz]	T21 Transfer Matrix Coefficient	Sample 3 - Real_Frequency [Hz]	T21 Transfer Matrix Coefficient	Sample 3 - Imag_Frequency [Hz]	T21 Transfer Matrix Coefficient	Sample 4 - Real_Frequency [Hz]	T21 Transfer Matrix Coefficient	Sample 4 - Imag_Frequency [Hz]	T21 Transfer Matrix Coefficient	
3,000000E+2	-5,169899E-4	3,000000E+2	-1,762581E-3	3,000000E+2	-4,796410E-4	3,000000E+2	-1,117014E-3	3,000000E+2	-6,734761E-4	3,000000E+2	-1,138216E-3	3,000000E+2	1,031644E-4	3,000000E+2	-2,306210E-4
3,015625E+2	-4,775363E-4	3,015625E+2	-1,700012E-3	3,015625E+2	-4,614386E-4	3,015625E+2	-1,013125E-3	3,015625E+2	-6,655233E-4	3,015625E+2	-1,148863E-3	3,015625E+2	-2,862006E-3	3,015625E+2	-2,005594E-3
3,031250E+2	-4,445890E-4	3,031250E+2	-1,643678E-3	3,031250E+2	-4,467552E-4	3,031250E+2	-9,204073E-4	3,031250E+2	-6,575094E-4	3,031250E+2	-1,161792E-3	3,031250E+2	1,152304E-3	3,031250E+2	-5,823760E-3
3,046875E+2	-3,763164E-4	3,046875E+2	-1,550844E-3	3,046875E+2	-1,282527E-3	3,046875E+2	-2,555278E-3	3,046875E+2	-2,861045E-3	3,046875E+2	-4,065613E-3	3,046875E+2	1,133698E-3	3,046875E+2	-5,857966E-3
3,062500E+2	-3,250043E-4	3,062500E+2	-1,463660E-3	3,062500E+2	-1,037713E-3	3,062500E+2	-3,380562E-3	3,062500E+2	1,915236E-3	3,062500E+2	-7,673474E-3	3,062500E+2	1,106424E-3	3,062500E+2	-5,897176E-3
3,078125E+2	-3,416492E-4	3,078125E+2	-1,482571E-3	3,078125E+2	-1,031922E-3	3,078125E+2	-3,160430E-3	3,078125E+2	1,945060E-3	3,078125E+2	-7,659288E-3	3,078125E+2	1,089304E-3	3,078125E+2	-5,912155E-3
3,093750E+2	-3,537201E-4	3,093750E+2	-1,503009E-3	3,093750E+2	-1,035114E-3	3,093750E+2	-2,965556E-3	3,093750E+2	1,964846E-3	3,093750E+2	-7,641128E-3	3,093750E+2	1,062762E-3	3,093750E+2	-5,931602E-3
3,109375E+2	-1,823766E-3	3,109375E+2	-2,209768E-3	3,109375E+2	-1,026561E-3	3,109375E+2	-2,769064E-3	3,109375E+2	1,987922E-3	3,109375E+2	-7,594289E-3	3,109375E+2	1,053655E-3	3,109375E+2	-5,934969E-3
3,125000E+2	-2,418676E-3	3,125000E+2	-3,625857E-3	3,125000E+2	-1,027418E-3	3,125000E+2	-2,598870E-3	3,125000E+2	1,999381E-3	3,125000E+2	-7,544125E-3	3,125000E+2	1,036874E-3	3,125000E+2	-5,939751E-3
3,140625E+2	-2,366690E-3	3,140625E+2	-3,494969E-3	3,140625E+2	-1,028105E-3	3,140625E+2	-2,482277E-3	3,140625E+2	4,395592E-3	3,140625E+2	-4,865057E-3	3,140625E+2	2,657449E-3	3,140625E+2	-4,020791E-3
3,156250E+2	-2,323941E-3	3,156250E+2	-3,365428E-3	3,156250E+2	-1,031453E-3	3,156250E+2	-2,380085E-3	3,156250E+2	-1,140723E-4	3,156250E+2	-1,251060E-3	3,156250E+2	-1,215442E-4	3,156250E+2	-1,440318E-3
3,171875E+2	-1,243133E-3	3,171875E+2	-2,770355E-3	3,171875E+2	-3,518852E-3	3,171875E+2	-3,886055E-3	3,171875E+2	-9,956209E-5	3,171875E+2	-1,213118E-3	3,171875E+2	-1,017158E-4	3,171875E+2	-1,391541E-3
3,187500E+2	-6,495515E-4	3,187500E+2	-1,858268E-3	3,187500E+2	-2,829472E-4	3,187500E+2	-7,964333E-3	3,187500E+2	-8,405098E-5	3,187500E+2	-1,172265E-3	3,187500E+2	-8,001448E-5	3,187500E+2	-1,337022E-3
3,203125E+2	-6,465392E-4	3,203125E+2	-1,827992E-3	3,203125E+2	5,866801E-5	3,203125E+2	-7,337434E-3	3,203125E+2	-7,698637E-5	3,203125E+2	-1,125216E-3	3,203125E+2	-5,925166E-5	3,203125E+2	-1,303736E-3
3,218750E+2	-6,447883E-4	3,218750E+2	-1,797399E-3	3,218750E+2	2,118090E-4	3,218750E+2	-6,873729E-3	3,218750E+2	-6,953314E-5	3,218750E+2	-1,075255E-3	3,218750E+2	-3,676738E-5	3,218750E+2	-1,266690E-3
3,234375E+2	-6,480454E-4	3,234375E+2	-1,766307E-3	3,234375E+2	3,609962E-4	3,234375E+2	-6,851680E-3	3,234375E+2	-6,619025E-5	3,234375E+2	-1,026089E-3	3,234375E+2	-1,992037E-5	3,234375E+2	-1,229483E-3
3,250000E+2	-6,522398E-4	3,250000E+2	-1,735149E-3	3,250000E+2	5,101074E-4	3,250000E+2	-6,824941E-3	3,250000E+2	-6,278501E-5	3,250000E+2	-9,742163E-4	3,250000E+2	-1,856960E-6	3,250000E+2	-1,188848E-3
3,265625E+2	-1,400713E-3	3,265625E+2	-2,605382E-3	3,265625E+2	4,490267E-3	3,265625E+2	-5,665758E-3	3,265625E+2	-5,510500E-5	3,265625E+2	-9,396905E-4	3,265625E+2	1,534695E-5	3,265625E+2	-1,178146E-3
3,281250E+2	-1,357281E-3	3,281250E+2	-4,052883E-3	3,281250E+2	-3,150731E-4	3,281250E+2	-1,459982E-3	3,281250E+2	-4,714701E-5	3,281250E+2	-9,034121E-4	3,281250E+2	3,377175E-5	3,281250E+2	-1,166242E-3
3,296875E+2	-5,568138E-4	3,296875E+2	-3,096138E-3	3,296875E+2	-3,436430E-4	3,296875E+2	-1,398369E-3	3,296875E+2	-3,921876E-5	3,296875E+2	-8,736697E-4	3,296875E+2	4,507614E-5	3,296875E+2	-1,148892E-3
3,312500E+2	-8,528354E-4	3,312500E+2	-1,681406E-3	3,312500E+2	-3,786534E-4	3,312500E+2	-1,332846E-3	3,312500E+2	-3,101901E-5	3,312500E+2	-8,425329E-4	3,312500E+2	5,710561E-5	3,312500E+2	-1,130323E-3
3,328125E+2	-9,486206E-4	3,328125E+2	-1,583139E-3	3,328125E+2	-3,815301E-4	3,328125E+2	-1,283427E-3	3,328125E+2	-2,048562E-5	3,328125E+2	-8,270354E-4	3,328125E+2	6,575161E-5	3,328125E+2	-1,134434E-3
3,343750E+2	-1,048218E-3	3,343750E+2	-1,495803E-3	3,343750E+2	-3,853934E-4	3,343750E+2	-1,230855E-3	3,343750E+2	-9,531357E-6	3,343750E+2	-8,109226E-4	3,343750E+2	7,488618E-5	3,343750E+2	-1,138666E-3
3,359375E+2	-1,050036E-3	3,359375E+2	-1,463487E-3	3,359375E+2	-3,801637E-4	3,359375E+2	-1,192615E-3	3,359375E+2	-4,688523E-7	3,359375E+2	-8,029053E-4	3,359375E+2	7,962462E-5	3,359375E+2	-1,155482E-3
3,375000E+2	-1,052729E-3	3,375000E+2	-1,430991E-3	3,375000E+2	-3,750546E-4	3,375000E+2	-1,152314E-3	3,375000E+2	8,940665E-6	3,375000E+2	-7,946177E-4	3,375000E+2	8,454797E-5	3,375000E+2	-1,172975E-3
3,390625E+2	-1,052805E-3	3,390625E+2	-1,395759E-3	3,390625E+2	-3,682736E-4	3,390625E+2	-1,121480E-3	3,390625E+2	2,059041E-5	3,390625E+2	-8,067274E-4	3,390625E+2	8,330093E-5	3,390625E+2	-1,185686E-3
3,406250E+2	-1,053653E-3	3,406250E+2	-1,360094E-3	3,406250E+2	-3,612577E-4	3,406250E+2	-1,089441E-3	3,406250E+2	3,262478E-5	3,406250E+2	-8,192803E-4	3,406250E+2	8,199965E-5	3,406250E+2	-1,198846E-3
3,421875E+2	-1,051608E-3	3,421875E+2	-1,323597E-3	3,421875E+2	-3,484646E-4	3,421875E+2	-1,071595E-3	3,421875E+2	3,869797E-5	3,421875E+2	-8,340813E-4	3,421875E+2	7,973798E-5	3,421875E+2	-1,223423E-3
3,437500E+2	-1,050199E-3	3,437500E+2	-1,286621E-3	3,437500E+2	-3,352311E-4	3,437500E+2	-1,053130E-3	3,437500E+2	4,499987E-5	3,437500E+2	-8,493983E-4	3,437500E+2	7,736761E-5	3,437500E+2	-1,248834E-3
3,453125E+2	-1,047704E-3	3,453125E+2	-1,248858E-3	3,453125E+2	-3,270458E-4	3,453125E+2	-1,038332E-3	3,453125E+2	5,337308E-5	3,453125E+2	-8,842877E-4	3,453125E+2	7,162733E-5	3,453125E+2	-1,272209E-3
3,468750E+2	-1,045676E-3	3,468750E+2	-1,210636E-3	3,468750E+2	-3,185836E-4	3,468750E+2	-1,023126E-3	3,468750E+2	6,209850E-5	3,468750E+2	-9,203112E-4	3,468750E+2	6,565139E-5	3,468750E+2	-1,296293E-3
3,484375E+2	-1,041136E-3	3,484375E+2	-1,172955E-3	3,484375E+2	-3,068584E-4	3,484375E+2	-1,023095E-3	3,484375E+2	6,303174E-5	3,484375E+2	-9,536581E-4	3,484375E+2	5,765573E-5	3,484375E+2	-1,319692E-3
3,500000E+2	-1,036953E-3	3,500000E+2	-1,134865E-3	3,500000E+2	-2,946839E-4	3,500000E+2	-1,023050E-3	3,500000E+2	6,398102E-5	3,500000E+2	-9,879798E-4	3,500000E+2	4,939592E-5	3,500000E+2	-1,343812E-3
3,515625E+2	-1,028761E-3	3,515625E+2	-1,098888E-3	3,515625E+2	-2,847031E-4	3,515625E+2	-1,041908E-3	3,515625E+2	6,086317E-5	3,515625E+2	-1,024783E-3	3,515625E+2	3,888177E-5	3,515625E+2	-1,365260E-3
3,531250E+2	-1,020789E-3	3,531250E+2	-1,062473E-3	3,531250E+2	-2,739656E-4	3,531250E+2	-1,061373E-3	3,531250E+2	5,765099E-5	3,531250E+2	-1,062635E-3	3,531250E+2	2,801642E-5	3,531250E+2	-1,387294E-3
3,546875E+2	-6,820359E-4	3,546875E+2	-2,539441E-3	3,546875E+2	-2,513336E-4	3,546875E+2	-1,155555E-3	3,546875E+2	5,350539E-5	3,546875E+2	-1,109319E-3	3,546875E+2	1,663109E-5	3,546875E+2	-1,407851E-3
3,562500E+2	4,227476E-4	3,562500E+2	-4,299868E-3	3,562500E+2	-2,250536E-4	3,562500E+2	-1,254531E-3	3,562500E+2	4,935356E-5	3,562500E+2	-1,157437E-3	3,562500E+2	4,879510E-6	3,562500E+2	-1,428980E-3
3,578125E+2	3,939527E-4	3,578125E+2	-4,283948E-3	3,578125E+2	-3,667634E-4	3,578125E+2	-2,280220E-3	3,578125E+2	4,271830E-5	3,578125E+2	-1,208118E-3	3,578125E+2	-9,708308E-6	3,578125E+2	-1,440713E-3
3,593750E+2	3,652154E-4	3,593750E+2	-4,268189E-3	3,593750E+2	-5,557140E-4	3,593750E+2	-3,612608E-3	3,593750E+2	3,597807E-5	3,593750E+2	-1,260354E-3	3,593750E+2	-2,475870E-5	3,593750E+2	-1,452674E-3
3,609375E+2	1,446215E-4	3,609375E+2	-2,702933E-3	3,609375E+2	-3,905249E-4	3,609375E+2	-2,390963E-3	3,609375E+2	1,920550E-5	3,609375E+2	-1,298816E-3	3,609375E+2	-9,929994E-4	3,609375E+2	-3,246130E-3
3,625000E+2	-1,014400E-3	3,625000E+2	-6,084782E-4	3,625000E+2	-1,640679E-4	3,625000E+2	-7,448626E-4	3,625000E+2	2,004895E-6	3,625000E+2	-1,338430E-3	3,625000E+2	-2,335574E-3	3,625000E+2	-5,765409E-3
3,640625E+2	-1,004068E-3	3,640625E+2	-5,865701E-4	3,640625E+2	-1,762334E-4	3,640625E+2	-7,020450E-4	3,640625E+2	-7,118743E-6	3,640625E+2	-1,394679E-3	3,640625E+2	-2,320471E-3	3,640625E+2	-5,725585E-3
3,656250E+2	-9,936313E-4	3,656250E+2	-5,643583E-4	3,656250E+2	-1,884772E-4	3,656250E+2	-6,596099E-4	3,656250E+2	-1,638747E-5	3,656250E+2	-1,452683E-3	3,656250E+2	-2,304462E-3	3,656250E+2	-5,684771E-3
3,671875E+2	-9,860364E-4	3,671875E+2	-5,419480E-4	3,671875E+2	-1,972824E-4	3,671875E+2	-6,273555E-4	3,671875E+2	-3,287785E-5	3,671875E+2	-1,496503E-3	3,671875E+2	-2,291397E-3	3,671875E+2	-5,648995E-3
3,687500E+2	-9,783768E-4	3,687500E+2	-5,192720E-4	3,687500E+2	-2,061217E-4	3,687500E+2	-5,953029E-4	3,687500E+2	-4,976769E-5	3,687500E+2	-1,541626E-3	3,687500E+2	-2,277376E-3	3,687500E+2	-5,612322E-3
3,703125E+2	-9,710180E-4	3,703125E+2	-4,969303E-4	3,703125E+2	-2,103271E-4	3,703125E+2	-5,703046E-4	3,703125E+2	-6,956478E-5	3,703125E+2	-1,575502E-3	3,703125E+2	-2,270158E-3	3,703125E+2	-5,567589E-3
3,718750E+2	-9,635898E-4	3,718750E+2	-4,743507E-4	3,718750E+2	-2,145389E-4	3,718750E+2	-5,453719E-4	3,718750E+2	-8,992454E-5	3,718750E+2	-1,610250E-3	3,718750E+2	-2,261915E-3	3,718750E+2	-5,521866E-3
3,734375E+2	-9,620796E-4	3,734375E+2	-4,443000E-4	3,734375E+2	-2,186984E-4	3,734375E+2	-5,263100E-4	3,734375E+2	-1,020660E-4	3,734375E+2	-1,646430E-3	3,734375E+2	-2,251476E-3	3,734375E+2	-5,471154E-3
3,750000E+2	-9,606265E-4	3,750000E+2	-4,140762E-4	3,750000E+2	-2,228361E-4	3,750000E+2	-5,072614E-4	3,750000E+2	-1,145883E-4	3,750000E+2	-1,683496E-3	3,750000E+2	-2,239786E-3	3,750000E+2	-5,419630E-3
3,765625E+2	-9,585027E-4	3,765625E+2	-3,821468E-4	3,765625E+2	-2,271448E-4	3,765625E+2	-4,914725E-4	3,765625E+2	-7,145501E-5	3,765625E+2	-1,755414E-3	3,765625E+2	-2,220444E-3	3,765625E+2	-5,361247E-3
3,781250E+2	-9,564532E-4	3,781250E+2	-3,500528E-4	3,781250E+2	-2,314089E-4	3,781250E+2	-4,756525E-4	3,781250E+2	-3,323087E-5	3,781250E+2	-1,585961E-3	3,781250E+2	-2,199518E-3	3,781250E+2	-5,302170E-3
3,796875E+2	-9,458676E-4	3,796875E+2	-3,194148E-4	3,796875E+2	-2,293365E-4	3,796875E+2	-4,662896E-4	3,796875E+2	-2,966451E-5	3,796875E+2	-1,619534E-3	3,796875E+2	-8,485225E-4	3,796875E+2	-3,460885E-3
3,812500E+2	-9,353413E-4	3,812500E+2	-2,884882E-4	3,812500E+2	-2,272188E-4	3,812500E+2	-4,568492E-4	3,812500E+2	-2,626830E-5	3,812500E+2	-1,653050E-3	3,812500E+2	9,834794E-4	3,812500E+2	-6,770015E-4
3,828125E+2	-9,386750E-4	3,828125E+2	-2,354399E-4	3,828125E+2	-2,298611E-4	3,828125E+2	-4,485770E-4	3,828125E+2	-2,991371E-5	3,828125E+2	-1,683842E-3	3,828125E+2	9,952022E-4	3,828125E+2	-6,564695E-4
3,843750E+2	-9,424682E-4	3,843750E+2	-1,821911E-4	3,843750E+2	-2,324383E-4	3,843750E+2	-4,402390E-4	3,843750E+2	-3,371120E-5	3,843750E+2	-1,714503E-3	3,843750E+2	1,006641E-3	3,843750E+2	-6,356122E-4
3,859375E+2	-9,371839E-4	3,859375E+2	-1,173583E-4	3,859375E+2	-2,353728E-4	3,859375E+2	-4,346027E-4	3,859375E+2	-4,058729E-5	3,859375E+2	-1,736479E-3	3,859375E+2	-2,043008E-4	3,859375E+2	-1,893905E-3
3,875000E+2	-9,328213E-4	3,875000E+2	-5,163916E-5	3,875000E+2	-2,382324E-4	3,875000E+2	-4,288988E-4	3,875000E+2	-4,761140E-5	3,875000E+2	-1,758246E-3	3,875000E+2	-1,507399E-3	3,875000E+2	-3,313776E-3
3,890625E+2	-7,160160E-4	3,890625E+2	-7,023745E-4	3,890625E+2	-2,378697E-4	3,890625E+2	-4,280663E-4	3,890625E+2	-5,776589E-5	3,890625E+2	-1,753715E-3	3,890625E+2	-1,897405E-3	3,890625E+2	-3,502427E-3
3,906250E+2	-4,183656E-4	3,906250E+2	-1,415784E-3	3,906250E+2	-2,374344E-4	3,906250E+2	-4,271373E-4	3,906250E+2	-6,804507E-5	3,906250E+2	-1,748938E-3	3,906250E+2	-2,285290E-3	3,906250E+2	-3,693591E-3
3,921875E+2	-2,507217E-4	3,921875E+2	-2,986394E-3	3,921875E+2	-2,416149E-4	3,921875E+2	-4,294188E-4	3,921875E+2	-6,876453E-5	3,921875E+2	-1,730997E-3	3,921875E+2	-2,483666E-3	3,921875E+2	-3,743003E-3
3,937500E+2	4,997502E-5	3,937500E+2	-4,771540E-3	3,937500E+2	-2,457132E-4	3,937500E+2	-4,315883E-4	3,937500E+2	-6,957376E-5	3,937500E+2	-1,712837E-3	3,937500E+2	-2,679807E-3	3,937500E+2	-3,793766E-3
3,953125E+2	2,585344E-5	3,953125E+2	-4,616024E-3	3,953125E+2	-2,481877E-4	3,953125E+2	-4,399726E-4	3,953125E+2	-5,840284E-5	3,953125E+2	-1,678693E-3	3,953125E+2	-2,867989E-3	3,953125E+2	-3,788521E-3
3,968750E+2	6,683484E-7	3,968750E+2	-4,459879E-3	3,968750E+2	-2,505836E-4	3,968750E+2	-4,482082E-4	3,968750E+2	-4,734668E-5	3,968750E+2	-1,644442E-3	3,968750E+2	-3,054044E-3	3,968750E+2	-3,784944E-3
3,984375E+2	-1,303063E-5	3,984375E+2	-4,351496E-3	3,984375E+2	-2,021157E-4	3,984375E+2	-2,014433E-3	3,984375E+2	-5,943526E-4	3,984375E+2	-3,106216E-3	3,984375E+2	-3,200166E-3	3,984375E+2	-3,721205E-3
4,000000E+2	-2,747045E-5	4,000000E+2	-4,242687E-3	4,000000E+2	-5,307643E-5	4,000000E+2	-3,864271E-3	4,000000E+2	-1,133937E-3	4,000000E+2	-4,655146E-3	4,000000E+2	-3,343841E-3	4,000000E+2	-3,659416E-3
4,015625E+2	-1,661630E-4	4,015625E+2	-2,853008E-3	4,015625E+2	-5,031471E-5	4,015625E+2	-3,834838E-3	4,015625E+2	-1,710609E-3	4,015625E+2	-5,756716E-3	4,015625E+2	-3,178567E-3	4,015625E+2	-3,481022E-3
4,031250E+2	-3,968679E-4	4,031250E+2	-1,307589E-3	4,031250E+2	-4,763840E-5	4,031250E+2	-3,805054E-3	4,031250E+2	-2,261108E-3	4,031250E+2	-6,876518E-3	4,031250E+2	-3,006253E-3	4,031250E+2	-3,294882E-3
4,046875E+2	-3,864026E-4	4,046875E+2	-1,258482E-3	4,046875E+2	-4,797031E-5	4,046875E+2	-3,786414E-3	4,046875E+2	-2,388336E-3	4,046875E+2	-7,065903E-3	4,046875E+2	-3,000373E-3	4,046875E+2	-3,044159E-3
4,062500E+2	-3,760696E-4	4,062500E+2	-1,209525E-3	4,062500E+2	-4,831494E-5	4,062500E+2	-3,767309E-3	4,062500E+2	-2,510881E-3	4,062500E+2	-7,252545E-3	4,062500E+2	-2,991092E-3	4,062500E+2	-2,801168E-3
4,078125E+2	-3,701207E-4	4,078125E+2	-1,164548E-3	4,078125E+2	-6,440078E-5	4,078125E+2	-2,994157E-3	4,078125E+2	-2,585026E-3	4,078125E+2	-7,386565E-3	4,078125E+2	-2,867063E-3	4,078125E+2	-2,674091E-3
4,093750E+2	-3,642512E-4	4,093750E+2	-1,119756E-3	4,093750E+2	-1,075084E-4	4,093750E+2	-2,145889E-3	4,093750E+2	-2,655782E-3	4,093750E+2	-7,517859E-3	4,093750E+2	-2,744609E-3	4,093750E+2	-2,546739E-3
4,109375E+2	-3,583368E-4	4,109375E+2	-1,076511E-3	4,109375E+2	-1,127036E-4	4,109375E+2	-2,105390E-3	4,109375E+2	-1,839087E-3	4,109375E+2	-5,728951E-3	4,109375E+2	-2,685614E-3	4,109375E+2	-2,431903E-3
4,125000E+2	-3,524750E-4	4,125000E+2	-1,033476E-3	4,125000E+2	-1,178853E-4	4,125000E+2	-2,064897E-3	4,125000E+2	-1,063512E-3	4,125000E+2	-3,772228E-3	4,125000E+2	-2,629730E-3	4,125000E+2	-2,318226E-3
4,140625E+2	-3,543435E-4	4,140625E+2	-9,793539E-4	4,140625E+2	-1,213956E-4	4,140625E+2	-2,024754E-3	4,140625E+2	-9,860706E-4	4,140625E+2	-3,596626E-3	4,140625E+2	-2,783564E-3	4,140625E+2	-1,551418E-3
4,156250E+2	-3,561793E-4	4,156250E+2	-9,256225E-4	4,156250E+2	-1,249150E-4	4,156250E+2	-1,984629E-3	4,156250E+2	-9,140229E-4	4,156250E+2	-3,419770E-3	4,156250E+2	-3,046044E-3	4,156250E+2	-8,484135E-4
4,171875E+2	-3,866812E-4	4,171875E+2	-8,309100E-4	4,171875E+2	-1,278983E-4	4,171875E+2	-1,946645E-3	4,171875E+2	-8,649708E-4	4,171875E+2	-3,352127E-3	4,171875E+2	-2,844198E-3	4,171875E+2	-8,659719E-4
4,187500E+2	-4,170379E-4	4,187500E+2	-7,372483E-4	4,187500E+2	-1,308573E-4	4,187500E+2	-1,908683E-3	4,187500E+2	-8,192911E-4	4,187500E+2	-3,282116E-3	4,187500E+2	-2,642698E-3	4,187500E+2	-8,779377E-4
4,203125E+2	-4,087629E-4	4,203125E+2	-7,079752E-4	4,203125E+2	-1,326182E-4	4,203125E+2	-1,872070E-3	4,203125E+2	-8,583381E-4	4,203125E+2	-3,256718E-3	4,203125E+2	-2,478885E-3	4,203125E+2	-9,472063E-4
4,218750E+2	-4,005545E-4	4,218750E+2	-6,787714E-4	4,218750E+2	-1,343556E-4	4,218750E+2	-1,835500E-3	4,218750E+2	-8,966983E-4	4,218750E+2	-3,231419E-3	4,218750E+2	-2,313598E-3	4,218750E+2	-1,011259E-3
4,234375E+2	-3,600359E-4	4,234375E+2	-9,456896E-4	4,234375E+2	-1,547566E-4	4,234375E+2	-1,792579E-3	4,234375E+2	-9,726351E-4	4,234375E+2	-3,217694E-3	4,234375E+2	-2,121539E-3	4,234375E+2	-1,077561E-3
4,250000E+2	-3,163973E-4	4,250000E+2	-1,210825E-3	4,250000E+2	-1,748860E-4	4,250000E+2	-1,749850E-3	4,250000E+2	-1,046434E-3	4,250000E+2	-3,204956E-3	4,250000E+2	-1,927139E-3	4,250000E+2	-1,136807E-3
4,265625E+2	-2,349826E-4	4,265625E+2	-2,077044E-3	4,265625E+2	-1,823025E-4	4,265625E+2	-1,721274E-3	4,265625E+2	-1,148648E-3	4,265625E+2	-3,254288E-3	4,265625E+2	-2,876157E-3	4,265625E+2	-1,841400E-3
4,281250E+2	-1,359541E-4	4,281250E+2	-2,941456E-3	4,281250E+2	-1,895800E-4	4,281250E+2	-1,692709E-3	4,281250E+2	-1,244432E-3	4,281250E+2	-3,303422E-3	4,281250E+2	-3,724353E-3	4,281250E+2	-2,884918E-3
4,296875E+2	-1,474642E-4	4,296875E+2	-3,030281E-3	4,296875E+2	-1,802112E-4	4,296875E+2	-1,671772E-3	4,296875E+2	-1,360349E-3	4,296875E+2	-3,410498E-3	4,296875E+2	-3,709043E-3	4,296875E+2	-2,774281E-3
4,312500E+2	-1,584061E-4	4,312500E+2	-3,116840E-3	4,312500E+2	-1,709677E-4	4,312500E+2	-1,650740E-3	4,312500E+2	-1,463912E-3	4,312500E+2	-3,517548E-3	4,312500E+2	-3,694265E-3	4,312500E+2	-2,664107E-3
4,328125E+2	-2,153619E-4	4,328125E+2	-2,734194E-3	4,328125E+2	-2,232947E-4	4,328125E+2	-1,072329E-3	4,328125E+2	-1,513579E-3	4,328125E+2	-3,555944E-3	4,328125E+2	-2,720074E-3	4,328125E+2	-2,288510E-3
4,343750E+2	-2,766743E-4	4,343750E+2	-2,352931E-3	4,343750E+2	-2,863673E-4	4,343750E+2	-4,787213E-4	4,343750E+2	-1,556441E-3	4,343750E+2	-3,595204E-3	4,343750E+2	-1,765480E-3	4,343750E+2	-1,784473E-3
4,359375E+2	-3,380716E-4	4,359375E+2	-1,731625E-3	4,359375E+2	-2,096282E-4	4,359375E+2	-2,014073E-3	4,359375E+2	-1,542950E-3	4,359375E+2	-3,544679E-3	4,359375E+2	-1,748122E-3	4,359375E+2	-1,758616E-3
4,375000E+2	-4,096096E-4	4,375000E+2	-1,115656E-3	4,375000E+2	-7,750871E-5	4,375000E+2	-3,545595E-3	4,375000E+2	-1,531338E-3	4,375000E+2	-3,493604E-3	4,375000E+2	-1,730862E-3	4,375000E+2	-1,732392E-3
4,390625E+2	-4,143482E-4	4,390625E+2	-1,046994E-3	4,390625E+2	-8,299008E-5	4,390625E+2	-3,517676E-3	4,390625E+2	-1,630060E-3	4,390625E+2	-3,463640E-3	4,390625E+2	-1,712981E-3	4,390625E+2	-1,705366E-3
4,406250E+2	-4,191068E-4	4,406250E+2	-9,795703E-4	4,406250E+2	-8,834056E-5	4,406250E+2	-3,489332E-3	4,406250E+2	-1,723564E-3	4,406250E+2	-3,441362E-3	4,406250E+2	-1,695205E-3	4,406250E+2	-1,677988E-3
4,421875E+2	-4,147163E-4	4,421875E+2	-9,243141E-4	4,421875E+2	-8,388647E-5	4,421875E+2	-3,449673E-3	4,421875E+2	-1,825499E-3	4,421875E+2	-3,412233E-3	4,421875E+2	-1,668775E-3	4,421875E+2	-1,648582E-3
4,437500E+2	-4,104553E-4	4,437500E+2	-8,700298E-4	4,437500E+2	-7,954494E-5	4,437500E+2	-3,409868E-3	4,437500E+2	-1,924406E-3	4,437500E+2	-3,390979E-3	4,437500E+2	-1,642640E-3	4,437500E+2	-1,618835E-3
4,453125E+2	-3,300688E-4	4,453125E+2	-1,889306E-3	4,453125E+2	-1,159762E-4	4,453125E+2	-1,940656E-3	4,453125E+2	-2,018923E-3	4,453125E+2	-3,362725E-3	4,453125E+2	-1,609769E-3	4,453125E+2	-1,589038E-3
4,468750E+2	-2,275383E-4	4,468750E+2	-2,859465E-3	4,468750E+2	-2,066567E-4	4,468750E+2	-5,152588E-4	4,468750E+2	-2,112181E-3	4,468750E+2	-3,340738E-3	4,468750E+2	-1,577314E-3	4,468750E+2	-1,558875E-3
4,484375E+2	-2,261957E-4	4,484375E+2	-2,592019E-3	4,484375E+2	-2,078512E-4	4,484375E+2	-5,535454E-4	4,484375E+2	-2,219033E-3	4,484375E+2	-3,312171E-3	4,484375E+2	-1,527455E-3	4,484375E+2	-1,533348E-3
4,500000E+2	-2,275453E-4	4,500000E+2	-2,331391E-3	4,500000E+2	-2,088846E-4	4,500000E+2	-5,906951E-4	4,500000E+2	-2,325062E-3	4,500000E+2	-3,289731E-3	4,500000E+2	-1,478361E-3	4,500000E+2	-1,507237E-3
4,515625E+2	-2,393788E-4	4,515625E+2	-2,122396E-3	4,515625E+2	-1,986274E-4	4,515625E+2	-7,977429E-4	4,515625E+2	-2,348973E-3	4,515625E+2	-2,344319E-3	4,515625E+2	-1,153979E-3	4,515625E+2	-1,622205E-3
4,531250E+2	-2,522234E-4	4,531250E+2	-1,919688E-3	4,531250E+2	-1,874766E-4	4,531250E+2	-9,967731E-4	4,531250E+2	-3,016238E-3	4,531250E+2	-1,313680E-3	4,531250E+2	-8,357853E-4	4,531250E+2	-1,728924E-3
4,546875E+2	-2,651302E-4	4,546875E+2	-1,838443E-3	4,546875E+2	-1,699373E-4	4,546875E+2	-1,423052E-3	4,546875E+2	-2,684691E-3	4,546875E+2	-1,739779E-3	4,546875E+2	-6,904368E-4	4,546875E+2	-1,834216E-3
4,562500E+2	-2,779201E-4	4,562500E+2	-1,759295E-3	4,562500E+2	-1,490693E-4	4,562500E+2	-1,824070E-3	4,562500E+2	-2,303046E-3	4,562500E+2	-2,175908E-3	4,562500E+2	-5,491565E-4	4,562500E+2	-1,934651E-3
4,578125E+2	-2,789768E-4	4,578125E+2	-1,949019E-3	4,578125E+2	-1,348738E-4	4,578125E+2	-1,987331E-3	4,578125E+2	-2,303230E-3	4,578125E+2	-2,289174E-3	4,578125E+2	-5,022534E-4	4,578125E+2	-1,976835E-3
4,593750E+2	-2,777690E-4	4,593750E+2	-2,129159E-3	4,593750E+2	-1,202139E-4	4,593750E+2	-2,142197E-3	4,593750E+2	-2,302745E-3	4,593750E+2	-2,405099E-3	4,593750E+2	-4,569548E-4	4,593750E+2	-2,016686E-3
4,609375E+2	-2,503671E-4	4,609375E+2	-2,393459E-3	4,609375E+2	-1,009353E-4	4,609375E+2	-2,234797E-3	4,609375E+2	-2,342594E-3	4,609375E+2	-2,450931E-3	4,609375E+2	-4,725543E-4	4,609375E+2	-2,014395E-3
4,625000E+2	-2,204446E-4	4,625000E+2	-2,638124E-3	4,625000E+2	-8,180699E-5	4,625000E+2	-2,321709E-3	4,625000E+2	-2,383065E-3	4,625000E+2	-2,497864E-3	4,625000E+2	-4,881949E-4	4,625000E+2	-2,011213E-3
4,640625E+2	-2,228323E-4	4,640625E+2	-2,524657E-3	4,640625E+2	-7,053714E-5	4,640625E+2	-2,261234E-3	4,640625E+2	-2,452526E-3	4,640625E+2	-2,537124E-3	4,640625E+2	-6,537338E-4	4,640625E+2	-1,901813E-3
4,656250E+2	-2,263672E-4	4,656250E+2	-2,415365E-3	4,656250E+2	-6,027717E-5	4,656250E+2	-2,202387E-3	4,656250E+2	-2,523240E-3	4,656250E+2	-2,576888E-3	4,656250E+2	-8,146474E-4	4,656250E+2	-1,795741E-3
4,671875E+2	-2,341125E-4	4,671875E+2	-2,317636E-3	4,671875E+2	-7,085859E-5	4,671875E+2	-2,145407E-3	4,671875E+2	-2,615114E-3	4,671875E+2	-2,538370E-3	4,671875E+2	-9,222229E-4	4,671875E+2	-1,664236E-3
4,687500E+2	-2,423906E-4	4,687500E+2	-2,224089E-3	4,687500E+2	-8,128481E-5	4,687500E+2	-2,090671E-3	4,687500E+2	-2,708204E-3	4,687500E+2	-2,497498E-3	4,687500E+2	-1,026170E-3	4,687500E+2	-1,538047E-3
4,703125E+2	-2,520591E-4	4,703125E+2	-2,148401E-3	4,703125E+2	-8,272800E-5	4,703125E+2	-2,094790E-3	4,703125E+2	-2,722735E-3	4,703125E+2	-2,315404E-3	4,703125E+2	-1,005683E-3	4,703125E+2	-1,496228E-3
4,718750E+2	-2,617744E-4	4,718750E+2	-2,076210E-3	4,718750E+2	-8,392113E-5	4,718750E+2	-2,097265E-3	4,718750E+2	-2,734471E-3	4,718750E+2	-2,128619E-3	4,718750E+2	-9,859218E-4	4,718750E+2	-1,455315E-3
4,734375E+2	-2,676148E-4	4,734375E+2	-2,018686E-3	4,734375E+2	-7,071100E-5	4,734375E+2	-2,109308E-3	4,734375E+2	-2,582730E-3	4,734375E+2	-1,948881E-3	4,734375E+2	-9,566302E-4	4,734375E+2	-1,440538E-3
4,750000E+2	-2,736242E-4	4,750000E+2	-1,963876E-3	4,750000E+2	-5,807870E-5	4,750000E+2	-2,119033E-3	4,750000E+2	-2,427292E-3	4,750000E+2	-1,770654E-3	4,750000E+2	-9,283539E-4	4,750000E+2	-1,425358E-3
4,765625E+2	-2,679542E-4	4,765625E+2	-1,909282E-3	4,765625E+2	-4,520374E-5	4,765625E+2	-2,149107E-3	4,765625E+2	-2,286186E-3	4,765625E+2	-1,701422E-3	4,765625E+2	-9,286263E-4	4,765625E+2	-1,397650E-3
4,781250E+2	-2,632352E-4	4,781250E+2	-1,857743E-3	4,781250E+2	-3,267651E-5	4,781250E+2	-2,174966E-3	4,781250E+2	-2,146316E-3	4,781250E+2	-1,634796E-3	4,781250E+2	-9,282989E-4	4,781250E+2	-1,370414E-3
4,796875E+2	-2,475049E-4	4,796875E+2	-1,860899E-3	4,796875E+2	-4,039472E-5	4,796875E+2	-2,205019E-3	4,796875E+2	-2,070160E-3	4,796875E+2	-1,619266E-3	4,796875E+2	-9,375258E-4	4,796875E+2	-1,344437E-3
4,812500E+2	-2,327249E-4	4,812500E+2	-1,862577E-3	4,812500E+2	-4,694656E-5	4,812500E+2	-2,230074E-3	4,812500E+2	-1,996271E-3	4,812500E+2	-1,604712E-3	4,812500E+2	-9,453708E-4	4,812500E+2	-1,319017E-3
4,828125E+2	-2,176315E-4	4,828125E+2	-1,919560E-3	4,828125E+2	-7,893315E-5	4,828125E+2	-2,222857E-3	4,828125E+2	-2,007299E-3	4,828125E+2	-1,591662E-3	4,828125E+2	-9,281841E-4	4,828125E+2	-1,309214E-3
4,843750E+2	-2,025016E-4	4,843750E+2	-1,970009E-3	4,843750E+2	-1,079190E-4	4,843750E+2	-2,214073E-3	4,843750E+2	-2,018832E-3	4,843750E+2	-1,577592E-3	4,843750E+2	-9,113635E-4	4,843750E+2	-1,298880E-3
4,859375E+2	-1,981729E-4	4,859375E+2	-2,033699E-3	4,859375E+2	-1,423532E-4	4,859375E+2	-2,187661E-3	4,859375E+2	-2,052353E-3	4,859375E+2	-1,536458E-3	4,859375E+2	-8,810155E-4	4,859375E+2	-1,302256E-3
4,875000E+2	-1,925261E-4	4,875000E+2	-2,089236E-3	4,875000E+2	-1,735787E-4	4,875000E+2	-2,161960E-3	4,875000E+2	-2,084259E-3	4,875000E+2	-1,494547E-3	4,875000E+2	-8,518833E-4	4,875000E+2	-1,304075E-3
4,890625E+2	-2,007190E-4	4,890625E+2	-2,199900E-3	4,890625E+2	-1,940665E-4	4,890625E+2	-2,163736E-3	4,890625E+2	-2,077437E-3	4,890625E+2	-1,451415E-3	4,890625E+2	-8,138020E-4	4,890625E+2	-1,311684E-3
4,906250E+2	-2,050243E-4	4,906250E+2	-2,295510E-3	4,906250E+2	-2,123939E-4	4,906250E+2	-2,163702E-3	4,906250E+2	-2,070003E-3	4,906250E+2	-1,408441E-3	4,906250E+2	-7,775991E-4	4,906250E+2	-1,317415E-3
4,921875E+2	-2,196692E-4	4,921875E+2	-2,359649E-3	4,921875E+2	-2,123560E-4	4,921875E+2	-2,212912E-3	4,921875E+2	-2,032760E-3	4,921875E+2	-1,378587E-3	4,921875E+2	-7,463962E-4	4,921875E+2	-1,315009E-3
4,937500E+2	-2,301214E-4	4,937500E+2	-2,413267E-3	4,937500E+2	-2,108701E-4	4,937500E+2	-2,255056E-3	4,937500E+2	-1,996381E-3	4,937500E+2	-1,349003E-3	4,937500E+2	-7,167625E-4	4,937500E+2	-1,311478E-3
4,953125E+2	-2,290639E-4	4,953125E+2	-2,372931E-3	4,953125E+2	-1,884536E-4	4,953125E+2	-2,323107E-3	4,953125E+2	-1,769794E-3	4,953125E+2	-1,327247E-3	4,953125E+2	-6,925218E-4	4,953125E+2	-1,327848E-3
4,968750E+2	-2,277731E-4	4,968750E+2	-2,334476E-3	4,968750E+2	-1,659653E-4	4,968750E+2	-2,379400E-3	4,968750E+2	-1,555834E-3	4,968750E+2	-1,309190E-3	4,968750E+2	-6,692669E-4	4,968750E+2	-1,341428E-3
4,984375E+2	-2,034378E-4	4,984375E+2	-2,270877E-3	4,984375E+2	-1,532431E-4	4,984375E+2	-2,396180E-3	4,984375E+2	-1,606878E-3	4,984375E+2	-1,295942E-3	4,984375E+2	-6,488453E-4	4,984375E+2	-1,379418E-3
5,000000E+2	-1,823166E-4	5,000000E+2	-2,211837E-3	5,000000E+2	-1,401102E-4	5,000000E+2	-2,406130E-3	5,000000E+2	-1,654286E-3	5,000000E+2	-1,280494E-3	5,000000E+2	-6,290086E-4	5,000000E+2	-1,412234E-3
5,015625E+2	-1,702427E-4	5,015625E+2	-2,244415E-3	5,015625E+2	-1,425169E-4	5,015625E+2	-2,335432E-3	5,015625E+2	-1,587602E-3	5,015625E+2	-1,272744E-3	5,015625E+2	-6,150532E-4	5,015625E+2	-1,450781E-3
5,031250E+2	-1,568027E-4	5,031250E+2	-2,268285E-3	5,031250E+2	-1,452126E-4	5,031250E+2	-2,272072E-3	5,031250E+2	-1,524518E-3	5,031250E+2	-1,264401E-3	5,031250E+2	-6,010878E-4	5,031250E+2	-1,483409E-3
5,046875E+2	-1,614228E-4	5,046875E+2	-2,276687E-3	5,046875E+2	-1,498334E-4	5,046875E+2	-2,242147E-3	5,046875E+2	-1,487393E-3	5,046875E+2	-1,255244E-3	5,046875E+2	-5,916558E-4	5,046875E+2	-1,507041E-3
5,062500E+2	-1,637747E-4	5,062500E+2	-2,281259E-3	5,062500E+2	-1,532948E-4	5,062500E+2	-2,212996E-3	5,062500E+2	-1,452178E-3	5,062500E+2	-1,245171E-3	5,062500E+2	-5,819008E-4	5,062500E+2	-1,526042E-3
5,078125E+2	-1,702787E-4	5,078125E+2	-2,274983E-3	5,078125E+2	-1,555380E-4	5,078125E+2	-2,215405E-3	5,078125E+2	-1,439115E-3	5,078125E+2	-1,228129E-3	5,078125E+2	-5,772961E-4	5,078125E+2	-1,543285E-3
5,093750E+2	-1,749537E-4	5,093750E+2	-2,266628E-3	5,093750E+2	-1,563087E-4	5,093750E+2	-2,214271E-3	5,093750E+2	-1,426239E-3	5,093750E+2	-1,210413E-3	5,093750E+2	-5,719381E-4	5,093750E+2	-1,556818E-3
5,109375E+2	-1,814613E-4	5,109375E+2	-2,235433E-3	5,109375E+2	-1,576677E-4	5,109375E+2	-2,220055E-3	5,109375E+2	-1,414401E-3	5,109375E+2	-1,186226E-3	5,109375E+2	-5,642075E-4	5,109375E+2	-1,586553E-3
5,125000E+2	-1,872472E-4	5,125000E+2	-2,205767E-3	5,125000E+2	-1,572818E-4	5,125000E+2	-2,221705E-3	5,125000E+2	-1,402559E-3	5,125000E+2	-1,161984E-3	5,125000E+2	-5,556039E-4	5,125000E+2	-1,611036E-3
5,140625E+2	-1,938265E-4	5,140625E+2	-2,145465E-3	5,140625E+2	-1,627826E-4	5,140625E+2	-2,222237E-3	5,140625E+2	-1,376663E-3	5,140625E+2	-1,152486E-3	5,140625E+2	-5,314006E-4	5,140625E+2	-1,654825E-3
5,156250E+2	-2,015303E-4	5,156250E+2	-2,093020E-3	5,156250E+2	-1,652477E-4	5,156250E+2	-2,219253E-3	5,156250E+2	-1,351903E-3	5,156250E+2	-1,141981E-3	5,156250E+2	-5,074048E-4	5,156250E+2	-1,690887E-3
5,171875E+2	-2,243109E-4	5,171875E+2	-2,119747E-3	5,171875E+2	-1,624338E-4	5,171875E+2	-2,229024E-3	5,171875E+2	-1,318874E-3	5,171875E+2	-1,154175E-3	5,171875E+2	-4,830558E-4	5,171875E+2	-1,721806E-3
5,187500E+2	-2,358552E-4	5,187500E+2	-2,137089E-3	5,187500E+2	-1,561835E-4	5,187500E+2	-2,231287E-3	5,187500E+2	-1,287680E-3	5,187500E+2	-1,163458E-3	5,187500E+2	-4,587552E-4	5,187500E+2	-1,745596E-3
5,203125E+2	-2,616310E-4	5,203125E+2	-2,187031E-3	5,203125E+2	-1,653066E-4	5,203125E+2	-2,258384E-3	5,203125E+2	-1,246641E-3	5,203125E+2	-1,193812E-3	5,203125E+2	-4,426550E-4	5,203125E+2	-1,754548E-3
5,218750E+2	-2,709083E-4	5,218750E+2	-2,222893E-3	5,218750E+2	-1,644357E-4	5,218750E+2	-2,273000E-3	5,218750E+2	-1,208319E-3	5,218750E+2	-1,219327E-3	5,218750E+2	-4,260868E-4	5,218750E+2	-1,758652E-3
5,234375E+2	-2,871734E-4	5,234375E+2	-2,257895E-3	5,234375E+2	-1,776653E-4	5,234375E+2	-2,329973E-3	5,234375E+2	-1,162777E-3	5,234375E+2	-1,257422E-3	5,234375E+2	-4,189606E-4	5,234375E+2	-1,749260E-3
5,250000E+2	-2,896608E-4	5,250000E+2	-2,283563E-3	5,250000E+2	-1,708736E-4	5,250000E+2	-2,365026E-3	5,250000E+2	-1,120343E-3	5,250000E+2	-1,289379E-3	5,250000E+2	-4,110944E-4	5,250000E+2	-1,738131E-3
5,265625E+2	-2,925144E-4	5,265625E+2	-2,297886E-3	5,265625E+2	-1,824253E-4	5,265625E+2	-2,345280E-3	5,265625E+2	-1,080036E-3	5,265625E+2	-1,316707E-3	5,265625E+2	-4,013834E-4	5,265625E+2	-1,734934E-3
5,281250E+2	-2,859824E-4	5,281250E+2	-2,307034E-3	5,281250E+2	-1,825971E-4	5,281250E+2	-2,327724E-3	5,281250E+2	-1,042294E-3	5,281250E+2	-1,338490E-3	5,281250E+2	-3,909595E-4	5,281250E+2	-1,729071E-3
5,296875E+2	-2,871943E-4	5,296875E+2	-2,293275E-3	5,296875E+2	-1,239578E-3	5,296875E+2	-2,336987E-3	5,296875E+2	-1,014528E-3	5,296875E+2	-1,351096E-3	5,296875E+2	-3,822611E-4	5,296875E+2	-1,738460E-3
5,312500E+2	-2,814434E-4	5,312500E+2	-2,281864E-3	5,312500E+2	4,664213E-4	5,312500E+2	-3,807287E-3	5,312500E+2	-9,879711E-4	5,312500E+2	-1,359356E-3	5,312500E+2	-3,714478E-4	5,312500E+2	-1,742928E-3
5,328125E+2	-1,386142E-3	5,328125E+2	-2,748322E-3	5,328125E+2	4,437522E-4	5,328125E+2	-3,703856E-3	5,328125E+2	-9,645279E-4	5,328125E+2	-1,367184E-3	5,328125E+2	-3,716056E-4	5,328125E+2	-1,785241E-3
5,343750E+2	4,146323E-4	5,343750E+2	-4,465024E-3	5,343750E+2	4,080072E-4	5,343750E+2	-3,619422E-3	5,343750E+2	-9,417731E-4	5,343750E+2	-1,370881E-3	5,343750E+2	-3,640473E-4	5,343750E+2	-1,816345E-3
5,359375E+2	4,187700E-4	5,359375E+2	-4,388246E-3	5,359375E+2	3,912193E-4	5,359375E+2	-3,544524E-3	5,359375E+2	-9,292950E-4	5,359375E+2	-1,367000E-3	5,359375E+2	-3,717820E-4	5,359375E+2	-1,828656E-3
5,375000E+2	4,072064E-4	5,375000E+2	-4,326464E-3	5,375000E+2	3,626280E-4	5,375000E+2	-3,480830E-3	5,375000E+2	-9,163185E-4	5,375000E+2	-1,360703E-3	5,375000E+2	-3,732660E-4	5,375000E+2	-1,836440E-3
5,390625E+2	4,162748E-4	5,390625E+2	-4,319102E-3	5,390625E+2	3,495258E-4	5,390625E+2	-3,421776E-3	5,390625E+2	-9,181204E-4	5,390625E+2	-1,342429E-3	5,390625E+2	-3,845369E-4	5,390625E+2	-1,817173E-3
5,406250E+2	4,128648E-4	5,406250E+2	-4,332346E-3	5,406250E+2	3,252829E-4	5,406250E+2	-3,368561E-3	5,406250E+2	-9,178858E-4	5,406250E+2	-1,324396E-3	5,406250E+2	-3,920798E-4	5,406250E+2	-1,799891E-3
5,421875E+2	1,100848E-3	5,421875E+2	-3,852584E-3	5,421875E+2	8,312847E-4	5,421875E+2	-3,232426E-3	5,421875E+2	-9,181778E-4	5,421875E+2	-1,309080E-3	5,421875E+2	-4,020728E-4	5,421875E+2	-1,764880E-3
5,437500E+2	-1,460550E-4	5,437500E+2	-2,637796E-3	5,437500E+2	-4,407212E-5	5,437500E+2	-2,154338E-3	5,437500E+2	-9,164441E-4	5,437500E+2	-1,294117E-3	5,437500E+2	-4,095758E-4	5,437500E+2	-1,735287E-3
5,453125E+2	-1,536260E-4	5,453125E+2	-2,636804E-3	5,453125E+2	-5,113604E-5	5,453125E+2	-2,153756E-3	5,453125E+2	-9,132117E-4	5,453125E+2	-1,280034E-3	5,453125E+2	-5,520764E-4	5,453125E+2	-2,211034E-3
5,468750E+2	-1,617696E-4	5,468750E+2	-2,636560E-3	5,468750E+2	-5,853179E-5	5,468750E+2	-2,153077E-3	5,468750E+2	-9,083116E-4	5,468750E+2	-1,266318E-3	5,468750E+2	-2,159520E-4	5,468750E+2	-2,530048E-3
5,484375E+2	-1,483389E-4	5,484375E+2	-2,636676E-3	5,484375E+2	-6,574401E-5	5,484375E+2	-2,151803E-3	5,484375E+2	-8,925626E-4	5,484375E+2	-1,266745E-3	5,484375E+2	-2,686537E-4	5,484375E+2	-2,844122E-3
5,500000E+2	-1,342100E-4	5,500000E+2	-2,637567E-3	5,500000E+2	-7,328878E-5	5,500000E+2	-2,150465E-3	5,500000E+2	-8,760414E-4	5,500000E+2	-1,264931E-3	5,500000E+2	2,552032E-4	5,500000E+2	-3,344340E-3
5,515625E+2	-1,213844E-4	5,515625E+2	-2,636070E-3	5,515625E+2	-4,898938E-5	5,515625E+2	-2,368272E-3	5,515625E+2	-8,381713E-4	5,515625E+2	-1,318835E-3	5,515625E+2	8,487147E-4	5,515625E+2	-2,961093E-3
5,531250E+2	-1,081088E-4	5,531250E+2	-2,634559E-3	5,531250E+2	1,319441E-5	5,531250E+2	-2,756368E-3	5,531250E+2	-7,984085E-4	5,531250E+2	-1,359719E-3	5,531250E+2	2,531676E-4	5,531250E+2	-2,084457E-3
5,546875E+2	-2,484010E-4	5,546875E+2	-2,678788E-3	5,546875E+2	1,447514E-5	5,546875E+2	-2,754995E-3	5,546875E+2	-7,170711E-4	5,546875E+2	-1,517141E-3	5,546875E+2	2,414623E-4	5,546875E+2	-2,100660E-3
5,562500E+2	-4,282825E-4	5,562500E+2	-2,736155E-3	5,562500E+2	1,569029E-5	5,562500E+2	-2,752999E-3	5,562500E+2	-6,254150E-4	5,562500E+2	-1,626975E-3	5,562500E+2	2,320465E-4	5,562500E+2	-2,118390E-3
5,578125E+2	-2,745224E-4	5,578125E+2	-2,619767E-3	5,578125E+2	1,377757E-5	5,578125E+2	-2,745670E-3	5,578125E+2	-5,977951E-4	5,578125E+2	-1,694839E-3	5,578125E+2	2,140881E-4	5,578125E+2	-2,137968E-3
5,593750E+2	-2,553549E-5	5,593750E+2	-2,454216E-3	5,593750E+2	1,159085E-5	5,593750E+2	-2,737237E-3	5,593750E+2	-5,581869E-4	5,593750E+2	-1,743297E-3	5,593750E+2	1,983141E-4	5,593750E+2	-2,159130E-3
5,609375E+2	-2,075369E-5	5,609375E+2	-2,489109E-3	5,609375E+2	8,939601E-6	5,609375E+2	-2,730519E-3	5,609375E+2	-5,778383E-4	5,609375E+2	-1,727658E-3	5,609375E+2	1,755534E-4	5,609375E+2	-2,174677E-3
5,625000E+2	-1,414551E-5	5,625000E+2	-2,528182E-3	5,625000E+2	6,165869E-6	5,625000E+2	-2,722871E-3	5,625000E+2	-5,898696E-4	5,625000E+2	-1,714598E-3	5,625000E+2	1,543472E-4	5,625000E+2	-2,191963E-3
5,640625E+2	-1,843324E-4	5,640625E+2	-2,564168E-3	5,640625E+2	2,744373E-5	5,640625E+2	-2,638392E-3	5,640625E+2	-8,798222E-4	5,640625E+2	-2,764541E-3	5,640625E+2	1,291297E-4	5,640625E+2	-2,200955E-3
5,656250E+2	-3,383601E-4	5,656250E+2	-2,633252E-3	5,656250E+2	6,517944E-5	5,656250E+2	-2,508743E-3	5,656250E+2	5,109780E-4	5,656250E+2	-3,238489E-3	5,656250E+2	1,047875E-4	5,656250E+2	-2,211995E-3
5,671875E+2	-3,141821E-4	5,671875E+2	-2,642286E-3	5,671875E+2	4,747477E-5	5,671875E+2	-2,500775E-3	5,671875E+2	4,771554E-4	5,671875E+2	-3,110471E-3	5,671875E+2	8,024856E-5	5,671875E+2	-2,213986E-3
5,687500E+2	-2,890877E-4	5,687500E+2	-2,652481E-3	5,687500E+2	2,932722E-5	5,687500E+2	-2,492617E-3	5,687500E+2	4,380803E-4	5,687500E+2	-3,006847E-3	5,687500E+2	5,556399E-5	5,687500E+2	-2,217860E-3
5,703125E+2	-2,508249E-4	5,703125E+2	-2,659003E-3	5,703125E+2	1,214796E-5	5,703125E+2	-2,486609E-3	5,703125E+2	6,583685E-4	5,703125E+2	-2,449334E-3	5,703125E+2	3,722066E-5	5,703125E+2	-2,215268E-3
5,718750E+2	-2,124239E-4	5,718750E+2	-2,667566E-3	5,718750E+2	-5,312103E-6	5,718750E+2	-2,480565E-3	5,718750E+2	1,694568E-4	5,718750E+2	-1,954218E-3	5,718750E+2	1,812126E-5	5,718750E+2	-2,213369E-3
5,734375E+2	-1,217819E-4	5,734375E+2	-2,673271E-3	5,734375E+2	-2,628216E-6	5,734375E+2	-2,471452E-3	5,734375E+2	1,403040E-4	5,734375E+2	-1,955598E-3	5,734375E+2	4,490438E-6	5,734375E+2	-2,211139E-3
5,750000E+2	-2,998493E-5	5,750000E+2	-2,683967E-3	5,750000E+2	2,264382E-7	5,750000E+2	-2,460283E-3	5,750000E+2	1,120529E-4	5,750000E+2	-1,959666E-3	5,750000E+2	-9,689640E-6	5,750000E+2	-2,209172E-3
5,765625E+2	-2,818036E-5	5,765625E+2	-2,682862E-3	5,765625E+2	-9,245119E-6	5,765625E+2	-2,451237E-3	5,765625E+2	8,178644E-5	5,765625E+2	-1,957583E-3	5,765625E+2	-2,048529E-5	5,765625E+2	-2,207536E-3
5,781250E+2	-2,651919E-5	5,781250E+2	-2,680166E-3	5,781250E+2	-1,893771E-5	5,781250E+2	-2,441668E-3	5,781250E+2	5,172659E-5	5,781250E+2	-1,958178E-3	5,781250E+2	-3,161077E-5	5,781250E+2	-2,205955E-3
5,796875E+2	-2,681890E-5	5,796875E+2	-2,676177E-3	5,796875E+2	4,264580E-5	5,796875E+2	-2,552505E-3	5,796875E+2	2,785324E-5	5,796875E+2	-1,954375E-3	5,796875E+2	-3,982520E-5	5,796875E+2	-2,205642E-3
5,812500E+2	-2,723436E-5	5,812500E+2	-2,670627E-3	5,812500E+2	1,365034E-4	5,812500E+2	-2,718516E-3	5,812500E+2	3,785085E-6	5,812500E+2	-1,952520E-3	5,812500E+2	-4,816330E-5	5,812500E+2	-2,205398E-3
5,828125E+2	-3,063368E-5	5,828125E+2	-2,666659E-3	5,828125E+2	1,331361E-4	5,828125E+2	-2,717558E-3	5,828125E+2	-1,868727E-5	5,828125E+2	-1,950470E-3	5,828125E+2	-5,501551E-5	5,828125E+2	-2,206789E-3
5,843750E+2	-3,420929E-5	5,843750E+2	-2,661353E-3	5,843750E+2	1,295737E-4	5,843750E+2	-2,716868E-3	5,843750E+2	-4,120382E-5	5,843750E+2	-1,950094E-3	5,843750E+2	-6,185697E-5	5,843750E+2	-2,208342E-3
5,859375E+2	-4,006738E-5	5,859375E+2	-2,657677E-3	5,859375E+2	1,232136E-4	5,859375E+2	-2,698830E-3	5,859375E+2	-5,778481E-5	5,859375E+2	-1,949142E-3	5,859375E+2	-2,512630E-5	5,859375E+2	-2,288554E-3
5,875000E+2	-4,613352E-5	5,875000E+2	-2,652984E-3	5,875000E+2	1,168482E-4	5,875000E+2	-2,682180E-3	5,875000E+2	-7,434867E-5	5,875000E+2	-1,949346E-3	5,875000E+2	2,951613E-5	5,875000E+2	-2,401503E-3
5,890625E+2	-5,216412E-5	5,890625E+2	-2,649417E-3	5,890625E+2	1,088352E-4	5,890625E+2	-2,654096E-3	5,890625E+2	-8,720141E-5	5,890625E+2	-1,949988E-3	5,890625E+2	2,508525E-5	5,890625E+2	-2,389290E-3
5,906250E+2	-5,825687E-5	5,906250E+2	-2,645076E-3	5,906250E+2	1,009164E-4	5,906250E+2	-2,628139E-3	5,906250E+2	-9,993223E-5	5,906250E+2	-1,951504E-3	5,906250E+2	2,073693E-5	5,906250E+2	-2,378535E-3
5,921875E+2	-6,531712E-5	5,921875E+2	-2,642835E-3	5,921875E+2	9,303299E-5	5,921875E+2	-2,603031E-3	5,921875E+2	-1,065637E-4	5,921875E+2	-1,955056E-3	5,921875E+2	1,978498E-5	5,921875E+2	-2,366036E-3
5,937500E+2	-7,241666E-5	5,937500E+2	-2,640110E-3	5,937500E+2	8,534228E-5	5,937500E+2	-2,579982E-3	5,937500E+2	-1,128563E-4	5,937500E+2	-1,959322E-3	5,937500E+2	1,884326E-5	5,937500E+2	-2,354986E-3
5,953125E+2	-7,922913E-5	5,953125E+2	-2,638721E-3	5,953125E+2	7,838923E-5	5,953125E+2	-2,562190E-3	5,953125E+2	-7,508845E-5	5,953125E+2	-2,079258E-3	5,953125E+2	1,672395E-5	5,953125E+2	-2,345253E-3
5,968750E+2	-8,596430E-5	5,968750E+2	-2,637078E-3	5,968750E+2	7,164563E-5	5,968750E+2	-2,546064E-3	5,968750E+2	-8,564079E-6	5,968750E+2	-2,245504E-3	5,968750E+2	1,476048E-5	5,968750E+2	-2,336627E-3
5,984375E+2	-9,335804E-5	5,984375E+2	-2,637411E-3	5,984375E+2	6,638396E-5	5,984375E+2	-2,535223E-3	5,984375E+2	-6,705579E-6	5,984375E+2	-2,233864E-3	5,984375E+2	1,313002E-5	5,984375E+2	-2,330754E-3
6,000000E+2	-1,006446E-4	6,000000E+2	-2,637643E-3	6,000000E+2	6,127109E-5	6,000000E+2	-2,525635E-3	6,000000E+2	-4,797401E-6	6,000000E+2	-2,223433E-3	6,000000E+2	1,162868E-5	6,000000E+2	-2,325704E-3
6,015625E+2	-1,085012E-4	6,015625E+2	-2,639558E-3	6,015625E+2	5,531395E-5	6,015625E+2	-2,520675E-3	6,015625E+2	-5,628034E-6	6,015625E+2	-2,214384E-3	6,015625E+2	9,820870E-6	6,015625E+2	-2,322901E-3
6,031250E+2	-1,162281E-4	6,031250E+2	-2,641443E-3	6,031250E+2	4,960098E-5	6,031250E+2	-2,516548E-3	6,031250E+2	-6,376353E-6	6,031250E+2	-2,206179E-3	6,031250E+2	8,138579E-6	6,031250E+2	-2,320672E-3
6,046875E+2	-1,231411E-4	6,046875E+2	-2,644587E-3	6,046875E+2	4,559409E-5	6,046875E+2	-2,514794E-3	6,046875E+2	-7,953838E-6	6,046875E+2	-2,199875E-3	6,046875E+2	6,155734E-6	6,046875E+2	-2,320189E-3
6,062500E+2	-1,298584E-4	6,062500E+2	-2,647794E-3	6,062500E+2	4,169627E-5	6,062500E+2	-2,513666E-3	6,062500E+2	-9,476617E-6	6,062500E+2	-2,194152E-3	6,062500E+2	4,294740E-6	6,062500E+2	-2,320082E-3
6,078125E+2	-1,362387E-4	6,078125E+2	-2,652811E-3	6,078125E+2	3,784461E-5	6,078125E+2	-2,513870E-3	6,078125E+2	-1,219815E-5	6,078125E+2	-2,189457E-3	6,078125E+2	2,204290E-6	6,078125E+2	-2,321100E-3
6,093750E+2	-1,424410E-4	6,093750E+2	-2,657929E-3	6,093750E+2	3,409052E-5	6,093750E+2	-2,514540E-3	6,093750E+2	-1,482114E-5	6,093750E+2	-2,185150E-3	6,093750E+2	2,257176E-7	6,093750E+2	-2,322354E-3
6,109375E+2	-1,078637E-4	6,109375E+2	-2,535380E-3	6,109375E+2	3,317199E-5	6,109375E+2	-2,519198E-3	6,109375E+2	-1,839241E-5	6,109375E+2	-2,181058E-3	6,109375E+2	-2,063675E-6	6,109375E+2	-2,324308E-3
6,125000E+2	-7,493806E-5	6,125000E+2	-2,420532E-3	6,125000E+2	3,200478E-5	6,125000E+2	-2,523423E-3	6,125000E+2	-2,179308E-5	6,125000E+2	-2,177232E-3	6,125000E+2	-4,204859E-6	6,125000E+2	-2,326402E-3
6,140625E+2	-7,888517E-5	6,140625E+2	-2,433115E-3	6,140625E+2	2,879183E-5	6,140625E+2	-2,538372E-3	6,140625E+2	-2,521047E-5	6,140625E+2	-2,174430E-3	6,140625E+2	-6,500626E-6	6,140625E+2	-2,328781E-3
6,156250E+2	-8,284442E-5	6,156250E+2	-2,445247E-3	6,156250E+2	2,596147E-5	6,156250E+2	-2,550458E-3	6,156250E+2	-2,848462E-5	6,156250E+2	-2,171812E-3	6,156250E+2	-8,663482E-6	6,156250E+2	-2,331254E-3
6,171875E+2	-8,660636E-5	6,171875E+2	-2,457363E-3	6,171875E+2	2,331646E-5	6,171875E+2	-2,554753E-3	6,171875E+2	-3,186487E-5	6,171875E+2	-2,169152E-3	6,171875E+2	-1,060169E-5	6,171875E+2	-2,333958E-3
6,187500E+2	-9,039784E-5	6,187500E+2	-2,469059E-3	6,187500E+2	2,082535E-5	6,187500E+2	-2,558974E-3	6,187500E+2	-3,510948E-5	6,187500E+2	-2,166645E-3	6,187500E+2	-1,248035E-5	6,187500E+2	-2,336734E-3
6,203125E+2	-9,408668E-5	6,203125E+2	-2,480406E-3	6,203125E+2	1,883684E-5	6,203125E+2	-2,563102E-3	6,203125E+2	-3,846390E-5	6,203125E+2	-2,164767E-3	6,203125E+2	-1,406861E-5	6,203125E+2	-2,341919E-3
6,218750E+2	-9,782830E-5	6,218750E+2	-2,491386E-3	6,218750E+2	1,694978E-5	6,218750E+2	-2,567206E-3	6,218750E+2	-4,168418E-5	6,218750E+2	-2,162997E-3	6,218750E+2	-1,353466E-5	6,218750E+2	-2,349928E-3
6,234375E+2	-1,010957E-4	6,234375E+2	-2,502339E-3	6,234375E+2	1,511262E-5	6,234375E+2	-2,571262E-3	6,234375E+2	-4,491601E-5	6,234375E+2	-2,161355E-3	6,234375E+2	-1,332150E-5	6,234375E+2	-2,354512E-3
6,250000E+2	-1,045030E-4	6,250000E+2	-2,512973E-3	6,250000E+2	1,335493E-5	6,250000E+2	-2,575319E-3	6,250000E+2	-4,806535E-5	6,250000E+2	-2,159812E-3	6,250000E+2	-1,304362E-5	6,250000E+2	-2,359037E-3
6,265625E+2	-1,079606E-4	6,265625E+2	-2,523195E-3	6,265625E+2	1,185158E-5	6,265625E+2	-2,579359E-3	6,265625E+2	-5,724548E-5	6,265625E+2	-2,157353E-3	6,265625E+2	-1,305587E-5	6,265625E+2	-2,363313E-3
6,281250E+2	-1,115988E-4	6,281250E+2	-2,533157E-3	6,281250E+2	1,039927E-5	6,281250E+2	-2,583408E-3	6,281250E+2	-6,411125E-5	6,281250E+2	-2,160536E-3	6,281250E+2	-1,298699E-5	6,281250E+2	-2,367551E-3
6,296875E+2	-1,157040E-4	6,296875E+2	-2,542322E-3	6,296875E+2	8,517717E-6	6,296875E+2	-2,587248E-3	6,296875E+2	-6,300162E-5	6,296875E+2	-2,164601E-3	6,296875E+2	-1,296194E-5	6,296875E+2	-2,371776E-3
6,312500E+2	-1,199831E-4	6,312500E+2	-2,551328E-3	6,312500E+2	6,740429E-6	6,312500E+2	-2,591117E-3	6,312500E+2	-6,179317E-5	6,312500E+2	-2,168610E-3	6,312500E+2	-1,287991E-5	6,312500E+2	-2,375966E-3
6,328125E+2	-1,256357E-4	6,328125E+2	-2,566944E-3	6,328125E+2	5,209659E-6	6,328125E+2	-2,594576E-3	6,328125E+2	-6,070367E-5	6,328125E+2	-2,172438E-3	6,328125E+2	-1,275639E-5	6,328125E+2	-2,379828E-3
6,343750E+2	-1,296643E-4	6,343750E+2	-2,578900E-3	6,343750E+2	3,753356E-6	6,343750E+2	-2,598078E-3	6,343750E+2	-5,954077E-5	6,343750E+2	-2,176207E-3	6,343750E+2	-1,260105E-5	6,343750E+2	-2,383670E-3
6,359375E+2	-1,326685E-4	6,359375E+2	-2,583995E-3	6,359375E+2	2,370212E-6	6,359375E+2	-2,601299E-3	6,359375E+2	-5,863408E-5	6,359375E+2	-2,179899E-3	6,359375E+2	-1,264563E-5	6,359375E+2	-2,387123E-3
6,375000E+2	-1,356894E-4	6,375000E+2	-2,589045E-3	6,375000E+2	1,037852E-6	6,375000E+2	-2,604566E-3	6,375000E+2	-5,766716E-5	6,375000E+2	-2,183546E-3	6,375000E+2	-1,265245E-5	6,375000E+2	-2,390569E-3
6,390625E+2	-1,390098E-4	6,390625E+2	-2,593470E-3	6,390625E+2	-7,368357E-7	6,390625E+2	-2,607359E-3	6,390625E+2	-5,693272E-5	6,390625E+2	-2,186925E-3	6,390625E+2	-1,275390E-5	6,390625E+2	-2,393861E-3
6,406250E+2	-1,423286E-4	6,406250E+2	-2,597878E-3	6,406250E+2	-2,404527E-6	6,406250E+2	-2,610238E-3	6,406250E+2	-5,613221E-5	6,406250E+2	-2,190278E-3	6,406250E+2	-1,283665E-5	6,406250E+2	-2,397168E-3
6,421875E+2	-1,455944E-4	6,421875E+2	-2,602197E-3	6,421875E+2	-3,591627E-6	6,421875E+2	-2,612977E-3	6,421875E+2	-5,555687E-5	6,421875E+2	-2,193531E-3	6,421875E+2	-1,311739E-5	6,421875E+2	-2,400136E-3
6,437500E+2	-1,488831E-4	6,437500E+2	-2,606492E-3	6,437500E+2	-4,756418E-6	6,437500E+2	-2,615785E-3	6,437500E+2	-5,491776E-5	6,437500E+2	-2,196760E-3	6,437500E+2	-1,336905E-5	6,437500E+2	-2,403140E-3
6,453125E+2	-1,525455E-4	6,453125E+2	-2,610228E-3	6,453125E+2	-6,396655E-6	6,453125E+2	-2,618109E-3	6,453125E+2	-5,454577E-5	6,453125E+2	-2,199872E-3	6,453125E+2	-1,377741E-5	6,453125E+2	-2,405915E-3
6,468750E+2	-1,562068E-4	6,468750E+2	-2,613975E-3	6,468750E+2	-7,963504E-6	6,468750E+2	-2,620533E-3	6,468750E+2	-5,410897E-5	6,468750E+2	-2,202965E-3	6,468750E+2	-1,416396E-5	6,468750E+2	-2,408734E-3
6,484375E+2	-1,600100E-4	6,484375E+2	-2,617342E-3	6,484375E+2	-1,034742E-5	6,484375E+2	-2,622286E-3	6,484375E+2	-5,391739E-5	6,484375E+2	-2,205901E-3	6,484375E+2	-1,504375E-5	6,484375E+2	-2,411010E-3
6,500000E+2	-1,638101E-4	6,500000E+2	-2,620738E-3	6,500000E+2	-1,253434E-5	6,500000E+2	-2,624196E-3	6,500000E+2	-5,367995E-5	6,500000E+2	-2,208832E-3	6,500000E+2	-1,584133E-5	6,500000E+2	-2,413386E-3
6,515625E+2	-1,687632E-4	6,515625E+2	-2,622788E-3	6,515625E+2	-1,376485E-5	6,515625E+2	-2,626018E-3	6,515625E+2	-5,360188E-5	6,515625E+2	-2,211265E-3	6,515625E+2	-1,645028E-5	6,515625E+2	-2,415692E-3
6,531250E+2	-1,735754E-4	6,531250E+2	-2,624962E-3	6,531250E+2	-1,496971E-5	6,531250E+2	-2,627954E-3	6,531250E+2	-5,343070E-5	6,531250E+2	-2,213717E-3	6,531250E+2	-1,705304E-5	6,531250E+2	-2,418063E-3
6,546875E+2	-1,776964E-4	6,546875E+2	-2,627194E-3	6,546875E+2	-1,618234E-5	6,546875E+2	-2,629441E-3	6,546875E+2	-5,353489E-5	6,546875E+2	-2,216149E-3	6,546875E+2	-1,781348E-5	6,546875E+2	-2,420099E-3
6,562500E+2	-1,818722E-4	6,562500E+2	-2,629366E-3	6,562500E+2	-1,737104E-5	6,562500E+2	-2,631057E-3	6,562500E+2	-5,358832E-5	6,562500E+2	-2,218573E-3	6,562500E+2	-1,856767E-5	6,562500E+2	-2,422211E-3
6,578125E+2	-1,861617E-4	6,578125E+2	-2,631536E-3	6,578125E+2	-1,879867E-5	6,578125E+2	-2,632075E-3	6,578125E+2	-5,386807E-5	6,578125E+2	-2,220747E-3	6,578125E+2	-1,944131E-5	6,578125E+2	-2,423939E-3
6,593750E+2	-1,904934E-4	6,593750E+2	-2,633734E-3	6,593750E+2	-2,018191E-5	6,593750E+2	-2,633252E-3	6,593750E+2	-5,412182E-5	6,593750E+2	-2,222921E-3	6,593750E+2	-2,031025E-5	6,593750E+2	-2,425758E-3
6,609375E+2	-1,950835E-4	6,609375E+2	-2,635503E-3	6,609375E+2	-2,191988E-5	6,609375E+2	-2,633575E-3	6,609375E+2	-5,460077E-5	6,609375E+2	-2,224789E-3	6,609375E+2	-2,127343E-5	6,609375E+2	-2,427392E-3
6,625000E+2	-1,997319E-4	6,625000E+2	-2,637321E-3	6,625000E+2	-2,363118E-5	6,625000E+2	-2,634071E-3	6,625000E+2	-5,505912E-5	6,625000E+2	-2,226650E-3	6,625000E+2	-2,228684E-5	6,625000E+2	-2,429108E-3
6,640625E+2	-2,046332E-4	6,640625E+2	-2,638664E-3	6,640625E+2	-2,496067E-5	6,640625E+2	-2,634465E-3	6,640625E+2	-5,564076E-5	6,640625E+2	-2,228182E-3	6,640625E+2	-2,354796E-5	6,640625E+2	-2,430148E-3
6,656250E+2	-2,095852E-4	6,656250E+2	-2,640094E-3	6,656250E+2	-2,628723E-5	6,656250E+2	-2,635062E-3	6,656250E+2	-5,620571E-5	6,656250E+2	-2,229708E-3	6,656250E+2	-2,476115E-5	6,656250E+2	-2,431311E-3
6,671875E+2	-2,147279E-4	6,671875E+2	-2,640985E-3	6,671875E+2	-2,753854E-5	6,671875E+2	-2,635144E-3	6,671875E+2	-5,666966E-5	6,671875E+2	-2,230869E-3	6,671875E+2	-2,601157E-5	6,671875E+2	-2,432512E-3
6,687500E+2	-2,199886E-4	6,687500E+2	-2,641990E-3	6,687500E+2	-2,882451E-5	6,687500E+2	-2,635454E-3	6,687500E+2	-5,706376E-5	6,687500E+2	-2,232034E-3	6,687500E+2	-2,731585E-5	6,687500E+2	-2,433818E-3
6,703125E+2	-2,254600E-4	6,703125E+2	-2,642683E-3	6,703125E+2	-3,019090E-5	6,703125E+2	-2,635323E-3	6,703125E+2	-5,800914E-5	6,703125E+2	-2,233137E-3	6,703125E+2	-2,866901E-5	6,703125E+2	-2,434970E-3
6,718750E+2	-2,310529E-4	6,718750E+2	-2,643562E-3	6,718750E+2	-3,155005E-5	6,718750E+2	-2,635473E-3	6,718750E+2	-5,901024E-5	6,718750E+2	-2,234207E-3	6,718750E+2	-3,010967E-5	6,718750E+2	-2,436238E-3
6,734375E+2	-1,694653E-4	6,734375E+2	-2,513331E-3	6,734375E+2	-3,278890E-5	6,734375E+2	-2,635050E-3	6,734375E+2	-6,013891E-5	6,734375E+2	-2,234996E-3	6,734375E+2	-3,172926E-5	6,734375E+2	-2,437182E-3
6,750000E+2	-1,221369E-4	6,750000E+2	-2,402010E-3	6,750000E+2	-3,410741E-5	6,750000E+2	-2,634940E-3	6,750000E+2	-6,136026E-5	6,750000E+2	-2,235737E-3	6,750000E+2	-3,344066E-5	6,750000E+2	-2,438261E-3
6,765625E+2	-1,250125E-4	6,765625E+2	-2,406646E-3	6,765625E+2	-3,560820E-5	6,765625E+2	-2,634126E-3	6,765625E+2	-6,287438E-5	6,765625E+2	-2,236131E-3	6,765625E+2	-3,534969E-5	6,765625E+2	-2,439092E-3
6,781250E+2	-1,280581E-4	6,781250E+2	-2,411336E-3	6,781250E+2	-3,718566E-5	6,781250E+2	-2,633688E-3	6,781250E+2	-6,453196E-5	6,781250E+2	-2,236458E-3	6,781250E+2	-3,739757E-5	6,781250E+2	-2,440074E-3
6,796875E+2	-1,304101E-4	6,796875E+2	-2,414953E-3	6,796875E+2	-3,850928E-5	6,796875E+2	-2,632695E-3	6,796875E+2	-1,137937E-5	6,796875E+2	-2,189108E-3	6,796875E+2	1,490442E-5	6,796875E+2	-2,355278E-3
6,812500E+2	-1,329127E-4	6,812500E+2	-2,418764E-3	6,812500E+2	-3,995798E-5	6,812500E+2	-2,632162E-3	6,812500E+2	3,649318E-5	6,812500E+2	-2,151573E-3	6,812500E+2	6,127243E-5	6,812500E+2	-2,278135E-3
6,828125E+2	-1,349616E-4	6,828125E+2	-2,420542E-3	6,828125E+2	-4,145832E-5	6,828125E+2	-2,630861E-3	6,828125E+2	3,683784E-5	6,828125E+2	-2,153574E-3	6,828125E+2	6,042374E-5	6,828125E+2	-2,262936E-3
6,843750E+2	-1,372175E-4	6,843750E+2	-2,422479E-3	6,843750E+2	-4,311810E-5	6,843750E+2	-2,630120E-3	6,843750E+2	3,713371E-5	6,843750E+2	-2,155565E-3	6,843750E+2	5,720182E-5	6,843750E+2	-2,258926E-3
6,859375E+2	-1,392775E-4	6,859375E+2	-2,421858E-3	6,859375E+2	-5,438381E-5	6,859375E+2	-2,624990E-3	6,859375E+2	3,797238E-5	6,859375E+2	-2,156878E-3	6,859375E+2	5,825416E-5	6,859375E+2	-2,263375E-3
6,875000E+2	-1,415421E-4	6,875000E+2	-2,421476E-3	6,875000E+2	-6,719133E-5	6,875000E+2	-2,634381E-3	6,875000E+2	3,881456E-5	6,875000E+2	-2,158328E-3	6,875000E+2	5,928648E-5	6,875000E+2	-2,267910E-3
6,890625E+2	-1,425562E-4	6,890625E+2	-2,420513E-3	6,890625E+2	-7,197653E-5	6,890625E+2	-2,644217E-3	6,890625E+2	4,003165E-5	6,890625E+2	-2,158529E-3	6,890625E+2	6,020809E-5	6,890625E+2	-2,269653E-3
6,906250E+2	-1,438269E-4	6,906250E+2	-2,419799E-3	6,906250E+2	-7,683579E-5	6,906250E+2	-2,654193E-3	6,906250E+2	4,121974E-5	6,906250E+2	-2,158875E-3	6,906250E+2	6,109017E-5	6,906250E+2	-2,271534E-3
6,921875E+2	-1,450139E-4	6,921875E+2	-2,416034E-3	6,921875E+2	1,927388E-7	6,921875E+2	-2,485266E-3	6,921875E+2	4,297653E-5	6,921875E+2	-2,158460E-3	6,921875E+2	6,330243E-5	6,921875E+2	-2,272783E-3
6,937500E+2	-1,464464E-4	6,937500E+2	-2,412634E-3	6,937500E+2	5,862180E-5	6,937500E+2	-2,341235E-3	6,937500E+2	4,470559E-5	6,937500E+2	-2,158286E-3	6,937500E+2	6,545736E-5	6,937500E+2	-2,274232E-3
6,953125E+2	-1,464380E-4	6,953125E+2	-2,408420E-3	6,953125E+2	5,915338E-5	6,953125E+2	-2,344901E-3	6,953125E+2	4,639393E-5	6,953125E+2	-2,155941E-3	6,953125E+2	6,721358E-5	6,953125E+2	-2,272108E-3
6,968750E+2	-1,467559E-4	6,968750E+2	-2,404596E-3	6,968750E+2	5,964804E-5	6,968750E+2	-2,348599E-3	6,968750E+2	4,808304E-5	6,968750E+2	-2,153957E-3	6,968750E+2	6,894808E-5	6,968750E+2	-2,270322E-3
6,984375E+2	-1,464737E-4	6,984375E+2	-2,398330E-3	6,984375E+2	6,021020E-5	6,984375E+2	-2,349261E-3	6,984375E+2	5,007781E-5	6,984375E+2	-2,150443E-3	6,984375E+2	7,080033E-5	6,984375E+2	-2,265782E-3
7,000000E+2	-1,465233E-4	7,000000E+2	-2,392608E-3	7,000000E+2	6,076303E-5	7,000000E+2	-2,350011E-3	7,000000E+2	5,202367E-5	7,000000E+2	-2,147328E-3	7,000000E+2	7,260705E-5	7,000000E+2	-2,261676E-3
7,015625E+2	-1,452739E-4	7,015625E+2	-2,385183E-3	7,015625E+2	6,221892E-5	7,015625E+2	-2,349468E-3	7,015625E+2	5,387554E-5	7,015625E+2	-2,141982E-3	7,015625E+2	7,564136E-5	7,015625E+2	-2,256330E-3
7,031250E+2	-1,444296E-4	7,031250E+2	-2,378410E-3	7,031250E+2	6,364871E-5	7,031250E+2	-2,349022E-3	7,031250E+2	5,568200E-5	7,031250E+2	-2,137152E-3	7,031250E+2	7,854409E-5	7,031250E+2	-2,251467E-3
7,046875E+2	-1,432638E-4	7,046875E+2	-2,368391E-3	7,046875E+2	6,496445E-5	7,046875E+2	-2,345600E-3	7,046875E+2	5,848544E-5	7,046875E+2	-2,131596E-3	7,046875E+2	8,152581E-5	7,046875E+2	-2,243825E-3
7,062500E+2	-1,425732E-4	7,062500E+2	-2,359202E-3	7,062500E+2	6,625593E-5	7,062500E+2	-2,342355E-3	7,062500E+2	6,119080E-5	7,062500E+2	-2,126621E-3	7,062500E+2	8,435660E-5	7,062500E+2	-2,236822E-3
7,078125E+2	-1,382382E-4	7,078125E+2	-2,350478E-3	7,078125E+2	6,853440E-5	7,078125E+2	-2,337734E-3	7,078125E+2	6,353668E-5	7,078125E+2	-2,119040E-3	7,078125E+2	8,697969E-5	7,078125E+2	-2,226814E-3
7,093750E+2	-1,344994E-4	7,093750E+2	-2,342654E-3	7,093750E+2	7,077090E-5	7,093750E+2	-2,333346E-3	7,093750E+2	6,575966E-5	7,093750E+2	-2,112187E-3	7,093750E+2	8,944474E-5	7,093750E+2	-2,217640E-3
7,109375E+2	-1,309246E-4	7,109375E+2	-2,330346E-3	7,109375E+2	7,382439E-5	7,109375E+2	-2,327557E-3	7,109375E+2	6,885403E-5	7,109375E+2	-2,104073E-3	7,109375E+2	9,171121E-5	7,109375E+2	-2,205675E-3
7,125000E+2	-1,279634E-4	7,125000E+2	-2,319254E-3	7,125000E+2	7,676429E-5	7,125000E+2	-2,322066E-3	7,125000E+2	7,179063E-5	7,125000E+2	-2,096819E-3	7,125000E+2	9,384273E-5	7,125000E+2	-2,194768E-3
7,140625E+2	-1,485962E-4	7,140625E+2	-2,355035E-3	7,140625E+2	5,681819E-5	7,140625E+2	-2,372018E-3	7,140625E+2	7,428227E-5	7,140625E+2	-2,087163E-3	7,140625E+2	9,498019E-5	7,140625E+2	-2,215420E-3
7,156250E+2	-1,615349E-4	7,156250E+2	-2,386857E-3	7,156250E+2	4,424241E-5	7,156250E+2	-2,414607E-3	7,156250E+2	7,661397E-5	7,156250E+2	-2,078564E-3	7,156250E+2	9,729115E-5	7,156250E+2	-2,232544E-3
7,171875E+2	-1,462334E-4	7,171875E+2	-2,359377E-3	7,171875E+2	4,670250E-5	7,171875E+2	-2,407494E-3	7,171875E+2	7,124796E-5	7,171875E+2	-2,108278E-3	7,171875E+2	1,033080E-4	7,171875E+2	-2,214243E-3
7,187500E+2	-1,322633E-4	7,187500E+2	-2,333169E-3	7,187500E+2	4,896246E-5	7,187500E+2	-2,400766E-3	7,187500E+2	6,874820E-5	7,187500E+2	-2,132619E-3	7,187500E+2	1,089061E-4	7,187500E+2	-2,197050E-3
7,203125E+2	-1,114764E-4	7,203125E+2	-2,300144E-3	7,203125E+2	5,127587E-5	7,203125E+2	-2,387934E-3	7,203125E+2	7,585714E-5	7,203125E+2	-2,115891E-3	7,203125E+2	1,118333E-4	7,203125E+2	-2,172596E-3
7,218750E+2	-9,261659E-5	7,218750E+2	-2,268744E-3	7,218750E+2	5,338062E-5	7,218750E+2	-2,375769E-3	7,218750E+2	8,255313E-5	7,218750E+2	-2,100514E-3	7,218750E+2	1,145480E-4	7,218750E+2	-2,149834E-3
7,234375E+2	-7,198732E-5	7,234375E+2	-2,225570E-3	7,234375E+2	5,920718E-5	7,234375E+2	-2,358656E-3	7,234375E+2	9,001110E-5	7,234375E+2	-2,078762E-3	7,234375E+2	1,206281E-4	7,234375E+2	-2,124809E-3
7,250000E+2	-5,354040E-5	7,250000E+2	-2,185172E-3	7,250000E+2	6,455772E-5	7,250000E+2	-2,342405E-3	7,250000E+2	9,702146E-5	7,250000E+2	-2,058853E-3	7,250000E+2	1,260716E-4	7,250000E+2	-2,101547E-3
7,265625E+2	-3,104625E-5	7,265625E+2	-2,138412E-3	7,265625E+2	1,310452E-5	7,265625E+2	-2,478112E-3	7,265625E+2	1,038274E-4	7,265625E+2	-2,032763E-3	7,265625E+2	9,680840E-5	7,265625E+2	-2,189536E-3
7,281250E+2	-1,111502E-5	7,281250E+2	-2,094975E-3	7,281250E+2	1,002436E-5	7,281250E+2	-2,557643E-3	7,281250E+2	1,101394E-4	7,281250E+2	-2,009023E-3	7,281250E+2	9,155324E-5	7,281250E+2	-2,239078E-3
7,296875E+2	9,845915E-6	7,296875E+2	-2,049369E-3	7,296875E+2	2,030944E-5	7,296875E+2	-2,492600E-3	7,296875E+2	9,070980E-5	7,296875E+2	-2,089754E-3	7,296875E+2	9,266920E-5	7,296875E+2	-2,216556E-3
7,312500E+2	2,833388E-5	7,312500E+2	-2,007222E-3	7,312500E+2	2,776576E-5	7,312500E+2	-2,436046E-3	7,312500E+2	8,577040E-5	7,312500E+2	-2,141007E-3	7,312500E+2	9,341879E-5	7,312500E+2	-2,196286E-3
7,328125E+2	-3,745473E-5	7,328125E+2	-2,105266E-3	7,328125E+2	3,041238E-5	7,328125E+2	-2,396308E-3	7,328125E+2	8,626851E-5	7,328125E+2	-2,116682E-3	7,328125E+2	9,369863E-5	7,328125E+2	-2,174478E-3
7,343750E+2	-6,224722E-5	7,343750E+2	-2,177793E-3	7,343750E+2	3,204997E-5	7,343750E+2	-2,361889E-3	7,343750E+2	8,643760E-5	7,343750E+2	-2,095049E-3	7,343750E+2	9,356019E-5	7,343750E+2	-2,154923E-3
7,359375E+2	-6,592418E-5	7,359375E+2	-2,162766E-3	7,359375E+2	2,597103E-5	7,359375E+2	-2,364130E-3	7,359375E+2	8,242222E-5	7,359375E+2	-2,074392E-3	7,359375E+2	8,606711E-5	7,359375E+2	-2,134318E-3
7,375000E+2	-6,973721E-5	7,375000E+2	-2,149065E-3	7,375000E+2	2,011730E-5	7,375000E+2	-2,366407E-3	7,375000E+2	7,845029E-5	7,375000E+2	-2,056157E-3	7,375000E+2	7,901713E-5	7,375000E+2	-2,116029E-3
7,390625E+2	-8,061581E-5	7,390625E+2	-2,151189E-3	7,390625E+2	1,141082E-5	7,390625E+2	-2,370390E-3	7,390625E+2	6,975070E-5	7,390625E+2	-2,045251E-3	7,390625E+2	6,859100E-5	7,390625E+2	-2,102844E-3
7,406250E+2	-9,119964E-5	7,406250E+2	-2,153453E-3	7,406250E+2	3,156184E-6	7,406250E+2	-2,374272E-3	7,406250E+2	6,157414E-5	7,406250E+2	-2,035818E-3	7,406250E+2	5,903037E-5	7,406250E+2	-2,091298E-3
7,421875E+2	-1,075524E-4	7,421875E+2	-2,163820E-3	7,421875E+2	1,191228E-4	7,421875E+2	-1,984972E-3	7,421875E+2	4,808211E-5	7,421875E+2	-2,036925E-3	7,421875E+2	4,432176E-5	7,421875E+2	-2,086356E-3
7,437500E+2	-1,232452E-4	7,437500E+2	-2,173862E-3	7,437500E+2	1,485451E-4	7,437500E+2	-1,745178E-3	7,437500E+2	3,570645E-5	7,437500E+2	-2,038258E-3	7,437500E+2	3,117034E-5	7,437500E+2	-2,082250E-3
7,453125E+2	-1,408220E-4	7,453125E+2	-2,190780E-3	7,453125E+2	1,429021E-4	7,453125E+2	-1,756289E-3	7,453125E+2	1,997006E-5	7,453125E+2	-2,052173E-3	7,453125E+2	1,319209E-5	7,453125E+2	-2,088204E-3
7,468750E+2	-1,570515E-4	7,468750E+2	-2,207055E-3	7,468750E+2	1,383526E-4	7,468750E+2	-1,767626E-3	7,468750E+2	5,893315E-6	7,468750E+2	-2,064802E-3	7,468750E+2	-2,059316E-6	7,468750E+2	-2,093740E-3
7,484375E+2	-1,798188E-4	7,484375E+2	-2,232437E-3	7,484375E+2	-1,754815E-4	7,484375E+2	-1,976203E-3	7,484375E+2	-1,149911E-5	7,484375E+2	-2,087253E-3	7,484375E+2	-2,881159E-4	7,484375E+2	-2,372940E-3
7,500000E+2	-1,989062E-4	7,500000E+2	-2,256271E-3	7,500000E+2	1,657537E-5	7,500000E+2	-2,287892E-3	7,500000E+2	-2,643333E-5	7,500000E+2	-2,107202E-3	7,500000E+2	-4,684333E-5	7,500000E+2	-2,513491E-3
7,515625E+2	-6,957156E-5	7,515625E+2	-2,154355E-3	7,515625E+2	9,626996E-6	7,515625E+2	-2,287170E-3	7,515625E+2	-4,910874E-5	7,515625E+2	-2,139057E-3	7,515625E+2	-6,555531E-5	7,515625E+2	-2,514120E-3
7,531250E+2	1,664007E-5	7,531250E+2	-2,071822E-3	7,531250E+2	1,536401E-6	7,531250E+2	-2,287217E-3	7,531250E+2	-6,668472E-5	7,531250E+2	-2,166713E-3	7,531250E+2	-8,457170E-5	7,531250E+2	-2,515291E-3
7,546875E+2	8,068362E-6	7,546875E+2	-2,144856E-3	7,546875E+2	-3,409606E-6	7,546875E+2	-2,281695E-3	7,546875E+2	-1,931884E-4	7,546875E+2	-2,296820E-3	7,546875E+2	-1,081809E-4	7,546875E+2	-2,514068E-3
7,562500E+2	3,174187E-5	7,562500E+2	-2,198898E-3	7,562500E+2	-1,000021E-5	7,562500E+2	-2,276919E-3	7,562500E+2	-1,877965E-4	7,562500E+2	-2,422368E-3	7,562500E+2	-1,319285E-4	7,562500E+2	-2,512970E-3
7,578125E+2	4,373817E-5	7,578125E+2	-2,173285E-3	7,578125E+2	-8,570789E-6	7,578125E+2	-2,262835E-3	7,578125E+2	-1,703300E-4	7,578125E+2	-2,506782E-3	7,578125E+2	-2,115708E-4	7,578125E+2	-2,687621E-3
7,593750E+2	5,296898E-5	7,593750E+2	-2,151992E-3	7,593750E+2	-1,006844E-5	7,593750E+2	-2,249866E-3	7,593750E+2	-1,291957E-4	7,593750E+2	-2,547359E-3	7,593750E+2	-2,424232E-5	7,593750E+2	-3,178668E-3
7,609375E+2	7,446273E-5	7,609375E+2	-2,100517E-3	7,609375E+2	-1,129799E-4	7,609375E+2	-2,462358E-3	7,609375E+2	-1,464240E-4	7,609375E+2	-2,551791E-3	7,609375E+2	-5,417367E-5	7,609375E+2	-3,194754E-3
7,625000E+2	8,713385E-5	7,625000E+2	-2,058406E-3	7,625000E+2	4,867219E-5	7,625000E+2	-3,002133E-3	7,625000E+2	-1,629470E-4	7,625000E+2	-2,556549E-3	7,625000E+2	-8,412798E-5	7,625000E+2	-3,211130E-3
7,640625E+2	1,709926E-4	7,640625E+2	-1,746558E-3	7,640625E+2	6,470701E-5	7,640625E+2	-2,986937E-3	7,640625E+2	-3,200648E-4	7,640625E+2	-2,705219E-3	7,640625E+2	-1,013388E-4	7,640625E+2	-3,268789E-3
7,656250E+2	1,217220E-4	7,656250E+2	-1,589716E-3	7,656250E+2	6,897455E-5	7,656250E+2	-2,975982E-3	7,656250E+2	-1,450878E-5	7,656250E+2	-3,483146E-3	7,656250E+2	-1,164514E-4	7,656250E+2	-3,333850E-3
7,671875E+2	1,187647E-4	7,671875E+2	-1,601859E-3	7,671875E+2	8,295779E-5	7,671875E+2	-2,973958E-3	7,671875E+2	2,460671E-4	7,671875E+2	-3,180386E-3	7,671875E+2	-1,366541E-4	7,671875E+2	-3,383681E-3
7,687500E+2	1,159079E-4	7,687500E+2	-1,614280E-3	7,687500E+2	8,477529E-5	7,687500E+2	-2,977159E-3	7,687500E+2	2,871211E-4	7,687500E+2	-3,015006E-3	7,687500E+2	-1,559706E-4	7,687500E+2	-3,437033E-3
7,703125E+2	1,125936E-4	7,703125E+2	-1,626836E-3	7,703125E+2	9,198174E-5	7,703125E+2	-2,999781E-3	7,703125E+2	2,831509E-4	7,703125E+2	-3,055978E-3	7,703125E+2	8,853956E-5	7,703125E+2	-3,334273E-3
7,718750E+2	1,095332E-4	7,718750E+2	-1,639874E-3	7,718750E+2	8,897845E-5	7,718750E+2	-3,029749E-3	7,718750E+2	2,708537E-4	7,718750E+2	-3,112958E-3	7,718750E+2	2,094001E-4	7,718750E+2	-3,221670E-3
7,734375E+2	-1,802922E-4	7,734375E+2	-1,927645E-3	7,734375E+2	8,717318E-5	7,734375E+2	-3,044018E-3	7,734375E+2	2,770769E-4	7,734375E+2	-3,141575E-3	7,734375E+2	1,802658E-4	7,734375E+2	-3,250506E-3
7,750000E+2	3,889875E-4	7,750000E+2	-2,958350E-3	7,750000E+2	7,576689E-5	7,750000E+2	-3,062387E-3	7,750000E+2	2,788389E-4	7,750000E+2	-3,180806E-3	7,750000E+2	1,535618E-4	7,750000E+2	-3,289039E-3
7,765625E+2	3,911977E-4	7,765625E+2	-3,016878E-3	7,765625E+2	1,018617E-3	7,765625E+2	-3,225648E-3	7,765625E+2	1,332359E-3	7,765625E+2	-3,776125E-3	7,765625E+2	1,095983E-4	7,765625E+2	-3,295118E-3
7,781250E+2	3,924948E-4	7,781250E+2	-3,080533E-3	7,781250E+2	1,582530E-4	7,781250E+2	-1,046598E-3	7,781250E+2	-1,336038E-5	7,781250E+2	-1,205958E-3	7,781250E+2	7,246313E-5	7,781250E+2	-3,311761E-3
7,796875E+2	3,969614E-4	7,796875E+2	-3,136551E-3	7,796875E+2	1,653944E-4	7,796875E+2	-1,083524E-3	7,796875E+2	9,039068E-7	7,796875E+2	-1,230282E-3	7,796875E+2	1,314367E-3	7,796875E+2	-4,933414E-3
7,812500E+2	3,999675E-4	7,812500E+2	-3,196812E-3	7,812500E+2	1,734410E-4	7,812500E+2	-1,122388E-3	7,812500E+2	1,663420E-5	7,812500E+2	-1,255155E-3	7,812500E+2	-1,067455E-4	7,812500E+2	-1,452454E-3
7,828125E+2	9,332020E-4	7,828125E+2	-3,086070E-3	7,828125E+2	1,805946E-4	7,828125E+2	-1,133483E-3	7,828125E+2	2,504188E-5	7,828125E+2	-1,257249E-3	7,828125E+2	-8,781716E-5	7,828125E+2	-1,519531E-3
7,843750E+2	9,382696E-5	7,843750E+2	-1,352918E-3	7,843750E+2	1,886775E-4	7,843750E+2	-1,143235E-3	7,843750E+2	3,486937E-5	7,843750E+2	-1,256965E-3	7,843750E+2	-6,876898E-5	7,843750E+2	-1,589332E-3
7,859375E+2	8,933674E-5	7,859375E+2	-1,311929E-3	7,859375E+2	1,937891E-4	7,859375E+2	-1,126326E-3	7,859375E+2	3,363159E-5	7,859375E+2	-1,193609E-3	7,859375E+2	-1,293652E-5	7,859375E+2	-1,383488E-3
7,875000E+2	8,238152E-5	7,875000E+2	-1,258215E-3	7,875000E+2	1,987965E-4	7,875000E+2	-1,103781E-3	7,875000E+2	3,140475E-5	7,875000E+2	-1,113121E-3	7,875000E+2	8,057898E-5	7,875000E+2	-1,078501E-3
7,890625E+2	9,390014E-5	7,890625E+2	-1,254521E-3	7,890625E+2	2,067219E-4	7,890625E+2	-1,116346E-3	7,890625E+2	3,843460E-5	7,890625E+2	-1,135959E-3	7,890625E+2	8,622461E-5	7,890625E+2	-1,128789E-3
7,906250E+2	1,072900E-4	7,906250E+2	-1,247361E-3	7,906250E+2	2,154855E-4	7,906250E+2	-1,127956E-3	7,906250E+2	4,654082E-5	7,906250E+2	-1,160540E-3	7,906250E+2	9,256521E-5	7,906250E+2	-1,182515E-3
7,921875E+2	1,194123E-4	7,921875E+2	-1,244168E-3	7,921875E+2	2,206735E-4	7,921875E+2	-1,139207E-3	7,921875E+2	4,946547E-5	7,921875E+2	-1,169521E-3	7,921875E+2	9,047673E-5	7,921875E+2	-1,234818E-3
7,937500E+2	1,331686E-4	7,937500E+2	-1,237773E-3	7,937500E+2	2,263540E-4	7,937500E+2	-1,149407E-3	7,937500E+2	5,251569E-5	7,937500E+2	-1,177411E-3	7,937500E+2	8,858602E-5	7,937500E+2	-1,290627E-3
7,953125E+2	1,314167E-4	7,953125E+2	-1,218738E-3	7,953125E+2	2,297618E-4	7,953125E+2	-1,134686E-3	7,953125E+2	5,498176E-5	7,953125E+2	-1,193386E-3	7,953125E+2	8,589848E-5	7,953125E+2	-1,299748E-3
7,968750E+2	1,289203E-4	7,968750E+2	-1,195070E-3	7,968750E+2	2,329827E-4	7,968750E+2	-1,115849E-3	7,968750E+2	5,763762E-5	7,968750E+2	-1,208989E-3	7,968750E+2	8,303552E-5	7,968750E+2	-1,307487E-3
7,984375E+2	1,285856E-4	7,984375E+2	-1,196998E-3	7,984375E+2	2,376452E-4	7,984375E+2	-1,117152E-3	7,984375E+2	5,723733E-5	7,984375E+2	-1,211464E-3	7,984375E+2	8,360375E-5	7,984375E+2	-1,279715E-3
8,000000E+2	1,282294E-4	8,000000E+2	-1,197454E-3	8,000000E+2	2,428299E-4	8,000000E+2	-1,116625E-3	8,000000E+2	5,668027E-5	8,000000E+2	-1,212367E-3	8,000000E+2	8,409161E-5	8,000000E+2	-1,247043E-3
8,015625E+2	1,288746E-4	8,015625E+2	-1,202892E-3	8,015625E+2	2,444485E-4	8,015625E+2	-1,108169E-3	8,015625E+2	5,929136E-5	8,015625E+2	-1,209201E-3	8,015625E+2	9,402153E-5	8,015625E+2	-1,200284E-3
8,031250E+2	1,296209E-4	8,031250E+2	-1,207313E-3	8,031250E+2	2,459745E-4	8,031250E+2	-1,096894E-3	8,031250E+2	6,199753E-5	8,031250E+2	-1,204023E-3	8,031250E+2	1,045223E-4	8,031250E+2	-1,146377E-3
8,046875E+2	1,390016E-4	8,046875E+2	-1,228816E-3	8,046875E+2	2,525466E-4	8,046875E+2	-1,093820E-3	8,046875E+2	6,767464E-5	8,046875E+2	-1,201217E-3	8,046875E+2	1,119794E-4	8,046875E+2	-1,142840E-3
8,062500E+2	1,494868E-4	8,062500E+2	-1,250895E-3	8,062500E+2	2,594851E-4	8,062500E+2	-1,088641E-3	8,062500E+2	7,376739E-5	8,062500E+2	-1,196399E-3	8,062500E+2	1,198127E-4	8,062500E+2	-1,136951E-3
8,078125E+2	1,567795E-4	8,078125E+2	-1,243602E-3	8,078125E+2	2,672132E-4	8,078125E+2	-1,085535E-3	8,078125E+2	7,558921E-5	8,078125E+2	-1,203024E-3	8,078125E+2	1,198229E-4	8,078125E+2	-1,158930E-3
8,093750E+2	1,644849E-4	8,093750E+2	-1,233686E-3	8,093750E+2	2,753558E-4	8,093750E+2	-1,080370E-3	8,093750E+2	7,747364E-5	8,093750E+2	-1,208532E-3	8,093750E+2	1,198573E-4	8,093750E+2	-1,180729E-3
8,109375E+2	1,679239E-4	8,109375E+2	-1,232406E-3	8,109375E+2	2,807864E-4	8,109375E+2	-1,079357E-3	8,109375E+2	8,147665E-5	8,109375E+2	-1,178599E-3	8,109375E+2	1,228968E-4	8,109375E+2	-1,183522E-3
8,125000E+2	1,714772E-4	8,125000E+2	-1,229253E-3	8,125000E+2	2,865185E-4	8,125000E+2	-1,076525E-3	8,125000E+2	8,528718E-5	8,125000E+2	-1,142236E-3	8,125000E+2	1,260703E-4	8,125000E+2	-1,184588E-3
8,140625E+2	1,705524E-4	8,140625E+2	-1,230607E-3	8,140625E+2	2,865659E-4	8,140625E+2	-1,074355E-3	8,140625E+2	8,350698E-5	8,140625E+2	-1,224613E-3	8,140625E+2	1,327808E-4	8,140625E+2	-1,145291E-3
8,156250E+2	1,694071E-4	8,156250E+2	-1,230373E-3	8,156250E+2	2,865229E-4	8,156250E+2	-1,070502E-3	8,156250E+2	8,252772E-5	8,156250E+2	-1,314607E-3	8,156250E+2	1,396698E-4	8,156250E+2	-1,100244E-3
8,171875E+2	1,696880E-4	8,171875E+2	-1,217740E-3	8,171875E+2	2,875703E-4	8,171875E+2	-1,067056E-3	8,171875E+2	8,414671E-5	8,171875E+2	-1,261079E-3	8,171875E+2	1,403243E-4	8,171875E+2	-1,054463E-3
8,187500E+2	1,698071E-4	8,187500E+2	-1,202367E-3	8,187500E+2	2,885972E-4	8,187500E+2	-1,061890E-3	8,187500E+2	8,564335E-5	8,187500E+2	-1,203844E-3	8,187500E+2	1,407395E-4	8,187500E+2	-1,003426E-3
8,203125E+2	1,701879E-4	8,203125E+2	-1,171268E-3	8,203125E+2	2,908783E-4	8,203125E+2	-1,058756E-3	8,203125E+2	8,694901E-5	8,203125E+2	-1,164183E-3	8,203125E+2	1,400395E-4	8,203125E+2	-9,917632E-4
8,218750E+2	1,702915E-4	8,218750E+2	-1,136297E-3	8,218750E+2	2,931695E-4	8,218750E+2	-1,054003E-3	8,218750E+2	8,810103E-5	8,218750E+2	-1,121908E-3	8,218750E+2	1,392218E-4	8,218750E+2	-9,783399E-4
8,234375E+2	1,683150E-4	8,234375E+2	-1,112325E-3	8,234375E+2	2,944289E-4	8,234375E+2	-1,041473E-3	8,234375E+2	8,793735E-5	8,234375E+2	-1,091525E-3	8,234375E+2	1,406234E-4	8,234375E+2	-9,282662E-4
8,250000E+2	1,659696E-4	8,250000E+2	-1,085498E-3	8,250000E+2	2,954352E-4	8,250000E+2	-1,026748E-3	8,250000E+2	8,760958E-5	8,250000E+2	-1,059118E-3	8,250000E+2	1,414828E-4	8,250000E+2	-8,746868E-4
8,265625E+2	1,652761E-4	8,265625E+2	-1,078809E-3	8,265625E+2	3,004851E-4	8,265625E+2	-1,023048E-3	8,265625E+2	8,391760E-5	8,265625E+2	-1,013752E-3	8,265625E+2	1,508733E-4	8,265625E+2	-7,841636E-4
8,281250E+2	1,644671E-4	8,281250E+2	-1,070702E-3	8,281250E+2	3,057295E-4	8,281250E+2	-1,017851E-3	8,281250E+2	7,985447E-5	8,281250E+2	-9,657425E-4	8,281250E+2	1,594326E-4	8,281250E+2	-6,878147E-4
8,296875E+2	1,728595E-4	8,296875E+2	-1,094445E-3	8,296875E+2	3,167248E-4	8,296875E+2	-1,022735E-3	8,296875E+2	8,241514E-5	8,296875E+2	-6,982502E-4	8,296875E+2	1,652023E-4	8,296875E+2	-6,342530E-4
8,312500E+2	1,818172E-4	8,312500E+2	-1,118547E-3	8,312500E+2	3,283637E-4	8,312500E+2	-1,026659E-3	8,312500E+2	8,354262E-5	8,312500E+2	-4,057181E-4	8,312500E+2	1,704293E-4	8,312500E+2	-5,777013E-4
8,328125E+2	1,946915E-4	8,328125E+2	-1,204909E-3	8,328125E+2	3,332777E-4	8,328125E+2	-1,025448E-3	8,328125E+2	1,018434E-4	8,328125E+2	-9,106850E-4	8,328125E+2	1,740592E-4	8,328125E+2	-5,276445E-4
8,343750E+2	2,093160E-4	8,343750E+2	-1,294981E-3	8,343750E+2	3,383158E-4	8,343750E+2	-1,023124E-3	8,343750E+2	1,337917E-4	8,343750E+2	-1,450252E-3	8,343750E+2	1,771330E-4	8,343750E+2	-4,748831E-4
8,359375E+2	2,080600E-4	8,359375E+2	-1,369066E-3	8,359375E+2	3,292131E-4	8,359375E+2	-9,914459E-4	8,359375E+2	1,367612E-4	8,359375E+2	-1,499815E-3	8,359375E+2	1,801960E-4	8,359375E+2	-4,429176E-4
8,375000E+2	2,073228E-4	8,375000E+2	-1,445772E-3	8,375000E+2	3,191289E-4	8,375000E+2	-9,573938E-4	8,375000E+2	1,398663E-4	8,375000E+2	-1,549739E-3	8,375000E+2	1,828723E-4	8,375000E+2	-4,091509E-4
8,390625E+2	1,985556E-4	8,390625E+2	-1,336510E-3	8,390625E+2	3,019108E-4	8,390625E+2	-9,014066E-4	8,390625E+2	1,420140E-4	8,390625E+2	-1,592825E-3	8,390625E+2	1,825635E-4	8,390625E+2	-4,259117E-4
8,406250E+2	1,886771E-4	8,406250E+2	-1,221488E-3	8,406250E+2	2,829099E-4	8,406250E+2	-8,418642E-4	8,406250E+2	1,442302E-4	8,406250E+2	-1,636065E-3	8,406250E+2	1,826967E-4	8,406250E+2	-4,425483E-4
8,421875E+2	1,750213E-4	8,421875E+2	-1,052803E-3	8,421875E+2	2,954486E-4	8,421875E+2	-8,472420E-4	8,421875E+2	1,502075E-4	8,421875E+2	-1,676417E-3	8,421875E+2	1,893206E-4	8,421875E+2	-4,452692E-4
8,437500E+2	1,592438E-4	8,437500E+2	-8,755426E-4	8,437500E+2	3,088232E-4	8,437500E+2	-8,518972E-4	8,437500E+2	1,563167E-4	8,437500E+2	-1,716805E-3	8,437500E+2	1,963054E-4	8,437500E+2	-4,469897E-4
8,453125E+2	1,408886E-4	8,453125E+2	-6,935990E-4	8,453125E+2	3,468491E-4	8,453125E+2	-9,244504E-4	8,453125E+2	1,602978E-4	8,453125E+2	-1,755876E-3	8,453125E+2	2,028632E-4	8,453125E+2	-3,581622E-4
8,468750E+2	1,202187E-4	8,468750E+2	-5,036973E-4	8,468750E+2	3,883949E-4	8,468750E+2	-9,991658E-4	8,468750E+2	1,643353E-4	8,468750E+2	-1,794927E-3	8,468750E+2	2,081745E-4	8,468750E+2	-2,668154E-4
8,484375E+2	1,195305E-4	8,484375E+2	-4,266776E-4	8,484375E+2	3,850254E-4	8,484375E+2	-9,863272E-4	8,484375E+2	1,524859E-4	8,484375E+2	-9,833965E-4	8,484375E+2	2,586609E-4	8,484375E+2	7,366475E-5
8,500000E+2	1,184617E-4	8,500000E+2	-3,472053E-4	8,500000E+2	3,812810E-4	8,500000E+2	-9,722734E-4	8,500000E+2	1,205475E-4	8,500000E+2	-9,249725E-5	8,500000E+2	2,934536E-4	8,500000E+2	4,277044E-4
8,515625E+2	1,684509E-4	8,515625E+2	-8,777352E-4	8,515625E+2	3,933989E-4	8,515625E+2	-9,939276E-4	8,515625E+2	1,168187E-4	8,515625E+2	-8,332872E-5	8,515625E+2	2,957381E-4	8,515625E+2	3,965292E-4
8,531250E+2	2,340338E-4	8,531250E+2	-1,424946E-3	8,531250E+2	4,060771E-4	8,531250E+2	-1,015342E-3	8,531250E+2	1,129343E-4	8,531250E+2	-7,373615E-5	8,531250E+2	2,980051E-4	8,531250E+2	3,652439E-4
8,546875E+2	2,326306E-4	8,546875E+2	-1,412154E-3	8,546875E+2	3,956598E-4	8,546875E+2	-9,979672E-4	8,546875E+2	1,053641E-4	8,546875E+2	-7,164602E-5	8,546875E+2	2,997150E-4	8,546875E+2	3,358630E-4
8,562500E+2	2,310624E-4	8,562500E+2	-1,398532E-3	8,562500E+2	3,845913E-4	8,562500E+2	-9,794575E-4	8,562500E+2	9,762711E-5	8,562500E+2	-6,929391E-5	8,562500E+2	3,014011E-4	8,562500E+2	3,063729E-4
8,578125E+2	2,290136E-4	8,578125E+2	-1,390908E-3	8,578125E+2	3,627890E-4	8,578125E+2	-9,416159E-4	8,578125E+2	9,405787E-5	8,578125E+2	-7,248347E-5	8,578125E+2	3,013941E-4	8,578125E+2	2,797237E-4
8,593750E+2	2,268192E-4	8,593750E+2	-1,382592E-3	8,593750E+2	3,401029E-4	8,593750E+2	-9,024134E-4	8,593750E+2	9,040739E-5	8,593750E+2	-7,548045E-5	8,593750E+2	3,013510E-4	8,593750E+2	2,529875E-4
8,609375E+2	2,230692E-4	8,609375E+2	-1,371019E-3	8,609375E+2	3,206194E-4	8,609375E+2	-8,563830E-4	8,609375E+2	1,168031E-4	8,609375E+2	-4,160449E-4	8,609375E+2	3,016717E-4	8,609375E+2	2,255741E-4
8,625000E+2	2,191488E-4	8,625000E+2	-1,358747E-3	8,625000E+2	3,003270E-4	8,625000E+2	-8,088961E-4	8,625000E+2	1,473016E-4	8,625000E+2	-7,502634E-4	8,625000E+2	3,019709E-4	8,625000E+2	1,980581E-4
8,640625E+2	2,147868E-4	8,640625E+2	-1,334791E-3	8,640625E+2	2,789450E-4	8,640625E+2	-7,353501E-4	8,640625E+2	1,476898E-4	8,640625E+2	-7,473856E-4	8,640625E+2	3,023030E-4	8,640625E+2	1,612192E-4
8,656250E+2	2,102102E-4	8,656250E+2	-1,309997E-3	8,656250E+2	2,564281E-4	8,656250E+2	-6,595618E-4	8,656250E+2	1,480060E-4	8,656250E+2	-7,441270E-4	8,656250E+2	3,027163E-4	8,656250E+2	1,241572E-4
8,671875E+2	1,561868E-4	8,671875E+2	-4,965958E-4	8,671875E+2	3,026800E-4	8,671875E+2	-7,172927E-4	8,671875E+2	1,463935E-4	8,671875E+2	-7,453850E-4	8,671875E+2	2,812396E-4	8,671875E+2	-1,493324E-4
8,687500E+2	8,089659E-5	8,687500E+2	3,440951E-4	8,687500E+2	3,508698E-4	8,687500E+2	-7,712250E-4	8,687500E+2	1,447015E-4	8,687500E+2	-7,463400E-4	8,687500E+2	2,785343E-4	8,687500E+2	-4,167206E-4
8,703125E+2	8,611547E-5	8,703125E+2	2,883306E-4	8,703125E+2	3,282204E-4	8,703125E+2	-7,059109E-4	8,703125E+2	1,464584E-4	8,703125E+2	-7,544392E-4	8,703125E+2	2,701785E-4	8,703125E+2	-4,070271E-4
8,718750E+2	9,150023E-5	8,718750E+2	2,322368E-4	8,718750E+2	3,048786E-4	8,718750E+2	-6,390616E-4	8,718750E+2	1,481821E-4	8,718750E+2	-7,623167E-4	8,718750E+2	2,615111E-4	8,718750E+2	-3,971231E-4
8,734375E+2	1,568627E-4	8,734375E+2	-1,983565E-4	8,734375E+2	3,140841E-4	8,734375E+2	-6,779393E-4	8,734375E+2	1,003607E-4	8,734375E+2	-1,674785E-4	8,734375E+2	2,545144E-4	8,734375E+2	-3,701368E-4
8,750000E+2	2,293302E-4	8,750000E+2	-6,203768E-4	8,750000E+2	3,233386E-4	8,750000E+2	-7,167768E-4	8,750000E+2	4,207636E-5	8,750000E+2	4,212619E-4	8,750000E+2	2,469863E-4	8,750000E+2	-3,428717E-4
8,765625E+2	2,316775E-4	8,765625E+2	-6,640847E-4	8,765625E+2	3,328472E-4	8,765625E+2	-7,578609E-4	8,765625E+2	4,101535E-5	8,765625E+2	3,887663E-4	8,765625E+2	2,519664E-4	8,765625E+2	-2,942085E-4
8,781250E+2	2,340757E-4	8,781250E+2	-7,078169E-4	8,781250E+2	3,424080E-4	8,781250E+2	-7,988966E-4	8,781250E+2	3,998036E-5	8,781250E+2	3,562151E-4	8,781250E+2	2,560072E-4	8,781250E+2	-2,449887E-4
8,796875E+2	2,353807E-4	8,796875E+2	-7,507690E-4	8,796875E+2	3,843939E-4	8,796875E+2	-8,823206E-4	8,796875E+2	3,961496E-5	8,796875E+2	3,237404E-4	8,796875E+2	3,215133E-4	8,796875E+2	1,805952E-4
8,812500E+2	2,367472E-4	8,812500E+2	-7,936993E-4	8,812500E+2	4,265243E-4	8,812500E+2	-9,652992E-4	8,812500E+2	3,928510E-5	8,812500E+2	2,912346E-4	8,812500E+2	3,376181E-4	8,812500E+2	6,082297E-4
8,828125E+2	2,381852E-4	8,828125E+2	-8,325897E-4	8,828125E+2	4,347539E-4	8,828125E+2	-1,002924E-3	8,828125E+2	3,805038E-5	8,828125E+2	2,645243E-4	8,828125E+2	3,427005E-4	8,828125E+2	6,144883E-4
8,843750E+2	2,397034E-4	8,843750E+2	-8,713402E-4	8,843750E+2	4,429759E-4	8,843750E+2	-1,040343E-3	8,843750E+2	3,684477E-5	8,843750E+2	2,378194E-4	8,843750E+2	3,474507E-4	8,843750E+2	6,209285E-4
8,859375E+2	1,711220E-4	8,859375E+2	-3,758548E-4	8,859375E+2	3,059493E-4	8,859375E+2	-5,981689E-4	8,859375E+2	3,627669E-5	8,859375E+2	2,216141E-4	8,859375E+2	3,528308E-4	8,859375E+2	6,103268E-4
8,875000E+2	9,257059E-5	8,875000E+2	1,093138E-4	8,875000E+2	1,616214E-4	8,875000E+2	-1,583620E-4	8,875000E+2	3,571014E-5	8,875000E+2	2,054211E-4	8,875000E+2	3,581551E-4	8,875000E+2	5,997940E-4
8,890625E+2	9,384875E-5	8,890625E+2	7,347598E-5	8,890625E+2	1,777701E-4	8,890625E+2	-2,058914E-4	8,890625E+2	3,402762E-5	8,890625E+2	2,060598E-4	8,890625E+2	3,607286E-4	8,890625E+2	5,737523E-4
8,906250E+2	9,524282E-5	8,906250E+2	3,778292E-5	8,906250E+2	1,939607E-4	8,906250E+2	-2,531692E-4	8,906250E+2	3,230308E-5	8,906250E+2	2,066631E-4	8,906250E+2	3,636227E-4	8,906250E+2	5,477388E-4
8,921875E+2	9,622606E-5	8,921875E+2	2,022181E-5	8,921875E+2	2,106866E-4	8,921875E+2	-3,011811E-4	8,921875E+2	3,091290E-5	8,921875E+2	2,254201E-4	8,921875E+2	3,608855E-4	8,921875E+2	5,052961E-4
8,937500E+2	9,724043E-5	8,937500E+2	2,777600E-6	8,937500E+2	2,274192E-4	8,937500E+2	-3,487204E-4	8,937500E+2	2,941791E-5	8,937500E+2	2,440116E-4	8,937500E+2	3,593786E-4	8,937500E+2	4,630316E-4
8,953125E+2	9,447007E-5	8,953125E+2	1,581639E-5	8,953125E+2	2,262374E-4	8,953125E+2	-3,607622E-4	8,953125E+2	2,634790E-5	8,953125E+2	2,922083E-4	8,953125E+2	3,559882E-4	8,953125E+2	4,189222E-4
8,968750E+2	9,158443E-5	8,968750E+2	2,873861E-5	8,968750E+2	2,249750E-4	8,968750E+2	-3,721780E-4	8,968750E+2	2,304617E-5	8,968750E+2	3,397663E-4	8,968750E+2	3,543432E-4	8,968750E+2	3,752044E-4
8,984375E+2	8,992246E-5	8,984375E+2	5,415347E-5	8,984375E+2	2,063219E-4	8,984375E+2	-3,293657E-4	8,984375E+2	1,971237E-5	8,984375E+2	3,818145E-4	8,984375E+2	3,543266E-4	8,984375E+2	3,407872E-4
9,000000E+2	8,804214E-5	9,000000E+2	7,925649E-5	9,000000E+2	1,875107E-4	9,000000E+2	-2,866201E-4	9,000000E+2	1,617568E-5	9,000000E+2	4,231903E-4	9,000000E+2	3,554913E-4	9,000000E+2	3,065997E-4
9,015625E+2	8,789688E-5	9,015625E+2	1,026089E-4	9,015625E+2	1,835211E-4	9,015625E+2	-2,671516E-4	9,015625E+2	1,462518E-5	9,015625E+2	4,380918E-4	9,015625E+2	3,555841E-4	9,015625E+2	2,689860E-4
9,031250E+2	8,751352E-5	9,031250E+2	1,256194E-4	9,031250E+2	1,793657E-4	9,031250E+2	-2,478318E-4	9,031250E+2	1,298424E-5	9,031250E+2	4,527047E-4	9,031250E+2	3,569033E-4	9,031250E+2	2,314414E-4
9,046875E+2	8,630169E-5	9,046875E+2	1,465614E-4	9,046875E+2	1,683324E-4	9,046875E+2	-2,231639E-4	9,046875E+2	1,286636E-5	9,046875E+2	4,541529E-4	9,046875E+2	3,564165E-4	9,046875E+2	1,944007E-4
9,062500E+2	8,487931E-5	9,062500E+2	1,671249E-4	9,062500E+2	1,572190E-4	9,062500E+2	-1,988745E-4	9,062500E+2	1,269417E-5	9,062500E+2	4,554633E-4	9,062500E+2	3,570692E-4	9,062500E+2	1,572983E-4
9,078125E+2	8,199322E-5	9,078125E+2	1,829143E-4	9,078125E+2	1,444335E-4	9,078125E+2	-1,713616E-4	9,078125E+2	1,269576E-5	9,078125E+2	4,504554E-4	9,078125E+2	3,556521E-4	9,078125E+2	1,196602E-4
9,093750E+2	7,895754E-5	9,093750E+2	1,983462E-4	9,093750E+2	1,315902E-4	9,093750E+2	-1,442819E-4	9,093750E+2	1,266273E-5	9,093750E+2	4,453657E-4	9,093750E+2	3,553956E-4	9,093750E+2	8,187948E-5
9,109375E+2	7,770309E-5	9,109375E+2	2,065666E-4	9,109375E+2	1,199212E-4	9,109375E+2	-1,136862E-4	9,109375E+2	1,385663E-5	9,109375E+2	4,335416E-4	9,109375E+2	3,527820E-4	9,109375E+2	3,810902E-5
9,125000E+2	7,633381E-5	9,125000E+2	2,145122E-4	9,125000E+2	1,081785E-4	9,125000E+2	-8,362314E-5	9,125000E+2	1,502319E-5	9,125000E+2	4,217026E-4	9,125000E+2	3,517496E-4	9,125000E+2	-5,907361E-6
9,140625E+2	7,544739E-5	9,140625E+2	2,177831E-4	9,140625E+2	9,249039E-5	9,140625E+2	-3,885663E-5	9,140625E+2	1,662574E-5	9,140625E+2	4,059184E-4	9,140625E+2	3,509560E-4	9,140625E+2	-5,750684E-5
9,156250E+2	7,447460E-5	9,156250E+2	2,208354E-4	9,156250E+2	7,673599E-5	9,156250E+2	4,956332E-6	9,156250E+2	1,820749E-5	9,156250E+2	3,901629E-4	9,156250E+2	3,525166E-4	9,156250E+2	-1,093194E-4
9,171875E+2	7,526801E-5	9,171875E+2	2,162872E-4	9,171875E+2	5,196865E-5	9,171875E+2	7,816203E-5	9,171875E+2	1,956979E-5	9,171875E+2	3,709312E-4	9,171875E+2	3,561586E-4	9,171875E+2	-1,468556E-4
9,187500E+2	7,599926E-5	9,187500E+2	2,116490E-4	9,187500E+2	2,716748E-5	9,187500E+2	1,492657E-4	9,187500E+2	2,092793E-5	9,187500E+2	3,517827E-4	9,187500E+2	3,609740E-4	9,187500E+2	-1,845865E-4
9,203125E+2	7,717344E-5	9,203125E+2	2,029766E-4	9,203125E+2	7,616583E-6	9,203125E+2	2,069729E-4	9,203125E+2	2,392942E-5	9,203125E+2	3,230786E-4	9,203125E+2	3,634637E-4	9,203125E+2	-2,115690E-4
9,218750E+2	7,830631E-5	9,218750E+2	1,942821E-4	9,218750E+2	-1,195006E-5	9,218750E+2	2,628877E-4	9,218750E+2	2,694722E-5	9,218750E+2	2,946585E-4	9,218750E+2	3,664085E-4	9,218750E+2	-2,388479E-4
9,234375E+2	7,904067E-5	9,234375E+2	1,842973E-4	9,234375E+2	-1,648958E-5	9,234375E+2	2,735306E-4	9,234375E+2	3,115012E-5	9,234375E+2	2,524565E-4	9,234375E+2	3,683366E-4	9,234375E+2	-2,672474E-4
9,250000E+2	7,975291E-5	9,250000E+2	1,743198E-4	9,250000E+2	-2,107470E-5	9,250000E+2	2,837328E-4	9,250000E+2	3,543898E-5	9,250000E+2	2,109975E-4	9,250000E+2	3,707750E-4	9,250000E+2	-2,960188E-4
9,265625E+2	8,272439E-5	9,265625E+2	1,584828E-4	9,265625E+2	-1,338958E-5	9,265625E+2	2,577543E-4	9,265625E+2	4,129471E-5	9,265625E+2	1,457606E-4	9,265625E+2	3,743176E-4	9,265625E+2	-3,268161E-4
9,281250E+2	8,568175E-5	9,281250E+2	1,428103E-4	9,281250E+2	-5,786057E-6	9,281250E+2	2,321074E-4	9,281250E+2	4,746900E-5	9,281250E+2	8,249000E-5	9,281250E+2	3,785576E-4	9,281250E+2	-3,579918E-4
9,296875E+2	8,856815E-5	9,296875E+2	1,289141E-4	9,296875E+2	1,800129E-5	9,296875E+2	1,569658E-4	9,296875E+2	5,387901E-5	9,296875E+2	1,675477E-6	9,296875E+2	3,862160E-4	9,296875E+2	-3,904045E-4
9,312500E+2	9,143201E-5	9,312500E+2	1,151713E-4	9,312500E+2	4,168732E-5	9,312500E+2	8,439891E-5	9,312500E+2	6,093204E-5	9,312500E+2	-7,542741E-5	9,312500E+2	3,948358E-4	9,312500E+2	-4,231577E-4
9,328125E+2	9,410398E-5	9,328125E+2	1,030698E-4	9,328125E+2	7,598450E-5	9,328125E+2	-2,769605E-5	9,328125E+2	6,522185E-5	9,328125E+2	-1,307524E-4	9,328125E+2	4,091238E-4	9,328125E+2	-4,492570E-4
9,343750E+2	9,674827E-5	9,343750E+2	9,109663E-5	9,343750E+2	1,102523E-4	9,343750E+2	-1,334430E-4	9,343750E+2	6,991699E-5	9,343750E+2	-1,838436E-4	9,343750E+2	4,238400E-4	9,343750E+2	-4,753136E-4
9,359375E+2	1,000794E-4	9,359375E+2	7,683747E-5	9,359375E+2	1,372518E-4	9,359375E+2	-2,193891E-4	9,359375E+2	7,204435E-5	9,359375E+2	-2,126703E-4	9,359375E+2	4,424991E-4	9,359375E+2	-4,931856E-4
9,375000E+2	1,033897E-4	9,375000E+2	6,280678E-5	9,375000E+2	1,641940E-4	9,375000E+2	-3,011758E-4	9,375000E+2	7,435433E-5	9,375000E+2	-2,405529E-4	9,375000E+2	4,612063E-4	9,375000E+2	-5,106814E-4
9,390625E+2	1,066336E-4	9,390625E+2	4,604994E-5	9,390625E+2	1,814654E-4	9,390625E+2	-3,586145E-4	9,390625E+2	7,440380E-5	9,390625E+2	-2,458701E-4	9,390625E+2	4,763349E-4	9,390625E+2	-5,184757E-4
9,406250E+2	1,098852E-4	9,406250E+2	2,963581E-5	9,406250E+2	1,985983E-4	9,406250E+2	-4,140004E-4	9,406250E+2	7,448664E-5	9,406250E+2	-2,511152E-4	9,406250E+2	4,911758E-4	9,406250E+2	-5,259579E-4
9,421875E+2	1,139785E-4	9,421875E+2	7,666911E-6	9,421875E+2	2,124254E-4	9,421875E+2	-4,623511E-4	9,421875E+2	7,114273E-5	9,421875E+2	-2,223478E-4	9,421875E+2	5,031732E-4	9,421875E+2	-5,303815E-4
9,437500E+2	1,181368E-4	9,437500E+2	-1,365842E-5	9,437500E+2	2,261306E-4	9,437500E+2	-5,092494E-4	9,437500E+2	6,760954E-5	9,437500E+2	-1,949900E-4	9,437500E+2	5,148123E-4	9,437500E+2	-5,345389E-4
9,453125E+2	1,208782E-4	9,453125E+2	-3,611233E-5	9,453125E+2	2,369883E-4	9,453125E+2	-5,525535E-4	9,453125E+2	6,197195E-5	9,453125E+2	-1,364945E-4	9,453125E+2	5,351474E-4	9,453125E+2	-5,397405E-4
9,468750E+2	1,237908E-4	9,468750E+2	-5,778699E-5	9,468750E+2	2,477586E-4	9,468750E+2	-5,946585E-4	9,468750E+2	5,579848E-5	9,468750E+2	-8,138964E-5	9,468750E+2	5,551532E-4	9,468750E+2	-5,443756E-4
9,484375E+2	1,244606E-4	9,484375E+2	-7,890786E-5	9,484375E+2	2,567312E-4	9,484375E+2	-6,347897E-4	9,484375E+2	5,055951E-5	9,484375E+2	-4,265857E-5	9,484375E+2	6,093459E-4	9,484375E+2	-5,446299E-4
9,500000E+2	1,254107E-4	9,500000E+2	-9,922791E-5	9,500000E+2	2,656459E-4	9,500000E+2	-6,739021E-4	9,500000E+2	4,500289E-5	9,500000E+2	-6,143019E-6	9,500000E+2	6,627723E-4	9,500000E+2	-5,422345E-4
9,515625E+2	1,267385E-4	9,515625E+2	-1,215774E-4	9,515625E+2	2,704741E-4	9,515625E+2	-7,088145E-4	9,515625E+2	4,290201E-5	9,515625E+2	1,054844E-5	9,515625E+2	6,959086E-4	9,515625E+2	-5,221558E-4
9,531250E+2	1,283734E-4	9,531250E+2	-1,429629E-4	9,531250E+2	2,753414E-4	9,531250E+2	-7,428898E-4	9,531250E+2	4,062522E-5	9,531250E+2	2,618694E-5	9,531250E+2	7,276319E-4	9,531250E+2	-5,008075E-4
9,546875E+2	1,338900E-4	9,546875E+2	-1,659412E-4	9,546875E+2	1,746340E-4	9,546875E+2	-3,326473E-4	9,546875E+2	3,924039E-5	9,546875E+2	3,459859E-5	9,546875E+2	7,429554E-4	9,546875E+2	-4,734898E-4
9,562500E+2	1,395661E-4	9,562500E+2	-1,876697E-4	9,562500E+2	6,840339E-5	9,562500E+2	1,047699E-5	9,562500E+2	3,773810E-5	9,562500E+2	4,236956E-5	9,562500E+2	7,568506E-4	9,562500E+2	-4,457323E-4
9,578125E+2	1,489376E-4	9,578125E+2	-2,205313E-4	9,578125E+2	5,861482E-5	9,578125E+2	2,862388E-5	9,578125E+2	3,750251E-5	9,578125E+2	4,863010E-5	9,578125E+2	7,425204E-4	9,578125E+2	-3,855799E-4
9,593750E+2	1,586881E-4	9,593750E+2	-2,509320E-4	9,593750E+2	4,887260E-5	9,593750E+2	4,522035E-5	9,593750E+2	3,715220E-5	9,593750E+2	5,436286E-5	9,593750E+2	7,252458E-4	9,593750E+2	-3,264456E-4
9,609375E+2	1,663085E-4	9,609375E+2	-3,069549E-4	9,609375E+2	4,364913E-5	9,609375E+2	4,337388E-5	9,609375E+2	3,925327E-5	9,609375E+2	5,933755E-5	9,609375E+2	6,175615E-4	9,609375E+2	-2,206916E-4
9,625000E+2	1,761522E-4	9,625000E+2	-3,573278E-4	9,625000E+2	3,854471E-5	9,625000E+2	4,109798E-5	9,625000E+2	4,121863E-5	9,625000E+2	6,389069E-5	9,625000E+2	5,065302E-4	9,625000E+2	-1,237483E-4
9,640625E+2	1,760657E-4	9,640625E+2	-3,748435E-4	9,640625E+2	3,894470E-5	9,640625E+2	2,861488E-5	9,640625E+2	3,278031E-5	9,640625E+2	-8,461057E-4	9,640625E+2	4,639439E-4	9,640625E+2	-9,737252E-5
9,656250E+2	1,769472E-4	9,656250E+2	-3,909697E-4	9,656250E+2	3,937244E-5	9,656250E+2	1,625075E-5	9,656250E+2	2,277485E-4	9,656250E+2	-1,093702E-3	9,656250E+2	4,220470E-4	9,656250E+2	-7,277267E-5
9,671875E+2	1,738115E-4	9,671875E+2	-3,793058E-4	9,671875E+2	1,582290E-4	9,671875E+2	-4,295593E-4	9,671875E+2	2,248467E-4	9,671875E+2	-1,099486E-3	9,671875E+2	4,113237E-4	9,671875E+2	-7,033104E-5
9,687500E+2	1,707147E-4	9,687500E+2	-3,684372E-4	9,687500E+2	3,306490E-4	9,687500E+2	-6,520467E-4	9,687500E+2	2,220734E-4	9,687500E+2	-1,105555E-3	9,687500E+2	4,006252E-4	9,687500E+2	-6,822586E-5
9,703125E+2	1,670554E-4	9,703125E+2	-3,348070E-4	9,703125E+2	3,242537E-4	9,703125E+2	-6,593941E-4	9,703125E+2	2,194442E-4	9,703125E+2	-1,114374E-3	9,703125E+2	4,007135E-4	9,703125E+2	-7,388255E-5
9,718750E+2	1,627249E-4	9,718750E+2	-3,034919E-4	9,718750E+2	3,179292E-4	9,718750E+2	-6,670653E-4	9,718750E+2	2,170091E-4	9,718750E+2	-1,123387E-3	9,718750E+2	4,005779E-4	9,718750E+2	-7,946361E-5
9,734375E+2	1,889962E-4	9,734375E+2	-6,834952E-4	9,734375E+2	3,121654E-4	9,734375E+2	-6,763765E-4	9,734375E+2	2,137009E-4	9,734375E+2	-1,134064E-3	9,734375E+2	4,110269E-4	9,734375E+2	-9,261945E-5
9,750000E+2	3,050908E-4	9,750000E+2	-8,940464E-4	9,750000E+2	3,064621E-4	9,750000E+2	-6,859448E-4	9,750000E+2	2,107083E-4	9,750000E+2	-1,144899E-3	9,750000E+2	4,210255E-4	9,750000E+2	-1,052923E-4
9,765625E+2	2,970354E-4	9,765625E+2	-8,730413E-4	9,765625E+2	3,019326E-4	9,765625E+2	-6,978436E-4	9,765625E+2	2,068939E-4	9,765625E+2	-1,157038E-3	9,765625E+2	4,357538E-4	9,765625E+2	-1,211054E-4
9,781250E+2	2,891103E-4	9,781250E+2	-8,540419E-4	9,781250E+2	2,975275E-4	9,781250E+2	-7,099008E-4	9,781250E+2	2,035530E-4	9,781250E+2	-1,169300E-3	9,781250E+2	4,499538E-4	9,781250E+2	-1,362766E-4
9,796875E+2	2,840837E-4	9,796875E+2	-8,451953E-4	9,796875E+2	2,930014E-4	9,796875E+2	-7,242120E-4	9,796875E+2	1,981108E-4	9,796875E+2	-1,182079E-3	9,796875E+2	4,650029E-4	9,796875E+2	-1,515459E-4
9,812500E+2	2,793418E-4	9,812500E+2	-8,375801E-4	9,812500E+2	2,886937E-4	9,812500E+2	-7,385951E-4	9,812500E+2	1,934452E-4	9,812500E+2	-1,194887E-3	9,812500E+2	4,794956E-4	9,812500E+2	-1,660614E-4
9,828125E+2	2,744205E-4	9,828125E+2	-8,334601E-4	9,828125E+2	1,670282E-4	9,828125E+2	-1,716501E-5	9,828125E+2	2,189764E-4	9,828125E+2	4,576393E-5	9,828125E+2	4,894631E-4	9,828125E+2	-1,831313E-4
9,843750E+2	2,698656E-4	9,843750E+2	-8,303765E-4	9,843750E+2	-3,757065E-5	9,843750E+2	3,657382E-4	9,843750E+2	-1,032922E-5	9,843750E+2	4,442385E-4	9,843750E+2	4,991504E-4	9,843750E+2	-1,994805E-4
9,859375E+2	2,429503E-4	9,859375E+2	-8,869897E-5	9,859375E+2	-3,189441E-5	9,859375E+2	3,381832E-4	9,859375E+2	-4,805065E-6	9,859375E+2	4,163438E-4	9,859375E+2	5,053110E-4	9,859375E+2	-2,186102E-4
9,875000E+2	6,191110E-5	9,875000E+2	3,405457E-4	9,875000E+2	-2,588120E-5	9,875000E+2	3,110746E-4	9,875000E+2	1,842663E-6	9,875000E+2	3,893475E-4	9,875000E+2	5,114564E-4	9,875000E+2	-2,369478E-4
9,890625E+2	7,055563E-5	9,890625E+2	3,091072E-4	9,890625E+2	-1,880559E-5	9,890625E+2	2,841738E-4	9,890625E+2	8,306721E-6	9,890625E+2	3,573731E-4	9,890625E+2	5,175499E-4	9,890625E+2	-2,543132E-4
9,906250E+2	8,027551E-5	9,906250E+2	2,788802E-4	9,906250E+2	-1,142071E-5	9,906250E+2	2,579412E-4	9,906250E+2	1,656603E-5	9,906250E+2	3,273036E-4	9,906250E+2	5,237179E-4	9,906250E+2	-2,707409E-4
9,921875E+2	9,214743E-5	9,921875E+2	2,360086E-4	9,921875E+2	5,285656E-7	9,921875E+2	2,276130E-4	9,921875E+2	2,091205E-5	9,921875E+2	2,837552E-4	9,921875E+2	5,127639E-4	9,921875E+2	-2,709320E-4
9,937500E+2	1,065929E-4	9,937500E+2	1,951491E-4	9,937500E+2	1,267003E-5	9,937500E+2	1,986114E-4	9,937500E+2	2,949668E-5	9,937500E+2	2,398716E-4	9,937500E+2	5,024294E-4	9,937500E+2	-2,715715E-4
9,953125E+2	1,161827E-4	9,953125E+2	1,335110E-4	9,953125E+2	2,389921E-5	9,953125E+2	1,555496E-4	9,953125E+2	-4,240565E-5	9,953125E+2	1,158860E-4	9,953125E+2	4,832171E-4	9,953125E+2	-2,591485E-4
9,968750E+2	1,340764E-4	9,968750E+2	7,334122E-5	9,968750E+2	3,722419E-5	9,968750E+2	1,133796E-4	9,968750E+2	2,611106E-4	9,968750E+2	-2,292744E-4	9,968750E+2	4,648494E-4	9,968750E+2	-2,483593E-4
9,984375E+2	1,430744E-4	9,984375E+2	-4,662835E-5	9,984375E+2	4,065374E-5	9,984375E+2	6,016241E-5	9,984375E+2	2,814414E-4	9,984375E+2	-2,475061E-4	9,984375E+2	4,359605E-4	9,984375E+2	-2,269078E-4
1,000000E+3	1,962302E-4	1,000000E+3	-1,621989E-4	1,000000E+3	5,130929E-5	1,000000E+3	5,864664E-6	1,000000E+3	3,045798E-4	1,000000E+3	-2,677401E-4	1,000000E+3	4,085131E-4	1,000000E+3	-2,084986E-4
1,001562E+3	2,089251E-4	1,001562E+3	-2,743979E-4	1,001562E+3	6,987823E-5	1,001562E+3	-1,301723E-4	1,001562E+3	3,065794E-4	1,001562E+3	-2,894708E-4	1,001562E+3	3,750916E-4	1,001562E+3	-1,773755E-4
1,003125E+3	2,663757E-4	1,003125E+3	-3,938611E-4	1,003125E+3	1,482674E-4	1,003125E+3	-2,521879E-4	1,003125E+3	3,075344E-4	1,003125E+3	-3,131651E-4	1,003125E+3	3,434763E-4	1,003125E+3	-1,515044E-4
1,004687E+3	3,239783E-4	1,004687E+3	-5,266496E-4	1,004687E+3	2,311181E-4	1,004687E+3	-4,111445E-4	1,004687E+3	3,089882E-4	1,004687E+3	-3,294759E-4	1,004687E+3	3,770321E-4	1,004687E+3	-1,381038E-4
1,006250E+3	5,232155E-4	1,006250E+3	-6,577695E-4	1,006250E+3	5,209984E-4	1,006250E+3	-4,954241E-4	1,006250E+3	3,097698E-4	1,006250E+3	-3,482501E-4	1,006250E+3	4,091458E-4	1,006250E+3	-1,184070E-4
1,007812E+3	5,313479E-4	1,007812E+3	-6,729619E-4	1,007812E+3	5,229077E-4	1,007812E+3	-5,227720E-4	1,007812E+3	3,108333E-4	1,007812E+3	-3,623785E-4	1,007812E+3	5,292006E-4	1,007812E+3	-1,279865E-4
1,009375E+3	5,410498E-4	1,009375E+3	-6,923985E-4	1,009375E+3	5,248074E-4	1,009375E+3	-5,518584E-4	1,009375E+3	3,112718E-4	1,009375E+3	-3,796507E-4	1,009375E+3	6,504824E-4	1,009375E+3	-8,666749E-5
1,010937E+3	5,480456E-4	1,010937E+3	-6,183256E-4	1,010937E+3	5,239459E-4	1,010937E+3	-5,778566E-4	1,010937E+3	5,139319E-4	1,010937E+3	-1,635193E-4	1,010937E+3	6,537767E-4	1,010937E+3	-8,206523E-5
1,012500E+3	5,314691E-4	1,012500E+3	-5,531749E-4	1,012500E+3	5,230364E-4	1,012500E+3	-6,052336E-4	1,012500E+3	2,534885E-4	1,012500E+3	1,802136E-4	1,012500E+3	6,597385E-4	1,012500E+3	-7,724351E-5
1,014062E+3	5,417020E-4	1,014062E+3	-3,541011E-4	1,014062E+3	5,218922E-4	1,014062E+3	-6,295759E-4	1,014062E+3	2,638270E-4	1,014062E+3	1,551483E-4	1,014062E+3	4,851058E-4	1,014062E+3	1,600869E-4
1,015625E+3	4,510906E-4	1,015625E+3	-1,878090E-4	1,015625E+3	5,212703E-4	1,015625E+3	-6,554825E-4	1,015625E+3	2,744853E-4	1,015625E+3	1,289775E-4	1,015625E+3	2,899579E-4	1,015625E+3	2,675766E-4
1,017187E+3	4,626198E-4	1,017187E+3	-1,672760E-4	1,017187E+3	5,447475E-4	1,017187E+3	-6,080080E-4	1,017187E+3	2,856360E-4	1,017187E+3	1,103246E-4	1,017187E+3	3,094498E-4	1,017187E+3	2,407215E-4
1,018750E+3	4,674836E-4	1,018750E+3	-1,468802E-4	1,018750E+3	5,553339E-4	1,018750E+3	-5,617476E-4	1,018750E+3	2,971329E-4	1,018750E+3	9,067940E-5	1,018750E+3	3,291646E-4	1,018750E+3	2,138743E-4
1,020312E+3	4,829556E-4	1,020312E+3	-1,520791E-4	1,020312E+3	5,491865E-4	1,020312E+3	-3,691896E-4	1,020312E+3	3,106709E-4	1,020312E+3	7,714277E-5	1,020312E+3	3,474008E-4	1,020312E+3	1,871857E-4
1,021875E+3	4,964572E-4	1,021875E+3	-1,575375E-4	1,021875E+3	4,583505E-4	1,021875E+3	-2,371197E-4	1,021875E+3	3,245286E-4	1,021875E+3	6,287223E-5	1,021875E+3	3,658184E-4	1,021875E+3	1,605168E-4
1,023437E+3	5,060191E-4	1,023437E+3	-1,695416E-4	1,023437E+3	4,550682E-4	1,023437E+3	-1,912786E-4	1,023437E+3	3,129153E-4	1,023437E+3	2,360651E-4	1,023437E+3	3,838693E-4	1,023437E+3	1,343080E-4
1,025000E+3	5,139506E-4	1,025000E+3	-1,816696E-4	1,025000E+3	4,334576E-4	1,025000E+3	-1,497451E-4	1,025000E+3	5,501090E-5	1,025000E+3	5,213084E-4	1,025000E+3	4,021269E-4	1,025000E+3	1,081042E-4
1,026562E+3	5,220582E-4	1,026562E+3	-1,932749E-4	1,026562E+3	4,358121E-4	1,026562E+3	-1,437647E-4	1,026562E+3	5,902220E-5	1,026562E+3	5,151458E-4	1,026562E+3	4,244745E-4	1,026562E+3	8,547374E-5
1,028125E+3	5,285962E-4	1,028125E+3	-2,049902E-4	1,028125E+3	4,327507E-4	1,028125E+3	-1,379200E-4	1,028125E+3	6,284607E-5	1,028125E+3	5,100835E-4	1,028125E+3	4,472474E-4	1,028125E+3	6,296868E-5
1,029687E+3	5,320146E-4	1,029687E+3	8,120944E-5	1,029687E+3	4,398953E-4	1,029687E+3	-1,403542E-4	1,029687E+3	5,881493E-5	1,029687E+3	5,067566E-4	1,029687E+3	5,388930E-4	1,029687E+3	9,336244E-5
1,031250E+3	1,711034E-4	1,031250E+3	4,615566E-4	1,031250E+3	4,443352E-4	1,031250E+3	-1,426429E-4	1,031250E+3	5,402062E-5	1,031250E+3	5,046569E-4	1,031250E+3	6,332608E-4	1,031250E+3	1,412524E-4
1,032812E+3	1,836612E-4	1,032812E+3	4,726931E-4	1,032812E+3	4,554718E-4	1,032812E+3	1,249035E-4	1,032812E+3	5,199408E-5	1,032812E+3	5,030938E-4	1,032812E+3	6,384458E-4	1,032812E+3	1,108393E-4
1,034375E+3	1,957586E-4	1,034375E+3	4,869289E-4	1,034375E+3	1,260746E-4	1,034375E+3	4,423789E-4	1,034375E+3	4,968734E-5	1,034375E+3	5,025655E-4	1,034375E+3	6,432326E-4	1,034375E+3	8,040891E-5
1,035937E+3	2,023980E-4	1,035937E+3	4,835623E-4	1,035937E+3	1,365745E-4	1,035937E+3	4,556211E-4	1,035937E+3	5,144486E-5	1,035937E+3	5,109055E-4	1,035937E+3	6,477607E-4	1,035937E+3	5,097618E-5
1,037500E+3	2,087031E-4	1,037500E+3	4,813071E-4	1,037500E+3	1,466005E-4	1,037500E+3	4,695110E-4	1,037500E+3	5,304392E-5	1,037500E+3	5,198593E-4	1,037500E+3	6,519073E-4	1,037500E+3	2,152680E-5
1,039062E+3	2,105012E-4	1,039062E+3	4,776771E-4	1,039062E+3	1,432989E-4	1,039062E+3	4,552607E-4	1,039062E+3	7,109016E-5	1,039062E+3	5,612343E-4	1,039062E+3	6,562352E-4	1,039062E+3	-6,871657E-6
1,040625E+3	2,119462E-4	1,040625E+3	4,747539E-4	1,040625E+3	1,393691E-4	1,040625E+3	4,423055E-4	1,040625E+3	8,885400E-5	1,040625E+3	6,039113E-4	1,040625E+3	6,601856E-4	1,040625E+3	-3,532366E-5
1,042187E+3	2,148654E-4	1,042187E+3	4,798346E-4	1,042187E+3	1,328116E-4	1,042187E+3	4,291545E-4	1,042187E+3	9,452526E-5	1,042187E+3	7,358800E-4	1,042187E+3	6,614703E-4	1,042187E+3	-6,285096E-5
1,043750E+3	2,175107E-4	1,043750E+3	4,851135E-4	1,043750E+3	1,254673E-4	1,043750E+3	4,175650E-4	1,043750E+3	9,876233E-5	1,043750E+3	8,704220E-4	1,043750E+3	6,623632E-4	1,043750E+3	-9,058602E-5
1,045312E+3	2,272248E-4	1,045312E+3	5,386174E-4	1,045312E+3	1,181347E-4	1,045312E+3	4,056545E-4	1,045312E+3	9,631404E-5	1,045312E+3	8,385776E-4	1,045312E+3	6,625995E-4	1,045312E+3	-1,183985E-4
1,046875E+3	2,359746E-4	1,046875E+3	5,927767E-4	1,046875E+3	1,099766E-4	1,046875E+3	3,955150E-4	1,046875E+3	9,357306E-5	1,046875E+3	8,086762E-4	1,046875E+3	6,624237E-4	1,046875E+3	-1,464483E-4
1,048437E+3	2,306272E-4	1,048437E+3	5,818845E-4	1,048437E+3	1,493288E-4	1,048437E+3	5,915334E-4	1,048437E+3	9,292960E-5	1,048437E+3	7,810995E-4	1,048437E+3	7,552570E-4	1,048437E+3	8,551299E-6
1,050000E+3	2,247650E-4	1,050000E+3	5,728266E-4	1,050000E+3	1,826137E-4	1,050000E+3	7,954602E-4	1,050000E+3	9,209782E-5	1,050000E+3	7,551806E-4	1,050000E+3	8,349433E-4	1,050000E+3	1,859972E-4
1,051562E+3	2,251273E-4	1,051562E+3	5,537720E-4	1,051562E+3	1,797661E-4	1,051562E+3	7,704958E-4	1,051562E+3	9,136290E-5	1,051562E+3	7,285794E-4	1,051562E+3	7,739540E-4	1,051562E+3	2,370628E-4
1,053125E+3	2,253430E-4	1,053125E+3	5,361865E-4	1,053125E+3	1,764834E-4	1,053125E+3	7,471639E-4	1,053125E+3	9,050264E-5	1,053125E+3	7,035170E-4	1,053125E+3	6,973024E-4	1,053125E+3	2,747347E-4
1,054687E+3	2,706221E-4	1,054687E+3	6,902383E-4	1,054687E+3	1,728899E-4	1,054687E+3	7,229487E-4	1,054687E+3	8,990654E-5	1,054687E+3	6,763582E-4	1,054687E+3	5,658978E-4	1,054687E+3	4,298204E-4
1,056250E+3	3,122497E-4	1,056250E+3	8,451588E-4	1,056250E+3	1,688779E-4	1,056250E+3	7,002778E-4	1,056250E+3	8,920920E-5	1,056250E+3	6,505951E-4	1,056250E+3	3,122197E-4	1,056250E+3	4,915037E-4
1,057812E+3	3,087975E-4	1,057812E+3	8,161184E-4	1,057812E+3	1,663121E-4	1,057812E+3	6,752309E-4	1,057812E+3	8,792273E-5	1,057812E+3	6,226263E-4	1,057812E+3	3,017728E-4	1,057812E+3	4,777611E-4
1,059375E+3	3,053164E-4	1,059375E+3	7,884129E-4	1,059375E+3	1,634629E-4	1,059375E+3	6,515091E-4	1,059375E+3	8,649744E-5	1,059375E+3	5,958926E-4	1,059375E+3	2,896701E-4	1,059375E+3	4,644810E-4
1,060937E+3	3,002298E-4	1,060937E+3	7,596809E-4	1,060937E+3	1,610432E-4	1,060937E+3	6,253843E-4	1,060937E+3	8,340262E-5	1,060937E+3	5,690527E-4	1,060937E+3	2,676008E-4	1,060937E+3	4,699706E-4
1,062500E+3	2,951423E-4	1,062500E+3	7,323273E-4	1,062500E+3	1,584503E-4	1,062500E+3	6,002490E-4	1,062500E+3	8,017372E-5	1,062500E+3	5,434034E-4	1,062500E+3	2,430413E-4	1,062500E+3	4,755956E-4
1,064062E+3	2,899825E-4	1,064062E+3	7,003014E-4	1,064062E+3	1,545098E-4	1,064062E+3	5,737265E-4	1,064062E+3	7,601470E-5	1,064062E+3	5,164098E-4	1,064062E+3	2,702135E-4	1,064062E+3	6,312318E-4
1,065625E+3	2,848659E-4	1,065625E+3	6,696868E-4	1,065625E+3	1,503584E-4	1,065625E+3	5,481924E-4	1,065625E+3	7,175290E-5	1,065625E+3	4,907232E-4	1,065625E+3	2,894076E-4	1,065625E+3	7,830095E-4
1,067187E+3	2,802067E-4	1,067187E+3	6,389163E-4	1,067187E+3	1,453337E-4	1,067187E+3	5,228427E-4	1,067187E+3	6,578481E-5	1,067187E+3	4,573817E-4	1,067187E+3	2,895316E-4	1,067187E+3	7,962727E-4
1,068750E+3	2,755577E-4	1,068750E+3	6,094506E-4	1,068750E+3	1,401305E-4	1,068750E+3	4,985591E-4	1,068750E+3	5,970510E-5	1,068750E+3	4,258965E-4	1,068750E+3	2,885947E-4	1,068750E+3	8,088034E-4
1,070312E+3	2,711705E-4	1,070312E+3	5,792646E-4	1,070312E+3	1,697065E-4	1,070312E+3	7,726433E-4	1,070312E+3	5,405382E-5	1,070312E+3	3,876319E-4	1,070312E+3	2,855752E-4	1,070312E+3	8,143181E-4
1,071875E+3	2,667693E-4	1,071875E+3	5,503611E-4	1,071875E+3	1,881861E-4	1,071875E+3	1,032997E-3	1,071875E+3	4,836149E-5	1,071875E+3	3,511720E-4	1,071875E+3	2,817656E-4	1,071875E+3	8,192627E-4
1,073437E+3	2,607669E-4	1,073437E+3	5,155839E-4	1,073437E+3	1,718658E-4	1,073437E+3	1,010380E-3	1,073437E+3	4,251754E-5	1,073437E+3	3,166010E-4	1,073437E+3	2,765886E-4	1,073437E+3	8,190846E-4
1,075000E+3	2,548532E-4	1,075000E+3	4,822982E-4	1,075000E+3	1,549282E-4	1,075000E+3	9,884552E-4	1,075000E+3	3,664406E-5	1,075000E+3	2,835116E-4	1,075000E+3	2,703140E-4	1,075000E+3	8,187928E-4
1,076562E+3	2,906140E-4	1,076562E+3	6,098786E-4	1,076562E+3	1,583871E-4	1,076562E+3	1,000978E-3	1,076562E+3	8,625411E-5	1,076562E+3	8,088302E-4	1,076562E+3	2,035163E-4	1,076562E+3	6,973620E-4
1,078125E+3	3,220168E-4	1,078125E+3	7,310889E-4	1,078125E+3	1,615892E-4	1,078125E+3	1,011898E-3	1,078125E+3	1,072658E-4	1,078125E+3	1,288353E-3	1,078125E+3	1,373322E-4	1,078125E+3	5,584195E-4
1,079687E+3	3,424553E-4	1,079687E+3	8,963565E-4	1,079687E+3	1,652275E-4	1,079687E+3	1,020292E-3	1,079687E+3	1,082024E-4	1,079687E+3	1,250001E-3	1,079687E+3	1,333659E-4	1,079687E+3	5,468697E-4
1,081250E+3	3,534151E-4	1,081250E+3	1,048484E-3	1,081250E+3	1,686241E-4	1,081250E+3	1,027179E-3	1,081250E+3	1,091237E-4	1,081250E+3	1,212523E-3	1,081250E+3	1,293187E-4	1,081250E+3	5,349664E-4
1,082812E+3	3,677996E-4	1,082812E+3	1,065249E-3	1,082812E+3	1,754755E-4	1,082812E+3	1,030185E-3	1,082812E+3	1,103017E-4	1,082812E+3	1,180960E-3	1,082812E+3	1,306925E-4	1,082812E+3	5,264697E-4
1,084375E+3	3,814193E-4	1,084375E+3	1,079908E-3	1,084375E+3	1,819599E-4	1,084375E+3	1,031908E-3	1,084375E+3	1,114568E-4	1,084375E+3	1,149695E-3	1,084375E+3	1,317928E-4	1,084375E+3	5,174460E-4
1,085937E+3	3,936458E-4	1,085937E+3	1,095450E-3	1,085937E+3	1,856819E-4	1,085937E+3	1,029830E-3	1,085937E+3	1,123242E-4	1,085937E+3	1,117920E-3	1,085937E+3	1,333083E-4	1,085937E+3	5,107626E-4
1,087500E+3	4,052510E-4	1,087500E+3	1,108844E-3	1,087500E+3	1,892241E-4	1,087500E+3	1,026657E-3	1,087500E+3	1,131620E-4	1,087500E+3	1,086423E-3	1,087500E+3	1,346011E-4	1,087500E+3	5,034387E-4
1,089062E+3	4,136663E-4	1,089062E+3	1,117294E-3	1,089062E+3	1,925961E-4	1,089062E+3	1,020123E-3	1,089062E+3	1,084898E-4	1,089062E+3	9,489777E-4	1,089062E+3	1,380983E-4	1,089062E+3	4,973475E-4
1,090625E+3	4,216879E-4	1,090625E+3	1,123890E-3	1,090625E+3	1,958388E-4	1,090625E+3	1,012664E-3	1,090625E+3	1,046933E-4	1,090625E+3	8,165718E-4	1,090625E+3	1,412649E-4	1,090625E+3	4,905692E-4
1,092187E+3	4,307792E-4	1,092187E+3	1,125185E-3	1,092187E+3	1,762307E-4	1,092187E+3	8,506551E-4	1,092187E+3	1,064901E-4	1,092187E+3	8,474589E-4	1,092187E+3	1,374980E-4	1,092187E+3	4,804368E-4
1,093750E+3	4,394662E-4	1,093750E+3	1,124944E-3	1,093750E+3	1,590629E-4	1,093750E+3	6,953846E-4	1,093750E+3	1,078710E-4	1,093750E+3	8,758538E-4	1,093750E+3	1,336800E-4	1,093750E+3	4,698606E-4
1,095312E+3	4,503058E-4	1,095312E+3	1,121009E-3	1,095312E+3	1,629190E-4	1,095312E+3	6,903015E-4	1,095312E+3	1,087518E-4	1,095312E+3	8,899146E-4	1,095312E+3	1,309029E-4	1,095312E+3	4,501341E-4
1,096875E+3	4,606975E-4	1,096875E+3	1,115747E-3	1,096875E+3	1,663277E-4	1,096875E+3	6,844481E-4	1,096875E+3	1,092504E-4	1,096875E+3	9,022290E-4	1,096875E+3	1,279192E-4	1,096875E+3	4,304661E-4
1,098437E+3	4,686869E-4	1,098437E+3	1,106489E-3	1,098437E+3	1,659828E-4	1,098437E+3	6,584184E-4	1,098437E+3	1,114883E-4	1,098437E+3	8,904084E-4	1,098437E+3	1,164729E-4	1,098437E+3	3,973336E-4
1,100000E+3	4,763939E-4	1,100000E+3	1,096106E-3	1,100000E+3	1,655104E-4	1,100000E+3	6,327125E-4	1,100000E+3	1,134350E-4	1,100000E+3	8,781380E-4	1,100000E+3	1,055718E-4	1,100000E+3	3,649524E-4
1,101562E+3	3,532612E-4	1,101562E+3	8,272339E-4	1,101562E+3	1,641619E-4	1,101562E+3	5,933945E-4	1,101562E+3	1,157074E-4	1,101562E+3	8,502051E-4	1,101562E+3	1,017546E-4	1,101562E+3	3,272958E-4
1,103125E+3	2,530468E-4	1,103125E+3	5,759406E-4	1,103125E+3	1,629114E-4	1,103125E+3	5,552020E-4	1,103125E+3	1,178632E-4	1,103125E+3	8,227479E-4	1,103125E+3	9,805722E-5	1,103125E+3	2,907452E-4
1,104687E+3	2,411004E-4	1,104687E+3	5,222258E-4	1,104687E+3	1,573417E-4	1,104687E+3	5,119085E-4	1,104687E+3	1,181747E-4	1,104687E+3	7,880995E-4	1,104687E+3	9,594771E-5	1,104687E+3	2,518051E-4
1,106250E+3	2,300250E-4	1,106250E+3	4,704212E-4	1,106250E+3	1,521831E-4	1,106250E+3	4,700547E-4	1,106250E+3	1,185530E-4	1,106250E+3	7,543694E-4	1,106250E+3	9,395147E-5	1,106250E+3	2,141044E-4
1,107812E+3	2,180794E-4	1,107812E+3	4,186123E-4	1,107812E+3	1,513597E-4	1,107812E+3	4,261789E-4	1,107812E+3	1,175200E-4	1,107812E+3	7,168538E-4	1,107812E+3	9,098778E-5	1,107812E+3	1,766950E-4
1,109375E+3	2,070410E-4	1,109375E+3	3,686787E-4	1,109375E+3	1,507124E-4	1,109375E+3	3,838505E-4	1,109375E+3	1,166903E-4	1,109375E+3	6,804810E-4	1,109375E+3	8,819200E-5	1,109375E+3	1,404922E-4
1,110937E+3	2,007620E-4	1,110937E+3	3,195954E-4	1,110937E+3	1,488801E-4	1,110937E+3	3,417333E-4	1,110937E+3	1,177393E-4	1,110937E+3	6,424208E-4	1,110937E+3	8,486709E-5	1,110937E+3	1,053788E-4
1,112500E+3	1,949801E-4	1,112500E+3	2,723364E-4	1,112500E+3	1,472989E-4	1,112500E+3	3,011147E-4	1,112500E+3	1,188478E-4	1,112500E+3	6,055968E-4	1,112500E+3	8,174027E-5	1,112500E+3	7,137423E-5
1,114062E+3	1,899511E-4	1,114062E+3	2,279582E-4	1,114062E+3	1,452300E-4	1,114062E+3	2,617206E-4	1,114062E+3	1,190996E-4	1,114062E+3	5,681938E-4	1,114062E+3	8,027153E-5	1,114062E+3	3,850255E-5
1,115625E+3	1,853062E-4	1,115625E+3	1,851598E-4	1,115625E+3	1,433741E-4	1,115625E+3	2,237225E-4	1,115625E+3	1,194703E-4	1,115625E+3	5,320182E-4	1,115625E+3	7,887336E-5	1,115625E+3	6,631413E-6
1,117187E+3	1,802413E-4	1,117187E+3	1,457569E-4	1,117187E+3	1,420121E-4	1,117187E+3	1,871692E-4	1,117187E+3	1,288440E-4	1,117187E+3	8,170085E-4	1,117187E+3	7,764952E-5	1,117187E+3	-2,382138E-5
1,118750E+3	1,755411E-4	1,118750E+3	1,076523E-4	1,118750E+3	1,407899E-4	1,118750E+3	1,518786E-4	1,118750E+3	1,265192E-4	1,118750E+3	1,036420E-3	1,118750E+3	7,645729E-5	1,118750E+3	-5,339843E-5
1,120312E+3	1,736472E-4	1,120312E+3	7,131902E-5	1,120312E+3	1,408368E-4	1,120312E+3	1,179944E-4	1,120312E+3	1,266862E-4	1,120312E+3	9,992372E-4	1,120312E+3	7,509647E-5	1,120312E+3	-8,156076E-5
1,121875E+3	1,718744E-4	1,121875E+3	3,612825E-5	1,121875E+3	1,409278E-4	1,121875E+3	8,523090E-5	1,121875E+3	1,269235E-4	1,121875E+3	9,630021E-4	1,121875E+3	7,375865E-5	1,121875E+3	-1,089726E-4
1,123437E+3	1,685666E-4	1,123437E+3	4,010160E-6	1,123437E+3	1,405564E-4	1,123437E+3	5,420210E-5	1,123437E+3	1,304531E-4	1,123437E+3	9,274537E-4	1,123437E+3	7,198751E-5	1,123437E+3	-1,350365E-4
1,125000E+3	1,654641E-4	1,125000E+3	-2,721207E-5	1,125000E+3	1,402313E-4	1,125000E+3	2,413859E-5	1,125000E+3	1,338627E-4	1,125000E+3	8,927885E-4	1,125000E+3	7,025227E-5	1,125000E+3	-1,604684E-4
1,126562E+3	1,638584E-4	1,126562E+3	-5,733927E-5	1,126562E+3	1,391778E-4	1,126562E+3	-4,183417E-6	1,126562E+3	1,358624E-4	1,126562E+3	8,595613E-4	1,126562E+3	6,945477E-5	1,126562E+3	-1,845056E-4
1,128125E+3	1,623233E-4	1,128125E+3	-8,667800E-5	1,128125E+3	1,381921E-4	1,128125E+3	-3,169216E-5	1,128125E+3	1,377926E-4	1,128125E+3	8,270692E-4	1,128125E+3	6,863848E-5	1,128125E+3	-2,080285E-4
1,129687E+3	1,604432E-4	1,129687E+3	-1,149119E-4	1,129687E+3	1,362616E-4	1,129687E+3	-5,749622E-5	1,129687E+3	1,396982E-4	1,129687E+3	7,960864E-4	1,129687E+3	6,683510E-5	1,129687E+3	-2,300031E-4
1,131250E+3	1,586139E-4	1,131250E+3	-1,424506E-4	1,131250E+3	1,344354E-4	1,131250E+3	-8,263098E-5	1,131250E+3	1,415467E-4	1,131250E+3	7,657045E-4	1,131250E+3	6,506316E-5	1,131250E+3	-2,515788E-4
1,132812E+3	2,455459E-4	1,132812E+3	2,626440E-4	1,132812E+3	1,885230E-4	1,132812E+3	2,803073E-4	1,132812E+3	1,447933E-4	1,132812E+3	7,364109E-4	1,132812E+3	6,277724E-5	1,132812E+3	-2,712867E-4
1,134375E+3	2,867194E-4	1,134375E+3	5,698636E-4	1,134375E+3	2,071617E-4	1,134375E+3	5,433000E-4	1,134375E+3	1,478839E-4	1,134375E+3	7,076214E-4	1,134375E+3	6,054894E-5	1,134375E+3	-2,907236E-4
1,135937E+3	2,898721E-4	1,135937E+3	5,371075E-4	1,135937E+3	2,103629E-4	1,135937E+3	5,175677E-4	1,135937E+3	1,509472E-4	1,135937E+3	6,804261E-4	1,135937E+3	1,054356E-4	1,135937E+3	2,119614E-5
1,137500E+3	2,928196E-4	1,137500E+3	5,047788E-4	1,137500E+3	2,134303E-4	1,137500E+3	4,921015E-4	1,137500E+3	1,538747E-4	1,137500E+3	6,536035E-4	1,137500E+3	1,192934E-4	1,137500E+3	2,426862E-4
1,139062E+3	2,952291E-4	1,139062E+3	4,742176E-4	1,139062E+3	2,160474E-4	1,139062E+3	4,686135E-4	1,139062E+3	1,552262E-4	1,139062E+3	6,289561E-4	1,139062E+3	1,207592E-4	1,139062E+3	2,234721E-4
1,140625E+3	2,974761E-4	1,140625E+3	4,439677E-4	1,140625E+3	2,185619E-4	1,140625E+3	4,452451E-4	1,140625E+3	1,565273E-4	1,140625E+3	6,045131E-4	1,140625E+3	1,221083E-4	1,140625E+3	2,041256E-4
1,142187E+3	3,005733E-4	1,142187E+3	4,152791E-4	1,142187E+3	2,234151E-4	1,142187E+3	4,226356E-4	1,142187E+3	1,606235E-4	1,142187E+3	5,809739E-4	1,142187E+3	1,249789E-4	1,142187E+3	1,854666E-4
1,143750E+3	3,034712E-4	1,143750E+3	3,868015E-4	1,143750E+3	2,279943E-4	1,143750E+3	4,000935E-4	1,143750E+3	1,645185E-4	1,143750E+3	5,575723E-4	1,143750E+3	1,276086E-4	1,143750E+3	1,666343E-4
1,145312E+3	3,048321E-4	1,145312E+3	3,611848E-4	1,145312E+3	2,318683E-4	1,145312E+3	3,799809E-4	1,145312E+3	1,668459E-4	1,145312E+3	5,367053E-4	1,145312E+3	1,282555E-4	1,145312E+3	1,499923E-4
1,146875E+3	3,060930E-4	1,146875E+3	3,356059E-4	1,146875E+3	2,355233E-4	1,146875E+3	3,597630E-4	1,146875E+3	1,690642E-4	1,146875E+3	5,157852E-4	1,146875E+3	1,288070E-4	1,146875E+3	1,330145E-4
1,148437E+3	3,104692E-4	1,148437E+3	3,101709E-4	1,148437E+3	2,396999E-4	1,148437E+3	3,416499E-4	1,148437E+3	1,734337E-4	1,148437E+3	4,961357E-4	1,148437E+3	1,294069E-4	1,148437E+3	1,176341E-4
1,150000E+3	3,145435E-4	1,150000E+3	2,847596E-4	1,150000E+3	2,436323E-4	1,150000E+3	3,232906E-4	1,150000E+3	1,775614E-4	1,150000E+3	4,763495E-4	1,150000E+3	1,299121E-4	1,150000E+3	1,018146E-4
1,151562E+3	3,180779E-4	1,151562E+3	2,622189E-4	1,151562E+3	2,459638E-4	1,151562E+3	3,079076E-4	1,151562E+3	1,811093E-4	1,151562E+3	4,591868E-4	1,151562E+3	1,308018E-4	1,151562E+3	8,728119E-5
1,153125E+3	3,213602E-4	1,153125E+3	2,395279E-4	1,153125E+3	2,481577E-4	1,153125E+3	2,920619E-4	1,153125E+3	1,844579E-4	1,153125E+3	4,417006E-4	1,153125E+3	1,315568E-4	1,153125E+3	7,222649E-5
1,154687E+3	2,317591E-4	1,154687E+3	-7,058447E-5	1,154687E+3	2,221020E-4	1,154687E+3	4,101082E-5	1,154687E+3	1,696219E-4	1,154687E+3	1,682206E-4	1,154687E+3	1,317348E-4	1,154687E+3	5,910133E-5
1,156250E+3	1,818903E-4	1,156250E+3	-3,065604E-4	1,156250E+3	2,114899E-4	1,156250E+3	-1,452384E-4	1,156250E+3	1,662264E-4	1,156250E+3	-3,510011E-5	1,156250E+3	1,318305E-4	1,156250E+3	4,532706E-5
1,157812E+3	1,845894E-4	1,157812E+3	-3,142956E-4	1,157812E+3	2,125131E-4	1,157812E+3	-1,479942E-4	1,157812E+3	1,675253E-4	1,157812E+3	-3,843939E-5	1,157812E+3	1,101025E-4	1,157812E+3	-1,149538E-4
1,159375E+3	1,871744E-4	1,159375E+3	-3,225500E-4	1,159375E+3	2,134410E-4	1,159375E+3	-1,516647E-4	1,159375E+3	1,687052E-4	1,159375E+3	-4,260243E-5	1,159375E+3	9,938829E-5	1,159375E+3	-2,359684E-4
1,160937E+3	1,899524E-4	1,160937E+3	-3,304384E-4	1,160937E+3	2,162901E-4	1,160937E+3	-1,552939E-4	1,160937E+3	1,692379E-4	1,160937E+3	-4,610334E-5	1,160937E+3	9,724646E-5	1,160937E+3	-2,409549E-4
1,162500E+3	1,925959E-4	1,162500E+3	-3,388605E-4	1,162500E+3	2,188863E-4	1,162500E+3	-1,597994E-4	1,162500E+3	1,696983E-4	1,162500E+3	-5,047554E-5	1,162500E+3	9,523260E-5	1,162500E+3	-2,469098E-4
1,164062E+3	1,942757E-4	1,164062E+3	-3,465449E-4	1,164062E+3	2,191865E-4	1,164062E+3	-1,630455E-4	1,164062E+3	1,709176E-4	1,164062E+3	-5,457353E-5	1,164062E+3	9,466271E-5	1,164062E+3	-2,513965E-4
1,165625E+3	1,958802E-4	1,165625E+3	-3,548059E-4	1,165625E+3	2,194163E-4	1,165625E+3	-1,672830E-4	1,165625E+3	1,719977E-4	1,165625E+3	-5,953952E-5	1,165625E+3	9,407062E-5	1,165625E+3	-2,569584E-4
1,167187E+3	1,985217E-4	1,167187E+3	-3,634493E-4	1,167187E+3	2,214112E-4	1,167187E+3	-1,707924E-4	1,167187E+3	1,730945E-4	1,167187E+3	-6,379179E-5	1,167187E+3	9,191775E-5	1,167187E+3	-2,602663E-4
1,168750E+3	2,010004E-4	1,168750E+3	-3,726264E-4	1,168750E+3	2,231689E-4	1,168750E+3	-1,753122E-4	1,168750E+3	1,740449E-4	1,168750E+3	-6,895605E-5	1,168750E+3	8,988894E-5	1,168750E+3	-2,648525E-4
1,170312E+3	2,018829E-4	1,170312E+3	-3,807822E-4	1,170312E+3	2,242564E-4	1,170312E+3	-1,779381E-4	1,170312E+3	1,749420E-4	1,170312E+3	-7,305712E-5	1,170312E+3	8,851249E-5	1,170312E+3	-2,655587E-4
1,171875E+3	2,027135E-4	1,171875E+3	-3,895329E-4	1,171875E+3	2,251499E-4	1,171875E+3	-1,817275E-4	1,171875E+3	1,756892E-4	1,171875E+3	-7,814649E-5	1,171875E+3	8,714849E-5	1,171875E+3	-2,679433E-4
1,173437E+3	2,039580E-4	1,173437E+3	-3,978307E-4	1,173437E+3	2,260054E-4	1,173437E+3	-1,835382E-4	1,173437E+3	1,758841E-4	1,173437E+3	-8,128345E-5	1,173437E+3	8,381266E-5	1,173437E+3	-2,656844E-4
1,175000E+3	2,051084E-4	1,175000E+3	-4,067363E-4	1,175000E+3	2,266655E-4	1,175000E+3	-1,866984E-4	1,175000E+3	1,759640E-4	1,175000E+3	-8,556609E-5	1,175000E+3	8,072834E-5	1,175000E+3	-2,656757E-4
1,176562E+3	2,059993E-4	1,176562E+3	-4,148153E-4	1,176562E+3	2,290449E-4	1,176562E+3	-1,858748E-4	1,176562E+3	1,772013E-4	1,176562E+3	-8,738838E-5	1,176562E+3	2,933447E-4	1,176562E+3	3,248332E-4
1,178125E+3	2,068082E-4	1,178125E+3	-4,235525E-4	1,178125E+3	2,309782E-4	1,178125E+3	-1,867631E-4	1,178125E+3	1,781884E-4	1,178125E+3	-9,056981E-5	1,178125E+3	1,647431E-4	1,178125E+3	4,336329E-4
1,179687E+3	2,092003E-4	1,179687E+3	-4,308108E-4	1,179687E+3	5,090718E-4	1,179687E+3	4,567410E-4	1,179687E+3	5,201952E-4	1,179687E+3	7,402744E-4	1,179687E+3	1,703132E-4	1,179687E+3	4,104375E-4
1,181250E+3	2,113611E-4	1,181250E+3	-4,388237E-4	1,181250E+3	3,694172E-4	1,181250E+3	6,419052E-4	1,181250E+3	3,121118E-4	1,181250E+3	9,068669E-4	1,181250E+3	1,745982E-4	1,181250E+3	3,876446E-4
1,182812E+3	2,122530E-4	1,182812E+3	-4,444335E-4	1,182812E+3	3,776173E-4	1,182812E+3	6,171325E-4	1,182812E+3	3,228141E-4	1,182812E+3	8,776440E-4	1,182812E+3	1,811289E-4	1,182812E+3	3,653167E-4
1,184375E+3	2,130254E-4	1,184375E+3	-4,510105E-4	1,184375E+3	3,846247E-4	1,184375E+3	5,927845E-4	1,184375E+3	3,329065E-4	1,184375E+3	8,492782E-4	1,184375E+3	1,861139E-4	1,184375E+3	3,436701E-4
1,185937E+3	4,068174E-4	1,185937E+3	2,510227E-4	1,185937E+3	3,937035E-4	1,185937E+3	5,693733E-4	1,185937E+3	3,433300E-4	1,185937E+3	8,224962E-4	1,185937E+3	1,920381E-4	1,185937E+3	3,241761E-4
1,187500E+3	3,296017E-4	1,187500E+3	4,595965E-4	1,187500E+3	4,013652E-4	1,187500E+3	5,466093E-4	1,187500E+3	3,528564E-4	1,187500E+3	7,966708E-4	1,187500E+3	1,958496E-4	1,187500E+3	3,054192E-4
1,189062E+3	3,354418E-4	1,189062E+3	4,355574E-4	1,189062E+3	4,097383E-4	1,189062E+3	5,267968E-4	1,189062E+3	3,627312E-4	1,189062E+3	7,732190E-4	1,189062E+3	2,027433E-4	1,189062E+3	2,864388E-4
1,190625E+3	3,398080E-4	1,190625E+3	4,110708E-4	1,190625E+3	4,161684E-4	1,190625E+3	5,076355E-4	1,190625E+3	3,713277E-4	1,190625E+3	7,508432E-4	1,190625E+3	2,075580E-4	1,190625E+3	2,687315E-4
1,192187E+3	3,460381E-4	1,192187E+3	3,896824E-4	1,192187E+3	4,256088E-4	1,192187E+3	4,891603E-4	1,192187E+3	3,827846E-4	1,192187E+3	7,285536E-4	1,192187E+3	2,138844E-4	1,192187E+3	2,521226E-4
1,193750E+3	3,502596E-4	1,193750E+3	3,676147E-4	1,193750E+3	4,327979E-4	1,193750E+3	4,717060E-4	1,193750E+3	3,928251E-4	1,193750E+3	7,077042E-4	1,193750E+3	2,177927E-4	1,193750E+3	2,370552E-4
1,195312E+3	3,567774E-4	1,195312E+3	3,487465E-4	1,195312E+3	4,427295E-4	1,195312E+3	4,548990E-4	1,195312E+3	4,043775E-4	1,195312E+3	6,882487E-4	1,195312E+3	2,240354E-4	1,195312E+3	2,219941E-4
1,196875E+3	3,607316E-4	1,196875E+3	3,291980E-4	1,196875E+3	4,501715E-4	1,196875E+3	4,394809E-4	1,196875E+3	4,142321E-4	1,196875E+3	6,705397E-4	1,196875E+3	2,277770E-4	1,196875E+3	2,088462E-4
1,198437E+3	3,661533E-4	1,198437E+3	3,143409E-4	1,198437E+3	4,604960E-4	1,198437E+3	4,236591E-4	1,198437E+3	4,263846E-4	1,198437E+3	6,529074E-4	1,198437E+3	2,353834E-4	1,198437E+3	1,938365E-4
1,200000E+3	3,680948E-4	1,200000E+3	2,981702E-4	1,200000E+3	4,684681E-4	1,200000E+3	4,096885E-4	1,200000E+3	4,368106E-4	1,200000E+3	6,374092E-4	1,200000E+3	2,410182E-4	1,200000E+3	1,812309E-4
1,201562E+3	3,749654E-4	1,201562E+3	2,841719E-4	1,201562E+3	4,787591E-4	1,201562E+3	3,958159E-4	1,201562E+3	4,505631E-4	1,201562E+3	6,203735E-4	1,201562E+3	2,479454E-4	1,201562E+3	1,685161E-4
1,203125E+3	3,775482E-4	1,203125E+3	2,694386E-4	1,203125E+3	4,864999E-4	1,203125E+3	3,841249E-4	1,203125E+3	4,628569E-4	1,203125E+3	6,058646E-4	1,203125E+3	2,528464E-4	1,203125E+3	1,584658E-4
1,204687E+3	3,825307E-4	1,204687E+3	2,589452E-4	1,204687E+3	4,469146E-4	1,204687E+3	1,544097E-4	1,204687E+3	4,235820E-4	1,204687E+3	3,298339E-4	1,204687E+3	2,622842E-4	1,204687E+3	1,458271E-4
1,206250E+3	3,821212E-4	1,206250E+3	2,474875E-4	1,206250E+3	4,577716E-4	1,206250E+3	6,061741E-5	1,206250E+3	4,408756E-4	1,206250E+3	2,210750E-4	1,206250E+3	2,705899E-4	1,206250E+3	1,362793E-4
1,207812E+3	3,197144E-4	1,207812E+3	-4,901257E-6	1,207812E+3	4,676235E-4	1,207812E+3	5,844873E-5	1,207812E+3	4,534385E-4	1,207812E+3	2,175764E-4	1,207812E+3	2,596895E-4	1,207812E+3	-1,695845E-5
1,209375E+3	3,174797E-4	1,209375E+3	-1,191005E-4	1,209375E+3	4,755583E-4	1,209375E+3	5,942167E-5	1,209375E+3	4,652544E-4	1,209375E+3	2,173017E-4	1,209375E+3	2,764151E-4	1,209375E+3	-6,594844E-5
1,210937E+3	3,201252E-4	1,210937E+3	-1,185124E-4	1,210937E+3	4,885188E-4	1,210937E+3	5,692002E-5	1,210937E+3	4,775314E-4	1,210937E+3	2,162248E-4	1,210937E+3	2,892625E-4	1,210937E+3	-6,735860E-5
1,212500E+3	3,163194E-4	1,212500E+3	-1,169856E-4	1,212500E+3	5,006272E-4	1,212500E+3	5,831424E-5	1,212500E+3	4,890280E-4	1,212500E+3	2,187918E-4	1,212500E+3	3,025289E-4	1,212500E+3	-6,484278E-5
1,214062E+3	3,239946E-4	1,214062E+3	-1,204544E-4	1,214062E+3	5,139020E-4	1,214062E+3	5,885132E-5	1,214062E+3	5,040838E-4	1,214062E+3	2,173909E-4	1,214062E+3	3,602099E-4	1,214062E+3	1,823469E-4
1,215625E+3	3,267753E-4	1,215625E+3	-1,195733E-4	1,215625E+3	5,260561E-4	1,215625E+3	6,410052E-5	1,215625E+3	5,190049E-4	1,215625E+3	2,202444E-4	1,215625E+3	3,463709E-5	1,215625E+3	7,373037E-4
1,217187E+3	3,323022E-4	1,217187E+3	-1,207420E-4	1,217187E+3	5,389101E-4	1,217187E+3	6,898596E-5	1,217187E+3	5,339783E-4	1,217187E+3	2,223506E-4	1,217187E+3	3,572683E-5	1,217187E+3	7,333252E-4
1,218750E+3	3,322020E-4	1,218750E+3	-1,167327E-4	1,218750E+3	5,502228E-4	1,218750E+3	7,946951E-5	1,218750E+3	5,485830E-4	1,218750E+3	2,294556E-4	1,218750E+3	3,691258E-5	1,218750E+3	7,307796E-4
1,220312E+3	3,391797E-4	1,220312E+3	-1,165631E-4	1,220312E+3	5,771496E-4	1,220312E+3	3,235526E-4	1,220312E+3	5,624263E-4	1,220312E+3	2,365146E-4	1,220312E+3	3,781586E-5	1,220312E+3	7,262722E-4
1,221875E+3	3,420628E-4	1,221875E+3	-1,093846E-4	1,221875E+3	3,321476E-4	1,221875E+3	6,806484E-4	1,221875E+3	5,754859E-4	1,221875E+3	2,492539E-4	1,221875E+3	3,892566E-5	1,221875E+3	7,231528E-4
1,223437E+3	3,482598E-4	1,223437E+3	-1,061077E-4	1,223437E+3	3,358005E-4	1,223437E+3	6,503957E-4	1,223437E+3	6,267243E-4	1,223437E+3	5,776876E-4	1,223437E+3	4,052467E-5	1,223437E+3	7,183365E-4
1,225000E+3	3,504692E-4	1,225000E+3	-9,461015E-5	1,225000E+3	3,403201E-4	1,225000E+3	6,211866E-4	1,225000E+3	3,220638E-4	1,225000E+3	1,087639E-3	1,225000E+3	4,237543E-5	1,225000E+3	7,151798E-4
1,226562E+3	3,595128E-4	1,226562E+3	-8,862264E-5	1,226562E+3	3,441937E-4	1,226562E+3	6,463631E-4	1,226562E+3	3,311880E-4	1,226562E+3	1,082607E-3	1,226562E+3	4,368938E-5	1,226562E+3	7,116614E-4
1,228125E+3	3,663337E-4	1,228125E+3	-7,270929E-5	1,228125E+3	3,471871E-4	1,228125E+3	6,790278E-4	1,228125E+3	3,416462E-4	1,228125E+3	1,080058E-3	1,228125E+3	4,544962E-5	1,228125E+3	7,096726E-4
1,229687E+3	3,756384E-4	1,229687E+3	-6,163229E-5	1,229687E+3	3,462926E-4	1,229687E+3	7,441235E-4	1,229687E+3	3,510189E-4	1,229687E+3	1,081605E-3	1,229687E+3	4,731753E-5	1,229687E+3	7,071856E-4
1,231250E+3	3,836630E-4	1,231250E+3	-3,969949E-5	1,231250E+3	3,405321E-4	1,231250E+3	8,247305E-4	1,231250E+3	3,619595E-4	1,231250E+3	1,085945E-3	1,231250E+3	4,972859E-5	1,231250E+3	7,064886E-4
1,232812E+3	3,593091E-4	1,232812E+3	1,883431E-4	1,232812E+3	3,420680E-4	1,232812E+3	8,186659E-4	1,232812E+3	3,720968E-4	1,232812E+3	1,086915E-3	1,232812E+3	5,102787E-5	1,232812E+3	7,048456E-4
1,234375E+3	9,573991E-5	1,234375E+3	5,442173E-4	1,234375E+3	3,450310E-4	1,234375E+3	8,148489E-4	1,234375E+3	3,842205E-4	1,234375E+3	1,090544E-3	1,234375E+3	5,302897E-5	1,234375E+3	7,046791E-4
1,235937E+3	8,858676E-5	1,235937E+3	6,238481E-4	1,235937E+3	3,459326E-4	1,235937E+3	8,069091E-4	1,235937E+3	3,932793E-4	1,235937E+3	1,082944E-3	1,235937E+3	5,404342E-5	1,235937E+3	7,015546E-4
1,237500E+3	7,971558E-5	1,237500E+3	7,260792E-4	1,237500E+3	3,487175E-4	1,237500E+3	8,005732E-4	1,237500E+3	4,048199E-4	1,237500E+3	1,076864E-3	1,237500E+3	5,583432E-5	1,237500E+3	6,996383E-4
1,239062E+3	7,846392E-5	1,239062E+3	7,212203E-4	1,239062E+3	3,497473E-4	1,239062E+3	7,933611E-4	1,239062E+3	4,127499E-4	1,239062E+3	1,066135E-3	1,239062E+3	5,677210E-5	1,239062E+3	6,985086E-4
1,240625E+3	8,130992E-5	1,240625E+3	7,191580E-4	1,240625E+3	3,529143E-4	1,240625E+3	7,872949E-4	1,240625E+3	4,233028E-4	1,240625E+3	1,055983E-3	1,240625E+3	5,842074E-5	1,240625E+3	6,984591E-4
1,242187E+3	7,971095E-5	1,242187E+3	7,098477E-4	1,242187E+3	3,536182E-4	1,242187E+3	7,815108E-4	1,242187E+3	4,315753E-4	1,242187E+3	1,047678E-3	1,242187E+3	5,987019E-5	1,242187E+3	6,982436E-4
1,243750E+3	8,271240E-5	1,243750E+3	7,017312E-4	1,243750E+3	3,560812E-4	1,243750E+3	7,758632E-4	1,243750E+3	4,421379E-4	1,243750E+3	1,039299E-3	1,243750E+3	6,186491E-5	1,243750E+3	6,988703E-4
1,245312E+3	8,107096E-5	1,245312E+3	6,915637E-4	1,245312E+3	3,565749E-4	1,245312E+3	7,700074E-4	1,245312E+3	4,524912E-4	1,245312E+3	1,036460E-3	1,245312E+3	6,369377E-5	1,245312E+3	6,961967E-4
1,246875E+3	8,331612E-5	1,246875E+3	6,808453E-4	1,246875E+3	3,583687E-4	1,246875E+3	7,640165E-4	1,246875E+3	4,645857E-4	1,246875E+3	1,033582E-3	1,246875E+3	6,587732E-5	1,246875E+3	6,942021E-4
1,248437E+3	8,246009E-5	1,248437E+3	6,705742E-4	1,248437E+3	3,590739E-4	1,248437E+3	7,562885E-4	1,248437E+3	4,747008E-4	1,248437E+3	1,024047E-3	1,248437E+3	6,746983E-5	1,248437E+3	6,927066E-4
1,250000E+3	8,429494E-5	1,250000E+3	6,589706E-4	1,250000E+3	3,605992E-4	1,250000E+3	7,482529E-4	1,250000E+3	4,860985E-4	1,250000E+3	1,014006E-3	1,250000E+3	6,919816E-5	1,250000E+3	6,918907E-4
1,251562E+3	8,470084E-5	1,251562E+3	6,531842E-4	1,251562E+3	3,619281E-4	1,251562E+3	7,376055E-4	1,251562E+3	4,953630E-4	1,251562E+3	9,969709E-4	1,251562E+3	7,126927E-5	1,251562E+3	6,878080E-4
1,253125E+3	8,718825E-5	1,253125E+3	6,464996E-4	1,253125E+3	3,639026E-4	1,253125E+3	7,268454E-4	1,253125E+3	5,056686E-4	1,253125E+3	9,793988E-4	1,253125E+3	7,334712E-5	1,253125E+3	6,844401E-4
1,254687E+3	8,852256E-5	1,254687E+3	6,408026E-4	1,254687E+3	3,649982E-4	1,254687E+3	7,184824E-4	1,254687E+3	5,133678E-4	1,254687E+3	9,862509E-4	1,254687E+3	7,555226E-5	1,254687E+3	6,764974E-4
1,256250E+3	9,128257E-5	1,256250E+3	6,343576E-4	1,256250E+3	3,664335E-4	1,256250E+3	7,102736E-4	1,256250E+3	5,206413E-4	1,256250E+3	9,935660E-4	1,256250E+3	7,776995E-5	1,256250E+3	6,693026E-4
1,257812E+3	9,282425E-5	1,257812E+3	6,276498E-4	1,257812E+3	3,672363E-4	1,257812E+3	7,042705E-4	1,257812E+3	5,309523E-4	1,257812E+3	9,743194E-4	1,257812E+3	7,845534E-5	1,257812E+3	6,687812E-4
1,259375E+3	9,546788E-5	1,259375E+3	6,205670E-4	1,259375E+3	3,681446E-4	1,259375E+3	6,986684E-4	1,259375E+3	5,418347E-4	1,259375E+3	9,551415E-4	1,259375E+3	7,883767E-5	1,259375E+3	6,692257E-4
1,260937E+3	9,805507E-5	1,260937E+3	6,159285E-4	1,260937E+3	3,689687E-4	1,260937E+3	6,954471E-4	1,260937E+3	5,522369E-4	1,260937E+3	9,348676E-4	1,260937E+3	7,736582E-5	1,260937E+3	7,120779E-4
1,262500E+3	1,014783E-4	1,262500E+3	6,116035E-4	1,262500E+3	3,696697E-4	1,262500E+3	6,928806E-4	1,262500E+3	5,630286E-4	1,262500E+3	9,150917E-4	1,262500E+3	7,446076E-5	1,262500E+3	7,560986E-4
1,264062E+3	1,062387E-4	1,264062E+3	5,788952E-4	1,264062E+3	3,720094E-4	1,264062E+3	6,828800E-4	1,264062E+3	5,728153E-4	1,264062E+3	8,950108E-4	1,264062E+3	6,508458E-5	1,264062E+3	7,614331E-4
1,265625E+3	1,267753E-4	1,265625E+3	5,295380E-4	1,265625E+3	3,740170E-4	1,265625E+3	6,736382E-4	1,265625E+3	5,826999E-4	1,265625E+3	8,757076E-4	1,265625E+3	5,479523E-5	1,265625E+3	7,672840E-4
1,267187E+3	1,245622E-4	1,267187E+3	5,433585E-4	1,267187E+3	3,780903E-4	1,267187E+3	6,594665E-4	1,267187E+3	5,953205E-4	1,267187E+3	8,509232E-4	1,267187E+3	6,104482E-5	1,267187E+3	7,537492E-4
1,268750E+3	1,220513E-4	1,268750E+3	5,573964E-4	1,268750E+3	3,826949E-4	1,268750E+3	6,501123E-4	1,268750E+3	6,143635E-4	1,268750E+3	8,315367E-4	1,268750E+3	6,966862E-5	1,268750E+3	7,417349E-4
1,270312E+3	1,209640E-4	1,270312E+3	5,609499E-4	1,270312E+3	3,843910E-4	1,270312E+3	6,497336E-4	1,270312E+3	6,224390E-4	1,270312E+3	8,262891E-4	1,270312E+3	7,133672E-5	1,270312E+3	7,372233E-4
1,271875E+3	1,196963E-4	1,271875E+3	5,647953E-4	1,271875E+3	3,869908E-4	1,271875E+3	6,540962E-4	1,271875E+3	6,305822E-4	1,271875E+3	8,220056E-4	1,271875E+3	7,245132E-5	1,271875E+3	7,340240E-4
1,273437E+3	1,215117E-4	1,273437E+3	5,469587E-4	1,273437E+3	3,815276E-4	1,273437E+3	6,942833E-4	1,273437E+3	6,377048E-4	1,273437E+3	8,193807E-4	1,273437E+3	7,250953E-5	1,273437E+3	7,531763E-4
1,275000E+3	1,242400E-4	1,275000E+3	5,299706E-4	1,275000E+3	3,741711E-4	1,275000E+3	7,348624E-4	1,275000E+3	6,445309E-4	1,275000E+3	8,171413E-4	1,275000E+3	7,165780E-5	1,275000E+3	7,726743E-4
1,276562E+3	1,248502E-4	1,276562E+3	5,216890E-4	1,276562E+3	3,705478E-4	1,276562E+3	7,383735E-4	1,276562E+3	6,507118E-4	1,276562E+3	8,091240E-4	1,276562E+3	7,255840E-5	1,276562E+3	7,714713E-4
1,278125E+3	1,254150E-4	1,278125E+3	5,139685E-4	1,278125E+3	3,666936E-4	1,278125E+3	7,421255E-4	1,278125E+3	6,567580E-4	1,278125E+3	8,014141E-4	1,278125E+3	7,274660E-5	1,278125E+3	7,712471E-4
1,279687E+3	1,263764E-4	1,279687E+3	5,036869E-4	1,279687E+3	3,619278E-4	1,279687E+3	7,479174E-4	1,279687E+3	6,626217E-4	1,279687E+3	7,902666E-4	1,279687E+3	7,248421E-5	1,279687E+3	7,673346E-4
1,281250E+3	1,273078E-4	1,281250E+3	4,940402E-4	1,281250E+3	3,569274E-4	1,281250E+3	7,537820E-4	1,281250E+3	6,684371E-4	1,281250E+3	7,794711E-4	1,281250E+3	7,145209E-5	1,281250E+3	7,643270E-4
1,282812E+3	1,278977E-4	1,282812E+3	4,855024E-4	1,282812E+3	3,577216E-4	1,282812E+3	7,508544E-4	1,282812E+3	6,741977E-4	1,282812E+3	7,685280E-4	1,282812E+3	7,012194E-5	1,282812E+3	7,615521E-4
1,284375E+3	1,284581E-4	1,284375E+3	4,774858E-4	1,284375E+3	3,583561E-4	1,284375E+3	7,482330E-4	1,284375E+3	6,799166E-4	1,284375E+3	7,580722E-4	1,284375E+3	6,790638E-5	1,284375E+3	7,592255E-4
1,285937E+3	1,234954E-4	1,285937E+3	5,273406E-4	1,285937E+3	3,584310E-4	1,285937E+3	7,489256E-4	1,285937E+3	6,850189E-4	1,285937E+3	7,500735E-4	1,285937E+3	6,480407E-5	1,285937E+3	7,573753E-4
1,287500E+3	1,176228E-4	1,287500E+3	5,764260E-4	1,287500E+3	3,582897E-4	1,287500E+3	7,498052E-4	1,287500E+3	6,900304E-4	1,287500E+3	7,428033E-4	1,287500E+3	6,071641E-5	1,287500E+3	7,554458E-4
1,289062E+3	1,121589E-4	1,289062E+3	6,210089E-4	1,289062E+3	3,588547E-4	1,289062E+3	7,512941E-4	1,289062E+3	6,936421E-4	1,289062E+3	7,367397E-4	1,289062E+3	6,676583E-5	1,289062E+3	8,110022E-4
1,290625E+3	1,059138E-4	1,290625E+3	6,642430E-4	1,290625E+3	3,591991E-4	1,290625E+3	7,530754E-4	1,290625E+3	6,971214E-4	1,290625E+3	7,314134E-4	1,290625E+3	7,254432E-5	1,290625E+3	8,831230E-4
1,292187E+3	1,071256E-4	1,292187E+3	6,527178E-4	1,292187E+3	3,601535E-4	1,292187E+3	7,543899E-4	1,292187E+3	6,985612E-4	1,292187E+3	7,255713E-4	1,292187E+3	7,291256E-5	1,292187E+3	9,136259E-4
1,293750E+3	1,083231E-4	1,293750E+3	6,419925E-4	1,293750E+3	3,608581E-4	1,293750E+3	7,559624E-4	1,293750E+3	6,998251E-4	1,293750E+3	7,201611E-4	1,293750E+3	7,202659E-5	1,293750E+3	9,397384E-4
1,295312E+3	9,699755E-5	1,295312E+3	6,649698E-4	1,295312E+3	3,620985E-4	1,295312E+3	7,555381E-4	1,295312E+3	7,001375E-4	1,295312E+3	7,125412E-4	1,295312E+3	7,465948E-5	1,295312E+3	9,304015E-4
1,296875E+3	8,597762E-5	1,296875E+3	6,870888E-4	1,296875E+3	3,631033E-4	1,296875E+3	7,553966E-4	1,296875E+3	7,003180E-4	1,296875E+3	7,052579E-4	1,296875E+3	7,722735E-5	1,296875E+3	9,220818E-4
1,298437E+3	8,751871E-5	1,298437E+3	6,790582E-4	1,298437E+3	3,645817E-4	1,298437E+3	7,535824E-4	1,298437E+3	7,001478E-4	1,298437E+3	6,958889E-4	1,298437E+3	7,969369E-5	1,298437E+3	9,117050E-4
1,300000E+3	8,901206E-5	1,300000E+3	6,715237E-4	1,300000E+3	3,658660E-4	1,300000E+3	7,520998E-4	1,300000E+3	6,999020E-4	1,300000E+3	6,868426E-4	1,300000E+3	8,212472E-5	1,300000E+3	9,019900E-4
1,301562E+3	8,975208E-5	1,301562E+3	6,670133E-4	1,301562E+3	3,670828E-4	1,301562E+3	7,514248E-4	1,301562E+3	6,988406E-4	1,301562E+3	6,790091E-4	1,301562E+3	8,442957E-5	1,301562E+3	8,905811E-4
1,303125E+3	9,044608E-5	1,303125E+3	6,627805E-4	1,303125E+3	3,680893E-4	1,303125E+3	7,509692E-4	1,303125E+3	6,977022E-4	1,303125E+3	6,716047E-4	1,303125E+3	8,671092E-5	1,303125E+3	8,795863E-4
1,304687E+3	8,378741E-5	1,304687E+3	7,524299E-4	1,304687E+3	3,691819E-4	1,304687E+3	7,521603E-4	1,304687E+3	6,955246E-4	1,304687E+3	6,641139E-4	1,304687E+3	8,897046E-5	1,304687E+3	8,728352E-4
1,306250E+3	7,456445E-5	1,306250E+3	8,268657E-4	1,306250E+3	3,699950E-4	1,306250E+3	7,535104E-4	1,306250E+3	6,933019E-4	1,306250E+3	6,568635E-4	1,306250E+3	9,113681E-5	1,306250E+3	8,667716E-4
1,307812E+3	7,627047E-5	1,307812E+3	8,104110E-4	1,307812E+3	3,713325E-4	1,307812E+3	7,573719E-4	1,307812E+3	6,892289E-4	1,307812E+3	6,503480E-4	1,307812E+3	9,338876E-5	1,307812E+3	8,762531E-4
1,309375E+3	7,795036E-5	1,309375E+3	7,953346E-4	1,309375E+3	3,722818E-4	1,309375E+3	7,615692E-4	1,309375E+3	6,851240E-4	1,309375E+3	6,439400E-4	1,309375E+3	9,527770E-5	1,309375E+3	8,875375E-4
1,310937E+3	8,001288E-5	1,310937E+3	7,791469E-4	1,310937E+3	3,741211E-4	1,310937E+3	7,654370E-4	1,310937E+3	6,795294E-4	1,310937E+3	6,391085E-4	1,310937E+3	9,686862E-5	1,310937E+3	8,883510E-4
1,312500E+3	8,203978E-5	1,312500E+3	7,638896E-4	1,312500E+3	3,755984E-4	1,312500E+3	7,696944E-4	1,312500E+3	6,738712E-4	1,312500E+3	6,345105E-4	1,312500E+3	9,825867E-5	1,312500E+3	8,899276E-4
1,314062E+3	8,379880E-5	1,314062E+3	7,464097E-4	1,314062E+3	3,775089E-4	1,314062E+3	7,707436E-4	1,314062E+3	6,669704E-4	1,314062E+3	6,312575E-4	1,314062E+3	1,003844E-4	1,314062E+3	8,980938E-4
1,315625E+3	8,553779E-5	1,315625E+3	7,293856E-4	1,315625E+3	3,791072E-4	1,315625E+3	7,719787E-4	1,315625E+3	6,600159E-4	1,315625E+3	6,282623E-4	1,315625E+3	1,022069E-4	1,315625E+3	9,071581E-4
1,317187E+3	8,702871E-5	1,317187E+3	7,120868E-4	1,317187E+3	3,809028E-4	1,317187E+3	7,725253E-4	1,317187E+3	6,536153E-4	1,317187E+3	6,241299E-4	1,317187E+3	9,645006E-5	1,317187E+3	9,571704E-4
1,318750E+3	8,848635E-5	1,318750E+3	6,950861E-4	1,318750E+3	3,823839E-4	1,318750E+3	7,731850E-4	1,318750E+3	6,472464E-4	1,318750E+3	6,201317E-4	1,318750E+3	8,888188E-5	1,318750E+3	1,007532E-3
1,320312E+3	9,007151E-5	1,320312E+3	6,808131E-4	1,320312E+3	3,844673E-4	1,320312E+3	7,774067E-4	1,320312E+3	6,406405E-4	1,320312E+3	6,162801E-4	1,320312E+3	9,263980E-5	1,320312E+3	1,024455E-3
1,321875E+3	9,157842E-5	1,321875E+3	6,670365E-4	1,321875E+3	3,861186E-4	1,321875E+3	7,819036E-4	1,321875E+3	6,340957E-4	1,321875E+3	6,125806E-4	1,321875E+3	9,602418E-5	1,321875E+3	1,041423E-3
1,323437E+3	9,663309E-5	1,323437E+3	7,045153E-4	1,323437E+3	3,886221E-4	1,323437E+3	7,860870E-4	1,323437E+3	6,276833E-4	1,323437E+3	6,104436E-4	1,323437E+3	9,449931E-5	1,323437E+3	1,071573E-3
1,325000E+3	1,002602E-4	1,325000E+3	7,463059E-4	1,325000E+3	3,906587E-4	1,325000E+3	7,904937E-4	1,325000E+3	6,211973E-4	1,325000E+3	6,087151E-4	1,325000E+3	9,132866E-5	1,325000E+3	1,093642E-3
1,326562E+3	1,018735E-4	1,326562E+3	7,358021E-4	1,326562E+3	3,933250E-4	1,326562E+3	7,928552E-4	1,326562E+3	6,146632E-4	1,326562E+3	6,052871E-4	1,326562E+3	1,019249E-4	1,326562E+3	1,185973E-3
1,328125E+3	1,034337E-4	1,328125E+3	7,255018E-4	1,328125E+3	3,955547E-4	1,328125E+3	7,953728E-4	1,328125E+3	6,081721E-4	1,328125E+3	6,019601E-4	1,328125E+3	1,040672E-4	1,328125E+3	1,264977E-3
1,329687E+3	1,049569E-4	1,329687E+3	7,150449E-4	1,329687E+3	3,984225E-4	1,329687E+3	7,989209E-4	1,329687E+3	6,008230E-4	1,329687E+3	5,988266E-4	1,329687E+3	1,028212E-4	1,329687E+3	1,265386E-3
1,331250E+3	1,064178E-4	1,331250E+3	7,047336E-4	1,331250E+3	4,007862E-4	1,331250E+3	8,027423E-4	1,331250E+3	5,936598E-4	1,331250E+3	5,954795E-4	1,331250E+3	1,013195E-4	1,331250E+3	1,265682E-3
1,332812E+3	1,054082E-4	1,332812E+3	8,057849E-4	1,332812E+3	3,983436E-4	1,332812E+3	8,419170E-4	1,332812E+3	5,867415E-4	1,332812E+3	5,929090E-4	1,332812E+3	9,996243E-5	1,332812E+3	1,264068E-3
1,334375E+3	1,003762E-4	1,334375E+3	9,032490E-4	1,334375E+3	3,927640E-4	1,334375E+3	8,816914E-4	1,334375E+3	5,800305E-4	1,334375E+3	5,901132E-4	1,334375E+3	9,839672E-5	1,334375E+3	1,262290E-3
1,335937E+3	8,784479E-5	1,335937E+3	9,538289E-4	1,335937E+3	3,950984E-4	1,335937E+3	8,826260E-4	1,335937E+3	5,731991E-4	1,335937E+3	5,910101E-4	1,335937E+3	9,856072E-5	1,335937E+3	1,259302E-3
1,337500E+3	7,460254E-5	1,337500E+3	9,762078E-4	1,337500E+3	3,970301E-4	1,337500E+3	8,834837E-4	1,337500E+3	5,664127E-4	1,337500E+3	5,919457E-4	1,337500E+3	9,855773E-5	1,337500E+3	1,256140E-3
1,339062E+3	7,536956E-5	1,339062E+3	9,595993E-4	1,339062E+3	3,993964E-4	1,339062E+3	8,867039E-4	1,339062E+3	5,551056E-4	1,339062E+3	6,099659E-4	1,339062E+3	9,765115E-5	1,339062E+3	1,253171E-3
1,340625E+3	7,609735E-5	1,340625E+3	9,426113E-4	1,340625E+3	4,012488E-4	1,340625E+3	8,898642E-4	1,340625E+3	5,432600E-4	1,340625E+3	6,287159E-4	1,340625E+3	9,657812E-5	1,340625E+3	1,249961E-3
1,342187E+3	7,694703E-5	1,342187E+3	9,264139E-4	1,342187E+3	4,043076E-4	1,342187E+3	8,922854E-4	1,342187E+3	5,345626E-4	1,342187E+3	6,362768E-4	1,342187E+3	9,642584E-5	1,342187E+3	1,247227E-3
1,343750E+3	7,776987E-5	1,343750E+3	9,098140E-4	1,343750E+3	4,068744E-4	1,343750E+3	8,945547E-4	1,343750E+3	5,257333E-4	1,343750E+3	6,439387E-4	1,343750E+3	9,610250E-5	1,343750E+3	1,244238E-3
1,345312E+3	7,871832E-5	1,345312E+3	8,936790E-4	1,345312E+3	4,099577E-4	1,345312E+3	8,968264E-4	1,345312E+3	5,217682E-4	1,345312E+3	6,375111E-4	1,345312E+3	9,559165E-5	1,345312E+3	1,243316E-3
1,346875E+3	7,965191E-5	1,346875E+3	8,771039E-4	1,346875E+3	4,125249E-4	1,346875E+3	8,989587E-4	1,346875E+3	5,180960E-4	1,346875E+3	6,306042E-4	1,346875E+3	9,487938E-5	1,346875E+3	1,242063E-3
1,348437E+3	8,099534E-5	1,348437E+3	8,603813E-4	1,348437E+3	4,156730E-4	1,348437E+3	9,029184E-4	1,348437E+3	4,932574E-4	1,348437E+3	6,618995E-4	1,348437E+3	9,497898E-5	1,348437E+3	1,243811E-3
1,350000E+3	8,233667E-5	1,350000E+3	8,431823E-4	1,350000E+3	4,181972E-4	1,350000E+3	9,068338E-4	1,350000E+3	4,676662E-4	1,350000E+3	6,929965E-4	1,350000E+3	9,479894E-5	1,350000E+3	1,245134E-3
1,351562E+3	8,335577E-5	1,351562E+3	8,263996E-4	1,351562E+3	4,213505E-4	1,351562E+3	9,105518E-4	1,351562E+3	4,573641E-4	1,351562E+3	7,074204E-4	1,351562E+3	9,878701E-5	1,351562E+3	1,277248E-3
1,353125E+3	8,436318E-5	1,353125E+3	8,091148E-4	1,353125E+3	4,238586E-4	1,353125E+3	9,142462E-4	1,353125E+3	4,469361E-4	1,353125E+3	7,215484E-4	1,353125E+3	1,002822E-4	1,353125E+3	1,306191E-3
1,354687E+3	8,570754E-5	1,354687E+3	7,914517E-4	1,354687E+3	4,268781E-4	1,354687E+3	9,171957E-4	1,354687E+3	4,402616E-4	1,354687E+3	7,269024E-4	1,354687E+3	1,033599E-4	1,354687E+3	1,323823E-3
1,356250E+3	8,705770E-5	1,356250E+3	7,732676E-4	1,356250E+3	4,292488E-4	1,356250E+3	9,200991E-4	1,356250E+3	4,335475E-4	1,356250E+3	7,319199E-4	1,356250E+3	1,049404E-4	1,356250E+3	1,339385E-3
1,357812E+3	8,805414E-5	1,357812E+3	7,558403E-4	1,357812E+3	4,323653E-4	1,357812E+3	9,214438E-4	1,357812E+3	4,260321E-4	1,357812E+3	7,395261E-4	1,357812E+3	1,061292E-4	1,357812E+3	1,330036E-3
1,359375E+3	8,904329E-5	1,359375E+3	7,379450E-4	1,359375E+3	4,348819E-4	1,359375E+3	9,226906E-4	1,359375E+3	4,184049E-4	1,359375E+3	7,467733E-4	1,359375E+3	1,073425E-4	1,359375E+3	1,319916E-3
1,360937E+3	9,168973E-5	1,360937E+3	9,638447E-4	1,360937E+3	4,381526E-4	1,360937E+3	9,216582E-4	1,360937E+3	4,104237E-4	1,360937E+3	7,565152E-4	1,360937E+3	1,082704E-4	1,360937E+3	1,310682E-3
1,362500E+3	7,422415E-5	1,362500E+3	1,128841E-3	1,362500E+3	4,409399E-4	1,362500E+3	9,204435E-4	1,362500E+3	4,023580E-4	1,362500E+3	7,657606E-4	1,362500E+3	1,092643E-4	1,362500E+3	1,300690E-3
1,364062E+3	7,409364E-5	1,364062E+3	1,121182E-3	1,364062E+3	4,441351E-4	1,364062E+3	9,180509E-4	1,364062E+3	3,972028E-4	1,364062E+3	7,695888E-4	1,364062E+3	1,104285E-4	1,364062E+3	1,291538E-3
1,365625E+3	7,392796E-5	1,365625E+3	1,113098E-3	1,365625E+3	4,469156E-4	1,365625E+3	9,154062E-4	1,365625E+3	3,920488E-4	1,365625E+3	7,729446E-4	1,365625E+3	1,116399E-4	1,365625E+3	1,281764E-3
1,367187E+3	7,380749E-5	1,367187E+3	1,107712E-3	1,367187E+3	4,505354E-4	1,367187E+3	9,132318E-4	1,367187E+3	3,863644E-4	1,367187E+3	7,780331E-4	1,367187E+3	1,128180E-4	1,367187E+3	1,273430E-3
1,368750E+3	7,361640E-5	1,368750E+3	1,101914E-3	1,368750E+3	4,537425E-4	1,368750E+3	9,108014E-4	1,368750E+3	3,806686E-4	1,368750E+3	7,825575E-4	1,368750E+3	1,139687E-4	1,368750E+3	1,264543E-3
1,370312E+3	7,380255E-5	1,370312E+3	1,100007E-3	1,370312E+3	4,576533E-4	1,370312E+3	9,114908E-4	1,370312E+3	3,726554E-4	1,370312E+3	7,963714E-4	1,370312E+3	1,155834E-4	1,370312E+3	1,256705E-3
1,371875E+3	7,384946E-5	1,371875E+3	1,097621E-3	1,371875E+3	4,609562E-4	1,371875E+3	9,119840E-4	1,371875E+3	3,644292E-4	1,371875E+3	8,092807E-4	1,371875E+3	1,171238E-4	1,371875E+3	1,248326E-3
1,373437E+3	7,387047E-5	1,373437E+3	1,105766E-3	1,373437E+3	4,651547E-4	1,373437E+3	9,259617E-4	1,373437E+3	3,567225E-4	1,373437E+3	8,248466E-4	1,373437E+3	1,183260E-4	1,373437E+3	1,242751E-3
1,375000E+3	7,340833E-5	1,375000E+3	1,112895E-3	1,375000E+3	4,675904E-4	1,375000E+3	9,398393E-4	1,375000E+3	3,487307E-4	1,375000E+3	8,393057E-4	1,375000E+3	1,193328E-4	1,375000E+3	1,236514E-3
1,376562E+3	7,375779E-5	1,376562E+3	1,155215E-3	1,376562E+3	4,714183E-4	1,376562E+3	9,614582E-4	1,376562E+3	3,431396E-4	1,376562E+3	8,476245E-4	1,376562E+3	1,208808E-4	1,376562E+3	1,232417E-3
1,378125E+3	7,099175E-5	1,378125E+3	1,190860E-3	1,378125E+3	4,724449E-4	1,378125E+3	9,829306E-4	1,378125E+3	3,373977E-4	1,378125E+3	8,550790E-4	1,378125E+3	1,220959E-4	1,378125E+3	1,227551E-3
1,379687E+3	7,120167E-5	1,379687E+3	1,198143E-3	1,379687E+3	4,758138E-4	1,379687E+3	9,872837E-4	1,379687E+3	3,316108E-4	1,379687E+3	8,629682E-4	1,379687E+3	1,237354E-4	1,379687E+3	1,226480E-3
1,381250E+3	7,073098E-5	1,381250E+3	1,204030E-3	1,381250E+3	4,781750E-4	1,381250E+3	9,914924E-4	1,381250E+3	3,256963E-4	1,381250E+3	8,699233E-4	1,381250E+3	1,247346E-4	1,381250E+3	1,224376E-3
1,382812E+3	7,098905E-5	1,382812E+3	1,203894E-3	1,382812E+3	4,821818E-4	1,382812E+3	9,869626E-4	1,382812E+3	3,190478E-4	1,382812E+3	8,819696E-4	1,382812E+3	1,263043E-4	1,382812E+3	1,228254E-3
1,384375E+3	7,097520E-5	1,384375E+3	1,202935E-3	1,384375E+3	4,858151E-4	1,384375E+3	9,822077E-4	1,384375E+3	3,121127E-4	1,384375E+3	8,927506E-4	1,384375E+3	1,265828E-4	1,384375E+3	1,230504E-3
1,385937E+3	7,097821E-5	1,385937E+3	1,202779E-3	1,385937E+3	4,895848E-4	1,385937E+3	9,765664E-4	1,385937E+3	3,054728E-4	1,385937E+3	9,070728E-4	1,385937E+3	1,283010E-4	1,385937E+3	1,238088E-3
1,387500E+3	7,074144E-5	1,387500E+3	1,201704E-3	1,387500E+3	4,930261E-4	1,387500E+3	9,706594E-4	1,387500E+3	2,983570E-4	1,387500E+3	9,198529E-4	1,387500E+3	1,278220E-4	1,387500E+3	1,243406E-3
1,389062E+3	7,070106E-5	1,389062E+3	1,201938E-3	1,389062E+3	4,969015E-4	1,389062E+3	9,658404E-4	1,389062E+3	2,923368E-4	1,389062E+3	9,317697E-4	1,389062E+3	1,298371E-4	1,389062E+3	1,249033E-3
1,390625E+3	7,040223E-5	1,390625E+3	1,201103E-3	1,390625E+3	5,003828E-4	1,390625E+3	9,607584E-4	1,390625E+3	2,858313E-4	1,390625E+3	9,421807E-4	1,390625E+3	1,294958E-4	1,390625E+3	1,252200E-3
1,392187E+3	7,057288E-5	1,392187E+3	1,200834E-3	1,392187E+3	5,041922E-4	1,392187E+3	9,580909E-4	1,392187E+3	2,809762E-4	1,392187E+3	9,520074E-4	1,392187E+3	1,316854E-4	1,392187E+3	1,252782E-3
1,393750E+3	7,052343E-5	1,393750E+3	1,199397E-3	1,393750E+3	5,074305E-4	1,393750E+3	9,551977E-4	1,393750E+3	2,756432E-4	1,393750E+3	9,603980E-4	1,393750E+3	1,320989E-4	1,393750E+3	1,250791E-3
1,395312E+3	7,080710E-5	1,395312E+3	1,198618E-3	1,395312E+3	5,106189E-4	1,395312E+3	9,572304E-4	1,395312E+3	2,705896E-4	1,395312E+3	9,741205E-4	1,395312E+3	1,346665E-4	1,395312E+3	1,247588E-3
1,396875E+3	7,097970E-5	1,396875E+3	1,196495E-3	1,396875E+3	5,128129E-4	1,396875E+3	9,591108E-4	1,396875E+3	2,647590E-4	1,396875E+3	9,859159E-4	1,396875E+3	1,357829E-4	1,396875E+3	1,241730E-3
1,398437E+3	7,163171E-5	1,398437E+3	1,193794E-3	1,398437E+3	5,154411E-4	1,398437E+3	9,653476E-4	1,398437E+3	2,602511E-4	1,398437E+3	9,993023E-4	1,398437E+3	1,388118E-4	1,398437E+3	1,236060E-3
1,400000E+3	7,235044E-5	1,400000E+3	1,189661E-3	1,400000E+3	5,166590E-4	1,400000E+3	9,715006E-4	1,400000E+3	2,549478E-4	1,400000E+3	1,010515E-3	1,400000E+3	1,402888E-4	1,400000E+3	1,228634E-3
1,401562E+3	7,285987E-5	1,401562E+3	1,185896E-3	1,401562E+3	5,182150E-4	1,401562E+3	9,778146E-4	1,401562E+3	2,505975E-4	1,401562E+3	1,020669E-3	1,401562E+3	1,433476E-4	1,401562E+3	1,222724E-3
1,403125E+3	7,366981E-5	1,403125E+3	1,180305E-3	1,403125E+3	5,183189E-4	1,403125E+3	9,840693E-4	1,403125E+3	2,455798E-4	1,403125E+3	1,028705E-3	1,403125E+3	1,445986E-4	1,403125E+3	1,215652E-3
1,404687E+3	7,456020E-5	1,404687E+3	1,173997E-3	1,404687E+3	5,193420E-4	1,404687E+3	9,887345E-4	1,404687E+3	2,405204E-4	1,404687E+3	1,037864E-3	1,404687E+3	1,478222E-4	1,404687E+3	1,209160E-3
1,406250E+3	7,601866E-5	1,406250E+3	1,165477E-3	1,406250E+3	5,190836E-4	1,406250E+3	9,933012E-4	1,406250E+3	2,344992E-4	1,406250E+3	1,044964E-3	1,406250E+3	1,491932E-4	1,406250E+3	1,201868E-3
1,407812E+3	7,684595E-5	1,407812E+3	1,157175E-3	1,407812E+3	5,203215E-4	1,407812E+3	9,951426E-4	1,407812E+3	2,292143E-4	1,407812E+3	1,052536E-3	1,407812E+3	1,526156E-4	1,407812E+3	1,193794E-3
1,409375E+3	7,851769E-5	1,409375E+3	1,145793E-3	1,409375E+3	5,205425E-4	1,409375E+3	9,968545E-4	1,409375E+3	2,227846E-4	1,409375E+3	1,058247E-3	1,409375E+3	1,543053E-4	1,409375E+3	1,185064E-3
1,410937E+3	7,973617E-5	1,410937E+3	1,136039E-3	1,410937E+3	5,210882E-4	1,410937E+3	9,977205E-4	1,410937E+3	2,178056E-4	1,410937E+3	1,064503E-3	1,410937E+3	1,630193E-4	1,410937E+3	1,172273E-3
1,412500E+3	8,131922E-5	1,412500E+3	1,122751E-3	1,412500E+3	5,205873E-4	1,412500E+3	9,985445E-4	1,412500E+3	2,115939E-4	1,412500E+3	1,069002E-3	1,412500E+3	1,737938E-4	1,412500E+3	1,157314E-3
1,414062E+3	8,309677E-5	1,414062E+3	1,111986E-3	1,414062E+3	5,202393E-4	1,414062E+3	9,982169E-4	1,414062E+3	2,071613E-4	1,414062E+3	1,073616E-3	1,414062E+3	1,861256E-4	1,414062E+3	1,151017E-3
1,415625E+3	8,457115E-5	1,415625E+3	1,097718E-3	1,415625E+3	5,188590E-4	1,415625E+3	9,978952E-4	1,415625E+3	2,014261E-4	1,415625E+3	1,076624E-3	1,415625E+3	2,008479E-4	1,415625E+3	1,143337E-3
1,417187E+3	8,646389E-5	1,417187E+3	1,087588E-3	1,417187E+3	5,581517E-4	1,417187E+3	9,920841E-4	1,417187E+3	1,976650E-4	1,417187E+3	1,079841E-3	1,417187E+3	2,046616E-4	1,417187E+3	1,137913E-3
1,418750E+3	8,712488E-5	1,418750E+3	1,074300E-3	1,418750E+3	6,051296E-4	1,418750E+3	9,951377E-4	1,418750E+3	1,925758E-4	1,418750E+3	1,081580E-3	1,418750E+3	2,060132E-4	1,418750E+3	1,133417E-3
1,420312E+3	8,932369E-5	1,420312E+3	1,064474E-3	1,420312E+3	6,063567E-4	1,420312E+3	9,968320E-4	1,420312E+3	2,064628E-4	1,420312E+3	1,047888E-3	1,420312E+3	2,115272E-4	1,420312E+3	1,130137E-3
1,421875E+3	8,956815E-5	1,421875E+3	1,052391E-3	1,421875E+3	6,065833E-4	1,421875E+3	9,984855E-4	1,421875E+3	2,392512E-4	1,421875E+3	1,013008E-3	1,421875E+3	2,146354E-4	1,421875E+3	1,128138E-3
1,423437E+3	9,183559E-5	1,423437E+3	1,043937E-3	1,423437E+3	6,068422E-4	1,423437E+3	1,000873E-3	1,423437E+3	2,359904E-4	1,423437E+3	1,014570E-3	1,423437E+3	2,209981E-4	1,423437E+3	1,130905E-3
1,425000E+3	9,142295E-5	1,425000E+3	1,033839E-3	1,425000E+3	6,060672E-4	1,425000E+3	1,003181E-3	1,425000E+3	2,307482E-4	1,425000E+3	1,014786E-3	1,425000E+3	2,246519E-4	1,425000E+3	1,135694E-3
1,426562E+3	9,373919E-5	1,426562E+3	1,026329E-3	1,426562E+3	6,057300E-4	1,426562E+3	1,005295E-3	1,426562E+3	2,277192E-4	1,426562E+3	1,016234E-3	1,426562E+3	2,295978E-4	1,426562E+3	1,138368E-3
1,428125E+3	9,289096E-5	1,428125E+3	1,017937E-3	1,428125E+3	6,043261E-4	1,428125E+3	1,007327E-3	1,428125E+3	2,224990E-4	1,428125E+3	1,016431E-3	1,428125E+3	2,317355E-4	1,428125E+3	1,143404E-3
1,429687E+3	9,494976E-5	1,429687E+3	1,011327E-3	1,429687E+3	6,027660E-4	1,429687E+3	1,010426E-3	1,429687E+3	2,187150E-4	1,429687E+3	1,019874E-3	1,429687E+3	2,367368E-4	1,429687E+3	1,148254E-3
1,431250E+3	9,354315E-5	1,431250E+3	1,004630E-3	1,431250E+3	6,000276E-4	1,431250E+3	1,013358E-3	1,431250E+3	2,122049E-4	1,431250E+3	1,021987E-3	1,431250E+3	2,390044E-4	1,431250E+3	1,155810E-3
1,432812E+3	9,505481E-5	1,432812E+3	9,999955E-4	1,432812E+3	5,973121E-4	1,432812E+3	1,018138E-3	1,432812E+3	2,074282E-4	1,432812E+3	1,028883E-3	1,432812E+3	2,433513E-4	1,432812E+3	1,162352E-3
1,434375E+3	9,244048E-5	1,434375E+3	9,959409E-4	1,434375E+3	5,933274E-4	1,434375E+3	1,022629E-3	1,434375E+3	1,990178E-4	1,434375E+3	1,034382E-3	1,434375E+3	2,451344E-4	1,434375E+3	1,171881E-3
1,435937E+3	1,127751E-4	1,435937E+3	9,453329E-4	1,435937E+3	5,903889E-4	1,435937E+3	1,030474E-3	1,435937E+3	1,944797E-4	1,435937E+3	1,038404E-3	1,435937E+3	2,495088E-4	1,435937E+3	1,180889E-3
1,437500E+3	1,692091E-4	1,437500E+3	8,614877E-4	1,437500E+3	5,860978E-4	1,437500E+3	1,037926E-3	1,437500E+3	1,865126E-4	1,437500E+3	1,041549E-3	1,437500E+3	2,514951E-4	1,437500E+3	1,193201E-3
1,439062E+3	1,718960E-4	1,439062E+3	8,617177E-4	1,439062E+3	5,864638E-4	1,439062E+3	1,045718E-3	1,439062E+3	1,944496E-4	1,439062E+3	1,041299E-3	1,439062E+3	2,562528E-4	1,439062E+3	1,206471E-3
1,440625E+3	1,695307E-4	1,440625E+3	8,652986E-4	1,440625E+3	5,857211E-4	1,440625E+3	1,053286E-3	1,440625E+3	2,012538E-4	1,440625E+3	1,041875E-3	1,440625E+3	2,587319E-4	1,440625E+3	1,223533E-3
1,442187E+3	1,712043E-4	1,442187E+3	8,712428E-4	1,442187E+3	5,935735E-4	1,442187E+3	1,049675E-3	1,442187E+3	2,585711E-4	1,442187E+3	9,977063E-4	1,442187E+3	2,629946E-4	1,442187E+3	1,241346E-3
1,443750E+3	1,670452E-4	1,443750E+3	8,821481E-4	1,443750E+3	6,011795E-4	1,443750E+3	1,046084E-3	1,443750E+3	3,615546E-4	1,443750E+3	9,632255E-4	1,443750E+3	2,648740E-4	1,443750E+3	1,263533E-3
1,445312E+3	1,675536E-4	1,445312E+3	8,937311E-4	1,445312E+3	6,130435E-4	1,445312E+3	1,036698E-3	1,445312E+3	3,660094E-4	1,445312E+3	9,529624E-4	1,445312E+3	2,359869E-4	1,445312E+3	1,351267E-3
1,446875E+3	1,619268E-4	1,446875E+3	9,118640E-4	1,446875E+3	6,249287E-4	1,446875E+3	1,027317E-3	1,446875E+3	3,692482E-4	1,446875E+3	9,425742E-4	1,446875E+3	1,645189E-4	1,446875E+3	1,464238E-3
1,448437E+3	1,699609E-4	1,448437E+3	9,192845E-4	1,448437E+3	6,395020E-4	1,448437E+3	1,017474E-3	1,448437E+3	3,733375E-4	1,448437E+3	9,312105E-4	1,448437E+3	1,694672E-4	1,448437E+3	1,460265E-3
1,450000E+3	1,740099E-4	1,450000E+3	9,314083E-4	1,450000E+3	6,541856E-4	1,450000E+3	1,007701E-3	1,450000E+3	3,762511E-4	1,450000E+3	9,197382E-4	1,450000E+3	1,744160E-4	1,450000E+3	1,456560E-3
1,451562E+3	1,882594E-4	1,451562E+3	9,287809E-4	1,451562E+3	6,693265E-4	1,451562E+3	9,976867E-4	1,451562E+3	3,787530E-4	1,451562E+3	9,085924E-4	1,451562E+3	1,804719E-4	1,451562E+3	1,452349E-3
1,453125E+3	2,029490E-4	1,453125E+3	9,271259E-4	1,453125E+3	6,845530E-4	1,453125E+3	9,877220E-4	1,453125E+3	3,799059E-4	1,453125E+3	8,972235E-4	1,453125E+3	1,865681E-4	1,453125E+3	1,448413E-3
1,454687E+3	2,086679E-4	1,454687E+3	9,275082E-4	1,454687E+3	6,986058E-4	1,454687E+3	9,763360E-4	1,454687E+3	3,713852E-4	1,454687E+3	1,022148E-3	1,454687E+3	1,936563E-4	1,454687E+3	1,444382E-3
1,456250E+3	2,135973E-4	1,456250E+3	9,302381E-4	1,456250E+3	7,126948E-4	1,456250E+3	9,649028E-4	1,456250E+3	2,836222E-4	1,456250E+3	1,174880E-3	1,456250E+3	2,008454E-4	1,456250E+3	1,440612E-3
1,457812E+3	2,215200E-4	1,457812E+3	9,261184E-4	1,457812E+3	6,305103E-4	1,457812E+3	1,067082E-3	1,457812E+3	2,910889E-4	1,457812E+3	1,161624E-3	1,457812E+3	2,093242E-4	1,457812E+3	1,441338E-3
1,459375E+3	2,292994E-4	1,459375E+3	9,236120E-4	1,459375E+3	5,217874E-4	1,459375E+3	1,148981E-3	1,459375E+3	2,984774E-4	1,459375E+3	1,148455E-3	1,459375E+3	2,179250E-4	1,459375E+3	1,442431E-3
1,460937E+3	2,376931E-4	1,460937E+3	9,198342E-4	1,460937E+3	5,373842E-4	1,460937E+3	1,141330E-3	1,460937E+3	3,075066E-4	1,460937E+3	1,138024E-3	1,460937E+3	2,299830E-4	1,460937E+3	1,449777E-3
1,462500E+3	2,459313E-4	1,462500E+3	9,177957E-4	1,462500E+3	5,530034E-4	1,462500E+3	1,133769E-3	1,462500E+3	3,164819E-4	1,462500E+3	1,127709E-3	1,462500E+3	2,422917E-4	1,462500E+3	1,457603E-3
1,464062E+3	2,192410E-4	1,464062E+3	1,099248E-3	1,464062E+3	5,686375E-4	1,464062E+3	1,126835E-3	1,464062E+3	3,297079E-4	1,464062E+3	1,122820E-3	1,464062E+3	2,525001E-4	1,464062E+3	1,464028E-3
1,465625E+3	6,536381E-5	1,465625E+3	1,407723E-3	1,465625E+3	5,842441E-4	1,465625E+3	1,119944E-3	1,465625E+3	3,430899E-4	1,465625E+3	1,118187E-3	1,465625E+3	2,628484E-4	1,465625E+3	1,470962E-3
1,467187E+3	7,055719E-5	1,467187E+3	1,403370E-3	1,467187E+3	5,968071E-4	1,467187E+3	1,112614E-3	1,467187E+3	3,546614E-4	1,467187E+3	1,114933E-3	1,467187E+3	2,715918E-4	1,467187E+3	1,473968E-3
1,468750E+3	7,584933E-5	1,468750E+3	1,398858E-3	1,468750E+3	6,092564E-4	1,468750E+3	1,105171E-3	1,468750E+3	3,661325E-4	1,468750E+3	1,112043E-3	1,468750E+3	2,804885E-4	1,468750E+3	1,477495E-3
1,470312E+3	8,100719E-5	1,470312E+3	1,394984E-3	1,470312E+3	5,030171E-4	1,470312E+3	1,190434E-3	1,470312E+3	3,771922E-4	1,470312E+3	1,108161E-3	1,470312E+3	2,893718E-4	1,470312E+3	1,481840E-3
1,471875E+3	8,626615E-5	1,471875E+3	1,390943E-3	1,471875E+3	3,701108E-4	1,471875E+3	1,249682E-3	1,471875E+3	3,881083E-4	1,471875E+3	1,104707E-3	1,471875E+3	2,983757E-4	1,471875E+3	1,486876E-3
1,473437E+3	9,352575E-5	1,473437E+3	1,387851E-3	1,473437E+3	3,850059E-4	1,473437E+3	1,249509E-3	1,473437E+3	4,000173E-4	1,473437E+3	1,101129E-3	1,473437E+3	2,831350E-4	1,473437E+3	1,622924E-3
1,475000E+3	1,009674E-4	1,475000E+3	1,384569E-3	1,475000E+3	3,996930E-4	1,475000E+3	1,249530E-3	1,475000E+3	4,118320E-4	1,475000E+3	1,098064E-3	1,475000E+3	2,446552E-4	1,475000E+3	1,807122E-3
1,476562E+3	1,102215E-4	1,476562E+3	1,383481E-3	1,476562E+3	4,119914E-4	1,476562E+3	1,251208E-3	1,476562E+3	3,895005E-4	1,476562E+3	1,101200E-3	1,476562E+3	2,368260E-4	1,476562E+3	1,832631E-3
1,478125E+3	1,196790E-4	1,478125E+3	1,382211E-3	1,478125E+3	4,239107E-4	1,478125E+3	1,252965E-3	1,478125E+3	3,634885E-4	1,478125E+3	1,101379E-3	1,478125E+3	2,274974E-4	1,478125E+3	1,862129E-3
1,479687E+3	1,309457E-4	1,479687E+3	1,386034E-3	1,479687E+3	4,253216E-4	1,479687E+3	1,254974E-3	1,479687E+3	3,772175E-4	1,479687E+3	1,103005E-3	1,479687E+3	2,312284E-4	1,479687E+3	1,878137E-3
1,481250E+3	1,424572E-4	1,481250E+3	1,389655E-3	1,481250E+3	4,259074E-4	1,481250E+3	1,256725E-3	1,481250E+3	3,909683E-4	1,481250E+3	1,105112E-3	1,481250E+3	2,348008E-4	1,481250E+3	1,895116E-3
1,482812E+3	1,168424E-4	1,482812E+3	1,499166E-3	1,482812E+3	4,093410E-4	1,482812E+3	1,270132E-3	1,482812E+3	3,056434E-4	1,482812E+3	1,300631E-3	1,482812E+3	2,263306E-4	1,482812E+3	1,919882E-3
1,484375E+3	7,461967E-5	1,484375E+3	1,643673E-3	1,484375E+3	3,900908E-4	1,484375E+3	1,282504E-3	1,484375E+3	7,149613E-5	1,484375E+3	1,563088E-3	1,484375E+3	2,162111E-4	1,484375E+3	1,948322E-3
1,485937E+3	7,324364E-5	1,485937E+3	1,654986E-3	1,485937E+3	3,861529E-4	1,485937E+3	1,294337E-3	1,485937E+3	7,745190E-5	1,485937E+3	1,567970E-3	1,485937E+3	2,239580E-4	1,485937E+3	1,969518E-3
1,487500E+3	7,145330E-5	1,487500E+3	1,667545E-3	1,487500E+3	3,804858E-4	1,487500E+3	1,305988E-3	1,487500E+3	8,329231E-5	1,487500E+3	1,572994E-3	1,487500E+3	2,315939E-4	1,487500E+3	1,991315E-3
1,489062E+3	7,087238E-5	1,489062E+3	1,677773E-3	1,489062E+3	3,796203E-4	1,489062E+3	1,315203E-3	1,489062E+3	9,058085E-5	1,489062E+3	1,580581E-3	1,489062E+3	2,404547E-4	1,489062E+3	2,009288E-3
1,490625E+3	6,996829E-5	1,490625E+3	1,689186E-3	1,490625E+3	3,773904E-4	1,490625E+3	1,324339E-3	1,490625E+3	9,775574E-5	1,490625E+3	1,588272E-3	1,490625E+3	2,492587E-4	1,490625E+3	2,027450E-3
1,492187E+3	6,756899E-5	1,492187E+3	1,701429E-3	1,492187E+3	3,736811E-4	1,492187E+3	1,332816E-3	1,492187E+3	1,041996E-4	1,492187E+3	1,596636E-3	1,492187E+3	2,542620E-4	1,492187E+3	2,044185E-3
1,493750E+3	6,474234E-5	1,493750E+3	1,715059E-3	1,493750E+3	3,684694E-4	1,493750E+3	1,341165E-3	1,493750E+3	1,104959E-4	1,493750E+3	1,605098E-3	1,493750E+3	2,591969E-4	1,493750E+3	2,061394E-3
1,495312E+3	6,139472E-5	1,495312E+3	1,729598E-3	1,495312E+3	3,568354E-4	1,495312E+3	1,351460E-3	1,495312E+3	1,141324E-4	1,495312E+3	1,613848E-3	1,495312E+3	2,553404E-4	1,495312E+3	2,078751E-3
1,496875E+3	5,753411E-5	1,496875E+3	1,745467E-3	1,496875E+3	3,430526E-4	1,496875E+3	1,361477E-3	1,496875E+3	1,175506E-4	1,496875E+3	1,622773E-3	1,496875E+3	2,511913E-4	1,496875E+3	2,096916E-3
1,498437E+3	5,882121E-5	1,498437E+3	1,760407E-3	1,498437E+3	3,334837E-4	1,498437E+3	1,373268E-3	1,498437E+3	1,182512E-4	1,498437E+3	1,633709E-3	1,498437E+3	2,474434E-4	1,498437E+3	2,104738E-3
1,500000E+3	5,979277E-5	1,500000E+3	1,775971E-3	1,500000E+3	3,219902E-4	1,500000E+3	1,384953E-3	1,500000E+3	1,186335E-4	1,500000E+3	1,644963E-3	1,500000E+3	2,435016E-4	1,500000E+3	2,113077E-3
1,501562E+3	6,226655E-5	1,501562E+3	1,787552E-3	1,501562E+3	3,155718E-4	1,501562E+3	1,396045E-3	1,501562E+3	1,173167E-4	1,501562E+3	1,659632E-3	1,501562E+3	2,399057E-4	1,501562E+3	2,116601E-3
1,503125E+3	6,452639E-5	1,503125E+3	1,799418E-3	1,503125E+3	3,077077E-4	1,503125E+3	1,407097E-3	1,503125E+3	1,154941E-4	1,503125E+3	1,674765E-3	1,503125E+3	2,361689E-4	1,503125E+3	2,120393E-3
1,504687E+3	6,738882E-5	1,504687E+3	1,810301E-3	1,504687E+3	3,047207E-4	1,504687E+3	1,416913E-3	1,504687E+3	1,138654E-4	1,504687E+3	1,694387E-3	1,504687E+3	2,376989E-4	1,504687E+3	2,135545E-3
1,506250E+3	7,007099E-5	1,506250E+3	1,821376E-3	1,506250E+3	3,006327E-4	1,506250E+3	1,426682E-3	1,506250E+3	1,114988E-4	1,506250E+3	1,714529E-3	1,506250E+3	2,389372E-4	1,506250E+3	2,150475E-3
1,507812E+3	7,235681E-5	1,507812E+3	1,833035E-3	1,507812E+3	2,985447E-4	1,507812E+3	1,438283E-3	1,507812E+3	1,123911E-4	1,507812E+3	1,734729E-3	1,507812E+3	2,469896E-4	1,507812E+3	2,170226E-3
1,509375E+3	7,444668E-5	1,509375E+3	1,844921E-3	1,509375E+3	2,952631E-4	1,509375E+3	1,449812E-3	1,509375E+3	1,126076E-4	1,509375E+3	1,755265E-3	1,509375E+3	2,545978E-4	1,509375E+3	2,189172E-3
1,510937E+3	7,665018E-5	1,510937E+3	1,859169E-3	1,510937E+3	2,915121E-4	1,510937E+3	1,465828E-3	1,510937E+3	1,118595E-4	1,510937E+3	1,765344E-3	1,510937E+3	2,492845E-4	1,510937E+3	2,257575E-3
1,512500E+3	7,862379E-5	1,512500E+3	1,873593E-3	1,512500E+3	2,862358E-4	1,512500E+3	1,481692E-3	1,512500E+3	1,105946E-4	1,512500E+3	1,775804E-3	1,512500E+3	2,436924E-4	1,512500E+3	2,320357E-3
1,514062E+3	7,787437E-5	1,514062E+3	1,888101E-3	1,514062E+3	2,827069E-4	1,514062E+3	1,495484E-3	1,514062E+3	1,083467E-4	1,514062E+3	1,780305E-3	1,514062E+3	2,444124E-4	1,514062E+3	2,338461E-3
1,515625E+3	7,687253E-5	1,515625E+3	1,902790E-3	1,515625E+3	2,778327E-4	1,515625E+3	1,509127E-3	1,515625E+3	1,057263E-4	1,515625E+3	1,785090E-3	1,515625E+3	2,448912E-4	1,515625E+3	2,355600E-3
1,517187E+3	7,550083E-5	1,517187E+3	1,915799E-3	1,517187E+3	2,769930E-4	1,517187E+3	1,529182E-3	1,517187E+3	1,039633E-4	1,517187E+3	1,801315E-3	1,517187E+3	2,448095E-4	1,517187E+3	2,374151E-3
1,518750E+3	7,387612E-5	1,518750E+3	1,928940E-3	1,518750E+3	2,748508E-4	1,518750E+3	1,548840E-3	1,518750E+3	1,017021E-4	1,518750E+3	1,817387E-3	1,518750E+3	2,445513E-4	1,518750E+3	2,391616E-3
1,520312E+3	7,364659E-5	1,520312E+3	1,940871E-3	1,520312E+3	2,766321E-4	1,520312E+3	1,578978E-3	1,520312E+3	1,030488E-4	1,520312E+3	1,912231E-3	1,520312E+3	2,428760E-4	1,520312E+3	2,408831E-3
1,521875E+3	7,311843E-5	1,521875E+3	1,952802E-3	1,521875E+3	2,769252E-4	1,521875E+3	1,608253E-3	1,521875E+3	1,024962E-4	1,521875E+3	2,001820E-3	1,521875E+3	2,410534E-4	1,521875E+3	2,424799E-3
1,523437E+3	7,350066E-5	1,523437E+3	1,967501E-3	1,523437E+3	2,756705E-4	1,523437E+3	1,727538E-3	1,523437E+3	9,660363E-5	1,523437E+3	2,065689E-3	1,523437E+3	2,322182E-4	1,523437E+3	2,397055E-3
1,525000E+3	7,354234E-5	1,525000E+3	1,981926E-3	1,525000E+3	2,701528E-4	1,525000E+3	1,838145E-3	1,525000E+3	9,009022E-5	1,525000E+3	2,126046E-3	1,525000E+3	2,238250E-4	1,525000E+3	2,369546E-3
1,526562E+3	7,491862E-5	1,526562E+3	2,011588E-3	1,526562E+3	2,621616E-4	1,526562E+3	1,859929E-3	1,526562E+3	8,915355E-5	1,526562E+3	2,142922E-3	1,526562E+3	2,267892E-4	1,526562E+3	2,392567E-3
1,528125E+3	7,588131E-5	1,528125E+3	2,040216E-3	1,528125E+3	2,529858E-4	1,528125E+3	1,880691E-3	1,528125E+3	8,780791E-5	1,528125E+3	2,159044E-3	1,528125E+3	2,293328E-4	1,528125E+3	2,413516E-3
1,529687E+3	6,537590E-5	1,529687E+3	2,199344E-3	1,529687E+3	2,478540E-4	1,529687E+3	1,900488E-3	1,529687E+3	8,771597E-5	1,529687E+3	2,179438E-3	1,529687E+3	2,299711E-4	1,529687E+3	2,427789E-3
1,531250E+3	5,439323E-5	1,531250E+3	2,345113E-3	1,531250E+3	2,416078E-4	1,531250E+3	1,919167E-3	1,531250E+3	8,710787E-5	1,531250E+3	2,198668E-3	1,531250E+3	2,302300E-4	1,531250E+3	2,439898E-3
1,532812E+3	5,694800E-5	1,532812E+3	2,368213E-3	1,532812E+3	2,382202E-4	1,532812E+3	1,935428E-3	1,532812E+3	8,672008E-5	1,532812E+3	2,215150E-3	1,532812E+3	2,371696E-4	1,532812E+3	2,471253E-3
1,534375E+3	5,911402E-5	1,534375E+3	2,390146E-3	1,534375E+3	2,339677E-4	1,534375E+3	1,950542E-3	1,534375E+3	8,583503E-5	1,534375E+3	2,230492E-3	1,534375E+3	2,433581E-4	1,534375E+3	2,499522E-3
1,535937E+3	6,092496E-5	1,535937E+3	2,401555E-3	1,535937E+3	2,319284E-4	1,535937E+3	1,971926E-3	1,535937E+3	8,556293E-5	1,535937E+3	2,256610E-3	1,535937E+3	2,484598E-4	1,535937E+3	2,520809E-3
1,537500E+3	6,239569E-5	1,537500E+3	2,412222E-3	1,537500E+3	2,290059E-4	1,537500E+3	1,991672E-3	1,537500E+3	8,457462E-5	1,537500E+3	2,280691E-3	1,537500E+3	2,530093E-4	1,537500E+3	2,539616E-3
1,539062E+3	5,850129E-5	1,539062E+3	2,416028E-3	1,539062E+3	2,254049E-4	1,539062E+3	2,022033E-3	1,539062E+3	8,269255E-5	1,539062E+3	2,307689E-3	1,539062E+3	2,568636E-4	1,539062E+3	2,561253E-3
1,540625E+3	5,443409E-5	1,540625E+3	2,419128E-3	1,540625E+3	2,207092E-4	1,540625E+3	2,049819E-3	1,540625E+3	8,012665E-5	1,540625E+3	2,332066E-3	1,540625E+3	2,599841E-4	1,540625E+3	2,579810E-3
1,542187E+3	5,159199E-5	1,542187E+3	2,437532E-3	1,542187E+3	2,162777E-4	1,542187E+3	2,103158E-3	1,542187E+3	7,736315E-5	1,542187E+3	2,349182E-3	1,542187E+3	2,510664E-4	1,542187E+3	2,517441E-3
1,543750E+3	4,842855E-5	1,543750E+3	2,454088E-3	1,543750E+3	2,098911E-4	1,543750E+3	2,151017E-3	1,543750E+3	7,410208E-5	1,543750E+3	2,364105E-3	1,543750E+3	2,415862E-4	1,543750E+3	2,455133E-3
1,545312E+3	4,801867E-5	1,545312E+3	2,480067E-3	1,545312E+3	2,034026E-4	1,545312E+3	2,183378E-3	1,545312E+3	7,222989E-5	1,545312E+3	2,396284E-3	1,545312E+3	2,498026E-4	1,545312E+3	2,487961E-3
1,546875E+3	4,710472E-5	1,546875E+3	2,503360E-3	1,546875E+3	1,955360E-4	1,546875E+3	2,211779E-3	1,546875E+3	6,947885E-5	1,546875E+3	2,424473E-3	1,546875E+3	2,563408E-4	1,546875E+3	2,515816E-3
1,548437E+3	4,856210E-5	1,548437E+3	2,546189E-3	1,548437E+3	1,894104E-4	1,548437E+3	2,223129E-3	1,548437E+3	6,845526E-5	1,548437E+3	2,467020E-3	1,548437E+3	2,598195E-4	1,548437E+3	2,525653E-3
1,550000E+3	4,906113E-5	1,550000E+3	2,584530E-3	1,550000E+3	1,825678E-4	1,550000E+3	2,232334E-3	1,550000E+3	6,613524E-5	1,550000E+3	2,503748E-3	1,550000E+3	2,625405E-4	1,550000E+3	2,532596E-3
1,551562E+3	5,134489E-5	1,551562E+3	2,630024E-3	1,551562E+3	1,781609E-4	1,551562E+3	2,244909E-3	1,551562E+3	6,499899E-5	1,551562E+3	2,529996E-3	1,551562E+3	2,617542E-4	1,551562E+3	2,544163E-3
1,553125E+3	5,236134E-5	1,553125E+3	2,670140E-3	1,553125E+3	1,729305E-4	1,553125E+3	2,254921E-3	1,553125E+3	6,276968E-5	1,553125E+3	2,552064E-3	1,553125E+3	2,599173E-4	1,553125E+3	2,551162E-3
1,554687E+3	5,188567E-5	1,554687E+3	2,681844E-3	1,554687E+3	1,816184E-4	1,554687E+3	2,413327E-3	1,554687E+3	5,948961E-5	1,554687E+3	2,575341E-3	1,554687E+3	2,668022E-4	1,554687E+3	2,624510E-3
1,556250E+3	5,078536E-5	1,556250E+3	2,690852E-3	1,556250E+3	1,797362E-4	1,556250E+3	2,537103E-3	1,556250E+3	5,506179E-5	1,556250E+3	2,593806E-3	1,556250E+3	2,650582E-4	1,556250E+3	2,675249E-3
1,557812E+3	4,776373E-5	1,557812E+3	2,617764E-3	1,557812E+3	1,752994E-4	1,557812E+3	2,560486E-3	1,557812E+3	5,092003E-5	1,557812E+3	2,654151E-3	1,557812E+3	2,660689E-4	1,557812E+3	2,701213E-3
1,559375E+3	4,495323E-5	1,559375E+3	2,548149E-3	1,559375E+3	1,691772E-4	1,559375E+3	2,578148E-3	1,559375E+3	4,304249E-5	1,559375E+3	2,698745E-3	1,559375E+3	2,604733E-4	1,559375E+3	2,712206E-3
1,560937E+3	4,891045E-5	1,560937E+3	2,523054E-3	1,560937E+3	1,633294E-4	1,560937E+3	2,580408E-3	1,560937E+3	5,044316E-5	1,560937E+3	2,653375E-3	1,560937E+3	2,663983E-4	1,560937E+3	2,732502E-3
1,562500E+3	5,126731E-5	1,562500E+3	2,495557E-3	1,562500E+3	1,563819E-4	1,562500E+3	2,579228E-3	1,562500E+3	5,336643E-5	1,562500E+3	2,601720E-3	1,562500E+3	2,663945E-4	1,562500E+3	2,741588E-3
1,564062E+3	5,253877E-5	1,564062E+3	2,545215E-3	1,564062E+3	2,038886E-4	1,564062E+3	3,047403E-3	1,564062E+3	7,873043E-5	1,564062E+3	2,792032E-3	1,564062E+3	2,736004E-4	1,564062E+3	2,784185E-3
1,565625E+3	5,165515E-5	1,565625E+3	2,586044E-3	1,565625E+3	1,488595E-4	1,565625E+3	3,243595E-3	1,565625E+3	7,445223E-5	1,565625E+3	2,913635E-3	1,565625E+3	2,696936E-4	1,565625E+3	2,808367E-3
1,567187E+3	5,211186E-5	1,567187E+3	2,607705E-3	1,567187E+3	1,393505E-4	1,567187E+3	3,211949E-3	1,567187E+3	7,712931E-5	1,567187E+3	3,079987E-3	1,567187E+3	2,730980E-4	1,567187E+3	2,836703E-3
1,568750E+3	5,090603E-5	1,568750E+3	2,623136E-3	1,568750E+3	1,279733E-4	1,568750E+3	3,178238E-3	1,568750E+3	5,008008E-5	1,568750E+3	3,162929E-3	1,568750E+3	2,636300E-4	1,568750E+3	2,848170E-3
1,570312E+3	7,307928E-5	1,570312E+3	2,905818E-3	1,570312E+3	1,141728E-4	1,570312E+3	3,013636E-3	1,570312E+3	4,975028E-5	1,570312E+3	3,139274E-3	1,570312E+3	2,681034E-4	1,570312E+3	2,856643E-3
1,571875E+3	6,280699E-5	1,571875E+3	3,080154E-3	1,571875E+3	1,020335E-4	1,571875E+3	2,864564E-3	1,571875E+3	4,465583E-5	1,571875E+3	3,110921E-3	1,571875E+3	2,605986E-4	1,571875E+3	2,855019E-3
1,573437E+3	6,360929E-5	1,573437E+3	3,052282E-3	1,573437E+3	9,804175E-5	1,573437E+3	2,814222E-3	1,573437E+3	4,606006E-5	1,573437E+3	3,091353E-3	1,573437E+3	2,662911E-4	1,573437E+3	2,862604E-3
1,575000E+3	6,191102E-5	1,575000E+3	3,020812E-3	1,575000E+3	9,078212E-5	1,575000E+3	2,763162E-3	1,575000E+3	4,031803E-5	1,575000E+3	3,065498E-3	1,575000E+3	2,571858E-4	1,575000E+3	2,862514E-3
1,576562E+3	6,375368E-5	1,576562E+3	3,011820E-3	1,576562E+3	9,099722E-5	1,576562E+3	2,733402E-3	1,576562E+3	4,480034E-5	1,576562E+3	3,045227E-3	1,576562E+3	2,559571E-4	1,576562E+3	2,837940E-3
1,578125E+3	6,129865E-5	1,578125E+3	2,995099E-3	1,578125E+3	8,532347E-5	1,578125E+3	2,700548E-3	1,578125E+3	3,925977E-5	1,578125E+3	3,018985E-3	1,578125E+3	2,347650E-4	1,578125E+3	2,812236E-3
1,579687E+3	2,106326E-4	1,579687E+3	3,633243E-3	1,579687E+3	8,862018E-5	1,579687E+3	2,687964E-3	1,579687E+3	4,424827E-5	1,579687E+3	2,995491E-3	1,579687E+3	2,389411E-4	1,579687E+3	2,783670E-3
1,581250E+3	4,109284E-5	1,581250E+3	3,763017E-3	1,581250E+3	8,099157E-5	1,581250E+3	2,669780E-3	1,581250E+3	3,337207E-5	1,581250E+3	2,966473E-3	1,581250E+3	2,156898E-4	1,581250E+3	2,764145E-3
1,582812E+3	4,224924E-5	1,582812E+3	3,669302E-3	1,582812E+3	8,831459E-5	1,582812E+3	2,658516E-3	1,582812E+3	3,937122E-5	1,582812E+3	2,915545E-3	1,582812E+3	2,213700E-4	1,582812E+3	2,740186E-3
1,584375E+3	4,162804E-5	1,584375E+3	3,582852E-3	1,584375E+3	7,642994E-5	1,584375E+3	2,643428E-3	1,584375E+3	2,256917E-5	1,584375E+3	2,867516E-3	1,584375E+3	2,036710E-4	1,584375E+3	2,734212E-3
1,585937E+3	4,175315E-5	1,585937E+3	3,474491E-3	1,585937E+3	9,082680E-5	1,585937E+3	2,629374E-3	1,585937E+3	3,382638E-5	1,585937E+3	2,829495E-3	1,585937E+3	1,999618E-4	1,585937E+3	2,686853E-3
1,587500E+3	3,919664E-5	1,587500E+3	3,376558E-3	1,587500E+3	6,891248E-5	1,587500E+3	2,622814E-3	1,587500E+3	1,522344E-5	1,587500E+3	2,804617E-3	1,587500E+3	1,855083E-4	1,587500E+3	2,660322E-3
1,589062E+3	4,325919E-5	1,589062E+3	3,306571E-3	1,589062E+3	9,733249E-5	1,589062E+3	2,615373E-3	1,589062E+3	3,116609E-5	1,589062E+3	2,794454E-3	1,589062E+3	1,838348E-4	1,589062E+3	2,625157E-3
1,590625E+3	4,242352E-5	1,590625E+3	3,243724E-3	1,590625E+3	6,114354E-5	1,590625E+3	2,659737E-3	1,590625E+3	1,360899E-5	1,590625E+3	2,812595E-3	1,590625E+3	1,764174E-4	1,590625E+3	2,606109E-3
1,592187E+3	4,814811E-5	1,592187E+3	3,183800E-3	1,592187E+3	8,685121E-5	1,592187E+3	2,684972E-3	1,592187E+3	2,778698E-5	1,592187E+3	2,811426E-3	1,592187E+3	-7,601401E-5	1,592187E+3	1,600431E-3
1,593750E+3	4,811543E-5	1,593750E+3	3,131764E-3	1,593750E+3	5,264571E-5	1,593750E+3	2,812527E-3	1,593750E+3	1,296592E-5	1,593750E+3	2,853742E-3	1,593750E+3	1,099389E-5	1,593750E+3	1,281123E-3
1,595312E+3	-2,960727E-5	1,595312E+3	2,130517E-3	1,595312E+3	-3,615946E-5	1,595312E+3	2,085093E-3	1,595312E+3	-6,023883E-5	1,595312E+3	1,977513E-3	1,595312E+3	1,339105E-5	1,595312E+3	1,265628E-3
1,596875E+3	1,533350E-5	1,596875E+3	1,662645E-3	1,596875E+3	3,459500E-6	1,596875E+3	1,841674E-3	1,596875E+3	-2,210800E-6	1,596875E+3	1,695037E-3	1,596875E+3	1,981507E-5	1,596875E+3	1,263290E-3
1,598437E+3	1,891835E-5	1,598437E+3	1,679256E-3	1,598437E+3	4,434400E-6	1,598437E+3	1,863431E-3	1,598437E+3	-1,923080E-6	1,598437E+3	1,735664E-3	1,598437E+3	2,101148E-5	1,598437E+3	1,259577E-3
1,600000E+3	1,449395E-5	1,600000E+3	1,702457E-3	1,600000E+3	4,060405E-6	1,600000E+3	1,893914E-3	1,600000E+3	-6,070701E-6	1,600000E+3	1,791836E-3	1,600000E+3	2,615499E-5	1,600000E+3	1,265298E-3
1,601562E+3	1,848841E-5	1,601562E+3	1,724882E-3	1,601562E+3	6,210374E-6	1,601562E+3	1,899180E-3	1,601562E+3	-6,139198E-6	1,601562E+3	1,815422E-3	1,601562E+3	2,628905E-5	1,601562E+3	1,269363E-3
1,603125E+3	1,387572E-5	1,603125E+3	1,756786E-3	1,603125E+3	8,672158E-6	1,603125E+3	1,909419E-3	1,603125E+3	-7,168337E-6	1,603125E+3	1,847547E-3	1,603125E+3	3,025997E-5	1,603125E+3	1,280014E-3
1,604687E+3	2,074362E-5	1,604687E+3	1,793500E-3	1,604687E+3	1,034707E-5	1,604687E+3	1,909102E-3	1,604687E+3	-5,818798E-6	1,604687E+3	1,856566E-3	1,604687E+3	3,544261E-5	1,604687E+3	1,284366E-3
1,606250E+3	1,664563E-5	1,606250E+3	1,846640E-3	1,606250E+3	1,293810E-5	1,606250E+3	1,912784E-3	1,606250E+3	-3,816745E-6	1,606250E+3	1,871143E-3	1,606250E+3	4,442477E-5	1,606250E+3	1,294855E-3
1,607812E+3	3,889432E-5	1,607812E+3	1,960176E-3	1,607812E+3	1,672517E-5	1,607812E+3	1,907949E-3	1,607812E+3	-1,646932E-6	1,607812E+3	1,873303E-3	1,607812E+3	4,851907E-5	1,607812E+3	1,303468E-3
1,609375E+3	2,629729E-5	1,609375E+3	2,143417E-3	1,609375E+3	2,163395E-5	1,609375E+3	1,907408E-3	1,609375E+3	1,742997E-6	1,609375E+3	1,880425E-3	1,609375E+3	5,649876E-5	1,609375E+3	1,317119E-3
1,610937E+3	3,217631E-5	1,610937E+3	2,270451E-3	1,610937E+3	2,378946E-5	1,610937E+3	1,904202E-3	1,610937E+3	3,167046E-6	1,610937E+3	1,880214E-3	1,610937E+3	6,092018E-5	1,610937E+3	1,327251E-3
1,612500E+3	1,114307E-5	1,612500E+3	2,454687E-3	1,612500E+3	2,740108E-5	1,612500E+3	1,905235E-3	1,612500E+3	6,419071E-6	1,612500E+3	1,884310E-3	1,612500E+3	6,953329E-5	1,612500E+3	1,341214E-3
1,614062E+3	1,697719E-5	1,614062E+3	2,445147E-3	1,614062E+3	3,230181E-5	1,614062E+3	1,899973E-3	1,614062E+3	9,987047E-6	1,614062E+3	1,882161E-3	1,614062E+3	7,437005E-5	1,614062E+3	1,355806E-3
1,615625E+3	2,386543E-5	1,615625E+3	2,440004E-3	1,615625E+3	3,888195E-5	1,615625E+3	1,899791E-3	1,615625E+3	1,552173E-5	1,615625E+3	1,885189E-3	1,615625E+3	8,342223E-5	1,615625E+3	1,374182E-3
1,617187E+3	3,094436E-5	1,617187E+3	2,426436E-3	1,617187E+3	4,253461E-5	1,617187E+3	1,901164E-3	1,617187E+3	1,831738E-5	1,617187E+3	1,885564E-3	1,617187E+3	8,799802E-5	1,617187E+3	1,395636E-3
1,618750E+3	3,932971E-5	1,618750E+3	2,416590E-3	1,618750E+3	4,796152E-5	1,618750E+3	1,907887E-3	1,618750E+3	2,345014E-5	1,618750E+3	1,890377E-3	1,618750E+3	9,627515E-5	1,618750E+3	1,420587E-3
1,620312E+3	4,894900E-5	1,620312E+3	2,402318E-3	1,620312E+3	5,200218E-5	1,620312E+3	1,914966E-3	1,620312E+3	2,784863E-5	1,620312E+3	1,892692E-3	1,620312E+3	1,034185E-4	1,620312E+3	1,439640E-3
1,621875E+3	5,993926E-5	1,621875E+3	2,391585E-3	1,621875E+3	5,801788E-5	1,621875E+3	1,927340E-3	1,621875E+3	3,463348E-5	1,621875E+3	1,900443E-3	1,621875E+3	1,152274E-4	1,621875E+3	1,461818E-3
1,623437E+3	6,735230E-5	1,623437E+3	2,383875E-3	1,623437E+3	6,316995E-5	1,623437E+3	1,940478E-3	1,623437E+3	3,861221E-5	1,623437E+3	1,907908E-3	1,623437E+3	1,240301E-4	1,623437E+3	1,470812E-3
1,625000E+3	7,588838E-5	1,625000E+3	2,379773E-3	1,625000E+3	7,044901E-5	1,625000E+3	1,960002E-3	1,625000E+3	4,512209E-5	1,625000E+3	1,920297E-3	1,625000E+3	1,369703E-4	1,625000E+3	1,479964E-3
1,626562E+3	8,280121E-5	1,626562E+3	2,373885E-3	1,626562E+3	7,514858E-5	1,626562E+3	1,972388E-3	1,626562E+3	4,981092E-5	1,626562E+3	1,929547E-3	1,626562E+3	1,118130E-5	1,626562E+3	1,285172E-3
1,628125E+3	9,095958E-5	1,628125E+3	2,371790E-3	1,628125E+3	8,258598E-5	1,628125E+3	1,990033E-3	1,628125E+3	5,752013E-5	1,628125E+3	1,943869E-3	1,628125E+3	1,887762E-4	1,628125E+3	7,057382E-4
1,629687E+3	-1,279545E-3	1,629687E+3	2,513734E-3	1,629687E+3	8,698272E-5	1,629687E+3	1,990798E-3	1,629687E+3	6,231986E-5	1,629687E+3	1,949639E-3	1,629687E+3	1,956650E-4	1,629687E+3	7,206861E-4
1,631250E+3	5,518587E-5	1,631250E+3	4,377278E-4	1,631250E+3	9,566024E-5	1,631250E+3	1,995765E-3	1,631250E+3	7,128597E-5	1,631250E+3	1,959430E-3	1,631250E+3	2,022685E-4	1,631250E+3	7,360350E-4
1,632812E+3	4,937183E-5	1,632812E+3	4,403021E-4	1,632812E+3	-2,900163E-4	1,632812E+3	1,976373E-3	1,632812E+3	-3,339952E-4	1,632812E+3	1,919496E-3	1,632812E+3	2,118748E-4	1,632812E+3	7,473029E-4
1,634375E+3	4,293504E-5	1,634375E+3	4,422112E-4	1,634375E+3	8,132793E-5	1,634375E+3	6,459734E-4	1,634375E+3	6,514550E-5	1,634375E+3	5,234911E-4	1,634375E+3	2,213809E-4	1,634375E+3	7,587529E-4
1,635937E+3	-1,797527E-5	1,635937E+3	7,911849E-4	1,635937E+3	8,342915E-5	1,635937E+3	6,484717E-4	1,635937E+3	6,693247E-5	1,635937E+3	5,325587E-4	1,635937E+3	2,320805E-4	1,635937E+3	7,684813E-4
1,637500E+3	-1,883280E-4	1,637500E+3	1,281378E-3	1,637500E+3	8,548308E-5	1,637500E+3	6,509187E-4	1,637500E+3	6,868402E-5	1,637500E+3	5,418447E-4	1,637500E+3	2,427476E-4	1,637500E+3	7,783269E-4
1,639062E+3	-1,987568E-4	1,639062E+3	1,276366E-3	1,639062E+3	-2,859524E-5	1,639062E+3	7,789985E-4	1,639062E+3	-4,934507E-5	1,639062E+3	7,072907E-4	1,639062E+3	1,574042E-4	1,639062E+3	8,622245E-4
1,640625E+3	-2,094829E-4	1,640625E+3	1,270010E-3	1,640625E+3	-1,773284E-4	1,640625E+3	9,093749E-4	1,640625E+3	-2,167686E-4	1,640625E+3	8,815560E-4	1,640625E+3	5,177649E-5	1,640625E+3	9,431056E-4
1,642187E+3	-2,173939E-4	1,642187E+3	1,268338E-3	1,642187E+3	-1,727529E-4	1,642187E+3	9,014080E-4	1,642187E+3	-2,144037E-4	1,642187E+3	8,783646E-4	1,642187E+3	5,840979E-6	1,642187E+3	1,252922E-3
1,643750E+3	-2,254891E-4	1,643750E+3	1,265558E-3	1,643750E+3	-1,678880E-4	1,643750E+3	8,927347E-4	1,643750E+3	-2,118565E-4	1,643750E+3	8,744814E-4	1,643750E+3	-9,188067E-5	1,643750E+3	1,668606E-3
1,645312E+3	-2,309002E-4	1,645312E+3	1,265796E-3	1,645312E+3	-1,624379E-4	1,645312E+3	8,840813E-4	1,645312E+3	-2,038603E-4	1,645312E+3	8,649287E-4	1,645312E+3	-1,294794E-4	1,645312E+3	1,917214E-3
1,646875E+3	-2,363840E-4	1,646875E+3	1,265083E-3	1,646875E+3	-1,567478E-4	1,646875E+3	8,747333E-4	1,646875E+3	-1,953591E-4	1,646875E+3	8,543481E-4	1,646875E+3	-1,858035E-4	1,646875E+3	2,216337E-3
1,648437E+3	-2,386216E-4	1,648437E+3	1,265055E-3	1,648437E+3	-1,464758E-4	1,648437E+3	8,619355E-4	1,648437E+3	-1,864393E-4	1,648437E+3	8,416622E-4	1,648437E+3	-1,777332E-4	1,648437E+3	2,218988E-3
1,650000E+3	-2,407240E-4	1,650000E+3	1,264081E-3	1,650000E+3	-1,356812E-4	1,650000E+3	8,482513E-4	1,650000E+3	-1,769030E-4	1,650000E+3	8,277856E-4	1,650000E+3	-1,696175E-4	1,650000E+3	2,220949E-3
1,651562E+3	-2,360414E-4	1,651562E+3	1,258115E-3	1,651562E+3	-1,504848E-4	1,651562E+3	1,280949E-3	1,651562E+3	-1,884228E-4	1,651562E+3	1,258061E-3	1,651562E+3	-1,609525E-4	1,651562E+3	2,217520E-3
1,653125E+3	-2,306334E-4	1,653125E+3	1,250772E-3	1,653125E+3	-1,997614E-4	1,653125E+3	1,892376E-3	1,653125E+3	-2,337284E-4	1,653125E+3	1,867592E-3	1,653125E+3	-1,521941E-4	1,653125E+3	2,213173E-3
1,654687E+3	-2,224323E-4	1,654687E+3	1,234598E-3	1,654687E+3	-2,009919E-4	1,654687E+3	1,886313E-3	1,654687E+3	-2,347165E-4	1,654687E+3	1,859077E-3	1,654687E+3	-1,426057E-4	1,654687E+3	2,205072E-3
1,656250E+3	-2,129503E-4	1,656250E+3	1,215974E-3	1,656250E+3	-2,020696E-4	1,656250E+3	1,879424E-3	1,656250E+3	-2,353308E-4	1,656250E+3	1,849259E-3	1,656250E+3	-1,327885E-4	1,656250E+3	2,195792E-3
1,657812E+3	-1,032493E-4	1,657812E+3	9,989743E-4	1,657812E+3	-2,018357E-4	1,657812E+3	1,876019E-3	1,657812E+3	-2,351668E-4	1,657812E+3	1,847812E-3	1,657812E+3	-1,221077E-4	1,657812E+3	2,183270E-3
1,659375E+3	7,662805E-5	1,659375E+3	7,452593E-4	1,659375E+3	-2,014620E-4	1,659375E+3	1,871951E-3	1,659375E+3	-2,347829E-4	1,659375E+3	1,845541E-3	1,659375E+3	-1,112272E-4	1,659375E+3	2,169416E-3
1,660937E+3	9,789646E-5	1,660937E+3	7,673750E-4	1,660937E+3	-1,018266E-4	1,660937E+3	1,719716E-3	1,660937E+3	-1,286106E-4	1,660937E+3	1,721894E-3	1,660937E+3	-1,090627E-4	1,660937E+3	2,362533E-3
1,662500E+3	1,200532E-4	1,662500E+3	7,904045E-4	1,662500E+3	4,638295E-5	1,662500E+3	1,555064E-3	1,662500E+3	1,586318E-5	1,662500E+3	1,595607E-3	1,662500E+3	-8,571235E-5	1,662500E+3	2,606562E-3
1,664062E+3	1,418479E-4	1,664062E+3	8,173469E-4	1,664062E+3	5,283645E-5	1,664062E+3	1,558384E-3	1,664062E+3	2,007595E-5	1,664062E+3	1,608124E-3	1,664062E+3	-7,932675E-5	1,664062E+3	2,617572E-3
1,665625E+3	1,646409E-4	1,665625E+3	8,454666E-4	1,665625E+3	5,946827E-5	1,665625E+3	1,561541E-3	1,665625E+3	2,440065E-5	1,665625E+3	1,620652E-3	1,665625E+3	-7,306579E-5	1,665625E+3	2,628381E-3
1,667187E+3	1,859003E-4	1,667187E+3	8,828223E-4	1,667187E+3	6,607015E-5	1,667187E+3	1,566467E-3	1,667187E+3	3,059934E-5	1,667187E+3	1,634604E-3	1,667187E+3	-6,901005E-5	1,667187E+3	2,642737E-3
1,668750E+3	2,082369E-4	1,668750E+3	9,219471E-4	1,668750E+3	7,282539E-5	1,668750E+3	1,571303E-3	1,668750E+3	3,697781E-5	1,668750E+3	1,648629E-3	1,668750E+3	-6,519200E-5	1,668750E+3	2,657007E-3
1,670312E+3	1,622311E-4	1,670312E+3	1,361746E-3	1,670312E+3	7,913332E-5	1,670312E+3	1,578344E-3	1,670312E+3	4,087789E-5	1,670312E+3	1,667041E-3	1,670312E+3	-6,136483E-5	1,670312E+3	2,671326E-3
1,671875E+3	7,059514E-5	1,671875E+3	1,913085E-3	1,671875E+3	8,557665E-5	1,671875E+3	1,585395E-3	1,671875E+3	4,485872E-5	1,671875E+3	1,685715E-3	1,671875E+3	-5,778398E-5	1,671875E+3	2,685568E-3
1,673437E+3	7,693181E-5	1,673437E+3	1,915682E-3	1,673437E+3	9,181392E-5	1,673437E+3	1,597798E-3	1,673437E+3	4,830165E-5	1,673437E+3	1,708800E-3	1,673437E+3	-5,723898E-5	1,673437E+3	2,706428E-3
1,675000E+3	8,336294E-5	1,675000E+3	1,917844E-3	1,675000E+3	9,819944E-5	1,675000E+3	1,610414E-3	1,675000E+3	5,181688E-5	1,675000E+3	1,732335E-3	1,675000E+3	-5,706266E-5	1,675000E+3	2,727445E-3
1,676562E+3	8,798751E-5	1,676562E+3	1,920774E-3	1,676562E+3	4,942183E-5	1,676562E+3	2,388993E-3	1,676562E+3	3,508384E-6	1,676562E+3	2,345198E-3	1,676562E+3	-9,063161E-5	1,676562E+3	2,859429E-3
1,678125E+3	9,263251E-5	1,678125E+3	1,923325E-3	1,678125E+3	-6,069526E-5	1,678125E+3	3,447679E-3	1,678125E+3	-8,835528E-5	1,678125E+3	3,121974E-3	1,678125E+3	-1,281578E-4	1,678125E+3	2,999259E-3
1,679687E+3	1,002067E-4	1,679687E+3	1,925561E-3	1,679687E+3	-6,501430E-5	1,679687E+3	3,455800E-3	1,679687E+3	-9,313349E-5	1,679687E+3	3,138182E-3	1,679687E+3	-1,500039E-4	1,679687E+3	3,101802E-3
1,681250E+3	1,078696E-4	1,681250E+3	1,927415E-3	1,681250E+3	-6,945660E-5	1,681250E+3	3,463632E-3	1,681250E+3	-9,803297E-5	1,681250E+3	3,154226E-3	1,681250E+3	-1,738567E-4	1,681250E+3	3,208958E-3
1,682812E+3	2,808615E-5	1,682812E+3	2,687530E-3	1,682812E+3	-7,271406E-5	1,682812E+3	3,470737E-3	1,682812E+3	-1,007390E-4	1,682812E+3	3,166808E-3	1,682812E+3	-1,913526E-4	1,682812E+3	3,285490E-3
1,684375E+3	-1,415782E-4	1,684375E+3	3,657195E-3	1,684375E+3	-7,605049E-5	1,684375E+3	3,477545E-3	1,684375E+3	-1,035093E-4	1,684375E+3	3,179131E-3	1,684375E+3	-2,101140E-4	1,684375E+3	3,364564E-3
1,685937E+3	-1,468268E-4	1,685937E+3	3,677800E-3	1,685937E+3	-5,700792E-5	1,685937E+3	3,157586E-3	1,685937E+3	-7,686540E-5	1,685937E+3	2,840410E-3	1,685937E+3	-1,945444E-4	1,685937E+3	3,184108E-3
1,687500E+3	-1,522247E-4	1,687500E+3	3,698217E-3	1,687500E+3	-1,528955E-5	1,687500E+3	2,732828E-3	1,687500E+3	-1,763838E-5	1,687500E+3	2,390985E-3	1,687500E+3	-1,525363E-4	1,687500E+3	2,935612E-3
1,689062E+3	-1,128722E-4	1,689062E+3	3,285642E-3	1,689062E+3	-8,393303E-6	1,689062E+3	2,714738E-3	1,689062E+3	-4,421872E-5	1,689062E+3	2,617917E-3	1,689062E+3	-1,604626E-4	1,689062E+3	2,980917E-3
1,690625E+3	-2,519733E-5	1,690625E+3	2,741747E-3	1,690625E+3	-1,351769E-6	1,690625E+3	2,695793E-3	1,690625E+3	-7,694142E-5	1,690625E+3	2,860344E-3	1,690625E+3	-1,690696E-4	1,690625E+3	3,027324E-3
1,692187E+3	-1,579647E-5	1,692187E+3	2,737064E-3	1,692187E+3	4,592010E-6	1,692187E+3	2,671913E-3	1,692187E+3	-7,989770E-5	1,692187E+3	2,904947E-3	1,692187E+3	-1,754496E-4	1,692187E+3	3,064825E-3
1,693750E+3	-6,155884E-6	1,693750E+3	2,731630E-3	1,693750E+3	1,064055E-5	1,693750E+3	2,647075E-3	1,693750E+3	-8,309484E-5	1,693750E+3	2,950387E-3	1,693750E+3	-1,823612E-4	1,693750E+3	3,103053E-3
1,695312E+3	-1,825849E-5	1,695312E+3	2,827357E-3	1,695312E+3	-2,077532E-5	1,695312E+3	2,939041E-3	1,695312E+3	-8,988433E-5	1,695312E+3	3,005806E-3	1,695312E+3	-1,921064E-4	1,695312E+3	3,150183E-3
1,696875E+3	-3,193953E-5	1,696875E+3	2,926587E-3	1,696875E+3	-5,930654E-5	1,696875E+3	3,255309E-3	1,696875E+3	-9,713177E-5	1,696875E+3	3,062410E-3	1,696875E+3	-2,025133E-4	1,696875E+3	3,198358E-3
1,698437E+3	-6,175507E-5	1,698437E+3	3,097837E-3	1,698437E+3	-6,302925E-5	1,698437E+3	3,295870E-3	1,698437E+3	-1,073040E-4	1,698437E+3	3,118344E-3	1,698437E+3	-2,238814E-4	1,698437E+3	3,274781E-3
1,700000E+3	-9,650510E-5	1,700000E+3	3,277547E-3	1,700000E+3	-6,697550E-5	1,700000E+3	3,337186E-3	1,700000E+3	-1,180504E-4	1,700000E+3	3,175365E-3	1,700000E+3	-2,464595E-4	1,700000E+3	3,353352E-3
1,701562E+3	-1,084929E-4	1,701562E+3	3,329959E-3	1,701562E+3	-7,990161E-5	1,701562E+3	3,408154E-3	1,701562E+3	-1,272110E-4	1,701562E+3	3,214972E-3	1,701562E+3	-2,634948E-4	1,701562E+3	3,414817E-3
1,703125E+3	-1,212498E-4	1,703125E+3	3,383231E-3	1,703125E+3	-9,351787E-5	1,703125E+3	3,481023E-3	1,703125E+3	-1,367767E-4	1,703125E+3	3,255026E-3	1,703125E+3	-2,814090E-4	1,703125E+3	3,477695E-3
1,704687E+3	-1,390990E-4	1,704687E+3	3,452994E-3	1,704687E+3	-1,014346E-4	1,704687E+3	3,524880E-3	1,704687E+3	-1,471322E-4	1,704687E+3	3,294907E-3	1,704687E+3	-2,939135E-4	1,704687E+3	3,522371E-3
1,706250E+3	-1,582331E-4	1,706250E+3	3,524204E-3	1,706250E+3	-1,097151E-4	1,706250E+3	3,569483E-3	1,706250E+3	-1,579298E-4	1,706250E+3	3,335169E-3	1,706250E+3	-3,070130E-4	1,706250E+3	3,567829E-3
1,707812E+3	-1,797407E-4	1,707812E+3	3,586687E-3	1,707812E+3	-1,179671E-4	1,707812E+3	3,592391E-3	1,707812E+3	-1,711617E-4	1,707812E+3	3,367380E-3	1,707812E+3	-3,229020E-4	1,707812E+3	3,615705E-3
1,709375E+3	-2,025425E-4	1,709375E+3	3,650200E-3	1,709375E+3	-1,265232E-4	1,709375E+3	3,615353E-3	1,709375E+3	-1,848750E-4	1,709375E+3	3,399681E-3	1,709375E+3	-3,394927E-4	1,709375E+3	3,664426E-3
1,710937E+3	-2,200604E-4	1,710937E+3	3,690727E-3	1,710937E+3	-1,398059E-4	1,710937E+3	3,638651E-3	1,710937E+3	-1,971164E-4	1,710937E+3	3,416853E-3	1,710937E+3	-3,547290E-4	1,710937E+3	3,694696E-3
1,712500E+3	-2,384437E-4	1,712500E+3	3,731444E-3	1,712500E+3	-1,535869E-4	1,712500E+3	3,661963E-3	1,712500E+3	-2,097299E-4	1,712500E+3	3,433668E-3	1,712500E+3	-3,706053E-4	1,712500E+3	3,725280E-3
1,714062E+3	-2,570279E-4	1,714062E+3	3,762062E-3	1,714062E+3	-1,382839E-4	1,714062E+3	3,256146E-3	1,714062E+3	-1,838054E-4	1,714062E+3	2,971722E-3	1,714062E+3	-3,847601E-4	1,714062E+3	3,743942E-3
1,715625E+3	-2,764478E-4	1,715625E+3	3,792445E-3	1,715625E+3	-9,925554E-5	1,715625E+3	2,717244E-3	1,715625E+3	-1,261816E-4	1,715625E+3	2,388033E-3	1,715625E+3	-3,995345E-4	1,715625E+3	3,762465E-3
1,717187E+3	-2,428524E-4	1,717187E+3	3,240821E-3	1,717187E+3	-1,110925E-4	1,717187E+3	2,809855E-3	1,717187E+3	-1,365175E-4	1,717187E+3	2,445276E-3	1,717187E+3	-3,632056E-4	1,717187E+3	3,475881E-3
1,718750E+3	-1,514143E-4	1,718750E+3	2,531430E-3	1,718750E+3	-1,234151E-4	1,718750E+3	2,904116E-3	1,718750E+3	-1,471522E-4	1,718750E+3	2,503119E-3	1,718750E+3	-2,952048E-4	1,718750E+3	3,113516E-3
1,720312E+3	-1,716871E-4	1,720312E+3	2,615399E-3	1,720312E+3	-1,310116E-4	1,720312E+3	2,960903E-3	1,720312E+3	-1,587575E-4	1,720312E+3	2,566798E-3	1,720312E+3	-3,082645E-4	1,720312E+3	3,163598E-3
1,721875E+3	-1,929808E-4	1,721875E+3	2,700504E-3	1,721875E+3	-1,387827E-4	1,721875E+3	3,018303E-3	1,721875E+3	-1,706914E-4	1,721875E+3	2,631063E-3	1,721875E+3	-3,217108E-4	1,721875E+3	3,214194E-3
1,723437E+3	-2,121385E-4	1,723437E+3	2,773740E-3	1,723437E+3	-1,475866E-4	1,723437E+3	3,072375E-3	1,723437E+3	-1,839268E-4	1,723437E+3	2,691001E-3	1,723437E+3	-3,341315E-4	1,723437E+3	3,263899E-3
1,725000E+3	-2,319684E-4	1,725000E+3	2,847699E-3	1,725000E+3	-1,565277E-4	1,725000E+3	3,126880E-3	1,725000E+3	-1,974054E-4	1,725000E+3	2,751349E-3	1,725000E+3	-3,468549E-4	1,725000E+3	3,314037E-3
1,726562E+3	-2,507843E-4	1,726562E+3	2,920814E-3	1,726562E+3	-1,405942E-4	1,726562E+3	2,879790E-3	1,726562E+3	-2,107747E-4	1,726562E+3	2,807711E-3	1,726562E+3	-3,560324E-4	1,726562E+3	3,358098E-3
1,728125E+3	-2,702110E-4	1,728125E+3	2,994533E-3	1,728125E+3	-1,172884E-4	1,728125E+3	2,603225E-3	1,728125E+3	-2,243127E-4	1,728125E+3	2,864348E-3	1,728125E+3	-3,653959E-4	1,728125E+3	3,402457E-3
1,729687E+3	-2,929654E-4	1,729687E+3	3,075913E-3	1,729687E+3	-1,224322E-4	1,729687E+3	2,630645E-3	1,729687E+3	-2,396131E-4	1,729687E+3	2,918341E-3	1,729687E+3	-3,602699E-4	1,729687E+3	3,333293E-3
1,731250E+3	-3,164137E-4	1,731250E+3	3,157905E-3	1,731250E+3	-1,277121E-4	1,731250E+3	2,658165E-3	1,731250E+3	-2,550190E-4	1,731250E+3	2,972500E-3	1,731250E+3	-3,536399E-4	1,731250E+3	3,258754E-3
1,732812E+3	-3,400465E-4	1,732812E+3	3,238602E-3	1,732812E+3	-1,224660E-4	1,732812E+3	2,597348E-3	1,732812E+3	-2,239466E-4	1,732812E+3	2,649034E-3	1,732812E+3	-3,384510E-4	1,732812E+3	3,158530E-3
1,734375E+3	-3,643163E-4	1,734375E+3	3,319753E-3	1,734375E+3	-1,164315E-4	1,734375E+3	2,533546E-3	1,734375E+3	-1,753209E-4	1,734375E+3	2,295222E-3	1,734375E+3	-3,196982E-4	1,734375E+3	3,049995E-3
1,735937E+3	-3,004901E-4	1,735937E+3	2,882460E-3	1,735937E+3	-1,159794E-4	1,735937E+3	2,508271E-3	1,735937E+3	-1,823816E-4	1,735937E+3	2,302430E-3	1,735937E+3	-3,088725E-4	1,735937E+3	2,971238E-3
1,737500E+3	-2,000741E-4	1,737500E+3	2,389474E-3	1,737500E+3	-1,153197E-4	1,737500E+3	2,482157E-3	1,737500E+3	-1,893163E-4	1,737500E+3	2,309401E-3	1,737500E+3	-2,965178E-4	1,737500E+3	2,888369E-3
1,739062E+3	-2,044685E-4	1,739062E+3	2,380602E-3	1,739062E+3	-1,200880E-4	1,739062E+3	2,481021E-3	1,739062E+3	-1,919691E-4	1,739062E+3	2,304344E-3	1,739062E+3	-2,952145E-4	1,739062E+3	2,844316E-3
1,740625E+3	-2,086984E-4	1,740625E+3	2,370954E-3	1,740625E+3	-1,248224E-4	1,740625E+3	2,479562E-3	1,740625E+3	-1,943901E-4	1,740625E+3	2,299115E-3	1,740625E+3	-2,935938E-4	1,740625E+3	2,798837E-3
1,742187E+3	-2,132134E-4	1,742187E+3	2,360301E-3	1,742187E+3	-1,285838E-4	1,742187E+3	2,479992E-3	1,742187E+3	-1,930968E-4	1,742187E+3	2,264570E-3	1,742187E+3	-2,790436E-4	1,742187E+3	2,635776E-3
1,743750E+3	-2,175365E-4	1,743750E+3	2,348809E-3	1,743750E+3	-1,322887E-4	1,743750E+3	2,480087E-3	1,743750E+3	-1,911907E-4	1,743750E+3	2,229602E-3	1,743750E+3	-2,608522E-4	1,743750E+3	2,462630E-3
1,745312E+3	-2,274648E-4	1,745312E+3	2,354151E-3	1,745312E+3	-1,324300E-4	1,745312E+3	2,464223E-3	1,745312E+3	-1,886054E-4	1,745312E+3	2,195089E-3	1,745312E+3	-2,608448E-4	1,745312E+3	2,444034E-3
1,746875E+3	-2,374544E-4	1,746875E+3	2,358897E-3	1,746875E+3	-1,323549E-4	1,746875E+3	2,447790E-3	1,746875E+3	-1,853781E-4	1,746875E+3	2,160363E-3	1,746875E+3	-2,606830E-4	1,746875E+3	2,425045E-3
1,748437E+3	-2,409504E-4	1,748437E+3	2,342554E-3	1,748437E+3	-1,340193E-4	1,748437E+3	2,435276E-3	1,748437E+3	-2,313561E-4	1,748437E+3	2,199428E-3	1,748437E+3	-2,635130E-4	1,748437E+3	2,425660E-3
1,750000E+3	-2,441067E-4	1,750000E+3	2,325353E-3	1,750000E+3	-1,355234E-4	1,750000E+3	2,422432E-3	1,750000E+3	-2,758548E-4	1,750000E+3	2,235021E-3	1,750000E+3	-2,663139E-4	1,750000E+3	2,426253E-3
1,751562E+3	-2,425283E-4	1,751562E+3	2,295449E-3	1,751562E+3	-1,358981E-4	1,751562E+3	2,415166E-3	1,751562E+3	-2,829105E-4	1,751562E+3	2,224558E-3	1,751562E+3	-2,664536E-4	1,751562E+3	2,412335E-3
1,753125E+3	-2,404187E-4	1,753125E+3	2,264651E-3	1,753125E+3	-1,361534E-4	1,753125E+3	2,407745E-3	1,753125E+3	-2,893201E-4	1,753125E+3	2,214130E-3	1,753125E+3	-2,664745E-4	1,753125E+3	2,398374E-3
1,754687E+3	-2,431801E-4	1,754687E+3	2,256904E-3	1,754687E+3	-1,355318E-4	1,754687E+3	2,389793E-3	1,754687E+3	-2,953759E-4	1,754687E+3	2,201314E-3	1,754687E+3	-2,613113E-4	1,754687E+3	2,356004E-3
1,756250E+3	-2,457537E-4	1,756250E+3	2,248661E-3	1,756250E+3	-1,347384E-4	1,756250E+3	2,371699E-3	1,756250E+3	-3,006728E-4	1,756250E+3	2,188719E-3	1,756250E+3	-2,558586E-4	1,756250E+3	2,313503E-3
1,757812E+3	-2,479565E-4	1,757812E+3	2,242862E-3	1,757812E+3	-1,346344E-4	1,757812E+3	2,352587E-3	1,757812E+3	-3,046451E-4	1,757812E+3	2,174379E-3	1,757812E+3	-2,516298E-4	1,757812E+3	2,289738E-3
1,759375E+3	-2,499816E-4	1,759375E+3	2,236641E-3	1,759375E+3	-1,343590E-4	1,759375E+3	2,333410E-3	1,759375E+3	-3,079145E-4	1,759375E+3	2,160383E-3	1,759375E+3	-2,472166E-4	1,759375E+3	2,266119E-3
1,760937E+3	-2,507942E-4	1,760937E+3	2,224334E-3	1,760937E+3	-1,371989E-4	1,760937E+3	2,326415E-3	1,760937E+3	-3,110250E-4	1,760937E+3	2,142821E-3	1,760937E+3	-2,453804E-4	1,760937E+3	2,257519E-3
1,762500E+3	-2,513307E-4	1,762500E+3	2,211591E-3	1,762500E+3	-1,399003E-4	1,762500E+3	2,319429E-3	1,762500E+3	-3,133683E-4	1,762500E+3	2,125696E-3	1,762500E+3	-2,434605E-4	1,762500E+3	2,249159E-3
1,764062E+3	-2,517749E-4	1,764062E+3	2,191380E-3	1,764062E+3	-1,431124E-4	1,764062E+3	2,311785E-3	1,764062E+3	-3,157723E-4	1,764062E+3	2,099537E-3	1,764062E+3	-2,408305E-4	1,764062E+3	2,229621E-3
1,765625E+3	-2,518678E-4	1,765625E+3	2,170758E-3	1,765625E+3	-1,461732E-4	1,765625E+3	2,304211E-3	1,765625E+3	-3,171932E-4	1,765625E+3	2,074011E-3	1,765625E+3	-2,380323E-4	1,765625E+3	2,210383E-3
1,767187E+3	-2,476567E-4	1,767187E+3	2,145178E-3	1,767187E+3	-1,466535E-4	1,767187E+3	2,288302E-3	1,767187E+3	-3,217500E-4	1,767187E+3	2,048792E-3	1,767187E+3	-2,387738E-4	1,767187E+3	2,193691E-3
1,768750E+3	-2,431229E-4	1,768750E+3	2,119356E-3	1,768750E+3	-1,469679E-4	1,768750E+3	2,272536E-3	1,768750E+3	-3,251434E-4	1,768750E+3	2,024318E-3	1,768750E+3	-2,393230E-4	1,768750E+3	2,177353E-3
1,770312E+3	-2,394507E-4	1,770312E+3	2,105030E-3	1,770312E+3	-1,746709E-4	1,770312E+3	2,319435E-3	1,770312E+3	-3,295461E-4	1,770312E+3	2,004458E-3	1,770312E+3	-2,756463E-4	1,770312E+3	2,197999E-3
1,771875E+3	-2,355985E-4	1,771875E+3	2,090580E-3	1,771875E+3	-2,014207E-4	1,771875E+3	2,364285E-3	1,771875E+3	-3,328183E-4	1,771875E+3	1,985361E-3	1,771875E+3	-3,100792E-4	1,771875E+3	2,217350E-3
1,773437E+3	-3,025839E-4	1,773437E+3	2,157935E-3	1,773437E+3	-2,042622E-4	1,773437E+3	2,355263E-3	1,773437E+3	-3,352946E-4	1,773437E+3	1,966978E-3	1,773437E+3	-3,035544E-4	1,773437E+3	2,160483E-3
1,775000E+3	-3,691609E-4	1,775000E+3	2,222329E-3	1,775000E+3	-2,068231E-4	1,775000E+3	2,346450E-3	1,775000E+3	-3,366725E-4	1,775000E+3	1,949391E-3	1,775000E+3	-2,966894E-4	1,775000E+3	2,104980E-3
1,776562E+3	-3,775699E-4	1,776562E+3	2,213156E-3	1,776562E+3	-2,075962E-4	1,776562E+3	2,330065E-3	1,776562E+3	-3,405219E-4	1,776562E+3	1,934603E-3	1,776562E+3	-2,919027E-4	1,776562E+3	2,074120E-3
1,778125E+3	-3,856578E-4	1,778125E+3	2,203796E-3	1,778125E+3	-2,081301E-4	1,778125E+3	2,314090E-3	1,778125E+3	-3,430896E-4	1,778125E+3	1,920623E-3	1,778125E+3	-2,869074E-4	1,778125E+3	2,044296E-3
1,779687E+3	-3,860739E-4	1,779687E+3	2,187324E-3	1,779687E+3	-2,065395E-4	1,779687E+3	2,284639E-3	1,779687E+3	-3,071407E-4	1,779687E+3	1,830995E-3	1,779687E+3	-2,863151E-4	1,779687E+3	2,027217E-3
1,781250E+3	-3,862110E-4	1,781250E+3	2,170877E-3	1,781250E+3	-2,046917E-4	1,781250E+3	2,255822E-3	1,781250E+3	-2,692507E-4	1,781250E+3	1,748205E-3	1,781250E+3	-2,855138E-4	1,781250E+3	2,010955E-3
1,782812E+3	-3,801968E-4	1,782812E+3	2,148401E-3	1,782812E+3	-2,047338E-4	1,782812E+3	2,225763E-3	1,782812E+3	-2,713856E-4	1,782812E+3	1,727390E-3	1,782812E+3	-2,861358E-4	1,782812E+3	1,996465E-3
1,784375E+3	-3,739440E-4	1,784375E+3	2,126135E-3	1,784375E+3	-2,044931E-4	1,784375E+3	2,196446E-3	1,784375E+3	-2,720314E-4	1,784375E+3	1,707737E-3	1,784375E+3	-2,865089E-4	1,784375E+3	1,982864E-3
1,785937E+3	-3,690592E-4	1,785937E+3	2,104410E-3	1,785937E+3	-2,064423E-4	1,785937E+3	2,175042E-3	1,785937E+3	-2,768837E-4	1,785937E+3	1,690679E-3	1,785937E+3	-2,885973E-4	1,785937E+3	1,969502E-3
1,787500E+3	-3,639264E-4	1,787500E+3	2,082968E-3	1,787500E+3	-2,081067E-4	1,787500E+3	2,154366E-3	1,787500E+3	-2,799799E-4	1,787500E+3	1,674631E-3	1,787500E+3	-2,903335E-4	1,787500E+3	1,957188E-3
1,789062E+3	-3,636498E-4	1,789062E+3	2,061817E-3	1,789062E+3	-2,106035E-4	1,789062E+3	2,139349E-3	1,789062E+3	-2,856148E-4	1,789062E+3	1,657678E-3	1,789062E+3	-2,923708E-4	1,789062E+3	1,946751E-3
1,790625E+3	-3,630475E-4	1,790625E+3	2,040988E-3	1,790625E+3	-2,127671E-4	1,790625E+3	2,125080E-3	1,790625E+3	-2,892156E-4	1,790625E+3	1,641664E-3	1,790625E+3	-2,940461E-4	1,790625E+3	1,937354E-3
1,792187E+3	-3,672630E-4	1,792187E+3	2,035242E-3	1,792187E+3	-2,122240E-4	1,792187E+3	2,113896E-3	1,792187E+3	-2,961441E-4	1,792187E+3	1,626264E-3	1,792187E+3	-2,801744E-4	1,792187E+3	1,889160E-3
1,793750E+3	-3,712020E-4	1,793750E+3	2,029651E-3	1,793750E+3	-2,114659E-4	1,793750E+3	2,103402E-3	1,793750E+3	-3,007878E-4	1,793750E+3	1,611666E-3	1,793750E+3	-2,663220E-4	1,793750E+3	1,843749E-3
1,795312E+3	-3,288702E-4	1,795312E+3	1,936525E-3	1,795312E+3	-1,906271E-4	1,795312E+3	2,036136E-3	1,795312E+3	-3,073823E-4	1,795312E+3	1,591863E-3	1,795312E+3	-2,634414E-4	1,795312E+3	1,830748E-3
1,796875E+3	-2,864113E-4	1,796875E+3	1,846395E-3	1,796875E+3	-1,699995E-4	1,796875E+3	1,971638E-3	1,796875E+3	-3,112601E-4	1,796875E+3	1,573008E-3	1,796875E+3	-2,603274E-4	1,796875E+3	1,818963E-3
1,798437E+3	-2,829472E-4	1,798437E+3	1,822296E-3	1,798437E+3	-1,700645E-4	1,798437E+3	1,944996E-3	1,798437E+3	-3,150381E-4	1,798437E+3	1,553464E-3	1,798437E+3	-2,585435E-4	1,798437E+3	1,805266E-3
1,800000E+3	-2,792274E-4	1,800000E+3	1,798978E-3	1,800000E+3	-1,698567E-4	1,800000E+3	1,919642E-3	1,800000E+3	-3,162951E-4	1,800000E+3	1,534829E-3	1,800000E+3	-2,564615E-4	1,800000E+3	1,792990E-3
1,801562E+3	-2,822053E-4	1,801562E+3	1,787677E-3	1,801562E+3	-1,716307E-4	1,801562E+3	1,898933E-3	1,801562E+3	-3,223018E-4	1,801562E+3	1,516140E-3	1,801562E+3	-2,564025E-4	1,801562E+3	1,781364E-3
1,803125E+3	-2,848619E-4	1,803125E+3	1,776902E-3	1,803125E+3	-1,730830E-4	1,803125E+3	1,879488E-3	1,803125E+3	-3,252765E-4	1,803125E+3	1,498039E-3	1,803125E+3	-2,559383E-4	1,803125E+3	1,771209E-3
1,804687E+3	-2,861472E-4	1,804687E+3	1,766296E-3	1,804687E+3	-1,742814E-4	1,804687E+3	1,861578E-3	1,804687E+3	-3,355154E-4	1,804687E+3	1,482041E-3	1,804687E+3	-2,553666E-4	1,804687E+3	1,760672E-3
1,806250E+3	-2,871591E-4	1,806250E+3	1,756273E-3	1,806250E+3	-1,751393E-4	1,806250E+3	1,845038E-3	1,806250E+3	-3,421228E-4	1,806250E+3	1,465926E-3	1,806250E+3	-2,544221E-4	1,806250E+3	1,751534E-3
1,807812E+3	-2,838207E-4	1,807812E+3	1,736607E-3	1,807812E+3	-1,762185E-4	1,807812E+3	1,827839E-3	1,807812E+3	-3,509528E-4	1,807812E+3	1,451260E-3	1,807812E+3	-2,535845E-4	1,807812E+3	1,737891E-3
1,809375E+3	-2,802863E-4	1,809375E+3	1,717853E-3	1,809375E+3	-1,769547E-4	1,809375E+3	1,812030E-3	1,809375E+3	-3,563968E-4	1,809375E+3	1,436321E-3	1,809375E+3	-2,522931E-4	1,809375E+3	1,725928E-3
1,810937E+3	-2,769564E-4	1,810937E+3	1,697067E-3	1,810937E+3	-1,776937E-4	1,810937E+3	1,797248E-3	1,810937E+3	-3,592086E-4	1,810937E+3	1,423159E-3	1,810937E+3	-2,518851E-4	1,810937E+3	1,709509E-3
1,812500E+3	-2,734111E-4	1,812500E+3	1,677347E-3	1,812500E+3	-1,781040E-4	1,812500E+3	1,783890E-3	1,812500E+3	-3,596321E-4	1,812500E+3	1,409954E-3	1,812500E+3	-2,509310E-4	1,812500E+3	1,694984E-3
1,814062E+3	-2,724043E-4	1,814062E+3	1,661168E-3	1,814062E+3	-1,782578E-4	1,814062E+3	1,770527E-3	1,814062E+3	-3,601217E-4	1,814062E+3	1,396140E-3	1,814062E+3	-2,542990E-4	1,814062E+3	1,683733E-3
1,815625E+3	-2,711416E-4	1,815625E+3	1,646014E-3	1,815625E+3	-1,780954E-4	1,815625E+3	1,758713E-3	1,815625E+3	-3,583178E-4	1,815625E+3	1,382251E-3	1,815625E+3	-2,567543E-4	1,815625E+3	1,674449E-3
1,817187E+3	-2,766254E-4	1,817187E+3	1,636293E-3	1,817187E+3	-1,792663E-4	1,817187E+3	1,747710E-3	1,817187E+3	-3,602493E-4	1,817187E+3	1,366760E-3	1,817187E+3	-2,600360E-4	1,817187E+3	1,664205E-3
1,818750E+3	-2,816017E-4	1,818750E+3	1,627436E-3	1,818750E+3	-1,800097E-4	1,818750E+3	1,738264E-3	1,818750E+3	-3,596315E-4	1,818750E+3	1,350792E-3	1,818750E+3	-2,623609E-4	1,818750E+3	1,655931E-3
1,820312E+3	-2,851403E-4	1,820312E+3	1,613390E-3	1,820312E+3	-1,809971E-4	1,820312E+3	1,722879E-3	1,820312E+3	-3,655683E-4	1,820312E+3	1,338226E-3	1,820312E+3	-2,626678E-4	1,820312E+3	1,647457E-3
1,821875E+3	-2,881363E-4	1,821875E+3	1,600483E-3	1,821875E+3	-1,815206E-4	1,821875E+3	1,709356E-3	1,821875E+3	-3,690682E-4	1,821875E+3	1,324532E-3	1,821875E+3	-2,622476E-4	1,821875E+3	1,640740E-3
1,823437E+3	-2,888067E-4	1,823437E+3	1,586846E-3	1,823437E+3	-1,822615E-4	1,823437E+3	1,694534E-3	1,823437E+3	-3,754679E-4	1,823437E+3	1,312232E-3	1,823437E+3	-2,624997E-4	1,823437E+3	1,630855E-3
1,825000E+3	-2,889377E-4	1,825000E+3	1,574558E-3	1,825000E+3	-1,824777E-4	1,825000E+3	1,681714E-3	1,825000E+3	-3,795824E-4	1,825000E+3	1,298653E-3	1,825000E+3	-2,618288E-4	1,825000E+3	1,623006E-3
1,826562E+3	-2,863641E-4	1,826562E+3	1,561913E-3	1,826562E+3	-1,832854E-4	1,826562E+3	1,667029E-3	1,826562E+3	-3,849653E-4	1,826562E+3	1,286275E-3	1,826562E+3	-2,634440E-4	1,826562E+3	1,606049E-3
1,828125E+3	-2,834168E-4	1,828125E+3	1,550660E-3	1,828125E+3	-1,835427E-4	1,828125E+3	1,654399E-3	1,828125E+3	-3,882316E-4	1,828125E+3	1,272679E-3	1,828125E+3	-2,634531E-4	1,828125E+3	1,592101E-3
1,829687E+3	-2,791063E-4	1,829687E+3	1,538069E-3	1,829687E+3	-1,846876E-4	1,829687E+3	1,637806E-3	1,829687E+3	-3,929208E-4	1,829687E+3	1,258432E-3	1,829687E+3	-2,667141E-4	1,829687E+3	1,569226E-3
1,831250E+3	-2,745254E-4	1,831250E+3	1,526850E-3	1,831250E+3	-1,851009E-4	1,831250E+3	1,623646E-3	1,831250E+3	-3,954743E-4	1,831250E+3	1,242868E-3	1,831250E+3	-2,675027E-4	1,831250E+3	1,550299E-3
1,832812E+3	-2,733223E-4	1,832812E+3	1,514768E-3	1,832812E+3	-1,858313E-4	1,832812E+3	1,602468E-3	1,832812E+3	-3,973084E-4	1,832812E+3	1,229144E-3	1,832812E+3	-2,677859E-4	1,832812E+3	1,532517E-3
1,834375E+3	-2,716298E-4	1,834375E+3	1,504116E-3	1,834375E+3	-1,854748E-4	1,834375E+3	1,584758E-3	1,834375E+3	-3,975214E-4	1,834375E+3	1,214256E-3	1,834375E+3	-2,661571E-4	1,834375E+3	1,517985E-3
1,835937E+3	-2,729640E-4	1,835937E+3	1,484351E-3	1,835937E+3	-1,840439E-4	1,835937E+3	1,564353E-3	1,835937E+3	-3,980163E-4	1,835937E+3	1,202337E-3	1,835937E+3	-2,656500E-4	1,835937E+3	1,503363E-3
1,837500E+3	-2,733224E-4	1,837500E+3	1,466706E-3	1,837500E+3	-1,816388E-4	1,837500E+3	1,547561E-3	1,837500E+3	-3,973144E-4	1,837500E+3	1,189469E-3	1,837500E+3	-2,632367E-4	1,837500E+3	1,491812E-3
1,839062E+3	-2,736870E-4	1,839062E+3	1,447692E-3	1,839062E+3	-1,788766E-4	1,839062E+3	1,532022E-3	1,839062E+3	-4,027637E-4	1,839062E+3	1,174613E-3	1,839062E+3	-2,630342E-4	1,839062E+3	1,477083E-3
1,840625E+3	-2,728826E-4	1,840625E+3	1,431040E-3	1,840625E+3	-1,754511E-4	1,840625E+3	1,519190E-3	1,840625E+3	-4,066161E-4	1,840625E+3	1,158146E-3	1,840625E+3	-2,603690E-4	1,840625E+3	1,465650E-3
1,842187E+3	-2,714610E-4	1,842187E+3	1,412907E-3	1,842187E+3	-1,736894E-4	1,842187E+3	1,504851E-3	1,842187E+3	-4,173181E-4	1,842187E+3	1,136484E-3	1,842187E+3	-2,619762E-4	1,842187E+3	1,452331E-3
1,843750E+3	-2,689526E-4	1,843750E+3	1,397132E-3	1,843750E+3	-1,711824E-4	1,843750E+3	1,493013E-3	1,843750E+3	-4,258760E-4	1,843750E+3	1,112241E-3	1,843750E+3	-2,606434E-4	1,843750E+3	1,441972E-3
1,845312E+3	-2,667213E-4	1,845312E+3	1,380734E-3	1,845312E+3	-1,730520E-4	1,845312E+3	1,475199E-3	1,845312E+3	-4,362303E-4	1,845312E+3	1,090233E-3	1,845312E+3	-2,662996E-4	1,845312E+3	1,422465E-3
1,846875E+3	-2,634061E-4	1,846875E+3	1,366668E-3	1,846875E+3	-1,730781E-4	1,846875E+3	1,461096E-3	1,846875E+3	-4,447533E-4	1,846875E+3	1,065845E-3	1,846875E+3	-2,667220E-4	1,846875E+3	1,406789E-3
1,848437E+3	-2,653868E-4	1,848437E+3	1,353991E-3	1,848437E+3	-1,774867E-4	1,848437E+3	1,436340E-3	1,848437E+3	-5,057063E-4	1,848437E+3	9,173153E-4	1,848437E+3	-2,705761E-4	1,848437E+3	1,388941E-3
1,850000E+3	-2,659121E-4	1,850000E+3	1,343430E-3	1,850000E+3	-1,780731E-4	1,850000E+3	1,417686E-3	1,850000E+3	-5,378075E-4	1,850000E+3	7,383442E-4	1,850000E+3	-2,691472E-4	1,850000E+3	1,374267E-3
1,851562E+3	-2,677803E-4	1,851562E+3	1,328658E-3	1,851562E+3	-1,812883E-4	1,851562E+3	1,396869E-3	1,851562E+3	-5,298111E-4	1,851562E+3	7,453636E-4	1,851562E+3	-2,708311E-4	1,851562E+3	1,357525E-3
1,853125E+3	-2,678005E-4	1,853125E+3	1,316332E-3	1,853125E+3	-1,803987E-4	1,853125E+3	1,381833E-3	1,853125E+3	-5,219301E-4	1,853125E+3	7,524083E-4	1,853125E+3	-2,671386E-4	1,853125E+3	1,343319E-3
1,854687E+3	-2,679608E-4	1,854687E+3	1,298826E-3	1,854687E+3	-1,814927E-4	1,854687E+3	1,365437E-3	1,854687E+3	-5,130102E-4	1,854687E+3	7,576404E-4	1,854687E+3	-2,674808E-4	1,854687E+3	1,331127E-3
1,856250E+3	-2,656816E-4	1,856250E+3	1,284333E-3	1,856250E+3	-1,789072E-4	1,856250E+3	1,353612E-3	1,856250E+3	-5,042470E-4	1,856250E+3	7,630279E-4	1,856250E+3	-2,632874E-4	1,856250E+3	1,320189E-3
1,857812E+3	-2,634583E-4	1,857812E+3	1,263457E-3	1,857812E+3	-1,814277E-4	1,857812E+3	1,337877E-3	1,857812E+3	-4,958362E-4	1,857812E+3	7,632627E-4	1,857812E+3	-2,636011E-4	1,857812E+3	1,314568E-3
1,859375E+3	-2,586023E-4	1,859375E+3	1,245818E-3	1,859375E+3	-1,788200E-4	1,859375E+3	1,326705E-3	1,859375E+3	-4,875059E-4	1,859375E+3	7,637659E-4	1,859375E+3	-2,606087E-4	1,859375E+3	1,309137E-3
1,860937E+3	-2,561441E-4	1,860937E+3	1,230530E-3	1,860937E+3	-1,853552E-4	1,860937E+3	1,305836E-3	1,860937E+3	-4,834357E-4	1,860937E+3	7,588609E-4	1,860937E+3	-4,266977E-4	1,860937E+3	1,136707E-3
1,862500E+3	-2,512907E-4	1,862500E+3	1,217783E-3	1,862500E+3	-1,822926E-4	1,862500E+3	1,289889E-3	1,862500E+3	-4,792294E-4	1,862500E+3	7,539211E-4	1,862500E+3	-3,341828E-4	1,862500E+3	7,573674E-4
1,864062E+3	-2,513978E-4	1,864062E+3	1,204147E-3	1,864062E+3	-1,832666E-4	1,864062E+3	1,282236E-3	1,864062E+3	-4,772234E-4	1,864062E+3	7,488994E-4	1,864062E+3	-3,340772E-4	1,864062E+3	7,766221E-4
1,865625E+3	-2,484227E-4	1,865625E+3	1,192672E-3	1,865625E+3	-1,802621E-4	1,865625E+3	1,275828E-3	1,865625E+3	-4,750943E-4	1,865625E+3	7,437763E-4	1,865625E+3	-3,338319E-4	1,865625E+3	7,958488E-4
1,867187E+3	-2,494899E-4	1,867187E+3	1,177457E-3	1,867187E+3	-3,456095E-4	1,867187E+3	1,185145E-3	1,867187E+3	-4,721512E-4	1,867187E+3	7,434955E-4	1,867187E+3	-3,316786E-4	1,867187E+3	8,123323E-4
1,868750E+3	-2,464420E-4	1,868750E+3	1,164166E-3	1,868750E+3	-2,510226E-4	1,868750E+3	8,135406E-4	1,868750E+3	-4,692011E-4	1,868750E+3	7,433012E-4	1,868750E+3	-3,295012E-4	1,868750E+3	8,291492E-4
1,870312E+3	-2,504517E-4	1,870312E+3	1,145987E-3	1,870312E+3	-2,523585E-4	1,870312E+3	8,273484E-4	1,870312E+3	-4,627800E-4	1,870312E+3	7,468549E-4	1,870312E+3	-2,873645E-4	1,870312E+3	7,489952E-4
1,871875E+3	-2,489970E-4	1,871875E+3	1,129116E-3	1,871875E+3	-2,538351E-4	1,871875E+3	8,407617E-4	1,871875E+3	-4,564411E-4	1,871875E+3	7,508357E-4	1,871875E+3	-2,209128E-4	1,871875E+3	6,712593E-4
1,873437E+3	-2,538075E-4	1,873437E+3	1,108937E-3	1,873437E+3	-2,561751E-4	1,873437E+3	8,501040E-4	1,873437E+3	-4,506863E-4	1,873437E+3	7,559792E-4	1,873437E+3	-2,184590E-4	1,873437E+3	6,803938E-4
1,875000E+3	-2,519348E-4	1,875000E+3	1,089120E-3	1,875000E+3	-2,584455E-4	1,875000E+3	8,585906E-4	1,875000E+3	-4,449348E-4	1,875000E+3	7,613782E-4	1,875000E+3	-2,157471E-4	1,875000E+3	6,889631E-4
1,876562E+3	-2,503816E-4	1,876562E+3	1,076570E-3	1,876562E+3	-2,335545E-4	1,876562E+3	7,049826E-4	1,876562E+3	-4,399998E-4	1,876562E+3	7,679254E-4	1,876562E+3	-2,127792E-4	1,876562E+3	6,976880E-4
1,878125E+3	-2,451854E-4	1,878125E+3	1,064043E-3	1,878125E+3	-1,406483E-4	1,878125E+3	5,102880E-4	1,878125E+3	-4,350549E-4	1,878125E+3	7,746107E-4	1,878125E+3	-2,096937E-4	1,878125E+3	7,059281E-4
1,879687E+3	-2,406883E-4	1,879687E+3	1,064077E-3	1,879687E+3	-1,382144E-4	1,879687E+3	5,166896E-4	1,879687E+3	-4,304550E-4	1,879687E+3	7,784376E-4	1,879687E+3	-2,067831E-4	1,879687E+3	7,143303E-4
1,881250E+3	-2,350813E-4	1,881250E+3	1,064032E-3	1,881250E+3	-1,356832E-4	1,881250E+3	5,226517E-4	1,881250E+3	-4,258299E-4	1,881250E+3	7,824483E-4	1,881250E+3	-2,038109E-4	1,881250E+3	7,222850E-4
1,882812E+3	-3,551926E-4	1,882812E+3	8,872634E-4	1,882812E+3	-1,326703E-4	1,882812E+3	5,294316E-4	1,882812E+3	-4,238016E-4	1,882812E+3	7,803124E-4	1,882812E+3	-1,998996E-4	1,882812E+3	7,304585E-4
1,884375E+3	-3,332946E-4	1,884375E+3	5,689496E-4	1,884375E+3	-1,299142E-4	1,884375E+3	5,358719E-4	1,884375E+3	-4,216650E-4	1,884375E+3	7,783125E-4	1,884375E+3	-1,962218E-4	1,884375E+3	7,383744E-4
1,885937E+3	-3,299362E-4	1,885937E+3	5,928722E-4	1,885937E+3	-1,286830E-4	1,885937E+3	5,456743E-4	1,885937E+3	-4,346741E-4	1,885937E+3	7,508205E-4	1,885937E+3	-1,928313E-4	1,885937E+3	7,481294E-4
1,887500E+3	-3,267120E-4	1,887500E+3	6,163929E-4	1,887500E+3	-1,277356E-4	1,887500E+3	5,549936E-4	1,887500E+3	-4,471812E-4	1,887500E+3	7,223760E-4	1,887500E+3	-1,898291E-4	1,887500E+3	7,574865E-4
1,889062E+3	-3,222102E-4	1,889062E+3	6,383301E-4	1,889062E+3	-1,274160E-4	1,889062E+3	5,659172E-4	1,889062E+3	-4,718486E-4	1,889062E+3	6,775292E-4	1,889062E+3	-1,861952E-4	1,889062E+3	7,674312E-4
1,890625E+3	-3,178878E-4	1,890625E+3	6,598902E-4	1,890625E+3	-1,273002E-4	1,890625E+3	5,763795E-4	1,890625E+3	-4,959393E-4	1,890625E+3	6,310212E-4	1,890625E+3	-1,831209E-4	1,890625E+3	7,772387E-4
1,892187E+3	-2,798227E-4	1,892187E+3	5,458043E-4	1,892187E+3	-1,276551E-4	1,892187E+3	5,881531E-4	1,892187E+3	-5,030693E-4	1,892187E+3	6,177456E-4	1,892187E+3	-1,811165E-4	1,892187E+3	7,870399E-4
1,893750E+3	-2,099206E-4	1,893750E+3	4,294758E-4	1,893750E+3	-1,280495E-4	1,893750E+3	5,994650E-4	1,893750E+3	-5,099281E-4	1,893750E+3	6,044297E-4	1,893750E+3	-1,792556E-4	1,893750E+3	7,966158E-4
1,895312E+3	-2,060426E-4	1,895312E+3	4,374474E-4	1,895312E+3	-1,277341E-4	1,895312E+3	6,114063E-4	1,895312E+3	-5,078186E-4	1,895312E+3	6,058140E-4	1,895312E+3	-1,485299E-4	1,895312E+3	8,254739E-4
1,896875E+3	-2,025645E-4	1,896875E+3	4,450421E-4	1,896875E+3	-1,274741E-4	1,896875E+3	6,229846E-4	1,896875E+3	-5,056637E-4	1,896875E+3	6,074390E-4	1,896875E+3	-1,620937E-4	1,896875E+3	8,767038E-4
1,898437E+3	-1,984250E-4	1,898437E+3	4,546998E-4	1,898437E+3	-1,263622E-4	1,898437E+3	6,368148E-4	1,898437E+3	-5,021056E-4	1,898437E+3	6,123951E-4	1,898437E+3	-1,604376E-4	1,898437E+3	8,850823E-4
1,900000E+3	-1,946655E-4	1,900000E+3	4,642634E-4	1,900000E+3	-1,256026E-4	1,900000E+3	6,504279E-4	1,900000E+3	-4,985277E-4	1,900000E+3	6,175211E-4	1,900000E+3	-1,588474E-4	1,900000E+3	8,933696E-4
1,901562E+3	-1,906961E-4	1,901562E+3	4,752701E-4	1,901562E+3	-1,234958E-4	1,901562E+3	6,651000E-4	1,901562E+3	-4,988817E-4	1,901562E+3	6,177888E-4	1,901562E+3	-1,576356E-4	1,901562E+3	9,008563E-4
1,903125E+3	-1,869917E-4	1,903125E+3	4,862986E-4	1,903125E+3	-1,221157E-4	1,903125E+3	6,797783E-4	1,903125E+3	-4,991007E-4	1,903125E+3	6,181699E-4	1,903125E+3	-1,564116E-4	1,903125E+3	9,082015E-4
1,904687E+3	-1,835019E-4	1,904687E+3	4,988297E-4	1,904687E+3	-1,204543E-4	1,904687E+3	6,949790E-4	1,904687E+3	-5,040355E-4	1,904687E+3	6,114025E-4	1,904687E+3	-1,554222E-4	1,904687E+3	9,141912E-4
1,906250E+3	-1,803147E-4	1,906250E+3	5,113182E-4	1,906250E+3	-1,193794E-4	1,906250E+3	7,102228E-4	1,906250E+3	-5,087221E-4	1,906250E+3	6,047740E-4	1,906250E+3	-1,543798E-4	1,906250E+3	9,200404E-4
1,907812E+3	-1,772583E-4	1,907812E+3	5,240245E-4	1,907812E+3	-1,183661E-4	1,907812E+3	7,255210E-4	1,907812E+3	-5,126639E-4	1,907812E+3	5,994386E-4	1,907812E+3	-1,538367E-4	1,907812E+3	9,253960E-4
1,909375E+3	-1,744251E-4	1,909375E+3	5,366466E-4	1,909375E+3	-1,176804E-4	1,909375E+3	7,408167E-4	1,909375E+3	-5,164261E-4	1,909375E+3	5,943136E-4	1,909375E+3	-1,532192E-4	1,909375E+3	9,306279E-4
1,910937E+3	-1,713464E-4	1,910937E+3	5,492371E-4	1,910937E+3	-1,063248E-4	1,910937E+3	7,673241E-4	1,910937E+3	-5,157515E-4	1,910937E+3	5,942566E-4	1,910937E+3	-1,530640E-4	1,910937E+3	9,351725E-4
1,912500E+3	-1,684097E-4	1,912500E+3	5,617910E-4	1,912500E+3	-1,087591E-4	1,912500E+3	8,197961E-4	1,912500E+3	-5,150761E-4	1,912500E+3	5,944839E-4	1,912500E+3	-1,528103E-4	1,912500E+3	9,396141E-4
1,914062E+3	-1,655444E-4	1,914062E+3	5,735401E-4	1,914062E+3	-1,082777E-4	1,914062E+3	8,299843E-4	1,914062E+3	-5,160706E-4	1,914062E+3	5,908438E-4	1,914062E+3	-1,526778E-4	1,914062E+3	9,425144E-4
1,915625E+3	-1,627079E-4	1,915625E+3	5,852344E-4	1,915625E+3	-1,077540E-4	1,915625E+3	8,400438E-4	1,915625E+3	-5,170453E-4	1,915625E+3	5,874828E-4	1,915625E+3	-1,524295E-4	1,915625E+3	9,453535E-4
1,917187E+3	-1,603018E-4	1,917187E+3	5,959343E-4	1,917187E+3	-1,075867E-4	1,917187E+3	8,505332E-4	1,917187E+3	-5,227633E-4	1,917187E+3	5,772553E-4	1,917187E+3	-1,525048E-4	1,917187E+3	9,472634E-4
1,918750E+3	-1,578276E-4	1,918750E+3	6,065292E-4	1,918750E+3	-1,073777E-4	1,918750E+3	8,609016E-4	1,918750E+3	-5,283191E-4	1,918750E+3	5,674154E-4	1,918750E+3	-1,524496E-4	1,918750E+3	9,491443E-4
1,920312E+3	-1,310065E-4	1,920312E+3	6,549260E-4	1,920312E+3	-1,070848E-4	1,920312E+3	8,705271E-4	1,920312E+3	-5,347151E-4	1,920312E+3	5,590735E-4	1,920312E+3	-1,524728E-4	1,920312E+3	9,492906E-4
1,921875E+3	-1,195113E-4	1,921875E+3	7,363246E-4	1,921875E+3	-1,067417E-4	1,921875E+3	8,800508E-4	1,921875E+3	-5,409019E-4	1,921875E+3	5,511794E-4	1,921875E+3	-1,523385E-4	1,921875E+3	9,494427E-4
1,923437E+3	-1,187753E-4	1,923437E+3	7,389962E-4	1,923437E+3	-1,066810E-4	1,923437E+3	8,897204E-4	1,923437E+3	-5,479952E-4	1,923437E+3	5,446285E-4	1,923437E+3	-1,546719E-4	1,923437E+3	9,535862E-4
1,925000E+3	-1,179283E-4	1,925000E+3	7,418196E-4	1,925000E+3	-1,065645E-4	1,925000E+3	8,992935E-4	1,925000E+3	-5,548285E-4	1,925000E+3	5,385729E-4	1,925000E+3	-1,576914E-4	1,925000E+3	9,564762E-4
1,926562E+3	-1,229083E-4	1,926562E+3	7,792741E-4	1,926562E+3	-1,063764E-4	1,926562E+3	9,081432E-4	1,926562E+3	-5,853094E-4	1,926562E+3	4,703198E-4	1,926562E+3	-1,576420E-4	1,926562E+3	9,537530E-4
1,928125E+3	-1,333565E-4	1,928125E+3	8,175999E-4	1,928125E+3	-1,061327E-4	1,928125E+3	9,169226E-4	1,928125E+3	-6,142215E-4	1,928125E+3	4,052264E-4	1,928125E+3	-1,574010E-4	1,928125E+3	9,510546E-4
1,929687E+3	-1,315102E-4	1,929687E+3	8,278029E-4	1,929687E+3	-1,062431E-4	1,929687E+3	9,480466E-4	1,929687E+3	-6,157223E-4	1,929687E+3	4,038609E-4	1,929687E+3	-1,574700E-4	1,929687E+3	9,466447E-4
1,931250E+3	-1,296654E-4	1,931250E+3	8,378221E-4	1,931250E+3	-1,134812E-4	1,931250E+3	9,862212E-4	1,931250E+3	-6,170669E-4	1,931250E+3	4,030612E-4	1,931250E+3	-1,573292E-4	1,931250E+3	9,422756E-4
1,932812E+3	-1,282057E-4	1,932812E+3	8,446159E-4	1,932812E+3	-1,122213E-4	1,932812E+3	9,959776E-4	1,932812E+3	-6,292052E-4	1,932812E+3	3,830890E-4	1,932812E+3	-1,577851E-4	1,932812E+3	9,277595E-4
1,934375E+3	-1,267084E-4	1,934375E+3	8,512691E-4	1,934375E+3	-1,109723E-4	1,934375E+3	1,005337E-3	1,934375E+3	-6,404671E-4	1,934375E+3	3,644984E-4	1,934375E+3	-1,578747E-4	1,934375E+3	9,133829E-4
1,935937E+3	-1,258010E-4	1,935937E+3	8,562420E-4	1,935937E+3	-1,108360E-4	1,935937E+3	1,011202E-3	1,935937E+3	-6,507462E-4	1,935937E+3	3,534794E-4	1,935937E+3	-1,581551E-4	1,935937E+3	8,880738E-4
1,937500E+3	-1,248249E-4	1,937500E+3	8,611497E-4	1,937500E+3	-1,106858E-4	1,937500E+3	1,016719E-3	1,937500E+3	-6,602273E-4	1,937500E+3	3,435356E-4	1,937500E+3	-1,578484E-4	1,937500E+3	8,630509E-4
1,939062E+3	-1,240639E-4	1,939062E+3	8,629853E-4	1,939062E+3	-1,102383E-4	1,939062E+3	1,017578E-3	1,939062E+3	-6,633315E-4	1,939062E+3	3,438610E-4	1,939062E+3	-1,576967E-4	1,939062E+3	8,440918E-4
1,940625E+3	-1,231997E-4	1,940625E+3	8,648597E-4	1,940625E+3	-1,097533E-4	1,940625E+3	1,018541E-3	1,940625E+3	-6,660609E-4	1,940625E+3	3,448257E-4	1,940625E+3	-1,571313E-4	1,940625E+3	8,255676E-4
1,942187E+3	-1,223606E-4	1,942187E+3	8,629123E-4	1,942187E+3	-1,092765E-4	1,942187E+3	1,016040E-3	1,942187E+3	-6,635008E-4	1,942187E+3	3,486874E-4	1,942187E+3	-1,567622E-4	1,942187E+3	8,185983E-4
1,943750E+3	-1,213848E-4	1,943750E+3	8,611406E-4	1,943750E+3	-1,087420E-4	1,943750E+3	1,013837E-3	1,943750E+3	-6,611426E-4	1,943750E+3	3,529976E-4	1,943750E+3	-1,562037E-4	1,943750E+3	8,119444E-4
1,945312E+3	-1,208552E-4	1,945312E+3	8,574378E-4	1,945312E+3	-1,084887E-4	1,945312E+3	1,008202E-3	1,945312E+3	-6,592598E-4	1,945312E+3	3,521680E-4	1,945312E+3	-1,554379E-4	1,945312E+3	8,115895E-4
1,946875E+3	-1,201718E-4	1,946875E+3	8,540026E-4	1,946875E+3	-1,081411E-4	1,946875E+3	1,002941E-3	1,946875E+3	-6,578185E-4	1,946875E+3	3,520083E-4	1,946875E+3	-1,545701E-4	1,946875E+3	8,114445E-4
1,948437E+3	-1,198829E-4	1,948437E+3	8,486194E-4	1,948437E+3	-1,077944E-4	1,948437E+3	9,920429E-4	1,948437E+3	-6,645953E-4	1,948437E+3	3,460488E-4	1,948437E+3	-1,534630E-4	1,948437E+3	8,148277E-4
1,950000E+3	-1,194149E-4	1,950000E+3	8,435769E-4	1,950000E+3	-1,072912E-4	1,950000E+3	9,816193E-4	1,950000E+3	-6,706373E-4	1,950000E+3	3,412450E-4	1,950000E+3	-1,522852E-4	1,950000E+3	8,183277E-4
1,951562E+3	-1,191315E-4	1,951562E+3	8,391772E-4	1,951562E+3	-1,070849E-4	1,951562E+3	9,632404E-4	1,951562E+3	-6,760886E-4	1,951562E+3	3,384941E-4	1,951562E+3	-1,533320E-4	1,951562E+3	7,661448E-4
1,953125E+3	-1,186821E-4	1,953125E+3	8,351445E-4	1,953125E+3	-1,066271E-4	1,953125E+3	9,454832E-4	1,953125E+3	-6,807586E-4	1,953125E+3	3,368090E-4	1,953125E+3	-1,531323E-4	1,953125E+3	7,160582E-4
1,954687E+3	-1,182569E-4	1,954687E+3	8,334202E-4	1,954687E+3	-1,070502E-4	1,954687E+3	9,328174E-4	1,954687E+3	-6,810873E-4	1,954687E+3	3,409390E-4	1,954687E+3	-1,530121E-4	1,954687E+3	6,654838E-4
1,956250E+3	-1,176990E-4	1,956250E+3	8,320380E-4	1,956250E+3	-1,072748E-4	1,956250E+3	9,207860E-4	1,956250E+3	-6,809956E-4	1,956250E+3	3,457966E-4	1,956250E+3	-1,516100E-4	1,956250E+3	6,175119E-4
1,957812E+3	-1,170649E-4	1,957812E+3	8,293001E-4	1,957812E+3	-1,069342E-4	1,957812E+3	9,187680E-4	1,957812E+3	-6,788471E-4	1,957812E+3	3,510400E-4	1,957812E+3	-1,364731E-4	1,957812E+3	6,086630E-4
1,959375E+3	-1,162938E-4	1,959375E+3	8,269648E-4	1,959375E+3	-1,065060E-4	1,959375E+3	9,171481E-4	1,959375E+3	-6,765226E-4	1,959375E+3	3,569910E-4	1,959375E+3	-1,219436E-4	1,959375E+3	6,008760E-4
1,960937E+3	-1,165216E-4	1,960937E+3	8,028990E-4	1,960937E+3	-1,056254E-4	1,960937E+3	9,215856E-4	1,960937E+3	-6,746634E-4	1,960937E+3	3,606723E-4	1,960937E+3	-1,225167E-4	1,960937E+3	6,177561E-4
1,962500E+3	-1,162623E-4	1,962500E+3	7,798421E-4	1,962500E+3	-1,047022E-4	1,962500E+3	9,262055E-4	1,962500E+3	-6,727388E-4	1,962500E+3	3,651712E-4	1,962500E+3	-1,229960E-4	1,962500E+3	6,344405E-4
1,964062E+3	-1,168722E-4	1,964062E+3	7,575434E-4	1,964062E+3	-1,031120E-4	1,964062E+3	9,339330E-4	1,964062E+3	-6,719338E-4	1,964062E+3	3,659226E-4	1,964062E+3	-1,240295E-4	1,964062E+3	6,520907E-4
1,965625E+3	-1,170260E-4	1,965625E+3	7,363910E-4	1,965625E+3	-1,015108E-4	1,965625E+3	9,417143E-4	1,965625E+3	-6,708517E-4	1,965625E+3	3,677310E-4	1,965625E+3	-1,249437E-4	1,965625E+3	6,694882E-4
1,967187E+3	-1,162870E-4	1,967187E+3	7,342120E-4	1,967187E+3	-1,089940E-4	1,967187E+3	7,590435E-4	1,967187E+3	-6,693721E-4	1,967187E+3	3,694511E-4	1,967187E+3	-1,196490E-4	1,967187E+3	5,141147E-4
1,968750E+3	-1,154114E-4	1,968750E+3	7,325858E-4	1,968750E+3	-1,080220E-4	1,968750E+3	5,855004E-4	1,968750E+3	-6,675954E-4	1,968750E+3	3,721889E-4	1,968750E+3	-1,089768E-4	1,968750E+3	3,792178E-4
1,970312E+3	-1,144991E-4	1,970312E+3	7,342806E-4	1,970312E+3	-9,094988E-5	1,970312E+3	5,772760E-4	1,970312E+3	-6,658109E-4	1,970312E+3	3,750619E-4	1,970312E+3	-1,081176E-4	1,970312E+3	3,914389E-4
1,971875E+3	-1,134859E-4	1,971875E+3	7,363798E-4	1,971875E+3	-7,477588E-5	1,971875E+3	5,703265E-4	1,971875E+3	-6,636273E-4	1,971875E+3	3,789158E-4	1,971875E+3	-1,072190E-4	1,971875E+3	4,039034E-4
1,973437E+3	-1,177347E-4	1,973437E+3	6,475062E-4	1,973437E+3	-7,553859E-5	1,973437E+3	5,900118E-4	1,973437E+3	-6,623926E-4	1,973437E+3	3,808554E-4	1,973437E+3	-1,062227E-4	1,973437E+3	4,097025E-4
1,975000E+3	-1,191061E-4	1,975000E+3	5,635955E-4	1,975000E+3	-7,621216E-5	1,975000E+3	6,094674E-4	1,975000E+3	-6,606394E-4	1,975000E+3	3,838655E-4	1,975000E+3	-1,051544E-4	1,975000E+3	4,161555E-4
1,976562E+3	-1,179597E-4	1,976562E+3	5,740208E-4	1,976562E+3	-7,711508E-5	1,976562E+3	6,296680E-4	1,976562E+3	-6,588483E-4	1,976562E+3	3,840244E-4	1,976562E+3	-1,039666E-4	1,976562E+3	4,120076E-4
1,978125E+3	-1,168037E-4	1,978125E+3	5,843820E-4	1,978125E+3	-7,791677E-5	1,978125E+3	6,495868E-4	1,978125E+3	-6,565432E-4	1,978125E+3	3,854550E-4	1,978125E+3	-1,026087E-4	1,978125E+3	4,094204E-4
1,979687E+3	-1,156996E-4	1,979687E+3	5,994058E-4	1,979687E+3	-7,837161E-5	1,979687E+3	6,695502E-4	1,979687E+3	-6,518116E-4	1,979687E+3	3,882099E-4	1,979687E+3	-1,015059E-4	1,979687E+3	4,055175E-4
1,981250E+3	-1,146519E-4	1,981250E+3	6,139278E-4	1,981250E+3	-7,874442E-5	1,981250E+3	6,892133E-4	1,981250E+3	-6,468490E-4	1,981250E+3	3,920792E-4	1,981250E+3	-1,002204E-4	1,981250E+3	4,032619E-4
1,982812E+3	-1,130498E-4	1,982812E+3	6,287984E-4	1,982812E+3	-7,295377E-5	1,982812E+3	5,425595E-4	1,982812E+3	-6,409496E-4	1,982812E+3	3,948133E-4	1,982812E+3	-9,840358E-5	1,982812E+3	3,990527E-4
1,984375E+3	-1,114648E-4	1,984375E+3	6,433514E-4	1,984375E+3	-6,331601E-5	1,984375E+3	4,186896E-4	1,984375E+3	-6,348784E-4	1,984375E+3	3,987189E-4	1,984375E+3	-9,646893E-5	1,984375E+3	3,966572E-4
1,985937E+3	-9,548287E-5	1,985937E+3	4,829234E-4	1,985937E+3	-6,221177E-5	1,985937E+3	4,224061E-4	1,985937E+3	-6,287799E-4	1,985937E+3	4,026376E-4	1,985937E+3	-9,444563E-5	1,985937E+3	3,962752E-4
1,987500E+3	-7,645314E-5	1,987500E+3	3,430301E-4	1,987500E+3	-6,104393E-5	1,987500E+3	4,271658E-4	1,987500E+3	-6,225181E-4	1,987500E+3	4,076235E-4	1,987500E+3	-9,238216E-5	1,987500E+3	3,974079E-4
1,989062E+3	-7,602625E-5	1,989062E+3	3,558098E-4	1,989062E+3	-5,964495E-5	1,989062E+3	4,321677E-4	1,989062E+3	-6,169292E-4	1,989062E+3	4,099811E-4	1,989062E+3	-9,080683E-5	1,989062E+3	3,976243E-4
1,990625E+3	-7,553269E-5	1,990625E+3	3,689292E-4	1,990625E+3	-5,820268E-5	1,990625E+3	4,381408E-4	1,990625E+3	-6,111185E-4	1,990625E+3	4,135788E-4	1,990625E+3	-8,918699E-5	1,990625E+3	3,992926E-4
1,992187E+3	-7,465273E-5	1,992187E+3	3,739965E-4	1,992187E+3	-5,674627E-5	1,992187E+3	4,418380E-4	1,992187E+3	-6,043511E-4	1,992187E+3	4,175582E-4	1,992187E+3	-8,836478E-5	1,992187E+3	3,990135E-4
1,993750E+3	-7,367850E-5	1,993750E+3	3,800077E-4	1,993750E+3	-5,526061E-5	1,993750E+3	4,466587E-4	1,993750E+3	-5,975045E-4	1,993750E+3	4,226224E-4	1,993750E+3	-8,744622E-5	1,993750E+3	4,002021E-4
1,995312E+3	-7,251493E-5	1,995312E+3	3,744545E-4	1,995312E+3	-5,843744E-5	1,995312E+3	4,331371E-4	1,995312E+3	-5,897796E-4	1,995312E+3	4,267777E-4	1,995312E+3	-8,655722E-5	1,995312E+3	4,006788E-4
1,996875E+3	-7,116154E-5	1,996875E+3	3,708947E-4	1,996875E+3	-6,142674E-5	1,996875E+3	4,186218E-4	1,996875E+3	-5,820062E-4	1,996875E+3	4,320447E-4	1,996875E+3	-8,554121E-5	1,996875E+3	4,027721E-4
1,998437E+3	-7,020547E-5	1,998437E+3	3,683723E-4	1,998437E+3	-6,030170E-5	1,998437E+3	4,211360E-4	1,998437E+3	-5,742074E-4	1,998437E+3	4,351683E-4	1,998437E+3	-8,447542E-5	1,998437E+3	4,031709E-4
2,000000E+3	-6,905183E-5	2,000000E+3	3,677369E-4	2,000000E+3	-5,911517E-5	2,000000E+3	4,250817E-4	2,000000E+3	-5,662787E-4	2,000000E+3	4,395793E-4	2,000000E+3	-8,323920E-5	2,000000E+3	4,055257E-4
2,001562E+3	-6,809042E-5	2,001562E+3	3,683304E-4	2,001562E+3	-5,813360E-5	2,001562E+3	4,270591E-4	2,001562E+3	-5,582265E-4	2,001562E+3	4,423128E-4	2,001562E+3	-8,193834E-5	2,001562E+3	4,033262E-4
2,003125E+3	-6,694626E-5	2,003125E+3	3,706663E-4	2,003125E+3	-5,705670E-5	2,003125E+3	4,306779E-4	2,003125E+3	-5,500724E-4	2,003125E+3	4,463967E-4	2,003125E+3	-8,040559E-5	2,003125E+3	4,038268E-4
2,004687E+3	-6,561438E-5	2,004687E+3	3,723773E-4	2,004687E+3	-5,610294E-5	2,004687E+3	4,319845E-4	2,004687E+3	-5,416461E-4	2,004687E+3	4,496996E-4	2,004687E+3	-7,915368E-5	2,004687E+3	4,053954E-4
2,006250E+3	-6,413233E-5	2,006250E+3	3,758608E-4	2,006250E+3	-5,499718E-5	2,006250E+3	4,351516E-4	2,006250E+3	-5,331271E-4	2,006250E+3	4,542928E-4	2,006250E+3	-7,771612E-5	2,006250E+3	4,093014E-4
2,007812E+3	-7,040433E-5	2,007812E+3	3,581660E-4	2,007812E+3	-5,418836E-5	2,007812E+3	4,314570E-4	2,007812E+3	-5,243380E-4	2,007812E+3	4,568558E-4	2,007812E+3	-7,639228E-5	2,007812E+3	4,130114E-4
2,009375E+3	-7,584856E-5	2,009375E+3	3,382770E-4	2,009375E+3	-5,308395E-5	2,009375E+3	4,306365E-4	2,009375E+3	-5,154829E-4	2,009375E+3	4,607827E-4	2,009375E+3	-7,489809E-5	2,009375E+3	4,188730E-4
2,010937E+3	-7,433765E-5	2,010937E+3	3,367169E-4	2,010937E+3	-5,217692E-5	2,010937E+3	4,265517E-4	2,010937E+3	-5,066537E-4	2,010937E+3	4,601875E-4	2,010937E+3	-7,345881E-5	2,010937E+3	4,249129E-4
2,012500E+3	-7,271240E-5	2,012500E+3	3,373389E-4	2,012500E+3	-5,088773E-5	2,012500E+3	4,257777E-4	2,012500E+3	-4,977632E-4	2,012500E+3	4,613525E-4	2,012500E+3	-7,186003E-5	2,012500E+3	4,329316E-4
2,014062E+3	-7,107309E-5	2,014062E+3	3,362191E-4	2,014062E+3	-4,968471E-5	2,014062E+3	4,263773E-4	2,014062E+3	-4,895203E-4	2,014062E+3	4,587064E-4	2,014062E+3	-7,007564E-5	2,014062E+3	4,390299E-4
2,015625E+3	-6,931264E-5	2,015625E+3	3,374539E-4	2,015625E+3	-4,817498E-5	2,015625E+3	4,297989E-4	2,015625E+3	-4,811853E-4	2,015625E+3	4,580886E-4	2,015625E+3	-6,807954E-5	2,015625E+3	4,473204E-4
2,017187E+3	-6,776416E-5	2,017187E+3	3,388701E-4	2,017187E+3	-4,690288E-5	2,017187E+3	4,349844E-4	2,017187E+3	-4,719729E-4	2,017187E+3	4,541411E-4	2,017187E+3	-6,621470E-5	2,017187E+3	4,528296E-4
2,018750E+3	-6,608119E-5	2,018750E+3	3,425196E-4	2,018750E+3	-4,540410E-5	2,018750E+3	4,424254E-4	2,018750E+3	-4,626914E-4	2,018750E+3	4,527109E-4	2,018750E+3	-6,398126E-5	2,018750E+3	4,610239E-4
2,020312E+3	-6,450543E-5	2,020312E+3	3,426000E-4	2,020312E+3	-5,265237E-5	2,020312E+3	3,559225E-4	2,020312E+3	-4,537161E-4	2,020312E+3	4,520082E-4	2,020312E+3	-6,171105E-5	2,020312E+3	4,671862E-4
2,021875E+3	-6,271936E-5	2,021875E+3	3,453798E-4	2,021875E+3	-5,569003E-5	2,021875E+3	2,760741E-4	2,021875E+3	-4,446809E-4	2,021875E+3	4,534401E-4	2,021875E+3	-5,895132E-5	2,021875E+3	4,761539E-4
2,023437E+3	-6,091875E-5	2,023437E+3	3,439799E-4	2,023437E+3	-5,435065E-5	2,023437E+3	2,845773E-4	2,023437E+3	-4,364617E-4	2,023437E+3	4,545895E-4	2,023437E+3	-5,645828E-5	2,023437E+3	4,833495E-4
2,025000E+3	-5,883159E-5	2,025000E+3	3,459130E-4	2,025000E+3	-5,283305E-5	2,025000E+3	2,950491E-4	2,025000E+3	-4,281764E-4	2,025000E+3	4,575080E-4	2,025000E+3	-5,341436E-5	2,025000E+3	4,934150E-4
2,026562E+3	-5,698631E-5	2,026562E+3	3,498136E-4	2,026562E+3	-5,161633E-5	2,026562E+3	3,050514E-4	2,026562E+3	-4,207196E-4	2,026562E+3	4,584525E-4	2,026562E+3	-5,141265E-5	2,026562E+3	5,009656E-4
2,028125E+3	-5,490066E-5	2,028125E+3	3,565236E-4	2,028125E+3	-5,023312E-5	2,028125E+3	3,169731E-4	2,028125E+3	-4,131405E-4	2,028125E+3	4,610935E-4	2,028125E+3	-4,868642E-5	2,028125E+3	5,115092E-4
2,029687E+3	-5,318497E-5	2,029687E+3	3,662337E-4	2,029687E+3	-4,925185E-5	2,029687E+3	3,272172E-4	2,029687E+3	-4,051663E-4	2,029687E+3	4,609057E-4	2,029687E+3	-6,308965E-5	2,029687E+3	4,000663E-4
2,031250E+3	-5,123532E-5	2,031250E+3	3,780289E-4	2,031250E+3	-4,800015E-5	2,031250E+3	3,395525E-4	2,031250E+3	-3,970456E-4	2,031250E+3	4,627729E-4	2,031250E+3	-6,888591E-5	2,031250E+3	3,025885E-4
2,032812E+3	-5,526942E-5	2,032812E+3	3,424515E-4	2,032812E+3	-4,725246E-5	2,032812E+3	3,470979E-4	2,032812E+3	-3,881227E-4	2,032812E+3	4,604098E-4	2,032812E+3	-7,024455E-5	2,032812E+3	2,822845E-4
2,034375E+3	-5,740249E-5	2,034375E+3	3,106820E-4	2,034375E+3	-4,590867E-5	2,034375E+3	3,577890E-4	2,034375E+3	-3,789957E-4	2,034375E+3	4,609147E-4	2,034375E+3	-6,946666E-5	2,034375E+3	2,675573E-4
2,035937E+3	-5,773524E-5	2,035937E+3	3,074831E-4	2,035937E+3	-4,520343E-5	2,035937E+3	3,652950E-4	2,035937E+3	-3,701231E-4	2,035937E+3	4,588033E-4	2,035937E+3	-7,236257E-5	2,035937E+3	2,350413E-4
2,037500E+3	-5,772038E-5	2,037500E+3	3,064640E-4	2,037500E+3	-4,361862E-5	2,037500E+3	3,765987E-4	2,037500E+3	-3,610215E-4	2,037500E+3	4,597691E-4	2,037500E+3	-7,180420E-5	2,037500E+3	2,101394E-4
2,039062E+3	-5,712510E-5	2,039062E+3	3,019278E-4	2,039062E+3	-4,272873E-5	2,039062E+3	3,861007E-4	2,039062E+3	-3,530291E-4	2,039062E+3	4,575468E-4	2,039062E+3	-7,324757E-5	2,039062E+3	2,041105E-4
2,040625E+3	-5,616774E-5	2,040625E+3	3,006001E-4	2,040625E+3	-4,080981E-5	2,040625E+3	3,994742E-4	2,040625E+3	-3,447703E-4	2,040625E+3	4,584055E-4	2,040625E+3	-7,017262E-5	2,040625E+3	2,029716E-4
2,042187E+3	-5,592985E-5	2,042187E+3	2,960362E-4	2,042187E+3	-4,028398E-5	2,042187E+3	4,089468E-4	2,042187E+3	-3,373129E-4	2,042187E+3	4,558726E-4	2,042187E+3	-7,360993E-5	2,042187E+3	2,012448E-4
2,043750E+3	-5,515483E-5	2,043750E+3	2,949778E-4	2,043750E+3	-3,794170E-5	2,043750E+3	4,232403E-4	2,043750E+3	-3,294095E-4	2,043750E+3	4,567392E-4	2,043750E+3	-6,935415E-5	2,043750E+3	2,018773E-4
2,045312E+3	-5,532228E-5	2,045312E+3	2,936653E-4	2,045312E+3	-4,255721E-5	2,045312E+3	3,568143E-4	2,045312E+3	-3,222672E-4	2,045312E+3	4,507925E-4	2,045312E+3	-7,195528E-5	2,045312E+3	2,057604E-4
2,046875E+3	-5,488173E-5	2,046875E+3	2,954257E-4	2,046875E+3	-4,238786E-5	2,046875E+3	3,044995E-4	2,046875E+3	-3,139062E-4	2,046875E+3	4,499352E-4	2,046875E+3	-6,883737E-5	2,046875E+3	2,082357E-4
2,048437E+3	-5,478039E-5	2,048437E+3	2,933684E-4	2,048437E+3	-4,438461E-5	2,048437E+3	2,998556E-4	2,048437E+3	-3,072872E-4	2,048437E+3	4,423713E-4	2,048437E+3	-7,008117E-5	2,048437E+3	2,143959E-4
2,050000E+3	-5,388121E-5	2,050000E+3	2,950775E-4	2,050000E+3	-4,241265E-5	2,050000E+3	2,999507E-4	2,050000E+3	-2,980855E-4	2,050000E+3	4,412802E-4	2,050000E+3	-6,829887E-5	2,050000E+3	2,189434E-4
2,051562E+3	-5,363532E-5	2,051562E+3	2,913470E-4	2,051562E+3	-4,502877E-5	2,051562E+3	3,031989E-4	2,051562E+3	-2,926757E-4	2,051562E+3	4,377018E-4	2,051562E+3	-6,858577E-5	2,051562E+3	2,238180E-4
2,053125E+3	-5,227454E-5	2,053125E+3	2,919944E-4	2,053125E+3	-4,250468E-5	2,053125E+3	3,090113E-4	2,053125E+3	-2,834670E-4	2,053125E+3	4,395228E-4	2,053125E+3	-6,707276E-5	2,053125E+3	2,277915E-4
2,054687E+3	-5,215081E-5	2,054687E+3	2,895201E-4	2,054687E+3	-4,551096E-5	2,054687E+3	3,118155E-4	2,054687E+3	-2,792886E-4	2,054687E+3	4,392279E-4	2,054687E+3	-6,692203E-5	2,054687E+3	2,313798E-4
2,056250E+3	-5,073924E-5	2,056250E+3	2,911778E-4	2,056250E+3	-4,288745E-5	2,056250E+3	3,145314E-4	2,056250E+3	-2,697596E-4	2,056250E+3	4,423647E-4	2,056250E+3	-6,565196E-5	2,056250E+3	2,349254E-4
2,057812E+3	-5,117064E-5	2,057812E+3	2,877282E-4	2,057812E+3	-4,516287E-5	2,057812E+3	3,140745E-4	2,057812E+3	-2,660562E-4	2,057812E+3	4,436858E-4	2,057812E+3	-6,611707E-5	2,057812E+3	2,295516E-4
2,059375E+3	-4,952238E-5	2,059375E+3	2,891128E-4	2,059375E+3	-4,264249E-5	2,059375E+3	3,118593E-4	2,059375E+3	-2,564144E-4	2,059375E+3	4,455351E-4	2,059375E+3	-6,527243E-5	2,059375E+3	2,253283E-4
2,060937E+3	-5,035511E-5	2,060937E+3	2,900011E-4	2,060937E+3	-4,340631E-5	2,060937E+3	3,118174E-4	2,060937E+3	-2,525571E-4	2,060937E+3	4,445080E-4	2,060937E+3	-6,544553E-5	2,060937E+3	2,204871E-4
2,062500E+3	-4,807303E-5	2,062500E+3	2,956465E-4	2,062500E+3	-4,130779E-5	2,062500E+3	3,103536E-4	2,062500E+3	-2,444279E-4	2,062500E+3	4,424140E-4	2,062500E+3	-6,443443E-5	2,062500E+3	2,168352E-4
2,064062E+3	-5,014887E-5	2,064062E+3	2,973236E-4	2,064062E+3	-4,126715E-5	2,064062E+3	3,117060E-4	2,064062E+3	-2,400786E-4	2,064062E+3	4,404301E-4	2,064062E+3	-6,376599E-5	2,064062E+3	2,195292E-4
2,065625E+3	-4,725868E-5	2,065625E+3	3,030935E-4	2,065625E+3	-3,965134E-5	2,065625E+3	3,125030E-4	2,065625E+3	-2,331949E-4	2,065625E+3	4,376103E-4	2,065625E+3	-6,238281E-5	2,065625E+3	2,230145E-4
2,067187E+3	-4,989965E-5	2,067187E+3	3,032003E-4	2,067187E+3	-3,932096E-5	2,067187E+3	3,115022E-4	2,067187E+3	-2,281398E-4	2,067187E+3	4,373847E-4	2,067187E+3	-6,249736E-5	2,067187E+3	2,244021E-4
2,068750E+3	-4,701140E-5	2,068750E+3	3,051575E-4	2,068750E+3	-3,804961E-5	2,068750E+3	3,111613E-4	2,068750E+3	-2,212959E-4	2,068750E+3	4,365327E-4	2,068750E+3	-6,191287E-5	2,068750E+3	2,275169E-4
2,070312E+3	-4,900369E-5	2,070312E+3	3,025956E-4	2,070312E+3	-3,795765E-5	2,070312E+3	3,074222E-4	2,070312E+3	-2,161170E-4	2,070312E+3	4,347771E-4	2,070312E+3	-5,826156E-5	2,070312E+3	2,176260E-4
2,071875E+3	-4,642666E-5	2,071875E+3	3,004473E-4	2,071875E+3	-3,697888E-5	2,071875E+3	3,051536E-4	2,071875E+3	-2,091810E-4	2,071875E+3	4,324258E-4	2,071875E+3	-4,905143E-5	2,071875E+3	1,999639E-4
2,073437E+3	-4,767185E-5	2,073437E+3	2,971494E-4	2,073437E+3	-3,728301E-5	2,073437E+3	3,056131E-4	2,073437E+3	-2,042698E-4	2,073437E+3	4,318104E-4	2,073437E+3	-4,398071E-5	2,073437E+3	2,037147E-4
2,075000E+3	-4,529130E-5	2,075000E+3	2,937589E-4	2,075000E+3	-3,681351E-5	2,075000E+3	3,073961E-4	2,075000E+3	-1,983078E-4	2,075000E+3	4,313260E-4	2,075000E+3	-3,683933E-5	2,075000E+3	2,078625E-4
2,076562E+3	-4,546550E-5	2,076562E+3	2,961906E-4	2,076562E+3	-3,707432E-5	2,076562E+3	3,098176E-4	2,076562E+3	-1,935618E-4	2,076562E+3	4,319259E-4	2,076562E+3	-3,774778E-5	2,076562E+3	2,238966E-4
2,078125E+3	-4,369269E-5	2,078125E+3	2,989491E-4	2,078125E+3	-3,659867E-5	2,078125E+3	3,135733E-4	2,078125E+3	-1,880412E-4	2,078125E+3	4,330106E-4	2,078125E+3	-3,825148E-5	2,078125E+3	2,409428E-4
2,079687E+3	-4,377616E-5	2,079687E+3	3,051047E-4	2,079687E+3	-3,685088E-5	2,079687E+3	3,171846E-4	2,079687E+3	-1,836437E-4	2,079687E+3	4,330155E-4	2,079687E+3	-3,935287E-5	2,079687E+3	2,522667E-4
2,081250E+3	-4,265070E-5	2,081250E+3	3,119886E-4	2,081250E+3	-3,642357E-5	2,081250E+3	3,223286E-4	2,081250E+3	-1,784604E-4	2,081250E+3	4,337570E-4	2,081250E+3	-3,978137E-5	2,081250E+3	2,652996E-4
2,082812E+3	-4,304732E-5	2,082812E+3	3,155853E-4	2,082812E+3	-3,672471E-5	2,082812E+3	3,237367E-4	2,082812E+3	-1,744166E-4	2,082812E+3	4,332038E-4	2,082812E+3	-4,058619E-5	2,082812E+3	2,755072E-4
2,084375E+3	-4,217933E-5	2,084375E+3	3,207196E-4	2,084375E+3	-3,627391E-5	2,084375E+3	3,276568E-4	2,084375E+3	-1,695050E-4	2,084375E+3	4,336271E-4	2,084375E+3	-4,062759E-5	2,084375E+3	2,877363E-4
2,085937E+3	-4,283325E-5	2,085937E+3	3,196583E-4	2,085937E+3	-3,686217E-5	2,085937E+3	3,260653E-4	2,085937E+3	-1,659793E-4	2,085937E+3	4,342950E-4	2,085937E+3	-4,101891E-5	2,085937E+3	2,947673E-4
2,087500E+3	-4,184491E-5	2,087500E+3	3,215630E-4	2,087500E+3	-3,637756E-5	2,087500E+3	3,281552E-4	2,087500E+3	-1,615809E-4	2,087500E+3	4,361471E-4	2,087500E+3	-4,040963E-5	2,087500E+3	3,046501E-4
2,089062E+3	-4,254848E-5	2,089062E+3	3,199596E-4	2,089062E+3	-3,671980E-5	2,089062E+3	3,317676E-4	2,089062E+3	-1,580116E-4	2,089062E+3	4,364398E-4	2,089062E+3	-4,032329E-5	2,089062E+3	3,122511E-4
2,090625E+3	-4,135737E-5	2,090625E+3	3,222623E-4	2,090625E+3	-3,611321E-5	2,090625E+3	3,382754E-4	2,090625E+3	-1,535384E-4	2,090625E+3	4,383654E-4	2,090625E+3	-3,915208E-5	2,090625E+3	3,229103E-4
2,092187E+3	-4,034478E-5	2,092187E+3	3,151753E-4	2,092187E+3	-3,659396E-5	2,092187E+3	3,431080E-4	2,092187E+3	-1,500777E-4	2,092187E+3	4,387378E-4	2,092187E+3	-4,297292E-5	2,092187E+3	3,151942E-4
2,093750E+3	-3,472892E-5	2,093750E+3	3,096033E-4	2,093750E+3	-3,596481E-5	2,093750E+3	3,509208E-4	2,093750E+3	-1,455995E-4	2,093750E+3	4,410081E-4	2,093750E+3	-4,222443E-5	2,093750E+3	3,152396E-4
2,095312E+3	-3,754722E-5	2,095312E+3	3,118064E-4	2,095312E+3	-3,231293E-5	2,095312E+3	3,387357E-4	2,095312E+3	-1,389818E-4	2,095312E+3	4,322057E-4	2,095312E+3	-4,497623E-5	2,095312E+3	3,199968E-4
2,096875E+3	-3,696310E-5	2,096875E+3	3,193418E-4	2,096875E+3	-2,233400E-5	2,096875E+3	3,292081E-4	2,096875E+3	-1,290195E-4	2,096875E+3	4,250679E-4	2,096875E+3	-4,430291E-5	2,096875E+3	3,290715E-4
2,098437E+3	-3,970702E-5	2,098437E+3	3,202664E-4	2,098437E+3	-2,469212E-5	2,098437E+3	3,270306E-4	2,098437E+3	-1,242361E-4	2,098437E+3	4,250083E-4	2,098437E+3	-4,863044E-5	2,098437E+3	3,290094E-4
2,100000E+3	-3,759840E-5	2,100000E+3	3,276360E-4	2,100000E+3	-2,301302E-5	2,100000E+3	3,325351E-4	2,100000E+3	-1,178986E-4	2,100000E+3	4,282051E-4	2,100000E+3	-4,657435E-5	2,100000E+3	3,350010E-4
2,101562E+3	-4,042274E-5	2,101562E+3	3,311684E-4	2,101562E+3	-2,716890E-5	2,101562E+3	3,253962E-4	2,101562E+3	-1,172724E-4	2,101562E+3	4,293706E-4	2,101562E+3	-4,902160E-5	2,101562E+3	3,506997E-4
2,103125E+3	-3,714206E-5	2,103125E+3	3,405711E-4	2,103125E+3	-2,296357E-5	2,103125E+3	3,298318E-4	2,103125E+3	-1,142409E-4	2,103125E+3	4,333688E-4	2,103125E+3	-4,838362E-5	2,103125E+3	3,683836E-4
2,104687E+3	-4,215635E-5	2,104687E+3	3,432380E-4	2,104687E+3	-2,869646E-5	2,104687E+3	3,300121E-4	2,104687E+3	-1,135250E-4	2,104687E+3	4,353297E-4	2,104687E+3	-4,959409E-5	2,104687E+3	3,817273E-4
2,106250E+3	-3,691071E-5	2,106250E+3	3,509868E-4	2,106250E+3	-2,319143E-5	2,106250E+3	3,384730E-4	2,106250E+3	-1,100611E-4	2,106250E+3	4,400395E-4	2,106250E+3	-4,658663E-5	2,106250E+3	3,979347E-4
2,107812E+3	-4,417770E-5	2,107812E+3	3,538087E-4	2,107812E+3	-3,082838E-5	2,107812E+3	3,441542E-4	2,107812E+3	-1,097723E-4	2,107812E+3	4,406766E-4	2,107812E+3	-5,949542E-5	2,107812E+3	3,949190E-4
2,109375E+3	-3,654769E-5	2,109375E+3	3,569283E-4	2,109375E+3	-2,413345E-5	2,109375E+3	3,519834E-4	2,109375E+3	-1,057609E-4	2,109375E+3	4,443132E-4	2,109375E+3	-5,261224E-5	2,109375E+3	3,920486E-4
2,110937E+3	-3,845629E-5	2,110937E+3	3,667771E-4	2,110937E+3	-3,066656E-5	2,110937E+3	3,617798E-4	2,110937E+3	-1,045409E-4	2,110937E+3	4,450328E-4	2,110937E+3	-7,120057E-5	2,110937E+3	3,768578E-4
2,112500E+3	-2,789467E-5	2,112500E+3	3,770501E-4	2,112500E+3	-2,496363E-5	2,112500E+3	3,669588E-4	2,112500E+3	-9,766964E-5	2,112500E+3	4,517614E-4	2,112500E+3	-5,118980E-5	2,112500E+3	3,428433E-4
2,114062E+3	-3,194407E-5	2,114062E+3	3,897920E-4	2,114062E+3	-2,920671E-5	2,114062E+3	3,780522E-4	2,114062E+3	-9,989047E-5	2,114062E+3	4,550301E-4	2,114062E+3	-5,326002E-5	2,114062E+3	3,492155E-4
2,115625E+3	-2,944383E-5	2,115625E+3	3,958346E-4	2,115625E+3	-2,581032E-5	2,115625E+3	3,822865E-4	2,115625E+3	-9,633904E-5	2,115625E+3	4,596712E-4	2,115625E+3	-4,901530E-5	2,115625E+3	3,491773E-4
2,117187E+3	-3,259532E-5	2,117187E+3	4,071550E-4	2,117187E+3	-2,870170E-5	2,117187E+3	3,933188E-4	2,117187E+3	-9,908941E-5	2,117187E+3	4,625708E-4	2,117187E+3	-4,987821E-5	2,117187E+3	3,634671E-4
2,118750E+3	-3,122935E-5	2,118750E+3	4,115327E-4	2,118750E+3	-2,716767E-5	2,118750E+3	3,978904E-4	2,118750E+3	-9,518924E-5	2,118750E+3	4,655709E-4	2,118750E+3	-4,876982E-5	2,118750E+3	3,747475E-4
2,120312E+3	-3,399314E-5	2,120312E+3	4,167535E-4	2,120312E+3	-2,974280E-5	2,120312E+3	4,066047E-4	2,120312E+3	-9,674937E-5	2,120312E+3	4,709453E-4	2,120312E+3	-4,947508E-5	2,120312E+3	3,938833E-4
2,121875E+3	-3,225303E-5	2,121875E+3	4,130719E-4	2,121875E+3	-2,920510E-5	2,121875E+3	4,087436E-4	2,121875E+3	-9,271610E-5	2,121875E+3	4,753104E-4	2,121875E+3	-4,940057E-5	2,121875E+3	4,114373E-4
2,123437E+3	-3,364726E-5	2,123437E+3	4,205873E-4	2,123437E+3	-3,102380E-5	2,123437E+3	4,162265E-4	2,123437E+3	-9,359454E-5	2,123437E+3	4,818994E-4	2,123437E+3	-4,989756E-5	2,123437E+3	4,306614E-4
2,125000E+3	-3,257820E-5	2,125000E+3	4,222117E-4	2,125000E+3	-3,058079E-5	2,125000E+3	4,179959E-4	2,125000E+3	-8,971962E-5	2,125000E+3	4,867084E-4	2,125000E+3	-4,975190E-5	2,125000E+3	4,484614E-4
2,126562E+3	-3,376333E-5	2,126562E+3	4,319226E-4	2,126562E+3	-3,185231E-5	2,126562E+3	4,249594E-4	2,126562E+3	-9,128501E-5	2,126562E+3	4,901181E-4	2,126562E+3	-4,989114E-5	2,126562E+3	4,648500E-4
2,128125E+3	-3,357006E-5	2,128125E+3	4,374543E-4	2,128125E+3	-3,146428E-5	2,128125E+3	4,270963E-4	2,128125E+3	-8,740374E-5	2,128125E+3	4,902188E-4	2,128125E+3	-4,916668E-5	2,128125E+3	4,794160E-4
2,129687E+3	-3,466125E-5	2,129687E+3	4,468918E-4	2,129687E+3	-3,248963E-5	2,129687E+3	4,287504E-4	2,129687E+3	-8,794769E-5	2,129687E+3	5,029725E-4	2,129687E+3	-5,332082E-5	2,129687E+3	4,614282E-4
2,131250E+3	-3,471926E-5	2,131250E+3	4,526759E-4	2,131250E+3	-3,172769E-5	2,131250E+3	4,245837E-4	2,131250E+3	-8,481219E-5	2,131250E+3	5,142040E-4	2,131250E+3	-5,211557E-5	2,131250E+3	4,265962E-4
2,132812E+3	-3,601670E-5	2,132812E+3	4,593279E-4	2,132812E+3	-3,253677E-5	2,132812E+3	4,259305E-4	2,132812E+3	-8,576525E-5	2,132812E+3	5,173754E-4	2,132812E+3	-5,548501E-5	2,132812E+3	4,092680E-4
2,134375E+3	-3,640738E-5	2,134375E+3	4,620957E-4	2,134375E+3	-3,208115E-5	2,134375E+3	4,223486E-4	2,134375E+3	-8,340753E-5	2,134375E+3	5,164607E-4	2,134375E+3	-5,630215E-5	2,134375E+3	3,809578E-4
2,135937E+3	-3,806000E-5	2,135937E+3	4,627110E-4	2,135937E+3	-3,296571E-5	2,135937E+3	4,273280E-4	2,135937E+3	-8,388948E-5	2,135937E+3	5,210712E-4	2,135937E+3	-5,645365E-5	2,135937E+3	3,737509E-4
2,137500E+3	-3,876337E-5	2,137500E+3	4,584639E-4	2,137500E+3	-3,317971E-5	2,137500E+3	4,290138E-4	2,137500E+3	-8,216455E-5	2,137500E+3	5,222439E-4	2,137500E+3	-5,507495E-5	2,137500E+3	3,610190E-4
2,139062E+3	-3,992651E-5	2,139062E+3	4,611942E-4	2,139062E+3	-3,404255E-5	2,139062E+3	4,358868E-4	2,139062E+3	-8,240707E-5	2,139062E+3	5,259427E-4	2,139062E+3	-5,561196E-5	2,139062E+3	3,614334E-4
2,140625E+3	-4,039751E-5	2,140625E+3	4,602577E-4	2,140625E+3	-3,445619E-5	2,140625E+3	4,402328E-4	2,140625E+3	-8,076760E-5	2,140625E+3	5,263175E-4	2,140625E+3	-5,544352E-5	2,140625E+3	3,586602E-4
2,142187E+3	-4,076111E-5	2,142187E+3	4,661348E-4	2,142187E+3	-3,549683E-5	2,142187E+3	4,438419E-4	2,142187E+3	-8,080051E-5	2,142187E+3	5,275696E-4	2,142187E+3	-5,505876E-5	2,142187E+3	3,644637E-4
2,143750E+3	-4,058532E-5	2,143750E+3	4,693842E-4	2,143750E+3	-3,609271E-5	2,143750E+3	4,445936E-4	2,143750E+3	-7,900121E-5	2,143750E+3	5,252727E-4	2,143750E+3	-5,416718E-5	2,143750E+3	3,682927E-4
2,145312E+3	-4,110940E-5	2,145312E+3	4,757112E-4	2,145312E+3	-3,711466E-5	2,145312E+3	4,513342E-4	2,145312E+3	-7,930629E-5	2,145312E+3	5,285476E-4	2,145312E+3	-8,521765E-5	2,145312E+3	3,547240E-4
2,146875E+3	-4,123036E-5	2,146875E+3	4,797352E-4	2,146875E+3	-3,783861E-5	2,146875E+3	4,560211E-4	2,146875E+3	-7,839386E-5	2,146875E+3	5,289397E-4	2,146875E+3	-1,230587E-4	2,146875E+3	3,337542E-4
2,148437E+3	-4,262347E-5	2,148437E+3	4,857872E-4	2,148437E+3	-3,877780E-5	2,148437E+3	4,646621E-4	2,148437E+3	-7,889328E-5	2,148437E+3	5,341229E-4	2,148437E+3	-1,269158E-4	2,148437E+3	3,331817E-4
2,150000E+3	-4,379031E-5	2,150000E+3	4,896907E-4	2,150000E+3	-3,947415E-5	2,150000E+3	4,716715E-4	2,150000E+3	-7,852884E-5	2,150000E+3	5,369387E-4	2,150000E+3	-1,305886E-4	2,150000E+3	3,302816E-4
2,151562E+3	-4,576591E-5	2,151562E+3	4,933773E-4	2,151562E+3	-4,220492E-5	2,151562E+3	4,031800E-4	2,151562E+3	-7,819358E-5	2,151562E+3	5,431623E-4	2,151562E+3	-9,810247E-5	2,151562E+3	1,380076E-4
2,153125E+3	-4,758426E-5	2,153125E+3	4,947873E-4	2,153125E+3	-4,132912E-5	2,153125E+3	3,106815E-4	2,153125E+3	-7,713278E-5	2,153125E+3	5,474742E-4	2,153125E+3	-2,826034E-5	2,153125E+3	-1,033541E-4
2,154687E+3	-5,041034E-5	2,154687E+3	4,064478E-4	2,154687E+3	-4,095401E-5	2,154687E+3	3,215651E-4	2,154687E+3	-8,329399E-5	2,154687E+3	4,839270E-4	2,154687E+3	-2,421701E-5	2,154687E+3	-8,715494E-5
2,156250E+3	-4,824547E-5	2,156250E+3	2,907585E-4	2,156250E+3	-4,039058E-5	2,156250E+3	3,315852E-4	2,156250E+3	-8,168347E-5	2,156250E+3	3,963505E-4	2,156250E+3	-1,997876E-5	2,156250E+3	-7,116472E-5
2,157812E+3	-4,796456E-5	2,157812E+3	3,269032E-4	2,157812E+3	-4,085645E-5	2,157812E+3	3,528508E-4	2,157812E+3	-8,178559E-5	2,157812E+3	4,080005E-4	2,157812E+3	-1,626466E-5	2,157812E+3	-5,308518E-5
2,159375E+3	-4,796378E-5	2,159375E+3	3,642965E-4	2,159375E+3	-4,127160E-5	2,159375E+3	3,738842E-4	2,159375E+3	-8,174248E-5	2,159375E+3	4,188794E-4	2,159375E+3	-1,240139E-5	2,159375E+3	-3,514625E-5
2,160937E+3	-4,888316E-5	2,160937E+3	3,910993E-4	2,160937E+3	-4,187196E-5	2,160937E+3	3,971708E-4	2,160937E+3	-5,868228E-5	2,160937E+3	3,690524E-4	2,160937E+3	-9,064893E-6	2,160937E+3	-1,601989E-5
2,162500E+3	-4,977799E-5	2,162500E+3	4,178940E-4	2,162500E+3	-4,243485E-5	2,162500E+3	4,203030E-4	2,162500E+3	-2,590003E-5	2,162500E+3	3,110900E-4	2,162500E+3	-5,607833E-6	2,162500E+3	3,004114E-6
2,164062E+3	-2,690194E-5	2,164062E+3	4,147156E-4	2,164062E+3	-4,437477E-5	2,164062E+3	2,653154E-4	2,164062E+3	-2,502866E-5	2,164062E+3	3,244646E-4	2,164062E+3	-3,629752E-6	2,164062E+3	2,419239E-5
2,165625E+3	-1,633825E-6	2,165625E+3	4,104391E-4	2,165625E+3	-4,027444E-5	2,165625E+3	7,123579E-5	2,165625E+3	-2,406110E-5	2,165625E+3	3,373804E-4	2,165625E+3	-1,586945E-6	2,165625E+3	4,543445E-5
2,167187E+3	-2,165716E-5	2,167187E+3	2,469527E-4	2,167187E+3	-3,400370E-5	2,167187E+3	6,549683E-5	2,167187E+3	-2,332212E-5	2,167187E+3	3,509171E-4	2,167187E+3	-1,927746E-5	2,167187E+3	4,209192E-5
2,168750E+3	-4,281679E-5	2,168750E+3	5,296500E-5	2,168750E+3	-2,707835E-5	2,168750E+3	5,846150E-5	2,168750E+3	-2,250413E-5	2,168750E+3	3,640250E-4	2,168750E+3	-3,768654E-5	2,168750E+3	3,741317E-5
2,170312E+3	-3,837481E-5	2,170312E+3	4,453069E-5	2,170312E+3	-2,537989E-5	2,170312E+3	5,658551E-5	2,170312E+3	-4,550073E-5	2,170312E+3	2,382252E-4	2,170312E+3	-3,344479E-5	2,170312E+3	2,739169E-5
2,171875E+3	-3,338837E-5	2,171875E+3	3,466259E-5	2,171875E+3	-2,343938E-5	2,171875E+3	5,367937E-5	2,171875E+3	-7,028024E-5	2,171875E+3	8,703261E-5	2,171875E+3	-2,858569E-5	2,171875E+3	1,603403E-5
2,173437E+3	-2,881216E-5	2,173437E+3	3,215740E-5	2,173437E+3	-2,005080E-5	2,173437E+3	5,628881E-5	2,173437E+3	-6,445051E-5	2,173437E+3	8,018836E-5	2,173437E+3	-2,803152E-5	2,173437E+3	3,163498E-5
2,175000E+3	-2,383143E-5	2,175000E+3	2,867691E-5	2,175000E+3	-1,640536E-5	2,175000E+3	5,819805E-5	2,175000E+3	-5,791825E-5	2,175000E+3	7,214384E-5	2,175000E+3	-2,820934E-5	2,175000E+3	4,408649E-5
2,176562E+3	-1,957494E-5	2,176562E+3	3,071556E-5	2,176562E+3	-1,208288E-5	2,176562E+3	6,392623E-5	2,176562E+3	-5,198579E-5	2,176562E+3	7,181063E-5	2,176562E+3	-2,430445E-5	2,176562E+3	4,962031E-5
2,178125E+3	-1,502320E-5	2,178125E+3	3,206399E-5	2,178125E+3	-7,518990E-6	2,178125E+3	6,914284E-5	2,178125E+3	-4,556639E-5	2,178125E+3	7,075854E-5	2,178125E+3	-2,011380E-5	2,178125E+3	5,468158E-5
2,179687E+3	-1,144089E-5	2,179687E+3	3,752676E-5	2,179687E+3	-5,011840E-6	2,179687E+3	7,693316E-5	2,179687E+3	-3,884619E-5	2,179687E+3	7,544555E-5	2,179687E+3	-1,767986E-5	2,179687E+3	6,449675E-5
2,181250E+3	-7,650873E-6	2,181250E+3	4,248131E-5	2,181250E+3	-2,373144E-6	2,181250E+3	8,429932E-5	2,181250E+3	-3,174241E-5	2,181250E+3	7,971456E-5	2,181250E+3	-1,507818E-5	2,181250E+3	7,398234E-5
2,182812E+3	-4,923389E-6	2,182812E+3	5,048051E-5	2,182812E+3	-5,617008E-7	2,182812E+3	9,368113E-5	2,182812E+3	-2,730341E-5	2,182812E+3	8,722241E-5	2,182812E+3	-1,023308E-5	2,182812E+3	8,720951E-5
2,184375E+3	-2,057651E-6	2,184375E+3	5,808988E-5	2,184375E+3	1,329392E-6	2,184375E+3	1,027069E-4	2,184375E+3	-2,264492E-5	2,184375E+3	9,440042E-5	2,184375E+3	-5,189016E-6	2,184375E+3	1,002243E-4
2,185937E+3	-5,762507E-8	2,185937E+3	6,776412E-5	2,185937E+3	2,742469E-6	2,185937E+3	1,129124E-4	2,185937E+3	-1,809998E-5	2,185937E+3	1,042096E-4	2,185937E+3	-9,881762E-6	2,185937E+3	1,239808E-4
2,187500E+3	2,037716E-6	2,187500E+3	7,711454E-5	2,187500E+3	4,215079E-6	2,187500E+3	1,227854E-4	2,187500E+3	-1,337309E-5	2,187500E+3	1,137814E-4	2,187500E+3	-1,453160E-5	2,187500E+3	1,456071E-4
2,189062E+3	4,099506E-6	2,189062E+3	8,785705E-5	2,189062E+3	-2,721115E-6	2,189062E+3	2,027473E-4	2,189062E+3	-1,085233E-5	2,189062E+3	1,253095E-4	2,189062E+3	-1,336035E-5	2,189062E+3	1,637575E-4
2,190625E+3	6,244966E-6	2,190625E+3	9,832300E-5	2,190625E+3	-1,181765E-5	2,190625E+3	2,713209E-4	2,190625E+3	-8,239103E-6	2,190625E+3	1,366445E-4	2,190625E+3	-1,206671E-5	2,190625E+3	1,819312E-4
2,192187E+3	7,594672E-6	2,192187E+3	1,098631E-4	2,192187E+3	-1,065858E-5	2,192187E+3	2,877205E-4	2,192187E+3	-5,498200E-6	2,192187E+3	1,490562E-4	2,192187E+3	-1,254342E-5	2,192187E+3	2,015322E-4
2,193750E+3	9,001562E-6	2,193750E+3	1,211513E-4	2,193750E+3	-9,423066E-6	2,193750E+3	3,039713E-4	2,193750E+3	-2,667746E-6	2,193750E+3	1,613006E-4	2,193750E+3	-1,293165E-5	2,193750E+3	2,211752E-4
2,195312E+3	-1,663704E-6	2,195312E+3	2,186129E-4	2,195312E+3	-9,063008E-6	2,195312E+3	3,213750E-4	2,195312E+3	2,105899E-7	2,195312E+3	1,740014E-4	2,195312E+3	-1,298575E-5	2,195312E+3	2,411424E-4
2,196875E+3	-1,620410E-5	2,196875E+3	3,000854E-4	2,196875E+3	-8,654618E-6	2,196875E+3	3,386573E-4	2,196875E+3	3,175703E-6	2,196875E+3	1,865383E-4	2,196875E+3	-1,290184E-5	2,196875E+3	2,611064E-4
2,198437E+3	-1,706198E-5	2,198437E+3	3,186001E-4	2,198437E+3	-8,397793E-6	2,198437E+3	3,570114E-4	2,198437E+3	5,320901E-6	2,198437E+3	1,998171E-4	2,198437E+3	-1,458731E-5	2,198437E+3	2,818179E-4
2,200000E+3	-1,790045E-5	2,200000E+3	3,370178E-4	2,200000E+3	-8,080747E-6	2,200000E+3	3,752625E-4	2,200000E+3	7,517906E-6	2,200000E+3	2,129438E-4	2,200000E+3	-1,608581E-5	2,200000E+3	3,024408E-4
2,201562E+3	-1,837821E-5	2,201562E+3	3,567532E-4	2,201562E+3	-7,832374E-6	2,201562E+3	3,948161E-4	2,201562E+3	1,907461E-6	2,201562E+3	2,683964E-4	2,201562E+3	-1,746594E-5	2,201562E+3	3,233898E-4
2,203125E+3	-1,882651E-5	2,203125E+3	3,764267E-4	2,203125E+3	-7,529670E-6	2,203125E+3	4,142981E-4	2,203125E+3	-5,543686E-6	2,203125E+3	3,221630E-4	2,203125E+3	-1,863162E-5	2,203125E+3	3,442218E-4
2,204687E+3	-1,940916E-5	2,204687E+3	3,980974E-4	2,204687E+3	-2,494623E-6	2,204687E+3	2,073968E-4	2,204687E+3	-4,008120E-6	2,204687E+3	3,394499E-4	2,204687E+3	-2,030182E-5	2,204687E+3	3,663668E-4
2,206250E+3	-1,995496E-5	2,206250E+3	4,197481E-4	2,206250E+3	1,029283E-5	2,206250E+3	2,021406E-6	2,206250E+3	-2,402595E-6	2,206250E+3	3,566721E-4	2,206250E+3	-2,179866E-5	2,206250E+3	3,883773E-4
2,207812E+3	-1,386216E-5	2,207812E+3	2,123328E-4	2,207812E+3	1,100388E-5	2,207812E+3	2,082086E-5	2,207812E+3	-9,563502E-6	2,207812E+3	3,815276E-4	2,207812E+3	-2,347526E-5	2,207812E+3	4,118310E-4
2,209375E+3	1,591867E-6	2,209375E+3	1,239919E-5	2,209375E+3	1,174844E-5	2,209375E+3	3,966525E-5	2,209375E+3	-1,673248E-5	2,209375E+3	4,065360E-4	2,209375E+3	-2,502660E-5	2,209375E+3	4,351465E-4
2,210937E+3	1,288516E-6	2,210937E+3	3,306496E-5	2,210937E+3	1,239260E-5	2,210937E+3	5,858570E-5	2,210937E+3	-7,470243E-6	2,210937E+3	2,189265E-4	2,210937E+3	-2,673948E-5	2,210937E+3	4,600015E-4
2,212500E+3	9,833556E-7	2,212500E+3	5,382012E-5	2,212500E+3	1,306741E-5	2,212500E+3	7,755805E-5	2,212500E+3	1,150235E-5	2,212500E+3	2,938862E-5	2,212500E+3	-2,837051E-5	2,212500E+3	4,847039E-4
2,214062E+3	1,167805E-6	2,214062E+3	7,399352E-5	2,214062E+3	1,312280E-5	2,214062E+3	9,702704E-5	2,214062E+3	1,279006E-5	2,214062E+3	4,674985E-5	2,214062E+3	-2,168109E-5	2,214062E+3	3,681068E-4
2,215625E+3	1,367326E-6	2,215625E+3	9,423559E-5	2,215625E+3	1,318585E-5	2,215625E+3	1,165591E-4	2,215625E+3	1,413018E-5	2,215625E+3	6,407586E-5	2,215625E+3	-6,777281E-6	2,215625E+3	2,599837E-4
2,217187E+3	1,609081E-6	2,217187E+3	1,142635E-4	2,217187E+3	1,394343E-5	2,217187E+3	1,362440E-4	2,217187E+3	1,599738E-5	2,217187E+3	8,058909E-5	2,217187E+3	-8,763964E-6	2,217187E+3	2,819616E-4
2,218750E+3	1,858516E-6	2,218750E+3	1,343478E-4	2,218750E+3	1,471011E-5	2,218750E+3	1,559932E-4	2,218750E+3	1,793162E-5	2,218750E+3	9,705034E-5	2,218750E+3	-1,071574E-5	2,218750E+3	3,037748E-4
2,220312E+3	2,296132E-6	2,220312E+3	1,546026E-4	2,220312E+3	1,484690E-5	2,220312E+3	1,768911E-4	2,220312E+3	1,942953E-5	2,220312E+3	1,136551E-4	2,220312E+3	-1,279186E-5	2,220312E+3	3,257837E-4
2,221875E+3	2,742800E-6	2,221875E+3	1,749170E-4	2,221875E+3	1,496056E-5	2,221875E+3	1,978463E-4	2,221875E+3	2,097587E-5	2,221875E+3	1,302141E-4	2,221875E+3	-1,487719E-5	2,221875E+3	3,476554E-4
2,223437E+3	3,520536E-6	2,223437E+3	1,952244E-4	2,223437E+3	9,197209E-7	2,223437E+3	3,012901E-4	2,223437E+3	2,364722E-5	2,223437E+3	1,461512E-4	2,223437E+3	-1,733210E-5	2,223437E+3	3,699821E-4
2,225000E+3	4,296349E-6	2,225000E+3	2,155802E-4	2,225000E+3	-1,971948E-5	2,225000E+3	3,480767E-4	2,225000E+3	2,640362E-5	2,225000E+3	1,620388E-4	2,225000E+3	-1,985097E-5	2,225000E+3	3,921941E-4
2,226562E+3	5,042537E-6	2,226562E+3	2,365155E-4	2,226562E+3	-2,013198E-5	2,226562E+3	3,707305E-4	2,226562E+3	2,887584E-5	2,226562E+3	1,784561E-4	2,226562E+3	-2,216530E-5	2,226562E+3	4,142697E-4
2,228125E+3	5,762405E-6	2,228125E+3	2,574900E-4	2,228125E+3	-2,052620E-5	2,228125E+3	3,934096E-4	2,228125E+3	3,141076E-5	2,228125E+3	1,948432E-4	2,228125E+3	-2,457249E-5	2,228125E+3	4,362437E-4
2,229687E+3	6,754767E-6	2,229687E+3	2,794010E-4	2,229687E+3	-2,125973E-5	2,229687E+3	4,169085E-4	2,229687E+3	5,288834E-6	2,229687E+3	3,282149E-4	2,229687E+3	-2,681568E-5	2,229687E+3	4,587703E-4
2,231250E+3	7,685937E-6	2,231250E+3	3,013452E-4	2,231250E+3	-2,201414E-5	2,231250E+3	4,404237E-4	2,231250E+3	-3,046139E-5	2,231250E+3	4,098474E-4	2,231250E+3	-2,913933E-5	2,231250E+3	4,812516E-4
2,232812E+3	8,970010E-6	2,232812E+3	3,247749E-4	2,232812E+3	-2,250233E-5	2,232812E+3	4,644942E-4	2,232812E+3	-3,031233E-5	2,232812E+3	4,316979E-4	2,232812E+3	-3,140698E-5	2,232812E+3	5,039044E-4
2,234375E+3	1,012430E-5	2,234375E+3	3,482193E-4	2,234375E+3	-2,308684E-5	2,234375E+3	4,885395E-4	2,234375E+3	-3,013293E-5	2,234375E+3	4,535551E-4	2,234375E+3	-3,375697E-5	2,234375E+3	5,265283E-4
2,235937E+3	4,150165E-6	2,235937E+3	4,802617E-4	2,235937E+3	-2,418484E-5	2,235937E+3	5,142064E-4	2,235937E+3	-2,994127E-5	2,235937E+3	4,757114E-4	2,235937E+3	-3,586734E-5	2,235937E+3	5,489075E-4
2,237500E+3	-3,117353E-5	2,237500E+3	5,457171E-4	2,237500E+3	-2,562894E-5	2,237500E+3	5,397286E-4	2,237500E+3	-2,973398E-5	2,237500E+3	4,978749E-4	2,237500E+3	-3,804199E-5	2,237500E+3	5,712436E-4
2,239062E+3	-3,283561E-5	2,239062E+3	5,758037E-4	2,239062E+3	-2,702592E-5	2,239062E+3	5,669195E-4	2,239062E+3	-2,954497E-5	2,239062E+3	5,204871E-4	2,239062E+3	-4,046555E-5	2,239062E+3	5,934808E-4
2,240625E+3	-3,577715E-5	2,240625E+3	6,053567E-4	2,240625E+3	-2,950210E-5	2,240625E+3	5,937771E-4	2,240625E+3	-2,936655E-5	2,240625E+3	5,430999E-4	2,240625E+3	-4,295407E-5	2,240625E+3	6,156364E-4
2,242187E+3	-3,670948E-5	2,242187E+3	6,369264E-4	2,242187E+3	-3,038504E-5	2,242187E+3	6,213511E-4	2,242187E+3	-3,018765E-5	2,242187E+3	5,675228E-4	2,242187E+3	-4,567663E-5	2,242187E+3	6,360249E-4
2,243750E+3	-3,988986E-5	2,243750E+3	6,682987E-4	2,243750E+3	-3,279700E-5	2,243750E+3	6,492933E-4	2,243750E+3	-3,110261E-5	2,243750E+3	5,918937E-4	2,243750E+3	-4,847341E-5	2,243750E+3	6,561749E-4
2,245312E+3	-4,021807E-5	2,245312E+3	6,998073E-4	2,245312E+3	-3,367184E-5	2,245312E+3	6,768882E-4	2,245312E+3	-3,371915E-5	2,245312E+3	6,194573E-4	2,245312E+3	-5,070109E-5	2,245312E+3	6,772624E-4
2,246875E+3	-4,283682E-5	2,246875E+3	7,319552E-4	2,246875E+3	-3,544014E-5	2,246875E+3	7,051685E-4	2,246875E+3	-3,674969E-5	2,246875E+3	6,465224E-4	2,246875E+3	-5,295910E-5	2,246875E+3	6,982268E-4
2,248437E+3	-4,381553E-5	2,248437E+3	7,630895E-4	2,248437E+3	-3,657993E-5	2,248437E+3	7,330283E-4	2,248437E+3	-3,868383E-5	2,248437E+3	6,721472E-4	2,248437E+3	-6,695416E-5	2,248437E+3	6,843681E-4
2,250000E+3	-4,661888E-5	2,250000E+3	7,951822E-4	2,250000E+3	-3,811388E-5	2,250000E+3	7,612468E-4	2,250000E+3	-4,125741E-5	2,250000E+3	6,971934E-4	2,250000E+3	-7,953854E-5	2,250000E+3	6,593889E-4
2,251562E+3	-5,141395E-5	2,251562E+3	7,113375E-4	2,251562E+3	-3,917558E-5	2,251562E+3	7,897466E-4	2,251562E+3	-4,237092E-5	2,251562E+3	6,564019E-4	2,251562E+3	-7,652066E-5	2,251562E+3	5,875485E-4
2,253125E+3	-5,257597E-5	2,253125E+3	6,367194E-4	2,253125E+3	-4,048479E-5	2,253125E+3	8,185178E-4	2,253125E+3	-4,267955E-5	2,253125E+3	6,172456E-4	2,253125E+3	-6,602873E-5	2,253125E+3	5,265579E-4
2,254687E+3	-5,675965E-5	2,254687E+3	6,624007E-4	2,254687E+3	-4,666324E-5	2,254687E+3	7,340983E-4	2,254687E+3	-4,573616E-5	2,254687E+3	6,397523E-4	2,254687E+3	-7,330371E-5	2,254687E+3	5,395042E-4
2,256250E+3	-6,180387E-5	2,256250E+3	6,887699E-4	2,256250E+3	-4,879475E-5	2,256250E+3	6,581481E-4	2,256250E+3	-4,978612E-5	2,256250E+3	6,618271E-4	2,256250E+3	-8,074324E-5	2,256250E+3	5,517371E-4
2,257812E+3	-6,601142E-5	2,257812E+3	7,131849E-4	2,257812E+3	-5,188047E-5	2,257812E+3	6,782816E-4	2,257812E+3	-5,316864E-5	2,257812E+3	6,842192E-4	2,257812E+3	-8,818539E-5	2,257812E+3	5,634273E-4
2,259375E+3	-7,102839E-5	2,259375E+3	7,384353E-4	2,259375E+3	-5,516915E-5	2,259375E+3	6,986327E-4	2,259375E+3	-5,766668E-5	2,259375E+3	7,062615E-4	2,259375E+3	-9,577287E-5	2,259375E+3	5,744108E-4
2,260937E+3	-7,590051E-5	2,260937E+3	7,624448E-4	2,260937E+3	-5,784495E-5	2,260937E+3	7,171169E-4	2,260937E+3	-6,029320E-5	2,260937E+3	7,269028E-4	2,260937E+3	-1,005720E-4	2,260937E+3	5,907320E-4
2,262500E+3	-8,157934E-5	2,262500E+3	7,874829E-4	2,262500E+3	-6,069857E-5	2,262500E+3	7,359108E-4	2,262500E+3	-6,383158E-5	2,262500E+3	7,475014E-4	2,262500E+3	-1,053625E-4	2,262500E+3	6,068107E-4
2,264062E+3	-8,553674E-5	2,264062E+3	8,094291E-4	2,264062E+3	-6,461439E-5	2,264062E+3	7,531483E-4	2,264062E+3	-6,664840E-5	2,264062E+3	7,679841E-4	2,264062E+3	-1,101597E-4	2,264062E+3	6,227414E-4
2,265625E+3	-8,992577E-5	2,265625E+3	8,322637E-4	2,265625E+3	-6,879125E-5	2,265625E+3	7,706748E-4	2,265625E+3	-7,014398E-5	2,265625E+3	7,886120E-4	2,265625E+3	-1,149208E-4	2,265625E+3	6,384513E-4
2,267187E+3	-9,363013E-5	2,267187E+3	8,527622E-4	2,267187E+3	-7,175324E-5	2,267187E+3	7,847160E-4	2,267187E+3	-7,190705E-5	2,267187E+3	8,077493E-4	2,267187E+3	-1,198563E-4	2,267187E+3	6,521403E-4
2,268750E+3	-9,754327E-5	2,268750E+3	8,739940E-4	2,268750E+3	-7,491319E-5	2,268750E+3	7,989391E-4	2,268750E+3	-7,426844E-5	2,268750E+3	8,271466E-4	2,268750E+3	-1,247379E-4	2,268750E+3	6,655732E-4
2,270312E+3	-1,014634E-4	2,270312E+3	8,932234E-4	2,270312E+3	-7,752807E-5	2,270312E+3	8,131260E-4	2,270312E+3	-7,733077E-5	2,270312E+3	8,474249E-4	2,270312E+3	-1,305721E-4	2,270312E+3	6,778809E-4
2,271875E+3	-1,055490E-4	2,271875E+3	9,131541E-4	2,271875E+3	-8,018367E-5	2,271875E+3	8,275491E-4	2,271875E+3	-8,099274E-5	2,271875E+3	8,680156E-4	2,271875E+3	-1,363448E-4	2,271875E+3	6,898995E-4
2,273437E+3	-1,098235E-4	2,273437E+3	9,308003E-4	2,273437E+3	-8,247358E-5	2,273437E+3	8,411102E-4	2,273437E+3	-8,306476E-5	2,273437E+3	8,872666E-4	2,273437E+3	-1,162396E-4	2,273437E+3	6,889012E-4
2,275000E+3	-1,142788E-4	2,275000E+3	9,491477E-4	2,275000E+3	-8,477950E-5	2,275000E+3	8,549648E-4	2,275000E+3	-8,569194E-5	2,275000E+3	9,068418E-4	2,275000E+3	-9,810948E-5	2,275000E+3	6,888406E-4
2,276562E+3	-8,232969E-5	2,276562E+3	9,531095E-4	2,276562E+3	-6,033299E-5	2,276562E+3	8,585754E-4	2,276562E+3	-8,822824E-5	2,276562E+3	9,259266E-4	2,276562E+3	-1,045883E-4	2,276562E+3	7,019611E-4
2,278125E+3	-5,338075E-5	2,278125E+3	9,577122E-4	2,278125E+3	-3,771940E-5	2,278125E+3	8,623967E-4	2,278125E+3	-9,119729E-5	2,278125E+3	9,453124E-4	2,278125E+3	-1,110328E-4	2,278125E+3	7,148457E-4
2,279687E+3	-5,893414E-5	2,279687E+3	9,749017E-4	2,279687E+3	-4,338843E-5	2,279687E+3	8,760848E-4	2,279687E+3	-9,366201E-5	2,279687E+3	9,637593E-4	2,279687E+3	-1,174656E-4	2,279687E+3	7,256295E-4
2,281250E+3	-6,459457E-5	2,281250E+3	9,927482E-4	2,281250E+3	-4,909322E-5	2,281250E+3	8,899851E-4	2,281250E+3	-9,653960E-5	2,281250E+3	9,825929E-4	2,281250E+3	-1,238316E-4	2,281250E+3	7,361592E-4
2,282812E+3	-8,467673E-5	2,282812E+3	9,735493E-4	2,282812E+3	-5,910271E-5	2,282812E+3	8,570621E-4	2,282812E+3	-9,818502E-5	2,282812E+3	9,988882E-4	2,282812E+3	-1,307676E-4	2,282812E+3	7,463961E-4
2,284375E+3	-1,055327E-4	2,284375E+3	9,424402E-4	2,284375E+3	-6,621854E-5	2,284375E+3	8,099616E-4	2,284375E+3	-1,001932E-4	2,284375E+3	1,015601E-3	2,284375E+3	-1,375447E-4	2,284375E+3	7,564077E-4
2,285937E+3	-1,106370E-4	2,285937E+3	9,511697E-4	2,285937E+3	-7,026477E-5	2,285937E+3	8,155569E-4	2,285937E+3	-1,026748E-4	2,285937E+3	1,028698E-3	2,285937E+3	-1,434008E-4	2,285937E+3	7,646987E-4
2,287500E+3	-1,153890E-4	2,287500E+3	9,605512E-4	2,287500E+3	-7,412830E-5	2,287500E+3	8,214273E-4	2,287500E+3	-1,055078E-4	2,287500E+3	1,042217E-3	2,287500E+3	-1,490220E-4	2,287500E+3	7,728625E-4
2,289062E+3	-1,202999E-4	2,289062E+3	9,613022E-4	2,289062E+3	-7,755937E-5	2,289062E+3	8,235022E-4	2,289062E+3	-1,062112E-4	2,289062E+3	1,050750E-3	2,289062E+3	-1,571228E-4	2,289062E+3	7,747503E-4
2,290625E+3	-1,247215E-4	2,290625E+3	9,630222E-4	2,290625E+3	-8,076775E-5	2,290625E+3	8,261116E-4	2,290625E+3	-1,073298E-4	2,290625E+3	1,059833E-3	2,290625E+3	-1,648288E-4	2,290625E+3	7,764369E-4
2,292187E+3	-1,305916E-4	2,292187E+3	9,562774E-4	2,292187E+3	-8,625916E-5	2,292187E+3	8,233083E-4	2,292187E+3	-1,134501E-4	2,292187E+3	1,060748E-3	2,292187E+3	-1,728253E-4	2,292187E+3	7,708950E-4
2,293750E+3	-1,355130E-4	2,293750E+3	9,511348E-4	2,293750E+3	-9,121052E-5	2,293750E+3	8,213600E-4	2,293750E+3	-1,193012E-4	2,293750E+3	1,062518E-3	2,293750E+3	-1,802380E-4	2,293750E+3	7,652932E-4
2,295312E+3	-1,411919E-4	2,295312E+3	9,344206E-4	2,295312E+3	-9,361788E-5	2,295312E+3	8,120717E-4	2,295312E+3	-9,489811E-5	2,295312E+3	6,803430E-4	2,295312E+3	-1,878936E-4	2,295312E+3	7,569250E-4
2,296875E+3	-1,453558E-4	2,296875E+3	9,205614E-4	2,296875E+3	-9,563022E-5	2,296875E+3	8,042900E-4	2,296875E+3	-3,037091E-5	2,296875E+3	4,987281E-4	2,296875E+3	-1,943341E-4	2,296875E+3	7,488861E-4
2,298437E+3	-1,500758E-4	2,298437E+3	8,928593E-4	2,298437E+3	-1,014548E-4	2,298437E+3	7,831322E-4	2,298437E+3	-4,774805E-5	2,298437E+3	4,760831E-4	2,298437E+3	-2,014092E-4	2,298437E+3	7,338048E-4
2,300000E+3	-1,521198E-4	2,300000E+3	8,702799E-4	2,300000E+3	-1,062121E-4	2,300000E+3	7,642030E-4	2,300000E+3	-6,318528E-5	2,300000E+3	4,407879E-4	2,300000E+3	-2,060975E-4	2,300000E+3	7,197330E-4
2,301562E+3	-1,865869E-4	2,301562E+3	4,630592E-4	2,301562E+3	-1,102566E-4	2,301562E+3	7,370644E-4	2,301562E+3	-6,705950E-5	2,301562E+3	4,526186E-4	2,301562E+3	-2,122486E-4	2,301562E+3	6,903533E-4
2,303125E+3	-5,894003E-5	2,303125E+3	3,881094E-4	2,303125E+3	-1,129486E-4	2,303125E+3	7,138135E-4	2,303125E+3	-7,090954E-5	2,303125E+3	4,643931E-4	2,303125E+3	-2,138381E-4	2,303125E+3	6,634639E-4
2,304687E+3	-6,315460E-5	2,304687E+3	3,980002E-4	2,304687E+3	-1,158601E-4	2,304687E+3	6,798521E-4	2,304687E+3	-7,544934E-5	2,304687E+3	4,726528E-4	2,304687E+3	-2,084302E-4	2,304687E+3	5,088897E-4
2,306250E+3	-6,679964E-5	2,306250E+3	4,080080E-4	2,306250E+3	-1,167404E-4	2,306250E+3	6,519844E-4	2,306250E+3	-7,994039E-5	2,306250E+3	4,807597E-4	2,306250E+3	-1,315788E-4	2,306250E+3	4,175900E-4
2,307812E+3	-7,167844E-5	2,307812E+3	4,127645E-4	2,307812E+3	-1,475800E-4	2,307812E+3	2,661353E-4	2,307812E+3	-8,391232E-5	2,307812E+3	4,907078E-4	2,307812E+3	-1,374506E-4	2,307812E+3	4,053196E-4
2,309375E+3	-7,582078E-5	2,309375E+3	4,174620E-4	2,309375E+3	-4,281086E-5	2,309375E+3	2,619964E-4	2,309375E+3	-8,777745E-5	2,309375E+3	5,006612E-4	2,309375E+3	-1,414287E-4	2,309375E+3	3,928136E-4
2,310937E+3	-8,139116E-5	2,310937E+3	4,168807E-4	2,310937E+3	-4,719587E-5	2,310937E+3	2,543933E-4	2,310937E+3	-9,225432E-5	2,310937E+3	5,102754E-4	2,310937E+3	-1,458319E-4	2,310937E+3	3,811327E-4
2,312500E+3	-8,610219E-5	2,312500E+3	4,159959E-4	2,312500E+3	-5,094212E-5	2,312500E+3	2,460601E-4	2,312500E+3	-9,660183E-5	2,312500E+3	5,199030E-4	2,312500E+3	-1,483923E-4	2,312500E+3	3,692357E-4
2,314062E+3	-9,147997E-5	2,314062E+3	4,186989E-4	2,314062E+3	-5,658682E-5	2,314062E+3	2,193224E-4	2,314062E+3	-1,016161E-4	2,314062E+3	5,294235E-4	2,314062E+3	-1,509003E-4	2,314062E+3	3,561701E-4
2,315625E+3	-9,593463E-5	2,315625E+3	4,211420E-4	2,315625E+3	-6,133223E-5	2,315625E+3	1,909486E-4	2,315625E+3	-1,064941E-4	2,315625E+3	5,389541E-4	2,315625E+3	-1,506321E-4	2,315625E+3	3,425493E-4
2,317187E+3	-1,000330E-4	2,317187E+3	4,233875E-4	2,317187E+3	-6,274527E-5	2,317187E+3	2,101554E-4	2,317187E+3	-1,116188E-4	2,317187E+3	5,467585E-4	2,317187E+3	-1,527972E-4	2,317187E+3	3,224639E-4
2,318750E+3	-1,022108E-4	2,318750E+3	4,251963E-4	2,318750E+3	-6,340200E-5	2,318750E+3	2,291250E-4	2,318750E+3	-1,165872E-4	2,318750E+3	5,545255E-4	2,318750E+3	-1,508926E-4	2,318750E+3	3,011438E-4
2,320312E+3	-1,094562E-4	2,320312E+3	3,956227E-4	2,320312E+3	-6,508953E-5	2,320312E+3	2,491722E-4	2,320312E+3	-1,287055E-4	2,320312E+3	4,230942E-4	2,320312E+3	-1,533869E-4	2,320312E+3	2,847690E-4
2,321875E+3	-9,492317E-5	2,321875E+3	3,548229E-4	2,321875E+3	-6,611198E-5	2,321875E+3	2,688904E-4	2,321875E+3	-8,949070E-5	2,321875E+3	3,559004E-4	2,321875E+3	-1,534967E-4	2,321875E+3	2,674733E-4
2,323437E+3	-1,003462E-4	2,323437E+3	3,333471E-4	2,323437E+3	-6,759835E-5	2,323437E+3	2,885115E-4	2,323437E+3	-9,494714E-5	2,323437E+3	3,366189E-4	2,323437E+3	-1,537092E-4	2,323437E+3	2,619430E-4
2,325000E+3	-1,012070E-4	2,325000E+3	3,072852E-4	2,325000E+3	-6,844417E-5	2,325000E+3	3,077548E-4	2,325000E+3	-9,715378E-5	2,325000E+3	3,184203E-4	2,325000E+3	-1,522580E-4	2,325000E+3	2,556732E-4
2,326562E+3	-1,247164E-4	2,326562E+3	1,638016E-4	2,326562E+3	-6,967295E-5	2,326562E+3	3,271743E-4	2,326562E+3	-1,023136E-4	2,326562E+3	2,992599E-4	2,326562E+3	-1,519057E-4	2,326562E+3	2,566303E-4
2,328125E+3	-1,437982E-4	2,328125E+3	8,730408E-6	2,328125E+3	-7,026219E-5	2,328125E+3	3,461463E-4	2,328125E+3	-1,021568E-4	2,328125E+3	2,815345E-4	2,328125E+3	-1,504253E-4	2,328125E+3	2,570116E-4
2,329687E+3	-1,422404E-4	2,329687E+3	1,929215E-5	2,329687E+3	-7,066044E-5	2,329687E+3	3,634019E-4	2,329687E+3	-1,152256E-4	2,329687E+3	2,042235E-4	2,329687E+3	-1,491038E-4	2,329687E+3	2,569542E-4
2,331250E+3	-1,377794E-4	2,331250E+3	2,601032E-5	2,331250E+3	-6,989461E-5	2,331250E+3	3,796377E-4	2,331250E+3	-1,202900E-4	2,331250E+3	1,248255E-4	2,331250E+3	-1,466532E-4	2,331250E+3	2,564149E-4
2,332812E+3	-1,363323E-4	2,332812E+3	3,942226E-5	2,332812E+3	-6,968266E-5	2,332812E+3	3,853027E-4	2,332812E+3	-1,207567E-4	2,332812E+3	1,326542E-4	2,332812E+3	-1,481837E-4	2,332812E+3	2,508448E-4
2,334375E+3	-1,332145E-4	2,334375E+3	5,040866E-5	2,334375E+3	-6,359110E-5	2,334375E+3	3,836642E-4	2,334375E+3	-1,152632E-4	2,334375E+3	1,394945E-4	2,334375E+3	-1,489508E-4	2,334375E+3	2,449495E-4
2,335937E+3	-1,311661E-4	2,335937E+3	6,351054E-5	2,335937E+3	-6,255270E-5	2,335937E+3	3,926149E-4	2,335937E+3	-1,155706E-4	2,335937E+3	1,490603E-4	2,335937E+3	-1,613436E-4	2,335937E+3	1,887854E-4
2,337500E+3	-1,278301E-4	2,337500E+3	7,450755E-5	2,337500E+3	-5,846260E-5	2,337500E+3	3,967953E-4	2,337500E+3	-1,114684E-4	2,337500E+3	1,566330E-4	2,337500E+3	-1,716312E-4	2,337500E+3	1,327212E-4
2,339062E+3	-1,253840E-4	2,339062E+3	8,696565E-5	2,339062E+3	-8,328767E-5	2,339062E+3	9,726687E-5	2,339062E+3	-1,113373E-4	2,339062E+3	1,656617E-4	2,339062E+3	-1,769782E-4	2,339062E+3	1,017898E-4
2,340625E+3	-1,217840E-4	2,340625E+3	9,738030E-5	2,340625E+3	-9,843445E-5	2,340625E+3	-2,055614E-4	2,340625E+3	-1,076777E-4	2,340625E+3	1,719572E-4	2,340625E+3	-1,810599E-4	2,340625E+3	7,091730E-5
2,342187E+3	-1,198458E-4	2,342187E+3	1,087238E-4	2,342187E+3	-1,025312E-4	2,342187E+3	-2,414171E-4	2,342187E+3	-1,071442E-4	2,342187E+3	1,816300E-4	2,342187E+3	-1,563655E-4	2,342187E+3	5,637909E-5
2,343750E+3	-1,168293E-4	2,343750E+3	1,180044E-4	2,343750E+3	-1,054387E-4	2,343750E+3	-2,793302E-4	2,343750E+3	-1,042888E-4	2,343750E+3	1,888405E-4	2,343750E+3	-1,251797E-4	2,343750E+3	4,220601E-5
2,345312E+3	-9,151216E-5	2,345312E+3	1,008981E-4	2,345312E+3	-1,084519E-4	2,345312E+3	-3,040396E-4	2,345312E+3	-1,036199E-4	2,345312E+3	1,979545E-4	2,345312E+3	-1,245125E-4	2,345312E+3	4,213014E-5
2,346875E+3	-4,461575E-5	2,346875E+3	6,723267E-5	2,346875E+3	-1,107454E-4	2,346875E+3	-3,299686E-4	2,346875E+3	-1,009698E-4	2,346875E+3	2,045939E-4	2,346875E+3	-1,234784E-4	2,346875E+3	4,215773E-5
2,348437E+3	-4,283178E-5	2,348437E+3	8,481001E-5	2,348437E+3	-1,132486E-4	2,348437E+3	-3,477321E-4	2,348437E+3	-9,955388E-5	2,348437E+3	2,142091E-4	2,348437E+3	-1,238684E-4	2,348437E+3	3,578743E-5
2,350000E+3	-4,081094E-5	2,350000E+3	1,016757E-4	2,350000E+3	-1,150559E-4	2,350000E+3	-3,667847E-4	2,350000E+3	-9,657999E-5	2,350000E+3	2,217780E-4	2,350000E+3	-1,238116E-4	2,350000E+3	2,962502E-5
2,351562E+3	-3,871330E-5	2,351562E+3	1,207471E-4	2,351562E+3	-1,180952E-4	2,351562E+3	-3,767389E-4	2,351562E+3	-9,517172E-5	2,351562E+3	2,331166E-4	2,351562E+3	-1,244077E-4	2,351562E+3	1,522874E-5
2,353125E+3	-3,642697E-5	2,353125E+3	1,392189E-4	2,353125E+3	-1,205892E-4	2,353125E+3	-3,876103E-4	2,353125E+3	-9,262313E-5	2,353125E+3	2,428404E-4	2,353125E+3	-1,243687E-4	2,353125E+3	1,313028E-6
2,354687E+3	-3,309150E-5	2,354687E+3	1,597270E-4	2,354687E+3	-1,242923E-4	2,354687E+3	-3,915457E-4	2,354687E+3	-1,350364E-4	2,354687E+3	-1,393468E-4	2,354687E+3	-1,221417E-4	2,354687E+3	-8,380183E-6
2,356250E+3	-2,952844E-5	2,356250E+3	1,796510E-4	2,356250E+3	-1,275409E-4	2,356250E+3	-3,962117E-4	2,356250E+3	-1,576667E-4	2,356250E+3	-5,053629E-4	2,356250E+3	-1,192790E-4	2,356250E+3	-1,766398E-5
2,357812E+3	-8,469025E-5	2,357812E+3	-2,973757E-4	2,357812E+3	-1,179163E-4	2,357812E+3	-4,175680E-4	2,357812E+3	-1,597772E-4	2,357812E+3	-5,053017E-4	2,357812E+3	-1,190750E-4	2,357812E+3	-2,528285E-5
2,359375E+3	-1,178229E-4	2,359375E+3	-7,448314E-4	2,359375E+3	-9,832387E-5	2,359375E+3	-4,516244E-4	2,359375E+3	-1,610631E-4	2,359375E+3	-5,064077E-4	2,359375E+3	-1,184100E-4	2,359375E+3	-3,244375E-5
2,360937E+3	-1,188483E-4	2,360937E+3	-7,426755E-4	2,360937E+3	-9,906079E-5	2,360937E+3	-4,452150E-4	2,360937E+3	-1,625649E-4	2,360937E+3	-5,023936E-4	2,360937E+3	-1,204906E-4	2,360937E+3	-4,417291E-5
2,362500E+3	-1,196369E-4	2,362500E+3	-7,406871E-4	2,362500E+3	-9,968583E-5	2,362500E+3	-4,389209E-4	2,362500E+3	-1,632334E-4	2,362500E+3	-4,997809E-4	2,362500E+3	-1,220976E-4	2,362500E+3	-5,521500E-5
2,364062E+3	-1,205440E-4	2,364062E+3	-7,314410E-4	2,364062E+3	-1,015507E-4	2,364062E+3	-4,298008E-4	2,364062E+3	-1,633825E-4	2,364062E+3	-4,920688E-4	2,364062E+3	-1,225676E-4	2,364062E+3	-6,241506E-5
2,365625E+3	-1,212690E-4	2,365625E+3	-7,223542E-4	2,365625E+3	-1,032691E-4	2,365625E+3	-4,208344E-4	2,365625E+3	-1,627829E-4	2,365625E+3	-4,855125E-4	2,365625E+3	-1,226377E-4	2,365625E+3	-6,897640E-5
2,367187E+3	-1,220430E-4	2,367187E+3	-7,074698E-4	2,367187E+3	-1,042878E-4	2,367187E+3	-4,107305E-4	2,367187E+3	-1,421495E-4	2,367187E+3	-4,937879E-4	2,367187E+3	-1,200316E-4	2,367187E+3	-6,812737E-5
2,368750E+3	-1,226499E-4	2,368750E+3	-6,928049E-4	2,368750E+3	-1,051786E-4	2,368750E+3	-4,007744E-4	2,368750E+3	-1,089006E-4	2,368750E+3	-5,100061E-4	2,368750E+3	-1,171034E-4	2,368750E+3	-6,680446E-5
2,370312E+3	-1,220520E-4	2,370312E+3	-6,752247E-4	2,370312E+3	-1,057267E-4	2,370312E+3	-3,901120E-4	2,370312E+3	-1,097706E-4	2,370312E+3	-4,939648E-4	2,370312E+3	-1,136492E-4	2,370312E+3	-6,437561E-5
2,371875E+3	-1,213374E-4	2,371875E+3	-6,578187E-4	2,371875E+3	-1,061684E-4	2,371875E+3	-3,795915E-4	2,371875E+3	-1,104894E-4	2,371875E+3	-4,781041E-4	2,371875E+3	-1,098946E-4	2,371875E+3	-6,147039E-5
2,373437E+3	-1,219729E-4	2,373437E+3	-6,384954E-4	2,373437E+3	-1,063319E-4	2,373437E+3	-3,672866E-4	2,373437E+3	-1,116609E-4	2,373437E+3	-4,618678E-4	2,373437E+3	-1,082419E-4	2,373437E+3	-6,549304E-5
2,375000E+3	-1,225141E-4	2,375000E+3	-6,192881E-4	2,375000E+3	-1,064119E-4	2,375000E+3	-3,550599E-4	2,375000E+3	-1,127178E-4	2,375000E+3	-4,457611E-4	2,375000E+3	-1,062325E-4	2,375000E+3	-6,877443E-5
2,376562E+3	-1,224915E-4	2,376562E+3	-5,992355E-4	2,376562E+3	-1,060531E-4	2,376562E+3	-3,407774E-4	2,376562E+3	-1,129523E-4	2,376562E+3	-4,301829E-4	2,376562E+3	-1,181985E-4	2,376562E+3	-1,561216E-4
2,378125E+3	-1,223676E-4	2,378125E+3	-5,792908E-4	2,378125E+3	-1,056193E-4	2,378125E+3	-3,265249E-4	2,378125E+3	-1,130560E-4	2,378125E+3	-4,147487E-4	2,378125E+3	-1,261990E-4	2,378125E+3	-2,358677E-4
2,379687E+3	-1,192377E-4	2,379687E+3	-5,586148E-4	2,379687E+3	-1,042013E-4	2,379687E+3	-3,114469E-4	2,379687E+3	-1,123677E-4	2,379687E+3	-3,997910E-4	2,379687E+3	-1,167163E-4	2,379687E+3	-2,230445E-4
2,381250E+3	-1,159975E-4	2,381250E+3	-5,381223E-4	2,381250E+3	-1,027223E-4	2,381250E+3	-2,963577E-4	2,381250E+3	-1,115441E-4	2,381250E+3	-3,849671E-4	2,381250E+3	-1,070603E-4	2,381250E+3	-2,097158E-4
2,382812E+3	-1,103184E-4	2,382812E+3	-5,084878E-4	2,382812E+3	-1,016006E-4	2,382812E+3	-4,262196E-4	2,382812E+3	-1,092522E-4	2,382812E+3	-3,691077E-4	2,382812E+3	-1,034912E-4	2,382812E+3	-1,894095E-4
2,384375E+3	-1,045033E-4	2,384375E+3	-4,791866E-4	2,384375E+3	-9,894623E-5	2,384375E+3	-5,449278E-4	2,384375E+3	-1,067690E-4	2,384375E+3	-3,534308E-4	2,384375E+3	-9,983723E-5	2,384375E+3	-1,688443E-4
2,385937E+3	-1,016796E-4	2,385937E+3	-4,578298E-4	2,385937E+3	-1,003676E-4	2,385937E+3	-5,167061E-4	2,385937E+3	-1,033092E-4	2,385937E+3	-3,383268E-4	2,385937E+3	-9,806543E-5	2,385937E+3	-1,479017E-4
2,387500E+3	-9,883210E-5	2,387500E+3	-4,365377E-4	2,387500E+3	-1,017197E-4	2,387500E+3	-4,887148E-4	2,387500E+3	-9,969094E-5	2,387500E+3	-3,233589E-4	2,387500E+3	-9,620402E-5	2,387500E+3	-1,267200E-4
2,389062E+3	-9,616396E-5	2,389062E+3	-4,170104E-4	2,389062E+3	-1,028289E-4	2,389062E+3	-4,598917E-4	2,389062E+3	-9,832871E-5	2,389062E+3	-3,103264E-4	2,389062E+3	-9,330543E-5	2,389062E+3	-1,064807E-4
2,390625E+3	-9,346533E-5	2,390625E+3	-3,974614E-4	2,390625E+3	-1,038691E-4	2,390625E+3	-4,313344E-4	2,390625E+3	-9,686168E-5	2,390625E+3	-2,972710E-4	2,390625E+3	-9,032058E-5	2,390625E+3	-8,599302E-5
2,392187E+3	-8,944436E-5	2,392187E+3	-3,751900E-4	2,392187E+3	-1,049401E-4	2,392187E+3	-4,033888E-4	2,392187E+3	-1,047404E-4	2,392187E+3	-3,909370E-4	2,392187E+3	-8,712952E-5	2,392187E+3	-6,521576E-5
2,393750E+3	-8,540659E-5	2,393750E+3	-3,529959E-4	2,393750E+3	-1,059660E-4	2,393750E+3	-3,756401E-4	2,393750E+3	-1,102768E-4	2,393750E+3	-4,774489E-4	2,393750E+3	-8,384811E-5	2,393750E+3	-4,420078E-5
2,395312E+3	-9,299163E-5	2,395312E+3	-4,439886E-4	2,395312E+3	-1,082037E-4	2,395312E+3	-3,497445E-4	2,395312E+3	-1,097044E-4	2,395312E+3	-4,572820E-4	2,395312E+3	-7,911296E-5	2,395312E+3	-2,361685E-5
2,396875E+3	-9,821842E-5	2,396875E+3	-5,281699E-4	2,396875E+3	-1,103935E-4	2,396875E+3	-3,239428E-4	2,396875E+3	-1,090426E-4	2,396875E+3	-4,371849E-4	2,396875E+3	-7,433948E-5	2,396875E+3	-2,781782E-6
2,398437E+3	-9,668225E-5	2,398437E+3	-5,066668E-4	2,398437E+3	-1,119896E-4	2,398437E+3	-3,012405E-4	2,398437E+3	-1,082936E-4	2,398437E+3	-4,126236E-4	2,398437E+3	-6,866940E-5	2,398437E+3	1,925190E-5
2,400000E+3	-9,513389E-5	2,400000E+3	-4,852291E-4	2,400000E+3	-1,135353E-4	2,400000E+3	-2,785357E-4	2,400000E+3	-1,074684E-4	2,400000E+3	-3,882402E-4	2,400000E+3	-6,302254E-5	2,400000E+3	4,153163E-5
2,401562E+3	-9,375613E-5	2,401562E+3	-4,577357E-4	2,401562E+3	-1,154750E-4	2,401562E+3	-2,567713E-4	2,401562E+3	-1,070384E-4	2,401562E+3	-3,633854E-4	2,401562E+3	-5,580764E-5	2,401562E+3	6,269303E-5
2,403125E+3	-9,239945E-5	2,403125E+3	-4,303967E-4	2,403125E+3	-1,173492E-4	2,403125E+3	-2,349976E-4	2,403125E+3	-1,065518E-4	2,403125E+3	-3,386674E-4	2,403125E+3	-4,865356E-5	2,403125E+3	8,412973E-5
2,404687E+3	-8,971597E-5	2,404687E+3	-3,970576E-4	2,404687E+3	-1,173481E-4	2,404687E+3	-1,833603E-4	2,404687E+3	-1,065143E-4	2,404687E+3	-3,149158E-4	2,404687E+3	-5,871007E-5	2,404687E+3	-1,501168E-4
2,406250E+3	-8,711506E-5	2,406250E+3	-3,640474E-4	2,406250E+3	-1,175372E-4	2,406250E+3	-1,325770E-4	2,406250E+3	-1,064228E-4	2,406250E+3	-2,912303E-4	2,406250E+3	-5,630379E-5	2,406250E+3	-3,350693E-4
2,407812E+3	-8,343977E-5	2,407812E+3	-3,241076E-4	2,407812E+3	-1,202150E-4	2,407812E+3	-1,199877E-4	2,407812E+3	-1,050944E-4	2,407812E+3	-2,680873E-4	2,407812E+3	-5,491547E-5	2,407812E+3	-3,184670E-4
2,409375E+3	-7,995461E-5	2,409375E+3	-2,847218E-4	2,409375E+3	-1,227875E-4	2,409375E+3	-1,069851E-4	2,409375E+3	-1,037331E-4	2,409375E+3	-2,450128E-4	2,409375E+3	-5,345724E-5	2,409375E+3	-3,014610E-4
2,410937E+3	-7,734209E-5	2,410937E+3	-2,543629E-4	2,410937E+3	-1,229101E-4	2,410937E+3	-9,710530E-5	2,410937E+3	-1,024115E-4	2,410937E+3	-2,206713E-4	2,410937E+3	-5,268513E-5	2,410937E+3	-2,825143E-4
2,412500E+3	-7,484002E-5	2,412500E+3	-2,242770E-4	2,412500E+3	-1,229820E-4	2,412500E+3	-8,672914E-5	2,412500E+3	-1,010720E-4	2,412500E+3	-1,964380E-4	2,412500E+3	-5,184420E-5	2,412500E+3	-2,632382E-4
2,414062E+3	-7,245628E-5	2,414062E+3	-1,923768E-4	2,414062E+3	-1,244469E-4	2,414062E+3	-7,626722E-5	2,414062E+3	-9,936419E-5	2,414062E+3	-1,733396E-4	2,414062E+3	-5,045777E-5	2,414062E+3	-2,418268E-4
2,415625E+3	-7,020092E-5	2,415625E+3	-1,608195E-4	2,415625E+3	-1,258177E-4	2,415625E+3	-6,532767E-5	2,415625E+3	-9,765466E-5	2,415625E+3	-1,502874E-4	2,415625E+3	-4,904914E-5	2,415625E+3	-2,201586E-4
2,417187E+3	-6,481988E-5	2,417187E+3	-1,227333E-4	2,417187E+3	-9,660809E-5	2,417187E+3	-6,809597E-5	2,417187E+3	-9,366497E-5	2,417187E+3	-1,254655E-4	2,417187E+3	-4,699904E-5	2,417187E+3	-1,965046E-4
2,418750E+3	-5,974338E-5	2,418750E+3	-8,529884E-5	2,418750E+3	-6,881370E-5	2,418750E+3	-7,022679E-5	2,418750E+3	-8,974582E-5	2,418750E+3	-1,007792E-4	2,418750E+3	-4,497439E-5	2,418750E+3	-1,726637E-4
2,420312E+3	-5,515878E-5	2,420312E+3	-5,212736E-5	2,420312E+3	-6,478985E-5	2,420312E+3	4,713226E-5	2,420312E+3	-8,403677E-5	2,420312E+3	-6,946637E-5	2,420312E+3	-4,371432E-5	2,420312E+3	-1,460714E-4
2,421875E+3	-5,081100E-5	2,421875E+3	-1,941336E-5	2,421875E+3	-6,376378E-5	2,421875E+3	1,556732E-4	2,421875E+3	-7,851268E-5	2,421875E+3	-3,856341E-5	2,421875E+3	-4,249869E-5	2,421875E+3	-1,193978E-4
2,423437E+3	-3,227612E-5	2,423437E+3	4,500685E-7	2,423437E+3	-6,577833E-5	2,423437E+3	1,697654E-4	2,423437E+3	-6,279577E-5	2,423437E+3	-2,593723E-4	2,423437E+3	-4,160449E-5	2,423437E+3	-9,272305E-5
2,425000E+3	-1,440121E-5	2,425000E+3	2,022978E-5	2,425000E+3	-6,769652E-5	2,425000E+3	1,840356E-4	2,425000E+3	-4,526759E-5	2,425000E+3	-4,359051E-4	2,425000E+3	-4,074682E-5	2,425000E+3	-6,600405E-5
2,426562E+3	-1,742621E-5	2,426562E+3	-2,517614E-4	2,426562E+3	-7,683985E-5	2,426562E+3	-2,421872E-4	2,426562E+3	-4,573737E-5	2,426562E+3	-4,172109E-4	2,426562E+3	-5,182054E-5	2,426562E+3	-2,437048E-4
2,428125E+3	-1,276800E-5	2,428125E+3	-4,718312E-4	2,428125E+3	-6,508632E-5	2,428125E+3	-5,319731E-4	2,428125E+3	-4,614948E-5	2,428125E+3	-3,983288E-4	2,428125E+3	-5,060313E-5	2,428125E+3	-3,778376E-4
2,429687E+3	-1,073513E-5	2,429687E+3	-4,479320E-4	2,429687E+3	-6,586890E-5	2,429687E+3	-5,164365E-4	2,429687E+3	-4,714402E-5	2,429687E+3	-3,783075E-4	2,429687E+3	-5,068786E-5	2,429687E+3	-3,529782E-4
2,431250E+3	-8,855635E-6	2,431250E+3	-4,241147E-4	2,431250E+3	-6,657926E-5	2,431250E+3	-5,004975E-4	2,431250E+3	-4,807069E-5	2,431250E+3	-3,581637E-4	2,431250E+3	-5,079733E-5	2,431250E+3	-3,279806E-4
2,432812E+3	-7,707256E-6	2,432812E+3	-3,975336E-4	2,432812E+3	-6,700538E-5	2,432812E+3	-4,887113E-4	2,432812E+3	-4,869753E-5	2,432812E+3	-3,390216E-4	2,432812E+3	-5,005086E-5	2,432812E+3	-3,024965E-4
2,434375E+3	-6,705807E-6	2,434375E+3	-3,711693E-4	2,434375E+3	-6,734543E-5	2,434375E+3	-4,763028E-4	2,434375E+3	-4,926640E-5	2,434375E+3	-3,197032E-4	2,434375E+3	-4,934800E-5	2,434375E+3	-2,768899E-4
2,435937E+3	-5,916642E-6	2,435937E+3	-3,454056E-4	2,435937E+3	-6,867522E-5	2,435937E+3	-4,657892E-4	2,435937E+3	-4,425713E-5	2,435937E+3	-2,467288E-4	2,435937E+3	-9,074047E-5	2,435937E+3	-7,686286E-4
2,437500E+3	-5,252095E-6	2,437500E+3	-3,198235E-4	2,437500E+3	-6,985286E-5	2,437500E+3	-4,545618E-4	2,437500E+3	-4,103035E-5	2,437500E+3	-1,786293E-4	2,437500E+3	-4,704504E-5	2,437500E+3	-9,758320E-4
2,439062E+3	-6,100820E-6	2,439062E+3	-2,944328E-4	2,439062E+3	-7,153773E-5	2,439062E+3	-4,461555E-4	2,439062E+3	-4,477834E-5	2,439062E+3	-1,701837E-4	2,439062E+3	-4,884148E-5	2,439062E+3	-9,585240E-4
2,440625E+3	-7,005665E-6	2,440625E+3	-2,692146E-4	2,440625E+3	-7,301477E-5	2,440625E+3	-4,368621E-4	2,440625E+3	-4,829419E-5	2,440625E+3	-1,610649E-4	2,440625E+3	-5,015706E-5	2,440625E+3	-9,400767E-4
2,442187E+3	-7,166978E-6	2,442187E+3	-2,482193E-4	2,442187E+3	-7,471473E-5	2,442187E+3	-4,294207E-4	2,442187E+3	-5,016434E-5	2,442187E+3	-1,541157E-4	2,442187E+3	-5,089696E-5	2,442187E+3	-9,223905E-4
2,443750E+3	-7,369923E-6	2,443750E+3	-2,271825E-4	2,443750E+3	-7,618141E-5	2,443750E+3	-4,209829E-4	2,443750E+3	-5,185752E-5	2,443750E+3	-1,463689E-4	2,443750E+3	-5,119089E-5	2,443750E+3	-9,034470E-4
2,445312E+3	-1,032291E-5	2,445312E+3	-2,105477E-4	2,445312E+3	-7,802517E-5	2,445312E+3	-4,138928E-4	2,445312E+3	-5,494475E-5	2,445312E+3	-1,409982E-4	2,445312E+3	-5,202376E-5	2,445312E+3	-8,832355E-4
2,446875E+3	-1,315358E-5	2,446875E+3	-1,936803E-4	2,446875E+3	-7,960845E-5	2,446875E+3	-4,057269E-4	2,446875E+3	-5,774457E-5	2,446875E+3	-1,347141E-4	2,446875E+3	-5,242060E-5	2,446875E+3	-8,619744E-4
2,448437E+3	-1,369681E-5	2,448437E+3	-1,830568E-4	2,448437E+3	-8,105321E-5	2,448437E+3	-3,992991E-4	2,448437E+3	-6,306667E-5	2,448437E+3	-1,335817E-4	2,448437E+3	-5,421531E-5	2,448437E+3	-8,420420E-4
2,450000E+3	-1,417421E-5	2,450000E+3	-1,718670E-4	2,450000E+3	-8,224226E-5	2,450000E+3	-3,916919E-4	2,450000E+3	-6,785357E-5	2,450000E+3	-1,312456E-4	2,450000E+3	-5,544632E-5	2,450000E+3	-8,210503E-4
2,451562E+3	-1,667169E-5	2,451562E+3	-1,676498E-4	2,451562E+3	-8,704485E-5	2,451562E+3	-3,841205E-4	2,451562E+3	-7,208458E-5	2,451562E+3	-1,369393E-4	2,451562E+3	-5,783813E-5	2,451562E+3	-8,023563E-4
2,453125E+3	-1,890869E-5	2,453125E+3	-1,624765E-4	2,453125E+3	-9,133033E-5	2,453125E+3	-3,754593E-4	2,453125E+3	-7,567772E-5	2,453125E+3	-1,407472E-4	2,453125E+3	-5,955677E-5	2,453125E+3	-7,824734E-4
2,454687E+3	-2,196279E-5	2,454687E+3	-1,673871E-4	2,454687E+3	-8,848426E-5	2,454687E+3	-2,870670E-4	2,454687E+3	-8,169944E-5	2,454687E+3	-1,562610E-4	2,454687E+3	-6,193262E-5	2,454687E+3	-7,634524E-4
2,456250E+3	-2,454771E-5	2,456250E+3	-1,705925E-4	2,456250E+3	-8,874005E-5	2,456250E+3	-2,122981E-4	2,456250E+3	-8,655089E-5	2,456250E+3	-1,687353E-4	2,456250E+3	-6,362876E-5	2,456250E+3	-7,432480E-4
2,457812E+3	-1,468131E-4	2,457812E+3	-1,223565E-3	2,457812E+3	-9,060334E-5	2,457812E+3	-2,145354E-4	2,457812E+3	-3,315872E-4	2,457812E+3	-1,451654E-3	2,457812E+3	-6,551642E-5	2,457812E+3	-7,221286E-4
2,459375E+3	-4,837494E-5	2,459375E+3	-1,538002E-3	2,459375E+3	-9,195265E-5	2,459375E+3	-2,148919E-4	2,459375E+3	-6,080413E-5	2,459375E+3	-1,420375E-3	2,459375E+3	-6,680579E-5	2,459375E+3	-7,000193E-4
2,460937E+3	-4,829408E-5	2,460937E+3	-1,431000E-3	2,460937E+3	-9,286297E-5	2,460937E+3	-2,217885E-4	2,460937E+3	-6,356931E-5	2,460937E+3	-1,403021E-3	2,460937E+3	-1,521639E-4	2,460937E+3	-8,760178E-4
2,462500E+3	-4,980711E-5	2,462500E+3	-1,334858E-3	2,462500E+3	-9,317381E-5	2,462500E+3	-2,260736E-4	2,462500E+3	-6,450429E-5	2,462500E+3	-1,385889E-3	2,462500E+3	-6,364486E-5	2,462500E+3	-9,486692E-4
2,464062E+3	-5,044576E-5	2,464062E+3	-1,310973E-3	2,464062E+3	-3,984960E-4	2,464062E+3	-1,238959E-3	2,464062E+3	-6,736896E-5	2,464062E+3	-1,369157E-3	2,464062E+3	-9,278648E-5	2,464062E+3	-9,941744E-4
2,465625E+3	-5,046141E-5	2,465625E+3	-1,286351E-3	2,465625E+3	-9,512236E-5	2,465625E+3	-1,260048E-3	2,465625E+3	-6,809987E-5	2,465625E+3	-1,352938E-3	2,465625E+3	-5,948989E-5	2,465625E+3	-1,064110E-3
2,467187E+3	-5,140219E-5	2,467187E+3	-1,266356E-3	2,467187E+3	-9,837213E-5	2,467187E+3	-1,251465E-3	2,467187E+3	-7,070727E-5	2,467187E+3	-1,337234E-3	2,467187E+3	-7,067756E-5	2,467187E+3	-1,097694E-3
2,468750E+3	-5,148232E-5	2,468750E+3	-1,245232E-3	2,468750E+3	-9,784091E-5	2,468750E+3	-1,244355E-3	2,468750E+3	-7,080746E-5	2,468750E+3	-1,322309E-3	2,468750E+3	-5,660121E-5	2,468750E+3	-1,157626E-3
2,470312E+3	-5,311128E-5	2,470312E+3	-1,225689E-3	2,470312E+3	-1,076559E-4	2,470312E+3	-1,227839E-3	2,470312E+3	-7,407609E-5	2,470312E+3	-1,306249E-3	2,470312E+3	-6,301649E-5	2,470312E+3	-1,194000E-3
2,471875E+3	-5,371369E-5	2,471875E+3	-1,205009E-3	2,471875E+3	-1,135747E-4	2,471875E+3	-1,213670E-3	2,471875E+3	-7,512729E-5	2,471875E+3	-1,291354E-3	2,471875E+3	-5,475249E-5	2,471875E+3	-1,254757E-3
2,473437E+3	-5,416813E-5	2,473437E+3	-1,185998E-3	2,473437E+3	-1,163064E-4	2,473437E+3	-1,205623E-3	2,473437E+3	-7,766940E-5	2,473437E+3	-1,276288E-3	2,473437E+3	-5,827134E-5	2,473437E+3	-1,286343E-3
2,475000E+3	-5,359774E-5	2,475000E+3	-1,165619E-3	2,475000E+3	-1,158374E-4	2,475000E+3	-1,199954E-3	2,475000E+3	-7,798805E-5	2,475000E+3	-1,262464E-3	2,475000E+3	-5,403952E-5	2,475000E+3	-1,334557E-3
2,476562E+3	-5,395059E-5	2,476562E+3	-1,144747E-3	2,476562E+3	-1,222471E-4	2,476562E+3	-1,211442E-3	2,476562E+3	-8,726751E-5	2,476562E+3	-1,230530E-3	2,476562E+3	-5,648130E-5	2,476562E+3	-1,363102E-3
2,478125E+3	-5,338444E-5	2,478125E+3	-1,122738E-3	2,478125E+3	-1,211084E-4	2,478125E+3	-1,232483E-3	2,478125E+3	-9,357027E-5	2,478125E+3	-1,201749E-3	2,478125E+3	-5,434175E-5	2,478125E+3	-1,403210E-3
2,479687E+3	-5,338972E-5	2,479687E+3	-1,097049E-3	2,479687E+3	-1,382767E-4	2,479687E+3	-1,304175E-3	2,479687E+3	-9,471899E-5	2,479687E+3	-1,184863E-3	2,479687E+3	-5,605336E-5	2,479687E+3	-1,433602E-3
2,481250E+3	-5,273736E-5	2,481250E+3	-1,070679E-3	2,481250E+3	-1,240678E-4	2,481250E+3	-1,433744E-3	2,481250E+3	-9,428442E-5	2,481250E+3	-1,169069E-3	2,481250E+3	-5,417020E-5	2,481250E+3	-1,474200E-3
2,482812E+3	-5,109651E-5	2,482812E+3	-1,038466E-3	2,482812E+3	-1,276721E-4	2,482812E+3	-1,483446E-3	2,482812E+3	-9,479966E-5	2,482812E+3	-1,149622E-3	2,482812E+3	-5,784514E-5	2,482812E+3	-1,499043E-3
2,484375E+3	-4,925295E-5	2,484375E+3	-1,006095E-3	2,484375E+3	-1,219272E-4	2,484375E+3	-1,554690E-3	2,484375E+3	-9,414319E-5	2,484375E+3	-1,130983E-3	2,484375E+3	-5,833828E-5	2,484375E+3	-1,535629E-3
2,485937E+3	-3,545640E-4	2,485937E+3	-1,199583E-3	2,485937E+3	-1,259178E-4	2,485937E+3	-1,612391E-3	2,485937E+3	-9,450086E-5	2,485937E+3	-1,107941E-3	2,485937E+3	-5,884971E-5	2,485937E+3	-1,564475E-3
2,487500E+3	-5,642681E-5	2,487500E+3	-1,542246E-3	2,487500E+3	-1,234881E-4	2,487500E+3	-1,691511E-3	2,487500E+3	-9,417084E-5	2,487500E+3	-1,085366E-3	2,487500E+3	-5,706025E-5	2,487500E+3	-1,600604E-3
2,489062E+3	-6,173139E-5	2,489062E+3	-1,563297E-3	2,489062E+3	-1,268160E-4	2,489062E+3	-1,749162E-3	2,489062E+3	-1,422997E-4	2,489062E+3	-1,223200E-3	2,489062E+3	-5,669150E-5	2,489062E+3	-1,636403E-3
2,490625E+3	-5,298282E-5	2,490625E+3	-1,604944E-3	2,490625E+3	-1,259005E-4	2,490625E+3	-1,824792E-3	2,490625E+3	-1,047372E-4	2,490625E+3	-1,585410E-3	2,490625E+3	-5,392120E-5	2,490625E+3	-1,680028E-3
2,492187E+3	-5,711044E-5	2,492187E+3	-1,641118E-3	2,492187E+3	-1,279725E-4	2,492187E+3	-1,842314E-3	2,492187E+3	-1,053062E-4	2,492187E+3	-1,627608E-3	2,492187E+3	-5,389487E-5	2,492187E+3	-1,709600E-3
2,493750E+3	-4,876005E-5	2,493750E+3	-1,701425E-3	2,493750E+3	-1,289132E-4	2,493750E+3	-1,865973E-3	2,493750E+3	-1,009955E-4	2,493750E+3	-1,683397E-3	2,493750E+3	-5,219740E-5	2,493750E+3	-1,744939E-3
2,495312E+3	-4,976088E-5	2,495312E+3	-1,742097E-3	2,495312E+3	-1,305863E-4	2,495312E+3	-1,872851E-3	2,495312E+3	-1,021991E-4	2,495312E+3	-1,723864E-3	2,495312E+3	-5,358517E-5	2,495312E+3	-1,763058E-3
2,496875E+3	-4,145172E-5	2,496875E+3	-1,805405E-3	2,496875E+3	-1,316172E-4	2,496875E+3	-1,883719E-3	2,496875E+3	-1,001752E-4	2,496875E+3	-1,776064E-3	2,496875E+3	-5,405687E-5	2,496875E+3	-1,784685E-3
2,498437E+3	-4,119002E-5	2,498437E+3	-1,836467E-3	2,498437E+3	-1,319500E-4	2,498437E+3	-1,893277E-3	2,498437E+3	-1,020831E-4	2,498437E+3	-1,819107E-3	2,498437E+3	-2,567099E-6	2,498437E+3	-2,040029E-3
2,500000E+3	-3,642892E-5	2,500000E+3	-1,883726E-3	2,500000E+3	-1,315140E-4	2,500000E+3	-1,906131E-3	2,500000E+3	-1,015794E-4	2,500000E+3	-1,873497E-3	2,500000E+3	1,151351E-4	2,500000E+3	-2,404747E-3
2,501562E+3	-3,492209E-5	2,501562E+3	-1,897912E-3	2,501562E+3	-1,311678E-4	2,501562E+3	-1,917925E-3	2,501562E+3	-1,035839E-4	2,501562E+3	-1,909005E-3	2,501562E+3	1,155533E-4	2,501562E+3	-2,424755E-3
2,503125E+3	-3,167025E-5	2,503125E+3	-1,921901E-3	2,503125E+3	-1,300501E-4	2,503125E+3	-1,932769E-3	2,503125E+3	-1,040812E-4	2,503125E+3	-1,952848E-3	2,503125E+3	1,165427E-4	2,503125E+3	-2,447330E-3
2,504687E+3	-2,899449E-5	2,504687E+3	-1,928381E-3	2,504687E+3	-9,836719E-5	2,504687E+3	-2,222087E-3	2,504687E+3	-1,053262E-4	2,504687E+3	-1,974028E-3	2,504687E+3	1,188512E-4	2,504687E+3	-2,476127E-3
2,506250E+3	-2,566061E-5	2,506250E+3	-1,943077E-3	2,506250E+3	-2,255861E-7	2,506250E+3	-2,657792E-3	2,506250E+3	-1,056892E-4	2,506250E+3	-2,000082E-3	2,506250E+3	1,219907E-4	2,506250E+3	-2,508220E-3
2,507812E+3	-2,003596E-5	2,507812E+3	-1,952517E-3	2,507812E+3	-3,583210E-7	2,507812E+3	-2,679954E-3	2,507812E+3	-6,145645E-5	2,507812E+3	-2,261337E-3	2,507812E+3	1,221375E-4	2,507812E+3	-2,537992E-3
2,509375E+3	-1,405639E-5	2,509375E+3	-1,971682E-3	2,509375E+3	-1,929244E-7	2,509375E+3	-2,704924E-3	2,509375E+3	4,634997E-5	2,509375E+3	-2,633433E-3	2,509375E+3	1,229041E-4	2,509375E+3	-2,570935E-3
2,510937E+3	-8,091098E-6	2,510937E+3	-1,992079E-3	2,510937E+3	-1,055274E-6	2,510937E+3	-2,723008E-3	2,510937E+3	4,712358E-5	2,510937E+3	-2,661206E-3	2,510937E+3	1,235445E-4	2,510937E+3	-2,593024E-3
2,512500E+3	-1,779249E-6	2,512500E+3	-2,024059E-3	2,512500E+3	-1,722473E-6	2,512500E+3	-2,743337E-3	2,512500E+3	4,834788E-5	2,512500E+3	-2,693151E-3	2,512500E+3	1,247693E-4	2,512500E+3	-2,617378E-3
2,514062E+3	4,345238E-6	2,514062E+3	-2,047487E-3	2,514062E+3	-1,541444E-6	2,514062E+3	-2,762756E-3	2,514062E+3	5,069861E-5	2,514062E+3	-2,725092E-3	2,514062E+3	1,257364E-4	2,514062E+3	-2,639233E-3
2,515625E+3	1,022725E-5	2,515625E+3	-2,082033E-3	2,515625E+3	-1,100070E-6	2,515625E+3	-2,784377E-3	2,515625E+3	5,367011E-5	2,515625E+3	-2,761678E-3	2,515625E+3	1,272497E-4	2,515625E+3	-2,663176E-3
2,517187E+3	9,317963E-5	2,517187E+3	-2,365956E-3	2,517187E+3	-4,457144E-7	2,517187E+3	-2,804246E-3	2,517187E+3	5,518794E-5	2,517187E+3	-2,790613E-3	2,517187E+3	1,294423E-4	2,517187E+3	-2,687090E-3
2,518750E+3	2,716031E-4	2,518750E+3	-2,766309E-3	2,518750E+3	4,904351E-7	2,518750E+3	-2,826237E-3	2,518750E+3	5,710452E-5	2,518750E+3	-2,823971E-3	2,518750E+3	1,322370E-4	2,518750E+3	-2,713105E-3
2,520312E+3	2,824657E-4	2,520312E+3	-2,783364E-3	2,520312E+3	2,054421E-6	2,520312E+3	-2,847758E-3	2,520312E+3	5,866741E-5	2,520312E+3	-2,841672E-3	2,520312E+3	1,346221E-4	2,520312E+3	-2,740321E-3
2,521875E+3	2,917918E-4	2,521875E+3	-2,806238E-3	2,521875E+3	3,990404E-6	2,521875E+3	-2,871443E-3	2,521875E+3	6,044449E-5	2,521875E+3	-2,862845E-3	2,521875E+3	1,376245E-4	2,521875E+3	-2,769769E-3
2,523437E+3	3,020024E-4	2,523437E+3	-2,811893E-3	2,523437E+3	6,919645E-6	2,523437E+3	-2,899626E-3	2,523437E+3	6,246688E-5	2,523437E+3	-2,876798E-3	2,523437E+3	1,393732E-4	2,523437E+3	-2,789983E-3
2,525000E+3	3,098010E-4	2,525000E+3	-2,821893E-3	2,525000E+3	1,034857E-5	2,525000E+3	-2,930388E-3	2,525000E+3	6,466030E-5	2,525000E+3	-2,893736E-3	2,525000E+3	1,416397E-4	2,525000E+3	-2,811811E-3
2,526562E+3	3,234771E-4	2,526562E+3	-2,822774E-3	2,526562E+3	1,266401E-5	2,526562E+3	-2,957421E-3	2,526562E+3	6,625305E-5	2,526562E+3	-2,907985E-3	2,526562E+3	1,424946E-4	2,526562E+3	-2,828044E-3
2,528125E+3	3,320047E-4	2,528125E+3	-2,828751E-3	2,528125E+3	1,539966E-5	2,528125E+3	-2,986799E-3	2,528125E+3	6,799618E-5	2,528125E+3	-2,925071E-3	2,528125E+3	1,437907E-4	2,528125E+3	-2,845569E-3
2,529687E+3	3,486032E-4	2,529687E+3	-2,825445E-3	2,529687E+3	1,236837E-5	2,529687E+3	-2,934499E-3	2,529687E+3	6,996151E-5	2,529687E+3	-2,940554E-3	2,529687E+3	1,447130E-4	2,529687E+3	-2,860489E-3
2,531250E+3	3,552026E-4	2,531250E+3	-2,826731E-3	2,531250E+3	5,046871E-7	2,531250E+3	-2,959708E-3	2,531250E+3	7,209167E-5	2,531250E+3	-2,958825E-3	2,531250E+3	1,460470E-4	2,531250E+3	-2,876584E-3
2,532812E+3	3,687888E-4	2,532812E+3	-2,837861E-3	2,532812E+3	1,636165E-6	2,532812E+3	-2,982589E-3	2,532812E+3	7,415657E-5	2,532812E+3	-2,969802E-3	2,532812E+3	1,476665E-4	2,532812E+3	-2,890863E-3
2,534375E+3	3,782224E-4	2,534375E+3	-2,851046E-3	2,534375E+3	2,847052E-6	2,534375E+3	-3,007042E-3	2,534375E+3	7,528152E-5	2,534375E+3	-2,986996E-3	2,534375E+3	1,496981E-4	2,534375E+3	-2,906232E-3
2,535937E+3	3,930691E-4	2,535937E+3	-2,875085E-3	2,535937E+3	4,370899E-6	2,535937E+3	-3,022230E-3	2,535937E+3	7,883078E-5	2,535937E+3	-3,000476E-3	2,535937E+3	1,526652E-4	2,535937E+3	-2,925430E-3
2,537500E+3	4,063795E-4	2,537500E+3	-2,901037E-3	2,537500E+3	5,967332E-6	2,537500E+3	-3,038483E-3	2,537500E+3	7,976820E-5	2,537500E+3	-3,021967E-3	2,537500E+3	1,561120E-4	2,537500E+3	-2,945962E-3
2,539062E+3	4,219440E-4	2,539062E+3	-2,925418E-3	2,539062E+3	7,574719E-6	2,539062E+3	-3,054393E-3	2,539062E+3	8,324733E-5	2,539062E+3	-3,042356E-3	2,539062E+3	1,622016E-4	2,539062E+3	-2,968272E-3
2,540625E+3	4,365283E-4	2,540625E+3	-2,951225E-3	2,540625E+3	9,283577E-6	2,540625E+3	-3,071328E-3	2,540625E+3	8,670342E-5	2,540625E+3	-3,064979E-3	2,540625E+3	1,689152E-4	2,540625E+3	-2,992063E-3
2,542187E+3	4,517458E-4	2,542187E+3	-2,968315E-3	2,542187E+3	1,045423E-5	2,542187E+3	-3,089430E-3	2,542187E+3	8,992205E-5	2,542187E+3	-3,083000E-3	2,542187E+3	1,747600E-4	2,542187E+3	-3,006944E-3
2,543750E+3	4,656567E-4	2,543750E+3	-2,985997E-3	2,543750E+3	1,177314E-5	2,543750E+3	-3,108687E-3	2,543750E+3	9,321998E-5	2,543750E+3	-3,102684E-3	2,543750E+3	1,811071E-4	2,543750E+3	-3,022862E-3
2,545312E+3	4,799926E-4	2,545312E+3	-2,996856E-3	2,545312E+3	1,383687E-5	2,545312E+3	-3,133818E-3	2,545312E+3	9,716386E-5	2,545312E+3	-3,120506E-3	2,545312E+3	1,722457E-4	2,545312E+3	-3,066405E-3
2,546875E+3	4,925371E-4	2,546875E+3	-3,007583E-3	2,546875E+3	1,615441E-5	2,546875E+3	-3,160458E-3	2,546875E+3	1,012716E-4	2,546875E+3	-3,139784E-3	2,546875E+3	1,766066E-4	2,546875E+3	-3,102554E-3
2,548437E+3	5,067830E-4	2,548437E+3	-3,008667E-3	2,548437E+3	1,802913E-5	2,548437E+3	-3,183956E-3	2,548437E+3	1,076302E-4	2,548437E+3	-3,164515E-3	2,548437E+3	1,773544E-4	2,548437E+3	-3,113300E-3
2,550000E+3	5,170722E-4	2,550000E+3	-3,007332E-3	2,550000E+3	2,016429E-5	2,550000E+3	-3,208867E-3	2,550000E+3	1,143555E-4	2,550000E+3	-3,190929E-3	2,550000E+3	1,790915E-4	2,550000E+3	-3,124402E-3
2,551562E+3	5,308575E-4	2,551562E+3	-3,018005E-3	2,551562E+3	2,234047E-5	2,551562E+3	-3,223497E-3	2,551562E+3	1,208964E-4	2,551562E+3	-3,217849E-3	2,551562E+3	1,793769E-4	2,551562E+3	-3,133021E-3
2,553125E+3	5,436849E-4	2,553125E+3	-3,028286E-3	2,553125E+3	2,473084E-5	2,553125E+3	-3,239059E-3	2,553125E+3	1,278473E-4	2,553125E+3	-3,246541E-3	2,553125E+3	1,806584E-4	2,553125E+3	-3,141977E-3
2,554687E+3	5,595887E-4	2,554687E+3	-3,049712E-3	2,554687E+3	2,681560E-5	2,554687E+3	-3,250108E-3	2,554687E+3	1,319766E-4	2,554687E+3	-3,263541E-3	2,554687E+3	1,815594E-4	2,554687E+3	-3,151979E-3
2,556250E+3	5,758251E-4	2,556250E+3	-3,071747E-3	2,556250E+3	2,913514E-5	2,556250E+3	-3,261914E-3	2,556250E+3	1,363668E-4	2,556250E+3	-3,281875E-3	2,556250E+3	1,838470E-4	2,556250E+3	-3,162248E-3
2,557812E+3	5,942535E-4	2,557812E+3	-3,096642E-3	2,557812E+3	3,107822E-5	2,557812E+3	-3,272653E-3	2,557812E+3	1,352640E-4	2,557812E+3	-3,293962E-3	2,557812E+3	1,820725E-4	2,557812E+3	-3,185450E-3
2,559375E+3	6,133474E-4	2,559375E+3	-3,122266E-3	2,559375E+3	3,326212E-5	2,559375E+3	-3,284121E-3	2,559375E+3	1,326053E-4	2,559375E+3	-3,318364E-3	2,559375E+3	1,863215E-4	2,559375E+3	-3,209901E-3
2,560937E+3	6,302316E-4	2,560937E+3	-3,143175E-3	2,560937E+3	3,605105E-5	2,560937E+3	-3,299913E-3	2,560937E+3	1,368444E-4	2,560937E+3	-3,333115E-3	2,560937E+3	1,830151E-4	2,560937E+3	-3,239642E-3
2,562500E+3	6,476563E-4	2,562500E+3	-3,164627E-3	2,562500E+3	3,915374E-5	2,562500E+3	-3,316640E-3	2,562500E+3	1,412901E-4	2,562500E+3	-3,348790E-3	2,562500E+3	1,904795E-4	2,562500E+3	-3,274398E-3
2,564062E+3	6,618286E-4	2,564062E+3	-3,178288E-3	2,564062E+3	3,420309E-5	2,564062E+3	-3,340309E-3	2,564062E+3	1,462100E-4	2,564062E+3	-3,364383E-3	2,564062E+3	1,920267E-4	2,564062E+3	-3,287919E-3
2,565625E+3	6,761550E-4	2,565625E+3	-3,192238E-3	2,565625E+3	3,222904E-5	2,565625E+3	-3,393877E-3	2,565625E+3	1,513766E-4	2,565625E+3	-3,380902E-3	2,565625E+3	1,964846E-4	2,565625E+3	-3,303847E-3
2,567187E+3	6,933136E-4	2,567187E+3	-3,207851E-3	2,567187E+3	3,410608E-5	2,567187E+3	-3,402122E-3	2,567187E+3	1,570304E-4	2,567187E+3	-3,394216E-3	2,567187E+3	1,959640E-4	2,567187E+3	-3,317828E-3
2,568750E+3	7,106076E-4	2,568750E+3	-3,223773E-3	2,568750E+3	3,611416E-5	2,568750E+3	-3,411167E-3	2,568750E+3	1,629194E-4	2,568750E+3	-3,408361E-3	2,568750E+3	1,985750E-4	2,568750E+3	-3,335605E-3
2,570312E+3	7,304505E-4	2,570312E+3	-3,246482E-3	2,570312E+3	3,880861E-5	2,570312E+3	-3,419564E-3	2,570312E+3	1,685099E-4	2,570312E+3	-3,421237E-3	2,570312E+3	1,956994E-4	2,570312E+3	-3,367664E-3
2,571875E+3	7,509214E-4	2,571875E+3	-3,269773E-3	2,571875E+3	4,164123E-5	2,571875E+3	-3,428925E-3	2,571875E+3	1,742967E-4	2,571875E+3	-3,435061E-3	2,571875E+3	2,010660E-4	2,571875E+3	-3,412760E-3
2,573437E+3	7,589806E-4	2,573437E+3	-3,255163E-3	2,573437E+3	4,785619E-5	2,573437E+3	-3,514123E-3	2,573437E+3	1,785960E-4	2,573437E+3	-3,450201E-3	2,573437E+3	2,019780E-4	2,573437E+3	-3,436956E-3
2,575000E+3	7,560683E-4	2,575000E+3	-3,237331E-3	2,575000E+3	6,351477E-5	2,575000E+3	-3,633451E-3	2,575000E+3	1,829966E-4	2,575000E+3	-3,467933E-3	2,575000E+3	2,056352E-4	2,575000E+3	-3,467140E-3
2,576562E+3	7,721303E-4	2,576562E+3	-3,259094E-3	2,576562E+3	6,213279E-5	2,576562E+3	-3,632645E-3	2,576562E+3	1,846627E-4	2,576562E+3	-3,508009E-3	2,576562E+3	2,072010E-4	2,576562E+3	-3,489811E-3
2,578125E+3	7,887509E-4	2,578125E+3	-3,281412E-3	2,578125E+3	6,072661E-5	2,578125E+3	-3,632797E-3	2,578125E+3	1,948801E-4	2,578125E+3	-3,574612E-3	2,578125E+3	2,100013E-4	2,578125E+3	-3,517270E-3
2,579687E+3	8,054426E-4	2,579687E+3	-3,303804E-3	2,579687E+3	7,698323E-5	2,579687E+3	-3,668434E-3	2,579687E+3	2,012365E-4	2,579687E+3	-3,591227E-3	2,579687E+3	2,073136E-4	2,579687E+3	-3,632821E-3
2,581250E+3	8,227224E-4	2,581250E+3	-3,326752E-3	2,581250E+3	9,306437E-5	2,581250E+3	-3,706629E-3	2,581250E+3	2,076793E-4	2,581250E+3	-3,609229E-3	2,581250E+3	2,556421E-4	2,581250E+3	-3,829886E-3
2,582812E+3	8,418226E-4	2,582812E+3	-3,351200E-3	2,582812E+3	9,297808E-5	2,582812E+3	-3,711159E-3	2,582812E+3	2,287236E-4	2,582812E+3	-3,654022E-3	2,582812E+3	2,544938E-4	2,582812E+3	-3,839832E-3
2,584375E+3	8,616021E-4	2,584375E+3	-3,376211E-3	2,584375E+3	9,287256E-5	2,584375E+3	-3,716614E-3	2,584375E+3	2,502403E-4	2,584375E+3	-3,700547E-3	2,584375E+3	2,534799E-4	2,584375E+3	-3,851289E-3
2,585937E+3	8,777240E-4	2,585937E+3	-3,397201E-3	2,585937E+3	9,201794E-5	2,585937E+3	-3,722201E-3	2,585937E+3	2,504554E-4	2,585937E+3	-3,703622E-3	2,585937E+3	2,533706E-4	2,585937E+3	-3,861085E-3
2,587500E+3	8,943681E-4	2,587500E+3	-3,418689E-3	2,587500E+3	9,112677E-5	2,587500E+3	-3,728888E-3	2,587500E+3	2,506639E-4	2,587500E+3	-3,707742E-3	2,587500E+3	2,535658E-4	2,587500E+3	-3,872257E-3
2,589062E+3	9,099453E-4	2,589062E+3	-3,439833E-3	2,589062E+3	9,023990E-5	2,589062E+3	-3,734290E-3	2,589062E+3	2,498823E-4	2,589062E+3	-3,708635E-3	2,589062E+3	2,538043E-4	2,589062E+3	-3,889615E-3
2,590625E+3	9,260421E-4	2,590625E+3	-3,461459E-3	2,590625E+3	8,934502E-5	2,590625E+3	-3,740730E-3	2,590625E+3	2,491219E-4	2,590625E+3	-3,710322E-3	2,590625E+3	2,544742E-4	2,590625E+3	-3,909191E-3
2,592187E+3	9,416517E-4	2,592187E+3	-3,483903E-3	2,592187E+3	8,827805E-5	2,592187E+3	-3,745958E-3	2,592187E+3	2,482184E-4	2,592187E+3	-3,711015E-3	2,592187E+3	2,825153E-4	2,592187E+3	-3,951282E-3
2,593750E+3	9,578090E-4	2,593750E+3	-3,506846E-3	2,593750E+3	8,724093E-5	2,593750E+3	-3,752141E-3	2,593750E+3	2,473264E-4	2,593750E+3	-3,712296E-3	2,593750E+3	3,097922E-4	2,593750E+3	-3,997476E-3
2,595312E+3	9,740684E-4	2,595312E+3	-3,529927E-3	2,595312E+3	8,598760E-5	2,595312E+3	-3,757219E-3	2,595312E+3	2,469191E-4	2,595312E+3	-3,713926E-3	2,595312E+3	3,072259E-4	2,595312E+3	-4,006225E-3
2,596875E+3	9,908929E-4	2,596875E+3	-3,553493E-3	2,596875E+3	8,478716E-5	2,596875E+3	-3,763171E-3	2,596875E+3	2,465534E-4	2,596875E+3	-3,716142E-3	2,596875E+3	3,046816E-4	2,596875E+3	-4,016096E-3
2,598437E+3	1,006173E-3	2,598437E+3	-3,575669E-3	2,598437E+3	8,305375E-5	2,598437E+3	-3,767605E-3	2,598437E+3	3,067884E-4	2,598437E+3	-3,760458E-3	2,598437E+3	3,045455E-4	2,598437E+3	-4,022944E-3
2,600000E+3	1,021970E-3	2,600000E+3	-3,598325E-3	2,600000E+3	8,135517E-5	2,600000E+3	-3,772772E-3	2,600000E+3	3,648297E-4	2,600000E+3	-3,803562E-3	2,600000E+3	3,045728E-4	2,600000E+3	-4,030680E-3
2,601562E+3	1,035333E-3	2,601562E+3	-3,618484E-3	2,601562E+3	7,938142E-5	2,601562E+3	-3,777338E-3	2,601562E+3	3,635712E-4	2,601562E+3	-3,809701E-3	2,601562E+3	3,256475E-4	2,601562E+3	-4,033719E-3
2,603125E+3	1,049151E-3	2,603125E+3	-3,639165E-3	2,603125E+3	7,746003E-5	2,603125E+3	-3,782600E-3	2,603125E+3	3,624224E-4	2,603125E+3	-3,816850E-3	2,603125E+3	3,450037E-4	2,603125E+3	-4,041763E-3
2,604687E+3	1,064434E-3	2,604687E+3	-3,661509E-3	2,604687E+3	1,271427E-4	2,604687E+3	-3,774634E-3	2,604687E+3	3,611695E-4	2,604687E+3	-3,824450E-3	2,604687E+3	3,439231E-4	2,604687E+3	-4,072681E-3
2,606250E+3	1,080236E-3	2,606250E+3	-3,684319E-3	2,606250E+3	1,674440E-4	2,606250E+3	-3,774628E-3	2,606250E+3	3,600387E-4	2,606250E+3	-3,833148E-3	2,606250E+3	3,434141E-4	2,606250E+3	-4,106822E-3
2,607812E+3	1,097200E-3	2,607812E+3	-3,708842E-3	2,607812E+3	1,673369E-4	2,607812E+3	-3,780060E-3	2,607812E+3	3,588344E-4	2,607812E+3	-3,839926E-3	2,607812E+3	3,473408E-4	2,607812E+3	-4,100716E-3
2,609375E+3	1,114739E-3	2,609375E+3	-3,733821E-3	2,609375E+3	1,672757E-4	2,609375E+3	-3,786315E-3	2,609375E+3	3,577169E-4	2,609375E+3	-3,847601E-3	2,609375E+3	3,513888E-4	2,609375E+3	-4,097223E-3
2,610937E+3	1,125723E-3	2,610937E+3	-3,753143E-3	2,610937E+3	1,666626E-4	2,610937E+3	-3,793651E-3	2,610937E+3	3,562731E-4	2,610937E+3	-3,852500E-3	2,610937E+3	3,517992E-4	2,610937E+3	-4,102983E-3
2,612500E+3	1,137156E-3	2,612500E+3	-3,773064E-3	2,612500E+3	1,660575E-4	2,612500E+3	-3,801971E-3	2,612500E+3	3,548800E-4	2,612500E+3	-3,857999E-3	2,612500E+3	3,522656E-4	2,612500E+3	-4,109929E-3
2,614062E+3	1,141790E-3	2,614062E+3	-3,787001E-3	2,614062E+3	1,652170E-4	2,614062E+3	-3,809853E-3	2,614062E+3	3,538142E-4	2,614062E+3	-3,861768E-3	2,614062E+3	3,543006E-4	2,614062E+3	-4,113676E-3
2,615625E+3	1,146776E-3	2,615625E+3	-3,801548E-3	2,615625E+3	1,643728E-4	2,615625E+3	-3,818804E-3	2,615625E+3	3,528232E-4	2,615625E+3	-3,866002E-3	2,615625E+3	3,562603E-4	2,615625E+3	-4,119038E-3
2,617187E+3	1,152235E-3	2,617187E+3	-3,815844E-3	2,617187E+3	1,639152E-4	2,617187E+3	-3,825929E-3	2,617187E+3	4,254498E-4	2,617187E+3	-3,862140E-3	2,617187E+3	3,590086E-4	2,617187E+3	-4,116482E-3
2,618750E+3	1,158045E-3	2,618750E+3	-3,830676E-3	2,618750E+3	1,634703E-4	2,618750E+3	-3,834035E-3	2,618750E+3	4,885957E-4	2,618750E+3	-3,859227E-3	2,618750E+3	3,614803E-4	2,618750E+3	-4,115645E-3
2,620312E+3	1,168198E-3	2,620312E+3	-3,848613E-3	2,620312E+3	1,631720E-4	2,620312E+3	-3,842135E-3	2,620312E+3	4,915346E-4	2,620312E+3	-3,866106E-3	2,620312E+3	3,627715E-4	2,620312E+3	-4,115599E-3
2,621875E+3	1,178717E-3	2,621875E+3	-3,866982E-3	2,621875E+3	1,628947E-4	2,621875E+3	-3,851353E-3	2,621875E+3	4,943971E-4	2,621875E+3	-3,874012E-3	2,621875E+3	3,638987E-4	2,621875E+3	-4,116954E-3
2,623437E+3	1,233346E-3	2,623437E+3	-3,915339E-3	2,623437E+3	1,630102E-4	2,623437E+3	-3,858615E-3	2,623437E+3	4,984528E-4	2,623437E+3	-3,878971E-3	2,623437E+3	3,650222E-4	2,623437E+3	-4,121964E-3
2,625000E+3	1,289112E-3	2,625000E+3	-3,962499E-3	2,625000E+3	1,631140E-4	2,625000E+3	-3,866979E-3	2,625000E+3	5,023571E-4	2,625000E+3	-3,884855E-3	2,625000E+3	3,661292E-4	2,625000E+3	-4,128333E-3
2,626562E+3	1,291122E-3	2,626562E+3	-3,970887E-3	2,626562E+3	1,642804E-4	2,626562E+3	-3,869239E-3	2,626562E+3	5,078167E-4	2,626562E+3	-3,888344E-3	2,626562E+3	3,672209E-4	2,626562E+3	-4,135941E-3
2,628125E+3	1,293325E-3	2,628125E+3	-3,979652E-3	2,628125E+3	1,653341E-4	2,628125E+3	-3,872713E-3	2,628125E+3	5,130394E-4	2,628125E+3	-3,892747E-3	2,628125E+3	3,683612E-4	2,628125E+3	-4,144875E-3
2,629687E+3	1,293040E-3	2,629687E+3	-3,987717E-3	2,629687E+3	1,677432E-4	2,629687E+3	-3,871760E-3	2,629687E+3	5,185814E-4	2,629687E+3	-3,896293E-3	2,629687E+3	3,689026E-4	2,629687E+3	-4,149591E-3
2,631250E+3	1,293026E-3	2,631250E+3	-3,996267E-3	2,631250E+3	1,698863E-4	2,631250E+3	-3,872527E-3	2,631250E+3	5,238696E-4	2,631250E+3	-3,900731E-3	2,631250E+3	3,694286E-4	2,631250E+3	-4,155457E-3
2,632812E+3	1,294859E-3	2,632812E+3	-4,006940E-3	2,632812E+3	1,713814E-4	2,632812E+3	-3,878664E-3	2,632812E+3	5,289092E-4	2,632812E+3	-3,905384E-3	2,632812E+3	3,838483E-4	2,632812E+3	-4,268787E-3
2,634375E+3	1,297046E-3	2,634375E+3	-4,018231E-3	2,634375E+3	1,727306E-4	2,634375E+3	-3,886607E-3	2,634375E+3	5,337341E-4	2,634375E+3	-3,910907E-3	2,634375E+3	4,027616E-4	2,634375E+3	-4,384020E-3
2,635937E+3	1,331937E-3	2,635937E+3	-4,041553E-3	2,635937E+3	1,731208E-4	2,635937E+3	-3,888954E-3	2,635937E+3	5,392578E-4	2,635937E+3	-3,917291E-3	2,635937E+3	4,051760E-4	2,635937E+3	-4,385043E-3
2,637500E+3	1,366654E-3	2,637500E+3	-4,064522E-3	2,637500E+3	1,734036E-4	2,637500E+3	-3,892289E-3	2,637500E+3	5,446296E-4	2,637500E+3	-3,924567E-3	2,637500E+3	4,075031E-4	2,637500E+3	-4,386836E-3
2,639062E+3	1,373821E-3	2,639062E+3	-4,071362E-3	2,639062E+3	1,773092E-4	2,639062E+3	-3,959315E-3	2,639062E+3	5,506709E-4	2,639062E+3	-3,930922E-3	2,639062E+3	4,087106E-4	2,639062E+3	-4,385037E-3
2,640625E+3	1,381014E-3	2,640625E+3	-4,078631E-3	2,640625E+3	1,826402E-4	2,640625E+3	-4,028062E-3	2,640625E+3	5,565352E-4	2,640625E+3	-3,938119E-3	2,640625E+3	4,097599E-4	2,640625E+3	-4,383931E-3
2,642187E+3	1,406546E-3	2,642187E+3	-4,080736E-3	2,642187E+3	1,828702E-4	2,642187E+3	-4,024571E-3	2,642187E+3	5,642789E-4	2,642187E+3	-3,948050E-3	2,642187E+3	4,098827E-4	2,642187E+3	-4,380337E-3
2,643750E+3	1,431253E-3	2,643750E+3	-4,083257E-3	2,643750E+3	1,830076E-4	2,643750E+3	-4,021267E-3	2,643750E+3	5,719169E-4	2,643750E+3	-3,958978E-3	2,643750E+3	4,098081E-4	2,643750E+3	-4,377343E-3
2,645312E+3	1,432462E-3	2,645312E+3	-4,088006E-3	2,645312E+3	1,828689E-4	2,645312E+3	-4,017427E-3	2,645312E+3	5,805645E-4	2,645312E+3	-3,969639E-3	2,645312E+3	4,100075E-4	2,645312E+3	-4,372473E-3
2,646875E+3	1,433780E-3	2,646875E+3	-4,093201E-3	2,646875E+3	1,826387E-4	2,646875E+3	-4,013715E-3	2,646875E+3	5,890693E-4	2,646875E+3	-3,981254E-3	2,646875E+3	4,100171E-4	2,646875E+3	-4,368125E-3
2,648437E+3	1,438976E-3	2,648437E+3	-4,097380E-3	2,648437E+3	1,825848E-4	2,648437E+3	-4,009891E-3	2,648437E+3	5,940783E-4	2,648437E+3	-3,975491E-3	2,648437E+3	4,101057E-4	2,648437E+3	-4,362314E-3
2,650000E+3	1,444113E-3	2,650000E+3	-4,101968E-3	2,650000E+3	1,824573E-4	2,650000E+3	-4,006168E-3	2,650000E+3	5,985125E-4	2,650000E+3	-3,970046E-3	2,650000E+3	4,100058E-4	2,650000E+3	-4,356993E-3
2,651562E+3	1,452663E-3	2,651562E+3	-4,108359E-3	2,651562E+3	1,817926E-4	2,651562E+3	-4,001567E-3	2,651562E+3	6,302278E-4	2,651562E+3	-4,032086E-3	2,651562E+3	4,092625E-4	2,651562E+3	-4,350225E-3
2,653125E+3	1,461260E-3	2,653125E+3	-4,115347E-3	2,653125E+3	1,810356E-4	2,653125E+3	-3,997084E-3	2,653125E+3	6,652824E-4	2,653125E+3	-4,092533E-3	2,653125E+3	4,083098E-4	2,653125E+3	-4,343925E-3
2,654687E+3	1,469375E-3	2,654687E+3	-4,120644E-3	2,654687E+3	1,808680E-4	2,654687E+3	-3,992483E-3	2,654687E+3	6,705776E-4	2,654687E+3	-4,086662E-3	2,654687E+3	4,069930E-4	2,654687E+3	-4,336466E-3
2,656250E+3	1,477497E-3	2,656250E+3	-4,126469E-3	2,656250E+3	1,806234E-4	2,656250E+3	-3,987997E-3	2,656250E+3	6,752709E-4	2,656250E+3	-4,080956E-3	2,656250E+3	4,054506E-4	2,656250E+3	-4,329424E-3
2,657812E+3	1,482672E-3	2,657812E+3	-4,123886E-3	2,657812E+3	1,797561E-4	2,657812E+3	-3,982191E-3	2,657812E+3	6,804382E-4	2,657812E+3	-4,075083E-3	2,657812E+3	4,044755E-4	2,657812E+3	-4,321180E-3
2,659375E+3	1,487428E-3	2,659375E+3	-4,121439E-3	2,659375E+3	1,787779E-4	2,659375E+3	-3,976501E-3	2,659375E+3	6,849969E-4	2,659375E+3	-4,069367E-3	2,659375E+3	4,032739E-4	2,659375E+3	-4,313358E-3
2,660937E+3	1,491650E-3	2,660937E+3	-4,117150E-3	2,660937E+3	1,781023E-4	2,660937E+3	-3,969815E-3	2,660937E+3	6,899852E-4	2,660937E+3	-4,063050E-3	2,660937E+3	4,019048E-4	2,660937E+3	-4,304005E-3
2,662500E+3	1,495392E-3	2,662500E+3	-4,112926E-3	2,662500E+3	1,773190E-4	2,662500E+3	-3,963286E-3	2,662500E+3	6,943240E-4	2,662500E+3	-4,056893E-3	2,662500E+3	4,002794E-4	2,662500E+3	-4,295100E-3
2,664062E+3	1,527657E-3	2,664062E+3	-4,156888E-3	2,664062E+3	1,763033E-4	2,664062E+3	-3,955334E-3	2,664062E+3	6,992214E-4	2,664062E+3	-4,050115E-3	2,664062E+3	3,985866E-4	2,664062E+3	-4,284618E-3
2,665625E+3	1,564082E-3	2,665625E+3	-4,200051E-3	2,665625E+3	1,751612E-4	2,665625E+3	-3,947542E-3	2,665625E+3	7,034305E-4	2,665625E+3	-4,043498E-3	2,665625E+3	3,966042E-4	2,665625E+3	-4,274611E-3
2,667187E+3	1,567556E-3	2,667187E+3	-4,194640E-3	2,667187E+3	1,740345E-4	2,667187E+3	-3,938141E-3	2,667187E+3	7,232168E-4	2,667187E+3	-4,048137E-3	2,667187E+3	3,948772E-4	2,667187E+3	-4,262663E-3
2,668750E+3	1,570464E-3	2,668750E+3	-4,189147E-3	2,668750E+3	1,727660E-4	2,668750E+3	-3,928908E-3	2,668750E+3	7,424466E-4	2,668750E+3	-4,052975E-3	2,668750E+3	3,928148E-4	2,668750E+3	-4,251245E-3
2,670312E+3	1,574620E-3	2,670312E+3	-4,183410E-3	2,670312E+3	1,715765E-4	2,670312E+3	-3,918388E-3	2,670312E+3	7,496664E-4	2,670312E+3	-4,046737E-3	2,670312E+3	3,910278E-4	2,670312E+3	-4,237623E-3
2,671875E+3	1,578172E-3	2,671875E+3	-4,177613E-3	2,671875E+3	1,702382E-4	2,671875E+3	-3,908028E-3	2,671875E+3	7,560383E-4	2,671875E+3	-4,040736E-3	2,671875E+3	3,888353E-4	2,671875E+3	-4,224622E-3
2,673437E+3	1,600706E-3	2,673437E+3	-4,184822E-3	2,673437E+3	1,960499E-4	2,673437E+3	-4,003690E-3	2,673437E+3	7,652211E-4	2,673437E+3	-4,035367E-3	2,673437E+3	3,871250E-4	2,673437E+3	-4,209393E-3
2,675000E+3	1,623378E-3	2,675000E+3	-4,191787E-3	2,675000E+3	2,216064E-4	2,675000E+3	-4,082210E-3	2,675000E+3	7,734605E-4	2,675000E+3	-4,030263E-3	2,675000E+3	3,849207E-4	2,675000E+3	-4,194873E-3
2,676562E+3	1,633514E-3	2,676562E+3	-4,189719E-3	2,676562E+3	2,226365E-4	2,676562E+3	-4,073808E-3	2,676562E+3	7,850983E-4	2,676562E+3	-4,025643E-3	2,676562E+3	3,909184E-4	2,676562E+3	-4,181801E-3
2,678125E+3	1,643069E-3	2,678125E+3	-4,187674E-3	2,678125E+3	2,234967E-4	2,678125E+3	-4,065705E-3	2,678125E+3	7,956114E-4	2,678125E+3	-4,021327E-3	2,678125E+3	3,964576E-4	2,678125E+3	-4,169783E-3
2,679687E+3	1,655185E-3	2,679687E+3	-4,186269E-3	2,679687E+3	2,243082E-4	2,679687E+3	-4,056638E-3	2,679687E+3	8,090879E-4	2,679687E+3	-4,020198E-3	2,679687E+3	4,403166E-4	2,679687E+3	-4,271235E-3
2,681250E+3	1,666721E-3	2,681250E+3	-4,184840E-3	2,681250E+3	2,249142E-4	2,681250E+3	-4,047911E-3	2,681250E+3	8,215183E-4	2,681250E+3	-4,019257E-3	2,681250E+3	4,822772E-4	2,681250E+3	-4,349783E-3
2,682812E+3	1,679704E-3	2,682812E+3	-4,184462E-3	2,682812E+3	2,259498E-4	2,682812E+3	-4,037405E-3	2,682812E+3	8,444362E-4	2,682812E+3	-4,028848E-3	2,682812E+3	4,824987E-4	2,682812E+3	-4,333108E-3
2,684375E+3	1,692152E-3	2,684375E+3	-4,184008E-3	2,684375E+3	2,267343E-4	2,684375E+3	-4,027396E-3	2,684375E+3	8,664619E-4	2,684375E+3	-4,037811E-3	2,684375E+3	4,819306E-4	2,684375E+3	-4,317462E-3
2,685937E+3	1,706689E-3	2,685937E+3	-4,183673E-3	2,685937E+3	2,395738E-4	2,685937E+3	-4,024705E-3	2,685937E+3	8,868400E-4	2,685937E+3	-4,043130E-3	2,685937E+3	4,824506E-4	2,685937E+3	-4,300635E-3
2,687500E+3	1,720649E-3	2,687500E+3	-4,183207E-3	2,687500E+3	2,503778E-4	2,687500E+3	-4,022315E-3	2,687500E+3	9,062121E-4	2,687500E+3	-4,047934E-3	2,687500E+3	4,820826E-4	2,687500E+3	-4,284912E-3
2,689062E+3	1,733936E-3	2,689062E+3	-4,182403E-3	2,689062E+3	2,530252E-4	2,689062E+3	-4,011398E-3	2,689062E+3	9,159500E-4	2,689062E+3	-4,041286E-3	2,689062E+3	4,827257E-4	2,689062E+3	-4,267584E-3
2,690625E+3	1,746636E-3	2,690625E+3	-4,181444E-3	2,690625E+3	2,552139E-4	2,690625E+3	-4,001374E-3	2,690625E+3	9,245464E-4	2,690625E+3	-4,034667E-3	2,690625E+3	4,822916E-4	2,690625E+3	-4,251494E-3
2,692187E+3	1,758549E-3	2,692187E+3	-4,181341E-3	2,692187E+3	2,579140E-4	2,692187E+3	-3,988337E-3	2,692187E+3	9,334964E-4	2,692187E+3	-4,025161E-3	2,692187E+3	4,834419E-4	2,692187E+3	-4,233056E-3
2,693750E+3	1,769947E-3	2,693750E+3	-4,181049E-3	2,693750E+3	2,599818E-4	2,693750E+3	-3,976487E-3	2,693750E+3	9,411046E-4	2,693750E+3	-4,015654E-3	2,693750E+3	4,831831E-4	2,693750E+3	-4,216111E-3
2,695312E+3	1,781990E-3	2,695312E+3	-4,182026E-3	2,695312E+3	2,627975E-4	2,695312E+3	-3,960546E-3	2,695312E+3	9,523752E-4	2,695312E+3	-4,004147E-3	2,695312E+3	4,851235E-4	2,695312E+3	-4,196420E-3
2,696875E+3	1,793579E-3	2,696875E+3	-4,182763E-3	2,696875E+3	2,646303E-4	2,696875E+3	-3,946364E-3	2,696875E+3	9,618357E-4	2,696875E+3	-3,992546E-3	2,696875E+3	4,851262E-4	2,696875E+3	-4,178554E-3
2,698437E+3	1,805747E-3	2,698437E+3	-4,183275E-3	2,698437E+3	2,678145E-4	2,698437E+3	-3,927038E-3	2,698437E+3	9,763925E-4	2,698437E+3	-3,980910E-3	2,698437E+3	4,890002E-4	2,698437E+3	-4,158045E-3
2,700000E+3	1,817389E-3	2,700000E+3	-4,183517E-3	2,700000E+3	2,693836E-4	2,700000E+3	-3,910329E-3	2,700000E+3	9,887032E-4	2,700000E+3	-3,969006E-3	2,700000E+3	4,900458E-4	2,700000E+3	-4,139703E-3
2,701562E+3	1,829372E-3	2,701562E+3	-4,182875E-3	2,701562E+3	2,732376E-4	2,701562E+3	-3,886481E-3	2,701562E+3	1,012642E-3	2,701562E+3	-3,966859E-3	2,701562E+3	5,073486E-4	2,701562E+3	-4,125119E-3
2,703125E+3	1,840681E-3	2,703125E+3	-4,181944E-3	2,703125E+3	2,741899E-4	2,703125E+3	-3,866786E-3	2,703125E+3	1,034302E-3	2,703125E+3	-3,963621E-3	2,703125E+3	5,185558E-4	2,703125E+3	-4,111765E-3
2,704687E+3	1,852809E-3	2,704687E+3	-4,180373E-3	2,704687E+3	2,812042E-4	2,704687E+3	-3,833932E-3	2,704687E+3	1,052119E-3	2,704687E+3	-3,958922E-3	2,704687E+3	5,199085E-4	2,704687E+3	-4,087595E-3
2,706250E+3	1,864124E-3	2,706250E+3	-4,178468E-3	2,706250E+3	2,808135E-4	2,706250E+3	-3,808670E-3	2,706250E+3	1,068000E-3	2,706250E+3	-3,953385E-3	2,706250E+3	5,174350E-4	2,706250E+3	-4,064929E-3
2,707812E+3	1,875519E-3	2,707812E+3	-4,178080E-3	2,707812E+3	2,877395E-4	2,707812E+3	-3,778949E-3	2,707812E+3	1,076081E-3	2,707812E+3	-3,939633E-3	2,707812E+3	5,184201E-4	2,707812E+3	-4,041421E-3
2,709375E+3	1,886161E-3	2,709375E+3	-4,177327E-3	2,709375E+3	2,854716E-4	2,709375E+3	-3,754968E-3	2,709375E+3	1,082231E-3	2,709375E+3	-3,925380E-3	2,709375E+3	5,153390E-4	2,709375E+3	-4,018853E-3
2,710937E+3	1,895826E-3	2,710937E+3	-4,178807E-3	2,710937E+3	2,892093E-4	2,710937E+3	-3,735093E-3	2,710937E+3	1,090261E-3	2,710937E+3	-3,910329E-3	2,710937E+3	5,175348E-4	2,710937E+3	-3,991894E-3
2,712500E+3	1,904920E-3	2,712500E+3	-4,179924E-3	2,712500E+3	2,870033E-4	2,712500E+3	-3,717129E-3	2,712500E+3	1,096194E-3	2,712500E+3	-3,894617E-3	2,712500E+3	5,137901E-4	2,712500E+3	-3,965130E-3
2,714062E+3	1,913024E-3	2,714062E+3	-4,181841E-3	2,714062E+3	2,900499E-4	2,714062E+3	-3,702043E-3	2,714062E+3	1,104072E-3	2,714062E+3	-3,880135E-3	2,714062E+3	5,177175E-4	2,714062E+3	-3,935025E-3
2,715625E+3	1,920605E-3	2,715625E+3	-4,183395E-3	2,715625E+3	2,889390E-4	2,715625E+3	-3,687241E-3	2,715625E+3	1,109980E-3	2,715625E+3	-3,864930E-3	2,715625E+3	5,143083E-4	2,715625E+3	-3,903102E-3
2,717187E+3	1,928938E-3	2,717187E+3	-4,185305E-3	2,717187E+3	2,912071E-4	2,717187E+3	-3,671785E-3	2,717187E+3	1,116131E-3	2,717187E+3	-3,852339E-3	2,717187E+3	5,147581E-4	2,717187E+3	-3,879292E-3
2,718750E+3	1,936679E-3	2,718750E+3	-4,186815E-3	2,718750E+3	2,900336E-4	2,718750E+3	-3,655970E-3	2,718750E+3	1,120670E-3	2,718750E+3	-3,839082E-3	2,718750E+3	5,115386E-4	2,718750E+3	-3,853936E-3
2,720312E+3	1,942547E-3	2,720312E+3	-4,188506E-3	2,720312E+3	2,915889E-4	2,720312E+3	-3,637995E-3	2,720312E+3	1,126800E-3	2,720312E+3	-3,829280E-3	2,720312E+3	5,097755E-4	2,720312E+3	-3,834708E-3
2,721875E+3	1,947863E-3	2,721875E+3	-4,189827E-3	2,721875E+3	2,896956E-4	2,721875E+3	-3,618614E-3	2,721875E+3	1,131664E-3	2,721875E+3	-3,818836E-3	2,721875E+3	5,060243E-4	2,721875E+3	-3,814475E-3
2,723437E+3	1,950831E-3	2,723437E+3	-4,191512E-3	2,723437E+3	2,975722E-4	2,723437E+3	-3,585893E-3	2,723437E+3	1,138647E-3	2,723437E+3	-3,809446E-3	2,723437E+3	5,040795E-4	2,723437E+3	-3,795602E-3
2,725000E+3	1,953338E-3	2,725000E+3	-4,192872E-3	2,725000E+3	2,950946E-4	2,725000E+3	-3,542908E-3	2,725000E+3	1,144356E-3	2,725000E+3	-3,799318E-3	2,725000E+3	5,004714E-4	2,725000E+3	-3,775698E-3
2,726562E+3	1,953782E-3	2,726562E+3	-4,194904E-3	2,726562E+3	2,974293E-4	2,726562E+3	-3,516837E-3	2,726562E+3	1,151855E-3	2,726562E+3	-3,787226E-3	2,726562E+3	5,001730E-4	2,726562E+3	-3,751888E-3
2,728125E+3	1,953866E-3	2,728125E+3	-4,196627E-3	2,728125E+3	2,965132E-4	2,728125E+3	-3,486275E-3	2,728125E+3	1,157806E-3	2,728125E+3	-3,774252E-3	2,728125E+3	4,975942E-4	2,728125E+3	-3,726155E-3
2,729687E+3	1,952287E-3	2,729687E+3	-4,197451E-3	2,729687E+3	2,955037E-4	2,729687E+3	-3,468784E-3	2,729687E+3	1,163400E-3	2,729687E+3	-3,759231E-3	2,729687E+3	4,971391E-4	2,729687E+3	-3,700197E-3
2,731250E+3	1,950325E-3	2,731250E+3	-4,198019E-3	2,731250E+3	2,933912E-4	2,731250E+3	-3,449892E-3	2,731250E+3	1,167296E-3	2,731250E+3	-3,743346E-3	2,731250E+3	4,944421E-4	2,731250E+3	-3,672168E-3
2,732812E+3	1,947449E-3	2,732812E+3	-4,197817E-3	2,732812E+3	2,945966E-4	2,732812E+3	-3,421041E-3	2,732812E+3	1,169373E-3	2,732812E+3	-3,730232E-3	2,732812E+3	4,934396E-4	2,732812E+3	-3,648422E-3
2,734375E+3	1,944177E-3	2,734375E+3	-4,197403E-3	2,734375E+3	2,932910E-4	2,734375E+3	-3,387705E-3	2,734375E+3	1,170208E-3	2,734375E+3	-3,716499E-3	2,734375E+3	4,908658E-4	2,734375E+3	-3,623299E-3
2,735937E+3	1,938691E-3	2,735937E+3	-4,196387E-3	2,735937E+3	2,958298E-4	2,735937E+3	-3,358635E-3	2,735937E+3	1,170759E-3	2,735937E+3	-3,705691E-3	2,735937E+3	4,905904E-4	2,735937E+3	-3,598096E-3
2,737500E+3	1,932880E-3	2,737500E+3	-4,195216E-3	2,737500E+3	2,971009E-4	2,737500E+3	-3,326065E-3	2,737500E+3	1,170402E-3	2,737500E+3	-3,694362E-3	2,737500E+3	4,888329E-4	2,737500E+3	-3,571464E-3
2,739062E+3	1,925040E-3	2,739062E+3	-4,193638E-3	2,739062E+3	2,949278E-4	2,739062E+3	-3,311739E-3	2,739062E+3	1,170975E-3	2,739062E+3	-3,683083E-3	2,739062E+3	4,890082E-4	2,739062E+3	-3,544778E-3
2,740625E+3	1,916955E-3	2,740625E+3	-4,191917E-3	2,740625E+3	2,923831E-4	2,740625E+3	-3,296861E-3	2,740625E+3	1,170623E-3	2,740625E+3	-3,671253E-3	2,740625E+3	4,877723E-4	2,740625E+3	-3,516719E-3
2,742187E+3	1,907537E-3	2,742187E+3	-4,188943E-3	2,742187E+3	2,889238E-4	2,742187E+3	-3,285330E-3	2,742187E+3	1,172399E-3	2,742187E+3	-3,658981E-3	2,742187E+3	4,869863E-4	2,742187E+3	-3,494098E-3
2,743750E+3	1,897886E-3	2,743750E+3	-4,185876E-3	2,743750E+3	2,852118E-4	2,743750E+3	-3,273472E-3	2,743750E+3	1,173106E-3	2,743750E+3	-3,646069E-3	2,743750E+3	4,852443E-4	2,743750E+3	-3,470800E-3
2,745312E+3	1,886779E-3	2,745312E+3	-4,181143E-3	2,745312E+3	2,809725E-4	2,745312E+3	-3,263827E-3	2,745312E+3	1,178573E-3	2,745312E+3	-3,637474E-3	2,745312E+3	4,838794E-4	2,745312E+3	-3,451479E-3
2,746875E+3	1,875438E-3	2,746875E+3	-4,176392E-3	2,746875E+3	2,765613E-4	2,746875E+3	-3,253914E-3	2,746875E+3	1,183013E-3	2,746875E+3	-3,627845E-3	2,746875E+3	4,817126E-4	2,746875E+3	-3,431843E-3
2,748437E+3	1,862949E-3	2,748437E+3	-4,170393E-3	2,748437E+3	2,823011E-4	2,748437E+3	-3,197564E-3	2,748437E+3	1,199969E-3	2,748437E+3	-3,627342E-3	2,748437E+3	4,816643E-4	2,748437E+3	-3,413269E-3
2,750000E+3	1,850237E-3	2,750000E+3	-4,164446E-3	2,750000E+3	2,852222E-4	2,750000E+3	-3,129779E-3	2,750000E+3	1,215412E-3	2,750000E+3	-3,623053E-3	2,750000E+3	4,806486E-4	2,750000E+3	-3,394486E-3
2,751562E+3	1,837167E-3	2,751562E+3	-4,157923E-3	2,751562E+3	3,443197E-4	2,751562E+3	-3,077666E-3	2,751562E+3	1,215581E-3	2,751562E+3	-3,612627E-3	2,751562E+3	4,890886E-4	2,751562E+3	-3,375690E-3
2,753125E+3	1,823924E-3	2,753125E+3	-4,151443E-3	2,753125E+3	3,480357E-4	2,753125E+3	-3,037699E-3	2,753125E+3	1,214952E-3	2,753125E+3	-3,601529E-3	2,753125E+3	4,945609E-4	2,753125E+3	-3,356601E-3
2,754687E+3	1,810908E-3	2,754687E+3	-4,144197E-3	2,754687E+3	3,479480E-4	2,754687E+3	-3,028191E-3	2,754687E+3	1,210370E-3	2,754687E+3	-3,588789E-3	2,754687E+3	5,088687E-4	2,754687E+3	-3,332483E-3
2,756250E+3	1,797731E-3	2,756250E+3	-4,136988E-3	2,756250E+3	3,472292E-4	2,756250E+3	-3,018290E-3	2,756250E+3	1,205099E-3	2,756250E+3	-3,575744E-3	2,756250E+3	5,161535E-4	2,756250E+3	-3,308113E-3
2,757812E+3	1,784589E-3	2,757812E+3	-4,128454E-3	2,757812E+3	3,471241E-4	2,757812E+3	-3,008159E-3	2,757812E+3	1,198955E-3	2,757812E+3	-3,562966E-3	2,757812E+3	5,109816E-4	2,757812E+3	-3,206370E-3
2,759375E+3	1,771256E-3	2,759375E+3	-4,120015E-3	2,759375E+3	3,461654E-4	2,759375E+3	-2,997591E-3	2,759375E+3	1,192200E-3	2,759375E+3	-3,549940E-3	2,759375E+3	4,892120E-4	2,759375E+3	-3,091946E-3
2,760937E+3	1,757334E-3	2,760937E+3	-4,110488E-3	2,760937E+3	3,399032E-4	2,760937E+3	-2,901825E-3	2,760937E+3	1,184896E-3	2,760937E+3	-3,537668E-3	2,760937E+3	4,883103E-4	2,760937E+3	-3,074276E-3
2,762500E+3	1,743237E-3	2,762500E+3	-4,101090E-3	2,762500E+3	3,210819E-4	2,762500E+3	-2,790865E-3	2,762500E+3	1,177071E-3	2,762500E+3	-3,525186E-3	2,762500E+3	4,862264E-4	2,762500E+3	-3,056631E-3
2,764062E+3	1,728420E-3	2,764062E+3	-4,090493E-3	2,764062E+3	3,219017E-4	2,764062E+3	-2,775681E-3	2,764062E+3	1,168646E-3	2,764062E+3	-3,512902E-3	2,764062E+3	4,841609E-4	2,764062E+3	-3,041744E-3
2,765625E+3	1,713426E-3	2,765625E+3	-4,080071E-3	2,765625E+3	3,214901E-4	2,765625E+3	-2,759992E-3	2,765625E+3	1,159741E-3	2,765625E+3	-3,500461E-3	2,765625E+3	4,812061E-4	2,765625E+3	-3,026845E-3
2,767187E+3	1,698341E-3	2,767187E+3	-4,068329E-3	2,767187E+3	3,218865E-4	2,767187E+3	-2,746512E-3	2,767187E+3	1,151226E-3	2,767187E+3	-3,489592E-3	2,767187E+3	4,781861E-4	2,767187E+3	-3,011493E-3
2,768750E+3	1,683049E-3	2,768750E+3	-4,056807E-3	2,768750E+3	3,209239E-4	2,768750E+3	-2,732353E-3	2,768750E+3	1,142359E-3	2,768750E+3	-3,478549E-3	2,768750E+3	4,743663E-4	2,768750E+3	-2,996200E-3
2,770312E+3	1,667095E-3	2,770312E+3	-4,044372E-3	2,770312E+3	3,211396E-4	2,770312E+3	-2,719174E-3	2,770312E+3	1,162344E-3	2,770312E+3	-3,475664E-3	2,770312E+3	4,704368E-4	2,770312E+3	-2,981280E-3
2,771875E+3	1,650971E-3	2,771875E+3	-4,032190E-3	2,771875E+3	3,199822E-4	2,771875E+3	-2,705099E-3	2,771875E+3	1,181106E-3	2,771875E+3	-3,464916E-3	2,771875E+3	4,658390E-4	2,771875E+3	-2,966482E-3
2,773437E+3	1,634412E-3	2,773437E+3	-4,018948E-3	2,773437E+3	3,203905E-4	2,773437E+3	-2,691874E-3	2,773437E+3	1,179508E-3	2,773437E+3	-3,451602E-3	2,773437E+3	4,608432E-4	2,773437E+3	-2,952963E-3
2,775000E+3	1,617690E-3	2,775000E+3	-4,005993E-3	2,775000E+3	3,196020E-4	2,775000E+3	-2,677487E-3	2,775000E+3	1,177343E-3	2,775000E+3	-3,437226E-3	2,775000E+3	4,553175E-4	2,775000E+3	-2,939608E-3
2,776562E+3	1,600949E-3	2,776562E+3	-3,990452E-3	2,776562E+3	3,203132E-4	2,776562E+3	-2,662187E-3	2,776562E+3	1,176764E-3	2,776562E+3	-3,422406E-3	2,776562E+3	4,493749E-4	2,776562E+3	-2,927800E-3
2,778125E+3	1,583902E-3	2,778125E+3	-3,975370E-3	2,778125E+3	3,198374E-4	2,778125E+3	-2,645525E-3	2,778125E+3	1,175685E-3	2,778125E+3	-3,406413E-3	2,778125E+3	4,430241E-4	2,778125E+3	-2,916188E-3
2,779687E+3	1,566942E-3	2,779687E+3	-3,958586E-3	2,779687E+3	3,210516E-4	2,779687E+3	-2,627338E-3	2,779687E+3	1,184258E-3	2,779687E+3	-3,390813E-3	2,779687E+3	4,355756E-4	2,779687E+3	-2,905494E-3
2,781250E+3	1,549632E-3	2,781250E+3	-3,942305E-3	2,781250E+3	3,211139E-4	2,781250E+3	-2,607558E-3	2,781250E+3	1,191943E-3	2,781250E+3	-3,370391E-3	2,781250E+3	4,278480E-4	2,781250E+3	-2,895081E-3
2,782812E+3	1,533005E-3	2,782812E+3	-3,925480E-3	2,782812E+3	3,241280E-4	2,782812E+3	-2,587515E-3	2,782812E+3	1,185407E-3	2,782812E+3	-3,357033E-3	2,782812E+3	5,276114E-4	2,782812E+3	-2,851346E-3
2,784375E+3	1,516071E-3	2,784375E+3	-3,909067E-3	2,784375E+3	3,264247E-4	2,784375E+3	-2,565527E-3	2,784375E+3	1,178498E-3	2,784375E+3	-3,343109E-3	2,784375E+3	5,935066E-4	2,784375E+3	-2,602661E-3
2,785937E+3	1,499776E-3	2,785937E+3	-3,891900E-3	2,785937E+3	3,306055E-4	2,785937E+3	-2,543657E-3	2,785937E+3	1,169149E-3	2,785937E+3	-3,331767E-3	2,785937E+3	5,906765E-4	2,785937E+3	-2,591599E-3
2,787500E+3	1,483157E-3	2,787500E+3	-3,875087E-3	2,787500E+3	3,341216E-4	2,787500E+3	-2,519340E-3	2,787500E+3	1,159590E-3	2,787500E+3	-3,320139E-3	2,787500E+3	5,876835E-4	2,787500E+3	-2,580707E-3
2,789062E+3	1,467002E-3	2,789062E+3	-3,857722E-3	2,789062E+3	3,398613E-4	2,789062E+3	-2,496675E-3	2,789062E+3	1,149233E-3	2,789062E+3	-3,309460E-3	2,789062E+3	5,847997E-4	2,789062E+3	-2,570515E-3
2,790625E+3	1,450504E-3	2,790625E+3	-3,840666E-3	2,790625E+3	3,451457E-4	2,790625E+3	-2,470837E-3	2,790625E+3	1,138732E-3	2,790625E+3	-3,298591E-3	2,790625E+3	5,817685E-4	2,790625E+3	-2,560550E-3
2,792187E+3	1,434798E-3	2,792187E+3	-3,822023E-3	2,792187E+3	3,925784E-4	2,792187E+3	-2,381128E-3	2,792187E+3	1,121814E-3	2,792187E+3	-3,265809E-3	2,792187E+3	5,789354E-4	2,792187E+3	-2,551686E-3
2,793750E+3	1,418625E-3	2,793750E+3	-3,803689E-3	2,793750E+3	4,349295E-4	2,793750E+3	-2,197285E-3	2,793750E+3	1,102381E-3	2,793750E+3	-3,235439E-3	2,793750E+3	5,759897E-4	2,793750E+3	-2,543007E-3
2,795312E+3	1,403468E-3	2,795312E+3	-3,782933E-3	2,795312E+3	4,328077E-4	2,795312E+3	-2,192719E-3	2,795312E+3	1,091563E-3	2,795312E+3	-3,224416E-3	2,795312E+3	5,730861E-4	2,795312E+3	-2,535496E-3
2,796875E+3	1,387637E-3	2,796875E+3	-3,762488E-3	2,796875E+3	4,305788E-4	2,796875E+3	-2,188418E-3	2,796875E+3	1,080634E-3	2,796875E+3	-3,213657E-3	2,796875E+3	5,701017E-4	2,796875E+3	-2,528022E-3
2,798437E+3	1,371815E-3	2,798437E+3	-3,737968E-3	2,798437E+3	4,278294E-4	2,798437E+3	-2,182827E-3	2,798437E+3	1,077930E-3	2,798437E+3	-3,196986E-3	2,798437E+3	5,666053E-4	2,798437E+3	-2,520179E-3
2,800000E+3	1,354960E-3	2,800000E+3	-3,714039E-3	2,800000E+3	4,249328E-4	2,800000E+3	-2,177708E-3	2,800000E+3	1,075109E-3	2,800000E+3	-3,179549E-3	2,800000E+3	5,630168E-4	2,800000E+3	-2,512315E-3
2,801562E+3	1,339166E-3	2,801562E+3	-3,685642E-3	2,801562E+3	4,213363E-4	2,801562E+3	-2,173524E-3	2,801562E+3	1,073956E-3	2,801562E+3	-3,153904E-3	2,801562E+3	5,590591E-4	2,801562E+3	-2,504681E-3
2,803125E+3	1,321776E-3	2,803125E+3	-3,658141E-3	2,803125E+3	4,175973E-4	2,803125E+3	-2,169736E-3	2,803125E+3	1,071698E-3	2,803125E+3	-3,126057E-3	2,803125E+3	5,550108E-4	2,803125E+3	-2,497066E-3
2,804687E+3	1,310229E-3	2,804687E+3	-3,629657E-3	2,804687E+3	4,128580E-4	2,804687E+3	-2,167815E-3	2,804687E+3	1,070010E-3	2,804687E+3	-3,099673E-3	2,804687E+3	5,466337E-4	2,804687E+3	-2,473182E-3
2,806250E+3	1,296689E-3	2,806250E+3	-3,600591E-3	2,806250E+3	4,079967E-4	2,806250E+3	-2,166079E-3	2,806250E+3	1,067390E-3	2,806250E+3	-3,071217E-3	2,806250E+3	5,378255E-4	2,806250E+3	-2,453517E-3
2,807812E+3	1,285209E-3	2,807812E+3	-3,570060E-3	2,807812E+3	4,023273E-4	2,807812E+3	-2,166942E-3	2,807812E+3	1,065146E-3	2,807812E+3	-3,041594E-3	2,807812E+3	5,334050E-4	2,807812E+3	-2,450945E-3
2,809375E+3	1,271728E-3	2,809375E+3	-3,538462E-3	2,809375E+3	3,965604E-4	2,809375E+3	-2,167876E-3	2,809375E+3	1,061985E-3	2,809375E+3	-3,009985E-3	2,809375E+3	5,288981E-4	2,809375E+3	-2,448015E-3
2,810937E+3	1,256736E-3	2,810937E+3	-3,515647E-3	2,810937E+3	3,898622E-4	2,810937E+3	-2,170013E-3	2,810937E+3	1,053397E-3	2,810937E+3	-2,993495E-3	2,810937E+3	5,238787E-4	2,810937E+3	-2,444289E-3
2,812500E+3	1,241050E-3	2,812500E+3	-3,492644E-3	2,812500E+3	3,830744E-4	2,812500E+3	-2,172257E-3	2,812500E+3	1,044589E-3	2,812500E+3	-2,976897E-3	2,812500E+3	5,187449E-4	2,812500E+3	-2,440137E-3
2,814062E+3	1,225018E-3	2,814062E+3	-3,473653E-3	2,814062E+3	3,812561E-4	2,814062E+3	-2,162427E-3	2,814062E+3	1,035017E-3	2,814062E+3	-2,964445E-3	2,814062E+3	5,134965E-4	2,814062E+3	-2,434909E-3
2,815625E+3	1,208662E-3	2,815625E+3	-3,454694E-3	2,815625E+3	3,796932E-4	2,815625E+3	-2,156527E-3	2,815625E+3	1,025345E-3	2,815625E+3	-2,952062E-3	2,815625E+3	5,081356E-4	2,815625E+3	-2,429266E-3
2,817187E+3	1,192346E-3	2,817187E+3	-3,437338E-3	2,817187E+3	3,956024E-4	2,817187E+3	-2,123285E-3	2,817187E+3	1,015554E-3	2,817187E+3	-2,941311E-3	2,817187E+3	5,031184E-4	2,817187E+3	-2,421827E-3
2,818750E+3	1,175836E-3	2,818750E+3	-3,420158E-3	2,818750E+3	4,122752E-4	2,818750E+3	-2,087463E-3	2,818750E+3	1,005719E-3	2,818750E+3	-2,930677E-3	2,818750E+3	4,979884E-4	2,818750E+3	-2,413978E-3
2,820312E+3	1,160135E-3	2,820312E+3	-3,402774E-3	2,820312E+3	4,232549E-4	2,820312E+3	-1,972242E-3	2,820312E+3	9,966288E-4	2,820312E+3	-2,919302E-3	2,820312E+3	4,863887E-4	2,820312E+3	-2,400072E-3
2,821875E+3	1,144274E-3	2,821875E+3	-3,385617E-3	2,821875E+3	4,271896E-4	2,821875E+3	-1,839370E-3	2,821875E+3	9,875435E-4	2,821875E+3	-2,908108E-3	2,821875E+3	4,767846E-4	2,821875E+3	-2,391715E-3
2,823437E+3	1,131664E-3	2,823437E+3	-3,359253E-3	2,823437E+3	4,300063E-4	2,823437E+3	-1,815074E-3	2,823437E+3	9,808158E-4	2,823437E+3	-2,891375E-3	2,823437E+3	5,575280E-4	2,823437E+3	-2,181192E-3
2,825000E+3	1,118369E-3	2,825000E+3	-3,332513E-3	2,825000E+3	4,326619E-4	2,825000E+3	-1,789788E-3	2,825000E+3	9,740606E-4	2,825000E+3	-2,874622E-3	2,825000E+3	6,200913E-4	2,825000E+3	-1,868924E-3
2,826562E+3	1,101648E-3	2,826562E+3	-3,295719E-3	2,826562E+3	4,398431E-4	2,826562E+3	-1,684882E-3	2,826562E+3	9,690250E-4	2,826562E+3	-2,849129E-3	2,826562E+3	6,193063E-4	2,826562E+3	-1,843435E-3
2,828125E+3	1,084327E-3	2,828125E+3	-3,260367E-3	2,828125E+3	4,443438E-4	2,828125E+3	-1,572229E-3	2,828125E+3	9,636518E-4	2,828125E+3	-2,822929E-3	2,828125E+3	6,182126E-4	2,828125E+3	-1,817291E-3
2,829687E+3	1,067171E-3	2,829687E+3	-3,232995E-3	2,829687E+3	4,380937E-4	2,829687E+3	-1,532140E-3	2,829687E+3	9,555774E-4	2,829687E+3	-2,798330E-3	2,829687E+3	6,186329E-4	2,829687E+3	-1,760978E-3
2,831250E+3	1,049304E-3	2,831250E+3	-3,205998E-3	2,831250E+3	4,312630E-4	2,831250E+3	-1,491281E-3	2,831250E+3	9,470855E-4	2,831250E+3	-2,773124E-3	2,831250E+3	6,177799E-4	2,831250E+3	-1,702825E-3
2,832812E+3	1,032499E-3	2,832812E+3	-3,183756E-3	2,832812E+3	4,177791E-4	2,832812E+3	-1,489899E-3	2,832812E+3	9,365085E-4	2,832812E+3	-2,751597E-3	2,832812E+3	6,172379E-4	2,832812E+3	-1,619365E-3
2,834375E+3	1,015325E-3	2,834375E+3	-3,161934E-3	2,834375E+3	4,077688E-4	2,834375E+3	-1,488534E-3	2,834375E+3	9,255942E-4	2,834375E+3	-2,729679E-3	2,834375E+3	6,144933E-4	2,834375E+3	-1,533447E-3
2,835937E+3	9,989874E-4	2,835937E+3	-3,140231E-3	2,835937E+3	4,041925E-4	2,835937E+3	-1,473239E-3	2,835937E+3	9,143295E-4	2,835937E+3	-2,708076E-3	2,835937E+3	6,141389E-4	2,835937E+3	-1,473949E-3
2,837500E+3	9,822765E-4	2,837500E+3	-3,118748E-3	2,837500E+3	4,005198E-4	2,837500E+3	-1,457843E-3	2,837500E+3	9,027552E-4	2,837500E+3	-2,686141E-3	2,837500E+3	6,128646E-4	2,837500E+3	-1,413723E-3
2,839062E+3	9,664915E-4	2,839062E+3	-3,094641E-3	2,839062E+3	3,985248E-4	2,839062E+3	-1,438726E-3	2,839062E+3	8,842607E-4	2,839062E+3	-2,708530E-3	2,839062E+3	6,131299E-4	2,839062E+3	-1,385166E-3
2,840625E+3	9,502406E-4	2,840625E+3	-3,070558E-3	2,840625E+3	3,963676E-4	2,840625E+3	-1,419527E-3	2,840625E+3	8,725041E-4	2,840625E+3	-2,728662E-3	2,840625E+3	6,130655E-4	2,840625E+3	-1,356610E-3
2,842187E+3	9,361014E-4	2,842187E+3	-3,040833E-3	2,842187E+3	3,961303E-4	2,842187E+3	-1,396698E-3	2,842187E+3	8,613312E-4	2,842187E+3	-2,713618E-3	2,842187E+3	6,140227E-4	2,842187E+3	-1,331918E-3
2,843750E+3	9,213413E-4	2,843750E+3	-3,010853E-3	2,843750E+3	3,956792E-4	2,843750E+3	-1,373819E-3	2,843750E+3	8,499622E-4	2,843750E+3	-2,698183E-3	2,843750E+3	6,146739E-4	2,843750E+3	-1,307297E-3
2,845312E+3	9,088313E-4	2,845312E+3	-2,979104E-3	2,845312E+3	3,974484E-4	2,845312E+3	-1,347667E-3	2,845312E+3	8,377577E-4	2,845312E+3	-2,680030E-3	2,845312E+3	6,155655E-4	2,845312E+3	-1,285802E-3
2,846875E+3	8,957523E-4	2,846875E+3	-2,947033E-3	2,846875E+3	3,989732E-4	2,846875E+3	-1,321524E-3	2,846875E+3	8,253186E-4	2,846875E+3	-2,661559E-3	2,846875E+3	6,161529E-4	2,846875E+3	-1,264425E-3
2,848437E+3	8,844525E-4	2,848437E+3	-2,916361E-3	2,848437E+3	4,018562E-4	2,848437E+3	-1,295190E-3	2,848437E+3	8,143983E-4	2,848437E+3	-2,636723E-3	2,848437E+3	6,175142E-4	2,848437E+3	-1,239990E-3
2,850000E+3	8,727158E-4	2,850000E+3	-2,885414E-3	2,850000E+3	4,044711E-4	2,850000E+3	-1,268953E-3	2,850000E+3	8,031190E-4	2,850000E+3	-2,611510E-3	2,850000E+3	6,185008E-4	2,850000E+3	-1,215722E-3
2,851562E+3	8,572596E-4	2,851562E+3	-2,913241E-3	2,851562E+3	4,085526E-4	2,851562E+3	-1,238815E-3	2,851562E+3	7,705658E-4	2,851562E+3	-2,503817E-3	2,851562E+3	6,203196E-4	2,851562E+3	-1,188529E-3
2,853125E+3	8,489286E-4	2,853125E+3	-2,936516E-3	2,853125E+3	4,122819E-4	2,853125E+3	-1,208876E-3	2,853125E+3	7,312594E-4	2,853125E+3	-2,393600E-3	2,853125E+3	6,217062E-4	2,853125E+3	-1,161582E-3
2,854687E+3	8,442240E-4	2,854687E+3	-2,888729E-3	2,854687E+3	4,178673E-4	2,854687E+3	-1,169642E-3	2,854687E+3	7,238949E-4	2,854687E+3	-2,380612E-3	2,854687E+3	6,208687E-4	2,854687E+3	-1,171196E-3
2,856250E+3	8,386018E-4	2,856250E+3	-2,839544E-3	2,856250E+3	4,228946E-4	2,856250E+3	-1,130786E-3	2,856250E+3	7,164911E-4	2,856250E+3	-2,367567E-3	2,856250E+3	6,243517E-4	2,856250E+3	-1,170168E-3
2,857812E+3	8,365447E-4	2,857812E+3	-2,804262E-3	2,857812E+3	4,263575E-4	2,857812E+3	-1,103304E-3	2,857812E+3	7,116793E-4	2,857812E+3	-2,270703E-3	2,857812E+3	6,256729E-4	2,857812E+3	-1,155003E-3
2,859375E+3	8,341434E-4	2,859375E+3	-2,768372E-3	2,859375E+3	4,293774E-4	2,859375E+3	-1,076205E-3	2,859375E+3	7,058905E-4	2,859375E+3	-2,163791E-3	2,859375E+3	6,267343E-4	2,859375E+3	-1,140058E-3
2,860937E+3	8,280396E-4	2,860937E+3	-2,748112E-3	2,860937E+3	4,322597E-4	2,860937E+3	-1,052289E-3	2,860937E+3	6,990197E-4	2,860937E+3	-2,141910E-3	2,860937E+3	6,277878E-4	2,860937E+3	-1,122887E-3
2,862500E+3	8,218219E-4	2,862500E+3	-2,727671E-3	2,862500E+3	4,347231E-4	2,862500E+3	-1,028770E-3	2,862500E+3	6,919431E-4	2,862500E+3	-2,120026E-3	2,862500E+3	6,285435E-4	2,862500E+3	-1,106012E-3
2,864062E+3	7,918202E-4	2,864062E+3	-2,632153E-3	2,864062E+3	4,345757E-4	2,864062E+3	-1,037357E-3	2,864062E+3	6,851528E-4	2,864062E+3	-2,098254E-3	2,864062E+3	6,305704E-4	2,864062E+3	-1,083654E-3
2,865625E+3	7,573865E-4	2,865625E+3	-2,535968E-3	2,865625E+3	4,380301E-4	2,865625E+3	-1,038195E-3	2,865625E+3	6,781732E-4	2,865625E+3	-2,076536E-3	2,865625E+3	6,321957E-4	2,865625E+3	-1,061718E-3
2,867187E+3	7,513937E-4	2,867187E+3	-2,440352E-3	2,867187E+3	4,423899E-4	2,867187E+3	-1,014412E-3	2,867187E+3	6,716667E-4	2,867187E+3	-2,047470E-3	2,867187E+3	6,352452E-4	2,867187E+3	-1,030666E-3
2,868750E+3	7,456696E-4	2,868750E+3	-2,331073E-3	2,868750E+3	4,463724E-4	2,868750E+3	-9,911243E-4	2,868750E+3	6,648969E-4	2,868750E+3	-2,018585E-3	2,868750E+3	6,376992E-4	2,868750E+3	-1,000314E-3
2,870312E+3	7,391715E-4	2,870312E+3	-2,300853E-3	2,870312E+3	4,506115E-4	2,870312E+3	-9,684427E-4	2,870312E+3	6,588787E-4	2,870312E+3	-1,983671E-3	2,870312E+3	6,399083E-4	2,870312E+3	-9,743919E-4
2,871875E+3	7,324184E-4	2,871875E+3	-2,270625E-3	2,871875E+3	4,544747E-4	2,871875E+3	-9,462794E-4	2,871875E+3	6,525089E-4	2,871875E+3	-1,949086E-3	2,871875E+3	6,416108E-4	2,871875E+3	-9,491251E-4
2,873437E+3	7,261273E-4	2,873437E+3	-2,242769E-3	2,873437E+3	4,826628E-4	2,873437E+3	-7,812882E-4	2,873437E+3	6,464870E-4	2,873437E+3	-1,914204E-3	2,873437E+3	6,591209E-4	2,873437E+3	-8,310396E-4
2,875000E+3	7,196116E-4	2,875000E+3	-2,214993E-3	2,875000E+3	5,030817E-4	2,875000E+3	-6,255590E-4	2,875000E+3	6,401229E-4	2,875000E+3	-1,879756E-3	2,875000E+3	6,717248E-4	2,875000E+3	-7,182595E-4
2,876562E+3	7,141456E-4	2,876562E+3	-2,176109E-3	2,876562E+3	5,030532E-4	2,876562E+3	-6,356209E-4	2,876562E+3	6,344761E-4	2,876562E+3	-1,847581E-3	2,876562E+3	6,799920E-4	2,876562E+3	-4,698741E-4
2,878125E+3	7,082815E-4	2,878125E+3	-2,137517E-3	2,878125E+3	5,032294E-4	2,878125E+3	-6,452999E-4	2,878125E+3	6,285340E-4	2,878125E+3	-1,815882E-3	2,878125E+3	6,734229E-4	2,878125E+3	-2,508704E-4
2,879687E+3	7,029366E-4	2,879687E+3	-2,102924E-3	2,879687E+3	5,025259E-4	2,879687E+3	-6,562002E-4	2,879687E+3	6,222629E-4	2,879687E+3	-1,785301E-3	2,879687E+3	6,666577E-4	2,879687E+3	-2,507013E-4
2,881250E+3	6,972613E-4	2,881250E+3	-2,068702E-3	2,881250E+3	5,022213E-4	2,881250E+3	-6,665493E-4	2,881250E+3	6,157490E-4	2,881250E+3	-1,755258E-3	2,881250E+3	6,599424E-4	2,881250E+3	-2,509205E-4
2,882812E+3	6,915453E-4	2,882812E+3	-2,034643E-3	2,882812E+3	5,008020E-4	2,882812E+3	-4,448714E-4	2,882812E+3	6,095028E-4	2,882812E+3	-1,729021E-3	2,882812E+3	6,563301E-4	2,882812E+3	-2,520639E-4
2,884375E+3	6,855070E-4	2,884375E+3	-2,001048E-3	2,884375E+3	4,906603E-4	2,884375E+3	-2,507400E-4	2,884375E+3	6,031212E-4	2,884375E+3	-1,703235E-3	2,884375E+3	6,527149E-4	2,884375E+3	-2,535099E-4
2,885937E+3	6,799642E-4	2,885937E+3	-1,963310E-3	2,885937E+3	4,926147E-4	2,885937E+3	-2,402622E-4	2,885937E+3	5,971088E-4	2,885937E+3	-1,699576E-3	2,885937E+3	6,505805E-4	2,885937E+3	-2,559826E-4
2,887500E+3	6,740289E-4	2,887500E+3	-1,926215E-3	2,887500E+3	4,943008E-4	2,887500E+3	-2,305920E-4	2,887500E+3	5,937299E-4	2,887500E+3	-1,689704E-3	2,887500E+3	6,484338E-4	2,887500E+3	-2,587274E-4
2,889062E+3	6,679671E-4	2,889062E+3	-1,893235E-3	2,889062E+3	5,553634E-4	2,889062E+3	-2,810014E-5	2,889062E+3	5,851656E-4	2,889062E+3	-1,686127E-3	2,889062E+3	6,470356E-4	2,889062E+3	-2,609981E-4
2,890625E+3	6,615903E-4	2,890625E+3	-1,860868E-3	2,890625E+3	5,899184E-4	2,890625E+3	1,462518E-4	2,890625E+3	5,842235E-4	2,890625E+3	-1,671254E-3	2,890625E+3	6,456449E-4	2,890625E+3	-2,635702E-4
2,892187E+3	6,553122E-4	2,892187E+3	-1,829783E-3	2,892187E+3	5,815235E-4	2,892187E+3	1,166700E-4	2,892187E+3	5,783914E-4	2,892187E+3	-1,637940E-3	2,892187E+3	6,449311E-4	2,892187E+3	-2,537608E-4
2,893750E+3	6,487423E-4	2,893750E+3	-1,799329E-3	2,893750E+3	5,734399E-4	2,893750E+3	8,743784E-5	2,893750E+3	5,722694E-4	2,893750E+3	-1,605625E-3	2,893750E+3	6,439933E-4	2,893750E+3	-2,449196E-4
2,895312E+3	6,429623E-4	2,895312E+3	-1,760160E-3	2,895312E+3	5,651603E-4	2,895312E+3	6,365486E-5	2,895312E+3	5,662985E-4	2,895312E+3	-1,583745E-3	2,895312E+3	6,456836E-4	2,895312E+3	-2,062904E-4
2,896875E+3	6,367529E-4	2,896875E+3	-1,721970E-3	2,896875E+3	5,571460E-4	2,896875E+3	4,006470E-5	2,896875E+3	5,601878E-4	2,896875E+3	-1,562491E-3	2,896875E+3	6,458012E-4	2,896875E+3	-1,710542E-4
2,898437E+3	6,181581E-4	2,898437E+3	-1,816916E-3	2,898437E+3	5,502647E-4	2,898437E+3	1,977150E-5	2,898437E+3	5,542571E-4	2,898437E+3	-1,545950E-3	2,898437E+3	6,481352E-4	2,898437E+3	-1,310206E-4
2,900000E+3	6,400113E-4	2,900000E+3	-1,830665E-3	2,900000E+3	5,435976E-4	2,900000E+3	-4,249802E-7	2,900000E+3	5,482506E-4	2,900000E+3	-1,529878E-3	2,900000E+3	6,486098E-4	2,900000E+3	-9,492835E-5
2,901562E+3	6,347306E-4	2,901562E+3	-1,792184E-3	2,901562E+3	5,377940E-4	2,901562E+3	-1,843433E-5	2,901562E+3	5,419536E-4	2,901562E+3	-1,512563E-3	2,901562E+3	6,818302E-4	2,901562E+3	5,617067E-5
2,903125E+3	6,289853E-4	2,903125E+3	-1,754894E-3	2,903125E+3	5,321890E-4	2,903125E+3	-3,640589E-5	2,903125E+3	5,356196E-4	2,903125E+3	-1,495780E-3	2,903125E+3	6,940519E-4	2,903125E+3	1,834479E-4
2,904687E+3	6,231400E-4	2,904687E+3	-1,730559E-3	2,904687E+3	5,271694E-4	2,904687E+3	-5,298301E-5	2,904687E+3	5,333306E-4	2,904687E+3	-1,255964E-3	2,904687E+3	6,880984E-4	2,904687E+3	1,582902E-4
2,906250E+3	6,171156E-4	2,906250E+3	-1,706892E-3	2,906250E+3	5,223427E-4	2,906250E+3	-6,957697E-5	2,906250E+3	5,192142E-4	2,906250E+3	-1,045256E-3	2,906250E+3	6,827443E-4	2,906250E+3	1,330103E-4
2,907812E+3	6,113748E-4	2,907812E+3	-1,687032E-3	2,907812E+3	5,176881E-4	2,907812E+3	-8,527370E-5	2,907812E+3	4,952720E-4	2,907812E+3	-8,126958E-4	2,907812E+3	6,758612E-4	2,907812E+3	1,105643E-4
2,909375E+3	6,055810E-4	2,909375E+3	-1,667664E-3	2,909375E+3	5,132004E-4	2,909375E+3	-1,010613E-4	2,909375E+3	4,643925E-4	2,909375E+3	-6,198658E-4	2,909375E+3	6,696241E-4	2,909375E+3	8,777434E-5
2,910937E+3	6,043070E-4	2,910937E+3	-1,422031E-3	2,910937E+3	5,094013E-4	2,910937E+3	-1,178244E-4	2,910937E+3	4,573282E-4	2,910937E+3	-6,362358E-4	2,910937E+3	6,631767E-4	2,910937E+3	6,734247E-5
2,912500E+3	5,900082E-4	2,912500E+3	-1,206503E-3	2,912500E+3	5,059005E-4	2,912500E+3	-1,346215E-4	2,912500E+3	4,506318E-4	2,912500E+3	-6,522652E-4	2,912500E+3	6,572957E-4	2,912500E+3	4,638831E-5
2,914062E+3	5,602307E-4	2,914062E+3	-9,537229E-4	2,914062E+3	5,020099E-4	2,914062E+3	-1,517267E-4	2,914062E+3	4,432207E-4	2,914062E+3	-6,650809E-4	2,914062E+3	6,512145E-4	2,914062E+3	2,778914E-5
2,915625E+3	5,225318E-4	2,915625E+3	-7,468893E-4	2,915625E+3	4,984406E-4	2,915625E+3	-1,689405E-4	2,915625E+3	4,362774E-4	2,915625E+3	-6,776826E-4	2,915625E+3	6,455888E-4	2,915625E+3	8,514494E-6
2,917187E+3	5,168095E-4	2,917187E+3	-7,686161E-4	2,917187E+3	4,947011E-4	2,917187E+3	-1,874425E-4	2,917187E+3	4,287244E-4	2,917187E+3	-6,880688E-4	2,917187E+3	6,398077E-4	2,917187E+3	-8,638110E-6
2,918750E+3	5,127192E-4	2,918750E+3	-7,890054E-4	2,918750E+3	4,914977E-4	2,918750E+3	-2,061005E-4	2,918750E+3	4,218708E-4	2,918750E+3	-6,983055E-4	2,918750E+3	6,344298E-4	2,918750E+3	-2,662826E-5
2,920312E+3	4,883112E-4	2,920312E+3	-8,457696E-4	2,920312E+3	4,661943E-4	2,920312E+3	-2,530769E-4	2,920312E+3	4,151581E-4	2,920312E+3	-7,093915E-4	2,920312E+3	6,295317E-4	2,920312E+3	-4,410306E-5
2,921875E+3	5,035747E-4	2,921875E+3	-8,994890E-4	2,921875E+3	4,941590E-4	2,921875E+3	-3,500368E-4	2,921875E+3	4,097727E-4	2,921875E+3	-7,203175E-4	2,921875E+3	6,249311E-4	2,921875E+3	-6,244272E-5
2,923437E+3	4,946326E-4	2,923437E+3	-9,061076E-4	2,923437E+3	5,427095E-4	2,923437E+3	-2,571874E-4	2,923437E+3	3,834929E-4	2,923437E+3	-7,644163E-4	2,923437E+3	6,197325E-4	2,923437E+3	-7,784591E-5
2,925000E+3	4,860392E-4	2,925000E+3	-9,130324E-4	2,925000E+3	5,703978E-4	2,925000E+3	-1,739884E-4	2,925000E+3	4,080902E-4	2,925000E+3	-8,294359E-4	2,925000E+3	6,147448E-4	2,925000E+3	-9,430037E-5
2,926562E+3	4,778711E-4	2,926562E+3	-9,182200E-4	2,926562E+3	5,992368E-4	2,926562E+3	8,412688E-5	2,926562E+3	4,022184E-4	2,926562E+3	-8,374841E-4	2,926562E+3	6,101121E-4	2,926562E+3	-1,082339E-4
2,928125E+3	4,700533E-4	2,928125E+3	-9,237817E-4	2,928125E+3	5,620894E-4	2,928125E+3	2,542204E-4	2,928125E+3	3,965436E-4	2,928125E+3	-8,459832E-4	2,928125E+3	6,056061E-4	2,928125E+3	-1,234030E-4
2,929687E+3	4,632236E-4	2,929687E+3	-9,297231E-4	2,929687E+3	5,568001E-4	2,929687E+3	2,340765E-4	2,929687E+3	3,918177E-4	2,929687E+3	-8,550889E-4	2,929687E+3	6,992029E-4	2,929687E+3	1,561810E-4
2,931250E+3	4,567938E-4	2,931250E+3	-9,360804E-4	2,931250E+3	5,512525E-4	2,931250E+3	2,137344E-4	2,931250E+3	3,872066E-4	2,931250E+3	-8,644921E-4	2,931250E+3	6,644464E-4	2,931250E+3	3,494949E-4
2,932812E+3	4,499525E-4	2,932812E+3	-9,415153E-4	2,932812E+3	5,455098E-4	2,932812E+3	1,940956E-4	2,932812E+3	3,822695E-4	2,932812E+3	-8,734619E-4	2,932812E+3	6,592627E-4	2,932812E+3	3,249075E-4
2,934375E+3	4,435372E-4	2,934375E+3	-9,474828E-4	2,934375E+3	5,394637E-4	2,934375E+3	1,741981E-4	2,934375E+3	3,774697E-4	2,934375E+3	-8,827445E-4	2,934375E+3	6,541494E-4	2,934375E+3	2,993537E-4
2,935937E+3	4,368118E-4	2,935937E+3	-9,525030E-4	2,935937E+3	5,350133E-4	2,935937E+3	1,541280E-4	2,935937E+3	3,724441E-4	2,935937E+3	-8,912180E-4	2,935937E+3	6,496851E-4	2,935937E+3	2,750226E-4
2,937500E+3	4,305603E-4	2,937500E+3	-9,581838E-4	2,937500E+3	5,302435E-4	2,937500E+3	1,338248E-4	2,937500E+3	3,675228E-4	2,937500E+3	-9,000142E-4	2,937500E+3	6,452228E-4	2,937500E+3	2,497595E-4
2,939062E+3	4,240389E-4	2,939062E+3	-9,617398E-4	2,939062E+3	5,249877E-4	2,939062E+3	1,148880E-4	2,939062E+3	4,030096E-4	2,939062E+3	-3,669721E-4	2,939062E+3	6,405336E-4	2,939062E+3	2,287395E-4
2,940625E+3	4,179637E-4	2,940625E+3	-9,661423E-4	2,940625E+3	5,193739E-4	2,940625E+3	9,558945E-5	2,940625E+3	3,231572E-4	2,940625E+3	-1,069280E-4	2,940625E+3	6,355595E-4	2,940625E+3	2,067732E-4
2,942187E+3	4,596695E-4	2,942187E+3	-3,866031E-4	2,942187E+3	5,149898E-4	2,942187E+3	7,655035E-5	2,942187E+3	3,412877E-4	2,942187E+3	2,648408E-5	2,942187E+3	6,312829E-4	2,942187E+3	1,883674E-4
2,943750E+3	3,614948E-4	2,943750E+3	-1,092248E-4	2,943750E+3	5,102608E-4	2,943750E+3	5,714190E-5	2,943750E+3	3,166486E-4	2,943750E+3	1,166721E-4	2,943750E+3	6,264193E-4	2,943750E+3	1,691081E-4
2,945312E+3	3,545028E-4	2,945312E+3	-1,023481E-4	2,945312E+3	6,178969E-4	2,945312E+3	2,730933E-4	2,945312E+3	3,109806E-4	2,945312E+3	9,394206E-5	2,945312E+3	6,375688E-4	2,945312E+3	1,233420E-4
2,946875E+3	3,465611E-4	2,946875E+3	-9,945344E-5	2,946875E+3	5,395239E-4	2,946875E+3	4,600964E-4	2,946875E+3	3,055548E-4	2,946875E+3	7,074870E-5	2,946875E+3	6,653086E-4	2,946875E+3	5,823532E-5
2,948437E+3	3,411825E-4	2,948437E+3	-9,480739E-5	2,948437E+3	5,345730E-4	2,948437E+3	4,388847E-4	2,948437E+3	3,013645E-4	2,948437E+3	4,749841E-5	2,948437E+3	7,138837E-4	2,948437E+3	1,698255E-4
2,950000E+3	3,344547E-4	2,950000E+3	-9,404417E-5	2,950000E+3	5,291065E-4	2,950000E+3	4,176242E-4	2,950000E+3	2,975544E-4	2,950000E+3	2,313001E-5	2,950000E+3	6,883028E-4	2,950000E+3	2,876282E-4
2,951562E+3	3,305282E-4	2,951562E+3	-9,606646E-5	2,951562E+3	5,239559E-4	2,951562E+3	3,977567E-4	2,951562E+3	2,929931E-4	2,951562E+3	1,138359E-6	2,951562E+3	6,829351E-4	2,951562E+3	2,663587E-4
2,953125E+3	3,255232E-4	2,953125E+3	-1,011299E-4	2,953125E+3	5,182000E-4	2,953125E+3	3,778087E-4	2,953125E+3	2,887978E-4	2,953125E+3	-2,236369E-5	2,953125E+3	6,769444E-4	2,953125E+3	2,453928E-4
2,954687E+3	3,212729E-4	2,954687E+3	-1,064987E-4	2,954687E+3	5,137607E-4	2,954687E+3	3,583290E-4	2,954687E+3	2,856020E-4	2,954687E+3	-9,235650E-5	2,954687E+3	6,714830E-4	2,954687E+3	2,246751E-4
2,956250E+3	3,160204E-4	2,956250E+3	-1,143770E-4	2,956250E+3	5,086594E-4	2,956250E+3	3,388333E-4	2,956250E+3	3,012372E-4	2,956250E+3	-2,008014E-4	2,956250E+3	6,654068E-4	2,956250E+3	2,042227E-4
2,957812E+3	3,117106E-4	2,957812E+3	-1,219214E-4	2,957812E+3	5,121048E-4	2,957812E+3	2,785164E-4	2,957812E+3	2,966099E-4	2,957812E+3	-2,136721E-4	2,957812E+3	6,601235E-4	2,957812E+3	1,851206E-4
2,959375E+3	3,064205E-4	2,959375E+3	-1,318489E-4	2,959375E+3	5,255439E-4	2,959375E+3	1,986310E-4	2,959375E+3	2,913072E-4	2,959375E+3	-2,271490E-4	2,959375E+3	6,541285E-4	2,959375E+3	1,663078E-4
2,960937E+3	3,020216E-4	2,960937E+3	-1,402129E-4	2,960937E+3	5,224245E-4	2,960937E+3	1,803104E-4	2,960937E+3	2,873352E-4	2,960937E+3	-2,392511E-4	2,960937E+3	6,492754E-4	2,960937E+3	1,485469E-4
2,962500E+3	2,964804E-4	2,962500E+3	-1,513649E-4	2,962500E+3	5,184778E-4	2,962500E+3	1,623543E-4	2,962500E+3	2,824747E-4	2,962500E+3	-2,520109E-4	2,962500E+3	6,436556E-4	2,962500E+3	1,311369E-4
2,964062E+3	2,928076E-4	2,964062E+3	-1,630582E-4	2,964062E+3	5,153057E-4	2,964062E+3	1,468470E-4	2,964062E+3	2,779029E-4	2,964062E+3	-2,615418E-4	2,964062E+3	6,390083E-4	2,964062E+3	1,154817E-4
2,965625E+3	2,879441E-4	2,965625E+3	-1,784790E-4	2,965625E+3	5,110563E-4	2,965625E+3	1,317971E-4	2,965625E+3	2,720467E-4	2,965625E+3	-2,720935E-4	2,965625E+3	6,334606E-4	2,965625E+3	1,002640E-4
2,967187E+3	2,863732E-4	2,967187E+3	-2,186066E-4	2,967187E+3	5,087496E-4	2,967187E+3	1,242278E-4	2,967187E+3	2,685449E-4	2,967187E+3	-2,808959E-4	2,967187E+3	6,292184E-4	2,967187E+3	8,709930E-5
2,968750E+3	2,892418E-4	2,968750E+3	-2,751272E-4	2,968750E+3	5,043924E-4	2,968750E+3	1,177566E-4	2,968750E+3	2,634125E-4	2,968750E+3	-2,906130E-4	2,968750E+3	6,238900E-4	2,968750E+3	7,452515E-5
2,970312E+3	2,872559E-4	2,970312E+3	-2,866751E-4	2,970312E+3	5,093591E-4	2,970312E+3	1,426979E-4	2,970312E+3	2,598315E-4	2,970312E+3	-2,953479E-4	2,970312E+3	6,205541E-4	2,970312E+3	6,664130E-5
2,971875E+3	2,819348E-4	2,971875E+3	-3,026313E-4	2,971875E+3	5,046822E-4	2,971875E+3	1,755411E-4	2,971875E+3	2,536805E-4	2,971875E+3	-3,011882E-4	2,971875E+3	6,156028E-4	2,971875E+3	5,972861E-5
2,973437E+3	2,792819E-4	2,973437E+3	-2,959674E-4	2,973437E+3	5,034748E-4	2,973437E+3	1,730758E-4	2,973437E+3	2,505610E-4	2,973437E+3	-2,976568E-4	2,973437E+3	6,133619E-4	2,973437E+3	5,825762E-5
2,975000E+3	2,699900E-4	2,975000E+3	-2,912228E-4	2,975000E+3	5,001151E-4	2,975000E+3	1,727617E-4	2,975000E+3	2,423629E-4	2,975000E+3	-2,953049E-4	2,975000E+3	6,086306E-4	2,975000E+3	5,848667E-5
2,976562E+3	2,682237E-4	2,976562E+3	-2,765410E-4	2,976562E+3	4,981290E-4	2,976562E+3	1,627239E-4	2,976562E+3	2,444221E-4	2,976562E+3	-2,645489E-4	2,976562E+3	6,475865E-4	2,976562E+3	4,083308E-5
2,978125E+3	2,570518E-4	2,978125E+3	-2,619819E-4	2,978125E+3	4,950875E-4	2,978125E+3	1,538090E-4	2,978125E+3	2,272268E-4	2,978125E+3	-2,324910E-4	2,978125E+3	6,947890E-4	2,978125E+3	2,572951E-5
2,979687E+3	2,553627E-4	2,979687E+3	-2,482041E-4	2,979687E+3	5,010398E-4	2,979687E+3	1,194117E-4	2,979687E+3	2,282437E-4	2,979687E+3	-2,057741E-4	2,979687E+3	6,909326E-4	2,979687E+3	2,085920E-5
2,981250E+3	2,450670E-4	2,981250E+3	-2,326187E-4	2,981250E+3	5,087521E-4	2,981250E+3	8,246401E-5	2,981250E+3	2,135700E-4	2,981250E+3	-1,729243E-4	2,981250E+3	6,853658E-4	2,981250E+3	1,767629E-5
2,982812E+3	2,420408E-4	2,982812E+3	-2,261469E-4	2,982812E+3	5,047863E-4	2,982812E+3	7,180553E-5	2,982812E+3	2,107662E-4	2,982812E+3	-1,738305E-4	2,982812E+3	6,808534E-4	2,982812E+3	1,064556E-5
2,984375E+3	2,338323E-4	2,984375E+3	-2,177257E-4	2,984375E+3	5,001217E-4	2,984375E+3	6,223395E-5	2,984375E+3	2,048392E-4	2,984375E+3	-1,729602E-4	2,984375E+3	6,750476E-4	2,984375E+3	5,068762E-6
2,985937E+3	2,305300E-4	2,985937E+3	-2,182847E-4	2,985937E+3	5,346793E-4	2,985937E+3	1,470808E-5	2,985937E+3	2,023214E-4	2,985937E+3	-1,817227E-4	2,985937E+3	6,700763E-4	2,985937E+3	-2,965482E-6
2,987500E+3	2,243770E-4	2,987500E+3	-2,174035E-4	2,987500E+3	5,804279E-4	2,987500E+3	-3,745498E-5	2,987500E+3	1,983266E-4	2,987500E+3	-1,896265E-4	2,987500E+3	6,640571E-4	2,987500E+3	-9,678941E-6
2,989062E+3	2,208102E-4	2,989062E+3	-2,211136E-4	2,989062E+3	5,770311E-4	2,989062E+3	-4,999496E-5	2,989062E+3	2,191451E-4	2,989062E+3	-2,859732E-4	2,989062E+3	6,587214E-4	2,989062E+3	-1,683332E-5
2,990625E+3	2,153969E-4	2,990625E+3	-2,236423E-4	2,990625E+3	5,729985E-4	2,990625E+3	-6,148102E-5	2,990625E+3	2,621220E-4	2,990625E+3	-4,148070E-4	2,990625E+3	6,523802E-4	2,990625E+3	-2,263165E-5
2,992187E+3	2,119005E-4	2,992187E+3	-2,281451E-4	2,992187E+3	5,692639E-4	2,992187E+3	-7,259040E-5	2,992187E+3	2,589179E-4	2,992187E+3	-4,260361E-4	2,992187E+3	6,468560E-4	2,992187E+3	-2,966861E-5
2,993750E+3	2,069620E-4	2,993750E+3	-2,315572E-4	2,993750E+3	5,648827E-4	2,993750E+3	-8,257056E-5	2,993750E+3	2,548922E-4	2,993750E+3	-4,363992E-4	2,993750E+3	6,404395E-4	2,993750E+3	-3,538641E-5
2,995312E+3	2,035287E-4	2,995312E+3	-2,361142E-4	2,995312E+3	5,607683E-4	2,995312E+3	-9,197515E-5	2,995312E+3	2,517671E-4	2,995312E+3	-4,481168E-4	2,995312E+3	6,672060E-4	2,995312E+3	-3,782192E-5
2,996875E+3	1,989328E-4	2,996875E+3	-2,396172E-4	2,996875E+3	5,559795E-4	2,996875E+3	-1,001306E-4	2,996875E+3	2,479735E-4	2,996875E+3	-4,590364E-4	2,996875E+3	6,935853E-4	2,996875E+3	-3,823843E-5
2,998437E+3	1,952169E-4	2,998437E+3	-2,433665E-4	2,998437E+3	5,518146E-4	2,998437E+3	-1,065915E-4	2,998437E+3	2,444974E-4	2,998437E+3	-4,701098E-4	2,998437E+3	6,934924E-4	2,998437E+3	-4,495828E-5
3,000000E+3	1,904574E-4	3,000000E+3	-2,460467E-4	3,000000E+3	5,469108E-4	3,000000E+3	-1,115817E-4	3,000000E+3	2,403707E-4	3,000000E+3	-4,803784E-4	3,000000E+3	6,926807E-4	3,000000E+3	-5,077884E-5
3,001562E+3	2,004700E-4	3,001562E+3	-3,522160E-4	3,001562E+3	5,425770E-4	3,001562E+3	-1,133713E-4	3,001562E+3	2,369312E-4	3,001562E+3	-4,913121E-4	3,001562E+3	6,941424E-4	3,001562E+3	-5,599556E-5
3,003125E+3	2,252306E-4	3,003125E+3	-4,918814E-4	3,003125E+3	5,373244E-4	3,003125E+3	-1,132802E-4	3,003125E+3	2,329299E-4	3,003125E+3	-5,014549E-4	3,003125E+3	6,948487E-4	3,003125E+3	-6,035848E-5
3,004687E+3	2,217906E-4	3,004687E+3	-4,982332E-4	3,004687E+3	5,330555E-4	3,004687E+3	-1,072334E-4	3,004687E+3	2,291807E-4	3,004687E+3	-5,108836E-4	3,004687E+3	6,968931E-4	3,004687E+3	-6,166780E-5
3,006250E+3	2,173347E-4	3,006250E+3	-5,034999E-4	3,006250E+3	5,274868E-4	3,006250E+3	-9,844160E-5	3,006250E+3	2,248325E-4	3,006250E+3	-5,194605E-4	3,006250E+3	6,980119E-4	3,006250E+3	-6,185916E-5
3,007812E+3	2,334170E-4	3,007812E+3	-5,547598E-4	3,007812E+3	5,533124E-4	3,007812E+3	-9,083152E-5	3,007812E+3	2,208954E-4	3,007812E+3	-5,267091E-4	3,007812E+3	6,997489E-4	3,007812E+3	-5,830465E-5
3,009375E+3	2,535969E-4	3,009375E+3	-6,113100E-4	3,009375E+3	5,785434E-4	3,009375E+3	-7,984684E-5	3,009375E+3	2,163020E-4	3,009375E+3	-5,329706E-4	3,009375E+3	7,003533E-4	3,009375E+3	-5,312487E-5
3,010937E+3	2,497706E-4	3,010937E+3	-6,113043E-4	3,010937E+3	5,773438E-4	3,010937E+3	-8,489973E-5	3,010937E+3	2,120260E-4	3,010937E+3	-5,335800E-4	3,010937E+3	7,008616E-4	3,010937E+3	-5,273233E-5
3,012500E+3	2,446393E-4	3,012500E+3	-6,095727E-4	3,012500E+3	5,755952E-4	3,012500E+3	-8,887317E-5	3,012500E+3	2,066831E-4	3,012500E+3	-5,325905E-4	3,012500E+3	7,004707E-4	3,012500E+3	-5,110696E-5
3,014062E+3	2,397906E-4	3,014062E+3	-6,004033E-4	3,014062E+3	5,777312E-4	3,014062E+3	-1,019038E-4	3,014062E+3	2,186409E-4	3,014062E+3	-4,998014E-4	3,014062E+3	7,009594E-4	3,014062E+3	-5,615470E-5
3,015625E+3	2,329216E-4	3,015625E+3	-5,883589E-4	3,015625E+3	5,795966E-4	3,015625E+3	-1,146328E-4	3,015625E+3	2,195567E-4	3,015625E+3	-4,493744E-4	3,015625E+3	7,008334E-4	3,015625E+3	-6,050278E-5
3,017187E+3	2,274895E-4	3,017187E+3	-5,733551E-4	3,017187E+3	5,796574E-4	3,017187E+3	-1,311718E-4	3,017187E+3	2,168349E-4	3,017187E+3	-4,519281E-4	3,017187E+3	7,012272E-4	3,017187E+3	-6,783378E-5
3,018750E+3	2,198338E-4	3,018750E+3	-5,547420E-4	3,018750E+3	5,795188E-4	3,018750E+3	-1,475027E-4	3,018750E+3	2,134751E-4	3,018750E+3	-4,532144E-4	3,018750E+3	7,010940E-4	3,018750E+3	-7,464342E-5
3,020312E+3	2,148176E-4	3,020312E+3	-5,491854E-4	3,020312E+3	5,783229E-4	3,020312E+3	-1,651002E-4	3,020312E+3	2,129526E-4	3,020312E+3	-4,659161E-4	3,020312E+3	7,017443E-4	3,020312E+3	-8,246274E-5
3,021875E+3	2,087841E-4	3,021875E+3	-5,416482E-4	3,021875E+3	5,769385E-4	3,021875E+3	-1,824996E-4	3,021875E+3	2,122327E-4	3,021875E+3	-4,784339E-4	3,021875E+3	7,018794E-4	3,021875E+3	-8,982680E-5
3,023437E+3	2,039427E-4	3,023437E+3	-5,429805E-4	3,023437E+3	5,756055E-4	3,023437E+3	-2,006817E-4	3,023437E+3	2,125567E-4	3,023437E+3	-4,912883E-4	3,023437E+3	7,028173E-4	3,023437E+3	-9,600953E-5
3,025000E+3	1,985875E-4	3,025000E+3	-5,431631E-4	3,025000E+3	5,740783E-4	3,025000E+3	-2,187167E-4	3,025000E+3	2,127056E-4	3,025000E+3	-5,041237E-4	3,025000E+3	7,031799E-4	3,025000E+3	-1,017284E-4
3,026562E+3	2,137538E-4	3,026562E+3	-6,018710E-4	3,026562E+3	5,732047E-4	3,026562E+3	-2,371913E-4	3,026562E+3	2,126038E-4	3,026562E+3	-5,168574E-4	3,026562E+3	7,048391E-4	3,026562E+3	-1,045974E-4
3,028125E+3	2,319652E-4	3,028125E+3	-6,657464E-4	3,028125E+3	5,721227E-4	3,028125E+3	-2,556036E-4	3,028125E+3	2,123482E-4	3,028125E+3	-5,295004E-4	3,028125E+3	7,057976E-4	3,028125E+3	-1,068895E-4
3,029687E+3	2,312236E-4	3,029687E+3	-6,791652E-4	3,029687E+3	5,715890E-4	3,029687E+3	-2,736946E-4	3,029687E+3	2,117357E-4	3,029687E+3	-5,417606E-4	3,029687E+3	7,080429E-4	3,029687E+3	-1,090865E-4
3,031250E+3	2,302683E-4	3,031250E+3	-6,924000E-4	3,031250E+3	5,708412E-4	3,031250E+3	-2,917570E-4	3,031250E+3	2,109678E-4	3,031250E+3	-5,538812E-4	3,031250E+3	7,095317E-4	3,031250E+3	-1,107097E-4
3,032812E+3	2,292008E-4	3,032812E+3	-7,059504E-4	3,032812E+3	5,729473E-4	3,032812E+3	-2,338464E-4	3,032812E+3	2,103729E-4	3,032812E+3	-5,658625E-4	3,032812E+3	7,105156E-4	3,032812E+3	-1,155760E-4
3,034375E+3	2,279387E-4	3,034375E+3	-7,193796E-4	3,034375E+3	5,696536E-4	3,034375E+3	-1,654989E-4	3,034375E+3	2,096218E-4	3,034375E+3	-5,777222E-4	3,034375E+3	7,108504E-4	3,034375E+3	-1,200056E-4
3,035937E+3	2,260986E-4	3,035937E+3	-7,326733E-4	3,035937E+3	5,694120E-4	3,035937E+3	-1,721615E-4	3,035937E+3	2,088552E-4	3,035937E+3	-5,889866E-4	3,035937E+3	7,101461E-4	3,035937E+3	-1,246825E-4
3,037500E+3	2,240692E-4	3,037500E+3	-7,458304E-4	3,037500E+3	5,687707E-4	3,037500E+3	-1,785022E-4	3,037500E+3	2,079020E-4	3,037500E+3	-6,002013E-4	3,037500E+3	7,088542E-4	3,037500E+3	-1,289074E-4
3,039062E+3	2,226541E-4	3,039062E+3	-7,601892E-4	3,039062E+3	5,680895E-4	3,039062E+3	-1,896275E-4	3,039062E+3	2,080550E-4	3,039062E+3	-6,112478E-4	3,039062E+3	7,061425E-4	3,039062E+3	-1,280215E-4
3,040625E+3	2,211015E-4	3,040625E+3	-7,744399E-4	3,040625E+3	5,670972E-4	3,040625E+3	-2,006015E-4	3,040625E+3	2,080128E-4	3,040625E+3	-6,224200E-4	3,040625E+3	7,027124E-4	3,040625E+3	-1,263635E-4
3,042187E+3	2,198152E-4	3,042187E+3	-7,896086E-4	3,042187E+3	5,664053E-4	3,042187E+3	-2,131033E-4	3,042187E+3	2,080572E-4	3,042187E+3	-6,324027E-4	3,042187E+3	6,994523E-4	3,042187E+3	-1,326141E-4
3,043750E+3	2,183922E-4	3,043750E+3	-8,047501E-4	3,043750E+3	5,654136E-4	3,043750E+3	-2,255272E-4	3,043750E+3	2,078744E-4	3,043750E+3	-6,426862E-4	3,043750E+3	6,957455E-4	3,043750E+3	-1,384419E-4
3,045312E+3	2,172411E-4	3,045312E+3	-8,208160E-4	3,045312E+3	5,645439E-4	3,045312E+3	-2,357536E-4	3,045312E+3	2,073425E-4	3,045312E+3	-6,514861E-4	3,045312E+3	7,366999E-4	3,045312E+3	-1,010940E-4
3,046875E+3	2,159497E-4	3,046875E+3	-8,369566E-4	3,046875E+3	5,633409E-4	3,046875E+3	-2,458604E-4	3,046875E+3	2,065887E-4	3,046875E+3	-6,606242E-4	3,046875E+3	7,611375E-4	3,046875E+3	-6,247648E-5
3,048437E+3	2,160107E-4	3,048437E+3	-8,537679E-4	3,048437E+3	5,564182E-4	3,048437E+3	-1,981215E-4	3,048437E+3	2,053992E-4	3,048437E+3	-6,691303E-4	3,048437E+3	7,563782E-4	3,048437E+3	-7,913266E-5
3,050000E+3	2,159546E-4	3,050000E+3	-8,707290E-4	3,050000E+3	5,453481E-4	3,050000E+3	-1,454217E-4	3,050000E+3	2,040444E-4	3,050000E+3	-6,777147E-4	3,050000E+3	7,514022E-4	3,050000E+3	-9,557359E-5
3,051562E+3	2,144486E-4	3,051562E+3	-8,864417E-4	3,051562E+3	5,441418E-4	3,051562E+3	-1,604138E-4	3,051562E+3	2,016154E-4	3,051562E+3	-6,847453E-4	3,051562E+3	7,473381E-4	3,051562E+3	-1,121587E-4
3,053125E+3	2,127631E-4	3,053125E+3	-9,023695E-4	3,053125E+3	5,426483E-4	3,053125E+3	-1,754604E-4	3,053125E+3	1,989766E-4	3,053125E+3	-6,917173E-4	3,053125E+3	7,429869E-4	3,053125E+3	-1,285665E-4
3,054687E+3	2,063364E-4	3,054687E+3	-6,458004E-4	3,054687E+3	5,393093E-4	3,054687E+3	-1,929907E-4	3,054687E+3	1,973913E-4	3,054687E+3	-6,962584E-4	3,054687E+3	7,406028E-4	3,054687E+3	-1,443012E-4
3,056250E+3	1,324639E-4	3,056250E+3	-2,486744E-4	3,056250E+3	5,357943E-4	3,056250E+3	-2,104670E-4	3,056250E+3	1,955836E-4	3,056250E+3	-7,006673E-4	3,056250E+3	7,377610E-4	3,056250E+3	-1,598842E-4
3,057812E+3	1,329490E-4	3,057812E+3	-2,688943E-4	3,057812E+3	5,225371E-4	3,057812E+3	-2,153266E-4	3,057812E+3	1,806540E-4	3,057812E+3	-5,249419E-4	3,057812E+3	7,364873E-4	3,057812E+3	-1,742827E-4
3,059375E+3	1,333416E-4	3,059375E+3	-2,896364E-4	3,059375E+3	5,088046E-4	3,059375E+3	-2,199187E-4	3,059375E+3	1,291713E-4	3,059375E+3	-2,829895E-4	3,059375E+3	7,345586E-4	3,059375E+3	-1,885243E-4
3,060937E+3	1,330095E-4	3,060937E+3	-3,088446E-4	3,060937E+3	5,350456E-4	3,060937E+3	-2,028158E-4	3,060937E+3	1,317930E-4	3,060937E+3	-2,965926E-4	3,060937E+3	7,327794E-4	3,060937E+3	-2,036911E-4
3,062500E+3	1,326095E-4	3,062500E+3	-3,283317E-4	3,062500E+3	5,524465E-4	3,062500E+3	-1,885784E-4	3,062500E+3	1,340599E-4	3,062500E+3	-3,110596E-4	3,062500E+3	7,303776E-4	3,062500E+3	-2,187031E-4
3,064062E+3	1,323509E-4	3,064062E+3	-3,474961E-4	3,064062E+3	5,429663E-4	3,064062E+3	-1,944677E-4	3,064062E+3	1,359637E-4	3,064062E+3	-3,223886E-4	3,064062E+3	7,161895E-4	3,064062E+3	-1,589773E-4
3,065625E+3	1,320320E-4	3,065625E+3	-3,668348E-4	3,065625E+3	5,332145E-4	3,065625E+3	-1,998359E-4	3,065625E+3	1,374670E-4	3,065625E+3	-3,347195E-4	3,065625E+3	6,942051E-4	3,065625E+3	-9,587624E-5
3,067187E+3	1,320935E-4	3,067187E+3	-3,856876E-4	3,067187E+3	5,227348E-4	3,067187E+3	-1,878229E-4	3,067187E+3	1,368505E-4	3,067187E+3	-3,514391E-4	3,067187E+3	6,904574E-4	3,067187E+3	-1,015353E-4
3,068750E+3	1,320782E-4	3,068750E+3	-4,047629E-4	3,068750E+3	5,115933E-4	3,068750E+3	-1,761868E-4	3,068750E+3	1,361263E-4	3,068750E+3	-3,682659E-4	3,068750E+3	6,859685E-4	3,068750E+3	-1,070840E-4
3,070312E+3	1,333865E-4	3,070312E+3	-4,232611E-4	3,070312E+3	5,062633E-4	3,070312E+3	-1,637183E-4	3,070312E+3	1,430789E-4	3,070312E+3	-3,044887E-4	3,070312E+3	6,817594E-4	3,070312E+3	-1,144963E-4
3,071875E+3	1,345616E-4	3,071875E+3	-4,421710E-4	3,071875E+3	4,995458E-4	3,071875E+3	-1,530809E-4	3,071875E+3	1,433925E-4	3,071875E+3	-2,719285E-4	3,071875E+3	6,769213E-4	3,071875E+3	-1,218223E-4
3,073437E+3	1,368204E-4	3,073437E+3	-4,597040E-4	3,073437E+3	4,965198E-4	3,073437E+3	-1,501234E-4	3,073437E+3	1,449859E-4	3,073437E+3	-2,809390E-4	3,073437E+3	6,711814E-4	3,073437E+3	-1,278578E-4
3,075000E+3	1,388861E-4	3,075000E+3	-4,778508E-4	3,075000E+3	4,920054E-4	3,075000E+3	-1,484609E-4	3,075000E+3	1,457584E-4	3,075000E+3	-2,915941E-4	3,075000E+3	6,648868E-4	3,075000E+3	-1,338595E-4
3,076562E+3	1,400085E-4	3,076562E+3	-4,955629E-4	3,076562E+3	4,880319E-4	3,076562E+3	-1,486644E-4	3,076562E+3	1,472733E-4	3,076562E+3	-2,960493E-4	3,076562E+3	6,584088E-4	3,076562E+3	-1,397015E-4
3,078125E+3	1,409723E-4	3,078125E+3	-5,137404E-4	3,078125E+3	4,826407E-4	3,078125E+3	-1,500543E-4	3,078125E+3	1,475662E-4	3,078125E+3	-3,033759E-4	3,078125E+3	6,514052E-4	3,078125E+3	-1,455553E-4
3,079687E+3	1,416530E-4	3,079687E+3	-5,321143E-4	3,079687E+3	4,759877E-4	3,079687E+3	-1,572961E-4	3,079687E+3	1,477303E-4	3,079687E+3	-3,148608E-4	3,079687E+3	6,455451E-4	3,079687E+3	-1,522850E-4
3,081250E+3	1,421988E-4	3,081250E+3	-5,507442E-4	3,081250E+3	4,688427E-4	3,081250E+3	-1,649050E-4	3,081250E+3	1,471842E-4	3,081250E+3	-3,278061E-4	3,081250E+3	6,391150E-4	3,081250E+3	-1,590393E-4
3,082812E+3	1,271741E-4	3,082812E+3	-4,557178E-4	3,082812E+3	4,622298E-4	3,082812E+3	-1,731114E-4	3,082812E+3	1,350401E-4	3,082812E+3	-2,555495E-4	3,082812E+3	6,343417E-4	3,082812E+3	-1,670721E-4
3,084375E+3	1,065565E-4	3,084375E+3	-3,523553E-4	3,084375E+3	4,552095E-4	3,084375E+3	-1,816285E-4	3,084375E+3	1,181729E-4	3,084375E+3	-1,794074E-4	3,084375E+3	6,288709E-4	3,084375E+3	-1,751349E-4
3,085937E+3	1,035542E-4	3,085937E+3	-3,461550E-4	3,085937E+3	4,492684E-4	3,085937E+3	-1,890868E-4	3,085937E+3	1,168612E-4	3,085937E+3	-1,817409E-4	3,085937E+3	6,240498E-4	3,085937E+3	-1,833492E-4
3,087500E+3	1,003382E-4	3,087500E+3	-3,395292E-4	3,087500E+3	4,427800E-4	3,087500E+3	-1,969979E-4	3,087500E+3	1,148544E-4	3,087500E+3	-1,851053E-4	3,087500E+3	6,184754E-4	3,087500E+3	-1,916227E-4
3,089062E+3	1,152065E-4	3,089062E+3	-2,746042E-4	3,089062E+3	4,377596E-4	3,089062E+3	-2,009766E-4	3,089062E+3	1,140425E-4	3,089062E+3	-1,883910E-4	3,089062E+3	6,133805E-4	3,089062E+3	-2,007556E-4
3,090625E+3	1,205219E-4	3,090625E+3	-2,378787E-4	3,090625E+3	4,316373E-4	3,090625E+3	-2,058720E-4	3,090625E+3	1,122795E-4	3,090625E+3	-1,929986E-4	3,090625E+3	6,076111E-4	3,090625E+3	-2,099471E-4
3,092187E+3	1,319886E-4	3,092187E+3	-1,864904E-4	3,092187E+3	4,265036E-4	3,092187E+3	-2,060476E-4	3,092187E+3	1,418084E-4	3,092187E+3	-1,179755E-4	3,092187E+3	6,021480E-4	3,092187E+3	-2,191189E-4
3,093750E+3	1,318341E-4	3,093750E+3	-1,537040E-4	3,093750E+3	4,196575E-4	3,093750E+3	-2,075123E-4	3,093750E+3	1,208521E-4	3,093750E+3	-8,271344E-5	3,093750E+3	5,960509E-4	3,093750E+3	-2,283591E-4
3,095312E+3	1,288809E-4	3,095312E+3	-1,632068E-4	3,095312E+3	4,140101E-4	3,095312E+3	-2,091532E-4	3,095312E+3	1,185769E-4	3,095312E+3	-9,483294E-5	3,095312E+3	5,906853E-4	3,095312E+3	-2,371756E-4
3,096875E+3	1,259342E-4	3,096875E+3	-1,723558E-4	3,096875E+3	4,069055E-4	3,096875E+3	-2,117166E-4	3,096875E+3	1,160330E-4	3,096875E+3	-1,068882E-4	3,096875E+3	5,845924E-4	3,096875E+3	-2,460603E-4
3,098437E+3	1,232191E-4	3,098437E+3	-1,806059E-4	3,098437E+3	4,012472E-4	3,098437E+3	-2,170244E-4	3,098437E+3	1,145356E-4	3,098437E+3	-1,197510E-4	3,098437E+3	5,794237E-4	3,098437E+3	-2,545847E-4
3,100000E+3	1,204875E-4	3,100000E+3	-1,886604E-4	3,100000E+3	3,945179E-4	3,100000E+3	-2,228961E-4	3,100000E+3	1,126001E-4	3,100000E+3	-1,325932E-4	3,100000E+3	5,734403E-4	3,100000E+3	-2,631530E-4
3,101562E+3	1,180066E-4	3,101562E+3	-1,976126E-4	3,101562E+3	3,889838E-4	3,101562E+3	-2,298750E-4	3,101562E+3	1,113305E-4	3,101562E+3	-1,452919E-4	3,101562E+3	5,683963E-4	3,101562E+3	-2,710672E-4
3,103125E+3	1,154803E-4	3,103125E+3	-2,065365E-4	3,103125E+3	3,824298E-4	3,103125E+3	-2,373335E-4	3,103125E+3	1,094265E-4	3,103125E+3	-1,580057E-4	3,103125E+3	5,624909E-4	3,103125E+3	-2,789931E-4
3,104687E+3	1,132784E-4	3,104687E+3	-2,152511E-4	3,104687E+3	3,773447E-4	3,104687E+3	-2,424592E-4	3,104687E+3	1,081939E-4	3,104687E+3	-1,702046E-4	3,104687E+3	5,571121E-4	3,104687E+3	-2,863748E-4
3,106250E+3	1,109632E-4	3,106250E+3	-2,240180E-4	3,106250E+3	3,707679E-4	3,106250E+3	-2,481530E-4	3,106250E+3	1,061887E-4	3,106250E+3	-1,823599E-4	3,106250E+3	5,508668E-4	3,106250E+3	-2,937684E-4
3,107812E+3	1,090303E-4	3,107812E+3	-2,317384E-4	3,107812E+3	3,660529E-4	3,107812E+3	-2,508199E-4	3,107812E+3	1,048152E-4	3,107812E+3	-1,945488E-4	3,107812E+3	5,454328E-4	3,107812E+3	-3,010306E-4
3,109375E+3	1,069361E-4	3,109375E+3	-2,395718E-4	3,109375E+3	3,592423E-4	3,109375E+3	-2,539838E-4	3,109375E+3	1,026098E-4	3,109375E+3	-2,066012E-4	3,109375E+3	5,391057E-4	3,109375E+3	-3,082823E-4
3,110937E+3	1,049286E-4	3,110937E+3	-2,474186E-4	3,110937E+3	3,547672E-4	3,110937E+3	-2,551971E-4	3,110937E+3	1,010163E-4	3,110937E+3	-2,181361E-4	3,110937E+3	5,336280E-4	3,110937E+3	-3,159919E-4
3,112500E+3	1,027377E-4	3,112500E+3	-2,553792E-4	3,112500E+3	3,477329E-4	3,112500E+3	-2,566702E-4	3,112500E+3	9,856498E-5	3,112500E+3	-2,294589E-4	3,112500E+3	5,273257E-4	3,112500E+3	-3,236614E-4
3,114062E+3	1,005674E-4	3,114062E+3	-2,641091E-4	3,114062E+3	3,432208E-4	3,114062E+3	-2,593057E-4	3,114062E+3	9,715317E-5	3,114062E+3	-2,407791E-4	3,114062E+3	5,217801E-4	3,114062E+3	-3,326637E-4
3,115625E+3	9,822296E-5	3,115625E+3	-2,729448E-4	3,115625E+3	3,365504E-4	3,115625E+3	-2,619059E-4	3,115625E+3	9,487599E-5	3,115625E+3	-2,517874E-4	3,115625E+3	5,155680E-4	3,115625E+3	-3,416179E-4
3,117187E+3	9,629616E-5	3,117187E+3	-2,839261E-4	3,117187E+3	3,320597E-4	3,117187E+3	-2,657715E-4	3,117187E+3	9,409878E-5	3,117187E+3	-2,630861E-4	3,117187E+3	5,097840E-4	3,117187E+3	-3,511408E-4
3,118750E+3	9,421140E-5	3,118750E+3	-2,949047E-4	3,118750E+3	3,258495E-4	3,118750E+3	-2,694216E-4	3,118750E+3	9,231406E-5	3,118750E+3	-2,738681E-4	3,118750E+3	5,034236E-4	3,118750E+3	-3,606260E-4
3,120312E+3	9,222334E-5	3,120312E+3	-3,066578E-4	3,120312E+3	3,215173E-4	3,120312E+3	-2,749312E-4	3,120312E+3	9,302786E-5	3,120312E+3	-2,812060E-4	3,120312E+3	4,976376E-4	3,120312E+3	-3,704015E-4
3,121875E+3	9,009898E-5	3,121875E+3	-3,183888E-4	3,121875E+3	3,157930E-4	3,121875E+3	-2,801271E-4	3,121875E+3	9,152077E-5	3,121875E+3	-2,869871E-4	3,121875E+3	4,913207E-4	3,121875E+3	-3,801333E-4
3,123437E+3	8,796466E-5	3,123437E+3	-3,294706E-4	3,123437E+3	3,113512E-4	3,123437E+3	-2,863035E-4	3,123437E+3	1,095945E-4	3,123437E+3	-2,545175E-4	3,123437E+3	4,858152E-4	3,123437E+3	-3,891234E-4
3,125000E+3	8,570492E-5	3,125000E+3	-3,405390E-4	3,125000E+3	3,057839E-4	3,125000E+3	-2,921361E-4	3,125000E+3	9,891404E-5	3,125000E+3	-1,759230E-4	3,125000E+3	4,797144E-4	3,125000E+3	-3,980253E-4
3,126562E+3	2,570956E-4	3,126562E+3	-2,164836E-4	3,126562E+3	3,017578E-4	3,126562E+3	-2,991352E-4	3,126562E+3	9,752641E-5	3,126562E+3	-1,930727E-4	3,126562E+3	4,744286E-4	3,126562E+3	-4,057845E-4
3,128125E+3	1,104102E-4	3,128125E+3	-1,155458E-4	3,128125E+3	2,967443E-4	3,128125E+3	-3,057434E-4	3,128125E+3	9,608716E-5	3,128125E+3	-2,100281E-4	3,128125E+3	4,684621E-4	3,128125E+3	-4,133969E-4
3,129687E+3	1,085849E-4	3,129687E+3	-1,274359E-4	3,129687E+3	2,930792E-4	3,129687E+3	-3,135982E-4	3,129687E+3	9,494203E-5	3,129687E+3	-2,262659E-4	3,129687E+3	4,633322E-4	3,129687E+3	-4,209757E-4
3,131250E+3	1,063204E-4	3,131250E+3	-1,388779E-4	3,131250E+3	2,885276E-4	3,131250E+3	-3,210257E-4	3,131250E+3	9,374967E-5	3,131250E+3	-2,423440E-4	3,131250E+3	4,575271E-4	3,131250E+3	-4,283673E-4
3,132812E+3	1,053592E-4	3,132812E+3	-1,513935E-4	3,132812E+3	2,850033E-4	3,132812E+3	-3,295683E-4	3,132812E+3	9,241695E-5	3,132812E+3	-2,576510E-4	3,132812E+3	4,525263E-4	3,132812E+3	-4,363888E-4
3,134375E+3	1,041600E-4	3,134375E+3	-1,634973E-4	3,134375E+3	2,807397E-4	3,134375E+3	-3,376922E-4	3,134375E+3	9,099282E-5	3,134375E+3	-2,727823E-4	3,134375E+3	4,469123E-4	3,134375E+3	-4,442118E-4
3,135937E+3	1,032290E-4	3,135937E+3	-1,769757E-4	3,135937E+3	2,766731E-4	3,135937E+3	-3,450820E-4	3,135937E+3	9,005008E-5	3,135937E+3	-2,884164E-4	3,135937E+3	4,422025E-4	3,135937E+3	-4,532139E-4
3,137500E+3	1,020691E-4	3,137500E+3	-1,901130E-4	3,137500E+3	2,719410E-4	3,137500E+3	-3,520911E-4	3,137500E+3	8,902134E-5	3,137500E+3	-3,038632E-4	3,137500E+3	4,369987E-4	3,137500E+3	-4,620321E-4
3,139062E+3	1,010228E-4	3,139062E+3	-2,045519E-4	3,139062E+3	2,681895E-4	3,139062E+3	-3,600288E-4	3,139062E+3	8,801585E-5	3,139062E+3	-3,191177E-4	3,139062E+3	4,322465E-4	3,139062E+3	-4,710498E-4
3,140625E+3	9,979844E-5	3,140625E+3	-2,186810E-4	3,140625E+3	2,638758E-4	3,140625E+3	-3,675801E-4	3,140625E+3	8,693512E-5	3,140625E+3	-3,341885E-4	3,140625E+3	4,270591E-4	3,140625E+3	-4,799279E-4
3,142187E+3	9,856097E-5	3,142187E+3	-2,328076E-4	3,142187E+3	2,606520E-4	3,142187E+3	-3,763070E-4	3,142187E+3	8,580811E-5	3,142187E+3	-3,489993E-4	3,142187E+3	4,220721E-4	3,142187E+3	-4,882013E-4
3,143750E+3	9,721981E-5	3,143750E+3	-2,466876E-4	3,143750E+3	2,569063E-4	3,143750E+3	-3,846222E-4	3,143750E+3	8,459246E-5	3,143750E+3	-3,635547E-4	3,143750E+3	4,166662E-4	3,143750E+3	-4,964081E-4
3,145312E+3	9,492763E-5	3,145312E+3	-2,596575E-4	3,145312E+3	2,539222E-4	3,145312E+3	-3,945110E-4	3,145312E+3	8,380802E-5	3,145312E+3	-3,769101E-4	3,145312E+3	4,120121E-4	3,145312E+3	-5,054841E-4
3,146875E+3	9,250780E-5	3,146875E+3	-2,724481E-4	3,146875E+3	2,505182E-4	3,146875E+3	-4,040294E-4	3,146875E+3	8,291327E-5	3,146875E+3	-3,899185E-4	3,146875E+3	4,069754E-4	3,146875E+3	-5,144747E-4
3,148437E+3	1,024429E-4	3,148437E+3	-2,311008E-4	3,148437E+3	2,475901E-4	3,148437E+3	-4,145614E-4	3,148437E+3	8,280562E-5	3,148437E+3	-3,990762E-4	3,148437E+3	4,024683E-4	3,148437E+3	-5,233307E-4
3,150000E+3	9,965503E-5	3,150000E+3	-1,555135E-4	3,150000E+3	2,443277E-4	3,150000E+3	-4,247885E-4	3,150000E+3	8,247015E-5	3,150000E+3	-4,075268E-4	3,150000E+3	3,975661E-4	3,150000E+3	-5,320475E-4
3,151562E+3	9,948743E-5	3,151562E+3	-1,728286E-4	3,151562E+3	2,413839E-4	3,151562E+3	-4,352492E-4	3,151562E+3	8,298299E-5	3,151562E+3	-4,087114E-4	3,151562E+3	3,933492E-4	3,151562E+3	-5,406584E-4
3,153125E+3	9,929317E-5	3,153125E+3	-1,899607E-4	3,153125E+3	2,381799E-4	3,153125E+3	-4,455212E-4	3,153125E+3	8,297099E-5	3,153125E+3	-4,082159E-4	3,153125E+3	3,887502E-4	3,153125E+3	-5,490899E-4
3,154687E+3	9,900341E-5	3,154687E+3	-2,077236E-4	3,154687E+3	2,337778E-4	3,154687E+3	-4,522354E-4	3,154687E+3	7,668398E-5	3,154687E+3	-3,890626E-4	3,154687E+3	3,804337E-4	3,154687E+3	-5,581062E-4
3,156250E+3	9,868263E-5	3,156250E+3	-2,253252E-4	3,156250E+3	2,292476E-4	3,156250E+3	-4,594313E-4	3,156250E+3	7,152586E-5	3,156250E+3	-3,733008E-4	3,156250E+3	3,747539E-4	3,156250E+3	-5,694304E-4
3,157812E+3	9,782290E-5	3,157812E+3	-2,418744E-4	3,157812E+3	2,197309E-4	3,157812E+3	-4,601460E-4	3,157812E+3	7,210780E-5	3,157812E+3	-3,795693E-4	3,157812E+3	3,719766E-4	3,157812E+3	-5,827665E-4
3,159375E+3	9,692144E-5	3,159375E+3	-2,583287E-4	3,159375E+3	2,121882E-4	3,159375E+3	-4,649214E-4	3,159375E+3	7,243578E-5	3,159375E+3	-3,847726E-4	3,159375E+3	3,690030E-4	3,159375E+3	-5,959953E-4
3,160937E+3	8,421416E-5	3,160937E+3	-2,463137E-4	3,160937E+3	2,108616E-4	3,160937E+3	-4,770236E-4	3,160937E+3	7,246041E-5	3,160937E+3	-3,976329E-4	3,160937E+3	3,662656E-4	3,160937E+3	-6,103215E-4
3,162500E+3	7,436925E-5	3,162500E+3	-2,437704E-4	3,162500E+3	2,092331E-4	3,162500E+3	-4,887600E-4	3,162500E+3	7,240145E-5	3,162500E+3	-4,100980E-4	3,162500E+3	3,633665E-4	3,162500E+3	-6,245590E-4
3,164062E+3	7,419512E-5	3,164062E+3	-2,639581E-4	3,164062E+3	2,078978E-4	3,164062E+3	-4,991814E-4	3,164062E+3	7,228826E-5	3,164062E+3	-4,259003E-4	3,164062E+3	3,604004E-4	3,164062E+3	-6,370730E-4
3,165625E+3	7,398980E-5	3,165625E+3	-2,839769E-4	3,165625E+3	2,062231E-4	3,165625E+3	-5,091795E-4	3,165625E+3	7,212699E-5	3,165625E+3	-4,414825E-4	3,165625E+3	3,572039E-4	3,165625E+3	-6,494720E-4
3,167187E+3	7,378132E-5	3,167187E+3	-3,037989E-4	3,167187E+3	2,049029E-4	3,167187E+3	-5,187144E-4	3,167187E+3	7,188800E-5	3,167187E+3	-4,582170E-4	3,167187E+3	3,550793E-4	3,167187E+3	-6,521290E-4
3,168750E+3	7,353096E-5	3,168750E+3	-3,234614E-4	3,168750E+3	2,032474E-4	3,168750E+3	-5,278118E-4	3,168750E+3	7,160734E-5	3,168750E+3	-4,747929E-4	3,168750E+3	3,522590E-4	3,168750E+3	-6,543207E-4
3,170312E+3	7,326973E-5	3,170312E+3	-3,429406E-4	3,170312E+3	2,019142E-4	3,170312E+3	-5,387607E-4	3,170312E+3	7,133360E-5	3,170312E+3	-4,919852E-4	3,170312E+3	3,507000E-4	3,170312E+3	-6,621960E-4
3,171875E+3	7,296197E-5	3,171875E+3	-3,622647E-4	3,171875E+3	2,003374E-4	3,171875E+3	-5,493750E-4	3,171875E+3	7,101805E-5	3,171875E+3	-5,090528E-4	3,171875E+3	3,488119E-4	3,171875E+3	-6,698130E-4
3,173437E+3	7,277454E-5	3,173437E+3	-3,813148E-4	3,173437E+3	1,990045E-4	3,173437E+3	-5,629756E-4	3,173437E+3	7,170578E-5	3,173437E+3	-5,262427E-4	3,173437E+3	3,463334E-4	3,173437E+3	-6,826933E-4
3,175000E+3	7,253981E-5	3,175000E+3	-4,002121E-4	3,175000E+3	1,975319E-4	3,175000E+3	-5,763597E-4	3,175000E+3	7,194990E-5	3,175000E+3	-5,430795E-4	3,175000E+3	3,436841E-4	3,175000E+3	-6,954598E-4
3,176562E+3	7,062085E-5	3,176562E+3	-4,077029E-4	3,176562E+3	1,960817E-4	3,176562E+3	-5,913765E-4	3,176562E+3	7,124292E-5	3,176562E+3	-5,610180E-4	3,176562E+3	3,403087E-4	3,176562E+3	-7,100362E-4
3,178125E+3	6,822271E-5	3,178125E+3	-4,193643E-4	3,178125E+3	1,945346E-4	3,178125E+3	-6,062328E-4	3,178125E+3	7,061963E-5	3,178125E+3	-5,786630E-4	3,178125E+3	3,367909E-4	3,178125E+3	-7,245407E-4
3,179687E+3	6,819342E-5	3,179687E+3	-4,359781E-4	3,179687E+3	1,917183E-4	3,179687E+3	-6,195852E-4	3,179687E+3	6,967809E-5	3,179687E+3	-5,956883E-4	3,179687E+3	3,259105E-4	3,179687E+3	-6,876926E-4
3,181250E+3	6,814749E-5	3,181250E+3	-4,524702E-4	3,181250E+3	1,890953E-4	3,181250E+3	-6,345484E-4	3,181250E+3	6,885991E-5	3,181250E+3	-6,125228E-4	3,181250E+3	3,100491E-4	3,181250E+3	-6,491679E-4
3,182812E+3	6,812557E-5	3,182812E+3	-4,679712E-4	3,182812E+3	1,874146E-4	3,182812E+3	-6,512622E-4	3,182812E+3	6,807072E-5	3,182812E+3	-6,286489E-4	3,182812E+3	3,079787E-4	3,182812E+3	-6,643144E-4
3,184375E+3	6,807528E-5	3,184375E+3	-4,833225E-4	3,184375E+3	1,856716E-4	3,184375E+3	-6,678781E-4	3,184375E+3	6,740796E-5	3,184375E+3	-6,446657E-4	3,184375E+3	3,058178E-4	3,184375E+3	-6,793752E-4
3,185937E+3	6,777602E-5	3,185937E+3	-4,985483E-4	3,185937E+3	1,835383E-4	3,185937E+3	-6,847230E-4	3,185937E+3	6,727825E-5	3,185937E+3	-6,565734E-4	3,185937E+3	3,019037E-4	3,185937E+3	-6,426362E-4
3,187500E+3	6,743665E-5	3,187500E+3	-5,136293E-4	3,187500E+3	1,813403E-4	3,187500E+3	-7,014796E-4	3,187500E+3	6,721610E-5	3,187500E+3	-6,683512E-4	3,187500E+3	2,948421E-4	3,187500E+3	-6,040610E-4
3,189062E+3	6,698868E-5	3,189062E+3	-5,289531E-4	3,189062E+3	1,770677E-4	3,189062E+3	-6,495714E-4	3,189062E+3	7,056563E-5	3,189062E+3	-6,682212E-4	3,189062E+3	2,931888E-4	3,189062E+3	-6,174415E-4
3,190625E+3	6,649606E-5	3,190625E+3	-5,441503E-4	3,190625E+3	1,659836E-4	3,190625E+3	-5,906203E-4	3,190625E+3	7,393079E-5	3,190625E+3	-6,672307E-4	3,190625E+3	2,914542E-4	3,190625E+3	-6,307375E-4
3,192187E+3	6,035891E-5	3,192187E+3	-5,586080E-4	3,192187E+3	1,648351E-4	3,192187E+3	-6,093198E-4	3,192187E+3	7,526088E-5	3,192187E+3	-6,742132E-4	3,192187E+3	2,900741E-4	3,192187E+3	-6,479992E-4
3,193750E+3	6,004684E-5	3,193750E+3	-5,763266E-4	3,193750E+3	1,636480E-4	3,193750E+3	-6,279393E-4	3,193750E+3	7,655841E-5	3,193750E+3	-6,809502E-4	3,193750E+3	2,886640E-4	3,193750E+3	-6,651847E-4
3,195312E+3	5,931529E-5	3,195312E+3	-5,900924E-4	3,195312E+3	1,621343E-4	3,195312E+3	-6,479866E-4	3,195312E+3	7,374150E-5	3,195312E+3	-6,136901E-4	3,195312E+3	2,871021E-4	3,195312E+3	-6,833584E-4
3,196875E+3	5,842442E-5	3,196875E+3	-6,038624E-4	3,196875E+3	1,618902E-4	3,196875E+3	-6,681653E-4	3,196875E+3	6,535898E-5	3,196875E+3	-5,361437E-4	3,196875E+3	2,855324E-4	3,196875E+3	-7,014603E-4
3,198437E+3	5,797204E-5	3,198437E+3	-6,174388E-4	3,198437E+3	1,611670E-4	3,198437E+3	-6,889874E-4	3,198437E+3	6,542359E-5	3,198437E+3	-5,539037E-4	3,198437E+3	2,809271E-4	3,198437E+3	-7,256356E-4
3,200000E+3	5,739618E-5	3,200000E+3	-6,309767E-4	3,200000E+3	1,604325E-4	3,200000E+3	-7,098040E-4	3,200000E+3	6,548519E-5	3,200000E+3	-5,716679E-4	3,200000E+3	2,930769E-4	3,200000E+3	-7,460615E-4
3,201562E+3	5,761451E-5	3,201562E+3	-6,428114E-4	3,201562E+3	1,599158E-4	3,201562E+3	-7,312312E-4	3,201562E+3	6,553361E-5	3,201562E+3	-5,900762E-4	3,201562E+3	2,909401E-4	3,201562E+3	-7,380964E-4
3,203125E+3	5,773833E-5	3,203125E+3	-6,545524E-4	3,203125E+3	1,593823E-4	3,203125E+3	-7,526407E-4	3,203125E+3	6,558393E-5	3,203125E+3	-6,084884E-4	3,203125E+3	2,881104E-4	3,203125E+3	-7,300220E-4
3,204687E+3	5,920989E-5	3,204687E+3	-6,645683E-4	3,204687E+3	1,586024E-4	3,204687E+3	-7,739476E-4	3,204687E+3	6,539663E-5	3,204687E+3	-6,272817E-4	3,204687E+3	2,860719E-4	3,204687E+3	-7,253388E-4
3,206250E+3	6,062390E-5	3,206250E+3	-6,744314E-4	3,206250E+3	1,578001E-4	3,206250E+3	-7,952334E-4	3,206250E+3	6,520512E-5	3,206250E+3	-6,460828E-4	3,206250E+3	2,835808E-4	3,206250E+3	-7,207176E-4
3,207812E+3	6,224317E-5	3,207812E+3	-6,850208E-4	3,207812E+3	1,577610E-4	3,207812E+3	-7,607255E-4	3,207812E+3	6,562997E-5	3,207812E+3	-6,654861E-4	3,207812E+3	2,821329E-4	3,207812E+3	-7,285038E-4
3,209375E+3	6,382045E-5	3,209375E+3	-6,954884E-4	3,209375E+3	1,552211E-4	3,209375E+3	-7,238270E-4	3,209375E+3	6,604778E-5	3,209375E+3	-6,848945E-4	3,209375E+3	2,805553E-4	3,209375E+3	-7,363693E-4
3,210937E+3	6,477016E-5	3,210937E+3	-7,072484E-4	3,210937E+3	1,560189E-4	3,210937E+3	-6,439075E-4	3,210937E+3	6,615174E-5	3,210937E+3	-7,039023E-4	3,210937E+3	2,790886E-4	3,210937E+3	-7,406082E-4
3,212500E+3	6,567223E-5	3,212500E+3	-7,189293E-4	3,212500E+3	1,517821E-4	3,212500E+3	-5,592560E-4	3,212500E+3	6,624188E-5	3,212500E+3	-7,229169E-4	3,212500E+3	2,774345E-4	3,212500E+3	-7,449959E-4
3,214062E+3	6,702069E-5	3,214062E+3	-6,370292E-4	3,214062E+3	1,513940E-4	3,214062E+3	-5,765927E-4	3,214062E+3	6,657063E-5	3,214062E+3	-7,413273E-4	3,214062E+3	2,756810E-4	3,214062E+3	-7,421538E-4
3,215625E+3	6,135668E-5	3,215625E+3	-5,399628E-4	3,215625E+3	1,509850E-4	3,215625E+3	-5,939796E-4	3,215625E+3	6,687876E-5	3,215625E+3	-7,597464E-4	3,215625E+3	2,735920E-4	3,215625E+3	-7,396186E-4
3,217187E+3	6,155364E-5	3,217187E+3	-5,585941E-4	3,217187E+3	1,505986E-4	3,217187E+3	-6,109849E-4	3,217187E+3	6,714651E-5	3,217187E+3	-7,769831E-4	3,217187E+3	2,723409E-4	3,217187E+3	-7,419883E-4
3,218750E+3	6,170595E-5	3,218750E+3	-5,771993E-4	3,218750E+3	1,501784E-4	3,218750E+3	-6,280508E-4	3,218750E+3	6,737904E-5	3,218750E+3	-7,942334E-4	3,218750E+3	2,708963E-4	3,218750E+3	-7,446792E-4
3,220312E+3	6,180583E-5	3,220312E+3	-5,960242E-4	3,220312E+3	1,496569E-4	3,220312E+3	-6,443815E-4	3,220312E+3	7,703428E-5	3,220312E+3	-6,662711E-4	3,220312E+3	2,701692E-4	3,220312E+3	-7,524939E-4
3,221875E+3	6,186012E-5	3,221875E+3	-6,148249E-4	3,221875E+3	1,491026E-4	3,221875E+3	-6,607952E-4	3,221875E+3	7,883693E-5	3,221875E+3	-5,274711E-4	3,221875E+3	2,693612E-4	3,221875E+3	-7,606035E-4
3,223437E+3	6,205799E-5	3,223437E+3	-6,340254E-4	3,223437E+3	1,485371E-4	3,223437E+3	-6,745334E-4	3,223437E+3	7,875981E-5	3,223437E+3	-5,439598E-4	3,223437E+3	2,688959E-4	3,223437E+3	-7,685702E-4
3,225000E+3	6,220538E-5	3,225000E+3	-6,532003E-4	3,225000E+3	1,479271E-4	3,225000E+3	-6,883966E-4	3,225000E+3	7,862640E-5	3,225000E+3	-5,605134E-4	3,225000E+3	2,684212E-4	3,225000E+3	-7,769115E-4
3,226562E+3	6,217096E-5	3,226562E+3	-6,723267E-4	3,226562E+3	1,491725E-4	3,226562E+3	-6,826416E-4	3,226562E+3	7,839263E-5	3,226562E+3	-5,762941E-4	3,226562E+3	2,682935E-4	3,226562E+3	-7,805613E-4
3,228125E+3	6,208648E-5	3,228125E+3	-6,914295E-4	3,228125E+3	1,507796E-4	3,228125E+3	-6,768595E-4	3,228125E+3	7,809703E-5	3,228125E+3	-5,921430E-4	3,228125E+3	2,682669E-4	3,228125E+3	-7,846816E-4
3,229687E+3	6,187793E-5	3,229687E+3	-7,112789E-4	3,229687E+3	1,509583E-4	3,229687E+3	-6,800472E-4	3,229687E+3	8,071525E-5	3,229687E+3	-6,039744E-4	3,229687E+3	2,679456E-4	3,229687E+3	-7,829069E-4
3,231250E+3	6,171739E-5	3,231250E+3	-7,312561E-4	3,231250E+3	1,510167E-4	3,231250E+3	-6,834590E-4	3,231250E+3	8,521321E-5	3,231250E+3	-6,148028E-4	3,231250E+3	2,674792E-4	3,231250E+3	-7,817630E-4
3,232812E+3	6,187243E-5	3,232812E+3	-7,494867E-4	3,232812E+3	1,506022E-4	3,232812E+3	-6,928638E-4	3,232812E+3	8,640653E-5	3,232812E+3	-6,173183E-4	3,232812E+3	2,671601E-4	3,232812E+3	-7,829185E-4
3,234375E+3	6,200728E-5	3,234375E+3	-7,676812E-4	3,234375E+3	1,501130E-4	3,234375E+3	-7,024665E-4	3,234375E+3	8,744710E-5	3,234375E+3	-6,201025E-4	3,234375E+3	2,666619E-4	3,234375E+3	-7,847030E-4
3,235937E+3	6,255573E-5	3,235937E+3	-7,849628E-4	3,235937E+3	1,497370E-4	3,235937E+3	-7,101555E-4	3,235937E+3	8,823311E-5	3,235937E+3	-6,260148E-4	3,235937E+3	2,662223E-4	3,235937E+3	-7,875557E-4
3,237500E+3	6,307431E-5	3,237500E+3	-8,022421E-4	3,237500E+3	1,492664E-4	3,237500E+3	-7,180991E-4	3,237500E+3	8,890460E-5	3,237500E+3	-6,321936E-4	3,237500E+3	2,656106E-4	3,237500E+3	-7,910487E-4
3,239062E+3	7,820020E-5	3,239062E+3	-6,413431E-4	3,239062E+3	1,494732E-4	3,239062E+3	-7,174502E-4	3,239062E+3	8,966370E-5	3,239062E+3	-6,407042E-4	3,239062E+3	2,652216E-4	3,239062E+3	-7,944248E-4
3,240625E+3	8,301029E-5	3,240625E+3	-4,691953E-4	3,240625E+3	1,494473E-4	3,240625E+3	-7,172894E-4	3,240625E+3	9,032978E-5	3,240625E+3	-6,494575E-4	3,240625E+3	2,646344E-4	3,240625E+3	-7,984849E-4
3,242187E+3	8,336701E-5	3,242187E+3	-4,880745E-4	3,242187E+3	1,495956E-4	3,242187E+3	-7,181428E-4	3,242187E+3	9,164216E-5	3,242187E+3	-6,492622E-4	3,242187E+3	2,645699E-4	3,242187E+3	-8,032635E-4
3,243750E+3	8,369248E-5	3,243750E+3	-5,070129E-4	3,243750E+3	1,495247E-4	3,243750E+3	-7,195307E-4	3,243750E+3	9,273915E-5	3,243750E+3	-6,495508E-4	3,243750E+3	2,642901E-4	3,243750E+3	-8,087251E-4
3,245312E+3	8,386767E-5	3,245312E+3	-5,263023E-4	3,245312E+3	1,490389E-4	3,245312E+3	-7,211998E-4	3,245312E+3	9,391164E-5	3,245312E+3	-6,456845E-4	3,245312E+3	2,647397E-4	3,245312E+3	-8,147108E-4
3,246875E+3	8,401314E-5	3,246875E+3	-5,456496E-4	3,246875E+3	1,483623E-4	3,246875E+3	-7,234581E-4	3,246875E+3	9,479204E-5	3,246875E+3	-6,425384E-4	3,246875E+3	2,649583E-4	3,246875E+3	-8,213758E-4
3,248437E+3	8,402900E-5	3,248437E+3	-5,652076E-4	3,248437E+3	1,481629E-4	3,248437E+3	-7,251779E-4	3,248437E+3	9,553148E-5	3,248437E+3	-6,475524E-4	3,248437E+3	2,653797E-4	3,248437E+3	-8,274043E-4
3,250000E+3	8,401598E-5	3,250000E+3	-5,848263E-4	3,250000E+3	1,477513E-4	3,250000E+3	-7,275583E-4	3,250000E+3	9,610876E-5	3,250000E+3	-6,530353E-4	3,250000E+3	2,655565E-4	3,250000E+3	-8,341782E-4
3,251562E+3	8,397871E-5	3,251562E+3	-6,040048E-4	3,251562E+3	1,479725E-4	3,251562E+3	-7,339623E-4	3,251562E+3	9,681471E-5	3,251562E+3	-6,604281E-4	3,251562E+3	2,656494E-4	3,251562E+3	-8,393731E-4
3,253125E+3	8,391229E-5	3,253125E+3	-6,232556E-4	3,253125E+3	1,480288E-4	3,253125E+3	-7,408920E-4	3,253125E+3	9,737312E-5	3,253125E+3	-6,682463E-4	3,253125E+3	2,654939E-4	3,253125E+3	-8,454397E-4
3,254687E+3	8,435248E-5	3,254687E+3	-6,395261E-4	3,254687E+3	1,484634E-4	3,254687E+3	-7,489648E-4	3,254687E+3	9,801545E-5	3,254687E+3	-6,753677E-4	3,254687E+3	2,650712E-4	3,254687E+3	-8,489265E-4
3,256250E+3	8,474944E-5	3,256250E+3	-6,559200E-4	3,256250E+3	1,487381E-4	3,256250E+3	-7,575318E-4	3,256250E+3	9,849494E-5	3,256250E+3	-6,829585E-4	3,256250E+3	2,643744E-4	3,256250E+3	-8,534922E-4
3,257812E+3	8,704788E-5	3,257812E+3	-6,539632E-4	3,257812E+3	1,493924E-4	3,257812E+3	-7,654026E-4	3,257812E+3	9,955321E-5	3,257812E+3	-6,889911E-4	3,257812E+3	2,639318E-4	3,257812E+3	-8,549962E-4
3,259375E+3	8,906204E-5	3,259375E+3	-6,525612E-4	3,259375E+3	1,498621E-4	3,259375E+3	-7,738074E-4	3,259375E+3	1,003955E-4	3,259375E+3	-6,955760E-4	3,259375E+3	2,631236E-4	3,259375E+3	-8,578323E-4
3,260937E+3	9,036951E-5	3,260937E+3	-6,515655E-4	3,260937E+3	1,504083E-4	3,260937E+3	-7,782025E-4	3,260937E+3	1,015459E-4	3,260937E+3	-6,986264E-4	3,260937E+3	2,308316E-4	3,260937E+3	-6,707393E-4
3,262500E+3	9,144107E-5	3,262500E+3	-6,512034E-4	3,262500E+3	1,507027E-4	3,262500E+3	-7,833609E-4	3,262500E+3	1,024041E-4	3,262500E+3	-7,024406E-4	3,262500E+3	1,951743E-4	3,262500E+3	-5,729360E-4
3,264062E+3	9,234336E-5	3,264062E+3	-6,573148E-4	3,264062E+3	1,507219E-4	3,264062E+3	-7,825153E-4	3,264062E+3	1,034973E-4	3,264062E+3	-7,031630E-4	3,264062E+3	1,962656E-4	3,264062E+3	-5,787855E-4
3,265625E+3	9,310425E-5	3,265625E+3	-6,638729E-4	3,265625E+3	1,503858E-4	3,265625E+3	-7,828829E-4	3,265625E+3	1,042341E-4	3,265625E+3	-7,048887E-4	3,265625E+3	1,964821E-4	3,265625E+3	-5,867423E-4
3,267187E+3	9,420553E-5	3,267187E+3	-6,707894E-4	3,267187E+3	1,499135E-4	3,267187E+3	-7,819432E-4	3,267187E+3	1,047932E-4	3,267187E+3	-7,060757E-4	3,267187E+3	1,974154E-4	3,267187E+3	-5,985911E-4
3,268750E+3	9,516211E-5	3,268750E+3	-6,781618E-4	3,268750E+3	1,490821E-4	3,268750E+3	-7,823690E-4	3,268750E+3	1,050451E-4	3,268750E+3	-7,083629E-4	3,268750E+3	1,977757E-4	3,268750E+3	-6,117668E-4
3,270312E+3	9,632423E-5	3,270312E+3	-6,817710E-4	3,270312E+3	1,485153E-4	3,270312E+3	-7,867529E-4	3,270312E+3	1,055748E-4	3,270312E+3	-7,141052E-4	3,270312E+3	1,980037E-4	3,270312E+3	-6,255636E-4
3,271875E+3	9,729142E-5	3,271875E+3	-6,860135E-4	3,271875E+3	1,476654E-4	3,271875E+3	-7,921856E-4	3,271875E+3	1,059314E-4	3,271875E+3	-7,207319E-4	3,271875E+3	1,977521E-4	3,271875E+3	-6,405615E-4
3,273437E+3	9,842900E-5	3,273437E+3	-6,854640E-4	3,273437E+3	1,471385E-4	3,273437E+3	-8,011899E-4	3,273437E+3	1,065348E-4	3,273437E+3	-7,282791E-4	3,273437E+3	1,973930E-4	3,273437E+3	-6,543981E-4
3,275000E+3	9,928673E-5	3,275000E+3	-6,858213E-4	3,275000E+3	1,463710E-4	3,275000E+3	-8,109738E-4	3,275000E+3	1,069948E-4	3,275000E+3	-7,366149E-4	3,275000E+3	1,964738E-4	3,275000E+3	-6,696065E-4
3,276562E+3	1,001894E-4	3,276562E+3	-6,851845E-4	3,276562E+3	1,456326E-4	3,276562E+3	-8,223828E-4	3,276562E+3	1,071006E-4	3,276562E+3	-7,444320E-4	3,276562E+3	1,966307E-4	3,276562E+3	-6,828058E-4
3,278125E+3	1,007858E-4	3,278125E+3	-6,855537E-4	3,278125E+3	1,446784E-4	3,278125E+3	-8,344839E-4	3,278125E+3	1,069768E-4	3,278125E+3	-7,530456E-4	3,278125E+3	1,960332E-4	3,278125E+3	-6,976751E-4
3,279687E+3	1,013215E-4	3,279687E+3	-6,874822E-4	3,279687E+3	1,233469E-4	3,279687E+3	-6,814452E-4	3,279687E+3	1,117630E-4	3,279687E+3	-7,593367E-4	3,279687E+3	1,980106E-4	3,279687E+3	-7,060669E-4
3,281250E+3	1,015642E-4	3,281250E+3	-6,903465E-4	3,281250E+3	1,014329E-4	3,281250E+3	-5,947582E-4	3,281250E+3	1,166774E-4	3,281250E+3	-7,667133E-4	3,281250E+3	1,985814E-4	3,281250E+3	-7,171780E-4
3,282812E+3	1,017168E-4	3,282812E+3	-6,957255E-4	3,282812E+3	1,023350E-4	3,282812E+3	-6,085262E-4	3,282812E+3	9,724681E-5	3,282812E+3	-6,014204E-4	3,282812E+3	2,316725E-4	3,282812E+3	-6,395140E-4
3,284375E+3	1,016044E-4	3,284375E+3	-7,019298E-4	3,284375E+3	1,031686E-4	3,284375E+3	-6,230575E-4	3,284375E+3	7,475407E-5	3,284375E+3	-5,034956E-4	3,284375E+3	1,907799E-4	3,284375E+3	-6,119214E-4
3,285937E+3	1,059182E-4	3,285937E+3	-7,075331E-4	3,285937E+3	1,030369E-4	3,285937E+3	-6,335462E-4	3,285937E+3	7,443138E-5	3,285937E+3	-5,176993E-4	3,285937E+3	1,931525E-4	3,285937E+3	-6,220962E-4
3,287500E+3	1,104747E-4	3,287500E+3	-7,140343E-4	3,287500E+3	1,025660E-4	3,287500E+3	-6,453097E-4	3,287500E+3	7,388429E-5	3,287500E+3	-5,327287E-4	3,287500E+3	1,906358E-4	3,287500E+3	-6,318703E-4
3,289062E+3	1,106403E-4	3,289062E+3	-7,166756E-4	3,289062E+3	1,029113E-4	3,289062E+3	-6,412729E-4	3,289062E+3	7,378525E-5	3,289062E+3	-5,426462E-4	3,289062E+3	1,889097E-4	3,289062E+3	-6,416481E-4
3,290625E+3	1,105137E-4	3,290625E+3	-7,200071E-4	3,290625E+3	1,014560E-4	3,290625E+3	-6,416793E-4	3,290625E+3	7,322349E-5	3,290625E+3	-5,540074E-4	3,290625E+3	1,838857E-4	3,290625E+3	-6,504930E-4
3,292187E+3	1,107872E-4	3,292187E+3	-7,244843E-4	3,292187E+3	9,992491E-5	3,292187E+3	-6,286962E-4	3,292187E+3	7,469542E-5	3,292187E+3	-5,555410E-4	3,292187E+3	1,837061E-4	3,292187E+3	-6,643848E-4
3,293750E+3	1,107493E-4	3,293750E+3	-7,299831E-4	3,293750E+3	9,456344E-5	3,293750E+3	-6,238213E-4	3,293750E+3	7,471509E-5	3,293750E+3	-5,601596E-4	3,293750E+3	1,803332E-4	3,293750E+3	-6,763975E-4
3,295312E+3	1,111437E-4	3,295312E+3	-7,310716E-4	3,295312E+3	9,503965E-5	3,295312E+3	-6,204291E-4	3,295312E+3	7,742421E-5	3,295312E+3	-5,502023E-4	3,295312E+3	1,799804E-4	3,295312E+3	-6,880118E-4
3,296875E+3	1,110842E-4	3,296875E+3	-7,335499E-4	3,296875E+3	9,162270E-5	3,296875E+3	-6,234131E-4	3,296875E+3	7,617324E-5	3,296875E+3	-5,471323E-4	3,296875E+3	1,762949E-4	3,296875E+3	-6,966780E-4
3,298437E+3	1,114941E-4	3,298437E+3	-7,393545E-4	3,298437E+3	9,785423E-5	3,298437E+3	-6,035441E-4	3,298437E+3	7,695787E-5	3,298437E+3	-5,484573E-4	3,298437E+3	1,755551E-4	3,298437E+3	-6,946874E-4
3,300000E+3	1,115325E-4	3,300000E+3	-7,462129E-4	3,300000E+3	8,858612E-5	3,300000E+3	-5,981943E-4	3,300000E+3	7,529240E-5	3,300000E+3	-5,540556E-4	3,300000E+3	1,663301E-4	3,300000E+3	-6,823589E-4
3,301562E+3	1,115925E-4	3,301562E+3	-7,541894E-4	3,301562E+3	9,499301E-5	3,301562E+3	-6,025293E-4	3,301562E+3	7,636541E-5	3,301562E+3	-5,577377E-4	3,301562E+3	1,650374E-4	3,301562E+3	-6,933030E-4
3,303125E+3	1,113540E-4	3,303125E+3	-7,630915E-4	3,303125E+3	9,608764E-5	3,303125E+3	-6,096079E-4	3,303125E+3	7,463259E-5	3,303125E+3	-5,651406E-4	3,303125E+3	1,622064E-4	3,303125E+3	-7,018002E-4
3,304687E+3	9,337740E-5	3,304687E+3	-6,123905E-4	3,304687E+3	1,124725E-4	3,304687E+3	-5,692813E-4	3,304687E+3	7,719998E-5	3,304687E+3	-5,666435E-4	3,304687E+3	1,941953E-4	3,304687E+3	-6,472742E-4
3,306250E+3	7,193522E-5	3,306250E+3	-5,275792E-4	3,306250E+3	1,257957E-4	3,306250E+3	-5,229396E-4	3,306250E+3	7,507765E-5	3,306250E+3	-5,725388E-4	3,306250E+3	2,263483E-4	3,306250E+3	-5,803420E-4
3,307812E+3	9,319941E-5	3,307812E+3	-4,857606E-4	3,307812E+3	1,270588E-4	3,307812E+3	-5,406148E-4	3,307812E+3	9,003337E-5	3,307812E+3	-5,432919E-4	3,307812E+3	2,266770E-4	3,307812E+3	-6,005265E-4
3,309375E+3	1,140391E-4	3,309375E+3	-4,379247E-4	3,309375E+3	1,255207E-4	3,309375E+3	-5,582193E-4	3,309375E+3	9,893610E-5	3,309375E+3	-5,148091E-4	3,309375E+3	2,266431E-4	3,309375E+3	-6,202059E-4
3,310937E+3	1,151447E-4	3,310937E+3	-4,475972E-4	3,310937E+3	1,269957E-4	3,310937E+3	-5,753809E-4	3,310937E+3	1,128753E-4	3,310937E+3	-4,894050E-4	3,310937E+3	2,268632E-4	3,310937E+3	-6,398758E-4
3,312500E+3	1,154275E-4	3,312500E+3	-4,593407E-4	3,312500E+3	1,253983E-4	3,312500E+3	-5,916990E-4	3,312500E+3	1,212017E-4	3,312500E+3	-4,630305E-4	3,312500E+3	2,266955E-4	3,312500E+3	-6,589728E-4
3,314062E+3	1,160758E-4	3,314062E+3	-4,675313E-4	3,314062E+3	1,479923E-4	3,314062E+3	-5,725592E-4	3,314062E+3	1,584049E-4	3,314062E+3	-4,433601E-4	3,314062E+3	2,265180E-4	3,314062E+3	-6,768598E-4
3,315625E+3	1,156896E-4	3,315625E+3	-4,783660E-4	3,315625E+3	1,171682E-4	3,315625E+3	-4,855943E-4	3,315625E+3	1,151818E-4	3,315625E+3	-3,646170E-4	3,315625E+3	2,258627E-4	3,315625E+3	-6,939604E-4
3,317187E+3	1,168109E-4	3,317187E+3	-4,807354E-4	3,317187E+3	1,167552E-4	3,317187E+3	-5,107930E-4	3,317187E+3	1,149908E-4	3,317187E+3	-3,901785E-4	3,317187E+3	2,252521E-4	3,317187E+3	-7,104252E-4
3,318750E+3	1,157518E-4	3,318750E+3	-4,876204E-4	3,318750E+3	1,161975E-4	3,318750E+3	-5,360006E-4	3,318750E+3	1,146461E-4	3,318750E+3	-4,157859E-4	3,318750E+3	2,240671E-4	3,318750E+3	-7,258654E-4
3,320312E+3	1,304217E-4	3,320312E+3	-4,425098E-4	3,320312E+3	1,158852E-4	3,320312E+3	-5,607690E-4	3,320312E+3	1,147241E-4	3,320312E+3	-4,406890E-4	3,320312E+3	2,220873E-4	3,320312E+3	-7,383941E-4
3,321875E+3	1,176835E-4	3,321875E+3	-4,270505E-4	3,321875E+3	1,154116E-4	3,321875E+3	-5,854920E-4	3,321875E+3	1,146349E-4	3,321875E+3	-4,655689E-4	3,321875E+3	2,191013E-4	3,321875E+3	-7,491450E-4
3,323437E+3	1,177622E-4	3,323437E+3	-4,514518E-4	3,323437E+3	1,151500E-4	3,323437E+3	-6,100069E-4	3,323437E+3	1,146687E-4	3,323437E+3	-4,899895E-4	3,323437E+3	2,165416E-4	3,323437E+3	-7,588748E-4
3,325000E+3	1,173676E-4	3,325000E+3	-4,763473E-4	3,325000E+3	1,147134E-4	3,325000E+3	-6,344316E-4	3,325000E+3	1,144873E-4	3,325000E+3	-5,143266E-4	3,325000E+3	2,127403E-4	3,325000E+3	-7,661888E-4
3,326562E+3	1,172505E-4	3,326562E+3	-5,010717E-4	3,326562E+3	1,148614E-4	3,326562E+3	-6,587439E-4	3,326562E+3	1,144437E-4	3,326562E+3	-5,382520E-4	3,326562E+3	2,129807E-4	3,326562E+3	-7,869983E-4
3,328125E+3	1,166285E-4	3,328125E+3	-5,263172E-4	3,328125E+3	1,148683E-4	3,328125E+3	-6,829603E-4	3,328125E+3	1,141630E-4	3,328125E+3	-5,620469E-4	3,328125E+3	2,130611E-4	3,328125E+3	-8,076046E-4
3,329687E+3	1,166428E-4	3,329687E+3	-5,505029E-4	3,329687E+3	1,160495E-4	3,329687E+3	-7,049810E-4	3,329687E+3	1,144898E-4	3,329687E+3	-5,860086E-4	3,329687E+3	2,276950E-4	3,329687E+3	-7,878232E-4
3,331250E+3	1,160019E-4	3,331250E+3	-5,752046E-4	3,331250E+3	1,170923E-4	3,331250E+3	-7,269058E-4	3,331250E+3	1,146119E-4	3,331250E+3	-6,098336E-4	3,331250E+3	2,416958E-4	3,331250E+3	-7,680959E-4
3,332812E+3	1,171757E-4	3,332812E+3	-5,975666E-4	3,332812E+3	1,268088E-4	3,332812E+3	-7,048825E-4	3,332812E+3	1,188845E-4	3,332812E+3	-6,230971E-4	3,332812E+3	2,491119E-4	3,332812E+3	-7,646343E-4
3,334375E+3	1,175393E-4	3,334375E+3	-6,204493E-4	3,334375E+3	1,357717E-4	3,334375E+3	-6,828862E-4	3,334375E+3	1,229886E-4	3,334375E+3	-6,362540E-4	3,334375E+3	2,562414E-4	3,334375E+3	-7,614708E-4
3,335937E+3	1,289414E-4	3,335937E+3	-6,080116E-4	3,335937E+3	1,379164E-4	3,335937E+3	-6,935665E-4	3,335937E+3	1,310122E-4	3,335937E+3	-6,171456E-4	3,335937E+3	2,613899E-4	3,335937E+3	-7,704338E-4
3,337500E+3	1,389639E-4	3,337500E+3	-5,956793E-4	3,337500E+3	1,398686E-4	3,337500E+3	-7,041513E-4	3,337500E+3	1,382919E-4	3,337500E+3	-5,983944E-4	3,337500E+3	2,664072E-4	3,337500E+3	-7,795805E-4
3,339062E+3	1,414154E-4	3,339062E+3	-6,123999E-4	3,339062E+3	1,408678E-4	3,339062E+3	-7,176914E-4	3,339062E+3	1,400138E-4	3,339062E+3	-6,145088E-4	3,339062E+3	2,711147E-4	3,339062E+3	-7,883857E-4
3,340625E+3	1,429974E-4	3,340625E+3	-6,293210E-4	3,340625E+3	1,416129E-4	3,340625E+3	-7,309438E-4	3,340625E+3	1,415356E-4	3,340625E+3	-6,304902E-4	3,340625E+3	2,756825E-4	3,340625E+3	-7,974078E-4
3,342187E+3	2,000923E-4	3,342187E+3	-6,024852E-4	3,342187E+3	1,412862E-4	3,342187E+3	-7,074278E-4	3,342187E+3	1,435638E-4	3,342187E+3	-5,930538E-4	3,342187E+3	2,807973E-4	3,342187E+3	-8,051021E-4
3,343750E+3	1,356956E-4	3,343750E+3	-4,296217E-4	3,343750E+3	1,349341E-4	3,343750E+3	-6,682750E-4	3,343750E+3	1,293693E-4	3,343750E+3	-5,183152E-4	3,343750E+3	2,857543E-4	3,343750E+3	-8,130617E-4
3,345312E+3	1,381255E-4	3,345312E+3	-4,405462E-4	3,345312E+3	1,372055E-4	3,345312E+3	-6,817514E-4	3,345312E+3	1,328584E-4	3,345312E+3	-5,278696E-4	3,345312E+3	2,915365E-4	3,345312E+3	-8,205699E-4
3,346875E+3	1,402354E-4	3,346875E+3	-4,511717E-4	3,346875E+3	1,394018E-4	3,346875E+3	-6,954919E-4	3,346875E+3	1,362196E-4	3,346875E+3	-5,377115E-4	3,346875E+3	2,971350E-4	3,346875E+3	-8,283500E-4
3,348437E+3	1,433426E-4	3,348437E+3	-4,601930E-4	3,348437E+3	1,417803E-4	3,348437E+3	-7,003732E-4	3,348437E+3	1,393559E-4	3,348437E+3	-5,434320E-4	3,348437E+3	3,031086E-4	3,348437E+3	-8,341781E-4
3,350000E+3	1,461705E-4	3,350000E+3	-4,691078E-4	3,350000E+3	1,440163E-4	3,350000E+3	-7,057073E-4	3,350000E+3	1,423216E-4	3,350000E+3	-5,495417E-4	3,350000E+3	3,088488E-4	3,350000E+3	-8,403010E-4
3,351562E+3	1,491843E-4	3,351562E+3	-4,804268E-4	3,351562E+3	1,450875E-4	3,351562E+3	-7,168143E-4	3,351562E+3	1,444394E-4	3,351562E+3	-5,595187E-4	3,351562E+3	3,150942E-4	3,351562E+3	-8,437282E-4
3,353125E+3	1,519727E-4	3,353125E+3	-4,917195E-4	3,353125E+3	1,460650E-4	3,353125E+3	-7,282231E-4	3,353125E+3	1,464327E-4	3,353125E+3	-5,697983E-4	3,353125E+3	3,210591E-4	3,353125E+3	-8,475170E-4
3,354687E+3	1,556137E-4	3,354687E+3	-5,006912E-4	3,354687E+3	1,469077E-4	3,354687E+3	-7,429255E-4	3,354687E+3	1,480823E-4	3,354687E+3	-5,807432E-4	3,354687E+3	3,267635E-4	3,354687E+3	-8,491526E-4
3,356250E+3	1,590056E-4	3,356250E+3	-5,097507E-4	3,356250E+3	1,476748E-4	3,356250E+3	-7,578538E-4	3,356250E+3	1,496235E-4	3,356250E+3	-5,919864E-4	3,356250E+3	3,321475E-4	3,356250E+3	-8,511942E-4
3,357812E+3	1,623147E-4	3,357812E+3	-5,196546E-4	3,357812E+3	1,494567E-4	3,357812E+3	-7,671188E-4	3,357812E+3	1,522900E-4	3,357812E+3	-6,006910E-4	3,357812E+3	3,270032E-4	3,357812E+3	-8,202938E-4
3,359375E+3	1,653733E-4	3,359375E+3	-5,296900E-4	3,359375E+3	1,511254E-4	3,359375E+3	-7,767367E-4	3,359375E+3	1,548002E-4	3,359375E+3	-6,097515E-4	3,359375E+3	3,161903E-4	3,359375E+3	-7,824468E-4
3,360937E+3	1,687993E-4	3,360937E+3	-5,413069E-4	3,360937E+3	1,540185E-4	3,360937E+3	-7,750964E-4	3,360937E+3	1,592080E-4	3,360937E+3	-6,120552E-4	3,360937E+3	3,222522E-4	3,360937E+3	-7,918512E-4
3,362500E+3	1,720397E-4	3,362500E+3	-5,530657E-4	3,362500E+3	1,566421E-4	3,362500E+3	-7,741672E-4	3,362500E+3	1,633191E-4	3,362500E+3	-6,149132E-4	3,362500E+3	3,280927E-4	3,362500E+3	-8,016263E-4
3,364062E+3	1,756042E-4	3,364062E+3	-5,630326E-4	3,364062E+3	1,593919E-4	3,364062E+3	-7,757904E-4	3,364062E+3	1,675097E-4	3,364062E+3	-6,160987E-4	3,364062E+3	3,335705E-4	3,364062E+3	-8,141888E-4
3,365625E+3	1,789378E-4	3,365625E+3	-5,732136E-4	3,365625E+3	1,619091E-4	3,365625E+3	-7,780139E-4	3,365625E+3	1,713871E-4	3,365625E+3	-6,179131E-4	3,365625E+3	3,388576E-4	3,365625E+3	-8,270616E-4
3,367187E+3	1,834153E-4	3,367187E+3	-5,805997E-4	3,367187E+3	1,583273E-4	3,367187E+3	-7,512871E-4	3,367187E+3	1,744666E-4	3,367187E+3	-6,207553E-4	3,367187E+3	3,438670E-4	3,367187E+3	-8,421584E-4
3,368750E+3	1,875965E-4	3,368750E+3	-5,882898E-4	3,368750E+3	1,500828E-4	3,368750E+3	-7,155490E-4	3,368750E+3	1,772824E-4	3,368750E+3	-6,241790E-4	3,368750E+3	3,487135E-4	3,368750E+3	-8,575224E-4
3,370312E+3	1,918745E-4	3,370312E+3	-5,960915E-4	3,370312E+3	1,525766E-4	3,370312E+3	-7,270774E-4	3,370312E+3	1,742166E-4	3,370312E+3	-5,965775E-4	3,370312E+3	3,540209E-4	3,370312E+3	-8,727472E-4
3,371875E+3	1,958598E-4	3,371875E+3	-6,042125E-4	3,371875E+3	1,549198E-4	3,371875E+3	-7,390530E-4	3,371875E+3	1,669581E-4	3,371875E+3	-5,621882E-4	3,371875E+3	3,591609E-4	3,371875E+3	-8,882424E-4
3,373437E+3	1,992086E-4	3,373437E+3	-6,147636E-4	3,373437E+3	1,579721E-4	3,373437E+3	-7,447930E-4	3,373437E+3	1,699794E-4	3,373437E+3	-5,696114E-4	3,373437E+3	3,664133E-4	3,373437E+3	-8,994964E-4
3,375000E+3	2,023258E-4	3,375000E+3	-6,255938E-4	3,375000E+3	1,607839E-4	3,375000E+3	-7,511940E-4	3,375000E+3	1,727631E-4	3,375000E+3	-5,776595E-4	3,375000E+3	3,734036E-4	3,375000E+3	-9,111101E-4
3,376562E+3	2,023688E-4	3,376562E+3	-5,893354E-4	3,376562E+3	1,641798E-4	3,376562E+3	-7,482701E-4	3,376562E+3	1,758251E-4	3,376562E+3	-5,826099E-4	3,376562E+3	3,830038E-4	3,376562E+3	-9,133803E-4
3,378125E+3	1,941925E-4	3,378125E+3	-5,363614E-4	3,378125E+3	1,671902E-4	3,378125E+3	-7,464679E-4	3,378125E+3	1,785994E-4	3,378125E+3	-5,883098E-4	3,378125E+3	3,920732E-4	3,378125E+3	-9,162977E-4
3,379687E+3	2,003044E-4	3,379687E+3	-5,414217E-4	3,379687E+3	1,695730E-4	3,379687E+3	-7,473510E-4	3,379687E+3	1,839598E-4	3,379687E+3	-5,875528E-4	3,379687E+3	3,904888E-4	3,379687E+3	-8,877804E-4
3,381250E+3	2,060535E-4	3,381250E+3	-5,470799E-4	3,381250E+3	1,716653E-4	3,381250E+3	-7,491857E-4	3,381250E+3	1,888015E-4	3,381250E+3	-5,878472E-4	3,381250E+3	3,855547E-4	3,381250E+3	-8,552332E-4
3,382812E+3	2,088265E-4	3,382812E+3	-5,554896E-4	3,382812E+3	1,740510E-4	3,382812E+3	-7,545774E-4	3,382812E+3	1,939303E-4	3,382812E+3	-5,860406E-4	3,382812E+3	3,925667E-4	3,382812E+3	-8,637456E-4
3,384375E+3	2,112787E-4	3,384375E+3	-5,644773E-4	3,384375E+3	1,762096E-4	3,384375E+3	-7,607201E-4	3,384375E+3	1,985053E-4	3,384375E+3	-5,853787E-4	3,384375E+3	3,992001E-4	3,384375E+3	-8,728103E-4
3,385937E+3	2,138880E-4	3,385937E+3	-5,739351E-4	3,385937E+3	1,787451E-4	3,385937E+3	-7,659211E-4	3,385937E+3	2,017227E-4	3,385937E+3	-5,912867E-4	3,385937E+3	4,056724E-4	3,385937E+3	-8,820788E-4
3,387500E+3	2,161902E-4	3,387500E+3	-5,839540E-4	3,387500E+3	1,810300E-4	3,387500E+3	-7,718908E-4	3,387500E+3	2,046298E-4	3,387500E+3	-5,979493E-4	3,387500E+3	4,117812E-4	3,387500E+3	-8,918777E-4
3,389062E+3	2,204835E-4	3,389062E+3	-5,892816E-4	3,389062E+3	1,845770E-4	3,389062E+3	-7,730821E-4	3,389062E+3	2,081549E-4	3,389062E+3	-6,042972E-4	3,389062E+3	4,177512E-4	3,389062E+3	-8,996132E-4
3,390625E+3	2,243197E-4	3,390625E+3	-5,953623E-4	3,390625E+3	1,877574E-4	3,390625E+3	-7,752934E-4	3,390625E+3	2,113478E-4	3,390625E+3	-6,114001E-4	3,390625E+3	4,233314E-4	3,390625E+3	-9,079623E-4
3,392187E+3	2,285989E-4	3,392187E+3	-5,959572E-4	3,392187E+3	1,924441E-4	3,392187E+3	-7,727150E-4	3,392187E+3	2,158809E-4	3,392187E+3	-6,145416E-4	3,392187E+3	4,306560E-4	3,392187E+3	-9,057774E-4
3,393750E+3	2,323102E-4	3,393750E+3	-5,976269E-4	3,393750E+3	1,965974E-4	3,393750E+3	-7,714402E-4	3,393750E+3	2,199416E-4	3,393750E+3	-6,186397E-4	3,393750E+3	4,372843E-4	3,393750E+3	-9,047121E-4
3,395312E+3	2,350946E-4	3,395312E+3	-5,996537E-4	3,395312E+3	2,006882E-4	3,395312E+3	-7,694529E-4	3,395312E+3	2,239243E-4	3,395312E+3	-6,198631E-4	3,395312E+3	4,420896E-4	3,395312E+3	-9,060029E-4
3,396875E+3	2,374228E-4	3,396875E+3	-6,027448E-4	3,396875E+3	2,042742E-4	3,396875E+3	-7,688139E-4	3,396875E+3	2,273949E-4	3,396875E+3	-6,222288E-4	3,396875E+3	4,464000E-4	3,396875E+3	-9,083132E-4
3,398437E+3	2,405953E-4	3,398437E+3	-6,051238E-4	3,398437E+3	2,004880E-4	3,398437E+3	-7,430846E-4	3,398437E+3	2,312542E-4	3,398437E+3	-6,210181E-4	3,398437E+3	4,506264E-4	3,398437E+3	-9,129304E-4
3,400000E+3	2,432731E-4	3,400000E+3	-6,085877E-4	3,400000E+3	1,939871E-4	3,400000E+3	-7,142487E-4	3,400000E+3	2,345220E-4	3,400000E+3	-6,212094E-4	3,400000E+3	4,544536E-4	3,400000E+3	-9,184346E-4
3,401562E+3	2,465102E-4	3,401562E+3	-6,140844E-4	3,401562E+3	1,969700E-4	3,401562E+3	-7,176374E-4	3,401562E+3	2,306826E-4	3,401562E+3	-3,597909E-4	3,401562E+3	4,567347E-4	3,401562E+3	-9,210246E-4
3,403125E+3	2,493246E-4	3,403125E+3	-6,205102E-4	3,403125E+3	1,995229E-4	3,403125E+3	-7,221615E-4	3,403125E+3	2,072800E-4	3,403125E+3	-1,786332E-4	3,403125E+3	4,586380E-4	3,403125E+3	-9,246743E-4
3,404687E+3	2,373031E-4	3,404687E+3	-4,378753E-4	3,404687E+3	2,032946E-4	3,404687E+3	-7,227576E-4	3,404687E+3	2,106665E-4	3,404687E+3	-1,744616E-4	3,404687E+3	4,603137E-4	3,404687E+3	-9,264753E-4
3,406250E+3	2,191723E-4	3,406250E+3	-3,146917E-4	3,406250E+3	2,065067E-4	3,406250E+3	-7,247320E-4	3,406250E+3	2,128973E-4	3,406250E+3	-1,726313E-4	3,406250E+3	4,616009E-4	3,406250E+3	-9,294551E-4
3,407812E+3	2,210643E-4	3,407812E+3	-3,064116E-4	3,407812E+3	1,996306E-4	3,407812E+3	-4,881644E-4	3,407812E+3	2,173827E-4	3,407812E+3	-1,650471E-4	3,407812E+3	4,618623E-4	3,407812E+3	-9,213689E-4
3,409375E+3	2,219263E-4	3,409375E+3	-3,008936E-4	3,409375E+3	1,823017E-4	3,409375E+3	-3,352382E-4	3,409375E+3	2,202227E-4	3,409375E+3	-1,603288E-4	3,409375E+3	4,615861E-4	3,409375E+3	-9,153260E-4
3,410937E+3	2,251005E-4	3,410937E+3	-2,932726E-4	3,410937E+3	1,849799E-4	3,410937E+3	-3,290079E-4	3,410937E+3	2,250741E-4	3,410937E+3	-1,506002E-4	3,410937E+3	4,651526E-4	3,410937E+3	-9,082419E-4
3,412500E+3	2,269434E-4	3,412500E+3	-2,884247E-4	3,412500E+3	1,866263E-4	3,412500E+3	-3,254643E-4	3,412500E+3	2,278360E-4	3,412500E+3	-1,441953E-4	3,412500E+3	4,678724E-4	3,412500E+3	-9,030448E-4
3,414062E+3	2,306713E-4	3,414062E+3	-2,834773E-4	3,414062E+3	1,894186E-4	3,414062E+3	-3,210457E-4	3,414062E+3	2,325723E-4	3,414062E+3	-1,369668E-4	3,414062E+3	4,295773E-4	3,414062E+3	-4,915862E-4
3,415625E+3	2,329891E-4	3,415625E+3	-2,810467E-4	3,415625E+3	1,911100E-4	3,415625E+3	-3,192269E-4	3,415625E+3	2,351721E-4	3,415625E+3	-1,328575E-4	3,415625E+3	3,595520E-4	3,415625E+3	-2,544292E-4
3,417187E+3	2,364933E-4	3,417187E+3	-2,785008E-4	3,417187E+3	1,940984E-4	3,417187E+3	-3,154622E-4	3,417187E+3	2,395955E-4	3,417187E+3	-1,290416E-4	3,417187E+3	3,638027E-4	3,417187E+3	-2,192355E-4
3,418750E+3	2,386065E-4	3,418750E+3	-2,782714E-4	3,418750E+3	1,958688E-4	3,418750E+3	-3,143808E-4	3,418750E+3	2,419561E-4	3,418750E+3	-1,280001E-4	3,418750E+3	3,631752E-4	3,418750E+3	-1,921487E-4
3,420312E+3	2,417960E-4	3,420312E+3	-2,753807E-4	3,420312E+3	1,985789E-4	3,420312E+3	-3,092555E-4	3,420312E+3	2,463572E-4	3,420312E+3	-1,236099E-4	3,420312E+3	3,667415E-4	3,420312E+3	-1,652772E-4
3,421875E+3	2,434210E-4	3,421875E+3	-2,749797E-4	3,421875E+3	1,998381E-4	3,421875E+3	-3,072073E-4	3,421875E+3	2,483060E-4	3,421875E+3	-1,222319E-4	3,421875E+3	3,656562E-4	3,421875E+3	-1,452914E-4
3,423437E+3	2,380062E-4	3,423437E+3	-2,411697E-4	3,423437E+3	2,030071E-4	3,423437E+3	-3,032099E-4	3,423437E+3	2,541223E-4	3,423437E+3	-1,096998E-4	3,423437E+3	3,696329E-4	3,423437E+3	-1,057052E-4
3,425000E+3	2,267718E-4	3,425000E+3	-2,081353E-4	3,425000E+3	2,044982E-4	3,425000E+3	-3,022734E-4	3,425000E+3	2,555813E-4	3,425000E+3	-1,017092E-4	3,425000E+3	3,654722E-4	3,425000E+3	-7,661745E-5
3,426562E+3	2,335138E-4	3,426562E+3	-1,825176E-4	3,426562E+3	2,080592E-4	3,426562E+3	-2,937989E-4	3,426562E+3	2,683505E-4	3,426562E+3	-6,059522E-5	3,426562E+3	4,340071E-4	3,426562E+3	1,322276E-4
3,428125E+3	2,337364E-4	3,428125E+3	-1,648962E-4	3,428125E+3	2,091732E-4	3,428125E+3	-2,893461E-4	3,428125E+3	2,665710E-4	3,428125E+3	-3,081166E-5	3,428125E+3	3,693823E-4	3,428125E+3	2,652893E-4
3,429687E+3	2,456130E-4	3,429687E+3	-1,284192E-4	3,429687E+3	2,149474E-4	3,429687E+3	-2,647109E-4	3,429687E+3	2,811042E-4	3,429687E+3	7,979882E-6	3,429687E+3	3,715417E-4	3,429687E+3	2,381915E-4
3,431250E+3	2,446759E-4	3,431250E+3	-1,025708E-4	3,431250E+3	2,150886E-4	3,431250E+3	-2,480025E-4	3,431250E+3	2,766643E-4	3,431250E+3	3,802934E-5	3,431250E+3	3,734980E-4	3,431250E+3	2,108389E-4
3,432812E+3	2,525664E-4	3,432812E+3	-8,918724E-5	3,432812E+3	2,164143E-4	3,432812E+3	-1,975870E-4	3,432812E+3	2,854155E-4	3,432812E+3	5,356719E-5	3,432812E+3	3,719124E-4	3,432812E+3	1,853274E-4
3,434375E+3	2,526810E-4	3,434375E+3	-8,019819E-5	3,434375E+3	2,058704E-4	3,434375E+3	-1,597802E-4	3,434375E+3	2,832766E-4	3,434375E+3	6,694756E-5	3,434375E+3	3,703125E-4	3,434375E+3	1,595977E-4
3,435937E+3	2,620367E-4	3,435937E+3	-6,214342E-5	3,435937E+3	2,126660E-4	3,435937E+3	-1,405535E-4	3,435937E+3	2,913873E-4	3,435937E+3	7,689486E-5	3,435937E+3	3,717137E-4	3,435937E+3	1,340557E-4
3,437500E+3	2,599953E-4	3,437500E+3	-4,825308E-5	3,437500E+3	2,103695E-4	3,437500E+3	-1,290498E-4	3,437500E+3	2,901790E-4	3,437500E+3	8,734219E-5	3,437500E+3	3,728135E-4	3,437500E+3	1,082870E-4
3,439062E+3	2,986238E-4	3,439062E+3	2,179811E-5	3,439062E+3	2,174758E-4	3,439062E+3	-1,125625E-4	3,439062E+3	2,943657E-4	3,439062E+3	1,054452E-4	3,439062E+3	3,743265E-4	3,439062E+3	8,415848E-5
3,440625E+3	2,763227E-4	3,440625E+3	9,686035E-5	3,440625E+3	2,136876E-4	3,440625E+3	-1,024768E-4	3,440625E+3	2,884653E-4	3,440625E+3	1,257674E-4	3,440625E+3	3,753774E-4	3,440625E+3	5,982726E-5
3,442187E+3	2,788636E-4	3,442187E+3	7,614006E-5	3,442187E+3	2,286431E-4	3,442187E+3	-6,993486E-5	3,442187E+3	2,956776E-4	3,442187E+3	1,284840E-4	3,442187E+3	3,775321E-4	3,442187E+3	3,682230E-5
3,443750E+3	2,808217E-4	3,443750E+3	5,550285E-5	3,443750E+3	2,185635E-4	3,443750E+3	-4,277348E-5	3,443750E+3	2,969841E-4	3,443750E+3	1,343923E-4	3,443750E+3	3,790530E-4	3,443750E+3	1,367534E-5
3,445312E+3	2,831692E-4	3,445312E+3	3,558521E-5	3,445312E+3	2,241655E-4	3,445312E+3	-4,085255E-5	3,445312E+3	3,001393E-4	3,445312E+3	1,264239E-4	3,445312E+3	3,808171E-4	3,445312E+3	-7,514435E-6
3,446875E+3	2,848080E-4	3,446875E+3	1,580601E-5	3,446875E+3	2,213198E-4	3,446875E+3	-3,831840E-5	3,446875E+3	3,010347E-4	3,446875E+3	1,198604E-4	3,446875E+3	3,817138E-4	3,446875E+3	-2,885577E-5
3,448437E+3	2,869820E-4	3,448437E+3	-2,311526E-6	3,448437E+3	2,240156E-4	3,448437E+3	-5,236883E-5	3,448437E+3	3,043393E-4	3,448437E+3	1,070781E-4	3,448437E+3	3,836325E-4	3,448437E+3	-4,909203E-5
3,450000E+3	2,882014E-4	3,450000E+3	-2,015878E-5	3,450000E+3	2,241567E-4	3,450000E+3	-6,584004E-5	3,450000E+3	3,061450E-4	3,450000E+3	9,534985E-5	3,450000E+3	3,845442E-4	3,450000E+3	-6,935006E-5
3,451562E+3	2,905840E-4	3,451562E+3	-3,710617E-5	3,451562E+3	2,901603E-4	3,451562E+3	4,150229E-5	3,451562E+3	3,553070E-4	3,451562E+3	2,249172E-4	3,451562E+3	4,452928E-4	3,451562E+3	6,960365E-5
3,453125E+3	2,918792E-4	3,453125E+3	-5,360567E-5	3,453125E+3	2,205002E-4	3,453125E+3	2,630161E-4	3,453125E+3	3,109452E-4	3,453125E+3	4,649636E-4	3,453125E+3	3,722994E-4	3,453125E+3	2,717525E-4
3,454687E+3	3,647155E-4	3,454687E+3	8,350035E-5	3,454687E+3	2,218276E-4	3,454687E+3	2,424151E-4	3,454687E+3	3,136661E-4	3,454687E+3	4,437215E-4	3,454687E+3	3,748884E-4	3,454687E+3	2,464048E-4
3,456250E+3	3,114612E-4	3,456250E+3	3,751471E-4	3,456250E+3	2,229621E-4	3,456250E+3	2,220163E-4	3,456250E+3	3,162943E-4	3,456250E+3	4,224830E-4	3,456250E+3	3,773466E-4	3,456250E+3	2,211416E-4
3,457812E+3	3,143028E-4	3,457812E+3	3,563543E-4	3,457812E+3	2,242454E-4	3,457812E+3	2,010221E-4	3,457812E+3	3,184405E-4	3,457812E+3	4,019560E-4	3,457812E+3	3,800133E-4	3,457812E+3	1,969967E-4
3,459375E+3	3,170370E-4	3,459375E+3	3,376147E-4	3,459375E+3	2,252926E-4	3,459375E+3	1,802586E-4	3,459375E+3	3,204722E-4	3,459375E+3	3,814608E-4	3,459375E+3	3,824859E-4	3,459375E+3	1,729954E-4
3,460937E+3	3,193031E-4	3,460937E+3	3,193038E-4	3,460937E+3	2,269476E-4	3,460937E+3	1,596436E-4	3,460937E+3	3,236937E-4	3,460937E+3	3,609524E-4	3,460937E+3	3,860991E-4	3,460937E+3	1,496266E-4
3,462500E+3	3,214164E-4	3,462500E+3	3,010679E-4	3,462500E+3	2,283417E-4	3,462500E+3	1,393388E-4	3,462500E+3	3,269324E-4	3,462500E+3	3,405265E-4	3,462500E+3	3,895272E-4	3,462500E+3	1,264861E-4
3,464062E+3	3,228274E-4	3,464062E+3	2,780668E-4	3,464062E+3	2,306384E-4	3,464062E+3	1,191233E-4	3,464062E+3	3,295080E-4	3,464062E+3	3,214665E-4	3,464062E+3	3,923915E-4	3,464062E+3	1,049786E-4
3,465625E+3	3,249593E-4	3,465625E+3	2,528400E-4	3,465625E+3	2,326930E-4	3,465625E+3	9,929479E-5	3,465625E+3	3,319518E-4	3,465625E+3	3,026028E-4	3,465625E+3	3,949490E-4	3,465625E+3	8,378268E-5
3,467187E+3	3,276495E-4	3,467187E+3	2,343340E-4	3,467187E+3	2,346479E-4	3,467187E+3	7,991157E-5	3,467187E+3	3,346117E-4	3,467187E+3	2,841145E-4	3,467187E+3	3,985615E-4	3,467187E+3	6,307164E-5
3,468750E+3	3,301211E-4	3,468750E+3	2,160784E-4	3,468750E+3	2,362943E-4	3,468750E+3	6,096810E-5	3,468750E+3	3,371060E-4	3,468750E+3	2,658646E-4	3,468750E+3	4,018798E-4	3,468750E+3	4,277268E-5
3,470312E+3	3,333450E-4	3,470312E+3	1,974758E-4	3,470312E+3	2,574731E-4	3,470312E+3	2,306561E-4	3,470312E+3	3,478875E-4	3,470312E+3	4,344841E-4	3,470312E+3	4,269323E-4	3,470312E+3	2,204352E-4
3,471875E+3	3,363944E-4	3,471875E+3	1,791322E-4	3,471875E+3	2,184038E-4	3,471875E+3	5,209022E-4	3,471875E+3	3,128097E-4	3,471875E+3	6,817430E-4	3,471875E+3	3,716079E-4	3,471875E+3	4,975124E-4
3,473437E+3	3,551203E-4	3,473437E+3	3,459923E-4	3,473437E+3	2,207725E-4	3,473437E+3	5,071592E-4	3,473437E+3	3,164198E-4	3,473437E+3	6,646758E-4	3,473437E+3	3,746127E-4	3,473437E+3	4,832449E-4
3,475000E+3	3,343040E-4	3,475000E+3	5,943847E-4	3,475000E+3	2,230283E-4	3,475000E+3	4,937791E-4	3,475000E+3	3,200268E-4	3,475000E+3	6,476680E-4	3,475000E+3	3,773737E-4	3,475000E+3	4,694027E-4
3,476562E+3	3,383994E-4	3,476562E+3	5,769732E-4	3,476562E+3	2,250521E-4	3,476562E+3	4,806145E-4	3,476562E+3	3,235363E-4	3,476562E+3	6,309764E-4	3,476562E+3	3,803253E-4	3,476562E+3	4,550775E-4
3,478125E+3	3,425406E-4	3,478125E+3	5,594796E-4	3,478125E+3	2,269092E-4	3,478125E+3	4,678471E-4	3,478125E+3	3,270054E-4	3,478125E+3	6,143727E-4	3,478125E+3	3,830264E-4	3,478125E+3	4,411469E-4
3,479687E+3	3,462649E-4	3,479687E+3	5,423813E-4	3,479687E+3	2,290516E-4	3,479687E+3	4,538017E-4	3,479687E+3	3,304447E-4	3,479687E+3	5,975446E-4	3,479687E+3	3,861824E-4	3,479687E+3	4,258976E-4
3,481250E+3	3,499969E-4	3,481250E+3	5,252188E-4	3,481250E+3	2,310380E-4	3,481250E+3	4,400937E-4	3,481250E+3	3,338233E-4	3,481250E+3	5,808022E-4	3,481250E+3	3,891186E-4	3,481250E+3	4,109760E-4
3,482812E+3	3,539705E-4	3,482812E+3	5,080612E-4	3,482812E+3	2,323654E-4	3,482812E+3	4,257679E-4	3,482812E+3	3,084858E-4	3,482812E+3	6,144687E-4	3,482812E+3	3,912671E-4	3,482812E+3	3,961778E-4
3,484375E+3	3,579405E-4	3,484375E+3	4,908591E-4	3,484375E+3	2,334932E-4	3,484375E+3	4,117433E-4	3,484375E+3	2,775696E-4	3,484375E+3	6,507882E-4	3,484375E+3	3,931360E-4	3,484375E+3	3,816868E-4
3,485937E+3	3,353067E-4	3,485937E+3	5,259239E-4	3,485937E+3	2,045167E-4	3,485937E+3	4,474989E-4	3,485937E+3	2,807705E-4	3,485937E+3	6,380268E-4	3,485937E+3	3,641543E-4	3,485937E+3	4,215496E-4
3,487500E+3	3,071496E-4	3,487500E+3	5,640047E-4	3,487500E+3	1,687445E-4	3,487500E+3	4,865875E-4	3,487500E+3	2,838973E-4	3,487500E+3	6,255021E-4	3,487500E+3	3,273140E-4	3,487500E+3	4,640123E-4
3,489062E+3	3,109629E-4	3,489062E+3	5,513866E-4	3,489062E+3	1,713498E-4	3,489062E+3	4,699917E-4	3,489062E+3	2,869409E-4	3,489062E+3	6,134807E-4	3,489062E+3	3,366095E-4	3,489062E+3	4,679742E-4
3,490625E+3	3,147272E-4	3,490625E+3	5,389815E-4	3,490625E+3	1,739070E-4	3,490625E+3	4,535263E-4	3,490625E+3	2,898924E-4	3,490625E+3	6,017204E-4	3,490625E+3	3,442100E-4	3,490625E+3	4,702123E-4
3,492187E+3	3,184092E-4	3,492187E+3	5,270199E-4	3,492187E+3	1,764536E-4	3,492187E+3	4,380251E-4	3,492187E+3	2,926294E-4	3,492187E+3	5,917955E-4	3,492187E+3	3,475989E-4	3,492187E+3	4,621447E-4
3,493750E+3	3,220254E-4	3,493750E+3	5,153150E-4	3,493750E+3	1,789328E-4	3,493750E+3	4,226846E-4	3,493750E+3	2,952256E-4	3,493750E+3	5,821994E-4	3,493750E+3	3,506901E-4	3,493750E+3	4,544647E-4
3,495312E+3	3,256098E-4	3,495312E+3	5,043974E-4	3,495312E+3	1,818624E-4	3,495312E+3	4,104709E-4	3,495312E+3	2,987531E-4	3,495312E+3	5,739994E-4	3,495312E+3	3,539342E-4	3,495312E+3	4,485264E-4
3,496875E+3	3,291094E-4	3,496875E+3	4,937816E-4	3,496875E+3	1,846529E-4	3,496875E+3	3,984594E-4	3,496875E+3	3,021096E-4	3,496875E+3	5,661362E-4	3,496875E+3	3,568235E-4	3,496875E+3	4,429748E-4
3,498437E+3	3,323404E-4	3,498437E+3	4,842258E-4	3,498437E+3	1,909716E-4	3,498437E+3	4,014667E-4	3,498437E+3	3,116561E-4	3,498437E+3	5,760441E-4	3,498437E+3	3,598217E-4	3,498437E+3	4,383916E-4
3,500000E+3	3,354494E-4	3,500000E+3	4,750256E-4	3,500000E+3	1,962718E-4	3,500000E+3	4,027627E-4	3,500000E+3	3,192714E-4	3,500000E+3	5,837601E-4	3,500000E+3	3,624294E-4	3,500000E+3	4,341507E-4
3,501562E+3	3,390698E-4	3,501562E+3	4,655478E-4	3,501562E+3	1,989927E-4	3,501562E+3	3,951716E-4	3,501562E+3	3,230026E-4	3,501562E+3	5,790108E-4	3,501562E+3	3,661529E-4	3,501562E+3	4,306687E-4
3,503125E+3	3,425738E-4	3,503125E+3	4,563900E-4	3,503125E+3	2,014568E-4	3,503125E+3	3,877675E-4	3,503125E+3	3,264536E-4	3,503125E+3	5,745501E-4	3,503125E+3	3,694190E-4	3,503125E+3	4,274011E-4
3,504687E+3	3,506256E-4	3,504687E+3	4,493930E-4	3,504687E+3	2,037091E-4	3,504687E+3	3,788008E-4	3,504687E+3	3,303583E-4	3,504687E+3	5,702736E-4	3,504687E+3	3,735711E-4	3,504687E+3	4,246014E-4
3,506250E+3	3,583666E-4	3,506250E+3	4,425953E-4	3,506250E+3	2,057676E-4	3,506250E+3	3,700480E-4	3,506250E+3	3,339659E-4	3,506250E+3	5,662685E-4	3,506250E+3	3,771990E-4	3,506250E+3	4,219395E-4
3,507812E+3	3,626605E-4	3,507812E+3	4,340824E-4	3,507812E+3	2,082325E-4	3,507812E+3	3,612223E-4	3,507812E+3	3,382067E-4	3,507812E+3	5,620251E-4	3,507812E+3	3,810287E-4	3,507812E+3	4,180691E-4
3,509375E+3	3,668009E-4	3,509375E+3	4,258731E-4	3,509375E+3	2,104892E-4	3,509375E+3	3,525596E-4	3,509375E+3	3,421314E-4	3,509375E+3	5,579566E-4	3,509375E+3	3,844026E-4	3,509375E+3	4,143559E-4
3,510937E+3	3,762297E-4	3,510937E+3	4,256833E-4	3,510937E+3	2,133182E-4	3,510937E+3	3,443059E-4	3,510937E+3	3,460183E-4	3,510937E+3	5,541780E-4	3,510937E+3	3,879644E-4	3,510937E+3	4,108148E-4
3,512500E+3	3,848674E-4	3,512500E+3	4,247192E-4	3,512500E+3	2,158982E-4	3,512500E+3	3,361474E-4	3,512500E+3	3,495656E-4	3,512500E+3	5,505295E-4	3,512500E+3	3,910697E-4	3,512500E+3	4,074033E-4
3,514062E+3	3,914337E-4	3,514062E+3	4,204475E-4	3,514062E+3	2,189934E-4	3,514062E+3	3,278955E-4	3,514062E+3	3,533001E-4	3,514062E+3	5,475033E-4	3,514062E+3	3,945993E-4	3,514062E+3	4,059454E-4
3,515625E+3	3,975512E-4	3,515625E+3	4,162039E-4	3,515625E+3	2,218287E-4	3,515625E+3	3,196809E-4	3,515625E+3	3,566537E-4	3,515625E+3	5,445603E-4	3,515625E+3	3,975636E-4	3,515625E+3	4,044640E-4
3,517187E+3	4,031506E-4	3,517187E+3	4,110484E-4	3,517187E+3	2,246541E-4	3,517187E+3	3,142452E-4	3,517187E+3	3,608437E-4	3,517187E+3	5,427700E-4	3,517187E+3	4,012034E-4	3,517187E+3	4,037177E-4
3,518750E+3	4,084392E-4	3,518750E+3	4,060668E-4	3,518750E+3	2,271211E-4	3,518750E+3	3,087589E-4	3,518750E+3	3,645460E-4	3,518750E+3	5,409613E-4	3,518750E+3	4,042036E-4	3,518750E+3	4,028554E-4
3,520312E+3	4,140890E-4	3,520312E+3	4,012051E-4	3,520312E+3	2,300633E-4	3,520312E+3	3,034543E-4	3,520312E+3	3,684651E-4	3,520312E+3	5,412536E-4	3,520312E+3	4,078809E-4	3,520312E+3	4,047000E-4
3,521875E+3	4,194184E-4	3,521875E+3	3,965214E-4	3,521875E+3	2,326399E-4	3,521875E+3	2,980410E-4	3,521875E+3	3,718088E-4	3,521875E+3	5,415149E-4	3,521875E+3	4,107029E-4	3,521875E+3	4,062796E-4
3,523437E+3	4,248029E-4	3,523437E+3	3,936206E-4	3,523437E+3	2,352535E-4	3,523437E+3	2,957503E-4	3,523437E+3	3,760809E-4	3,523437E+3	5,433978E-4	3,523437E+3	4,151773E-4	3,523437E+3	4,125845E-4
3,525000E+3	4,298016E-4	3,525000E+3	3,909168E-4	3,525000E+3	2,373917E-4	3,525000E+3	2,932304E-4	3,525000E+3	3,796732E-4	3,525000E+3	5,451847E-4	3,525000E+3	4,182647E-4	3,525000E+3	4,181679E-4
3,526562E+3	4,349764E-4	3,526562E+3	3,895068E-4	3,526562E+3	2,399091E-4	3,526562E+3	2,927630E-4	3,526562E+3	3,831049E-4	3,526562E+3	5,489302E-4	3,526562E+3	4,227196E-4	3,526562E+3	4,268580E-4
3,528125E+3	4,397426E-4	3,528125E+3	3,883218E-4	3,528125E+3	2,418883E-4	3,528125E+3	2,919258E-4	3,528125E+3	3,858562E-4	3,528125E+3	5,526399E-4	3,528125E+3	4,254816E-4	3,528125E+3	4,346854E-4
3,529687E+3	4,443022E-4	3,529687E+3	3,899062E-4	3,529687E+3	2,439186E-4	3,529687E+3	2,947387E-4	3,529687E+3	3,892851E-4	3,529687E+3	5,604798E-4	3,529687E+3	4,288550E-4	3,529687E+3	4,443183E-4
3,531250E+3	4,483936E-4	3,531250E+3	3,917722E-4	3,531250E+3	2,452686E-4	3,531250E+3	2,970794E-4	3,531250E+3	3,917770E-4	3,531250E+3	5,681294E-4	3,531250E+3	4,306234E-4	3,531250E+3	4,533345E-4
3,532812E+3	4,526489E-4	3,532812E+3	3,981059E-4	3,532812E+3	2,478369E-4	3,532812E+3	3,029811E-4	3,532812E+3	3,951501E-4	3,532812E+3	5,818496E-4	3,532812E+3	4,332572E-4	3,532812E+3	4,666371E-4
3,534375E+3	4,562664E-4	3,534375E+3	4,047136E-4	3,534375E+3	2,494984E-4	3,534375E+3	3,081938E-4	3,534375E+3	3,971451E-4	3,534375E+3	5,951712E-4	3,534375E+3	4,340685E-4	3,534375E+3	4,793960E-4
3,535937E+3	4,607448E-4	3,535937E+3	4,145402E-4	3,535937E+3	2,513486E-4	3,535937E+3	3,168117E-4	3,535937E+3	4,003427E-4	3,535937E+3	6,160047E-4	3,535937E+3	4,371630E-4	3,535937E+3	5,000779E-4
3,537500E+3	4,644153E-4	3,537500E+3	4,245620E-4	3,537500E+3	2,522776E-4	3,537500E+3	3,250134E-4	3,537500E+3	4,016155E-4	3,537500E+3	6,363274E-4	3,537500E+3	4,373733E-4	3,537500E+3	5,199494E-4
3,539062E+3	4,680933E-4	3,539062E+3	4,395816E-4	3,539062E+3	2,530832E-4	3,539062E+3	3,390638E-4	3,539062E+3	4,038041E-4	3,539062E+3	6,642018E-4	3,539062E+3	4,405414E-4	3,539062E+3	5,471174E-4
3,540625E+3	4,707909E-4	3,540625E+3	4,548911E-4	3,540625E+3	2,529118E-4	3,540625E+3	3,529800E-4	3,540625E+3	4,036825E-4	3,540625E+3	6,915870E-4	3,540625E+3	4,399403E-4	3,540625E+3	5,737420E-4
3,542187E+3	4,749735E-4	3,542187E+3	4,736328E-4	3,542187E+3	2,540882E-4	3,542187E+3	3,780757E-4	3,542187E+3	4,049209E-4	3,542187E+3	7,238178E-4	3,542187E+3	4,427862E-4	3,542187E+3	6,072049E-4
3,543750E+3	4,779857E-4	3,543750E+3	4,926352E-4	3,543750E+3	2,536475E-4	3,543750E+3	4,026144E-4	3,543750E+3	4,036333E-4	3,543750E+3	7,557352E-4	3,543750E+3	4,411308E-4	3,543750E+3	6,406814E-4
3,545312E+3	4,815777E-4	3,545312E+3	5,128448E-4	3,545312E+3	2,544361E-4	3,545312E+3	4,435113E-4	3,545312E+3	4,061888E-4	3,545312E+3	7,793540E-4	3,545312E+3	4,448613E-4	3,545312E+3	6,704379E-4
3,546875E+3	4,839585E-4	3,546875E+3	5,332297E-4	3,546875E+3	2,526584E-4	3,546875E+3	4,836730E-4	3,546875E+3	4,060380E-4	3,546875E+3	8,024482E-4	3,546875E+3	4,437126E-4	3,546875E+3	7,005917E-4
3,548437E+3	4,889001E-4	3,548437E+3	5,474656E-4	3,548437E+3	2,544429E-4	3,548437E+3	5,274737E-4	3,548437E+3	4,118417E-4	3,548437E+3	8,148942E-4	3,548437E+3	4,498171E-4	3,548437E+3	7,186783E-4
3,550000E+3	4,925603E-4	3,550000E+3	5,614705E-4	3,550000E+3	2,528671E-4	3,550000E+3	5,698462E-4	3,550000E+3	4,137726E-4	3,550000E+3	8,265268E-4	3,550000E+3	4,505245E-4	3,550000E+3	7,378870E-4
3,551562E+3	4,980749E-4	3,551562E+3	5,679475E-4	3,551562E+3	2,564100E-4	3,551562E+3	5,835911E-4	3,551562E+3	4,203471E-4	3,551562E+3	8,357353E-4	3,551562E+3	4,569737E-4	3,551562E+3	7,494296E-4
3,553125E+3	5,023470E-4	3,553125E+3	5,740138E-4	3,553125E+3	2,571296E-4	3,553125E+3	5,957159E-4	3,553125E+3	4,218539E-4	3,553125E+3	8,445317E-4	3,553125E+3	4,582913E-4	3,553125E+3	7,630213E-4
3,554687E+3	5,092961E-4	3,554687E+3	5,775161E-4	3,554687E+3	2,617392E-4	3,554687E+3	5,993704E-4	3,554687E+3	4,293530E-4	3,554687E+3	8,517464E-4	3,554687E+3	4,647033E-4	3,554687E+3	7,717030E-4
3,556250E+3	5,146156E-4	3,556250E+3	5,804181E-4	3,556250E+3	2,628304E-4	3,556250E+3	6,013672E-4	3,556250E+3	4,311383E-4	3,556250E+3	8,598642E-4	3,556250E+3	4,667442E-4	3,556250E+3	7,831958E-4
3,557812E+3	5,219602E-4	3,557812E+3	5,841789E-4	3,557812E+3	2,713089E-4	3,557812E+3	6,101004E-4	3,557812E+3	4,387544E-4	3,557812E+3	8,670904E-4	3,557812E+3	4,731105E-4	3,557812E+3	7,926339E-4
3,559375E+3	5,271235E-4	3,559375E+3	5,871598E-4	3,559375E+3	2,710274E-4	3,559375E+3	6,170646E-4	3,559375E+3	4,408510E-4	3,559375E+3	8,768089E-4	3,559375E+3	4,756361E-4	3,559375E+3	8,056794E-4
3,560937E+3	5,340270E-4	3,560937E+3	5,896879E-4	3,560937E+3	2,792578E-4	3,560937E+3	6,223933E-4	3,560937E+3	4,476578E-4	3,560937E+3	8,811882E-4	3,560937E+3	4,818090E-4	3,560937E+3	8,143531E-4
3,562500E+3	5,386088E-4	3,562500E+3	5,915127E-4	3,562500E+3	2,789151E-4	3,562500E+3	6,288575E-4	3,562500E+3	4,509896E-4	3,562500E+3	8,882768E-4	3,562500E+3	4,852720E-4	3,562500E+3	8,264909E-4
3,564062E+3	4,934867E-4	3,564062E+3	8,025565E-4	3,564062E+3	2,849527E-4	3,564062E+3	6,300449E-4	3,564062E+3	4,109088E-4	3,564062E+3	1,065850E-3	3,564062E+3	4,532600E-4	3,564062E+3	9,980482E-4
3,565625E+3	4,347314E-4	3,565625E+3	9,957125E-4	3,565625E+3	2,854031E-4	3,565625E+3	6,337288E-4	3,565625E+3	3,613381E-4	3,565625E+3	1,230402E-3	3,565625E+3	4,114473E-4	3,565625E+3	1,160034E-3
3,567187E+3	4,428548E-4	3,567187E+3	9,905740E-4	3,567187E+3	2,590518E-4	3,567187E+3	8,252098E-4	3,567187E+3	3,687226E-4	3,567187E+3	1,231455E-3	3,567187E+3	4,185347E-4	3,567187E+3	1,164465E-3
3,568750E+3	4,480545E-4	3,568750E+3	9,850312E-4	3,568750E+3	2,195144E-4	3,568750E+3	1,004512E-3	3,568750E+3	3,737447E-4	3,568750E+3	1,235639E-3	3,568750E+3	4,238168E-4	3,568750E+3	1,172243E-3
3,570312E+3	4,580145E-4	3,570312E+3	9,836924E-4	3,570312E+3	2,254925E-4	3,570312E+3	1,004435E-3	3,570312E+3	3,824485E-4	3,570312E+3	1,242897E-3	3,570312E+3	4,301428E-4	3,570312E+3	1,176309E-3
3,571875E+3	4,635955E-4	3,571875E+3	9,825556E-4	3,571875E+3	2,274412E-4	3,571875E+3	1,008831E-3	3,571875E+3	3,884095E-4	3,571875E+3	1,254983E-3	3,571875E+3	4,352026E-4	3,571875E+3	1,183070E-3
3,573437E+3	4,730071E-4	3,573437E+3	9,812882E-4	3,573437E+3	2,336296E-4	3,573437E+3	1,013923E-3	3,573437E+3	3,977454E-4	3,573437E+3	1,267048E-3	3,573437E+3	4,422604E-4	3,573437E+3	1,193243E-3
3,575000E+3	4,783552E-4	3,575000E+3	9,809752E-4	3,575000E+3	2,359548E-4	3,575000E+3	1,025007E-3	3,575000E+3	4,045018E-4	3,575000E+3	1,284812E-3	3,575000E+3	4,477552E-4	3,575000E+3	1,207026E-3
3,576562E+3	4,856140E-4	3,576562E+3	9,793118E-4	3,576562E+3	2,407735E-4	3,576562E+3	1,030107E-3	3,576562E+3	4,121750E-4	3,576562E+3	1,294073E-3	3,576562E+3	4,556382E-4	3,576562E+3	1,222784E-3
3,578125E+3	4,896010E-4	3,578125E+3	9,789553E-4	3,578125E+3	2,432575E-4	3,578125E+3	1,039884E-3	3,578125E+3	4,183921E-4	3,578125E+3	1,307233E-3	3,578125E+3	4,618329E-4	3,578125E+3	1,242918E-3
3,579687E+3	4,973882E-4	3,579687E+3	9,776489E-4	3,579687E+3	2,474544E-4	3,579687E+3	1,043332E-3	3,579687E+3	4,255779E-4	3,579687E+3	1,312229E-3	3,579687E+3	4,686750E-4	3,579687E+3	1,252786E-3
3,581250E+3	5,021506E-4	3,581250E+3	9,781453E-4	3,581250E+3	2,502586E-4	3,581250E+3	1,050114E-3	3,581250E+3	4,319593E-4	3,581250E+3	1,319756E-3	3,581250E+3	4,746128E-4	3,581250E+3	1,265337E-3
3,582812E+3	5,092476E-4	3,582812E+3	9,792545E-4	3,582812E+3	2,545442E-4	3,582812E+3	1,054566E-3	3,582812E+3	3,611893E-4	3,582812E+3	1,438196E-3	3,582812E+3	4,627719E-4	3,582812E+3	1,303720E-3
3,584375E+3	5,131211E-4	3,584375E+3	9,829816E-4	3,584375E+3	2,575999E-4	3,584375E+3	1,062247E-3	3,584375E+3	3,020104E-4	3,584375E+3	1,531841E-3	3,584375E+3	4,511853E-4	3,584375E+3	1,342179E-3
3,585937E+3	5,213951E-4	3,585937E+3	9,846968E-4	3,585937E+3	2,059635E-4	3,585937E+3	1,202514E-3	3,585937E+3	3,012625E-4	3,585937E+3	1,547563E-3	3,585937E+3	4,320089E-4	3,585937E+3	1,393325E-3
3,587500E+3	5,267601E-4	3,587500E+3	9,894622E-4	3,587500E+3	1,591727E-4	3,587500E+3	1,317206E-3	3,587500E+3	3,004198E-4	3,587500E+3	1,565803E-3	3,587500E+3	4,137507E-4	3,587500E+3	1,443031E-3
3,589062E+3	4,328765E-4	3,589062E+3	1,168291E-3	3,589062E+3	1,593825E-4	3,589062E+3	1,333281E-3	3,589062E+3	2,995738E-4	3,589062E+3	1,579639E-3	3,589062E+3	4,228229E-4	3,589062E+3	1,456070E-3
3,590625E+3	3,498705E-4	3,590625E+3	1,302771E-3	3,590625E+3	1,590296E-4	3,590625E+3	1,352676E-3	3,590625E+3	2,988167E-4	3,590625E+3	1,595873E-3	3,590625E+3	4,312875E-4	3,590625E+3	1,471533E-3
3,592187E+3	3,485806E-4	3,592187E+3	1,318130E-3	3,592187E+3	1,597854E-4	3,592187E+3	1,365207E-3	3,592187E+3	3,013055E-4	3,592187E+3	1,609373E-3	3,592187E+3	4,409509E-4	3,592187E+3	1,490083E-3
3,593750E+3	3,454666E-4	3,593750E+3	1,336418E-3	3,593750E+3	1,602225E-4	3,593750E+3	1,380167E-3	3,593750E+3	3,037968E-4	3,593750E+3	1,625213E-3	3,593750E+3	4,498658E-4	3,593750E+3	1,511530E-3
3,595312E+3	3,446623E-4	3,595312E+3	1,348985E-3	3,595312E+3	1,609922E-4	3,595312E+3	1,392592E-3	3,595312E+3	3,073797E-4	3,595312E+3	1,642486E-3	3,595312E+3	4,287010E-4	3,595312E+3	1,569379E-3
3,596875E+3	3,427779E-4	3,596875E+3	1,363858E-3	3,596875E+3	1,614454E-4	3,596875E+3	1,407284E-3	3,596875E+3	3,109737E-4	3,596875E+3	1,662711E-3	3,596875E+3	4,099989E-4	3,596875E+3	1,625207E-3
3,598437E+3	3,398701E-4	3,598437E+3	1,375321E-3	3,598437E+3	1,629212E-4	3,598437E+3	1,424111E-3	3,598437E+3	3,143592E-4	3,598437E+3	1,688196E-3	3,598437E+3	4,121339E-4	3,598437E+3	1,639646E-3
3,600000E+3	3,363368E-4	3,600000E+3	1,388435E-3	3,600000E+3	1,639488E-4	3,600000E+3	1,443970E-3	3,600000E+3	3,178225E-4	3,600000E+3	1,717986E-3	3,600000E+3	4,141484E-4	3,600000E+3	1,655431E-3
3,601562E+3	3,334392E-4	3,601562E+3	1,400163E-3	3,601562E+3	1,659059E-4	3,601562E+3	1,466045E-3	3,601562E+3	3,188597E-4	3,601562E+3	1,736449E-3	3,601562E+3	4,145645E-4	3,601562E+3	1,659845E-3
3,603125E+3	3,301641E-4	3,603125E+3	1,413351E-3	3,603125E+3	1,674821E-4	3,603125E+3	1,491877E-3	3,603125E+3	3,205171E-4	3,603125E+3	1,757846E-3	3,603125E+3	4,152350E-4	3,603125E+3	1,664768E-3
3,604687E+3	3,292200E-4	3,604687E+3	1,426402E-3	3,604687E+3	1,680786E-4	3,604687E+3	1,501420E-3	3,604687E+3	3,216910E-4	3,604687E+3	1,769587E-3	3,604687E+3	4,139783E-4	3,604687E+3	1,667132E-3
3,606250E+3	3,277476E-4	3,606250E+3	1,441631E-3	3,606250E+3	1,687367E-4	3,606250E+3	1,512740E-3	3,606250E+3	3,234845E-4	3,606250E+3	1,783087E-3	3,606250E+3	4,133316E-4	3,606250E+3	1,669886E-3
3,607812E+3	3,264104E-4	3,607812E+3	1,455145E-3	3,607812E+3	1,676615E-4	3,607812E+3	1,512300E-3	3,607812E+3	3,239857E-4	3,607812E+3	1,795667E-3	3,607812E+3	4,146768E-4	3,607812E+3	1,671336E-3
3,609375E+3	3,248228E-4	3,609375E+3	1,470669E-3	3,609375E+3	1,669427E-4	3,609375E+3	1,512538E-3	3,609375E+3	3,252894E-4	3,609375E+3	1,809856E-3	3,609375E+3	4,163355E-4	3,609375E+3	1,673311E-3
3,610937E+3	3,231778E-4	3,610937E+3	1,486432E-3	3,610937E+3	1,633686E-4	3,610937E+3	1,509846E-3	3,610937E+3	3,227362E-4	3,610937E+3	1,822319E-3	3,610937E+3	4,372087E-4	3,610937E+3	1,855936E-3
3,612500E+3	3,213456E-4	3,612500E+3	1,504195E-3	3,612500E+3	1,606652E-4	3,612500E+3	1,507520E-3	3,612500E+3	3,220801E-4	3,612500E+3	1,836931E-3	3,612500E+3	4,445924E-4	3,612500E+3	2,070757E-3
3,614062E+3	3,174983E-4	3,614062E+3	1,519862E-3	3,614062E+3	1,559287E-4	3,614062E+3	1,503096E-3	3,614062E+3	3,201639E-4	3,614062E+3	1,841358E-3	3,614062E+3	4,298940E-4	3,614062E+3	2,062414E-3
3,615625E+3	3,138707E-4	3,615625E+3	1,537395E-3	3,615625E+3	1,524691E-4	3,615625E+3	1,499029E-3	3,615625E+3	3,206146E-4	3,615625E+3	1,847743E-3	3,615625E+3	4,204106E-4	3,615625E+3	2,052685E-3
3,617187E+3	3,093262E-4	3,617187E+3	1,551209E-3	3,617187E+3	1,643957E-4	3,617187E+3	1,609442E-3	3,617187E+3	3,185977E-4	3,617187E+3	1,846059E-3	3,617187E+3	3,886402E-4	3,617187E+3	2,052712E-3
3,618750E+3	3,055106E-4	3,618750E+3	1,566739E-3	3,618750E+3	1,736826E-4	3,618750E+3	1,741496E-3	3,618750E+3	3,191510E-4	3,618750E+3	1,845637E-3	3,618750E+3	3,654817E-4	3,618750E+3	2,054344E-3
3,620312E+3	3,019347E-4	3,620312E+3	1,579171E-3	3,620312E+3	1,766379E-4	3,620312E+3	1,804973E-3	3,620312E+3	3,169180E-4	3,620312E+3	1,847100E-3	3,620312E+3	3,553995E-4	3,620312E+3	2,039385E-3
3,621875E+3	2,992385E-4	3,621875E+3	1,593326E-3	3,621875E+3	1,792378E-4	3,621875E+3	1,876002E-3	3,621875E+3	3,176199E-4	3,621875E+3	1,849463E-3	3,621875E+3	3,511564E-4	3,621875E+3	2,024656E-3
3,623437E+3	2,963292E-4	3,623437E+3	1,607356E-3	3,623437E+3	1,780586E-4	3,623437E+3	1,958263E-3	3,623437E+3	3,304281E-4	3,623437E+3	1,949254E-3	3,623437E+3	3,455702E-4	3,623437E+3	2,014206E-3
3,625000E+3	2,945372E-4	3,625000E+3	1,623161E-3	3,625000E+3	1,761474E-4	3,625000E+3	2,047651E-3	3,625000E+3	3,433277E-4	3,625000E+3	2,060933E-3	3,625000E+3	3,440984E-4	3,625000E+3	2,003169E-3
3,626562E+3	2,909102E-4	3,626562E+3	1,639936E-3	3,626562E+3	1,753107E-4	3,626562E+3	2,031406E-3	3,626562E+3	3,414796E-4	3,626562E+3	2,049542E-3	3,626562E+3	3,407652E-4	3,626562E+3	1,996041E-3
3,628125E+3	2,888843E-4	3,628125E+3	1,658175E-3	3,628125E+3	1,764852E-4	3,628125E+3	2,015003E-3	3,628125E+3	3,435647E-4	3,628125E+3	2,037165E-3	3,628125E+3	3,407898E-4	3,628125E+3	1,987551E-3
3,629687E+3	2,845287E-4	3,629687E+3	1,674849E-3	3,629687E+3	1,738004E-4	3,629687E+3	1,998106E-3	3,629687E+3	3,389304E-4	3,629687E+3	2,144271E-3	3,629687E+3	3,369001E-4	3,629687E+3	1,983436E-3
3,631250E+3	2,818410E-4	3,631250E+3	1,691869E-3	3,631250E+3	1,742402E-4	3,631250E+3	1,980266E-3	3,631250E+3	3,324061E-4	3,631250E+3	2,256533E-3	3,631250E+3	3,368919E-4	3,631250E+3	1,976459E-3
3,632812E+3	2,777529E-4	3,632812E+3	1,704855E-3	3,632812E+3	1,719832E-4	3,632812E+3	1,964637E-3	3,632812E+3	3,280158E-4	3,632812E+3	2,255099E-3	3,632812E+3	3,156335E-4	3,632812E+3	2,052555E-3
3,634375E+3	2,751800E-4	3,634375E+3	1,716945E-3	3,634375E+3	1,724557E-4	3,634375E+3	1,947019E-3	3,634375E+3	3,267491E-4	3,634375E+3	2,250025E-3	3,634375E+3	3,085762E-4	3,634375E+3	2,080422E-3
3,635937E+3	2,718393E-4	3,635937E+3	1,728430E-3	3,635937E+3	1,584557E-4	3,635937E+3	2,085056E-3	3,635937E+3	3,230691E-4	3,635937E+3	2,255790E-3	3,635937E+3	3,072274E-4	3,635937E+3	2,068817E-3
3,637500E+3	2,694363E-4	3,637500E+3	1,738530E-3	3,637500E+3	1,400311E-4	3,637500E+3	2,228193E-3	3,637500E+3	3,218327E-4	3,637500E+3	2,256446E-3	3,637500E+3	3,063553E-4	3,637500E+3	2,053606E-3
3,639062E+3	2,668209E-4	3,639062E+3	1,753034E-3	3,639062E+3	1,342584E-4	3,639062E+3	2,226086E-3	3,639062E+3	3,214780E-4	3,639062E+3	2,271884E-3	3,639062E+3	3,065095E-4	3,639062E+3	2,046544E-3
3,640625E+3	2,645608E-4	3,640625E+3	1,766194E-3	3,640625E+3	1,298195E-4	3,640625E+3	2,220211E-3	3,640625E+3	3,226284E-4	3,640625E+3	2,281843E-3	3,640625E+3	3,065669E-4	3,640625E+3	2,037969E-3
3,642187E+3	2,609807E-4	3,642187E+3	1,783253E-3	3,642187E+3	1,255835E-4	3,642187E+3	2,227347E-3	3,642187E+3	3,214081E-4	3,642187E+3	2,281833E-3	3,642187E+3	3,056536E-4	3,642187E+3	2,027825E-3
3,643750E+3	2,572527E-4	3,643750E+3	1,798522E-3	3,643750E+3	1,218866E-4	3,643750E+3	2,231219E-3	3,643750E+3	3,206293E-4	3,643750E+3	2,277097E-3	3,643750E+3	3,045577E-4	3,643750E+3	2,015839E-3
3,645312E+3	2,521352E-4	3,645312E+3	1,811996E-3	3,645312E+3	1,202098E-4	3,645312E+3	2,247712E-3	3,645312E+3	3,186038E-4	3,645312E+3	2,268892E-3	3,645312E+3	3,030430E-4	3,645312E+3	2,005517E-3
3,646875E+3	2,465073E-4	3,646875E+3	1,822837E-3	3,646875E+3	1,186921E-4	3,646875E+3	2,262263E-3	3,646875E+3	3,166032E-4	3,646875E+3	2,257232E-3	3,646875E+3	3,013332E-4	3,646875E+3	1,993361E-3
3,648437E+3	2,443323E-4	3,648437E+3	1,904057E-3	3,648437E+3	1,177181E-4	3,648437E+3	2,268606E-3	3,648437E+3	3,155499E-4	3,648437E+3	2,247842E-3	3,648437E+3	2,998457E-4	3,648437E+3	1,984463E-3
3,650000E+3	2,387761E-4	3,650000E+3	1,989304E-3	3,650000E+3	1,167776E-4	3,650000E+3	2,273853E-3	3,650000E+3	3,144003E-4	3,650000E+3	2,235964E-3	3,650000E+3	2,981386E-4	3,650000E+3	1,973742E-3
3,651562E+3	2,368628E-4	3,651562E+3	2,004389E-3	3,651562E+3	1,154310E-4	3,651562E+3	2,274198E-3	3,651562E+3	3,133327E-4	3,651562E+3	2,227028E-3	3,651562E+3	2,970031E-4	3,651562E+3	1,970399E-3
3,653125E+3	2,343920E-4	3,653125E+3	2,018728E-3	3,653125E+3	1,141093E-4	3,653125E+3	2,273480E-3	3,653125E+3	3,120626E-4	3,653125E+3	2,216039E-3	3,653125E+3	2,955566E-4	3,653125E+3	1,965505E-3
3,654687E+3	2,322409E-4	3,654687E+3	2,035971E-3	3,654687E+3	1,128932E-4	3,654687E+3	2,269802E-3	3,654687E+3	3,104589E-4	3,654687E+3	2,208254E-3	3,654687E+3	2,955143E-4	3,654687E+3	1,966421E-3
3,656250E+3	2,294403E-4	3,656250E+3	2,052758E-3	3,656250E+3	1,117403E-4	3,656250E+3	2,264957E-3	3,656250E+3	3,085323E-4	3,656250E+3	2,198432E-3	3,656250E+3	2,951531E-4	3,656250E+3	1,966238E-3
3,657812E+3	2,248922E-4	3,657812E+3	2,106883E-3	3,657812E+3	1,103576E-4	3,657812E+3	2,256491E-3	3,657812E+3	3,064655E-4	3,657812E+3	2,192677E-3	3,657812E+3	2,949458E-4	3,657812E+3	1,966922E-3
3,659375E+3	2,185217E-4	3,659375E+3	2,161720E-3	3,659375E+3	1,090519E-4	3,659375E+3	2,246600E-3	3,659375E+3	3,039321E-4	3,659375E+3	2,184569E-3	3,659375E+3	2,944547E-4	3,659375E+3	1,966538E-3
3,660937E+3	1,945378E-4	3,660937E+3	2,237150E-3	3,660937E+3	1,066079E-4	3,660937E+3	2,234704E-3	3,660937E+3	3,014367E-4	3,660937E+3	2,180355E-3	3,660937E+3	2,941625E-4	3,660937E+3	1,964728E-3
3,662500E+3	1,671507E-4	3,662500E+3	2,312187E-3	3,662500E+3	1,041454E-4	3,662500E+3	2,221200E-3	3,662500E+3	2,983342E-4	3,662500E+3	2,173482E-3	3,662500E+3	2,936240E-4	3,662500E+3	1,961767E-3
3,664062E+3	1,634493E-4	3,664062E+3	2,322627E-3	3,664062E+3	1,022697E-4	3,664062E+3	2,207279E-3	3,664062E+3	2,970511E-4	3,664062E+3	2,169855E-3	3,664062E+3	2,937848E-4	3,664062E+3	1,960054E-3
3,665625E+3	1,594829E-4	3,665625E+3	2,331974E-3	3,665625E+3	1,003901E-4	3,665625E+3	2,191973E-3	3,665625E+3	2,952644E-4	3,665625E+3	2,164278E-3	3,665625E+3	2,936969E-4	3,665625E+3	1,957248E-3
3,667187E+3	1,562067E-4	3,667187E+3	2,344305E-3	3,667187E+3	9,913614E-5	3,667187E+3	2,176803E-3	3,667187E+3	2,960330E-4	3,667187E+3	2,163090E-3	3,667187E+3	2,969296E-4	3,667187E+3	1,963558E-3
3,668750E+3	1,526695E-4	3,668750E+3	2,355792E-3	3,668750E+3	9,794338E-5	3,668750E+3	2,160351E-3	3,668750E+3	2,964338E-4	3,668750E+3	2,160715E-3	3,668750E+3	2,999263E-4	3,668750E+3	1,969401E-3
3,670312E+3	1,500966E-4	3,670312E+3	2,363621E-3	3,670312E+3	9,728868E-5	3,670312E+3	2,144740E-3	3,670312E+3	2,974155E-4	3,670312E+3	2,157951E-3	3,670312E+3	3,043025E-4	3,670312E+3	1,978662E-3
3,671875E+3	1,473741E-4	3,671875E+3	2,370525E-3	3,671875E+3	9,669838E-5	3,671875E+3	2,128033E-3	3,671875E+3	2,980852E-4	3,671875E+3	2,154068E-3	3,671875E+3	3,084403E-4	3,671875E+3	1,987525E-3
3,673437E+3	1,455787E-4	3,673437E+3	2,372674E-3	3,673437E+3	9,600722E-5	3,673437E+3	2,112601E-3	3,673437E+3	2,985662E-4	3,673437E+3	2,149368E-3	3,673437E+3	3,127973E-4	3,673437E+3	1,996352E-3
3,675000E+3	1,437260E-4	3,675000E+3	2,373798E-3	3,675000E+3	9,539554E-5	3,675000E+3	2,096106E-3	3,675000E+3	2,987517E-4	3,675000E+3	2,143413E-3	3,675000E+3	3,169181E-4	3,675000E+3	2,004731E-3
3,676562E+3	1,418570E-4	3,676562E+3	2,368954E-3	3,676562E+3	9,578634E-5	3,676562E+3	2,078097E-3	3,676562E+3	2,991804E-4	3,676562E+3	2,137602E-3	3,676562E+3	3,207368E-4	3,676562E+3	2,013080E-3
3,678125E+3	1,399907E-4	3,678125E+3	2,362713E-3	3,678125E+3	9,631148E-5	3,678125E+3	2,058979E-3	3,678125E+3	2,992989E-4	3,678125E+3	2,130442E-3	3,678125E+3	3,243002E-4	3,678125E+3	2,020881E-3
3,679687E+3	1,381091E-4	3,679687E+3	2,357436E-3	3,679687E+3	9,737043E-5	3,679687E+3	2,041065E-3	3,679687E+3	3,007893E-4	3,679687E+3	2,127757E-3	3,679687E+3	3,277583E-4	3,679687E+3	2,030409E-3
3,681250E+3	1,361952E-4	3,681250E+3	2,350844E-3	3,681250E+3	9,856080E-5	3,681250E+3	2,022156E-3	3,681250E+3	3,019188E-4	3,681250E+3	2,123889E-3	3,681250E+3	3,308912E-4	3,681250E+3	2,039226E-3
3,682812E+3	1,352558E-4	3,682812E+3	2,343392E-3	3,682812E+3	9,952404E-5	3,682812E+3	2,005693E-3	3,682812E+3	3,043947E-4	3,682812E+3	2,123906E-3	3,682812E+3	3,339756E-4	3,682812E+3	2,047837E-3
3,684375E+3	1,343203E-4	3,684375E+3	2,334716E-3	3,684375E+3	1,005846E-4	3,684375E+3	1,988331E-3	3,684375E+3	3,064552E-4	3,684375E+3	2,122796E-3	3,684375E+3	3,366517E-4	3,684375E+3	2,055493E-3
3,685937E+3	1,340124E-4	3,685937E+3	2,324173E-3	3,685937E+3	1,015197E-4	3,685937E+3	1,973528E-3	3,685937E+3	3,088736E-4	3,685937E+3	2,122323E-3	3,685937E+3	3,395865E-4	3,685937E+3	2,063931E-3
3,687500E+3	1,337488E-4	3,687500E+3	2,312497E-3	3,687500E+3	1,024936E-4	3,687500E+3	1,957927E-3	3,687500E+3	3,108656E-4	3,687500E+3	2,120662E-3	3,687500E+3	3,420297E-4	3,687500E+3	2,071227E-3
3,689062E+3	1,334554E-4	3,689062E+3	2,300059E-3	3,689062E+3	1,030391E-4	3,689062E+3	1,946847E-3	3,689062E+3	3,119927E-4	3,689062E+3	2,119168E-3	3,689062E+3	3,454180E-4	3,689062E+3	2,078013E-3
3,690625E+3	1,332127E-4	3,690625E+3	2,286575E-3	3,690625E+3	1,035638E-4	3,690625E+3	1,935050E-3	3,690625E+3	3,126641E-4	3,690625E+3	2,116448E-3	3,690625E+3	3,483399E-4	3,690625E+3	2,083667E-3
3,692187E+3	1,319326E-4	3,692187E+3	2,275244E-3	3,692187E+3	1,041676E-4	3,692187E+3	1,923695E-3	3,692187E+3	3,129961E-4	3,692187E+3	2,113046E-3	3,692187E+3	3,512182E-4	3,692187E+3	2,085306E-3
3,693750E+3	1,306206E-4	3,693750E+3	2,263040E-3	3,693750E+3	1,047312E-4	3,693750E+3	1,911738E-3	3,693750E+3	3,128911E-4	3,693750E+3	2,108493E-3	3,693750E+3	3,537244E-4	3,693750E+3	2,085847E-3
3,695312E+3	1,287597E-4	3,695312E+3	2,248559E-3	3,695312E+3	1,050015E-4	3,695312E+3	1,896290E-3	3,695312E+3	3,134869E-4	3,695312E+3	2,106300E-3	3,695312E+3	3,557697E-4	3,695312E+3	2,087349E-3
3,696875E+3	1,268563E-4	3,696875E+3	2,233200E-3	3,696875E+3	1,052619E-4	3,696875E+3	1,880258E-3	3,696875E+3	3,136594E-4	3,696875E+3	2,103139E-3	3,696875E+3	3,573781E-4	3,696875E+3	2,087630E-3
3,698437E+3	1,242904E-4	3,698437E+3	2,212693E-3	3,698437E+3	1,041390E-4	3,698437E+3	1,856441E-3	3,698437E+3	3,140547E-4	3,698437E+3	2,103469E-3	3,698437E+3	3,258650E-4	3,698437E+3	2,200811E-3
3,700000E+3	1,217187E-4	3,700000E+3	2,191139E-3	3,700000E+3	1,030827E-4	3,700000E+3	1,831905E-3	3,700000E+3	3,139729E-4	3,700000E+3	2,102826E-3	3,700000E+3	2,925240E-4	3,700000E+3	2,292586E-3
3,701562E+3	1,183004E-4	3,701562E+3	2,167542E-3	3,701562E+3	1,016751E-4	3,701562E+3	1,803395E-3	3,701562E+3	3,137638E-4	3,701562E+3	2,107291E-3	3,701562E+3	2,914935E-4	3,701562E+3	2,281439E-3
3,703125E+3	1,149085E-4	3,703125E+3	2,142856E-3	3,703125E+3	1,004256E-4	3,703125E+3	1,774194E-3	3,703125E+3	3,129720E-4	3,703125E+3	2,110672E-3	3,703125E+3	2,904758E-4	3,703125E+3	2,269640E-3
3,704687E+3	1,120734E-4	3,704687E+3	2,121321E-3	3,704687E+3	9,908392E-5	3,704687E+3	1,751050E-3	3,704687E+3	3,125106E-4	3,704687E+3	2,116862E-3	3,704687E+3	2,912582E-4	3,704687E+3	2,447577E-3
3,706250E+3	1,092651E-4	3,706250E+3	2,098950E-3	3,706250E+3	9,784003E-5	3,706250E+3	1,727481E-3	3,706250E+3	3,114351E-4	3,706250E+3	2,121899E-3	3,706250E+3	2,659034E-4	3,706250E+3	2,573773E-3
3,707812E+3	1,068996E-4	3,707812E+3	2,079489E-3	3,707812E+3	9,639534E-5	3,707812E+3	1,707673E-3	3,707812E+3	3,115490E-4	3,707812E+3	2,128472E-3	3,707812E+3	2,668367E-4	3,707812E+3	2,569974E-3
3,709375E+3	1,045599E-4	3,709375E+3	2,059333E-3	3,709375E+3	9,502224E-5	3,709375E+3	1,687524E-3	3,709375E+3	3,110022E-4	3,709375E+3	2,133807E-3	3,709375E+3	2,671709E-4	3,709375E+3	2,564918E-3
3,710937E+3	1,030309E-4	3,710937E+3	2,043193E-3	3,710937E+3	9,410187E-5	3,710937E+3	1,676974E-3	3,710937E+3	3,118235E-4	3,710937E+3	2,140525E-3	3,710937E+3	2,676824E-4	3,710937E+3	2,561306E-3
3,712500E+3	1,015084E-4	3,712500E+3	2,026476E-3	3,712500E+3	9,317546E-5	3,712500E+3	1,666042E-3	3,712500E+3	3,119055E-4	3,712500E+3	2,145874E-3	3,712500E+3	2,676255E-4	3,712500E+3	2,556463E-3
3,714062E+3	1,006318E-4	3,714062E+3	2,012405E-3	3,714062E+3	8,243516E-5	3,714062E+3	1,648494E-3	3,714062E+3	3,026409E-4	3,714062E+3	2,179294E-3	3,714062E+3	2,681485E-4	3,714062E+3	2,555822E-3
3,715625E+3	9,973900E-5	3,715625E+3	1,997819E-3	3,715625E+3	7,149467E-5	3,715625E+3	1,619405E-3	3,715625E+3	2,921040E-4	3,715625E+3	2,208759E-3	3,715625E+3	2,678641E-4	3,715625E+3	2,553753E-3
3,717187E+3	9,644581E-5	3,717187E+3	1,958562E-3	3,717187E+3	7,192208E-5	3,717187E+3	1,669810E-3	3,717187E+3	2,790103E-4	3,717187E+3	2,230971E-3	3,717187E+3	2,685226E-4	3,717187E+3	2,555426E-3
3,718750E+3	9,343151E-5	3,718750E+3	1,918081E-3	3,718750E+3	7,109247E-5	3,718750E+3	1,716990E-3	3,718750E+3	2,655397E-4	3,718750E+3	2,249864E-3	3,718750E+3	2,678550E-4	3,718750E+3	2,555219E-3
3,720312E+3	8,725533E-5	3,720312E+3	1,848678E-3	3,720312E+3	7,928495E-5	3,720312E+3	1,631787E-3	3,720312E+3	2,746182E-4	3,720312E+3	2,385718E-3	3,720312E+3	2,678985E-4	3,720312E+3	2,556716E-3
3,721875E+3	8,195547E-5	3,721875E+3	1,777259E-3	3,721875E+3	9,010857E-5	3,721875E+3	1,544711E-3	3,721875E+3	2,617843E-4	3,721875E+3	2,493287E-3	3,721875E+3	2,658440E-4	3,721875E+3	2,555761E-3
3,723437E+3	8,176908E-5	3,723437E+3	1,761778E-3	3,723437E+3	9,189183E-5	3,723437E+3	1,566669E-3	3,723437E+3	2,591282E-4	3,723437E+3	2,489474E-3	3,723437E+3	2,660366E-4	3,723437E+3	2,558473E-3
3,725000E+3	8,161550E-5	3,725000E+3	1,745924E-3	3,725000E+3	9,335100E-5	3,725000E+3	1,587487E-3	3,725000E+3	2,553636E-4	3,725000E+3	2,483780E-3	3,725000E+3	2,635157E-4	3,725000E+3	2,558693E-3
3,726562E+3	8,555778E-5	3,726562E+3	1,556666E-3	3,726562E+3	9,469349E-5	3,726562E+3	1,604353E-3	3,726562E+3	2,536248E-4	3,726562E+3	2,462922E-3	3,726562E+3	2,618622E-4	3,726562E+3	2,533582E-3
3,728125E+3	9,623535E-5	3,728125E+3	1,364770E-3	3,728125E+3	9,579279E-5	3,728125E+3	1,620206E-3	3,728125E+3	2,507676E-4	3,728125E+3	2,439109E-3	3,728125E+3	2,591824E-4	3,728125E+3	2,506868E-3
3,729687E+3	9,761330E-5	3,729687E+3	1,385655E-3	3,729687E+3	9,713410E-5	3,729687E+3	1,635315E-3	3,729687E+3	2,538908E-4	3,729687E+3	2,441051E-3	3,729687E+3	2,616134E-4	3,729687E+3	2,514907E-3
3,731250E+3	9,878005E-5	3,731250E+3	1,405788E-3	3,731250E+3	9,822774E-5	3,731250E+3	1,649392E-3	3,731250E+3	2,560689E-4	3,731250E+3	2,442076E-3	3,731250E+3	2,611301E-4	3,731250E+3	2,521063E-3
3,732812E+3	1,003390E-4	3,732812E+3	1,426514E-3	3,732812E+3	5,253210E-5	3,732812E+3	1,808015E-3	3,732812E+3	2,567529E-4	3,732812E+3	2,439026E-3	3,732812E+3	2,632856E-4	3,732812E+3	2,527605E-3
3,734375E+3	1,016471E-4	3,734375E+3	1,446398E-3	3,734375E+3	1,486731E-5	3,734375E+3	1,930947E-3	3,734375E+3	2,567978E-4	3,734375E+3	2,435145E-3	3,734375E+3	2,623435E-4	3,734375E+3	2,532622E-3
3,735937E+3	1,029098E-4	3,735937E+3	1,468185E-3	3,735937E+3	1,590926E-5	3,735937E+3	1,921896E-3	3,735937E+3	2,554669E-4	3,735937E+3	2,436359E-3	3,735937E+3	2,638460E-4	3,735937E+3	2,539488E-3
3,737500E+3	1,038785E-4	3,737500E+3	1,488984E-3	3,737500E+3	1,694965E-5	3,737500E+3	1,912565E-3	3,737500E+3	2,530170E-4	3,737500E+3	2,436172E-3	3,737500E+3	2,613487E-4	3,737500E+3	2,545156E-3
3,739062E+3	1,049479E-4	3,739062E+3	1,512446E-3	3,739062E+3	1,822345E-5	3,739062E+3	1,903414E-3	3,739062E+3	2,523131E-4	3,739062E+3	2,442257E-3	3,739062E+3	2,623238E-4	3,739062E+3	2,550793E-3
3,740625E+3	1,056641E-4	3,740625E+3	1,534698E-3	3,740625E+3	1,948126E-5	3,740625E+3	1,893975E-3	3,740625E+3	2,496216E-4	3,740625E+3	2,446395E-3	3,740625E+3	2,591182E-4	3,740625E+3	2,555926E-3
3,742187E+3	1,062130E-4	3,742187E+3	1,560854E-3	3,742187E+3	2,114573E-5	3,742187E+3	1,882064E-3	3,742187E+3	2,495924E-4	3,742187E+3	2,450095E-3	3,742187E+3	2,596644E-4	3,742187E+3	2,559895E-3
3,743750E+3	1,063461E-4	3,743750E+3	1,585517E-3	3,743750E+3	2,278336E-5	3,743750E+3	1,869931E-3	3,743750E+3	2,475612E-4	3,743750E+3	2,452177E-3	3,743750E+3	2,563587E-4	3,743750E+3	2,564031E-3
3,745312E+3	1,065585E-4	3,745312E+3	1,615537E-3	3,745312E+3	1,751731E-5	3,745312E+3	2,064501E-3	3,745312E+3	2,470980E-4	3,745312E+3	2,452046E-3	3,745312E+3	2,564523E-4	3,745312E+3	2,565865E-3
3,746875E+3	1,062501E-4	3,746875E+3	1,643638E-3	3,746875E+3	-1,975459E-5	3,746875E+3	2,098605E-3	3,746875E+3	2,449128E-4	3,746875E+3	2,450647E-3	3,746875E+3	2,534801E-4	3,746875E+3	2,568333E-3
3,748437E+3	1,072213E-4	3,748437E+3	1,671192E-3	3,748437E+3	-1,781473E-5	3,748437E+3	2,117031E-3	3,748437E+3	2,438438E-4	3,748437E+3	2,450892E-3	3,748437E+3	2,530553E-4	3,748437E+3	2,569652E-3
3,750000E+3	1,075748E-4	3,750000E+3	1,696690E-3	3,750000E+3	-1,740824E-5	3,750000E+3	2,132443E-3	3,750000E+3	2,409428E-4	3,750000E+3	2,449869E-3	3,750000E+3	2,498142E-4	3,750000E+3	2,571934E-3
3,751562E+3	1,081489E-4	3,751562E+3	1,715222E-3	3,751562E+3	-1,559027E-5	3,751562E+3	2,161903E-3	3,751562E+3	2,393386E-4	3,751562E+3	2,452215E-3	3,751562E+3	2,493196E-4	3,751562E+3	2,572868E-3
3,753125E+3	1,081757E-4	3,753125E+3	1,731959E-3	3,753125E+3	-1,796077E-5	3,753125E+3	2,184330E-3	3,753125E+3	2,354589E-4	3,753125E+3	2,453179E-3	3,753125E+3	2,463891E-4	3,753125E+3	2,574995E-3
3,754687E+3	1,075437E-4	3,754687E+3	1,570336E-3	3,754687E+3	-1,673374E-5	3,754687E+3	2,208667E-3	3,754687E+3	2,328682E-4	3,754687E+3	2,456926E-3	3,754687E+3	2,461773E-4	3,754687E+3	2,573647E-3
3,756250E+3	1,122016E-4	3,756250E+3	1,418326E-3	3,756250E+3	-2,039811E-5	3,756250E+3	2,226166E-3	3,756250E+3	2,273037E-4	3,756250E+3	2,459150E-3	3,756250E+3	2,443991E-4	3,756250E+3	2,573324E-3
3,757812E+3	1,143428E-4	3,757812E+3	1,434079E-3	3,757812E+3	-1,743343E-5	3,757812E+3	2,249335E-3	3,757812E+3	2,256346E-4	3,757812E+3	2,459142E-3	3,757812E+3	2,432958E-4	3,757812E+3	2,572565E-3
3,759375E+3	1,160967E-4	3,759375E+3	1,448691E-3	3,759375E+3	-2,238041E-5	3,759375E+3	2,265571E-3	3,759375E+3	2,215119E-4	3,759375E+3	2,458258E-3	3,759375E+3	2,406480E-4	3,759375E+3	2,572863E-3
3,760937E+3	2,875775E-5	3,760937E+3	1,907305E-3	3,760937E+3	-1,783801E-5	3,760937E+3	2,285167E-3	3,760937E+3	2,192658E-4	3,760937E+3	2,456869E-3	3,760937E+3	2,384919E-4	3,760937E+3	2,572545E-3
3,762500E+3	-5,395561E-5	3,762500E+3	2,137475E-3	3,762500E+3	-2,429737E-5	3,762500E+3	2,300163E-3	3,762500E+3	2,144788E-4	3,762500E+3	2,454845E-3	3,762500E+3	2,347298E-4	3,762500E+3	2,573325E-3
3,764062E+3	-5,524285E-5	3,764062E+3	2,168274E-3	3,764062E+3	-1,924061E-5	3,764062E+3	2,317909E-3	3,764062E+3	2,112517E-4	3,764062E+3	2,453846E-3	3,764062E+3	2,324022E-4	3,764062E+3	2,571027E-3
3,765625E+3	-5,838798E-5	3,765625E+3	2,193237E-3	3,765625E+3	-2,793963E-5	3,765625E+3	2,335492E-3	3,765625E+3	2,051247E-4	3,765625E+3	2,452370E-3	3,765625E+3	2,288666E-4	3,765625E+3	2,569751E-3
3,767187E+3	-5,753491E-5	3,767187E+3	2,217207E-3	3,767187E+3	-2,372972E-5	3,767187E+3	2,347312E-3	3,767187E+3	2,021283E-4	3,767187E+3	2,450756E-3	3,767187E+3	2,269369E-4	3,767187E+3	2,565004E-3
3,768750E+3	-5,907163E-5	3,768750E+3	2,236036E-3	3,768750E+3	-3,026922E-5	3,768750E+3	2,363579E-3	3,768750E+3	1,964082E-4	3,768750E+3	2,448991E-3	3,768750E+3	2,243603E-4	3,768750E+3	2,561072E-3
3,770312E+3	-5,832273E-5	3,770312E+3	2,254120E-3	3,770312E+3	-2,842476E-5	3,770312E+3	2,367164E-3	3,770312E+3	1,938231E-4	3,770312E+3	2,446318E-3	3,770312E+3	2,221505E-4	3,770312E+3	2,556058E-3
3,771875E+3	-6,019899E-5	3,771875E+3	2,267249E-3	3,771875E+3	-3,332919E-5	3,771875E+3	2,375970E-3	3,771875E+3	1,888432E-4	3,771875E+3	2,443814E-3	3,771875E+3	2,194133E-4	3,771875E+3	2,551757E-3
3,773437E+3	-5,927726E-5	3,773437E+3	2,288768E-3	3,773437E+3	-3,151579E-5	3,773437E+3	2,344526E-3	3,773437E+3	1,868467E-4	3,773437E+3	2,439865E-3	3,773437E+3	2,168859E-4	3,773437E+3	2,546419E-3
3,775000E+3	-6,339816E-5	3,775000E+3	2,302614E-3	3,775000E+3	-3,368638E-5	3,775000E+3	2,320838E-3	3,775000E+3	1,829506E-4	3,775000E+3	2,436266E-3	3,775000E+3	2,139245E-4	3,775000E+3	2,541734E-3
3,776562E+3	-6,083136E-5	3,776562E+3	2,308908E-3	3,776562E+3	-3,307614E-5	3,776562E+3	2,322469E-3	3,776562E+3	1,795361E-4	3,776562E+3	2,433134E-3	3,776562E+3	2,098150E-4	3,776562E+3	2,536162E-3
3,778125E+3	-6,523831E-5	3,778125E+3	2,308340E-3	3,778125E+3	-3,562417E-5	3,778125E+3	2,328695E-3	3,778125E+3	1,740018E-4	3,778125E+3	2,430420E-3	3,778125E+3	2,051338E-4	3,778125E+3	2,531158E-3
3,779687E+3	-6,042808E-5	3,779687E+3	2,288834E-3	3,779687E+3	-3,605267E-5	3,779687E+3	2,337460E-3	3,779687E+3	1,711291E-4	3,779687E+3	2,425255E-3	3,779687E+3	2,012062E-4	3,779687E+3	2,524890E-3
3,781250E+3	-6,643823E-5	3,781250E+3	2,264150E-3	3,781250E+3	-3,889211E-5	3,781250E+3	2,350090E-3	3,781250E+3	1,666040E-4	3,781250E+3	2,420617E-3	3,781250E+3	1,968334E-4	3,781250E+3	2,519146E-3
3,782812E+3	-5,998866E-5	3,782812E+3	2,287557E-3	3,782812E+3	-3,926592E-5	3,782812E+3	2,356513E-3	3,782812E+3	1,619048E-4	3,782812E+3	2,417065E-3	3,782812E+3	1,911744E-4	3,782812E+3	2,501863E-3
3,784375E+3	-7,182256E-5	3,784375E+3	2,305864E-3	3,784375E+3	-4,111897E-5	3,784375E+3	2,365653E-3	3,784375E+3	1,551261E-4	3,784375E+3	2,414153E-3	3,784375E+3	1,862905E-4	3,784375E+3	2,486064E-3
3,785937E+3	-6,571467E-5	3,785937E+3	2,323757E-3	3,785937E+3	-4,201228E-5	3,785937E+3	2,371727E-3	3,785937E+3	1,490262E-4	3,785937E+3	2,412826E-3	3,785937E+3	1,808718E-4	3,785937E+3	2,477680E-3
3,787500E+3	-7,318509E-5	3,787500E+3	2,343613E-3	3,787500E+3	-4,421808E-5	3,787500E+3	2,380229E-3	3,787500E+3	1,406595E-4	3,787500E+3	2,412252E-3	3,787500E+3	1,753090E-4	3,787500E+3	2,469791E-3
3,789062E+3	-6,918125E-5	3,789062E+3	2,358309E-3	3,789062E+3	-4,549017E-5	3,789062E+3	2,385808E-3	3,789062E+3	1,353390E-4	3,789062E+3	2,408696E-3	3,789062E+3	1,699035E-4	3,789062E+3	2,458768E-3
3,790625E+3	-7,473243E-5	3,790625E+3	2,377239E-3	3,790625E+3	-4,801078E-5	3,790625E+3	2,393745E-3	3,790625E+3	1,284320E-4	3,790625E+3	2,405840E-3	3,790625E+3	1,648645E-4	3,790625E+3	2,448414E-3
3,792187E+3	-7,245111E-5	3,792187E+3	2,389758E-3	3,792187E+3	-4,943314E-5	3,792187E+3	2,398332E-3	3,792187E+3	1,235545E-4	3,792187E+3	2,401374E-3	3,792187E+3	1,600702E-4	3,792187E+3	2,441858E-3
3,793750E+3	-7,682705E-5	3,793750E+3	2,406968E-3	3,793750E+3	-5,192332E-5	3,793750E+3	2,405180E-3	3,793750E+3	1,172877E-4	3,793750E+3	2,397611E-3	3,793750E+3	1,551796E-4	3,793750E+3	2,435676E-3
3,795312E+3	-7,540310E-5	3,795312E+3	2,418983E-3	3,795312E+3	-5,400691E-5	3,795312E+3	2,410772E-3	3,795312E+3	1,128505E-4	3,795312E+3	2,393023E-3	3,795312E+3	1,501762E-4	3,795312E+3	2,430028E-3
3,796875E+3	-7,932709E-5	3,796875E+3	2,436028E-3	3,796875E+3	-5,717313E-5	3,796875E+3	2,418937E-3	3,796875E+3	1,070413E-4	3,796875E+3	2,389288E-3	3,796875E+3	1,449736E-4	3,796875E+3	2,424639E-3
3,798437E+3	-7,929310E-5	3,798437E+3	2,448879E-3	3,798437E+3	-5,884960E-5	3,798437E+3	2,421919E-3	3,798437E+3	1,043251E-4	3,798437E+3	2,382901E-3	3,798437E+3	1,396140E-4	3,798437E+3	2,419173E-3
3,800000E+3	-8,390645E-5	3,800000E+3	2,466999E-3	3,800000E+3	-6,124342E-5	3,800000E+3	2,426983E-3	3,800000E+3	1,006387E-4	3,800000E+3	2,377442E-3	3,800000E+3	1,339827E-4	3,800000E+3	2,413825E-3
3,801562E+3	-8,478740E-5	3,801562E+3	2,480073E-3	3,801562E+3	-6,218020E-5	3,801562E+3	2,426712E-3	3,801562E+3	9,855996E-5	3,801562E+3	2,372726E-3	3,801562E+3	1,292396E-4	3,801562E+3	2,407887E-3
3,803125E+3	-8,964612E-5	3,803125E+3	2,498512E-3	3,803125E+3	-6,358413E-5	3,803125E+3	2,427926E-3	3,803125E+3	9,569727E-5	3,803125E+3	2,368688E-3	3,803125E+3	1,242757E-4	3,803125E+3	2,402039E-3
3,804687E+3	-9,067580E-5	3,804687E+3	2,507485E-3	3,804687E+3	-6,514046E-5	3,804687E+3	2,428351E-3	3,804687E+3	9,188983E-5	3,804687E+3	2,367097E-3	3,804687E+3	1,207131E-4	3,804687E+3	2,394726E-3
3,806250E+3	-9,429813E-5	3,806250E+3	2,520748E-3	3,806250E+3	-6,728729E-5	3,806250E+3	2,430367E-3	3,806250E+3	8,712644E-5	3,806250E+3	2,366054E-3	3,806250E+3	1,171190E-4	3,806250E+3	2,387617E-3
3,807812E+3	-9,563519E-5	3,807812E+3	2,525930E-3	3,807812E+3	-6,939875E-5	3,807812E+3	2,431117E-3	3,807812E+3	8,319551E-5	3,807812E+3	2,358408E-3	3,807812E+3	1,144572E-4	3,807812E+3	2,377956E-3
3,809375E+3	-9,884400E-5	3,809375E+3	2,534915E-3	3,809375E+3	-7,215506E-5	3,809375E+3	2,433570E-3	3,809375E+3	7,804296E-5	3,809375E+3	2,352076E-3	3,809375E+3	1,121851E-4	3,809375E+3	2,368943E-3
3,810937E+3	-1,005642E-4	3,810937E+3	2,537533E-3	3,810937E+3	-7,273655E-5	3,810937E+3	2,429917E-3	3,810937E+3	8,099407E-5	3,810937E+3	2,297271E-3	3,810937E+3	1,090981E-4	3,810937E+3	2,362804E-3
3,812500E+3	-1,039176E-4	3,812500E+3	2,544014E-3	3,812500E+3	-7,367726E-5	3,812500E+3	2,427520E-3	3,812500E+3	8,788973E-5	3,812500E+3	2,252975E-3	3,812500E+3	1,059343E-4	3,812500E+3	2,356802E-3
3,814062E+3	-1,054228E-4	3,814062E+3	2,543904E-3	3,814062E+3	-7,381478E-5	3,814062E+3	2,420727E-3	3,814062E+3	8,333882E-5	3,814062E+3	2,250438E-3	3,814062E+3	1,008823E-4	3,814062E+3	2,350804E-3
3,815625E+3	-1,084447E-4	3,815625E+3	2,547781E-3	3,815625E+3	-7,416868E-5	3,815625E+3	2,414932E-3	3,815625E+3	7,799919E-5	3,815625E+3	2,248712E-3	3,815625E+3	9,563406E-5	3,815625E+3	2,344790E-3
3,817187E+3	-1,089025E-4	3,817187E+3	2,539205E-3	3,817187E+3	-7,490701E-5	3,817187E+3	2,403801E-3	3,817187E+3	7,376755E-5	3,817187E+3	2,245239E-3	3,817187E+3	8,917763E-5	3,817187E+3	2,337939E-3
3,818750E+3	-1,102662E-4	3,818750E+3	2,534165E-3	3,818750E+3	-7,574649E-5	3,818750E+3	2,394029E-3	3,818750E+3	6,888774E-5	3,818750E+3	2,242567E-3	3,818750E+3	8,250725E-5	3,818750E+3	2,331072E-3
3,820312E+3	-1,124366E-4	3,820312E+3	2,522921E-3	3,820312E+3	-7,902639E-5	3,820312E+3	2,370974E-3	3,820312E+3	6,382670E-5	3,820312E+3	2,237786E-3	3,820312E+3	7,698906E-5	3,820312E+3	2,324030E-3
3,821875E+3	-1,150211E-4	3,821875E+3	2,515387E-3	3,821875E+3	-8,146694E-5	3,821875E+3	2,351254E-3	3,821875E+3	5,815453E-5	3,821875E+3	2,233978E-3	3,821875E+3	7,132051E-5	3,821875E+3	2,317071E-3
3,823437E+3	-1,190370E-4	3,823437E+3	2,511250E-3	3,823437E+3	-5,845624E-5	3,823437E+3	2,247422E-3	3,823437E+3	5,358777E-5	3,823437E+3	2,227065E-3	3,823437E+3	6,663910E-5	3,823437E+3	2,309922E-3
3,825000E+3	-1,234059E-4	3,825000E+3	2,509985E-3	3,825000E+3	-4,194730E-5	3,825000E+3	2,191787E-3	3,825000E+3	4,858532E-5	3,825000E+3	2,221344E-3	3,825000E+3	6,184474E-5	3,825000E+3	2,302913E-3
3,826562E+3	-1,281045E-4	3,826562E+3	2,508603E-3	3,826562E+3	-4,550005E-5	3,826562E+3	2,192518E-3	3,826562E+3	4,544205E-5	3,826562E+3	2,212747E-3	3,826562E+3	5,655154E-5	3,826562E+3	2,295351E-3
3,828125E+3	-1,331463E-4	3,828125E+3	2,509604E-3	3,828125E+3	-4,916339E-5	3,828125E+3	2,193853E-3	3,828125E+3	4,212117E-5	3,828125E+3	2,205591E-3	3,828125E+3	5,114081E-5	3,828125E+3	2,287933E-3
3,829687E+3	-9,184880E-5	3,829687E+3	2,294896E-3	3,829687E+3	-5,295191E-5	3,829687E+3	2,193896E-3	3,829687E+3	3,902988E-5	3,829687E+3	2,196946E-3	3,829687E+3	4,706370E-5	3,829687E+3	2,280815E-3
3,831250E+3	-5,541509E-5	3,831250E+3	2,182249E-3	3,831250E+3	-5,682396E-5	3,831250E+3	2,194467E-3	3,831250E+3	3,589146E-5	3,831250E+3	2,189763E-3	3,831250E+3	4,286639E-5	3,831250E+3	2,273856E-3
3,832812E+3	-5,957601E-5	3,832812E+3	2,193330E-3	3,832812E+3	-6,028202E-5	3,832812E+3	2,193493E-3	3,832812E+3	3,281099E-5	3,832812E+3	2,180839E-3	3,832812E+3	3,914057E-5	3,832812E+3	2,267290E-3
3,834375E+3	-6,413764E-5	3,834375E+3	2,205765E-3	3,834375E+3	-6,378569E-5	3,834375E+3	2,192992E-3	3,834375E+3	2,981674E-5	3,834375E+3	2,173399E-3	3,834375E+3	3,527618E-5	3,834375E+3	2,260844E-3
3,835937E+3	-6,817141E-5	3,835937E+3	2,215914E-3	3,835937E+3	-6,713890E-5	3,835937E+3	2,190368E-3	3,835937E+3	2,614115E-5	3,835937E+3	2,164954E-3	3,835937E+3	-1,499035E-5	3,835937E+3	2,225833E-3
3,837500E+3	-7,256245E-5	3,837500E+3	2,227276E-3	3,837500E+3	-7,048781E-5	3,837500E+3	2,188171E-3	3,837500E+3	2,259364E-5	3,837500E+3	2,157877E-3	3,837500E+3	-6,524256E-5	3,837500E+3	2,187548E-3
3,839062E+3	-7,660246E-5	3,839062E+3	2,237111E-3	3,839062E+3	-7,475608E-5	3,839062E+3	2,097683E-3	3,839062E+3	1,901744E-5	3,839062E+3	2,149487E-3	3,839062E+3	-5,848502E-5	3,839062E+3	2,187402E-3
3,840625E+3	-8,094425E-5	3,840625E+3	2,248009E-3	3,840625E+3	-5,586176E-5	3,840625E+3	2,077129E-3	3,840625E+3	1,565394E-5	3,840625E+3	2,142378E-3	3,840625E+3	-5,185175E-5	3,840625E+3	2,187318E-3
3,842187E+3	-8,452927E-5	3,842187E+3	2,256835E-3	3,842187E+3	-5,870121E-5	3,842187E+3	2,072649E-3	3,842187E+3	1,223525E-5	3,842187E+3	2,134037E-3	3,842187E+3	-5,347312E-5	3,842187E+3	2,173414E-3
3,843750E+3	-8,836463E-5	3,843750E+3	2,266599E-3	3,843750E+3	-6,067880E-5	3,843750E+3	2,069113E-3	3,843750E+3	9,132074E-6	3,843750E+3	2,126986E-3	3,843750E+3	-5,514292E-5	3,843750E+3	2,159762E-3
3,845312E+3	-1,222997E-4	3,845312E+3	2,044369E-3	3,845312E+3	-6,258096E-5	3,845312E+3	2,063908E-3	3,845312E+3	3,770708E-6	3,845312E+3	2,119311E-3	3,845312E+3	-5,185364E-5	3,845312E+3	2,158019E-3
3,846875E+3	-5,732136E-5	3,846875E+3	1,995150E-3	3,846875E+3	-6,312853E-5	3,846875E+3	2,059508E-3	3,846875E+3	-1,334667E-6	3,846875E+3	2,112775E-3	3,846875E+3	-4,880949E-5	3,846875E+3	2,156449E-3
3,848437E+3	-6,067438E-5	3,848437E+3	1,996739E-3	3,848437E+3	-6,487986E-5	3,848437E+3	2,052597E-3	3,848437E+3	-5,908673E-6	3,848437E+3	2,105448E-3	3,848437E+3	-7,295188E-5	3,848437E+3	2,128993E-3
3,850000E+3	-6,170753E-5	3,850000E+3	2,000122E-3	3,850000E+3	-6,401680E-5	3,850000E+3	2,046166E-3	3,850000E+3	-1,023103E-5	3,850000E+3	2,099026E-3	3,850000E+3	-9,657225E-5	3,850000E+3	2,101202E-3
3,851562E+3	-6,461267E-5	3,851562E+3	1,998377E-3	3,851562E+3	-6,685034E-5	3,851562E+3	2,038132E-3	3,851562E+3	-1,193668E-5	3,851562E+3	2,091795E-3	3,851562E+3	-1,017985E-4	3,851562E+3	2,088393E-3
3,853125E+3	-6,437986E-5	3,853125E+3	1,997728E-3	3,853125E+3	-6,696813E-5	3,853125E+3	2,029915E-3	3,853125E+3	-1,330070E-5	3,853125E+3	2,085350E-3	3,853125E+3	-1,070110E-4	3,853125E+3	2,075883E-3
3,854687E+3	-6,744250E-5	3,854687E+3	1,993233E-3	3,854687E+3	-7,491027E-5	3,854687E+3	2,004317E-3	3,854687E+3	-1,422960E-5	3,854687E+3	2,077587E-3	3,854687E+3	-1,068202E-4	3,854687E+3	2,069598E-3
3,856250E+3	-6,670323E-5	3,856250E+3	1,988713E-3	3,856250E+3	-8,144080E-5	3,856250E+3	1,979249E-3	3,856250E+3	-1,465103E-5	3,856250E+3	2,070709E-3	3,856250E+3	-1,068211E-4	3,856250E+3	2,063572E-3
3,857812E+3	-7,012909E-5	3,857812E+3	1,982679E-3	3,857812E+3	-8,076817E-5	3,857812E+3	1,976459E-3	3,857812E+3	-2,227817E-5	3,857812E+3	2,061940E-3	3,857812E+3	-1,051888E-4	3,857812E+3	2,058939E-3
3,859375E+3	-6,966300E-5	3,859375E+3	1,975571E-3	3,859375E+3	-7,944200E-5	3,859375E+3	1,973398E-3	3,859375E+3	-2,944659E-5	3,859375E+3	2,054189E-3	3,859375E+3	-1,037781E-4	3,859375E+3	2,054513E-3
3,860937E+3	-7,280660E-5	3,860937E+3	1,967170E-3	3,860937E+3	-8,938393E-5	3,860937E+3	1,919124E-3	3,860937E+3	-4,803868E-5	3,860937E+3	2,035483E-3	3,860937E+3	-1,033405E-4	3,860937E+3	2,048288E-3
3,862500E+3	-7,198780E-5	3,862500E+3	1,956728E-3	3,862500E+3	-9,786980E-5	3,862500E+3	1,866828E-3	3,862500E+3	-6,611720E-5	3,862500E+3	2,017721E-3	3,862500E+3	-1,030992E-4	3,862500E+3	2,042286E-3
3,864062E+3	-7,421763E-5	3,864062E+3	1,948720E-3	3,864062E+3	-9,771791E-5	3,864062E+3	1,860704E-3	3,864062E+3	-6,194762E-5	3,864062E+3	2,012528E-3	3,864062E+3	-1,080757E-4	3,864062E+3	2,027868E-3
3,865625E+3	-7,375102E-5	3,865625E+3	1,938888E-3	3,865625E+3	-9,718798E-5	3,865625E+3	1,854750E-3	3,865625E+3	-5,737397E-5	3,865625E+3	2,007754E-3	3,865625E+3	-1,130333E-4	3,865625E+3	2,013877E-3
3,867187E+3	-7,486492E-5	3,867187E+3	1,931832E-3	3,867187E+3	-9,638252E-5	3,867187E+3	1,851054E-3	3,867187E+3	-6,507714E-5	3,867187E+3	1,989722E-3	3,867187E+3	-1,202689E-4	3,867187E+3	1,992377E-3
3,868750E+3	-7,436755E-5	3,868750E+3	1,923542E-3	3,868750E+3	-9,528557E-5	3,868750E+3	1,847582E-3	3,868750E+3	-7,232952E-5	3,868750E+3	1,972618E-3	3,868750E+3	-1,272550E-4	3,868750E+3	1,971628E-3
3,870312E+3	-7,494687E-5	3,870312E+3	1,916663E-3	3,870312E+3	-9,424151E-5	3,870312E+3	1,844610E-3	3,870312E+3	-8,995523E-5	3,870312E+3	1,945839E-3	3,870312E+3	-1,274479E-4	3,870312E+3	1,964188E-3
3,871875E+3	-7,438800E-5	3,871875E+3	1,908849E-3	3,871875E+3	-9,294679E-5	3,871875E+3	1,841974E-3	3,871875E+3	-1,065899E-4	3,871875E+3	1,920205E-3	3,871875E+3	-1,280178E-4	3,871875E+3	1,957161E-3
3,873437E+3	-7,661684E-5	3,873437E+3	1,902241E-3	3,873437E+3	-9,196036E-5	3,873437E+3	1,838889E-3	3,873437E+3	-1,079427E-4	3,873437E+3	1,908881E-3	3,873437E+3	-1,286296E-4	3,873437E+3	1,949214E-3
3,875000E+3	-7,799234E-5	3,875000E+3	1,895130E-3	3,875000E+3	-9,078766E-5	3,875000E+3	1,836268E-3	3,875000E+3	-1,089016E-4	3,875000E+3	1,898318E-3	3,875000E+3	-1,296008E-4	3,875000E+3	1,941706E-3
3,876562E+3	-8,313145E-5	3,876562E+3	1,883966E-3	3,876562E+3	-9,033295E-5	3,876562E+3	1,831349E-3	3,876562E+3	-1,099223E-4	3,876562E+3	1,888271E-3	3,876562E+3	-1,314313E-4	3,876562E+3	1,928871E-3
3,878125E+3	-8,747347E-5	3,878125E+3	1,872586E-3	3,878125E+3	-8,972016E-5	3,878125E+3	1,827085E-3	3,878125E+3	-1,106388E-4	3,878125E+3	1,878959E-3	3,878125E+3	-1,334558E-4	3,878125E+3	1,916706E-3
3,879687E+3	-9,447005E-5	3,879687E+3	1,853296E-3	3,879687E+3	-1,075796E-4	3,879687E+3	1,717536E-3	3,879687E+3	-1,126261E-4	3,879687E+3	1,866447E-3	3,879687E+3	-1,339609E-4	3,879687E+3	1,906048E-3
3,881250E+3	-1,009468E-4	3,881250E+3	1,834210E-3	3,881250E+3	-1,203927E-4	3,881250E+3	1,618960E-3	3,881250E+3	-1,142884E-4	3,881250E+3	1,854836E-3	3,881250E+3	-1,347840E-4	3,881250E+3	1,896042E-3
3,882812E+3	-1,031524E-4	3,882812E+3	1,819479E-3	3,882812E+3	-1,202167E-4	3,882812E+3	1,611795E-3	3,882812E+3	-1,166307E-4	3,882812E+3	1,840950E-3	3,882812E+3	-1,346756E-4	3,882812E+3	1,888798E-3
3,884375E+3	-1,047486E-4	3,884375E+3	1,804659E-3	3,884375E+3	-1,198531E-4	3,884375E+3	1,605573E-3	3,884375E+3	-1,186144E-4	3,884375E+3	1,828099E-3	3,884375E+3	-1,350678E-4	3,884375E+3	1,882121E-3
3,885937E+3	-1,062217E-4	3,885937E+3	1,790742E-3	3,885937E+3	-1,195660E-4	3,885937E+3	1,600396E-3	3,885937E+3	-1,207297E-4	3,885937E+3	1,814082E-3	3,885937E+3	-1,353957E-4	3,885937E+3	1,875283E-3
3,887500E+3	-1,071927E-4	3,887500E+3	1,776897E-3	3,887500E+3	-1,191216E-4	3,887500E+3	1,596104E-3	3,887500E+3	-1,224944E-4	3,887500E+3	1,801164E-3	3,887500E+3	-1,362773E-4	3,887500E+3	1,869036E-3
3,889062E+3	-1,073484E-4	3,889062E+3	1,765852E-3	3,889062E+3	-1,188421E-4	3,889062E+3	1,590215E-3	3,889062E+3	-1,254550E-4	3,889062E+3	1,785531E-3	3,889062E+3	-1,364185E-4	3,889062E+3	1,860807E-3
3,890625E+3	-1,071244E-4	3,890625E+3	1,754874E-3	3,890625E+3	-1,184108E-4	3,890625E+3	1,585351E-3	3,890625E+3	-1,280196E-4	3,890625E+3	1,771146E-3	3,890625E+3	-1,370168E-4	3,890625E+3	1,853270E-3
3,892187E+3	-1,072299E-4	3,892187E+3	1,743654E-3	3,892187E+3	-1,182691E-4	3,892187E+3	1,578692E-3	3,892187E+3	-1,314448E-4	3,892187E+3	1,753345E-3	3,892187E+3	-1,369538E-4	3,892187E+3	1,844468E-3
3,893750E+3	-1,069935E-4	3,893750E+3	1,732656E-3	3,893750E+3	-1,179631E-4	3,893750E+3	1,573217E-3	3,893750E+3	-1,344093E-4	3,893750E+3	1,737003E-3	3,893750E+3	-1,373331E-4	3,893750E+3	1,836459E-3
3,895312E+3	-1,080963E-4	3,895312E+3	1,717584E-3	3,895312E+3	-1,179759E-4	3,895312E+3	1,565952E-3	3,895312E+3	-1,382279E-4	3,895312E+3	1,716907E-3	3,895312E+3	-1,368858E-4	3,895312E+3	1,829549E-3
3,896875E+3	-1,088111E-4	3,896875E+3	1,703070E-3	3,896875E+3	-1,178018E-4	3,896875E+3	1,559937E-3	3,896875E+3	-1,414734E-4	3,896875E+3	1,698530E-3	3,896875E+3	-1,369682E-4	3,896875E+3	1,823430E-3
3,898437E+3	-1,106212E-4	3,898437E+3	1,684577E-3	3,898437E+3	-1,180617E-4	3,898437E+3	1,551149E-3	3,898437E+3	-1,450273E-4	3,898437E+3	1,677623E-3	3,898437E+3	-1,362513E-4	3,898437E+3	1,819288E-3
3,900000E+3	-1,120177E-4	3,900000E+3	1,666967E-3	3,900000E+3	-1,180859E-4	3,900000E+3	1,543830E-3	3,900000E+3	-1,479381E-4	3,900000E+3	1,658636E-3	3,900000E+3	-1,361796E-4	3,900000E+3	1,815901E-3
3,901562E+3	-1,147276E-4	3,901562E+3	1,646542E-3	3,901562E+3	-1,187748E-4	3,901562E+3	1,531009E-3	3,901562E+3	-1,492940E-4	3,901562E+3	1,643734E-3	3,901562E+3	-1,359445E-4	3,901562E+3	1,814442E-3
3,903125E+3	-1,169904E-4	3,903125E+3	1,627260E-3	3,903125E+3	-1,191133E-4	3,903125E+3	1,520054E-3	3,903125E+3	-1,502488E-4	3,903125E+3	1,630434E-3	3,903125E+3	-1,365389E-4	3,903125E+3	1,813737E-3
3,904687E+3	-1,189404E-4	3,904687E+3	1,603456E-3	3,904687E+3	-1,198079E-4	3,904687E+3	1,508374E-3	3,904687E+3	-1,503980E-4	3,904687E+3	1,620634E-3	3,904687E+3	-1,368530E-4	3,904687E+3	1,813636E-3
3,906250E+3	-1,204077E-4	3,906250E+3	1,581186E-3	3,906250E+3	-1,201568E-4	3,906250E+3	1,498549E-3	3,906250E+3	-1,502995E-4	3,906250E+3	1,612087E-3	3,906250E+3	-1,380726E-4	3,906250E+3	1,814292E-3
3,907812E+3	-1,197230E-4	3,907812E+3	1,571375E-3	3,907812E+3	-1,202962E-4	3,907812E+3	1,493123E-3	3,907812E+3	-1,502543E-4	3,907812E+3	1,603688E-3	3,907812E+3	-1,386311E-4	3,907812E+3	1,814884E-3
3,909375E+3	-1,188072E-4	3,909375E+3	1,562094E-3	3,909375E+3	-1,202127E-4	3,909375E+3	1,489043E-3	3,909375E+3	-1,499897E-4	3,909375E+3	1,596497E-3	3,909375E+3	-1,400971E-4	3,909375E+3	1,816248E-3
3,910937E+3	-1,178747E-4	3,910937E+3	1,555967E-3	3,910937E+3	-1,199449E-4	3,910937E+3	1,488462E-3	3,910937E+3	-1,500996E-4	3,910937E+3	1,587592E-3	3,910937E+3	-1,400739E-4	3,910937E+3	1,816281E-3
3,912500E+3	-1,167611E-4	3,912500E+3	1,550221E-3	3,912500E+3	-1,195304E-4	3,912500E+3	1,488963E-3	3,912500E+3	-1,499583E-4	3,912500E+3	1,580026E-3	3,912500E+3	-1,407860E-4	3,912500E+3	1,817115E-3
3,914062E+3	-1,159473E-4	3,914062E+3	1,544598E-3	3,914062E+3	-1,189540E-4	3,914062E+3	1,490827E-3	3,914062E+3	-1,500173E-4	3,914062E+3	1,571979E-3	3,914062E+3	-1,405887E-4	3,914062E+3	1,818020E-3
3,915625E+3	-1,149844E-4	3,915625E+3	1,539451E-3	3,915625E+3	-1,182657E-4	3,915625E+3	1,493657E-3	3,915625E+3	-1,498308E-4	3,915625E+3	1,565326E-3	3,915625E+3	-1,410929E-4	3,915625E+3	1,819757E-3
3,917187E+3	-1,147469E-4	3,917187E+3	1,531030E-3	3,917187E+3	-1,175195E-4	3,917187E+3	1,497182E-3	3,917187E+3	-1,496632E-4	3,917187E+3	1,559228E-3	3,917187E+3	-1,411123E-4	3,917187E+3	1,821385E-3
3,918750E+3	-1,143211E-4	3,918750E+3	1,523389E-3	3,918750E+3	-1,166892E-4	3,918750E+3	1,501633E-3	3,918750E+3	-1,492905E-4	3,918750E+3	1,554429E-3	3,918750E+3	-1,418338E-4	3,918750E+3	1,823879E-3
3,920312E+3	-1,192646E-4	3,920312E+3	1,481917E-3	3,920312E+3	-1,159302E-4	3,920312E+3	1,506372E-3	3,920312E+3	-1,485938E-4	3,920312E+3	1,551217E-3	3,920312E+3	-1,420643E-4	3,920312E+3	1,825414E-3
3,921875E+3	-1,229160E-4	3,921875E+3	1,444799E-3	3,921875E+3	-1,150998E-4	3,921875E+3	1,511913E-3	3,921875E+3	-1,477548E-4	3,921875E+3	1,549159E-3	3,921875E+3	-1,429675E-4	3,921875E+3	1,827870E-3
3,923437E+3	-1,258040E-4	3,923437E+3	1,412945E-3	3,923437E+3	-1,143479E-4	3,923437E+3	1,517024E-3	3,923437E+3	-1,466404E-4	3,923437E+3	1,548326E-3	3,923437E+3	-1,440158E-4	3,923437E+3	1,830615E-3
3,925000E+3	-1,277654E-4	3,925000E+3	1,384436E-3	3,925000E+3	-1,135365E-4	3,925000E+3	1,522833E-3	3,925000E+3	-1,454267E-4	3,925000E+3	1,548516E-3	3,925000E+3	-1,457910E-4	3,925000E+3	1,834322E-3
3,926562E+3	-1,278080E-4	3,926562E+3	1,371141E-3	3,926562E+3	-1,128318E-4	3,926562E+3	1,528776E-3	3,926562E+3	-1,441007E-4	3,926562E+3	1,549768E-3	3,926562E+3	-1,470403E-4	3,926562E+3	1,837301E-3
3,928125E+3	-1,274986E-4	3,928125E+3	1,359365E-3	3,928125E+3	-1,120780E-4	3,928125E+3	1,535391E-3	3,928125E+3	-1,427103E-4	3,928125E+3	1,551940E-3	3,928125E+3	-1,489771E-4	3,928125E+3	1,841308E-3
3,929687E+3	-1,271524E-4	3,929687E+3	1,350927E-3	3,929687E+3	-1,113842E-4	3,929687E+3	1,542058E-3	3,929687E+3	-1,413107E-4	3,929687E+3	1,553976E-3	3,929687E+3	-1,506133E-4	3,929687E+3	1,845533E-3
3,931250E+3	-1,265483E-4	3,931250E+3	1,343661E-3	3,931250E+3	-1,106357E-4	3,931250E+3	1,549368E-3	3,931250E+3	-1,398524E-4	3,931250E+3	1,556826E-3	3,931250E+3	-1,529849E-4	3,931250E+3	1,850919E-3
3,932812E+3	-1,260069E-4	3,932812E+3	1,338596E-3	3,932812E+3	-1,098818E-4	3,932812E+3	1,555947E-3	3,932812E+3	-1,385766E-4	3,932812E+3	1,559755E-3	3,932812E+3	-1,543059E-4	3,932812E+3	1,855157E-3
3,934375E+3	-1,252675E-4	3,934375E+3	1,334469E-3	3,934375E+3	-1,090708E-4	3,934375E+3	1,563156E-3	3,934375E+3	-1,372621E-4	3,934375E+3	1,563413E-3	3,934375E+3	-1,562250E-4	3,934375E+3	1,860570E-3
3,935937E+3	-1,246028E-4	3,935937E+3	1,331947E-3	3,935937E+3	-1,084593E-4	3,935937E+3	1,570391E-3	3,935937E+3	-1,359962E-4	3,935937E+3	1,566961E-3	3,935937E+3	-1,568376E-4	3,935937E+3	1,862590E-3
3,937500E+3	-1,237749E-4	3,937500E+3	1,330213E-3	3,937500E+3	-1,078005E-4	3,937500E+3	1,578273E-3	3,937500E+3	-1,346845E-4	3,937500E+3	1,571132E-3	3,937500E+3	-1,578070E-4	3,937500E+3	1,865760E-3
3,939062E+3	-1,230018E-4	3,939062E+3	1,329605E-3	3,939062E+3	-1,071692E-4	3,939062E+3	1,586104E-3	3,939062E+3	-1,334762E-4	3,939062E+3	1,575042E-3	3,939062E+3	-1,593561E-4	3,939062E+3	1,868705E-3
3,940625E+3	-1,220832E-4	3,940625E+3	1,329690E-3	3,940625E+3	-1,065001E-4	3,940625E+3	1,594686E-3	3,940625E+3	-1,322403E-4	3,940625E+3	1,579678E-3	3,940625E+3	-1,612640E-4	3,940625E+3	1,872779E-3
3,942187E+3	-1,211025E-4	3,942187E+3	1,330427E-3	3,942187E+3	-1,059303E-4	3,942187E+3	1,603214E-3	3,942187E+3	-1,316090E-4	3,942187E+3	1,586726E-3	3,942187E+3	-1,631456E-4	3,942187E+3	1,876967E-3
3,943750E+3	-1,199883E-4	3,943750E+3	1,331862E-3	3,943750E+3	-1,053146E-4	3,943750E+3	1,612556E-3	3,943750E+3	-1,310577E-4	3,943750E+3	1,594703E-3	3,943750E+3	-1,653099E-4	3,943750E+3	1,882032E-3
3,945312E+3	-1,187469E-4	3,945312E+3	1,333564E-3	3,945312E+3	-1,066465E-4	3,945312E+3	1,625904E-3	3,945312E+3	-1,335389E-4	3,945312E+3	1,607356E-3	3,945312E+3	-1,668790E-4	3,945312E+3	1,887291E-3
3,946875E+3	-1,174006E-4	3,946875E+3	1,336036E-3	3,946875E+3	-1,082388E-4	3,946875E+3	1,640748E-3	3,946875E+3	-1,366854E-4	3,946875E+3	1,621491E-3	3,946875E+3	-1,686634E-4	3,946875E+3	1,893270E-3
3,948437E+3	-1,160946E-4	3,948437E+3	1,339935E-3	3,948437E+3	-1,079035E-4	3,948437E+3	1,646099E-3	3,948437E+3	-1,357493E-4	3,948437E+3	1,625712E-3	3,948437E+3	-1,710940E-4	3,948437E+3	1,901118E-3
3,950000E+3	-1,148598E-4	3,950000E+3	1,344839E-3	3,950000E+3	-1,074555E-4	3,950000E+3	1,651957E-3	3,950000E+3	-1,347104E-4	3,950000E+3	1,630447E-3	3,950000E+3	-1,738446E-4	3,950000E+3	1,909745E-3
3,951562E+3	-1,141358E-4	3,951562E+3	1,348930E-3	3,951562E+3	-1,074161E-4	3,951562E+3	1,658020E-3	3,951562E+3	-1,339923E-4	3,951562E+3	1,635449E-3	3,951562E+3	-1,775945E-4	3,951562E+3	1,920729E-3
3,953125E+3	-1,133109E-4	3,953125E+3	1,353443E-3	3,953125E+3	-1,072609E-4	3,953125E+3	1,664769E-3	3,953125E+3	-1,331836E-4	3,953125E+3	1,641050E-3	3,953125E+3	-1,818305E-4	3,953125E+3	1,932601E-3
3,954687E+3	-1,125101E-4	3,954687E+3	1,358234E-3	3,954687E+3	-1,073830E-4	3,954687E+3	1,670317E-3	3,954687E+3	-1,327770E-4	3,954687E+3	1,646199E-3	3,954687E+3	-1,787969E-4	3,954687E+3	1,772935E-3
3,956250E+3	-1,116192E-4	3,956250E+3	1,363486E-3	3,956250E+3	-1,073520E-4	3,956250E+3	1,676626E-3	3,956250E+3	-1,322717E-4	3,956250E+3	1,651965E-3	3,956250E+3	-1,572866E-4	3,956250E+3	1,695225E-3
3,957812E+3	-1,108197E-4	3,957812E+3	1,368722E-3	3,957812E+3	-1,075950E-4	3,957812E+3	1,679326E-3	3,957812E+3	-1,321504E-4	3,957812E+3	1,656564E-3	3,957812E+3	-1,581674E-4	3,957812E+3	1,707937E-3
3,959375E+3	-1,099220E-4	3,959375E+3	1,374389E-3	3,959375E+3	-1,076371E-4	3,959375E+3	1,682834E-3	3,959375E+3	-1,319020E-4	3,959375E+3	1,661780E-3	3,959375E+3	-1,591833E-4	3,959375E+3	1,721172E-3
3,960937E+3	-1,090977E-4	3,960937E+3	1,379627E-3	3,960937E+3	-1,084431E-4	3,960937E+3	1,684809E-3	3,960937E+3	-1,319190E-4	3,960937E+3	1,665426E-3	3,960937E+3	-1,603407E-4	3,960937E+3	1,733339E-3
3,962500E+3	-1,081734E-4	3,962500E+3	1,385262E-3	3,962500E+3	-1,089796E-4	3,962500E+3	1,687542E-3	3,962500E+3	-1,317529E-4	3,962500E+3	1,669711E-3	3,962500E+3	-1,615295E-4	3,962500E+3	1,745932E-3
3,964062E+3	-1,074703E-4	3,964062E+3	1,390824E-3	3,964062E+3	-1,105573E-4	3,964062E+3	1,689561E-3	3,964062E+3	-1,322899E-4	3,964062E+3	1,673094E-3	3,964062E+3	-1,633959E-4	3,964062E+3	1,757678E-3
3,965625E+3	-1,066804E-4	3,965625E+3	1,396739E-3	3,965625E+3	-1,117753E-4	3,965625E+3	1,692328E-3	3,965625E+3	-1,326018E-4	3,965625E+3	1,677158E-3	3,965625E+3	-1,652911E-4	3,965625E+3	1,769827E-3
3,967187E+3	-1,060515E-4	3,967187E+3	1,402263E-3	3,967187E+3	-1,143126E-4	3,967187E+3	1,695482E-3	3,967187E+3	-1,335928E-4	3,967187E+3	1,679640E-3	3,967187E+3	-1,691018E-4	3,967187E+3	1,782948E-3
3,968750E+3	-1,053533E-4	3,968750E+3	1,408173E-3	3,968750E+3	-1,164191E-4	3,968750E+3	1,699253E-3	3,968750E+3	-1,342938E-4	3,968750E+3	1,682905E-3	3,968750E+3	-1,729567E-4	3,968750E+3	1,796447E-3
3,970312E+3	-1,048918E-4	3,970312E+3	1,414195E-3	3,970312E+3	-1,201443E-4	3,970312E+3	1,703772E-3	3,970312E+3	-1,350409E-4	3,970312E+3	1,682928E-3	3,970312E+3	-1,763992E-4	3,970312E+3	1,808785E-3
3,971875E+3	-1,043483E-4	3,971875E+3	1,420602E-3	3,971875E+3	-1,233876E-4	3,971875E+3	1,708846E-3	3,971875E+3	-1,353509E-4	3,971875E+3	1,683925E-3	3,971875E+3	-1,798100E-4	3,971875E+3	1,821515E-3
3,973437E+3	-1,046695E-4	3,973437E+3	1,428499E-3	3,973437E+3	-1,053088E-4	3,973437E+3	1,462555E-3	3,973437E+3	-1,363459E-4	3,973437E+3	1,682661E-3	3,973437E+3	-2,228073E-4	3,973437E+3	1,644760E-3
3,975000E+3	-1,050079E-4	3,975000E+3	1,437284E-3	3,975000E+3	-6,836285E-5	3,975000E+3	1,398194E-3	3,975000E+3	-1,367393E-4	3,975000E+3	1,682447E-3	3,975000E+3	-1,468337E-4	3,975000E+3	1,547127E-3
3,976562E+3	-1,045380E-4	3,976562E+3	1,441073E-3	3,976562E+3	-7,007208E-5	3,976562E+3	1,410349E-3	3,976562E+3	-1,388614E-4	3,976562E+3	1,682521E-3	3,976562E+3	-1,488012E-4	3,976562E+3	1,537515E-3
3,978125E+3	-1,039306E-4	3,978125E+3	1,445051E-3	3,978125E+3	-7,126179E-5	3,978125E+3	1,423537E-3	3,978125E+3	-1,403392E-4	3,978125E+3	1,683399E-3	3,978125E+3	-1,450153E-4	3,978125E+3	1,528451E-3
3,979687E+3	-1,034503E-4	3,979687E+3	1,448305E-3	3,979687E+3	-7,139282E-5	3,979687E+3	1,430909E-3	3,979687E+3	-1,197476E-4	3,979687E+3	1,617744E-3	3,979687E+3	-1,484851E-4	3,979687E+3	1,514429E-3
3,981250E+3	-1,028194E-4	3,981250E+3	1,451785E-3	3,981250E+3	-7,097189E-5	3,981250E+3	1,438531E-3	3,981250E+3	-1,013278E-4	3,981250E+3	1,576112E-3	3,981250E+3	-1,447749E-4	3,981250E+3	1,499094E-3
3,982812E+3	-1,023395E-4	3,982812E+3	1,454286E-3	3,982812E+3	-7,136045E-5	3,982812E+3	1,446006E-3	3,982812E+3	-1,030521E-4	3,982812E+3	1,585538E-3	3,982812E+3	-1,483768E-4	3,982812E+3	1,491092E-3
3,984375E+3	-1,016922E-4	3,984375E+3	1,457075E-3	3,984375E+3	-7,116068E-5	3,984375E+3	1,453593E-3	3,984375E+3	-1,045997E-4	3,984375E+3	1,595161E-3	3,984375E+3	-1,474302E-4	3,984375E+3	1,481583E-3
3,985937E+3	-1,012448E-4	3,985937E+3	1,458877E-3	3,985937E+3	-7,160767E-5	3,985937E+3	1,460814E-3	3,985937E+3	-1,069491E-4	3,985937E+3	1,604589E-3	3,985937E+3	-1,684293E-4	3,985937E+3	1,492362E-3
3,987500E+3	-1,006039E-4	3,987500E+3	1,461024E-3	3,987500E+3	-7,142387E-5	3,987500E+3	1,468062E-3	3,987500E+3	-1,090752E-4	3,987500E+3	1,614121E-3	3,987500E+3	-1,860943E-4	3,987500E+3	1,501849E-3
3,989062E+3	-1,001889E-4	3,989062E+3	1,461760E-3	3,989062E+3	-2,053389E-4	3,989062E+3	1,405273E-3	3,989062E+3	-2,304146E-4	3,989062E+3	1,409454E-3	3,989062E+3	-1,832563E-4	3,989062E+3	1,489248E-3
3,990625E+3	-9,953796E-5	3,990625E+3	1,462942E-3	3,990625E+3	-6,887166E-5	3,990625E+3	1,217516E-3	3,990625E+3	-1,445007E-4	3,990625E+3	1,311693E-3	3,990625E+3	-1,774255E-4	3,990625E+3	1,474595E-3
3,992187E+3	-9,940110E-5	3,992187E+3	1,462415E-3	3,992187E+3	-6,858410E-5	3,992187E+3	1,214807E-3	3,992187E+3	-1,426646E-4	3,992187E+3	1,320077E-3	3,992187E+3	-1,743650E-4	3,992187E+3	1,461483E-3
3,993750E+3	-9,894615E-5	3,993750E+3	1,462462E-3	3,993750E+3	-6,662990E-5	3,993750E+3	1,209382E-3	3,993750E+3	-1,403012E-4	3,993750E+3	1,328144E-3	3,993750E+3	-1,686519E-4	3,993750E+3	1,446189E-3
3,995312E+3	-7,116952E-5	3,995312E+3	1,387879E-3	3,995312E+3	-6,693898E-5	3,995312E+3	1,201329E-3	3,995312E+3	-1,384404E-4	3,995312E+3	1,335340E-3	3,995312E+3	-1,656583E-4	3,995312E+3	1,432470E-3
3,996875E+3	-5,307304E-5	3,996875E+3	1,342370E-3	3,996875E+3	-6,539898E-5	3,996875E+3	1,189239E-3	3,996875E+3	-1,359539E-4	3,996875E+3	1,342209E-3	3,996875E+3	-1,603588E-4	3,996875E+3	1,416511E-3
3,998437E+3	-5,251958E-5	3,998437E+3	1,346463E-3	3,998437E+3	-6,522678E-5	3,998437E+3	1,180230E-3	3,998437E+3	-1,472483E-4	3,998437E+3	1,305208E-3	3,998437E+3	-1,569719E-4	3,998437E+3	1,404137E-3
4,000000E+3	-5,178539E-5	4,000000E+3	1,350839E-3	4,000000E+3	-6,354219E-5	4,000000E+3	1,167534E-3	4,000000E+3	-1,353038E-4	4,000000E+3	1,255394E-3	4,000000E+3	-1,517664E-4	4,000000E+3	1,389838E-3
4,001562E+3	-5,138240E-5	4,001562E+3	1,354085E-3	4,001562E+3	-8,059798E-5	4,001562E+3	1,149210E-3	4,001562E+3	-1,349166E-4	4,001562E+3	1,252021E-3	4,001562E+3	-1,478028E-4	4,001562E+3	1,377101E-3
4,003125E+3	-5,073247E-5	4,003125E+3	1,357682E-3	4,003125E+3	-9,293302E-5	4,003125E+3	1,132690E-3	4,003125E+3	-1,326738E-4	4,003125E+3	1,246839E-3	4,003125E+3	-1,421908E-4	4,003125E+3	1,362515E-3
4,004687E+3	-6,180082E-5	4,004687E+3	1,361242E-3	4,004687E+3	-9,350510E-5	4,004687E+3	1,125953E-3	4,004687E+3	-1,319852E-4	4,004687E+3	1,240314E-3	4,004687E+3	-1,381564E-4	4,004687E+3	1,349473E-3
4,006250E+3	-7,081714E-5	4,006250E+3	1,366763E-3	4,006250E+3	-9,316631E-5	4,006250E+3	1,116713E-3	4,006250E+3	-1,291104E-4	4,006250E+3	1,231554E-3	4,006250E+3	-1,326739E-4	4,006250E+3	1,334663E-3
4,007812E+3	-7,195832E-5	4,007812E+3	1,369563E-3	4,007812E+3	-9,361979E-5	4,007812E+3	1,110287E-3	4,007812E+3	-1,291475E-4	4,007812E+3	1,221322E-3	4,007812E+3	-1,286490E-4	4,007812E+3	1,321524E-3
4,009375E+3	-7,263653E-5	4,009375E+3	1,372977E-3	4,009375E+3	-9,337363E-5	4,009375E+3	1,101693E-3	4,009375E+3	-1,269028E-4	4,009375E+3	1,208063E-3	4,009375E+3	-1,233717E-4	4,009375E+3	1,306724E-3
4,010937E+3	-7,409591E-5	4,010937E+3	1,374908E-3	4,010937E+3	-9,326194E-5	4,010937E+3	1,097084E-3	4,010937E+3	-1,264444E-4	4,010937E+3	1,200151E-3	4,010937E+3	-1,189540E-4	4,010937E+3	1,294987E-3
4,012500E+3	-7,490741E-5	4,012500E+3	1,377543E-3	4,012500E+3	-9,260897E-5	4,012500E+3	1,090842E-3	4,012500E+3	-1,244992E-4	4,012500E+3	1,189941E-3	4,012500E+3	-1,135179E-4	4,012500E+3	1,281870E-3
4,014062E+3	-3,120264E-4	4,014062E+3	1,125266E-3	4,014062E+3	-9,213534E-5	4,014062E+3	1,088063E-3	4,014062E+3	-1,528610E-4	4,014062E+3	1,171023E-3	4,014062E+3	-1,092756E-4	4,014062E+3	1,273984E-3
4,015625E+3	-7,654079E-5	4,015625E+3	1,077612E-3	4,015625E+3	-9,124798E-5	4,015625E+3	1,084051E-3	4,015625E+3	-1,739952E-4	4,015625E+3	1,154094E-3	4,015625E+3	-1,043726E-4	4,015625E+3	1,265137E-3
4,017187E+3	-7,629227E-5	4,017187E+3	1,088565E-3	4,017187E+3	-9,058452E-5	4,017187E+3	1,079909E-3	4,017187E+3	-1,733878E-4	4,017187E+3	1,151160E-3	4,017187E+3	-1,481073E-4	4,017187E+3	1,268508E-3
4,018750E+3	-7,576841E-5	4,018750E+3	1,099048E-3	4,018750E+3	-8,951126E-5	4,018750E+3	1,074489E-3	4,018750E+3	-1,719713E-4	4,018750E+3	1,146782E-3	4,018750E+3	-1,829714E-4	4,018750E+3	1,270737E-3
4,020312E+3	-8,373550E-5	4,020312E+3	1,094265E-3	4,020312E+3	-8,873512E-5	4,020312E+3	1,066153E-3	4,020312E+3	-1,708833E-4	4,020312E+3	1,142594E-3	4,020312E+3	-1,795273E-4	4,020312E+3	1,264386E-3
4,021875E+3	-8,949246E-5	4,021875E+3	1,092156E-3	4,021875E+3	-8,746163E-5	4,021875E+3	1,056144E-3	4,021875E+3	-1,689807E-4	4,021875E+3	1,136981E-3	4,021875E+3	-1,754890E-4	4,021875E+3	1,257109E-3
4,023437E+3	-8,982393E-5	4,023437E+3	1,102397E-3	4,023437E+3	-8,637699E-5	4,023437E+3	1,050542E-3	4,023437E+3	-1,677881E-4	4,023437E+3	1,130562E-3	4,023437E+3	-1,714935E-4	4,023437E+3	1,247462E-3
4,025000E+3	-8,988742E-5	4,025000E+3	1,112273E-3	4,025000E+3	-8,492783E-5	4,025000E+3	1,043734E-3	4,025000E+3	-1,657218E-4	4,025000E+3	1,122571E-3	4,025000E+3	-1,667811E-4	4,025000E+3	1,236738E-3
4,026562E+3	-9,642220E-5	4,026562E+3	1,079709E-3	4,026562E+3	-1,021171E-4	4,026562E+3	1,003560E-3	4,026562E+3	-1,815108E-4	4,026562E+3	1,092947E-3	4,026562E+3	-1,627578E-4	4,026562E+3	1,227574E-3
4,028125E+3	-8,924778E-5	4,028125E+3	1,021229E-3	4,028125E+3	-1,126761E-4	4,028125E+3	9,729586E-4	4,028125E+3	-1,928566E-4	4,028125E+3	1,066056E-3	4,028125E+3	-1,581061E-4	4,028125E+3	1,217474E-3
4,029687E+3	-8,933519E-5	4,029687E+3	1,024461E-3	4,029687E+3	-1,122450E-4	4,029687E+3	9,719992E-4	4,029687E+3	-1,921640E-4	4,029687E+3	1,062812E-3	4,029687E+3	-1,752960E-4	4,029687E+3	1,190218E-3
4,031250E+3	-8,893803E-5	4,031250E+3	1,026672E-3	4,031250E+3	-1,115443E-4	4,031250E+3	9,703887E-4	4,031250E+3	-1,908869E-4	4,031250E+3	1,058497E-3	4,031250E+3	-1,876950E-4	4,031250E+3	1,166931E-3
4,032812E+3	-8,887832E-5	4,032812E+3	1,029933E-3	4,032812E+3	-1,103085E-4	4,032812E+3	9,685818E-4	4,032812E+3	-1,898786E-4	4,032812E+3	1,056049E-3	4,032812E+3	-1,850286E-4	4,032812E+3	1,163770E-3
4,034375E+3	-8,839920E-5	4,034375E+3	1,032284E-3	4,034375E+3	-1,088178E-4	4,034375E+3	9,661633E-4	4,034375E+3	-1,883792E-4	4,034375E+3	1,052730E-3	4,034375E+3	-1,819591E-4	4,034375E+3	1,160082E-3
4,035937E+3	-8,829285E-5	4,035937E+3	1,032303E-3	4,035937E+3	-1,071435E-4	4,035937E+3	9,643090E-4	4,035937E+3	-1,871438E-4	4,035937E+3	1,050792E-3	4,035937E+3	-1,792484E-4	4,035937E+3	1,156160E-3
4,037500E+3	-8,768570E-5	4,037500E+3	1,031101E-3	4,037500E+3	-1,052106E-4	4,037500E+3	9,618988E-4	4,037500E+3	-1,854880E-4	4,037500E+3	1,048149E-3	4,037500E+3	-1,761590E-4	4,037500E+3	1,151745E-3
4,039062E+3	-8,750494E-5	4,039062E+3	1,023082E-3	4,039062E+3	-1,029926E-4	4,039062E+3	9,583562E-4	4,039062E+3	-1,840345E-4	4,039062E+3	1,045888E-3	4,039062E+3	-1,730422E-4	4,039062E+3	1,145591E-3
4,040625E+3	-8,642272E-5	4,040625E+3	1,012553E-3	4,040625E+3	-1,004888E-4	4,040625E+3	9,542200E-4	4,040625E+3	-1,821848E-4	4,040625E+3	1,043014E-3	4,040625E+3	-1,695039E-4	4,040625E+3	1,138924E-3
4,042187E+3	-8,546143E-5	4,042187E+3	1,007197E-3	4,042187E+3	-9,860438E-5	4,042187E+3	9,530965E-4	4,042187E+3	-1,805307E-4	4,042187E+3	1,041428E-3	4,042187E+3	-1,558383E-4	4,042187E+3	1,100833E-3
4,043750E+3	-8,389992E-5	4,043750E+3	1,000233E-3	4,043750E+3	-9,650774E-5	4,043750E+3	9,515302E-4	4,043750E+3	-1,785493E-4	4,043750E+3	1,039391E-3	4,043750E+3	-1,393470E-4	4,043750E+3	1,060737E-3
4,045312E+3	-8,263187E-5	4,045312E+3	9,975242E-4	4,045312E+3	-9,489824E-5	4,045312E+3	9,514103E-4	4,045312E+3	-1,763747E-4	4,045312E+3	1,037870E-3	4,045312E+3	-1,361303E-4	4,045312E+3	1,060464E-3
4,046875E+3	-8,095903E-5	4,046875E+3	9,937163E-4	4,046875E+3	-9,310066E-5	4,046875E+3	9,509084E-4	4,046875E+3	-1,738911E-4	4,046875E+3	1,035957E-3	4,046875E+3	-1,327245E-4	4,046875E+3	1,060069E-3
4,048437E+3	-7,935759E-5	4,048437E+3	9,904921E-4	4,048437E+3	-9,171376E-5	4,048437E+3	9,510742E-4	4,048437E+3	-1,715976E-4	4,048437E+3	1,035086E-3	4,048437E+3	-1,291014E-4	4,048437E+3	1,058312E-3
4,050000E+3	-7,734869E-5	4,050000E+3	9,861820E-4	4,050000E+3	-9,017047E-5	4,050000E+3	9,509085E-4	4,050000E+3	-1,690426E-4	4,050000E+3	1,033873E-3	4,050000E+3	-1,252991E-4	4,050000E+3	1,056458E-3
4,051562E+3	-7,585789E-5	4,051562E+3	9,837527E-4	4,051562E+3	-8,299277E-5	4,051562E+3	9,218985E-4	4,051562E+3	-1,667907E-4	4,051562E+3	1,034052E-3	4,051562E+3	-1,213885E-4	4,051562E+3	1,054688E-3
4,053125E+3	-7,400772E-5	4,053125E+3	9,803861E-4	4,053125E+3	-7,430289E-5	4,053125E+3	8,907912E-4	4,053125E+3	-1,642920E-4	4,053125E+3	1,033866E-3	4,053125E+3	-1,173126E-4	4,053125E+3	1,052796E-3
4,054687E+3	-7,307553E-5	4,054687E+3	9,803953E-4	4,054687E+3	-7,295149E-5	4,054687E+3	8,936136E-4	4,054687E+3	-1,621966E-4	4,054687E+3	1,032948E-3	4,054687E+3	-1,136116E-4	4,054687E+3	1,052246E-3
4,056250E+3	-7,189167E-5	4,056250E+3	9,797254E-4	4,056250E+3	-7,147362E-5	4,056250E+3	8,962393E-4	4,056250E+3	-1,598232E-4	4,056250E+3	1,031640E-3	4,056250E+3	-1,097631E-4	4,056250E+3	1,051553E-3
4,057812E+3	-7,131569E-5	4,057812E+3	9,810802E-4	4,057812E+3	-6,969567E-5	4,057812E+3	8,977267E-4	4,057812E+3	-1,580099E-4	4,057812E+3	1,030136E-3	4,057812E+3	-1,065192E-4	4,057812E+3	1,052310E-3
4,059375E+3	-7,052420E-5	4,059375E+3	9,818798E-4	4,059375E+3	-6,778892E-5	4,059375E+3	8,990388E-4	4,059375E+3	-1,558932E-4	4,059375E+3	1,028232E-3	4,059375E+3	-1,031334E-4	4,059375E+3	1,052915E-3
4,060937E+3	-7,007515E-5	4,060937E+3	9,833417E-4	4,060937E+3	-6,615416E-5	4,060937E+3	9,006541E-4	4,060937E+3	-1,494195E-4	4,060937E+3	1,004648E-3	4,060937E+3	-1,001882E-4	4,060937E+3	1,052829E-3
4,062500E+3	-6,940373E-5	4,062500E+3	9,843060E-4	4,062500E+3	-6,439406E-5	4,062500E+3	9,021223E-4	4,062500E+3	-1,412505E-4	4,062500E+3	9,797246E-4	4,062500E+3	-9,707619E-5	4,062500E+3	1,052604E-3
4,064062E+3	-6,901035E-5	4,064062E+3	9,858593E-4	4,064062E+3	-6,311980E-5	4,064062E+3	9,049001E-4	4,064062E+3	-1,398965E-4	4,064062E+3	9,824469E-4	4,064062E+3	-9,461657E-5	4,064062E+3	1,052152E-3
4,065625E+3	-6,837732E-5	4,065625E+3	9,869673E-4	4,065625E+3	-6,171809E-5	4,065625E+3	9,075500E-4	4,065625E+3	-1,382988E-4	4,065625E+3	9,849748E-4	4,065625E+3	-9,196347E-5	4,065625E+3	1,051583E-3
4,067187E+3	-6,833579E-5	4,067187E+3	9,881632E-4	4,067187E+3	-6,049255E-5	4,067187E+3	9,115888E-4	4,067187E+3	-1,373171E-4	4,067187E+3	9,876404E-4	4,067187E+3	-9,015695E-5	4,067187E+3	1,052599E-3
4,068750E+3	-6,803080E-5	4,068750E+3	9,889576E-4	4,068750E+3	-5,915543E-5	4,068750E+3	9,155381E-4	4,068750E+3	-1,360634E-4	4,068750E+3	9,901417E-4	4,068750E+3	-8,814493E-5	4,068750E+3	1,053504E-3
4,070312E+3	-6,853266E-5	4,070312E+3	9,894698E-4	4,070312E+3	-5,814665E-5	4,070312E+3	9,191552E-4	4,070312E+3	-1,353508E-4	4,070312E+3	9,920212E-4	4,070312E+3	-8,693457E-5	4,070312E+3	1,054044E-3
4,071875E+3	-6,873565E-5	4,071875E+3	9,896448E-4	4,071875E+3	-5,700096E-5	4,071875E+3	9,226982E-4	4,071875E+3	-1,343181E-4	4,071875E+3	9,938048E-4	4,071875E+3	-8,547772E-5	4,071875E+3	1,054544E-3
4,073437E+3	-6,936954E-5	4,073437E+3	9,892887E-4	4,073437E+3	-5,647609E-5	4,073437E+3	9,251940E-4	4,073437E+3	-1,339614E-4	4,073437E+3	9,949301E-4	4,073437E+3	-8,454596E-5	4,073437E+3	1,054389E-3
4,075000E+3	-6,965005E-5	4,075000E+3	9,886419E-4	4,075000E+3	-5,577410E-5	4,075000E+3	9,276382E-4	4,075000E+3	-1,332362E-4	4,075000E+3	9,960283E-4	4,075000E+3	-8,331499E-5	4,075000E+3	1,054264E-3
4,076562E+3	-7,033624E-5	4,076562E+3	9,870925E-4	4,076562E+3	-5,631821E-5	4,076562E+3	9,319062E-4	4,076562E+3	-1,331172E-4	4,076562E+3	9,973400E-4	4,076562E+3	-8,263354E-5	4,076562E+3	1,054979E-3
4,078125E+3	-7,060239E-5	4,078125E+3	9,853606E-4	4,078125E+3	-5,665212E-5	4,078125E+3	9,361317E-4	4,078125E+3	-1,325979E-4	4,078125E+3	9,986794E-4	4,078125E+3	-8,161835E-5	4,078125E+3	1,055730E-3
4,079687E+3	-6,588083E-5	4,079687E+3	9,585383E-4	4,079687E+3	-5,782139E-5	4,079687E+3	9,414092E-4	4,079687E+3	-1,605614E-4	4,079687E+3	9,021395E-4	4,079687E+3	-8,136464E-5	4,079687E+3	1,056064E-3
4,081250E+3	-5,952883E-5	4,081250E+3	9,303681E-4	4,081250E+3	-5,872504E-5	4,081250E+3	9,466005E-4	4,081250E+3	-1,614002E-4	4,081250E+3	8,701814E-4	4,081250E+3	-8,070222E-5	4,081250E+3	1,056554E-3
4,082812E+3	-4,740369E-5	4,082812E+3	9,179537E-4	4,082812E+3	-4,924078E-5	4,082812E+3	9,222431E-4	4,082812E+3	-1,593759E-4	4,082812E+3	8,739163E-4	4,082812E+3	-8,031031E-5	4,082812E+3	1,055844E-3
4,084375E+3	-3,996660E-5	4,084375E+3	9,093074E-4	4,084375E+3	-4,382433E-5	4,084375E+3	9,051581E-4	4,084375E+3	-1,569671E-4	4,084375E+3	8,779864E-4	4,084375E+3	-7,945081E-5	4,084375E+3	1,055425E-3
4,085937E+3	-5,929341E-5	4,085937E+3	8,462196E-4	4,085937E+3	-7,334496E-5	4,085937E+3	8,054586E-4	4,085937E+3	-1,549349E-4	4,085937E+3	8,822557E-4	4,085937E+3	-9,457883E-5	4,085937E+3	9,589971E-4
4,087500E+3	-5,149879E-5	4,087500E+3	8,304851E-4	4,087500E+3	-5,525986E-5	4,087500E+3	7,856322E-4	4,087500E+3	-1,524803E-4	4,087500E+3	8,868033E-4	4,087500E+3	-8,942002E-5	4,087500E+3	9,307022E-4
4,089062E+3	-5,036202E-5	4,089062E+3	8,339008E-4	4,089062E+3	-5,415167E-5	4,089062E+3	7,911026E-4	4,089062E+3	-1,505551E-4	4,089062E+3	8,917117E-4	4,089062E+3	-8,697268E-5	4,089062E+3	9,350977E-4
4,090625E+3	-4,889058E-5	4,090625E+3	8,374688E-4	4,090625E+3	-5,241875E-5	4,090625E+3	7,969338E-4	4,090625E+3	-1,481913E-4	4,090625E+3	8,968571E-4	4,090625E+3	-8,426764E-5	4,090625E+3	9,397669E-4
4,092187E+3	-4,779438E-5	4,092187E+3	8,420278E-4	4,092187E+3	-5,140109E-5	4,092187E+3	8,028569E-4	4,092187E+3	-1,460129E-4	4,092187E+3	9,021017E-4	4,092187E+3	-8,147254E-5	4,092187E+3	9,447423E-4
4,093750E+3	-4,635219E-5	4,093750E+3	8,467654E-4	4,093750E+3	-4,977772E-5	4,093750E+3	8,089934E-4	4,093750E+3	-1,433934E-4	4,093750E+3	9,075869E-4	4,093750E+3	-7,845779E-5	4,093750E+3	9,499565E-4
4,095312E+3	-4,516233E-5	4,095312E+3	8,522714E-4	4,095312E+3	-4,878205E-5	4,095312E+3	8,150074E-4	4,095312E+3	-1,410731E-4	4,095312E+3	9,131342E-4	4,095312E+3	-7,541353E-5	4,095312E+3	9,553705E-4
4,096875E+3	-4,362098E-5	4,096875E+3	8,579385E-4	4,096875E+3	-4,720841E-5	4,096875E+3	8,211687E-4	4,096875E+3	-1,383099E-4	4,096875E+3	9,188400E-4	4,096875E+3	-7,218657E-5	4,096875E+3	9,610151E-4
4,098437E+3	-4,247536E-5	4,098437E+3	8,640758E-4	4,098437E+3	-4,619258E-5	4,098437E+3	8,285313E-4	4,098437E+3	-1,358100E-4	4,098437E+3	9,244976E-4	4,098437E+3	-6,924415E-5	4,098437E+3	9,671227E-4
4,100000E+3	-4,099411E-5	4,100000E+3	8,702956E-4	4,100000E+3	-4,467410E-5	4,100000E+3	8,359476E-4	4,100000E+3	-1,328554E-4	4,100000E+3	9,302726E-4	4,100000E+3	-6,613525E-5	4,100000E+3	9,733955E-4
4,101562E+3	-3,958124E-5	4,101562E+3	8,763129E-4	4,101562E+3	-4,320751E-5	4,101562E+3	8,438226E-4	4,101562E+3	-1,301168E-4	4,101562E+3	9,357573E-4	4,101562E+3	-6,299286E-5	4,101562E+3	9,785793E-4
4,103125E+3	-3,781557E-5	4,103125E+3	8,824627E-4	4,103125E+3	-4,133647E-5	4,103125E+3	8,517241E-4	4,103125E+3	-1,268937E-4	4,103125E+3	9,414134E-4	4,103125E+3	-5,969347E-5	4,103125E+3	9,840024E-4
4,104687E+3	-3,639040E-5	4,104687E+3	8,891109E-4	4,104687E+3	-3,953394E-5	4,104687E+3	8,595382E-4	4,104687E+3	-1,246776E-4	4,104687E+3	9,476111E-4	4,104687E+3	-5,614467E-5	4,104687E+3	9,888869E-4
4,106250E+3	-3,463249E-5	4,106250E+3	8,958483E-4	4,106250E+3	-3,745144E-5	4,106250E+3	8,673704E-4	4,106250E+3	-1,219286E-4	4,106250E+3	9,538312E-4	4,106250E+3	-5,246938E-5	4,106250E+3	9,940958E-4
4,107812E+3	-3,318813E-5	4,107812E+3	9,031609E-4	4,107812E+3	-3,195187E-5	4,107812E+3	8,512636E-4	4,107812E+3	-1,194689E-4	4,107812E+3	9,594561E-4	4,107812E+3	-4,512151E-5	4,107812E+3	9,863395E-4
4,109375E+3	-3,143109E-5	4,109375E+3	9,105179E-4	4,109375E+3	-2,594207E-5	4,109375E+3	8,389946E-4	4,109375E+3	-1,163904E-4	4,109375E+3	9,651402E-4	4,109375E+3	-3,782348E-5	4,109375E+3	9,815144E-4
4,110937E+3	-3,001376E-5	4,110937E+3	9,176825E-4	4,110937E+3	-2,508533E-5	4,110937E+3	8,541632E-4	4,110937E+3	-1,140781E-4	4,110937E+3	9,703643E-4	4,110937E+3	-1,142798E-4	4,110937E+3	9,721273E-4
4,112500E+3	-2,828484E-5	4,112500E+3	9,248738E-4	4,112500E+3	-2,401053E-5	4,112500E+3	8,690406E-4	4,112500E+3	-1,110249E-4	4,112500E+3	9,755833E-4	4,112500E+3	-7,275318E-5	4,112500E+3	8,744254E-4
4,114062E+3	-5,874966E-5	4,114062E+3	9,146441E-4	4,114062E+3	-5,385694E-5	4,114062E+3	8,562938E-4	4,114062E+3	-1,549731E-4	4,114062E+3	9,726050E-4	4,114062E+3	-7,289570E-5	4,114062E+3	8,840188E-4
4,115625E+3	-4,467816E-5	4,115625E+3	8,392755E-4	4,115625E+3	-4,327031E-5	4,115625E+3	7,730981E-4	4,115625E+3	-1,489676E-4	4,115625E+3	8,891428E-4	4,115625E+3	-7,266559E-5	4,115625E+3	8,927598E-4
4,117187E+3	-4,454863E-5	4,117187E+3	8,408962E-4	4,117187E+3	-4,395671E-5	4,117187E+3	7,786742E-4	4,117187E+3	-1,506988E-4	4,117187E+3	8,875986E-4	4,117187E+3	-7,341836E-5	4,117187E+3	8,988596E-4
4,118750E+3	-4,402586E-5	4,118750E+3	8,415786E-4	4,118750E+3	-4,412598E-5	4,118750E+3	7,826779E-4	4,118750E+3	-1,520036E-4	4,118750E+3	8,832770E-4	4,118750E+3	-7,363439E-5	4,118750E+3	9,035756E-4
4,120312E+3	-4,425225E-5	4,120312E+3	8,403156E-4	4,120312E+3	-4,510867E-5	4,120312E+3	7,862284E-4	4,120312E+3	-1,529485E-4	4,120312E+3	8,824521E-4	4,120312E+3	-7,463468E-5	4,120312E+3	9,068881E-4
4,121875E+3	-4,391694E-5	4,121875E+3	8,373256E-4	4,121875E+3	-4,560861E-5	4,121875E+3	7,880242E-4	4,121875E+3	-1,536990E-4	4,121875E+3	8,796248E-4	4,121875E+3	-7,506319E-5	4,121875E+3	9,084553E-4
4,123437E+3	-4,426822E-5	4,123437E+3	8,357369E-4	4,123437E+3	-4,711156E-5	4,123437E+3	7,889284E-4	4,123437E+3	-1,546311E-4	4,123437E+3	8,782640E-4	4,123437E+3	-7,623218E-5	4,123437E+3	9,099362E-4
4,125000E+3	-4,416963E-5	4,125000E+3	8,324776E-4	4,125000E+3	-4,821269E-5	4,125000E+3	7,877784E-4	4,125000E+3	-1,554977E-4	4,125000E+3	8,750885E-4	4,125000E+3	-7,688946E-5	4,125000E+3	9,095592E-4
4,126562E+3	-4,508545E-5	4,126562E+3	8,288731E-4	4,126562E+3	-4,989653E-5	4,126562E+3	7,868185E-4	4,126562E+3	-1,568408E-4	4,126562E+3	8,721122E-4	4,126562E+3	-7,847890E-5	4,126562E+3	9,089550E-4
4,128125E+3	-4,566847E-5	4,128125E+3	8,234769E-4	4,128125E+3	-5,124406E-5	4,128125E+3	7,837555E-4	4,128125E+3	-1,581936E-4	4,128125E+3	8,672898E-4	4,128125E+3	-7,966954E-5	4,128125E+3	9,063590E-4
4,129687E+3	-4,669363E-5	4,129687E+3	8,197150E-4	4,129687E+3	-5,226601E-5	4,129687E+3	7,845735E-4	4,129687E+3	-1,592126E-4	4,129687E+3	8,646837E-4	4,129687E+3	-7,385921E-5	4,129687E+3	8,869423E-4
4,131250E+3	-4,749416E-5	4,131250E+3	8,144067E-4	4,131250E+3	-5,305320E-5	4,131250E+3	7,839617E-4	4,131250E+3	-1,602388E-4	4,131250E+3	8,605996E-4	4,131250E+3	-6,853434E-5	4,131250E+3	8,717185E-4
4,132812E+3	-4,791929E-5	4,132812E+3	8,122058E-4	4,132812E+3	-4,658884E-5	4,132812E+3	7,597880E-4	4,132812E+3	-1,604195E-4	4,132812E+3	8,597794E-4	4,132812E+3	-6,974691E-5	4,132812E+3	8,712821E-4
4,134375E+3	-4,815030E-5	4,134375E+3	8,088878E-4	4,134375E+3	-4,030914E-5	4,134375E+3	7,441797E-4	4,134375E+3	-1,605909E-4	4,134375E+3	8,579820E-4	4,134375E+3	-7,063031E-5	4,134375E+3	8,693760E-4
4,135937E+3	-4,808986E-5	4,135937E+3	8,090422E-4	4,135937E+3	-4,103166E-5	4,135937E+3	7,474292E-4	4,135937E+3	-1,601203E-4	4,135937E+3	8,592444E-4	4,135937E+3	-7,134099E-5	4,135937E+3	8,707816E-4
4,137500E+3	-4,788802E-5	4,137500E+3	8,085128E-4	4,137500E+3	-4,154868E-5	4,137500E+3	7,497612E-4	4,137500E+3	-1,596536E-4	4,137500E+3	8,598947E-4	4,137500E+3	-7,180735E-5	4,137500E+3	8,711822E-4
4,139062E+3	-4,784879E-5	4,139062E+3	8,090489E-4	4,139062E+3	-4,231343E-5	4,139062E+3	7,533666E-4	4,139062E+3	-1,591422E-4	4,139062E+3	8,623660E-4	4,139062E+3	-7,236575E-5	4,139062E+3	8,734401E-4
4,140625E+3	-4,771237E-5	4,140625E+3	8,091404E-4	4,140625E+3	-4,291427E-5	4,140625E+3	7,561909E-4	4,140625E+3	-1,586677E-4	4,140625E+3	8,644079E-4	4,140625E+3	-7,272646E-5	4,140625E+3	8,749008E-4
4,142187E+3	-4,823424E-5	4,142187E+3	8,086153E-4	4,142187E+3	-4,408247E-5	4,142187E+3	7,581130E-4	4,142187E+3	-1,585668E-4	4,142187E+3	8,640483E-4	4,142187E+3	-7,333570E-5	4,142187E+3	8,766228E-4
4,143750E+3	-4,867529E-5	4,143750E+3	8,076136E-4	4,143750E+3	-4,509952E-5	4,143750E+3	7,591953E-4	4,143750E+3	-1,584837E-4	4,143750E+3	8,630747E-4	4,143750E+3	-7,377191E-5	4,143750E+3	8,775796E-4
4,145312E+3	-4,723517E-5	4,145312E+3	7,969588E-4	4,145312E+3	-4,589981E-5	4,145312E+3	7,596312E-4	4,145312E+3	-1,589140E-4	4,145312E+3	8,592885E-4	4,145312E+3	-7,482433E-5	4,145312E+3	8,760476E-4
4,146875E+3	-4,576831E-5	4,146875E+3	7,876320E-4	4,146875E+3	-4,654222E-5	4,146875E+3	7,592273E-4	4,146875E+3	-1,593495E-4	4,146875E+3	8,546446E-4	4,146875E+3	-7,568867E-5	4,146875E+3	8,735412E-4
4,148437E+3	-4,631599E-5	4,148437E+3	7,903694E-4	4,148437E+3	-4,722973E-5	4,148437E+3	7,604860E-4	4,148437E+3	-1,598821E-4	4,148437E+3	8,534930E-4	4,148437E+3	-7,355073E-5	4,148437E+3	8,708508E-4
4,150000E+3	-4,674032E-5	4,150000E+3	7,923760E-4	4,150000E+3	-4,778303E-5	4,150000E+3	7,610669E-4	4,150000E+3	-1,604894E-4	4,150000E+3	8,518251E-4	4,150000E+3	-7,188582E-5	4,150000E+3	8,674867E-4
4,151562E+3	-4,648218E-5	4,151562E+3	7,966827E-4	4,151562E+3	-4,841970E-5	4,151562E+3	7,623489E-4	4,151562E+3	-1,612993E-4	4,151562E+3	8,542078E-4	4,151562E+3	-7,227599E-5	4,151562E+3	8,673050E-4
4,153125E+3	-4,609986E-5	4,153125E+3	8,004496E-4	4,153125E+3	-4,894099E-5	4,153125E+3	7,630406E-4	4,153125E+3	-1,621550E-4	4,153125E+3	8,561556E-4	4,153125E+3	-7,251995E-5	4,153125E+3	8,665024E-4
4,154687E+3	-4,617625E-5	4,154687E+3	8,034454E-4	4,154687E+3	-5,002709E-5	4,154687E+3	7,619241E-4	4,154687E+3	-1,628717E-4	4,154687E+3	8,589151E-4	4,154687E+3	-7,336738E-5	4,154687E+3	8,668810E-4
4,156250E+3	-4,614198E-5	4,156250E+3	8,058883E-4	4,156250E+3	-5,099063E-5	4,156250E+3	7,601433E-4	4,156250E+3	-1,636014E-4	4,156250E+3	8,612596E-4	4,156250E+3	-7,411729E-5	4,156250E+3	8,667382E-4
4,157812E+3	-4,727671E-5	4,157812E+3	8,064165E-4	4,157812E+3	-4,894353E-5	4,157812E+3	7,554282E-4	4,157812E+3	-1,601229E-4	4,157812E+3	8,567091E-4	4,157812E+3	-7,538314E-5	4,157812E+3	8,654258E-4
4,159375E+3	-4,833987E-5	4,159375E+3	8,063154E-4	4,159375E+3	-4,770075E-5	4,159375E+3	7,514019E-4	4,159375E+3	-1,573153E-4	4,159375E+3	8,538300E-4	4,159375E+3	-7,655647E-5	4,159375E+3	8,635685E-4
4,160937E+3	-4,601905E-5	4,160937E+3	7,986521E-4	4,160937E+3	-4,835896E-5	4,160937E+3	7,533064E-4	4,160937E+3	-1,580875E-4	4,160937E+3	8,536044E-4	4,160937E+3	-7,748509E-5	4,160937E+3	8,611147E-4
4,162500E+3	-4,425237E-5	4,162500E+3	7,940497E-4	4,162500E+3	-4,893497E-5	4,162500E+3	7,548146E-4	4,162500E+3	-1,587515E-4	4,162500E+3	8,527720E-4	4,162500E+3	-7,830668E-5	4,162500E+3	8,581532E-4
4,164062E+3	-4,510120E-5	4,164062E+3	7,968045E-4	4,164062E+3	-4,975621E-5	4,164062E+3	7,579641E-4	4,164062E+3	-1,594894E-4	4,164062E+3	8,538150E-4	4,164062E+3	-7,824505E-5	4,164062E+3	8,567431E-4
4,165625E+3	-4,585892E-5	4,165625E+3	7,990968E-4	4,165625E+3	-5,051567E-5	4,165625E+3	7,608113E-4	4,165625E+3	-1,601424E-4	4,165625E+3	8,543887E-4	4,165625E+3	-7,807434E-5	4,165625E+3	8,549653E-4
4,167187E+3	-4,628995E-5	4,167187E+3	8,026399E-4	4,167187E+3	-5,173557E-5	4,167187E+3	7,629541E-4	4,167187E+3	-1,602894E-4	4,167187E+3	8,567838E-4	4,167187E+3	-7,780053E-5	4,167187E+3	8,557695E-4
4,168750E+3	-4,662730E-5	4,168750E+3	8,058060E-4	4,168750E+3	-5,289326E-5	4,168750E+3	7,648055E-4	4,168750E+3	-1,603582E-4	4,168750E+3	8,588293E-4	4,168750E+3	-7,744978E-5	4,168750E+3	8,563356E-4
4,170312E+3	-4,702290E-5	4,170312E+3	8,085861E-4	4,170312E+3	-5,087231E-5	4,170312E+3	7,228527E-4	4,170312E+3	-1,598574E-4	4,170312E+3	8,602608E-4	4,170312E+3	-7,753774E-5	4,170312E+3	8,563964E-4
4,171875E+3	-4,732281E-5	4,171875E+3	8,110075E-4	4,171875E+3	-4,745054E-5	4,171875E+3	6,781126E-4	4,171875E+3	-1,592646E-4	4,171875E+3	8,613694E-4	4,171875E+3	-7,754808E-5	4,171875E+3	8,562382E-4
4,173437E+3	-4,497828E-5	4,173437E+3	7,703455E-4	4,173437E+3	-4,738607E-5	4,173437E+3	6,755641E-4	4,173437E+3	-1,586721E-4	4,173437E+3	8,639706E-4	4,173437E+3	-7,806086E-5	4,173437E+3	8,547298E-4
4,175000E+3	-4,111117E-5	4,175000E+3	7,267866E-4	4,175000E+3	-4,719441E-5	4,175000E+3	6,727767E-4	4,175000E+3	-1,580050E-4	4,175000E+3	8,663234E-4	4,175000E+3	-7,849237E-5	4,175000E+3	8,530125E-4
4,176562E+3	-4,151087E-5	4,176562E+3	7,286760E-4	4,176562E+3	-4,704129E-5	4,176562E+3	6,703850E-4	4,176562E+3	-1,525302E-4	4,176562E+3	8,316767E-4	4,176562E+3	-7,595682E-5	4,176562E+3	8,059729E-4
4,178125E+3	-4,182142E-5	4,178125E+3	7,303196E-4	4,178125E+3	-4,676544E-5	4,178125E+3	6,678078E-4	4,178125E+3	-1,467432E-4	4,178125E+3	7,952554E-4	4,178125E+3	-7,178765E-5	4,178125E+3	7,564398E-4
4,179687E+3	-4,199804E-5	4,179687E+3	7,314788E-4	4,179687E+3	-4,683588E-5	4,179687E+3	6,676167E-4	4,179687E+3	-1,462152E-4	4,179687E+3	7,960650E-4	4,179687E+3	-7,126335E-5	4,179687E+3	7,565536E-4
4,181250E+3	-4,208448E-5	4,181250E+3	7,324184E-4	4,181250E+3	-4,681852E-5	4,181250E+3	6,673092E-4	4,181250E+3	-1,456082E-4	4,181250E+3	7,967024E-4	4,181250E+3	-7,068520E-5	4,181250E+3	7,566264E-4
4,182812E+3	-4,182050E-5	4,182812E+3	7,309436E-4	4,182812E+3	-4,676442E-5	4,182812E+3	6,673723E-4	4,182812E+3	-1,451066E-4	4,182812E+3	7,945164E-4	4,182812E+3	-6,948835E-5	4,182812E+3	7,556189E-4
4,184375E+3	-4,144374E-5	4,184375E+3	7,292445E-4	4,184375E+3	-4,662980E-5	4,184375E+3	6,673617E-4	4,184375E+3	-1,444963E-4	4,184375E+3	7,921556E-4	4,184375E+3	-6,825256E-5	4,184375E+3	7,546025E-4
4,185937E+3	-3,837637E-5	4,185937E+3	7,321012E-4	4,185937E+3	-4,664139E-5	4,185937E+3	6,675248E-4	4,185937E+3	-1,438019E-4	4,185937E+3	7,889626E-4	4,185937E+3	-6,704257E-5	4,185937E+3	7,520462E-4
4,187500E+3	-3,692798E-5	4,187500E+3	7,342384E-4	4,187500E+3	-4,658189E-5	4,187500E+3	6,676519E-4	4,187500E+3	-1,429901E-4	4,187500E+3	7,856302E-4	4,187500E+3	-6,582217E-5	4,187500E+3	7,495003E-4
4,189062E+3	-3,716716E-5	4,189062E+3	7,310877E-4	4,189062E+3	-4,639794E-5	4,189062E+3	6,684825E-4	4,189062E+3	-1,418587E-4	4,189062E+3	7,849114E-4	4,189062E+3	-6,500446E-5	4,189062E+3	7,444259E-4
4,190625E+3	-3,733629E-5	4,190625E+3	7,277737E-4	4,190625E+3	-4,616237E-5	4,190625E+3	6,693091E-4	4,190625E+3	-1,406506E-4	4,190625E+3	7,841236E-4	4,190625E+3	-6,423107E-5	4,190625E+3	7,393799E-4
4,192187E+3	-3,826282E-5	4,192187E+3	7,256107E-4	4,192187E+3	-4,599565E-5	4,192187E+3	6,670943E-4	4,192187E+3	-1,393874E-4	4,192187E+3	7,840106E-4	4,192187E+3	-6,427760E-5	4,192187E+3	7,385377E-4
4,193750E+3	-3,913673E-5	4,193750E+3	7,233386E-4	4,193750E+3	-4,575708E-5	4,193750E+3	6,648937E-4	4,193750E+3	-1,380721E-4	4,193750E+3	7,838680E-4	4,193750E+3	-6,452477E-5	4,193750E+3	7,377784E-4
4,195312E+3	-4,018504E-5	4,195312E+3	7,210996E-4	4,195312E+3	-4,586104E-5	4,195312E+3	6,607747E-4	4,195312E+3	-1,375322E-4	4,195312E+3	7,837876E-4	4,195312E+3	-6,441489E-5	4,195312E+3	7,406373E-4
4,196875E+3	-4,117364E-5	4,196875E+3	7,188014E-4	4,196875E+3	-4,589939E-5	4,196875E+3	6,567038E-4	4,196875E+3	-1,369604E-4	4,196875E+3	7,837032E-4	4,196875E+3	-6,473158E-5	4,196875E+3	7,436981E-4
4,198437E+3	-4,242045E-5	4,198437E+3	7,174874E-4	4,198437E+3	-4,618924E-5	4,198437E+3	6,532796E-4	4,198437E+3	-1,371017E-4	4,198437E+3	7,823631E-4	4,198437E+3	-6,429939E-5	4,198437E+3	7,479843E-4
4,200000E+3	-4,360465E-5	4,200000E+3	7,161556E-4	4,200000E+3	-4,645165E-5	4,200000E+3	6,499436E-4	4,200000E+3	-1,372208E-4	4,200000E+3	7,810428E-4	4,200000E+3	-6,454815E-5	4,200000E+3	7,528036E-4
4,201562E+3	-4,423084E-5	4,201562E+3	7,160910E-4	4,201562E+3	-4,644442E-5	4,201562E+3	6,476288E-4	4,201562E+3	-1,370581E-4	4,201562E+3	7,801480E-4	4,201562E+3	-6,415915E-5	4,201562E+3	7,536769E-4
4,203125E+3	-4,479310E-5	4,203125E+3	7,160426E-4	4,203125E+3	-4,645491E-5	4,203125E+3	6,454315E-4	4,203125E+3	-1,368903E-4	4,203125E+3	7,793041E-4	4,203125E+3	-6,512418E-5	4,203125E+3	7,561868E-4
4,204687E+3	-4,491688E-5	4,204687E+3	7,144538E-4	4,204687E+3	-4,655774E-5	4,204687E+3	6,409237E-4	4,204687E+3	-1,362405E-4	4,204687E+3	7,771271E-4	4,204687E+3	-6,625062E-5	4,204687E+3	7,400683E-4
4,206250E+3	-4,496712E-5	4,206250E+3	7,129254E-4	4,206250E+3	-4,672148E-5	4,206250E+3	6,365915E-4	4,206250E+3	-1,356003E-4	4,206250E+3	7,750428E-4	4,206250E+3	-6,736153E-5	4,206250E+3	7,248458E-4
4,207812E+3	-4,552711E-5	4,207812E+3	7,075024E-4	4,207812E+3	-4,685421E-5	4,207812E+3	6,339528E-4	4,207812E+3	-1,344349E-4	4,207812E+3	7,705190E-4	4,207812E+3	-6,751672E-5	4,207812E+3	7,176007E-4
4,209375E+3	-4,598241E-5	4,209375E+3	7,022186E-4	4,209375E+3	-4,720082E-5	4,209375E+3	6,314869E-4	4,209375E+3	-1,332903E-4	4,209375E+3	7,661559E-4	4,209375E+3	-6,754443E-5	4,209375E+3	7,109102E-4
4,210937E+3	-4,691324E-5	4,210937E+3	6,985861E-4	4,210937E+3	-4,198869E-5	4,210937E+3	6,364551E-4	4,210937E+3	-1,323610E-4	4,210937E+3	7,634020E-4	4,210937E+3	-6,694385E-5	4,210937E+3	7,120076E-4
4,212500E+3	-4,774257E-5	4,212500E+3	6,951026E-4	4,212500E+3	-4,757802E-5	4,212500E+3	6,443444E-4	4,212500E+3	-1,315125E-4	4,212500E+3	7,608157E-4	4,212500E+3	-6,627215E-5	4,212500E+3	7,134669E-4
4,214062E+3	-4,845633E-5	4,214062E+3	6,949198E-4	4,214062E+3	-4,769118E-5	4,214062E+3	6,462610E-4	4,214062E+3	-1,308063E-4	4,214062E+3	7,608519E-4	4,214062E+3	-6,591382E-5	4,214062E+3	7,161261E-4
4,215625E+3	-4,908949E-5	4,215625E+3	6,948600E-4	4,215625E+3	-4,803443E-5	4,215625E+3	6,489372E-4	4,215625E+3	-1,302755E-4	4,215625E+3	7,610358E-4	4,215625E+3	-6,547158E-5	4,215625E+3	7,191332E-4
4,217187E+3	-4,935402E-5	4,217187E+3	6,944962E-4	4,217187E+3	-4,806492E-5	4,217187E+3	6,503082E-4	4,217187E+3	-1,295309E-4	4,217187E+3	7,629285E-4	4,217187E+3	-6,698525E-5	4,217187E+3	7,226001E-4
4,218750E+3	-4,954192E-5	4,218750E+3	6,942827E-4	4,218750E+3	-4,807398E-5	4,218750E+3	6,521033E-4	4,218750E+3	-1,290826E-4	4,218750E+3	7,649788E-4	4,218750E+3	-6,963554E-5	4,218750E+3	7,277669E-4
4,220312E+3	-4,955532E-5	4,220312E+3	6,933065E-4	4,220312E+3	-4,806355E-5	4,220312E+3	6,521943E-4	4,220312E+3	-1,280360E-4	4,220312E+3	7,670969E-4	4,220312E+3	-6,955707E-5	4,220312E+3	7,292714E-4
4,221875E+3	-4,949116E-5	4,221875E+3	6,925216E-4	4,221875E+3	-4,798680E-5	4,221875E+3	6,527260E-4	4,221875E+3	-1,274619E-4	4,221875E+3	7,694571E-4	4,221875E+3	-6,937710E-5	4,221875E+3	7,312029E-4
4,223437E+3	-4,949967E-5	4,223437E+3	6,899961E-4	4,223437E+3	-4,801888E-5	4,223437E+3	6,505043E-4	4,223437E+3	-1,263403E-4	4,223437E+3	7,706896E-4	4,223437E+3	-6,906481E-5	4,223437E+3	7,319953E-4
4,225000E+3	-4,942875E-5	4,225000E+3	6,877201E-4	4,225000E+3	-4,794233E-5	4,225000E+3	6,488107E-4	4,225000E+3	-1,259842E-4	4,225000E+3	7,723711E-4	4,225000E+3	-6,864346E-5	4,225000E+3	7,332938E-4
4,226562E+3	-4,948145E-5	4,226562E+3	6,796989E-4	4,226562E+3	-4,779593E-5	4,226562E+3	6,425091E-4	4,226562E+3	-1,250540E-4	4,226562E+3	7,716042E-4	4,226562E+3	-6,911844E-5	4,226562E+3	7,325903E-4
4,228125E+3	-4,941293E-5	4,228125E+3	6,721363E-4	4,228125E+3	-4,747373E-5	4,228125E+3	6,369035E-4	4,228125E+3	-1,250878E-4	4,228125E+3	7,716794E-4	4,228125E+3	-6,963550E-5	4,228125E+3	7,327420E-4
4,229687E+3	-4,962850E-5	4,229687E+3	6,607737E-4	4,229687E+3	-4,799759E-5	4,229687E+3	6,349946E-4	4,229687E+3	-1,244278E-4	4,229687E+3	7,680934E-4	4,229687E+3	-7,046576E-5	4,229687E+3	7,317240E-4
4,231250E+3	-4,971018E-5	4,231250E+3	6,500457E-4	4,231250E+3	-5,294232E-5	4,231250E+3	6,429414E-4	4,231250E+3	-1,250450E-4	4,231250E+3	7,660020E-4	4,231250E+3	-7,134686E-5	4,231250E+3	7,314994E-4
4,232812E+3	-2,522465E-5	4,232812E+3	6,774564E-4	4,232812E+3	-5,307143E-5	4,232812E+3	6,302361E-4	4,232812E+3	-1,247720E-4	4,232812E+3	7,631530E-4	4,232812E+3	-7,146970E-5	4,232812E+3	7,327078E-4
4,234375E+3	-5,756040E-5	4,234375E+3	6,837476E-4	4,234375E+3	-5,293026E-5	4,234375E+3	6,188301E-4	4,234375E+3	-1,269387E-4	4,234375E+3	7,631653E-4	4,234375E+3	-7,150336E-5	4,234375E+3	7,345199E-4
4,235937E+3	-5,778115E-5	4,235937E+3	6,682405E-4	4,235937E+3	-5,205236E-5	4,235937E+3	6,183237E-4	4,235937E+3	-1,265318E-4	4,235937E+3	7,598713E-4	4,235937E+3	-7,175107E-5	4,235937E+3	7,280281E-4
4,237500E+3	-5,784437E-5	4,237500E+3	6,540311E-4	4,237500E+3	-5,107462E-5	4,237500E+3	6,185240E-4	4,237500E+3	-1,265690E-4	4,237500E+3	7,580014E-4	4,237500E+3	-7,177973E-5	4,237500E+3	7,226024E-4
4,239062E+3	-5,732130E-5	4,239062E+3	6,526012E-4	4,239062E+3	-5,031411E-5	4,239062E+3	6,315704E-4	4,239062E+3	-1,256747E-4	4,239062E+3	7,563690E-4	4,239062E+3	-7,014544E-5	4,239062E+3	6,941430E-4
4,240625E+3	-5,680566E-5	4,240625E+3	6,518915E-4	4,240625E+3	-4,950980E-5	4,240625E+3	6,447861E-4	4,240625E+3	-1,247953E-4	4,240625E+3	7,556120E-4	4,240625E+3	-6,812086E-5	4,240625E+3	6,688311E-4
4,242187E+3	-5,662680E-5	4,242187E+3	6,647975E-4	4,242187E+3	-4,884213E-5	4,242187E+3	6,607524E-4	4,242187E+3	-1,237360E-4	4,242187E+3	7,542940E-4	4,242187E+3	-6,887179E-5	4,242187E+3	6,846073E-4
4,243750E+3	-5,648802E-5	4,243750E+3	6,779690E-4	4,243750E+3	-4,812896E-5	4,243750E+3	6,767965E-4	4,243750E+3	-1,226271E-4	4,243750E+3	7,537952E-4	4,243750E+3	-6,971398E-5	4,243750E+3	7,005682E-4
4,245312E+3	-5,596042E-5	4,245312E+3	6,927433E-4	4,245312E+3	-4,720329E-5	4,245312E+3	6,928223E-4	4,245312E+3	-1,212705E-4	4,245312E+3	7,513085E-4	4,245312E+3	-7,033742E-5	4,245312E+3	7,172395E-4
4,246875E+3	-5,545602E-5	4,246875E+3	7,077405E-4	4,246875E+3	-4,623405E-5	4,246875E+3	7,089158E-4	4,246875E+3	-1,198246E-4	4,246875E+3	7,497036E-4	4,246875E+3	-7,099233E-5	4,246875E+3	7,339933E-4
4,248437E+3	-5,499354E-5	4,248437E+3	7,234405E-4	4,248437E+3	-4,729186E-5	4,248437E+3	7,272239E-4	4,248437E+3	-1,183870E-4	4,248437E+3	7,460549E-4	4,248437E+3	-7,130662E-5	4,248437E+3	7,503190E-4
4,250000E+3	-5,453231E-5	4,250000E+3	7,393337E-4	4,250000E+3	-4,873863E-5	4,250000E+3	7,466214E-4	4,250000E+3	-1,168415E-4	4,250000E+3	7,434124E-4	4,250000E+3	-7,162885E-5	4,250000E+3	7,667177E-4
4,251562E+3	-5,352340E-5	4,251562E+3	7,542309E-4	4,251562E+3	-5,059605E-5	4,251562E+3	7,638268E-4	4,251562E+3	-1,154512E-4	4,251562E+3	7,431660E-4	4,251562E+3	-7,171172E-5	4,251562E+3	7,824991E-4
4,253125E+3	-5,248467E-5	4,253125E+3	7,693246E-4	4,253125E+3	-5,294025E-5	4,253125E+3	7,820032E-4	4,253125E+3	-1,140180E-4	4,253125E+3	7,438710E-4	4,253125E+3	-7,179656E-5	4,253125E+3	7,983665E-4
4,254687E+3	-5,152096E-5	4,254687E+3	7,842631E-4	4,254687E+3	-5,265166E-5	4,254687E+3	7,966973E-4	4,254687E+3	-1,135141E-4	4,254687E+3	7,550823E-4	4,254687E+3	-7,168799E-5	4,254687E+3	8,134845E-4
4,256250E+3	-5,053259E-5	4,256250E+3	7,994118E-4	4,256250E+3	-5,234394E-5	4,256250E+3	8,116289E-4	4,256250E+3	-1,131570E-4	4,256250E+3	7,670036E-4	4,256250E+3	-7,158106E-5	4,256250E+3	8,287136E-4
4,257812E+3	-4,918376E-5	4,257812E+3	8,127020E-4	4,257812E+3	-5,595092E-5	4,257812E+3	7,323699E-4	4,257812E+3	-1,172721E-4	4,257812E+3	7,893570E-4	4,257812E+3	-7,391635E-5	4,257812E+3	8,356178E-4
4,259375E+3	-4,783143E-5	4,259375E+3	8,262758E-4	4,259375E+3	-5,631620E-5	4,259375E+3	6,661994E-4	4,259375E+3	-1,243928E-4	4,259375E+3	8,154318E-4	4,259375E+3	-7,631155E-5	4,259375E+3	8,423771E-4
4,260937E+3	-5,437021E-5	4,260937E+3	6,970584E-4	4,260937E+3	-7,606788E-5	4,260937E+3	4,548599E-4	4,260937E+3	-1,197012E-4	4,260937E+3	5,274184E-4	4,260937E+3	-7,698925E-5	4,260937E+3	8,524804E-4
4,262500E+3	-5,457302E-5	4,262500E+3	5,912969E-4	4,262500E+3	-6,939258E-5	4,262500E+3	3,216500E-4	4,262500E+3	-9,317393E-5	4,262500E+3	3,497558E-4	4,262500E+3	-7,764548E-5	4,262500E+3	8,628083E-4
4,264062E+3	-7,864639E-5	4,264062E+3	4,053511E-4	4,264062E+3	-3,040096E-5	4,264062E+3	3,025315E-4	4,264062E+3	-9,558920E-5	4,264062E+3	3,557235E-4	4,264062E+3	-1,002142E-4	4,264062E+3	5,801651E-4
4,265625E+3	-8,607075E-5	4,265625E+3	3,111609E-4	4,265625E+3	-5,174580E-8	4,265625E+3	2,876727E-4	4,265625E+3	-9,755894E-5	4,265625E+3	3,627265E-4	4,265625E+3	-8,452460E-5	4,265625E+3	4,208624E-4
4,267187E+3	-5,081862E-5	4,267187E+3	2,830575E-4	4,267187E+3	-2,887418E-6	4,267187E+3	3,038366E-4	4,267187E+3	-9,982850E-5	4,267187E+3	3,733313E-4	4,267187E+3	-9,039328E-5	4,267187E+3	2,776673E-4
4,268750E+3	-2,471379E-5	4,268750E+3	2,661356E-4	4,268750E+3	-5,598350E-6	4,268750E+3	3,204885E-4	4,268750E+3	-1,018354E-4	4,268750E+3	3,847710E-4	4,268750E+3	-7,449052E-5	4,268750E+3	2,037708E-4
4,270312E+3	-2,481066E-5	4,270312E+3	2,861818E-4	4,270312E+3	-8,014558E-6	4,270312E+3	3,383275E-4	4,270312E+3	-1,047283E-4	4,270312E+3	3,986648E-4	4,270312E+3	-7,608163E-5	4,270312E+3	2,382813E-4
4,271875E+3	-2,488824E-5	4,271875E+3	3,066236E-4	4,271875E+3	-1,030729E-5	4,271875E+3	3,565241E-4	4,271875E+3	-1,075314E-4	4,271875E+3	4,133956E-4	4,271875E+3	-7,723989E-5	4,271875E+3	2,733406E-4
4,273437E+3	-2,397061E-5	4,273437E+3	3,261982E-4	4,273437E+3	-1,379925E-5	4,273437E+3	3,695667E-4	4,273437E+3	-1,107099E-4	4,273437E+3	4,289206E-4	4,273437E+3	-7,769307E-5	4,273437E+3	3,031052E-4
4,275000E+3	-2,303742E-5	4,275000E+3	3,461109E-4	4,275000E+3	-1,739515E-5	4,275000E+3	3,830956E-4	4,275000E+3	-1,137744E-4	4,275000E+3	4,451096E-4	4,275000E+3	-7,784541E-5	4,275000E+3	3,330390E-4
4,276562E+3	-2,178372E-5	4,276562E+3	3,655739E-4	4,276562E+3	-1,952486E-5	4,276562E+3	4,005133E-4	4,276562E+3	-8,684046E-5	4,276562E+3	4,521561E-4	4,276562E+3	-7,599845E-5	4,276562E+3	3,578641E-4
4,278125E+3	-2,052272E-5	4,278125E+3	3,853981E-4	4,278125E+3	-2,159058E-5	4,278125E+3	4,182821E-4	4,278125E+3	-6,321191E-5	4,278125E+3	4,598274E-4	4,278125E+3	-7,403133E-5	4,278125E+3	3,825998E-4
4,279687E+3	-1,939669E-5	4,279687E+3	4,050035E-4	4,279687E+3	-2,395058E-5	4,279687E+3	4,346299E-4	4,279687E+3	-6,090073E-5	4,279687E+3	4,725186E-4	4,279687E+3	-7,075384E-5	4,279687E+3	4,046368E-4
4,281250E+3	-1,826140E-5	4,281250E+3	4,250382E-4	4,281250E+3	-2,624946E-5	4,281250E+3	4,513287E-4	4,281250E+3	-5,876044E-5	4,281250E+3	4,861421E-4	4,281250E+3	-6,753967E-5	4,281250E+3	4,265847E-4
4,282812E+3	-1,847162E-5	4,282812E+3	4,468508E-4	4,282812E+3	-2,861738E-5	4,282812E+3	4,667938E-4	4,282812E+3	-5,864642E-5	4,282812E+3	5,007679E-4	4,282812E+3	-6,377342E-5	4,282812E+3	4,455979E-4
4,284375E+3	-1,888465E-5	4,284375E+3	4,697649E-4	4,284375E+3	-3,090747E-5	4,284375E+3	4,825968E-4	4,284375E+3	-5,851735E-5	4,284375E+3	5,161440E-4	4,284375E+3	-6,021635E-5	4,284375E+3	4,646663E-4
4,285937E+3	-2,718333E-5	4,285937E+3	3,049442E-4	4,285937E+3	-3,675003E-5	4,285937E+3	3,433189E-4	4,285937E+3	-6,384084E-5	4,285937E+3	5,294584E-4	4,285937E+3	-5,731863E-5	4,285937E+3	4,799178E-4
4,287500E+3	-9,741705E-6	4,287500E+3	2,366781E-4	4,287500E+3	-2,047974E-5	4,287500E+3	2,892733E-4	4,287500E+3	-6,972569E-5	4,287500E+3	5,438561E-4	4,287500E+3	-5,465169E-5	4,287500E+3	4,954656E-4
4,289062E+3	-5,914897E-6	4,289062E+3	2,427112E-4	4,289062E+3	-1,822733E-5	4,289062E+3	2,961159E-4	4,289062E+3	-7,275245E-5	4,289062E+3	5,602939E-4	4,289062E+3	-5,352961E-5	4,289062E+3	5,067394E-4
4,290625E+3	-2,059832E-6	4,290625E+3	2,524288E-4	4,290625E+3	-1,565229E-5	4,290625E+3	3,058033E-4	4,290625E+3	-7,568532E-5	4,290625E+3	5,773098E-4	4,290625E+3	-5,250352E-5	4,290625E+3	5,185211E-4
4,292187E+3	-2,672658E-6	4,292187E+3	2,579907E-4	4,292187E+3	-1,670511E-5	4,292187E+3	3,120255E-4	4,292187E+3	-7,828699E-5	4,292187E+3	5,942855E-4	4,292187E+3	-5,216149E-5	4,292187E+3	5,283500E-4
4,293750E+3	-1,749895E-6	4,293750E+3	2,674451E-4	4,293750E+3	-1,623137E-5	4,293750E+3	3,212735E-4	4,293750E+3	-8,076876E-5	4,293750E+3	6,117444E-4	4,293750E+3	-5,183712E-5	4,293750E+3	5,388279E-4
4,295312E+3	-5,427091E-6	4,295312E+3	2,761914E-4	4,295312E+3	-1,983320E-5	4,295312E+3	3,296296E-4	4,295312E+3	-8,320835E-5	4,295312E+3	6,302404E-4	4,295312E+3	-5,257688E-5	4,295312E+3	5,497266E-4
4,296875E+3	-6,709502E-6	4,296875E+3	2,879832E-4	4,296875E+3	-2,142246E-5	4,296875E+3	3,399101E-4	4,296875E+3	-8,552103E-5	4,296875E+3	6,490822E-4	4,296875E+3	-5,319987E-5	4,296875E+3	5,612427E-4
4,298437E+3	-1,136557E-5	4,298437E+3	3,028872E-4	4,298437E+3	-2,563607E-5	4,298437E+3	3,518749E-4	4,298437E+3	-8,824087E-5	4,298437E+3	6,683395E-4	4,298437E+3	-5,457650E-5	4,298437E+3	5,725372E-4
4,300000E+3	-1,417579E-5	4,300000E+3	3,193622E-4	4,300000E+3	-2,843602E-5	4,300000E+3	3,646636E-4	4,300000E+3	-9,084066E-5	4,300000E+3	6,878806E-4	4,300000E+3	-5,576033E-5	4,300000E+3	5,844172E-4
4,301562E+3	-2,143351E-5	4,301562E+3	3,377667E-4	4,301562E+3	-3,195602E-5	4,301562E+3	3,796746E-4	4,301562E+3	-9,406803E-5	4,301562E+3	7,072610E-4	4,301562E+3	-5,718683E-5	4,301562E+3	5,942023E-4
4,303125E+3	-2,809374E-5	4,303125E+3	3,577741E-4	4,303125E+3	-3,464004E-5	4,303125E+3	3,951162E-4	4,303125E+3	-9,717944E-5	4,303125E+3	7,269112E-4	4,303125E+3	-5,840227E-5	4,303125E+3	6,046384E-4
4,304687E+3	-3,113155E-5	4,304687E+3	3,779843E-4	4,304687E+3	-3,747362E-5	4,304687E+3	4,120440E-4	4,304687E+3	-1,002964E-4	4,304687E+3	7,456908E-4	4,304687E+3	-6,107315E-5	4,304687E+3	6,140847E-4
4,306250E+3	-3,344304E-5	4,306250E+3	3,987783E-4	4,306250E+3	-3,978392E-5	4,306250E+3	4,292779E-4	4,306250E+3	-1,032924E-4	4,306250E+3	7,647687E-4	4,306250E+3	-6,342484E-5	4,306250E+3	6,240661E-4
4,307812E+3	-3,629501E-5	4,307812E+3	4,199552E-4	4,307812E+3	-4,220481E-5	4,307812E+3	4,460129E-4	4,307812E+3	-1,146536E-4	4,307812E+3	5,896276E-4	4,307812E+3	-6,620299E-5	4,307812E+3	6,336452E-4
4,309375E+3	-3,863915E-5	4,309375E+3	4,417266E-4	4,309375E+3	-4,422094E-5	4,309375E+3	4,630676E-4	4,309375E+3	-7,790444E-5	4,309375E+3	5,321185E-4	4,309375E+3	-6,865134E-5	4,309375E+3	6,437259E-4
4,310937E+3	-4,105484E-5	4,310937E+3	4,635930E-4	4,310937E+3	-4,643846E-5	4,310937E+3	4,793670E-4	4,310937E+3	-7,843215E-5	4,310937E+3	5,465324E-4	4,310937E+3	-7,101290E-5	4,310937E+3	6,534546E-4
4,312500E+3	-4,306195E-5	4,312500E+3	4,859501E-4	4,312500E+3	-4,827689E-5	4,312500E+3	4,960236E-4	4,312500E+3	-7,838986E-5	4,312500E+3	5,619396E-4	4,312500E+3	-7,305527E-5	4,312500E+3	6,636912E-4
4,314062E+3	-4,482382E-5	4,314062E+3	5,075824E-4	4,314062E+3	-5,036680E-5	4,314062E+3	5,113952E-4	4,314062E+3	-7,971953E-5	4,314062E+3	5,761537E-4	4,314062E+3	-1,033532E-4	4,314062E+3	5,597845E-4
4,315625E+3	-4,616809E-5	4,315625E+3	5,297091E-4	4,315625E+3	-5,199095E-5	4,315625E+3	5,271982E-4	4,315625E+3	-8,034468E-5	4,315625E+3	5,912263E-4	4,315625E+3	-6,269658E-5	4,315625E+3	5,409483E-4
4,317187E+3	-4,777237E-5	4,317187E+3	5,513577E-4	4,317187E+3	-5,385741E-5	4,317187E+3	5,406204E-4	4,317187E+3	-8,226368E-5	4,317187E+3	6,052709E-4	4,317187E+3	-6,497606E-5	4,317187E+3	5,500482E-4
4,318750E+3	-4,895361E-5	4,318750E+3	5,734331E-4	4,318750E+3	-5,496047E-5	4,318750E+3	5,546197E-4	4,318750E+3	-8,344679E-5	4,318750E+3	6,200349E-4	4,318750E+3	-6,638929E-5	4,318750E+3	5,595281E-4
4,320312E+3	-5,027709E-5	4,320312E+3	5,941711E-4	4,320312E+3	-5,652801E-5	4,320312E+3	5,674055E-4	4,320312E+3	-8,588990E-5	4,320312E+3	6,342781E-4	4,320312E+3	-6,877085E-5	4,320312E+3	5,691902E-4
4,321875E+3	-5,103993E-5	4,321875E+3	6,153808E-4	4,321875E+3	-5,688522E-5	4,321875E+3	5,807625E-4	4,321875E+3	-8,763676E-5	4,321875E+3	6,491030E-4	4,321875E+3	-7,048700E-5	4,321875E+3	5,791810E-4
4,323437E+3	-5,225165E-5	4,323437E+3	6,348035E-4	4,323437E+3	-5,823713E-5	4,323437E+3	5,943143E-4	4,323437E+3	-8,973617E-5	4,323437E+3	6,651324E-4	4,323437E+3	-7,274563E-5	4,323437E+3	5,903528E-4
