Sample 1 - Real_Frequency [Hz]	Normalized Characteristic Impedance	Sample 1 - Imag_Frequency [Hz]	Normalized Characteristic Impedance	Sample 2 - Real_Frequency [Hz]	Normalized Characteristic Impedance	Sample 2 - Imag_Frequency [Hz]	Normalized Characteristic Impedance	Sample 3 - Real_Frequency [Hz]	Normalized Characteristic Impedance	Sample 3 - Imag_Frequency [Hz]	Normalized Characteristic Impedance	Sample 4 - Real_Frequency [Hz]	Normalized Characteristic Impedance	Sample 4 - Imag_Frequency [Hz]	Normalized Characteristic Impedance	
3,000000E+2	9,219065E-1	3,000000E+2	1,343087E-1	3,000000E+2	1,132588E+0	3,000000E+2	2,267764E-1	3,000000E+2	1,143313E+0	3,000000E+2	2,602058E-1	3,000000E+2	2,473291E+0	3,000000E+2	-6,023473E-1
3,015625E+2	9,339529E-1	3,015625E+2	1,308607E-1	3,015625E+2	1,168522E+0	3,015625E+2	2,446105E-1	3,015625E+2	1,138829E+0	3,015625E+2	2,520916E-1	3,015625E+2	6,810632E-1	3,015625E+2	3,035444E-1
3,031250E+2	9,450246E-1	3,031250E+2	1,283382E-1	3,031250E+2	1,204217E+0	3,031250E+2	2,650890E-1	3,031250E+2	1,133689E+0	3,031250E+2	2,437085E-1	3,031250E+2	5,824849E-1	3,031250E+2	-1,520674E-2
3,046875E+2	9,689907E-1	3,046875E+2	1,200020E-1	3,046875E+2	8,490542E-1	3,046875E+2	1,760930E-1	3,046875E+2	6,271175E-1	3,046875E+2	1,668849E-1	3,046875E+2	5,775862E-1	3,046875E+2	-1,485516E-2
3,062500E+2	9,929561E-1	3,062500E+2	1,142891E-1	3,062500E+2	8,065368E-1	3,062500E+2	1,274255E-1	3,062500E+2	5,185081E-1	3,062500E+2	-2,574173E-2	3,062500E+2	5,726408E-1	3,062500E+2	-1,416925E-2
3,078125E+2	9,833329E-1	3,078125E+2	1,233992E-1	3,078125E+2	8,176968E-1	3,078125E+2	1,340537E-1	3,078125E+2	5,148775E-1	3,078125E+2	-2,791774E-2	3,078125E+2	5,687551E-1	3,078125E+2	-1,432093E-2
3,093750E+2	9,732536E-1	3,093750E+2	1,302918E-1	3,093750E+2	8,277469E-1	3,093750E+2	1,416817E-1	3,093750E+2	5,114865E-1	3,093750E+2	-2,996426E-2	3,093750E+2	5,648300E-1	3,093750E+2	-1,407992E-2
3,109375E+2	7,476941E-1	3,109375E+2	2,918745E-1	3,109375E+2	8,403060E-1	3,109375E+2	1,498460E-1	3,109375E+2	5,088924E-1	3,109375E+2	-3,255064E-2	3,109375E+2	5,614678E-1	3,109375E+2	-1,497078E-2
3,125000E+2	6,407251E-1	3,125000E+2	2,554273E-1	3,125000E+2	8,511748E-1	3,125000E+2	1,589421E-1	3,125000E+2	5,065446E-1	3,125000E+2	-3,494141E-2	3,125000E+2	5,581517E-1	3,125000E+2	-1,557413E-2
3,140625E+2	6,439650E-1	3,140625E+2	2,562071E-1	3,140625E+2	8,570839E-1	3,140625E+2	1,650116E-1	3,140625E+2	5,171586E-1	3,140625E+2	-1,653007E-1	3,140625E+2	6,027063E-1	3,140625E+2	-1,465973E-1
3,156250E+2	6,469916E-1	3,156250E+2	2,577146E-1	3,156250E+2	8,617383E-1	3,156250E+2	1,711783E-1	3,156250E+2	1,232520E+0	3,156250E+2	1,011629E-1	3,156250E+2	1,127930E+0	3,156250E+2	1,066770E-1
3,171875E+2	7,547258E-1	3,171875E+2	2,167980E-1	3,171875E+2	6,223224E-1	3,171875E+2	1,974183E-1	3,171875E+2	1,248807E+0	3,171875E+2	9,699696E-2	3,171875E+2	1,145236E+0	3,171875E+2	1,022073E-1
3,187500E+2	9,358753E-1	3,187500E+2	2,121626E-1	3,187500E+2	5,621398E-1	3,187500E+2	3,401094E-2	3,187500E+2	1,267606E+0	3,187500E+2	9,206275E-2	3,187500E+2	1,166170E+0	3,187500E+2	9,677414E-2
3,203125E+2	9,394589E-1	3,203125E+2	2,129273E-1	3,203125E+2	5,776491E-1	3,203125E+2	2,179457E-2	3,203125E+2	1,290216E+0	3,203125E+2	9,167713E-2	3,203125E+2	1,178615E+0	3,203125E+2	8,974872E-2
3,218750E+2	9,430474E-1	3,218750E+2	2,141361E-1	3,218750E+2	5,893922E-1	3,218750E+2	1,539668E-2	3,218750E+2	1,316244E+0	3,218750E+2	9,115067E-2	3,218750E+2	1,193424E+0	3,218750E+2	8,156916E-2
3,234375E+2	9,459426E-1	3,234375E+2	2,164294E-1	3,234375E+2	5,830300E-1	3,234375E+2	8,917581E-3	3,234375E+2	1,343286E+0	3,234375E+2	9,302456E-2	3,234375E+2	1,208460E+0	3,234375E+2	7,517508E-2
3,250000E+2	9,487114E-1	3,250000E+2	2,191223E-1	3,250000E+2	5,766436E-1	3,250000E+2	2,364022E-3	3,250000E+2	1,374417E+0	3,250000E+2	9,526244E-2	3,250000E+2	1,226069E+0	3,250000E+2	6,768308E-2
3,265625E+2	7,941450E-1	3,265625E+2	2,400632E-1	3,265625E+2	5,279722E-1	3,265625E+2	-1,786244E-1	3,265625E+2	1,395733E+0	3,265625E+2	9,293555E-2	3,265625E+2	1,228465E+0	3,265625E+2	5,932832E-2
3,281250E+2	7,033969E-1	3,281250E+2	1,878809E-1	3,281250E+2	1,252264E+0	3,281250E+2	1,866401E-1	3,281250E+2	1,419808E+0	3,281250E+2	9,020995E-2	3,281250E+2	1,231517E+0	3,281250E+2	5,016891E-2
3,296875E+2	8,340874E-1	3,296875E+2	1,472482E-1	3,296875E+2	1,269029E+0	3,296875E+2	2,078309E-1	3,296875E+2	1,439941E+0	3,296875E+2	8,636143E-2	3,296875E+2	1,237095E+0	3,296875E+2	4,422889E-2
3,312500E+2	1,052815E+0	3,312500E+2	3,525744E-1	3,312500E+2	1,286399E+0	3,312500E+2	2,348829E-1	3,312500E+2	1,462498E+0	3,312500E+2	8,192876E-2	3,312500E+2	1,243523E+0	3,312500E+2	3,763703E-2
3,328125E+2	1,047186E+0	3,328125E+2	3,914778E-1	3,328125E+2	1,303254E+0	3,328125E+2	2,456870E-1	3,328125E+2	1,472349E+0	3,328125E+2	7,372254E-2	3,328125E+2	1,237320E+0	3,328125E+2	3,300099E-2
3,343750E+2	1,033678E+0	3,343750E+2	4,290617E-1	3,343750E+2	1,322256E+0	3,343750E+2	2,587815E-1	3,343750E+2	1,483049E+0	3,343750E+2	6,467644E-2	3,343750E+2	1,231127E+0	3,343750E+2	2,814441E-2
3,359375E+2	1,035337E+0	3,359375E+2	4,350141E-1	3,359375E+2	1,337446E+0	3,359375E+2	2,648015E-1	3,359375E+2	1,486302E+0	3,359375E+2	5,654872E-2	3,359375E+2	1,218203E+0	3,359375E+2	2,592119E-2
3,375000E+2	1,036550E+0	3,375000E+2	4,415570E-1	3,375000E+2	1,354497E+0	3,375000E+2	2,719609E-1	3,375000E+2	1,489826E+0	3,375000E+2	4,784195E-2	3,375000E+2	1,205242E+0	3,375000E+2	2,365235E-2
3,390625E+2	1,039219E+0	3,390625E+2	4,481121E-1	3,390625E+2	1,367678E+0	3,390625E+2	2,755219E-1	3,390625E+2	1,474175E+0	3,390625E+2	3,648968E-2	3,390625E+2	1,194958E+0	3,390625E+2	2,431521E-2
3,406250E+2	1,041544E+0	3,406250E+2	4,553780E-1	3,406250E+2	1,382259E+0	3,406250E+2	2,795876E-1	3,406250E+2	1,458260E+0	3,406250E+2	2,527014E-2	3,406250E+2	1,184646E+0	3,406250E+2	2,491899E-2
3,421875E+2	1,044694E+0	3,421875E+2	4,623481E-1	3,421875E+2	1,391073E+0	3,421875E+2	2,763524E-1	3,421875E+2	1,440376E+0	3,421875E+2	1,993603E-2	3,421875E+2	1,168699E+0	3,421875E+2	2,626323E-2
3,437500E+2	1,047584E+0	3,437500E+2	4,700615E-1	3,437500E+2	1,400717E+0	3,437500E+2	2,728973E-1	3,437500E+2	1,422465E+0	3,437500E+2	1,464639E-2	3,437500E+2	1,152822E+0	3,437500E+2	2,749108E-2
3,453125E+2	1,050969E+0	3,453125E+2	4,777620E-1	3,453125E+2	1,406907E+0	3,453125E+2	2,710072E-1	3,453125E+2	1,389258E+0	3,453125E+2	8,840730E-3	3,453125E+2	1,138356E+0	3,453125E+2	3,009599E-2
3,468750E+2	1,054136E+0	3,468750E+2	4,862131E-1	3,468750E+2	1,413657E+0	3,468750E+2	2,690205E-1	3,468750E+2	1,356979E+0	3,468750E+2	3,393630E-3	3,468750E+2	1,123927E+0	3,468750E+2	3,256262E-2
3,484375E+2	1,057819E+0	3,484375E+2	4,941331E-1	3,484375E+2	1,412221E+0	3,484375E+2	2,601681E-1	3,484375E+2	1,328458E+0	3,484375E+2	3,756561E-3	3,484375E+2	1,109979E+0	3,484375E+2	3,579647E-2
3,500000E+2	1,061323E+0	3,500000E+2	5,027878E-1	3,500000E+2	1,410813E+0	3,500000E+2	2,509799E-1	3,500000E+2	1,300643E+0	3,500000E+2	4,000747E-3	3,500000E+2	1,096039E+0	3,500000E+2	3,887180E-2
3,515625E+2	1,065729E+0	3,515625E+2	5,099266E-1	3,515625E+2	1,397291E+0	3,515625E+2	2,380004E-1	3,515625E+2	1,272667E+0	3,515625E+2	6,814554E-3	3,515625E+2	1,083436E+0	3,515625E+2	4,259700E-2
3,531250E+2	1,070088E+0	3,531250E+2	5,177434E-1	3,531250E+2	1,383606E+0	3,531250E+2	2,249033E-1	3,531250E+2	1,245392E+0	3,531250E+2	9,302296E-3	3,531250E+2	1,070820E+0	3,531250E+2	4,617887E-2
3,546875E+2	8,621434E-1	3,546875E+2	1,727430E-1	3,546875E+2	1,330905E+0	3,546875E+2	1,896309E-1	3,546875E+2	1,214456E+0	3,546875E+2	1,228413E-2	3,546875E+2	1,058916E+0	3,546875E+2	4,991548E-2
3,562500E+2	6,724068E-1	3,562500E+2	7,688604E-3	3,562500E+2	1,280011E+0	3,562500E+2	1,579079E-1	3,562500E+2	1,184502E+0	3,562500E+2	1,480250E-2	3,562500E+2	1,046986E+0	3,562500E+2	5,353198E-2
3,578125E+2	6,673038E-1	3,578125E+2	6,793610E-3	3,578125E+2	9,463754E-1	3,578125E+2	1,089866E-1	3,578125E+2	1,154987E+0	3,578125E+2	1,807191E-2	3,578125E+2	1,038595E+0	3,578125E+2	5,815301E-2
3,593750E+2	6,621616E-1	3,593750E+2	5,853886E-3	3,593750E+2	7,465223E-1	3,593750E+2	8,470346E-2	3,593750E+2	1,126392E+0	3,593750E+2	2,084733E-2	3,593750E+2	1,030144E+0	3,593750E+2	6,275626E-2
3,609375E+2	8,714601E-1	3,609375E+2	1,978455E-2	3,609375E+2	9,284447E-1	3,609375E+2	1,064935E-1	3,609375E+2	1,105091E+0	3,609375E+2	2,769905E-2	3,609375E+2	6,595700E-1	3,609375E+2	1,273958E-1
3,625000E+2	1,172241E+0	3,625000E+2	7,885423E-1	3,625000E+2	1,687693E+0	3,625000E+2	2,322803E-1	3,625000E+2	1,084006E+0	3,625000E+2	3,398874E-2	3,625000E+2	4,814627E-1	3,625000E+2	1,068131E-1
3,640625E+2	1,174467E+0	3,640625E+2	7,977389E-1	3,640625E+2	1,723449E+0	3,640625E+2	2,632147E-1	3,640625E+2	1,057478E+0	3,640625E+2	3,597405E-2	3,640625E+2	4,814298E-1	3,640625E+2	1,051881E-1
3,656250E+2	1,176616E+0	3,656250E+2	8,075152E-1	3,656250E+2	1,760307E+0	3,656250E+2	2,986241E-1	3,656250E+2	1,031744E+0	3,656250E+2	3,755782E-2	3,656250E+2	4,814363E-1	3,656250E+2	1,035375E-1
3,671875E+2	1,176833E+0	3,671875E+2	8,180104E-1	3,671875E+2	1,788124E+0	3,671875E+2	3,281486E-1	3,671875E+2	1,012069E+0	3,671875E+2	4,169910E-2	3,671875E+2	4,812182E-1	3,671875E+2	1,018805E-1
3,687500E+2	1,176825E+0	3,687500E+2	8,290663E-1	3,687500E+2	1,816344E+0	3,687500E+2	3,609638E-1	3,687500E+2	9,926838E-1	3,687500E+2	4,543194E-2	3,687500E+2	4,810518E-1	3,687500E+2	1,001865E-1
3,703125E+2	1,176544E+0	3,703125E+2	8,401309E-1	3,703125E+2	1,839695E+0	3,703125E+2	3,849107E-1	3,703125E+2	9,774580E-1	3,703125E+2	4,987094E-2	3,703125E+2	4,809549E-1	3,703125E+2	9,891253E-2
3,718750E+2	1,175998E+0	3,718750E+2	8,517563E-1	3,718750E+2	1,863604E+0	3,718750E+2	4,110994E-1	3,718750E+2	9,623398E-1	3,718750E+2	5,403119E-2	3,718750E+2	4,809327E-1	3,718750E+2	9,761205E-2
3,734375E+2	1,170234E+0	3,734375E+2	8,684662E-1	3,734375E+2	1,879945E+0	3,734375E+2	4,338821E-1	3,734375E+2	9,476893E-1	3,734375E+2	5,543067E-2	3,734375E+2	4,811974E-1	3,734375E+2	9,633837E-2
3,750000E+2	1,163617E+0	3,750000E+2	8,855949E-1	3,750000E+2	1,896401E+0	3,750000E+2	4,582873E-1	3,750000E+2	9,332455E-1	3,750000E+2	5,668867E-2	3,750000E+2	4,815571E-1	3,750000E+2	9,501091E-2
3,765625E+2	1,156445E+0	3,765625E+2	9,041974E-1	3,765625E+2	1,908163E+0	3,765625E+2	4,804449E-1	3,765625E+2	9,171166E-1	3,765625E+2	6,691669E-2	3,765625E+2	4,824294E-1	3,765625E+2	9,364717E-2
3,781250E+2	1,148227E+0	3,781250E+2	9,231798E-1	3,781250E+2	1,919861E+0	3,781250E+2	5,038757E-1	3,781250E+2	9,738750E-1	3,781250E+2	9,823822E-2	3,781250E+2	4,834440E-1	3,781250E+2	9,220477E-2
3,796875E+2	1,145303E+0	3,796875E+2	9,434109E-1	3,796875E+2	1,930060E+0	3,796875E+2	5,109599E-1	3,796875E+2	9,623369E-1	3,796875E+2	9,511462E-2	3,796875E+2	6,263741E-1	3,796875E+2	1,288748E-1
3,812500E+2	1,141377E+0	3,812500E+2	9,645436E-1	3,812500E+2	1,940758E+0	3,812500E+2	5,184444E-1	3,812500E+2	9,511427E-1	3,812500E+2	9,207240E-2	3,812500E+2	1,125270E+0	3,812500E+2	-3,299255E-1
3,828125E+2	1,119446E+0	3,828125E+2	9,976992E-1	3,828125E+2	1,943712E+0	3,828125E+2	5,314850E-1	3,828125E+2	9,405973E-1	3,828125E+2	9,155105E-2	3,828125E+2	1,123388E+0	3,828125E+2	-3,391506E-1
3,843750E+2	1,094142E+0	3,843750E+2	1,029774E+0	3,843750E+2	1,946728E+0	3,843750E+2	5,449438E-1	3,843750E+2	9,303531E-1	3,843750E+2	9,099818E-2	3,843750E+2	1,121383E+0	3,843750E+2	-3,485181E-1
3,859375E+2	1,066542E+0	3,859375E+2	1,072457E+0	3,859375E+2	1,945159E+0	3,859375E+2	5,555148E-1	3,859375E+2	9,225738E-1	3,859375E+2	9,206561E-2	3,859375E+2	8,996232E-1	3,859375E+2	1,972402E-1
3,875000E+2	1,033135E+0	3,875000E+2	1,113478E+0	3,875000E+2	1,943655E+0	3,875000E+2	5,662880E-1	3,875000E+2	9,149732E-1	3,875000E+2	9,309372E-2	3,875000E+2	6,275250E-1	3,875000E+2	2,136354E-1
3,890625E+2	1,302305E+0	3,890625E+2	6,445934E-1	3,890625E+2	1,939651E+0	3,890625E+2	5,649960E-1	3,890625E+2	9,137966E-1	3,890625E+2	9,634204E-2	3,890625E+2	5,963965E-1	3,890625E+2	2,142461E-1
3,906250E+2	1,160641E+0	3,906250E+2	2,366748E-1	3,906250E+2	1,935909E+0	3,906250E+2	5,637994E-1	3,906250E+2	9,126669E-1	3,906250E+2	9,964881E-2	3,906250E+2	5,694252E-1	3,906250E+2	2,111732E-1
3,921875E+2	8,267356E-1	3,921875E+2	7,502558E-2	3,921875E+2	1,920933E+0	3,921875E+2	5,642974E-1	3,921875E+2	9,155649E-1	3,921875E+2	1,012999E-1	3,921875E+2	5,588760E-1	3,921875E+2	2,088272E-1
3,937500E+2	6,556910E-1	3,937500E+2	2,139618E-2	3,937500E+2	1,906386E+0	3,937500E+2	5,647976E-1	3,937500E+2	9,186069E-1	3,937500E+2	1,030186E-1	3,937500E+2	5,491365E-1	3,937500E+2	2,057152E-1
3,953125E+2	6,647869E-1	3,953125E+2	2,189577E-2	3,953125E+2	1,885950E+0	3,953125E+2	5,542010E-1	3,953125E+2	9,263714E-1	3,953125E+2	1,028236E-1	3,953125E+2	5,414801E-1	3,953125E+2	2,046030E-1
3,968750E+2	6,746753E-1	3,968750E+2	2,266793E-2	3,968750E+2	1,866206E+0	3,968750E+2	5,441095E-1	3,968750E+2	9,344825E-1	3,968750E+2	1,025774E-1	3,968750E+2	5,342802E-1	3,968750E+2	2,028263E-1
3,984375E+2	6,810067E-1	3,984375E+2	2,240917E-2	3,984375E+2	9,632478E-1	3,984375E+2	6,651638E-2	3,984375E+2	6,831000E-1	3,984375E+2	1,065933E-1	3,984375E+2	5,307027E-1	3,984375E+2	2,041354E-1
4,000000E+2	6,878270E-1	4,000000E+2	2,230626E-2	4,000000E+2	6,855380E-1	4,000000E+2	8,216004E-3	4,000000E+2	5,679881E-1	4,000000E+2	8,356164E-2	4,000000E+2	5,272872E-1	4,000000E+2	2,050483E-1
4,015625E+2	8,456182E-1	4,015625E+2	5,904609E-2	4,015625E+2	6,850721E-1	4,015625E+2	6,548293E-3	4,015625E+2	5,230240E-1	4,015625E+2	7,161628E-2	4,015625E+2	5,403294E-1	4,015625E+2	2,232368E-1
4,031250E+2	1,220897E+0	4,031250E+2	2,501695E-1	4,031250E+2	6,846336E-1	4,031250E+2	4,843954E-3	4,031250E+2	4,920662E-1	4,031250E+2	5,905825E-2	4,031250E+2	5,553155E-1	4,031250E+2	2,431417E-1
4,046875E+2	1,238693E+0	4,046875E+2	2,556467E-1	4,046875E+2	6,832539E-1	4,046875E+2	3,473253E-3	4,046875E+2	4,886065E-1	4,046875E+2	5,599927E-2	4,046875E+2	5,573242E-1	4,046875E+2	2,684332E-1
4,062500E+2	1,257559E+0	4,062500E+2	2,616368E-1	4,062500E+2	6,818956E-1	4,062500E+2	2,077702E-3	4,062500E+2	4,854763E-1	4,062500E+2	5,293901E-2	4,062500E+2	5,586252E-1	4,062500E+2	2,947108E-1
4,078125E+2	1,274553E+0	4,078125E+2	2,693635E-1	4,078125E+2	7,789622E-1	4,078125E+2	1,447040E-2	4,078125E+2	4,834680E-1	4,078125E+2	5,021114E-2	4,078125E+2	5,708607E-1	4,078125E+2	3,107234E-1
4,093750E+2	1,292460E+0	4,093750E+2	2,777943E-1	4,093750E+2	9,409034E-1	4,093750E+2	4,310064E-2	4,093750E+2	4,815995E-1	4,093750E+2	4,749799E-2	4,093750E+2	5,837174E-1	4,093750E+2	3,275156E-1
4,109375E+2	1,310674E+0	4,109375E+2	2,864081E-1	4,109375E+2	9,455628E-1	4,109375E+2	4,518995E-2	4,109375E+2	5,235036E-1	4,109375E+2	8,040245E-2	4,109375E+2	5,908316E-1	4,109375E+2	3,394272E-1
4,125000E+2	1,329875E+0	4,125000E+2	2,958011E-1	4,125000E+2	9,504316E-1	4,125000E+2	4,741255E-2	4,125000E+2	6,111429E-1	4,125000E+2	1,371055E-1	4,125000E+2	5,977203E-1	4,125000E+2	3,517135E-1
4,140625E+2	1,353398E+0	4,140625E+2	3,142206E-1	4,140625E+2	9,558092E-1	4,140625E+2	4,928451E-2	4,140625E+2	6,184257E-1	4,140625E+2	1,478688E-1	4,140625E+2	5,837557E-1	4,140625E+2	3,916939E-1
4,156250E+2	1,378090E+0	4,156250E+2	3,347604E-1	4,156250E+2	9,614548E-1	4,156250E+2	5,129462E-2	4,156250E+2	6,267824E-1	4,156250E+2	1,593578E-1	4,156250E+2	5,517092E-1	4,156250E+2	4,181104E-1
4,171875E+2	1,414268E+0	4,171875E+2	3,954893E-1	4,171875E+2	9,669165E-1	4,171875E+2	5,279724E-2	4,171875E+2	6,282719E-1	4,171875E+2	1,685230E-1	4,171875E+2	5,702450E-1	4,171875E+2	4,355168E-1
4,187500E+2	1,447060E+0	4,187500E+2	4,678344E-1	4,187500E+2	9,726527E-1	4,187500E+2	5,439865E-2	4,187500E+2	6,302381E-1	4,187500E+2	1,777330E-1	4,187500E+2	5,905585E-1	4,187500E+2	4,537415E-1
4,203125E+2	1,465099E+0	4,203125E+2	4,793864E-1	4,203125E+2	9,782123E-1	4,203125E+2	5,542367E-2	4,203125E+2	6,275411E-1	4,203125E+2	1,859941E-1	4,203125E+2	6,152660E-1	4,203125E+2	4,633866E-1
4,218750E+2	1,483990E+0	4,218750E+2	4,919151E-1	4,218750E+2	9,840551E-1	4,218750E+2	5,651938E-2	4,218750E+2	6,248547E-1	4,218750E+2	1,938723E-1	4,218750E+2	6,415640E-1	4,218750E+2	4,720844E-1
4,234375E+2	1,340377E+0	4,234375E+2	3,126533E-1	4,234375E+2	9,906989E-1	4,234375E+2	6,251990E-2	4,234375E+2	6,197080E-1	4,234375E+2	2,028348E-1	4,234375E+2	6,731385E-1	4,234375E+2	4,845052E-1
4,250000E+2	1,216571E+0	4,250000E+2	2,069865E-1	4,250000E+2	9,975704E-1	4,250000E+2	6,889370E-2	4,250000E+2	6,144595E-1	4,250000E+2	2,111087E-1	4,250000E+2	7,076813E-1	4,250000E+2	4,952449E-1
4,265625E+2	9,602310E-1	4,265625E+2	8,157438E-2	4,265625E+2	1,001040E+0	4,265625E+2	7,103743E-2	4,265625E+2	6,057030E-1	4,265625E+2	2,178198E-1	4,265625E+2	6,485904E-1	4,265625E+2	4,956230E-1
4,281250E+2	8,179636E-1	4,281250E+2	3,220233E-2	4,281250E+2	1,004693E+0	4,281250E+2	7,325715E-2	4,281250E+2	5,974432E-1	4,281250E+2	2,234215E-1	4,281250E+2	6,158747E-1	4,281250E+2	4,976174E-1
4,296875E+2	8,064383E-1	4,296875E+2	2,991373E-2	4,296875E+2	1,007221E+0	4,296875E+2	7,055063E-2	4,296875E+2	5,869690E-1	4,296875E+2	2,255647E-1	4,296875E+2	6,139646E-1	4,296875E+2	5,030462E-1
4,312500E+2	7,956101E-1	4,312500E+2	2,762257E-2	4,312500E+2	1,009922E+0	4,312500E+2	6,777532E-2	4,312500E+2	5,777368E-1	4,312500E+2	2,266029E-1	4,312500E+2	6,117937E-1	4,312500E+2	5,085766E-1
4,328125E+2	8,448308E-1	4,328125E+2	4,511948E-2	4,328125E+2	1,246268E+0	4,328125E+2	1,582709E-1	4,328125E+2	5,735791E-1	4,328125E+2	2,304112E-1	4,328125E+2	7,002143E-1	4,328125E+2	5,218480E-1
4,343750E+2	9,052920E-1	4,343750E+2	7,055792E-2	4,343750E+2	1,700062E+0	4,343750E+2	5,296494E-1	4,343750E+2	5,697770E-1	4,343750E+2	2,334173E-1	4,343750E+2	8,472205E-1	4,343750E+2	5,433345E-1
4,359375E+2	1,032048E+0	4,359375E+2	1,313409E-1	4,359375E+2	9,536219E-1	4,359375E+2	6,121013E-2	4,359375E+2	5,704261E-1	4,359375E+2	2,450835E-1	4,359375E+2	8,502522E-1	4,359375E+2	5,426934E-1
4,375000E+2	1,225987E+0	4,375000E+2	2,713819E-1	4,375000E+2	7,364943E-1	4,375000E+2	3,428682E-3	4,375000E+2	5,707044E-1	4,375000E+2	2,562032E-1	4,375000E+2	8,532863E-1	4,375000E+2	5,422083E-1
4,390625E+2	1,249954E+0	4,390625E+2	2,940671E-1	4,390625E+2	7,368658E-1	4,390625E+2	2,324812E-3	4,390625E+2	5,673097E-1	4,390625E+2	2,680046E-1	4,390625E+2	8,566813E-1	4,390625E+2	5,418130E-1
4,406250E+2	1,274830E+0	4,406250E+2	3,195043E-1	4,406250E+2	7,372967E-1	4,406250E+2	1,198051E-3	4,406250E+2	5,632596E-1	4,406250E+2	2,786041E-1	4,406250E+2	8,600873E-1	4,406250E+2	5,415892E-1
4,421875E+2	1,298862E+0	4,421875E+2	3,393257E-1	4,421875E+2	7,385259E-1	4,421875E+2	-5,335386E-4	4,421875E+2	5,594516E-1	4,421875E+2	2,882016E-1	4,421875E+2	8,654881E-1	4,421875E+2	5,414312E-1
4,437500E+2	1,324029E+0	4,437500E+2	3,612341E-1	4,437500E+2	7,398258E-1	4,437500E+2	-2,305322E-3	4,437500E+2	5,549885E-1	4,437500E+2	2,967099E-1	4,437500E+2	8,709447E-1	4,437500E+2	5,414433E-1
4,453125E+2	9,983745E-1	4,453125E+2	1,157219E-1	4,453125E+2	9,304697E-1	4,453125E+2	4,126586E-2	4,453125E+2	5,522771E-1	4,453125E+2	3,012915E-1	4,453125E+2	8,780938E-1	4,453125E+2	5,412823E-1
4,468750E+2	8,451845E-1	4,468750E+2	4,616747E-2	4,468750E+2	1,613457E+0	4,468750E+2	3,932486E-1	4,468750E+2	5,492557E-1	4,468750E+2	3,052025E-1	4,468750E+2	8,853557E-1	4,468750E+2	5,412918E-1
4,484375E+2	8,785512E-1	4,484375E+2	5,667149E-2	4,484375E+2	1,565829E+0	4,484375E+2	3,611304E-1	4,484375E+2	5,460970E-1	4,484375E+2	3,075957E-1	4,484375E+2	8,967055E-1	4,484375E+2	5,391223E-1
4,500000E+2	9,171701E-1	4,500000E+2	6,957734E-2	4,500000E+2	1,522640E+0	4,500000E+2	3,336885E-1	4,500000E+2	5,428062E-1	4,500000E+2	3,094161E-1	4,500000E+2	9,083135E-1	4,500000E+2	5,369620E-1
4,515625E+2	9,488485E-1	4,515625E+2	8,262362E-2	4,515625E+2	1,356943E+0	4,515625E+2	2,237618E-1	4,515625E+2	5,744092E-1	4,515625E+2	4,455872E-1	4,515625E+2	9,782635E-1	4,515625E+2	4,723484E-1
4,531250E+2	9,847220E-1	4,531250E+2	9,855341E-2	4,531250E+2	1,239608E+0	4,531250E+2	1,624554E-1	4,531250E+2	4,750335E-1	4,531250E+2	6,011317E-1	4,531250E+2	1,034527E+0	4,531250E+2	3,893343E-1
4,546875E+2	9,981381E-1	4,546875E+2	1,071234E-1	4,546875E+2	1,076038E+0	4,546875E+2	9,654920E-2	4,546875E+2	5,390704E-1	4,546875E+2	6,293874E-1	4,546875E+2	1,043479E+0	4,546875E+2	3,353121E-1
4,562500E+2	1,012117E+0	4,562500E+2	1,164497E-1	4,562500E+2	9,768374E-1	4,562500E+2	6,332987E-2	4,562500E+2	6,089761E-1	4,562500E+2	6,426050E-1	4,562500E+2	1,045594E+0	4,562500E+2	2,840410E-1
4,578125E+2	9,706326E-1	4,578125E+2	9,977892E-2	4,578125E+2	9,469962E-1	4,578125E+2	5,192325E-2	4,578125E+2	6,232383E-1	4,578125E+2	6,298776E-1	4,578125E+2	1,043237E+0	4,578125E+2	2,641451E-1
4,593750E+2	9,363344E-1	4,593750E+2	8,612949E-2	4,593750E+2	9,218497E-1	4,593750E+2	4,251808E-2	4,593750E+2	6,364876E-1	4,593750E+2	6,175924E-1	4,593750E+2	1,040398E+0	4,593750E+2	2,454922E-1
4,609375E+2	8,999196E-1	4,609375E+2	6,685262E-2	4,609375E+2	9,096230E-1	4,609375E+2	3,547328E-2	4,609375E+2	6,418488E-1	4,609375E+2	6,097932E-1	4,609375E+2	1,039723E+0	4,609375E+2	2,460430E-1
4,625000E+2	8,712010E-1	4,625000E+2	5,200030E-2	4,625000E+2	8,987930E-1	4,625000E+2	2,919351E-2	4,625000E+2	6,470051E-1	4,625000E+2	6,025172E-1	4,625000E+2	1,039255E+0	4,625000E+2	2,470119E-1
4,640625E+2	8,844814E-1	4,640625E+2	5,748731E-2	4,640625E+2	9,070785E-1	4,640625E+2	2,913034E-2	4,640625E+2	6,484883E-1	4,640625E+2	5,953024E-1	4,640625E+2	1,039844E+0	4,640625E+2	2,960350E-1
4,656250E+2	8,984914E-1	4,656250E+2	6,348251E-2	4,656250E+2	9,157412E-1	4,656250E+2	2,909933E-2	4,656250E+2	6,498934E-1	4,656250E+2	5,886906E-1	4,656250E+2	1,033667E+0	4,656250E+2	3,460534E-1
4,671875E+2	9,095620E-1	4,671875E+2	6,940801E-2	4,671875E+2	9,216217E-1	4,671875E+2	3,296901E-2	4,671875E+2	6,464183E-1	4,671875E+2	5,867809E-1	4,671875E+2	1,031872E+0	4,671875E+2	3,924914E-1
4,687500E+2	9,210930E-1	4,687500E+2	7,575558E-2	4,687500E+2	9,277147E-1	4,687500E+2	3,697074E-2	4,687500E+2	6,429092E-1	4,687500E+2	5,851761E-1	4,687500E+2	1,024506E+0	4,687500E+2	4,398445E-1
4,703125E+2	9,294592E-1	4,703125E+2	8,143319E-2	4,703125E+2	9,251189E-1	4,703125E+2	3,737344E-2	4,703125E+2	6,417832E-1	4,703125E+2	5,961715E-1	4,703125E+2	1,032898E+0	4,703125E+2	4,448339E-1
4,718750E+2	9,380889E-1	4,718750E+2	8,737281E-2	4,718750E+2	9,229146E-1	4,718750E+2	3,776712E-2	4,718750E+2	6,399215E-1	4,718750E+2	6,081767E-1	4,718750E+2	1,041517E+0	4,718750E+2	4,501649E-1
4,734375E+2	9,437671E-1	4,734375E+2	9,270042E-2	4,734375E+2	9,191129E-1	4,734375E+2	3,521005E-2	4,734375E+2	6,563840E-1	4,734375E+2	6,257689E-1	4,734375E+2	1,049437E+0	4,734375E+2	4,456357E-1
4,750000E+2	9,495921E-1	4,750000E+2	9,817361E-2	4,750000E+2	9,157609E-1	4,750000E+2	3,280125E-2	4,750000E+2	6,747346E-1	4,750000E+2	6,457160E-1	4,750000E+2	1,057457E+0	4,750000E+2	4,413374E-1
4,765625E+2	9,537631E-1	4,765625E+2	1,016779E-1	4,765625E+2	9,105104E-1	4,765625E+2	2,958360E-2	4,765625E+2	6,984037E-1	4,765625E+2	6,546549E-1	4,765625E+2	1,058282E+0	4,765625E+2	4,446667E-1
4,781250E+2	9,580074E-1	4,781250E+2	1,052299E-1	4,781250E+2	9,059745E-1	4,781250E+2	2,659776E-2	4,781250E+2	7,239696E-1	4,781250E+2	6,635493E-1	4,781250E+2	1,059413E+0	4,781250E+2	4,482386E-1
4,796875E+2	9,535502E-1	4,796875E+2	1,024577E-1	4,796875E+2	9,017068E-1	4,796875E+2	2,797685E-2	4,796875E+2	7,431284E-1	4,796875E+2	6,639819E-1	4,796875E+2	1,056424E+0	4,796875E+2	4,523621E-1
4,812500E+2	9,495326E-1	4,812500E+2	9,992250E-2	4,812500E+2	8,981862E-1	4,812500E+2	2,925090E-2	4,812500E+2	7,624630E-1	4,812500E+2	6,640326E-1	4,812500E+2	1,053891E+0	4,812500E+2	4,565742E-1
4,828125E+2	9,378514E-1	4,828125E+2	9,285511E-2	4,828125E+2	8,966862E-1	4,828125E+2	3,570203E-2	4,828125E+2	7,672375E-1	4,828125E+2	6,621287E-1	4,828125E+2	1,057278E+0	4,828125E+2	4,524549E-1
4,843750E+2	9,276602E-1	4,843750E+2	8,663274E-2	4,843750E+2	8,954797E-1	4,843750E+2	4,180448E-2	4,843750E+2	7,717507E-1	4,843750E+2	6,608175E-1	4,843750E+2	1,060896E+0	4,843750E+2	4,487103E-1
4,859375E+2	9,186962E-1	4,859375E+2	8,157366E-2	4,859375E+2	8,944470E-1	4,859375E+2	4,958690E-2	4,859375E+2	7,697068E-1	4,859375E+2	6,622838E-1	4,859375E+2	1,066755E+0	4,859375E+2	4,383608E-1
4,875000E+2	9,112238E-1	4,875000E+2	7,712359E-2	4,875000E+2	8,935447E-1	4,875000E+2	5,704040E-2	4,875000E+2	7,677598E-1	4,875000E+2	6,642583E-1	4,875000E+2	1,072546E+0	4,875000E+2	4,285536E-1
4,890625E+2	8,997806E-1	4,890625E+2	7,351387E-2	4,890625E+2	8,886348E-1	4,890625E+2	6,154115E-2	4,890625E+2	7,710183E-1	4,890625E+2	6,660035E-1	4,890625E+2	1,079384E+0	4,890625E+2	4,153764E-1
4,906250E+2	8,907361E-1	4,906250E+2	7,052343E-2	4,906250E+2	8,841506E-1	4,906250E+2	6,575370E-2	4,906250E+2	7,743014E-1	4,906250E+2	6,681554E-1	4,906250E+2	1,085846E+0	4,906250E+2	4,027595E-1
4,921875E+2	8,835959E-1	4,921875E+2	6,954442E-2	4,921875E+2	8,769560E-1	4,921875E+2	6,255082E-2	4,921875E+2	7,823736E-1	4,921875E+2	6,685638E-1	4,921875E+2	1,091905E+0	4,921875E+2	3,926580E-1
4,937500E+2	8,778185E-1	4,937500E+2	6,872761E-2	4,937500E+2	8,707139E-1	4,937500E+2	5,970734E-2	4,937500E+2	7,904168E-1	4,937500E+2	6,691584E-1	4,937500E+2	1,097830E+0	4,937500E+2	3,829750E-1
4,953125E+2	8,763966E-1	4,953125E+2	6,964166E-2	4,953125E+2	8,658099E-1	4,953125E+2	5,189858E-2	4,953125E+2	8,436209E-1	4,953125E+2	6,756843E-1	4,953125E+2	1,100725E+0	4,953125E+2	3,687257E-1
4,968750E+2	8,752972E-1	4,968750E+2	7,044392E-2	4,968750E+2	8,617786E-1	4,968750E+2	4,520920E-2	4,968750E+2	9,012079E-1	4,968750E+2	6,769308E-1	4,968750E+2	1,103597E+0	4,968750E+2	3,555984E-1
4,984375E+2	8,778197E-1	4,984375E+2	6,792261E-2	4,984375E+2	8,587641E-1	4,984375E+2	4,193521E-2	4,984375E+2	8,890816E-1	4,984375E+2	6,721490E-1	4,984375E+2	1,101820E+0	4,984375E+2	3,378613E-1
5,000000E+2	8,805760E-1	5,000000E+2	6,538144E-2	5,000000E+2	8,563364E-1	5,000000E+2	3,907865E-2	5,000000E+2	8,780314E-1	5,000000E+2	6,682491E-1	5,000000E+2	1,100409E+0	5,000000E+2	3,222780E-1
5,015625E+2	8,775133E-1	5,015625E+2	6,139795E-2	5,015625E+2	8,549072E-1	5,015625E+2	4,226219E-2	5,015625E+2	8,974201E-1	5,015625E+2	6,642125E-1	5,015625E+2	1,095244E+0	5,015625E+2	3,081921E-1
5,031250E+2	8,752611E-1	5,031250E+2	5,792672E-2	5,031250E+2	8,537874E-1	5,031250E+2	4,520852E-2	5,031250E+2	9,164491E-1	5,031250E+2	6,598193E-1	5,031250E+2	1,091034E+0	5,031250E+2	2,962001E-1
5,046875E+2	8,725094E-1	5,046875E+2	5,681597E-2	5,046875E+2	8,539491E-1	5,046875E+2	4,621542E-2	5,046875E+2	9,282916E-1	5,046875E+2	6,553941E-1	5,046875E+2	1,084975E+0	5,046875E+2	2,875944E-1
5,062500E+2	8,702881E-1	5,062500E+2	5,577502E-2	5,062500E+2	8,543335E-1	5,062500E+2	4,719364E-2	5,062500E+2	9,397598E-1	5,062500E+2	6,512564E-1	5,062500E+2	1,079938E+0	5,062500E+2	2,803091E-1
5,078125E+2	8,694782E-1	5,078125E+2	5,664343E-2	5,078125E+2	8,546066E-1	5,078125E+2	4,773879E-2	5,078125E+2	9,445893E-1	5,078125E+2	6,490522E-1	5,078125E+2	1,072115E+0	5,078125E+2	2,744278E-1
5,093750E+2	8,689371E-1	5,093750E+2	5,749059E-2	5,093750E+2	8,550180E-1	5,093750E+2	4,834261E-2	5,093750E+2	9,493828E-1	5,093750E+2	6,474095E-1	5,093750E+2	1,065335E+0	5,093750E+2	2,693950E-1
5,109375E+2	8,663531E-1	5,109375E+2	6,109264E-2	5,109375E+2	8,533359E-1	5,109375E+2	4,895459E-2	5,109375E+2	9,533056E-1	5,109375E+2	6,479753E-1	5,109375E+2	1,054005E+0	5,109375E+2	2,596925E-1
5,125000E+2	8,640013E-1	5,125000E+2	6,440231E-2	5,125000E+2	8,519718E-1	5,125000E+2	4,961017E-2	5,125000E+2	9,572725E-1	5,125000E+2	6,489962E-1	5,125000E+2	1,044064E+0	5,125000E+2	2,512507E-1
5,140625E+2	8,593250E-1	5,140625E+2	7,126877E-2	5,140625E+2	8,481286E-1	5,140625E+2	5,014885E-2	5,140625E+2	9,652686E-1	5,140625E+2	6,453622E-1	5,140625E+2	1,035269E+0	5,140625E+2	2,351055E-1
5,156250E+2	8,548809E-1	5,156250E+2	7,733853E-2	5,156250E+2	8,448887E-1	5,156250E+2	5,070419E-2	5,156250E+2	9,730220E-1	5,156250E+2	6,422430E-1	5,156250E+2	1,027625E+0	5,156250E+2	2,211138E-1
5,171875E+2	8,503585E-1	5,171875E+2	8,033492E-2	5,171875E+2	8,402079E-1	5,171875E+2	5,047748E-2	5,171875E+2	9,833896E-1	5,171875E+2	6,318085E-1	5,171875E+2	1,023861E+0	5,171875E+2	2,065751E-1
5,187500E+2	8,468963E-1	5,187500E+2	8,318717E-2	5,187500E+2	8,363341E-1	5,187500E+2	5,059704E-2	5,187500E+2	9,929946E-1	5,187500E+2	6,222252E-1	5,187500E+2	1,021012E+0	5,187500E+2	1,938218E-1
5,203125E+2	8,452145E-1	5,203125E+2	8,317945E-2	5,203125E+2	8,334511E-1	5,203125E+2	4,938470E-2	5,203125E+2	1,004503E+0	5,203125E+2	6,061558E-1	5,203125E+2	1,020434E+0	5,203125E+2	1,855345E-1
5,218750E+2	8,444732E-1	5,218750E+2	8,417444E-2	5,218750E+2	8,311615E-1	5,218750E+2	4,916407E-2	5,218750E+2	1,014563E+0	5,218750E+2	5,913835E-1	5,218750E+2	1,020601E+0	5,218750E+2	1,782562E-1
5,234375E+2	8,408659E-1	5,234375E+2	8,547339E-2	5,234375E+2	8,295541E-1	5,234375E+2	4,587340E-2	5,234375E+2	1,025237E+0	5,234375E+2	5,712163E-1	5,234375E+2	1,018500E+0	5,234375E+2	1,747669E-1
5,250000E+2	8,382503E-1	5,250000E+2	8,721512E-2	5,250000E+2	8,284845E-1	5,250000E+2	4,459212E-2	5,250000E+2	1,034213E+0	5,250000E+2	5,528507E-1	5,250000E+2	1,017068E+0	5,250000E+2	1,715828E-1
5,265625E+2	8,327324E-1	5,265625E+2	8,808607E-2	5,265625E+2	8,218147E-1	5,265625E+2	4,444734E-2	5,265625E+2	1,042548E+0	5,265625E+2	5,348499E-1	5,265625E+2	1,014031E+0	5,265625E+2	1,664403E-1
5,281250E+2	8,283718E-1	5,281250E+2	8,904439E-2	5,281250E+2	8,168563E-1	5,281250E+2	4,457426E-2	5,281250E+2	1,049819E+0	5,281250E+2	5,186729E-1	5,281250E+2	1,011802E+0	5,281250E+2	1,617658E-1
5,296875E+2	8,181453E-1	5,296875E+2	9,053505E-2	5,296875E+2	8,640428E-1	5,296875E+2	-1,427701E-1	5,296875E+2	1,055546E+0	5,296875E+2	5,050012E-1	5,296875E+2	1,009358E+0	5,296875E+2	1,544306E-1
5,312500E+2	8,098495E-1	5,312500E+2	9,105657E-2	5,312500E+2	1,011968E+0	5,312500E+2	2,172017E-2	5,312500E+2	1,061051E+0	5,312500E+2	4,929830E-1	5,312500E+2	1,008036E+0	5,312500E+2	1,480022E-1
5,328125E+2	8,735806E-1	5,328125E+2	-8,471279E-2	5,328125E+2	1,010281E+0	5,328125E+2	2,289429E-2	5,328125E+2	1,066650E+0	5,328125E+2	4,815713E-1	5,328125E+2	1,004089E+0	5,328125E+2	1,412457E-1
5,343750E+2	1,021890E+0	5,343750E+2	4,699902E-3	5,343750E+2	1,008764E+0	5,343750E+2	2,296613E-2	5,343750E+2	1,072290E+0	5,343750E+2	4,717814E-1	5,343750E+2	1,002099E+0	5,343750E+2	1,359287E-1
5,359375E+2	1,024246E+0	5,359375E+2	7,227281E-3	5,359375E+2	1,007698E+0	5,359375E+2	2,463013E-2	5,359375E+2	1,073798E+0	5,359375E+2	4,655353E-1	5,359375E+2	9,956247E-1	5,359375E+2	1,377207E-1
5,375000E+2	1,026640E+0	5,375000E+2	9,068959E-3	5,375000E+2	1,006562E+0	5,375000E+2	2,524175E-2	5,375000E+2	1,075852E+0	5,375000E+2	4,603524E-1	5,375000E+2	9,904835E-1	5,375000E+2	1,393452E-1
5,390625E+2	1,032951E+0	5,390625E+2	9,494316E-3	5,390625E+2	1,005113E+0	5,390625E+2	2,756611E-2	5,390625E+2	1,070644E+0	5,390625E+2	4,603117E-1	5,390625E+2	9,791288E-1	5,390625E+2	1,436541E-1
5,406250E+2	1,039860E+0	5,406250E+2	9,288691E-3	5,406250E+2	1,003278E+0	5,406250E+2	2,876181E-2	5,406250E+2	1,066439E+0	5,406250E+2	4,603675E-1	5,406250E+2	9,689033E-1	5,406250E+2	1,468323E-1
5,421875E+2	1,057058E+0	5,421875E+2	9,826875E-2	5,421875E+2	1,043679E+0	5,421875E+2	1,290473E-1	5,421875E+2	1,058929E+0	5,421875E+2	4,580328E-1	5,421875E+2	9,582702E-1	5,421875E+2	1,504427E-1
5,437500E+2	7,144622E-1	5,437500E+2	4,982628E-2	5,437500E+2	4,587261E-1	5,437500E+2	4,711478E-2	5,437500E+2	1,052613E+0	5,437500E+2	4,557140E-1	5,437500E+2	9,488090E-1	5,437500E+2	1,526708E-1
5,453125E+2	7,237627E-1	5,453125E+2	4,907003E-2	5,453125E+2	4,630083E-1	5,453125E+2	4,590675E-2	5,453125E+2	1,045779E+0	5,453125E+2	4,522577E-1	5,453125E+2	9,584470E-1	5,453125E+2	6,938166E-2
5,468750E+2	7,332013E-1	5,468750E+2	4,827633E-2	5,468750E+2	4,671036E-1	5,468750E+2	4,467865E-2	5,468750E+2	1,040119E+0	5,468750E+2	4,488459E-1	5,468750E+2	1,007144E+0	5,468750E+2	4,520851E-2
5,484375E+2	7,441748E-1	5,484375E+2	5,064890E-2	5,484375E+2	4,705912E-1	5,484375E+2	4,208721E-2	5,484375E+2	1,039451E+0	5,484375E+2	4,412363E-1	5,484375E+2	1,068544E+0	5,484375E+2	-9,382445E-3
5,500000E+2	7,553394E-1	5,500000E+2	5,318070E-2	5,500000E+2	4,739087E-1	5,500000E+2	3,943587E-2	5,500000E+2	1,039575E+0	5,500000E+2	4,345709E-1	5,500000E+2	1,189910E+0	5,500000E+2	-1,289166E-2
5,515625E+2	7,590735E-1	5,515625E+2	5,436297E-2	5,515625E+2	7,147675E-1	5,515625E+2	9,622987E-3	5,515625E+2	1,046307E+0	5,515625E+2	4,084891E-1	5,515625E+2	1,258455E+0	5,515625E+2	1,306171E-1
5,531250E+2	7,625685E-1	5,531250E+2	5,566500E-2	5,531250E+2	9,477786E-1	5,531250E+2	-5,966330E-3	5,531250E+2	1,053064E+0	5,531250E+2	3,871537E-1	5,531250E+2	9,101636E-1	5,531250E+2	3,757929E-1
5,546875E+2	8,660680E-1	5,546875E+2	1,993766E-2	5,546875E+2	9,462123E-1	5,546875E+2	-5,850589E-3	5,546875E+2	1,067905E+0	5,546875E+2	3,273103E-1	5,546875E+2	9,061725E-1	5,546875E+2	3,596930E-1
5,562500E+2	9,789816E-1	5,562500E+2	-9,848171E-3	5,562500E+2	9,443694E-1	5,562500E+2	-5,761377E-3	5,562500E+2	1,081506E+0	5,562500E+2	2,845553E-1	5,562500E+2	9,042107E-1	5,562500E+2	3,430887E-1
5,578125E+2	8,871999E-1	5,578125E+2	3,230194E-2	5,578125E+2	9,376167E-1	5,578125E+2	-5,994607E-3	5,578125E+2	1,083129E+0	5,578125E+2	2,600070E-1	5,578125E+2	9,002493E-1	5,578125E+2	3,220151E-1
5,593750E+2	7,334597E-1	5,593750E+2	1,967125E-1	5,593750E+2	9,301188E-1	5,593750E+2	-6,409752E-3	5,593750E+2	1,088205E+0	5,593750E+2	2,409394E-1	5,593750E+2	8,988426E-1	5,593750E+2	3,007007E-1
5,609375E+2	7,844721E-1	5,609375E+2	1,683651E-1	5,609375E+2	9,230669E-1	5,609375E+2	-5,635188E-3	5,609375E+2	1,080377E+0	5,609375E+2	2,450745E-1	5,609375E+2	8,933591E-1	5,609375E+2	2,812977E-1
5,625000E+2	8,358459E-1	5,625000E+2	1,442561E-1	5,625000E+2	9,153047E-1	5,625000E+2	-4,944183E-3	5,625000E+2	1,074404E+0	5,625000E+2	2,480209E-1	5,625000E+2	8,901527E-1	5,625000E+2	2,612716E-1
5,640625E+2	8,377630E-1	5,640625E+2	5,695692E-2	5,640625E+2	7,618601E-1	5,640625E+2	3,683581E-2	5,640625E+2	1,121301E+0	5,640625E+2	2,058168E-2	5,640625E+2	8,798995E-1	5,640625E+2	2,448483E-1
5,656250E+2	8,738003E-1	5,656250E+2	-2,055718E-2	5,656250E+2	4,579897E-1	5,656250E+2	2,054934E-1	5,656250E+2	1,279427E+0	5,656250E+2	-2,192862E-2	5,656250E+2	8,715365E-1	5,656250E+2	2,267830E-1
5,671875E+2	8,957813E-1	5,671875E+2	-1,370675E-2	5,671875E+2	4,198865E-1	5,671875E+2	2,093186E-1	5,671875E+2	1,286825E+0	5,671875E+2	-9,708656E-3	5,671875E+2	8,542342E-1	5,671875E+2	2,151444E-1
5,687500E+2	9,177605E-1	5,687500E+2	-6,940524E-3	5,687500E+2	3,765734E-1	5,687500E+2	2,139808E-1	5,687500E+2	1,292808E+0	5,687500E+2	1,815325E-3	5,687500E+2	8,375013E-1	5,687500E+2	2,006392E-1
5,703125E+2	9,518971E-1	5,703125E+2	7,330563E-4	5,703125E+2	3,335386E-1	5,703125E+2	2,153660E-1	5,703125E+2	1,310238E+0	5,703125E+2	1,439544E-1	5,703125E+2	8,144852E-1	5,703125E+2	1,978005E-1
5,718750E+2	9,853895E-1	5,718750E+2	7,157208E-3	5,718750E+2	2,840895E-1	5,718750E+2	2,185167E-1	5,718750E+2	1,077622E+0	5,718750E+2	2,935904E-1	5,718750E+2	7,896106E-1	5,718750E+2	1,925408E-1
5,734375E+2	9,937012E-1	5,734375E+2	3,251925E-2	5,734375E+2	2,106565E-1	5,734375E+2	3,282449E-1	5,734375E+2	1,059090E+0	5,734375E+2	2,945658E-1	5,734375E+2	7,641674E-1	5,734375E+2	1,922994E-1
5,750000E+2	1,005772E+0	5,750000E+2	5,815973E-2	5,750000E+2	1,731242E-1	5,750000E+2	4,455343E-1	5,750000E+2	1,040455E+0	5,750000E+2	2,928321E-1	5,750000E+2	7,361449E-1	5,750000E+2	1,902292E-1
5,765625E+2	9,793017E-1	5,765625E+2	6,656607E-2	5,765625E+2	1,477459E-1	5,765625E+2	4,943968E-1	5,765625E+2	1,017202E+0	5,765625E+2	2,927667E-1	5,765625E+2	7,092825E-1	5,765625E+2	1,918536E-1
5,781250E+2	9,500253E-1	5,781250E+2	7,549070E-2	5,781250E+2	1,254003E-1	5,781250E+2	5,434159E-1	5,781250E+2	9,933536E-1	5,781250E+2	2,893561E-1	5,781250E+2	6,795352E-1	5,781250E+2	1,923730E-1
5,796875E+2	9,177826E-1	5,796875E+2	8,674778E-2	5,796875E+2	4,094979E-1	5,796875E+2	1,319061E-1	5,796875E+2	9,706388E-1	5,796875E+2	2,901483E-1	5,796875E+2	6,533112E-1	5,796875E+2	1,947041E-1
5,812500E+2	8,819909E-1	5,812500E+2	9,897159E-2	5,812500E+2	8,367951E-1	5,812500E+2	4,205790E-2	5,812500E+2	9,468039E-1	5,812500E+2	2,880682E-1	5,812500E+2	6,243830E-1	5,812500E+2	1,964063E-1
5,828125E+2	8,453030E-1	5,828125E+2	1,100027E-1	5,828125E+2	8,306654E-1	5,828125E+2	3,612705E-2	5,828125E+2	9,220859E-1	5,828125E+2	2,846735E-1	5,828125E+2	5,991043E-1	5,828125E+2	1,964838E-1
5,843750E+2	8,045358E-1	5,843750E+2	1,221136E-1	5,843750E+2	8,241705E-1	5,843750E+2	2,978428E-2	5,843750E+2	8,964964E-1	5,843750E+2	2,781575E-1	5,843750E+2	5,714377E-1	5,843750E+2	1,958377E-1
5,859375E+2	7,647670E-1	5,859375E+2	1,311002E-1	5,859375E+2	8,346347E-1	5,859375E+2	2,519825E-2	5,859375E+2	8,740194E-1	5,859375E+2	2,745227E-1	5,859375E+2	7,818987E-1	5,859375E+2	1,106886E-1
5,875000E+2	7,205478E-1	5,875000E+2	1,409190E-1	5,875000E+2	8,450309E-1	5,875000E+2	2,054446E-2	5,875000E+2	8,506164E-1	5,875000E+2	2,683951E-1	5,875000E+2	9,944909E-1	5,875000E+2	5,871146E-2
5,890625E+2	6,798800E-1	5,890625E+2	1,535827E-1	5,890625E+2	8,660639E-1	5,890625E+2	1,487914E-2	5,890625E+2	8,296897E-1	5,890625E+2	2,631972E-1	5,890625E+2	1,007384E+0	5,890625E+2	5,633606E-2
5,906250E+2	6,349071E-1	5,906250E+2	1,681741E-1	5,906250E+2	8,870684E-1	5,906250E+2	9,328072E-3	5,906250E+2	8,079489E-1	5,906250E+2	2,558476E-1	5,906250E+2	1,020178E+0	5,906250E+2	5,380788E-2
5,921875E+2	5,939574E-1	5,921875E+2	1,791796E-1	5,921875E+2	9,077885E-1	5,921875E+2	6,604533E-3	5,921875E+2	7,925231E-1	5,921875E+2	2,501029E-1	5,921875E+2	1,033818E+0	5,921875E+2	4,871220E-2
5,937500E+2	5,488236E-1	5,937500E+2	1,921733E-1	5,937500E+2	9,283397E-1	5,937500E+2	3,986592E-3	5,937500E+2	7,766440E-1	5,937500E+2	2,427951E-1	5,937500E+2	1,047406E+0	5,937500E+2	4,346835E-2
5,953125E+2	5,107543E-1	5,953125E+2	2,062880E-1	5,953125E+2	9,441355E-1	5,953125E+2	2,471927E-3	5,953125E+2	9,835956E-1	5,953125E+2	1,452013E-1	5,953125E+2	1,055104E+0	5,953125E+2	4,231603E-2
5,968750E+2	4,695863E-1	5,968750E+2	2,231852E-1	5,968750E+2	9,597112E-1	5,968750E+2	1,005119E-3	5,968750E+2	1,198947E+0	5,968750E+2	8,051876E-2	5,968750E+2	1,062552E+0	5,968750E+2	4,102573E-2
5,984375E+2	4,334859E-1	5,984375E+2	2,361888E-1	5,984375E+2	9,703269E-1	5,984375E+2	-7,927072E-5	5,984375E+2	1,211460E+0	5,984375E+2	7,803388E-2	5,984375E+2	1,066192E+0	5,984375E+2	3,976199E-2
6,000000E+2	3,949913E-1	6,000000E+2	2,520154E-1	6,000000E+2	9,807120E-1	6,000000E+2	-1,152653E-3	6,000000E+2	1,223889E+0	6,000000E+2	7,541627E-2	6,000000E+2	1,069554E+0	6,000000E+2	3,835314E-2
6,015625E+2	3,607063E-1	6,015625E+2	2,645460E-1	6,015625E+2	9,840512E-1	6,015625E+2	-9,970205E-4	6,015625E+2	1,229395E+0	6,015625E+2	7,394500E-2	6,015625E+2	1,069690E+0	6,015625E+2	3,740247E-2
6,031250E+2	3,248210E-1	6,031250E+2	2,799852E-1	6,031250E+2	9,871529E-1	6,031250E+2	-9,004092E-4	6,031250E+2	1,234683E+0	6,031250E+2	7,222823E-2	6,031250E+2	1,069546E+0	6,031250E+2	3,631304E-2
6,046875E+2	3,001557E-1	6,046875E+2	2,954902E-1	6,046875E+2	9,851842E-1	6,046875E+2	-1,533489E-3	6,046875E+2	1,236325E+0	6,046875E+2	7,083731E-2	6,046875E+2	1,067051E+0	6,046875E+2	3,578333E-2
6,062500E+2	2,755849E-1	6,062500E+2	3,129233E-1	6,062500E+2	9,829299E-1	6,062500E+2	-2,241902E-3	6,062500E+2	1,237704E+0	6,062500E+2	6,920828E-2	6,062500E+2	1,064292E+0	6,062500E+2	3,513261E-2
6,078125E+2	2,543049E-1	6,078125E+2	3,230828E-1	6,078125E+2	9,680694E-1	6,078125E+2	-1,923972E-3	6,078125E+2	1,236148E+0	6,078125E+2	6,806480E-2	6,078125E+2	1,060088E+0	6,078125E+2	3,506143E-2
6,093750E+2	2,329445E-1	6,093750E+2	3,344965E-1	6,093750E+2	9,523871E-1	6,093750E+2	-1,744285E-3	6,093750E+2	1,234326E+0	6,093750E+2	6,666798E-2	6,093750E+2	1,055644E+0	6,093750E+2	3,489456E-2
6,109375E+2	7,085294E-1	6,109375E+2	1,070272E-1	6,109375E+2	8,931276E-1	6,109375E+2	7,732590E-3	6,109375E+2	1,230658E+0	6,109375E+2	6,658038E-2	6,109375E+2	1,049916E+0	6,109375E+2	3,387789E-2
6,125000E+2	1,073798E+0	6,125000E+2	6,904117E-2	6,125000E+2	8,273550E-1	6,125000E+2	1,937341E-2	6,125000E+2	1,226720E+0	6,125000E+2	6,624846E-2	6,125000E+2	1,043980E+0	6,125000E+2	3,272699E-2
6,140625E+2	1,056569E+0	6,140625E+2	6,849241E-2	6,140625E+2	5,870651E-1	6,140625E+2	4,046888E-2	6,140625E+2	1,222326E+0	6,140625E+2	6,529918E-2	6,140625E+2	1,038043E+0	6,140625E+2	3,258417E-2
6,156250E+2	1,039123E+0	6,156250E+2	6,782444E-2	6,156250E+2	1,473855E-1	6,156250E+2	2,019784E-1	6,156250E+2	1,217705E+0	6,156250E+2	6,412953E-2	6,156250E+2	1,031918E+0	6,156250E+2	3,234874E-2
6,171875E+2	1,023207E+0	6,171875E+2	6,794928E-2	6,171875E+2	1,439248E-1	6,171875E+2	2,031860E-1	6,171875E+2	1,213368E+0	6,171875E+2	6,460269E-2	6,171875E+2	1,026590E+0	6,171875E+2	3,213647E-2
6,187500E+2	1,007108E+0	6,187500E+2	6,800422E-2	6,187500E+2	1,404317E-1	6,187500E+2	2,045545E-1	6,187500E+2	1,208805E+0	6,187500E+2	6,492883E-2	6,187500E+2	1,021102E+0	6,187500E+2	3,186936E-2
6,203125E+2	9,932144E-1	6,203125E+2	6,895167E-2	6,203125E+2	1,413079E-1	6,203125E+2	1,978133E-1	6,203125E+2	1,204387E+0	6,203125E+2	6,410777E-2	6,203125E+2	7,754445E-1	6,203125E+2	4,789372E-2
6,218750E+2	9,791844E-1	6,218750E+2	6,987050E-2	6,218750E+2	1,423032E-1	6,218750E+2	1,910915E-1	6,218750E+2	1,199797E+0	6,218750E+2	6,313194E-2	6,218750E+2	2,908900E-1	6,218750E+2	9,869505E-2
6,234375E+2	9,678159E-1	6,234375E+2	7,063740E-2	6,234375E+2	1,467618E-1	6,234375E+2	1,784346E-1	6,234375E+2	1,196283E+0	6,234375E+2	6,323311E-2	6,234375E+2	2,907395E-1	6,234375E+2	9,415150E-2
6,250000E+2	9,563573E-1	6,250000E+2	7,140039E-2	6,250000E+2	1,519580E-1	6,250000E+2	1,658310E-1	6,250000E+2	1,192611E+0	6,250000E+2	6,324609E-2	6,250000E+2	2,905623E-1	6,250000E+2	8,963607E-2
6,265625E+2	9,474643E-1	6,265625E+2	7,187765E-2	6,265625E+2	1,595466E-1	6,265625E+2	1,508209E-1	6,265625E+2	9,168121E-1	6,265625E+2	8,434665E-2	6,265625E+2	2,945772E-1	6,265625E+2	8,711154E-2
6,281250E+2	9,385119E-1	6,281250E+2	7,235014E-2	6,281250E+2	1,682980E-1	6,281250E+2	1,363225E-1	6,281250E+2	3,283571E-1	6,281250E+2	1,031914E-1	6,281250E+2	2,984734E-1	6,281250E+2	8,471204E-2
6,296875E+2	9,333578E-1	6,296875E+2	7,390570E-2	6,296875E+2	1,828085E-1	6,296875E+2	1,243930E-1	6,296875E+2	3,366739E-1	6,296875E+2	9,953335E-2	6,296875E+2	3,041992E-1	6,296875E+2	8,120772E-2
6,312500E+2	9,281631E-1	6,312500E+2	7,545572E-2	6,312500E+2	1,976752E-1	6,312500E+2	1,140984E-1	6,312500E+2	3,447782E-1	6,312500E+2	9,615749E-2	6,312500E+2	3,097783E-1	6,312500E+2	7,789410E-2
6,328125E+2	6,503864E-1	6,328125E+2	1,165380E-1	6,328125E+2	2,129858E-1	6,328125E+2	1,034952E-1	6,328125E+2	3,530173E-1	6,328125E+2	9,086360E-2	6,328125E+2	3,162636E-1	6,328125E+2	7,360764E-2
6,343750E+2	2,367450E-1	6,343750E+2	3,216921E-1	6,343750E+2	2,281852E-1	6,343750E+2	9,442420E-2	6,343750E+2	3,611011E-1	6,343750E+2	8,589464E-2	6,343750E+2	3,225985E-1	6,343750E+2	6,954750E-2
6,359375E+2	2,423082E-1	6,359375E+2	3,107248E-1	6,359375E+2	2,430134E-1	6,359375E+2	8,498670E-2	6,359375E+2	3,690086E-1	6,359375E+2	8,189325E-2	6,359375E+2	3,295285E-1	6,359375E+2	6,483881E-2
6,375000E+2	2,481741E-1	6,375000E+2	2,999366E-1	6,375000E+2	2,575140E-1	6,375000E+2	7,678680E-2	6,375000E+2	3,767247E-1	6,375000E+2	7,813014E-2	6,375000E+2	3,363066E-1	6,375000E+2	6,037954E-2
6,390625E+2	2,537963E-1	6,390625E+2	2,899540E-1	6,390625E+2	2,746548E-1	6,390625E+2	7,337158E-2	6,390625E+2	3,845688E-1	6,390625E+2	7,543738E-2	6,390625E+2	3,443107E-1	6,390625E+2	5,726098E-2
6,406250E+2	2,596764E-1	6,406250E+2	2,801782E-1	6,406250E+2	2,908152E-1	6,406250E+2	7,063203E-2	6,406250E+2	3,921951E-1	6,406250E+2	7,291811E-2	6,406250E+2	3,520689E-1	6,406250E+2	5,433666E-2
6,421875E+2	2,640000E-1	6,421875E+2	2,705489E-1	6,421875E+2	3,038123E-1	6,421875E+2	6,339786E-2	6,421875E+2	3,988634E-1	6,421875E+2	6,981545E-2	6,421875E+2	3,607005E-1	6,421875E+2	5,186463E-2
6,437500E+2	2,685426E-1	6,437500E+2	2,610669E-1	6,437500E+2	3,164106E-1	6,437500E+2	5,687021E-2	6,437500E+2	4,053674E-1	6,437500E+2	6,686646E-2	6,437500E+2	3,690497E-1	6,437500E+2	4,956212E-2
6,453125E+2	2,738870E-1	6,453125E+2	2,526828E-1	6,453125E+2	3,302538E-1	6,453125E+2	5,317147E-2	6,453125E+2	4,108246E-1	6,453125E+2	6,345141E-2	6,453125E+2	3,774694E-1	6,453125E+2	4,639233E-2
6,468750E+2	2,793931E-1	6,468750E+2	2,445166E-1	6,468750E+2	3,434882E-1	6,468750E+2	4,989331E-2	6,468750E+2	4,161613E-1	6,468750E+2	6,016758E-2	6,468750E+2	3,856360E-1	6,468750E+2	4,341004E-2
6,484375E+2	2,858167E-1	6,484375E+2	2,372954E-1	6,484375E+2	3,600544E-1	6,484375E+2	5,396215E-2	6,484375E+2	4,221018E-1	6,484375E+2	5,883872E-2	6,484375E+2	3,977246E-1	6,484375E+2	4,707397E-2
6,500000E+2	2,923228E-1	6,500000E+2	2,303480E-1	6,500000E+2	3,757358E-1	6,500000E+2	5,781008E-2	6,500000E+2	4,278708E-1	6,500000E+2	5,757909E-2	6,500000E+2	4,093285E-1	6,500000E+2	5,057450E-2
6,515625E+2	3,030109E-1	6,515625E+2	2,278253E-1	6,515625E+2	3,874520E-1	6,515625E+2	5,388336E-2	6,515625E+2	4,340486E-1	6,515625E+2	5,933188E-2	6,515625E+2	4,185633E-1	6,515625E+2	4,808669E-2
6,531250E+2	3,134407E-1	6,531250E+2	2,256453E-1	6,531250E+2	3,987555E-1	6,531250E+2	5,026282E-2	6,531250E+2	4,400408E-1	6,531250E+2	6,106369E-2	6,531250E+2	4,275048E-1	6,531250E+2	4,575264E-2
6,546875E+2	3,071288E-1	6,546875E+2	2,166626E-1	6,546875E+2	4,106421E-1	6,546875E+2	4,702980E-2	6,546875E+2	4,438479E-1	6,546875E+2	5,798207E-2	6,546875E+2	4,375118E-1	6,546875E+2	4,371188E-2
6,562500E+2	3,007497E-1	6,562500E+2	2,074400E-1	6,562500E+2	4,220952E-1	6,562500E+2	4,404612E-2	6,562500E+2	4,475635E-1	6,562500E+2	5,498248E-2	6,562500E+2	4,471844E-1	6,562500E+2	4,180970E-2
6,578125E+2	3,044040E-1	6,578125E+2	2,010169E-1	6,578125E+2	4,342715E-1	6,578125E+2	4,200741E-2	6,578125E+2	4,529714E-1	6,578125E+2	5,394072E-2	6,578125E+2	4,576960E-1	6,578125E+2	3,949345E-2
6,593750E+2	3,081075E-1	6,593750E+2	1,947326E-1	6,593750E+2	4,459854E-1	6,593750E+2	4,013663E-2	6,593750E+2	4,582195E-1	6,593750E+2	5,294705E-2	6,593750E+2	4,678563E-1	6,593750E+2	3,732903E-2
6,609375E+2	3,136711E-1	6,609375E+2	1,880867E-1	6,609375E+2	4,562333E-1	6,609375E+2	3,284501E-2	6,609375E+2	4,636790E-1	6,609375E+2	4,903208E-2	6,609375E+2	4,801196E-1	6,609375E+2	3,431776E-2
6,625000E+2	3,192619E-1	6,625000E+2	1,816710E-1	6,625000E+2	4,662539E-1	6,625000E+2	2,595255E-2	6,625000E+2	4,690167E-1	6,625000E+2	4,524490E-2	6,625000E+2	4,919505E-1	6,625000E+2	3,151259E-2
6,640625E+2	3,285249E-1	6,640625E+2	1,761997E-1	6,640625E+2	4,807845E-1	6,640625E+2	2,445041E-2	6,640625E+2	4,768443E-1	6,640625E+2	4,243927E-2	6,640625E+2	5,042648E-1	6,640625E+2	2,769064E-2
6,656250E+2	3,376364E-1	6,656250E+2	1,711014E-1	6,656250E+2	4,947054E-1	6,656250E+2	2,308573E-2	6,656250E+2	4,844520E-1	6,656250E+2	3,976595E-2	6,656250E+2	5,161625E-1	6,656250E+2	2,411808E-2
6,671875E+2	3,478463E-1	6,671875E+2	1,627035E-1	6,671875E+2	5,106589E-1	6,671875E+2	2,019541E-2	6,671875E+2	4,931177E-1	6,671875E+2	3,248734E-2	6,671875E+2	5,328182E-1	6,671875E+2	2,233666E-2
6,687500E+2	3,580013E-1	6,687500E+2	1,548368E-1	6,687500E+2	5,259315E-1	6,687500E+2	1,754610E-2	6,687500E+2	5,016388E-1	6,687500E+2	2,553220E-2	6,687500E+2	5,487642E-1	6,687500E+2	2,073123E-2
6,703125E+2	3,748400E-1	6,703125E+2	1,486538E-1	6,703125E+2	5,443717E-1	6,703125E+2	1,904182E-2	6,703125E+2	5,182382E-1	6,703125E+2	2,491865E-2	6,703125E+2	5,685294E-1	6,703125E+2	2,056607E-2
6,718750E+2	3,910675E-1	6,718750E+2	1,432314E-1	6,718750E+2	5,619291E-1	6,718750E+2	2,047129E-2	6,718750E+2	5,341382E-1	6,718750E+2	2,440092E-2	6,718750E+2	5,873652E-1	6,718750E+2	2,048603E-2
6,734375E+2	4,898159E-1	6,734375E+2	1,511097E-1	6,734375E+2	5,826932E-1	6,734375E+2	1,842896E-2	6,734375E+2	5,557286E-1	6,734375E+2	2,176881E-2	6,734375E+2	6,100042E-1	6,734375E+2	1,989936E-2
6,750000E+2	5,597330E-1	6,750000E+2	1,784727E-1	6,750000E+2	6,024218E-1	6,750000E+2	1,661879E-2	6,750000E+2	5,763099E-1	6,750000E+2	1,942931E-2	6,750000E+2	6,315107E-1	6,750000E+2	1,945709E-2
6,765625E+2	5,652670E-1	6,765625E+2	1,740500E-1	6,765625E+2	6,259971E-1	6,765625E+2	1,550395E-2	6,765625E+2	6,034859E-1	6,765625E+2	1,946743E-2	6,765625E+2	6,580342E-1	6,765625E+2	1,978347E-2
6,781250E+2	5,706370E-1	6,781250E+2	1,697983E-1	6,781250E+2	6,482930E-1	6,781250E+2	1,457236E-2	6,781250E+2	6,292127E-1	6,781250E+2	1,963062E-2	6,781250E+2	6,831128E-1	6,781250E+2	2,022306E-2
6,796875E+2	5,777528E-1	6,796875E+2	1,681090E-1	6,796875E+2	6,749583E-1	6,796875E+2	1,525437E-2	6,796875E+2	6,957046E-1	6,796875E+2	2,271880E-2	6,796875E+2	3,488655E-1	6,796875E+2	1,521266E-2
6,812500E+2	5,845726E-1	6,812500E+2	1,665148E-1	6,812500E+2	7,000410E-1	6,812500E+2	1,600276E-2	6,812500E+2	7,351677E-1	6,812500E+2	3,157023E-2	6,812500E+2	1,103366E-2	6,812500E+2	-4,626668E-1
6,828125E+2	5,888154E-1	6,828125E+2	1,636070E-1	6,828125E+2	7,290349E-1	6,828125E+2	1,611435E-2	6,828125E+2	7,381253E-1	6,828125E+2	2,933015E-2	6,828125E+2	4,738888E-1	6,828125E+2	5,970009E-4
6,843750E+2	5,928881E-1	6,843750E+2	1,608036E-1	6,843750E+2	7,561780E-1	6,843750E+2	1,639581E-2	6,843750E+2	7,409535E-1	6,843750E+2	2,715827E-2	6,843750E+2	7,630473E-1	6,843750E+2	2,331554E-2
6,859375E+2	5,962244E-1	6,859375E+2	1,582639E-1	6,859375E+2	9,879246E-1	6,859375E+2	3,522832E-2	6,859375E+2	7,447154E-1	6,859375E+2	2,656748E-2	6,859375E+2	7,642348E-1	6,859375E+2	2,308415E-2
6,875000E+2	5,994033E-1	6,875000E+2	1,558086E-1	6,875000E+2	1,128506E+0	6,875000E+2	6,017190E-2	6,875000E+2	7,482836E-1	6,875000E+2	2,599335E-2	6,875000E+2	7,652985E-1	6,875000E+2	2,285318E-2
6,890625E+2	6,029866E-1	6,890625E+2	1,540515E-1	6,890625E+2	1,118270E+0	6,890625E+2	6,046267E-2	6,890625E+2	7,480359E-1	6,890625E+2	2,366579E-2	6,890625E+2	7,637692E-1	6,890625E+2	2,106706E-2
6,906250E+2	6,063872E-1	6,906250E+2	1,523655E-1	6,906250E+2	1,108047E+0	6,906250E+2	6,071749E-2	6,906250E+2	7,477113E-1	6,906250E+2	2,137906E-2	6,906250E+2	7,621919E-1	6,906250E+2	1,930961E-2
6,921875E+2	6,095185E-1	6,921875E+2	1,505508E-1	6,921875E+2	9,169314E-1	6,921875E+2	5,238852E-2	6,921875E+2	7,472307E-1	6,921875E+2	2,066476E-2	6,921875E+2	7,606270E-1	6,921875E+2	1,931570E-2
6,937500E+2	6,124691E-1	6,937500E+2	1,488125E-1	6,937500E+2	6,855792E-1	6,937500E+2	4,196930E-2	6,937500E+2	7,466480E-1	6,937500E+2	1,995277E-2	6,937500E+2	7,589938E-1	6,937500E+2	1,930748E-2
6,953125E+2	6,164993E-1	6,953125E+2	1,472141E-1	6,953125E+2	6,843819E-1	6,953125E+2	4,142218E-2	6,953125E+2	7,446978E-1	6,953125E+2	1,959580E-2	6,953125E+2	7,554258E-1	6,953125E+2	1,873136E-2
6,968750E+2	6,203040E-1	6,968750E+2	1,457152E-1	6,968750E+2	6,831539E-1	6,968750E+2	4,087013E-2	6,968750E+2	7,426630E-1	6,968750E+2	1,921603E-2	6,968750E+2	7,518318E-1	6,968750E+2	1,813703E-2
6,984375E+2	6,254019E-1	6,984375E+2	1,448336E-1	6,984375E+2	6,796079E-1	6,984375E+2	3,998294E-2	6,984375E+2	7,388829E-1	6,984375E+2	1,815002E-2	6,984375E+2	7,465361E-1	6,984375E+2	1,690684E-2
7,000000E+2	6,301798E-1	7,000000E+2	1,440520E-1	7,000000E+2	6,760866E-1	7,000000E+2	3,908591E-2	7,000000E+2	7,350625E-1	7,000000E+2	1,707389E-2	7,000000E+2	7,412566E-1	7,000000E+2	1,566415E-2
7,015625E+2	6,367491E-1	7,015625E+2	1,433652E-1	7,015625E+2	6,716963E-1	7,015625E+2	3,882173E-2	7,015625E+2	7,304300E-1	7,015625E+2	1,564521E-2	7,015625E+2	7,356716E-1	7,015625E+2	1,518177E-2
7,031250E+2	6,428800E-1	7,031250E+2	1,428239E-1	7,031250E+2	6,673453E-1	7,031250E+2	3,853487E-2	7,031250E+2	7,257767E-1	7,031250E+2	1,420693E-2	7,031250E+2	7,301082E-1	7,031250E+2	1,467534E-2
7,046875E+2	6,504827E-1	7,046875E+2	1,400154E-1	7,046875E+2	6,612955E-1	7,046875E+2	3,765856E-2	7,046875E+2	7,223647E-1	7,046875E+2	1,461914E-2	7,046875E+2	7,238498E-1	7,046875E+2	1,386035E-2
7,062500E+2	6,575927E-1	7,062500E+2	1,375729E-1	7,062500E+2	6,553133E-1	7,062500E+2	3,676371E-2	7,062500E+2	7,188885E-1	7,062500E+2	1,498577E-2	7,062500E+2	7,176348E-1	7,062500E+2	1,302257E-2
7,078125E+2	6,687671E-1	7,078125E+2	1,387888E-1	7,078125E+2	6,493871E-1	7,078125E+2	3,703083E-2	7,078125E+2	7,148638E-1	7,078125E+2	1,309017E-2	7,078125E+2	7,110373E-1	7,078125E+2	1,159255E-2
7,093750E+2	6,789752E-1	7,093750E+2	1,402076E-1	7,093750E+2	6,435326E-1	7,093750E+2	3,726768E-2	7,093750E+2	7,108097E-1	7,093750E+2	1,121639E-2	7,093750E+2	7,045048E-1	7,093750E+2	1,015195E-2
7,109375E+2	6,914844E-1	7,109375E+2	1,391978E-1	7,109375E+2	6,376081E-1	7,109375E+2	3,730015E-2	7,109375E+2	7,088585E-1	7,109375E+2	1,092311E-2	7,109375E+2	6,984472E-1	7,109375E+2	8,937345E-3
7,125000E+2	7,028262E-1	7,125000E+2	1,387332E-1	7,125000E+2	6,317583E-1	7,125000E+2	3,729937E-2	7,125000E+2	7,067697E-1	7,125000E+2	1,061426E-2	7,125000E+2	6,924455E-1	7,125000E+2	7,713524E-3
7,140625E+2	8,460511E-1	7,140625E+2	1,683294E-1	7,140625E+2	7,517531E-1	7,140625E+2	4,137802E-2	7,140625E+2	7,062092E-1	7,140625E+2	8,553437E-3	7,140625E+2	7,773381E-1	7,140625E+2	1,818033E-2
7,156250E+2	9,378887E-1	7,156250E+2	1,984056E-1	7,156250E+2	8,285504E-1	7,156250E+2	5,138048E-2	7,156250E+2	7,054330E-1	7,156250E+2	6,597551E-3	7,156250E+2	8,369391E-1	7,156250E+2	2,687134E-2
7,171875E+2	9,177652E-1	7,171875E+2	1,962536E-1	7,171875E+2	8,229665E-1	7,171875E+2	5,132544E-2	7,171875E+2	8,548805E-1	7,171875E+2	1,226220E-2	7,171875E+2	8,223804E-1	7,171875E+2	2,685808E-2
7,187500E+2	8,979362E-1	7,187500E+2	1,939568E-1	7,187500E+2	8,174540E-1	7,187500E+2	5,123729E-2	7,187500E+2	9,536463E-1	7,187500E+2	2,055809E-2	7,187500E+2	8,079876E-1	7,187500E+2	2,680041E-2
7,203125E+2	8,725467E-1	7,203125E+2	1,921627E-1	7,203125E+2	8,100019E-1	7,203125E+2	5,033682E-2	7,203125E+2	9,365213E-1	7,203125E+2	2,013112E-2	7,203125E+2	7,910483E-1	7,203125E+2	2,490850E-2
7,218750E+2	8,473753E-1	7,218750E+2	1,901945E-1	7,218750E+2	8,026741E-1	7,218750E+2	4,941567E-2	7,218750E+2	9,196130E-1	7,218750E+2	1,960975E-2	7,218750E+2	7,743025E-1	7,218750E+2	2,297770E-2
7,234375E+2	8,154354E-1	7,234375E+2	1,856547E-1	7,234375E+2	7,931016E-1	7,234375E+2	4,881582E-2	7,234375E+2	8,988373E-1	7,234375E+2	1,860368E-2	7,234375E+2	7,564914E-1	7,234375E+2	2,270310E-2
7,250000E+2	7,835426E-1	7,250000E+2	1,808992E-1	7,250000E+2	7,836849E-1	7,250000E+2	4,817618E-2	7,250000E+2	8,783371E-1	7,250000E+2	1,750994E-2	7,250000E+2	7,388687E-1	7,250000E+2	2,234960E-2
7,265625E+2	7,449031E-1	7,265625E+2	1,766438E-1	7,265625E+2	8,943094E-1	7,265625E+2	6,238747E-2	7,265625E+2	8,537054E-1	7,265625E+2	1,534065E-2	7,265625E+2	8,551768E-1	7,265625E+2	1,652974E-2
7,281250E+2	7,059130E-1	7,281250E+2	1,722146E-1	7,281250E+2	9,388962E-1	7,281250E+2	8,380855E-2	7,281250E+2	8,293634E-1	7,281250E+2	1,305129E-2	7,281250E+2	9,081748E-1	7,281250E+2	2,536005E-2
7,296875E+2	6,623264E-1	7,296875E+2	1,687338E-1	7,296875E+2	9,096451E-1	7,296875E+2	8,266479E-2	7,296875E+2	9,460836E-1	7,296875E+2	1,554202E-2	7,296875E+2	8,975053E-1	7,296875E+2	2,368914E-2
7,312500E+2	6,178697E-1	7,312500E+2	1,652195E-1	7,312500E+2	8,811261E-1	7,312500E+2	8,124792E-2	7,312500E+2	1,005578E+0	7,312500E+2	2,512895E-2	7,312500E+2	8,871310E-1	7,312500E+2	2,202098E-2
7,328125E+2	8,465495E-1	7,328125E+2	1,629657E-1	7,328125E+2	8,564085E-1	7,328125E+2	7,927028E-2	7,328125E+2	9,885913E-1	7,328125E+2	2,295388E-2	7,328125E+2	8,774550E-1	7,328125E+2	2,098665E-2
7,343750E+2	9,537265E-1	7,343750E+2	1,963866E-1	7,343750E+2	8,324356E-1	7,343750E+2	7,711135E-2	7,343750E+2	9,720752E-1	7,343750E+2	2,073866E-2	7,343750E+2	8,680708E-1	7,343750E+2	1,995259E-2
7,359375E+2	9,448233E-1	7,359375E+2	1,902642E-1	7,359375E+2	8,320679E-1	7,359375E+2	7,690474E-2	7,359375E+2	9,580848E-1	7,359375E+2	1,860308E-2	7,359375E+2	8,607379E-1	7,359375E+2	1,782769E-2
7,375000E+2	9,362836E-1	7,375000E+2	1,842559E-1	7,375000E+2	8,315564E-1	7,375000E+2	7,672126E-2	7,375000E+2	9,445306E-1	7,375000E+2	1,649012E-2	7,375000E+2	8,536410E-1	7,375000E+2	1,585474E-2
7,390625E+2	9,367492E-1	7,390625E+2	1,811884E-1	7,390625E+2	8,323060E-1	7,390625E+2	7,666334E-2	7,390625E+2	9,367538E-1	7,390625E+2	1,488731E-2	7,390625E+2	8,500391E-1	7,390625E+2	1,480728E-2
7,406250E+2	9,369912E-1	7,406250E+2	1,784521E-1	7,406250E+2	8,328158E-1	7,406250E+2	7,665659E-2	7,406250E+2	9,291351E-1	7,406250E+2	1,346210E-2	7,406250E+2	8,464045E-1	7,406250E+2	1,402278E-2
7,421875E+2	9,433305E-1	7,421875E+2	1,764366E-1	7,421875E+2	7,452996E-1	7,421875E+2	5,950829E-2	7,421875E+2	9,284009E-1	7,421875E+2	1,171396E-2	7,421875E+2	8,464074E-1	7,421875E+2	1,349480E-2
7,437500E+2	9,488882E-1	7,437500E+2	1,750253E-1	7,437500E+2	6,681953E-1	7,437500E+2	3,599907E-2	7,437500E+2	9,273064E-1	7,437500E+2	1,040564E-2	7,437500E+2	8,460262E-1	7,437500E+2	1,339364E-2
7,453125E+2	9,591765E-1	7,453125E+2	1,750406E-1	7,453125E+2	6,781306E-1	7,453125E+2	3,508179E-2	7,453125E+2	9,338942E-1	7,453125E+2	9,883646E-3	7,453125E+2	8,500742E-1	7,453125E+2	1,405564E-2
7,468750E+2	9,678844E-1	7,468750E+2	1,759559E-1	7,468750E+2	6,868545E-1	7,468750E+2	3,508790E-2	7,468750E+2	9,391473E-1	7,468750E+2	1,002025E-2	7,468750E+2	8,530217E-1	7,468750E+2	1,535038E-2
7,484375E+2	9,827660E-1	7,484375E+2	1,761793E-1	7,484375E+2	8,429267E-1	7,484375E+2	2,888683E-2	7,484375E+2	9,500642E-1	7,484375E+2	1,115181E-2	7,484375E+2	9,372926E-1	7,484375E+2	-2,348529E-3
7,500000E+2	9,945839E-1	7,500000E+2	1,781238E-1	7,500000E+2	8,452330E-1	7,500000E+2	1,321674E-1	7,500000E+2	9,587044E-1	7,500000E+2	1,309495E-2	7,500000E+2	9,321660E-1	7,500000E+2	4,901950E-2
7,515625E+2	9,590171E-1	7,515625E+2	1,560898E-1	7,515625E+2	8,452938E-1	7,515625E+2	1,292057E-1	7,515625E+2	9,725040E-1	7,515625E+2	1,588277E-2	7,515625E+2	9,307611E-1	7,515625E+2	4,909800E-2
7,531250E+2	9,319460E-1	7,531250E+2	1,375671E-1	7,531250E+2	8,455738E-1	7,531250E+2	1,263380E-1	7,531250E+2	9,826322E-1	7,531250E+2	1,985776E-2	7,531250E+2	9,295020E-1	7,531250E+2	4,917171E-2
7,546875E+2	9,790691E-1	7,546875E+2	1,329366E-1	7,546875E+2	8,449278E-1	7,546875E+2	1,226903E-1	7,546875E+2	1,021118E+0	7,546875E+2	1,226059E-2	7,546875E+2	9,281137E-1	7,546875E+2	4,884009E-2
7,562500E+2	1,007741E+0	7,562500E+2	1,447258E-1	7,562500E+2	8,445720E-1	7,562500E+2	1,190594E-1	7,562500E+2	1,037923E+0	7,562500E+2	3,003747E-2	7,562500E+2	9,268501E-1	7,562500E+2	4,849266E-2
7,578125E+2	9,993006E-1	7,578125E+2	1,411403E-1	7,578125E+2	8,427451E-1	7,578125E+2	1,143613E-1	7,578125E+2	1,044100E+0	7,578125E+2	3,513071E-2	7,578125E+2	9,277313E-1	7,578125E+2	5,886915E-2
7,593750E+2	9,918337E-1	7,593750E+2	1,378309E-1	7,593750E+2	8,413689E-1	7,593750E+2	1,096212E-1	7,593750E+2	1,044516E+0	7,593750E+2	4,203353E-2	7,593750E+2	9,185483E-1	7,593750E+2	8,207295E-2
7,609375E+2	9,744991E-1	7,609375E+2	1,319515E-1	7,609375E+2	8,646148E-1	7,609375E+2	1,585281E-1	7,609375E+2	1,040608E+0	7,609375E+2	4,176468E-2	7,609375E+2	9,153641E-1	7,609375E+2	8,187170E-2
7,625000E+2	9,595470E-1	7,625000E+2	1,253638E-1	7,625000E+2	8,469645E-1	7,625000E+2	2,470197E-1	7,625000E+2	1,036832E+0	7,625000E+2	4,151458E-2	7,625000E+2	9,122653E-1	7,625000E+2	8,165183E-2
7,640625E+2	8,818824E-1	7,640625E+2	1,241319E-1	7,640625E+2	8,457699E-1	7,640625E+2	2,457347E-1	7,640625E+2	1,042830E+0	7,640625E+2	4,135975E-2	7,640625E+2	9,040649E-1	7,640625E+2	8,453758E-2
7,656250E+2	8,335577E-1	7,656250E+2	9,441196E-2	7,656250E+2	8,449040E-1	7,656250E+2	2,444322E-1	7,656250E+2	1,053640E+0	7,656250E+2	6,814610E-2	7,656250E+2	8,956559E-1	7,656250E+2	8,740129E-2
7,671875E+2	8,378419E-1	7,671875E+2	9,281118E-2	7,671875E+2	8,445215E-1	7,671875E+2	2,459567E-1	7,671875E+2	1,003776E+0	7,671875E+2	6,210403E-2	7,671875E+2	8,922719E-1	7,671875E+2	8,853322E-2
7,687500E+2	8,420508E-1	7,687500E+2	9,196308E-2	7,687500E+2	8,443078E-1	7,687500E+2	2,477044E-1	7,687500E+2	9,743712E-1	7,687500E+2	4,894667E-2	7,687500E+2	8,889227E-1	7,687500E+2	8,964684E-2
7,703125E+2	8,458162E-1	7,703125E+2	9,010703E-2	7,703125E+2	8,449996E-1	7,703125E+2	2,530258E-1	7,703125E+2	9,675721E-1	7,703125E+2	4,854521E-2	7,703125E+2	8,833858E-1	7,703125E+2	8,120422E-2
7,718750E+2	8,496376E-1	7,718750E+2	8,903794E-2	7,718750E+2	8,455833E-1	7,718750E+2	2,588604E-1	7,718750E+2	9,610244E-1	7,718750E+2	4,807600E-2	7,718750E+2	8,801270E-1	7,718750E+2	7,457389E-2
7,734375E+2	9,225521E-1	7,734375E+2	2,784803E-2	7,734375E+2	8,472042E-1	7,734375E+2	2,616252E-1	7,734375E+2	9,561423E-1	7,734375E+2	4,766684E-2	7,734375E+2	8,774153E-1	7,734375E+2	7,677243E-2
7,750000E+2	1,036835E+0	7,750000E+2	1,037915E-1	7,750000E+2	8,487021E-1	7,750000E+2	2,647345E-1	7,750000E+2	9,515105E-1	7,750000E+2	4,718965E-2	7,750000E+2	8,742540E-1	7,750000E+2	7,876383E-2
7,765625E+2	1,031608E+0	7,765625E+2	1,030196E-1	7,765625E+2	8,281060E-1	7,765625E+2	2,523091E-1	7,765625E+2	9,353918E-1	7,765625E+2	4,071226E-2	7,765625E+2	8,716519E-1	7,765625E+2	8,081621E-2
7,781250E+2	1,026598E+0	7,781250E+2	1,021222E-1	7,781250E+2	9,855612E-1	7,781250E+2	1,684623E-1	7,781250E+2	1,027353E+0	7,781250E+2	3,147465E-2	7,781250E+2	8,686749E-1	7,781250E+2	8,259380E-2
7,796875E+2	1,021638E+0	7,796875E+2	1,010267E-1	7,796875E+2	9,864674E-1	7,796875E+2	1,773871E-1	7,796875E+2	1,023939E+0	7,796875E+2	3,157361E-2	7,796875E+2	8,575847E-1	7,796875E+2	7,915963E-2
7,812500E+2	1,016936E+0	7,812500E+2	9,979247E-2	7,812500E+2	9,870870E-1	7,812500E+2	1,862487E-1	7,812500E+2	1,020726E+0	7,812500E+2	3,160598E-2	7,812500E+2	8,859875E-1	7,812500E+2	9,107540E-2
7,828125E+2	1,015088E+0	7,828125E+2	9,132936E-2	7,828125E+2	9,924112E-1	7,828125E+2	1,858474E-1	7,828125E+2	1,023394E+0	7,828125E+2	3,362245E-2	7,828125E+2	8,769528E-1	7,828125E+2	9,051277E-2
7,843750E+2	1,070322E+0	7,843750E+2	1,074229E-1	7,843750E+2	9,979845E-1	7,843750E+2	1,852822E-1	7,843750E+2	1,026791E+0	7,843750E+2	3,550261E-2	7,843750E+2	8,683538E-1	7,843750E+2	9,023667E-2
7,859375E+2	1,082336E+0	7,859375E+2	1,085966E-1	7,859375E+2	1,007727E+0	7,859375E+2	1,802111E-1	7,859375E+2	1,050886E+0	7,859375E+2	3,811765E-2	7,859375E+2	9,131837E-1	7,859375E+2	7,975520E-2
7,875000E+2	1,098048E+0	7,875000E+2	1,109001E-1	7,875000E+2	1,019112E+0	7,875000E+2	1,743285E-1	7,875000E+2	1,082813E+0	7,875000E+2	4,144968E-2	7,875000E+2	9,991574E-1	7,875000E+2	4,764255E-2
7,890625E+2	1,102846E+0	7,890625E+2	1,051725E-1	7,890625E+2	1,022075E+0	7,890625E+2	1,735640E-1	7,890625E+2	1,083664E+0	7,890625E+2	3,887059E-2	7,890625E+2	9,803502E-1	7,890625E+2	5,022275E-2
7,906250E+2	1,108834E+0	7,906250E+2	9,897637E-2	7,906250E+2	1,025206E+0	7,906250E+2	1,726626E-1	7,906250E+2	1,084655E+0	7,906250E+2	3,610915E-2	7,906250E+2	9,620310E-1	7,906250E+2	5,270726E-2
7,921875E+2	1,111990E+0	7,921875E+2	9,291416E-2	7,921875E+2	1,027899E+0	7,921875E+2	1,725299E-1	7,921875E+2	1,084417E+0	7,921875E+2	3,270489E-2	7,921875E+2	9,395847E-1	7,921875E+2	5,969761E-2
7,937500E+2	1,116181E+0	7,937500E+2	8,639446E-2	7,937500E+2	1,030800E+0	7,937500E+2	1,722736E-1	7,937500E+2	1,084868E+0	7,937500E+2	2,919776E-2	7,937500E+2	9,175938E-1	7,937500E+2	6,629152E-2
7,953125E+2	1,124417E+0	7,953125E+2	8,504565E-2	7,953125E+2	1,039773E+0	7,953125E+2	1,704235E-1	7,953125E+2	1,079486E+0	7,953125E+2	2,813388E-2	7,953125E+2	9,157062E-1	7,953125E+2	7,225670E-2
7,968750E+2	1,134411E+0	7,968750E+2	8,393483E-2	7,968750E+2	1,049945E+0	7,968750E+2	1,681185E-1	7,968750E+2	1,074450E+0	7,968750E+2	2,702958E-2	7,968750E+2	9,142725E-1	7,968750E+2	7,820900E-2
7,984375E+2	1,137601E+0	7,984375E+2	8,315426E-2	7,984375E+2	1,058229E+0	7,984375E+2	1,719049E-1	7,984375E+2	1,073761E+0	7,984375E+2	2,688344E-2	7,984375E+2	9,266849E-1	7,984375E+2	8,072138E-2
8,000000E+2	1,141468E+0	8,000000E+2	8,243498E-2	8,000000E+2	1,066912E+0	8,000000E+2	1,755913E-1	8,000000E+2	1,073620E+0	8,000000E+2	2,674102E-2	8,000000E+2	9,409418E-1	8,000000E+2	8,327504E-2
8,015625E+2	1,144213E+0	8,015625E+2	8,107145E-2	8,015625E+2	1,082603E+0	8,015625E+2	1,781330E-1	8,015625E+2	1,075167E+0	8,015625E+2	2,522312E-2	8,015625E+2	9,599350E-1	8,015625E+2	7,947361E-2
8,031250E+2	1,147556E+0	8,031250E+2	7,973657E-2	8,031250E+2	1,099398E+0	8,031250E+2	1,808309E-1	8,031250E+2	1,077411E+0	8,031250E+2	2,360296E-2	8,031250E+2	9,824716E-1	8,031250E+2	7,472111E-2
8,046875E+2	1,141792E+0	8,046875E+2	7,279572E-2	8,046875E+2	1,110368E+0	8,046875E+2	1,779556E-1	8,046875E+2	1,078696E+0	8,046875E+2	2,178588E-2	8,046875E+2	9,820185E-1	8,046875E+2	7,281580E-2
8,062500E+2	1,136290E+0	8,062500E+2	6,571580E-2	8,062500E+2	1,122070E+0	8,062500E+2	1,749448E-1	8,062500E+2	1,080708E+0	8,062500E+2	1,975994E-2	8,062500E+2	9,824895E-1	8,062500E+2	7,059371E-2
8,078125E+2	1,137617E+0	8,078125E+2	5,943051E-2	8,078125E+2	1,127882E+0	8,078125E+2	1,698869E-1	8,078125E+2	1,080575E+0	8,078125E+2	1,982331E-2	8,078125E+2	9,686471E-1	8,078125E+2	7,506155E-2
8,093750E+2	1,139925E+0	8,093750E+2	5,282077E-2	8,093750E+2	1,134298E+0	8,093750E+2	1,645050E-1	8,093750E+2	1,081123E+0	8,093750E+2	1,985283E-2	8,093750E+2	9,553878E-1	8,093750E+2	7,926777E-2
8,109375E+2	1,138822E+0	8,109375E+2	4,965605E-2	8,109375E+2	1,138048E+0	8,109375E+2	1,629981E-1	8,109375E+2	1,089029E+0	8,109375E+2	1,566162E-2	8,109375E+2	9,503561E-1	8,109375E+2	8,134505E-2
8,125000E+2	1,138522E+0	8,125000E+2	4,635114E-2	8,125000E+2	1,142292E+0	8,125000E+2	1,613041E-1	8,125000E+2	1,099783E+0	8,125000E+2	1,098237E-2	8,125000E+2	9,460555E-1	8,125000E+2	8,321195E-2
8,140625E+2	1,135986E+0	8,140625E+2	4,652068E-2	8,140625E+2	1,150354E+0	8,140625E+2	1,632290E-1	8,140625E+2	1,049702E+0	8,140625E+2	2,014880E-2	8,140625E+2	9,558150E-1	8,140625E+2	8,298855E-2
8,156250E+2	1,134158E+0	8,156250E+2	4,668853E-2	8,156250E+2	1,159012E+0	8,156250E+2	1,652475E-1	8,156250E+2	1,001476E+0	8,156250E+2	2,834039E-2	8,156250E+2	9,682770E-1	8,156250E+2	8,212753E-2
8,171875E+2	1,137346E+0	8,171875E+2	4,658530E-2	8,171875E+2	1,169618E+0	8,171875E+2	1,659620E-1	8,171875E+2	1,025257E+0	8,171875E+2	2,658575E-2	8,171875E+2	9,871862E-1	8,171875E+2	8,612780E-2
8,187500E+2	1,141705E+0	8,187500E+2	4,643599E-2	8,187500E+2	1,180957E+0	8,187500E+2	1,668041E-1	8,187500E+2	1,051599E+0	8,187500E+2	2,456408E-2	8,187500E+2	1,009829E+0	8,187500E+2	8,983979E-2
8,203125E+2	1,153569E+0	8,203125E+2	4,508522E-2	8,203125E+2	1,189412E+0	8,203125E+2	1,651466E-1	8,203125E+2	1,073573E+0	8,203125E+2	2,209638E-2	8,203125E+2	1,016770E+0	8,203125E+2	9,416451E-2
8,218750E+2	1,167575E+0	8,218750E+2	4,352408E-2	8,218750E+2	1,198606E+0	8,218750E+2	1,635210E-1	8,218750E+2	1,097454E+0	8,218750E+2	1,941679E-2	8,218750E+2	1,024813E+0	8,218750E+2	9,832252E-2
8,234375E+2	1,178643E+0	8,234375E+2	4,313705E-2	8,234375E+2	1,209094E+0	8,234375E+2	1,608643E-1	8,234375E+2	1,117147E+0	8,234375E+2	1,792232E-2	8,234375E+2	1,056635E+0	8,234375E+2	9,442288E-2
8,250000E+2	1,191472E+0	8,250000E+2	4,269328E-2	8,250000E+2	1,220706E+0	8,250000E+2	1,581393E-1	8,250000E+2	1,138351E+0	8,250000E+2	1,633459E-2	8,250000E+2	1,092839E+0	8,250000E+2	8,987461E-2
8,265625E+2	1,196803E+0	8,265625E+2	4,280532E-2	8,265625E+2	1,228769E+0	8,265625E+2	1,536237E-1	8,265625E+2	1,167353E+0	8,265625E+2	1,590553E-2	8,265625E+2	1,158215E+0	8,265625E+2	7,041542E-2
8,281250E+2	1,203029E+0	8,281250E+2	4,288413E-2	8,281250E+2	1,237580E+0	8,281250E+2	1,489974E-1	8,281250E+2	1,199517E+0	8,281250E+2	1,555856E-2	8,281250E+2	1,238536E+0	8,281250E+2	4,403056E-2
8,296875E+2	1,190891E+0	8,296875E+2	3,891377E-2	8,296875E+2	1,239631E+0	8,296875E+2	1,401486E-1	8,296875E+2	1,403422E+0	8,296875E+2	-1,076267E-2	8,296875E+2	1,291760E+0	8,296875E+2	2,217432E-2
8,312500E+2	1,179259E+0	8,312500E+2	3,491621E-2	8,312500E+2	1,242156E+0	8,312500E+2	1,311418E-1	8,312500E+2	1,816188E+0	8,312500E+2	-9,775972E-2	8,312500E+2	1,353414E+0	8,312500E+2	-4,897591E-3
8,328125E+2	1,133122E+0	8,328125E+2	3,859114E-2	8,328125E+2	1,245952E+0	8,328125E+2	1,247843E-1	8,328125E+2	1,149137E+0	8,328125E+2	1,588501E-2	8,328125E+2	1,413671E+0	8,328125E+2	-3,158109E-2
8,343750E+2	1,090710E+0	8,343750E+2	4,148355E-2	8,343750E+2	1,250349E+0	8,343750E+2	1,183206E-1	8,343750E+2	8,515230E-1	8,343750E+2	4,276157E-2	8,343750E+2	1,483989E+0	8,343750E+2	-6,586541E-2
8,359375E+2	1,057295E+0	8,359375E+2	4,834188E-2	8,359375E+2	1,270868E+0	8,359375E+2	1,149827E-1	8,359375E+2	8,427017E-1	8,359375E+2	4,335954E-2	8,359375E+2	1,530168E+0	8,359375E+2	-8,982204E-2
8,375000E+2	1,025950E+0	8,375000E+2	5,415463E-2	8,375000E+2	1,293768E+0	8,375000E+2	1,117876E-1	8,375000E+2	8,345149E-1	8,375000E+2	4,382812E-2	8,375000E+2	1,582447E+0	8,375000E+2	-1,194098E-1
8,390625E+2	1,065639E+0	8,390625E+2	5,051386E-2	8,390625E+2	1,332925E+0	8,390625E+2	1,088917E-1	8,390625E+2	8,291143E-1	8,390625E+2	4,433456E-2	8,390625E+2	1,551991E+0	8,390625E+2	-9,020026E-2
8,406250E+2	1,112510E+0	8,406250E+2	4,636171E-2	8,406250E+2	1,378520E+0	8,406250E+2	1,064294E-1	8,406250E+2	8,241017E-1	8,406250E+2	4,473911E-2	8,406250E+2	1,522921E+0	8,406250E+2	-6,427680E-2
8,421875E+2	1,197352E+0	8,421875E+2	3,782884E-2	8,421875E+2	1,379373E+0	8,421875E+2	9,604745E-2	8,421875E+2	8,199920E-1	8,421875E+2	4,370477E-2	8,421875E+2	1,504138E+0	8,421875E+2	-5,952723E-2
8,437500E+2	1,310336E+0	8,437500E+2	2,579903E-2	8,437500E+2	1,380672E+0	8,437500E+2	8,535320E-2	8,437500E+2	8,161915E-1	8,437500E+2	4,267265E-2	8,437500E+2	1,487476E+0	8,437500E+2	-5,656998E-2
8,453125E+2	1,473282E+0	8,453125E+2	6,872030E-3	8,453125E+2	1,327268E+0	8,453125E+2	7,504456E-2	8,453125E+2	8,132919E-1	8,453125E+2	4,231173E-2	8,453125E+2	1,629581E+0	8,453125E+2	-1,587850E-1
8,468750E+2	1,725280E+0	8,468750E+2	-2,929827E-2	8,468750E+2	1,278966E+0	8,468750E+2	6,535511E-2	8,468750E+2	8,106198E-1	8,468750E+2	4,191740E-2	8,468750E+2	1,794085E+0	8,468750E+2	-3,236186E-1
8,484375E+2	1,871177E+0	8,484375E+2	-7,414443E-2	8,484375E+2	1,287558E+0	8,484375E+2	6,242106E-2	8,484375E+2	1,115724E+0	8,484375E+2	8,089808E-3	8,484375E+2	1,450609E+0	8,484375E+2	-1,493832E+0
8,500000E+2	2,060306E+0	8,500000E+2	-1,455046E-1	8,500000E+2	1,297160E+0	8,500000E+2	5,941967E-2	8,500000E+2	2,693485E+0	8,500000E+2	-1,094904E+0	8,500000E+2	5,943612E-1	8,500000E+2	-1,407501E+0
8,515625E+2	1,266877E+0	8,515625E+2	2,894599E-2	8,515625E+2	1,282942E+0	8,515625E+2	5,488521E-2	8,515625E+2	2,766471E+0	8,515625E+2	-1,185845E+0	8,515625E+2	6,416900E-1	8,515625E+2	-1,435692E+0
8,531250E+2	9,536645E-1	8,531250E+2	5,971481E-2	8,531250E+2	1,269569E+0	8,531250E+2	5,023423E-2	8,531250E+2	2,842677E+0	8,531250E+2	-1,293152E+0	8,531250E+2	6,941276E-1	8,531250E+2	-1,462986E+0
8,546875E+2	9,664996E-1	8,546875E+2	5,784260E-2	8,546875E+2	1,281090E+0	8,546875E+2	4,854446E-2	8,546875E+2	2,952520E+0	8,546875E+2	-1,314326E+0	8,546875E+2	7,483538E-1	8,546875E+2	-1,487665E+0
8,562500E+2	9,794852E-1	8,562500E+2	5,603094E-2	8,562500E+2	1,293852E+0	8,562500E+2	4,705267E-2	8,562500E+2	3,075431E+0	8,562500E+2	-1,336710E+0	8,562500E+2	8,079905E-1	8,562500E+2	-1,510288E+0
8,578125E+2	9,901241E-1	8,578125E+2	5,466018E-2	8,578125E+2	1,322371E+0	8,578125E+2	4,797522E-2	8,578125E+2	3,129944E+0	8,578125E+2	-1,291917E+0	8,578125E+2	8,665216E-1	8,578125E+2	-1,531628E+0
8,593750E+2	1,000860E+0	8,593750E+2	5,335284E-2	8,593750E+2	1,353779E+0	8,593750E+2	4,964098E-2	8,593750E+2	3,184021E+0	8,593750E+2	-1,245949E+0	8,593750E+2	9,303153E-1	8,593750E+2	-1,550210E+0
8,609375E+2	1,012575E+0	8,609375E+2	5,234605E-2	8,609375E+2	1,392225E+0	8,609375E+2	4,798246E-2	8,609375E+2	1,685986E+0	8,609375E+2	-1,060150E-1	8,609375E+2	1,001398E+0	8,609375E+2	-1,562994E+0
8,625000E+2	1,024471E+0	8,625000E+2	5,142166E-2	8,625000E+2	1,435196E+0	8,625000E+2	4,673822E-2	8,625000E+2	1,202019E+0	8,625000E+2	-1,562142E-2	8,625000E+2	1,077964E+0	8,625000E+2	-1,570267E+0
8,640625E+2	1,040190E+0	8,640625E+2	4,998889E-2	8,640625E+2	1,505075E+0	8,640625E+2	3,890918E-2	8,640625E+2	1,216080E+0	8,640625E+2	-1,858027E-2	8,640625E+2	1,186410E+0	8,640625E+2	-1,561989E+0
8,656250E+2	1,056429E+0	8,656250E+2	4,863322E-2	8,656250E+2	1,588478E+0	8,656250E+2	2,954066E-2	8,656250E+2	1,230274E+0	8,656250E+2	-2,151156E-2	8,656250E+2	1,300986E+0	8,656250E+2	-1,536992E+0
8,671875E+2	1,718696E+0	8,671875E+2	-7,175724E-2	8,671875E+2	1,495688E+0	8,671875E+2	1,222951E-2	8,671875E+2	1,240303E+0	8,671875E+2	-2,175678E-2	8,671875E+2	1,826433E+0	8,671875E+2	-7,299413E-1
8,687500E+2	4,482304E-1	8,687500E+2	-2,073736E+0	8,687500E+2	1,417033E+0	8,687500E+2	-2,843706E-3	8,687500E+2	1,250430E+0	8,687500E+2	-2,194777E-2	8,687500E+2	1,509763E+0	8,687500E+2	-1,281756E-1
8,703125E+2	5,529500E-1	8,703125E+2	-2,238989E+0	8,703125E+2	1,478172E+0	8,703125E+2	-1,108068E-2	8,703125E+2	1,252583E+0	8,703125E+2	-2,345986E-2	8,703125E+2	1,541546E+0	8,703125E+2	-1,332342E-1
8,718750E+2	7,123127E-1	8,718750E+2	-2,438304E+0	8,718750E+2	1,549836E+0	8,718750E+2	-2,151555E-2	8,718750E+2	1,254918E+0	8,718750E+2	-2,496249E-2	8,718750E+2	1,574777E+0	8,718750E+2	-1,380017E-1
8,734375E+2	2,363334E+0	8,734375E+2	-5,348057E-1	8,734375E+2	1,512227E+0	8,734375E+2	-1,577535E-2	8,734375E+2	2,523516E+0	8,734375E+2	-5,150869E-1	8,734375E+2	1,631193E+0	8,734375E+2	-1,657375E-1
8,750000E+2	1,439440E+0	8,750000E+2	-7,098139E-2	8,750000E+2	1,477709E+0	8,750000E+2	-1,123212E-2	8,750000E+2	2,010203E-1	8,750000E+2	-1,780880E+0	8,750000E+2	1,692326E+0	8,750000E+2	-1,969213E-1
8,765625E+2	1,401145E+0	8,765625E+2	-5,713439E-2	8,765625E+2	1,443586E+0	8,765625E+2	-7,331055E-3	8,765625E+2	2,148274E-1	8,765625E+2	-1,858597E+0	8,765625E+2	1,769177E+0	8,765625E+2	-2,898679E-1
8,781250E+2	1,366222E+0	8,781250E+2	-4,562907E-2	8,781250E+2	1,412209E+0	8,781250E+2	-4,337959E-3	8,781250E+2	2,312912E-1	8,781250E+2	-1,946772E+0	8,781250E+2	1,844081E+0	8,781250E+2	-4,051415E-1
8,796875E+2	1,333614E+0	8,796875E+2	-3,468971E-2	8,796875E+2	1,337048E+0	8,796875E+2	-1,020573E-2	8,796875E+2	2,532519E-1	8,796875E+2	-2,044884E+0	8,796875E+2	1,193359E+0	8,796875E+2	-1,446943E+0
8,812500E+2	1,303712E+0	8,812500E+2	-2,549935E-2	8,812500E+2	1,272873E+0	8,812500E+2	-1,512983E-2	8,812500E+2	2,806729E-1	8,812500E+2	-2,158644E+0	8,812500E+2	5,288877E-1	8,812500E+2	-1,282396E+0
8,828125E+2	1,276522E+0	8,828125E+2	-1,789604E-2	8,828125E+2	1,251094E+0	8,828125E+2	-1,301738E-2	8,828125E+2	3,049287E-1	8,828125E+2	-2,267640E+0	8,828125E+2	5,296851E-1	8,828125E+2	-1,281789E+0
8,843750E+2	1,251506E+0	8,843750E+2	-1,146604E-2	8,843750E+2	1,230876E+0	8,843750E+2	-1,138005E-2	8,843750E+2	3,349634E-1	8,843750E+2	-2,394070E+0	8,843750E+2	5,302098E-1	8,843750E+2	-1,281313E+0
8,859375E+2	1,873364E+0	8,859375E+2	-1,836060E-1	8,859375E+2	1,603100E+0	8,859375E+2	-7,946746E-2	8,859375E+2	3,580077E-1	8,859375E+2	-2,484427E+0	8,859375E+2	5,458896E-1	8,859375E+2	-1,287555E+0
8,875000E+2	1,438363E+0	8,875000E+2	-2,906243E+0	8,875000E+2	2,713669E+0	8,875000E+2	-5,946886E-1	8,875000E+2	3,849384E-1	8,875000E+2	-2,584781E+0	8,875000E+2	5,616964E-1	8,875000E+2	-1,293714E+0
8,890625E+2	1,894399E+0	8,890625E+2	-3,008765E+0	8,890625E+2	2,493989E+0	8,890625E+2	-4,421789E-1	8,890625E+2	3,743662E-1	8,890625E+2	-2,594851E+0	8,890625E+2	5,922068E-1	8,890625E+2	-1,306383E+0
8,906250E+2	2,487722E+0	8,906250E+2	-2,921002E+0	8,906250E+2	2,313777E+0	8,906250E+2	-3,442832E-1	8,906250E+2	3,635165E-1	8,906250E+2	-2,605217E+0	8,906250E+2	6,243211E-1	8,906250E+2	-1,318725E+0
8,921875E+2	2,787246E+0	8,921875E+2	-2,757495E+0	8,921875E+2	2,158578E+0	8,921875E+2	-2,754626E-1	8,921875E+2	3,255299E-1	8,921875E+2	-2,513636E+0	8,921875E+2	6,760601E-1	8,921875E+2	-1,338723E+0
8,937500E+2	3,042160E+0	8,937500E+2	-2,514956E+0	8,937500E+2	2,030097E+0	8,937500E+2	-2,276277E-1	8,937500E+2	2,938015E-1	8,937500E+2	-2,432957E+0	8,937500E+2	7,330572E-1	8,937500E+2	-1,357196E+0
8,953125E+2	2,891355E+0	8,953125E+2	-2,747924E+0	8,953125E+2	2,004398E+0	8,953125E+2	-2,075197E-1	8,953125E+2	2,354212E-1	8,953125E+2	-2,244067E+0	8,953125E+2	8,001860E-1	8,953125E+2	-1,373541E+0
8,968750E+2	2,698056E+0	8,968750E+2	-2,947800E+0	8,968750E+2	1,981194E+0	8,968750E+2	-1,898468E-1	8,968750E+2	1,952797E-1	8,968750E+2	-2,097280E+0	8,968750E+2	8,740590E-1	8,968750E+2	-1,385285E+0
8,984375E+2	2,231956E+0	8,984375E+2	-3,117173E+0	8,984375E+2	2,088171E+0	8,984375E+2	-2,173192E-1	8,984375E+2	1,682097E-1	8,984375E+2	-1,992447E+0	8,984375E+2	9,411263E-1	8,984375E+2	-1,389620E+0
9,000000E+2	1,815298E+0	9,000000E+2	-3,132970E+0	9,000000E+2	2,216728E+0	9,000000E+2	-2,537496E-1	9,000000E+2	1,470054E-1	9,000000E+2	-1,904789E+0	9,000000E+2	1,012033E+0	9,000000E+2	-1,388108E+0
9,015625E+2	1,508851E+0	9,015625E+2	-3,049319E+0	9,015625E+2	2,275512E+0	9,015625E+2	-2,897843E-1	9,015625E+2	1,399073E-1	9,015625E+2	-1,881418E+0	9,015625E+2	1,096182E+0	9,015625E+2	-1,382602E+0
9,031250E+2	1,274565E+0	9,031250E+2	-2,943060E+0	9,031250E+2	2,338729E+0	9,031250E+2	-3,306017E-1	9,031250E+2	1,332131E-1	9,031250E+2	-1,859765E+0	9,031250E+2	1,184191E+0	9,031250E+2	-1,366603E+0
9,046875E+2	1,103425E+0	9,046875E+2	-2,847289E+0	9,046875E+2	2,449904E+0	9,046875E+2	-3,765616E-1	9,046875E+2	1,326515E-1	9,046875E+2	-1,864422E+0	9,046875E+2	1,276899E+0	9,046875E+2	-1,344636E+0
9,062500E+2	9,673523E-1	9,062500E+2	-2,754146E+0	9,062500E+2	2,574996E+0	9,062500E+2	-4,315289E-1	9,062500E+2	1,319989E-1	9,062500E+2	-1,869333E+0	9,062500E+2	1,370465E+0	9,062500E+2	-1,308587E+0
9,078125E+2	8,717346E-1	9,078125E+2	-2,695183E+0	9,078125E+2	2,740613E+0	9,078125E+2	-5,101379E-1	9,078125E+2	1,330474E-1	9,078125E+2	-1,886626E+0	9,078125E+2	1,468374E+0	9,078125E+2	-1,262704E+0
9,093750E+2	7,898699E-1	9,093750E+2	-2,638754E+0	9,093750E+2	2,934570E+0	9,093750E+2	-6,127199E-1	9,093750E+2	1,340451E-1	9,093750E+2	-1,904385E+0	9,093750E+2	1,561146E+0	9,093750E+2	-1,199433E+0
9,109375E+2	7,528345E-1	9,109375E+2	-2,610452E+0	9,109375E+2	3,174490E+0	9,109375E+2	-7,918699E-1	9,109375E+2	1,393335E-1	9,109375E+2	-1,936190E+0	9,109375E+2	1,664360E+0	9,109375E+2	-1,109633E+0
9,125000E+2	7,187832E-1	9,125000E+2	-2,584591E+0	9,125000E+2	3,452572E+0	9,125000E+2	-1,056745E+0	9,125000E+2	1,449241E-1	9,125000E+2	-1,969350E+0	9,125000E+2	1,747865E+0	9,125000E+2	-9,986659E-1
9,140625E+2	7,044382E-1	9,140625E+2	-2,579272E+0	9,140625E+2	3,847917E+0	9,140625E+2	-1,762121E+0	9,140625E+2	1,532659E-1	9,140625E+2	-2,012564E+0	9,140625E+2	1,817954E+0	9,140625E+2	-8,481327E-1
9,156250E+2	6,906998E-1	9,156250E+2	-2,575475E+0	9,156250E+2	3,825618E+0	9,156250E+2	-2,985836E+0	9,156250E+2	1,623626E-1	9,156250E+2	-2,058272E+0	9,156250E+2	1,846683E+0	9,156250E+2	-6,925206E-1
9,171875E+2	7,099804E-1	9,171875E+2	-2,601131E+0	9,171875E+2	1,903159E+0	9,171875E+2	-3,979204E+0	9,171875E+2	1,733954E-1	9,171875E+2	-2,115324E+0	9,171875E+2	1,846627E+0	9,171875E+2	-5,847252E-1
9,187500E+2	7,301085E-1	9,187500E+2	-2,628158E+0	9,187500E+2	8,302347E-1	9,187500E+2	-3,382855E+0	9,187500E+2	1,857672E-1	9,187500E+2	-2,176720E+0	9,187500E+2	1,830244E+0	9,187500E+2	-4,864440E-1
9,203125E+2	7,686919E-1	9,203125E+2	-2,673759E+0	9,203125E+2	4,976180E-1	9,203125E+2	-2,950567E+0	9,203125E+2	2,109460E-1	9,203125E+2	-2,272147E+0	9,203125E+2	1,819062E+0	9,203125E+2	-4,232047E-1
9,218750E+2	8,105196E-1	9,218750E+2	-2,721258E+0	9,218750E+2	3,297282E-1	9,218750E+2	-2,643404E+0	9,218750E+2	2,419540E-1	9,218750E+2	-2,379531E+0	9,218750E+2	1,802165E+0	9,218750E+2	-3,651326E-1
9,234375E+2	8,601077E-1	9,234375E+2	-2,777738E+0	9,234375E+2	3,006383E-1	9,234375E+2	-2,600394E+0	9,234375E+2	3,025993E-1	9,234375E+2	-2,561993E+0	9,234375E+2	1,784256E+0	9,234375E+2	-3,087361E-1
9,250000E+2	9,148592E-1	9,250000E+2	-2,836694E+0	9,250000E+2	2,739916E-1	9,250000E+2	-2,561434E+0	9,250000E+2	3,919629E-1	9,250000E+2	-2,786762E+0	9,250000E+2	1,761917E+0	9,250000E+2	-2,577249E-1
9,265625E+2	1,024715E+0	9,265625E+2	-2,916356E+0	9,265625E+2	3,151956E-1	9,265625E+2	-2,689452E+0	9,265625E+2	6,483029E-1	9,265625E+2	-3,273310E+0	9,265625E+2	1,735233E+0	9,265625E+2	-2,077583E-1
9,281250E+2	1,152339E+0	9,281250E+2	-2,994116E+0	9,281250E+2	3,680292E-1	9,281250E+2	-2,835115E+0	9,281250E+2	1,319652E+0	9,281250E+2	-3,990973E+0	9,281250E+2	1,705580E+0	9,281250E+2	-1,638329E-1
9,296875E+2	1,285385E+0	9,296875E+2	-3,055909E+0	9,296875E+2	6,829877E-1	9,296875E+2	-3,387490E+0	9,296875E+2	4,101230E+0	9,296875E+2	-3,754203E+0	9,296875E+2	1,671096E+0	9,296875E+2	-1,224318E-1
9,312500E+2	1,435605E+0	9,312500E+2	-3,109231E+0	9,312500E+2	1,620677E+0	9,312500E+2	-4,162468E+0	9,312500E+2	3,971363E+0	9,312500E+2	-1,137449E+0	9,312500E+2	1,635214E+0	9,312500E+2	-8,713200E-2
9,328125E+2	1,585016E+0	9,328125E+2	-3,143236E+0	9,328125E+2	4,273439E+0	9,328125E+2	-2,156939E+0	9,328125E+2	3,309941E+0	9,328125E+2	-5,669808E-1	9,328125E+2	1,603177E+0	9,328125E+2	-6,888317E-2
9,343750E+2	1,747384E+0	9,343750E+2	-3,162924E+0	9,343750E+2	3,188430E+0	9,343750E+2	-6,506861E-1	9,343750E+2	2,869923E+0	9,343750E+2	-3,441783E-1	9,343750E+2	1,571982E+0	9,343750E+2	-5,347406E-2
9,359375E+2	1,956529E+0	9,359375E+2	-3,155472E+0	9,359375E+2	2,626284E+0	9,359375E+2	-3,565719E-1	9,359375E+2	2,692459E+0	9,359375E+2	-2,714248E-1	9,359375E+2	1,547754E+0	9,359375E+2	-5,226227E-2
9,375000E+2	2,173411E+0	9,375000E+2	-3,113730E+0	9,375000E+2	2,282083E+0	9,375000E+2	-2,401079E-1	9,375000E+2	2,547844E+0	9,375000E+2	-2,215208E-1	9,375000E+2	1,524708E+0	9,375000E+2	-5,174764E-2
9,390625E+2	2,435075E+0	9,390625E+2	-3,019956E+0	9,390625E+2	2,109145E+0	9,390625E+2	-1,901972E-1	9,390625E+2	2,527082E+0	9,390625E+2	-2,115257E-1	9,390625E+2	1,514255E+0	9,390625E+2	-5,810511E-2
9,406250E+2	2,676882E+0	9,406250E+2	-2,869580E+0	9,406250E+2	1,974025E+0	9,406250E+2	-1,583861E-1	9,406250E+2	2,507806E+0	9,406250E+2	-2,026353E-1	9,406250E+2	1,504233E+0	9,406250E+2	-6,431611E-2
9,421875E+2	2,942024E+0	9,421875E+2	-2,589189E+0	9,421875E+2	1,877179E+0	9,421875E+2	-1,366397E-1	9,421875E+2	2,659696E+0	9,421875E+2	-2,431300E-1	9,421875E+2	1,499423E+0	9,421875E+2	-7,179571E-2
9,437500E+2	3,105435E+0	9,437500E+2	-2,266177E+0	9,437500E+2	1,796097E+0	9,437500E+2	-1,211678E-1	9,437500E+2	2,831922E+0	9,437500E+2	-2,931740E-1	9,437500E+2	1,494896E+0	9,437500E+2	-7,904846E-2
9,453125E+2	3,197528E+0	9,453125E+2	-1,926875E+0	9,453125E+2	1,731827E+0	9,453125E+2	-1,076877E-1	9,453125E+2	3,310483E+0	9,453125E+2	-4,981219E-1	9,453125E+2	1,483172E+0	9,453125E+2	-8,959781E-2
9,468750E+2	3,202146E+0	9,468750E+2	-1,621914E+0	9,468750E+2	1,676139E+0	9,468750E+2	-9,761870E-2	9,468750E+2	4,019777E+0	9,468750E+2	-9,698524E-1	9,468750E+2	1,472044E+0	9,468750E+2	-9,982817E-2
9,484375E+2	3,177719E+0	9,484375E+2	-1,359757E+0	9,484375E+2	1,629090E+0	9,484375E+2	-8,847165E-2	9,484375E+2	4,717855E+0	9,484375E+2	-1,837290E+0	9,484375E+2	1,437392E+0	9,484375E+2	-1,260688E-1
9,500000E+2	3,116077E+0	9,500000E+2	-1,144522E+0	9,500000E+2	1,587499E+0	9,500000E+2	-8,148385E-2	9,500000E+2	4,860985E+0	9,500000E+2	-3,726918E+0	9,500000E+2	1,404921E+0	9,500000E+2	-1,500808E-1
9,515625E+2	3,022924E+0	9,515625E+2	-9,488920E-1	9,515625E+2	1,555083E+0	9,515625E+2	-7,347672E-2	9,515625E+2	4,141945E+0	9,515625E+2	-4,648696E+0	9,515625E+2	1,396100E+0	9,515625E+2	-1,789604E-1
9,531250E+2	2,923597E+0	9,531250E+2	-7,993281E-1	9,531250E+2	1,525841E+0	9,531250E+2	-6,711494E-2	9,531250E+2	3,178061E+0	9,531250E+2	-5,051199E+0	9,531250E+2	1,387267E+0	9,531250E+2	-2,068315E-1
9,546875E+2	2,794809E+0	9,546875E+2	-6,846107E-1	9,546875E+2	2,199178E+0	9,546875E+2	-2,340216E-1	9,546875E+2	2,687095E+0	9,546875E+2	-5,086892E+0	9,546875E+2	1,391927E+0	9,546875E+2	-2,345238E-1
9,562500E+2	2,682304E+0	9,562500E+2	-6,010245E-1	9,562500E+2	3,849868E+0	9,562500E+2	-3,404268E+0	9,562500E+2	2,285185E+0	9,562500E+2	-5,047060E+0	9,562500E+2	1,396468E+0	9,562500E+2	-2,620687E-1
9,578125E+2	2,524651E+0	9,578125E+2	-5,036144E-1	9,578125E+2	3,393215E+0	9,578125E+2	-4,068736E+0	9,578125E+2	2,026140E+0	9,578125E+2	-4,942534E+0	9,578125E+2	1,431537E+0	9,578125E+2	-3,081022E-1
9,593750E+2	2,396325E+0	9,593750E+2	-4,394498E-1	9,593750E+2	2,736308E+0	9,593750E+2	-4,479609E+0	9,593750E+2	1,821065E+0	9,593750E+2	-4,843357E+0	9,593750E+2	1,467541E+0	9,593750E+2	-3,583170E-1
9,609375E+2	2,215737E+0	9,609375E+2	-3,246897E-1	9,609375E+2	2,763561E+0	9,609375E+2	-4,718482E+0	9,609375E+2	1,718084E+0	9,609375E+2	-4,689494E+0	9,609375E+2	1,608915E+0	9,609375E+2	-4,569706E-1
9,625000E+2	2,075295E+0	9,625000E+2	-2,604101E-1	9,625000E+2	2,801164E+0	9,625000E+2	-4,991081E+0	9,625000E+2	1,637312E+0	9,625000E+2	-4,561851E+0	9,625000E+2	1,786490E+0	9,625000E+2	-6,030762E-1
9,640625E+2	2,037359E+0	9,640625E+2	-2,346201E-1	9,640625E+2	3,506742E+0	9,640625E+2	-5,100511E+0	9,640625E+2	1,316970E+0	9,640625E+2	1,016794E-1	9,640625E+2	1,866955E+0	9,640625E+2	-6,686238E-1
9,656250E+2	2,003518E+0	9,656250E+2	-2,157582E-1	9,656250E+2	4,366482E+0	9,656250E+2	-4,954971E+0	9,656250E+2	1,116713E+0	9,656250E+2	-2,208973E-2	9,656250E+2	1,955274E+0	9,656250E+2	-7,448687E-1
9,671875E+2	2,034145E+0	9,671875E+2	-2,242770E-1	9,671875E+2	1,933401E+0	9,671875E+2	-4,976820E-2	9,671875E+2	1,124162E+0	9,671875E+2	-2,162508E-2	9,671875E+2	1,983122E+0	9,671875E+2	-7,632712E-1
9,687500E+2	2,064700E+0	9,687500E+2	-2,328360E-1	9,687500E+2	1,488315E+0	9,687500E+2	-1,282921E-1	9,687500E+2	1,131229E+0	9,687500E+2	-2,132782E-2	9,687500E+2	2,012214E+0	9,687500E+2	-7,817704E-1
9,703125E+2	2,151242E+0	9,703125E+2	-2,751626E-1	9,703125E+2	1,493732E+0	9,703125E+2	-1,223272E-1	9,703125E+2	1,136604E+0	9,703125E+2	-2,071128E-2	9,703125E+2	2,017011E+0	9,703125E+2	-7,747559E-1
9,718750E+2	2,242419E+0	9,718750E+2	-3,215634E-1	9,718750E+2	1,498549E+0	9,718750E+2	-1,163977E-1	9,718750E+2	1,141658E+0	9,718750E+2	-2,032056E-2	9,718750E+2	2,022267E+0	9,718750E+2	-7,683289E-1
9,734375E+2	1,529855E+0	9,734375E+2	-2,221792E-2	9,734375E+2	1,501511E+0	9,734375E+2	-1,101279E-1	9,734375E+2	1,145547E+0	9,734375E+2	-1,930625E-2	9,734375E+2	2,002562E+0	9,734375E+2	-7,386755E-1
9,750000E+2	1,297966E+0	9,750000E+2	-5,565167E-2	9,750000E+2	1,503942E+0	9,750000E+2	-1,039929E-1	9,750000E+2	1,149153E+0	9,750000E+2	-1,860097E-2	9,750000E+2	1,983755E+0	9,750000E+2	-7,128672E-1
9,765625E+2	1,319450E+0	9,765625E+2	-5,665896E-2	9,765625E+2	1,503280E+0	9,765625E+2	-9,797958E-2	9,765625E+2	1,151714E+0	9,765625E+2	-1,741440E-2	9,765625E+2	1,954346E+0	9,765625E+2	-6,810183E-1
9,781250E+2	1,340240E+0	9,781250E+2	-5,759357E-2	9,781250E+2	1,502270E+0	9,781250E+2	-9,231179E-2	9,781250E+2	1,154047E+0	9,781250E+2	-1,663429E-2	9,781250E+2	1,926773E+0	9,781250E+2	-6,540579E-1
9,796875E+2	1,353708E+0	9,796875E+2	-5,800737E-2	9,796875E+2	1,498996E+0	9,796875E+2	-8,589396E-2	9,796875E+2	1,155621E+0	9,796875E+2	-1,508094E-2	9,796875E+2	1,897611E+0	9,796875E+2	-6,290092E-1
9,812500E+2	1,366426E+0	9,812500E+2	-5,856626E-2	9,812500E+2	1,495514E+0	9,812500E+2	-8,002043E-2	9,812500E+2	1,157065E+0	9,812500E+2	-1,409851E-2	9,812500E+2	1,870651E+0	9,812500E+2	-6,081775E-1
9,828125E+2	1,376933E+0	9,828125E+2	-5,808936E-2	9,828125E+2	2,619738E+0	9,828125E+2	-1,706382E+0	9,828125E+2	1,780946E+0	9,828125E+2	-1,757265E+0	9,828125E+2	1,852539E+0	9,828125E+2	-5,840177E-1
9,843750E+2	1,386654E+0	9,843750E+2	-5,780553E-2	9,843750E+2	2,291767E-1	9,843750E+2	-2,040526E+0	9,843750E+2	1,664862E-1	9,843750E+2	-1,709420E+0	9,843750E+2	1,835127E+0	9,843750E+2	-5,632241E-1
9,859375E+2	2,209790E+0	9,859375E+2	-1,126917E+0	9,859375E+2	2,443621E-1	9,859375E+2	-2,130698E+0	9,859375E+2	1,809604E-1	9,859375E+2	-1,773492E+0	9,859375E+2	1,822861E+0	9,859375E+2	-5,380964E-1
9,875000E+2	4,913278E-1	9,875000E+2	-2,038569E+0	9,875000E+2	2,640564E-1	9,875000E+2	-2,230647E+0	9,875000E+2	2,004419E-1	9,875000E+2	-1,841735E+0	9,875000E+2	1,810397E+0	9,875000E+2	-5,160765E-1
9,890625E+2	5,608380E-1	9,890625E+2	-2,124408E+0	9,890625E+2	2,926775E-1	9,890625E+2	-2,342154E+0	9,890625E+2	2,248347E-1	9,890625E+2	-1,928751E+0	9,890625E+2	1,797275E+0	9,890625E+2	-4,962214E-1
9,906250E+2	6,479190E-1	9,906250E+2	-2,210471E+0	9,906250E+2	3,306128E-1	9,906250E+2	-2,466374E+0	9,906250E+2	2,600750E-1	9,906250E+2	-2,020705E+0	9,906250E+2	1,784323E+0	9,906250E+2	-4,793456E-1
9,921875E+2	8,029794E-1	9,921875E+2	-2,337798E+0	9,921875E+2	4,093395E-1	9,921875E+2	-2,628194E+0	9,921875E+2	3,056654E-1	9,921875E+2	-2,175496E+0	9,921875E+2	1,802091E+0	9,921875E+2	-4,805009E-1
9,937500E+2	1,015907E+0	9,937500E+2	-2,443181E+0	9,937500E+2	5,201736E-1	9,937500E+2	-2,807323E+0	9,937500E+2	3,903172E-1	9,937500E+2	-2,362588E+0	9,937500E+2	1,819330E+0	9,937500E+2	-4,812624E-1
9,953125E+2	1,432555E+0	9,953125E+2	-2,603538E+0	9,953125E+2	7,256549E-1	9,953125E+2	-3,139056E+0	9,953125E+2	1,782184E-1	9,953125E+2	3,326729E+0	9,953125E+2	1,855640E+0	9,953125E+2	-4,987949E-1
9,968750E+2	2,015087E+0	9,968750E+2	-2,491378E+0	9,968750E+2	1,128609E+0	9,968750E+2	-3,536811E+0	9,968750E+2	1,765178E+0	9,968750E+2	-5,943067E-1	9,968750E+2	1,892267E+0	9,968750E+2	-5,153986E-1
9,984375E+2	2,858588E+0	9,984375E+2	-1,490555E+0	9,984375E+2	2,063926E+0	9,984375E+2	-4,298087E+0	9,984375E+2	1,707244E+0	9,984375E+2	-5,794421E-1	9,984375E+2	1,953587E+0	9,984375E+2	-5,469647E-1
1,000000E+3	2,368300E+0	1,000000E+3	-7,162867E-1	1,000000E+3	4,359673E+0	1,000000E+3	-3,614585E+0	1,000000E+3	1,648273E+0	1,000000E+3	-5,662393E-1	1,000000E+3	2,017276E+0	1,000000E+3	-5,778002E-1
1,001562E+3	2,090611E+0	1,001562E+3	-3,773721E-1	1,001562E+3	3,326139E+0	1,001562E+3	-3,199260E-1	1,001562E+3	1,642474E+0	1,001562E+3	-5,340542E-1	1,001562E+3	2,102974E+0	1,001562E+3	-6,380275E-1
1,003125E+3	1,786608E+0	1,003125E+3	-2,753490E-1	1,003125E+3	2,354472E+0	1,003125E+3	-2,800799E-1	1,003125E+3	1,635705E+0	1,003125E+3	-5,007155E-1	1,003125E+3	2,193464E+0	1,003125E+3	-6,998579E-1
1,004687E+3	1,560697E+0	1,004687E+3	-2,042011E-1	1,004687E+3	1,842711E+0	1,004687E+3	-1,959887E-1	1,004687E+3	1,633073E+0	1,004687E+3	-4,838682E-1	1,004687E+3	2,088195E+0	1,004687E+3	-7,441468E-1
1,006250E+3	1,309118E+0	1,006250E+3	-2,664906E-1	1,006250E+3	1,429999E+0	1,006250E+3	-3,936762E-1	1,006250E+3	1,629181E+0	1,006250E+3	-4,642849E-1	1,006250E+3	1,992702E+0	1,006250E+3	-7,940323E-1
1,007812E+3	1,305875E+0	1,007812E+3	-2,678622E-1	1,007812E+3	1,425039E+0	1,007812E+3	-3,780595E-1	1,007812E+3	1,629327E+0	1,007812E+3	-4,535954E-1	1,007812E+3	1,736515E+0	1,007812E+3	-7,391398E-1
1,009375E+3	1,300391E+0	1,009375E+3	-2,682038E-1	1,009375E+3	1,419149E+0	1,009375E+3	-3,623940E-1	1,009375E+3	1,627634E+0	1,009375E+3	-4,390538E-1	1,009375E+3	1,536378E+0	1,009375E+3	-7,572943E-1
1,010937E+3	1,337569E+0	1,010937E+3	-3,078707E-1	1,010937E+3	1,417222E+0	1,010937E+3	-3,500489E-1	1,010937E+3	1,405045E+0	1,010937E+3	-7,349390E-1	1,010937E+3	1,527485E+0	1,010937E+3	-7,629440E-1
1,012500E+3	1,384541E+0	1,012500E+3	-3,401250E-1	1,012500E+3	1,414528E+0	1,012500E+3	-3,375821E-1	1,012500E+3	1,084045E+0	1,012500E+3	-1,516051E+0	1,012500E+3	1,515724E+0	1,012500E+3	-7,690268E-1
1,014062E+3	1,444426E+0	1,014062E+3	-5,006314E-1	1,014062E+3	1,415171E+0	1,014062E+3	-3,298215E-1	1,014062E+3	1,174324E+0	1,014062E+3	-1,505603E+0	1,014062E+3	1,460199E+0	1,014062E+3	-1,135681E+0
1,015625E+3	1,570595E+0	1,015625E+3	-7,011330E-1	1,015625E+3	1,414764E+0	1,015625E+3	-3,218360E-1	1,015625E+3	1,266322E+0	1,015625E+3	-1,482154E+0	1,015625E+3	1,296935E+0	1,015625E+3	-1,539413E+0
1,017187E+3	1,556198E+0	1,017187E+3	-7,369432E-1	1,017187E+3	1,434088E+0	1,017187E+3	-3,572999E-1	1,017187E+3	1,330337E+0	1,017187E+3	-1,454472E+0	1,017187E+3	1,368497E+0	1,017187E+3	-1,503816E+0
1,018750E+3	1,549076E+0	1,018750E+3	-7,740784E-1	1,018750E+3	1,457668E+0	1,018750E+3	-3,895847E-1	1,018750E+3	1,392055E+0	1,018750E+3	-1,419750E+0	1,018750E+3	1,434536E+0	1,018750E+3	-1,459036E+0
1,020312E+3	1,536490E+0	1,020312E+3	-7,696794E-1	1,020312E+3	1,519194E+0	1,020312E+3	-5,413004E-1	1,020312E+3	1,427909E+0	1,020312E+3	-1,385058E+0	1,020312E+3	1,493894E+0	1,020312E+3	-1,410240E+0
1,021875E+3	1,527395E+0	1,021875E+3	-7,663909E-1	1,021875E+3	1,643621E+0	1,021875E+3	-6,928005E-1	1,021875E+3	1,460851E+0	1,021875E+3	-1,348605E+0	1,021875E+3	1,545444E+0	1,021875E+3	-1,355294E+0
1,023437E+3	1,528120E+0	1,023437E+3	-7,547470E-1	1,023437E+3	1,649001E+0	1,023437E+3	-7,635898E-1	1,023437E+3	1,027016E+0	1,023437E+3	-1,332206E+0	1,023437E+3	1,588003E+0	1,023437E+3	-1,297485E+0
1,025000E+3	1,530703E+0	1,025000E+3	-7,441630E-1	1,025000E+3	1,675920E+0	1,025000E+3	-8,412104E-1	1,025000E+3	2,532732E-1	1,025000E+3	-1,005587E+0	1,025000E+3	1,622001E+0	1,025000E+3	-1,237237E+0
1,026562E+3	1,533113E+0	1,026562E+3	-7,349341E-1	1,026562E+3	1,675573E+0	1,026562E+3	-8,535636E-1	1,026562E+3	2,657419E-1	1,026562E+3	-1,002326E+0	1,026562E+3	1,634731E+0	1,026562E+3	-1,175505E+0
1,028125E+3	1,537239E+0	1,028125E+3	-7,264673E-1	1,028125E+3	1,683720E+0	1,028125E+3	-8,687298E-1	1,028125E+3	2,783262E-1	1,028125E+3	-9,954749E-1	1,028125E+3	1,640478E+0	1,028125E+3	-1,116851E+0
1,029687E+3	1,335954E+0	1,029687E+3	-9,475032E-1	1,029687E+3	1,679648E+0	1,029687E+3	-8,668964E-1	1,029687E+3	2,779634E-1	1,029687E+3	-9,909309E-1	1,029687E+3	1,483961E+0	1,029687E+3	-1,060300E+0
1,031250E+3	6,293862E-1	1,031250E+3	-1,170539E+0	1,031250E+3	1,679936E+0	1,031250E+3	-8,670073E-1	1,031250E+3	2,762432E-1	1,031250E+3	-9,827689E-1	1,031250E+3	1,350910E+0	1,031250E+3	-1,028751E+0
1,032812E+3	6,422931E-1	1,032812E+3	-1,133363E+0	1,032812E+3	1,356127E+0	1,032812E+3	-1,112286E+0	1,032812E+3	2,783414E-1	1,032812E+3	-9,798172E-1	1,032812E+3	1,381196E+0	1,032812E+3	-1,008337E+0
1,034375E+3	6,515609E-1	1,034375E+3	-1,091711E+0	1,034375E+3	4,970807E-1	1,034375E+3	-1,249910E+0	1,034375E+3	2,800088E-1	1,034375E+3	-9,740227E-1	1,034375E+3	1,409903E+0	1,034375E+3	-9,862718E-1
1,035937E+3	6,668498E-1	1,035937E+3	-1,081965E+0	1,035937E+3	4,981132E-1	1,035937E+3	-1,228701E+0	1,035937E+3	2,814477E-1	1,035937E+3	-9,619925E-1	1,035937E+3	1,435900E+0	1,035937E+3	-9,634057E-1
1,037500E+3	6,806678E-1	1,037500E+3	-1,069693E+0	1,037500E+3	4,971928E-1	1,037500E+3	-1,207651E+0	1,037500E+3	2,826347E-1	1,037500E+3	-9,485534E-1	1,037500E+3	1,460168E+0	1,037500E+3	-9,393618E-1
1,039062E+3	6,920111E-1	1,039062E+3	-1,066945E+0	1,039062E+3	5,082492E-1	1,039062E+3	-1,217190E+0	1,039062E+3	2,837192E-1	1,039062E+3	-9,027676E-1	1,039062E+3	1,481307E+0	1,039062E+3	-9,150421E-1
1,040625E+3	7,024376E-1	1,040625E+3	-1,062628E+0	1,040625E+3	5,173854E-1	1,040625E+3	-1,223816E+0	1,040625E+3	2,824936E-1	1,040625E+3	-8,605889E-1	1,040625E+3	1,500747E+0	1,040625E+3	-8,900341E-1
1,042187E+3	7,059065E-1	1,042187E+3	-1,057948E+0	1,042187E+3	5,265852E-1	1,042187E+3	-1,228910E+0	1,042187E+3	2,476033E-1	1,042187E+3	-7,959343E-1	1,042187E+3	1,519545E+0	1,042187E+3	-8,671152E-1
1,043750E+3	7,090378E-1	1,043750E+3	-1,053009E+0	1,043750E+3	5,331703E-1	1,043750E+3	-1,229920E+0	1,043750E+3	2,207579E-1	1,043750E+3	-7,484593E-1	1,043750E+3	1,537040E+0	1,043750E+3	-8,434657E-1
1,045312E+3	6,687920E-1	1,045312E+3	-1,019539E+0	1,045312E+3	5,432433E-1	1,045312E+3	-1,229895E+0	1,045312E+3	2,312969E-1	1,045312E+3	-7,459437E-1	1,045312E+3	1,553273E+0	1,045312E+3	-8,195743E-1
1,046875E+3	6,334914E-1	1,046875E+3	-9,909108E-1	1,046875E+3	5,507007E-1	1,046875E+3	-1,224631E+0	1,046875E+3	2,424924E-1	1,046875E+3	-7,394658E-1	1,046875E+3	1,568193E+0	1,046875E+3	-7,951190E-1
1,048437E+3	6,503388E-1	1,048437E+3	-9,837859E-1	1,048437E+3	4,353292E-1	1,048437E+3	-1,042264E+0	1,048437E+3	2,541502E-1	1,048437E+3	-7,358571E-1	1,048437E+3	1,411792E+0	1,048437E+3	-9,553537E-1
1,050000E+3	6,664997E-1	1,050000E+3	-9,730527E-1	1,050000E+3	3,636250E-1	1,050000E+3	-9,379084E-1	1,050000E+3	2,666087E-1	1,050000E+3	-7,285827E-1	1,050000E+3	1,249731E+0	1,050000E+3	-1,069622E+0
1,051562E+3	6,925438E-1	1,051562E+3	-9,702546E-1	1,051562E+3	3,758351E-1	1,051562E+3	-9,386860E-1	1,051562E+3	2,812302E-1	1,051562E+3	-7,205216E-1	1,051562E+3	1,243120E+0	1,051562E+3	-1,130447E+0
1,053125E+3	7,187962E-1	1,053125E+3	-9,642490E-1	1,053125E+3	3,877909E-1	1,053125E+3	-9,363081E-1	1,053125E+3	2,972452E-1	1,053125E+3	-7,083469E-1	1,053125E+3	1,241713E+0	1,053125E+3	-1,206033E+0
1,054687E+3	6,194386E-1	1,054687E+3	-8,972269E-1	1,054687E+3	4,007664E-1	1,054687E+3	-9,331218E-1	1,054687E+3	3,151079E-1	1,054687E+3	-6,979191E-1	1,054687E+3	1,062989E+0	1,054687E+3	-1,246652E+0
1,056250E+3	5,482269E-1	1,056250E+3	-8,550881E-1	1,056250E+3	4,135770E-1	1,056250E+3	-9,263349E-1	1,056250E+3	3,349567E-1	1,056250E+3	-6,832812E-1	1,056250E+3	7,666955E-1	1,056250E+3	-1,378229E+0
1,057812E+3	5,682393E-1	1,057812E+3	-8,600588E-1	1,057812E+3	4,292554E-1	1,057812E+3	-9,236619E-1	1,057812E+3	3,542437E-1	1,057812E+3	-6,724385E-1	1,057812E+3	7,731137E-1	1,057812E+3	-1,392514E+0
1,059375E+3	5,888476E-1	1,059375E+3	-8,633192E-1	1,059375E+3	4,452146E-1	1,059375E+3	-9,176874E-1	1,059375E+3	3,757409E-1	1,059375E+3	-6,575740E-1	1,059375E+3	7,761401E-1	1,059375E+3	-1,408094E+0
1,060937E+3	6,124198E-1	1,060937E+3	-8,651428E-1	1,060937E+3	4,623928E-1	1,060937E+3	-9,215284E-1	1,060937E+3	3,984036E-1	1,060937E+3	-6,444134E-1	1,060937E+3	7,503254E-1	1,060937E+3	-1,412272E+0
1,062500E+3	6,368717E-1	1,062500E+3	-8,649392E-1	1,062500E+3	4,801715E-1	1,062500E+3	-9,232494E-1	1,062500E+3	4,240137E-1	1,062500E+3	-6,273119E-1	1,062500E+3	7,180363E-1	1,062500E+3	-1,415013E+0
1,064062E+3	6,660485E-1	1,064062E+3	-8,644377E-1	1,064062E+3	4,983586E-1	1,064062E+3	-9,273065E-1	1,064062E+3	4,564348E-1	1,064062E+3	-6,080289E-1	1,064062E+3	5,902199E-1	1,064062E+3	-1,293469E+0
1,065625E+3	6,966804E-1	1,065625E+3	-8,615544E-1	1,065625E+3	5,171956E-1	1,065625E+3	-9,292901E-1	1,065625E+3	4,939605E-1	1,065625E+3	-5,847672E-1	1,065625E+3	5,053134E-1	1,065625E+3	-1,209144E+0
1,067187E+3	7,275156E-1	1,067187E+3	-8,613723E-1	1,067187E+3	5,374528E-1	1,067187E+3	-9,307011E-1	1,067187E+3	5,606452E-1	1,067187E+3	-5,420523E-1	1,067187E+3	4,967601E-1	1,067187E+3	-1,203667E+0
1,068750E+3	7,598077E-1	1,068750E+3	-8,589736E-1	1,068750E+3	5,585774E-1	1,068750E+3	-9,296346E-1	1,068750E+3	6,423752E-1	1,068750E+3	-4,967491E-1	1,068750E+3	4,875705E-1	1,068750E+3	-1,198612E+0
1,070312E+3	7,935878E-1	1,070312E+3	-8,581221E-1	1,070312E+3	4,225821E-1	1,070312E+3	-8,221094E-1	1,070312E+3	7,389815E-1	1,070312E+3	-4,651971E-1	1,070312E+3	4,813951E-1	1,070312E+3	-1,199230E+0
1,071875E+3	8,289592E-1	1,071875E+3	-8,550055E-1	1,071875E+3	3,507480E-1	1,071875E+3	-7,688939E-1	1,071875E+3	8,518342E-1	1,071875E+3	-4,356025E-1	1,071875E+3	4,745387E-1	1,071875E+3	-1,199960E+0
1,073437E+3	8,749287E-1	1,073437E+3	-8,507090E-1	1,073437E+3	3,867656E-1	1,073437E+3	-6,796988E-1	1,073437E+3	9,534174E-1	1,073437E+3	-4,245986E-1	1,073437E+3	4,694165E-1	1,073437E+3	-1,197114E+0
1,075000E+3	9,240282E-1	1,075000E+3	-8,433005E-1	1,075000E+3	4,427598E-1	1,075000E+3	-5,724080E-1	1,075000E+3	1,069498E+0	1,075000E+3	-4,157962E-1	1,075000E+3	4,628030E-1	1,075000E+3	-1,193738E+0
1,076562E+3	8,156451E-1	1,076562E+3	-7,972766E-1	1,076562E+3	4,352079E-1	1,076562E+3	-5,834318E-1	1,076562E+3	5,005189E-1	1,076562E+3	-3,612665E-1	1,076562E+3	5,395403E-1	1,076562E+3	-9,800966E-1
1,078125E+3	7,409451E-1	1,078125E+3	-7,651345E-1	1,078125E+3	4,283886E-1	1,078125E+3	-5,948067E-1	1,078125E+3	3,218100E-1	1,078125E+3	-4,060649E-1	1,078125E+3	8,025898E-1	1,078125E+3	-5,394951E-1
1,079687E+3	6,900109E-1	1,079687E+3	-6,947974E-1	1,079687E+3	4,204353E-1	1,079687E+3	-6,089504E-1	1,079687E+3	3,371756E-1	1,079687E+3	-4,027765E-1	1,079687E+3	8,076160E-1	1,079687E+3	-5,424281E-1
1,081250E+3	6,621251E-1	1,081250E+3	-6,393651E-1	1,081250E+3	4,132353E-1	1,081250E+3	-6,234777E-1	1,081250E+3	3,536938E-1	1,081250E+3	-3,986575E-1	1,081250E+3	8,128882E-1	1,081250E+3	-5,452382E-1
1,082812E+3	6,535171E-1	1,082812E+3	-6,465769E-1	1,082812E+3	4,080242E-1	1,082812E+3	-6,378515E-1	1,082812E+3	3,574340E-1	1,082812E+3	-4,098180E-1	1,082812E+3	8,067398E-1	1,082812E+3	-5,509706E-1
1,084375E+3	6,459601E-1	1,084375E+3	-6,545685E-1	1,084375E+3	4,034308E-1	1,084375E+3	-6,526063E-1	1,084375E+3	3,615696E-1	1,084375E+3	-4,209250E-1	1,084375E+3	8,005699E-1	1,084375E+3	-5,573043E-1
1,085937E+3	6,368280E-1	1,085937E+3	-6,661527E-1	1,085937E+3	4,005903E-1	1,085937E+3	-6,684016E-1	1,085937E+3	3,643564E-1	1,085937E+3	-4,338861E-1	1,085937E+3	7,901398E-1	1,085937E+3	-5,709107E-1
1,087500E+3	6,288717E-1	1,087500E+3	-6,783858E-1	1,087500E+3	3,982848E-1	1,087500E+3	-6,844625E-1	1,087500E+3	3,675336E-1	1,087500E+3	-4,469251E-1	1,087500E+3	7,800797E-1	1,087500E+3	-5,856366E-1
1,089062E+3	6,234691E-1	1,089062E+3	-6,914644E-1	1,089062E+3	3,975067E-1	1,089062E+3	-7,012475E-1	1,089062E+3	6,758821E-1	1,089062E+3	-2,696733E-1	1,089062E+3	7,650032E-1	1,089062E+3	-6,013972E-1
1,090625E+3	6,190016E-1	1,090625E+3	-7,049680E-1	1,090625E+3	3,972235E-1	1,090625E+3	-7,182796E-1	1,090625E+3	1,016488E+0	1,090625E+3	-1,928972E-1	1,090625E+3	7,504023E-1	1,090625E+3	-6,188351E-1
1,092187E+3	6,169545E-1	1,092187E+3	-7,180078E-1	1,092187E+3	6,000093E-1	1,092187E+3	-5,326864E-1	1,092187E+3	9,768296E-1	1,092187E+3	-1,941985E-1	1,092187E+3	7,474365E-1	1,092187E+3	-6,384918E-1
1,093750E+3	6,156615E-1	1,093750E+3	-7,314213E-1	1,093750E+3	9,348442E-1	1,093750E+3	-3,728534E-1	1,093750E+3	9,394256E-1	1,093750E+3	-1,960227E-1	1,093750E+3	7,448893E-1	1,093750E+3	-6,590406E-1
1,095312E+3	6,161434E-1	1,095312E+3	-7,451470E-1	1,095312E+3	9,227560E-1	1,095312E+3	-3,711622E-1	1,095312E+3	9,195935E-1	1,095312E+3	-1,931390E-1	1,095312E+3	7,557472E-1	1,095312E+3	-6,589525E-1
1,096875E+3	6,173351E-1	1,096875E+3	-7,592090E-1	1,096875E+3	9,105310E-1	1,096875E+3	-3,699500E-1	1,096875E+3	9,006012E-1	1,096875E+3	-1,904649E-1	1,096875E+3	7,669038E-1	1,096875E+3	-6,583512E-1
1,098437E+3	6,200472E-1	1,098437E+3	-7,739997E-1	1,098437E+3	9,335582E-1	1,098437E+3	-3,612067E-1	1,098437E+3	9,115637E-1	1,098437E+3	-1,839582E-1	1,098437E+3	8,320084E-1	1,098437E+3	-6,603785E-1
1,100000E+3	6,234398E-1	1,100000E+3	-7,890448E-1	1,100000E+3	9,575888E-1	1,100000E+3	-3,516232E-1	1,100000E+3	9,229536E-1	1,100000E+3	-1,773356E-1	1,100000E+3	9,044833E-1	1,100000E+3	-6,635093E-1
1,101562E+3	7,849977E-1	1,101562E+3	-7,020576E-1	1,101562E+3	1,009119E+0	1,101562E+3	-3,377230E-1	1,101562E+3	9,533915E-1	1,101562E+3	-1,707516E-1	1,101562E+3	9,815189E-1	1,101562E+3	-6,390579E-1
1,103125E+3	1,061749E+0	1,103125E+3	-5,873053E-1	1,103125E+3	1,063921E+0	1,103125E+3	-3,220246E-1	1,103125E+3	9,846270E-1	1,103125E+3	-1,637727E-1	1,103125E+3	1,070602E+0	1,103125E+3	-6,093074E-1
1,104687E+3	1,131896E+0	1,104687E+3	-5,754507E-1	1,104687E+3	1,136338E+0	1,104687E+3	-3,107922E-1	1,104687E+3	1,025537E+0	1,104687E+3	-1,577394E-1	1,104687E+3	1,187703E+0	1,104687E+3	-5,733138E-1
1,106250E+3	1,209454E+0	1,106250E+3	-5,599755E-1	1,106250E+3	1,214628E+0	1,106250E+3	-2,974890E-1	1,106250E+3	1,067763E+0	1,106250E+3	-1,511537E-1	1,106250E+3	1,325992E+0	1,106250E+3	-5,250430E-1
1,107812E+3	1,300798E+0	1,107812E+3	-5,449495E-1	1,107812E+3	1,302798E+0	1,107812E+3	-2,733091E-1	1,107812E+3	1,117055E+0	1,107812E+3	-1,468205E-1	1,107812E+3	1,494732E+0	1,107812E+3	-4,679146E-1
1,109375E+3	1,403425E+0	1,109375E+3	-5,238645E-1	1,109375E+3	1,398655E+0	1,109375E+3	-2,431626E-1	1,109375E+3	1,168265E+0	1,109375E+3	-1,417386E-1	1,109375E+3	1,698673E+0	1,109375E+3	-3,798168E-1
1,110937E+3	1,513202E+0	1,110937E+3	-4,861568E-1	1,110937E+3	1,506479E+0	1,110937E+3	-2,100317E-1	1,110937E+3	1,223299E+0	1,110937E+3	-1,319457E-1	1,110937E+3	1,945495E+0	1,110937E+3	-2,492519E-1
1,112500E+3	1,635729E+0	1,112500E+3	-4,334538E-1	1,112500E+3	1,624827E+0	1,112500E+3	-1,665029E-1	1,112500E+3	1,280759E+0	1,112500E+3	-1,207490E-1	1,112500E+3	2,231565E+0	1,112500E+3	-1,790609E-2
1,114062E+3	1,766232E+0	1,114062E+3	-3,651578E-1	1,114062E+3	1,753161E+0	1,114062E+3	-1,106923E-1	1,114062E+3	1,342686E+0	1,114062E+3	-1,100751E-1	1,114062E+3	2,471488E+0	1,114062E+3	3,865925E-1
1,115625E+3	1,907506E+0	1,115625E+3	-2,689207E-1	1,115625E+3	1,893848E+0	1,115625E+3	-3,568714E-2	1,115625E+3	1,407800E+0	1,115625E+3	-9,748027E-2	1,115625E+3	2,519651E+0	1,115625E+3	9,581328E-1
1,117187E+3	2,051016E+0	1,117187E+3	-1,494103E-1	1,117187E+3	2,041222E+0	1,117187E+3	6,558836E-2	1,117187E+3	1,100598E+0	1,117187E+3	-1,424531E-1	1,117187E+3	2,260492E+0	1,117187E+3	1,470719E+0
1,118750E+3	2,191320E+0	1,118750E+3	1,503945E-2	1,118750E+3	2,195435E+0	1,118750E+3	2,030651E-1	1,118750E+3	9,496782E-1	1,118750E+3	-1,653428E-1	1,118750E+3	1,859139E+0	1,118750E+3	1,747640E+0
1,120312E+3	2,287400E+0	1,120312E+3	2,296460E-1	1,120312E+3	2,335538E+0	1,120312E+3	3,889132E-1	1,120312E+3	9,812152E-1	1,120312E+3	-1,620672E-1	1,120312E+3	1,506068E+0	1,120312E+3	1,826420E+0
1,121875E+3	2,331464E+0	1,121875E+3	4,829069E-1	1,121875E+3	2,449672E+0	1,121875E+3	6,286233E-1	1,121875E+3	1,013471E+0	1,121875E+3	-1,584723E-1	1,121875E+3	1,236678E+0	1,121875E+3	1,817710E+0
1,123437E+3	2,323857E+0	1,123437E+3	7,332087E-1	1,123437E+3	2,510781E+0	1,123437E+3	9,083510E-1	1,123437E+3	1,044795E+0	1,123437E+3	-1,531124E-1	1,123437E+3	1,041300E+0	1,123437E+3	1,775904E+0
1,125000E+3	2,248620E+0	1,125000E+3	9,736719E-1	1,125000E+3	2,492911E+0	1,125000E+3	1,215544E+0	1,125000E+3	1,076842E+0	1,125000E+3	-1,472156E-1	1,125000E+3	8,933906E-1	1,125000E+3	1,725552E+0
1,126562E+3	2,110724E+0	1,126562E+3	1,163915E+0	1,126562E+3	2,394582E+0	1,126562E+3	1,501756E+0	1,126562E+3	1,107454E+0	1,126562E+3	-1,413265E-1	1,126562E+3	7,853605E-1	1,126562E+3	1,669970E+0
1,128125E+3	1,947928E+0	1,128125E+3	1,302394E+0	1,128125E+3	2,223757E+0	1,128125E+3	1,739763E+0	1,128125E+3	1,138863E+0	1,128125E+3	-1,349235E-1	1,128125E+3	6,988317E-1	1,128125E+3	1,619552E+0
1,129687E+3	1,784066E+0	1,129687E+3	1,391179E+0	1,129687E+3	2,025965E+0	1,129687E+3	1,907905E+0	1,129687E+3	1,168979E+0	1,129687E+3	-1,293506E-1	1,129687E+3	6,303201E-1	1,129687E+3	1,575517E+0
1,131250E+3	1,629284E+0	1,131250E+3	1,442940E+0	1,131250E+3	1,818449E+0	1,131250E+3	2,011681E+0	1,131250E+3	1,199939E+0	1,131250E+3	-1,232052E-1	1,131250E+3	5,727248E-1	1,131250E+3	1,535437E+0
1,132812E+3	1,567354E+0	1,132812E+3	-3,205674E-1	1,132812E+3	1,742382E+0	1,132812E+3	1,975355E-2	1,132812E+3	1,229471E+0	1,132812E+3	-1,149635E-1	1,132812E+3	5,268137E-1	1,132812E+3	1,499768E+0
1,134375E+3	1,075870E+0	1,134375E+3	-5,565591E-1	1,134375E+3	1,256633E+0	1,134375E+3	-2,062460E-1	1,134375E+3	1,259844E+0	1,134375E+3	-1,059993E-1	1,134375E+3	4,868140E-1	1,134375E+3	1,466795E+0
1,135937E+3	1,102777E+0	1,135937E+3	-5,505470E-1	1,135937E+3	1,287890E+0	1,135937E+3	-1,940474E-1	1,135937E+3	1,288740E+0	1,135937E+3	-9,807316E-2	1,135937E+3	2,115752E+0	1,135937E+3	8,163070E-1
1,137500E+3	1,130790E+0	1,137500E+3	-5,430219E-1	1,137500E+3	1,320149E+0	1,137500E+3	-1,802810E-1	1,137500E+3	1,318522E+0	1,137500E+3	-8,935486E-2	1,137500E+3	1,283758E+0	1,137500E+3	-2,787545E-1
1,139062E+3	1,158887E+0	1,139062E+3	-5,367257E-1	1,139062E+3	1,350151E+0	1,139062E+3	-1,683646E-1	1,139062E+3	1,346365E+0	1,139062E+3	-8,228904E-2	1,139062E+3	1,327180E+0	1,139062E+3	-2,614969E-1
1,140625E+3	1,188171E+0	1,140625E+3	-5,286938E-1	1,140625E+3	1,381173E+0	1,140625E+3	-1,547916E-1	1,140625E+3	1,375195E+0	1,140625E+3	-7,447478E-2	1,140625E+3	1,374049E+0	1,140625E+3	-2,396916E-1
1,142187E+3	1,216469E+0	1,142187E+3	-5,201205E-1	1,142187E+3	1,408137E+0	1,142187E+3	-1,349915E-1	1,142187E+3	1,401773E+0	1,142187E+3	-6,414829E-2	1,142187E+3	1,413492E+0	1,142187E+3	-2,060198E-1
1,143750E+3	1,245763E+0	1,143750E+3	-5,094776E-1	1,143750E+3	1,435590E+0	1,143750E+3	-1,131951E-1	1,143750E+3	1,429229E+0	1,143750E+3	-5,281336E-2	1,143750E+3	1,454481E+0	1,143750E+3	-1,656917E-1
1,145312E+3	1,273874E+0	1,145312E+3	-5,028606E-1	1,145312E+3	1,459318E+0	1,145312E+3	-9,486348E-2	1,145312E+3	1,453652E+0	1,145312E+3	-4,401111E-2	1,145312E+3	1,492976E+0	1,145312E+3	-1,344451E-1
1,146875E+3	1,303156E+0	1,146875E+3	-4,941434E-1	1,146875E+3	1,483547E+0	1,146875E+3	-7,459916E-2	1,146875E+3	1,479078E+0	1,146875E+3	-3,425969E-2	1,146875E+3	1,533351E+0	1,146875E+3	-9,568641E-2
1,148437E+3	1,327291E+0	1,148437E+3	-4,789796E-1	1,148437E+3	1,502521E+0	1,148437E+3	-5,628613E-2	1,148437E+3	1,500727E+0	1,148437E+3	-2,147133E-2	1,148437E+3	1,566565E+0	1,148437E+3	-5,921002E-2
1,150000E+3	1,351545E+0	1,150000E+3	-4,614321E-1	1,150000E+3	1,521836E+0	1,150000E+3	-3,614691E-2	1,150000E+3	1,523203E+0	1,150000E+3	-7,569934E-3	1,150000E+3	1,599944E+0	1,150000E+3	-1,412891E-2
1,151562E+3	1,372633E+0	1,151562E+3	-4,484678E-1	1,151562E+3	1,536647E+0	1,151562E+3	-2,254392E-2	1,151562E+3	1,540800E+0	1,151562E+3	3,848924E-3	1,151562E+3	1,618955E+0	1,151562E+3	3,359164E-2
1,153125E+3	1,393892E+0	1,153125E+3	-4,333427E-1	1,153125E+3	1,552128E+0	1,153125E+3	-7,186840E-3	1,153125E+3	1,559304E+0	1,153125E+3	1,632146E-2	1,153125E+3	1,634488E+0	1,153125E+3	8,977362E-2
1,154687E+3	1,712347E+0	1,154687E+3	1,067509E+0	1,154687E+3	2,152792E+0	1,154687E+3	1,150050E+0	1,154687E+3	2,512339E+0	1,154687E+3	7,256197E-1	1,154687E+3	1,642230E+0	1,154687E+3	1,317854E-1
1,156250E+3	8,508602E-1	1,156250E+3	1,738755E+0	1,156250E+3	1,499824E+0	1,156250E+3	2,100581E+0	1,156250E+3	2,364138E+0	1,156250E+3	2,495504E+0	1,156250E+3	1,645315E+0	1,156250E+3	1,810151E-1
1,157812E+3	8,369735E-1	1,157812E+3	1,706088E+0	1,157812E+3	1,481387E+0	1,157812E+3	2,078681E+0	1,157812E+3	2,319308E+0	1,157812E+3	2,484950E+0	1,157812E+3	1,153241E+0	1,157812E+3	1,904149E+0
1,159375E+3	8,224682E-1	1,159375E+3	1,673551E+0	1,159375E+3	1,458826E+0	1,159375E+3	2,057080E+0	1,159375E+3	2,268705E+0	1,159375E+3	2,477962E+0	1,159375E+3	5,761875E-1	1,159375E+3	2,072418E+0
1,160937E+3	8,094663E-1	1,160937E+3	1,641491E+0	1,160937E+3	1,436831E+0	1,160937E+3	2,026200E+0	1,160937E+3	2,227288E+0	1,160937E+3	2,472379E+0	1,160937E+3	5,554176E-1	1,160937E+3	2,040356E+0
1,162500E+3	7,958395E-1	1,162500E+3	1,609584E+0	1,162500E+3	1,411457E+0	1,162500E+3	1,996659E+0	1,162500E+3	2,179095E+0	1,162500E+3	2,469530E+0	1,162500E+3	5,338136E-1	1,162500E+3	2,004764E+0
1,164062E+3	7,834778E-1	1,164062E+3	1,580923E+0	1,164062E+3	1,392848E+0	1,164062E+3	1,977896E+0	1,164062E+3	2,131322E+0	1,164062E+3	2,457637E+0	1,164062E+3	5,194278E-1	1,164062E+3	1,970475E+0
1,165625E+3	7,705649E-1	1,165625E+3	1,552062E+0	1,165625E+3	1,370207E+0	1,165625E+3	1,958994E+0	1,165625E+3	2,077776E+0	1,165625E+3	2,448254E+0	1,165625E+3	5,033500E-1	1,165625E+3	1,933198E+0
1,167187E+3	7,576412E-1	1,167187E+3	1,521624E+0	1,167187E+3	1,351400E+0	1,167187E+3	1,932228E+0	1,167187E+3	2,031313E+0	1,167187E+3	2,435153E+0	1,167187E+3	4,892267E-1	1,167187E+3	1,905263E+0
1,168750E+3	7,442392E-1	1,168750E+3	1,491379E+0	1,168750E+3	1,328838E+0	1,168750E+3	1,906284E+0	1,168750E+3	1,978896E+0	1,168750E+3	2,424197E+0	1,168750E+3	4,735919E-1	1,168750E+3	1,873209E+0
1,170312E+3	7,326174E-1	1,170312E+3	1,465314E+0	1,170312E+3	1,315361E+0	1,170312E+3	1,882987E+0	1,170312E+3	1,936373E+0	1,170312E+3	2,409838E+0	1,170312E+3	4,679005E-1	1,170312E+3	1,849113E+0
1,171875E+3	7,205969E-1	1,171875E+3	1,438952E+0	1,171875E+3	1,297483E+0	1,171875E+3	1,860110E+0	1,171875E+3	1,887369E+0	1,171875E+3	2,397455E+0	1,171875E+3	4,594475E-1	1,171875E+3	1,820096E+0
1,173437E+3	7,100372E-1	1,173437E+3	1,412587E+0	1,173437E+3	1,287369E+0	1,173437E+3	1,837976E+0	1,173437E+3	1,855953E+0	1,173437E+3	2,383959E+0	1,173437E+3	4,557015E-1	1,173437E+3	1,804919E+0
1,175000E+3	6,990423E-1	1,175000E+3	1,386045E+0	1,175000E+3	1,272165E+0	1,175000E+3	1,816185E+0	1,175000E+3	1,816464E+0	1,175000E+3	2,372355E+0	1,175000E+3	4,488581E-1	1,175000E+3	1,782774E+0
1,176562E+3	6,891422E-1	1,176562E+3	1,360886E+0	1,176562E+3	1,273349E+0	1,176562E+3	1,786626E+0	1,176562E+3	1,793821E+0	1,176562E+3	2,347524E+0	1,176562E+3	1,192708E+0	1,176562E+3	2,101089E-1
1,178125E+3	6,787732E-1	1,178125E+3	1,335460E+0	1,178125E+3	1,267890E+0	1,178125E+3	1,758476E+0	1,178125E+3	1,762009E+0	1,178125E+3	2,326215E+0	1,178125E+3	1,167603E+0	1,178125E+3	-1,054328E-1
1,179687E+3	6,714569E-1	1,179687E+3	1,308348E+0	1,179687E+3	1,293353E+0	1,179687E+3	1,380855E-1	1,179687E+3	1,267014E+0	1,179687E+3	1,381557E-1	1,179687E+3	1,177322E+0	1,179687E+3	-1,004684E-1
1,181250E+3	6,633363E-1	1,181250E+3	1,281192E+0	1,181250E+3	1,273888E+0	1,181250E+3	-1,398587E-1	1,181250E+3	1,257948E+0	1,181250E+3	-8,257176E-2	1,181250E+3	1,187600E+0	1,181250E+3	-9,646889E-2
1,182812E+3	6,582204E-1	1,182812E+3	1,256868E+0	1,182812E+3	1,279920E+0	1,182812E+3	-1,331589E-1	1,182812E+3	1,264511E+0	1,182812E+3	-7,585707E-2	1,182812E+3	1,196134E+0	1,182812E+3	-8,629352E-2
1,184375E+3	6,521499E-1	1,184375E+3	1,232077E+0	1,184375E+3	1,286120E+0	1,184375E+3	-1,270085E-1	1,184375E+3	1,270706E+0	1,184375E+3	-6,922820E-2	1,184375E+3	1,204698E+0	1,184375E+3	-7,755088E-2
1,185937E+3	1,160667E+0	1,185937E+3	-1,614627E-1	1,185937E+3	1,290000E+0	1,185937E+3	-1,194530E-1	1,185937E+3	1,275834E+0	1,185937E+3	-6,244765E-2	1,185937E+3	1,209599E+0	1,185937E+3	-6,797318E-2
1,187500E+3	1,049974E+0	1,187500E+3	-5,405004E-1	1,187500E+3	1,293965E+0	1,187500E+3	-1,129228E-1	1,187500E+3	1,280573E+0	1,187500E+3	-5,610248E-2	1,187500E+3	1,215020E+0	1,187500E+3	-6,139093E-2
1,189062E+3	1,064021E+0	1,189062E+3	-5,451745E-1	1,189062E+3	1,295217E+0	1,189062E+3	-1,082617E-1	1,189062E+3	1,283664E+0	1,189062E+3	-5,065960E-2	1,189062E+3	1,217026E+0	1,189062E+3	-4,871190E-2
1,190625E+3	1,080086E+0	1,190625E+3	-5,504588E-1	1,190625E+3	1,297162E+0	1,190625E+3	-1,053469E-1	1,190625E+3	1,286473E+0	1,190625E+3	-4,617422E-2	1,190625E+3	1,218586E+0	1,190625E+3	-3,998230E-2
1,192187E+3	1,091323E+0	1,192187E+3	-5,542541E-1	1,192187E+3	1,295575E+0	1,192187E+3	-1,001930E-1	1,192187E+3	1,287445E+0	1,192187E+3	-3,926904E-2	1,192187E+3	1,216467E+0	1,192187E+3	-3,066908E-2
1,193750E+3	1,105183E+0	1,193750E+3	-5,592539E-1	1,193750E+3	1,294743E+0	1,193750E+3	-9,751033E-2	1,193750E+3	1,287889E+0	1,193750E+3	-3,374548E-2	1,193750E+3	1,214583E+0	1,193750E+3	-2,709284E-2
1,195312E+3	1,115724E+0	1,195312E+3	-5,644838E-1	1,195312E+3	1,290467E+0	1,195312E+3	-9,359217E-2	1,195312E+3	1,286310E+0	1,195312E+3	-2,838073E-2	1,195312E+3	1,208495E+0	1,195312E+3	-1,938746E-2
1,196875E+3	1,129590E+0	1,196875E+3	-5,715791E-1	1,196875E+3	1,287157E+0	1,196875E+3	-9,283306E-2	1,196875E+3	1,284289E+0	1,196875E+3	-2,501302E-2	1,196875E+3	1,202867E+0	1,196875E+3	-1,880619E-2
1,198437E+3	1,135903E+0	1,198437E+3	-5,797838E-1	1,198437E+3	1,281520E+0	1,198437E+3	-9,110498E-2	1,198437E+3	1,280557E+0	1,198437E+3	-2,080440E-2	1,198437E+3	1,190921E+0	1,198437E+3	-8,545780E-3
1,200000E+3	1,147465E+0	1,200000E+3	-5,906972E-1	1,200000E+3	1,276786E+0	1,200000E+3	-9,299430E-2	1,200000E+3	1,276330E+0	1,200000E+3	-1,907425E-2	1,200000E+3	1,178196E+0	1,200000E+3	-6,371785E-3
1,201562E+3	1,151250E+0	1,201562E+3	-5,974313E-1	1,201562E+3	1,269406E+0	1,201562E+3	-9,368164E-2	1,201562E+3	1,270278E+0	1,201562E+3	-1,454158E-2	1,201562E+3	1,164533E+0	1,201562E+3	-4,586245E-3
1,203125E+3	1,160684E+0	1,203125E+3	-6,083572E-1	1,203125E+3	1,263329E+0	1,203125E+3	-9,847496E-2	1,203125E+3	1,263452E+0	1,203125E+3	-1,283750E-2	1,203125E+3	1,151536E+0	1,203125E+3	-1,167986E-2
1,204687E+3	1,164588E+0	1,204687E+3	-6,200733E-1	1,204687E+3	1,562351E+0	1,204687E+3	5,646310E-1	1,204687E+3	1,678284E+0	1,204687E+3	4,741174E-1	1,204687E+3	1,131755E+0	1,204687E+3	-1,011616E-2
1,206250E+3	1,176109E+0	1,206250E+3	-6,370217E-1	1,206250E+3	1,527290E+0	1,206250E+3	8,924805E-1	1,206250E+3	1,732411E+0	1,206250E+3	7,879042E-1	1,206250E+3	1,111536E+0	1,206250E+3	-1,813082E-2
1,207812E+3	1,448421E+0	1,207812E+3	5,699150E-1	1,207812E+3	1,501597E+0	1,207812E+3	8,738386E-1	1,207812E+3	1,700714E+0	1,207812E+3	7,828094E-1	1,207812E+3	1,446215E+0	1,207812E+3	1,153690E+0
1,209375E+3	1,235690E+0	1,209375E+3	1,141772E+0	1,209375E+3	1,483059E+0	1,209375E+3	8,504176E-1	1,209375E+3	1,671883E+0	1,209375E+3	7,702709E-1	1,209375E+3	1,312455E+0	1,209375E+3	1,444889E+0
1,210937E+3	1,227308E+0	1,210937E+3	1,114310E+0	1,210937E+3	1,453826E+0	1,210937E+3	8,295065E-1	1,210937E+3	1,644347E+0	1,210937E+3	7,590862E-1	1,210937E+3	1,278168E+0	1,210937E+3	1,390399E+0
1,212500E+3	1,230935E+0	1,212500E+3	1,098249E+0	1,212500E+3	1,430362E+0	1,212500E+3	8,018727E-1	1,212500E+3	1,619881E+0	1,212500E+3	7,405884E-1	1,212500E+3	1,254485E+0	1,212500E+3	1,330373E+0
1,214062E+3	1,205562E+0	1,214062E+3	1,069562E+0	1,214062E+3	1,405804E+0	1,214062E+3	7,768712E-1	1,214062E+3	1,589392E+0	1,214062E+3	7,291648E-1	1,214062E+3	1,458984E+0	1,214062E+3	6,938199E-1
1,215625E+3	1,196718E+0	1,215625E+3	1,043157E+0	1,215625E+3	1,387395E+0	1,215625E+3	7,445693E-1	1,215625E+3	1,561220E+0	1,215625E+3	7,094774E-1	1,215625E+3	1,266684E+0	1,215625E+3	-1,402594E-1
1,217187E+3	1,179849E+0	1,217187E+3	1,020899E+0	1,217187E+3	1,369315E+0	1,217187E+3	7,147167E-1	1,217187E+3	1,535172E+0	1,217187E+3	6,920795E-1	1,217187E+3	1,267978E+0	1,217187E+3	-1,427445E-1
1,218750E+3	1,181061E+0	1,218750E+3	9,995130E-1	1,218750E+3	1,357551E+0	1,218750E+3	6,768670E-1	1,218750E+3	1,511860E+0	1,218750E+3	6,662756E-1	1,218750E+3	1,267491E+0	1,218750E+3	-1,450114E-1
1,220312E+3	1,167102E+0	1,220312E+3	9,737313E-1	1,220312E+3	1,395995E+0	1,220312E+3	3,047839E-1	1,220312E+3	1,492348E+0	1,220312E+3	6,420627E-1	1,220312E+3	1,270744E+0	1,220312E+3	-1,476977E-1
1,221875E+3	1,170845E+0	1,221875E+3	9,419907E-1	1,221875E+3	1,458662E+0	1,221875E+3	-1,850210E-1	1,221875E+3	1,475702E+0	1,221875E+3	6,095905E-1	1,221875E+3	1,272069E+0	1,221875E+3	-1,498650E-1
1,223437E+3	1,163640E+0	1,223437E+3	9,166654E-1	1,223437E+3	1,477561E+0	1,223437E+3	-1,735807E-1	1,223437E+3	1,450790E+0	1,223437E+3	2,331811E-1	1,223437E+3	1,277935E+0	1,223437E+3	-1,499963E-1
1,225000E+3	1,174244E+0	1,225000E+3	8,807391E-1	1,225000E+3	1,494247E+0	1,225000E+3	-1,610030E-1	1,225000E+3	1,448931E+0	1,225000E+3	-1,605384E-1	1,225000E+3	1,281021E+0	1,225000E+3	-1,495139E-1
1,226562E+3	1,166461E+0	1,226562E+3	8,476239E-1	1,226562E+3	1,479048E+0	1,226562E+3	-1,773021E-1	1,226562E+3	1,455404E+0	1,226562E+3	-1,608913E-1	1,226562E+3	1,287797E+0	1,226562E+3	-1,509015E-1
1,228125E+3	1,172767E+0	1,228125E+3	7,960810E-1	1,228125E+3	1,458017E+0	1,228125E+3	-1,980898E-1	1,228125E+3	1,459482E+0	1,228125E+3	-1,613948E-1	1,228125E+3	1,291862E+0	1,228125E+3	-1,509548E-1
1,229687E+3	1,171610E+0	1,229687E+3	7,539728E-1	1,229687E+3	1,428465E+0	1,229687E+3	-2,319204E-1	1,229687E+3	1,465944E+0	1,229687E+3	-1,637682E-1	1,229687E+3	1,300734E+0	1,229687E+3	-1,499318E-1
1,231250E+3	1,178691E+0	1,231250E+3	6,883770E-1	1,231250E+3	1,392623E+0	1,231250E+3	-2,688331E-1	1,231250E+3	1,469665E+0	1,231250E+3	-1,661208E-1	1,231250E+3	1,305872E+0	1,231250E+3	-1,471640E-1
1,232812E+3	1,296248E+0	1,232812E+3	2,247001E-1	1,232812E+3	1,401309E+0	1,232812E+3	-2,688499E-1	1,232812E+3	1,477556E+0	1,232812E+3	-1,674786E-1	1,232812E+3	1,315577E+0	1,232812E+3	-1,477822E-1
1,234375E+3	1,098475E+0	1,234375E+3	-4,648941E-1	1,234375E+3	1,405267E+0	1,234375E+3	-2,687693E-1	1,234375E+3	1,482224E+0	1,234375E+3	-1,685064E-1	1,234375E+3	1,322082E+0	1,234375E+3	-1,455768E-1
1,235937E+3	1,054512E+0	1,235937E+3	-4,475219E-1	1,235937E+3	1,416301E+0	1,235937E+3	-2,682373E-1	1,235937E+3	1,492765E+0	1,235937E+3	-1,678012E-1	1,235937E+3	1,333388E+0	1,235937E+3	-1,459235E-1
1,237500E+3	9,978650E-1	1,237500E+3	-4,260971E-1	1,237500E+3	1,422196E+0	1,237500E+3	-2,662163E-1	1,237500E+3	1,499954E+0	1,237500E+3	-1,658114E-1	1,237500E+3	1,341810E+0	1,237500E+3	-1,425085E-1
1,239062E+3	1,016130E+0	1,239062E+3	-4,226987E-1	1,239062E+3	1,433598E+0	1,239062E+3	-2,648062E-1	1,239062E+3	1,511909E+0	1,239062E+3	-1,646570E-1	1,239062E+3	1,353175E+0	1,239062E+3	-1,423046E-1
1,240625E+3	1,025053E+0	1,240625E+3	-4,099739E-1	1,240625E+3	1,439402E+0	1,240625E+3	-2,605466E-1	1,240625E+3	1,520602E+0	1,240625E+3	-1,611757E-1	1,240625E+3	1,362240E+0	1,240625E+3	-1,376527E-1
1,242187E+3	1,046153E+0	1,242187E+3	-4,066634E-1	1,242187E+3	1,451216E+0	1,242187E+3	-2,595975E-1	1,242187E+3	1,532714E+0	1,242187E+3	-1,608062E-1	1,242187E+3	1,374563E+0	1,242187E+3	-1,368479E-1
1,243750E+3	1,060228E+0	1,243750E+3	-3,902287E-1	1,243750E+3	1,459115E+0	1,243750E+3	-2,538824E-1	1,243750E+3	1,542016E+0	1,243750E+3	-1,572541E-1	1,243750E+3	1,385911E+0	1,243750E+3	-1,315351E-1
1,245312E+3	1,082776E+0	1,245312E+3	-3,873208E-1	1,245312E+3	1,471356E+0	1,245312E+3	-2,509393E-1	1,245312E+3	1,553607E+0	1,245312E+3	-1,582732E-1	1,245312E+3	1,401089E+0	1,245312E+3	-1,292135E-1
1,246875E+3	1,103722E+0	1,246875E+3	-3,696796E-1	1,246875E+3	1,480637E+0	1,246875E+3	-2,426911E-1	1,246875E+3	1,562697E+0	1,246875E+3	-1,558725E-1	1,246875E+3	1,416031E+0	1,246875E+3	-1,226766E-1
1,248437E+3	1,127922E+0	1,248437E+3	-3,659084E-1	1,248437E+3	1,494254E+0	1,248437E+3	-2,372542E-1	1,248437E+3	1,575530E+0	1,248437E+3	-1,536995E-1	1,248437E+3	1,432869E+0	1,248437E+3	-1,203368E-1
1,250000E+3	1,155029E+0	1,250000E+3	-3,486239E-1	1,250000E+3	1,506319E+0	1,250000E+3	-2,262946E-1	1,250000E+3	1,586554E+0	1,250000E+3	-1,476551E-1	1,250000E+3	1,450047E+0	1,250000E+3	-1,144711E-1
1,251562E+3	1,180180E+0	1,251562E+3	-3,392519E-1	1,251562E+3	1,520657E+0	1,251562E+3	-2,170190E-1	1,251562E+3	1,599885E+0	1,251562E+3	-1,402878E-1	1,251562E+3	1,467928E+0	1,251562E+3	-1,109665E-1
1,253125E+3	1,208520E+0	1,253125E+3	-3,177234E-1	1,253125E+3	1,533382E+0	1,253125E+3	-2,023428E-1	1,253125E+3	1,611426E+0	1,253125E+3	-1,288409E-1	1,253125E+3	1,486297E+0	1,253125E+3	-1,043414E-1
1,254687E+3	1,236563E+0	1,254687E+3	-3,054552E-1	1,254687E+3	1,547205E+0	1,254687E+3	-1,915504E-1	1,254687E+3	1,627015E+0	1,254687E+3	-1,319213E-1	1,254687E+3	1,506026E+0	1,254687E+3	-1,003764E-1
1,256250E+3	1,268907E+0	1,256250E+3	-2,831074E-1	1,256250E+3	1,559734E+0	1,256250E+3	-1,758837E-1	1,256250E+3	1,641323E+0	1,256250E+3	-1,316378E-1	1,256250E+3	1,526852E+0	1,256250E+3	-9,376075E-2
1,257812E+3	1,298587E+0	1,257812E+3	-2,671270E-1	1,257812E+3	1,573394E+0	1,257812E+3	-1,638121E-1	1,257812E+3	1,652540E+0	1,257812E+3	-1,196088E-1	1,257812E+3	1,545093E+0	1,257812E+3	-8,923407E-2
1,259375E+3	1,332009E+0	1,259375E+3	-2,425365E-1	1,259375E+3	1,586032E+0	1,259375E+3	-1,475024E-1	1,259375E+3	1,661803E+0	1,259375E+3	-1,039733E-1	1,259375E+3	1,563400E+0	1,259375E+3	-8,258314E-2
1,260937E+3	1,358462E+0	1,260937E+3	-2,221964E-1	1,260937E+3	1,598573E+0	1,260937E+3	-1,350483E-1	1,260937E+3	1,669335E+0	1,260937E+3	-9,008489E-2	1,260937E+3	1,583845E+0	1,260937E+3	-8,003717E-2
1,262500E+3	1,386076E+0	1,262500E+3	-1,949353E-1	1,262500E+3	1,609891E+0	1,262500E+3	-1,193406E-1	1,262500E+3	1,674253E+0	1,262500E+3	-7,345625E-2	1,262500E+3	1,601545E+0	1,262500E+3	-7,673674E-2
1,264062E+3	1,499208E+0	1,264062E+3	-1,192684E-1	1,264062E+3	1,618820E+0	1,264062E+3	-1,047755E-1	1,264062E+3	1,678013E+0	1,264062E+3	-6,008164E-2	1,264062E+3	1,624123E+0	1,264062E+3	-7,373370E-2
1,265625E+3	1,670910E+0	1,265625E+3	5,674978E-2	1,265625E+3	1,625874E+0	1,265625E+3	-8,834452E-2	1,265625E+3	1,679157E+0	1,265625E+3	-4,509307E-2	1,265625E+3	1,645562E+0	1,265625E+3	-7,058362E-2
1,267187E+3	1,669101E+0	1,267187E+3	5,050511E-2	1,267187E+3	1,627966E+0	1,267187E+3	-2,802634E-2	1,267187E+3	1,642410E+0	1,267187E+3	3,592381E-2	1,267187E+3	1,677739E+0	1,267187E+3	-5,984123E-2
1,268750E+3	1,667111E+0	1,268750E+3	4,423180E-2	1,268750E+3	1,609390E+0	1,268750E+3	5,403107E-2	1,268750E+3	1,533022E+0	1,268750E+3	1,451673E-1	1,268750E+3	1,713572E+0	1,268750E+3	-4,643532E-2
1,270312E+3	1,678472E+0	1,270312E+3	4,709866E-2	1,270312E+3	1,595763E+0	1,270312E+3	8,792979E-2	1,270312E+3	1,527382E+0	1,270312E+3	1,559378E-1	1,270312E+3	1,733872E+0	1,270312E+3	-3,798857E-2
1,271875E+3	1,689780E+0	1,271875E+3	5,004370E-2	1,271875E+3	1,574197E+0	1,271875E+3	1,302446E-1	1,271875E+3	1,520540E+0	1,271875E+3	1,678271E-1	1,271875E+3	1,753320E+0	1,271875E+3	-2,862111E-2
1,273437E+3	1,716772E+0	1,273437E+3	7,457892E-2	1,273437E+3	1,585379E+0	1,273437E+3	1,110207E-1	1,273437E+3	1,522841E+0	1,273437E+3	1,634763E-1	1,273437E+3	1,778078E+0	1,273437E+3	-2,329746E-2
1,275000E+3	1,745772E+0	1,275000E+3	1,054669E-1	1,275000E+3	1,595217E+0	1,275000E+3	9,319230E-2	1,275000E+3	1,525589E+0	1,275000E+3	1,594862E-1	1,275000E+3	1,800219E+0	1,275000E+3	-1,774335E-2
1,276562E+3	1,753638E+0	1,276562E+3	1,122898E-1	1,276562E+3	1,603822E+0	1,276562E+3	9,557664E-2	1,276562E+3	1,526796E+0	1,276562E+3	1,603327E-1	1,276562E+3	1,820912E+0	1,276562E+3	-1,174864E-2
1,278125E+3	1,761060E+0	1,278125E+3	1,192806E-1	1,278125E+3	1,611899E+0	1,278125E+3	9,813731E-2	1,278125E+3	1,528104E+0	1,278125E+3	1,615203E-1	1,278125E+3	1,840163E+0	1,278125E+3	-5,548255E-3
1,279687E+3	1,768979E+0	1,279687E+3	1,263748E-1	1,279687E+3	1,619713E+0	1,279687E+3	9,873348E-2	1,279687E+3	1,527254E+0	1,279687E+3	1,667192E-1	1,279687E+3	1,857022E+0	1,279687E+3	9,592754E-4
1,281250E+3	1,776386E+0	1,281250E+3	1,336282E-1	1,281250E+3	1,627016E+0	1,281250E+3	9,948903E-2	1,281250E+3	1,526188E+0	1,281250E+3	1,722520E-1	1,281250E+3	1,872557E+0	1,281250E+3	7,385344E-3
1,282812E+3	1,783020E+0	1,282812E+3	1,388860E-1	1,282812E+3	1,629660E+0	1,282812E+3	1,036415E-1	1,282812E+3	1,523259E+0	1,282812E+3	1,790282E-1	1,282812E+3	1,888468E+0	1,282812E+3	1,156086E-2
1,284375E+3	1,789179E+0	1,284375E+3	1,441576E-1	1,284375E+3	1,631868E+0	1,284375E+3	1,078631E-1	1,284375E+3	1,519920E+0	1,284375E+3	1,861103E-1	1,284375E+3	1,903158E+0	1,284375E+3	1,525558E-2
1,285937E+3	1,784433E+0	1,285937E+3	1,148892E-1	1,285937E+3	1,636429E+0	1,285937E+3	1,109189E-1	1,285937E+3	1,515554E+0	1,285937E+3	1,924655E-1	1,285937E+3	1,920079E+0	1,285937E+3	1,619929E-2
1,287500E+3	1,779787E+0	1,287500E+3	9,041233E-2	1,287500E+3	1,640504E+0	1,287500E+3	1,141062E-1	1,287500E+3	1,510663E+0	1,287500E+3	1,991189E-1	1,287500E+3	1,935869E+0	1,287500E+3	1,644221E-2
1,289062E+3	1,783668E+0	1,289062E+3	7,204137E-2	1,289062E+3	1,643685E+0	1,289062E+3	1,179955E-1	1,289062E+3	1,508248E+0	1,289062E+3	2,036824E-1	1,289062E+3	1,844632E+0	1,289062E+3	2,728833E-2
1,290625E+3	1,786945E+0	1,290625E+3	5,620976E-2	1,290625E+3	1,646229E+0	1,290625E+3	1,219970E-1	1,290625E+3	1,505514E+0	1,290625E+3	2,085880E-1	1,290625E+3	1,738338E+0	1,290625E+3	3,672756E-2
1,292187E+3	1,791358E+0	1,292187E+3	6,297764E-2	1,292187E+3	1,649495E+0	1,292187E+3	1,257192E-1	1,292187E+3	1,506734E+0	1,292187E+3	2,095671E-1	1,292187E+3	1,779869E+0	1,292187E+3	3,241396E-2
1,293750E+3	1,794936E+0	1,293750E+3	6,988163E-2	1,293750E+3	1,652125E+0	1,293750E+3	1,295518E-1	1,293750E+3	1,508055E+0	1,293750E+3	2,108489E-1	1,293750E+3	1,812562E+0	1,293750E+3	3,083529E-2
1,295312E+3	1,804856E+0	1,295312E+3	6,947884E-2	1,295312E+3	1,655307E+0	1,295312E+3	1,333742E-1	1,295312E+3	1,508499E+0	1,295312E+3	2,136689E-1	1,295312E+3	1,801635E+0	1,295312E+3	3,444420E-2
1,296875E+3	1,813199E+0	1,296875E+3	6,919438E-2	1,296875E+3	1,657853E+0	1,296875E+3	1,372983E-1	1,296875E+3	1,508946E+0	1,296875E+3	2,167306E-1	1,296875E+3	1,789653E+0	1,296875E+3	3,791920E-2
1,298437E+3	1,818139E+0	1,298437E+3	7,415326E-2	1,298437E+3	1,659165E+0	1,298437E+3	1,414495E-1	1,298437E+3	1,507839E+0	1,298437E+3	2,217117E-1	1,298437E+3	1,782919E+0	1,298437E+3	4,194036E-2
1,300000E+3	1,822417E+0	1,300000E+3	7,915210E-2	1,300000E+3	1,659850E+0	1,300000E+3	1,456528E-1	1,300000E+3	1,506603E+0	1,300000E+3	2,268813E-1	1,300000E+3	1,775494E+0	1,300000E+3	4,591492E-2
1,301562E+3	1,828247E+0	1,301562E+3	8,235728E-2	1,301562E+3	1,661816E+0	1,301562E+3	1,491117E-1	1,301562E+3	1,504614E+0	1,301562E+3	2,315196E-1	1,301562E+3	1,772842E+0	1,301562E+3	4,980557E-2
1,303125E+3	1,833450E+0	1,303125E+3	8,558307E-2	1,303125E+3	1,663165E+0	1,303125E+3	1,526848E-1	1,303125E+3	1,502447E+0	1,303125E+3	2,362833E-1	1,303125E+3	1,769754E+0	1,303125E+3	5,371555E-2
1,304687E+3	1,918025E+0	1,304687E+3	6,427235E-2	1,304687E+3	1,665359E+0	1,304687E+3	1,548142E-1	1,304687E+3	1,503662E+0	1,304687E+3	2,409480E-1	1,304687E+3	1,760181E+0	1,304687E+3	5,693777E-2
1,306250E+3	1,976542E+0	1,306250E+3	5,111641E-2	1,306250E+3	1,666889E+0	1,306250E+3	1,571159E-1	1,306250E+3	1,504826E+0	1,306250E+3	2,458390E-1	1,306250E+3	1,749871E+0	1,306250E+3	6,000403E-2
1,307812E+3	1,971342E+0	1,307812E+3	5,637533E-2	1,307812E+3	1,664452E+0	1,307812E+3	1,586231E-1	1,307812E+3	1,508979E+0	1,307812E+3	2,508154E-1	1,307812E+3	1,713975E+0	1,307812E+3	6,236277E-2
1,309375E+3	1,964706E+0	1,309375E+3	6,156789E-2	1,309375E+3	1,661226E+0	1,309375E+3	1,601547E-1	1,309375E+3	1,513137E+0	1,309375E+3	2,560905E-1	1,309375E+3	1,676920E+0	1,309375E+3	6,399146E-2
1,310937E+3	1,961856E+0	1,310937E+3	6,639334E-2	1,310937E+3	1,656284E+0	1,310937E+3	1,623176E-1	1,310937E+3	1,516247E+0	1,310937E+3	2,612214E-1	1,310937E+3	1,656239E+0	1,310937E+3	6,454641E-2
1,312500E+3	1,958092E+0	1,312500E+3	7,119162E-2	1,312500E+3	1,650564E+0	1,312500E+3	1,644583E-1	1,312500E+3	1,519280E+0	1,312500E+3	2,665187E-1	1,312500E+3	1,634989E+0	1,312500E+3	6,476831E-2
1,314062E+3	1,962548E+0	1,314062E+3	7,595273E-2	1,314062E+3	1,648863E+0	1,314062E+3	1,677132E-1	1,314062E+3	1,522101E+0	1,314062E+3	2,707070E-1	1,314062E+3	1,602452E+0	1,314062E+3	6,603753E-2
1,315625E+3	1,966782E+0	1,315625E+3	8,084606E-2	1,315625E+3	1,646500E+0	1,315625E+3	1,710820E-1	1,315625E+3	1,524811E+0	1,315625E+3	2,749585E-1	1,315625E+3	1,569695E+0	1,315625E+3	6,675831E-2
1,317187E+3	1,974746E+0	1,317187E+3	8,590760E-2	1,317187E+3	1,645868E+0	1,317187E+3	1,746123E-1	1,317187E+3	1,527905E+0	1,317187E+3	2,814249E-1	1,317187E+3	1,462752E+0	1,317187E+3	5,054709E-2
1,318750E+3	1,982730E+0	1,318750E+3	9,115330E-2	1,318750E+3	1,644583E+0	1,318750E+3	1,783323E-1	1,318750E+3	1,530850E+0	1,318750E+3	2,879818E-1	1,318750E+3	1,363270E+0	1,318750E+3	3,410087E-2
1,320312E+3	1,985635E+0	1,320312E+3	9,630667E-2	1,320312E+3	1,638072E+0	1,320312E+3	1,805289E-1	1,320312E+3	1,533599E+0	1,320312E+3	2,964009E-1	1,320312E+3	1,334486E+0	1,320312E+3	3,841667E-2
1,321875E+3	1,988129E+0	1,321875E+3	1,014709E-1	1,321875E+3	1,630908E+0	1,321875E+3	1,827720E-1	1,321875E+3	1,536133E+0	1,321875E+3	3,048319E-1	1,321875E+3	1,306192E+0	1,321875E+3	4,223257E-2
1,323437E+3	1,841688E+0	1,323437E+3	1,018372E-1	1,323437E+3	1,623300E+0	1,323437E+3	1,842807E-1	1,323437E+3	1,535524E+0	1,323437E+3	3,109053E-1	1,323437E+3	1,392074E+0	1,323437E+3	3,686348E-2
1,325000E+3	1,699157E+0	1,325000E+3	9,871859E-2	1,325000E+3	1,615174E+0	1,325000E+3	1,858632E-1	1,325000E+3	1,534678E+0	1,325000E+3	3,167328E-1	1,325000E+3	1,445568E+0	1,325000E+3	4,286784E-2
1,326562E+3	1,693936E+0	1,326562E+3	1,024143E-1	1,326562E+3	1,608667E+0	1,326562E+3	1,870437E-1	1,326562E+3	1,537987E+0	1,326562E+3	3,234710E-1	1,326562E+3	1,250862E+0	1,326562E+3	5,194216E-2
1,328125E+3	1,688494E+0	1,328125E+3	1,060721E-1	1,328125E+3	1,601749E+0	1,328125E+3	1,883610E-1	1,328125E+3	1,541041E+0	1,328125E+3	3,301023E-1	1,328125E+3	1,092334E+0	1,328125E+3	4,750594E-2
1,329687E+3	1,684898E+0	1,329687E+3	1,093127E-1	1,329687E+3	1,590069E+0	1,329687E+3	1,883599E-1	1,329687E+3	1,550239E+0	1,329687E+3	3,399214E-1	1,329687E+3	1,080202E+0	1,329687E+3	4,520049E-2
1,331250E+3	1,681140E+0	1,331250E+3	1,125348E-1	1,331250E+3	1,578179E+0	1,331250E+3	1,882785E-1	1,331250E+3	1,558989E+0	1,331250E+3	3,497258E-1	1,331250E+3	1,068187E+0	1,331250E+3	4,288921E-2
1,332812E+3	1,367566E+0	1,332812E+3	7,618194E-2	1,332812E+3	1,505656E+0	1,332812E+3	1,662298E-1	1,332812E+3	1,568274E+0	1,332812E+3	3,607306E-1	1,332812E+3	1,058861E+0	1,332812E+3	4,040419E-2
1,334375E+3	1,092970E+0	1,334375E+3	4,103286E-2	1,334375E+3	1,437205E+0	1,334375E+3	1,430838E-1	1,334375E+3	1,576964E+0	1,334375E+3	3,716393E-1	1,334375E+3	1,049566E+0	1,334375E+3	3,798518E-2
1,335937E+3	1,462047E+0	1,335937E+3	3,473019E-2	1,335937E+3	1,434206E+0	1,335937E+3	1,443492E-1	1,335937E+3	1,580350E+0	1,335937E+3	3,775268E-1	1,335937E+3	1,042078E+0	1,335937E+3	3,752431E-2
1,337500E+3	1,651013E+0	1,337500E+3	5,166551E-2	1,337500E+3	1,430874E+0	1,337500E+3	1,460509E-1	1,337500E+3	1,583158E+0	1,337500E+3	3,830643E-1	1,337500E+3	1,034530E+0	1,337500E+3	3,711224E-2
1,339062E+3	1,662251E+0	1,339062E+3	5,269910E-2	1,339062E+3	1,425318E+0	1,339062E+3	1,462184E-1	1,339062E+3	1,570894E+0	1,339062E+3	3,648939E-1	1,339062E+3	1,027914E+0	1,339062E+3	3,543803E-2
1,340625E+3	1,673682E+0	1,340625E+3	5,396754E-2	1,340625E+3	1,419533E+0	1,340625E+3	1,468480E-1	1,340625E+3	1,557809E+0	1,340625E+3	3,463999E-1	1,340625E+3	1,021203E+0	1,340625E+3	3,390724E-2
1,342187E+3	1,686432E+0	1,342187E+3	5,554196E-2	1,342187E+3	1,417486E+0	1,342187E+3	1,480050E-1	1,342187E+3	1,554362E+0	1,342187E+3	3,389808E-1	1,342187E+3	1,014357E+0	1,342187E+3	3,287952E-2
1,343750E+3	1,699294E+0	1,343750E+3	5,742202E-2	1,343750E+3	1,415074E+0	1,343750E+3	1,499473E-1	1,343750E+3	1,550285E+0	1,343750E+3	3,313647E-1	1,343750E+3	1,007411E+0	1,343750E+3	3,200194E-2
1,345312E+3	1,714302E+0	1,345312E+3	5,958909E-2	1,345312E+3	1,412596E+0	1,345312E+3	1,512837E-1	1,345312E+3	1,561874E+0	1,345312E+3	3,455697E-1	1,345312E+3	9,997229E-1	1,345312E+3	3,065200E-2
1,346875E+3	1,729327E+0	1,346875E+3	6,215999E-2	1,346875E+3	1,409815E+0	1,346875E+3	1,534169E-1	1,346875E+3	1,572411E+0	1,346875E+3	3,598793E-1	1,346875E+3	9,919310E-1	1,346875E+3	2,952744E-2
1,348437E+3	1,747094E+0	1,348437E+3	6,512778E-2	1,348437E+3	1,401910E+0	1,348437E+3	1,542427E-1	1,348437E+3	1,555397E+0	1,348437E+3	3,116554E-1	1,348437E+3	9,824098E-1	1,348437E+3	2,858512E-2
1,350000E+3	1,764842E+0	1,350000E+3	6,865375E-2	1,350000E+3	1,393986E+0	1,350000E+3	1,555126E-1	1,350000E+3	1,536252E+0	1,350000E+3	2,653757E-1	1,350000E+3	9,728436E-1	1,350000E+3	2,791000E-2
1,351562E+3	1,785159E+0	1,351562E+3	7,142404E-2	1,351562E+3	1,384434E+0	1,351562E+3	1,561143E-1	1,351562E+3	1,526734E+0	1,351562E+3	2,510186E-1	1,351562E+3	9,197118E-1	1,351562E+3	2,908905E-2
1,353125E+3	1,805328E+0	1,353125E+3	7,488613E-2	1,353125E+3	1,375012E+0	1,353125E+3	1,570142E-1	1,353125E+3	1,516410E+0	1,353125E+3	2,372687E-1	1,353125E+3	8,723736E-1	1,353125E+3	2,770055E-2
1,354687E+3	1,829123E+0	1,354687E+3	7,880800E-2	1,354687E+3	1,365586E+0	1,354687E+3	1,572037E-1	1,354687E+3	1,513176E+0	1,354687E+3	2,335839E-1	1,354687E+3	8,463658E-1	1,354687E+3	2,678209E-2
1,356250E+3	1,852707E+0	1,356250E+3	8,365239E-2	1,356250E+3	1,356391E+0	1,356250E+3	1,576804E-1	1,356250E+3	1,509189E+0	1,356250E+3	2,301212E-1	1,356250E+3	8,226209E-1	1,356250E+3	2,572214E-2
1,357812E+3	1,876794E+0	1,357812E+3	8,725167E-2	1,357812E+3	1,349575E+0	1,357812E+3	1,582831E-1	1,357812E+3	1,501989E+0	1,357812E+3	2,218334E-1	1,357812E+3	8,510498E-1	1,357812E+3	2,412254E-2
1,359375E+3	1,900623E+0	1,359375E+3	9,187605E-2	1,359375E+3	1,342968E+0	1,359375E+3	1,593514E-1	1,359375E+3	1,494273E+0	1,359375E+3	2,139917E-1	1,359375E+3	8,745472E-1	1,359375E+3	2,732714E-2
1,360937E+3	1,413739E+0	1,360937E+3	6,247902E-2	1,360937E+3	1,342044E+0	1,360937E+3	1,610486E-1	1,360937E+3	1,485471E+0	1,360937E+3	2,040868E-1	1,360937E+3	9,036263E-1	1,360937E+3	2,464907E-2
1,362500E+3	1,118779E+0	1,362500E+3	2,331013E-2	1,362500E+3	1,341165E+0	1,362500E+3	1,637221E-1	1,362500E+3	1,476135E+0	1,362500E+3	1,948886E-1	1,362500E+3	9,275442E-1	1,362500E+3	2,878732E-2
1,364062E+3	1,125352E+0	1,364062E+3	2,320085E-2	1,364062E+3	1,344615E+0	1,364062E+3	1,658300E-1	1,364062E+3	1,473287E+0	1,364062E+3	1,924609E-1	1,364062E+3	9,471202E-1	1,364062E+3	2,672239E-2
1,365625E+3	1,130833E+0	1,365625E+3	2,387566E-2	1,365625E+3	1,348054E+0	1,365625E+3	1,694082E-1	1,365625E+3	1,469634E+0	1,365625E+3	1,905398E-1	1,365625E+3	9,640658E-1	1,365625E+3	3,029055E-2
1,367187E+3	1,131820E+0	1,367187E+3	2,329707E-2	1,367187E+3	1,352129E+0	1,367187E+3	1,719160E-1	1,367187E+3	1,466535E+0	1,367187E+3	1,873979E-1	1,367187E+3	9,740578E-1	1,367187E+3	2,857957E-2
1,368750E+3	1,132011E+0	1,368750E+3	2,348686E-2	1,368750E+3	1,356271E+0	1,368750E+3	1,760945E-1	1,368750E+3	1,462517E+0	1,368750E+3	1,849573E-1	1,368750E+3	9,833693E-1	1,368750E+3	3,070407E-2
1,370312E+3	1,126969E+0	1,370312E+3	2,312294E-2	1,370312E+3	1,355171E+0	1,370312E+3	1,775841E-1	1,370312E+3	1,447766E+0	1,370312E+3	1,721429E-1	1,370312E+3	9,891247E-1	1,370312E+3	2,983667E-2
1,371875E+3	1,121427E+0	1,371875E+3	2,349803E-2	1,371875E+3	1,354533E+0	1,371875E+3	1,803357E-1	1,371875E+3	1,433019E+0	1,371875E+3	1,607427E-1	1,371875E+3	9,949571E-1	1,371875E+3	3,201482E-2
1,373437E+3	1,098454E+0	1,373437E+3	2,170545E-2	1,373437E+3	1,334688E+0	1,373437E+3	1,779067E-1	1,373437E+3	1,414618E+0	1,373437E+3	1,468433E-1	1,373437E+3	9,956945E-1	1,373437E+3	3,079875E-2
1,375000E+3	1,076730E+0	1,375000E+3	2,023553E-2	1,375000E+3	1,316585E+0	1,375000E+3	1,752052E-1	1,375000E+3	1,396740E+0	1,375000E+3	1,345907E-1	1,375000E+3	9,972212E-1	1,375000E+3	3,204349E-2
1,376562E+3	9,938135E-1	1,376562E+3	1,645346E-2	1,376562E+3	1,286348E+0	1,376562E+3	1,710643E-1	1,376562E+3	1,386860E+0	1,376562E+3	1,274222E-1	1,376562E+3	9,952176E-1	1,376562E+3	3,144744E-2
1,378125E+3	9,242879E-1	1,378125E+3	9,228516E-3	1,378125E+3	1,258736E+0	1,378125E+3	1,654770E-1	1,378125E+3	1,376861E+0	1,378125E+3	1,215491E-1	1,378125E+3	9,944870E-1	1,378125E+3	3,291568E-2
1,379687E+3	9,006319E-1	1,379687E+3	7,501436E-3	1,379687E+3	1,251185E+0	1,379687E+3	1,653572E-1	1,379687E+3	1,368360E+0	1,379687E+3	1,150753E-1	1,379687E+3	9,882528E-1	1,379687E+3	3,253146E-2
1,381250E+3	8,787969E-1	1,381250E+3	5,995974E-3	1,381250E+3	1,244677E+0	1,381250E+3	1,656105E-1	1,381250E+3	1,359665E+0	1,381250E+3	1,100944E-1	1,381250E+3	9,839990E-1	1,381250E+3	3,367417E-2
1,382812E+3	8,701489E-1	1,382812E+3	4,985610E-3	1,382812E+3	1,248390E+0	1,382812E+3	1,681016E-1	1,382812E+3	1,344456E+0	1,382812E+3	9,988751E-2	1,382812E+3	9,723782E-1	1,382812E+3	3,321666E-2
1,384375E+3	8,615438E-1	1,384375E+3	5,224964E-3	1,384375E+3	1,252749E+0	1,384375E+3	1,718124E-1	1,384375E+3	1,329973E+0	1,384375E+3	9,142931E-2	1,384375E+3	9,640034E-1	1,384375E+3	3,359583E-2
1,385937E+3	8,542551E-1	1,385937E+3	3,850814E-3	1,385937E+3	1,258609E+0	1,385937E+3	1,744721E-1	1,385937E+3	1,309683E+0	1,385937E+3	8,018337E-2	1,385937E+3	9,490011E-1	1,385937E+3	3,269746E-2
1,387500E+3	8,469756E-1	1,387500E+3	4,244042E-3	1,387500E+3	1,265217E+0	1,387500E+3	1,785271E-1	1,387500E+3	1,290953E+0	1,387500E+3	7,060229E-2	1,387500E+3	9,387625E-1	1,387500E+3	3,158395E-2
1,389062E+3	8,395374E-1	1,389062E+3	2,378388E-3	1,389062E+3	1,271144E+0	1,389062E+3	1,812370E-1	1,389062E+3	1,272285E+0	1,389062E+3	6,101401E-2	1,389062E+3	9,322534E-1	1,389062E+3	3,063910E-2
1,390625E+3	8,324395E-1	1,390625E+3	2,726863E-3	1,390625E+3	1,277979E+0	1,390625E+3	1,853439E-1	1,390625E+3	1,255215E+0	1,390625E+3	5,287508E-2	1,390625E+3	9,319224E-1	1,390625E+3	3,048228E-2
1,392187E+3	8,267617E-1	1,392187E+3	8,422871E-4	1,392187E+3	1,281253E+0	1,392187E+3	1,878327E-1	1,392187E+3	1,239634E+0	1,392187E+3	4,640000E-2	1,392187E+3	9,401468E-1	1,392187E+3	2,922743E-2
1,393750E+3	8,216520E-1	1,393750E+3	1,851279E-3	1,393750E+3	1,285574E+0	1,393750E+3	1,913919E-1	1,393750E+3	1,225422E+0	1,393750E+3	4,129201E-2	1,393750E+3	9,565344E-1	1,393750E+3	3,109806E-2
1,395312E+3	8,185165E-1	1,395312E+3	-2,513559E-4	1,395312E+3	1,282637E+0	1,395312E+3	1,922167E-1	1,395312E+3	1,205773E+0	1,395312E+3	3,377202E-2	1,395312E+3	9,758738E-1	1,395312E+3	3,015391E-2
1,396875E+3	8,163570E-1	1,396875E+3	1,630333E-3	1,396875E+3	1,280977E+0	1,396875E+3	1,933852E-1	1,396875E+3	1,188402E+0	1,396875E+3	2,766608E-2	1,396875E+3	1,004905E+0	1,396875E+3	3,317894E-2
1,398437E+3	8,170551E-1	1,398437E+3	-5,095646E-4	1,398437E+3	1,273612E+0	1,398437E+3	1,926162E-1	1,398437E+3	1,172701E+0	1,398437E+3	2,217183E-2	1,398437E+3	1,020704E+0	1,398437E+3	3,410133E-2
1,400000E+3	8,194085E-1	1,400000E+3	2,302998E-3	1,400000E+3	1,267752E+0	1,400000E+3	1,916388E-1	1,400000E+3	1,159312E+0	1,400000E+3	1,862447E-2	1,400000E+3	1,042730E+0	1,400000E+3	3,626759E-2
1,401562E+3	8,242246E-1	1,401562E+3	-3,294612E-4	1,401562E+3	1,259122E+0	1,401562E+3	1,899129E-1	1,401562E+3	1,148787E+0	1,401562E+3	1,385718E-2	1,401562E+3	1,052539E+0	1,401562E+3	3,770862E-2
1,403125E+3	8,320547E-1	1,403125E+3	3,530344E-3	1,403125E+3	1,251888E+0	1,403125E+3	1,877075E-1	1,403125E+3	1,140511E+0	1,403125E+3	1,136217E-2	1,403125E+3	1,066307E+0	1,403125E+3	3,872163E-2
1,404687E+3	8,428438E-1	1,404687E+3	1,156436E-3	1,404687E+3	1,245847E+0	1,404687E+3	1,866336E-1	1,404687E+3	1,125916E+0	1,404687E+3	3,933434E-3	1,404687E+3	1,075174E+0	1,404687E+3	4,070028E-2
1,406250E+3	8,583468E-1	1,406250E+3	6,349122E-3	1,406250E+3	1,241056E+0	1,406250E+3	1,852717E-1	1,406250E+3	1,114163E+0	1,406250E+3	-2,429893E-3	1,406250E+3	1,087105E+0	1,406250E+3	4,187009E-2
1,407812E+3	8,758720E-1	1,407812E+3	3,847809E-3	1,407812E+3	1,238275E+0	1,407812E+3	1,853081E-1	1,407812E+3	1,097149E+0	1,407812E+3	-1,108358E-2	1,407812E+3	1,099183E+0	1,407812E+3	4,403160E-2
1,409375E+3	9,009357E-1	1,409375E+3	1,021868E-2	1,409375E+3	1,236600E+0	1,409375E+3	1,852873E-1	1,409375E+3	1,082941E+0	1,409375E+3	-1,956650E-2	1,409375E+3	1,114222E+0	1,409375E+3	4,548576E-2
1,410937E+3	9,205766E-1	1,410937E+3	8,038718E-3	1,410937E+3	1,228993E+0	1,410937E+3	1,836740E-1	1,410937E+3	1,066357E+0	1,410937E+3	-2,717034E-2	1,410937E+3	1,189370E+0	1,410937E+3	7,440941E-2
1,412500E+3	9,494786E-1	1,412500E+3	1,256904E-2	1,412500E+3	1,222212E+0	1,412500E+3	1,814675E-1	1,412500E+3	1,052390E+0	1,412500E+3	-3,491214E-2	1,412500E+3	1,277883E+0	1,412500E+3	1,235516E-1
1,414062E+3	9,699941E-1	1,414062E+3	1,160963E-2	1,414062E+3	1,211245E+0	1,414062E+3	1,780247E-1	1,414062E+3	1,036754E+0	1,414062E+3	-4,108256E-2	1,414062E+3	1,394978E+0	1,414062E+3	1,339976E-1
1,415625E+3	9,997452E-1	1,415625E+3	1,487050E-2	1,415625E+3	1,200883E+0	1,415625E+3	1,737356E-1	1,415625E+3	1,023473E+0	1,415625E+3	-4,764624E-2	1,415625E+3	1,551429E+0	1,415625E+3	1,622737E-1
1,417187E+3	1,017338E+0	1,417187E+3	1,524930E-2	1,417187E+3	1,302659E+0	1,417187E+3	2,273964E-1	1,417187E+3	1,009506E+0	1,417187E+3	-5,078325E-2	1,417187E+3	1,546082E+0	1,417187E+3	1,647857E-1
1,418750E+3	1,042957E+0	1,418750E+3	1,726709E-2	1,418750E+3	1,389287E+0	1,418750E+3	3,126055E-1	1,418750E+3	9,975222E-1	1,418750E+3	-5,436530E-2	1,418750E+3	1,540362E+0	1,418750E+3	1,645290E-1
1,420312E+3	1,054904E+0	1,420312E+3	1,892890E-2	1,420312E+3	1,381046E+0	1,420312E+3	3,120955E-1	1,420312E+3	1,130655E+0	1,420312E+3	-3,252334E-2	1,420312E+3	1,542231E+0	1,420312E+3	1,693267E-1
1,421875E+3	1,072411E+0	1,421875E+3	1,993028E-2	1,421875E+3	1,373560E+0	1,421875E+3	3,110146E-1	1,421875E+3	1,263492E+0	1,421875E+3	5,499317E-2	1,421875E+3	1,543917E+0	1,421875E+3	1,714997E-1
1,423437E+3	1,079068E+0	1,423437E+3	2,191472E-2	1,423437E+3	1,364874E+0	1,423437E+3	3,096891E-1	1,423437E+3	1,248611E+0	1,423437E+3	4,587224E-2	1,423437E+3	1,549278E+0	1,423437E+3	1,759423E-1
1,425000E+3	1,089857E+0	1,425000E+3	2,163075E-2	1,425000E+3	1,356950E+0	1,425000E+3	3,077799E-1	1,425000E+3	1,236192E+0	1,425000E+3	3,494564E-2	1,425000E+3	1,554579E+0	1,425000E+3	1,774536E-1
1,426562E+3	1,092066E+0	1,426562E+3	2,266547E-2	1,426562E+3	1,346945E+0	1,426562E+3	3,059993E-1	1,426562E+3	1,222001E+0	1,426562E+3	2,620349E-2	1,426562E+3	1,550864E+0	1,426562E+3	1,801927E-1
1,428125E+3	1,097005E+0	1,428125E+3	2,024128E-2	1,428125E+3	1,337633E+0	1,428125E+3	3,035512E-1	1,428125E+3	1,210166E+0	1,428125E+3	1,541100E-2	1,428125E+3	1,546094E+0	1,428125E+3	1,797057E-1
1,429687E+3	1,095640E+0	1,429687E+3	1,910903E-2	1,429687E+3	1,327210E+0	1,429687E+3	3,007894E-1	1,429687E+3	1,194786E+0	1,429687E+3	5,887755E-3	1,429687E+3	1,541798E+0	1,429687E+3	1,823921E-1
1,431250E+3	1,095749E+0	1,431250E+3	1,370205E-2	1,431250E+3	1,317559E+0	1,431250E+3	2,973315E-1	1,431250E+3	1,181942E+0	1,431250E+3	-6,192651E-3	1,431250E+3	1,536232E+0	1,431250E+3	1,819419E-1
1,432812E+3	1,092181E+0	1,432812E+3	1,041369E-2	1,432812E+3	1,307850E+0	1,432812E+3	2,938222E-1	1,432812E+3	1,164011E+0	1,432812E+3	-1,611763E-2	1,432812E+3	1,529820E+0	1,432812E+3	1,834866E-1
1,434375E+3	1,089354E+0	1,434375E+3	1,840426E-3	1,434375E+3	1,299032E+0	1,434375E+3	2,896811E-1	1,434375E+3	1,148834E+0	1,434375E+3	-2,945052E-2	1,434375E+3	1,521857E+0	1,434375E+3	1,820644E-1
1,435937E+3	1,341119E+0	1,435937E+3	4,353842E-2	1,435937E+3	1,291297E+0	1,435937E+3	2,869370E-1	1,435937E+3	1,133823E+0	1,435937E+3	-3,946444E-2	1,435937E+3	1,513365E+0	1,435937E+3	1,829540E-1
1,437500E+3	1,715689E+0	1,437500E+3	2,297186E-1	1,437500E+3	1,284591E+0	1,437500E+3	2,837289E-1	1,437500E+3	1,120823E+0	1,437500E+3	-5,288737E-2	1,437500E+3	1,503097E+0	1,437500E+3	1,810511E-1
1,439062E+3	1,698094E+0	1,439062E+3	2,301844E-1	1,439062E+3	1,280477E+0	1,439062E+3	2,849204E-1	1,439062E+3	1,122390E+0	1,439062E+3	-1,395551E-2	1,439062E+3	1,493321E+0	1,439062E+3	1,818077E-1
1,440625E+3	1,677664E+0	1,440625E+3	2,224112E-1	1,440625E+3	1,277209E+0	1,440625E+3	2,859392E-1	1,440625E+3	1,120886E+0	1,440625E+3	2,530705E-2	1,440625E+3	1,481579E+0	1,440625E+3	1,799111E-1
1,442187E+3	1,652523E+0	1,442187E+3	2,200320E-1	1,442187E+3	1,278103E+0	1,442187E+3	2,947187E-1	1,442187E+3	1,351658E+0	1,442187E+3	1,183741E-1	1,442187E+3	1,469439E+0	1,442187E+3	1,794825E-1
1,443750E+3	1,622833E+0	1,443750E+3	2,083062E-1	1,443750E+3	1,279084E+0	1,443750E+3	3,036975E-1	1,443750E+3	1,573618E+0	1,443750E+3	3,554746E-1	1,443750E+3	1,455097E+0	1,443750E+3	1,763701E-1
1,445312E+3	1,590777E+0	1,445312E+3	2,030022E-1	1,445312E+3	1,281440E+0	1,445312E+3	3,165096E-1	1,445312E+3	1,574838E+0	1,445312E+3	3,620273E-1	1,445312E+3	1,377777E+0	1,445312E+3	1,401396E-1
1,446875E+3	1,552524E+0	1,446875E+3	1,882822E-1	1,446875E+3	1,283544E+0	1,446875E+3	3,296647E-1	1,446875E+3	1,576900E+0	1,446875E+3	3,675981E-1	1,446875E+3	1,286195E+0	1,446875E+3	7,373287E-2
1,448437E+3	1,583656E+0	1,448437E+3	1,978105E-1	1,448437E+3	1,286502E+0	1,448437E+3	3,451493E-1	1,448437E+3	1,578575E+0	1,448437E+3	3,739322E-1	1,448437E+3	1,291601E+0	1,448437E+3	7,637089E-2
1,450000E+3	1,615237E+0	1,450000E+3	2,026417E-1	1,450000E+3	1,288997E+0	1,450000E+3	3,610430E-1	1,450000E+3	1,581070E+0	1,450000E+3	3,793412E-1	1,450000E+3	1,297062E+0	1,450000E+3	7,905150E-2
1,451562E+3	1,681249E+0	1,451562E+3	2,279305E-1	1,451562E+3	1,291108E+0	1,451562E+3	3,767134E-1	1,451562E+3	1,583133E+0	1,451562E+3	3,836289E-1	1,451562E+3	1,301425E+0	1,451562E+3	8,227106E-2
1,453125E+3	1,753127E+0	1,453125E+3	2,575340E-1	1,453125E+3	1,292749E+0	1,453125E+3	3,927395E-1	1,453125E+3	1,586326E+0	1,453125E+3	3,868931E-1	1,453125E+3	1,305786E+0	1,453125E+3	8,553957E-2
1,454687E+3	1,756220E+0	1,454687E+3	2,648273E-1	1,454687E+3	1,293394E+0	1,454687E+3	4,071057E-1	1,454687E+3	1,451642E+0	1,454687E+3	3,299624E-1	1,454687E+3	1,309695E+0	1,454687E+3	8,950607E-2
1,456250E+3	1,757397E+0	1,456250E+3	2,705067E-1	1,456250E+3	1,293665E+0	1,456250E+3	4,217581E-1	1,456250E+3	1,320551E+0	1,456250E+3	2,137658E-1	1,456250E+3	1,313578E+0	1,456250E+3	9,355256E-2
1,457812E+3	1,761563E+0	1,457812E+3	2,811976E-1	1,457812E+3	1,250973E+0	1,457812E+3	3,387270E-1	1,457812E+3	1,326681E+0	1,457812E+3	2,219334E-1	1,457812E+3	1,317759E+0	1,457812E+3	9,818821E-2
1,459375E+3	1,764188E+0	1,459375E+3	2,912561E-1	1,459375E+3	1,217924E+0	1,459375E+3	2,507786E-1	1,459375E+3	1,332797E+0	1,459375E+3	2,302476E-1	1,459375E+3	1,321922E+0	1,459375E+3	1,029009E-1
1,460937E+3	1,764293E+0	1,460937E+3	3,019516E-1	1,460937E+3	1,221740E+0	1,460937E+3	2,651193E-1	1,460937E+3	1,341909E+0	1,460937E+3	2,401622E-1	1,460937E+3	1,324840E+0	1,460937E+3	1,093841E-1
1,462500E+3	1,762597E+0	1,462500E+3	3,118187E-1	1,462500E+3	1,225141E+0	1,462500E+3	2,797666E-1	1,462500E+3	1,351115E+0	1,462500E+3	2,503555E-1	1,462500E+3	1,327703E+0	1,462500E+3	1,159452E-1
1,464062E+3	1,531443E+0	1,464062E+3	2,262717E-1	1,464062E+3	1,228609E+0	1,464062E+3	2,937331E-1	1,464062E+3	1,365205E+0	1,464062E+3	2,642343E-1	1,464062E+3	1,327281E+0	1,464062E+3	1,209105E-1
1,465625E+3	1,213427E+0	1,465625E+3	4,294982E-2	1,465625E+3	1,231707E+0	1,465625E+3	3,079808E-1	1,465625E+3	1,379403E+0	1,465625E+3	2,787730E-1	1,465625E+3	1,326740E+0	1,465625E+3	1,258599E-1
1,467187E+3	1,226577E+0	1,467187E+3	4,649508E-2	1,467187E+3	1,234202E+0	1,467187E+3	3,196009E-1	1,467187E+3	1,387994E+0	1,467187E+3	2,894616E-1	1,467187E+3	1,324360E+0	1,467187E+3	1,300858E-1
1,468750E+3	1,240092E+0	1,468750E+3	5,023750E-2	1,468750E+3	1,236530E+0	1,468750E+3	3,314715E-1	1,468750E+3	1,396609E+0	1,468750E+3	3,002975E-1	1,468750E+3	1,321767E+0	1,468750E+3	1,342918E-1
1,470312E+3	1,251818E+0	1,470312E+3	5,405237E-2	1,470312E+3	1,195246E+0	1,470312E+3	2,460042E-1	1,470312E+3	1,400100E+0	1,470312E+3	3,096543E-1	1,470312E+3	1,317480E+0	1,470312E+3	1,381764E-1
1,471875E+3	1,263853E+0	1,471875E+3	5,804819E-2	1,471875E+3	1,164071E+0	1,471875E+3	1,508310E-1	1,471875E+3	1,403429E+0	1,471875E+3	3,189013E-1	1,471875E+3	1,312891E+0	1,471875E+3	1,419725E-1
1,473437E+3	1,275174E+0	1,473437E+3	6,358100E-2	1,473437E+3	1,169747E+0	1,473437E+3	1,642142E-1	1,473437E+3	1,404039E+0	1,473437E+3	3,284891E-1	1,473437E+3	1,217009E+0	1,473437E+3	1,185106E-1
1,475000E+3	1,286755E+0	1,475000E+3	6,935276E-2	1,475000E+3	1,175075E+0	1,475000E+3	1,777764E-1	1,475000E+3	1,404340E+0	1,475000E+3	3,378754E-1	1,475000E+3	1,101913E+0	1,475000E+3	8,423897E-2
1,476562E+3	1,297547E+0	1,476562E+3	7,564223E-2	1,476562E+3	1,178987E+0	1,476562E+3	1,879849E-1	1,476562E+3	1,409706E+0	1,476562E+3	3,125083E-1	1,476562E+3	1,080552E+0	1,476562E+3	8,090110E-2
1,478125E+3	1,308548E+0	1,478125E+3	8,217647E-2	1,478125E+3	1,182788E+0	1,478125E+3	1,982450E-1	1,478125E+3	1,419237E+0	1,478125E+3	2,850270E-1	1,478125E+3	1,057249E+0	1,478125E+3	7,688426E-2
1,479687E+3	1,321008E+0	1,479687E+3	8,960392E-2	1,479687E+3	1,183342E+0	1,479687E+3	2,001214E-1	1,479687E+3	1,422121E+0	1,479687E+3	2,962965E-1	1,479687E+3	1,050463E+0	1,479687E+3	7,769485E-2
1,481250E+3	1,333665E+0	1,481250E+3	9,730441E-2	1,481250E+3	1,184295E+0	1,481250E+3	2,017890E-1	1,481250E+3	1,424728E+0	1,481250E+3	3,075116E-1	1,481250E+3	1,043490E+0	1,481250E+3	7,837039E-2
1,482812E+3	1,222333E+0	1,482812E+3	7,451908E-2	1,482812E+3	1,178018E+0	1,482812E+3	1,913979E-1	1,482812E+3	1,252240E+0	1,482812E+3	2,061052E-1	1,482812E+3	1,019581E+0	1,482812E+3	7,498203E-2
1,484375E+3	1,086615E+0	1,484375E+3	4,384558E-2	1,484375E+3	1,172884E+0	1,484375E+3	1,798497E-1	1,484375E+3	1,023081E+0	1,484375E+3	2,921473E-2	1,484375E+3	9,935234E-1	1,484375E+3	7,081118E-2
1,485937E+3	1,078941E+0	1,485937E+3	4,311845E-2	1,485937E+3	1,169214E+0	1,485937E+3	1,785252E-1	1,485937E+3	1,027555E+0	1,485937E+3	3,235039E-2	1,485937E+3	9,870484E-1	1,485937E+3	7,241252E-2
1,487500E+3	1,070766E+0	1,487500E+3	4,217462E-2	1,487500E+3	1,166101E+0	1,487500E+3	1,764764E-1	1,487500E+3	1,032043E+0	1,487500E+3	3,549337E-2	1,487500E+3	9,805867E-1	1,487500E+3	7,388457E-2
1,489062E+3	1,062643E+0	1,489062E+3	4,190690E-2	1,489062E+3	1,163617E+0	1,489062E+3	1,767382E-1	1,489062E+3	1,035952E+0	1,489062E+3	3,914728E-2	1,489062E+3	9,763009E-1	1,489062E+3	7,597649E-2
1,490625E+3	1,054032E+0	1,490625E+3	4,145718E-2	1,490625E+3	1,161526E+0	1,490625E+3	1,764297E-1	1,490625E+3	1,039865E+0	1,490625E+3	4,279376E-2	1,490625E+3	9,721011E-1	1,490625E+3	7,797722E-2
1,492187E+3	1,043926E+0	1,492187E+3	4,054983E-2	1,492187E+3	1,157827E+0	1,492187E+3	1,743443E-1	1,492187E+3	1,042459E+0	1,492187E+3	4,595031E-2	1,492187E+3	9,656796E-1	1,492187E+3	7,935874E-2
1,493750E+3	1,033218E+0	1,493750E+3	3,942180E-2	1,493750E+3	1,154556E+0	1,493750E+3	1,715712E-1	1,493750E+3	1,045056E+0	1,493750E+3	4,907108E-2	1,493750E+3	9,592614E-1	1,493750E+3	8,064794E-2
1,495312E+3	1,022988E+0	1,495312E+3	3,816974E-2	1,495312E+3	1,148133E+0	1,495312E+3	1,642832E-1	1,495312E+3	1,045505E+0	1,495312E+3	5,107044E-2	1,495312E+3	9,501423E-1	1,495312E+3	7,990542E-2
1,496875E+3	1,012207E+0	1,496875E+3	3,668451E-2	1,496875E+3	1,142241E+0	1,496875E+3	1,559115E-1	1,496875E+3	1,045942E+0	1,496875E+3	5,299255E-2	1,496875E+3	9,409071E-1	1,496875E+3	7,905130E-2
1,498437E+3	1,007444E+0	1,498437E+3	3,668555E-2	1,498437E+3	1,135989E+0	1,498437E+3	1,501377E-1	1,498437E+3	1,043971E+0	1,498437E+3	5,383597E-2	1,498437E+3	9,343975E-1	1,498437E+3	7,792696E-2
1,500000E+3	1,002554E+0	1,500000E+3	3,655071E-2	1,500000E+3	1,130133E+0	1,500000E+3	1,434358E-1	1,500000E+3	1,041952E+0	1,500000E+3	5,455391E-2	1,500000E+3	9,278236E-1	1,500000E+3	7,669973E-2
1,501562E+3	1,000046E+0	1,501562E+3	3,683332E-2	1,501562E+3	1,125204E+0	1,501562E+3	1,399641E-1	1,501562E+3	1,037806E+0	1,501562E+3	5,442363E-2	1,501562E+3	9,234494E-1	1,501562E+3	7,573927E-2
1,503125E+3	9,975101E-1	1,503125E+3	3,703049E-2	1,503125E+3	1,120548E+0	1,503125E+3	1,358437E-1	1,503125E+3	1,033576E+0	1,503125E+3	5,409425E-2	1,503125E+3	9,190836E-1	1,503125E+3	7,469000E-2
1,504687E+3	9,952351E-1	1,504687E+3	3,754474E-2	1,504687E+3	1,116964E+0	1,504687E+3	1,346054E-1	1,504687E+3	1,027564E+0	1,504687E+3	5,345484E-2	1,504687E+3	9,135828E-1	1,504687E+3	7,544610E-2
1,506250E+3	9,929500E-1	1,506250E+3	3,798739E-2	1,506250E+3	1,113577E+0	1,506250E+3	1,328992E-1	1,506250E+3	1,021476E+0	1,506250E+3	5,253294E-2	1,506250E+3	9,082770E-1	1,506250E+3	7,607239E-2
1,507812E+3	9,897269E-1	1,507812E+3	3,844402E-2	1,507812E+3	1,109888E+0	1,507812E+3	1,319509E-1	1,507812E+3	1,015459E+0	1,507812E+3	5,233633E-2	1,507812E+3	9,007912E-1	1,507812E+3	7,830832E-2
1,509375E+3	9,864826E-1	1,509375E+3	3,882155E-2	1,509375E+3	1,106403E+0	1,509375E+3	1,305141E-1	1,509375E+3	1,009439E+0	1,509375E+3	5,187951E-2	1,509375E+3	8,936905E-1	1,509375E+3	8,034201E-2
1,510937E+3	9,823220E-1	1,510937E+3	3,938896E-2	1,510937E+3	1,101177E+0	1,510937E+3	1,282945E-1	1,510937E+3	1,003664E+0	1,510937E+3	5,094024E-2	1,510937E+3	8,808362E-1	1,510937E+3	8,161562E-2
1,512500E+3	9,781656E-1	1,512500E+3	3,986515E-2	1,512500E+3	1,096222E+0	1,512500E+3	1,254764E-1	1,512500E+3	9,978164E-1	1,512500E+3	4,978088E-2	1,512500E+3	8,697140E-1	1,512500E+3	8,284341E-2
1,514062E+3	9,724567E-1	1,514062E+3	3,955293E-2	1,514062E+3	1,091021E+0	1,514062E+3	1,231467E-1	1,514062E+3	9,934527E-1	1,514062E+3	4,881441E-2	1,514062E+3	8,648694E-1	1,514062E+3	8,323888E-2
1,515625E+3	9,667576E-1	1,515625E+3	3,915435E-2	1,515625E+3	1,086049E+0	1,515625E+3	1,202764E-1	1,515625E+3	9,890228E-1	1,515625E+3	4,768737E-2	1,515625E+3	8,603810E-1	1,515625E+3	8,353193E-2
1,517187E+3	9,605412E-1	1,517187E+3	3,889587E-2	1,517187E+3	1,080874E+0	1,517187E+3	1,195551E-1	1,517187E+3	9,849375E-1	1,517187E+3	4,763934E-2	1,517187E+3	8,553980E-1	1,517187E+3	8,383851E-2
1,518750E+3	9,543360E-1	1,518750E+3	3,854820E-2	1,518750E+3	1,075988E+0	1,518750E+3	1,183814E-1	1,518750E+3	9,809366E-1	1,518750E+3	4,742808E-2	1,518750E+3	8,507929E-1	1,518750E+3	8,405630E-2
1,520312E+3	9,482422E-1	1,520312E+3	3,864520E-2	1,520312E+3	1,069811E+0	1,520312E+3	1,187066E-1	1,520312E+3	9,681547E-1	1,520312E+3	5,017794E-2	1,520312E+3	8,456393E-1	1,520312E+3	8,403246E-2
1,521875E+3	9,421972E-1	1,521875E+3	3,863352E-2	1,521875E+3	1,064078E+0	1,521875E+3	1,185851E-1	1,521875E+3	9,571832E-1	1,521875E+3	5,236168E-2	1,521875E+3	8,409044E-1	1,521875E+3	8,392780E-2
1,523437E+3	9,369933E-1	1,523437E+3	3,876389E-2	1,523437E+3	1,044423E+0	1,523437E+3	1,210523E-1	1,523437E+3	9,466156E-1	1,523437E+3	5,257725E-2	1,523437E+3	8,395508E-1	1,523437E+3	8,447070E-2
1,525000E+3	9,319201E-1	1,525000E+3	3,878583E-2	1,525000E+3	1,028281E+0	1,525000E+3	1,227220E-1	1,525000E+3	9,371560E-1	1,525000E+3	5,267679E-2	1,525000E+3	8,384429E-1	1,525000E+3	8,491893E-2
1,526562E+3	9,261657E-1	1,526562E+3	3,904822E-2	1,526562E+3	1,021037E+0	1,526562E+3	1,186794E-1	1,526562E+3	9,318757E-1	1,526562E+3	5,215543E-2	1,526562E+3	8,332238E-1	1,526562E+3	8,572289E-2
1,528125E+3	9,207612E-1	1,528125E+3	3,920900E-2	1,528125E+3	1,014183E+0	1,528125E+3	1,143645E-1	1,528125E+3	9,268312E-1	1,528125E+3	5,152738E-2	1,528125E+3	8,285917E-1	1,528125E+3	8,636279E-2
1,529687E+3	9,026807E-1	1,529687E+3	4,048013E-2	1,529687E+3	1,007459E+0	1,529687E+3	1,111713E-1	1,529687E+3	9,211891E-1	1,529687E+3	5,117419E-2	1,529687E+3	8,238059E-1	1,529687E+3	8,758657E-2
1,531250E+3	8,883021E-1	1,531250E+3	4,163793E-2	1,531250E+3	1,001129E+0	1,531250E+3	1,077196E-1	1,531250E+3	9,158781E-1	1,531250E+3	5,069589E-2	1,531250E+3	8,196362E-1	1,531250E+3	8,861062E-2
1,532812E+3	8,826546E-1	1,532812E+3	4,173909E-2	1,532812E+3	9,957184E-1	1,532812E+3	1,055804E-1	1,532812E+3	9,104840E-1	1,532812E+3	5,016289E-2	1,532812E+3	8,134488E-1	1,532812E+3	9,009896E-2
1,534375E+3	8,773226E-1	1,534375E+3	4,174983E-2	1,534375E+3	9,906599E-1	1,534375E+3	1,032481E-1	1,534375E+3	9,054078E-1	1,534375E+3	4,951112E-2	1,534375E+3	8,080421E-1	1,534375E+3	9,132723E-2
1,535937E+3	8,718734E-1	1,535937E+3	4,182077E-2	1,535937E+3	9,850522E-1	1,535937E+3	1,016049E-1	1,535937E+3	8,985758E-1	1,535937E+3	4,910475E-2	1,535937E+3	8,034854E-1	1,535937E+3	9,251472E-2
1,537500E+3	8,666495E-1	1,537500E+3	4,179763E-2	1,537500E+3	9,798961E-1	1,537500E+3	9,980181E-2	1,537500E+3	8,922728E-1	1,537500E+3	4,854576E-2	1,537500E+3	7,995205E-1	1,537500E+3	9,349045E-2
1,539062E+3	8,617752E-1	1,539062E+3	4,107926E-2	1,539062E+3	9,729765E-1	1,539062E+3	9,780286E-2	1,539062E+3	8,853458E-1	1,539062E+3	4,811761E-2	1,539062E+3	7,950409E-1	1,539062E+3	9,474596E-2
1,540625E+3	8,571176E-1	1,540625E+3	4,029740E-2	1,540625E+3	9,667259E-1	1,540625E+3	9,565486E-2	1,540625E+3	8,790495E-1	1,540625E+3	4,754835E-2	1,540625E+3	7,912435E-1	1,540625E+3	9,574305E-2
1,542187E+3	8,518675E-1	1,542187E+3	3,967859E-2	1,542187E+3	9,563190E-1	1,542187E+3	9,316636E-2	1,542187E+3	8,739827E-1	1,542187E+3	4,698004E-2	1,542187E+3	7,951654E-1	1,542187E+3	9,961252E-2
1,543750E+3	8,470362E-1	1,543750E+3	3,899906E-2	1,543750E+3	9,472706E-1	1,543750E+3	9,050279E-2	1,543750E+3	8,694099E-1	1,543750E+3	4,630470E-2	1,543750E+3	7,999882E-1	1,543750E+3	1,028558E-1
1,545312E+3	8,413421E-1	1,545312E+3	3,879568E-2	1,545312E+3	9,395652E-1	1,545312E+3	8,747140E-2	1,545312E+3	8,627665E-1	1,545312E+3	4,575937E-2	1,545312E+3	7,936629E-1	1,545312E+3	1,045647E-1
1,546875E+3	8,362130E-1	1,546875E+3	3,850219E-2	1,546875E+3	9,327724E-1	1,546875E+3	8,431127E-2	1,546875E+3	8,569532E-1	1,546875E+3	4,506594E-2	1,546875E+3	7,884506E-1	1,546875E+3	1,057978E-1
1,548437E+3	8,288576E-1	1,548437E+3	3,880606E-2	1,548437E+3	9,281471E-1	1,548437E+3	8,189550E-2	1,548437E+3	8,487144E-1	1,548437E+3	4,451184E-2	1,548437E+3	7,858251E-1	1,548437E+3	1,070305E-1
1,550000E+3	8,223906E-1	1,550000E+3	3,893457E-2	1,550000E+3	9,240072E-1	1,550000E+3	7,937485E-2	1,550000E+3	8,416540E-1	1,550000E+3	4,375856E-2	1,550000E+3	7,838125E-1	1,550000E+3	1,079699E-1
1,551562E+3	8,146927E-1	1,551562E+3	3,944652E-2	1,551562E+3	9,194702E-1	1,551562E+3	7,761329E-2	1,551562E+3	8,356513E-1	1,551562E+3	4,329457E-2	1,551562E+3	7,810003E-1	1,551562E+3	1,091316E-1
1,553125E+3	8,080003E-1	1,553125E+3	3,972853E-2	1,553125E+3	9,154821E-1	1,553125E+3	7,572508E-2	1,553125E+3	8,304684E-1	1,553125E+3	4,264509E-2	1,553125E+3	7,790889E-1	1,553125E+3	1,099002E-1
1,554687E+3	8,034779E-1	1,554687E+3	3,965205E-2	1,554687E+3	8,908492E-1	1,554687E+3	7,567875E-2	1,554687E+3	8,250254E-1	1,554687E+3	4,209670E-2	1,554687E+3	7,668341E-1	1,554687E+3	1,135474E-1
1,556250E+3	7,994821E-1	1,556250E+3	3,944900E-2	1,556250E+3	8,732693E-1	1,556250E+3	7,439312E-2	1,556250E+3	8,204605E-1	1,556250E+3	4,134588E-2	1,556250E+3	7,586740E-1	1,556250E+3	1,152918E-1
1,557812E+3	8,018548E-1	1,557812E+3	3,850951E-2	1,557812E+3	8,674729E-1	1,557812E+3	7,251036E-2	1,557812E+3	8,098096E-1	1,557812E+3	4,102567E-2	1,557812E+3	7,538027E-1	1,557812E+3	1,181934E-1
1,559375E+3	8,044615E-1	1,559375E+3	3,748420E-2	1,559375E+3	8,626886E-1	1,559375E+3	7,045186E-2	1,559375E+3	8,017747E-1	1,559375E+3	4,011971E-2	1,559375E+3	7,513797E-1	1,559375E+3	1,195573E-1
1,560937E+3	8,034695E-1	1,560937E+3	3,745638E-2	1,560937E+3	8,598159E-1	1,560937E+3	6,874148E-2	1,560937E+3	8,014243E-1	1,560937E+3	4,014194E-2	1,560937E+3	7,478322E-1	1,560937E+3	1,217672E-1
1,562500E+3	8,032264E-1	1,562500E+3	3,716445E-2	1,562500E+3	8,575525E-1	1,562500E+3	6,687796E-2	1,562500E+3	8,027856E-1	1,562500E+3	3,949084E-2	1,562500E+3	7,460505E-1	1,562500E+3	1,227280E-1
1,564062E+3	7,949629E-1	1,564062E+3	3,737858E-2	1,564062E+3	7,957638E-1	1,564062E+3	6,904932E-2	1,564062E+3	7,747666E-1	1,564062E+3	4,340463E-2	1,564062E+3	7,396415E-1	1,564062E+3	1,250912E-1
1,565625E+3	7,883186E-1	1,565625E+3	3,724609E-2	1,565625E+3	7,735252E-1	1,565625E+3	6,169421E-2	1,565625E+3	7,581897E-1	1,565625E+3	4,294600E-2	1,565625E+3	7,359952E-1	1,565625E+3	1,253919E-1
1,567187E+3	7,838148E-1	1,567187E+3	3,765571E-2	1,567187E+3	7,742459E-1	1,567187E+3	5,995144E-2	1,567187E+3	7,358854E-1	1,567187E+3	4,365532E-2	1,567187E+3	7,321125E-1	1,567187E+3	1,273614E-1
1,568750E+3	7,803678E-1	1,568750E+3	3,776159E-2	1,568750E+3	7,753681E-1	1,568750E+3	5,793776E-2	1,568750E+3	7,249272E-1	1,568750E+3	4,073697E-2	1,568750E+3	7,304941E-1	1,568750E+3	1,270739E-1
1,570312E+3	7,434563E-1	1,570312E+3	4,105439E-2	1,570312E+3	7,882062E-1	1,570312E+3	5,514700E-2	1,570312E+3	7,257649E-1	1,570312E+3	4,062490E-2	1,570312E+3	7,296968E-1	1,570312E+3	1,286068E-1
1,571875E+3	7,232651E-1	1,571875E+3	4,020990E-2	1,571875E+3	8,011463E-1	1,571875E+3	5,231096E-2	1,571875E+3	7,273639E-1	1,571875E+3	3,985336E-2	1,571875E+3	7,301032E-1	1,571875E+3	1,281969E-1
1,573437E+3	7,236915E-1	1,573437E+3	4,066231E-2	1,573437E+3	8,057854E-1	1,573437E+3	5,153589E-2	1,573437E+3	7,280372E-1	1,573437E+3	3,993128E-2	1,573437E+3	7,296468E-1	1,573437E+3	1,295538E-1
1,575000E+3	7,248176E-1	1,575000E+3	4,070842E-2	1,575000E+3	8,108186E-1	1,575000E+3	5,027037E-2	1,575000E+3	7,296518E-1	1,575000E+3	3,905411E-2	1,575000E+3	7,299911E-1	1,575000E+3	1,286931E-1
1,576562E+3	7,239766E-1	1,576562E+3	4,130966E-2	1,576562E+3	8,136928E-1	1,576562E+3	4,996233E-2	1,576562E+3	7,307253E-1	1,576562E+3	3,942861E-2	1,576562E+3	7,338532E-1	1,576562E+3	1,302195E-1
1,578125E+3	7,242463E-1	1,578125E+3	4,128874E-2	1,578125E+3	8,171349E-1	1,578125E+3	4,883814E-2	1,578125E+3	7,326907E-1	1,578125E+3	3,850262E-2	1,578125E+3	7,375972E-1	1,578125E+3	1,287848E-1
1,579687E+3	6,532977E-1	1,579687E+3	5,686260E-2	1,579687E+3	8,180228E-1	1,579687E+3	4,889860E-2	1,579687E+3	7,341982E-1	1,579687E+3	3,894634E-2	1,579687E+3	7,422181E-1	1,579687E+3	1,311257E-1
1,581250E+3	6,405609E-1	1,581250E+3	4,143290E-2	1,581250E+3	8,197808E-1	1,581250E+3	4,745765E-2	1,581250E+3	7,365797E-1	1,581250E+3	3,733310E-2	1,581250E+3	7,452886E-1	1,581250E+3	1,295776E-1
1,582812E+3	6,472597E-1	1,582812E+3	4,156220E-2	1,582812E+3	8,204999E-1	1,582812E+3	4,811109E-2	1,582812E+3	7,411767E-1	1,582812E+3	3,810215E-2	1,582812E+3	7,493595E-1	1,582812E+3	1,316529E-1
1,584375E+3	6,536523E-1	1,584375E+3	4,144712E-2	1,584375E+3	8,218955E-1	1,584375E+3	4,608251E-2	1,584375E+3	7,457615E-1	1,584375E+3	3,579881E-2	1,584375E+3	7,507272E-1	1,584375E+3	1,304920E-1
1,585937E+3	6,620555E-1	1,585937E+3	4,161588E-2	1,585937E+3	8,229434E-1	1,585937E+3	4,795332E-2	1,585937E+3	7,495279E-1	1,585937E+3	3,745242E-2	1,585937E+3	7,582298E-1	1,585937E+3	1,315499E-1
1,587500E+3	6,699892E-1	1,587500E+3	4,141583E-2	1,587500E+3	8,231553E-1	1,587500E+3	4,460185E-2	1,587500E+3	7,517162E-1	1,587500E+3	3,500333E-2	1,587500E+3	7,627768E-1	1,587500E+3	1,309593E-1
1,589062E+3	6,763097E-1	1,589062E+3	4,187004E-2	1,589062E+3	8,230961E-1	1,589062E+3	4,873455E-2	1,589062E+3	7,523490E-1	1,589062E+3	3,726558E-2	1,589062E+3	7,688109E-1	1,589062E+3	1,315646E-1
1,590625E+3	6,821203E-1	1,590625E+3	4,176022E-2	1,590625E+3	8,159643E-1	1,590625E+3	4,335188E-2	1,590625E+3	7,491914E-1	1,590625E+3	3,494684E-2	1,590625E+3	7,724945E-1	1,590625E+3	1,312362E-1
1,592187E+3	6,880301E-1	1,592187E+3	4,231521E-2	1,592187E+3	8,110114E-1	1,592187E+3	4,695443E-2	1,592187E+3	7,484384E-1	1,592187E+3	3,699373E-2	1,592187E+3	9,946322E-1	1,592187E+3	1,060938E-1
1,593750E+3	6,932615E-1	1,593750E+3	4,221695E-2	1,593750E+3	7,925391E-1	1,593750E+3	4,183995E-2	1,593750E+3	7,419401E-1	1,593750E+3	3,512287E-2	1,593750E+3	1,110417E+0	1,593750E+3	1,487073E-1
1,595312E+3	8,281305E-1	1,595312E+3	3,575513E-2	1,595312E+3	9,128483E-1	1,595312E+3	3,009600E-2	1,595312E+3	8,832820E-1	1,595312E+3	2,481479E-2	1,595312E+3	1,118728E+0	1,595312E+3	1,502462E-1
1,596875E+3	9,306148E-1	1,596875E+3	4,810372E-2	1,596875E+3	9,681864E-1	1,596875E+3	3,997985E-2	1,596875E+3	9,504363E-1	1,596875E+3	3,956785E-2	1,596875E+3	1,120940E+0	1,596875E+3	1,531381E-1
1,598437E+3	9,270889E-1	1,598437E+3	4,834265E-2	1,598437E+3	9,628197E-1	1,598437E+3	3,953839E-2	1,598437E+3	9,396117E-1	1,598437E+3	3,921850E-2	1,598437E+3	1,124186E+0	1,598437E+3	1,533951E-1
1,600000E+3	9,218611E-1	1,600000E+3	4,638446E-2	1,600000E+3	9,554170E-1	1,600000E+3	3,873982E-2	1,600000E+3	9,251106E-1	1,600000E+3	3,767204E-2	1,600000E+3	1,122902E+0	1,600000E+3	1,550678E-1
1,601562E+3	9,169014E-1	1,601562E+3	4,676117E-2	1,601562E+3	9,543670E-1	1,601562E+3	3,867820E-2	1,601562E+3	9,196569E-1	1,601562E+3	3,715744E-2	1,601562E+3	1,122746E+0	1,601562E+3	1,542289E-1
1,603125E+3	9,096400E-1	1,603125E+3	4,487456E-2	1,603125E+3	9,520909E-1	1,603125E+3	3,867567E-2	1,603125E+3	9,121855E-1	1,603125E+3	3,638429E-2	1,603125E+3	1,119395E+0	1,603125E+3	1,548658E-1
1,604687E+3	9,012493E-1	1,604687E+3	4,605240E-2	1,604687E+3	9,523946E-1	1,604687E+3	3,855737E-2	1,604687E+3	9,106614E-1	1,604687E+3	3,621592E-2	1,604687E+3	1,118747E+0	1,604687E+3	1,560303E-1
1,606250E+3	8,892559E-1	1,606250E+3	4,448219E-2	1,606250E+3	9,516897E-1	1,606250E+3	3,864663E-2	1,606250E+3	9,077717E-1	1,606250E+3	3,618090E-2	1,606250E+3	1,115131E+0	1,606250E+3	1,585632E-1
1,607812E+3	8,635434E-1	1,607812E+3	4,923562E-2	1,607812E+3	9,530221E-1	1,607812E+3	3,910747E-2	1,607812E+3	9,079259E-1	1,607812E+3	3,623877E-2	1,607812E+3	1,112705E+0	1,607812E+3	1,589241E-1
1,609375E+3	8,264417E-1	1,609375E+3	4,617999E-2	1,609375E+3	9,532646E-1	1,609375E+3	3,982437E-2	1,609375E+3	9,068440E-1	1,609375E+3	3,656328E-2	1,609375E+3	1,107855E+0	1,609375E+3	1,607032E-1
1,610937E+3	8,023900E-1	1,610937E+3	4,666199E-2	1,610937E+3	9,541579E-1	1,610937E+3	3,990751E-2	1,610937E+3	9,075625E-1	1,610937E+3	3,646671E-2	1,610937E+3	1,104830E+0	1,610937E+3	1,609428E-1
1,612500E+3	7,710372E-1	1,612500E+3	4,253818E-2	1,612500E+3	9,539676E-1	1,612500E+3	4,032022E-2	1,612500E+3	9,071941E-1	1,612500E+3	3,677958E-2	1,612500E+3	1,099914E+0	1,612500E+3	1,627426E-1
1,614062E+3	7,731908E-1	1,614062E+3	4,294506E-2	1,614062E+3	9,552883E-1	1,614062E+3	4,111897E-2	1,614062E+3	9,082728E-1	1,614062E+3	3,721718E-2	1,614062E+3	1,095170E+0	1,614062E+3	1,628503E-1
1,615625E+3	7,745992E-1	1,615625E+3	4,349376E-2	1,615625E+3	9,553073E-1	1,615625E+3	4,229313E-2	1,615625E+3	9,080550E-1	1,615625E+3	3,808857E-2	1,615625E+3	1,088654E+0	1,615625E+3	1,644752E-1
1,617187E+3	7,773907E-1	1,617187E+3	4,416938E-2	1,617187E+3	9,549315E-1	1,617187E+3	4,273738E-2	1,617187E+3	9,084661E-1	1,617187E+3	3,831184E-2	1,617187E+3	1,081512E+0	1,617187E+3	1,639614E-1
1,618750E+3	7,795312E-1	1,618750E+3	4,503266E-2	1,618750E+3	9,531972E-1	1,618750E+3	4,356029E-2	1,618750E+3	9,077522E-1	1,618750E+3	3,905067E-2	1,618750E+3	1,072935E+0	1,618750E+3	1,647483E-1
1,620312E+3	7,823580E-1	1,620312E+3	4,616902E-2	1,620312E+3	9,513355E-1	1,620312E+3	4,401890E-2	1,620312E+3	9,075521E-1	1,620312E+3	3,966049E-2	1,620312E+3	1,066778E+0	1,620312E+3	1,652239E-1
1,621875E+3	7,845469E-1	1,621875E+3	4,750641E-2	1,621875E+3	9,481578E-1	1,621875E+3	4,488508E-2	1,621875E+3	9,059992E-1	1,621875E+3	4,077601E-2	1,621875E+3	1,059239E+0	1,621875E+3	1,672675E-1
1,623437E+3	7,861754E-1	1,623437E+3	4,825724E-2	1,623437E+3	9,447464E-1	1,623437E+3	4,550041E-2	1,623437E+3	9,044922E-1	1,623437E+3	4,119760E-2	1,623437E+3	1,056510E+0	1,623437E+3	1,683875E-1
1,625000E+3	7,871467E-1	1,625000E+3	4,915241E-2	1,625000E+3	9,398216E-1	1,625000E+3	4,651844E-2	1,625000E+3	9,017779E-1	1,625000E+3	4,214529E-2	1,625000E+3	1,053361E+0	1,625000E+3	1,710362E-1
1,626562E+3	7,883746E-1	1,626562E+3	4,981083E-2	1,626562E+3	9,364953E-1	1,626562E+3	4,694324E-2	1,626562E+3	8,997641E-1	1,626562E+3	4,270423E-2	1,626562E+3	1,143313E+0	1,626562E+3	1,351254E-1
1,628125E+3	7,889122E-1	1,628125E+3	5,062543E-2	1,628125E+3	9,319217E-1	1,628125E+3	4,791473E-2	1,628125E+3	8,965255E-1	1,628125E+3	4,388105E-2	1,628125E+3	1,487866E+0	1,628125E+3	3,765565E-1
1,629687E+3	7,109055E-1	1,629687E+3	-1,352757E-1	1,629687E+3	9,311762E-1	1,629687E+3	4,839665E-2	1,629687E+3	8,952485E-1	1,629687E+3	4,446999E-2	1,629687E+3	1,472773E+0	1,629687E+3	3,731868E-1
1,631250E+3	1,818420E+0	1,631250E+3	1,869672E-1	1,631250E+3	9,293417E-1	1,631250E+3	4,980967E-2	1,631250E+3	8,929579E-1	1,631250E+3	4,594257E-2	1,631250E+3	1,457963E+0	1,631250E+3	3,694043E-1
1,632812E+3	1,817126E+0	1,632812E+3	1,733201E-1	1,632812E+3	9,291088E-1	1,632812E+3	-4,249948E-2	1,632812E+3	8,957274E-1	1,632812E+3	-4,873036E-2	1,632812E+3	1,445489E+0	1,632812E+3	3,699021E-1
1,634375E+3	1,817142E+0	1,634375E+3	1,588556E-1	1,634375E+3	1,632927E+0	1,634375E+3	1,488357E-1	1,634375E+3	1,722928E+0	1,634375E+3	1,632646E-1	1,634375E+3	1,433202E+0	1,634375E+3	3,700710E-1
1,635937E+3	1,362959E+0	1,635937E+3	4,305840E-2	1,635937E+3	1,629363E+0	1,635937E+3	1,499438E-1	1,635937E+3	1,708905E+0	1,635937E+3	1,624152E-1	1,635937E+3	1,421938E+0	1,635937E+3	3,717609E-1
1,637500E+3	1,062008E+0	1,637500E+3	-2,587109E-2	1,637500E+3	1,625890E+0	1,637500E+3	1,509816E-1	1,637500E+3	1,694920E+0	1,637500E+3	1,614246E-1	1,637500E+3	1,410810E+0	1,637500E+3	3,731812E-1
1,639062E+3	1,064212E+0	1,639062E+3	-3,087612E-2	1,639062E+3	1,498145E+0	1,639062E+3	1,452371E-2	1,639062E+3	1,491763E+0	1,639062E+3	-3,629666E-3	1,639062E+3	1,380529E+0	1,639062E+3	2,786360E-1
1,640625E+3	1,066834E+0	1,640625E+3	-3,613708E-2	1,640625E+3	1,370944E+0	1,640625E+3	-9,218387E-2	1,640625E+3	1,310879E+0	1,640625E+3	-1,151120E-1	1,640625E+3	1,344266E+0	1,640625E+3	1,869475E-1
1,642187E+3	1,067728E+0	1,642187E+3	-3,987105E-2	1,642187E+3	1,377564E+0	1,642187E+3	-9,109877E-2	1,642187E+3	1,314436E+0	1,642187E+3	-1,148360E-1	1,642187E+3	1,176769E+0	1,642187E+3	1,387974E-1
1,643750E+3	1,068983E+0	1,643750E+3	-4,377140E-2	1,643750E+3	1,384822E+0	1,643750E+3	-8,988055E-2	1,643750E+3	1,318498E+0	1,643750E+3	-1,145874E-1	1,643750E+3	1,028761E+0	1,643750E+3	9,724201E-2
1,645312E+3	1,069211E+0	1,645312E+3	-4,633095E-2	1,645312E+3	1,392150E+0	1,645312E+3	-8,828489E-2	1,645312E+3	1,327819E+0	1,645312E+3	-1,118504E-1	1,645312E+3	9,621297E-1	1,645312E+3	8,539858E-2
1,646875E+3	1,069775E+0	1,646875E+3	-4,899631E-2	1,646875E+3	1,400132E+0	1,646875E+3	-8,657019E-2	1,646875E+3	1,338114E+0	1,646875E+3	-1,088476E-1	1,646875E+3	8,975102E-1	1,646875E+3	7,326183E-2
1,648437E+3	1,070332E+0	1,648437E+3	-5,029417E-2	1,648437E+3	1,411686E+0	1,648437E+3	-8,183553E-2	1,648437E+3	1,350156E+0	1,648437E+3	-1,058883E-1	1,648437E+3	8,974381E-1	1,648437E+3	7,296004E-2
1,650000E+3	1,071268E+0	1,650000E+3	-5,162327E-2	1,650000E+3	1,424251E+0	1,650000E+3	-7,655318E-2	1,650000E+3	1,363500E+0	1,650000E+3	-1,025216E-1	1,650000E+3	8,974810E-1	1,650000E+3	7,270009E-2
1,651562E+3	1,074916E+0	1,651562E+3	-5,068663E-2	1,651562E+3	1,164327E+0	1,651562E+3	-3,654123E-2	1,651562E+3	1,110683E+0	1,651562E+3	-4,587072E-2	1,651562E+3	8,986459E-1	1,651562E+3	7,258781E-2
1,653125E+3	1,079227E+0	1,653125E+3	-4,955717E-2	1,653125E+3	9,605828E-1	1,653125E+3	-2,228286E-2	1,653125E+3	9,100173E-1	1,653125E+3	-2,309031E-2	1,653125E+3	8,999729E-1	1,653125E+3	7,253930E-2
1,654687E+3	1,087555E+0	1,654687E+3	-4,807285E-2	1,654687E+3	9,620246E-1	1,654687E+3	-2,319312E-2	1,654687E+3	9,126643E-1	1,654687E+3	-2,401034E-2	1,654687E+3	9,021255E-1	1,654687E+3	7,271110E-2
1,656250E+3	1,097261E+0	1,656250E+3	-4,617376E-2	1,656250E+3	9,636743E-1	1,656250E+3	-2,409083E-2	1,656250E+3	9,156433E-1	1,656250E+3	-2,489042E-2	1,656250E+3	9,045146E-1	1,656250E+3	7,300015E-2
1,657812E+3	1,218633E+0	1,657812E+3	-8,067530E-3	1,657812E+3	9,644242E-1	1,657812E+3	-2,460112E-2	1,657812E+3	9,165205E-1	1,657812E+3	-2,528523E-2	1,657812E+3	9,075811E-1	1,657812E+3	7,343072E-2
1,659375E+3	1,405755E+0	1,659375E+3	1,364116E-1	1,659375E+3	9,653401E-1	1,659375E+3	-2,509531E-2	1,659375E+3	9,175888E-1	1,659375E+3	-2,565693E-2	1,659375E+3	9,109365E-1	1,659375E+3	7,398718E-2
1,660937E+3	1,382356E+0	1,660937E+3	1,510582E-1	1,660937E+3	1,010962E+0	1,660937E+3	-1,113652E-3	1,660937E+3	9,535431E-1	1,660937E+3	-1,314455E-3	1,660937E+3	8,744889E-1	1,660937E+3	7,582021E-2
1,662500E+3	1,358614E+0	1,662500E+3	1,647531E-1	1,662500E+3	1,064649E+0	1,662500E+3	4,803205E-2	1,662500E+3	9,918196E-1	1,662500E+3	4,156473E-2	1,662500E+3	8,342364E-1	1,662500E+3	8,198489E-2
1,664062E+3	1,332546E+0	1,664062E+3	1,758222E-1	1,664062E+3	1,063122E+0	1,664062E+3	4,980045E-2	1,664062E+3	9,882332E-1	1,664062E+3	4,242383E-2	1,664062E+3	8,326360E-1	1,664062E+3	8,143648E-2
1,665625E+3	1,306481E+0	1,665625E+3	1,859781E-1	1,665625E+3	1,061613E+0	1,665625E+3	5,162637E-2	1,665625E+3	9,846560E-1	1,665625E+3	4,329550E-2	1,665625E+3	8,310461E-1	1,665625E+3	8,089617E-2
1,667187E+3	1,275643E+0	1,667187E+3	1,915293E-1	1,667187E+3	1,059389E+0	1,667187E+3	5,327142E-2	1,667187E+3	9,805781E-1	1,667187E+3	4,463715E-2	1,667187E+3	8,288897E-1	1,667187E+3	7,988754E-2
1,668750E+3	1,245411E+0	1,668750E+3	1,963170E-1	1,668750E+3	1,057166E+0	1,668750E+3	5,494799E-2	1,668750E+3	9,764987E-1	1,668750E+3	4,598426E-2	1,668750E+3	8,267390E-1	1,668750E+3	7,886870E-2
1,670312E+3	1,040213E+0	1,670312E+3	1,140478E-1	1,670312E+3	1,054107E+0	1,670312E+3	5,632929E-2	1,670312E+3	9,710871E-1	1,670312E+3	4,640505E-2	1,670312E+3	8,245543E-1	1,670312E+3	7,777404E-2
1,671875E+3	8,832138E-1	1,671875E+3	6,549073E-2	1,671875E+3	1,051031E+0	1,671875E+3	5,772622E-2	1,671875E+3	9,656712E-1	1,671875E+3	4,681010E-2	1,671875E+3	8,223702E-1	1,671875E+3	7,666082E-2
1,673437E+3	8,831621E-1	1,673437E+3	6,635465E-2	1,673437E+3	1,046064E+0	1,673437E+3	5,873952E-2	1,673437E+3	9,589641E-1	1,673437E+3	4,688826E-2	1,673437E+3	8,191506E-1	1,673437E+3	7,496737E-2
1,675000E+3	8,831511E-1	1,675000E+3	6,724102E-2	1,675000E+3	1,041052E+0	1,675000E+3	5,974213E-2	1,675000E+3	9,522543E-1	1,675000E+3	4,694306E-2	1,675000E+3	8,159194E-1	1,675000E+3	7,324372E-2
1,676562E+3	8,829244E-1	1,676562E+3	6,759966E-2	1,676562E+3	8,522705E-1	1,676562E+3	3,335168E-2	1,676562E+3	8,130510E-1	1,676562E+3	3,083528E-2	1,676562E+3	7,963674E-1	1,676562E+3	6,583901E-2
1,678125E+3	8,827273E-1	1,678125E+3	6,795641E-2	1,678125E+3	7,063522E-1	1,678125E+3	1,584450E-2	1,678125E+3	6,989889E-1	1,678125E+3	1,837021E-2	1,678125E+3	7,770704E-1	1,678125E+3	5,864809E-2
1,679687E+3	8,824301E-1	1,679687E+3	6,894420E-2	1,679687E+3	7,054453E-1	1,679687E+3	1,496939E-2	1,679687E+3	6,977076E-1	1,679687E+3	1,729893E-2	1,679687E+3	7,632395E-1	1,679687E+3	5,396579E-2
1,681250E+3	8,821543E-1	1,681250E+3	6,994061E-2	1,681250E+3	7,045131E-1	1,681250E+3	1,407329E-2	1,681250E+3	6,963985E-1	1,681250E+3	1,620600E-2	1,681250E+3	7,495338E-1	1,681250E+3	4,935283E-2
1,682812E+3	7,437138E-1	1,682812E+3	4,825778E-2	1,682812E+3	7,035795E-1	1,682812E+3	1,326084E-2	1,682812E+3	6,954725E-1	1,682812E+3	1,533313E-2	1,682812E+3	7,398772E-1	1,682812E+3	4,570119E-2
1,684375E+3	6,330712E-1	1,684375E+3	3,178980E-2	1,684375E+3	7,026124E-1	1,684375E+3	1,242626E-2	1,684375E+3	6,945169E-1	1,684375E+3	1,443911E-2	1,684375E+3	7,302593E-1	1,684375E+3	4,206900E-2
1,685937E+3	6,319378E-1	1,685937E+3	3,048677E-2	1,685937E+3	7,419319E-1	1,685937E+3	1,495050E-2	1,685937E+3	7,378403E-1	1,685937E+3	1,864218E-2	1,685937E+3	7,557395E-1	1,685937E+3	4,561647E-2
1,687500E+3	6,307681E-1	1,687500E+3	2,915495E-2	1,687500E+3	8,047554E-1	1,687500E+3	2,229214E-2	1,687500E+3	8,088916E-1	1,687500E+3	3,071715E-2	1,687500E+3	7,946400E-1	1,687500E+3	5,477760E-2
1,689062E+3	6,724093E-1	1,689062E+3	3,501913E-2	1,689062E+3	8,075791E-1	1,689062E+3	2,318608E-2	1,689062E+3	7,700875E-1	1,689062E+3	2,644251E-2	1,689062E+3	7,881934E-1	1,689062E+3	5,235374E-2
1,690625E+3	7,405245E-1	1,690625E+3	5,099922E-2	1,690625E+3	8,105187E-1	1,690625E+3	2,414122E-2	1,690625E+3	7,340436E-1	1,690625E+3	2,228794E-2	1,690625E+3	7,817874E-1	1,690625E+3	4,992040E-2
1,692187E+3	7,420462E-1	1,692187E+3	5,192653E-2	1,692187E+3	8,142538E-1	1,692187E+3	2,492615E-2	1,692187E+3	7,283014E-1	1,692187E+3	2,183255E-2	1,692187E+3	7,766248E-1	1,692187E+3	4,775184E-2
1,693750E+3	7,436261E-1	1,693750E+3	5,292360E-2	1,693750E+3	8,181523E-1	1,693750E+3	2,577043E-2	1,693750E+3	7,226509E-1	1,693750E+3	2,135574E-2	1,693750E+3	7,714907E-1	1,693750E+3	4,557099E-2
1,695312E+3	7,311284E-1	1,695312E+3	5,078645E-2	1,695312E+3	7,744183E-1	1,695312E+3	2,028474E-2	1,695312E+3	7,156954E-1	1,695312E+3	2,045102E-2	1,695312E+3	7,652125E-1	1,695312E+3	4,305282E-2
1,696875E+3	7,188827E-1	1,696875E+3	4,858585E-2	1,696875E+3	7,340251E-1	1,696875E+3	1,528214E-2	1,696875E+3	7,088809E-1	1,696875E+3	1,951574E-2	1,696875E+3	7,589773E-1	1,696875E+3	4,053196E-2
1,698437E+3	6,983342E-1	1,698437E+3	4,490040E-2	1,698437E+3	7,291915E-1	1,698437E+3	1,455054E-2	1,698437E+3	7,021957E-1	1,698437E+3	1,823984E-2	1,698437E+3	7,491948E-1	1,698437E+3	3,674467E-2
1,700000E+3	6,786152E-1	1,700000E+3	4,113762E-2	1,700000E+3	7,244150E-1	1,700000E+3	1,380732E-2	1,700000E+3	6,956685E-1	1,700000E+3	1,693098E-2	1,700000E+3	7,395437E-1	1,700000E+3	3,301112E-2
1,701562E+3	6,736962E-1	1,701562E+3	3,962155E-2	1,701562E+3	7,162560E-1	1,701562E+3	1,204951E-2	1,701562E+3	6,913403E-1	1,701562E+3	1,573800E-2	1,701562E+3	7,320465E-1	1,701562E+3	2,995055E-2
1,703125E+3	6,688496E-1	1,703125E+3	3,804126E-2	1,703125E+3	7,082235E-1	1,703125E+3	1,029358E-2	1,703125E+3	6,871245E-1	1,703125E+3	1,451382E-2	1,703125E+3	7,246381E-1	1,703125E+3	2,691086E-2
1,704687E+3	6,623348E-1	1,704687E+3	3,606587E-2	1,704687E+3	7,034139E-1	1,704687E+3	9,161951E-3	1,704687E+3	6,828816E-1	1,704687E+3	1,323656E-2	1,704687E+3	7,193334E-1	1,704687E+3	2,443225E-2
1,706250E+3	6,559375E-1	1,706250E+3	3,400780E-2	1,706250E+3	6,986828E-1	1,706250E+3	8,009772E-3	1,706250E+3	6,787657E-1	1,706250E+3	1,192377E-2	1,706250E+3	7,140816E-1	1,706250E+3	2,194522E-2
1,707812E+3	6,505658E-1	1,707812E+3	3,171036E-2	1,707812E+3	6,961698E-1	1,707812E+3	6,803882E-3	1,707812E+3	6,754531E-1	1,707812E+3	1,038537E-2	1,707812E+3	7,085841E-1	1,707812E+3	1,921145E-2
1,709375E+3	6,452892E-1	1,709375E+3	2,933740E-2	1,709375E+3	6,937267E-1	1,709375E+3	5,562454E-3	1,709375E+3	6,722725E-1	1,709375E+3	8,799422E-3	1,709375E+3	7,031631E-1	1,709375E+3	1,646703E-2
1,710937E+3	6,422330E-1	1,710937E+3	2,743718E-2	1,710937E+3	6,912249E-1	1,710937E+3	3,862483E-3	1,710937E+3	6,706179E-1	1,710937E+3	7,360630E-3	1,710937E+3	6,997009E-1	1,710937E+3	1,373262E-2
1,712500E+3	6,392492E-1	1,712500E+3	2,546151E-2	1,712500E+3	6,888083E-1	1,712500E+3	2,106410E-3	1,712500E+3	6,691072E-1	1,712500E+3	5,865518E-3	1,712500E+3	6,963132E-1	1,712500E+3	1,095832E-2
1,714062E+3	6,371529E-1	1,714062E+3	2,351636E-2	1,714062E+3	7,389568E-1	1,714062E+3	3,179979E-3	1,714062E+3	7,218295E-1	1,714062E+3	9,501666E-3	1,714062E+3	6,942359E-1	1,714062E+3	8,333675E-3
1,715625E+3	6,351499E-1	1,715625E+3	2,148815E-2	1,715625E+3	8,223978E-1	1,715625E+3	8,017801E-3	1,715625E+3	8,100310E-1	1,715625E+3	1,942183E-2	1,715625E+3	6,922861E-1	1,715625E+3	5,656698E-3
1,717187E+3	6,930919E-1	1,717187E+3	2,940136E-2	1,717187E+3	8,089786E-1	1,717187E+3	6,126127E-3	1,717187E+3	8,014739E-1	1,717187E+3	1,744569E-2	1,717187E+3	7,312994E-1	1,717187E+3	9,926468E-3
1,718750E+3	7,935776E-1	1,718750E+3	4,988590E-2	1,718750E+3	7,960593E-1	1,718750E+3	4,299747E-3	1,718750E+3	7,932238E-1	1,718750E+3	1,549140E-2	1,718750E+3	7,883418E-1	1,718750E+3	1,998150E-2
1,720312E+3	7,820413E-1	1,720312E+3	4,598893E-2	1,720312E+3	7,888108E-1	1,720312E+3	2,996003E-3	1,720312E+3	7,843958E-1	1,720312E+3	1,344272E-2	1,720312E+3	7,819384E-1	1,720312E+3	1,754434E-2
1,721875E+3	7,709221E-1	1,721875E+3	4,214605E-2	1,721875E+3	7,817145E-1	1,721875E+3	1,712251E-3	1,721875E+3	7,759116E-1	1,721875E+3	1,141091E-2	1,721875E+3	7,756471E-1	1,721875E+3	1,514150E-2
1,723437E+3	7,620182E-1	1,723437E+3	3,860447E-2	1,723437E+3	7,751860E-1	1,723437E+3	2,717765E-4	1,723437E+3	7,684194E-1	1,723437E+3	9,161492E-3	1,723437E+3	7,695285E-1	1,723437E+3	1,283568E-2
1,725000E+3	7,533703E-1	1,725000E+3	3,510460E-2	1,725000E+3	7,687782E-1	1,725000E+3	-1,145694E-3	1,725000E+3	7,612080E-1	1,725000E+3	6,933466E-3	1,725000E+3	7,635204E-1	1,725000E+3	1,055488E-2
1,726562E+3	7,451399E-1	1,726562E+3	3,178396E-2	1,726562E+3	8,036610E-1	1,726562E+3	8,782493E-4	1,726562E+3	7,548116E-1	1,726562E+3	4,658828E-3	1,726562E+3	7,583067E-1	1,726562E+3	8,590516E-3
1,728125E+3	7,371356E-1	1,728125E+3	2,849188E-2	1,728125E+3	8,490221E-1	1,728125E+3	4,482369E-3	1,728125E+3	7,486532E-1	1,728125E+3	2,406795E-3	1,728125E+3	7,531752E-1	1,728125E+3	6,634254E-3
1,729687E+3	7,284686E-1	1,729687E+3	2,484671E-2	1,729687E+3	8,456552E-1	1,729687E+3	3,507083E-3	1,729687E+3	7,430600E-1	1,729687E+3	-1,063285E-4	1,729687E+3	7,636855E-1	1,729687E+3	6,813651E-3
1,731250E+3	7,200584E-1	1,731250E+3	2,124389E-2	1,731250E+3	8,424883E-1	1,731250E+3	2,520906E-3	1,731250E+3	7,376703E-1	1,731250E+3	-2,580890E-3	1,731250E+3	7,756697E-1	1,731250E+3	7,245463E-3
1,732812E+3	7,120737E-1	1,732812E+3	1,765925E-2	1,732812E+3	8,533842E-1	1,732812E+3	3,227047E-3	1,732812E+3	7,777077E-1	1,732812E+3	3,796556E-3	1,732812E+3	7,924420E-1	1,732812E+3	8,865438E-3
1,734375E+3	7,043151E-1	1,734375E+3	1,410882E-2	1,734375E+3	8,654832E-1	1,734375E+3	4,115164E-3	1,734375E+3	8,318565E-1	1,734375E+3	1,460098E-2	1,734375E+3	8,118588E-1	1,734375E+3	1,123007E-2
1,735937E+3	7,602222E-1	1,735937E+3	2,653068E-2	1,735937E+3	8,707161E-1	1,735937E+3	4,083451E-3	1,735937E+3	8,312662E-1	1,735937E+3	1,348011E-2	1,735937E+3	8,247913E-1	1,735937E+3	1,184399E-2
1,737500E+3	8,408990E-1	1,737500E+3	4,986228E-2	1,737500E+3	8,763546E-1	1,737500E+3	4,087847E-3	1,737500E+3	8,308990E-1	1,737500E+3	1,236234E-2	1,737500E+3	8,392797E-1	1,737500E+3	1,277697E-2
1,739062E+3	8,444392E-1	1,739062E+3	4,938843E-2	1,739062E+3	8,775570E-1	1,739062E+3	3,192669E-3	1,739062E+3	8,326458E-1	1,739062E+3	1,201995E-2	1,739062E+3	8,466632E-1	1,739062E+3	1,202916E-2
1,740625E+3	8,482511E-1	1,740625E+3	4,894844E-2	1,740625E+3	8,789849E-1	1,740625E+3	2,299868E-3	1,740625E+3	8,345703E-1	1,740625E+3	1,169866E-2	1,740625E+3	8,546909E-1	1,740625E+3	1,131294E-2
1,742187E+3	8,520734E-1	1,742187E+3	4,839546E-2	1,742187E+3	8,800546E-1	1,742187E+3	1,591207E-3	1,742187E+3	8,406414E-1	1,742187E+3	1,258117E-2	1,742187E+3	8,822422E-1	1,742187E+3	1,320635E-2
1,743750E+3	8,562078E-1	1,743750E+3	4,787779E-2	1,743750E+3	8,813671E-1	1,743750E+3	8,920655E-4	1,743750E+3	8,471002E-1	1,743750E+3	1,357644E-2	1,743750E+3	9,150280E-1	1,743750E+3	1,590090E-2
1,745312E+3	8,573985E-1	1,745312E+3	4,619207E-2	1,745312E+3	8,852920E-1	1,745312E+3	8,661641E-4	1,745312E+3	8,531434E-1	1,745312E+3	1,496566E-2	1,745312E+3	9,189569E-1	1,745312E+3	1,472128E-2
1,746875E+3	8,588361E-1	1,746875E+3	4,451060E-2	1,746875E+3	8,895644E-1	1,746875E+3	8,828588E-4	1,746875E+3	8,595325E-1	1,746875E+3	1,649365E-2	1,746875E+3	9,232347E-1	1,746875E+3	1,356170E-2
1,748437E+3	8,641265E-1	1,748437E+3	4,413305E-2	1,748437E+3	8,929321E-1	1,748437E+3	5,700555E-4	1,748437E+3	8,542757E-1	1,748437E+3	8,136979E-3	1,748437E+3	9,241401E-1	1,748437E+3	1,197435E-2
1,750000E+3	8,697877E-1	1,750000E+3	4,383582E-2	1,750000E+3	8,965674E-1	1,750000E+3	2,857214E-4	1,750000E+3	8,500097E-1	1,750000E+3	5,159530E-4	1,750000E+3	9,252076E-1	1,750000E+3	1,040412E-2
1,751562E+3	8,776400E-1	1,751562E+3	4,428151E-2	1,751562E+3	8,991210E-1	1,751562E+3	8,614135E-5	1,751562E+3	8,530559E-1	1,751562E+3	-6,537153E-4	1,751562E+3	9,289861E-1	1,751562E+3	9,635378E-3
1,753125E+3	8,859783E-1	1,753125E+3	4,486586E-2	1,753125E+3	9,018802E-1	1,753125E+3	-8,735598E-5	1,753125E+3	8,562996E-1	1,753125E+3	-1,724961E-3	1,753125E+3	9,329708E-1	1,753125E+3	8,898717E-3
1,754687E+3	8,899086E-1	1,754687E+3	4,403102E-2	1,754687E+3	9,063242E-1	1,754687E+3	-1,970764E-4	1,754687E+3	8,599620E-1	1,754687E+3	-2,975732E-3	1,754687E+3	9,412840E-1	1,754687E+3	8,736449E-3
1,756250E+3	8,940967E-1	1,756250E+3	4,323550E-2	1,756250E+3	9,110161E-1	1,756250E+3	-2,686922E-4	1,756250E+3	8,637937E-1	1,756250E+3	-4,098561E-3	1,756250E+3	9,500815E-1	1,756250E+3	8,646292E-3
1,757812E+3	8,977645E-1	1,757812E+3	4,260584E-2	1,757812E+3	9,157023E-1	1,757812E+3	-4,487605E-4	1,757812E+3	8,677493E-1	1,757812E+3	-5,070783E-3	1,757812E+3	9,555224E-1	1,757812E+3	8,677882E-3
1,759375E+3	9,016706E-1	1,759375E+3	4,202634E-2	1,759375E+3	9,206163E-1	1,759375E+3	-5,925788E-4	1,759375E+3	8,718256E-1	1,759375E+3	-5,923099E-3	1,759375E+3	9,612114E-1	1,759375E+3	8,782898E-3
1,760937E+3	9,065137E-1	1,760937E+3	4,203499E-2	1,760937E+3	9,232577E-1	1,760937E+3	-1,276293E-3	1,760937E+3	8,762550E-1	1,760937E+3	-6,679622E-3	1,760937E+3	9,644068E-1	1,760937E+3	8,638894E-3
1,762500E+3	9,116306E-1	1,762500E+3	4,212563E-2	1,762500E+3	9,260453E-1	1,762500E+3	-1,936440E-3	1,762500E+3	8,808036E-1	1,762500E+3	-7,300132E-3	1,762500E+3	9,677051E-1	1,762500E+3	8,544391E-3
1,764062E+3	9,178729E-1	1,764062E+3	4,229599E-2	1,764062E+3	9,288607E-1	1,764062E+3	-2,737377E-3	1,764062E+3	8,864289E-1	1,764062E+3	-7,649756E-3	1,764062E+3	9,729966E-1	1,764062E+3	8,959754E-3
1,765625E+3	9,244337E-1	1,765625E+3	4,255761E-2	1,765625E+3	9,317986E-1	1,765625E+3	-3,515435E-3	1,765625E+3	8,922073E-1	1,765625E+3	-7,822918E-3	1,765625E+3	9,784437E-1	1,765625E+3	9,450628E-3
1,767187E+3	9,317730E-1	1,767187E+3	4,321482E-2	1,767187E+3	9,359686E-1	1,767187E+3	-3,863534E-3	1,767187E+3	8,979578E-1	1,767187E+3	-8,661796E-3	1,767187E+3	9,831907E-1	1,767187E+3	9,461102E-3
1,768750E+3	9,394286E-1	1,768750E+3	4,397979E-2	1,768750E+3	9,402672E-1	1,768750E+3	-4,183204E-3	1,768750E+3	9,038310E-1	1,768750E+3	-9,278357E-3	1,768750E+3	9,880550E-1	1,768750E+3	9,530114E-3
1,770312E+3	9,447590E-1	1,770312E+3	4,409892E-2	1,770312E+3	9,359021E-1	1,770312E+3	-9,407566E-3	1,770312E+3	9,091482E-1	1,770312E+3	-1,027221E-2	1,770312E+3	9,877434E-1	1,770312E+3	2,163668E-3
1,771875E+3	9,502851E-1	1,771875E+3	4,428674E-2	1,771875E+3	9,321288E-1	1,771875E+3	-1,415587E-2	1,771875E+3	9,145303E-1	1,771875E+3	-1,101307E-2	1,771875E+3	9,876628E-1	1,771875E+3	-4,572247E-3
1,773437E+3	9,405296E-1	1,773437E+3	2,962318E-2	1,773437E+3	9,364184E-1	1,773437E+3	-1,505701E-2	1,773437E+3	9,196041E-1	1,773437E+3	-1,170698E-2	1,773437E+3	9,982339E-1	1,773437E+3	-5,408652E-3
1,775000E+3	9,315965E-1	1,775000E+3	1,622980E-2	1,775000E+3	9,408248E-1	1,775000E+3	-1,588712E-2	1,775000E+3	9,247262E-1	1,775000E+3	-1,212765E-2	1,775000E+3	1,009265E+0	1,775000E+3	-6,160454E-3
1,776562E+3	9,363987E-1	1,776562E+3	1,377957E-2	1,776562E+3	9,460235E-1	1,776562E+3	-1,630385E-2	1,776562E+3	9,299262E-1	1,776562E+3	-1,344262E-2	1,776562E+3	1,015899E+0	1,776562E+3	-6,221884E-3
1,778125E+3	9,413842E-1	1,778125E+3	1,138684E-2	1,778125E+3	9,513091E-1	1,778125E+3	-1,666309E-2	1,778125E+3	9,351472E-1	1,778125E+3	-1,437992E-2	1,778125E+3	1,022652E+0	1,778125E+3	-6,188880E-3
1,779687E+3	9,474794E-1	1,779687E+3	1,068002E-2	1,779687E+3	9,582443E-1	1,779687E+3	-1,677253E-2	1,779687E+3	9,423189E-1	1,779687E+3	-1,428316E-3	1,779687E+3	1,027586E+0	1,779687E+3	-6,524589E-3
1,781250E+3	9,537585E-1	1,781250E+3	1,004318E-2	1,781250E+3	9,653299E-1	1,781250E+3	-1,681798E-2	1,781250E+3	9,493668E-1	1,781250E+3	1,242285E-2	1,781250E+3	1,032512E+0	1,781250E+3	-6,786693E-3
1,782812E+3	9,610010E-1	1,782812E+3	1,055106E-2	1,782812E+3	9,725460E-1	1,782812E+3	-1,727025E-2	1,782812E+3	9,534682E-1	1,782812E+3	1,355148E-2	1,782812E+3	1,037020E+0	1,782812E+3	-7,347210E-3
1,784375E+3	9,684376E-1	1,784375E+3	1,116310E-2	1,784375E+3	9,798965E-1	1,784375E+3	-1,766830E-2	1,784375E+3	9,575866E-1	1,784375E+3	1,504523E-2	1,784375E+3	1,041467E+0	1,784375E+3	-7,824594E-3
1,785937E+3	9,756633E-1	1,785937E+3	1,137297E-2	1,785937E+3	9,861606E-1	1,785937E+3	-1,836631E-2	1,785937E+3	9,624198E-1	1,785937E+3	1,467630E-2	1,785937E+3	1,046011E+0	1,785937E+3	-8,783212E-3
1,787500E+3	9,830604E-1	1,787500E+3	1,168383E-2	1,787500E+3	9,924615E-1	1,787500E+3	-1,900749E-2	1,787500E+3	9,672671E-1	1,787500E+3	1,483610E-2	1,787500E+3	1,050430E+0	1,787500E+3	-9,620521E-3
1,789062E+3	9,903333E-1	1,789062E+3	1,085136E-2	1,789062E+3	9,981514E-1	1,789062E+3	-2,014111E-2	1,789062E+3	9,726522E-1	1,789062E+3	1,388341E-2	1,789062E+3	1,055018E+0	1,789062E+3	-1,060794E-2
1,790625E+3	9,977590E-1	1,790625E+3	1,010336E-2	1,790625E+3	1,003805E+0	1,790625E+3	-2,117850E-2	1,790625E+3	9,780960E-1	1,790625E+3	1,359344E-2	1,790625E+3	1,059426E+0	1,790625E+3	-1,145045E-2
1,792187E+3	1,002091E+0	1,792187E+3	8,096501E-3	1,792187E+3	1,008824E+0	1,792187E+3	-2,183256E-2	1,792187E+3	9,832751E-1	1,792187E+3	1,219946E-2	1,792187E+3	1,066932E+0	1,792187E+3	-9,920713E-3
1,793750E+3	1,006472E+0	1,793750E+3	6,175878E-3	1,793750E+3	1,013776E+0	1,793750E+3	-2,239198E-2	1,793750E+3	9,885698E-1	1,793750E+3	1,159231E-2	1,793750E+3	1,074503E+0	1,793750E+3	-8,176122E-3
1,795312E+3	1,027679E+0	1,795312E+3	1,340292E-2	1,795312E+3	1,026415E+0	1,795312E+3	-1,969766E-2	1,795312E+3	9,939721E-1	1,795312E+3	1,088295E-2	1,795312E+3	1,079156E+0	1,795312E+3	-8,715403E-3
1,796875E+3	1,050134E+0	1,796875E+3	2,182703E-2	1,796875E+3	1,039468E+0	1,796875E+3	-1,663893E-2	1,796875E+3	9,995773E-1	1,796875E+3	1,107915E-2	1,796875E+3	1,083605E+0	1,796875E+3	-9,085664E-3
1,798437E+3	1,058783E+0	1,798437E+3	2,155572E-2	1,798437E+3	1,046385E+0	1,798437E+3	-1,708778E-2	1,798437E+3	1,003990E+0	1,798437E+3	1,189260E-2	1,798437E+3	1,089191E+0	1,798437E+3	-9,714417E-3
1,800000E+3	1,067527E+0	1,800000E+3	2,141003E-2	1,800000E+3	1,053268E+0	1,800000E+3	-1,745775E-2	1,800000E+3	1,008672E+0	1,800000E+3	1,347013E-2	1,800000E+3	1,094481E+0	1,800000E+3	-1,014299E-2
1,801562E+3	1,073226E+0	1,801562E+3	1,934803E-2	1,801562E+3	1,059656E+0	1,801562E+3	-1,863483E-2	1,801562E+3	1,013832E+0	1,801562E+3	1,287642E-2	1,801562E+3	1,099870E+0	1,801562E+3	-1,141645E-2
1,803125E+3	1,078906E+0	1,803125E+3	1,740427E-2	1,803125E+3	1,065908E+0	1,803125E+3	-1,970783E-2	1,803125E+3	1,019481E+0	1,803125E+3	1,332692E-2	1,803125E+3	1,104889E+0	1,803125E+3	-1,244058E-2
1,804687E+3	1,084554E+0	1,804687E+3	1,566682E-2	1,804687E+3	1,072456E+0	1,804687E+3	-2,112664E-2	1,804687E+3	1,026071E+0	1,804687E+3	9,604749E-3	1,804687E+3	1,109486E+0	1,804687E+3	-1,363906E-2
1,806250E+3	1,090146E+0	1,806250E+3	1,405607E-2	1,806250E+3	1,078763E+0	1,806250E+3	-2,238830E-2	1,806250E+3	1,033520E+0	1,806250E+3	7,365445E-3	1,806250E+3	1,113729E+0	1,806250E+3	-1,459322E-2
1,807812E+3	1,097763E+0	1,807812E+3	1,359587E-2	1,807812E+3	1,084606E+0	1,807812E+3	-2,391284E-2	1,807812E+3	1,040269E+0	1,807812E+3	3,973962E-3	1,807812E+3	1,118018E+0	1,807812E+3	-1,581959E-2
1,809375E+3	1,105345E+0	1,809375E+3	1,326264E-2	1,809375E+3	1,090201E+0	1,809375E+3	-2,527251E-2	1,809375E+3	1,047964E+0	1,809375E+3	1,965476E-3	1,809375E+3	1,121922E+0	1,809375E+3	-1,674861E-2
1,810937E+3	1,113524E+0	1,810937E+3	1,262332E-2	1,810937E+3	1,095821E+0	1,810937E+3	-2,606693E-2	1,810937E+3	1,052214E+0	1,810937E+3	2,578325E-3	1,810937E+3	1,126384E+0	1,810937E+3	-1,785448E-2
1,812500E+3	1,121636E+0	1,812500E+3	1,213434E-2	1,812500E+3	1,101115E+0	1,812500E+3	-2,669834E-2	1,812500E+3	1,057212E+0	1,812500E+3	3,905581E-3	1,812500E+3	1,130443E+0	1,812500E+3	-1,864125E-2
1,814062E+3	1,128704E+0	1,814062E+3	1,070984E-2	1,814062E+3	1,107310E+0	1,814062E+3	-2,724911E-2	1,814062E+3	1,061069E+0	1,814062E+3	5,950697E-3	1,814062E+3	1,136879E+0	1,814062E+3	-2,089983E-2
1,815625E+3	1,135626E+0	1,815625E+3	9,447169E-3	1,815625E+3	1,113050E+0	1,815625E+3	-2,760889E-2	1,815625E+3	1,065763E+0	1,815625E+3	8,573312E-3	1,815625E+3	1,142605E+0	1,815625E+3	-2,263486E-2
1,817187E+3	1,141578E+0	1,817187E+3	5,821667E-3	1,817187E+3	1,119386E+0	1,817187E+3	-2,872303E-2	1,817187E+3	1,070170E+0	1,817187E+3	9,830219E-3	1,817187E+3	1,149758E+0	1,817187E+3	-2,478696E-2
1,818750E+3	1,147282E+0	1,818750E+3	2,439377E-3	1,818750E+3	1,125169E+0	1,818750E+3	-2,957590E-2	1,818750E+3	1,075803E+0	1,818750E+3	1,167377E-2	1,818750E+3	1,156134E+0	1,818750E+3	-2,637436E-2
1,820312E+3	1,154420E+0	1,820312E+3	-1,062590E-3	1,820312E+3	1,131784E+0	1,820312E+3	-3,076471E-2	1,820312E+3	1,080929E+0	1,820312E+3	1,005408E-2	1,820312E+3	1,161618E+0	1,820312E+3	-2,715555E-2
1,821875E+3	1,161271E+0	1,821875E+3	-4,274615E-3	1,821875E+3	1,137816E+0	1,821875E+3	-3,167370E-2	1,821875E+3	1,087536E+0	1,821875E+3	9,025610E-3	1,821875E+3	1,166432E+0	1,821875E+3	-2,745557E-2
1,823437E+3	1,169152E+0	1,823437E+3	-6,792907E-3	1,823437E+3	1,144546E+0	1,823437E+3	-3,303313E-2	1,823437E+3	1,092849E+0	1,823437E+3	7,158269E-3	1,823437E+3	1,172529E+0	1,823437E+3	-2,870860E-2
1,825000E+3	1,176604E+0	1,825000E+3	-8,903878E-3	1,825000E+3	1,150587E+0	1,825000E+3	-3,403941E-2	1,825000E+3	1,099700E+0	1,825000E+3	5,718895E-3	1,825000E+3	1,177822E+0	1,825000E+3	-2,931132E-2
1,826562E+3	1,183561E+0	1,826562E+3	-9,813496E-3	1,826562E+3	1,157200E+0	1,826562E+3	-3,542157E-2	1,826562E+3	1,105000E+0	1,826562E+3	4,312392E-3	1,826562E+3	1,186918E+0	1,826562E+3	-3,193288E-2
1,828125E+3	1,190082E+0	1,828125E+3	-1,036138E-2	1,828125E+3	1,163089E+0	1,828125E+3	-3,643344E-2	1,828125E+3	1,111812E+0	1,828125E+3	3,142848E-3	1,828125E+3	1,194821E+0	1,828125E+3	-3,344372E-2
1,829687E+3	1,195511E+0	1,829687E+3	-1,016713E-2	1,829687E+3	1,170426E+0	1,829687E+3	-3,812713E-2	1,829687E+3	1,117213E+0	1,829687E+3	2,143142E-3	1,829687E+3	1,206515E+0	1,829687E+3	-3,778222E-2
1,831250E+3	1,200572E+0	1,831250E+3	-9,681595E-3	1,831250E+3	1,176860E+0	1,831250E+3	-3,932076E-2	1,831250E+3	1,124343E+0	1,831250E+3	1,160323E-3	1,831250E+3	1,216645E+0	1,831250E+3	-4,041809E-2
1,832812E+3	1,205925E+0	1,832812E+3	-1,106932E-2	1,832812E+3	1,187004E+0	1,832812E+3	-4,114740E-2	1,832812E+3	1,127603E+0	1,832812E+3	3,262433E-3	1,832812E+3	1,225527E+0	1,832812E+3	-4,294162E-2
1,834375E+3	1,210857E+0	1,834375E+3	-1,204741E-2	1,834375E+3	1,195675E+0	1,834375E+3	-4,214214E-2	1,834375E+3	1,132416E+0	1,834375E+3	4,715547E-3	1,834375E+3	1,233156E+0	1,834375E+3	-4,401386E-2
1,835937E+3	1,219502E+0	1,835937E+3	-1,530924E-2	1,835937E+3	1,205909E+0	1,835937E+3	-4,310388E-2	1,835937E+3	1,134779E+0	1,835937E+3	7,893158E-3	1,835937E+3	1,241015E+0	1,835937E+3	-4,522621E-2
1,837500E+3	1,227504E+0	1,837500E+3	-1,785489E-2	1,837500E+3	1,214532E+0	1,837500E+3	-4,317090E-2	1,837500E+3	1,138375E+0	1,837500E+3	1,010176E-2	1,837500E+3	1,247607E+0	1,837500E+3	-4,493879E-2
1,839062E+3	1,238881E+0	1,839062E+3	-2,103530E-2	1,839062E+3	1,220758E+0	1,839062E+3	-4,310780E-2	1,839062E+3	1,144777E+0	1,839062E+3	8,259829E-3	1,839062E+3	1,256188E+0	1,839062E+3	-4,631757E-2
1,840625E+3	1,249296E+0	1,840625E+3	-2,318845E-2	1,840625E+3	1,225927E+0	1,840625E+3	-4,240230E-2	1,840625E+3	1,153015E+0	1,840625E+3	5,724210E-3	1,840625E+3	1,263352E+0	1,840625E+3	-4,573482E-2
1,842187E+3	1,260107E+0	1,842187E+3	-2,527703E-2	1,842187E+3	1,230155E+0	1,842187E+3	-4,272351E-2	1,842187E+3	1,164301E+0	1,842187E+3	-1,269050E-3	1,842187E+3	1,271737E+0	1,842187E+3	-4,812210E-2
1,843750E+3	1,269979E+0	1,843750E+3	-2,633028E-2	1,843750E+3	1,233520E+0	1,843750E+3	-4,239535E-2	1,843750E+3	1,178320E+0	1,843750E+3	-9,078056E-3	1,843750E+3	1,278879E+0	1,843750E+3	-4,822811E-2
1,845312E+3	1,278413E+0	1,845312E+3	-2,756932E-2	1,845312E+3	1,242190E+0	1,845312E+3	-4,486437E-2	1,845312E+3	1,189376E+0	1,845312E+3	-1,583867E-2	1,845312E+3	1,291795E+0	1,845312E+3	-5,393277E-2
1,846875E+3	1,285978E+0	1,846875E+3	-2,773125E-2	1,846875E+3	1,249068E+0	1,846875E+3	-4,582944E-2	1,846875E+3	1,202776E+0	1,846875E+3	-2,387462E-2	1,846875E+3	1,303138E+0	1,846875E+3	-5,556939E-2
1,848437E+3	1,293080E+0	1,848437E+3	-3,072675E-2	1,848437E+3	1,263393E+0	1,848437E+3	-5,035433E-2	1,848437E+3	1,296408E+0	1,848437E+3	-1,098906E-1	1,848437E+3	1,314599E+0	1,848437E+3	-6,088910E-2
1,850000E+3	1,299274E+0	1,850000E+3	-3,240606E-2	1,850000E+3	1,274235E+0	1,850000E+3	-5,159705E-2	1,850000E+3	1,427980E+0	1,850000E+3	-2,193825E-1	1,850000E+3	1,325120E+0	1,850000E+3	-6,192916E-2
1,851562E+3	1,306730E+0	1,851562E+3	-3,564894E-2	1,851562E+3	1,287035E+0	1,851562E+3	-5,539819E-2	1,851562E+3	1,426615E+0	1,851562E+3	-2,043696E-1	1,851562E+3	1,335617E+0	1,851562E+3	-6,598841E-2
1,853125E+3	1,313228E+0	1,853125E+3	-3,717478E-2	1,853125E+3	1,296425E+0	1,853125E+3	-5,546206E-2	1,853125E+3	1,424016E+0	1,853125E+3	-1,907809E-1	1,853125E+3	1,345802E+0	1,853125E+3	-6,561458E-2
1,854687E+3	1,324650E+0	1,854687E+3	-4,050448E-2	1,854687E+3	1,303334E+0	1,854687E+3	-5,780561E-2	1,854687E+3	1,423322E+0	1,854687E+3	-1,749337E-1	1,854687E+3	1,351189E+0	1,854687E+3	-6,826457E-2
1,856250E+3	1,334742E+0	1,856250E+3	-4,123666E-2	1,856250E+3	1,307973E+0	1,856250E+3	-5,674645E-2	1,856250E+3	1,421009E+0	1,856250E+3	-1,605333E-1	1,856250E+3	1,357231E+0	1,856250E+3	-6,727161E-2
1,857812E+3	1,345042E+0	1,857812E+3	-4,361952E-2	1,857812E+3	1,316405E+0	1,857812E+3	-6,062476E-2	1,857812E+3	1,422146E+0	1,857812E+3	-1,456506E-1	1,857812E+3	1,359689E+0	1,857812E+3	-6,946556E-2
1,859375E+3	1,354477E+0	1,859375E+3	-4,325684E-2	1,859375E+3	1,322508E+0	1,859375E+3	-5,959526E-2	1,859375E+3	1,421257E+0	1,859375E+3	-1,322143E-1	1,859375E+3	1,363203E+0	1,859375E+3	-6,903365E-2
1,860937E+3	1,361546E+0	1,860937E+3	-4,485302E-2	1,860937E+3	1,337304E+0	1,860937E+3	-6,767670E-2	1,860937E+3	1,425376E+0	1,860937E+3	-1,236652E-1	1,860937E+3	1,464389E+0	1,860937E+3	-2,378935E-1
1,862500E+3	1,368133E+0	1,862500E+3	-4,390758E-2	1,862500E+3	1,349921E+0	1,862500E+3	-6,654737E-2	1,862500E+3	1,427972E+0	1,862500E+3	-1,163572E-1	1,862500E+3	1,894985E+0	1,862500E+3	-3,143458E-1
1,864062E+3	1,375143E+0	1,864062E+3	-4,720375E-2	1,864062E+3	1,349627E+0	1,864062E+3	-6,867233E-2	1,864062E+3	1,431601E+0	1,864062E+3	-1,093370E-1	1,864062E+3	1,866445E+0	1,864062E+3	-3,010400E-1
1,865625E+3	1,382032E+0	1,865625E+3	-4,723298E-2	1,865625E+3	1,350163E+0	1,865625E+3	-6,720276E-2	1,865625E+3	1,433652E+0	1,865625E+3	-1,033983E-1	1,865625E+3	1,839678E+0	1,865625E+3	-2,891468E-1
1,867187E+3	1,390603E+0	1,867187E+3	-5,171340E-2	1,867187E+3	1,396433E+0	1,867187E+3	-2,282033E-1	1,867187E+3	1,433267E+0	1,867187E+3	-9,246198E-2	1,867187E+3	1,806306E+0	1,867187E+3	-2,726864E-1
1,868750E+3	1,399681E+0	1,868750E+3	-5,181007E-2	1,868750E+3	1,835361E+0	1,868750E+3	-2,468669E-1	1,868750E+3	1,430818E+0	1,868750E+3	-8,235439E-2	1,868750E+3	1,775452E+0	1,868750E+3	-2,588157E-1
1,870312E+3	1,412105E+0	1,870312E+3	-5,924914E-2	1,870312E+3	1,811225E+0	1,870312E+3	-2,414266E-1	1,870312E+3	1,426720E+0	1,870312E+3	-6,417246E-2	1,870312E+3	1,896463E+0	1,870312E+3	-2,514557E-1
1,871875E+3	1,426038E+0	1,871875E+3	-6,084528E-2	1,871875E+3	1,789620E+0	1,871875E+3	-2,373246E-1	1,871875E+3	1,419593E+0	1,871875E+3	-4,659346E-2	1,871875E+3	2,052479E+0	1,871875E+3	-1,995993E-1
1,873437E+3	1,442493E+0	1,873437E+3	-7,002510E-2	1,873437E+3	1,773475E+0	1,873437E+3	-2,355365E-1	1,873437E+3	1,416317E+0	1,873437E+3	-3,058758E-2	1,873437E+3	2,040447E+0	1,873437E+3	-1,916191E-1
1,875000E+3	1,462126E+0	1,875000E+3	-7,180228E-2	1,875000E+3	1,760230E+0	1,875000E+3	-2,348268E-1	1,875000E+3	1,410848E+0	1,875000E+3	-1,487186E-2	1,875000E+3	2,030602E+0	1,875000E+3	-1,842733E-1
1,876562E+3	1,467103E+0	1,876562E+3	-7,421622E-2	1,876562E+3	1,978972E+0	1,876562E+3	-2,805607E-1	1,876562E+3	1,407252E+0	1,876562E+3	-5,193887E-4	1,876562E+3	2,018061E+0	1,876562E+3	-1,755532E-1
1,878125E+3	1,475752E+0	1,878125E+3	-7,323670E-2	1,878125E+3	2,432578E+0	1,878125E+3	-2,406863E-1	1,878125E+3	1,401942E+0	1,878125E+3	1,362639E-2	1,878125E+3	2,007682E+0	1,878125E+3	-1,677861E-1
1,879687E+3	1,464959E+0	1,879687E+3	-6,907595E-2	1,879687E+3	2,412592E+0	1,879687E+3	-2,282445E-1	1,879687E+3	1,399213E+0	1,879687E+3	2,865587E-2	1,879687E+3	1,992642E+0	1,879687E+3	-1,584925E-1
1,881250E+3	1,457088E+0	1,881250E+3	-6,540275E-2	1,881250E+3	2,397129E+0	1,881250E+3	-2,176457E-1	1,881250E+3	1,394495E+0	1,881250E+3	4,369346E-2	1,881250E+3	1,980092E+0	1,881250E+3	-1,506487E-1
1,882812E+3	1,626847E+0	1,882812E+3	-2,544804E-1	1,882812E+3	2,372170E+0	1,882812E+3	-2,031428E-1	1,882812E+3	1,395304E+0	1,882812E+3	5,567802E-2	1,882812E+3	1,955512E+0	1,882812E+3	-1,362683E-1
1,884375E+3	2,113175E+0	1,884375E+3	-4,473527E-1	1,884375E+3	2,352515E+0	1,884375E+3	-1,921681E-1	1,884375E+3	1,394141E+0	1,884375E+3	6,792251E-2	1,884375E+3	1,934738E+0	1,884375E+3	-1,258467E-1
1,885937E+3	2,071184E+0	1,885937E+3	-4,159471E-1	1,885937E+3	2,321914E+0	1,885937E+3	-1,808442E-1	1,885937E+3	1,416289E+0	1,885937E+3	5,050240E-2	1,885937E+3	1,900314E+0	1,885937E+3	-1,113509E-1
1,887500E+3	2,032176E+0	1,887500E+3	-3,903989E-1	1,887500E+3	2,296960E+0	1,887500E+3	-1,733790E-1	1,887500E+3	1,438356E+0	1,887500E+3	3,131354E-2	1,887500E+3	1,871968E+0	1,887500E+3	-1,033170E-1
1,889062E+3	1,993408E+0	1,889062E+3	-3,625897E-1	1,889062E+3	2,266549E+0	1,889062E+3	-1,647078E-1	1,889062E+3	1,469979E+0	1,889062E+3	-1,227055E-2	1,889062E+3	1,834923E+0	1,889062E+3	-8,806463E-2
1,890625E+3	1,957543E+0	1,890625E+3	-3,408369E-1	1,890625E+3	2,241556E+0	1,890625E+3	-1,596764E-1	1,890625E+3	1,500290E+0	1,890625E+3	-6,112148E-2	1,890625E+3	1,804532E+0	1,890625E+3	-8,194543E-2
1,892187E+3	2,183711E+0	1,892187E+3	-3,823714E-1	1,892187E+3	2,214417E+0	1,892187E+3	-1,531053E-1	1,892187E+3	1,508246E+0	1,892187E+3	-6,788772E-2	1,892187E+3	1,769183E+0	1,892187E+3	-6,537474E-2
1,893750E+3	2,542701E+0	1,893750E+3	-3,769821E-1	1,893750E+3	2,191849E+0	1,893750E+3	-1,495088E-1	1,893750E+3	1,515012E+0	1,893750E+3	-7,450067E-2	1,893750E+3	1,738115E+0	1,893750E+3	-6,084831E-2
1,895312E+3	2,517098E+0	1,895312E+3	-3,508227E-1	1,895312E+3	2,162470E+0	1,895312E+3	-1,408001E-1	1,895312E+3	1,514306E+0	1,895312E+3	-5,708009E-2	1,895312E+3	1,610463E+0	1,895312E+3	1,534612E-1
1,896875E+3	2,494010E+0	1,896875E+3	-3,341751E-1	1,896875E+3	2,138290E+0	1,896875E+3	-1,365505E-1	1,896875E+3	1,511740E+0	1,896875E+3	-3,856055E-2	1,896875E+3	1,269733E+0	1,896875E+3	5,557786E-2
1,898437E+3	2,466522E+0	1,898437E+3	-3,070768E-1	1,898437E+3	2,101305E+0	1,898437E+3	-1,235835E-1	1,898437E+3	1,510431E+0	1,898437E+3	-1,863195E-2	1,898437E+3	1,254425E+0	1,898437E+3	6,243562E-2
1,900000E+3	2,439789E+0	1,900000E+3	-2,889427E-1	1,900000E+3	2,070526E+0	1,900000E+3	-1,191800E-1	1,900000E+3	1,507587E+0	1,900000E+3	2,233373E-3	1,900000E+3	1,236177E+0	1,900000E+3	6,775447E-2
1,901562E+3	2,409110E+0	1,901562E+3	-2,619350E-1	1,901562E+3	2,031956E+0	1,901562E+3	-1,021581E-1	1,901562E+3	1,510350E+0	1,901562E+3	1,116282E-2	1,901562E+3	1,226222E+0	1,901562E+3	7,342919E-2
1,903125E+3	2,377863E+0	1,903125E+3	-2,437233E-1	1,903125E+3	1,997784E+0	1,903125E+3	-9,872499E-2	1,903125E+3	1,512305E+0	1,903125E+3	2,081323E-2	1,903125E+3	1,214486E+0	1,903125E+3	7,849724E-2
1,904687E+3	2,343664E+0	1,904687E+3	-2,181524E-1	1,904687E+3	1,964805E+0	1,904687E+3	-8,384576E-2	1,904687E+3	1,519653E+0	1,904687E+3	1,907778E-2	1,904687E+3	1,209885E+0	1,904687E+3	8,253674E-2
1,906250E+3	2,307944E+0	1,906250E+3	-2,012706E-1	1,906250E+3	1,931502E+0	1,906250E+3	-8,123239E-2	1,906250E+3	1,526407E+0	1,906250E+3	1,792361E-2	1,906250E+3	1,204286E+0	1,906250E+3	8,630963E-2
1,907812E+3	2,276387E+0	1,907812E+3	-1,796994E-1	1,907812E+3	1,902081E+0	1,907812E+3	-6,928047E-2	1,907812E+3	1,531183E+0	1,907812E+3	2,410521E-2	1,907812E+3	1,202980E+0	1,907812E+3	8,815955E-2
1,909375E+3	2,242964E+0	1,909375E+3	-1,648889E-1	1,909375E+3	1,869045E+0	1,909375E+3	-6,663227E-2	1,909375E+3	1,535097E+0	1,909375E+3	3,133245E-2	1,909375E+3	1,201134E+0	1,909375E+3	8,982431E-2
1,910937E+3	2,212998E+0	1,910937E+3	-1,456370E-1	1,910937E+3	1,768927E+0	1,910937E+3	1,988989E-2	1,910937E+3	1,537412E+0	1,910937E+3	5,625297E-2	1,910937E+3	1,202322E+0	1,910937E+3	8,947803E-2
1,912500E+3	2,180683E+0	1,912500E+3	-1,319333E-1	1,912500E+3	1,437469E+0	1,912500E+3	-5,828368E-3	1,912500E+3	1,538545E+0	1,912500E+3	8,307357E-2	1,912500E+3	1,203233E+0	1,912500E+3	8,896028E-2
1,914062E+3	2,155569E+0	1,914062E+3	-1,162039E-1	1,914062E+3	1,435906E+0	1,914062E+3	-3,591532E-3	1,914062E+3	1,547842E+0	1,914062E+3	1,026284E-1	1,914062E+3	1,208100E+0	1,914062E+3	8,879300E-2
1,915625E+3	2,128394E+0	1,915625E+3	-1,042857E-1	1,915625E+3	1,434228E+0	1,915625E+3	-1,369860E-3	1,915625E+3	1,556623E+0	1,915625E+3	1,238022E-1	1,915625E+3	1,212810E+0	1,915625E+3	8,860990E-2
1,917187E+3	2,108844E+0	1,917187E+3	-9,245310E-2	1,917187E+3	1,433032E+0	1,917187E+3	4,706483E-4	1,917187E+3	1,572924E+0	1,917187E+3	1,241896E-1	1,917187E+3	1,219770E+0	1,917187E+3	8,780196E-2
1,918750E+3	2,087903E+0	1,918750E+3	-8,300360E-2	1,918750E+3	1,431776E+0	1,918750E+3	2,319272E-3	1,918750E+3	1,588921E+0	1,918750E+3	1,253389E-1	1,918750E+3	1,226652E+0	1,918750E+3	8,702511E-2
1,920312E+3	1,862658E+0	1,920312E+3	5,701977E-2	1,920312E+3	1,431926E+0	1,920312E+3	3,362100E-3	1,920312E+3	1,603874E+0	1,920312E+3	1,195189E-1	1,920312E+3	1,235984E+0	1,920312E+3	8,548963E-2
1,921875E+3	1,416608E+0	1,921875E+3	7,872184E-2	1,921875E+3	1,432028E+0	1,921875E+3	4,403447E-3	1,921875E+3	1,618454E+0	1,921875E+3	1,142801E-1	1,921875E+3	1,245310E+0	1,921875E+3	8,401008E-2
1,923437E+3	1,434257E+0	1,923437E+3	7,955377E-2	1,923437E+3	1,432229E+0	1,923437E+3	4,919018E-3	1,923437E+3	1,631039E+0	1,923437E+3	1,070053E-1	1,923437E+3	1,153266E+0	1,923437E+3	7,212709E-2
1,925000E+3	1,451808E+0	1,925000E+3	8,068542E-2	1,925000E+3	1,432398E+0	1,925000E+3	5,439440E-3	1,925000E+3	1,643228E+0	1,925000E+3	1,003840E-1	1,925000E+3	1,034226E+0	1,925000E+3	3,006864E-2
1,926562E+3	1,298470E+0	1,926562E+3	5,436334E-2	1,926562E+3	1,434108E+0	1,926562E+3	6,236158E-3	1,926562E+3	1,687605E+0	1,926562E+3	1,042654E-2	1,926562E+3	1,047344E+0	1,926562E+3	2,365006E-2
1,928125E+3	1,123091E+0	1,928125E+3	-1,203989E-2	1,928125E+3	1,435779E+0	1,928125E+3	7,063472E-3	1,928125E+3	1,720163E+0	1,928125E+3	-8,340047E-2	1,928125E+3	1,060710E+0	1,928125E+3	1,729419E-2
1,929687E+3	1,101163E+0	1,929687E+3	-1,899886E-3	1,929687E+3	1,252478E+0	1,929687E+3	1,169065E-2	1,929687E+3	1,731765E+0	1,929687E+3	-8,034603E-2	1,929687E+3	1,071744E+0	1,929687E+3	1,115257E-2
1,931250E+3	1,077517E+0	1,931250E+3	8,515335E-3	1,931250E+3	9,359214E-1	1,931250E+3	-6,383139E-2	1,931250E+3	1,743114E+0	1,931250E+3	-7,645187E-2	1,931250E+3	1,082944E+0	1,931250E+3	4,934875E-3
1,932812E+3	1,067977E+0	1,932812E+3	1,296260E-2	1,932812E+3	8,959837E-1	1,932812E+3	-4,226013E-2	1,932812E+3	1,755855E+0	1,932812E+3	-1,030399E-1	1,932812E+3	1,105657E+0	1,932812E+3	-5,582242E-4
1,934375E+3	1,057710E+0	1,934375E+3	1,740922E-2	1,934375E+3	8,518456E-1	1,934375E+3	-1,651753E-2	1,934375E+3	1,767419E+0	1,934375E+3	-1,278914E-1	1,934375E+3	1,128962E+0	1,934375E+3	-5,936102E-3
1,935937E+3	1,055816E+0	1,935937E+3	1,897654E-2	1,935937E+3	8,299279E-1	1,935937E+3	-1,600462E-2	1,935937E+3	1,773418E+0	1,935937E+3	-1,439406E-1	1,935937E+3	1,166148E+0	1,935937E+3	-1,086564E-2
1,937500E+3	1,053600E+0	1,937500E+3	2,056629E-2	1,937500E+3	8,061841E-1	1,937500E+3	-1,578034E-2	1,937500E+3	1,779175E+0	1,937500E+3	-1,582606E-1	1,937500E+3	1,204793E+0	1,937500E+3	-1,546621E-2
1,939062E+3	1,059091E+0	1,939062E+3	2,095292E-2	1,939062E+3	8,178029E-1	1,939062E+3	-9,867988E-3	1,939062E+3	1,786507E+0	1,939062E+3	-1,561916E-1	1,939062E+3	1,234895E+0	1,939062E+3	-1,804484E-2
1,940625E+3	1,064436E+0	1,940625E+3	2,145985E-2	1,940625E+3	8,294438E-1	1,940625E+3	-3,862904E-3	1,940625E+3	1,793822E+0	1,940625E+3	-1,531628E-1	1,940625E+3	1,265631E+0	1,940625E+3	-2,026034E-2
1,942187E+3	1,079317E+0	1,942187E+3	2,129500E-2	1,942187E+3	8,572280E-1	1,942187E+3	-1,769231E-3	1,942187E+3	1,811146E+0	1,942187E+3	-1,359492E-1	1,942187E+3	1,279152E+0	1,942187E+3	-2,065631E-2
1,943750E+3	1,094206E+0	1,943750E+3	2,138185E-2	1,943750E+3	8,846845E-1	1,943750E+3	3,362739E-4	1,943750E+3	1,827829E+0	1,943750E+3	-1,181047E-1	1,943750E+3	1,292431E+0	1,943750E+3	-2,081908E-2
1,945312E+3	1,114279E+0	1,945312E+3	2,021607E-2	1,945312E+3	9,166331E-1	1,945312E+3	-3,365337E-4	1,945312E+3	1,851332E+0	1,945312E+3	-1,054402E-1	1,945312E+3	1,298720E+0	1,945312E+3	-2,029107E-2
1,946875E+3	1,134404E+0	1,946875E+3	1,934459E-2	1,946875E+3	9,483201E-1	1,946875E+3	-8,333879E-4	1,946875E+3	1,873801E+0	1,946875E+3	-9,224505E-2	1,946875E+3	1,304677E+0	1,946875E+3	-1,963262E-2
1,948437E+3	1,157521E+0	1,948437E+3	1,713486E-2	1,948437E+3	9,863587E-1	1,948437E+3	-3,483162E-3	1,948437E+3	1,882598E+0	1,948437E+3	-1,050625E-1	1,948437E+3	1,305725E+0	1,948437E+3	-1,898676E-2
1,950000E+3	1,180713E+0	1,950000E+3	1,524622E-2	1,950000E+3	1,024395E+0	1,950000E+3	-5,814507E-3	1,950000E+3	1,891204E+0	1,950000E+3	-1,161904E-1	1,950000E+3	1,306466E+0	1,950000E+3	-1,830897E-2
1,951562E+3	1,202287E+0	1,951562E+3	1,285516E-2	1,951562E+3	1,072197E+0	1,951562E+3	-9,905204E-3	1,951562E+3	1,897799E+0	1,951562E+3	-1,252295E-1	1,951562E+3	1,389413E+0	1,951562E+3	-3,129359E-2
1,953125E+3	1,223837E+0	1,953125E+3	1,075793E-2	1,953125E+3	1,120474E+0	1,953125E+3	-1,358502E-2	1,953125E+3	1,904450E+0	1,953125E+3	-1,326843E-1	1,953125E+3	1,477045E+0	1,953125E+3	-4,457769E-2
1,954687E+3	1,241173E+0	1,954687E+3	8,870887E-3	1,954687E+3	1,157662E+0	1,954687E+3	-1,827117E-2	1,954687E+3	1,913278E+0	1,954687E+3	-1,303264E-1	1,954687E+3	1,571834E+0	1,954687E+3	-5,990202E-2
1,956250E+3	1,258360E+0	1,956250E+3	7,226973E-3	1,956250E+3	1,194948E+0	1,956250E+3	-2,266413E-2	1,956250E+3	1,921953E+0	1,956250E+3	-1,269410E-1	1,956250E+3	1,671964E+0	1,956250E+3	-7,566979E-2
1,957812E+3	1,277419E+0	1,957812E+3	5,563495E-3	1,957812E+3	1,214699E+0	1,957812E+3	-2,574444E-2	1,957812E+3	1,934531E+0	1,957812E+3	-1,214466E-1	1,957812E+3	1,702593E+0	1,957812E+3	-5,305796E-2
1,959375E+3	1,296304E+0	1,959375E+3	4,174631E-3	1,959375E+3	1,234223E+0	1,959375E+3	-2,864226E-2	1,959375E+3	1,946599E+0	1,959375E+3	-1,149759E-1	1,959375E+3	1,731434E+0	1,959375E+3	-2,959417E-2
1,960937E+3	1,355176E+0	1,960937E+3	-3,494868E-4	1,960937E+3	1,243068E+0	1,960937E+3	-3,043545E-2	1,960937E+3	1,961547E+0	1,960937E+3	-1,112490E-1	1,960937E+3	1,706647E+0	1,960937E+3	-2,697145E-2
1,962500E+3	1,415211E+0	1,962500E+3	-4,195970E-3	1,962500E+3	1,251721E+0	1,962500E+3	-3,214328E-2	1,962500E+3	1,975730E+0	1,962500E+3	-1,064449E-1	1,962500E+3	1,682730E+0	1,962500E+3	-2,462149E-2
1,964062E+3	1,470063E+0	1,964062E+3	-1,045981E-2	1,964062E+3	1,254822E+0	1,964062E+3	-3,252103E-2	1,964062E+3	1,990039E+0	1,964062E+3	-1,083360E-1	1,964062E+3	1,656850E+0	1,964062E+3	-2,338662E-2
1,965625E+3	1,525633E+0	1,965625E+3	-1,618991E-2	1,965625E+3	1,257810E+0	1,965625E+3	-3,288823E-2	1,965625E+3	2,003689E+0	1,965625E+3	-1,088069E-1	1,965625E+3	1,631900E+0	1,965625E+3	-2,235384E-2
1,967187E+3	1,543311E+0	1,967187E+3	-1,745125E-2	1,967187E+3	1,559834E+0	1,967187E+3	-6,978848E-2	1,967187E+3	2,016470E+0	1,967187E+3	-1,094410E-1	1,967187E+3	1,961449E+0	1,967187E+3	-6,882809E-2
1,968750E+3	1,560440E+0	1,968750E+3	-1,839105E-2	1,968750E+3	1,937825E+0	1,968750E+3	-1,198067E-1	1,968750E+3	2,028625E+0	1,968750E+3	-1,086793E-1	1,968750E+3	2,377830E+0	1,968750E+3	-1,391545E-1
1,970312E+3	1,568529E+0	1,970312E+3	-1,859903E-2	1,970312E+3	1,979345E+0	1,970312E+3	-8,768272E-2	1,970312E+3	2,040067E+0	1,970312E+3	-1,084803E-1	1,970312E+3	2,347896E+0	1,970312E+3	-1,255059E-1
1,971875E+3	1,576074E+0	1,971875E+3	-1,860840E-2	1,971875E+3	2,017872E+0	1,971875E+3	-5,471583E-2	1,971875E+3	2,050970E+0	1,971875E+3	-1,068462E-1	1,971875E+3	2,318152E+0	1,971875E+3	-1,126164E-1
1,973437E+3	1,762837E+0	1,973437E+3	-4,688593E-2	1,973437E+3	1,987013E+0	1,973437E+3	-5,293749E-2	1,973437E+3	2,063024E+0	1,973437E+3	-1,083645E-1	1,973437E+3	2,309529E+0	1,973437E+3	-1,055076E-1
1,975000E+3	1,972018E+0	1,975000E+3	-8,013425E-2	1,975000E+3	1,957845E+0	1,975000E+3	-5,135492E-2	1,975000E+3	2,074519E+0	1,975000E+3	-1,082333E-1	1,975000E+3	2,299106E+0	1,975000E+3	-9,797704E-2
1,976562E+3	1,934472E+0	1,976562E+3	-7,247197E-2	1,976562E+3	1,928052E+0	1,976562E+3	-4,995884E-2	1,976562E+3	2,089099E+0	1,976562E+3	-1,113027E-1	1,976562E+3	2,322458E+0	1,976562E+3	-9,775659E-2
1,978125E+3	1,896280E+0	1,978125E+3	-6,554393E-2	1,978125E+3	1,899872E+0	1,978125E+3	-4,870164E-2	1,978125E+3	2,102911E+0	1,978125E+3	-1,124654E-1	1,978125E+3	2,341631E+0	1,978125E+3	-9,584738E-2
1,979687E+3	1,834318E+0	1,979687E+3	-5,502381E-2	1,979687E+3	1,872911E+0	1,979687E+3	-4,621620E-2	1,979687E+3	2,117593E+0	1,979687E+3	-1,109318E-1	1,979687E+3	2,362784E+0	1,979687E+3	-9,551544E-2
1,981250E+3	1,771905E+0	1,981250E+3	-4,593219E-2	1,981250E+3	1,847326E+0	1,981250E+3	-4,391545E-2	1,981250E+3	2,131350E+0	1,981250E+3	-1,077462E-1	1,981250E+3	2,379319E+0	1,981250E+3	-9,337011E-2
1,982812E+3	1,732383E+0	1,982812E+3	-3,842849E-2	1,982812E+3	2,198142E+0	1,982812E+3	-6,821732E-2	1,982812E+3	2,146143E+0	1,982812E+3	-1,054339E-1	1,982812E+3	2,400786E+0	1,982812E+3	-9,059674E-2
1,984375E+3	1,693335E+0	1,984375E+3	-3,174917E-2	1,984375E+3	2,617361E+0	1,984375E+3	-9,398909E-2	1,984375E+3	2,159894E+0	1,984375E+3	-1,014290E-1	1,984375E+3	2,416931E+0	1,984375E+3	-8,599109E-2
1,985937E+3	2,116665E+0	1,985937E+3	-5,143523E-2	1,985937E+3	2,621601E+0	1,985937E+3	-8,743173E-2	1,985937E+3	2,172143E+0	1,985937E+3	-9,778707E-2	1,985937E+3	2,424015E+0	1,985937E+3	-7,892147E-2
1,987500E+3	2,676895E+0	1,987500E+3	-8,031078E-2	1,987500E+3	2,622369E+0	1,987500E+3	-8,018989E-2	1,987500E+3	2,183398E+0	1,987500E+3	-9,258498E-2	1,987500E+3	2,426262E+0	1,987500E+3	-7,062690E-2
1,989062E+3	2,635490E+0	1,989062E+3	-6,819846E-2	1,989062E+3	2,620462E+0	1,989062E+3	-7,266095E-2	1,989062E+3	2,195440E+0	1,989062E+3	-9,189700E-2	1,989062E+3	2,426539E+0	1,989062E+3	-6,380421E-2
1,990625E+3	2,594668E+0	1,990625E+3	-5,677570E-2	1,990625E+3	2,615435E+0	1,990625E+3	-6,470423E-2	1,990625E+3	2,206452E+0	1,990625E+3	-8,942647E-2	1,990625E+3	2,422119E+0	1,990625E+3	-5,595352E-2
1,992187E+3	2,592745E+0	1,992187E+3	-5,090104E-2	1,992187E+3	2,616966E+0	1,992187E+3	-5,662047E-2	1,992187E+3	2,216948E+0	1,992187E+3	-8,684977E-2	1,992187E+3	2,418901E+0	1,992187E+3	-5,095638E-2
1,993750E+3	2,587496E+0	1,993750E+3	-4,420329E-2	1,993750E+3	2,614857E+0	1,993750E+3	-4,808192E-2	1,993750E+3	2,226427E+0	1,993750E+3	-8,275156E-2	1,993750E+3	2,410959E+0	1,993750E+3	-4,485726E-2
1,995312E+3	2,632718E+0	1,995312E+3	-4,479992E-2	1,995312E+3	2,517452E+0	1,995312E+3	-5,523286E-2	1,995312E+3	2,237720E+0	1,995312E+3	-7,882599E-2	1,995312E+3	2,409308E+0	1,995312E+3	-3,975901E-2
1,996875E+3	2,671186E+0	1,996875E+3	-4,316441E-2	1,996875E+3	2,397378E+0	1,996875E+3	-6,669859E-2	1,996875E+3	2,247815E+0	1,996875E+3	-7,335426E-2	1,996875E+3	2,402651E+0	1,996875E+3	-3,341590E-2
1,998437E+3	2,705300E+0	1,998437E+3	-4,237415E-2	1,998437E+3	2,406046E+0	1,998437E+3	-6,240066E-2	1,998437E+3	2,260746E+0	1,998437E+3	-6,971302E-2	1,998437E+3	2,406028E+0	1,998437E+3	-2,834716E-2
2,000000E+3	2,732305E+0	2,000000E+3	-3,933616E-2	2,000000E+3	2,410237E+0	2,000000E+3	-5,728855E-2	2,000000E+3	2,272213E+0	2,000000E+3	-6,423842E-2	2,000000E+3	2,403468E+0	2,000000E+3	-2,174825E-2
2,001562E+3	2,753836E+0	2,001562E+3	-3,609781E-2	2,001562E+3	2,421295E+0	2,001562E+3	-5,320257E-2	2,001562E+3	2,284339E+0	2,001562E+3	-6,038547E-2	2,001562E+3	2,417108E+0	2,001562E+3	-1,740169E-2
2,003125E+3	2,768449E+0	2,003125E+3	-3,085382E-2	2,003125E+3	2,427242E+0	2,003125E+3	-4,814612E-2	2,003125E+3	2,294842E+0	2,003125E+3	-5,474051E-2	2,003125E+3	2,422583E+0	2,003125E+3	-1,093015E-2
2,004687E+3	2,784755E+0	2,004687E+3	-2,523463E-2	2,004687E+3	2,439887E+0	2,004687E+3	-4,512118E-2	2,004687E+3	2,304959E+0	2,004687E+3	-4,991973E-2	2,004687E+3	2,423892E+0	2,004687E+3	-4,518449E-3
2,006250E+3	2,793936E+0	2,006250E+3	-1,785677E-2	2,006250E+3	2,446769E+0	2,006250E+3	-4,088667E-2	2,006250E+3	2,313441E+0	2,006250E+3	-4,344838E-2	2,006250E+3	2,418148E+0	2,006250E+3	3,423121E-3
2,007812E+3	2,537479E+0	2,007812E+3	-1,107011E-2	2,007812E+3	2,477247E+0	2,007812E+3	-3,958878E-2	2,007812E+3	2,324031E+0	2,007812E+3	-3,845585E-2	2,007812E+3	2,411649E+0	2,007812E+3	1,111392E-2
2,009375E+3	2,226706E+0	2,009375E+3	-4,096406E-3	2,009375E+3	2,498882E+0	2,009375E+3	-3,617158E-2	2,009375E+3	2,332760E+0	2,009375E+3	-3,178886E-2	2,009375E+3	2,398945E+0	2,009375E+3	1,989473E-2
2,010937E+3	2,267613E+0	2,010937E+3	-2,903448E-3	2,010937E+3	2,529673E+0	2,010937E+3	-3,544026E-2	2,010937E+3	2,347016E+0	2,010937E+3	-2,900078E-2	2,010937E+3	2,386544E+0	2,010937E+3	2,858462E-2
2,012500E+3	2,300344E+0	2,012500E+3	5,304300E-4	2,012500E+3	2,550034E+0	2,012500E+3	-3,209717E-2	2,012500E+3	2,358773E+0	2,012500E+3	-2,418290E-2	2,012500E+3	2,368853E+0	2,012500E+3	3,795628E-2
2,014062E+3	2,338889E+0	2,014062E+3	3,280454E-3	2,014062E+3	2,564131E+0	2,014062E+3	-2,806476E-2	2,014062E+3	2,373270E+0	2,014062E+3	-2,370955E-2	2,014062E+3	2,357286E+0	2,014062E+3	4,691784E-2
2,015625E+3	2,368284E+0	2,015625E+3	8,363650E-3	2,015625E+3	2,569055E+0	2,015625E+3	-2,204001E-2	2,015625E+3	2,384835E+0	2,015625E+3	-2,106637E-2	2,015625E+3	2,340060E+0	2,015625E+3	5,655620E-2
2,017187E+3	2,394858E+0	2,017187E+3	1,277165E-2	2,017187E+3	2,567331E+0	2,017187E+3	-1,533746E-2	2,017187E+3	2,405351E+0	2,017187E+3	-1,961048E-2	2,017187E+3	2,330954E+0	2,017187E+3	6,591818E-2
2,018750E+3	2,412503E+0	2,018750E+3	1,924836E-2	2,018750E+3	2,558562E+0	2,018750E+3	-7,474716E-3	2,018750E+3	2,421723E+0	2,018750E+3	-1,520575E-2	2,018750E+3	2,315114E+0	2,018750E+3	7,619507E-2
2,020312E+3	2,444737E+0	2,020312E+3	2,352084E-2	2,020312E+3	2,522899E+0	2,020312E+3	-5,286753E-2	2,020312E+3	2,436627E+0	2,020312E+3	-1,063647E-2	2,020312E+3	2,303258E+0	2,020312E+3	8,570799E-2
2,021875E+3	2,466110E+0	2,021875E+3	3,036166E-2	2,021875E+3	2,460938E+0	2,021875E+3	-1,169019E-1	2,021875E+3	2,447659E+0	2,021875E+3	-3,441188E-3	2,021875E+3	2,284795E+0	2,021875E+3	9,606453E-2
2,023437E+3	2,504864E+0	2,023437E+3	3,464770E-2	2,023437E+3	2,450455E+0	2,023437E+3	-1,049411E-1	2,023437E+3	2,454794E+0	2,023437E+3	1,569083E-3	2,023437E+3	2,270404E+0	2,023437E+3	1,060937E-1
2,025000E+3	2,530038E+0	2,025000E+3	4,214312E-2	2,025000E+3	2,431886E+0	2,025000E+3	-9,130755E-2	2,025000E+3	2,458630E+0	2,025000E+3	8,530164E-3	2,025000E+3	2,249667E+0	2,025000E+3	1,167160E-1
2,026562E+3	2,545106E+0	2,026562E+3	4,988637E-2	2,026562E+3	2,414940E+0	2,026562E+3	-7,926716E-2	2,026562E+3	2,461813E+0	2,026562E+3	1,269629E-2	2,026562E+3	2,233689E+0	2,026562E+3	1,257870E-1
2,028125E+3	2,548747E+0	2,028125E+3	5,973532E-2	2,028125E+3	2,391121E+0	2,028125E+3	-6,619947E-2	2,028125E+3	2,461836E+0	2,028125E+3	1,856868E-2	2,028125E+3	2,211523E+0	2,028125E+3	1,355958E-1
2,029687E+3	2,538473E+0	2,029687E+3	6,833645E-2	2,029687E+3	2,373598E+0	2,029687E+3	-5,595425E-2	2,029687E+3	2,467950E+0	2,029687E+3	2,314733E-2	2,029687E+3	2,240527E+0	2,029687E+3	1,002529E-1
2,031250E+3	2,520986E+0	2,031250E+3	7,786134E-2	2,031250E+3	2,349224E+0	2,031250E+3	-4,444034E-2	2,031250E+3	2,469914E+0	2,031250E+3	2,995213E-2	2,031250E+3	2,264085E+0	2,031250E+3	5,089450E-2
2,032812E+3	2,393787E+0	2,032812E+3	5,193593E-2	2,032812E+3	2,343033E+0	2,032812E+3	-3,712825E-2	2,032812E+3	2,483888E+0	2,032812E+3	3,484202E-2	2,032812E+3	2,284753E+0	2,032812E+3	4,229525E-2
2,034375E+3	2,242526E+0	2,034375E+3	2,467549E-2	2,034375E+3	2,326167E+0	2,034375E+3	-2,689053E-2	2,034375E+3	2,491531E+0	2,034375E+3	4,326902E-2	2,034375E+3	2,290183E+0	2,034375E+3	4,208776E-2
2,035937E+3	2,216767E+0	2,035937E+3	3,064249E-2	2,035937E+3	2,319255E+0	2,035937E+3	-1,939872E-2	2,035937E+3	2,505941E+0	2,035937E+3	4,996390E-2	2,035937E+3	2,354458E+0	2,035937E+3	1,396604E-2
2,037500E+3	2,183898E+0	2,037500E+3	3,854207E-2	2,037500E+3	2,300303E+0	2,037500E+3	-8,424782E-3	2,037500E+3	2,512972E+0	2,037500E+3	6,056264E-2	2,037500E+3	2,403846E+0	2,037500E+3	-2,671949E-3
2,039062E+3	2,180650E+0	2,039062E+3	4,607885E-2	2,039062E+3	2,286858E+0	2,039062E+3	7,253253E-5	2,039062E+3	2,523611E+0	2,039062E+3	6,621701E-2	2,039062E+3	2,410217E+0	2,039062E+3	-7,765985E-3
2,040625E+3	2,165981E+0	2,040625E+3	5,617217E-2	2,040625E+3	2,262292E+0	2,040625E+3	1,169084E-2	2,040625E+3	2,526575E+0	2,040625E+3	7,563471E-2	2,040625E+3	2,397954E+0	2,040625E+3	1,434135E-2
2,042187E+3	2,162096E+0	2,042187E+3	6,184176E-2	2,042187E+3	2,249610E+0	2,042187E+3	1,859333E-2	2,042187E+3	2,535820E+0	2,042187E+3	8,034564E-2	2,042187E+3	2,387265E+0	2,042187E+3	8,275031E-3
2,043750E+3	2,145663E+0	2,043750E+3	7,074129E-2	2,043750E+3	2,223924E+0	2,043750E+3	3,039887E-2	2,043750E+3	2,536356E+0	2,043750E+3	8,952275E-2	2,043750E+3	2,371546E+0	2,043750E+3	4,144202E-2
2,045312E+3	2,131271E+0	2,045312E+3	7,613021E-2	2,045312E+3	2,260653E+0	2,045312E+3	4,257599E-3	2,045312E+3	2,553728E+0	2,045312E+3	8,996477E-2	2,045312E+3	2,340001E+0	2,045312E+3	4,648748E-2
2,046875E+3	2,106222E+0	2,046875E+3	8,462039E-2	2,046875E+3	2,285424E+0	2,046875E+3	-1,557105E-2	2,046875E+3	2,557915E+0	2,046875E+3	9,903847E-2	2,046875E+3	2,317558E+0	2,046875E+3	7,707570E-2
2,048437E+3	2,098570E+0	2,048437E+3	9,009575E-2	2,048437E+3	2,281739E+0	2,048437E+3	-2,110754E-2	2,048437E+3	2,579146E+0	2,048437E+3	9,619860E-2	2,048437E+3	2,277014E+0	2,048437E+3	8,962882E-2
2,050000E+3	2,077574E+0	2,050000E+3	9,950549E-2	2,050000E+3	2,262601E+0	2,050000E+3	-1,006739E-2	2,050000E+3	2,583689E+0	2,050000E+3	1,082260E-1	2,050000E+3	2,243827E+0	2,050000E+3	1,145664E-1
2,051562E+3	2,068306E+0	2,051562E+3	1,056698E-1	2,051562E+3	2,241819E+0	2,051562E+3	-1,483617E-2	2,051562E+3	2,595487E+0	2,051562E+3	1,074439E-1	2,051562E+3	2,207844E+0	2,051562E+3	1,271791E-1
2,053125E+3	2,043997E+0	2,053125E+3	1,165733E-1	2,053125E+3	2,213963E+0	2,053125E+3	-2,595128E-4	2,053125E+3	2,593974E+0	2,053125E+3	1,250785E-1	2,053125E+3	2,175095E+0	2,053125E+3	1,472758E-1
2,054687E+3	2,024977E+0	2,054687E+3	1,236885E-1	2,054687E+3	2,192956E+0	2,054687E+3	-6,311517E-3	2,054687E+3	2,597079E+0	2,054687E+3	1,250176E-1	2,054687E+3	2,143980E+0	2,054687E+3	1,592197E-1
2,056250E+3	1,992503E+0	2,056250E+3	1,353638E-1	2,056250E+3	2,174271E+0	2,056250E+3	7,394690E-3	2,056250E+3	2,593893E+0	2,056250E+3	1,472219E-1	2,056250E+3	2,112705E+0	2,056250E+3	1,762151E-1
2,057812E+3	1,976752E+0	2,057812E+3	1,412202E-1	2,057812E+3	2,159520E+0	2,057812E+3	4,036927E-3	2,057812E+3	2,590951E+0	2,057812E+3	1,476096E-1	2,057812E+3	2,109279E+0	2,057812E+3	1,843166E-1
2,059375E+3	1,945138E+0	2,059375E+3	1,541763E-1	2,059375E+3	2,152137E+0	2,059375E+3	1,714503E-2	2,059375E+3	2,591837E+0	2,059375E+3	1,703790E-1	2,059375E+3	2,101246E+0	2,059375E+3	1,996734E-1
2,060937E+3	1,927944E+0	2,060937E+3	1,577735E-1	2,060937E+3	2,135529E+0	2,060937E+3	1,892377E-2	2,060937E+3	2,586150E+0	2,060937E+3	1,680822E-1	2,060937E+3	2,096233E+0	2,060937E+3	2,108581E-1
2,062500E+3	1,894829E+0	2,062500E+3	1,715281E-1	2,062500E+3	2,124423E+0	2,062500E+3	3,063036E-2	2,062500E+3	2,589706E+0	2,062500E+3	1,812018E-1	2,062500E+3	2,085549E+0	2,062500E+3	2,302372E-1
2,064062E+3	1,875170E+0	2,064062E+3	1,709564E-1	2,064062E+3	2,103877E+0	2,064062E+3	3,479342E-2	2,064062E+3	2,582858E+0	2,064062E+3	1,801966E-1	2,064062E+3	2,052135E+0	2,064062E+3	2,481171E-1
2,065625E+3	1,842045E+0	2,065625E+3	1,860009E-1	2,065625E+3	2,085716E+0	2,065625E+3	4,447074E-2	2,065625E+3	2,583883E+0	2,065625E+3	1,885311E-1	2,065625E+3	2,014429E+0	2,065625E+3	2,706082E-1
2,067187E+3	1,816189E+0	2,067187E+3	1,836101E-1	2,067187E+3	2,067793E+0	2,067187E+3	4,765650E-2	2,067187E+3	2,577237E+0	2,067187E+3	1,938171E-1	2,067187E+3	1,988915E+0	2,067187E+3	2,800979E-1
2,068750E+3	1,785172E+0	2,068750E+3	1,979781E-1	2,068750E+3	2,048970E+0	2,068750E+3	5,433439E-2	2,068750E+3	2,576944E+0	2,068750E+3	2,063128E-1	2,068750E+3	1,957477E+0	2,068750E+3	2,933136E-1
2,070312E+3	1,757813E+0	2,070312E+3	2,001172E-1	2,070312E+3	2,036362E+0	2,070312E+3	5,654528E-2	2,070312E+3	2,575756E+0	2,070312E+3	2,133368E-1	2,070312E+3	1,870685E+0	2,070312E+3	4,367585E-1
2,071875E+3	1,730991E+0	2,071875E+3	2,163557E-1	2,071875E+3	2,020774E+0	2,071875E+3	6,221427E-2	2,071875E+3	2,581324E+0	2,071875E+3	2,281573E-1	2,071875E+3	1,728144E+0	2,071875E+3	7,042374E-1
2,073437E+3	1,705333E+0	2,073437E+3	2,219040E-1	2,073437E+3	2,000426E+0	2,073437E+3	6,643288E-2	2,073437E+3	2,574817E+0	2,073437E+3	2,355247E-1	2,073437E+3	1,525072E+0	2,073437E+3	8,507268E-1
2,075000E+3	1,681518E+0	2,075000E+3	2,396053E-1	2,075000E+3	1,977191E+0	2,075000E+3	7,351215E-2	2,075000E+3	2,571700E+0	2,075000E+3	2,477112E-1	2,075000E+3	1,279073E+0	2,075000E+3	1,037150E+0
2,076562E+3	1,652771E+0	2,076562E+3	2,487305E-1	2,076562E+3	1,953075E+0	2,076562E+3	7,936376E-2	2,076562E+3	2,561480E+0	2,076562E+3	2,554214E-1	2,076562E+3	1,227561E+0	2,076562E+3	1,006169E+0
2,078125E+3	1,624523E+0	2,078125E+3	2,648336E-1	2,078125E+3	1,925981E+0	2,078125E+3	8,772456E-2	2,078125E+3	2,553046E+0	2,078125E+3	2,666774E-1	2,078125E+3	1,178683E+0	2,078125E+3	9,761985E-1
2,079687E+3	1,592244E+0	2,079687E+3	2,723806E-1	2,079687E+3	1,899685E+0	2,079687E+3	9,411091E-2	2,079687E+3	2,544161E+0	2,079687E+3	2,737417E-1	2,079687E+3	1,145117E+0	2,079687E+3	9,600859E-1
2,081250E+3	1,560008E+0	2,081250E+3	2,835871E-1	2,081250E+3	1,870221E+0	2,081250E+3	1,026034E-1	2,081250E+3	2,536525E+0	2,081250E+3	2,844838E-1	2,081250E+3	1,109678E+0	2,081250E+3	9,424979E-1
2,082812E+3	1,529554E+0	2,082812E+3	2,931015E-1	2,082812E+3	1,849178E+0	2,082812E+3	1,066291E-1	2,082812E+3	2,529297E+0	2,082812E+3	2,924620E-1	2,082812E+3	1,082668E+0	2,082812E+3	9,297573E-1
2,084375E+3	1,497708E+0	2,084375E+3	3,057395E-1	2,084375E+3	1,823572E+0	2,084375E+3	1,126032E-1	2,084375E+3	2,522768E+0	2,084375E+3	3,045605E-1	2,084375E+3	1,052997E+0	2,084375E+3	9,150608E-1
2,085937E+3	1,468275E+0	2,085937E+3	3,172262E-1	2,085937E+3	1,811072E+0	2,085937E+3	1,126527E-1	2,085937E+3	2,511649E+0	2,085937E+3	3,123430E-1	2,085937E+3	1,031693E+0	2,085937E+3	9,109386E-1
2,087500E+3	1,435345E+0	2,087500E+3	3,314864E-1	2,087500E+3	1,792137E+0	2,087500E+3	1,152846E-1	2,087500E+3	2,500217E+0	2,087500E+3	3,237569E-1	2,087500E+3	1,006054E+0	2,087500E+3	9,033779E-1
2,089062E+3	1,405549E+0	2,089062E+3	3,406251E-1	2,089062E+3	1,772866E+0	2,089062E+3	1,156469E-1	2,089062E+3	2,487444E+0	2,089062E+3	3,290174E-1	2,089062E+3	9,831086E-1	2,089062E+3	9,041777E-1
2,090625E+3	1,371505E+0	2,090625E+3	3,514361E-1	2,090625E+3	1,748910E+0	2,090625E+3	1,180252E-1	2,090625E+3	2,473224E+0	2,090625E+3	3,375707E-1	2,090625E+3	9,559085E-1	2,090625E+3	9,011533E-1
2,092187E+3	1,289430E+0	2,092187E+3	4,481659E-1	2,092187E+3	1,729516E+0	2,092187E+3	1,162884E-1	2,092187E+3	2,459242E+0	2,092187E+3	3,418933E-1	2,092187E+3	9,487613E-1	2,092187E+3	9,377055E-1
2,093750E+3	1,166677E+0	2,093750E+3	6,010537E-1	2,093750E+3	1,705718E+0	2,093750E+3	1,166774E-1	2,093750E+3	2,443212E+0	2,093750E+3	3,495042E-1	2,093750E+3	9,262199E-1	2,093750E+3	9,666103E-1
2,095312E+3	1,151141E+0	2,095312E+3	6,003982E-1	2,095312E+3	1,428644E+0	2,095312E+3	2,352404E-1	2,095312E+3	2,445363E+0	2,095312E+3	4,009666E-1	2,095312E+3	8,850925E-1	2,095312E+3	1,031823E+0
2,096875E+3	1,129731E+0	2,096875E+3	5,945446E-1	2,096875E+3	8,562123E-1	2,096875E+3	5,252055E-1	2,096875E+3	2,441783E+0	2,096875E+3	4,804019E-1	2,096875E+3	8,366411E-1	2,096875E+3	1,093105E+0
2,098437E+3	1,116479E+0	2,098437E+3	5,947668E-1	2,098437E+3	7,785628E-1	2,098437E+3	5,913251E-1	2,098437E+3	2,399462E+0	2,098437E+3	5,029470E-1	2,098437E+3	7,849504E-1	2,098437E+3	1,262373E+0
2,100000E+3	1,095090E+0	2,100000E+3	5,894163E-1	2,100000E+3	6,978926E-1	2,100000E+3	6,564499E-1	2,100000E+3	2,347229E+0	2,100000E+3	5,294510E-1	2,100000E+3	7,278654E-1	2,100000E+3	1,420487E+0
2,101562E+3	1,080746E+0	2,101562E+3	5,852442E-1	2,101562E+3	6,474939E-1	2,101562E+3	7,337514E-1	2,101562E+3	2,326354E+0	2,101562E+3	5,234853E-1	2,101562E+3	7,156793E-1	2,101562E+3	1,381878E+0
2,103125E+3	1,057969E+0	2,103125E+3	5,767927E-1	2,103125E+3	5,856002E-1	2,103125E+3	7,956303E-1	2,103125E+3	2,301531E+0	2,103125E+3	5,223059E-1	2,103125E+3	6,961426E-1	2,103125E+3	1,344188E+0
2,104687E+3	1,048160E+0	2,104687E+3	5,708363E-1	2,104687E+3	5,648096E-1	2,104687E+3	8,512117E-1	2,104687E+3	2,281191E+0	2,104687E+3	5,172515E-1	2,104687E+3	6,843969E-1	2,104687E+3	1,310599E+0
2,106250E+3	1,025956E+0	2,106250E+3	5,633996E-1	2,106250E+3	5,223461E-1	2,106250E+3	8,921918E-1	2,106250E+3	2,257057E+0	2,106250E+3	5,173919E-1	2,106250E+3	6,635402E-1	2,106250E+3	1,275706E+0
2,107812E+3	1,018902E+0	2,107812E+3	5,523150E-1	2,107812E+3	5,154052E-1	2,107812E+3	9,202049E-1	2,107812E+3	2,240153E+0	2,107812E+3	5,120768E-1	2,107812E+3	6,848692E-1	2,107812E+3	1,260462E+0
2,109375E+3	9,977045E-1	2,109375E+3	5,466878E-1	2,109375E+3	4,800472E-1	2,109375E+3	9,471442E-1	2,109375E+3	2,219018E+0	2,109375E+3	5,135609E-1	2,109375E+3	6,724124E-1	2,109375E+3	1,259050E+0
2,110937E+3	6,783514E-1	2,110937E+3	1,015976E+0	2,110937E+3	4,773357E-1	2,110937E+3	9,555905E-1	2,110937E+3	2,122974E+0	2,110937E+3	5,789037E-1	2,110937E+3	7,197932E-1	2,110937E+3	1,257997E+0
2,112500E+3	4,750509E-1	2,112500E+3	1,582136E+0	2,112500E+3	4,522062E-1	2,112500E+3	9,764800E-1	2,112500E+3	2,000284E+0	2,112500E+3	6,668042E-1	2,112500E+3	7,192106E-1	2,112500E+3	1,332380E+0
2,114062E+3	4,691433E-1	2,114062E+3	1,586118E+0	2,114062E+3	4,467814E-1	2,114062E+3	9,745219E-1	2,114062E+3	1,980515E+0	2,114062E+3	6,545334E-1	2,114062E+3	7,163663E-1	2,114062E+3	1,307894E+0
2,115625E+3	4,498079E-1	2,115625E+3	1,609949E+0	2,115625E+3	4,290164E-1	2,115625E+3	9,878344E-1	2,115625E+3	1,958400E+0	2,115625E+3	6,504507E-1	2,115625E+3	7,078957E-1	2,115625E+3	1,302610E+0
2,117187E+3	4,444758E-1	2,117187E+3	1,607221E+0	2,117187E+3	4,248915E-1	2,117187E+3	9,799387E-1	2,117187E+3	1,939775E+0	2,117187E+3	6,382734E-1	2,117187E+3	6,958152E-1	2,117187E+3	1,264592E+0
2,118750E+3	4,311698E-1	2,118750E+3	1,623273E+0	2,118750E+3	4,146943E-1	2,118750E+3	9,848932E-1	2,118750E+3	1,920485E+0	2,118750E+3	6,354219E-1	2,118750E+3	6,839570E-1	2,118750E+3	1,235119E+0
2,120312E+3	4,296957E-1	2,120312E+3	1,626388E+0	2,120312E+3	4,117142E-1	2,120312E+3	9,757647E-1	2,120312E+3	1,899400E+0	2,120312E+3	6,257915E-1	2,120312E+3	6,684021E-1	2,120312E+3	1,194922E+0
2,121875E+3	4,214338E-1	2,121875E+3	1,652219E+0	2,121875E+3	4,054060E-1	2,121875E+3	9,784851E-1	2,121875E+3	1,879296E+0	2,121875E+3	6,239622E-1	2,121875E+3	6,542717E-1	2,121875E+3	1,159888E+0
2,123437E+3	4,159086E-1	2,123437E+3	1,643297E+0	2,123437E+3	4,018940E-1	2,123437E+3	9,671005E-1	2,123437E+3	1,855839E+0	2,123437E+3	6,164433E-1	2,123437E+3	6,410126E-1	2,123437E+3	1,127658E+0
2,125000E+3	4,072854E-1	2,125000E+3	1,648892E+0	2,125000E+3	3,964203E-1	2,125000E+3	9,652075E-1	2,125000E+3	1,834410E+0	2,125000E+3	6,154464E-1	2,125000E+3	6,289360E-1	2,125000E+3	1,099347E+0
2,126562E+3	4,006084E-1	2,126562E+3	1,630815E+0	2,126562E+3	3,926523E-1	2,126562E+3	9,517585E-1	2,126562E+3	1,812188E+0	2,126562E+3	6,109178E-1	2,126562E+3	6,152900E-1	2,126562E+3	1,090433E+0
2,128125E+3	3,926948E-1	2,128125E+3	1,622678E+0	2,128125E+3	3,876885E-1	2,128125E+3	9,458425E-1	2,128125E+3	1,793337E+0	2,128125E+3	6,140514E-1	2,128125E+3	6,022441E-1	2,128125E+3	1,084451E+0
2,129687E+3	3,863097E-1	2,129687E+3	1,602452E+0	2,129687E+3	3,859612E-1	2,129687E+3	9,367941E-1	2,129687E+3	1,676168E+0	2,129687E+3	6,642483E-1	2,129687E+3	5,949523E-1	2,129687E+3	1,205292E+0
2,131250E+3	3,792632E-1	2,131250E+3	1,590363E+0	2,131250E+3	3,831967E-1	2,131250E+3	9,362566E-1	2,131250E+3	1,556610E+0	2,131250E+3	7,243901E-1	2,131250E+3	5,977512E-1	2,131250E+3	1,354047E+0
2,132812E+3	3,757086E-1	2,132812E+3	1,573150E+0	2,132812E+3	3,832804E-1	2,132812E+3	9,241090E-1	2,132812E+3	1,544793E+0	2,132812E+3	7,145013E-1	2,132812E+3	6,167823E-1	2,132812E+3	1,373769E+0
2,134375E+3	3,717572E-1	2,134375E+3	1,563809E+0	2,134375E+3	3,830839E-1	2,134375E+3	9,188682E-1	2,134375E+3	1,536034E+0	2,134375E+3	7,095277E-1	2,134375E+3	6,435017E-1	2,134375E+3	1,415338E+0
2,135937E+3	3,711634E-1	2,135937E+3	1,554530E+0	2,135937E+3	3,829325E-1	2,135937E+3	8,984951E-1	2,135937E+3	1,522699E+0	2,135937E+3	7,004374E-1	2,135937E+3	6,544856E-1	2,135937E+3	1,412227E+0
2,137500E+3	3,705544E-1	2,137500E+3	1,554408E+0	2,137500E+3	3,830311E-1	2,137500E+3	8,824576E-1	2,137500E+3	1,512279E+0	2,137500E+3	6,948919E-1	2,137500E+3	6,690278E-1	2,137500E+3	1,420715E+0
2,139062E+3	3,678628E-1	2,139062E+3	1,539446E+0	2,139062E+3	3,820591E-1	2,139062E+3	8,591332E-1	2,139062E+3	1,498572E+0	2,139062E+3	6,873224E-1	2,139062E+3	6,714130E-1	2,139062E+3	1,401338E+0
2,140625E+3	3,653203E-1	2,140625E+3	1,531228E+0	2,140625E+3	3,815013E-1	2,140625E+3	8,389750E-1	2,140625E+3	1,487788E+0	2,140625E+3	6,828036E-1	2,140625E+3	6,760722E-1	2,140625E+3	1,388166E+0
2,142187E+3	3,622146E-1	2,142187E+3	1,508832E+0	2,142187E+3	3,837236E-1	2,142187E+3	8,188857E-1	2,142187E+3	1,475938E+0	2,142187E+3	6,776006E-1	2,142187E+3	6,713946E-1	2,142187E+3	1,358272E+0
2,143750E+3	3,593072E-1	2,143750E+3	1,491275E+0	2,143750E+3	3,864592E-1	2,143750E+3	8,018710E-1	2,143750E+3	1,467234E+0	2,143750E+3	6,754340E-1	2,143750E+3	6,683453E-1	2,143750E+3	1,332374E+0
2,145312E+3	3,559483E-1	2,145312E+3	1,467492E+0	2,145312E+3	3,854893E-1	2,145312E+3	7,891747E-1	2,145312E+3	1,447624E+0	2,145312E+3	6,734064E-1	2,145312E+3	7,096481E-1	2,145312E+3	1,319918E+0
2,146875E+3	3,528961E-1	2,146875E+3	1,447774E+0	2,146875E+3	3,848359E-1	2,146875E+3	7,785589E-1	2,146875E+3	1,430713E+0	2,146875E+3	6,735587E-1	2,146875E+3	7,669223E-1	2,146875E+3	1,303943E+0
2,148437E+3	3,505129E-1	2,148437E+3	1,423050E+0	2,148437E+3	3,697711E-1	2,148437E+3	8,083062E-1	2,148437E+3	1,399772E+0	2,148437E+3	6,781569E-1	2,148437E+3	7,742322E-1	2,148437E+3	1,268908E+0
2,150000E+3	3,485660E-1	2,150000E+3	1,401852E+0	2,150000E+3	3,564658E-1	2,150000E+3	8,373779E-1	2,150000E+3	1,371159E+0	2,150000E+3	6,844472E-1	2,150000E+3	7,850373E-1	2,150000E+3	1,236467E+0
2,151562E+3	3,482779E-1	2,151562E+3	1,378327E+0	2,151562E+3	3,810373E-1	2,151562E+3	9,053697E-1	2,151562E+3	1,342474E+0	2,151562E+3	6,876859E-1	2,151562E+3	1,358855E+0	2,151562E+3	1,468920E+0
2,153125E+3	3,485275E-1	2,153125E+3	1,358115E+0	2,153125E+3	4,296863E-1	2,153125E+3	1,027795E+0	2,153125E+3	1,315732E+0	2,153125E+3	6,921552E-1	2,153125E+3	2,202145E+0	2,153125E+3	-9,164876E-1
2,154687E+3	3,926187E-1	2,154687E+3	1,450464E+0	2,154687E+3	4,278366E-1	2,154687E+3	9,862726E-1	2,154687E+3	1,379696E+0	2,154687E+3	7,047667E-1	2,154687E+3	2,363132E+0	2,154687E+3	-1,015939E+0
2,156250E+3	4,797359E-1	2,156250E+3	1,648081E+0	2,156250E+3	4,273446E-1	2,156250E+3	9,472025E-1	2,156250E+3	1,495774E+0	2,156250E+3	7,380234E-1	2,156250E+3	2,575993E+0	2,156250E+3	-1,147142E+0
2,157812E+3	4,382502E-1	2,157812E+3	1,725857E+0	2,157812E+3	4,215126E-1	2,157812E+3	8,930342E-1	2,157812E+3	1,469001E+0	2,157812E+3	7,281758E-1	2,157812E+3	2,940820E+0	2,157812E+3	-1,318214E+0
2,159375E+3	4,019551E-1	2,159375E+3	1,778793E+0	2,159375E+3	4,176048E-1	2,159375E+3	8,424568E-1	2,159375E+3	1,444644E+0	2,159375E+3	7,188492E-1	2,159375E+3	3,565421E+0	2,159375E+3	-1,572271E+0
2,160937E+3	3,841743E-1	2,160937E+3	1,709591E+0	2,160937E+3	4,153060E-1	2,160937E+3	7,916322E-1	2,160937E+3	1,522564E+0	2,160937E+3	7,771837E-1	2,160937E+3	5,180692E+0	2,160937E+3	-1,847453E+0
2,162500E+3	3,686244E-1	2,162500E+3	1,646300E+0	2,162500E+3	4,147586E-1	2,162500E+3	7,440225E-1	2,162500E+3	1,625491E+0	2,162500E+3	8,893091E-1	2,162500E+3	8,492508E+0	2,162500E+3	3,747902E+0
2,164062E+3	3,330562E-1	2,164062E+3	1,639741E+0	2,164062E+3	6,148704E-1	2,164062E+3	7,580880E-1	2,164062E+3	1,586894E+0	2,164062E+3	8,715994E-1	2,164062E+3	3,041229E+0	2,164062E+3	3,687836E+0
2,165625E+3	2,926473E-1	2,165625E+3	1,632977E+0	2,165625E+3	1,480660E+0	2,165625E+3	8,292197E-1	2,165625E+3	1,551781E+0	2,165625E+3	8,549871E-1	2,165625E+3	2,090605E+0	2,165625E+3	2,853413E+0
2,167187E+3	4,700875E-1	2,167187E+3	1,906201E+0	2,167187E+3	1,598596E+0	2,167187E+3	8,133644E-1	2,167187E+3	1,517890E+0	2,167187E+3	8,380458E-1	2,167187E+3	2,351355E+0	2,167187E+3	2,926448E+0
2,168750E+3	1,829504E+0	2,168750E+3	2,829342E+0	2,168750E+3	1,756167E+0	2,168750E+3	8,214556E-1	2,168750E+3	1,486926E+0	2,168750E+3	8,220670E-1	2,168750E+3	2,576465E+0	2,168750E+3	2,746623E+0
2,170312E+3	1,996463E+0	2,170312E+3	2,923828E+0	2,170312E+3	1,838269E+0	2,170312E+3	7,676829E-1	2,170312E+3	1,912806E+0	2,170312E+3	8,418104E-1	2,170312E+3	2,996707E+0	2,170312E+3	2,822798E+0
2,171875E+3	2,270500E+0	2,171875E+3	3,067947E+0	2,171875E+3	1,945829E+0	2,171875E+3	7,208459E-1	2,171875E+3	3,062001E+0	2,171875E+3	4,337683E-1	2,171875E+3	3,703977E+0	2,171875E+3	2,835094E+0
2,173437E+3	2,318665E+0	2,173437E+3	3,190051E+0	2,173437E+3	1,962530E+0	2,173437E+3	7,137688E-1	2,173437E+3	3,183806E+0	2,173437E+3	4,440938E-1	2,173437E+3	3,017749E+0	2,173437E+3	4,080339E+0
2,175000E+3	2,412233E+0	2,175000E+3	3,377865E+0	2,175000E+3	1,990616E+0	2,175000E+3	7,149359E-1	2,175000E+3	3,348490E+0	2,175000E+3	4,560529E-1	2,175000E+3	2,431815E+0	2,175000E+3	4,497288E+0
2,176562E+3	2,211930E+0	2,176562E+3	3,470691E+0	2,176562E+3	1,953692E+0	2,176562E+3	7,234331E-1	2,176562E+3	3,399213E+0	2,176562E+3	5,430402E-1	2,176562E+3	2,118067E+0	2,176562E+3	4,464759E+0
2,178125E+3	2,009583E+0	2,178125E+3	3,560604E+0	2,178125E+3	1,926610E+0	2,178125E+3	7,312271E-1	2,178125E+3	3,463845E+0	2,178125E+3	6,430314E-1	2,178125E+3	1,841377E+0	2,178125E+3	4,409067E+0
2,179687E+3	1,668731E+0	2,179687E+3	3,424673E+0	2,179687E+3	1,876464E+0	2,179687E+3	6,953484E-1	2,179687E+3	3,408374E+0	2,179687E+3	7,998949E-1	2,179687E+3	1,549816E+0	2,179687E+3	4,143698E+0
2,181250E+3	1,406309E+0	2,181250E+3	3,271027E+0	2,181250E+3	1,840898E+0	2,181250E+3	6,646565E-1	2,181250E+3	3,341801E+0	2,181250E+3	9,507809E-1	2,181250E+3	1,336152E+0	2,181250E+3	3,907287E+0
2,182812E+3	1,184485E+0	2,182812E+3	2,996698E+0	2,182812E+3	1,794913E+0	2,182812E+3	6,163871E-1	2,182812E+3	3,199716E+0	2,182812E+3	1,034902E+0	2,182812E+3	1,097155E+0	2,182812E+3	3,631373E+0
2,184375E+3	1,032014E+0	2,184375E+3	2,765234E+0	2,184375E+3	1,761134E+0	2,184375E+3	5,755956E-1	2,184375E+3	3,068377E+0	2,184375E+3	1,100666E+0	2,184375E+3	9,274837E-1	2,184375E+3	3,390164E+0
2,185937E+3	9,257552E-1	2,185937E+3	2,514359E+0	2,185937E+3	1,732360E+0	2,185937E+3	5,322616E-1	2,185937E+3	2,906246E+0	2,185937E+3	1,139523E+0	2,185937E+3	8,750277E-1	2,185937E+3	3,382726E+0
2,187500E+3	8,507110E-1	2,187500E+3	2,308641E+0	2,187500E+3	1,711130E+0	2,187500E+3	4,958214E-1	2,187500E+3	2,763418E+0	2,187500E+3	1,163442E+0	2,187500E+3	7,820114E-1	2,187500E+3	3,320713E+0
2,189062E+3	7,896122E-1	2,189062E+3	2,114071E+0	2,189062E+3	3,941011E-1	2,189062E+3	1,286323E+0	2,189062E+3	2,621996E+0	2,189062E+3	1,142876E+0	2,189062E+3	7,141630E-1	2,189062E+3	3,151812E+0
2,190625E+3	7,447511E-1	2,190625E+3	1,950108E+0	2,190625E+3	2,203678E-1	2,190625E+3	1,706352E+0	2,190625E+3	2,501135E+0	2,190625E+3	1,120523E+0	2,190625E+3	6,560335E-1	2,190625E+3	3,004712E+0
2,192187E+3	7,167718E-1	2,192187E+3	1,793613E+0	2,192187E+3	2,126663E-1	2,192187E+3	1,638952E+0	2,192187E+3	2,387632E+0	2,192187E+3	1,093424E+0	2,192187E+3	6,215897E-1	2,192187E+3	2,871391E+0
2,193750E+3	6,961353E-1	2,193750E+3	1,658513E+0	2,193750E+3	2,060485E-1	2,193750E+3	1,576205E+0	2,193750E+3	2,289545E+0	2,193750E+3	1,066775E+0	2,193750E+3	5,879264E-1	2,193750E+3	2,753173E+0
2,195312E+3	3,502154E-1	2,195312E+3	2,113440E+0	2,195312E+3	2,011628E-1	2,195312E+3	1,515503E+0	2,195312E+3	2,201645E+0	2,195312E+3	1,037950E+0	2,195312E+3	5,615009E-1	2,195312E+3	2,666439E+0
2,196875E+3	2,674134E-1	2,196875E+3	2,210584E+0	2,196875E+3	1,968721E-1	2,196875E+3	1,458613E+0	2,196875E+3	2,124682E+0	2,196875E+3	1,010569E+0	2,196875E+3	5,307384E-1	2,196875E+3	2,585918E+0
2,198437E+3	2,594621E-1	2,198437E+3	2,131741E+0	2,198437E+3	1,965214E-1	2,198437E+3	1,402793E+0	2,198437E+3	2,053619E+0	2,198437E+3	9,750742E-1	2,198437E+3	5,181141E-1	2,198437E+3	2,519133E+0
2,200000E+3	2,521455E-1	2,200000E+3	2,058826E+0	2,200000E+3	1,963562E-1	2,200000E+3	1,350221E+0	2,200000E+3	1,990840E+0	2,200000E+3	9,422298E-1	2,200000E+3	4,962995E-1	2,200000E+3	2,456159E+0
2,201562E+3	2,442087E-1	2,201562E+3	1,989857E+0	2,201562E+3	1,952882E-1	2,201562E+3	1,300434E+0	2,201562E+3	1,560874E+0	2,201562E+3	9,563628E-1	2,201562E+3	4,850815E-1	2,201562E+3	2,400633E+0
2,203125E+3	2,369127E-1	2,203125E+3	1,925587E+0	2,203125E+3	1,944137E-1	2,203125E+3	1,253225E+0	2,203125E+3	1,252538E+0	2,203125E+3	9,901652E-1	2,203125E+3	4,645775E-1	2,203125E+3	2,348672E+0
2,204687E+3	2,319666E-1	2,204687E+3	1,861924E+0	2,204687E+3	2,905162E-1	2,204687E+3	1,615565E+0	2,204687E+3	1,221683E+0	2,204687E+3	9,643264E-1	2,204687E+3	4,562191E-1	2,204687E+3	2,297863E+0
2,206250E+3	2,273314E-1	2,206250E+3	1,802410E+0	2,206250E+3	3,052399E+0	2,206250E+3	-5,902775E+0	2,206250E+3	1,193644E+0	2,206250E+3	9,396632E-1	2,206250E+3	4,388511E-1	2,206250E+3	2,251799E+0
2,207812E+3	3,424101E-1	2,207812E+3	2,328381E+0	2,207812E+3	1,111921E-1	2,207812E+3	-4,404417E+0	2,207812E+3	1,087480E+0	2,207812E+3	8,873089E-1	2,207812E+3	4,317417E-1	2,207812E+3	2,203404E+0
2,209375E+3	6,086586E-1	2,209375E+3	8,885974E+0	2,209375E+3	2,662344E-1	2,209375E+3	3,288252E+0	2,209375E+3	9,909148E-1	2,209375E+3	8,425666E-1	2,209375E+3	4,172440E-1	2,209375E+3	2,160962E+0
2,210937E+3	6,202975E-1	2,210937E+3	5,424116E+0	2,210937E+3	3,454725E-1	2,210937E+3	2,710646E+0	2,210937E+3	1,429493E+0	2,210937E+3	1,061135E+0	2,210937E+3	4,107778E-1	2,210937E+3	2,116880E+0
2,212500E+3	5,331930E-1	2,212500E+3	4,232617E+0	2,212500E+3	3,639050E-1	2,212500E+3	2,345156E+0	2,212500E+3	3,385021E+0	2,212500E+3	3,346610E+0	2,212500E+3	3,980122E-1	2,212500E+3	2,079315E+0
2,214062E+3	4,677567E-1	2,214062E+3	3,596329E+0	2,214062E+3	3,656871E-1	2,214062E+3	2,095761E+0	2,214062E+3	2,902643E+0	2,214062E+3	2,534765E+0	2,214062E+3	4,631772E-1	2,214062E+3	2,393914E+0
2,215625E+3	4,235091E-1	2,215625E+3	3,173172E+0	2,215625E+3	3,599061E-1	2,215625E+3	1,907094E+0	2,215625E+3	2,575897E+0	2,215625E+3	2,099636E+0	2,215625E+3	5,038452E-1	2,215625E+3	2,876884E+0
2,217187E+3	3,905182E-1	2,217187E+3	2,872368E+0	2,217187E+3	3,467522E-1	2,217187E+3	1,773541E+0	2,217187E+3	2,347977E+0	2,217187E+3	1,839392E+0	2,217187E+3	4,943873E-1	2,217187E+3	2,779219E+0
2,218750E+3	3,649147E-1	2,218750E+3	2,638662E+0	2,218750E+3	3,345292E-1	2,218750E+3	1,662548E+0	2,218750E+3	2,177591E+0	2,218750E+3	1,652120E+0	2,218750E+3	4,796640E-1	2,218750E+3	2,697809E+0
2,220312E+3	3,471438E-1	2,220312E+3	2,452593E+0	2,220312E+3	3,202367E-1	2,220312E+3	1,580896E+0	2,220312E+3	2,043726E+0	2,220312E+3	1,502656E+0	2,220312E+3	4,706518E-1	2,220312E+3	2,617487E+0
2,221875E+3	3,324723E-1	2,221875E+3	2,297490E+0	2,221875E+3	3,071954E-1	2,221875E+3	1,508390E+0	2,221875E+3	1,935588E+0	2,221875E+3	1,383933E+0	2,221875E+3	4,582705E-1	2,221875E+3	2,549159E+0
2,223437E+3	3,182414E-1	2,223437E+3	2,170929E+0	2,223437E+3	2,362758E-1	2,223437E+3	2,067175E+0	2,223437E+3	1,845824E+0	2,223437E+3	1,301085E+0	2,223437E+3	4,508766E-1	2,223437E+3	2,481320E+0
2,225000E+3	3,060401E-1	2,225000E+3	2,060540E+0	2,225000E+3	1,706274E-1	2,225000E+3	2,084301E+0	2,225000E+3	1,770605E+0	2,225000E+3	1,230633E+0	2,225000E+3	4,410182E-1	2,225000E+3	2,422951E+0
2,226562E+3	2,944794E-1	2,226562E+3	1,966880E+0	2,226562E+3	1,644334E-1	2,226562E+3	2,006871E+0	2,226562E+3	1,700732E+0	2,226562E+3	1,166210E+0	2,226562E+3	4,338423E-1	2,226562E+3	2,365626E+0
2,228125E+3	2,841403E-1	2,228125E+3	1,882723E+0	2,228125E+3	1,578814E-1	2,228125E+3	1,934421E+0	2,228125E+3	1,640532E+0	2,228125E+3	1,109806E+0	2,228125E+3	4,250885E-1	2,228125E+3	2,315645E+0
2,229687E+3	2,750244E-1	2,229687E+3	1,810974E+0	2,229687E+3	1,537628E-1	2,229687E+3	1,868327E+0	2,229687E+3	7,662888E-1	2,229687E+3	1,373065E+0	2,229687E+3	4,184120E-1	2,229687E+3	2,264766E+0
2,231250E+3	2,665709E-1	2,231250E+3	1,744920E+0	2,231250E+3	1,486944E-1	2,231250E+3	1,805758E+0	2,231250E+3	5,143975E-1	2,231250E+3	1,486597E+0	2,231250E+3	4,106270E-1	2,231250E+3	2,219898E+0
2,232812E+3	2,591531E-1	2,232812E+3	1,689256E+0	2,232812E+3	1,450745E-1	2,232812E+3	1,751580E+0	2,232812E+3	5,012266E-1	2,232812E+3	1,436520E+0	2,232812E+3	4,048686E-1	2,232812E+3	2,175966E+0
2,234375E+3	2,519218E-1	2,234375E+3	1,636735E+0	2,234375E+3	1,396627E-1	2,234375E+3	1,699331E+0	2,234375E+3	4,891081E-1	2,234375E+3	1,388851E+0	2,234375E+3	3,982149E-1	2,234375E+3	2,137119E+0
2,235937E+3	2,398705E-1	2,235937E+3	1,839091E+0	2,235937E+3	1,386426E-1	2,235937E+3	1,657559E+0	2,235937E+3	4,772230E-1	2,235937E+3	1,346122E+0	2,235937E+3	3,930305E-1	2,235937E+3	2,098718E+0
2,237500E+3	1,894027E-1	2,237500E+3	1,846203E+0	2,237500E+3	1,328919E-1	2,237500E+3	1,616018E+0	2,237500E+3	4,661179E-1	2,237500E+3	1,304947E+0	2,237500E+3	3,871724E-1	2,237500E+3	2,064578E+0
2,239062E+3	1,886771E-1	2,239062E+3	1,814386E+0	2,239062E+3	1,370494E-1	2,239062E+3	1,590825E+0	2,239062E+3	4,547619E-1	2,239062E+3	1,269643E+0	2,239062E+3	3,830898E-1	2,239062E+3	2,030074E+0
2,240625E+3	1,812356E-1	2,240625E+3	1,781390E+0	2,240625E+3	1,275579E-1	2,240625E+3	1,565548E+0	2,240625E+3	4,439240E-1	2,240625E+3	1,235011E+0	2,240625E+3	3,784494E-1	2,240625E+3	1,999264E+0
2,242187E+3	1,819039E-1	2,242187E+3	1,758176E+0	2,242187E+3	1,345091E-1	2,242187E+3	1,549821E+0	2,242187E+3	4,316600E-1	2,242187E+3	1,210358E+0	2,242187E+3	3,758863E-1	2,242187E+3	1,974066E+0
2,243750E+3	1,719429E-1	2,243750E+3	1,734174E+0	2,243750E+3	1,207614E-1	2,243750E+3	1,541460E+0	2,243750E+3	4,193814E-1	2,243750E+3	1,184748E+0	2,243750E+3	3,726398E-1	2,243750E+3	1,952427E+0
2,245312E+3	1,721960E-1	2,245312E+3	1,711524E+0	2,245312E+3	1,230769E-1	2,245312E+3	1,525257E+0	2,245312E+3	4,026762E-1	2,245312E+3	1,182296E+0	2,245312E+3	3,691362E-1	2,245312E+3	1,925730E+0
2,246875E+3	1,628304E-1	2,246875E+3	1,691305E+0	2,246875E+3	1,125574E-1	2,246875E+3	1,519767E+0	2,246875E+3	3,843033E-1	2,246875E+3	1,173326E+0	2,246875E+3	3,652231E-1	2,246875E+3	1,901819E+0
2,248437E+3	1,627233E-1	2,248437E+3	1,669063E+0	2,248437E+3	1,114363E-1	2,248437E+3	1,495939E+0	2,248437E+3	3,705021E-1	2,248437E+3	1,175976E+0	2,248437E+3	3,816195E-1	2,248437E+3	1,973755E+0
2,250000E+3	1,556049E-1	2,250000E+3	1,651123E+0	2,250000E+3	1,063255E-1	2,250000E+3	1,478221E+0	2,250000E+3	3,531127E-1	2,250000E+3	1,171200E+0	2,250000E+3	3,920161E-1	2,250000E+3	2,079720E+0
2,251562E+3	1,757850E-1	2,251562E+3	1,729930E+0	2,251562E+3	1,044709E-1	2,251562E+3	1,452785E+0	2,251562E+3	3,639811E-1	2,251562E+3	1,220296E+0	2,251562E+3	4,300520E-1	2,251562E+3	2,203833E+0
2,253125E+3	1,895754E-1	2,253125E+3	1,820678E+0	2,253125E+3	1,006435E-1	2,253125E+3	1,431680E+0	2,253125E+3	3,685453E-1	2,253125E+3	1,266862E+0	2,253125E+3	4,524194E-1	2,253125E+3	2,334390E+0
2,254687E+3	1,892709E-1	2,254687E+3	1,790736E+0	2,254687E+3	1,173320E-1	2,254687E+3	1,507246E+0	2,254687E+3	3,606213E-1	2,254687E+3	1,265957E+0	2,254687E+3	4,603847E-1	2,254687E+3	2,310057E+0
2,256250E+3	1,860762E-1	2,256250E+3	1,765207E+0	2,256250E+3	1,310685E-1	2,256250E+3	1,592155E+0	2,256250E+3	3,455203E-1	2,256250E+3	1,259903E+0	2,256250E+3	4,681447E-1	2,256250E+3	2,289487E+0
2,257812E+3	1,858563E-1	2,257812E+3	1,741358E+0	2,257812E+3	1,306097E-1	2,257812E+3	1,569757E+0	2,257812E+3	3,394109E-1	2,257812E+3	1,258764E+0	2,257812E+3	4,764230E-1	2,257812E+3	2,265259E+0
2,259375E+3	1,832090E-1	2,259375E+3	1,721598E+0	2,259375E+3	1,287899E-1	2,259375E+3	1,550913E+0	2,259375E+3	3,248825E-1	2,259375E+3	1,254424E+0	2,259375E+3	4,846912E-1	2,259375E+3	2,244105E+0
2,260937E+3	1,833655E-1	2,260937E+3	1,703353E+0	2,260937E+3	1,282969E-1	2,260937E+3	1,533635E+0	2,260937E+3	3,198520E-1	2,260937E+3	1,249351E+0	2,260937E+3	4,832932E-1	2,260937E+3	2,208498E+0
2,262500E+3	1,811723E-1	2,262500E+3	1,689179E+0	2,262500E+3	1,266465E-1	2,262500E+3	1,519566E+0	2,262500E+3	3,080077E-1	2,262500E+3	1,243598E+0	2,262500E+3	4,818712E-1	2,262500E+3	2,175246E+0
2,264062E+3	1,805286E-1	2,264062E+3	1,670930E+0	2,264062E+3	1,275584E-1	2,264062E+3	1,509313E+0	2,264062E+3	3,036233E-1	2,264062E+3	1,235122E+0	2,264062E+3	4,805385E-1	2,264062E+3	2,141827E+0
2,265625E+3	1,784902E-1	2,265625E+3	1,655466E+0	2,265625E+3	1,272099E-1	2,265625E+3	1,502842E+0	2,265625E+3	2,939748E-1	2,265625E+3	1,227298E+0	2,265625E+3	4,791484E-1	2,265625E+3	2,110418E+0
2,267187E+3	1,780790E-1	2,267187E+3	1,636322E+0	2,267187E+3	1,279914E-1	2,267187E+3	1,495886E+0	2,267187E+3	2,894977E-1	2,267187E+3	1,220006E+0	2,267187E+3	4,791260E-1	2,267187E+3	2,082969E+0
2,268750E+3	1,768369E-1	2,268750E+3	1,619148E+0	2,268750E+3	1,279500E-1	2,268750E+3	1,492111E+0	2,268750E+3	2,804822E-1	2,268750E+3	1,214069E+0	2,268750E+3	4,789760E-1	2,268750E+3	2,057177E+0
2,270312E+3	1,767942E-1	2,270312E+3	1,601464E+0	2,270312E+3	1,282364E-1	2,270312E+3	1,480284E+0	2,270312E+3	2,771081E-1	2,270312E+3	1,205829E+0	2,270312E+3	4,808650E-1	2,270312E+3	2,033023E+0
2,271875E+3	1,760805E-1	2,271875E+3	1,585413E+0	2,271875E+3	1,280036E-1	2,271875E+3	1,470328E+0	2,271875E+3	2,700282E-1	2,271875E+3	1,199537E+0	2,271875E+3	4,825551E-1	2,271875E+3	2,010359E+0
2,273437E+3	1,763707E-1	2,273437E+3	1,570462E+0	2,273437E+3	1,280183E-1	2,273437E+3	1,458426E+0	2,273437E+3	2,662417E-1	2,273437E+3	1,191990E+0	2,273437E+3	4,535971E-1	2,273437E+3	2,023551E+0
2,275000E+3	1,760266E-1	2,275000E+3	1,556992E+0	2,275000E+3	1,276161E-1	2,275000E+3	1,447960E+0	2,275000E+3	2,595812E-1	2,275000E+3	1,186433E+0	2,275000E+3	4,261996E-1	2,275000E+3	2,033432E+0
2,276562E+3	1,535962E-1	2,276562E+3	1,561339E+0	2,276562E+3	1,057934E-1	2,276562E+3	1,449282E+0	2,276562E+3	2,560361E-1	2,276562E+3	1,177737E+0	2,276562E+3	4,295869E-1	2,276562E+3	2,007299E+0
2,278125E+3	1,317917E-1	2,278125E+3	1,565784E+0	2,278125E+3	8,498422E-2	2,278125E+3	1,450671E+0	2,278125E+3	2,503424E-1	2,278125E+3	1,170830E+0	2,278125E+3	4,326766E-1	2,278125E+3	1,982479E+0
2,279687E+3	1,335407E-1	2,279687E+3	1,556227E+0	2,279687E+3	8,795317E-2	2,279687E+3	1,441379E+0	2,279687E+3	2,467780E-1	2,279687E+3	1,163805E+0	2,279687E+3	4,361606E-1	2,279687E+3	1,960716E+0
2,281250E+3	1,344355E-1	2,281250E+3	1,548380E+0	2,281250E+3	9,036005E-2	2,281250E+3	1,433584E+0	2,281250E+3	2,412717E-1	2,281250E+3	1,158547E+0	2,281250E+3	4,393463E-1	2,281250E+3	1,940039E+0
2,282812E+3	1,417995E-1	2,282812E+3	1,625942E+0	2,282812E+3	9,049654E-2	2,282812E+3	1,519106E+0	2,282812E+3	2,378786E-1	2,282812E+3	1,153479E+0	2,282812E+3	4,435250E-1	2,282812E+3	1,918891E+0
2,284375E+3	1,393396E-1	2,284375E+3	1,738789E+0	2,284375E+3	8,082700E-2	2,284375E+3	1,642584E+0	2,284375E+3	2,328475E-1	2,284375E+3	1,150100E+0	2,284375E+3	4,472772E-1	2,284375E+3	1,898733E+0
2,285937E+3	1,425127E-1	2,285937E+3	1,726138E+0	2,285937E+3	8,420200E-2	2,285937E+3	1,632132E+0	2,285937E+3	2,304764E-1	2,285937E+3	1,146848E+0	2,285937E+3	4,508788E-1	2,285937E+3	1,880939E+0
2,287500E+3	1,451141E-1	2,287500E+3	1,713841E+0	2,287500E+3	8,719201E-2	2,287500E+3	1,622022E+0	2,287500E+3	2,267177E-1	2,287500E+3	1,145134E+0	2,287500E+3	4,540072E-1	2,287500E+3	1,863886E+0
2,289062E+3	1,497386E-1	2,289062E+3	1,709815E+0	2,289062E+3	9,057035E-2	2,289062E+3	1,615350E+0	2,289062E+3	2,236492E-1	2,289062E+3	1,145110E+0	2,289062E+3	4,632785E-1	2,289062E+3	1,852795E+0
2,290625E+3	1,537005E-1	2,290625E+3	1,705930E+0	2,290625E+3	9,354159E-2	2,290625E+3	1,608673E+0	2,290625E+3	2,193443E-1	2,290625E+3	1,146382E+0	2,290625E+3	4,719144E-1	2,290625E+3	1,842333E+0
2,292187E+3	1,602345E-1	2,292187E+3	1,706252E+0	2,292187E+3	9,976514E-2	2,292187E+3	1,605823E+0	2,292187E+3	2,213543E-1	2,292187E+3	1,146204E+0	2,292187E+3	4,846977E-1	2,292187E+3	1,840158E+0
2,293750E+3	1,657035E-1	2,293750E+3	1,706163E+0	2,293750E+3	1,052544E-1	2,293750E+3	1,602574E+0	2,293750E+3	2,222203E-1	2,293750E+3	1,146737E+0	2,293750E+3	4,967625E-1	2,293750E+3	1,838433E+0
2,295312E+3	1,737274E-1	2,295312E+3	1,715425E+0	2,295312E+3	1,089747E-1	2,295312E+3	1,607797E+0	2,295312E+3	3,024964E-1	2,295312E+3	1,462137E+0	2,295312E+3	5,120918E-1	2,295312E+3	1,838701E+0
2,296875E+3	1,800328E-1	2,296875E+3	1,723592E+0	2,296875E+3	1,119852E-1	2,296875E+3	1,612072E+0	2,296875E+3	2,829129E-1	2,296875E+3	1,753175E+0	2,296875E+3	5,257713E-1	2,296875E+3	1,839355E+0
2,298437E+3	1,910897E-1	2,298437E+3	1,742896E+0	2,298437E+3	1,218367E-1	2,298437E+3	1,632175E+0	2,298437E+3	3,005382E-1	2,298437E+3	1,867222E+0	2,298437E+3	5,459827E-1	2,298437E+3	1,847672E+0
2,300000E+3	1,989803E-1	2,300000E+3	1,759833E+0	2,300000E+3	1,305052E-1	2,300000E+3	1,651299E+0	2,300000E+3	3,106489E-1	2,300000E+3	2,034026E+0	2,300000E+3	5,628519E-1	2,300000E+3	1,856576E+0
2,301562E+3	5,065446E-1	2,301562E+3	2,274364E+0	2,301562E+3	1,417843E-1	2,301562E+3	1,679045E+0	2,301562E+3	3,095860E-1	2,301562E+3	2,005040E+0	2,301562E+3	5,947898E-1	2,301562E+3	1,884243E+0
2,303125E+3	2,775098E-1	2,303125E+3	2,608601E+0	2,303125E+3	1,511254E-1	2,303125E+3	1,704221E+0	2,303125E+3	3,079489E-1	2,303125E+3	1,978081E+0	2,303125E+3	6,203526E-1	2,303125E+3	1,913563E+0
2,304687E+3	2,821252E-1	2,304687E+3	2,572217E+0	2,304687E+3	1,654285E-1	2,304687E+3	1,743430E+0	2,304687E+3	3,104628E-1	2,304687E+3	1,958299E+0	2,304687E+3	8,023156E-1	2,304687E+3	2,164660E+0
2,306250E+3	2,843706E-1	2,306250E+3	2,537842E+0	2,306250E+3	1,761216E-1	2,306250E+3	1,777908E+0	2,306250E+3	3,123637E-1	2,306250E+3	1,940142E+0	2,306250E+3	7,831731E-1	2,306250E+3	2,496736E+0
2,307812E+3	2,940956E-1	2,307812E+3	2,519659E+0	2,307812E+3	7,437281E-1	2,307812E+3	2,635779E+0	2,307812E+3	3,119310E-1	2,307812E+3	1,913069E+0	2,307812E+3	8,202495E-1	2,307812E+3	2,511456E+0
2,309375E+3	3,012421E-1	2,309375E+3	2,503168E+0	2,309375E+3	2,686131E-1	2,309375E+3	2,923416E+0	2,309375E+3	3,109127E-1	2,309375E+3	1,887210E+0	2,309375E+3	8,539363E-1	2,309375E+3	2,530615E+0
2,310937E+3	3,166949E-1	2,310937E+3	2,499966E+0	2,310937E+3	3,005941E-1	2,310937E+3	2,957140E+0	2,310937E+3	3,099119E-1	2,310937E+3	1,860800E+0	2,310937E+3	8,896595E-1	2,310937E+3	2,544847E+0
2,312500E+3	3,298404E-1	2,312500E+3	2,498849E+0	2,312500E+3	3,323381E-1	2,312500E+3	2,997337E+0	2,312500E+3	3,082546E-1	2,312500E+3	1,835427E+0	2,312500E+3	9,220620E-1	2,312500E+3	2,564135E+0
2,314062E+3	3,406702E-1	2,314062E+3	2,481671E+0	2,314062E+3	4,228218E-1	2,314062E+3	3,151623E+0	2,314062E+3	3,066938E-1	2,314062E+3	1,810077E+0	2,314062E+3	9,616570E-1	2,314062E+3	2,587415E+0
2,315625E+3	3,488010E-1	2,315625E+3	2,466596E+0	2,315625E+3	5,427426E-1	2,315625E+3	3,340798E+0	2,315625E+3	3,044403E-1	2,315625E+3	1,785673E+0	2,315625E+3	9,965419E-1	2,315625E+3	2,620978E+0
2,317187E+3	3,561302E-1	2,317187E+3	2,449901E+0	2,317187E+3	4,837370E-1	2,317187E+3	3,180768E+0	2,317187E+3	3,022968E-1	2,317187E+3	1,765037E+0	2,317187E+3	1,062037E+0	2,317187E+3	2,668072E+0
2,318750E+3	3,585836E-1	2,318750E+3	2,436836E+0	2,318750E+3	4,314535E-1	2,318750E+3	3,041468E+0	2,318750E+3	2,994235E-1	2,318750E+3	1,745223E+0	2,318750E+3	1,125218E+0	2,318750E+3	2,735576E+0
2,320312E+3	4,125786E-1	2,320312E+3	2,504255E+0	2,320312E+3	3,916781E-1	2,320312E+3	2,907299E+0	2,320312E+3	4,342125E-1	2,320312E+3	1,988053E+0	2,320312E+3	1,191972E+0	2,320312E+3	2,769609E+0
2,321875E+3	4,241769E-1	2,321875E+3	2,647189E+0	2,321875E+3	3,556637E-1	2,321875E+3	2,789425E+0	2,321875E+3	4,108861E-1	2,321875E+3	2,214047E+0	2,321875E+3	1,260419E+0	2,321875E+3	2,817209E+0
2,323437E+3	4,764849E-1	2,323437E+3	2,711195E+0	2,323437E+3	3,277055E-1	2,323437E+3	2,681654E+0	2,323437E+3	4,478689E-1	2,323437E+3	2,268545E+0	2,323437E+3	1,286393E+0	2,323437E+3	2,826110E+0
2,325000E+3	5,289295E-1	2,325000E+3	2,806413E+0	2,325000E+3	3,015151E-1	2,325000E+3	2,585654E+0	2,325000E+3	4,765076E-1	2,325000E+3	2,327990E+0	2,325000E+3	1,310821E+0	2,325000E+3	2,846162E+0
2,326562E+3	1,239379E+0	2,326562E+3	3,396390E+0	2,326562E+3	2,804796E-1	2,326562E+3	2,495731E+0	2,326562E+3	5,278888E-1	2,326562E+3	2,384251E+0	2,326562E+3	1,307916E+0	2,326562E+3	2,836900E+0
2,328125E+3	3,062751E+0	2,328125E+3	3,117595E+0	2,328125E+3	2,602861E-1	2,328125E+3	2,414938E+0	2,328125E+3	5,621287E-1	2,328125E+3	2,450046E+0	2,328125E+3	1,303810E+0	2,328125E+3	2,835610E+0
2,329687E+3	2,936879E+0	2,329687E+3	3,215437E+0	2,329687E+3	2,443032E-1	2,329687E+3	2,345868E+0	2,329687E+3	8,646562E-1	2,329687E+3	2,728789E+0	2,329687E+3	1,301932E+0	2,329687E+3	2,833976E+0
2,331250E+3	2,873835E+0	2,331250E+3	3,310566E+0	2,331250E+3	2,272348E-1	2,331250E+3	2,285377E+0	2,331250E+3	1,400266E+0	2,331250E+3	3,050563E+0	2,331250E+3	1,298287E+0	2,331250E+3	2,839999E+0
2,332812E+3	2,685683E+0	2,332812E+3	3,403041E+0	2,332812E+3	2,241136E-1	2,332812E+3	2,263026E+0	2,332812E+3	1,330711E+0	2,332812E+3	3,003136E+0	2,332812E+3	1,328556E+0	2,332812E+3	2,840740E+0
2,334375E+3	2,532044E+0	2,334375E+3	3,482912E+0	2,334375E+3	2,083278E-1	2,334375E+3	2,270698E+0	2,334375E+3	1,246796E+0	2,334375E+3	3,008697E+0	2,334375E+3	1,358690E+0	2,334375E+3	2,846490E+0
2,335937E+3	2,338210E+0	2,335937E+3	3,532406E+0	2,335937E+3	2,001505E-1	2,335937E+3	2,240187E+0	2,335937E+3	1,172671E+0	2,335937E+3	2,951476E+0	2,335937E+3	1,698713E+0	2,335937E+3	2,922172E+0
2,337500E+3	2,176415E+0	2,337500E+3	3,574025E+0	2,337500E+3	1,861460E-1	2,337500E+3	2,228636E+0	2,337500E+3	1,096664E+0	2,337500E+3	2,935491E+0	2,337500E+3	2,125771E+0	2,337500E+3	2,916977E+0
2,339062E+3	1,996494E+0	2,339062E+3	3,583030E+0	2,339062E+3	1,403525E+0	2,339062E+3	3,727084E+0	2,339062E+3	1,036433E+0	2,339062E+3	2,882858E+0	2,339062E+3	2,387320E+0	2,339062E+3	2,838023E+0
2,340625E+3	1,847722E+0	2,340625E+3	3,592844E+0	2,340625E+3	2,936143E+0	2,340625E+3	6,618438E-1	2,340625E+3	9,791156E-1	2,340625E+3	2,866847E+0	2,340625E+3	2,651517E+0	2,340625E+3	2,707626E+0
2,342187E+3	1,698557E+0	2,342187E+3	3,565480E+0	2,342187E+3	2,743281E+0	2,342187E+3	5,549745E-1	2,342187E+3	9,224861E-1	2,342187E+3	2,812969E+0	2,342187E+3	2,923366E+0	2,342187E+3	2,908527E+0
2,343750E+3	1,577951E+0	2,343750E+3	3,548544E+0	2,343750E+3	2,577270E+0	2,343750E+3	4,684524E-1	2,343750E+3	8,712254E-1	2,343750E+3	2,785321E+0	2,343750E+3	3,330746E+0	2,343750E+3	3,262230E+0
2,345312E+3	1,663371E+0	2,345312E+3	3,966506E+0	2,345312E+3	2,475356E+0	2,345312E+3	4,272975E-1	2,345312E+3	8,255273E-1	2,345312E+3	2,736310E+0	2,345312E+3	3,331259E+0	2,345312E+3	3,256361E+0
2,346875E+3	1,771481E+0	2,346875E+3	5,345490E+0	2,346875E+3	2,382211E+0	2,346875E+3	3,890513E-1	2,346875E+3	7,841634E-1	2,346875E+3	2,710343E+0	2,346875E+3	3,333632E+0	2,346875E+3	3,257961E+0
2,348437E+3	1,337106E+0	2,348437E+3	4,997343E+0	2,348437E+3	2,320032E+0	2,348437E+3	3,686135E-1	2,348437E+3	7,395605E-1	2,348437E+3	2,663350E+0	2,348437E+3	3,423911E+0	2,348437E+3	3,180786E+0
2,350000E+3	1,043376E+0	2,350000E+3	4,688381E+0	2,350000E+3	2,260869E+0	2,350000E+3	3,471752E-1	2,350000E+3	6,983497E-1	2,350000E+3	2,633832E+0	2,350000E+3	3,512485E+0	2,350000E+3	3,105628E+0
2,351562E+3	8,136698E-1	2,351562E+3	4,376202E+0	2,351562E+3	2,224993E+0	2,351562E+3	3,417433E-1	2,351562E+3	6,547653E-1	2,351562E+3	2,580408E+0	2,351562E+3	3,700844E+0	2,351562E+3	2,910808E+0
2,353125E+3	6,523633E-1	2,353125E+3	4,115162E+0	2,353125E+3	2,190020E+0	2,353125E+3	3,344143E-1	2,353125E+3	6,147090E-1	2,353125E+3	2,540313E+0	2,353125E+3	3,861611E+0	2,353125E+3	2,698423E+0
2,354687E+3	5,136113E-1	2,354687E+3	3,869343E+0	2,354687E+3	2,170059E+0	2,354687E+3	3,379060E-1	2,354687E+3	2,866805E+0	2,354687E+3	1,008555E+0	2,354687E+3	3,987266E+0	2,354687E+3	2,553433E+0
2,356250E+3	4,113018E-1	2,356250E+3	3,662840E+0	2,356250E+3	2,150195E+0	2,356250E+3	3,395274E-1	2,356250E+3	1,838875E+0	2,356250E+3	2,091411E-1	2,356250E+3	4,106676E+0	2,356250E+3	2,404294E+0
2,357812E+3	2,814934E+0	2,357812E+3	3,236260E-1	2,357812E+3	2,147993E+0	2,357812E+3	3,027625E-1	2,357812E+3	1,833493E+0	2,357812E+3	2,119702E-1	2,357812E+3	4,147150E+0	2,357812E+3	2,252152E+0
2,359375E+3	1,816250E+0	2,359375E+3	1,089005E-1	2,359375E+3	2,143543E+0	2,359375E+3	2,471143E-1	2,359375E+3	1,827945E+0	2,359375E+3	2,131278E-1	2,359375E+3	4,180959E+0	2,359375E+3	2,109988E+0
2,360937E+3	1,814710E+0	2,360937E+3	1,106965E-1	2,360937E+3	2,152206E+0	2,360937E+3	2,531789E-1	2,360937E+3	1,830938E+0	2,360937E+3	2,174905E-1	2,360937E+3	4,155651E+0	2,360937E+3	1,876897E+0
2,362500E+3	1,813392E+0	2,362500E+3	1,121960E-1	2,362500E+3	2,161404E+0	2,362500E+3	2,591650E-1	2,362500E+3	1,833680E+0	2,362500E+3	2,201282E-1	2,362500E+3	4,115263E+0	2,362500E+3	1,674340E+0
2,364062E+3	1,820174E+0	2,364062E+3	1,155483E-1	2,364062E+3	2,176475E+0	2,364062E+3	2,706380E-1	2,364062E+3	1,843627E+0	2,364062E+3	2,252929E-1	2,364062E+3	4,082553E+0	2,364062E+3	1,546802E+0
2,365625E+3	1,827253E+0	2,365625E+3	1,187644E-1	2,365625E+3	2,192227E+0	2,365625E+3	2,822892E-1	2,365625E+3	1,853678E+0	2,365625E+3	2,290821E-1	2,365625E+3	4,051258E+0	2,365625E+3	1,435046E+0
2,367187E+3	1,841801E+0	2,367187E+3	1,236267E-1	2,367187E+3	2,211586E+0	2,367187E+3	2,936132E-1	2,367187E+3	1,891825E+0	2,367187E+3	1,992929E-1	2,367187E+3	4,079668E+0	2,367187E+3	1,432696E+0
2,368750E+3	1,856911E+0	2,368750E+3	1,285103E-1	2,368750E+3	2,231889E+0	2,368750E+3	3,052370E-1	2,368750E+3	1,935303E+0	2,368750E+3	1,530599E-1	2,368750E+3	4,116016E+0	2,368750E+3	1,437193E+0
2,370312E+3	1,876154E+0	2,370312E+3	1,328294E-1	2,370312E+3	2,254828E+0	2,370312E+3	3,170328E-1	2,370312E+3	1,959485E+0	2,370312E+3	1,626760E-1	2,370312E+3	4,166603E+0	2,370312E+3	1,458951E+0
2,371875E+3	1,896276E+0	2,371875E+3	1,372630E-1	2,371875E+3	2,278931E+0	2,371875E+3	3,292682E-1	2,371875E+3	1,984926E+0	2,371875E+3	1,728166E-1	2,371875E+3	4,226923E+0	2,371875E+3	1,490112E+0
2,373437E+3	1,918634E+0	2,373437E+3	1,443969E-1	2,373437E+3	2,308027E+0	2,373437E+3	3,434243E-1	2,373437E+3	2,011014E+0	2,373437E+3	1,844105E-1	2,373437E+3	4,225150E+0	2,373437E+3	1,406633E+0
2,375000E+3	1,942086E+0	2,375000E+3	1,519462E-1	2,375000E+3	2,338814E+0	2,375000E+3	3,584866E-1	2,375000E+3	2,038510E+0	2,375000E+3	1,968149E-1	2,375000E+3	4,229272E+0	2,375000E+3	1,334913E+0
2,376562E+3	1,967905E+0	2,376562E+3	1,595701E-1	2,376562E+3	2,376604E+0	2,376562E+3	3,762946E-1	2,376562E+3	2,067221E+0	2,376562E+3	2,082564E-1	2,376562E+3	3,503621E+0	2,376562E+3	4,683325E-1
2,378125E+3	1,995116E+0	2,378125E+3	1,676947E-1	2,378125E+3	2,416942E+0	2,378125E+3	3,957137E-1	2,378125E+3	2,097596E+0	2,378125E+3	2,204759E-1	2,378125E+3	2,995886E+0	2,378125E+3	1,667691E-1
2,379687E+3	2,027613E+0	2,379687E+3	1,718820E-1	2,379687E+3	2,463092E+0	2,379687E+3	4,151005E-1	2,379687E+3	2,129298E+0	2,379687E+3	2,314369E-1	2,379687E+3	3,082939E+0	2,379687E+3	1,596206E-1
2,381250E+3	2,062130E+0	2,381250E+3	1,762324E-1	2,381250E+3	2,512848E+0	2,381250E+3	4,366188E-1	2,381250E+3	2,162993E+0	2,381250E+3	2,431385E-1	2,381250E+3	3,182378E+0	2,381250E+3	1,515508E-1
2,382812E+3	2,121515E+0	2,382812E+3	1,817840E-1	2,382812E+3	2,131244E+0	2,382812E+3	2,623776E-1	2,382812E+3	2,204606E+0	2,382812E+3	2,537664E-1	2,382812E+3	3,310410E+0	2,382812E+3	2,027091E-1
2,384375E+3	2,186503E+0	2,384375E+3	1,876852E-1	2,384375E+3	1,893498E+0	2,384375E+3	1,814523E-1	2,384375E+3	2,249268E+0	2,384375E+3	2,650241E-1	2,384375E+3	3,456979E+0	2,384375E+3	2,692517E-1
2,385937E+3	2,230859E+0	2,385937E+3	1,945737E-1	2,385937E+3	1,939670E+0	2,385937E+3	1,976314E-1	2,385937E+3	2,296410E+0	2,385937E+3	2,735553E-1	2,385937E+3	3,612358E+0	2,385937E+3	3,720309E-1
2,387500E+3	2,278593E+0	2,387500E+3	2,022352E-1	2,387500E+3	1,989376E+0	2,387500E+3	2,159339E-1	2,387500E+3	2,347319E+0	2,387500E+3	2,825305E-1	2,387500E+3	3,786248E+0	2,387500E+3	5,094105E-1
2,389062E+3	2,323890E+0	2,389062E+3	2,097255E-1	2,389062E+3	2,045667E+0	2,389062E+3	2,371727E-1	2,389062E+3	2,388570E+0	2,389062E+3	2,961079E-1	2,389062E+3	3,978387E+0	2,389062E+3	6,760553E-1
2,390625E+3	2,372796E+0	2,390625E+3	2,181046E-1	2,390625E+3	2,106706E+0	2,390625E+3	2,615958E-1	2,390625E+3	2,433060E+0	2,390625E+3	3,109482E-1	2,390625E+3	4,187316E+0	2,390625E+3	9,059257E-1
2,392187E+3	2,436568E+0	2,392187E+3	2,266883E-1	2,392187E+3	2,169004E+0	2,392187E+3	2,890767E-1	2,392187E+3	2,136907E+0	2,392187E+3	2,173373E-1	2,392187E+3	4,402762E+0	2,392187E+3	1,228974E+0
2,393750E+3	2,506402E+0	2,393750E+3	2,364185E-1	2,393750E+3	2,236786E+0	2,393750E+3	3,211249E-1	2,393750E+3	1,938928E+0	2,393750E+3	1,647069E-1	2,393750E+3	4,584395E+0	2,393750E+3	1,678521E+0
2,395312E+3	2,240649E+0	2,395312E+3	1,781505E-1	2,395312E+3	2,300085E+0	2,395312E+3	3,593854E-1	2,395312E+3	1,974626E+0	2,395312E+3	1,754256E-1	2,395312E+3	4,696817E+0	2,395312E+3	2,263047E+0
2,396875E+3	2,057184E+0	2,396875E+3	1,416090E-1	2,396875E+3	2,368455E+0	2,396875E+3	4,042681E-1	2,396875E+3	2,012902E+0	2,396875E+3	1,872796E-1	2,396875E+3	4,590977E+0	2,396875E+3	2,981504E+0
2,398437E+3	2,094394E+0	2,398437E+3	1,481050E-1	2,398437E+3	2,430816E+0	2,398437E+3	4,490960E-1	2,398437E+3	2,065679E+0	2,398437E+3	2,043825E-1	2,398437E+3	4,142397E+0	2,398437E+3	3,725927E+0
2,400000E+3	2,134228E+0	2,400000E+3	1,553352E-1	2,400000E+3	2,497853E+0	2,400000E+3	5,015203E-1	2,400000E+3	2,122939E+0	2,400000E+3	2,239589E-1	2,400000E+3	3,403157E+0	2,400000E+3	4,188595E+0
2,401562E+3	2,189728E+0	2,401562E+3	1,675659E-1	2,401562E+3	2,564839E+0	2,401562E+3	5,623610E-1	2,401562E+3	2,184260E+0	2,401562E+3	2,480463E-1	2,401562E+3	2,666642E+0	2,401562E+3	4,346074E+0
2,403125E+3	2,250092E+0	2,403125E+3	1,817719E-1	2,403125E+3	2,635764E+0	2,403125E+3	6,339123E-1	2,403125E+3	2,251192E+0	2,403125E+3	2,761773E-1	2,403125E+3	2,041080E+0	2,403125E+3	4,256914E+0
2,404687E+3	2,335088E+0	2,404687E+3	2,004335E-1	2,404687E+3	2,878668E+0	2,404687E+3	8,557861E-1	2,404687E+3	2,318249E+0	2,404687E+3	3,090842E-1	2,404687E+3	3,613115E+0	2,404687E+3	1,919816E-2
2,406250E+3	2,430128E+0	2,406250E+3	2,232687E-1	2,406250E+3	3,135917E+0	2,406250E+3	1,205373E+0	2,406250E+3	2,391569E+0	2,406250E+3	3,479834E-1	2,406250E+3	2,447701E+0	2,406250E+3	-2,325155E-1
2,407812E+3	2,565223E+0	2,407812E+3	2,570449E-1	2,407812E+3	3,146060E+0	2,407812E+3	1,320618E+0	2,407812E+3	2,473068E+0	2,407812E+3	3,892300E-1	2,407812E+3	2,500449E+0	2,407812E+3	-2,310621E-1
2,409375E+3	2,723300E+0	2,409375E+3	3,021474E-1	2,409375E+3	3,147397E+0	2,409375E+3	1,448236E+0	2,409375E+3	2,563069E+0	2,409375E+3	4,389067E-1	2,409375E+3	2,559377E+0	2,409375E+3	-2,290997E-1
2,410937E+3	2,862336E+0	2,410937E+3	3,474726E-1	2,410937E+3	3,154948E+0	2,410937E+3	1,543955E+0	2,410937E+3	2,668335E+0	2,410937E+3	5,038841E-1	2,410937E+3	2,632510E+0	2,410937E+3	-2,225917E-1
2,412500E+3	3,023629E+0	2,412500E+3	4,071839E-1	2,412500E+3	3,156702E+0	2,412500E+3	1,652015E+0	2,412500E+3	2,785181E+0	2,412500E+3	5,851418E-1	2,412500E+3	2,715096E+0	2,412500E+3	-2,142485E-1
2,414062E+3	3,226938E+0	2,414062E+3	4,961365E-1	2,414062E+3	3,131921E+0	2,414062E+3	1,769002E+0	2,414062E+3	2,907460E+0	2,414062E+3	6,798059E-1	2,414062E+3	2,820250E+0	2,414062E+3	-2,040585E-1
2,415625E+3	3,470776E+0	2,415625E+3	6,239866E-1	2,415625E+3	3,094621E+0	2,415625E+3	1,894867E+0	2,415625E+3	3,042158E+0	2,415625E+3	8,012996E-1	2,415625E+3	2,941806E+0	2,415625E+3	-1,899827E-1
2,417187E+3	3,867865E+0	2,417187E+3	8,435589E-1	2,417187E+3	3,501512E+0	2,417187E+3	1,827782E+0	2,417187E+3	3,220761E+0	2,417187E+3	9,620481E-1	2,417187E+3	3,098456E+0	2,417187E+3	-1,719278E-1
2,418750E+3	4,389729E+0	2,418750E+3	1,247999E+0	2,418750E+3	3,981725E+0	2,418750E+3	1,634817E+0	2,418750E+3	3,417059E+0	2,418750E+3	1,184412E+0	2,418750E+3	3,286733E+0	2,418750E+3	-1,448026E-1
2,420312E+3	4,956741E+0	2,420312E+3	1,967794E+0	2,420312E+3	2,177843E+0	2,420312E+3	4,324517E+0	2,420312E+3	3,689506E+0	2,420312E+3	1,605509E+0	2,420312E+3	3,545018E+0	2,420312E+3	-8,558181E-2
2,421875E+3	5,278906E+0	2,421875E+3	3,410612E+0	2,421875E+3	6,314463E-1	2,421875E+3	3,332135E+0	2,421875E+3	3,881163E+0	2,421875E+3	2,264553E+0	2,421875E+3	3,875172E+0	2,421875E+3	1,341800E-2
2,423437E+3	5,881993E+0	2,423437E+3	5,617893E+0	2,423437E+3	5,733428E-1	2,423437E+3	3,197510E+0	2,423437E+3	2,547705E+0	2,423437E+3	2,341203E-1	2,423437E+3	4,307207E+0	2,423437E+3	1,959899E-1
2,425000E+3	3,082220E+0	2,425000E+3	8,717411E+0	2,425000E+3	5,231890E-1	2,425000E+3	3,075096E+0	2,425000E+3	1,986972E+0	2,425000E+3	5,195422E-2	2,425000E+3	4,885461E+0	2,425000E+3	5,560837E-1
2,426562E+3	2,881435E+0	2,426562E+3	1,414167E-2	2,426562E+3	2,676230E+0	2,426562E+3	4,401661E-1	2,426562E+3	2,024595E+0	2,426562E+3	5,916898E-2	2,426562E+3	2,712325E+0	2,426562E+3	-1,476732E-1
2,428125E+3	2,095198E+0	2,428125E+3	-3,260550E-2	2,428125E+3	1,848460E+0	2,428125E+3	1,319025E-1	2,428125E+3	2,065577E+0	2,428125E+3	6,723654E-2	2,428125E+3	2,169053E+0	2,428125E+3	-1,938713E-1
2,429687E+3	2,144583E+0	2,429687E+3	-3,766153E-2	2,429687E+3	1,868204E+0	2,429687E+3	1,384344E-1	2,429687E+3	2,112471E+0	2,429687E+3	7,821970E-2	2,429687E+3	2,236047E+0	2,429687E+3	-1,844328E-1
2,431250E+3	2,198208E+0	2,431250E+3	-4,299283E-2	2,431250E+3	1,889711E+0	2,431250E+3	1,454695E-1	2,431250E+3	2,163771E+0	2,431250E+3	9,073376E-2	2,431250E+3	2,310895E+0	2,431250E+3	-1,726869E-1
2,432812E+3	2,264289E+0	2,432812E+3	-4,697014E-2	2,432812E+3	1,903860E+0	2,432812E+3	1,505973E-1	2,432812E+3	2,215305E+0	2,432812E+3	1,033249E-1	2,432812E+3	2,396119E+0	2,432812E+3	-1,631516E-1
2,434375E+3	2,337072E+0	2,434375E+3	-5,105636E-2	2,434375E+3	1,919891E+0	2,434375E+3	1,561239E-1	2,434375E+3	2,272128E+0	2,434375E+3	1,178503E-1	2,434375E+3	2,493254E+0	2,434375E+3	-1,504429E-1
2,435937E+3	2,415511E+0	2,435937E+3	-5,513644E-2	2,435937E+3	1,931859E+0	2,435937E+3	1,627970E-1	2,435937E+3	2,597465E+0	2,435937E+3	1,759764E-1	2,435937E+3	1,473390E+0	2,435937E+3	-1,255674E-1
2,437500E+3	2,503001E+0	2,437500E+3	-5,930707E-2	2,437500E+3	1,945849E+0	2,437500E+3	1,698643E-1	2,437500E+3	3,052407E+0	2,437500E+3	2,919675E-1	2,437500E+3	1,294060E+0	2,437500E+3	-1,540639E-1
2,439062E+3	2,600439E+0	2,439062E+3	-5,749604E-2	2,439062E+3	1,953661E+0	2,439062E+3	1,769283E-1	2,439062E+3	3,092600E+0	2,439062E+3	3,433340E-1	2,439062E+3	1,301290E+0	2,439062E+3	-1,512647E-1
2,440625E+3	2,711005E+0	2,440625E+3	-5,430899E-2	2,440625E+3	1,963774E+0	2,440625E+3	1,843528E-1	2,440625E+3	3,139462E+0	2,440625E+3	4,008976E-1	2,440625E+3	1,309545E+0	2,440625E+3	-1,487365E-1
2,442187E+3	2,813360E+0	2,442187E+3	-5,427049E-2	2,442187E+3	1,969586E+0	2,442187E+3	1,912138E-1	2,442187E+3	3,174921E+0	2,442187E+3	4,415043E-1	2,442187E+3	1,317929E+0	2,442187E+3	-1,454980E-1
2,443750E+3	2,930439E+0	2,443750E+3	-5,332803E-2	2,443750E+3	1,977963E+0	2,443750E+3	1,984534E-1	2,443750E+3	3,219290E+0	2,443750E+3	4,883582E-1	2,443750E+3	1,327517E+0	2,443750E+3	-1,425248E-1
2,445312E+3	3,031692E+0	2,445312E+3	-3,235640E-2	2,445312E+3	1,982894E+0	2,445312E+3	2,058659E-1	2,445312E+3	3,234913E+0	2,445312E+3	5,407405E-1	2,445312E+3	1,339064E+0	2,445312E+3	-1,377301E-1
2,446875E+3	3,147422E+0	2,446875E+3	-6,402481E-3	2,446875E+3	1,990645E+0	2,446875E+3	2,137295E-1	2,446875E+3	3,259040E+0	2,446875E+3	5,992277E-1	2,446875E+3	1,351848E+0	2,446875E+3	-1,331515E-1
2,448437E+3	3,223719E+0	2,448437E+3	1,861050E-3	2,448437E+3	1,994209E+0	2,448437E+3	2,199602E-1	2,448437E+3	3,216828E+0	2,448437E+3	6,500528E-1	2,448437E+3	1,363023E+0	2,448437E+3	-1,285780E-1
2,450000E+3	3,312794E+0	2,450000E+3	1,173836E-2	2,450000E+3	2,000901E+0	2,450000E+3	2,267350E-1	2,450000E+3	3,186297E+0	2,450000E+3	7,021179E-1	2,450000E+3	1,375520E+0	2,450000E+3	-1,243237E-1
2,451562E+3	3,337707E+0	2,451562E+3	3,716965E-2	2,451562E+3	2,004380E+0	2,451562E+3	2,427306E-1	2,451562E+3	3,093297E+0	2,451562E+3	6,921124E-1	2,451562E+3	1,385337E+0	2,451562E+3	-1,206427E-1
2,453125E+3	3,373256E+0	2,453125E+3	6,297709E-2	2,453125E+3	2,010779E+0	2,453125E+3	2,590599E-1	2,453125E+3	3,023955E+0	2,453125E+3	6,890575E-1	2,453125E+3	1,396605E+0	2,453125E+3	-1,173943E-1
2,454687E+3	3,306138E+0	2,454687E+3	8,314877E-2	2,454687E+3	2,285017E+0	2,454687E+3	3,751148E-1	2,454687E+3	2,866244E+0	2,454687E+3	6,343999E-1	2,454687E+3	1,407147E+0	2,454687E+3	-1,141016E-1
2,456250E+3	3,258267E+0	2,456250E+3	9,949593E-2	2,456250E+3	2,600425E+0	2,456250E+3	5,684691E-1	2,456250E+3	2,750724E+0	2,456250E+3	5,962953E-1	2,456250E+3	1,419263E+0	2,456250E+3	-1,112507E-1
2,457812E+3	1,202760E+0	2,457812E+3	2,322543E-2	2,457812E+3	2,570095E+0	2,457812E+3	5,659977E-1	2,457812E+3	9,940376E-1	2,457812E+3	9,913311E-2	2,457812E+3	1,433303E+0	2,457812E+3	-1,070372E-1
2,459375E+3	1,070035E+0	2,459375E+3	-2,824908E-2	2,459375E+3	2,550390E+0	2,459375E+3	5,671664E-1	2,459375E+3	1,030392E+0	2,459375E+3	1,266883E-2	2,459375E+3	1,449037E+0	2,459375E+3	-1,031502E-1
2,460937E+3	1,110275E+0	2,460937E+3	-2,551775E-2	2,460937E+3	2,503032E+0	2,460937E+3	5,455030E-1	2,460937E+3	1,032178E+0	2,460937E+3	1,341683E-2	2,460937E+3	1,283907E+0	2,460937E+3	-3,309257E-2
2,462500E+3	1,150514E+0	2,462500E+3	-2,201461E-2	2,462500E+3	2,470019E+0	2,462500E+3	5,301872E-1	2,462500E+3	1,033912E+0	2,462500E+3	1,346542E-2	2,462500E+3	1,233289E+0	2,462500E+3	-9,128722E-2
2,464062E+3	1,157181E+0	2,464062E+3	-2,250633E-2	2,464062E+3	1,063739E+0	2,464062E+3	1,861423E-1	2,464062E+3	1,035476E+0	2,464062E+3	1,425966E-2	2,464062E+3	1,197317E+0	2,464062E+3	-7,264387E-2
2,465625E+3	1,164438E+0	2,465625E+3	-2,329851E-2	2,465625E+3	1,089249E+0	2,465625E+3	5,714253E-2	2,465625E+3	1,036889E+0	2,465625E+3	1,421653E-2	2,465625E+3	1,150300E+0	2,465625E+3	-9,191097E-2
2,467187E+3	1,169525E+0	2,467187E+3	-2,377003E-2	2,467187E+3	1,087522E+0	2,467187E+3	5,829642E-2	2,467187E+3	1,038050E+0	2,467187E+3	1,491018E-2	2,467187E+3	1,125943E+0	2,467187E+3	-8,567643E-2
2,468750E+3	1,175326E+0	2,468750E+3	-2,465481E-2	2,468750E+3	1,085307E+0	2,468750E+3	5,770328E-2	2,468750E+3	1,038967E+0	2,468750E+3	1,459355E-2	2,468750E+3	1,089540E+0	2,468750E+3	-9,221263E-2
2,470312E+3	1,180367E+0	2,470312E+3	-2,481840E-2	2,470312E+3	1,087052E+0	2,470312E+3	6,355898E-2	2,470312E+3	1,040175E+0	2,470312E+3	1,555350E-2	2,470312E+3	1,066908E+0	2,470312E+3	-8,799547E-2
2,471875E+3	1,186141E+0	2,471875E+3	-2,547340E-2	2,471875E+3	1,088068E+0	2,471875E+3	6,772306E-2	2,471875E+3	1,040972E+0	2,471875E+3	1,559721E-2	2,471875E+3	1,034719E+0	2,471875E+3	-9,009590E-2
2,473437E+3	1,191163E+0	2,473437E+3	-2,624774E-2	2,473437E+3	1,085967E+0	2,473437E+3	6,879687E-2	2,473437E+3	1,041683E+0	2,473437E+3	1,620439E-2	2,473437E+3	1,016695E+0	2,473437E+3	-8,677504E-2
2,475000E+3	1,197058E+0	2,475000E+3	-2,754366E-2	2,475000E+3	1,082970E+0	2,475000E+3	6,826717E-2	2,475000E+3	1,041937E+0	2,475000E+3	1,586310E-2	2,475000E+3	9,929282E-1	2,475000E+3	-8,640213E-2
2,476562E+3	1,203306E+0	2,476562E+3	-2,841641E-2	2,476562E+3	1,071727E+0	2,476562E+3	6,944071E-2	2,476562E+3	1,050719E+0	2,476562E+3	2,282398E-2	2,476562E+3	9,770729E-1	2,476562E+3	-8,502314E-2
2,478125E+3	1,210378E+0	2,478125E+3	-2,977748E-2	2,478125E+3	1,057078E+0	2,478125E+3	6,659542E-2	2,478125E+3	1,058690E+0	2,478125E+3	2,867234E-2	2,478125E+3	9,576643E-1	2,478125E+3	-8,518130E-2
2,479687E+3	1,219720E+0	2,479687E+3	-3,068415E-2	2,479687E+3	1,021326E+0	2,479687E+3	6,764086E-2	2,479687E+3	1,060376E+0	2,479687E+3	2,920178E-2	2,479687E+3	9,420762E-1	2,479687E+3	-8,450475E-2
2,481250E+3	1,229833E+0	2,481250E+3	-3,196223E-2	2,481250E+3	9,704452E-1	2,481250E+3	5,403694E-2	2,481250E+3	1,061663E+0	2,481250E+3	2,898859E-2	2,481250E+3	9,237207E-1	2,481250E+3	-8,490021E-2
2,482812E+3	1,243953E+0	2,482812E+3	-3,358382E-2	2,482812E+3	9,490800E-1	2,482812E+3	5,200462E-2	2,482812E+3	1,064565E+0	2,482812E+3	2,943948E-2	2,482812E+3	9,123534E-1	2,482812E+3	-7,349684E-2
2,484375E+3	1,258909E+0	2,484375E+3	-3,539726E-2	2,484375E+3	9,228219E-1	2,484375E+3	4,638967E-2	2,484375E+3	1,067206E+0	2,484375E+3	2,933352E-2	2,484375E+3	8,978340E-1	2,484375E+3	-6,420705E-2
2,485937E+3	1,121180E+0	2,485937E+3	9,970388E-2	2,485937E+3	9,016147E-1	2,485937E+3	4,453409E-2	2,485937E+3	1,071897E+0	2,485937E+3	2,993685E-2	2,485937E+3	8,846924E-1	2,485937E+3	-6,375393E-2
2,487500E+3	1,011444E+0	2,487500E+3	-3,829140E-2	2,487500E+3	8,763057E-1	2,487500E+3	4,036920E-2	2,487500E+3	1,076523E+0	2,487500E+3	3,022730E-2	2,487500E+3	8,699794E-1	2,487500E+3	-6,394417E-2
2,489062E+3	1,001319E+0	2,489062E+3	-3,767591E-2	2,489062E+3	8,578034E-1	2,489062E+3	3,877599E-2	2,489062E+3	1,006815E+0	2,489062E+3	4,147083E-2	2,489062E+3	8,556652E-1	2,489062E+3	-6,418445E-2
2,490625E+3	9,852986E-1	2,490625E+3	-4,150430E-2	2,490625E+3	8,363809E-1	2,490625E+3	3,576587E-2	2,490625E+3	8,842906E-1	2,490625E+3	1,250577E-2	2,490625E+3	8,399167E-1	2,490625E+3	-6,499051E-2
2,492187E+3	9,713255E-1	2,492187E+3	-4,145287E-2	2,492187E+3	8,289984E-1	2,492187E+3	3,571430E-2	2,492187E+3	8,685157E-1	2,492187E+3	1,087539E-2	2,492187E+3	8,280362E-1	2,492187E+3	-6,526320E-2
2,493750E+3	9,513119E-1	2,493750E+3	-4,493441E-2	2,493750E+3	8,205301E-1	2,493750E+3	3,523113E-2	2,493750E+3	8,501427E-1	2,493750E+3	7,815179E-3	2,493750E+3	8,151727E-1	2,493750E+3	-6,591062E-2
2,495312E+3	9,374000E-1	2,495312E+3	-4,565358E-2	2,495312E+3	8,152226E-1	2,495312E+3	3,522679E-2	2,495312E+3	8,362171E-1	2,495312E+3	6,723932E-3	2,495312E+3	8,064543E-1	2,495312E+3	-6,598180E-2
2,496875E+3	9,184922E-1	2,496875E+3	-4,865444E-2	2,496875E+3	8,092118E-1	2,496875E+3	3,496322E-2	2,496875E+3	8,202729E-1	2,496875E+3	4,720437E-3	2,496875E+3	7,971235E-1	2,496875E+3	-6,627553E-2
2,498437E+3	9,080752E-1	2,498437E+3	-4,962532E-2	2,498437E+3	8,029891E-1	2,498437E+3	3,435490E-2	2,498437E+3	8,069798E-1	2,498437E+3	3,850600E-3	2,498437E+3	7,450288E-1	2,498437E+3	-7,353374E-2
2,500000E+3	8,943563E-1	2,500000E+3	-5,159331E-2	2,500000E+3	7,962114E-1	2,500000E+3	3,350946E-2	2,500000E+3	7,919806E-1	2,500000E+3	2,311905E-3	2,500000E+3	6,868503E-1	2,500000E+3	-8,464131E-2
2,501562E+3	8,883843E-1	2,501562E+3	-5,293298E-2	2,501562E+3	7,894926E-1	2,501562E+3	3,260132E-2	2,501562E+3	7,812104E-1	2,501562E+3	1,596674E-3	2,501562E+3	6,813463E-1	2,501562E+3	-8,390635E-2
2,503125E+3	8,804692E-1	2,503125E+3	-5,463687E-2	2,503125E+3	7,822800E-1	2,503125E+3	3,147680E-2	2,503125E+3	7,692875E-1	2,503125E+3	4,700917E-4	2,503125E+3	6,756241E-1	2,503125E+3	-8,326184E-2
2,504687E+3	8,763944E-1	2,504687E+3	-5,613007E-2	2,504687E+3	7,326051E-1	2,504687E+3	1,969833E-2	2,504687E+3	7,616738E-1	2,504687E+3	-2,070135E-4	2,504687E+3	6,693617E-1	2,504687E+3	-8,235480E-2
2,506250E+3	8,707274E-1	2,506250E+3	-5,776125E-2	2,506250E+3	6,762931E-1	2,506250E+3	2,631657E-3	2,506250E+3	7,533790E-1	2,506250E+3	-1,116697E-3	2,506250E+3	6,628731E-1	2,506250E+3	-8,157539E-2
2,507812E+3	8,659173E-1	2,507812E+3	-5,960759E-2	2,507812E+3	6,710562E-1	2,507812E+3	2,189831E-3	2,507812E+3	7,115000E-1	2,507812E+3	-1,107356E-2	2,507812E+3	6,569012E-1	2,507812E+3	-8,041420E-2
2,509375E+3	8,593171E-1	2,509375E+3	-6,152896E-2	2,509375E+3	6,656268E-1	2,509375E+3	1,701204E-3	2,509375E+3	6,645969E-1	2,509375E+3	-2,518496E-2	2,509375E+3	6,507348E-1	2,509375E+3	-7,937179E-2
2,510937E+3	8,522086E-1	2,510937E+3	-6,340649E-2	2,510937E+3	6,609215E-1	2,510937E+3	1,307522E-3	2,510937E+3	6,594368E-1	2,510937E+3	-2,549566E-2	2,510937E+3	6,458349E-1	2,510937E+3	-7,848791E-2
2,512500E+3	8,431943E-1	2,512500E+3	-6,533976E-2	2,512500E+3	6,560586E-1	2,512500E+3	8,792680E-4	2,512500E+3	6,539941E-1	2,512500E+3	-2,585900E-2	2,512500E+3	6,407914E-1	2,512500E+3	-7,771851E-2
2,514062E+3	8,357209E-1	2,514062E+3	-6,729268E-2	2,514062E+3	6,513342E-1	2,514062E+3	2,815180E-4	2,514062E+3	6,489327E-1	2,514062E+3	-2,626020E-2	2,514062E+3	6,359915E-1	2,514062E+3	-7,731172E-2
2,515625E+3	8,266098E-1	2,515625E+3	-6,919673E-2	2,515625E+3	6,464693E-1	2,515625E+3	-3,502991E-4	2,515625E+3	6,435910E-1	2,515625E+3	-2,672425E-2	2,515625E+3	6,310829E-1	2,515625E+3	-7,699455E-2
2,517187E+3	7,801607E-1	2,517187E+3	-8,042626E-2	2,517187E+3	6,418568E-1	2,517187E+3	-1,079308E-3	2,517187E+3	6,393643E-1	2,517187E+3	-2,689048E-2	2,517187E+3	6,262002E-1	2,517187E+3	-7,708320E-2
2,518750E+3	7,280036E-1	2,518750E+3	-9,651849E-2	2,518750E+3	6,371224E-1	2,518750E+3	-1,839088E-3	2,518750E+3	6,348673E-1	2,518750E+3	-2,711369E-2	2,518750E+3	6,212342E-1	2,518750E+3	-7,723847E-2
2,520312E+3	7,243127E-1	2,520312E+3	-9,833250E-2	2,520312E+3	6,325850E-1	2,520312E+3	-2,723726E-3	2,520312E+3	6,318809E-1	2,520312E+3	-2,714108E-2	2,520312E+3	6,163084E-1	2,520312E+3	-7,749761E-2
2,521875E+3	7,202528E-1	2,521875E+3	-9,998866E-2	2,521875E+3	6,279432E-1	2,521875E+3	-3,636901E-3	2,521875E+3	6,286456E-1	2,521875E+3	-2,722223E-2	2,521875E+3	6,113166E-1	2,521875E+3	-7,780649E-2
2,523437E+3	7,177073E-1	2,523437E+3	-1,018731E-1	2,523437E+3	6,231316E-1	2,523437E+3	-4,782793E-3	2,523437E+3	6,259240E-1	2,523437E+3	-2,735155E-2	2,523437E+3	6,071408E-1	2,523437E+3	-7,814263E-2
2,525000E+3	7,149068E-1	2,525000E+3	-1,035946E-1	2,525000E+3	6,182312E-1	2,525000E+3	-5,956998E-3	2,525000E+3	6,229895E-1	2,525000E+3	-2,753202E-2	2,525000E+3	6,029097E-1	2,525000E+3	-7,851653E-2
2,526562E+3	7,124567E-1	2,526562E+3	-1,056288E-1	2,526562E+3	6,137463E-1	2,526562E+3	-7,111968E-3	2,526562E+3	6,202628E-1	2,526562E+3	-2,774185E-2	2,526562E+3	5,991642E-1	2,526562E+3	-7,884854E-2
2,528125E+3	7,097372E-1	2,528125E+3	-1,073975E-1	2,528125E+3	6,091893E-1	2,528125E+3	-8,285808E-3	2,528125E+3	6,173481E-1	2,528125E+3	-2,799741E-2	2,528125E+3	5,953704E-1	2,528125E+3	-7,921090E-2
2,529687E+3	7,069558E-1	2,529687E+3	-1,093288E-1	2,529687E+3	6,217210E-1	2,529687E+3	2,088942E-3	2,529687E+3	6,147175E-1	2,529687E+3	-2,830517E-2	2,529687E+3	5,919012E-1	2,529687E+3	-7,972451E-2
2,531250E+3	7,039518E-1	2,531250E+3	-1,109512E-1	2,531250E+3	6,182361E-1	2,531250E+3	5,363512E-3	2,531250E+3	6,119047E-1	2,531250E+3	-2,865267E-2	2,531250E+3	5,883913E-1	2,531250E+3	-8,025970E-2
2,532812E+3	7,004519E-1	2,532812E+3	-1,128566E-1	2,532812E+3	6,152027E-1	2,532812E+3	4,851867E-3	2,532812E+3	6,109899E-1	2,532812E+3	-2,768566E-2	2,532812E+3	5,851192E-1	2,532812E+3	-8,101402E-2
2,534375E+3	6,968335E-1	2,534375E+3	-1,147132E-1	2,534375E+3	6,121288E-1	2,534375E+3	4,238944E-3	2,534375E+3	6,092227E-1	2,534375E+3	-2,690054E-2	2,534375E+3	5,818129E-1	2,534375E+3	-8,178241E-2
2,535937E+3	6,928130E-1	2,535937E+3	-1,168150E-1	2,535937E+3	6,095805E-1	2,535937E+3	3,745896E-3	2,535937E+3	6,068525E-1	2,535937E+3	-2,553889E-2	2,535937E+3	5,785889E-1	2,535937E+3	-8,274034E-2
2,537500E+3	6,887051E-1	2,537500E+3	-1,189261E-1	2,537500E+3	6,069756E-1	2,537500E+3	3,159110E-3	2,537500E+3	6,036371E-1	2,537500E+3	-2,479406E-2	2,537500E+3	5,753463E-1	2,537500E+3	-8,369603E-2
2,539062E+3	6,849649E-1	2,539062E+3	-1,211122E-1	2,539062E+3	6,045077E-1	2,539062E+3	2,657299E-3	2,539062E+3	6,006773E-1	2,539062E+3	-2,546463E-2	2,539062E+3	5,724420E-1	2,539062E+3	-8,496461E-2
2,540625E+3	6,811471E-1	2,540625E+3	-1,233221E-1	2,540625E+3	6,019741E-1	2,540625E+3	2,079040E-3	2,540625E+3	5,976562E-1	2,540625E+3	-2,623285E-2	2,540625E+3	5,695356E-1	2,540625E+3	-8,621067E-2
2,542187E+3	6,778396E-1	2,542187E+3	-1,254367E-1	2,542187E+3	5,995446E-1	2,542187E+3	1,600742E-3	2,542187E+3	5,950782E-1	2,542187E+3	-2,705164E-2	2,542187E+3	5,671302E-1	2,542187E+3	-8,768409E-2
2,543750E+3	6,744306E-1	2,543750E+3	-1,275865E-1	2,543750E+3	5,970559E-1	2,543750E+3	1,044521E-3	2,543750E+3	5,924489E-1	2,543750E+3	-2,792836E-2	2,543750E+3	5,647062E-1	2,543750E+3	-8,913150E-2
2,545312E+3	6,710439E-1	2,545312E+3	-1,295988E-1	2,545312E+3	5,948159E-1	2,545312E+3	4,078001E-4	2,545312E+3	5,900969E-1	2,545312E+3	-2,887554E-2	2,545312E+3	5,650744E-1	2,545312E+3	-7,911793E-2
2,546875E+3	6,675016E-1	2,546875E+3	-1,316922E-1	2,546875E+3	5,925360E-1	2,546875E+3	-2,888057E-4	2,546875E+3	5,876948E-1	2,546875E+3	-2,985862E-2	2,546875E+3	5,622667E-1	2,546875E+3	-7,256144E-2
2,548437E+3	6,636459E-1	2,548437E+3	-1,331676E-1	2,548437E+3	5,906878E-1	2,548437E+3	-1,028048E-3	2,548437E+3	5,855458E-1	2,548437E+3	-3,098193E-2	2,548437E+3	5,603795E-1	2,548437E+3	-7,251447E-2
2,550000E+3	6,593763E-1	2,550000E+3	-1,347639E-1	2,550000E+3	5,888102E-1	2,550000E+3	-1,821153E-3	2,550000E+3	5,833576E-1	2,550000E+3	-3,211714E-2	2,550000E+3	5,584016E-1	2,550000E+3	-7,257064E-2
2,551562E+3	6,555804E-1	2,551562E+3	-1,362604E-1	2,551562E+3	5,872148E-1	2,551562E+3	-2,627035E-3	2,551562E+3	5,816049E-1	2,551562E+3	-3,316751E-2	2,551562E+3	5,566887E-1	2,551562E+3	-7,247239E-2
2,553125E+3	6,515234E-1	2,553125E+3	-1,377991E-1	2,553125E+3	5,855804E-1	2,553125E+3	-3,477735E-3	2,553125E+3	5,798104E-1	2,553125E+3	-3,420831E-2	2,553125E+3	5,548677E-1	2,553125E+3	-7,246577E-2
2,554687E+3	6,479962E-1	2,554687E+3	-1,399756E-1	2,554687E+3	5,840678E-1	2,554687E+3	-4,347014E-3	2,554687E+3	5,783752E-1	2,554687E+3	-3,500939E-2	2,554687E+3	5,532677E-1	2,554687E+3	-7,227873E-2
2,556250E+3	6,443739E-1	2,556250E+3	-1,421938E-1	2,556250E+3	5,825209E-1	2,556250E+3	-5,260465E-3	2,556250E+3	5,768759E-1	2,556250E+3	-3,578338E-2	2,556250E+3	5,515289E-1	2,556250E+3	-7,220362E-2
2,557812E+3	6,410069E-1	2,557812E+3	-1,448395E-1	2,557812E+3	5,812503E-1	2,557812E+3	-6,171661E-3	2,557812E+3	5,744075E-1	2,557812E+3	-3,212728E-2	2,557812E+3	5,506164E-1	2,557812E+3	-6,993345E-2
2,559375E+3	6,375909E-1	2,559375E+3	-1,475261E-1	2,559375E+3	5,799538E-1	2,559375E+3	-7,118348E-3	2,559375E+3	5,647471E-1	2,559375E+3	-2,758007E-2	2,559375E+3	5,487826E-1	2,559375E+3	-6,799122E-2
2,560937E+3	6,346900E-1	2,560937E+3	-1,500573E-1	2,560937E+3	5,792944E-1	2,560937E+3	-8,222047E-3	2,560937E+3	5,634835E-1	2,560937E+3	-2,858400E-2	2,560937E+3	5,473393E-1	2,560937E+3	-6,532133E-2
2,562500E+3	6,317470E-1	2,562500E+3	-1,526149E-1	2,562500E+3	5,786315E-1	2,562500E+3	-9,349410E-3	2,562500E+3	5,621743E-1	2,562500E+3	-2,959075E-2	2,562500E+3	5,443969E-1	2,562500E+3	-6,317524E-2
2,564062E+3	6,285562E-1	2,564062E+3	-1,544165E-1	2,564062E+3	5,756763E-1	2,564062E+3	-6,597808E-3	2,564062E+3	5,613685E-1	2,564062E+3	-3,075429E-2	2,564062E+3	5,432033E-1	2,564062E+3	-6,285424E-2
2,565625E+3	6,252490E-1	2,565625E+3	-1,562243E-1	2,565625E+3	5,662489E-1	2,565625E+3	-2,351324E-3	2,565625E+3	5,605333E-1	2,565625E+3	-3,191329E-2	2,565625E+3	5,416785E-1	2,565625E+3	-6,259363E-2
2,567187E+3	6,209949E-1	2,567187E+3	-1,577064E-1	2,567187E+3	5,656284E-1	2,567187E+3	-2,980074E-3	2,567187E+3	5,600906E-1	2,567187E+3	-3,311637E-2	2,567187E+3	5,403084E-1	2,567187E+3	-6,189383E-2
2,568750E+3	6,165187E-1	2,568750E+3	-1,591883E-1	2,568750E+3	5,649538E-1	2,568750E+3	-3,612790E-3	2,568750E+3	5,596222E-1	2,568750E+3	-3,430598E-2	2,568750E+3	5,384862E-1	2,568750E+3	-6,116652E-2
2,570312E+3	6,127885E-1	2,570312E+3	-1,612058E-1	2,570312E+3	5,642332E-1	2,570312E+3	-4,170325E-3	2,570312E+3	5,592949E-1	2,570312E+3	-3,529290E-2	2,570312E+3	5,359102E-1	2,570312E+3	-5,846067E-2
2,571875E+3	6,089625E-1	2,571875E+3	-1,632319E-1	2,571875E+3	5,634473E-1	2,571875E+3	-4,725328E-3	2,571875E+3	5,589360E-1	2,571875E+3	-3,624908E-2	2,571875E+3	5,316190E-1	2,571875E+3	-5,557978E-2
2,573437E+3	5,883888E-1	2,573437E+3	-1,579973E-1	2,573437E+3	5,521977E-1	2,573437E+3	-4,038908E-3	2,573437E+3	5,572667E-1	2,573437E+3	-3,595108E-2	2,573437E+3	5,304355E-1	2,573437E+3	-5,448407E-2
2,575000E+3	5,594662E-1	2,575000E+3	-1,550475E-1	2,575000E+3	5,304942E-1	2,575000E+3	-6,203381E-3	2,575000E+3	5,553048E-1	2,575000E+3	-3,549219E-2	2,575000E+3	5,287170E-1	2,575000E+3	-5,325947E-2
2,576562E+3	5,553091E-1	2,576562E+3	-1,562923E-1	2,576562E+3	5,267267E-1	2,576562E+3	-6,094906E-3	2,576562E+3	5,375542E-1	2,576562E+3	-3,246160E-2	2,576562E+3	5,281205E-1	2,576562E+3	-5,178325E-2
2,578125E+3	5,510658E-1	2,578125E+3	-1,575555E-1	2,578125E+3	5,227567E-1	2,578125E+3	-5,989598E-3	2,578125E+3	5,088128E-1	2,578125E+3	-3,222449E-2	2,578125E+3	5,270934E-1	2,578125E+3	-5,010401E-2
2,579687E+3	5,470351E-1	2,579687E+3	-1,588562E-1	2,579687E+3	5,342203E-1	2,579687E+3	-7,510101E-3	2,579687E+3	5,064937E-1	2,579687E+3	-3,289841E-2	2,579687E+3	5,063537E-1	2,579687E+3	-4,310551E-2
2,581250E+3	5,429294E-1	2,581250E+3	-1,601728E-1	2,581250E+3	5,447175E-1	2,581250E+3	-8,748777E-3	2,581250E+3	5,040431E-1	2,581250E+3	-3,354769E-2	2,581250E+3	4,706359E-1	2,581250E+3	-4,051162E-2
2,582812E+3	5,388517E-1	2,582812E+3	-1,615145E-1	2,582812E+3	5,406950E-1	2,582812E+3	-8,639819E-3	2,582812E+3	5,081564E-1	2,582812E+3	-3,545804E-2	2,582812E+3	4,677086E-1	2,582812E+3	-4,030468E-2
2,584375E+3	5,347108E-1	2,584375E+3	-1,628665E-1	2,584375E+3	5,364914E-1	2,584375E+3	-8,530595E-3	2,584375E+3	5,120475E-1	2,584375E+3	-3,716174E-2	2,584375E+3	4,646358E-1	2,584375E+3	-4,008273E-2
2,585937E+3	5,305780E-1	2,585937E+3	-1,640180E-1	2,585937E+3	5,317732E-1	2,585937E+3	-8,410610E-3	2,585937E+3	5,090435E-1	2,585937E+3	-3,739111E-2	2,585937E+3	4,609908E-1	2,585937E+3	-4,012851E-2
2,587500E+3	5,263724E-1	2,587500E+3	-1,651861E-1	2,587500E+3	5,268498E-1	2,587500E+3	-8,293237E-3	2,587500E+3	5,058960E-1	2,587500E+3	-3,761398E-2	2,587500E+3	4,571977E-1	2,587500E+3	-4,018070E-2
2,589062E+3	5,223669E-1	2,589062E+3	-1,662884E-1	2,589062E+3	5,218980E-1	2,589062E+3	-8,199829E-3	2,589062E+3	5,019358E-1	2,589062E+3	-3,777540E-2	2,589062E+3	4,520632E-1	2,589062E+3	-4,009983E-2
2,590625E+3	5,182968E-1	2,590625E+3	-1,674089E-1	2,590625E+3	5,167531E-1	2,590625E+3	-8,114486E-3	2,590625E+3	4,978302E-1	2,590625E+3	-3,794366E-2	2,590625E+3	4,467040E-1	2,590625E+3	-4,003430E-2
2,592187E+3	5,145598E-1	2,592187E+3	-1,684883E-1	2,592187E+3	5,117191E-1	2,592187E+3	-8,121235E-3	2,592187E+3	4,942413E-1	2,592187E+3	-3,823225E-2	2,592187E+3	4,603076E-1	2,592187E+3	-4,027619E-2
2,593750E+3	5,107695E-1	2,593750E+3	-1,695812E-1	2,593750E+3	5,065110E-1	2,593750E+3	-8,142915E-3	2,593750E+3	4,905398E-1	2,593750E+3	-3,852997E-2	2,593750E+3	4,720696E-1	2,593750E+3	-4,008302E-2
2,595312E+3	5,073217E-1	2,595312E+3	-1,705826E-1	2,595312E+3	5,015439E-1	2,595312E+3	-8,208724E-3	2,595312E+3	4,870203E-1	2,595312E+3	-3,893656E-2	2,595312E+3	4,680800E-1	2,595312E+3	-4,000129E-2
2,596875E+3	5,038284E-1	2,596875E+3	-1,715891E-1	2,596875E+3	4,964236E-1	2,596875E+3	-8,291389E-3	2,596875E+3	4,833986E-1	2,596875E+3	-3,935398E-2	2,596875E+3	4,639630E-1	2,596875E+3	-3,992405E-2
2,598437E+3	5,004546E-1	2,598437E+3	-1,724542E-1	2,598437E+3	4,915872E-1	2,598437E+3	-8,265772E-3	2,598437E+3	5,047016E-1	2,598437E+3	-4,503126E-2	2,598437E+3	4,608995E-1	2,598437E+3	-3,995214E-2
2,600000E+3	4,970337E-1	2,600000E+3	-1,733227E-1	2,600000E+3	4,866183E-1	2,600000E+3	-8,252701E-3	2,600000E+3	5,234389E-1	2,600000E+3	-4,924750E-2	2,600000E+3	4,577346E-1	2,600000E+3	-3,998450E-2
2,601562E+3	4,932955E-1	2,601562E+3	-1,739255E-1	2,601562E+3	4,815592E-1	2,601562E+3	-8,096969E-3	2,601562E+3	5,176694E-1	2,601562E+3	-4,935077E-2	2,601562E+3	4,710904E-1	2,601562E+3	-3,995081E-2
2,603125E+3	4,894929E-1	2,603125E+3	-1,745366E-1	2,603125E+3	4,763722E-1	2,603125E+3	-7,951949E-3	2,603125E+3	5,117240E-1	2,603125E+3	-4,948059E-2	2,603125E+3	4,826901E-1	2,603125E+3	-3,953793E-2
2,604687E+3	4,861917E-1	2,604687E+3	-1,751593E-1	2,604687E+3	5,265041E-1	2,604687E+3	-1,101358E-2	2,604687E+3	5,054528E-1	2,604687E+3	-4,946994E-2	2,604687E+3	4,735402E-1	2,604687E+3	-3,897114E-2
2,606250E+3	4,828419E-1	2,606250E+3	-1,757847E-1	2,606250E+3	5,641829E-1	2,606250E+3	-1,225957E-2	2,606250E+3	4,990013E-1	2,606250E+3	-4,948804E-2	2,606250E+3	4,640528E-1	2,606250E+3	-3,846376E-2
2,607812E+3	4,798712E-1	2,607812E+3	-1,764496E-1	2,607812E+3	5,612598E-1	2,607812E+3	-1,204663E-2	2,607812E+3	4,933018E-1	2,607812E+3	-4,948867E-2	2,607812E+3	4,681584E-1	2,607812E+3	-3,635000E-2
2,609375E+3	4,768621E-1	2,609375E+3	-1,771095E-1	2,609375E+3	5,582368E-1	2,609375E+3	-1,183731E-2	2,609375E+3	4,874637E-1	2,609375E+3	-4,951324E-2	2,609375E+3	4,718434E-1	2,609375E+3	-3,432358E-2
2,610937E+3	4,729277E-1	2,610937E+3	-1,774778E-1	2,610937E+3	5,547666E-1	2,610937E+3	-1,171594E-2	2,610937E+3	4,826100E-1	2,610937E+3	-4,976963E-2	2,610937E+3	4,702180E-1	2,610937E+3	-3,459344E-2
2,612500E+3	4,689215E-1	2,612500E+3	-1,778600E-1	2,612500E+3	5,511915E-1	2,612500E+3	-1,159810E-2	2,612500E+3	4,776580E-1	2,612500E+3	-5,005031E-2	2,612500E+3	4,684854E-1	2,612500E+3	-3,484841E-2
2,614062E+3	4,642689E-1	2,614062E+3	-1,780926E-1	2,614062E+3	5,474166E-1	2,614062E+3	-1,145049E-2	2,614062E+3	4,733534E-1	2,614062E+3	-5,044358E-2	2,614062E+3	4,681538E-1	2,614062E+3	-3,511978E-2
2,615625E+3	4,595211E-1	2,615625E+3	-1,783643E-1	2,615625E+3	5,435358E-1	2,615625E+3	-1,130700E-2	2,615625E+3	4,689676E-1	2,615625E+3	-5,085898E-2	2,615625E+3	4,676596E-1	2,615625E+3	-3,534646E-2
2,617187E+3	4,552515E-1	2,617187E+3	-1,785484E-1	2,617187E+3	5,399655E-1	2,617187E+3	-1,121478E-2	2,617187E+3	4,972953E-1	2,617187E+3	-5,487016E-2	2,617187E+3	4,692199E-1	2,617187E+3	-3,575293E-2
2,618750E+3	4,509023E-1	2,618750E+3	-1,787662E-1	2,618750E+3	5,363005E-1	2,618750E+3	-1,112675E-2	2,618750E+3	5,208317E-1	2,618750E+3	-5,705163E-2	2,618750E+3	4,705526E-1	2,618750E+3	-3,608277E-2
2,620312E+3	4,478875E-1	2,620312E+3	-1,790055E-1	2,620312E+3	5,325095E-1	2,620312E+3	-1,113541E-2	2,620312E+3	5,172082E-1	2,620312E+3	-5,762490E-2	2,620312E+3	4,705403E-1	2,620312E+3	-3,648403E-2
2,621875E+3	4,448213E-1	2,621875E+3	-1,792508E-1	2,621875E+3	5,286215E-1	2,621875E+3	-1,114829E-2	2,621875E+3	5,135027E-1	2,621875E+3	-5,818480E-2	2,621875E+3	4,703704E-1	2,621875E+3	-3,683457E-2
2,623437E+3	4,497173E-1	2,623437E+3	-1,790224E-1	2,623437E+3	5,251615E-1	2,623437E+3	-1,130704E-2	2,623437E+3	5,106987E-1	2,623437E+3	-5,888963E-2	2,623437E+3	4,685617E-1	2,623437E+3	-3,704785E-2
2,625000E+3	4,543316E-1	2,625000E+3	-1,786209E-1	2,625000E+3	5,216090E-1	2,625000E+3	-1,146399E-2	2,625000E+3	5,078204E-1	2,625000E+3	-5,956576E-2	2,625000E+3	4,666325E-1	2,625000E+3	-3,723701E-2
2,626562E+3	4,517662E-1	2,626562E+3	-1,792287E-1	2,626562E+3	5,203648E-1	2,626562E+3	-1,173624E-2	2,626562E+3	5,057409E-1	2,626562E+3	-6,041050E-2	2,626562E+3	4,639585E-1	2,626562E+3	-3,737343E-2
2,628125E+3	4,491513E-1	2,628125E+3	-1,798445E-1	2,628125E+3	5,189821E-1	2,628125E+3	-1,198096E-2	2,628125E+3	5,035833E-1	2,628125E+3	-6,120666E-2	2,628125E+3	4,611810E-1	2,628125E+3	-3,749806E-2
2,629687E+3	4,452734E-1	2,629687E+3	-1,804228E-1	2,629687E+3	5,192130E-1	2,629687E+3	-1,234182E-2	2,629687E+3	5,013821E-1	2,629687E+3	-6,209391E-2	2,629687E+3	4,591484E-1	2,629687E+3	-3,763126E-2
2,631250E+3	4,413386E-1	2,631250E+3	-1,810366E-1	2,631250E+3	5,192007E-1	2,631250E+3	-1,263730E-2	2,631250E+3	4,991092E-1	2,631250E+3	-6,293165E-2	2,631250E+3	4,570114E-1	2,631250E+3	-3,774736E-2
2,632812E+3	4,367766E-1	2,632812E+3	-1,815175E-1	2,632812E+3	5,161180E-1	2,632812E+3	-1,268796E-2	2,632812E+3	4,963005E-1	2,632812E+3	-6,374862E-2	2,632812E+3	4,146517E-1	2,632812E+3	-3,613603E-2
2,634375E+3	4,321583E-1	2,634375E+3	-1,820445E-1	2,634375E+3	5,128724E-1	2,634375E+3	-1,271070E-2	2,634375E+3	4,934319E-1	2,634375E+3	-6,452739E-2	2,634375E+3	3,721058E-1	2,634375E+3	-3,630418E-2
2,635937E+3	4,359907E-1	2,635937E+3	-1,816351E-1	2,635937E+3	5,105666E-1	2,635937E+3	-1,278994E-2	2,635937E+3	4,897293E-1	2,635937E+3	-6,527402E-2	2,635937E+3	3,716309E-1	2,635937E+3	-3,685044E-2
2,637500E+3	4,395441E-1	2,637500E+3	-1,810517E-1	2,637500E+3	5,081637E-1	2,637500E+3	-1,285399E-2	2,637500E+3	4,859802E-1	2,637500E+3	-6,599674E-2	2,637500E+3	3,710569E-1	2,637500E+3	-3,736647E-2
2,639062E+3	4,385254E-1	2,639062E+3	-1,815570E-1	2,639062E+3	4,722982E-1	2,639062E+3	-1,196257E-2	2,639062E+3	4,823006E-1	2,639062E+3	-6,680752E-2	2,639062E+3	3,714518E-1	2,639062E+3	-3,772196E-2
2,640625E+3	4,374495E-1	2,640625E+3	-1,820210E-1	2,640625E+3	4,366571E-1	2,640625E+3	-1,179981E-2	2,640625E+3	4,785831E-1	2,640625E+3	-6,759119E-2	2,640625E+3	3,717169E-1	2,640625E+3	-3,804415E-2
2,642187E+3	4,410438E-1	2,642187E+3	-1,801810E-1	2,642187E+3	4,379094E-1	2,642187E+3	-1,194294E-2	2,642187E+3	4,735127E-1	2,642187E+3	-6,830315E-2	2,642187E+3	3,725430E-1	2,642187E+3	-3,826929E-2
2,643750E+3	4,443384E-1	2,643750E+3	-1,782728E-1	2,643750E+3	4,390297E-1	2,643750E+3	-1,206709E-2	2,643750E+3	4,684249E-1	2,643750E+3	-6,900577E-2	2,643750E+3	3,732218E-1	2,643750E+3	-3,846282E-2
2,645312E+3	4,419026E-1	2,645312E+3	-1,788815E-1	2,645312E+3	4,400078E-1	2,645312E+3	-1,220560E-2	2,645312E+3	4,625293E-1	2,645312E+3	-6,977696E-2	2,645312E+3	3,741880E-1	2,645312E+3	-3,890351E-2
2,646875E+3	4,394309E-1	2,646875E+3	-1,794923E-1	2,646875E+3	4,408577E-1	2,646875E+3	-1,232738E-2	2,646875E+3	4,566524E-1	2,646875E+3	-7,055410E-2	2,646875E+3	3,749986E-1	2,646875E+3	-3,930585E-2
2,648437E+3	4,384906E-1	2,648437E+3	-1,802131E-1	2,648437E+3	4,413605E-1	2,648437E+3	-1,267433E-2	2,648437E+3	4,578485E-1	2,648437E+3	-7,210598E-2	2,648437E+3	3,759968E-1	2,648437E+3	-3,989451E-2
2,650000E+3	4,374974E-1	2,650000E+3	-1,808900E-1	2,650000E+3	4,417429E-1	2,650000E+3	-1,300159E-2	2,650000E+3	4,589266E-1	2,650000E+3	-7,355125E-2	2,650000E+3	3,768316E-1	2,650000E+3	-4,043893E-2
2,651562E+3	4,350275E-1	2,651562E+3	-1,813678E-1	2,651562E+3	4,422337E-1	2,651562E+3	-1,314645E-2	2,651562E+3	4,239686E-1	2,651562E+3	-7,107619E-2	2,651562E+3	3,778649E-1	2,651562E+3	-4,091317E-2
2,653125E+3	4,325211E-1	2,653125E+3	-1,818158E-1	2,653125E+3	4,425969E-1	2,653125E+3	-1,327601E-2	2,653125E+3	3,895289E-1	2,653125E+3	-7,084378E-2	2,653125E+3	3,787260E-1	2,653125E+3	-4,134544E-2
2,654687E+3	4,296633E-1	2,654687E+3	-1,824355E-1	2,654687E+3	4,425721E-1	2,654687E+3	-1,371547E-2	2,654687E+3	3,921558E-1	2,654687E+3	-7,254608E-2	2,654687E+3	3,796558E-1	2,654687E+3	-4,182254E-2
2,656250E+3	4,267895E-1	2,656250E+3	-1,830434E-1	2,656250E+3	4,424283E-1	2,656250E+3	-1,413402E-2	2,656250E+3	3,946225E-1	2,656250E+3	-7,412618E-2	2,656250E+3	3,804122E-1	2,656250E+3	-4,225788E-2
2,657812E+3	4,281951E-1	2,657812E+3	-1,843358E-1	2,657812E+3	4,426074E-1	2,657812E+3	-1,440926E-2	2,657812E+3	3,968048E-1	2,657812E+3	-7,590403E-2	2,657812E+3	3,812581E-1	2,657812E+3	-4,295823E-2
2,659375E+3	4,295070E-1	2,659375E+3	-1,855499E-1	2,659375E+3	4,426548E-1	2,659375E+3	-1,466575E-2	2,659375E+3	3,988415E-1	2,659375E+3	-7,755731E-2	2,659375E+3	3,819251E-1	2,659375E+3	-4,360637E-2
2,660937E+3	4,315063E-1	2,660937E+3	-1,871440E-1	2,660937E+3	4,428821E-1	2,660937E+3	-1,514762E-2	2,660937E+3	4,010063E-1	2,660937E+3	-7,937267E-2	2,660937E+3	3,829464E-1	2,660937E+3	-4,430534E-2
2,662500E+3	4,334006E-1	2,662500E+3	-1,886488E-1	2,662500E+3	4,429671E-1	2,662500E+3	-1,560274E-2	2,662500E+3	4,030215E-1	2,662500E+3	-8,105185E-2	2,662500E+3	3,837701E-1	2,662500E+3	-4,494459E-2
2,664062E+3	4,055770E-1	2,664062E+3	-1,857342E-1	2,664062E+3	4,434676E-1	2,664062E+3	-1,613156E-2	2,664062E+3	4,051780E-1	2,664062E+3	-8,299000E-2	2,664062E+3	3,849909E-1	2,664062E+3	-4,568074E-2
2,665625E+3	3,777387E-1	2,665625E+3	-1,853332E-1	2,665625E+3	4,438095E-1	2,665625E+3	-1,662892E-2	2,665625E+3	4,071820E-1	2,665625E+3	-8,477537E-2	2,665625E+3	3,859930E-1	2,665625E+3	-4,634640E-2
2,667187E+3	3,810152E-1	2,667187E+3	-1,870939E-1	2,667187E+3	4,446345E-1	2,667187E+3	-1,722162E-2	2,667187E+3	4,006752E-1	2,667187E+3	-8,973748E-2	2,667187E+3	3,875293E-1	2,667187E+3	-4,713098E-2
2,668750E+3	3,841505E-1	2,668750E+3	-1,887724E-1	2,668750E+3	4,452818E-1	2,668750E+3	-1,777690E-2	2,668750E+3	3,944852E-1	2,668750E+3	-9,454368E-2	2,668750E+3	3,888164E-1	2,668750E+3	-4,782854E-2
2,670312E+3	3,871761E-1	2,670312E+3	-1,905885E-1	2,670312E+3	4,463069E-1	2,670312E+3	-1,850279E-2	2,670312E+3	3,960841E-1	2,670312E+3	-9,645205E-2	2,670312E+3	3,908068E-1	2,670312E+3	-4,867178E-2
2,671875E+3	3,900676E-1	2,671875E+3	-1,923103E-1	2,671875E+3	4,471403E-1	2,671875E+3	-1,918405E-2	2,671875E+3	3,975410E-1	2,671875E+3	-9,815867E-2	2,671875E+3	3,925040E-1	2,671875E+3	-4,940238E-2
2,673437E+3	3,819597E-1	2,673437E+3	-1,965556E-1	2,673437E+3	3,770108E-1	2,673437E+3	-1,918923E-2	2,673437E+3	3,984958E-1	2,673437E+3	-1,002498E-1	2,673437E+3	3,949254E-1	2,673437E+3	-5,033551E-2
2,675000E+3	3,742730E-1	2,675000E+3	-2,009231E-1	2,675000E+3	3,146845E-1	2,675000E+3	-2,293295E-2	2,675000E+3	3,993376E-1	2,675000E+3	-1,021006E-1	2,675000E+3	3,970078E-1	2,675000E+3	-5,112360E-2
2,676562E+3	3,749037E-1	2,676562E+3	-2,025936E-1	2,676562E+3	3,165282E-1	2,676562E+3	-2,377166E-2	2,676562E+3	3,998041E-1	2,676562E+3	-1,042853E-1	2,676562E+3	3,987660E-1	2,676562E+3	-5,392634E-2
2,678125E+3	3,754885E-1	2,678125E+3	-2,041556E-1	2,678125E+3	3,180911E-1	2,678125E+3	-2,453048E-2	2,678125E+3	4,001816E-1	2,678125E+3	-1,061709E-1	2,678125E+3	4,001474E-1	2,678125E+3	-5,645871E-2
2,679687E+3	3,755062E-1	2,679687E+3	-2,059476E-1	2,679687E+3	3,199541E-1	2,679687E+3	-2,526674E-2	2,679687E+3	3,984324E-1	2,679687E+3	-1,082972E-1	2,679687E+3	3,459437E-1	2,679687E+3	-5,777071E-2
2,681250E+3	3,755099E-1	2,681250E+3	-2,076288E-1	2,681250E+3	3,215139E-1	2,681250E+3	-2,591678E-2	2,681250E+3	3,967289E-1	2,681250E+3	-1,101862E-1	2,681250E+3	3,013085E-1	2,681250E+3	-6,377343E-2
2,682812E+3	3,748101E-1	2,682812E+3	-2,094183E-1	2,682812E+3	3,238444E-1	2,682812E+3	-2,668402E-2	2,682812E+3	3,876221E-1	2,682812E+3	-1,121490E-1	2,682812E+3	3,059020E-1	2,682812E+3	-6,448812E-2
2,684375E+3	3,741310E-1	2,684375E+3	-2,111197E-1	2,684375E+3	3,257992E-1	2,684375E+3	-2,733786E-2	2,684375E+3	3,790924E-1	2,684375E+3	-1,142721E-1	2,684375E+3	3,098834E-1	2,684375E+3	-6,493891E-2
2,685937E+3	3,732715E-1	2,685937E+3	-2,128608E-1	2,685937E+3	2,918858E-1	2,685937E+3	-2,780674E-2	2,685937E+3	3,716029E-1	2,685937E+3	-1,164494E-1	2,685937E+3	3,141181E-1	2,685937E+3	-6,580923E-2
2,687500E+3	3,724447E-1	2,687500E+3	-2,145133E-1	2,687500E+3	2,613596E-1	2,687500E+3	-3,008688E-2	2,687500E+3	3,646250E-1	2,687500E+3	-1,187173E-1	2,687500E+3	3,177310E-1	2,687500E+3	-6,635736E-2
2,689062E+3	3,719457E-1	2,689062E+3	-2,163942E-1	2,689062E+3	2,648125E-1	2,689062E+3	-3,116564E-2	2,689062E+3	3,654510E-1	2,689062E+3	-1,210651E-1	2,689062E+3	3,220443E-1	2,689062E+3	-6,723792E-2
2,690625E+3	3,714716E-1	2,690625E+3	-2,181762E-1	2,690625E+3	2,676437E-1	2,690625E+3	-3,199814E-2	2,690625E+3	3,662335E-1	2,690625E+3	-1,230916E-1	2,690625E+3	3,256751E-1	2,690625E+3	-6,770951E-2
2,692187E+3	3,707166E-1	2,692187E+3	-2,202159E-1	2,692187E+3	2,728322E-1	2,692187E+3	-3,308675E-2	2,692187E+3	3,691007E-1	2,692187E+3	-1,256246E-1	2,692187E+3	3,303352E-1	2,692187E+3	-6,865328E-2
2,693750E+3	3,700045E-1	2,693750E+3	-2,221740E-1	2,693750E+3	2,771148E-1	2,693750E+3	-3,381649E-2	2,693750E+3	3,718205E-1	2,693750E+3	-1,277027E-1	2,693750E+3	3,342004E-1	2,693750E+3	-6,903376E-2
2,695312E+3	3,687974E-1	2,695312E+3	-2,243118E-1	2,695312E+3	2,847721E-1	2,695312E+3	-3,461148E-2	2,695312E+3	3,760405E-1	2,695312E+3	-1,305113E-1	2,695312E+3	3,394250E-1	2,695312E+3	-7,002934E-2
2,696875E+3	3,676593E-1	2,696875E+3	-2,263864E-1	2,696875E+3	2,909988E-1	2,696875E+3	-3,486677E-2	2,696875E+3	3,800659E-1	2,696875E+3	-1,326473E-1	2,696875E+3	3,436938E-1	2,696875E+3	-7,021121E-2
2,698437E+3	3,670758E-1	2,698437E+3	-2,285189E-1	2,698437E+3	3,011393E-1	2,698437E+3	-3,585736E-2	2,698437E+3	3,841344E-1	2,698437E+3	-1,357153E-1	2,698437E+3	3,491387E-1	2,698437E+3	-7,148351E-2
2,700000E+3	3,665411E-1	2,700000E+3	-2,305601E-1	2,700000E+3	3,091360E-1	2,700000E+3	-3,590578E-2	2,700000E+3	3,880932E-1	2,700000E+3	-1,379346E-1	2,700000E+3	3,535004E-1	2,700000E+3	-7,152283E-2
2,701562E+3	3,670887E-1	2,701562E+3	-2,326043E-1	2,701562E+3	3,225217E-1	2,701562E+3	-3,732538E-2	2,701562E+3	3,856321E-1	2,701562E+3	-1,410008E-1	2,701562E+3	3,412977E-1	2,701562E+3	-7,379642E-2
2,703125E+3	3,676405E-1	2,703125E+3	-2,345097E-1	2,703125E+3	3,325224E-1	2,703125E+3	-3,693955E-2	2,703125E+3	3,837286E-1	2,703125E+3	-1,435253E-1	2,703125E+3	3,318067E-1	2,703125E+3	-7,542101E-2
2,704687E+3	3,691638E-1	2,704687E+3	-2,364079E-1	2,704687E+3	3,518955E-1	2,704687E+3	-3,970032E-2	2,704687E+3	3,822643E-1	2,704687E+3	-1,462886E-1	2,704687E+3	3,403788E-1	2,704687E+3	-7,667635E-2
2,706250E+3	3,706474E-1	2,706250E+3	-2,381252E-1	2,706250E+3	3,651581E-1	2,706250E+3	-3,787662E-2	2,706250E+3	3,812691E-1	2,706250E+3	-1,485842E-1	2,706250E+3	3,478367E-1	2,706250E+3	-7,604217E-2
2,707812E+3	3,719101E-1	2,707812E+3	-2,399102E-1	2,707812E+3	3,800251E-1	2,707812E+3	-4,145788E-2	2,707812E+3	3,865552E-1	2,707812E+3	-1,514231E-1	2,707812E+3	3,557467E-1	2,707812E+3	-7,742822E-2
2,709375E+3	3,731378E-1	2,709375E+3	-2,415272E-1	2,709375E+3	3,908209E-1	2,709375E+3	-3,937768E-2	2,709375E+3	3,918157E-1	2,709375E+3	-1,534538E-1	2,709375E+3	3,629165E-1	2,709375E+3	-7,671629E-2
2,710937E+3	3,733350E-1	2,710937E+3	-2,433011E-1	2,710937E+3	3,980741E-1	2,710937E+3	-4,184941E-2	2,710937E+3	3,978580E-1	2,710937E+3	-1,563219E-1	2,710937E+3	3,726081E-1	2,710937E+3	-7,847573E-2
2,712500E+3	3,735382E-1	2,712500E+3	-2,449631E-1	2,712500E+3	4,042360E-1	2,712500E+3	-4,064501E-2	2,712500E+3	4,039170E-1	2,712500E+3	-1,582742E-1	2,712500E+3	3,819173E-1	2,712500E+3	-7,705056E-2
2,714062E+3	3,735412E-1	2,714062E+3	-2,466537E-1	2,714062E+3	4,070191E-1	2,714062E+3	-4,257000E-2	2,714062E+3	4,093459E-1	2,714062E+3	-1,610956E-1	2,714062E+3	3,927056E-1	2,714062E+3	-7,924975E-2
2,715625E+3	3,735522E-1	2,715625E+3	-2,482511E-1	2,715625E+3	4,099834E-1	2,715625E+3	-4,191839E-2	2,715625E+3	4,148832E-1	2,715625E+3	-1,630503E-1	2,715625E+3	4,041447E-1	2,715625E+3	-7,754652E-2
2,717187E+3	3,738630E-1	2,717187E+3	-2,498365E-1	2,717187E+3	4,107402E-1	2,717187E+3	-4,352172E-2	2,717187E+3	4,191810E-1	2,717187E+3	-1,656332E-1	2,717187E+3	4,108771E-1	2,717187E+3	-7,911122E-2
2,718750E+3	3,741700E-1	2,718750E+3	-2,513030E-1	2,718750E+3	4,123950E-1	2,718750E+3	-4,302739E-2	2,718750E+3	4,236470E-1	2,718750E+3	-1,675222E-1	2,718750E+3	4,184314E-1	2,718750E+3	-7,880274E-2
2,720312E+3	3,745746E-1	2,720312E+3	-2,528370E-1	2,720312E+3	4,165818E-1	2,720312E+3	-4,482120E-2	2,720312E+3	4,260788E-1	2,720312E+3	-1,700911E-1	2,720312E+3	4,228889E-1	2,720312E+3	-8,000140E-2
2,721875E+3	3,749638E-1	2,721875E+3	-2,542553E-1	2,721875E+3	4,220715E-1	2,721875E+3	-4,424447E-2	2,721875E+3	4,287628E-1	2,721875E+3	-1,721603E-1	2,721875E+3	4,279672E-1	2,721875E+3	-8,018076E-2
2,723437E+3	3,752684E-1	2,723437E+3	-2,557193E-1	2,723437E+3	4,369979E-1	2,723437E+3	-4,879259E-2	2,723437E+3	4,308166E-1	2,723437E+3	-1,746553E-1	2,723437E+3	4,324030E-1	2,723437E+3	-8,132899E-2
2,725000E+3	3,755495E-1	2,725000E+3	-2,570795E-1	2,725000E+3	4,585843E-1	2,725000E+3	-4,593452E-2	2,725000E+3	4,332008E-1	2,725000E+3	-1,766651E-1	2,725000E+3	4,375254E-1	2,725000E+3	-8,158215E-2
2,726562E+3	3,755169E-1	2,726562E+3	-2,585410E-1	2,726562E+3	4,684169E-1	2,726562E+3	-4,795391E-2	2,726562E+3	4,366034E-1	2,726562E+3	-1,790843E-1	2,726562E+3	4,445784E-1	2,726562E+3	-8,287763E-2
2,728125E+3	3,754704E-1	2,728125E+3	-2,599197E-1	2,728125E+3	4,813626E-1	2,728125E+3	-4,795321E-2	2,728125E+3	4,403933E-1	2,728125E+3	-1,808578E-1	2,728125E+3	4,528818E-1	2,728125E+3	-8,288820E-2
2,729687E+3	3,759125E-1	2,729687E+3	-2,610230E-1	2,729687E+3	4,865359E-1	2,729687E+3	-4,892473E-2	2,729687E+3	4,452046E-1	2,729687E+3	-1,830743E-1	2,729687E+3	4,607017E-1	2,729687E+3	-8,398816E-2
2,731250E+3	3,762928E-1	2,731250E+3	-2,620281E-1	2,731250E+3	4,928535E-1	2,731250E+3	-4,926908E-2	2,731250E+3	4,503994E-1	2,731250E+3	-1,845390E-1	2,731250E+3	4,699209E-1	2,731250E+3	-8,386470E-2
2,732812E+3	3,769317E-1	2,732812E+3	-2,628894E-1	2,732812E+3	5,055834E-1	2,732812E+3	-5,074160E-2	2,732812E+3	4,543608E-1	2,732812E+3	-1,865180E-1	2,732812E+3	4,762435E-1	2,732812E+3	-8,482538E-2
2,734375E+3	3,774839E-1	2,734375E+3	-2,636316E-1	2,734375E+3	5,217227E-1	2,734375E+3	-5,054431E-2	2,734375E+3	4,586286E-1	2,734375E+3	-1,879505E-1	2,734375E+3	4,836595E-1	2,734375E+3	-8,497759E-2
2,735937E+3	3,781044E-1	2,735937E+3	-2,644339E-1	2,735937E+3	5,332222E-1	2,735937E+3	-5,247383E-2	2,735937E+3	4,614456E-1	2,735937E+3	-1,898413E-1	2,735937E+3	4,905649E-1	2,735937E+3	-8,605727E-2
2,737500E+3	3,786300E-1	2,737500E+3	-2,651180E-1	2,737500E+3	5,473006E-1	2,737500E+3	-5,368305E-2	2,737500E+3	4,645218E-1	2,737500E+3	-1,913567E-1	2,737500E+3	4,986855E-1	2,737500E+3	-8,641752E-2
2,739062E+3	3,791061E-1	2,739062E+3	-2,660490E-1	2,739062E+3	5,509008E-1	2,739062E+3	-5,444020E-2	2,739062E+3	4,676175E-1	2,739062E+3	-1,931181E-1	2,739062E+3	5,060717E-1	2,739062E+3	-8,764057E-2
2,740625E+3	3,794953E-1	2,740625E+3	-2,668713E-1	2,740625E+3	5,550167E-1	2,740625E+3	-5,505106E-2	2,740625E+3	4,709941E-1	2,740625E+3	-1,944893E-1	2,740625E+3	5,147568E-1	2,740625E+3	-8,823710E-2
2,742187E+3	3,802964E-1	2,742187E+3	-2,675543E-1	2,742187E+3	5,571824E-1	2,742187E+3	-5,542537E-2	2,742187E+3	4,745008E-1	2,742187E+3	-1,960755E-1	2,742187E+3	5,200969E-1	2,742187E+3	-8,940601E-2
2,743750E+3	3,809713E-1	2,743750E+3	-2,681113E-1	2,743750E+3	5,596627E-1	2,743750E+3	-5,568141E-2	2,743750E+3	4,783694E-1	2,743750E+3	-1,972076E-1	2,743750E+3	5,263184E-1	2,743750E+3	-9,023467E-2
2,745312E+3	3,822329E-1	2,745312E+3	-2,684325E-1	2,745312E+3	5,610369E-1	2,745312E+3	-5,571869E-2	2,745312E+3	4,796577E-1	2,745312E+3	-1,987805E-1	2,745312E+3	5,301433E-1	2,745312E+3	-9,125610E-2
2,746875E+3	3,833134E-1	2,746875E+3	-2,686024E-1	2,746875E+3	5,626223E-1	2,746875E+3	-5,565503E-2	2,746875E+3	4,814809E-1	2,746875E+3	-2,001027E-1	2,746875E+3	5,346509E-1	2,746875E+3	-9,205744E-2
2,748437E+3	3,847461E-1	2,748437E+3	-2,686810E-1	2,748437E+3	5,918257E-1	2,748437E+3	-5,881334E-2	2,748437E+3	4,766493E-1	2,748437E+3	-2,019731E-1	2,748437E+3	5,378876E-1	2,748437E+3	-9,308297E-2
2,750000E+3	3,859729E-1	2,750000E+3	-2,685817E-1	2,750000E+3	6,293751E-1	2,750000E+3	-6,016822E-2	2,750000E+3	4,732252E-1	2,750000E+3	-2,045383E-1	2,750000E+3	5,418511E-1	2,750000E+3	-9,395262E-2
2,751562E+3	3,869639E-1	2,751562E+3	-2,689481E-1	2,751562E+3	5,997096E-1	2,751562E+3	-5,822243E-2	2,751562E+3	4,745461E-1	2,751562E+3	-2,059676E-1	2,751562E+3	5,416826E-1	2,751562E+3	-9,584438E-2
2,753125E+3	3,878056E-1	2,753125E+3	-2,691352E-1	2,753125E+3	5,923457E-1	2,753125E+3	-6,871147E-2	2,753125E+3	4,762757E-1	2,753125E+3	-2,072701E-1	2,753125E+3	5,428373E-1	2,753125E+3	-9,797828E-2
2,754687E+3	3,885192E-1	2,754687E+3	-2,696714E-1	2,754687E+3	5,945200E-1	2,754687E+3	-6,956296E-2	2,754687E+3	4,796808E-1	2,754687E+3	-2,082977E-1	2,754687E+3	5,406221E-1	2,754687E+3	-1,004799E-1
2,756250E+3	3,891365E-1	2,756250E+3	-2,700094E-1	2,756250E+3	5,968843E-1	2,756250E+3	-7,049573E-2	2,756250E+3	4,833247E-1	2,756250E+3	-2,090379E-1	2,756250E+3	5,402555E-1	2,756250E+3	-1,037481E-1
2,757812E+3	3,900287E-1	2,757812E+3	-2,702481E-1	2,757812E+3	5,984622E-1	2,757812E+3	-7,130682E-2	2,757812E+3	4,871754E-1	2,757812E+3	-2,099143E-1	2,757812E+3	5,832933E-1	2,757812E+3	-9,948517E-2
2,759375E+3	3,908300E-1	2,759375E+3	-2,702347E-1	2,759375E+3	6,002413E-1	2,759375E+3	-7,225231E-2	2,759375E+3	4,912271E-1	2,759375E+3	-2,104965E-1	2,759375E+3	6,360829E-1	2,759375E+3	-8,825039E-2
2,760937E+3	3,917651E-1	2,760937E+3	-2,703637E-1	2,760937E+3	6,516978E-1	2,760937E+3	-6,904465E-2	2,760937E+3	4,950416E-1	2,760937E+3	-2,113110E-1	2,760937E+3	6,405096E-1	2,760937E+3	-8,932308E-2
2,762500E+3	3,926190E-1	2,762500E+3	-2,702251E-1	2,762500E+3	7,156067E-1	2,762500E+3	-5,986874E-2	2,762500E+3	4,990367E-1	2,762500E+3	-2,118537E-1	2,762500E+3	6,453110E-1	2,762500E+3	-9,039985E-2
2,764062E+3	3,938317E-1	2,764062E+3	-2,702039E-1	2,764062E+3	7,215176E-1	2,764062E+3	-6,084521E-2	2,764062E+3	5,031645E-1	2,764062E+3	-2,123505E-1	2,764062E+3	6,492764E-1	2,764062E+3	-9,125715E-2
2,765625E+3	3,949513E-1	2,765625E+3	-2,698970E-1	2,765625E+3	7,277900E-1	2,765625E+3	-6,198425E-2	2,765625E+3	5,074597E-1	2,765625E+3	-2,125518E-1	2,765625E+3	6,535135E-1	2,765625E+3	-9,210873E-2
2,767187E+3	3,965511E-1	2,767187E+3	-2,697755E-1	2,767187E+3	7,324051E-1	2,767187E+3	-6,287472E-2	2,767187E+3	5,109462E-1	2,767187E+3	-2,130836E-1	2,767187E+3	6,580216E-1	2,767187E+3	-9,274245E-2
2,768750E+3	3,980728E-1	2,768750E+3	-2,693225E-1	2,768750E+3	7,372855E-1	2,768750E+3	-6,394739E-2	2,768750E+3	5,145835E-1	2,768750E+3	-2,133822E-1	2,768750E+3	6,627948E-1	2,768750E+3	-9,334264E-2
2,770312E+3	3,998068E-1	2,770312E+3	-2,691995E-1	2,770312E+3	7,414532E-1	2,770312E+3	-6,485222E-2	2,770312E+3	5,083161E-1	2,770312E+3	-2,149097E-1	2,770312E+3	6,674855E-1	2,770312E+3	-9,394786E-2
2,771875E+3	4,014917E-1	2,771875E+3	-2,687397E-1	2,771875E+3	7,458381E-1	2,771875E+3	-6,593686E-2	2,771875E+3	5,038011E-1	2,771875E+3	-2,186261E-1	2,771875E+3	6,724144E-1	2,771875E+3	-9,451107E-2
2,773437E+3	4,033697E-1	2,773437E+3	-2,685797E-1	2,773437E+3	7,498890E-1	2,773437E+3	-6,688510E-2	2,773437E+3	5,058155E-1	2,773437E+3	-2,189665E-1	2,773437E+3	6,769049E-1	2,773437E+3	-9,509589E-2
2,775000E+3	4,052360E-1	2,775000E+3	-2,680718E-1	2,775000E+3	7,541214E-1	2,775000E+3	-6,800484E-2	2,775000E+3	5,083253E-1	2,775000E+3	-2,194794E-1	2,775000E+3	6,815914E-1	2,775000E+3	-9,563800E-2
2,776562E+3	4,084077E-1	2,776562E+3	-2,670459E-1	2,776562E+3	7,587849E-1	2,776562E+3	-6,902196E-2	2,776562E+3	5,117090E-1	2,776562E+3	-2,194095E-1	2,776562E+3	6,857553E-1	2,776562E+3	-9,607728E-2
2,778125E+3	4,115374E-1	2,778125E+3	-2,655125E-1	2,778125E+3	7,636607E-1	2,778125E+3	-7,020499E-2	2,778125E+3	5,155683E-1	2,778125E+3	-2,194860E-1	2,778125E+3	6,900704E-1	2,778125E+3	-9,647051E-2
2,779687E+3	4,147309E-1	2,779687E+3	-2,645195E-1	2,779687E+3	7,694407E-1	2,779687E+3	-7,131503E-2	2,779687E+3	5,127264E-1	2,779687E+3	-2,212284E-1	2,779687E+3	6,943963E-1	2,779687E+3	-9,655024E-2
2,781250E+3	4,179496E-1	2,781250E+3	-2,630463E-1	2,781250E+3	7,754933E-1	2,781250E+3	-7,259323E-2	2,781250E+3	5,104992E-1	2,781250E+3	-2,248927E-1	2,781250E+3	6,988486E-1	2,781250E+3	-9,656693E-2
2,782812E+3	4,199407E-1	2,782812E+3	-2,629706E-1	2,782812E+3	7,820055E-1	2,782812E+3	-7,390533E-2	2,782812E+3	5,113272E-1	2,782812E+3	-2,263636E-1	2,782812E+3	6,970432E-1	2,782812E+3	-1,055835E-1
2,784375E+3	4,220968E-1	2,784375E+3	-2,626069E-1	2,784375E+3	7,888037E-1	2,784375E+3	-7,542288E-2	2,784375E+3	5,122828E-1	2,784375E+3	-2,280297E-1	2,784375E+3	7,106491E-1	2,784375E+3	-1,317226E-1
2,785937E+3	4,234721E-1	2,785937E+3	-2,630717E-1	2,785937E+3	7,950569E-1	2,785937E+3	-7,721809E-2	2,785937E+3	5,134152E-1	2,785937E+3	-2,294632E-1	2,785937E+3	7,165855E-1	2,785937E+3	-1,326827E-1
2,787500E+3	4,250670E-1	2,787500E+3	-2,633758E-1	2,787500E+3	8,016218E-1	2,787500E+3	-7,928956E-2	2,787500E+3	5,146136E-1	2,787500E+3	-2,309512E-1	2,787500E+3	7,226749E-1	2,787500E+3	-1,336066E-1
2,789062E+3	4,260648E-1	2,789062E+3	-2,643009E-1	2,789062E+3	8,067279E-1	2,789062E+3	-8,149939E-2	2,789062E+3	5,162506E-1	2,789062E+3	-2,321596E-1	2,789062E+3	7,282818E-1	2,789062E+3	-1,344568E-1
2,790625E+3	4,273052E-1	2,790625E+3	-2,651653E-1	2,790625E+3	8,121426E-1	2,790625E+3	-8,408239E-2	2,790625E+3	5,179366E-1	2,790625E+3	-2,333631E-1	2,790625E+3	7,340205E-1	2,790625E+3	-1,352734E-1
2,792187E+3	4,283639E-1	2,792187E+3	-2,660670E-1	2,792187E+3	8,145886E-1	2,792187E+3	-9,421731E-2	2,792187E+3	5,430824E-1	2,792187E+3	-2,201923E-1	2,792187E+3	7,389146E-1	2,792187E+3	-1,360645E-1
2,793750E+3	4,296937E-1	2,793750E+3	-2,669613E-1	2,793750E+3	8,206393E-1	2,793750E+3	-1,156878E-1	2,793750E+3	5,681086E-1	2,793750E+3	-2,042569E-1	2,793750E+3	7,439161E-1	2,793750E+3	-1,368349E-1
2,795312E+3	4,314702E-1	2,795312E+3	-2,672358E-1	2,795312E+3	8,269371E-1	2,795312E+3	-1,165663E-1	2,795312E+3	5,731574E-1	2,795312E+3	-2,034935E-1	2,795312E+3	7,478432E-1	2,795312E+3	-1,377317E-1
2,796875E+3	4,335141E-1	2,796875E+3	-2,674929E-1	2,796875E+3	8,333169E-1	2,796875E+3	-1,174110E-1	2,796875E+3	5,782940E-1	2,796875E+3	-2,025602E-1	2,796875E+3	7,518594E-1	2,796875E+3	-1,386263E-1
2,798437E+3	4,394112E-1	2,798437E+3	-2,647752E-1	2,798437E+3	8,407562E-1	2,798437E+3	-1,183314E-1	2,798437E+3	5,817045E-1	2,798437E+3	-2,027709E-1	2,798437E+3	7,555897E-1	2,798437E+3	-1,396298E-1
2,800000E+3	4,454654E-1	2,800000E+3	-2,615642E-1	2,800000E+3	8,482809E-1	2,800000E+3	-1,191936E-1	2,800000E+3	5,852392E-1	2,800000E+3	-2,031486E-1	2,800000E+3	7,594127E-1	2,800000E+3	-1,406329E-1
2,801562E+3	4,564637E-1	2,801562E+3	-2,564407E-1	2,801562E+3	8,545449E-1	2,801562E+3	-1,199022E-1	2,801562E+3	5,873556E-1	2,801562E+3	-2,045608E-1	2,801562E+3	7,631340E-1	2,801562E+3	-1,415154E-1
2,803125E+3	4,676940E-1	2,803125E+3	-2,502787E-1	2,803125E+3	8,608691E-1	2,803125E+3	-1,205595E-1	2,803125E+3	5,896456E-1	2,803125E+3	-2,064779E-1	2,803125E+3	7,669432E-1	2,803125E+3	-1,423936E-1
2,804687E+3	4,687378E-1	2,804687E+3	-2,512143E-1	2,804687E+3	8,654393E-1	2,804687E+3	-1,209641E-1	2,804687E+3	5,919259E-1	2,804687E+3	-2,080705E-1	2,804687E+3	7,810279E-1	2,804687E+3	-1,394501E-1
2,806250E+3	4,701483E-1	2,806250E+3	-2,528572E-1	2,806250E+3	8,700510E-1	2,806250E+3	-1,213344E-1	2,806250E+3	5,943668E-1	2,806250E+3	-2,100850E-1	2,806250E+3	7,946184E-1	2,806250E+3	-1,362881E-1
2,807812E+3	4,695374E-1	2,807812E+3	-2,554155E-1	2,807812E+3	8,734530E-1	2,807812E+3	-1,213599E-1	2,807812E+3	5,975172E-1	2,807812E+3	-2,116875E-1	2,807812E+3	7,960454E-1	2,807812E+3	-1,371614E-1
2,809375E+3	4,691492E-1	2,809375E+3	-2,587125E-1	2,809375E+3	8,768764E-1	2,809375E+3	-1,213611E-1	2,809375E+3	6,008607E-1	2,809375E+3	-2,135882E-1	2,809375E+3	7,975256E-1	2,809375E+3	-1,380596E-1
2,810937E+3	4,707262E-1	2,810937E+3	-2,601068E-1	2,810937E+3	8,800922E-1	2,810937E+3	-1,209891E-1	2,810937E+3	6,050392E-1	2,810937E+3	-2,138450E-1	2,810937E+3	7,990939E-1	2,810937E+3	-1,389380E-1
2,812500E+3	4,723830E-1	2,812500E+3	-2,615837E-1	2,812500E+3	8,833177E-1	2,812500E+3	-1,205875E-1	2,812500E+3	6,093119E-1	2,812500E+3	-2,140617E-1	2,812500E+3	8,007154E-1	2,812500E+3	-1,398361E-1
2,814062E+3	4,752989E-1	2,814062E+3	-2,619747E-1	2,814062E+3	8,985535E-1	2,814062E+3	-1,164951E-1	2,814062E+3	6,133754E-1	2,814062E+3	-2,140478E-1	2,814062E+3	8,025489E-1	2,814062E+3	-1,407125E-1
2,815625E+3	4,782518E-1	2,815625E+3	-2,622662E-1	2,815625E+3	9,127551E-1	2,815625E+3	-1,123594E-1	2,815625E+3	6,174979E-1	2,815625E+3	-2,139731E-1	2,815625E+3	8,044457E-1	2,815625E+3	-1,416049E-1
2,817187E+3	4,826459E-1	2,817187E+3	-2,616680E-1	2,817187E+3	9,185619E-1	2,817187E+3	-1,178601E-1	2,817187E+3	6,214398E-1	2,817187E+3	-2,137731E-1	2,817187E+3	8,066751E-1	2,817187E+3	-1,425884E-1
2,818750E+3	4,870717E-1	2,818750E+3	-2,608586E-1	2,818750E+3	9,249221E-1	2,818750E+3	-1,239836E-1	2,818750E+3	6,254228E-1	2,818750E+3	-2,135123E-1	2,818750E+3	8,089914E-1	2,818750E+3	-1,435880E-1
2,820312E+3	4,920332E-1	2,820312E+3	-2,597658E-1	2,820312E+3	9,450900E-1	2,820312E+3	-1,370494E-1	2,820312E+3	6,298351E-1	2,820312E+3	-2,127548E-1	2,820312E+3	8,121441E-1	2,820312E+3	-1,297710E-1
2,821875E+3	4,970257E-1	2,821875E+3	-2,584342E-1	2,821875E+3	9,713363E-1	2,821875E+3	-1,524193E-1	2,821875E+3	6,342793E-1	2,821875E+3	-2,119309E-1	2,821875E+3	8,148868E-1	2,821875E+3	-1,195012E-1
2,823437E+3	4,998857E-1	2,823437E+3	-2,589762E-1	2,823437E+3	9,782925E-1	2,823437E+3	-1,564891E-1	2,823437E+3	6,390576E-1	2,823437E+3	-2,111102E-1	2,823437E+3	8,502162E-1	2,823437E+3	-1,498245E-1
2,825000E+3	5,028155E-1	2,825000E+3	-2,595836E-1	2,825000E+3	9,856423E-1	2,825000E+3	-1,607721E-1	2,825000E+3	6,439022E-1	2,825000E+3	-2,102633E-1	2,825000E+3	9,131618E-1	2,825000E+3	-1,952066E-1
2,826562E+3	5,326161E-1	2,826562E+3	-2,341581E-1	2,826562E+3	1,011188E+0	2,826562E+3	-1,760402E-1	2,826562E+3	6,480702E-1	2,826562E+3	-2,106244E-1	2,826562E+3	9,219800E-1	2,826562E+3	-1,991317E-1
2,828125E+3	5,613492E-1	2,828125E+3	-2,064993E-1	2,828125E+3	1,041341E+0	2,828125E+3	-1,939698E-1	2,828125E+3	6,524210E-1	2,828125E+3	-2,110542E-1	2,828125E+3	9,313084E-1	2,828125E+3	-2,031824E-1
2,829687E+3	5,719033E-1	2,829687E+3	-2,020618E-1	2,829687E+3	1,056247E+0	2,829687E+3	-1,994102E-1	2,829687E+3	6,555195E-1	2,829687E+3	-2,123759E-1	2,829687E+3	9,479573E-1	2,829687E+3	-2,120432E-1
2,831250E+3	5,825329E-1	2,831250E+3	-1,972907E-1	2,831250E+3	1,072125E+0	2,831250E+3	-2,050713E-1	2,831250E+3	6,588052E-1	2,831250E+3	-2,137435E-1	2,831250E+3	9,661346E-1	2,831250E+3	-2,214750E-1
2,832812E+3	5,917085E-1	2,832812E+3	-1,944991E-1	2,832812E+3	1,087301E+0	2,832812E+3	-1,902038E-1	2,832812E+3	6,615680E-1	2,832812E+3	-2,151640E-1	2,832812E+3	9,916365E-1	2,832812E+3	-2,360396E-1
2,834375E+3	6,009590E-1	2,834375E+3	-1,914603E-1	2,834375E+3	1,100477E+0	2,834375E+3	-1,792678E-1	2,834375E+3	6,644852E-1	2,834375E+3	-2,165957E-1	2,834375E+3	1,019985E+0	2,834375E+3	-2,520806E-1
2,835937E+3	6,080507E-1	2,835937E+3	-1,904698E-1	2,835937E+3	1,110116E+0	2,835937E+3	-1,810892E-1	2,835937E+3	6,673428E-1	2,835937E+3	-2,181570E-1	2,835937E+3	1,041328E+0	2,835937E+3	-2,653581E-1
2,837500E+3	6,152370E-1	2,837500E+3	-1,893340E-1	2,837500E+3	1,120028E+0	2,837500E+3	-1,829251E-1	2,837500E+3	6,703528E-1	2,837500E+3	-2,197161E-1	2,837500E+3	1,064193E+0	2,837500E+3	-2,796694E-1
2,839062E+3	6,210986E-1	2,839062E+3	-1,894799E-1	2,839062E+3	1,131035E+0	2,839062E+3	-1,861376E-1	2,839062E+3	7,106034E-1	2,839062E+3	-1,903276E-1	2,839062E+3	1,077336E+0	2,839062E+3	-2,882397E-1
2,840625E+3	6,270759E-1	2,840625E+3	-1,895487E-1	2,840625E+3	1,142387E+0	2,840625E+3	-1,894094E-1	2,840625E+3	7,400090E-1	2,840625E+3	-1,654530E-1	2,840625E+3	1,090938E+0	2,840625E+3	-2,971007E-1
2,842187E+3	6,324034E-1	2,842187E+3	-1,906335E-1	2,842187E+3	1,154902E+0	2,842187E+3	-1,942930E-1	2,842187E+3	7,420347E-1	2,842187E+3	-1,663708E-1	2,842187E+3	1,103184E+0	2,842187E+3	-3,057997E-1
2,843750E+3	6,378904E-1	2,843750E+3	-1,917038E-1	2,843750E+3	1,167828E+0	2,843750E+3	-1,993123E-1	2,843750E+3	7,441576E-1	2,843750E+3	-1,672768E-1	2,843750E+3	1,115791E+0	2,843750E+3	-3,147331E-1
2,845312E+3	6,430566E-1	2,845312E+3	-1,933268E-1	2,845312E+3	1,181771E+0	2,845312E+3	-2,061279E-1	2,845312E+3	7,469845E-1	2,845312E+3	-1,680256E-1	2,845312E+3	1,127391E+0	2,845312E+3	-3,233674E-1
2,846875E+3	6,483995E-1	2,846875E+3	-1,949559E-1	2,846875E+3	1,196178E+0	2,846875E+3	-2,131827E-1	2,846875E+3	7,499474E-1	2,846875E+3	-1,687492E-1	2,846875E+3	1,139278E+0	2,846875E+3	-3,321711E-1
2,848437E+3	6,531127E-1	2,848437E+3	-1,968719E-1	2,848437E+3	1,210634E+0	2,848437E+3	-2,213381E-1	2,848437E+3	7,539404E-1	2,848437E+3	-1,699516E-1	2,848437E+3	1,152156E+0	2,848437E+3	-3,425721E-1
2,850000E+3	6,579899E-1	2,850000E+3	-1,987993E-1	2,850000E+3	1,225515E+0	2,850000E+3	-2,297752E-1	2,850000E+3	7,581598E-1	2,850000E+3	-1,711380E-1	2,850000E+3	1,165347E+0	2,850000E+3	-3,531926E-1
2,851562E+3	7,060354E-1	2,851562E+3	-1,764093E-1	2,851562E+3	1,241935E+0	2,851562E+3	-2,403285E-1	2,851562E+3	7,745646E-1	2,851562E+3	-1,762547E-1	2,851562E+3	1,179484E+0	2,851562E+3	-3,656038E-1
2,853125E+3	7,438855E-1	2,853125E+3	-1,559934E-1	2,853125E+3	1,258828E+0	2,853125E+3	-2,512805E-1	2,853125E+3	7,934614E-1	2,853125E+3	-1,808705E-1	2,853125E+3	1,193937E+0	2,853125E+3	-3,783038E-1
2,854687E+3	7,463389E-1	2,854687E+3	-1,603909E-1	2,854687E+3	1,279753E+0	2,854687E+3	-2,663890E-1	2,854687E+3	7,977352E-1	2,854687E+3	-1,812876E-1	2,854687E+3	1,183845E+0	2,854687E+3	-3,631167E-1
2,856250E+3	7,490622E-1	2,856250E+3	-1,650039E-1	2,856250E+3	1,301340E+0	2,856250E+3	-2,822401E-1	2,856250E+3	8,021006E-1	2,856250E+3	-1,817074E-1	2,856250E+3	1,180732E+0	2,856250E+3	-3,604991E-1
2,857812E+3	7,520907E-1	2,857812E+3	-1,658096E-1	2,857812E+3	1,318484E+0	2,857812E+3	-2,948586E-1	2,857812E+3	8,266205E-1	2,857812E+3	-1,825490E-1	2,857812E+3	1,189891E+0	2,857812E+3	-3,680430E-1
2,859375E+3	7,553209E-1	2,859375E+3	-1,667309E-1	2,859375E+3	1,335982E+0	2,859375E+3	-3,077974E-1	2,859375E+3	8,528003E-1	2,859375E+3	-1,864572E-1	2,859375E+3	1,199401E+0	2,859375E+3	-3,758405E-1
2,860937E+3	7,585247E-1	2,860937E+3	-1,676020E-1	2,860937E+3	1,352291E+0	2,860937E+3	-3,202075E-1	2,860937E+3	8,588107E-1	2,860937E+3	-1,890099E-1	2,860937E+3	1,209750E+0	2,860937E+3	-3,844458E-1
2,862500E+3	7,618059E-1	2,862500E+3	-1,685043E-1	2,862500E+3	1,368874E+0	2,862500E+3	-3,328337E-1	2,862500E+3	8,649909E-1	2,862500E+3	-1,915658E-1	2,862500E+3	1,220441E+0	2,862500E+3	-3,933146E-1
2,864062E+3	7,730759E-1	2,864062E+3	-1,740768E-1	2,864062E+3	1,362803E+0	2,864062E+3	-3,245193E-1	2,864062E+3	8,714128E-1	2,864062E+3	-1,939617E-1	2,864062E+3	1,232711E+0	2,864062E+3	-4,048343E-1
2,865625E+3	7,857449E-1	2,865625E+3	-1,795645E-1	2,865625E+3	1,361933E+0	2,865625E+3	-3,240547E-1	2,865625E+3	8,780074E-1	2,865625E+3	-1,963538E-1	2,865625E+3	1,245356E+0	2,865625E+3	-4,167179E-1
2,867187E+3	8,142506E-1	2,867187E+3	-1,811906E-1	2,867187E+3	1,376976E+0	2,867187E+3	-3,368952E-1	2,867187E+3	8,862165E-1	2,867187E+3	-1,995013E-1	2,867187E+3	1,261148E+0	2,867187E+3	-4,333734E-1
2,868750E+3	8,419531E-1	2,868750E+3	-1,851517E-1	2,868750E+3	1,392384E+0	2,868750E+3	-3,501616E-1	2,868750E+3	8,946865E-1	2,868750E+3	-2,026591E-1	2,868750E+3	1,277314E+0	2,868750E+3	-4,505928E-1
2,870312E+3	8,467644E-1	2,870312E+3	-1,883043E-1	2,870312E+3	1,407219E+0	2,870312E+3	-3,637578E-1	2,870312E+3	9,046575E-1	2,870312E+3	-2,067238E-1	2,870312E+3	1,291695E+0	2,870312E+3	-4,662305E-1
2,871875E+3	8,517250E-1	2,871875E+3	-1,914861E-1	2,871875E+3	1,422396E+0	2,871875E+3	-3,777792E-1	2,871875E+3	9,149612E-1	2,871875E+3	-2,108144E-1	2,871875E+3	1,306371E+0	2,871875E+3	-4,822907E-1
2,873437E+3	8,569136E-1	2,873437E+3	-1,942947E-1	2,873437E+3	1,505931E+0	2,873437E+3	-4,875358E-1	2,873437E+3	9,256731E-1	2,873437E+3	-2,150778E-1	2,873437E+3	1,350267E+0	2,873437E+3	-5,578914E-1
2,875000E+3	8,622495E-1	2,875000E+3	-1,971201E-1	2,875000E+3	1,585084E+0	2,875000E+3	-6,252406E-1	2,875000E+3	9,367179E-1	2,875000E+3	-2,193635E-1	2,875000E+3	1,390881E+0	2,875000E+3	-6,421749E-1
2,876562E+3	8,695604E-1	2,876562E+3	-2,012642E-1	2,876562E+3	1,584361E+0	2,876562E+3	-6,181066E-1	2,876562E+3	9,475170E-1	2,876562E+3	-2,236429E-1	2,876562E+3	1,454148E+0	2,876562E+3	-8,677487E-1
2,878125E+3	8,771295E-1	2,878125E+3	-2,054562E-1	2,878125E+3	1,583919E+0	2,878125E+3	-6,120722E-1	2,878125E+3	9,586060E-1	2,878125E+3	-2,279395E-1	2,878125E+3	1,452699E+0	2,878125E+3	-1,127993E+0
2,879687E+3	8,846802E-1	2,879687E+3	-2,093040E-1	2,879687E+3	1,582962E+0	2,879687E+3	-6,038622E-1	2,879687E+3	9,698151E-1	2,879687E+3	-2,320639E-1	2,879687E+3	1,467321E+0	2,879687E+3	-1,136056E+0
2,881250E+3	8,924463E-1	2,881250E+3	-2,131806E-1	2,881250E+3	1,582227E+0	2,881250E+3	-5,971524E-1	2,881250E+3	9,812854E-1	2,881250E+3	-2,361934E-1	2,881250E+3	1,482220E+0	2,881250E+3	-1,143993E+0
2,882812E+3	9,006445E-1	2,882812E+3	-2,172639E-1	2,882812E+3	1,703857E+0	2,882812E+3	-8,442126E-1	2,882812E+3	9,921354E-1	2,882812E+3	-2,396029E-1	2,882812E+3	1,493401E+0	2,882812E+3	-1,149415E+0
2,884375E+3	9,090528E-1	2,884375E+3	-2,213624E-1	2,884375E+3	1,759026E+0	2,884375E+3	-1,169612E+0	2,884375E+3	1,003197E+0	2,884375E+3	-2,430458E-1	2,884375E+3	1,504728E+0	2,884375E+3	-1,154818E+0
2,885937E+3	9,184844E-1	2,885937E+3	-2,263502E-1	2,885937E+3	1,759329E+0	2,885937E+3	-1,194472E+0	2,885937E+3	1,009642E+0	2,885937E+3	-2,381928E-1	2,885937E+3	1,514500E+0	2,885937E+3	-1,158069E+0
2,887500E+3	9,281606E-1	2,887500E+3	-2,313533E-1	2,887500E+3	1,759848E+0	2,887500E+3	-1,218562E+0	2,887500E+3	1,016870E+0	2,887500E+3	-2,363728E-1	2,887500E+3	1,524307E+0	2,887500E+3	-1,161297E+0
2,889062E+3	9,374000E-1	2,889062E+3	-2,361195E-1	2,889062E+3	1,488635E+0	2,889062E+3	-1,532237E+0	2,889062E+3	1,021706E+0	2,889062E+3	-2,302886E-1	2,889062E+3	1,533016E+0	2,889062E+3	-1,164487E+0
2,890625E+3	9,468357E-1	2,890625E+3	-2,408718E-1	2,890625E+3	1,201656E+0	2,890625E+3	-1,671908E+0	2,890625E+3	1,028143E+0	2,890625E+3	-2,306449E-1	2,890625E+3	1,541672E+0	2,890625E+3	-1,167619E+0
2,892187E+3	9,562924E-1	2,892187E+3	-2,456734E-1	2,892187E+3	1,258504E+0	2,892187E+3	-1,671701E+0	2,892187E+3	1,041885E+0	2,892187E+3	-2,362429E-1	2,892187E+3	1,545825E+0	2,892187E+3	-1,187035E+0
2,893750E+3	9,659288E-1	2,893750E+3	-2,504414E-1	2,893750E+3	1,316035E+0	2,893750E+3	-1,667407E+0	2,893750E+3	1,055838E+0	2,893750E+3	-2,418184E-1	2,893750E+3	1,550153E+0	2,893750E+3	-1,205802E+0
2,895312E+3	9,778070E-1	2,895312E+3	-2,567678E-1	2,895312E+3	1,366627E+0	2,895312E+3	-1,664872E+0	2,895312E+3	1,066793E+0	2,895312E+3	-2,457216E-1	2,895312E+3	1,538229E+0	2,895312E+3	-1,264895E+0
2,896875E+3	9,899455E-1	2,896875E+3	-2,630785E-1	2,896875E+3	1,417483E+0	2,896875E+3	-1,659092E+0	2,896875E+3	1,077830E+0	2,896875E+3	-2,495710E-1	2,896875E+3	1,525354E+0	2,896875E+3	-1,320472E+0
2,898437E+3	9,916843E-1	2,898437E+3	-2,281153E-1	2,898437E+3	1,462590E+0	2,898437E+3	-1,652481E+0	2,898437E+3	1,087506E+0	2,898437E+3	-2,526092E-1	2,898437E+3	1,501622E+0	2,898437E+3	-1,380097E+0
2,900000E+3	9,924482E-1	2,900000E+3	-2,217191E-1	2,900000E+3	1,507432E+0	2,900000E+3	-1,643181E+0	2,900000E+3	1,097207E+0	2,900000E+3	-2,555928E-1	2,900000E+3	1,478068E+0	2,900000E+3	-1,434661E+0
2,901562E+3	1,004296E+0	2,901562E+3	-2,277168E-1	2,901562E+3	1,547854E+0	2,901562E+3	-1,633123E+0	2,901562E+3	1,107503E+0	2,901562E+3	-2,586586E-1	2,901562E+3	1,289929E+0	2,901562E+3	-1,574308E+0
2,903125E+3	1,016315E+0	2,903125E+3	-2,336681E-1	2,903125E+3	1,587612E+0	2,903125E+3	-1,620793E+0	2,903125E+3	1,117809E+0	2,903125E+3	-2,616690E-1	2,903125E+3	1,129057E+0	2,903125E+3	-1,655692E+0
2,904687E+3	1,025586E+0	2,904687E+3	-2,375363E-1	2,904687E+3	1,624214E+0	2,904687E+3	-1,607720E+0	2,904687E+3	1,213634E+0	2,904687E+3	-3,194629E-1	2,904687E+3	1,168391E+0	2,904687E+3	-1,656719E+0
2,906250E+3	1,034916E+0	2,906250E+3	-2,413623E-1	2,906250E+3	1,659859E+0	2,906250E+3	-1,592650E+0	2,906250E+3	1,318178E+0	2,906250E+3	-3,866801E-1	2,906250E+3	1,207840E+0	2,906250E+3	-1,654886E+0
2,907812E+3	1,043536E+0	2,907812E+3	-2,445005E-1	2,907812E+3	1,693622E+0	2,907812E+3	-1,577177E+0	2,907812E+3	1,457218E+0	2,907812E+3	-4,936725E-1	2,907812E+3	1,245816E+0	2,907812E+3	-1,654871E+0
2,909375E+3	1,052178E+0	2,909375E+3	-2,476310E-1	2,909375E+3	1,726295E+0	2,909375E+3	-1,559834E+0	2,909375E+3	1,605100E+0	2,909375E+3	-6,272733E-1	2,909375E+3	1,283926E+0	2,909375E+3	-1,651871E+0
2,910937E+3	1,126211E+0	2,910937E+3	-2,978318E-1	2,910937E+3	1,757593E+0	2,910937E+3	-1,538067E+0	2,910937E+3	1,607065E+0	2,910937E+3	-6,101791E-1	2,910937E+3	1,320102E+0	2,910937E+3	-1,649311E+0
2,912500E+3	1,206184E+0	2,912500E+3	-3,537891E-1	2,912500E+3	1,786876E+0	2,912500E+3	-1,514645E+0	2,912500E+3	1,608248E+0	2,912500E+3	-5,939484E-1	2,912500E+3	1,356351E+0	2,912500E+3	-1,643734E+0
2,914062E+3	1,321901E+0	2,914062E+3	-4,426076E-1	2,914062E+3	1,815981E+0	2,914062E+3	-1,489487E+0	2,914062E+3	1,611933E+0	2,914062E+3	-5,802296E-1	2,914062E+3	1,390415E+0	2,914062E+3	-1,639094E+0
2,915625E+3	1,445119E+0	2,915625E+3	-5,475098E-1	2,915625E+3	1,842759E+0	2,915625E+3	-1,462714E+0	2,915625E+3	1,614837E+0	2,915625E+3	-5,671453E-1	2,915625E+3	1,424571E+0	2,915625E+3	-1,631476E+0
2,917187E+3	1,444414E+0	2,917187E+3	-5,307028E-1	2,917187E+3	1,869009E+0	2,917187E+3	-1,431893E+0	2,917187E+3	1,619621E+0	2,917187E+3	-5,553744E-1	2,917187E+3	1,456588E+0	2,917187E+3	-1,624877E+0
2,918750E+3	1,442495E+0	2,918750E+3	-5,161237E-1	2,918750E+3	1,891936E+0	2,918750E+3	-1,399612E+0	2,918750E+3	1,623483E+0	2,918750E+3	-5,442696E-1	2,918750E+3	1,488676E+0	2,918750E+3	-1,615213E+0
2,920312E+3	1,436773E+0	2,920312E+3	-4,660656E-1	2,920312E+3	1,967074E+0	2,920312E+3	-1,288994E+0	2,920312E+3	1,626627E+0	2,920312E+3	-5,322536E-1	2,920312E+3	1,519570E+0	2,920312E+3	-1,604283E+0
2,921875E+3	1,404716E+0	2,921875E+3	-4,409812E-1	2,921875E+3	1,871570E+0	2,921875E+3	-1,080949E+0	2,921875E+3	1,628341E+0	2,921875E+3	-5,214387E-1	2,921875E+3	1,550270E+0	2,921875E+3	-1,590275E+0
2,923437E+3	1,410441E+0	2,923437E+3	-4,352129E-1	2,923437E+3	1,789109E+0	2,923437E+3	-1,254883E+0	2,923437E+3	1,620846E+0	2,923437E+3	-4,644910E-1	2,923437E+3	1,578531E+0	2,923437E+3	-1,579721E+0
2,925000E+3	1,415587E+0	2,925000E+3	-4,293998E-1	2,925000E+3	1,708888E+0	2,925000E+3	-1,397652E+0	2,925000E+3	1,555660E+0	2,925000E+3	-4,353204E-1	2,925000E+3	1,606854E+0	2,925000E+3	-1,566054E+0
2,926562E+3	1,421590E+0	2,926562E+3	-4,245535E-1	2,926562E+3	1,372807E+0	2,926562E+3	-1,739007E+0	2,926562E+3	1,558342E+0	2,926562E+3	-4,286750E-1	2,926562E+3	1,631961E+0	2,926562E+3	-1,554715E+0
2,928125E+3	1,427016E+0	2,928125E+3	-4,196166E-1	2,928125E+3	1,113781E+0	2,928125E+3	-1,912388E+0	2,928125E+3	1,560351E+0	2,928125E+3	-4,219318E-1	2,928125E+3	1,657237E+0	2,928125E+3	-1,540182E+0
2,929687E+3	1,431736E+0	2,929687E+3	-4,149564E-1	2,929687E+3	1,155066E+0	2,929687E+3	-1,925451E+0	2,929687E+3	1,561456E+0	2,929687E+3	-4,157145E-1	2,929687E+3	1,224135E+0	2,929687E+3	-1,743088E+0
2,931250E+3	1,435838E+0	2,931250E+3	-4,102466E-1	2,931250E+3	1,198407E+0	2,931250E+3	-1,937416E+0	2,931250E+3	1,562086E+0	2,931250E+3	-4,094658E-1	2,931250E+3	9,765122E-1	2,931250E+3	-1,859080E+0
2,932812E+3	1,440674E+0	2,932812E+3	-4,057516E-1	2,932812E+3	1,242256E+0	2,932812E+3	-1,948288E+0	2,932812E+3	1,563161E+0	2,932812E+3	-4,033261E-1	2,932812E+3	1,013254E+0	2,932812E+3	-1,870063E+0
2,934375E+3	1,444832E+0	2,934375E+3	-4,011618E-1	2,934375E+3	1,288357E+0	2,934375E+3	-1,957840E+0	2,934375E+3	1,563752E+0	2,934375E+3	-3,971639E-1	2,934375E+3	1,052631E+0	2,934375E+3	-1,879244E+0
2,935937E+3	1,449663E+0	2,935937E+3	-3,968313E-1	2,935937E+3	1,335017E+0	2,935937E+3	-1,961982E+0	2,935937E+3	1,565048E+0	2,935937E+3	-3,913965E-1	2,935937E+3	1,091740E+0	2,935937E+3	-1,886265E+0
2,937500E+3	1,453736E+0	2,937500E+3	-3,923759E-1	2,937500E+3	1,383535E+0	2,937500E+3	-1,964223E+0	2,937500E+3	1,565887E+0	2,937500E+3	-3,855722E-1	2,937500E+3	1,133329E+0	2,937500E+3	-1,891077E+0
2,939062E+3	1,459176E+0	2,939062E+3	-3,887308E-1	2,939062E+3	1,430752E+0	2,939062E+3	-1,966060E+0	2,939062E+3	1,979511E+0	2,939062E+3	-9,782758E-1	2,939062E+3	1,169908E+0	2,939062E+3	-1,896298E+0
2,940625E+3	1,463792E+0	2,940625E+3	-3,848534E-1	2,940625E+3	1,480083E+0	2,940625E+3	-1,965815E+0	2,940625E+3	2,232398E+0	2,940625E+3	-1,741908E+0	2,940625E+3	1,208917E+0	2,940625E+3	-1,899867E+0
2,942187E+3	1,801896E+0	2,942187E+3	-9,517421E-1	2,942187E+3	1,527987E+0	2,942187E+3	-1,960611E+0	2,942187E+3	1,853789E+0	2,942187E+3	-2,156020E+0	2,942187E+3	1,243155E+0	2,942187E+3	-1,903059E+0
2,943750E+3	2,010186E+0	2,943750E+3	-1,640964E+0	2,943750E+3	1,577468E+0	2,943750E+3	-1,952847E+0	2,943750E+3	1,562987E+0	2,943750E+3	-2,419456E+0	2,943750E+3	1,279695E+0	2,943750E+3	-1,905216E+0
2,945312E+3	2,031599E+0	2,945312E+3	-1,677720E+0	2,945312E+3	1,109598E+0	2,945312E+3	-1,905841E+0	2,945312E+3	1,671127E+0	2,945312E+3	-2,424309E+0	2,945312E+3	1,337040E+0	2,945312E+3	-1,827076E+0
2,946875E+3	2,062086E+0	2,946875E+3	-1,703695E+0	2,946875E+3	8,130439E-1	2,946875E+3	-2,006152E+0	2,946875E+3	1,786532E+0	2,946875E+3	-2,416699E+0	2,946875E+3	1,381071E+0	2,946875E+3	-1,686302E+0
2,948437E+3	2,081714E+0	2,948437E+3	-1,732944E+0	2,948437E+3	8,437157E-1	2,948437E+3	-2,029684E+0	2,948437E+3	1,903395E+0	2,948437E+3	-2,389469E+0	2,948437E+3	1,206482E+0	2,948437E+3	-1,712820E+0
2,950000E+3	2,112510E+0	2,950000E+3	-1,751071E+0	2,950000E+3	8,759525E-1	2,950000E+3	-2,053817E+0	2,950000E+3	2,024023E+0	2,950000E+3	-2,342871E+0	2,950000E+3	1,066226E+0	2,950000E+3	-1,799666E+0
2,951562E+3	2,137773E+0	2,951562E+3	-1,754952E+0	2,951562E+3	9,075955E-1	2,951562E+3	-2,076520E+0	2,951562E+3	2,134127E+0	2,951562E+3	-2,292031E+0	2,951562E+3	1,100311E+0	2,951562E+3	-1,808809E+0
2,953125E+3	2,172012E+0	2,953125E+3	-1,748357E+0	2,953125E+3	9,408520E-1	2,953125E+3	-2,099990E+0	2,953125E+3	2,243665E+0	2,953125E+3	-2,219947E+0	2,953125E+3	1,135186E+0	2,953125E+3	-1,817780E+0
2,954687E+3	2,203714E+0	2,954687E+3	-1,738879E+0	2,954687E+3	9,754857E-1	2,954687E+3	-2,120392E+0	2,954687E+3	2,439887E+0	2,954687E+3	-1,887668E+0	2,954687E+3	1,170367E+0	2,954687E+3	-1,824676E+0
2,956250E+3	2,242542E+0	2,956250E+3	-1,719430E+0	2,956250E+3	1,011711E+0	2,956250E+3	-2,141426E+0	2,956250E+3	2,415379E+0	2,956250E+3	-1,372862E+0	2,956250E+3	1,206379E+0	2,956250E+3	-1,831294E+0
2,957812E+3	2,276577E+0	2,957812E+3	-1,698630E+0	2,957812E+3	1,132070E+0	2,957812E+3	-2,125841E+0	2,957812E+3	2,435593E+0	2,957812E+3	-1,326312E+0	2,957812E+3	1,240788E+0	2,957812E+3	-1,835913E+0
2,959375E+3	2,316149E+0	2,959375E+3	-1,667204E+0	2,959375E+3	1,290078E+0	2,959375E+3	-2,053644E+0	2,959375E+3	2,454867E+0	2,959375E+3	-1,276793E+0	2,959375E+3	1,275941E+0	2,959375E+3	-1,840482E+0
2,960937E+3	2,349329E+0	2,960937E+3	-1,639532E+0	2,960937E+3	1,333437E+0	2,960937E+3	-2,057650E+0	2,960937E+3	2,467327E+0	2,960937E+3	-1,233308E+0	2,960937E+3	1,309251E+0	2,960937E+3	-1,842559E+0
2,962500E+3	2,387589E+0	2,962500E+3	-1,598849E+0	2,962500E+3	1,377573E+0	2,962500E+3	-2,061711E+0	2,962500E+3	2,479772E+0	2,962500E+3	-1,186893E+0	2,962500E+3	1,343139E+0	2,962500E+3	-1,844790E+0
2,964062E+3	2,415584E+0	2,964062E+3	-1,552578E+0	2,964062E+3	1,416478E+0	2,964062E+3	-2,063790E+0	2,964062E+3	2,492368E+0	2,964062E+3	-1,152135E+0	2,964062E+3	1,373978E+0	2,964062E+3	-1,845526E+0
2,965625E+3	2,445649E+0	2,965625E+3	-1,489269E+0	2,965625E+3	1,456009E+0	2,965625E+3	-2,067033E+0	2,965625E+3	2,506219E+0	2,965625E+3	-1,112222E+0	2,965625E+3	1,405320E+0	2,965625E+3	-1,846927E+0
2,967187E+3	2,443187E+0	2,967187E+3	-1,321249E+0	2,967187E+3	1,478029E+0	2,967187E+3	-2,071392E+0	2,967187E+3	2,512719E+0	2,967187E+3	-1,081566E+0	2,967187E+3	1,432779E+0	2,967187E+3	-1,846950E+0
2,968750E+3	2,387372E+0	2,968750E+3	-1,119335E+0	2,968750E+3	1,499866E+0	2,968750E+3	-2,080966E+0	2,968750E+3	2,521736E+0	2,968750E+3	-1,045748E+0	2,968750E+3	1,460668E+0	2,968750E+3	-1,848371E+0
2,970312E+3	2,385559E+0	2,970312E+3	-1,080688E+0	2,970312E+3	1,442407E+0	2,970312E+3	-2,096767E+0	2,970312E+3	2,532462E+0	2,970312E+3	-1,028246E+0	2,970312E+3	1,479311E+0	2,970312E+3	-1,850328E+0
2,971875E+3	2,386245E+0	2,971875E+3	-1,025614E+0	2,971875E+3	1,374224E+0	2,971875E+3	-2,134842E+0	2,971875E+3	2,548639E+0	2,971875E+3	-1,002719E+0	2,971875E+3	1,498331E+0	2,971875E+3	-1,855475E+0
2,973437E+3	2,409594E+0	2,973437E+3	-1,043485E+0	2,973437E+3	1,382723E+0	2,973437E+3	-2,140408E+0	2,973437E+3	2,571585E+0	2,973437E+3	-1,010999E+0	2,973437E+3	1,506319E+0	2,973437E+3	-1,861107E+0
2,975000E+3	2,450996E+0	2,975000E+3	-1,046732E+0	2,975000E+3	1,387524E+0	2,975000E+3	-2,152152E+0	2,975000E+3	2,608879E+0	2,975000E+3	-1,006052E+0	2,975000E+3	1,514388E+0	2,975000E+3	-1,872507E+0
2,976562E+3	2,484590E+0	2,976562E+3	-1,093128E+0	2,976562E+3	1,413923E+0	2,976562E+3	-2,154113E+0	2,976562E+3	2,665347E+0	2,976562E+3	-1,117381E+0	2,976562E+3	1,470311E+0	2,976562E+3	-1,753773E+0
2,978125E+3	2,550828E+0	2,978125E+3	-1,128943E+0	2,978125E+3	1,438730E+0	2,978125E+3	-2,158654E+0	2,978125E+3	2,799501E+0	2,978125E+3	-1,216349E+0	2,978125E+3	1,400766E+0	2,978125E+3	-1,635834E+0
2,979687E+3	2,584250E+0	2,979687E+3	-1,179393E+0	2,979687E+3	1,509496E+0	2,979687E+3	-2,108314E+0	2,979687E+3	2,847492E+0	2,979687E+3	-1,344209E+0	2,979687E+3	1,415358E+0	2,979687E+3	-1,641739E+0
2,981250E+3	2,654637E+0	2,981250E+3	-1,228461E+0	2,981250E+3	1,577451E+0	2,981250E+3	-2,042712E+0	2,981250E+3	2,982765E+0	2,981250E+3	-1,502290E+0	2,981250E+3	1,429837E+0	2,981250E+3	-1,651222E+0
2,982812E+3	2,684233E+0	2,982812E+3	-1,254160E+0	2,982812E+3	1,608579E+0	2,982812E+3	-2,044957E+0	2,982812E+3	3,004236E+0	2,982812E+3	-1,495421E+0	2,982812E+3	1,447997E+0	2,982812E+3	-1,655531E+0
2,984375E+3	2,740410E+0	2,984375E+3	-1,281805E+0	2,984375E+3	1,638723E+0	2,984375E+3	-2,049252E+0	2,984375E+3	3,047619E+0	2,984375E+3	-1,493901E+0	2,984375E+3	1,466003E+0	2,984375E+3	-1,662663E+0
2,985937E+3	2,761835E+0	2,985937E+3	-1,277417E+0	2,985937E+3	1,653962E+0	2,985937E+3	-1,864450E+0	2,985937E+3	3,052459E+0	2,985937E+3	-1,438321E+0	2,985937E+3	1,486090E+0	2,985937E+3	-1,665965E+0
2,987500E+3	2,798970E+0	2,987500E+3	-1,274410E+0	2,987500E+3	1,622713E+0	2,987500E+3	-1,666697E+0	2,987500E+3	3,065002E+0	2,987500E+3	-1,385598E+0	2,987500E+3	1,506007E+0	2,987500E+3	-1,671663E+0
2,989062E+3	2,816201E+0	2,989062E+3	-1,254369E+0	2,989062E+3	1,649190E+0	2,989062E+3	-1,658402E+0	2,989062E+3	2,710692E+0	2,989062E+3	-9,698963E-1	2,989062E+3	1,525928E+0	2,989062E+3	-1,675649E+0
2,990625E+3	2,843696E+0	2,990625E+3	-1,235655E+0	2,990625E+3	1,675120E+0	2,990625E+3	-1,651651E+0	2,990625E+3	2,293467E+0	2,990625E+3	-6,998544E-1	2,990625E+3	1,545676E+0	2,990625E+3	-1,682162E+0
2,992187E+3	2,857592E+0	2,992187E+3	-1,211430E+0	2,992187E+3	1,699939E+0	2,992187E+3	-1,644313E+0	2,992187E+3	2,288370E+0	2,992187E+3	-6,767491E-1	2,992187E+3	1,566042E+0	2,992187E+3	-1,685754E+0
2,993750E+3	2,879664E+0	2,993750E+3	-1,188587E+0	2,993750E+3	1,724337E+0	2,993750E+3	-1,638851E+0	2,993750E+3	2,285635E+0	2,993750E+3	-6,544200E-1	2,993750E+3	1,586206E+0	2,993750E+3	-1,691778E+0
2,995312E+3	2,891510E+0	2,995312E+3	-1,163855E+0	2,995312E+3	1,747804E+0	2,995312E+3	-1,633352E+0	2,995312E+3	2,278492E+0	2,995312E+3	-6,321054E-1	2,995312E+3	1,537550E+0	2,995312E+3	-1,635526E+0
2,996875E+3	2,910296E+0	2,996875E+3	-1,140647E+0	2,996875E+3	1,770982E+0	2,996875E+3	-1,630170E+0	2,996875E+3	2,273358E+0	2,996875E+3	-6,106372E-1	2,996875E+3	1,487171E+0	2,996875E+3	-1,586403E+0
2,998437E+3	2,923781E+0	2,998437E+3	-1,118462E+0	2,998437E+3	1,791107E+0	2,998437E+3	-1,628804E+0	2,998437E+3	2,267099E+0	2,998437E+3	-5,902096E-1	2,998437E+3	1,495415E+0	2,998437E+3	-1,580115E+0
3,000000E+3	2,943998E+0	3,000000E+3	-1,097689E+0	3,000000E+3	1,811065E+0	3,000000E+3	-1,630556E+0	3,000000E+3	2,262792E+0	3,000000E+3	-5,704294E-1	3,000000E+3	1,503458E+0	3,000000E+3	-1,575593E+0
3,001562E+3	2,621915E+0	3,001562E+3	-7,573071E-1	3,001562E+3	1,826689E+0	3,001562E+3	-1,637240E+0	3,001562E+3	2,256124E+0	3,001562E+3	-5,515323E-1	3,001562E+3	1,507017E+0	3,001562E+3	-1,567857E+0
3,003125E+3	2,270802E+0	3,003125E+3	-5,354209E-1	3,003125E+3	1,842183E+0	3,003125E+3	-1,648459E+0	3,003125E+3	2,251261E+0	3,003125E+3	-5,332756E-1	3,003125E+3	1,510487E+0	3,003125E+3	-1,562038E+0
3,004687E+3	2,269627E+0	3,004687E+3	-5,226531E-1	3,004687E+3	1,849104E+0	3,004687E+3	-1,669622E+0	3,004687E+3	2,246920E+0	3,004687E+3	-5,169260E-1	3,004687E+3	1,509387E+0	3,004687E+3	-1,557834E+0
3,006250E+3	2,271478E+0	3,006250E+3	-5,095635E-1	3,006250E+3	1,855043E+0	3,006250E+3	-1,698026E+0	3,006250E+3	2,244495E+0	3,006250E+3	-5,009481E-1	3,006250E+3	1,508246E+0	3,006250E+3	-1,556037E+0
3,007812E+3	2,150348E+0	3,007812E+3	-4,701981E-1	3,007812E+3	1,776244E+0	3,007812E+3	-1,655765E+0	3,007812E+3	2,243716E+0	3,007812E+3	-4,874414E-1	3,007812E+3	1,503328E+0	3,007812E+3	-1,557605E+0
3,009375E+3	2,030393E+0	3,009375E+3	-4,379721E-1	3,009375E+3	1,697991E+0	3,009375E+3	-1,620674E+0	3,009375E+3	2,245132E+0	3,009375E+3	-4,740748E-1	3,009375E+3	1,498064E+0	3,009375E+3	-1,562200E+0
3,010937E+3	2,039333E+0	3,010937E+3	-4,338641E-1	3,010937E+3	1,707112E+0	3,010937E+3	-1,614535E+0	3,010937E+3	2,255675E+0	3,010937E+3	-4,673257E-1	3,010937E+3	1,497732E+0	3,010937E+3	-1,561649E+0
3,012500E+3	2,051840E+0	3,012500E+3	-4,293152E-1	3,012500E+3	1,715819E+0	3,012500E+3	-1,610686E+0	3,012500E+3	2,270172E+0	3,012500E+3	-4,601997E-1	3,012500E+3	1,497154E+0	3,012500E+3	-1,563485E+0
3,014062E+3	2,074801E+0	3,014062E+3	-4,315265E-1	3,014062E+3	1,725209E+0	3,014062E+3	-1,585538E+0	3,014062E+3	2,284603E+0	3,014062E+3	-5,056454E-1	3,014062E+3	1,501873E+0	3,014062E+3	-1,557107E+0
3,015625E+3	2,104452E+0	3,015625E+3	-4,332746E-1	3,015625E+3	1,733827E+0	3,015625E+3	-1,561347E+0	3,015625E+3	2,345217E+0	3,015625E+3	-5,613992E-1	3,015625E+3	1,506505E+0	3,015625E+3	-1,552251E+0
3,017187E+3	2,138226E+0	3,017187E+3	-4,399039E-1	3,017187E+3	1,749952E+0	3,017187E+3	-1,534087E+0	3,017187E+3	2,348366E+0	3,017187E+3	-5,522755E-1	3,017187E+3	1,513460E+0	3,017187E+3	-1,543363E+0
3,018750E+3	2,181376E+0	3,018750E+3	-4,467316E-1	3,018750E+3	1,764950E+0	3,018750E+3	-1,507122E+0	3,018750E+3	2,354873E+0	3,018750E+3	-5,437345E-1	3,018750E+3	1,520353E+0	3,018750E+3	-1,535666E+0
3,020312E+3	2,201690E+0	3,020312E+3	-4,451538E-1	3,020312E+3	1,782293E+0	3,020312E+3	-1,479423E+0	3,020312E+3	2,331989E+0	3,020312E+3	-5,239434E-1	3,020312E+3	1,527006E+0	3,020312E+3	-1,525675E+0
3,021875E+3	2,226747E+0	3,021875E+3	-4,436410E-1	3,021875E+3	1,798431E+0	3,021875E+3	-1,451864E+0	3,021875E+3	2,310261E+0	3,021875E+3	-5,050906E-1	3,021875E+3	1,533642E+0	3,021875E+3	-1,516804E+0
3,023437E+3	2,235457E+0	3,023437E+3	-4,352528E-1	3,023437E+3	1,813565E+0	3,023437E+3	-1,422655E+0	3,023437E+3	2,285453E+0	3,023437E+3	-4,884124E-1	3,023437E+3	1,537698E+0	3,023437E+3	-1,507889E+0
3,025000E+3	2,246545E+0	3,025000E+3	-4,269554E-1	3,025000E+3	1,827487E+0	3,025000E+3	-1,393664E+0	3,025000E+3	2,261659E+0	3,025000E+3	-4,723876E-1	3,025000E+3	1,541890E+0	3,025000E+3	-1,500225E+0
3,026562E+3	2,111927E+0	3,026562E+3	-3,879985E-1	3,026562E+3	1,838478E+0	3,026562E+3	-1,363267E+0	3,026562E+3	2,240297E+0	3,026562E+3	-4,572840E-1	3,026562E+3	1,541380E+0	3,026562E+3	-1,493498E+0
3,028125E+3	1,983481E+0	3,028125E+3	-3,562927E-1	3,028125E+3	1,848366E+0	3,028125E+3	-1,333254E+0	3,028125E+3	2,219874E+0	3,028125E+3	-4,428123E-1	3,028125E+3	1,541158E+0	3,028125E+3	-1,488316E+0
3,029687E+3	1,968244E+0	3,029687E+3	-3,461204E-1	3,029687E+3	1,855726E+0	3,029687E+3	-1,303799E+0	3,029687E+3	2,201569E+0	3,029687E+3	-4,290847E-1	3,029687E+3	1,538783E+0	3,029687E+3	-1,481273E+0
3,031250E+3	1,953793E+0	3,031250E+3	-3,362490E-1	3,031250E+3	1,862199E+0	3,031250E+3	-1,274877E+0	3,031250E+3	2,184127E+0	3,031250E+3	-4,159039E-1	3,031250E+3	1,536770E+0	3,031250E+3	-1,475841E+0
3,032812E+3	1,939043E+0	3,032812E+3	-3,266732E-1	3,032812E+3	1,835465E+0	3,032812E+3	-1,361662E+0	3,032812E+3	2,166913E+0	3,032812E+3	-4,038015E-1	3,032812E+3	1,538652E+0	3,032812E+3	-1,467664E+0
3,034375E+3	1,924963E+0	3,034375E+3	-3,173636E-1	3,034375E+3	1,796091E+0	3,034375E+3	-1,469409E+0	3,034375E+3	2,150493E+0	3,034375E+3	-3,921346E-1	3,034375E+3	1,540838E+0	3,034375E+3	-1,460767E+0
3,035937E+3	1,912084E+0	3,035937E+3	-3,081972E-1	3,035937E+3	1,799598E+0	3,035937E+3	-1,455530E+0	3,035937E+3	2,134401E+0	3,035937E+3	-3,813941E-1	3,035937E+3	1,545137E+0	3,035937E+3	-1,454086E+0
3,037500E+3	1,899788E+0	3,037500E+3	-2,992715E-1	3,037500E+3	1,803396E+0	3,037500E+3	-1,442678E+0	3,037500E+3	2,118986E+0	3,037500E+3	-3,709060E-1	3,037500E+3	1,549692E+0	3,037500E+3	-1,448514E+0
3,039062E+3	1,886293E+0	3,039062E+3	-2,910025E-1	3,039062E+3	1,810927E+0	3,039062E+3	-1,422255E+0	3,039062E+3	2,101488E+0	3,039062E+3	-3,623941E-1	3,039062E+3	1,551441E+0	3,039062E+3	-1,447137E+0
3,040625E+3	1,873342E+0	3,040625E+3	-2,830131E-1	3,040625E+3	1,818369E+0	3,040625E+3	-1,402416E+0	3,040625E+3	2,084556E+0	3,040625E+3	-3,539494E-1	3,040625E+3	1,553324E+0	3,040625E+3	-1,447245E+0
3,042187E+3	1,858964E+0	3,042187E+3	-2,752143E-1	3,042187E+3	1,825479E+0	3,042187E+3	-1,379906E+0	3,042187E+3	2,067920E+0	3,042187E+3	-3,466818E-1	3,042187E+3	1,562031E+0	3,042187E+3	-1,439347E+0
3,043750E+3	1,845087E+0	3,043750E+3	-2,676682E-1	3,043750E+3	1,832418E+0	3,043750E+3	-1,357880E+0	3,043750E+3	2,051671E+0	3,043750E+3	-3,392905E-1	3,043750E+3	1,570828E+0	3,043750E+3	-1,432203E+0
3,045312E+3	1,829577E+0	3,045312E+3	-2,603074E-1	3,045312E+3	1,837454E+0	3,045312E+3	-1,339302E+0	3,045312E+3	2,037696E+0	3,045312E+3	-3,327764E-1	3,045312E+3	1,470823E+0	3,045312E+3	-1,428887E+0
3,046875E+3	1,814532E+0	3,046875E+3	-2,531725E-1	3,046875E+3	1,842628E+0	3,046875E+3	-1,321277E+0	3,046875E+3	2,023988E+0	3,046875E+3	-3,260785E-1	3,046875E+3	1,391933E+0	3,046875E+3	-1,440207E+0
3,048437E+3	1,797897E+0	3,048437E+3	-2,474123E-1	3,048437E+3	1,821137E+0	3,048437E+3	-1,384833E+0	3,048437E+3	2,013564E+0	3,048437E+3	-3,196468E-1	3,048437E+3	1,412718E+0	3,048437E+3	-1,429724E+0
3,050000E+3	1,781743E+0	3,050000E+3	-2,418373E-1	3,050000E+3	1,792021E+0	3,050000E+3	-1,460902E+0	3,050000E+3	2,003494E+0	3,050000E+3	-3,131985E-1	3,050000E+3	1,433241E+0	3,050000E+3	-1,418929E+0
3,051562E+3	1,766879E+0	3,051562E+3	-2,356430E-1	3,051562E+3	1,805355E+0	3,051562E+3	-1,433573E+0	3,051562E+3	1,996659E+0	3,051562E+3	-3,063965E-1	3,051562E+3	1,451974E+0	3,051562E+3	-1,406757E+0
3,053125E+3	1,752388E+0	3,053125E+3	-2,295699E-1	3,053125E+3	1,818161E+0	3,053125E+3	-1,406283E+0	3,053125E+3	1,990223E+0	3,053125E+3	-2,995399E-1	3,053125E+3	1,470464E+0	3,053125E+3	-1,394417E+0
3,054687E+3	2,024475E+0	3,054687E+3	-3,234924E-1	3,054687E+3	1,836826E+0	3,054687E+3	-1,376922E+0	3,054687E+3	1,986013E+0	3,054687E+3	-2,951225E-1	3,054687E+3	1,485196E+0	3,054687E+3	-1,381058E+0
3,056250E+3	3,054936E+0	3,056250E+3	-7,241996E-1	3,056250E+3	1,854287E+0	3,056250E+3	-1,347265E+0	3,056250E+3	1,982298E+0	3,056250E+3	-2,905836E-1	3,056250E+3	1,499851E+0	3,056250E+3	-1,367906E+0
3,057812E+3	2,969949E+0	3,057812E+3	-6,574941E-1	3,057812E+3	1,877333E+0	3,057812E+3	-1,340584E+0	3,057812E+3	2,234070E+0	3,057812E+3	-3,710135E-1	3,057812E+3	1,510776E+0	3,057812E+3	-1,355048E+0
3,059375E+3	2,888652E+0	3,059375E+3	-5,984465E-1	3,059375E+3	1,901577E+0	3,059375E+3	-1,333930E+0	3,059375E+3	2,911471E+0	3,059375E+3	-5,881955E-1	3,059375E+3	1,521927E+0	3,059375E+3	-1,342751E+0
3,060937E+3	2,822456E+0	3,060937E+3	-5,491467E-1	3,060937E+3	1,817729E+0	3,060937E+3	-1,339569E+0	3,060937E+3	2,851093E+0	3,060937E+3	-5,620361E-1	3,060937E+3	1,533326E+0	3,060937E+3	-1,329986E+0
3,062500E+3	2,759192E+0	3,062500E+3	-5,050891E-1	3,062500E+3	1,756355E+0	3,062500E+3	-1,346309E+0	3,062500E+3	2,792618E+0	3,062500E+3	-5,353914E-1	3,062500E+3	1,544920E+0	3,062500E+3	-1,317667E+0
3,064062E+3	2,701181E+0	3,064062E+3	-4,675121E-1	3,064062E+3	1,776216E+0	3,064062E+3	-1,334432E+0	3,064062E+3	2,748357E+0	3,064062E+3	-5,169286E-1	3,064062E+3	1,501582E+0	3,064062E+3	-1,340469E+0
3,065625E+3	2,646050E+0	3,065625E+3	-4,337621E-1	3,065625E+3	1,796200E+0	3,065625E+3	-1,322934E+0	3,065625E+3	2,704389E+0	3,065625E+3	-4,968309E-1	3,065625E+3	1,450844E+0	3,065625E+3	-1,367435E+0
3,067187E+3	2,594097E+0	3,067187E+3	-4,054901E-1	3,067187E+3	1,798025E+0	3,067187E+3	-1,336494E+0	3,067187E+3	2,659176E+0	3,067187E+3	-4,643693E-1	3,067187E+3	1,454950E+0	3,067187E+3	-1,354722E+0
3,068750E+3	2,544646E+0	3,068750E+3	-3,797323E-1	3,068750E+3	1,801116E+0	3,068750E+3	-1,350568E+0	3,068750E+3	2,615904E+0	3,068750E+3	-4,346167E-1	3,068750E+3	1,459598E+0	3,068750E+3	-1,342861E+0
3,070312E+3	2,496001E+0	3,070312E+3	-3,604889E-1	3,070312E+3	1,789152E+0	3,070312E+3	-1,364298E+0	3,070312E+3	2,751059E+0	3,070312E+3	-5,898467E-1	3,070312E+3	1,466201E+0	3,070312E+3	-1,329795E+0
3,071875E+3	2,449514E+0	3,071875E+3	-3,424347E-1	3,071875E+3	1,781329E+0	3,071875E+3	-1,376474E+0	3,071875E+3	2,831090E+0	3,071875E+3	-6,874920E-1	3,071875E+3	1,473264E+0	3,071875E+3	-1,317351E+0
3,073437E+3	2,406442E+0	3,073437E+3	-3,300065E-1	3,073437E+3	1,777028E+0	3,073437E+3	-1,375114E+0	3,073437E+3	2,799500E+0	3,073437E+3	-6,677657E-1	3,073437E+3	1,479411E+0	3,073437E+3	-1,303135E+0
3,075000E+3	2,364906E+0	3,075000E+3	-3,177805E-1	3,075000E+3	1,777148E+0	3,075000E+3	-1,373180E+0	3,075000E+3	2,766609E+0	3,075000E+3	-6,424260E-1	3,075000E+3	1,485970E+0	3,075000E+3	-1,289360E+0
3,076562E+3	2,328604E+0	3,076562E+3	-3,053115E-1	3,076562E+3	1,779738E+0	3,076562E+3	-1,368137E+0	3,076562E+3	2,751015E+0	3,076562E+3	-6,378946E-1	3,076562E+3	1,491619E+0	3,076562E+3	-1,272464E+0
3,078125E+3	2,293544E+0	3,078125E+3	-2,932805E-1	3,078125E+3	1,786528E+0	3,078125E+3	-1,362493E+0	3,078125E+3	2,731005E+0	3,078125E+3	-6,226679E-1	3,078125E+3	1,497624E+0	3,078125E+3	-1,255920E+0
3,079687E+3	2,261653E+0	3,079687E+3	-2,817470E-1	3,079687E+3	1,803447E+0	3,079687E+3	-1,346489E+0	3,079687E+3	2,701530E+0	3,079687E+3	-5,976788E-1	3,079687E+3	1,502390E+0	3,079687E+3	-1,237822E+0
3,081250E+3	2,231021E+0	3,081250E+3	-2,707901E-1	3,081250E+3	1,821566E+0	3,081250E+3	-1,329641E+0	3,081250E+3	2,670635E+0	3,081250E+3	-5,693213E-1	3,081250E+3	1,507594E+0	3,081250E+3	-1,220153E+0
3,082812E+3	2,409514E+0	3,082812E+3	-2,999226E-1	3,082812E+3	1,838841E+0	3,082812E+3	-1,309944E+0	3,082812E+3	2,895743E+0	3,082812E+3	-6,897438E-1	3,082812E+3	1,513399E+0	3,082812E+3	-1,203609E+0
3,084375E+3	2,685983E+0	3,084375E+3	-3,445581E-1	3,084375E+3	1,856885E+0	3,084375E+3	-1,289283E+0	3,084375E+3	3,242348E+0	3,084375E+3	-9,094075E-1	3,084375E+3	1,519896E+0	3,084375E+3	-1,187572E+0
3,085937E+3	2,702116E+0	3,085937E+3	-3,391932E-1	3,085937E+3	1,870503E+0	3,085937E+3	-1,269022E+0	3,085937E+3	3,231104E+0	3,085937E+3	-8,840836E-1	3,085937E+3	1,526338E+0	3,085937E+3	-1,171928E+0
3,087500E+3	2,720582E+0	3,087500E+3	-3,335782E-1	3,087500E+3	1,885277E+0	3,087500E+3	-1,247713E+0	3,087500E+3	3,218600E+0	3,087500E+3	-8,501339E-1	3,087500E+3	1,533623E+0	3,087500E+3	-1,156728E+0
3,089062E+3	2,873638E+0	3,089062E+3	-5,202377E-1	3,089062E+3	1,893158E+0	3,089062E+3	-1,233459E+0	3,089062E+3	3,200500E+0	3,089062E+3	-8,242013E-1	3,089062E+3	1,541030E+0	3,089062E+3	-1,139892E+0
3,090625E+3	2,969180E+0	3,090625E+3	-6,558483E-1	3,090625E+3	1,904031E+0	3,090625E+3	-1,217699E+0	3,090625E+3	3,180906E+0	3,090625E+3	-7,876589E-1	3,090625E+3	1,549134E+0	3,090625E+3	-1,123347E+0
3,092187E+3	3,116718E+0	3,092187E+3	-9,272172E-1	3,092187E+3	1,908892E+0	3,092187E+3	-1,210165E+0	3,092187E+3	3,262976E+0	3,092187E+3	-1,437337E+0	3,092187E+3	1,555479E+0	3,092187E+3	-1,104678E+0
3,093750E+3	3,238975E+0	3,093750E+3	-1,129280E+0	3,093750E+3	1,918578E+0	3,093750E+3	-1,200637E+0	3,093750E+3	3,558013E+0	3,093750E+3	-1,779133E+0	3,093750E+3	1,562440E+0	3,093750E+3	-1,086251E+0
3,095312E+3	3,219306E+0	3,095312E+3	-1,047113E+0	3,095312E+3	1,924836E+0	3,095312E+3	-1,188128E+0	3,095312E+3	3,551310E+0	3,095312E+3	-1,609229E+0	3,095312E+3	1,568071E+0	3,095312E+3	-1,068318E+0
3,096875E+3	3,197386E+0	3,096875E+3	-9,716819E-1	3,096875E+3	1,935049E+0	3,096875E+3	-1,174035E+0	3,096875E+3	3,531327E+0	3,096875E+3	-1,449832E+0	3,096875E+3	1,574507E+0	3,096875E+3	-1,050654E+0
3,098437E+3	3,171740E+0	3,098437E+3	-9,051887E-1	3,098437E+3	1,943411E+0	3,098437E+3	-1,152991E+0	3,098437E+3	3,483790E+0	3,098437E+3	-1,299363E+0	3,098437E+3	1,580304E+0	3,098437E+3	-1,034385E+0
3,100000E+3	3,145112E+0	3,100000E+3	-8,432243E-1	3,100000E+3	1,954252E+0	3,100000E+3	-1,130714E+0	3,100000E+3	3,431455E+0	3,100000E+3	-1,162117E+0	3,100000E+3	1,587090E+0	3,100000E+3	-1,018379E+0
3,101562E+3	3,110567E+0	3,101562E+3	-7,815344E-1	3,101562E+3	1,962711E+0	3,101562E+3	-1,105976E+0	3,101562E+3	3,367549E+0	3,101562E+3	-1,044124E+0	3,101562E+3	1,592023E+0	3,101562E+3	-1,002174E+0
3,103125E+3	3,075357E+0	3,103125E+3	-7,237655E-1	3,103125E+3	1,973202E+0	3,103125E+3	-1,080015E+0	3,103125E+3	3,305114E+0	3,103125E+3	-9,357270E-1	3,103125E+3	1,598042E+0	3,103125E+3	-9,862710E-1
3,104687E+3	3,037587E+0	3,104687E+3	-6,719233E-1	3,104687E+3	1,979316E+0	3,104687E+3	-1,059309E+0	3,104687E+3	3,236269E+0	3,104687E+3	-8,441197E-1	3,104687E+3	1,601967E+0	3,104687E+3	-9,691788E-1
3,106250E+3	2,999875E+0	3,106250E+3	-6,228342E-1	3,106250E+3	1,988834E+0	3,106250E+3	-1,037093E+0	3,106250E+3	3,171990E+0	3,106250E+3	-7,586644E-1	3,106250E+3	1,607006E+0	3,106250E+3	-9,523709E-1
3,107812E+3	2,963378E+0	3,107812E+3	-5,813756E-1	3,107812E+3	1,992455E+0	3,107812E+3	-1,021269E+0	3,107812E+3	3,101989E+0	3,107812E+3	-6,844694E-1	3,107812E+3	1,610869E+0	3,107812E+3	-9,359778E-1
3,109375E+3	2,927212E+0	3,109375E+3	-5,413861E-1	3,109375E+3	2,001249E+0	3,109375E+3	-1,003923E+0	3,109375E+3	3,037691E+0	3,109375E+3	-6,146851E-1	3,109375E+3	1,615921E+0	3,109375E+3	-9,198323E-1
3,110937E+3	2,889056E+0	3,110937E+3	-5,029771E-1	3,110937E+3	2,003902E+0	3,110937E+3	-9,910155E-1	3,110937E+3	2,971298E+0	3,110937E+3	-5,550207E-1	3,110937E+3	1,619885E+0	3,110937E+3	-9,030908E-1
3,112500E+3	2,851455E+0	3,112500E+3	-4,658970E-1	3,112500E+3	2,013133E+0	3,112500E+3	-9,768749E-1	3,112500E+3	2,910657E+0	3,112500E+3	-4,980074E-1	3,112500E+3	1,624913E+0	3,112500E+3	-8,865588E-1
3,114062E+3	2,809143E+0	3,114062E+3	-4,287463E-1	3,114062E+3	2,014761E+0	3,114062E+3	-9,593000E-1	3,114062E+3	2,845643E+0	3,114062E+3	-4,504016E-1	3,114062E+3	1,628658E+0	3,114062E+3	-8,678580E-1
3,115625E+3	2,767670E+0	3,115625E+3	-3,932512E-1	3,115625E+3	2,021956E+0	3,115625E+3	-9,410989E-1	3,115625E+3	2,786670E+0	3,115625E+3	-4,044905E-1	3,115625E+3	1,633127E+0	3,115625E+3	-8,493391E-1
3,117187E+3	2,717871E+0	3,117187E+3	-3,574331E-1	3,117187E+3	2,021226E+0	3,117187E+3	-9,190689E-1	3,117187E+3	2,725380E+0	3,117187E+3	-3,690950E-1	3,117187E+3	1,635405E+0	3,117187E+3	-8,287149E-1
3,118750E+3	2,670029E+0	3,118750E+3	-3,240727E-1	3,118750E+3	2,024913E+0	3,118750E+3	-8,969228E-1	3,118750E+3	2,671038E+0	3,118750E+3	-3,341349E-1	3,118750E+3	1,638220E+0	3,118750E+3	-8,082984E-1
3,120312E+3	2,619523E+0	3,120312E+3	-2,927528E-1	3,120312E+3	2,023261E+0	3,120312E+3	-8,716389E-1	3,120312E+3	2,628618E+0	3,120312E+3	-3,189139E-1	3,120312E+3	1,638468E+0	3,120312E+3	-7,866664E-1
3,121875E+3	2,571218E+0	3,121875E+3	-2,637793E-1	3,121875E+3	2,025068E+0	3,121875E+3	-8,465465E-1	3,121875E+3	2,597984E+0	3,121875E+3	-2,991572E-1	3,121875E+3	1,639186E+0	3,121875E+3	-7,653189E-1
3,123437E+3	2,524031E+0	3,123437E+3	-2,373948E-1	3,123437E+3	2,020208E+0	3,123437E+3	-8,183883E-1	3,123437E+3	2,674867E+0	3,123437E+3	-4,385226E-1	3,123437E+3	1,638647E+0	3,123437E+3	-7,454794E-1
3,125000E+3	2,478788E+0	3,125000E+3	-2,128352E-1	3,125000E+3	2,018098E+0	3,125000E+3	-7,906984E-1	3,125000E+3	3,082444E+0	3,125000E+3	-6,757745E-1	3,125000E+3	1,638784E+0	3,125000E+3	-7,259347E-1
3,126562E+3	2,320909E+0	3,126562E+3	-9,616501E-1	3,126562E+3	2,010878E+0	3,126562E+3	-7,619773E-1	3,126562E+3	2,978923E+0	3,126562E+3	-5,798404E-1	3,126562E+3	1,638314E+0	3,126562E+3	-7,079711E-1
3,128125E+3	3,412136E+0	3,128125E+3	-1,223975E+0	3,128125E+3	2,006092E+0	3,128125E+3	-7,339520E-1	3,128125E+3	2,881688E+0	3,128125E+3	-4,995712E-1	3,128125E+3	1,638753E+0	3,128125E+3	-6,902855E-1
3,129687E+3	3,354049E+0	3,129687E+3	-1,091068E+0	3,129687E+3	1,997725E+0	3,129687E+3	-7,062880E-1	3,129687E+3	2,784705E+0	3,129687E+3	-4,328562E-1	3,129687E+3	1,638418E+0	3,129687E+3	-6,729967E-1
3,131250E+3	3,296648E+0	3,131250E+3	-9,731008E-1	3,131250E+3	1,991582E+0	3,131250E+3	-6,794265E-1	3,131250E+3	2,694552E+0	3,131250E+3	-3,760859E-1	3,131250E+3	1,639012E+0	3,131250E+3	-6,559887E-1
3,132812E+3	3,215476E+0	3,132812E+3	-8,648180E-1	3,132812E+3	1,981440E+0	3,132812E+3	-6,516712E-1	3,132812E+3	2,610840E+0	3,132812E+3	-3,272611E-1	3,132812E+3	1,637498E+0	3,132812E+3	-6,387810E-1
3,134375E+3	3,138525E+0	3,134375E+3	-7,710107E-1	3,134375E+3	1,973186E+0	3,134375E+3	-6,248665E-1	3,134375E+3	2,533151E+0	3,134375E+3	-2,848818E-1	3,134375E+3	1,636852E+0	3,134375E+3	-6,218953E-1
3,135937E+3	3,051927E+0	3,135937E+3	-6,831426E-1	3,135937E+3	1,958497E+0	3,135937E+3	-5,950956E-1	3,135937E+3	2,457871E+0	3,135937E+3	-2,485946E-1	3,135937E+3	1,633564E+0	3,135937E+3	-6,038623E-1
3,137500E+3	2,971168E+0	3,137500E+3	-6,071283E-1	3,137500E+3	1,945695E+0	3,137500E+3	-5,664383E-1	3,137500E+3	2,388293E+0	3,137500E+3	-2,169458E-1	3,137500E+3	1,630973E+0	3,137500E+3	-5,862566E-1
3,139062E+3	2,887287E+0	3,139062E+3	-5,364235E-1	3,139062E+3	1,926330E+0	3,139062E+3	-5,374240E-1	3,139062E+3	2,320552E+0	3,139062E+3	-1,880814E-1	3,139062E+3	1,625253E+0	3,139062E+3	-5,665290E-1
3,140625E+3	2,809602E+0	3,140625E+3	-4,753803E-1	3,140625E+3	1,908903E+0	3,140625E+3	-5,097989E-1	3,140625E+3	2,257817E+0	3,140625E+3	-1,627187E-1	3,140625E+3	1,620178E+0	3,140625E+3	-5,473479E-1
3,142187E+3	2,730851E+0	3,142187E+3	-4,184460E-1	3,142187E+3	1,890900E+0	3,142187E+3	-4,848383E-1	3,142187E+3	2,199718E+0	3,142187E+3	-1,403882E-1	3,142187E+3	1,608569E+0	3,142187E+3	-5,230598E-1
3,143750E+3	2,657691E+0	3,143750E+3	-3,688907E-1	3,143750E+3	1,874804E+0	3,143750E+3	-4,611197E-1	3,143750E+3	2,146048E+0	3,143750E+3	-1,206381E-1	3,143750E+3	1,597706E+0	3,143750E+3	-4,996958E-1
3,145312E+3	2,586380E+0	3,145312E+3	-3,196527E-1	3,145312E+3	1,857261E+0	3,145312E+3	-4,374799E-1	3,145312E+3	2,096533E+0	3,145312E+3	-1,043624E-1	3,145312E+3	1,584190E+0	3,145312E+3	-4,777233E-1
3,146875E+3	2,519605E+0	3,146875E+3	-2,759458E-1	3,146875E+3	1,841348E+0	3,146875E+3	-4,150972E-1	3,146875E+3	2,051003E+0	3,146875E+3	-8,983264E-2	3,146875E+3	1,571560E+0	3,146875E+3	-4,566985E-1
3,148437E+3	2,658216E+0	3,148437E+3	-4,104563E-1	3,148437E+3	1,821194E+0	3,148437E+3	-3,912860E-1	3,148437E+3	2,014422E+0	3,148437E+3	-7,962176E-2	3,148437E+3	1,561538E+0	3,148437E+3	-4,398464E-1
3,150000E+3	3,055032E+0	3,150000E+3	-7,119313E-1	3,150000E+3	1,802581E+0	3,150000E+3	-3,688781E-1	3,150000E+3	1,981839E+0	3,150000E+3	-7,030963E-2	3,150000E+3	1,552424E+0	3,150000E+3	-4,236203E-1
3,151562E+3	2,944282E+0	3,151562E+3	-6,091408E-1	3,151562E+3	1,775418E+0	3,151562E+3	-3,442640E-1	3,151562E+3	1,960457E+0	3,151562E+3	-6,641427E-2	3,151562E+3	1,543879E+0	3,151562E+3	-4,089067E-1
3,153125E+3	2,841297E+0	3,153125E+3	-5,248834E-1	3,153125E+3	1,750040E+0	3,153125E+3	-3,213458E-1	3,153125E+3	1,945120E+0	3,153125E+3	-6,291231E-2	3,153125E+3	1,536245E+0	3,153125E+3	-3,947366E-1
3,154687E+3	2,742197E+0	3,154687E+3	-4,511912E-1	3,154687E+3	1,687128E+0	3,154687E+3	-2,795766E-1	3,154687E+3	1,650536E+0	3,154687E+3	-1,122739E-2	3,154687E+3	1,095521E+0	3,154687E+3	-1,090245E-1
3,156250E+3	2,651146E+0	3,156250E+3	-3,900775E-1	3,156250E+3	1,628111E+0	3,156250E+3	-2,425119E-1	3,156250E+3	1,405811E+0	3,156250E+3	2,001198E-2	3,156250E+3	7,491950E-1	3,156250E+3	6,325124E-2
3,157812E+3	2,564560E+0	3,157812E+3	-3,367871E-1	3,157812E+3	1,341063E+0	3,157812E+3	-1,458515E-1	3,157812E+3	1,401587E+0	3,157812E+3	1,522420E-2	3,157812E+3	7,203000E-1	3,157812E+3	8,538490E-2
3,159375E+3	2,484698E+0	3,159375E+3	-2,915246E-1	3,159375E+3	1,102462E+0	3,159375E+3	-8,247515E-2	3,159375E+3	1,400761E+0	3,159375E+3	1,051932E-2	3,159375E+3	6,943960E-1	3,159375E+3	1,025255E-1
3,160937E+3	2,181582E+0	3,160937E+3	-1,899641E-1	3,160937E+3	1,102918E+0	3,160937E+3	-8,054248E-2	3,160937E+3	1,382648E+0	3,160937E+3	1,041218E-2	3,160937E+3	6,699783E-1	3,160937E+3	1,158147E-1
3,162500E+3	1,902631E+0	3,162500E+3	-1,154940E-1	3,162500E+3	1,104514E+0	3,162500E+3	-7,882176E-2	3,162500E+3	1,367256E+0	3,162500E+3	9,938230E-3	3,162500E+3	6,484258E-1	3,162500E+3	1,247895E-1
3,164062E+3	1,847154E+0	3,164062E+3	-9,514635E-2	3,164062E+3	1,107959E+0	3,164062E+3	-7,799786E-2	3,164062E+3	1,345250E+0	3,164062E+3	1,235964E-2	3,164062E+3	6,296775E-1	3,164062E+3	1,305448E-1
3,165625E+3	1,798157E+0	3,165625E+3	-7,886463E-2	3,165625E+3	1,112502E+0	3,165625E+3	-7,722101E-2	3,165625E+3	1,325873E+0	3,165625E+3	1,411112E-2	3,165625E+3	6,137785E-1	3,165625E+3	1,327103E-1
3,167187E+3	1,755782E+0	3,167187E+3	-6,470063E-2	3,167187E+3	1,116029E+0	3,167187E+3	-7,663492E-2	3,167187E+3	1,300116E+0	3,167187E+3	1,780622E-2	3,167187E+3	6,063745E-1	3,167187E+3	1,333847E-1
3,168750E+3	1,718049E+0	3,168750E+3	-5,303693E-2	3,168750E+3	1,120716E+0	3,168750E+3	-7,609172E-2	3,168750E+3	1,277308E+0	3,168750E+3	2,058845E-2	3,168750E+3	6,018396E-1	3,168750E+3	1,311946E-1
3,170312E+3	1,682838E+0	3,170312E+3	-4,336487E-2	3,170312E+3	1,122733E+0	3,170312E+3	-7,450048E-2	3,170312E+3	1,248324E+0	3,170312E+3	2,617987E-2	3,170312E+3	5,945683E-1	3,170312E+3	1,287581E-1
3,171875E+3	1,651309E+0	3,171875E+3	-3,531337E-2	3,171875E+3	1,125718E+0	3,171875E+3	-7,306415E-2	3,171875E+3	1,222697E+0	3,171875E+3	3,045544E-2	3,171875E+3	5,898724E-1	3,171875E+3	1,236769E-1
3,173437E+3	1,623152E+0	3,173437E+3	-2,836846E-2	3,173437E+3	1,123599E+0	3,173437E+3	-7,049441E-2	3,173437E+3	1,057747E+0	3,173437E+3	1,140182E-1	3,173437E+3	5,846725E-1	3,173437E+3	1,212023E-1
3,175000E+3	1,597832E+0	3,175000E+3	-2,251003E-2	3,175000E+3	1,122420E+0	3,175000E+3	-6,826035E-2	3,175000E+3	9,251813E-1	3,175000E+3	1,646692E-1	3,175000E+3	5,815092E-1	3,175000E+3	1,162361E-1
3,176562E+3	1,235447E+0	3,176562E+3	1,187754E-1	3,176562E+3	1,118029E+0	3,176562E+3	-6,483085E-2	3,176562E+3	8,291113E-1	3,176562E+3	2,000931E-1	3,176562E+3	5,797306E-1	3,176562E+3	1,136625E-1
3,178125E+3	9,736171E-1	3,178125E+3	1,777546E-1	3,178125E+3	1,114605E+0	3,178125E+3	-6,187248E-2	3,178125E+3	7,517954E-1	3,178125E+3	2,189642E-1	3,178125E+3	5,795282E-1	3,178125E+3	1,088696E-1
3,179687E+3	9,734994E-1	3,179687E+3	1,673915E-1	3,179687E+3	8,098649E-1	3,179687E+3	1,024783E-1	3,179687E+3	6,610989E-1	3,179687E+3	2,695644E-1	3,179687E+3	6,064214E-1	3,179687E+3	1,044214E-1
3,181250E+3	9,747510E-1	3,181250E+3	1,573273E-1	3,181250E+3	5,914876E-1	3,181250E+3	1,652006E-1	3,181250E+3	5,882991E-1	3,181250E+3	2,943304E-1	3,181250E+3	6,391222E-1	3,181250E+3	1,006238E-1
3,182812E+3	9,769459E-1	3,182812E+3	1,471997E-1	3,182812E+3	6,043157E-1	3,182812E+3	1,481569E-1	3,182812E+3	5,110951E-1	3,182812E+3	3,517021E-1	3,182812E+3	6,380853E-1	3,182812E+3	9,586983E-2
3,184375E+3	9,803848E-1	3,184375E+3	1,374508E-1	3,184375E+3	6,180040E-1	3,184375E+3	1,322631E-1	3,184375E+3	4,467506E-1	3,184375E+3	3,741377E-1	3,184375E+3	6,388551E-1	3,184375E+3	8,915852E-2
3,185937E+3	9,831777E-1	3,185937E+3	1,291646E-1	3,185937E+3	6,294746E-1	3,185937E+3	1,192492E-1	3,185937E+3	4,043260E-1	3,185937E+3	4,374061E-1	3,185937E+3	6,704634E-1	3,185937E+3	8,315807E-2
3,187500E+3	9,870953E-1	3,187500E+3	1,211242E-1	3,187500E+3	6,417031E-1	3,187500E+3	1,069236E-1	3,187500E+3	3,538864E-1	3,187500E+3	4,605034E-1	3,187500E+3	7,070416E-1	3,187500E+3	7,596058E-2
3,189062E+3	9,903346E-1	3,189062E+3	1,151439E-1	3,189062E+3	7,025370E-1	3,189062E+3	9,594037E-2	3,189062E+3	3,364206E-1	3,189062E+3	5,046539E-1	3,189062E+3	7,094099E-1	3,189062E+3	7,306051E-2
3,190625E+3	9,945028E-1	3,190625E+3	1,092026E-1	3,190625E+3	7,772414E-1	3,190625E+3	8,893396E-2	3,190625E+3	2,973083E-1	3,190625E+3	5,196041E-1	3,190625E+3	7,129807E-1	3,190625E+3	6,819834E-2
3,192187E+3	6,958956E-1	3,192187E+3	7,995635E-1	3,192187E+3	7,831174E-1	3,192187E+3	8,278923E-2	3,192187E+3	2,903194E-1	3,192187E+3	5,478377E-1	3,192187E+3	7,125428E-1	3,192187E+3	6,564883E-2
3,193750E+3	2,569563E-1	3,193750E+3	7,542308E-1	3,193750E+3	7,896355E-1	3,193750E+3	7,631433E-2	3,193750E+3	2,572012E-1	3,193750E+3	5,667281E-1	3,193750E+3	7,134698E-1	3,193750E+3	6,089609E-2
3,195312E+3	2,490232E-1	3,195312E+3	7,587498E-1	3,195312E+3	9,206343E-1	3,195312E+3	6,664957E-1	3,195312E+3	2,849040E-1	3,195312E+3	5,966272E-1	3,195312E+3	7,143812E-1	3,195312E+3	6,025123E-2
3,196875E+3	2,292754E-1	3,196875E+3	7,660583E-1	3,196875E+3	2,325387E-1	3,196875E+3	8,968252E-1	3,196875E+3	3,009602E-1	3,196875E+3	6,376060E-1	3,196875E+3	7,160790E-1	3,196875E+3	5,723463E-2
3,198437E+3	2,228559E-1	3,198437E+3	7,621041E-1	3,198437E+3	2,224274E-1	3,198437E+3	8,749773E-1	3,198437E+3	2,918257E-1	3,198437E+3	6,400888E-1	3,198437E+3	8,712044E-1	3,198437E+3	4,815919E-1
3,200000E+3	2,096698E-1	3,200000E+3	7,613298E-1	3,200000E+3	2,117366E-1	3,200000E+3	8,545727E-1	3,200000E+3	2,700581E-1	3,200000E+3	6,470604E-1	3,200000E+3	2,715443E-1	3,200000E+3	8,885241E-1
3,201562E+3	2,059589E-1	3,201562E+3	7,522062E-1	3,201562E+3	2,020001E-1	3,201562E+3	8,324965E-1	3,201562E+3	2,593612E-1	3,201562E+3	6,429638E-1	3,201562E+3	2,748848E-1	3,201562E+3	8,767101E-1
3,203125E+3	1,981046E-1	3,203125E+3	7,458343E-1	3,203125E+3	1,917351E-1	3,203125E+3	8,116920E-1	3,203125E+3	2,403384E-1	3,203125E+3	6,428431E-1	3,203125E+3	2,780690E-1	3,203125E+3	8,650999E-1
3,204687E+3	1,954655E-1	3,204687E+3	7,336620E-1	3,204687E+3	1,843089E-1	3,204687E+3	7,905827E-1	3,204687E+3	2,341441E-1	3,204687E+3	6,352365E-1	3,204687E+3	2,801896E-1	3,204687E+3	8,543212E-1
3,206250E+3	1,897672E-1	3,206250E+3	7,235450E-1	3,206250E+3	1,765287E-1	3,206250E+3	7,707576E-1	3,206250E+3	2,229822E-1	3,206250E+3	6,319869E-1	3,206250E+3	2,819722E-1	3,206250E+3	8,438982E-1
3,207812E+3	1,887075E-1	3,207812E+3	7,098438E-1	3,207812E+3	1,901696E-1	3,207812E+3	7,650811E-1	3,207812E+3	2,163312E-1	3,207812E+3	6,219471E-1	3,207812E+3	2,784219E-1	3,207812E+3	8,296591E-1
3,209375E+3	1,855194E-1	3,209375E+3	6,981408E-1	3,209375E+3	2,052853E-1	3,209375E+3	7,604475E-1	3,209375E+3	2,059069E-1	3,209375E+3	6,154837E-1	3,209375E+3	2,745102E-1	3,209375E+3	8,160816E-1
3,210937E+3	1,839057E-1	3,210937E+3	6,841103E-1	3,210937E+3	2,375962E-1	3,210937E+3	7,773052E-1	3,210937E+3	2,011920E-1	3,210937E+3	6,042451E-1	3,210937E+3	2,733747E-1	3,210937E+3	8,052463E-1
3,212500E+3	1,805202E-1	3,212500E+3	6,719693E-1	3,212500E+3	2,776058E-1	3,212500E+3	8,014273E-1	3,212500E+3	1,938339E-1	3,212500E+3	5,961677E-1	3,212500E+3	2,717380E-1	3,212500E+3	7,951929E-1
3,214062E+3	2,146993E-1	3,214062E+3	6,622059E-1	3,214062E+3	2,703865E-1	3,214062E+3	7,790314E-1	3,214062E+3	1,893056E-1	3,214062E+3	5,841599E-1	3,214062E+3	2,742217E-1	3,214062E+3	7,900935E-1
3,215625E+3	2,677327E-1	3,215625E+3	6,532739E-1	3,215625E+3	2,626972E-1	3,215625E+3	7,584000E-1	3,215625E+3	1,825778E-1	3,215625E+3	5,748020E-1	3,215625E+3	2,759920E-1	3,215625E+3	7,859518E-1
3,217187E+3	2,641245E-1	3,217187E+3	6,323045E-1	3,217187E+3	2,587919E-1	3,217187E+3	7,367151E-1	3,217187E+3	1,813455E-1	3,217187E+3	5,607417E-1	3,217187E+3	2,762248E-1	3,217187E+3	7,824765E-1
3,218750E+3	2,588346E-1	3,218750E+3	6,140458E-1	3,218750E+3	2,546311E-1	3,218750E+3	7,167418E-1	3,218750E+3	1,787621E-1	3,218750E+3	5,488748E-1	3,218750E+3	2,755505E-1	3,218750E+3	7,803257E-1
3,220312E+3	2,577747E-1	3,220312E+3	5,924511E-1	3,220312E+3	2,501598E-1	3,220312E+3	6,997807E-1	3,220312E+3	2,307500E-1	3,220312E+3	5,580425E-1	3,220312E+3	2,735559E-1	3,220312E+3	7,791311E-1
3,221875E+3	2,555484E-1	3,221875E+3	5,732642E-1	3,221875E+3	2,449969E-1	3,221875E+3	6,846458E-1	3,221875E+3	3,070746E-1	3,221875E+3	5,775972E-1	3,221875E+3	2,705401E-1	3,221875E+3	7,797482E-1
3,223437E+3	2,545029E-1	3,223437E+3	5,519174E-1	3,223437E+3	2,421954E-1	3,223437E+3	6,730639E-1	3,223437E+3	3,104113E-1	3,223437E+3	5,491305E-1	3,223437E+3	2,679643E-1	3,223437E+3	7,903722E-1
3,225000E+3	2,523496E-1	3,225000E+3	5,326568E-1	3,225000E+3	2,384510E-1	3,225000E+3	6,634802E-1	3,225000E+3	3,135176E-1	3,225000E+3	5,225588E-1	3,225000E+3	2,637738E-1	3,225000E+3	8,040331E-1
3,226562E+3	2,517484E-1	3,226562E+3	5,121081E-1	3,226562E+3	2,300897E-1	3,226562E+3	8,221108E-1	3,226562E+3	3,200903E-1	3,226562E+3	4,906507E-1	3,226562E+3	2,621784E-1	3,226562E+3	8,401498E-1
3,228125E+3	2,501171E-1	3,228125E+3	4,934002E-1	3,228125E+3	2,082701E-1	3,228125E+3	1,023989E+0	3,228125E+3	3,271512E-1	3,228125E+3	4,601421E-1	3,228125E+3	2,578075E-1	3,228125E+3	8,825462E-1
3,229687E+3	1,936256E-1	3,229687E+3	7,319225E-1	3,229687E+3	2,077420E-1	3,229687E+3	1,034537E+0	3,229687E+3	2,472023E-1	3,229687E+3	7,565209E-1	3,229687E+3	2,591518E-1	3,229687E+3	9,051757E-1
3,231250E+3	1,271707E-1	3,231250E+3	1,029174E+0	3,231250E+3	2,063175E-1	3,231250E+3	1,047342E+0	3,231250E+3	1,690308E-1	3,231250E+3	1,146957E+0	3,231250E+3	2,589370E-1	3,231250E+3	9,309257E-1
3,232812E+3	1,236566E-1	3,232812E+3	1,018087E+0	3,232812E+3	2,039134E-1	3,232812E+3	1,036162E+0	3,232812E+3	1,714531E-1	3,232812E+3	1,131003E+0	3,232812E+3	2,595224E-1	3,232812E+3	9,367939E-1
3,234375E+3	1,199312E-1	3,234375E+3	1,008538E+0	3,234375E+3	2,013271E-1	3,234375E+3	1,025652E+0	3,234375E+3	1,736631E-1	3,234375E+3	1,114864E+0	3,234375E+3	2,592592E-1	3,234375E+3	9,437215E-1
3,235937E+3	1,175277E-1	3,235937E+3	9,919383E-1	3,235937E+3	1,997013E-1	3,235937E+3	1,013522E+0	3,235937E+3	1,745457E-1	3,235937E+3	1,096519E+0	3,235937E+3	2,591000E-1	3,235937E+3	9,440765E-1
3,237500E+3	1,150151E-1	3,237500E+3	9,762981E-1	3,237500E+3	1,978827E-1	3,237500E+3	1,001771E+0	3,237500E+3	1,752646E-1	3,237500E+3	1,078148E+0	3,237500E+3	2,582684E-1	3,237500E+3	9,449749E-1
3,239062E+3	1,668238E-1	3,239062E+3	1,045714E+0	3,239062E+3	2,002252E-1	3,239062E+3	9,946364E-1	3,239062E+3	1,752542E-1	3,239062E+3	1,057817E+0	3,239062E+3	2,582523E-1	3,239062E+3	9,427070E-1
3,240625E+3	2,493758E-1	3,240625E+3	1,157783E+0	3,240625E+3	2,021864E-1	3,240625E+3	9,874965E-1	3,240625E+3	1,751279E-1	3,240625E+3	1,037602E+0	3,240625E+3	2,576133E-1	3,240625E+3	9,407360E-1
3,242187E+3	2,419777E-1	3,242187E+3	1,123853E+0	3,242187E+3	2,042171E-1	3,242187E+3	9,798710E-1	3,242187E+3	1,785421E-1	3,242187E+3	1,025222E+0	3,242187E+3	2,575877E-1	3,242187E+3	9,364116E-1
3,243750E+3	2,350622E-1	3,243750E+3	1,091775E+0	3,243750E+3	2,058481E-1	3,243750E+3	9,722250E-1	3,243750E+3	1,816311E-1	3,243750E+3	1,012457E+0	3,243750E+3	2,569766E-1	3,243750E+3	9,322834E-1
3,245312E+3	2,285031E-1	3,245312E+3	1,060124E+0	3,245312E+3	2,070677E-1	3,245312E+3	9,650554E-1	3,245312E+3	1,866828E-1	3,245312E+3	1,003881E+0	3,245312E+3	2,568596E-1	3,245312E+3	9,270254E-1
3,246875E+3	2,223394E-1	3,246875E+3	1,030112E+0	3,246875E+3	2,078740E-1	3,246875E+3	9,578424E-1	3,246875E+3	1,913144E-1	3,246875E+3	9,946944E-1	3,246875E+3	2,561606E-1	3,246875E+3	9,219378E-1
3,248437E+3	2,169061E-1	3,248437E+3	1,000136E+0	3,248437E+3	2,095871E-1	3,248437E+3	9,508383E-1	3,248437E+3	1,928503E-1	3,248437E+3	9,791619E-1	3,248437E+3	2,561283E-1	3,248437E+3	9,169949E-1
3,250000E+3	2,118079E-1	3,250000E+3	9,715944E-1	3,250000E+3	2,108470E-1	3,250000E+3	9,437218E-1	3,250000E+3	1,940971E-1	3,250000E+3	9,634347E-1	3,250000E+3	2,554897E-1	3,250000E+3	9,121456E-1
3,251562E+3	2,076786E-1	3,251562E+3	9,436769E-1	3,251562E+3	2,111726E-1	3,251562E+3	9,335891E-1	3,251562E+3	1,952120E-1	3,251562E+3	9,458560E-1	3,251562E+3	2,553255E-1	3,251562E+3	9,092800E-1
3,253125E+3	2,037997E-1	3,253125E+3	9,169626E-1	3,253125E+3	2,111346E-1	3,253125E+3	9,235127E-1	3,253125E+3	1,961024E-1	3,253125E+3	9,281942E-1	3,253125E+3	2,544733E-1	3,253125E+3	9,064292E-1
3,254687E+3	2,020405E-1	3,254687E+3	8,924653E-1	3,254687E+3	2,112504E-1	3,254687E+3	9,121075E-1	3,254687E+3	1,975432E-1	3,254687E+3	9,110453E-1	3,254687E+3	2,548509E-1	3,254687E+3	9,054766E-1
3,256250E+3	2,003514E-1	3,256250E+3	8,687810E-1	3,256250E+3	2,110386E-1	3,256250E+3	9,007971E-1	3,256250E+3	1,987456E-1	3,256250E+3	8,937549E-1	3,256250E+3	2,544396E-1	3,256250E+3	9,043667E-1
3,257812E+3	2,075447E-1	3,257812E+3	8,562588E-1	3,257812E+3	2,118849E-1	3,257812E+3	8,890837E-1	3,257812E+3	2,014025E-1	3,257812E+3	8,776914E-1	3,257812E+3	2,558729E-1	3,257812E+3	9,054317E-1
3,259375E+3	2,144907E-1	3,259375E+3	8,433524E-1	3,259375E+3	2,123940E-1	3,259375E+3	8,773932E-1	3,259375E+3	2,037450E-1	3,259375E+3	8,613844E-1	3,259375E+3	2,563203E-1	3,259375E+3	9,061618E-1
3,260937E+3	2,198324E-1	3,260937E+3	8,319515E-1	3,260937E+3	2,143280E-1	3,260937E+3	8,692314E-1	3,260937E+3	2,075816E-1	3,260937E+3	8,485525E-1	3,260937E+3	3,247725E-1	3,260937E+3	1,104668E+0
3,262500E+3	2,248466E-1	3,262500E+3	8,201829E-1	3,262500E+3	2,157622E-1	3,262500E+3	8,608650E-1	3,262500E+3	2,109607E-1	3,262500E+3	8,352328E-1	3,262500E+3	3,532285E-1	3,262500E+3	1,250121E+0
3,264062E+3	2,277615E-1	3,264062E+3	8,041396E-1	3,264062E+3	2,189635E-1	3,264062E+3	8,581437E-1	3,264062E+3	2,155599E-1	3,264062E+3	8,256636E-1	3,264062E+3	3,529936E-1	3,264062E+3	1,247538E+0
3,265625E+3	2,304689E-1	3,265625E+3	7,880697E-1	3,265625E+3	2,214075E-1	3,265625E+3	8,548384E-1	3,265625E+3	2,195592E-1	3,265625E+3	8,153825E-1	3,265625E+3	3,497959E-1	3,265625E+3	1,243020E+0
3,267187E+3	2,332471E-1	3,267187E+3	7,732407E-1	3,267187E+3	2,241474E-1	3,267187E+3	8,533050E-1	3,267187E+3	2,229878E-1	3,267187E+3	8,086022E-1	3,267187E+3	3,449527E-1	3,267187E+3	1,232024E+0
3,268750E+3	2,357677E-1	3,268750E+3	7,584768E-1	3,268750E+3	2,260525E-1	3,268750E+3	8,510256E-1	3,268750E+3	2,257792E-1	3,268750E+3	8,010955E-1	3,268750E+3	3,384701E-1	3,268750E+3	1,220168E+0
3,270312E+3	2,396476E-1	3,270312E+3	7,482626E-1	3,270312E+3	2,268667E-1	3,270312E+3	8,453607E-1	3,270312E+3	2,261946E-1	3,270312E+3	7,983920E-1	3,270312E+3	3,316909E-1	3,270312E+3	1,207800E+0
3,271875E+3	2,431219E-1	3,271875E+3	7,379741E-1	3,271875E+3	2,270146E-1	3,271875E+3	8,391778E-1	3,271875E+3	2,260169E-1	3,271875E+3	7,954997E-1	3,271875E+3	3,236560E-1	3,271875E+3	1,194718E+0
3,273437E+3	2,481570E-1	3,273437E+3	7,330749E-1	3,273437E+3	2,264502E-1	3,273437E+3	8,284590E-1	3,273437E+3	2,247380E-1	3,273437E+3	7,977353E-1	3,273437E+3	3,170468E-1	3,273437E+3	1,182876E+0
3,275000E+3	2,525805E-1	3,275000E+3	7,279045E-1	3,275000E+3	2,254172E-1	3,275000E+3	8,174294E-1	3,275000E+3	2,228332E-1	3,275000E+3	8,001193E-1	3,275000E+3	3,090368E-1	3,275000E+3	1,170073E+0
3,276562E+3	2,568638E-1	3,276562E+3	7,238035E-1	3,276562E+3	2,243712E-1	3,276562E+3	8,034135E-1	3,276562E+3	2,209559E-1	3,276562E+3	7,983187E-1	3,276562E+3	3,039779E-1	3,276562E+3	1,160704E+0
3,278125E+3	2,604359E-1	3,278125E+3	7,192976E-1	3,278125E+3	2,229987E-1	3,278125E+3	7,891181E-1	3,278125E+3	2,184016E-1	3,278125E+3	7,964669E-1	3,278125E+3	2,970619E-1	3,278125E+3	1,150093E+0
3,279687E+3	2,638909E-1	3,279687E+3	7,105077E-1	3,279687E+3	2,512703E-1	3,279687E+3	9,961840E-1	3,279687E+3	2,161004E-1	3,279687E+3	8,396359E-1	3,279687E+3	2,967583E-1	3,279687E+3	1,150666E+0
3,281250E+3	2,667369E-1	3,281250E+3	7,012037E-1	3,281250E+3	2,598673E-1	3,281250E+3	1,156118E+0	3,281250E+3	2,134931E-1	3,281250E+3	8,835913E-1	3,281250E+3	2,929588E-1	3,281250E+3	1,148971E+0
3,282812E+3	2,687949E-1	3,282812E+3	6,874826E-1	3,282812E+3	2,551668E-1	3,282812E+3	1,153937E+0	3,282812E+3	2,237859E-1	3,282812E+3	1,139590E+0	3,282812E+3	3,934612E-1	3,282812E+3	1,251366E+0
3,284375E+3	2,703912E-1	3,284375E+3	6,732234E-1	3,284375E+3	2,499412E-1	3,284375E+3	1,151719E+0	3,284375E+3	2,077834E-1	3,284375E+3	1,355586E+0	3,284375E+3	3,538589E-1	3,284375E+3	1,338919E+0
3,285937E+3	2,628410E-1	3,285937E+3	7,366003E-1	3,285937E+3	2,467372E-1	3,285937E+3	1,145779E+0	3,285937E+3	2,044871E-1	3,285937E+3	1,330701E+0	3,285937E+3	3,530694E-1	3,285937E+3	1,332835E+0
3,287500E+3	2,566541E-1	3,287500E+3	8,002026E-1	3,287500E+3	2,425011E-1	3,287500E+3	1,138693E+0	3,287500E+3	2,007414E-1	3,287500E+3	1,305366E+0	3,287500E+3	3,442694E-1	3,287500E+3	1,331607E+0
3,289062E+3	2,270088E-1	3,289062E+3	8,313062E-1	3,289062E+3	2,463129E-1	3,289062E+3	1,151258E+0	3,289062E+3	2,010507E-1	3,289062E+3	1,289136E+0	3,289062E+3	3,297967E-1	3,289062E+3	1,331477E+0
3,290625E+3	1,962828E-1	3,290625E+3	8,636014E-1	3,290625E+3	2,455357E-1	3,290625E+3	1,158135E+0	3,290625E+3	2,000573E-1	3,290625E+3	1,271017E+0	3,290625E+3	3,102929E-1	3,290625E+3	1,335549E+0
3,292187E+3	2,014863E-1	3,292187E+3	8,515240E-1	3,292187E+3	2,412945E-1	3,292187E+3	1,188089E+0	3,292187E+3	2,065549E-1	3,292187E+3	1,270843E+0	3,292187E+3	3,070040E-1	3,292187E+3	1,318311E+0
3,293750E+3	2,062403E-1	3,293750E+3	8,386816E-1	3,293750E+3	2,270990E-1	3,293750E+3	1,207024E+0	3,293750E+3	2,091382E-1	3,293750E+3	1,265824E+0	3,293750E+3	2,999738E-1	3,293750E+3	1,306666E+0
3,295312E+3	2,128920E-1	3,295312E+3	8,308154E-1	3,295312E+3	2,346364E-1	3,295312E+3	1,218066E+0	3,295312E+3	2,219810E-1	3,295312E+3	1,290111E+0	3,295312E+3	2,989497E-1	3,295312E+3	1,294110E+0
3,296875E+3	2,187981E-1	3,296875E+3	8,218235E-1	3,296875E+3	2,327715E-1	3,296875E+3	1,219974E+0	3,296875E+3	2,242922E-1	3,296875E+3	1,303182E+0	3,296875E+3	2,944135E-1	3,296875E+3	1,288724E+0
3,298437E+3	2,247457E-1	3,298437E+3	8,117828E-1	3,298437E+3	2,587312E-1	3,298437E+3	1,261962E+0	3,298437E+3	2,307549E-1	3,298437E+3	1,309440E+0	3,298437E+3	3,018804E-1	3,298437E+3	1,301208E+0
3,300000E+3	2,301123E-1	3,300000E+3	8,010188E-1	3,300000E+3	2,497278E-1	3,300000E+3	1,285261E+0	3,300000E+3	2,303069E-1	3,300000E+3	1,308549E+0	3,300000E+3	3,010792E-1	3,300000E+3	1,337194E+0
3,301562E+3	2,350911E-1	3,301562E+3	7,922847E-1	3,301562E+3	2,459030E-1	3,301562E+3	1,338662E+0	3,301562E+3	2,337209E-1	3,301562E+3	1,312747E+0	3,301562E+3	2,992078E-1	3,301562E+3	1,329248E+0
3,303125E+3	2,395867E-1	3,303125E+3	7,830242E-1	3,303125E+3	2,297073E-1	3,303125E+3	1,391084E+0	3,303125E+3	2,298683E-1	3,303125E+3	1,311022E+0	3,303125E+3	2,961766E-1	3,303125E+3	1,326866E+0
3,304687E+3	2,703934E-1	3,304687E+3	9,829497E-1	3,304687E+3	2,505497E-1	3,304687E+3	1,581234E+0	3,304687E+3	2,375261E-1	3,304687E+3	1,323306E+0	3,304687E+3	3,304671E-1	3,304687E+3	1,500400E+0
3,306250E+3	2,792849E-1	3,306250E+3	1,127423E+0	3,306250E+3	2,766473E-1	3,306250E+3	1,801350E+0	3,306250E+3	2,336901E-1	3,306250E+3	1,329011E+0	3,306250E+3	3,855892E-1	3,306250E+3	1,707207E+0
3,307812E+3	2,774767E-1	3,307812E+3	1,470270E+0	3,307812E+3	2,688493E-1	3,307812E+3	1,765571E+0	3,307812E+3	2,516805E-1	3,307812E+3	1,470366E+0	3,307812E+3	3,705940E-1	3,307812E+3	1,676589E+0
3,309375E+3	3,037186E-1	3,309375E+3	1,844204E+0	3,309375E+3	2,556719E-1	3,309375E+3	1,733501E+0	3,309375E+3	2,606204E-1	3,309375E+3	1,619673E+0	3,309375E+3	3,565167E-1	3,309375E+3	1,648320E+0
3,310937E+3	2,995294E-1	3,310937E+3	1,819873E+0	3,310937E+3	2,502083E-1	3,310937E+3	1,701849E+0	3,310937E+3	2,863706E-1	3,310937E+3	1,746811E+0	3,310937E+3	3,440753E-1	3,310937E+3	1,620951E+0
3,312500E+3	2,916901E-1	3,312500E+3	1,791989E+0	3,312500E+3	2,394398E-1	3,312500E+3	1,675201E+0	3,312500E+3	3,037073E-1	3,312500E+3	1,886779E+0	3,312500E+3	3,323147E-1	3,312500E+3	1,595862E+0
3,314062E+3	2,885680E-1	3,314062E+3	1,773631E+0	3,314062E+3	3,085041E-1	3,314062E+3	1,712475E+0	3,314062E+3	4,353962E-1	3,314062E+3	1,908793E+0	3,314062E+3	3,223718E-1	3,314062E+3	1,574009E+0
3,315625E+3	2,809469E-1	3,315625E+3	1,750475E+0	3,315625E+3	3,143461E-1	3,315625E+3	1,968215E+0	3,315625E+3	4,229451E-1	3,315625E+3	2,235406E+0	3,315625E+3	3,128424E-1	3,315625E+3	1,554600E+0
3,317187E+3	2,842287E-1	3,317187E+3	1,747005E+0	3,317187E+3	2,946946E-1	3,317187E+3	1,912082E+0	3,317187E+3	3,876646E-1	3,317187E+3	2,157468E+0	3,317187E+3	3,048709E-1	3,317187E+3	1,537446E+0
3,318750E+3	2,787032E-1	3,318750E+3	1,735042E+0	3,318750E+3	2,768836E-1	3,318750E+3	1,859304E+0	3,318750E+3	3,567448E-1	3,318750E+3	2,085084E+0	3,318750E+3	2,971356E-1	3,318750E+3	1,523027E+0
3,320312E+3	3,623138E-1	3,320312E+3	1,840833E+0	3,320312E+3	2,619050E-1	3,320312E+3	1,810534E+0	3,320312E+3	3,318342E-1	3,320312E+3	2,019321E+0	3,320312E+3	2,913531E-1	3,320312E+3	1,515719E+0
3,321875E+3	3,487374E-1	3,321875E+3	1,903732E+0	3,321875E+3	2,481464E-1	3,321875E+3	1,764603E+0	3,321875E+3	3,095797E-1	3,321875E+3	1,958077E+0	3,321875E+3	2,853627E-1	3,321875E+3	1,512518E+0
3,323437E+3	3,267818E-1	3,323437E+3	1,846434E+0	3,323437E+3	2,363875E-1	3,323437E+3	1,721659E+0	3,323437E+3	2,907898E-1	3,323437E+3	1,901984E+0	3,323437E+3	2,811153E-1	3,323437E+3	1,513033E+0
3,325000E+3	3,056727E-1	3,325000E+3	1,791870E+0	3,325000E+3	2,254599E-1	3,325000E+3	1,681171E+0	3,325000E+3	2,736552E-1	3,325000E+3	1,849632E+0	3,325000E+3	2,764233E-1	3,325000E+3	1,518934E+0
3,326562E+3	2,883910E-1	3,326562E+3	1,740312E+0	3,326562E+3	2,163746E-1	3,326562E+3	1,642976E+0	3,326562E+3	2,588811E-1	3,326562E+3	1,801354E+0	3,326562E+3	2,678655E-1	3,326562E+3	1,497923E+0
3,328125E+3	2,714613E-1	3,328125E+3	1,690947E+0	3,328125E+3	2,078806E-1	3,328125E+3	1,606880E+0	3,328125E+3	2,451687E-1	3,328125E+3	1,756198E+0	3,328125E+3	2,596710E-1	3,328125E+3	1,478174E+0
3,329687E+3	2,580899E-1	3,329687E+3	1,646652E+0	3,329687E+3	2,013949E-1	3,329687E+3	1,577016E+0	3,329687E+3	2,338085E-1	3,329687E+3	1,712958E+0	3,329687E+3	2,741187E-1	3,329687E+3	1,504381E+0
3,331250E+3	2,443433E-1	3,331250E+3	1,604094E+0	3,331250E+3	1,951270E-1	3,331250E+3	1,548768E+0	3,331250E+3	2,231831E-1	3,331250E+3	1,672399E+0	3,331250E+3	2,889164E-1	3,331250E+3	1,531023E+0
3,332812E+3	2,348550E-1	3,332812E+3	1,569951E+0	3,332812E+3	2,063696E-1	3,332812E+3	1,593247E+0	3,332812E+3	2,203502E-1	3,332812E+3	1,654098E+0	3,332812E+3	2,943085E-1	3,332812E+3	1,531739E+0
3,334375E+3	2,241965E-1	3,334375E+3	1,537040E+0	3,334375E+3	2,180326E-1	3,334375E+3	1,639403E+0	3,334375E+3	2,172083E-1	3,334375E+3	1,636970E+0	3,334375E+3	2,992829E-1	3,334375E+3	1,532417E+0
3,335937E+3	2,356024E-1	3,335937E+3	1,579796E+0	3,335937E+3	2,155015E-1	3,335937E+3	1,624594E+0	3,335937E+3	2,311179E-1	3,335937E+3	1,672255E+0	3,335937E+3	2,974042E-1	3,335937E+3	1,517853E+0
3,337500E+3	2,456639E-1	3,337500E+3	1,623183E+0	3,337500E+3	2,127775E-1	3,337500E+3	1,610637E+0	3,337500E+3	2,451740E-1	3,337500E+3	1,708513E+0	3,337500E+3	2,953000E-1	3,337500E+3	1,503555E+0
3,339062E+3	2,395241E-1	3,339062E+3	1,596804E+0	3,339062E+3	2,086757E-1	3,339062E+3	1,593177E+0	3,339062E+3	2,383312E-1	3,339062E+3	1,680741E+0	3,339062E+3	2,931394E-1	3,339062E+3	1,489100E+0
3,340625E+3	2,319241E-1	3,340625E+3	1,571663E+0	3,340625E+3	2,044785E-1	3,340625E+3	1,577026E+0	3,340625E+3	2,315645E-1	3,340625E+3	1,654475E+0	3,340625E+3	2,907572E-1	3,340625E+3	1,474861E+0
3,342187E+3	3,750724E-1	3,342187E+3	1,597743E+0	3,342187E+3	2,188685E-1	3,342187E+3	1,640277E+0	3,342187E+3	2,681185E-1	3,342187E+3	1,759302E+0	3,342187E+3	2,893977E-1	3,342187E+3	1,461332E+0
3,343750E+3	4,073330E-1	3,343750E+3	2,125967E+0	3,343750E+3	2,308073E-1	3,343750E+3	1,744544E+0	3,343750E+3	3,016536E-1	3,343750E+3	1,990476E+0	3,343750E+3	2,877689E-1	3,343750E+3	1,447939E+0
3,345312E+3	3,992915E-1	3,345312E+3	2,101354E+0	3,345312E+3	2,263114E-1	3,345312E+3	1,720837E+0	3,345312E+3	2,989845E-1	3,345312E+3	1,966075E+0	3,345312E+3	2,868795E-1	3,345312E+3	1,434173E+0
3,346875E+3	3,911992E-1	3,346875E+3	2,079208E+0	3,346875E+3	2,217474E-1	3,346875E+3	1,697523E+0	3,346875E+3	2,959053E-1	3,346875E+3	1,942013E+0	3,346875E+3	2,856944E-1	3,346875E+3	1,420550E+0
3,348437E+3	3,861440E-1	3,348437E+3	2,057829E+0	3,348437E+3	2,209909E-1	3,348437E+3	1,686077E+0	3,348437E+3	2,951877E-1	3,348437E+3	1,924475E+0	3,348437E+3	2,853784E-1	3,348437E+3	1,408012E+0
3,350000E+3	3,807483E-1	3,350000E+3	2,038041E+0	3,350000E+3	2,198726E-1	3,350000E+3	1,674367E+0	3,350000E+3	2,938904E-1	3,350000E+3	1,906817E+0	3,350000E+3	2,847202E-1	3,350000E+3	1,395593E+0
3,351562E+3	3,735632E-1	3,351562E+3	2,010264E+0	3,351562E+3	2,158029E-1	3,351562E+3	1,654421E+0	3,351562E+3	2,892238E-1	3,351562E+3	1,881791E+0	3,351562E+3	2,854988E-1	3,351562E+3	1,384233E+0
3,353125E+3	3,662621E-1	3,353125E+3	1,984002E+0	3,353125E+3	2,116402E-1	3,353125E+3	1,634645E+0	3,353125E+3	2,843274E-1	3,353125E+3	1,857074E+0	3,353125E+3	2,858869E-1	3,353125E+3	1,372920E+0
3,354687E+3	3,624093E-1	3,354687E+3	1,960954E+0	3,354687E+3	2,066138E-1	3,354687E+3	1,610642E+0	3,354687E+3	2,789085E-1	3,354687E+3	1,831314E+0	3,354687E+3	2,869954E-1	3,354687E+3	1,363224E+0
3,356250E+3	3,581189E-1	3,356250E+3	1,938887E+0	3,356250E+3	2,016497E-1	3,356250E+3	1,587078E+0	3,356250E+3	2,733756E-1	3,356250E+3	1,805902E+0	3,356250E+3	2,876919E-1	3,356250E+3	1,353567E+0
3,357812E+3	3,526330E-1	3,357812E+3	1,914472E+0	3,357812E+3	1,991861E-1	3,357812E+3	1,569834E+0	3,357812E+3	2,703441E-1	3,357812E+3	1,784145E+0	3,357812E+3	3,017174E-1	3,357812E+3	1,420735E+0
3,359375E+3	3,467673E-1	3,359375E+3	1,890968E+0	3,359375E+3	1,965510E-1	3,359375E+3	1,552631E+0	3,359375E+3	2,669641E-1	3,359375E+3	1,762528E+0	3,359375E+3	3,135911E-1	3,359375E+3	1,509420E+0
3,360937E+3	3,411177E-1	3,360937E+3	1,864029E+0	3,360937E+3	1,975566E-1	3,360937E+3	1,547138E+0	3,360937E+3	2,688596E-1	3,360937E+3	1,749013E+0	3,360937E+3	3,119203E-1	3,360937E+3	1,490696E+0
3,362500E+3	3,353010E-1	3,362500E+3	1,838020E+0	3,362500E+3	1,980882E-1	3,362500E+3	1,541180E+0	3,362500E+3	2,700091E-1	3,362500E+3	1,735169E+0	3,362500E+3	3,099141E-1	3,362500E+3	1,472142E+0
3,364062E+3	3,307453E-1	3,364062E+3	1,814745E+0	3,364062E+3	1,984409E-1	3,364062E+3	1,531229E+0	3,364062E+3	2,723396E-1	3,364062E+3	1,722663E+0	3,364062E+3	3,059580E-1	3,364062E+3	1,451573E+0
3,365625E+3	3,258263E-1	3,365625E+3	1,792118E+0	3,365625E+3	1,983802E-1	3,365625E+3	1,520967E+0	3,365625E+3	2,738968E-1	3,365625E+3	1,709747E+0	3,365625E+3	3,018193E-1	3,365625E+3	1,431291E+0
3,367187E+3	3,238688E-1	3,367187E+3	1,772028E+0	3,367187E+3	2,071541E-1	3,367187E+3	1,595801E+0	3,367187E+3	2,742900E-1	3,367187E+3	1,695693E+0	3,367187E+3	2,966958E-1	3,367187E+3	1,409594E+0
3,368750E+3	3,213089E-1	3,368750E+3	1,752331E+0	3,368750E+3	2,117948E-1	3,368750E+3	1,699119E+0	3,368750E+3	2,740318E-1	3,368750E+3	1,681362E+0	3,368750E+3	2,915189E-1	3,368750E+3	1,388257E+0
3,370312E+3	3,188143E-1	3,370312E+3	1,731181E+0	3,370312E+3	2,080088E-1	3,370312E+3	1,674957E+0	3,370312E+3	2,908112E-1	3,370312E+3	1,767368E+0	3,370312E+3	2,867584E-1	3,370312E+3	1,367205E+0
3,371875E+3	3,157751E-1	3,371875E+3	1,710433E+0	3,371875E+3	2,039849E-1	3,371875E+3	1,650878E+0	3,371875E+3	3,053203E-1	3,371875E+3	1,883914E+0	3,371875E+3	2,819354E-1	3,371875E+3	1,346490E+0
3,373437E+3	3,109745E-1	3,373437E+3	1,686685E+0	3,373437E+3	2,027807E-1	3,373437E+3	1,633891E+0	3,373437E+3	3,018367E-1	3,373437E+3	1,858974E+0	3,373437E+3	2,797438E-1	3,373437E+3	1,328068E+0
3,375000E+3	3,058820E-1	3,375000E+3	1,663463E+0	3,375000E+3	2,010850E-1	3,375000E+3	1,616541E+0	3,375000E+3	2,976545E-1	3,375000E+3	1,833808E+0	3,375000E+3	2,772716E-1	3,375000E+3	1,309843E+0
3,376562E+3	3,430699E-1	3,376562E+3	1,769957E+0	3,376562E+3	2,032452E-1	3,376562E+3	1,608689E+0	3,376562E+3	2,956832E-1	3,376562E+3	1,813391E+0	3,376562E+3	2,792735E-1	3,376562E+3	1,295954E+0
3,378125E+3	3,850128E-1	3,378125E+3	1,942307E+0	3,378125E+3	2,046392E-1	3,378125E+3	1,599917E+0	3,378125E+3	2,928413E-1	3,378125E+3	1,792483E+0	3,378125E+3	2,806524E-1	3,378125E+3	1,281967E+0
3,379687E+3	3,883254E-1	3,379687E+3	1,920689E+0	3,379687E+3	2,047509E-1	3,379687E+3	1,588365E+0	3,379687E+3	2,969203E-1	3,379687E+3	1,778761E+0	3,379687E+3	3,023715E-1	3,379687E+3	1,352951E+0
3,381250E+3	3,905489E-1	3,381250E+3	1,899007E+0	3,381250E+3	2,042333E-1	3,381250E+3	1,576105E+0	3,381250E+3	2,995931E-1	3,381250E+3	1,764095E+0	3,381250E+3	3,247388E-1	3,381250E+3	1,438799E+0
3,382812E+3	3,827904E-1	3,382812E+3	1,875357E+0	3,382812E+3	2,030484E-1	3,382812E+3	1,559559E+0	3,382812E+3	3,037321E-1	3,382812E+3	1,751217E+0	3,382812E+3	3,226545E-1	3,382812E+3	1,421112E+0
3,384375E+3	3,743095E-1	3,384375E+3	1,851792E+0	3,384375E+3	2,014082E-1	3,384375E+3	1,542603E+0	3,384375E+3	3,064016E-1	3,384375E+3	1,737360E+0	3,384375E+3	3,200820E-1	3,384375E+3	1,403501E+0
3,385937E+3	3,659138E-1	3,385937E+3	1,827883E+0	3,385937E+3	2,001249E-1	3,385937E+3	1,526247E+0	3,385937E+3	3,037894E-1	3,385937E+3	1,715880E+0	3,385937E+3	3,175393E-1	3,385937E+3	1,386219E+0
3,387500E+3	3,569174E-1	3,387500E+3	1,804115E+0	3,387500E+3	1,983720E-1	3,387500E+3	1,509504E+0	3,387500E+3	3,003609E-1	3,387500E+3	1,694088E+0	3,387500E+3	3,145789E-1	3,387500E+3	1,369041E+0
3,389062E+3	3,537631E-1	3,389062E+3	1,784957E+0	3,389062E+3	1,994964E-1	3,389062E+3	1,495663E+0	3,389062E+3	2,979581E-1	3,389062E+3	1,672435E+0	3,389062E+3	3,126247E-1	3,389062E+3	1,353595E+0
3,390625E+3	3,495190E-1	3,390625E+3	1,765647E+0	3,390625E+3	1,999612E-1	3,390625E+3	1,481179E+0	3,390625E+3	2,947493E-1	3,390625E+3	1,650531E+0	3,390625E+3	3,102153E-1	3,390625E+3	1,338178E+0
3,392187E+3	3,500742E-1	3,392187E+3	1,751335E+0	3,392187E+3	2,031198E-1	3,392187E+3	1,469687E+0	3,392187E+3	2,953061E-1	3,392187E+3	1,632022E+0	3,392187E+3	3,127265E-1	3,392187E+3	1,328134E+0
3,393750E+3	3,492109E-1	3,393750E+3	1,736455E+0	3,393750E+3	2,053991E-1	3,393750E+3	1,457322E+0	3,393750E+3	2,947352E-1	3,393750E+3	1,613025E+0	3,393750E+3	3,143872E-1	3,393750E+3	1,317802E+0
3,395312E+3	3,477546E-1	3,395312E+3	1,721128E+0	3,395312E+3	2,080542E-1	3,395312E+3	1,444546E+0	3,395312E+3	2,958259E-1	3,395312E+3	1,596498E+0	3,395312E+3	3,142430E-1	3,395312E+3	1,306691E+0
3,396875E+3	3,450766E-1	3,396875E+3	1,705248E+0	3,396875E+3	2,098365E-1	3,396875E+3	1,430875E+0	3,396875E+3	2,956767E-1	3,396875E+3	1,579288E+0	3,396875E+3	3,134359E-1	3,396875E+3	1,295340E+0
3,398437E+3	3,433336E-1	3,398437E+3	1,689569E+0	3,398437E+3	2,256284E-1	3,398437E+3	1,520651E+0	3,398437E+3	2,981824E-1	3,398437E+3	1,564443E+0	3,398437E+3	3,119166E-1	3,398437E+3	1,282244E+0
3,400000E+3	3,403494E-1	3,400000E+3	1,673373E+0	3,400000E+3	2,392862E-1	3,400000E+3	1,629052E+0	3,400000E+3	2,992453E-1	3,400000E+3	1,548667E+0	3,400000E+3	3,098922E-1	3,400000E+3	1,268983E+0
3,401562E+3	3,369771E-1	3,401562E+3	1,653780E+0	3,401562E+3	2,388924E-1	3,401562E+3	1,614392E+0	3,401562E+3	5,825013E-1	3,401562E+3	1,946361E+0	3,401562E+3	3,080290E-1	3,401562E+3	1,257652E+0
3,403125E+3	3,326625E-1	3,403125E+3	1,633903E+0	3,403125E+3	2,375870E-1	3,403125E+3	1,599019E+0	3,403125E+3	1,110973E+0	3,403125E+3	2,409896E+0	3,403125E+3	3,056173E-1	3,403125E+3	1,246055E+0
3,404687E+3	4,721885E-1	3,404687E+3	1,833397E+0	3,404687E+3	2,397194E-1	3,404687E+3	1,586434E+0	3,404687E+3	1,125216E+0	3,404687E+3	2,381768E+0	3,404687E+3	3,043133E-1	3,404687E+3	1,235309E+0
3,406250E+3	6,357209E-1	3,406250E+3	2,025720E+0	3,406250E+3	2,407306E-1	3,406250E+3	1,572927E+0	3,406250E+3	1,127247E+0	3,406250E+3	2,356408E+0	3,406250E+3	3,024237E-1	3,406250E+3	1,224240E+0
3,407812E+3	6,509936E-1	3,407812E+3	2,015643E+0	3,407812E+3	3,773360E-1	3,407812E+3	1,830984E+0	3,407812E+3	1,157229E+0	3,407812E+3	2,325673E+0	3,407812E+3	3,043496E-1	3,407812E+3	1,219084E+0
3,409375E+3	6,591415E-1	3,409375E+3	2,003639E+0	3,409375E+3	5,492819E-1	3,409375E+3	2,098412E+0	3,409375E+3	1,172357E+0	3,409375E+3	2,299412E+0	3,409375E+3	3,053248E-1	3,409375E+3	1,213244E+0
3,410937E+3	6,746492E-1	3,410937E+3	1,988625E+0	3,410937E+3	5,637034E-1	3,410937E+3	2,089755E+0	3,410937E+3	1,211017E+0	3,410937E+3	2,265768E+0	3,410937E+3	3,077163E-1	3,410937E+3	1,206962E+0
3,412500E+3	6,822429E-1	3,412500E+3	1,972573E+0	3,412500E+3	5,710921E-1	3,412500E+3	2,077920E+0	3,412500E+3	1,232997E+0	3,412500E+3	2,239101E+0	3,412500E+3	3,090764E-1	3,412500E+3	1,200229E+0
3,414062E+3	6,926510E-1	3,414062E+3	1,951128E+0	3,414062E+3	5,817602E-1	3,414062E+3	2,065431E+0	3,414062E+3	1,258354E+0	3,414062E+3	2,201607E+0	3,414062E+3	5,838145E-1	3,414062E+3	1,543093E+0
3,415625E+3	6,954001E-1	3,415625E+3	1,929707E+0	3,415625E+3	5,851673E-1	3,415625E+3	2,050384E+0	3,415625E+3	1,268808E+0	3,415625E+3	2,173627E+0	3,415625E+3	9,789640E-1	3,415625E+3	1,920850E+0
3,417187E+3	7,000836E-1	3,417187E+3	1,905231E+0	3,417187E+3	5,956682E-1	3,417187E+3	2,034932E+0	3,417187E+3	1,277119E+0	3,417187E+3	2,136654E+0	3,417187E+3	1,059641E+0	3,417187E+3	1,902871E+0
3,418750E+3	6,977599E-1	3,418750E+3	1,881456E+0	3,418750E+3	5,984762E-1	3,418750E+3	2,017240E+0	3,418750E+3	1,273432E+0	3,418750E+3	2,110155E+0	3,418750E+3	1,122846E+0	3,418750E+3	1,889164E+0
3,420312E+3	7,026962E-1	3,420312E+3	1,858631E+0	3,420312E+3	6,107773E-1	3,420312E+3	2,005359E+0	3,420312E+3	1,282793E+0	3,420312E+3	2,074196E+0	3,420312E+3	1,185344E+0	3,420312E+3	1,856942E+0
3,421875E+3	7,002674E-1	3,421875E+3	1,836895E+0	3,421875E+3	6,141752E-1	3,421875E+3	1,991275E+0	3,421875E+3	1,280138E+0	3,421875E+3	2,050606E+0	3,421875E+3	1,231867E+0	3,421875E+3	1,834854E+0
3,423437E+3	8,381100E-1	3,423437E+3	2,028543E+0	3,423437E+3	6,256636E-1	3,423437E+3	1,976682E+0	3,423437E+3	1,320155E+0	3,423437E+3	2,003350E+0	3,423437E+3	1,325169E+0	3,423437E+3	1,775478E+0
3,425000E+3	9,946685E-1	3,425000E+3	2,275004E+0	3,425000E+3	6,277999E-1	3,425000E+3	1,960755E+0	3,425000E+3	1,343602E+0	3,425000E+3	1,976248E+0	3,425000E+3	1,397247E+0	3,425000E+3	1,736108E+0
3,426562E+3	1,091814E+0	3,426562E+3	2,255447E+0	3,426562E+3	6,492748E-1	3,426562E+3	1,953840E+0	3,426562E+3	1,477562E+0	3,426562E+3	1,846413E+0	3,426562E+3	1,582975E+0	3,426562E+3	1,192861E+0
3,428125E+3	1,156447E+0	3,428125E+3	2,247710E+0	3,428125E+3	6,582588E-1	3,428125E+3	1,945975E+0	3,428125E+3	1,580676E+0	3,428125E+3	1,768658E+0	3,428125E+3	1,729773E+0	3,428125E+3	8,964503E-1
3,429687E+3	1,306533E+0	3,429687E+3	2,178847E+0	3,429687E+3	7,249003E-1	3,429687E+3	1,957683E+0	3,429687E+3	1,645390E+0	3,429687E+3	1,597929E+0	3,429687E+3	1,719692E+0	3,429687E+3	9,475475E-1
3,431250E+3	1,415037E+0	3,431250E+3	2,147331E+0	3,431250E+3	7,681540E-1	3,431250E+3	1,970140E+0	3,431250E+3	1,720815E+0	3,431250E+3	1,496134E+0	3,431250E+3	1,705051E+0	3,431250E+3	1,000787E+0
3,432812E+3	1,455406E+0	3,432812E+3	2,079061E+0	3,432812E+3	1,002702E+0	3,432812E+3	2,204965E+0	3,432812E+3	1,710484E+0	3,432812E+3	1,414734E+0	3,432812E+3	1,756517E+0	3,432812E+3	1,097680E+0
3,434375E+3	1,484936E+0	3,434375E+3	2,049256E+0	3,434375E+3	1,234001E+0	3,434375E+3	2,482394E+0	3,434375E+3	1,730422E+0	3,434375E+3	1,360879E+0	3,434375E+3	1,800512E+0	3,434375E+3	1,202088E+0
3,435937E+3	1,532100E+0	3,435937E+3	1,960467E+0	3,435937E+3	1,332177E+0	3,435937E+3	2,443402E+0	3,435937E+3	1,708288E+0	3,435937E+3	1,307982E+0	3,435937E+3	1,781064E+0	3,435937E+3	1,268401E+0
3,437500E+3	1,581407E+0	3,437500E+3	1,922141E+0	3,437500E+3	1,387530E+0	3,437500E+3	2,443082E+0	3,437500E+3	1,717395E+0	3,437500E+3	1,266165E+0	3,437500E+3	1,755316E+0	3,437500E+3	1,335341E+0
3,439062E+3	1,669951E+0	3,439062E+3	1,584089E+0	3,439062E+3	1,469533E+0	3,439062E+3	2,382869E+0	3,439062E+3	1,824684E+0	3,439062E+3	1,281179E+0	3,439062E+3	1,724174E+0	3,439062E+3	1,396911E+0
3,440625E+3	1,856732E+0	3,440625E+3	1,336868E+0	3,440625E+3	1,520952E+0	3,440625E+3	2,381347E+0	3,440625E+3	1,964744E+0	3,440625E+3	1,293769E+0	3,440625E+3	1,687661E+0	3,440625E+3	1,457367E+0
3,442187E+3	1,811590E+0	3,442187E+3	1,402120E+0	3,442187E+3	1,671371E+0	3,442187E+3	2,231926E+0	3,442187E+3	1,926491E+0	3,442187E+3	1,270539E+0	3,442187E+3	1,642983E+0	3,442187E+3	1,507752E+0
3,443750E+3	1,760834E+0	3,443750E+3	1,464016E+0	3,443750E+3	1,835376E+0	3,443750E+3	2,199235E+0	3,443750E+3	1,911552E+0	3,443750E+3	1,239092E+0	3,443750E+3	1,594874E+0	3,443750E+3	1,555410E+0
3,445312E+3	1,702971E+0	3,445312E+3	1,517476E+0	3,445312E+3	1,816054E+0	3,445312E+3	2,146745E+0	3,445312E+3	1,920304E+0	3,445312E+3	1,282429E+0	3,445312E+3	1,545972E+0	3,445312E+3	1,593124E+0
3,446875E+3	1,641913E+0	3,446875E+3	1,566002E+0	3,446875E+3	1,827149E+0	3,446875E+3	2,137204E+0	3,446875E+3	1,936219E+0	3,446875E+3	1,322580E+0	3,446875E+3	1,495634E+0	3,446875E+3	1,628560E+0
3,448437E+3	1,578891E+0	3,448437E+3	1,602284E+0	3,448437E+3	1,737710E+0	3,448437E+3	2,155045E+0	3,448437E+3	1,909559E+0	3,448437E+3	1,361611E+0	3,448437E+3	1,448555E+0	3,448437E+3	1,661220E+0
3,450000E+3	1,516325E+0	3,450000E+3	1,634190E+0	3,450000E+3	1,658862E+0	3,450000E+3	2,177134E+0	3,450000E+3	1,886759E+0	3,450000E+3	1,397108E+0	3,450000E+3	1,401256E+0	3,450000E+3	1,692007E+0
3,451562E+3	1,451869E+0	3,451562E+3	1,655185E+0	3,451562E+3	1,842499E+0	3,451562E+3	1,587098E+0	3,451562E+3	1,758301E+0	3,451562E+3	9,864297E-1	3,451562E+3	1,538756E+0	3,451562E+3	1,336304E+0
3,453125E+3	1,390466E+0	3,453125E+3	1,672777E+0	3,453125E+3	2,089748E+0	3,453125E+3	7,405953E-1	3,453125E+3	1,624844E+0	3,453125E+3	5,033367E-1	3,453125E+3	1,781349E+0	3,453125E+3	9,166844E-1
3,454687E+3	1,457810E+0	3,454687E+3	1,193227E+0	3,454687E+3	2,140589E+0	3,454687E+3	8,117767E-1	3,454687E+3	1,637095E+0	3,454687E+3	5,298259E-1	3,454687E+3	1,783723E+0	3,454687E+3	9,742901E-1
3,456250E+3	1,464469E+0	3,456250E+3	5,424882E-1	3,456250E+3	2,189020E+0	3,456250E+3	8,896264E-1	3,456250E+3	1,648794E+0	3,456250E+3	5,579472E-1	3,456250E+3	1,781756E+0	3,456250E+3	1,033898E+0
3,457812E+3	1,471149E+0	3,457812E+3	5,685405E-1	3,457812E+3	2,222268E+0	3,457812E+3	9,722419E-1	3,457812E+3	1,664098E+0	3,457812E+3	5,881447E-1	3,457812E+3	1,772342E+0	3,457812E+3	1,091012E+0
3,459375E+3	1,476850E+0	3,459375E+3	5,958019E-1	3,459375E+3	2,250699E+0	3,459375E+3	1,061393E+0	3,459375E+3	1,678733E+0	3,459375E+3	6,201682E-1	3,459375E+3	1,758343E+0	3,459375E+3	1,148612E+0
3,460937E+3	1,483286E+0	3,460937E+3	6,247046E-1	3,460937E+3	2,262956E+0	3,460937E+3	1,153756E+0	3,460937E+3	1,706965E+0	3,460937E+3	6,622872E-1	3,460937E+3	1,736727E+0	3,460937E+3	1,204299E+0
3,462500E+3	1,488615E+0	3,462500E+3	6,548157E-1	3,462500E+3	2,267381E+0	3,462500E+3	1,250546E+0	3,462500E+3	1,733319E+0	3,462500E+3	7,071157E-1	3,462500E+3	1,710489E+0	3,462500E+3	1,258498E+0
3,464062E+3	1,656108E+0	3,464062E+3	7,683878E-1	3,464062E+3	2,255657E+0	3,464062E+3	1,350563E+0	3,464062E+3	1,750424E+0	3,464062E+3	7,477132E-1	3,464062E+3	1,684315E+0	3,464062E+3	1,309204E+0
3,465625E+3	1,810346E+0	3,465625E+3	9,038408E-1	3,465625E+3	2,233414E+0	3,465625E+3	1,450922E+0	3,465625E+3	1,765760E+0	3,465625E+3	7,900063E-1	3,465625E+3	1,654756E+0	3,465625E+3	1,357657E+0
3,467187E+3	1,801917E+0	3,467187E+3	9,443150E-1	3,467187E+3	2,202062E+0	3,467187E+3	1,550807E+0	3,467187E+3	1,776722E+0	3,467187E+3	8,325768E-1	3,467187E+3	1,622370E+0	3,467187E+3	1,404039E+0
3,468750E+3	1,790955E+0	3,468750E+3	9,849310E-1	3,468750E+3	2,160594E+0	3,468750E+3	1,647144E+0	3,468750E+3	1,785565E+0	3,468750E+3	8,763683E-1	3,468750E+3	1,587480E+0	3,468750E+3	1,446973E+0
3,470312E+3	1,776662E+0	3,470312E+3	1,028296E+0	3,470312E+3	2,067340E+0	3,470312E+3	9,105697E-1	3,470312E+3	1,624659E+0	3,470312E+3	5,839108E-1	3,470312E+3	1,667545E+0	3,470312E+3	1,034502E+0
3,471875E+3	1,759265E+0	3,471875E+3	1,071132E+0	3,471875E+3	1,703178E+0	3,471875E+3	3,320581E-1	3,471875E+3	1,424621E+0	3,471875E+3	3,221433E-1	3,471875E+3	1,623699E+0	3,471875E+3	5,530762E-1
3,473437E+3	1,615502E+0	3,473437E+3	7,024936E-1	3,473437E+3	1,725531E+0	3,473437E+3	3,483948E-1	3,473437E+3	1,443061E+0	3,473437E+3	3,370357E-1	3,473437E+3	1,629931E+0	3,473437E+3	5,715183E-1
3,475000E+3	1,397083E+0	3,475000E+3	3,846170E-1	3,475000E+3	1,747372E+0	3,475000E+3	3,651771E-1	3,475000E+3	1,461145E+0	3,475000E+3	3,526581E-1	3,475000E+3	1,635562E+0	3,475000E+3	5,898104E-1
3,476562E+3	1,416506E+0	3,476562E+3	4,029490E-1	3,476562E+3	1,768329E+0	3,476562E+3	3,820554E-1	3,476562E+3	1,477217E+0	3,476562E+3	3,681805E-1	3,476562E+3	1,638718E+0	3,476562E+3	6,081639E-1
3,478125E+3	1,435535E+0	3,478125E+3	4,224231E-1	3,478125E+3	1,788721E+0	3,478125E+3	3,991836E-1	3,478125E+3	1,492897E+0	3,478125E+3	3,843461E-1	3,478125E+3	1,641304E+0	3,478125E+3	6,263282E-1
3,479687E+3	1,456362E+0	3,479687E+3	4,427966E-1	3,479687E+3	1,805993E+0	3,479687E+3	4,175487E-1	3,479687E+3	1,504264E+0	3,479687E+3	3,997875E-1	3,479687E+3	1,643108E+0	3,479687E+3	6,466245E-1
3,481250E+3	1,476646E+0	3,481250E+3	4,643513E-1	3,481250E+3	1,822813E+0	3,481250E+3	4,363117E-1	3,481250E+3	1,515291E+0	3,481250E+3	4,158107E-1	3,481250E+3	1,644222E+0	3,481250E+3	6,668705E-1
3,482812E+3	1,498207E+0	3,482812E+3	4,873470E-1	3,482812E+3	1,839256E+0	3,482812E+3	4,549933E-1	3,482812E+3	1,498878E+0	3,482812E+3	3,625882E-1	3,482812E+3	1,647268E+0	3,482812E+3	6,878080E-1
3,484375E+3	1,518935E+0	3,484375E+3	5,116054E-1	3,484375E+3	1,855444E+0	3,484375E+3	4,740895E-1	3,484375E+3	1,480130E+0	3,484375E+3	3,057678E-1	3,484375E+3	1,649743E+0	3,484375E+3	7,087090E-1
3,485937E+3	1,511347E+0	3,485937E+3	4,519770E-1	3,485937E+3	1,830474E+0	3,485937E+3	3,790899E-1	3,485937E+3	1,486323E+0	3,485937E+3	3,152995E-1	3,485937E+3	1,663827E+0	3,485937E+3	6,288471E-1
3,487500E+3	1,500778E+0	3,487500E+3	3,875129E-1	3,487500E+3	1,796638E+0	3,487500E+3	2,792079E-1	3,487500E+3	1,492154E+0	3,487500E+3	3,249377E-1	3,487500E+3	1,674806E+0	3,487500E+3	5,396731E-1
3,489062E+3	1,509362E+0	3,489062E+3	4,011947E-1	3,489062E+3	1,817842E+0	3,489062E+3	2,966359E-1	3,489062E+3	1,498290E+0	3,489062E+3	3,347444E-1	3,489062E+3	1,700092E+0	3,489062E+3	5,742357E-1
3,490625E+3	1,517389E+0	3,490625E+3	4,151104E-1	3,490625E+3	1,839149E+0	3,490625E+3	3,151996E-1	3,490625E+3	1,504011E+0	3,490625E+3	3,445979E-1	3,490625E+3	1,718851E+0	3,490625E+3	6,038916E-1
3,492187E+3	1,522915E+0	3,492187E+3	4,284323E-1	3,492187E+3	1,861508E+0	3,492187E+3	3,350901E-1	3,492187E+3	1,510288E+0	3,492187E+3	3,538733E-1	3,492187E+3	1,718038E+0	3,492187E+3	6,162283E-1
3,493750E+3	1,527848E+0	3,493750E+3	4,418282E-1	3,493750E+3	1,883743E+0	3,493750E+3	3,561215E-1	3,493750E+3	1,516035E+0	3,493750E+3	3,630110E-1	3,493750E+3	1,716779E+0	3,493750E+3	6,278649E-1
3,495312E+3	1,531954E+0	3,495312E+3	4,549266E-1	3,495312E+3	1,909326E+0	3,495312E+3	3,785972E-1	3,495312E+3	1,524909E+0	3,495312E+3	3,739997E-1	3,495312E+3	1,714386E+0	3,495312E+3	6,379393E-1
3,496875E+3	1,535416E+0	3,496875E+3	4,679399E-1	3,496875E+3	1,933977E+0	3,496875E+3	4,017826E-1	3,496875E+3	1,532912E+0	3,496875E+3	3,847773E-1	3,496875E+3	1,711665E+0	3,496875E+3	6,471327E-1
3,498437E+3	1,537900E+0	3,498437E+3	4,797062E-1	3,498437E+3	1,974671E+0	3,498437E+3	4,381879E-1	3,498437E+3	1,570444E+0	3,498437E+3	4,157734E-1	3,498437E+3	1,708294E+0	3,498437E+3	6,553498E-1
3,500000E+3	1,539757E+0	3,500000E+3	4,911810E-1	3,500000E+3	2,007741E+0	3,500000E+3	4,702330E-1	3,500000E+3	1,597548E+0	3,500000E+3	4,412626E-1	3,500000E+3	1,704717E+0	3,500000E+3	6,626580E-1
3,501562E+3	1,544485E+0	3,501562E+3	5,046568E-1	3,501562E+3	2,018392E+0	3,501562E+3	4,862598E-1	3,501562E+3	1,597605E+0	3,501562E+3	4,480199E-1	3,501562E+3	1,699859E+0	3,501562E+3	6,702626E-1
3,503125E+3	1,548456E+0	3,503125E+3	5,179120E-1	3,503125E+3	2,028224E+0	3,503125E+3	5,019773E-1	3,503125E+3	1,597101E+0	3,503125E+3	4,542840E-1	3,503125E+3	1,694912E+0	3,503125E+3	6,770197E-1
3,504687E+3	1,574018E+0	3,504687E+3	5,448659E-1	3,504687E+3	2,036598E+0	3,504687E+3	5,195132E-1	3,504687E+3	1,595307E+0	3,504687E+3	4,609188E-1	3,504687E+3	1,688135E+0	3,504687E+3	6,831779E-1
3,506250E+3	1,595558E+0	3,506250E+3	5,714794E-1	3,506250E+3	2,044342E+0	3,506250E+3	5,368927E-1	3,506250E+3	1,593029E+0	3,506250E+3	4,670097E-1	3,506250E+3	1,681473E+0	3,506250E+3	6,885670E-1
3,507812E+3	1,595824E+0	3,507812E+3	5,852641E-1	3,507812E+3	2,052015E+0	3,507812E+3	5,560169E-1	3,507812E+3	1,591023E+0	3,507812E+3	4,745080E-1	3,507812E+3	1,673726E+0	3,507812E+3	6,946155E-1
3,509375E+3	1,595318E+0	3,509375E+3	5,985958E-1	3,509375E+3	2,059055E+0	3,509375E+3	5,750289E-1	3,509375E+3	1,588556E+0	3,509375E+3	4,814907E-1	3,509375E+3	1,666133E+0	3,509375E+3	6,999734E-1
3,510937E+3	1,617103E+0	3,510937E+3	6,351825E-1	3,510937E+3	2,065325E+0	3,510937E+3	5,950267E-1	3,510937E+3	1,585842E+0	3,510937E+3	4,878247E-1	3,510937E+3	1,657542E+0	3,510937E+3	7,050342E-1
3,512500E+3	1,633529E+0	3,512500E+3	6,680722E-1	3,512500E+3	2,070982E+0	3,512500E+3	6,148950E-1	3,512500E+3	1,582768E+0	3,512500E+3	4,936685E-1	3,512500E+3	1,649191E+0	3,512500E+3	7,094454E-1
3,514062E+3	1,635738E+0	3,514062E+3	6,812248E-1	3,514062E+3	2,075122E+0	3,514062E+3	6,363007E-1	3,514062E+3	1,579158E+0	3,514062E+3	4,988853E-1	3,514062E+3	1,639703E+0	3,514062E+3	7,120352E-1
3,515625E+3	1,636772E+0	3,515625E+3	6,938415E-1	3,515625E+3	2,078689E+0	3,515625E+3	6,576491E-1	3,515625E+3	1,575279E+0	3,515625E+3	5,036234E-1	3,515625E+3	1,630692E+0	3,515625E+3	7,141048E-1
3,517187E+3	1,631828E+0	3,517187E+3	7,043976E-1	3,517187E+3	2,078372E+0	3,517187E+3	6,738586E-1	3,517187E+3	1,570670E+0	3,517187E+3	5,077927E-1	3,517187E+3	1,620823E+0	3,517187E+3	7,154415E-1
3,518750E+3	1,626344E+0	3,518750E+3	7,142945E-1	3,518750E+3	2,077896E+0	3,518750E+3	6,896349E-1	3,518750E+3	1,565898E+0	3,518750E+3	5,115186E-1	3,518750E+3	1,611557E+0	3,518750E+3	7,163896E-1
3,520312E+3	1,620086E+0	3,520312E+3	7,237687E-1	3,520312E+3	2,075163E+0	3,520312E+3	7,053972E-1	3,520312E+3	1,559104E+0	3,520312E+3	5,130387E-1	3,520312E+3	1,600800E+0	3,520312E+3	7,138666E-1
3,521875E+3	1,613375E+0	3,521875E+3	7,325736E-1	3,521875E+3	2,072441E+0	3,521875E+3	7,208399E-1	3,521875E+3	1,552322E+0	3,521875E+3	5,140790E-1	3,521875E+3	1,590977E+0	3,521875E+3	7,111532E-1
3,523437E+3	1,605978E+0	3,523437E+3	7,384258E-1	3,523437E+3	2,065402E+0	3,523437E+3	7,292517E-1	3,523437E+3	1,543564E+0	3,523437E+3	5,142893E-1	3,523437E+3	1,577755E+0	3,523437E+3	7,034813E-1
3,525000E+3	1,598318E+0	3,525000E+3	7,435776E-1	3,525000E+3	2,058957E+0	3,525000E+3	7,372646E-1	3,525000E+3	1,534985E+0	3,525000E+3	5,140157E-1	3,525000E+3	1,566231E+0	3,525000E+3	6,961291E-1
3,526562E+3	1,589197E+0	3,526562E+3	7,464241E-1	3,526562E+3	2,049283E+0	3,526562E+3	7,410944E-1	3,526562E+3	1,524697E+0	3,526562E+3	5,115154E-1	3,526562E+3	1,551764E+0	3,526562E+3	6,854951E-1
3,528125E+3	1,579984E+0	3,528125E+3	7,485504E-1	3,528125E+3	2,040573E+0	3,528125E+3	7,447490E-1	3,528125E+3	1,514651E+0	3,528125E+3	5,085265E-1	3,528125E+3	1,539360E+0	3,528125E+3	6,753335E-1
3,529687E+3	1,569294E+0	3,529687E+3	7,461223E-1	3,529687E+3	2,027775E+0	3,529687E+3	7,395191E-1	3,529687E+3	1,502695E+0	3,529687E+3	5,026051E-1	3,529687E+3	1,525130E+0	3,529687E+3	6,628515E-1
3,531250E+3	1,558718E+0	3,531250E+3	7,429858E-1	3,531250E+3	2,016388E+0	3,531250E+3	7,343484E-1	3,531250E+3	1,491167E+0	3,531250E+3	4,963286E-1	3,531250E+3	1,512725E+0	3,531250E+3	6,506408E-1
3,532812E+3	1,547247E+0	3,532812E+3	7,342019E-1	3,532812E+3	1,998898E+0	3,532812E+3	7,227493E-1	3,532812E+3	1,476375E+0	3,532812E+3	4,854376E-1	3,532812E+3	1,497563E+0	3,532812E+3	6,339374E-1
3,534375E+3	1,536008E+0	3,534375E+3	7,248890E-1	3,534375E+3	1,983470E+0	3,534375E+3	7,116995E-1	3,534375E+3	1,462345E+0	3,534375E+3	4,744784E-1	3,534375E+3	1,484275E+0	3,534375E+3	6,175622E-1
3,535937E+3	1,523751E+0	3,535937E+3	7,123320E-1	3,535937E+3	1,961865E+0	3,535937E+3	6,924216E-1	3,535937E+3	1,443277E+0	3,535937E+3	4,584464E-1	3,535937E+3	1,465462E+0	3,535937E+3	5,946662E-1
3,537500E+3	1,511772E+0	3,537500E+3	6,995117E-1	3,537500E+3	1,942170E+0	3,537500E+3	6,735538E-1	3,537500E+3	1,425413E+0	3,537500E+3	4,426509E-1	3,537500E+3	1,449407E+0	3,537500E+3	5,724750E-1
3,539062E+3	1,497935E+0	3,539062E+3	6,804995E-1	3,539062E+3	1,914081E+0	3,539062E+3	6,430979E-1	3,539062E+3	1,402688E+0	3,539062E+3	4,225617E-1	3,539062E+3	1,427111E+0	3,539062E+3	5,458641E-1
3,540625E+3	1,484368E+0	3,540625E+3	6,614942E-1	3,540625E+3	1,887585E+0	3,540625E+3	6,134558E-1	3,540625E+3	1,381397E+0	3,540625E+3	4,030333E-1	3,540625E+3	1,407988E+0	3,540625E+3	5,198014E-1
3,542187E+3	1,468483E+0	3,542187E+3	6,404690E-1	3,542187E+3	1,846261E+0	3,542187E+3	5,694567E-1	3,542187E+3	1,356864E+0	3,542187E+3	3,820744E-1	3,542187E+3	1,383161E+0	3,542187E+3	4,914557E-1
3,543750E+3	1,452917E+0	3,543750E+3	6,197018E-1	3,543750E+3	1,808008E+0	3,543750E+3	5,287855E-1	3,543750E+3	1,333810E+0	3,543750E+3	3,617462E-1	3,543750E+3	1,361468E+0	3,543750E+3	4,633760E-1
3,545312E+3	1,436305E+0	3,545312E+3	5,986061E-1	3,545312E+3	1,750111E+0	3,545312E+3	4,722975E-1	3,545312E+3	1,314859E+0	3,545312E+3	3,489961E-1	3,545312E+3	1,338698E+0	3,545312E+3	4,425074E-1
3,546875E+3	1,420045E+0	3,546875E+3	5,779076E-1	3,546875E+3	1,697387E+0	3,546875E+3	4,224050E-1	3,546875E+3	1,297235E+0	3,546875E+3	3,361447E-1	3,546875E+3	1,318838E+0	3,546875E+3	4,208471E-1
3,548437E+3	1,406199E+0	3,548437E+3	5,656206E-1	3,548437E+3	1,641380E+0	3,548437E+3	3,799074E-1	3,548437E+3	1,284769E+0	3,548437E+3	3,321314E-1	3,548437E+3	1,301234E+0	3,548437E+3	4,111675E-1
3,550000E+3	1,392803E+0	3,550000E+3	5,535034E-1	3,550000E+3	1,591793E+0	3,550000E+3	3,418955E-1	3,550000E+3	1,273715E+0	3,550000E+3	3,273048E-1	3,550000E+3	1,286112E+0	3,550000E+3	3,992624E-1
3,551562E+3	1,382441E+0	3,551562E+3	5,486820E-1	3,551562E+3	1,570258E+0	3,551562E+3	3,334192E-1	3,551562E+3	1,263378E+0	3,551562E+3	3,254102E-1	3,551562E+3	1,271676E+0	3,551562E+3	3,941290E-1
3,553125E+3	1,372473E+0	3,553125E+3	5,438961E-1	3,553125E+3	1,551733E+0	3,553125E+3	3,242537E-1	3,553125E+3	1,254562E+0	3,553125E+3	3,222784E-1	3,553125E+3	1,258995E+0	3,553125E+3	3,862793E-1
3,554687E+3	1,363019E+0	3,554687E+3	5,426560E-1	3,554687E+3	1,540396E+0	3,554687E+3	3,245623E-1	3,554687E+3	1,244813E+0	3,554687E+3	3,214539E-1	3,554687E+3	1,245865E+0	3,554687E+3	3,827818E-1
3,556250E+3	1,354100E+0	3,556250E+3	5,414519E-1	3,556250E+3	1,531847E+0	3,556250E+3	3,234546E-1	3,556250E+3	1,236446E+0	3,556250E+3	3,188503E-1	3,556250E+3	1,233766E+0	3,556250E+3	3,765238E-1
3,557812E+3	1,344690E+0	3,557812E+3	5,402651E-1	3,557812E+3	1,515392E+0	3,557812E+3	3,242711E-1	3,557812E+3	1,226158E+0	3,557812E+3	3,180381E-1	3,557812E+3	1,220308E+0	3,557812E+3	3,728293E-1
3,559375E+3	1,336095E+0	3,559375E+3	5,391917E-1	3,559375E+3	1,504505E+0	3,559375E+3	3,204050E-1	3,559375E+3	1,216762E+0	3,559375E+3	3,149721E-1	3,559375E+3	1,207326E+0	3,559375E+3	3,663250E-1
3,560937E+3	1,327106E+0	3,560937E+3	5,383082E-1	3,560937E+3	1,489725E+0	3,560937E+3	3,223265E-1	3,560937E+3	1,207232E+0	3,560937E+3	3,147085E-1	3,560937E+3	1,194096E+0	3,560937E+3	3,631474E-1
3,562500E+3	1,319018E+0	3,562500E+3	5,375534E-1	3,562500E+3	1,478712E+0	3,562500E+3	3,181661E-1	3,562500E+3	1,197925E+0	3,562500E+3	3,126656E-1	3,562500E+3	1,180854E+0	3,562500E+3	3,576835E-1
3,564062E+3	1,240603E+0	3,564062E+3	3,734991E-1	3,564062E+3	1,467392E+0	3,564062E+3	3,203465E-1	3,564062E+3	1,130077E+0	3,564062E+3	2,317804E-1	3,564062E+3	1,133904E+0	3,564062E+3	2,754348E-1
3,565625E+3	1,163141E+0	3,565625E+3	2,621200E-1	3,565625E+3	1,457433E+0	3,565625E+3	3,176460E-1	3,565625E+3	1,073597E+0	3,565625E+3	1,730867E-1	3,565625E+3	1,092243E+0	3,565625E+3	2,143613E-1
3,567187E+3	1,161937E+0	3,567187E+3	2,661062E-1	3,567187E+3	1,322753E+0	3,567187E+3	2,033506E-1	3,567187E+3	1,068349E+0	3,567187E+3	1,747952E-1	3,567187E+3	1,083615E+0	3,567187E+3	2,151052E-1
3,568750E+3	1,160822E+0	3,568750E+3	2,699993E-1	3,568750E+3	1,222387E+0	3,568750E+3	1,310045E-1	3,568750E+3	1,062588E+0	3,568750E+3	1,756863E-1	3,568750E+3	1,074291E+0	3,568750E+3	2,146942E-1
3,570312E+3	1,158017E+0	3,570312E+3	2,738045E-1	3,570312E+3	1,216846E+0	3,570312E+3	1,334112E-1	3,570312E+3	1,055388E+0	3,570312E+3	1,768348E-1	3,570312E+3	1,065840E+0	3,570312E+3	2,148561E-1
3,571875E+3	1,155438E+0	3,571875E+3	2,772310E-1	3,571875E+3	1,210084E+0	3,571875E+3	1,338340E-1	3,571875E+3	1,047448E+0	3,571875E+3	1,768857E-1	3,571875E+3	1,056834E+0	3,571875E+3	2,141397E-1
3,573437E+3	1,151620E+0	3,573437E+3	2,805085E-1	3,573437E+3	1,202093E+0	3,573437E+3	1,354905E-1	3,573437E+3	1,038630E+0	3,573437E+3	1,775047E-1	3,573437E+3	1,046076E+0	3,573437E+3	2,134731E-1
3,575000E+3	1,148030E+0	3,575000E+3	2,832709E-1	3,575000E+3	1,192439E+0	3,575000E+3	1,350265E-1	3,575000E+3	1,028951E+0	3,575000E+3	1,769539E-1	3,575000E+3	1,034656E+0	3,575000E+3	2,117279E-1
3,576562E+3	1,143769E+0	3,576562E+3	2,851883E-1	3,576562E+3	1,184142E+0	3,576562E+3	1,357041E-1	3,576562E+3	1,020917E+0	3,576562E+3	1,772271E-1	3,576562E+3	1,021908E+0	3,576562E+3	2,105026E-1
3,578125E+3	1,139768E+0	3,578125E+3	2,865784E-1	3,578125E+3	1,174518E+0	3,578125E+3	1,349271E-1	3,578125E+3	1,012285E+0	3,578125E+3	1,767656E-1	3,578125E+3	1,008429E+0	3,578125E+3	2,081158E-1
3,579687E+3	1,134786E+0	3,579687E+3	2,883726E-1	3,579687E+3	1,166553E+0	3,579687E+3	1,354895E-1	3,579687E+3	1,005166E+0	3,579687E+3	1,772471E-1	3,579687E+3	9,979778E-1	3,579687E+3	2,073953E-1
3,581250E+3	1,130049E+0	3,581250E+3	2,895238E-1	3,581250E+3	1,157596E+0	3,581250E+3	1,350991E-1	3,581250E+3	9,976333E-1	3,581250E+3	1,772576E-1	3,581250E+3	9,870640E-1	3,581250E+3	2,059954E-1
3,582812E+3	1,124775E+0	3,582812E+3	2,902444E-1	3,582812E+3	1,149206E+0	3,582812E+3	1,356133E-1	3,582812E+3	9,766317E-1	3,582812E+3	1,367425E-1	3,582812E+3	9,788399E-1	3,582812E+3	1,952286E-1
3,584375E+3	1,119751E+0	3,584375E+3	2,901686E-1	3,584375E+3	1,139893E+0	3,584375E+3	1,352716E-1	3,584375E+3	9,592137E-1	3,584375E+3	1,087908E-1	3,584375E+3	9,702646E-1	3,584375E+3	1,852573E-1
3,585937E+3	1,113830E+0	3,585937E+3	2,912556E-1	3,585937E+3	1,093274E+0	3,585937E+3	9,128172E-2	3,585937E+3	9,528701E-1	3,585937E+3	1,066331E-1	3,585937E+3	9,618697E-1	3,585937E+3	1,720494E-1
3,587500E+3	1,108078E+0	3,587500E+3	2,914533E-1	3,587500E+3	1,058190E+0	3,587500E+3	6,272822E-2	3,587500E+3	9,461297E-1	3,587500E+3	1,045259E-1	3,587500E+3	9,530595E-1	3,587500E+3	1,604067E-1
3,589062E+3	1,061457E+0	3,589062E+3	2,010787E-1	3,589062E+3	1,049539E+0	3,589062E+3	6,136049E-2	3,589062E+3	9,404133E-1	3,589062E+3	1,026381E-1	3,589062E+3	9,421876E-1	3,589062E+3	1,604244E-1
3,590625E+3	1,024990E+0	3,590625E+3	1,440074E-1	3,590625E+3	1,040157E+0	3,590625E+3	5,987934E-2	3,590625E+3	9,342782E-1	3,590625E+3	1,008249E-1	3,590625E+3	9,309317E-1	3,590625E+3	1,599930E-1
3,592187E+3	1,017927E+0	3,592187E+3	1,404940E-1	3,592187E+3	1,032542E+0	3,592187E+3	5,895182E-2	3,592187E+3	9,281603E-1	3,592187E+3	9,990699E-2	3,592187E+3	9,184900E-1	3,592187E+3	1,595890E-1
3,593750E+3	1,010787E+0	3,593750E+3	1,368947E-1	3,593750E+3	1,024372E+0	3,593750E+3	5,796942E-2	3,593750E+3	9,216616E-1	3,593750E+3	9,897867E-2	3,593750E+3	9,056840E-1	3,593750E+3	1,586901E-1
3,595312E+3	1,004235E+0	3,595312E+3	1,339315E-1	3,595312E+3	1,017137E+0	3,595312E+3	5,714515E-2	3,595312E+3	9,148444E-1	3,595312E+3	9,833699E-2	3,595312E+3	9,009042E-1	3,595312E+3	1,469400E-1
3,596875E+3	9,976025E-1	3,596875E+3	1,309392E-1	3,596875E+3	1,009381E+0	3,596875E+3	5,627912E-2	3,596875E+3	9,075570E-1	3,596875E+3	9,766963E-2	3,596875E+3	8,944579E-1	3,596875E+3	1,373400E-1
3,598437E+3	9,914092E-1	3,598437E+3	1,274286E-1	3,598437E+3	1,001145E+0	3,598437E+3	5,572735E-2	3,598437E+3	8,996209E-1	3,598437E+3	9,679409E-2	3,598437E+3	8,873922E-1	3,598437E+3	1,353266E-1
3,600000E+3	9,851957E-1	3,600000E+3	1,240099E-1	3,600000E+3	9,922688E-1	3,600000E+3	5,509731E-2	3,600000E+3	8,910120E-1	3,600000E+3	9,592615E-2	3,600000E+3	8,800489E-1	3,600000E+3	1,332559E-1
3,601562E+3	9,790497E-1	3,601562E+3	1,205773E-1	3,601562E+3	9,826984E-1	3,601562E+3	5,442446E-2	3,601562E+3	8,850070E-1	3,601562E+3	9,451725E-2	3,601562E+3	8,766048E-1	3,601562E+3	1,315125E-1
3,603125E+3	9,729032E-1	3,603125E+3	1,173038E-1	3,603125E+3	9,723927E-1	3,603125E+3	5,368265E-2	3,603125E+3	8,784284E-1	3,603125E+3	9,327546E-2	3,603125E+3	8,728559E-1	3,603125E+3	1,298679E-1
3,604687E+3	9,668553E-1	3,604687E+3	1,147414E-1	3,604687E+3	9,661683E-1	3,604687E+3	5,274739E-2	3,604687E+3	8,735990E-1	3,604687E+3	9,205009E-2	3,604687E+3	8,717678E-1	3,604687E+3	1,281164E-1
3,606250E+3	9,606693E-1	3,606250E+3	1,122562E-1	3,606250E+3	9,594861E-1	3,606250E+3	5,187545E-2	3,606250E+3	8,683726E-1	3,606250E+3	9,099315E-2	3,606250E+3	8,701041E-1	3,606250E+3	1,266067E-1
3,607812E+3	9,547089E-1	3,607812E+3	1,096512E-1	3,607812E+3	9,563640E-1	3,607812E+3	5,073112E-2	3,607812E+3	8,636000E-1	3,607812E+3	8,953039E-2	3,607812E+3	8,675091E-1	3,607812E+3	1,254703E-1
3,609375E+3	9,486006E-1	3,609375E+3	1,071981E-1	3,609375E+3	9,528973E-1	3,609375E+3	4,977717E-2	3,609375E+3	8,584286E-1	3,609375E+3	8,831303E-2	3,609375E+3	8,645207E-1	3,609375E+3	1,244415E-1
3,610937E+3	9,423905E-1	3,610937E+3	1,044980E-1	3,610937E+3	9,518956E-1	3,610937E+3	4,793005E-2	3,610937E+3	8,546783E-1	3,610937E+3	8,633162E-2	3,610937E+3	8,139154E-1	3,610937E+3	1,187046E-1
3,612500E+3	9,360380E-1	3,612500E+3	1,019987E-1	3,612500E+3	9,503323E-1	3,612500E+3	4,659116E-2	3,612500E+3	8,501902E-1	3,612500E+3	8,492240E-2	3,612500E+3	7,643037E-1	3,612500E+3	1,108384E-1
3,614062E+3	9,302808E-1	3,614062E+3	9,879995E-2	3,614062E+3	9,502509E-1	3,614062E+3	4,444612E-2	3,614062E+3	8,480542E-1	3,614062E+3	8,336357E-2	3,614062E+3	7,726889E-1	3,614062E+3	1,068456E-1
3,615625E+3	9,243131E-1	3,615625E+3	9,595654E-2	3,615625E+3	9,494629E-1	3,615625E+3	4,304425E-2	3,615625E+3	8,450897E-1	3,615625E+3	8,250259E-2	3,615625E+3	7,786467E-1	3,615625E+3	1,048832E-1
3,617187E+3	9,191349E-1	3,617187E+3	9,280274E-2	3,617187E+3	9,158323E-1	3,617187E+3	4,416160E-2	3,617187E+3	8,441271E-1	3,617187E+3	8,106245E-2	3,617187E+3	7,858207E-1	3,617187E+3	9,711862E-2
3,618750E+3	9,136627E-1	3,618750E+3	9,014542E-2	3,618750E+3	8,807427E-1	3,618750E+3	4,463555E-2	3,618750E+3	8,424164E-1	3,618750E+3	8,043822E-2	3,618750E+3	7,886660E-1	3,618750E+3	9,272479E-2
3,620312E+3	9,087119E-1	3,620312E+3	8,748827E-2	3,620312E+3	8,642498E-1	3,620312E+3	4,414951E-2	3,620312E+3	8,409482E-1	3,620312E+3	7,884696E-2	3,620312E+3	7,941309E-1	3,620312E+3	8,999754E-2
3,621875E+3	9,034140E-1	3,621875E+3	8,533464E-2	3,621875E+3	8,470155E-1	3,621875E+3	4,393573E-2	3,621875E+3	8,387757E-1	3,621875E+3	7,828943E-2	3,621875E+3	7,977345E-1	3,621875E+3	8,965295E-2
3,623437E+3	8,982741E-1	3,623437E+3	8,289672E-2	3,623437E+3	8,255748E-1	3,623437E+3	4,129057E-2	3,623437E+3	8,156948E-1	3,623437E+3	7,772951E-2	3,623437E+3	8,002927E-1	3,623437E+3	8,744172E-2
3,625000E+3	8,927544E-1	3,625000E+3	8,106406E-2	3,625000E+3	8,039883E-1	3,625000E+3	3,907731E-2	3,625000E+3	7,921980E-1	3,625000E+3	7,759397E-2	3,625000E+3	8,019178E-1	3,625000E+3	8,723422E-2
3,626562E+3	8,872803E-1	3,626562E+3	7,836000E-2	3,626562E+3	8,059245E-1	3,626562E+3	3,848546E-2	3,626562E+3	7,931127E-1	3,626562E+3	7,627172E-2	3,626562E+3	8,031020E-1	3,626562E+3	8,519561E-2
3,628125E+3	8,814887E-1	3,628125E+3	7,652977E-2	3,628125E+3	8,073420E-1	3,628125E+3	3,895061E-2	3,628125E+3	7,937442E-1	3,628125E+3	7,640369E-2	3,628125E+3	8,039107E-1	3,628125E+3	8,518259E-2
3,629687E+3	8,759760E-1	3,629687E+3	7,359022E-2	3,629687E+3	8,098085E-1	3,629687E+3	3,772685E-2	3,629687E+3	7,703875E-1	3,629687E+3	7,255533E-2	3,629687E+3	8,048131E-1	3,629687E+3	8,280562E-2
3,631250E+3	8,704297E-1	3,631250E+3	7,170441E-2	3,631250E+3	8,119257E-1	3,631250E+3	3,833872E-2	3,631250E+3	7,480345E-1	3,631250E+3	6,967019E-2	3,631250E+3	8,060143E-1	3,631250E+3	8,319368E-2
3,632812E+3	8,655565E-1	3,632812E+3	6,892085E-2	3,632812E+3	8,137862E-1	3,632812E+3	3,695514E-2	3,632812E+3	7,472378E-1	3,632812E+3	6,772238E-2	3,632812E+3	7,955077E-1	3,632812E+3	7,114943E-2
3,634375E+3	8,610101E-1	3,634375E+3	6,731619E-2	3,634375E+3	8,160153E-1	3,634375E+3	3,751035E-2	3,634375E+3	7,471497E-1	3,634375E+3	6,731987E-2	3,634375E+3	8,045052E-1	3,634375E+3	7,881495E-2
3,635937E+3	8,563220E-1	3,635937E+3	6,483032E-2	3,635937E+3	7,837908E-1	3,635937E+3	3,265649E-2	3,635937E+3	7,455151E-1	3,635937E+3	6,528644E-2	3,635937E+3	8,065677E-1	3,635937E+3	7,789539E-2
3,637500E+3	8,522661E-1	3,637500E+3	6,340514E-2	3,637500E+3	7,545316E-1	3,637500E+3	2,928787E-2	3,637500E+3	7,452830E-1	3,637500E+3	6,488698E-2	3,637500E+3	8,101995E-1	3,637500E+3	7,779549E-2
3,639062E+3	8,471077E-1	3,639062E+3	6,113630E-2	3,639062E+3	7,541285E-1	3,639062E+3	2,746097E-2	3,639062E+3	7,420798E-1	3,639062E+3	6,329434E-2	3,639062E+3	8,102596E-1	3,639062E+3	7,680929E-2
3,640625E+3	8,428029E-1	3,640625E+3	5,977598E-2	3,640625E+3	7,553221E-1	3,640625E+3	2,721538E-2	3,640625E+3	7,407166E-1	3,640625E+3	6,308884E-2	3,640625E+3	8,110376E-1	3,640625E+3	7,606767E-2
3,642187E+3	8,376161E-1	3,642187E+3	5,732488E-2	3,642187E+3	7,533186E-1	3,642187E+3	2,558888E-2	3,642187E+3	7,400099E-1	3,642187E+3	6,179477E-2	3,642187E+3	8,123817E-1	3,642187E+3	7,501510E-2
3,643750E+3	8,336559E-1	3,643750E+3	5,570522E-2	3,643750E+3	7,531185E-1	3,643750E+3	2,507438E-2	3,643750E+3	7,408886E-1	3,643750E+3	6,131636E-2	3,643750E+3	8,146296E-1	3,643750E+3	7,423627E-2
3,645312E+3	8,297099E-1	3,645312E+3	5,316533E-2	3,645312E+3	7,486242E-1	3,645312E+3	2,393476E-2	3,645312E+3	7,415166E-1	3,645312E+3	6,014646E-2	3,645312E+3	8,163299E-1	3,645312E+3	7,323319E-2
3,646875E+3	8,273278E-1	3,646875E+3	5,130116E-2	3,646875E+3	7,454791E-1	3,646875E+3	2,335876E-2	3,646875E+3	7,433155E-1	3,646875E+3	5,945834E-2	3,646875E+3	8,189624E-1	3,646875E+3	7,251984E-2
3,648437E+3	8,104793E-1	3,648437E+3	4,902638E-2	3,648437E+3	7,422195E-1	3,648437E+3	2,266267E-2	3,648437E+3	7,439641E-1	3,648437E+3	5,843071E-2	3,648437E+3	8,207542E-1	3,648437E+3	7,166673E-2
3,650000E+3	7,949655E-1	3,650000E+3	4,684671E-2	3,650000E+3	7,396901E-1	3,650000E+3	2,223006E-2	3,650000E+3	7,454843E-1	3,650000E+3	5,770618E-2	3,650000E+3	8,235384E-1	3,650000E+3	7,112144E-2
3,651562E+3	7,899256E-1	3,651562E+3	4,553768E-2	3,651562E+3	7,378004E-1	3,651562E+3	2,166049E-2	3,651562E+3	7,460404E-1	3,651562E+3	5,665284E-2	3,651562E+3	8,239655E-1	3,651562E+3	7,019596E-2
3,653125E+3	7,855673E-1	3,653125E+3	4,437788E-2	3,653125E+3	7,365705E-1	3,653125E+3	2,134439E-2	3,653125E+3	7,473475E-1	3,653125E+3	5,582115E-2	3,653125E+3	8,253162E-1	3,653125E+3	6,949093E-2
3,654687E+3	7,804170E-1	3,654687E+3	4,319445E-2	3,654687E+3	7,357710E-1	3,654687E+3	2,082665E-2	3,654687E+3	7,480194E-1	3,654687E+3	5,471080E-2	3,654687E+3	8,243090E-1	3,654687E+3	6,860322E-2
3,656250E+3	7,758687E-1	3,656250E+3	4,211914E-2	3,656250E+3	7,356770E-1	3,656250E+3	2,056623E-2	3,656250E+3	7,494904E-1	3,656250E+3	5,380420E-2	3,656250E+3	8,240219E-1	3,656250E+3	6,784783E-2
3,657812E+3	7,648100E-1	3,657812E+3	4,043603E-2	3,657812E+3	7,362912E-1	3,657812E+3	1,999995E-2	3,657812E+3	7,503846E-1	3,657812E+3	5,276036E-2	3,657812E+3	8,232674E-1	3,657812E+3	6,700970E-2
3,659375E+3	7,546878E-1	3,659375E+3	3,880787E-2	3,659375E+3	7,377511E-1	3,659375E+3	1,969366E-2	3,659375E+3	7,522658E-1	3,659375E+3	5,194367E-2	3,659375E+3	8,232182E-1	3,659375E+3	6,632189E-2
3,660937E+3	7,411815E-1	3,660937E+3	3,468578E-2	3,660937E+3	7,394735E-1	3,660937E+3	1,887584E-2	3,660937E+3	7,533531E-1	3,660937E+3	5,097721E-2	3,660937E+3	8,234768E-1	3,660937E+3	6,562512E-2
3,662500E+3	7,291179E-1	3,662500E+3	3,082479E-2	3,662500E+3	7,421528E-1	3,662500E+3	1,826625E-2	3,662500E+3	7,555933E-1	3,662500E+3	5,023737E-2	3,662500E+3	8,244867E-1	3,662500E+3	6,510620E-2
3,664062E+3	7,262783E-1	3,664062E+3	2,985022E-2	3,664062E+3	7,442537E-1	3,664062E+3	1,756860E-2	3,664062E+3	7,561615E-1	3,664062E+3	4,937230E-2	3,664062E+3	8,247372E-1	3,664062E+3	6,439461E-2
3,665625E+3	7,241121E-1	3,665625E+3	2,902575E-2	3,665625E+3	7,471907E-1	3,665625E+3	1,703904E-2	3,665625E+3	7,576105E-1	3,665625E+3	4,863830E-2	3,665625E+3	8,257199E-1	3,665625E+3	6,381938E-2
3,667187E+3	7,209352E-1	3,667187E+3	2,813137E-2	3,667187E+3	7,496774E-1	3,667187E+3	1,653534E-2	3,667187E+3	7,571413E-1	3,667187E+3	4,794381E-2	3,667187E+3	8,224332E-1	3,667187E+3	6,303341E-2
3,668750E+3	7,183259E-1	3,668750E+3	2,735505E-2	3,668750E+3	7,529586E-1	3,668750E+3	1,620991E-2	3,668750E+3	7,572516E-1	3,668750E+3	4,731488E-2	3,668750E+3	8,195179E-1	3,668750E+3	6,224302E-2
3,670312E+3	7,159961E-1	3,670312E+3	2,646822E-2	3,670312E+3	7,555044E-1	3,670312E+3	1,584368E-2	3,670312E+3	7,571666E-1	3,670312E+3	4,679092E-2	3,670312E+3	8,150087E-1	3,670312E+3	6,146751E-2
3,671875E+3	7,142230E-1	3,671875E+3	2,570270E-2	3,671875E+3	7,587538E-1	3,671875E+3	1,563380E-2	3,671875E+3	7,576268E-1	3,671875E+3	4,634903E-2	3,671875E+3	8,108112E-1	3,671875E+3	6,066479E-2
3,673437E+3	7,129728E-1	3,673437E+3	2,486386E-2	3,673437E+3	7,615311E-1	3,673437E+3	1,529098E-2	3,673437E+3	7,582469E-1	3,673437E+3	4,594410E-2	3,673437E+3	8,066314E-1	3,673437E+3	5,986467E-2
3,675000E+3	7,122940E-1	3,675000E+3	2,414688E-2	3,675000E+3	7,650259E-1	3,675000E+3	1,510493E-2	3,675000E+3	7,594746E-1	3,675000E+3	4,565461E-2	3,675000E+3	8,027826E-1	3,675000E+3	5,905153E-2
3,676562E+3	7,126187E-1	3,676562E+3	2,329180E-2	3,676562E+3	7,686696E-1	3,676562E+3	1,494191E-2	3,676562E+3	7,606530E-1	3,676562E+3	4,534205E-2	3,676562E+3	7,992240E-1	3,676562E+3	5,824871E-2
3,678125E+3	7,136415E-1	3,678125E+3	2,256212E-2	3,678125E+3	7,730843E-1	3,678125E+3	1,494015E-2	3,678125E+3	7,625016E-1	3,678125E+3	4,515194E-2	3,678125E+3	7,960557E-1	3,678125E+3	5,745439E-2
3,679687E+3	7,139817E-1	3,679687E+3	2,162428E-2	3,679687E+3	7,767334E-1	3,679687E+3	1,485390E-2	3,679687E+3	7,630352E-1	3,679687E+3	4,489738E-2	3,679687E+3	7,928739E-1	3,679687E+3	5,675974E-2
3,681250E+3	7,149641E-1	3,681250E+3	2,076996E-2	3,681250E+3	7,810994E-1	3,681250E+3	1,490611E-2	3,681250E+3	7,641948E-1	3,681250E+3	4,471812E-2	3,681250E+3	7,901844E-1	3,681250E+3	5,608822E-2
3,682812E+3	7,156348E-1	3,682812E+3	1,997864E-2	3,682812E+3	7,845001E-1	3,682812E+3	1,479033E-2	3,682812E+3	7,642078E-1	3,682812E+3	4,456706E-2	3,682812E+3	7,880082E-1	3,682812E+3	5,575487E-2
3,684375E+3	7,169015E-1	3,684375E+3	1,927020E-2	3,684375E+3	7,885719E-1	3,684375E+3	1,478865E-2	3,684375E+3	7,648377E-1	3,684375E+3	4,445911E-2	3,684375E+3	7,864591E-1	3,684375E+3	5,546682E-2
3,685937E+3	7,180459E-1	3,685937E+3	1,866568E-2	3,685937E+3	7,915848E-1	3,685937E+3	1,463093E-2	3,685937E+3	7,651716E-1	3,685937E+3	4,438014E-2	3,685937E+3	7,845846E-1	3,685937E+3	5,525405E-2
3,687500E+3	7,197426E-1	3,687500E+3	1,815583E-2	3,687500E+3	7,952107E-1	3,687500E+3	1,454947E-2	3,687500E+3	7,661488E-1	3,687500E+3	4,434714E-2	3,687500E+3	7,834203E-1	3,687500E+3	5,507324E-2
3,689062E+3	7,211897E-1	3,689062E+3	1,761820E-2	3,689062E+3	7,972967E-1	3,689062E+3	1,430835E-2	3,689062E+3	7,669207E-1	3,689062E+3	4,411053E-2	3,689062E+3	7,818704E-1	3,689062E+3	5,493464E-2
3,690625E+3	7,231549E-1	3,690625E+3	1,717431E-2	3,690625E+3	7,999391E-1	3,690625E+3	1,411090E-2	3,690625E+3	7,683462E-1	3,690625E+3	4,390589E-2	3,690625E+3	7,810059E-1	3,690625E+3	5,482222E-2
3,692187E+3	7,242967E-1	3,692187E+3	1,634484E-2	3,692187E+3	8,018421E-1	3,692187E+3	1,378770E-2	3,692187E+3	7,695549E-1	3,692187E+3	4,355587E-2	3,692187E+3	7,810059E-1	3,692187E+3	5,477889E-2
3,693750E+3	7,258855E-1	3,693750E+3	1,556580E-2	3,693750E+3	8,042252E-1	3,693750E+3	1,348561E-2	3,693750E+3	7,713788E-1	3,693750E+3	4,321883E-2	3,693750E+3	7,816810E-1	3,693750E+3	5,479060E-2
3,695312E+3	7,277721E-1	3,695312E+3	1,459324E-2	3,695312E+3	8,072724E-1	3,695312E+3	1,309816E-2	3,695312E+3	7,720483E-1	3,695312E+3	4,278664E-2	3,695312E+3	7,820045E-1	3,695312E+3	5,468378E-2
3,696875E+3	7,301256E-1	3,696875E+3	1,365873E-2	3,696875E+3	8,108178E-1	3,696875E+3	1,274219E-2	3,696875E+3	7,732375E-1	3,696875E+3	4,233762E-2	3,696875E+3	7,830552E-1	3,696875E+3	5,461164E-2
3,698437E+3	7,337026E-1	3,698437E+3	1,264702E-2	3,698437E+3	8,168065E-1	3,698437E+3	1,228205E-2	3,698437E+3	7,733660E-1	3,698437E+3	4,176335E-2	3,698437E+3	7,578604E-1	3,698437E+3	4,465032E-2
3,700000E+3	7,378705E-1	3,700000E+3	1,168835E-2	3,700000E+3	8,234852E-1	3,700000E+3	1,189613E-2	3,700000E+3	7,740016E-1	3,700000E+3	4,114967E-2	3,700000E+3	7,393922E-1	3,700000E+3	3,596284E-2
3,701562E+3	7,424615E-1	3,701562E+3	1,062390E-2	3,701562E+3	8,312415E-1	3,701562E+3	1,170865E-2	3,701562E+3	7,733426E-1	3,701562E+3	4,035853E-2	3,701562E+3	7,423696E-1	3,701562E+3	3,500802E-2
3,703125E+3	7,477030E-1	3,703125E+3	9,621134E-3	3,703125E+3	8,397629E-1	3,703125E+3	1,165607E-2	3,703125E+3	7,732138E-1	3,703125E+3	3,950494E-2	3,703125E+3	7,457665E-1	3,703125E+3	3,411729E-2
3,704687E+3	7,517053E-1	3,704687E+3	8,632087E-3	3,704687E+3	8,457017E-1	3,704687E+3	1,134287E-2	3,704687E+3	7,722686E-1	3,704687E+3	3,866835E-2	3,704687E+3	7,075058E-1	3,704687E+3	3,244881E-2
3,706250E+3	7,562393E-1	3,706250E+3	7,694148E-3	3,706250E+3	8,521659E-1	3,706250E+3	1,112109E-2	3,706250E+3	7,718555E-1	3,706250E+3	3,776782E-2	3,706250E+3	6,836667E-1	3,706250E+3	2,644613E-2
3,707812E+3	7,598048E-1	3,707812E+3	6,790793E-3	3,707812E+3	8,572437E-1	3,707812E+3	1,070101E-2	3,707812E+3	7,709522E-1	3,707812E+3	3,708601E-2	3,707812E+3	6,849926E-1	3,707812E+3	2,600499E-2
3,709375E+3	7,638344E-1	3,709375E+3	5,936300E-3	3,709375E+3	8,627626E-1	3,709375E+3	1,035186E-2	3,709375E+3	7,705988E-1	3,709375E+3	3,633631E-2	3,709375E+3	6,868734E-1	3,709375E+3	2,545869E-2
3,710937E+3	7,665914E-1	3,710937E+3	5,118036E-3	3,710937E+3	8,654945E-1	3,710937E+3	1,011756E-2	3,710937E+3	7,698685E-1	3,710937E+3	3,584979E-2	3,710937E+3	6,880967E-1	3,710937E+3	2,483821E-2
3,712500E+3	7,697399E-1	3,712500E+3	4,339476E-3	3,712500E+3	8,686148E-1	3,712500E+3	9,927653E-3	3,712500E+3	7,697269E-1	3,712500E+3	3,528965E-2	3,712500E+3	6,898388E-1	3,712500E+3	2,411153E-2
3,714062E+3	7,720640E-1	3,714062E+3	3,540483E-3	3,714062E+3	8,893432E-1	3,714062E+3	1,009386E-2	3,714062E+3	7,633910E-1	3,714062E+3	3,228359E-2	3,714062E+3	6,904661E-1	3,714062E+3	2,332711E-2
3,715625E+3	7,747428E-1	3,715625E+3	2,769116E-3	3,715625E+3	9,160174E-1	3,715625E+3	1,075959E-2	3,715625E+3	7,583277E-1	3,715625E+3	2,924801E-2	3,715625E+3	6,916401E-1	3,715625E+3	2,237575E-2
3,717187E+3	7,855983E-1	3,717187E+3	2,142445E-3	3,717187E+3	8,994711E-1	3,717187E+3	1,012256E-2	3,717187E+3	7,545188E-1	3,717187E+3	2,569125E-2	3,717187E+3	6,921268E-1	3,717187E+3	2,176650E-2
3,718750E+3	7,975577E-1	3,718750E+3	1,677097E-3	3,718750E+3	8,847318E-1	3,718750E+3	9,187732E-3	3,718750E+3	7,516984E-1	3,718750E+3	2,225001E-2	3,718750E+3	6,932896E-1	3,718750E+3	2,089349E-2
3,720312E+3	8,187359E-1	3,720312E+3	1,049855E-3	3,720312E+3	9,205221E-1	3,720312E+3	1,600984E-2	3,720312E+3	7,264056E-1	3,720312E+3	2,299452E-2	3,720312E+3	6,944286E-1	3,720312E+3	2,067815E-2
3,721875E+3	8,423226E-1	3,721875E+3	7,764236E-4	3,721875E+3	9,605562E-1	3,721875E+3	2,511402E-2	3,721875E+3	7,090025E-1	3,721875E+3	2,013656E-2	3,721875E+3	6,964379E-1	3,721875E+3	2,004680E-2
3,723437E+3	8,460748E-1	3,723437E+3	4,273843E-4	3,723437E+3	9,510446E-1	3,723437E+3	2,458054E-2	3,723437E+3	7,108674E-1	3,723437E+3	1,950125E-2	3,723437E+3	6,968899E-1	3,723437E+3	1,978372E-2
3,725000E+3	8,501833E-1	3,725000E+3	1,283687E-4	3,725000E+3	9,421159E-1	3,725000E+3	2,396969E-2	3,725000E+3	7,133992E-1	3,725000E+3	1,869583E-2	3,725000E+3	6,982063E-1	3,725000E+3	1,890574E-2
3,726562E+3	9,176809E-1	3,726562E+3	7,368759E-3	3,726562E+3	9,346814E-1	3,726562E+3	2,340176E-2	3,726562E+3	7,196982E-1	3,726562E+3	2,104381E-2	3,726562E+3	7,064641E-1	3,726562E+3	2,187254E-2
3,728125E+3	9,996308E-1	3,728125E+3	2,030384E-2	3,728125E+3	9,277009E-1	3,728125E+3	2,278811E-2	3,728125E+3	7,270725E-1	3,728125E+3	2,336941E-2	3,728125E+3	7,155847E-1	3,728125E+3	2,474847E-2
3,729687E+3	9,894239E-1	3,729687E+3	1,935854E-2	3,729687E+3	9,211428E-1	3,729687E+3	2,227522E-2	3,729687E+3	7,265296E-1	3,729687E+3	2,257620E-2	3,729687E+3	7,137287E-1	3,729687E+3	2,369464E-2
3,731250E+3	9,796911E-1	3,731250E+3	1,837204E-2	3,731250E+3	9,150175E-1	3,731250E+3	2,171808E-2	3,731250E+3	7,263002E-1	3,731250E+3	2,156208E-2	3,731250E+3	7,124740E-1	3,731250E+3	2,191876E-2
3,732812E+3	9,700591E-1	3,732812E+3	1,757617E-2	3,732812E+3	8,680090E-1	3,732812E+3	6,374931E-3	3,732812E+3	7,270709E-1	3,732812E+3	2,050043E-2	3,732812E+3	7,111889E-1	3,732812E+3	2,079702E-2
3,734375E+3	9,609159E-1	3,734375E+3	1,672525E-2	3,734375E+3	8,350448E-1	3,734375E+3	-3,639031E-3	3,734375E+3	7,281296E-1	3,734375E+3	1,929584E-2	3,734375E+3	7,104086E-1	3,734375E+3	1,893053E-2
3,735937E+3	9,513849E-1	3,735937E+3	1,582835E-2	3,735937E+3	8,356400E-1	3,735937E+3	-3,892128E-3	3,735937E+3	7,282492E-1	3,735937E+3	1,800855E-2	3,735937E+3	7,092097E-1	3,735937E+3	1,789255E-2
3,737500E+3	9,423918E-1	3,737500E+3	1,487186E-2	3,737500E+3	8,363089E-1	3,737500E+3	-4,141630E-3	3,737500E+3	7,287995E-1	3,737500E+3	1,648883E-2	3,737500E+3	7,084314E-1	3,737500E+3	1,590360E-2
3,739062E+3	9,327988E-1	3,739062E+3	1,395894E-2	3,739062E+3	8,370899E-1	3,739062E+3	-4,301539E-3	3,739062E+3	7,279605E-1	3,739062E+3	1,525227E-2	3,739062E+3	7,074793E-1	3,739062E+3	1,486675E-2
3,740625E+3	9,238235E-1	3,740625E+3	1,298080E-2	3,740625E+3	8,379663E-1	3,740625E+3	-4,459230E-3	3,740625E+3	7,276963E-1	3,740625E+3	1,361345E-2	3,740625E+3	7,067641E-1	3,740625E+3	1,282679E-2
3,742187E+3	9,138174E-1	3,742187E+3	1,182143E-2	3,742187E+3	8,400088E-1	3,742187E+3	-4,387289E-3	3,742187E+3	7,271971E-1	3,742187E+3	1,244371E-2	3,742187E+3	7,062895E-1	3,742187E+3	1,172914E-2
3,743750E+3	9,045238E-1	3,743750E+3	1,059599E-2	3,743750E+3	8,421866E-1	3,743750E+3	-4,308063E-3	3,743750E+3	7,271962E-1	3,743750E+3	1,085040E-2	3,743750E+3	7,058914E-1	3,743750E+3	9,716535E-3
3,745312E+3	8,939390E-1	3,745312E+3	9,329891E-3	3,745312E+3	8,056500E-1	3,745312E+3	-2,446192E-3	3,745312E+3	7,275667E-1	3,745312E+3	9,735838E-3	3,745312E+3	7,060387E-1	3,745312E+3	8,526815E-3
3,746875E+3	8,842103E-1	3,746875E+3	7,989213E-3	3,746875E+3	8,093717E-1	3,746875E+3	-8,173596E-3	3,746875E+3	7,283392E-1	3,746875E+3	8,250924E-3	3,746875E+3	7,061470E-1	3,746875E+3	6,618154E-3
3,748437E+3	8,750795E-1	3,748437E+3	7,191891E-3	3,748437E+3	8,039024E-1	3,748437E+3	-8,185670E-3	3,748437E+3	7,286441E-1	3,748437E+3	7,071444E-3	3,748437E+3	7,064296E-1	3,748437E+3	5,376449E-3
3,750000E+3	8,667720E-1	3,750000E+3	6,281760E-3	3,750000E+3	7,991521E-1	3,750000E+3	-8,579432E-3	3,750000E+3	7,293271E-1	3,750000E+3	5,500364E-3	3,750000E+3	7,065947E-1	3,750000E+3	3,482080E-3
3,751562E+3	8,608566E-1	3,751562E+3	5,629969E-3	3,751562E+3	7,911683E-1	3,751562E+3	-8,492164E-3	3,751562E+3	7,292304E-1	3,751562E+3	4,242632E-3	3,751562E+3	7,069338E-1	3,751562E+3	2,213542E-3
3,753125E+3	8,555869E-1	3,753125E+3	4,875437E-3	3,753125E+3	7,848994E-1	3,753125E+3	-9,410686E-3	3,753125E+3	7,295178E-1	3,753125E+3	2,508168E-3	3,753125E+3	7,070978E-1	3,753125E+3	3,823659E-4
3,754687E+3	9,155770E-1	3,754687E+3	1,143530E-2	3,754687E+3	7,782823E-1	3,754687E+3	-9,434406E-3	3,754687E+3	7,291553E-1	3,754687E+3	1,244166E-3	3,754687E+3	7,079820E-1	3,754687E+3	-8,907059E-4
3,756250E+3	9,810538E-1	3,756250E+3	2,143920E-2	3,756250E+3	7,732356E-1	3,756250E+3	-1,059106E-2	3,756250E+3	7,291972E-1	3,756250E+3	-6,389757E-4	3,756250E+3	7,087228E-1	3,756250E+3	-2,527309E-3
3,757812E+3	9,734956E-1	3,757812E+3	2,080629E-2	3,757812E+3	7,670866E-1	3,757812E+3	-1,026412E-2	3,757812E+3	7,295101E-1	3,757812E+3	-1,773421E-3	3,757812E+3	7,094424E-1	3,757812E+3	-3,974829E-3
3,759375E+3	9,664422E-1	3,759375E+3	2,006586E-2	3,759375E+3	7,624619E-1	3,759375E+3	-1,168439E-2	3,759375E+3	7,300820E-1	3,759375E+3	-3,421752E-3	3,759375E+3	7,100041E-1	3,759375E+3	-5,769662E-3
3,760937E+3	8,355435E-1	3,760937E+3	-9,181752E-3	3,760937E+3	7,572691E-1	3,760937E+3	-1,104333E-2	3,760937E+3	7,307018E-1	3,760937E+3	-4,592685E-3	3,760937E+3	7,105452E-1	3,760937E+3	-7,461649E-3
3,762500E+3	7,845587E-1	3,762500E+3	-2,496786E-2	3,762500E+3	7,530416E-1	3,762500E+3	-1,273782E-2	3,762500E+3	7,315294E-1	3,762500E+3	-6,294621E-3	3,762500E+3	7,109156E-1	3,762500E+3	-9,508449E-3
3,764062E+3	7,772506E-1	3,764062E+3	-2,546106E-2	3,764062E+3	7,484727E-1	3,764062E+3	-1,206274E-2	3,764062E+3	7,322584E-1	3,764062E+3	-7,650209E-3	3,764062E+3	7,120455E-1	3,764062E+3	-1,117674E-2
3,765625E+3	7,712315E-1	3,765625E+3	-2,639433E-2	3,765625E+3	7,439294E-1	3,765625E+3	-1,416791E-2	3,765625E+3	7,331650E-1	3,765625E+3	-9,594426E-3	3,765625E+3	7,130307E-1	3,765625E+3	-1,311199E-2
3,767187E+3	7,655601E-1	3,767187E+3	-2,658644E-2	3,767187E+3	7,409754E-1	3,767187E+3	-1,363341E-2	3,767187E+3	7,341773E-1	3,767187E+3	-1,097020E-2	3,767187E+3	7,149533E-1	3,767187E+3	-1,459551E-2
3,768750E+3	7,609500E-1	3,768750E+3	-2,731234E-2	3,768750E+3	7,371714E-1	3,768750E+3	-1,517756E-2	3,768750E+3	7,353022E-1	3,768750E+3	-1,287634E-2	3,768750E+3	7,167804E-1	3,768750E+3	-1,622014E-2
3,770312E+3	7,567546E-1	3,770312E+3	-2,752355E-2	3,770312E+3	7,366718E-1	3,770312E+3	-1,497370E-2	3,770312E+3	7,366412E-1	3,770312E+3	-1,406024E-2	3,770312E+3	7,187811E-1	3,770312E+3	-1,773128E-2
3,771875E+3	7,535275E-1	3,771875E+3	-2,829279E-2	3,771875E+3	7,352307E-1	3,771875E+3	-1,602900E-2	3,771875E+3	7,380203E-1	3,771875E+3	-1,569139E-2	3,771875E+3	7,207051E-1	3,771875E+3	-1,935432E-2
3,773437E+3	7,492317E-1	3,773437E+3	-2,832340E-2	3,773437E+3	7,457817E-1	3,773437E+3	-1,529584E-2	3,773437E+3	7,394649E-1	3,773437E+3	-1,672673E-2	3,773437E+3	7,227499E-1	3,773437E+3	-2,086737E-2
3,775000E+3	7,463836E-1	3,775000E+3	-2,936099E-2	3,775000E+3	7,551332E-1	3,775000E+3	-1,525059E-2	3,775000E+3	7,409001E-1	3,775000E+3	-1,810980E-2	3,775000E+3	7,247276E-1	3,775000E+3	-2,247064E-2
3,776562E+3	7,461672E-1	3,776562E+3	-2,897774E-2	3,776562E+3	7,547746E-1	3,776562E+3	-1,547442E-2	3,776562E+3	7,420100E-1	3,776562E+3	-1,928210E-2	3,776562E+3	7,266164E-1	3,776562E+3	-2,426672E-2
3,778125E+3	7,472257E-1	3,778125E+3	-2,991301E-2	3,778125E+3	7,536072E-1	3,778125E+3	-1,628080E-2	3,778125E+3	7,430902E-1	3,778125E+3	-2,084629E-2	3,778125E+3	7,284537E-1	3,778125E+3	-2,618202E-2
3,779687E+3	7,538028E-1	3,779687E+3	-2,894917E-2	3,779687E+3	7,511893E-1	3,779687E+3	-1,675739E-2	3,779687E+3	7,445592E-1	3,779687E+3	-2,198473E-2	3,779687E+3	7,306256E-1	3,779687E+3	-2,797488E-2
3,781250E+3	7,614467E-1	3,781250E+3	-2,998716E-2	3,781250E+3	7,480846E-1	3,781250E+3	-1,766560E-2	3,781250E+3	7,459823E-1	3,781250E+3	-2,342368E-2	3,781250E+3	7,327608E-1	3,781250E+3	-2,985632E-2
3,782812E+3	7,568401E-1	3,782812E+3	-2,911631E-2	3,782812E+3	7,461275E-1	3,782812E+3	-1,815142E-2	3,782812E+3	7,473199E-1	3,782812E+3	-2,485729E-2	3,782812E+3	7,393131E-1	3,782812E+3	-2,829043E-2
3,784375E+3	7,530788E-1	3,784375E+3	-3,159141E-2	3,784375E+3	7,436987E-1	3,784375E+3	-1,889474E-2	3,784375E+3	7,486014E-1	3,784375E+3	-2,666068E-2	3,784375E+3	7,455209E-1	3,784375E+3	-2,648850E-2
3,785937E+3	7,491709E-1	3,785937E+3	-3,100303E-2	3,785937E+3	7,418228E-1	3,785937E+3	-1,952640E-2	3,785937E+3	7,496828E-1	3,785937E+3	-2,840303E-2	3,785937E+3	7,485561E-1	3,785937E+3	-2,801567E-2
3,787500E+3	7,448588E-1	3,787500E+3	-3,276561E-2	3,787500E+3	7,395405E-1	3,787500E+3	-2,038081E-2	3,787500E+3	7,506858E-1	3,787500E+3	-3,053714E-2	3,787500E+3	7,515559E-1	3,787500E+3	-2,956943E-2
3,789062E+3	7,414885E-1	3,789062E+3	-3,266482E-2	3,789062E+3	7,378553E-1	3,789062E+3	-2,108438E-2	3,789062E+3	7,521799E-1	3,789062E+3	-3,215438E-2	3,789062E+3	7,559208E-1	3,789062E+3	-2,996961E-2
3,790625E+3	7,373662E-1	3,790625E+3	-3,413173E-2	3,790625E+3	7,357972E-1	3,790625E+3	-2,199316E-2	3,790625E+3	7,535961E-1	3,790625E+3	-3,403962E-2	3,790625E+3	7,601698E-1	3,790625E+3	-3,025997E-2
3,792187E+3	7,344333E-1	3,792187E+3	-3,436883E-2	3,792187E+3	7,344553E-1	3,792187E+3	-2,270256E-2	3,792187E+3	7,552167E-1	3,792187E+3	-3,557928E-2	3,792187E+3	7,628741E-1	3,792187E+3	-3,161006E-2
3,793750E+3	7,307120E-1	3,793750E+3	-3,564211E-2	3,793750E+3	7,327769E-1	3,793750E+3	-2,358248E-2	3,793750E+3	7,567610E-1	3,793750E+3	-3,734943E-2	3,793750E+3	7,655416E-1	3,793750E+3	-3,297296E-2
3,795312E+3	7,279969E-1	3,795312E+3	-3,600194E-2	3,795312E+3	7,313713E-1	3,795312E+3	-2,442726E-2	3,795312E+3	7,585178E-1	3,795312E+3	-3,869778E-2	3,795312E+3	7,678324E-1	3,795312E+3	-3,470229E-2
3,796875E+3	7,244811E-1	3,796875E+3	-3,715175E-2	3,796875E+3	7,296078E-1	3,796875E+3	-2,544166E-2	3,796875E+3	7,601778E-1	3,796875E+3	-4,026645E-2	3,796875E+3	7,701092E-1	3,796875E+3	-3,647251E-2
3,798437E+3	7,216930E-1	3,798437E+3	-3,774389E-2	3,798437E+3	7,287937E-1	3,798437E+3	-2,622746E-2	3,798437E+3	7,623860E-1	3,798437E+3	-4,116350E-2	3,798437E+3	7,720825E-1	3,798437E+3	-3,873774E-2
3,800000E+3	7,181107E-1	3,800000E+3	-3,898966E-2	3,800000E+3	7,277067E-1	3,800000E+3	-2,712530E-2	3,800000E+3	7,644777E-1	3,800000E+3	-4,220472E-2	3,800000E+3	7,740732E-1	3,800000E+3	-4,106571E-2
3,801562E+3	7,154531E-1	3,801562E+3	-3,970576E-2	3,801562E+3	7,275365E-1	3,801562E+3	-2,782869E-2	3,801562E+3	7,659817E-1	3,801562E+3	-4,347125E-2	3,801562E+3	7,761154E-1	3,801562E+3	-4,335237E-2
3,803125E+3	7,120330E-1	3,803125E+3	-4,095135E-2	3,803125E+3	7,271805E-1	3,803125E+3	-2,860178E-2	3,803125E+3	7,674018E-1	3,803125E+3	-4,485568E-2	3,803125E+3	7,781805E-1	3,803125E+3	-4,568974E-2
3,804687E+3	7,102509E-1	3,804687E+3	-4,167534E-2	3,804687E+3	7,270276E-1	3,804687E+3	-2,939317E-2	3,804687E+3	7,680532E-1	3,804687E+3	-4,687298E-2	3,804687E+3	7,808201E-1	3,804687E+3	-4,715361E-2
3,806250E+3	7,078838E-1	3,806250E+3	-4,272546E-2	3,806250E+3	7,266882E-1	3,806250E+3	-3,026660E-2	3,806250E+3	7,686462E-1	3,806250E+3	-4,904399E-2	3,806250E+3	7,834455E-1	3,806250E+3	-4,861686E-2
3,807812E+3	7,069876E-1	3,807812E+3	-4,348401E-2	3,807812E+3	7,266033E-1	3,807812E+3	-3,117071E-2	3,807812E+3	7,712152E-1	3,807812E+3	-4,930846E-2	3,807812E+3	7,872750E-1	3,807812E+3	-4,721582E-2
3,809375E+3	7,055960E-1	3,809375E+3	-4,446536E-2	3,809375E+3	7,263398E-1	3,809375E+3	-3,216361E-2	3,809375E+3	7,736062E-1	3,809375E+3	-4,976364E-2	3,809375E+3	7,908348E-1	3,809375E+3	-4,566362E-2
3,810937E+3	7,054866E-1	3,810937E+3	-4,528515E-2	3,810937E+3	7,272203E-1	3,810937E+3	-3,278116E-2	3,810937E+3	7,902987E-1	3,810937E+3	-3,998014E-2	3,810937E+3	7,927430E-1	3,810937E+3	-4,708400E-2
3,812500E+3	7,049005E-1	3,812500E+3	-4,628641E-2	3,812500E+3	7,279838E-1	3,812500E+3	-3,344586E-2	3,812500E+3	8,040889E-1	3,812500E+3	-2,957821E-2	3,812500E+3	7,946309E-1	3,812500E+3	-4,852802E-2
3,814062E+3	7,057881E-1	3,814062E+3	-4,702723E-2	3,814062E+3	7,296683E-1	3,814062E+3	-3,397634E-2	3,814062E+3	8,054577E-1	3,814062E+3	-3,116049E-2	3,814062E+3	7,964120E-1	3,814062E+3	-5,096715E-2
3,815625E+3	7,061985E-1	3,815625E+3	-4,791914E-2	3,815625E+3	7,312630E-1	3,815625E+3	-3,452875E-2	3,815625E+3	8,067308E-1	3,815625E+3	-3,287963E-2	3,815625E+3	7,982254E-1	3,815625E+3	-5,345532E-2
3,817187E+3	7,092435E-1	3,817187E+3	-4,841181E-2	3,817187E+3	7,350770E-1	3,817187E+3	-3,509200E-2	3,817187E+3	8,083359E-1	3,817187E+3	-3,433194E-2	3,817187E+3	8,003478E-1	3,817187E+3	-5,599139E-2
3,818750E+3	7,118492E-1	3,818750E+3	-4,896444E-2	3,818750E+3	7,387344E-1	3,818750E+3	-3,564192E-2	3,818750E+3	8,098404E-1	3,818750E+3	-3,589832E-2	3,818750E+3	8,025108E-1	3,818750E+3	-5,857480E-2
3,820312E+3	7,158203E-1	3,820312E+3	-4,974889E-2	3,820312E+3	7,486344E-1	3,820312E+3	-3,632697E-2	3,820312E+3	8,118814E-1	3,820312E+3	-3,725415E-2	3,820312E+3	8,048446E-1	3,820312E+3	-6,058579E-2
3,821875E+3	7,193182E-1	3,821875E+3	-5,051355E-2	3,821875E+3	7,578318E-1	3,821875E+3	-3,671292E-2	3,821875E+3	8,137933E-1	3,821875E+3	-3,872330E-2	3,821875E+3	8,071887E-1	3,821875E+3	-6,262390E-2
3,823437E+3	7,211327E-1	3,823437E+3	-5,178937E-2	3,823437E+3	7,967688E-1	3,823437E+3	-2,562656E-2	3,823437E+3	8,164667E-1	3,823437E+3	-3,949904E-2	3,823437E+3	8,094903E-1	3,823437E+3	-6,402283E-2
3,825000E+3	7,226072E-1	3,825000E+3	-5,305952E-2	3,825000E+3	8,202617E-1	3,825000E+3	-1,731136E-2	3,825000E+3	8,189483E-1	3,825000E+3	-4,035856E-2	3,825000E+3	8,117671E-1	3,825000E+3	-6,543739E-2
3,826562E+3	7,234933E-1	3,826562E+3	-5,459535E-2	3,826562E+3	8,206574E-1	3,826562E+3	-1,885254E-2	3,826562E+3	8,221080E-1	3,826562E+3	-4,041751E-2	3,826562E+3	8,140053E-1	3,826562E+3	-6,659650E-2
3,828125E+3	7,241142E-1	3,828125E+3	-5,613798E-2	3,828125E+3	8,210107E-1	3,828125E+3	-2,042384E-2	3,828125E+3	8,249883E-1	3,828125E+3	-4,051569E-2	3,828125E+3	8,162048E-1	3,828125E+3	-6,777449E-2
3,829687E+3	7,827609E-1	3,829687E+3	-4,235925E-2	3,829687E+3	8,215665E-1	3,829687E+3	-2,211490E-2	3,829687E+3	8,282639E-1	3,829687E+3	-4,065908E-2	3,829687E+3	8,183618E-1	3,829687E+3	-6,878978E-2
3,831250E+3	8,183883E-1	3,831250E+3	-2,933297E-2	3,831250E+3	8,220973E-1	3,831250E+3	-2,383082E-2	3,831250E+3	8,312492E-1	3,831250E+3	-4,081413E-2	3,831250E+3	8,204747E-1	3,831250E+3	-6,982105E-2
3,832812E+3	8,167375E-1	3,832812E+3	-3,102858E-2	3,832812E+3	8,228916E-1	3,832812E+3	-2,554460E-2	3,832812E+3	8,346412E-1	3,832812E+3	-4,102159E-2	3,832812E+3	8,226609E-1	3,832812E+3	-7,131149E-2
3,834375E+3	8,149080E-1	3,834375E+3	-3,278647E-2	3,834375E+3	8,236739E-1	3,834375E+3	-2,727504E-2	3,834375E+3	8,377332E-1	3,834375E+3	-4,121518E-2	3,834375E+3	8,248290E-1	3,834375E+3	-7,281747E-2
3,835937E+3	8,135029E-1	3,835937E+3	-3,449426E-2	3,835937E+3	8,248393E-1	3,835937E+3	-2,905993E-2	3,835937E+3	8,409976E-1	3,835937E+3	-4,159832E-2	3,835937E+3	8,345543E-1	3,835937E+3	-8,406780E-2
3,837500E+3	8,119500E-1	3,837500E+3	-3,625299E-2	3,837500E+3	8,260072E-1	3,837500E+3	-3,085383E-2	3,837500E+3	8,439874E-1	3,837500E+3	-4,196097E-2	3,837500E+3	8,452535E-1	3,837500E+3	-9,571452E-2
3,839062E+3	8,106314E-1	3,839062E+3	-3,802629E-2	3,839062E+3	8,609504E-1	3,839062E+3	-2,866927E-2	3,839062E+3	8,472156E-1	3,839062E+3	-4,219534E-2	3,839062E+3	8,458070E-1	3,839062E+3	-9,480025E-2
3,840625E+3	8,091947E-1	3,840625E+3	-3,983659E-2	3,840625E+3	8,704196E-1	3,840625E+3	-2,026278E-2	3,840625E+3	8,501654E-1	3,840625E+3	-4,239408E-2	3,840625E+3	8,462378E-1	3,840625E+3	-9,390556E-2
3,842187E+3	8,080804E-1	3,842187E+3	-4,156505E-2	3,842187E+3	8,733415E-1	3,842187E+3	-2,128072E-2	3,842187E+3	8,535337E-1	3,842187E+3	-4,272762E-2	3,842187E+3	8,500777E-1	3,842187E+3	-9,398407E-2
3,843750E+3	8,068672E-1	3,843750E+3	-4,331937E-2	3,843750E+3	8,761229E-1	3,843750E+3	-2,211493E-2	3,843750E+3	8,566123E-1	3,843750E+3	-4,299150E-2	3,843750E+3	8,538615E-1	3,843750E+3	-9,400827E-2
3,845312E+3	8,684992E-1	3,845312E+3	-4,736450E-2	3,845312E+3	8,790927E-1	3,845312E+3	-2,278151E-2	3,845312E+3	8,602474E-1	3,845312E+3	-4,409596E-2	3,845312E+3	8,548174E-1	3,845312E+3	-9,300364E-2
3,846875E+3	8,843372E-1	3,846875E+3	-2,690070E-2	3,846875E+3	8,818840E-1	3,846875E+3	-2,310925E-2	3,846875E+3	8,636586E-1	3,846875E+3	-4,512005E-2	3,846875E+3	8,556301E-1	3,846875E+3	-9,203407E-2
3,848437E+3	8,861592E-1	3,848437E+3	-2,822915E-2	3,848437E+3	8,851305E-1	3,848437E+3	-2,359125E-2	3,848437E+3	8,672026E-1	3,848437E+3	-4,629669E-2	3,848437E+3	8,641048E-1	3,848437E+3	-9,784953E-2
3,850000E+3	8,877018E-1	3,850000E+3	-2,896575E-2	3,850000E+3	8,882099E-1	3,850000E+3	-2,339527E-2	3,850000E+3	8,705743E-1	3,850000E+3	-4,738067E-2	3,850000E+3	8,729125E-1	3,850000E+3	-1,036585E-1
3,851562E+3	8,903818E-1	3,851562E+3	-3,014880E-2	3,851562E+3	8,917783E-1	3,851562E+3	-2,422784E-2	3,851562E+3	8,737420E-1	3,851562E+3	-4,777884E-2	3,851562E+3	8,771452E-1	3,851562E+3	-1,051399E-1
3,853125E+3	8,929321E-1	3,853125E+3	-3,053170E-2	3,853125E+3	8,953529E-1	3,853125E+3	-2,444652E-2	3,853125E+3	8,767100E-1	3,853125E+3	-4,805944E-2	3,853125E+3	8,813436E-1	3,853125E+3	-1,066051E-1
3,854687E+3	8,961318E-1	3,854687E+3	-3,159081E-2	3,854687E+3	9,063991E-1	3,854687E+3	-2,725191E-2	3,854687E+3	8,797919E-1	3,854687E+3	-4,780687E-2	3,854687E+3	8,836838E-1	3,854687E+3	-1,063666E-1
3,856250E+3	8,994310E-1	3,856250E+3	-3,170549E-2	3,856250E+3	9,178048E-1	3,856250E+3	-2,976001E-2	3,856250E+3	8,825886E-1	3,856250E+3	-4,740117E-2	3,856250E+3	8,859011E-1	3,856250E+3	-1,061541E-1
3,857812E+3	9,028038E-1	3,857812E+3	-3,268740E-2	3,857812E+3	9,193014E-1	3,857812E+3	-2,958332E-2	3,857812E+3	8,867238E-1	3,857812E+3	-4,863487E-2	3,857812E+3	8,875048E-1	3,857812E+3	-1,058376E-1
3,859375E+3	9,064689E-1	3,859375E+3	-3,273444E-2	3,859375E+3	9,207678E-1	3,859375E+3	-2,918497E-2	3,859375E+3	8,906126E-1	3,859375E+3	-4,973435E-2	3,859375E+3	8,889884E-1	3,859375E+3	-1,055649E-1
3,860937E+3	9,102249E-1	3,860937E+3	-3,358592E-2	3,860937E+3	9,430544E-1	3,860937E+3	-3,283966E-2	3,860937E+3	8,996165E-1	3,860937E+3	-5,407807E-2	3,860937E+3	8,910809E-1	3,860937E+3	-1,057288E-1
3,862500E+3	9,144821E-1	3,862500E+3	-3,347766E-2	3,862500E+3	9,660854E-1	3,862500E+3	-3,611330E-2	3,862500E+3	9,086591E-1	3,862500E+3	-5,828564E-2	3,862500E+3	8,930724E-1	3,862500E+3	-1,059229E-1
3,864062E+3	9,181404E-1	3,864062E+3	-3,423409E-2	3,864062E+3	9,694159E-1	3,864062E+3	-3,614750E-2	3,864062E+3	9,106047E-1	3,864062E+3	-5,698041E-2	3,864062E+3	8,980786E-1	3,864062E+3	-1,073815E-1
3,865625E+3	9,222789E-1	3,865625E+3	-3,433200E-2	3,865625E+3	9,726922E-1	3,865625E+3	-3,600875E-2	3,865625E+3	9,123071E-1	3,865625E+3	-5,550433E-2	3,865625E+3	9,030286E-1	3,865625E+3	-1,088037E-1
3,867187E+3	9,257393E-1	3,867187E+3	-3,475960E-2	3,867187E+3	9,750777E-1	3,867187E+3	-3,583286E-2	3,867187E+3	9,201755E-1	3,867187E+3	-5,680304E-2	3,867187E+3	9,107376E-1	3,867187E+3	-1,106257E-1
3,868750E+3	9,295411E-1	3,868750E+3	-3,475225E-2	3,868750E+3	9,773706E-1	3,868750E+3	-3,551708E-2	3,868750E+3	9,279427E-1	3,868750E+3	-5,786783E-2	3,868750E+3	9,183834E-1	3,868750E+3	-1,123563E-1
3,870312E+3	9,330723E-1	3,870312E+3	-3,497136E-2	3,870312E+3	9,791532E-1	3,870312E+3	-3,526257E-2	3,870312E+3	9,403172E-1	3,870312E+3	-6,298066E-2	3,870312E+3	9,213843E-1	3,870312E+3	-1,114538E-1
3,871875E+3	9,368865E-1	3,871875E+3	-3,483948E-2	3,871875E+3	9,807716E-1	3,871875E+3	-3,489248E-2	3,871875E+3	9,527509E-1	3,871875E+3	-6,784916E-2	3,871875E+3	9,241668E-1	3,871875E+3	-1,106229E-1
3,873437E+3	9,414830E-1	3,873437E+3	-3,554967E-2	3,873437E+3	9,824200E-1	3,873437E+3	-3,469783E-2	3,873437E+3	9,577779E-1	3,873437E+3	-6,804282E-2	3,873437E+3	9,273480E-1	3,873437E+3	-1,101859E-1
3,875000E+3	9,463408E-1	3,875000E+3	-3,596613E-2	3,875000E+3	9,838559E-1	3,875000E+3	-3,441605E-2	3,875000E+3	9,625794E-1	3,875000E+3	-6,802885E-2	3,875000E+3	9,303247E-1	3,875000E+3	-1,098101E-1
3,876562E+3	9,541082E-1	3,876562E+3	-3,771810E-2	3,876562E+3	9,864310E-1	3,876562E+3	-3,433295E-2	3,876562E+3	9,674275E-1	3,876562E+3	-6,821856E-2	3,876562E+3	9,353087E-1	3,876562E+3	-1,101690E-1
3,878125E+3	9,622239E-1	3,878125E+3	-3,918457E-2	3,878125E+3	9,887770E-1	3,878125E+3	-3,415180E-2	3,878125E+3	9,720664E-1	3,878125E+3	-6,821746E-2	3,878125E+3	9,400948E-1	3,878125E+3	-1,105275E-1
3,879687E+3	9,741905E-1	3,879687E+3	-4,079734E-2	3,879687E+3	1,036269E+0	3,879687E+3	-4,348831E-2	3,879687E+3	9,781561E-1	3,879687E+3	-6,886545E-2	3,879687E+3	9,443506E-1	3,879687E+3	-1,103528E-1
3,881250E+3	9,865219E-1	3,881250E+3	-4,213275E-2	3,881250E+3	1,083605E+0	3,881250E+3	-5,183538E-2	3,881250E+3	9,840347E-1	3,881250E+3	-6,931542E-2	3,881250E+3	9,483678E-1	3,881250E+3	-1,102092E-1
3,882812E+3	9,942124E-1	3,882812E+3	-4,316060E-2	3,882812E+3	1,088051E+0	3,882812E+3	-5,178538E-2	3,882812E+3	9,905639E-1	3,882812E+3	-7,009998E-2	3,882812E+3	9,514295E-1	3,882812E+3	-1,094849E-1
3,884375E+3	1,002082E+0	3,884375E+3	-4,396968E-2	3,884375E+3	1,092147E+0	3,884375E+3	-5,157391E-2	3,884375E+3	9,968378E-1	3,884375E+3	-7,067920E-2	3,884375E+3	9,542155E-1	3,884375E+3	-1,088459E-1
3,885937E+3	1,009190E+0	3,885937E+3	-4,496699E-2	3,885937E+3	1,095713E+0	3,885937E+3	-5,148997E-2	3,885937E+3	1,003210E+0	3,885937E+3	-7,133042E-2	3,885937E+3	9,572674E-1	3,885937E+3	-1,081109E-1
3,887500E+3	1,016397E+0	3,887500E+3	-4,578731E-2	3,887500E+3	1,098931E+0	3,887500E+3	-5,126883E-2	3,887500E+3	1,009279E+0	3,887500E+3	-7,177903E-2	3,887500E+3	9,600224E-1	3,887500E+3	-1,074706E-1
3,889062E+3	1,022037E+0	3,889062E+3	-4,630921E-2	3,889062E+3	1,102696E+0	3,889062E+3	-5,137364E-2	3,889062E+3	1,016464E+0	3,889062E+3	-7,297694E-2	3,889062E+3	9,637429E-1	3,889062E+3	-1,070262E-1
3,890625E+3	1,027719E+0	3,890625E+3	-4,668713E-2	3,890625E+3	1,106056E+0	3,890625E+3	-5,134855E-2	3,890625E+3	1,023323E+0	3,890625E+3	-7,396435E-2	3,890625E+3	9,671660E-1	3,890625E+3	-1,066332E-1
3,892187E+3	1,033662E+0	3,892187E+3	-4,728535E-2	3,892187E+3	1,110083E+0	3,892187E+3	-5,161393E-2	3,892187E+3	1,031934E+0	3,892187E+3	-7,570904E-2	3,892187E+3	9,711441E-1	3,892187E+3	-1,062877E-1
3,893750E+3	1,039600E+0	3,893750E+3	-4,774933E-2	3,893750E+3	1,113640E+0	3,893750E+3	-5,174290E-2	3,893750E+3	1,040191E+0	3,893750E+3	-7,721516E-2	3,893750E+3	9,748032E-1	3,893750E+3	-1,059799E-1
3,895312E+3	1,047807E+0	3,895312E+3	-4,885347E-2	3,895312E+3	1,118109E+0	3,895312E+3	-5,225654E-2	3,895312E+3	1,050142E+0	3,895312E+3	-7,924855E-2	3,895312E+3	9,781497E-1	3,895312E+3	-1,054522E-1
3,896875E+3	1,055956E+0	3,896875E+3	-4,979621E-2	3,896875E+3	1,122090E+0	3,896875E+3	-5,262831E-2	3,896875E+3	1,059666E+0	3,896875E+3	-8,098591E-2	3,896875E+3	9,811561E-1	3,896875E+3	-1,049834E-1
3,898437E+3	1,066084E+0	3,898437E+3	-5,115770E-2	3,898437E+3	1,127146E+0	3,898437E+3	-5,314971E-2	3,898437E+3	1,070150E+0	3,898437E+3	-8,278738E-2	3,898437E+3	9,834621E-1	3,898437E+3	-1,043150E-1
3,900000E+3	1,076078E+0	3,900000E+3	-5,232708E-2	3,900000E+3	1,131620E+0	3,900000E+3	-5,348941E-2	3,900000E+3	1,080111E+0	3,900000E+3	-8,423033E-2	3,900000E+3	9,854177E-1	3,900000E+3	-1,037421E-1
3,901562E+3	1,087525E+0	3,901562E+3	-5,392555E-2	3,901562E+3	1,138814E+0	3,901562E+3	-5,418307E-2	3,901562E+3	1,087864E+0	3,901562E+3	-8,486572E-2	3,901562E+3	9,864620E-1	3,901562E+3	-1,029704E-1
3,903125E+3	1,098754E+0	3,903125E+3	-5,530476E-2	3,903125E+3	1,145293E+0	3,903125E+3	-5,461737E-2	3,903125E+3	1,095092E+0	3,903125E+3	-8,520330E-2	3,903125E+3	9,871261E-1	3,903125E+3	-1,023611E-1
3,904687E+3	1,112354E+0	3,904687E+3	-5,693980E-2	3,904687E+3	1,152145E+0	3,904687E+3	-5,548209E-2	3,904687E+3	1,100565E+0	3,904687E+3	-8,535983E-2	3,904687E+3	9,874430E-1	3,904687E+3	-1,016236E-1
3,906250E+3	1,125621E+0	3,906250E+3	-5,831594E-2	3,906250E+3	1,158259E+0	3,906250E+3	-5,609091E-2	3,906250E+3	1,105582E+0	3,906250E+3	-8,529686E-2	3,906250E+3	9,873676E-1	3,906250E+3	-1,010774E-1
3,907812E+3	1,130427E+0	3,907812E+3	-5,831301E-2	3,907812E+3	1,162087E+0	3,907812E+3	-5,659018E-2	3,907812E+3	1,110373E+0	3,907812E+3	-8,547197E-2	3,907812E+3	9,874147E-1	3,907812E+3	-1,003112E-1
3,909375E+3	1,135006E+0	3,909375E+3	-5,816589E-2	3,909375E+3	1,165332E+0	3,909375E+3	-5,690899E-2	3,909375E+3	1,114703E+0	3,909375E+3	-8,544820E-2	3,909375E+3	9,870642E-1	3,909375E+3	-9,973000E-2
3,910937E+3	1,137506E+0	3,910937E+3	-5,794818E-2	3,910937E+3	1,166305E+0	3,910937E+3	-5,688553E-2	3,910937E+3	1,119612E+0	3,910937E+3	-8,583779E-2	3,910937E+3	9,874752E-1	3,910937E+3	-9,899611E-2
3,912500E+3	1,139787E+0	3,912500E+3	-5,762268E-2	3,912500E+3	1,166770E+0	3,912500E+3	-5,672864E-2	3,912500E+3	1,124000E+0	3,912500E+3	-8,601228E-2	3,912500E+3	9,875080E-1	3,912500E+3	-9,838598E-2
3,914062E+3	1,142752E+0	3,914062E+3	-5,743338E-2	3,914062E+3	1,166161E+0	3,914062E+3	-5,637191E-2	3,914062E+3	1,128366E+0	3,914062E+3	-8,629023E-2	3,914062E+3	9,875296E-1	3,914062E+3	-9,760159E-2
3,915625E+3	1,145485E+0	3,915625E+3	-5,713930E-2	3,915625E+3	1,165083E+0	3,915625E+3	-5,590605E-2	3,915625E+3	1,132166E+0	3,915625E+3	-8,634733E-2	3,915625E+3	9,871698E-1	3,915625E+3	-9,693082E-2
3,917187E+3	1,150683E+0	3,917187E+3	-5,729297E-2	3,917187E+3	1,163170E+0	3,917187E+3	-5,532102E-2	3,917187E+3	1,135821E+0	3,917187E+3	-8,640160E-2	3,917187E+3	9,868006E-1	3,917187E+3	-9,621025E-2
3,918750E+3	1,155563E+0	3,918750E+3	-5,730373E-2	3,918750E+3	1,160800E+0	3,918750E+3	-5,464683E-2	3,918750E+3	1,138933E+0	3,918750E+3	-8,624916E-2	3,918750E+3	9,860440E-1	3,918750E+3	-9,560456E-2
3,920312E+3	1,182500E+0	3,920312E+3	-6,185411E-2	3,920312E+3	1,158245E+0	3,920312E+3	-5,404591E-2	3,920312E+3	1,141089E+0	3,920312E+3	-8,576609E-2	3,920312E+3	9,857855E-1	3,920312E+3	-9,496790E-2
3,921875E+3	1,208129E+0	3,921875E+3	-6,571833E-2	3,921875E+3	1,155297E+0	3,921875E+3	-5,337323E-2	3,921875E+3	1,142735E+0	3,921875E+3	-8,510968E-2	3,921875E+3	9,851313E-1	3,921875E+3	-9,442943E-2
3,923437E+3	1,228583E+0	3,923437E+3	-6,887563E-2	3,923437E+3	1,152777E+0	3,923437E+3	-5,275597E-2	3,923437E+3	1,143265E+0	3,923437E+3	-8,402254E-2	3,923437E+3	9,842776E-1	3,923437E+3	-9,388668E-2
3,925000E+3	1,247830E+0	3,925000E+3	-7,143506E-2	3,925000E+3	1,149919E+0	3,925000E+3	-5,207808E-2	3,925000E+3	1,143316E+0	3,925000E+3	-8,279590E-2	3,925000E+3	9,830127E-1	3,925000E+3	-9,345612E-2
3,926562E+3	1,256170E+0	3,926562E+3	-7,208681E-2	3,926562E+3	1,146801E+0	3,926562E+3	-5,142300E-2	3,926562E+3	1,142227E+0	3,926562E+3	-8,146449E-2	3,926562E+3	9,819258E-1	3,926562E+3	-9,305647E-2
3,928125E+3	1,263778E+0	3,928125E+3	-7,242715E-2	3,928125E+3	1,143363E+0	3,928125E+3	-5,071596E-2	3,928125E+3	1,140688E+0	3,928125E+3	-8,003127E-2	3,928125E+3	9,804177E-1	3,928125E+3	-9,275776E-2
3,929687E+3	1,269280E+0	3,929687E+3	-7,261656E-2	3,929687E+3	1,139604E+0	3,929687E+3	-5,005995E-2	3,929687E+3	1,139385E+0	3,929687E+3	-7,896444E-2	3,929687E+3	9,785617E-1	3,929687E+3	-9,228465E-2
3,931250E+3	1,274164E+0	3,931250E+3	-7,256089E-2	3,931250E+3	1,135545E+0	3,931250E+3	-4,935632E-2	3,931250E+3	1,137692E+0	3,931250E+3	-7,781358E-2	3,931250E+3	9,762429E-1	3,931250E+3	-9,192607E-2
3,932812E+3	1,277695E+0	3,932812E+3	-7,251562E-2	3,932812E+3	1,131665E+0	3,932812E+3	-4,868159E-2	3,932812E+3	1,136004E+0	3,932812E+3	-7,695128E-2	3,932812E+3	9,742546E-1	3,932812E+3	-9,154989E-2
3,934375E+3	1,280699E+0	3,934375E+3	-7,227638E-2	3,934375E+3	1,127496E+0	3,934375E+3	-4,796168E-2	3,934375E+3	1,133969E+0	3,934375E+3	-7,602337E-2	3,934375E+3	9,718205E-1	3,934375E+3	-9,125272E-2
3,935937E+3	1,282341E+0	3,935937E+3	-7,203663E-2	3,935937E+3	1,122718E+0	3,935937E+3	-4,726741E-2	3,935937E+3	1,132211E+0	3,935937E+3	-7,542210E-2	3,935937E+3	9,709838E-1	3,935937E+3	-9,108541E-2
3,937500E+3	1,283518E+0	3,937500E+3	-7,163731E-2	3,937500E+3	1,117650E+0	3,937500E+3	-4,653569E-2	3,937500E+3	1,130161E+0	3,937500E+3	-7,476071E-2	3,937500E+3	9,697317E-1	3,937500E+3	-9,092047E-2
3,939062E+3	1,283712E+0	3,939062E+3	-7,123036E-2	3,939062E+3	1,111802E+0	3,939062E+3	-4,560736E-2	3,939062E+3	1,127585E+0	3,939062E+3	-7,385745E-2	3,939062E+3	9,684067E-1	3,939062E+3	-9,096420E-2
3,940625E+3	1,283486E+0	3,940625E+3	-7,068512E-2	3,940625E+3	1,105627E+0	3,940625E+3	-4,464612E-2	3,940625E+3	1,124674E+0	3,940625E+3	-7,290165E-2	3,940625E+3	9,666751E-1	3,940625E+3	-9,101021E-2
3,942187E+3	1,281454E+0	3,942187E+3	-6,973680E-2	3,942187E+3	1,098323E+0	3,942187E+3	-4,368848E-2	3,942187E+3	1,117922E+0	3,942187E+3	-7,118026E-2	3,942187E+3	9,647688E-1	3,942187E+3	-9,130567E-2
3,943750E+3	1,278980E+0	3,943750E+3	-6,866337E-2	3,943750E+3	1,090674E+0	3,943750E+3	-4,270275E-2	3,943750E+3	1,110720E+0	3,943750E+3	-6,947611E-2	3,943750E+3	9,625451E-1	3,943750E+3	-9,159803E-2
3,945312E+3	1,273692E+0	3,945312E+3	-6,688294E-2	3,945312E+3	1,073832E+0	3,945312E+3	-4,309124E-2	3,945312E+3	1,093042E+0	3,945312E+3	-6,809734E-2	3,945312E+3	9,601251E-1	3,945312E+3	-9,198356E-2
3,946875E+3	1,267871E+0	3,946875E+3	-6,500309E-2	3,946875E+3	1,056269E+0	3,946875E+3	-4,366630E-2	3,946875E+3	1,074468E+0	3,946875E+3	-6,717589E-2	3,946875E+3	9,574485E-1	3,946875E+3	-9,236145E-2
3,948437E+3	1,251651E+0	3,948437E+3	-6,377603E-2	3,948437E+3	1,052942E+0	3,948437E+3	-4,344877E-2	3,948437E+3	1,071849E+0	3,948437E+3	-6,680873E-2	3,948437E+3	9,534271E-1	3,948437E+3	-9,266882E-2
3,950000E+3	1,234456E+0	3,950000E+3	-6,277009E-2	3,950000E+3	1,049408E+0	3,950000E+3	-4,317406E-2	3,950000E+3	1,069011E+0	3,950000E+3	-6,638044E-2	3,950000E+3	9,491413E-1	3,950000E+3	-9,300546E-2
3,951562E+3	1,231162E+0	3,951562E+3	-6,209081E-2	3,951562E+3	1,044023E+0	3,951562E+3	-4,293303E-2	3,951562E+3	1,064822E+0	3,951562E+3	-6,563971E-2	3,951562E+3	9,430108E-1	3,951562E+3	-9,324821E-2
3,953125E+3	1,227623E+0	3,953125E+3	-6,134030E-2	3,953125E+3	1,038385E+0	3,953125E+3	-4,263539E-2	3,953125E+3	1,060390E+0	3,953125E+3	-6,485266E-2	3,953125E+3	9,365967E-1	3,953125E+3	-9,357771E-2
3,954687E+3	1,221647E+0	3,954687E+3	-6,048371E-2	3,954687E+3	1,032220E+0	3,954687E+3	-4,239762E-2	3,954687E+3	1,055301E+0	3,954687E+3	-6,408096E-2	3,954687E+3	1,003696E+0	3,954687E+3	-9,019082E-2
3,956250E+3	1,215415E+0	3,956250E+3	-5,957636E-2	3,956250E+3	1,025786E+0	3,956250E+3	-4,209157E-2	3,956250E+3	1,049972E+0	3,956250E+3	-6,326911E-2	3,956250E+3	1,038295E+0	3,956250E+3	-7,509374E-2
3,957812E+3	1,208724E+0	3,957812E+3	-5,858717E-2	3,957812E+3	1,022060E+0	3,957812E+3	-4,202151E-2	3,957812E+3	1,045092E+0	3,957812E+3	-6,287243E-2	3,957812E+3	1,031823E+0	3,957812E+3	-7,479865E-2
3,959375E+3	1,201807E+0	3,959375E+3	-5,755056E-2	3,959375E+3	1,018036E+0	3,959375E+3	-4,184947E-2	3,959375E+3	1,039982E+0	3,959375E+3	-6,242168E-2	3,959375E+3	1,025198E+0	3,959375E+3	-7,453345E-2
3,960937E+3	1,195366E+0	3,960937E+3	-5,641506E-2	3,960937E+3	1,015390E+0	3,960937E+3	-4,224849E-2	3,960937E+3	1,035904E+0	3,960937E+3	-6,228102E-2	3,960937E+3	1,019052E+0	3,960937E+3	-7,450924E-2
3,962500E+3	1,188729E+0	3,962500E+3	-5,523534E-2	3,962500E+3	1,012461E+0	3,962500E+3	-4,250990E-2	3,962500E+3	1,031593E+0	3,962500E+3	-6,205494E-2	3,962500E+3	1,012794E+0	3,962500E+3	-7,448294E-2
3,964062E+3	1,182137E+0	3,964062E+3	-5,430830E-2	3,964062E+3	1,009674E+0	3,964062E+3	-4,348121E-2	3,964062E+3	1,027220E+0	3,964062E+3	-6,208595E-2	3,964062E+3	1,006648E+0	3,964062E+3	-7,492335E-2
3,965625E+3	1,175383E+0	3,965625E+3	-5,334835E-2	3,965625E+3	1,006621E+0	3,965625E+3	-4,427138E-2	3,965625E+3	1,022611E+0	3,965625E+3	-6,201362E-2	3,965625E+3	1,000408E+0	3,965625E+3	-7,535330E-2
3,967187E+3	1,168073E+0	3,967187E+3	-5,269042E-2	3,967187E+3	1,002761E+0	3,967187E+3	-4,581162E-2	3,967187E+3	1,018358E+0	3,967187E+3	-6,227381E-2	3,967187E+3	9,930415E-1	3,967187E+3	-7,645221E-2
3,968750E+3	1,160601E+0	3,968750E+3	-5,201071E-2	3,968750E+3	9,987123E-1	3,968750E+3	-4,714668E-2	3,968750E+3	1,013839E+0	3,968750E+3	-6,239519E-2	3,968750E+3	9,856260E-1	3,968750E+3	-7,754634E-2
3,970312E+3	1,151426E+0	3,970312E+3	-5,138636E-2	3,970312E+3	9,923549E-1	3,970312E+3	-4,912504E-2	3,970312E+3	1,011316E+0	3,970312E+3	-6,271973E-2	3,970312E+3	9,782632E-1	3,970312E+3	-7,856914E-2
3,971875E+3	1,142119E+0	3,971875E+3	-5,074855E-2	3,971875E+3	9,858894E-1	3,971875E+3	-5,089208E-2	3,971875E+3	1,008445E+0	3,971875E+3	-6,281625E-2	3,971875E+3	9,708632E-1	3,971875E+3	-7,957219E-2
3,973437E+3	1,103328E+0	3,973437E+3	-4,756883E-2	3,973437E+3	1,131478E+0	3,973437E+3	-4,644338E-2	3,973437E+3	1,006538E+0	3,973437E+3	-6,324349E-2	3,973437E+3	1,055400E+0	3,973437E+3	-1,073601E-1
3,975000E+3	1,064096E+0	3,975000E+3	-4,488758E-2	3,975000E+3	1,173405E+0	3,975000E+3	-2,172610E-2	3,975000E+3	1,004256E+0	3,975000E+3	-6,335907E-2	3,975000E+3	1,112667E+0	3,975000E+3	-6,963379E-2
3,976562E+3	1,066557E+0	3,976562E+3	-4,526721E-2	3,976562E+3	1,151705E+0	3,976562E+3	-2,122252E-2	3,976562E+3	1,001363E+0	3,976562E+3	-6,434436E-2	3,976562E+3	1,117338E+0	3,976562E+3	-7,062684E-2
3,978125E+3	1,068812E+0	3,978125E+3	-4,554945E-2	3,978125E+3	1,130032E+0	3,978125E+3	-2,054181E-2	3,978125E+3	9,982209E-1	3,978125E+3	-6,501534E-2	3,978125E+3	1,122336E+0	3,978125E+3	-6,845892E-2
3,979687E+3	1,071504E+0	3,979687E+3	-4,593415E-2	3,979687E+3	1,128884E+0	3,979687E+3	-2,101721E-2	3,979687E+3	1,035481E+0	3,979687E+3	-5,095519E-2	3,979687E+3	1,129327E+0	3,979687E+3	-7,049237E-2
3,981250E+3	1,073969E+0	3,981250E+3	-4,620948E-2	3,981250E+3	1,127539E+0	3,981250E+3	-2,114950E-2	3,981250E+3	1,059808E+0	3,981250E+3	-3,745656E-2	3,981250E+3	1,137838E+0	3,981250E+3	-6,866640E-2
3,982812E+3	1,076842E+0	3,982812E+3	-4,663927E-2	3,982812E+3	1,126436E+0	3,982812E+3	-2,182315E-2	3,982812E+3	1,049877E+0	3,982812E+3	-3,809882E-2	3,982812E+3	1,141112E+0	3,982812E+3	-7,023920E-2
3,984375E+3	1,079457E+0	3,984375E+3	-4,694248E-2	3,984375E+3	1,125211E+0	3,984375E+3	-2,213512E-2	3,984375E+3	1,040024E+0	3,984375E+3	-3,872193E-2	3,984375E+3	1,145827E+0	3,984375E+3	-6,938689E-2
3,985937E+3	1,082625E+0	3,985937E+3	-4,743483E-2	3,985937E+3	1,124102E+0	3,985937E+3	-2,294206E-2	3,985937E+3	1,029769E+0	3,985937E+3	-3,989367E-2	3,985937E+3	1,116990E+0	3,985937E+3	-7,276782E-2
3,987500E+3	1,085499E+0	3,987500E+3	-4,777830E-2	3,987500E+3	1,122929E+0	3,987500E+3	-2,336478E-2	3,987500E+3	1,019657E+0	3,987500E+3	-4,104376E-2	3,987500E+3	1,090695E+0	3,987500E+3	-7,519358E-2
3,989062E+3	1,089440E+0	3,989062E+3	-4,837621E-2	3,989062E+3	1,159902E+0	3,989062E+3	-1,157226E-1	3,989062E+3	1,121036E+0	3,989062E+3	-1,204356E-1	3,989062E+3	1,101627E+0	3,989062E+3	-7,576893E-2
3,990625E+3	1,093020E+0	3,990625E+3	-4,878680E-2	3,990625E+3	1,313120E+0	3,990625E+3	-2,948080E-2	3,990625E+3	1,170699E+0	3,990625E+3	-5,587955E-2	3,990625E+3	1,114049E+0	3,990625E+3	-7,478309E-2
3,992187E+3	1,097937E+0	3,992187E+3	-4,974787E-2	3,992187E+3	1,320096E+0	3,992187E+3	-2,995815E-2	3,992187E+3	1,171329E+0	3,992187E+3	-5,589195E-2	3,992187E+3	1,125274E+0	3,992187E+3	-7,500776E-2
3,993750E+3	1,102404E+0	3,993750E+3	-5,045044E-2	3,993750E+3	1,329379E+0	3,993750E+3	-2,923265E-2	3,993750E+3	1,172103E+0	3,993750E+3	-5,555551E-2	3,993750E+3	1,138089E+0	3,993750E+3	-7,381978E-2
3,995312E+3	1,170487E+0	3,995312E+3	-2,812815E-2	3,995312E+3	1,340375E+0	3,995312E+3	-3,038604E-2	3,995312E+3	1,173192E+0	3,995312E+3	-5,557181E-2	3,995312E+3	1,149567E+0	3,995312E+3	-7,395983E-2
3,996875E+3	1,216733E+0	3,996875E+3	-1,219026E-2	3,996875E+3	1,354911E+0	3,996875E+3	-3,023917E-2	3,996875E+3	1,174461E+0	3,996875E+3	-5,514702E-2	3,996875E+3	1,162702E+0	3,996875E+3	-7,283843E-2
3,998437E+3	1,217929E+0	3,998437E+3	-1,248898E-2	3,998437E+3	1,366673E+0	3,998437E+3	-3,115200E-2	3,998437E+3	1,206580E+0	3,998437E+3	-6,559943E-2	3,998437E+3	1,173602E+0	3,998437E+3	-7,269979E-2
4,000000E+3	1,218812E+0	4,000000E+3	-1,264232E-2	4,000000E+3	1,381776E+0	4,000000E+3	-3,098370E-2	4,000000E+3	1,250995E+0	4,000000E+3	-5,932216E-2	4,000000E+3	1,185980E+0	4,000000E+3	-7,152353E-2
4,001562E+3	1,220741E+0	4,001562E+3	-1,313593E-2	4,001562E+3	1,296546E+0	4,001562E+3	-3,329768E-2	4,001562E+3	1,259165E+0	4,001562E+3	-6,059801E-2	4,001562E+3	1,197212E+0	4,001562E+3	-7,107801E-2
4,003125E+3	1,222298E+0	4,003125E+3	-1,342677E-2	4,003125E+3	1,224811E+0	4,003125E+3	-3,744900E-2	4,003125E+3	1,268930E+0	4,003125E+3	-6,054039E-2	4,003125E+3	1,209920E+0	4,003125E+3	-6,966060E-2
4,004687E+3	1,086134E+0	4,004687E+3	-3,417601E-3	4,004687E+3	1,235280E+0	4,004687E+3	-3,800976E-2	4,004687E+3	1,279431E+0	4,004687E+3	-6,166918E-2	4,004687E+3	1,221327E+0	4,004687E+3	-6,894468E-2
4,006250E+3	9,611903E-1	4,006250E+3	7,447259E-4	4,006250E+3	1,248203E+0	4,006250E+3	-3,803546E-2	4,006250E+3	1,292015E+0	4,006250E+3	-6,114126E-2	4,006250E+3	1,234175E+0	4,006250E+3	-6,733120E-2
4,007812E+3	9,630938E-1	4,007812E+3	-4,186203E-4	4,007812E+3	1,258819E+0	4,007812E+3	-3,863818E-2	4,007812E+3	1,305290E+0	4,007812E+3	-6,287784E-2	4,007812E+3	1,245688E+0	4,007812E+3	-6,637515E-2
4,009375E+3	9,645530E-1	4,009375E+3	-1,202136E-3	4,009375E+3	1,271592E+0	4,009375E+3	-3,884057E-2	4,009375E+3	1,321449E+0	4,009375E+3	-6,289997E-2	4,009375E+3	1,258591E+0	4,009375E+3	-6,459948E-2
4,010937E+3	9,674841E-1	4,010937E+3	-3,047244E-3	4,010937E+3	1,280991E+0	4,010937E+3	-3,913347E-2	4,010937E+3	1,332970E+0	4,010937E+3	-6,407316E-2	4,010937E+3	1,269412E+0	4,010937E+3	-6,325261E-2
4,012500E+3	9,698988E-1	4,012500E+3	-4,330499E-3	4,012500E+3	1,292043E+0	4,012500E+3	-3,910773E-2	4,012500E+3	1,346711E+0	4,012500E+3	-6,409709E-2	4,012500E+3	1,281417E+0	4,012500E+3	-6,119309E-2
4,014062E+3	1,187987E+0	4,014062E+3	-2,663604E-1	4,014062E+3	1,300125E+0	4,014062E+3	-3,915483E-2	4,014062E+3	1,273733E+0	4,014062E+3	-6,773756E-2	4,014062E+3	1,289906E+0	4,014062E+3	-5,979631E-2
4,015625E+3	1,289806E+0	4,015625E+3	-2,083615E-2	4,015625E+3	1,309475E+0	4,015625E+3	-3,895016E-2	4,015625E+3	1,213945E+0	4,015625E+3	-7,270590E-2	4,015625E+3	1,299207E+0	4,015625E+3	-5,791384E-2
4,017187E+3	1,286003E+0	4,017187E+3	-2,093609E-2	4,017187E+3	1,318757E+0	4,017187E+3	-3,894678E-2	4,017187E+3	1,224708E+0	4,017187E+3	-7,331689E-2	4,017187E+3	1,245075E+0	4,017187E+3	-7,303068E-2
4,018750E+3	1,282744E+0	4,018750E+3	-2,081631E-2	4,018750E+3	1,329391E+0	4,018750E+3	-3,868072E-2	4,018750E+3	1,236831E+0	4,018750E+3	-7,337781E-2	4,018750E+3	1,201981E+0	4,018750E+3	-8,702328E-2
4,020312E+3	1,214298E+0	4,020312E+3	-1,870559E-2	4,020312E+3	1,342193E+0	4,020312E+3	-3,879326E-2	4,020312E+3	1,248189E+0	4,020312E+3	-7,388211E-2	4,020312E+3	1,211246E+0	4,020312E+3	-8,605777E-2
4,021875E+3	1,154259E+0	4,021875E+3	-1,883958E-2	4,021875E+3	1,356849E+0	4,021875E+3	-3,857713E-2	4,021875E+3	1,260969E+0	4,021875E+3	-7,381154E-2	4,021875E+3	1,221270E+0	4,021875E+3	-8,474397E-2
4,023437E+3	1,149891E+0	4,023437E+3	-1,841497E-2	4,023437E+3	1,367623E+0	4,023437E+3	-3,839897E-2	4,023437E+3	1,273903E+0	4,023437E+3	-7,430756E-2	4,023437E+3	1,232235E+0	4,023437E+3	-8,344265E-2
4,025000E+3	1,146158E+0	4,025000E+3	-1,784797E-2	4,025000E+3	1,379765E+0	4,025000E+3	-3,796527E-2	4,025000E+3	1,288509E+0	4,025000E+3	-7,417250E-2	4,025000E+3	1,244156E+0	4,025000E+3	-8,169929E-2
4,026562E+3	1,185625E+0	4,026562E+3	-2,571373E-2	4,026562E+3	1,342365E+0	4,026562E+3	-4,618831E-2	4,026562E+3	1,267607E+0	4,026562E+3	-8,031510E-2	4,026562E+3	1,254570E+0	4,026562E+3	-8,017785E-2
4,028125E+3	1,257007E+0	4,028125E+3	-2,114171E-2	4,028125E+3	1,314091E+0	4,028125E+3	-5,475032E-2	4,028125E+3	1,252898E+0	4,028125E+3	-8,640719E-2	4,028125E+3	1,265849E+0	4,028125E+3	-7,824770E-2
4,029687E+3	1,261227E+0	4,029687E+3	-2,102562E-2	4,029687E+3	1,322121E+0	4,029687E+3	-5,433308E-2	4,029687E+3	1,263972E+0	4,029687E+3	-8,644215E-2	4,029687E+3	1,259554E+0	4,029687E+3	-8,750506E-2
4,031250E+3	1,266851E+0	4,031250E+3	-2,056479E-2	4,031250E+3	1,331021E+0	4,031250E+3	-5,379936E-2	4,031250E+3	1,276262E+0	4,031250E+3	-8,611700E-2	4,031250E+3	1,255975E+0	4,031250E+3	-9,554783E-2
4,032812E+3	1,271361E+0	4,032812E+3	-2,030629E-2	4,032812E+3	1,339517E+0	4,032812E+3	-5,330775E-2	4,032812E+3	1,286469E+0	4,032812E+3	-8,598270E-2	4,032812E+3	1,263342E+0	4,032812E+3	-9,416227E-2
4,034375E+3	1,277155E+0	4,034375E+3	-1,974217E-2	4,034375E+3	1,348863E+0	4,034375E+3	-5,265065E-2	4,034375E+3	1,297717E+0	4,034375E+3	-8,551881E-2	4,034375E+3	1,271241E+0	4,034375E+3	-9,253395E-2
4,035937E+3	1,284720E+0	4,035937E+3	-2,013638E-2	4,035937E+3	1,357348E+0	4,035937E+3	-5,152794E-2	4,035937E+3	1,306792E+0	4,035937E+3	-8,522015E-2	4,035937E+3	1,278746E+0	4,035937E+3	-9,109652E-2
4,037500E+3	1,294061E+0	4,037500E+3	-2,012105E-2	4,037500E+3	1,366603E+0	4,037500E+3	-5,021816E-2	4,037500E+3	1,316763E+0	4,037500E+3	-8,463180E-2	4,037500E+3	1,286775E+0	4,037500E+3	-8,942159E-2
4,039062E+3	1,310223E+0	4,039062E+3	-2,096666E-2	4,039062E+3	1,376443E+0	4,039062E+3	-4,880948E-2	4,039062E+3	1,325313E+0	4,039062E+3	-8,409266E-2	4,039062E+3	1,295059E+0	4,039062E+3	-8,760504E-2
4,040625E+3	1,329981E+0	4,040625E+3	-2,105395E-2	4,040625E+3	1,387123E+0	4,040625E+3	-4,716552E-2	4,040625E+3	1,334701E+0	4,040625E+3	-8,326955E-2	4,040625E+3	1,303927E+0	4,040625E+3	-8,551253E-2
4,042187E+3	1,342529E+0	4,042187E+3	-2,176571E-2	4,042187E+3	1,395001E+0	4,042187E+3	-4,584662E-2	4,042187E+3	1,341767E+0	4,042187E+3	-8,268576E-2	4,042187E+3	1,329337E+0	4,042187E+3	-7,784537E-2
4,043750E+3	1,357511E+0	4,043750E+3	-2,195506E-2	4,043750E+3	1,403491E+0	4,043750E+3	-4,437303E-2	4,043750E+3	1,349540E+0	4,043750E+3	-8,185342E-2	4,043750E+3	1,357932E+0	4,043750E+3	-6,758862E-2
4,045312E+3	1,368014E+0	4,045312E+3	-2,240082E-2	4,045312E+3	1,410543E+0	4,045312E+3	-4,297374E-2	4,045312E+3	1,356674E+0	4,045312E+3	-8,095752E-2	4,045312E+3	1,361126E+0	4,045312E+3	-6,528437E-2
4,046875E+3	1,380250E+0	4,046875E+3	-2,246878E-2	4,046875E+3	1,418115E+0	4,046875E+3	-4,144723E-2	4,046875E+3	1,364465E+0	4,046875E+3	-7,980462E-2	4,046875E+3	1,364544E+0	4,046875E+3	-6,283778E-2
4,048437E+3	1,392459E+0	4,048437E+3	-2,244700E-2	4,048437E+3	1,424497E+0	4,048437E+3	-4,016973E-2	4,048437E+3	1,371355E+0	4,048437E+3	-7,869762E-2	4,048437E+3	1,368314E+0	4,048437E+3	-6,044852E-2
4,050000E+3	1,406352E+0	4,050000E+3	-2,201239E-2	4,050000E+3	1,431339E+0	4,050000E+3	-3,878424E-2	4,050000E+3	1,378813E+0	4,050000E+3	-7,735449E-2	4,050000E+3	1,372316E+0	4,050000E+3	-5,790400E-2
4,051562E+3	1,418487E+0	4,051562E+3	-2,130217E-2	4,051562E+3	1,461018E+0	4,051562E+3	-3,250528E-2	4,051562E+3	1,385747E+0	4,051562E+3	-7,566447E-2	4,051562E+3	1,375893E+0	4,051562E+3	-5,522176E-2
4,053125E+3	1,432019E+0	4,053125E+3	-2,022733E-2	4,053125E+3	1,494543E+0	4,053125E+3	-2,435224E-2	4,053125E+3	1,393159E+0	4,053125E+3	-7,377524E-2	4,053125E+3	1,379685E+0	4,053125E+3	-5,240116E-2
4,054687E+3	1,441682E+0	4,054687E+3	-1,921240E-2	4,054687E+3	1,497306E+0	4,054687E+3	-2,249343E-2	4,054687E+3	1,400948E+0	4,054687E+3	-7,178130E-2	4,054687E+3	1,382407E+0	4,054687E+3	-4,957137E-2
4,056250E+3	1,452314E+0	4,056250E+3	-1,796754E-2	4,056250E+3	1,500358E+0	4,056250E+3	-2,056475E-2	4,056250E+3	1,409244E+0	4,056250E+3	-6,956188E-2	4,056250E+3	1,385313E+0	4,056250E+3	-4,663558E-2
4,057812E+3	1,460556E+0	4,057812E+3	-1,654705E-2	4,057812E+3	1,503667E+0	4,057812E+3	-1,851162E-2	4,057812E+3	1,417380E+0	4,057812E+3	-6,725680E-2	4,057812E+3	1,387043E+0	4,057812E+3	-4,384387E-2
4,059375E+3	1,469564E+0	4,059375E+3	-1,496582E-2	4,059375E+3	1,507268E+0	4,059375E+3	-1,636738E-2	4,059375E+3	1,426030E+0	4,059375E+3	-6,472490E-2	4,059375E+3	1,388937E+0	4,059375E+3	-4,097388E-2
4,060937E+3	1,477224E+0	4,060937E+3	-1,312681E-2	4,060937E+3	1,509986E+0	4,060937E+3	-1,435501E-2	4,060937E+3	1,451116E+0	4,060937E+3	-5,728917E-2	4,060937E+3	1,390509E+0	4,060937E+3	-3,810500E-2
4,062500E+3	1,485581E+0	4,062500E+3	-1,114730E-2	4,062500E+3	1,512972E+0	4,062500E+3	-1,226182E-2	4,062500E+3	1,478690E+0	4,062500E+3	-4,797862E-2	4,062500E+3	1,392248E+0	4,062500E+3	-3,515032E-2
4,064062E+3	1,492654E+0	4,064062E+3	-8,776857E-3	4,064062E+3	1,514425E+0	4,064062E+3	-1,029896E-2	4,064062E+3	1,481540E+0	4,064062E+3	-4,513138E-2	4,064062E+3	1,393213E+0	4,064062E+3	-3,232078E-2
4,065625E+3	1,500365E+0	4,065625E+3	-6,283575E-3	4,065625E+3	1,516112E+0	4,065625E+3	-8,278416E-3	4,065625E+3	1,484657E+0	4,065625E+3	-4,217671E-2	4,065625E+3	1,394341E+0	4,065625E+3	-2,940881E-2
4,067187E+3	1,506853E+0	4,067187E+3	-3,614054E-3	4,067187E+3	1,515991E+0	4,067187E+3	-6,416321E-3	4,067187E+3	1,486855E+0	4,067187E+3	-3,923275E-2	4,067187E+3	1,393980E+0	4,067187E+3	-2,683295E-2
4,068750E+3	1,513953E+0	4,068750E+3	-8,507256E-4	4,068750E+3	1,516071E+0	4,068750E+3	-4,514269E-3	4,068750E+3	1,489304E+0	4,068750E+3	-3,619137E-2	4,068750E+3	1,393771E+0	4,068750E+3	-2,419764E-2
4,070312E+3	1,519405E+0	4,070312E+3	1,831533E-3	4,070312E+3	1,515768E+0	4,070312E+3	-2,483534E-3	4,070312E+3	1,490947E+0	4,070312E+3	-3,320447E-2	4,070312E+3	1,392690E+0	4,070312E+3	-2,190153E-2
4,071875E+3	1,525455E+0	4,071875E+3	4,559123E-3	4,071875E+3	1,515660E+0	4,071875E+3	-4,094390E-4	4,071875E+3	1,492835E+0	4,071875E+3	-3,011179E-2	4,071875E+3	1,391751E+0	4,071875E+3	-1,953786E-2
4,073437E+3	1,530567E+0	4,073437E+3	7,689611E-3	4,073437E+3	1,515230E+0	4,073437E+3	1,678168E-3	4,073437E+3	1,493986E+0	4,073437E+3	-2,729654E-2	4,073437E+3	1,389931E+0	4,073437E+3	-1,723930E-2
4,075000E+3	1,536268E+0	4,075000E+3	1,083838E-2	4,075000E+3	1,514991E+0	4,075000E+3	3,814836E-3	4,075000E+3	1,495381E+0	4,075000E+3	-2,437443E-2	4,075000E+3	1,388245E+0	4,075000E+3	-1,486462E-2
4,076562E+3	1,540434E+0	4,076562E+3	1,384860E-2	4,076562E+3	1,512418E+0	4,076562E+3	5,327194E-3	4,076562E+3	1,495529E+0	4,076562E+3	-2,182662E-2	4,076562E+3	1,385393E+0	4,076562E+3	-1,273056E-2
4,078125E+3	1,545220E+0	4,078125E+3	1,682946E-2	4,078125E+3	1,510035E+0	4,078125E+3	6,874460E-3	4,078125E+3	1,495909E+0	4,078125E+3	-1,919186E-2	4,078125E+3	1,382682E+0	4,078125E+3	-1,052837E-2
4,079687E+3	1,572477E+0	4,079687E+3	2,526662E-2	4,079687E+3	1,506502E+0	4,079687E+3	8,654571E-3	4,079687E+3	1,469875E+0	4,079687E+3	-6,266620E-2	4,079687E+3	1,379516E+0	4,079687E+3	-8,924358E-3
4,081250E+3	1,603466E+0	4,081250E+3	3,541724E-2	4,081250E+3	1,503165E+0	4,081250E+3	1,046026E-2	4,081250E+3	1,462550E+0	4,081250E+3	-8,051085E-2	4,081250E+3	1,376477E+0	4,081250E+3	-7,216827E-3
4,082812E+3	1,593453E+0	4,082812E+3	1,482264E-2	4,082812E+3	1,507179E+0	4,082812E+3	3,760062E-3	4,082812E+3	1,462918E+0	4,082812E+3	-7,708289E-2	4,082812E+3	1,373040E+0	4,082812E+3	-5,571854E-3
4,084375E+3	1,584318E+0	4,084375E+3	-5,809775E-4	4,084375E+3	1,509241E+0	4,084375E+3	-1,560069E-3	4,084375E+3	1,463436E+0	4,084375E+3	-7,345818E-2	4,084375E+3	1,369711E+0	4,084375E+3	-3,798573E-3
4,085937E+3	1,505529E+0	4,085937E+3	-5,292646E-4	4,085937E+3	1,504041E+0	4,085937E+3	-1,542263E-2	4,085937E+3	1,463309E+0	4,085937E+3	-6,946712E-2	4,085937E+3	1,404546E+0	4,085937E+3	-2,822363E-2
4,087500E+3	1,481977E+0	4,087500E+3	-1,522168E-2	4,087500E+3	1,502851E+0	4,087500E+3	-1,646352E-2	4,087500E+3	1,463329E+0	4,087500E+3	-6,532004E-2	4,087500E+3	1,415790E+0	4,087500E+3	-3,086909E-2
4,089062E+3	1,485449E+0	4,089062E+3	-1,296114E-2	4,089062E+3	1,498725E+0	4,089062E+3	-1,378866E-2	4,089062E+3	1,462447E+0	4,089062E+3	-6,129143E-2	4,089062E+3	1,410038E+0	4,089062E+3	-2,685687E-2
4,090625E+3	1,489259E+0	4,090625E+3	-1,069617E-2	4,090625E+3	1,494709E+0	4,090625E+3	-1,089885E-2	4,090625E+3	1,461711E+0	4,090625E+3	-5,714705E-2	4,090625E+3	1,404378E+0	4,090625E+3	-2,281759E-2
4,092187E+3	1,490871E+0	4,092187E+3	-8,755685E-3	4,092187E+3	1,489699E+0	4,092187E+3	-8,096293E-3	4,092187E+3	1,460181E+0	4,092187E+3	-5,305527E-2	4,092187E+3	1,397551E+0	4,092187E+3	-1,837780E-2
4,093750E+3	1,492775E+0	4,093750E+3	-6,862565E-3	4,093750E+3	1,484862E+0	4,093750E+3	-5,133573E-3	4,093750E+3	1,458784E+0	4,093750E+3	-4,887290E-2	4,093750E+3	1,390861E+0	4,093750E+3	-1,397264E-2
4,095312E+3	1,492962E+0	4,095312E+3	-4,762114E-3	4,095312E+3	1,478926E+0	4,095312E+3	-2,338523E-3	4,095312E+3	1,456775E+0	4,095312E+3	-4,440246E-2	4,095312E+3	1,382936E+0	4,095312E+3	-9,384804E-3
4,096875E+3	1,493391E+0	4,096875E+3	-2,744732E-3	4,096875E+3	1,473197E+0	4,096875E+3	5,753079E-4	4,096875E+3	1,454896E+0	4,096875E+3	-3,988372E-2	4,096875E+3	1,375191E+0	4,096875E+3	-4,885494E-3
4,098437E+3	1,493016E+0	4,098437E+3	-1,501708E-4	4,098437E+3	1,466080E+0	4,098437E+3	3,426435E-3	4,098437E+3	1,452431E+0	4,098437E+3	-3,503411E-2	4,098437E+3	1,366021E+0	4,098437E+3	-4,662119E-4
4,100000E+3	1,492815E+0	4,100000E+3	2,350254E-3	4,100000E+3	1,459217E+0	4,100000E+3	6,338111E-3	4,100000E+3	1,450089E+0	4,100000E+3	-3,016452E-2	4,100000E+3	1,357122E+0	4,100000E+3	3,819972E-3
4,101562E+3	1,492111E+0	4,101562E+3	5,000818E-3	4,101562E+3	1,451566E+0	4,101562E+3	9,636265E-3	4,101562E+3	1,447243E+0	4,101562E+3	-2,531705E-2	4,101562E+3	1,345508E+0	4,101562E+3	8,979907E-3
4,103125E+3	1,491566E+0	4,103125E+3	7,542872E-3	4,103125E+3	1,444180E+0	4,103125E+3	1,293172E-2	4,103125E+3	1,444509E+0	4,103125E+3	-2,045208E-2	4,103125E+3	1,334277E+0	4,103125E+3	1,389942E-2
4,104687E+3	1,490137E+0	4,104687E+3	1,042212E-2	4,104687E+3	1,435877E+0	4,104687E+3	1,678389E-2	4,104687E+3	1,440995E+0	4,104687E+3	-1,585388E-2	4,104687E+3	1,320652E+0	4,104687E+3	1,954087E-2
4,106250E+3	1,488825E+0	4,106250E+3	1,318907E-2	4,106250E+3	1,427862E+0	4,106250E+3	2,056079E-2	4,106250E+3	1,437633E+0	4,106250E+3	-1,127015E-2	4,106250E+3	1,307519E+0	4,106250E+3	2,483625E-2
4,107812E+3	1,486642E+0	4,107812E+3	1,613645E-2	4,107812E+3	1,390846E+0	4,107812E+3	3,679487E-2	4,107812E+3	1,433912E+0	4,107812E+3	-6,618389E-3	4,107812E+3	1,260412E+0	4,107812E+3	4,148123E-2
4,109375E+3	1,484547E+0	4,109375E+3	1,897100E-2	4,109375E+3	1,355187E+0	4,109375E+3	5,115960E-2	4,109375E+3	1,430342E+0	4,109375E+3	-1,976666E-3	4,109375E+3	1,216851E+0	4,109375E+3	5,490375E-2
4,110937E+3	1,482069E+0	4,110937E+3	2,174857E-2	4,110937E+3	1,350192E+0	4,110937E+3	5,205749E-2	4,110937E+3	1,425969E+0	4,110937E+3	2,673993E-3	4,110937E+3	1,221627E+0	4,110937E+3	7,056818E-3
4,112500E+3	1,479653E+0	4,112500E+3	2,442470E-2	4,112500E+3	1,345443E+0	4,112500E+3	5,298195E-2	4,112500E+3	1,421779E+0	4,112500E+3	7,296909E-3	4,112500E+3	1,297545E+0	4,112500E+3	2,284400E-2
4,114062E+3	1,463704E+0	4,114062E+3	3,287750E-2	4,114062E+3	1,345902E+0	4,114062E+3	4,136093E-2	4,114062E+3	1,402564E+0	4,114062E+3	3,642291E-4	4,114062E+3	1,296738E+0	4,114062E+3	2,263429E-2
4,115625E+3	1,431088E+0	4,115625E+3	8,752514E-3	4,115625E+3	1,374919E+0	4,115625E+3	3,321054E-2	4,115625E+3	1,412945E+0	4,115625E+3	-2,868382E-2	4,115625E+3	1,296694E+0	4,115625E+3	2,257846E-2
4,117187E+3	1,425939E+0	4,117187E+3	1,031003E-2	4,117187E+3	1,373375E+0	4,117187E+3	3,256362E-2	4,117187E+3	1,408942E+0	4,117187E+3	-2,820997E-2	4,117187E+3	1,297938E+0	4,117187E+3	2,170019E-2
4,118750E+3	1,420662E+0	4,118750E+3	1,156893E-2	4,118750E+3	1,372732E+0	4,118750E+3	3,201960E-2	4,118750E+3	1,406065E+0	4,118750E+3	-2,855946E-2	4,118750E+3	1,300417E+0	4,118750E+3	2,105716E-2
4,120312E+3	1,414834E+0	4,120312E+3	1,289058E-2	4,120312E+3	1,372133E+0	4,120312E+3	3,100981E-2	4,120312E+3	1,402032E+0	4,120312E+3	-2,733727E-2	4,120312E+3	1,303187E+0	4,120312E+3	1,970488E-2
4,121875E+3	1,408811E+0	4,121875E+3	1,384778E-2	4,121875E+3	1,372564E+0	4,121875E+3	3,006520E-2	4,121875E+3	1,398867E+0	4,121875E+3	-2,677121E-2	4,121875E+3	1,307557E+0	4,121875E+3	1,858287E-2
4,123437E+3	1,402631E+0	4,123437E+3	1,489151E-2	4,123437E+3	1,373231E+0	4,123437E+3	2,831876E-2	4,123437E+3	1,394844E+0	4,123437E+3	-2,555704E-2	4,123437E+3	1,311792E+0	4,123437E+3	1,688352E-2
4,125000E+3	1,396300E+0	4,125000E+3	1,564007E-2	4,125000E+3	1,375160E+0	4,125000E+3	2,656126E-2	4,125000E+3	1,391654E+0	4,125000E+3	-2,500209E-2	4,125000E+3	1,317782E+0	4,125000E+3	1,535825E-2
4,126562E+3	1,389948E+0	4,126562E+3	1,642729E-2	4,126562E+3	1,377532E+0	4,126562E+3	2,444476E-2	4,126562E+3	1,387759E+0	4,126562E+3	-2,407866E-2	4,126562E+3	1,323144E+0	4,126562E+3	1,271622E-2
4,128125E+3	1,383522E+0	4,128125E+3	1,690013E-2	4,128125E+3	1,381284E+0	4,128125E+3	2,227941E-2	4,128125E+3	1,384792E+0	4,128125E+3	-2,386623E-2	4,128125E+3	1,330485E+0	4,128125E+3	1,014969E-2
4,129687E+3	1,377181E+0	4,129687E+3	1,784971E-2	4,129687E+3	1,383320E+0	4,129687E+3	2,040616E-2	4,129687E+3	1,380861E+0	4,129687E+3	-2,273128E-2	4,129687E+3	1,240969E+0	4,129687E+3	4,499977E-2
4,131250E+3	1,370899E+0	4,131250E+3	1,853276E-2	4,131250E+3	1,386371E+0	4,131250E+3	1,852211E-2	4,131250E+3	1,377789E+0	4,131250E+3	-2,220756E-2	4,131250E+3	1,172078E+0	4,131250E+3	6,288406E-2
4,132812E+3	1,364626E+0	4,132812E+3	1,982901E-2	4,132812E+3	1,264196E+0	4,132812E+3	6,394194E-2	4,132812E+3	1,373126E+0	4,132812E+3	-2,031182E-2	4,132812E+3	1,182695E+0	4,132812E+3	6,092273E-2
4,134375E+3	1,358496E+0	4,134375E+3	2,093528E-2	4,134375E+3	1,164890E+0	4,134375E+3	9,056703E-2	4,134375E+3	1,369169E+0	4,134375E+3	-1,891334E-2	4,134375E+3	1,194755E+0	4,134375E+3	5,902265E-2
4,135937E+3	1,351807E+0	4,135937E+3	2,255717E-2	4,135937E+3	1,169917E+0	4,135937E+3	8,978147E-2	4,135937E+3	1,363292E+0	4,135937E+3	-1,620105E-2	4,135937E+3	1,203959E+0	4,135937E+3	5,755035E-2
4,137500E+3	1,345292E+0	4,137500E+3	2,401655E-2	4,137500E+3	1,175473E+0	4,137500E+3	8,900233E-2	4,137500E+3	1,358011E+0	4,137500E+3	-1,394647E-2	4,137500E+3	1,214181E+0	4,137500E+3	5,611919E-2
4,139062E+3	1,337227E+0	4,139062E+3	2,613685E-2	4,139062E+3	1,180437E+0	4,139062E+3	8,783404E-2	4,139062E+3	1,350992E+0	4,139062E+3	-1,087475E-2	4,139062E+3	1,222667E+0	4,139062E+3	5,480268E-2
4,140625E+3	1,329377E+0	4,140625E+3	2,804368E-2	4,140625E+3	1,185888E+0	4,140625E+3	8,666623E-2	4,140625E+3	1,344547E+0	4,140625E+3	-8,286779E-3	4,140625E+3	1,231988E+0	4,140625E+3	5,351240E-2
4,142187E+3	1,320754E+0	4,142187E+3	2,983453E-2	4,142187E+3	1,192247E+0	4,142187E+3	8,529399E-2	4,142187E+3	1,338218E+0	4,142187E+3	-5,693176E-3	4,142187E+3	1,240432E+0	4,142187E+3	5,173592E-2
4,143750E+3	1,312428E+0	4,143750E+3	3,138240E-2	4,143750E+3	1,199166E+0	4,143750E+3	8,389934E-2	4,143750E+3	1,332631E+0	4,143750E+3	-3,655064E-3	4,143750E+3	1,249754E+0	4,143750E+3	4,997550E-2
4,145312E+3	1,276282E+0	4,145312E+3	4,430410E-2	4,145312E+3	1,205947E+0	4,145312E+3	8,228611E-2	4,145312E+3	1,327144E+0	4,145312E+3	-1,516501E-3	4,145312E+3	1,260937E+0	4,145312E+3	4,752290E-2
4,146875E+3	1,242177E+0	4,146875E+3	5,536586E-2	4,146875E+3	1,213383E+0	4,146875E+3	8,066645E-2	4,146875E+3	1,322640E+0	4,146875E+3	-4,967152E-5	4,146875E+3	1,273302E+0	4,146875E+3	4,506589E-2
4,148437E+3	1,239720E+0	4,148437E+3	5,479777E-2	4,148437E+3	1,220018E+0	4,148437E+3	7,925096E-2	4,148437E+3	1,315051E+0	4,148437E+3	2,580230E-3	4,148437E+3	1,253378E+0	4,148437E+3	2,374767E-2
4,150000E+3	1,237470E+0	4,150000E+3	5,416970E-2	4,150000E+3	1,227205E+0	4,150000E+3	7,781799E-2	4,150000E+3	1,308376E+0	4,150000E+3	4,495629E-3	4,150000E+3	1,239353E+0	4,150000E+3	6,092269E-3
4,151562E+3	1,235125E+0	4,151562E+3	5,403260E-2	4,151562E+3	1,233188E+0	4,151562E+3	7,604447E-2	4,151562E+3	1,304760E+0	4,151562E+3	4,643943E-3	4,151562E+3	1,249862E+0	4,151562E+3	4,403504E-3
4,153125E+3	1,232962E+0	4,153125E+3	5,385228E-2	4,153125E+3	1,239732E+0	4,153125E+3	7,425123E-2	4,153125E+3	1,301723E+0	4,153125E+3	4,427913E-3	4,153125E+3	1,261229E+0	4,153125E+3	2,714622E-3
4,154687E+3	1,231171E+0	4,154687E+3	5,336036E-2	4,154687E+3	1,247401E+0	4,154687E+3	7,198599E-2	4,154687E+3	1,300404E+0	4,154687E+3	3,699131E-3	4,154687E+3	1,270874E+0	4,154687E+3	6,250074E-4
4,156250E+3	1,229579E+0	4,156250E+3	5,281981E-2	4,156250E+3	1,255764E+0	4,156250E+3	6,968240E-2	4,156250E+3	1,299562E+0	4,156250E+3	2,721471E-3	4,156250E+3	1,281298E+0	4,156250E+3	-1,505307E-3
4,157812E+3	1,229094E+0	4,157812E+3	5,149462E-2	4,157812E+3	1,188001E+0	4,157812E+3	6,471571E-2	4,157812E+3	1,239865E+0	4,157812E+3	3,137170E-2	4,157812E+3	1,291788E+0	4,157812E+3	-4,037480E-3
4,159375E+3	1,228856E+0	4,159375E+3	5,010326E-2	4,159375E+3	1,138576E+0	4,159375E+3	5,800157E-2	4,159375E+3	1,189013E+0	4,159375E+3	4,976881E-2	4,159375E+3	1,303181E+0	4,159375E+3	-6,639721E-3
4,160937E+3	1,129809E+0	4,160937E+3	8,159134E-2	4,160937E+3	1,145635E+0	4,160937E+3	5,479570E-2	4,160937E+3	1,196088E+0	4,160937E+3	4,657079E-2	4,160937E+3	1,313252E+0	4,160937E+3	-8,980037E-3
4,162500E+3	1,047633E+0	4,162500E+3	1,023255E-1	4,162500E+3	1,153213E+0	4,162500E+3	5,162306E-2	4,162500E+3	1,203565E+0	4,162500E+3	4,330065E-2	4,162500E+3	1,324361E+0	4,162500E+3	-1,140335E-2
4,164062E+3	1,050986E+0	4,164062E+3	1,010049E-1	4,164062E+3	1,159331E+0	4,164062E+3	4,856694E-2	4,164062E+3	1,209932E+0	4,164062E+3	4,038275E-2	4,164062E+3	1,331962E+0	4,164062E+3	-1,258873E-2
4,165625E+3	1,054412E+0	4,165625E+3	9,964278E-2	4,165625E+3	1,165903E+0	4,165625E+3	4,552426E-2	4,165625E+3	1,216624E+0	4,165625E+3	3,740023E-2	4,165625E+3	1,340604E+0	4,165625E+3	-1,389263E-2
4,167187E+3	1,057841E+0	4,167187E+3	9,821148E-2	4,167187E+3	1,173147E+0	4,167187E+3	4,258069E-2	4,167187E+3	1,221855E+0	4,167187E+3	3,502575E-2	4,167187E+3	1,344734E+0	4,167187E+3	-1,442892E-2
4,168750E+3	1,061342E+0	4,168750E+3	9,675049E-2	4,168750E+3	1,180816E+0	4,168750E+3	3,961342E-2	4,168750E+3	1,227357E+0	4,168750E+3	3,260366E-2	4,168750E+3	1,349909E+0	4,168750E+3	-1,519761E-2
4,170312E+3	1,065152E+0	4,170312E+3	9,513739E-2	4,170312E+3	1,222830E+0	4,170312E+3	3,725149E-2	4,170312E+3	1,232847E+0	4,170312E+3	3,050083E-2	4,170312E+3	1,354295E+0	4,170312E+3	-1,572440E-2
4,171875E+3	1,069055E+0	4,171875E+3	9,349828E-2	4,171875E+3	1,271648E+0	4,171875E+3	3,573467E-2	4,171875E+3	1,238640E+0	4,171875E+3	2,835827E-2	4,171875E+3	1,359813E+0	4,171875E+3	-1,657189E-2
4,173437E+3	1,090379E+0	4,173437E+3	9,179994E-2	4,173437E+3	1,284054E+0	4,173437E+3	3,364321E-2	4,173437E+3	1,243140E+0	4,173437E+3	2,634702E-2	4,173437E+3	1,364697E+0	4,173437E+3	-1,733953E-2
4,175000E+3	1,114976E+0	4,175000E+3	9,055171E-2	4,175000E+3	1,297015E+0	4,175000E+3	3,160040E-2	4,175000E+3	1,247911E+0	4,175000E+3	2,430078E-2	4,175000E+3	1,370913E+0	4,175000E+3	-1,855634E-2
4,176562E+3	1,121110E+0	4,176562E+3	8,808126E-2	4,176562E+3	1,309712E+0	4,176562E+3	2,998506E-2	4,176562E+3	1,180386E+0	4,176562E+3	3,757277E-2	4,176562E+3	1,420401E+0	4,176562E+3	-1,979863E-2
4,178125E+3	1,127358E+0	4,178125E+3	8,562759E-2	4,178125E+3	1,322888E+0	4,178125E+3	2,840415E-2	4,178125E+3	1,140420E+0	4,178125E+3	3,697674E-2	4,178125E+3	1,479232E+0	4,178125E+3	-2,037119E-2
4,179687E+3	1,133628E+0	4,179687E+3	8,299726E-2	4,179687E+3	1,332670E+0	4,179687E+3	2,670709E-2	4,179687E+3	1,146346E+0	4,179687E+3	3,379040E-2	4,179687E+3	1,479980E+0	4,179687E+3	-1,916251E-2
4,181250E+3	1,140042E+0	4,181250E+3	8,039729E-2	4,181250E+3	1,342877E+0	4,181250E+3	2,500274E-2	4,181250E+3	1,152739E+0	4,181250E+3	3,052247E-2	4,181250E+3	1,482537E+0	4,181250E+3	-1,897436E-2
4,182812E+3	1,148144E+0	4,182812E+3	7,821778E-2	4,182812E+3	1,350883E+0	4,182812E+3	2,361268E-2	4,182812E+3	1,160599E+0	4,182812E+3	2,717415E-2	4,182812E+3	1,481916E+0	4,182812E+3	-1,647952E-2
4,184375E+3	1,156424E+0	4,184375E+3	7,607504E-2	4,184375E+3	1,359431E+0	4,184375E+3	2,216866E-2	4,184375E+3	1,169014E+0	4,184375E+3	2,372564E-2	4,184375E+3	1,483827E+0	4,184375E+3	-1,573004E-2
4,185937E+3	1,024809E+0	4,185937E+3	1,236039E-1	4,185937E+3	1,364094E+0	4,185937E+3	2,097196E-2	4,185937E+3	1,177912E+0	4,185937E+3	2,073830E-2	4,185937E+3	1,483293E+0	4,185937E+3	-1,243281E-2
4,187500E+3	9,318505E-1	4,187500E+3	1,404002E-1	4,187500E+3	1,369693E+0	4,187500E+3	1,957533E-2	4,187500E+3	1,187363E+0	4,187500E+3	1,763111E-2	4,187500E+3	1,485857E+0	4,187500E+3	-1,196404E-2
4,189062E+3	9,402246E-1	4,189062E+3	1,314633E-1	4,189062E+3	1,369856E+0	4,189062E+3	1,909410E-2	4,189062E+3	1,193839E+0	4,189062E+3	1,555446E-2	4,189062E+3	1,487049E+0	4,189062E+3	-8,169710E-3
4,190625E+3	9,491259E-1	4,190625E+3	1,229112E-1	4,190625E+3	1,371603E+0	4,190625E+3	1,808996E-2	4,190625E+3	1,200858E+0	4,190625E+3	1,328594E-2	4,190625E+3	1,491627E+0	4,190625E+3	-8,891815E-3
4,192187E+3	9,577223E-1	4,192187E+3	1,146960E-1	4,192187E+3	1,374589E+0	4,192187E+3	1,803699E-2	4,192187E+3	1,205234E+0	4,192187E+3	1,185429E-2	4,192187E+3	1,487067E+0	4,192187E+3	-4,443338E-3
4,193750E+3	9,667936E-1	4,193750E+3	1,068170E-1	4,193750E+3	1,379357E+0	4,193750E+3	1,719999E-2	4,193750E+3	1,210318E+0	4,193750E+3	1,005714E-2	4,193750E+3	1,485091E+0	4,193750E+3	-6,975743E-3
4,195312E+3	9,761090E-1	4,195312E+3	1,004196E-1	4,195312E+3	1,384654E+0	4,195312E+3	1,698123E-2	4,195312E+3	1,212972E+0	4,195312E+3	8,951854E-3	4,195312E+3	1,474081E+0	4,195312E+3	-1,342171E-4
4,196875E+3	9,858609E-1	4,196875E+3	9,421007E-2	4,196875E+3	1,391815E+0	4,196875E+3	1,573394E-2	4,196875E+3	1,216509E+0	4,196875E+3	7,189318E-3	4,196875E+3	1,463311E+0	4,196875E+3	-4,274793E-3
4,198437E+3	9,951479E-1	4,198437E+3	8,850333E-2	4,198437E+3	1,396680E+0	4,198437E+3	1,543070E-2	4,198437E+3	1,218870E+0	4,198437E+3	6,206169E-3	4,198437E+3	1,447648E+0	4,198437E+3	5,272345E-3
4,200000E+3	1,004827E+0	4,200000E+3	8,292332E-2	4,200000E+3	1,403390E+0	4,200000E+3	1,380854E-2	4,200000E+3	1,222246E+0	4,200000E+3	4,230137E-3	4,200000E+3	1,425492E+0	4,200000E+3	-3,181305E-4
4,201562E+3	1,013956E+0	4,201562E+3	7,857229E-2	4,201562E+3	1,406785E+0	4,201562E+3	1,409281E-2	4,201562E+3	1,224226E+0	4,201562E+3	4,048870E-3	4,201562E+3	1,398154E+0	4,201562E+3	1,696616E-2
4,203125E+3	1,023402E+0	4,203125E+3	7,426948E-2	4,203125E+3	1,412108E+0	4,203125E+3	1,264129E-2	4,203125E+3	1,227163E+0	4,203125E+3	2,646318E-3	4,203125E+3	1,337688E+0	4,203125E+3	8,492058E-3
4,204687E+3	1,033749E+0	4,204687E+3	7,066076E-2	4,204687E+3	1,416778E+0	4,204687E+3	1,317644E-2	4,204687E+3	1,230026E+0	4,204687E+3	3,006739E-3	4,204687E+3	1,341770E+0	4,204687E+3	1,130815E-2
4,206250E+3	1,044402E+0	4,206250E+3	6,706510E-2	4,206250E+3	1,423699E+0	4,206250E+3	1,114974E-2	4,206250E+3	1,233812E+0	4,206250E+3	1,908072E-3	4,206250E+3	1,336669E+0	4,206250E+3	1,084910E-2
4,207812E+3	1,057918E+0	4,207812E+3	6,399434E-2	4,207812E+3	1,423988E+0	4,207812E+3	1,306854E-2	4,207812E+3	1,238868E+0	4,207812E+3	2,697318E-3	4,207812E+3	1,346417E+0	4,207812E+3	1,167886E-2
4,209375E+3	1,071718E+0	4,209375E+3	6,084875E-2	4,209375E+3	1,426881E+0	4,209375E+3	1,053268E-2	4,209375E+3	1,244720E+0	4,209375E+3	1,831588E-3	4,209375E+3	1,354069E+0	4,209375E+3	1,216828E-2
4,210937E+3	1,084669E+0	4,210937E+3	5,806462E-2	4,210937E+3	1,365799E+0	4,210937E+3	9,748603E-2	4,210937E+3	1,248263E+0	4,210937E+3	2,995134E-3	4,210937E+3	1,358712E+0	4,210937E+3	1,351060E-2
4,212500E+3	1,097787E+0	4,212500E+3	5,515654E-2	4,212500E+3	1,254873E+0	4,212500E+3	3,238860E-2	4,212500E+3	1,252427E+0	4,212500E+3	2,160534E-3	4,212500E+3	1,362018E+0	4,212500E+3	1,472574E-2
4,214062E+3	1,108666E+0	4,214062E+3	5,292040E-2	4,214062E+3	1,247336E+0	4,214062E+3	3,762443E-2	4,214062E+3	1,252922E+0	4,214062E+3	3,960571E-3	4,214062E+3	1,366267E+0	4,214062E+3	1,579389E-2
4,215625E+3	1,119605E+0	4,215625E+3	5,054047E-2	4,215625E+3	1,231842E+0	4,215625E+3	3,846876E-2	4,215625E+3	1,253855E+0	4,215625E+3	3,202987E-3	4,215625E+3	1,369430E+0	4,215625E+3	1,683847E-2
4,217187E+3	1,130747E+0	4,217187E+3	4,886118E-2	4,217187E+3	1,236382E+0	4,217187E+3	3,910945E-2	4,217187E+3	1,251819E+0	4,217187E+3	5,796159E-3	4,217187E+3	1,303266E+0	4,217187E+3	3,103198E-2
4,218750E+3	1,141899E+0	4,218750E+3	4,701844E-2	4,218750E+3	1,238806E+0	4,218750E+3	3,893129E-2	4,218750E+3	1,249871E+0	4,218750E+3	5,138869E-3	4,218750E+3	1,192102E+0	4,218750E+3	3,882170E-2
4,220312E+3	1,153592E+0	4,220312E+3	4,611594E-2	4,220312E+3	1,246921E+0	4,220312E+3	3,899144E-2	4,220312E+3	1,246084E+0	4,220312E+3	8,735746E-3	4,220312E+3	1,195743E+0	4,220312E+3	3,912714E-2
4,221875E+3	1,165217E+0	4,221875E+3	4,499040E-2	4,221875E+3	1,253523E+0	4,221875E+3	3,868386E-2	4,221875E+3	1,241683E+0	4,221875E+3	8,118753E-3	4,221875E+3	1,198367E+0	4,221875E+3	3,942647E-2
4,223437E+3	1,177618E+0	4,223437E+3	4,381421E-2	4,223437E+3	1,264806E+0	4,223437E+3	3,833172E-2	4,223437E+3	1,235649E+0	4,223437E+3	1,297676E-2	4,223437E+3	1,202867E+0	4,223437E+3	4,004115E-2
4,225000E+3	1,189992E+0	4,225000E+3	4,240402E-2	4,225000E+3	1,274779E+0	4,225000E+3	3,779426E-2	4,225000E+3	1,227506E+0	4,225000E+3	1,204390E-2	4,225000E+3	1,206355E+0	4,225000E+3	4,068137E-2
4,226562E+3	1,206583E+0	4,226562E+3	4,199528E-2	4,226562E+3	1,291781E+0	4,226562E+3	3,761710E-2	4,226562E+3	1,220751E+0	4,226562E+3	1,750613E-2	4,226562E+3	1,187714E+0	4,226562E+3	4,442418E-2
4,228125E+3	1,223110E+0	4,228125E+3	4,121537E-2	4,228125E+3	1,307675E+0	4,228125E+3	3,749947E-2	4,228125E+3	1,209621E+0	4,228125E+3	1,658716E-2	4,228125E+3	1,163781E+0	4,228125E+3	4,780192E-2
4,229687E+3	1,241995E+0	4,229687E+3	4,030621E-2	4,229687E+3	1,213820E+0	4,229687E+3	7,296639E-2	4,229687E+3	1,199603E+0	4,229687E+3	2,371800E-2	4,229687E+3	1,141754E+0	4,229687E+3	5,179244E-2
4,231250E+3	1,260944E+0	4,231250E+3	3,889887E-2	4,231250E+3	9,548418E-1	4,231250E+3	9,166090E-2	4,231250E+3	1,181145E+0	4,231250E+3	2,350976E-2	4,231250E+3	1,114331E+0	4,231250E+3	5,553246E-2
4,232812E+3	1,078633E+0	4,232812E+3	2,574620E-1	4,232812E+3	9,760985E-1	4,232812E+3	9,070248E-2	4,232812E+3	1,153510E+0	4,232812E+3	3,739654E-2	4,232812E+3	1,111635E+0	4,232812E+3	5,705118E-2
4,234375E+3	9,346135E-1	4,234375E+3	7,053495E-2	4,234375E+3	9,963061E-1	4,234375E+3	8,986812E-2	4,234375E+3	1,103939E+0	4,234375E+3	4,007671E-2	4,234375E+3	1,107573E+0	4,234375E+3	5,856632E-2
4,235937E+3	9,568039E-1	4,235937E+3	6,828345E-2	4,235937E+3	1,008330E+0	4,235937E+3	8,918453E-2	4,235937E+3	1,092989E+0	4,235937E+3	4,505866E-2	4,235937E+3	1,112787E+0	4,235937E+3	6,012749E-2
4,237500E+3	9,774031E-1	4,237500E+3	6,535817E-2	4,237500E+3	1,019277E+0	4,237500E+3	8,859025E-2	4,237500E+3	1,075376E+0	4,237500E+3	4,795308E-2	4,237500E+3	1,116567E+0	4,237500E+3	6,178909E-2
4,239062E+3	9,897795E-1	4,239062E+3	6,438261E-2	4,239062E+3	1,020997E+0	4,239062E+3	8,722467E-2	4,239062E+3	1,077339E+0	4,239062E+3	4,876888E-2	4,239062E+3	1,132817E+0	4,239062E+3	6,508550E-2
4,240625E+3	1,000323E+0	4,240625E+3	6,281124E-2	4,240625E+3	1,022172E+0	4,240625E+3	8,592149E-2	4,240625E+3	1,077311E+0	4,240625E+3	4,919713E-2	4,240625E+3	1,146485E+0	4,240625E+3	6,865631E-2
4,242187E+3	1,001561E+0	4,242187E+3	6,221468E-2	4,242187E+3	1,023148E+0	4,242187E+3	8,417599E-2	4,242187E+3	1,082488E+0	4,242187E+3	4,917704E-2	4,242187E+3	1,106714E+0	4,242187E+3	7,189622E-2
4,243750E+3	1,001462E+0	4,243750E+3	6,113413E-2	4,243750E+3	1,023769E+0	4,243750E+3	8,252004E-2	4,243750E+3	1,086270E+0	4,243750E+3	4,901617E-2	4,243750E+3	1,063898E+0	4,243750E+3	7,476437E-2
4,245312E+3	1,001362E+0	4,245312E+3	6,092010E-2	4,245312E+3	1,025895E+0	4,245312E+3	8,085339E-2	4,245312E+3	1,094162E+0	4,245312E+3	4,877666E-2	4,245312E+3	1,036868E+0	4,245312E+3	7,629669E-2
4,246875E+3	1,000145E+0	4,246875E+3	6,035277E-2	4,246875E+3	1,027691E+0	4,246875E+3	7,928005E-2	4,246875E+3	1,100862E+0	4,246875E+3	4,853035E-2	4,246875E+3	1,008663E+0	4,246875E+3	7,762101E-2
4,248437E+3	9,994900E-1	4,248437E+3	6,010047E-2	4,248437E+3	9,669058E-1	4,248437E+3	8,821243E-2	4,248437E+3	1,109599E+0	4,248437E+3	4,815259E-2	4,248437E+3	9,885572E-1	4,248437E+3	7,849964E-2
4,250000E+3	9,978953E-1	4,250000E+3	5,959952E-2	4,250000E+3	8,935117E-1	4,250000E+3	9,736514E-2	4,250000E+3	1,117116E+0	4,250000E+3	4,779479E-2	4,250000E+3	9,677585E-1	4,250000E+3	7,923635E-2
4,251562E+3	9,981122E-1	4,251562E+3	6,011842E-2	4,251562E+3	8,195098E-1	4,251562E+3	1,079461E-1	4,251562E+3	1,121075E+0	4,251562E+3	4,773541E-2	4,251562E+3	9,511988E-1	4,251562E+3	7,986571E-2
4,253125E+3	9,974586E-1	4,253125E+3	6,051095E-2	4,253125E+3	7,279689E-1	4,253125E+3	1,202360E-1	4,253125E+3	1,123671E+0	4,253125E+3	4,756782E-2	4,253125E+3	9,340845E-1	4,253125E+3	8,038237E-2
4,254687E+3	9,968765E-1	4,254687E+3	6,070774E-2	4,254687E+3	7,233888E-1	4,254687E+3	1,196433E-1	4,254687E+3	1,111594E+0	4,254687E+3	4,944021E-2	4,254687E+3	9,201372E-1	4,254687E+3	8,080269E-2
4,256250E+3	9,954708E-1	4,256250E+3	6,075196E-2	4,256250E+3	7,181272E-1	4,256250E+3	1,190673E-1	4,256250E+3	1,097723E+0	4,256250E+3	5,078027E-2	4,256250E+3	9,057028E-1	4,256250E+3	8,112432E-2
4,257812E+3	9,949118E-1	4,257812E+3	6,092883E-2	4,257812E+3	7,604899E-1	4,257812E+3	1,258493E-1	4,257812E+3	1,004501E+0	4,257812E+3	7,099402E-2	4,257812E+3	8,395868E-1	4,257812E+3	7,889683E-2
4,259375E+3	9,934699E-1	4,259375E+3	6,089785E-2	4,259375E+3	8,019285E-1	4,259375E+3	1,331012E-1	4,259375E+3	8,733766E-1	4,259375E+3	8,890506E-2	4,259375E+3	7,631063E-1	4,259375E+3	7,468846E-2
4,260937E+3	1,088966E+0	4,260937E+3	5,624940E-2	4,260937E+3	9,392944E-1	4,260937E+3	1,587148E-1	4,260937E+3	1,060382E+0	4,260937E+3	9,680974E-2	4,260937E+3	7,497012E-1	4,260937E+3	7,444368E-2
4,262500E+3	1,188970E+0	4,262500E+3	5,355517E-2	4,262500E+3	1,087436E+0	4,262500E+3	1,911990E-1	4,262500E+3	1,278745E+0	4,262500E+3	1,133695E-1	4,262500E+3	7,355542E-1	4,262500E+3	7,408175E-2
4,264062E+3	1,307086E+0	4,264062E+3	4,642899E-2	4,264062E+3	1,076382E+0	4,264062E+3	2,660041E-1	4,264062E+3	1,270432E+0	4,264062E+3	1,107942E-1	4,264062E+3	8,335426E-1	4,264062E+3	1,294314E-1
4,265625E+3	1,151883E+0	4,265625E+3	7,130914E-2	4,265625E+3	1,046822E+0	4,265625E+3	3,331525E-1	4,265625E+3	1,259982E+0	4,265625E+3	1,091518E-1	4,265625E+3	9,249128E-1	4,265625E+3	1,923719E-1
4,267187E+3	1,102605E+0	4,267187E+3	1,754870E-1	4,267187E+3	9,959677E-1	4,267187E+3	3,285669E-1	4,267187E+3	1,239994E+0	4,267187E+3	1,104517E-1	4,267187E+3	1,018235E+0	4,267187E+3	2,654581E-1
4,268750E+3	9,685083E-1	4,268750E+3	2,870077E-1	4,268750E+3	9,448793E-1	4,268750E+3	3,256637E-1	4,268750E+3	1,218534E+0	4,268750E+3	1,121731E-1	4,268750E+3	1,086793E+0	4,268750E+3	3,561505E-1
4,270312E+3	9,383462E-1	4,270312E+3	2,787007E-1	4,270312E+3	9,109037E-1	4,270312E+3	3,188209E-1	4,270312E+3	1,180227E+0	4,270312E+3	1,195163E-1	4,270312E+3	9,881978E-1	4,270312E+3	3,559810E-1
4,271875E+3	9,091880E-1	4,271875E+3	2,710267E-1	4,271875E+3	8,773229E-1	4,271875E+3	3,130357E-1	4,271875E+3	1,140020E+0	4,271875E+3	1,270622E-1	4,271875E+3	9,035475E-1	4,271875E+3	3,529936E-1
4,273437E+3	8,955569E-1	4,273437E+3	2,611847E-1	4,273437E+3	7,365981E-1	4,273437E+3	3,303359E-1	4,273437E+3	1,104634E+0	4,273437E+3	1,321032E-1	4,273437E+3	8,384671E-1	4,273437E+3	3,533661E-1
4,275000E+3	8,821724E-1	4,275000E+3	2,520392E-1	4,275000E+3	5,739182E-1	4,275000E+3	3,668198E-1	4,275000E+3	1,068101E+0	4,275000E+3	1,372578E-1	4,275000E+3	7,790021E-1	4,275000E+3	3,533894E-1
4,276562E+3	8,722444E-1	4,276562E+3	2,433258E-1	4,276562E+3	5,380226E-1	4,276562E+3	3,742649E-1	4,276562E+3	1,048572E+0	4,276562E+3	1,685339E-1	4,276562E+3	7,365984E-1	4,276562E+3	3,540290E-1
4,278125E+3	8,622544E-1	4,278125E+3	2,351500E-1	4,278125E+3	5,022257E-1	4,278125E+3	3,834222E-1	4,278125E+3	1,024978E+0	4,278125E+3	1,948720E-1	4,278125E+3	6,966534E-1	4,278125E+3	3,546269E-1
4,279687E+3	8,513280E-1	4,279687E+3	2,293151E-1	4,279687E+3	4,603904E-1	4,279687E+3	4,039349E-1	4,279687E+3	1,002756E+0	4,279687E+3	1,983314E-1	4,279687E+3	6,721288E-1	4,279687E+3	3,477832E-1
4,281250E+3	8,401694E-1	4,281250E+3	2,237757E-1	4,281250E+3	4,199801E-1	4,281250E+3	4,272760E-1	4,281250E+3	9,793978E-1	4,281250E+3	2,011128E-1	4,281250E+3	6,490548E-1	4,281250E+3	3,411032E-1
4,282812E+3	7,840958E-1	4,282812E+3	2,309196E-1	4,282812E+3	3,839119E-1	4,282812E+3	4,537704E-1	4,282812E+3	9,592400E-1	4,282812E+3	2,014562E-1	4,282812E+3	6,311352E-1	4,282812E+3	3,326059E-1
4,284375E+3	7,246700E-1	4,284375E+3	2,391132E-1	4,284375E+3	3,503836E-1	4,284375E+3	4,820605E-1	4,284375E+3	9,384247E-1	4,284375E+3	2,015528E-1	4,284375E+3	6,142381E-1	4,284375E+3	3,241294E-1
4,285937E+3	8,530812E-1	4,285937E+3	3,118105E-1	4,285937E+3	4,006987E-1	4,285937E+3	7,021422E-1	4,285937E+3	8,234967E-1	4,285937E+3	2,094110E-1	4,285937E+3	5,958916E-1	4,285937E+3	3,198278E-1
4,287500E+3	9,028487E-1	4,287500E+3	4,072135E-1	4,287500E+3	3,973060E-1	4,287500E+3	8,422202E-1	4,287500E+3	6,870164E-1	4,287500E+3	2,213881E-1	4,287500E+3	5,781160E-1	4,287500E+3	3,152032E-1
4,289062E+3	8,716841E-1	4,289062E+3	4,199491E-1	4,289062E+3	3,874159E-1	4,289062E+3	8,396064E-1	4,289062E+3	6,498841E-1	4,289062E+3	2,285153E-1	4,289062E+3	5,551639E-1	4,289062E+3	3,174474E-1
4,290625E+3	8,330695E-1	4,290625E+3	4,290563E-1	4,290625E+3	3,752515E-1	4,290625E+3	8,315702E-1	4,290625E+3	6,114525E-1	4,290625E+3	2,366342E-1	4,290625E+3	5,323572E-1	4,290625E+3	3,193818E-1
4,292187E+3	8,105076E-1	4,292187E+3	4,353212E-1	4,292187E+3	3,712370E-1	4,292187E+3	8,305852E-1	4,292187E+3	5,828345E-1	4,292187E+3	2,432986E-1	4,292187E+3	5,119262E-1	4,292187E+3	3,214135E-1
4,293750E+3	7,798985E-1	4,293750E+3	4,407573E-1	4,293750E+3	3,624550E-1	4,293750E+3	8,245137E-1	4,293750E+3	5,535993E-1	4,293750E+3	2,506373E-1	4,293750E+3	4,916199E-1	4,293750E+3	3,229702E-1
4,295312E+3	7,487962E-1	4,295312E+3	4,446037E-1	4,295312E+3	3,574938E-1	4,295312E+3	8,259386E-1	4,295312E+3	5,387429E-1	4,295312E+3	2,492565E-1	4,295312E+3	4,792844E-1	4,295312E+3	3,196514E-1
4,296875E+3	7,111588E-1	4,296875E+3	4,502446E-1	4,296875E+3	3,476611E-1	4,296875E+3	8,246976E-1	4,296875E+3	5,236346E-1	4,296875E+3	2,479764E-1	4,296875E+3	4,670177E-1	4,296875E+3	3,156879E-1
4,298437E+3	6,682788E-1	4,298437E+3	4,545740E-1	4,298437E+3	3,404117E-1	4,298437E+3	8,223371E-1	4,298437E+3	5,118830E-1	4,298437E+3	2,440298E-1	4,298437E+3	4,577577E-1	4,298437E+3	3,110491E-1
4,300000E+3	6,228479E-1	4,300000E+3	4,621405E-1	4,300000E+3	3,302137E-1	4,300000E+3	8,194382E-1	4,300000E+3	4,999410E-1	4,300000E+3	2,401564E-1	4,300000E+3	4,485185E-1	4,300000E+3	3,057655E-1
4,301562E+3	4,670622E-1	4,301562E+3	5,461431E-1	4,301562E+3	3,234459E-1	4,301562E+3	8,082917E-1	4,301562E+3	4,864383E-1	4,301562E+3	2,370804E-1	4,301562E+3	4,375563E-1	4,301562E+3	3,041095E-1
4,303125E+3	3,366946E-1	4,303125E+3	6,624609E-1	4,303125E+3	3,150637E-1	4,303125E+3	7,975703E-1	4,303125E+3	4,727366E-1	4,303125E+3	2,340510E-1	4,303125E+3	4,266701E-1	4,303125E+3	3,017056E-1
4,304687E+3	3,230006E-1	4,304687E+3	6,577659E-1	4,304687E+3	3,093005E-1	4,304687E+3	7,807331E-1	4,304687E+3	4,564489E-1	4,304687E+3	2,337044E-1	4,304687E+3	4,177883E-1	4,304687E+3	3,002275E-1
4,306250E+3	3,087372E-1	4,306250E+3	6,541140E-1	4,306250E+3	3,026548E-1	4,306250E+3	7,646758E-1	4,306250E+3	4,399407E-1	4,306250E+3	2,334309E-1	4,306250E+3	4,088199E-1	4,306250E+3	2,980897E-1
4,307812E+3	2,924773E-1	4,307812E+3	6,604265E-1	4,307812E+3	2,960142E-1	4,307812E+3	7,511647E-1	4,307812E+3	4,453831E-1	4,307812E+3	3,629110E-1	4,307812E+3	4,026120E-1	4,307812E+3	2,933410E-1
4,309375E+3	2,764448E-1	4,309375E+3	6,669002E-1	4,309375E+3	2,888005E-1	4,309375E+3	7,381084E-1	4,309375E+3	4,133126E-1	4,309375E+3	4,365387E-1	4,309375E+3	3,962971E-1	4,309375E+3	2,879583E-1
4,310937E+3	2,655126E-1	4,310937E+3	6,677586E-1	4,310937E+3	2,817956E-1	4,310937E+3	7,263559E-1	4,310937E+3	4,025658E-1	4,310937E+3	4,350519E-1	4,310937E+3	3,923296E-1	4,310937E+3	2,817934E-1
4,312500E+3	2,545104E-1	4,312500E+3	6,688822E-1	4,312500E+3	2,743038E-1	4,312500E+3	7,148172E-1	4,312500E+3	3,911974E-1	4,312500E+3	4,327952E-1	4,312500E+3	3,883108E-1	4,312500E+3	2,750082E-1
4,314062E+3	2,460052E-1	4,314062E+3	6,632717E-1	4,314062E+3	2,683854E-1	4,314062E+3	7,046063E-1	4,314062E+3	3,817710E-1	4,314062E+3	4,308533E-1	4,314062E+3	4,000437E-1	4,314062E+3	4,908424E-1
4,315625E+3	2,372300E-1	4,315625E+3	6,580773E-1	4,315625E+3	2,618259E-1	4,315625E+3	6,943747E-1	4,315625E+3	3,716323E-1	4,315625E+3	4,282375E-1	4,315625E+3	3,095593E-1	4,315625E+3	5,447883E-1
4,317187E+3	2,304229E-1	4,317187E+3	6,469112E-1	4,317187E+3	2,572573E-1	4,317187E+3	6,863963E-1	4,317187E+3	3,611919E-1	4,317187E+3	4,278964E-1	4,317187E+3	3,062552E-1	4,317187E+3	5,369403E-1
4,318750E+3	2,233032E-1	4,318750E+3	6,363008E-1	4,318750E+3	2,515639E-1	4,318750E+3	6,781114E-1	4,318750E+3	3,501090E-1	4,318750E+3	4,269556E-1	4,318750E+3	3,011473E-1	4,318750E+3	5,287587E-1
4,320312E+3	2,173912E-1	4,320312E+3	6,256112E-1	4,320312E+3	2,491384E-1	4,320312E+3	6,673388E-1	4,320312E+3	3,398414E-1	4,320312E+3	4,265395E-1	4,320312E+3	2,981016E-1	4,320312E+3	5,171182E-1
4,321875E+3	2,110372E-1	4,321875E+3	6,153080E-1	4,321875E+3	2,449491E-1	4,321875E+3	6,564222E-1	4,321875E+3	3,290208E-1	4,321875E+3	4,256114E-1	4,321875E+3	2,937886E-1	4,321875E+3	5,053272E-1
4,323437E+3	2,056258E-1	4,323437E+3	6,067717E-1	4,323437E+3	2,442967E-1	4,323437E+3	6,420006E-1	4,323437E+3	3,236427E-1	4,323437E+3	4,181665E-1	4,323437E+3	2,924855E-1	4,323437E+3	4,884442E-1
