Sample 1_Frequency [Hz]	Sound Pressure Level at Material Surface [dB]	Sample 2_Frequency [Hz]	Sound Pressure Level at Material Surface [dB]	Sample 3_Frequency [Hz]	Sound Pressure Level at Material Surface [dB]	Sample 4_Frequency [Hz]	Sound Pressure Level at Material Surface [dB]	Sample 5_Frequency [Hz]	Sound Pressure Level at Material Surface [dB]	Sample 6_Frequency [Hz]	Sound Pressure Level at Material Surface [dB]	Sample 7_Frequency [Hz]	Sound Pressure Level at Material Surface [dB]	
3,000000E+2	7,750684E+1	3,000000E+2	7,733162E+1	3,000000E+2	8,153421E+1	3,000000E+2	8,859759E+1	3,000000E+2	9,801611E+1	3,000000E+2	1,023908E+2	3,000000E+2	1,084373E+2
3,015625E+2	7,180966E+1	3,015625E+2	7,241662E+1	3,015625E+2	8,002917E+1	3,015625E+2	8,870110E+1	3,015625E+2	9,659910E+1	3,015625E+2	1,028599E+2	3,015625E+2	1,079212E+2
3,031250E+2	6,032569E+1	3,031250E+2	6,914946E+1	3,031250E+2	7,895098E+1	3,031250E+2	8,923653E+1	3,031250E+2	9,705632E+1	3,031250E+2	1,031665E+2	3,031250E+2	1,079387E+2
3,046875E+2	5,985758E+1	3,046875E+2	6,898698E+1	3,046875E+2	7,848397E+1	3,046875E+2	8,884472E+1	3,046875E+2	9,878092E+1	3,046875E+2	1,040566E+2	3,046875E+2	1,066665E+2
3,062500E+2	5,877079E+1	3,062500E+2	6,819787E+1	3,062500E+2	7,941838E+1	3,062500E+2	8,761157E+1	3,062500E+2	9,782943E+1	3,062500E+2	1,024361E+2	3,062500E+2	1,057839E+2
3,078125E+2	5,919425E+1	3,078125E+2	6,765701E+1	3,078125E+2	7,774633E+1	3,078125E+2	8,922628E+1	3,078125E+2	9,687350E+1	3,078125E+2	1,028319E+2	3,078125E+2	1,066886E+2
3,093750E+2	5,931560E+1	3,093750E+2	6,849552E+1	3,093750E+2	7,727241E+1	3,093750E+2	8,940280E+1	3,093750E+2	9,799966E+1	3,093750E+2	1,026880E+2	3,093750E+2	1,068097E+2
3,109375E+2	5,954135E+1	3,109375E+2	6,905787E+1	3,109375E+2	7,764039E+1	3,109375E+2	8,866228E+1	3,109375E+2	9,929221E+1	3,109375E+2	1,026891E+2	3,109375E+2	1,068021E+2
3,125000E+2	5,856132E+1	3,125000E+2	6,849337E+1	3,125000E+2	7,810078E+1	3,125000E+2	8,921775E+1	3,125000E+2	9,807242E+1	3,125000E+2	1,020476E+2	3,125000E+2	1,066357E+2
3,140625E+2	5,900784E+1	3,140625E+2	6,910265E+1	3,140625E+2	7,889200E+1	3,140625E+2	8,920389E+1	3,140625E+2	9,821134E+1	3,140625E+2	1,010032E+2	3,140625E+2	1,062041E+2
3,156250E+2	5,855450E+1	3,156250E+2	6,878183E+1	3,156250E+2	7,856531E+1	3,156250E+2	8,753014E+1	3,156250E+2	9,843978E+1	3,156250E+2	1,014468E+2	3,156250E+2	1,063486E+2
3,171875E+2	5,839886E+1	3,171875E+2	6,866160E+1	3,171875E+2	7,760828E+1	3,171875E+2	8,662875E+1	3,171875E+2	9,853999E+1	3,171875E+2	1,018243E+2	3,171875E+2	1,065814E+2
3,187500E+2	5,878339E+1	3,187500E+2	6,839226E+1	3,187500E+2	7,872000E+1	3,187500E+2	8,816584E+1	3,187500E+2	9,797313E+1	3,187500E+2	1,022225E+2	3,187500E+2	1,067995E+2
3,203125E+2	5,843157E+1	3,203125E+2	6,894269E+1	3,203125E+2	7,849254E+1	3,203125E+2	8,963617E+1	3,203125E+2	9,764965E+1	3,203125E+2	1,024326E+2	3,203125E+2	1,073679E+2
3,218750E+2	5,891464E+1	3,218750E+2	6,779444E+1	3,218750E+2	7,904568E+1	3,218750E+2	8,895338E+1	3,218750E+2	9,692161E+1	3,218750E+2	1,023309E+2	3,218750E+2	1,067819E+2
3,234375E+2	5,969419E+1	3,234375E+2	6,744320E+1	3,234375E+2	7,855802E+1	3,234375E+2	8,930712E+1	3,234375E+2	9,776856E+1	3,234375E+2	1,022648E+2	3,234375E+2	1,063520E+2
3,250000E+2	5,952729E+1	3,250000E+2	6,697724E+1	3,250000E+2	7,872392E+1	3,250000E+2	8,854167E+1	3,250000E+2	9,755744E+1	3,250000E+2	1,030378E+2	3,250000E+2	1,061602E+2
3,265625E+2	5,901321E+1	3,265625E+2	6,836207E+1	3,265625E+2	7,818653E+1	3,265625E+2	8,818358E+1	3,265625E+2	9,746457E+1	3,265625E+2	1,038381E+2	3,265625E+2	1,061728E+2
3,281250E+2	5,860335E+1	3,281250E+2	6,891766E+1	3,281250E+2	7,792316E+1	3,281250E+2	8,777506E+1	3,281250E+2	9,706592E+1	3,281250E+2	1,032725E+2	3,281250E+2	1,060962E+2
3,296875E+2	5,927686E+1	3,296875E+2	6,820553E+1	3,296875E+2	7,754924E+1	3,296875E+2	8,862333E+1	3,296875E+2	9,665760E+1	3,296875E+2	1,021480E+2	3,296875E+2	1,068611E+2
3,312500E+2	5,902225E+1	3,312500E+2	6,871811E+1	3,312500E+2	7,923293E+1	3,312500E+2	8,980734E+1	3,312500E+2	9,767165E+1	3,312500E+2	1,018393E+2	3,312500E+2	1,066187E+2
3,328125E+2	5,987359E+1	3,328125E+2	6,853536E+1	3,328125E+2	7,965106E+1	3,328125E+2	8,910877E+1	3,328125E+2	9,819088E+1	3,328125E+2	1,034205E+2	3,328125E+2	1,066127E+2
3,343750E+2	5,851365E+1	3,343750E+2	6,905498E+1	3,343750E+2	7,943549E+1	3,343750E+2	8,894233E+1	3,343750E+2	9,889828E+1	3,343750E+2	1,025517E+2	3,343750E+2	1,066589E+2
3,359375E+2	5,894881E+1	3,359375E+2	6,962901E+1	3,359375E+2	7,847638E+1	3,359375E+2	8,919849E+1	3,359375E+2	9,763680E+1	3,359375E+2	1,023224E+2	3,359375E+2	1,069163E+2
3,375000E+2	5,958802E+1	3,375000E+2	6,960630E+1	3,375000E+2	7,903339E+1	3,375000E+2	8,900550E+1	3,375000E+2	9,754166E+1	3,375000E+2	1,023943E+2	3,375000E+2	1,070501E+2
3,390625E+2	5,838399E+1	3,390625E+2	6,905916E+1	3,390625E+2	7,900606E+1	3,390625E+2	8,930037E+1	3,390625E+2	9,880306E+1	3,390625E+2	1,020180E+2	3,390625E+2	1,070328E+2
3,406250E+2	5,884315E+1	3,406250E+2	6,886671E+1	3,406250E+2	7,928109E+1	3,406250E+2	8,864189E+1	3,406250E+2	9,911281E+1	3,406250E+2	1,022304E+2	3,406250E+2	1,070075E+2
3,421875E+2	6,123189E+1	3,421875E+2	6,895846E+1	3,421875E+2	7,973095E+1	3,421875E+2	8,841743E+1	3,421875E+2	9,955069E+1	3,421875E+2	1,023522E+2	3,421875E+2	1,067506E+2
3,437500E+2	6,071021E+1	3,437500E+2	6,959876E+1	3,437500E+2	7,996105E+1	3,437500E+2	8,927702E+1	3,437500E+2	9,904680E+1	3,437500E+2	1,026698E+2	3,437500E+2	1,061777E+2
3,453125E+2	6,013124E+1	3,453125E+2	7,094090E+1	3,453125E+2	8,029015E+1	3,453125E+2	8,910108E+1	3,453125E+2	9,906724E+1	3,453125E+2	1,038847E+2	3,453125E+2	1,058539E+2
3,468750E+2	5,992265E+1	3,468750E+2	7,045258E+1	3,468750E+2	7,970355E+1	3,468750E+2	8,889792E+1	3,468750E+2	9,957162E+1	3,468750E+2	1,038446E+2	3,468750E+2	1,077989E+2
3,484375E+2	6,025477E+1	3,484375E+2	6,935221E+1	3,484375E+2	8,034940E+1	3,484375E+2	8,883884E+1	3,484375E+2	9,977143E+1	3,484375E+2	1,033058E+2	3,484375E+2	1,074026E+2
3,500000E+2	6,004557E+1	3,500000E+2	7,001808E+1	3,500000E+2	8,046221E+1	3,500000E+2	8,907184E+1	3,500000E+2	9,981527E+1	3,500000E+2	1,029738E+2	3,500000E+2	1,069216E+2
3,515625E+2	5,977781E+1	3,515625E+2	7,061268E+1	3,515625E+2	8,027042E+1	3,515625E+2	9,048405E+1	3,515625E+2	9,838744E+1	3,515625E+2	1,034739E+2	3,515625E+2	1,068104E+2
3,531250E+2	6,095097E+1	3,531250E+2	7,026638E+1	3,531250E+2	7,967549E+1	3,531250E+2	8,894879E+1	3,531250E+2	9,865336E+1	3,531250E+2	1,027174E+2	3,531250E+2	1,073544E+2
3,546875E+2	6,063709E+1	3,546875E+2	7,029274E+1	3,546875E+2	7,933675E+1	3,546875E+2	8,944441E+1	3,546875E+2	9,941815E+1	3,546875E+2	1,039986E+2	3,546875E+2	1,069670E+2
3,562500E+2	6,049287E+1	3,562500E+2	7,066735E+1	3,562500E+2	8,017175E+1	3,562500E+2	8,985617E+1	3,562500E+2	9,887661E+1	3,562500E+2	1,041823E+2	3,562500E+2	1,054896E+2
3,578125E+2	6,120062E+1	3,578125E+2	6,982236E+1	3,578125E+2	8,072047E+1	3,578125E+2	9,047805E+1	3,578125E+2	9,959179E+1	3,578125E+2	1,040813E+2	3,578125E+2	1,058170E+2
3,593750E+2	6,683030E+1	3,593750E+2	7,068167E+1	3,593750E+2	7,990729E+1	3,593750E+2	9,126296E+1	3,593750E+2	9,926853E+1	3,593750E+2	1,044370E+2	3,593750E+2	1,068146E+2
3,609375E+2	6,616672E+1	3,609375E+2	7,133982E+1	3,609375E+2	7,998590E+1	3,609375E+2	9,109044E+1	3,609375E+2	9,934869E+1	3,609375E+2	1,046401E+2	3,609375E+2	1,065990E+2
3,625000E+2	5,985961E+1	3,625000E+2	7,015297E+1	3,625000E+2	8,060107E+1	3,625000E+2	9,113774E+1	3,625000E+2	9,964912E+1	3,625000E+2	1,048648E+2	3,625000E+2	1,082461E+2
3,640625E+2	6,180571E+1	3,640625E+2	7,036312E+1	3,640625E+2	8,154355E+1	3,640625E+2	9,175925E+1	3,640625E+2	9,845990E+1	3,640625E+2	1,037947E+2	3,640625E+2	1,080083E+2
3,656250E+2	6,277063E+1	3,656250E+2	7,114096E+1	3,656250E+2	8,207026E+1	3,656250E+2	9,099664E+1	3,656250E+2	9,910022E+1	3,656250E+2	1,036120E+2	3,656250E+2	1,083797E+2
3,671875E+2	6,214097E+1	3,671875E+2	7,171025E+1	3,671875E+2	8,156696E+1	3,671875E+2	9,192239E+1	3,671875E+2	1,017239E+2	3,671875E+2	1,046647E+2	3,671875E+2	1,081764E+2
3,687500E+2	6,100379E+1	3,687500E+2	7,285673E+1	3,687500E+2	8,199357E+1	3,687500E+2	9,163906E+1	3,687500E+2	1,004894E+2	3,687500E+2	1,052932E+2	3,687500E+2	1,083245E+2
3,703125E+2	6,133675E+1	3,703125E+2	7,265547E+1	3,703125E+2	8,263957E+1	3,703125E+2	9,171158E+1	3,703125E+2	1,002708E+2	3,703125E+2	1,053742E+2	3,703125E+2	1,092413E+2
3,718750E+2	6,162917E+1	3,718750E+2	7,340162E+1	3,718750E+2	8,276016E+1	3,718750E+2	9,157398E+1	3,718750E+2	1,005584E+2	3,718750E+2	1,042022E+2	3,718750E+2	1,084815E+2
3,734375E+2	6,161325E+1	3,734375E+2	7,330642E+1	3,734375E+2	8,344527E+1	3,734375E+2	9,196510E+1	3,734375E+2	1,007176E+2	3,734375E+2	1,049777E+2	3,734375E+2	1,087947E+2
3,750000E+2	6,337526E+1	3,750000E+2	7,354908E+1	3,750000E+2	8,369091E+1	3,750000E+2	9,223646E+1	3,750000E+2	1,009368E+2	3,750000E+2	1,060319E+2	3,750000E+2	1,098998E+2
3,765625E+2	6,366605E+1	3,765625E+2	7,228014E+1	3,765625E+2	8,336717E+1	3,765625E+2	9,260806E+1	3,765625E+2	1,011636E+2	3,765625E+2	1,050930E+2	3,765625E+2	1,096853E+2
3,781250E+2	6,310812E+1	3,781250E+2	7,262840E+1	3,781250E+2	8,334094E+1	3,781250E+2	9,238770E+1	3,781250E+2	1,009464E+2	3,781250E+2	1,054675E+2	3,781250E+2	1,093230E+2
3,796875E+2	6,416744E+1	3,796875E+2	7,388784E+1	3,796875E+2	8,408047E+1	3,796875E+2	9,192450E+1	3,796875E+2	1,014268E+2	3,796875E+2	1,051329E+2	3,796875E+2	1,099234E+2
3,812500E+2	6,394569E+1	3,812500E+2	7,413307E+1	3,812500E+2	8,422062E+1	3,812500E+2	9,304205E+1	3,812500E+2	1,027792E+2	3,812500E+2	1,056459E+2	3,812500E+2	1,100987E+2
3,828125E+2	6,271428E+1	3,828125E+2	7,355588E+1	3,828125E+2	8,413496E+1	3,828125E+2	9,357474E+1	3,828125E+2	1,021963E+2	3,828125E+2	1,060521E+2	3,828125E+2	1,101545E+2
3,843750E+2	6,332759E+1	3,843750E+2	7,389323E+1	3,843750E+2	8,458620E+1	3,843750E+2	9,396461E+1	3,843750E+2	1,018734E+2	3,843750E+2	1,055721E+2	3,843750E+2	1,107224E+2
3,859375E+2	6,358712E+1	3,859375E+2	7,354750E+1	3,859375E+2	8,427560E+1	3,859375E+2	9,325876E+1	3,859375E+2	1,022152E+2	3,859375E+2	1,049623E+2	3,859375E+2	1,102252E+2
3,875000E+2	6,364420E+1	3,875000E+2	7,505848E+1	3,875000E+2	8,462492E+1	3,875000E+2	9,321837E+1	3,875000E+2	1,015692E+2	3,875000E+2	1,061308E+2	3,875000E+2	1,098043E+2
3,890625E+2	6,491657E+1	3,890625E+2	7,572043E+1	3,890625E+2	8,553861E+1	3,890625E+2	9,432448E+1	3,890625E+2	1,028458E+2	3,890625E+2	1,066730E+2	3,890625E+2	1,102472E+2
3,906250E+2	6,541277E+1	3,906250E+2	7,585791E+1	3,906250E+2	8,447467E+1	3,906250E+2	9,487437E+1	3,906250E+2	1,025879E+2	3,906250E+2	1,072633E+2	3,906250E+2	1,095150E+2
3,921875E+2	6,525817E+1	3,921875E+2	7,547114E+1	3,921875E+2	8,524578E+1	3,921875E+2	9,445444E+1	3,921875E+2	1,021359E+2	3,921875E+2	1,072534E+2	3,921875E+2	1,099804E+2
3,937500E+2	6,545769E+1	3,937500E+2	7,553646E+1	3,937500E+2	8,677687E+1	3,937500E+2	9,452750E+1	3,937500E+2	1,029018E+2	3,937500E+2	1,076078E+2	3,937500E+2	1,093618E+2
3,953125E+2	6,698976E+1	3,953125E+2	7,507261E+1	3,953125E+2	8,520269E+1	3,953125E+2	9,562432E+1	3,953125E+2	1,036479E+2	3,953125E+2	1,076688E+2	3,953125E+2	1,102540E+2
3,968750E+2	6,629921E+1	3,968750E+2	7,647104E+1	3,968750E+2	8,569337E+1	3,968750E+2	9,550544E+1	3,968750E+2	1,035830E+2	3,968750E+2	1,073053E+2	3,968750E+2	1,095253E+2
3,984375E+2	6,695980E+1	3,984375E+2	7,711212E+1	3,984375E+2	8,718181E+1	3,984375E+2	9,579633E+1	3,984375E+2	1,043888E+2	3,984375E+2	1,073707E+2	3,984375E+2	1,104022E+2
4,000000E+2	6,642336E+1	4,000000E+2	7,786782E+1	4,000000E+2	8,640018E+1	4,000000E+2	9,585328E+1	4,000000E+2	1,043060E+2	4,000000E+2	1,066454E+2	4,000000E+2	1,115406E+2
4,015625E+2	6,660210E+1	4,015625E+2	7,833549E+1	4,015625E+2	8,583820E+1	4,015625E+2	9,674337E+1	4,015625E+2	1,030953E+2	4,015625E+2	1,085085E+2	4,015625E+2	1,115147E+2
4,031250E+2	6,748413E+1	4,031250E+2	7,807549E+1	4,031250E+2	8,684996E+1	4,031250E+2	9,685870E+1	4,031250E+2	1,037167E+2	4,031250E+2	1,084305E+2	4,031250E+2	1,116779E+2
4,046875E+2	6,713792E+1	4,046875E+2	7,785265E+1	4,046875E+2	8,718608E+1	4,046875E+2	9,655146E+1	4,046875E+2	1,051391E+2	4,046875E+2	1,079396E+2	4,046875E+2	1,115554E+2
4,062500E+2	6,725239E+1	4,062500E+2	7,824715E+1	4,062500E+2	8,725129E+1	4,062500E+2	9,704885E+1	4,062500E+2	1,049389E+2	4,062500E+2	1,091440E+2	4,062500E+2	1,127057E+2
4,078125E+2	6,825645E+1	4,078125E+2	7,842338E+1	4,078125E+2	8,788014E+1	4,078125E+2	9,755764E+1	4,078125E+2	1,050663E+2	4,078125E+2	1,090945E+2	4,078125E+2	1,130229E+2
4,093750E+2	6,905021E+1	4,093750E+2	7,910545E+1	4,093750E+2	8,874033E+1	4,093750E+2	9,826483E+1	4,093750E+2	1,050855E+2	4,093750E+2	1,089612E+2	4,093750E+2	1,113921E+2
4,109375E+2	6,812735E+1	4,109375E+2	7,926725E+1	4,109375E+2	8,820686E+1	4,109375E+2	9,807062E+1	4,109375E+2	1,056616E+2	4,109375E+2	1,098652E+2	4,109375E+2	1,111614E+2
4,125000E+2	6,866299E+1	4,125000E+2	7,949335E+1	4,125000E+2	8,873478E+1	4,125000E+2	9,812197E+1	4,125000E+2	1,052873E+2	4,125000E+2	1,093680E+2	4,125000E+2	1,130224E+2
4,140625E+2	6,856192E+1	4,140625E+2	7,975115E+1	4,140625E+2	8,916892E+1	4,140625E+2	9,856197E+1	4,140625E+2	1,044635E+2	4,140625E+2	1,099487E+2	4,140625E+2	1,123999E+2
4,156250E+2	6,951050E+1	4,156250E+2	7,936746E+1	4,156250E+2	8,904540E+1	4,156250E+2	9,901471E+1	4,156250E+2	1,063055E+2	4,156250E+2	1,096419E+2	4,156250E+2	1,133990E+2
4,171875E+2	6,955725E+1	4,171875E+2	7,965112E+1	4,171875E+2	8,914481E+1	4,171875E+2	9,957629E+1	4,171875E+2	1,049630E+2	4,171875E+2	1,097491E+2	4,171875E+2	1,133435E+2
4,187500E+2	7,544597E+1	4,187500E+2	8,130057E+1	4,187500E+2	9,096077E+1	4,187500E+2	9,963324E+1	4,187500E+2	1,058783E+2	4,187500E+2	1,105736E+2	4,187500E+2	1,126754E+2
4,203125E+2	7,918613E+1	4,203125E+2	8,148183E+1	4,203125E+2	9,123456E+1	4,203125E+2	9,878465E+1	4,203125E+2	1,066193E+2	4,203125E+2	1,106311E+2	4,203125E+2	1,137907E+2
4,218750E+2	7,241355E+1	4,218750E+2	8,080597E+1	4,218750E+2	9,039691E+1	4,218750E+2	9,918391E+1	4,218750E+2	1,074143E+2	4,218750E+2	1,096148E+2	4,218750E+2	1,139003E+2
4,234375E+2	7,137115E+1	4,234375E+2	8,122028E+1	4,234375E+2	9,006795E+1	4,234375E+2	9,928064E+1	4,234375E+2	1,065971E+2	4,234375E+2	1,107283E+2	4,234375E+2	1,138956E+2
4,250000E+2	7,091942E+1	4,250000E+2	8,070764E+1	4,250000E+2	8,909776E+1	4,250000E+2	9,769315E+1	4,250000E+2	1,074864E+2	4,250000E+2	1,120752E+2	4,250000E+2	1,148711E+2
4,265625E+2	6,949534E+1	4,265625E+2	8,045318E+1	4,265625E+2	9,032156E+1	4,265625E+2	9,946351E+1	4,265625E+2	1,071516E+2	4,265625E+2	1,120012E+2	4,265625E+2	1,160263E+2
4,281250E+2	6,938814E+1	4,281250E+2	8,101158E+1	4,281250E+2	9,123334E+1	4,281250E+2	9,960399E+1	4,281250E+2	1,074600E+2	4,281250E+2	1,118333E+2	4,281250E+2	1,157192E+2
4,296875E+2	6,962917E+1	4,296875E+2	8,037526E+1	4,296875E+2	9,106813E+1	4,296875E+2	9,998725E+1	4,296875E+2	1,068059E+2	4,296875E+2	1,105742E+2	4,296875E+2	1,161890E+2
4,312500E+2	6,937393E+1	4,312500E+2	8,026868E+1	4,312500E+2	8,992685E+1	4,312500E+2	9,902442E+1	4,312500E+2	1,070998E+2	4,312500E+2	1,108230E+2	4,312500E+2	1,161884E+2
4,328125E+2	6,976561E+1	4,328125E+2	8,082081E+1	4,328125E+2	8,979342E+1	4,328125E+2	9,964967E+1	4,328125E+2	1,070940E+2	4,328125E+2	1,114673E+2	4,328125E+2	1,162995E+2
4,343750E+2	7,030764E+1	4,343750E+2	8,153961E+1	4,343750E+2	9,029609E+1	4,343750E+2	1,001418E+2	4,343750E+2	1,080058E+2	4,343750E+2	1,124496E+2	4,343750E+2	1,163881E+2
4,359375E+2	7,059835E+1	4,359375E+2	8,185032E+1	4,359375E+2	9,042726E+1	4,359375E+2	1,004808E+2	4,359375E+2	1,078825E+2	4,359375E+2	1,116197E+2	4,359375E+2	1,166282E+2
4,375000E+2	7,047749E+1	4,375000E+2	8,084768E+1	4,375000E+2	8,951586E+1	4,375000E+2	9,973646E+1	4,375000E+2	1,074600E+2	4,375000E+2	1,123284E+2	4,375000E+2	1,169248E+2
4,390625E+2	6,887346E+1	4,390625E+2	8,046199E+1	4,390625E+2	8,964807E+1	4,390625E+2	9,935663E+1	4,390625E+2	1,077785E+2	4,390625E+2	1,120014E+2	4,390625E+2	1,170999E+2
4,406250E+2	7,034879E+1	4,406250E+2	7,978936E+1	4,406250E+2	8,942666E+1	4,406250E+2	1,001856E+2	4,406250E+2	1,082414E+2	4,406250E+2	1,120753E+2	4,406250E+2	1,159766E+2
4,421875E+2	7,009663E+1	4,421875E+2	7,832839E+1	4,421875E+2	8,942022E+1	4,421875E+2	9,939314E+1	4,421875E+2	1,082107E+2	4,421875E+2	1,127412E+2	4,421875E+2	1,160640E+2
4,437500E+2	6,898483E+1	4,437500E+2	7,921386E+1	4,437500E+2	8,979236E+1	4,437500E+2	9,913679E+1	4,437500E+2	1,073907E+2	4,437500E+2	1,129391E+2	4,437500E+2	1,168939E+2
4,453125E+2	6,956518E+1	4,453125E+2	7,959801E+1	4,453125E+2	8,856950E+1	4,453125E+2	9,880034E+1	4,453125E+2	1,074342E+2	4,453125E+2	1,130920E+2	4,453125E+2	1,158334E+2
4,468750E+2	6,874978E+1	4,468750E+2	7,873494E+1	4,468750E+2	8,873082E+1	4,468750E+2	9,856527E+1	4,468750E+2	1,082001E+2	4,468750E+2	1,128277E+2	4,468750E+2	1,158930E+2
4,484375E+2	6,865562E+1	4,484375E+2	7,852094E+1	4,484375E+2	8,905849E+1	4,484375E+2	9,849104E+1	4,484375E+2	1,068792E+2	4,484375E+2	1,119404E+2	4,484375E+2	1,165739E+2
4,500000E+2	6,825765E+1	4,500000E+2	7,938676E+1	4,500000E+2	8,876920E+1	4,500000E+2	9,815742E+1	4,500000E+2	1,083683E+2	4,500000E+2	1,119150E+2	4,500000E+2	1,166776E+2
4,515625E+2	6,890969E+1	4,515625E+2	7,901786E+1	4,515625E+2	8,873391E+1	4,515625E+2	9,744531E+1	4,515625E+2	1,081235E+2	4,515625E+2	1,123871E+2	4,515625E+2	1,172915E+2
4,531250E+2	6,792698E+1	4,531250E+2	7,824530E+1	4,531250E+2	8,894603E+1	4,531250E+2	9,715322E+1	4,531250E+2	1,079677E+2	4,531250E+2	1,123534E+2	4,531250E+2	1,167192E+2
4,546875E+2	6,778878E+1	4,546875E+2	7,744325E+1	4,546875E+2	8,837616E+1	4,546875E+2	9,751578E+1	4,546875E+2	1,078318E+2	4,546875E+2	1,127912E+2	4,546875E+2	1,162759E+2
4,562500E+2	6,730232E+1	4,562500E+2	7,798976E+1	4,562500E+2	8,800924E+1	4,562500E+2	9,837354E+1	4,562500E+2	1,062485E+2	4,562500E+2	1,126296E+2	4,562500E+2	1,167531E+2
4,578125E+2	6,765535E+1	4,578125E+2	7,814258E+1	4,578125E+2	8,847515E+1	4,578125E+2	9,738908E+1	4,578125E+2	1,063317E+2	4,578125E+2	1,126109E+2	4,578125E+2	1,157369E+2
4,593750E+2	6,781095E+1	4,593750E+2	7,742747E+1	4,593750E+2	8,824802E+1	4,593750E+2	9,745752E+1	4,593750E+2	1,067815E+2	4,593750E+2	1,121455E+2	4,593750E+2	1,156041E+2
4,609375E+2	6,713279E+1	4,609375E+2	7,753114E+1	4,609375E+2	8,861284E+1	4,609375E+2	9,860969E+1	4,609375E+2	1,059107E+2	4,609375E+2	1,131789E+2	4,609375E+2	1,170893E+2
4,625000E+2	6,635910E+1	4,625000E+2	7,705919E+1	4,625000E+2	8,708550E+1	4,625000E+2	9,788954E+1	4,625000E+2	1,071341E+2	4,625000E+2	1,134683E+2	4,625000E+2	1,181437E+2
4,640625E+2	6,686816E+1	4,640625E+2	7,610804E+1	4,640625E+2	8,708829E+1	4,640625E+2	9,763993E+1	4,640625E+2	1,074780E+2	4,640625E+2	1,124132E+2	4,640625E+2	1,171338E+2
4,656250E+2	6,695846E+1	4,656250E+2	7,594802E+1	4,656250E+2	8,747622E+1	4,656250E+2	9,699678E+1	4,656250E+2	1,068222E+2	4,656250E+2	1,123236E+2	4,656250E+2	1,164930E+2
4,671875E+2	6,701328E+1	4,671875E+2	7,653148E+1	4,671875E+2	8,692308E+1	4,671875E+2	9,641583E+1	4,671875E+2	1,077064E+2	4,671875E+2	1,114058E+2	4,671875E+2	1,171388E+2
4,687500E+2	6,713622E+1	4,687500E+2	7,730397E+1	4,687500E+2	8,754813E+1	4,687500E+2	9,685016E+1	4,687500E+2	1,076816E+2	4,687500E+2	1,107324E+2	4,687500E+2	1,161737E+2
4,703125E+2	6,528895E+1	4,703125E+2	7,660271E+1	4,703125E+2	8,737484E+1	4,703125E+2	9,658537E+1	4,703125E+2	1,079689E+2	4,703125E+2	1,114232E+2	4,703125E+2	1,164384E+2
4,718750E+2	6,542203E+1	4,718750E+2	7,651836E+1	4,718750E+2	8,761349E+1	4,718750E+2	9,676565E+1	4,718750E+2	1,076696E+2	4,718750E+2	1,111560E+2	4,718750E+2	1,156097E+2
4,734375E+2	6,566419E+1	4,734375E+2	7,661547E+1	4,734375E+2	8,662700E+1	4,734375E+2	9,609194E+1	4,734375E+2	1,066532E+2	4,734375E+2	1,112557E+2	4,734375E+2	1,153175E+2
4,750000E+2	6,527502E+1	4,750000E+2	7,566646E+1	4,750000E+2	8,710356E+1	4,750000E+2	9,652117E+1	4,750000E+2	1,067615E+2	4,750000E+2	1,126037E+2	4,750000E+2	1,161764E+2
4,765625E+2	6,633332E+1	4,765625E+2	7,573234E+1	4,765625E+2	8,696115E+1	4,765625E+2	9,564729E+1	4,765625E+2	1,067349E+2	4,765625E+2	1,125172E+2	4,765625E+2	1,167045E+2
4,781250E+2	6,772820E+1	4,781250E+2	7,549935E+1	4,781250E+2	8,647710E+1	4,781250E+2	9,573415E+1	4,781250E+2	1,077607E+2	4,781250E+2	1,123568E+2	4,781250E+2	1,159914E+2
4,796875E+2	7,416334E+1	4,796875E+2	7,628481E+1	4,796875E+2	8,623825E+1	4,796875E+2	9,732161E+1	4,796875E+2	1,065620E+2	4,796875E+2	1,116284E+2	4,796875E+2	1,149948E+2
4,812500E+2	7,160519E+1	4,812500E+2	7,580680E+1	4,812500E+2	8,675280E+1	4,812500E+2	9,700328E+1	4,812500E+2	1,061204E+2	4,812500E+2	1,105311E+2	4,812500E+2	1,162578E+2
4,828125E+2	6,576813E+1	4,828125E+2	7,468757E+1	4,828125E+2	8,649661E+1	4,828125E+2	9,627299E+1	4,828125E+2	1,060503E+2	4,828125E+2	1,106145E+2	4,828125E+2	1,163653E+2
4,843750E+2	6,640756E+1	4,843750E+2	7,483140E+1	4,843750E+2	8,618594E+1	4,843750E+2	9,651247E+1	4,843750E+2	1,054442E+2	4,843750E+2	1,111777E+2	4,843750E+2	1,158192E+2
4,859375E+2	6,622157E+1	4,859375E+2	7,579350E+1	4,859375E+2	8,565117E+1	4,859375E+2	9,570243E+1	4,859375E+2	1,048758E+2	4,859375E+2	1,109967E+2	4,859375E+2	1,150269E+2
4,875000E+2	6,703113E+1	4,875000E+2	7,539836E+1	4,875000E+2	8,573347E+1	4,875000E+2	9,614846E+1	4,875000E+2	1,061955E+2	4,875000E+2	1,107914E+2	4,875000E+2	1,157052E+2
4,890625E+2	6,659047E+1	4,890625E+2	7,508253E+1	4,890625E+2	8,577403E+1	4,890625E+2	9,647699E+1	4,890625E+2	1,053329E+2	4,890625E+2	1,102083E+2	4,890625E+2	1,154526E+2
4,906250E+2	6,564131E+1	4,906250E+2	7,570893E+1	4,906250E+2	8,616239E+1	4,906250E+2	9,502810E+1	4,906250E+2	1,058023E+2	4,906250E+2	1,101853E+2	4,906250E+2	1,150630E+2
4,921875E+2	6,467749E+1	4,921875E+2	7,528841E+1	4,921875E+2	8,625300E+1	4,921875E+2	9,435059E+1	4,921875E+2	1,056793E+2	4,921875E+2	1,104864E+2	4,921875E+2	1,148609E+2
4,937500E+2	6,429841E+1	4,937500E+2	7,577045E+1	4,937500E+2	8,614382E+1	4,937500E+2	9,506043E+1	4,937500E+2	1,048409E+2	4,937500E+2	1,099947E+2	4,937500E+2	1,150235E+2
4,953125E+2	6,549059E+1	4,953125E+2	7,445313E+1	4,953125E+2	8,457930E+1	4,953125E+2	9,550326E+1	4,953125E+2	1,043791E+2	4,953125E+2	1,101494E+2	4,953125E+2	1,147296E+2
4,968750E+2	6,499139E+1	4,968750E+2	7,396582E+1	4,968750E+2	8,420817E+1	4,968750E+2	9,624640E+1	4,968750E+2	1,053266E+2	4,968750E+2	1,097052E+2	4,968750E+2	1,146923E+2
4,984375E+2	6,468999E+1	4,984375E+2	7,423518E+1	4,984375E+2	8,472711E+1	4,984375E+2	9,626096E+1	4,984375E+2	1,055271E+2	4,984375E+2	1,086025E+2	4,984375E+2	1,138419E+2
5,000000E+2	6,510698E+1	5,000000E+2	7,413175E+1	5,000000E+2	8,486939E+1	5,000000E+2	9,599637E+1	5,000000E+2	1,045435E+2	5,000000E+2	1,091564E+2	5,000000E+2	1,138277E+2
5,015625E+2	6,441622E+1	5,015625E+2	7,389052E+1	5,015625E+2	8,532228E+1	5,015625E+2	9,551796E+1	5,015625E+2	1,060455E+2	5,015625E+2	1,098443E+2	5,015625E+2	1,131270E+2
5,031250E+2	6,308086E+1	5,031250E+2	7,421356E+1	5,031250E+2	8,447726E+1	5,031250E+2	9,523746E+1	5,031250E+2	1,060134E+2	5,031250E+2	1,099633E+2	5,031250E+2	1,130409E+2
5,046875E+2	6,415912E+1	5,046875E+2	7,388182E+1	5,046875E+2	8,478858E+1	5,046875E+2	9,463618E+1	5,046875E+2	1,054970E+2	5,046875E+2	1,089085E+2	5,046875E+2	1,140586E+2
5,062500E+2	6,248175E+1	5,062500E+2	7,286234E+1	5,062500E+2	8,467418E+1	5,062500E+2	9,482534E+1	5,062500E+2	1,048751E+2	5,062500E+2	1,101922E+2	5,062500E+2	1,136418E+2
5,078125E+2	6,235470E+1	5,078125E+2	7,416391E+1	5,078125E+2	8,478437E+1	5,078125E+2	9,506186E+1	5,078125E+2	1,044587E+2	5,078125E+2	1,104059E+2	5,078125E+2	1,139292E+2
5,093750E+2	6,309542E+1	5,093750E+2	7,396117E+1	5,093750E+2	8,421252E+1	5,093750E+2	9,405187E+1	5,093750E+2	1,043513E+2	5,093750E+2	1,099200E+2	5,093750E+2	1,131601E+2
5,109375E+2	6,343702E+1	5,109375E+2	7,343173E+1	5,109375E+2	8,373942E+1	5,109375E+2	9,412197E+1	5,109375E+2	1,035625E+2	5,109375E+2	1,088322E+2	5,109375E+2	1,128721E+2
5,125000E+2	6,390156E+1	5,125000E+2	7,242473E+1	5,125000E+2	8,258506E+1	5,125000E+2	9,430876E+1	5,125000E+2	1,040294E+2	5,125000E+2	1,094209E+2	5,125000E+2	1,144436E+2
5,140625E+2	6,272925E+1	5,140625E+2	7,316857E+1	5,140625E+2	8,328997E+1	5,140625E+2	9,301189E+1	5,140625E+2	1,043760E+2	5,140625E+2	1,095474E+2	5,140625E+2	1,145589E+2
5,156250E+2	6,316713E+1	5,156250E+2	7,417975E+1	5,156250E+2	8,266222E+1	5,156250E+2	9,278135E+1	5,156250E+2	1,053524E+2	5,156250E+2	1,093732E+2	5,156250E+2	1,140347E+2
5,171875E+2	6,295050E+1	5,171875E+2	7,354426E+1	5,171875E+2	8,289285E+1	5,171875E+2	9,318648E+1	5,171875E+2	1,048581E+2	5,171875E+2	1,098659E+2	5,171875E+2	1,135863E+2
5,187500E+2	6,332253E+1	5,187500E+2	7,325810E+1	5,187500E+2	8,356967E+1	5,187500E+2	9,414900E+1	5,187500E+2	1,034080E+2	5,187500E+2	1,093269E+2	5,187500E+2	1,120757E+2
5,203125E+2	6,194839E+1	5,203125E+2	7,263762E+1	5,203125E+2	8,355943E+1	5,203125E+2	9,478148E+1	5,203125E+2	1,034980E+2	5,203125E+2	1,090552E+2	5,203125E+2	1,137249E+2
5,218750E+2	6,246711E+1	5,218750E+2	7,215643E+1	5,218750E+2	8,337840E+1	5,218750E+2	9,321147E+1	5,218750E+2	1,041276E+2	5,218750E+2	1,097355E+2	5,218750E+2	1,137877E+2
5,234375E+2	6,208539E+1	5,234375E+2	7,174904E+1	5,234375E+2	8,192653E+1	5,234375E+2	9,269652E+1	5,234375E+2	1,042704E+2	5,234375E+2	1,085028E+2	5,234375E+2	1,143164E+2
5,250000E+2	6,192398E+1	5,250000E+2	7,181292E+1	5,250000E+2	8,213503E+1	5,250000E+2	9,344235E+1	5,250000E+2	1,046924E+2	5,250000E+2	1,072759E+2	5,250000E+2	1,148791E+2
5,265625E+2	6,211533E+1	5,265625E+2	7,168970E+1	5,265625E+2	8,160533E+1	5,265625E+2	9,374685E+1	5,265625E+2	1,038923E+2	5,265625E+2	1,081805E+2	5,265625E+2	1,133253E+2
5,281250E+2	6,112315E+1	5,281250E+2	7,113313E+1	5,281250E+2	8,204646E+1	5,281250E+2	9,322263E+1	5,281250E+2	1,030577E+2	5,281250E+2	1,095098E+2	5,281250E+2	1,123628E+2
5,296875E+2	6,130965E+1	5,296875E+2	7,135419E+1	5,296875E+2	8,099162E+1	5,296875E+2	9,203728E+1	5,296875E+2	1,038075E+2	5,296875E+2	1,101604E+2	5,296875E+2	1,140678E+2
5,312500E+2	6,091444E+1	5,312500E+2	7,051037E+1	5,312500E+2	8,148672E+1	5,312500E+2	9,189187E+1	5,312500E+2	1,044780E+2	5,312500E+2	1,087936E+2	5,312500E+2	1,132035E+2
5,328125E+2	5,962228E+1	5,328125E+2	6,919693E+1	5,328125E+2	8,180250E+1	5,328125E+2	9,114749E+1	5,328125E+2	1,043869E+2	5,328125E+2	1,085354E+2	5,328125E+2	1,133451E+2
5,343750E+2	6,070222E+1	5,343750E+2	7,085874E+1	5,343750E+2	8,179060E+1	5,343750E+2	9,219543E+1	5,343750E+2	1,039055E+2	5,343750E+2	1,087947E+2	5,343750E+2	1,131135E+2
5,359375E+2	6,054629E+1	5,359375E+2	7,036503E+1	5,359375E+2	8,028996E+1	5,359375E+2	9,114518E+1	5,359375E+2	1,030295E+2	5,359375E+2	1,077329E+2	5,359375E+2	1,126209E+2
5,375000E+2	6,150806E+1	5,375000E+2	7,024375E+1	5,375000E+2	7,912999E+1	5,375000E+2	9,067898E+1	5,375000E+2	1,032096E+2	5,375000E+2	1,078740E+2	5,375000E+2	1,124257E+2
5,390625E+2	7,249450E+1	5,390625E+2	7,356272E+1	5,390625E+2	7,980720E+1	5,390625E+2	9,054061E+1	5,390625E+2	1,032340E+2	5,390625E+2	1,090137E+2	5,390625E+2	1,126112E+2
5,406250E+2	7,413427E+1	5,406250E+2	7,390503E+1	5,406250E+2	8,051112E+1	5,406250E+2	9,083414E+1	5,406250E+2	1,031909E+2	5,406250E+2	1,092555E+2	5,406250E+2	1,134714E+2
5,421875E+2	6,450294E+1	5,421875E+2	6,917847E+1	5,421875E+2	8,007381E+1	5,421875E+2	9,039134E+1	5,421875E+2	1,021204E+2	5,421875E+2	1,080564E+2	5,421875E+2	1,122277E+2
5,437500E+2	5,893040E+1	5,437500E+2	6,935751E+1	5,437500E+2	7,939401E+1	5,437500E+2	8,997649E+1	5,437500E+2	1,027938E+2	5,437500E+2	1,082650E+2	5,437500E+2	1,121266E+2
5,453125E+2	5,955604E+1	5,453125E+2	6,958157E+1	5,453125E+2	8,000079E+1	5,453125E+2	9,016797E+1	5,453125E+2	1,029364E+2	5,453125E+2	1,079125E+2	5,453125E+2	1,131772E+2
5,468750E+2	5,871417E+1	5,468750E+2	6,975751E+1	5,468750E+2	7,834758E+1	5,468750E+2	9,103261E+1	5,468750E+2	1,032046E+2	5,468750E+2	1,087852E+2	5,468750E+2	1,139254E+2
5,484375E+2	5,873306E+1	5,484375E+2	6,905082E+1	5,484375E+2	7,850696E+1	5,484375E+2	9,098032E+1	5,484375E+2	1,027278E+2	5,484375E+2	1,083883E+2	5,484375E+2	1,129305E+2
5,500000E+2	5,761583E+1	5,500000E+2	6,887223E+1	5,500000E+2	7,816799E+1	5,500000E+2	9,030068E+1	5,500000E+2	1,022084E+2	5,500000E+2	1,068894E+2	5,500000E+2	1,123989E+2
5,515625E+2	5,874309E+1	5,515625E+2	6,903076E+1	5,515625E+2	7,905422E+1	5,515625E+2	8,970066E+1	5,515625E+2	1,027440E+2	5,515625E+2	1,089955E+2	5,515625E+2	1,126765E+2
5,531250E+2	5,869110E+1	5,531250E+2	6,912122E+1	5,531250E+2	7,979710E+1	5,531250E+2	9,065229E+1	5,531250E+2	1,016642E+2	5,531250E+2	1,093954E+2	5,531250E+2	1,135958E+2
5,546875E+2	5,888552E+1	5,546875E+2	6,884923E+1	5,546875E+2	7,987227E+1	5,546875E+2	8,952672E+1	5,546875E+2	1,029503E+2	5,546875E+2	1,087455E+2	5,546875E+2	1,146235E+2
5,562500E+2	5,835402E+1	5,562500E+2	6,918900E+1	5,562500E+2	7,881373E+1	5,562500E+2	8,920997E+1	5,562500E+2	1,027869E+2	5,562500E+2	1,082704E+2	5,562500E+2	1,147962E+2
5,578125E+2	5,833039E+1	5,578125E+2	6,807723E+1	5,578125E+2	7,861375E+1	5,578125E+2	8,874745E+1	5,578125E+2	1,026691E+2	5,578125E+2	1,096380E+2	5,578125E+2	1,141498E+2
5,593750E+2	5,814047E+1	5,593750E+2	6,791896E+1	5,593750E+2	7,821600E+1	5,593750E+2	8,830951E+1	5,593750E+2	1,023001E+2	5,593750E+2	1,088070E+2	5,593750E+2	1,140732E+2
5,609375E+2	5,806979E+1	5,609375E+2	6,865489E+1	5,609375E+2	7,885797E+1	5,609375E+2	9,004315E+1	5,609375E+2	1,026356E+2	5,609375E+2	1,077350E+2	5,609375E+2	1,135020E+2
5,625000E+2	5,803355E+1	5,625000E+2	6,909387E+1	5,625000E+2	7,904261E+1	5,625000E+2	9,132552E+1	5,625000E+2	1,020972E+2	5,625000E+2	1,079389E+2	5,625000E+2	1,131239E+2
5,640625E+2	5,904904E+1	5,640625E+2	6,846035E+1	5,640625E+2	7,895617E+1	5,640625E+2	9,079692E+1	5,640625E+2	1,025179E+2	5,640625E+2	1,089370E+2	5,640625E+2	1,138828E+2
5,656250E+2	5,796763E+1	5,656250E+2	6,875708E+1	5,656250E+2	7,904966E+1	5,656250E+2	9,049971E+1	5,656250E+2	1,030736E+2	5,656250E+2	1,087385E+2	5,656250E+2	1,142949E+2
5,671875E+2	5,794652E+1	5,671875E+2	6,730630E+1	5,671875E+2	7,946385E+1	5,671875E+2	8,953054E+1	5,671875E+2	1,033312E+2	5,671875E+2	1,070667E+2	5,671875E+2	1,142111E+2
5,687500E+2	5,787889E+1	5,687500E+2	6,757204E+1	5,687500E+2	7,994076E+1	5,687500E+2	8,880513E+1	5,687500E+2	1,022586E+2	5,687500E+2	1,082651E+2	5,687500E+2	1,143647E+2
5,703125E+2	5,870665E+1	5,703125E+2	6,833995E+1	5,703125E+2	7,944658E+1	5,703125E+2	9,054053E+1	5,703125E+2	1,022666E+2	5,703125E+2	1,087784E+2	5,703125E+2	1,136526E+2
5,718750E+2	5,886468E+1	5,718750E+2	6,998694E+1	5,718750E+2	7,757185E+1	5,718750E+2	8,956279E+1	5,718750E+2	1,017264E+2	5,718750E+2	1,081865E+2	5,718750E+2	1,134119E+2
5,734375E+2	5,906677E+1	5,734375E+2	6,996686E+1	5,734375E+2	7,907286E+1	5,734375E+2	8,921706E+1	5,734375E+2	1,023701E+2	5,734375E+2	1,081964E+2	5,734375E+2	1,137117E+2
5,750000E+2	5,952694E+1	5,750000E+2	6,835476E+1	5,750000E+2	7,987156E+1	5,750000E+2	8,992287E+1	5,750000E+2	1,031505E+2	5,750000E+2	1,080235E+2	5,750000E+2	1,133638E+2
5,765625E+2	6,002591E+1	5,765625E+2	6,977120E+1	5,765625E+2	8,050247E+1	5,765625E+2	9,084468E+1	5,765625E+2	1,016962E+2	5,765625E+2	1,079403E+2	5,765625E+2	1,146175E+2
5,781250E+2	5,820664E+1	5,781250E+2	7,029710E+1	5,781250E+2	7,895017E+1	5,781250E+2	9,051905E+1	5,781250E+2	1,019431E+2	5,781250E+2	1,069797E+2	5,781250E+2	1,145501E+2
5,796875E+2	5,992404E+1	5,796875E+2	6,955744E+1	5,796875E+2	7,876235E+1	5,796875E+2	9,064421E+1	5,796875E+2	1,024233E+2	5,796875E+2	1,086941E+2	5,796875E+2	1,139242E+2
5,812500E+2	5,993566E+1	5,812500E+2	7,037057E+1	5,812500E+2	7,993996E+1	5,812500E+2	9,051613E+1	5,812500E+2	1,031377E+2	5,812500E+2	1,092145E+2	5,812500E+2	1,136348E+2
5,828125E+2	5,998921E+1	5,828125E+2	6,941332E+1	5,828125E+2	8,038579E+1	5,828125E+2	9,088533E+1	5,828125E+2	1,015857E+2	5,828125E+2	1,083449E+2	5,828125E+2	1,141098E+2
5,843750E+2	6,081530E+1	5,843750E+2	6,975606E+1	5,843750E+2	7,966696E+1	5,843750E+2	9,121145E+1	5,843750E+2	1,013122E+2	5,843750E+2	1,092916E+2	5,843750E+2	1,145625E+2
5,859375E+2	6,005458E+1	5,859375E+2	6,951278E+1	5,859375E+2	7,930282E+1	5,859375E+2	9,160324E+1	5,859375E+2	1,030476E+2	5,859375E+2	1,094224E+2	5,859375E+2	1,146491E+2
5,875000E+2	5,856965E+1	5,875000E+2	6,927712E+1	5,875000E+2	8,110724E+1	5,875000E+2	9,071795E+1	5,875000E+2	1,030970E+2	5,875000E+2	1,089404E+2	5,875000E+2	1,143846E+2
5,890625E+2	5,821940E+1	5,890625E+2	7,001312E+1	5,890625E+2	8,080152E+1	5,890625E+2	9,018289E+1	5,890625E+2	1,033583E+2	5,890625E+2	1,079511E+2	5,890625E+2	1,155781E+2
5,906250E+2	5,978804E+1	5,906250E+2	7,071814E+1	5,906250E+2	8,041000E+1	5,906250E+2	9,030023E+1	5,906250E+2	1,032229E+2	5,906250E+2	1,084608E+2	5,906250E+2	1,158265E+2
5,921875E+2	5,952808E+1	5,921875E+2	7,015037E+1	5,921875E+2	8,103407E+1	5,921875E+2	9,112209E+1	5,921875E+2	1,038656E+2	5,921875E+2	1,091946E+2	5,921875E+2	1,156987E+2
5,937500E+2	5,956843E+1	5,937500E+2	7,039072E+1	5,937500E+2	8,086840E+1	5,937500E+2	9,042415E+1	5,937500E+2	1,036209E+2	5,937500E+2	1,089348E+2	5,937500E+2	1,149664E+2
5,953125E+2	5,962829E+1	5,953125E+2	7,095474E+1	5,953125E+2	8,092862E+1	5,953125E+2	9,068902E+1	5,953125E+2	1,027883E+2	5,953125E+2	1,096459E+2	5,953125E+2	1,149021E+2
5,968750E+2	6,129510E+1	5,968750E+2	7,035707E+1	5,968750E+2	8,082505E+1	5,968750E+2	9,079328E+1	5,968750E+2	1,041001E+2	5,968750E+2	1,104256E+2	5,968750E+2	1,147647E+2
5,984375E+2	6,582958E+1	5,984375E+2	7,188821E+1	5,984375E+2	8,107951E+1	5,984375E+2	9,041467E+1	5,984375E+2	1,030620E+2	5,984375E+2	1,093191E+2	5,984375E+2	1,153175E+2
6,000000E+2	7,192336E+1	6,000000E+2	7,416766E+1	6,000000E+2	8,196418E+1	6,000000E+2	9,113655E+1	6,000000E+2	1,024278E+2	6,000000E+2	1,096849E+2	6,000000E+2	1,163899E+2
6,015625E+2	6,786922E+1	6,015625E+2	7,233168E+1	6,015625E+2	8,190244E+1	6,015625E+2	9,174988E+1	6,015625E+2	1,017876E+2	6,015625E+2	1,103191E+2	6,015625E+2	1,153618E+2
6,031250E+2	6,086453E+1	6,031250E+2	7,093637E+1	6,031250E+2	8,332190E+1	6,031250E+2	9,184328E+1	6,031250E+2	1,017348E+2	6,031250E+2	1,102063E+2	6,031250E+2	1,155572E+2
6,046875E+2	6,170091E+1	6,046875E+2	7,133649E+1	6,046875E+2	8,283774E+1	6,046875E+2	9,136560E+1	6,046875E+2	1,042837E+2	6,046875E+2	1,103693E+2	6,046875E+2	1,147033E+2
6,062500E+2	6,142208E+1	6,062500E+2	7,225880E+1	6,062500E+2	8,269624E+1	6,062500E+2	9,220731E+1	6,062500E+2	1,050648E+2	6,062500E+2	1,112059E+2	6,062500E+2	1,156842E+2
6,078125E+2	6,212450E+1	6,078125E+2	7,290693E+1	6,078125E+2	8,355655E+1	6,078125E+2	9,112292E+1	6,078125E+2	1,041362E+2	6,078125E+2	1,104937E+2	6,078125E+2	1,163125E+2
6,093750E+2	6,285870E+1	6,093750E+2	7,327262E+1	6,093750E+2	8,282689E+1	6,093750E+2	9,255322E+1	6,093750E+2	1,038839E+2	6,093750E+2	1,107747E+2	6,093750E+2	1,165988E+2
6,109375E+2	6,197977E+1	6,109375E+2	7,244234E+1	6,109375E+2	8,207874E+1	6,109375E+2	9,281510E+1	6,109375E+2	1,041215E+2	6,109375E+2	1,111900E+2	6,109375E+2	1,164093E+2
6,125000E+2	6,160647E+1	6,125000E+2	7,300936E+1	6,125000E+2	8,257770E+1	6,125000E+2	9,315990E+1	6,125000E+2	1,032786E+2	6,125000E+2	1,106607E+2	6,125000E+2	1,171249E+2
6,140625E+2	6,241361E+1	6,140625E+2	7,263830E+1	6,140625E+2	8,161835E+1	6,140625E+2	9,369241E+1	6,140625E+2	1,051009E+2	6,140625E+2	1,108110E+2	6,140625E+2	1,173931E+2
6,156250E+2	6,419632E+1	6,156250E+2	7,319398E+1	6,156250E+2	8,314479E+1	6,156250E+2	9,334937E+1	6,156250E+2	1,055544E+2	6,156250E+2	1,111090E+2	6,156250E+2	1,177525E+2
6,171875E+2	6,424643E+1	6,171875E+2	7,378340E+1	6,171875E+2	8,353731E+1	6,171875E+2	9,398655E+1	6,171875E+2	1,047012E+2	6,171875E+2	1,114695E+2	6,171875E+2	1,188125E+2
6,187500E+2	6,376175E+1	6,187500E+2	7,399654E+1	6,187500E+2	8,424726E+1	6,187500E+2	9,409011E+1	6,187500E+2	1,054395E+2	6,187500E+2	1,124183E+2	6,187500E+2	1,185467E+2
6,203125E+2	6,232918E+1	6,203125E+2	7,342025E+1	6,203125E+2	8,392108E+1	6,203125E+2	9,445654E+1	6,203125E+2	1,047942E+2	6,203125E+2	1,123019E+2	6,203125E+2	1,179713E+2
6,218750E+2	6,375923E+1	6,218750E+2	7,417176E+1	6,218750E+2	8,457828E+1	6,218750E+2	9,474234E+1	6,218750E+2	1,061880E+2	6,218750E+2	1,122775E+2	6,218750E+2	1,186161E+2
6,234375E+2	6,508897E+1	6,234375E+2	7,445625E+1	6,234375E+2	8,491216E+1	6,234375E+2	9,428133E+1	6,234375E+2	1,057872E+2	6,234375E+2	1,121868E+2	6,234375E+2	1,181933E+2
6,250000E+2	6,567801E+1	6,250000E+2	7,503732E+1	6,250000E+2	8,484418E+1	6,250000E+2	9,495113E+1	6,250000E+2	1,066464E+2	6,250000E+2	1,121163E+2	6,250000E+2	1,190880E+2
6,265625E+2	6,552235E+1	6,265625E+2	7,526770E+1	6,265625E+2	8,528290E+1	6,265625E+2	9,553693E+1	6,265625E+2	1,073490E+2	6,265625E+2	1,138632E+2	6,265625E+2	1,191668E+2
6,281250E+2	6,531952E+1	6,281250E+2	7,504496E+1	6,281250E+2	8,591111E+1	6,281250E+2	9,484114E+1	6,281250E+2	1,067966E+2	6,281250E+2	1,139233E+2	6,281250E+2	1,188205E+2
6,296875E+2	6,456066E+1	6,296875E+2	7,438129E+1	6,296875E+2	8,495244E+1	6,296875E+2	9,486256E+1	6,296875E+2	1,065353E+2	6,296875E+2	1,128534E+2	6,296875E+2	1,186494E+2
6,312500E+2	6,640141E+1	6,312500E+2	7,638272E+1	6,312500E+2	8,452585E+1	6,312500E+2	9,598992E+1	6,312500E+2	1,072128E+2	6,312500E+2	1,134725E+2	6,312500E+2	1,190858E+2
6,328125E+2	6,697530E+1	6,328125E+2	7,669198E+1	6,328125E+2	8,530866E+1	6,328125E+2	9,618790E+1	6,328125E+2	1,070771E+2	6,328125E+2	1,123340E+2	6,328125E+2	1,190659E+2
6,343750E+2	6,564752E+1	6,343750E+2	7,693357E+1	6,343750E+2	8,678525E+1	6,343750E+2	9,690472E+1	6,343750E+2	1,075968E+2	6,343750E+2	1,130709E+2	6,343750E+2	1,186712E+2
6,359375E+2	6,665000E+1	6,359375E+2	7,814687E+1	6,359375E+2	8,626755E+1	6,359375E+2	9,653460E+1	6,359375E+2	1,079828E+2	6,359375E+2	1,136670E+2	6,359375E+2	1,184217E+2
6,375000E+2	6,681132E+1	6,375000E+2	7,734278E+1	6,375000E+2	8,706627E+1	6,375000E+2	9,652366E+1	6,375000E+2	1,082127E+2	6,375000E+2	1,139710E+2	6,375000E+2	1,191311E+2
6,390625E+2	6,720947E+1	6,390625E+2	7,658795E+1	6,390625E+2	8,719864E+1	6,390625E+2	9,750826E+1	6,390625E+2	1,081519E+2	6,390625E+2	1,144610E+2	6,390625E+2	1,183075E+2
6,406250E+2	6,822577E+1	6,406250E+2	7,650683E+1	6,406250E+2	8,703972E+1	6,406250E+2	9,729531E+1	6,406250E+2	1,075418E+2	6,406250E+2	1,144622E+2	6,406250E+2	1,179563E+2
6,421875E+2	6,828360E+1	6,421875E+2	7,732182E+1	6,421875E+2	8,840094E+1	6,421875E+2	9,752654E+1	6,421875E+2	1,076010E+2	6,421875E+2	1,141377E+2	6,421875E+2	1,191954E+2
6,437500E+2	6,856222E+1	6,437500E+2	7,744013E+1	6,437500E+2	8,849156E+1	6,437500E+2	9,755043E+1	6,437500E+2	1,089061E+2	6,437500E+2	1,145223E+2	6,437500E+2	1,208394E+2
6,453125E+2	6,811244E+1	6,453125E+2	7,869375E+1	6,453125E+2	8,922449E+1	6,453125E+2	9,943086E+1	6,453125E+2	1,090454E+2	6,453125E+2	1,135577E+2	6,453125E+2	1,192504E+2
6,468750E+2	6,965109E+1	6,468750E+2	7,985877E+1	6,468750E+2	8,966533E+1	6,468750E+2	9,954128E+1	6,468750E+2	1,080735E+2	6,468750E+2	1,128503E+2	6,468750E+2	1,178058E+2
6,484375E+2	6,984557E+1	6,484375E+2	8,086141E+1	6,484375E+2	8,996630E+1	6,484375E+2	9,924898E+1	6,484375E+2	1,082028E+2	6,484375E+2	1,146476E+2	6,484375E+2	1,189391E+2
6,500000E+2	7,006891E+1	6,500000E+2	8,004497E+1	6,500000E+2	9,037155E+1	6,500000E+2	9,921989E+1	6,500000E+2	1,078521E+2	6,500000E+2	1,154757E+2	6,500000E+2	1,202202E+2
6,515625E+2	6,992568E+1	6,515625E+2	8,045919E+1	6,515625E+2	9,071674E+1	6,515625E+2	1,005866E+2	6,515625E+2	1,077175E+2	6,515625E+2	1,148894E+2	6,515625E+2	1,202781E+2
6,531250E+2	7,029441E+1	6,531250E+2	8,127603E+1	6,531250E+2	9,063093E+1	6,531250E+2	1,000916E+2	6,531250E+2	1,088570E+2	6,531250E+2	1,154666E+2	6,531250E+2	1,200168E+2
6,546875E+2	7,103857E+1	6,546875E+2	8,156016E+1	6,546875E+2	9,049392E+1	6,546875E+2	1,007231E+2	6,546875E+2	1,102594E+2	6,546875E+2	1,151538E+2	6,546875E+2	1,191750E+2
6,562500E+2	7,290524E+1	6,562500E+2	8,146216E+1	6,562500E+2	9,070607E+1	6,562500E+2	1,011363E+2	6,562500E+2	1,107523E+2	6,562500E+2	1,141631E+2	6,562500E+2	1,191080E+2
6,578125E+2	7,795762E+1	6,578125E+2	8,274542E+1	6,578125E+2	9,153749E+1	6,578125E+2	1,014004E+2	6,578125E+2	1,102149E+2	6,578125E+2	1,138196E+2	6,578125E+2	1,186227E+2
6,593750E+2	8,949866E+1	6,593750E+2	8,966803E+1	6,593750E+2	9,374651E+1	6,593750E+2	1,022560E+2	6,593750E+2	1,102249E+2	6,593750E+2	1,146673E+2	6,593750E+2	1,180321E+2
6,609375E+2	8,911491E+1	6,609375E+2	8,873693E+1	6,609375E+2	9,441932E+1	6,609375E+2	1,019124E+2	6,609375E+2	1,097290E+2	6,609375E+2	1,147155E+2	6,609375E+2	1,182716E+2
6,625000E+2	7,723084E+1	6,625000E+2	8,261804E+1	6,625000E+2	9,148779E+1	6,625000E+2	1,017319E+2	6,625000E+2	1,101175E+2	6,625000E+2	1,141266E+2	6,625000E+2	1,193717E+2
6,640625E+2	7,243665E+1	6,640625E+2	8,263265E+1	6,640625E+2	9,294870E+1	6,640625E+2	1,022657E+2	6,640625E+2	1,094783E+2	6,640625E+2	1,140695E+2	6,640625E+2	1,190769E+2
6,656250E+2	7,382806E+1	6,656250E+2	8,320340E+1	6,656250E+2	9,403101E+1	6,656250E+2	1,014659E+2	6,656250E+2	1,098945E+2	6,656250E+2	1,140009E+2	6,656250E+2	1,176180E+2
6,671875E+2	7,389356E+1	6,671875E+2	8,246575E+1	6,671875E+2	9,405619E+1	6,671875E+2	1,012183E+2	6,671875E+2	1,107009E+2	6,671875E+2	1,133753E+2	6,671875E+2	1,178521E+2
6,687500E+2	7,321526E+1	6,687500E+2	8,306329E+1	6,687500E+2	9,350804E+1	6,687500E+2	1,019932E+2	6,687500E+2	1,097097E+2	6,687500E+2	1,147869E+2	6,687500E+2	1,176409E+2
6,703125E+2	7,235750E+1	6,703125E+2	8,345499E+1	6,703125E+2	9,239657E+1	6,703125E+2	1,023279E+2	6,703125E+2	1,098532E+2	6,703125E+2	1,145347E+2	6,703125E+2	1,179267E+2
6,718750E+2	7,342512E+1	6,718750E+2	8,342294E+1	6,718750E+2	9,167032E+1	6,718750E+2	1,021639E+2	6,718750E+2	1,093290E+2	6,718750E+2	1,150736E+2	6,718750E+2	1,172024E+2
6,734375E+2	7,315219E+1	6,734375E+2	8,329607E+1	6,734375E+2	9,328496E+1	6,734375E+2	1,029754E+2	6,734375E+2	1,082797E+2	6,734375E+2	1,152763E+2	6,734375E+2	1,182967E+2
6,750000E+2	7,297623E+1	6,750000E+2	8,346861E+1	6,750000E+2	9,362812E+1	6,750000E+2	1,029783E+2	6,750000E+2	1,081950E+2	6,750000E+2	1,130986E+2	6,750000E+2	1,178124E+2
6,765625E+2	7,247831E+1	6,765625E+2	8,355030E+1	6,765625E+2	9,319541E+1	6,765625E+2	1,028564E+2	6,765625E+2	1,092017E+2	6,765625E+2	1,130892E+2	6,765625E+2	1,183895E+2
6,781250E+2	7,261402E+1	6,781250E+2	8,170718E+1	6,781250E+2	9,259233E+1	6,781250E+2	1,025119E+2	6,781250E+2	1,093997E+2	6,781250E+2	1,145162E+2	6,781250E+2	1,180687E+2
6,796875E+2	7,246105E+1	6,796875E+2	8,126082E+1	6,796875E+2	9,071733E+1	6,796875E+2	1,008258E+2	6,796875E+2	1,094386E+2	6,796875E+2	1,133145E+2	6,796875E+2	1,176747E+2
6,812500E+2	7,238202E+1	6,812500E+2	8,265985E+1	6,812500E+2	9,153194E+1	6,812500E+2	1,005542E+2	6,812500E+2	1,099103E+2	6,812500E+2	1,119610E+2	6,812500E+2	1,170346E+2
6,828125E+2	7,081403E+1	6,828125E+2	8,100714E+1	6,828125E+2	9,092768E+1	6,828125E+2	1,014018E+2	6,828125E+2	1,087360E+2	6,828125E+2	1,116873E+2	6,828125E+2	1,164968E+2
6,843750E+2	7,010966E+1	6,843750E+2	8,080858E+1	6,843750E+2	9,043692E+1	6,843750E+2	1,013589E+2	6,843750E+2	1,080816E+2	6,843750E+2	1,125104E+2	6,843750E+2	1,163429E+2
6,859375E+2	6,980602E+1	6,859375E+2	8,042300E+1	6,859375E+2	9,062828E+1	6,859375E+2	1,004314E+2	6,859375E+2	1,074558E+2	6,859375E+2	1,121984E+2	6,859375E+2	1,174235E+2
6,875000E+2	7,030996E+1	6,875000E+2	8,065952E+1	6,875000E+2	9,074227E+1	6,875000E+2	1,000400E+2	6,875000E+2	1,091510E+2	6,875000E+2	1,108812E+2	6,875000E+2	1,159749E+2
6,890625E+2	7,053246E+1	6,890625E+2	8,005928E+1	6,890625E+2	9,001605E+1	6,890625E+2	9,967095E+1	6,890625E+2	1,078307E+2	6,890625E+2	1,111525E+2	6,890625E+2	1,153902E+2
6,906250E+2	6,926061E+1	6,906250E+2	7,964920E+1	6,906250E+2	8,969456E+1	6,906250E+2	9,958172E+1	6,906250E+2	1,072145E+2	6,906250E+2	1,112358E+2	6,906250E+2	1,157350E+2
6,921875E+2	6,862244E+1	6,921875E+2	7,981026E+1	6,921875E+2	8,818793E+1	6,921875E+2	9,925930E+1	6,921875E+2	1,071697E+2	6,921875E+2	1,107773E+2	6,921875E+2	1,159514E+2
6,937500E+2	6,848185E+1	6,937500E+2	7,915130E+1	6,937500E+2	8,884483E+1	6,937500E+2	9,888328E+1	6,937500E+2	1,077024E+2	6,937500E+2	1,121030E+2	6,937500E+2	1,154375E+2
6,953125E+2	6,853166E+1	6,953125E+2	7,954281E+1	6,953125E+2	8,791660E+1	6,953125E+2	9,950460E+1	6,953125E+2	1,072053E+2	6,953125E+2	1,128770E+2	6,953125E+2	1,145285E+2
6,968750E+2	6,831275E+1	6,968750E+2	7,927380E+1	6,968750E+2	8,880104E+1	6,968750E+2	9,833081E+1	6,968750E+2	1,070712E+2	6,968750E+2	1,121085E+2	6,968750E+2	1,142264E+2
6,984375E+2	6,853105E+1	6,984375E+2	7,796671E+1	6,984375E+2	8,879933E+1	6,984375E+2	9,830810E+1	6,984375E+2	1,075445E+2	6,984375E+2	1,117308E+2	6,984375E+2	1,151463E+2
7,000000E+2	6,759559E+1	7,000000E+2	7,734111E+1	7,000000E+2	8,802831E+1	7,000000E+2	9,771718E+1	7,000000E+2	1,072133E+2	7,000000E+2	1,119645E+2	7,000000E+2	1,162572E+2
7,015625E+2	6,803590E+1	7,015625E+2	7,783490E+1	7,015625E+2	8,824092E+1	7,015625E+2	9,634892E+1	7,015625E+2	1,064954E+2	7,015625E+2	1,112810E+2	7,015625E+2	1,163112E+2
7,031250E+2	6,881612E+1	7,031250E+2	7,826220E+1	7,031250E+2	8,814944E+1	7,031250E+2	9,765245E+1	7,031250E+2	1,056543E+2	7,031250E+2	1,103189E+2	7,031250E+2	1,158302E+2
7,046875E+2	6,806119E+1	7,046875E+2	7,788786E+1	7,046875E+2	8,819236E+1	7,046875E+2	9,723720E+1	7,046875E+2	1,052715E+2	7,046875E+2	1,107617E+2	7,046875E+2	1,154257E+2
7,062500E+2	6,625590E+1	7,062500E+2	7,647371E+1	7,062500E+2	8,685901E+1	7,062500E+2	9,754015E+1	7,062500E+2	1,055917E+2	7,062500E+2	1,111906E+2	7,062500E+2	1,146442E+2
7,078125E+2	6,649762E+1	7,078125E+2	7,736094E+1	7,078125E+2	8,709059E+1	7,078125E+2	9,725421E+1	7,078125E+2	1,055581E+2	7,078125E+2	1,115235E+2	7,078125E+2	1,144053E+2
7,093750E+2	6,688086E+1	7,093750E+2	7,674097E+1	7,093750E+2	8,783247E+1	7,093750E+2	9,713869E+1	7,093750E+2	1,052647E+2	7,093750E+2	1,107607E+2	7,093750E+2	1,145415E+2
7,109375E+2	6,675848E+1	7,109375E+2	7,608116E+1	7,109375E+2	8,775526E+1	7,109375E+2	9,674278E+1	7,109375E+2	1,048829E+2	7,109375E+2	1,091295E+2	7,109375E+2	1,147665E+2
7,125000E+2	6,631272E+1	7,125000E+2	7,683756E+1	7,125000E+2	8,818717E+1	7,125000E+2	9,549749E+1	7,125000E+2	1,049464E+2	7,125000E+2	1,093096E+2	7,125000E+2	1,138629E+2
7,140625E+2	6,617113E+1	7,140625E+2	7,637037E+1	7,140625E+2	8,726562E+1	7,140625E+2	9,573499E+1	7,140625E+2	1,049060E+2	7,140625E+2	1,095861E+2	7,140625E+2	1,128882E+2
7,156250E+2	6,715672E+1	7,156250E+2	7,612377E+1	7,156250E+2	8,619295E+1	7,156250E+2	9,599339E+1	7,156250E+2	1,049757E+2	7,156250E+2	1,098492E+2	7,156250E+2	1,135621E+2
7,171875E+2	6,589112E+1	7,171875E+2	7,670397E+1	7,171875E+2	8,573206E+1	7,171875E+2	9,573261E+1	7,171875E+2	1,051084E+2	7,171875E+2	1,101096E+2	7,171875E+2	1,137639E+2
7,187500E+2	6,988891E+1	7,187500E+2	7,757139E+1	7,187500E+2	8,767054E+1	7,187500E+2	9,624587E+1	7,187500E+2	1,044323E+2	7,187500E+2	1,097114E+2	7,187500E+2	1,150809E+2
7,203125E+2	7,175022E+1	7,203125E+2	7,631713E+1	7,203125E+2	8,738802E+1	7,203125E+2	9,574190E+1	7,203125E+2	1,043265E+2	7,203125E+2	1,092735E+2	7,203125E+2	1,142826E+2
7,218750E+2	6,678554E+1	7,218750E+2	7,540626E+1	7,218750E+2	8,592466E+1	7,218750E+2	9,487123E+1	7,218750E+2	1,049153E+2	7,218750E+2	1,088718E+2	7,218750E+2	1,143610E+2
7,234375E+2	6,505863E+1	7,234375E+2	7,629730E+1	7,234375E+2	8,526343E+1	7,234375E+2	9,552120E+1	7,234375E+2	1,040530E+2	7,234375E+2	1,086130E+2	7,234375E+2	1,127283E+2
7,250000E+2	6,512087E+1	7,250000E+2	7,586631E+1	7,250000E+2	8,467691E+1	7,250000E+2	9,529257E+1	7,250000E+2	1,038080E+2	7,250000E+2	1,078796E+2	7,250000E+2	1,140123E+2
7,265625E+2	6,575166E+1	7,265625E+2	7,567704E+1	7,265625E+2	8,393578E+1	7,265625E+2	9,420418E+1	7,265625E+2	1,047148E+2	7,265625E+2	1,092437E+2	7,265625E+2	1,133462E+2
7,281250E+2	6,473399E+1	7,281250E+2	7,528542E+1	7,281250E+2	8,389330E+1	7,281250E+2	9,521752E+1	7,281250E+2	1,051711E+2	7,281250E+2	1,092765E+2	7,281250E+2	1,122873E+2
7,296875E+2	6,450881E+1	7,296875E+2	7,396699E+1	7,296875E+2	8,462547E+1	7,296875E+2	9,533598E+1	7,296875E+2	1,046148E+2	7,296875E+2	1,083122E+2	7,296875E+2	1,126252E+2
7,312500E+2	6,402973E+1	7,312500E+2	7,347480E+1	7,312500E+2	8,594004E+1	7,312500E+2	9,480593E+1	7,312500E+2	1,042954E+2	7,312500E+2	1,087949E+2	7,312500E+2	1,127764E+2
7,328125E+2	6,431059E+1	7,328125E+2	7,393483E+1	7,328125E+2	8,528130E+1	7,328125E+2	9,541826E+1	7,328125E+2	1,046666E+2	7,328125E+2	1,096854E+2	7,328125E+2	1,122893E+2
7,343750E+2	6,526473E+1	7,343750E+2	7,422581E+1	7,343750E+2	8,464307E+1	7,343750E+2	9,376434E+1	7,343750E+2	1,050323E+2	7,343750E+2	1,095867E+2	7,343750E+2	1,131091E+2
7,359375E+2	6,518194E+1	7,359375E+2	7,462663E+1	7,359375E+2	8,349402E+1	7,359375E+2	9,471135E+1	7,359375E+2	1,033642E+2	7,359375E+2	1,088084E+2	7,359375E+2	1,130111E+2
7,375000E+2	6,448359E+1	7,375000E+2	7,417006E+1	7,375000E+2	8,393329E+1	7,375000E+2	9,429553E+1	7,375000E+2	1,028145E+2	7,375000E+2	1,087825E+2	7,375000E+2	1,134632E+2
7,390625E+2	6,386388E+1	7,390625E+2	7,463457E+1	7,390625E+2	8,449411E+1	7,390625E+2	9,371517E+1	7,390625E+2	1,043600E+2	7,390625E+2	1,094368E+2	7,390625E+2	1,139888E+2
7,406250E+2	6,407968E+1	7,406250E+2	7,464726E+1	7,406250E+2	8,509098E+1	7,406250E+2	9,338431E+1	7,406250E+2	1,034616E+2	7,406250E+2	1,082142E+2	7,406250E+2	1,138149E+2
7,421875E+2	6,468235E+1	7,421875E+2	7,484387E+1	7,421875E+2	8,505339E+1	7,421875E+2	9,334563E+1	7,421875E+2	1,032851E+2	7,421875E+2	1,090569E+2	7,421875E+2	1,133857E+2
7,437500E+2	6,379120E+1	7,437500E+2	7,237775E+1	7,437500E+2	8,332135E+1	7,437500E+2	9,419734E+1	7,437500E+2	1,038030E+2	7,437500E+2	1,087896E+2	7,437500E+2	1,132291E+2
7,453125E+2	6,447084E+1	7,453125E+2	7,309807E+1	7,453125E+2	8,238515E+1	7,453125E+2	9,327760E+1	7,453125E+2	1,027927E+2	7,453125E+2	1,081524E+2	7,453125E+2	1,120177E+2
7,468750E+2	6,359689E+1	7,468750E+2	7,425729E+1	7,468750E+2	8,415543E+1	7,468750E+2	9,347721E+1	7,468750E+2	1,032098E+2	7,468750E+2	1,083149E+2	7,468750E+2	1,125205E+2
7,484375E+2	6,296957E+1	7,484375E+2	7,440277E+1	7,484375E+2	8,482147E+1	7,484375E+2	9,373355E+1	7,484375E+2	1,034823E+2	7,484375E+2	1,089671E+2	7,484375E+2	1,130049E+2
7,500000E+2	6,379124E+1	7,500000E+2	7,452964E+1	7,500000E+2	8,489985E+1	7,500000E+2	9,374970E+1	7,500000E+2	1,034315E+2	7,500000E+2	1,092526E+2	7,500000E+2	1,132630E+2
7,515625E+2	6,411255E+1	7,515625E+2	7,390362E+1	7,515625E+2	8,375552E+1	7,515625E+2	9,364119E+1	7,515625E+2	1,031918E+2	7,515625E+2	1,090040E+2	7,515625E+2	1,130079E+2
7,531250E+2	6,402520E+1	7,531250E+2	7,438125E+1	7,531250E+2	8,365848E+1	7,531250E+2	9,295771E+1	7,531250E+2	1,031280E+2	7,531250E+2	1,084015E+2	7,531250E+2	1,131248E+2
7,546875E+2	6,363547E+1	7,546875E+2	7,461769E+1	7,546875E+2	8,524855E+1	7,546875E+2	9,256695E+1	7,546875E+2	1,042008E+2	7,546875E+2	1,087188E+2	7,546875E+2	1,131162E+2
7,562500E+2	6,420438E+1	7,562500E+2	7,444793E+1	7,562500E+2	8,416618E+1	7,562500E+2	9,336351E+1	7,562500E+2	1,019618E+2	7,562500E+2	1,092531E+2	7,562500E+2	1,116909E+2
7,578125E+2	6,372706E+1	7,578125E+2	7,337437E+1	7,578125E+2	8,423531E+1	7,578125E+2	9,374604E+1	7,578125E+2	1,032606E+2	7,578125E+2	1,094342E+2	7,578125E+2	1,133109E+2
7,593750E+2	6,402971E+1	7,593750E+2	7,359232E+1	7,593750E+2	8,446122E+1	7,593750E+2	9,427588E+1	7,593750E+2	1,040580E+2	7,593750E+2	1,097009E+2	7,593750E+2	1,131815E+2
7,609375E+2	6,484242E+1	7,609375E+2	7,356844E+1	7,609375E+2	8,515756E+1	7,609375E+2	9,403447E+1	7,609375E+2	1,031486E+2	7,609375E+2	1,095558E+2	7,609375E+2	1,120886E+2
7,625000E+2	6,360605E+1	7,625000E+2	7,331737E+1	7,625000E+2	8,484271E+1	7,625000E+2	9,394998E+1	7,625000E+2	1,040532E+2	7,625000E+2	1,098115E+2	7,625000E+2	1,127519E+2
7,640625E+2	6,433940E+1	7,640625E+2	7,380280E+1	7,640625E+2	8,361430E+1	7,640625E+2	9,357885E+1	7,640625E+2	1,043928E+2	7,640625E+2	1,085997E+2	7,640625E+2	1,126152E+2
7,656250E+2	6,392301E+1	7,656250E+2	7,335733E+1	7,656250E+2	8,372935E+1	7,656250E+2	9,377321E+1	7,656250E+2	1,048414E+2	7,656250E+2	1,086397E+2	7,656250E+2	1,123539E+2
7,671875E+2	6,410231E+1	7,671875E+2	7,476219E+1	7,671875E+2	8,471685E+1	7,671875E+2	9,346388E+1	7,671875E+2	1,047961E+2	7,671875E+2	1,090932E+2	7,671875E+2	1,115377E+2
7,687500E+2	6,376468E+1	7,687500E+2	7,550082E+1	7,687500E+2	8,430055E+1	7,687500E+2	9,385992E+1	7,687500E+2	1,047927E+2	7,687500E+2	1,096543E+2	7,687500E+2	1,138011E+2
7,703125E+2	6,524049E+1	7,703125E+2	7,471526E+1	7,703125E+2	8,412585E+1	7,703125E+2	9,482233E+1	7,703125E+2	1,041248E+2	7,703125E+2	1,090907E+2	7,703125E+2	1,134710E+2
7,718750E+2	6,445212E+1	7,718750E+2	7,427557E+1	7,718750E+2	8,390922E+1	7,718750E+2	9,508324E+1	7,718750E+2	1,040278E+2	7,718750E+2	1,102496E+2	7,718750E+2	1,137509E+2
7,734375E+2	6,509279E+1	7,734375E+2	7,415484E+1	7,734375E+2	8,380216E+1	7,734375E+2	9,447475E+1	7,734375E+2	1,039542E+2	7,734375E+2	1,092983E+2	7,734375E+2	1,133135E+2
7,750000E+2	6,452409E+1	7,750000E+2	7,448558E+1	7,750000E+2	8,526608E+1	7,750000E+2	9,512773E+1	7,750000E+2	1,052860E+2	7,750000E+2	1,096567E+2	7,750000E+2	1,133674E+2
7,765625E+2	6,529837E+1	7,765625E+2	7,421133E+1	7,765625E+2	8,584229E+1	7,765625E+2	9,383573E+1	7,765625E+2	1,053466E+2	7,765625E+2	1,104436E+2	7,765625E+2	1,139968E+2
7,781250E+2	7,384930E+1	7,781250E+2	7,588266E+1	7,781250E+2	8,458797E+1	7,781250E+2	9,393175E+1	7,781250E+2	1,048871E+2	7,781250E+2	1,098326E+2	7,781250E+2	1,137860E+2
7,796875E+2	8,239121E+1	7,796875E+2	8,255554E+1	7,796875E+2	8,454570E+1	7,796875E+2	9,473075E+1	7,796875E+2	1,044810E+2	7,796875E+2	1,092550E+2	7,796875E+2	1,127650E+2
7,812500E+2	7,973404E+1	7,812500E+2	8,033354E+1	7,812500E+2	8,659406E+1	7,812500E+2	9,408437E+1	7,812500E+2	1,052552E+2	7,812500E+2	1,093799E+2	7,812500E+2	1,131204E+2
7,828125E+2	6,760659E+1	7,828125E+2	7,557293E+1	7,828125E+2	8,615611E+1	7,828125E+2	9,422282E+1	7,828125E+2	1,053359E+2	7,828125E+2	1,095229E+2	7,828125E+2	1,139115E+2
7,843750E+2	6,567579E+1	7,843750E+2	7,523842E+1	7,843750E+2	8,592345E+1	7,843750E+2	9,515763E+1	7,843750E+2	1,054365E+2	7,843750E+2	1,099726E+2	7,843750E+2	1,132355E+2
7,859375E+2	6,510701E+1	7,859375E+2	7,514669E+1	7,859375E+2	8,523492E+1	7,859375E+2	9,600878E+1	7,859375E+2	1,062787E+2	7,859375E+2	1,101696E+2	7,859375E+2	1,133640E+2
7,875000E+2	6,560172E+1	7,875000E+2	7,576466E+1	7,875000E+2	8,461982E+1	7,875000E+2	9,511921E+1	7,875000E+2	1,066954E+2	7,875000E+2	1,105931E+2	7,875000E+2	1,137329E+2
7,890625E+2	6,557319E+1	7,890625E+2	7,547529E+1	7,890625E+2	8,545092E+1	7,890625E+2	9,427549E+1	7,890625E+2	1,053804E+2	7,890625E+2	1,107631E+2	7,890625E+2	1,146455E+2
7,906250E+2	6,429270E+1	7,906250E+2	7,549735E+1	7,906250E+2	8,607040E+1	7,906250E+2	9,524978E+1	7,906250E+2	1,056230E+2	7,906250E+2	1,100343E+2	7,906250E+2	1,146717E+2
7,921875E+2	6,565876E+1	7,921875E+2	7,579536E+1	7,921875E+2	8,651028E+1	7,921875E+2	9,586230E+1	7,921875E+2	1,058117E+2	7,921875E+2	1,102167E+2	7,921875E+2	1,147366E+2
7,937500E+2	6,540696E+1	7,937500E+2	7,576687E+1	7,937500E+2	8,645249E+1	7,937500E+2	9,579920E+1	7,937500E+2	1,060977E+2	7,937500E+2	1,113190E+2	7,937500E+2	1,152960E+2
7,953125E+2	6,608672E+1	7,953125E+2	7,621656E+1	7,953125E+2	8,637159E+1	7,953125E+2	9,668517E+1	7,953125E+2	1,065153E+2	7,953125E+2	1,111311E+2	7,953125E+2	1,157151E+2
7,968750E+2	6,604990E+1	7,968750E+2	7,637952E+1	7,968750E+2	8,667601E+1	7,968750E+2	9,661704E+1	7,968750E+2	1,063583E+2	7,968750E+2	1,107619E+2	7,968750E+2	1,155211E+2
7,984375E+2	6,615832E+1	7,984375E+2	7,621439E+1	7,984375E+2	8,671554E+1	7,984375E+2	9,657992E+1	7,984375E+2	1,061223E+2	7,984375E+2	1,118432E+2	7,984375E+2	1,157629E+2
8,000000E+2	6,611634E+1	8,000000E+2	7,673764E+1	8,000000E+2	8,572324E+1	8,000000E+2	9,569568E+1	8,000000E+2	1,062483E+2	8,000000E+2	1,118323E+2	8,000000E+2	1,149027E+2
8,015625E+2	6,645999E+1	8,015625E+2	7,709502E+1	8,015625E+2	8,773551E+1	8,015625E+2	9,676689E+1	8,015625E+2	1,067199E+2	8,015625E+2	1,113977E+2	8,015625E+2	1,158328E+2
8,031250E+2	6,700402E+1	8,031250E+2	7,718090E+1	8,031250E+2	8,805371E+1	8,031250E+2	9,780899E+1	8,031250E+2	1,067602E+2	8,031250E+2	1,111793E+2	8,031250E+2	1,167498E+2
8,046875E+2	6,779943E+1	8,046875E+2	7,688350E+1	8,046875E+2	8,766291E+1	8,046875E+2	9,707834E+1	8,046875E+2	1,072893E+2	8,046875E+2	1,105028E+2	8,046875E+2	1,172407E+2
8,062500E+2	6,767648E+1	8,062500E+2	7,776294E+1	8,062500E+2	8,849505E+1	8,062500E+2	9,661440E+1	8,062500E+2	1,086023E+2	8,062500E+2	1,106075E+2	8,062500E+2	1,169971E+2
8,078125E+2	6,806711E+1	8,078125E+2	7,760040E+1	8,078125E+2	8,825639E+1	8,078125E+2	9,769259E+1	8,078125E+2	1,082263E+2	8,078125E+2	1,124643E+2	8,078125E+2	1,168583E+2
8,093750E+2	6,817047E+1	8,093750E+2	7,816568E+1	8,093750E+2	8,740944E+1	8,093750E+2	9,874251E+1	8,093750E+2	1,083273E+2	8,093750E+2	1,128072E+2	8,093750E+2	1,172601E+2
8,109375E+2	6,908467E+1	8,109375E+2	7,916854E+1	8,109375E+2	8,889775E+1	8,109375E+2	9,836093E+1	8,109375E+2	1,090612E+2	8,109375E+2	1,120226E+2	8,109375E+2	1,174643E+2
8,125000E+2	6,854043E+1	8,125000E+2	7,751717E+1	8,125000E+2	8,950355E+1	8,125000E+2	9,820283E+1	8,125000E+2	1,083159E+2	8,125000E+2	1,123127E+2	8,125000E+2	1,175618E+2
8,140625E+2	6,940040E+1	8,140625E+2	7,866086E+1	8,140625E+2	8,947123E+1	8,140625E+2	9,826621E+1	8,140625E+2	1,084450E+2	8,140625E+2	1,123102E+2	8,140625E+2	1,170933E+2
8,156250E+2	7,022534E+1	8,156250E+2	7,834492E+1	8,156250E+2	8,799926E+1	8,156250E+2	9,793444E+1	8,156250E+2	1,092881E+2	8,156250E+2	1,133624E+2	8,156250E+2	1,179184E+2
8,171875E+2	7,030072E+1	8,171875E+2	7,955255E+1	8,171875E+2	8,766323E+1	8,171875E+2	9,851881E+1	8,171875E+2	1,093558E+2	8,171875E+2	1,132735E+2	8,171875E+2	1,178671E+2
8,187500E+2	6,972073E+1	8,187500E+2	7,969071E+1	8,187500E+2	8,948740E+1	8,187500E+2	9,936828E+1	8,187500E+2	1,095604E+2	8,187500E+2	1,129475E+2	8,187500E+2	1,167443E+2
8,203125E+2	7,039457E+1	8,203125E+2	8,054901E+1	8,203125E+2	8,982703E+1	8,203125E+2	9,986125E+1	8,203125E+2	1,096073E+2	8,203125E+2	1,130556E+2	8,203125E+2	1,167402E+2
8,218750E+2	7,050967E+1	8,218750E+2	8,060542E+1	8,218750E+2	8,959771E+1	8,218750E+2	1,003463E+2	8,218750E+2	1,091958E+2	8,218750E+2	1,131165E+2	8,218750E+2	1,174586E+2
8,234375E+2	6,992037E+1	8,234375E+2	8,054848E+1	8,234375E+2	9,024976E+1	8,234375E+2	1,011030E+2	8,234375E+2	1,082876E+2	8,234375E+2	1,134804E+2	8,234375E+2	1,168158E+2
8,250000E+2	6,931364E+1	8,250000E+2	8,060315E+1	8,250000E+2	9,030078E+1	8,250000E+2	1,010585E+2	8,250000E+2	1,098762E+2	8,250000E+2	1,148794E+2	8,250000E+2	1,177245E+2
8,265625E+2	6,997446E+1	8,265625E+2	8,157614E+1	8,265625E+2	9,079949E+1	8,265625E+2	1,009458E+2	8,265625E+2	1,094384E+2	8,265625E+2	1,145151E+2	8,265625E+2	1,182183E+2
8,281250E+2	7,140302E+1	8,281250E+2	8,085893E+1	8,281250E+2	9,086884E+1	8,281250E+2	9,989604E+1	8,281250E+2	1,092507E+2	8,281250E+2	1,145441E+2	8,281250E+2	1,177685E+2
8,296875E+2	7,129677E+1	8,296875E+2	8,014926E+1	8,296875E+2	9,157799E+1	8,296875E+2	1,003123E+2	8,296875E+2	1,084456E+2	8,296875E+2	1,143674E+2	8,296875E+2	1,185726E+2
8,312500E+2	7,128067E+1	8,312500E+2	8,004965E+1	8,312500E+2	9,224431E+1	8,312500E+2	1,012085E+2	8,312500E+2	1,089892E+2	8,312500E+2	1,149041E+2	8,312500E+2	1,188549E+2
8,328125E+2	7,106485E+1	8,328125E+2	8,179300E+1	8,328125E+2	9,237477E+1	8,328125E+2	1,014737E+2	8,328125E+2	1,096326E+2	8,328125E+2	1,152238E+2	8,328125E+2	1,177448E+2
8,343750E+2	7,173339E+1	8,343750E+2	8,121687E+1	8,343750E+2	9,160564E+1	8,343750E+2	1,011297E+2	8,343750E+2	1,108488E+2	8,343750E+2	1,158143E+2	8,343750E+2	1,166095E+2
8,359375E+2	7,065988E+1	8,359375E+2	8,072755E+1	8,359375E+2	9,201656E+1	8,359375E+2	1,003424E+2	8,359375E+2	1,113526E+2	8,359375E+2	1,154694E+2	8,359375E+2	1,178834E+2
8,375000E+2	7,205246E+1	8,375000E+2	8,167699E+1	8,375000E+2	9,196076E+1	8,375000E+2	1,007590E+2	8,375000E+2	1,111781E+2	8,375000E+2	1,145103E+2	8,375000E+2	1,185964E+2
8,390625E+2	7,640224E+1	8,390625E+2	8,206963E+1	8,390625E+2	9,215837E+1	8,390625E+2	1,010175E+2	8,390625E+2	1,111793E+2	8,390625E+2	1,136604E+2	8,390625E+2	1,177959E+2
8,406250E+2	7,667597E+1	8,406250E+2	8,093373E+1	8,406250E+2	9,175963E+1	8,406250E+2	1,013668E+2	8,406250E+2	1,101793E+2	8,406250E+2	1,140957E+2	8,406250E+2	1,184064E+2
8,421875E+2	7,157377E+1	8,421875E+2	8,113955E+1	8,421875E+2	9,220220E+1	8,421875E+2	1,010733E+2	8,421875E+2	1,104601E+2	8,421875E+2	1,147160E+2	8,421875E+2	1,182336E+2
8,437500E+2	7,067922E+1	8,437500E+2	8,167407E+1	8,437500E+2	9,081031E+1	8,437500E+2	9,975394E+1	8,437500E+2	1,102689E+2	8,437500E+2	1,146413E+2	8,437500E+2	1,182632E+2
8,453125E+2	7,085384E+1	8,453125E+2	8,178907E+1	8,453125E+2	9,036849E+1	8,453125E+2	9,987866E+1	8,453125E+2	1,098365E+2	8,453125E+2	1,142565E+2	8,453125E+2	1,180409E+2
8,468750E+2	6,993032E+1	8,468750E+2	8,042686E+1	8,468750E+2	9,071496E+1	8,468750E+2	1,006865E+2	8,468750E+2	1,106305E+2	8,468750E+2	1,130480E+2	8,468750E+2	1,175705E+2
8,484375E+2	7,031459E+1	8,484375E+2	7,986200E+1	8,484375E+2	8,969202E+1	8,484375E+2	1,007319E+2	8,484375E+2	1,091125E+2	8,484375E+2	1,127503E+2	8,484375E+2	1,173881E+2
8,500000E+2	7,021350E+1	8,500000E+2	7,997488E+1	8,500000E+2	8,953301E+1	8,500000E+2	9,945479E+1	8,500000E+2	1,087307E+2	8,500000E+2	1,135529E+2	8,500000E+2	1,182358E+2
8,515625E+2	6,963077E+1	8,515625E+2	8,022154E+1	8,515625E+2	8,936414E+1	8,515625E+2	9,953589E+1	8,515625E+2	1,081743E+2	8,515625E+2	1,131294E+2	8,515625E+2	1,188373E+2
8,531250E+2	7,020726E+1	8,531250E+2	7,890236E+1	8,531250E+2	8,874880E+1	8,531250E+2	9,923852E+1	8,531250E+2	1,082040E+2	8,531250E+2	1,117767E+2	8,531250E+2	1,186623E+2
8,546875E+2	6,996076E+1	8,546875E+2	7,924227E+1	8,546875E+2	8,879388E+1	8,546875E+2	9,882108E+1	8,546875E+2	1,093757E+2	8,546875E+2	1,110670E+2	8,546875E+2	1,179923E+2
8,562500E+2	6,945586E+1	8,562500E+2	8,010991E+1	8,562500E+2	8,880743E+1	8,562500E+2	9,857124E+1	8,562500E+2	1,090284E+2	8,562500E+2	1,124544E+2	8,562500E+2	1,168603E+2
8,578125E+2	6,935480E+1	8,578125E+2	7,974854E+1	8,578125E+2	8,930844E+1	8,578125E+2	9,855650E+1	8,578125E+2	1,082001E+2	8,578125E+2	1,124157E+2	8,578125E+2	1,156332E+2
8,593750E+2	6,797952E+1	8,593750E+2	7,928415E+1	8,593750E+2	8,919830E+1	8,593750E+2	9,866394E+1	8,593750E+2	1,073266E+2	8,593750E+2	1,118578E+2	8,593750E+2	1,150908E+2
8,609375E+2	6,753071E+1	8,609375E+2	7,779042E+1	8,609375E+2	8,793400E+1	8,609375E+2	9,766825E+1	8,609375E+2	1,068942E+2	8,609375E+2	1,120082E+2	8,609375E+2	1,154189E+2
8,625000E+2	6,677547E+1	8,625000E+2	7,732091E+1	8,625000E+2	8,707409E+1	8,625000E+2	9,719671E+1	8,625000E+2	1,066014E+2	8,625000E+2	1,117792E+2	8,625000E+2	1,145446E+2
8,640625E+2	6,654276E+1	8,640625E+2	7,740222E+1	8,640625E+2	8,614931E+1	8,640625E+2	9,683596E+1	8,640625E+2	1,061745E+2	8,640625E+2	1,117282E+2	8,640625E+2	1,144393E+2
8,656250E+2	6,733549E+1	8,656250E+2	7,866177E+1	8,656250E+2	8,746351E+1	8,656250E+2	9,678107E+1	8,656250E+2	1,062957E+2	8,656250E+2	1,111976E+2	8,656250E+2	1,154265E+2
8,671875E+2	6,688822E+1	8,671875E+2	7,661643E+1	8,671875E+2	8,724223E+1	8,671875E+2	9,677840E+1	8,671875E+2	1,060651E+2	8,671875E+2	1,102106E+2	8,671875E+2	1,151328E+2
8,687500E+2	6,566116E+1	8,687500E+2	7,689731E+1	8,687500E+2	8,626108E+1	8,687500E+2	9,508672E+1	8,687500E+2	1,058318E+2	8,687500E+2	1,103819E+2	8,687500E+2	1,149397E+2
8,703125E+2	6,592004E+1	8,703125E+2	7,680714E+1	8,703125E+2	8,649226E+1	8,703125E+2	9,527417E+1	8,703125E+2	1,055964E+2	8,703125E+2	1,104623E+2	8,703125E+2	1,146867E+2
8,718750E+2	6,549534E+1	8,718750E+2	7,554653E+1	8,718750E+2	8,633308E+1	8,718750E+2	9,464618E+1	8,718750E+2	1,056710E+2	8,718750E+2	1,102903E+2	8,718750E+2	1,152007E+2
8,734375E+2	6,553415E+1	8,734375E+2	7,560151E+1	8,734375E+2	8,592657E+1	8,734375E+2	9,503856E+1	8,734375E+2	1,050092E+2	8,734375E+2	1,098396E+2	8,734375E+2	1,151181E+2
8,750000E+2	6,574689E+1	8,750000E+2	7,541060E+1	8,750000E+2	8,572761E+1	8,750000E+2	9,509563E+1	8,750000E+2	1,043496E+2	8,750000E+2	1,093779E+2	8,750000E+2	1,157119E+2
8,765625E+2	6,430834E+1	8,765625E+2	7,523639E+1	8,765625E+2	8,491663E+1	8,765625E+2	9,426165E+1	8,765625E+2	1,036320E+2	8,765625E+2	1,091628E+2	8,765625E+2	1,145116E+2
8,781250E+2	6,437176E+1	8,781250E+2	7,518766E+1	8,781250E+2	8,400391E+1	8,781250E+2	9,415011E+1	8,781250E+2	1,033809E+2	8,781250E+2	1,087218E+2	8,781250E+2	1,131020E+2
8,796875E+2	6,424265E+1	8,796875E+2	7,515563E+1	8,796875E+2	8,497996E+1	8,796875E+2	9,428152E+1	8,796875E+2	1,032743E+2	8,796875E+2	1,083356E+2	8,796875E+2	1,122013E+2
8,812500E+2	6,409479E+1	8,812500E+2	7,451617E+1	8,812500E+2	8,443599E+1	8,812500E+2	9,384283E+1	8,812500E+2	1,026438E+2	8,812500E+2	1,088578E+2	8,812500E+2	1,131284E+2
8,828125E+2	6,418276E+1	8,828125E+2	7,389272E+1	8,828125E+2	8,430488E+1	8,828125E+2	9,310058E+1	8,828125E+2	1,034427E+2	8,828125E+2	1,088553E+2	8,828125E+2	1,126658E+2
8,843750E+2	6,374232E+1	8,843750E+2	7,405645E+1	8,843750E+2	8,368733E+1	8,843750E+2	9,358730E+1	8,843750E+2	1,035558E+2	8,843750E+2	1,102749E+2	8,843750E+2	1,122473E+2
8,859375E+2	6,312805E+1	8,859375E+2	7,335840E+1	8,859375E+2	8,354119E+1	8,859375E+2	9,375790E+1	8,859375E+2	1,027345E+2	8,859375E+2	1,093273E+2	8,859375E+2	1,119916E+2
8,875000E+2	6,380010E+1	8,875000E+2	7,352033E+1	8,875000E+2	8,387513E+1	8,875000E+2	9,297759E+1	8,875000E+2	1,033199E+2	8,875000E+2	1,080811E+2	8,875000E+2	1,118550E+2
8,890625E+2	6,313061E+1	8,890625E+2	7,360708E+1	8,890625E+2	8,387158E+1	8,890625E+2	9,303246E+1	8,890625E+2	1,040820E+2	8,890625E+2	1,074392E+2	8,890625E+2	1,113666E+2
8,906250E+2	6,220593E+1	8,906250E+2	7,281473E+1	8,906250E+2	8,315391E+1	8,906250E+2	9,275062E+1	8,906250E+2	1,022793E+2	8,906250E+2	1,065605E+2	8,906250E+2	1,115872E+2
8,921875E+2	6,264052E+1	8,921875E+2	7,278302E+1	8,921875E+2	8,210862E+1	8,921875E+2	9,211511E+1	8,921875E+2	1,025227E+2	8,921875E+2	1,063589E+2	8,921875E+2	1,115272E+2
8,937500E+2	6,275745E+1	8,937500E+2	7,286259E+1	8,937500E+2	8,207420E+1	8,937500E+2	9,328342E+1	8,937500E+2	1,027069E+2	8,937500E+2	1,069845E+2	8,937500E+2	1,115152E+2
8,953125E+2	6,319335E+1	8,953125E+2	7,131046E+1	8,953125E+2	8,252505E+1	8,953125E+2	9,310393E+1	8,953125E+2	1,027984E+2	8,953125E+2	1,069190E+2	8,953125E+2	1,104509E+2
8,968750E+2	6,182813E+1	8,968750E+2	7,112413E+1	8,968750E+2	8,230674E+1	8,968750E+2	9,138194E+1	8,968750E+2	1,023072E+2	8,968750E+2	1,074256E+2	8,968750E+2	1,110227E+2
8,984375E+2	6,652541E+1	8,984375E+2	7,233813E+1	8,984375E+2	8,297028E+1	8,984375E+2	9,143427E+1	8,984375E+2	1,019177E+2	8,984375E+2	1,057191E+2	8,984375E+2	1,112579E+2
9,000000E+2	7,187455E+1	9,000000E+2	7,395921E+1	9,000000E+2	8,302626E+1	9,000000E+2	9,150242E+1	9,000000E+2	1,010478E+2	9,000000E+2	1,056941E+2	9,000000E+2	1,110395E+2
9,015625E+2	6,746525E+1	9,015625E+2	7,153464E+1	9,015625E+2	8,230853E+1	9,015625E+2	9,197163E+1	9,015625E+2	1,008069E+2	9,015625E+2	1,056977E+2	9,015625E+2	1,105293E+2
9,031250E+2	6,110691E+1	9,031250E+2	7,211209E+1	9,031250E+2	8,195676E+1	9,031250E+2	9,160215E+1	9,031250E+2	1,011444E+2	9,031250E+2	1,050309E+2	9,031250E+2	1,112898E+2
9,046875E+2	5,964691E+1	9,046875E+2	7,143358E+1	9,046875E+2	8,135225E+1	9,046875E+2	9,020572E+1	9,046875E+2	1,011286E+2	9,046875E+2	1,054467E+2	9,046875E+2	1,110519E+2
9,062500E+2	5,948848E+1	9,062500E+2	7,070759E+1	9,062500E+2	8,164509E+1	9,062500E+2	9,092512E+1	9,062500E+2	1,014990E+2	9,062500E+2	1,059925E+2	9,062500E+2	1,094337E+2
9,078125E+2	6,086286E+1	9,078125E+2	7,021303E+1	9,078125E+2	8,079500E+1	9,078125E+2	9,075231E+1	9,078125E+2	1,005624E+2	9,078125E+2	1,062778E+2	9,078125E+2	1,093109E+2
9,093750E+2	6,103252E+1	9,093750E+2	6,913549E+1	9,093750E+2	8,056704E+1	9,093750E+2	8,991128E+1	9,093750E+2	1,002718E+2	9,093750E+2	1,063872E+2	9,093750E+2	1,100170E+2
9,109375E+2	6,002261E+1	9,109375E+2	6,934925E+1	9,109375E+2	8,100143E+1	9,109375E+2	9,115579E+1	9,109375E+2	9,964825E+1	9,109375E+2	1,052367E+2	9,109375E+2	1,094827E+2
9,125000E+2	6,025685E+1	9,125000E+2	7,024674E+1	9,125000E+2	8,102319E+1	9,125000E+2	9,031284E+1	9,125000E+2	1,001808E+2	9,125000E+2	1,040948E+2	9,125000E+2	1,091866E+2
9,140625E+2	6,036764E+1	9,140625E+2	7,003825E+1	9,140625E+2	8,077870E+1	9,140625E+2	8,906272E+1	9,140625E+2	9,983115E+1	9,140625E+2	1,054329E+2	9,140625E+2	1,087963E+2
9,156250E+2	6,074848E+1	9,156250E+2	6,942438E+1	9,156250E+2	8,142363E+1	9,156250E+2	8,928033E+1	9,156250E+2	9,939639E+1	9,156250E+2	1,049839E+2	9,156250E+2	1,084461E+2
9,171875E+2	6,051134E+1	9,171875E+2	6,981408E+1	9,171875E+2	8,073464E+1	9,171875E+2	8,988307E+1	9,171875E+2	9,990577E+1	9,171875E+2	1,052514E+2	9,171875E+2	1,091874E+2
9,187500E+2	6,019473E+1	9,187500E+2	7,047203E+1	9,187500E+2	8,110191E+1	9,187500E+2	8,996812E+1	9,187500E+2	1,005878E+2	9,187500E+2	1,049410E+2	9,187500E+2	1,074119E+2
9,203125E+2	6,013516E+1	9,203125E+2	7,075631E+1	9,203125E+2	8,003128E+1	9,203125E+2	8,843504E+1	9,203125E+2	9,978102E+1	9,203125E+2	1,041220E+2	9,203125E+2	1,082394E+2
9,218750E+2	5,954033E+1	9,218750E+2	6,982132E+1	9,218750E+2	8,016685E+1	9,218750E+2	8,831925E+1	9,218750E+2	9,936623E+1	9,218750E+2	1,039026E+2	9,218750E+2	1,084295E+2
9,234375E+2	5,919999E+1	9,234375E+2	6,940771E+1	9,234375E+2	8,042402E+1	9,234375E+2	8,999860E+1	9,234375E+2	9,921251E+1	9,234375E+2	1,039027E+2	9,234375E+2	1,080888E+2
9,250000E+2	5,903269E+1	9,250000E+2	6,948510E+1	9,250000E+2	8,082096E+1	9,250000E+2	8,941132E+1	9,250000E+2	9,875737E+1	9,250000E+2	1,045280E+2	9,250000E+2	1,081855E+2
9,265625E+2	5,941198E+1	9,265625E+2	6,896671E+1	9,265625E+2	7,979415E+1	9,265625E+2	8,926972E+1	9,265625E+2	9,929651E+1	9,265625E+2	1,048947E+2	9,265625E+2	1,081875E+2
9,281250E+2	5,936987E+1	9,281250E+2	7,013505E+1	9,281250E+2	7,902742E+1	9,281250E+2	8,876491E+1	9,281250E+2	9,976057E+1	9,281250E+2	1,045833E+2	9,281250E+2	1,078652E+2
9,296875E+2	5,930969E+1	9,296875E+2	6,950844E+1	9,296875E+2	7,786543E+1	9,296875E+2	8,817184E+1	9,296875E+2	9,843047E+1	9,296875E+2	1,041133E+2	9,296875E+2	1,088276E+2
9,312500E+2	5,897101E+1	9,312500E+2	6,801497E+1	9,312500E+2	7,856125E+1	9,312500E+2	8,946395E+1	9,312500E+2	9,892448E+1	9,312500E+2	1,038501E+2	9,312500E+2	1,081561E+2
9,328125E+2	5,982747E+1	9,328125E+2	6,831440E+1	9,328125E+2	7,894077E+1	9,328125E+2	8,976705E+1	9,328125E+2	9,934010E+1	9,328125E+2	1,048234E+2	9,328125E+2	1,070815E+2
9,343750E+2	6,015892E+1	9,343750E+2	6,866004E+1	9,343750E+2	7,787106E+1	9,343750E+2	8,890063E+1	9,343750E+2	9,892426E+1	9,343750E+2	1,040522E+2	9,343750E+2	1,067434E+2
9,359375E+2	5,988851E+1	9,359375E+2	6,761435E+1	9,359375E+2	7,778972E+1	9,359375E+2	8,802885E+1	9,359375E+2	9,920310E+1	9,359375E+2	1,038260E+2	9,359375E+2	1,079179E+2
9,375000E+2	5,883747E+1	9,375000E+2	6,842498E+1	9,375000E+2	7,863647E+1	9,375000E+2	8,887807E+1	9,375000E+2	9,900027E+1	9,375000E+2	1,030338E+2	9,375000E+2	1,085151E+2
9,390625E+2	5,887217E+1	9,390625E+2	6,889435E+1	9,390625E+2	7,847869E+1	9,390625E+2	8,976400E+1	9,390625E+2	9,950901E+1	9,390625E+2	1,026592E+2	9,390625E+2	1,080013E+2
9,406250E+2	5,908923E+1	9,406250E+2	6,955852E+1	9,406250E+2	7,806604E+1	9,406250E+2	8,798493E+1	9,406250E+2	9,954281E+1	9,406250E+2	1,036871E+2	9,406250E+2	1,072879E+2
9,421875E+2	5,905984E+1	9,421875E+2	6,906294E+1	9,421875E+2	7,826321E+1	9,421875E+2	8,776708E+1	9,421875E+2	9,892379E+1	9,421875E+2	1,031228E+2	9,421875E+2	1,077363E+2
9,437500E+2	5,909612E+1	9,437500E+2	6,889653E+1	9,437500E+2	7,843877E+1	9,437500E+2	8,877112E+1	9,437500E+2	9,732912E+1	9,437500E+2	1,022734E+2	9,437500E+2	1,088310E+2
9,453125E+2	5,762442E+1	9,453125E+2	6,922698E+1	9,453125E+2	7,884720E+1	9,453125E+2	8,804697E+1	9,453125E+2	9,730364E+1	9,453125E+2	1,036447E+2	9,453125E+2	1,087398E+2
9,468750E+2	5,837994E+1	9,468750E+2	6,758256E+1	9,468750E+2	7,975334E+1	9,468750E+2	8,858300E+1	9,468750E+2	9,742360E+1	9,468750E+2	1,036000E+2	9,468750E+2	1,079250E+2
9,484375E+2	5,958723E+1	9,484375E+2	6,799392E+1	9,484375E+2	7,884495E+1	9,484375E+2	8,911157E+1	9,484375E+2	9,902063E+1	9,484375E+2	1,037617E+2	9,484375E+2	1,065202E+2
9,500000E+2	5,945372E+1	9,500000E+2	6,775182E+1	9,500000E+2	7,816083E+1	9,500000E+2	8,870213E+1	9,500000E+2	9,944901E+1	9,500000E+2	1,043401E+2	9,500000E+2	1,071505E+2
9,515625E+2	5,886877E+1	9,515625E+2	6,807590E+1	9,515625E+2	7,689765E+1	9,515625E+2	8,755488E+1	9,515625E+2	9,896582E+1	9,515625E+2	1,041857E+2	9,515625E+2	1,077918E+2
9,531250E+2	5,854371E+1	9,531250E+2	6,885734E+1	9,531250E+2	7,822880E+1	9,531250E+2	8,826123E+1	9,531250E+2	9,814267E+1	9,531250E+2	1,039096E+2	9,531250E+2	1,081588E+2
9,546875E+2	5,839425E+1	9,546875E+2	6,941372E+1	9,546875E+2	7,838845E+1	9,546875E+2	8,877536E+1	9,546875E+2	9,807210E+1	9,546875E+2	1,030582E+2	9,546875E+2	1,090755E+2
9,562500E+2	5,805603E+1	9,562500E+2	6,893508E+1	9,562500E+2	7,831707E+1	9,562500E+2	8,885179E+1	9,562500E+2	9,797195E+1	9,562500E+2	1,037969E+2	9,562500E+2	1,089853E+2
9,578125E+2	6,071564E+1	9,578125E+2	6,826704E+1	9,578125E+2	7,898986E+1	9,578125E+2	8,882021E+1	9,578125E+2	9,762316E+1	9,578125E+2	1,045833E+2	9,578125E+2	1,085426E+2
9,593750E+2	6,815314E+1	9,593750E+2	7,132528E+1	9,593750E+2	7,861088E+1	9,593750E+2	8,838102E+1	9,593750E+2	9,851874E+1	9,593750E+2	1,046288E+2	9,593750E+2	1,081517E+2
9,609375E+2	6,776771E+1	9,609375E+2	7,150664E+1	9,609375E+2	7,712855E+1	9,609375E+2	8,845546E+1	9,609375E+2	9,879245E+1	9,609375E+2	1,039773E+2	9,609375E+2	1,089739E+2
9,625000E+2	6,023937E+1	9,625000E+2	6,936603E+1	9,625000E+2	7,836567E+1	9,625000E+2	8,902589E+1	9,625000E+2	9,943986E+1	9,625000E+2	1,034817E+2	9,625000E+2	1,089327E+2
9,640625E+2	5,922677E+1	9,640625E+2	6,741813E+1	9,640625E+2	7,892455E+1	9,640625E+2	8,893453E+1	9,640625E+2	9,902049E+1	9,640625E+2	1,031473E+2	9,640625E+2	1,073316E+2
9,656250E+2	5,880773E+1	9,656250E+2	6,833681E+1	9,656250E+2	7,900624E+1	9,656250E+2	8,907460E+1	9,656250E+2	9,824528E+1	9,656250E+2	1,031656E+2	9,656250E+2	1,074388E+2
9,671875E+2	5,980369E+1	9,671875E+2	6,837785E+1	9,671875E+2	7,848856E+1	9,671875E+2	8,933870E+1	9,671875E+2	9,710972E+1	9,671875E+2	1,047844E+2	9,671875E+2	1,080360E+2
9,687500E+2	5,972782E+1	9,687500E+2	6,772158E+1	9,687500E+2	7,812781E+1	9,687500E+2	8,909311E+1	9,687500E+2	9,888893E+1	9,687500E+2	1,042482E+2	9,687500E+2	1,074206E+2
9,703125E+2	5,919472E+1	9,703125E+2	6,799561E+1	9,703125E+2	7,956674E+1	9,703125E+2	8,918854E+1	9,703125E+2	9,954247E+1	9,703125E+2	1,052007E+2	9,703125E+2	1,083506E+2
9,718750E+2	5,826302E+1	9,718750E+2	6,915222E+1	9,718750E+2	8,051866E+1	9,718750E+2	8,935461E+1	9,718750E+2	9,960018E+1	9,718750E+2	1,043657E+2	9,718750E+2	1,087808E+2
9,734375E+2	5,838294E+1	9,734375E+2	7,022112E+1	9,734375E+2	8,040039E+1	9,734375E+2	9,001801E+1	9,734375E+2	9,754061E+1	9,734375E+2	1,042604E+2	9,734375E+2	1,081412E+2
9,750000E+2	5,764875E+1	9,750000E+2	6,895829E+1	9,750000E+2	8,038907E+1	9,750000E+2	9,003217E+1	9,750000E+2	9,753181E+1	9,750000E+2	1,050374E+2	9,750000E+2	1,086577E+2
9,765625E+2	5,915680E+1	9,765625E+2	7,044566E+1	9,765625E+2	7,990320E+1	9,765625E+2	8,961722E+1	9,765625E+2	9,851816E+1	9,765625E+2	1,053129E+2	9,765625E+2	1,083968E+2
9,781250E+2	5,985144E+1	9,781250E+2	7,050705E+1	9,781250E+2	7,887091E+1	9,781250E+2	8,882664E+1	9,781250E+2	9,918942E+1	9,781250E+2	1,041161E+2	9,781250E+2	1,092352E+2
9,796875E+2	5,906427E+1	9,796875E+2	7,017401E+1	9,796875E+2	7,931806E+1	9,796875E+2	8,874722E+1	9,796875E+2	9,883871E+1	9,796875E+2	1,051068E+2	9,796875E+2	1,088673E+2
9,812500E+2	5,818915E+1	9,812500E+2	6,943439E+1	9,812500E+2	8,005031E+1	9,812500E+2	8,905927E+1	9,812500E+2	9,921809E+1	9,812500E+2	1,055227E+2	9,812500E+2	1,092065E+2
9,828125E+2	5,903577E+1	9,828125E+2	6,985635E+1	9,828125E+2	7,974402E+1	9,828125E+2	8,980549E+1	9,828125E+2	9,987021E+1	9,828125E+2	1,043597E+2	9,828125E+2	1,095810E+2
9,843750E+2	5,892004E+1	9,843750E+2	6,975130E+1	9,843750E+2	7,945482E+1	9,843750E+2	8,952461E+1	9,843750E+2	1,010931E+2	9,843750E+2	1,047905E+2	9,843750E+2	1,097909E+2
9,859375E+2	5,954256E+1	9,859375E+2	6,910076E+1	9,859375E+2	7,997775E+1	9,859375E+2	8,887449E+1	9,859375E+2	9,972672E+1	9,859375E+2	1,054359E+2	9,859375E+2	1,091390E+2
9,875000E+2	5,979972E+1	9,875000E+2	6,840778E+1	9,875000E+2	8,009331E+1	9,875000E+2	8,918732E+1	9,875000E+2	9,933857E+1	9,875000E+2	1,051600E+2	9,875000E+2	1,082518E+2
9,890625E+2	5,992133E+1	9,890625E+2	6,981035E+1	9,890625E+2	7,983854E+1	9,890625E+2	8,998467E+1	9,890625E+2	1,003636E+2	9,890625E+2	1,051617E+2	9,890625E+2	1,086934E+2
9,906250E+2	5,876515E+1	9,906250E+2	7,054722E+1	9,906250E+2	8,072949E+1	9,906250E+2	9,047158E+1	9,906250E+2	1,004973E+2	9,906250E+2	1,045745E+2	9,906250E+2	1,088650E+2
9,921875E+2	6,006327E+1	9,921875E+2	7,000047E+1	9,921875E+2	8,043104E+1	9,921875E+2	9,035907E+1	9,921875E+2	9,981719E+1	9,921875E+2	1,040378E+2	9,921875E+2	1,092512E+2
9,937500E+2	6,021986E+1	9,937500E+2	7,009249E+1	9,937500E+2	7,871831E+1	9,937500E+2	8,930750E+1	9,937500E+2	1,010920E+2	9,937500E+2	1,041509E+2	9,937500E+2	1,098825E+2
9,953125E+2	6,002646E+1	9,953125E+2	7,022698E+1	9,953125E+2	7,895018E+1	9,953125E+2	8,877782E+1	9,953125E+2	9,934547E+1	9,953125E+2	1,050670E+2	9,953125E+2	1,089124E+2
9,968750E+2	5,989835E+1	9,968750E+2	6,963973E+1	9,968750E+2	7,988910E+1	9,968750E+2	8,969101E+1	9,968750E+2	1,000744E+2	9,968750E+2	1,053830E+2	9,968750E+2	1,091069E+2
9,984375E+2	5,906038E+1	9,984375E+2	6,885504E+1	9,984375E+2	7,993122E+1	9,984375E+2	8,977500E+1	9,984375E+2	9,954260E+1	9,984375E+2	1,054005E+2	9,984375E+2	1,103788E+2
1,000000E+3	5,916761E+1	1,000000E+3	6,780686E+1	1,000000E+3	7,824842E+1	1,000000E+3	8,933938E+1	1,000000E+3	9,848532E+1	1,000000E+3	1,048788E+2	1,000000E+3	1,098144E+2
1,001562E+3	5,797815E+1	1,001562E+3	6,761653E+1	1,001562E+3	7,702553E+1	1,001562E+3	8,874198E+1	1,001562E+3	9,999853E+1	1,001562E+3	1,044326E+2	1,001562E+3	1,090154E+2
1,003125E+3	5,694375E+1	1,003125E+3	6,714458E+1	1,003125E+3	7,717123E+1	1,003125E+3	8,871368E+1	1,003125E+3	9,945407E+1	1,003125E+3	1,048706E+2	1,003125E+3	1,088580E+2
1,004687E+3	5,726970E+1	1,004687E+3	6,777883E+1	1,004687E+3	7,736952E+1	1,004687E+3	8,849840E+1	1,004687E+3	9,911961E+1	1,004687E+3	1,041942E+2	1,004687E+3	1,093414E+2
1,006250E+3	5,624773E+1	1,006250E+3	6,712159E+1	1,006250E+3	7,769948E+1	1,006250E+3	8,768440E+1	1,006250E+3	9,875455E+1	1,006250E+3	1,033645E+2	1,006250E+3	1,093447E+2
1,007812E+3	5,629166E+1	1,007812E+3	6,584756E+1	1,007812E+3	7,635002E+1	1,007812E+3	8,648271E+1	1,007812E+3	9,815003E+1	1,007812E+3	1,031440E+2	1,007812E+3	1,092769E+2
1,009375E+3	5,449948E+1	1,009375E+3	6,566225E+1	1,009375E+3	7,569879E+1	1,009375E+3	8,558343E+1	1,009375E+3	9,769286E+1	1,009375E+3	1,040624E+2	1,009375E+3	1,080031E+2
1,010937E+3	5,353249E+1	1,010937E+3	6,508258E+1	1,010937E+3	7,489214E+1	1,010937E+3	8,472369E+1	1,010937E+3	9,737669E+1	1,010937E+3	1,031246E+2	1,010937E+3	1,075217E+2
1,012500E+3	5,555014E+1	1,012500E+3	6,488178E+1	1,012500E+3	7,415600E+1	1,012500E+3	8,538029E+1	1,012500E+3	9,638731E+1	1,012500E+3	1,025384E+2	1,012500E+3	1,070545E+2
1,014062E+3	5,483282E+1	1,014062E+3	6,477412E+1	1,014062E+3	7,345873E+1	1,014062E+3	8,546922E+1	1,014062E+3	9,581557E+1	1,014062E+3	1,018561E+2	1,014062E+3	1,068515E+2
1,015625E+3	5,301699E+1	1,015625E+3	6,422945E+1	1,015625E+3	7,206770E+1	1,015625E+3	8,463502E+1	1,015625E+3	9,614657E+1	1,015625E+3	1,016259E+2	1,015625E+3	1,071755E+2
1,017187E+3	5,335357E+1	1,017187E+3	6,264970E+1	1,017187E+3	7,195089E+1	1,017187E+3	8,374402E+1	1,017187E+3	9,706799E+1	1,017187E+3	1,022314E+2	1,017187E+3	1,062928E+2
1,018750E+3	6,428261E+1	1,018750E+3	6,591925E+1	1,018750E+3	7,372220E+1	1,018750E+3	8,355103E+1	1,018750E+3	9,690519E+1	1,018750E+3	1,022858E+2	1,018750E+3	1,063326E+2
1,020312E+3	6,800895E+1	1,020312E+3	6,832209E+1	1,020312E+3	7,439063E+1	1,020312E+3	8,253441E+1	1,020312E+3	9,622631E+1	1,020312E+3	1,005700E+2	1,020312E+3	1,057501E+2
1,021875E+3	6,122093E+1	1,021875E+3	6,177900E+1	1,021875E+3	7,346283E+1	1,021875E+3	8,098151E+1	1,021875E+3	9,462214E+1	1,021875E+3	1,009904E+2	1,021875E+3	1,062908E+2
1,023437E+3	5,104638E+1	1,023437E+3	6,052936E+1	1,023437E+3	7,267140E+1	1,023437E+3	8,168266E+1	1,023437E+3	9,375347E+1	1,023437E+3	1,013779E+2	1,023437E+3	1,066981E+2
1,025000E+3	5,142824E+1	1,025000E+3	5,997005E+1	1,025000E+3	7,188047E+1	1,025000E+3	8,201342E+1	1,025000E+3	9,406926E+1	1,025000E+3	1,006782E+2	1,025000E+3	1,057255E+2
1,026562E+3	4,986067E+1	1,026562E+3	6,044463E+1	1,026562E+3	7,006055E+1	1,026562E+3	8,244619E+1	1,026562E+3	9,434714E+1	1,026562E+3	1,011563E+2	1,026562E+3	1,044480E+2
1,028125E+3	5,020146E+1	1,028125E+3	6,171968E+1	1,028125E+3	7,050407E+1	1,028125E+3	8,264931E+1	1,028125E+3	9,473345E+1	1,028125E+3	1,012661E+2	1,028125E+3	1,042626E+2
1,029687E+3	5,024504E+1	1,029687E+3	6,076562E+1	1,029687E+3	7,104080E+1	1,029687E+3	8,166149E+1	1,029687E+3	9,432540E+1	1,029687E+3	1,010775E+2	1,029687E+3	1,049212E+2
1,031250E+3	5,001849E+1	1,031250E+3	6,100819E+1	1,031250E+3	7,083793E+1	1,031250E+3	8,189999E+1	1,031250E+3	9,395156E+1	1,031250E+3	1,004606E+2	1,031250E+3	1,052812E+2
1,032812E+3	5,025379E+1	1,032812E+3	6,082102E+1	1,032812E+3	7,122803E+1	1,032812E+3	8,153756E+1	1,032812E+3	9,311898E+1	1,032812E+3	1,006739E+2	1,032812E+3	1,039701E+2
1,034375E+3	4,977778E+1	1,034375E+3	5,995611E+1	1,034375E+3	7,206922E+1	1,034375E+3	8,046260E+1	1,034375E+3	9,281838E+1	1,034375E+3	9,993819E+1	1,034375E+3	1,039508E+2
1,035937E+3	5,057359E+1	1,035937E+3	6,060482E+1	1,035937E+3	7,199743E+1	1,035937E+3	8,190223E+1	1,035937E+3	9,306497E+1	1,035937E+3	9,879724E+1	1,035937E+3	1,024054E+2
1,037500E+3	5,045755E+1	1,037500E+3	6,036234E+1	1,037500E+3	7,086847E+1	1,037500E+3	8,232463E+1	1,037500E+3	9,297756E+1	1,037500E+3	9,899879E+1	1,037500E+3	1,017973E+2
1,039062E+3	5,049572E+1	1,039062E+3	6,156228E+1	1,039062E+3	7,048307E+1	1,039062E+3	8,311312E+1	1,039062E+3	9,323713E+1	1,039062E+3	9,973401E+1	1,039062E+3	1,028787E+2
1,040625E+3	5,141693E+1	1,040625E+3	6,138770E+1	1,040625E+3	7,208959E+1	1,040625E+3	8,198163E+1	1,040625E+3	9,293664E+1	1,040625E+3	9,977026E+1	1,040625E+3	1,036343E+2
1,042187E+3	5,274481E+1	1,042187E+3	6,169828E+1	1,042187E+3	7,254179E+1	1,042187E+3	8,172996E+1	1,042187E+3	9,351223E+1	1,042187E+3	9,977850E+1	1,042187E+3	1,030624E+2
1,043750E+3	5,213219E+1	1,043750E+3	6,173753E+1	1,043750E+3	7,110859E+1	1,043750E+3	8,140148E+1	1,043750E+3	9,266849E+1	1,043750E+3	9,873551E+1	1,043750E+3	1,041479E+2
1,045312E+3	5,140202E+1	1,045312E+3	6,227568E+1	1,045312E+3	7,134890E+1	1,045312E+3	8,194320E+1	1,045312E+3	9,096533E+1	1,045312E+3	9,771664E+1	1,045312E+3	1,032423E+2
1,046875E+3	5,086247E+1	1,046875E+3	6,148038E+1	1,046875E+3	7,066588E+1	1,046875E+3	8,140319E+1	1,046875E+3	9,207163E+1	1,046875E+3	9,885056E+1	1,046875E+3	1,014324E+2
1,048437E+3	5,184325E+1	1,048437E+3	6,107365E+1	1,048437E+3	7,128570E+1	1,048437E+3	8,235176E+1	1,048437E+3	9,202418E+1	1,048437E+3	9,768464E+1	1,048437E+3	1,029917E+2
1,050000E+3	5,213347E+1	1,050000E+3	6,144327E+1	1,050000E+3	7,201116E+1	1,050000E+3	8,218491E+1	1,050000E+3	9,144350E+1	1,050000E+3	9,907328E+1	1,050000E+3	1,036681E+2
1,051562E+3	5,162791E+1	1,051562E+3	6,134898E+1	1,051562E+3	7,261793E+1	1,051562E+3	8,275398E+1	1,051562E+3	9,257556E+1	1,051562E+3	9,925892E+1	1,051562E+3	1,035832E+2
1,053125E+3	5,201871E+1	1,053125E+3	6,264677E+1	1,053125E+3	7,287113E+1	1,053125E+3	8,328196E+1	1,053125E+3	9,313441E+1	1,053125E+3	9,931751E+1	1,053125E+3	1,040371E+2
1,054687E+3	5,325600E+1	1,054687E+3	6,242584E+1	1,054687E+3	7,298122E+1	1,054687E+3	8,258300E+1	1,054687E+3	9,281643E+1	1,054687E+3	9,885619E+1	1,054687E+3	1,027469E+2
1,056250E+3	5,318424E+1	1,056250E+3	6,356719E+1	1,056250E+3	7,308483E+1	1,056250E+3	8,290707E+1	1,056250E+3	9,318284E+1	1,056250E+3	9,837068E+1	1,056250E+3	1,036020E+2
1,057812E+3	5,200260E+1	1,057812E+3	6,250230E+1	1,057812E+3	7,384741E+1	1,057812E+3	8,251272E+1	1,057812E+3	9,308031E+1	1,057812E+3	9,834897E+1	1,057812E+3	1,037484E+2
1,059375E+3	5,250506E+1	1,059375E+3	6,367519E+1	1,059375E+3	7,326300E+1	1,059375E+3	8,278149E+1	1,059375E+3	9,368247E+1	1,059375E+3	9,793019E+1	1,059375E+3	1,023595E+2
1,060937E+3	5,434814E+1	1,060937E+3	6,302592E+1	1,060937E+3	7,304398E+1	1,060937E+3	8,269397E+1	1,060937E+3	9,366553E+1	1,060937E+3	9,779447E+1	1,060937E+3	1,020241E+2
1,062500E+3	5,443594E+1	1,062500E+3	6,326907E+1	1,062500E+3	7,258925E+1	1,062500E+3	8,292400E+1	1,062500E+3	9,336724E+1	1,062500E+3	9,901161E+1	1,062500E+3	1,019511E+2
1,064062E+3	5,311116E+1	1,064062E+3	6,246878E+1	1,064062E+3	7,386695E+1	1,064062E+3	8,388654E+1	1,064062E+3	9,396519E+1	1,064062E+3	9,905612E+1	1,064062E+3	1,013976E+2
1,065625E+3	5,332322E+1	1,065625E+3	6,358014E+1	1,065625E+3	7,466365E+1	1,065625E+3	8,437665E+1	1,065625E+3	9,305104E+1	1,065625E+3	9,856276E+1	1,065625E+3	1,026397E+2
1,067187E+3	5,454837E+1	1,067187E+3	6,393200E+1	1,067187E+3	7,330718E+1	1,067187E+3	8,329892E+1	1,067187E+3	9,259159E+1	1,067187E+3	9,780576E+1	1,067187E+3	1,035874E+2
1,068750E+3	5,466305E+1	1,068750E+3	6,450408E+1	1,068750E+3	7,395217E+1	1,068750E+3	8,299882E+1	1,068750E+3	9,369181E+1	1,068750E+3	9,882141E+1	1,068750E+3	1,029272E+2
1,070312E+3	5,499039E+1	1,070312E+3	6,471076E+1	1,070312E+3	7,473813E+1	1,070312E+3	8,384866E+1	1,070312E+3	9,383980E+1	1,070312E+3	9,904575E+1	1,070312E+3	1,025719E+2
1,071875E+3	5,534586E+1	1,071875E+3	6,499313E+1	1,071875E+3	7,396986E+1	1,071875E+3	8,606967E+1	1,071875E+3	9,331323E+1	1,071875E+3	9,868829E+1	1,071875E+3	1,029962E+2
1,073437E+3	5,544549E+1	1,073437E+3	6,507744E+1	1,073437E+3	7,378639E+1	1,073437E+3	8,497275E+1	1,073437E+3	9,474101E+1	1,073437E+3	9,905689E+1	1,073437E+3	1,033674E+2
1,075000E+3	5,494609E+1	1,075000E+3	6,379590E+1	1,075000E+3	7,458516E+1	1,075000E+3	8,445738E+1	1,075000E+3	9,436770E+1	1,075000E+3	9,878044E+1	1,075000E+3	1,021238E+2
1,076562E+3	5,629245E+1	1,076562E+3	6,488806E+1	1,076562E+3	7,511159E+1	1,076562E+3	8,502870E+1	1,076562E+3	9,404716E+1	1,076562E+3	9,908386E+1	1,076562E+3	1,028219E+2
1,078125E+3	5,986337E+1	1,078125E+3	6,666177E+1	1,078125E+3	7,530007E+1	1,078125E+3	8,556770E+1	1,078125E+3	9,436889E+1	1,078125E+3	9,901673E+1	1,078125E+3	1,028746E+2
1,079687E+3	6,631931E+1	1,079687E+3	6,879636E+1	1,079687E+3	7,658423E+1	1,079687E+3	8,607978E+1	1,079687E+3	9,544985E+1	1,079687E+3	9,936024E+1	1,079687E+3	1,034280E+2
1,081250E+3	6,365499E+1	1,081250E+3	6,758282E+1	1,081250E+3	7,615252E+1	1,081250E+3	8,569158E+1	1,081250E+3	9,520538E+1	1,081250E+3	9,962116E+1	1,081250E+3	1,040438E+2
1,082812E+3	5,617828E+1	1,082812E+3	6,642830E+1	1,082812E+3	7,636085E+1	1,082812E+3	8,567849E+1	1,082812E+3	9,432132E+1	1,082812E+3	1,001992E+2	1,082812E+3	1,033238E+2
1,084375E+3	5,490149E+1	1,084375E+3	6,605658E+1	1,084375E+3	7,544658E+1	1,084375E+3	8,473064E+1	1,084375E+3	9,431656E+1	1,084375E+3	1,004519E+2	1,084375E+3	1,032363E+2
1,085937E+3	5,589732E+1	1,085937E+3	6,573803E+1	1,085937E+3	7,543776E+1	1,085937E+3	8,595866E+1	1,085937E+3	9,491314E+1	1,085937E+3	1,002658E+2	1,085937E+3	1,039368E+2
1,087500E+3	5,670214E+1	1,087500E+3	6,522818E+1	1,087500E+3	7,648001E+1	1,087500E+3	8,665138E+1	1,087500E+3	9,529080E+1	1,087500E+3	1,005995E+2	1,087500E+3	1,044763E+2
1,089062E+3	5,685105E+1	1,089062E+3	6,538327E+1	1,089062E+3	7,763648E+1	1,089062E+3	8,593302E+1	1,089062E+3	9,458652E+1	1,089062E+3	1,018472E+2	1,089062E+3	1,043695E+2
1,090625E+3	5,611010E+1	1,090625E+3	6,694355E+1	1,090625E+3	7,732999E+1	1,090625E+3	8,588425E+1	1,090625E+3	9,536323E+1	1,090625E+3	1,012774E+2	1,090625E+3	1,045707E+2
1,092187E+3	5,777179E+1	1,092187E+3	6,713685E+1	1,092187E+3	7,705528E+1	1,092187E+3	8,599020E+1	1,092187E+3	9,585470E+1	1,092187E+3	1,003355E+2	1,092187E+3	1,049456E+2
1,093750E+3	5,720646E+1	1,093750E+3	6,813541E+1	1,093750E+3	7,732915E+1	1,093750E+3	8,701327E+1	1,093750E+3	9,631634E+1	1,093750E+3	9,985743E+1	1,093750E+3	1,049859E+2
1,095312E+3	5,689210E+1	1,095312E+3	6,690483E+1	1,095312E+3	7,757347E+1	1,095312E+3	8,792177E+1	1,095312E+3	9,654738E+1	1,095312E+3	1,005799E+2	1,095312E+3	1,050795E+2
1,096875E+3	5,650957E+1	1,096875E+3	6,645638E+1	1,096875E+3	7,783556E+1	1,096875E+3	8,741079E+1	1,096875E+3	9,635096E+1	1,096875E+3	1,010387E+2	1,096875E+3	1,051076E+2
1,098437E+3	5,664976E+1	1,098437E+3	6,762287E+1	1,098437E+3	7,769461E+1	1,098437E+3	8,671508E+1	1,098437E+3	9,606267E+1	1,098437E+3	1,007183E+2	1,098437E+3	1,042843E+2
1,100000E+3	5,812091E+1	1,100000E+3	6,873899E+1	1,100000E+3	7,821520E+1	1,100000E+3	8,697721E+1	1,100000E+3	9,664661E+1	1,100000E+3	1,003719E+2	1,100000E+3	1,042994E+2
1,101562E+3	5,873653E+1	1,101562E+3	6,965943E+1	1,101562E+3	7,940051E+1	1,101562E+3	8,706754E+1	1,101562E+3	9,782067E+1	1,101562E+3	1,002587E+2	1,101562E+3	1,052560E+2
1,103125E+3	5,803514E+1	1,103125E+3	6,927297E+1	1,103125E+3	7,966238E+1	1,103125E+3	8,840016E+1	1,103125E+3	9,676047E+1	1,103125E+3	9,974347E+1	1,103125E+3	1,059619E+2
1,104687E+3	5,850588E+1	1,104687E+3	6,789404E+1	1,104687E+3	7,893511E+1	1,104687E+3	8,839310E+1	1,104687E+3	9,737880E+1	1,104687E+3	1,016116E+2	1,104687E+3	1,047028E+2
1,106250E+3	5,815026E+1	1,106250E+3	6,860724E+1	1,106250E+3	7,931630E+1	1,106250E+3	8,876930E+1	1,106250E+3	9,709284E+1	1,106250E+3	1,021874E+2	1,106250E+3	1,054570E+2
1,107812E+3	5,928361E+1	1,107812E+3	6,980234E+1	1,107812E+3	8,002082E+1	1,107812E+3	8,778233E+1	1,107812E+3	9,702280E+1	1,107812E+3	1,001556E+2	1,107812E+3	1,050636E+2
1,109375E+3	6,055621E+1	1,109375E+3	6,993951E+1	1,109375E+3	7,977388E+1	1,109375E+3	8,826584E+1	1,109375E+3	9,900395E+1	1,109375E+3	1,009725E+2	1,109375E+3	1,069061E+2
1,110937E+3	6,101854E+1	1,110937E+3	6,935009E+1	1,110937E+3	7,957614E+1	1,110937E+3	8,847352E+1	1,110937E+3	9,950588E+1	1,110937E+3	1,009622E+2	1,110937E+3	1,067987E+2
1,112500E+3	5,952307E+1	1,112500E+3	6,977428E+1	1,112500E+3	7,937743E+1	1,112500E+3	8,851432E+1	1,112500E+3	9,818599E+1	1,112500E+3	1,024316E+2	1,112500E+3	1,060605E+2
1,114062E+3	5,874223E+1	1,114062E+3	7,015829E+1	1,114062E+3	7,929141E+1	1,114062E+3	8,946519E+1	1,114062E+3	9,754515E+1	1,114062E+3	1,028298E+2	1,114062E+3	1,061252E+2
1,115625E+3	5,970997E+1	1,115625E+3	6,863688E+1	1,115625E+3	7,953673E+1	1,115625E+3	8,932157E+1	1,115625E+3	9,838013E+1	1,115625E+3	1,019243E+2	1,115625E+3	1,064669E+2
1,117187E+3	6,050390E+1	1,117187E+3	6,907573E+1	1,117187E+3	7,977745E+1	1,117187E+3	8,883321E+1	1,117187E+3	9,799326E+1	1,117187E+3	1,030742E+2	1,117187E+3	1,065254E+2
1,118750E+3	6,038047E+1	1,118750E+3	7,090547E+1	1,118750E+3	8,151187E+1	1,118750E+3	8,842404E+1	1,118750E+3	9,896635E+1	1,118750E+3	1,037633E+2	1,118750E+3	1,072077E+2
1,120312E+3	6,121153E+1	1,120312E+3	7,113276E+1	1,120312E+3	8,130321E+1	1,120312E+3	8,835842E+1	1,120312E+3	9,913611E+1	1,120312E+3	1,028718E+2	1,120312E+3	1,074188E+2
1,121875E+3	6,110417E+1	1,121875E+3	7,187529E+1	1,121875E+3	8,107994E+1	1,121875E+3	8,899606E+1	1,121875E+3	9,956682E+1	1,121875E+3	1,027023E+2	1,121875E+3	1,077019E+2
1,123437E+3	6,028598E+1	1,123437E+3	7,175112E+1	1,123437E+3	8,061810E+1	1,123437E+3	9,051053E+1	1,123437E+3	9,911910E+1	1,123437E+3	1,035481E+2	1,123437E+3	1,077503E+2
1,125000E+3	6,138820E+1	1,125000E+3	7,122496E+1	1,125000E+3	8,099287E+1	1,125000E+3	9,038489E+1	1,125000E+3	9,979963E+1	1,125000E+3	1,030779E+2	1,125000E+3	1,080584E+2
1,126562E+3	6,201921E+1	1,126562E+3	7,182465E+1	1,126562E+3	8,199975E+1	1,126562E+3	9,045630E+1	1,126562E+3	9,923669E+1	1,126562E+3	1,028657E+2	1,126562E+3	1,084854E+2
1,128125E+3	6,125998E+1	1,128125E+3	7,235551E+1	1,128125E+3	8,245529E+1	1,128125E+3	9,040464E+1	1,128125E+3	9,854897E+1	1,128125E+3	1,046869E+2	1,128125E+3	1,084718E+2
1,129687E+3	6,176177E+1	1,129687E+3	7,220848E+1	1,129687E+3	8,277795E+1	1,129687E+3	9,124391E+1	1,129687E+3	9,948247E+1	1,129687E+3	1,052228E+2	1,129687E+3	1,079090E+2
1,131250E+3	6,205189E+1	1,131250E+3	7,229943E+1	1,131250E+3	8,177406E+1	1,131250E+3	9,224118E+1	1,131250E+3	1,003001E+2	1,131250E+3	1,038580E+2	1,131250E+3	1,082084E+2
1,132812E+3	6,192234E+1	1,132812E+3	7,264638E+1	1,132812E+3	8,261815E+1	1,132812E+3	9,272823E+1	1,132812E+3	9,988114E+1	1,132812E+3	1,043073E+2	1,132812E+3	1,092275E+2
1,134375E+3	6,247222E+1	1,134375E+3	7,269140E+1	1,134375E+3	8,242317E+1	1,134375E+3	9,294923E+1	1,134375E+3	1,009452E+2	1,134375E+3	1,050269E+2	1,134375E+3	1,086315E+2
1,135937E+3	6,298555E+1	1,135937E+3	7,303358E+1	1,135937E+3	8,326787E+1	1,135937E+3	9,346046E+1	1,135937E+3	1,015330E+2	1,135937E+3	1,049359E+2	1,135937E+3	1,097932E+2
1,137500E+3	6,807215E+1	1,137500E+3	7,361502E+1	1,137500E+3	8,474151E+1	1,137500E+3	9,346698E+1	1,137500E+3	1,024175E+2	1,137500E+3	1,049671E+2	1,137500E+3	1,090230E+2
1,139062E+3	8,050041E+1	1,139062E+3	8,094667E+1	1,139062E+3	8,518076E+1	1,139062E+3	9,305871E+1	1,139062E+3	1,027169E+2	1,139062E+3	1,044021E+2	1,139062E+3	1,093661E+2
1,140625E+3	8,259289E+1	1,140625E+3	8,289518E+1	1,140625E+3	8,693082E+1	1,140625E+3	9,408602E+1	1,140625E+3	1,024946E+2	1,140625E+3	1,062603E+2	1,140625E+3	1,100153E+2
1,142187E+3	7,409398E+1	1,142187E+3	7,575342E+1	1,142187E+3	8,521461E+1	1,142187E+3	9,447218E+1	1,142187E+3	1,033257E+2	1,142187E+3	1,069500E+2	1,142187E+3	1,110223E+2
1,143750E+3	6,517395E+1	1,143750E+3	7,404132E+1	1,143750E+3	8,365836E+1	1,143750E+3	9,365433E+1	1,143750E+3	1,015535E+2	1,143750E+3	1,069736E+2	1,143750E+3	1,115806E+2
1,145312E+3	6,536082E+1	1,145312E+3	7,523003E+1	1,145312E+3	8,427215E+1	1,145312E+3	9,392126E+1	1,145312E+3	1,020889E+2	1,145312E+3	1,064106E+2	1,145312E+3	1,096528E+2
1,146875E+3	6,558125E+1	1,146875E+3	7,665597E+1	1,146875E+3	8,585260E+1	1,146875E+3	9,469813E+1	1,146875E+3	1,031958E+2	1,146875E+3	1,065050E+2	1,146875E+3	1,108801E+2
1,148437E+3	6,628727E+1	1,148437E+3	7,605689E+1	1,148437E+3	8,495218E+1	1,148437E+3	9,525994E+1	1,148437E+3	1,036359E+2	1,148437E+3	1,069244E+2	1,148437E+3	1,115165E+2
1,150000E+3	6,613737E+1	1,150000E+3	7,657181E+1	1,150000E+3	8,573168E+1	1,150000E+3	9,499357E+1	1,150000E+3	1,042833E+2	1,150000E+3	1,074763E+2	1,150000E+3	1,100290E+2
1,151562E+3	6,473734E+1	1,151562E+3	7,687462E+1	1,151562E+3	8,679026E+1	1,151562E+3	9,582587E+1	1,151562E+3	1,027964E+2	1,151562E+3	1,075700E+2	1,151562E+3	1,109856E+2
1,153125E+3	6,605257E+1	1,153125E+3	7,675441E+1	1,153125E+3	8,678094E+1	1,153125E+3	9,670715E+1	1,153125E+3	1,037045E+2	1,153125E+3	1,082155E+2	1,153125E+3	1,112515E+2
1,154687E+3	6,738520E+1	1,154687E+3	7,688156E+1	1,154687E+3	8,729143E+1	1,154687E+3	9,605952E+1	1,154687E+3	1,040753E+2	1,154687E+3	1,091805E+2	1,154687E+3	1,117925E+2
1,156250E+3	6,870221E+1	1,156250E+3	7,756479E+1	1,156250E+3	8,721543E+1	1,156250E+3	9,569647E+1	1,156250E+3	1,045916E+2	1,156250E+3	1,094462E+2	1,156250E+3	1,121343E+2
1,157812E+3	6,912128E+1	1,157812E+3	7,727194E+1	1,157812E+3	8,849873E+1	1,157812E+3	9,677621E+1	1,157812E+3	1,046894E+2	1,157812E+3	1,100859E+2	1,157812E+3	1,137577E+2
1,159375E+3	6,837972E+1	1,159375E+3	7,679035E+1	1,159375E+3	8,857057E+1	1,159375E+3	9,689105E+1	1,159375E+3	1,044726E+2	1,159375E+3	1,091109E+2	1,159375E+3	1,132854E+2
1,160937E+3	6,848452E+1	1,160937E+3	7,709668E+1	1,160937E+3	8,787278E+1	1,160937E+3	9,749062E+1	1,160937E+3	1,054430E+2	1,160937E+3	1,089926E+2	1,160937E+3	1,134367E+2
1,162500E+3	6,908959E+1	1,162500E+3	7,721810E+1	1,162500E+3	8,715634E+1	1,162500E+3	9,817137E+1	1,162500E+3	1,059652E+2	1,162500E+3	1,090344E+2	1,162500E+3	1,137426E+2
1,164062E+3	6,892138E+1	1,164062E+3	7,867559E+1	1,164062E+3	8,802879E+1	1,164062E+3	9,751015E+1	1,164062E+3	1,055228E+2	1,164062E+3	1,090213E+2	1,164062E+3	1,142839E+2
1,165625E+3	6,871549E+1	1,165625E+3	7,994031E+1	1,165625E+3	8,875907E+1	1,165625E+3	9,813939E+1	1,165625E+3	1,064142E+2	1,165625E+3	1,104873E+2	1,165625E+3	1,138525E+2
1,167187E+3	6,979016E+1	1,167187E+3	7,982535E+1	1,167187E+3	8,884729E+1	1,167187E+3	9,834519E+1	1,167187E+3	1,057405E+2	1,167187E+3	1,108955E+2	1,167187E+3	1,135194E+2
1,168750E+3	6,933098E+1	1,168750E+3	7,910158E+1	1,168750E+3	8,879808E+1	1,168750E+3	9,699269E+1	1,168750E+3	1,059996E+2	1,168750E+3	1,101590E+2	1,168750E+3	1,135218E+2
1,170312E+3	6,834123E+1	1,170312E+3	7,895897E+1	1,170312E+3	8,892758E+1	1,170312E+3	9,684215E+1	1,170312E+3	1,064593E+2	1,170312E+3	1,101156E+2	1,170312E+3	1,143853E+2
1,171875E+3	6,943834E+1	1,171875E+3	7,869518E+1	1,171875E+3	8,868543E+1	1,171875E+3	9,816143E+1	1,171875E+3	1,065231E+2	1,171875E+3	1,107875E+2	1,171875E+3	1,153487E+2
1,173437E+3	6,967827E+1	1,173437E+3	7,878739E+1	1,173437E+3	8,835840E+1	1,173437E+3	9,782349E+1	1,173437E+3	1,074282E+2	1,173437E+3	1,108375E+2	1,173437E+3	1,156105E+2
1,175000E+3	6,985916E+1	1,175000E+3	7,967126E+1	1,175000E+3	8,867084E+1	1,175000E+3	9,798809E+1	1,175000E+3	1,074105E+2	1,175000E+3	1,115480E+2	1,175000E+3	1,158007E+2
1,176562E+3	6,868222E+1	1,176562E+3	7,958890E+1	1,176562E+3	8,913159E+1	1,176562E+3	9,916452E+1	1,176562E+3	1,078352E+2	1,176562E+3	1,113733E+2	1,176562E+3	1,157497E+2
1,178125E+3	6,866081E+1	1,178125E+3	7,865490E+1	1,178125E+3	8,993649E+1	1,178125E+3	9,950922E+1	1,178125E+3	1,078748E+2	1,178125E+3	1,108199E+2	1,178125E+3	1,165785E+2
1,179687E+3	7,014181E+1	1,179687E+3	7,960376E+1	1,179687E+3	9,076337E+1	1,179687E+3	9,889782E+1	1,179687E+3	1,075993E+2	1,179687E+3	1,108802E+2	1,179687E+3	1,162748E+2
1,181250E+3	7,020734E+1	1,181250E+3	7,992588E+1	1,181250E+3	8,980662E+1	1,181250E+3	9,909154E+1	1,181250E+3	1,070513E+2	1,181250E+3	1,120699E+2	1,181250E+3	1,169548E+2
1,182812E+3	7,025489E+1	1,182812E+3	7,953013E+1	1,182812E+3	8,978831E+1	1,182812E+3	9,893308E+1	1,182812E+3	1,073885E+2	1,182812E+3	1,120111E+2	1,182812E+3	1,168057E+2
1,184375E+3	7,086987E+1	1,184375E+3	7,997225E+1	1,184375E+3	8,968887E+1	1,184375E+3	9,867879E+1	1,184375E+3	1,077780E+2	1,184375E+3	1,115302E+2	1,184375E+3	1,160183E+2
1,185937E+3	6,992849E+1	1,185937E+3	8,025214E+1	1,185937E+3	9,099394E+1	1,185937E+3	9,953067E+1	1,185937E+3	1,077684E+2	1,185937E+3	1,127748E+2	1,185937E+3	1,162545E+2
1,187500E+3	6,940779E+1	1,187500E+3	7,975031E+1	1,187500E+3	9,092090E+1	1,187500E+3	9,968590E+1	1,187500E+3	1,084668E+2	1,187500E+3	1,133900E+2	1,187500E+3	1,162004E+2
1,189062E+3	6,902668E+1	1,189062E+3	7,969206E+1	1,189062E+3	8,981629E+1	1,189062E+3	9,861640E+1	1,189062E+3	1,080979E+2	1,189062E+3	1,133556E+2	1,189062E+3	1,164025E+2
1,190625E+3	6,850934E+1	1,190625E+3	7,826117E+1	1,190625E+3	8,872766E+1	1,190625E+3	9,826028E+1	1,190625E+3	1,086019E+2	1,190625E+3	1,125582E+2	1,190625E+3	1,160818E+2
1,192187E+3	6,822923E+1	1,192187E+3	7,888769E+1	1,192187E+3	8,862009E+1	1,192187E+3	9,786925E+1	1,192187E+3	1,075453E+2	1,192187E+3	1,130452E+2	1,192187E+3	1,162538E+2
1,193750E+3	6,822742E+1	1,193750E+3	7,911764E+1	1,193750E+3	8,820499E+1	1,193750E+3	9,834692E+1	1,193750E+3	1,075174E+2	1,193750E+3	1,125444E+2	1,193750E+3	1,169519E+2
1,195312E+3	6,902714E+1	1,195312E+3	7,944782E+1	1,195312E+3	8,802270E+1	1,195312E+3	9,939341E+1	1,195312E+3	1,071529E+2	1,195312E+3	1,119280E+2	1,195312E+3	1,173775E+2
1,196875E+3	6,832993E+1	1,196875E+3	7,983438E+1	1,196875E+3	8,814094E+1	1,196875E+3	9,788720E+1	1,196875E+3	1,083833E+2	1,196875E+3	1,119556E+2	1,196875E+3	1,171013E+2
1,198437E+3	6,838107E+1	1,198437E+3	7,838245E+1	1,198437E+3	8,785206E+1	1,198437E+3	9,806027E+1	1,198437E+3	1,074468E+2	1,198437E+3	1,117418E+2	1,198437E+3	1,165588E+2
1,200000E+3	7,179305E+1	1,200000E+3	7,841853E+1	1,200000E+3	8,832932E+1	1,200000E+3	9,815302E+1	1,200000E+3	1,076134E+2	1,200000E+3	1,122014E+2	1,200000E+3	1,165923E+2
1,201562E+3	7,115090E+1	1,201562E+3	7,849021E+1	1,201562E+3	8,784953E+1	1,201562E+3	9,728560E+1	1,201562E+3	1,071603E+2	1,201562E+3	1,118002E+2	1,201562E+3	1,171610E+2
1,203125E+3	6,882710E+1	1,203125E+3	7,897747E+1	1,203125E+3	8,735913E+1	1,203125E+3	9,753112E+1	1,203125E+3	1,060784E+2	1,203125E+3	1,126500E+2	1,203125E+3	1,170891E+2
1,204687E+3	6,874397E+1	1,204687E+3	7,841981E+1	1,204687E+3	8,751440E+1	1,204687E+3	9,828028E+1	1,204687E+3	1,074637E+2	1,204687E+3	1,135975E+2	1,204687E+3	1,167426E+2
1,206250E+3	6,814758E+1	1,206250E+3	7,855865E+1	1,206250E+3	8,773345E+1	1,206250E+3	9,773025E+1	1,206250E+3	1,069092E+2	1,206250E+3	1,136281E+2	1,206250E+3	1,165600E+2
1,207812E+3	6,770154E+1	1,207812E+3	7,862530E+1	1,207812E+3	8,776598E+1	1,207812E+3	9,707170E+1	1,207812E+3	1,080321E+2	1,207812E+3	1,125655E+2	1,207812E+3	1,168034E+2
1,209375E+3	6,732235E+1	1,209375E+3	7,820295E+1	1,209375E+3	8,834565E+1	1,209375E+3	9,813360E+1	1,209375E+3	1,083397E+2	1,209375E+3	1,120276E+2	1,209375E+3	1,163932E+2
1,210937E+3	6,678087E+1	1,210937E+3	7,738693E+1	1,210937E+3	8,841366E+1	1,210937E+3	9,812307E+1	1,210937E+3	1,076639E+2	1,210937E+3	1,109891E+2	1,210937E+3	1,159480E+2
1,212500E+3	6,753331E+1	1,212500E+3	7,563820E+1	1,212500E+3	8,827842E+1	1,212500E+3	9,765819E+1	1,212500E+3	1,078538E+2	1,212500E+3	1,113013E+2	1,212500E+3	1,148409E+2
1,214062E+3	6,903368E+1	1,214062E+3	7,653740E+1	1,214062E+3	8,875022E+1	1,214062E+3	9,771578E+1	1,214062E+3	1,071928E+2	1,214062E+3	1,118885E+2	1,214062E+3	1,154897E+2
1,215625E+3	6,919431E+1	1,215625E+3	7,812330E+1	1,215625E+3	8,812161E+1	1,215625E+3	9,806221E+1	1,215625E+3	1,067125E+2	1,215625E+3	1,120975E+2	1,215625E+3	1,156497E+2
1,217187E+3	6,736221E+1	1,217187E+3	7,864326E+1	1,217187E+3	8,764164E+1	1,217187E+3	9,721862E+1	1,217187E+3	1,075179E+2	1,217187E+3	1,126717E+2	1,217187E+3	1,170539E+2
1,218750E+3	6,706568E+1	1,218750E+3	7,699277E+1	1,218750E+3	8,733698E+1	1,218750E+3	9,702010E+1	1,218750E+3	1,070266E+2	1,218750E+3	1,129021E+2	1,218750E+3	1,166327E+2
1,220312E+3	6,715113E+1	1,220312E+3	7,872258E+1	1,220312E+3	8,816806E+1	1,220312E+3	9,647728E+1	1,220312E+3	1,075686E+2	1,220312E+3	1,115550E+2	1,220312E+3	1,159935E+2
1,221875E+3	6,700297E+1	1,221875E+3	7,716661E+1	1,221875E+3	8,861665E+1	1,221875E+3	9,705126E+1	1,221875E+3	1,071139E+2	1,221875E+3	1,107224E+2	1,221875E+3	1,163388E+2
1,223437E+3	6,674597E+1	1,223437E+3	7,570431E+1	1,223437E+3	8,849751E+1	1,223437E+3	9,775570E+1	1,223437E+3	1,063218E+2	1,223437E+3	1,115645E+2	1,223437E+3	1,166380E+2
1,225000E+3	6,771177E+1	1,225000E+3	7,533213E+1	1,225000E+3	8,798799E+1	1,225000E+3	9,810758E+1	1,225000E+3	1,072773E+2	1,225000E+3	1,123797E+2	1,225000E+3	1,167230E+2
1,226562E+3	6,764379E+1	1,226562E+3	7,613179E+1	1,226562E+3	8,632482E+1	1,226562E+3	9,732585E+1	1,226562E+3	1,069301E+2	1,226562E+3	1,119652E+2	1,226562E+3	1,155637E+2
1,228125E+3	6,705479E+1	1,228125E+3	7,694145E+1	1,228125E+3	8,677987E+1	1,228125E+3	9,867705E+1	1,228125E+3	1,069051E+2	1,228125E+3	1,124343E+2	1,228125E+3	1,161382E+2
1,229687E+3	6,730007E+1	1,229687E+3	7,727714E+1	1,229687E+3	8,678856E+1	1,229687E+3	9,835060E+1	1,229687E+3	1,063743E+2	1,229687E+3	1,119765E+2	1,229687E+3	1,166982E+2
1,231250E+3	6,710298E+1	1,231250E+3	7,833972E+1	1,231250E+3	8,749689E+1	1,231250E+3	9,705116E+1	1,231250E+3	1,068719E+2	1,231250E+3	1,108582E+2	1,231250E+3	1,166481E+2
1,232812E+3	6,659813E+1	1,232812E+3	7,850325E+1	1,232812E+3	8,788564E+1	1,232812E+3	9,672775E+1	1,232812E+3	1,065489E+2	1,232812E+3	1,119494E+2	1,232812E+3	1,165680E+2
1,234375E+3	6,647035E+1	1,234375E+3	7,811204E+1	1,234375E+3	8,743089E+1	1,234375E+3	9,621689E+1	1,234375E+3	1,056337E+2	1,234375E+3	1,120456E+2	1,234375E+3	1,154875E+2
1,235937E+3	6,651977E+1	1,235937E+3	7,704182E+1	1,235937E+3	8,795047E+1	1,235937E+3	9,631055E+1	1,235937E+3	1,066881E+2	1,235937E+3	1,116375E+2	1,235937E+3	1,164586E+2
1,237500E+3	6,601820E+1	1,237500E+3	7,734032E+1	1,237500E+3	8,746794E+1	1,237500E+3	9,648207E+1	1,237500E+3	1,077130E+2	1,237500E+3	1,128670E+2	1,237500E+3	1,165559E+2
1,239062E+3	6,580058E+1	1,239062E+3	7,626158E+1	1,239062E+3	8,733912E+1	1,239062E+3	9,596407E+1	1,239062E+3	1,066279E+2	1,239062E+3	1,126971E+2	1,239062E+3	1,173481E+2
1,240625E+3	6,698262E+1	1,240625E+3	7,567579E+1	1,240625E+3	8,705093E+1	1,240625E+3	9,652848E+1	1,240625E+3	1,053647E+2	1,240625E+3	1,124171E+2	1,240625E+3	1,160985E+2
1,242187E+3	6,762139E+1	1,242187E+3	7,528799E+1	1,242187E+3	8,760545E+1	1,242187E+3	9,767867E+1	1,242187E+3	1,071684E+2	1,242187E+3	1,111766E+2	1,242187E+3	1,154431E+2
1,243750E+3	6,754934E+1	1,243750E+3	7,559078E+1	1,243750E+3	8,735988E+1	1,243750E+3	9,610253E+1	1,243750E+3	1,064152E+2	1,243750E+3	1,101286E+2	1,243750E+3	1,167118E+2
1,245312E+3	6,597732E+1	1,245312E+3	7,562213E+1	1,245312E+3	8,747533E+1	1,245312E+3	9,640583E+1	1,245312E+3	1,062169E+2	1,245312E+3	1,106293E+2	1,245312E+3	1,165187E+2
1,246875E+3	6,590089E+1	1,246875E+3	7,689813E+1	1,246875E+3	8,763448E+1	1,246875E+3	9,661719E+1	1,246875E+3	1,066796E+2	1,246875E+3	1,117493E+2	1,246875E+3	1,160401E+2
1,248437E+3	6,653119E+1	1,248437E+3	7,746203E+1	1,248437E+3	8,688548E+1	1,248437E+3	9,650788E+1	1,248437E+3	1,060665E+2	1,248437E+3	1,114801E+2	1,248437E+3	1,151335E+2
1,250000E+3	6,593138E+1	1,250000E+3	7,670655E+1	1,250000E+3	8,724272E+1	1,250000E+3	9,671424E+1	1,250000E+3	1,061941E+2	1,250000E+3	1,118367E+2	1,250000E+3	1,152235E+2
1,251562E+3	6,554239E+1	1,251562E+3	7,657988E+1	1,251562E+3	8,643277E+1	1,251562E+3	9,757091E+1	1,251562E+3	1,071184E+2	1,251562E+3	1,126224E+2	1,251562E+3	1,159452E+2
1,253125E+3	6,614067E+1	1,253125E+3	7,773474E+1	1,253125E+3	8,689235E+1	1,253125E+3	9,729321E+1	1,253125E+3	1,067947E+2	1,253125E+3	1,118751E+2	1,253125E+3	1,158013E+2
1,254687E+3	6,703732E+1	1,254687E+3	7,719401E+1	1,254687E+3	8,668740E+1	1,254687E+3	9,724940E+1	1,254687E+3	1,065896E+2	1,254687E+3	1,126217E+2	1,254687E+3	1,158163E+2
1,256250E+3	6,646593E+1	1,256250E+3	7,695291E+1	1,256250E+3	8,693556E+1	1,256250E+3	9,700093E+1	1,256250E+3	1,057023E+2	1,256250E+3	1,129578E+2	1,256250E+3	1,156222E+2
1,257812E+3	7,321739E+1	1,257812E+3	7,814342E+1	1,257812E+3	8,580378E+1	1,257812E+3	9,738330E+1	1,257812E+3	1,058058E+2	1,257812E+3	1,111256E+2	1,257812E+3	1,149836E+2
1,259375E+3	8,281385E+1	1,259375E+3	8,369619E+1	1,259375E+3	8,751575E+1	1,259375E+3	9,736633E+1	1,259375E+3	1,053052E+2	1,259375E+3	1,111379E+2	1,259375E+3	1,166567E+2
1,260937E+3	8,282721E+1	1,260937E+3	8,302076E+1	1,260937E+3	8,833512E+1	1,260937E+3	9,714810E+1	1,260937E+3	1,062941E+2	1,260937E+3	1,114985E+2	1,260937E+3	1,170324E+2
1,262500E+3	7,301648E+1	1,262500E+3	7,667111E+1	1,262500E+3	8,672763E+1	1,262500E+3	9,720337E+1	1,262500E+3	1,069582E+2	1,262500E+3	1,109722E+2	1,262500E+3	1,158665E+2
1,264062E+3	6,705084E+1	1,264062E+3	7,801667E+1	1,264062E+3	8,621628E+1	1,264062E+3	9,742847E+1	1,264062E+3	1,067631E+2	1,264062E+3	1,110575E+2	1,264062E+3	1,154770E+2
1,265625E+3	6,767629E+1	1,265625E+3	7,724211E+1	1,265625E+3	8,703357E+1	1,265625E+3	9,743286E+1	1,265625E+3	1,058743E+2	1,265625E+3	1,114544E+2	1,265625E+3	1,160028E+2
1,267187E+3	6,682854E+1	1,267187E+3	7,795541E+1	1,267187E+3	8,660197E+1	1,267187E+3	9,672025E+1	1,267187E+3	1,066603E+2	1,267187E+3	1,121579E+2	1,267187E+3	1,155187E+2
1,268750E+3	6,621359E+1	1,268750E+3	7,734960E+1	1,268750E+3	8,557409E+1	1,268750E+3	9,637648E+1	1,268750E+3	1,067553E+2	1,268750E+3	1,117287E+2	1,268750E+3	1,156697E+2
1,270312E+3	6,569074E+1	1,270312E+3	7,721392E+1	1,270312E+3	8,681092E+1	1,270312E+3	9,693909E+1	1,270312E+3	1,061429E+2	1,270312E+3	1,112270E+2	1,270312E+3	1,156150E+2
1,271875E+3	6,649931E+1	1,271875E+3	7,678398E+1	1,271875E+3	8,703480E+1	1,271875E+3	9,707399E+1	1,271875E+3	1,053257E+2	1,271875E+3	1,113242E+2	1,271875E+3	1,163393E+2
1,273437E+3	6,660495E+1	1,273437E+3	7,701364E+1	1,273437E+3	8,669137E+1	1,273437E+3	9,711446E+1	1,273437E+3	1,065734E+2	1,273437E+3	1,118762E+2	1,273437E+3	1,170711E+2
1,275000E+3	6,651792E+1	1,275000E+3	7,605086E+1	1,275000E+3	8,624260E+1	1,275000E+3	9,780135E+1	1,275000E+3	1,060985E+2	1,275000E+3	1,124981E+2	1,275000E+3	1,158521E+2
1,276562E+3	6,604921E+1	1,276562E+3	7,539472E+1	1,276562E+3	8,491737E+1	1,276562E+3	9,720617E+1	1,276562E+3	1,064833E+2	1,276562E+3	1,128825E+2	1,276562E+3	1,157704E+2
1,278125E+3	6,709795E+1	1,278125E+3	7,582937E+1	1,278125E+3	8,538843E+1	1,278125E+3	9,654354E+1	1,278125E+3	1,074613E+2	1,278125E+3	1,124643E+2	1,278125E+3	1,166046E+2
1,279687E+3	6,652550E+1	1,279687E+3	7,598604E+1	1,279687E+3	8,692304E+1	1,279687E+3	9,690866E+1	1,279687E+3	1,072776E+2	1,279687E+3	1,125353E+2	1,279687E+3	1,156463E+2
1,281250E+3	6,501595E+1	1,281250E+3	7,655640E+1	1,281250E+3	8,675388E+1	1,281250E+3	9,722619E+1	1,281250E+3	1,072795E+2	1,281250E+3	1,121608E+2	1,281250E+3	1,159689E+2
1,282812E+3	6,657769E+1	1,282812E+3	7,683111E+1	1,282812E+3	8,600138E+1	1,282812E+3	9,655072E+1	1,282812E+3	1,063679E+2	1,282812E+3	1,125326E+2	1,282812E+3	1,175912E+2
1,284375E+3	6,644988E+1	1,284375E+3	7,723709E+1	1,284375E+3	8,547089E+1	1,284375E+3	9,674979E+1	1,284375E+3	1,062126E+2	1,284375E+3	1,129435E+2	1,284375E+3	1,170929E+2
1,285937E+3	6,542266E+1	1,285937E+3	7,626712E+1	1,285937E+3	8,653531E+1	1,285937E+3	9,650382E+1	1,285937E+3	1,072117E+2	1,285937E+3	1,116700E+2	1,285937E+3	1,162979E+2
1,287500E+3	6,442633E+1	1,287500E+3	7,621927E+1	1,287500E+3	8,613854E+1	1,287500E+3	9,609113E+1	1,287500E+3	1,072618E+2	1,287500E+3	1,114350E+2	1,287500E+3	1,163902E+2
1,289062E+3	6,536812E+1	1,289062E+3	7,624182E+1	1,289062E+3	8,519444E+1	1,289062E+3	9,589190E+1	1,289062E+3	1,078250E+2	1,289062E+3	1,120221E+2	1,289062E+3	1,166973E+2
1,290625E+3	6,689154E+1	1,290625E+3	7,690660E+1	1,290625E+3	8,463367E+1	1,290625E+3	9,586279E+1	1,290625E+3	1,075976E+2	1,290625E+3	1,121502E+2	1,290625E+3	1,168473E+2
1,292187E+3	6,690148E+1	1,292187E+3	7,603728E+1	1,292187E+3	8,579610E+1	1,292187E+3	9,582627E+1	1,292187E+3	1,069825E+2	1,292187E+3	1,122884E+2	1,292187E+3	1,155626E+2
1,293750E+3	6,602179E+1	1,293750E+3	7,368411E+1	1,293750E+3	8,551902E+1	1,293750E+3	9,694292E+1	1,293750E+3	1,071093E+2	1,293750E+3	1,130604E+2	1,293750E+3	1,171689E+2
1,295312E+3	6,606588E+1	1,295312E+3	7,506156E+1	1,295312E+3	8,543022E+1	1,295312E+3	9,754516E+1	1,295312E+3	1,081736E+2	1,295312E+3	1,126053E+2	1,295312E+3	1,171989E+2
1,296875E+3	6,630642E+1	1,296875E+3	7,544757E+1	1,296875E+3	8,636922E+1	1,296875E+3	9,705683E+1	1,296875E+3	1,079684E+2	1,296875E+3	1,128449E+2	1,296875E+3	1,168428E+2
1,298437E+3	6,557149E+1	1,298437E+3	7,506777E+1	1,298437E+3	8,729383E+1	1,298437E+3	9,607002E+1	1,298437E+3	1,083697E+2	1,298437E+3	1,135482E+2	1,298437E+3	1,175407E+2
1,300000E+3	6,482699E+1	1,300000E+3	7,486094E+1	1,300000E+3	8,546725E+1	1,300000E+3	9,626960E+1	1,300000E+3	1,081291E+2	1,300000E+3	1,128197E+2	1,300000E+3	1,184263E+2
1,301562E+3	6,515685E+1	1,301562E+3	7,516964E+1	1,301562E+3	8,533567E+1	1,301562E+3	9,655631E+1	1,301562E+3	1,073348E+2	1,301562E+3	1,132299E+2	1,301562E+3	1,190132E+2
1,303125E+3	6,625722E+1	1,303125E+3	7,498095E+1	1,303125E+3	8,616681E+1	1,303125E+3	9,691464E+1	1,303125E+3	1,064568E+2	1,303125E+3	1,134442E+2	1,303125E+3	1,181832E+2
1,304687E+3	6,494704E+1	1,304687E+3	7,495864E+1	1,304687E+3	8,624175E+1	1,304687E+3	9,577799E+1	1,304687E+3	1,061764E+2	1,304687E+3	1,127671E+2	1,304687E+3	1,173295E+2
1,306250E+3	6,421126E+1	1,306250E+3	7,455130E+1	1,306250E+3	8,524553E+1	1,306250E+3	9,523435E+1	1,306250E+3	1,061059E+2	1,306250E+3	1,128930E+2	1,306250E+3	1,174044E+2
1,307812E+3	6,453831E+1	1,307812E+3	7,552292E+1	1,307812E+3	8,510369E+1	1,307812E+3	9,472842E+1	1,307812E+3	1,076659E+2	1,307812E+3	1,131722E+2	1,307812E+3	1,179311E+2
1,309375E+3	6,462741E+1	1,309375E+3	7,471949E+1	1,309375E+3	8,450347E+1	1,309375E+3	9,527457E+1	1,309375E+3	1,072792E+2	1,309375E+3	1,136026E+2	1,309375E+3	1,182589E+2
1,310937E+3	6,424759E+1	1,310937E+3	7,444583E+1	1,310937E+3	8,425736E+1	1,310937E+3	9,602835E+1	1,310937E+3	1,063051E+2	1,310937E+3	1,134679E+2	1,310937E+3	1,175866E+2
1,312500E+3	6,529172E+1	1,312500E+3	7,464351E+1	1,312500E+3	8,526055E+1	1,312500E+3	9,535419E+1	1,312500E+3	1,060966E+2	1,312500E+3	1,133505E+2	1,312500E+3	1,176485E+2
1,314062E+3	6,388682E+1	1,314062E+3	7,377421E+1	1,314062E+3	8,520280E+1	1,314062E+3	9,514078E+1	1,314062E+3	1,075645E+2	1,314062E+3	1,134824E+2	1,314062E+3	1,184921E+2
1,315625E+3	6,321177E+1	1,315625E+3	7,385828E+1	1,315625E+3	8,445299E+1	1,315625E+3	9,547293E+1	1,315625E+3	1,082085E+2	1,315625E+3	1,122271E+2	1,315625E+3	1,186296E+2
1,317187E+3	6,489058E+1	1,317187E+3	7,309679E+1	1,317187E+3	8,331268E+1	1,317187E+3	9,526695E+1	1,317187E+3	1,079112E+2	1,317187E+3	1,115997E+2	1,317187E+3	1,182717E+2
1,318750E+3	6,975157E+1	1,318750E+3	7,442428E+1	1,318750E+3	8,387699E+1	1,318750E+3	9,414288E+1	1,318750E+3	1,063353E+2	1,318750E+3	1,129076E+2	1,318750E+3	1,179534E+2
1,320312E+3	7,302288E+1	1,320312E+3	7,590680E+1	1,320312E+3	8,535502E+1	1,320312E+3	9,524361E+1	1,320312E+3	1,073842E+2	1,320312E+3	1,134316E+2	1,320312E+3	1,181560E+2
1,321875E+3	6,816103E+1	1,321875E+3	7,391936E+1	1,321875E+3	8,488026E+1	1,321875E+3	9,637821E+1	1,321875E+3	1,060678E+2	1,321875E+3	1,133793E+2	1,321875E+3	1,177546E+2
1,323437E+3	6,450761E+1	1,323437E+3	7,374586E+1	1,323437E+3	8,447176E+1	1,323437E+3	9,643210E+1	1,323437E+3	1,074909E+2	1,323437E+3	1,144604E+2	1,323437E+3	1,175585E+2
1,325000E+3	6,387158E+1	1,325000E+3	7,324533E+1	1,325000E+3	8,494973E+1	1,325000E+3	9,517826E+1	1,325000E+3	1,066347E+2	1,325000E+3	1,139463E+2	1,325000E+3	1,181851E+2
1,326562E+3	6,315065E+1	1,326562E+3	7,297725E+1	1,326562E+3	8,573337E+1	1,326562E+3	9,491180E+1	1,326562E+3	1,070449E+2	1,326562E+3	1,126738E+2	1,326562E+3	1,180622E+2
1,328125E+3	6,344765E+1	1,328125E+3	7,403573E+1	1,328125E+3	8,421713E+1	1,328125E+3	9,535988E+1	1,328125E+3	1,072017E+2	1,328125E+3	1,124719E+2	1,328125E+3	1,181595E+2
1,329687E+3	6,239878E+1	1,329687E+3	7,445244E+1	1,329687E+3	8,379536E+1	1,329687E+3	9,517822E+1	1,329687E+3	1,075413E+2	1,329687E+3	1,140271E+2	1,329687E+3	1,180345E+2
1,331250E+3	6,297876E+1	1,331250E+3	7,394388E+1	1,331250E+3	8,387008E+1	1,331250E+3	9,473421E+1	1,331250E+3	1,078116E+2	1,331250E+3	1,133329E+2	1,331250E+3	1,184800E+2
1,332812E+3	6,222746E+1	1,332812E+3	7,342946E+1	1,332812E+3	8,426084E+1	1,332812E+3	9,512532E+1	1,332812E+3	1,072110E+2	1,332812E+3	1,120461E+2	1,332812E+3	1,190668E+2
1,334375E+3	6,304871E+1	1,334375E+3	7,352409E+1	1,334375E+3	8,423705E+1	1,334375E+3	9,447882E+1	1,334375E+3	1,070764E+2	1,334375E+3	1,121109E+2	1,334375E+3	1,190552E+2
1,335937E+3	6,368956E+1	1,335937E+3	7,312999E+1	1,335937E+3	8,420315E+1	1,335937E+3	9,586407E+1	1,335937E+3	1,064000E+2	1,335937E+3	1,126827E+2	1,335937E+3	1,187684E+2
1,337500E+3	6,408381E+1	1,337500E+3	7,273787E+1	1,337500E+3	8,456986E+1	1,337500E+3	9,553118E+1	1,337500E+3	1,061577E+2	1,337500E+3	1,129637E+2	1,337500E+3	1,188110E+2
1,339062E+3	6,276087E+1	1,339062E+3	7,364166E+1	1,339062E+3	8,431495E+1	1,339062E+3	9,553232E+1	1,339062E+3	1,061353E+2	1,339062E+3	1,133426E+2	1,339062E+3	1,171778E+2
1,340625E+3	6,381203E+1	1,340625E+3	7,401155E+1	1,340625E+3	8,459141E+1	1,340625E+3	9,574454E+1	1,340625E+3	1,071194E+2	1,340625E+3	1,136116E+2	1,340625E+3	1,175280E+2
1,342187E+3	6,437576E+1	1,342187E+3	7,407986E+1	1,342187E+3	8,365530E+1	1,342187E+3	9,557094E+1	1,342187E+3	1,072788E+2	1,342187E+3	1,130925E+2	1,342187E+3	1,179612E+2
1,343750E+3	6,444355E+1	1,343750E+3	7,289348E+1	1,343750E+3	8,547761E+1	1,343750E+3	9,457994E+1	1,343750E+3	1,066837E+2	1,343750E+3	1,126050E+2	1,343750E+3	1,167212E+2
1,345312E+3	6,442932E+1	1,345312E+3	7,401433E+1	1,345312E+3	8,584821E+1	1,345312E+3	9,526522E+1	1,345312E+3	1,063449E+2	1,345312E+3	1,122824E+2	1,345312E+3	1,174710E+2
1,346875E+3	6,465388E+1	1,346875E+3	7,470234E+1	1,346875E+3	8,539507E+1	1,346875E+3	9,606441E+1	1,346875E+3	1,058078E+2	1,346875E+3	1,122165E+2	1,346875E+3	1,170698E+2
1,348437E+3	6,529419E+1	1,348437E+3	7,481336E+1	1,348437E+3	8,441235E+1	1,348437E+3	9,503882E+1	1,348437E+3	1,067494E+2	1,348437E+3	1,123873E+2	1,348437E+3	1,177056E+2
1,350000E+3	6,353084E+1	1,350000E+3	7,428558E+1	1,350000E+3	8,474797E+1	1,350000E+3	9,463032E+1	1,350000E+3	1,064256E+2	1,350000E+3	1,125135E+2	1,350000E+3	1,170831E+2
1,351562E+3	6,234076E+1	1,351562E+3	7,502273E+1	1,351562E+3	8,434207E+1	1,351562E+3	9,512586E+1	1,351562E+3	1,059568E+2	1,351562E+3	1,128688E+2	1,351562E+3	1,173392E+2
1,353125E+3	6,369750E+1	1,353125E+3	7,485258E+1	1,353125E+3	8,365393E+1	1,353125E+3	9,517235E+1	1,353125E+3	1,071823E+2	1,353125E+3	1,127106E+2	1,353125E+3	1,169528E+2
1,354687E+3	6,351092E+1	1,354687E+3	7,468726E+1	1,354687E+3	8,393727E+1	1,354687E+3	9,444782E+1	1,354687E+3	1,076790E+2	1,354687E+3	1,121752E+2	1,354687E+3	1,168329E+2
1,356250E+3	6,379376E+1	1,356250E+3	7,509284E+1	1,356250E+3	8,481150E+1	1,356250E+3	9,612095E+1	1,356250E+3	1,076228E+2	1,356250E+3	1,118818E+2	1,356250E+3	1,170492E+2
1,357812E+3	6,447855E+1	1,357812E+3	7,412521E+1	1,357812E+3	8,481668E+1	1,357812E+3	9,588693E+1	1,357812E+3	1,077382E+2	1,357812E+3	1,126521E+2	1,357812E+3	1,177870E+2
1,359375E+3	6,585806E+1	1,359375E+3	7,524048E+1	1,359375E+3	8,525349E+1	1,359375E+3	9,504526E+1	1,359375E+3	1,070913E+2	1,359375E+3	1,123260E+2	1,359375E+3	1,179060E+2
1,360937E+3	6,517141E+1	1,360937E+3	7,605067E+1	1,360937E+3	8,488335E+1	1,360937E+3	9,497514E+1	1,360937E+3	1,061869E+2	1,360937E+3	1,112556E+2	1,360937E+3	1,159784E+2
1,362500E+3	6,535746E+1	1,362500E+3	7,629665E+1	1,362500E+3	8,544473E+1	1,362500E+3	9,442470E+1	1,362500E+3	1,060034E+2	1,362500E+3	1,127126E+2	1,362500E+3	1,151929E+2
1,364062E+3	6,492492E+1	1,364062E+3	7,555989E+1	1,364062E+3	8,521482E+1	1,364062E+3	9,463000E+1	1,364062E+3	1,065607E+2	1,364062E+3	1,118649E+2	1,364062E+3	1,156546E+2
1,365625E+3	6,527659E+1	1,365625E+3	7,554786E+1	1,365625E+3	8,456310E+1	1,365625E+3	9,509969E+1	1,365625E+3	1,063690E+2	1,365625E+3	1,124070E+2	1,365625E+3	1,167226E+2
1,367187E+3	6,493570E+1	1,367187E+3	7,461174E+1	1,367187E+3	8,458091E+1	1,367187E+3	9,489544E+1	1,367187E+3	1,056336E+2	1,367187E+3	1,118875E+2	1,367187E+3	1,163984E+2
1,368750E+3	6,514517E+1	1,368750E+3	7,489662E+1	1,368750E+3	8,551651E+1	1,368750E+3	9,533451E+1	1,368750E+3	1,050863E+2	1,368750E+3	1,114319E+2	1,368750E+3	1,166273E+2
1,370312E+3	6,535556E+1	1,370312E+3	7,570562E+1	1,370312E+3	8,568356E+1	1,370312E+3	9,565304E+1	1,370312E+3	1,046698E+2	1,370312E+3	1,114108E+2	1,370312E+3	1,167711E+2
1,371875E+3	6,571903E+1	1,371875E+3	7,534456E+1	1,371875E+3	8,662845E+1	1,371875E+3	9,545889E+1	1,371875E+3	1,045887E+2	1,371875E+3	1,108355E+2	1,371875E+3	1,167199E+2
1,373437E+3	6,610340E+1	1,373437E+3	7,521609E+1	1,373437E+3	8,610354E+1	1,373437E+3	9,516209E+1	1,373437E+3	1,058696E+2	1,373437E+3	1,115083E+2	1,373437E+3	1,157409E+2
1,375000E+3	6,624277E+1	1,375000E+3	7,609715E+1	1,375000E+3	8,605349E+1	1,375000E+3	9,638687E+1	1,375000E+3	1,047581E+2	1,375000E+3	1,107805E+2	1,375000E+3	1,154883E+2
1,376562E+3	6,560739E+1	1,376562E+3	7,648467E+1	1,376562E+3	8,561825E+1	1,376562E+3	9,593831E+1	1,376562E+3	1,058498E+2	1,376562E+3	1,110676E+2	1,376562E+3	1,160797E+2
1,378125E+3	7,210127E+1	1,378125E+3	7,646173E+1	1,378125E+3	8,623412E+1	1,378125E+3	9,522545E+1	1,378125E+3	1,064774E+2	1,378125E+3	1,107174E+2	1,378125E+3	1,149178E+2
1,379687E+3	8,004047E+1	1,379687E+3	8,115729E+1	1,379687E+3	8,722239E+1	1,379687E+3	9,400911E+1	1,379687E+3	1,055511E+2	1,379687E+3	1,107964E+2	1,379687E+3	1,156525E+2
1,381250E+3	7,854414E+1	1,381250E+3	7,966160E+1	1,381250E+3	8,765315E+1	1,381250E+3	9,497794E+1	1,381250E+3	1,049283E+2	1,381250E+3	1,105506E+2	1,381250E+3	1,160783E+2
1,382812E+3	6,932835E+1	1,382812E+3	7,652378E+1	1,382812E+3	8,671003E+1	1,382812E+3	9,513704E+1	1,382812E+3	1,054996E+2	1,382812E+3	1,110663E+2	1,382812E+3	1,160333E+2
1,384375E+3	6,682840E+1	1,384375E+3	7,653635E+1	1,384375E+3	8,603470E+1	1,384375E+3	9,490356E+1	1,384375E+3	1,060557E+2	1,384375E+3	1,112354E+2	1,384375E+3	1,156635E+2
1,385937E+3	6,716540E+1	1,385937E+3	7,662027E+1	1,385937E+3	8,668015E+1	1,385937E+3	9,583498E+1	1,385937E+3	1,062458E+2	1,385937E+3	1,104516E+2	1,385937E+3	1,150973E+2
1,387500E+3	6,744150E+1	1,387500E+3	7,655839E+1	1,387500E+3	8,633215E+1	1,387500E+3	9,636980E+1	1,387500E+3	1,055364E+2	1,387500E+3	1,099753E+2	1,387500E+3	1,143711E+2
1,389062E+3	6,746518E+1	1,389062E+3	7,737677E+1	1,389062E+3	8,500563E+1	1,389062E+3	9,604052E+1	1,389062E+3	1,053080E+2	1,389062E+3	1,099180E+2	1,389062E+3	1,139082E+2
1,390625E+3	6,696706E+1	1,390625E+3	7,802600E+1	1,390625E+3	8,554648E+1	1,390625E+3	9,508415E+1	1,390625E+3	1,049028E+2	1,390625E+3	1,100105E+2	1,390625E+3	1,138618E+2
1,392187E+3	6,730869E+1	1,392187E+3	7,756356E+1	1,392187E+3	8,601415E+1	1,392187E+3	9,609942E+1	1,392187E+3	1,052158E+2	1,392187E+3	1,103309E+2	1,392187E+3	1,144519E+2
1,393750E+3	6,738966E+1	1,393750E+3	7,618944E+1	1,393750E+3	8,655222E+1	1,393750E+3	9,528082E+1	1,393750E+3	1,049186E+2	1,393750E+3	1,110252E+2	1,393750E+3	1,138340E+2
1,395312E+3	6,694986E+1	1,395312E+3	7,658102E+1	1,395312E+3	8,682305E+1	1,395312E+3	9,535714E+1	1,395312E+3	1,031659E+2	1,395312E+3	1,104591E+2	1,395312E+3	1,145807E+2
1,396875E+3	6,712383E+1	1,396875E+3	7,651180E+1	1,396875E+3	8,620274E+1	1,396875E+3	9,621284E+1	1,396875E+3	1,045754E+2	1,396875E+3	1,090897E+2	1,396875E+3	1,154533E+2
1,398437E+3	6,682189E+1	1,398437E+3	7,541536E+1	1,398437E+3	8,560022E+1	1,398437E+3	9,556904E+1	1,398437E+3	1,044729E+2	1,398437E+3	1,093574E+2	1,398437E+3	1,139138E+2
1,400000E+3	6,673589E+1	1,400000E+3	7,689322E+1	1,400000E+3	8,625025E+1	1,400000E+3	9,581057E+1	1,400000E+3	1,038022E+2	1,400000E+3	1,104049E+2	1,400000E+3	1,137979E+2
1,401562E+3	6,723479E+1	1,401562E+3	7,742544E+1	1,401562E+3	8,564583E+1	1,401562E+3	9,486427E+1	1,401562E+3	1,043011E+2	1,401562E+3	1,089194E+2	1,401562E+3	1,136857E+2
1,403125E+3	6,705912E+1	1,403125E+3	7,706248E+1	1,403125E+3	8,647438E+1	1,403125E+3	9,555329E+1	1,403125E+3	1,041127E+2	1,403125E+3	1,088518E+2	1,403125E+3	1,138049E+2
1,404687E+3	6,739267E+1	1,404687E+3	7,699519E+1	1,404687E+3	8,703085E+1	1,404687E+3	9,598522E+1	1,404687E+3	1,033016E+2	1,404687E+3	1,099170E+2	1,404687E+3	1,130490E+2
1,406250E+3	6,701327E+1	1,406250E+3	7,609735E+1	1,406250E+3	8,686094E+1	1,406250E+3	9,547366E+1	1,406250E+3	1,046880E+2	1,406250E+3	1,092041E+2	1,406250E+3	1,130445E+2
1,407812E+3	6,625297E+1	1,407812E+3	7,610889E+1	1,407812E+3	8,669476E+1	1,407812E+3	9,432525E+1	1,407812E+3	1,051038E+2	1,407812E+3	1,101748E+2	1,407812E+3	1,138016E+2
1,409375E+3	6,661921E+1	1,409375E+3	7,586423E+1	1,409375E+3	8,629817E+1	1,409375E+3	9,438865E+1	1,409375E+3	1,040298E+2	1,409375E+3	1,087734E+2	1,409375E+3	1,136115E+2
1,410937E+3	6,589783E+1	1,410937E+3	7,667432E+1	1,410937E+3	8,666685E+1	1,410937E+3	9,479257E+1	1,410937E+3	1,039557E+2	1,410937E+3	1,086462E+2	1,410937E+3	1,139876E+2
1,412500E+3	6,545008E+1	1,412500E+3	7,613674E+1	1,412500E+3	8,732394E+1	1,412500E+3	9,478889E+1	1,412500E+3	1,046575E+2	1,412500E+3	1,082264E+2	1,412500E+3	1,143858E+2
1,414062E+3	6,718630E+1	1,414062E+3	7,602273E+1	1,414062E+3	8,630336E+1	1,414062E+3	9,592599E+1	1,414062E+3	1,050832E+2	1,414062E+3	1,084962E+2	1,414062E+3	1,136501E+2
1,415625E+3	6,709004E+1	1,415625E+3	7,533971E+1	1,415625E+3	8,552083E+1	1,415625E+3	9,600405E+1	1,415625E+3	1,046025E+2	1,415625E+3	1,090406E+2	1,415625E+3	1,120349E+2
1,417187E+3	6,589174E+1	1,417187E+3	7,631174E+1	1,417187E+3	8,619973E+1	1,417187E+3	9,472476E+1	1,417187E+3	1,055589E+2	1,417187E+3	1,079696E+2	1,417187E+3	1,134103E+2
1,418750E+3	6,586564E+1	1,418750E+3	7,636938E+1	1,418750E+3	8,595225E+1	1,418750E+3	9,537187E+1	1,418750E+3	1,047755E+2	1,418750E+3	1,083532E+2	1,418750E+3	1,132685E+2
1,420312E+3	6,535213E+1	1,420312E+3	7,588894E+1	1,420312E+3	8,700704E+1	1,420312E+3	9,688627E+1	1,420312E+3	1,040943E+2	1,420312E+3	1,091788E+2	1,420312E+3	1,137603E+2
1,421875E+3	6,470408E+1	1,421875E+3	7,579093E+1	1,421875E+3	8,639478E+1	1,421875E+3	9,474377E+1	1,421875E+3	1,041835E+2	1,421875E+3	1,077645E+2	1,421875E+3	1,122959E+2
1,423437E+3	6,479434E+1	1,423437E+3	7,618736E+1	1,423437E+3	8,633668E+1	1,423437E+3	9,370140E+1	1,423437E+3	1,040507E+2	1,423437E+3	1,091261E+2	1,423437E+3	1,126159E+2
1,425000E+3	6,508307E+1	1,425000E+3	7,654048E+1	1,425000E+3	8,637677E+1	1,425000E+3	9,363710E+1	1,425000E+3	1,055021E+2	1,425000E+3	1,091388E+2	1,425000E+3	1,119523E+2
1,426562E+3	6,579259E+1	1,426562E+3	7,630531E+1	1,426562E+3	8,554816E+1	1,426562E+3	9,443714E+1	1,426562E+3	1,050929E+2	1,426562E+3	1,096178E+2	1,426562E+3	1,124094E+2
1,428125E+3	6,560016E+1	1,428125E+3	7,552307E+1	1,428125E+3	8,614706E+1	1,428125E+3	9,486681E+1	1,428125E+3	1,039773E+2	1,428125E+3	1,091959E+2	1,428125E+3	1,143624E+2
1,429687E+3	6,508825E+1	1,429687E+3	7,548670E+1	1,429687E+3	8,646099E+1	1,429687E+3	9,449868E+1	1,429687E+3	1,042404E+2	1,429687E+3	1,093210E+2	1,429687E+3	1,138817E+2
1,431250E+3	6,565381E+1	1,431250E+3	7,560064E+1	1,431250E+3	8,546491E+1	1,431250E+3	9,386442E+1	1,431250E+3	1,030952E+2	1,431250E+3	1,090446E+2	1,431250E+3	1,132693E+2
1,432812E+3	6,635193E+1	1,432812E+3	7,639796E+1	1,432812E+3	8,518479E+1	1,432812E+3	9,488945E+1	1,432812E+3	1,029283E+2	1,432812E+3	1,082270E+2	1,432812E+3	1,127203E+2
1,434375E+3	6,580495E+1	1,434375E+3	7,654127E+1	1,434375E+3	8,480156E+1	1,434375E+3	9,549204E+1	1,434375E+3	1,029144E+2	1,434375E+3	1,078092E+2	1,434375E+3	1,126594E+2
1,435937E+3	6,421794E+1	1,435937E+3	7,590982E+1	1,435937E+3	8,527531E+1	1,435937E+3	9,542357E+1	1,435937E+3	1,030342E+2	1,435937E+3	1,080207E+2	1,435937E+3	1,123703E+2
1,437500E+3	6,732374E+1	1,437500E+3	7,418488E+1	1,437500E+3	8,558443E+1	1,437500E+3	9,405691E+1	1,437500E+3	1,023271E+2	1,437500E+3	1,089684E+2	1,437500E+3	1,120573E+2
1,439062E+3	7,479251E+1	1,439062E+3	7,811952E+1	1,439062E+3	8,532111E+1	1,439062E+3	9,394170E+1	1,439062E+3	1,045139E+2	1,439062E+3	1,086946E+2	1,439062E+3	1,129314E+2
1,440625E+3	7,639975E+1	1,440625E+3	7,906615E+1	1,440625E+3	8,597374E+1	1,440625E+3	9,424939E+1	1,440625E+3	1,037434E+2	1,440625E+3	1,085490E+2	1,440625E+3	1,128272E+2
1,442187E+3	6,946896E+1	1,442187E+3	7,576631E+1	1,442187E+3	8,565579E+1	1,442187E+3	9,474676E+1	1,442187E+3	1,033106E+2	1,442187E+3	1,085214E+2	1,442187E+3	1,123259E+2
1,443750E+3	6,530068E+1	1,443750E+3	7,613018E+1	1,443750E+3	8,596298E+1	1,443750E+3	9,514151E+1	1,443750E+3	1,051595E+2	1,443750E+3	1,085922E+2	1,443750E+3	1,117694E+2
1,445312E+3	6,544702E+1	1,445312E+3	7,344903E+1	1,445312E+3	8,536215E+1	1,445312E+3	9,443607E+1	1,445312E+3	1,042441E+2	1,445312E+3	1,079765E+2	1,445312E+3	1,119406E+2
1,446875E+3	6,480029E+1	1,446875E+3	7,450345E+1	1,446875E+3	8,436153E+1	1,446875E+3	9,505489E+1	1,446875E+3	1,030607E+2	1,446875E+3	1,085268E+2	1,446875E+3	1,122781E+2
1,448437E+3	6,445016E+1	1,448437E+3	7,424604E+1	1,448437E+3	8,416960E+1	1,448437E+3	9,461126E+1	1,448437E+3	1,020968E+2	1,448437E+3	1,084067E+2	1,448437E+3	1,129946E+2
1,450000E+3	6,411082E+1	1,450000E+3	7,520866E+1	1,450000E+3	8,391607E+1	1,450000E+3	9,417486E+1	1,450000E+3	1,027940E+2	1,450000E+3	1,083635E+2	1,450000E+3	1,123468E+2
1,451562E+3	6,521188E+1	1,451562E+3	7,505210E+1	1,451562E+3	8,503586E+1	1,451562E+3	9,454588E+1	1,451562E+3	1,028910E+2	1,451562E+3	1,076573E+2	1,451562E+3	1,131271E+2
1,453125E+3	6,485011E+1	1,453125E+3	7,385439E+1	1,453125E+3	8,574374E+1	1,453125E+3	9,436453E+1	1,453125E+3	1,029719E+2	1,453125E+3	1,079767E+2	1,453125E+3	1,120913E+2
1,454687E+3	6,457830E+1	1,454687E+3	7,471475E+1	1,454687E+3	8,623186E+1	1,454687E+3	9,461693E+1	1,454687E+3	1,038341E+2	1,454687E+3	1,089101E+2	1,454687E+3	1,117916E+2
1,456250E+3	6,489125E+1	1,456250E+3	7,488561E+1	1,456250E+3	8,518193E+1	1,456250E+3	9,416298E+1	1,456250E+3	1,025587E+2	1,456250E+3	1,079345E+2	1,456250E+3	1,122978E+2
1,457812E+3	6,496976E+1	1,457812E+3	7,432436E+1	1,457812E+3	8,521971E+1	1,457812E+3	9,354613E+1	1,457812E+3	1,026544E+2	1,457812E+3	1,077735E+2	1,457812E+3	1,134395E+2
1,459375E+3	6,488027E+1	1,459375E+3	7,405199E+1	1,459375E+3	8,443901E+1	1,459375E+3	9,424451E+1	1,459375E+3	1,032336E+2	1,459375E+3	1,083758E+2	1,459375E+3	1,135390E+2
1,460937E+3	6,471172E+1	1,460937E+3	7,534878E+1	1,460937E+3	8,400757E+1	1,460937E+3	9,378687E+1	1,460937E+3	1,033980E+2	1,460937E+3	1,080808E+2	1,460937E+3	1,120780E+2
1,462500E+3	6,442647E+1	1,462500E+3	7,490805E+1	1,462500E+3	8,497255E+1	1,462500E+3	9,372953E+1	1,462500E+3	1,030730E+2	1,462500E+3	1,079940E+2	1,462500E+3	1,121814E+2
1,464062E+3	6,455463E+1	1,464062E+3	7,431547E+1	1,464062E+3	8,567460E+1	1,464062E+3	9,401905E+1	1,464062E+3	1,017781E+2	1,464062E+3	1,086659E+2	1,464062E+3	1,119544E+2
1,465625E+3	6,462009E+1	1,465625E+3	7,512923E+1	1,465625E+3	8,570478E+1	1,465625E+3	9,418684E+1	1,465625E+3	1,034173E+2	1,465625E+3	1,083717E+2	1,465625E+3	1,122371E+2
1,467187E+3	6,509531E+1	1,467187E+3	7,420378E+1	1,467187E+3	8,571710E+1	1,467187E+3	9,479983E+1	1,467187E+3	1,035241E+2	1,467187E+3	1,094748E+2	1,467187E+3	1,139437E+2
1,468750E+3	6,495554E+1	1,468750E+3	7,473979E+1	1,468750E+3	8,410532E+1	1,468750E+3	9,450702E+1	1,468750E+3	1,030610E+2	1,468750E+3	1,089008E+2	1,468750E+3	1,137403E+2
1,470312E+3	6,438128E+1	1,470312E+3	7,529783E+1	1,470312E+3	8,441431E+1	1,470312E+3	9,390280E+1	1,470312E+3	1,042054E+2	1,470312E+3	1,084839E+2	1,470312E+3	1,123453E+2
1,471875E+3	6,355742E+1	1,471875E+3	7,454835E+1	1,471875E+3	8,521347E+1	1,471875E+3	9,278900E+1	1,471875E+3	1,040933E+2	1,471875E+3	1,083879E+2	1,471875E+3	1,127400E+2
1,473437E+3	6,282755E+1	1,473437E+3	7,534787E+1	1,473437E+3	8,483844E+1	1,473437E+3	9,291373E+1	1,473437E+3	1,039231E+2	1,473437E+3	1,078897E+2	1,473437E+3	1,128021E+2
1,475000E+3	6,434406E+1	1,475000E+3	7,611567E+1	1,475000E+3	8,481981E+1	1,475000E+3	9,410976E+1	1,475000E+3	1,027092E+2	1,475000E+3	1,067433E+2	1,475000E+3	1,132714E+2
1,476562E+3	6,508232E+1	1,476562E+3	7,471333E+1	1,476562E+3	8,518413E+1	1,476562E+3	9,446020E+1	1,476562E+3	1,038424E+2	1,476562E+3	1,063643E+2	1,476562E+3	1,136427E+2
1,478125E+3	6,472101E+1	1,478125E+3	7,427732E+1	1,478125E+3	8,454265E+1	1,478125E+3	9,359067E+1	1,478125E+3	1,034046E+2	1,478125E+3	1,071788E+2	1,478125E+3	1,132809E+2
1,479687E+3	6,437005E+1	1,479687E+3	7,469390E+1	1,479687E+3	8,482988E+1	1,479687E+3	9,381728E+1	1,479687E+3	1,030890E+2	1,479687E+3	1,074199E+2	1,479687E+3	1,126224E+2
1,481250E+3	6,313534E+1	1,481250E+3	7,379649E+1	1,481250E+3	8,580936E+1	1,481250E+3	9,456119E+1	1,481250E+3	1,035627E+2	1,481250E+3	1,085230E+2	1,481250E+3	1,125898E+2
1,482812E+3	6,287684E+1	1,482812E+3	7,323333E+1	1,482812E+3	8,552679E+1	1,482812E+3	9,343056E+1	1,482812E+3	1,029574E+2	1,482812E+3	1,088822E+2	1,482812E+3	1,131267E+2
1,484375E+3	6,462853E+1	1,484375E+3	7,365755E+1	1,484375E+3	8,453350E+1	1,484375E+3	9,360759E+1	1,484375E+3	1,027448E+2	1,484375E+3	1,087353E+2	1,484375E+3	1,116738E+2
1,485937E+3	6,418763E+1	1,485937E+3	7,417555E+1	1,485937E+3	8,607295E+1	1,485937E+3	9,481396E+1	1,485937E+3	1,036828E+2	1,485937E+3	1,092893E+2	1,485937E+3	1,127266E+2
1,487500E+3	6,421677E+1	1,487500E+3	7,416552E+1	1,487500E+3	8,483387E+1	1,487500E+3	9,389024E+1	1,487500E+3	1,036126E+2	1,487500E+3	1,081080E+2	1,487500E+3	1,114650E+2
1,489062E+3	6,460637E+1	1,489062E+3	7,462037E+1	1,489062E+3	8,396890E+1	1,489062E+3	9,473064E+1	1,489062E+3	1,039787E+2	1,489062E+3	1,086535E+2	1,489062E+3	1,116358E+2
1,490625E+3	6,406201E+1	1,490625E+3	7,473566E+1	1,490625E+3	8,422820E+1	1,490625E+3	9,549515E+1	1,490625E+3	1,042074E+2	1,490625E+3	1,084331E+2	1,490625E+3	1,132459E+2
1,492187E+3	6,447494E+1	1,492187E+3	7,377402E+1	1,492187E+3	8,513823E+1	1,492187E+3	9,478511E+1	1,492187E+3	1,034031E+2	1,492187E+3	1,078402E+2	1,492187E+3	1,133233E+2
1,493750E+3	6,395086E+1	1,493750E+3	7,426865E+1	1,493750E+3	8,458240E+1	1,493750E+3	9,460118E+1	1,493750E+3	1,030601E+2	1,493750E+3	1,075341E+2	1,493750E+3	1,123825E+2
1,495312E+3	6,450051E+1	1,495312E+3	7,418463E+1	1,495312E+3	8,374326E+1	1,495312E+3	9,487038E+1	1,495312E+3	1,031750E+2	1,495312E+3	1,079343E+2	1,495312E+3	1,123856E+2
1,496875E+3	6,510117E+1	1,496875E+3	7,586025E+1	1,496875E+3	8,414272E+1	1,496875E+3	9,471449E+1	1,496875E+3	1,029035E+2	1,496875E+3	1,081768E+2	1,496875E+3	1,131315E+2
1,498437E+3	6,938079E+1	1,498437E+3	7,577801E+1	1,498437E+3	8,474610E+1	1,498437E+3	9,538268E+1	1,498437E+3	1,036166E+2	1,498437E+3	1,081764E+2	1,498437E+3	1,131113E+2
1,500000E+3	7,344473E+1	1,500000E+3	7,610794E+1	1,500000E+3	8,512816E+1	1,500000E+3	9,602675E+1	1,500000E+3	1,033846E+2	1,500000E+3	1,088731E+2	1,500000E+3	1,128790E+2
1,501562E+3	7,063130E+1	1,501562E+3	7,539470E+1	1,501562E+3	8,391715E+1	1,501562E+3	9,521126E+1	1,501562E+3	1,033950E+2	1,501562E+3	1,093270E+2	1,501562E+3	1,134472E+2
1,503125E+3	6,493371E+1	1,503125E+3	7,456863E+1	1,503125E+3	8,392282E+1	1,503125E+3	9,442949E+1	1,503125E+3	1,035714E+2	1,503125E+3	1,086899E+2	1,503125E+3	1,124818E+2
1,504687E+3	6,510774E+1	1,504687E+3	7,499529E+1	1,504687E+3	8,492072E+1	1,504687E+3	9,365590E+1	1,504687E+3	1,032413E+2	1,504687E+3	1,087516E+2	1,504687E+3	1,126002E+2
1,506250E+3	6,419983E+1	1,506250E+3	7,479921E+1	1,506250E+3	8,443018E+1	1,506250E+3	9,467252E+1	1,506250E+3	1,036476E+2	1,506250E+3	1,101081E+2	1,506250E+3	1,139721E+2
1,507812E+3	6,455971E+1	1,507812E+3	7,399056E+1	1,507812E+3	8,413031E+1	1,507812E+3	9,519189E+1	1,507812E+3	1,032930E+2	1,507812E+3	1,095808E+2	1,507812E+3	1,134854E+2
1,509375E+3	6,518022E+1	1,509375E+3	7,425967E+1	1,509375E+3	8,526427E+1	1,509375E+3	9,448667E+1	1,509375E+3	1,042737E+2	1,509375E+3	1,095064E+2	1,509375E+3	1,131962E+2
1,510937E+3	6,365899E+1	1,510937E+3	7,448421E+1	1,510937E+3	8,508908E+1	1,510937E+3	9,530471E+1	1,510937E+3	1,042012E+2	1,510937E+3	1,090921E+2	1,510937E+3	1,125673E+2
1,512500E+3	6,376571E+1	1,512500E+3	7,420768E+1	1,512500E+3	8,537816E+1	1,512500E+3	9,392597E+1	1,512500E+3	1,040882E+2	1,512500E+3	1,074484E+2	1,512500E+3	1,129189E+2
1,514062E+3	6,513013E+1	1,514062E+3	7,405813E+1	1,514062E+3	8,533536E+1	1,514062E+3	9,365031E+1	1,514062E+3	1,039944E+2	1,514062E+3	1,088166E+2	1,514062E+3	1,129227E+2
1,515625E+3	6,513428E+1	1,515625E+3	7,381914E+1	1,515625E+3	8,536523E+1	1,515625E+3	9,404262E+1	1,515625E+3	1,042558E+2	1,515625E+3	1,100899E+2	1,515625E+3	1,130004E+2
1,517187E+3	6,485690E+1	1,517187E+3	7,345857E+1	1,517187E+3	8,624451E+1	1,517187E+3	9,482951E+1	1,517187E+3	1,044461E+2	1,517187E+3	1,098917E+2	1,517187E+3	1,126164E+2
1,518750E+3	6,481021E+1	1,518750E+3	7,489217E+1	1,518750E+3	8,717079E+1	1,518750E+3	9,575002E+1	1,518750E+3	1,043050E+2	1,518750E+3	1,094075E+2	1,518750E+3	1,127935E+2
1,520312E+3	6,547245E+1	1,520312E+3	7,502553E+1	1,520312E+3	8,613399E+1	1,520312E+3	9,519368E+1	1,520312E+3	1,039182E+2	1,520312E+3	1,089857E+2	1,520312E+3	1,143208E+2
1,521875E+3	6,536084E+1	1,521875E+3	7,475536E+1	1,521875E+3	8,434674E+1	1,521875E+3	9,499716E+1	1,521875E+3	1,043820E+2	1,521875E+3	1,095522E+2	1,521875E+3	1,131831E+2
1,523437E+3	6,428809E+1	1,523437E+3	7,580783E+1	1,523437E+3	8,419291E+1	1,523437E+3	9,506451E+1	1,523437E+3	1,043870E+2	1,523437E+3	1,086943E+2	1,523437E+3	1,125781E+2
1,525000E+3	6,515669E+1	1,525000E+3	7,575177E+1	1,525000E+3	8,424677E+1	1,525000E+3	9,497326E+1	1,525000E+3	1,037530E+2	1,525000E+3	1,094270E+2	1,525000E+3	1,133465E+2
1,526562E+3	6,612072E+1	1,526562E+3	7,528878E+1	1,526562E+3	8,524294E+1	1,526562E+3	9,543458E+1	1,526562E+3	1,050951E+2	1,526562E+3	1,098155E+2	1,526562E+3	1,146084E+2
1,528125E+3	6,638775E+1	1,528125E+3	7,461213E+1	1,528125E+3	8,633868E+1	1,528125E+3	9,464245E+1	1,528125E+3	1,042289E+2	1,528125E+3	1,105373E+2	1,528125E+3	1,140191E+2
1,529687E+3	6,563019E+1	1,529687E+3	7,575261E+1	1,529687E+3	8,735773E+1	1,529687E+3	9,531306E+1	1,529687E+3	1,052135E+2	1,529687E+3	1,102780E+2	1,529687E+3	1,128844E+2
1,531250E+3	6,565530E+1	1,531250E+3	7,641768E+1	1,531250E+3	8,713886E+1	1,531250E+3	9,488825E+1	1,531250E+3	1,054209E+2	1,531250E+3	1,092146E+2	1,531250E+3	1,133915E+2
1,532812E+3	6,672123E+1	1,532812E+3	7,535064E+1	1,532812E+3	8,568819E+1	1,532812E+3	9,603465E+1	1,532812E+3	1,047442E+2	1,532812E+3	1,090616E+2	1,532812E+3	1,136713E+2
1,534375E+3	6,588563E+1	1,534375E+3	7,645848E+1	1,534375E+3	8,612940E+1	1,534375E+3	9,562494E+1	1,534375E+3	1,054440E+2	1,534375E+3	1,094443E+2	1,534375E+3	1,131948E+2
1,535937E+3	6,580466E+1	1,535937E+3	7,662683E+1	1,535937E+3	8,676199E+1	1,535937E+3	9,565389E+1	1,535937E+3	1,060071E+2	1,535937E+3	1,080099E+2	1,535937E+3	1,145875E+2
1,537500E+3	6,542353E+1	1,537500E+3	7,589510E+1	1,537500E+3	8,737990E+1	1,537500E+3	9,663936E+1	1,537500E+3	1,049164E+2	1,537500E+3	1,088784E+2	1,537500E+3	1,154627E+2
1,539062E+3	6,616619E+1	1,539062E+3	7,612305E+1	1,539062E+3	8,687759E+1	1,539062E+3	9,594556E+1	1,539062E+3	1,046830E+2	1,539062E+3	1,097914E+2	1,539062E+3	1,145234E+2
1,540625E+3	6,594649E+1	1,540625E+3	7,673013E+1	1,540625E+3	8,700174E+1	1,540625E+3	9,599191E+1	1,540625E+3	1,055644E+2	1,540625E+3	1,094035E+2	1,540625E+3	1,143523E+2
1,542187E+3	6,522731E+1	1,542187E+3	7,598532E+1	1,542187E+3	8,728241E+1	1,542187E+3	9,691280E+1	1,542187E+3	1,048040E+2	1,542187E+3	1,085979E+2	1,542187E+3	1,142592E+2
1,543750E+3	6,557770E+1	1,543750E+3	7,578074E+1	1,543750E+3	8,635230E+1	1,543750E+3	9,601765E+1	1,543750E+3	1,048159E+2	1,543750E+3	1,096729E+2	1,543750E+3	1,134183E+2
1,545312E+3	6,640291E+1	1,545312E+3	7,536564E+1	1,545312E+3	8,621907E+1	1,545312E+3	9,614380E+1	1,545312E+3	1,060218E+2	1,545312E+3	1,090521E+2	1,545312E+3	1,138768E+2
1,546875E+3	6,742883E+1	1,546875E+3	7,538097E+1	1,546875E+3	8,666286E+1	1,546875E+3	9,666481E+1	1,546875E+3	1,055966E+2	1,546875E+3	1,090239E+2	1,546875E+3	1,145730E+2
1,548437E+3	6,628909E+1	1,548437E+3	7,699475E+1	1,548437E+3	8,710919E+1	1,548437E+3	9,652094E+1	1,548437E+3	1,037016E+2	1,548437E+3	1,098236E+2	1,548437E+3	1,144315E+2
1,550000E+3	6,603330E+1	1,550000E+3	7,633830E+1	1,550000E+3	8,745169E+1	1,550000E+3	9,604338E+1	1,550000E+3	1,046049E+2	1,550000E+3	1,095899E+2	1,550000E+3	1,148841E+2
1,551562E+3	6,693365E+1	1,551562E+3	7,716107E+1	1,551562E+3	8,678827E+1	1,551562E+3	9,726368E+1	1,551562E+3	1,051978E+2	1,551562E+3	1,091800E+2	1,551562E+3	1,147437E+2
1,553125E+3	6,597065E+1	1,553125E+3	7,727722E+1	1,553125E+3	8,727127E+1	1,553125E+3	9,756774E+1	1,553125E+3	1,054815E+2	1,553125E+3	1,095308E+2	1,553125E+3	1,140715E+2
1,554687E+3	6,663775E+1	1,554687E+3	7,779228E+1	1,554687E+3	8,736282E+1	1,554687E+3	9,685474E+1	1,554687E+3	1,055510E+2	1,554687E+3	1,102356E+2	1,554687E+3	1,138759E+2
1,556250E+3	6,666154E+1	1,556250E+3	7,720074E+1	1,556250E+3	8,759120E+1	1,556250E+3	9,629196E+1	1,556250E+3	1,055712E+2	1,556250E+3	1,093659E+2	1,556250E+3	1,141060E+2
1,557812E+3	6,786671E+1	1,557812E+3	7,691183E+1	1,557812E+3	8,722769E+1	1,557812E+3	9,572554E+1	1,557812E+3	1,042328E+2	1,557812E+3	1,088773E+2	1,557812E+3	1,143522E+2
1,559375E+3	7,167730E+1	1,559375E+3	7,760276E+1	1,559375E+3	8,692186E+1	1,559375E+3	9,614835E+1	1,559375E+3	1,051816E+2	1,559375E+3	1,088842E+2	1,559375E+3	1,137961E+2
1,560937E+3	7,133457E+1	1,560937E+3	7,645047E+1	1,560937E+3	8,620281E+1	1,560937E+3	9,643256E+1	1,560937E+3	1,047758E+2	1,560937E+3	1,099688E+2	1,560937E+3	1,131101E+2
1,562500E+3	6,735760E+1	1,562500E+3	7,627124E+1	1,562500E+3	8,671133E+1	1,562500E+3	9,619367E+1	1,562500E+3	1,052394E+2	1,562500E+3	1,085307E+2	1,562500E+3	1,121419E+2
1,564062E+3	6,632948E+1	1,564062E+3	7,693795E+1	1,564062E+3	8,542345E+1	1,564062E+3	9,609423E+1	1,564062E+3	1,049442E+2	1,564062E+3	1,087701E+2	1,564062E+3	1,135286E+2
1,565625E+3	6,574067E+1	1,565625E+3	7,693134E+1	1,565625E+3	8,679344E+1	1,565625E+3	9,630240E+1	1,565625E+3	1,041472E+2	1,565625E+3	1,103936E+2	1,565625E+3	1,134126E+2
1,567187E+3	6,581026E+1	1,567187E+3	7,649343E+1	1,567187E+3	8,565784E+1	1,567187E+3	9,466983E+1	1,567187E+3	1,036830E+2	1,567187E+3	1,092304E+2	1,567187E+3	1,132864E+2
1,568750E+3	6,554341E+1	1,568750E+3	7,560173E+1	1,568750E+3	8,564657E+1	1,568750E+3	9,440175E+1	1,568750E+3	1,039865E+2	1,568750E+3	1,094526E+2	1,568750E+3	1,133896E+2
1,570312E+3	6,673243E+1	1,570312E+3	7,591309E+1	1,570312E+3	8,642968E+1	1,570312E+3	9,529415E+1	1,570312E+3	1,035257E+2	1,570312E+3	1,099212E+2	1,570312E+3	1,126244E+2
1,571875E+3	6,681651E+1	1,571875E+3	7,528598E+1	1,571875E+3	8,655744E+1	1,571875E+3	9,512104E+1	1,571875E+3	1,047537E+2	1,571875E+3	1,093516E+2	1,571875E+3	1,125142E+2
1,573437E+3	6,652491E+1	1,573437E+3	7,436495E+1	1,573437E+3	8,573835E+1	1,573437E+3	9,474007E+1	1,573437E+3	1,038561E+2	1,573437E+3	1,087109E+2	1,573437E+3	1,124465E+2
1,575000E+3	6,586803E+1	1,575000E+3	7,574730E+1	1,575000E+3	8,610295E+1	1,575000E+3	9,543418E+1	1,575000E+3	1,027998E+2	1,575000E+3	1,079527E+2	1,575000E+3	1,117597E+2
1,576562E+3	6,433162E+1	1,576562E+3	7,617665E+1	1,576562E+3	8,590149E+1	1,576562E+3	9,518248E+1	1,576562E+3	1,034048E+2	1,576562E+3	1,083242E+2	1,576562E+3	1,117552E+2
1,578125E+3	6,490358E+1	1,578125E+3	7,497490E+1	1,578125E+3	8,405336E+1	1,578125E+3	9,588259E+1	1,578125E+3	1,039063E+2	1,578125E+3	1,078581E+2	1,578125E+3	1,110458E+2
1,579687E+3	6,436077E+1	1,579687E+3	7,334955E+1	1,579687E+3	8,399229E+1	1,579687E+3	9,526237E+1	1,579687E+3	1,029997E+2	1,579687E+3	1,082678E+2	1,579687E+3	1,118760E+2
1,581250E+3	6,383754E+1	1,581250E+3	7,361107E+1	1,581250E+3	8,334144E+1	1,581250E+3	9,477799E+1	1,581250E+3	1,020973E+2	1,581250E+3	1,078478E+2	1,581250E+3	1,125709E+2
1,582812E+3	6,326683E+1	1,582812E+3	7,436864E+1	1,582812E+3	8,388515E+1	1,582812E+3	9,457727E+1	1,582812E+3	1,023280E+2	1,582812E+3	1,081213E+2	1,582812E+3	1,113932E+2
1,584375E+3	6,407921E+1	1,584375E+3	7,328367E+1	1,584375E+3	8,339737E+1	1,584375E+3	9,468215E+1	1,584375E+3	1,018936E+2	1,584375E+3	1,067320E+2	1,584375E+3	1,118486E+2
1,585937E+3	6,472889E+1	1,585937E+3	7,322221E+1	1,585937E+3	8,306834E+1	1,585937E+3	9,287918E+1	1,585937E+3	1,021073E+2	1,585937E+3	1,074041E+2	1,585937E+3	1,117529E+2
1,587500E+3	6,460787E+1	1,587500E+3	7,321052E+1	1,587500E+3	8,289169E+1	1,587500E+3	9,197702E+1	1,587500E+3	1,016432E+2	1,587500E+3	1,061717E+2	1,587500E+3	1,123549E+2
1,589062E+3	6,267302E+1	1,589062E+3	7,340231E+1	1,589062E+3	8,325364E+1	1,589062E+3	9,233300E+1	1,589062E+3	1,026597E+2	1,589062E+3	1,060861E+2	1,589062E+3	1,113277E+2
1,590625E+3	6,346101E+1	1,590625E+3	7,299419E+1	1,590625E+3	8,347838E+1	1,590625E+3	9,248681E+1	1,590625E+3	1,016447E+2	1,590625E+3	1,065415E+2	1,590625E+3	1,108665E+2
1,592187E+3	6,298234E+1	1,592187E+3	7,309584E+1	1,592187E+3	8,263267E+1	1,592187E+3	9,214473E+1	1,592187E+3	1,011083E+2	1,592187E+3	1,068461E+2	1,592187E+3	1,104315E+2
1,593750E+3	6,196776E+1	1,593750E+3	7,291733E+1	1,593750E+3	8,269788E+1	1,593750E+3	9,204323E+1	1,593750E+3	1,010652E+2	1,593750E+3	1,071598E+2	1,593750E+3	1,101912E+2
1,595312E+3	6,188908E+1	1,595312E+3	7,343585E+1	1,595312E+3	8,168986E+1	1,595312E+3	9,122201E+1	1,595312E+3	1,016650E+2	1,595312E+3	1,062827E+2	1,595312E+3	1,100947E+2
1,596875E+3	6,162944E+1	1,596875E+3	7,181377E+1	1,596875E+3	8,195619E+1	1,596875E+3	9,138553E+1	1,596875E+3	1,003880E+2	1,596875E+3	1,061638E+2	1,596875E+3	1,102023E+2
1,598437E+3	6,143144E+1	1,598437E+3	6,976707E+1	1,598437E+3	8,129362E+1	1,598437E+3	9,040156E+1	1,598437E+3	9,962165E+1	1,598437E+3	1,040478E+2	1,598437E+3	1,097820E+2
1,600000E+3	6,181376E+1	1,600000E+3	7,023978E+1	1,600000E+3	8,109707E+1	1,600000E+3	9,128414E+1	1,600000E+3	1,007258E+2	1,600000E+3	1,036824E+2	1,600000E+3	1,099714E+2
1,601562E+3	6,153681E+1	1,601562E+3	6,902282E+1	1,601562E+3	8,102255E+1	1,601562E+3	9,200136E+1	1,601562E+3	1,001924E+2	1,601562E+3	1,057492E+2	1,601562E+3	1,092592E+2
1,603125E+3	5,940907E+1	1,603125E+3	6,993887E+1	1,603125E+3	8,070923E+1	1,603125E+3	9,075801E+1	1,603125E+3	9,879422E+1	1,603125E+3	1,053073E+2	1,603125E+3	1,087348E+2
1,604687E+3	5,880819E+1	1,604687E+3	7,060823E+1	1,604687E+3	8,074318E+1	1,604687E+3	8,942162E+1	1,604687E+3	9,971646E+1	1,604687E+3	1,039112E+2	1,604687E+3	1,083826E+2
1,606250E+3	5,925890E+1	1,606250E+3	6,964677E+1	1,606250E+3	7,962404E+1	1,606250E+3	8,965569E+1	1,606250E+3	9,959157E+1	1,606250E+3	1,049383E+2	1,606250E+3	1,085504E+2
1,607812E+3	5,965155E+1	1,607812E+3	6,888581E+1	1,607812E+3	7,917665E+1	1,607812E+3	8,977744E+1	1,607812E+3	9,929002E+1	1,607812E+3	1,046051E+2	1,607812E+3	1,090384E+2
1,609375E+3	5,959143E+1	1,609375E+3	6,833071E+1	1,609375E+3	7,947528E+1	1,609375E+3	9,012048E+1	1,609375E+3	1,003623E+2	1,609375E+3	1,057677E+2	1,609375E+3	1,094149E+2
1,610937E+3	5,818590E+1	1,610937E+3	6,911673E+1	1,610937E+3	7,951874E+1	1,610937E+3	8,974146E+1	1,610937E+3	9,877382E+1	1,610937E+3	1,053900E+2	1,610937E+3	1,092769E+2
1,612500E+3	5,885400E+1	1,612500E+3	6,871944E+1	1,612500E+3	7,972501E+1	1,612500E+3	8,756503E+1	1,612500E+3	9,756469E+1	1,612500E+3	1,044629E+2	1,612500E+3	1,087456E+2
1,614062E+3	5,748386E+1	1,614062E+3	6,821371E+1	1,614062E+3	7,811995E+1	1,614062E+3	8,910735E+1	1,614062E+3	9,826486E+1	1,614062E+3	1,042117E+2	1,614062E+3	1,094290E+2
1,615625E+3	5,813752E+1	1,615625E+3	6,846676E+1	1,615625E+3	7,739527E+1	1,615625E+3	8,916257E+1	1,615625E+3	9,856926E+1	1,615625E+3	1,031314E+2	1,615625E+3	1,094029E+2
1,617187E+3	5,810664E+1	1,617187E+3	6,801933E+1	1,617187E+3	7,709485E+1	1,617187E+3	8,854411E+1	1,617187E+3	9,861911E+1	1,617187E+3	1,035048E+2	1,617187E+3	1,082843E+2
1,618750E+3	6,203802E+1	1,618750E+3	6,894797E+1	1,618750E+3	7,763108E+1	1,618750E+3	8,753957E+1	1,618750E+3	9,827747E+1	1,618750E+3	1,028120E+2	1,618750E+3	1,071944E+2
1,620312E+3	6,514068E+1	1,620312E+3	7,044135E+1	1,620312E+3	7,728532E+1	1,620312E+3	8,675515E+1	1,620312E+3	9,810907E+1	1,620312E+3	1,022026E+2	1,620312E+3	1,069768E+2
1,621875E+3	6,178253E+1	1,621875E+3	6,749372E+1	1,621875E+3	7,724630E+1	1,621875E+3	8,530082E+1	1,621875E+3	9,729712E+1	1,621875E+3	1,017589E+2	1,621875E+3	1,072067E+2
1,623437E+3	5,627758E+1	1,623437E+3	6,613767E+1	1,623437E+3	7,745223E+1	1,623437E+3	8,634012E+1	1,623437E+3	9,755319E+1	1,623437E+3	1,028557E+2	1,623437E+3	1,077236E+2
1,625000E+3	5,639685E+1	1,625000E+3	6,655026E+1	1,625000E+3	7,676921E+1	1,625000E+3	8,721838E+1	1,625000E+3	9,637754E+1	1,625000E+3	1,032687E+2	1,625000E+3	1,066488E+2
1,626562E+3	5,525479E+1	1,626562E+3	6,612605E+1	1,626562E+3	7,530825E+1	1,626562E+3	8,620517E+1	1,626562E+3	9,647352E+1	1,626562E+3	1,024000E+2	1,626562E+3	1,071714E+2
1,628125E+3	5,358925E+1	1,628125E+3	6,456146E+1	1,628125E+3	7,523028E+1	1,628125E+3	8,564479E+1	1,628125E+3	9,659390E+1	1,628125E+3	1,022525E+2	1,628125E+3	1,068228E+2
1,629687E+3	5,470899E+1	1,629687E+3	6,419529E+1	1,629687E+3	7,544402E+1	1,629687E+3	8,502134E+1	1,629687E+3	9,725095E+1	1,629687E+3	1,015481E+2	1,629687E+3	1,060935E+2
1,631250E+3	5,610574E+1	1,631250E+3	6,481836E+1	1,631250E+3	7,545712E+1	1,631250E+3	8,483288E+1	1,631250E+3	9,631465E+1	1,631250E+3	1,020473E+2	1,631250E+3	1,066505E+2
1,632812E+3	5,484489E+1	1,632812E+3	6,517677E+1	1,632812E+3	7,461707E+1	1,632812E+3	8,480018E+1	1,632812E+3	9,568924E+1	1,632812E+3	1,014876E+2	1,632812E+3	1,063408E+2
1,634375E+3	5,375935E+1	1,634375E+3	6,494379E+1	1,634375E+3	7,470209E+1	1,634375E+3	8,490421E+1	1,634375E+3	9,656066E+1	1,634375E+3	9,969034E+1	1,634375E+3	1,056399E+2
1,635937E+3	5,461305E+1	1,635937E+3	6,404844E+1	1,635937E+3	7,443192E+1	1,635937E+3	8,472054E+1	1,635937E+3	9,654976E+1	1,635937E+3	1,011351E+2	1,635937E+3	1,053934E+2
1,637500E+3	5,419815E+1	1,637500E+3	6,380055E+1	1,637500E+3	7,427760E+1	1,637500E+3	8,487358E+1	1,637500E+3	9,554961E+1	1,637500E+3	1,017897E+2	1,637500E+3	1,055290E+2
1,639062E+3	5,339111E+1	1,639062E+3	6,308833E+1	1,639062E+3	7,433500E+1	1,639062E+3	8,358007E+1	1,639062E+3	9,480409E+1	1,639062E+3	1,012532E+2	1,639062E+3	1,047557E+2
1,640625E+3	5,353451E+1	1,640625E+3	6,377568E+1	1,640625E+3	7,436700E+1	1,640625E+3	8,345382E+1	1,640625E+3	9,464956E+1	1,640625E+3	1,007542E+2	1,640625E+3	1,045356E+2
1,642187E+3	5,394831E+1	1,642187E+3	6,255489E+1	1,642187E+3	7,419759E+1	1,642187E+3	8,387048E+1	1,642187E+3	9,462947E+1	1,642187E+3	1,012987E+2	1,642187E+3	1,053446E+2
1,643750E+3	5,246985E+1	1,643750E+3	6,370437E+1	1,643750E+3	7,364272E+1	1,643750E+3	8,427787E+1	1,643750E+3	9,538859E+1	1,643750E+3	1,012229E+2	1,643750E+3	1,060120E+2
1,645312E+3	5,154124E+1	1,645312E+3	6,247943E+1	1,645312E+3	7,245658E+1	1,645312E+3	8,399547E+1	1,645312E+3	9,580460E+1	1,645312E+3	1,010064E+2	1,645312E+3	1,063036E+2
1,646875E+3	5,171884E+1	1,646875E+3	6,240418E+1	1,646875E+3	7,099771E+1	1,646875E+3	8,367622E+1	1,646875E+3	9,460342E+1	1,646875E+3	1,003422E+2	1,646875E+3	1,044999E+2
1,648437E+3	5,212929E+1	1,648437E+3	6,299312E+1	1,648437E+3	7,172009E+1	1,648437E+3	8,307860E+1	1,648437E+3	9,397286E+1	1,648437E+3	1,010463E+2	1,648437E+3	1,048959E+2
1,650000E+3	5,189398E+1	1,650000E+3	6,227178E+1	1,650000E+3	7,198426E+1	1,650000E+3	8,303847E+1	1,650000E+3	9,442829E+1	1,650000E+3	1,007419E+2	1,650000E+3	1,055215E+2
1,651562E+3	5,124853E+1	1,651562E+3	6,227189E+1	1,651562E+3	7,254626E+1	1,651562E+3	8,355138E+1	1,651562E+3	9,526955E+1	1,651562E+3	9,961046E+1	1,651562E+3	1,048200E+2
1,653125E+3	5,069165E+1	1,653125E+3	6,145796E+1	1,653125E+3	7,137443E+1	1,653125E+3	8,221438E+1	1,653125E+3	9,427763E+1	1,653125E+3	9,932494E+1	1,653125E+3	1,047882E+2
1,654687E+3	5,001397E+1	1,654687E+3	6,173166E+1	1,654687E+3	7,157693E+1	1,654687E+3	8,212356E+1	1,654687E+3	9,310534E+1	1,654687E+3	1,003275E+2	1,654687E+3	1,036933E+2
1,656250E+3	5,009148E+1	1,656250E+3	6,088598E+1	1,656250E+3	7,259883E+1	1,656250E+3	8,280692E+1	1,656250E+3	9,326501E+1	1,656250E+3	1,005948E+2	1,656250E+3	1,040726E+2
1,657812E+3	4,966283E+1	1,657812E+3	6,037839E+1	1,657812E+3	7,201269E+1	1,657812E+3	8,247753E+1	1,657812E+3	9,413088E+1	1,657812E+3	1,013707E+2	1,657812E+3	1,046351E+2
1,659375E+3	5,034140E+1	1,659375E+3	6,067171E+1	1,659375E+3	7,112609E+1	1,659375E+3	8,218754E+1	1,659375E+3	9,368370E+1	1,659375E+3	1,009611E+2	1,659375E+3	1,051463E+2
1,660937E+3	5,088457E+1	1,660937E+3	5,982198E+1	1,660937E+3	7,140155E+1	1,660937E+3	8,181477E+1	1,660937E+3	9,349435E+1	1,660937E+3	9,993469E+1	1,660937E+3	1,049149E+2
1,662500E+3	4,990446E+1	1,662500E+3	6,002681E+1	1,662500E+3	7,152147E+1	1,662500E+3	8,124922E+1	1,662500E+3	9,404049E+1	1,662500E+3	9,948202E+1	1,662500E+3	1,040231E+2
1,664062E+3	5,079190E+1	1,664062E+3	6,071640E+1	1,664062E+3	7,021026E+1	1,664062E+3	8,221832E+1	1,664062E+3	9,366388E+1	1,664062E+3	9,988712E+1	1,664062E+3	1,049357E+2
1,665625E+3	5,010875E+1	1,665625E+3	6,109181E+1	1,665625E+3	6,994066E+1	1,665625E+3	8,165044E+1	1,665625E+3	9,440386E+1	1,665625E+3	9,990524E+1	1,665625E+3	1,047962E+2
1,667187E+3	4,884136E+1	1,667187E+3	6,006502E+1	1,667187E+3	7,021280E+1	1,667187E+3	8,181854E+1	1,667187E+3	9,419339E+1	1,667187E+3	9,995252E+1	1,667187E+3	1,044770E+2
1,668750E+3	4,992603E+1	1,668750E+3	5,952746E+1	1,668750E+3	6,999584E+1	1,668750E+3	8,220923E+1	1,668750E+3	9,357554E+1	1,668750E+3	1,009152E+2	1,668750E+3	1,046110E+2
1,670312E+3	4,971368E+1	1,670312E+3	6,115872E+1	1,670312E+3	7,000486E+1	1,670312E+3	8,164082E+1	1,670312E+3	9,488604E+1	1,670312E+3	1,002837E+2	1,670312E+3	1,048465E+2
1,671875E+3	4,981097E+1	1,671875E+3	5,993921E+1	1,671875E+3	6,996441E+1	1,671875E+3	8,229380E+1	1,671875E+3	9,406146E+1	1,671875E+3	9,902199E+1	1,671875E+3	1,048463E+2
1,673437E+3	5,085957E+1	1,673437E+3	5,926840E+1	1,673437E+3	7,047991E+1	1,673437E+3	8,235765E+1	1,673437E+3	9,417874E+1	1,673437E+3	9,987013E+1	1,673437E+3	1,049390E+2
1,675000E+3	5,123102E+1	1,675000E+3	6,060062E+1	1,675000E+3	7,083269E+1	1,675000E+3	8,194302E+1	1,675000E+3	9,391070E+1	1,675000E+3	1,009018E+2	1,675000E+3	1,059475E+2
1,676562E+3	5,081112E+1	1,676562E+3	6,122977E+1	1,676562E+3	7,067751E+1	1,676562E+3	8,278372E+1	1,676562E+3	9,383274E+1	1,676562E+3	9,994843E+1	1,676562E+3	1,056954E+2
1,678125E+3	5,144600E+1	1,678125E+3	6,190133E+1	1,678125E+3	7,156332E+1	1,678125E+3	8,290829E+1	1,678125E+3	9,358469E+1	1,678125E+3	1,002182E+2	1,678125E+3	1,051201E+2
1,679687E+3	5,438373E+1	1,679687E+3	6,269361E+1	1,679687E+3	7,237997E+1	1,679687E+3	8,166780E+1	1,679687E+3	9,390661E+1	1,679687E+3	1,008002E+2	1,679687E+3	1,057952E+2
1,681250E+3	5,381899E+1	1,681250E+3	6,140631E+1	1,681250E+3	7,291519E+1	1,681250E+3	8,180267E+1	1,681250E+3	9,477807E+1	1,681250E+3	1,004891E+2	1,681250E+3	1,050070E+2
1,682812E+3	5,141463E+1	1,682812E+3	6,196477E+1	1,682812E+3	7,253214E+1	1,682812E+3	8,282260E+1	1,682812E+3	9,487713E+1	1,682812E+3	1,002104E+2	1,682812E+3	1,046885E+2
1,684375E+3	5,182027E+1	1,684375E+3	6,198331E+1	1,684375E+3	7,317459E+1	1,684375E+3	8,431242E+1	1,684375E+3	9,460213E+1	1,684375E+3	1,015031E+2	1,684375E+3	1,049239E+2
1,685937E+3	5,224388E+1	1,685937E+3	6,202417E+1	1,685937E+3	7,263025E+1	1,685937E+3	8,342818E+1	1,685937E+3	9,416606E+1	1,685937E+3	1,015874E+2	1,685937E+3	1,037687E+2
1,687500E+3	5,307345E+1	1,687500E+3	6,251904E+1	1,687500E+3	7,196458E+1	1,687500E+3	8,248334E+1	1,687500E+3	9,504271E+1	1,687500E+3	1,008271E+2	1,687500E+3	1,049890E+2
1,689062E+3	5,273983E+1	1,689062E+3	6,270289E+1	1,689062E+3	7,310552E+1	1,689062E+3	8,350707E+1	1,689062E+3	9,525685E+1	1,689062E+3	1,011968E+2	1,689062E+3	1,057263E+2
1,690625E+3	5,300998E+1	1,690625E+3	6,338623E+1	1,690625E+3	7,461753E+1	1,690625E+3	8,411077E+1	1,690625E+3	9,569323E+1	1,690625E+3	1,019268E+2	1,690625E+3	1,063540E+2
1,692187E+3	5,349452E+1	1,692187E+3	6,338029E+1	1,692187E+3	7,533837E+1	1,692187E+3	8,432785E+1	1,692187E+3	9,662129E+1	1,692187E+3	1,012081E+2	1,692187E+3	1,060121E+2
1,693750E+3	5,389216E+1	1,693750E+3	6,408847E+1	1,693750E+3	7,588880E+1	1,693750E+3	8,297710E+1	1,693750E+3	9,604788E+1	1,693750E+3	1,013808E+2	1,693750E+3	1,056379E+2
1,695312E+3	5,481848E+1	1,695312E+3	6,538402E+1	1,695312E+3	7,658505E+1	1,695312E+3	8,496964E+1	1,695312E+3	9,451251E+1	1,695312E+3	1,022567E+2	1,695312E+3	1,061625E+2
1,696875E+3	5,547992E+1	1,696875E+3	6,564283E+1	1,696875E+3	7,639690E+1	1,696875E+3	8,492683E+1	1,696875E+3	9,704794E+1	1,696875E+3	1,023809E+2	1,696875E+3	1,065928E+2
1,698437E+3	5,570383E+1	1,698437E+3	6,579031E+1	1,698437E+3	7,587785E+1	1,698437E+3	8,554434E+1	1,698437E+3	9,717772E+1	1,698437E+3	1,028772E+2	1,698437E+3	1,077299E+2
1,700000E+3	5,545122E+1	1,700000E+3	6,648995E+1	1,700000E+3	7,597233E+1	1,700000E+3	8,657154E+1	1,700000E+3	9,769062E+1	1,700000E+3	1,027887E+2	1,700000E+3	1,075457E+2
1,701562E+3	5,679696E+1	1,701562E+3	6,733628E+1	1,701562E+3	7,632519E+1	1,701562E+3	8,701245E+1	1,701562E+3	9,783160E+1	1,701562E+3	1,026092E+2	1,701562E+3	1,080560E+2
1,703125E+3	5,670063E+1	1,703125E+3	6,592580E+1	1,703125E+3	7,520871E+1	1,703125E+3	8,615952E+1	1,703125E+3	9,661882E+1	1,703125E+3	1,031761E+2	1,703125E+3	1,063587E+2
1,704687E+3	5,740204E+1	1,704687E+3	6,670328E+1	1,704687E+3	7,590424E+1	1,704687E+3	8,708273E+1	1,704687E+3	9,752963E+1	1,704687E+3	1,032909E+2	1,704687E+3	1,065462E+2
1,706250E+3	5,816934E+1	1,706250E+3	6,776557E+1	1,706250E+3	7,766142E+1	1,706250E+3	8,708606E+1	1,706250E+3	9,804105E+1	1,706250E+3	1,030518E+2	1,706250E+3	1,070645E+2
1,707812E+3	5,879187E+1	1,707812E+3	6,779776E+1	1,707812E+3	7,814561E+1	1,707812E+3	8,792292E+1	1,707812E+3	9,741782E+1	1,707812E+3	1,037960E+2	1,707812E+3	1,079876E+2
1,709375E+3	5,781402E+1	1,709375E+3	6,759091E+1	1,709375E+3	7,910727E+1	1,709375E+3	8,806328E+1	1,709375E+3	9,752931E+1	1,709375E+3	1,042375E+2	1,709375E+3	1,076119E+2
1,710937E+3	5,787990E+1	1,710937E+3	6,788589E+1	1,710937E+3	7,892114E+1	1,710937E+3	8,887382E+1	1,710937E+3	9,836296E+1	1,710937E+3	1,033593E+2	1,710937E+3	1,073356E+2
1,712500E+3	5,890253E+1	1,712500E+3	6,870961E+1	1,712500E+3	7,915525E+1	1,712500E+3	8,916646E+1	1,712500E+3	9,830028E+1	1,712500E+3	1,036340E+2	1,712500E+3	1,074689E+2
1,714062E+3	5,858787E+1	1,714062E+3	6,951190E+1	1,714062E+3	7,927758E+1	1,714062E+3	8,918504E+1	1,714062E+3	9,881092E+1	1,714062E+3	1,047151E+2	1,714062E+3	1,076970E+2
1,715625E+3	6,002063E+1	1,715625E+3	6,938130E+1	1,715625E+3	8,056817E+1	1,715625E+3	8,917975E+1	1,715625E+3	9,909146E+1	1,715625E+3	1,045551E+2	1,715625E+3	1,080602E+2
1,717187E+3	6,014668E+1	1,717187E+3	6,917383E+1	1,717187E+3	7,888708E+1	1,717187E+3	8,944672E+1	1,717187E+3	9,866896E+1	1,717187E+3	1,039649E+2	1,717187E+3	1,088604E+2
1,718750E+3	6,044358E+1	1,718750E+3	6,960558E+1	1,718750E+3	7,867131E+1	1,718750E+3	9,018372E+1	1,718750E+3	9,970889E+1	1,718750E+3	1,038987E+2	1,718750E+3	1,087178E+2
1,720312E+3	6,026402E+1	1,720312E+3	6,992402E+1	1,720312E+3	7,825403E+1	1,720312E+3	9,076270E+1	1,720312E+3	1,001709E+2	1,720312E+3	1,048111E+2	1,720312E+3	1,094304E+2
1,721875E+3	5,960076E+1	1,721875E+3	7,200284E+1	1,721875E+3	7,881597E+1	1,721875E+3	9,064531E+1	1,721875E+3	9,997483E+1	1,721875E+3	1,047058E+2	1,721875E+3	1,094490E+2
1,723437E+3	5,963579E+1	1,723437E+3	7,136771E+1	1,723437E+3	8,016234E+1	1,723437E+3	9,019696E+1	1,723437E+3	1,008823E+2	1,723437E+3	1,044723E+2	1,723437E+3	1,100551E+2
1,725000E+3	6,083244E+1	1,725000E+3	7,178476E+1	1,725000E+3	8,121449E+1	1,725000E+3	9,100546E+1	1,725000E+3	1,003203E+2	1,725000E+3	1,054848E+2	1,725000E+3	1,101875E+2
1,726562E+3	6,202138E+1	1,726562E+3	7,256787E+1	1,726562E+3	8,065143E+1	1,726562E+3	9,179761E+1	1,726562E+3	1,001911E+2	1,726562E+3	1,051908E+2	1,726562E+3	1,092031E+2
1,728125E+3	6,110700E+1	1,728125E+3	7,166501E+1	1,728125E+3	8,102179E+1	1,728125E+3	9,038915E+1	1,728125E+3	1,007725E+2	1,728125E+3	1,044452E+2	1,728125E+3	1,098803E+2
1,729687E+3	6,166242E+1	1,729687E+3	7,199159E+1	1,729687E+3	8,136752E+1	1,729687E+3	8,961248E+1	1,729687E+3	1,003086E+2	1,729687E+3	1,043494E+2	1,729687E+3	1,100611E+2
1,731250E+3	6,170885E+1	1,731250E+3	7,351042E+1	1,731250E+3	8,122160E+1	1,731250E+3	9,114505E+1	1,731250E+3	1,010268E+2	1,731250E+3	1,048793E+2	1,731250E+3	1,096459E+2
1,732812E+3	6,135011E+1	1,732812E+3	7,259181E+1	1,732812E+3	8,110719E+1	1,732812E+3	9,082145E+1	1,732812E+3	1,010291E+2	1,732812E+3	1,058862E+2	1,732812E+3	1,098250E+2
1,734375E+3	6,192710E+1	1,734375E+3	7,273587E+1	1,734375E+3	8,192822E+1	1,734375E+3	9,172060E+1	1,734375E+3	1,014557E+2	1,734375E+3	1,045617E+2	1,734375E+3	1,094896E+2
1,735937E+3	6,265686E+1	1,735937E+3	7,242299E+1	1,735937E+3	8,181527E+1	1,735937E+3	9,217762E+1	1,735937E+3	1,013610E+2	1,735937E+3	1,058747E+2	1,735937E+3	1,094387E+2
1,737500E+3	6,564245E+1	1,737500E+3	7,207362E+1	1,737500E+3	8,142891E+1	1,737500E+3	9,137106E+1	1,737500E+3	1,007992E+2	1,737500E+3	1,066080E+2	1,737500E+3	1,099724E+2
1,739062E+3	7,399834E+1	1,739062E+3	7,635993E+1	1,739062E+3	8,216362E+1	1,739062E+3	9,118442E+1	1,739062E+3	1,012520E+2	1,739062E+3	1,048462E+2	1,739062E+3	1,099150E+2
1,740625E+3	7,595000E+1	1,740625E+3	7,754836E+1	1,740625E+3	8,218302E+1	1,740625E+3	9,128206E+1	1,740625E+3	1,019321E+2	1,740625E+3	1,054035E+2	1,740625E+3	1,107667E+2
1,742187E+3	6,906036E+1	1,742187E+3	7,348084E+1	1,742187E+3	8,145286E+1	1,742187E+3	9,140403E+1	1,742187E+3	1,015960E+2	1,742187E+3	1,063244E+2	1,742187E+3	1,100845E+2
1,743750E+3	6,168761E+1	1,743750E+3	7,137226E+1	1,743750E+3	8,131145E+1	1,743750E+3	9,198422E+1	1,743750E+3	1,015241E+2	1,743750E+3	1,057533E+2	1,743750E+3	1,104120E+2
1,745312E+3	6,246892E+1	1,745312E+3	7,141752E+1	1,745312E+3	8,076160E+1	1,745312E+3	9,175715E+1	1,745312E+3	1,005587E+2	1,745312E+3	1,048403E+2	1,745312E+3	1,107124E+2
1,746875E+3	6,328960E+1	1,746875E+3	7,144396E+1	1,746875E+3	8,284334E+1	1,746875E+3	9,163182E+1	1,746875E+3	9,969460E+1	1,746875E+3	1,060236E+2	1,746875E+3	1,105629E+2
1,748437E+3	6,127890E+1	1,748437E+3	7,134350E+1	1,748437E+3	8,237111E+1	1,748437E+3	9,271114E+1	1,748437E+3	1,006705E+2	1,748437E+3	1,063575E+2	1,748437E+3	1,094477E+2
1,750000E+3	6,227057E+1	1,750000E+3	7,088899E+1	1,750000E+3	8,141076E+1	1,750000E+3	9,187941E+1	1,750000E+3	1,011387E+2	1,750000E+3	1,065749E+2	1,750000E+3	1,098002E+2
1,751562E+3	6,282385E+1	1,751562E+3	7,188279E+1	1,751562E+3	8,164911E+1	1,751562E+3	9,080888E+1	1,751562E+3	1,016048E+2	1,751562E+3	1,064340E+2	1,751562E+3	1,097213E+2
1,753125E+3	6,219867E+1	1,753125E+3	7,177686E+1	1,753125E+3	8,080216E+1	1,753125E+3	9,077396E+1	1,753125E+3	1,005375E+2	1,753125E+3	1,058194E+2	1,753125E+3	1,102139E+2
1,754687E+3	6,131696E+1	1,754687E+3	7,191008E+1	1,754687E+3	8,161038E+1	1,754687E+3	9,082334E+1	1,754687E+3	1,009100E+2	1,754687E+3	1,054953E+2	1,754687E+3	1,096707E+2
1,756250E+3	6,125311E+1	1,756250E+3	7,102248E+1	1,756250E+3	8,165971E+1	1,756250E+3	9,056601E+1	1,756250E+3	1,018304E+2	1,756250E+3	1,059933E+2	1,756250E+3	1,102613E+2
1,757812E+3	6,176617E+1	1,757812E+3	7,083575E+1	1,757812E+3	8,129669E+1	1,757812E+3	9,030873E+1	1,757812E+3	1,010609E+2	1,757812E+3	1,059721E+2	1,757812E+3	1,098161E+2
1,759375E+3	6,114115E+1	1,759375E+3	7,108525E+1	1,759375E+3	8,150272E+1	1,759375E+3	9,102447E+1	1,759375E+3	1,001485E+2	1,759375E+3	1,051994E+2	1,759375E+3	1,095193E+2
1,760937E+3	6,101349E+1	1,760937E+3	7,170012E+1	1,760937E+3	8,139998E+1	1,760937E+3	9,134748E+1	1,760937E+3	9,980695E+1	1,760937E+3	1,062742E+2	1,760937E+3	1,092696E+2
1,762500E+3	6,137205E+1	1,762500E+3	7,102548E+1	1,762500E+3	8,191295E+1	1,762500E+3	9,141694E+1	1,762500E+3	9,948650E+1	1,762500E+3	1,058450E+2	1,762500E+3	1,097036E+2
1,764062E+3	6,091368E+1	1,764062E+3	7,085955E+1	1,764062E+3	8,130495E+1	1,764062E+3	9,106655E+1	1,764062E+3	9,929474E+1	1,764062E+3	1,049666E+2	1,764062E+3	1,093739E+2
1,765625E+3	6,045814E+1	1,765625E+3	6,990821E+1	1,765625E+3	8,109457E+1	1,765625E+3	9,140366E+1	1,765625E+3	9,988444E+1	1,765625E+3	1,050715E+2	1,765625E+3	1,095309E+2
1,767187E+3	5,952500E+1	1,767187E+3	7,136959E+1	1,767187E+3	8,140537E+1	1,767187E+3	9,127620E+1	1,767187E+3	1,004871E+2	1,767187E+3	1,048568E+2	1,767187E+3	1,092788E+2
1,768750E+3	6,037244E+1	1,768750E+3	7,041431E+1	1,768750E+3	8,167526E+1	1,768750E+3	9,040561E+1	1,768750E+3	9,960699E+1	1,768750E+3	1,052050E+2	1,768750E+3	1,099408E+2
1,770312E+3	6,104941E+1	1,770312E+3	6,961123E+1	1,770312E+3	8,089203E+1	1,770312E+3	9,060975E+1	1,770312E+3	1,001806E+2	1,770312E+3	1,048042E+2	1,770312E+3	1,095458E+2
1,771875E+3	6,227145E+1	1,771875E+3	7,028811E+1	1,771875E+3	8,070416E+1	1,771875E+3	9,129319E+1	1,771875E+3	1,000096E+2	1,771875E+3	1,034146E+2	1,771875E+3	1,095788E+2
1,773437E+3	6,274417E+1	1,773437E+3	7,073523E+1	1,773437E+3	8,107883E+1	1,773437E+3	9,083117E+1	1,773437E+3	9,948199E+1	1,773437E+3	1,031681E+2	1,773437E+3	1,099819E+2
1,775000E+3	6,119572E+1	1,775000E+3	7,110613E+1	1,775000E+3	8,168932E+1	1,775000E+3	9,022631E+1	1,775000E+3	1,001749E+2	1,775000E+3	1,051860E+2	1,775000E+3	1,095514E+2
1,776562E+3	6,008879E+1	1,776562E+3	7,162658E+1	1,776562E+3	8,136880E+1	1,776562E+3	9,030154E+1	1,776562E+3	1,005711E+2	1,776562E+3	1,050877E+2	1,776562E+3	1,091204E+2
1,778125E+3	6,115268E+1	1,778125E+3	7,050778E+1	1,778125E+3	8,177649E+1	1,778125E+3	8,968803E+1	1,778125E+3	1,005668E+2	1,778125E+3	1,050470E+2	1,778125E+3	1,095946E+2
1,779687E+3	6,150915E+1	1,779687E+3	7,107295E+1	1,779687E+3	8,199499E+1	1,779687E+3	8,908682E+1	1,779687E+3	1,003319E+2	1,779687E+3	1,046563E+2	1,779687E+3	1,091183E+2
1,781250E+3	6,090870E+1	1,781250E+3	7,143062E+1	1,781250E+3	8,058930E+1	1,781250E+3	9,090552E+1	1,781250E+3	1,001685E+2	1,781250E+3	1,049212E+2	1,781250E+3	1,088671E+2
1,782812E+3	6,162661E+1	1,782812E+3	7,161226E+1	1,782812E+3	8,024441E+1	1,782812E+3	9,128553E+1	1,782812E+3	1,003881E+2	1,782812E+3	1,045980E+2	1,782812E+3	1,089705E+2
1,784375E+3	6,162553E+1	1,784375E+3	7,158462E+1	1,784375E+3	8,049356E+1	1,784375E+3	9,083123E+1	1,784375E+3	1,005364E+2	1,784375E+3	1,041486E+2	1,784375E+3	1,089095E+2
1,785937E+3	5,968134E+1	1,785937E+3	7,115374E+1	1,785937E+3	7,995747E+1	1,785937E+3	9,076352E+1	1,785937E+3	1,001017E+2	1,785937E+3	1,037194E+2	1,785937E+3	1,084256E+2
1,787500E+3	6,043656E+1	1,787500E+3	7,028489E+1	1,787500E+3	8,031100E+1	1,787500E+3	9,104061E+1	1,787500E+3	9,967434E+1	1,787500E+3	1,044285E+2	1,787500E+3	1,076771E+2
1,789062E+3	5,978212E+1	1,789062E+3	6,935874E+1	1,789062E+3	8,080956E+1	1,789062E+3	8,984147E+1	1,789062E+3	1,007083E+2	1,789062E+3	1,053570E+2	1,789062E+3	1,082784E+2
1,790625E+3	6,054228E+1	1,790625E+3	6,947295E+1	1,790625E+3	8,137139E+1	1,790625E+3	9,026183E+1	1,790625E+3	1,005846E+2	1,790625E+3	1,041793E+2	1,790625E+3	1,089466E+2
1,792187E+3	6,093816E+1	1,792187E+3	7,012846E+1	1,792187E+3	8,209404E+1	1,792187E+3	9,035164E+1	1,792187E+3	1,003784E+2	1,792187E+3	1,033754E+2	1,792187E+3	1,082350E+2
1,793750E+3	6,156989E+1	1,793750E+3	7,008684E+1	1,793750E+3	8,201464E+1	1,793750E+3	9,046172E+1	1,793750E+3	1,009592E+2	1,793750E+3	1,048669E+2	1,793750E+3	1,091742E+2
1,795312E+3	6,090780E+1	1,795312E+3	7,025509E+1	1,795312E+3	8,209173E+1	1,795312E+3	9,134891E+1	1,795312E+3	1,008346E+2	1,795312E+3	1,050606E+2	1,795312E+3	1,088360E+2
1,796875E+3	6,137707E+1	1,796875E+3	7,141350E+1	1,796875E+3	8,192433E+1	1,796875E+3	9,119182E+1	1,796875E+3	9,977815E+1	1,796875E+3	1,049105E+2	1,796875E+3	1,091760E+2
1,798437E+3	6,443756E+1	1,798437E+3	7,155367E+1	1,798437E+3	8,166453E+1	1,798437E+3	9,025432E+1	1,798437E+3	9,931732E+1	1,798437E+3	1,046303E+2	1,798437E+3	1,083645E+2
1,800000E+3	6,904408E+1	1,800000E+3	7,294070E+1	1,800000E+3	7,929478E+1	1,800000E+3	8,993232E+1	1,800000E+3	9,846301E+1	1,800000E+3	1,050591E+2	1,800000E+3	1,090777E+2
1,801562E+3	6,715515E+1	1,801562E+3	7,272536E+1	1,801562E+3	8,009560E+1	1,801562E+3	8,952131E+1	1,801562E+3	9,969308E+1	1,801562E+3	1,052060E+2	1,801562E+3	1,095456E+2
1,803125E+3	6,141556E+1	1,803125E+3	7,134323E+1	1,803125E+3	7,980570E+1	1,803125E+3	9,080592E+1	1,803125E+3	1,002319E+2	1,803125E+3	1,050131E+2	1,803125E+3	1,083777E+2
1,804687E+3	6,077366E+1	1,804687E+3	6,938303E+1	1,804687E+3	8,053028E+1	1,804687E+3	9,178347E+1	1,804687E+3	1,017353E+2	1,804687E+3	1,046899E+2	1,804687E+3	1,084980E+2
1,806250E+3	6,169210E+1	1,806250E+3	7,019790E+1	1,806250E+3	8,094955E+1	1,806250E+3	9,173620E+1	1,806250E+3	1,014948E+2	1,806250E+3	1,036617E+2	1,806250E+3	1,088996E+2
1,807812E+3	6,176365E+1	1,807812E+3	6,992121E+1	1,807812E+3	8,054667E+1	1,807812E+3	8,989674E+1	1,807812E+3	1,010898E+2	1,807812E+3	1,036322E+2	1,807812E+3	1,084138E+2
1,809375E+3	6,117717E+1	1,809375E+3	7,212042E+1	1,809375E+3	8,068384E+1	1,809375E+3	9,154587E+1	1,809375E+3	1,000863E+2	1,809375E+3	1,034362E+2	1,809375E+3	1,085315E+2
1,810937E+3	6,115320E+1	1,810937E+3	7,303396E+1	1,810937E+3	8,027857E+1	1,810937E+3	9,116953E+1	1,810937E+3	9,994779E+1	1,810937E+3	1,037340E+2	1,810937E+3	1,088228E+2
1,812500E+3	6,079486E+1	1,812500E+3	7,152691E+1	1,812500E+3	8,152640E+1	1,812500E+3	9,034881E+1	1,812500E+3	1,014032E+2	1,812500E+3	1,032317E+2	1,812500E+3	1,083946E+2
1,814062E+3	6,168941E+1	1,814062E+3	7,171224E+1	1,814062E+3	8,102532E+1	1,814062E+3	9,104698E+1	1,814062E+3	1,009627E+2	1,814062E+3	1,038302E+2	1,814062E+3	1,087476E+2
1,815625E+3	6,209770E+1	1,815625E+3	7,176491E+1	1,815625E+3	8,173538E+1	1,815625E+3	9,156565E+1	1,815625E+3	1,008579E+2	1,815625E+3	1,037737E+2	1,815625E+3	1,088283E+2
1,817187E+3	6,268896E+1	1,817187E+3	7,254822E+1	1,817187E+3	8,240335E+1	1,817187E+3	9,180249E+1	1,817187E+3	1,013347E+2	1,817187E+3	1,047208E+2	1,817187E+3	1,089773E+2
1,818750E+3	6,292694E+1	1,818750E+3	7,208401E+1	1,818750E+3	8,190147E+1	1,818750E+3	9,182288E+1	1,818750E+3	1,008789E+2	1,818750E+3	1,054727E+2	1,818750E+3	1,088526E+2
1,820312E+3	6,114001E+1	1,820312E+3	7,254149E+1	1,820312E+3	8,154070E+1	1,820312E+3	9,221105E+1	1,820312E+3	1,005773E+2	1,820312E+3	1,048947E+2	1,820312E+3	1,083740E+2
1,821875E+3	6,089803E+1	1,821875E+3	7,104984E+1	1,821875E+3	8,073053E+1	1,821875E+3	9,290613E+1	1,821875E+3	1,007231E+2	1,821875E+3	1,045532E+2	1,821875E+3	1,086187E+2
1,823437E+3	6,163306E+1	1,823437E+3	7,092030E+1	1,823437E+3	8,178032E+1	1,823437E+3	9,335059E+1	1,823437E+3	1,007127E+2	1,823437E+3	1,052567E+2	1,823437E+3	1,082297E+2
1,825000E+3	6,242633E+1	1,825000E+3	7,048293E+1	1,825000E+3	8,247317E+1	1,825000E+3	9,248103E+1	1,825000E+3	1,007428E+2	1,825000E+3	1,056362E+2	1,825000E+3	1,093957E+2
1,826562E+3	6,247337E+1	1,826562E+3	7,112884E+1	1,826562E+3	8,335524E+1	1,826562E+3	9,297211E+1	1,826562E+3	1,007307E+2	1,826562E+3	1,054591E+2	1,826562E+3	1,091177E+2
1,828125E+3	6,244679E+1	1,828125E+3	7,272480E+1	1,828125E+3	8,257396E+1	1,828125E+3	9,290426E+1	1,828125E+3	1,008904E+2	1,828125E+3	1,045526E+2	1,828125E+3	1,084733E+2
1,829687E+3	6,136779E+1	1,829687E+3	7,325015E+1	1,829687E+3	8,292718E+1	1,829687E+3	9,316228E+1	1,829687E+3	1,008556E+2	1,829687E+3	1,039193E+2	1,829687E+3	1,076397E+2
1,831250E+3	6,218543E+1	1,831250E+3	7,284298E+1	1,831250E+3	8,268842E+1	1,831250E+3	9,295582E+1	1,831250E+3	1,011197E+2	1,831250E+3	1,045352E+2	1,831250E+3	1,083108E+2
1,832812E+3	6,145027E+1	1,832812E+3	7,284069E+1	1,832812E+3	8,317214E+1	1,832812E+3	9,246061E+1	1,832812E+3	1,013220E+2	1,832812E+3	1,050474E+2	1,832812E+3	1,089975E+2
1,834375E+3	6,133812E+1	1,834375E+3	7,253015E+1	1,834375E+3	8,353084E+1	1,834375E+3	9,175169E+1	1,834375E+3	1,009385E+2	1,834375E+3	1,046487E+2	1,834375E+3	1,098061E+2
1,835937E+3	6,205243E+1	1,835937E+3	7,239602E+1	1,835937E+3	8,313972E+1	1,835937E+3	9,254586E+1	1,835937E+3	1,014777E+2	1,835937E+3	1,062686E+2	1,835937E+3	1,091012E+2
1,837500E+3	6,306267E+1	1,837500E+3	7,249565E+1	1,837500E+3	8,324243E+1	1,837500E+3	9,244265E+1	1,837500E+3	1,019853E+2	1,837500E+3	1,059499E+2	1,837500E+3	1,074353E+2
1,839062E+3	6,374436E+1	1,839062E+3	7,302890E+1	1,839062E+3	8,411232E+1	1,839062E+3	9,304960E+1	1,839062E+3	1,011806E+2	1,839062E+3	1,044527E+2	1,839062E+3	1,090720E+2
1,840625E+3	6,337707E+1	1,840625E+3	7,350472E+1	1,840625E+3	8,328278E+1	1,840625E+3	9,303859E+1	1,840625E+3	1,016668E+2	1,840625E+3	1,056062E+2	1,840625E+3	1,094699E+2
1,842187E+3	6,290282E+1	1,842187E+3	7,343741E+1	1,842187E+3	8,254095E+1	1,842187E+3	9,316800E+1	1,842187E+3	1,017235E+2	1,842187E+3	1,063154E+2	1,842187E+3	1,093653E+2
1,843750E+3	6,387059E+1	1,843750E+3	7,367102E+1	1,843750E+3	8,357639E+1	1,843750E+3	9,226596E+1	1,843750E+3	1,019566E+2	1,843750E+3	1,061255E+2	1,843750E+3	1,089803E+2
1,845312E+3	6,408169E+1	1,845312E+3	7,219541E+1	1,845312E+3	8,368601E+1	1,845312E+3	9,251053E+1	1,845312E+3	1,019572E+2	1,845312E+3	1,069675E+2	1,845312E+3	1,089920E+2
1,846875E+3	6,355377E+1	1,846875E+3	7,215611E+1	1,846875E+3	8,507247E+1	1,846875E+3	9,387491E+1	1,846875E+3	1,016833E+2	1,846875E+3	1,066525E+2	1,846875E+3	1,095130E+2
1,848437E+3	6,429385E+1	1,848437E+3	7,362487E+1	1,848437E+3	8,504771E+1	1,848437E+3	9,392915E+1	1,848437E+3	1,016013E+2	1,848437E+3	1,063644E+2	1,848437E+3	1,099947E+2
1,850000E+3	6,361429E+1	1,850000E+3	7,400308E+1	1,850000E+3	8,426323E+1	1,850000E+3	9,365979E+1	1,850000E+3	1,020697E+2	1,850000E+3	1,066763E+2	1,850000E+3	1,108363E+2
1,851562E+3	6,351134E+1	1,851562E+3	7,381872E+1	1,851562E+3	8,456192E+1	1,851562E+3	9,383840E+1	1,851562E+3	1,014741E+2	1,851562E+3	1,066756E+2	1,851562E+3	1,108096E+2
1,853125E+3	6,359681E+1	1,853125E+3	7,318294E+1	1,853125E+3	8,351898E+1	1,853125E+3	9,401661E+1	1,853125E+3	1,028893E+2	1,853125E+3	1,060758E+2	1,853125E+3	1,107052E+2
1,854687E+3	6,476137E+1	1,854687E+3	7,444062E+1	1,854687E+3	8,346001E+1	1,854687E+3	9,389229E+1	1,854687E+3	1,034188E+2	1,854687E+3	1,057990E+2	1,854687E+3	1,100771E+2
1,856250E+3	6,499817E+1	1,856250E+3	7,515057E+1	1,856250E+3	8,335025E+1	1,856250E+3	9,367953E+1	1,856250E+3	1,022171E+2	1,856250E+3	1,054425E+2	1,856250E+3	1,105170E+2
1,857812E+3	7,223174E+1	1,857812E+3	7,621447E+1	1,857812E+3	8,406335E+1	1,857812E+3	9,433475E+1	1,857812E+3	1,023785E+2	1,857812E+3	1,053213E+2	1,857812E+3	1,111133E+2
1,859375E+3	8,062206E+1	1,859375E+3	8,178274E+1	1,859375E+3	8,614340E+1	1,859375E+3	9,328085E+1	1,859375E+3	1,031317E+2	1,859375E+3	1,066222E+2	1,859375E+3	1,106388E+2
1,860937E+3	8,113884E+1	1,860937E+3	8,176669E+1	1,860937E+3	8,778272E+1	1,860937E+3	9,454291E+1	1,860937E+3	1,041694E+2	1,860937E+3	1,065665E+2	1,860937E+3	1,104366E+2
1,862500E+3	7,293702E+1	1,862500E+3	7,598032E+1	1,862500E+3	8,631356E+1	1,862500E+3	9,576428E+1	1,862500E+3	1,044434E+2	1,862500E+3	1,063979E+2	1,862500E+3	1,108141E+2
1,864062E+3	6,451325E+1	1,864062E+3	7,549331E+1	1,864062E+3	8,525046E+1	1,864062E+3	9,448715E+1	1,864062E+3	1,033353E+2	1,864062E+3	1,072681E+2	1,864062E+3	1,105589E+2
1,865625E+3	6,498373E+1	1,865625E+3	7,497319E+1	1,865625E+3	8,590214E+1	1,865625E+3	9,395690E+1	1,865625E+3	1,030971E+2	1,865625E+3	1,084481E+2	1,865625E+3	1,095561E+2
1,867187E+3	6,639279E+1	1,867187E+3	7,540574E+1	1,867187E+3	8,629482E+1	1,867187E+3	9,388921E+1	1,867187E+3	1,045291E+2	1,867187E+3	1,085701E+2	1,867187E+3	1,102967E+2
1,868750E+3	6,688290E+1	1,868750E+3	7,617427E+1	1,868750E+3	8,617908E+1	1,868750E+3	9,527774E+1	1,868750E+3	1,038521E+2	1,868750E+3	1,079938E+2	1,868750E+3	1,112450E+2
1,870312E+3	6,652539E+1	1,870312E+3	7,667882E+1	1,870312E+3	8,587138E+1	1,870312E+3	9,584843E+1	1,870312E+3	1,039929E+2	1,870312E+3	1,083223E+2	1,870312E+3	1,119500E+2
1,871875E+3	6,652038E+1	1,871875E+3	7,638755E+1	1,871875E+3	8,523851E+1	1,871875E+3	9,527450E+1	1,871875E+3	1,047792E+2	1,871875E+3	1,084546E+2	1,871875E+3	1,112736E+2
1,873437E+3	6,674925E+1	1,873437E+3	7,533901E+1	1,873437E+3	8,656898E+1	1,873437E+3	9,576453E+1	1,873437E+3	1,040096E+2	1,873437E+3	1,085330E+2	1,873437E+3	1,112413E+2
1,875000E+3	6,656929E+1	1,875000E+3	7,653672E+1	1,875000E+3	8,622074E+1	1,875000E+3	9,495650E+1	1,875000E+3	1,036751E+2	1,875000E+3	1,083754E+2	1,875000E+3	1,118256E+2
1,876562E+3	6,563750E+1	1,876562E+3	7,629769E+1	1,876562E+3	8,636849E+1	1,876562E+3	9,524383E+1	1,876562E+3	1,044003E+2	1,876562E+3	1,088374E+2	1,876562E+3	1,123691E+2
1,878125E+3	6,627256E+1	1,878125E+3	7,660610E+1	1,878125E+3	8,771614E+1	1,878125E+3	9,499255E+1	1,878125E+3	1,045305E+2	1,878125E+3	1,095181E+2	1,878125E+3	1,132057E+2
1,879687E+3	6,662899E+1	1,879687E+3	7,721419E+1	1,879687E+3	8,732107E+1	1,879687E+3	9,619329E+1	1,879687E+3	1,043853E+2	1,879687E+3	1,086828E+2	1,879687E+3	1,133096E+2
1,881250E+3	6,714474E+1	1,881250E+3	7,773034E+1	1,881250E+3	8,663636E+1	1,881250E+3	9,538392E+1	1,881250E+3	1,033798E+2	1,881250E+3	1,089566E+2	1,881250E+3	1,127818E+2
1,882812E+3	6,734011E+1	1,882812E+3	7,728467E+1	1,882812E+3	8,687652E+1	1,882812E+3	9,583348E+1	1,882812E+3	1,028252E+2	1,882812E+3	1,089119E+2	1,882812E+3	1,131535E+2
1,884375E+3	6,742482E+1	1,884375E+3	7,727226E+1	1,884375E+3	8,778818E+1	1,884375E+3	9,669117E+1	1,884375E+3	1,035322E+2	1,884375E+3	1,087966E+2	1,884375E+3	1,138285E+2
1,885937E+3	6,788053E+1	1,885937E+3	7,696326E+1	1,885937E+3	8,822135E+1	1,885937E+3	9,705670E+1	1,885937E+3	1,047255E+2	1,885937E+3	1,084956E+2	1,885937E+3	1,130182E+2
1,887500E+3	6,692531E+1	1,887500E+3	7,702060E+1	1,887500E+3	8,770320E+1	1,887500E+3	9,673441E+1	1,887500E+3	1,053822E+2	1,887500E+3	1,085822E+2	1,887500E+3	1,127686E+2
1,889062E+3	6,835447E+1	1,889062E+3	7,865770E+1	1,889062E+3	8,699563E+1	1,889062E+3	9,643696E+1	1,889062E+3	1,057067E+2	1,889062E+3	1,092374E+2	1,889062E+3	1,147340E+2
1,890625E+3	6,878489E+1	1,890625E+3	7,839481E+1	1,890625E+3	8,766706E+1	1,890625E+3	9,702257E+1	1,890625E+3	1,058472E+2	1,890625E+3	1,094752E+2	1,890625E+3	1,148499E+2
1,892187E+3	6,895749E+1	1,892187E+3	7,724046E+1	1,892187E+3	8,659108E+1	1,892187E+3	9,750246E+1	1,892187E+3	1,060881E+2	1,892187E+3	1,093652E+2	1,892187E+3	1,139681E+2
1,893750E+3	6,772603E+1	1,893750E+3	7,748078E+1	1,893750E+3	8,670501E+1	1,893750E+3	9,699459E+1	1,893750E+3	1,041845E+2	1,893750E+3	1,093337E+2	1,893750E+3	1,134727E+2
1,895312E+3	6,736735E+1	1,895312E+3	7,710892E+1	1,895312E+3	8,694670E+1	1,895312E+3	9,803083E+1	1,895312E+3	1,045960E+2	1,895312E+3	1,098327E+2	1,895312E+3	1,133348E+2
1,896875E+3	6,792307E+1	1,896875E+3	7,626853E+1	1,896875E+3	8,697563E+1	1,896875E+3	9,638312E+1	1,896875E+3	1,051625E+2	1,896875E+3	1,104072E+2	1,896875E+3	1,134921E+2
1,898437E+3	6,796056E+1	1,898437E+3	7,752259E+1	1,898437E+3	8,750643E+1	1,898437E+3	9,558211E+1	1,898437E+3	1,048764E+2	1,898437E+3	1,106526E+2	1,898437E+3	1,129074E+2
1,900000E+3	6,804451E+1	1,900000E+3	7,754951E+1	1,900000E+3	8,732053E+1	1,900000E+3	9,660740E+1	1,900000E+3	1,062811E+2	1,900000E+3	1,116182E+2	1,900000E+3	1,127134E+2
1,901562E+3	6,795440E+1	1,901562E+3	7,755740E+1	1,901562E+3	8,778660E+1	1,901562E+3	9,730998E+1	1,901562E+3	1,056620E+2	1,901562E+3	1,110627E+2	1,901562E+3	1,131141E+2
1,903125E+3	6,735967E+1	1,903125E+3	7,749157E+1	1,903125E+3	8,843764E+1	1,903125E+3	9,779713E+1	1,903125E+3	1,059766E+2	1,903125E+3	1,097030E+2	1,903125E+3	1,140668E+2
1,904687E+3	6,724694E+1	1,904687E+3	7,781643E+1	1,904687E+3	8,784381E+1	1,904687E+3	9,651264E+1	1,904687E+3	1,061348E+2	1,904687E+3	1,100731E+2	1,904687E+3	1,142055E+2
1,906250E+3	6,740833E+1	1,906250E+3	7,699631E+1	1,906250E+3	8,717606E+1	1,906250E+3	9,517094E+1	1,906250E+3	1,057461E+2	1,906250E+3	1,098321E+2	1,906250E+3	1,146428E+2
1,907812E+3	6,690375E+1	1,907812E+3	7,694667E+1	1,907812E+3	8,688359E+1	1,907812E+3	9,659266E+1	1,907812E+3	1,054346E+2	1,907812E+3	1,100490E+2	1,907812E+3	1,153729E+2
1,909375E+3	6,596354E+1	1,909375E+3	7,692987E+1	1,909375E+3	8,559494E+1	1,909375E+3	9,808355E+1	1,909375E+3	1,052851E+2	1,909375E+3	1,104112E+2	1,909375E+3	1,150443E+2
1,910937E+3	6,647347E+1	1,910937E+3	7,630550E+1	1,910937E+3	8,571862E+1	1,910937E+3	9,645294E+1	1,910937E+3	1,062074E+2	1,910937E+3	1,108463E+2	1,910937E+3	1,147605E+2
1,912500E+3	6,667381E+1	1,912500E+3	7,597991E+1	1,912500E+3	8,662013E+1	1,912500E+3	9,644174E+1	1,912500E+3	1,062184E+2	1,912500E+3	1,110086E+2	1,912500E+3	1,140894E+2
1,914062E+3	6,674205E+1	1,914062E+3	7,645029E+1	1,914062E+3	8,684523E+1	1,914062E+3	9,666473E+1	1,914062E+3	1,061764E+2	1,914062E+3	1,111756E+2	1,914062E+3	1,149462E+2
1,915625E+3	6,685450E+1	1,915625E+3	7,734010E+1	1,915625E+3	8,731236E+1	1,915625E+3	9,649742E+1	1,915625E+3	1,065789E+2	1,915625E+3	1,109980E+2	1,915625E+3	1,141572E+2
1,917187E+3	6,662175E+1	1,917187E+3	7,640196E+1	1,917187E+3	8,646454E+1	1,917187E+3	9,651191E+1	1,917187E+3	1,063596E+2	1,917187E+3	1,106322E+2	1,917187E+3	1,153272E+2
1,918750E+3	7,103258E+1	1,918750E+3	7,708176E+1	1,918750E+3	8,717708E+1	1,918750E+3	9,479639E+1	1,918750E+3	1,061662E+2	1,918750E+3	1,109506E+2	1,918750E+3	1,158834E+2
1,920312E+3	7,488763E+1	1,920312E+3	7,829467E+1	1,920312E+3	8,665512E+1	1,920312E+3	9,503858E+1	1,920312E+3	1,067629E+2	1,920312E+3	1,104979E+2	1,920312E+3	1,154335E+2
1,921875E+3	7,188051E+1	1,921875E+3	7,701277E+1	1,921875E+3	8,593408E+1	1,921875E+3	9,515613E+1	1,921875E+3	1,062162E+2	1,921875E+3	1,116439E+2	1,921875E+3	1,161358E+2
1,923437E+3	6,622677E+1	1,923437E+3	7,641096E+1	1,923437E+3	8,586455E+1	1,923437E+3	9,586610E+1	1,923437E+3	1,055665E+2	1,923437E+3	1,120943E+2	1,923437E+3	1,164472E+2
1,925000E+3	6,576917E+1	1,925000E+3	7,544012E+1	1,925000E+3	8,547703E+1	1,925000E+3	9,681666E+1	1,925000E+3	1,062602E+2	1,925000E+3	1,106945E+2	1,925000E+3	1,159005E+2
1,926562E+3	6,533194E+1	1,926562E+3	7,401266E+1	1,926562E+3	8,579250E+1	1,926562E+3	9,659466E+1	1,926562E+3	1,067238E+2	1,926562E+3	1,109828E+2	1,926562E+3	1,162202E+2
1,928125E+3	6,477160E+1	1,928125E+3	7,373149E+1	1,928125E+3	8,483294E+1	1,928125E+3	9,765416E+1	1,928125E+3	1,057120E+2	1,928125E+3	1,106234E+2	1,928125E+3	1,155268E+2
1,929687E+3	6,501388E+1	1,929687E+3	7,495706E+1	1,929687E+3	8,576257E+1	1,929687E+3	9,736131E+1	1,929687E+3	1,057637E+2	1,929687E+3	1,108582E+2	1,929687E+3	1,160174E+2
1,931250E+3	6,590160E+1	1,931250E+3	7,431329E+1	1,931250E+3	8,540075E+1	1,931250E+3	9,620733E+1	1,931250E+3	1,069069E+2	1,931250E+3	1,118931E+2	1,931250E+3	1,164579E+2
1,932812E+3	6,452995E+1	1,932812E+3	7,425357E+1	1,932812E+3	8,493226E+1	1,932812E+3	9,617374E+1	1,932812E+3	1,070313E+2	1,932812E+3	1,124386E+2	1,932812E+3	1,168066E+2
1,934375E+3	6,397825E+1	1,934375E+3	7,480549E+1	1,934375E+3	8,643373E+1	1,934375E+3	9,544610E+1	1,934375E+3	1,057933E+2	1,934375E+3	1,119163E+2	1,934375E+3	1,164005E+2
1,935937E+3	6,495009E+1	1,935937E+3	7,561708E+1	1,935937E+3	8,646896E+1	1,935937E+3	9,438575E+1	1,935937E+3	1,063803E+2	1,935937E+3	1,124362E+2	1,935937E+3	1,161685E+2
1,937500E+3	6,521639E+1	1,937500E+3	7,521939E+1	1,937500E+3	8,563260E+1	1,937500E+3	9,462531E+1	1,937500E+3	1,059930E+2	1,937500E+3	1,110147E+2	1,937500E+3	1,163256E+2
1,939062E+3	6,487751E+1	1,939062E+3	7,520711E+1	1,939062E+3	8,594084E+1	1,939062E+3	9,613897E+1	1,939062E+3	1,064707E+2	1,939062E+3	1,108261E+2	1,939062E+3	1,160362E+2
1,940625E+3	6,289611E+1	1,940625E+3	7,427660E+1	1,940625E+3	8,528392E+1	1,940625E+3	9,597541E+1	1,940625E+3	1,057647E+2	1,940625E+3	1,114495E+2	1,940625E+3	1,153542E+2
1,942187E+3	6,381235E+1	1,942187E+3	7,423818E+1	1,942187E+3	8,507271E+1	1,942187E+3	9,559518E+1	1,942187E+3	1,048515E+2	1,942187E+3	1,119070E+2	1,942187E+3	1,155234E+2
1,943750E+3	6,445379E+1	1,943750E+3	7,389887E+1	1,943750E+3	8,488536E+1	1,943750E+3	9,473616E+1	1,943750E+3	1,051095E+2	1,943750E+3	1,106064E+2	1,943750E+3	1,152733E+2
1,945312E+3	6,412591E+1	1,945312E+3	7,483361E+1	1,945312E+3	8,512394E+1	1,945312E+3	9,510804E+1	1,945312E+3	1,055392E+2	1,945312E+3	1,102175E+2	1,945312E+3	1,160177E+2
1,946875E+3	6,278157E+1	1,946875E+3	7,482261E+1	1,946875E+3	8,541178E+1	1,946875E+3	9,544910E+1	1,946875E+3	1,054884E+2	1,946875E+3	1,107394E+2	1,946875E+3	1,159796E+2
1,948437E+3	6,348420E+1	1,948437E+3	7,394990E+1	1,948437E+3	8,515519E+1	1,948437E+3	9,479348E+1	1,948437E+3	1,052429E+2	1,948437E+3	1,114566E+2	1,948437E+3	1,160175E+2
1,950000E+3	6,389193E+1	1,950000E+3	7,393829E+1	1,950000E+3	8,524870E+1	1,950000E+3	9,559514E+1	1,950000E+3	1,058280E+2	1,950000E+3	1,103160E+2	1,950000E+3	1,146449E+2
1,951562E+3	6,488581E+1	1,951562E+3	7,468653E+1	1,951562E+3	8,405064E+1	1,951562E+3	9,442969E+1	1,951562E+3	1,058194E+2	1,951562E+3	1,106097E+2	1,951562E+3	1,144258E+2
1,953125E+3	6,318404E+1	1,953125E+3	7,485468E+1	1,953125E+3	8,384036E+1	1,953125E+3	9,468766E+1	1,953125E+3	1,055810E+2	1,953125E+3	1,104428E+2	1,953125E+3	1,148903E+2
1,954687E+3	6,311597E+1	1,954687E+3	7,436320E+1	1,954687E+3	8,389043E+1	1,954687E+3	9,472083E+1	1,954687E+3	1,046694E+2	1,954687E+3	1,096643E+2	1,954687E+3	1,152033E+2
1,956250E+3	6,426545E+1	1,956250E+3	7,400157E+1	1,956250E+3	8,315637E+1	1,956250E+3	9,462766E+1	1,956250E+3	1,050117E+2	1,956250E+3	1,097671E+2	1,956250E+3	1,159904E+2
1,957812E+3	6,299975E+1	1,957812E+3	7,362212E+1	1,957812E+3	8,343716E+1	1,957812E+3	9,403269E+1	1,957812E+3	1,053405E+2	1,957812E+3	1,090323E+2	1,957812E+3	1,151886E+2
1,959375E+3	6,294681E+1	1,959375E+3	7,361870E+1	1,959375E+3	8,345153E+1	1,959375E+3	9,360502E+1	1,959375E+3	1,052837E+2	1,959375E+3	1,094309E+2	1,959375E+3	1,145169E+2
1,960937E+3	6,325978E+1	1,960937E+3	7,319808E+1	1,960937E+3	8,475402E+1	1,960937E+3	9,421154E+1	1,960937E+3	1,047852E+2	1,960937E+3	1,104050E+2	1,960937E+3	1,140153E+2
1,962500E+3	6,384692E+1	1,962500E+3	7,332323E+1	1,962500E+3	8,551982E+1	1,962500E+3	9,445375E+1	1,962500E+3	1,045514E+2	1,962500E+3	1,101033E+2	1,962500E+3	1,140663E+2
1,964062E+3	6,334920E+1	1,964062E+3	7,357024E+1	1,964062E+3	8,489368E+1	1,964062E+3	9,401747E+1	1,964062E+3	1,050549E+2	1,964062E+3	1,110141E+2	1,964062E+3	1,142554E+2
1,965625E+3	6,431328E+1	1,965625E+3	7,372845E+1	1,965625E+3	8,432778E+1	1,965625E+3	9,396523E+1	1,965625E+3	1,033261E+2	1,965625E+3	1,100444E+2	1,965625E+3	1,156427E+2
1,967187E+3	6,508062E+1	1,967187E+3	7,445320E+1	1,967187E+3	8,351911E+1	1,967187E+3	9,339001E+1	1,967187E+3	1,042349E+2	1,967187E+3	1,096184E+2	1,967187E+3	1,168722E+2
1,968750E+3	6,427768E+1	1,968750E+3	7,410317E+1	1,968750E+3	8,422218E+1	1,968750E+3	9,349261E+1	1,968750E+3	1,049197E+2	1,968750E+3	1,093922E+2	1,968750E+3	1,152745E+2
1,970312E+3	6,384854E+1	1,970312E+3	7,400569E+1	1,970312E+3	8,388575E+1	1,970312E+3	9,332717E+1	1,970312E+3	1,052428E+2	1,970312E+3	1,089817E+2	1,970312E+3	1,129535E+2
1,971875E+3	6,389167E+1	1,971875E+3	7,428460E+1	1,971875E+3	8,326468E+1	1,971875E+3	9,305132E+1	1,971875E+3	1,053347E+2	1,971875E+3	1,102109E+2	1,971875E+3	1,137207E+2
1,973437E+3	6,353624E+1	1,973437E+3	7,396688E+1	1,973437E+3	8,375206E+1	1,973437E+3	9,459434E+1	1,973437E+3	1,054673E+2	1,973437E+3	1,099830E+2	1,973437E+3	1,141968E+2
1,975000E+3	6,341321E+1	1,975000E+3	7,334700E+1	1,975000E+3	8,422045E+1	1,975000E+3	9,408546E+1	1,975000E+3	1,048912E+2	1,975000E+3	1,095978E+2	1,975000E+3	1,146437E+2
1,976562E+3	6,472478E+1	1,976562E+3	7,387349E+1	1,976562E+3	8,413356E+1	1,976562E+3	9,397166E+1	1,976562E+3	1,056553E+2	1,976562E+3	1,088712E+2	1,976562E+3	1,154991E+2
1,978125E+3	7,120250E+1	1,978125E+3	7,491547E+1	1,978125E+3	8,384255E+1	1,978125E+3	9,318789E+1	1,978125E+3	1,045317E+2	1,978125E+3	1,096175E+2	1,978125E+3	1,150455E+2
1,979687E+3	7,811086E+1	1,979687E+3	7,899971E+1	1,979687E+3	8,421498E+1	1,979687E+3	9,341089E+1	1,979687E+3	1,042137E+2	1,979687E+3	1,079372E+2	1,979687E+3	1,144152E+2
1,981250E+3	7,709907E+1	1,981250E+3	7,755416E+1	1,981250E+3	8,444324E+1	1,981250E+3	9,342887E+1	1,981250E+3	1,050118E+2	1,981250E+3	1,084858E+2	1,981250E+3	1,137458E+2
1,982812E+3	6,852322E+1	1,982812E+3	7,426715E+1	1,982812E+3	8,404472E+1	1,982812E+3	9,351600E+1	1,982812E+3	1,044604E+2	1,982812E+3	1,097715E+2	1,982812E+3	1,136793E+2
1,984375E+3	6,255081E+1	1,984375E+3	7,406788E+1	1,984375E+3	8,355075E+1	1,984375E+3	9,415904E+1	1,984375E+3	1,044754E+2	1,984375E+3	1,093847E+2	1,984375E+3	1,130526E+2
1,985937E+3	6,349994E+1	1,985937E+3	7,285971E+1	1,985937E+3	8,278900E+1	1,985937E+3	9,319029E+1	1,985937E+3	1,042380E+2	1,985937E+3	1,091942E+2	1,985937E+3	1,127935E+2
1,987500E+3	6,271012E+1	1,987500E+3	7,235509E+1	1,987500E+3	8,412305E+1	1,987500E+3	9,370624E+1	1,987500E+3	1,043291E+2	1,987500E+3	1,096204E+2	1,987500E+3	1,137055E+2
1,989062E+3	6,311957E+1	1,989062E+3	7,338962E+1	1,989062E+3	8,338286E+1	1,989062E+3	9,325903E+1	1,989062E+3	1,048419E+2	1,989062E+3	1,095883E+2	1,989062E+3	1,133149E+2
1,990625E+3	6,381072E+1	1,990625E+3	7,347299E+1	1,990625E+3	8,298743E+1	1,990625E+3	9,441215E+1	1,990625E+3	1,040698E+2	1,990625E+3	1,088434E+2	1,990625E+3	1,130601E+2
1,992187E+3	6,366770E+1	1,992187E+3	7,287026E+1	1,992187E+3	8,451308E+1	1,992187E+3	9,424843E+1	1,992187E+3	1,042302E+2	1,992187E+3	1,076125E+2	1,992187E+3	1,131235E+2
1,993750E+3	6,374819E+1	1,993750E+3	7,317507E+1	1,993750E+3	8,390209E+1	1,993750E+3	9,346621E+1	1,993750E+3	1,039161E+2	1,993750E+3	1,090415E+2	1,993750E+3	1,139935E+2
1,995312E+3	6,337045E+1	1,995312E+3	7,395115E+1	1,995312E+3	8,356568E+1	1,995312E+3	9,371631E+1	1,995312E+3	1,037183E+2	1,995312E+3	1,101157E+2	1,995312E+3	1,148057E+2
1,996875E+3	6,213999E+1	1,996875E+3	7,347701E+1	1,996875E+3	8,371781E+1	1,996875E+3	9,289480E+1	1,996875E+3	1,034899E+2	1,996875E+3	1,093854E+2	1,996875E+3	1,146188E+2
1,998437E+3	6,178138E+1	1,998437E+3	7,206910E+1	1,998437E+3	8,400947E+1	1,998437E+3	9,346032E+1	1,998437E+3	1,046828E+2	1,998437E+3	1,100200E+2	1,998437E+3	1,141950E+2
2,000000E+3	6,235688E+1	2,000000E+3	7,332392E+1	2,000000E+3	8,356839E+1	2,000000E+3	9,419258E+1	2,000000E+3	1,046374E+2	2,000000E+3	1,093880E+2	2,000000E+3	1,140193E+2
2,001562E+3	6,234386E+1	2,001562E+3	7,298531E+1	2,001562E+3	8,257663E+1	2,001562E+3	9,342604E+1	2,001562E+3	1,042564E+2	2,001562E+3	1,079339E+2	2,001562E+3	1,133653E+2
2,003125E+3	6,265568E+1	2,003125E+3	7,293768E+1	2,003125E+3	8,287065E+1	2,003125E+3	9,369630E+1	2,003125E+3	1,031957E+2	2,003125E+3	1,091968E+2	2,003125E+3	1,136082E+2
2,004687E+3	6,177574E+1	2,004687E+3	7,364264E+1	2,004687E+3	8,353626E+1	2,004687E+3	9,373525E+1	2,004687E+3	1,037740E+2	2,004687E+3	1,092928E+2	2,004687E+3	1,138866E+2
2,006250E+3	6,226970E+1	2,006250E+3	7,303428E+1	2,006250E+3	8,386148E+1	2,006250E+3	9,308852E+1	2,006250E+3	1,033470E+2	2,006250E+3	1,094207E+2	2,006250E+3	1,131024E+2
2,007812E+3	6,206802E+1	2,007812E+3	7,178153E+1	2,007812E+3	8,399552E+1	2,007812E+3	9,299697E+1	2,007812E+3	1,038340E+2	2,007812E+3	1,097358E+2	2,007812E+3	1,137105E+2
2,009375E+3	6,180683E+1	2,009375E+3	7,266034E+1	2,009375E+3	8,270849E+1	2,009375E+3	9,380672E+1	2,009375E+3	1,036318E+2	2,009375E+3	1,089109E+2	2,009375E+3	1,135708E+2
2,010937E+3	6,223187E+1	2,010937E+3	7,270670E+1	2,010937E+3	8,234970E+1	2,010937E+3	9,317200E+1	2,010937E+3	1,032571E+2	2,010937E+3	1,079622E+2	2,010937E+3	1,131878E+2
2,012500E+3	6,270094E+1	2,012500E+3	7,270672E+1	2,012500E+3	8,197663E+1	2,012500E+3	9,348007E+1	2,012500E+3	1,037201E+2	2,012500E+3	1,082964E+2	2,012500E+3	1,128470E+2
2,014062E+3	6,338865E+1	2,014062E+3	7,306465E+1	2,014062E+3	8,245175E+1	2,014062E+3	9,335743E+1	2,014062E+3	1,035699E+2	2,014062E+3	1,100227E+2	2,014062E+3	1,134012E+2
2,015625E+3	6,331901E+1	2,015625E+3	7,211963E+1	2,015625E+3	8,215636E+1	2,015625E+3	9,292958E+1	2,015625E+3	1,035171E+2	2,015625E+3	1,095531E+2	2,015625E+3	1,132242E+2
2,017187E+3	6,211904E+1	2,017187E+3	7,233973E+1	2,017187E+3	8,213414E+1	2,017187E+3	9,174954E+1	2,017187E+3	1,020609E+2	2,017187E+3	1,093289E+2	2,017187E+3	1,130478E+2
2,018750E+3	6,220717E+1	2,018750E+3	7,281836E+1	2,018750E+3	8,131481E+1	2,018750E+3	9,150462E+1	2,018750E+3	1,032976E+2	2,018750E+3	1,096701E+2	2,018750E+3	1,129260E+2
2,020312E+3	6,242752E+1	2,020312E+3	7,286285E+1	2,020312E+3	8,208328E+1	2,020312E+3	9,348619E+1	2,020312E+3	1,038447E+2	2,020312E+3	1,083950E+2	2,020312E+3	1,130996E+2
2,021875E+3	6,338298E+1	2,021875E+3	7,326035E+1	2,021875E+3	8,228029E+1	2,021875E+3	9,317033E+1	2,021875E+3	1,030975E+2	2,021875E+3	1,080625E+2	2,021875E+3	1,131300E+2
2,023437E+3	6,222446E+1	2,023437E+3	7,288143E+1	2,023437E+3	8,156573E+1	2,023437E+3	9,236377E+1	2,023437E+3	1,032941E+2	2,023437E+3	1,091941E+2	2,023437E+3	1,125438E+2
2,025000E+3	6,179003E+1	2,025000E+3	7,300426E+1	2,025000E+3	8,161001E+1	2,025000E+3	9,308478E+1	2,025000E+3	1,031279E+2	2,025000E+3	1,092879E+2	2,025000E+3	1,134174E+2
2,026562E+3	6,189468E+1	2,026562E+3	7,232796E+1	2,026562E+3	8,100616E+1	2,026562E+3	9,194254E+1	2,026562E+3	1,037973E+2	2,026562E+3	1,097325E+2	2,026562E+3	1,130963E+2
2,028125E+3	6,135672E+1	2,028125E+3	7,278929E+1	2,028125E+3	8,158457E+1	2,028125E+3	9,203956E+1	2,028125E+3	1,047952E+2	2,028125E+3	1,102183E+2	2,028125E+3	1,132606E+2
2,029687E+3	6,158662E+1	2,029687E+3	7,179618E+1	2,029687E+3	8,059058E+1	2,029687E+3	9,283804E+1	2,029687E+3	1,047292E+2	2,029687E+3	1,085567E+2	2,029687E+3	1,134171E+2
2,031250E+3	6,169757E+1	2,031250E+3	7,166588E+1	2,031250E+3	8,119905E+1	2,031250E+3	9,344328E+1	2,031250E+3	1,046257E+2	2,031250E+3	1,080260E+2	2,031250E+3	1,132918E+2
2,032812E+3	6,141266E+1	2,032812E+3	7,223521E+1	2,032812E+3	8,236555E+1	2,032812E+3	9,325304E+1	2,032812E+3	1,047241E+2	2,032812E+3	1,086998E+2	2,032812E+3	1,129217E+2
2,034375E+3	6,027366E+1	2,034375E+3	7,207014E+1	2,034375E+3	8,357997E+1	2,034375E+3	9,325214E+1	2,034375E+3	1,036035E+2	2,034375E+3	1,081573E+2	2,034375E+3	1,134594E+2
2,035937E+3	6,221159E+1	2,035937E+3	7,135956E+1	2,035937E+3	8,252439E+1	2,035937E+3	9,285955E+1	2,035937E+3	1,032938E+2	2,035937E+3	1,086662E+2	2,035937E+3	1,141575E+2
2,037500E+3	6,315913E+1	2,037500E+3	7,186883E+1	2,037500E+3	8,246324E+1	2,037500E+3	9,245613E+1	2,037500E+3	1,043020E+2	2,037500E+3	1,102372E+2	2,037500E+3	1,134999E+2
2,039062E+3	6,561916E+1	2,039062E+3	7,213569E+1	2,039062E+3	8,283367E+1	2,039062E+3	9,272310E+1	2,039062E+3	1,032240E+2	2,039062E+3	1,101840E+2	2,039062E+3	1,116067E+2
2,040625E+3	6,697822E+1	2,040625E+3	7,237293E+1	2,040625E+3	8,353909E+1	2,040625E+3	9,185464E+1	2,040625E+3	1,036482E+2	2,040625E+3	1,095482E+2	2,040625E+3	1,136209E+2
2,042187E+3	6,426054E+1	2,042187E+3	7,121604E+1	2,042187E+3	8,295952E+1	2,042187E+3	9,296592E+1	2,042187E+3	1,027269E+2	2,042187E+3	1,091197E+2	2,042187E+3	1,141969E+2
2,043750E+3	6,141418E+1	2,043750E+3	7,213895E+1	2,043750E+3	8,189908E+1	2,043750E+3	9,340625E+1	2,043750E+3	1,019198E+2	2,043750E+3	1,097843E+2	2,043750E+3	1,147429E+2
2,045312E+3	6,281497E+1	2,045312E+3	7,250490E+1	2,045312E+3	8,305065E+1	2,045312E+3	9,236532E+1	2,045312E+3	1,034568E+2	2,045312E+3	1,099036E+2	2,045312E+3	1,144931E+2
2,046875E+3	6,236841E+1	2,046875E+3	7,239798E+1	2,046875E+3	8,328839E+1	2,046875E+3	9,151849E+1	2,046875E+3	1,036857E+2	2,046875E+3	1,091339E+2	2,046875E+3	1,140402E+2
2,048437E+3	6,182710E+1	2,048437E+3	7,175800E+1	2,048437E+3	8,249926E+1	2,048437E+3	9,191182E+1	2,048437E+3	1,033695E+2	2,048437E+3	1,093140E+2	2,048437E+3	1,139668E+2
2,050000E+3	6,155313E+1	2,050000E+3	7,200736E+1	2,050000E+3	8,353976E+1	2,050000E+3	9,271674E+1	2,050000E+3	1,041227E+2	2,050000E+3	1,084320E+2	2,050000E+3	1,142072E+2
2,051562E+3	6,217916E+1	2,051562E+3	7,085189E+1	2,051562E+3	8,274466E+1	2,051562E+3	9,381201E+1	2,051562E+3	1,046055E+2	2,051562E+3	1,091341E+2	2,051562E+3	1,133916E+2
2,053125E+3	6,282600E+1	2,053125E+3	7,096151E+1	2,053125E+3	8,252009E+1	2,053125E+3	9,289984E+1	2,053125E+3	1,041421E+2	2,053125E+3	1,090447E+2	2,053125E+3	1,141058E+2
2,054687E+3	6,277735E+1	2,054687E+3	7,269459E+1	2,054687E+3	8,315438E+1	2,054687E+3	9,261681E+1	2,054687E+3	1,031442E+2	2,054687E+3	1,094617E+2	2,054687E+3	1,141377E+2
2,056250E+3	6,236430E+1	2,056250E+3	7,243867E+1	2,056250E+3	8,288268E+1	2,056250E+3	9,285749E+1	2,056250E+3	1,036606E+2	2,056250E+3	1,099751E+2	2,056250E+3	1,147061E+2
2,057812E+3	6,207851E+1	2,057812E+3	7,144180E+1	2,057812E+3	8,186130E+1	2,057812E+3	9,265966E+1	2,057812E+3	1,036436E+2	2,057812E+3	1,098814E+2	2,057812E+3	1,155598E+2
2,059375E+3	6,175334E+1	2,059375E+3	7,153896E+1	2,059375E+3	8,174418E+1	2,059375E+3	9,294084E+1	2,059375E+3	1,038956E+2	2,059375E+3	1,108915E+2	2,059375E+3	1,151301E+2
2,060937E+3	6,209304E+1	2,060937E+3	7,233491E+1	2,060937E+3	8,147767E+1	2,060937E+3	9,250374E+1	2,060937E+3	1,051033E+2	2,060937E+3	1,108603E+2	2,060937E+3	1,151050E+2
2,062500E+3	6,194378E+1	2,062500E+3	7,236926E+1	2,062500E+3	8,194667E+1	2,062500E+3	9,179153E+1	2,062500E+3	1,047300E+2	2,062500E+3	1,103311E+2	2,062500E+3	1,139046E+2
2,064062E+3	6,355579E+1	2,064062E+3	7,266070E+1	2,064062E+3	8,242944E+1	2,064062E+3	9,260332E+1	2,064062E+3	1,040564E+2	2,064062E+3	1,101030E+2	2,064062E+3	1,140533E+2
2,065625E+3	6,417942E+1	2,065625E+3	7,289722E+1	2,065625E+3	8,256140E+1	2,065625E+3	9,327497E+1	2,065625E+3	1,041472E+2	2,065625E+3	1,098532E+2	2,065625E+3	1,144649E+2
2,067187E+3	6,271431E+1	2,067187E+3	7,265631E+1	2,067187E+3	8,295981E+1	2,067187E+3	9,324530E+1	2,067187E+3	1,043588E+2	2,067187E+3	1,106766E+2	2,067187E+3	1,153935E+2
2,068750E+3	6,206521E+1	2,068750E+3	7,323153E+1	2,068750E+3	8,328552E+1	2,068750E+3	9,264966E+1	2,068750E+3	1,041322E+2	2,068750E+3	1,108505E+2	2,068750E+3	1,143948E+2
2,070312E+3	6,282537E+1	2,070312E+3	7,269446E+1	2,070312E+3	8,378567E+1	2,070312E+3	9,377964E+1	2,070312E+3	1,037581E+2	2,070312E+3	1,107584E+2	2,070312E+3	1,148908E+2
2,071875E+3	6,292569E+1	2,071875E+3	7,245834E+1	2,071875E+3	8,367064E+1	2,071875E+3	9,416534E+1	2,071875E+3	1,037980E+2	2,071875E+3	1,111744E+2	2,071875E+3	1,159667E+2
2,073437E+3	6,246069E+1	2,073437E+3	7,399348E+1	2,073437E+3	8,315395E+1	2,073437E+3	9,443576E+1	2,073437E+3	1,037666E+2	2,073437E+3	1,120350E+2	2,073437E+3	1,144344E+2
2,075000E+3	6,284210E+1	2,075000E+3	7,407585E+1	2,075000E+3	8,380478E+1	2,075000E+3	9,415888E+1	2,075000E+3	1,037017E+2	2,075000E+3	1,106636E+2	2,075000E+3	1,144954E+2
2,076562E+3	6,321842E+1	2,076562E+3	7,391483E+1	2,076562E+3	8,392566E+1	2,076562E+3	9,359271E+1	2,076562E+3	1,049265E+2	2,076562E+3	1,098237E+2	2,076562E+3	1,157619E+2
2,078125E+3	6,271754E+1	2,078125E+3	7,322743E+1	2,078125E+3	8,370873E+1	2,078125E+3	9,368216E+1	2,078125E+3	1,044050E+2	2,078125E+3	1,107348E+2	2,078125E+3	1,143902E+2
2,079687E+3	6,254208E+1	2,079687E+3	7,263302E+1	2,079687E+3	8,327918E+1	2,079687E+3	9,436686E+1	2,079687E+3	1,050924E+2	2,079687E+3	1,107351E+2	2,079687E+3	1,156454E+2
2,081250E+3	6,236964E+1	2,081250E+3	7,340044E+1	2,081250E+3	8,402856E+1	2,081250E+3	9,546206E+1	2,081250E+3	1,062453E+2	2,081250E+3	1,108831E+2	2,081250E+3	1,154122E+2
2,082812E+3	6,404444E+1	2,082812E+3	7,528304E+1	2,082812E+3	8,401635E+1	2,082812E+3	9,432556E+1	2,082812E+3	1,049144E+2	2,082812E+3	1,110533E+2	2,082812E+3	1,148328E+2
2,084375E+3	6,452271E+1	2,084375E+3	7,498070E+1	2,084375E+3	8,537856E+1	2,084375E+3	9,369603E+1	2,084375E+3	1,042964E+2	2,084375E+3	1,100685E+2	2,084375E+3	1,149113E+2
2,085937E+3	6,515568E+1	2,085937E+3	7,479002E+1	2,085937E+3	8,492253E+1	2,085937E+3	9,538534E+1	2,085937E+3	1,043168E+2	2,085937E+3	1,097319E+2	2,085937E+3	1,153872E+2
2,087500E+3	6,531806E+1	2,087500E+3	7,512563E+1	2,087500E+3	8,565156E+1	2,087500E+3	9,573172E+1	2,087500E+3	1,048671E+2	2,087500E+3	1,100304E+2	2,087500E+3	1,167409E+2
2,089062E+3	6,441985E+1	2,089062E+3	7,526412E+1	2,089062E+3	8,501753E+1	2,089062E+3	9,471178E+1	2,089062E+3	1,055495E+2	2,089062E+3	1,106488E+2	2,089062E+3	1,166143E+2
2,090625E+3	6,337420E+1	2,090625E+3	7,508797E+1	2,090625E+3	8,535453E+1	2,090625E+3	9,493225E+1	2,090625E+3	1,053591E+2	2,090625E+3	1,105319E+2	2,090625E+3	1,154786E+2
2,092187E+3	6,392295E+1	2,092187E+3	7,604292E+1	2,092187E+3	8,637318E+1	2,092187E+3	9,471204E+1	2,092187E+3	1,059289E+2	2,092187E+3	1,116372E+2	2,092187E+3	1,153992E+2
2,093750E+3	6,458005E+1	2,093750E+3	7,640014E+1	2,093750E+3	8,692313E+1	2,093750E+3	9,519016E+1	2,093750E+3	1,062040E+2	2,093750E+3	1,112420E+2	2,093750E+3	1,159216E+2
2,095312E+3	6,482323E+1	2,095312E+3	7,568203E+1	2,095312E+3	8,620356E+1	2,095312E+3	9,395281E+1	2,095312E+3	1,059906E+2	2,095312E+3	1,110227E+2	2,095312E+3	1,159474E+2
2,096875E+3	6,436604E+1	2,096875E+3	7,676554E+1	2,096875E+3	8,593816E+1	2,096875E+3	9,425714E+1	2,096875E+3	1,053266E+2	2,096875E+3	1,110963E+2	2,096875E+3	1,160171E+2
2,098437E+3	7,170896E+1	2,098437E+3	7,738587E+1	2,098437E+3	8,583402E+1	2,098437E+3	9,647372E+1	2,098437E+3	1,059270E+2	2,098437E+3	1,110561E+2	2,098437E+3	1,172947E+2
2,100000E+3	7,681788E+1	2,100000E+3	7,985902E+1	2,100000E+3	8,507731E+1	2,100000E+3	9,694633E+1	2,100000E+3	1,064801E+2	2,100000E+3	1,108496E+2	2,100000E+3	1,175421E+2
2,101562E+3	7,523399E+1	2,101562E+3	7,809999E+1	2,101562E+3	8,556434E+1	2,101562E+3	9,614301E+1	2,101562E+3	1,059982E+2	2,101562E+3	1,111873E+2	2,101562E+3	1,173972E+2
2,103125E+3	6,914385E+1	2,103125E+3	7,594719E+1	2,103125E+3	8,612395E+1	2,103125E+3	9,711671E+1	2,103125E+3	1,061562E+2	2,103125E+3	1,113676E+2	2,103125E+3	1,172353E+2
2,104687E+3	6,680911E+1	2,104687E+3	7,592158E+1	2,104687E+3	8,667915E+1	2,104687E+3	9,675733E+1	2,104687E+3	1,061346E+2	2,104687E+3	1,107686E+2	2,104687E+3	1,164003E+2
2,106250E+3	6,630878E+1	2,106250E+3	7,741441E+1	2,106250E+3	8,680881E+1	2,106250E+3	9,684468E+1	2,106250E+3	1,058594E+2	2,106250E+3	1,119934E+2	2,106250E+3	1,163906E+2
2,107812E+3	6,715269E+1	2,107812E+3	7,803298E+1	2,107812E+3	8,632650E+1	2,107812E+3	9,661259E+1	2,107812E+3	1,065028E+2	2,107812E+3	1,121792E+2	2,107812E+3	1,157640E+2
2,109375E+3	6,681811E+1	2,109375E+3	7,705383E+1	2,109375E+3	8,719698E+1	2,109375E+3	9,733622E+1	2,109375E+3	1,071249E+2	2,109375E+3	1,109267E+2	2,109375E+3	1,159275E+2
2,110937E+3	6,747005E+1	2,110937E+3	7,728412E+1	2,110937E+3	8,739472E+1	2,110937E+3	9,743706E+1	2,110937E+3	1,071489E+2	2,110937E+3	1,107790E+2	2,110937E+3	1,165756E+2
2,112500E+3	6,721722E+1	2,112500E+3	7,767053E+1	2,112500E+3	8,763249E+1	2,112500E+3	9,788147E+1	2,112500E+3	1,077940E+2	2,112500E+3	1,123100E+2	2,112500E+3	1,164409E+2
2,114062E+3	6,678704E+1	2,114062E+3	7,760469E+1	2,114062E+3	8,739079E+1	2,114062E+3	9,851988E+1	2,114062E+3	1,078117E+2	2,114062E+3	1,116433E+2	2,114062E+3	1,165800E+2
2,115625E+3	6,663676E+1	2,115625E+3	7,898900E+1	2,115625E+3	8,911458E+1	2,115625E+3	9,836340E+1	2,115625E+3	1,067853E+2	2,115625E+3	1,111989E+2	2,115625E+3	1,158178E+2
2,117187E+3	6,665191E+1	2,117187E+3	7,873463E+1	2,117187E+3	8,953691E+1	2,117187E+3	9,732449E+1	2,117187E+3	1,071181E+2	2,117187E+3	1,115632E+2	2,117187E+3	1,161364E+2
2,118750E+3	6,831462E+1	2,118750E+3	7,712397E+1	2,118750E+3	8,818443E+1	2,118750E+3	9,685111E+1	2,118750E+3	1,072023E+2	2,118750E+3	1,115330E+2	2,118750E+3	1,163892E+2
2,120312E+3	6,860776E+1	2,120312E+3	7,696476E+1	2,120312E+3	8,850941E+1	2,120312E+3	9,732281E+1	2,120312E+3	1,071301E+2	2,120312E+3	1,129332E+2	2,120312E+3	1,161454E+2
2,121875E+3	6,868759E+1	2,121875E+3	7,761802E+1	2,121875E+3	8,859791E+1	2,121875E+3	9,820811E+1	2,121875E+3	1,070479E+2	2,121875E+3	1,115109E+2	2,121875E+3	1,156382E+2
2,123437E+3	6,817137E+1	2,123437E+3	7,760666E+1	2,123437E+3	8,891916E+1	2,123437E+3	9,846103E+1	2,123437E+3	1,071903E+2	2,123437E+3	1,108667E+2	2,123437E+3	1,165557E+2
2,125000E+3	6,924195E+1	2,125000E+3	7,775223E+1	2,125000E+3	8,905558E+1	2,125000E+3	9,880220E+1	2,125000E+3	1,069935E+2	2,125000E+3	1,113496E+2	2,125000E+3	1,153236E+2
2,126562E+3	6,802987E+1	2,126562E+3	7,804971E+1	2,126562E+3	8,926613E+1	2,126562E+3	9,849649E+1	2,126562E+3	1,058032E+2	2,126562E+3	1,114787E+2	2,126562E+3	1,158769E+2
2,128125E+3	6,878187E+1	2,128125E+3	7,890762E+1	2,128125E+3	8,859175E+1	2,128125E+3	9,823928E+1	2,128125E+3	1,064967E+2	2,128125E+3	1,115177E+2	2,128125E+3	1,159395E+2
2,129687E+3	6,895936E+1	2,129687E+3	7,931571E+1	2,129687E+3	8,879377E+1	2,129687E+3	9,830175E+1	2,129687E+3	1,063235E+2	2,129687E+3	1,128110E+2	2,129687E+3	1,155611E+2
2,131250E+3	6,909660E+1	2,131250E+3	7,875331E+1	2,131250E+3	8,935855E+1	2,131250E+3	9,830305E+1	2,131250E+3	1,072733E+2	2,131250E+3	1,126740E+2	2,131250E+3	1,163812E+2
2,132812E+3	6,976549E+1	2,132812E+3	7,821090E+1	2,132812E+3	8,923663E+1	2,132812E+3	9,848558E+1	2,132812E+3	1,082914E+2	2,132812E+3	1,114677E+2	2,132812E+3	1,158984E+2
2,134375E+3	6,912775E+1	2,134375E+3	7,885683E+1	2,134375E+3	8,921359E+1	2,134375E+3	9,862371E+1	2,134375E+3	1,069205E+2	2,134375E+3	1,108364E+2	2,134375E+3	1,148730E+2
2,135937E+3	6,836079E+1	2,135937E+3	7,919259E+1	2,135937E+3	8,857183E+1	2,135937E+3	9,847544E+1	2,135937E+3	1,080734E+2	2,135937E+3	1,114510E+2	2,135937E+3	1,147060E+2
2,137500E+3	6,847721E+1	2,137500E+3	7,832863E+1	2,137500E+3	8,950779E+1	2,137500E+3	9,823149E+1	2,137500E+3	1,080416E+2	2,137500E+3	1,118934E+2	2,137500E+3	1,155943E+2
2,139062E+3	6,939243E+1	2,139062E+3	7,871193E+1	2,139062E+3	8,957049E+1	2,139062E+3	9,773514E+1	2,139062E+3	1,066913E+2	2,139062E+3	1,125216E+2	2,139062E+3	1,151798E+2
2,140625E+3	6,909416E+1	2,140625E+3	7,859763E+1	2,140625E+3	8,915462E+1	2,140625E+3	9,798003E+1	2,140625E+3	1,066248E+2	2,140625E+3	1,108824E+2	2,140625E+3	1,146265E+2
2,142187E+3	6,841015E+1	2,142187E+3	7,829349E+1	2,142187E+3	8,943373E+1	2,142187E+3	9,800101E+1	2,142187E+3	1,064206E+2	2,142187E+3	1,106164E+2	2,142187E+3	1,148442E+2
2,143750E+3	6,849516E+1	2,143750E+3	7,899554E+1	2,143750E+3	8,873977E+1	2,143750E+3	9,837331E+1	2,143750E+3	1,067911E+2	2,143750E+3	1,120042E+2	2,143750E+3	1,151842E+2
2,145312E+3	6,936368E+1	2,145312E+3	7,971710E+1	2,145312E+3	8,856542E+1	2,145312E+3	9,779564E+1	2,145312E+3	1,060748E+2	2,145312E+3	1,114170E+2	2,145312E+3	1,151994E+2
2,146875E+3	6,833423E+1	2,146875E+3	8,012812E+1	2,146875E+3	8,792307E+1	2,146875E+3	9,807564E+1	2,146875E+3	1,068411E+2	2,146875E+3	1,103145E+2	2,146875E+3	1,150861E+2
2,148437E+3	6,859826E+1	2,148437E+3	7,847232E+1	2,148437E+3	8,825117E+1	2,148437E+3	9,836108E+1	2,148437E+3	1,075814E+2	2,148437E+3	1,101462E+2	2,148437E+3	1,148573E+2
2,150000E+3	6,727166E+1	2,150000E+3	7,923826E+1	2,150000E+3	8,802337E+1	2,150000E+3	9,866227E+1	2,150000E+3	1,069367E+2	2,150000E+3	1,109733E+2	2,150000E+3	1,152916E+2
2,151562E+3	6,758418E+1	2,151562E+3	7,806415E+1	2,151562E+3	8,747089E+1	2,151562E+3	9,753445E+1	2,151562E+3	1,067668E+2	2,151562E+3	1,114699E+2	2,151562E+3	1,162971E+2
2,153125E+3	6,706869E+1	2,153125E+3	7,873785E+1	2,153125E+3	8,835824E+1	2,153125E+3	9,780344E+1	2,153125E+3	1,064917E+2	2,153125E+3	1,111198E+2	2,153125E+3	1,159943E+2
2,154687E+3	6,699373E+1	2,154687E+3	7,835807E+1	2,154687E+3	8,831477E+1	2,154687E+3	9,699818E+1	2,154687E+3	1,068041E+2	2,154687E+3	1,111942E+2	2,154687E+3	1,143744E+2
2,156250E+3	6,825343E+1	2,156250E+3	7,858604E+1	2,156250E+3	8,799489E+1	2,156250E+3	9,662458E+1	2,156250E+3	1,077752E+2	2,156250E+3	1,110334E+2	2,156250E+3	1,139164E+2
2,157812E+3	6,811142E+1	2,157812E+3	7,858434E+1	2,157812E+3	8,803254E+1	2,157812E+3	9,688459E+1	2,157812E+3	1,073643E+2	2,157812E+3	1,114451E+2	2,157812E+3	1,140687E+2
2,159375E+3	6,881932E+1	2,159375E+3	7,845489E+1	2,159375E+3	8,766904E+1	2,159375E+3	9,681008E+1	2,159375E+3	1,072627E+2	2,159375E+3	1,111359E+2	2,159375E+3	1,145451E+2
2,160937E+3	6,934654E+1	2,160937E+3	7,796359E+1	2,160937E+3	8,773094E+1	2,160937E+3	9,649549E+1	2,160937E+3	1,062914E+2	2,160937E+3	1,103228E+2	2,160937E+3	1,145850E+2
2,162500E+3	6,863649E+1	2,162500E+3	7,819537E+1	2,162500E+3	8,774063E+1	2,162500E+3	9,672096E+1	2,162500E+3	1,060779E+2	2,162500E+3	1,105425E+2	2,162500E+3	1,146968E+2
2,164062E+3	6,808502E+1	2,164062E+3	7,881219E+1	2,164062E+3	8,746888E+1	2,164062E+3	9,666464E+1	2,164062E+3	1,069461E+2	2,164062E+3	1,096533E+2	2,164062E+3	1,149439E+2
2,165625E+3	6,688390E+1	2,165625E+3	7,877318E+1	2,165625E+3	8,728305E+1	2,165625E+3	9,751738E+1	2,165625E+3	1,062254E+2	2,165625E+3	1,096222E+2	2,165625E+3	1,149299E+2
2,167187E+3	6,807939E+1	2,167187E+3	7,697218E+1	2,167187E+3	8,837994E+1	2,167187E+3	9,694774E+1	2,167187E+3	1,064948E+2	2,167187E+3	1,104285E+2	2,167187E+3	1,139361E+2
2,168750E+3	6,831705E+1	2,168750E+3	7,624347E+1	2,168750E+3	8,805165E+1	2,168750E+3	9,680807E+1	2,168750E+3	1,065742E+2	2,168750E+3	1,099562E+2	2,168750E+3	1,124009E+2
2,170312E+3	6,722319E+1	2,170312E+3	7,633974E+1	2,170312E+3	8,729007E+1	2,170312E+3	9,669742E+1	2,170312E+3	1,065713E+2	2,170312E+3	1,088072E+2	2,170312E+3	1,130441E+2
2,171875E+3	6,705040E+1	2,171875E+3	7,649700E+1	2,171875E+3	8,713830E+1	2,171875E+3	9,664604E+1	2,171875E+3	1,064882E+2	2,171875E+3	1,104102E+2	2,171875E+3	1,149624E+2
2,173437E+3	6,714204E+1	2,173437E+3	7,762578E+1	2,173437E+3	8,657329E+1	2,173437E+3	9,640702E+1	2,173437E+3	1,062319E+2	2,173437E+3	1,109930E+2	2,173437E+3	1,147091E+2
2,175000E+3	6,645536E+1	2,175000E+3	7,626601E+1	2,175000E+3	8,673049E+1	2,175000E+3	9,591857E+1	2,175000E+3	1,062125E+2	2,175000E+3	1,100416E+2	2,175000E+3	1,145855E+2
2,176562E+3	6,622948E+1	2,176562E+3	7,673316E+1	2,176562E+3	8,663569E+1	2,176562E+3	9,682441E+1	2,176562E+3	1,051410E+2	2,176562E+3	1,099573E+2	2,176562E+3	1,141491E+2
2,178125E+3	6,643924E+1	2,178125E+3	7,771524E+1	2,178125E+3	8,735829E+1	2,178125E+3	9,665818E+1	2,178125E+3	1,056705E+2	2,178125E+3	1,095772E+2	2,178125E+3	1,146055E+2
2,179687E+3	6,663552E+1	2,179687E+3	7,701854E+1	2,179687E+3	8,797986E+1	2,179687E+3	9,640703E+1	2,179687E+3	1,055560E+2	2,179687E+3	1,098102E+2	2,179687E+3	1,143781E+2
2,181250E+3	6,680929E+1	2,181250E+3	7,660414E+1	2,181250E+3	8,671519E+1	2,181250E+3	9,595726E+1	2,181250E+3	1,046746E+2	2,181250E+3	1,088182E+2	2,181250E+3	1,144124E+2
2,182812E+3	6,725907E+1	2,182812E+3	7,574721E+1	2,182812E+3	8,555087E+1	2,182812E+3	9,616898E+1	2,182812E+3	1,055159E+2	2,182812E+3	1,091219E+2	2,182812E+3	1,142042E+2
2,184375E+3	6,649275E+1	2,184375E+3	7,646328E+1	2,184375E+3	8,601160E+1	2,184375E+3	9,634472E+1	2,184375E+3	1,059377E+2	2,184375E+3	1,098965E+2	2,184375E+3	1,150160E+2
2,185937E+3	6,611082E+1	2,185937E+3	7,587429E+1	2,185937E+3	8,618188E+1	2,185937E+3	9,599912E+1	2,185937E+3	1,056692E+2	2,185937E+3	1,102660E+2	2,185937E+3	1,149538E+2
2,187500E+3	6,651039E+1	2,187500E+3	7,661037E+1	2,187500E+3	8,528539E+1	2,187500E+3	9,696535E+1	2,187500E+3	1,052862E+2	2,187500E+3	1,100621E+2	2,187500E+3	1,144992E+2
2,189062E+3	6,562163E+1	2,189062E+3	7,645046E+1	2,189062E+3	8,638386E+1	2,189062E+3	9,650268E+1	2,189062E+3	1,052769E+2	2,189062E+3	1,095787E+2	2,189062E+3	1,138927E+2
2,190625E+3	6,627777E+1	2,190625E+3	7,601807E+1	2,190625E+3	8,655189E+1	2,190625E+3	9,609647E+1	2,190625E+3	1,050741E+2	2,190625E+3	1,092497E+2	2,190625E+3	1,131608E+2
2,192187E+3	6,538538E+1	2,192187E+3	7,624085E+1	2,192187E+3	8,628045E+1	2,192187E+3	9,524375E+1	2,192187E+3	1,051634E+2	2,192187E+3	1,102071E+2	2,192187E+3	1,148489E+2
2,193750E+3	6,678280E+1	2,193750E+3	7,615967E+1	2,193750E+3	8,618588E+1	2,193750E+3	9,470820E+1	2,193750E+3	1,050463E+2	2,193750E+3	1,102533E+2	2,193750E+3	1,153506E+2
2,195312E+3	6,615520E+1	2,195312E+3	7,683358E+1	2,195312E+3	8,690175E+1	2,195312E+3	9,635267E+1	2,195312E+3	1,043351E+2	2,195312E+3	1,097407E+2	2,195312E+3	1,131158E+2
2,196875E+3	6,591035E+1	2,196875E+3	7,711770E+1	2,196875E+3	8,724611E+1	2,196875E+3	9,615527E+1	2,196875E+3	1,049007E+2	2,196875E+3	1,096630E+2	2,196875E+3	1,126458E+2
2,198437E+3	6,646144E+1	2,198437E+3	7,664762E+1	2,198437E+3	8,627589E+1	2,198437E+3	9,616996E+1	2,198437E+3	1,052869E+2	2,198437E+3	1,097472E+2	2,198437E+3	1,134222E+2
2,200000E+3	6,525508E+1	2,200000E+3	7,625563E+1	2,200000E+3	8,573217E+1	2,200000E+3	9,641297E+1	2,200000E+3	1,045410E+2	2,200000E+3	1,103748E+2	2,200000E+3	1,138331E+2
2,201562E+3	6,605432E+1	2,201562E+3	7,696320E+1	2,201562E+3	8,610886E+1	2,201562E+3	9,512496E+1	2,201562E+3	1,039763E+2	2,201562E+3	1,101987E+2	2,201562E+3	1,134586E+2
2,203125E+3	6,579336E+1	2,203125E+3	7,590911E+1	2,203125E+3	8,621240E+1	2,203125E+3	9,522383E+1	2,203125E+3	1,051020E+2	2,203125E+3	1,108020E+2	2,203125E+3	1,134827E+2
2,204687E+3	6,597873E+1	2,204687E+3	7,649983E+1	2,204687E+3	8,646545E+1	2,204687E+3	9,522817E+1	2,204687E+3	1,051679E+2	2,204687E+3	1,105805E+2	2,204687E+3	1,142245E+2
2,206250E+3	6,564586E+1	2,206250E+3	7,636109E+1	2,206250E+3	8,643441E+1	2,206250E+3	9,588636E+1	2,206250E+3	1,056635E+2	2,206250E+3	1,096098E+2	2,206250E+3	1,136735E+2
2,207812E+3	6,593700E+1	2,207812E+3	7,514439E+1	2,207812E+3	8,600112E+1	2,207812E+3	9,614200E+1	2,207812E+3	1,054342E+2	2,207812E+3	1,092632E+2	2,207812E+3	1,139894E+2
2,209375E+3	6,564686E+1	2,209375E+3	7,642271E+1	2,209375E+3	8,602895E+1	2,209375E+3	9,653483E+1	2,209375E+3	1,052446E+2	2,209375E+3	1,093766E+2	2,209375E+3	1,149408E+2
2,210937E+3	6,648010E+1	2,210937E+3	7,684510E+1	2,210937E+3	8,585145E+1	2,210937E+3	9,614972E+1	2,210937E+3	1,042792E+2	2,210937E+3	1,082572E+2	2,210937E+3	1,138466E+2
2,212500E+3	6,644126E+1	2,212500E+3	7,646119E+1	2,212500E+3	8,653484E+1	2,212500E+3	9,528914E+1	2,212500E+3	1,054975E+2	2,212500E+3	1,094852E+2	2,212500E+3	1,135397E+2
2,214062E+3	6,638516E+1	2,214062E+3	7,529814E+1	2,214062E+3	8,682309E+1	2,214062E+3	9,570850E+1	2,214062E+3	1,055302E+2	2,214062E+3	1,096561E+2	2,214062E+3	1,143116E+2
2,215625E+3	6,611393E+1	2,215625E+3	7,514787E+1	2,215625E+3	8,575603E+1	2,215625E+3	9,559447E+1	2,215625E+3	1,047120E+2	2,215625E+3	1,097004E+2	2,215625E+3	1,145651E+2
2,217187E+3	6,653604E+1	2,217187E+3	7,596049E+1	2,217187E+3	8,461103E+1	2,217187E+3	9,594658E+1	2,217187E+3	1,050876E+2	2,217187E+3	1,090382E+2	2,217187E+3	1,145412E+2
2,218750E+3	6,846125E+1	2,218750E+3	7,654238E+1	2,218750E+3	8,602209E+1	2,218750E+3	9,616714E+1	2,218750E+3	1,060723E+2	2,218750E+3	1,102913E+2	2,218750E+3	1,150320E+2
2,220312E+3	6,989552E+1	2,220312E+3	7,577852E+1	2,220312E+3	8,678089E+1	2,220312E+3	9,634101E+1	2,220312E+3	1,055774E+2	2,220312E+3	1,104311E+2	2,220312E+3	1,142102E+2
2,221875E+3	6,860737E+1	2,221875E+3	7,539549E+1	2,221875E+3	8,619722E+1	2,221875E+3	9,505369E+1	2,221875E+3	1,059172E+2	2,221875E+3	1,098051E+2	2,221875E+3	1,150351E+2
2,223437E+3	6,687978E+1	2,223437E+3	7,555790E+1	2,223437E+3	8,604259E+1	2,223437E+3	9,579822E+1	2,223437E+3	1,059731E+2	2,223437E+3	1,097392E+2	2,223437E+3	1,146219E+2
2,225000E+3	6,722292E+1	2,225000E+3	7,571277E+1	2,225000E+3	8,629037E+1	2,225000E+3	9,688958E+1	2,225000E+3	1,057168E+2	2,225000E+3	1,113973E+2	2,225000E+3	1,142802E+2
2,226562E+3	6,736353E+1	2,226562E+3	7,635318E+1	2,226562E+3	8,625476E+1	2,226562E+3	9,614405E+1	2,226562E+3	1,055562E+2	2,226562E+3	1,109892E+2	2,226562E+3	1,143254E+2
2,228125E+3	6,597740E+1	2,228125E+3	7,732143E+1	2,228125E+3	8,636800E+1	2,228125E+3	9,646373E+1	2,228125E+3	1,056998E+2	2,228125E+3	1,107951E+2	2,228125E+3	1,137375E+2
2,229687E+3	6,572867E+1	2,229687E+3	7,708780E+1	2,229687E+3	8,634220E+1	2,229687E+3	9,645267E+1	2,229687E+3	1,062647E+2	2,229687E+3	1,113874E+2	2,229687E+3	1,139914E+2
2,231250E+3	6,568349E+1	2,231250E+3	7,689413E+1	2,231250E+3	8,774441E+1	2,231250E+3	9,650788E+1	2,231250E+3	1,056621E+2	2,231250E+3	1,102722E+2	2,231250E+3	1,143055E+2
2,232812E+3	6,630396E+1	2,232812E+3	7,730033E+1	2,232812E+3	8,804964E+1	2,232812E+3	9,507604E+1	2,232812E+3	1,047560E+2	2,232812E+3	1,102438E+2	2,232812E+3	1,137799E+2
2,234375E+3	6,633282E+1	2,234375E+3	7,768161E+1	2,234375E+3	8,750208E+1	2,234375E+3	9,586245E+1	2,234375E+3	1,062053E+2	2,234375E+3	1,093781E+2	2,234375E+3	1,137702E+2
2,235937E+3	6,543652E+1	2,235937E+3	7,750894E+1	2,235937E+3	8,748549E+1	2,235937E+3	9,681499E+1	2,235937E+3	1,066842E+2	2,235937E+3	1,096386E+2	2,235937E+3	1,133394E+2
2,237500E+3	6,833996E+1	2,237500E+3	7,695171E+1	2,237500E+3	8,655281E+1	2,237500E+3	9,755056E+1	2,237500E+3	1,055922E+2	2,237500E+3	1,113548E+2	2,237500E+3	1,142544E+2
2,239062E+3	6,735571E+1	2,239062E+3	7,602847E+1	2,239062E+3	8,566867E+1	2,239062E+3	9,722130E+1	2,239062E+3	1,057631E+2	2,239062E+3	1,106329E+2	2,239062E+3	1,157248E+2
2,240625E+3	6,701544E+1	2,240625E+3	7,686979E+1	2,240625E+3	8,707312E+1	2,240625E+3	9,788460E+1	2,240625E+3	1,063727E+2	2,240625E+3	1,098772E+2	2,240625E+3	1,156439E+2
2,242187E+3	6,829503E+1	2,242187E+3	7,732439E+1	2,242187E+3	8,786240E+1	2,242187E+3	9,803589E+1	2,242187E+3	1,057754E+2	2,242187E+3	1,094139E+2	2,242187E+3	1,148637E+2
2,243750E+3	6,730904E+1	2,243750E+3	7,720946E+1	2,243750E+3	8,722650E+1	2,243750E+3	9,659476E+1	2,243750E+3	1,067535E+2	2,243750E+3	1,101941E+2	2,243750E+3	1,142436E+2
2,245312E+3	6,712220E+1	2,245312E+3	7,774266E+1	2,245312E+3	8,772426E+1	2,245312E+3	9,696915E+1	2,245312E+3	1,070955E+2	2,245312E+3	1,109703E+2	2,245312E+3	1,138061E+2
2,246875E+3	6,810101E+1	2,246875E+3	7,713919E+1	2,246875E+3	8,764986E+1	2,246875E+3	9,727431E+1	2,246875E+3	1,061643E+2	2,246875E+3	1,109613E+2	2,246875E+3	1,140070E+2
2,248437E+3	6,758780E+1	2,248437E+3	7,732782E+1	2,248437E+3	8,771915E+1	2,248437E+3	9,720030E+1	2,248437E+3	1,069592E+2	2,248437E+3	1,109993E+2	2,248437E+3	1,145108E+2
2,250000E+3	6,680871E+1	2,250000E+3	7,647220E+1	2,250000E+3	8,756711E+1	2,250000E+3	9,769201E+1	2,250000E+3	1,061456E+2	2,250000E+3	1,102766E+2	2,250000E+3	1,136542E+2
2,251562E+3	6,764480E+1	2,251562E+3	7,829038E+1	2,251562E+3	8,760253E+1	2,251562E+3	9,701956E+1	2,251562E+3	1,051640E+2	2,251562E+3	1,108135E+2	2,251562E+3	1,127762E+2
2,253125E+3	6,704224E+1	2,253125E+3	7,792377E+1	2,253125E+3	8,794748E+1	2,253125E+3	9,739538E+1	2,253125E+3	1,059486E+2	2,253125E+3	1,093689E+2	2,253125E+3	1,141928E+2
2,254687E+3	6,715171E+1	2,254687E+3	7,709950E+1	2,254687E+3	8,764554E+1	2,254687E+3	9,714991E+1	2,254687E+3	1,067037E+2	2,254687E+3	1,105624E+2	2,254687E+3	1,142832E+2
2,256250E+3	6,738834E+1	2,256250E+3	7,742868E+1	2,256250E+3	8,731821E+1	2,256250E+3	9,703357E+1	2,256250E+3	1,059809E+2	2,256250E+3	1,107088E+2	2,256250E+3	1,132553E+2
2,257812E+3	6,795126E+1	2,257812E+3	7,809533E+1	2,257812E+3	8,832414E+1	2,257812E+3	9,665348E+1	2,257812E+3	1,065423E+2	2,257812E+3	1,109282E+2	2,257812E+3	1,146469E+2
2,259375E+3	6,895904E+1	2,259375E+3	7,930052E+1	2,259375E+3	8,764782E+1	2,259375E+3	9,755768E+1	2,259375E+3	1,071370E+2	2,259375E+3	1,108330E+2	2,259375E+3	1,152216E+2
2,260937E+3	6,886901E+1	2,260937E+3	7,913884E+1	2,260937E+3	8,790741E+1	2,260937E+3	9,893063E+1	2,260937E+3	1,065243E+2	2,260937E+3	1,103324E+2	2,260937E+3	1,148431E+2
2,262500E+3	6,846974E+1	2,262500E+3	7,754148E+1	2,262500E+3	8,929001E+1	2,262500E+3	9,857516E+1	2,262500E+3	1,072516E+2	2,262500E+3	1,115753E+2	2,262500E+3	1,157835E+2
2,264062E+3	6,778820E+1	2,264062E+3	7,752346E+1	2,264062E+3	8,860308E+1	2,264062E+3	9,747204E+1	2,264062E+3	1,066134E+2	2,264062E+3	1,115480E+2	2,264062E+3	1,150367E+2
2,265625E+3	6,851099E+1	2,265625E+3	7,821280E+1	2,265625E+3	8,865270E+1	2,265625E+3	9,833517E+1	2,265625E+3	1,061179E+2	2,265625E+3	1,112135E+2	2,265625E+3	1,153310E+2
2,267187E+3	6,938622E+1	2,267187E+3	7,863722E+1	2,267187E+3	8,974355E+1	2,267187E+3	9,723972E+1	2,267187E+3	1,059565E+2	2,267187E+3	1,110751E+2	2,267187E+3	1,150735E+2
2,268750E+3	6,958460E+1	2,268750E+3	7,852675E+1	2,268750E+3	9,015693E+1	2,268750E+3	9,736621E+1	2,268750E+3	1,054758E+2	2,268750E+3	1,115028E+2	2,268750E+3	1,153564E+2
2,270312E+3	6,964297E+1	2,270312E+3	7,903136E+1	2,270312E+3	8,909389E+1	2,270312E+3	9,778427E+1	2,270312E+3	1,066656E+2	2,270312E+3	1,112599E+2	2,270312E+3	1,143013E+2
2,271875E+3	6,969000E+1	2,271875E+3	7,851324E+1	2,271875E+3	8,833162E+1	2,271875E+3	9,812463E+1	2,271875E+3	1,072865E+2	2,271875E+3	1,112808E+2	2,271875E+3	1,133204E+2
2,273437E+3	6,855878E+1	2,273437E+3	7,889337E+1	2,273437E+3	8,705883E+1	2,273437E+3	9,868030E+1	2,273437E+3	1,076920E+2	2,273437E+3	1,104504E+2	2,273437E+3	1,138766E+2
2,275000E+3	6,823862E+1	2,275000E+3	7,761674E+1	2,275000E+3	8,745226E+1	2,275000E+3	9,846792E+1	2,275000E+3	1,072219E+2	2,275000E+3	1,105059E+2	2,275000E+3	1,132255E+2
2,276562E+3	6,762067E+1	2,276562E+3	7,793814E+1	2,276562E+3	8,832741E+1	2,276562E+3	9,827233E+1	2,276562E+3	1,070767E+2	2,276562E+3	1,098613E+2	2,276562E+3	1,144080E+2
2,278125E+3	7,267003E+1	2,278125E+3	7,864238E+1	2,278125E+3	8,845768E+1	2,278125E+3	9,809637E+1	2,278125E+3	1,060452E+2	2,278125E+3	1,105074E+2	2,278125E+3	1,147051E+2
2,279687E+3	7,569982E+1	2,279687E+3	7,974199E+1	2,279687E+3	8,915642E+1	2,279687E+3	9,868806E+1	2,279687E+3	1,062267E+2	2,279687E+3	1,105904E+2	2,279687E+3	1,141925E+2
2,281250E+3	7,504303E+1	2,281250E+3	8,007491E+1	2,281250E+3	8,802470E+1	2,281250E+3	9,815613E+1	2,281250E+3	1,060237E+2	2,281250E+3	1,105683E+2	2,281250E+3	1,145466E+2
2,282812E+3	7,078892E+1	2,282812E+3	7,951277E+1	2,282812E+3	8,874825E+1	2,282812E+3	9,731088E+1	2,282812E+3	1,061254E+2	2,282812E+3	1,107391E+2	2,282812E+3	1,137827E+2
2,284375E+3	6,808727E+1	2,284375E+3	7,831480E+1	2,284375E+3	8,837541E+1	2,284375E+3	9,753087E+1	2,284375E+3	1,058854E+2	2,284375E+3	1,108706E+2	2,284375E+3	1,129640E+2
2,285937E+3	6,851879E+1	2,285937E+3	7,789970E+1	2,285937E+3	8,807558E+1	2,285937E+3	9,812233E+1	2,285937E+3	1,066380E+2	2,285937E+3	1,099523E+2	2,285937E+3	1,144642E+2
2,287500E+3	6,843686E+1	2,287500E+3	7,827700E+1	2,287500E+3	8,709455E+1	2,287500E+3	9,917519E+1	2,287500E+3	1,066543E+2	2,287500E+3	1,098153E+2	2,287500E+3	1,129205E+2
2,289062E+3	6,803626E+1	2,289062E+3	7,845091E+1	2,289062E+3	8,708756E+1	2,289062E+3	9,849957E+1	2,289062E+3	1,068292E+2	2,289062E+3	1,106555E+2	2,289062E+3	1,120138E+2
2,290625E+3	6,842631E+1	2,290625E+3	7,877867E+1	2,290625E+3	8,714561E+1	2,290625E+3	9,792197E+1	2,290625E+3	1,064489E+2	2,290625E+3	1,110330E+2	2,290625E+3	1,128858E+2
2,292187E+3	6,738373E+1	2,292187E+3	7,890720E+1	2,292187E+3	8,778546E+1	2,292187E+3	9,743237E+1	2,292187E+3	1,067003E+2	2,292187E+3	1,102015E+2	2,292187E+3	1,128506E+2
2,293750E+3	6,762561E+1	2,293750E+3	7,791067E+1	2,293750E+3	8,793578E+1	2,293750E+3	9,778098E+1	2,293750E+3	1,050446E+2	2,293750E+3	1,087909E+2	2,293750E+3	1,127731E+2
2,295312E+3	6,756915E+1	2,295312E+3	7,635275E+1	2,295312E+3	8,791880E+1	2,295312E+3	9,770084E+1	2,295312E+3	1,047928E+2	2,295312E+3	1,091902E+2	2,295312E+3	1,124126E+2
2,296875E+3	6,703186E+1	2,296875E+3	7,719834E+1	2,296875E+3	8,692656E+1	2,296875E+3	9,745222E+1	2,296875E+3	1,054294E+2	2,296875E+3	1,099891E+2	2,296875E+3	1,125410E+2
2,298437E+3	6,589494E+1	2,298437E+3	7,660422E+1	2,298437E+3	8,658825E+1	2,298437E+3	9,605493E+1	2,298437E+3	1,052239E+2	2,298437E+3	1,106079E+2	2,298437E+3	1,130197E+2
2,300000E+3	6,637955E+1	2,300000E+3	7,634842E+1	2,300000E+3	8,730218E+1	2,300000E+3	9,626247E+1	2,300000E+3	1,046628E+2	2,300000E+3	1,102503E+2	2,300000E+3	1,134188E+2
2,301562E+3	6,674797E+1	2,301562E+3	7,596748E+1	2,301562E+3	8,662633E+1	2,301562E+3	9,654451E+1	2,301562E+3	1,042740E+2	2,301562E+3	1,090925E+2	2,301562E+3	1,137265E+2
2,303125E+3	6,746033E+1	2,303125E+3	7,611958E+1	2,303125E+3	8,613972E+1	2,303125E+3	9,595624E+1	2,303125E+3	1,045922E+2	2,303125E+3	1,087439E+2	2,303125E+3	1,130862E+2
2,304687E+3	6,692650E+1	2,304687E+3	7,575222E+1	2,304687E+3	8,541223E+1	2,304687E+3	9,521401E+1	2,304687E+3	1,046495E+2	2,304687E+3	1,091605E+2	2,304687E+3	1,123294E+2
2,306250E+3	6,586568E+1	2,306250E+3	7,610315E+1	2,306250E+3	8,566203E+1	2,306250E+3	9,560166E+1	2,306250E+3	1,053117E+2	2,306250E+3	1,091769E+2	2,306250E+3	1,132111E+2
2,307812E+3	6,699607E+1	2,307812E+3	7,504589E+1	2,307812E+3	8,522058E+1	2,307812E+3	9,569708E+1	2,307812E+3	1,051973E+2	2,307812E+3	1,084361E+2	2,307812E+3	1,126360E+2
2,309375E+3	6,718201E+1	2,309375E+3	7,545931E+1	2,309375E+3	8,493156E+1	2,309375E+3	9,552417E+1	2,309375E+3	1,041681E+2	2,309375E+3	1,089233E+2	2,309375E+3	1,118933E+2
2,310937E+3	6,527786E+1	2,310937E+3	7,514172E+1	2,310937E+3	8,642673E+1	2,310937E+3	9,462218E+1	2,310937E+3	1,044682E+2	2,310937E+3	1,092693E+2	2,310937E+3	1,112821E+2
2,312500E+3	6,452712E+1	2,312500E+3	7,436428E+1	2,312500E+3	8,581210E+1	2,312500E+3	9,538274E+1	2,312500E+3	1,040440E+2	2,312500E+3	1,085266E+2	2,312500E+3	1,115495E+2
2,314062E+3	6,456388E+1	2,314062E+3	7,468860E+1	2,314062E+3	8,407806E+1	2,314062E+3	9,486522E+1	2,314062E+3	1,043107E+2	2,314062E+3	1,081630E+2	2,314062E+3	1,113130E+2
2,315625E+3	6,469699E+1	2,315625E+3	7,411875E+1	2,315625E+3	8,345103E+1	2,315625E+3	9,540161E+1	2,315625E+3	1,042435E+2	2,315625E+3	1,078409E+2	2,315625E+3	1,111704E+2
2,317187E+3	6,488357E+1	2,317187E+3	7,440291E+1	2,317187E+3	8,458365E+1	2,317187E+3	9,481608E+1	2,317187E+3	1,031359E+2	2,317187E+3	1,067880E+2	2,317187E+3	1,110687E+2
2,318750E+3	6,426797E+1	2,318750E+3	7,451415E+1	2,318750E+3	8,457564E+1	2,318750E+3	9,367363E+1	2,318750E+3	1,022489E+2	2,318750E+3	1,065803E+2	2,318750E+3	1,109407E+2
2,320312E+3	6,385014E+1	2,320312E+3	7,334143E+1	2,320312E+3	8,313244E+1	2,320312E+3	9,261113E+1	2,320312E+3	1,031558E+2	2,320312E+3	1,073826E+2	2,320312E+3	1,116651E+2
2,321875E+3	6,390651E+1	2,321875E+3	7,333783E+1	2,321875E+3	8,390449E+1	2,321875E+3	9,354192E+1	2,321875E+3	1,031255E+2	2,321875E+3	1,077566E+2	2,321875E+3	1,103678E+2
2,323437E+3	6,363544E+1	2,323437E+3	7,373346E+1	2,323437E+3	8,419911E+1	2,323437E+3	9,366332E+1	2,323437E+3	1,032287E+2	2,323437E+3	1,070613E+2	2,323437E+3	1,101690E+2
2,325000E+3	6,207333E+1	2,325000E+3	7,306863E+1	2,325000E+3	8,344338E+1	2,325000E+3	9,324107E+1	2,325000E+3	1,033404E+2	2,325000E+3	1,067915E+2	2,325000E+3	1,101475E+2
2,326562E+3	6,198851E+1	2,326562E+3	7,220041E+1	2,326562E+3	8,347505E+1	2,326562E+3	9,337892E+1	2,326562E+3	1,027832E+2	2,326562E+3	1,074205E+2	2,326562E+3	1,110810E+2
2,328125E+3	6,284525E+1	2,328125E+3	7,221167E+1	2,328125E+3	8,307803E+1	2,328125E+3	9,318428E+1	2,328125E+3	1,028082E+2	2,328125E+3	1,065010E+2	2,328125E+3	1,111029E+2
2,329687E+3	6,344525E+1	2,329687E+3	7,221444E+1	2,329687E+3	8,373951E+1	2,329687E+3	9,286204E+1	2,329687E+3	1,026129E+2	2,329687E+3	1,061110E+2	2,329687E+3	1,105843E+2
2,331250E+3	6,207962E+1	2,331250E+3	7,192928E+1	2,331250E+3	8,387711E+1	2,331250E+3	9,340231E+1	2,331250E+3	1,018099E+2	2,331250E+3	1,058277E+2	2,331250E+3	1,102005E+2
2,332812E+3	6,107510E+1	2,332812E+3	7,259130E+1	2,332812E+3	8,220675E+1	2,332812E+3	9,358496E+1	2,332812E+3	1,023379E+2	2,332812E+3	1,065754E+2	2,332812E+3	1,103230E+2
2,334375E+3	6,233405E+1	2,334375E+3	7,208119E+1	2,334375E+3	8,203774E+1	2,334375E+3	9,323370E+1	2,334375E+3	1,019251E+2	2,334375E+3	1,070457E+2	2,334375E+3	1,104523E+2
2,335937E+3	6,274563E+1	2,335937E+3	7,190869E+1	2,335937E+3	8,269349E+1	2,335937E+3	9,270389E+1	2,335937E+3	1,023584E+2	2,335937E+3	1,071867E+2	2,335937E+3	1,100310E+2
2,337500E+3	6,270342E+1	2,337500E+3	7,113535E+1	2,337500E+3	8,253710E+1	2,337500E+3	9,166634E+1	2,337500E+3	1,030706E+2	2,337500E+3	1,061023E+2	2,337500E+3	1,113555E+2
2,339062E+3	6,646491E+1	2,339062E+3	7,157904E+1	2,339062E+3	8,199759E+1	2,339062E+3	9,209660E+1	2,339062E+3	1,015828E+2	2,339062E+3	1,062364E+2	2,339062E+3	1,101212E+2
2,340625E+3	6,798801E+1	2,340625E+3	7,250872E+1	2,340625E+3	8,230558E+1	2,340625E+3	9,249997E+1	2,340625E+3	1,012346E+2	2,340625E+3	1,065599E+2	2,340625E+3	1,098662E+2
2,342187E+3	6,494456E+1	2,342187E+3	7,168041E+1	2,342187E+3	8,052217E+1	2,342187E+3	9,140894E+1	2,342187E+3	1,006283E+2	2,342187E+3	1,068439E+2	2,342187E+3	1,095045E+2
2,343750E+3	6,153323E+1	2,343750E+3	6,996028E+1	2,343750E+3	8,149176E+1	2,343750E+3	9,116638E+1	2,343750E+3	1,023469E+2	2,343750E+3	1,076561E+2	2,343750E+3	1,094248E+2
2,345312E+3	6,164289E+1	2,345312E+3	7,053295E+1	2,345312E+3	8,093145E+1	2,345312E+3	9,005457E+1	2,345312E+3	1,013863E+2	2,345312E+3	1,068513E+2	2,345312E+3	1,100279E+2
2,346875E+3	6,029866E+1	2,346875E+3	7,000535E+1	2,346875E+3	8,113100E+1	2,346875E+3	9,072421E+1	2,346875E+3	1,007381E+2	2,346875E+3	1,047439E+2	2,346875E+3	1,099041E+2
2,348437E+3	5,962021E+1	2,348437E+3	7,011198E+1	2,348437E+3	8,057588E+1	2,348437E+3	9,099396E+1	2,348437E+3	1,012466E+2	2,348437E+3	1,047359E+2	2,348437E+3	1,089642E+2
2,350000E+3	5,909885E+1	2,350000E+3	7,063222E+1	2,350000E+3	8,047928E+1	2,350000E+3	9,005812E+1	2,350000E+3	1,009347E+2	2,350000E+3	1,060580E+2	2,350000E+3	1,099518E+2
2,351562E+3	6,000894E+1	2,351562E+3	7,017169E+1	2,351562E+3	7,991415E+1	2,351562E+3	8,999808E+1	2,351562E+3	9,961775E+1	2,351562E+3	1,066257E+2	2,351562E+3	1,104827E+2
2,353125E+3	5,977546E+1	2,353125E+3	7,039450E+1	2,353125E+3	7,972081E+1	2,353125E+3	8,982754E+1	2,353125E+3	9,980223E+1	2,353125E+3	1,047814E+2	2,353125E+3	1,097991E+2
2,354687E+3	5,927337E+1	2,354687E+3	7,055692E+1	2,354687E+3	7,979004E+1	2,354687E+3	9,014889E+1	2,354687E+3	1,008565E+2	2,354687E+3	1,042559E+2	2,354687E+3	1,099220E+2
2,356250E+3	5,938239E+1	2,356250E+3	6,979586E+1	2,356250E+3	7,941014E+1	2,356250E+3	8,945442E+1	2,356250E+3	1,012396E+2	2,356250E+3	1,040088E+2	2,356250E+3	1,102920E+2
2,357812E+3	6,032850E+1	2,357812E+3	6,921119E+1	2,357812E+3	8,025833E+1	2,357812E+3	8,874900E+1	2,357812E+3	1,006439E+2	2,357812E+3	1,046976E+2	2,357812E+3	1,104178E+2
2,359375E+3	6,028586E+1	2,359375E+3	6,932986E+1	2,359375E+3	8,009628E+1	2,359375E+3	8,970816E+1	2,359375E+3	1,001712E+2	2,359375E+3	1,055162E+2	2,359375E+3	1,105724E+2
2,360937E+3	5,890361E+1	2,360937E+3	6,938264E+1	2,360937E+3	7,993758E+1	2,360937E+3	8,876491E+1	2,360937E+3	1,003673E+2	2,360937E+3	1,050591E+2	2,360937E+3	1,107864E+2
2,362500E+3	5,868745E+1	2,362500E+3	6,955682E+1	2,362500E+3	7,919090E+1	2,362500E+3	8,940096E+1	2,362500E+3	9,981406E+1	2,362500E+3	1,051401E+2	2,362500E+3	1,100416E+2
2,364062E+3	5,971215E+1	2,364062E+3	6,955764E+1	2,364062E+3	7,926702E+1	2,364062E+3	8,924982E+1	2,364062E+3	9,898034E+1	2,364062E+3	1,041848E+2	2,364062E+3	1,095783E+2
2,365625E+3	5,907992E+1	2,365625E+3	6,966179E+1	2,365625E+3	7,906714E+1	2,365625E+3	8,886364E+1	2,365625E+3	9,922179E+1	2,365625E+3	1,048121E+2	2,365625E+3	1,093457E+2
2,367187E+3	5,920515E+1	2,367187E+3	6,885177E+1	2,367187E+3	7,871360E+1	2,367187E+3	8,978443E+1	2,367187E+3	9,892799E+1	2,367187E+3	1,054054E+2	2,367187E+3	1,102108E+2
2,368750E+3	5,945062E+1	2,368750E+3	6,864137E+1	2,368750E+3	7,788687E+1	2,368750E+3	8,953718E+1	2,368750E+3	9,777412E+1	2,368750E+3	1,048614E+2	2,368750E+3	1,097267E+2
2,370312E+3	5,941780E+1	2,370312E+3	6,943314E+1	2,370312E+3	7,744251E+1	2,370312E+3	8,975900E+1	2,370312E+3	1,002432E+2	2,370312E+3	1,047210E+2	2,370312E+3	1,099018E+2
2,371875E+3	5,905168E+1	2,371875E+3	6,884635E+1	2,371875E+3	7,777629E+1	2,371875E+3	8,867054E+1	2,371875E+3	1,004784E+2	2,371875E+3	1,056952E+2	2,371875E+3	1,104987E+2
2,373437E+3	5,901886E+1	2,373437E+3	6,813113E+1	2,373437E+3	7,926821E+1	2,373437E+3	8,865557E+1	2,373437E+3	9,970167E+1	2,373437E+3	1,051920E+2	2,373437E+3	1,110545E+2
2,375000E+3	5,855234E+1	2,375000E+3	6,758867E+1	2,375000E+3	7,844251E+1	2,375000E+3	9,005436E+1	2,375000E+3	9,890865E+1	2,375000E+3	1,043786E+2	2,375000E+3	1,107606E+2
2,376562E+3	5,866172E+1	2,376562E+3	6,782695E+1	2,376562E+3	7,800488E+1	2,376562E+3	8,948763E+1	2,376562E+3	9,804895E+1	2,376562E+3	1,048422E+2	2,376562E+3	1,094192E+2
2,378125E+3	5,922707E+1	2,378125E+3	6,776381E+1	2,378125E+3	7,721166E+1	2,378125E+3	8,905035E+1	2,378125E+3	9,882341E+1	2,378125E+3	1,049373E+2	2,378125E+3	1,095275E+2
2,379687E+3	5,916100E+1	2,379687E+3	6,809501E+1	2,379687E+3	7,708169E+1	2,379687E+3	8,911937E+1	2,379687E+3	9,971858E+1	2,379687E+3	1,040306E+2	2,379687E+3	1,094982E+2
2,381250E+3	5,893389E+1	2,381250E+3	6,866657E+1	2,381250E+3	7,876553E+1	2,381250E+3	8,861798E+1	2,381250E+3	1,003295E+2	2,381250E+3	1,048986E+2	2,381250E+3	1,095481E+2
2,382812E+3	5,898227E+1	2,382812E+3	6,927615E+1	2,382812E+3	7,918128E+1	2,382812E+3	8,835145E+1	2,382812E+3	1,005435E+2	2,382812E+3	1,049038E+2	2,382812E+3	1,104752E+2
2,384375E+3	5,864031E+1	2,384375E+3	6,857218E+1	2,384375E+3	7,863221E+1	2,384375E+3	8,801171E+1	2,384375E+3	1,000559E+2	2,384375E+3	1,052434E+2	2,384375E+3	1,103287E+2
2,385937E+3	5,807369E+1	2,385937E+3	6,797328E+1	2,385937E+3	7,897451E+1	2,385937E+3	8,899579E+1	2,385937E+3	9,994770E+1	2,385937E+3	1,046633E+2	2,385937E+3	1,093727E+2
2,387500E+3	5,776893E+1	2,387500E+3	6,814884E+1	2,387500E+3	7,913770E+1	2,387500E+3	8,801286E+1	2,387500E+3	1,003333E+2	2,387500E+3	1,048311E+2	2,387500E+3	1,081038E+2
2,389062E+3	5,776733E+1	2,389062E+3	6,771880E+1	2,389062E+3	7,757832E+1	2,389062E+3	8,891227E+1	2,389062E+3	9,930603E+1	2,389062E+3	1,050402E+2	2,389062E+3	1,087894E+2
2,390625E+3	5,780162E+1	2,390625E+3	6,623380E+1	2,390625E+3	7,753132E+1	2,390625E+3	8,799838E+1	2,390625E+3	9,873021E+1	2,390625E+3	1,049514E+2	2,390625E+3	1,096078E+2
2,392187E+3	5,819718E+1	2,392187E+3	6,837473E+1	2,392187E+3	7,819082E+1	2,392187E+3	8,861877E+1	2,392187E+3	9,937503E+1	2,392187E+3	1,049751E+2	2,392187E+3	1,095198E+2
2,393750E+3	5,750827E+1	2,393750E+3	6,905805E+1	2,393750E+3	7,808686E+1	2,393750E+3	8,908986E+1	2,393750E+3	9,955585E+1	2,393750E+3	1,053052E+2	2,393750E+3	1,100023E+2
2,395312E+3	5,802780E+1	2,395312E+3	6,846518E+1	2,395312E+3	7,766884E+1	2,395312E+3	8,895213E+1	2,395312E+3	9,943292E+1	2,395312E+3	1,053137E+2	2,395312E+3	1,093031E+2
2,396875E+3	5,971048E+1	2,396875E+3	6,795936E+1	2,396875E+3	7,742896E+1	2,396875E+3	8,892550E+1	2,396875E+3	9,948227E+1	2,396875E+3	1,051063E+2	2,396875E+3	1,094229E+2
2,398437E+3	6,242621E+1	2,398437E+3	6,897711E+1	2,398437E+3	7,761937E+1	2,398437E+3	8,878064E+1	2,398437E+3	9,912602E+1	2,398437E+3	1,065157E+2	2,398437E+3	1,104861E+2
2,400000E+3	6,583502E+1	2,400000E+3	7,016642E+1	2,400000E+3	7,825730E+1	2,400000E+3	8,828364E+1	2,400000E+3	9,820598E+1	2,400000E+3	1,064986E+2	2,400000E+3	1,107016E+2
2,401562E+3	6,473262E+1	2,401562E+3	6,957778E+1	2,401562E+3	7,799383E+1	2,401562E+3	8,942122E+1	2,401562E+3	9,872197E+1	2,401562E+3	1,053308E+2	2,401562E+3	1,117241E+2
2,403125E+3	5,793027E+1	2,403125E+3	6,803602E+1	2,403125E+3	7,813573E+1	2,403125E+3	8,913444E+1	2,403125E+3	9,981036E+1	2,403125E+3	1,056394E+2	2,403125E+3	1,110776E+2
2,404687E+3	5,821684E+1	2,404687E+3	6,712317E+1	2,404687E+3	7,881134E+1	2,404687E+3	8,866336E+1	2,404687E+3	9,977257E+1	2,404687E+3	1,060725E+2	2,404687E+3	1,106970E+2
2,406250E+3	5,730196E+1	2,406250E+3	6,843471E+1	2,406250E+3	7,909475E+1	2,406250E+3	8,826726E+1	2,406250E+3	9,998375E+1	2,406250E+3	1,051728E+2	2,406250E+3	1,112710E+2
2,407812E+3	5,778345E+1	2,407812E+3	6,825575E+1	2,407812E+3	7,864513E+1	2,407812E+3	8,824968E+1	2,407812E+3	9,983053E+1	2,407812E+3	1,040772E+2	2,407812E+3	1,108405E+2
2,409375E+3	5,813920E+1	2,409375E+3	6,756019E+1	2,409375E+3	7,861533E+1	2,409375E+3	8,824639E+1	2,409375E+3	9,931061E+1	2,409375E+3	1,049875E+2	2,409375E+3	1,096237E+2
2,410937E+3	5,742410E+1	2,410937E+3	6,805983E+1	2,410937E+3	7,828137E+1	2,410937E+3	8,816547E+1	2,410937E+3	9,984971E+1	2,410937E+3	1,053964E+2	2,410937E+3	1,099373E+2
2,412500E+3	5,823169E+1	2,412500E+3	6,873963E+1	2,412500E+3	7,759749E+1	2,412500E+3	8,855045E+1	2,412500E+3	1,004111E+2	2,412500E+3	1,046825E+2	2,412500E+3	1,103078E+2
2,414062E+3	5,747079E+1	2,414062E+3	6,838795E+1	2,414062E+3	7,806301E+1	2,414062E+3	8,814112E+1	2,414062E+3	9,949641E+1	2,414062E+3	1,046988E+2	2,414062E+3	1,111272E+2
2,415625E+3	5,820880E+1	2,415625E+3	6,895717E+1	2,415625E+3	7,913880E+1	2,415625E+3	8,899283E+1	2,415625E+3	9,884059E+1	2,415625E+3	1,061691E+2	2,415625E+3	1,111759E+2
2,417187E+3	5,902696E+1	2,417187E+3	6,945438E+1	2,417187E+3	7,897364E+1	2,417187E+3	8,900072E+1	2,417187E+3	9,938565E+1	2,417187E+3	1,058058E+2	2,417187E+3	1,102496E+2
2,418750E+3	5,969636E+1	2,418750E+3	6,937835E+1	2,418750E+3	7,814939E+1	2,418750E+3	8,949270E+1	2,418750E+3	9,996909E+1	2,418750E+3	1,060967E+2	2,418750E+3	1,112519E+2
2,420312E+3	5,922410E+1	2,420312E+3	6,863252E+1	2,420312E+3	7,917689E+1	2,420312E+3	8,948603E+1	2,420312E+3	1,002915E+2	2,420312E+3	1,066641E+2	2,420312E+3	1,125545E+2
2,421875E+3	5,994016E+1	2,421875E+3	6,913351E+1	2,421875E+3	8,024068E+1	2,421875E+3	8,872511E+1	2,421875E+3	1,000026E+2	2,421875E+3	1,050230E+2	2,421875E+3	1,109481E+2
2,423437E+3	5,931803E+1	2,423437E+3	6,942351E+1	2,423437E+3	7,843027E+1	2,423437E+3	8,942970E+1	2,423437E+3	1,004099E+2	2,423437E+3	1,044791E+2	2,423437E+3	1,108487E+2
2,425000E+3	5,961543E+1	2,425000E+3	7,008799E+1	2,425000E+3	7,940672E+1	2,425000E+3	8,912032E+1	2,425000E+3	1,000659E+2	2,425000E+3	1,050605E+2	2,425000E+3	1,105977E+2
2,426562E+3	5,948192E+1	2,426562E+3	6,969106E+1	2,426562E+3	8,048973E+1	2,426562E+3	9,020664E+1	2,426562E+3	9,964750E+1	2,426562E+3	1,051366E+2	2,426562E+3	1,103440E+2
2,428125E+3	6,014564E+1	2,428125E+3	6,879413E+1	2,428125E+3	7,977274E+1	2,428125E+3	8,981936E+1	2,428125E+3	9,907037E+1	2,428125E+3	1,056135E+2	2,428125E+3	1,106662E+2
2,429687E+3	5,906411E+1	2,429687E+3	6,960796E+1	2,429687E+3	7,940798E+1	2,429687E+3	9,026231E+1	2,429687E+3	1,002159E+2	2,429687E+3	1,063843E+2	2,429687E+3	1,108697E+2
2,431250E+3	5,900562E+1	2,431250E+3	6,886917E+1	2,431250E+3	8,011323E+1	2,431250E+3	9,008864E+1	2,431250E+3	1,010229E+2	2,431250E+3	1,061623E+2	2,431250E+3	1,109782E+2
2,432812E+3	5,942511E+1	2,432812E+3	6,921454E+1	2,432812E+3	8,100621E+1	2,432812E+3	8,915655E+1	2,432812E+3	1,007857E+2	2,432812E+3	1,059791E+2	2,432812E+3	1,108688E+2
2,434375E+3	5,947592E+1	2,434375E+3	7,046934E+1	2,434375E+3	8,019579E+1	2,434375E+3	8,861486E+1	2,434375E+3	1,001030E+2	2,434375E+3	1,057991E+2	2,434375E+3	1,116053E+2
2,435937E+3	5,945814E+1	2,435937E+3	7,054758E+1	2,435937E+3	8,081076E+1	2,435937E+3	8,921748E+1	2,435937E+3	1,008603E+2	2,435937E+3	1,056942E+2	2,435937E+3	1,113251E+2
2,437500E+3	5,933685E+1	2,437500E+3	7,036851E+1	2,437500E+3	8,071571E+1	2,437500E+3	8,945779E+1	2,437500E+3	1,004694E+2	2,437500E+3	1,057765E+2	2,437500E+3	1,107686E+2
2,439062E+3	6,035692E+1	2,439062E+3	7,032762E+1	2,439062E+3	7,920781E+1	2,439062E+3	8,939337E+1	2,439062E+3	1,002010E+2	2,439062E+3	1,062772E+2	2,439062E+3	1,097505E+2
2,440625E+3	6,071433E+1	2,440625E+3	6,952567E+1	2,440625E+3	8,051214E+1	2,440625E+3	8,911627E+1	2,440625E+3	1,000771E+2	2,440625E+3	1,065881E+2	2,440625E+3	1,090297E+2
2,442187E+3	6,125763E+1	2,442187E+3	7,059612E+1	2,442187E+3	8,118436E+1	2,442187E+3	8,979781E+1	2,442187E+3	1,000792E+2	2,442187E+3	1,061113E+2	2,442187E+3	1,102930E+2
2,443750E+3	6,011756E+1	2,443750E+3	7,081695E+1	2,443750E+3	8,085989E+1	2,443750E+3	8,992519E+1	2,443750E+3	1,001403E+2	2,443750E+3	1,065244E+2	2,443750E+3	1,113100E+2
2,445312E+3	6,034346E+1	2,445312E+3	7,098474E+1	2,445312E+3	8,097776E+1	2,445312E+3	9,085719E+1	2,445312E+3	9,959437E+1	2,445312E+3	1,062167E+2	2,445312E+3	1,103602E+2
2,446875E+3	6,024059E+1	2,446875E+3	7,040293E+1	2,446875E+3	8,039303E+1	2,446875E+3	9,086211E+1	2,446875E+3	1,002065E+2	2,446875E+3	1,062511E+2	2,446875E+3	1,115782E+2
2,448437E+3	6,031616E+1	2,448437E+3	7,054602E+1	2,448437E+3	8,068152E+1	2,448437E+3	9,036704E+1	2,448437E+3	1,011009E+2	2,448437E+3	1,072410E+2	2,448437E+3	1,119068E+2
2,450000E+3	6,091914E+1	2,450000E+3	7,027063E+1	2,450000E+3	8,119168E+1	2,450000E+3	9,078321E+1	2,450000E+3	1,011854E+2	2,450000E+3	1,067769E+2	2,450000E+3	1,106560E+2
2,451562E+3	6,008065E+1	2,451562E+3	7,137676E+1	2,451562E+3	8,179160E+1	2,451562E+3	9,109730E+1	2,451562E+3	1,013663E+2	2,451562E+3	1,059583E+2	2,451562E+3	1,111931E+2
2,453125E+3	5,964387E+1	2,453125E+3	7,119808E+1	2,453125E+3	8,175937E+1	2,453125E+3	9,123569E+1	2,453125E+3	1,009382E+2	2,453125E+3	1,060372E+2	2,453125E+3	1,106111E+2
2,454687E+3	6,080950E+1	2,454687E+3	7,097435E+1	2,454687E+3	8,193448E+1	2,454687E+3	8,977928E+1	2,454687E+3	1,012281E+2	2,454687E+3	1,064740E+2	2,454687E+3	1,105635E+2
2,456250E+3	6,210840E+1	2,456250E+3	7,166447E+1	2,456250E+3	8,240560E+1	2,456250E+3	9,031826E+1	2,456250E+3	1,014727E+2	2,456250E+3	1,070147E+2	2,456250E+3	1,117088E+2
2,457812E+3	6,648500E+1	2,457812E+3	7,179735E+1	2,457812E+3	8,166690E+1	2,457812E+3	9,193015E+1	2,457812E+3	1,019414E+2	2,457812E+3	1,066117E+2	2,457812E+3	1,102164E+2
2,459375E+3	7,161919E+1	2,459375E+3	7,499380E+1	2,459375E+3	8,136678E+1	2,459375E+3	9,200675E+1	2,459375E+3	1,011789E+2	2,459375E+3	1,060580E+2	2,459375E+3	1,105480E+2
2,460937E+3	7,256051E+1	2,460937E+3	7,499492E+1	2,460937E+3	8,216737E+1	2,460937E+3	9,184492E+1	2,460937E+3	1,006138E+2	2,460937E+3	1,060408E+2	2,460937E+3	1,124520E+2
2,462500E+3	6,753340E+1	2,462500E+3	7,208590E+1	2,462500E+3	8,163681E+1	2,462500E+3	9,100689E+1	2,462500E+3	1,018588E+2	2,462500E+3	1,065400E+2	2,462500E+3	1,114344E+2
2,464062E+3	6,239904E+1	2,464062E+3	7,166370E+1	2,464062E+3	8,140668E+1	2,464062E+3	9,281770E+1	2,464062E+3	1,032622E+2	2,464062E+3	1,065168E+2	2,464062E+3	1,103949E+2
2,465625E+3	6,148913E+1	2,465625E+3	7,165173E+1	2,465625E+3	8,216097E+1	2,465625E+3	9,260708E+1	2,465625E+3	1,020958E+2	2,465625E+3	1,067719E+2	2,465625E+3	1,112628E+2
2,467187E+3	6,133754E+1	2,467187E+3	7,212793E+1	2,467187E+3	8,196872E+1	2,467187E+3	9,199503E+1	2,467187E+3	1,009863E+2	2,467187E+3	1,066051E+2	2,467187E+3	1,113365E+2
2,468750E+3	6,162981E+1	2,468750E+3	7,288009E+1	2,468750E+3	8,161218E+1	2,468750E+3	9,255691E+1	2,468750E+3	1,011475E+2	2,468750E+3	1,073527E+2	2,468750E+3	1,120039E+2
2,470312E+3	6,254124E+1	2,470312E+3	7,238532E+1	2,470312E+3	8,241901E+1	2,470312E+3	9,185566E+1	2,470312E+3	1,006650E+2	2,470312E+3	1,075700E+2	2,470312E+3	1,123738E+2
2,471875E+3	6,321609E+1	2,471875E+3	7,234199E+1	2,471875E+3	8,302280E+1	2,471875E+3	9,178750E+1	2,471875E+3	1,004367E+2	2,471875E+3	1,081283E+2	2,471875E+3	1,111358E+2
2,473437E+3	6,310098E+1	2,473437E+3	7,256538E+1	2,473437E+3	8,271937E+1	2,473437E+3	9,274390E+1	2,473437E+3	1,020025E+2	2,473437E+3	1,077662E+2	2,473437E+3	1,116132E+2
2,475000E+3	6,240886E+1	2,475000E+3	7,244390E+1	2,475000E+3	8,288975E+1	2,475000E+3	9,338680E+1	2,475000E+3	1,029132E+2	2,475000E+3	1,083330E+2	2,475000E+3	1,118135E+2
2,476562E+3	6,252643E+1	2,476562E+3	7,267069E+1	2,476562E+3	8,287780E+1	2,476562E+3	9,344891E+1	2,476562E+3	1,030113E+2	2,476562E+3	1,079701E+2	2,476562E+3	1,125335E+2
2,478125E+3	6,328521E+1	2,478125E+3	7,282566E+1	2,478125E+3	8,310531E+1	2,478125E+3	9,312278E+1	2,478125E+3	1,031129E+2	2,478125E+3	1,072846E+2	2,478125E+3	1,109356E+2
2,479687E+3	6,228395E+1	2,479687E+3	7,280551E+1	2,479687E+3	8,387760E+1	2,479687E+3	9,368460E+1	2,479687E+3	1,032485E+2	2,479687E+3	1,079549E+2	2,479687E+3	1,126376E+2
2,481250E+3	6,233680E+1	2,481250E+3	7,266206E+1	2,481250E+3	8,421496E+1	2,481250E+3	9,228303E+1	2,481250E+3	1,035542E+2	2,481250E+3	1,083571E+2	2,481250E+3	1,126108E+2
2,482812E+3	6,283379E+1	2,482812E+3	7,337505E+1	2,482812E+3	8,288836E+1	2,482812E+3	9,336079E+1	2,482812E+3	1,038150E+2	2,482812E+3	1,082765E+2	2,482812E+3	1,119599E+2
2,484375E+3	6,216923E+1	2,484375E+3	7,500947E+1	2,484375E+3	8,413320E+1	2,484375E+3	9,381616E+1	2,484375E+3	1,041112E+2	2,484375E+3	1,077212E+2	2,484375E+3	1,118567E+2
2,485937E+3	6,254490E+1	2,485937E+3	7,382421E+1	2,485937E+3	8,433233E+1	2,485937E+3	9,456297E+1	2,485937E+3	1,029493E+2	2,485937E+3	1,072783E+2	2,485937E+3	1,122404E+2
2,487500E+3	6,328081E+1	2,487500E+3	7,422124E+1	2,487500E+3	8,389772E+1	2,487500E+3	9,379161E+1	2,487500E+3	1,030104E+2	2,487500E+3	1,077430E+2	2,487500E+3	1,121192E+2
2,489062E+3	6,290619E+1	2,489062E+3	7,490874E+1	2,489062E+3	8,415389E+1	2,489062E+3	9,412329E+1	2,489062E+3	1,038053E+2	2,489062E+3	1,085880E+2	2,489062E+3	1,131550E+2
2,490625E+3	6,432235E+1	2,490625E+3	7,409562E+1	2,490625E+3	8,410687E+1	2,490625E+3	9,509329E+1	2,490625E+3	1,029357E+2	2,490625E+3	1,098639E+2	2,490625E+3	1,137560E+2
2,492187E+3	6,485467E+1	2,492187E+3	7,374429E+1	2,492187E+3	8,369425E+1	2,492187E+3	9,445377E+1	2,492187E+3	1,030026E+2	2,492187E+3	1,098805E+2	2,492187E+3	1,133523E+2
2,493750E+3	6,493210E+1	2,493750E+3	7,428266E+1	2,493750E+3	8,428801E+1	2,493750E+3	9,484148E+1	2,493750E+3	1,032668E+2	2,493750E+3	1,099999E+2	2,493750E+3	1,140669E+2
2,495312E+3	6,458419E+1	2,495312E+3	7,522221E+1	2,495312E+3	8,521016E+1	2,495312E+3	9,450871E+1	2,495312E+3	1,031657E+2	2,495312E+3	1,096963E+2	2,495312E+3	1,137399E+2
2,496875E+3	6,344010E+1	2,496875E+3	7,558638E+1	2,496875E+3	8,537400E+1	2,496875E+3	9,512469E+1	2,496875E+3	1,044923E+2	2,496875E+3	1,099162E+2	2,496875E+3	1,136128E+2
2,498437E+3	6,509498E+1	2,498437E+3	7,532001E+1	2,498437E+3	8,377438E+1	2,498437E+3	9,396306E+1	2,498437E+3	1,044558E+2	2,498437E+3	1,095052E+2	2,498437E+3	1,130215E+2
2,500000E+3	6,616103E+1	2,500000E+3	7,560857E+1	2,500000E+3	8,403592E+1	2,500000E+3	9,471329E+1	2,500000E+3	1,049588E+2	2,500000E+3	1,094542E+2	2,500000E+3	1,131721E+2
2,501562E+3	6,553011E+1	2,501562E+3	7,538486E+1	2,501562E+3	8,390321E+1	2,501562E+3	9,503623E+1	2,501562E+3	1,053119E+2	2,501562E+3	1,091936E+2	2,501562E+3	1,123651E+2
2,503125E+3	6,486764E+1	2,503125E+3	7,558009E+1	2,503125E+3	8,515069E+1	2,503125E+3	9,527149E+1	2,503125E+3	1,050816E+2	2,503125E+3	1,101114E+2	2,503125E+3	1,143139E+2
2,504687E+3	6,442816E+1	2,504687E+3	7,613731E+1	2,504687E+3	8,527289E+1	2,504687E+3	9,508154E+1	2,504687E+3	1,045680E+2	2,504687E+3	1,106098E+2	2,504687E+3	1,144389E+2
2,506250E+3	6,575743E+1	2,506250E+3	7,598902E+1	2,506250E+3	8,590963E+1	2,506250E+3	9,645437E+1	2,506250E+3	1,049197E+2	2,506250E+3	1,102963E+2	2,506250E+3	1,141338E+2
2,507812E+3	6,526405E+1	2,507812E+3	7,582391E+1	2,507812E+3	8,667035E+1	2,507812E+3	9,505391E+1	2,507812E+3	1,060582E+2	2,507812E+3	1,103813E+2	2,507812E+3	1,149529E+2
2,509375E+3	6,488778E+1	2,509375E+3	7,703902E+1	2,509375E+3	8,605239E+1	2,509375E+3	9,491964E+1	2,509375E+3	1,056525E+2	2,509375E+3	1,106764E+2	2,509375E+3	1,153488E+2
2,510937E+3	6,575231E+1	2,510937E+3	7,614635E+1	2,510937E+3	8,719645E+1	2,510937E+3	9,520627E+1	2,510937E+3	1,049523E+2	2,510937E+3	1,105684E+2	2,510937E+3	1,143894E+2
2,512500E+3	6,583285E+1	2,512500E+3	7,620149E+1	2,512500E+3	8,642258E+1	2,512500E+3	9,589943E+1	2,512500E+3	1,051604E+2	2,512500E+3	1,106122E+2	2,512500E+3	1,146897E+2
2,514062E+3	6,594252E+1	2,514062E+3	7,662696E+1	2,514062E+3	8,682807E+1	2,514062E+3	9,662114E+1	2,514062E+3	1,058407E+2	2,514062E+3	1,110526E+2	2,514062E+3	1,141438E+2
2,515625E+3	6,623527E+1	2,515625E+3	7,641876E+1	2,515625E+3	8,781064E+1	2,515625E+3	9,750097E+1	2,515625E+3	1,050721E+2	2,515625E+3	1,098007E+2	2,515625E+3	1,145123E+2
2,517187E+3	6,779006E+1	2,517187E+3	7,715428E+1	2,517187E+3	8,681301E+1	2,517187E+3	9,667689E+1	2,517187E+3	1,054084E+2	2,517187E+3	1,103976E+2	2,517187E+3	1,149645E+2
2,518750E+3	7,029459E+1	2,518750E+3	7,718225E+1	2,518750E+3	8,702133E+1	2,518750E+3	9,631086E+1	2,518750E+3	1,057598E+2	2,518750E+3	1,111287E+2	2,518750E+3	1,154166E+2
2,520312E+3	7,134052E+1	2,520312E+3	7,745919E+1	2,520312E+3	8,834427E+1	2,520312E+3	9,674842E+1	2,520312E+3	1,058505E+2	2,520312E+3	1,116361E+2	2,520312E+3	1,152775E+2
2,521875E+3	7,003844E+1	2,521875E+3	7,679769E+1	2,521875E+3	8,800065E+1	2,521875E+3	9,615923E+1	2,521875E+3	1,063763E+2	2,521875E+3	1,118129E+2	2,521875E+3	1,154424E+2
2,523437E+3	6,800168E+1	2,523437E+3	7,631936E+1	2,523437E+3	8,714262E+1	2,523437E+3	9,675867E+1	2,523437E+3	1,065559E+2	2,523437E+3	1,123202E+2	2,523437E+3	1,155760E+2
2,525000E+3	6,671513E+1	2,525000E+3	7,650270E+1	2,525000E+3	8,678123E+1	2,525000E+3	9,676069E+1	2,525000E+3	1,057093E+2	2,525000E+3	1,124373E+2	2,525000E+3	1,165362E+2
2,526562E+3	6,580827E+1	2,526562E+3	7,720877E+1	2,526562E+3	8,776712E+1	2,526562E+3	9,616130E+1	2,526562E+3	1,063880E+2	2,526562E+3	1,121544E+2	2,526562E+3	1,159321E+2
2,528125E+3	6,523244E+1	2,528125E+3	7,766907E+1	2,528125E+3	8,770537E+1	2,528125E+3	9,764888E+1	2,528125E+3	1,065732E+2	2,528125E+3	1,116007E+2	2,528125E+3	1,156636E+2
2,529687E+3	6,694812E+1	2,529687E+3	7,704394E+1	2,529687E+3	8,723585E+1	2,529687E+3	9,825166E+1	2,529687E+3	1,061156E+2	2,529687E+3	1,121305E+2	2,529687E+3	1,155112E+2
2,531250E+3	6,733435E+1	2,531250E+3	7,780827E+1	2,531250E+3	8,865648E+1	2,531250E+3	9,814820E+1	2,531250E+3	1,055550E+2	2,531250E+3	1,109764E+2	2,531250E+3	1,163012E+2
2,532812E+3	6,801797E+1	2,532812E+3	7,708174E+1	2,532812E+3	8,897727E+1	2,532812E+3	9,797757E+1	2,532812E+3	1,069678E+2	2,532812E+3	1,125360E+2	2,532812E+3	1,165853E+2
2,534375E+3	6,764227E+1	2,534375E+3	7,740281E+1	2,534375E+3	8,805659E+1	2,534375E+3	9,697440E+1	2,534375E+3	1,075011E+2	2,534375E+3	1,129558E+2	2,534375E+3	1,170984E+2
2,535937E+3	6,674154E+1	2,535937E+3	7,756884E+1	2,535937E+3	8,860939E+1	2,535937E+3	9,573295E+1	2,535937E+3	1,070801E+2	2,535937E+3	1,128439E+2	2,535937E+3	1,172528E+2
2,537500E+3	6,786469E+1	2,537500E+3	7,882650E+1	2,537500E+3	8,915958E+1	2,537500E+3	9,650743E+1	2,537500E+3	1,069493E+2	2,537500E+3	1,118764E+2	2,537500E+3	1,162496E+2
2,539062E+3	6,888283E+1	2,539062E+3	7,805886E+1	2,539062E+3	8,812102E+1	2,539062E+3	9,754305E+1	2,539062E+3	1,080018E+2	2,539062E+3	1,118300E+2	2,539062E+3	1,169727E+2
2,540625E+3	6,867853E+1	2,540625E+3	7,783694E+1	2,540625E+3	8,811134E+1	2,540625E+3	9,817926E+1	2,540625E+3	1,079693E+2	2,540625E+3	1,119634E+2	2,540625E+3	1,169822E+2
2,542187E+3	6,810408E+1	2,542187E+3	7,814443E+1	2,542187E+3	8,881689E+1	2,542187E+3	9,858156E+1	2,542187E+3	1,073765E+2	2,542187E+3	1,126219E+2	2,542187E+3	1,163291E+2
2,543750E+3	6,846363E+1	2,543750E+3	7,808427E+1	2,543750E+3	8,879799E+1	2,543750E+3	9,781543E+1	2,543750E+3	1,074277E+2	2,543750E+3	1,129198E+2	2,543750E+3	1,158991E+2
2,545312E+3	6,835814E+1	2,545312E+3	7,852450E+1	2,545312E+3	8,772499E+1	2,545312E+3	9,758884E+1	2,545312E+3	1,061572E+2	2,545312E+3	1,123334E+2	2,545312E+3	1,156875E+2
2,546875E+3	6,875243E+1	2,546875E+3	7,828744E+1	2,546875E+3	8,808439E+1	2,546875E+3	9,737565E+1	2,546875E+3	1,065627E+2	2,546875E+3	1,124529E+2	2,546875E+3	1,153832E+2
2,548437E+3	6,886540E+1	2,548437E+3	7,745952E+1	2,548437E+3	8,781995E+1	2,548437E+3	9,798586E+1	2,548437E+3	1,077446E+2	2,548437E+3	1,123459E+2	2,548437E+3	1,167793E+2
2,550000E+3	6,775284E+1	2,550000E+3	7,792171E+1	2,550000E+3	8,832043E+1	2,550000E+3	9,758592E+1	2,550000E+3	1,074830E+2	2,550000E+3	1,116018E+2	2,550000E+3	1,173851E+2
2,551562E+3	6,657177E+1	2,551562E+3	7,673349E+1	2,551562E+3	8,890375E+1	2,551562E+3	9,672613E+1	2,551562E+3	1,072724E+2	2,551562E+3	1,124375E+2	2,551562E+3	1,178649E+2
2,553125E+3	6,792369E+1	2,553125E+3	7,686191E+1	2,553125E+3	8,813209E+1	2,553125E+3	9,765805E+1	2,553125E+3	1,075413E+2	2,553125E+3	1,115180E+2	2,553125E+3	1,172037E+2
2,554687E+3	6,889314E+1	2,554687E+3	7,861994E+1	2,554687E+3	8,766695E+1	2,554687E+3	9,797523E+1	2,554687E+3	1,073906E+2	2,554687E+3	1,112380E+2	2,554687E+3	1,163530E+2
2,556250E+3	6,850466E+1	2,556250E+3	7,790945E+1	2,556250E+3	8,782963E+1	2,556250E+3	9,829187E+1	2,556250E+3	1,070966E+2	2,556250E+3	1,130622E+2	2,556250E+3	1,160391E+2
2,557812E+3	6,791269E+1	2,557812E+3	7,720673E+1	2,557812E+3	8,663020E+1	2,557812E+3	9,835924E+1	2,557812E+3	1,070524E+2	2,557812E+3	1,118483E+2	2,557812E+3	1,165351E+2
2,559375E+3	6,756743E+1	2,559375E+3	7,757634E+1	2,559375E+3	8,748689E+1	2,559375E+3	9,777624E+1	2,559375E+3	1,069624E+2	2,559375E+3	1,118419E+2	2,559375E+3	1,159034E+2
2,560937E+3	6,777187E+1	2,560937E+3	7,844968E+1	2,560937E+3	8,743278E+1	2,560937E+3	9,698269E+1	2,560937E+3	1,066110E+2	2,560937E+3	1,127381E+2	2,560937E+3	1,164172E+2
2,562500E+3	6,791964E+1	2,562500E+3	7,852902E+1	2,562500E+3	8,671107E+1	2,562500E+3	9,596675E+1	2,562500E+3	1,071748E+2	2,562500E+3	1,119811E+2	2,562500E+3	1,160023E+2
2,564062E+3	6,819200E+1	2,564062E+3	7,771290E+1	2,564062E+3	8,740581E+1	2,564062E+3	9,661417E+1	2,564062E+3	1,083346E+2	2,564062E+3	1,111032E+2	2,564062E+3	1,160323E+2
2,565625E+3	6,769394E+1	2,565625E+3	7,781039E+1	2,565625E+3	8,786807E+1	2,565625E+3	9,776178E+1	2,565625E+3	1,079675E+2	2,565625E+3	1,105934E+2	2,565625E+3	1,151837E+2
2,567187E+3	6,828202E+1	2,567187E+3	7,740646E+1	2,567187E+3	8,752281E+1	2,567187E+3	9,731611E+1	2,567187E+3	1,071908E+2	2,567187E+3	1,109227E+2	2,567187E+3	1,150929E+2
2,568750E+3	6,802226E+1	2,568750E+3	7,703061E+1	2,568750E+3	8,718411E+1	2,568750E+3	9,665936E+1	2,568750E+3	1,070885E+2	2,568750E+3	1,115963E+2	2,568750E+3	1,156040E+2
2,570312E+3	6,780259E+1	2,570312E+3	7,674650E+1	2,570312E+3	8,695278E+1	2,570312E+3	9,659344E+1	2,570312E+3	1,076685E+2	2,570312E+3	1,118969E+2	2,570312E+3	1,156686E+2
2,571875E+3	6,659647E+1	2,571875E+3	7,797730E+1	2,571875E+3	8,688824E+1	2,571875E+3	9,682595E+1	2,571875E+3	1,063209E+2	2,571875E+3	1,126571E+2	2,571875E+3	1,156117E+2
2,573437E+3	6,713270E+1	2,573437E+3	7,761285E+1	2,573437E+3	8,596365E+1	2,573437E+3	9,668581E+1	2,573437E+3	1,060170E+2	2,573437E+3	1,125411E+2	2,573437E+3	1,151216E+2
2,575000E+3	6,765255E+1	2,575000E+3	7,697090E+1	2,575000E+3	8,619191E+1	2,575000E+3	9,687769E+1	2,575000E+3	1,072351E+2	2,575000E+3	1,120225E+2	2,575000E+3	1,149923E+2
2,576562E+3	6,832173E+1	2,576562E+3	7,645857E+1	2,576562E+3	8,665858E+1	2,576562E+3	9,748043E+1	2,576562E+3	1,067619E+2	2,576562E+3	1,108165E+2	2,576562E+3	1,157081E+2
2,578125E+3	7,341458E+1	2,578125E+3	7,636855E+1	2,578125E+3	8,710945E+1	2,578125E+3	9,706536E+1	2,578125E+3	1,062577E+2	2,578125E+3	1,095801E+2	2,578125E+3	1,164016E+2
2,579687E+3	7,782399E+1	2,579687E+3	7,998544E+1	2,579687E+3	8,765708E+1	2,579687E+3	9,670138E+1	2,579687E+3	1,064670E+2	2,579687E+3	1,108504E+2	2,579687E+3	1,148143E+2
2,581250E+3	7,780513E+1	2,581250E+3	7,820984E+1	2,581250E+3	8,768299E+1	2,581250E+3	9,720855E+1	2,581250E+3	1,062025E+2	2,581250E+3	1,116170E+2	2,581250E+3	1,138867E+2
2,582812E+3	7,233696E+1	2,582812E+3	7,730680E+1	2,582812E+3	8,639202E+1	2,582812E+3	9,823104E+1	2,582812E+3	1,056389E+2	2,582812E+3	1,114410E+2	2,582812E+3	1,149569E+2
2,584375E+3	6,753942E+1	2,584375E+3	7,654695E+1	2,584375E+3	8,654918E+1	2,584375E+3	9,739252E+1	2,584375E+3	1,066807E+2	2,584375E+3	1,117645E+2	2,584375E+3	1,148417E+2
2,585937E+3	6,635419E+1	2,585937E+3	7,704942E+1	2,585937E+3	8,677263E+1	2,585937E+3	9,762861E+1	2,585937E+3	1,070132E+2	2,585937E+3	1,117167E+2	2,585937E+3	1,154853E+2
2,587500E+3	6,501531E+1	2,587500E+3	7,656625E+1	2,587500E+3	8,685011E+1	2,587500E+3	9,667484E+1	2,587500E+3	1,063261E+2	2,587500E+3	1,105377E+2	2,587500E+3	1,158701E+2
2,589062E+3	6,534553E+1	2,589062E+3	7,685041E+1	2,589062E+3	8,646507E+1	2,589062E+3	9,558543E+1	2,589062E+3	1,066606E+2	2,589062E+3	1,110685E+2	2,589062E+3	1,143485E+2
2,590625E+3	6,753126E+1	2,590625E+3	7,853931E+1	2,590625E+3	8,810920E+1	2,590625E+3	9,628512E+1	2,590625E+3	1,054912E+2	2,590625E+3	1,101827E+2	2,590625E+3	1,143405E+2
2,592187E+3	6,731196E+1	2,592187E+3	7,806626E+1	2,592187E+3	8,880113E+1	2,592187E+3	9,657271E+1	2,592187E+3	1,057480E+2	2,592187E+3	1,104770E+2	2,592187E+3	1,147457E+2
2,593750E+3	6,713759E+1	2,593750E+3	7,700157E+1	2,593750E+3	8,826493E+1	2,593750E+3	9,683053E+1	2,593750E+3	1,051598E+2	2,593750E+3	1,108483E+2	2,593750E+3	1,145003E+2
2,595312E+3	6,693359E+1	2,595312E+3	7,641916E+1	2,595312E+3	8,850363E+1	2,595312E+3	9,683989E+1	2,595312E+3	1,053271E+2	2,595312E+3	1,109009E+2	2,595312E+3	1,129234E+2
2,596875E+3	6,616257E+1	2,596875E+3	7,645355E+1	2,596875E+3	8,738295E+1	2,596875E+3	9,608442E+1	2,596875E+3	1,065944E+2	2,596875E+3	1,111363E+2	2,596875E+3	1,138784E+2
2,598437E+3	6,585349E+1	2,598437E+3	7,568145E+1	2,598437E+3	8,688693E+1	2,598437E+3	9,652660E+1	2,598437E+3	1,055382E+2	2,598437E+3	1,108304E+2	2,598437E+3	1,141427E+2
2,600000E+3	6,650017E+1	2,600000E+3	7,685063E+1	2,600000E+3	8,619131E+1	2,600000E+3	9,774078E+1	2,600000E+3	1,047495E+2	2,600000E+3	1,100633E+2	2,600000E+3	1,154478E+2
2,601562E+3	6,740660E+1	2,601562E+3	7,762315E+1	2,601562E+3	8,706991E+1	2,601562E+3	9,738770E+1	2,601562E+3	1,054787E+2	2,601562E+3	1,103089E+2	2,601562E+3	1,145339E+2
2,603125E+3	6,729700E+1	2,603125E+3	7,704478E+1	2,603125E+3	8,662145E+1	2,603125E+3	9,701112E+1	2,603125E+3	1,053226E+2	2,603125E+3	1,114567E+2	2,603125E+3	1,144634E+2
2,604687E+3	6,760437E+1	2,604687E+3	7,660284E+1	2,604687E+3	8,642879E+1	2,604687E+3	9,517307E+1	2,604687E+3	1,050376E+2	2,604687E+3	1,107778E+2	2,604687E+3	1,151044E+2
2,606250E+3	6,814628E+1	2,606250E+3	7,739053E+1	2,606250E+3	8,625865E+1	2,606250E+3	9,615777E+1	2,606250E+3	1,068597E+2	2,606250E+3	1,111931E+2	2,606250E+3	1,148549E+2
2,607812E+3	6,635522E+1	2,607812E+3	7,778096E+1	2,607812E+3	8,655480E+1	2,607812E+3	9,650399E+1	2,607812E+3	1,067939E+2	2,607812E+3	1,110527E+2	2,607812E+3	1,152474E+2
2,609375E+3	6,631098E+1	2,609375E+3	7,688504E+1	2,609375E+3	8,684509E+1	2,609375E+3	9,634719E+1	2,609375E+3	1,073622E+2	2,609375E+3	1,097576E+2	2,609375E+3	1,149357E+2
2,610937E+3	6,644213E+1	2,610937E+3	7,736951E+1	2,610937E+3	8,705196E+1	2,610937E+3	9,673627E+1	2,610937E+3	1,067195E+2	2,610937E+3	1,095884E+2	2,610937E+3	1,158115E+2
2,612500E+3	6,614966E+1	2,612500E+3	7,693860E+1	2,612500E+3	8,731189E+1	2,612500E+3	9,606695E+1	2,612500E+3	1,057198E+2	2,612500E+3	1,104205E+2	2,612500E+3	1,150326E+2
2,614062E+3	6,620080E+1	2,614062E+3	7,559455E+1	2,614062E+3	8,713658E+1	2,614062E+3	9,557323E+1	2,614062E+3	1,059976E+2	2,614062E+3	1,114586E+2	2,614062E+3	1,142970E+2
2,615625E+3	6,574814E+1	2,615625E+3	7,647487E+1	2,615625E+3	8,689395E+1	2,615625E+3	9,605662E+1	2,615625E+3	1,058666E+2	2,615625E+3	1,106800E+2	2,615625E+3	1,151852E+2
2,617187E+3	6,694309E+1	2,617187E+3	7,655536E+1	2,617187E+3	8,743704E+1	2,617187E+3	9,660705E+1	2,617187E+3	1,058085E+2	2,617187E+3	1,102764E+2	2,617187E+3	1,149351E+2
2,618750E+3	6,663628E+1	2,618750E+3	7,777111E+1	2,618750E+3	8,765494E+1	2,618750E+3	9,664839E+1	2,618750E+3	1,041892E+2	2,618750E+3	1,115651E+2	2,618750E+3	1,150324E+2
2,620312E+3	6,641415E+1	2,620312E+3	7,738375E+1	2,620312E+3	8,781708E+1	2,620312E+3	9,710477E+1	2,620312E+3	1,056094E+2	2,620312E+3	1,107790E+2	2,620312E+3	1,145674E+2
2,621875E+3	6,667479E+1	2,621875E+3	7,729061E+1	2,621875E+3	8,741553E+1	2,621875E+3	9,668777E+1	2,621875E+3	1,076870E+2	2,621875E+3	1,106335E+2	2,621875E+3	1,137157E+2
2,623437E+3	6,731456E+1	2,623437E+3	7,655664E+1	2,623437E+3	8,737138E+1	2,623437E+3	9,769933E+1	2,623437E+3	1,077029E+2	2,623437E+3	1,106909E+2	2,623437E+3	1,148209E+2
2,625000E+3	6,719466E+1	2,625000E+3	7,612847E+1	2,625000E+3	8,770863E+1	2,625000E+3	9,788282E+1	2,625000E+3	1,074284E+2	2,625000E+3	1,121310E+2	2,625000E+3	1,161307E+2
2,626562E+3	6,679982E+1	2,626562E+3	7,599726E+1	2,626562E+3	8,826566E+1	2,626562E+3	9,729450E+1	2,626562E+3	1,076523E+2	2,626562E+3	1,113092E+2	2,626562E+3	1,141701E+2
2,628125E+3	6,725551E+1	2,628125E+3	7,661051E+1	2,628125E+3	8,741790E+1	2,628125E+3	9,719173E+1	2,628125E+3	1,070987E+2	2,628125E+3	1,118679E+2	2,628125E+3	1,143746E+2
2,629687E+3	6,752502E+1	2,629687E+3	7,771450E+1	2,629687E+3	8,778654E+1	2,629687E+3	9,813792E+1	2,629687E+3	1,064316E+2	2,629687E+3	1,120239E+2	2,629687E+3	1,153002E+2
2,631250E+3	6,718922E+1	2,631250E+3	7,851993E+1	2,631250E+3	8,795019E+1	2,631250E+3	9,704102E+1	2,631250E+3	1,061739E+2	2,631250E+3	1,104123E+2	2,631250E+3	1,151075E+2
2,632812E+3	6,797094E+1	2,632812E+3	7,880722E+1	2,632812E+3	8,836960E+1	2,632812E+3	9,737773E+1	2,632812E+3	1,068349E+2	2,632812E+3	1,112370E+2	2,632812E+3	1,156104E+2
2,634375E+3	6,847903E+1	2,634375E+3	7,679949E+1	2,634375E+3	8,849241E+1	2,634375E+3	9,740249E+1	2,634375E+3	1,076523E+2	2,634375E+3	1,119824E+2	2,634375E+3	1,170026E+2
2,635937E+3	6,880328E+1	2,635937E+3	7,808076E+1	2,635937E+3	8,776381E+1	2,635937E+3	9,794584E+1	2,635937E+3	1,083949E+2	2,635937E+3	1,118930E+2	2,635937E+3	1,173238E+2
2,637500E+3	6,984084E+1	2,637500E+3	7,766277E+1	2,637500E+3	8,844543E+1	2,637500E+3	9,829926E+1	2,637500E+3	1,077367E+2	2,637500E+3	1,131982E+2	2,637500E+3	1,172521E+2
2,639062E+3	7,205615E+1	2,639062E+3	7,850816E+1	2,639062E+3	8,893135E+1	2,639062E+3	9,863821E+1	2,639062E+3	1,071483E+2	2,639062E+3	1,121269E+2	2,639062E+3	1,160736E+2
2,640625E+3	7,277074E+1	2,640625E+3	7,993722E+1	2,640625E+3	8,787156E+1	2,640625E+3	9,874764E+1	2,640625E+3	1,068047E+2	2,640625E+3	1,122987E+2	2,640625E+3	1,152075E+2
2,642187E+3	7,091402E+1	2,642187E+3	7,841807E+1	2,642187E+3	8,816236E+1	2,642187E+3	9,786662E+1	2,642187E+3	1,081143E+2	2,642187E+3	1,133673E+2	2,642187E+3	1,154802E+2
2,643750E+3	6,895526E+1	2,643750E+3	7,754306E+1	2,643750E+3	8,820645E+1	2,643750E+3	9,744049E+1	2,643750E+3	1,075909E+2	2,643750E+3	1,124054E+2	2,643750E+3	1,158526E+2
2,645312E+3	6,743930E+1	2,645312E+3	7,750112E+1	2,645312E+3	8,823161E+1	2,645312E+3	9,772468E+1	2,645312E+3	1,070820E+2	2,645312E+3	1,126109E+2	2,645312E+3	1,157423E+2
2,646875E+3	6,776202E+1	2,646875E+3	7,922284E+1	2,646875E+3	8,904216E+1	2,646875E+3	9,748904E+1	2,646875E+3	1,074994E+2	2,646875E+3	1,123751E+2	2,646875E+3	1,169516E+2
2,648437E+3	6,913941E+1	2,648437E+3	8,010317E+1	2,648437E+3	8,903283E+1	2,648437E+3	9,740507E+1	2,648437E+3	1,074220E+2	2,648437E+3	1,123597E+2	2,648437E+3	1,169169E+2
2,650000E+3	6,894813E+1	2,650000E+3	7,925810E+1	2,650000E+3	8,766610E+1	2,650000E+3	9,813599E+1	2,650000E+3	1,076317E+2	2,650000E+3	1,128616E+2	2,650000E+3	1,171023E+2
2,651562E+3	6,849585E+1	2,651562E+3	7,857102E+1	2,651562E+3	8,916614E+1	2,651562E+3	9,793786E+1	2,651562E+3	1,079807E+2	2,651562E+3	1,134449E+2	2,651562E+3	1,162639E+2
2,653125E+3	6,896980E+1	2,653125E+3	7,911662E+1	2,653125E+3	9,064691E+1	2,653125E+3	9,791038E+1	2,653125E+3	1,083840E+2	2,653125E+3	1,134054E+2	2,653125E+3	1,164761E+2
2,654687E+3	6,965445E+1	2,654687E+3	7,964824E+1	2,654687E+3	8,929078E+1	2,654687E+3	9,943801E+1	2,654687E+3	1,087417E+2	2,654687E+3	1,135594E+2	2,654687E+3	1,174639E+2
2,656250E+3	6,985857E+1	2,656250E+3	7,914956E+1	2,656250E+3	8,814114E+1	2,656250E+3	9,905278E+1	2,656250E+3	1,086681E+2	2,656250E+3	1,132768E+2	2,656250E+3	1,166675E+2
2,657812E+3	7,000916E+1	2,657812E+3	7,920503E+1	2,657812E+3	8,885728E+1	2,657812E+3	9,838096E+1	2,657812E+3	1,084117E+2	2,657812E+3	1,131812E+2	2,657812E+3	1,170226E+2
2,659375E+3	7,034318E+1	2,659375E+3	7,924292E+1	2,659375E+3	8,996695E+1	2,659375E+3	9,869499E+1	2,659375E+3	1,093661E+2	2,659375E+3	1,137841E+2	2,659375E+3	1,179596E+2
2,660937E+3	6,926363E+1	2,660937E+3	7,911587E+1	2,660937E+3	8,928614E+1	2,660937E+3	9,869550E+1	2,660937E+3	1,086701E+2	2,660937E+3	1,136800E+2	2,660937E+3	1,170718E+2
2,662500E+3	6,856805E+1	2,662500E+3	7,903397E+1	2,662500E+3	8,987695E+1	2,662500E+3	9,948551E+1	2,662500E+3	1,093241E+2	2,662500E+3	1,129614E+2	2,662500E+3	1,180110E+2
2,664062E+3	6,854379E+1	2,664062E+3	7,924653E+1	2,664062E+3	9,034861E+1	2,664062E+3	9,987733E+1	2,664062E+3	1,106751E+2	2,664062E+3	1,143027E+2	2,664062E+3	1,187989E+2
2,665625E+3	6,950401E+1	2,665625E+3	8,005672E+1	2,665625E+3	9,029757E+1	2,665625E+3	9,977471E+1	2,665625E+3	1,102085E+2	2,665625E+3	1,142540E+2	2,665625E+3	1,194339E+2
2,667187E+3	6,935161E+1	2,667187E+3	7,998983E+1	2,667187E+3	9,018993E+1	2,667187E+3	9,917048E+1	2,667187E+3	1,091957E+2	2,667187E+3	1,133955E+2	2,667187E+3	1,181260E+2
2,668750E+3	6,935238E+1	2,668750E+3	7,953178E+1	2,668750E+3	8,968514E+1	2,668750E+3	9,914977E+1	2,668750E+3	1,096163E+2	2,668750E+3	1,137016E+2	2,668750E+3	1,191630E+2
2,670312E+3	6,922098E+1	2,670312E+3	7,938836E+1	2,670312E+3	8,982114E+1	2,670312E+3	9,953559E+1	2,670312E+3	1,088918E+2	2,670312E+3	1,134513E+2	2,670312E+3	1,191592E+2
2,671875E+3	7,085305E+1	2,671875E+3	7,940006E+1	2,671875E+3	9,008831E+1	2,671875E+3	1,000812E+2	2,671875E+3	1,095276E+2	2,671875E+3	1,143375E+2	2,671875E+3	1,180549E+2
2,673437E+3	7,123736E+1	2,673437E+3	7,970598E+1	2,673437E+3	8,950179E+1	2,673437E+3	1,006648E+2	2,673437E+3	1,099142E+2	2,673437E+3	1,150415E+2	2,673437E+3	1,180021E+2
2,675000E+3	6,960770E+1	2,675000E+3	8,064529E+1	2,675000E+3	9,074838E+1	2,675000E+3	1,003699E+2	2,675000E+3	1,103260E+2	2,675000E+3	1,154772E+2	2,675000E+3	1,192296E+2
2,676562E+3	6,955881E+1	2,676562E+3	8,054009E+1	2,676562E+3	9,113674E+1	2,676562E+3	9,929388E+1	2,676562E+3	1,106372E+2	2,676562E+3	1,150756E+2	2,676562E+3	1,192826E+2
2,678125E+3	7,060000E+1	2,678125E+3	8,125242E+1	2,678125E+3	9,067963E+1	2,678125E+3	1,000534E+2	2,678125E+3	1,108086E+2	2,678125E+3	1,158363E+2	2,678125E+3	1,195119E+2
2,679687E+3	7,136658E+1	2,679687E+3	8,111718E+1	2,679687E+3	9,076709E+1	2,679687E+3	1,000085E+2	2,679687E+3	1,104117E+2	2,679687E+3	1,155018E+2	2,679687E+3	1,196291E+2
2,681250E+3	7,174706E+1	2,681250E+3	7,973036E+1	2,681250E+3	8,996863E+1	2,681250E+3	9,991564E+1	2,681250E+3	1,110566E+2	2,681250E+3	1,149573E+2	2,681250E+3	1,188689E+2
2,682812E+3	7,211036E+1	2,682812E+3	7,934111E+1	2,682812E+3	9,092594E+1	2,682812E+3	9,955296E+1	2,682812E+3	1,106115E+2	2,682812E+3	1,143354E+2	2,682812E+3	1,184329E+2
2,684375E+3	7,137031E+1	2,684375E+3	7,983800E+1	2,684375E+3	9,235081E+1	2,684375E+3	1,000248E+2	2,684375E+3	1,097434E+2	2,684375E+3	1,153044E+2	2,684375E+3	1,195907E+2
2,685937E+3	6,980476E+1	2,685937E+3	7,966549E+1	2,685937E+3	9,144078E+1	2,685937E+3	9,998607E+1	2,685937E+3	1,112518E+2	2,685937E+3	1,157159E+2	2,685937E+3	1,193556E+2
2,687500E+3	7,122185E+1	2,687500E+3	8,000438E+1	2,687500E+3	9,049018E+1	2,687500E+3	1,008173E+2	2,687500E+3	1,116545E+2	2,687500E+3	1,153778E+2	2,687500E+3	1,190854E+2
2,689062E+3	7,037798E+1	2,689062E+3	8,089409E+1	2,689062E+3	9,028097E+1	2,689062E+3	1,007987E+2	2,689062E+3	1,106161E+2	2,689062E+3	1,157054E+2	2,689062E+3	1,190559E+2
2,690625E+3	6,950027E+1	2,690625E+3	8,010418E+1	2,690625E+3	8,943669E+1	2,690625E+3	1,000812E+2	2,690625E+3	1,097761E+2	2,690625E+3	1,152807E+2	2,690625E+3	1,198935E+2
2,692187E+3	6,941718E+1	2,692187E+3	8,018243E+1	2,692187E+3	8,951872E+1	2,692187E+3	1,006023E+2	2,692187E+3	1,103064E+2	2,692187E+3	1,147963E+2	2,692187E+3	1,199168E+2
2,693750E+3	6,995590E+1	2,693750E+3	8,038813E+1	2,693750E+3	9,045996E+1	2,693750E+3	1,002085E+2	2,693750E+3	1,114972E+2	2,693750E+3	1,150064E+2	2,693750E+3	1,190431E+2
2,695312E+3	7,026882E+1	2,695312E+3	8,029086E+1	2,695312E+3	8,986202E+1	2,695312E+3	9,865642E+1	2,695312E+3	1,105879E+2	2,695312E+3	1,151830E+2	2,695312E+3	1,186269E+2
2,696875E+3	7,053858E+1	2,696875E+3	8,000848E+1	2,696875E+3	8,927065E+1	2,696875E+3	1,005211E+2	2,696875E+3	1,100117E+2	2,696875E+3	1,147769E+2	2,696875E+3	1,196256E+2
2,698437E+3	7,325310E+1	2,698437E+3	7,985313E+1	2,698437E+3	8,888037E+1	2,698437E+3	1,012872E+2	2,698437E+3	1,110994E+2	2,698437E+3	1,139413E+2	2,698437E+3	1,195466E+2
2,700000E+3	7,538939E+1	2,700000E+3	8,044551E+1	2,700000E+3	8,936347E+1	2,700000E+3	1,002538E+2	2,700000E+3	1,107324E+2	2,700000E+3	1,153803E+2	2,700000E+3	1,184450E+2
2,701562E+3	7,457256E+1	2,701562E+3	7,951587E+1	2,701562E+3	8,936840E+1	2,701562E+3	9,909107E+1	2,701562E+3	1,091290E+2	2,701562E+3	1,154143E+2	2,701562E+3	1,194660E+2
2,703125E+3	6,994695E+1	2,703125E+3	7,957936E+1	2,703125E+3	8,888434E+1	2,703125E+3	9,923699E+1	2,703125E+3	1,086569E+2	2,703125E+3	1,150339E+2	2,703125E+3	1,193848E+2
2,704687E+3	6,926093E+1	2,704687E+3	7,888368E+1	2,704687E+3	8,957667E+1	2,704687E+3	1,004587E+2	2,704687E+3	1,100559E+2	2,704687E+3	1,148816E+2	2,704687E+3	1,185945E+2
2,706250E+3	6,850761E+1	2,706250E+3	7,957527E+1	2,706250E+3	8,998362E+1	2,706250E+3	1,007063E+2	2,706250E+3	1,112476E+2	2,706250E+3	1,155639E+2	2,706250E+3	1,193931E+2
2,707812E+3	6,787908E+1	2,707812E+3	8,042848E+1	2,707812E+3	8,919344E+1	2,707812E+3	9,999568E+1	2,707812E+3	1,103905E+2	2,707812E+3	1,151634E+2	2,707812E+3	1,195504E+2
2,709375E+3	6,845247E+1	2,709375E+3	7,954063E+1	2,709375E+3	8,975362E+1	2,709375E+3	9,777208E+1	2,709375E+3	1,095017E+2	2,709375E+3	1,164478E+2	2,709375E+3	1,197325E+2
2,710937E+3	6,884801E+1	2,710937E+3	7,848319E+1	2,710937E+3	8,991318E+1	2,710937E+3	9,875646E+1	2,710937E+3	1,093118E+2	2,710937E+3	1,156583E+2	2,710937E+3	1,186792E+2
2,712500E+3	6,937889E+1	2,712500E+3	7,809026E+1	2,712500E+3	8,946091E+1	2,712500E+3	9,913017E+1	2,712500E+3	1,097490E+2	2,712500E+3	1,141577E+2	2,712500E+3	1,186146E+2
2,714062E+3	6,860143E+1	2,714062E+3	7,833107E+1	2,714062E+3	8,908447E+1	2,714062E+3	9,951614E+1	2,714062E+3	1,107580E+2	2,714062E+3	1,145189E+2	2,714062E+3	1,186159E+2
2,715625E+3	6,821333E+1	2,715625E+3	7,893616E+1	2,715625E+3	8,784434E+1	2,715625E+3	9,846174E+1	2,715625E+3	1,100035E+2	2,715625E+3	1,150080E+2	2,715625E+3	1,173069E+2
2,717187E+3	6,831930E+1	2,717187E+3	7,917146E+1	2,717187E+3	8,835027E+1	2,717187E+3	9,809872E+1	2,717187E+3	1,091316E+2	2,717187E+3	1,153995E+2	2,717187E+3	1,166059E+2
2,718750E+3	6,892927E+1	2,718750E+3	7,822464E+1	2,718750E+3	8,936741E+1	2,718750E+3	9,748650E+1	2,718750E+3	1,091241E+2	2,718750E+3	1,143498E+2	2,718750E+3	1,172443E+2
2,720312E+3	6,993359E+1	2,720312E+3	7,809557E+1	2,720312E+3	8,872484E+1	2,720312E+3	9,691221E+1	2,720312E+3	1,087900E+2	2,720312E+3	1,137703E+2	2,720312E+3	1,167336E+2
2,721875E+3	6,821711E+1	2,721875E+3	7,788177E+1	2,721875E+3	8,736841E+1	2,721875E+3	9,852643E+1	2,721875E+3	1,077746E+2	2,721875E+3	1,134761E+2	2,721875E+3	1,168761E+2
2,723437E+3	6,716476E+1	2,723437E+3	7,761158E+1	2,723437E+3	8,769259E+1	2,723437E+3	9,843617E+1	2,723437E+3	1,088069E+2	2,723437E+3	1,132393E+2	2,723437E+3	1,180185E+2
2,725000E+3	6,764158E+1	2,725000E+3	7,728946E+1	2,725000E+3	8,769444E+1	2,725000E+3	9,805558E+1	2,725000E+3	1,079377E+2	2,725000E+3	1,128614E+2	2,725000E+3	1,190490E+2
2,726562E+3	6,753606E+1	2,726562E+3	7,807943E+1	2,726562E+3	8,849831E+1	2,726562E+3	9,790281E+1	2,726562E+3	1,087413E+2	2,726562E+3	1,130515E+2	2,726562E+3	1,183765E+2
2,728125E+3	6,769474E+1	2,728125E+3	7,779567E+1	2,728125E+3	8,894177E+1	2,728125E+3	9,765886E+1	2,728125E+3	1,083348E+2	2,728125E+3	1,133050E+2	2,728125E+3	1,166526E+2
2,729687E+3	6,774420E+1	2,729687E+3	7,707463E+1	2,729687E+3	8,751786E+1	2,729687E+3	9,847593E+1	2,729687E+3	1,077174E+2	2,729687E+3	1,128818E+2	2,729687E+3	1,172733E+2
2,731250E+3	6,679756E+1	2,731250E+3	7,773576E+1	2,731250E+3	8,693519E+1	2,731250E+3	9,788886E+1	2,731250E+3	1,077382E+2	2,731250E+3	1,128591E+2	2,731250E+3	1,176335E+2
2,732812E+3	6,612239E+1	2,732812E+3	7,684307E+1	2,732812E+3	8,801876E+1	2,732812E+3	9,852378E+1	2,732812E+3	1,068486E+2	2,732812E+3	1,126608E+2	2,732812E+3	1,171360E+2
2,734375E+3	6,578237E+1	2,734375E+3	7,660314E+1	2,734375E+3	8,742542E+1	2,734375E+3	9,757092E+1	2,734375E+3	1,062908E+2	2,734375E+3	1,118968E+2	2,734375E+3	1,152926E+2
2,735937E+3	6,644977E+1	2,735937E+3	7,542653E+1	2,735937E+3	8,781948E+1	2,735937E+3	9,805951E+1	2,735937E+3	1,068341E+2	2,735937E+3	1,121976E+2	2,735937E+3	1,152205E+2
2,737500E+3	6,669883E+1	2,737500E+3	7,633697E+1	2,737500E+3	8,662821E+1	2,737500E+3	9,769354E+1	2,737500E+3	1,084644E+2	2,737500E+3	1,122516E+2	2,737500E+3	1,158723E+2
2,739062E+3	6,705319E+1	2,739062E+3	7,638628E+1	2,739062E+3	8,648242E+1	2,739062E+3	9,668145E+1	2,739062E+3	1,068614E+2	2,739062E+3	1,114831E+2	2,739062E+3	1,157913E+2
2,740625E+3	6,698805E+1	2,740625E+3	7,624026E+1	2,740625E+3	8,794282E+1	2,740625E+3	9,740968E+1	2,740625E+3	1,068597E+2	2,740625E+3	1,113662E+2	2,740625E+3	1,165083E+2
2,742187E+3	6,701955E+1	2,742187E+3	7,715548E+1	2,742187E+3	8,694514E+1	2,742187E+3	9,783015E+1	2,742187E+3	1,074560E+2	2,742187E+3	1,110863E+2	2,742187E+3	1,167781E+2
2,743750E+3	6,642773E+1	2,743750E+3	7,609543E+1	2,743750E+3	8,550831E+1	2,743750E+3	9,658617E+1	2,743750E+3	1,062931E+2	2,743750E+3	1,122084E+2	2,743750E+3	1,166784E+2
2,745312E+3	6,657252E+1	2,745312E+3	7,660165E+1	2,745312E+3	8,491582E+1	2,745312E+3	9,704625E+1	2,745312E+3	1,060682E+2	2,745312E+3	1,126941E+2	2,745312E+3	1,164679E+2
2,746875E+3	6,673001E+1	2,746875E+3	7,609228E+1	2,746875E+3	8,505262E+1	2,746875E+3	9,650270E+1	2,746875E+3	1,066180E+2	2,746875E+3	1,102244E+2	2,746875E+3	1,156148E+2
2,748437E+3	6,726938E+1	2,748437E+3	7,622874E+1	2,748437E+3	8,487127E+1	2,748437E+3	9,557957E+1	2,748437E+3	1,061132E+2	2,748437E+3	1,105635E+2	2,748437E+3	1,155125E+2
2,750000E+3	6,709422E+1	2,750000E+3	7,571939E+1	2,750000E+3	8,511386E+1	2,750000E+3	9,536399E+1	2,750000E+3	1,070547E+2	2,750000E+3	1,106174E+2	2,750000E+3	1,156084E+2
2,751562E+3	6,610672E+1	2,751562E+3	7,488109E+1	2,751562E+3	8,530113E+1	2,751562E+3	9,713844E+1	2,751562E+3	1,071703E+2	2,751562E+3	1,113081E+2	2,751562E+3	1,139127E+2
2,753125E+3	6,640237E+1	2,753125E+3	7,599260E+1	2,753125E+3	8,561241E+1	2,753125E+3	9,711371E+1	2,753125E+3	1,064774E+2	2,753125E+3	1,102487E+2	2,753125E+3	1,127633E+2
2,754687E+3	6,537489E+1	2,754687E+3	7,510482E+1	2,754687E+3	8,655296E+1	2,754687E+3	9,616434E+1	2,754687E+3	1,059315E+2	2,754687E+3	1,114419E+2	2,754687E+3	1,153491E+2
2,756250E+3	6,515125E+1	2,756250E+3	7,525828E+1	2,756250E+3	8,666203E+1	2,756250E+3	9,564382E+1	2,756250E+3	1,057127E+2	2,756250E+3	1,121495E+2	2,756250E+3	1,163017E+2
2,757812E+3	6,846474E+1	2,757812E+3	7,649028E+1	2,757812E+3	8,643231E+1	2,757812E+3	9,636536E+1	2,757812E+3	1,070896E+2	2,757812E+3	1,111166E+2	2,757812E+3	1,157380E+2
2,759375E+3	7,083507E+1	2,759375E+3	7,738279E+1	2,759375E+3	8,640581E+1	2,759375E+3	9,597486E+1	2,759375E+3	1,063960E+2	2,759375E+3	1,116816E+2	2,759375E+3	1,160532E+2
2,760937E+3	7,123936E+1	2,760937E+3	7,670322E+1	2,760937E+3	8,691766E+1	2,760937E+3	9,546075E+1	2,760937E+3	1,060321E+2	2,760937E+3	1,122600E+2	2,760937E+3	1,161614E+2
2,762500E+3	6,914506E+1	2,762500E+3	7,613278E+1	2,762500E+3	8,588284E+1	2,762500E+3	9,471468E+1	2,762500E+3	1,060686E+2	2,762500E+3	1,107973E+2	2,762500E+3	1,146387E+2
2,764062E+3	6,567058E+1	2,764062E+3	7,564426E+1	2,764062E+3	8,531672E+1	2,764062E+3	9,597014E+1	2,764062E+3	1,065105E+2	2,764062E+3	1,107774E+2	2,764062E+3	1,155194E+2
2,765625E+3	6,587207E+1	2,765625E+3	7,642447E+1	2,765625E+3	8,565842E+1	2,765625E+3	9,657766E+1	2,765625E+3	1,063556E+2	2,765625E+3	1,105694E+2	2,765625E+3	1,157260E+2
2,767187E+3	6,616257E+1	2,767187E+3	7,618747E+1	2,767187E+3	8,631720E+1	2,767187E+3	9,676887E+1	2,767187E+3	1,059567E+2	2,767187E+3	1,106369E+2	2,767187E+3	1,145868E+2
2,768750E+3	6,634646E+1	2,768750E+3	7,580327E+1	2,768750E+3	8,668424E+1	2,768750E+3	9,635324E+1	2,768750E+3	1,066173E+2	2,768750E+3	1,104789E+2	2,768750E+3	1,139894E+2
2,770312E+3	6,695382E+1	2,770312E+3	7,502388E+1	2,770312E+3	8,638400E+1	2,770312E+3	9,690258E+1	2,770312E+3	1,066420E+2	2,770312E+3	1,109222E+2	2,770312E+3	1,142445E+2
2,771875E+3	6,596316E+1	2,771875E+3	7,502711E+1	2,771875E+3	8,708923E+1	2,771875E+3	9,675561E+1	2,771875E+3	1,060472E+2	2,771875E+3	1,112797E+2	2,771875E+3	1,139177E+2
2,773437E+3	6,613996E+1	2,773437E+3	7,626680E+1	2,773437E+3	8,599193E+1	2,773437E+3	9,512168E+1	2,773437E+3	1,068427E+2	2,773437E+3	1,106111E+2	2,773437E+3	1,139794E+2
2,775000E+3	6,676486E+1	2,775000E+3	7,666998E+1	2,775000E+3	8,564347E+1	2,775000E+3	9,425455E+1	2,775000E+3	1,063600E+2	2,775000E+3	1,092274E+2	2,775000E+3	1,139473E+2
2,776562E+3	6,608131E+1	2,776562E+3	7,535574E+1	2,776562E+3	8,579980E+1	2,776562E+3	9,598240E+1	2,776562E+3	1,061591E+2	2,776562E+3	1,099331E+2	2,776562E+3	1,146244E+2
2,778125E+3	6,510834E+1	2,778125E+3	7,419372E+1	2,778125E+3	8,544514E+1	2,778125E+3	9,626860E+1	2,778125E+3	1,061871E+2	2,778125E+3	1,104481E+2	2,778125E+3	1,153084E+2
2,779687E+3	6,438855E+1	2,779687E+3	7,508313E+1	2,779687E+3	8,619478E+1	2,779687E+3	9,584887E+1	2,779687E+3	1,066585E+2	2,779687E+3	1,099058E+2	2,779687E+3	1,143880E+2
2,781250E+3	6,524736E+1	2,781250E+3	7,582872E+1	2,781250E+3	8,547984E+1	2,781250E+3	9,553305E+1	2,781250E+3	1,052759E+2	2,781250E+3	1,097712E+2	2,781250E+3	1,155642E+2
2,782812E+3	6,633712E+1	2,782812E+3	7,525427E+1	2,782812E+3	8,589630E+1	2,782812E+3	9,562684E+1	2,782812E+3	1,056417E+2	2,782812E+3	1,097740E+2	2,782812E+3	1,152259E+2
2,784375E+3	6,611497E+1	2,784375E+3	7,538805E+1	2,784375E+3	8,635664E+1	2,784375E+3	9,624892E+1	2,784375E+3	1,059216E+2	2,784375E+3	1,099827E+2	2,784375E+3	1,142891E+2
2,785937E+3	6,471100E+1	2,785937E+3	7,531535E+1	2,785937E+3	8,500936E+1	2,785937E+3	9,548788E+1	2,785937E+3	1,053049E+2	2,785937E+3	1,097295E+2	2,785937E+3	1,156299E+2
2,787500E+3	6,634358E+1	2,787500E+3	7,482594E+1	2,787500E+3	8,596568E+1	2,787500E+3	9,556044E+1	2,787500E+3	1,053919E+2	2,787500E+3	1,112390E+2	2,787500E+3	1,158163E+2
2,789062E+3	6,616336E+1	2,789062E+3	7,491414E+1	2,789062E+3	8,631610E+1	2,789062E+3	9,549943E+1	2,789062E+3	1,055265E+2	2,789062E+3	1,114147E+2	2,789062E+3	1,158861E+2
2,790625E+3	6,579734E+1	2,790625E+3	7,589618E+1	2,790625E+3	8,524464E+1	2,790625E+3	9,478127E+1	2,790625E+3	1,060360E+2	2,790625E+3	1,092632E+2	2,790625E+3	1,157337E+2
2,792187E+3	6,559478E+1	2,792187E+3	7,539975E+1	2,792187E+3	8,577944E+1	2,792187E+3	9,566017E+1	2,792187E+3	1,067633E+2	2,792187E+3	1,110020E+2	2,792187E+3	1,150880E+2
2,793750E+3	6,674056E+1	2,793750E+3	7,556793E+1	2,793750E+3	8,596640E+1	2,793750E+3	9,676514E+1	2,793750E+3	1,065411E+2	2,793750E+3	1,115505E+2	2,793750E+3	1,147208E+2
2,795312E+3	6,587731E+1	2,795312E+3	7,563072E+1	2,795312E+3	8,688611E+1	2,795312E+3	9,656753E+1	2,795312E+3	1,067702E+2	2,795312E+3	1,111424E+2	2,795312E+3	1,149235E+2
2,796875E+3	6,468055E+1	2,796875E+3	7,501866E+1	2,796875E+3	8,652254E+1	2,796875E+3	9,636190E+1	2,796875E+3	1,062388E+2	2,796875E+3	1,101980E+2	2,796875E+3	1,154819E+2
2,798437E+3	6,471414E+1	2,798437E+3	7,534108E+1	2,798437E+3	8,641266E+1	2,798437E+3	9,436078E+1	2,798437E+3	1,062623E+2	2,798437E+3	1,111911E+2	2,798437E+3	1,151380E+2
2,800000E+3	6,535276E+1	2,800000E+3	7,465877E+1	2,800000E+3	8,620257E+1	2,800000E+3	9,577939E+1	2,800000E+3	1,065997E+2	2,800000E+3	1,113780E+2	2,800000E+3	1,144897E+2
2,801562E+3	6,570247E+1	2,801562E+3	7,513874E+1	2,801562E+3	8,647567E+1	2,801562E+3	9,655806E+1	2,801562E+3	1,075058E+2	2,801562E+3	1,114562E+2	2,801562E+3	1,158945E+2
2,803125E+3	6,602293E+1	2,803125E+3	7,568472E+1	2,803125E+3	8,579975E+1	2,803125E+3	9,661281E+1	2,803125E+3	1,073854E+2	2,803125E+3	1,109615E+2	2,803125E+3	1,160649E+2
2,804687E+3	6,658301E+1	2,804687E+3	7,642940E+1	2,804687E+3	8,641842E+1	2,804687E+3	9,638624E+1	2,804687E+3	1,062360E+2	2,804687E+3	1,107127E+2	2,804687E+3	1,165877E+2
2,806250E+3	6,685109E+1	2,806250E+3	7,700695E+1	2,806250E+3	8,575584E+1	2,806250E+3	9,665064E+1	2,806250E+3	1,052527E+2	2,806250E+3	1,118284E+2	2,806250E+3	1,162739E+2
2,807812E+3	6,586546E+1	2,807812E+3	7,715165E+1	2,807812E+3	8,649195E+1	2,807812E+3	9,635867E+1	2,807812E+3	1,053270E+2	2,807812E+3	1,111800E+2	2,807812E+3	1,157047E+2
2,809375E+3	6,620314E+1	2,809375E+3	7,696069E+1	2,809375E+3	8,656438E+1	2,809375E+3	9,704925E+1	2,809375E+3	1,065105E+2	2,809375E+3	1,111744E+2	2,809375E+3	1,155452E+2
2,810937E+3	6,598113E+1	2,810937E+3	7,656811E+1	2,810937E+3	8,631112E+1	2,810937E+3	9,692917E+1	2,810937E+3	1,073234E+2	2,810937E+3	1,121653E+2	2,810937E+3	1,157069E+2
2,812500E+3	6,604742E+1	2,812500E+3	7,668008E+1	2,812500E+3	8,621585E+1	2,812500E+3	9,675962E+1	2,812500E+3	1,062307E+2	2,812500E+3	1,118035E+2	2,812500E+3	1,162478E+2
2,814062E+3	6,611309E+1	2,814062E+3	7,623203E+1	2,814062E+3	8,646638E+1	2,814062E+3	9,611075E+1	2,814062E+3	1,060911E+2	2,814062E+3	1,115333E+2	2,814062E+3	1,156544E+2
2,815625E+3	6,623985E+1	2,815625E+3	7,732012E+1	2,815625E+3	8,616413E+1	2,815625E+3	9,577615E+1	2,815625E+3	1,070105E+2	2,815625E+3	1,122368E+2	2,815625E+3	1,164381E+2
2,817187E+3	6,676315E+1	2,817187E+3	7,799086E+1	2,817187E+3	8,632539E+1	2,817187E+3	9,619475E+1	2,817187E+3	1,058132E+2	2,817187E+3	1,130554E+2	2,817187E+3	1,174489E+2
2,818750E+3	6,787091E+1	2,818750E+3	7,721224E+1	2,818750E+3	8,609843E+1	2,818750E+3	9,749689E+1	2,818750E+3	1,062991E+2	2,818750E+3	1,121705E+2	2,818750E+3	1,179592E+2
2,820312E+3	6,876833E+1	2,820312E+3	7,680733E+1	2,820312E+3	8,614372E+1	2,820312E+3	9,707777E+1	2,820312E+3	1,075300E+2	2,820312E+3	1,121337E+2	2,820312E+3	1,176959E+2
2,821875E+3	6,826931E+1	2,821875E+3	7,746281E+1	2,821875E+3	8,678319E+1	2,821875E+3	9,682437E+1	2,821875E+3	1,069999E+2	2,821875E+3	1,126438E+2	2,821875E+3	1,183858E+2
2,823437E+3	6,617196E+1	2,823437E+3	7,730944E+1	2,823437E+3	8,692477E+1	2,823437E+3	9,850551E+1	2,823437E+3	1,065997E+2	2,823437E+3	1,119963E+2	2,823437E+3	1,184624E+2
2,825000E+3	6,664978E+1	2,825000E+3	7,705070E+1	2,825000E+3	8,764458E+1	2,825000E+3	9,786824E+1	2,825000E+3	1,074764E+2	2,825000E+3	1,121513E+2	2,825000E+3	1,184644E+2
2,826562E+3	6,690208E+1	2,826562E+3	7,668341E+1	2,826562E+3	8,854950E+1	2,826562E+3	9,754224E+1	2,826562E+3	1,073057E+2	2,826562E+3	1,124038E+2	2,826562E+3	1,174446E+2
2,828125E+3	6,679531E+1	2,828125E+3	7,804891E+1	2,828125E+3	8,821188E+1	2,828125E+3	9,742163E+1	2,828125E+3	1,075665E+2	2,828125E+3	1,132314E+2	2,828125E+3	1,175675E+2
2,829687E+3	6,703428E+1	2,829687E+3	7,753352E+1	2,829687E+3	8,715609E+1	2,829687E+3	9,712353E+1	2,829687E+3	1,076817E+2	2,829687E+3	1,128251E+2	2,829687E+3	1,182880E+2
2,831250E+3	6,799500E+1	2,831250E+3	7,678072E+1	2,831250E+3	8,775674E+1	2,831250E+3	9,764907E+1	2,831250E+3	1,080866E+2	2,831250E+3	1,136141E+2	2,831250E+3	1,178813E+2
2,832812E+3	6,869320E+1	2,832812E+3	7,709105E+1	2,832812E+3	8,858026E+1	2,832812E+3	9,775201E+1	2,832812E+3	1,090488E+2	2,832812E+3	1,141204E+2	2,832812E+3	1,180356E+2
2,834375E+3	6,815454E+1	2,834375E+3	7,787077E+1	2,834375E+3	8,767044E+1	2,834375E+3	9,776345E+1	2,834375E+3	1,083681E+2	2,834375E+3	1,132417E+2	2,834375E+3	1,180498E+2
2,835937E+3	6,835223E+1	2,835937E+3	7,747185E+1	2,835937E+3	8,812267E+1	2,835937E+3	9,790966E+1	2,835937E+3	1,083531E+2	2,835937E+3	1,142036E+2	2,835937E+3	1,176310E+2
2,837500E+3	6,892556E+1	2,837500E+3	7,879838E+1	2,837500E+3	8,874642E+1	2,837500E+3	9,825248E+1	2,837500E+3	1,084994E+2	2,837500E+3	1,143541E+2	2,837500E+3	1,183432E+2
2,839062E+3	6,995727E+1	2,839062E+3	7,839897E+1	2,839062E+3	8,856642E+1	2,839062E+3	9,756230E+1	2,839062E+3	1,083469E+2	2,839062E+3	1,136755E+2	2,839062E+3	1,180066E+2
2,840625E+3	6,943329E+1	2,840625E+3	7,915728E+1	2,840625E+3	8,770221E+1	2,840625E+3	9,816004E+1	2,840625E+3	1,086049E+2	2,840625E+3	1,137329E+2	2,840625E+3	1,177717E+2
2,842187E+3	6,862781E+1	2,842187E+3	7,946116E+1	2,842187E+3	8,915766E+1	2,842187E+3	9,934293E+1	2,842187E+3	1,085562E+2	2,842187E+3	1,141019E+2	2,842187E+3	1,183597E+2
2,843750E+3	7,034202E+1	2,843750E+3	7,942792E+1	2,843750E+3	8,861716E+1	2,843750E+3	9,866168E+1	2,843750E+3	1,091342E+2	2,843750E+3	1,142998E+2	2,843750E+3	1,175573E+2
2,845312E+3	6,935984E+1	2,845312E+3	7,873640E+1	2,845312E+3	8,963487E+1	2,845312E+3	9,874019E+1	2,845312E+3	1,087928E+2	2,845312E+3	1,147563E+2	2,845312E+3	1,186497E+2
2,846875E+3	6,968450E+1	2,846875E+3	7,825418E+1	2,846875E+3	8,928702E+1	2,846875E+3	1,003656E+2	2,846875E+3	1,089836E+2	2,846875E+3	1,150591E+2	2,846875E+3	1,191236E+2
2,848437E+3	7,032857E+1	2,848437E+3	7,911703E+1	2,848437E+3	8,855493E+1	2,848437E+3	9,995421E+1	2,848437E+3	1,095449E+2	2,848437E+3	1,149362E+2	2,848437E+3	1,186361E+2
2,850000E+3	7,113516E+1	2,850000E+3	7,899364E+1	2,850000E+3	8,978602E+1	2,850000E+3	1,001637E+2	2,850000E+3	1,101880E+2	2,850000E+3	1,155479E+2	2,850000E+3	1,186606E+2
2,851562E+3	7,132917E+1	2,851562E+3	7,961941E+1	2,851562E+3	9,135305E+1	2,851562E+3	9,991200E+1	2,851562E+3	1,098007E+2	2,851562E+3	1,160234E+2	2,851562E+3	1,192767E+2
2,853125E+3	7,103670E+1	2,853125E+3	8,078445E+1	2,853125E+3	9,080517E+1	2,853125E+3	9,967680E+1	2,853125E+3	1,100701E+2	2,853125E+3	1,158033E+2	2,853125E+3	1,193359E+2
2,854687E+3	7,067736E+1	2,854687E+3	8,011072E+1	2,854687E+3	9,034360E+1	2,854687E+3	9,934075E+1	2,854687E+3	1,105127E+2	2,854687E+3	1,153219E+2	2,854687E+3	1,197272E+2
2,856250E+3	6,992881E+1	2,856250E+3	7,968796E+1	2,856250E+3	9,151708E+1	2,856250E+3	9,944576E+1	2,856250E+3	1,098208E+2	2,856250E+3	1,152784E+2	2,856250E+3	1,189898E+2
2,857812E+3	6,956698E+1	2,857812E+3	8,069309E+1	2,857812E+3	9,179130E+1	2,857812E+3	1,002264E+2	2,857812E+3	1,091104E+2	2,857812E+3	1,145209E+2	2,857812E+3	1,174795E+2
2,859375E+3	6,944474E+1	2,859375E+3	8,060238E+1	2,859375E+3	9,080640E+1	2,859375E+3	9,891867E+1	2,859375E+3	1,089082E+2	2,859375E+3	1,158517E+2	2,859375E+3	1,175726E+2
2,860937E+3	7,013473E+1	2,860937E+3	8,121666E+1	2,860937E+3	9,124575E+1	2,860937E+3	9,883769E+1	2,860937E+3	1,094895E+2	2,860937E+3	1,146247E+2	2,860937E+3	1,188332E+2
2,862500E+3	7,085796E+1	2,862500E+3	8,131738E+1	2,862500E+3	9,164497E+1	2,862500E+3	1,000216E+2	2,862500E+3	1,096193E+2	2,862500E+3	1,144873E+2	2,862500E+3	1,184538E+2
2,864062E+3	7,109316E+1	2,864062E+3	8,101025E+1	2,864062E+3	9,083801E+1	2,864062E+3	9,996828E+1	2,864062E+3	1,090356E+2	2,864062E+3	1,141191E+2	2,864062E+3	1,200637E+2
2,865625E+3	7,159061E+1	2,865625E+3	7,972174E+1	2,865625E+3	9,105959E+1	2,865625E+3	9,956208E+1	2,865625E+3	1,095050E+2	2,865625E+3	1,152219E+2	2,865625E+3	1,193822E+2
2,867187E+3	7,168773E+1	2,867187E+3	8,039820E+1	2,867187E+3	9,049366E+1	2,867187E+3	1,002414E+2	2,867187E+3	1,092953E+2	2,867187E+3	1,152321E+2	2,867187E+3	1,182670E+2
2,868750E+3	7,126348E+1	2,868750E+3	7,984721E+1	2,868750E+3	8,987239E+1	2,868750E+3	1,004142E+2	2,868750E+3	1,092654E+2	2,868750E+3	1,155499E+2	2,868750E+3	1,193503E+2
2,870312E+3	7,100888E+1	2,870312E+3	8,131238E+1	2,870312E+3	9,015984E+1	2,870312E+3	9,995673E+1	2,870312E+3	1,096331E+2	2,870312E+3	1,150026E+2	2,870312E+3	1,197333E+2
2,871875E+3	7,133988E+1	2,871875E+3	8,114019E+1	2,871875E+3	9,133859E+1	2,871875E+3	1,001667E+2	2,871875E+3	1,104976E+2	2,871875E+3	1,142067E+2	2,871875E+3	1,194216E+2
2,873437E+3	7,102768E+1	2,873437E+3	8,114407E+1	2,873437E+3	9,078237E+1	2,873437E+3	1,006056E+2	2,873437E+3	1,107498E+2	2,873437E+3	1,134620E+2	2,873437E+3	1,183259E+2
2,875000E+3	7,084582E+1	2,875000E+3	8,079205E+1	2,875000E+3	8,967041E+1	2,875000E+3	1,001332E+2	2,875000E+3	1,092135E+2	2,875000E+3	1,141598E+2	2,875000E+3	1,178786E+2
2,876562E+3	7,060796E+1	2,876562E+3	8,116987E+1	2,876562E+3	8,984414E+1	2,876562E+3	1,002683E+2	2,876562E+3	1,086174E+2	2,876562E+3	1,145241E+2	2,876562E+3	1,175102E+2
2,878125E+3	7,185569E+1	2,878125E+3	8,107288E+1	2,878125E+3	8,970190E+1	2,878125E+3	1,001124E+2	2,878125E+3	1,077076E+2	2,878125E+3	1,136939E+2	2,878125E+3	1,173730E+2
2,879687E+3	7,423598E+1	2,879687E+3	8,000242E+1	2,879687E+3	9,056204E+1	2,879687E+3	9,924936E+1	2,879687E+3	1,076262E+2	2,879687E+3	1,125113E+2	2,879687E+3	1,178608E+2
2,881250E+3	7,485908E+1	2,881250E+3	7,998430E+1	2,881250E+3	9,015831E+1	2,881250E+3	9,934661E+1	2,881250E+3	1,091257E+2	2,881250E+3	1,131444E+2	2,881250E+3	1,170092E+2
2,882812E+3	7,256162E+1	2,882812E+3	7,919551E+1	2,882812E+3	9,095072E+1	2,882812E+3	9,993212E+1	2,882812E+3	1,086648E+2	2,882812E+3	1,131923E+2	2,882812E+3	1,159152E+2
2,884375E+3	7,079680E+1	2,884375E+3	7,923662E+1	2,884375E+3	8,868952E+1	2,884375E+3	1,003568E+2	2,884375E+3	1,093845E+2	2,884375E+3	1,127645E+2	2,884375E+3	1,154340E+2
2,885937E+3	7,064533E+1	2,885937E+3	8,056601E+1	2,885937E+3	8,953390E+1	2,885937E+3	9,996774E+1	2,885937E+3	1,078761E+2	2,885937E+3	1,128525E+2	2,885937E+3	1,163700E+2
2,887500E+3	6,961642E+1	2,887500E+3	8,054986E+1	2,887500E+3	8,971120E+1	2,887500E+3	9,995284E+1	2,887500E+3	1,084142E+2	2,887500E+3	1,120296E+2	2,887500E+3	1,157862E+2
2,889062E+3	6,898802E+1	2,889062E+3	7,905522E+1	2,889062E+3	8,939078E+1	2,889062E+3	9,818877E+1	2,889062E+3	1,079740E+2	2,889062E+3	1,118234E+2	2,889062E+3	1,164684E+2
2,890625E+3	6,950769E+1	2,890625E+3	7,933254E+1	2,890625E+3	8,969693E+1	2,890625E+3	9,784635E+1	2,890625E+3	1,077007E+2	2,890625E+3	1,121886E+2	2,890625E+3	1,161433E+2
2,892187E+3	6,878088E+1	2,892187E+3	7,916393E+1	2,892187E+3	8,948057E+1	2,892187E+3	9,810183E+1	2,892187E+3	1,075550E+2	2,892187E+3	1,115927E+2	2,892187E+3	1,161051E+2
2,893750E+3	6,829571E+1	2,893750E+3	7,810017E+1	2,893750E+3	8,834688E+1	2,893750E+3	9,832839E+1	2,893750E+3	1,065269E+2	2,893750E+3	1,104058E+2	2,893750E+3	1,163789E+2
2,895312E+3	6,868771E+1	2,895312E+3	7,800280E+1	2,895312E+3	8,883378E+1	2,895312E+3	9,799284E+1	2,895312E+3	1,050641E+2	2,895312E+3	1,099176E+2	2,895312E+3	1,159867E+2
2,896875E+3	6,820153E+1	2,896875E+3	7,803932E+1	2,896875E+3	8,885141E+1	2,896875E+3	9,742895E+1	2,896875E+3	1,072605E+2	2,896875E+3	1,103230E+2	2,896875E+3	1,154977E+2
2,898437E+3	6,878596E+1	2,898437E+3	7,842381E+1	2,898437E+3	8,840536E+1	2,898437E+3	9,727753E+1	2,898437E+3	1,072883E+2	2,898437E+3	1,102279E+2	2,898437E+3	1,151860E+2
2,900000E+3	6,702709E+1	2,900000E+3	7,907819E+1	2,900000E+3	8,767140E+1	2,900000E+3	9,680185E+1	2,900000E+3	1,053390E+2	2,900000E+3	1,107756E+2	2,900000E+3	1,156319E+2
2,901562E+3	6,525375E+1	2,901562E+3	7,877882E+1	2,901562E+3	8,708513E+1	2,901562E+3	9,686866E+1	2,901562E+3	1,050334E+2	2,901562E+3	1,111660E+2	2,901562E+3	1,147230E+2
2,903125E+3	6,693861E+1	2,903125E+3	7,747500E+1	2,903125E+3	8,670071E+1	2,903125E+3	9,721710E+1	2,903125E+3	1,054703E+2	2,903125E+3	1,110894E+2	2,903125E+3	1,144909E+2
2,904687E+3	6,810269E+1	2,904687E+3	7,677478E+1	2,904687E+3	8,620390E+1	2,904687E+3	9,745000E+1	2,904687E+3	1,069911E+2	2,904687E+3	1,111119E+2	2,904687E+3	1,144892E+2
2,906250E+3	6,760266E+1	2,906250E+3	7,766513E+1	2,906250E+3	8,568892E+1	2,906250E+3	9,732676E+1	2,906250E+3	1,062814E+2	2,906250E+3	1,111072E+2	2,906250E+3	1,138882E+2
2,907812E+3	6,729387E+1	2,907812E+3	7,744505E+1	2,907812E+3	8,747337E+1	2,907812E+3	9,715714E+1	2,907812E+3	1,053089E+2	2,907812E+3	1,107962E+2	2,907812E+3	1,148107E+2
2,909375E+3	6,776846E+1	2,909375E+3	7,700680E+1	2,909375E+3	8,671098E+1	2,909375E+3	9,713597E+1	2,909375E+3	1,054948E+2	2,909375E+3	1,097185E+2	2,909375E+3	1,146145E+2
2,910937E+3	6,728234E+1	2,910937E+3	7,732058E+1	2,910937E+3	8,641965E+1	2,910937E+3	9,606244E+1	2,910937E+3	1,058687E+2	2,910937E+3	1,091576E+2	2,910937E+3	1,136739E+2
2,912500E+3	6,564905E+1	2,912500E+3	7,754623E+1	2,912500E+3	8,609601E+1	2,912500E+3	9,656512E+1	2,912500E+3	1,064319E+2	2,912500E+3	1,095080E+2	2,912500E+3	1,136288E+2
2,914062E+3	6,571899E+1	2,914062E+3	7,715808E+1	2,914062E+3	8,641487E+1	2,914062E+3	9,648064E+1	2,914062E+3	1,055718E+2	2,914062E+3	1,106113E+2	2,914062E+3	1,133845E+2
2,915625E+3	6,518013E+1	2,915625E+3	7,686442E+1	2,915625E+3	8,762369E+1	2,915625E+3	9,614065E+1	2,915625E+3	1,044388E+2	2,915625E+3	1,106604E+2	2,915625E+3	1,129675E+2
2,917187E+3	6,499562E+1	2,917187E+3	7,649970E+1	2,917187E+3	8,656230E+1	2,917187E+3	9,491711E+1	2,917187E+3	1,035755E+2	2,917187E+3	1,095857E+2	2,917187E+3	1,134823E+2
2,918750E+3	6,446465E+1	2,918750E+3	7,576137E+1	2,918750E+3	8,580859E+1	2,918750E+3	9,464878E+1	2,918750E+3	1,043927E+2	2,918750E+3	1,093414E+2	2,918750E+3	1,122795E+2
2,920312E+3	6,536547E+1	2,920312E+3	7,486566E+1	2,920312E+3	8,450482E+1	2,920312E+3	9,522493E+1	2,920312E+3	1,053828E+2	2,920312E+3	1,089087E+2	2,920312E+3	1,130483E+2
2,921875E+3	6,559249E+1	2,921875E+3	7,592334E+1	2,921875E+3	8,519054E+1	2,921875E+3	9,541117E+1	2,921875E+3	1,044318E+2	2,921875E+3	1,094200E+2	2,921875E+3	1,138547E+2
2,923437E+3	6,484094E+1	2,923437E+3	7,641932E+1	2,923437E+3	8,515780E+1	2,923437E+3	9,571734E+1	2,923437E+3	1,044749E+2	2,923437E+3	1,096237E+2	2,923437E+3	1,128577E+2
2,925000E+3	6,371868E+1	2,925000E+3	7,470503E+1	2,925000E+3	8,469542E+1	2,925000E+3	9,599317E+1	2,925000E+3	1,049658E+2	2,925000E+3	1,093606E+2	2,925000E+3	1,120219E+2
2,926562E+3	6,472373E+1	2,926562E+3	7,477147E+1	2,926562E+3	8,506299E+1	2,926562E+3	9,484047E+1	2,926562E+3	1,047863E+2	2,926562E+3	1,087917E+2	2,926562E+3	1,118110E+2
2,928125E+3	6,511640E+1	2,928125E+3	7,463410E+1	2,928125E+3	8,464617E+1	2,928125E+3	9,281769E+1	2,928125E+3	1,040218E+2	2,928125E+3	1,083977E+2	2,928125E+3	1,127493E+2
2,929687E+3	6,429898E+1	2,929687E+3	7,303258E+1	2,929687E+3	8,480072E+1	2,929687E+3	9,474401E+1	2,929687E+3	1,041814E+2	2,929687E+3	1,093164E+2	2,929687E+3	1,129076E+2
2,931250E+3	6,428600E+1	2,931250E+3	7,400305E+1	2,931250E+3	8,583046E+1	2,931250E+3	9,496010E+1	2,931250E+3	1,040288E+2	2,931250E+3	1,092532E+2	2,931250E+3	1,111660E+2
2,932812E+3	6,501521E+1	2,932812E+3	7,454928E+1	2,932812E+3	8,517524E+1	2,932812E+3	9,476461E+1	2,932812E+3	1,038504E+2	2,932812E+3	1,090140E+2	2,932812E+3	1,120895E+2
2,934375E+3	6,419491E+1	2,934375E+3	7,514667E+1	2,934375E+3	8,358435E+1	2,934375E+3	9,431554E+1	2,934375E+3	1,038011E+2	2,934375E+3	1,085950E+2	2,934375E+3	1,127010E+2
2,935937E+3	6,289781E+1	2,935937E+3	7,409937E+1	2,935937E+3	8,397335E+1	2,935937E+3	9,397727E+1	2,935937E+3	1,031093E+2	2,935937E+3	1,090069E+2	2,935937E+3	1,128885E+2
2,937500E+3	6,919502E+1	2,937500E+3	7,491838E+1	2,937500E+3	8,398876E+1	2,937500E+3	9,395234E+1	2,937500E+3	1,028350E+2	2,937500E+3	1,089684E+2	2,937500E+3	1,117212E+2
2,939062E+3	7,428982E+1	2,939062E+3	7,841974E+1	2,939062E+3	8,369218E+1	2,939062E+3	9,353164E+1	2,939062E+3	1,026307E+2	2,939062E+3	1,094198E+2	2,939062E+3	1,108905E+2
2,940625E+3	7,640680E+1	2,940625E+3	7,906754E+1	2,940625E+3	8,474638E+1	2,940625E+3	9,272808E+1	2,940625E+3	1,034464E+2	2,940625E+3	1,082725E+2	2,940625E+3	1,121665E+2
2,942187E+3	7,347919E+1	2,942187E+3	7,558692E+1	2,942187E+3	8,472956E+1	2,942187E+3	9,268008E+1	2,942187E+3	1,042070E+2	2,942187E+3	1,078028E+2	2,942187E+3	1,122807E+2
2,943750E+3	6,617986E+1	2,943750E+3	7,432506E+1	2,943750E+3	8,324914E+1	2,943750E+3	9,324568E+1	2,943750E+3	1,026694E+2	2,943750E+3	1,080981E+2	2,943750E+3	1,118287E+2
2,945312E+3	6,346311E+1	2,945312E+3	7,339004E+1	2,945312E+3	8,241353E+1	2,945312E+3	9,354795E+1	2,945312E+3	1,023766E+2	2,945312E+3	1,082651E+2	2,945312E+3	1,108479E+2
2,946875E+3	6,316059E+1	2,946875E+3	7,388844E+1	2,946875E+3	8,450703E+1	2,946875E+3	9,288877E+1	2,946875E+3	1,029058E+2	2,946875E+3	1,086282E+2	2,946875E+3	1,110062E+2
2,948437E+3	6,368274E+1	2,948437E+3	7,347465E+1	2,948437E+3	8,490643E+1	2,948437E+3	9,336849E+1	2,948437E+3	1,038128E+2	2,948437E+3	1,079983E+2	2,948437E+3	1,113632E+2
2,950000E+3	6,292696E+1	2,950000E+3	7,374362E+1	2,950000E+3	8,423085E+1	2,950000E+3	9,378732E+1	2,950000E+3	1,033433E+2	2,950000E+3	1,074323E+2	2,950000E+3	1,118579E+2
2,951562E+3	6,193772E+1	2,951562E+3	7,381617E+1	2,951562E+3	8,288746E+1	2,951562E+3	9,329565E+1	2,951562E+3	1,025208E+2	2,951562E+3	1,064651E+2	2,951562E+3	1,108821E+2
2,953125E+3	6,356748E+1	2,953125E+3	7,460157E+1	2,953125E+3	8,350648E+1	2,953125E+3	9,442120E+1	2,953125E+3	1,034109E+2	2,953125E+3	1,072821E+2	2,953125E+3	1,111132E+2
2,954687E+3	6,412359E+1	2,954687E+3	7,445658E+1	2,954687E+3	8,375690E+1	2,954687E+3	9,459578E+1	2,954687E+3	1,038602E+2	2,954687E+3	1,070725E+2	2,954687E+3	1,115006E+2
2,956250E+3	6,280962E+1	2,956250E+3	7,393212E+1	2,956250E+3	8,414348E+1	2,956250E+3	9,399170E+1	2,956250E+3	1,029182E+2	2,956250E+3	1,072927E+2	2,956250E+3	1,115414E+2
2,957812E+3	6,310460E+1	2,957812E+3	7,303252E+1	2,957812E+3	8,414989E+1	2,957812E+3	9,351760E+1	2,957812E+3	1,024808E+2	2,957812E+3	1,086851E+2	2,957812E+3	1,126502E+2
2,959375E+3	6,389217E+1	2,959375E+3	7,331721E+1	2,959375E+3	8,435340E+1	2,959375E+3	9,337238E+1	2,959375E+3	1,030931E+2	2,959375E+3	1,084482E+2	2,959375E+3	1,120797E+2
2,960937E+3	6,495724E+1	2,960937E+3	7,331821E+1	2,960937E+3	8,338434E+1	2,960937E+3	9,306536E+1	2,960937E+3	1,036517E+2	2,960937E+3	1,069541E+2	2,960937E+3	1,104292E+2
2,962500E+3	6,401322E+1	2,962500E+3	7,471083E+1	2,962500E+3	8,358873E+1	2,962500E+3	9,357710E+1	2,962500E+3	1,037882E+2	2,962500E+3	1,078129E+2	2,962500E+3	1,109378E+2
2,964062E+3	6,353890E+1	2,964062E+3	7,419339E+1	2,964062E+3	8,371671E+1	2,964062E+3	9,217579E+1	2,964062E+3	1,041684E+2	2,964062E+3	1,076488E+2	2,964062E+3	1,116556E+2
2,965625E+3	6,431262E+1	2,965625E+3	7,461129E+1	2,965625E+3	8,431690E+1	2,965625E+3	9,219801E+1	2,965625E+3	1,039387E+2	2,965625E+3	1,085747E+2	2,965625E+3	1,119776E+2
2,967187E+3	6,443864E+1	2,967187E+3	7,470752E+1	2,967187E+3	8,433069E+1	2,967187E+3	9,284715E+1	2,967187E+3	1,030743E+2	2,967187E+3	1,078250E+2	2,967187E+3	1,115640E+2
2,968750E+3	6,380506E+1	2,968750E+3	7,379971E+1	2,968750E+3	8,439894E+1	2,968750E+3	9,345766E+1	2,968750E+3	1,032401E+2	2,968750E+3	1,071079E+2	2,968750E+3	1,118339E+2
2,970312E+3	6,280595E+1	2,970312E+3	7,359625E+1	2,970312E+3	8,494696E+1	2,970312E+3	9,418841E+1	2,970312E+3	1,032703E+2	2,970312E+3	1,064012E+2	2,970312E+3	1,112855E+2
2,971875E+3	6,258568E+1	2,971875E+3	7,479646E+1	2,971875E+3	8,436861E+1	2,971875E+3	9,328162E+1	2,971875E+3	1,027290E+2	2,971875E+3	1,071933E+2	2,971875E+3	1,119770E+2
2,973437E+3	6,264362E+1	2,973437E+3	7,591217E+1	2,973437E+3	8,482573E+1	2,973437E+3	9,435798E+1	2,973437E+3	1,019201E+2	2,973437E+3	1,087926E+2	2,973437E+3	1,121062E+2
2,975000E+3	6,286029E+1	2,975000E+3	7,556106E+1	2,975000E+3	8,391953E+1	2,975000E+3	9,378165E+1	2,975000E+3	1,033746E+2	2,975000E+3	1,083431E+2	2,975000E+3	1,122012E+2
2,976562E+3	6,329221E+1	2,976562E+3	7,395549E+1	2,976562E+3	8,346767E+1	2,976562E+3	9,329620E+1	2,976562E+3	1,039767E+2	2,976562E+3	1,095309E+2	2,976562E+3	1,123067E+2
2,978125E+3	6,406671E+1	2,978125E+3	7,434133E+1	2,978125E+3	8,397343E+1	2,978125E+3	9,275870E+1	2,978125E+3	1,041421E+2	2,978125E+3	1,087285E+2	2,978125E+3	1,127453E+2
2,979687E+3	6,422384E+1	2,979687E+3	7,410461E+1	2,979687E+3	8,387179E+1	2,979687E+3	9,440027E+1	2,979687E+3	1,047758E+2	2,979687E+3	1,073365E+2	2,979687E+3	1,123625E+2
2,981250E+3	6,513675E+1	2,981250E+3	7,412547E+1	2,981250E+3	8,468759E+1	2,981250E+3	9,474639E+1	2,981250E+3	1,044258E+2	2,981250E+3	1,073801E+2	2,981250E+3	1,120494E+2
2,982812E+3	6,498108E+1	2,982812E+3	7,401522E+1	2,982812E+3	8,485905E+1	2,982812E+3	9,500423E+1	2,982812E+3	1,035690E+2	2,982812E+3	1,074014E+2	2,982812E+3	1,119821E+2
2,984375E+3	6,476566E+1	2,984375E+3	7,512058E+1	2,984375E+3	8,343394E+1	2,984375E+3	9,434726E+1	2,984375E+3	1,040112E+2	2,984375E+3	1,078849E+2	2,984375E+3	1,121182E+2
2,985937E+3	6,565862E+1	2,985937E+3	7,590078E+1	2,985937E+3	8,417516E+1	2,985937E+3	9,277802E+1	2,985937E+3	1,040955E+2	2,985937E+3	1,084141E+2	2,985937E+3	1,132583E+2
2,987500E+3	6,558161E+1	2,987500E+3	7,541871E+1	2,987500E+3	8,547358E+1	2,987500E+3	9,477696E+1	2,987500E+3	1,040839E+2	2,987500E+3	1,083114E+2	2,987500E+3	1,131256E+2
2,989062E+3	6,541391E+1	2,989062E+3	7,445782E+1	2,989062E+3	8,471071E+1	2,989062E+3	9,484603E+1	2,989062E+3	1,046460E+2	2,989062E+3	1,086669E+2	2,989062E+3	1,132617E+2
2,990625E+3	6,661139E+1	2,990625E+3	7,475283E+1	2,990625E+3	8,458765E+1	2,990625E+3	9,539460E+1	2,990625E+3	1,036884E+2	2,990625E+3	1,090779E+2	2,990625E+3	1,127934E+2
2,992187E+3	6,700558E+1	2,992187E+3	7,513084E+1	2,992187E+3	8,431782E+1	2,992187E+3	9,460875E+1	2,992187E+3	1,027241E+2	2,992187E+3	1,089236E+2	2,992187E+3	1,119065E+2
2,993750E+3	6,521276E+1	2,993750E+3	7,492925E+1	2,993750E+3	8,457577E+1	2,993750E+3	9,446079E+1	2,993750E+3	1,034456E+2	2,993750E+3	1,084965E+2	2,993750E+3	1,128269E+2
2,995312E+3	6,502549E+1	2,995312E+3	7,469953E+1	2,995312E+3	8,638419E+1	2,995312E+3	9,556183E+1	2,995312E+3	1,038842E+2	2,995312E+3	1,074824E+2	2,995312E+3	1,135379E+2
2,996875E+3	6,555749E+1	2,996875E+3	7,610830E+1	2,996875E+3	8,599889E+1	2,996875E+3	9,455323E+1	2,996875E+3	1,051682E+2	2,996875E+3	1,089420E+2	2,996875E+3	1,130838E+2
2,998437E+3	6,828998E+1	2,998437E+3	7,709819E+1	2,998437E+3	8,618358E+1	2,998437E+3	9,490842E+1	2,998437E+3	1,055450E+2	2,998437E+3	1,097978E+2	2,998437E+3	1,134987E+2
3,000000E+3	7,039280E+1	3,000000E+3	7,745602E+1	3,000000E+3	8,617238E+1	3,000000E+3	9,489582E+1	3,000000E+3	1,055396E+2	3,000000E+3	1,090526E+2	3,000000E+3	1,141141E+2
3,001562E+3	7,087456E+1	3,001562E+3	7,560322E+1	3,001562E+3	8,665152E+1	3,001562E+3	9,512101E+1	3,001562E+3	1,057996E+2	3,001562E+3	1,096654E+2	3,001562E+3	1,147850E+2
3,003125E+3	6,703163E+1	3,003125E+3	7,572520E+1	3,003125E+3	8,657690E+1	3,003125E+3	9,478851E+1	3,003125E+3	1,048083E+2	3,003125E+3	1,102325E+2	3,003125E+3	1,142330E+2
3,004687E+3	6,649787E+1	3,004687E+3	7,664479E+1	3,004687E+3	8,732692E+1	3,004687E+3	9,531874E+1	3,004687E+3	1,055611E+2	3,004687E+3	1,098638E+2	3,004687E+3	1,127050E+2
3,006250E+3	6,624689E+1	3,006250E+3	7,759249E+1	3,006250E+3	8,671349E+1	3,006250E+3	9,502655E+1	3,006250E+3	1,062842E+2	3,006250E+3	1,112132E+2	3,006250E+3	1,135173E+2
3,007812E+3	6,615052E+1	3,007812E+3	7,605622E+1	3,007812E+3	8,635093E+1	3,007812E+3	9,610277E+1	3,007812E+3	1,062752E+2	3,007812E+3	1,105315E+2	3,007812E+3	1,141741E+2
3,009375E+3	6,673796E+1	3,009375E+3	7,563867E+1	3,009375E+3	8,581683E+1	3,009375E+3	9,625443E+1	3,009375E+3	1,062511E+2	3,009375E+3	1,097851E+2	3,009375E+3	1,143605E+2
3,010937E+3	6,659879E+1	3,010937E+3	7,612276E+1	3,010937E+3	8,665482E+1	3,010937E+3	9,632967E+1	3,010937E+3	1,061367E+2	3,010937E+3	1,113703E+2	3,010937E+3	1,150695E+2
3,012500E+3	6,754086E+1	3,012500E+3	7,588861E+1	3,012500E+3	8,782539E+1	3,012500E+3	9,601709E+1	3,012500E+3	1,061098E+2	3,012500E+3	1,119062E+2	3,012500E+3	1,155380E+2
3,014062E+3	6,827028E+1	3,014062E+3	7,615008E+1	3,014062E+3	8,770240E+1	3,014062E+3	9,667410E+1	3,014062E+3	1,053536E+2	3,014062E+3	1,109210E+2	3,014062E+3	1,141641E+2
3,015625E+3	6,796574E+1	3,015625E+3	7,629867E+1	3,015625E+3	8,790994E+1	3,015625E+3	9,684163E+1	3,015625E+3	1,060276E+2	3,015625E+3	1,109464E+2	3,015625E+3	1,140222E+2
3,017187E+3	6,698311E+1	3,017187E+3	7,799694E+1	3,017187E+3	8,683498E+1	3,017187E+3	9,599217E+1	3,017187E+3	1,069834E+2	3,017187E+3	1,105411E+2	3,017187E+3	1,139903E+2
3,018750E+3	6,758745E+1	3,018750E+3	7,836269E+1	3,018750E+3	8,737652E+1	3,018750E+3	9,741497E+1	3,018750E+3	1,064056E+2	3,018750E+3	1,113226E+2	3,018750E+3	1,131487E+2
3,020312E+3	6,636047E+1	3,020312E+3	7,732116E+1	3,020312E+3	8,820685E+1	3,020312E+3	9,832881E+1	3,020312E+3	1,064182E+2	3,020312E+3	1,114228E+2	3,020312E+3	1,127809E+2
3,021875E+3	6,768681E+1	3,021875E+3	7,675655E+1	3,021875E+3	8,814908E+1	3,021875E+3	9,742078E+1	3,021875E+3	1,063757E+2	3,021875E+3	1,104513E+2	3,021875E+3	1,142089E+2
3,023437E+3	6,833534E+1	3,023437E+3	7,840080E+1	3,023437E+3	8,871423E+1	3,023437E+3	9,768982E+1	3,023437E+3	1,080210E+2	3,023437E+3	1,120678E+2	3,023437E+3	1,143115E+2
3,025000E+3	6,804052E+1	3,025000E+3	7,790872E+1	3,025000E+3	8,918399E+1	3,025000E+3	9,762051E+1	3,025000E+3	1,075162E+2	3,025000E+3	1,111703E+2	3,025000E+3	1,135130E+2
3,026562E+3	6,871423E+1	3,026562E+3	7,784062E+1	3,026562E+3	8,807403E+1	3,026562E+3	9,733801E+1	3,026562E+3	1,074389E+2	3,026562E+3	1,110850E+2	3,026562E+3	1,148993E+2
3,028125E+3	6,900645E+1	3,028125E+3	7,840004E+1	3,028125E+3	8,825430E+1	3,028125E+3	9,750877E+1	3,028125E+3	1,065833E+2	3,028125E+3	1,111167E+2	3,028125E+3	1,139950E+2
3,029687E+3	6,789802E+1	3,029687E+3	7,882442E+1	3,029687E+3	8,758247E+1	3,029687E+3	9,715480E+1	3,029687E+3	1,072957E+2	3,029687E+3	1,111115E+2	3,029687E+3	1,140416E+2
3,031250E+3	6,850168E+1	3,031250E+3	7,867823E+1	3,031250E+3	8,835683E+1	3,031250E+3	9,657331E+1	3,031250E+3	1,064995E+2	3,031250E+3	1,115560E+2	3,031250E+3	1,135896E+2
3,032812E+3	6,813789E+1	3,032812E+3	7,809478E+1	3,032812E+3	8,799126E+1	3,032812E+3	9,661567E+1	3,032812E+3	1,052919E+2	3,032812E+3	1,112249E+2	3,032812E+3	1,143762E+2
3,034375E+3	6,687718E+1	3,034375E+3	7,731022E+1	3,034375E+3	8,684196E+1	3,034375E+3	9,680224E+1	3,034375E+3	1,067351E+2	3,034375E+3	1,101689E+2	3,034375E+3	1,140161E+2
3,035937E+3	6,621327E+1	3,035937E+3	7,645980E+1	3,035937E+3	8,702243E+1	3,035937E+3	9,736886E+1	3,035937E+3	1,063737E+2	3,035937E+3	1,105565E+2	3,035937E+3	1,131433E+2
3,037500E+3	6,647374E+1	3,037500E+3	7,702753E+1	3,037500E+3	8,731402E+1	3,037500E+3	9,761284E+1	3,037500E+3	1,063600E+2	3,037500E+3	1,099096E+2	3,037500E+3	1,135860E+2
3,039062E+3	6,637293E+1	3,039062E+3	7,566184E+1	3,039062E+3	8,745793E+1	3,039062E+3	9,664145E+1	3,039062E+3	1,058397E+2	3,039062E+3	1,098969E+2	3,039062E+3	1,126968E+2
3,040625E+3	6,712659E+1	3,040625E+3	7,563454E+1	3,040625E+3	8,725619E+1	3,040625E+3	9,608302E+1	3,040625E+3	1,054860E+2	3,040625E+3	1,091432E+2	3,040625E+3	1,123344E+2
3,042187E+3	6,634201E+1	3,042187E+3	7,515404E+1	3,042187E+3	8,665798E+1	3,042187E+3	9,602802E+1	3,042187E+3	1,048254E+2	3,042187E+3	1,089779E+2	3,042187E+3	1,126220E+2
3,043750E+3	6,567624E+1	3,043750E+3	7,411302E+1	3,043750E+3	8,476948E+1	3,043750E+3	9,525928E+1	3,043750E+3	1,051101E+2	3,043750E+3	1,093147E+2	3,043750E+3	1,130053E+2
3,045312E+3	6,480413E+1	3,045312E+3	7,427730E+1	3,045312E+3	8,599280E+1	3,045312E+3	9,566762E+1	3,045312E+3	1,052774E+2	3,045312E+3	1,087194E+2	3,045312E+3	1,132057E+2
3,046875E+3	6,524340E+1	3,046875E+3	7,489590E+1	3,046875E+3	8,583665E+1	3,046875E+3	9,617987E+1	3,046875E+3	1,050989E+2	3,046875E+3	1,094640E+2	3,046875E+3	1,137655E+2
3,048437E+3	6,345290E+1	3,048437E+3	7,519725E+1	3,048437E+3	8,521093E+1	3,048437E+3	9,554851E+1	3,048437E+3	1,048339E+2	3,048437E+3	1,095391E+2	3,048437E+3	1,137528E+2
3,050000E+3	6,399985E+1	3,050000E+3	7,560536E+1	3,050000E+3	8,533534E+1	3,050000E+3	9,527084E+1	3,050000E+3	1,039557E+2	3,050000E+3	1,090347E+2	3,050000E+3	1,132781E+2
3,051562E+3	6,369308E+1	3,051562E+3	7,378525E+1	3,051562E+3	8,620608E+1	3,051562E+3	9,484208E+1	3,051562E+3	1,040620E+2	3,051562E+3	1,087022E+2	3,051562E+3	1,132440E+2
3,053125E+3	6,405592E+1	3,053125E+3	7,246657E+1	3,053125E+3	8,534385E+1	3,053125E+3	9,401168E+1	3,053125E+3	1,038118E+2	3,053125E+3	1,077503E+2	3,053125E+3	1,109956E+2
3,054687E+3	6,399554E+1	3,054687E+3	7,281400E+1	3,054687E+3	8,329679E+1	3,054687E+3	9,386873E+1	3,054687E+3	1,030574E+2	3,054687E+3	1,068256E+2	3,054687E+3	1,106694E+2
3,056250E+3	6,445740E+1	3,056250E+3	7,301484E+1	3,056250E+3	8,322170E+1	3,056250E+3	9,241691E+1	3,056250E+3	1,029944E+2	3,056250E+3	1,064125E+2	3,056250E+3	1,109578E+2
3,057812E+3	7,101849E+1	3,057812E+3	7,487295E+1	3,057812E+3	8,329518E+1	3,057812E+3	9,275291E+1	3,057812E+3	1,022053E+2	3,057812E+3	1,058797E+2	3,057812E+3	1,103980E+2
3,059375E+3	7,553378E+1	3,059375E+3	7,902949E+1	3,059375E+3	8,273304E+1	3,059375E+3	9,239513E+1	3,059375E+3	1,020711E+2	3,059375E+3	1,064377E+2	3,059375E+3	1,106299E+2
3,060937E+3	7,707673E+1	3,060937E+3	7,883514E+1	3,060937E+3	8,273740E+1	3,060937E+3	9,180344E+1	3,060937E+3	1,023257E+2	3,060937E+3	1,057537E+2	3,060937E+3	1,109814E+2
3,062500E+3	7,300677E+1	3,062500E+3	7,400962E+1	3,062500E+3	8,151500E+1	3,062500E+3	9,120081E+1	3,062500E+3	1,016686E+2	3,062500E+3	1,058876E+2	3,062500E+3	1,104177E+2
3,064062E+3	6,126696E+1	3,064062E+3	7,202563E+1	3,064062E+3	8,189490E+1	3,064062E+3	9,031877E+1	3,064062E+3	1,000912E+2	3,064062E+3	1,061452E+2	3,064062E+3	1,099046E+2
3,065625E+3	6,067865E+1	3,065625E+3	7,099735E+1	3,065625E+3	8,155742E+1	3,065625E+3	9,159961E+1	3,065625E+3	1,016240E+2	3,065625E+3	1,062617E+2	3,065625E+3	1,090829E+2
3,067187E+3	6,064133E+1	3,067187E+3	7,078415E+1	3,067187E+3	8,156698E+1	3,067187E+3	9,120766E+1	3,067187E+3	1,010931E+2	3,067187E+3	1,051210E+2	3,067187E+3	1,079135E+2
3,068750E+3	6,089241E+1	3,068750E+3	7,035651E+1	3,068750E+3	8,029796E+1	3,068750E+3	9,095595E+1	3,068750E+3	1,007794E+2	3,068750E+3	1,052195E+2	3,068750E+3	1,083828E+2
3,070312E+3	6,096180E+1	3,070312E+3	6,906917E+1	3,070312E+3	8,092497E+1	3,070312E+3	9,056133E+1	3,070312E+3	1,007705E+2	3,070312E+3	1,042827E+2	3,070312E+3	1,087015E+2
3,071875E+3	5,938626E+1	3,071875E+3	6,885222E+1	3,071875E+3	8,143087E+1	3,071875E+3	8,954464E+1	3,071875E+3	9,869224E+1	3,071875E+3	1,035400E+2	3,071875E+3	1,081737E+2
3,073437E+3	5,937471E+1	3,073437E+3	6,938517E+1	3,073437E+3	7,987675E+1	3,073437E+3	8,934632E+1	3,073437E+3	9,845427E+1	3,073437E+3	1,040465E+2	3,073437E+3	1,077537E+2
3,075000E+3	5,883579E+1	3,075000E+3	7,006554E+1	3,075000E+3	7,892927E+1	3,075000E+3	8,916356E+1	3,075000E+3	9,860797E+1	3,075000E+3	1,041855E+2	3,075000E+3	1,079470E+2
3,076562E+3	5,837508E+1	3,076562E+3	6,968886E+1	3,076562E+3	7,910163E+1	3,076562E+3	8,910303E+1	3,076562E+3	9,876637E+1	3,076562E+3	1,034308E+2	3,076562E+3	1,087810E+2
3,078125E+3	5,785403E+1	3,078125E+3	6,947892E+1	3,078125E+3	7,936109E+1	3,078125E+3	8,897417E+1	3,078125E+3	9,738927E+1	3,078125E+3	1,036576E+2	3,078125E+3	1,084029E+2
3,079687E+3	5,714091E+1	3,079687E+3	6,927610E+1	3,079687E+3	7,891723E+1	3,079687E+3	8,724654E+1	3,079687E+3	9,686122E+1	3,079687E+3	1,037924E+2	3,079687E+3	1,077523E+2
3,081250E+3	5,771789E+1	3,081250E+3	6,883434E+1	3,081250E+3	7,703118E+1	3,081250E+3	8,784448E+1	3,081250E+3	9,614242E+1	3,081250E+3	1,022179E+2	3,081250E+3	1,070506E+2
3,082812E+3	5,731178E+1	3,082812E+3	6,841529E+1	3,082812E+3	7,729859E+1	3,082812E+3	8,738899E+1	3,082812E+3	9,740525E+1	3,082812E+3	1,018456E+2	3,082812E+3	1,066923E+2
3,084375E+3	5,772791E+1	3,084375E+3	6,821382E+1	3,084375E+3	7,776371E+1	3,084375E+3	8,728995E+1	3,084375E+3	9,768825E+1	3,084375E+3	1,014928E+2	3,084375E+3	1,047414E+2
3,085937E+3	5,685435E+1	3,085937E+3	6,802674E+1	3,085937E+3	7,663557E+1	3,085937E+3	8,749785E+1	3,085937E+3	9,766310E+1	3,085937E+3	1,013203E+2	3,085937E+3	1,053257E+2
3,087500E+3	5,596694E+1	3,087500E+3	6,778874E+1	3,087500E+3	7,691146E+1	3,087500E+3	8,746617E+1	3,087500E+3	9,607458E+1	3,087500E+3	1,012855E+2	3,087500E+3	1,068943E+2
3,089062E+3	5,646299E+1	3,089062E+3	6,756831E+1	3,089062E+3	7,676834E+1	3,089062E+3	8,628097E+1	3,089062E+3	9,657948E+1	3,089062E+3	1,009243E+2	3,089062E+3	1,071762E+2
3,090625E+3	5,591433E+1	3,090625E+3	6,692258E+1	3,090625E+3	7,654484E+1	3,090625E+3	8,720186E+1	3,090625E+3	9,650599E+1	3,090625E+3	1,017924E+2	3,090625E+3	1,070707E+2
3,092187E+3	5,587714E+1	3,092187E+3	6,579947E+1	3,092187E+3	7,602775E+1	3,092187E+3	8,696689E+1	3,092187E+3	9,584004E+1	3,092187E+3	1,026355E+2	3,092187E+3	1,065317E+2
3,093750E+3	5,614338E+1	3,093750E+3	6,644558E+1	3,093750E+3	7,590485E+1	3,093750E+3	8,732891E+1	3,093750E+3	9,573714E+1	3,093750E+3	1,016457E+2	3,093750E+3	1,053729E+2
3,095312E+3	5,552630E+1	3,095312E+3	6,665065E+1	3,095312E+3	7,646378E+1	3,095312E+3	8,613179E+1	3,095312E+3	9,546619E+1	3,095312E+3	1,004548E+2	3,095312E+3	1,046337E+2
3,096875E+3	5,576868E+1	3,096875E+3	6,663843E+1	3,096875E+3	7,616626E+1	3,096875E+3	8,562364E+1	3,096875E+3	9,512320E+1	3,096875E+3	1,006072E+2	3,096875E+3	1,045957E+2
3,098437E+3	5,505605E+1	3,098437E+3	6,563078E+1	3,098437E+3	7,579280E+1	3,098437E+3	8,567290E+1	3,098437E+3	9,617613E+1	3,098437E+3	1,009518E+2	3,098437E+3	1,050415E+2
3,100000E+3	5,496877E+1	3,100000E+3	6,433617E+1	3,100000E+3	7,610868E+1	3,100000E+3	8,482577E+1	3,100000E+3	9,612860E+1	3,100000E+3	1,005069E+2	3,100000E+3	1,046436E+2
3,101562E+3	5,451800E+1	3,101562E+3	6,420306E+1	3,101562E+3	7,632303E+1	3,101562E+3	8,446690E+1	3,101562E+3	9,464731E+1	3,101562E+3	9,953479E+1	3,101562E+3	1,048428E+2
3,103125E+3	5,429636E+1	3,103125E+3	6,446074E+1	3,103125E+3	7,505540E+1	3,103125E+3	8,492458E+1	3,103125E+3	9,461991E+1	3,103125E+3	9,923487E+1	3,103125E+3	1,056451E+2
3,104687E+3	5,469759E+1	3,104687E+3	6,381448E+1	3,104687E+3	7,468068E+1	3,104687E+3	8,493698E+1	3,104687E+3	9,363725E+1	3,104687E+3	9,884398E+1	3,104687E+3	1,056351E+2
3,106250E+3	5,459757E+1	3,106250E+3	6,412948E+1	3,106250E+3	7,526438E+1	3,106250E+3	8,433558E+1	3,106250E+3	9,394375E+1	3,106250E+3	9,937553E+1	3,106250E+3	1,044937E+2
3,107812E+3	5,452673E+1	3,107812E+3	6,452982E+1	3,107812E+3	7,423733E+1	3,107812E+3	8,472423E+1	3,107812E+3	9,503800E+1	3,107812E+3	9,839215E+1	3,107812E+3	1,043277E+2
3,109375E+3	5,393099E+1	3,109375E+3	6,481568E+1	3,109375E+3	7,343487E+1	3,109375E+3	8,445149E+1	3,109375E+3	9,483234E+1	3,109375E+3	9,835778E+1	3,109375E+3	1,045221E+2
3,110937E+3	5,305911E+1	3,110937E+3	6,421009E+1	3,110937E+3	7,406930E+1	3,110937E+3	8,368135E+1	3,110937E+3	9,439764E+1	3,110937E+3	9,848205E+1	3,110937E+3	1,051765E+2
3,112500E+3	5,260893E+1	3,112500E+3	6,362976E+1	3,112500E+3	7,430645E+1	3,112500E+3	8,337831E+1	3,112500E+3	9,370109E+1	3,112500E+3	9,945969E+1	3,112500E+3	1,046987E+2
3,114062E+3	5,213644E+1	3,114062E+3	6,246517E+1	3,114062E+3	7,350246E+1	3,114062E+3	8,241826E+1	3,114062E+3	9,330454E+1	3,114062E+3	9,770642E+1	3,114062E+3	1,049502E+2
3,115625E+3	5,154835E+1	3,115625E+3	6,149898E+1	3,115625E+3	7,215431E+1	3,115625E+3	8,248319E+1	3,115625E+3	9,338945E+1	3,115625E+3	9,845838E+1	3,115625E+3	1,031146E+2
3,117187E+3	5,432128E+1	3,117187E+3	6,199659E+1	3,117187E+3	7,231794E+1	3,117187E+3	8,243970E+1	3,117187E+3	9,360612E+1	3,117187E+3	9,758320E+1	3,117187E+3	1,033143E+2
3,118750E+3	5,740225E+1	3,118750E+3	6,427130E+1	3,118750E+3	7,238823E+1	3,118750E+3	8,198592E+1	3,118750E+3	9,313014E+1	3,118750E+3	9,782362E+1	3,118750E+3	1,047073E+2
3,120312E+3	5,917441E+1	3,120312E+3	6,475036E+1	3,120312E+3	7,286988E+1	3,120312E+3	8,220011E+1	3,120312E+3	9,228834E+1	3,120312E+3	9,835606E+1	3,120312E+3	1,032582E+2
3,121875E+3	5,846743E+1	3,121875E+3	6,271040E+1	3,121875E+3	7,167530E+1	3,121875E+3	8,148679E+1	3,121875E+3	9,231544E+1	3,121875E+3	9,840191E+1	3,121875E+3	1,020818E+2
3,123437E+3	5,361785E+1	3,123437E+3	6,107341E+1	3,123437E+3	7,162427E+1	3,123437E+3	8,221846E+1	3,123437E+3	9,228231E+1	3,123437E+3	9,895482E+1	3,123437E+3	1,029843E+2
3,125000E+3	5,216337E+1	3,125000E+3	6,120619E+1	3,125000E+3	7,177349E+1	3,125000E+3	8,158177E+1	3,125000E+3	9,293947E+1	3,125000E+3	9,880608E+1	3,125000E+3	1,029397E+2
3,126562E+3	5,214201E+1	3,126562E+3	6,163864E+1	3,126562E+3	7,247400E+1	3,126562E+3	8,089794E+1	3,126562E+3	9,128155E+1	3,126562E+3	9,912753E+1	3,126562E+3	1,032974E+2
3,128125E+3	5,123128E+1	3,128125E+3	6,091180E+1	3,128125E+3	7,173442E+1	3,128125E+3	8,108864E+1	3,128125E+3	9,157635E+1	3,128125E+3	9,853918E+1	3,128125E+3	1,035117E+2
3,129687E+3	5,022245E+1	3,129687E+3	5,959181E+1	3,129687E+3	7,079007E+1	3,129687E+3	8,146887E+1	3,129687E+3	9,330785E+1	3,129687E+3	9,818252E+1	3,129687E+3	1,033155E+2
3,131250E+3	5,059459E+1	3,131250E+3	6,133580E+1	3,131250E+3	7,015880E+1	3,131250E+3	8,127681E+1	3,131250E+3	9,333082E+1	3,131250E+3	9,924089E+1	3,131250E+3	1,024656E+2
3,132812E+3	5,070465E+1	3,132812E+3	6,177498E+1	3,132812E+3	7,023536E+1	3,132812E+3	8,125809E+1	3,132812E+3	9,281297E+1	3,132812E+3	9,929090E+1	3,132812E+3	1,035976E+2
3,134375E+3	5,067707E+1	3,134375E+3	6,097839E+1	3,134375E+3	7,205379E+1	3,134375E+3	8,187835E+1	3,134375E+3	9,287924E+1	3,134375E+3	9,867472E+1	3,134375E+3	1,048054E+2
3,135937E+3	4,983992E+1	3,135937E+3	6,179286E+1	3,135937E+3	7,171472E+1	3,135937E+3	8,183156E+1	3,135937E+3	9,266790E+1	3,135937E+3	9,934860E+1	3,135937E+3	1,047433E+2
3,137500E+3	5,124000E+1	3,137500E+3	6,119116E+1	3,137500E+3	7,116584E+1	3,137500E+3	8,112551E+1	3,137500E+3	9,344914E+1	3,137500E+3	9,885699E+1	3,137500E+3	1,054811E+2
3,139062E+3	5,038711E+1	3,139062E+3	6,117698E+1	3,139062E+3	7,194876E+1	3,139062E+3	8,055854E+1	3,139062E+3	9,325582E+1	3,139062E+3	9,950773E+1	3,139062E+3	1,057765E+2
3,140625E+3	5,147536E+1	3,140625E+3	6,148746E+1	3,140625E+3	7,252322E+1	3,140625E+3	8,180263E+1	3,140625E+3	9,263673E+1	3,140625E+3	1,002062E+2	3,140625E+3	1,047291E+2
3,142187E+3	5,162963E+1	3,142187E+3	6,059241E+1	3,142187E+3	7,286746E+1	3,142187E+3	8,246182E+1	3,142187E+3	9,300090E+1	3,142187E+3	1,011792E+2	3,142187E+3	1,048175E+2
3,143750E+3	5,161394E+1	3,143750E+3	6,117743E+1	3,143750E+3	7,197472E+1	3,143750E+3	8,195789E+1	3,143750E+3	9,391808E+1	3,143750E+3	1,016084E+2	3,143750E+3	1,057380E+2
3,145312E+3	5,216483E+1	3,145312E+3	6,172784E+1	3,145312E+3	7,176736E+1	3,145312E+3	8,288665E+1	3,145312E+3	9,521200E+1	3,145312E+3	1,012728E+2	3,145312E+3	1,061906E+2
3,146875E+3	5,232555E+1	3,146875E+3	6,229493E+1	3,146875E+3	7,271851E+1	3,146875E+3	8,365354E+1	3,146875E+3	9,501565E+1	3,146875E+3	1,001036E+2	3,146875E+3	1,071534E+2
3,148437E+3	5,227409E+1	3,148437E+3	6,241797E+1	3,148437E+3	7,419825E+1	3,148437E+3	8,356008E+1	3,148437E+3	9,402782E+1	3,148437E+3	1,001477E+2	3,148437E+3	1,068182E+2
3,150000E+3	5,312698E+1	3,150000E+3	6,137572E+1	3,150000E+3	7,392383E+1	3,150000E+3	8,397376E+1	3,150000E+3	9,388963E+1	3,150000E+3	1,014421E+2	3,150000E+3	1,060094E+2
3,151562E+3	5,284443E+1	3,151562E+3	6,276335E+1	3,151562E+3	7,404302E+1	3,151562E+3	8,482916E+1	3,151562E+3	9,504323E+1	3,151562E+3	1,020346E+2	3,151562E+3	1,061841E+2
3,153125E+3	5,300786E+1	3,153125E+3	6,399624E+1	3,153125E+3	7,427424E+1	3,153125E+3	8,548781E+1	3,153125E+3	9,536484E+1	3,153125E+3	1,004416E+2	3,153125E+3	1,057285E+2
3,154687E+3	5,432694E+1	3,154687E+3	6,353226E+1	3,154687E+3	7,451041E+1	3,154687E+3	8,591174E+1	3,154687E+3	9,535580E+1	3,154687E+3	1,006953E+2	3,154687E+3	1,071540E+2
3,156250E+3	5,462240E+1	3,156250E+3	6,561074E+1	3,156250E+3	7,386279E+1	3,156250E+3	8,484269E+1	3,156250E+3	9,491396E+1	3,156250E+3	1,020389E+2	3,156250E+3	1,077207E+2
3,157812E+3	5,540286E+1	3,157812E+3	6,614115E+1	3,157812E+3	7,435121E+1	3,157812E+3	8,573921E+1	3,157812E+3	9,548907E+1	3,157812E+3	1,023587E+2	3,157812E+3	1,072173E+2
3,159375E+3	5,682806E+1	3,159375E+3	6,518222E+1	3,159375E+3	7,596772E+1	3,159375E+3	8,733144E+1	3,159375E+3	9,601239E+1	3,159375E+3	1,021700E+2	3,159375E+3	1,070809E+2
3,160937E+3	5,696826E+1	3,160937E+3	6,467594E+1	3,160937E+3	7,719650E+1	3,160937E+3	8,662731E+1	3,160937E+3	9,680430E+1	3,160937E+3	1,017285E+2	3,160937E+3	1,066616E+2
3,162500E+3	5,742712E+1	3,162500E+3	6,552988E+1	3,162500E+3	7,851323E+1	3,162500E+3	8,703637E+1	3,162500E+3	9,727806E+1	3,162500E+3	1,022299E+2	3,162500E+3	1,085203E+2
3,164062E+3	5,644343E+1	3,164062E+3	6,754359E+1	3,164062E+3	7,732724E+1	3,164062E+3	8,797448E+1	3,164062E+3	9,773200E+1	3,164062E+3	1,035490E+2	3,164062E+3	1,080534E+2
3,165625E+3	5,632111E+1	3,165625E+3	6,730010E+1	3,165625E+3	7,757294E+1	3,165625E+3	8,775938E+1	3,165625E+3	9,833926E+1	3,165625E+3	1,045910E+2	3,165625E+3	1,072471E+2
3,167187E+3	5,897801E+1	3,167187E+3	6,817954E+1	3,167187E+3	7,824184E+1	3,167187E+3	8,820574E+1	3,167187E+3	9,805937E+1	3,167187E+3	1,042008E+2	3,167187E+3	1,086249E+2
3,168750E+3	5,965063E+1	3,168750E+3	6,957624E+1	3,168750E+3	7,964679E+1	3,168750E+3	8,797070E+1	3,168750E+3	9,884575E+1	3,168750E+3	1,046767E+2	3,168750E+3	1,083734E+2
3,170312E+3	5,891254E+1	3,170312E+3	6,905968E+1	3,170312E+3	7,973619E+1	3,170312E+3	8,853006E+1	3,170312E+3	9,799011E+1	3,170312E+3	1,044943E+2	3,170312E+3	1,087733E+2
3,171875E+3	5,987930E+1	3,171875E+3	6,969844E+1	3,171875E+3	7,996971E+1	3,171875E+3	8,904674E+1	3,171875E+3	9,766480E+1	3,171875E+3	1,050740E+2	3,171875E+3	1,087101E+2
3,173437E+3	6,030776E+1	3,173437E+3	6,898761E+1	3,173437E+3	8,020119E+1	3,173437E+3	8,930967E+1	3,173437E+3	9,798481E+1	3,173437E+3	1,029291E+2	3,173437E+3	1,090280E+2
3,175000E+3	6,034911E+1	3,175000E+3	6,975009E+1	3,175000E+3	7,996021E+1	3,175000E+3	8,968506E+1	3,175000E+3	9,951063E+1	3,175000E+3	1,030911E+2	3,175000E+3	1,099328E+2
3,176562E+3	6,324468E+1	3,176562E+3	7,080047E+1	3,176562E+3	7,927258E+1	3,176562E+3	9,032151E+1	3,176562E+3	9,965904E+1	3,176562E+3	1,048730E+2	3,176562E+3	1,096776E+2
3,178125E+3	7,018444E+1	3,178125E+3	7,311210E+1	3,178125E+3	7,998743E+1	3,178125E+3	8,977065E+1	3,178125E+3	9,965530E+1	3,178125E+3	1,050802E+2	3,178125E+3	1,089648E+2
3,179687E+3	7,401667E+1	3,179687E+3	7,710804E+1	3,179687E+3	8,141110E+1	3,179687E+3	8,925744E+1	3,179687E+3	9,951832E+1	3,179687E+3	1,054148E+2	3,179687E+3	1,093315E+2
3,181250E+3	7,507767E+1	3,181250E+3	7,573252E+1	3,181250E+3	8,166958E+1	3,181250E+3	9,038465E+1	3,181250E+3	9,962697E+1	3,181250E+3	1,063037E+2	3,181250E+3	1,097903E+2
3,182812E+3	6,989296E+1	3,182812E+3	7,090617E+1	3,182812E+3	8,187742E+1	3,182812E+3	9,054272E+1	3,182812E+3	9,990599E+1	3,182812E+3	1,061171E+2	3,182812E+3	1,101120E+2
3,184375E+3	6,137284E+1	3,184375E+3	7,093496E+1	3,184375E+3	8,127276E+1	3,184375E+3	8,959046E+1	3,184375E+3	9,984123E+1	3,184375E+3	1,051770E+2	3,184375E+3	1,097310E+2
3,185937E+3	6,042193E+1	3,185937E+3	7,118467E+1	3,185937E+3	8,207660E+1	3,185937E+3	9,109560E+1	3,185937E+3	9,942018E+1	3,185937E+3	1,045276E+2	3,185937E+3	1,088725E+2
3,187500E+3	6,020177E+1	3,187500E+3	6,994914E+1	3,187500E+3	8,141271E+1	3,187500E+3	9,089004E+1	3,187500E+3	9,983972E+1	3,187500E+3	1,054097E+2	3,187500E+3	1,083333E+2
3,189062E+3	6,001415E+1	3,189062E+3	7,044585E+1	3,189062E+3	8,068113E+1	3,189062E+3	9,106021E+1	3,189062E+3	9,994053E+1	3,189062E+3	1,043853E+2	3,189062E+3	1,085193E+2
3,190625E+3	5,927652E+1	3,190625E+3	7,112477E+1	3,190625E+3	7,958915E+1	3,190625E+3	9,097067E+1	3,190625E+3	1,005549E+2	3,190625E+3	1,044191E+2	3,190625E+3	1,080377E+2
3,192187E+3	5,951659E+1	3,192187E+3	6,954133E+1	3,192187E+3	7,989442E+1	3,192187E+3	9,020746E+1	3,192187E+3	1,012562E+2	3,192187E+3	1,057102E+2	3,192187E+3	1,079582E+2
3,193750E+3	6,079607E+1	3,193750E+3	6,861821E+1	3,193750E+3	8,089558E+1	3,193750E+3	8,912401E+1	3,193750E+3	1,008399E+2	3,193750E+3	1,057667E+2	3,193750E+3	1,086628E+2
3,195312E+3	5,977147E+1	3,195312E+3	6,974333E+1	3,195312E+3	7,951611E+1	3,195312E+3	8,869468E+1	3,195312E+3	1,005892E+2	3,195312E+3	1,062820E+2	3,195312E+3	1,085851E+2
3,196875E+3	5,966055E+1	3,196875E+3	7,006628E+1	3,196875E+3	8,030041E+1	3,196875E+3	8,858839E+1	3,196875E+3	1,006277E+2	3,196875E+3	1,060222E+2	3,196875E+3	1,071813E+2
3,198437E+3	5,925944E+1	3,198437E+3	7,115877E+1	3,198437E+3	8,049542E+1	3,198437E+3	8,940647E+1	3,198437E+3	1,002172E+2	3,198437E+3	1,041871E+2	3,198437E+3	1,075742E+2
3,200000E+3	5,968362E+1	3,200000E+3	7,077446E+1	3,200000E+3	8,058339E+1	3,200000E+3	8,968079E+1	3,200000E+3	1,004718E+2	3,200000E+3	1,053783E+2	3,200000E+3	1,083935E+2
3,201562E+3	6,061272E+1	3,201562E+3	7,006016E+1	3,201562E+3	7,925049E+1	3,201562E+3	8,970074E+1	3,201562E+3	9,975534E+1	3,201562E+3	1,056257E+2	3,201562E+3	1,098432E+2
3,203125E+3	6,058717E+1	3,203125E+3	7,062466E+1	3,203125E+3	7,989035E+1	3,203125E+3	8,964580E+1	3,203125E+3	1,002677E+2	3,203125E+3	1,046405E+2	3,203125E+3	1,077955E+2
3,204687E+3	6,010783E+1	3,204687E+3	7,025038E+1	3,204687E+3	7,955147E+1	3,204687E+3	8,952502E+1	3,204687E+3	1,006146E+2	3,204687E+3	1,042493E+2	3,204687E+3	1,081598E+2
3,206250E+3	5,986417E+1	3,206250E+3	6,942068E+1	3,206250E+3	7,986160E+1	3,206250E+3	8,926500E+1	3,206250E+3	1,008113E+2	3,206250E+3	1,043292E+2	3,206250E+3	1,092821E+2
3,207812E+3	5,991566E+1	3,207812E+3	6,982089E+1	3,207812E+3	7,824458E+1	3,207812E+3	9,032743E+1	3,207812E+3	1,009040E+2	3,207812E+3	1,058114E+2	3,207812E+3	1,089530E+2
3,209375E+3	6,021285E+1	3,209375E+3	7,110759E+1	3,209375E+3	7,800950E+1	3,209375E+3	9,013928E+1	3,209375E+3	9,982119E+1	3,209375E+3	1,052859E+2	3,209375E+3	1,100382E+2
3,210937E+3	6,040204E+1	3,210937E+3	7,004097E+1	3,210937E+3	7,960956E+1	3,210937E+3	8,978896E+1	3,210937E+3	9,958539E+1	3,210937E+3	1,042797E+2	3,210937E+3	1,092178E+2
3,212500E+3	5,999718E+1	3,212500E+3	6,946891E+1	3,212500E+3	7,912914E+1	3,212500E+3	8,996956E+1	3,212500E+3	9,957927E+1	3,212500E+3	1,045775E+2	3,212500E+3	1,084450E+2
3,214062E+3	6,062413E+1	3,214062E+3	7,014627E+1	3,214062E+3	7,919143E+1	3,214062E+3	9,001934E+1	3,214062E+3	9,942157E+1	3,214062E+3	1,042261E+2	3,214062E+3	1,093029E+2
3,215625E+3	6,029687E+1	3,215625E+3	7,071142E+1	3,215625E+3	7,966833E+1	3,215625E+3	9,028242E+1	3,215625E+3	9,964695E+1	3,215625E+3	1,048377E+2	3,215625E+3	1,088196E+2
3,217187E+3	6,068914E+1	3,217187E+3	7,041417E+1	3,217187E+3	7,978902E+1	3,217187E+3	9,034860E+1	3,217187E+3	9,998568E+1	3,217187E+3	1,036422E+2	3,217187E+3	1,089859E+2
3,218750E+3	6,132363E+1	3,218750E+3	7,053001E+1	3,218750E+3	7,986223E+1	3,218750E+3	9,066059E+1	3,218750E+3	9,959823E+1	3,218750E+3	1,049365E+2	3,218750E+3	1,092790E+2
3,220312E+3	6,105814E+1	3,220312E+3	6,945116E+1	3,220312E+3	7,905063E+1	3,220312E+3	8,993487E+1	3,220312E+3	9,929262E+1	3,220312E+3	1,046913E+2	3,220312E+3	1,090900E+2
3,221875E+3	6,152223E+1	3,221875E+3	7,003699E+1	3,221875E+3	7,829475E+1	3,221875E+3	8,898144E+1	3,221875E+3	1,003056E+2	3,221875E+3	1,038846E+2	3,221875E+3	1,088905E+2
3,223437E+3	6,154623E+1	3,223437E+3	7,081785E+1	3,223437E+3	7,954931E+1	3,223437E+3	8,923564E+1	3,223437E+3	1,002399E+2	3,223437E+3	1,041248E+2	3,223437E+3	1,092384E+2
3,225000E+3	6,037568E+1	3,225000E+3	7,046134E+1	3,225000E+3	7,885660E+1	3,225000E+3	9,010179E+1	3,225000E+3	9,961281E+1	3,225000E+3	1,036469E+2	3,225000E+3	1,094022E+2
3,226562E+3	5,995783E+1	3,226562E+3	7,052688E+1	3,226562E+3	7,926987E+1	3,226562E+3	8,979150E+1	3,226562E+3	9,989194E+1	3,226562E+3	1,047288E+2	3,226562E+3	1,092776E+2
3,228125E+3	6,088670E+1	3,228125E+3	7,035088E+1	3,228125E+3	7,975560E+1	3,228125E+3	8,911098E+1	3,228125E+3	9,913032E+1	3,228125E+3	1,050225E+2	3,228125E+3	1,092831E+2
3,229687E+3	6,147214E+1	3,229687E+3	6,984117E+1	3,229687E+3	7,928300E+1	3,229687E+3	9,002756E+1	3,229687E+3	9,830703E+1	3,229687E+3	1,054171E+2	3,229687E+3	1,092440E+2
3,231250E+3	6,081836E+1	3,231250E+3	6,959392E+1	3,231250E+3	8,004297E+1	3,231250E+3	9,014766E+1	3,231250E+3	9,980728E+1	3,231250E+3	1,046308E+2	3,231250E+3	1,083573E+2
3,232812E+3	5,975263E+1	3,232812E+3	7,007040E+1	3,232812E+3	8,114392E+1	3,232812E+3	9,046490E+1	3,232812E+3	1,003698E+2	3,232812E+3	1,051707E+2	3,232812E+3	1,095809E+2
3,234375E+3	6,089604E+1	3,234375E+3	7,056286E+1	3,234375E+3	7,979769E+1	3,234375E+3	9,063611E+1	3,234375E+3	1,003558E+2	3,234375E+3	1,045121E+2	3,234375E+3	1,102819E+2
3,235937E+3	6,005881E+1	3,235937E+3	6,990741E+1	3,235937E+3	8,021528E+1	3,235937E+3	9,085876E+1	3,235937E+3	1,002165E+2	3,235937E+3	1,040558E+2	3,235937E+3	1,087741E+2
3,237500E+3	6,317298E+1	3,237500E+3	7,050213E+1	3,237500E+3	7,907261E+1	3,237500E+3	9,023411E+1	3,237500E+3	9,953574E+1	3,237500E+3	1,044910E+2	3,237500E+3	1,095651E+2
3,239062E+3	6,745627E+1	3,239062E+3	7,200614E+1	3,239062E+3	8,023442E+1	3,239062E+3	8,945205E+1	3,239062E+3	1,004597E+2	3,239062E+3	1,043936E+2	3,239062E+3	1,098780E+2
3,240625E+3	6,904425E+1	3,240625E+3	7,248729E+1	3,240625E+3	8,011308E+1	3,240625E+3	9,061612E+1	3,240625E+3	1,001688E+2	3,240625E+3	1,044437E+2	3,240625E+3	1,100195E+2
3,242187E+3	6,746634E+1	3,242187E+3	7,103276E+1	3,242187E+3	7,972626E+1	3,242187E+3	9,122960E+1	3,242187E+3	1,008528E+2	3,242187E+3	1,057419E+2	3,242187E+3	1,088414E+2
3,243750E+3	6,195439E+1	3,243750E+3	7,141244E+1	3,243750E+3	8,005965E+1	3,243750E+3	9,122736E+1	3,243750E+3	1,015805E+2	3,243750E+3	1,056180E+2	3,243750E+3	1,089519E+2
3,245312E+3	6,096635E+1	3,245312E+3	7,026272E+1	3,245312E+3	8,135208E+1	3,245312E+3	8,972986E+1	3,245312E+3	1,008067E+2	3,245312E+3	1,065666E+2	3,245312E+3	1,099865E+2
3,246875E+3	6,112863E+1	3,246875E+3	6,894445E+1	3,246875E+3	8,106842E+1	3,246875E+3	8,989548E+1	3,246875E+3	1,006341E+2	3,246875E+3	1,068887E+2	3,246875E+3	1,094197E+2
3,248437E+3	6,106022E+1	3,248437E+3	6,902775E+1	3,248437E+3	8,055659E+1	3,248437E+3	9,076542E+1	3,248437E+3	1,007762E+2	3,248437E+3	1,058524E+2	3,248437E+3	1,100245E+2
3,250000E+3	6,035381E+1	3,250000E+3	7,045785E+1	3,250000E+3	8,153311E+1	3,250000E+3	9,110136E+1	3,250000E+3	1,009302E+2	3,250000E+3	1,068259E+2	3,250000E+3	1,098605E+2
3,251562E+3	6,126455E+1	3,251562E+3	7,138519E+1	3,251562E+3	8,136737E+1	3,251562E+3	9,140062E+1	3,251562E+3	1,001062E+2	3,251562E+3	1,067042E+2	3,251562E+3	1,105024E+2
3,253125E+3	6,137656E+1	3,253125E+3	7,111327E+1	3,253125E+3	8,211343E+1	3,253125E+3	9,223391E+1	3,253125E+3	9,886392E+1	3,253125E+3	1,063374E+2	3,253125E+3	1,097567E+2
3,254687E+3	6,181201E+1	3,254687E+3	7,134902E+1	3,254687E+3	8,246443E+1	3,254687E+3	9,219036E+1	3,254687E+3	9,996671E+1	3,254687E+3	1,068796E+2	3,254687E+3	1,117308E+2
3,256250E+3	6,294837E+1	3,256250E+3	7,135065E+1	3,256250E+3	8,231140E+1	3,256250E+3	9,236139E+1	3,256250E+3	1,007998E+2	3,256250E+3	1,071941E+2	3,256250E+3	1,114202E+2
3,257812E+3	6,416035E+1	3,257812E+3	7,054511E+1	3,257812E+3	8,183786E+1	3,257812E+3	9,147755E+1	3,257812E+3	1,010384E+2	3,257812E+3	1,064261E+2	3,257812E+3	1,107193E+2
3,259375E+3	6,309957E+1	3,259375E+3	7,104436E+1	3,259375E+3	8,188819E+1	3,259375E+3	9,252448E+1	3,259375E+3	1,015672E+2	3,259375E+3	1,067943E+2	3,259375E+3	1,103462E+2
3,260937E+3	6,280514E+1	3,260937E+3	7,187167E+1	3,260937E+3	8,259258E+1	3,260937E+3	9,310377E+1	3,260937E+3	1,013008E+2	3,260937E+3	1,070964E+2	3,260937E+3	1,103731E+2
3,262500E+3	6,252754E+1	3,262500E+3	7,238960E+1	3,262500E+3	8,377239E+1	3,262500E+3	9,253339E+1	3,262500E+3	1,007100E+2	3,262500E+3	1,066119E+2	3,262500E+3	1,105699E+2
3,264062E+3	6,379853E+1	3,264062E+3	7,244961E+1	3,264062E+3	8,294505E+1	3,264062E+3	9,175242E+1	3,264062E+3	1,020518E+2	3,264062E+3	1,058943E+2	3,264062E+3	1,108909E+2
3,265625E+3	6,369140E+1	3,265625E+3	7,294111E+1	3,265625E+3	8,296694E+1	3,265625E+3	9,171322E+1	3,265625E+3	1,028712E+2	3,265625E+3	1,071083E+2	3,265625E+3	1,118412E+2
3,267187E+3	6,334618E+1	3,267187E+3	7,328794E+1	3,267187E+3	8,297324E+1	3,267187E+3	9,310904E+1	3,267187E+3	1,025337E+2	3,267187E+3	1,078329E+2	3,267187E+3	1,114214E+2
3,268750E+3	6,372984E+1	3,268750E+3	7,360250E+1	3,268750E+3	8,322528E+1	3,268750E+3	9,276318E+1	3,268750E+3	1,027738E+2	3,268750E+3	1,080411E+2	3,268750E+3	1,108231E+2
3,270312E+3	6,516517E+1	3,270312E+3	7,413047E+1	3,270312E+3	8,306693E+1	3,270312E+3	9,213988E+1	3,270312E+3	1,039283E+2	3,270312E+3	1,079529E+2	3,270312E+3	1,118332E+2
3,271875E+3	6,473539E+1	3,271875E+3	7,422051E+1	3,271875E+3	8,310555E+1	3,271875E+3	9,358826E+1	3,271875E+3	1,031610E+2	3,271875E+3	1,077008E+2	3,271875E+3	1,127187E+2
3,273437E+3	6,416848E+1	3,273437E+3	7,398003E+1	3,273437E+3	8,297977E+1	3,273437E+3	9,316058E+1	3,273437E+3	1,027648E+2	3,273437E+3	1,081548E+2	3,273437E+3	1,123433E+2
3,275000E+3	6,541088E+1	3,275000E+3	7,261629E+1	3,275000E+3	8,242695E+1	3,275000E+3	9,562516E+1	3,275000E+3	1,033207E+2	3,275000E+3	1,085059E+2	3,275000E+3	1,123518E+2
3,276562E+3	6,500642E+1	3,276562E+3	7,389602E+1	3,276562E+3	8,363812E+1	3,276562E+3	9,619169E+1	3,276562E+3	1,043748E+2	3,276562E+3	1,083657E+2	3,276562E+3	1,122603E+2
3,278125E+3	6,463745E+1	3,278125E+3	7,400331E+1	3,278125E+3	8,533455E+1	3,278125E+3	9,454664E+1	3,278125E+3	1,043401E+2	3,278125E+3	1,077433E+2	3,278125E+3	1,136980E+2
3,279687E+3	6,563191E+1	3,279687E+3	7,471740E+1	3,279687E+3	8,511257E+1	3,279687E+3	9,511690E+1	3,279687E+3	1,036079E+2	3,279687E+3	1,081759E+2	3,279687E+3	1,144093E+2
3,281250E+3	6,634411E+1	3,281250E+3	7,479169E+1	3,281250E+3	8,504666E+1	3,281250E+3	9,619774E+1	3,281250E+3	1,037324E+2	3,281250E+3	1,090473E+2	3,281250E+3	1,139702E+2
3,282812E+3	6,636768E+1	3,282812E+3	7,510726E+1	3,282812E+3	8,649227E+1	3,282812E+3	9,552542E+1	3,282812E+3	1,046668E+2	3,282812E+3	1,104910E+2	3,282812E+3	1,136469E+2
3,284375E+3	6,537597E+1	3,284375E+3	7,682026E+1	3,284375E+3	8,567378E+1	3,284375E+3	9,457087E+1	3,284375E+3	1,044004E+2	3,284375E+3	1,091448E+2	3,284375E+3	1,131680E+2
3,285937E+3	6,552474E+1	3,285937E+3	7,704379E+1	3,285937E+3	8,700580E+1	3,285937E+3	9,536377E+1	3,285937E+3	1,055421E+2	3,285937E+3	1,100888E+2	3,285937E+3	1,139659E+2
3,287500E+3	6,514153E+1	3,287500E+3	7,676637E+1	3,287500E+3	8,723235E+1	3,287500E+3	9,605885E+1	3,287500E+3	1,059420E+2	3,287500E+3	1,103488E+2	3,287500E+3	1,144577E+2
3,289062E+3	6,583506E+1	3,289062E+3	7,755353E+1	3,289062E+3	8,679880E+1	3,289062E+3	9,687223E+1	3,289062E+3	1,048298E+2	3,289062E+3	1,110587E+2	3,289062E+3	1,134304E+2
3,290625E+3	6,689761E+1	3,290625E+3	7,708678E+1	3,290625E+3	8,648483E+1	3,290625E+3	9,618927E+1	3,290625E+3	1,064031E+2	3,290625E+3	1,113710E+2	3,290625E+3	1,161346E+2
3,292187E+3	6,771858E+1	3,292187E+3	7,728499E+1	3,292187E+3	8,653556E+1	3,292187E+3	9,692805E+1	3,292187E+3	1,067780E+2	3,292187E+3	1,117629E+2	3,292187E+3	1,150191E+2
3,293750E+3	6,747935E+1	3,293750E+3	7,701015E+1	3,293750E+3	8,729680E+1	3,293750E+3	9,676692E+1	3,293750E+3	1,058619E+2	3,293750E+3	1,110821E+2	3,293750E+3	1,157389E+2
3,295312E+3	6,753906E+1	3,295312E+3	7,784553E+1	3,295312E+3	8,861246E+1	3,295312E+3	9,750993E+1	3,295312E+3	1,071028E+2	3,295312E+3	1,108048E+2	3,295312E+3	1,166549E+2
3,296875E+3	7,061679E+1	3,296875E+3	7,917261E+1	3,296875E+3	8,786006E+1	3,296875E+3	9,726906E+1	3,296875E+3	1,078187E+2	3,296875E+3	1,117898E+2	3,296875E+3	1,158875E+2
3,298437E+3	7,458296E+1	3,298437E+3	7,911802E+1	3,298437E+3	8,706414E+1	3,298437E+3	9,765232E+1	3,298437E+3	1,079160E+2	3,298437E+3	1,116799E+2	3,298437E+3	1,156960E+2
3,300000E+3	7,670990E+1	3,300000E+3	8,135550E+1	3,300000E+3	8,875791E+1	3,300000E+3	9,849869E+1	3,300000E+3	1,075308E+2	3,300000E+3	1,117131E+2	3,300000E+3	1,159266E+2
3,301562E+3	7,754521E+1	3,301562E+3	8,099978E+1	3,301562E+3	9,016919E+1	3,301562E+3	9,839857E+1	3,301562E+3	1,083043E+2	3,301562E+3	1,114525E+2	3,301562E+3	1,160381E+2
3,303125E+3	7,255802E+1	3,303125E+3	8,054380E+1	3,303125E+3	8,958633E+1	3,303125E+3	9,830548E+1	3,303125E+3	1,078819E+2	3,303125E+3	1,118999E+2	3,303125E+3	1,156787E+2
3,304687E+3	6,937147E+1	3,304687E+3	8,048273E+1	3,304687E+3	8,924037E+1	3,304687E+3	9,869958E+1	3,304687E+3	1,080496E+2	3,304687E+3	1,122308E+2	3,304687E+3	1,169593E+2
3,306250E+3	6,970414E+1	3,306250E+3	7,947229E+1	3,306250E+3	9,071497E+1	3,306250E+3	9,974984E+1	3,306250E+3	1,088256E+2	3,306250E+3	1,135051E+2	3,306250E+3	1,169230E+2
3,307812E+3	7,065254E+1	3,307812E+3	8,065106E+1	3,307812E+3	8,960597E+1	3,307812E+3	1,000139E+2	3,307812E+3	1,083597E+2	3,307812E+3	1,128591E+2	3,307812E+3	1,177218E+2
3,309375E+3	7,112389E+1	3,309375E+3	8,029961E+1	3,309375E+3	8,924682E+1	3,309375E+3	9,951932E+1	3,309375E+3	1,086123E+2	3,309375E+3	1,134242E+2	3,309375E+3	1,174820E+2
3,310937E+3	7,039064E+1	3,310937E+3	8,081036E+1	3,310937E+3	9,035330E+1	3,310937E+3	9,982816E+1	3,310937E+3	1,096678E+2	3,310937E+3	1,144387E+2	3,310937E+3	1,163495E+2
3,312500E+3	6,958365E+1	3,312500E+3	8,031449E+1	3,312500E+3	9,022127E+1	3,312500E+3	1,013409E+2	3,312500E+3	1,101795E+2	3,312500E+3	1,139453E+2	3,312500E+3	1,183967E+2
3,314062E+3	6,930727E+1	3,314062E+3	8,104215E+1	3,314062E+3	9,034107E+1	3,314062E+3	1,001964E+2	3,314062E+3	1,099949E+2	3,314062E+3	1,130998E+2	3,314062E+3	1,189280E+2
3,315625E+3	6,990998E+1	3,315625E+3	7,963193E+1	3,315625E+3	9,067801E+1	3,315625E+3	1,002770E+2	3,315625E+3	1,096398E+2	3,315625E+3	1,130738E+2	3,315625E+3	1,179490E+2
3,317187E+3	7,036862E+1	3,317187E+3	8,085220E+1	3,317187E+3	8,962601E+1	3,317187E+3	1,016779E+2	3,317187E+3	1,087525E+2	3,317187E+3	1,132534E+2	3,317187E+3	1,180636E+2
3,318750E+3	7,036822E+1	3,318750E+3	8,105984E+1	3,318750E+3	8,990139E+1	3,318750E+3	1,009602E+2	3,318750E+3	1,096007E+2	3,318750E+3	1,132482E+2	3,318750E+3	1,181793E+2
3,320312E+3	7,004746E+1	3,320312E+3	8,147159E+1	3,320312E+3	9,112608E+1	3,320312E+3	9,981299E+1	3,320312E+3	1,108711E+2	3,320312E+3	1,144582E+2	3,320312E+3	1,175850E+2
3,321875E+3	7,068526E+1	3,321875E+3	8,102020E+1	3,321875E+3	9,091115E+1	3,321875E+3	1,002756E+2	3,321875E+3	1,109726E+2	3,321875E+3	1,146329E+2	3,321875E+3	1,170408E+2
3,323437E+3	7,114589E+1	3,323437E+3	8,139455E+1	3,323437E+3	9,127893E+1	3,323437E+3	1,008408E+2	3,323437E+3	1,101149E+2	3,323437E+3	1,135737E+2	3,323437E+3	1,181328E+2
3,325000E+3	7,063756E+1	3,325000E+3	8,125904E+1	3,325000E+3	9,021057E+1	3,325000E+3	1,011703E+2	3,325000E+3	1,099936E+2	3,325000E+3	1,136423E+2	3,325000E+3	1,187624E+2
3,326562E+3	7,049880E+1	3,326562E+3	8,104719E+1	3,326562E+3	9,044811E+1	3,326562E+3	1,005023E+2	3,326562E+3	1,094162E+2	3,326562E+3	1,147104E+2	3,326562E+3	1,177533E+2
3,328125E+3	7,062048E+1	3,328125E+3	8,085195E+1	3,328125E+3	9,112115E+1	3,328125E+3	9,986338E+1	3,328125E+3	1,089295E+2	3,328125E+3	1,141957E+2	3,328125E+3	1,179235E+2
3,329687E+3	7,025259E+1	3,329687E+3	7,985898E+1	3,329687E+3	8,985657E+1	3,329687E+3	1,000968E+2	3,329687E+3	1,094234E+2	3,329687E+3	1,144296E+2	3,329687E+3	1,176507E+2
3,331250E+3	6,999576E+1	3,331250E+3	8,057934E+1	3,331250E+3	9,105719E+1	3,331250E+3	9,952915E+1	3,331250E+3	1,092980E+2	3,331250E+3	1,136294E+2	3,331250E+3	1,153862E+2
3,332812E+3	7,003301E+1	3,332812E+3	8,001135E+1	3,332812E+3	9,003293E+1	3,332812E+3	9,875516E+1	3,332812E+3	1,092558E+2	3,332812E+3	1,132470E+2	3,332812E+3	1,168324E+2
3,334375E+3	6,989534E+1	3,334375E+3	7,950162E+1	3,334375E+3	8,916972E+1	3,334375E+3	9,857091E+1	3,334375E+3	1,080000E+2	3,334375E+3	1,141412E+2	3,334375E+3	1,170422E+2
3,335937E+3	6,933141E+1	3,335937E+3	7,963094E+1	3,335937E+3	8,834283E+1	3,335937E+3	9,857650E+1	3,335937E+3	1,082928E+2	3,335937E+3	1,135498E+2	3,335937E+3	1,180683E+2
3,337500E+3	6,875423E+1	3,337500E+3	7,977985E+1	3,337500E+3	8,817295E+1	3,337500E+3	9,817993E+1	3,337500E+3	1,085955E+2	3,337500E+3	1,134668E+2	3,337500E+3	1,173297E+2
3,339062E+3	6,843108E+1	3,339062E+3	7,989092E+1	3,339062E+3	8,797649E+1	3,339062E+3	9,863885E+1	3,339062E+3	1,081080E+2	3,339062E+3	1,135260E+2	3,339062E+3	1,167664E+2
3,340625E+3	6,907659E+1	3,340625E+3	7,814632E+1	3,340625E+3	8,790693E+1	3,340625E+3	9,836004E+1	3,340625E+3	1,080537E+2	3,340625E+3	1,142489E+2	3,340625E+3	1,167554E+2
3,342187E+3	6,848338E+1	3,342187E+3	7,654158E+1	3,342187E+3	8,732160E+1	3,342187E+3	9,884172E+1	3,342187E+3	1,075167E+2	3,342187E+3	1,139676E+2	3,342187E+3	1,164689E+2
3,343750E+3	6,896226E+1	3,343750E+3	7,779115E+1	3,343750E+3	8,758879E+1	3,343750E+3	9,901460E+1	3,343750E+3	1,082589E+2	3,343750E+3	1,135929E+2	3,343750E+3	1,158118E+2
3,345312E+3	6,975491E+1	3,345312E+3	7,807608E+1	3,345312E+3	8,795742E+1	3,345312E+3	9,873822E+1	3,345312E+3	1,083221E+2	3,345312E+3	1,141998E+2	3,345312E+3	1,157631E+2
3,346875E+3	6,807009E+1	3,346875E+3	7,745441E+1	3,346875E+3	8,735357E+1	3,346875E+3	9,747338E+1	3,346875E+3	1,072600E+2	3,346875E+3	1,129494E+2	3,346875E+3	1,160701E+2
3,348437E+3	6,708212E+1	3,348437E+3	7,548638E+1	3,348437E+3	8,683324E+1	3,348437E+3	9,696510E+1	3,348437E+3	1,072768E+2	3,348437E+3	1,124317E+2	3,348437E+3	1,160479E+2
3,350000E+3	6,608079E+1	3,350000E+3	7,651135E+1	3,350000E+3	8,729485E+1	3,350000E+3	9,707387E+1	3,350000E+3	1,068912E+2	3,350000E+3	1,119182E+2	3,350000E+3	1,155594E+2
3,351562E+3	6,598062E+1	3,351562E+3	7,745629E+1	3,351562E+3	8,668765E+1	3,351562E+3	9,738898E+1	3,351562E+3	1,067510E+2	3,351562E+3	1,106887E+2	3,351562E+3	1,155773E+2
3,353125E+3	6,673523E+1	3,353125E+3	7,706256E+1	3,353125E+3	8,660515E+1	3,353125E+3	9,667731E+1	3,353125E+3	1,066436E+2	3,353125E+3	1,107809E+2	3,353125E+3	1,161622E+2
3,354687E+3	6,655054E+1	3,354687E+3	7,644405E+1	3,354687E+3	8,628345E+1	3,354687E+3	9,676003E+1	3,354687E+3	1,069077E+2	3,354687E+3	1,105044E+2	3,354687E+3	1,149697E+2
3,356250E+3	6,678980E+1	3,356250E+3	7,529406E+1	3,356250E+3	8,614876E+1	3,356250E+3	9,614788E+1	3,356250E+3	1,061148E+2	3,356250E+3	1,097859E+2	3,356250E+3	1,144255E+2
3,357812E+3	6,981927E+1	3,357812E+3	7,587777E+1	3,357812E+3	8,675659E+1	3,357812E+3	9,612258E+1	3,357812E+3	1,059692E+2	3,357812E+3	1,103024E+2	3,357812E+3	1,150479E+2
3,359375E+3	7,094925E+1	3,359375E+3	7,780585E+1	3,359375E+3	8,652780E+1	3,359375E+3	9,698425E+1	3,359375E+3	1,055000E+2	3,359375E+3	1,108460E+2	3,359375E+3	1,153091E+2
3,360937E+3	7,213160E+1	3,360937E+3	7,819378E+1	3,360937E+3	8,593554E+1	3,360937E+3	9,698920E+1	3,360937E+3	1,047869E+2	3,360937E+3	1,107970E+2	3,360937E+3	1,144076E+2
3,362500E+3	7,061759E+1	3,362500E+3	7,713439E+1	3,362500E+3	8,629020E+1	3,362500E+3	9,631040E+1	3,362500E+3	1,053391E+2	3,362500E+3	1,102497E+2	3,362500E+3	1,142776E+2
3,364062E+3	6,713714E+1	3,364062E+3	7,453739E+1	3,364062E+3	8,597881E+1	3,364062E+3	9,548852E+1	3,364062E+3	1,049317E+2	3,364062E+3	1,105982E+2	3,364062E+3	1,140227E+2
3,365625E+3	6,602465E+1	3,365625E+3	7,478834E+1	3,365625E+3	8,603404E+1	3,365625E+3	9,483735E+1	3,365625E+3	1,058445E+2	3,365625E+3	1,103618E+2	3,365625E+3	1,146355E+2
3,367187E+3	6,521093E+1	3,367187E+3	7,589574E+1	3,367187E+3	8,511622E+1	3,367187E+3	9,565202E+1	3,367187E+3	1,048943E+2	3,367187E+3	1,109010E+2	3,367187E+3	1,143120E+2
3,368750E+3	6,633346E+1	3,368750E+3	7,526545E+1	3,368750E+3	8,626404E+1	3,368750E+3	9,604479E+1	3,368750E+3	1,049257E+2	3,368750E+3	1,110642E+2	3,368750E+3	1,142139E+2
3,370312E+3	6,625447E+1	3,370312E+3	7,400950E+1	3,370312E+3	8,586312E+1	3,370312E+3	9,527394E+1	3,370312E+3	1,050503E+2	3,370312E+3	1,105088E+2	3,370312E+3	1,140132E+2
3,371875E+3	6,533530E+1	3,371875E+3	7,551162E+1	3,371875E+3	8,463251E+1	3,371875E+3	9,456013E+1	3,371875E+3	1,046365E+2	3,371875E+3	1,096913E+2	3,371875E+3	1,134835E+2
3,373437E+3	6,437729E+1	3,373437E+3	7,559076E+1	3,373437E+3	8,503275E+1	3,373437E+3	9,466615E+1	3,373437E+3	1,052808E+2	3,373437E+3	1,095812E+2	3,373437E+3	1,141814E+2
3,375000E+3	6,613200E+1	3,375000E+3	7,518052E+1	3,375000E+3	8,485736E+1	3,375000E+3	9,439532E+1	3,375000E+3	1,044595E+2	3,375000E+3	1,109095E+2	3,375000E+3	1,144460E+2
3,376562E+3	6,587607E+1	3,376562E+3	7,464376E+1	3,376562E+3	8,485676E+1	3,376562E+3	9,423848E+1	3,376562E+3	1,044301E+2	3,376562E+3	1,111616E+2	3,376562E+3	1,138057E+2
3,378125E+3	6,519049E+1	3,378125E+3	7,394377E+1	3,378125E+3	8,560812E+1	3,378125E+3	9,444925E+1	3,378125E+3	1,057917E+2	3,378125E+3	1,102039E+2	3,378125E+3	1,139542E+2
3,379687E+3	6,489346E+1	3,379687E+3	7,393429E+1	3,379687E+3	8,519856E+1	3,379687E+3	9,447447E+1	3,379687E+3	1,059177E+2	3,379687E+3	1,097077E+2	3,379687E+3	1,147080E+2
3,381250E+3	6,551847E+1	3,381250E+3	7,500065E+1	3,381250E+3	8,448215E+1	3,381250E+3	9,578778E+1	3,381250E+3	1,050091E+2	3,381250E+3	1,100128E+2	3,381250E+3	1,139056E+2
3,382812E+3	6,570822E+1	3,382812E+3	7,435773E+1	3,382812E+3	8,417059E+1	3,382812E+3	9,589560E+1	3,382812E+3	1,048567E+2	3,382812E+3	1,100420E+2	3,382812E+3	1,129110E+2
3,384375E+3	6,428336E+1	3,384375E+3	7,570867E+1	3,384375E+3	8,485242E+1	3,384375E+3	9,499555E+1	3,384375E+3	1,046606E+2	3,384375E+3	1,094089E+2	3,384375E+3	1,130884E+2
3,385937E+3	6,488808E+1	3,385937E+3	7,577067E+1	3,385937E+3	8,505511E+1	3,385937E+3	9,379502E+1	3,385937E+3	1,043253E+2	3,385937E+3	1,098247E+2	3,385937E+3	1,139122E+2
3,387500E+3	6,598112E+1	3,387500E+3	7,502285E+1	3,387500E+3	8,491584E+1	3,387500E+3	9,540672E+1	3,387500E+3	1,044325E+2	3,387500E+3	1,103083E+2	3,387500E+3	1,135891E+2
3,389062E+3	6,455779E+1	3,389062E+3	7,441044E+1	3,389062E+3	8,499092E+1	3,389062E+3	9,520919E+1	3,389062E+3	1,042530E+2	3,389062E+3	1,102125E+2	3,389062E+3	1,137034E+2
3,390625E+3	6,370411E+1	3,390625E+3	7,413785E+1	3,390625E+3	8,491852E+1	3,390625E+3	9,570681E+1	3,390625E+3	1,040901E+2	3,390625E+3	1,095374E+2	3,390625E+3	1,142252E+2
3,392187E+3	6,411413E+1	3,392187E+3	7,522900E+1	3,392187E+3	8,455008E+1	3,392187E+3	9,459961E+1	3,392187E+3	1,052691E+2	3,392187E+3	1,104512E+2	3,392187E+3	1,131782E+2
3,393750E+3	6,492813E+1	3,393750E+3	7,587531E+1	3,393750E+3	8,608636E+1	3,393750E+3	9,399418E+1	3,393750E+3	1,051323E+2	3,393750E+3	1,099152E+2	3,393750E+3	1,126630E+2
3,395312E+3	6,568895E+1	3,395312E+3	7,599812E+1	3,395312E+3	8,563153E+1	3,395312E+3	9,389687E+1	3,395312E+3	1,046344E+2	3,395312E+3	1,093262E+2	3,395312E+3	1,131985E+2
3,396875E+3	6,536066E+1	3,396875E+3	7,483054E+1	3,396875E+3	8,514224E+1	3,396875E+3	9,525270E+1	3,396875E+3	1,046308E+2	3,396875E+3	1,094419E+2	3,396875E+3	1,133856E+2
3,398437E+3	6,556559E+1	3,398437E+3	7,555908E+1	3,398437E+3	8,511669E+1	3,398437E+3	9,508792E+1	3,398437E+3	1,053704E+2	3,398437E+3	1,089950E+2	3,398437E+3	1,125665E+2
3,400000E+3	6,547473E+1	3,400000E+3	7,593469E+1	3,400000E+3	8,551158E+1	3,400000E+3	9,491962E+1	3,400000E+3	1,056974E+2	3,400000E+3	1,102548E+2	3,400000E+3	1,126247E+2
3,401562E+3	6,465565E+1	3,401562E+3	7,551233E+1	3,401562E+3	8,583398E+1	3,401562E+3	9,560341E+1	3,401562E+3	1,052051E+2	3,401562E+3	1,104759E+2	3,401562E+3	1,136425E+2
3,403125E+3	6,540167E+1	3,403125E+3	7,509647E+1	3,403125E+3	8,475262E+1	3,403125E+3	9,606575E+1	3,403125E+3	1,045984E+2	3,403125E+3	1,090199E+2	3,403125E+3	1,144997E+2
3,404687E+3	6,574003E+1	3,404687E+3	7,506054E+1	3,404687E+3	8,553764E+1	3,404687E+3	9,635730E+1	3,404687E+3	1,041427E+2	3,404687E+3	1,082173E+2	3,404687E+3	1,141011E+2
3,406250E+3	6,625079E+1	3,406250E+3	7,579517E+1	3,406250E+3	8,558559E+1	3,406250E+3	9,605521E+1	3,406250E+3	1,045510E+2	3,406250E+3	1,100821E+2	3,406250E+3	1,143835E+2
3,407812E+3	6,663300E+1	3,407812E+3	7,381287E+1	3,407812E+3	8,568603E+1	3,407812E+3	9,594557E+1	3,407812E+3	1,052873E+2	3,407812E+3	1,097066E+2	3,407812E+3	1,148628E+2
3,409375E+3	6,568017E+1	3,409375E+3	7,407028E+1	3,409375E+3	8,537591E+1	3,409375E+3	9,503789E+1	3,409375E+3	1,051353E+2	3,409375E+3	1,090783E+2	3,409375E+3	1,144544E+2
3,410937E+3	6,594489E+1	3,410937E+3	7,435027E+1	3,410937E+3	8,539466E+1	3,410937E+3	9,500666E+1	3,410937E+3	1,045141E+2	3,410937E+3	1,102724E+2	3,410937E+3	1,150027E+2
3,412500E+3	6,707285E+1	3,412500E+3	7,521417E+1	3,412500E+3	8,609853E+1	3,412500E+3	9,634223E+1	3,412500E+3	1,058912E+2	3,412500E+3	1,107077E+2	3,412500E+3	1,160386E+2
3,414062E+3	6,680287E+1	3,414062E+3	7,654496E+1	3,414062E+3	8,579023E+1	3,414062E+3	9,644190E+1	3,414062E+3	1,064354E+2	3,414062E+3	1,100818E+2	3,414062E+3	1,157983E+2
3,415625E+3	6,677216E+1	3,415625E+3	7,596118E+1	3,415625E+3	8,658133E+1	3,415625E+3	9,667395E+1	3,415625E+3	1,060728E+2	3,415625E+3	1,095930E+2	3,415625E+3	1,148644E+2
3,417187E+3	6,956075E+1	3,417187E+3	7,498591E+1	3,417187E+3	8,589904E+1	3,417187E+3	9,696226E+1	3,417187E+3	1,068306E+2	3,417187E+3	1,109276E+2	3,417187E+3	1,140433E+2
3,418750E+3	7,337796E+1	3,418750E+3	7,731754E+1	3,418750E+3	8,549748E+1	3,418750E+3	9,588522E+1	3,418750E+3	1,057816E+2	3,418750E+3	1,112779E+2	3,418750E+3	1,147419E+2
3,420312E+3	7,530891E+1	3,420312E+3	7,908311E+1	3,420312E+3	8,712371E+1	3,420312E+3	9,657205E+1	3,420312E+3	1,066548E+2	3,420312E+3	1,116066E+2	3,420312E+3	1,155196E+2
3,421875E+3	7,510060E+1	3,421875E+3	7,824926E+1	3,421875E+3	8,840444E+1	3,421875E+3	9,603857E+1	3,421875E+3	1,079050E+2	3,421875E+3	1,114334E+2	3,421875E+3	1,149001E+2
3,423437E+3	6,999723E+1	3,423437E+3	7,819533E+1	3,423437E+3	8,773176E+1	3,423437E+3	9,647332E+1	3,423437E+3	1,068741E+2	3,423437E+3	1,117672E+2	3,423437E+3	1,152207E+2
3,425000E+3	6,841245E+1	3,425000E+3	7,742023E+1	3,425000E+3	8,746497E+1	3,425000E+3	9,690208E+1	3,425000E+3	1,071512E+2	3,425000E+3	1,121088E+2	3,425000E+3	1,152021E+2
3,426562E+3	6,832941E+1	3,426562E+3	7,754245E+1	3,426562E+3	8,750551E+1	3,426562E+3	9,627227E+1	3,426562E+3	1,078957E+2	3,426562E+3	1,121539E+2	3,426562E+3	1,152100E+2
3,428125E+3	6,616730E+1	3,428125E+3	7,770833E+1	3,428125E+3	8,858671E+1	3,428125E+3	9,734596E+1	3,428125E+3	1,076563E+2	3,428125E+3	1,124162E+2	3,428125E+3	1,150496E+2
3,429687E+3	6,694078E+1	3,429687E+3	7,709932E+1	3,429687E+3	8,760096E+1	3,429687E+3	9,794298E+1	3,429687E+3	1,080287E+2	3,429687E+3	1,116829E+2	3,429687E+3	1,154002E+2
3,431250E+3	6,853590E+1	3,431250E+3	7,761584E+1	3,431250E+3	8,829238E+1	3,431250E+3	9,856321E+1	3,431250E+3	1,083192E+2	3,431250E+3	1,120018E+2	3,431250E+3	1,163093E+2
3,432812E+3	6,937125E+1	3,432812E+3	7,819152E+1	3,432812E+3	8,918142E+1	3,432812E+3	9,838304E+1	3,432812E+3	1,088760E+2	3,432812E+3	1,117355E+2	3,432812E+3	1,154856E+2
3,434375E+3	6,913041E+1	3,434375E+3	7,632643E+1	3,434375E+3	8,831756E+1	3,434375E+3	9,866719E+1	3,434375E+3	1,085830E+2	3,434375E+3	1,127435E+2	3,434375E+3	1,153801E+2
3,435937E+3	6,870939E+1	3,435937E+3	7,796909E+1	3,435937E+3	8,863028E+1	3,435937E+3	9,821324E+1	3,435937E+3	1,074440E+2	3,435937E+3	1,134763E+2	3,435937E+3	1,159707E+2
3,437500E+3	6,944042E+1	3,437500E+3	7,838130E+1	3,437500E+3	8,828656E+1	3,437500E+3	9,837080E+1	3,437500E+3	1,070400E+2	3,437500E+3	1,125303E+2	3,437500E+3	1,170183E+2
3,439062E+3	7,031908E+1	3,439062E+3	7,817023E+1	3,439062E+3	8,903444E+1	3,439062E+3	9,922807E+1	3,439062E+3	1,076819E+2	3,439062E+3	1,135203E+2	3,439062E+3	1,167331E+2
3,440625E+3	6,830205E+1	3,440625E+3	7,963103E+1	3,440625E+3	8,933011E+1	3,440625E+3	1,002744E+2	3,440625E+3	1,077372E+2	3,440625E+3	1,136620E+2	3,440625E+3	1,172451E+2
3,442187E+3	6,899397E+1	3,442187E+3	7,991352E+1	3,442187E+3	8,979907E+1	3,442187E+3	1,000640E+2	3,442187E+3	1,093387E+2	3,442187E+3	1,138330E+2	3,442187E+3	1,176951E+2
3,443750E+3	6,972150E+1	3,443750E+3	8,128509E+1	3,443750E+3	8,976033E+1	3,443750E+3	9,892610E+1	3,443750E+3	1,104679E+2	3,443750E+3	1,122680E+2	3,443750E+3	1,178462E+2
3,445312E+3	7,070260E+1	3,445312E+3	8,062531E+1	3,445312E+3	8,941777E+1	3,445312E+3	9,920938E+1	3,445312E+3	1,097828E+2	3,445312E+3	1,125772E+2	3,445312E+3	1,179544E+2
3,446875E+3	7,042319E+1	3,446875E+3	8,006892E+1	3,446875E+3	8,956330E+1	3,446875E+3	1,003177E+2	3,446875E+3	1,088411E+2	3,446875E+3	1,140230E+2	3,446875E+3	1,179488E+2
3,448437E+3	7,011610E+1	3,448437E+3	8,019946E+1	3,448437E+3	9,041321E+1	3,448437E+3	9,995632E+1	3,448437E+3	1,094494E+2	3,448437E+3	1,148287E+2	3,448437E+3	1,178568E+2
3,450000E+3	7,136841E+1	3,450000E+3	7,995541E+1	3,450000E+3	9,141507E+1	3,450000E+3	9,967044E+1	3,450000E+3	1,101481E+2	3,450000E+3	1,139910E+2	3,450000E+3	1,176357E+2
3,451562E+3	7,139632E+1	3,451562E+3	7,984894E+1	3,451562E+3	9,190545E+1	3,451562E+3	1,005130E+2	3,451562E+3	1,101800E+2	3,451562E+3	1,136723E+2	3,451562E+3	1,172977E+2
3,453125E+3	7,090614E+1	3,453125E+3	8,084874E+1	3,453125E+3	9,186147E+1	3,453125E+3	1,002817E+2	3,453125E+3	1,102720E+2	3,453125E+3	1,146508E+2	3,453125E+3	1,179809E+2
3,454687E+3	7,010716E+1	3,454687E+3	8,186488E+1	3,454687E+3	9,103689E+1	3,454687E+3	1,000001E+2	3,454687E+3	1,094220E+2	3,454687E+3	1,151337E+2	3,454687E+3	1,188907E+2
3,456250E+3	7,056524E+1	3,456250E+3	8,024791E+1	3,456250E+3	9,081917E+1	3,456250E+3	1,008550E+2	3,456250E+3	1,098907E+2	3,456250E+3	1,143247E+2	3,456250E+3	1,194812E+2
3,457812E+3	7,191275E+1	3,457812E+3	8,014128E+1	3,457812E+3	9,104953E+1	3,457812E+3	1,008322E+2	3,457812E+3	1,105120E+2	3,457812E+3	1,152177E+2	3,457812E+3	1,196665E+2
3,459375E+3	7,146132E+1	3,459375E+3	8,012369E+1	3,459375E+3	9,048359E+1	3,459375E+3	1,011074E+2	3,459375E+3	1,111289E+2	3,459375E+3	1,158021E+2	3,459375E+3	1,196799E+2
3,460937E+3	7,124026E+1	3,460937E+3	8,053763E+1	3,460937E+3	9,139112E+1	3,460937E+3	1,013926E+2	3,460937E+3	1,101079E+2	3,460937E+3	1,145969E+2	3,460937E+3	1,175257E+2
3,462500E+3	7,230925E+1	3,462500E+3	8,034354E+1	3,462500E+3	9,153235E+1	3,462500E+3	1,019211E+2	3,462500E+3	1,089398E+2	3,462500E+3	1,148082E+2	3,462500E+3	1,175149E+2
3,464062E+3	7,251104E+1	3,464062E+3	8,123137E+1	3,464062E+3	9,078710E+1	3,464062E+3	1,013185E+2	3,464062E+3	1,098294E+2	3,464062E+3	1,148292E+2	3,464062E+3	1,195631E+2
3,465625E+3	7,166096E+1	3,465625E+3	8,102394E+1	3,465625E+3	9,014395E+1	3,465625E+3	1,012309E+2	3,465625E+3	1,105697E+2	3,465625E+3	1,152937E+2	3,465625E+3	1,186623E+2
3,467187E+3	7,128457E+1	3,467187E+3	8,049985E+1	3,467187E+3	8,946119E+1	3,467187E+3	9,960083E+1	3,467187E+3	1,099851E+2	3,467187E+3	1,154351E+2	3,467187E+3	1,181633E+2
3,468750E+3	7,083665E+1	3,468750E+3	8,003184E+1	3,468750E+3	9,047819E+1	3,468750E+3	9,871410E+1	3,468750E+3	1,087110E+2	3,468750E+3	1,146767E+2	3,468750E+3	1,183378E+2
3,470312E+3	7,049186E+1	3,470312E+3	7,927157E+1	3,470312E+3	9,133112E+1	3,470312E+3	9,970119E+1	3,470312E+3	1,092574E+2	3,470312E+3	1,146839E+2	3,470312E+3	1,173109E+2
3,471875E+3	7,124314E+1	3,471875E+3	7,940041E+1	3,471875E+3	9,037547E+1	3,471875E+3	1,001196E+2	3,471875E+3	1,093300E+2	3,471875E+3	1,136905E+2	3,471875E+3	1,176001E+2
3,473437E+3	7,038088E+1	3,473437E+3	7,959896E+1	3,473437E+3	8,875297E+1	3,473437E+3	9,932521E+1	3,473437E+3	1,092471E+2	3,473437E+3	1,136204E+2	3,473437E+3	1,175059E+2
3,475000E+3	6,978634E+1	3,475000E+3	7,862542E+1	3,475000E+3	8,818112E+1	3,475000E+3	9,968295E+1	3,475000E+3	1,092718E+2	3,475000E+3	1,143181E+2	3,475000E+3	1,176202E+2
3,476562E+3	7,124878E+1	3,476562E+3	7,942068E+1	3,476562E+3	8,861216E+1	3,476562E+3	9,917693E+1	3,476562E+3	1,080218E+2	3,476562E+3	1,125268E+2	3,476562E+3	1,165551E+2
3,478125E+3	7,279450E+1	3,478125E+3	7,842380E+1	3,478125E+3	8,871141E+1	3,478125E+3	9,900841E+1	3,478125E+3	1,085373E+2	3,478125E+3	1,120039E+2	3,478125E+3	1,164797E+2
3,479687E+3	7,252127E+1	3,479687E+3	7,943782E+1	3,479687E+3	8,807541E+1	3,479687E+3	9,841442E+1	3,479687E+3	1,081005E+2	3,479687E+3	1,131916E+2	3,479687E+3	1,165010E+2
3,481250E+3	7,386594E+1	3,481250E+3	7,943205E+1	3,481250E+3	8,831295E+1	3,481250E+3	9,764427E+1	3,481250E+3	1,072890E+2	3,481250E+3	1,127932E+2	3,481250E+3	1,154851E+2
3,482812E+3	7,077777E+1	3,482812E+3	7,845418E+1	3,482812E+3	8,843398E+1	3,482812E+3	9,720864E+1	3,482812E+3	1,069934E+2	3,482812E+3	1,118452E+2	3,482812E+3	1,151693E+2
3,484375E+3	6,728313E+1	3,484375E+3	7,703103E+1	3,484375E+3	8,840623E+1	3,484375E+3	9,733745E+1	3,484375E+3	1,063392E+2	3,484375E+3	1,108882E+2	3,484375E+3	1,154997E+2
3,485937E+3	6,719538E+1	3,485937E+3	7,648648E+1	3,485937E+3	8,704786E+1	3,485937E+3	9,760036E+1	3,485937E+3	1,067006E+2	3,485937E+3	1,106247E+2	3,485937E+3	1,164376E+2
3,487500E+3	6,671940E+1	3,487500E+3	7,548332E+1	3,487500E+3	8,765687E+1	3,487500E+3	9,734974E+1	3,487500E+3	1,063607E+2	3,487500E+3	1,099228E+2	3,487500E+3	1,160349E+2
3,489062E+3	6,758466E+1	3,489062E+3	7,597141E+1	3,489062E+3	8,654231E+1	3,489062E+3	9,646348E+1	3,489062E+3	1,064757E+2	3,489062E+3	1,105270E+2	3,489062E+3	1,148273E+2
3,490625E+3	6,585338E+1	3,490625E+3	7,579679E+1	3,490625E+3	8,599146E+1	3,490625E+3	9,636149E+1	3,490625E+3	1,052445E+2	3,490625E+3	1,110078E+2	3,490625E+3	1,146122E+2
3,492187E+3	6,572614E+1	3,492187E+3	7,589635E+1	3,492187E+3	8,499926E+1	3,492187E+3	9,678481E+1	3,492187E+3	1,057401E+2	3,492187E+3	1,104028E+2	3,492187E+3	1,153381E+2
3,493750E+3	6,579386E+1	3,493750E+3	7,494745E+1	3,493750E+3	8,535262E+1	3,493750E+3	9,549249E+1	3,493750E+3	1,059660E+2	3,493750E+3	1,109595E+2	3,493750E+3	1,155198E+2
3,495312E+3	6,515906E+1	3,495312E+3	7,498988E+1	3,495312E+3	8,490419E+1	3,495312E+3	9,491328E+1	3,495312E+3	1,052040E+2	3,495312E+3	1,116788E+2	3,495312E+3	1,141687E+2
3,496875E+3	6,615986E+1	3,496875E+3	7,445852E+1	3,496875E+3	8,500410E+1	3,496875E+3	9,423029E+1	3,496875E+3	1,049015E+2	3,496875E+3	1,105082E+2	3,496875E+3	1,143407E+2
3,498437E+3	6,556958E+1	3,498437E+3	7,452263E+1	3,498437E+3	8,523220E+1	3,498437E+3	9,524936E+1	3,498437E+3	1,046669E+2	3,498437E+3	1,095017E+2	3,498437E+3	1,149283E+2
3,500000E+3	6,344546E+1	3,500000E+3	7,452261E+1	3,500000E+3	8,489955E+1	3,500000E+3	9,485089E+1	3,500000E+3	1,044714E+2	3,500000E+3	1,082511E+2	3,500000E+3	1,136813E+2
3,501562E+3	6,404983E+1	3,501562E+3	7,384847E+1	3,501562E+3	8,551464E+1	3,501562E+3	9,348534E+1	3,501562E+3	1,038514E+2	3,501562E+3	1,082899E+2	3,501562E+3	1,135296E+2
3,503125E+3	6,473684E+1	3,503125E+3	7,363000E+1	3,503125E+3	8,497435E+1	3,503125E+3	9,317030E+1	3,503125E+3	1,038429E+2	3,503125E+3	1,082110E+2	3,503125E+3	1,125627E+2
3,504687E+3	6,369049E+1	3,504687E+3	7,294925E+1	3,504687E+3	8,447920E+1	3,504687E+3	9,350723E+1	3,504687E+3	1,034867E+2	3,504687E+3	1,093150E+2	3,504687E+3	1,120604E+2
3,506250E+3	6,332220E+1	3,506250E+3	7,357106E+1	3,506250E+3	8,424048E+1	3,506250E+3	9,391046E+1	3,506250E+3	1,030196E+2	3,506250E+3	1,074605E+2	3,506250E+3	1,131751E+2
3,507812E+3	6,411189E+1	3,507812E+3	7,403967E+1	3,507812E+3	8,392711E+1	3,507812E+3	9,303912E+1	3,507812E+3	1,034818E+2	3,507812E+3	1,073524E+2	3,507812E+3	1,125021E+2
3,509375E+3	6,352711E+1	3,509375E+3	7,349863E+1	3,509375E+3	8,285165E+1	3,509375E+3	9,270536E+1	3,509375E+3	1,038407E+2	3,509375E+3	1,074140E+2	3,509375E+3	1,120518E+2
3,510937E+3	6,267742E+1	3,510937E+3	7,266387E+1	3,510937E+3	8,327821E+1	3,510937E+3	9,406143E+1	3,510937E+3	1,034698E+2	3,510937E+3	1,072269E+2	3,510937E+3	1,116050E+2
3,512500E+3	6,187190E+1	3,512500E+3	7,250205E+1	3,512500E+3	8,289330E+1	3,512500E+3	9,285752E+1	3,512500E+3	1,024782E+2	3,512500E+3	1,068379E+2	3,512500E+3	1,118127E+2
3,514062E+3	6,269199E+1	3,514062E+3	7,225834E+1	3,514062E+3	8,231737E+1	3,514062E+3	9,175467E+1	3,514062E+3	1,022417E+2	3,514062E+3	1,076384E+2	3,514062E+3	1,127569E+2
3,515625E+3	6,352292E+1	3,515625E+3	7,250372E+1	3,515625E+3	8,194087E+1	3,515625E+3	9,324604E+1	3,515625E+3	1,024197E+2	3,515625E+3	1,075024E+2	3,515625E+3	1,115579E+2
3,517187E+3	6,257693E+1	3,517187E+3	7,158488E+1	3,517187E+3	8,247791E+1	3,517187E+3	9,235927E+1	3,517187E+3	1,015819E+2	3,517187E+3	1,060266E+2	3,517187E+3	1,112984E+2
3,518750E+3	6,300678E+1	3,518750E+3	7,136541E+1	3,518750E+3	8,258381E+1	3,518750E+3	9,136197E+1	3,518750E+3	1,028948E+2	3,518750E+3	1,070564E+2	3,518750E+3	1,118408E+2
3,520312E+3	6,184399E+1	3,520312E+3	7,199814E+1	3,520312E+3	8,168722E+1	3,520312E+3	9,090606E+1	3,520312E+3	1,023862E+2	3,520312E+3	1,067725E+2	3,520312E+3	1,113314E+2
3,521875E+3	6,045233E+1	3,521875E+3	7,248787E+1	3,521875E+3	8,185835E+1	3,521875E+3	9,108277E+1	3,521875E+3	1,019013E+2	3,521875E+3	1,072938E+2	3,521875E+3	1,112385E+2
3,523437E+3	6,168780E+1	3,523437E+3	7,185954E+1	3,523437E+3	8,107934E+1	3,523437E+3	9,099588E+1	3,523437E+3	1,022068E+2	3,523437E+3	1,077173E+2	3,523437E+3	1,107617E+2
3,525000E+3	6,288146E+1	3,525000E+3	7,203197E+1	3,525000E+3	8,157630E+1	3,525000E+3	9,182349E+1	3,525000E+3	1,017622E+2	3,525000E+3	1,078416E+2	3,525000E+3	1,103208E+2
3,526562E+3	6,199083E+1	3,526562E+3	7,182727E+1	3,526562E+3	8,131144E+1	3,526562E+3	9,168160E+1	3,526562E+3	1,003322E+2	3,526562E+3	1,071559E+2	3,526562E+3	1,099655E+2
3,528125E+3	6,207131E+1	3,528125E+3	7,231227E+1	3,528125E+3	8,081796E+1	3,528125E+3	9,197921E+1	3,528125E+3	1,015615E+2	3,528125E+3	1,068908E+2	3,528125E+3	1,107371E+2
3,529687E+3	6,173529E+1	3,529687E+3	7,251078E+1	3,529687E+3	8,015809E+1	3,529687E+3	9,273070E+1	3,529687E+3	1,016209E+2	3,529687E+3	1,063171E+2	3,529687E+3	1,103825E+2
3,531250E+3	6,144169E+1	3,531250E+3	7,135446E+1	3,531250E+3	8,051894E+1	3,531250E+3	9,233000E+1	3,531250E+3	1,016259E+2	3,531250E+3	1,059582E+2	3,531250E+3	1,105092E+2
3,532812E+3	6,115909E+1	3,532812E+3	7,093019E+1	3,532812E+3	8,023086E+1	3,532812E+3	9,123122E+1	3,532812E+3	1,015153E+2	3,532812E+3	1,055165E+2	3,532812E+3	1,109441E+2
3,534375E+3	6,109783E+1	3,534375E+3	7,071792E+1	3,534375E+3	7,921220E+1	3,534375E+3	9,115206E+1	3,534375E+3	1,015188E+2	3,534375E+3	1,051934E+2	3,534375E+3	1,106813E+2
3,535937E+3	6,229675E+1	3,535937E+3	7,180237E+1	3,535937E+3	7,998723E+1	3,535937E+3	9,183696E+1	3,535937E+3	1,012294E+2	3,535937E+3	1,058068E+2	3,535937E+3	1,096866E+2
3,537500E+3	6,908259E+1	3,537500E+3	7,244120E+1	3,537500E+3	8,062062E+1	3,537500E+3	9,152897E+1	3,537500E+3	1,004885E+2	3,537500E+3	1,047831E+2	3,537500E+3	1,098924E+2
3,539062E+3	7,276181E+1	3,539062E+3	7,682261E+1	3,539062E+3	8,155947E+1	3,539062E+3	9,078393E+1	3,539062E+3	1,006232E+2	3,539062E+3	1,044734E+2	3,539062E+3	1,088916E+2
3,540625E+3	7,500763E+1	3,540625E+3	7,818712E+1	3,540625E+3	8,299405E+1	3,540625E+3	9,054665E+1	3,540625E+3	1,007629E+2	3,540625E+3	1,052963E+2	3,540625E+3	1,088816E+2
3,542187E+3	7,362677E+1	3,542187E+3	7,355313E+1	3,542187E+3	8,242421E+1	3,542187E+3	9,065330E+1	3,542187E+3	1,008285E+2	3,542187E+3	1,053682E+2	3,542187E+3	1,091900E+2
3,543750E+3	6,496734E+1	3,543750E+3	7,063661E+1	3,543750E+3	8,122962E+1	3,543750E+3	9,004267E+1	3,543750E+3	1,014354E+2	3,543750E+3	1,055280E+2	3,543750E+3	1,100909E+2
3,545312E+3	6,070270E+1	3,545312E+3	7,097554E+1	3,545312E+3	8,042323E+1	3,545312E+3	9,077820E+1	3,545312E+3	1,002069E+2	3,545312E+3	1,055599E+2	3,545312E+3	1,108340E+2
3,546875E+3	6,137765E+1	3,546875E+3	7,024873E+1	3,546875E+3	8,027253E+1	3,546875E+3	9,064718E+1	3,546875E+3	1,000744E+2	3,546875E+3	1,040718E+2	3,546875E+3	1,100634E+2
3,548437E+3	6,044917E+1	3,548437E+3	7,022909E+1	3,548437E+3	7,973928E+1	3,548437E+3	9,113465E+1	3,548437E+3	1,002122E+2	3,548437E+3	1,051221E+2	3,548437E+3	1,094844E+2
3,550000E+3	6,114290E+1	3,550000E+3	6,973793E+1	3,550000E+3	8,022145E+1	3,550000E+3	9,175632E+1	3,550000E+3	1,000665E+2	3,550000E+3	1,051920E+2	3,550000E+3	1,103163E+2
3,551562E+3	6,226659E+1	3,551562E+3	7,044236E+1	3,551562E+3	8,079863E+1	3,551562E+3	8,996869E+1	3,551562E+3	9,993192E+1	3,551562E+3	1,044853E+2	3,551562E+3	1,114029E+2
3,553125E+3	6,158900E+1	3,553125E+3	7,065340E+1	3,553125E+3	8,095537E+1	3,553125E+3	8,973566E+1	3,553125E+3	9,952059E+1	3,553125E+3	1,052393E+2	3,553125E+3	1,095981E+2
3,554687E+3	6,060596E+1	3,554687E+3	7,105073E+1	3,554687E+3	8,033455E+1	3,554687E+3	9,022667E+1	3,554687E+3	1,000118E+2	3,554687E+3	1,044552E+2	3,554687E+3	1,095470E+2
3,556250E+3	6,015260E+1	3,556250E+3	7,026617E+1	3,556250E+3	7,999074E+1	3,556250E+3	9,136022E+1	3,556250E+3	1,001181E+2	3,556250E+3	1,054634E+2	3,556250E+3	1,100926E+2
3,557812E+3	6,087619E+1	3,557812E+3	6,911708E+1	3,557812E+3	8,023212E+1	3,557812E+3	9,145890E+1	3,557812E+3	9,959199E+1	3,557812E+3	1,060062E+2	3,557812E+3	1,087863E+2
3,559375E+3	6,070127E+1	3,559375E+3	6,973616E+1	3,559375E+3	8,102906E+1	3,559375E+3	9,080280E+1	3,559375E+3	1,000927E+2	3,559375E+3	1,061079E+2	3,559375E+3	1,091141E+2
3,560937E+3	6,103287E+1	3,560937E+3	6,998713E+1	3,560937E+3	8,040870E+1	3,560937E+3	9,064772E+1	3,560937E+3	1,002452E+2	3,560937E+3	1,060710E+2	3,560937E+3	1,093312E+2
3,562500E+3	6,175071E+1	3,562500E+3	7,025403E+1	3,562500E+3	7,989136E+1	3,562500E+3	9,037456E+1	3,562500E+3	1,008799E+2	3,562500E+3	1,051334E+2	3,562500E+3	1,101352E+2
3,564062E+3	6,127617E+1	3,564062E+3	7,070789E+1	3,564062E+3	8,117411E+1	3,564062E+3	9,053484E+1	3,564062E+3	1,010157E+2	3,564062E+3	1,056051E+2	3,564062E+3	1,093947E+2
3,565625E+3	6,039206E+1	3,565625E+3	7,009230E+1	3,565625E+3	8,151277E+1	3,565625E+3	9,040376E+1	3,565625E+3	9,994763E+1	3,565625E+3	1,047819E+2	3,565625E+3	1,095737E+2
3,567187E+3	6,139179E+1	3,567187E+3	6,958629E+1	3,567187E+3	8,070019E+1	3,567187E+3	9,014943E+1	3,567187E+3	9,911602E+1	3,567187E+3	1,049505E+2	3,567187E+3	1,098486E+2
3,568750E+3	6,074474E+1	3,568750E+3	6,924470E+1	3,568750E+3	8,101655E+1	3,568750E+3	9,086696E+1	3,568750E+3	9,937700E+1	3,568750E+3	1,047358E+2	3,568750E+3	1,095594E+2
3,570312E+3	5,972542E+1	3,570312E+3	7,154319E+1	3,570312E+3	8,146680E+1	3,570312E+3	9,117420E+1	3,570312E+3	1,003897E+2	3,570312E+3	1,058256E+2	3,570312E+3	1,101492E+2
3,571875E+3	6,005516E+1	3,571875E+3	7,183500E+1	3,571875E+3	8,106895E+1	3,571875E+3	9,105608E+1	3,571875E+3	1,001520E+2	3,571875E+3	1,050451E+2	3,571875E+3	1,098845E+2
3,573437E+3	6,011212E+1	3,573437E+3	7,112633E+1	3,573437E+3	8,179932E+1	3,573437E+3	9,172835E+1	3,573437E+3	1,009617E+2	3,573437E+3	1,051852E+2	3,573437E+3	1,095505E+2
3,575000E+3	6,093064E+1	3,575000E+3	7,169608E+1	3,575000E+3	8,107058E+1	3,575000E+3	9,057690E+1	3,575000E+3	1,009171E+2	3,575000E+3	1,059128E+2	3,575000E+3	1,086319E+2
3,576562E+3	6,142657E+1	3,576562E+3	7,152784E+1	3,576562E+3	8,103704E+1	3,576562E+3	9,144361E+1	3,576562E+3	9,992103E+1	3,576562E+3	1,066586E+2	3,576562E+3	1,088835E+2
3,578125E+3	6,168937E+1	3,578125E+3	7,029060E+1	3,578125E+3	8,192264E+1	3,578125E+3	9,229301E+1	3,578125E+3	1,010333E+2	3,578125E+3	1,070887E+2	3,578125E+3	1,094408E+2
3,579687E+3	6,201386E+1	3,579687E+3	7,080016E+1	3,579687E+3	8,094291E+1	3,579687E+3	9,178180E+1	3,579687E+3	1,022772E+2	3,579687E+3	1,056451E+2	3,579687E+3	1,097372E+2
3,581250E+3	6,253963E+1	3,581250E+3	7,154399E+1	3,581250E+3	8,064550E+1	3,581250E+3	9,119758E+1	3,581250E+3	1,017100E+2	3,581250E+3	1,064834E+2	3,581250E+3	1,099337E+2
3,582812E+3	6,221427E+1	3,582812E+3	7,177899E+1	3,582812E+3	8,159936E+1	3,582812E+3	9,150669E+1	3,582812E+3	1,024018E+2	3,582812E+3	1,054642E+2	3,582812E+3	1,091744E+2
3,584375E+3	6,180089E+1	3,584375E+3	7,117471E+1	3,584375E+3	8,182818E+1	3,584375E+3	9,041210E+1	3,584375E+3	1,024637E+2	3,584375E+3	1,053802E+2	3,584375E+3	1,098813E+2
3,585937E+3	6,107555E+1	3,585937E+3	7,251305E+1	3,585937E+3	8,142560E+1	3,585937E+3	9,153957E+1	3,585937E+3	1,018213E+2	3,585937E+3	1,060008E+2	3,585937E+3	1,096701E+2
3,587500E+3	6,070788E+1	3,587500E+3	7,208617E+1	3,587500E+3	8,264390E+1	3,587500E+3	9,294218E+1	3,587500E+3	1,013404E+2	3,587500E+3	1,067814E+2	3,587500E+3	1,100434E+2
3,589062E+3	6,018651E+1	3,589062E+3	7,190854E+1	3,589062E+3	8,282617E+1	3,589062E+3	9,243961E+1	3,589062E+3	1,016638E+2	3,589062E+3	1,067175E+2	3,589062E+3	1,109969E+2
3,590625E+3	6,148910E+1	3,590625E+3	7,285358E+1	3,590625E+3	8,214896E+1	3,590625E+3	9,166663E+1	3,590625E+3	1,009647E+2	3,590625E+3	1,077537E+2	3,590625E+3	1,113433E+2
3,592187E+3	6,227974E+1	3,592187E+3	7,204582E+1	3,592187E+3	8,177454E+1	3,592187E+3	9,194449E+1	3,592187E+3	1,025156E+2	3,592187E+3	1,071237E+2	3,592187E+3	1,116168E+2
3,593750E+3	6,248491E+1	3,593750E+3	7,255625E+1	3,593750E+3	8,200292E+1	3,593750E+3	9,339072E+1	3,593750E+3	1,025078E+2	3,593750E+3	1,064995E+2	3,593750E+3	1,113374E+2
3,595312E+3	6,247874E+1	3,595312E+3	7,364965E+1	3,595312E+3	8,222738E+1	3,595312E+3	9,304213E+1	3,595312E+3	1,025175E+2	3,595312E+3	1,069860E+2	3,595312E+3	1,114405E+2
3,596875E+3	6,450367E+1	3,596875E+3	7,340791E+1	3,596875E+3	8,245397E+1	3,596875E+3	9,352678E+1	3,596875E+3	1,026189E+2	3,596875E+3	1,077654E+2	3,596875E+3	1,116773E+2
3,598437E+3	6,719522E+1	3,598437E+3	7,416816E+1	3,598437E+3	8,358256E+1	3,598437E+3	9,382214E+1	3,598437E+3	1,023813E+2	3,598437E+3	1,080163E+2	3,598437E+3	1,114968E+2
3,600000E+3	6,820648E+1	3,600000E+3	7,544927E+1	3,600000E+3	8,354626E+1	3,600000E+3	9,188720E+1	3,600000E+3	1,025377E+2	3,600000E+3	1,074043E+2	3,600000E+3	1,111968E+2
3,601562E+3	6,951630E+1	3,601562E+3	7,478837E+1	3,601562E+3	8,514685E+1	3,601562E+3	9,205163E+1	3,601562E+3	1,028161E+2	3,601562E+3	1,075582E+2	3,601562E+3	1,119496E+2
3,603125E+3	6,631569E+1	3,603125E+3	7,429372E+1	3,603125E+3	8,475001E+1	3,603125E+3	9,256191E+1	3,603125E+3	1,029075E+2	3,603125E+3	1,072388E+2	3,603125E+3	1,116936E+2
3,604687E+3	6,397455E+1	3,604687E+3	7,418155E+1	3,604687E+3	8,352362E+1	3,604687E+3	9,284373E+1	3,604687E+3	1,035483E+2	3,604687E+3	1,078669E+2	3,604687E+3	1,116467E+2
3,606250E+3	6,363646E+1	3,606250E+3	7,450058E+1	3,606250E+3	8,408236E+1	3,606250E+3	9,312857E+1	3,606250E+3	1,041792E+2	3,606250E+3	1,081480E+2	3,606250E+3	1,122614E+2
3,607812E+3	6,333231E+1	3,607812E+3	7,414525E+1	3,607812E+3	8,465580E+1	3,607812E+3	9,459585E+1	3,607812E+3	1,031455E+2	3,607812E+3	1,074266E+2	3,607812E+3	1,129901E+2
3,609375E+3	6,354531E+1	3,609375E+3	7,367649E+1	3,609375E+3	8,428478E+1	3,609375E+3	9,512120E+1	3,609375E+3	1,034416E+2	3,609375E+3	1,086368E+2	3,609375E+3	1,135168E+2
3,610937E+3	6,393735E+1	3,610937E+3	7,417597E+1	3,610937E+3	8,478447E+1	3,610937E+3	9,476070E+1	3,610937E+3	1,040672E+2	3,610937E+3	1,081535E+2	3,610937E+3	1,136932E+2
3,612500E+3	6,357448E+1	3,612500E+3	7,479320E+1	3,612500E+3	8,427020E+1	3,612500E+3	9,421164E+1	3,612500E+3	1,029843E+2	3,612500E+3	1,095445E+2	3,612500E+3	1,129047E+2
3,614062E+3	6,523472E+1	3,614062E+3	7,486804E+1	3,614062E+3	8,383523E+1	3,614062E+3	9,453665E+1	3,614062E+3	1,033789E+2	3,614062E+3	1,096638E+2	3,614062E+3	1,121384E+2
3,615625E+3	6,564627E+1	3,615625E+3	7,487671E+1	3,615625E+3	8,419119E+1	3,615625E+3	9,455995E+1	3,615625E+3	1,032725E+2	3,615625E+3	1,085138E+2	3,615625E+3	1,129567E+2
3,617187E+3	6,511070E+1	3,617187E+3	7,451151E+1	3,617187E+3	8,386859E+1	3,617187E+3	9,479738E+1	3,617187E+3	1,034705E+2	3,617187E+3	1,081428E+2	3,617187E+3	1,132978E+2
3,618750E+3	6,480452E+1	3,618750E+3	7,506954E+1	3,618750E+3	8,531073E+1	3,618750E+3	9,513331E+1	3,618750E+3	1,037936E+2	3,618750E+3	1,090582E+2	3,618750E+3	1,130910E+2
3,620312E+3	6,473935E+1	3,620312E+3	7,541896E+1	3,620312E+3	8,510170E+1	3,620312E+3	9,540490E+1	3,620312E+3	1,043069E+2	3,620312E+3	1,096208E+2	3,620312E+3	1,130629E+2
3,621875E+3	6,469552E+1	3,621875E+3	7,488033E+1	3,621875E+3	8,406001E+1	3,621875E+3	9,505470E+1	3,621875E+3	1,036903E+2	3,621875E+3	1,094124E+2	3,621875E+3	1,129728E+2
3,623437E+3	6,564860E+1	3,623437E+3	7,372908E+1	3,623437E+3	8,378699E+1	3,623437E+3	9,476699E+1	3,623437E+3	1,035362E+2	3,623437E+3	1,090966E+2	3,623437E+3	1,132095E+2
3,625000E+3	6,445091E+1	3,625000E+3	7,394889E+1	3,625000E+3	8,379201E+1	3,625000E+3	9,437779E+1	3,625000E+3	1,036981E+2	3,625000E+3	1,094364E+2	3,625000E+3	1,131258E+2
3,626562E+3	6,370844E+1	3,626562E+3	7,404473E+1	3,626562E+3	8,387639E+1	3,626562E+3	9,381459E+1	3,626562E+3	1,043172E+2	3,626562E+3	1,092566E+2	3,626562E+3	1,130706E+2
3,628125E+3	6,427472E+1	3,628125E+3	7,307929E+1	3,628125E+3	8,332166E+1	3,628125E+3	9,318186E+1	3,628125E+3	1,043916E+2	3,628125E+3	1,093331E+2	3,628125E+3	1,133163E+2
3,629687E+3	6,451257E+1	3,629687E+3	7,266394E+1	3,629687E+3	8,386855E+1	3,629687E+3	9,344861E+1	3,629687E+3	1,033851E+2	3,629687E+3	1,092838E+2	3,629687E+3	1,117115E+2
3,631250E+3	6,260629E+1	3,631250E+3	7,280662E+1	3,631250E+3	8,383145E+1	3,631250E+3	9,452981E+1	3,631250E+3	1,021808E+2	3,631250E+3	1,090669E+2	3,631250E+3	1,116212E+2
3,632812E+3	6,274465E+1	3,632812E+3	7,298740E+1	3,632812E+3	8,227735E+1	3,632812E+3	9,416713E+1	3,632812E+3	1,034872E+2	3,632812E+3	1,083706E+2	3,632812E+3	1,113126E+2
3,634375E+3	6,361399E+1	3,634375E+3	7,330305E+1	3,634375E+3	8,299805E+1	3,634375E+3	9,201930E+1	3,634375E+3	1,028129E+2	3,634375E+3	1,077312E+2	3,634375E+3	1,110035E+2
3,635937E+3	6,280763E+1	3,635937E+3	7,354695E+1	3,635937E+3	8,296356E+1	3,635937E+3	9,206609E+1	3,635937E+3	1,020402E+2	3,635937E+3	1,072800E+2	3,635937E+3	1,106679E+2
3,637500E+3	6,142769E+1	3,637500E+3	7,262221E+1	3,637500E+3	8,188189E+1	3,637500E+3	9,166754E+1	3,637500E+3	1,020669E+2	3,637500E+3	1,068981E+2	3,637500E+3	1,106372E+2
3,639062E+3	6,218371E+1	3,639062E+3	7,152058E+1	3,639062E+3	8,215601E+1	3,639062E+3	9,104316E+1	3,639062E+3	1,020021E+2	3,639062E+3	1,067277E+2	3,639062E+3	1,106423E+2
3,640625E+3	6,082939E+1	3,640625E+3	7,076129E+1	3,640625E+3	8,050191E+1	3,640625E+3	9,049612E+1	3,640625E+3	1,027124E+2	3,640625E+3	1,070333E+2	3,640625E+3	1,116794E+2
3,642187E+3	6,123971E+1	3,642187E+3	6,980340E+1	3,642187E+3	8,053312E+1	3,642187E+3	9,134609E+1	3,642187E+3	1,024604E+2	3,642187E+3	1,068558E+2	3,642187E+3	1,108800E+2
3,643750E+3	6,097051E+1	3,643750E+3	7,075958E+1	3,643750E+3	8,136900E+1	3,643750E+3	9,051086E+1	3,643750E+3	1,014532E+2	3,643750E+3	1,068987E+2	3,643750E+3	1,107986E+2
3,645312E+3	6,157145E+1	3,645312E+3	7,025412E+1	3,645312E+3	8,035214E+1	3,645312E+3	9,030544E+1	3,645312E+3	1,005257E+2	3,645312E+3	1,065866E+2	3,645312E+3	1,106273E+2
3,646875E+3	6,145170E+1	3,646875E+3	6,978839E+1	3,646875E+3	7,994226E+1	3,646875E+3	9,062383E+1	3,646875E+3	1,010301E+2	3,646875E+3	1,059447E+2	3,646875E+3	1,104483E+2
3,648437E+3	6,070156E+1	3,648437E+3	6,932519E+1	3,648437E+3	8,024126E+1	3,648437E+3	8,994826E+1	3,648437E+3	1,006765E+2	3,648437E+3	1,065242E+2	3,648437E+3	1,103812E+2
3,650000E+3	5,903869E+1	3,650000E+3	6,857862E+1	3,650000E+3	7,977335E+1	3,650000E+3	8,859034E+1	3,650000E+3	9,883454E+1	3,650000E+3	1,043866E+2	3,650000E+3	1,096937E+2
3,651562E+3	5,956935E+1	3,651562E+3	6,817815E+1	3,651562E+3	7,910649E+1	3,651562E+3	8,883263E+1	3,651562E+3	9,977249E+1	3,651562E+3	1,042430E+2	3,651562E+3	1,097809E+2
3,653125E+3	5,817642E+1	3,653125E+3	6,819193E+1	3,653125E+3	7,806852E+1	3,653125E+3	9,024597E+1	3,653125E+3	9,978212E+1	3,653125E+3	1,033860E+2	3,653125E+3	1,086205E+2
3,654687E+3	5,779313E+1	3,654687E+3	6,842567E+1	3,654687E+3	7,747763E+1	3,654687E+3	8,849389E+1	3,654687E+3	9,937795E+1	3,654687E+3	1,040848E+2	3,654687E+3	1,083913E+2
3,656250E+3	6,077171E+1	3,656250E+3	6,919866E+1	3,656250E+3	7,780348E+1	3,656250E+3	8,749314E+1	3,656250E+3	9,745657E+1	3,656250E+3	1,046073E+2	3,656250E+3	1,080189E+2
3,657812E+3	6,776134E+1	3,657812E+3	6,942161E+1	3,657812E+3	7,832268E+1	3,657812E+3	8,721859E+1	3,657812E+3	9,754667E+1	3,657812E+3	1,040707E+2	3,657812E+3	1,077047E+2
3,659375E+3	7,066375E+1	3,659375E+3	7,413309E+1	3,659375E+3	7,778207E+1	3,659375E+3	8,699280E+1	3,659375E+3	9,682382E+1	3,659375E+3	1,025649E+2	3,659375E+3	1,084278E+2
3,660937E+3	7,224101E+1	3,660937E+3	7,471206E+1	3,660937E+3	7,903043E+1	3,660937E+3	8,674203E+1	3,660937E+3	9,741358E+1	3,660937E+3	1,038175E+2	3,660937E+3	1,082473E+2
3,662500E+3	6,962938E+1	3,662500E+3	6,928845E+1	3,662500E+3	7,840285E+1	3,662500E+3	8,741199E+1	3,662500E+3	9,790443E+1	3,662500E+3	1,039751E+2	3,662500E+3	1,077685E+2
3,664062E+3	5,971641E+1	3,664062E+3	6,620096E+1	3,664062E+3	7,696117E+1	3,664062E+3	8,728311E+1	3,664062E+3	9,584061E+1	3,664062E+3	1,027789E+2	3,664062E+3	1,070347E+2
3,665625E+3	5,481982E+1	3,665625E+3	6,552861E+1	3,665625E+3	7,684886E+1	3,665625E+3	8,630988E+1	3,665625E+3	9,527406E+1	3,665625E+3	1,013659E+2	3,665625E+3	1,072097E+2
3,667187E+3	5,596116E+1	3,667187E+3	6,562160E+1	3,667187E+3	7,605181E+1	3,667187E+3	8,532872E+1	3,667187E+3	9,566626E+1	3,667187E+3	1,013582E+2	3,667187E+3	1,070084E+2
3,668750E+3	5,575290E+1	3,668750E+3	6,634137E+1	3,668750E+3	7,640898E+1	3,668750E+3	8,586347E+1	3,668750E+3	9,603742E+1	3,668750E+3	1,012970E+2	3,668750E+3	1,064708E+2
3,670312E+3	5,415705E+1	3,670312E+3	6,609675E+1	3,670312E+3	7,566979E+1	3,670312E+3	8,595130E+1	3,670312E+3	9,544377E+1	3,670312E+3	1,017004E+2	3,670312E+3	1,066295E+2
3,671875E+3	5,414562E+1	3,671875E+3	6,495266E+1	3,671875E+3	7,438140E+1	3,671875E+3	8,432144E+1	3,671875E+3	9,487356E+1	3,671875E+3	1,015657E+2	3,671875E+3	1,063402E+2
3,673437E+3	5,433590E+1	3,673437E+3	6,327003E+1	3,673437E+3	7,466745E+1	3,673437E+3	8,408948E+1	3,673437E+3	9,424326E+1	3,673437E+3	1,013507E+2	3,673437E+3	1,056110E+2
3,675000E+3	5,422940E+1	3,675000E+3	6,459328E+1	3,675000E+3	7,509013E+1	3,675000E+3	8,378084E+1	3,675000E+3	9,442360E+1	3,675000E+3	1,012752E+2	3,675000E+3	1,047416E+2
3,676562E+3	5,488479E+1	3,676562E+3	6,376254E+1	3,676562E+3	7,385054E+1	3,676562E+3	8,334107E+1	3,676562E+3	9,488298E+1	3,676562E+3	9,950030E+1	3,676562E+3	1,036462E+2
3,678125E+3	5,442291E+1	3,678125E+3	6,335331E+1	3,678125E+3	7,389102E+1	3,678125E+3	8,385837E+1	3,678125E+3	9,514202E+1	3,678125E+3	9,931037E+1	3,678125E+3	1,047627E+2
3,679687E+3	5,452689E+1	3,679687E+3	6,355833E+1	3,679687E+3	7,304187E+1	3,679687E+3	8,349589E+1	3,679687E+3	9,528541E+1	3,679687E+3	9,873896E+1	3,679687E+3	1,038917E+2
3,681250E+3	5,436878E+1	3,681250E+3	6,266711E+1	3,681250E+3	7,305002E+1	3,681250E+3	8,361378E+1	3,681250E+3	9,443105E+1	3,681250E+3	9,870511E+1	3,681250E+3	1,035732E+2
3,682812E+3	5,365708E+1	3,682812E+3	6,257116E+1	3,682812E+3	7,305841E+1	3,682812E+3	8,327740E+1	3,682812E+3	9,245700E+1	3,682812E+3	1,000475E+2	3,682812E+3	1,039476E+2
3,684375E+3	5,235681E+1	3,684375E+3	6,308060E+1	3,684375E+3	7,339653E+1	3,684375E+3	8,295085E+1	3,684375E+3	9,214900E+1	3,684375E+3	9,833171E+1	3,684375E+3	1,034968E+2
3,685937E+3	5,250603E+1	3,685937E+3	6,354213E+1	3,685937E+3	7,296626E+1	3,685937E+3	8,243943E+1	3,685937E+3	9,264219E+1	3,685937E+3	9,800605E+1	3,685937E+3	1,027429E+2
3,687500E+3	5,274791E+1	3,687500E+3	6,273783E+1	3,687500E+3	7,149998E+1	3,687500E+3	8,290535E+1	3,687500E+3	9,239395E+1	3,687500E+3	9,840270E+1	3,687500E+3	1,032003E+2
3,689062E+3	5,244800E+1	3,689062E+3	6,209308E+1	3,689062E+3	7,101570E+1	3,689062E+3	8,308889E+1	3,689062E+3	9,201941E+1	3,689062E+3	9,787312E+1	3,689062E+3	1,024635E+2
3,690625E+3	5,298521E+1	3,690625E+3	6,254293E+1	3,690625E+3	7,153669E+1	3,690625E+3	8,227874E+1	3,690625E+3	9,296993E+1	3,690625E+3	9,730534E+1	3,690625E+3	1,032705E+2
3,692187E+3	5,279121E+1	3,692187E+3	6,241408E+1	3,692187E+3	7,203072E+1	3,692187E+3	8,107764E+1	3,692187E+3	9,279001E+1	3,692187E+3	9,739326E+1	3,692187E+3	1,039442E+2
3,693750E+3	5,213942E+1	3,693750E+3	6,050483E+1	3,693750E+3	7,152981E+1	3,693750E+3	8,147752E+1	3,693750E+3	9,311682E+1	3,693750E+3	9,663428E+1	3,693750E+3	1,031466E+2
3,695312E+3	5,140044E+1	3,695312E+3	6,162115E+1	3,695312E+3	7,197364E+1	3,695312E+3	8,179052E+1	3,695312E+3	9,251053E+1	3,695312E+3	9,690390E+1	3,695312E+3	1,033181E+2
3,696875E+3	5,195614E+1	3,696875E+3	6,229296E+1	3,696875E+3	7,165420E+1	3,696875E+3	8,150579E+1	3,696875E+3	9,233108E+1	3,696875E+3	9,745355E+1	3,696875E+3	1,044831E+2
3,698437E+3	5,194467E+1	3,698437E+3	6,210274E+1	3,698437E+3	7,108961E+1	3,698437E+3	8,144431E+1	3,698437E+3	9,165483E+1	3,698437E+3	9,749940E+1	3,698437E+3	1,031000E+2
3,700000E+3	5,128914E+1	3,700000E+3	6,109913E+1	3,700000E+3	7,075042E+1	3,700000E+3	8,108274E+1	3,700000E+3	9,104120E+1	3,700000E+3	9,669547E+1	3,700000E+3	1,025651E+2
3,701562E+3	5,179726E+1	3,701562E+3	6,055981E+1	3,701562E+3	7,155419E+1	3,701562E+3	8,095502E+1	3,701562E+3	9,041488E+1	3,701562E+3	9,670123E+1	3,701562E+3	1,029926E+2
3,703125E+3	5,193560E+1	3,703125E+3	6,134417E+1	3,703125E+3	7,175074E+1	3,703125E+3	8,110729E+1	3,703125E+3	9,138269E+1	3,703125E+3	9,655573E+1	3,703125E+3	1,022819E+2
3,704687E+3	5,187822E+1	3,704687E+3	6,116944E+1	3,704687E+3	7,128403E+1	3,704687E+3	8,114729E+1	3,704687E+3	9,174254E+1	3,704687E+3	9,756502E+1	3,704687E+3	1,012913E+2
3,706250E+3	5,215539E+1	3,706250E+3	6,025992E+1	3,706250E+3	7,141650E+1	3,706250E+3	8,142486E+1	3,706250E+3	9,088358E+1	3,706250E+3	9,716251E+1	3,706250E+3	1,008914E+2
3,707812E+3	5,086279E+1	3,707812E+3	6,055744E+1	3,707812E+3	7,105768E+1	3,707812E+3	8,090770E+1	3,707812E+3	9,017412E+1	3,707812E+3	9,687960E+1	3,707812E+3	1,011418E+2
3,709375E+3	5,098252E+1	3,709375E+3	6,127525E+1	3,709375E+3	7,039400E+1	3,709375E+3	8,123717E+1	3,709375E+3	9,102422E+1	3,709375E+3	9,686399E+1	3,709375E+3	1,014518E+2
3,710937E+3	5,160385E+1	3,710937E+3	6,125610E+1	3,710937E+3	7,071854E+1	3,710937E+3	8,092405E+1	3,710937E+3	8,990061E+1	3,710937E+3	9,651833E+1	3,710937E+3	1,020983E+2
3,712500E+3	5,044170E+1	3,712500E+3	6,061077E+1	3,712500E+3	7,023906E+1	3,712500E+3	8,080218E+1	3,712500E+3	9,053564E+1	3,712500E+3	9,564404E+1	3,712500E+3	9,986820E+1
3,714062E+3	5,056188E+1	3,714062E+3	5,971095E+1	3,714062E+3	7,117406E+1	3,714062E+3	8,131868E+1	3,714062E+3	9,124669E+1	3,714062E+3	9,597305E+1	3,714062E+3	1,008346E+2
3,715625E+3	5,046410E+1	3,715625E+3	6,079586E+1	3,715625E+3	7,036484E+1	3,715625E+3	8,139621E+1	3,715625E+3	9,078597E+1	3,715625E+3	9,610497E+1	3,715625E+3	1,011087E+2
3,717187E+3	5,277946E+1	3,717187E+3	5,967110E+1	3,717187E+3	6,956744E+1	3,717187E+3	8,015827E+1	3,717187E+3	9,010862E+1	3,717187E+3	9,498333E+1	3,717187E+3	9,966604E+1
3,718750E+3	5,572180E+1	3,718750E+3	6,072913E+1	3,718750E+3	6,965465E+1	3,718750E+3	7,984092E+1	3,718750E+3	8,994804E+1	3,718750E+3	9,641107E+1	3,718750E+3	9,997936E+1
3,720312E+3	5,730908E+1	3,720312E+3	6,215783E+1	3,720312E+3	6,985989E+1	3,720312E+3	8,094585E+1	3,720312E+3	8,952122E+1	3,720312E+3	9,698123E+1	3,720312E+3	1,004564E+2
3,721875E+3	5,811950E+1	3,721875E+3	6,111914E+1	3,721875E+3	7,055084E+1	3,721875E+3	8,023855E+1	3,721875E+3	9,028713E+1	3,721875E+3	9,607954E+1	3,721875E+3	1,005532E+2
3,723437E+3	5,439224E+1	3,723437E+3	6,021354E+1	3,723437E+3	7,023637E+1	3,723437E+3	7,941993E+1	3,723437E+3	8,998572E+1	3,723437E+3	9,555894E+1	3,723437E+3	1,001343E+2
3,725000E+3	5,111660E+1	3,725000E+3	5,992839E+1	3,725000E+3	7,026802E+1	3,725000E+3	7,944426E+1	3,725000E+3	8,978027E+1	3,725000E+3	9,579560E+1	3,725000E+3	1,002091E+2
3,726562E+3	5,042215E+1	3,726562E+3	6,131939E+1	3,726562E+3	7,019757E+1	3,726562E+3	8,005341E+1	3,726562E+3	9,075518E+1	3,726562E+3	9,483423E+1	3,726562E+3	1,012163E+2
3,728125E+3	5,045652E+1	3,728125E+3	6,139899E+1	3,728125E+3	7,083395E+1	3,728125E+3	8,015556E+1	3,728125E+3	9,070343E+1	3,728125E+3	9,601094E+1	3,728125E+3	1,006548E+2
3,729687E+3	5,003987E+1	3,729687E+3	6,151745E+1	3,729687E+3	7,097562E+1	3,729687E+3	7,992932E+1	3,729687E+3	9,026154E+1	3,729687E+3	9,688866E+1	3,729687E+3	1,000455E+2
3,731250E+3	5,139589E+1	3,731250E+3	6,180294E+1	3,731250E+3	7,199142E+1	3,731250E+3	8,079462E+1	3,731250E+3	9,131842E+1	3,731250E+3	9,592188E+1	3,731250E+3	9,937611E+1
3,732812E+3	5,185452E+1	3,732812E+3	6,103719E+1	3,732812E+3	7,080259E+1	3,732812E+3	8,148554E+1	3,732812E+3	9,177346E+1	3,732812E+3	9,586943E+1	3,732812E+3	9,985430E+1
3,734375E+3	5,335921E+1	3,734375E+3	6,237611E+1	3,734375E+3	7,062883E+1	3,734375E+3	8,137517E+1	3,734375E+3	9,114287E+1	3,734375E+3	9,711685E+1	3,734375E+3	1,013244E+2
3,735937E+3	5,400460E+1	3,735937E+3	6,264168E+1	3,735937E+3	7,190454E+1	3,735937E+3	8,063374E+1	3,735937E+3	9,101490E+1	3,735937E+3	9,580449E+1	3,735937E+3	1,008871E+2
3,737500E+3	5,373626E+1	3,737500E+3	6,228659E+1	3,737500E+3	7,230345E+1	3,737500E+3	8,186429E+1	3,737500E+3	9,127534E+1	3,737500E+3	9,540783E+1	3,737500E+3	1,001741E+2
3,739062E+3	5,304786E+1	3,739062E+3	6,190795E+1	3,739062E+3	7,240871E+1	3,739062E+3	8,250449E+1	3,739062E+3	9,178879E+1	3,739062E+3	9,479821E+1	3,739062E+3	1,001815E+2
3,740625E+3	5,267226E+1	3,740625E+3	6,215908E+1	3,740625E+3	7,311969E+1	3,740625E+3	8,258436E+1	3,740625E+3	9,223555E+1	3,740625E+3	9,513515E+1	3,740625E+3	9,977685E+1
3,742187E+3	5,249451E+1	3,742187E+3	6,277768E+1	3,742187E+3	7,279382E+1	3,742187E+3	8,096993E+1	3,742187E+3	9,149988E+1	3,742187E+3	9,604628E+1	3,742187E+3	9,958668E+1
3,743750E+3	5,316181E+1	3,743750E+3	6,285162E+1	3,743750E+3	7,229063E+1	3,743750E+3	8,117954E+1	3,743750E+3	9,174382E+1	3,743750E+3	9,608646E+1	3,743750E+3	1,002269E+2
3,745312E+3	5,299765E+1	3,745312E+3	6,228015E+1	3,745312E+3	7,214772E+1	3,745312E+3	8,252052E+1	3,745312E+3	9,139041E+1	3,745312E+3	9,600048E+1	3,745312E+3	1,004498E+2
3,746875E+3	5,317468E+1	3,746875E+3	6,241492E+1	3,746875E+3	7,354491E+1	3,746875E+3	8,293951E+1	3,746875E+3	9,175645E+1	3,746875E+3	9,658890E+1	3,746875E+3	1,004975E+2
3,748437E+3	5,395552E+1	3,748437E+3	6,288328E+1	3,748437E+3	7,332698E+1	3,748437E+3	8,170841E+1	3,748437E+3	9,118846E+1	3,748437E+3	9,666398E+1	3,748437E+3	1,005447E+2
3,750000E+3	5,353248E+1	3,750000E+3	6,380766E+1	3,750000E+3	7,236088E+1	3,750000E+3	8,276181E+1	3,750000E+3	9,236806E+1	3,750000E+3	9,851303E+1	3,750000E+3	1,003060E+2
3,751562E+3	5,331400E+1	3,751562E+3	6,423409E+1	3,751562E+3	7,294601E+1	3,751562E+3	8,376293E+1	3,751562E+3	9,305171E+1	3,751562E+3	9,736361E+1	3,751562E+3	1,006828E+2
3,753125E+3	5,382823E+1	3,753125E+3	6,470783E+1	3,753125E+3	7,379766E+1	3,753125E+3	8,416970E+1	3,753125E+3	9,300673E+1	3,753125E+3	9,788252E+1	3,753125E+3	1,016941E+2
3,754687E+3	5,333740E+1	3,754687E+3	6,476895E+1	3,754687E+3	7,467654E+1	3,754687E+3	8,456504E+1	3,754687E+3	9,346052E+1	3,754687E+3	9,853505E+1	3,754687E+3	1,019554E+2
3,756250E+3	5,327321E+1	3,756250E+3	6,412713E+1	3,756250E+3	7,373050E+1	3,756250E+3	8,419739E+1	3,756250E+3	9,301424E+1	3,756250E+3	9,759581E+1	3,756250E+3	1,021194E+2
3,757812E+3	5,478493E+1	3,757812E+3	6,385831E+1	3,757812E+3	7,511295E+1	3,757812E+3	8,361427E+1	3,757812E+3	9,336482E+1	3,757812E+3	9,723912E+1	3,757812E+3	1,010161E+2
3,759375E+3	5,702899E+1	3,759375E+3	6,513688E+1	3,759375E+3	7,580249E+1	3,759375E+3	8,343410E+1	3,759375E+3	9,482851E+1	3,759375E+3	9,822300E+1	3,759375E+3	1,010608E+2
3,760937E+3	5,552574E+1	3,760937E+3	6,522084E+1	3,760937E+3	7,439427E+1	3,760937E+3	8,503086E+1	3,760937E+3	9,451136E+1	3,760937E+3	9,897043E+1	3,760937E+3	1,010273E+2
3,762500E+3	5,591483E+1	3,762500E+3	6,511116E+1	3,762500E+3	7,580646E+1	3,762500E+3	8,475248E+1	3,762500E+3	9,414606E+1	3,762500E+3	9,761782E+1	3,762500E+3	1,023817E+2
3,764062E+3	5,645843E+1	3,764062E+3	6,603653E+1	3,764062E+3	7,586729E+1	3,764062E+3	8,432573E+1	3,764062E+3	9,442969E+1	3,764062E+3	9,834185E+1	3,764062E+3	1,017138E+2
3,765625E+3	5,525616E+1	3,765625E+3	6,591294E+1	3,765625E+3	7,607864E+1	3,765625E+3	8,537705E+1	3,765625E+3	9,436802E+1	3,765625E+3	9,834173E+1	3,765625E+3	1,010576E+2
3,767187E+3	5,561487E+1	3,767187E+3	6,540816E+1	3,767187E+3	7,645826E+1	3,767187E+3	8,645432E+1	3,767187E+3	9,424361E+1	3,767187E+3	9,791957E+1	3,767187E+3	1,020542E+2
3,768750E+3	5,648150E+1	3,768750E+3	6,590772E+1	3,768750E+3	7,673109E+1	3,768750E+3	8,663382E+1	3,768750E+3	9,534739E+1	3,768750E+3	9,925601E+1	3,768750E+3	1,027934E+2
3,770312E+3	5,630361E+1	3,770312E+3	6,674681E+1	3,770312E+3	7,555624E+1	3,770312E+3	8,592107E+1	3,770312E+3	9,604312E+1	3,770312E+3	1,002139E+2	3,770312E+3	1,028393E+2
3,771875E+3	5,732524E+1	3,771875E+3	6,625211E+1	3,771875E+3	7,522105E+1	3,771875E+3	8,606785E+1	3,771875E+3	9,525127E+1	3,771875E+3	9,875974E+1	3,771875E+3	1,031620E+2
3,773437E+3	5,703992E+1	3,773437E+3	6,604057E+1	3,773437E+3	7,606177E+1	3,773437E+3	8,634755E+1	3,773437E+3	9,383047E+1	3,773437E+3	9,907647E+1	3,773437E+3	1,033989E+2
3,775000E+3	5,729306E+1	3,775000E+3	6,599743E+1	3,775000E+3	7,636204E+1	3,775000E+3	8,659044E+1	3,775000E+3	9,454116E+1	3,775000E+3	9,964816E+1	3,775000E+3	1,033403E+2
3,776562E+3	6,008680E+1	3,776562E+3	6,607207E+1	3,776562E+3	7,706400E+1	3,776562E+3	8,748973E+1	3,776562E+3	9,501016E+1	3,776562E+3	1,010258E+2	3,776562E+3	1,034578E+2
3,778125E+3	6,354890E+1	3,778125E+3	6,896817E+1	3,778125E+3	7,539760E+1	3,778125E+3	8,790050E+1	3,778125E+3	9,555806E+1	3,778125E+3	1,003441E+2	3,778125E+3	1,045895E+2
3,779687E+3	6,555746E+1	3,779687E+3	7,144882E+1	3,779687E+3	7,677788E+1	3,779687E+3	8,778969E+1	3,779687E+3	9,671242E+1	3,779687E+3	1,002821E+2	3,779687E+3	1,043221E+2
3,781250E+3	6,780371E+1	3,781250E+3	7,009539E+1	3,781250E+3	7,809317E+1	3,781250E+3	8,731389E+1	3,781250E+3	9,577900E+1	3,781250E+3	1,003665E+2	3,781250E+3	1,035347E+2
3,782812E+3	6,493758E+1	3,782812E+3	6,738655E+1	3,782812E+3	7,810448E+1	3,782812E+3	8,642106E+1	3,782812E+3	9,582677E+1	3,782812E+3	1,008530E+2	3,782812E+3	1,036760E+2
3,784375E+3	5,773536E+1	3,784375E+3	6,583308E+1	3,784375E+3	7,688919E+1	3,784375E+3	8,639315E+1	3,784375E+3	9,592092E+1	3,784375E+3	1,011019E+2	3,784375E+3	1,026255E+2
3,785937E+3	5,755802E+1	3,785937E+3	6,613233E+1	3,785937E+3	7,659252E+1	3,785937E+3	8,561766E+1	3,785937E+3	9,530112E+1	3,785937E+3	1,006920E+2	3,785937E+3	1,027283E+2
3,787500E+3	5,768731E+1	3,787500E+3	6,652557E+1	3,787500E+3	7,758719E+1	3,787500E+3	8,587863E+1	3,787500E+3	9,548639E+1	3,787500E+3	1,014434E+2	3,787500E+3	1,036084E+2
3,789062E+3	5,806602E+1	3,789062E+3	6,726726E+1	3,789062E+3	7,804233E+1	3,789062E+3	8,660411E+1	3,789062E+3	9,587047E+1	3,789062E+3	1,006919E+2	3,789062E+3	1,035128E+2
3,790625E+3	5,771537E+1	3,790625E+3	6,578062E+1	3,790625E+3	7,728108E+1	3,790625E+3	8,770559E+1	3,790625E+3	9,687060E+1	3,790625E+3	1,003534E+2	3,790625E+3	1,031725E+2
3,792187E+3	5,656672E+1	3,792187E+3	6,452447E+1	3,792187E+3	7,755840E+1	3,792187E+3	8,744711E+1	3,792187E+3	9,621317E+1	3,792187E+3	1,007042E+2	3,792187E+3	1,040168E+2
3,793750E+3	5,678825E+1	3,793750E+3	6,601787E+1	3,793750E+3	7,769411E+1	3,793750E+3	8,752618E+1	3,793750E+3	9,655741E+1	3,793750E+3	1,000757E+2	3,793750E+3	1,042611E+2
3,795312E+3	5,703887E+1	3,795312E+3	6,677201E+1	3,795312E+3	7,731349E+1	3,795312E+3	8,706491E+1	3,795312E+3	9,671609E+1	3,795312E+3	1,003510E+2	3,795312E+3	1,035966E+2
3,796875E+3	5,679550E+1	3,796875E+3	6,715689E+1	3,796875E+3	7,646151E+1	3,796875E+3	8,653795E+1	3,796875E+3	9,624984E+1	3,796875E+3	9,968016E+1	3,796875E+3	1,035606E+2
3,798437E+3	5,661641E+1	3,798437E+3	6,695819E+1	3,798437E+3	7,627969E+1	3,798437E+3	8,712031E+1	3,798437E+3	9,640958E+1	3,798437E+3	1,001935E+2	3,798437E+3	1,045312E+2
3,800000E+3	5,747508E+1	3,800000E+3	6,765368E+1	3,800000E+3	7,684246E+1	3,800000E+3	8,736905E+1	3,800000E+3	9,622051E+1	3,800000E+3	1,019998E+2	3,800000E+3	1,043925E+2
3,801562E+3	5,717202E+1	3,801562E+3	6,709262E+1	3,801562E+3	7,789631E+1	3,801562E+3	8,756654E+1	3,801562E+3	9,625053E+1	3,801562E+3	1,018146E+2	3,801562E+3	1,043326E+2
3,803125E+3	5,691311E+1	3,803125E+3	6,683070E+1	3,803125E+3	7,751959E+1	3,803125E+3	8,675463E+1	3,803125E+3	9,648589E+1	3,803125E+3	1,006156E+2	3,803125E+3	1,039267E+2
3,804687E+3	5,646579E+1	3,804687E+3	6,732868E+1	3,804687E+3	7,749875E+1	3,804687E+3	8,718282E+1	3,804687E+3	9,723458E+1	3,804687E+3	1,010717E+2	3,804687E+3	1,043382E+2
3,806250E+3	5,724077E+1	3,806250E+3	6,868560E+1	3,806250E+3	7,683633E+1	3,806250E+3	8,682165E+1	3,806250E+3	9,561945E+1	3,806250E+3	1,007297E+2	3,806250E+3	1,040524E+2
3,807812E+3	5,680097E+1	3,807812E+3	6,749098E+1	3,807812E+3	7,725178E+1	3,807812E+3	8,677488E+1	3,807812E+3	9,544536E+1	3,807812E+3	1,007353E+2	3,807812E+3	1,022599E+2
3,809375E+3	5,732679E+1	3,809375E+3	6,626779E+1	3,809375E+3	7,775709E+1	3,809375E+3	8,763169E+1	3,809375E+3	9,531479E+1	3,809375E+3	1,001844E+2	3,809375E+3	1,027331E+2
3,810937E+3	5,752065E+1	3,810937E+3	6,597046E+1	3,810937E+3	7,526354E+1	3,810937E+3	8,708339E+1	3,810937E+3	9,637332E+1	3,810937E+3	1,000213E+2	3,810937E+3	1,037388E+2
3,812500E+3	5,705855E+1	3,812500E+3	6,705580E+1	3,812500E+3	7,594782E+1	3,812500E+3	8,620880E+1	3,812500E+3	9,575886E+1	3,812500E+3	9,976557E+1	3,812500E+3	1,039003E+2
3,814062E+3	5,590305E+1	3,814062E+3	6,628434E+1	3,814062E+3	7,726211E+1	3,814062E+3	8,572922E+1	3,814062E+3	9,562785E+1	3,814062E+3	9,835379E+1	3,814062E+3	1,040780E+2
3,815625E+3	5,564711E+1	3,815625E+3	6,578582E+1	3,815625E+3	7,639641E+1	3,815625E+3	8,599669E+1	3,815625E+3	9,590543E+1	3,815625E+3	1,003985E+2	3,815625E+3	1,040744E+2
3,817187E+3	5,687748E+1	3,817187E+3	6,625772E+1	3,817187E+3	7,628941E+1	3,817187E+3	8,648495E+1	3,817187E+3	9,626602E+1	3,817187E+3	9,948971E+1	3,817187E+3	1,043410E+2
3,818750E+3	5,753434E+1	3,818750E+3	6,608656E+1	3,818750E+3	7,633095E+1	3,818750E+3	8,504460E+1	3,818750E+3	9,543357E+1	3,818750E+3	9,945150E+1	3,818750E+3	1,037028E+2
3,820312E+3	5,685231E+1	3,820312E+3	6,675809E+1	3,820312E+3	7,733269E+1	3,820312E+3	8,526855E+1	3,820312E+3	9,497341E+1	3,820312E+3	9,984652E+1	3,820312E+3	1,040659E+2
3,821875E+3	5,727816E+1	3,821875E+3	6,644910E+1	3,821875E+3	7,671361E+1	3,821875E+3	8,587388E+1	3,821875E+3	9,525505E+1	3,821875E+3	1,000373E+2	3,821875E+3	1,038525E+2
3,823437E+3	5,754388E+1	3,823437E+3	6,611838E+1	3,823437E+3	7,597323E+1	3,823437E+3	8,644712E+1	3,823437E+3	9,579372E+1	3,823437E+3	9,992515E+1	3,823437E+3	1,034729E+2
3,825000E+3	5,716572E+1	3,825000E+3	6,617099E+1	3,825000E+3	7,535424E+1	3,825000E+3	8,610847E+1	3,825000E+3	9,442437E+1	3,825000E+3	9,925081E+1	3,825000E+3	1,035345E+2
3,826562E+3	5,671114E+1	3,826562E+3	6,644588E+1	3,826562E+3	7,587324E+1	3,826562E+3	8,519878E+1	3,826562E+3	9,523043E+1	3,826562E+3	9,924513E+1	3,826562E+3	1,040348E+2
3,828125E+3	5,665552E+1	3,828125E+3	6,553860E+1	3,828125E+3	7,556723E+1	3,828125E+3	8,609448E+1	3,828125E+3	9,527307E+1	3,828125E+3	1,003049E+2	3,828125E+3	1,030435E+2
3,829687E+3	5,580896E+1	3,829687E+3	6,490506E+1	3,829687E+3	7,586326E+1	3,829687E+3	8,418763E+1	3,829687E+3	9,459083E+1	3,829687E+3	1,001794E+2	3,829687E+3	1,037147E+2
3,831250E+3	5,564751E+1	3,831250E+3	6,522110E+1	3,831250E+3	7,639286E+1	3,831250E+3	8,526679E+1	3,831250E+3	9,510502E+1	3,831250E+3	1,000175E+2	3,831250E+3	1,048371E+2
3,832812E+3	5,542041E+1	3,832812E+3	6,626797E+1	3,832812E+3	7,625398E+1	3,832812E+3	8,515578E+1	3,832812E+3	9,544766E+1	3,832812E+3	1,000290E+2	3,832812E+3	1,031546E+2
3,834375E+3	5,626278E+1	3,834375E+3	6,599952E+1	3,834375E+3	7,544455E+1	3,834375E+3	8,520147E+1	3,834375E+3	9,465910E+1	3,834375E+3	1,006225E+2	3,834375E+3	1,039267E+2
3,835937E+3	5,622318E+1	3,835937E+3	6,573914E+1	3,835937E+3	7,446843E+1	3,835937E+3	8,518012E+1	3,835937E+3	9,499265E+1	3,835937E+3	1,008697E+2	3,835937E+3	1,037198E+2
3,837500E+3	6,032888E+1	3,837500E+3	6,634968E+1	3,837500E+3	7,674392E+1	3,837500E+3	8,599791E+1	3,837500E+3	9,480813E+1	3,837500E+3	1,006578E+2	3,837500E+3	1,035297E+2
3,839062E+3	6,273562E+1	3,839062E+3	6,715310E+1	3,839062E+3	7,727733E+1	3,839062E+3	8,561941E+1	3,839062E+3	9,522118E+1	3,839062E+3	1,007459E+2	3,839062E+3	1,037308E+2
3,840625E+3	6,443915E+1	3,840625E+3	6,891205E+1	3,840625E+3	7,598576E+1	3,840625E+3	8,651556E+1	3,840625E+3	9,600460E+1	3,840625E+3	1,007847E+2	3,840625E+3	1,026493E+2
3,842187E+3	6,438084E+1	3,842187E+3	6,770795E+1	3,842187E+3	7,563206E+1	3,842187E+3	8,549314E+1	3,842187E+3	9,556224E+1	3,842187E+3	1,005684E+2	3,842187E+3	1,035102E+2
3,843750E+3	5,946768E+1	3,843750E+3	6,623031E+1	3,843750E+3	7,583703E+1	3,843750E+3	8,657390E+1	3,843750E+3	9,417907E+1	3,843750E+3	9,874954E+1	3,843750E+3	1,038524E+2
3,845312E+3	5,570264E+1	3,845312E+3	6,575053E+1	3,845312E+3	7,623951E+1	3,845312E+3	8,646388E+1	3,845312E+3	9,475842E+1	3,845312E+3	9,870344E+1	3,845312E+3	1,030426E+2
3,846875E+3	5,571834E+1	3,846875E+3	6,670138E+1	3,846875E+3	7,486543E+1	3,846875E+3	8,560373E+1	3,846875E+3	9,520351E+1	3,846875E+3	9,989612E+1	3,846875E+3	1,029056E+2
3,848437E+3	5,648662E+1	3,848437E+3	6,635333E+1	3,848437E+3	7,460370E+1	3,848437E+3	8,380368E+1	3,848437E+3	9,502178E+1	3,848437E+3	9,918959E+1	3,848437E+3	1,028609E+2
3,850000E+3	5,571558E+1	3,850000E+3	6,621417E+1	3,850000E+3	7,549705E+1	3,850000E+3	8,393017E+1	3,850000E+3	9,525833E+1	3,850000E+3	9,934379E+1	3,850000E+3	1,041339E+2
3,851562E+3	5,491332E+1	3,851562E+3	6,645015E+1	3,851562E+3	7,610317E+1	3,851562E+3	8,502610E+1	3,851562E+3	9,532488E+1	3,851562E+3	9,862758E+1	3,851562E+3	1,038879E+2
3,853125E+3	5,579578E+1	3,853125E+3	6,624043E+1	3,853125E+3	7,621422E+1	3,853125E+3	8,302244E+1	3,853125E+3	9,545683E+1	3,853125E+3	9,899134E+1	3,853125E+3	1,033773E+2
3,854687E+3	5,706441E+1	3,854687E+3	6,643357E+1	3,854687E+3	7,651509E+1	3,854687E+3	8,546962E+1	3,854687E+3	9,523991E+1	3,854687E+3	9,982599E+1	3,854687E+3	1,026961E+2
3,856250E+3	5,619921E+1	3,856250E+3	6,655474E+1	3,856250E+3	7,571577E+1	3,856250E+3	8,567955E+1	3,856250E+3	9,618496E+1	3,856250E+3	9,960620E+1	3,856250E+3	1,037133E+2
3,857812E+3	5,684228E+1	3,857812E+3	6,511786E+1	3,857812E+3	7,488281E+1	3,857812E+3	8,574175E+1	3,857812E+3	9,495183E+1	3,857812E+3	9,923431E+1	3,857812E+3	1,033576E+2
3,859375E+3	5,531246E+1	3,859375E+3	6,497000E+1	3,859375E+3	7,543248E+1	3,859375E+3	8,623556E+1	3,859375E+3	9,512622E+1	3,859375E+3	1,002436E+2	3,859375E+3	1,036241E+2
3,860937E+3	5,430952E+1	3,860937E+3	6,525095E+1	3,860937E+3	7,575524E+1	3,860937E+3	8,619948E+1	3,860937E+3	9,519078E+1	3,860937E+3	9,945317E+1	3,860937E+3	1,034422E+2
3,862500E+3	5,530289E+1	3,862500E+3	6,523907E+1	3,862500E+3	7,546066E+1	3,862500E+3	8,484026E+1	3,862500E+3	9,481957E+1	3,862500E+3	9,947997E+1	3,862500E+3	1,041796E+2
3,864062E+3	5,511405E+1	3,864062E+3	6,542980E+1	3,864062E+3	7,514874E+1	3,864062E+3	8,450686E+1	3,864062E+3	9,456782E+1	3,864062E+3	9,965561E+1	3,864062E+3	1,039632E+2
3,865625E+3	5,477616E+1	3,865625E+3	6,571292E+1	3,865625E+3	7,548343E+1	3,865625E+3	8,492560E+1	3,865625E+3	9,523210E+1	3,865625E+3	9,962696E+1	3,865625E+3	1,033338E+2
3,867187E+3	5,609597E+1	3,867187E+3	6,576242E+1	3,867187E+3	7,432676E+1	3,867187E+3	8,512733E+1	3,867187E+3	9,464398E+1	3,867187E+3	9,997091E+1	3,867187E+3	1,032765E+2
3,868750E+3	5,620605E+1	3,868750E+3	6,559597E+1	3,868750E+3	7,446472E+1	3,868750E+3	8,474431E+1	3,868750E+3	9,403736E+1	3,868750E+3	1,008307E+2	3,868750E+3	1,021238E+2
3,870312E+3	5,574789E+1	3,870312E+3	6,584326E+1	3,870312E+3	7,476923E+1	3,870312E+3	8,464525E+1	3,870312E+3	9,428710E+1	3,870312E+3	1,009251E+2	3,870312E+3	1,026614E+2
3,871875E+3	5,575572E+1	3,871875E+3	6,498135E+1	3,871875E+3	7,483122E+1	3,871875E+3	8,471349E+1	3,871875E+3	9,406365E+1	3,871875E+3	1,005057E+2	3,871875E+3	1,024909E+2
3,873437E+3	5,495405E+1	3,873437E+3	6,377575E+1	3,873437E+3	7,416037E+1	3,873437E+3	8,534055E+1	3,873437E+3	9,580983E+1	3,873437E+3	1,017617E+2	3,873437E+3	1,040715E+2
3,875000E+3	5,522768E+1	3,875000E+3	6,473369E+1	3,875000E+3	7,574729E+1	3,875000E+3	8,545955E+1	3,875000E+3	9,558175E+1	3,875000E+3	1,009492E+2	3,875000E+3	1,038479E+2
3,876562E+3	5,575241E+1	3,876562E+3	6,579531E+1	3,876562E+3	7,589023E+1	3,876562E+3	8,410045E+1	3,876562E+3	9,534836E+1	3,876562E+3	1,004856E+2	3,876562E+3	1,032116E+2
3,878125E+3	5,748548E+1	3,878125E+3	6,433782E+1	3,878125E+3	7,458205E+1	3,878125E+3	8,415809E+1	3,878125E+3	9,455371E+1	3,878125E+3	1,000574E+2	3,878125E+3	1,045010E+2
3,879687E+3	5,893311E+1	3,879687E+3	6,430488E+1	3,879687E+3	7,591047E+1	3,879687E+3	8,628410E+1	3,879687E+3	9,466511E+1	3,879687E+3	1,001744E+2	3,879687E+3	1,036024E+2
3,881250E+3	5,643599E+1	3,881250E+3	6,477584E+1	3,881250E+3	7,498841E+1	3,881250E+3	8,720142E+1	3,881250E+3	9,400015E+1	3,881250E+3	1,012462E+2	3,881250E+3	1,038411E+2
3,882812E+3	5,586916E+1	3,882812E+3	6,500468E+1	3,882812E+3	7,492457E+1	3,882812E+3	8,628899E+1	3,882812E+3	9,378823E+1	3,882812E+3	1,014058E+2	3,882812E+3	1,042758E+2
3,884375E+3	5,511628E+1	3,884375E+3	6,604142E+1	3,884375E+3	7,498385E+1	3,884375E+3	8,596261E+1	3,884375E+3	9,460681E+1	3,884375E+3	1,016864E+2	3,884375E+3	1,053436E+2
3,885937E+3	5,477672E+1	3,885937E+3	6,535948E+1	3,885937E+3	7,512407E+1	3,885937E+3	8,578869E+1	3,885937E+3	9,554520E+1	3,885937E+3	1,019055E+2	3,885937E+3	1,037689E+2
3,887500E+3	5,481093E+1	3,887500E+3	6,545227E+1	3,887500E+3	7,573794E+1	3,887500E+3	8,459088E+1	3,887500E+3	9,703864E+1	3,887500E+3	1,010051E+2	3,887500E+3	1,046975E+2
3,889062E+3	5,407903E+1	3,889062E+3	6,601494E+1	3,889062E+3	7,481490E+1	3,889062E+3	8,551007E+1	3,889062E+3	9,669655E+1	3,889062E+3	1,002367E+2	3,889062E+3	1,054270E+2
3,890625E+3	5,417726E+1	3,890625E+3	6,550404E+1	3,890625E+3	7,545898E+1	3,890625E+3	8,678751E+1	3,890625E+3	9,511264E+1	3,890625E+3	1,004441E+2	3,890625E+3	1,044998E+2
3,892187E+3	5,462092E+1	3,892187E+3	6,526255E+1	3,892187E+3	7,502340E+1	3,892187E+3	8,662298E+1	3,892187E+3	9,658495E+1	3,892187E+3	1,012138E+2	3,892187E+3	1,043237E+2
3,893750E+3	5,641849E+1	3,893750E+3	6,560669E+1	3,893750E+3	7,445215E+1	3,893750E+3	8,533670E+1	3,893750E+3	9,573911E+1	3,893750E+3	1,001708E+2	3,893750E+3	1,037934E+2
3,895312E+3	5,702742E+1	3,895312E+3	6,436385E+1	3,895312E+3	7,540682E+1	3,895312E+3	8,486553E+1	3,895312E+3	9,571066E+1	3,895312E+3	1,005283E+2	3,895312E+3	1,039085E+2
3,896875E+3	5,834893E+1	3,896875E+3	6,509041E+1	3,896875E+3	7,654091E+1	3,896875E+3	8,488412E+1	3,896875E+3	9,594432E+1	3,896875E+3	1,021264E+2	3,896875E+3	1,053863E+2
3,898437E+3	6,062106E+1	3,898437E+3	6,621879E+1	3,898437E+3	7,576505E+1	3,898437E+3	8,564719E+1	3,898437E+3	9,652122E+1	3,898437E+3	1,012706E+2	3,898437E+3	1,053048E+2
3,900000E+3	6,081631E+1	3,900000E+3	6,775611E+1	3,900000E+3	7,613974E+1	3,900000E+3	8,607653E+1	3,900000E+3	9,681525E+1	3,900000E+3	1,014992E+2	3,900000E+3	1,058114E+2
3,901562E+3	6,214665E+1	3,901562E+3	6,713189E+1	3,901562E+3	7,577221E+1	3,901562E+3	8,567431E+1	3,901562E+3	9,669363E+1	3,901562E+3	1,011706E+2	3,901562E+3	1,052642E+2
3,903125E+3	5,852864E+1	3,903125E+3	6,531262E+1	3,903125E+3	7,483982E+1	3,903125E+3	8,601337E+1	3,903125E+3	9,689768E+1	3,903125E+3	1,008671E+2	3,903125E+3	1,041964E+2
3,904687E+3	5,614759E+1	3,904687E+3	6,609952E+1	3,904687E+3	7,600115E+1	3,904687E+3	8,604457E+1	3,904687E+3	9,619720E+1	3,904687E+3	1,017798E+2	3,904687E+3	1,051251E+2
3,906250E+3	5,586902E+1	3,906250E+3	6,652889E+1	3,906250E+3	7,575076E+1	3,906250E+3	8,561025E+1	3,906250E+3	9,587373E+1	3,906250E+3	1,026595E+2	3,906250E+3	1,052777E+2
3,907812E+3	5,640384E+1	3,907812E+3	6,559398E+1	3,907812E+3	7,500462E+1	3,907812E+3	8,673708E+1	3,907812E+3	9,602350E+1	3,907812E+3	1,009693E+2	3,907812E+3	1,036326E+2
3,909375E+3	5,688275E+1	3,909375E+3	6,561964E+1	3,909375E+3	7,554116E+1	3,909375E+3	8,647956E+1	3,909375E+3	9,590340E+1	3,909375E+3	1,020662E+2	3,909375E+3	1,051624E+2
3,910937E+3	5,692278E+1	3,910937E+3	6,543682E+1	3,910937E+3	7,629356E+1	3,910937E+3	8,631454E+1	3,910937E+3	9,566575E+1	3,910937E+3	1,020803E+2	3,910937E+3	1,048246E+2
3,912500E+3	5,690034E+1	3,912500E+3	6,662720E+1	3,912500E+3	7,620894E+1	3,912500E+3	8,707683E+1	3,912500E+3	9,556670E+1	3,912500E+3	1,012315E+2	3,912500E+3	1,059505E+2
3,914062E+3	5,700132E+1	3,914062E+3	6,636373E+1	3,914062E+3	7,599702E+1	3,914062E+3	8,665932E+1	3,914062E+3	9,660637E+1	3,914062E+3	1,031164E+2	3,914062E+3	1,064459E+2
3,915625E+3	5,641348E+1	3,915625E+3	6,622229E+1	3,915625E+3	7,590804E+1	3,915625E+3	8,693887E+1	3,915625E+3	9,636797E+1	3,915625E+3	1,031397E+2	3,915625E+3	1,060009E+2
3,917187E+3	5,666919E+1	3,917187E+3	6,549064E+1	3,917187E+3	7,721660E+1	3,917187E+3	8,747057E+1	3,917187E+3	9,559656E+1	3,917187E+3	1,029570E+2	3,917187E+3	1,069085E+2
3,918750E+3	5,713923E+1	3,918750E+3	6,617258E+1	3,918750E+3	7,737927E+1	3,918750E+3	8,655714E+1	3,918750E+3	9,677918E+1	3,918750E+3	1,032963E+2	3,918750E+3	1,070436E+2
3,920312E+3	5,795900E+1	3,920312E+3	6,756726E+1	3,920312E+3	7,692687E+1	3,920312E+3	8,676587E+1	3,920312E+3	9,754549E+1	3,920312E+3	1,022544E+2	3,920312E+3	1,067793E+2
3,921875E+3	5,769989E+1	3,921875E+3	6,790142E+1	3,921875E+3	7,690523E+1	3,921875E+3	8,615056E+1	3,921875E+3	9,695560E+1	3,921875E+3	1,015925E+2	3,921875E+3	1,062722E+2
3,923437E+3	5,781639E+1	3,923437E+3	6,727685E+1	3,923437E+3	7,851661E+1	3,923437E+3	8,737058E+1	3,923437E+3	9,600581E+1	3,923437E+3	1,023826E+2	3,923437E+3	1,063850E+2
3,925000E+3	5,678713E+1	3,925000E+3	6,688026E+1	3,925000E+3	7,861897E+1	3,925000E+3	8,812974E+1	3,925000E+3	9,702779E+1	3,925000E+3	1,017319E+2	3,925000E+3	1,067291E+2
3,926562E+3	5,660850E+1	3,926562E+3	6,696757E+1	3,926562E+3	7,856579E+1	3,926562E+3	8,671602E+1	3,926562E+3	9,716429E+1	3,926562E+3	1,024930E+2	3,926562E+3	1,066418E+2
3,928125E+3	5,667613E+1	3,928125E+3	6,766924E+1	3,928125E+3	7,748338E+1	3,928125E+3	8,659750E+1	3,928125E+3	9,758466E+1	3,928125E+3	1,028004E+2	3,928125E+3	1,055460E+2
3,929687E+3	5,693303E+1	3,929687E+3	6,738987E+1	3,929687E+3	7,726546E+1	3,929687E+3	8,819083E+1	3,929687E+3	9,882753E+1	3,929687E+3	1,025793E+2	3,929687E+3	1,072545E+2
3,931250E+3	5,878988E+1	3,931250E+3	6,854634E+1	3,931250E+3	7,848943E+1	3,931250E+3	8,826443E+1	3,931250E+3	9,910967E+1	3,931250E+3	1,036519E+2	3,931250E+3	1,075459E+2
3,932812E+3	5,763995E+1	3,932812E+3	6,760947E+1	3,932812E+3	7,780542E+1	3,932812E+3	8,870408E+1	3,932812E+3	9,924388E+1	3,932812E+3	1,032342E+2	3,932812E+3	1,078827E+2
3,934375E+3	5,805384E+1	3,934375E+3	6,722243E+1	3,934375E+3	7,855612E+1	3,934375E+3	8,855560E+1	3,934375E+3	9,835915E+1	3,934375E+3	1,038143E+2	3,934375E+3	1,081750E+2
3,935937E+3	5,939211E+1	3,935937E+3	6,854751E+1	3,935937E+3	7,822220E+1	3,935937E+3	8,863896E+1	3,935937E+3	9,755665E+1	3,935937E+3	1,027979E+2	3,935937E+3	1,074186E+2
3,937500E+3	5,887069E+1	3,937500E+3	6,891590E+1	3,937500E+3	7,827678E+1	3,937500E+3	8,862529E+1	3,937500E+3	9,757634E+1	3,937500E+3	1,039895E+2	3,937500E+3	1,070776E+2
3,939062E+3	5,878615E+1	3,939062E+3	6,800376E+1	3,939062E+3	7,909852E+1	3,939062E+3	8,906316E+1	3,939062E+3	9,837018E+1	3,939062E+3	1,040828E+2	3,939062E+3	1,061904E+2
3,940625E+3	5,875355E+1	3,940625E+3	6,822933E+1	3,940625E+3	7,885838E+1	3,940625E+3	8,860076E+1	3,940625E+3	9,959618E+1	3,940625E+3	1,040482E+2	3,940625E+3	1,064188E+2
3,942187E+3	6,034053E+1	3,942187E+3	6,828429E+1	3,942187E+3	7,904545E+1	3,942187E+3	8,815699E+1	3,942187E+3	9,825284E+1	3,942187E+3	1,041566E+2	3,942187E+3	1,076840E+2
3,943750E+3	5,980745E+1	3,943750E+3	6,837851E+1	3,943750E+3	7,787817E+1	3,943750E+3	8,811879E+1	3,943750E+3	9,938722E+1	3,943750E+3	1,039086E+2	3,943750E+3	1,084804E+2
3,945312E+3	6,065036E+1	3,945312E+3	6,843664E+1	3,945312E+3	7,903128E+1	3,945312E+3	8,814410E+1	3,945312E+3	9,892146E+1	3,945312E+3	1,034242E+2	3,945312E+3	1,085890E+2
3,946875E+3	5,911489E+1	3,946875E+3	6,907348E+1	3,946875E+3	7,875954E+1	3,946875E+3	8,886124E+1	3,946875E+3	9,916443E+1	3,946875E+3	1,046107E+2	3,946875E+3	1,093449E+2
3,948437E+3	5,921448E+1	3,948437E+3	7,046838E+1	3,948437E+3	7,894078E+1	3,948437E+3	8,969080E+1	3,948437E+3	1,002366E+2	3,948437E+3	1,049369E+2	3,948437E+3	1,092813E+2
3,950000E+3	5,911479E+1	3,950000E+3	7,039447E+1	3,950000E+3	7,949498E+1	3,950000E+3	9,050421E+1	3,950000E+3	1,006883E+2	3,950000E+3	1,060347E+2	3,950000E+3	1,101380E+2
3,951562E+3	5,932925E+1	3,951562E+3	6,913077E+1	3,951562E+3	7,988718E+1	3,951562E+3	9,006035E+1	3,951562E+3	1,000172E+2	3,951562E+3	1,059935E+2	3,951562E+3	1,094097E+2
3,953125E+3	5,895371E+1	3,953125E+3	6,874508E+1	3,953125E+3	7,994791E+1	3,953125E+3	8,940435E+1	3,953125E+3	9,902473E+1	3,953125E+3	1,045490E+2	3,953125E+3	1,096793E+2
3,954687E+3	5,896430E+1	3,954687E+3	6,954116E+1	3,954687E+3	8,017371E+1	3,954687E+3	8,998068E+1	3,954687E+3	9,913933E+1	3,954687E+3	1,035175E+2	3,954687E+3	1,088669E+2
3,956250E+3	6,034043E+1	3,956250E+3	7,102848E+1	3,956250E+3	7,981731E+1	3,956250E+3	9,063038E+1	3,956250E+3	9,871637E+1	3,956250E+3	1,042006E+2	3,956250E+3	1,087599E+2
3,957812E+3	6,440510E+1	3,957812E+3	7,011318E+1	3,957812E+3	8,022185E+1	3,957812E+3	8,984047E+1	3,957812E+3	9,952305E+1	3,957812E+3	1,054863E+2	3,957812E+3	1,083748E+2
3,959375E+3	6,526175E+1	3,959375E+3	7,035621E+1	3,959375E+3	8,054633E+1	3,959375E+3	9,078097E+1	3,959375E+3	1,003331E+2	3,959375E+3	1,060831E+2	3,959375E+3	1,086652E+2
3,960937E+3	6,702506E+1	3,960937E+3	7,049993E+1	3,960937E+3	8,123912E+1	3,960937E+3	9,096145E+1	3,960937E+3	9,966726E+1	3,960937E+3	1,050985E+2	3,960937E+3	1,096145E+2
3,962500E+3	6,608169E+1	3,962500E+3	6,977476E+1	3,962500E+3	8,080491E+1	3,962500E+3	9,001535E+1	3,962500E+3	9,968569E+1	3,962500E+3	1,044705E+2	3,962500E+3	1,093199E+2
3,964062E+3	6,211498E+1	3,964062E+3	6,994925E+1	3,964062E+3	8,090087E+1	3,964062E+3	9,118160E+1	3,964062E+3	1,000646E+2	3,964062E+3	1,046011E+2	3,964062E+3	1,097698E+2
3,965625E+3	6,074956E+1	3,965625E+3	6,968171E+1	3,965625E+3	8,177448E+1	3,965625E+3	9,066944E+1	3,965625E+3	9,962213E+1	3,965625E+3	1,047214E+2	3,965625E+3	1,103504E+2
3,967187E+3	6,145554E+1	3,967187E+3	6,940910E+1	3,967187E+3	8,149170E+1	3,967187E+3	9,015009E+1	3,967187E+3	1,008078E+2	3,967187E+3	1,051865E+2	3,967187E+3	1,100216E+2
3,968750E+3	6,168732E+1	3,968750E+3	7,004242E+1	3,968750E+3	8,134200E+1	3,968750E+3	9,004600E+1	3,968750E+3	9,865734E+1	3,968750E+3	1,055293E+2	3,968750E+3	1,092747E+2
3,970312E+3	6,167098E+1	3,970312E+3	7,002983E+1	3,970312E+3	8,142897E+1	3,970312E+3	9,070554E+1	3,970312E+3	9,935767E+1	3,970312E+3	1,053147E+2	3,970312E+3	1,100369E+2
3,971875E+3	6,149712E+1	3,971875E+3	7,099015E+1	3,971875E+3	8,138170E+1	3,971875E+3	9,020230E+1	3,971875E+3	9,993566E+1	3,971875E+3	1,050770E+2	3,971875E+3	1,095348E+2
3,973437E+3	6,071506E+1	3,973437E+3	7,178414E+1	3,973437E+3	8,062166E+1	3,973437E+3	9,005364E+1	3,973437E+3	1,004858E+2	3,973437E+3	1,053671E+2	3,973437E+3	1,101211E+2
3,975000E+3	6,212470E+1	3,975000E+3	7,170760E+1	3,975000E+3	8,165896E+1	3,975000E+3	9,099205E+1	3,975000E+3	1,003295E+2	3,975000E+3	1,050281E+2	3,975000E+3	1,109653E+2
3,976562E+3	6,182763E+1	3,976562E+3	7,143052E+1	3,976562E+3	8,093562E+1	3,976562E+3	9,048337E+1	3,976562E+3	1,004593E+2	3,976562E+3	1,048026E+2	3,976562E+3	1,102964E+2
3,978125E+3	6,162361E+1	3,978125E+3	7,089478E+1	3,978125E+3	8,065054E+1	3,978125E+3	9,036369E+1	3,978125E+3	1,001194E+2	3,978125E+3	1,055257E+2	3,978125E+3	1,092377E+2
3,979687E+3	6,107304E+1	3,979687E+3	6,998787E+1	3,979687E+3	8,143195E+1	3,979687E+3	9,029099E+1	3,979687E+3	1,003038E+2	3,979687E+3	1,059348E+2	3,979687E+3	1,085083E+2
3,981250E+3	6,059178E+1	3,981250E+3	7,083010E+1	3,981250E+3	8,137926E+1	3,981250E+3	9,090982E+1	3,981250E+3	1,005525E+2	3,981250E+3	1,056611E+2	3,981250E+3	1,092540E+2
3,982812E+3	6,102997E+1	3,982812E+3	7,020224E+1	3,982812E+3	8,088864E+1	3,982812E+3	9,082950E+1	3,982812E+3	1,007135E+2	3,982812E+3	1,063204E+2	3,982812E+3	1,097121E+2
3,984375E+3	6,097537E+1	3,984375E+3	6,960950E+1	3,984375E+3	8,073516E+1	3,984375E+3	9,140293E+1	3,984375E+3	1,006649E+2	3,984375E+3	1,055389E+2	3,984375E+3	1,087248E+2
3,985937E+3	6,101922E+1	3,985937E+3	7,028558E+1	3,985937E+3	8,056852E+1	3,985937E+3	9,108187E+1	3,985937E+3	9,937129E+1	3,985937E+3	1,049404E+2	3,985937E+3	1,096408E+2
3,987500E+3	6,061354E+1	3,987500E+3	7,092806E+1	3,987500E+3	8,147794E+1	3,987500E+3	9,030051E+1	3,987500E+3	1,000432E+2	3,987500E+3	1,058980E+2	3,987500E+3	1,095209E+2
3,989062E+3	6,072211E+1	3,989062E+3	7,108266E+1	3,989062E+3	8,077982E+1	3,989062E+3	9,088160E+1	3,989062E+3	1,011987E+2	3,989062E+3	1,052066E+2	3,989062E+3	1,090152E+2
3,990625E+3	6,051441E+1	3,990625E+3	7,021231E+1	3,990625E+3	7,982551E+1	3,990625E+3	9,107553E+1	3,990625E+3	1,001584E+2	3,990625E+3	1,047457E+2	3,990625E+3	1,106226E+2
3,992187E+3	6,033904E+1	3,992187E+3	7,024804E+1	3,992187E+3	8,018512E+1	3,992187E+3	9,116725E+1	3,992187E+3	9,925840E+1	3,992187E+3	1,038998E+2	3,992187E+3	1,105489E+2
3,993750E+3	6,069669E+1	3,993750E+3	7,087701E+1	3,993750E+3	8,023545E+1	3,993750E+3	9,150365E+1	3,993750E+3	1,003950E+2	3,993750E+3	1,045492E+2	3,993750E+3	1,105871E+2
3,995312E+3	5,919819E+1	3,995312E+3	7,132852E+1	3,995312E+3	8,009312E+1	3,995312E+3	9,044892E+1	3,995312E+3	9,953653E+1	3,995312E+3	1,046756E+2	3,995312E+3	1,105083E+2
3,996875E+3	6,068009E+1	3,996875E+3	7,074757E+1	3,996875E+3	8,016079E+1	3,996875E+3	9,031591E+1	3,996875E+3	1,000341E+2	3,996875E+3	1,061879E+2	3,996875E+3	1,099866E+2
3,998437E+3	6,387933E+1	3,998437E+3	6,981447E+1	3,998437E+3	7,939138E+1	3,998437E+3	9,011962E+1	3,998437E+3	1,005650E+2	3,998437E+3	1,049896E+2	3,998437E+3	1,104408E+2
4,000000E+3	6,479840E+1	4,000000E+3	7,033541E+1	4,000000E+3	8,033109E+1	4,000000E+3	8,882412E+1	4,000000E+3	1,000490E+2	4,000000E+3	1,047269E+2	4,000000E+3	1,099090E+2
4,001562E+3	6,143641E+1	4,001562E+3	7,063100E+1	4,001562E+3	8,049821E+1	4,001562E+3	9,001470E+1	4,001562E+3	9,893408E+1	4,001562E+3	1,055910E+2	4,001562E+3	1,089628E+2
4,003125E+3	6,017244E+1	4,003125E+3	7,048710E+1	4,003125E+3	8,033376E+1	4,003125E+3	9,003957E+1	4,003125E+3	9,878097E+1	4,003125E+3	1,057450E+2	4,003125E+3	1,093039E+2
4,004687E+3	5,988048E+1	4,004687E+3	6,966292E+1	4,004687E+3	8,030620E+1	4,004687E+3	9,126041E+1	4,004687E+3	9,981829E+1	4,004687E+3	1,054739E+2	4,004687E+3	1,095373E+2
4,006250E+3	6,086599E+1	4,006250E+3	6,925573E+1	4,006250E+3	8,129691E+1	4,006250E+3	9,071102E+1	4,006250E+3	1,000122E+2	4,006250E+3	1,051193E+2	4,006250E+3	1,092138E+2
4,007812E+3	6,082522E+1	4,007812E+3	6,955616E+1	4,007812E+3	8,165342E+1	4,007812E+3	8,992240E+1	4,007812E+3	9,905136E+1	4,007812E+3	1,053323E+2	4,007812E+3	1,096958E+2
4,009375E+3	6,007187E+1	4,009375E+3	7,012785E+1	4,009375E+3	8,051375E+1	4,009375E+3	9,116780E+1	4,009375E+3	9,982500E+1	4,009375E+3	1,055025E+2	4,009375E+3	1,091912E+2
4,010937E+3	6,026517E+1	4,010937E+3	7,075778E+1	4,010937E+3	7,977923E+1	4,010937E+3	9,054313E+1	4,010937E+3	9,992185E+1	4,010937E+3	1,063820E+2	4,010937E+3	1,083350E+2
4,012500E+3	6,081021E+1	4,012500E+3	6,990614E+1	4,012500E+3	7,985763E+1	4,012500E+3	8,956638E+1	4,012500E+3	9,875188E+1	4,012500E+3	1,059225E+2	4,012500E+3	1,079804E+2
4,014062E+3	5,932924E+1	4,014062E+3	6,969096E+1	4,014062E+3	7,986286E+1	4,014062E+3	8,955946E+1	4,014062E+3	1,002153E+2	4,014062E+3	1,040808E+2	4,014062E+3	1,093134E+2
4,015625E+3	6,061503E+1	4,015625E+3	6,882137E+1	4,015625E+3	8,059130E+1	4,015625E+3	9,061130E+1	4,015625E+3	1,002229E+2	4,015625E+3	1,042722E+2	4,015625E+3	1,092856E+2
4,017187E+3	6,606587E+1	4,017187E+3	7,031637E+1	4,017187E+3	8,033924E+1	4,017187E+3	9,140939E+1	4,017187E+3	9,845922E+1	4,017187E+3	1,048191E+2	4,017187E+3	1,085216E+2
4,018750E+3	6,952935E+1	4,018750E+3	7,377956E+1	4,018750E+3	7,913813E+1	4,018750E+3	9,116526E+1	4,018750E+3	9,908514E+1	4,018750E+3	1,053084E+2	4,018750E+3	1,074321E+2
4,020312E+3	7,080499E+1	4,020312E+3	7,598018E+1	4,020312E+3	8,031343E+1	4,020312E+3	8,996391E+1	4,020312E+3	9,973601E+1	4,020312E+3	1,046526E+2	4,020312E+3	1,098903E+2
4,021875E+3	7,150803E+1	4,021875E+3	7,353054E+1	4,021875E+3	8,096748E+1	4,021875E+3	8,873473E+1	4,021875E+3	1,006156E+2	4,021875E+3	1,043091E+2	4,021875E+3	1,099055E+2
4,023437E+3	6,567463E+1	4,023437E+3	7,047474E+1	4,023437E+3	7,958370E+1	4,023437E+3	8,905999E+1	4,023437E+3	1,010537E+2	4,023437E+3	1,044227E+2	4,023437E+3	1,098805E+2
4,025000E+3	6,026865E+1	4,025000E+3	7,092351E+1	4,025000E+3	8,046982E+1	4,025000E+3	8,902432E+1	4,025000E+3	9,989959E+1	4,025000E+3	1,036579E+2	4,025000E+3	1,095496E+2
4,026562E+3	6,072665E+1	4,026562E+3	6,912506E+1	4,026562E+3	8,024841E+1	4,026562E+3	8,964165E+1	4,026562E+3	9,903286E+1	4,026562E+3	1,049584E+2	4,026562E+3	1,089433E+2
4,028125E+3	5,916417E+1	4,028125E+3	6,903302E+1	4,028125E+3	8,029208E+1	4,028125E+3	9,052962E+1	4,028125E+3	9,933476E+1	4,028125E+3	1,052210E+2	4,028125E+3	1,092292E+2
4,029687E+3	5,968438E+1	4,029687E+3	6,945156E+1	4,029687E+3	7,950285E+1	4,029687E+3	9,063912E+1	4,029687E+3	9,985157E+1	4,029687E+3	1,048808E+2	4,029687E+3	1,088478E+2
4,031250E+3	5,896027E+1	4,031250E+3	6,952821E+1	4,031250E+3	7,992592E+1	4,031250E+3	9,062251E+1	4,031250E+3	1,000438E+2	4,031250E+3	1,043802E+2	4,031250E+3	1,088991E+2
4,032812E+3	5,944273E+1	4,032812E+3	7,068969E+1	4,032812E+3	7,918519E+1	4,032812E+3	9,105310E+1	4,032812E+3	9,977413E+1	4,032812E+3	1,046039E+2	4,032812E+3	1,084556E+2
4,034375E+3	6,013476E+1	4,034375E+3	7,015340E+1	4,034375E+3	8,036095E+1	4,034375E+3	9,028551E+1	4,034375E+3	9,969724E+1	4,034375E+3	1,039530E+2	4,034375E+3	1,093102E+2
4,035937E+3	5,945557E+1	4,035937E+3	7,013823E+1	4,035937E+3	8,085347E+1	4,035937E+3	9,015082E+1	4,035937E+3	9,903764E+1	4,035937E+3	1,045118E+2	4,035937E+3	1,104820E+2
4,037500E+3	5,910191E+1	4,037500E+3	6,975658E+1	4,037500E+3	8,066004E+1	4,037500E+3	9,011640E+1	4,037500E+3	9,895939E+1	4,037500E+3	1,051750E+2	4,037500E+3	1,100028E+2
4,039062E+3	6,031263E+1	4,039062E+3	6,963785E+1	4,039062E+3	8,049150E+1	4,039062E+3	9,001447E+1	4,039062E+3	1,003619E+2	4,039062E+3	1,058969E+2	4,039062E+3	1,096529E+2
4,040625E+3	6,026360E+1	4,040625E+3	7,012879E+1	4,040625E+3	7,998926E+1	4,040625E+3	9,000304E+1	4,040625E+3	9,959457E+1	4,040625E+3	1,055343E+2	4,040625E+3	1,102522E+2
4,042187E+3	5,939090E+1	4,042187E+3	6,967013E+1	4,042187E+3	8,022223E+1	4,042187E+3	8,995126E+1	4,042187E+3	9,772878E+1	4,042187E+3	1,044648E+2	4,042187E+3	1,096348E+2
4,043750E+3	5,917295E+1	4,043750E+3	6,909304E+1	4,043750E+3	8,064102E+1	4,043750E+3	9,039557E+1	4,043750E+3	9,933431E+1	4,043750E+3	1,037316E+2	4,043750E+3	1,099943E+2
4,045312E+3	5,994572E+1	4,045312E+3	6,865890E+1	4,045312E+3	8,023009E+1	4,045312E+3	8,947253E+1	4,045312E+3	9,958963E+1	4,045312E+3	1,048129E+2	4,045312E+3	1,100557E+2
4,046875E+3	6,117545E+1	4,046875E+3	6,897379E+1	4,046875E+3	7,970672E+1	4,046875E+3	9,065837E+1	4,046875E+3	9,953268E+1	4,046875E+3	1,049213E+2	4,046875E+3	1,091969E+2
4,048437E+3	6,058521E+1	4,048437E+3	6,895764E+1	4,048437E+3	8,072160E+1	4,048437E+3	9,026976E+1	4,048437E+3	1,001358E+2	4,048437E+3	1,047988E+2	4,048437E+3	1,084492E+2
4,050000E+3	6,008660E+1	4,050000E+3	7,031965E+1	4,050000E+3	8,116315E+1	4,050000E+3	9,068118E+1	4,050000E+3	1,006433E+2	4,050000E+3	1,056336E+2	4,050000E+3	1,095131E+2
4,051562E+3	6,012894E+1	4,051562E+3	7,102023E+1	4,051562E+3	8,088644E+1	4,051562E+3	9,006248E+1	4,051562E+3	1,004005E+2	4,051562E+3	1,061215E+2	4,051562E+3	1,107826E+2
4,053125E+3	6,098560E+1	4,053125E+3	7,140017E+1	4,053125E+3	8,056477E+1	4,053125E+3	9,034054E+1	4,053125E+3	1,005552E+2	4,053125E+3	1,065922E+2	4,053125E+3	1,101014E+2
4,054687E+3	6,293083E+1	4,054687E+3	7,103284E+1	4,054687E+3	8,054112E+1	4,054687E+3	8,958658E+1	4,054687E+3	1,007558E+2	4,054687E+3	1,051626E+2	4,054687E+3	1,093309E+2
4,056250E+3	6,249020E+1	4,056250E+3	7,050751E+1	4,056250E+3	8,081116E+1	4,056250E+3	9,089702E+1	4,056250E+3	9,997806E+1	4,056250E+3	1,053578E+2	4,056250E+3	1,098147E+2
4,057812E+3	6,163417E+1	4,057812E+3	7,056237E+1	4,057812E+3	8,097583E+1	4,057812E+3	9,101973E+1	4,057812E+3	9,987817E+1	4,057812E+3	1,055365E+2	4,057812E+3	1,099083E+2
4,059375E+3	6,267228E+1	4,059375E+3	6,996643E+1	4,059375E+3	8,150147E+1	4,059375E+3	9,086113E+1	4,059375E+3	9,975483E+1	4,059375E+3	1,050974E+2	4,059375E+3	1,094002E+2
4,060937E+3	6,211776E+1	4,060937E+3	7,038744E+1	4,060937E+3	8,180801E+1	4,060937E+3	9,149534E+1	4,060937E+3	1,001172E+2	4,060937E+3	1,056060E+2	4,060937E+3	1,088471E+2
4,062500E+3	6,250621E+1	4,062500E+3	7,135243E+1	4,062500E+3	8,239436E+1	4,062500E+3	9,095162E+1	4,062500E+3	1,005757E+2	4,062500E+3	1,058628E+2	4,062500E+3	1,088929E+2
4,064062E+3	6,361915E+1	4,064062E+3	7,135389E+1	4,064062E+3	8,257036E+1	4,064062E+3	9,012050E+1	4,064062E+3	1,000193E+2	4,064062E+3	1,056858E+2	4,064062E+3	1,096734E+2
4,065625E+3	6,278907E+1	4,065625E+3	7,135293E+1	4,065625E+3	8,140506E+1	4,065625E+3	8,954684E+1	4,065625E+3	1,012344E+2	4,065625E+3	1,059603E+2	4,065625E+3	1,107412E+2
4,067187E+3	6,169616E+1	4,067187E+3	7,193360E+1	4,067187E+3	8,077286E+1	4,067187E+3	9,139843E+1	4,067187E+3	1,011444E+2	4,067187E+3	1,063804E+2	4,067187E+3	1,094457E+2
4,068750E+3	6,154216E+1	4,068750E+3	7,226689E+1	4,068750E+3	8,071260E+1	4,068750E+3	9,161178E+1	4,068750E+3	1,006076E+2	4,068750E+3	1,055681E+2	4,068750E+3	1,095928E+2
4,070312E+3	6,151546E+1	4,070312E+3	7,236732E+1	4,070312E+3	8,149159E+1	4,070312E+3	9,118304E+1	4,070312E+3	1,013128E+2	4,070312E+3	1,057708E+2	4,070312E+3	1,104600E+2
4,071875E+3	6,197825E+1	4,071875E+3	7,218140E+1	4,071875E+3	8,252606E+1	4,071875E+3	9,132658E+1	4,071875E+3	1,016487E+2	4,071875E+3	1,054257E+2	4,071875E+3	1,103099E+2
4,073437E+3	6,288139E+1	4,073437E+3	7,163103E+1	4,073437E+3	8,036110E+1	4,073437E+3	9,139122E+1	4,073437E+3	1,012875E+2	4,073437E+3	1,041917E+2	4,073437E+3	1,093038E+2
4,075000E+3	6,167736E+1	4,075000E+3	7,146338E+1	4,075000E+3	8,129561E+1	4,075000E+3	9,216101E+1	4,075000E+3	1,014076E+2	4,075000E+3	1,054551E+2	4,075000E+3	1,097123E+2
4,076562E+3	6,279164E+1	4,076562E+3	7,077052E+1	4,076562E+3	8,250800E+1	4,076562E+3	9,203295E+1	4,076562E+3	1,014620E+2	4,076562E+3	1,067149E+2	4,076562E+3	1,111648E+2
4,078125E+3	6,461235E+1	4,078125E+3	7,173107E+1	4,078125E+3	8,320116E+1	4,078125E+3	9,192619E+1	4,078125E+3	1,007099E+2	4,078125E+3	1,070532E+2	4,078125E+3	1,112214E+2
4,079687E+3	6,476169E+1	4,079687E+3	7,357516E+1	4,079687E+3	8,325622E+1	4,079687E+3	9,147572E+1	4,079687E+3	1,008021E+2	4,079687E+3	1,067857E+2	4,079687E+3	1,107163E+2
4,081250E+3	6,547110E+1	4,081250E+3	7,294021E+1	4,081250E+3	8,332251E+1	4,081250E+3	9,173229E+1	4,081250E+3	1,010089E+2	4,081250E+3	1,070365E+2	4,081250E+3	1,104525E+2
4,082812E+3	6,415639E+1	4,082812E+3	7,153480E+1	4,082812E+3	8,326836E+1	4,082812E+3	9,209814E+1	4,082812E+3	1,015239E+2	4,082812E+3	1,070969E+2	4,082812E+3	1,109532E+2
4,084375E+3	6,226901E+1	4,084375E+3	7,228100E+1	4,084375E+3	8,315660E+1	4,084375E+3	9,102072E+1	4,084375E+3	1,009953E+2	4,084375E+3	1,065780E+2	4,084375E+3	1,118815E+2
4,085937E+3	6,315134E+1	4,085937E+3	7,300252E+1	4,085937E+3	8,288553E+1	4,085937E+3	9,136527E+1	4,085937E+3	1,012731E+2	4,085937E+3	1,073847E+2	4,085937E+3	1,121242E+2
4,087500E+3	6,224046E+1	4,087500E+3	7,245153E+1	4,087500E+3	8,187395E+1	4,087500E+3	9,167122E+1	4,087500E+3	1,019890E+2	4,087500E+3	1,074716E+2	4,087500E+3	1,107591E+2
4,089062E+3	6,183085E+1	4,089062E+3	7,235586E+1	4,089062E+3	8,157160E+1	4,089062E+3	9,214085E+1	4,089062E+3	1,022223E+2	4,089062E+3	1,062817E+2	4,089062E+3	1,099010E+2
4,090625E+3	6,236734E+1	4,090625E+3	7,145560E+1	4,090625E+3	8,177890E+1	4,090625E+3	9,212941E+1	4,090625E+3	1,016155E+2	4,090625E+3	1,074186E+2	4,090625E+3	1,101939E+2
4,092187E+3	6,222495E+1	4,092187E+3	7,136472E+1	4,092187E+3	8,129926E+1	4,092187E+3	9,327329E+1	4,092187E+3	1,018213E+2	4,092187E+3	1,060889E+2	4,092187E+3	1,112465E+2
4,093750E+3	6,215353E+1	4,093750E+3	7,123780E+1	4,093750E+3	8,148539E+1	4,093750E+3	9,294959E+1	4,093750E+3	1,006686E+2	4,093750E+3	1,071804E+2	4,093750E+3	1,100350E+2
4,095312E+3	6,210637E+1	4,095312E+3	7,148435E+1	4,095312E+3	8,156477E+1	4,095312E+3	9,254958E+1	4,095312E+3	1,023829E+2	4,095312E+3	1,075470E+2	4,095312E+3	1,094758E+2
4,096875E+3	6,274646E+1	4,096875E+3	7,059879E+1	4,096875E+3	8,124397E+1	4,096875E+3	9,193969E+1	4,096875E+3	1,010685E+2	4,096875E+3	1,078578E+2	4,096875E+3	1,106045E+2
4,098437E+3	6,318425E+1	4,098437E+3	7,128040E+1	4,098437E+3	8,144409E+1	4,098437E+3	9,193161E+1	4,098437E+3	1,002979E+2	4,098437E+3	1,064973E+2	4,098437E+3	1,115838E+2
4,100000E+3	6,154142E+1	4,100000E+3	7,167133E+1	4,100000E+3	8,185947E+1	4,100000E+3	9,130563E+1	4,100000E+3	1,019751E+2	4,100000E+3	1,069054E+2	4,100000E+3	1,113478E+2
4,101562E+3	6,169852E+1	4,101562E+3	7,149748E+1	4,101562E+3	8,162765E+1	4,101562E+3	9,077928E+1	4,101562E+3	1,023568E+2	4,101562E+3	1,070728E+2	4,101562E+3	1,112104E+2
4,103125E+3	6,206455E+1	4,103125E+3	7,195011E+1	4,103125E+3	8,264628E+1	4,103125E+3	9,163857E+1	4,103125E+3	1,015613E+2	4,103125E+3	1,080767E+2	4,103125E+3	1,113011E+2
4,104687E+3	6,194943E+1	4,104687E+3	7,235921E+1	4,104687E+3	8,255253E+1	4,104687E+3	9,101821E+1	4,104687E+3	1,007703E+2	4,104687E+3	1,078394E+2	4,104687E+3	1,108675E+2
4,106250E+3	6,145373E+1	4,106250E+3	7,078920E+1	4,106250E+3	8,158887E+1	4,106250E+3	9,157540E+1	4,106250E+3	1,009698E+2	4,106250E+3	1,062090E+2	4,106250E+3	1,121701E+2
4,107812E+3	6,158773E+1	4,107812E+3	7,064840E+1	4,107812E+3	8,169248E+1	4,107812E+3	9,152057E+1	4,107812E+3	1,014268E+2	4,107812E+3	1,066044E+2	4,107812E+3	1,116499E+2
4,109375E+3	6,147184E+1	4,109375E+3	7,285922E+1	4,109375E+3	8,111153E+1	4,109375E+3	9,139208E+1	4,109375E+3	1,017084E+2	4,109375E+3	1,073104E+2	4,109375E+3	1,114894E+2
4,110937E+3	6,164509E+1	4,110937E+3	7,260410E+1	4,110937E+3	8,119292E+1	4,110937E+3	9,105913E+1	4,110937E+3	1,018923E+2	4,110937E+3	1,071874E+2	4,110937E+3	1,108312E+2
4,112500E+3	6,037260E+1	4,112500E+3	7,183018E+1	4,112500E+3	8,123506E+1	4,112500E+3	9,057267E+1	4,112500E+3	1,026671E+2	4,112500E+3	1,059352E+2	4,112500E+3	1,111182E+2
4,114062E+3	6,057890E+1	4,114062E+3	7,070869E+1	4,114062E+3	8,032620E+1	4,114062E+3	9,121030E+1	4,114062E+3	1,010956E+2	4,114062E+3	1,066694E+2	4,114062E+3	1,107321E+2
4,115625E+3	6,158988E+1	4,115625E+3	7,122182E+1	4,115625E+3	8,050901E+1	4,115625E+3	9,044022E+1	4,115625E+3	1,013605E+2	4,115625E+3	1,070812E+2	4,115625E+3	1,109754E+2
4,117187E+3	6,155261E+1	4,117187E+3	7,117910E+1	4,117187E+3	8,006932E+1	4,117187E+3	9,011063E+1	4,117187E+3	1,016875E+2	4,117187E+3	1,067761E+2	4,117187E+3	1,119353E+2
4,118750E+3	6,341668E+1	4,118750E+3	7,051207E+1	4,118750E+3	8,004282E+1	4,118750E+3	9,110145E+1	4,118750E+3	1,017581E+2	4,118750E+3	1,072763E+2	4,118750E+3	1,115921E+2
4,120312E+3	6,305483E+1	4,120312E+3	7,000958E+1	4,120312E+3	8,067876E+1	4,120312E+3	9,146763E+1	4,120312E+3	1,009276E+2	4,120312E+3	1,068782E+2	4,120312E+3	1,117244E+2
4,121875E+3	6,144253E+1	4,121875E+3	6,971852E+1	4,121875E+3	8,078932E+1	4,121875E+3	9,139465E+1	4,121875E+3	1,002593E+2	4,121875E+3	1,056045E+2	4,121875E+3	1,114497E+2
4,123437E+3	6,091339E+1	4,123437E+3	6,982670E+1	4,123437E+3	7,989144E+1	4,123437E+3	9,053082E+1	4,123437E+3	1,012000E+2	4,123437E+3	1,052389E+2	4,123437E+3	1,108848E+2
4,125000E+3	6,037655E+1	4,125000E+3	7,040009E+1	4,125000E+3	8,049557E+1	4,125000E+3	9,085368E+1	4,125000E+3	1,001717E+2	4,125000E+3	1,062972E+2	4,125000E+3	1,105641E+2
4,126562E+3	6,032891E+1	4,126562E+3	7,094185E+1	4,126562E+3	8,018505E+1	4,126562E+3	9,033693E+1	4,126562E+3	9,974919E+1	4,126562E+3	1,052387E+2	4,126562E+3	1,117688E+2
4,128125E+3	6,105645E+1	4,128125E+3	7,063069E+1	4,128125E+3	8,017659E+1	4,128125E+3	9,027761E+1	4,128125E+3	1,005011E+2	4,128125E+3	1,056767E+2	4,128125E+3	1,112491E+2
4,129687E+3	6,000291E+1	4,129687E+3	7,020491E+1	4,129687E+3	8,002958E+1	4,129687E+3	8,999022E+1	4,129687E+3	1,009530E+2	4,129687E+3	1,062902E+2	4,129687E+3	1,097883E+2
4,131250E+3	6,071474E+1	4,131250E+3	6,967084E+1	4,131250E+3	8,044420E+1	4,131250E+3	9,039227E+1	4,131250E+3	1,003700E+2	4,131250E+3	1,050461E+2	4,131250E+3	1,106335E+2
4,132812E+3	6,044343E+1	4,132812E+3	7,039799E+1	4,132812E+3	8,047635E+1	4,132812E+3	8,807605E+1	4,132812E+3	1,010075E+2	4,132812E+3	1,057568E+2	4,132812E+3	1,097027E+2
4,134375E+3	5,959556E+1	4,134375E+3	7,032705E+1	4,134375E+3	8,074656E+1	4,134375E+3	8,936166E+1	4,134375E+3	1,008058E+2	4,134375E+3	1,056446E+2	4,134375E+3	1,094582E+2
4,135937E+3	6,131089E+1	4,135937E+3	6,891816E+1	4,135937E+3	8,000884E+1	4,135937E+3	8,953927E+1	4,135937E+3	9,982081E+1	4,135937E+3	1,053742E+2	4,135937E+3	1,102339E+2
4,137500E+3	6,779609E+1	4,137500E+3	6,966376E+1	4,137500E+3	7,910229E+1	4,137500E+3	9,001101E+1	4,137500E+3	9,966767E+1	4,137500E+3	1,061000E+2	4,137500E+3	1,102337E+2
4,139062E+3	7,031590E+1	4,139062E+3	7,376238E+1	4,139062E+3	7,971104E+1	4,139062E+3	9,034893E+1	4,139062E+3	9,985207E+1	4,139062E+3	1,058206E+2	4,139062E+3	1,103480E+2
4,140625E+3	7,174775E+1	4,140625E+3	7,487076E+1	4,140625E+3	7,925925E+1	4,140625E+3	9,002578E+1	4,140625E+3	9,945177E+1	4,140625E+3	1,053349E+2	4,140625E+3	1,100794E+2
4,142187E+3	7,195605E+1	4,142187E+3	7,160677E+1	4,142187E+3	8,076602E+1	4,142187E+3	8,959629E+1	4,142187E+3	1,003361E+2	4,142187E+3	1,056215E+2	4,142187E+3	1,107090E+2
4,143750E+3	6,527026E+1	4,143750E+3	6,990360E+1	4,143750E+3	7,948972E+1	4,143750E+3	8,914232E+1	4,143750E+3	9,950950E+1	4,143750E+3	1,054553E+2	4,143750E+3	1,110559E+2
4,145312E+3	5,975687E+1	4,145312E+3	6,988423E+1	4,145312E+3	8,001572E+1	4,145312E+3	8,906515E+1	4,145312E+3	1,000446E+2	4,145312E+3	1,045009E+2	4,145312E+3	1,102806E+2
4,146875E+3	5,925883E+1	4,146875E+3	6,983902E+1	4,146875E+3	7,866215E+1	4,146875E+3	8,883116E+1	4,146875E+3	9,989483E+1	4,146875E+3	1,063940E+2	4,146875E+3	1,106217E+2
4,148437E+3	5,997507E+1	4,148437E+3	6,944760E+1	4,148437E+3	7,889529E+1	4,148437E+3	8,893230E+1	4,148437E+3	9,924251E+1	4,148437E+3	1,056410E+2	4,148437E+3	1,094406E+2
4,150000E+3	6,013911E+1	4,150000E+3	6,989327E+1	4,150000E+3	7,967703E+1	4,150000E+3	8,923756E+1	4,150000E+3	1,005855E+2	4,150000E+3	1,051076E+2	4,150000E+3	1,099683E+2
4,151562E+3	6,037855E+1	4,151562E+3	6,935121E+1	4,151562E+3	8,006522E+1	4,151562E+3	8,989720E+1	4,151562E+3	1,002822E+2	4,151562E+3	1,052053E+2	4,151562E+3	1,095930E+2
4,153125E+3	5,913782E+1	4,153125E+3	6,929831E+1	4,153125E+3	7,954617E+1	4,153125E+3	8,905767E+1	4,153125E+3	1,009707E+2	4,153125E+3	1,055719E+2	4,153125E+3	1,094397E+2
4,154687E+3	5,778841E+1	4,154687E+3	6,921623E+1	4,154687E+3	7,905470E+1	4,154687E+3	8,776828E+1	4,154687E+3	1,001858E+2	4,154687E+3	1,055086E+2	4,154687E+3	1,094388E+2
4,156250E+3	5,988873E+1	4,156250E+3	7,013365E+1	4,156250E+3	7,920838E+1	4,156250E+3	8,842936E+1	4,156250E+3	9,962293E+1	4,156250E+3	1,038671E+2	4,156250E+3	1,090535E+2
4,157812E+3	6,001409E+1	4,157812E+3	6,899828E+1	4,157812E+3	7,950221E+1	4,157812E+3	8,834390E+1	4,157812E+3	9,914693E+1	4,157812E+3	1,044100E+2	4,157812E+3	1,089901E+2
4,159375E+3	5,879851E+1	4,159375E+3	6,784755E+1	4,159375E+3	7,887192E+1	4,159375E+3	8,926029E+1	4,159375E+3	9,865329E+1	4,159375E+3	1,047288E+2	4,159375E+3	1,097970E+2
4,160937E+3	5,888537E+1	4,160937E+3	6,857350E+1	4,160937E+3	7,967603E+1	4,160937E+3	8,972877E+1	4,160937E+3	9,901844E+1	4,160937E+3	1,047600E+2	4,160937E+3	1,104193E+2
4,162500E+3	5,960410E+1	4,162500E+3	6,924059E+1	4,162500E+3	7,891515E+1	4,162500E+3	8,983012E+1	4,162500E+3	9,875310E+1	4,162500E+3	1,056098E+2	4,162500E+3	1,094927E+2
4,164062E+3	5,967458E+1	4,164062E+3	6,976628E+1	4,164062E+3	7,835678E+1	4,164062E+3	8,924567E+1	4,164062E+3	1,003213E+2	4,164062E+3	1,053450E+2	4,164062E+3	1,086192E+2
4,165625E+3	5,936922E+1	4,165625E+3	6,952024E+1	4,165625E+3	7,862282E+1	4,165625E+3	8,899033E+1	4,165625E+3	9,949151E+1	4,165625E+3	1,048733E+2	4,165625E+3	1,085066E+2
4,167187E+3	5,955616E+1	4,167187E+3	6,981047E+1	4,167187E+3	7,879112E+1	4,167187E+3	8,905925E+1	4,167187E+3	9,922660E+1	4,167187E+3	1,051813E+2	4,167187E+3	1,091271E+2
4,168750E+3	5,915829E+1	4,168750E+3	6,919111E+1	4,168750E+3	7,860712E+1	4,168750E+3	8,877855E+1	4,168750E+3	9,986450E+1	4,168750E+3	1,054682E+2	4,168750E+3	1,096310E+2
4,170312E+3	5,911183E+1	4,170312E+3	6,916133E+1	4,170312E+3	7,800972E+1	4,170312E+3	8,921919E+1	4,170312E+3	9,895540E+1	4,170312E+3	1,034568E+2	4,170312E+3	1,089622E+2
4,171875E+3	5,878479E+1	4,171875E+3	6,947085E+1	4,171875E+3	7,894839E+1	4,171875E+3	9,013284E+1	4,171875E+3	9,873016E+1	4,171875E+3	1,042822E+2	4,171875E+3	1,093660E+2
4,173437E+3	5,894120E+1	4,173437E+3	6,974966E+1	4,173437E+3	7,950949E+1	4,173437E+3	9,006608E+1	4,173437E+3	9,924105E+1	4,173437E+3	1,050912E+2	4,173437E+3	1,094851E+2
4,175000E+3	5,959013E+1	4,175000E+3	6,900002E+1	4,175000E+3	7,944380E+1	4,175000E+3	9,065682E+1	4,175000E+3	9,949032E+1	4,175000E+3	1,034344E+2	4,175000E+3	1,094558E+2
4,176562E+3	5,878874E+1	4,176562E+3	6,846649E+1	4,176562E+3	7,850831E+1	4,176562E+3	8,993295E+1	4,176562E+3	9,882834E+1	4,176562E+3	1,043318E+2	4,176562E+3	1,093258E+2
4,178125E+3	5,826671E+1	4,178125E+3	6,704994E+1	4,178125E+3	7,999045E+1	4,178125E+3	8,912526E+1	4,178125E+3	9,893523E+1	4,178125E+3	1,037418E+2	4,178125E+3	1,099514E+2
4,179687E+3	5,933279E+1	4,179687E+3	6,785377E+1	4,179687E+3	7,910326E+1	4,179687E+3	8,924008E+1	4,179687E+3	9,855001E+1	4,179687E+3	1,040575E+2	4,179687E+3	1,100880E+2
4,181250E+3	6,046560E+1	4,181250E+3	6,862814E+1	4,181250E+3	7,934495E+1	4,181250E+3	8,974720E+1	4,181250E+3	9,913381E+1	4,181250E+3	1,051303E+2	4,181250E+3	1,097345E+2
4,182812E+3	5,993667E+1	4,182812E+3	7,021493E+1	4,182812E+3	7,861836E+1	4,182812E+3	8,948213E+1	4,182812E+3	9,875757E+1	4,182812E+3	1,052394E+2	4,182812E+3	1,099260E+2
4,184375E+3	6,013778E+1	4,184375E+3	6,982776E+1	4,184375E+3	8,012288E+1	4,184375E+3	8,981088E+1	4,184375E+3	9,885649E+1	4,184375E+3	1,056425E+2	4,184375E+3	1,097913E+2
4,185937E+3	5,988913E+1	4,185937E+3	6,877317E+1	4,185937E+3	7,992163E+1	4,185937E+3	8,961012E+1	4,185937E+3	9,920426E+1	4,185937E+3	1,056068E+2	4,185937E+3	1,095070E+2
4,187500E+3	5,983255E+1	4,187500E+3	7,000797E+1	4,187500E+3	7,953476E+1	4,187500E+3	8,930079E+1	4,187500E+3	9,923796E+1	4,187500E+3	1,052197E+2	4,187500E+3	1,082262E+2
4,189062E+3	5,862909E+1	4,189062E+3	7,060622E+1	4,189062E+3	8,014258E+1	4,189062E+3	8,888942E+1	4,189062E+3	9,935992E+1	4,189062E+3	1,045994E+2	4,189062E+3	1,082389E+2
4,190625E+3	5,682165E+1	4,190625E+3	7,040525E+1	4,190625E+3	7,981521E+1	4,190625E+3	8,802733E+1	4,190625E+3	9,966132E+1	4,190625E+3	1,048113E+2	4,190625E+3	1,086158E+2
4,192187E+3	5,844637E+1	4,192187E+3	6,893339E+1	4,192187E+3	8,006473E+1	4,192187E+3	8,862877E+1	4,192187E+3	1,003903E+2	4,192187E+3	1,056630E+2	4,192187E+3	1,081488E+2
4,193750E+3	5,938717E+1	4,193750E+3	6,827468E+1	4,193750E+3	8,048485E+1	4,193750E+3	8,881328E+1	4,193750E+3	9,901779E+1	4,193750E+3	1,051914E+2	4,193750E+3	1,089060E+2
4,195312E+3	5,993481E+1	4,195312E+3	6,968404E+1	4,195312E+3	7,939298E+1	4,195312E+3	8,872655E+1	4,195312E+3	9,932762E+1	4,195312E+3	1,045255E+2	4,195312E+3	1,085361E+2
4,196875E+3	6,131133E+1	4,196875E+3	6,989437E+1	4,196875E+3	7,838756E+1	4,196875E+3	8,877646E+1	4,196875E+3	9,889902E+1	4,196875E+3	1,045737E+2	4,196875E+3	1,083255E+2
4,198437E+3	6,366637E+1	4,198437E+3	7,044785E+1	4,198437E+3	7,924920E+1	4,198437E+3	8,880767E+1	4,198437E+3	9,984920E+1	4,198437E+3	1,051071E+2	4,198437E+3	1,080249E+2
4,200000E+3	6,379894E+1	4,200000E+3	7,073527E+1	4,200000E+3	7,920194E+1	4,200000E+3	8,922777E+1	4,200000E+3	1,000920E+2	4,200000E+3	1,046839E+2	4,200000E+3	1,074522E+2
4,201562E+3	6,540717E+1	4,201562E+3	6,863881E+1	4,201562E+3	7,989187E+1	4,201562E+3	8,927767E+1	4,201562E+3	9,986123E+1	4,201562E+3	1,039628E+2	4,201562E+3	1,093815E+2
4,203125E+3	6,365541E+1	4,203125E+3	6,885006E+1	4,203125E+3	8,110897E+1	4,203125E+3	8,889245E+1	4,203125E+3	9,872099E+1	4,203125E+3	1,050210E+2	4,203125E+3	1,097607E+2
4,204687E+3	5,971343E+1	4,204687E+3	6,946913E+1	4,204687E+3	8,027067E+1	4,204687E+3	8,902808E+1	4,204687E+3	9,870978E+1	4,204687E+3	1,050249E+2	4,204687E+3	1,089422E+2
4,206250E+3	5,949015E+1	4,206250E+3	6,893231E+1	4,206250E+3	7,994116E+1	4,206250E+3	8,868861E+1	4,206250E+3	1,000881E+2	4,206250E+3	1,046929E+2	4,206250E+3	1,091485E+2
4,207812E+3	5,996831E+1	4,207812E+3	6,971438E+1	4,207812E+3	8,067980E+1	4,207812E+3	8,899573E+1	4,207812E+3	9,994099E+1	4,207812E+3	1,053056E+2	4,207812E+3	1,103711E+2
4,209375E+3	5,986704E+1	4,209375E+3	7,063457E+1	4,209375E+3	7,953849E+1	4,209375E+3	8,900748E+1	4,209375E+3	9,879079E+1	4,209375E+3	1,047985E+2	4,209375E+3	1,108663E+2
4,210937E+3	5,895365E+1	4,210937E+3	6,934540E+1	4,210937E+3	7,970395E+1	4,210937E+3	8,932557E+1	4,210937E+3	9,797655E+1	4,210937E+3	1,036546E+2	4,210937E+3	1,098853E+2
4,212500E+3	6,058693E+1	4,212500E+3	6,925492E+1	4,212500E+3	8,007630E+1	4,212500E+3	8,801409E+1	4,212500E+3	1,000731E+2	4,212500E+3	1,045659E+2	4,212500E+3	1,087183E+2
4,214062E+3	6,070265E+1	4,214062E+3	7,077886E+1	4,214062E+3	7,963279E+1	4,214062E+3	8,893362E+1	4,214062E+3	1,005318E+2	4,214062E+3	1,056002E+2	4,214062E+3	1,089828E+2
4,215625E+3	5,951767E+1	4,215625E+3	7,009717E+1	4,215625E+3	7,973513E+1	4,215625E+3	8,904353E+1	4,215625E+3	9,993041E+1	4,215625E+3	1,056383E+2	4,215625E+3	1,103038E+2
4,217187E+3	5,990796E+1	4,217187E+3	6,981802E+1	4,217187E+3	7,940608E+1	4,217187E+3	8,922152E+1	4,217187E+3	9,860670E+1	4,217187E+3	1,055261E+2	4,217187E+3	1,098912E+2
4,218750E+3	6,174442E+1	4,218750E+3	6,904227E+1	4,218750E+3	7,861096E+1	4,218750E+3	8,875465E+1	4,218750E+3	9,976065E+1	4,218750E+3	1,044302E+2	4,218750E+3	1,094201E+2
4,220312E+3	6,032646E+1	4,220312E+3	6,954811E+1	4,220312E+3	8,080035E+1	4,220312E+3	8,756400E+1	4,220312E+3	9,916792E+1	4,220312E+3	1,053230E+2	4,220312E+3	1,085306E+2
4,221875E+3	5,938081E+1	4,221875E+3	6,994413E+1	4,221875E+3	8,002227E+1	4,221875E+3	8,938143E+1	4,221875E+3	9,991422E+1	4,221875E+3	1,060448E+2	4,221875E+3	1,085393E+2
4,223437E+3	5,959655E+1	4,223437E+3	6,941745E+1	4,223437E+3	7,968209E+1	4,223437E+3	9,010450E+1	4,223437E+3	1,004179E+2	4,223437E+3	1,052956E+2	4,223437E+3	1,089522E+2
4,225000E+3	6,051550E+1	4,225000E+3	6,860610E+1	4,225000E+3	7,844591E+1	4,225000E+3	8,998223E+1	4,225000E+3	9,940552E+1	4,225000E+3	1,054153E+2	4,225000E+3	1,100226E+2
4,226562E+3	6,032266E+1	4,226562E+3	6,949049E+1	4,226562E+3	7,967390E+1	4,226562E+3	8,954377E+1	4,226562E+3	9,868673E+1	4,226562E+3	1,039297E+2	4,226562E+3	1,097769E+2
4,228125E+3	5,972360E+1	4,228125E+3	6,991900E+1	4,228125E+3	7,950585E+1	4,228125E+3	8,866847E+1	4,228125E+3	1,002363E+2	4,228125E+3	1,041293E+2	4,228125E+3	1,102194E+2
4,229687E+3	5,926624E+1	4,229687E+3	6,939365E+1	4,229687E+3	8,011681E+1	4,229687E+3	8,843390E+1	4,229687E+3	9,999978E+1	4,229687E+3	1,053737E+2	4,229687E+3	1,107506E+2
4,231250E+3	5,863659E+1	4,231250E+3	6,893804E+1	4,231250E+3	7,987924E+1	4,231250E+3	8,917392E+1	4,231250E+3	9,884451E+1	4,231250E+3	1,061879E+2	4,231250E+3	1,100976E+2
4,232812E+3	5,909533E+1	4,232812E+3	6,934327E+1	4,232812E+3	8,020138E+1	4,232812E+3	8,729184E+1	4,232812E+3	9,846589E+1	4,232812E+3	1,056786E+2	4,232812E+3	1,104844E+2
4,234375E+3	5,997900E+1	4,234375E+3	6,968085E+1	4,234375E+3	8,083283E+1	4,234375E+3	8,909802E+1	4,234375E+3	9,925138E+1	4,234375E+3	1,052161E+2	4,234375E+3	1,100380E+2
4,235937E+3	6,021712E+1	4,235937E+3	7,017889E+1	4,235937E+3	8,003201E+1	4,235937E+3	9,013964E+1	4,235937E+3	9,939551E+1	4,235937E+3	1,054628E+2	4,235937E+3	1,099858E+2
4,237500E+3	5,961842E+1	4,237500E+3	6,938063E+1	4,237500E+3	7,948446E+1	4,237500E+3	8,904187E+1	4,237500E+3	9,998011E+1	4,237500E+3	1,053419E+2	4,237500E+3	1,098408E+2
4,239062E+3	6,087346E+1	4,239062E+3	6,869946E+1	4,239062E+3	7,743525E+1	4,239062E+3	8,933314E+1	4,239062E+3	9,986791E+1	4,239062E+3	1,055855E+2	4,239062E+3	1,095375E+2
4,240625E+3	6,113939E+1	4,240625E+3	6,942255E+1	4,240625E+3	7,818704E+1	4,240625E+3	8,885153E+1	4,240625E+3	1,002284E+2	4,240625E+3	1,060597E+2	4,240625E+3	1,103925E+2
4,242187E+3	6,076121E+1	4,242187E+3	6,879842E+1	4,242187E+3	7,938315E+1	4,242187E+3	8,937866E+1	4,242187E+3	9,938921E+1	4,242187E+3	1,053395E+2	4,242187E+3	1,103400E+2
4,243750E+3	5,884566E+1	4,243750E+3	6,930951E+1	4,243750E+3	7,935439E+1	4,243750E+3	9,021309E+1	4,243750E+3	9,807922E+1	4,243750E+3	1,055027E+2	4,243750E+3	1,097340E+2
4,245312E+3	5,898368E+1	4,245312E+3	6,950001E+1	4,245312E+3	7,911300E+1	4,245312E+3	8,961180E+1	4,245312E+3	9,807674E+1	4,245312E+3	1,054334E+2	4,245312E+3	1,098983E+2
4,246875E+3	5,973084E+1	4,246875E+3	6,949637E+1	4,246875E+3	7,919938E+1	4,246875E+3	8,974092E+1	4,246875E+3	9,886849E+1	4,246875E+3	1,050311E+2	4,246875E+3	1,102739E+2
4,248437E+3	6,035031E+1	4,248437E+3	6,973664E+1	4,248437E+3	7,990938E+1	4,248437E+3	9,042782E+1	4,248437E+3	1,000754E+2	4,248437E+3	1,051055E+2	4,248437E+3	1,091695E+2
4,250000E+3	6,054860E+1	4,250000E+3	7,005121E+1	4,250000E+3	7,991977E+1	4,250000E+3	8,946216E+1	4,250000E+3	9,996718E+1	4,250000E+3	1,054606E+2	4,250000E+3	1,093900E+2
4,251562E+3	6,020642E+1	4,251562E+3	6,987595E+1	4,251562E+3	7,889400E+1	4,251562E+3	8,951028E+1	4,251562E+3	1,007991E+2	4,251562E+3	1,064557E+2	4,251562E+3	1,100547E+2
4,253125E+3	5,971713E+1	4,253125E+3	6,918153E+1	4,253125E+3	7,845269E+1	4,253125E+3	8,850828E+1	4,253125E+3	1,012654E+2	4,253125E+3	1,054464E+2	4,253125E+3	1,093358E+2
4,254687E+3	5,976166E+1	4,254687E+3	6,884990E+1	4,254687E+3	7,988696E+1	4,254687E+3	8,927457E+1	4,254687E+3	1,004905E+2	4,254687E+3	1,045974E+2	4,254687E+3	1,095815E+2
4,256250E+3	6,501804E+1	4,256250E+3	6,980668E+1	4,256250E+3	7,977460E+1	4,256250E+3	8,858229E+1	4,256250E+3	9,941771E+1	4,256250E+3	1,049953E+2	4,256250E+3	1,099813E+2
4,257812E+3	7,143098E+1	4,257812E+3	7,237980E+1	4,257812E+3	7,953199E+1	4,257812E+3	8,980185E+1	4,257812E+3	9,864892E+1	4,257812E+3	1,042219E+2	4,257812E+3	1,093154E+2
4,259375E+3	7,289989E+1	4,259375E+3	7,658524E+1	4,259375E+3	8,002175E+1	4,259375E+3	9,086023E+1	4,259375E+3	9,905622E+1	4,259375E+3	1,040887E+2	4,259375E+3	1,093404E+2
4,260937E+3	7,512957E+1	4,260937E+3	7,677870E+1	4,260937E+3	8,177732E+1	4,260937E+3	8,952930E+1	4,260937E+3	1,000936E+2	4,260937E+3	1,047507E+2	4,260937E+3	1,091730E+2
4,262500E+3	7,444104E+1	4,262500E+3	7,183228E+1	4,262500E+3	8,202100E+1	4,262500E+3	8,838012E+1	4,262500E+3	9,992501E+1	4,262500E+3	1,048351E+2	4,262500E+3	1,092351E+2
4,264062E+3	6,708411E+1	4,264062E+3	7,023257E+1	4,264062E+3	8,066520E+1	4,264062E+3	8,882047E+1	4,264062E+3	9,943785E+1	4,264062E+3	1,052322E+2	4,264062E+3	1,107602E+2
4,265625E+3	6,126307E+1	4,265625E+3	6,941910E+1	4,265625E+3	8,116766E+1	4,265625E+3	8,988575E+1	4,265625E+3	9,849454E+1	4,265625E+3	1,055327E+2	4,265625E+3	1,101229E+2
4,267187E+3	6,035318E+1	4,267187E+3	7,016081E+1	4,267187E+3	8,078919E+1	4,267187E+3	8,961087E+1	4,267187E+3	9,931187E+1	4,267187E+3	1,054019E+2	4,267187E+3	1,096397E+2
4,268750E+3	5,970931E+1	4,268750E+3	7,098998E+1	4,268750E+3	8,077076E+1	4,268750E+3	8,883909E+1	4,268750E+3	9,883147E+1	4,268750E+3	1,049465E+2	4,268750E+3	1,098215E+2
4,270312E+3	6,074163E+1	4,270312E+3	7,041644E+1	4,270312E+3	8,093709E+1	4,270312E+3	8,988252E+1	4,270312E+3	9,947529E+1	4,270312E+3	1,051871E+2	4,270312E+3	1,085422E+2
4,271875E+3	6,005801E+1	4,271875E+3	6,975275E+1	4,271875E+3	8,067251E+1	4,271875E+3	9,066738E+1	4,271875E+3	1,005934E+2	4,271875E+3	1,042760E+2	4,271875E+3	1,088886E+2
4,273437E+3	6,011779E+1	4,273437E+3	7,061653E+1	4,273437E+3	7,972651E+1	4,273437E+3	9,082028E+1	4,273437E+3	1,000053E+2	4,273437E+3	1,044361E+2	4,273437E+3	1,089100E+2
4,275000E+3	6,027363E+1	4,275000E+3	7,099232E+1	4,275000E+3	8,017180E+1	4,275000E+3	9,062111E+1	4,275000E+3	9,960220E+1	4,275000E+3	1,049636E+2	4,275000E+3	1,080580E+2
4,276562E+3	5,872111E+1	4,276562E+3	7,085092E+1	4,276562E+3	8,043416E+1	4,276562E+3	8,973357E+1	4,276562E+3	9,999257E+1	4,276562E+3	1,048515E+2	4,276562E+3	1,086914E+2
4,278125E+3	5,998290E+1	4,278125E+3	7,048294E+1	4,278125E+3	8,073175E+1	4,278125E+3	8,934877E+1	4,278125E+3	9,863321E+1	4,278125E+3	1,054726E+2	4,278125E+3	1,097729E+2
4,279687E+3	6,074460E+1	4,279687E+3	6,999495E+1	4,279687E+3	8,022326E+1	4,279687E+3	9,046898E+1	4,279687E+3	9,920716E+1	4,279687E+3	1,047384E+2	4,279687E+3	1,091107E+2
4,281250E+3	6,166937E+1	4,281250E+3	7,080430E+1	4,281250E+3	8,128736E+1	4,281250E+3	9,051680E+1	4,281250E+3	9,865824E+1	4,281250E+3	1,035232E+2	4,281250E+3	1,083704E+2
4,282812E+3	6,264527E+1	4,282812E+3	7,115787E+1	4,282812E+3	8,124332E+1	4,282812E+3	9,050507E+1	4,282812E+3	9,961316E+1	4,282812E+3	1,042922E+2	4,282812E+3	1,073653E+2
4,284375E+3	6,142482E+1	4,284375E+3	7,178984E+1	4,284375E+3	8,073342E+1	4,284375E+3	9,062860E+1	4,284375E+3	1,003156E+2	4,284375E+3	1,046239E+2	4,284375E+3	1,091640E+2
4,285937E+3	6,105183E+1	4,285937E+3	7,189728E+1	4,285937E+3	7,988325E+1	4,285937E+3	8,959884E+1	4,285937E+3	9,944003E+1	4,285937E+3	1,050891E+2	4,285937E+3	1,099738E+2
4,287500E+3	6,134693E+1	4,287500E+3	7,051492E+1	4,287500E+3	8,127236E+1	4,287500E+3	8,978596E+1	4,287500E+3	9,956487E+1	4,287500E+3	1,035954E+2	4,287500E+3	1,084059E+2
4,289062E+3	6,065104E+1	4,289062E+3	7,087355E+1	4,289062E+3	8,061325E+1	4,289062E+3	9,063978E+1	4,289062E+3	9,940718E+1	4,289062E+3	1,034704E+2	4,289062E+3	1,079678E+2
4,290625E+3	6,121894E+1	4,290625E+3	7,149321E+1	4,290625E+3	7,996694E+1	4,290625E+3	9,126698E+1	4,290625E+3	1,003111E+2	4,290625E+3	1,038319E+2	4,290625E+3	1,071061E+2
4,292187E+3	6,123145E+1	4,292187E+3	7,179856E+1	4,292187E+3	8,137571E+1	4,292187E+3	9,116011E+1	4,292187E+3	9,984233E+1	4,292187E+3	1,041005E+2	4,292187E+3	1,081128E+2
4,293750E+3	6,113348E+1	4,293750E+3	7,166401E+1	4,293750E+3	8,177825E+1	4,293750E+3	9,096377E+1	4,293750E+3	9,988758E+1	4,293750E+3	1,046387E+2	4,293750E+3	1,089235E+2
4,295312E+3	6,028796E+1	4,295312E+3	7,159008E+1	4,295312E+3	8,064735E+1	4,295312E+3	9,197820E+1	4,295312E+3	1,006840E+2	4,295312E+3	1,039048E+2	4,295312E+3	1,086496E+2
4,296875E+3	6,046897E+1	4,296875E+3	7,117929E+1	4,296875E+3	8,033002E+1	4,296875E+3	9,091687E+1	4,296875E+3	1,011476E+2	4,296875E+3	1,035645E+2	4,296875E+3	1,080414E+2
4,298437E+3	6,075172E+1	4,298437E+3	7,148443E+1	4,298437E+3	8,168405E+1	4,298437E+3	9,142186E+1	4,298437E+3	1,013459E+2	4,298437E+3	1,038541E+2	4,298437E+3	1,070366E+2
4,300000E+3	6,163238E+1	4,300000E+3	7,041573E+1	4,300000E+3	8,170840E+1	4,300000E+3	9,188460E+1	4,300000E+3	1,011291E+2	4,300000E+3	1,036674E+2	4,300000E+3	1,069451E+2
4,301562E+3	6,256902E+1	4,301562E+3	7,045106E+1	4,301562E+3	8,161337E+1	4,301562E+3	9,238713E+1	4,301562E+3	1,008482E+2	4,301562E+3	1,033839E+2	4,301562E+3	1,072739E+2
4,303125E+3	6,320500E+1	4,303125E+3	7,085268E+1	4,303125E+3	8,131801E+1	4,303125E+3	9,313761E+1	4,303125E+3	1,006396E+2	4,303125E+3	1,038343E+2	4,303125E+3	1,078337E+2
4,304687E+3	6,340951E+1	4,304687E+3	7,005874E+1	4,304687E+3	8,182794E+1	4,304687E+3	9,253654E+1	4,304687E+3	1,002820E+2	4,304687E+3	1,040543E+2	4,304687E+3	1,085767E+2
4,306250E+3	6,273529E+1	4,306250E+3	7,160097E+1	4,306250E+3	8,177487E+1	4,306250E+3	9,109861E+1	4,306250E+3	1,000125E+2	4,306250E+3	1,041085E+2	4,306250E+3	1,068737E+2
4,307812E+3	6,061244E+1	4,307812E+3	7,164194E+1	4,307812E+3	8,209816E+1	4,307812E+3	9,118911E+1	4,307812E+3	9,965873E+1	4,307812E+3	1,036626E+2	4,307812E+3	1,069944E+2
4,309375E+3	6,093225E+1	4,309375E+3	7,070985E+1	4,309375E+3	8,163097E+1	4,309375E+3	9,162523E+1	4,309375E+3	1,001901E+2	4,309375E+3	1,033291E+2	4,309375E+3	1,061472E+2
4,310937E+3	6,055307E+1	4,310937E+3	7,155121E+1	4,310937E+3	8,038383E+1	4,310937E+3	9,111190E+1	4,310937E+3	9,962310E+1	4,310937E+3	1,027433E+2	4,310937E+3	1,065385E+2
4,312500E+3	6,153667E+1	4,312500E+3	7,158192E+1	4,312500E+3	8,001916E+1	4,312500E+3	9,102115E+1	4,312500E+3	9,924260E+1	4,312500E+3	1,024443E+2	4,312500E+3	1,073061E+2
4,314062E+3	6,115454E+1	4,314062E+3	7,029685E+1	4,314062E+3	8,005644E+1	4,314062E+3	8,977664E+1	4,314062E+3	9,963767E+1	4,314062E+3	1,039507E+2	4,314062E+3	1,080361E+2
4,315625E+3	6,004565E+1	4,315625E+3	7,057295E+1	4,315625E+3	8,111615E+1	4,315625E+3	9,018335E+1	4,315625E+3	9,865400E+1	4,315625E+3	1,024035E+2	4,315625E+3	1,071265E+2
4,317187E+3	6,279610E+1	4,317187E+3	7,038772E+1	4,317187E+3	8,028128E+1	4,317187E+3	9,020590E+1	4,317187E+3	9,921259E+1	4,317187E+3	1,027736E+2	4,317187E+3	1,069626E+2
4,318750E+3	6,545491E+1	4,318750E+3	7,203453E+1	4,318750E+3	8,044087E+1	4,318750E+3	9,007604E+1	4,318750E+3	9,944642E+1	4,318750E+3	1,032264E+2	4,318750E+3	1,078913E+2
4,320312E+3	6,599917E+1	4,320312E+3	7,310045E+1	4,320312E+3	8,131750E+1	4,320312E+3	8,971990E+1	4,320312E+3	1,003600E+2	4,320312E+3	1,020435E+2	4,320312E+3	1,071620E+2
4,321875E+3	6,751358E+1	4,321875E+3	7,121445E+1	4,321875E+3	8,150035E+1	4,321875E+3	9,057489E+1	4,321875E+3	9,965397E+1	4,321875E+3	1,016427E+2	4,321875E+3	1,066908E+2
4,323437E+3	6,470457E+1	4,323437E+3	7,043891E+1	4,323437E+3	8,061561E+1	4,323437E+3	9,037831E+1	4,323437E+3	9,913309E+1	4,323437E+3	1,021161E+2	4,323437E+3	1,068171E+2
