Sample 1 - Real_Frequency [Hz]	Normalized Surface Impedance on Cavity	Sample 1 - Imag_Frequency [Hz]	Normalized Surface Impedance on Cavity	Sample 2 - Real_Frequency [Hz]	Normalized Surface Impedance on Cavity	Sample 2 - Imag_Frequency [Hz]	Normalized Surface Impedance on Cavity	Sample 3 - Real_Frequency [Hz]	Normalized Surface Impedance on Cavity	Sample 3 - Imag_Frequency [Hz]	Normalized Surface Impedance on Cavity	Sample 4 - Real_Frequency [Hz]	Normalized Surface Impedance on Cavity	Sample 4 - Imag_Frequency [Hz]	Normalized Surface Impedance on Cavity	Sample 5 - Real_Frequency [Hz]	Normalized Surface Impedance on Cavity	Sample 5 - Imag_Frequency [Hz]	Normalized Surface Impedance on Cavity	Sample 6 - Real_Frequency [Hz]	Normalized Surface Impedance on Cavity	Sample 6 - Imag_Frequency [Hz]	Normalized Surface Impedance on Cavity	Sample 7 - Real_Frequency [Hz]	Normalized Surface Impedance on Cavity	Sample 7 - Imag_Frequency [Hz]	Normalized Surface Impedance on Cavity	
3,000000E+2	3,922016E-1	3,000000E+2	-2,254691E+0	3,000000E+2	3,938167E-1	3,000000E+2	-2,266317E+0	3,000000E+2	4,242846E-1	3,000000E+2	-2,270642E+0	3,000000E+2	5,947163E-1	3,000000E+2	-2,326101E+0	3,000000E+2	1,043587E+0	3,000000E+2	-2,420130E+0	3,000000E+2	1,510903E+0	3,000000E+2	-2,525722E+0	3,000000E+2	1,997254E+0	3,000000E+2	-2,598434E+0
3,015625E+2	4,230429E-1	3,015625E+2	-2,316687E+0	3,015625E+2	4,123221E-1	3,015625E+2	-2,310870E+0	3,015625E+2	4,377230E-1	3,015625E+2	-2,278129E+0	3,015625E+2	5,975975E-1	3,015625E+2	-2,321185E+0	3,015625E+2	1,043832E+0	3,015625E+2	-2,427355E+0	3,015625E+2	1,530142E+0	3,015625E+2	-2,511100E+0	3,015625E+2	2,026560E+0	3,015625E+2	-2,633107E+0
3,031250E+2	4,029638E-1	3,031250E+2	-2,290191E+0	3,031250E+2	4,271155E-1	3,031250E+2	-2,281968E+0	3,031250E+2	4,412197E-1	3,031250E+2	-2,294841E+0	3,031250E+2	5,948355E-1	3,031250E+2	-2,340499E+0	3,031250E+2	1,091014E+0	3,031250E+2	-2,442140E+0	3,031250E+2	1,550903E+0	3,031250E+2	-2,489707E+0	3,031250E+2	2,073595E+0	3,031250E+2	-2,629431E+0
3,046875E+2	3,835220E-1	3,046875E+2	-2,187382E+0	3,046875E+2	4,138338E-1	3,046875E+2	-2,223973E+0	3,046875E+2	4,346689E-1	3,046875E+2	-2,204928E+0	3,046875E+2	5,771543E-1	3,046875E+2	-2,291681E+0	3,046875E+2	1,066473E+0	3,046875E+2	-2,404047E+0	3,046875E+2	1,515923E+0	3,046875E+2	-2,425551E+0	3,046875E+2	2,013867E+0	3,046875E+2	-2,570784E+0
3,062500E+2	3,856223E-1	3,062500E+2	-2,170461E+0	3,062500E+2	3,869103E-1	3,062500E+2	-2,184887E+0	3,062500E+2	4,320513E-1	3,062500E+2	-2,186545E+0	3,062500E+2	5,617089E-1	3,062500E+2	-2,249857E+0	3,062500E+2	1,040761E+0	3,062500E+2	-2,395172E+0	3,062500E+2	1,507718E+0	3,062500E+2	-2,420709E+0	3,062500E+2	2,009674E+0	3,062500E+2	-2,527365E+0
3,078125E+2	3,686023E-1	3,078125E+2	-2,177045E+0	3,078125E+2	4,285507E-1	3,078125E+2	-2,147059E+0	3,078125E+2	4,471829E-1	3,078125E+2	-2,169633E+0	3,078125E+2	5,810533E-1	3,078125E+2	-2,227529E+0	3,078125E+2	1,061802E+0	3,078125E+2	-2,392031E+0	3,078125E+2	1,533228E+0	3,078125E+2	-2,405787E+0	3,078125E+2	2,014949E+0	3,078125E+2	-2,495540E+0
3,093750E+2	3,658996E-1	3,093750E+2	-2,204674E+0	3,093750E+2	4,148051E-1	3,093750E+2	-2,123543E+0	3,093750E+2	4,441522E-1	3,093750E+2	-2,144601E+0	3,093750E+2	5,924330E-1	3,093750E+2	-2,230759E+0	3,093750E+2	1,060279E+0	3,093750E+2	-2,305172E+0	3,093750E+2	1,536086E+0	3,093750E+2	-2,378432E+0	3,093750E+2	1,983635E+0	3,093750E+2	-2,444314E+0
3,109375E+2	4,154644E-1	3,109375E+2	-2,068973E+0	3,109375E+2	4,080969E-1	3,109375E+2	-2,118955E+0	3,109375E+2	4,488010E-1	3,109375E+2	-2,118304E+0	3,109375E+2	5,813794E-1	3,109375E+2	-2,193314E+0	3,109375E+2	1,040907E+0	3,109375E+2	-2,267763E+0	3,109375E+2	1,499631E+0	3,109375E+2	-2,314511E+0	3,109375E+2	1,935919E+0	3,109375E+2	-2,498995E+0
3,125000E+2	3,944837E-1	3,125000E+2	-2,086314E+0	3,125000E+2	3,690464E-1	3,125000E+2	-2,116644E+0	3,125000E+2	4,031825E-1	3,125000E+2	-2,103562E+0	3,125000E+2	5,394716E-1	3,125000E+2	-2,189467E+0	3,125000E+2	1,010145E+0	3,125000E+2	-2,304679E+0	3,125000E+2	1,454487E+0	3,125000E+2	-2,362669E+0	3,125000E+2	1,964136E+0	3,125000E+2	-2,480065E+0
3,140625E+2	3,813803E-1	3,140625E+2	-2,095071E+0	3,140625E+2	3,525886E-1	3,140625E+2	-2,085033E+0	3,140625E+2	3,884792E-1	3,140625E+2	-2,087537E+0	3,140625E+2	5,269670E-1	3,140625E+2	-2,158860E+0	3,140625E+2	1,033419E+0	3,140625E+2	-2,305945E+0	3,140625E+2	1,392661E+0	3,140625E+2	-2,389906E+0	3,140625E+2	1,998763E+0	3,140625E+2	-2,419940E+0
3,156250E+2	4,089645E-1	3,156250E+2	-2,120927E+0	3,156250E+2	4,106513E-1	3,156250E+2	-2,060175E+0	3,156250E+2	4,195602E-1	3,156250E+2	-2,087177E+0	3,156250E+2	5,733713E-1	3,156250E+2	-2,138309E+0	3,156250E+2	1,068159E+0	3,156250E+2	-2,284075E+0	3,156250E+2	1,456936E+0	3,156250E+2	-2,361224E+0	3,156250E+2	2,010135E+0	3,156250E+2	-2,418979E+0
3,171875E+2	3,792031E-1	3,171875E+2	-2,097513E+0	3,171875E+2	4,315391E-1	3,171875E+2	-2,057329E+0	3,171875E+2	4,304799E-1	3,171875E+2	-2,069846E+0	3,171875E+2	5,836533E-1	3,171875E+2	-2,151718E+0	3,171875E+2	1,087034E+0	3,171875E+2	-2,268319E+0	3,171875E+2	1,502774E+0	3,171875E+2	-2,337757E+0	3,171875E+2	2,005095E+0	3,171875E+2	-2,454566E+0
3,187500E+2	4,698239E-1	3,187500E+2	-2,059763E+0	3,187500E+2	4,583192E-1	3,187500E+2	-2,016258E+0	3,187500E+2	4,533076E-1	3,187500E+2	-2,031220E+0	3,187500E+2	5,748575E-1	3,187500E+2	-2,101221E+0	3,187500E+2	1,113512E+0	3,187500E+2	-2,253915E+0	3,187500E+2	1,535187E+0	3,187500E+2	-2,299002E+0	3,187500E+2	2,050430E+0	3,187500E+2	-2,381055E+0
3,203125E+2	4,990776E-1	3,203125E+2	-2,024163E+0	3,203125E+2	4,460284E-1	3,203125E+2	-1,983985E+0	3,203125E+2	4,603128E-1	3,203125E+2	-1,988815E+0	3,203125E+2	5,967354E-1	3,203125E+2	-2,059519E+0	3,203125E+2	1,100695E+0	3,203125E+2	-2,231188E+0	3,203125E+2	1,560401E+0	3,203125E+2	-2,283650E+0	3,203125E+2	2,027537E+0	3,203125E+2	-2,370076E+0
3,218750E+2	4,746751E-1	3,218750E+2	-1,995017E+0	3,218750E+2	4,107970E-1	3,218750E+2	-1,995368E+0	3,218750E+2	4,322941E-1	3,218750E+2	-1,966574E+0	3,218750E+2	5,864446E-1	3,218750E+2	-2,026893E+0	3,218750E+2	1,050094E+0	3,218750E+2	-2,173418E+0	3,218750E+2	1,515682E+0	3,218750E+2	-2,233469E+0	3,218750E+2	1,985212E+0	3,218750E+2	-2,302609E+0
3,234375E+2	4,725573E-1	3,234375E+2	-1,954302E+0	3,234375E+2	4,108184E-1	3,234375E+2	-1,956470E+0	3,234375E+2	4,421642E-1	3,234375E+2	-1,935967E+0	3,234375E+2	5,834204E-1	3,234375E+2	-2,008941E+0	3,234375E+2	1,098101E+0	3,234375E+2	-2,136694E+0	3,234375E+2	1,584443E+0	3,234375E+2	-2,156399E+0	3,234375E+2	2,038918E+0	3,234375E+2	-2,274276E+0
3,250000E+2	5,018716E-1	3,250000E+2	-1,892937E+0	3,250000E+2	3,601758E-1	3,250000E+2	-1,918375E+0	3,250000E+2	4,241732E-1	3,250000E+2	-1,916142E+0	3,250000E+2	5,680587E-1	3,250000E+2	-1,994912E+0	3,250000E+2	1,071463E+0	3,250000E+2	-2,100278E+0	3,250000E+2	1,530298E+0	3,250000E+2	-2,140869E+0	3,250000E+2	1,984827E+0	3,250000E+2	-2,323599E+0
3,265625E+2	4,367289E-1	3,265625E+2	-1,859956E+0	3,265625E+2	3,734842E-1	3,265625E+2	-1,874101E+0	3,265625E+2	4,176535E-1	3,265625E+2	-1,884626E+0	3,265625E+2	5,445757E-1	3,265625E+2	-1,961509E+0	3,265625E+2	1,105946E+0	3,265625E+2	-2,089230E+0	3,265625E+2	1,534732E+0	3,265625E+2	-2,133753E+0	3,265625E+2	2,029843E+0	3,265625E+2	-2,269973E+0
3,281250E+2	3,546375E-1	3,281250E+2	-1,817325E+0	3,281250E+2	3,756720E-1	3,281250E+2	-1,906829E+0	3,281250E+2	4,281417E-1	3,281250E+2	-1,901107E+0	3,281250E+2	5,516661E-1	3,281250E+2	-1,959542E+0	3,281250E+2	1,095616E+0	3,281250E+2	-2,099436E+0	3,281250E+2	1,550548E+0	3,281250E+2	-2,164860E+0	3,281250E+2	2,159204E+0	3,281250E+2	-2,277959E+0
3,296875E+2	4,045369E-1	3,296875E+2	-1,753460E+0	3,296875E+2	3,930629E-1	3,296875E+2	-1,868400E+0	3,296875E+2	4,168563E-1	3,296875E+2	-1,878150E+0	3,296875E+2	5,542322E-1	3,296875E+2	-1,922655E+0	3,296875E+2	1,103570E+0	3,296875E+2	-2,109370E+0	3,296875E+2	1,595076E+0	3,296875E+2	-2,171763E+0	3,296875E+2	2,135453E+0	3,296875E+2	-2,292711E+0
3,312500E+2	4,122733E-1	3,312500E+2	-1,783912E+0	3,312500E+2	4,143198E-1	3,312500E+2	-1,815846E+0	3,312500E+2	4,329336E-1	3,312500E+2	-1,831813E+0	3,312500E+2	5,763488E-1	3,312500E+2	-1,872850E+0	3,312500E+2	1,056806E+0	3,312500E+2	-2,018433E+0	3,312500E+2	1,551581E+0	3,312500E+2	-2,072592E+0	3,312500E+2	2,034860E+0	3,312500E+2	-2,213546E+0
3,328125E+2	4,862372E-1	3,328125E+2	-1,869543E+0	3,328125E+2	4,181162E-1	3,328125E+2	-1,794070E+0	3,328125E+2	4,246242E-1	3,328125E+2	-1,820102E+0	3,328125E+2	5,769786E-1	3,328125E+2	-1,878625E+0	3,328125E+2	1,084503E+0	3,328125E+2	-2,017623E+0	3,328125E+2	1,545474E+0	3,328125E+2	-2,056561E+0	3,328125E+2	2,078690E+0	3,328125E+2	-2,201650E+0
3,343750E+2	4,472149E-1	3,343750E+2	-1,932136E+0	3,343750E+2	3,928566E-1	3,343750E+2	-1,788398E+0	3,343750E+2	3,963934E-1	3,343750E+2	-1,802055E+0	3,343750E+2	5,634117E-1	3,343750E+2	-1,855927E+0	3,343750E+2	1,075107E+0	3,343750E+2	-2,017485E+0	3,343750E+2	1,495209E+0	3,343750E+2	-2,072655E+0	3,343750E+2	2,045963E+0	3,343750E+2	-2,187699E+0
3,359375E+2	4,345616E-1	3,359375E+2	-1,812819E+0	3,359375E+2	4,239309E-1	3,359375E+2	-1,727826E+0	3,359375E+2	4,403441E-1	3,359375E+2	-1,751201E+0	3,359375E+2	6,008360E-1	3,359375E+2	-1,803041E+0	3,359375E+2	1,112980E+0	3,359375E+2	-1,961312E+0	3,359375E+2	1,521785E+0	3,359375E+2	-2,031231E+0	3,359375E+2	2,043461E+0	3,359375E+2	-2,149133E+0
3,375000E+2	4,700996E-1	3,375000E+2	-1,704206E+0	3,375000E+2	4,643263E-1	3,375000E+2	-1,717997E+0	3,375000E+2	4,615730E-1	3,375000E+2	-1,735389E+0	3,375000E+2	6,228795E-1	3,375000E+2	-1,784934E+0	3,375000E+2	1,107407E+0	3,375000E+2	-1,956085E+0	3,375000E+2	1,581115E+0	3,375000E+2	-2,005678E+0	3,375000E+2	2,093662E+0	3,375000E+2	-2,070426E+0
3,390625E+2	4,457905E-1	3,390625E+2	-1,696850E+0	3,390625E+2	4,454140E-1	3,390625E+2	-1,706424E+0	3,390625E+2	4,586691E-1	3,390625E+2	-1,717595E+0	3,390625E+2	6,036505E-1	3,390625E+2	-1,784132E+0	3,390625E+2	1,094311E+0	3,390625E+2	-1,905020E+0	3,390625E+2	1,592885E+0	3,390625E+2	-2,011308E+0	3,390625E+2	2,079538E+0	3,390625E+2	-1,980670E+0
3,406250E+2	4,305757E-1	3,406250E+2	-1,619118E+0	3,406250E+2	3,976153E-1	3,406250E+2	-1,676266E+0	3,406250E+2	4,232425E-1	3,406250E+2	-1,683566E+0	3,406250E+2	5,682462E-1	3,406250E+2	-1,778292E+0	3,406250E+2	1,075385E+0	3,406250E+2	-1,885817E+0	3,406250E+2	1,531095E+0	3,406250E+2	-2,000482E+0	3,406250E+2	2,079280E+0	3,406250E+2	-2,045289E+0
3,421875E+2	3,499155E-1	3,421875E+2	-1,593315E+0	3,421875E+2	3,750453E-1	3,421875E+2	-1,684745E+0	3,421875E+2	4,102081E-1	3,421875E+2	-1,688110E+0	3,421875E+2	5,659099E-1	3,421875E+2	-1,754904E+0	3,421875E+2	1,074268E+0	3,421875E+2	-1,889856E+0	3,421875E+2	1,523548E+0	3,421875E+2	-1,970106E+0	3,421875E+2	2,132744E+0	3,421875E+2	-2,059502E+0
3,437500E+2	3,823471E-1	3,437500E+2	-1,638585E+0	3,437500E+2	4,053918E-1	3,437500E+2	-1,621217E+0	3,437500E+2	4,501167E-1	3,437500E+2	-1,639893E+0	3,437500E+2	5,901500E-1	3,437500E+2	-1,727166E+0	3,437500E+2	1,083988E+0	3,437500E+2	-1,843034E+0	3,437500E+2	1,587612E+0	3,437500E+2	-1,883929E+0	3,437500E+2	2,195464E+0	3,437500E+2	-2,029764E+0
3,453125E+2	3,903446E-1	3,453125E+2	-1,637603E+0	3,453125E+2	4,432951E-1	3,453125E+2	-1,620472E+0	3,453125E+2	4,793149E-1	3,453125E+2	-1,635610E+0	3,453125E+2	6,151679E-1	3,453125E+2	-1,718948E+0	3,453125E+2	1,055670E+0	3,453125E+2	-1,842426E+0	3,453125E+2	1,576184E+0	3,453125E+2	-1,929052E+0	3,453125E+2	2,204377E+0	3,453125E+2	-1,890094E+0
3,468750E+2	3,905424E-1	3,468750E+2	-1,623563E+0	3,468750E+2	4,337836E-1	3,468750E+2	-1,633401E+0	3,468750E+2	4,489911E-1	3,468750E+2	-1,639144E+0	3,468750E+2	5,928153E-1	3,468750E+2	-1,708225E+0	3,468750E+2	1,045408E+0	3,468750E+2	-1,850985E+0	3,468750E+2	1,541919E+0	3,468750E+2	-1,894779E+0	3,468750E+2	2,087294E+0	3,468750E+2	-2,002233E+0
3,484375E+2	4,498385E-1	3,484375E+2	-1,629524E+0	3,484375E+2	4,373354E-1	3,484375E+2	-1,592231E+0	3,484375E+2	4,413622E-1	3,484375E+2	-1,612601E+0	3,484375E+2	6,114547E-1	3,484375E+2	-1,665506E+0	3,484375E+2	1,080985E+0	3,484375E+2	-1,780147E+0	3,484375E+2	1,599130E+0	3,484375E+2	-1,957169E+0	3,484375E+2	2,028279E+0	3,484375E+2	-2,075536E+0
3,500000E+2	4,475858E-1	3,500000E+2	-1,603385E+0	3,500000E+2	3,734611E-1	3,500000E+2	-1,524968E+0	3,500000E+2	4,066906E-1	3,500000E+2	-1,553449E+0	3,500000E+2	5,393958E-1	3,500000E+2	-1,607447E+0	3,500000E+2	1,059317E+0	3,500000E+2	-1,755261E+0	3,500000E+2	1,509173E+0	3,500000E+2	-1,989103E+0	3,500000E+2	1,931197E+0	3,500000E+2	-2,050410E+0
3,515625E+2	4,201194E-1	3,515625E+2	-1,569947E+0	3,515625E+2	3,885655E-1	3,515625E+2	-1,478392E+0	3,515625E+2	4,381900E-1	3,515625E+2	-1,518941E+0	3,515625E+2	5,674267E-1	3,515625E+2	-1,593898E+0	3,515625E+2	1,094134E+0	3,515625E+2	-1,735796E+0	3,515625E+2	1,540716E+0	3,515625E+2	-1,871580E+0	3,515625E+2	1,967029E+0	3,515625E+2	-1,927560E+0
3,531250E+2	4,003154E-1	3,531250E+2	-1,569215E+0	3,531250E+2	4,144768E-1	3,531250E+2	-1,509864E+0	3,531250E+2	4,581415E-1	3,531250E+2	-1,524845E+0	3,531250E+2	6,096535E-1	3,531250E+2	-1,602390E+0	3,531250E+2	1,126392E+0	3,531250E+2	-1,761788E+0	3,531250E+2	1,550195E+0	3,531250E+2	-1,797365E+0	3,531250E+2	2,125313E+0	3,531250E+2	-1,885299E+0
3,546875E+2	4,157935E-1	3,546875E+2	-1,564298E+0	3,546875E+2	4,271315E-1	3,546875E+2	-1,489822E+0	3,546875E+2	4,608965E-1	3,546875E+2	-1,487969E+0	3,546875E+2	6,274542E-1	3,546875E+2	-1,542453E+0	3,546875E+2	1,160928E+0	3,546875E+2	-1,710074E+0	3,546875E+2	1,608992E+0	3,546875E+2	-1,720318E+0	3,546875E+2	2,155596E+0	3,546875E+2	-1,844789E+0
3,562500E+2	4,609873E-1	3,562500E+2	-1,491526E+0	3,562500E+2	4,246433E-1	3,562500E+2	-1,485832E+0	3,562500E+2	4,383231E-1	3,562500E+2	-1,484104E+0	3,562500E+2	5,954932E-1	3,562500E+2	-1,541291E+0	3,562500E+2	1,128696E+0	3,562500E+2	-1,686324E+0	3,562500E+2	1,625942E+0	3,562500E+2	-1,793729E+0	3,562500E+2	2,090431E+0	3,562500E+2	-1,845693E+0
3,578125E+2	4,284633E-1	3,578125E+2	-1,462990E+0	3,578125E+2	4,263026E-1	3,578125E+2	-1,459571E+0	3,578125E+2	4,388490E-1	3,578125E+2	-1,458804E+0	3,578125E+2	5,795480E-1	3,578125E+2	-1,515048E+0	3,578125E+2	1,087021E+0	3,578125E+2	-1,647307E+0	3,578125E+2	1,612252E+0	3,578125E+2	-1,815877E+0	3,578125E+2	2,067784E+0	3,578125E+2	-1,934363E+0
3,593750E+2	4,058274E-1	3,593750E+2	-1,399362E+0	3,593750E+2	4,049157E-1	3,593750E+2	-1,449256E+0	3,593750E+2	4,403893E-1	3,593750E+2	-1,457505E+0	3,593750E+2	5,791408E-1	3,593750E+2	-1,532158E+0	3,593750E+2	1,087604E+0	3,593750E+2	-1,684720E+0	3,593750E+2	1,560936E+0	3,593750E+2	-1,782233E+0	3,593750E+2	2,208421E+0	3,593750E+2	-1,872727E+0
3,609375E+2	4,528079E-1	3,609375E+2	-1,406820E+0	3,609375E+2	4,116640E-1	3,609375E+2	-1,406023E+0	3,609375E+2	4,604538E-1	3,609375E+2	-1,411288E+0	3,609375E+2	6,121385E-1	3,609375E+2	-1,490210E+0	3,609375E+2	1,109675E+0	3,609375E+2	-1,657979E+0	3,609375E+2	1,569602E+0	3,609375E+2	-1,657273E+0	3,609375E+2	2,172907E+0	3,609375E+2	-1,837992E+0
3,625000E+2	4,213366E-1	3,625000E+2	-1,381285E+0	3,625000E+2	4,471123E-1	3,625000E+2	-1,350766E+0	3,625000E+2	4,619408E-1	3,625000E+2	-1,355673E+0	3,625000E+2	6,132212E-1	3,625000E+2	-1,412371E+0	3,625000E+2	1,123411E+0	3,625000E+2	-1,556271E+0	3,625000E+2	1,553622E+0	3,625000E+2	-1,588454E+0	3,625000E+2	2,118093E+0	3,625000E+2	-1,808238E+0
3,640625E+2	3,747430E-1	3,640625E+2	-1,305846E+0	3,640625E+2	4,234474E-1	3,640625E+2	-1,323420E+0	3,640625E+2	4,606780E-1	3,640625E+2	-1,349059E+0	3,640625E+2	6,175368E-1	3,640625E+2	-1,402486E+0	3,640625E+2	1,121780E+0	3,640625E+2	-1,529597E+0	3,640625E+2	1,587264E+0	3,640625E+2	-1,561167E+0	3,640625E+2	2,147283E+0	3,640625E+2	-1,782543E+0
3,656250E+2	4,406064E-1	3,656250E+2	-1,275680E+0	3,656250E+2	4,334162E-1	3,656250E+2	-1,318812E+0	3,656250E+2	4,490267E-1	3,656250E+2	-1,345030E+0	3,656250E+2	6,039355E-1	3,656250E+2	-1,405839E+0	3,656250E+2	1,104459E+0	3,656250E+2	-1,565657E+0	3,656250E+2	1,591301E+0	3,656250E+2	-1,642140E+0	3,656250E+2	2,165378E+0	3,656250E+2	-1,833398E+0
3,671875E+2	4,349250E-1	3,671875E+2	-1,303007E+0	3,671875E+2	4,400592E-1	3,671875E+2	-1,316797E+0	3,671875E+2	4,469164E-1	3,671875E+2	-1,323901E+0	3,671875E+2	5,911782E-1	3,671875E+2	-1,397956E+0	3,671875E+2	1,113466E+0	3,671875E+2	-1,560803E+0	3,671875E+2	1,642643E+0	3,671875E+2	-1,709733E+0	3,671875E+2	2,083664E+0	3,671875E+2	-1,801788E+0
3,687500E+2	4,217707E-1	3,687500E+2	-1,401826E+0	3,687500E+2	4,164233E-1	3,687500E+2	-1,307400E+0	3,687500E+2	4,344596E-1	3,687500E+2	-1,321644E+0	3,687500E+2	6,027597E-1	3,687500E+2	-1,392447E+0	3,687500E+2	1,150384E+0	3,687500E+2	-1,544837E+0	3,687500E+2	1,602612E+0	3,687500E+2	-1,686877E+0	3,687500E+2	2,092786E+0	3,687500E+2	-1,828406E+0
3,703125E+2	4,182053E-1	3,703125E+2	-1,330891E+0	3,703125E+2	4,289451E-1	3,703125E+2	-1,280333E+0	3,703125E+2	4,355095E-1	3,703125E+2	-1,293220E+0	3,703125E+2	5,911631E-1	3,703125E+2	-1,371130E+0	3,703125E+2	1,126808E+0	3,703125E+2	-1,485554E+0	3,703125E+2	1,574402E+0	3,703125E+2	-1,696632E+0	3,703125E+2	2,024405E+0	3,703125E+2	-1,849711E+0
3,718750E+2	4,000311E-1	3,718750E+2	-1,242018E+0	3,718750E+2	4,269981E-1	3,718750E+2	-1,257007E+0	3,718750E+2	4,570707E-1	3,718750E+2	-1,272711E+0	3,718750E+2	5,802176E-1	3,718750E+2	-1,342175E+0	3,718750E+2	1,144050E+0	3,718750E+2	-1,483744E+0	3,718750E+2	1,587756E+0	3,718750E+2	-1,671960E+0	3,718750E+2	2,008221E+0	3,718750E+2	-1,778782E+0
3,734375E+2	4,264977E-1	3,734375E+2	-1,274803E+0	3,734375E+2	4,031694E-1	3,734375E+2	-1,233799E+0	3,734375E+2	4,410193E-1	3,734375E+2	-1,251437E+0	3,734375E+2	5,756651E-1	3,734375E+2	-1,317661E+0	3,734375E+2	1,124931E+0	3,734375E+2	-1,510441E+0	3,734375E+2	1,526202E+0	3,734375E+2	-1,617537E+0	3,734375E+2	2,060704E+0	3,734375E+2	-1,766826E+0
3,750000E+2	4,161600E-1	3,750000E+2	-1,218066E+0	3,750000E+2	3,882312E-1	3,750000E+2	-1,196972E+0	3,750000E+2	4,451439E-1	3,750000E+2	-1,208775E+0	3,750000E+2	5,827101E-1	3,750000E+2	-1,275858E+0	3,750000E+2	1,065547E+0	3,750000E+2	-1,464991E+0	3,750000E+2	1,532110E+0	3,750000E+2	-1,587284E+0	3,750000E+2	2,045548E+0	3,750000E+2	-1,717668E+0
3,765625E+2	4,156623E-1	3,765625E+2	-1,192687E+0	3,765625E+2	4,016794E-1	3,765625E+2	-1,185643E+0	3,765625E+2	4,497250E-1	3,765625E+2	-1,190384E+0	3,765625E+2	5,944428E-1	3,765625E+2	-1,258077E+0	3,765625E+2	1,100901E+0	3,765625E+2	-1,446897E+0	3,765625E+2	1,545626E+0	3,765625E+2	-1,569428E+0	3,765625E+2	2,056449E+0	3,765625E+2	-1,668431E+0
3,781250E+2	4,187812E-1	3,781250E+2	-1,173844E+0	3,781250E+2	4,246635E-1	3,781250E+2	-1,167775E+0	3,781250E+2	4,508310E-1	3,781250E+2	-1,190534E+0	3,781250E+2	5,893596E-1	3,781250E+2	-1,245528E+0	3,781250E+2	1,147355E+0	3,781250E+2	-1,416410E+0	3,781250E+2	1,634395E+0	3,781250E+2	-1,526798E+0	3,781250E+2	2,101231E+0	3,781250E+2	-1,753317E+0
3,796875E+2	4,178104E-1	3,796875E+2	-1,154046E+0	3,796875E+2	4,125134E-1	3,796875E+2	-1,164068E+0	3,796875E+2	4,440811E-1	3,796875E+2	-1,175171E+0	3,796875E+2	5,924592E-1	3,796875E+2	-1,224182E+0	3,796875E+2	1,136181E+0	3,796875E+2	-1,353426E+0	3,796875E+2	1,664797E+0	3,796875E+2	-1,535968E+0	3,796875E+2	2,145638E+0	3,796875E+2	-1,783101E+0
3,812500E+2	4,373301E-1	3,812500E+2	-1,159808E+0	3,812500E+2	4,136446E-1	3,812500E+2	-1,129166E+0	3,812500E+2	4,432237E-1	3,812500E+2	-1,136985E+0	3,812500E+2	5,930748E-1	3,812500E+2	-1,199612E+0	3,812500E+2	1,103017E+0	3,812500E+2	-1,332792E+0	3,812500E+2	1,615888E+0	3,812500E+2	-1,469545E+0	3,812500E+2	2,111422E+0	3,812500E+2	-1,623407E+0
3,828125E+2	4,475312E-1	3,828125E+2	-1,158380E+0	3,828125E+2	4,262900E-1	3,828125E+2	-1,133885E+0	3,828125E+2	4,599894E-1	3,828125E+2	-1,118772E+0	3,828125E+2	6,118900E-1	3,828125E+2	-1,184009E+0	3,828125E+2	1,105879E+0	3,828125E+2	-1,353791E+0	3,828125E+2	1,638968E+0	3,828125E+2	-1,467056E+0	3,828125E+2	2,063305E+0	3,828125E+2	-1,591771E+0
3,843750E+2	4,116038E-1	3,843750E+2	-1,108223E+0	3,843750E+2	4,081042E-1	3,843750E+2	-1,091098E+0	3,843750E+2	4,406894E-1	3,843750E+2	-1,106494E+0	3,843750E+2	5,847836E-1	3,843750E+2	-1,179558E+0	3,843750E+2	1,119952E+0	3,843750E+2	-1,345947E+0	3,843750E+2	1,582783E+0	3,843750E+2	-1,454936E+0	3,843750E+2	2,055189E+0	3,843750E+2	-1,689447E+0
3,859375E+2	3,811787E-1	3,859375E+2	-1,085696E+0	3,859375E+2	4,112652E-1	3,859375E+2	-1,073596E+0	3,859375E+2	4,328942E-1	3,859375E+2	-1,089622E+0	3,859375E+2	5,791187E-1	3,859375E+2	-1,175915E+0	3,859375E+2	1,109540E+0	3,859375E+2	-1,369747E+0	3,859375E+2	1,617602E+0	3,859375E+2	-1,432520E+0	3,859375E+2	2,124684E+0	3,859375E+2	-1,672183E+0
3,875000E+2	3,957229E-1	3,875000E+2	-1,086158E+0	3,875000E+2	4,233556E-1	3,875000E+2	-1,050369E+0	3,875000E+2	4,494361E-1	3,875000E+2	-1,057513E+0	3,875000E+2	6,017781E-1	3,875000E+2	-1,135396E+0	3,875000E+2	1,068281E+0	3,875000E+2	-1,341244E+0	3,875000E+2	1,648605E+0	3,875000E+2	-1,374549E+0	3,875000E+2	2,164123E+0	3,875000E+2	-1,559965E+0
3,890625E+2	4,005909E-1	3,890625E+2	-1,078502E+0	3,890625E+2	4,302402E-1	3,890625E+2	-1,032514E+0	3,890625E+2	4,512354E-1	3,890625E+2	-1,048310E+0	3,890625E+2	6,100007E-1	3,890625E+2	-1,126807E+0	3,890625E+2	1,095856E+0	3,890625E+2	-1,295759E+0	3,890625E+2	1,624334E+0	3,890625E+2	-1,377240E+0	3,890625E+2	2,197074E+0	3,890625E+2	-1,576524E+0
3,906250E+2	4,259522E-1	3,906250E+2	-1,011962E+0	3,906250E+2	4,154949E-1	3,906250E+2	-1,012972E+0	3,906250E+2	4,387975E-1	3,906250E+2	-1,024349E+0	3,906250E+2	5,874435E-1	3,906250E+2	-1,103965E+0	3,906250E+2	1,089339E+0	3,906250E+2	-1,277463E+0	3,906250E+2	1,532692E+0	3,906250E+2	-1,405489E+0	3,906250E+2	2,193953E+0	3,906250E+2	-1,603493E+0
3,921875E+2	4,251244E-1	3,921875E+2	-9,605962E-1	3,921875E+2	4,141466E-1	3,921875E+2	-1,004462E+0	3,921875E+2	4,355383E-1	3,921875E+2	-1,000968E+0	3,921875E+2	5,940785E-1	3,921875E+2	-1,093706E+0	3,921875E+2	1,108129E+0	3,921875E+2	-1,324829E+0	3,921875E+2	1,619511E+0	3,921875E+2	-1,388190E+0	3,921875E+2	2,104980E+0	3,921875E+2	-1,693481E+0
3,937500E+2	4,002225E-1	3,937500E+2	-9,634886E-1	3,937500E+2	4,132070E-1	3,937500E+2	-9,916916E-1	3,937500E+2	4,366854E-1	3,937500E+2	-9,907125E-1	3,937500E+2	5,867893E-1	3,937500E+2	-1,068979E+0	3,937500E+2	1,111590E+0	3,937500E+2	-1,305804E+0	3,937500E+2	1,624389E+0	3,937500E+2	-1,387603E+0	3,937500E+2	2,131809E+0	3,937500E+2	-1,658089E+0
3,953125E+2	4,229636E-1	3,953125E+2	-9,678497E-1	3,953125E+2	4,216505E-1	3,953125E+2	-9,629241E-1	3,953125E+2	4,479733E-1	3,953125E+2	-9,821487E-1	3,953125E+2	5,826895E-1	3,953125E+2	-1,057156E+0	3,953125E+2	1,117242E+0	3,953125E+2	-1,245169E+0	3,953125E+2	1,614451E+0	3,953125E+2	-1,358542E+0	3,953125E+2	2,150561E+0	3,953125E+2	-1,608667E+0
3,968750E+2	4,180220E-1	3,968750E+2	-9,464950E-1	3,968750E+2	4,292260E-1	3,968750E+2	-9,520280E-1	3,968750E+2	4,565134E-1	3,968750E+2	-9,564629E-1	3,968750E+2	6,106862E-1	3,968750E+2	-1,033809E+0	3,968750E+2	1,129838E+0	3,968750E+2	-1,218431E+0	3,968750E+2	1,618143E+0	3,968750E+2	-1,375407E+0	3,968750E+2	2,238261E+0	3,968750E+2	-1,600593E+0
3,984375E+2	3,977236E-1	3,984375E+2	-9,253532E-1	3,984375E+2	4,272788E-1	3,984375E+2	-9,320130E-1	3,984375E+2	4,602661E-1	3,984375E+2	-9,373479E-1	3,984375E+2	6,205607E-1	3,984375E+2	-1,012616E+0	3,984375E+2	1,156022E+0	3,984375E+2	-1,206904E+0	3,984375E+2	1,587224E+0	3,984375E+2	-1,365770E+0	3,984375E+2	2,213784E+0	3,984375E+2	-1,526913E+0
4,000000E+2	4,035471E-1	4,000000E+2	-9,185885E-1	4,000000E+2	4,246568E-1	4,000000E+2	-9,054888E-1	4,000000E+2	4,630100E-1	4,000000E+2	-9,260131E-1	4,000000E+2	6,229437E-1	4,000000E+2	-1,007537E+0	4,000000E+2	1,157336E+0	4,000000E+2	-1,196057E+0	4,000000E+2	1,618904E+0	4,000000E+2	-1,354457E+0	4,000000E+2	2,215236E+0	4,000000E+2	-1,462708E+0
4,015625E+2	3,984402E-1	4,015625E+2	-8,631228E-1	4,015625E+2	4,155448E-1	4,015625E+2	-8,728924E-1	4,015625E+2	4,330824E-1	4,015625E+2	-8,823909E-1	4,015625E+2	5,934041E-1	4,015625E+2	-9,662529E-1	4,015625E+2	1,106330E+0	4,015625E+2	-1,179910E+0	4,015625E+2	1,563281E+0	4,015625E+2	-1,326813E+0	4,015625E+2	2,110292E+0	4,015625E+2	-1,491918E+0
4,031250E+2	3,957251E-1	4,031250E+2	-8,545998E-1	4,031250E+2	4,109382E-1	4,031250E+2	-8,633730E-1	4,031250E+2	4,358218E-1	4,031250E+2	-8,651858E-1	4,031250E+2	5,781375E-1	4,031250E+2	-9,521473E-1	4,031250E+2	1,125556E+0	4,031250E+2	-1,151279E+0	4,031250E+2	1,587440E+0	4,031250E+2	-1,323017E+0	4,031250E+2	2,059425E+0	4,031250E+2	-1,549910E+0
4,046875E+2	4,304600E-1	4,046875E+2	-8,497851E-1	4,046875E+2	4,167792E-1	4,046875E+2	-8,533552E-1	4,046875E+2	4,528913E-1	4,046875E+2	-8,654593E-1	4,046875E+2	6,003085E-1	4,046875E+2	-9,378862E-1	4,046875E+2	1,141224E+0	4,046875E+2	-1,171044E+0	4,046875E+2	1,664458E+0	4,046875E+2	-1,316265E+0	4,046875E+2	2,171541E+0	4,046875E+2	-1,526799E+0
4,062500E+2	4,438190E-1	4,062500E+2	-8,328124E-1	4,062500E+2	4,247065E-1	4,062500E+2	-8,229946E-1	4,062500E+2	4,604716E-1	4,062500E+2	-8,365717E-1	4,062500E+2	6,202951E-1	4,062500E+2	-9,227776E-1	4,062500E+2	1,158336E+0	4,062500E+2	-1,129841E+0	4,062500E+2	1,630151E+0	4,062500E+2	-1,269920E+0	4,062500E+2	2,156854E+0	4,062500E+2	-1,442841E+0
4,078125E+2	4,459486E-1	4,078125E+2	-8,196730E-1	4,078125E+2	4,197296E-1	4,078125E+2	-8,152110E-1	4,078125E+2	4,478085E-1	4,078125E+2	-8,214695E-1	4,078125E+2	5,961825E-1	4,078125E+2	-9,087070E-1	4,078125E+2	1,143900E+0	4,078125E+2	-1,140805E+0	4,078125E+2	1,559483E+0	4,078125E+2	-1,287243E+0	4,078125E+2	2,092008E+0	4,078125E+2	-1,484853E+0
4,093750E+2	4,418767E-1	4,093750E+2	-7,865167E-1	4,093750E+2	4,268358E-1	4,093750E+2	-7,898730E-1	4,093750E+2	4,551776E-1	4,093750E+2	-7,994344E-1	4,093750E+2	5,935019E-1	4,093750E+2	-8,790797E-1	4,093750E+2	1,132735E+0	4,093750E+2	-1,097628E+0	4,093750E+2	1,547998E+0	4,093750E+2	-1,256644E+0	4,093750E+2	2,143943E+0	4,093750E+2	-1,452875E+0
4,109375E+2	4,329492E-1	4,109375E+2	-7,587026E-1	4,109375E+2	4,326893E-1	4,109375E+2	-7,766676E-1	4,109375E+2	4,617333E-1	4,109375E+2	-7,817072E-1	4,109375E+2	6,038073E-1	4,109375E+2	-8,567466E-1	4,109375E+2	1,130458E+0	4,109375E+2	-1,062752E+0	4,109375E+2	1,593447E+0	4,109375E+2	-1,201817E+0	4,109375E+2	2,077081E+0	4,109375E+2	-1,370712E+0
4,125000E+2	4,382949E-1	4,125000E+2	-7,424081E-1	4,125000E+2	4,423908E-1	4,125000E+2	-7,551896E-1	4,125000E+2	4,700192E-1	4,125000E+2	-7,522546E-1	4,125000E+2	6,223161E-1	4,125000E+2	-8,229859E-1	4,125000E+2	1,155086E+0	4,125000E+2	-1,030279E+0	4,125000E+2	1,635567E+0	4,125000E+2	-1,167039E+0	4,125000E+2	2,128115E+0	4,125000E+2	-1,346017E+0
4,140625E+2	4,370138E-1	4,140625E+2	-7,287358E-1	4,140625E+2	4,441320E-1	4,140625E+2	-7,166754E-1	4,140625E+2	4,640610E-1	4,140625E+2	-7,295531E-1	4,140625E+2	6,236374E-1	4,140625E+2	-8,056576E-1	4,140625E+2	1,170313E+0	4,140625E+2	-1,001782E+0	4,140625E+2	1,651894E+0	4,140625E+2	-1,174828E+0	4,140625E+2	2,129815E+0	4,140625E+2	-1,341835E+0
4,156250E+2	4,472764E-1	4,156250E+2	-7,082155E-1	4,156250E+2	4,497263E-1	4,156250E+2	-6,989168E-1	4,156250E+2	4,676531E-1	4,156250E+2	-7,131997E-1	4,156250E+2	6,159967E-1	4,156250E+2	-7,992244E-1	4,156250E+2	1,141220E+0	4,156250E+2	-1,010140E+0	4,156250E+2	1,634009E+0	4,156250E+2	-1,140155E+0	4,156250E+2	2,148733E+0	4,156250E+2	-1,358424E+0
4,171875E+2	4,469377E-1	4,171875E+2	-7,003396E-1	4,171875E+2	4,516655E-1	4,171875E+2	-6,845255E-1	4,171875E+2	4,656254E-1	4,171875E+2	-6,977981E-1	4,171875E+2	6,195094E-1	4,171875E+2	-7,877602E-1	4,171875E+2	1,171768E+0	4,171875E+2	-1,023158E+0	4,171875E+2	1,657904E+0	4,171875E+2	-1,161430E+0	4,171875E+2	2,165099E+0	4,171875E+2	-1,370021E+0
4,187500E+2	4,355667E-1	4,187500E+2	-6,423742E-1	4,187500E+2	4,445654E-1	4,187500E+2	-6,648750E-1	4,187500E+2	4,724986E-1	4,187500E+2	-6,784305E-1	4,187500E+2	6,263774E-1	4,187500E+2	-7,633782E-1	4,187500E+2	1,135565E+0	4,187500E+2	-9,981924E-1	4,187500E+2	1,608322E+0	4,187500E+2	-1,131698E+0	4,187500E+2	2,112592E+0	4,187500E+2	-1,342507E+0
4,203125E+2	4,409418E-1	4,203125E+2	-6,476620E-1	4,203125E+2	4,484960E-1	4,203125E+2	-6,506144E-1	4,203125E+2	4,723262E-1	4,203125E+2	-6,566377E-1	4,203125E+2	6,113967E-1	4,203125E+2	-7,464175E-1	4,203125E+2	1,139252E+0	4,203125E+2	-9,421963E-1	4,203125E+2	1,620169E+0	4,203125E+2	-1,089551E+0	4,203125E+2	2,116018E+0	4,203125E+2	-1,256876E+0
4,218750E+2	4,450163E-1	4,218750E+2	-6,451607E-1	4,218750E+2	4,525323E-1	4,218750E+2	-6,238544E-1	4,218750E+2	4,725954E-1	4,218750E+2	-6,334877E-1	4,218750E+2	6,170176E-1	4,218750E+2	-7,145299E-1	4,218750E+2	1,143239E+0	4,218750E+2	-9,235168E-1	4,218750E+2	1,665706E+0	4,218750E+2	-1,101688E+0	4,218750E+2	2,084171E+0	4,218750E+2	-1,244066E+0
4,234375E+2	4,560234E-1	4,234375E+2	-6,225388E-1	4,234375E+2	4,497181E-1	4,234375E+2	-6,098955E-1	4,234375E+2	4,787480E-1	4,234375E+2	-6,213201E-1	4,234375E+2	6,283389E-1	4,234375E+2	-7,066943E-1	4,234375E+2	1,150213E+0	4,234375E+2	-9,428561E-1	4,234375E+2	1,612828E+0	4,234375E+2	-1,114184E+0	4,234375E+2	2,106612E+0	4,234375E+2	-1,310899E+0
4,250000E+2	4,504263E-1	4,250000E+2	-5,988701E-1	4,250000E+2	4,530089E-1	4,250000E+2	-5,886083E-1	4,250000E+2	4,810351E-1	4,250000E+2	-5,987497E-1	4,250000E+2	6,309019E-1	4,250000E+2	-6,817555E-1	4,250000E+2	1,128062E+0	4,250000E+2	-9,199010E-1	4,250000E+2	1,620758E+0	4,250000E+2	-1,068272E+0	4,250000E+2	2,143431E+0	4,250000E+2	-1,298593E+0
4,265625E+2	4,450319E-1	4,265625E+2	-5,817166E-1	4,265625E+2	4,523878E-1	4,265625E+2	-5,759548E-1	4,265625E+2	4,780942E-1	4,265625E+2	-5,833528E-1	4,265625E+2	6,257669E-1	4,265625E+2	-6,742321E-1	4,265625E+2	1,158972E+0	4,265625E+2	-9,018086E-1	4,265625E+2	1,654809E+0	4,265625E+2	-1,097664E+0	4,265625E+2	2,141439E+0	4,265625E+2	-1,338259E+0
4,281250E+2	4,625038E-1	4,281250E+2	-5,567832E-1	4,281250E+2	4,563804E-1	4,281250E+2	-5,518779E-1	4,281250E+2	4,828135E-1	4,281250E+2	-5,612323E-1	4,281250E+2	6,372524E-1	4,281250E+2	-6,487776E-1	4,281250E+2	1,185395E+0	4,281250E+2	-8,600093E-1	4,281250E+2	1,634736E+0	4,281250E+2	-1,078045E+0	4,281250E+2	2,148755E+0	4,281250E+2	-1,268021E+0
4,296875E+2	4,572993E-1	4,296875E+2	-5,248994E-1	4,296875E+2	4,553084E-1	4,296875E+2	-5,382612E-1	4,296875E+2	4,817718E-1	4,296875E+2	-5,492557E-1	4,296875E+2	6,312731E-1	4,296875E+2	-6,349689E-1	4,296875E+2	1,179062E+0	4,296875E+2	-8,440162E-1	4,296875E+2	1,655873E+0	4,296875E+2	-1,092693E+0	4,296875E+2	2,115774E+0	4,296875E+2	-1,256310E+0
4,312500E+2	4,477074E-1	4,312500E+2	-5,050998E-1	4,312500E+2	4,565590E-1	4,312500E+2	-5,205829E-1	4,312500E+2	4,876292E-1	4,312500E+2	-5,322682E-1	4,312500E+2	6,430957E-1	4,312500E+2	-6,199917E-1	4,312500E+2	1,167582E+0	4,312500E+2	-8,204237E-1	4,312500E+2	1,604738E+0	4,312500E+2	-1,055870E+0	4,312500E+2	2,129087E+0	4,312500E+2	-1,266182E+0
4,328125E+2	4,623257E-1	4,328125E+2	-4,905070E-1	4,328125E+2	4,596212E-1	4,328125E+2	-4,990509E-1	4,328125E+2	4,926267E-1	4,328125E+2	-5,075964E-1	4,328125E+2	6,417176E-1	4,328125E+2	-5,977240E-1	4,328125E+2	1,175492E+0	4,328125E+2	-8,170034E-1	4,328125E+2	1,592116E+0	4,328125E+2	-1,028371E+0	4,328125E+2	2,138571E+0	4,328125E+2	-1,201626E+0
4,343750E+2	4,617751E-1	4,343750E+2	-4,776947E-1	4,343750E+2	4,682739E-1	4,343750E+2	-4,795582E-1	4,343750E+2	4,922279E-1	4,343750E+2	-4,885708E-1	4,343750E+2	6,426256E-1	4,343750E+2	-5,730614E-1	4,343750E+2	1,160797E+0	4,343750E+2	-8,277891E-1	4,343750E+2	1,605079E+0	4,343750E+2	-9,838786E-1	4,343750E+2	2,136415E+0	4,343750E+2	-1,193044E+0
4,359375E+2	4,618234E-1	4,359375E+2	-4,693589E-1	4,359375E+2	4,592757E-1	4,359375E+2	-4,708607E-1	4,359375E+2	4,859082E-1	4,359375E+2	-4,794423E-1	4,359375E+2	6,292434E-1	4,359375E+2	-5,666770E-1	4,359375E+2	1,133728E+0	4,359375E+2	-8,434704E-1	4,359375E+2	1,623646E+0	4,359375E+2	-1,033587E+0	4,359375E+2	2,174063E+0	4,359375E+2	-1,261944E+0
4,375000E+2	4,591840E-1	4,375000E+2	-4,606404E-1	4,375000E+2	4,662939E-1	4,375000E+2	-4,533730E-1	4,375000E+2	4,941022E-1	4,375000E+2	-4,673775E-1	4,375000E+2	6,411381E-1	4,375000E+2	-5,568870E-1	4,375000E+2	1,167631E+0	4,375000E+2	-7,964317E-1	4,375000E+2	1,647906E+0	4,375000E+2	-1,026236E+0	4,375000E+2	2,206051E+0	4,375000E+2	-1,232147E+0
4,390625E+2	4,643249E-1	4,390625E+2	-4,445787E-1	4,390625E+2	4,703522E-1	4,390625E+2	-4,299227E-1	4,390625E+2	4,968323E-1	4,390625E+2	-4,374493E-1	4,390625E+2	6,418187E-1	4,390625E+2	-5,380801E-1	4,390625E+2	1,177228E+0	4,390625E+2	-7,588716E-1	4,390625E+2	1,640585E+0	4,390625E+2	-1,010167E+0	4,390625E+2	2,169303E+0	4,390625E+2	-1,202026E+0
4,406250E+2	4,688655E-1	4,406250E+2	-4,092608E-1	4,406250E+2	4,752360E-1	4,406250E+2	-4,090871E-1	4,406250E+2	4,998684E-1	4,406250E+2	-4,215886E-1	4,406250E+2	6,484613E-1	4,406250E+2	-5,108891E-1	4,406250E+2	1,173148E+0	4,406250E+2	-7,340858E-1	4,406250E+2	1,652983E+0	4,406250E+2	-9,396240E-1	4,406250E+2	2,154869E+0	4,406250E+2	-1,112672E+0
4,421875E+2	4,767111E-1	4,421875E+2	-3,899407E-1	4,421875E+2	4,827071E-1	4,421875E+2	-3,846945E-1	4,421875E+2	5,095153E-1	4,421875E+2	-3,971945E-1	4,421875E+2	6,546623E-1	4,421875E+2	-4,841610E-1	4,421875E+2	1,186301E+0	4,421875E+2	-7,346845E-1	4,421875E+2	1,682135E+0	4,421875E+2	-8,958798E-1	4,421875E+2	2,178703E+0	4,421875E+2	-1,098529E+0
4,437500E+2	4,863844E-1	4,437500E+2	-3,771627E-1	4,437500E+2	4,886356E-1	4,437500E+2	-3,735210E-1	4,437500E+2	5,177351E-1	4,437500E+2	-3,885416E-1	4,437500E+2	6,686042E-1	4,437500E+2	-4,798999E-1	4,437500E+2	1,203107E+0	4,437500E+2	-7,228669E-1	4,437500E+2	1,710972E+0	4,437500E+2	-8,877782E-1	4,437500E+2	2,239053E+0	4,437500E+2	-1,096396E+0
4,453125E+2	4,819225E-1	4,453125E+2	-3,652331E-1	4,453125E+2	4,901426E-1	4,453125E+2	-3,608971E-1	4,453125E+2	5,175276E-1	4,453125E+2	-3,729989E-1	4,453125E+2	6,674631E-1	4,453125E+2	-4,661128E-1	4,453125E+2	1,192947E+0	4,453125E+2	-6,976299E-1	4,453125E+2	1,688815E+0	4,453125E+2	-9,136483E-1	4,453125E+2	2,260859E+0	4,453125E+2	-1,065834E+0
4,468750E+2	4,809005E-1	4,468750E+2	-3,394749E-1	4,468750E+2	4,876639E-1	4,468750E+2	-3,469379E-1	4,468750E+2	5,131421E-1	4,468750E+2	-3,517602E-1	4,468750E+2	6,600636E-1	4,468750E+2	-4,500440E-1	4,468750E+2	1,190016E+0	4,468750E+2	-6,928018E-1	4,468750E+2	1,692618E+0	4,468750E+2	-9,373631E-1	4,468750E+2	2,221338E+0	4,468750E+2	-1,186601E+0
4,484375E+2	4,890547E-1	4,484375E+2	-3,125522E-1	4,484375E+2	4,940673E-1	4,484375E+2	-3,187384E-1	4,484375E+2	5,165920E-1	4,484375E+2	-3,333076E-1	4,484375E+2	6,700325E-1	4,484375E+2	-4,251747E-1	4,484375E+2	1,208504E+0	4,484375E+2	-6,549569E-1	4,484375E+2	1,695986E+0	4,484375E+2	-8,786313E-1	4,484375E+2	2,210328E+0	4,484375E+2	-1,102974E+0
4,500000E+2	4,904287E-1	4,500000E+2	-2,957614E-1	4,500000E+2	4,939497E-1	4,500000E+2	-2,992831E-1	4,500000E+2	5,145587E-1	4,500000E+2	-3,092089E-1	4,500000E+2	6,681663E-1	4,500000E+2	-3,983497E-1	4,500000E+2	1,205743E+0	4,500000E+2	-6,353506E-1	4,500000E+2	1,684515E+0	4,500000E+2	-8,376801E-1	4,500000E+2	2,123627E+0	4,500000E+2	-1,080589E+0
4,515625E+2	4,809965E-1	4,515625E+2	-2,918165E-1	4,515625E+2	4,885491E-1	4,515625E+2	-2,876770E-1	4,515625E+2	5,134718E-1	4,515625E+2	-3,004955E-1	4,515625E+2	6,629352E-1	4,515625E+2	-3,940540E-1	4,515625E+2	1,206638E+0	4,515625E+2	-6,571850E-1	4,515625E+2	1,681137E+0	4,515625E+2	-8,388441E-1	4,515625E+2	2,169424E+0	4,515625E+2	-1,148001E+0
4,531250E+2	4,938542E-1	4,531250E+2	-2,781661E-1	4,531250E+2	4,928020E-1	4,531250E+2	-2,680761E-1	4,531250E+2	5,176142E-1	4,531250E+2	-2,790435E-1	4,531250E+2	6,691378E-1	4,531250E+2	-3,819985E-1	4,531250E+2	1,209103E+0	4,531250E+2	-6,413395E-1	4,531250E+2	1,710408E+0	4,531250E+2	-8,424750E-1	4,531250E+2	2,205928E+0	4,531250E+2	-1,097337E+0
4,546875E+2	5,038663E-1	4,546875E+2	-2,494904E-1	4,546875E+2	4,979995E-1	4,546875E+2	-2,467529E-1	4,546875E+2	5,235998E-1	4,546875E+2	-2,645961E-1	4,546875E+2	6,745689E-1	4,546875E+2	-3,539550E-1	4,546875E+2	1,196417E+0	4,546875E+2	-6,185378E-1	4,546875E+2	1,694625E+0	4,546875E+2	-8,245221E-1	4,546875E+2	2,199709E+0	4,546875E+2	-1,074182E+0
4,562500E+2	4,956988E-1	4,562500E+2	-2,329089E-1	4,562500E+2	5,002449E-1	4,562500E+2	-2,310931E-1	4,562500E+2	5,233316E-1	4,562500E+2	-2,463156E-1	4,562500E+2	6,696044E-1	4,562500E+2	-3,438311E-1	4,562500E+2	1,207675E+0	4,562500E+2	-6,029265E-1	4,562500E+2	1,691944E+0	4,562500E+2	-8,207327E-1	4,562500E+2	2,229510E+0	4,562500E+2	-1,060883E+0
4,578125E+2	4,968842E-1	4,578125E+2	-2,180700E-1	4,578125E+2	4,999913E-1	4,578125E+2	-2,099914E-1	4,578125E+2	5,285650E-1	4,578125E+2	-2,266865E-1	4,578125E+2	6,768594E-1	4,578125E+2	-3,165561E-1	4,578125E+2	1,246694E+0	4,578125E+2	-5,708591E-1	4,578125E+2	1,718102E+0	4,578125E+2	-7,793670E-1	4,578125E+2	2,202937E+0	4,578125E+2	-1,032340E+0
4,593750E+2	5,017856E-1	4,593750E+2	-1,910957E-1	4,593750E+2	5,031402E-1	4,593750E+2	-1,982373E-1	4,593750E+2	5,349281E-1	4,593750E+2	-2,096797E-1	4,593750E+2	6,808715E-1	4,593750E+2	-2,959831E-1	4,593750E+2	1,228660E+0	4,593750E+2	-5,699835E-1	4,593750E+2	1,714788E+0	4,593750E+2	-7,938205E-1	4,593750E+2	2,214458E+0	4,593750E+2	-1,098516E+0
4,609375E+2	5,060853E-1	4,609375E+2	-1,728856E-1	4,609375E+2	5,060616E-1	4,609375E+2	-1,763543E-1	4,609375E+2	5,333317E-1	4,609375E+2	-1,907306E-1	4,609375E+2	6,866852E-1	4,609375E+2	-2,779889E-1	4,609375E+2	1,227074E+0	4,609375E+2	-5,460380E-1	4,609375E+2	1,672791E+0	4,609375E+2	-7,597559E-1	4,609375E+2	2,239963E+0	4,609375E+2	-1,013234E+0
4,625000E+2	5,086505E-1	4,625000E+2	-1,506675E-1	4,625000E+2	5,050786E-1	4,625000E+2	-1,605957E-1	4,625000E+2	5,351113E-1	4,625000E+2	-1,722043E-1	4,625000E+2	6,859292E-1	4,625000E+2	-2,650899E-1	4,625000E+2	1,202986E+0	4,625000E+2	-5,218861E-1	4,625000E+2	1,696033E+0	4,625000E+2	-7,433774E-1	4,625000E+2	2,193781E+0	4,625000E+2	-1,024633E+0
4,640625E+2	5,089482E-1	4,640625E+2	-1,338536E-1	4,640625E+2	5,113803E-1	4,640625E+2	-1,436095E-1	4,640625E+2	5,369045E-1	4,640625E+2	-1,500118E-1	4,640625E+2	6,871390E-1	4,640625E+2	-2,494771E-1	4,640625E+2	1,209535E+0	4,640625E+2	-5,036583E-1	4,640625E+2	1,703631E+0	4,640625E+2	-7,204291E-1	4,640625E+2	2,264765E+0	4,640625E+2	-9,724456E-1
4,656250E+2	5,066589E-1	4,656250E+2	-1,221951E-1	4,656250E+2	5,148427E-1	4,656250E+2	-1,240688E-1	4,656250E+2	5,394406E-1	4,656250E+2	-1,371366E-1	4,656250E+2	6,956823E-1	4,656250E+2	-2,345624E-1	4,656250E+2	1,239303E+0	4,656250E+2	-5,047641E-1	4,656250E+2	1,716209E+0	4,656250E+2	-7,271361E-1	4,656250E+2	2,287115E+0	4,656250E+2	-9,543716E-1
4,671875E+2	5,103467E-1	4,671875E+2	-1,049179E-1	4,671875E+2	5,158223E-1	4,671875E+2	-1,091201E-1	4,671875E+2	5,448635E-1	4,671875E+2	-1,181434E-1	4,671875E+2	7,037941E-1	4,671875E+2	-2,230391E-1	4,671875E+2	1,252072E+0	4,671875E+2	-5,263545E-1	4,671875E+2	1,719292E+0	4,671875E+2	-6,910352E-1	4,671875E+2	2,271146E+0	4,671875E+2	-1,019526E+0
4,687500E+2	5,091573E-1	4,687500E+2	-9,042223E-2	4,687500E+2	5,189696E-1	4,687500E+2	-9,261571E-2	4,687500E+2	5,465797E-1	4,687500E+2	-1,052427E-1	4,687500E+2	7,080822E-1	4,687500E+2	-1,988068E-1	4,687500E+2	1,235428E+0	4,687500E+2	-5,004090E-1	4,687500E+2	1,723799E+0	4,687500E+2	-7,143806E-1	4,687500E+2	2,266532E+0	4,687500E+2	-9,872551E-1
4,703125E+2	5,021836E-1	4,703125E+2	-7,243844E-2	4,703125E+2	5,215475E-1	4,703125E+2	-7,408248E-2	4,703125E+2	5,506389E-1	4,703125E+2	-8,855315E-2	4,703125E+2	7,070496E-1	4,703125E+2	-1,774025E-1	4,703125E+2	1,209579E+0	4,703125E+2	-4,916007E-1	4,703125E+2	1,738450E+0	4,703125E+2	-7,224370E-1	4,703125E+2	2,273297E+0	4,703125E+2	-9,804068E-1
4,718750E+2	5,193812E-1	4,718750E+2	-4,361542E-2	4,718750E+2	5,252935E-1	4,718750E+2	-5,256174E-2	4,718750E+2	5,541877E-1	4,718750E+2	-6,798644E-2	4,718750E+2	7,245073E-1	4,718750E+2	-1,653510E-1	4,718750E+2	1,250769E+0	4,718750E+2	-4,659392E-1	4,718750E+2	1,770846E+0	4,718750E+2	-6,769517E-1	4,718750E+2	2,323433E+0	4,718750E+2	-9,043386E-1
4,734375E+2	5,286756E-1	4,734375E+2	-2,167908E-2	4,734375E+2	5,317492E-1	4,734375E+2	-3,442967E-2	4,734375E+2	5,565597E-1	4,734375E+2	-4,624953E-2	4,734375E+2	7,213063E-1	4,734375E+2	-1,459817E-1	4,734375E+2	1,305292E+0	4,734375E+2	-4,422525E-1	4,734375E+2	1,804998E+0	4,734375E+2	-6,432753E-1	4,734375E+2	2,369077E+0	4,734375E+2	-8,817892E-1
4,750000E+2	5,247824E-1	4,750000E+2	-1,139681E-2	4,750000E+2	5,305290E-1	4,750000E+2	-1,367606E-2	4,750000E+2	5,564942E-1	4,750000E+2	-2,679794E-2	4,750000E+2	7,144837E-1	4,750000E+2	-1,280972E-1	4,750000E+2	1,263763E+0	4,750000E+2	-4,102948E-1	4,750000E+2	1,767636E+0	4,750000E+2	-6,207936E-1	4,750000E+2	2,265550E+0	4,750000E+2	-8,513013E-1
4,765625E+2	5,325739E-1	4,765625E+2	-4,787350E-3	4,765625E+2	5,316553E-1	4,765625E+2	1,296043E-3	4,765625E+2	5,609012E-1	4,765625E+2	-1,240512E-2	4,765625E+2	7,191698E-1	4,765625E+2	-1,169788E-1	4,765625E+2	1,254160E+0	4,765625E+2	-4,042212E-1	4,765625E+2	1,775401E+0	4,765625E+2	-5,913247E-1	4,765625E+2	2,258393E+0	4,765625E+2	-8,746816E-1
4,781250E+2	5,309012E-1	4,781250E+2	2,218142E-2	4,781250E+2	5,322587E-1	4,781250E+2	1,889876E-2	4,781250E+2	5,631042E-1	4,781250E+2	6,200470E-3	4,781250E+2	7,174597E-1	4,781250E+2	-8,475277E-2	4,781250E+2	1,233531E+0	4,781250E+2	-3,658243E-1	4,781250E+2	1,732687E+0	4,781250E+2	-5,832390E-1	4,781250E+2	2,232740E+0	4,781250E+2	-8,326700E-1
4,796875E+2	5,332136E-1	4,796875E+2	3,844537E-2	4,796875E+2	5,354481E-1	4,796875E+2	3,985849E-2	4,796875E+2	5,674897E-1	4,796875E+2	2,285049E-2	4,796875E+2	7,202008E-1	4,796875E+2	-7,831227E-2	4,796875E+2	1,246673E+0	4,796875E+2	-3,498622E-1	4,796875E+2	1,710927E+0	4,796875E+2	-6,084896E-1	4,796875E+2	2,250320E+0	4,796875E+2	-8,671400E-1
4,812500E+2	5,343376E-1	4,812500E+2	3,994853E-2	4,812500E+2	5,395608E-1	4,812500E+2	4,872193E-2	4,812500E+2	5,711987E-1	4,812500E+2	3,792965E-2	4,812500E+2	7,272084E-1	4,812500E+2	-6,265751E-2	4,812500E+2	1,273475E+0	4,812500E+2	-3,686002E-1	4,812500E+2	1,784489E+0	4,812500E+2	-5,962685E-1	4,812500E+2	2,282678E+0	4,812500E+2	-8,968737E-1
4,828125E+2	5,396231E-1	4,828125E+2	6,788775E-2	4,828125E+2	5,455322E-1	4,828125E+2	7,146158E-2	4,828125E+2	5,781111E-1	4,828125E+2	5,648596E-2	4,828125E+2	7,357528E-1	4,828125E+2	-4,165749E-2	4,828125E+2	1,285454E+0	4,828125E+2	-3,700858E-1	4,828125E+2	1,815603E+0	4,828125E+2	-5,936815E-1	4,828125E+2	2,302534E+0	4,828125E+2	-9,376672E-1
4,843750E+2	5,432487E-1	4,843750E+2	9,007490E-2	4,843750E+2	5,480868E-1	4,843750E+2	8,651024E-2	4,843750E+2	5,794244E-1	4,843750E+2	6,983743E-2	4,843750E+2	7,343969E-1	4,843750E+2	-3,161887E-2	4,843750E+2	1,299422E+0	4,843750E+2	-3,297970E-1	4,843750E+2	1,761443E+0	4,843750E+2	-5,579486E-1	4,843750E+2	2,271812E+0	4,843750E+2	-8,585944E-1
4,859375E+2	5,448728E-1	4,859375E+2	1,096670E-1	4,859375E+2	5,535190E-1	4,859375E+2	1,063257E-1	4,859375E+2	5,848468E-1	4,859375E+2	9,271290E-2	4,859375E+2	7,403144E-1	4,859375E+2	-1,744727E-2	4,859375E+2	1,311149E+0	4,859375E+2	-3,174775E-1	4,859375E+2	1,769500E+0	4,859375E+2	-5,296429E-1	4,859375E+2	2,342709E+0	4,859375E+2	-8,011075E-1
4,875000E+2	5,509352E-1	4,875000E+2	1,268705E-1	4,875000E+2	5,564919E-1	4,875000E+2	1,222521E-1	4,875000E+2	5,868575E-1	4,875000E+2	1,128743E-1	4,875000E+2	7,487123E-1	4,875000E+2	1,390285E-2	4,875000E+2	1,333019E+0	4,875000E+2	-2,829612E-1	4,875000E+2	1,836889E+0	4,875000E+2	-5,190118E-1	4,875000E+2	2,373735E+0	4,875000E+2	-8,633109E-1
4,890625E+2	5,587671E-1	4,890625E+2	1,397140E-1	4,890625E+2	5,589999E-1	4,890625E+2	1,469312E-1	4,890625E+2	5,883102E-1	4,890625E+2	1,288484E-1	4,890625E+2	7,467265E-1	4,890625E+2	2,854510E-2	4,890625E+2	1,313018E+0	4,890625E+2	-2,641102E-1	4,890625E+2	1,827767E+0	4,890625E+2	-4,853330E-1	4,890625E+2	2,369091E+0	4,890625E+2	-8,308011E-1
4,906250E+2	5,617042E-1	4,906250E+2	1,548709E-1	4,906250E+2	5,590211E-1	4,906250E+2	1,615785E-1	4,906250E+2	5,879743E-1	4,906250E+2	1,482522E-1	4,906250E+2	7,576794E-1	4,906250E+2	4,254650E-2	4,906250E+2	1,293215E+0	4,906250E+2	-2,275108E-1	4,906250E+2	1,787689E+0	4,906250E+2	-4,841475E-1	4,906250E+2	2,329871E+0	4,906250E+2	-7,799515E-1
4,921875E+2	5,626935E-1	4,921875E+2	1,848194E-1	4,921875E+2	5,655455E-1	4,921875E+2	1,813259E-1	4,921875E+2	5,968066E-1	4,921875E+2	1,658363E-1	4,921875E+2	7,662570E-1	4,921875E+2	7,027548E-2	4,921875E+2	1,335082E+0	4,921875E+2	-2,117156E-1	4,921875E+2	1,814253E+0	4,921875E+2	-5,400944E-1	4,921875E+2	2,333069E+0	4,921875E+2	-7,540997E-1
4,937500E+2	5,644409E-1	4,937500E+2	1,977607E-1	4,937500E+2	5,674954E-1	4,937500E+2	1,953998E-1	4,937500E+2	6,012790E-1	4,937500E+2	1,813667E-1	4,937500E+2	7,617554E-1	4,937500E+2	7,851649E-2	4,937500E+2	1,343755E+0	4,937500E+2	-2,353019E-1	4,937500E+2	1,843928E+0	4,937500E+2	-5,629868E-1	4,937500E+2	2,290520E+0	4,937500E+2	-7,567672E-1
4,953125E+2	5,648783E-1	4,953125E+2	2,061014E-1	4,953125E+2	5,763066E-1	4,953125E+2	2,087177E-1	4,953125E+2	6,024369E-1	4,953125E+2	1,949980E-1	4,953125E+2	7,520421E-1	4,953125E+2	8,808793E-2	4,953125E+2	1,336522E+0	4,953125E+2	-2,238088E-1	4,953125E+2	1,782140E+0	4,953125E+2	-5,008106E-1	4,953125E+2	2,306455E+0	4,953125E+2	-7,857528E-1
4,968750E+2	5,651853E-1	4,968750E+2	2,276289E-1	4,968750E+2	5,765739E-1	4,968750E+2	2,323090E-1	4,968750E+2	6,064784E-1	4,968750E+2	2,225637E-1	4,968750E+2	7,658670E-1	4,968750E+2	1,193036E-1	4,968750E+2	1,335933E+0	4,968750E+2	-1,832111E-1	4,968750E+2	1,834782E+0	4,968750E+2	-4,016480E-1	4,968750E+2	2,372352E+0	4,968750E+2	-7,613234E-1
4,984375E+2	5,791545E-1	4,984375E+2	2,512729E-1	4,984375E+2	5,802003E-1	4,984375E+2	2,524421E-1	4,984375E+2	6,140278E-1	4,984375E+2	2,384703E-1	4,984375E+2	7,692870E-1	4,984375E+2	1,267273E-1	4,984375E+2	1,327697E+0	4,984375E+2	-1,842654E-1	4,984375E+2	1,861754E+0	4,984375E+2	-4,307918E-1	4,984375E+2	2,379794E+0	4,984375E+2	-6,982243E-1
5,000000E+2	5,777229E-1	5,000000E+2	2,670056E-1	5,000000E+2	5,804265E-1	5,000000E+2	2,622905E-1	5,000000E+2	6,122695E-1	5,000000E+2	2,567083E-1	5,000000E+2	7,719025E-1	5,000000E+2	1,384935E-1	5,000000E+2	1,293083E+0	5,000000E+2	-1,495660E-1	5,000000E+2	1,846205E+0	5,000000E+2	-4,117947E-1	5,000000E+2	2,326179E+0	5,000000E+2	-6,983506E-1
5,015625E+2	5,897508E-1	5,015625E+2	2,805331E-1	5,015625E+2	5,877160E-1	5,015625E+2	2,818916E-1	5,015625E+2	6,186690E-1	5,015625E+2	2,706716E-1	5,015625E+2	7,865124E-1	5,015625E+2	1,506978E-1	5,015625E+2	1,305496E+0	5,015625E+2	-1,427785E-1	5,015625E+2	1,836895E+0	5,015625E+2	-4,264024E-1	5,015625E+2	2,295589E+0	5,015625E+2	-7,963635E-1
5,031250E+2	5,957126E-1	5,031250E+2	3,034237E-1	5,031250E+2	5,949560E-1	5,031250E+2	3,026396E-1	5,031250E+2	6,223727E-1	5,031250E+2	2,885067E-1	5,031250E+2	7,875548E-1	5,031250E+2	1,763483E-1	5,031250E+2	1,325494E+0	5,031250E+2	-1,331855E-1	5,031250E+2	1,845655E+0	5,031250E+2	-3,986032E-1	5,031250E+2	2,300165E+0	5,031250E+2	-7,720625E-1
5,046875E+2	5,941409E-1	5,046875E+2	3,308310E-1	5,046875E+2	5,921479E-1	5,046875E+2	3,237717E-1	5,046875E+2	6,215225E-1	5,046875E+2	3,091941E-1	5,046875E+2	7,902188E-1	5,046875E+2	2,000513E-1	5,046875E+2	1,355244E+0	5,046875E+2	-1,383898E-1	5,046875E+2	1,843703E+0	5,046875E+2	-3,833345E-1	5,046875E+2	2,371603E+0	5,046875E+2	-7,628035E-1
5,062500E+2	5,974200E-1	5,062500E+2	3,534019E-1	5,062500E+2	5,998152E-1	5,062500E+2	3,450129E-1	5,062500E+2	6,258846E-1	5,062500E+2	3,279112E-1	5,062500E+2	7,938793E-1	5,062500E+2	2,223955E-1	5,062500E+2	1,400975E+0	5,062500E+2	-1,050251E-1	5,062500E+2	1,857383E+0	5,062500E+2	-3,833702E-1	5,062500E+2	2,333444E+0	5,062500E+2	-6,920643E-1
5,078125E+2	6,036819E-1	5,078125E+2	3,717137E-1	5,078125E+2	6,067947E-1	5,078125E+2	3,622440E-1	5,078125E+2	6,335650E-1	5,078125E+2	3,411953E-1	5,078125E+2	8,024290E-1	5,078125E+2	2,335586E-1	5,078125E+2	1,382586E+0	5,078125E+2	-1,150299E-1	5,078125E+2	1,889052E+0	5,078125E+2	-4,048650E-1	5,078125E+2	2,357785E+0	5,078125E+2	-7,069318E-1
5,093750E+2	6,060245E-1	5,093750E+2	3,804763E-1	5,093750E+2	6,039004E-1	5,093750E+2	3,750904E-1	5,093750E+2	6,360866E-1	5,093750E+2	3,609257E-1	5,093750E+2	7,929112E-1	5,093750E+2	2,465471E-1	5,093750E+2	1,367905E+0	5,093750E+2	-7,158562E-2	5,093750E+2	1,887281E+0	5,093750E+2	-3,683556E-1	5,093750E+2	2,462824E+0	5,093750E+2	-6,254235E-1
5,109375E+2	6,043277E-1	5,109375E+2	3,932641E-1	5,109375E+2	6,009820E-1	5,109375E+2	3,899992E-1	5,109375E+2	6,351098E-1	5,109375E+2	3,747153E-1	5,109375E+2	7,867916E-1	5,109375E+2	2,627657E-1	5,109375E+2	1,386558E+0	5,109375E+2	-6,706250E-2	5,109375E+2	1,908963E+0	5,109375E+2	-3,073716E-1	5,109375E+2	2,420319E+0	5,109375E+2	-5,785168E-1
5,125000E+2	6,079040E-1	5,125000E+2	4,163002E-1	5,125000E+2	6,152169E-1	5,125000E+2	4,140378E-1	5,125000E+2	6,468838E-1	5,125000E+2	3,985510E-1	5,125000E+2	8,066744E-1	5,125000E+2	2,777856E-1	5,125000E+2	1,438033E+0	5,125000E+2	-6,895255E-2	5,125000E+2	1,904594E+0	5,125000E+2	-3,309850E-1	5,125000E+2	2,438571E+0	5,125000E+2	-7,318923E-1
5,140625E+2	6,213579E-1	5,140625E+2	4,311030E-1	5,140625E+2	6,241234E-1	5,140625E+2	4,394618E-1	5,140625E+2	6,557182E-1	5,140625E+2	4,187182E-1	5,140625E+2	8,123301E-1	5,140625E+2	2,958110E-1	5,140625E+2	1,434616E+0	5,140625E+2	-4,221056E-2	5,140625E+2	1,889648E+0	5,140625E+2	-3,429083E-1	5,140625E+2	2,433368E+0	5,140625E+2	-7,639777E-1
5,156250E+2	6,236609E-1	5,156250E+2	4,528223E-1	5,156250E+2	6,280435E-1	5,156250E+2	4,507833E-1	5,156250E+2	6,547692E-1	5,156250E+2	4,364940E-1	5,156250E+2	8,191865E-1	5,156250E+2	3,206816E-1	5,156250E+2	1,417055E+0	5,156250E+2	-2,802085E-2	5,156250E+2	1,901318E+0	5,156250E+2	-3,192426E-1	5,156250E+2	2,426454E+0	5,156250E+2	-7,184770E-1
5,171875E+2	6,292612E-1	5,171875E+2	4,803863E-1	5,171875E+2	6,325175E-1	5,171875E+2	4,718013E-1	5,171875E+2	6,627865E-1	5,171875E+2	4,607335E-1	5,171875E+2	8,345265E-1	5,171875E+2	3,422450E-1	5,171875E+2	1,436767E+0	5,171875E+2	-7,608997E-3	5,171875E+2	1,938763E+0	5,171875E+2	-3,425320E-1	5,171875E+2	2,421997E+0	5,171875E+2	-6,674704E-1
5,187500E+2	6,349448E-1	5,187500E+2	4,805845E-1	5,187500E+2	6,350341E-1	5,187500E+2	4,866726E-1	5,187500E+2	6,701063E-1	5,187500E+2	4,688107E-1	5,187500E+2	8,503163E-1	5,187500E+2	3,421519E-1	5,187500E+2	1,437182E+0	5,187500E+2	-1,764722E-2	5,187500E+2	1,911216E+0	5,187500E+2	-3,735825E-1	5,187500E+2	2,450558E+0	5,187500E+2	-6,722478E-1
5,203125E+2	6,375287E-1	5,203125E+2	4,953286E-1	5,203125E+2	6,372092E-1	5,203125E+2	5,027833E-1	5,203125E+2	6,752550E-1	5,203125E+2	4,842387E-1	5,203125E+2	8,452297E-1	5,203125E+2	3,520732E-1	5,203125E+2	1,396114E+0	5,203125E+2	3,861771E-3	5,203125E+2	1,888046E+0	5,203125E+2	-2,884268E-1	5,203125E+2	2,365641E+0	5,203125E+2	-6,302260E-1
5,218750E+2	6,364710E-1	5,218750E+2	5,269714E-1	5,218750E+2	6,403436E-1	5,218750E+2	5,188321E-1	5,218750E+2	6,749695E-1	5,218750E+2	5,020825E-1	5,218750E+2	8,517381E-1	5,218750E+2	3,754966E-1	5,218750E+2	1,423168E+0	5,218750E+2	4,188410E-2	5,218750E+2	1,903694E+0	5,218750E+2	-2,678200E-1	5,218750E+2	2,416165E+0	5,218750E+2	-5,114994E-1
5,234375E+2	6,378890E-1	5,234375E+2	5,376864E-1	5,234375E+2	6,446126E-1	5,234375E+2	5,380323E-1	5,234375E+2	6,779463E-1	5,234375E+2	5,168363E-1	5,234375E+2	8,493681E-1	5,234375E+2	3,896606E-1	5,234375E+2	1,407712E+0	5,234375E+2	3,359924E-2	5,234375E+2	1,933856E+0	5,234375E+2	-2,759348E-1	5,234375E+2	2,499140E+0	5,234375E+2	-5,333660E-1
5,250000E+2	6,574191E-1	5,250000E+2	5,589127E-1	5,250000E+2	6,515775E-1	5,250000E+2	5,489941E-1	5,250000E+2	6,900343E-1	5,250000E+2	5,393391E-1	5,250000E+2	8,498643E-1	5,250000E+2	4,074161E-1	5,250000E+2	1,411949E+0	5,250000E+2	2,465419E-2	5,250000E+2	1,991516E+0	5,250000E+2	-2,428547E-1	5,250000E+2	2,481639E+0	5,250000E+2	-6,013147E-1
5,265625E+2	6,541919E-1	5,265625E+2	5,834821E-1	5,265625E+2	6,537135E-1	5,265625E+2	5,811496E-1	5,265625E+2	6,936302E-1	5,265625E+2	5,693578E-1	5,265625E+2	8,528548E-1	5,265625E+2	4,460329E-1	5,265625E+2	1,443025E+0	5,265625E+2	6,653085E-2	5,265625E+2	2,001068E+0	5,265625E+2	-2,458639E-1	5,265625E+2	2,507495E+0	5,265625E+2	-6,390248E-1
5,281250E+2	6,537392E-1	5,281250E+2	6,018679E-1	5,281250E+2	6,593359E-1	5,281250E+2	6,046277E-1	5,281250E+2	6,958628E-1	5,281250E+2	5,888508E-1	5,281250E+2	8,624308E-1	5,281250E+2	4,612193E-1	5,281250E+2	1,444702E+0	5,281250E+2	6,093003E-2	5,281250E+2	1,956885E+0	5,281250E+2	-2,108261E-1	5,281250E+2	2,520784E+0	5,281250E+2	-6,201391E-1
5,296875E+2	6,542279E-1	5,296875E+2	6,159707E-1	5,296875E+2	6,629820E-1	5,296875E+2	6,133575E-1	5,296875E+2	6,941830E-1	5,296875E+2	5,939037E-1	5,296875E+2	8,672267E-1	5,296875E+2	4,692202E-1	5,296875E+2	1,429345E+0	5,296875E+2	5,945710E-2	5,296875E+2	1,899285E+0	5,296875E+2	-1,764582E-1	5,296875E+2	2,505183E+0	5,296875E+2	-6,051407E-1
5,312500E+2	6,640629E-1	5,312500E+2	6,368488E-1	5,312500E+2	6,698134E-1	5,312500E+2	6,295809E-1	5,312500E+2	7,088334E-1	5,312500E+2	6,169810E-1	5,312500E+2	8,815477E-1	5,312500E+2	5,007107E-1	5,312500E+2	1,480248E+0	5,312500E+2	9,098110E-2	5,312500E+2	1,946114E+0	5,312500E+2	-1,980420E-1	5,312500E+2	2,427600E+0	5,312500E+2	-6,420632E-1
5,328125E+2	6,690708E-1	5,328125E+2	6,556855E-1	5,328125E+2	6,736185E-1	5,328125E+2	6,498787E-1	5,328125E+2	7,047476E-1	5,328125E+2	6,284496E-1	5,328125E+2	8,739388E-1	5,328125E+2	5,071563E-1	5,328125E+2	1,476514E+0	5,328125E+2	9,793327E-2	5,328125E+2	1,953005E+0	5,328125E+2	-1,885616E-1	5,328125E+2	2,442310E+0	5,328125E+2	-6,012910E-1
5,343750E+2	6,652186E-1	5,343750E+2	6,760041E-1	5,343750E+2	6,830353E-1	5,343750E+2	6,714530E-1	5,343750E+2	7,115123E-1	5,343750E+2	6,542588E-1	5,343750E+2	8,852825E-1	5,343750E+2	5,183894E-1	5,343750E+2	1,457207E+0	5,343750E+2	1,035409E-1	5,343750E+2	1,959445E+0	5,343750E+2	-1,480616E-1	5,343750E+2	2,574167E+0	5,343750E+2	-5,185852E-1
5,359375E+2	6,514591E-1	5,359375E+2	6,937747E-1	5,359375E+2	6,784479E-1	5,359375E+2	6,892235E-1	5,359375E+2	7,044651E-1	5,359375E+2	6,708650E-1	5,359375E+2	8,705131E-1	5,359375E+2	5,413228E-1	5,359375E+2	1,425322E+0	5,359375E+2	1,386951E-1	5,359375E+2	1,962056E+0	5,359375E+2	-1,243052E-1	5,359375E+2	2,619225E+0	5,359375E+2	-5,441102E-1
5,375000E+2	6,868021E-1	5,375000E+2	7,111538E-1	5,375000E+2	6,804654E-1	5,375000E+2	7,073433E-1	5,375000E+2	7,109165E-1	5,375000E+2	6,951419E-1	5,375000E+2	8,885441E-1	5,375000E+2	5,536717E-1	5,375000E+2	1,483655E+0	5,375000E+2	1,377015E-1	5,375000E+2	1,980149E+0	5,375000E+2	-2,094118E-1	5,375000E+2	2,570157E+0	5,375000E+2	-6,288266E-1
5,390625E+2	6,972064E-1	5,390625E+2	7,376611E-1	5,390625E+2	6,986249E-1	5,390625E+2	7,283291E-1	5,390625E+2	7,296716E-1	5,390625E+2	7,061266E-1	5,390625E+2	8,900437E-1	5,390625E+2	5,629610E-1	5,390625E+2	1,499919E+0	5,390625E+2	1,595002E-1	5,390625E+2	2,024174E+0	5,390625E+2	-1,364448E-1	5,390625E+2	2,537205E+0	5,390625E+2	-5,544332E-1
5,406250E+2	6,934814E-1	5,406250E+2	7,483374E-1	5,406250E+2	6,958762E-1	5,406250E+2	7,435157E-1	5,406250E+2	7,361313E-1	5,406250E+2	7,325455E-1	5,406250E+2	9,067224E-1	5,406250E+2	5,965044E-1	5,406250E+2	1,499472E+0	5,406250E+2	1,689558E-1	5,406250E+2	1,994015E+0	5,406250E+2	-1,449099E-1	5,406250E+2	2,590314E+0	5,406250E+2	-5,171831E-1
5,421875E+2	6,910117E-1	5,421875E+2	7,452205E-1	5,421875E+2	7,133743E-1	5,421875E+2	7,693640E-1	5,421875E+2	7,388123E-1	5,421875E+2	7,486610E-1	5,421875E+2	9,118246E-1	5,421875E+2	6,054077E-1	5,421875E+2	1,488414E+0	5,421875E+2	2,050079E-1	5,421875E+2	2,001923E+0	5,421875E+2	-9,354295E-2	5,421875E+2	2,645755E+0	5,421875E+2	-4,733374E-1
5,437500E+2	6,922169E-1	5,437500E+2	8,062575E-1	5,437500E+2	7,117027E-1	5,437500E+2	8,062470E-1	5,437500E+2	7,468838E-1	5,437500E+2	7,855016E-1	5,437500E+2	9,260651E-1	5,437500E+2	6,436421E-1	5,437500E+2	1,539780E+0	5,437500E+2	2,236446E-1	5,437500E+2	2,058604E+0	5,437500E+2	-6,143595E-2	5,437500E+2	2,672149E+0	5,437500E+2	-5,880171E-1
5,453125E+2	7,347113E-1	5,453125E+2	8,263215E-1	5,453125E+2	7,222538E-1	5,453125E+2	8,231823E-1	5,453125E+2	7,548922E-1	5,453125E+2	8,002458E-1	5,453125E+2	9,387568E-1	5,453125E+2	6,578597E-1	5,453125E+2	1,544299E+0	5,453125E+2	2,216969E-1	5,453125E+2	2,032563E+0	5,453125E+2	-1,206620E-1	5,453125E+2	2,564408E+0	5,453125E+2	-5,579627E-1
5,468750E+2	7,693009E-1	5,468750E+2	8,574108E-1	5,468750E+2	7,360277E-1	5,468750E+2	8,373538E-1	5,468750E+2	7,677358E-1	5,468750E+2	8,072089E-1	5,468750E+2	9,432654E-1	5,468750E+2	6,746446E-1	5,468750E+2	1,523169E+0	5,468750E+2	2,435631E-1	5,468750E+2	2,034532E+0	5,468750E+2	-1,161075E-1	5,468750E+2	2,579252E+0	5,468750E+2	-5,001558E-1
5,484375E+2	7,642815E-1	5,484375E+2	8,752169E-1	5,484375E+2	7,399126E-1	5,484375E+2	8,501361E-1	5,484375E+2	7,744058E-1	5,484375E+2	8,312402E-1	5,484375E+2	9,395788E-1	5,484375E+2	6,877890E-1	5,484375E+2	1,553732E+0	5,484375E+2	2,668904E-1	5,484375E+2	2,070682E+0	5,484375E+2	-9,761839E-2	5,484375E+2	2,490748E+0	5,484375E+2	-4,752893E-1
5,500000E+2	7,195240E-1	5,500000E+2	8,699129E-1	5,500000E+2	7,395753E-1	5,500000E+2	8,495817E-1	5,500000E+2	7,718043E-1	5,500000E+2	8,364584E-1	5,500000E+2	9,333926E-1	5,500000E+2	6,861878E-1	5,500000E+2	1,533345E+0	5,500000E+2	2,109045E-1	5,500000E+2	2,084350E+0	5,500000E+2	-6,979822E-2	5,500000E+2	2,522311E+0	5,500000E+2	-4,358042E-1
5,515625E+2	7,236465E-1	5,515625E+2	8,870029E-1	5,515625E+2	7,473497E-1	5,515625E+2	8,681429E-1	5,515625E+2	7,788343E-1	5,515625E+2	8,583876E-1	5,515625E+2	9,442320E-1	5,515625E+2	6,937366E-1	5,515625E+2	1,526665E+0	5,515625E+2	2,533163E-1	5,515625E+2	2,019612E+0	5,515625E+2	-1,639718E-1	5,515625E+2	2,546134E+0	5,515625E+2	-4,746967E-1
5,531250E+2	7,106228E-1	5,531250E+2	9,077397E-1	5,531250E+2	7,477697E-1	5,531250E+2	9,000709E-1	5,531250E+2	7,699255E-1	5,531250E+2	8,843287E-1	5,531250E+2	9,588745E-1	5,531250E+2	7,262012E-1	5,531250E+2	1,561540E+0	5,531250E+2	2,790819E-1	5,531250E+2	2,066474E+0	5,531250E+2	-7,957194E-2	5,531250E+2	2,557477E+0	5,531250E+2	-5,543241E-1
5,546875E+2	7,507641E-1	5,546875E+2	9,520755E-1	5,546875E+2	7,532594E-1	5,546875E+2	9,373265E-1	5,546875E+2	7,858581E-1	5,546875E+2	9,138460E-1	5,546875E+2	9,755177E-1	5,546875E+2	7,571204E-1	5,546875E+2	1,603072E+0	5,546875E+2	3,042225E-1	5,546875E+2	2,108795E+0	5,546875E+2	-6,684251E-2	5,546875E+2	2,526872E+0	5,546875E+2	-5,819965E-1
5,562500E+2	7,784662E-1	5,562500E+2	9,652678E-1	5,562500E+2	7,644840E-1	5,562500E+2	9,414510E-1	5,562500E+2	7,989920E-1	5,562500E+2	9,205877E-1	5,562500E+2	9,864514E-1	5,562500E+2	7,677875E-1	5,562500E+2	1,569176E+0	5,562500E+2	2,964898E-1	5,562500E+2	2,108652E+0	5,562500E+2	-1,285844E-1	5,562500E+2	2,575835E+0	5,562500E+2	-5,343103E-1
5,578125E+2	7,934324E-1	5,578125E+2	9,709798E-1	5,578125E+2	7,643340E-1	5,578125E+2	9,561438E-1	5,578125E+2	8,099860E-1	5,578125E+2	9,452749E-1	5,578125E+2	9,806501E-1	5,578125E+2	7,815262E-1	5,578125E+2	1,599809E+0	5,578125E+2	3,130689E-1	5,578125E+2	2,088446E+0	5,578125E+2	-9,029861E-2	5,578125E+2	2,675131E+0	5,578125E+2	-5,314353E-1
5,593750E+2	7,556401E-1	5,593750E+2	9,840799E-1	5,593750E+2	7,734861E-1	5,593750E+2	9,992818E-1	5,593750E+2	8,034221E-1	5,593750E+2	9,749977E-1	5,593750E+2	1,015631E+0	5,593750E+2	8,152226E-1	5,593750E+2	1,613788E+0	5,593750E+2	3,555310E-1	5,593750E+2	2,122779E+0	5,593750E+2	-5,334172E-2	5,593750E+2	2,730966E+0	5,593750E+2	-4,775312E-1
5,609375E+2	7,609780E-1	5,609375E+2	1,018162E+0	5,609375E+2	7,780338E-1	5,609375E+2	1,006112E+0	5,609375E+2	8,053943E-1	5,609375E+2	9,817054E-1	5,609375E+2	1,003406E+0	5,609375E+2	8,154753E-1	5,609375E+2	1,566042E+0	5,609375E+2	3,787141E-1	5,609375E+2	2,109890E+0	5,609375E+2	-8,797446E-2	5,609375E+2	2,624781E+0	5,609375E+2	-3,803908E-1
5,625000E+2	8,177543E-1	5,625000E+2	1,037492E+0	5,625000E+2	7,945068E-1	5,625000E+2	1,018964E+0	5,625000E+2	8,301092E-1	5,625000E+2	1,002630E+0	5,625000E+2	9,982844E-1	5,625000E+2	8,390278E-1	5,625000E+2	1,638410E+0	5,625000E+2	3,501088E-1	5,625000E+2	2,114735E+0	5,625000E+2	-5,487235E-3	5,625000E+2	2,609401E+0	5,625000E+2	-4,672981E-1
5,640625E+2	8,257742E-1	5,640625E+2	1,091798E+0	5,640625E+2	7,959301E-1	5,640625E+2	1,050193E+0	5,640625E+2	8,468670E-1	5,640625E+2	1,028108E+0	5,640625E+2	1,026537E+0	5,640625E+2	8,675796E-1	5,640625E+2	1,647097E+0	5,640625E+2	3,129311E-1	5,640625E+2	2,133921E+0	5,640625E+2	4,302995E-2	5,640625E+2	2,633222E+0	5,640625E+2	-4,780429E-1
5,656250E+2	7,892116E-1	5,656250E+2	1,089360E+0	5,656250E+2	7,972217E-1	5,656250E+2	1,077268E+0	5,656250E+2	8,413303E-1	5,656250E+2	1,046765E+0	5,656250E+2	1,030584E+0	5,656250E+2	9,009597E-1	5,656250E+2	1,624512E+0	5,656250E+2	3,674948E-1	5,656250E+2	2,189555E+0	5,656250E+2	9,278210E-2	5,656250E+2	2,632831E+0	5,656250E+2	-4,144489E-1
5,671875E+2	7,858782E-1	5,671875E+2	1,097375E+0	5,671875E+2	7,996880E-1	5,671875E+2	1,079430E+0	5,671875E+2	8,474298E-1	5,671875E+2	1,060113E+0	5,671875E+2	1,013654E+0	5,671875E+2	8,870319E-1	5,671875E+2	1,634337E+0	5,671875E+2	4,042571E-1	5,671875E+2	2,185000E+0	5,671875E+2	4,411880E-4	5,671875E+2	2,660663E+0	5,671875E+2	-4,303140E-1
5,687500E+2	8,139749E-1	5,687500E+2	1,083998E+0	5,687500E+2	8,228062E-1	5,687500E+2	1,115281E+0	5,687500E+2	8,563962E-1	5,687500E+2	1,085292E+0	5,687500E+2	1,029725E+0	5,687500E+2	8,964392E-1	5,687500E+2	1,633180E+0	5,687500E+2	4,156756E-1	5,687500E+2	2,159782E+0	5,687500E+2	1,549365E-2	5,687500E+2	2,710725E+0	5,687500E+2	-4,053312E-1
5,703125E+2	8,059667E-1	5,703125E+2	1,075626E+0	5,703125E+2	8,406538E-1	5,703125E+2	1,136830E+0	5,703125E+2	8,739711E-1	5,703125E+2	1,109473E+0	5,703125E+2	1,070917E+0	5,703125E+2	9,158647E-1	5,703125E+2	1,686545E+0	5,703125E+2	4,270986E-1	5,703125E+2	2,213771E+0	5,703125E+2	-2,135047E-3	5,703125E+2	2,640167E+0	5,703125E+2	-4,302516E-1
5,718750E+2	8,304501E-1	5,718750E+2	1,128717E+0	5,718750E+2	8,324719E-1	5,718750E+2	1,154406E+0	5,718750E+2	8,605731E-1	5,718750E+2	1,140119E+0	5,718750E+2	1,069951E+0	5,718750E+2	9,648631E-1	5,718750E+2	1,677548E+0	5,718750E+2	4,705607E-1	5,718750E+2	2,218807E+0	5,718750E+2	4,879328E-2	5,718750E+2	2,660868E+0	5,718750E+2	-4,029381E-1
5,734375E+2	8,671972E-1	5,734375E+2	1,203784E+0	5,734375E+2	8,344403E-1	5,734375E+2	1,186660E+0	5,734375E+2	8,703329E-1	5,734375E+2	1,169694E+0	5,734375E+2	1,065146E+0	5,734375E+2	1,000590E+0	5,734375E+2	1,699781E+0	5,734375E+2	5,209156E-1	5,734375E+2	2,182678E+0	5,734375E+2	1,092639E-1	5,734375E+2	2,633431E+0	5,734375E+2	-4,177740E-1
5,750000E+2	8,029042E-1	5,750000E+2	1,217305E+0	5,750000E+2	8,388311E-1	5,750000E+2	1,215510E+0	5,750000E+2	8,757157E-1	5,750000E+2	1,185005E+0	5,750000E+2	1,088841E+0	5,750000E+2	9,969839E-1	5,750000E+2	1,664044E+0	5,750000E+2	5,442625E-1	5,750000E+2	2,188148E+0	5,750000E+2	9,292133E-2	5,750000E+2	2,640496E+0	5,750000E+2	-3,749184E-1
5,765625E+2	7,836625E-1	5,765625E+2	1,202779E+0	5,765625E+2	8,488947E-1	5,765625E+2	1,226689E+0	5,765625E+2	8,743881E-1	5,765625E+2	1,196253E+0	5,765625E+2	1,069785E+0	5,765625E+2	1,024494E+0	5,765625E+2	1,661515E+0	5,765625E+2	5,498054E-1	5,765625E+2	2,217124E+0	5,765625E+2	6,415277E-2	5,765625E+2	2,654917E+0	5,765625E+2	-4,003726E-1
5,781250E+2	7,995713E-1	5,781250E+2	1,207177E+0	5,781250E+2	8,509571E-1	5,781250E+2	1,234996E+0	5,781250E+2	8,797822E-1	5,781250E+2	1,195556E+0	5,781250E+2	1,087607E+0	5,781250E+2	1,026844E+0	5,781250E+2	1,661014E+0	5,781250E+2	5,163071E-1	5,781250E+2	2,225787E+0	5,781250E+2	4,334978E-2	5,781250E+2	2,731737E+0	5,781250E+2	-3,979130E-1
5,796875E+2	8,986400E-1	5,796875E+2	1,273171E+0	5,796875E+2	8,931158E-1	5,796875E+2	1,246650E+0	5,796875E+2	9,268022E-1	5,796875E+2	1,213253E+0	5,796875E+2	1,124311E+0	5,796875E+2	1,013300E+0	5,796875E+2	1,667455E+0	5,796875E+2	4,948112E-1	5,796875E+2	2,213519E+0	5,796875E+2	-3,072770E-4	5,796875E+2	2,720401E+0	5,796875E+2	-4,333535E-1
5,812500E+2	8,648192E-1	5,812500E+2	1,282085E+0	5,812500E+2	9,060976E-1	5,812500E+2	1,278010E+0	5,812500E+2	9,379844E-1	5,812500E+2	1,249373E+0	5,812500E+2	1,126629E+0	5,812500E+2	1,053241E+0	5,812500E+2	1,710225E+0	5,812500E+2	5,163337E-1	5,812500E+2	2,196914E+0	5,812500E+2	1,862217E-2	5,812500E+2	2,717578E+0	5,812500E+2	-4,480474E-1
5,828125E+2	8,864541E-1	5,828125E+2	1,266984E+0	5,828125E+2	8,823136E-1	5,828125E+2	1,305425E+0	5,828125E+2	9,423537E-1	5,828125E+2	1,269680E+0	5,828125E+2	1,138528E+0	5,828125E+2	1,087526E+0	5,828125E+2	1,726614E+0	5,828125E+2	5,192899E-1	5,828125E+2	2,261874E+0	5,828125E+2	1,067190E-1	5,828125E+2	2,758496E+0	5,828125E+2	-4,258101E-1
5,843750E+2	9,159210E-1	5,843750E+2	1,311523E+0	5,843750E+2	9,090113E-1	5,843750E+2	1,318664E+0	5,843750E+2	9,477077E-1	5,843750E+2	1,285799E+0	5,843750E+2	1,140448E+0	5,843750E+2	1,105340E+0	5,843750E+2	1,787636E+0	5,843750E+2	5,590472E-1	5,843750E+2	2,306751E+0	5,843750E+2	9,473343E-2	5,843750E+2	2,809501E+0	5,843750E+2	-4,120869E-1
5,859375E+2	8,890937E-1	5,859375E+2	1,372923E+0	5,859375E+2	9,099299E-1	5,859375E+2	1,354293E+0	5,859375E+2	9,531207E-1	5,859375E+2	1,339144E+0	5,859375E+2	1,161241E+0	5,859375E+2	1,152686E+0	5,859375E+2	1,782974E+0	5,859375E+2	5,786453E-1	5,859375E+2	2,307384E+0	5,859375E+2	9,342725E-2	5,859375E+2	2,749125E+0	5,859375E+2	-4,276659E-1
5,875000E+2	8,531422E-1	5,875000E+2	1,315180E+0	5,875000E+2	9,253645E-1	5,875000E+2	1,362698E+0	5,875000E+2	9,473779E-1	5,875000E+2	1,341306E+0	5,875000E+2	1,150434E+0	5,875000E+2	1,162543E+0	5,875000E+2	1,748669E+0	5,875000E+2	5,933381E-1	5,875000E+2	2,336869E+0	5,875000E+2	7,154600E-2	5,875000E+2	2,765557E+0	5,875000E+2	-4,134889E-1
5,890625E+2	9,263224E-1	5,890625E+2	1,338495E+0	5,890625E+2	9,320802E-1	5,890625E+2	1,363373E+0	5,890625E+2	9,577583E-1	5,890625E+2	1,331441E+0	5,890625E+2	1,153245E+0	5,890625E+2	1,133124E+0	5,890625E+2	1,754638E+0	5,890625E+2	5,875315E-1	5,890625E+2	2,405811E+0	5,890625E+2	9,222691E-2	5,890625E+2	2,754544E+0	5,890625E+2	-4,185843E-1
5,906250E+2	9,142963E-1	5,906250E+2	1,428642E+0	5,906250E+2	9,243369E-1	5,906250E+2	1,408600E+0	5,906250E+2	9,754947E-1	5,906250E+2	1,380630E+0	5,906250E+2	1,187053E+0	5,906250E+2	1,185763E+0	5,906250E+2	1,750016E+0	5,906250E+2	6,061862E-1	5,906250E+2	2,312296E+0	5,906250E+2	1,469184E-1	5,906250E+2	2,821152E+0	5,906250E+2	-3,937119E-1
5,921875E+2	9,566367E-1	5,921875E+2	1,394978E+0	5,921875E+2	9,311048E-1	5,921875E+2	1,449897E+0	5,921875E+2	9,906553E-1	5,921875E+2	1,409202E+0	5,921875E+2	1,180224E+0	5,921875E+2	1,237849E+0	5,921875E+2	1,819055E+0	5,921875E+2	6,178070E-1	5,921875E+2	2,270657E+0	5,921875E+2	1,580398E-1	5,921875E+2	2,786324E+0	5,921875E+2	-3,665566E-1
5,937500E+2	9,737646E-1	5,937500E+2	1,428498E+0	5,937500E+2	9,603056E-1	5,937500E+2	1,452372E+0	5,937500E+2	1,004985E+0	5,937500E+2	1,426258E+0	5,937500E+2	1,163825E+0	5,937500E+2	1,230208E+0	5,937500E+2	1,822914E+0	5,937500E+2	6,551542E-1	5,937500E+2	2,336525E+0	5,937500E+2	2,449205E-1	5,937500E+2	2,798031E+0	5,937500E+2	-4,141785E-1
5,953125E+2	1,018241E+0	5,953125E+2	1,463609E+0	5,953125E+2	9,839709E-1	5,953125E+2	1,461712E+0	5,953125E+2	1,031891E+0	5,953125E+2	1,449483E+0	5,953125E+2	1,209201E+0	5,953125E+2	1,247132E+0	5,953125E+2	1,833074E+0	5,953125E+2	6,547276E-1	5,953125E+2	2,312790E+0	5,953125E+2	1,157131E-1	5,953125E+2	2,784301E+0	5,953125E+2	-4,569890E-1
5,968750E+2	1,034018E+0	5,968750E+2	1,503488E+0	5,968750E+2	9,799407E-1	5,968750E+2	1,494661E+0	5,968750E+2	1,031081E+0	5,968750E+2	1,459028E+0	5,968750E+2	1,205158E+0	5,968750E+2	1,238253E+0	5,968750E+2	1,818514E+0	5,968750E+2	6,408845E-1	5,968750E+2	2,296079E+0	5,968750E+2	9,268053E-2	5,968750E+2	2,737009E+0	5,968750E+2	-3,874357E-1
5,984375E+2	1,029916E+0	5,984375E+2	1,548319E+0	5,984375E+2	1,004484E+0	5,984375E+2	1,523254E+0	5,984375E+2	1,051158E+0	5,984375E+2	1,501872E+0	5,984375E+2	1,228754E+0	5,984375E+2	1,254696E+0	5,984375E+2	1,813930E+0	5,984375E+2	6,570538E-1	5,984375E+2	2,351979E+0	5,984375E+2	9,558942E-2	5,984375E+2	2,784226E+0	5,984375E+2	-3,830620E-1
6,000000E+2	9,950300E-1	6,000000E+2	1,552570E+0	6,000000E+2	9,955334E-1	6,000000E+2	1,544721E+0	6,000000E+2	1,041476E+0	6,000000E+2	1,522561E+0	6,000000E+2	1,214310E+0	6,000000E+2	1,301063E+0	6,000000E+2	1,860510E+0	6,000000E+2	7,314994E-1	6,000000E+2	2,371775E+0	6,000000E+2	1,451627E-1	6,000000E+2	2,899535E+0	6,000000E+2	-3,709678E-1
6,015625E+2	9,707246E-1	6,015625E+2	1,558161E+0	6,015625E+2	9,956873E-1	6,015625E+2	1,550627E+0	6,015625E+2	1,044610E+0	6,015625E+2	1,531938E+0	6,015625E+2	1,249855E+0	6,015625E+2	1,337118E+0	6,015625E+2	1,888320E+0	6,015625E+2	7,757398E-1	6,015625E+2	2,355864E+0	6,015625E+2	1,964191E-1	6,015625E+2	2,963953E+0	6,015625E+2	-3,323643E-1
6,031250E+2	1,008026E+0	6,031250E+2	1,676663E+0	6,031250E+2	1,005670E+0	6,031250E+2	1,582115E+0	6,031250E+2	1,048997E+0	6,031250E+2	1,562346E+0	6,031250E+2	1,239670E+0	6,031250E+2	1,348560E+0	6,031250E+2	1,842312E+0	6,031250E+2	7,904681E-1	6,031250E+2	2,405454E+0	6,031250E+2	1,778222E-1	6,031250E+2	2,892561E+0	6,031250E+2	-2,632980E-1
6,046875E+2	9,812459E-1	6,046875E+2	1,628738E+0	6,046875E+2	1,016828E+0	6,046875E+2	1,642838E+0	6,046875E+2	1,058207E+0	6,046875E+2	1,614215E+0	6,046875E+2	1,238955E+0	6,046875E+2	1,419896E+0	6,046875E+2	1,857068E+0	6,046875E+2	7,107682E-1	6,046875E+2	2,414211E+0	6,046875E+2	2,041332E-1	6,046875E+2	2,857247E+0	6,046875E+2	-2,621975E-1
6,062500E+2	1,046589E+0	6,062500E+2	1,626171E+0	6,062500E+2	1,062419E+0	6,062500E+2	1,653175E+0	6,062500E+2	1,090968E+0	6,062500E+2	1,638371E+0	6,062500E+2	1,290713E+0	6,062500E+2	1,433427E+0	6,062500E+2	1,937799E+0	6,062500E+2	6,933367E-1	6,062500E+2	2,452136E+0	6,062500E+2	2,374479E-1	6,062500E+2	2,828534E+0	6,062500E+2	-3,941079E-1
6,078125E+2	1,021164E+0	6,078125E+2	1,685626E+0	6,078125E+2	1,065914E+0	6,078125E+2	1,647353E+0	6,078125E+2	1,101819E+0	6,078125E+2	1,621160E+0	6,078125E+2	1,318678E+0	6,078125E+2	1,433009E+0	6,078125E+2	1,962627E+0	6,078125E+2	6,974255E-1	6,078125E+2	2,426912E+0	6,078125E+2	2,166271E-1	6,078125E+2	2,849181E+0	6,078125E+2	-3,855374E-1
6,093750E+2	1,032249E+0	6,093750E+2	1,700662E+0	6,093750E+2	1,060766E+0	6,093750E+2	1,669767E+0	6,093750E+2	1,099203E+0	6,093750E+2	1,644091E+0	6,093750E+2	1,353044E+0	6,093750E+2	1,472367E+0	6,093750E+2	1,939790E+0	6,093750E+2	7,511383E-1	6,093750E+2	2,420445E+0	6,093750E+2	1,589376E-1	6,093750E+2	2,944756E+0	6,093750E+2	-3,692178E-1
6,109375E+2	1,053157E+0	6,109375E+2	1,731205E+0	6,109375E+2	1,071283E+0	6,109375E+2	1,702399E+0	6,109375E+2	1,112815E+0	6,109375E+2	1,677167E+0	6,109375E+2	1,323783E+0	6,109375E+2	1,464586E+0	6,109375E+2	1,924733E+0	6,109375E+2	7,697752E-1	6,109375E+2	2,443495E+0	6,109375E+2	1,470981E-1	6,109375E+2	2,932365E+0	6,109375E+2	-3,052666E-1
6,125000E+2	1,034973E+0	6,125000E+2	1,757977E+0	6,125000E+2	1,078967E+0	6,125000E+2	1,736051E+0	6,125000E+2	1,110561E+0	6,125000E+2	1,716061E+0	6,125000E+2	1,309393E+0	6,125000E+2	1,473632E+0	6,125000E+2	1,924695E+0	6,125000E+2	8,286368E-1	6,125000E+2	2,482078E+0	6,125000E+2	2,807344E-1	6,125000E+2	2,984285E+0	6,125000E+2	-2,605337E-1
6,140625E+2	1,116098E+0	6,140625E+2	1,742806E+0	6,140625E+2	1,108244E+0	6,140625E+2	1,782779E+0	6,140625E+2	1,151845E+0	6,140625E+2	1,741557E+0	6,140625E+2	1,352293E+0	6,140625E+2	1,501747E+0	6,140625E+2	1,974618E+0	6,140625E+2	8,713331E-1	6,140625E+2	2,528958E+0	6,140625E+2	2,929116E-1	6,140625E+2	2,953591E+0	6,140625E+2	-2,695400E-1
6,156250E+2	1,090285E+0	6,156250E+2	1,799892E+0	6,156250E+2	1,118049E+0	6,156250E+2	1,805705E+0	6,156250E+2	1,154164E+0	6,156250E+2	1,761458E+0	6,156250E+2	1,363152E+0	6,156250E+2	1,531928E+0	6,156250E+2	1,992937E+0	6,156250E+2	8,786151E-1	6,156250E+2	2,465645E+0	6,156250E+2	2,820776E-1	6,156250E+2	2,895315E+0	6,156250E+2	-2,913187E-1
6,171875E+2	1,066233E+0	6,171875E+2	1,858121E+0	6,171875E+2	1,102357E+0	6,171875E+2	1,834212E+0	6,171875E+2	1,158903E+0	6,171875E+2	1,782712E+0	6,171875E+2	1,361911E+0	6,171875E+2	1,551191E+0	6,171875E+2	2,023730E+0	6,171875E+2	8,468713E-1	6,171875E+2	2,476763E+0	6,171875E+2	3,089481E-1	6,171875E+2	2,931127E+0	6,171875E+2	-2,860140E-1
6,187500E+2	1,090782E+0	6,187500E+2	1,862968E+0	6,187500E+2	1,115085E+0	6,187500E+2	1,860141E+0	6,187500E+2	1,154945E+0	6,187500E+2	1,814981E+0	6,187500E+2	1,359183E+0	6,187500E+2	1,575786E+0	6,187500E+2	2,042600E+0	6,187500E+2	9,016888E-1	6,187500E+2	2,473957E+0	6,187500E+2	3,154242E-1	6,187500E+2	2,939200E+0	6,187500E+2	-2,458815E-1
6,203125E+2	1,118760E+0	6,203125E+2	1,888885E+0	6,203125E+2	1,125020E+0	6,203125E+2	1,867742E+0	6,203125E+2	1,175707E+0	6,203125E+2	1,826301E+0	6,203125E+2	1,393063E+0	6,203125E+2	1,612531E+0	6,203125E+2	2,102606E+0	6,203125E+2	8,906965E-1	6,203125E+2	2,535035E+0	6,203125E+2	2,850784E-1	6,203125E+2	3,017273E+0	6,203125E+2	-2,748625E-1
6,218750E+2	1,150640E+0	6,218750E+2	1,971279E+0	6,218750E+2	1,146597E+0	6,218750E+2	1,926166E+0	6,218750E+2	1,201955E+0	6,218750E+2	1,880625E+0	6,218750E+2	1,408556E+0	6,218750E+2	1,627860E+0	6,218750E+2	2,147797E+0	6,218750E+2	8,774684E-1	6,218750E+2	2,564694E+0	6,218750E+2	2,488572E-1	6,218750E+2	3,047841E+0	6,218750E+2	-2,793245E-1
6,234375E+2	1,201123E+0	6,234375E+2	1,942361E+0	6,234375E+2	1,185833E+0	6,234375E+2	1,930086E+0	6,234375E+2	1,209864E+0	6,234375E+2	1,878428E+0	6,234375E+2	1,425651E+0	6,234375E+2	1,646588E+0	6,234375E+2	2,092428E+0	6,234375E+2	8,033631E-1	6,234375E+2	2,562234E+0	6,234375E+2	2,659539E-1	6,234375E+2	3,006896E+0	6,234375E+2	-3,138774E-1
6,250000E+2	1,183554E+0	6,250000E+2	1,952254E+0	6,250000E+2	1,150737E+0	6,250000E+2	1,940436E+0	6,250000E+2	1,213776E+0	6,250000E+2	1,915274E+0	6,250000E+2	1,452129E+0	6,250000E+2	1,694957E+0	6,250000E+2	2,047443E+0	6,250000E+2	8,558795E-1	6,250000E+2	2,572877E+0	6,250000E+2	3,058387E-1	6,250000E+2	3,087569E+0	6,250000E+2	-3,066899E-1
6,265625E+2	1,212271E+0	6,265625E+2	2,007732E+0	6,265625E+2	1,188284E+0	6,265625E+2	1,999599E+0	6,265625E+2	1,248118E+0	6,265625E+2	1,954513E+0	6,265625E+2	1,466782E+0	6,265625E+2	1,716447E+0	6,265625E+2	2,109318E+0	6,265625E+2	8,825827E-1	6,265625E+2	2,601705E+0	6,265625E+2	2,944680E-1	6,265625E+2	3,081781E+0	6,265625E+2	-2,942074E-1
6,281250E+2	1,226113E+0	6,281250E+2	2,038417E+0	6,281250E+2	1,198411E+0	6,281250E+2	2,016572E+0	6,281250E+2	1,264866E+0	6,281250E+2	1,970807E+0	6,281250E+2	1,476677E+0	6,281250E+2	1,720722E+0	6,281250E+2	2,138422E+0	6,281250E+2	9,105454E-1	6,281250E+2	2,654586E+0	6,281250E+2	3,127831E-1	6,281250E+2	3,032959E+0	6,281250E+2	-2,870202E-1
6,296875E+2	1,215765E+0	6,296875E+2	2,029210E+0	6,296875E+2	1,207041E+0	6,296875E+2	2,025364E+0	6,296875E+2	1,253258E+0	6,296875E+2	1,981470E+0	6,296875E+2	1,462422E+0	6,296875E+2	1,751632E+0	6,296875E+2	2,165534E+0	6,296875E+2	9,318432E-1	6,296875E+2	2,671745E+0	6,296875E+2	3,507973E-1	6,296875E+2	3,055301E+0	6,296875E+2	-3,068873E-1
6,312500E+2	1,251903E+0	6,312500E+2	2,050639E+0	6,312500E+2	1,226076E+0	6,312500E+2	2,055159E+0	6,312500E+2	1,260430E+0	6,312500E+2	2,000667E+0	6,312500E+2	1,494080E+0	6,312500E+2	1,774980E+0	6,312500E+2	2,175721E+0	6,312500E+2	9,700469E-1	6,312500E+2	2,624425E+0	6,312500E+2	3,249102E-1	6,312500E+2	3,099343E+0	6,312500E+2	-3,202167E-1
6,328125E+2	1,231636E+0	6,328125E+2	2,081060E+0	6,328125E+2	1,248676E+0	6,328125E+2	2,053913E+0	6,328125E+2	1,321761E+0	6,328125E+2	2,038382E+0	6,328125E+2	1,510346E+0	6,328125E+2	1,781237E+0	6,328125E+2	2,159634E+0	6,328125E+2	9,828711E-1	6,328125E+2	2,603879E+0	6,328125E+2	3,239692E-1	6,328125E+2	3,080576E+0	6,328125E+2	-2,940740E-1
6,343750E+2	1,235057E+0	6,343750E+2	2,118212E+0	6,343750E+2	1,264959E+0	6,343750E+2	2,123317E+0	6,343750E+2	1,310028E+0	6,343750E+2	2,070622E+0	6,343750E+2	1,503994E+0	6,343750E+2	1,817785E+0	6,343750E+2	2,129700E+0	6,343750E+2	9,533842E-1	6,343750E+2	2,681167E+0	6,343750E+2	3,630079E-1	6,343750E+2	3,141482E+0	6,343750E+2	-2,657143E-1
6,359375E+2	1,266464E+0	6,359375E+2	2,148443E+0	6,359375E+2	1,290951E+0	6,359375E+2	2,158245E+0	6,359375E+2	1,336756E+0	6,359375E+2	2,108501E+0	6,359375E+2	1,534715E+0	6,359375E+2	1,830572E+0	6,359375E+2	2,137901E+0	6,359375E+2	1,000678E+0	6,359375E+2	2,722954E+0	6,359375E+2	3,319893E-1	6,359375E+2	3,135099E+0	6,359375E+2	-2,670835E-1
6,375000E+2	1,265278E+0	6,375000E+2	2,196685E+0	6,375000E+2	1,285197E+0	6,375000E+2	2,168417E+0	6,375000E+2	1,329442E+0	6,375000E+2	2,144753E+0	6,375000E+2	1,582982E+0	6,375000E+2	1,879612E+0	6,375000E+2	2,240529E+0	6,375000E+2	1,013264E+0	6,375000E+2	2,722951E+0	6,375000E+2	3,512572E-1	6,375000E+2	3,094308E+0	6,375000E+2	-3,249464E-1
6,390625E+2	1,378308E+0	6,390625E+2	2,229254E+0	6,390625E+2	1,321830E+0	6,390625E+2	2,198586E+0	6,390625E+2	1,369258E+0	6,390625E+2	2,163196E+0	6,390625E+2	1,600304E+0	6,390625E+2	1,881623E+0	6,390625E+2	2,288866E+0	6,390625E+2	1,022597E+0	6,390625E+2	2,771626E+0	6,390625E+2	3,451844E-1	6,390625E+2	3,121857E+0	6,390625E+2	-3,524045E-1
6,406250E+2	1,324812E+0	6,406250E+2	2,247581E+0	6,406250E+2	1,321713E+0	6,406250E+2	2,219294E+0	6,406250E+2	1,377524E+0	6,406250E+2	2,187943E+0	6,406250E+2	1,587560E+0	6,406250E+2	1,889874E+0	6,406250E+2	2,237389E+0	6,406250E+2	1,042060E+0	6,406250E+2	2,763330E+0	6,406250E+2	3,878206E-1	6,406250E+2	3,061170E+0	6,406250E+2	-2,896630E-1
6,421875E+2	1,301706E+0	6,421875E+2	2,240598E+0	6,421875E+2	1,342670E+0	6,421875E+2	2,254466E+0	6,421875E+2	1,374529E+0	6,421875E+2	2,220349E+0	6,421875E+2	1,610901E+0	6,421875E+2	1,916770E+0	6,421875E+2	2,244978E+0	6,421875E+2	1,037936E+0	6,421875E+2	2,750876E+0	6,421875E+2	3,665383E-1	6,421875E+2	3,088195E+0	6,421875E+2	-3,180977E-1
6,437500E+2	1,331451E+0	6,437500E+2	2,247601E+0	6,437500E+2	1,359736E+0	6,437500E+2	2,260312E+0	6,437500E+2	1,410285E+0	6,437500E+2	2,235565E+0	6,437500E+2	1,636901E+0	6,437500E+2	1,951461E+0	6,437500E+2	2,274763E+0	6,437500E+2	1,081603E+0	6,437500E+2	2,749256E+0	6,437500E+2	3,860967E-1	6,437500E+2	3,134328E+0	6,437500E+2	-2,906381E-1
6,453125E+2	1,340464E+0	6,453125E+2	2,307020E+0	6,453125E+2	1,394506E+0	6,453125E+2	2,326087E+0	6,453125E+2	1,441391E+0	6,453125E+2	2,262576E+0	6,453125E+2	1,667524E+0	6,453125E+2	1,988481E+0	6,453125E+2	2,291538E+0	6,453125E+2	1,127317E+0	6,453125E+2	2,721403E+0	6,453125E+2	3,383513E-1	6,453125E+2	3,174264E+0	6,453125E+2	-2,676300E-1
6,468750E+2	1,404132E+0	6,468750E+2	2,339000E+0	6,468750E+2	1,405495E+0	6,468750E+2	2,349359E+0	6,468750E+2	1,457026E+0	6,468750E+2	2,297462E+0	6,468750E+2	1,693215E+0	6,468750E+2	2,003963E+0	6,468750E+2	2,311445E+0	6,468750E+2	1,115965E+0	6,468750E+2	2,764997E+0	6,468750E+2	3,474941E-1	6,468750E+2	3,161880E+0	6,468750E+2	-2,960888E-1
6,484375E+2	1,417543E+0	6,484375E+2	2,390510E+0	6,484375E+2	1,425579E+0	6,484375E+2	2,396260E+0	6,484375E+2	1,480008E+0	6,484375E+2	2,347443E+0	6,484375E+2	1,713908E+0	6,484375E+2	2,025353E+0	6,484375E+2	2,366880E+0	6,484375E+2	1,034445E+0	6,484375E+2	2,815444E+0	6,484375E+2	3,640598E-1	6,484375E+2	3,178989E+0	6,484375E+2	-3,280367E-1
6,500000E+2	1,422967E+0	6,500000E+2	2,415063E+0	6,500000E+2	1,438992E+0	6,500000E+2	2,397426E+0	6,500000E+2	1,507255E+0	6,500000E+2	2,369883E+0	6,500000E+2	1,736672E+0	6,500000E+2	2,039621E+0	6,500000E+2	2,325538E+0	6,500000E+2	1,062943E+0	6,500000E+2	2,815240E+0	6,500000E+2	3,993348E-1	6,500000E+2	3,191189E+0	6,500000E+2	-3,383145E-1
6,515625E+2	1,462579E+0	6,515625E+2	2,450722E+0	6,515625E+2	1,461839E+0	6,515625E+2	2,432451E+0	6,515625E+2	1,514137E+0	6,515625E+2	2,386792E+0	6,515625E+2	1,736032E+0	6,515625E+2	2,078528E+0	6,515625E+2	2,353971E+0	6,515625E+2	1,072522E+0	6,515625E+2	2,814568E+0	6,515625E+2	4,156949E-1	6,515625E+2	3,184202E+0	6,515625E+2	-3,043385E-1
6,531250E+2	1,441155E+0	6,531250E+2	2,455561E+0	6,531250E+2	1,444295E+0	6,531250E+2	2,478317E+0	6,531250E+2	1,510951E+0	6,531250E+2	2,413898E+0	6,531250E+2	1,733074E+0	6,531250E+2	2,116400E+0	6,531250E+2	2,396107E+0	6,531250E+2	1,110866E+0	6,531250E+2	2,863203E+0	6,531250E+2	3,789507E-1	6,531250E+2	3,163894E+0	6,531250E+2	-2,503885E-1
6,546875E+2	1,513050E+0	6,546875E+2	2,482643E+0	6,546875E+2	1,492994E+0	6,546875E+2	2,501487E+0	6,546875E+2	1,558223E+0	6,546875E+2	2,431301E+0	6,546875E+2	1,774971E+0	6,546875E+2	2,106941E+0	6,546875E+2	2,456921E+0	6,546875E+2	1,166952E+0	6,546875E+2	2,892811E+0	6,546875E+2	4,007555E-1	6,546875E+2	3,202828E+0	6,546875E+2	-2,513700E-1
6,562500E+2	1,535768E+0	6,562500E+2	2,539252E+0	6,562500E+2	1,509303E+0	6,562500E+2	2,504829E+0	6,562500E+2	1,567538E+0	6,562500E+2	2,451748E+0	6,562500E+2	1,802843E+0	6,562500E+2	2,127919E+0	6,562500E+2	2,478815E+0	6,562500E+2	1,142620E+0	6,562500E+2	2,859057E+0	6,562500E+2	4,292631E-1	6,562500E+2	3,178186E+0	6,562500E+2	-2,576698E-1
6,578125E+2	1,651200E+0	6,578125E+2	2,623722E+0	6,578125E+2	1,576350E+0	6,578125E+2	2,564768E+0	6,578125E+2	1,605292E+0	6,578125E+2	2,486397E+0	6,578125E+2	1,806205E+0	6,578125E+2	2,157444E+0	6,578125E+2	2,461424E+0	6,578125E+2	1,137968E+0	6,578125E+2	2,859613E+0	6,578125E+2	4,482263E-1	6,578125E+2	3,207044E+0	6,578125E+2	-2,237778E-1
6,593750E+2	1,611832E+0	6,593750E+2	2,623093E+0	6,593750E+2	1,606791E+0	6,593750E+2	2,610180E+0	6,593750E+2	1,648256E+0	6,593750E+2	2,530822E+0	6,593750E+2	1,843074E+0	6,593750E+2	2,183238E+0	6,593750E+2	2,486290E+0	6,593750E+2	1,117920E+0	6,593750E+2	2,893929E+0	6,593750E+2	4,315003E-1	6,593750E+2	3,239716E+0	6,593750E+2	-3,189048E-1
6,609375E+2	1,516164E+0	6,609375E+2	2,583375E+0	6,609375E+2	1,522137E+0	6,609375E+2	2,583149E+0	6,609375E+2	1,616149E+0	6,609375E+2	2,549496E+0	6,609375E+2	1,846976E+0	6,609375E+2	2,210222E+0	6,609375E+2	2,498438E+0	6,609375E+2	1,178289E+0	6,609375E+2	2,949353E+0	6,609375E+2	4,395945E-1	6,609375E+2	3,196777E+0	6,609375E+2	-2,592670E-1
6,625000E+2	1,467550E+0	6,625000E+2	2,582230E+0	6,625000E+2	1,572044E+0	6,625000E+2	2,641992E+0	6,625000E+2	1,631335E+0	6,625000E+2	2,570501E+0	6,625000E+2	1,883309E+0	6,625000E+2	2,243967E+0	6,625000E+2	2,523295E+0	6,625000E+2	1,215816E+0	6,625000E+2	2,877568E+0	6,625000E+2	4,437521E-1	6,625000E+2	3,262902E+0	6,625000E+2	-2,578243E-1
6,640625E+2	1,622771E+0	6,640625E+2	2,716249E+0	6,640625E+2	1,606512E+0	6,640625E+2	2,706558E+0	6,640625E+2	1,703082E+0	6,640625E+2	2,653153E+0	6,640625E+2	1,911625E+0	6,640625E+2	2,281667E+0	6,640625E+2	2,512561E+0	6,640625E+2	1,218585E+0	6,640625E+2	2,895574E+0	6,640625E+2	4,557724E-1	6,640625E+2	3,310070E+0	6,640625E+2	-2,624261E-1
6,656250E+2	1,625748E+0	6,656250E+2	2,752201E+0	6,656250E+2	1,624950E+0	6,656250E+2	2,710760E+0	6,656250E+2	1,694548E+0	6,656250E+2	2,644996E+0	6,656250E+2	1,926063E+0	6,656250E+2	2,276954E+0	6,656250E+2	2,562193E+0	6,656250E+2	1,192588E+0	6,656250E+2	2,931793E+0	6,656250E+2	4,218362E-1	6,656250E+2	3,300059E+0	6,656250E+2	-2,415699E-1
6,671875E+2	1,659103E+0	6,671875E+2	2,744728E+0	6,671875E+2	1,681084E+0	6,671875E+2	2,739127E+0	6,671875E+2	1,728230E+0	6,671875E+2	2,671865E+0	6,671875E+2	1,943603E+0	6,671875E+2	2,317748E+0	6,671875E+2	2,614730E+0	6,671875E+2	1,221474E+0	6,671875E+2	2,985173E+0	6,671875E+2	3,998264E-1	6,671875E+2	3,322419E+0	6,671875E+2	-3,201862E-1
6,687500E+2	1,672268E+0	6,687500E+2	2,778180E+0	6,687500E+2	1,688289E+0	6,687500E+2	2,782278E+0	6,687500E+2	1,752923E+0	6,687500E+2	2,702423E+0	6,687500E+2	1,963143E+0	6,687500E+2	2,353163E+0	6,687500E+2	2,607772E+0	6,687500E+2	1,236241E+0	6,687500E+2	2,973767E+0	6,687500E+2	4,444762E-1	6,687500E+2	3,285369E+0	6,687500E+2	-2,887491E-1
6,703125E+2	1,697781E+0	6,703125E+2	2,808396E+0	6,703125E+2	1,716115E+0	6,703125E+2	2,806717E+0	6,703125E+2	1,750086E+0	6,703125E+2	2,743394E+0	6,703125E+2	1,982476E+0	6,703125E+2	2,360204E+0	6,703125E+2	2,595216E+0	6,703125E+2	1,239703E+0	6,703125E+2	2,989241E+0	6,703125E+2	4,661509E-1	6,703125E+2	3,273227E+0	6,703125E+2	-3,131369E-1
6,718750E+2	1,718002E+0	6,718750E+2	2,852411E+0	6,718750E+2	1,737918E+0	6,718750E+2	2,830445E+0	6,718750E+2	1,788772E+0	6,718750E+2	2,784101E+0	6,718750E+2	2,021647E+0	6,718750E+2	2,397109E+0	6,718750E+2	2,601145E+0	6,718750E+2	1,282818E+0	6,718750E+2	3,040931E+0	6,718750E+2	4,643025E-1	6,718750E+2	3,197900E+0	6,718750E+2	-2,541223E-1
6,734375E+2	1,764942E+0	6,734375E+2	2,885974E+0	6,734375E+2	1,759018E+0	6,734375E+2	2,892400E+0	6,734375E+2	1,825376E+0	6,734375E+2	2,816398E+0	6,734375E+2	2,044674E+0	6,734375E+2	2,434761E+0	6,734375E+2	2,560499E+0	6,734375E+2	1,308710E+0	6,734375E+2	3,057339E+0	6,734375E+2	4,601078E-1	6,734375E+2	3,225276E+0	6,734375E+2	-2,450721E-1
6,750000E+2	1,792761E+0	6,750000E+2	2,945028E+0	6,750000E+2	1,773726E+0	6,750000E+2	2,945588E+0	6,750000E+2	1,850217E+0	6,750000E+2	2,856293E+0	6,750000E+2	2,091706E+0	6,750000E+2	2,456396E+0	6,750000E+2	2,629100E+0	6,750000E+2	1,298500E+0	6,750000E+2	3,028767E+0	6,750000E+2	4,579101E-1	6,750000E+2	3,325649E+0	6,750000E+2	-2,919104E-1
6,765625E+2	1,800105E+0	6,765625E+2	2,992662E+0	6,765625E+2	1,811711E+0	6,765625E+2	2,967234E+0	6,765625E+2	1,885820E+0	6,765625E+2	2,882644E+0	6,765625E+2	2,093544E+0	6,765625E+2	2,475869E+0	6,765625E+2	2,653564E+0	6,765625E+2	1,314199E+0	6,765625E+2	3,051996E+0	6,765625E+2	4,946321E-1	6,765625E+2	3,393604E+0	6,765625E+2	-3,216792E-1
6,781250E+2	1,794930E+0	6,781250E+2	3,012426E+0	6,781250E+2	1,794938E+0	6,781250E+2	2,983177E+0	6,781250E+2	1,909942E+0	6,781250E+2	2,893560E+0	6,781250E+2	2,072163E+0	6,781250E+2	2,491391E+0	6,781250E+2	2,672334E+0	6,781250E+2	1,302457E+0	6,781250E+2	3,078758E+0	6,781250E+2	4,771354E-1	6,781250E+2	3,374859E+0	6,781250E+2	-2,961461E-1
6,796875E+2	1,861534E+0	6,796875E+2	3,005416E+0	6,796875E+2	1,868381E+0	6,796875E+2	3,049010E+0	6,796875E+2	1,916519E+0	6,796875E+2	2,937210E+0	6,796875E+2	2,109435E+0	6,796875E+2	2,490308E+0	6,796875E+2	2,709723E+0	6,796875E+2	1,322850E+0	6,796875E+2	3,023084E+0	6,796875E+2	4,794322E-1	6,796875E+2	3,393566E+0	6,796875E+2	-2,383899E-1
6,812500E+2	1,869079E+0	6,812500E+2	3,058928E+0	6,812500E+2	1,894034E+0	6,812500E+2	3,049340E+0	6,812500E+2	1,944963E+0	6,812500E+2	2,990963E+0	6,812500E+2	2,169974E+0	6,812500E+2	2,539121E+0	6,812500E+2	2,745298E+0	6,812500E+2	1,337387E+0	6,812500E+2	3,091660E+0	6,812500E+2	4,340543E-1	6,812500E+2	3,462594E+0	6,812500E+2	-3,025179E-1
6,828125E+2	1,884715E+0	6,828125E+2	3,058484E+0	6,828125E+2	1,902645E+0	6,828125E+2	3,075835E+0	6,828125E+2	1,952669E+0	6,828125E+2	3,027652E+0	6,828125E+2	2,240662E+0	6,828125E+2	2,609636E+0	6,828125E+2	2,779708E+0	6,828125E+2	1,352555E+0	6,828125E+2	3,116795E+0	6,828125E+2	5,157698E-1	6,828125E+2	3,384516E+0	6,828125E+2	-2,907637E-1
6,843750E+2	1,933886E+0	6,843750E+2	3,096558E+0	6,843750E+2	1,944797E+0	6,843750E+2	3,140744E+0	6,843750E+2	1,996878E+0	6,843750E+2	3,070084E+0	6,843750E+2	2,223728E+0	6,843750E+2	2,607592E+0	6,843750E+2	2,772089E+0	6,843750E+2	1,331304E+0	6,843750E+2	3,177277E+0	6,843750E+2	4,813237E-1	6,843750E+2	3,387249E+0	6,843750E+2	-3,085949E-1
6,859375E+2	1,968109E+0	6,859375E+2	3,129653E+0	6,859375E+2	1,979736E+0	6,859375E+2	3,151483E+0	6,859375E+2	2,035497E+0	6,859375E+2	3,101552E+0	6,859375E+2	2,252660E+0	6,859375E+2	2,615791E+0	6,859375E+2	2,826593E+0	6,859375E+2	1,324030E+0	6,859375E+2	3,294402E+0	6,859375E+2	4,233143E-1	6,859375E+2	3,436530E+0	6,859375E+2	-2,674885E-1
6,875000E+2	2,004348E+0	6,875000E+2	3,154666E+0	6,875000E+2	2,035294E+0	6,875000E+2	3,205947E+0	6,875000E+2	2,065546E+0	6,875000E+2	3,129223E+0	6,875000E+2	2,300142E+0	6,875000E+2	2,663274E+0	6,875000E+2	2,794568E+0	6,875000E+2	1,297779E+0	6,875000E+2	3,291822E+0	6,875000E+2	3,772400E-1	6,875000E+2	3,463326E+0	6,875000E+2	-2,249170E-1
6,890625E+2	2,034313E+0	6,890625E+2	3,180085E+0	6,890625E+2	2,029908E+0	6,890625E+2	3,220879E+0	6,890625E+2	2,118126E+0	6,890625E+2	3,165846E+0	6,890625E+2	2,342058E+0	6,890625E+2	2,683920E+0	6,890625E+2	2,832672E+0	6,890625E+2	1,310427E+0	6,890625E+2	3,173357E+0	6,890625E+2	3,747626E-1	6,890625E+2	3,512885E+0	6,890625E+2	-2,160695E-1
6,906250E+2	2,052635E+0	6,906250E+2	3,190524E+0	6,906250E+2	2,072833E+0	6,906250E+2	3,250360E+0	6,906250E+2	2,126190E+0	6,906250E+2	3,174310E+0	6,906250E+2	2,337172E+0	6,906250E+2	2,694055E+0	6,906250E+2	2,903796E+0	6,906250E+2	1,321380E+0	6,906250E+2	3,161642E+0	6,906250E+2	4,417373E-1	6,906250E+2	3,496651E+0	6,906250E+2	-2,352309E-1
6,921875E+2	2,114253E+0	6,921875E+2	3,298259E+0	6,921875E+2	2,100773E+0	6,921875E+2	3,320599E+0	6,921875E+2	2,174808E+0	6,921875E+2	3,223980E+0	6,921875E+2	2,359645E+0	6,921875E+2	2,723424E+0	6,921875E+2	2,894929E+0	6,921875E+2	1,400943E+0	6,921875E+2	3,125581E+0	6,921875E+2	4,305837E-1	6,921875E+2	3,488574E+0	6,921875E+2	-2,939154E-1
6,937500E+2	2,085889E+0	6,937500E+2	3,327288E+0	6,937500E+2	2,152773E+0	6,937500E+2	3,336705E+0	6,937500E+2	2,207899E+0	6,937500E+2	3,245539E+0	6,937500E+2	2,446934E+0	6,937500E+2	2,769104E+0	6,937500E+2	2,871870E+0	6,937500E+2	1,429210E+0	6,937500E+2	3,172144E+0	6,937500E+2	3,773638E-1	6,937500E+2	3,342552E+0	6,937500E+2	-3,029268E-1
6,953125E+2	2,211071E+0	6,953125E+2	3,371449E+0	6,953125E+2	2,178930E+0	6,953125E+2	3,384726E+0	6,953125E+2	2,226430E+0	6,953125E+2	3,284379E+0	6,953125E+2	2,473321E+0	6,953125E+2	2,826678E+0	6,953125E+2	2,907154E+0	6,953125E+2	1,440283E+0	6,953125E+2	3,230556E+0	6,953125E+2	4,513760E-1	6,953125E+2	3,298306E+0	6,953125E+2	-3,516897E-1
6,968750E+2	2,213145E+0	6,968750E+2	3,451402E+0	6,968750E+2	2,200394E+0	6,968750E+2	3,412279E+0	6,968750E+2	2,265130E+0	6,968750E+2	3,331770E+0	6,968750E+2	2,439235E+0	6,968750E+2	2,787327E+0	6,968750E+2	2,983776E+0	6,968750E+2	1,396791E+0	6,968750E+2	3,238368E+0	6,968750E+2	5,336245E-1	6,968750E+2	3,388804E+0	6,968750E+2	-3,057336E-1
6,984375E+2	2,223800E+0	6,984375E+2	3,435658E+0	6,984375E+2	2,237856E+0	6,984375E+2	3,444329E+0	6,984375E+2	2,289786E+0	6,984375E+2	3,362937E+0	6,984375E+2	2,520526E+0	6,984375E+2	2,822450E+0	6,984375E+2	2,997063E+0	6,984375E+2	1,431721E+0	6,984375E+2	3,193548E+0	6,984375E+2	4,752447E-1	6,984375E+2	3,491085E+0	6,984375E+2	-2,746882E-1
7,000000E+2	2,303384E+0	7,000000E+2	3,488107E+0	7,000000E+2	2,285066E+0	7,000000E+2	3,471611E+0	7,000000E+2	2,335484E+0	7,000000E+2	3,394259E+0	7,000000E+2	2,542721E+0	7,000000E+2	2,878778E+0	7,000000E+2	3,045410E+0	7,000000E+2	1,443522E+0	7,000000E+2	3,359275E+0	7,000000E+2	4,474187E-1	7,000000E+2	3,515862E+0	7,000000E+2	-3,041276E-1
7,015625E+2	2,325929E+0	7,015625E+2	3,501966E+0	7,015625E+2	2,336132E+0	7,015625E+2	3,539767E+0	7,015625E+2	2,373177E+0	7,015625E+2	3,469081E+0	7,015625E+2	2,566978E+0	7,015625E+2	2,883327E+0	7,015625E+2	3,070285E+0	7,015625E+2	1,495414E+0	7,015625E+2	3,403255E+0	7,015625E+2	5,493757E-1	7,015625E+2	3,470507E+0	7,015625E+2	-3,561983E-1
7,031250E+2	2,362779E+0	7,031250E+2	3,554659E+0	7,031250E+2	2,348542E+0	7,031250E+2	3,588648E+0	7,031250E+2	2,424140E+0	7,031250E+2	3,470495E+0	7,031250E+2	2,637973E+0	7,031250E+2	2,920617E+0	7,031250E+2	3,053391E+0	7,031250E+2	1,434919E+0	7,031250E+2	3,359131E+0	7,031250E+2	5,302010E-1	7,031250E+2	3,495005E+0	7,031250E+2	-4,548746E-1
7,046875E+2	2,352705E+0	7,046875E+2	3,559967E+0	7,046875E+2	2,377112E+0	7,046875E+2	3,604071E+0	7,046875E+2	2,441825E+0	7,046875E+2	3,492534E+0	7,046875E+2	2,667730E+0	7,046875E+2	2,884782E+0	7,046875E+2	3,069961E+0	7,046875E+2	1,475711E+0	7,046875E+2	3,352199E+0	7,046875E+2	4,614694E-1	7,046875E+2	3,548444E+0	7,046875E+2	-3,320246E-1
7,062500E+2	2,381107E+0	7,062500E+2	3,570631E+0	7,062500E+2	2,432676E+0	7,062500E+2	3,662235E+0	7,062500E+2	2,483307E+0	7,062500E+2	3,506953E+0	7,062500E+2	2,647508E+0	7,062500E+2	2,935400E+0	7,062500E+2	3,046720E+0	7,062500E+2	1,553299E+0	7,062500E+2	3,391660E+0	7,062500E+2	4,797011E-1	7,062500E+2	3,536246E+0	7,062500E+2	-2,848359E-1
7,078125E+2	2,491550E+0	7,078125E+2	3,688799E+0	7,078125E+2	2,497323E+0	7,078125E+2	3,686996E+0	7,078125E+2	2,558981E+0	7,078125E+2	3,582962E+0	7,078125E+2	2,723655E+0	7,078125E+2	3,024156E+0	7,078125E+2	3,116977E+0	7,078125E+2	1,544912E+0	7,078125E+2	3,348495E+0	7,078125E+2	4,849712E-1	7,078125E+2	3,507682E+0	7,078125E+2	-3,771240E-1
7,093750E+2	2,505041E+0	7,093750E+2	3,712195E+0	7,093750E+2	2,484977E+0	7,093750E+2	3,722090E+0	7,093750E+2	2,601364E+0	7,093750E+2	3,622168E+0	7,093750E+2	2,765298E+0	7,093750E+2	3,031215E+0	7,093750E+2	3,136473E+0	7,093750E+2	1,527535E+0	7,093750E+2	3,378716E+0	7,093750E+2	5,244320E-1	7,093750E+2	3,595647E+0	7,093750E+2	-3,428539E-1
7,109375E+2	2,604053E+0	7,109375E+2	3,772838E+0	7,109375E+2	2,553173E+0	7,109375E+2	3,793421E+0	7,109375E+2	2,649938E+0	7,109375E+2	3,667663E+0	7,109375E+2	2,880510E+0	7,109375E+2	3,088621E+0	7,109375E+2	3,161536E+0	7,109375E+2	1,465207E+0	7,109375E+2	3,346947E+0	7,109375E+2	5,121526E-1	7,109375E+2	3,557178E+0	7,109375E+2	-3,250833E-1
7,125000E+2	2,628147E+0	7,125000E+2	3,809175E+0	7,125000E+2	2,629339E+0	7,125000E+2	3,829820E+0	7,125000E+2	2,666185E+0	7,125000E+2	3,707765E+0	7,125000E+2	2,907200E+0	7,125000E+2	3,118113E+0	7,125000E+2	3,156874E+0	7,125000E+2	1,410815E+0	7,125000E+2	3,458507E+0	7,125000E+2	4,858415E-1	7,125000E+2	3,621198E+0	7,125000E+2	-3,678357E-1
7,140625E+2	2,715944E+0	7,140625E+2	3,885348E+0	7,140625E+2	2,647150E+0	7,140625E+2	3,837357E+0	7,140625E+2	2,695010E+0	7,140625E+2	3,745356E+0	7,140625E+2	2,917621E+0	7,140625E+2	3,076268E+0	7,140625E+2	3,223996E+0	7,140625E+2	1,327662E+0	7,140625E+2	3,512353E+0	7,140625E+2	4,718116E-1	7,140625E+2	3,730176E+0	7,140625E+2	-3,898514E-1
7,156250E+2	2,623814E+0	7,156250E+2	3,902659E+0	7,156250E+2	2,731107E+0	7,156250E+2	3,929774E+0	7,156250E+2	2,713560E+0	7,156250E+2	3,793627E+0	7,156250E+2	2,926729E+0	7,156250E+2	3,099561E+0	7,156250E+2	3,354762E+0	7,156250E+2	1,368771E+0	7,156250E+2	3,555037E+0	7,156250E+2	4,428250E-1	7,156250E+2	3,635916E+0	7,156250E+2	-4,415946E-1
7,171875E+2	2,770588E+0	7,171875E+2	3,929130E+0	7,171875E+2	2,757488E+0	7,171875E+2	3,960824E+0	7,171875E+2	2,825625E+0	7,171875E+2	3,836393E+0	7,171875E+2	2,918641E+0	7,171875E+2	3,148092E+0	7,171875E+2	3,332291E+0	7,171875E+2	1,505127E+0	7,171875E+2	3,595145E+0	7,171875E+2	5,291869E-1	7,171875E+2	3,533355E+0	7,171875E+2	-4,341719E-1
7,187500E+2	2,899364E+0	7,187500E+2	4,052155E+0	7,187500E+2	2,785939E+0	7,187500E+2	4,008383E+0	7,187500E+2	2,857988E+0	7,187500E+2	3,867506E+0	7,187500E+2	2,970864E+0	7,187500E+2	3,170108E+0	7,187500E+2	3,303293E+0	7,187500E+2	1,436647E+0	7,187500E+2	3,505795E+0	7,187500E+2	4,167518E-1	7,187500E+2	3,515207E+0	7,187500E+2	-3,444473E-1
7,203125E+2	2,795355E+0	7,203125E+2	4,002713E+0	7,203125E+2	2,801823E+0	7,203125E+2	3,985858E+0	7,203125E+2	2,907826E+0	7,203125E+2	3,857687E+0	7,203125E+2	3,021349E+0	7,203125E+2	3,133187E+0	7,203125E+2	3,402275E+0	7,203125E+2	1,472262E+0	7,203125E+2	3,555265E+0	7,203125E+2	3,360656E-1	7,203125E+2	3,690424E+0	7,203125E+2	-4,528864E-1
7,218750E+2	2,814618E+0	7,218750E+2	4,074127E+0	7,218750E+2	2,956459E+0	7,218750E+2	4,022291E+0	7,218750E+2	2,932327E+0	7,218750E+2	3,926640E+0	7,218750E+2	3,136543E+0	7,218750E+2	3,180184E+0	7,218750E+2	3,488529E+0	7,218750E+2	1,615544E+0	7,218750E+2	3,591878E+0	7,218750E+2	3,037837E-1	7,218750E+2	3,676360E+0	7,218750E+2	-3,557051E-1
7,234375E+2	3,020592E+0	7,234375E+2	4,144789E+0	7,234375E+2	2,947198E+0	7,234375E+2	4,116746E+0	7,234375E+2	3,025774E+0	7,234375E+2	3,964432E+0	7,234375E+2	3,223800E+0	7,234375E+2	3,284923E+0	7,234375E+2	3,436999E+0	7,234375E+2	1,545706E+0	7,234375E+2	3,565329E+0	7,234375E+2	3,404447E-1	7,234375E+2	3,618048E+0	7,234375E+2	-3,520147E-1
7,250000E+2	3,134666E+0	7,250000E+2	4,135804E+0	7,250000E+2	2,990018E+0	7,250000E+2	4,180871E+0	7,250000E+2	3,051200E+0	7,250000E+2	4,015883E+0	7,250000E+2	3,260316E+0	7,250000E+2	3,284415E+0	7,250000E+2	3,565200E+0	7,250000E+2	1,541111E+0	7,250000E+2	3,511767E+0	7,250000E+2	4,779617E-1	7,250000E+2	3,623825E+0	7,250000E+2	-3,752105E-1
7,265625E+2	3,091274E+0	7,265625E+2	4,200528E+0	7,265625E+2	3,058827E+0	7,265625E+2	4,177625E+0	7,265625E+2	3,115053E+0	7,265625E+2	4,070662E+0	7,265625E+2	3,270440E+0	7,265625E+2	3,289349E+0	7,265625E+2	3,608728E+0	7,265625E+2	1,566506E+0	7,265625E+2	3,583394E+0	7,265625E+2	4,465133E-1	7,265625E+2	3,640236E+0	7,265625E+2	-3,814993E-1
7,281250E+2	3,172836E+0	7,281250E+2	4,304709E+0	7,281250E+2	3,104524E+0	7,281250E+2	4,208460E+0	7,281250E+2	3,178115E+0	7,281250E+2	4,091275E+0	7,281250E+2	3,316063E+0	7,281250E+2	3,339479E+0	7,281250E+2	3,576422E+0	7,281250E+2	1,330272E+0	7,281250E+2	3,637028E+0	7,281250E+2	4,109086E-1	7,281250E+2	3,672890E+0	7,281250E+2	-4,415943E-1
7,296875E+2	3,265395E+0	7,296875E+2	4,398545E+0	7,296875E+2	3,141747E+0	7,296875E+2	4,284824E+0	7,296875E+2	3,268291E+0	7,296875E+2	4,181641E+0	7,296875E+2	3,322087E+0	7,296875E+2	3,377585E+0	7,296875E+2	3,620996E+0	7,296875E+2	1,332054E+0	7,296875E+2	3,646946E+0	7,296875E+2	4,103559E-1	7,296875E+2	3,707820E+0	7,296875E+2	-4,749767E-1
7,312500E+2	3,240850E+0	7,312500E+2	4,351211E+0	7,312500E+2	3,260162E+0	7,312500E+2	4,313448E+0	7,312500E+2	3,276241E+0	7,312500E+2	4,228113E+0	7,312500E+2	3,460560E+0	7,312500E+2	3,450772E+0	7,312500E+2	3,736469E+0	7,312500E+2	1,437106E+0	7,312500E+2	3,677224E+0	7,312500E+2	3,473730E-1	7,312500E+2	3,621732E+0	7,312500E+2	-5,241773E-1
7,328125E+2	3,252481E+0	7,328125E+2	4,394439E+0	7,328125E+2	3,281292E+0	7,328125E+2	4,362630E+0	7,328125E+2	3,357039E+0	7,328125E+2	4,203789E+0	7,328125E+2	3,516005E+0	7,328125E+2	3,506483E+0	7,328125E+2	3,756174E+0	7,328125E+2	1,563457E+0	7,328125E+2	3,764805E+0	7,328125E+2	3,465964E-1	7,328125E+2	3,684667E+0	7,328125E+2	-4,494188E-1
7,343750E+2	3,286810E+0	7,343750E+2	4,440353E+0	7,343750E+2	3,363939E+0	7,343750E+2	4,430247E+0	7,343750E+2	3,422343E+0	7,343750E+2	4,258794E+0	7,343750E+2	3,474894E+0	7,343750E+2	3,466882E+0	7,343750E+2	3,860327E+0	7,343750E+2	1,598934E+0	7,343750E+2	3,891367E+0	7,343750E+2	3,336764E-1	7,343750E+2	3,819355E+0	7,343750E+2	-5,473259E-1
7,359375E+2	3,339258E+0	7,359375E+2	4,518950E+0	7,359375E+2	3,370124E+0	7,359375E+2	4,433129E+0	7,359375E+2	3,435099E+0	7,359375E+2	4,369172E+0	7,359375E+2	3,577026E+0	7,359375E+2	3,517532E+0	7,359375E+2	3,816240E+0	7,359375E+2	1,643845E+0	7,359375E+2	3,835237E+0	7,359375E+2	4,858540E-1	7,359375E+2	3,998145E+0	7,359375E+2	-4,832731E-1
7,375000E+2	3,440101E+0	7,375000E+2	4,572901E+0	7,375000E+2	3,449272E+0	7,375000E+2	4,543574E+0	7,375000E+2	3,503699E+0	7,375000E+2	4,413083E+0	7,375000E+2	3,586395E+0	7,375000E+2	3,621326E+0	7,375000E+2	3,920959E+0	7,375000E+2	1,550344E+0	7,375000E+2	3,731187E+0	7,375000E+2	4,629983E-1	7,375000E+2	3,854851E+0	7,375000E+2	-3,823057E-1
7,390625E+2	3,560342E+0	7,390625E+2	4,508242E+0	7,390625E+2	3,515272E+0	7,390625E+2	4,568571E+0	7,390625E+2	3,619232E+0	7,390625E+2	4,404516E+0	7,390625E+2	3,636031E+0	7,390625E+2	3,662934E+0	7,390625E+2	3,941664E+0	7,390625E+2	1,612622E+0	7,390625E+2	3,814035E+0	7,390625E+2	4,467246E-1	7,390625E+2	3,880496E+0	7,390625E+2	-5,326781E-1
7,406250E+2	3,640393E+0	7,406250E+2	4,556476E+0	7,406250E+2	3,615939E+0	7,406250E+2	4,612677E+0	7,406250E+2	3,674858E+0	7,406250E+2	4,364896E+0	7,406250E+2	3,697587E+0	7,406250E+2	3,644986E+0	7,406250E+2	3,860457E+0	7,406250E+2	1,560210E+0	7,406250E+2	3,716344E+0	7,406250E+2	4,370511E-1	7,406250E+2	3,804657E+0	7,406250E+2	-5,406502E-1
7,421875E+2	3,665855E+0	7,421875E+2	4,643137E+0	7,421875E+2	3,624204E+0	7,421875E+2	4,614927E+0	7,421875E+2	3,693073E+0	7,421875E+2	4,412295E+0	7,421875E+2	3,809620E+0	7,421875E+2	3,635660E+0	7,421875E+2	3,891003E+0	7,421875E+2	1,578501E+0	7,421875E+2	3,859719E+0	7,421875E+2	4,408098E-1	7,421875E+2	3,801261E+0	7,421875E+2	-4,623852E-1
7,437500E+2	3,807648E+0	7,437500E+2	4,686853E+0	7,437500E+2	3,710757E+0	7,437500E+2	4,658769E+0	7,437500E+2	3,763220E+0	7,437500E+2	4,527441E+0	7,437500E+2	3,853465E+0	7,437500E+2	3,688733E+0	7,437500E+2	3,959236E+0	7,437500E+2	1,636640E+0	7,437500E+2	3,964538E+0	7,437500E+2	4,210968E-1	7,437500E+2	3,830583E+0	7,437500E+2	-4,403187E-1
7,453125E+2	3,726785E+0	7,453125E+2	4,707362E+0	7,453125E+2	3,849541E+0	7,453125E+2	4,736849E+0	7,453125E+2	3,843988E+0	7,453125E+2	4,508513E+0	7,453125E+2	3,955704E+0	7,453125E+2	3,651057E+0	7,453125E+2	3,929185E+0	7,453125E+2	1,602751E+0	7,453125E+2	3,958893E+0	7,453125E+2	3,169843E-1	7,453125E+2	3,846658E+0	7,453125E+2	-4,652816E-1
7,468750E+2	3,706850E+0	7,468750E+2	4,743436E+0	7,468750E+2	3,862971E+0	7,468750E+2	4,746162E+0	7,468750E+2	3,989016E+0	7,468750E+2	4,567692E+0	7,468750E+2	4,077204E+0	7,468750E+2	3,786335E+0	7,468750E+2	3,904808E+0	7,468750E+2	1,506018E+0	7,468750E+2	3,816280E+0	7,468750E+2	3,187567E-1	7,468750E+2	3,775402E+0	7,468750E+2	-5,439835E-1
7,484375E+2	3,951114E+0	7,484375E+2	4,906543E+0	7,484375E+2	3,957692E+0	7,484375E+2	4,767482E+0	7,484375E+2	3,987727E+0	7,484375E+2	4,618128E+0	7,484375E+2	3,989879E+0	7,484375E+2	3,803022E+0	7,484375E+2	4,016266E+0	7,484375E+2	1,641873E+0	7,484375E+2	3,892598E+0	7,484375E+2	4,732722E-1	7,484375E+2	3,899654E+0	7,484375E+2	-5,040315E-1
7,500000E+2	3,943523E+0	7,500000E+2	4,867872E+0	7,500000E+2	4,022392E+0	7,500000E+2	4,905559E+0	7,500000E+2	4,098512E+0	7,500000E+2	4,611410E+0	7,500000E+2	4,105025E+0	7,500000E+2	3,702157E+0	7,500000E+2	4,170469E+0	7,500000E+2	1,684239E+0	7,500000E+2	4,056932E+0	7,500000E+2	3,827717E-1	7,500000E+2	3,932285E+0	7,500000E+2	-4,310970E-1
7,515625E+2	3,967824E+0	7,515625E+2	4,948878E+0	7,515625E+2	4,104165E+0	7,515625E+2	4,941414E+0	7,515625E+2	4,141112E+0	7,515625E+2	4,645411E+0	7,515625E+2	4,122994E+0	7,515625E+2	3,675901E+0	7,515625E+2	4,183377E+0	7,515625E+2	1,538727E+0	7,515625E+2	4,135641E+0	7,515625E+2	3,900977E-1	7,515625E+2	3,999646E+0	7,515625E+2	-4,735722E-1
7,531250E+2	4,001164E+0	7,531250E+2	5,052653E+0	7,531250E+2	4,150270E+0	7,531250E+2	4,997108E+0	7,531250E+2	4,304200E+0	7,531250E+2	4,761686E+0	7,531250E+2	4,083826E+0	7,531250E+2	3,705702E+0	7,531250E+2	4,246478E+0	7,531250E+2	1,471951E+0	7,531250E+2	4,154376E+0	7,531250E+2	3,892230E-1	7,531250E+2	4,112228E+0	7,531250E+2	-4,210359E-1
7,546875E+2	4,175001E+0	7,546875E+2	5,097220E+0	7,546875E+2	4,226843E+0	7,546875E+2	5,004372E+0	7,546875E+2	4,262594E+0	7,546875E+2	4,785948E+0	7,546875E+2	4,328579E+0	7,546875E+2	3,823164E+0	7,546875E+2	4,117058E+0	7,546875E+2	1,538418E+0	7,546875E+2	3,946355E+0	7,546875E+2	3,932466E-1	7,546875E+2	4,024155E+0	7,546875E+2	-4,789234E-1
7,562500E+2	4,314131E+0	7,562500E+2	5,063249E+0	7,562500E+2	4,305674E+0	7,562500E+2	5,044858E+0	7,562500E+2	4,353406E+0	7,562500E+2	4,886456E+0	7,562500E+2	4,368341E+0	7,562500E+2	3,807395E+0	7,562500E+2	4,255725E+0	7,562500E+2	1,536246E+0	7,562500E+2	4,087426E+0	7,562500E+2	2,238251E-1	7,562500E+2	3,968862E+0	7,562500E+2	-5,472455E-1
7,578125E+2	4,308468E+0	7,578125E+2	5,118295E+0	7,578125E+2	4,493444E+0	7,578125E+2	5,038898E+0	7,578125E+2	4,406428E+0	7,578125E+2	4,865851E+0	7,578125E+2	4,390907E+0	7,578125E+2	3,805508E+0	7,578125E+2	4,261009E+0	7,578125E+2	1,653246E+0	7,578125E+2	4,085214E+0	7,578125E+2	3,179415E-1	7,578125E+2	4,090307E+0	7,578125E+2	-5,065838E-1
7,593750E+2	4,632007E+0	7,593750E+2	5,047737E+0	7,593750E+2	4,606966E+0	7,593750E+2	5,130402E+0	7,593750E+2	4,669485E+0	7,593750E+2	4,844314E+0	7,593750E+2	4,581762E+0	7,593750E+2	3,810129E+0	7,593750E+2	4,297040E+0	7,593750E+2	1,481225E+0	7,593750E+2	4,040297E+0	7,593750E+2	3,804978E-1	7,593750E+2	4,176607E+0	7,593750E+2	-5,894514E-1
7,609375E+2	4,416366E+0	7,609375E+2	5,099134E+0	7,609375E+2	4,559916E+0	7,609375E+2	5,107851E+0	7,609375E+2	4,671116E+0	7,609375E+2	4,874323E+0	7,609375E+2	4,685568E+0	7,609375E+2	3,783933E+0	7,609375E+2	4,409052E+0	7,609375E+2	1,599001E+0	7,609375E+2	4,019846E+0	7,609375E+2	4,594585E-1	7,609375E+2	4,031327E+0	7,609375E+2	-6,339683E-1
7,625000E+2	4,725924E+0	7,625000E+2	5,136728E+0	7,625000E+2	4,759503E+0	7,625000E+2	5,188782E+0	7,625000E+2	4,683607E+0	7,625000E+2	4,943200E+0	7,625000E+2	4,695656E+0	7,625000E+2	3,829078E+0	7,625000E+2	4,408746E+0	7,625000E+2	1,623724E+0	7,625000E+2	4,080403E+0	7,625000E+2	3,894082E-1	7,625000E+2	4,028572E+0	7,625000E+2	-6,336503E-1
7,640625E+2	4,770925E+0	7,640625E+2	5,183474E+0	7,640625E+2	4,807914E+0	7,640625E+2	5,283234E+0	7,640625E+2	4,785486E+0	7,640625E+2	4,966799E+0	7,640625E+2	4,828729E+0	7,640625E+2	3,887259E+0	7,640625E+2	4,609362E+0	7,640625E+2	1,543720E+0	7,640625E+2	4,181847E+0	7,640625E+2	4,488977E-1	7,640625E+2	3,957190E+0	7,640625E+2	-6,155284E-1
7,656250E+2	4,948635E+0	7,656250E+2	5,178293E+0	7,656250E+2	4,894306E+0	7,656250E+2	5,258263E+0	7,656250E+2	4,930606E+0	7,656250E+2	4,954800E+0	7,656250E+2	4,948585E+0	7,656250E+2	4,028721E+0	7,656250E+2	4,514776E+0	7,656250E+2	1,494081E+0	7,656250E+2	4,239968E+0	7,656250E+2	3,920165E-1	7,656250E+2	4,081238E+0	7,656250E+2	-5,529367E-1
7,671875E+2	5,045177E+0	7,671875E+2	5,333227E+0	7,671875E+2	5,049328E+0	7,671875E+2	5,320364E+0	7,671875E+2	5,025038E+0	7,671875E+2	5,031968E+0	7,671875E+2	4,994548E+0	7,671875E+2	4,143706E+0	7,671875E+2	4,348293E+0	7,671875E+2	1,695229E+0	7,671875E+2	4,306375E+0	7,671875E+2	3,974093E-1	7,671875E+2	3,959493E+0	7,671875E+2	-6,074947E-1
7,687500E+2	5,102129E+0	7,687500E+2	5,638445E+0	7,687500E+2	5,031602E+0	7,687500E+2	5,306838E+0	7,687500E+2	5,071045E+0	7,687500E+2	5,139918E+0	7,687500E+2	5,047423E+0	7,687500E+2	4,054449E+0	7,687500E+2	4,463835E+0	7,687500E+2	1,773530E+0	7,687500E+2	4,447032E+0	7,687500E+2	4,430867E-1	7,687500E+2	3,917762E+0	7,687500E+2	-6,301900E-1
7,703125E+2	5,084122E+0	7,703125E+2	5,777238E+0	7,703125E+2	5,107244E+0	7,703125E+2	5,365574E+0	7,703125E+2	5,199233E+0	7,703125E+2	5,120205E+0	7,703125E+2	5,161697E+0	7,703125E+2	4,050061E+0	7,703125E+2	4,534080E+0	7,703125E+2	1,755245E+0	7,703125E+2	4,376406E+0	7,703125E+2	3,429783E-1	7,703125E+2	3,943638E+0	7,703125E+2	-6,551994E-1
7,718750E+2	5,273834E+0	7,718750E+2	5,447949E+0	7,718750E+2	5,256738E+0	7,718750E+2	5,362980E+0	7,718750E+2	5,225481E+0	7,718750E+2	5,037557E+0	7,718750E+2	5,071750E+0	7,718750E+2	4,096817E+0	7,718750E+2	4,581546E+0	7,718750E+2	1,619098E+0	7,718750E+2	4,329848E+0	7,718750E+2	1,933805E-1	7,718750E+2	4,124171E+0	7,718750E+2	-6,260835E-1
7,734375E+2	5,582156E+0	7,734375E+2	5,120450E+0	7,734375E+2	5,402043E+0	7,734375E+2	5,380296E+0	7,734375E+2	5,434627E+0	7,734375E+2	5,083882E+0	7,734375E+2	5,140426E+0	7,734375E+2	3,861638E+0	7,734375E+2	4,662876E+0	7,734375E+2	1,617592E+0	7,734375E+2	4,361412E+0	7,734375E+2	1,528708E-1	7,734375E+2	4,151829E+0	7,734375E+2	-5,044776E-1
7,750000E+2	5,492181E+0	7,750000E+2	5,324863E+0	7,750000E+2	5,578033E+0	7,750000E+2	5,402420E+0	7,750000E+2	5,587191E+0	7,750000E+2	5,152087E+0	7,750000E+2	5,536121E+0	7,750000E+2	3,993089E+0	7,750000E+2	4,803373E+0	7,750000E+2	1,688848E+0	7,750000E+2	4,416987E+0	7,750000E+2	2,001339E-1	7,750000E+2	4,078787E+0	7,750000E+2	-6,162445E-1
7,765625E+2	5,665204E+0	7,765625E+2	5,556236E+0	7,765625E+2	5,547443E+0	7,765625E+2	5,498533E+0	7,765625E+2	5,576576E+0	7,765625E+2	5,130009E+0	7,765625E+2	5,526012E+0	7,765625E+2	4,135202E+0	7,765625E+2	4,743731E+0	7,765625E+2	1,610335E+0	7,765625E+2	4,490329E+0	7,765625E+2	2,093129E-1	7,765625E+2	4,160171E+0	7,765625E+2	-6,953487E-1
7,781250E+2	6,586337E+0	7,781250E+2	5,391673E+0	7,781250E+2	6,147810E+0	7,781250E+2	5,306723E+0	7,781250E+2	5,607107E+0	7,781250E+2	5,206467E+0	7,781250E+2	5,701679E+0	7,781250E+2	4,092552E+0	7,781250E+2	4,838189E+0	7,781250E+2	1,530859E+0	7,781250E+2	4,524809E+0	7,781250E+2	8,988386E-2	7,781250E+2	4,220710E+0	7,781250E+2	-6,323873E-1
7,796875E+2	6,031696E+0	7,796875E+2	5,518168E+0	7,796875E+2	5,971930E+0	7,796875E+2	5,488534E+0	7,796875E+2	5,972475E+0	7,796875E+2	5,201414E+0	7,796875E+2	5,525451E+0	7,796875E+2	4,099621E+0	7,796875E+2	4,849019E+0	7,796875E+2	1,433709E+0	7,796875E+2	4,600809E+0	7,796875E+2	1,211284E-1	7,796875E+2	4,317991E+0	7,796875E+2	-5,637258E-1
7,812500E+2	5,450780E+0	7,812500E+2	5,502992E+0	7,812500E+2	5,572065E+0	7,812500E+2	5,508623E+0	7,812500E+2	5,903222E+0	7,812500E+2	5,279004E+0	7,812500E+2	5,662024E+0	7,812500E+2	4,169655E+0	7,812500E+2	4,875383E+0	7,812500E+2	1,366141E+0	7,812500E+2	4,568816E+0	7,812500E+2	9,029224E-2	7,812500E+2	4,199976E+0	7,812500E+2	-5,905575E-1
7,828125E+2	5,612987E+0	7,828125E+2	5,604075E+0	7,828125E+2	6,062108E+0	7,828125E+2	5,584034E+0	7,828125E+2	6,061032E+0	7,828125E+2	5,292289E+0	7,828125E+2	5,945186E+0	7,828125E+2	4,022741E+0	7,828125E+2	4,982975E+0	7,828125E+2	1,381034E+0	7,828125E+2	4,543714E+0	7,828125E+2	1,129338E-1	7,828125E+2	4,135959E+0	7,828125E+2	-4,976916E-1
7,843750E+2	6,253790E+0	7,843750E+2	5,738059E+0	7,843750E+2	6,156594E+0	7,843750E+2	5,526106E+0	7,843750E+2	6,215614E+0	7,843750E+2	5,282769E+0	7,843750E+2	5,951674E+0	7,843750E+2	4,097449E+0	7,843750E+2	5,134908E+0	7,843750E+2	1,279983E+0	7,843750E+2	4,561664E+0	7,843750E+2	1,821959E-1	7,843750E+2	4,171955E+0	7,843750E+2	-6,097622E-1
7,859375E+2	6,256104E+0	7,859375E+2	5,554220E+0	7,859375E+2	6,391130E+0	7,859375E+2	5,489578E+0	7,859375E+2	6,242077E+0	7,859375E+2	5,303219E+0	7,859375E+2	5,966097E+0	7,859375E+2	4,056153E+0	7,859375E+2	5,136416E+0	7,859375E+2	1,401646E+0	7,859375E+2	4,401357E+0	7,859375E+2	2,132660E-1	7,859375E+2	4,168381E+0	7,859375E+2	-6,844690E-1
7,875000E+2	6,723567E+0	7,875000E+2	5,466758E+0	7,875000E+2	6,572731E+0	7,875000E+2	5,613547E+0	7,875000E+2	6,454624E+0	7,875000E+2	5,403485E+0	7,875000E+2	6,172899E+0	7,875000E+2	4,173802E+0	7,875000E+2	5,053872E+0	7,875000E+2	1,441824E+0	7,875000E+2	4,536510E+0	7,875000E+2	3,129454E-1	7,875000E+2	4,125251E+0	7,875000E+2	-6,017896E-1
7,890625E+2	6,764072E+0	7,890625E+2	5,605535E+0	7,890625E+2	6,620441E+0	7,890625E+2	5,739046E+0	7,890625E+2	6,586820E+0	7,890625E+2	5,367969E+0	7,890625E+2	6,322541E+0	7,890625E+2	3,795821E+0	7,890625E+2	5,062093E+0	7,890625E+2	1,367878E+0	7,890625E+2	4,627449E+0	7,890625E+2	1,958224E-1	7,890625E+2	4,268344E+0	7,890625E+2	-6,170836E-1
7,906250E+2	6,776774E+0	7,906250E+2	5,521862E+0	7,906250E+2	6,745871E+0	7,906250E+2	5,705309E+0	7,906250E+2	6,751188E+0	7,906250E+2	5,297416E+0	7,906250E+2	6,293635E+0	7,906250E+2	3,944099E+0	7,906250E+2	5,104341E+0	7,906250E+2	1,436523E+0	7,906250E+2	4,480854E+0	7,906250E+2	1,088427E-1	7,906250E+2	4,366247E+0	7,906250E+2	-6,954424E-1
7,921875E+2	7,016450E+0	7,921875E+2	5,881110E+0	7,921875E+2	6,963252E+0	7,921875E+2	5,732550E+0	7,921875E+2	6,784509E+0	7,921875E+2	5,337393E+0	7,921875E+2	6,428102E+0	7,921875E+2	4,077884E+0	7,921875E+2	5,317366E+0	7,921875E+2	1,412076E+0	7,921875E+2	4,465936E+0	7,921875E+2	3,934533E-2	7,921875E+2	4,415784E+0	7,921875E+2	-7,503218E-1
7,937500E+2	7,379567E+0	7,937500E+2	5,971334E+0	7,937500E+2	7,043820E+0	7,937500E+2	5,693570E+0	7,937500E+2	7,000604E+0	7,937500E+2	5,375279E+0	7,937500E+2	6,530085E+0	7,937500E+2	4,078135E+0	7,937500E+2	5,411358E+0	7,937500E+2	1,257345E+0	7,937500E+2	4,537239E+0	7,937500E+2	4,123380E-2	7,937500E+2	4,316841E+0	7,937500E+2	-7,352505E-1
7,953125E+2	7,296747E+0	7,953125E+2	5,795634E+0	7,953125E+2	7,198442E+0	7,953125E+2	5,650089E+0	7,953125E+2	7,092519E+0	7,953125E+2	5,353744E+0	7,953125E+2	6,516662E+0	7,953125E+2	4,059419E+0	7,953125E+2	5,242397E+0	7,953125E+2	1,336427E+0	7,953125E+2	4,629309E+0	7,953125E+2	1,206611E-1	7,953125E+2	4,300468E+0	7,953125E+2	-6,660083E-1
7,968750E+2	7,434014E+0	7,968750E+2	5,838847E+0	7,968750E+2	7,284898E+0	7,968750E+2	5,636985E+0	7,968750E+2	7,268763E+0	7,968750E+2	5,239029E+0	7,968750E+2	6,503643E+0	7,968750E+2	4,051488E+0	7,968750E+2	5,054684E+0	7,968750E+2	1,388071E+0	7,968750E+2	4,726706E+0	7,968750E+2	1,930909E-1	7,968750E+2	4,322760E+0	7,968750E+2	-6,622782E-1
7,984375E+2	7,724914E+0	7,984375E+2	5,886211E+0	7,984375E+2	7,361893E+0	7,984375E+2	5,593363E+0	7,984375E+2	7,385217E+0	7,984375E+2	5,271988E+0	7,984375E+2	6,574249E+0	7,984375E+2	3,990594E+0	7,984375E+2	5,293011E+0	7,984375E+2	1,166059E+0	7,984375E+2	4,682695E+0	7,984375E+2	1,326742E-1	7,984375E+2	4,251348E+0	7,984375E+2	-6,881316E-1
8,000000E+2	7,633899E+0	8,000000E+2	5,664881E+0	8,000000E+2	7,703459E+0	8,000000E+2	5,527587E+0	8,000000E+2	7,490329E+0	8,000000E+2	5,183185E+0	8,000000E+2	6,835750E+0	8,000000E+2	3,968738E+0	8,000000E+2	5,391020E+0	8,000000E+2	1,122954E+0	8,000000E+2	4,722891E+0	8,000000E+2	1,482310E-1	8,000000E+2	4,270288E+0	8,000000E+2	-8,152082E-1
8,015625E+2	7,700395E+0	8,015625E+2	5,615113E+0	8,015625E+2	7,864962E+0	8,015625E+2	5,679339E+0	8,015625E+2	7,803645E+0	8,015625E+2	5,183175E+0	8,015625E+2	6,872438E+0	8,015625E+2	3,955261E+0	8,015625E+2	5,373972E+0	8,015625E+2	1,201640E+0	8,015625E+2	4,757327E+0	8,015625E+2	1,668276E-2	8,015625E+2	4,289241E+0	8,015625E+2	-8,553385E-1
8,031250E+2	7,830419E+0	8,031250E+2	5,650978E+0	8,031250E+2	7,766439E+0	8,031250E+2	5,524871E+0	8,031250E+2	7,699939E+0	8,031250E+2	5,285560E+0	8,031250E+2	6,947669E+0	8,031250E+2	3,957282E+0	8,031250E+2	5,421467E+0	8,031250E+2	1,212583E+0	8,031250E+2	4,743155E+0	8,031250E+2	1,048477E-2	8,031250E+2	4,391903E+0	8,031250E+2	-7,693850E-1
8,046875E+2	8,243634E+0	8,046875E+2	5,552909E+0	8,046875E+2	8,119336E+0	8,046875E+2	5,475581E+0	8,046875E+2	7,939504E+0	8,046875E+2	5,210795E+0	8,046875E+2	7,001885E+0	8,046875E+2	3,934352E+0	8,046875E+2	5,476069E+0	8,046875E+2	1,108378E+0	8,046875E+2	4,694887E+0	8,046875E+2	1,428567E-1	8,046875E+2	4,372317E+0	8,046875E+2	-7,111201E-1
8,062500E+2	8,153811E+0	8,062500E+2	5,412977E+0	8,062500E+2	8,275844E+0	8,062500E+2	5,491490E+0	8,062500E+2	8,219459E+0	8,062500E+2	5,186716E+0	8,062500E+2	7,297367E+0	8,062500E+2	3,681350E+0	8,062500E+2	5,552647E+0	8,062500E+2	1,192375E+0	8,062500E+2	4,694400E+0	8,062500E+2	1,613822E-2	8,062500E+2	4,269581E+0	8,062500E+2	-6,798916E-1
8,078125E+2	8,428654E+0	8,078125E+2	5,386281E+0	8,078125E+2	8,377414E+0	8,078125E+2	5,470437E+0	8,078125E+2	8,193821E+0	8,078125E+2	5,305484E+0	8,078125E+2	7,454108E+0	8,078125E+2	3,720217E+0	8,078125E+2	5,606525E+0	8,078125E+2	1,207271E+0	8,078125E+2	4,784572E+0	8,078125E+2	-2,542632E-4	8,078125E+2	4,297088E+0	8,078125E+2	-7,714788E-1
8,093750E+2	8,709766E+0	8,093750E+2	5,561730E+0	8,093750E+2	8,672906E+0	8,093750E+2	5,376261E+0	8,093750E+2	8,572120E+0	8,093750E+2	5,205557E+0	8,093750E+2	7,454871E+0	8,093750E+2	3,839668E+0	8,093750E+2	5,681328E+0	8,093750E+2	1,130555E+0	8,093750E+2	4,857734E+0	8,093750E+2	-3,683677E-2	8,093750E+2	4,305477E+0	8,093750E+2	-8,208906E-1
8,109375E+2	8,765712E+0	8,109375E+2	5,453523E+0	8,109375E+2	8,738590E+0	8,109375E+2	5,439724E+0	8,109375E+2	8,616132E+0	8,109375E+2	5,039911E+0	8,109375E+2	7,484618E+0	8,109375E+2	3,720481E+0	8,109375E+2	5,668745E+0	8,109375E+2	1,165155E+0	8,109375E+2	4,847992E+0	8,109375E+2	-7,821974E-2	8,109375E+2	4,328595E+0	8,109375E+2	-8,738707E-1
8,125000E+2	8,912943E+0	8,125000E+2	5,466028E+0	8,125000E+2	8,817359E+0	8,125000E+2	5,446694E+0	8,125000E+2	8,617203E+0	8,125000E+2	4,889027E+0	8,125000E+2	7,694227E+0	8,125000E+2	3,666509E+0	8,125000E+2	5,686594E+0	8,125000E+2	1,087199E+0	8,125000E+2	4,877951E+0	8,125000E+2	1,483118E-1	8,125000E+2	4,345630E+0	8,125000E+2	-7,447664E-1
8,140625E+2	9,389916E+0	8,140625E+2	5,770674E+0	8,140625E+2	9,215406E+0	8,140625E+2	5,344858E+0	8,140625E+2	8,913534E+0	8,140625E+2	4,950957E+0	8,140625E+2	7,785860E+0	8,140625E+2	3,605590E+0	8,140625E+2	5,748122E+0	8,140625E+2	1,147670E+0	8,140625E+2	4,889214E+0	8,140625E+2	2,396924E-3	8,140625E+2	4,364998E+0	8,140625E+2	-7,020401E-1
8,156250E+2	9,423348E+0	8,156250E+2	5,403023E+0	8,156250E+2	9,314749E+0	8,156250E+2	5,332489E+0	8,156250E+2	8,826699E+0	8,156250E+2	5,011529E+0	8,156250E+2	7,858822E+0	8,156250E+2	3,489267E+0	8,156250E+2	5,781389E+0	8,156250E+2	1,083767E+0	8,156250E+2	4,939332E+0	8,156250E+2	-4,694693E-2	8,156250E+2	4,331490E+0	8,156250E+2	-8,596146E-1
8,171875E+2	9,415199E+0	8,171875E+2	5,206836E+0	8,171875E+2	9,523925E+0	8,171875E+2	5,114982E+0	8,171875E+2	9,329182E+0	8,171875E+2	4,697192E+0	8,171875E+2	8,004267E+0	8,171875E+2	3,486212E+0	8,171875E+2	5,785340E+0	8,171875E+2	9,736273E-1	8,171875E+2	5,013397E+0	8,171875E+2	-4,809386E-2	8,171875E+2	4,354705E+0	8,171875E+2	-9,147871E-1
8,187500E+2	9,354963E+0	8,187500E+2	4,918302E+0	8,187500E+2	9,625181E+0	8,187500E+2	5,020569E+0	8,187500E+2	9,354495E+0	8,187500E+2	4,818328E+0	8,187500E+2	8,237623E+0	8,187500E+2	3,479374E+0	8,187500E+2	5,829421E+0	8,187500E+2	1,025543E+0	8,187500E+2	5,007002E+0	8,187500E+2	-2,587083E-2	8,187500E+2	4,423742E+0	8,187500E+2	-8,902600E-1
8,203125E+2	9,498423E+0	8,203125E+2	4,944876E+0	8,203125E+2	9,731005E+0	8,203125E+2	4,938064E+0	8,203125E+2	9,488830E+0	8,203125E+2	4,655716E+0	8,203125E+2	8,224702E+0	8,203125E+2	3,571552E+0	8,203125E+2	5,911608E+0	8,203125E+2	1,037806E+0	8,203125E+2	4,938174E+0	8,203125E+2	-1,869766E-1	8,203125E+2	4,459144E+0	8,203125E+2	-8,927909E-1
8,218750E+2	9,639310E+0	8,218750E+2	4,920562E+0	8,218750E+2	9,900222E+0	8,218750E+2	4,805196E+0	8,218750E+2	9,645498E+0	8,218750E+2	4,557199E+0	8,218750E+2	8,318447E+0	8,218750E+2	3,319992E+0	8,218750E+2	5,879275E+0	8,218750E+2	9,675276E-1	8,218750E+2	4,951649E+0	8,218750E+2	-1,745226E-1	8,218750E+2	4,454528E+0	8,218750E+2	-8,771465E-1
8,234375E+2	1,047148E+1	8,234375E+2	4,900237E+0	8,234375E+2	1,000995E+1	8,234375E+2	4,921072E+0	8,234375E+2	9,841045E+0	8,234375E+2	4,477656E+0	8,234375E+2	8,424184E+0	8,234375E+2	3,184937E+0	8,234375E+2	5,853299E+0	8,234375E+2	9,930301E-1	8,234375E+2	4,931468E+0	8,234375E+2	-1,061403E-1	8,234375E+2	4,451295E+0	8,234375E+2	-8,987966E-1
8,250000E+2	1,057063E+1	8,250000E+2	4,859058E+0	8,250000E+2	1,032558E+1	8,250000E+2	4,635622E+0	8,250000E+2	9,820770E+0	8,250000E+2	4,433183E+0	8,250000E+2	8,454624E+0	8,250000E+2	3,142324E+0	8,250000E+2	5,938031E+0	8,250000E+2	8,350369E-1	8,250000E+2	4,962833E+0	8,250000E+2	-2,274977E-1	8,250000E+2	4,435561E+0	8,250000E+2	-8,539577E-1
8,265625E+2	1,074351E+1	8,265625E+2	4,788402E+0	8,265625E+2	1,044454E+1	8,265625E+2	4,509886E+0	8,265625E+2	1,014851E+1	8,265625E+2	4,206431E+0	8,265625E+2	8,598548E+0	8,265625E+2	3,108517E+0	8,265625E+2	5,969268E+0	8,265625E+2	8,548060E-1	8,265625E+2	4,933133E+0	8,265625E+2	-1,866700E-1	8,265625E+2	4,463518E+0	8,265625E+2	-8,240152E-1
8,281250E+2	1,078645E+1	8,281250E+2	4,588505E+0	8,281250E+2	1,037350E+1	8,281250E+2	4,474829E+0	8,281250E+2	1,026643E+1	8,281250E+2	4,233773E+0	8,281250E+2	8,674852E+0	8,281250E+2	3,100310E+0	8,281250E+2	5,998468E+0	8,281250E+2	8,853221E-1	8,281250E+2	4,979122E+0	8,281250E+2	-1,775376E-1	8,281250E+2	4,409718E+0	8,281250E+2	-8,444754E-1
8,296875E+2	1,064743E+1	8,296875E+2	4,117135E+0	8,296875E+2	1,077300E+1	8,296875E+2	4,288503E+0	8,296875E+2	1,049969E+1	8,296875E+2	4,094773E+0	8,296875E+2	8,817751E+0	8,296875E+2	2,863212E+0	8,296875E+2	6,086516E+0	8,296875E+2	8,612104E-1	8,296875E+2	4,946804E+0	8,296875E+2	-1,983275E-1	8,296875E+2	4,379162E+0	8,296875E+2	-8,701848E-1
8,312500E+2	1,108672E+1	8,312500E+2	4,017234E+0	8,312500E+2	1,124159E+1	8,312500E+2	4,264741E+0	8,312500E+2	1,073499E+1	8,312500E+2	4,086139E+0	8,312500E+2	8,933382E+0	8,312500E+2	2,961873E+0	8,312500E+2	6,111083E+0	8,312500E+2	8,122607E-1	8,312500E+2	4,962352E+0	8,312500E+2	-2,823177E-1	8,312500E+2	4,422859E+0	8,312500E+2	-9,040216E-1
8,328125E+2	1,135363E+1	8,328125E+2	4,320719E+0	8,328125E+2	1,120031E+1	8,328125E+2	4,045046E+0	8,328125E+2	1,057533E+1	8,328125E+2	3,936653E+0	8,328125E+2	8,990553E+0	8,328125E+2	2,888492E+0	8,328125E+2	6,102336E+0	8,328125E+2	8,639117E-1	8,328125E+2	4,972158E+0	8,328125E+2	-2,407321E-1	8,328125E+2	4,453644E+0	8,328125E+2	-9,170057E-1
8,343750E+2	1,109195E+1	8,343750E+2	4,180060E+0	8,343750E+2	1,098145E+1	8,343750E+2	4,059327E+0	8,343750E+2	1,072745E+1	8,343750E+2	3,696384E+0	8,343750E+2	9,189761E+0	8,343750E+2	2,769106E+0	8,343750E+2	6,215142E+0	8,343750E+2	9,421606E-1	8,343750E+2	4,988139E+0	8,343750E+2	-2,899290E-1	8,343750E+2	4,480704E+0	8,343750E+2	-9,144919E-1
8,359375E+2	1,141890E+1	8,359375E+2	4,361995E+0	8,359375E+2	1,134825E+1	8,359375E+2	3,882826E+0	8,359375E+2	1,081639E+1	8,359375E+2	3,677996E+0	8,359375E+2	9,155242E+0	8,359375E+2	2,688075E+0	8,359375E+2	6,145699E+0	8,359375E+2	7,762362E-1	8,359375E+2	4,990801E+0	8,359375E+2	-2,479812E-1	8,359375E+2	4,469332E+0	8,359375E+2	-9,924898E-1
8,375000E+2	1,162152E+1	8,375000E+2	3,380892E+0	8,375000E+2	1,175437E+1	8,375000E+2	3,498341E+0	8,375000E+2	1,104812E+1	8,375000E+2	3,331457E+0	8,375000E+2	9,308569E+0	8,375000E+2	2,552810E+0	8,375000E+2	6,134313E+0	8,375000E+2	7,230680E-1	8,375000E+2	5,052432E+0	8,375000E+2	-3,163975E-1	8,375000E+2	4,436308E+0	8,375000E+2	-1,006532E+0
8,390625E+2	1,171088E+1	8,390625E+2	3,133689E+0	8,390625E+2	1,161593E+1	8,390625E+2	3,648780E+0	8,390625E+2	1,130311E+1	8,390625E+2	3,474442E+0	8,390625E+2	9,404244E+0	8,390625E+2	2,600331E+0	8,390625E+2	6,172573E+0	8,390625E+2	8,151390E-1	8,390625E+2	5,104912E+0	8,390625E+2	-2,831164E-1	8,390625E+2	4,468126E+0	8,390625E+2	-1,046162E+0
8,406250E+2	1,141482E+1	8,406250E+2	3,841051E+0	8,406250E+2	1,190048E+1	8,406250E+2	3,683886E+0	8,406250E+2	1,142994E+1	8,406250E+2	3,217293E+0	8,406250E+2	9,376681E+0	8,406250E+2	2,432291E+0	8,406250E+2	6,242424E+0	8,406250E+2	7,021176E-1	8,406250E+2	5,097948E+0	8,406250E+2	-3,121452E-1	8,406250E+2	4,446331E+0	8,406250E+2	-1,000655E+0
8,421875E+2	1,210133E+1	8,421875E+2	3,469464E+0	8,421875E+2	1,194596E+1	8,421875E+2	3,051330E+0	8,421875E+2	1,149409E+1	8,421875E+2	3,069950E+0	8,421875E+2	9,384395E+0	8,421875E+2	2,337597E+0	8,421875E+2	6,252023E+0	8,421875E+2	5,827881E-1	8,421875E+2	5,055006E+0	8,421875E+2	-2,615409E-1	8,421875E+2	4,498625E+0	8,421875E+2	-1,030755E+0
8,437500E+2	1,195171E+1	8,437500E+2	2,765418E+0	8,437500E+2	1,225577E+1	8,437500E+2	3,189986E+0	8,437500E+2	1,141565E+1	8,437500E+2	3,095799E+0	8,437500E+2	9,185150E+0	8,437500E+2	2,183859E+0	8,437500E+2	6,162572E+0	8,437500E+2	6,572173E-1	8,437500E+2	5,051475E+0	8,437500E+2	-3,283536E-1	8,437500E+2	4,475591E+0	8,437500E+2	-1,051723E+0
8,453125E+2	1,225904E+1	8,453125E+2	2,912910E+0	8,453125E+2	1,203626E+1	8,453125E+2	2,966813E+0	8,453125E+2	1,167773E+1	8,453125E+2	2,669197E+0	8,453125E+2	9,546272E+0	8,453125E+2	1,996859E+0	8,453125E+2	6,215542E+0	8,453125E+2	5,107490E-1	8,453125E+2	5,134800E+0	8,453125E+2	-3,324957E-1	8,453125E+2	4,439221E+0	8,453125E+2	-1,076597E+0
8,468750E+2	1,242603E+1	8,468750E+2	2,721312E+0	8,468750E+2	1,234735E+1	8,468750E+2	2,802894E+0	8,468750E+2	1,175797E+1	8,468750E+2	2,616563E+0	8,468750E+2	9,898823E+0	8,468750E+2	1,908854E+0	8,468750E+2	6,306132E+0	8,468750E+2	4,770876E-1	8,468750E+2	5,140202E+0	8,468750E+2	-4,070558E-1	8,468750E+2	4,518401E+0	8,468750E+2	-1,048548E+0
8,484375E+2	1,278931E+1	8,484375E+2	2,443099E+0	8,484375E+2	1,279668E+1	8,484375E+2	2,502408E+0	8,484375E+2	1,187806E+1	8,484375E+2	2,368693E+0	8,484375E+2	9,674446E+0	8,484375E+2	1,945738E+0	8,484375E+2	6,265048E+0	8,484375E+2	5,479962E-1	8,484375E+2	5,048227E+0	8,484375E+2	-4,053693E-1	8,484375E+2	4,515135E+0	8,484375E+2	-1,046177E+0
8,500000E+2	1,359377E+1	8,500000E+2	2,420624E+0	8,500000E+2	1,286101E+1	8,500000E+2	2,301129E+0	8,500000E+2	1,215279E+1	8,500000E+2	2,201358E+0	8,500000E+2	9,955223E+0	8,500000E+2	1,812307E+0	8,500000E+2	6,332858E+0	8,500000E+2	4,367272E-1	8,500000E+2	5,046017E+0	8,500000E+2	-4,883576E-1	8,500000E+2	4,479662E+0	8,500000E+2	-1,100984E+0
8,515625E+2	1,273669E+1	8,515625E+2	1,930176E+0	8,515625E+2	1,312051E+1	8,515625E+2	2,136506E+0	8,515625E+2	1,248969E+1	8,515625E+2	1,981098E+0	8,515625E+2	1,008979E+1	8,515625E+2	1,736322E+0	8,515625E+2	6,561515E+0	8,515625E+2	3,684235E-1	8,515625E+2	5,101663E+0	8,515625E+2	-4,506687E-1	8,515625E+2	4,504461E+0	8,515625E+2	-1,057055E+0
8,531250E+2	1,283777E+1	8,531250E+2	1,779942E+0	8,531250E+2	1,266960E+1	8,531250E+2	2,072233E+0	8,531250E+2	1,218074E+1	8,531250E+2	1,809628E+0	8,531250E+2	9,971003E+0	8,531250E+2	1,546450E+0	8,531250E+2	6,541076E+0	8,531250E+2	3,997504E-1	8,531250E+2	5,181814E+0	8,531250E+2	-4,452993E-1	8,531250E+2	4,461065E+0	8,531250E+2	-1,090996E+0
8,546875E+2	1,313168E+1	8,546875E+2	1,747709E+0	8,546875E+2	1,280355E+1	8,546875E+2	1,382161E+0	8,546875E+2	1,214509E+1	8,546875E+2	1,382140E+0	8,546875E+2	9,947919E+0	8,546875E+2	1,275758E+0	8,546875E+2	6,470906E+0	8,546875E+2	3,330417E-1	8,546875E+2	5,027171E+0	8,546875E+2	-4,457429E-1	8,546875E+2	4,498865E+0	8,546875E+2	-1,105867E+0
8,562500E+2	1,373671E+1	8,562500E+2	1,466523E+0	8,562500E+2	1,316787E+1	8,562500E+2	1,403390E+0	8,562500E+2	1,256550E+1	8,562500E+2	1,405613E+0	8,562500E+2	1,026150E+1	8,562500E+2	1,286677E+0	8,562500E+2	6,491766E+0	8,562500E+2	1,973252E-1	8,562500E+2	5,133905E+0	8,562500E+2	-5,254874E-1	8,562500E+2	4,557585E+0	8,562500E+2	-1,118016E+0
8,578125E+2	1,341048E+1	8,578125E+2	8,704537E-1	8,578125E+2	1,310360E+1	8,578125E+2	1,108438E+0	8,578125E+2	1,257999E+1	8,578125E+2	1,049352E+0	8,578125E+2	1,014171E+1	8,578125E+2	1,163660E+0	8,578125E+2	6,483514E+0	8,578125E+2	1,957072E-1	8,578125E+2	5,191746E+0	8,578125E+2	-5,983144E-1	8,578125E+2	4,530020E+0	8,578125E+2	-1,112015E+0
8,593750E+2	1,286954E+1	8,593750E+2	3,189404E-1	8,593750E+2	1,305307E+1	8,593750E+2	9,348449E-1	8,593750E+2	1,247731E+1	8,593750E+2	9,838742E-1	8,593750E+2	1,025476E+1	8,593750E+2	1,005514E+0	8,593750E+2	6,418230E+0	8,593750E+2	2,793625E-1	8,593750E+2	5,234791E+0	8,593750E+2	-6,227583E-1	8,593750E+2	4,543887E+0	8,593750E+2	-1,116269E+0
8,609375E+2	1,347464E+1	8,609375E+2	2,781027E-1	8,609375E+2	1,344951E+1	8,609375E+2	9,922077E-1	8,609375E+2	1,284973E+1	8,609375E+2	9,245145E-1	8,609375E+2	1,029081E+1	8,609375E+2	9,379881E-1	8,609375E+2	6,597068E+0	8,609375E+2	2,431050E-1	8,609375E+2	5,213078E+0	8,609375E+2	-5,557557E-1	8,609375E+2	4,559814E+0	8,609375E+2	-1,101938E+0
8,625000E+2	1,390200E+1	8,625000E+2	6,314649E-1	8,625000E+2	1,347813E+1	8,625000E+2	6,635773E-1	8,625000E+2	1,287425E+1	8,625000E+2	7,266555E-1	8,625000E+2	1,046676E+1	8,625000E+2	9,435070E-1	8,625000E+2	6,693251E+0	8,625000E+2	6,935178E-2	8,625000E+2	5,155783E+0	8,625000E+2	-5,913208E-1	8,625000E+2	4,538398E+0	8,625000E+2	-1,016745E+0
8,640625E+2	1,346020E+1	8,640625E+2	8,629620E-1	8,640625E+2	1,378792E+1	8,640625E+2	1,749821E-1	8,640625E+2	1,266919E+1	8,640625E+2	2,751973E-1	8,640625E+2	1,049918E+1	8,640625E+2	6,009088E-1	8,640625E+2	6,534502E+0	8,640625E+2	3,814141E-2	8,640625E+2	5,217534E+0	8,640625E+2	-6,243303E-1	8,640625E+2	4,489662E+0	8,640625E+2	-1,014196E+0
8,656250E+2	1,350898E+1	8,656250E+2	-1,229688E-1	8,656250E+2	1,339823E+1	8,656250E+2	1,758510E-1	8,656250E+2	1,265749E+1	8,656250E+2	-6,291251E-2	8,656250E+2	1,035456E+1	8,656250E+2	2,637106E-1	8,656250E+2	6,543681E+0	8,656250E+2	-5,441351E-2	8,656250E+2	5,205754E+0	8,656250E+2	-5,798718E-1	8,656250E+2	4,434085E+0	8,656250E+2	-1,083279E+0
8,671875E+2	1,273553E+1	8,671875E+2	-6,777113E-1	8,671875E+2	1,333900E+1	8,671875E+2	-1,833390E-1	8,671875E+2	1,266254E+1	8,671875E+2	2,996546E-2	8,671875E+2	1,045965E+1	8,671875E+2	4,146073E-1	8,671875E+2	6,507831E+0	8,671875E+2	-1,018589E-1	8,671875E+2	5,272886E+0	8,671875E+2	-5,691507E-1	8,671875E+2	4,427243E+0	8,671875E+2	-1,108462E+0
8,687500E+2	1,292894E+1	8,687500E+2	-4,898838E-1	8,687500E+2	1,315334E+1	8,687500E+2	-4,978366E-1	8,687500E+2	1,259416E+1	8,687500E+2	-3,865653E-1	8,687500E+2	1,065760E+1	8,687500E+2	2,537922E-1	8,687500E+2	6,590261E+0	8,687500E+2	-1,345511E-1	8,687500E+2	5,286213E+0	8,687500E+2	-7,523554E-1	8,687500E+2	4,533177E+0	8,687500E+2	-1,120974E+0
8,703125E+2	1,333127E+1	8,703125E+2	-4,461118E-2	8,703125E+2	1,317745E+1	8,703125E+2	-4,004849E-1	8,703125E+2	1,274021E+1	8,703125E+2	-6,499641E-1	8,703125E+2	1,045202E+1	8,703125E+2	-1,229629E-1	8,703125E+2	6,608397E+0	8,703125E+2	-1,820999E-1	8,703125E+2	5,267683E+0	8,703125E+2	-6,197567E-1	8,703125E+2	4,528528E+0	8,703125E+2	-1,112409E+0
8,718750E+2	1,369988E+1	8,718750E+2	-5,659641E-1	8,718750E+2	1,325949E+1	8,718750E+2	-8,590304E-1	8,718750E+2	1,277990E+1	8,718750E+2	-1,059000E+0	8,718750E+2	1,019935E+1	8,718750E+2	-2,830920E-1	8,718750E+2	6,564558E+0	8,718750E+2	-1,840843E-1	8,718750E+2	5,309344E+0	8,718750E+2	-6,226035E-1	8,718750E+2	4,522410E+0	8,718750E+2	-1,153989E+0
8,734375E+2	1,337698E+1	8,734375E+2	-9,237171E-1	8,734375E+2	1,349819E+1	8,734375E+2	-1,781428E+0	8,734375E+2	1,243620E+1	8,734375E+2	-8,965133E-1	8,734375E+2	1,042033E+1	8,734375E+2	-4,809656E-1	8,734375E+2	6,696785E+0	8,734375E+2	-6,284586E-2	8,734375E+2	5,212481E+0	8,734375E+2	-7,333742E-1	8,734375E+2	4,534610E+0	8,734375E+2	-1,229029E+0
8,750000E+2	1,330250E+1	8,750000E+2	-1,345797E+0	8,750000E+2	1,360519E+1	8,750000E+2	-1,922676E+0	8,750000E+2	1,261812E+1	8,750000E+2	-1,390368E+0	8,750000E+2	1,032396E+1	8,750000E+2	-4,593195E-1	8,750000E+2	6,684385E+0	8,750000E+2	-2,107539E-1	8,750000E+2	5,219415E+0	8,750000E+2	-8,623939E-1	8,750000E+2	4,593144E+0	8,750000E+2	-1,210614E+0
8,765625E+2	1,369608E+1	8,765625E+2	-1,549772E+0	8,765625E+2	1,353448E+1	8,765625E+2	-1,902290E+0	8,765625E+2	1,289126E+1	8,765625E+2	-1,514169E+0	8,765625E+2	1,060669E+1	8,765625E+2	-6,568251E-1	8,765625E+2	6,567306E+0	8,765625E+2	3,038374E-3	8,765625E+2	5,146862E+0	8,765625E+2	-7,530276E-1	8,765625E+2	4,608010E+0	8,765625E+2	-1,214034E+0
8,781250E+2	1,325355E+1	8,781250E+2	-1,794191E+0	8,781250E+2	1,364720E+1	8,781250E+2	-1,859930E+0	8,781250E+2	1,274938E+1	8,781250E+2	-1,768076E+0	8,781250E+2	1,072336E+1	8,781250E+2	-9,411670E-1	8,781250E+2	6,522242E+0	8,781250E+2	-3,150224E-1	8,781250E+2	5,169796E+0	8,781250E+2	-7,439701E-1	8,781250E+2	4,512538E+0	8,781250E+2	-1,186114E+0
8,796875E+2	1,430250E+1	8,796875E+2	-1,079679E+0	8,796875E+2	1,311168E+1	8,796875E+2	-2,354884E+0	8,796875E+2	1,270467E+1	8,796875E+2	-1,793777E+0	8,796875E+2	1,067805E+1	8,796875E+2	-1,077734E+0	8,796875E+2	6,573735E+0	8,796875E+2	-3,931406E-1	8,796875E+2	5,252503E+0	8,796875E+2	-7,066768E-1	8,796875E+2	4,622001E+0	8,796875E+2	-1,159845E+0
8,812500E+2	1,372169E+1	8,812500E+2	-2,007762E+0	8,812500E+2	1,314331E+1	8,812500E+2	-2,421028E+0	8,812500E+2	1,232721E+1	8,812500E+2	-2,024506E+0	8,812500E+2	1,074976E+1	8,812500E+2	-9,102172E-1	8,812500E+2	6,632427E+0	8,812500E+2	-4,839879E-1	8,812500E+2	5,257090E+0	8,812500E+2	-7,312262E-1	8,812500E+2	4,560019E+0	8,812500E+2	-1,195436E+0
8,828125E+2	1,203482E+1	8,828125E+2	-2,852577E+0	8,828125E+2	1,323999E+1	8,828125E+2	-2,492884E+0	8,828125E+2	1,227388E+1	8,828125E+2	-2,252178E+0	8,828125E+2	1,043579E+1	8,828125E+2	-1,146138E+0	8,828125E+2	6,770053E+0	8,828125E+2	-5,805871E-1	8,828125E+2	5,268074E+0	8,828125E+2	-8,771889E-1	8,828125E+2	4,438960E+0	8,828125E+2	-1,222480E+0
8,843750E+2	1,294101E+1	8,843750E+2	-3,193713E+0	8,843750E+2	1,301917E+1	8,843750E+2	-2,251793E+0	8,843750E+2	1,226561E+1	8,843750E+2	-2,670351E+0	8,843750E+2	1,028840E+1	8,843750E+2	-1,359417E+0	8,843750E+2	6,777783E+0	8,843750E+2	-5,141075E-1	8,843750E+2	5,270750E+0	8,843750E+2	-8,782792E-1	8,843750E+2	4,578469E+0	8,843750E+2	-1,268347E+0
8,859375E+2	1,327740E+1	8,859375E+2	-2,578451E+0	8,859375E+2	1,308563E+1	8,859375E+2	-3,042947E+0	8,859375E+2	1,251328E+1	8,859375E+2	-2,813238E+0	8,859375E+2	1,048479E+1	8,859375E+2	-1,464681E+0	8,859375E+2	6,657116E+0	8,859375E+2	-6,658467E-1	8,859375E+2	5,346593E+0	8,859375E+2	-9,025378E-1	8,859375E+2	4,480383E+0	8,859375E+2	-1,252688E+0
8,875000E+2	1,196826E+1	8,875000E+2	-3,453977E+0	8,875000E+2	1,273920E+1	8,875000E+2	-3,441746E+0	8,875000E+2	1,234101E+1	8,875000E+2	-3,025576E+0	8,875000E+2	1,022013E+1	8,875000E+2	-1,456124E+0	8,875000E+2	6,703587E+0	8,875000E+2	-8,257539E-1	8,875000E+2	5,326485E+0	8,875000E+2	-8,203597E-1	8,875000E+2	4,428097E+0	8,875000E+2	-1,167344E+0
8,890625E+2	1,202329E+1	8,890625E+2	-4,050552E+0	8,890625E+2	1,258764E+1	8,890625E+2	-3,454221E+0	8,890625E+2	1,219727E+1	8,890625E+2	-3,214723E+0	8,890625E+2	1,011837E+1	8,890625E+2	-1,810212E+0	8,890625E+2	6,881836E+0	8,890625E+2	-7,150599E-1	8,890625E+2	5,124724E+0	8,890625E+2	-9,144710E-1	8,890625E+2	4,415871E+0	8,890625E+2	-1,206106E+0
8,906250E+2	1,252537E+1	8,906250E+2	-4,626118E+0	8,906250E+2	1,285900E+1	8,906250E+2	-3,566172E+0	8,906250E+2	1,223382E+1	8,906250E+2	-3,390938E+0	8,906250E+2	1,038346E+1	8,906250E+2	-1,951690E+0	8,906250E+2	6,848227E+0	8,906250E+2	-6,213165E-1	8,906250E+2	5,261268E+0	8,906250E+2	-9,258146E-1	8,906250E+2	4,438395E+0	8,906250E+2	-1,277428E+0
8,921875E+2	1,165838E+1	8,921875E+2	-4,263299E+0	8,921875E+2	1,238646E+1	8,921875E+2	-3,782359E+0	8,921875E+2	1,190165E+1	8,921875E+2	-3,478909E+0	8,921875E+2	1,020926E+1	8,921875E+2	-2,131944E+0	8,921875E+2	6,610523E+0	8,921875E+2	-8,959204E-1	8,921875E+2	5,259990E+0	8,921875E+2	-9,997974E-1	8,921875E+2	4,410437E+0	8,921875E+2	-1,248840E+0
8,937500E+2	1,198493E+1	8,937500E+2	-4,843575E+0	8,937500E+2	1,228930E+1	8,937500E+2	-4,015643E+0	8,937500E+2	1,185706E+1	8,937500E+2	-3,722853E+0	8,937500E+2	1,012077E+1	8,937500E+2	-2,429916E+0	8,937500E+2	6,816167E+0	8,937500E+2	-9,695635E-1	8,937500E+2	5,179530E+0	8,937500E+2	-1,163632E+0	8,937500E+2	4,544026E+0	8,937500E+2	-1,199843E+0
8,953125E+2	1,223120E+1	8,953125E+2	-4,598324E+0	8,953125E+2	1,249870E+1	8,953125E+2	-3,768644E+0	8,953125E+2	1,168315E+1	8,953125E+2	-3,764022E+0	8,953125E+2	9,977977E+0	8,953125E+2	-2,100532E+0	8,953125E+2	6,897654E+0	8,953125E+2	-8,580334E-1	8,953125E+2	5,263306E+0	8,953125E+2	-8,934667E-1	8,953125E+2	4,515885E+0	8,953125E+2	-1,251210E+0
8,968750E+2	1,062764E+1	8,968750E+2	-4,873403E+0	8,968750E+2	1,160545E+1	8,968750E+2	-4,457195E+0	8,968750E+2	1,148003E+1	8,968750E+2	-3,978438E+0	8,968750E+2	9,841955E+0	8,968750E+2	-2,418315E+0	8,968750E+2	6,718396E+0	8,968750E+2	-6,708261E-1	8,968750E+2	5,170354E+0	8,968750E+2	-9,287242E-1	8,968750E+2	4,489824E+0	8,968750E+2	-1,328387E+0
8,984375E+2	1,057899E+1	8,984375E+2	-5,239894E+0	8,984375E+2	1,152843E+1	8,984375E+2	-4,626810E+0	8,984375E+2	1,152463E+1	8,984375E+2	-4,199662E+0	8,984375E+2	1,008561E+1	8,984375E+2	-2,575516E+0	8,984375E+2	6,776365E+0	8,984375E+2	-8,352631E-1	8,984375E+2	5,196246E+0	8,984375E+2	-8,552849E-1	8,984375E+2	4,573105E+0	8,984375E+2	-1,258771E+0
9,000000E+2	1,175974E+1	9,000000E+2	-4,879798E+0	9,000000E+2	1,151482E+1	9,000000E+2	-4,387406E+0	9,000000E+2	1,139290E+1	9,000000E+2	-4,246258E+0	9,000000E+2	1,020630E+1	9,000000E+2	-2,584666E+0	9,000000E+2	6,758264E+0	9,000000E+2	-8,841510E-1	9,000000E+2	5,196165E+0	9,000000E+2	-1,085270E+0	9,000000E+2	4,584346E+0	9,000000E+2	-1,233499E+0
9,015625E+2	1,245908E+1	9,015625E+2	-4,403358E+0	9,015625E+2	1,134834E+1	9,015625E+2	-4,290392E+0	9,015625E+2	1,106749E+1	9,015625E+2	-4,228815E+0	9,015625E+2	9,996649E+0	9,015625E+2	-2,634465E+0	9,015625E+2	6,722227E+0	9,015625E+2	-9,900991E-1	9,015625E+2	5,175353E+0	9,015625E+2	-9,789133E-1	9,015625E+2	4,555403E+0	9,015625E+2	-1,300212E+0
9,031250E+2	1,203688E+1	9,031250E+2	-5,486465E+0	9,031250E+2	1,099437E+1	9,031250E+2	-4,904770E+0	9,031250E+2	1,114881E+1	9,031250E+2	-4,429914E+0	9,031250E+2	1,009519E+1	9,031250E+2	-2,734751E+0	9,031250E+2	6,711044E+0	9,031250E+2	-1,112218E+0	9,031250E+2	5,213386E+0	9,031250E+2	-1,086439E+0	9,031250E+2	4,460231E+0	9,031250E+2	-1,282736E+0
9,046875E+2	1,235217E+1	9,046875E+2	-5,432120E+0	9,046875E+2	1,145162E+1	9,046875E+2	-5,072403E+0	9,046875E+2	1,096845E+1	9,046875E+2	-4,647778E+0	9,046875E+2	9,962496E+0	9,046875E+2	-3,237258E+0	9,046875E+2	6,801850E+0	9,046875E+2	-1,358067E+0	9,046875E+2	5,214472E+0	9,046875E+2	-1,347628E+0	9,046875E+2	4,517478E+0	9,046875E+2	-1,309939E+0
9,062500E+2	1,125714E+1	9,062500E+2	-5,533081E+0	9,062500E+2	1,122857E+1	9,062500E+2	-5,396700E+0	9,062500E+2	1,082398E+1	9,062500E+2	-4,753016E+0	9,062500E+2	1,001666E+1	9,062500E+2	-3,455414E+0	9,062500E+2	6,794509E+0	9,062500E+2	-1,402698E+0	9,062500E+2	5,359419E+0	9,062500E+2	-1,190753E+0	9,062500E+2	4,655158E+0	9,062500E+2	-1,421082E+0
9,078125E+2	1,030850E+1	9,078125E+2	-6,531575E+0	9,078125E+2	1,113947E+1	9,078125E+2	-5,136469E+0	9,078125E+2	1,091299E+1	9,078125E+2	-4,862827E+0	9,078125E+2	1,026440E+1	9,078125E+2	-3,180116E+0	9,078125E+2	6,548741E+0	9,078125E+2	-1,421531E+0	9,078125E+2	5,258488E+0	9,078125E+2	-1,103932E+0	9,078125E+2	4,484830E+0	9,078125E+2	-1,409238E+0
9,093750E+2	1,032622E+1	9,093750E+2	-5,844455E+0	9,093750E+2	1,127995E+1	9,093750E+2	-5,123001E+0	9,093750E+2	1,067187E+1	9,093750E+2	-5,077581E+0	9,093750E+2	9,886817E+0	9,093750E+2	-3,287967E+0	9,093750E+2	6,513260E+0	9,093750E+2	-1,313983E+0	9,093750E+2	5,188047E+0	9,093750E+2	-1,129332E+0	9,093750E+2	4,346573E+0	9,093750E+2	-1,399320E+0
9,109375E+2	1,060980E+1	9,109375E+2	-5,938459E+0	9,109375E+2	1,067864E+1	9,109375E+2	-5,691390E+0	9,109375E+2	1,049515E+1	9,109375E+2	-5,036676E+0	9,109375E+2	9,667841E+0	9,109375E+2	-3,401463E+0	9,109375E+2	6,669669E+0	9,109375E+2	-1,268711E+0	9,109375E+2	5,229599E+0	9,109375E+2	-1,219824E+0	9,109375E+2	4,541336E+0	9,109375E+2	-1,352139E+0
9,125000E+2	1,054808E+1	9,125000E+2	-5,559873E+0	9,125000E+2	1,042963E+1	9,125000E+2	-5,900834E+0	9,125000E+2	1,016177E+1	9,125000E+2	-5,089775E+0	9,125000E+2	9,616114E+0	9,125000E+2	-3,516680E+0	9,125000E+2	6,750047E+0	9,125000E+2	-1,425649E+0	9,125000E+2	5,216243E+0	9,125000E+2	-1,252418E+0	9,125000E+2	4,574141E+0	9,125000E+2	-1,374270E+0
9,140625E+2	9,907603E+0	9,140625E+2	-5,626716E+0	9,140625E+2	1,031124E+1	9,140625E+2	-5,704762E+0	9,140625E+2	9,827609E+0	9,140625E+2	-5,363030E+0	9,140625E+2	9,499532E+0	9,140625E+2	-3,759950E+0	9,140625E+2	6,678839E+0	9,140625E+2	-1,367711E+0	9,140625E+2	5,207828E+0	9,140625E+2	-1,209576E+0	9,140625E+2	4,555028E+0	9,140625E+2	-1,316779E+0
9,156250E+2	1,029111E+1	9,156250E+2	-5,628792E+0	9,156250E+2	1,024278E+1	9,156250E+2	-5,827304E+0	9,156250E+2	9,880057E+0	9,156250E+2	-5,454544E+0	9,156250E+2	9,295003E+0	9,156250E+2	-3,731446E+0	9,156250E+2	6,705240E+0	9,156250E+2	-1,582018E+0	9,156250E+2	5,277887E+0	9,156250E+2	-1,187637E+0	9,156250E+2	4,508917E+0	9,156250E+2	-1,286684E+0
9,171875E+2	9,584004E+0	9,171875E+2	-5,643546E+0	9,171875E+2	9,993675E+0	9,171875E+2	-5,974694E+0	9,171875E+2	9,692322E+0	9,171875E+2	-5,548328E+0	9,171875E+2	8,907674E+0	9,171875E+2	-3,754333E+0	9,171875E+2	6,572876E+0	9,171875E+2	-1,479472E+0	9,171875E+2	5,243193E+0	9,171875E+2	-1,442797E+0	9,171875E+2	4,489940E+0	9,171875E+2	-1,307972E+0
9,187500E+2	9,717476E+0	9,187500E+2	-5,441002E+0	9,187500E+2	1,005921E+1	9,187500E+2	-5,952339E+0	9,187500E+2	9,844506E+0	9,187500E+2	-5,392222E+0	9,187500E+2	9,108100E+0	9,187500E+2	-3,531044E+0	9,187500E+2	6,473967E+0	9,187500E+2	-1,249837E+0	9,187500E+2	5,157178E+0	9,187500E+2	-1,340938E+0	9,187500E+2	4,510430E+0	9,187500E+2	-1,283560E+0
9,203125E+2	1,005403E+1	9,203125E+2	-5,797510E+0	9,203125E+2	9,694094E+0	9,203125E+2	-5,858261E+0	9,203125E+2	9,734467E+0	9,203125E+2	-5,682368E+0	9,203125E+2	9,206731E+0	9,203125E+2	-3,658463E+0	9,203125E+2	6,764074E+0	9,203125E+2	-1,553988E+0	9,203125E+2	5,264815E+0	9,203125E+2	-1,327357E+0	9,203125E+2	4,549702E+0	9,203125E+2	-1,490682E+0
9,218750E+2	9,836886E+0	9,218750E+2	-5,712229E+0	9,218750E+2	9,250748E+0	9,218750E+2	-5,919548E+0	9,218750E+2	9,319812E+0	9,218750E+2	-5,764645E+0	9,218750E+2	8,911192E+0	9,218750E+2	-4,097793E+0	9,218750E+2	6,536854E+0	9,218750E+2	-1,805673E+0	9,218750E+2	5,199086E+0	9,218750E+2	-1,305275E+0	9,218750E+2	4,426910E+0	9,218750E+2	-1,513220E+0
9,234375E+2	9,424667E+0	9,234375E+2	-6,280889E+0	9,234375E+2	9,052188E+0	9,234375E+2	-6,041258E+0	9,234375E+2	9,156654E+0	9,234375E+2	-5,765082E+0	9,234375E+2	8,883767E+0	9,234375E+2	-3,888367E+0	9,234375E+2	6,293574E+0	9,234375E+2	-1,740449E+0	9,234375E+2	5,179061E+0	9,234375E+2	-1,362796E+0	9,234375E+2	4,485410E+0	9,234375E+2	-1,455810E+0
9,250000E+2	9,006783E+0	9,250000E+2	-5,580670E+0	9,250000E+2	9,192417E+0	9,250000E+2	-6,441769E+0	9,250000E+2	8,980335E+0	9,250000E+2	-5,889184E+0	9,250000E+2	8,531707E+0	9,250000E+2	-4,053703E+0	9,250000E+2	6,391431E+0	9,250000E+2	-1,876226E+0	9,250000E+2	5,215726E+0	9,250000E+2	-1,418190E+0	9,250000E+2	4,389941E+0	9,250000E+2	-1,529835E+0
9,265625E+2	8,474459E+0	9,265625E+2	-6,013200E+0	9,265625E+2	8,800416E+0	9,265625E+2	-6,621574E+0	9,265625E+2	8,872258E+0	9,265625E+2	-5,838019E+0	9,265625E+2	8,532408E+0	9,265625E+2	-4,371115E+0	9,265625E+2	6,596210E+0	9,265625E+2	-1,869241E+0	9,265625E+2	5,252750E+0	9,265625E+2	-1,358162E+0	9,265625E+2	4,402050E+0	9,265625E+2	-1,340710E+0
9,281250E+2	7,977918E+0	9,281250E+2	-6,003088E+0	9,281250E+2	8,686065E+0	9,281250E+2	-6,446528E+0	9,281250E+2	8,808926E+0	9,281250E+2	-5,841254E+0	9,281250E+2	8,625368E+0	9,281250E+2	-4,527738E+0	9,281250E+2	6,682852E+0	9,281250E+2	-1,874281E+0	9,281250E+2	5,121375E+0	9,281250E+2	-1,435809E+0	9,281250E+2	4,533677E+0	9,281250E+2	-1,347669E+0
9,296875E+2	9,258306E+0	9,296875E+2	-5,800353E+0	9,296875E+2	8,423389E+0	9,296875E+2	-6,462030E+0	9,296875E+2	8,705246E+0	9,296875E+2	-6,259106E+0	9,296875E+2	8,415681E+0	9,296875E+2	-4,499184E+0	9,296875E+2	6,411512E+0	9,296875E+2	-2,056061E+0	9,296875E+2	5,173119E+0	9,296875E+2	-1,559604E+0	9,296875E+2	4,534595E+0	9,296875E+2	-1,479186E+0
9,312500E+2	1,033375E+1	9,312500E+2	-5,996389E+0	9,312500E+2	8,640553E+0	9,312500E+2	-6,665341E+0	9,312500E+2	8,534323E+0	9,312500E+2	-6,162834E+0	9,312500E+2	8,425671E+0	9,312500E+2	-4,418444E+0	9,312500E+2	6,182914E+0	9,312500E+2	-1,715442E+0	9,312500E+2	5,225966E+0	9,312500E+2	-1,487529E+0	9,312500E+2	4,558419E+0	9,312500E+2	-1,525962E+0
9,328125E+2	8,651943E+0	9,328125E+2	-6,517959E+0	9,328125E+2	8,235003E+0	9,328125E+2	-6,695771E+0	9,328125E+2	8,494794E+0	9,328125E+2	-6,035457E+0	9,328125E+2	8,302750E+0	9,328125E+2	-4,375316E+0	9,328125E+2	6,248656E+0	9,328125E+2	-1,671182E+0	9,328125E+2	5,108426E+0	9,328125E+2	-1,444711E+0	9,328125E+2	4,531497E+0	9,328125E+2	-1,409506E+0
9,343750E+2	8,098972E+0	9,343750E+2	-6,227712E+0	9,343750E+2	8,142565E+0	9,343750E+2	-6,680903E+0	9,343750E+2	8,291573E+0	9,343750E+2	-6,252514E+0	9,343750E+2	7,918749E+0	9,343750E+2	-4,757233E+0	9,343750E+2	6,273921E+0	9,343750E+2	-2,023395E+0	9,343750E+2	5,154850E+0	9,343750E+2	-1,558223E+0	9,343750E+2	4,471217E+0	9,343750E+2	-1,555850E+0
9,359375E+2	8,199434E+0	9,359375E+2	-6,281405E+0	9,359375E+2	8,277002E+0	9,359375E+2	-6,623961E+0	9,359375E+2	7,915307E+0	9,359375E+2	-6,275022E+0	9,359375E+2	7,746013E+0	9,359375E+2	-4,641116E+0	9,359375E+2	6,250433E+0	9,359375E+2	-2,090459E+0	9,359375E+2	5,231967E+0	9,359375E+2	-1,562319E+0	9,359375E+2	4,488692E+0	9,359375E+2	-1,590434E+0
9,375000E+2	7,475039E+0	9,375000E+2	-6,613113E+0	9,375000E+2	7,862273E+0	9,375000E+2	-6,464137E+0	9,375000E+2	7,849042E+0	9,375000E+2	-6,249420E+0	9,375000E+2	7,591889E+0	9,375000E+2	-4,620773E+0	9,375000E+2	6,242487E+0	9,375000E+2	-2,071667E+0	9,375000E+2	5,169673E+0	9,375000E+2	-1,712806E+0	9,375000E+2	4,458643E+0	9,375000E+2	-1,501172E+0
9,390625E+2	7,416727E+0	9,390625E+2	-6,605700E+0	9,390625E+2	8,038175E+0	9,390625E+2	-6,418020E+0	9,390625E+2	7,824492E+0	9,390625E+2	-6,112325E+0	9,390625E+2	7,728109E+0	9,390625E+2	-4,650071E+0	9,390625E+2	6,435103E+0	9,390625E+2	-1,994052E+0	9,390625E+2	5,197817E+0	9,390625E+2	-1,698341E+0	9,390625E+2	4,401112E+0	9,390625E+2	-1,448895E+0
9,406250E+2	7,353098E+0	9,406250E+2	-5,952397E+0	9,406250E+2	7,650742E+0	9,406250E+2	-6,378691E+0	9,406250E+2	7,687887E+0	9,406250E+2	-6,247396E+0	9,406250E+2	7,849483E+0	9,406250E+2	-4,689283E+0	9,406250E+2	6,347912E+0	9,406250E+2	-2,090793E+0	9,406250E+2	5,096062E+0	9,406250E+2	-1,636501E+0	9,406250E+2	4,295116E+0	9,406250E+2	-1,518556E+0
9,421875E+2	7,182202E+0	9,421875E+2	-6,053256E+0	9,421875E+2	7,554925E+0	9,421875E+2	-6,166445E+0	9,421875E+2	7,376299E+0	9,421875E+2	-6,159840E+0	9,421875E+2	7,696152E+0	9,421875E+2	-4,575062E+0	9,421875E+2	6,085255E+0	9,421875E+2	-2,069336E+0	9,421875E+2	5,162755E+0	9,421875E+2	-1,500488E+0	9,421875E+2	4,405155E+0	9,421875E+2	-1,505796E+0
9,437500E+2	7,423589E+0	9,437500E+2	-6,534347E+0	9,437500E+2	7,377586E+0	9,437500E+2	-6,355181E+0	9,437500E+2	7,433903E+0	9,437500E+2	-6,053920E+0	9,437500E+2	7,505356E+0	9,437500E+2	-4,528504E+0	9,437500E+2	6,051842E+0	9,437500E+2	-2,001389E+0	9,437500E+2	4,943087E+0	9,437500E+2	-1,514315E+0	9,437500E+2	4,413644E+0	9,437500E+2	-1,487764E+0
9,453125E+2	7,541590E+0	9,453125E+2	-6,772714E+0	9,453125E+2	7,349947E+0	9,453125E+2	-6,572242E+0	9,453125E+2	7,241082E+0	9,453125E+2	-6,064555E+0	9,453125E+2	7,592329E+0	9,453125E+2	-4,697381E+0	9,453125E+2	6,117040E+0	9,453125E+2	-2,193194E+0	9,453125E+2	4,945787E+0	9,453125E+2	-1,520761E+0	9,453125E+2	4,338553E+0	9,453125E+2	-1,457626E+0
9,468750E+2	7,068602E+0	9,468750E+2	-6,262132E+0	9,468750E+2	7,205917E+0	9,468750E+2	-6,620189E+0	9,468750E+2	7,257962E+0	9,468750E+2	-6,256619E+0	9,468750E+2	7,437228E+0	9,468750E+2	-4,997818E+0	9,468750E+2	6,186881E+0	9,468750E+2	-2,285294E+0	9,468750E+2	5,147530E+0	9,468750E+2	-1,559920E+0	9,468750E+2	4,445461E+0	9,468750E+2	-1,504207E+0
9,484375E+2	6,632285E+0	9,484375E+2	-6,377855E+0	9,484375E+2	6,823747E+0	9,484375E+2	-6,554115E+0	9,484375E+2	7,098897E+0	9,484375E+2	-6,381744E+0	9,484375E+2	7,402095E+0	9,484375E+2	-5,038665E+0	9,484375E+2	6,081457E+0	9,484375E+2	-2,370417E+0	9,484375E+2	5,181721E+0	9,484375E+2	-1,681366E+0	9,484375E+2	4,524363E+0	9,484375E+2	-1,628656E+0
9,500000E+2	6,540371E+0	9,500000E+2	-6,652692E+0	9,500000E+2	6,962749E+0	9,500000E+2	-6,575733E+0	9,500000E+2	6,949147E+0	9,500000E+2	-6,163980E+0	9,500000E+2	7,237436E+0	9,500000E+2	-4,640578E+0	9,500000E+2	6,015970E+0	9,500000E+2	-2,224815E+0	9,500000E+2	5,008800E+0	9,500000E+2	-1,687495E+0	9,500000E+2	4,280422E+0	9,500000E+2	-1,526262E+0
9,515625E+2	6,456434E+0	9,515625E+2	-6,491131E+0	9,515625E+2	6,809724E+0	9,515625E+2	-6,715924E+0	9,515625E+2	6,753868E+0	9,515625E+2	-6,138586E+0	9,515625E+2	6,935322E+0	9,515625E+2	-4,814219E+0	9,515625E+2	5,950867E+0	9,515625E+2	-2,360239E+0	9,515625E+2	5,009641E+0	9,515625E+2	-1,674892E+0	9,515625E+2	4,393889E+0	9,515625E+2	-1,530843E+0
9,531250E+2	6,462170E+0	9,531250E+2	-6,185083E+0	9,531250E+2	6,504020E+0	9,531250E+2	-6,635796E+0	9,531250E+2	6,476053E+0	9,531250E+2	-6,251858E+0	9,531250E+2	6,577671E+0	9,531250E+2	-5,063592E+0	9,531250E+2	6,051933E+0	9,531250E+2	-2,388173E+0	9,531250E+2	4,967773E+0	9,531250E+2	-1,588752E+0	9,531250E+2	4,414124E+0	9,531250E+2	-1,543478E+0
9,546875E+2	6,401911E+0	9,546875E+2	-6,353362E+0	9,546875E+2	6,365008E+0	9,546875E+2	-6,631722E+0	9,546875E+2	6,500432E+0	9,546875E+2	-6,217681E+0	9,546875E+2	6,731652E+0	9,546875E+2	-4,957408E+0	9,546875E+2	5,899643E+0	9,546875E+2	-2,458637E+0	9,546875E+2	4,904992E+0	9,546875E+2	-1,741233E+0	9,546875E+2	4,392591E+0	9,546875E+2	-1,621224E+0
9,562500E+2	6,099032E+0	9,562500E+2	-6,381620E+0	9,562500E+2	6,411258E+0	9,562500E+2	-6,767467E+0	9,562500E+2	6,402520E+0	9,562500E+2	-6,233830E+0	9,562500E+2	6,710251E+0	9,562500E+2	-4,964878E+0	9,562500E+2	5,932567E+0	9,562500E+2	-2,322535E+0	9,562500E+2	4,925293E+0	9,562500E+2	-1,733105E+0	9,562500E+2	4,353555E+0	9,562500E+2	-1,542101E+0
9,578125E+2	5,851364E+0	9,578125E+2	-6,490549E+0	9,578125E+2	6,157968E+0	9,578125E+2	-6,429580E+0	9,578125E+2	6,201546E+0	9,578125E+2	-6,163418E+0	9,578125E+2	6,577572E+0	9,578125E+2	-5,076537E+0	9,578125E+2	5,923492E+0	9,578125E+2	-2,393563E+0	9,578125E+2	4,925441E+0	9,578125E+2	-1,737378E+0	9,578125E+2	4,341010E+0	9,578125E+2	-1,570271E+0
9,593750E+2	5,833719E+0	9,593750E+2	-6,578208E+0	9,593750E+2	5,834942E+0	9,593750E+2	-6,486524E+0	9,593750E+2	6,281013E+0	9,593750E+2	-6,305487E+0	9,593750E+2	6,642833E+0	9,593750E+2	-5,105202E+0	9,593750E+2	5,930100E+0	9,593750E+2	-2,466462E+0	9,593750E+2	4,928945E+0	9,593750E+2	-1,745029E+0	9,593750E+2	4,289199E+0	9,593750E+2	-1,634185E+0
9,609375E+2	6,349277E+0	9,609375E+2	-6,489358E+0	9,609375E+2	6,167400E+0	9,609375E+2	-6,579333E+0	9,609375E+2	5,960331E+0	9,609375E+2	-6,240268E+0	9,609375E+2	6,355097E+0	9,609375E+2	-5,124991E+0	9,609375E+2	5,810213E+0	9,609375E+2	-2,505867E+0	9,609375E+2	4,878894E+0	9,609375E+2	-1,801006E+0	9,609375E+2	4,256183E+0	9,609375E+2	-1,656750E+0
9,625000E+2	6,178674E+0	9,625000E+2	-6,211130E+0	9,625000E+2	6,062442E+0	9,625000E+2	-6,415432E+0	9,625000E+2	5,936533E+0	9,625000E+2	-6,115873E+0	9,625000E+2	6,312503E+0	9,625000E+2	-4,978350E+0	9,625000E+2	5,821640E+0	9,625000E+2	-2,445150E+0	9,625000E+2	4,880832E+0	9,625000E+2	-1,815971E+0	9,625000E+2	4,275587E+0	9,625000E+2	-1,626976E+0
9,640625E+2	6,034914E+0	9,640625E+2	-6,398804E+0	9,640625E+2	5,955189E+0	9,640625E+2	-6,386230E+0	9,640625E+2	5,877690E+0	9,640625E+2	-6,227293E+0	9,640625E+2	6,259935E+0	9,640625E+2	-5,031008E+0	9,640625E+2	5,701171E+0	9,640625E+2	-2,623918E+0	9,640625E+2	4,960248E+0	9,640625E+2	-1,769786E+0	9,640625E+2	4,329717E+0	9,640625E+2	-1,616090E+0
9,656250E+2	5,753893E+0	9,656250E+2	-6,632991E+0	9,656250E+2	5,687925E+0	9,656250E+2	-6,465683E+0	9,656250E+2	5,857936E+0	9,656250E+2	-6,166865E+0	9,656250E+2	6,313440E+0	9,656250E+2	-5,054583E+0	9,656250E+2	5,973620E+0	9,656250E+2	-2,641131E+0	9,656250E+2	4,985340E+0	9,656250E+2	-1,792185E+0	9,656250E+2	4,347572E+0	9,656250E+2	-1,632164E+0
9,671875E+2	5,534776E+0	9,671875E+2	-6,340091E+0	9,671875E+2	5,540981E+0	9,671875E+2	-6,555438E+0	9,671875E+2	5,677663E+0	9,671875E+2	-6,167909E+0	9,671875E+2	6,180977E+0	9,671875E+2	-5,100729E+0	9,671875E+2	5,824354E+0	9,671875E+2	-2,761741E+0	9,671875E+2	4,939830E+0	9,671875E+2	-1,803031E+0	9,671875E+2	4,370729E+0	9,671875E+2	-1,680352E+0
9,687500E+2	5,560171E+0	9,687500E+2	-6,111019E+0	9,687500E+2	5,386998E+0	9,687500E+2	-6,354133E+0	9,687500E+2	5,460408E+0	9,687500E+2	-6,133757E+0	9,687500E+2	5,974144E+0	9,687500E+2	-5,011916E+0	9,687500E+2	5,526621E+0	9,687500E+2	-2,664324E+0	9,687500E+2	4,816530E+0	9,687500E+2	-1,793314E+0	9,687500E+2	4,320068E+0	9,687500E+2	-1,688351E+0
9,703125E+2	5,469955E+0	9,703125E+2	-6,356550E+0	9,703125E+2	5,258503E+0	9,703125E+2	-6,418590E+0	9,703125E+2	5,328104E+0	9,703125E+2	-6,066856E+0	9,703125E+2	5,815284E+0	9,703125E+2	-5,043857E+0	9,703125E+2	5,644174E+0	9,703125E+2	-2,663793E+0	9,703125E+2	4,809469E+0	9,703125E+2	-1,899418E+0	9,703125E+2	4,352773E+0	9,703125E+2	-1,662281E+0
9,718750E+2	5,086681E+0	9,718750E+2	-6,647521E+0	9,718750E+2	5,213131E+0	9,718750E+2	-6,322639E+0	9,718750E+2	5,400502E+0	9,718750E+2	-6,088130E+0	9,718750E+2	5,918200E+0	9,718750E+2	-5,058159E+0	9,718750E+2	5,613964E+0	9,718750E+2	-2,638781E+0	9,718750E+2	4,838764E+0	9,718750E+2	-1,829616E+0	9,718750E+2	4,330027E+0	9,718750E+2	-1,619827E+0
9,734375E+2	5,012196E+0	9,734375E+2	-6,514544E+0	9,734375E+2	5,350137E+0	9,734375E+2	-6,274819E+0	9,734375E+2	5,429768E+0	9,734375E+2	-6,077793E+0	9,734375E+2	5,995445E+0	9,734375E+2	-5,053853E+0	9,734375E+2	5,588851E+0	9,734375E+2	-2,578752E+0	9,734375E+2	4,735243E+0	9,734375E+2	-1,773470E+0	9,734375E+2	4,324441E+0	9,734375E+2	-1,629513E+0
9,750000E+2	5,096672E+0	9,750000E+2	-6,111439E+0	9,750000E+2	5,205952E+0	9,750000E+2	-6,158110E+0	9,750000E+2	5,275579E+0	9,750000E+2	-6,013887E+0	9,750000E+2	5,800064E+0	9,750000E+2	-5,013837E+0	9,750000E+2	5,597970E+0	9,750000E+2	-2,536028E+0	9,750000E+2	4,711846E+0	9,750000E+2	-1,837381E+0	9,750000E+2	4,219381E+0	9,750000E+2	-1,616785E+0
9,765625E+2	4,946216E+0	9,765625E+2	-6,149774E+0	9,765625E+2	4,998537E+0	9,765625E+2	-6,084848E+0	9,765625E+2	5,232987E+0	9,765625E+2	-5,878838E+0	9,765625E+2	5,730515E+0	9,765625E+2	-4,964527E+0	9,765625E+2	5,532664E+0	9,765625E+2	-2,530682E+0	9,765625E+2	4,755045E+0	9,765625E+2	-1,901775E+0	9,765625E+2	4,189335E+0	9,765625E+2	-1,649133E+0
9,781250E+2	4,778099E+0	9,781250E+2	-6,499394E+0	9,781250E+2	4,995357E+0	9,781250E+2	-6,235321E+0	9,781250E+2	5,060603E+0	9,781250E+2	-5,894720E+0	9,781250E+2	5,583784E+0	9,781250E+2	-5,081169E+0	9,781250E+2	5,470730E+0	9,781250E+2	-2,687447E+0	9,781250E+2	4,782681E+0	9,781250E+2	-1,905752E+0	9,781250E+2	4,297265E+0	9,781250E+2	-1,672662E+0
9,796875E+2	4,902919E+0	9,796875E+2	-6,191868E+0	9,796875E+2	4,876374E+0	9,796875E+2	-6,070393E+0	9,796875E+2	4,980480E+0	9,796875E+2	-5,865980E+0	9,796875E+2	5,472634E+0	9,796875E+2	-4,961069E+0	9,796875E+2	5,423178E+0	9,796875E+2	-2,756687E+0	9,796875E+2	4,752323E+0	9,796875E+2	-1,963516E+0	9,796875E+2	4,247421E+0	9,796875E+2	-1,671328E+0
9,812500E+2	4,772439E+0	9,812500E+2	-5,841625E+0	9,812500E+2	4,787759E+0	9,812500E+2	-5,947985E+0	9,812500E+2	4,837939E+0	9,812500E+2	-5,759680E+0	9,812500E+2	5,203855E+0	9,812500E+2	-4,914950E+0	9,812500E+2	5,309879E+0	9,812500E+2	-2,687268E+0	9,812500E+2	4,716222E+0	9,812500E+2	-1,907262E+0	9,812500E+2	4,130778E+0	9,812500E+2	-1,670188E+0
9,828125E+2	4,700491E+0	9,828125E+2	-6,042109E+0	9,828125E+2	4,700388E+0	9,828125E+2	-5,955861E+0	9,828125E+2	4,854700E+0	9,828125E+2	-5,781595E+0	9,828125E+2	5,309604E+0	9,828125E+2	-4,834454E+0	9,828125E+2	5,276153E+0	9,828125E+2	-2,688628E+0	9,828125E+2	4,733219E+0	9,828125E+2	-1,883750E+0	9,828125E+2	4,232904E+0	9,828125E+2	-1,602104E+0
9,843750E+2	4,569455E+0	9,843750E+2	-6,198306E+0	9,843750E+2	4,626527E+0	9,843750E+2	-6,037321E+0	9,843750E+2	4,733610E+0	9,843750E+2	-5,794812E+0	9,843750E+2	5,260998E+0	9,843750E+2	-4,914542E+0	9,843750E+2	5,250292E+0	9,843750E+2	-2,703864E+0	9,843750E+2	4,685993E+0	9,843750E+2	-1,916417E+0	9,843750E+2	4,206247E+0	9,843750E+2	-1,576692E+0
9,859375E+2	4,569346E+0	9,859375E+2	-6,160293E+0	9,859375E+2	4,465375E+0	9,859375E+2	-5,941908E+0	9,859375E+2	4,617585E+0	9,859375E+2	-5,720138E+0	9,859375E+2	5,205748E+0	9,859375E+2	-4,885092E+0	9,859375E+2	5,179568E+0	9,859375E+2	-2,751805E+0	9,859375E+2	4,639861E+0	9,859375E+2	-1,948798E+0	9,859375E+2	4,197613E+0	9,859375E+2	-1,576491E+0
9,875000E+2	4,348989E+0	9,875000E+2	-6,020388E+0	9,875000E+2	4,384615E+0	9,875000E+2	-5,866868E+0	9,875000E+2	4,547873E+0	9,875000E+2	-5,762759E+0	9,875000E+2	4,999040E+0	9,875000E+2	-4,917257E+0	9,875000E+2	5,210469E+0	9,875000E+2	-2,799225E+0	9,875000E+2	4,575322E+0	9,875000E+2	-1,984544E+0	9,875000E+2	4,212806E+0	9,875000E+2	-1,657014E+0
9,890625E+2	4,333001E+0	9,890625E+2	-6,015962E+0	9,890625E+2	4,264321E+0	9,890625E+2	-5,874140E+0	9,890625E+2	4,400957E+0	9,890625E+2	-5,699904E+0	9,890625E+2	4,971342E+0	9,890625E+2	-4,874666E+0	9,890625E+2	5,136010E+0	9,890625E+2	-2,801445E+0	9,890625E+2	4,579881E+0	9,890625E+2	-2,046254E+0	9,890625E+2	4,140403E+0	9,890625E+2	-1,700373E+0
9,906250E+2	4,116626E+0	9,906250E+2	-5,942951E+0	9,906250E+2	4,238637E+0	9,906250E+2	-5,881563E+0	9,906250E+2	4,387679E+0	9,906250E+2	-5,599662E+0	9,906250E+2	4,954106E+0	9,906250E+2	-4,852477E+0	9,906250E+2	5,260102E+0	9,906250E+2	-2,781812E+0	9,906250E+2	4,626164E+0	9,906250E+2	-2,023133E+0	9,906250E+2	4,149911E+0	9,906250E+2	-1,664846E+0
9,921875E+2	4,135238E+0	9,921875E+2	-5,844944E+0	9,921875E+2	4,180499E+0	9,921875E+2	-5,835125E+0	9,921875E+2	4,389658E+0	9,921875E+2	-5,575943E+0	9,921875E+2	4,901041E+0	9,921875E+2	-4,871348E+0	9,921875E+2	5,061988E+0	9,921875E+2	-2,852967E+0	9,921875E+2	4,533970E+0	9,921875E+2	-2,047502E+0	9,921875E+2	4,150068E+0	9,921875E+2	-1,680433E+0
9,937500E+2	4,394050E+0	9,937500E+2	-5,688163E+0	9,937500E+2	4,148055E+0	9,937500E+2	-5,737688E+0	9,937500E+2	4,336741E+0	9,937500E+2	-5,563891E+0	9,937500E+2	4,927774E+0	9,937500E+2	-4,809774E+0	9,937500E+2	5,099455E+0	9,937500E+2	-2,808050E+0	9,937500E+2	4,556134E+0	9,937500E+2	-1,966121E+0	9,937500E+2	4,178981E+0	9,937500E+2	-1,685937E+0
9,953125E+2	4,057988E+0	9,953125E+2	-5,652093E+0	9,953125E+2	4,107867E+0	9,953125E+2	-5,684797E+0	9,953125E+2	4,178121E+0	9,953125E+2	-5,547474E+0	9,953125E+2	4,703955E+0	9,953125E+2	-4,856709E+0	9,953125E+2	5,096081E+0	9,953125E+2	-2,804267E+0	9,953125E+2	4,484524E+0	9,953125E+2	-1,976957E+0	9,953125E+2	4,174261E+0	9,953125E+2	-1,647577E+0
9,968750E+2	4,003414E+0	9,968750E+2	-5,616314E+0	9,968750E+2	4,089490E+0	9,968750E+2	-5,602616E+0	9,968750E+2	4,093050E+0	9,968750E+2	-5,513153E+0	9,968750E+2	4,649337E+0	9,968750E+2	-4,802335E+0	9,968750E+2	5,009551E+0	9,968750E+2	-2,827292E+0	9,968750E+2	4,538425E+0	9,968750E+2	-1,986230E+0	9,968750E+2	4,131835E+0	9,968750E+2	-1,603167E+0
9,984375E+2	3,968352E+0	9,984375E+2	-5,703913E+0	9,984375E+2	4,032642E+0	9,984375E+2	-5,634487E+0	9,984375E+2	4,122499E+0	9,984375E+2	-5,500518E+0	9,984375E+2	4,688565E+0	9,984375E+2	-4,821329E+0	9,984375E+2	5,066557E+0	9,984375E+2	-2,819128E+0	9,984375E+2	4,548388E+0	9,984375E+2	-2,033396E+0	9,984375E+2	4,173553E+0	9,984375E+2	-1,679030E+0
1,000000E+3	3,886014E+0	1,000000E+3	-5,589649E+0	1,000000E+3	3,823704E+0	1,000000E+3	-5,651795E+0	1,000000E+3	4,012238E+0	1,000000E+3	-5,485331E+0	1,000000E+3	4,610412E+0	1,000000E+3	-4,771532E+0	1,000000E+3	4,917802E+0	1,000000E+3	-2,884098E+0	1,000000E+3	4,496604E+0	1,000000E+3	-2,016220E+0	1,000000E+3	4,143535E+0	1,000000E+3	-1,719616E+0
1,001562E+3	3,840221E+0	1,001562E+3	-5,565504E+0	1,001562E+3	3,843734E+0	1,001562E+3	-5,518164E+0	1,001562E+3	3,937548E+0	1,001562E+3	-5,400466E+0	1,001562E+3	4,521585E+0	1,001562E+3	-4,733981E+0	1,001562E+3	4,889721E+0	1,001562E+3	-2,840691E+0	1,001562E+3	4,473064E+0	1,001562E+3	-2,009835E+0	1,001562E+3	4,076370E+0	1,001562E+3	-1,707239E+0
1,003125E+3	3,714449E+0	1,003125E+3	-5,433002E+0	1,003125E+3	3,699295E+0	1,003125E+3	-5,520874E+0	1,003125E+3	3,827258E+0	1,003125E+3	-5,398203E+0	1,003125E+3	4,483024E+0	1,003125E+3	-4,713153E+0	1,003125E+3	4,946825E+0	1,003125E+3	-2,910969E+0	1,003125E+3	4,520692E+0	1,003125E+3	-2,072613E+0	1,003125E+3	4,114609E+0	1,003125E+3	-1,682323E+0
1,004687E+3	3,595369E+0	1,004687E+3	-5,357808E+0	1,004687E+3	3,690598E+0	1,004687E+3	-5,444065E+0	1,004687E+3	3,804011E+0	1,004687E+3	-5,272612E+0	1,004687E+3	4,403870E+0	1,004687E+3	-4,614992E+0	1,004687E+3	4,855603E+0	1,004687E+3	-2,910738E+0	1,004687E+3	4,527491E+0	1,004687E+3	-2,017416E+0	1,004687E+3	4,096470E+0	1,004687E+3	-1,657042E+0
1,006250E+3	3,556524E+0	1,006250E+3	-5,328536E+0	1,006250E+3	3,665514E+0	1,006250E+3	-5,288573E+0	1,006250E+3	3,775676E+0	1,006250E+3	-5,175457E+0	1,006250E+3	4,354096E+0	1,006250E+3	-4,578434E+0	1,006250E+3	4,773297E+0	1,006250E+3	-2,855941E+0	1,006250E+3	4,445639E+0	1,006250E+3	-2,020072E+0	1,006250E+3	4,042171E+0	1,006250E+3	-1,659051E+0
1,007812E+3	3,472119E+0	1,007812E+3	-5,400433E+0	1,007812E+3	3,538316E+0	1,007812E+3	-5,299434E+0	1,007812E+3	3,662816E+0	1,007812E+3	-5,165733E+0	1,007812E+3	4,266172E+0	1,007812E+3	-4,699339E+0	1,007812E+3	4,746089E+0	1,007812E+3	-2,926269E+0	1,007812E+3	4,375657E+0	1,007812E+3	-2,034330E+0	1,007812E+3	4,061207E+0	1,007812E+3	-1,691120E+0
1,009375E+3	3,424921E+0	1,009375E+3	-5,363797E+0	1,009375E+3	3,417328E+0	1,009375E+3	-5,266944E+0	1,009375E+3	3,588447E+0	1,009375E+3	-5,157940E+0	1,009375E+3	4,178165E+0	1,009375E+3	-4,705708E+0	1,009375E+3	4,709922E+0	1,009375E+3	-3,004111E+0	1,009375E+3	4,344959E+0	1,009375E+3	-2,039619E+0	1,009375E+3	4,039866E+0	1,009375E+3	-1,685596E+0
1,010937E+3	3,292951E+0	1,010937E+3	-5,225249E+0	1,010937E+3	3,403383E+0	1,010937E+3	-5,220097E+0	1,010937E+3	3,558531E+0	1,010937E+3	-5,063309E+0	1,010937E+3	4,085239E+0	1,010937E+3	-4,620817E+0	1,010937E+3	4,657610E+0	1,010937E+3	-2,933028E+0	1,010937E+3	4,320933E+0	1,010937E+3	-2,035761E+0	1,010937E+3	4,007028E+0	1,010937E+3	-1,732068E+0
1,012500E+3	3,292095E+0	1,012500E+3	-5,123510E+0	1,012500E+3	3,364263E+0	1,012500E+3	-5,107942E+0	1,012500E+3	3,535842E+0	1,012500E+3	-5,021870E+0	1,012500E+3	4,019952E+0	1,012500E+3	-4,520292E+0	1,012500E+3	4,553849E+0	1,012500E+3	-2,826520E+0	1,012500E+3	4,281075E+0	1,012500E+3	-1,988706E+0	1,012500E+3	3,949038E+0	1,012500E+3	-1,734882E+0
1,014062E+3	3,259885E+0	1,014062E+3	-5,172697E+0	1,014062E+3	3,329292E+0	1,014062E+3	-5,131494E+0	1,014062E+3	3,477316E+0	1,014062E+3	-5,021827E+0	1,014062E+3	3,995962E+0	1,014062E+3	-4,500383E+0	1,014062E+3	4,525432E+0	1,014062E+3	-2,899306E+0	1,014062E+3	4,355562E+0	1,014062E+3	-1,970106E+0	1,014062E+3	4,010099E+0	1,014062E+3	-1,705809E+0
1,015625E+3	3,277459E+0	1,015625E+3	-5,141503E+0	1,015625E+3	3,334845E+0	1,015625E+3	-5,062445E+0	1,015625E+3	3,411646E+0	1,015625E+3	-5,059394E+0	1,015625E+3	3,972460E+0	1,015625E+3	-4,504008E+0	1,015625E+3	4,494454E+0	1,015625E+3	-2,895405E+0	1,015625E+3	4,306607E+0	1,015625E+3	-2,017502E+0	1,015625E+3	3,963288E+0	1,015625E+3	-1,711444E+0
1,017187E+3	3,040005E+0	1,017187E+3	-4,989408E+0	1,017187E+3	3,262170E+0	1,017187E+3	-5,063460E+0	1,017187E+3	3,266061E+0	1,017187E+3	-4,972624E+0	1,017187E+3	3,851940E+0	1,017187E+3	-4,456853E+0	1,017187E+3	4,526609E+0	1,017187E+3	-2,855693E+0	1,017187E+3	4,278030E+0	1,017187E+3	-2,013972E+0	1,017187E+3	3,995850E+0	1,017187E+3	-1,691382E+0
1,018750E+3	2,915402E+0	1,018750E+3	-4,888822E+0	1,018750E+3	2,996147E+0	1,018750E+3	-4,969519E+0	1,018750E+3	3,236648E+0	1,018750E+3	-4,887807E+0	1,018750E+3	3,847861E+0	1,018750E+3	-4,428749E+0	1,018750E+3	4,471767E+0	1,018750E+3	-2,874014E+0	1,018750E+3	4,237900E+0	1,018750E+3	-2,012655E+0	1,018750E+3	4,040968E+0	1,018750E+3	-1,681159E+0
1,020312E+3	3,137126E+0	1,020312E+3	-5,014588E+0	1,020312E+3	3,177512E+0	1,020312E+3	-5,027916E+0	1,020312E+3	3,264935E+0	1,020312E+3	-4,877147E+0	1,020312E+3	3,813871E+0	1,020312E+3	-4,403959E+0	1,020312E+3	4,515674E+0	1,020312E+3	-2,869677E+0	1,020312E+3	4,250931E+0	1,020312E+3	-2,094828E+0	1,020312E+3	4,011539E+0	1,020312E+3	-1,717755E+0
1,021875E+3	3,392322E+0	1,021875E+3	-5,134653E+0	1,021875E+3	3,221773E+0	1,021875E+3	-5,086315E+0	1,021875E+3	3,213520E+0	1,021875E+3	-4,848047E+0	1,021875E+3	3,677606E+0	1,021875E+3	-4,425550E+0	1,021875E+3	4,545670E+0	1,021875E+3	-2,891630E+0	1,021875E+3	4,252444E+0	1,021875E+3	-2,101671E+0	1,021875E+3	3,988601E+0	1,021875E+3	-1,676679E+0
1,023437E+3	2,960533E+0	1,023437E+3	-4,922600E+0	1,023437E+3	3,020343E+0	1,023437E+3	-4,888894E+0	1,023437E+3	3,179615E+0	1,023437E+3	-4,811953E+0	1,023437E+3	3,687369E+0	1,023437E+3	-4,397233E+0	1,023437E+3	4,441523E+0	1,023437E+3	-2,970348E+0	1,023437E+3	4,240856E+0	1,023437E+3	-2,086924E+0	1,023437E+3	3,919279E+0	1,023437E+3	-1,659914E+0
1,025000E+3	3,003315E+0	1,025000E+3	-4,899239E+0	1,025000E+3	2,989141E+0	1,025000E+3	-4,846080E+0	1,025000E+3	3,124914E+0	1,025000E+3	-4,760624E+0	1,025000E+3	3,633319E+0	1,025000E+3	-4,368836E+0	1,025000E+3	4,406783E+0	1,025000E+3	-2,937812E+0	1,025000E+3	4,246856E+0	1,025000E+3	-2,113463E+0	1,025000E+3	3,919487E+0	1,025000E+3	-1,666156E+0
1,026562E+3	3,152225E+0	1,026562E+3	-4,897063E+0	1,026562E+3	2,960084E+0	1,026562E+3	-4,788441E+0	1,026562E+3	3,073343E+0	1,026562E+3	-4,792998E+0	1,026562E+3	3,634690E+0	1,026562E+3	-4,320683E+0	1,026562E+3	4,355301E+0	1,026562E+3	-2,853715E+0	1,026562E+3	4,190705E+0	1,026562E+3	-2,064338E+0	1,026562E+3	3,924653E+0	1,026562E+3	-1,665897E+0
1,028125E+3	2,976906E+0	1,028125E+3	-4,766855E+0	1,028125E+3	2,923959E+0	1,028125E+3	-4,782118E+0	1,028125E+3	2,969420E+0	1,028125E+3	-4,684353E+0	1,028125E+3	3,583015E+0	1,028125E+3	-4,267980E+0	1,028125E+3	4,300639E+0	1,028125E+3	-2,780231E+0	1,028125E+3	4,119186E+0	1,028125E+3	-2,034929E+0	1,028125E+3	3,889948E+0	1,028125E+3	-1,697414E+0
1,029687E+3	2,944327E+0	1,029687E+3	-4,833478E+0	1,029687E+3	2,876682E+0	1,029687E+3	-4,752155E+0	1,029687E+3	2,988224E+0	1,029687E+3	-4,661771E+0	1,029687E+3	3,544004E+0	1,029687E+3	-4,280556E+0	1,029687E+3	4,289321E+0	1,029687E+3	-2,806994E+0	1,029687E+3	4,187221E+0	1,029687E+3	-2,042391E+0	1,029687E+3	3,888586E+0	1,029687E+3	-1,743032E+0
1,031250E+3	2,735709E+0	1,031250E+3	-4,691321E+0	1,031250E+3	2,832683E+0	1,031250E+3	-4,666290E+0	1,031250E+3	2,900039E+0	1,031250E+3	-4,636043E+0	1,031250E+3	3,502086E+0	1,031250E+3	-4,310062E+0	1,031250E+3	4,189387E+0	1,031250E+3	-2,910180E+0	1,031250E+3	4,161717E+0	1,031250E+3	-1,997467E+0	1,031250E+3	3,946219E+0	1,031250E+3	-1,707232E+0
1,032812E+3	2,884986E+0	1,032812E+3	-4,472445E+0	1,032812E+3	2,832947E+0	1,032812E+3	-4,656007E+0	1,032812E+3	2,869668E+0	1,032812E+3	-4,592585E+0	1,032812E+3	3,446729E+0	1,032812E+3	-4,261902E+0	1,032812E+3	4,182600E+0	1,032812E+3	-2,909746E+0	1,032812E+3	4,111173E+0	1,032812E+3	-2,040428E+0	1,032812E+3	3,797350E+0	1,032812E+3	-1,648547E+0
1,034375E+3	2,816781E+0	1,034375E+3	-4,455174E+0	1,034375E+3	2,764837E+0	1,034375E+3	-4,560715E+0	1,034375E+3	2,835786E+0	1,034375E+3	-4,499677E+0	1,034375E+3	3,340533E+0	1,034375E+3	-4,173073E+0	1,034375E+3	4,109167E+0	1,034375E+3	-2,868710E+0	1,034375E+3	4,098160E+0	1,034375E+3	-2,084596E+0	1,034375E+3	3,807565E+0	1,034375E+3	-1,714151E+0
1,035937E+3	2,712918E+0	1,035937E+3	-4,476442E+0	1,035937E+3	2,706963E+0	1,035937E+3	-4,504551E+0	1,035937E+3	2,871569E+0	1,035937E+3	-4,474474E+0	1,035937E+3	3,329422E+0	1,035937E+3	-4,079896E+0	1,035937E+3	4,086736E+0	1,035937E+3	-2,823400E+0	1,035937E+3	4,013275E+0	1,035937E+3	-2,087734E+0	1,035937E+3	3,899687E+0	1,035937E+3	-1,733676E+0
1,037500E+3	2,724121E+0	1,037500E+3	-4,496234E+0	1,037500E+3	2,664757E+0	1,037500E+3	-4,536730E+0	1,037500E+3	2,821312E+0	1,037500E+3	-4,419223E+0	1,037500E+3	3,225904E+0	1,037500E+3	-4,092704E+0	1,037500E+3	4,039247E+0	1,037500E+3	-2,766639E+0	1,037500E+3	4,020518E+0	1,037500E+3	-2,060281E+0	1,037500E+3	3,881276E+0	1,037500E+3	-1,726698E+0
1,039062E+3	2,675732E+0	1,039062E+3	-4,450808E+0	1,039062E+3	2,628553E+0	1,039062E+3	-4,483156E+0	1,039062E+3	2,754558E+0	1,039062E+3	-4,397539E+0	1,039062E+3	3,258518E+0	1,039062E+3	-4,140247E+0	1,039062E+3	4,044111E+0	1,039062E+3	-2,711027E+0	1,039062E+3	4,042627E+0	1,039062E+3	-2,003477E+0	1,039062E+3	3,875975E+0	1,039062E+3	-1,741041E+0
1,040625E+3	2,503963E+0	1,040625E+3	-4,390915E+0	1,040625E+3	2,557916E+0	1,040625E+3	-4,378021E+0	1,040625E+3	2,669203E+0	1,040625E+3	-4,358113E+0	1,040625E+3	3,172310E+0	1,040625E+3	-4,112883E+0	1,040625E+3	4,027018E+0	1,040625E+3	-2,714284E+0	1,040625E+3	3,957061E+0	1,040625E+3	-2,034912E+0	1,040625E+3	3,813667E+0	1,040625E+3	-1,738202E+0
1,042187E+3	2,434793E+0	1,042187E+3	-4,303262E+0	1,042187E+3	2,534191E+0	1,042187E+3	-4,375820E+0	1,042187E+3	2,678246E+0	1,042187E+3	-4,313962E+0	1,042187E+3	3,101926E+0	1,042187E+3	-4,035325E+0	1,042187E+3	4,003063E+0	1,042187E+3	-2,803410E+0	1,042187E+3	3,941291E+0	1,042187E+3	-2,093696E+0	1,042187E+3	3,778069E+0	1,042187E+3	-1,729350E+0
1,043750E+3	2,604788E+0	1,043750E+3	-4,387481E+0	1,043750E+3	2,466708E+0	1,043750E+3	-4,351934E+0	1,043750E+3	2,661379E+0	1,043750E+3	-4,316753E+0	1,043750E+3	3,120860E+0	1,043750E+3	-3,989681E+0	1,043750E+3	4,032607E+0	1,043750E+3	-2,874898E+0	1,043750E+3	3,933987E+0	1,043750E+3	-2,069424E+0	1,043750E+3	3,798678E+0	1,043750E+3	-1,672501E+0
1,045312E+3	2,691082E+0	1,045312E+3	-4,351317E+0	1,045312E+3	2,511124E+0	1,045312E+3	-4,317129E+0	1,045312E+3	2,592868E+0	1,045312E+3	-4,251998E+0	1,045312E+3	3,074746E+0	1,045312E+3	-3,992976E+0	1,045312E+3	3,964460E+0	1,045312E+3	-2,702911E+0	1,045312E+3	3,900464E+0	1,045312E+3	-2,073765E+0	1,045312E+3	3,846792E+0	1,045312E+3	-1,608092E+0
1,046875E+3	2,525928E+0	1,046875E+3	-4,258530E+0	1,046875E+3	2,506136E+0	1,046875E+3	-4,266730E+0	1,046875E+3	2,614366E+0	1,046875E+3	-4,212367E+0	1,046875E+3	3,077513E+0	1,046875E+3	-3,966809E+0	1,046875E+3	3,936657E+0	1,046875E+3	-2,715517E+0	1,046875E+3	3,842578E+0	1,046875E+3	-1,981240E+0	1,046875E+3	3,796853E+0	1,046875E+3	-1,662890E+0
1,048437E+3	2,354884E+0	1,048437E+3	-4,209472E+0	1,048437E+3	2,411646E+0	1,048437E+3	-4,248300E+0	1,048437E+3	2,504458E+0	1,048437E+3	-4,140626E+0	1,048437E+3	2,939977E+0	1,048437E+3	-3,951919E+0	1,048437E+3	3,866127E+0	1,048437E+3	-2,914086E+0	1,048437E+3	3,818137E+0	1,048437E+3	-2,009527E+0	1,048437E+3	3,793391E+0	1,048437E+3	-1,706892E+0
1,050000E+3	2,384024E+0	1,050000E+3	-4,281309E+0	1,050000E+3	2,355138E+0	1,050000E+3	-4,203487E+0	1,050000E+3	2,486138E+0	1,050000E+3	-4,128699E+0	1,050000E+3	2,965898E+0	1,050000E+3	-3,831853E+0	1,050000E+3	3,866720E+0	1,050000E+3	-2,926738E+0	1,050000E+3	3,792719E+0	1,050000E+3	-2,016976E+0	1,050000E+3	3,710159E+0	1,050000E+3	-1,715236E+0
1,051562E+3	2,388421E+0	1,051562E+3	-4,181644E+0	1,051562E+3	2,356990E+0	1,051562E+3	-4,168077E+0	1,051562E+3	2,424917E+0	1,051562E+3	-4,094061E+0	1,051562E+3	2,890368E+0	1,051562E+3	-3,793053E+0	1,051562E+3	3,769188E+0	1,051562E+3	-2,828334E+0	1,051562E+3	3,840234E+0	1,051562E+3	-2,002796E+0	1,051562E+3	3,696084E+0	1,051562E+3	-1,725164E+0
1,053125E+3	2,312995E+0	1,053125E+3	-4,103418E+0	1,053125E+3	2,329779E+0	1,053125E+3	-4,109017E+0	1,053125E+3	2,412041E+0	1,053125E+3	-4,039539E+0	1,053125E+3	2,909700E+0	1,053125E+3	-3,812959E+0	1,053125E+3	3,814017E+0	1,053125E+3	-2,786885E+0	1,053125E+3	3,810161E+0	1,053125E+3	-1,947406E+0	1,053125E+3	3,686902E+0	1,053125E+3	-1,689341E+0
1,054687E+3	2,288759E+0	1,054687E+3	-4,016377E+0	1,054687E+3	2,280110E+0	1,054687E+3	-4,112122E+0	1,054687E+3	2,408766E+0	1,054687E+3	-3,995351E+0	1,054687E+3	2,843888E+0	1,054687E+3	-3,752812E+0	1,054687E+3	3,810225E+0	1,054687E+3	-2,722364E+0	1,054687E+3	3,819827E+0	1,054687E+3	-2,055390E+0	1,054687E+3	3,606924E+0	1,054687E+3	-1,681351E+0
1,056250E+3	2,358696E+0	1,056250E+3	-4,053944E+0	1,056250E+3	2,260699E+0	1,056250E+3	-4,038959E+0	1,056250E+3	2,374902E+0	1,056250E+3	-3,971349E+0	1,056250E+3	2,787779E+0	1,056250E+3	-3,780492E+0	1,056250E+3	3,769142E+0	1,056250E+3	-2,718426E+0	1,056250E+3	3,797737E+0	1,056250E+3	-2,085667E+0	1,056250E+3	3,693198E+0	1,056250E+3	-1,722470E+0
1,057812E+3	2,242328E+0	1,057812E+3	-3,969606E+0	1,057812E+3	2,242599E+0	1,057812E+3	-3,967780E+0	1,057812E+3	2,342789E+0	1,057812E+3	-3,923322E+0	1,057812E+3	2,812211E+0	1,057812E+3	-3,750232E+0	1,057812E+3	3,770691E+0	1,057812E+3	-2,728069E+0	1,057812E+3	3,747294E+0	1,057812E+3	-2,045745E+0	1,057812E+3	3,692925E+0	1,057812E+3	-1,685622E+0
1,059375E+3	2,168084E+0	1,059375E+3	-3,921146E+0	1,059375E+3	2,190161E+0	1,059375E+3	-3,939437E+0	1,059375E+3	2,307505E+0	1,059375E+3	-3,918440E+0	1,059375E+3	2,787500E+0	1,059375E+3	-3,682281E+0	1,059375E+3	3,647714E+0	1,059375E+3	-2,714628E+0	1,059375E+3	3,771808E+0	1,059375E+3	-2,092833E+0	1,059375E+3	3,705260E+0	1,059375E+3	-1,770870E+0
1,060937E+3	2,177196E+0	1,060937E+3	-3,889164E+0	1,060937E+3	2,193838E+0	1,060937E+3	-3,925080E+0	1,060937E+3	2,270157E+0	1,060937E+3	-3,878838E+0	1,060937E+3	2,782961E+0	1,060937E+3	-3,639356E+0	1,060937E+3	3,565481E+0	1,060937E+3	-2,725782E+0	1,060937E+3	3,683708E+0	1,060937E+3	-2,068234E+0	1,060937E+3	3,654689E+0	1,060937E+3	-1,863058E+0
1,062500E+3	2,139655E+0	1,062500E+3	-3,899127E+0	1,062500E+3	2,151397E+0	1,062500E+3	-3,907080E+0	1,062500E+3	2,260467E+0	1,062500E+3	-3,845264E+0	1,062500E+3	2,745863E+0	1,062500E+3	-3,602895E+0	1,062500E+3	3,594212E+0	1,062500E+3	-2,663096E+0	1,062500E+3	3,654923E+0	1,062500E+3	-2,001464E+0	1,062500E+3	3,601239E+0	1,062500E+3	-1,687557E+0
1,064062E+3	2,133187E+0	1,064062E+3	-3,926680E+0	1,064062E+3	2,121795E+0	1,064062E+3	-3,827883E+0	1,064062E+3	2,217071E+0	1,064062E+3	-3,777356E+0	1,064062E+3	2,672649E+0	1,064062E+3	-3,578707E+0	1,064062E+3	3,607610E+0	1,064062E+3	-2,657983E+0	1,064062E+3	3,662250E+0	1,064062E+3	-2,031206E+0	1,064062E+3	3,615286E+0	1,064062E+3	-1,648792E+0
1,065625E+3	2,091138E+0	1,065625E+3	-3,891660E+0	1,065625E+3	2,062569E+0	1,065625E+3	-3,777520E+0	1,065625E+3	2,215864E+0	1,065625E+3	-3,753460E+0	1,065625E+3	2,646699E+0	1,065625E+3	-3,585243E+0	1,065625E+3	3,683158E+0	1,065625E+3	-2,611199E+0	1,065625E+3	3,752601E+0	1,065625E+3	-2,039034E+0	1,065625E+3	3,575094E+0	1,065625E+3	-1,597223E+0
1,067187E+3	2,079152E+0	1,067187E+3	-3,789327E+0	1,067187E+3	2,082106E+0	1,067187E+3	-3,730116E+0	1,067187E+3	2,185142E+0	1,067187E+3	-3,731526E+0	1,067187E+3	2,617367E+0	1,067187E+3	-3,586695E+0	1,067187E+3	3,571222E+0	1,067187E+3	-2,735601E+0	1,067187E+3	3,660594E+0	1,067187E+3	-2,015128E+0	1,067187E+3	3,546656E+0	1,067187E+3	-1,641665E+0
1,068750E+3	2,078153E+0	1,068750E+3	-3,774258E+0	1,068750E+3	2,044059E+0	1,068750E+3	-3,738330E+0	1,068750E+3	2,147447E+0	1,068750E+3	-3,690053E+0	1,068750E+3	2,605435E+0	1,068750E+3	-3,516599E+0	1,068750E+3	3,484892E+0	1,068750E+3	-2,630335E+0	1,068750E+3	3,679532E+0	1,068750E+3	-2,028822E+0	1,068750E+3	3,639466E+0	1,068750E+3	-1,625170E+0
1,070312E+3	2,049723E+0	1,070312E+3	-3,649337E+0	1,070312E+3	2,054250E+0	1,070312E+3	-3,697438E+0	1,070312E+3	2,133556E+0	1,070312E+3	-3,663152E+0	1,070312E+3	2,500331E+0	1,070312E+3	-3,486869E+0	1,070312E+3	3,467129E+0	1,070312E+3	-2,668140E+0	1,070312E+3	3,599211E+0	1,070312E+3	-2,021963E+0	1,070312E+3	3,576124E+0	1,070312E+3	-1,663696E+0
1,071875E+3	2,028243E+0	1,071875E+3	-3,602077E+0	1,071875E+3	2,001905E+0	1,071875E+3	-3,607372E+0	1,071875E+3	2,105673E+0	1,071875E+3	-3,661534E+0	1,071875E+3	2,473451E+0	1,071875E+3	-3,499269E+0	1,071875E+3	3,401631E+0	1,071875E+3	-2,660929E+0	1,071875E+3	3,629112E+0	1,071875E+3	-2,028731E+0	1,071875E+3	3,493262E+0	1,071875E+3	-1,667979E+0
1,073437E+3	2,003187E+0	1,073437E+3	-3,690857E+0	1,073437E+3	2,019624E+0	1,073437E+3	-3,619991E+0	1,073437E+3	2,092949E+0	1,073437E+3	-3,598693E+0	1,073437E+3	2,533533E+0	1,073437E+3	-3,430507E+0	1,073437E+3	3,403499E+0	1,073437E+3	-2,583418E+0	1,073437E+3	3,571806E+0	1,073437E+3	-1,991038E+0	1,073437E+3	3,589743E+0	1,073437E+3	-1,631423E+0
1,075000E+3	1,896763E+0	1,075000E+3	-3,641858E+0	1,075000E+3	1,973994E+0	1,075000E+3	-3,637521E+0	1,075000E+3	2,049610E+0	1,075000E+3	-3,535288E+0	1,075000E+3	2,491804E+0	1,075000E+3	-3,384723E+0	1,075000E+3	3,433425E+0	1,075000E+3	-2,565353E+0	1,075000E+3	3,457381E+0	1,075000E+3	-2,059415E+0	1,075000E+3	3,566996E+0	1,075000E+3	-1,602226E+0
1,076562E+3	1,852845E+0	1,076562E+3	-3,557681E+0	1,076562E+3	1,911006E+0	1,076562E+3	-3,540846E+0	1,076562E+3	2,040327E+0	1,076562E+3	-3,493964E+0	1,076562E+3	2,428274E+0	1,076562E+3	-3,353207E+0	1,076562E+3	3,279283E+0	1,076562E+3	-2,605284E+0	1,076562E+3	3,575919E+0	1,076562E+3	-2,047349E+0	1,076562E+3	3,519284E+0	1,076562E+3	-1,706570E+0
1,078125E+3	1,798664E+0	1,078125E+3	-3,448744E+0	1,078125E+3	1,883737E+0	1,078125E+3	-3,486279E+0	1,078125E+3	1,989616E+0	1,078125E+3	-3,456413E+0	1,078125E+3	2,353880E+0	1,078125E+3	-3,339737E+0	1,078125E+3	3,240313E+0	1,078125E+3	-2,717565E+0	1,078125E+3	3,647853E+0	1,078125E+3	-2,040018E+0	1,078125E+3	3,495333E+0	1,078125E+3	-1,725561E+0
1,079687E+3	1,851151E+0	1,079687E+3	-3,434677E+0	1,079687E+3	1,881329E+0	1,079687E+3	-3,463595E+0	1,079687E+3	1,951918E+0	1,079687E+3	-3,436395E+0	1,079687E+3	2,394488E+0	1,079687E+3	-3,309703E+0	1,079687E+3	3,233002E+0	1,079687E+3	-2,658660E+0	1,079687E+3	3,552612E+0	1,079687E+3	-2,093152E+0	1,079687E+3	3,545000E+0	1,079687E+3	-1,603193E+0
1,081250E+3	1,953983E+0	1,081250E+3	-3,487976E+0	1,081250E+3	1,892921E+0	1,081250E+3	-3,441076E+0	1,081250E+3	1,970385E+0	1,081250E+3	-3,392541E+0	1,081250E+3	2,398247E+0	1,081250E+3	-3,309250E+0	1,081250E+3	3,251478E+0	1,081250E+3	-2,599448E+0	1,081250E+3	3,430491E+0	1,081250E+3	-2,021250E+0	1,081250E+3	3,514719E+0	1,081250E+3	-1,544687E+0
1,082812E+3	1,952236E+0	1,082812E+3	-3,410455E+0	1,082812E+3	1,864724E+0	1,082812E+3	-3,407532E+0	1,082812E+3	1,957825E+0	1,082812E+3	-3,353918E+0	1,082812E+3	2,375717E+0	1,082812E+3	-3,300746E+0	1,082812E+3	3,218872E+0	1,082812E+3	-2,584568E+0	1,082812E+3	3,450955E+0	1,082812E+3	-1,978566E+0	1,082812E+3	3,524918E+0	1,082812E+3	-1,606863E+0
1,084375E+3	1,814034E+0	1,084375E+3	-3,369904E+0	1,084375E+3	1,823943E+0	1,084375E+3	-3,366278E+0	1,084375E+3	1,929206E+0	1,084375E+3	-3,336138E+0	1,084375E+3	2,321091E+0	1,084375E+3	-3,229967E+0	1,084375E+3	3,140447E+0	1,084375E+3	-2,571784E+0	1,084375E+3	3,404362E+0	1,084375E+3	-1,995263E+0	1,084375E+3	3,450855E+0	1,084375E+3	-1,601477E+0
1,085937E+3	1,740122E+0	1,085937E+3	-3,404943E+0	1,085937E+3	1,771917E+0	1,085937E+3	-3,299829E+0	1,085937E+3	1,864863E+0	1,085937E+3	-3,293859E+0	1,085937E+3	2,262530E+0	1,085937E+3	-3,233902E+0	1,085937E+3	3,114492E+0	1,085937E+3	-2,514372E+0	1,085937E+3	3,324200E+0	1,085937E+3	-2,044077E+0	1,085937E+3	3,442721E+0	1,085937E+3	-1,610618E+0
1,087500E+3	1,780817E+0	1,087500E+3	-3,334088E+0	1,087500E+3	1,811588E+0	1,087500E+3	-3,311915E+0	1,087500E+3	1,840815E+0	1,087500E+3	-3,264454E+0	1,087500E+3	2,269812E+0	1,087500E+3	-3,180093E+0	1,087500E+3	3,108838E+0	1,087500E+3	-2,578393E+0	1,087500E+3	3,415036E+0	1,087500E+3	-2,014920E+0	1,087500E+3	3,425533E+0	1,087500E+3	-1,630730E+0
1,089062E+3	1,738465E+0	1,089062E+3	-3,259060E+0	1,089062E+3	1,758658E+0	1,089062E+3	-3,265069E+0	1,089062E+3	1,848939E+0	1,089062E+3	-3,248427E+0	1,089062E+3	2,251977E+0	1,089062E+3	-3,152189E+0	1,089062E+3	3,137967E+0	1,089062E+3	-2,610857E+0	1,089062E+3	3,323405E+0	1,089062E+3	-1,951624E+0	1,089062E+3	3,517118E+0	1,089062E+3	-1,675196E+0
1,090625E+3	1,724276E+0	1,090625E+3	-3,237779E+0	1,090625E+3	1,731013E+0	1,090625E+3	-3,246077E+0	1,090625E+3	1,849151E+0	1,090625E+3	-3,214710E+0	1,090625E+3	2,229298E+0	1,090625E+3	-3,114358E+0	1,090625E+3	3,147207E+0	1,090625E+3	-2,567085E+0	1,090625E+3	3,326037E+0	1,090625E+3	-1,980284E+0	1,090625E+3	3,485539E+0	1,090625E+3	-1,587672E+0
1,092187E+3	1,694803E+0	1,092187E+3	-3,144846E+0	1,092187E+3	1,728180E+0	1,092187E+3	-3,199935E+0	1,092187E+3	1,816602E+0	1,092187E+3	-3,167061E+0	1,092187E+3	2,196580E+0	1,092187E+3	-3,088873E+0	1,092187E+3	3,094016E+0	1,092187E+3	-2,565306E+0	1,092187E+3	3,401757E+0	1,092187E+3	-1,923574E+0	1,092187E+3	3,451954E+0	1,092187E+3	-1,590283E+0
1,093750E+3	1,722097E+0	1,093750E+3	-3,131691E+0	1,093750E+3	1,717737E+0	1,093750E+3	-3,157382E+0	1,093750E+3	1,783188E+0	1,093750E+3	-3,133860E+0	1,093750E+3	2,176169E+0	1,093750E+3	-3,047290E+0	1,093750E+3	3,048868E+0	1,093750E+3	-2,459166E+0	1,093750E+3	3,377945E+0	1,093750E+3	-1,929899E+0	1,093750E+3	3,364194E+0	1,093750E+3	-1,599280E+0
1,095312E+3	1,701745E+0	1,095312E+3	-3,124134E+0	1,095312E+3	1,713077E+0	1,095312E+3	-3,147719E+0	1,095312E+3	1,775045E+0	1,095312E+3	-3,125130E+0	1,095312E+3	2,137793E+0	1,095312E+3	-3,024055E+0	1,095312E+3	3,018259E+0	1,095312E+3	-2,467601E+0	1,095312E+3	3,320562E+0	1,095312E+3	-1,999277E+0	1,095312E+3	3,349188E+0	1,095312E+3	-1,627080E+0
1,096875E+3	1,685429E+0	1,096875E+3	-3,056023E+0	1,096875E+3	1,680936E+0	1,096875E+3	-3,104974E+0	1,096875E+3	1,747844E+0	1,096875E+3	-3,084004E+0	1,096875E+3	2,141195E+0	1,096875E+3	-2,995618E+0	1,096875E+3	3,017916E+0	1,096875E+3	-2,421967E+0	1,096875E+3	3,256496E+0	1,096875E+3	-1,914547E+0	1,096875E+3	3,360724E+0	1,096875E+3	-1,643440E+0
1,098437E+3	1,677875E+0	1,098437E+3	-3,022502E+0	1,098437E+3	1,663785E+0	1,098437E+3	-3,062555E+0	1,098437E+3	1,758468E+0	1,098437E+3	-3,043008E+0	1,098437E+3	2,128613E+0	1,098437E+3	-2,981834E+0	1,098437E+3	3,014391E+0	1,098437E+3	-2,374243E+0	1,098437E+3	3,239234E+0	1,098437E+3	-1,912970E+0	1,098437E+3	3,460221E+0	1,098437E+3	-1,588753E+0
1,100000E+3	1,669611E+0	1,100000E+3	-3,037575E+0	1,100000E+3	1,625587E+0	1,100000E+3	-3,025987E+0	1,100000E+3	1,715052E+0	1,100000E+3	-3,013800E+0	1,100000E+3	2,125061E+0	1,100000E+3	-2,899345E+0	1,100000E+3	2,993458E+0	1,100000E+3	-2,413362E+0	1,100000E+3	3,273046E+0	1,100000E+3	-1,955650E+0	1,100000E+3	3,367189E+0	1,100000E+3	-1,567048E+0
1,101562E+3	1,604935E+0	1,101562E+3	-3,038791E+0	1,101562E+3	1,629001E+0	1,101562E+3	-3,003967E+0	1,101562E+3	1,700481E+0	1,101562E+3	-2,997062E+0	1,101562E+3	2,114214E+0	1,101562E+3	-2,894871E+0	1,101562E+3	2,892877E+0	1,101562E+3	-2,428548E+0	1,101562E+3	3,220627E+0	1,101562E+3	-1,932439E+0	1,101562E+3	3,386165E+0	1,101562E+3	-1,519923E+0
1,103125E+3	1,541875E+0	1,103125E+3	-2,976096E+0	1,103125E+3	1,620223E+0	1,103125E+3	-2,976665E+0	1,103125E+3	1,697439E+0	1,103125E+3	-2,960582E+0	1,103125E+3	2,119173E+0	1,103125E+3	-2,899162E+0	1,103125E+3	2,886994E+0	1,103125E+3	-2,293618E+0	1,103125E+3	3,212689E+0	1,103125E+3	-2,011501E+0	1,103125E+3	3,425639E+0	1,103125E+3	-1,558658E+0
1,104687E+3	1,609130E+0	1,104687E+3	-2,911699E+0	1,104687E+3	1,609390E+0	1,104687E+3	-2,954285E+0	1,104687E+3	1,684481E+0	1,104687E+3	-2,944280E+0	1,104687E+3	2,103848E+0	1,104687E+3	-2,872018E+0	1,104687E+3	2,905838E+0	1,104687E+3	-2,307128E+0	1,104687E+3	3,180875E+0	1,104687E+3	-1,954934E+0	1,104687E+3	3,344032E+0	1,104687E+3	-1,550050E+0
1,106250E+3	1,638735E+0	1,106250E+3	-2,896817E+0	1,106250E+3	1,601431E+0	1,106250E+3	-2,900082E+0	1,106250E+3	1,666071E+0	1,106250E+3	-2,893777E+0	1,106250E+3	2,033189E+0	1,106250E+3	-2,815299E+0	1,106250E+3	2,870928E+0	1,106250E+3	-2,372521E+0	1,106250E+3	3,227046E+0	1,106250E+3	-1,881873E+0	1,106250E+3	3,277249E+0	1,106250E+3	-1,624198E+0
1,107812E+3	1,613865E+0	1,107812E+3	-2,881526E+0	1,107812E+3	1,581965E+0	1,107812E+3	-2,874874E+0	1,107812E+3	1,650225E+0	1,107812E+3	-2,863191E+0	1,107812E+3	2,015749E+0	1,107812E+3	-2,829690E+0	1,107812E+3	2,849362E+0	1,107812E+3	-2,333656E+0	1,107812E+3	3,194091E+0	1,107812E+3	-1,806754E+0	1,107812E+3	3,248429E+0	1,107812E+3	-1,625083E+0
1,109375E+3	1,557954E+0	1,109375E+3	-2,839219E+0	1,109375E+3	1,566498E+0	1,109375E+3	-2,857489E+0	1,109375E+3	1,626603E+0	1,109375E+3	-2,835001E+0	1,109375E+3	1,995866E+0	1,109375E+3	-2,740457E+0	1,109375E+3	2,821575E+0	1,109375E+3	-2,257261E+0	1,109375E+3	3,136647E+0	1,109375E+3	-1,931610E+0	1,109375E+3	3,241635E+0	1,109375E+3	-1,629290E+0
1,110937E+3	1,545501E+0	1,110937E+3	-2,822258E+0	1,110937E+3	1,551590E+0	1,110937E+3	-2,808499E+0	1,110937E+3	1,615415E+0	1,110937E+3	-2,810557E+0	1,110937E+3	1,999737E+0	1,110937E+3	-2,724197E+0	1,110937E+3	2,817863E+0	1,110937E+3	-2,257323E+0	1,110937E+3	3,175465E+0	1,110937E+3	-1,943754E+0	1,110937E+3	3,281359E+0	1,110937E+3	-1,558826E+0
1,112500E+3	1,538482E+0	1,112500E+3	-2,796202E+0	1,112500E+3	1,526439E+0	1,112500E+3	-2,780501E+0	1,112500E+3	1,604700E+0	1,112500E+3	-2,775583E+0	1,112500E+3	1,974299E+0	1,112500E+3	-2,735770E+0	1,112500E+3	2,824477E+0	1,112500E+3	-2,237107E+0	1,112500E+3	3,204172E+0	1,112500E+3	-1,953733E+0	1,112500E+3	3,258173E+0	1,112500E+3	-1,466187E+0
1,114062E+3	1,545692E+0	1,114062E+3	-2,739459E+0	1,114062E+3	1,524112E+0	1,114062E+3	-2,764762E+0	1,114062E+3	1,583463E+0	1,114062E+3	-2,749558E+0	1,114062E+3	1,987473E+0	1,114062E+3	-2,706377E+0	1,114062E+3	2,799941E+0	1,114062E+3	-2,291415E+0	1,114062E+3	3,096049E+0	1,114062E+3	-1,893327E+0	1,114062E+3	3,260803E+0	1,114062E+3	-1,568720E+0
1,115625E+3	1,500925E+0	1,115625E+3	-2,715463E+0	1,115625E+3	1,511165E+0	1,115625E+3	-2,732627E+0	1,115625E+3	1,588646E+0	1,115625E+3	-2,709336E+0	1,115625E+3	1,968861E+0	1,115625E+3	-2,657647E+0	1,115625E+3	2,738087E+0	1,115625E+3	-2,412845E+0	1,115625E+3	3,039891E+0	1,115625E+3	-1,860358E+0	1,115625E+3	3,262205E+0	1,115625E+3	-1,582781E+0
1,117187E+3	1,486217E+0	1,117187E+3	-2,715401E+0	1,117187E+3	1,499001E+0	1,117187E+3	-2,695861E+0	1,117187E+3	1,558081E+0	1,117187E+3	-2,680072E+0	1,117187E+3	1,919562E+0	1,117187E+3	-2,593025E+0	1,117187E+3	2,706739E+0	1,117187E+3	-2,325225E+0	1,117187E+3	3,069067E+0	1,117187E+3	-1,886326E+0	1,117187E+3	3,184576E+0	1,117187E+3	-1,569945E+0
1,118750E+3	1,481433E+0	1,118750E+3	-2,675267E+0	1,118750E+3	1,470492E+0	1,118750E+3	-2,665030E+0	1,118750E+3	1,541099E+0	1,118750E+3	-2,660713E+0	1,118750E+3	1,911643E+0	1,118750E+3	-2,553163E+0	1,118750E+3	2,726468E+0	1,118750E+3	-2,225019E+0	1,118750E+3	3,109080E+0	1,118750E+3	-1,863624E+0	1,118750E+3	3,161717E+0	1,118750E+3	-1,490020E+0
1,120312E+3	1,476101E+0	1,120312E+3	-2,620800E+0	1,120312E+3	1,462537E+0	1,120312E+3	-2,636738E+0	1,120312E+3	1,543823E+0	1,120312E+3	-2,628170E+0	1,120312E+3	1,903642E+0	1,120312E+3	-2,559814E+0	1,120312E+3	2,710299E+0	1,120312E+3	-2,236637E+0	1,120312E+3	3,112629E+0	1,120312E+3	-1,817284E+0	1,120312E+3	3,224336E+0	1,120312E+3	-1,518117E+0
1,121875E+3	1,469729E+0	1,121875E+3	-2,638913E+0	1,121875E+3	1,439470E+0	1,121875E+3	-2,616367E+0	1,121875E+3	1,530913E+0	1,121875E+3	-2,603902E+0	1,121875E+3	1,868245E+0	1,121875E+3	-2,557206E+0	1,121875E+3	2,694824E+0	1,121875E+3	-2,193994E+0	1,121875E+3	3,057642E+0	1,121875E+3	-1,825718E+0	1,121875E+3	3,182899E+0	1,121875E+3	-1,538940E+0
1,123437E+3	1,448700E+0	1,123437E+3	-2,578693E+0	1,123437E+3	1,431633E+0	1,123437E+3	-2,597560E+0	1,123437E+3	1,519090E+0	1,123437E+3	-2,567974E+0	1,123437E+3	1,833248E+0	1,123437E+3	-2,513459E+0	1,123437E+3	2,677822E+0	1,123437E+3	-2,110634E+0	1,123437E+3	3,003224E+0	1,123437E+3	-1,811868E+0	1,123437E+3	3,215947E+0	1,123437E+3	-1,540900E+0
1,125000E+3	1,394206E+0	1,125000E+3	-2,518988E+0	1,125000E+3	1,419435E+0	1,125000E+3	-2,570305E+0	1,125000E+3	1,497437E+0	1,125000E+3	-2,541922E+0	1,125000E+3	1,836244E+0	1,125000E+3	-2,489136E+0	1,125000E+3	2,617657E+0	1,125000E+3	-2,150333E+0	1,125000E+3	2,999994E+0	1,125000E+3	-1,783734E+0	1,125000E+3	3,232594E+0	1,125000E+3	-1,550183E+0
1,126562E+3	1,396283E+0	1,126562E+3	-2,519111E+0	1,126562E+3	1,397142E+0	1,126562E+3	-2,528849E+0	1,126562E+3	1,483632E+0	1,126562E+3	-2,508894E+0	1,126562E+3	1,850971E+0	1,126562E+3	-2,450524E+0	1,126562E+3	2,543720E+0	1,126562E+3	-2,132119E+0	1,126562E+3	3,024180E+0	1,126562E+3	-1,772579E+0	1,126562E+3	3,165873E+0	1,126562E+3	-1,531374E+0
1,128125E+3	1,391881E+0	1,128125E+3	-2,503462E+0	1,128125E+3	1,401919E+0	1,128125E+3	-2,502698E+0	1,128125E+3	1,472983E+0	1,128125E+3	-2,499395E+0	1,128125E+3	1,852643E+0	1,128125E+3	-2,446879E+0	1,128125E+3	2,607327E+0	1,128125E+3	-2,137163E+0	1,128125E+3	3,000519E+0	1,128125E+3	-1,766783E+0	1,128125E+3	3,079742E+0	1,128125E+3	-1,471335E+0
1,129687E+3	1,366005E+0	1,129687E+3	-2,477293E+0	1,129687E+3	1,391801E+0	1,129687E+3	-2,468995E+0	1,129687E+3	1,456304E+0	1,129687E+3	-2,476269E+0	1,129687E+3	1,782581E+0	1,129687E+3	-2,398427E+0	1,129687E+3	2,585048E+0	1,129687E+3	-2,077782E+0	1,129687E+3	2,995810E+0	1,129687E+3	-1,742199E+0	1,129687E+3	3,083894E+0	1,129687E+3	-1,521109E+0
1,131250E+3	1,356345E+0	1,131250E+3	-2,458050E+0	1,131250E+3	1,380697E+0	1,131250E+3	-2,441636E+0	1,131250E+3	1,442897E+0	1,131250E+3	-2,436994E+0	1,131250E+3	1,754592E+0	1,131250E+3	-2,410188E+0	1,131250E+3	2,568719E+0	1,131250E+3	-2,105867E+0	1,131250E+3	2,952900E+0	1,131250E+3	-1,780290E+0	1,131250E+3	3,101900E+0	1,131250E+3	-1,564593E+0
1,132812E+3	1,370097E+0	1,132812E+3	-2,425825E+0	1,132812E+3	1,367416E+0	1,132812E+3	-2,423523E+0	1,132812E+3	1,429321E+0	1,132812E+3	-2,405868E+0	1,132812E+3	1,734791E+0	1,132812E+3	-2,389354E+0	1,132812E+3	2,533880E+0	1,132812E+3	-2,072520E+0	1,132812E+3	2,950089E+0	1,132812E+3	-1,790860E+0	1,132812E+3	3,156792E+0	1,132812E+3	-1,493830E+0
1,134375E+3	1,356555E+0	1,134375E+3	-2,387431E+0	1,134375E+3	1,340996E+0	1,134375E+3	-2,396696E+0	1,134375E+3	1,429175E+0	1,134375E+3	-2,381289E+0	1,134375E+3	1,723621E+0	1,134375E+3	-2,348001E+0	1,134375E+3	2,527839E+0	1,134375E+3	-2,014053E+0	1,134375E+3	2,941298E+0	1,134375E+3	-1,738720E+0	1,134375E+3	3,124273E+0	1,134375E+3	-1,516151E+0
1,135937E+3	1,342195E+0	1,135937E+3	-2,365573E+0	1,135937E+3	1,337992E+0	1,135937E+3	-2,377037E+0	1,135937E+3	1,407739E+0	1,135937E+3	-2,346072E+0	1,135937E+3	1,707391E+0	1,135937E+3	-2,327169E+0	1,135937E+3	2,547171E+0	1,135937E+3	-2,011223E+0	1,135937E+3	2,887829E+0	1,135937E+3	-1,780307E+0	1,135937E+3	3,101344E+0	1,135937E+3	-1,535924E+0
1,137500E+3	1,266298E+0	1,137500E+3	-2,277683E+0	1,137500E+3	1,326362E+0	1,137500E+3	-2,332528E+0	1,137500E+3	1,391576E+0	1,137500E+3	-2,327329E+0	1,137500E+3	1,710596E+0	1,137500E+3	-2,316051E+0	1,137500E+3	2,465223E+0	1,137500E+3	-2,062795E+0	1,137500E+3	2,837760E+0	1,137500E+3	-1,770819E+0	1,137500E+3	3,062250E+0	1,137500E+3	-1,507393E+0
1,139062E+3	1,285715E+0	1,139062E+3	-2,283127E+0	1,139062E+3	1,291239E+0	1,139062E+3	-2,283334E+0	1,139062E+3	1,384866E+0	1,139062E+3	-2,297588E+0	1,139062E+3	1,693978E+0	1,139062E+3	-2,291239E+0	1,139062E+3	2,466611E+0	1,139062E+3	-2,046881E+0	1,139062E+3	2,818939E+0	1,139062E+3	-1,686559E+0	1,139062E+3	3,046798E+0	1,139062E+3	-1,528231E+0
1,140625E+3	1,322324E+0	1,140625E+3	-2,305917E+0	1,140625E+3	1,335210E+0	1,140625E+3	-2,304851E+0	1,140625E+3	1,388793E+0	1,140625E+3	-2,281884E+0	1,140625E+3	1,678064E+0	1,140625E+3	-2,253115E+0	1,140625E+3	2,498468E+0	1,140625E+3	-2,071144E+0	1,140625E+3	2,821802E+0	1,140625E+3	-1,717904E+0	1,140625E+3	3,027287E+0	1,140625E+3	-1,562896E+0
1,142187E+3	1,361429E+0	1,142187E+3	-2,324027E+0	1,142187E+3	1,341210E+0	1,142187E+3	-2,290110E+0	1,142187E+3	1,393832E+0	1,142187E+3	-2,266587E+0	1,142187E+3	1,683321E+0	1,142187E+3	-2,242438E+0	1,142187E+3	2,471289E+0	1,142187E+3	-2,046166E+0	1,142187E+3	2,876434E+0	1,142187E+3	-1,712273E+0	1,142187E+3	3,043413E+0	1,142187E+3	-1,521180E+0
1,143750E+3	1,299000E+0	1,143750E+3	-2,235713E+0	1,143750E+3	1,290615E+0	1,143750E+3	-2,234507E+0	1,143750E+3	1,375007E+0	1,143750E+3	-2,232575E+0	1,143750E+3	1,679237E+0	1,143750E+3	-2,260575E+0	1,143750E+3	2,463483E+0	1,143750E+3	-1,989231E+0	1,143750E+3	2,838412E+0	1,143750E+3	-1,707336E+0	1,143750E+3	3,077317E+0	1,143750E+3	-1,510591E+0
1,145312E+3	1,289541E+0	1,145312E+3	-2,201688E+0	1,145312E+3	1,283374E+0	1,145312E+3	-2,197921E+0	1,145312E+3	1,344836E+0	1,145312E+3	-2,179555E+0	1,145312E+3	1,644894E+0	1,145312E+3	-2,213720E+0	1,145312E+3	2,452370E+0	1,145312E+3	-1,975176E+0	1,145312E+3	2,825283E+0	1,145312E+3	-1,698005E+0	1,145312E+3	3,047441E+0	1,145312E+3	-1,507768E+0
1,146875E+3	1,259400E+0	1,146875E+3	-2,174294E+0	1,146875E+3	1,277384E+0	1,146875E+3	-2,179997E+0	1,146875E+3	1,345027E+0	1,146875E+3	-2,171633E+0	1,146875E+3	1,649402E+0	1,146875E+3	-2,182398E+0	1,146875E+3	2,456785E+0	1,146875E+3	-1,982765E+0	1,146875E+3	2,816520E+0	1,146875E+3	-1,715281E+0	1,146875E+3	3,008085E+0	1,146875E+3	-1,526176E+0
1,148437E+3	1,256382E+0	1,148437E+3	-2,157619E+0	1,148437E+3	1,263764E+0	1,148437E+3	-2,167282E+0	1,148437E+3	1,342889E+0	1,148437E+3	-2,157818E+0	1,148437E+3	1,625506E+0	1,148437E+3	-2,153295E+0	1,148437E+3	2,407214E+0	1,148437E+3	-1,953463E+0	1,148437E+3	2,850170E+0	1,148437E+3	-1,730245E+0	1,148437E+3	3,018629E+0	1,148437E+3	-1,468649E+0
1,150000E+3	1,263477E+0	1,150000E+3	-2,140117E+0	1,150000E+3	1,255962E+0	1,150000E+3	-2,132258E+0	1,150000E+3	1,325866E+0	1,150000E+3	-2,119117E+0	1,150000E+3	1,623052E+0	1,150000E+3	-2,135171E+0	1,150000E+3	2,345863E+0	1,150000E+3	-1,976324E+0	1,150000E+3	2,791604E+0	1,150000E+3	-1,669665E+0	1,150000E+3	3,008114E+0	1,150000E+3	-1,459539E+0
1,151562E+3	1,250606E+0	1,151562E+3	-2,116586E+0	1,151562E+3	1,248778E+0	1,151562E+3	-2,109034E+0	1,151562E+3	1,319797E+0	1,151562E+3	-2,098358E+0	1,151562E+3	1,613525E+0	1,151562E+3	-2,102022E+0	1,151562E+3	2,386019E+0	1,151562E+3	-1,933096E+0	1,151562E+3	2,777106E+0	1,151562E+3	-1,661240E+0	1,151562E+3	2,980790E+0	1,151562E+3	-1,513561E+0
1,153125E+3	1,238708E+0	1,153125E+3	-2,076759E+0	1,153125E+3	1,243404E+0	1,153125E+3	-2,086082E+0	1,153125E+3	1,304497E+0	1,153125E+3	-2,084363E+0	1,153125E+3	1,593501E+0	1,153125E+3	-2,097350E+0	1,153125E+3	2,361849E+0	1,153125E+3	-1,936767E+0	1,153125E+3	2,719544E+0	1,153125E+3	-1,676805E+0	1,153125E+3	2,944202E+0	1,153125E+3	-1,504958E+0
1,154687E+3	1,226713E+0	1,154687E+3	-2,046392E+0	1,154687E+3	1,234853E+0	1,154687E+3	-2,057774E+0	1,154687E+3	1,306940E+0	1,154687E+3	-2,055733E+0	1,154687E+3	1,594703E+0	1,154687E+3	-2,077522E+0	1,154687E+3	2,335016E+0	1,154687E+3	-1,901671E+0	1,154687E+3	2,758427E+0	1,154687E+3	-1,648829E+0	1,154687E+3	2,932678E+0	1,154687E+3	-1,505562E+0
1,156250E+3	1,211100E+0	1,156250E+3	-2,027194E+0	1,156250E+3	1,226643E+0	1,156250E+3	-2,036622E+0	1,156250E+3	1,293093E+0	1,156250E+3	-2,030521E+0	1,156250E+3	1,577362E+0	1,156250E+3	-2,047867E+0	1,156250E+3	2,323753E+0	1,156250E+3	-1,916011E+0	1,156250E+3	2,747460E+0	1,156250E+3	-1,670462E+0	1,156250E+3	2,932657E+0	1,156250E+3	-1,468472E+0
1,157812E+3	1,219167E+0	1,157812E+3	-2,012729E+0	1,157812E+3	1,230832E+0	1,157812E+3	-2,011296E+0	1,157812E+3	1,285734E+0	1,157812E+3	-2,005283E+0	1,157812E+3	1,573124E+0	1,157812E+3	-2,014420E+0	1,157812E+3	2,304938E+0	1,157812E+3	-1,912147E+0	1,157812E+3	2,736515E+0	1,157812E+3	-1,689023E+0	1,157812E+3	2,946756E+0	1,157812E+3	-1,466080E+0
1,159375E+3	1,212411E+0	1,159375E+3	-1,985440E+0	1,159375E+3	1,220185E+0	1,159375E+3	-1,975456E+0	1,159375E+3	1,284433E+0	1,159375E+3	-1,983765E+0	1,159375E+3	1,561342E+0	1,159375E+3	-1,990804E+0	1,159375E+3	2,290669E+0	1,159375E+3	-1,891856E+0	1,159375E+3	2,705844E+0	1,159375E+3	-1,666182E+0	1,159375E+3	2,971614E+0	1,159375E+3	-1,468527E+0
1,160937E+3	1,208773E+0	1,160937E+3	-1,960013E+0	1,160937E+3	1,207915E+0	1,160937E+3	-1,970510E+0	1,160937E+3	1,273923E+0	1,160937E+3	-1,963392E+0	1,160937E+3	1,555623E+0	1,160937E+3	-1,965996E+0	1,160937E+3	2,287911E+0	1,160937E+3	-1,865080E+0	1,160937E+3	2,681155E+0	1,160937E+3	-1,661370E+0	1,160937E+3	2,952880E+0	1,160937E+3	-1,458504E+0
1,162500E+3	1,192080E+0	1,162500E+3	-1,942939E+0	1,162500E+3	1,198569E+0	1,162500E+3	-1,936515E+0	1,162500E+3	1,265461E+0	1,162500E+3	-1,938923E+0	1,162500E+3	1,554687E+0	1,162500E+3	-1,960469E+0	1,162500E+3	2,297581E+0	1,162500E+3	-1,839153E+0	1,162500E+3	2,673516E+0	1,162500E+3	-1,645659E+0	1,162500E+3	2,949805E+0	1,162500E+3	-1,461937E+0
1,164062E+3	1,188394E+0	1,164062E+3	-1,932326E+0	1,164062E+3	1,192753E+0	1,164062E+3	-1,905244E+0	1,164062E+3	1,251496E+0	1,164062E+3	-1,909842E+0	1,164062E+3	1,538460E+0	1,164062E+3	-1,942017E+0	1,164062E+3	2,286737E+0	1,164062E+3	-1,854647E+0	1,164062E+3	2,668007E+0	1,164062E+3	-1,624092E+0	1,164062E+3	2,932944E+0	1,164062E+3	-1,480588E+0
1,165625E+3	1,178453E+0	1,165625E+3	-1,881763E+0	1,165625E+3	1,185642E+0	1,165625E+3	-1,888383E+0	1,165625E+3	1,245914E+0	1,165625E+3	-1,898434E+0	1,165625E+3	1,526483E+0	1,165625E+3	-1,915002E+0	1,165625E+3	2,272947E+0	1,165625E+3	-1,817802E+0	1,165625E+3	2,666863E+0	1,165625E+3	-1,593775E+0	1,165625E+3	2,904952E+0	1,165625E+3	-1,480822E+0
1,167187E+3	1,176820E+0	1,167187E+3	-1,864893E+0	1,167187E+3	1,187462E+0	1,167187E+3	-1,867857E+0	1,167187E+3	1,239741E+0	1,167187E+3	-1,873822E+0	1,167187E+3	1,523449E+0	1,167187E+3	-1,909429E+0	1,167187E+3	2,264156E+0	1,167187E+3	-1,806905E+0	1,167187E+3	2,680616E+0	1,167187E+3	-1,587090E+0	1,167187E+3	2,866117E+0	1,167187E+3	-1,476798E+0
1,168750E+3	1,182517E+0	1,168750E+3	-1,850869E+0	1,168750E+3	1,173931E+0	1,168750E+3	-1,849748E+0	1,168750E+3	1,238174E+0	1,168750E+3	-1,845911E+0	1,168750E+3	1,520129E+0	1,168750E+3	-1,899582E+0	1,168750E+3	2,262109E+0	1,168750E+3	-1,788040E+0	1,168750E+3	2,663006E+0	1,168750E+3	-1,605238E+0	1,168750E+3	2,867220E+0	1,168750E+3	-1,455592E+0
1,170312E+3	1,169788E+0	1,170312E+3	-1,827051E+0	1,170312E+3	1,169062E+0	1,170312E+3	-1,821959E+0	1,170312E+3	1,231055E+0	1,170312E+3	-1,825850E+0	1,170312E+3	1,502888E+0	1,170312E+3	-1,841994E+0	1,170312E+3	2,242996E+0	1,170312E+3	-1,767882E+0	1,170312E+3	2,659847E+0	1,170312E+3	-1,635942E+0	1,170312E+3	2,852591E+0	1,170312E+3	-1,457925E+0
1,171875E+3	1,140935E+0	1,171875E+3	-1,799811E+0	1,171875E+3	1,163631E+0	1,171875E+3	-1,794409E+0	1,171875E+3	1,218149E+0	1,171875E+3	-1,802574E+0	1,171875E+3	1,485949E+0	1,171875E+3	-1,828601E+0	1,171875E+3	2,222138E+0	1,171875E+3	-1,751156E+0	1,171875E+3	2,651339E+0	1,171875E+3	-1,584123E+0	1,171875E+3	2,875201E+0	1,171875E+3	-1,462469E+0
1,173437E+3	1,144834E+0	1,173437E+3	-1,780310E+0	1,173437E+3	1,163325E+0	1,173437E+3	-1,771393E+0	1,173437E+3	1,224065E+0	1,173437E+3	-1,777297E+0	1,173437E+3	1,482982E+0	1,173437E+3	-1,816449E+0	1,173437E+3	2,202875E+0	1,173437E+3	-1,750402E+0	1,173437E+3	2,613409E+0	1,173437E+3	-1,522136E+0	1,173437E+3	2,868446E+0	1,173437E+3	-1,459647E+0
1,175000E+3	1,132990E+0	1,175000E+3	-1,751701E+0	1,175000E+3	1,151983E+0	1,175000E+3	-1,750348E+0	1,175000E+3	1,221555E+0	1,175000E+3	-1,753626E+0	1,175000E+3	1,491095E+0	1,175000E+3	-1,799470E+0	1,175000E+3	2,207600E+0	1,175000E+3	-1,728258E+0	1,175000E+3	2,590746E+0	1,175000E+3	-1,539919E+0	1,175000E+3	2,879210E+0	1,175000E+3	-1,457316E+0
1,176562E+3	1,141925E+0	1,176562E+3	-1,738120E+0	1,176562E+3	1,151169E+0	1,176562E+3	-1,734625E+0	1,176562E+3	1,214146E+0	1,176562E+3	-1,730091E+0	1,176562E+3	1,479137E+0	1,176562E+3	-1,761868E+0	1,176562E+3	2,202169E+0	1,176562E+3	-1,729444E+0	1,176562E+3	2,587316E+0	1,176562E+3	-1,584845E+0	1,176562E+3	2,855841E+0	1,176562E+3	-1,457051E+0
1,178125E+3	1,131704E+0	1,178125E+3	-1,708706E+0	1,178125E+3	1,144031E+0	1,178125E+3	-1,705155E+0	1,178125E+3	1,199756E+0	1,178125E+3	-1,707707E+0	1,178125E+3	1,472207E+0	1,178125E+3	-1,743771E+0	1,178125E+3	2,196265E+0	1,178125E+3	-1,714966E+0	1,178125E+3	2,574202E+0	1,178125E+3	-1,552795E+0	1,178125E+3	2,830604E+0	1,178125E+3	-1,447453E+0
1,179687E+3	1,126967E+0	1,179687E+3	-1,685589E+0	1,179687E+3	1,140590E+0	1,179687E+3	-1,684976E+0	1,179687E+3	1,197663E+0	1,179687E+3	-1,690193E+0	1,179687E+3	1,471136E+0	1,179687E+3	-1,725006E+0	1,179687E+3	2,156341E+0	1,179687E+3	-1,682032E+0	1,179687E+3	2,573256E+0	1,179687E+3	-1,548367E+0	1,179687E+3	2,845662E+0	1,179687E+3	-1,460633E+0
1,181250E+3	1,131374E+0	1,181250E+3	-1,665162E+0	1,181250E+3	1,132338E+0	1,181250E+3	-1,662485E+0	1,181250E+3	1,198579E+0	1,181250E+3	-1,666645E+0	1,181250E+3	1,449679E+0	1,181250E+3	-1,709754E+0	1,181250E+3	2,154486E+0	1,181250E+3	-1,681798E+0	1,181250E+3	2,564575E+0	1,181250E+3	-1,551103E+0	1,181250E+3	2,846038E+0	1,181250E+3	-1,436225E+0
1,182812E+3	1,107032E+0	1,182812E+3	-1,635342E+0	1,182812E+3	1,125462E+0	1,182812E+3	-1,645841E+0	1,182812E+3	1,189972E+0	1,182812E+3	-1,640912E+0	1,182812E+3	1,445476E+0	1,182812E+3	-1,697527E+0	1,182812E+3	2,165824E+0	1,182812E+3	-1,686984E+0	1,182812E+3	2,575958E+0	1,182812E+3	-1,539240E+0	1,182812E+3	2,844033E+0	1,182812E+3	-1,430648E+0
1,184375E+3	1,110513E+0	1,184375E+3	-1,623492E+0	1,184375E+3	1,119115E+0	1,184375E+3	-1,618362E+0	1,184375E+3	1,184786E+0	1,184375E+3	-1,618504E+0	1,184375E+3	1,432713E+0	1,184375E+3	-1,673422E+0	1,184375E+3	2,185658E+0	1,184375E+3	-1,699187E+0	1,184375E+3	2,533108E+0	1,184375E+3	-1,533800E+0	1,184375E+3	2,812301E+0	1,184375E+3	-1,419576E+0
1,185937E+3	1,108226E+0	1,185937E+3	-1,594105E+0	1,185937E+3	1,117726E+0	1,185937E+3	-1,597490E+0	1,185937E+3	1,177499E+0	1,185937E+3	-1,597002E+0	1,185937E+3	1,443123E+0	1,185937E+3	-1,658536E+0	1,185937E+3	2,141809E+0	1,185937E+3	-1,652994E+0	1,185937E+3	2,523838E+0	1,185937E+3	-1,525996E+0	1,185937E+3	2,788670E+0	1,185937E+3	-1,399548E+0
1,187500E+3	1,106882E+0	1,187500E+3	-1,577306E+0	1,187500E+3	1,113720E+0	1,187500E+3	-1,577265E+0	1,187500E+3	1,174929E+0	1,187500E+3	-1,582474E+0	1,187500E+3	1,447282E+0	1,187500E+3	-1,635308E+0	1,187500E+3	2,148919E+0	1,187500E+3	-1,601938E+0	1,187500E+3	2,522864E+0	1,187500E+3	-1,491378E+0	1,187500E+3	2,768841E+0	1,187500E+3	-1,398427E+0
1,189062E+3	1,108314E+0	1,189062E+3	-1,551291E+0	1,189062E+3	1,110221E+0	1,189062E+3	-1,557418E+0	1,189062E+3	1,175022E+0	1,189062E+3	-1,562864E+0	1,189062E+3	1,434088E+0	1,189062E+3	-1,601507E+0	1,189062E+3	2,127574E+0	1,189062E+3	-1,597298E+0	1,189062E+3	2,544980E+0	1,189062E+3	-1,480132E+0	1,189062E+3	2,789840E+0	1,189062E+3	-1,395834E+0
1,190625E+3	1,105835E+0	1,190625E+3	-1,537662E+0	1,190625E+3	1,108158E+0	1,190625E+3	-1,536791E+0	1,190625E+3	1,164048E+0	1,190625E+3	-1,537084E+0	1,190625E+3	1,427814E+0	1,190625E+3	-1,590477E+0	1,190625E+3	2,107365E+0	1,190625E+3	-1,623397E+0	1,190625E+3	2,533458E+0	1,190625E+3	-1,474514E+0	1,190625E+3	2,794278E+0	1,190625E+3	-1,396456E+0
1,192187E+3	1,086280E+0	1,192187E+3	-1,513956E+0	1,192187E+3	1,102535E+0	1,192187E+3	-1,508798E+0	1,192187E+3	1,156302E+0	1,192187E+3	-1,518764E+0	1,192187E+3	1,411304E+0	1,192187E+3	-1,563818E+0	1,192187E+3	2,110870E+0	1,192187E+3	-1,607396E+0	1,192187E+3	2,503073E+0	1,192187E+3	-1,472354E+0	1,192187E+3	2,785194E+0	1,192187E+3	-1,391109E+0
1,193750E+3	1,084281E+0	1,193750E+3	-1,484415E+0	1,193750E+3	1,100647E+0	1,193750E+3	-1,492147E+0	1,193750E+3	1,159383E+0	1,193750E+3	-1,495290E+0	1,193750E+3	1,396693E+0	1,193750E+3	-1,541495E+0	1,193750E+3	2,120854E+0	1,193750E+3	-1,594487E+0	1,193750E+3	2,547380E+0	1,193750E+3	-1,474806E+0	1,193750E+3	2,754249E+0	1,193750E+3	-1,372966E+0
1,195312E+3	1,082242E+0	1,195312E+3	-1,463116E+0	1,195312E+3	1,090980E+0	1,195312E+3	-1,461107E+0	1,195312E+3	1,153718E+0	1,195312E+3	-1,475112E+0	1,195312E+3	1,400277E+0	1,195312E+3	-1,538081E+0	1,195312E+3	2,081917E+0	1,195312E+3	-1,565652E+0	1,195312E+3	2,537396E+0	1,195312E+3	-1,494306E+0	1,195312E+3	2,749634E+0	1,195312E+3	-1,360118E+0
1,196875E+3	1,082419E+0	1,196875E+3	-1,461884E+0	1,196875E+3	1,092518E+0	1,196875E+3	-1,445974E+0	1,196875E+3	1,148109E+0	1,196875E+3	-1,457184E+0	1,196875E+3	1,399818E+0	1,196875E+3	-1,512711E+0	1,196875E+3	2,066772E+0	1,196875E+3	-1,547259E+0	1,196875E+3	2,509203E+0	1,196875E+3	-1,462805E+0	1,196875E+3	2,761050E+0	1,196875E+3	-1,357145E+0
1,198437E+3	1,071770E+0	1,198437E+3	-1,428465E+0	1,198437E+3	1,083025E+0	1,198437E+3	-1,432762E+0	1,198437E+3	1,142854E+0	1,198437E+3	-1,432845E+0	1,198437E+3	1,380915E+0	1,198437E+3	-1,499884E+0	1,198437E+3	2,066251E+0	1,198437E+3	-1,537787E+0	1,198437E+3	2,463245E+0	1,198437E+3	-1,478521E+0	1,198437E+3	2,769275E+0	1,198437E+3	-1,343595E+0
1,200000E+3	1,070091E+0	1,200000E+3	-1,402687E+0	1,200000E+3	1,085455E+0	1,200000E+3	-1,405742E+0	1,200000E+3	1,138370E+0	1,200000E+3	-1,414122E+0	1,200000E+3	1,383373E+0	1,200000E+3	-1,481528E+0	1,200000E+3	2,039565E+0	1,200000E+3	-1,529721E+0	1,200000E+3	2,459797E+0	1,200000E+3	-1,457446E+0	1,200000E+3	2,766222E+0	1,200000E+3	-1,339090E+0
1,201562E+3	1,084325E+0	1,201562E+3	-1,393203E+0	1,201562E+3	1,076069E+0	1,201562E+3	-1,388188E+0	1,201562E+3	1,138985E+0	1,201562E+3	-1,398939E+0	1,201562E+3	1,378941E+0	1,201562E+3	-1,462394E+0	1,201562E+3	2,046091E+0	1,201562E+3	-1,521157E+0	1,201562E+3	2,451552E+0	1,201562E+3	-1,421556E+0	1,201562E+3	2,730938E+0	1,201562E+3	-1,370905E+0
1,203125E+3	1,077017E+0	1,203125E+3	-1,366929E+0	1,203125E+3	1,073773E+0	1,203125E+3	-1,369780E+0	1,203125E+3	1,130324E+0	1,203125E+3	-1,375523E+0	1,203125E+3	1,374053E+0	1,203125E+3	-1,438489E+0	1,203125E+3	2,017845E+0	1,203125E+3	-1,500997E+0	1,203125E+3	2,449300E+0	1,203125E+3	-1,403360E+0	1,203125E+3	2,734513E+0	1,203125E+3	-1,371193E+0
1,204687E+3	1,067177E+0	1,204687E+3	-1,335926E+0	1,204687E+3	1,074833E+0	1,204687E+3	-1,348198E+0	1,204687E+3	1,127822E+0	1,204687E+3	-1,349645E+0	1,204687E+3	1,379734E+0	1,204687E+3	-1,414700E+0	1,204687E+3	2,026272E+0	1,204687E+3	-1,463012E+0	1,204687E+3	2,433911E+0	1,204687E+3	-1,403581E+0	1,204687E+3	2,711245E+0	1,204687E+3	-1,342655E+0
1,206250E+3	1,056969E+0	1,206250E+3	-1,313339E+0	1,206250E+3	1,068019E+0	1,206250E+3	-1,322368E+0	1,206250E+3	1,123626E+0	1,206250E+3	-1,328804E+0	1,206250E+3	1,378763E+0	1,206250E+3	-1,409679E+0	1,206250E+3	2,014649E+0	1,206250E+3	-1,485808E+0	1,206250E+3	2,428647E+0	1,206250E+3	-1,409667E+0	1,206250E+3	2,711392E+0	1,206250E+3	-1,325154E+0
1,207812E+3	1,057019E+0	1,207812E+3	-1,296529E+0	1,207812E+3	1,067537E+0	1,207812E+3	-1,308221E+0	1,207812E+3	1,125388E+0	1,207812E+3	-1,310634E+0	1,207812E+3	1,360531E+0	1,207812E+3	-1,388789E+0	1,207812E+3	2,013554E+0	1,207812E+3	-1,479138E+0	1,207812E+3	2,404741E+0	1,207812E+3	-1,365521E+0	1,207812E+3	2,734532E+0	1,207812E+3	-1,339293E+0
1,209375E+3	1,065397E+0	1,209375E+3	-1,279397E+0	1,209375E+3	1,068382E+0	1,209375E+3	-1,280697E+0	1,209375E+3	1,116585E+0	1,209375E+3	-1,294018E+0	1,209375E+3	1,353403E+0	1,209375E+3	-1,360687E+0	1,209375E+3	2,014158E+0	1,209375E+3	-1,469781E+0	1,209375E+3	2,414080E+0	1,209375E+3	-1,369061E+0	1,209375E+3	2,732585E+0	1,209375E+3	-1,336445E+0
1,210937E+3	1,048226E+0	1,210937E+3	-1,266137E+0	1,210937E+3	1,065933E+0	1,210937E+3	-1,269736E+0	1,210937E+3	1,120502E+0	1,210937E+3	-1,276660E+0	1,210937E+3	1,374426E+0	1,210937E+3	-1,334776E+0	1,210937E+3	2,013236E+0	1,210937E+3	-1,439879E+0	1,210937E+3	2,425700E+0	1,210937E+3	-1,353576E+0	1,210937E+3	2,697697E+0	1,210937E+3	-1,299502E+0
1,212500E+3	1,043767E+0	1,212500E+3	-1,243594E+0	1,212500E+3	1,058124E+0	1,212500E+3	-1,244931E+0	1,212500E+3	1,117277E+0	1,212500E+3	-1,250109E+0	1,212500E+3	1,359457E+0	1,212500E+3	-1,318261E+0	1,212500E+3	1,989108E+0	1,212500E+3	-1,395972E+0	1,212500E+3	2,433132E+0	1,212500E+3	-1,350742E+0	1,212500E+3	2,697746E+0	1,212500E+3	-1,291422E+0
1,214062E+3	1,043999E+0	1,214062E+3	-1,211510E+0	1,214062E+3	1,056377E+0	1,214062E+3	-1,221805E+0	1,214062E+3	1,117009E+0	1,214062E+3	-1,228748E+0	1,214062E+3	1,358586E+0	1,214062E+3	-1,302378E+0	1,214062E+3	2,002761E+0	1,214062E+3	-1,378622E+0	1,214062E+3	2,399092E+0	1,214062E+3	-1,365122E+0	1,214062E+3	2,693771E+0	1,214062E+3	-1,298237E+0
1,215625E+3	1,044991E+0	1,215625E+3	-1,193205E+0	1,215625E+3	1,045081E+0	1,215625E+3	-1,205253E+0	1,215625E+3	1,118276E+0	1,215625E+3	-1,215780E+0	1,215625E+3	1,359465E+0	1,215625E+3	-1,284761E+0	1,215625E+3	1,980626E+0	1,215625E+3	-1,403846E+0	1,215625E+3	2,437944E+0	1,215625E+3	-1,376059E+0	1,215625E+3	2,689148E+0	1,215625E+3	-1,290288E+0
1,217187E+3	1,047054E+0	1,217187E+3	-1,186654E+0	1,217187E+3	1,052313E+0	1,217187E+3	-1,190847E+0	1,217187E+3	1,110228E+0	1,217187E+3	-1,197417E+0	1,217187E+3	1,352677E+0	1,217187E+3	-1,255291E+0	1,217187E+3	1,979999E+0	1,217187E+3	-1,417959E+0	1,217187E+3	2,401245E+0	1,217187E+3	-1,333834E+0	1,217187E+3	2,687516E+0	1,217187E+3	-1,269274E+0
1,218750E+3	1,032688E+0	1,218750E+3	-1,176015E+0	1,218750E+3	1,047329E+0	1,218750E+3	-1,160542E+0	1,218750E+3	1,106826E+0	1,218750E+3	-1,174515E+0	1,218750E+3	1,348312E+0	1,218750E+3	-1,249656E+0	1,218750E+3	1,955290E+0	1,218750E+3	-1,360154E+0	1,218750E+3	2,376612E+0	1,218750E+3	-1,324968E+0	1,218750E+3	2,656760E+0	1,218750E+3	-1,274187E+0
1,220312E+3	1,037224E+0	1,220312E+3	-1,148541E+0	1,220312E+3	1,045629E+0	1,220312E+3	-1,144734E+0	1,220312E+3	1,102922E+0	1,220312E+3	-1,158748E+0	1,220312E+3	1,337409E+0	1,220312E+3	-1,232798E+0	1,220312E+3	1,948421E+0	1,220312E+3	-1,333121E+0	1,220312E+3	2,398264E+0	1,220312E+3	-1,331946E+0	1,220312E+3	2,661258E+0	1,220312E+3	-1,282115E+0
1,221875E+3	1,041821E+0	1,221875E+3	-1,130028E+0	1,221875E+3	1,045137E+0	1,221875E+3	-1,129543E+0	1,221875E+3	1,103381E+0	1,221875E+3	-1,137390E+0	1,221875E+3	1,329824E+0	1,221875E+3	-1,207812E+0	1,221875E+3	1,960434E+0	1,221875E+3	-1,323268E+0	1,221875E+3	2,385265E+0	1,221875E+3	-1,295611E+0	1,221875E+3	2,684436E+0	1,221875E+3	-1,270994E+0
1,223437E+3	1,033593E+0	1,223437E+3	-1,101456E+0	1,223437E+3	1,042526E+0	1,223437E+3	-1,108310E+0	1,223437E+3	1,097035E+0	1,223437E+3	-1,119724E+0	1,223437E+3	1,321257E+0	1,223437E+3	-1,198489E+0	1,223437E+3	1,981913E+0	1,223437E+3	-1,320427E+0	1,223437E+3	2,370571E+0	1,223437E+3	-1,313315E+0	1,223437E+3	2,669275E+0	1,223437E+3	-1,291660E+0
1,225000E+3	1,046624E+0	1,225000E+3	-1,085814E+0	1,225000E+3	1,041870E+0	1,225000E+3	-1,087505E+0	1,225000E+3	1,094948E+0	1,225000E+3	-1,101640E+0	1,225000E+3	1,334010E+0	1,225000E+3	-1,171676E+0	1,225000E+3	1,959480E+0	1,225000E+3	-1,325263E+0	1,225000E+3	2,361944E+0	1,225000E+3	-1,311025E+0	1,225000E+3	2,651099E+0	1,225000E+3	-1,275465E+0
1,226562E+3	1,041486E+0	1,226562E+3	-1,068809E+0	1,226562E+3	1,039475E+0	1,226562E+3	-1,061167E+0	1,226562E+3	1,092568E+0	1,226562E+3	-1,078197E+0	1,226562E+3	1,324022E+0	1,226562E+3	-1,159414E+0	1,226562E+3	1,947750E+0	1,226562E+3	-1,308936E+0	1,226562E+3	2,362897E+0	1,226562E+3	-1,317158E+0	1,226562E+3	2,651108E+0	1,226562E+3	-1,254495E+0
1,228125E+3	1,041338E+0	1,228125E+3	-1,044036E+0	1,228125E+3	1,039253E+0	1,228125E+3	-1,048058E+0	1,228125E+3	1,093495E+0	1,228125E+3	-1,059859E+0	1,228125E+3	1,327007E+0	1,228125E+3	-1,144996E+0	1,228125E+3	1,951522E+0	1,228125E+3	-1,295660E+0	1,228125E+3	2,369299E+0	1,228125E+3	-1,303674E+0	1,228125E+3	2,648283E+0	1,228125E+3	-1,247280E+0
1,229687E+3	1,031543E+0	1,229687E+3	-1,027180E+0	1,229687E+3	1,038099E+0	1,229687E+3	-1,028458E+0	1,229687E+3	1,093971E+0	1,229687E+3	-1,043858E+0	1,229687E+3	1,331495E+0	1,229687E+3	-1,130228E+0	1,229687E+3	1,918909E+0	1,229687E+3	-1,261608E+0	1,229687E+3	2,346535E+0	1,229687E+3	-1,276506E+0	1,229687E+3	2,646892E+0	1,229687E+3	-1,260130E+0
1,231250E+3	1,027816E+0	1,231250E+3	-1,012806E+0	1,231250E+3	1,035043E+0	1,231250E+3	-1,007339E+0	1,231250E+3	1,093946E+0	1,231250E+3	-1,022663E+0	1,231250E+3	1,311822E+0	1,231250E+3	-1,123442E+0	1,231250E+3	1,925941E+0	1,231250E+3	-1,223013E+0	1,231250E+3	2,336320E+0	1,231250E+3	-1,283863E+0	1,231250E+3	2,613943E+0	1,231250E+3	-1,255610E+0
1,232812E+3	1,027962E+0	1,232812E+3	-9,912900E-1	1,232812E+3	1,035498E+0	1,232812E+3	-9,938324E-1	1,232812E+3	1,096199E+0	1,232812E+3	-1,004690E+0	1,232812E+3	1,301056E+0	1,232812E+3	-1,093278E+0	1,232812E+3	1,908576E+0	1,232812E+3	-1,243908E+0	1,232812E+3	2,317028E+0	1,232812E+3	-1,271434E+0	1,232812E+3	2,616346E+0	1,232812E+3	-1,246189E+0
1,234375E+3	1,032742E+0	1,234375E+3	-9,724481E-1	1,234375E+3	1,038736E+0	1,234375E+3	-9,758824E-1	1,234375E+3	1,093349E+0	1,234375E+3	-9,822680E-1	1,234375E+3	1,301006E+0	1,234375E+3	-1,073525E+0	1,234375E+3	1,921607E+0	1,234375E+3	-1,256334E+0	1,234375E+3	2,320964E+0	1,234375E+3	-1,240803E+0	1,234375E+3	2,614082E+0	1,234375E+3	-1,250445E+0
1,235937E+3	1,033440E+0	1,235937E+3	-9,501523E-1	1,235937E+3	1,040691E+0	1,235937E+3	-9,502705E-1	1,235937E+3	1,092672E+0	1,235937E+3	-9,683421E-1	1,235937E+3	1,304308E+0	1,235937E+3	-1,058093E+0	1,235937E+3	1,929486E+0	1,235937E+3	-1,225209E+0	1,235937E+3	2,324226E+0	1,235937E+3	-1,247731E+0	1,235937E+3	2,624889E+0	1,235937E+3	-1,230992E+0
1,237500E+3	1,031646E+0	1,237500E+3	-9,420360E-1	1,237500E+3	1,040316E+0	1,237500E+3	-9,330777E-1	1,237500E+3	1,095027E+0	1,237500E+3	-9,497716E-1	1,237500E+3	1,304396E+0	1,237500E+3	-1,044320E+0	1,237500E+3	1,923541E+0	1,237500E+3	-1,205274E+0	1,237500E+3	2,317638E+0	1,237500E+3	-1,251746E+0	1,237500E+3	2,597924E+0	1,237500E+3	-1,259640E+0
1,239062E+3	1,023369E+0	1,239062E+3	-9,171095E-1	1,239062E+3	1,038408E+0	1,239062E+3	-9,131291E-1	1,239062E+3	1,086630E+0	1,239062E+3	-9,324790E-1	1,239062E+3	1,297795E+0	1,239062E+3	-1,035445E+0	1,239062E+3	1,927314E+0	1,239062E+3	-1,158481E+0	1,239062E+3	2,320077E+0	1,239062E+3	-1,237922E+0	1,239062E+3	2,593381E+0	1,239062E+3	-1,254018E+0
1,240625E+3	1,031685E+0	1,240625E+3	-8,916704E-1	1,240625E+3	1,033375E+0	1,240625E+3	-8,955273E-1	1,240625E+3	1,086066E+0	1,240625E+3	-9,119119E-1	1,240625E+3	1,304492E+0	1,240625E+3	-1,012433E+0	1,240625E+3	1,906814E+0	1,240625E+3	-1,161454E+0	1,240625E+3	2,323511E+0	1,240625E+3	-1,218026E+0	1,240625E+3	2,599421E+0	1,240625E+3	-1,237762E+0
1,242187E+3	1,036019E+0	1,242187E+3	-8,730328E-1	1,242187E+3	1,031806E+0	1,242187E+3	-8,753284E-1	1,242187E+3	1,089701E+0	1,242187E+3	-8,931480E-1	1,242187E+3	1,302841E+0	1,242187E+3	-9,917303E-1	1,242187E+3	1,894174E+0	1,242187E+3	-1,160686E+0	1,242187E+3	2,323512E+0	1,242187E+3	-1,204065E+0	1,242187E+3	2,615238E+0	1,242187E+3	-1,217526E+0
1,243750E+3	1,032210E+0	1,243750E+3	-8,615334E-1	1,243750E+3	1,031834E+0	1,243750E+3	-8,568264E-1	1,243750E+3	1,092237E+0	1,243750E+3	-8,777332E-1	1,243750E+3	1,303561E+0	1,243750E+3	-9,818328E-1	1,243750E+3	1,881071E+0	1,243750E+3	-1,132847E+0	1,243750E+3	2,311654E+0	1,243750E+3	-1,192581E+0	1,243750E+3	2,594508E+0	1,243750E+3	-1,196599E+0
1,245312E+3	1,026609E+0	1,245312E+3	-8,411061E-1	1,245312E+3	1,028978E+0	1,245312E+3	-8,379833E-1	1,245312E+3	1,089366E+0	1,245312E+3	-8,556908E-1	1,245312E+3	1,309322E+0	1,245312E+3	-9,561371E-1	1,245312E+3	1,884689E+0	1,245312E+3	-1,117748E+0	1,245312E+3	2,281299E+0	1,245312E+3	-1,169112E+0	1,245312E+3	2,569716E+0	1,245312E+3	-1,208141E+0
1,246875E+3	1,017374E+0	1,246875E+3	-8,257258E-1	1,246875E+3	1,030010E+0	1,246875E+3	-8,219797E-1	1,246875E+3	1,091504E+0	1,246875E+3	-8,410791E-1	1,246875E+3	1,314014E+0	1,246875E+3	-9,399071E-1	1,246875E+3	1,896471E+0	1,246875E+3	-1,109343E+0	1,246875E+3	2,277755E+0	1,246875E+3	-1,195883E+0	1,246875E+3	2,589768E+0	1,246875E+3	-1,210389E+0
1,248437E+3	1,020340E+0	1,248437E+3	-8,080385E-1	1,248437E+3	1,032593E+0	1,248437E+3	-8,053651E-1	1,248437E+3	1,089327E+0	1,248437E+3	-8,213430E-1	1,248437E+3	1,306625E+0	1,248437E+3	-9,207340E-1	1,248437E+3	1,911607E+0	1,248437E+3	-1,114589E+0	1,248437E+3	2,299818E+0	1,248437E+3	-1,181945E+0	1,248437E+3	2,567467E+0	1,248437E+3	-1,222930E+0
1,250000E+3	1,025663E+0	1,250000E+3	-7,829805E-1	1,250000E+3	1,033405E+0	1,250000E+3	-7,865863E-1	1,250000E+3	1,089245E+0	1,250000E+3	-8,030557E-1	1,250000E+3	1,302250E+0	1,250000E+3	-8,958856E-1	1,250000E+3	1,917629E+0	1,250000E+3	-1,148478E+0	1,250000E+3	2,290495E+0	1,250000E+3	-1,174452E+0	1,250000E+3	2,560166E+0	1,250000E+3	-1,208162E+0
1,251562E+3	1,028411E+0	1,251562E+3	-7,652357E-1	1,251562E+3	1,032012E+0	1,251562E+3	-7,682281E-1	1,251562E+3	1,087609E+0	1,251562E+3	-7,843840E-1	1,251562E+3	1,308826E+0	1,251562E+3	-8,865402E-1	1,251562E+3	1,902275E+0	1,251562E+3	-1,154429E+0	1,251562E+3	2,287303E+0	1,251562E+3	-1,154766E+0	1,251562E+3	2,584708E+0	1,251562E+3	-1,197916E+0
1,253125E+3	1,027663E+0	1,253125E+3	-7,433477E-1	1,253125E+3	1,034820E+0	1,253125E+3	-7,484496E-1	1,253125E+3	1,090097E+0	1,253125E+3	-7,681167E-1	1,253125E+3	1,306751E+0	1,253125E+3	-8,707993E-1	1,253125E+3	1,886362E+0	1,253125E+3	-1,108164E+0	1,253125E+3	2,284459E+0	1,253125E+3	-1,126151E+0	1,253125E+3	2,579241E+0	1,253125E+3	-1,171053E+0
1,254687E+3	1,018713E+0	1,254687E+3	-7,275140E-1	1,254687E+3	1,037480E+0	1,254687E+3	-7,267643E-1	1,254687E+3	1,091070E+0	1,254687E+3	-7,495832E-1	1,254687E+3	1,305047E+0	1,254687E+3	-8,492442E-1	1,254687E+3	1,891738E+0	1,254687E+3	-1,060968E+0	1,254687E+3	2,283445E+0	1,254687E+3	-1,142291E+0	1,254687E+3	2,564328E+0	1,254687E+3	-1,197832E+0
1,256250E+3	1,019683E+0	1,256250E+3	-7,060758E-1	1,256250E+3	1,033351E+0	1,256250E+3	-7,105419E-1	1,256250E+3	1,087258E+0	1,256250E+3	-7,335987E-1	1,256250E+3	1,310261E+0	1,256250E+3	-8,353663E-1	1,256250E+3	1,882230E+0	1,256250E+3	-1,051805E+0	1,256250E+3	2,298054E+0	1,256250E+3	-1,144233E+0	1,256250E+3	2,579997E+0	1,256250E+3	-1,185065E+0
1,257812E+3	1,018435E+0	1,257812E+3	-6,728634E-1	1,257812E+3	1,031419E+0	1,257812E+3	-6,884239E-1	1,257812E+3	1,087227E+0	1,257812E+3	-7,128981E-1	1,257812E+3	1,304695E+0	1,257812E+3	-8,081199E-1	1,257812E+3	1,863499E+0	1,257812E+3	-1,046541E+0	1,257812E+3	2,263887E+0	1,257812E+3	-1,127797E+0	1,257812E+3	2,559709E+0	1,257812E+3	-1,159844E+0
1,259375E+3	1,025239E+0	1,259375E+3	-6,681075E-1	1,259375E+3	1,031509E+0	1,259375E+3	-6,694764E-1	1,259375E+3	1,090412E+0	1,259375E+3	-6,908998E-1	1,259375E+3	1,298915E+0	1,259375E+3	-7,940813E-1	1,259375E+3	1,868252E+0	1,259375E+3	-1,044160E+0	1,259375E+3	2,238699E+0	1,259375E+3	-1,109246E+0	1,259375E+3	2,579151E+0	1,259375E+3	-1,163113E+0
1,260937E+3	1,034804E+0	1,260937E+3	-6,672221E-1	1,260937E+3	1,042031E+0	1,260937E+3	-6,681815E-1	1,260937E+3	1,092750E+0	1,260937E+3	-6,791910E-1	1,260937E+3	1,318261E+0	1,260937E+3	-7,781309E-1	1,260937E+3	1,884018E+0	1,260937E+3	-1,028815E+0	1,260937E+3	2,270591E+0	1,260937E+3	-1,102774E+0	1,260937E+3	2,597423E+0	1,260937E+3	-1,173466E+0
1,262500E+3	1,041903E+0	1,262500E+3	-6,641272E-1	1,262500E+3	1,044261E+0	1,262500E+3	-6,386126E-1	1,262500E+3	1,091543E+0	1,262500E+3	-6,655274E-1	1,262500E+3	1,325474E+0	1,262500E+3	-7,696344E-1	1,262500E+3	1,885032E+0	1,262500E+3	-1,001350E+0	1,262500E+3	2,287698E+0	1,262500E+3	-1,114479E+0	1,262500E+3	2,563979E+0	1,262500E+3	-1,166261E+0
1,264062E+3	1,031586E+0	1,264062E+3	-6,241909E-1	1,264062E+3	1,038687E+0	1,264062E+3	-6,224048E-1	1,264062E+3	1,092487E+0	1,264062E+3	-6,477369E-1	1,264062E+3	1,313114E+0	1,264062E+3	-7,520155E-1	1,264062E+3	1,893350E+0	1,264062E+3	-1,017288E+0	1,264062E+3	2,253085E+0	1,264062E+3	-1,113657E+0	1,264062E+3	2,563637E+0	1,264062E+3	-1,121631E+0
1,265625E+3	1,040923E+0	1,265625E+3	-6,026903E-1	1,265625E+3	1,041807E+0	1,265625E+3	-6,081504E-1	1,265625E+3	1,095833E+0	1,265625E+3	-6,246270E-1	1,265625E+3	1,313053E+0	1,265625E+3	-7,406809E-1	1,265625E+3	1,849100E+0	1,265625E+3	-1,027525E+0	1,265625E+3	2,218023E+0	1,265625E+3	-1,101402E+0	1,265625E+3	2,548410E+0	1,265625E+3	-1,102173E+0
1,267187E+3	1,048434E+0	1,267187E+3	-5,821975E-1	1,267187E+3	1,041932E+0	1,267187E+3	-5,855321E-1	1,267187E+3	1,096813E+0	1,267187E+3	-6,128717E-1	1,267187E+3	1,305808E+0	1,267187E+3	-7,297149E-1	1,267187E+3	1,855236E+0	1,267187E+3	-9,875957E-1	1,267187E+3	2,254018E+0	1,267187E+3	-1,090928E+0	1,267187E+3	2,533009E+0	1,267187E+3	-1,140241E+0
1,268750E+3	1,044868E+0	1,268750E+3	-5,619523E-1	1,268750E+3	1,048476E+0	1,268750E+3	-5,684505E-1	1,268750E+3	1,096430E+0	1,268750E+3	-5,919942E-1	1,268750E+3	1,299876E+0	1,268750E+3	-7,068611E-1	1,268750E+3	1,846173E+0	1,268750E+3	-9,800702E-1	1,268750E+3	2,293518E+0	1,268750E+3	-1,075033E+0	1,268750E+3	2,531828E+0	1,268750E+3	-1,155106E+0
1,270312E+3	1,046061E+0	1,270312E+3	-5,422123E-1	1,270312E+3	1,048105E+0	1,270312E+3	-5,531862E-1	1,270312E+3	1,098960E+0	1,270312E+3	-5,718260E-1	1,270312E+3	1,310361E+0	1,270312E+3	-6,997874E-1	1,270312E+3	1,858440E+0	1,270312E+3	-9,838320E-1	1,270312E+3	2,251243E+0	1,270312E+3	-1,096109E+0	1,270312E+3	2,546476E+0	1,270312E+3	-1,148614E+0
1,271875E+3	1,040937E+0	1,271875E+3	-5,250501E-1	1,271875E+3	1,045373E+0	1,271875E+3	-5,373924E-1	1,271875E+3	1,099833E+0	1,271875E+3	-5,572432E-1	1,271875E+3	1,310546E+0	1,271875E+3	-6,834245E-1	1,271875E+3	1,853166E+0	1,271875E+3	-9,748467E-1	1,271875E+3	2,242473E+0	1,271875E+3	-1,068763E+0	1,271875E+3	2,535198E+0	1,271875E+3	-1,164027E+0
1,273437E+3	1,041966E+0	1,273437E+3	-5,152181E-1	1,273437E+3	1,047450E+0	1,273437E+3	-5,127624E-1	1,273437E+3	1,101326E+0	1,273437E+3	-5,334917E-1	1,273437E+3	1,307495E+0	1,273437E+3	-6,516172E-1	1,273437E+3	1,857515E+0	1,273437E+3	-9,475316E-1	1,273437E+3	2,223109E+0	1,273437E+3	-1,062316E+0	1,273437E+3	2,545297E+0	1,273437E+3	-1,153112E+0
1,275000E+3	1,046630E+0	1,275000E+3	-5,015152E-1	1,275000E+3	1,054972E+0	1,275000E+3	-4,946565E-1	1,275000E+3	1,105401E+0	1,275000E+3	-5,191008E-1	1,275000E+3	1,311700E+0	1,275000E+3	-6,400334E-1	1,275000E+3	1,839816E+0	1,275000E+3	-9,507015E-1	1,275000E+3	2,227982E+0	1,275000E+3	-1,079962E+0	1,275000E+3	2,525286E+0	1,275000E+3	-1,123999E+0
1,276562E+3	1,044529E+0	1,276562E+3	-4,763757E-1	1,276562E+3	1,054231E+0	1,276562E+3	-4,771114E-1	1,276562E+3	1,106389E+0	1,276562E+3	-5,036074E-1	1,276562E+3	1,315511E+0	1,276562E+3	-6,281767E-1	1,276562E+3	1,861352E+0	1,276562E+3	-9,289462E-1	1,276562E+3	2,252253E+0	1,276562E+3	-1,061948E+0	1,276562E+3	2,527019E+0	1,276562E+3	-1,140413E+0
1,278125E+3	1,041328E+0	1,278125E+3	-4,553618E-1	1,278125E+3	1,055690E+0	1,278125E+3	-4,614532E-1	1,278125E+3	1,104793E+0	1,278125E+3	-4,825666E-1	1,278125E+3	1,312901E+0	1,278125E+3	-6,114034E-1	1,278125E+3	1,863553E+0	1,278125E+3	-8,920728E-1	1,278125E+3	2,271074E+0	1,278125E+3	-1,035920E+0	1,278125E+3	2,534234E+0	1,278125E+3	-1,144012E+0
1,279687E+3	1,042953E+0	1,279687E+3	-4,332646E-1	1,279687E+3	1,056184E+0	1,279687E+3	-4,426159E-1	1,279687E+3	1,112236E+0	1,279687E+3	-4,640560E-1	1,279687E+3	1,317645E+0	1,279687E+3	-5,975325E-1	1,279687E+3	1,850702E+0	1,279687E+3	-8,600820E-1	1,279687E+3	2,244827E+0	1,279687E+3	-1,047359E+0	1,279687E+3	2,514157E+0	1,279687E+3	-1,129699E+0
1,281250E+3	1,045958E+0	1,281250E+3	-4,233317E-1	1,281250E+3	1,062029E+0	1,281250E+3	-4,245654E-1	1,281250E+3	1,113080E+0	1,281250E+3	-4,490553E-1	1,281250E+3	1,327872E+0	1,281250E+3	-5,880374E-1	1,281250E+3	1,846702E+0	1,281250E+3	-8,572031E-1	1,281250E+3	2,221075E+0	1,281250E+3	-1,026110E+0	1,281250E+3	2,517458E+0	1,281250E+3	-1,093204E+0
1,282812E+3	1,053745E+0	1,282812E+3	-4,138876E-1	1,282812E+3	1,066132E+0	1,282812E+3	-4,044180E-1	1,282812E+3	1,114935E+0	1,282812E+3	-4,328550E-1	1,282812E+3	1,327059E+0	1,282812E+3	-5,607965E-1	1,282812E+3	1,849812E+0	1,282812E+3	-8,750545E-1	1,282812E+3	2,231187E+0	1,282812E+3	-9,956283E-1	1,282812E+3	2,538445E+0	1,282812E+3	-1,089733E+0
1,284375E+3	1,059928E+0	1,284375E+3	-3,923428E-1	1,284375E+3	1,070855E+0	1,284375E+3	-3,926724E-1	1,284375E+3	1,121097E+0	1,284375E+3	-4,169859E-1	1,284375E+3	1,324982E+0	1,284375E+3	-5,455493E-1	1,284375E+3	1,875025E+0	1,284375E+3	-8,637353E-1	1,284375E+3	2,237505E+0	1,284375E+3	-9,905378E-1	1,284375E+3	2,512325E+0	1,284375E+3	-1,112434E+0
1,285937E+3	1,066632E+0	1,285937E+3	-3,686418E-1	1,285937E+3	1,070804E+0	1,285937E+3	-3,725208E-1	1,285937E+3	1,121321E+0	1,285937E+3	-3,980153E-1	1,285937E+3	1,338548E+0	1,285937E+3	-5,237003E-1	1,285937E+3	1,859968E+0	1,285937E+3	-8,611579E-1	1,285937E+3	2,237032E+0	1,285937E+3	-1,014923E+0	1,285937E+3	2,517010E+0	1,285937E+3	-1,111686E+0
1,287500E+3	1,069007E+0	1,287500E+3	-3,471408E-1	1,287500E+3	1,072016E+0	1,287500E+3	-3,533597E-1	1,287500E+3	1,125924E+0	1,287500E+3	-3,822970E-1	1,287500E+3	1,344037E+0	1,287500E+3	-5,182310E-1	1,287500E+3	1,863727E+0	1,287500E+3	-8,585868E-1	1,287500E+3	2,231705E+0	1,287500E+3	-1,012604E+0	1,287500E+3	2,504181E+0	1,287500E+3	-1,098559E+0
1,289062E+3	1,064013E+0	1,289062E+3	-3,350272E-1	1,289062E+3	1,076057E+0	1,289062E+3	-3,366610E-1	1,289062E+3	1,132029E+0	1,289062E+3	-3,638939E-1	1,289062E+3	1,341194E+0	1,289062E+3	-5,048603E-1	1,289062E+3	1,881034E+0	1,289062E+3	-8,347100E-1	1,289062E+3	2,220529E+0	1,289062E+3	-1,007474E+0	1,289062E+3	2,503076E+0	1,289062E+3	-1,116809E+0
1,290625E+3	1,066258E+0	1,290625E+3	-3,165808E-1	1,290625E+3	1,076478E+0	1,290625E+3	-3,171178E-1	1,290625E+3	1,136402E+0	1,290625E+3	-3,458733E-1	1,290625E+3	1,333937E+0	1,290625E+3	-4,898456E-1	1,290625E+3	1,889107E+0	1,290625E+3	-8,198110E-1	1,290625E+3	2,224175E+0	1,290625E+3	-9,811398E-1	1,290625E+3	2,513002E+0	1,290625E+3	-1,089659E+0
1,292187E+3	1,070834E+0	1,292187E+3	-2,991072E-1	1,292187E+3	1,082725E+0	1,292187E+3	-3,055635E-1	1,292187E+3	1,133329E+0	1,292187E+3	-3,281308E-1	1,292187E+3	1,338103E+0	1,292187E+3	-4,785054E-1	1,292187E+3	1,880756E+0	1,292187E+3	-7,974453E-1	1,292187E+3	2,206636E+0	1,292187E+3	-9,849149E-1	1,292187E+3	2,476082E+0	1,292187E+3	-1,064584E+0
1,293750E+3	1,077132E+0	1,293750E+3	-2,823682E-1	1,293750E+3	1,087922E+0	1,293750E+3	-2,827086E-1	1,293750E+3	1,133579E+0	1,293750E+3	-3,127038E-1	1,293750E+3	1,341476E+0	1,293750E+3	-4,534476E-1	1,293750E+3	1,853197E+0	1,293750E+3	-7,939719E-1	1,293750E+3	2,227707E+0	1,293750E+3	-9,605847E-1	1,293750E+3	2,495552E+0	1,293750E+3	-1,044183E+0
1,295312E+3	1,071802E+0	1,295312E+3	-2,671005E-1	1,295312E+3	1,090933E+0	1,295312E+3	-2,641507E-1	1,295312E+3	1,141303E+0	1,295312E+3	-2,947017E-1	1,295312E+3	1,344988E+0	1,295312E+3	-4,356765E-1	1,295312E+3	1,857707E+0	1,295312E+3	-7,902921E-1	1,295312E+3	2,215442E+0	1,295312E+3	-9,330446E-1	1,295312E+3	2,496221E+0	1,295312E+3	-1,054822E+0
1,296875E+3	1,082174E+0	1,296875E+3	-2,499322E-1	1,296875E+3	1,093146E+0	1,296875E+3	-2,491988E-1	1,296875E+3	1,144098E+0	1,296875E+3	-2,754458E-1	1,296875E+3	1,347298E+0	1,296875E+3	-4,268391E-1	1,296875E+3	1,866659E+0	1,296875E+3	-7,555313E-1	1,296875E+3	2,227198E+0	1,296875E+3	-9,441863E-1	1,296875E+3	2,480001E+0	1,296875E+3	-1,039721E+0
1,298437E+3	1,092152E+0	1,298437E+3	-2,381012E-1	1,298437E+3	1,096834E+0	1,298437E+3	-2,308157E-1	1,298437E+3	1,147891E+0	1,298437E+3	-2,637955E-1	1,298437E+3	1,344117E+0	1,298437E+3	-4,140705E-1	1,298437E+3	1,875741E+0	1,298437E+3	-7,508303E-1	1,298437E+3	2,242709E+0	1,298437E+3	-9,452004E-1	1,298437E+3	2,487427E+0	1,298437E+3	-1,050679E+0
1,300000E+3	1,092620E+0	1,300000E+3	-2,227507E-1	1,300000E+3	1,097130E+0	1,300000E+3	-2,142251E-1	1,300000E+3	1,152611E+0	1,300000E+3	-2,483614E-1	1,300000E+3	1,349981E+0	1,300000E+3	-3,958160E-1	1,300000E+3	1,889643E+0	1,300000E+3	-7,540594E-1	1,300000E+3	2,244174E+0	1,300000E+3	-9,147977E-1	1,300000E+3	2,489447E+0	1,300000E+3	-1,051747E+0
1,301562E+3	1,097670E+0	1,301562E+3	-1,932424E-1	1,301562E+3	1,103993E+0	1,301562E+3	-1,951177E-1	1,301562E+3	1,156245E+0	1,301562E+3	-2,251911E-1	1,301562E+3	1,367073E+0	1,301562E+3	-3,745714E-1	1,301562E+3	1,904983E+0	1,301562E+3	-7,423405E-1	1,301562E+3	2,226023E+0	1,301562E+3	-9,369280E-1	1,301562E+3	2,487189E+0	1,301562E+3	-1,049554E+0
1,303125E+3	1,098564E+0	1,303125E+3	-1,727063E-1	1,303125E+3	1,109956E+0	1,303125E+3	-1,783234E-1	1,303125E+3	1,161867E+0	1,303125E+3	-2,090202E-1	1,303125E+3	1,368625E+0	1,303125E+3	-3,631934E-1	1,303125E+3	1,883374E+0	1,303125E+3	-7,515386E-1	1,303125E+3	2,236884E+0	1,303125E+3	-9,459707E-1	1,303125E+3	2,511621E+0	1,303125E+3	-1,043678E+0
1,304687E+3	1,098461E+0	1,304687E+3	-1,573391E-1	1,304687E+3	1,114369E+0	1,304687E+3	-1,601175E-1	1,304687E+3	1,170715E+0	1,304687E+3	-1,940464E-1	1,304687E+3	1,371546E+0	1,304687E+3	-3,434923E-1	1,304687E+3	1,882783E+0	1,304687E+3	-7,294715E-1	1,304687E+3	2,266051E+0	1,304687E+3	-9,183953E-1	1,304687E+3	2,496554E+0	1,304687E+3	-1,046746E+0
1,306250E+3	1,107304E+0	1,306250E+3	-1,360714E-1	1,306250E+3	1,118789E+0	1,306250E+3	-1,393929E-1	1,306250E+3	1,172420E+0	1,306250E+3	-1,775617E-1	1,306250E+3	1,381742E+0	1,306250E+3	-3,365536E-1	1,306250E+3	1,912052E+0	1,306250E+3	-6,917058E-1	1,306250E+3	2,244027E+0	1,306250E+3	-8,965087E-1	1,306250E+3	2,471864E+0	1,306250E+3	-1,051030E+0
1,307812E+3	1,114770E+0	1,307812E+3	-1,148167E-1	1,307812E+3	1,124009E+0	1,307812E+3	-1,216671E-1	1,307812E+3	1,176064E+0	1,307812E+3	-1,592239E-1	1,307812E+3	1,389153E+0	1,307812E+3	-3,242917E-1	1,307812E+3	1,908851E+0	1,307812E+3	-6,757100E-1	1,307812E+3	2,234341E+0	1,307812E+3	-9,051464E-1	1,307812E+3	2,487327E+0	1,307812E+3	-1,048811E+0
1,309375E+3	1,121963E+0	1,309375E+3	-9,469178E-2	1,309375E+3	1,129105E+0	1,309375E+3	-1,052908E-1	1,309375E+3	1,182093E+0	1,309375E+3	-1,437383E-1	1,309375E+3	1,380299E+0	1,309375E+3	-3,107469E-1	1,309375E+3	1,902273E+0	1,309375E+3	-6,754285E-1	1,309375E+3	2,244610E+0	1,309375E+3	-9,127618E-1	1,309375E+3	2,490073E+0	1,309375E+3	-1,041434E+0
1,310937E+3	1,123110E+0	1,310937E+3	-8,020018E-2	1,310937E+3	1,134344E+0	1,310937E+3	-8,693579E-2	1,310937E+3	1,184991E+0	1,310937E+3	-1,216246E-1	1,310937E+3	1,374937E+0	1,310937E+3	-2,905173E-1	1,310937E+3	1,916032E+0	1,310937E+3	-6,694944E-1	1,310937E+3	2,232741E+0	1,310937E+3	-8,755530E-1	1,310937E+3	2,491529E+0	1,310937E+3	-1,033500E+0
1,312500E+3	1,127716E+0	1,312500E+3	-6,843581E-2	1,312500E+3	1,138445E+0	1,312500E+3	-7,165347E-2	1,312500E+3	1,191287E+0	1,312500E+3	-1,042538E-1	1,312500E+3	1,388968E+0	1,312500E+3	-2,725552E-1	1,312500E+3	1,914730E+0	1,312500E+3	-6,630302E-1	1,312500E+3	2,223760E+0	1,312500E+3	-8,509637E-1	1,312500E+3	2,498005E+0	1,312500E+3	-1,023271E+0
1,314062E+3	1,131861E+0	1,314062E+3	-5,272349E-2	1,314062E+3	1,141996E+0	1,314062E+3	-5,684916E-2	1,314062E+3	1,193995E+0	1,314062E+3	-9,115486E-2	1,314062E+3	1,400584E+0	1,314062E+3	-2,562905E-1	1,314062E+3	1,918457E+0	1,314062E+3	-6,696592E-1	1,314062E+3	2,219530E+0	1,314062E+3	-8,559667E-1	1,314062E+3	2,493332E+0	1,314062E+3	-1,011653E+0
1,315625E+3	1,147102E+0	1,315625E+3	-2,928324E-2	1,315625E+3	1,149298E+0	1,315625E+3	-4,076511E-2	1,315625E+3	1,204483E+0	1,315625E+3	-7,381558E-2	1,315625E+3	1,390190E+0	1,315625E+3	-2,470376E-1	1,315625E+3	1,914619E+0	1,315625E+3	-6,624454E-1	1,315625E+3	2,241348E+0	1,315625E+3	-8,689571E-1	1,315625E+3	2,470595E+0	1,315625E+3	-1,024874E+0
1,317187E+3	1,154708E+0	1,317187E+3	-1,071927E-2	1,317187E+3	1,153152E+0	1,317187E+3	-2,266926E-2	1,317187E+3	1,208321E+0	1,317187E+3	-5,559857E-2	1,317187E+3	1,393243E+0	1,317187E+3	-2,362750E-1	1,317187E+3	1,893944E+0	1,317187E+3	-6,304833E-1	1,317187E+3	2,208837E+0	1,317187E+3	-8,784373E-1	1,317187E+3	2,470522E+0	1,317187E+3	-1,020206E+0
1,318750E+3	1,153839E+0	1,318750E+3	1,133472E-2	1,318750E+3	1,160581E+0	1,318750E+3	2,409253E-3	1,318750E+3	1,211027E+0	1,318750E+3	-3,356652E-2	1,318750E+3	1,415756E+0	1,318750E+3	-2,142901E-1	1,318750E+3	1,876604E+0	1,318750E+3	-6,221372E-1	1,318750E+3	2,196940E+0	1,318750E+3	-8,744318E-1	1,318750E+3	2,458689E+0	1,318750E+3	-1,003072E+0
1,320312E+3	1,156124E+0	1,320312E+3	1,855519E-2	1,320312E+3	1,166942E+0	1,320312E+3	1,675106E-2	1,320312E+3	1,216399E+0	1,320312E+3	-1,732162E-2	1,320312E+3	1,410409E+0	1,320312E+3	-1,994235E-1	1,320312E+3	1,884186E+0	1,320312E+3	-6,097501E-1	1,320312E+3	2,221355E+0	1,320312E+3	-8,745040E-1	1,320312E+3	2,472393E+0	1,320312E+3	-9,903542E-1
1,321875E+3	1,158692E+0	1,321875E+3	2,580384E-2	1,321875E+3	1,171310E+0	1,321875E+3	3,261488E-2	1,321875E+3	1,220473E+0	1,321875E+3	-4,011516E-3	1,321875E+3	1,420102E+0	1,321875E+3	-1,808429E-1	1,321875E+3	1,888814E+0	1,321875E+3	-6,148187E-1	1,321875E+3	2,234279E+0	1,321875E+3	-8,601475E-1	1,321875E+3	2,487447E+0	1,321875E+3	-9,932776E-1
1,323437E+3	1,163562E+0	1,323437E+3	5,080546E-2	1,323437E+3	1,179077E+0	1,323437E+3	5,148420E-2	1,323437E+3	1,226556E+0	1,323437E+3	9,737516E-3	1,323437E+3	1,434529E+0	1,323437E+3	-1,658582E-1	1,323437E+3	1,900892E+0	1,323437E+3	-6,145234E-1	1,323437E+3	2,231155E+0	1,323437E+3	-8,386154E-1	1,323437E+3	2,471173E+0	1,323437E+3	-9,965009E-1
1,325000E+3	1,172743E+0	1,325000E+3	6,509083E-2	1,325000E+3	1,184089E+0	1,325000E+3	6,828320E-2	1,325000E+3	1,232864E+0	1,325000E+3	2,551309E-2	1,325000E+3	1,434370E+0	1,325000E+3	-1,432540E-1	1,325000E+3	1,923182E+0	1,325000E+3	-5,968080E-1	1,325000E+3	2,231599E+0	1,325000E+3	-8,543114E-1	1,325000E+3	2,477609E+0	1,325000E+3	-9,921926E-1
1,326562E+3	1,182515E+0	1,326562E+3	9,249733E-2	1,326562E+3	1,189988E+0	1,326562E+3	8,773425E-2	1,326562E+3	1,239278E+0	1,326562E+3	4,644594E-2	1,326562E+3	1,439837E+0	1,326562E+3	-1,273245E-1	1,326562E+3	1,917594E+0	1,326562E+3	-5,997471E-1	1,326562E+3	2,217327E+0	1,326562E+3	-8,248723E-1	1,326562E+3	2,489588E+0	1,326562E+3	-9,907320E-1
1,328125E+3	1,188449E+0	1,328125E+3	1,124373E-1	1,328125E+3	1,197028E+0	1,328125E+3	1,019180E-1	1,328125E+3	1,247060E+0	1,328125E+3	6,914991E-2	1,328125E+3	1,440664E+0	1,328125E+3	-1,287914E-1	1,328125E+3	1,917552E+0	1,328125E+3	-5,804458E-1	1,328125E+3	2,207518E+0	1,328125E+3	-8,281409E-1	1,328125E+3	2,459590E+0	1,328125E+3	-9,902007E-1
1,329687E+3	1,195881E+0	1,329687E+3	1,288851E-1	1,329687E+3	1,206963E+0	1,329687E+3	1,172003E-1	1,329687E+3	1,250557E+0	1,329687E+3	8,202981E-2	1,329687E+3	1,453665E+0	1,329687E+3	-1,067732E-1	1,329687E+3	1,945939E+0	1,329687E+3	-5,678192E-1	1,329687E+3	2,239089E+0	1,329687E+3	-8,140754E-1	1,329687E+3	2,485021E+0	1,329687E+3	-1,000523E+0
1,331250E+3	1,204885E+0	1,331250E+3	1,402633E-1	1,331250E+3	1,213849E+0	1,331250E+3	1,351743E-1	1,331250E+3	1,261710E+0	1,331250E+3	9,641884E-2	1,331250E+3	1,465995E+0	1,331250E+3	-8,882412E-2	1,331250E+3	1,927524E+0	1,331250E+3	-5,613643E-1	1,331250E+3	2,243663E+0	1,331250E+3	-7,842668E-1	1,331250E+3	2,472199E+0	1,331250E+3	-1,003474E+0
1,332812E+3	1,209499E+0	1,332812E+3	1,544242E-1	1,332812E+3	1,219259E+0	1,332812E+3	1,611881E-1	1,332812E+3	1,268691E+0	1,332812E+3	1,137673E-1	1,332812E+3	1,477304E+0	1,332812E+3	-7,467338E-2	1,332812E+3	1,936280E+0	1,332812E+3	-5,188299E-1	1,332812E+3	2,260757E+0	1,332812E+3	-7,744944E-1	1,332812E+3	2,478490E+0	1,332812E+3	-9,895467E-1
1,334375E+3	1,222137E+0	1,334375E+3	1,778277E-1	1,334375E+3	1,223966E+0	1,334375E+3	1,760166E-1	1,334375E+3	1,278418E+0	1,334375E+3	1,298305E-1	1,334375E+3	1,485851E+0	1,334375E+3	-6,757869E-2	1,334375E+3	1,937216E+0	1,334375E+3	-5,090787E-1	1,334375E+3	2,251910E+0	1,334375E+3	-7,978538E-1	1,334375E+3	2,482318E+0	1,334375E+3	-9,533984E-1
1,335937E+3	1,222743E+0	1,335937E+3	1,988485E-1	1,335937E+3	1,231004E+0	1,335937E+3	1,901078E-1	1,335937E+3	1,285426E+0	1,335937E+3	1,489870E-1	1,335937E+3	1,480580E+0	1,335937E+3	-5,455278E-2	1,335937E+3	1,927268E+0	1,335937E+3	-5,247786E-1	1,335937E+3	2,238088E+0	1,335937E+3	-8,067712E-1	1,335937E+3	2,493267E+0	1,335937E+3	-9,640002E-1
1,337500E+3	1,224856E+0	1,337500E+3	2,178176E-1	1,337500E+3	1,240361E+0	1,337500E+3	2,069365E-1	1,337500E+3	1,287621E+0	1,337500E+3	1,702033E-1	1,337500E+3	1,499146E+0	1,337500E+3	-3,315659E-2	1,337500E+3	1,951626E+0	1,337500E+3	-5,275640E-1	1,337500E+3	2,257269E+0	1,337500E+3	-7,940953E-1	1,337500E+3	2,484870E+0	1,337500E+3	-9,529802E-1
1,339062E+3	1,235376E+0	1,339062E+3	2,369294E-1	1,339062E+3	1,246517E+0	1,339062E+3	2,292943E-1	1,339062E+3	1,298235E+0	1,339062E+3	1,852377E-1	1,339062E+3	1,498521E+0	1,339062E+3	-3,731002E-3	1,339062E+3	1,954471E+0	1,339062E+3	-4,956112E-1	1,339062E+3	2,230709E+0	1,339062E+3	-8,035030E-1	1,339062E+3	2,492666E+0	1,339062E+3	-9,414664E-1
1,340625E+3	1,254356E+0	1,340625E+3	2,531497E-1	1,340625E+3	1,253324E+0	1,340625E+3	2,487359E-1	1,340625E+3	1,309171E+0	1,340625E+3	2,034552E-1	1,340625E+3	1,507137E+0	1,340625E+3	8,043573E-3	1,340625E+3	1,955012E+0	1,340625E+3	-5,041101E-1	1,340625E+3	2,246053E+0	1,340625E+3	-7,894556E-1	1,340625E+3	2,478809E+0	1,340625E+3	-9,740602E-1
1,342187E+3	1,260407E+0	1,342187E+3	2,674178E-1	1,342187E+3	1,262148E+0	1,342187E+3	2,644579E-1	1,342187E+3	1,316366E+0	1,342187E+3	2,228277E-1	1,342187E+3	1,507110E+0	1,342187E+3	2,082117E-2	1,342187E+3	1,957942E+0	1,342187E+3	-5,059825E-1	1,342187E+3	2,252876E+0	1,342187E+3	-7,592740E-1	1,342187E+3	2,495836E+0	1,342187E+3	-9,573124E-1
1,343750E+3	1,255659E+0	1,343750E+3	2,794403E-1	1,343750E+3	1,268757E+0	1,343750E+3	2,852053E-1	1,343750E+3	1,321669E+0	1,343750E+3	2,376518E-1	1,343750E+3	1,516035E+0	1,343750E+3	2,629794E-2	1,343750E+3	1,950974E+0	1,343750E+3	-4,634123E-1	1,343750E+3	2,267624E+0	1,343750E+3	-7,447633E-1	1,343750E+3	2,473116E+0	1,343750E+3	-9,207308E-1
1,345312E+3	1,266281E+0	1,345312E+3	3,041910E-1	1,345312E+3	1,279370E+0	1,345312E+3	3,047540E-1	1,345312E+3	1,330153E+0	1,345312E+3	2,560800E-1	1,345312E+3	1,527433E+0	1,345312E+3	3,526759E-2	1,345312E+3	1,990879E+0	1,345312E+3	-4,663438E-1	1,345312E+3	2,252892E+0	1,345312E+3	-7,508278E-1	1,345312E+3	2,482062E+0	1,345312E+3	-9,447697E-1
1,346875E+3	1,282868E+0	1,346875E+3	3,175291E-1	1,346875E+3	1,286776E+0	1,346875E+3	3,237171E-1	1,346875E+3	1,341887E+0	1,346875E+3	2,726638E-1	1,346875E+3	1,530142E+0	1,346875E+3	4,698308E-2	1,346875E+3	1,994908E+0	1,346875E+3	-4,767180E-1	1,346875E+3	2,258386E+0	1,346875E+3	-7,664209E-1	1,346875E+3	2,472596E+0	1,346875E+3	-9,422283E-1
1,348437E+3	1,287417E+0	1,348437E+3	3,444790E-1	1,348437E+3	1,297640E+0	1,348437E+3	3,375207E-1	1,348437E+3	1,352872E+0	1,348437E+3	2,933246E-1	1,348437E+3	1,537633E+0	1,348437E+3	6,382830E-2	1,348437E+3	1,987214E+0	1,348437E+3	-4,572302E-1	1,348437E+3	2,270355E+0	1,348437E+3	-7,512155E-1	1,348437E+3	2,456405E+0	1,348437E+3	-9,158994E-1
1,350000E+3	1,291793E+0	1,350000E+3	3,697861E-1	1,350000E+3	1,309978E+0	1,350000E+3	3,557402E-1	1,350000E+3	1,362105E+0	1,350000E+3	3,059859E-1	1,350000E+3	1,558421E+0	1,350000E+3	8,100554E-2	1,350000E+3	1,986124E+0	1,350000E+3	-4,550246E-1	1,350000E+3	2,240173E+0	1,350000E+3	-7,471227E-1	1,350000E+3	2,474444E+0	1,350000E+3	-9,291343E-1
1,351562E+3	1,300528E+0	1,351562E+3	3,944585E-1	1,351562E+3	1,318048E+0	1,351562E+3	3,741069E-1	1,351562E+3	1,367350E+0	1,351562E+3	3,202409E-1	1,351562E+3	1,556135E+0	1,351562E+3	9,700764E-2	1,351562E+3	1,989632E+0	1,351562E+3	-4,373830E-1	1,351562E+3	2,243520E+0	1,351562E+3	-7,405457E-1	1,351562E+3	2,453050E+0	1,351562E+3	-9,383955E-1
1,353125E+3	1,313109E+0	1,353125E+3	3,970459E-1	1,353125E+3	1,326703E+0	1,353125E+3	3,911928E-1	1,353125E+3	1,377847E+0	1,353125E+3	3,409975E-1	1,353125E+3	1,551639E+0	1,353125E+3	1,076234E-1	1,353125E+3	1,982568E+0	1,353125E+3	-4,438358E-1	1,353125E+3	2,259497E+0	1,353125E+3	-7,409718E-1	1,353125E+3	2,474712E+0	1,353125E+3	-9,136535E-1
1,354687E+3	1,326331E+0	1,354687E+3	4,070480E-1	1,354687E+3	1,337009E+0	1,354687E+3	4,102758E-1	1,354687E+3	1,391828E+0	1,354687E+3	3,610146E-1	1,354687E+3	1,571247E+0	1,354687E+3	1,247299E-1	1,354687E+3	2,003478E+0	1,354687E+3	-4,482832E-1	1,354687E+3	2,269997E+0	1,354687E+3	-7,157410E-1	1,354687E+3	2,485701E+0	1,354687E+3	-9,005039E-1
1,356250E+3	1,335146E+0	1,356250E+3	4,334584E-1	1,356250E+3	1,346051E+0	1,356250E+3	4,254231E-1	1,356250E+3	1,400627E+0	1,356250E+3	3,736492E-1	1,356250E+3	1,588214E+0	1,356250E+3	1,437339E-1	1,356250E+3	2,001753E+0	1,356250E+3	-4,320814E-1	1,356250E+3	2,274207E+0	1,356250E+3	-7,230809E-1	1,356250E+3	2,485208E+0	1,356250E+3	-9,050936E-1
1,357812E+3	1,349458E+0	1,357812E+3	4,542273E-1	1,357812E+3	1,354491E+0	1,357812E+3	4,429856E-1	1,357812E+3	1,410398E+0	1,357812E+3	3,941677E-1	1,357812E+3	1,573631E+0	1,357812E+3	1,570096E-1	1,357812E+3	2,011845E+0	1,357812E+3	-4,203086E-1	1,357812E+3	2,253962E+0	1,357812E+3	-6,899038E-1	1,357812E+3	2,482828E+0	1,357812E+3	-9,241359E-1
1,359375E+3	1,365883E+0	1,359375E+3	4,702533E-1	1,359375E+3	1,366538E+0	1,359375E+3	4,634216E-1	1,359375E+3	1,413323E+0	1,359375E+3	4,077844E-1	1,359375E+3	1,567781E+0	1,359375E+3	1,681961E-1	1,359375E+3	2,021302E+0	1,359375E+3	-3,889897E-1	1,359375E+3	2,278289E+0	1,359375E+3	-6,946114E-1	1,359375E+3	2,480360E+0	1,359375E+3	-9,092318E-1
1,360937E+3	1,377198E+0	1,360937E+3	4,901677E-1	1,360937E+3	1,375788E+0	1,360937E+3	4,778443E-1	1,360937E+3	1,428316E+0	1,360937E+3	4,277902E-1	1,360937E+3	1,594729E+0	1,360937E+3	1,993175E-1	1,360937E+3	2,033662E+0	1,360937E+3	-3,806481E-1	1,360937E+3	2,289396E+0	1,360937E+3	-6,968684E-1	1,360937E+3	2,502945E+0	1,360937E+3	-9,203755E-1
1,362500E+3	1,388214E+0	1,362500E+3	5,077432E-1	1,362500E+3	1,390187E+0	1,362500E+3	4,984861E-1	1,362500E+3	1,445632E+0	1,362500E+3	4,477764E-1	1,362500E+3	1,611252E+0	1,362500E+3	2,245372E-1	1,362500E+3	2,023742E+0	1,362500E+3	-3,734133E-1	1,362500E+3	2,274014E+0	1,362500E+3	-6,970317E-1	1,362500E+3	2,477082E+0	1,362500E+3	-8,982887E-1
1,364062E+3	1,389950E+0	1,364062E+3	5,196852E-1	1,364062E+3	1,398942E+0	1,364062E+3	5,195241E-1	1,364062E+3	1,452603E+0	1,364062E+3	4,621611E-1	1,364062E+3	1,629499E+0	1,364062E+3	2,306702E-1	1,364062E+3	2,003954E+0	1,364062E+3	-3,899402E-1	1,364062E+3	2,281268E+0	1,364062E+3	-6,963637E-1	1,364062E+3	2,489479E+0	1,364062E+3	-8,883859E-1
1,365625E+3	1,396825E+0	1,365625E+3	5,431865E-1	1,365625E+3	1,409089E+0	1,365625E+3	5,374978E-1	1,365625E+3	1,460913E+0	1,365625E+3	4,804021E-1	1,365625E+3	1,661471E+0	1,365625E+3	2,419153E-1	1,365625E+3	2,031534E+0	1,365625E+3	-3,680919E-1	1,365625E+3	2,304858E+0	1,365625E+3	-6,996357E-1	1,365625E+3	2,483720E+0	1,365625E+3	-8,890009E-1
1,367187E+3	1,415905E+0	1,367187E+3	5,674018E-1	1,367187E+3	1,418200E+0	1,367187E+3	5,550589E-1	1,367187E+3	1,476604E+0	1,367187E+3	4,982041E-1	1,367187E+3	1,659934E+0	1,367187E+3	2,502266E-1	1,367187E+3	2,065875E+0	1,367187E+3	-3,666701E-1	1,367187E+3	2,316461E+0	1,367187E+3	-6,815014E-1	1,367187E+3	2,439058E+0	1,367187E+3	-9,162931E-1
1,368750E+3	1,425364E+0	1,368750E+3	5,817158E-1	1,368750E+3	1,435766E+0	1,368750E+3	5,748363E-1	1,368750E+3	1,488614E+0	1,368750E+3	5,155652E-1	1,368750E+3	1,660310E+0	1,368750E+3	2,538333E-1	1,368750E+3	2,033914E+0	1,368750E+3	-3,548937E-1	1,368750E+3	2,288931E+0	1,368750E+3	-6,549677E-1	1,368750E+3	2,460623E+0	1,368750E+3	-9,465716E-1
1,370312E+3	1,435987E+0	1,370312E+3	6,060707E-1	1,370312E+3	1,446051E+0	1,370312E+3	5,947235E-1	1,370312E+3	1,503768E+0	1,370312E+3	5,390756E-1	1,370312E+3	1,670740E+0	1,370312E+3	2,653918E-1	1,370312E+3	2,042116E+0	1,370312E+3	-3,541583E-1	1,370312E+3	2,301069E+0	1,370312E+3	-6,436402E-1	1,370312E+3	2,496053E+0	1,370312E+3	-9,220138E-1
1,371875E+3	1,458608E+0	1,371875E+3	6,313371E-1	1,371875E+3	1,453020E+0	1,371875E+3	6,144294E-1	1,371875E+3	1,509176E+0	1,371875E+3	5,552405E-1	1,371875E+3	1,695983E+0	1,371875E+3	2,932001E-1	1,371875E+3	2,064894E+0	1,371875E+3	-3,161856E-1	1,371875E+3	2,288239E+0	1,371875E+3	-6,823741E-1	1,371875E+3	2,522327E+0	1,371875E+3	-8,857008E-1
1,373437E+3	1,466783E+0	1,373437E+3	6,395733E-1	1,373437E+3	1,470866E+0	1,373437E+3	6,353187E-1	1,373437E+3	1,517100E+0	1,373437E+3	5,735080E-1	1,373437E+3	1,704228E+0	1,373437E+3	2,919028E-1	1,373437E+3	2,081587E+0	1,373437E+3	-3,102171E-1	1,373437E+3	2,281799E+0	1,373437E+3	-6,939257E-1	1,373437E+3	2,495271E+0	1,373437E+3	-8,745179E-1
1,375000E+3	1,488083E+0	1,375000E+3	6,628541E-1	1,375000E+3	1,485929E+0	1,375000E+3	6,494755E-1	1,375000E+3	1,534118E+0	1,375000E+3	5,919528E-1	1,375000E+3	1,709575E+0	1,375000E+3	3,035610E-1	1,375000E+3	2,109506E+0	1,375000E+3	-3,318126E-1	1,375000E+3	2,289335E+0	1,375000E+3	-6,514072E-1	1,375000E+3	2,457005E+0	1,375000E+3	-8,756072E-1
1,376562E+3	1,490943E+0	1,376562E+3	6,844350E-1	1,376562E+3	1,493689E+0	1,376562E+3	6,632961E-1	1,376562E+3	1,549130E+0	1,376562E+3	6,048001E-1	1,376562E+3	1,719976E+0	1,376562E+3	3,106561E-1	1,376562E+3	2,081907E+0	1,376562E+3	-3,108165E-1	1,376562E+3	2,310780E+0	1,376562E+3	-6,411666E-1	1,376562E+3	2,447725E+0	1,376562E+3	-8,665277E-1
1,378125E+3	1,522959E+0	1,378125E+3	6,990470E-1	1,378125E+3	1,510953E+0	1,378125E+3	6,880904E-1	1,378125E+3	1,564556E+0	1,378125E+3	6,219488E-1	1,378125E+3	1,734680E+0	1,378125E+3	3,413032E-1	1,378125E+3	2,084401E+0	1,378125E+3	-2,904022E-1	1,378125E+3	2,327288E+0	1,378125E+3	-6,590797E-1	1,378125E+3	2,495084E+0	1,378125E+3	-8,930830E-1
1,379687E+3	1,525635E+0	1,379687E+3	7,095233E-1	1,379687E+3	1,527308E+0	1,379687E+3	7,048615E-1	1,379687E+3	1,579837E+0	1,379687E+3	6,407060E-1	1,379687E+3	1,758629E+0	1,379687E+3	3,649339E-1	1,379687E+3	2,083641E+0	1,379687E+3	-2,862142E-1	1,379687E+3	2,324062E+0	1,379687E+3	-6,471151E-1	1,379687E+3	2,467136E+0	1,379687E+3	-8,823101E-1
1,381250E+3	1,521021E+0	1,381250E+3	7,186582E-1	1,381250E+3	1,529458E+0	1,381250E+3	7,176619E-1	1,381250E+3	1,588137E+0	1,381250E+3	6,559793E-1	1,381250E+3	1,787459E+0	1,381250E+3	3,617181E-1	1,381250E+3	2,124567E+0	1,381250E+3	-2,924116E-1	1,381250E+3	2,312964E+0	1,381250E+3	-6,330629E-1	1,381250E+3	2,479616E+0	1,381250E+3	-8,538860E-1
1,382812E+3	1,527064E+0	1,382812E+3	7,327022E-1	1,382812E+3	1,553832E+0	1,382812E+3	7,473563E-1	1,382812E+3	1,597884E+0	1,382812E+3	6,707759E-1	1,382812E+3	1,783746E+0	1,382812E+3	3,882676E-1	1,382812E+3	2,120294E+0	1,382812E+3	-2,717916E-1	1,382812E+3	2,322497E+0	1,382812E+3	-6,204931E-1	1,382812E+3	2,492879E+0	1,382812E+3	-8,378694E-1
1,384375E+3	1,562794E+0	1,384375E+3	7,591884E-1	1,384375E+3	1,572343E+0	1,384375E+3	7,612678E-1	1,384375E+3	1,620133E+0	1,384375E+3	6,864547E-1	1,384375E+3	1,796117E+0	1,384375E+3	4,086714E-1	1,384375E+3	2,132930E+0	1,384375E+3	-2,747525E-1	1,384375E+3	2,321561E+0	1,384375E+3	-6,188410E-1	1,384375E+3	2,504915E+0	1,384375E+3	-8,774289E-1
1,385937E+3	1,577266E+0	1,385937E+3	7,855032E-1	1,385937E+3	1,586690E+0	1,385937E+3	7,782960E-1	1,385937E+3	1,632396E+0	1,385937E+3	7,082406E-1	1,385937E+3	1,803460E+0	1,385937E+3	4,240561E-1	1,385937E+3	2,129454E+0	1,385937E+3	-2,651956E-1	1,385937E+3	2,331124E+0	1,385937E+3	-6,231209E-1	1,385937E+3	2,491795E+0	1,385937E+3	-8,486622E-1
1,387500E+3	1,596029E+0	1,387500E+3	8,129518E-1	1,387500E+3	1,598883E+0	1,387500E+3	7,940363E-1	1,387500E+3	1,646762E+0	1,387500E+3	7,260375E-1	1,387500E+3	1,816938E+0	1,387500E+3	4,283196E-1	1,387500E+3	2,131322E+0	1,387500E+3	-2,493956E-1	1,387500E+3	2,332198E+0	1,387500E+3	-5,882420E-1	1,387500E+3	2,494280E+0	1,387500E+3	-8,625098E-1
1,389062E+3	1,620104E+0	1,389062E+3	8,288814E-1	1,389062E+3	1,615253E+0	1,389062E+3	8,114466E-1	1,389062E+3	1,665528E+0	1,389062E+3	7,431990E-1	1,389062E+3	1,825663E+0	1,389062E+3	4,232314E-1	1,389062E+3	2,129339E+0	1,389062E+3	-2,663521E-1	1,389062E+3	2,361930E+0	1,389062E+3	-5,795672E-1	1,389062E+3	2,524523E+0	1,389062E+3	-8,786670E-1
1,390625E+3	1,631702E+0	1,390625E+3	8,471977E-1	1,390625E+3	1,631479E+0	1,390625E+3	8,298326E-1	1,390625E+3	1,680465E+0	1,390625E+3	7,601263E-1	1,390625E+3	1,829734E+0	1,390625E+3	4,426030E-1	1,390625E+3	2,164014E+0	1,390625E+3	-2,578112E-1	1,390625E+3	2,354852E+0	1,390625E+3	-6,022395E-1	1,390625E+3	2,520470E+0	1,390625E+3	-8,216625E-1
1,392187E+3	1,642334E+0	1,392187E+3	8,577313E-1	1,392187E+3	1,644337E+0	1,392187E+3	8,460432E-1	1,392187E+3	1,694911E+0	1,392187E+3	7,733512E-1	1,392187E+3	1,838771E+0	1,392187E+3	4,569645E-1	1,392187E+3	2,173198E+0	1,392187E+3	-2,543188E-1	1,392187E+3	2,363893E+0	1,392187E+3	-6,155157E-1	1,392187E+3	2,492040E+0	1,392187E+3	-7,839896E-1
1,393750E+3	1,665942E+0	1,393750E+3	8,792019E-1	1,393750E+3	1,662903E+0	1,393750E+3	8,714213E-1	1,393750E+3	1,708497E+0	1,393750E+3	7,975509E-1	1,393750E+3	1,849358E+0	1,393750E+3	4,678281E-1	1,393750E+3	2,184585E+0	1,393750E+3	-1,842732E-1	1,393750E+3	2,361385E+0	1,393750E+3	-6,168815E-1	1,393750E+3	2,465208E+0	1,393750E+3	-8,012900E-1
1,395312E+3	1,682900E+0	1,395312E+3	8,964652E-1	1,395312E+3	1,680285E+0	1,395312E+3	8,876331E-1	1,395312E+3	1,724264E+0	1,395312E+3	8,104151E-1	1,395312E+3	1,882096E+0	1,395312E+3	4,931161E-1	1,395312E+3	2,198612E+0	1,395312E+3	-2,042655E-1	1,395312E+3	2,375490E+0	1,395312E+3	-6,282797E-1	1,395312E+3	2,495824E+0	1,395312E+3	-8,380098E-1
1,396875E+3	1,689196E+0	1,396875E+3	9,158079E-1	1,396875E+3	1,695909E+0	1,396875E+3	9,009313E-1	1,396875E+3	1,741200E+0	1,396875E+3	8,221253E-1	1,396875E+3	1,885468E+0	1,396875E+3	5,047666E-1	1,396875E+3	2,181243E+0	1,396875E+3	-2,363956E-1	1,396875E+3	2,386052E+0	1,396875E+3	-5,849721E-1	1,396875E+3	2,522131E+0	1,396875E+3	-8,588911E-1
1,398437E+3	1,698476E+0	1,398437E+3	9,325773E-1	1,398437E+3	1,721308E+0	1,398437E+3	9,243295E-1	1,398437E+3	1,768906E+0	1,398437E+3	8,416602E-1	1,398437E+3	1,915496E+0	1,398437E+3	5,093760E-1	1,398437E+3	2,163285E+0	1,398437E+3	-1,984265E-1	1,398437E+3	2,309050E+0	1,398437E+3	-5,432751E-1	1,398437E+3	2,514696E+0	1,398437E+3	-8,313405E-1
1,400000E+3	1,733787E+0	1,400000E+3	9,466341E-1	1,400000E+3	1,736902E+0	1,400000E+3	9,455879E-1	1,400000E+3	1,779377E+0	1,400000E+3	8,487462E-1	1,400000E+3	1,931122E+0	1,400000E+3	5,328526E-1	1,400000E+3	2,190438E+0	1,400000E+3	-2,360008E-1	1,400000E+3	2,349789E+0	1,400000E+3	-5,539557E-1	1,400000E+3	2,507984E+0	1,400000E+3	-8,385962E-1
1,401562E+3	1,742405E+0	1,401562E+3	9,652417E-1	1,401562E+3	1,753101E+0	1,401562E+3	9,602781E-1	1,401562E+3	1,796770E+0	1,401562E+3	8,730619E-1	1,401562E+3	1,944383E+0	1,401562E+3	5,462860E-1	1,401562E+3	2,196989E+0	1,401562E+3	-2,296068E-1	1,401562E+3	2,383695E+0	1,401562E+3	-5,895428E-1	1,401562E+3	2,485926E+0	1,401562E+3	-8,413461E-1
1,403125E+3	1,751692E+0	1,403125E+3	9,872120E-1	1,403125E+3	1,767524E+0	1,403125E+3	9,803320E-1	1,403125E+3	1,819275E+0	1,403125E+3	8,966791E-1	1,403125E+3	1,938737E+0	1,403125E+3	5,538557E-1	1,403125E+3	2,176871E+0	1,403125E+3	-2,166081E-1	1,403125E+3	2,386866E+0	1,403125E+3	-6,291168E-1	1,403125E+3	2,499086E+0	1,403125E+3	-8,360358E-1
1,404687E+3	1,790860E+0	1,404687E+3	1,009307E+0	1,404687E+3	1,793661E+0	1,404687E+3	9,912724E-1	1,404687E+3	1,834760E+0	1,404687E+3	9,133644E-1	1,404687E+3	1,934246E+0	1,404687E+3	5,699510E-1	1,404687E+3	2,168779E+0	1,404687E+3	-2,262181E-1	1,404687E+3	2,387494E+0	1,404687E+3	-5,681900E-1	1,404687E+3	2,524358E+0	1,404687E+3	-8,453929E-1
1,406250E+3	1,805637E+0	1,406250E+3	1,026930E+0	1,406250E+3	1,809990E+0	1,406250E+3	1,012047E+0	1,406250E+3	1,853887E+0	1,406250E+3	9,309480E-1	1,406250E+3	1,955625E+0	1,406250E+3	5,929346E-1	1,406250E+3	2,236400E+0	1,406250E+3	-1,889919E-1	1,406250E+3	2,388519E+0	1,406250E+3	-5,921205E-1	1,406250E+3	2,522017E+0	1,406250E+3	-8,581594E-1
1,407812E+3	1,832113E+0	1,407812E+3	1,037871E+0	1,407812E+3	1,827478E+0	1,407812E+3	1,028947E+0	1,407812E+3	1,875524E+0	1,407812E+3	9,524116E-1	1,407812E+3	1,985636E+0	1,407812E+3	5,933427E-1	1,407812E+3	2,274716E+0	1,407812E+3	-1,963011E-1	1,407812E+3	2,397704E+0	1,407812E+3	-5,789373E-1	1,407812E+3	2,519382E+0	1,407812E+3	-8,606869E-1
1,409375E+3	1,847423E+0	1,409375E+3	1,051263E+0	1,409375E+3	1,848616E+0	1,409375E+3	1,046277E+0	1,409375E+3	1,893934E+0	1,409375E+3	9,633056E-1	1,409375E+3	2,014609E+0	1,409375E+3	5,871621E-1	1,409375E+3	2,280837E+0	1,409375E+3	-1,894836E-1	1,409375E+3	2,371356E+0	1,409375E+3	-5,528441E-1	1,409375E+3	2,522988E+0	1,409375E+3	-8,445107E-1
1,410937E+3	1,865157E+0	1,410937E+3	1,077470E+0	1,410937E+3	1,866523E+0	1,410937E+3	1,069015E+0	1,410937E+3	1,921490E+0	1,410937E+3	9,800772E-1	1,410937E+3	2,017122E+0	1,410937E+3	6,217463E-1	1,410937E+3	2,272715E+0	1,410937E+3	-1,611294E-1	1,410937E+3	2,366718E+0	1,410937E+3	-5,837453E-1	1,410937E+3	2,484378E+0	1,410937E+3	-8,196446E-1
1,412500E+3	1,892485E+0	1,412500E+3	1,090321E+0	1,412500E+3	1,887890E+0	1,412500E+3	1,094055E+0	1,412500E+3	1,935847E+0	1,412500E+3	9,920266E-1	1,412500E+3	2,061313E+0	1,412500E+3	6,369587E-1	1,412500E+3	2,290542E+0	1,412500E+3	-1,507235E-1	1,412500E+3	2,365845E+0	1,412500E+3	-5,663535E-1	1,412500E+3	2,491871E+0	1,412500E+3	-8,291163E-1
1,414062E+3	1,918603E+0	1,414062E+3	1,096770E+0	1,414062E+3	1,921890E+0	1,414062E+3	1,103683E+0	1,414062E+3	1,954235E+0	1,414062E+3	1,006290E+0	1,414062E+3	2,113845E+0	1,414062E+3	6,425621E-1	1,414062E+3	2,282476E+0	1,414062E+3	-1,236307E-1	1,414062E+3	2,373211E+0	1,414062E+3	-5,732896E-1	1,414062E+3	2,488934E+0	1,414062E+3	-8,190957E-1
1,415625E+3	1,926034E+0	1,415625E+3	1,134542E+0	1,415625E+3	1,940865E+0	1,415625E+3	1,118096E+0	1,415625E+3	1,990470E+0	1,415625E+3	1,026470E+0	1,415625E+3	2,117343E+0	1,415625E+3	6,663192E-1	1,415625E+3	2,262627E+0	1,415625E+3	-1,316120E-1	1,415625E+3	2,409415E+0	1,415625E+3	-5,438646E-1	1,415625E+3	2,522743E+0	1,415625E+3	-8,050693E-1
1,417187E+3	1,944081E+0	1,417187E+3	1,154861E+0	1,417187E+3	1,967782E+0	1,417187E+3	1,139954E+0	1,417187E+3	1,998427E+0	1,417187E+3	1,051667E+0	1,417187E+3	2,126020E+0	1,417187E+3	6,670561E-1	1,417187E+3	2,306035E+0	1,417187E+3	-1,244979E-1	1,417187E+3	2,402835E+0	1,417187E+3	-5,437337E-1	1,417187E+3	2,506392E+0	1,417187E+3	-7,953362E-1
1,418750E+3	1,974100E+0	1,418750E+3	1,174176E+0	1,418750E+3	1,986180E+0	1,418750E+3	1,159333E+0	1,418750E+3	2,027233E+0	1,418750E+3	1,059679E+0	1,418750E+3	2,140396E+0	1,418750E+3	6,700023E-1	1,418750E+3	2,333306E+0	1,418750E+3	-1,458976E-1	1,418750E+3	2,454857E+0	1,418750E+3	-6,095769E-1	1,418750E+3	2,534355E+0	1,418750E+3	-8,002899E-1
1,420312E+3	2,003439E+0	1,420312E+3	1,201358E+0	1,420312E+3	2,006135E+0	1,420312E+3	1,176648E+0	1,420312E+3	2,054990E+0	1,420312E+3	1,073171E+0	1,420312E+3	2,161407E+0	1,420312E+3	6,694451E-1	1,420312E+3	2,371599E+0	1,420312E+3	-1,501585E-1	1,420312E+3	2,471320E+0	1,420312E+3	-5,750277E-1	1,420312E+3	2,548615E+0	1,420312E+3	-8,354385E-1
1,421875E+3	2,052148E+0	1,421875E+3	1,198409E+0	1,421875E+3	2,037208E+0	1,421875E+3	1,193532E+0	1,421875E+3	2,066043E+0	1,421875E+3	1,095228E+0	1,421875E+3	2,181556E+0	1,421875E+3	6,825881E-1	1,421875E+3	2,360923E+0	1,421875E+3	-1,482499E-1	1,421875E+3	2,479378E+0	1,421875E+3	-5,636990E-1	1,421875E+3	2,538912E+0	1,421875E+3	-7,970544E-1
1,423437E+3	2,070177E+0	1,423437E+3	1,209889E+0	1,423437E+3	2,063247E+0	1,423437E+3	1,212580E+0	1,423437E+3	2,102436E+0	1,423437E+3	1,103986E+0	1,423437E+3	2,208909E+0	1,423437E+3	7,033882E-1	1,423437E+3	2,338501E+0	1,423437E+3	-1,422837E-1	1,423437E+3	2,440077E+0	1,423437E+3	-5,743498E-1	1,423437E+3	2,554229E+0	1,423437E+3	-7,781197E-1
1,425000E+3	2,079372E+0	1,425000E+3	1,250732E+0	1,425000E+3	2,080961E+0	1,425000E+3	1,225633E+0	1,425000E+3	2,117741E+0	1,425000E+3	1,113474E+0	1,425000E+3	2,244141E+0	1,425000E+3	7,187460E-1	1,425000E+3	2,342509E+0	1,425000E+3	-1,201157E-1	1,425000E+3	2,429927E+0	1,425000E+3	-5,706332E-1	1,425000E+3	2,589510E+0	1,425000E+3	-8,263718E-1
1,426562E+3	2,099165E+0	1,426562E+3	1,245704E+0	1,426562E+3	2,108854E+0	1,426562E+3	1,238081E+0	1,426562E+3	2,149756E+0	1,426562E+3	1,142905E+0	1,426562E+3	2,242530E+0	1,426562E+3	7,308416E-1	1,426562E+3	2,323929E+0	1,426562E+3	-1,111335E-1	1,426562E+3	2,450406E+0	1,426562E+3	-5,686709E-1	1,426562E+3	2,543022E+0	1,426562E+3	-8,385332E-1
1,428125E+3	2,137241E+0	1,428125E+3	1,270333E+0	1,428125E+3	2,125914E+0	1,428125E+3	1,253940E+0	1,428125E+3	2,174428E+0	1,428125E+3	1,164786E+0	1,428125E+3	2,261197E+0	1,428125E+3	7,554442E-1	1,428125E+3	2,350083E+0	1,428125E+3	-1,208853E-1	1,428125E+3	2,419871E+0	1,428125E+3	-5,578367E-1	1,428125E+3	2,516447E+0	1,428125E+3	-7,937368E-1
1,429687E+3	2,159511E+0	1,429687E+3	1,313242E+0	1,429687E+3	2,162755E+0	1,429687E+3	1,270507E+0	1,429687E+3	2,202183E+0	1,429687E+3	1,172369E+0	1,429687E+3	2,292131E+0	1,429687E+3	7,339583E-1	1,429687E+3	2,422486E+0	1,429687E+3	-1,068597E-1	1,429687E+3	2,454228E+0	1,429687E+3	-5,242470E-1	1,429687E+3	2,521456E+0	1,429687E+3	-7,981769E-1
1,431250E+3	2,178492E+0	1,431250E+3	1,326238E+0	1,431250E+3	2,188815E+0	1,431250E+3	1,287386E+0	1,431250E+3	2,206846E+0	1,431250E+3	1,192153E+0	1,431250E+3	2,321049E+0	1,431250E+3	7,173688E-1	1,431250E+3	2,392835E+0	1,431250E+3	-8,110255E-2	1,431250E+3	2,449925E+0	1,431250E+3	-5,307179E-1	1,431250E+3	2,503767E+0	1,431250E+3	-8,382981E-1
1,432812E+3	2,221876E+0	1,432812E+3	1,337710E+0	1,432812E+3	2,229965E+0	1,432812E+3	1,320334E+0	1,432812E+3	2,249526E+0	1,432812E+3	1,197895E+0	1,432812E+3	2,309179E+0	1,432812E+3	7,491036E-1	1,432812E+3	2,369843E+0	1,432812E+3	-6,857186E-2	1,432812E+3	2,457601E+0	1,432812E+3	-5,555525E-1	1,432812E+3	2,506886E+0	1,432812E+3	-8,472381E-1
1,434375E+3	2,228111E+0	1,434375E+3	1,361190E+0	1,434375E+3	2,254784E+0	1,434375E+3	1,355349E+0	1,434375E+3	2,272417E+0	1,434375E+3	1,224063E+0	1,434375E+3	2,347045E+0	1,434375E+3	7,720224E-1	1,434375E+3	2,399716E+0	1,434375E+3	-9,059320E-2	1,434375E+3	2,483412E+0	1,434375E+3	-5,865493E-1	1,434375E+3	2,533582E+0	1,434375E+3	-8,164361E-1
1,435937E+3	2,247451E+0	1,435937E+3	1,330217E+0	1,435937E+3	2,274108E+0	1,435937E+3	1,360540E+0	1,435937E+3	2,306072E+0	1,435937E+3	1,228152E+0	1,435937E+3	2,353496E+0	1,435937E+3	7,903948E-1	1,435937E+3	2,430826E+0	1,435937E+3	-6,773545E-2	1,435937E+3	2,484996E+0	1,435937E+3	-5,992220E-1	1,435937E+3	2,560691E+0	1,435937E+3	-8,086417E-1
1,437500E+3	2,339781E+0	1,437500E+3	1,381088E+0	1,437500E+3	2,322193E+0	1,437500E+3	1,374666E+0	1,437500E+3	2,323594E+0	1,437500E+3	1,244950E+0	1,437500E+3	2,393749E+0	1,437500E+3	8,085854E-1	1,437500E+3	2,433379E+0	1,437500E+3	-9,111098E-2	1,437500E+3	2,490869E+0	1,437500E+3	-5,529823E-1	1,437500E+3	2,520102E+0	1,437500E+3	-8,357634E-1
1,439062E+3	2,362334E+0	1,439062E+3	1,390218E+0	1,439062E+3	2,371433E+0	1,439062E+3	1,379735E+0	1,439062E+3	2,366600E+0	1,439062E+3	1,260126E+0	1,439062E+3	2,419591E+0	1,439062E+3	8,244237E-1	1,439062E+3	2,412324E+0	1,439062E+3	-9,755905E-2	1,439062E+3	2,491573E+0	1,439062E+3	-5,472072E-1	1,439062E+3	2,526603E+0	1,439062E+3	-7,916976E-1
1,440625E+3	2,349675E+0	1,440625E+3	1,415887E+0	1,440625E+3	2,356139E+0	1,440625E+3	1,396738E+0	1,440625E+3	2,394430E+0	1,440625E+3	1,262877E+0	1,440625E+3	2,415272E+0	1,440625E+3	8,150816E-1	1,440625E+3	2,403986E+0	1,440625E+3	-1,082206E-1	1,440625E+3	2,515844E+0	1,440625E+3	-5,701496E-1	1,440625E+3	2,547847E+0	1,440625E+3	-7,958775E-1
1,442187E+3	2,352518E+0	1,442187E+3	1,446665E+0	1,442187E+3	2,390856E+0	1,442187E+3	1,416336E+0	1,442187E+3	2,421974E+0	1,442187E+3	1,289050E+0	1,442187E+3	2,465586E+0	1,442187E+3	8,277128E-1	1,442187E+3	2,481667E+0	1,442187E+3	-1,440667E-1	1,442187E+3	2,524376E+0	1,442187E+3	-5,182370E-1	1,442187E+3	2,553448E+0	1,442187E+3	-8,012861E-1
1,443750E+3	2,421726E+0	1,443750E+3	1,454073E+0	1,443750E+3	2,422757E+0	1,443750E+3	1,435230E+0	1,443750E+3	2,443255E+0	1,443750E+3	1,309596E+0	1,443750E+3	2,488046E+0	1,443750E+3	8,431397E-1	1,443750E+3	2,513649E+0	1,443750E+3	-1,091242E-1	1,443750E+3	2,531324E+0	1,443750E+3	-5,514939E-1	1,443750E+3	2,540666E+0	1,443750E+3	-8,153186E-1
1,445312E+3	2,453057E+0	1,445312E+3	1,475020E+0	1,445312E+3	2,455361E+0	1,445312E+3	1,448317E+0	1,445312E+3	2,471908E+0	1,445312E+3	1,324338E+0	1,445312E+3	2,489860E+0	1,445312E+3	8,508744E-1	1,445312E+3	2,504364E+0	1,445312E+3	-8,853976E-2	1,445312E+3	2,520803E+0	1,445312E+3	-5,398635E-1	1,445312E+3	2,559618E+0	1,445312E+3	-8,436697E-1
1,446875E+3	2,535994E+0	1,446875E+3	1,474162E+0	1,446875E+3	2,497478E+0	1,446875E+3	1,456593E+0	1,446875E+3	2,511221E+0	1,446875E+3	1,328518E+0	1,446875E+3	2,521248E+0	1,446875E+3	8,453887E-1	1,446875E+3	2,509718E+0	1,446875E+3	-6,270122E-2	1,446875E+3	2,511059E+0	1,446875E+3	-5,111139E-1	1,446875E+3	2,539012E+0	1,446875E+3	-8,245949E-1
1,448437E+3	2,533258E+0	1,448437E+3	1,538608E+0	1,448437E+3	2,524719E+0	1,448437E+3	1,468969E+0	1,448437E+3	2,537889E+0	1,448437E+3	1,350542E+0	1,448437E+3	2,575943E+0	1,448437E+3	8,846138E-1	1,448437E+3	2,481198E+0	1,448437E+3	-7,064170E-2	1,448437E+3	2,563682E+0	1,448437E+3	-5,024285E-1	1,448437E+3	2,580414E+0	1,448437E+3	-7,876720E-1
1,450000E+3	2,586528E+0	1,450000E+3	1,541786E+0	1,450000E+3	2,585859E+0	1,450000E+3	1,478919E+0	1,450000E+3	2,581791E+0	1,450000E+3	1,353362E+0	1,450000E+3	2,601628E+0	1,450000E+3	9,026094E-1	1,450000E+3	2,544319E+0	1,450000E+3	-5,486811E-2	1,450000E+3	2,582449E+0	1,450000E+3	-5,138613E-1	1,450000E+3	2,576503E+0	1,450000E+3	-8,465396E-1
1,451562E+3	2,607913E+0	1,451562E+3	1,488603E+0	1,451562E+3	2,594851E+0	1,451562E+3	1,501475E+0	1,451562E+3	2,614779E+0	1,451562E+3	1,365041E+0	1,451562E+3	2,627806E+0	1,451562E+3	8,753041E-1	1,451562E+3	2,548369E+0	1,451562E+3	-9,695198E-2	1,451562E+3	2,562194E+0	1,451562E+3	-5,373381E-1	1,451562E+3	2,548380E+0	1,451562E+3	-8,575545E-1
1,453125E+3	2,608114E+0	1,453125E+3	1,520874E+0	1,453125E+3	2,643788E+0	1,453125E+3	1,496583E+0	1,453125E+3	2,641566E+0	1,453125E+3	1,380897E+0	1,453125E+3	2,658727E+0	1,453125E+3	8,804263E-1	1,453125E+3	2,508611E+0	1,453125E+3	-1,026170E-1	1,453125E+3	2,560278E+0	1,453125E+3	-5,176405E-1	1,453125E+3	2,564005E+0	1,453125E+3	-8,447712E-1
1,454687E+3	2,641859E+0	1,454687E+3	1,530540E+0	1,454687E+3	2,686320E+0	1,454687E+3	1,521164E+0	1,454687E+3	2,680670E+0	1,454687E+3	1,386142E+0	1,454687E+3	2,670983E+0	1,454687E+3	8,426111E-1	1,454687E+3	2,584981E+0	1,454687E+3	-9,864829E-2	1,454687E+3	2,582893E+0	1,454687E+3	-5,010351E-1	1,454687E+3	2,574701E+0	1,454687E+3	-8,557697E-1
1,456250E+3	2,695646E+0	1,456250E+3	1,569548E+0	1,456250E+3	2,727517E+0	1,456250E+3	1,543509E+0	1,456250E+3	2,713238E+0	1,456250E+3	1,388508E+0	1,456250E+3	2,701340E+0	1,456250E+3	8,766533E-1	1,456250E+3	2,589113E+0	1,456250E+3	-8,850628E-2	1,456250E+3	2,578169E+0	1,456250E+3	-5,201540E-1	1,456250E+3	2,552343E+0	1,456250E+3	-8,335992E-1
1,457812E+3	2,734878E+0	1,457812E+3	1,598384E+0	1,457812E+3	2,755970E+0	1,457812E+3	1,557007E+0	1,457812E+3	2,753845E+0	1,457812E+3	1,396141E+0	1,457812E+3	2,682916E+0	1,457812E+3	8,941354E-1	1,457812E+3	2,568824E+0	1,457812E+3	-4,513890E-2	1,457812E+3	2,535850E+0	1,457812E+3	-5,658783E-1	1,457812E+3	2,524340E+0	1,457812E+3	-7,907736E-1
1,459375E+3	2,787055E+0	1,459375E+3	1,601700E+0	1,459375E+3	2,828431E+0	1,459375E+3	1,560500E+0	1,459375E+3	2,790407E+0	1,459375E+3	1,418106E+0	1,459375E+3	2,742225E+0	1,459375E+3	9,317932E-1	1,459375E+3	2,586466E+0	1,459375E+3	-6,925946E-2	1,459375E+3	2,553279E+0	1,459375E+3	-5,568190E-1	1,459375E+3	2,557370E+0	1,459375E+3	-7,951594E-1
1,460937E+3	2,822734E+0	1,460937E+3	1,561465E+0	1,460937E+3	2,851776E+0	1,460937E+3	1,559122E+0	1,460937E+3	2,832529E+0	1,460937E+3	1,406230E+0	1,460937E+3	2,782345E+0	1,460937E+3	9,163056E-1	1,460937E+3	2,684128E+0	1,460937E+3	-1,468500E-1	1,460937E+3	2,565467E+0	1,460937E+3	-5,495741E-1	1,460937E+3	2,595995E+0	1,460937E+3	-7,906036E-1
1,462500E+3	2,837910E+0	1,462500E+3	1,608172E+0	1,462500E+3	2,869443E+0	1,462500E+3	1,576897E+0	1,462500E+3	2,868946E+0	1,462500E+3	1,426282E+0	1,462500E+3	2,792506E+0	1,462500E+3	8,954400E-1	1,462500E+3	2,626722E+0	1,462500E+3	-6,942741E-2	1,462500E+3	2,571396E+0	1,462500E+3	-5,202074E-1	1,462500E+3	2,585789E+0	1,462500E+3	-8,346695E-1
1,464062E+3	2,896803E+0	1,464062E+3	1,620688E+0	1,464062E+3	2,918276E+0	1,464062E+3	1,603226E+0	1,464062E+3	2,904563E+0	1,464062E+3	1,429855E+0	1,464062E+3	2,789621E+0	1,464062E+3	8,574217E-1	1,464062E+3	2,594364E+0	1,464062E+3	-3,855585E-2	1,464062E+3	2,548542E+0	1,464062E+3	-5,236700E-1	1,464062E+3	2,599893E+0	1,464062E+3	-8,001501E-1
1,465625E+3	2,975229E+0	1,465625E+3	1,608935E+0	1,465625E+3	2,971822E+0	1,465625E+3	1,621394E+0	1,465625E+3	2,944590E+0	1,465625E+3	1,448449E+0	1,465625E+3	2,821262E+0	1,465625E+3	8,836607E-1	1,465625E+3	2,635070E+0	1,465625E+3	-4,949069E-2	1,465625E+3	2,563613E+0	1,465625E+3	-5,392703E-1	1,465625E+3	2,559475E+0	1,465625E+3	-8,355475E-1
1,467187E+3	3,032571E+0	1,467187E+3	1,629423E+0	1,467187E+3	3,005418E+0	1,467187E+3	1,640421E+0	1,467187E+3	2,990372E+0	1,467187E+3	1,469616E+0	1,467187E+3	2,912730E+0	1,467187E+3	9,053831E-1	1,467187E+3	2,623692E+0	1,467187E+3	-8,627985E-2	1,467187E+3	2,594805E+0	1,467187E+3	-5,595729E-1	1,467187E+3	2,560099E+0	1,467187E+3	-7,904354E-1
1,468750E+3	3,037912E+0	1,468750E+3	1,623159E+0	1,468750E+3	3,065689E+0	1,468750E+3	1,628385E+0	1,468750E+3	3,026394E+0	1,468750E+3	1,476685E+0	1,468750E+3	2,912344E+0	1,468750E+3	9,130714E-1	1,468750E+3	2,693211E+0	1,468750E+3	-1,647421E-1	1,468750E+3	2,613199E+0	1,468750E+3	-5,615247E-1	1,468750E+3	2,571394E+0	1,468750E+3	-7,840282E-1
1,470312E+3	3,095138E+0	1,470312E+3	1,614999E+0	1,470312E+3	3,078040E+0	1,470312E+3	1,631069E+0	1,470312E+3	3,095732E+0	1,470312E+3	1,460404E+0	1,470312E+3	2,938186E+0	1,470312E+3	9,161026E-1	1,470312E+3	2,710307E+0	1,470312E+3	-1,128072E-1	1,470312E+3	2,640581E+0	1,470312E+3	-5,291475E-1	1,470312E+3	2,579351E+0	1,470312E+3	-7,947143E-1
1,471875E+3	3,168232E+0	1,471875E+3	1,608788E+0	1,471875E+3	3,133937E+0	1,471875E+3	1,622293E+0	1,471875E+3	3,105440E+0	1,471875E+3	1,479372E+0	1,471875E+3	2,935304E+0	1,471875E+3	8,984752E-1	1,471875E+3	2,770975E+0	1,471875E+3	-9,505145E-2	1,471875E+3	2,643203E+0	1,471875E+3	-5,370543E-1	1,471875E+3	2,623485E+0	1,471875E+3	-7,967081E-1
1,473437E+3	3,235918E+0	1,473437E+3	1,616284E+0	1,473437E+3	3,194186E+0	1,473437E+3	1,631959E+0	1,473437E+3	3,149936E+0	1,473437E+3	1,494301E+0	1,473437E+3	2,962475E+0	1,473437E+3	9,206075E-1	1,473437E+3	2,774711E+0	1,473437E+3	-9,834589E-2	1,473437E+3	2,639919E+0	1,473437E+3	-5,761504E-1	1,473437E+3	2,629682E+0	1,473437E+3	-8,224974E-1
1,475000E+3	3,240204E+0	1,475000E+3	1,692231E+0	1,475000E+3	3,213831E+0	1,475000E+3	1,642971E+0	1,475000E+3	3,208631E+0	1,475000E+3	1,459051E+0	1,475000E+3	3,022213E+0	1,475000E+3	9,285933E-1	1,475000E+3	2,741072E+0	1,475000E+3	-1,010297E-1	1,475000E+3	2,626819E+0	1,475000E+3	-5,438489E-1	1,475000E+3	2,625997E+0	1,475000E+3	-8,458602E-1
1,476562E+3	3,326781E+0	1,476562E+3	1,718102E+0	1,476562E+3	3,254532E+0	1,476562E+3	1,684295E+0	1,476562E+3	3,256682E+0	1,476562E+3	1,485447E+0	1,476562E+3	3,078589E+0	1,476562E+3	9,196888E-1	1,476562E+3	2,773350E+0	1,476562E+3	-6,483854E-2	1,476562E+3	2,634757E+0	1,476562E+3	-5,247061E-1	1,476562E+3	2,643492E+0	1,476562E+3	-8,621184E-1
1,478125E+3	3,367009E+0	1,478125E+3	1,727168E+0	1,478125E+3	3,344179E+0	1,478125E+3	1,671495E+0	1,478125E+3	3,293098E+0	1,478125E+3	1,509005E+0	1,478125E+3	3,120098E+0	1,478125E+3	8,948723E-1	1,478125E+3	2,799545E+0	1,478125E+3	-1,176243E-1	1,478125E+3	2,615207E+0	1,478125E+3	-5,434101E-1	1,478125E+3	2,649451E+0	1,478125E+3	-8,250387E-1
1,479687E+3	3,341297E+0	1,479687E+3	1,735373E+0	1,479687E+3	3,371395E+0	1,479687E+3	1,659864E+0	1,479687E+3	3,328854E+0	1,479687E+3	1,496064E+0	1,479687E+3	3,174821E+0	1,479687E+3	8,863134E-1	1,479687E+3	2,798052E+0	1,479687E+3	-8,389702E-2	1,479687E+3	2,612390E+0	1,479687E+3	-5,529772E-1	1,479687E+3	2,655296E+0	1,479687E+3	-8,106121E-1
1,481250E+3	3,382728E+0	1,481250E+3	1,745165E+0	1,481250E+3	3,408816E+0	1,481250E+3	1,682507E+0	1,481250E+3	3,371045E+0	1,481250E+3	1,465946E+0	1,481250E+3	3,179599E+0	1,481250E+3	9,008176E-1	1,481250E+3	2,779283E+0	1,481250E+3	-1,088154E-1	1,481250E+3	2,665811E+0	1,481250E+3	-5,638452E-1	1,481250E+3	2,641751E+0	1,481250E+3	-8,232531E-1
1,482812E+3	3,474062E+0	1,482812E+3	1,672998E+0	1,482812E+3	3,486813E+0	1,482812E+3	1,680534E+0	1,482812E+3	3,405127E+0	1,482812E+3	1,481119E+0	1,482812E+3	3,178491E+0	1,482812E+3	9,211166E-1	1,482812E+3	2,817136E+0	1,482812E+3	-1,164912E-1	1,482812E+3	2,649506E+0	1,482812E+3	-5,380103E-1	1,482812E+3	2,632150E+0	1,482812E+3	-8,081974E-1
1,484375E+3	3,511673E+0	1,484375E+3	1,629476E+0	1,484375E+3	3,526348E+0	1,484375E+3	1,667014E+0	1,484375E+3	3,501059E+0	1,484375E+3	1,467823E+0	1,484375E+3	3,252561E+0	1,484375E+3	8,642775E-1	1,484375E+3	2,815562E+0	1,484375E+3	-1,540794E-1	1,484375E+3	2,652828E+0	1,484375E+3	-5,614332E-1	1,484375E+3	2,626452E+0	1,484375E+3	-8,233731E-1
1,485937E+3	3,499487E+0	1,485937E+3	1,679765E+0	1,485937E+3	3,574409E+0	1,485937E+3	1,650541E+0	1,485937E+3	3,565737E+0	1,485937E+3	1,492258E+0	1,485937E+3	3,289553E+0	1,485937E+3	9,451155E-1	1,485937E+3	2,816045E+0	1,485937E+3	-1,229904E-1	1,485937E+3	2,658709E+0	1,485937E+3	-5,540050E-1	1,485937E+3	2,628080E+0	1,485937E+3	-7,896358E-1
1,487500E+3	3,613620E+0	1,487500E+3	1,679067E+0	1,487500E+3	3,635990E+0	1,487500E+3	1,632668E+0	1,487500E+3	3,556803E+0	1,487500E+3	1,501133E+0	1,487500E+3	3,316808E+0	1,487500E+3	9,203578E-1	1,487500E+3	2,839863E+0	1,487500E+3	-1,297395E-1	1,487500E+3	2,655099E+0	1,487500E+3	-5,663853E-1	1,487500E+3	2,586398E+0	1,487500E+3	-7,701266E-1
1,489062E+3	3,773984E+0	1,489062E+3	1,710511E+0	1,489062E+3	3,694740E+0	1,489062E+3	1,661804E+0	1,489062E+3	3,611880E+0	1,489062E+3	1,469562E+0	1,489062E+3	3,344464E+0	1,489062E+3	8,820574E-1	1,489062E+3	2,926460E+0	1,489062E+3	-1,352707E-1	1,489062E+3	2,698266E+0	1,489062E+3	-5,730376E-1	1,489062E+3	2,628434E+0	1,489062E+3	-8,155604E-1
1,490625E+3	3,783598E+0	1,490625E+3	1,695940E+0	1,490625E+3	3,731199E+0	1,490625E+3	1,657980E+0	1,490625E+3	3,679147E+0	1,490625E+3	1,474921E+0	1,490625E+3	3,349010E+0	1,490625E+3	9,019280E-1	1,490625E+3	2,928588E+0	1,490625E+3	-1,441982E-1	1,490625E+3	2,680154E+0	1,490625E+3	-5,553497E-1	1,490625E+3	2,623172E+0	1,490625E+3	-8,213171E-1
1,492187E+3	3,795752E+0	1,492187E+3	1,680539E+0	1,492187E+3	3,770218E+0	1,492187E+3	1,630933E+0	1,492187E+3	3,731199E+0	1,492187E+3	1,462901E+0	1,492187E+3	3,408301E+0	1,492187E+3	8,732177E-1	1,492187E+3	2,868784E+0	1,492187E+3	-1,282001E-1	1,492187E+3	2,683705E+0	1,492187E+3	-5,742293E-1	1,492187E+3	2,664305E+0	1,492187E+3	-8,321160E-1
1,493750E+3	3,795924E+0	1,493750E+3	1,683284E+0	1,493750E+3	3,821402E+0	1,493750E+3	1,653816E+0	1,493750E+3	3,738801E+0	1,493750E+3	1,463577E+0	1,493750E+3	3,453135E+0	1,493750E+3	8,882696E-1	1,493750E+3	2,890832E+0	1,493750E+3	-1,323391E-1	1,493750E+3	2,732507E+0	1,493750E+3	-5,731874E-1	1,493750E+3	2,668438E+0	1,493750E+3	-8,168110E-1
1,495312E+3	3,843717E+0	1,495312E+3	1,635977E+0	1,495312E+3	3,902888E+0	1,495312E+3	1,624357E+0	1,495312E+3	3,825060E+0	1,495312E+3	1,452895E+0	1,495312E+3	3,501936E+0	1,495312E+3	9,077358E-1	1,495312E+3	2,920319E+0	1,495312E+3	-1,068001E-1	1,495312E+3	2,731164E+0	1,495312E+3	-5,487161E-1	1,495312E+3	2,624608E+0	1,495312E+3	-8,439579E-1
1,496875E+3	3,897277E+0	1,496875E+3	1,597689E+0	1,496875E+3	3,931950E+0	1,496875E+3	1,623900E+0	1,496875E+3	3,875479E+0	1,496875E+3	1,446369E+0	1,496875E+3	3,560250E+0	1,496875E+3	8,933021E-1	1,496875E+3	2,901253E+0	1,496875E+3	-1,408301E-1	1,496875E+3	2,730360E+0	1,496875E+3	-5,925800E-1	1,496875E+3	2,631274E+0	1,496875E+3	-8,500330E-1
1,498437E+3	4,115727E+0	1,498437E+3	1,573938E+0	1,498437E+3	3,977500E+0	1,498437E+3	1,570142E+0	1,498437E+3	3,925530E+0	1,498437E+3	1,404829E+0	1,498437E+3	3,557828E+0	1,498437E+3	9,059783E-1	1,498437E+3	2,944695E+0	1,498437E+3	-1,947027E-1	1,498437E+3	2,739185E+0	1,498437E+3	-5,416683E-1	1,498437E+3	2,669140E+0	1,498437E+3	-8,393829E-1
1,500000E+3	4,116532E+0	1,500000E+3	1,605768E+0	1,500000E+3	4,076867E+0	1,500000E+3	1,577365E+0	1,500000E+3	3,968902E+0	1,500000E+3	1,439195E+0	1,500000E+3	3,579480E+0	1,500000E+3	8,854309E-1	1,500000E+3	2,939713E+0	1,500000E+3	-1,151324E-1	1,500000E+3	2,739509E+0	1,500000E+3	-5,907494E-1	1,500000E+3	2,635125E+0	1,500000E+3	-8,328855E-1
1,501562E+3	4,062307E+0	1,501562E+3	1,640457E+0	1,501562E+3	4,118697E+0	1,501562E+3	1,597477E+0	1,501562E+3	4,025030E+0	1,501562E+3	1,435038E+0	1,501562E+3	3,620709E+0	1,501562E+3	8,528843E-1	1,501562E+3	2,961888E+0	1,501562E+3	-1,137251E-1	1,501562E+3	2,713224E+0	1,501562E+3	-6,069317E-1	1,501562E+3	2,676695E+0	1,501562E+3	-8,459254E-1
1,503125E+3	4,156460E+0	1,503125E+3	1,590215E+0	1,503125E+3	4,193165E+0	1,503125E+3	1,564570E+0	1,503125E+3	4,105383E+0	1,503125E+3	1,368820E+0	1,503125E+3	3,633511E+0	1,503125E+3	7,848282E-1	1,503125E+3	3,031634E+0	1,503125E+3	-1,302141E-1	1,503125E+3	2,741308E+0	1,503125E+3	-6,003369E-1	1,503125E+3	2,677287E+0	1,503125E+3	-8,572423E-1
1,504687E+3	4,251338E+0	1,504687E+3	1,576450E+0	1,504687E+3	4,265468E+0	1,504687E+3	1,524609E+0	1,504687E+3	4,148447E+0	1,504687E+3	1,389562E+0	1,504687E+3	3,671389E+0	1,504687E+3	7,650902E-1	1,504687E+3	2,978229E+0	1,504687E+3	-1,707898E-1	1,504687E+3	2,774178E+0	1,504687E+3	-6,059723E-1	1,504687E+3	2,640911E+0	1,504687E+3	-8,458173E-1
1,506250E+3	4,319323E+0	1,506250E+3	1,566553E+0	1,506250E+3	4,294571E+0	1,506250E+3	1,499417E+0	1,506250E+3	4,213112E+0	1,506250E+3	1,356037E+0	1,506250E+3	3,712265E+0	1,506250E+3	7,648882E-1	1,506250E+3	2,982022E+0	1,506250E+3	-1,735110E-1	1,506250E+3	2,762862E+0	1,506250E+3	-6,021093E-1	1,506250E+3	2,672106E+0	1,506250E+3	-8,549204E-1
1,507812E+3	4,412529E+0	1,507812E+3	1,440081E+0	1,507812E+3	4,328119E+0	1,507812E+3	1,488731E+0	1,507812E+3	4,266898E+0	1,507812E+3	1,322192E+0	1,507812E+3	3,748139E+0	1,507812E+3	7,891414E-1	1,507812E+3	2,980211E+0	1,507812E+3	-1,890685E-1	1,507812E+3	2,798027E+0	1,507812E+3	-5,991615E-1	1,507812E+3	2,672936E+0	1,507812E+3	-8,582204E-1
1,509375E+3	4,518200E+0	1,509375E+3	1,496341E+0	1,509375E+3	4,423259E+0	1,509375E+3	1,444795E+0	1,509375E+3	4,320350E+0	1,509375E+3	1,296266E+0	1,509375E+3	3,805073E+0	1,509375E+3	7,765214E-1	1,509375E+3	3,010108E+0	1,509375E+3	-1,713618E-1	1,509375E+3	2,786270E+0	1,509375E+3	-5,903401E-1	1,509375E+3	2,669439E+0	1,509375E+3	-8,579307E-1
1,510937E+3	4,537020E+0	1,510937E+3	1,489173E+0	1,510937E+3	4,497498E+0	1,510937E+3	1,464225E+0	1,510937E+3	4,360990E+0	1,510937E+3	1,316908E+0	1,510937E+3	3,853808E+0	1,510937E+3	7,353557E-1	1,510937E+3	3,032973E+0	1,510937E+3	-1,673963E-1	1,510937E+3	2,778549E+0	1,510937E+3	-5,447525E-1	1,510937E+3	2,668698E+0	1,510937E+3	-8,586778E-1
1,512500E+3	4,501662E+0	1,512500E+3	1,386116E+0	1,512500E+3	4,561868E+0	1,512500E+3	1,435164E+0	1,512500E+3	4,393007E+0	1,512500E+3	1,252485E+0	1,512500E+3	3,845016E+0	1,512500E+3	7,537589E-1	1,512500E+3	3,031129E+0	1,512500E+3	-2,412241E-1	1,512500E+3	2,731962E+0	1,512500E+3	-5,827878E-1	1,512500E+3	2,647581E+0	1,512500E+3	-8,346008E-1
1,514062E+3	4,570238E+0	1,514062E+3	1,395488E+0	1,514062E+3	4,601886E+0	1,514062E+3	1,400207E+0	1,514062E+3	4,428441E+0	1,514062E+3	1,221961E+0	1,514062E+3	3,876021E+0	1,514062E+3	6,851791E-1	1,514062E+3	3,046388E+0	1,514062E+3	-1,779090E-1	1,514062E+3	2,796535E+0	1,514062E+3	-6,019601E-1	1,514062E+3	2,680012E+0	1,514062E+3	-8,360519E-1
1,515625E+3	4,664769E+0	1,515625E+3	1,375965E+0	1,515625E+3	4,688365E+0	1,515625E+3	1,406577E+0	1,515625E+3	4,501552E+0	1,515625E+3	1,191769E+0	1,515625E+3	3,990241E+0	1,515625E+3	6,982816E-1	1,515625E+3	3,074476E+0	1,515625E+3	-2,198707E-1	1,515625E+3	2,813825E+0	1,515625E+3	-5,906664E-1	1,515625E+3	2,738468E+0	1,515625E+3	-8,337708E-1
1,517187E+3	4,768204E+0	1,517187E+3	1,354162E+0	1,517187E+3	4,741110E+0	1,517187E+3	1,339463E+0	1,517187E+3	4,569178E+0	1,517187E+3	1,155154E+0	1,517187E+3	4,012755E+0	1,517187E+3	6,664066E-1	1,517187E+3	3,125431E+0	1,517187E+3	-1,971710E-1	1,517187E+3	2,807385E+0	1,517187E+3	-6,232197E-1	1,517187E+3	2,730820E+0	1,517187E+3	-8,561469E-1
1,518750E+3	4,806337E+0	1,518750E+3	1,313834E+0	1,518750E+3	4,775185E+0	1,518750E+3	1,293827E+0	1,518750E+3	4,611221E+0	1,518750E+3	1,140897E+0	1,518750E+3	4,051586E+0	1,518750E+3	6,375669E-1	1,518750E+3	3,106697E+0	1,518750E+3	-2,100823E-1	1,518750E+3	2,820705E+0	1,518750E+3	-6,221003E-1	1,518750E+3	2,687716E+0	1,518750E+3	-8,589467E-1
1,520312E+3	4,873365E+0	1,520312E+3	1,298134E+0	1,520312E+3	4,856354E+0	1,520312E+3	1,299130E+0	1,520312E+3	4,663161E+0	1,520312E+3	1,155584E+0	1,520312E+3	4,085438E+0	1,520312E+3	5,941379E-1	1,520312E+3	3,117289E+0	1,520312E+3	-2,515594E-1	1,520312E+3	2,815166E+0	1,520312E+3	-6,214215E-1	1,520312E+3	2,694162E+0	1,520312E+3	-8,302046E-1
1,521875E+3	4,936884E+0	1,521875E+3	1,288050E+0	1,521875E+3	4,928816E+0	1,521875E+3	1,292399E+0	1,521875E+3	4,737671E+0	1,521875E+3	1,075699E+0	1,521875E+3	4,100272E+0	1,521875E+3	5,839267E-1	1,521875E+3	3,129306E+0	1,521875E+3	-2,525699E-1	1,521875E+3	2,816924E+0	1,521875E+3	-6,289091E-1	1,521875E+3	2,664298E+0	1,521875E+3	-8,207307E-1
1,523437E+3	4,930252E+0	1,523437E+3	1,213996E+0	1,523437E+3	4,974241E+0	1,523437E+3	1,148669E+0	1,523437E+3	4,802945E+0	1,523437E+3	1,069702E+0	1,523437E+3	4,083119E+0	1,523437E+3	5,219671E-1	1,523437E+3	3,132168E+0	1,523437E+3	-1,894494E-1	1,523437E+3	2,828944E+0	1,523437E+3	-6,414101E-1	1,523437E+3	2,679517E+0	1,523437E+3	-8,384879E-1
1,525000E+3	5,138398E+0	1,525000E+3	1,142428E+0	1,525000E+3	4,976026E+0	1,525000E+3	1,163962E+0	1,525000E+3	4,806789E+0	1,525000E+3	9,552436E-1	1,525000E+3	4,125245E+0	1,525000E+3	4,784539E-1	1,525000E+3	3,100023E+0	1,525000E+3	-2,624195E-1	1,525000E+3	2,840002E+0	1,525000E+3	-6,263334E-1	1,525000E+3	2,713303E+0	1,525000E+3	-8,733043E-1
1,526562E+3	5,142980E+0	1,526562E+3	1,141522E+0	1,526562E+3	5,027433E+0	1,526562E+3	1,093588E+0	1,526562E+3	4,868071E+0	1,526562E+3	9,162969E-1	1,526562E+3	4,170316E+0	1,526562E+3	4,562277E-1	1,526562E+3	3,169234E+0	1,526562E+3	-3,253522E-1	1,526562E+3	2,808421E+0	1,526562E+3	-6,138717E-1	1,526562E+3	2,714857E+0	1,526562E+3	-8,529981E-1
1,528125E+3	5,166041E+0	1,528125E+3	1,107082E+0	1,528125E+3	5,124883E+0	1,528125E+3	1,073454E+0	1,528125E+3	4,963881E+0	1,528125E+3	9,045452E-1	1,528125E+3	4,269399E+0	1,528125E+3	4,245210E-1	1,528125E+3	3,143158E+0	1,528125E+3	-3,121564E-1	1,528125E+3	2,822270E+0	1,528125E+3	-6,466042E-1	1,528125E+3	2,690683E+0	1,528125E+3	-8,167069E-1
1,529687E+3	5,125737E+0	1,529687E+3	1,086409E+0	1,529687E+3	5,212061E+0	1,529687E+3	9,764707E-1	1,529687E+3	5,025362E+0	1,529687E+3	8,811047E-1	1,529687E+3	4,217912E+0	1,529687E+3	4,309223E-1	1,529687E+3	3,193617E+0	1,529687E+3	-3,113102E-1	1,529687E+3	2,839270E+0	1,529687E+3	-6,681823E-1	1,529687E+3	2,678857E+0	1,529687E+3	-8,414127E-1
1,531250E+3	5,277733E+0	1,531250E+3	1,033229E+0	1,531250E+3	5,218055E+0	1,531250E+3	9,890398E-1	1,531250E+3	5,019094E+0	1,531250E+3	8,605602E-1	1,531250E+3	4,241016E+0	1,531250E+3	4,402186E-1	1,531250E+3	3,205301E+0	1,531250E+3	-3,076231E-1	1,531250E+3	2,844101E+0	1,531250E+3	-6,599163E-1	1,531250E+3	2,656493E+0	1,531250E+3	-8,733207E-1
1,532812E+3	5,286268E+0	1,532812E+3	1,030277E+0	1,532812E+3	5,282468E+0	1,532812E+3	9,051164E-1	1,532812E+3	5,058292E+0	1,532812E+3	7,934536E-1	1,532812E+3	4,320205E+0	1,532812E+3	3,852823E-1	1,532812E+3	3,221502E+0	1,532812E+3	-2,753717E-1	1,532812E+3	2,847037E+0	1,532812E+3	-6,614724E-1	1,532812E+3	2,680497E+0	1,532812E+3	-8,518301E-1
1,534375E+3	5,351590E+0	1,534375E+3	9,773536E-1	1,534375E+3	5,336230E+0	1,534375E+3	8,524235E-1	1,534375E+3	5,148944E+0	1,534375E+3	7,356876E-1	1,534375E+3	4,289010E+0	1,534375E+3	3,577257E-1	1,534375E+3	3,200744E+0	1,534375E+3	-3,126757E-1	1,534375E+3	2,870127E+0	1,534375E+3	-6,702060E-1	1,534375E+3	2,724218E+0	1,534375E+3	-8,584651E-1
1,535937E+3	5,393159E+0	1,535937E+3	8,255708E-1	1,535937E+3	5,447088E+0	1,535937E+3	7,695796E-1	1,535937E+3	5,181943E+0	1,535937E+3	6,838526E-1	1,535937E+3	4,379126E+0	1,535937E+3	3,445700E-1	1,535937E+3	3,210290E+0	1,535937E+3	-3,188801E-1	1,535937E+3	2,861520E+0	1,535937E+3	-6,684641E-1	1,535937E+3	2,739445E+0	1,535937E+3	-8,475789E-1
1,537500E+3	5,495910E+0	1,537500E+3	6,981484E-1	1,537500E+3	5,454900E+0	1,537500E+3	7,756017E-1	1,537500E+3	5,243000E+0	1,537500E+3	6,421981E-1	1,537500E+3	4,415053E+0	1,537500E+3	2,889098E-1	1,537500E+3	3,234822E+0	1,537500E+3	-3,510528E-1	1,537500E+3	2,865365E+0	1,537500E+3	-7,061681E-1	1,537500E+3	2,716425E+0	1,537500E+3	-8,579821E-1
1,539062E+3	5,602986E+0	1,539062E+3	6,933197E-1	1,539062E+3	5,543746E+0	1,539062E+3	6,696601E-1	1,539062E+3	5,275746E+0	1,539062E+3	6,171240E-1	1,539062E+3	4,412693E+0	1,539062E+3	2,146601E-1	1,539062E+3	3,265294E+0	1,539062E+3	-3,978775E-1	1,539062E+3	2,897671E+0	1,539062E+3	-6,936179E-1	1,539062E+3	2,734405E+0	1,539062E+3	-8,467033E-1
1,540625E+3	5,691370E+0	1,540625E+3	5,928441E-1	1,540625E+3	5,571706E+0	1,540625E+3	6,360635E-1	1,540625E+3	5,310189E+0	1,540625E+3	4,851959E-1	1,540625E+3	4,440206E+0	1,540625E+3	1,482809E-1	1,540625E+3	3,255465E+0	1,540625E+3	-4,259987E-1	1,540625E+3	2,886387E+0	1,540625E+3	-6,733985E-1	1,540625E+3	2,731728E+0	1,540625E+3	-8,468880E-1
1,542187E+3	5,614989E+0	1,542187E+3	5,265734E-1	1,542187E+3	5,553953E+0	1,542187E+3	5,916409E-1	1,542187E+3	5,361706E+0	1,542187E+3	4,826018E-1	1,542187E+3	4,491383E+0	1,542187E+3	2,077685E-1	1,542187E+3	3,255365E+0	1,542187E+3	-4,012376E-1	1,542187E+3	2,912020E+0	1,542187E+3	-6,892763E-1	1,542187E+3	2,733527E+0	1,542187E+3	-8,418114E-1
1,543750E+3	5,632770E+0	1,543750E+3	4,807548E-1	1,543750E+3	5,610380E+0	1,543750E+3	4,805237E-1	1,543750E+3	5,375918E+0	1,543750E+3	3,922788E-1	1,543750E+3	4,531669E+0	1,543750E+3	1,629162E-1	1,543750E+3	3,228842E+0	1,543750E+3	-4,262643E-1	1,543750E+3	2,871924E+0	1,543750E+3	-7,065369E-1	1,543750E+3	2,726859E+0	1,543750E+3	-8,506813E-1
1,545312E+3	5,699638E+0	1,545312E+3	4,028246E-1	1,545312E+3	5,639709E+0	1,545312E+3	4,156094E-1	1,545312E+3	5,351831E+0	1,545312E+3	3,500365E-1	1,545312E+3	4,533248E+0	1,545312E+3	1,215338E-1	1,545312E+3	3,265409E+0	1,545312E+3	-4,495273E-1	1,545312E+3	2,874052E+0	1,545312E+3	-7,034694E-1	1,545312E+3	2,725717E+0	1,545312E+3	-8,905148E-1
1,546875E+3	5,729575E+0	1,546875E+3	3,737353E-1	1,546875E+3	5,694089E+0	1,546875E+3	3,368587E-1	1,546875E+3	5,402659E+0	1,546875E+3	2,770365E-1	1,546875E+3	4,539509E+0	1,546875E+3	5,745338E-2	1,546875E+3	3,320826E+0	1,546875E+3	-4,480209E-1	1,546875E+3	2,873719E+0	1,546875E+3	-7,447556E-1	1,546875E+3	2,722012E+0	1,546875E+3	-9,058359E-1
1,548437E+3	5,842184E+0	1,548437E+3	3,717454E-1	1,548437E+3	5,780078E+0	1,548437E+3	2,674928E-1	1,548437E+3	5,472133E+0	1,548437E+3	2,242958E-1	1,548437E+3	4,588538E+0	1,548437E+3	4,005346E-2	1,548437E+3	3,303985E+0	1,548437E+3	-4,156556E-1	1,548437E+3	2,898191E+0	1,548437E+3	-7,027232E-1	1,548437E+3	2,717141E+0	1,548437E+3	-9,074676E-1
1,550000E+3	5,882277E+0	1,550000E+3	1,551631E-1	1,550000E+3	5,842768E+0	1,550000E+3	2,000888E-1	1,550000E+3	5,518190E+0	1,550000E+3	1,798845E-1	1,550000E+3	4,642631E+0	1,550000E+3	7,098978E-3	1,550000E+3	3,316486E+0	1,550000E+3	-5,197449E-1	1,550000E+3	2,909109E+0	1,550000E+3	-7,106654E-1	1,550000E+3	2,713115E+0	1,550000E+3	-9,049593E-1
1,551562E+3	5,855803E+0	1,551562E+3	9,678180E-2	1,551562E+3	5,865276E+0	1,551562E+3	1,221320E-1	1,551562E+3	5,541618E+0	1,551562E+3	1,314294E-1	1,551562E+3	4,689188E+0	1,551562E+3	-3,713537E-2	1,551562E+3	3,324425E+0	1,551562E+3	-4,790569E-1	1,551562E+3	2,886039E+0	1,551562E+3	-7,082713E-1	1,551562E+3	2,713497E+0	1,551562E+3	-8,602503E-1
1,553125E+3	5,821862E+0	1,553125E+3	5,771843E-2	1,553125E+3	5,888201E+0	1,553125E+3	6,897107E-2	1,553125E+3	5,572324E+0	1,553125E+3	-1,529141E-2	1,553125E+3	4,709394E+0	1,553125E+3	-4,992655E-2	1,553125E+3	3,321887E+0	1,553125E+3	-4,627706E-1	1,553125E+3	2,901443E+0	1,553125E+3	-7,334942E-1	1,553125E+3	2,729897E+0	1,553125E+3	-8,810295E-1
1,554687E+3	5,846078E+0	1,554687E+3	-5,490171E-2	1,554687E+3	5,940479E+0	1,554687E+3	-4,430552E-2	1,554687E+3	5,587429E+0	1,554687E+3	-4,181381E-2	1,554687E+3	4,686045E+0	1,554687E+3	-1,340644E-1	1,554687E+3	3,311220E+0	1,554687E+3	-4,690058E-1	1,554687E+3	2,907683E+0	1,554687E+3	-7,034611E-1	1,554687E+3	2,746431E+0	1,554687E+3	-8,735656E-1
1,556250E+3	5,957765E+0	1,556250E+3	-5,891904E-2	1,556250E+3	5,948008E+0	1,556250E+3	-8,367416E-2	1,556250E+3	5,653975E+0	1,556250E+3	-1,228565E-1	1,556250E+3	4,727752E+0	1,556250E+3	-1,747985E-1	1,556250E+3	3,341688E+0	1,556250E+3	-4,682995E-1	1,556250E+3	2,898860E+0	1,556250E+3	-7,150938E-1	1,556250E+3	2,757921E+0	1,556250E+3	-8,785230E-1
1,557812E+3	5,914265E+0	1,557812E+3	-3,269332E-1	1,557812E+3	5,981204E+0	1,557812E+3	-1,848357E-1	1,557812E+3	5,690292E+0	1,557812E+3	-1,548128E-1	1,557812E+3	4,712952E+0	1,557812E+3	-1,519762E-1	1,557812E+3	3,375981E+0	1,557812E+3	-4,971869E-1	1,557812E+3	2,933596E+0	1,557812E+3	-7,339162E-1	1,557812E+3	2,741086E+0	1,557812E+3	-9,185192E-1
1,559375E+3	5,966395E+0	1,559375E+3	-3,003603E-1	1,559375E+3	5,923613E+0	1,559375E+3	-2,417363E-1	1,559375E+3	5,669553E+0	1,559375E+3	-2,326706E-1	1,559375E+3	4,725592E+0	1,559375E+3	-2,589633E-1	1,559375E+3	3,395640E+0	1,559375E+3	-5,823003E-1	1,559375E+3	2,930261E+0	1,559375E+3	-7,469894E-1	1,559375E+3	2,747668E+0	1,559375E+3	-9,174162E-1
1,560937E+3	6,040052E+0	1,560937E+3	-1,748463E-1	1,560937E+3	5,968861E+0	1,560937E+3	-2,825394E-1	1,560937E+3	5,679610E+0	1,560937E+3	-3,010415E-1	1,560937E+3	4,725334E+0	1,560937E+3	-3,176867E-1	1,560937E+3	3,379217E+0	1,560937E+3	-5,758973E-1	1,560937E+3	2,907090E+0	1,560937E+3	-7,640161E-1	1,560937E+3	2,775039E+0	1,560937E+3	-8,846995E-1
1,562500E+3	6,043855E+0	1,562500E+3	-3,172990E-1	1,562500E+3	6,023849E+0	1,562500E+3	-4,344037E-1	1,562500E+3	5,748092E+0	1,562500E+3	-3,745260E-1	1,562500E+3	4,757613E+0	1,562500E+3	-3,031918E-1	1,562500E+3	3,378684E+0	1,562500E+3	-5,477407E-1	1,562500E+3	2,918206E+0	1,562500E+3	-7,472149E-1	1,562500E+3	2,722932E+0	1,562500E+3	-9,079471E-1
1,564062E+3	6,039274E+0	1,564062E+3	-4,839520E-1	1,564062E+3	6,012786E+0	1,564062E+3	-5,166735E-1	1,564062E+3	5,765092E+0	1,564062E+3	-4,437823E-1	1,564062E+3	4,797152E+0	1,564062E+3	-3,633338E-1	1,564062E+3	3,402253E+0	1,564062E+3	-5,537308E-1	1,564062E+3	2,911157E+0	1,564062E+3	-7,898793E-1	1,564062E+3	2,742889E+0	1,564062E+3	-8,945559E-1
1,565625E+3	6,097589E+0	1,565625E+3	-6,126541E-1	1,565625E+3	5,983790E+0	1,565625E+3	-5,889999E-1	1,565625E+3	5,725684E+0	1,565625E+3	-5,483354E-1	1,565625E+3	4,793935E+0	1,565625E+3	-3,623992E-1	1,565625E+3	3,388090E+0	1,565625E+3	-5,885209E-1	1,565625E+3	2,925269E+0	1,565625E+3	-7,778656E-1	1,565625E+3	2,742040E+0	1,565625E+3	-9,264685E-1
1,567187E+3	6,089758E+0	1,567187E+3	-5,928519E-1	1,567187E+3	6,029984E+0	1,567187E+3	-5,888362E-1	1,567187E+3	5,794330E+0	1,567187E+3	-5,933509E-1	1,567187E+3	4,792013E+0	1,567187E+3	-3,974054E-1	1,567187E+3	3,414241E+0	1,567187E+3	-6,101267E-1	1,567187E+3	2,916925E+0	1,567187E+3	-7,509270E-1	1,567187E+3	2,741437E+0	1,567187E+3	-9,392824E-1
1,568750E+3	6,104065E+0	1,568750E+3	-6,908664E-1	1,568750E+3	6,011087E+0	1,568750E+3	-7,440990E-1	1,568750E+3	5,765890E+0	1,568750E+3	-7,393602E-1	1,568750E+3	4,878828E+0	1,568750E+3	-5,202060E-1	1,568750E+3	3,402490E+0	1,568750E+3	-6,543438E-1	1,568750E+3	2,899016E+0	1,568750E+3	-7,919077E-1	1,568750E+3	2,727858E+0	1,568750E+3	-9,067468E-1
1,570312E+3	6,144204E+0	1,570312E+3	-8,399558E-1	1,570312E+3	5,992111E+0	1,570312E+3	-8,164039E-1	1,570312E+3	5,784757E+0	1,570312E+3	-7,971944E-1	1,570312E+3	4,879119E+0	1,570312E+3	-5,747112E-1	1,570312E+3	3,363091E+0	1,570312E+3	-7,362484E-1	1,570312E+3	2,945749E+0	1,570312E+3	-7,934423E-1	1,570312E+3	2,741261E+0	1,570312E+3	-9,003398E-1
1,571875E+3	6,104116E+0	1,571875E+3	-8,972748E-1	1,571875E+3	6,038410E+0	1,571875E+3	-8,433750E-1	1,571875E+3	5,774189E+0	1,571875E+3	-8,163879E-1	1,571875E+3	4,861629E+0	1,571875E+3	-5,449498E-1	1,571875E+3	3,402777E+0	1,571875E+3	-6,990672E-1	1,571875E+3	2,971373E+0	1,571875E+3	-7,777717E-1	1,571875E+3	2,727652E+0	1,571875E+3	-8,949408E-1
1,573437E+3	6,053850E+0	1,573437E+3	-1,062754E+0	1,573437E+3	6,053659E+0	1,573437E+3	-1,021080E+0	1,573437E+3	5,817451E+0	1,573437E+3	-9,338985E-1	1,573437E+3	4,893410E+0	1,573437E+3	-6,565004E-1	1,573437E+3	3,447277E+0	1,573437E+3	-6,529620E-1	1,573437E+3	2,956064E+0	1,573437E+3	-7,858069E-1	1,573437E+3	2,755727E+0	1,573437E+3	-9,192847E-1
1,575000E+3	6,087061E+0	1,575000E+3	-1,062703E+0	1,575000E+3	6,011302E+0	1,575000E+3	-1,110656E+0	1,575000E+3	5,785560E+0	1,575000E+3	-1,030316E+0	1,575000E+3	4,810891E+0	1,575000E+3	-6,858720E-1	1,575000E+3	3,462905E+0	1,575000E+3	-6,699109E-1	1,575000E+3	2,946522E+0	1,575000E+3	-7,987178E-1	1,575000E+3	2,767526E+0	1,575000E+3	-9,121099E-1
1,576562E+3	6,114643E+0	1,576562E+3	-1,186073E+0	1,576562E+3	6,004416E+0	1,576562E+3	-1,135258E+0	1,576562E+3	5,761179E+0	1,576562E+3	-9,900905E-1	1,576562E+3	4,792930E+0	1,576562E+3	-7,664033E-1	1,576562E+3	3,415521E+0	1,576562E+3	-7,160688E-1	1,576562E+3	2,937371E+0	1,576562E+3	-7,974687E-1	1,576562E+3	2,786125E+0	1,576562E+3	-8,750134E-1
1,578125E+3	6,084928E+0	1,578125E+3	-1,247155E+0	1,578125E+3	5,989961E+0	1,578125E+3	-1,184108E+0	1,578125E+3	5,747380E+0	1,578125E+3	-1,093096E+0	1,578125E+3	4,799287E+0	1,578125E+3	-8,213039E-1	1,578125E+3	3,375312E+0	1,578125E+3	-6,734781E-1	1,578125E+3	2,933671E+0	1,578125E+3	-7,827810E-1	1,578125E+3	2,749656E+0	1,578125E+3	-8,770998E-1
1,579687E+3	6,081421E+0	1,579687E+3	-1,295312E+0	1,579687E+3	6,002252E+0	1,579687E+3	-1,238406E+0	1,579687E+3	5,748364E+0	1,579687E+3	-1,212859E+0	1,579687E+3	4,860557E+0	1,579687E+3	-8,692586E-1	1,579687E+3	3,383732E+0	1,579687E+3	-6,641819E-1	1,579687E+3	2,951812E+0	1,579687E+3	-8,168769E-1	1,579687E+3	2,731787E+0	1,579687E+3	-8,890452E-1
1,581250E+3	6,027061E+0	1,581250E+3	-1,395688E+0	1,581250E+3	5,940178E+0	1,581250E+3	-1,459754E+0	1,581250E+3	5,704714E+0	1,581250E+3	-1,255738E+0	1,581250E+3	4,823524E+0	1,581250E+3	-9,009975E-1	1,581250E+3	3,421675E+0	1,581250E+3	-7,186438E-1	1,581250E+3	3,011976E+0	1,581250E+3	-8,061335E-1	1,581250E+3	2,742280E+0	1,581250E+3	-8,897142E-1
1,582812E+3	6,079526E+0	1,582812E+3	-1,486269E+0	1,582812E+3	6,025862E+0	1,582812E+3	-1,483679E+0	1,582812E+3	5,689074E+0	1,582812E+3	-1,307966E+0	1,582812E+3	4,828271E+0	1,582812E+3	-9,596697E-1	1,582812E+3	3,384531E+0	1,582812E+3	-7,266179E-1	1,582812E+3	3,006383E+0	1,582812E+3	-8,110954E-1	1,582812E+3	2,775533E+0	1,582812E+3	-9,183095E-1
1,584375E+3	5,945157E+0	1,584375E+3	-1,644224E+0	1,584375E+3	5,973868E+0	1,584375E+3	-1,571768E+0	1,584375E+3	5,750715E+0	1,584375E+3	-1,434404E+0	1,584375E+3	4,842640E+0	1,584375E+3	-1,002792E+0	1,584375E+3	3,434521E+0	1,584375E+3	-7,411305E-1	1,584375E+3	2,980608E+0	1,584375E+3	-8,549624E-1	1,584375E+3	2,742365E+0	1,584375E+3	-9,341783E-1
1,585937E+3	5,973584E+0	1,585937E+3	-1,735594E+0	1,585937E+3	5,966475E+0	1,585937E+3	-1,672780E+0	1,585937E+3	5,699965E+0	1,585937E+3	-1,489816E+0	1,585937E+3	4,790364E+0	1,585937E+3	-1,001404E+0	1,585937E+3	3,411688E+0	1,585937E+3	-8,139311E-1	1,585937E+3	2,969339E+0	1,585937E+3	-8,561522E-1	1,585937E+3	2,734271E+0	1,585937E+3	-9,286232E-1
1,587500E+3	5,971721E+0	1,587500E+3	-1,718420E+0	1,587500E+3	5,892825E+0	1,587500E+3	-1,737668E+0	1,587500E+3	5,666557E+0	1,587500E+3	-1,581979E+0	1,587500E+3	4,758101E+0	1,587500E+3	-1,108333E+0	1,587500E+3	3,364580E+0	1,587500E+3	-8,634322E-1	1,587500E+3	2,925541E+0	1,587500E+3	-8,092198E-1	1,587500E+3	2,727017E+0	1,587500E+3	-9,138148E-1
1,589062E+3	5,873411E+0	1,589062E+3	-1,778338E+0	1,589062E+3	5,861448E+0	1,589062E+3	-1,760270E+0	1,589062E+3	5,608781E+0	1,589062E+3	-1,652220E+0	1,589062E+3	4,829300E+0	1,589062E+3	-1,142471E+0	1,589062E+3	3,414680E+0	1,589062E+3	-8,202080E-1	1,589062E+3	2,940052E+0	1,589062E+3	-8,413539E-1	1,589062E+3	2,744310E+0	1,589062E+3	-8,714131E-1
1,590625E+3	5,850326E+0	1,590625E+3	-1,890089E+0	1,590625E+3	5,830065E+0	1,590625E+3	-1,889571E+0	1,590625E+3	5,629537E+0	1,590625E+3	-1,701583E+0	1,590625E+3	4,784690E+0	1,590625E+3	-1,185011E+0	1,590625E+3	3,438172E+0	1,590625E+3	-8,556467E-1	1,590625E+3	2,961522E+0	1,590625E+3	-8,713733E-1	1,590625E+3	2,813058E+0	1,590625E+3	-9,191684E-1
1,592187E+3	5,776212E+0	1,592187E+3	-1,916416E+0	1,592187E+3	5,824550E+0	1,592187E+3	-1,981844E+0	1,592187E+3	5,614866E+0	1,592187E+3	-1,782012E+0	1,592187E+3	4,754211E+0	1,592187E+3	-1,225943E+0	1,592187E+3	3,418045E+0	1,592187E+3	-8,229193E-1	1,592187E+3	2,934869E+0	1,592187E+3	-8,665061E-1	1,592187E+3	2,765729E+0	1,592187E+3	-9,219905E-1
1,593750E+3	5,722811E+0	1,593750E+3	-2,045383E+0	1,593750E+3	5,746850E+0	1,593750E+3	-2,021954E+0	1,593750E+3	5,575015E+0	1,593750E+3	-1,845878E+0	1,593750E+3	4,795042E+0	1,593750E+3	-1,284490E+0	1,593750E+3	3,443649E+0	1,593750E+3	-8,874382E-1	1,593750E+3	2,942733E+0	1,593750E+3	-8,608138E-1	1,593750E+3	2,737875E+0	1,593750E+3	-8,940961E-1
1,595312E+3	5,747764E+0	1,595312E+3	-2,102562E+0	1,595312E+3	5,711788E+0	1,595312E+3	-2,080944E+0	1,595312E+3	5,544484E+0	1,595312E+3	-1,844153E+0	1,595312E+3	4,751148E+0	1,595312E+3	-1,344089E+0	1,595312E+3	3,409665E+0	1,595312E+3	-8,767215E-1	1,595312E+3	2,949601E+0	1,595312E+3	-8,745503E-1	1,595312E+3	2,768009E+0	1,595312E+3	-9,405005E-1
1,596875E+3	5,617766E+0	1,596875E+3	-2,119661E+0	1,596875E+3	5,776339E+0	1,596875E+3	-2,129044E+0	1,596875E+3	5,452020E+0	1,596875E+3	-1,942230E+0	1,596875E+3	4,778290E+0	1,596875E+3	-1,315767E+0	1,596875E+3	3,438593E+0	1,596875E+3	-8,834200E-1	1,596875E+3	2,961641E+0	1,596875E+3	-8,578641E-1	1,596875E+3	2,803326E+0	1,596875E+3	-9,533655E-1
1,598437E+3	5,636105E+0	1,598437E+3	-2,245393E+0	1,598437E+3	5,625914E+0	1,598437E+3	-2,185669E+0	1,598437E+3	5,492972E+0	1,598437E+3	-1,968074E+0	1,598437E+3	4,803223E+0	1,598437E+3	-1,397947E+0	1,598437E+3	3,450207E+0	1,598437E+3	-9,108283E-1	1,598437E+3	2,940390E+0	1,598437E+3	-8,481618E-1	1,598437E+3	2,772603E+0	1,598437E+3	-9,267467E-1
1,600000E+3	5,609147E+0	1,600000E+3	-2,295676E+0	1,600000E+3	5,578464E+0	1,600000E+3	-2,280990E+0	1,600000E+3	5,428608E+0	1,600000E+3	-2,095397E+0	1,600000E+3	4,722217E+0	1,600000E+3	-1,446042E+0	1,600000E+3	3,461191E+0	1,600000E+3	-9,027453E-1	1,600000E+3	2,918251E+0	1,600000E+3	-9,062812E-1	1,600000E+3	2,731498E+0	1,600000E+3	-9,107660E-1
1,601562E+3	5,566970E+0	1,601562E+3	-2,256824E+0	1,601562E+3	5,506426E+0	1,601562E+3	-2,259487E+0	1,601562E+3	5,354951E+0	1,601562E+3	-2,116574E+0	1,601562E+3	4,674572E+0	1,601562E+3	-1,470305E+0	1,601562E+3	3,450031E+0	1,601562E+3	-8,820178E-1	1,601562E+3	2,939135E+0	1,601562E+3	-9,082254E-1	1,601562E+3	2,760264E+0	1,601562E+3	-9,150243E-1
1,603125E+3	5,502255E+0	1,603125E+3	-2,367756E+0	1,603125E+3	5,435027E+0	1,603125E+3	-2,401881E+0	1,603125E+3	5,316860E+0	1,603125E+3	-2,175256E+0	1,603125E+3	4,671141E+0	1,603125E+3	-1,514188E+0	1,603125E+3	3,419783E+0	1,603125E+3	-9,579904E-1	1,603125E+3	3,007399E+0	1,603125E+3	-9,154027E-1	1,603125E+3	2,752921E+0	1,603125E+3	-9,484837E-1
1,604687E+3	5,455310E+0	1,604687E+3	-2,550800E+0	1,604687E+3	5,485795E+0	1,604687E+3	-2,450265E+0	1,604687E+3	5,361973E+0	1,604687E+3	-2,240241E+0	1,604687E+3	4,697077E+0	1,604687E+3	-1,474371E+0	1,604687E+3	3,425225E+0	1,604687E+3	-9,494976E-1	1,604687E+3	2,975273E+0	1,604687E+3	-9,171048E-1	1,604687E+3	2,777911E+0	1,604687E+3	-9,085155E-1
1,606250E+3	5,408117E+0	1,606250E+3	-2,517653E+0	1,606250E+3	5,417027E+0	1,606250E+3	-2,505166E+0	1,606250E+3	5,281411E+0	1,606250E+3	-2,311275E+0	1,606250E+3	4,662326E+0	1,606250E+3	-1,646066E+0	1,606250E+3	3,428305E+0	1,606250E+3	-9,511601E-1	1,606250E+3	2,989751E+0	1,606250E+3	-8,980771E-1	1,606250E+3	2,746751E+0	1,606250E+3	-8,941724E-1
1,607812E+3	5,345822E+0	1,607812E+3	-2,566617E+0	1,607812E+3	5,420228E+0	1,607812E+3	-2,535148E+0	1,607812E+3	5,198359E+0	1,607812E+3	-2,339582E+0	1,607812E+3	4,600420E+0	1,607812E+3	-1,692253E+0	1,607812E+3	3,470056E+0	1,607812E+3	-1,028460E+0	1,607812E+3	2,991320E+0	1,607812E+3	-9,226147E-1	1,607812E+3	2,751466E+0	1,607812E+3	-9,496296E-1
1,609375E+3	5,431144E+0	1,609375E+3	-2,633449E+0	1,609375E+3	5,265926E+0	1,609375E+3	-2,693929E+0	1,609375E+3	5,163722E+0	1,609375E+3	-2,420699E+0	1,609375E+3	4,572142E+0	1,609375E+3	-1,680293E+0	1,609375E+3	3,458233E+0	1,609375E+3	-1,036969E+0	1,609375E+3	3,001263E+0	1,609375E+3	-9,398677E-1	1,609375E+3	2,736945E+0	1,609375E+3	-9,522932E-1
1,610937E+3	5,284058E+0	1,610937E+3	-2,674147E+0	1,610937E+3	5,218338E+0	1,610937E+3	-2,656679E+0	1,610937E+3	5,116354E+0	1,610937E+3	-2,468490E+0	1,610937E+3	4,636623E+0	1,610937E+3	-1,657323E+0	1,610937E+3	3,435906E+0	1,610937E+3	-1,033206E+0	1,610937E+3	3,009062E+0	1,610937E+3	-9,376362E-1	1,610937E+3	2,736332E+0	1,610937E+3	-9,300872E-1
1,612500E+3	5,275036E+0	1,612500E+3	-2,727365E+0	1,612500E+3	5,201429E+0	1,612500E+3	-2,698565E+0	1,612500E+3	5,060733E+0	1,612500E+3	-2,496638E+0	1,612500E+3	4,562329E+0	1,612500E+3	-1,719994E+0	1,612500E+3	3,435245E+0	1,612500E+3	-1,021961E+0	1,612500E+3	2,936109E+0	1,612500E+3	-9,653025E-1	1,612500E+3	2,755698E+0	1,612500E+3	-9,487588E-1
1,614062E+3	5,198887E+0	1,614062E+3	-2,805874E+0	1,614062E+3	5,124268E+0	1,614062E+3	-2,777396E+0	1,614062E+3	5,041247E+0	1,614062E+3	-2,469953E+0	1,614062E+3	4,548930E+0	1,614062E+3	-1,790651E+0	1,614062E+3	3,387479E+0	1,614062E+3	-1,021238E+0	1,614062E+3	2,931904E+0	1,614062E+3	-9,305294E-1	1,614062E+3	2,786071E+0	1,614062E+3	-9,356610E-1
1,615625E+3	5,101869E+0	1,615625E+3	-2,791997E+0	1,615625E+3	5,075451E+0	1,615625E+3	-2,779024E+0	1,615625E+3	4,987405E+0	1,615625E+3	-2,557973E+0	1,615625E+3	4,552076E+0	1,615625E+3	-1,806783E+0	1,615625E+3	3,406403E+0	1,615625E+3	-1,045859E+0	1,615625E+3	2,958974E+0	1,615625E+3	-9,154513E-1	1,615625E+3	2,767068E+0	1,615625E+3	-9,110560E-1
1,617187E+3	4,972849E+0	1,617187E+3	-2,929993E+0	1,617187E+3	5,020684E+0	1,617187E+3	-2,782796E+0	1,617187E+3	4,911681E+0	1,617187E+3	-2,626412E+0	1,617187E+3	4,516651E+0	1,617187E+3	-1,848077E+0	1,617187E+3	3,399064E+0	1,617187E+3	-1,103428E+0	1,617187E+3	2,981851E+0	1,617187E+3	-9,508591E-1	1,617187E+3	2,763431E+0	1,617187E+3	-9,274418E-1
1,618750E+3	4,881164E+0	1,618750E+3	-2,989831E+0	1,618750E+3	4,929315E+0	1,618750E+3	-2,867663E+0	1,618750E+3	4,883608E+0	1,618750E+3	-2,648893E+0	1,618750E+3	4,493263E+0	1,618750E+3	-1,856037E+0	1,618750E+3	3,395449E+0	1,618750E+3	-1,138054E+0	1,618750E+3	2,946404E+0	1,618750E+3	-9,662237E-1	1,618750E+3	2,777954E+0	1,618750E+3	-9,268897E-1
1,620312E+3	4,966940E+0	1,620312E+3	-2,949500E+0	1,620312E+3	4,929467E+0	1,620312E+3	-2,927781E+0	1,620312E+3	4,873890E+0	1,620312E+3	-2,695055E+0	1,620312E+3	4,449530E+0	1,620312E+3	-1,859574E+0	1,620312E+3	3,394637E+0	1,620312E+3	-1,111456E+0	1,620312E+3	2,940827E+0	1,620312E+3	-9,637371E-1	1,620312E+3	2,742062E+0	1,620312E+3	-9,573467E-1
1,621875E+3	5,134159E+0	1,621875E+3	-2,891173E+0	1,621875E+3	5,037754E+0	1,621875E+3	-2,934895E+0	1,621875E+3	4,782171E+0	1,621875E+3	-2,738660E+0	1,621875E+3	4,451702E+0	1,621875E+3	-1,997393E+0	1,621875E+3	3,405009E+0	1,621875E+3	-1,137979E+0	1,621875E+3	2,921635E+0	1,621875E+3	-1,006403E+0	1,621875E+3	2,748083E+0	1,621875E+3	-9,304648E-1
1,623437E+3	4,823707E+0	1,623437E+3	-2,983885E+0	1,623437E+3	4,792231E+0	1,623437E+3	-3,003662E+0	1,623437E+3	4,757066E+0	1,623437E+3	-2,763533E+0	1,623437E+3	4,352289E+0	1,623437E+3	-2,072477E+0	1,623437E+3	3,441882E+0	1,623437E+3	-1,135623E+0	1,623437E+3	2,934495E+0	1,623437E+3	-1,007586E+0	1,623437E+3	2,785832E+0	1,623437E+3	-9,239296E-1
1,625000E+3	4,780876E+0	1,625000E+3	-3,068855E+0	1,625000E+3	4,763680E+0	1,625000E+3	-3,029478E+0	1,625000E+3	4,730748E+0	1,625000E+3	-2,807571E+0	1,625000E+3	4,353448E+0	1,625000E+3	-2,025691E+0	1,625000E+3	3,391238E+0	1,625000E+3	-1,147128E+0	1,625000E+3	2,947576E+0	1,625000E+3	-1,015126E+0	1,625000E+3	2,797749E+0	1,625000E+3	-9,310721E-1
1,626562E+3	4,759752E+0	1,626562E+3	-3,014749E+0	1,626562E+3	4,753387E+0	1,626562E+3	-3,045281E+0	1,626562E+3	4,633334E+0	1,626562E+3	-2,853125E+0	1,626562E+3	4,390502E+0	1,626562E+3	-2,078550E+0	1,626562E+3	3,343151E+0	1,626562E+3	-1,133517E+0	1,626562E+3	2,975235E+0	1,626562E+3	-1,006534E+0	1,626562E+3	2,771249E+0	1,626562E+3	-9,330209E-1
1,628125E+3	4,599862E+0	1,628125E+3	-3,081015E+0	1,628125E+3	4,666847E+0	1,628125E+3	-3,080049E+0	1,628125E+3	4,592448E+0	1,628125E+3	-2,851551E+0	1,628125E+3	4,289482E+0	1,628125E+3	-2,234693E+0	1,628125E+3	3,363885E+0	1,628125E+3	-1,234538E+0	1,628125E+3	2,969302E+0	1,628125E+3	-9,913931E-1	1,628125E+3	2,728660E+0	1,628125E+3	-9,437676E-1
1,629687E+3	4,482720E+0	1,629687E+3	-3,141576E+0	1,629687E+3	4,615337E+0	1,629687E+3	-3,123092E+0	1,629687E+3	4,544229E+0	1,629687E+3	-2,968853E+0	1,629687E+3	4,276406E+0	1,629687E+3	-2,232689E+0	1,629687E+3	3,395711E+0	1,629687E+3	-1,205202E+0	1,629687E+3	2,970186E+0	1,629687E+3	-9,825126E-1	1,629687E+3	2,736786E+0	1,629687E+3	-9,562409E-1
1,631250E+3	4,470064E+0	1,631250E+3	-3,088952E+0	1,631250E+3	4,528136E+0	1,631250E+3	-3,143331E+0	1,631250E+3	4,538396E+0	1,631250E+3	-2,919813E+0	1,631250E+3	4,233709E+0	1,631250E+3	-2,175644E+0	1,631250E+3	3,385152E+0	1,631250E+3	-1,198714E+0	1,631250E+3	2,962285E+0	1,631250E+3	-1,020800E+0	1,631250E+3	2,776104E+0	1,631250E+3	-9,623350E-1
1,632812E+3	4,431327E+0	1,632812E+3	-3,156531E+0	1,632812E+3	4,494336E+0	1,632812E+3	-3,161169E+0	1,632812E+3	4,406331E+0	1,632812E+3	-2,939581E+0	1,632812E+3	4,224398E+0	1,632812E+3	-2,138523E+0	1,632812E+3	3,331310E+0	1,632812E+3	-1,274079E+0	1,632812E+3	2,994472E+0	1,632812E+3	-1,024216E+0	1,632812E+3	2,768966E+0	1,632812E+3	-9,417730E-1
1,634375E+3	4,417839E+0	1,634375E+3	-3,212328E+0	1,634375E+3	4,472020E+0	1,634375E+3	-3,173522E+0	1,634375E+3	4,408148E+0	1,634375E+3	-2,964743E+0	1,634375E+3	4,182566E+0	1,634375E+3	-2,212599E+0	1,634375E+3	3,348874E+0	1,634375E+3	-1,288213E+0	1,634375E+3	2,952103E+0	1,634375E+3	-1,017620E+0	1,634375E+3	2,740179E+0	1,634375E+3	-9,651878E-1
1,635937E+3	4,316389E+0	1,635937E+3	-3,169068E+0	1,635937E+3	4,401519E+0	1,635937E+3	-3,229797E+0	1,635937E+3	4,330433E+0	1,635937E+3	-2,992311E+0	1,635937E+3	4,150377E+0	1,635937E+3	-2,237725E+0	1,635937E+3	3,349440E+0	1,635937E+3	-1,236310E+0	1,635937E+3	2,913890E+0	1,635937E+3	-1,036406E+0	1,635937E+3	2,716682E+0	1,635937E+3	-9,332422E-1
1,637500E+3	4,340959E+0	1,637500E+3	-3,228326E+0	1,637500E+3	4,355454E+0	1,637500E+3	-3,255182E+0	1,637500E+3	4,286199E+0	1,637500E+3	-3,000956E+0	1,637500E+3	4,042431E+0	1,637500E+3	-2,233372E+0	1,637500E+3	3,418056E+0	1,637500E+3	-1,188507E+0	1,637500E+3	2,910525E+0	1,637500E+3	-1,059593E+0	1,637500E+3	2,761660E+0	1,637500E+3	-9,507248E-1
1,639062E+3	4,281333E+0	1,639062E+3	-3,319552E+0	1,639062E+3	4,238327E+0	1,639062E+3	-3,267589E+0	1,639062E+3	4,240281E+0	1,639062E+3	-2,981092E+0	1,639062E+3	4,103239E+0	1,639062E+3	-2,251417E+0	1,639062E+3	3,401682E+0	1,639062E+3	-1,296966E+0	1,639062E+3	2,928188E+0	1,639062E+3	-1,037850E+0	1,639062E+3	2,788745E+0	1,639062E+3	-9,707195E-1
1,640625E+3	4,143225E+0	1,640625E+3	-3,297738E+0	1,640625E+3	4,242465E+0	1,640625E+3	-3,227952E+0	1,640625E+3	4,201672E+0	1,640625E+3	-3,029687E+0	1,640625E+3	4,074998E+0	1,640625E+3	-2,371297E+0	1,640625E+3	3,346398E+0	1,640625E+3	-1,338944E+0	1,640625E+3	2,917677E+0	1,640625E+3	-1,032980E+0	1,640625E+3	2,757572E+0	1,640625E+3	-9,601539E-1
1,642187E+3	4,176598E+0	1,642187E+3	-3,345606E+0	1,642187E+3	4,182804E+0	1,642187E+3	-3,257628E+0	1,642187E+3	4,156746E+0	1,642187E+3	-3,039656E+0	1,642187E+3	4,054543E+0	1,642187E+3	-2,388403E+0	1,642187E+3	3,280995E+0	1,642187E+3	-1,285270E+0	1,642187E+3	2,917507E+0	1,642187E+3	-1,045115E+0	1,642187E+3	2,732940E+0	1,642187E+3	-9,474642E-1
1,643750E+3	4,133026E+0	1,643750E+3	-3,310289E+0	1,643750E+3	4,087917E+0	1,643750E+3	-3,286425E+0	1,643750E+3	4,087596E+0	1,643750E+3	-3,081840E+0	1,643750E+3	4,089123E+0	1,643750E+3	-2,390276E+0	1,643750E+3	3,313143E+0	1,643750E+3	-1,326256E+0	1,643750E+3	2,958976E+0	1,643750E+3	-1,063286E+0	1,643750E+3	2,747921E+0	1,643750E+3	-9,750623E-1
1,645312E+3	4,035399E+0	1,645312E+3	-3,271686E+0	1,645312E+3	4,101626E+0	1,645312E+3	-3,253345E+0	1,645312E+3	4,068274E+0	1,645312E+3	-3,050300E+0	1,645312E+3	3,998701E+0	1,645312E+3	-2,402752E+0	1,645312E+3	3,333825E+0	1,645312E+3	-1,335846E+0	1,645312E+3	2,965006E+0	1,645312E+3	-1,106143E+0	1,645312E+3	2,707180E+0	1,645312E+3	-9,815057E-1
1,646875E+3	3,988805E+0	1,646875E+3	-3,283788E+0	1,646875E+3	3,951534E+0	1,646875E+3	-3,301202E+0	1,646875E+3	3,973738E+0	1,646875E+3	-3,090890E+0	1,646875E+3	3,951059E+0	1,646875E+3	-2,384347E+0	1,646875E+3	3,282213E+0	1,646875E+3	-1,342970E+0	1,646875E+3	2,938851E+0	1,646875E+3	-1,112130E+0	1,646875E+3	2,722652E+0	1,646875E+3	-9,781077E-1
1,648437E+3	3,944021E+0	1,648437E+3	-3,377691E+0	1,648437E+3	3,986505E+0	1,648437E+3	-3,317689E+0	1,648437E+3	3,922318E+0	1,648437E+3	-3,135737E+0	1,648437E+3	3,846893E+0	1,648437E+3	-2,365717E+0	1,648437E+3	3,264357E+0	1,648437E+3	-1,391024E+0	1,648437E+3	2,934226E+0	1,648437E+3	-1,105321E+0	1,648437E+3	2,729517E+0	1,648437E+3	-9,918668E-1
1,650000E+3	3,944978E+0	1,650000E+3	-3,298953E+0	1,650000E+3	3,893759E+0	1,650000E+3	-3,321318E+0	1,650000E+3	3,887001E+0	1,650000E+3	-3,134906E+0	1,650000E+3	3,864451E+0	1,650000E+3	-2,428293E+0	1,650000E+3	3,254983E+0	1,650000E+3	-1,380614E+0	1,650000E+3	2,917013E+0	1,650000E+3	-1,095734E+0	1,650000E+3	2,767287E+0	1,650000E+3	-9,689751E-1
1,651562E+3	3,859919E+0	1,651562E+3	-3,294686E+0	1,651562E+3	3,861977E+0	1,651562E+3	-3,326456E+0	1,651562E+3	3,870878E+0	1,651562E+3	-3,131773E+0	1,651562E+3	3,831127E+0	1,651562E+3	-2,438716E+0	1,651562E+3	3,262763E+0	1,651562E+3	-1,375649E+0	1,651562E+3	2,959720E+0	1,651562E+3	-1,110903E+0	1,651562E+3	2,737638E+0	1,651562E+3	-1,007287E+0
1,653125E+3	3,853668E+0	1,653125E+3	-3,306433E+0	1,653125E+3	3,801286E+0	1,653125E+3	-3,331686E+0	1,653125E+3	3,835055E+0	1,653125E+3	-3,145508E+0	1,653125E+3	3,785371E+0	1,653125E+3	-2,488276E+0	1,653125E+3	3,262391E+0	1,653125E+3	-1,386038E+0	1,653125E+3	2,905640E+0	1,653125E+3	-1,087226E+0	1,653125E+3	2,760570E+0	1,653125E+3	-1,010108E+0
1,654687E+3	3,771217E+0	1,654687E+3	-3,374280E+0	1,654687E+3	3,759555E+0	1,654687E+3	-3,313137E+0	1,654687E+3	3,756152E+0	1,654687E+3	-3,173262E+0	1,654687E+3	3,736656E+0	1,654687E+3	-2,515354E+0	1,654687E+3	3,276880E+0	1,654687E+3	-1,424688E+0	1,654687E+3	2,834279E+0	1,654687E+3	-1,084815E+0	1,654687E+3	2,799373E+0	1,654687E+3	-9,630644E-1
1,656250E+3	3,723082E+0	1,656250E+3	-3,310063E+0	1,656250E+3	3,722976E+0	1,656250E+3	-3,317396E+0	1,656250E+3	3,699885E+0	1,656250E+3	-3,169947E+0	1,656250E+3	3,737870E+0	1,656250E+3	-2,471266E+0	1,656250E+3	3,314720E+0	1,656250E+3	-1,423328E+0	1,656250E+3	2,872633E+0	1,656250E+3	-1,098030E+0	1,656250E+3	2,743784E+0	1,656250E+3	-1,004751E+0
1,657812E+3	3,685706E+0	1,657812E+3	-3,318273E+0	1,657812E+3	3,623806E+0	1,657812E+3	-3,315237E+0	1,657812E+3	3,702468E+0	1,657812E+3	-3,125068E+0	1,657812E+3	3,707567E+0	1,657812E+3	-2,473431E+0	1,657812E+3	3,208371E+0	1,657812E+3	-1,459316E+0	1,657812E+3	2,914486E+0	1,657812E+3	-1,108462E+0	1,657812E+3	2,723091E+0	1,657812E+3	-9,870015E-1
1,659375E+3	3,563932E+0	1,659375E+3	-3,321908E+0	1,659375E+3	3,612848E+0	1,659375E+3	-3,325598E+0	1,659375E+3	3,591986E+0	1,659375E+3	-3,130584E+0	1,659375E+3	3,662451E+0	1,659375E+3	-2,497994E+0	1,659375E+3	3,226889E+0	1,659375E+3	-1,408372E+0	1,659375E+3	2,926547E+0	1,659375E+3	-1,094660E+0	1,659375E+3	2,674183E+0	1,659375E+3	-9,922580E-1
1,660937E+3	3,554066E+0	1,660937E+3	-3,321131E+0	1,660937E+3	3,554158E+0	1,660937E+3	-3,312744E+0	1,660937E+3	3,583344E+0	1,660937E+3	-3,164878E+0	1,660937E+3	3,622732E+0	1,660937E+3	-2,521542E+0	1,660937E+3	3,246724E+0	1,660937E+3	-1,366738E+0	1,660937E+3	2,863847E+0	1,660937E+3	-1,096389E+0	1,660937E+3	2,730875E+0	1,660937E+3	-9,696093E-1
1,662500E+3	3,536675E+0	1,662500E+3	-3,390788E+0	1,662500E+3	3,506948E+0	1,662500E+3	-3,367417E+0	1,662500E+3	3,560253E+0	1,662500E+3	-3,155665E+0	1,662500E+3	3,567573E+0	1,662500E+3	-2,519879E+0	1,662500E+3	3,216827E+0	1,662500E+3	-1,393500E+0	1,662500E+3	2,851374E+0	1,662500E+3	-1,125469E+0	1,662500E+3	2,752372E+0	1,662500E+3	-1,004750E+0
1,664062E+3	3,450864E+0	1,664062E+3	-3,357947E+0	1,664062E+3	3,462524E+0	1,664062E+3	-3,323409E+0	1,664062E+3	3,525158E+0	1,664062E+3	-3,152683E+0	1,664062E+3	3,535065E+0	1,664062E+3	-2,548599E+0	1,664062E+3	3,226836E+0	1,664062E+3	-1,432522E+0	1,664062E+3	2,883128E+0	1,664062E+3	-1,116982E+0	1,664062E+3	2,707531E+0	1,664062E+3	-9,770064E-1
1,665625E+3	3,481528E+0	1,665625E+3	-3,301842E+0	1,665625E+3	3,417900E+0	1,665625E+3	-3,297074E+0	1,665625E+3	3,432509E+0	1,665625E+3	-3,156312E+0	1,665625E+3	3,589770E+0	1,665625E+3	-2,512055E+0	1,665625E+3	3,256360E+0	1,665625E+3	-1,446914E+0	1,665625E+3	2,943511E+0	1,665625E+3	-1,101554E+0	1,665625E+3	2,701916E+0	1,665625E+3	-1,004056E+0
1,667187E+3	3,307051E+0	1,667187E+3	-3,323162E+0	1,667187E+3	3,385884E+0	1,667187E+3	-3,314374E+0	1,667187E+3	3,409573E+0	1,667187E+3	-3,154320E+0	1,667187E+3	3,472652E+0	1,667187E+3	-2,542741E+0	1,667187E+3	3,226088E+0	1,667187E+3	-1,416075E+0	1,667187E+3	2,927411E+0	1,667187E+3	-1,130113E+0	1,667187E+3	2,719856E+0	1,667187E+3	-1,000225E+0
1,668750E+3	3,265119E+0	1,668750E+3	-3,337585E+0	1,668750E+3	3,301389E+0	1,668750E+3	-3,348399E+0	1,668750E+3	3,335983E+0	1,668750E+3	-3,174992E+0	1,668750E+3	3,482864E+0	1,668750E+3	-2,593099E+0	1,668750E+3	3,155781E+0	1,668750E+3	-1,467241E+0	1,668750E+3	2,851404E+0	1,668750E+3	-1,151186E+0	1,668750E+3	2,751593E+0	1,668750E+3	-9,755691E-1
1,670312E+3	3,285202E+0	1,670312E+3	-3,326064E+0	1,670312E+3	3,271665E+0	1,670312E+3	-3,315280E+0	1,670312E+3	3,317649E+0	1,670312E+3	-3,155657E+0	1,670312E+3	3,443927E+0	1,670312E+3	-2,577749E+0	1,670312E+3	3,129537E+0	1,670312E+3	-1,457258E+0	1,670312E+3	2,834418E+0	1,670312E+3	-1,118144E+0	1,670312E+3	2,787457E+0	1,670312E+3	-9,722278E-1
1,671875E+3	3,254347E+0	1,671875E+3	-3,320650E+0	1,671875E+3	3,282048E+0	1,671875E+3	-3,301093E+0	1,671875E+3	3,311080E+0	1,671875E+3	-3,164083E+0	1,671875E+3	3,382825E+0	1,671875E+3	-2,563539E+0	1,671875E+3	3,096064E+0	1,671875E+3	-1,421536E+0	1,671875E+3	2,855595E+0	1,671875E+3	-1,120527E+0	1,671875E+3	2,756650E+0	1,671875E+3	-1,024762E+0
1,673437E+3	3,152799E+0	1,673437E+3	-3,257356E+0	1,673437E+3	3,165098E+0	1,673437E+3	-3,310747E+0	1,673437E+3	3,217502E+0	1,673437E+3	-3,147516E+0	1,673437E+3	3,334100E+0	1,673437E+3	-2,579321E+0	1,673437E+3	3,107385E+0	1,673437E+3	-1,486705E+0	1,673437E+3	2,867585E+0	1,673437E+3	-1,146169E+0	1,673437E+3	2,744877E+0	1,673437E+3	-1,006382E+0
1,675000E+3	3,111939E+0	1,675000E+3	-3,246153E+0	1,675000E+3	3,138390E+0	1,675000E+3	-3,271484E+0	1,675000E+3	3,191958E+0	1,675000E+3	-3,123000E+0	1,675000E+3	3,307794E+0	1,675000E+3	-2,575789E+0	1,675000E+3	3,135605E+0	1,675000E+3	-1,452495E+0	1,675000E+3	2,835344E+0	1,675000E+3	-1,143397E+0	1,675000E+3	2,740813E+0	1,675000E+3	-9,917710E-1
1,676562E+3	3,065356E+0	1,676562E+3	-3,278866E+0	1,676562E+3	3,110721E+0	1,676562E+3	-3,247737E+0	1,676562E+3	3,151814E+0	1,676562E+3	-3,139009E+0	1,676562E+3	3,283891E+0	1,676562E+3	-2,573529E+0	1,676562E+3	3,103466E+0	1,676562E+3	-1,523879E+0	1,676562E+3	2,831083E+0	1,676562E+3	-1,180240E+0	1,676562E+3	2,743179E+0	1,676562E+3	-9,886192E-1
1,678125E+3	3,023733E+0	1,678125E+3	-3,277599E+0	1,678125E+3	3,047833E+0	1,678125E+3	-3,250297E+0	1,678125E+3	3,116760E+0	1,678125E+3	-3,154389E+0	1,678125E+3	3,243353E+0	1,678125E+3	-2,581357E+0	1,678125E+3	3,047359E+0	1,678125E+3	-1,516442E+0	1,678125E+3	2,847010E+0	1,678125E+3	-1,173448E+0	1,678125E+3	2,697900E+0	1,678125E+3	-9,982449E-1
1,679687E+3	2,986997E+0	1,679687E+3	-3,251218E+0	1,679687E+3	3,030414E+0	1,679687E+3	-3,246696E+0	1,679687E+3	3,080094E+0	1,679687E+3	-3,112374E+0	1,679687E+3	3,228087E+0	1,679687E+3	-2,577509E+0	1,679687E+3	3,070227E+0	1,679687E+3	-1,534946E+0	1,679687E+3	2,836924E+0	1,679687E+3	-1,112711E+0	1,679687E+3	2,713221E+0	1,679687E+3	-9,916868E-1
1,681250E+3	3,020204E+0	1,681250E+3	-3,262318E+0	1,681250E+3	3,009301E+0	1,681250E+3	-3,236585E+0	1,681250E+3	3,059280E+0	1,681250E+3	-3,123365E+0	1,681250E+3	3,199876E+0	1,681250E+3	-2,599832E+0	1,681250E+3	3,062876E+0	1,681250E+3	-1,574472E+0	1,681250E+3	2,866886E+0	1,681250E+3	-1,098696E+0	1,681250E+3	2,745246E+0	1,681250E+3	-9,711235E-1
1,682812E+3	2,941376E+0	1,682812E+3	-3,250224E+0	1,682812E+3	2,950842E+0	1,682812E+3	-3,241527E+0	1,682812E+3	2,995505E+0	1,682812E+3	-3,100007E+0	1,682812E+3	3,121708E+0	1,682812E+3	-2,625960E+0	1,682812E+3	3,040039E+0	1,682812E+3	-1,548549E+0	1,682812E+3	2,864348E+0	1,682812E+3	-1,162161E+0	1,682812E+3	2,734878E+0	1,682812E+3	-1,014417E+0
1,684375E+3	2,912650E+0	1,684375E+3	-3,276300E+0	1,684375E+3	2,917092E+0	1,684375E+3	-3,213438E+0	1,684375E+3	2,969026E+0	1,684375E+3	-3,076606E+0	1,684375E+3	3,115042E+0	1,684375E+3	-2,599473E+0	1,684375E+3	3,047427E+0	1,684375E+3	-1,542845E+0	1,684375E+3	2,831116E+0	1,684375E+3	-1,181485E+0	1,684375E+3	2,742225E+0	1,684375E+3	-9,996707E-1
1,685937E+3	2,873391E+0	1,685937E+3	-3,231519E+0	1,685937E+3	2,877694E+0	1,685937E+3	-3,202150E+0	1,685937E+3	2,955387E+0	1,685937E+3	-3,063069E+0	1,685937E+3	3,173808E+0	1,685937E+3	-2,583237E+0	1,685937E+3	3,015655E+0	1,685937E+3	-1,541295E+0	1,685937E+3	2,805218E+0	1,685937E+3	-1,157242E+0	1,685937E+3	2,704974E+0	1,685937E+3	-9,927838E-1
1,687500E+3	2,851832E+0	1,687500E+3	-3,216341E+0	1,687500E+3	2,839511E+0	1,687500E+3	-3,195490E+0	1,687500E+3	2,868772E+0	1,687500E+3	-3,079259E+0	1,687500E+3	3,079241E+0	1,687500E+3	-2,583790E+0	1,687500E+3	3,002048E+0	1,687500E+3	-1,530132E+0	1,687500E+3	2,839995E+0	1,687500E+3	-1,157433E+0	1,687500E+3	2,721895E+0	1,687500E+3	-1,035142E+0
1,689062E+3	2,814541E+0	1,689062E+3	-3,188261E+0	1,689062E+3	2,811349E+0	1,689062E+3	-3,216554E+0	1,689062E+3	2,860341E+0	1,689062E+3	-3,097439E+0	1,689062E+3	3,049074E+0	1,689062E+3	-2,603363E+0	1,689062E+3	3,038629E+0	1,689062E+3	-1,495415E+0	1,689062E+3	2,823257E+0	1,689062E+3	-1,148531E+0	1,689062E+3	2,731173E+0	1,689062E+3	-1,010519E+0
1,690625E+3	2,767430E+0	1,690625E+3	-3,133034E+0	1,690625E+3	2,772938E+0	1,690625E+3	-3,200050E+0	1,690625E+3	2,805379E+0	1,690625E+3	-3,097692E+0	1,690625E+3	3,056751E+0	1,690625E+3	-2,594492E+0	1,690625E+3	2,992454E+0	1,690625E+3	-1,551429E+0	1,690625E+3	2,799191E+0	1,690625E+3	-1,129310E+0	1,690625E+3	2,707679E+0	1,690625E+3	-9,930191E-1
1,692187E+3	2,739128E+0	1,692187E+3	-3,135597E+0	1,692187E+3	2,730946E+0	1,692187E+3	-3,182768E+0	1,692187E+3	2,812309E+0	1,692187E+3	-3,025387E+0	1,692187E+3	3,010838E+0	1,692187E+3	-2,572057E+0	1,692187E+3	2,970879E+0	1,692187E+3	-1,553612E+0	1,692187E+3	2,789758E+0	1,692187E+3	-1,158067E+0	1,692187E+3	2,725539E+0	1,692187E+3	-9,746814E-1
1,693750E+3	2,681184E+0	1,693750E+3	-3,123723E+0	1,693750E+3	2,672716E+0	1,693750E+3	-3,140504E+0	1,693750E+3	2,738047E+0	1,693750E+3	-3,033257E+0	1,693750E+3	2,994692E+0	1,693750E+3	-2,561621E+0	1,693750E+3	3,007895E+0	1,693750E+3	-1,569884E+0	1,693750E+3	2,806529E+0	1,693750E+3	-1,198929E+0	1,693750E+3	2,721630E+0	1,693750E+3	-9,811285E-1
1,695312E+3	2,650220E+0	1,695312E+3	-3,161853E+0	1,695312E+3	2,658496E+0	1,695312E+3	-3,121433E+0	1,695312E+3	2,730317E+0	1,695312E+3	-3,013402E+0	1,695312E+3	2,912150E+0	1,695312E+3	-2,586906E+0	1,695312E+3	2,992109E+0	1,695312E+3	-1,513598E+0	1,695312E+3	2,809483E+0	1,695312E+3	-1,206432E+0	1,695312E+3	2,727229E+0	1,695312E+3	-1,005785E+0
1,696875E+3	2,591475E+0	1,696875E+3	-3,177129E+0	1,696875E+3	2,629394E+0	1,696875E+3	-3,104753E+0	1,696875E+3	2,699771E+0	1,696875E+3	-3,002225E+0	1,696875E+3	2,962986E+0	1,696875E+3	-2,585399E+0	1,696875E+3	2,926470E+0	1,696875E+3	-1,546547E+0	1,696875E+3	2,809063E+0	1,696875E+3	-1,189642E+0	1,696875E+3	2,700463E+0	1,696875E+3	-1,017159E+0
1,698437E+3	2,581550E+0	1,698437E+3	-3,126320E+0	1,698437E+3	2,593942E+0	1,698437E+3	-3,116352E+0	1,698437E+3	2,681323E+0	1,698437E+3	-3,007102E+0	1,698437E+3	2,850674E+0	1,698437E+3	-2,587125E+0	1,698437E+3	2,934332E+0	1,698437E+3	-1,556636E+0	1,698437E+3	2,783227E+0	1,698437E+3	-1,165781E+0	1,698437E+3	2,706900E+0	1,698437E+3	-9,969969E-1
1,700000E+3	2,531754E+0	1,700000E+3	-3,086947E+0	1,700000E+3	2,538671E+0	1,700000E+3	-3,071380E+0	1,700000E+3	2,626136E+0	1,700000E+3	-2,999360E+0	1,700000E+3	2,882869E+0	1,700000E+3	-2,550106E+0	1,700000E+3	2,890208E+0	1,700000E+3	-1,590420E+0	1,700000E+3	2,788153E+0	1,700000E+3	-1,179623E+0	1,700000E+3	2,723798E+0	1,700000E+3	-9,854184E-1
1,701562E+3	2,513868E+0	1,701562E+3	-3,114477E+0	1,701562E+3	2,539841E+0	1,701562E+3	-3,049975E+0	1,701562E+3	2,587679E+0	1,701562E+3	-2,975595E+0	1,701562E+3	2,853592E+0	1,701562E+3	-2,554748E+0	1,701562E+3	2,904124E+0	1,701562E+3	-1,602860E+0	1,701562E+3	2,780215E+0	1,701562E+3	-1,220531E+0	1,701562E+3	2,735149E+0	1,701562E+3	-9,886152E-1
1,703125E+3	2,466436E+0	1,703125E+3	-3,084544E+0	1,703125E+3	2,504021E+0	1,703125E+3	-3,078506E+0	1,703125E+3	2,568499E+0	1,703125E+3	-2,988127E+0	1,703125E+3	2,787603E+0	1,703125E+3	-2,537879E+0	1,703125E+3	2,876217E+0	1,703125E+3	-1,569497E+0	1,703125E+3	2,806630E+0	1,703125E+3	-1,202450E+0	1,703125E+3	2,706255E+0	1,703125E+3	-9,738664E-1
1,704687E+3	2,431300E+0	1,704687E+3	-3,055667E+0	1,704687E+3	2,443467E+0	1,704687E+3	-3,058748E+0	1,704687E+3	2,518124E+0	1,704687E+3	-2,971026E+0	1,704687E+3	2,791448E+0	1,704687E+3	-2,551590E+0	1,704687E+3	2,885876E+0	1,704687E+3	-1,579844E+0	1,704687E+3	2,798844E+0	1,704687E+3	-1,190253E+0	1,704687E+3	2,682033E+0	1,704687E+3	-9,592075E-1
1,706250E+3	2,418360E+0	1,706250E+3	-3,047282E+0	1,706250E+3	2,417747E+0	1,706250E+3	-3,050249E+0	1,706250E+3	2,471827E+0	1,706250E+3	-2,947797E+0	1,706250E+3	2,765452E+0	1,706250E+3	-2,535808E+0	1,706250E+3	2,907793E+0	1,706250E+3	-1,590815E+0	1,706250E+3	2,766324E+0	1,706250E+3	-1,220125E+0	1,706250E+3	2,702599E+0	1,706250E+3	-9,608543E-1
1,707812E+3	2,385178E+0	1,707812E+3	-3,025704E+0	1,707812E+3	2,422970E+0	1,707812E+3	-3,027771E+0	1,707812E+3	2,492054E+0	1,707812E+3	-2,920845E+0	1,707812E+3	2,742254E+0	1,707812E+3	-2,506649E+0	1,707812E+3	2,868020E+0	1,707812E+3	-1,566346E+0	1,707812E+3	2,752549E+0	1,707812E+3	-1,181009E+0	1,707812E+3	2,695825E+0	1,707812E+3	-9,663678E-1
1,709375E+3	2,377929E+0	1,709375E+3	-3,028996E+0	1,709375E+3	2,388936E+0	1,709375E+3	-2,997562E+0	1,709375E+3	2,431241E+0	1,709375E+3	-2,905433E+0	1,709375E+3	2,704433E+0	1,709375E+3	-2,536301E+0	1,709375E+3	2,820305E+0	1,709375E+3	-1,584256E+0	1,709375E+3	2,746790E+0	1,709375E+3	-1,150649E+0	1,709375E+3	2,689941E+0	1,709375E+3	-9,697857E-1
1,710937E+3	2,328729E+0	1,710937E+3	-2,981590E+0	1,710937E+3	2,341193E+0	1,710937E+3	-2,982455E+0	1,710937E+3	2,428347E+0	1,710937E+3	-2,903269E+0	1,710937E+3	2,695368E+0	1,710937E+3	-2,520526E+0	1,710937E+3	2,832889E+0	1,710937E+3	-1,556898E+0	1,710937E+3	2,731418E+0	1,710937E+3	-1,173144E+0	1,710937E+3	2,664010E+0	1,710937E+3	-9,776026E-1
1,712500E+3	2,336808E+0	1,712500E+3	-2,976666E+0	1,712500E+3	2,329118E+0	1,712500E+3	-2,947117E+0	1,712500E+3	2,390574E+0	1,712500E+3	-2,871583E+0	1,712500E+3	2,665909E+0	1,712500E+3	-2,502556E+0	1,712500E+3	2,837484E+0	1,712500E+3	-1,542416E+0	1,712500E+3	2,712574E+0	1,712500E+3	-1,187596E+0	1,712500E+3	2,677256E+0	1,712500E+3	-9,671161E-1
1,714062E+3	2,284850E+0	1,714062E+3	-2,957282E+0	1,714062E+3	2,297372E+0	1,714062E+3	-2,939079E+0	1,714062E+3	2,361512E+0	1,714062E+3	-2,858227E+0	1,714062E+3	2,611622E+0	1,714062E+3	-2,515632E+0	1,714062E+3	2,834917E+0	1,714062E+3	-1,600922E+0	1,714062E+3	2,719288E+0	1,714062E+3	-1,178040E+0	1,714062E+3	2,659509E+0	1,714062E+3	-9,908886E-1
1,715625E+3	2,245727E+0	1,715625E+3	-2,955536E+0	1,715625E+3	2,276185E+0	1,715625E+3	-2,943822E+0	1,715625E+3	2,331450E+0	1,715625E+3	-2,832107E+0	1,715625E+3	2,619821E+0	1,715625E+3	-2,500201E+0	1,715625E+3	2,829618E+0	1,715625E+3	-1,578019E+0	1,715625E+3	2,719544E+0	1,715625E+3	-1,172862E+0	1,715625E+3	2,686020E+0	1,715625E+3	-9,844581E-1
1,717187E+3	2,228946E+0	1,717187E+3	-2,919818E+0	1,717187E+3	2,253230E+0	1,717187E+3	-2,922960E+0	1,717187E+3	2,336202E+0	1,717187E+3	-2,832473E+0	1,717187E+3	2,568484E+0	1,717187E+3	-2,457367E+0	1,717187E+3	2,768590E+0	1,717187E+3	-1,651058E+0	1,717187E+3	2,704842E+0	1,717187E+3	-1,158664E+0	1,717187E+3	2,696018E+0	1,717187E+3	-9,720385E-1
1,718750E+3	2,211583E+0	1,718750E+3	-2,892620E+0	1,718750E+3	2,205048E+0	1,718750E+3	-2,900387E+0	1,718750E+3	2,298810E+0	1,718750E+3	-2,807496E+0	1,718750E+3	2,561450E+0	1,718750E+3	-2,435542E+0	1,718750E+3	2,773752E+0	1,718750E+3	-1,583239E+0	1,718750E+3	2,749389E+0	1,718750E+3	-1,160378E+0	1,718750E+3	2,688429E+0	1,718750E+3	-9,759040E-1
1,720312E+3	2,175993E+0	1,720312E+3	-2,896685E+0	1,720312E+3	2,178801E+0	1,720312E+3	-2,880539E+0	1,720312E+3	2,278715E+0	1,720312E+3	-2,826892E+0	1,720312E+3	2,535720E+0	1,720312E+3	-2,440497E+0	1,720312E+3	2,777311E+0	1,720312E+3	-1,570257E+0	1,720312E+3	2,699767E+0	1,720312E+3	-1,181980E+0	1,720312E+3	2,671901E+0	1,720312E+3	-9,951019E-1
1,721875E+3	2,175323E+0	1,721875E+3	-2,878946E+0	1,721875E+3	2,144733E+0	1,721875E+3	-2,849489E+0	1,721875E+3	2,212139E+0	1,721875E+3	-2,775842E+0	1,721875E+3	2,520741E+0	1,721875E+3	-2,479774E+0	1,721875E+3	2,778358E+0	1,721875E+3	-1,570376E+0	1,721875E+3	2,708565E+0	1,721875E+3	-1,176716E+0	1,721875E+3	2,650409E+0	1,721875E+3	-9,615866E-1
1,723437E+3	2,142411E+0	1,723437E+3	-2,875152E+0	1,723437E+3	2,165494E+0	1,723437E+3	-2,852367E+0	1,723437E+3	2,198203E+0	1,723437E+3	-2,784138E+0	1,723437E+3	2,487955E+0	1,723437E+3	-2,469801E+0	1,723437E+3	2,762453E+0	1,723437E+3	-1,575517E+0	1,723437E+3	2,689245E+0	1,723437E+3	-1,197203E+0	1,723437E+3	2,645888E+0	1,723437E+3	-9,577808E-1
1,725000E+3	2,098737E+0	1,725000E+3	-2,849084E+0	1,725000E+3	2,100583E+0	1,725000E+3	-2,797445E+0	1,725000E+3	2,180833E+0	1,725000E+3	-2,745801E+0	1,725000E+3	2,447124E+0	1,725000E+3	-2,464391E+0	1,725000E+3	2,764075E+0	1,725000E+3	-1,585669E+0	1,725000E+3	2,698412E+0	1,725000E+3	-1,177184E+0	1,725000E+3	2,669579E+0	1,725000E+3	-9,668298E-1
1,726562E+3	2,104173E+0	1,726562E+3	-2,822594E+0	1,726562E+3	2,095688E+0	1,726562E+3	-2,805883E+0	1,726562E+3	2,170962E+0	1,726562E+3	-2,741076E+0	1,726562E+3	2,448859E+0	1,726562E+3	-2,439910E+0	1,726562E+3	2,723396E+0	1,726562E+3	-1,599792E+0	1,726562E+3	2,709381E+0	1,726562E+3	-1,189259E+0	1,726562E+3	2,674666E+0	1,726562E+3	-9,556995E-1
1,728125E+3	2,095357E+0	1,728125E+3	-2,819901E+0	1,728125E+3	2,095158E+0	1,728125E+3	-2,783087E+0	1,728125E+3	2,145191E+0	1,728125E+3	-2,726073E+0	1,728125E+3	2,450079E+0	1,728125E+3	-2,406636E+0	1,728125E+3	2,691734E+0	1,728125E+3	-1,593587E+0	1,728125E+3	2,664372E+0	1,728125E+3	-1,185419E+0	1,728125E+3	2,667125E+0	1,728125E+3	-9,500067E-1
1,729687E+3	2,036384E+0	1,729687E+3	-2,790168E+0	1,729687E+3	2,031635E+0	1,729687E+3	-2,760323E+0	1,729687E+3	2,125694E+0	1,729687E+3	-2,689127E+0	1,729687E+3	2,394515E+0	1,729687E+3	-2,398265E+0	1,729687E+3	2,686746E+0	1,729687E+3	-1,609091E+0	1,729687E+3	2,664364E+0	1,729687E+3	-1,181100E+0	1,729687E+3	2,661097E+0	1,729687E+3	-9,712671E-1
1,731250E+3	2,030377E+0	1,731250E+3	-2,776897E+0	1,731250E+3	2,026942E+0	1,731250E+3	-2,755806E+0	1,731250E+3	2,098703E+0	1,731250E+3	-2,694192E+0	1,731250E+3	2,384223E+0	1,731250E+3	-2,426709E+0	1,731250E+3	2,653642E+0	1,731250E+3	-1,586435E+0	1,731250E+3	2,679673E+0	1,731250E+3	-1,170413E+0	1,731250E+3	2,665742E+0	1,731250E+3	-9,945474E-1
1,732812E+3	2,017575E+0	1,732812E+3	-2,718819E+0	1,732812E+3	2,018231E+0	1,732812E+3	-2,732264E+0	1,732812E+3	2,062487E+0	1,732812E+3	-2,691755E+0	1,732812E+3	2,351088E+0	1,732812E+3	-2,414113E+0	1,732812E+3	2,652835E+0	1,732812E+3	-1,590039E+0	1,732812E+3	2,655663E+0	1,732812E+3	-1,178770E+0	1,732812E+3	2,641518E+0	1,732812E+3	-9,791872E-1
1,734375E+3	1,974796E+0	1,734375E+3	-2,723944E+0	1,734375E+3	1,973126E+0	1,734375E+3	-2,713606E+0	1,734375E+3	2,038831E+0	1,734375E+3	-2,684302E+0	1,734375E+3	2,319820E+0	1,734375E+3	-2,388790E+0	1,734375E+3	2,627886E+0	1,734375E+3	-1,584669E+0	1,734375E+3	2,643389E+0	1,734375E+3	-1,133704E+0	1,734375E+3	2,642617E+0	1,734375E+3	-9,643631E-1
1,735937E+3	1,941112E+0	1,735937E+3	-2,701806E+0	1,735937E+3	1,975105E+0	1,735937E+3	-2,695917E+0	1,735937E+3	2,027827E+0	1,735937E+3	-2,640121E+0	1,735937E+3	2,298050E+0	1,735937E+3	-2,370436E+0	1,735937E+3	2,628994E+0	1,735937E+3	-1,576824E+0	1,735937E+3	2,623218E+0	1,735937E+3	-1,146340E+0	1,735937E+3	2,631344E+0	1,735937E+3	-9,468215E-1
1,737500E+3	1,859933E+0	1,737500E+3	-2,621599E+0	1,737500E+3	1,947325E+0	1,737500E+3	-2,650931E+0	1,737500E+3	2,009334E+0	1,737500E+3	-2,623069E+0	1,737500E+3	2,276881E+0	1,737500E+3	-2,351347E+0	1,737500E+3	2,601140E+0	1,737500E+3	-1,571620E+0	1,737500E+3	2,615057E+0	1,737500E+3	-1,158090E+0	1,737500E+3	2,658165E+0	1,737500E+3	-9,276749E-1
1,739062E+3	1,865723E+0	1,739062E+3	-2,641390E+0	1,739062E+3	1,876408E+0	1,739062E+3	-2,627282E+0	1,739062E+3	1,977750E+0	1,739062E+3	-2,608208E+0	1,739062E+3	2,250315E+0	1,739062E+3	-2,344950E+0	1,739062E+3	2,592945E+0	1,739062E+3	-1,597162E+0	1,739062E+3	2,611077E+0	1,739062E+3	-1,173774E+0	1,739062E+3	2,634301E+0	1,739062E+3	-9,299308E-1
1,740625E+3	1,913786E+0	1,740625E+3	-2,655381E+0	1,740625E+3	1,935818E+0	1,740625E+3	-2,659200E+0	1,740625E+3	1,976191E+0	1,740625E+3	-2,590234E+0	1,740625E+3	2,255312E+0	1,740625E+3	-2,334262E+0	1,740625E+3	2,582067E+0	1,740625E+3	-1,545055E+0	1,740625E+3	2,586470E+0	1,740625E+3	-1,156455E+0	1,740625E+3	2,623036E+0	1,740625E+3	-9,396640E-1
1,742187E+3	1,995275E+0	1,742187E+3	-2,669531E+0	1,742187E+3	1,905926E+0	1,742187E+3	-2,636119E+0	1,742187E+3	1,956123E+0	1,742187E+3	-2,570887E+0	1,742187E+3	2,222947E+0	1,742187E+3	-2,318024E+0	1,742187E+3	2,570627E+0	1,742187E+3	-1,582447E+0	1,742187E+3	2,609534E+0	1,742187E+3	-1,184182E+0	1,742187E+3	2,644683E+0	1,742187E+3	-9,348603E-1
1,743750E+3	1,856464E+0	1,743750E+3	-2,596517E+0	1,743750E+3	1,874951E+0	1,743750E+3	-2,631791E+0	1,743750E+3	1,927429E+0	1,743750E+3	-2,561498E+0	1,743750E+3	2,204538E+0	1,743750E+3	-2,321973E+0	1,743750E+3	2,553360E+0	1,743750E+3	-1,551209E+0	1,743750E+3	2,629166E+0	1,743750E+3	-1,166640E+0	1,743750E+3	2,612271E+0	1,743750E+3	-9,533826E-1
1,745312E+3	1,822439E+0	1,745312E+3	-2,578950E+0	1,745312E+3	1,847805E+0	1,745312E+3	-2,582632E+0	1,745312E+3	1,899895E+0	1,745312E+3	-2,525375E+0	1,745312E+3	2,201952E+0	1,745312E+3	-2,309766E+0	1,745312E+3	2,544031E+0	1,745312E+3	-1,533055E+0	1,745312E+3	2,606659E+0	1,745312E+3	-1,143379E+0	1,745312E+3	2,602996E+0	1,745312E+3	-9,388482E-1
1,746875E+3	1,838520E+0	1,746875E+3	-2,573061E+0	1,746875E+3	1,825077E+0	1,746875E+3	-2,568735E+0	1,746875E+3	1,882648E+0	1,746875E+3	-2,501935E+0	1,746875E+3	2,150255E+0	1,746875E+3	-2,281809E+0	1,746875E+3	2,544696E+0	1,746875E+3	-1,566816E+0	1,746875E+3	2,576715E+0	1,746875E+3	-1,136241E+0	1,746875E+3	2,608829E+0	1,746875E+3	-9,083143E-1
1,748437E+3	1,813979E+0	1,748437E+3	-2,563398E+0	1,748437E+3	1,811257E+0	1,748437E+3	-2,563931E+0	1,748437E+3	1,885664E+0	1,748437E+3	-2,504291E+0	1,748437E+3	2,133935E+0	1,748437E+3	-2,288713E+0	1,748437E+3	2,506255E+0	1,748437E+3	-1,594081E+0	1,748437E+3	2,568012E+0	1,748437E+3	-1,148726E+0	1,748437E+3	2,582694E+0	1,748437E+3	-9,157755E-1
1,750000E+3	1,786981E+0	1,750000E+3	-2,514981E+0	1,750000E+3	1,779970E+0	1,750000E+3	-2,529260E+0	1,750000E+3	1,861904E+0	1,750000E+3	-2,485306E+0	1,750000E+3	2,113555E+0	1,750000E+3	-2,283463E+0	1,750000E+3	2,501191E+0	1,750000E+3	-1,619151E+0	1,750000E+3	2,583879E+0	1,750000E+3	-1,172427E+0	1,750000E+3	2,600717E+0	1,750000E+3	-9,409521E-1
1,751562E+3	1,762207E+0	1,751562E+3	-2,505832E+0	1,751562E+3	1,786806E+0	1,751562E+3	-2,501266E+0	1,751562E+3	1,844704E+0	1,751562E+3	-2,464753E+0	1,751562E+3	2,095314E+0	1,751562E+3	-2,281953E+0	1,751562E+3	2,477351E+0	1,751562E+3	-1,527904E+0	1,751562E+3	2,554373E+0	1,751562E+3	-1,168602E+0	1,751562E+3	2,606727E+0	1,751562E+3	-9,369773E-1
1,753125E+3	1,757153E+0	1,753125E+3	-2,478356E+0	1,753125E+3	1,748309E+0	1,753125E+3	-2,486549E+0	1,753125E+3	1,821658E+0	1,753125E+3	-2,435554E+0	1,753125E+3	2,079206E+0	1,753125E+3	-2,251048E+0	1,753125E+3	2,460742E+0	1,753125E+3	-1,544981E+0	1,753125E+3	2,511408E+0	1,753125E+3	-1,142682E+0	1,753125E+3	2,613366E+0	1,753125E+3	-9,382696E-1
1,754687E+3	1,755441E+0	1,754687E+3	-2,473732E+0	1,754687E+3	1,729742E+0	1,754687E+3	-2,491645E+0	1,754687E+3	1,791928E+0	1,754687E+3	-2,428663E+0	1,754687E+3	2,058136E+0	1,754687E+3	-2,220339E+0	1,754687E+3	2,470116E+0	1,754687E+3	-1,561986E+0	1,754687E+3	2,528393E+0	1,754687E+3	-1,157678E+0	1,754687E+3	2,604025E+0	1,754687E+3	-9,203753E-1
1,756250E+3	1,705920E+0	1,756250E+3	-2,489231E+0	1,756250E+3	1,725630E+0	1,756250E+3	-2,478134E+0	1,756250E+3	1,776507E+0	1,756250E+3	-2,415942E+0	1,756250E+3	2,055670E+0	1,756250E+3	-2,208711E+0	1,756250E+3	2,431372E+0	1,756250E+3	-1,533566E+0	1,756250E+3	2,532378E+0	1,756250E+3	-1,157385E+0	1,756250E+3	2,579894E+0	1,756250E+3	-9,031450E-1
1,757812E+3	1,692460E+0	1,757812E+3	-2,434228E+0	1,757812E+3	1,691646E+0	1,757812E+3	-2,445876E+0	1,757812E+3	1,784732E+0	1,757812E+3	-2,393595E+0	1,757812E+3	2,068441E+0	1,757812E+3	-2,190317E+0	1,757812E+3	2,439346E+0	1,757812E+3	-1,524212E+0	1,757812E+3	2,494925E+0	1,757812E+3	-1,121712E+0	1,757812E+3	2,593500E+0	1,757812E+3	-8,752573E-1
1,759375E+3	1,656489E+0	1,759375E+3	-2,415938E+0	1,759375E+3	1,670861E+0	1,759375E+3	-2,420560E+0	1,759375E+3	1,745770E+0	1,759375E+3	-2,366255E+0	1,759375E+3	2,023967E+0	1,759375E+3	-2,172294E+0	1,759375E+3	2,433343E+0	1,759375E+3	-1,523104E+0	1,759375E+3	2,530807E+0	1,759375E+3	-1,140288E+0	1,759375E+3	2,576795E+0	1,759375E+3	-8,919615E-1
1,760937E+3	1,664683E+0	1,760937E+3	-2,410129E+0	1,760937E+3	1,678819E+0	1,760937E+3	-2,403267E+0	1,760937E+3	1,737774E+0	1,760937E+3	-2,364911E+0	1,760937E+3	2,025413E+0	1,760937E+3	-2,144341E+0	1,760937E+3	2,431714E+0	1,760937E+3	-1,530934E+0	1,760937E+3	2,542661E+0	1,760937E+3	-1,133720E+0	1,760937E+3	2,567642E+0	1,760937E+3	-9,190399E-1
1,762500E+3	1,632048E+0	1,762500E+3	-2,410109E+0	1,762500E+3	1,662037E+0	1,762500E+3	-2,381884E+0	1,762500E+3	1,719561E+0	1,762500E+3	-2,338495E+0	1,762500E+3	1,995268E+0	1,762500E+3	-2,117099E+0	1,762500E+3	2,425685E+0	1,762500E+3	-1,497345E+0	1,762500E+3	2,562247E+0	1,762500E+3	-1,070662E+0	1,762500E+3	2,587349E+0	1,762500E+3	-8,960260E-1
1,764062E+3	1,644716E+0	1,764062E+3	-2,378559E+0	1,764062E+3	1,643111E+0	1,764062E+3	-2,363690E+0	1,764062E+3	1,706981E+0	1,764062E+3	-2,334135E+0	1,764062E+3	1,975713E+0	1,764062E+3	-2,128899E+0	1,764062E+3	2,413918E+0	1,764062E+3	-1,509600E+0	1,764062E+3	2,544105E+0	1,764062E+3	-1,127524E+0	1,764062E+3	2,545077E+0	1,764062E+3	-9,159791E-1
1,765625E+3	1,631355E+0	1,765625E+3	-2,356297E+0	1,765625E+3	1,632915E+0	1,765625E+3	-2,347973E+0	1,765625E+3	1,693088E+0	1,765625E+3	-2,310854E+0	1,765625E+3	1,957799E+0	1,765625E+3	-2,133656E+0	1,765625E+3	2,379985E+0	1,765625E+3	-1,529914E+0	1,765625E+3	2,528333E+0	1,765625E+3	-1,174719E+0	1,765625E+3	2,524440E+0	1,765625E+3	-9,088808E-1
1,767187E+3	1,600025E+0	1,767187E+3	-2,299347E+0	1,767187E+3	1,619781E+0	1,767187E+3	-2,327701E+0	1,767187E+3	1,665665E+0	1,767187E+3	-2,295769E+0	1,767187E+3	1,921730E+0	1,767187E+3	-2,136155E+0	1,767187E+3	2,383628E+0	1,767187E+3	-1,518227E+0	1,767187E+3	2,510362E+0	1,767187E+3	-1,157335E+0	1,767187E+3	2,521259E+0	1,767187E+3	-8,862650E-1
1,768750E+3	1,579108E+0	1,768750E+3	-2,286666E+0	1,768750E+3	1,622179E+0	1,768750E+3	-2,308602E+0	1,768750E+3	1,669617E+0	1,768750E+3	-2,277134E+0	1,768750E+3	1,926487E+0	1,768750E+3	-2,100164E+0	1,768750E+3	2,405226E+0	1,768750E+3	-1,520630E+0	1,768750E+3	2,500568E+0	1,768750E+3	-1,120682E+0	1,768750E+3	2,526532E+0	1,768750E+3	-8,922004E-1
1,770312E+3	1,566483E+0	1,770312E+3	-2,281024E+0	1,770312E+3	1,589720E+0	1,770312E+3	-2,279013E+0	1,770312E+3	1,655753E+0	1,770312E+3	-2,255500E+0	1,770312E+3	1,878904E+0	1,770312E+3	-2,092955E+0	1,770312E+3	2,392671E+0	1,770312E+3	-1,492286E+0	1,770312E+3	2,443219E+0	1,770312E+3	-1,139286E+0	1,770312E+3	2,574825E+0	1,770312E+3	-9,095494E-1
1,771875E+3	1,565186E+0	1,771875E+3	-2,260172E+0	1,771875E+3	1,569959E+0	1,771875E+3	-2,252030E+0	1,771875E+3	1,622477E+0	1,771875E+3	-2,230588E+0	1,771875E+3	1,890842E+0	1,771875E+3	-2,089866E+0	1,771875E+3	2,383831E+0	1,771875E+3	-1,491601E+0	1,771875E+3	2,449213E+0	1,771875E+3	-1,105148E+0	1,771875E+3	2,595806E+0	1,771875E+3	-8,899000E-1
1,773437E+3	1,555185E+0	1,773437E+3	-2,258789E+0	1,773437E+3	1,554690E+0	1,773437E+3	-2,246038E+0	1,773437E+3	1,608219E+0	1,773437E+3	-2,217716E+0	1,773437E+3	1,871323E+0	1,773437E+3	-2,077697E+0	1,773437E+3	2,356752E+0	1,773437E+3	-1,490906E+0	1,773437E+3	2,484028E+0	1,773437E+3	-1,104100E+0	1,773437E+3	2,590014E+0	1,773437E+3	-8,845068E-1
1,775000E+3	1,568216E+0	1,775000E+3	-2,233850E+0	1,775000E+3	1,547818E+0	1,775000E+3	-2,221481E+0	1,775000E+3	1,596225E+0	1,775000E+3	-2,209100E+0	1,775000E+3	1,889880E+0	1,775000E+3	-2,043062E+0	1,775000E+3	2,328158E+0	1,775000E+3	-1,522737E+0	1,775000E+3	2,419771E+0	1,775000E+3	-1,110221E+0	1,775000E+3	2,562518E+0	1,775000E+3	-8,636659E-1
1,776562E+3	1,543442E+0	1,776562E+3	-2,214519E+0	1,776562E+3	1,526414E+0	1,776562E+3	-2,217739E+0	1,776562E+3	1,592686E+0	1,776562E+3	-2,188816E+0	1,776562E+3	1,828845E+0	1,776562E+3	-2,018714E+0	1,776562E+3	2,296189E+0	1,776562E+3	-1,521977E+0	1,776562E+3	2,424562E+0	1,776562E+3	-1,115330E+0	1,776562E+3	2,532153E+0	1,776562E+3	-8,872292E-1
1,778125E+3	1,516482E+0	1,778125E+3	-2,215028E+0	1,778125E+3	1,520142E+0	1,778125E+3	-2,190402E+0	1,778125E+3	1,576497E+0	1,778125E+3	-2,176329E+0	1,778125E+3	1,841587E+0	1,778125E+3	-1,999105E+0	1,778125E+3	2,263175E+0	1,778125E+3	-1,482887E+0	1,778125E+3	2,458677E+0	1,778125E+3	-1,110764E+0	1,778125E+3	2,525496E+0	1,778125E+3	-8,895300E-1
1,779687E+3	1,501322E+0	1,779687E+3	-2,211920E+0	1,779687E+3	1,498474E+0	1,779687E+3	-2,173234E+0	1,779687E+3	1,565021E+0	1,779687E+3	-2,153537E+0	1,779687E+3	1,841918E+0	1,779687E+3	-2,008261E+0	1,779687E+3	2,305127E+0	1,779687E+3	-1,455924E+0	1,779687E+3	2,464962E+0	1,779687E+3	-1,113848E+0	1,779687E+3	2,560322E+0	1,779687E+3	-8,871744E-1
1,781250E+3	1,467624E+0	1,781250E+3	-2,177614E+0	1,781250E+3	1,495469E+0	1,781250E+3	-2,157668E+0	1,781250E+3	1,559813E+0	1,781250E+3	-2,128577E+0	1,781250E+3	1,791374E+0	1,781250E+3	-2,004197E+0	1,781250E+3	2,241901E+0	1,781250E+3	-1,462028E+0	1,781250E+3	2,416833E+0	1,781250E+3	-1,107880E+0	1,781250E+3	2,561565E+0	1,781250E+3	-8,753133E-1
1,782812E+3	1,445470E+0	1,782812E+3	-2,151991E+0	1,782812E+3	1,490599E+0	1,782812E+3	-2,137333E+0	1,782812E+3	1,534828E+0	1,782812E+3	-2,108781E+0	1,782812E+3	1,802954E+0	1,782812E+3	-1,977138E+0	1,782812E+3	2,254054E+0	1,782812E+3	-1,491436E+0	1,782812E+3	2,416488E+0	1,782812E+3	-1,101984E+0	1,782812E+3	2,542870E+0	1,782812E+3	-8,594354E-1
1,784375E+3	1,469778E+0	1,784375E+3	-2,125066E+0	1,784375E+3	1,479939E+0	1,784375E+3	-2,132450E+0	1,784375E+3	1,529093E+0	1,784375E+3	-2,101193E+0	1,784375E+3	1,794943E+0	1,784375E+3	-1,967997E+0	1,784375E+3	2,246516E+0	1,784375E+3	-1,500430E+0	1,784375E+3	2,437921E+0	1,784375E+3	-1,106558E+0	1,784375E+3	2,565132E+0	1,784375E+3	-8,483602E-1
1,785937E+3	1,458656E+0	1,785937E+3	-2,114883E+0	1,785937E+3	1,464621E+0	1,785937E+3	-2,116040E+0	1,785937E+3	1,515488E+0	1,785937E+3	-2,083190E+0	1,785937E+3	1,781628E+0	1,785937E+3	-1,918096E+0	1,785937E+3	2,260883E+0	1,785937E+3	-1,470907E+0	1,785937E+3	2,423559E+0	1,785937E+3	-1,141197E+0	1,785937E+3	2,546533E+0	1,785937E+3	-8,613435E-1
1,787500E+3	1,419559E+0	1,787500E+3	-2,113347E+0	1,787500E+3	1,450090E+0	1,787500E+3	-2,084813E+0	1,787500E+3	1,507337E+0	1,787500E+3	-2,066089E+0	1,787500E+3	1,753062E+0	1,787500E+3	-1,912536E+0	1,787500E+3	2,251902E+0	1,787500E+3	-1,440072E+0	1,787500E+3	2,417359E+0	1,787500E+3	-1,106861E+0	1,787500E+3	2,470600E+0	1,787500E+3	-8,437951E-1
1,789062E+3	1,419267E+0	1,789062E+3	-2,100860E+0	1,789062E+3	1,436251E+0	1,789062E+3	-2,067730E+0	1,789062E+3	1,487642E+0	1,789062E+3	-2,050565E+0	1,789062E+3	1,732535E+0	1,789062E+3	-1,937840E+0	1,789062E+3	2,225612E+0	1,789062E+3	-1,427052E+0	1,789062E+3	2,405474E+0	1,789062E+3	-1,064875E+0	1,789062E+3	2,473492E+0	1,789062E+3	-8,514593E-1
1,790625E+3	1,386589E+0	1,790625E+3	-2,077829E+0	1,790625E+3	1,421272E+0	1,790625E+3	-2,046920E+0	1,790625E+3	1,473300E+0	1,790625E+3	-2,029086E+0	1,790625E+3	1,742913E+0	1,790625E+3	-1,909179E+0	1,790625E+3	2,215225E+0	1,790625E+3	-1,395587E+0	1,790625E+3	2,391313E+0	1,790625E+3	-1,016792E+0	1,790625E+3	2,516885E+0	1,790625E+3	-8,450010E-1
1,792187E+3	1,395094E+0	1,792187E+3	-2,037673E+0	1,792187E+3	1,414549E+0	1,792187E+3	-2,024446E+0	1,792187E+3	1,467610E+0	1,792187E+3	-2,012033E+0	1,792187E+3	1,705324E+0	1,792187E+3	-1,902593E+0	1,792187E+3	2,223540E+0	1,792187E+3	-1,424307E+0	1,792187E+3	2,347534E+0	1,792187E+3	-1,039962E+0	1,792187E+3	2,530377E+0	1,792187E+3	-8,772938E-1
1,793750E+3	1,384143E+0	1,793750E+3	-2,024983E+0	1,793750E+3	1,413596E+0	1,793750E+3	-2,015335E+0	1,793750E+3	1,456806E+0	1,793750E+3	-1,985393E+0	1,793750E+3	1,688885E+0	1,793750E+3	-1,908373E+0	1,793750E+3	2,195841E+0	1,793750E+3	-1,423476E+0	1,793750E+3	2,385729E+0	1,793750E+3	-1,072623E+0	1,793750E+3	2,530106E+0	1,793750E+3	-8,598125E-1
1,795312E+3	1,410747E+0	1,795312E+3	-2,020013E+0	1,795312E+3	1,388376E+0	1,795312E+3	-2,003884E+0	1,795312E+3	1,447647E+0	1,795312E+3	-1,974494E+0	1,795312E+3	1,678609E+0	1,795312E+3	-1,872914E+0	1,795312E+3	2,150198E+0	1,795312E+3	-1,374233E+0	1,795312E+3	2,377703E+0	1,795312E+3	-1,082017E+0	1,795312E+3	2,549477E+0	1,795312E+3	-8,164635E-1
1,796875E+3	1,368512E+0	1,796875E+3	-1,999642E+0	1,796875E+3	1,366748E+0	1,796875E+3	-1,976117E+0	1,796875E+3	1,428928E+0	1,796875E+3	-1,958152E+0	1,796875E+3	1,679845E+0	1,796875E+3	-1,855093E+0	1,796875E+3	2,121306E+0	1,796875E+3	-1,398954E+0	1,796875E+3	2,351192E+0	1,796875E+3	-1,047309E+0	1,796875E+3	2,547818E+0	1,796875E+3	-8,209720E-1
1,798437E+3	1,326373E+0	1,798437E+3	-1,940117E+0	1,798437E+3	1,361639E+0	1,798437E+3	-1,959864E+0	1,798437E+3	1,436840E+0	1,798437E+3	-1,942255E+0	1,798437E+3	1,672960E+0	1,798437E+3	-1,831053E+0	1,798437E+3	2,173639E+0	1,798437E+3	-1,407863E+0	1,798437E+3	2,339201E+0	1,798437E+3	-1,025940E+0	1,798437E+3	2,518123E+0	1,798437E+3	-8,575224E-1
1,800000E+3	1,343248E+0	1,800000E+3	-1,937252E+0	1,800000E+3	1,351674E+0	1,800000E+3	-1,937365E+0	1,800000E+3	1,420162E+0	1,800000E+3	-1,920379E+0	1,800000E+3	1,667537E+0	1,800000E+3	-1,793852E+0	1,800000E+3	2,154095E+0	1,800000E+3	-1,371419E+0	1,800000E+3	2,341243E+0	1,800000E+3	-1,015445E+0	1,800000E+3	2,472229E+0	1,800000E+3	-9,111977E-1
1,801562E+3	1,371367E+0	1,801562E+3	-1,949645E+0	1,801562E+3	1,349454E+0	1,801562E+3	-1,924131E+0	1,801562E+3	1,400447E+0	1,801562E+3	-1,893184E+0	1,801562E+3	1,643105E+0	1,801562E+3	-1,787424E+0	1,801562E+3	2,101205E+0	1,801562E+3	-1,349764E+0	1,801562E+3	2,353782E+0	1,801562E+3	-1,014255E+0	1,801562E+3	2,461486E+0	1,801562E+3	-8,520321E-1
1,803125E+3	1,357541E+0	1,803125E+3	-1,927007E+0	1,803125E+3	1,350338E+0	1,803125E+3	-1,917110E+0	1,803125E+3	1,401423E+0	1,803125E+3	-1,881406E+0	1,803125E+3	1,618170E+0	1,803125E+3	-1,783402E+0	1,803125E+3	2,130670E+0	1,803125E+3	-1,379635E+0	1,803125E+3	2,323617E+0	1,803125E+3	-1,034580E+0	1,803125E+3	2,473392E+0	1,803125E+3	-8,366094E-1
1,804687E+3	1,324089E+0	1,804687E+3	-1,902723E+0	1,804687E+3	1,327069E+0	1,804687E+3	-1,901465E+0	1,804687E+3	1,379204E+0	1,804687E+3	-1,880091E+0	1,804687E+3	1,613188E+0	1,804687E+3	-1,744208E+0	1,804687E+3	2,120915E+0	1,804687E+3	-1,392862E+0	1,804687E+3	2,338347E+0	1,804687E+3	-1,034731E+0	1,804687E+3	2,488134E+0	1,804687E+3	-8,205200E-1
1,806250E+3	1,314791E+0	1,806250E+3	-1,878352E+0	1,806250E+3	1,307967E+0	1,806250E+3	-1,871807E+0	1,806250E+3	1,356227E+0	1,806250E+3	-1,860416E+0	1,806250E+3	1,586340E+0	1,806250E+3	-1,737156E+0	1,806250E+3	2,107529E+0	1,806250E+3	-1,382386E+0	1,806250E+3	2,360539E+0	1,806250E+3	-1,039563E+0	1,806250E+3	2,506064E+0	1,806250E+3	-8,297050E-1
1,807812E+3	1,300324E+0	1,807812E+3	-1,851988E+0	1,807812E+3	1,311817E+0	1,807812E+3	-1,840594E+0	1,807812E+3	1,354162E+0	1,807812E+3	-1,836623E+0	1,807812E+3	1,577216E+0	1,807812E+3	-1,738951E+0	1,807812E+3	2,124596E+0	1,807812E+3	-1,343849E+0	1,807812E+3	2,352987E+0	1,807812E+3	-1,027167E+0	1,807812E+3	2,507939E+0	1,807812E+3	-7,897642E-1
1,809375E+3	1,285147E+0	1,809375E+3	-1,822968E+0	1,809375E+3	1,287264E+0	1,809375E+3	-1,837052E+0	1,809375E+3	1,349988E+0	1,809375E+3	-1,836667E+0	1,809375E+3	1,579543E+0	1,809375E+3	-1,738131E+0	1,809375E+3	2,148746E+0	1,809375E+3	-1,302657E+0	1,809375E+3	2,322538E+0	1,809375E+3	-9,964797E-1	1,809375E+3	2,488219E+0	1,809375E+3	-7,934511E-1
1,810937E+3	1,293542E+0	1,810937E+3	-1,816716E+0	1,810937E+3	1,281299E+0	1,810937E+3	-1,826910E+0	1,810937E+3	1,339331E+0	1,810937E+3	-1,800895E+0	1,810937E+3	1,590151E+0	1,810937E+3	-1,721022E+0	1,810937E+3	2,145813E+0	1,810937E+3	-1,317542E+0	1,810937E+3	2,320248E+0	1,810937E+3	-9,974436E-1	1,810937E+3	2,487241E+0	1,810937E+3	-7,931469E-1
1,812500E+3	1,255766E+0	1,812500E+3	-1,801718E+0	1,812500E+3	1,282774E+0	1,812500E+3	-1,814057E+0	1,812500E+3	1,326443E+0	1,812500E+3	-1,783155E+0	1,812500E+3	1,539360E+0	1,812500E+3	-1,703474E+0	1,812500E+3	2,108765E+0	1,812500E+3	-1,316492E+0	1,812500E+3	2,331596E+0	1,812500E+3	-1,086065E+0	1,812500E+3	2,452681E+0	1,812500E+3	-8,069302E-1
1,814062E+3	1,276775E+0	1,814062E+3	-1,807583E+0	1,814062E+3	1,268559E+0	1,814062E+3	-1,788009E+0	1,814062E+3	1,331283E+0	1,814062E+3	-1,769784E+0	1,814062E+3	1,550366E+0	1,814062E+3	-1,681006E+0	1,814062E+3	2,075828E+0	1,814062E+3	-1,280113E+0	1,814062E+3	2,281523E+0	1,814062E+3	-9,960826E-1	1,814062E+3	2,427049E+0	1,814062E+3	-7,948109E-1
1,815625E+3	1,272463E+0	1,815625E+3	-1,773211E+0	1,815625E+3	1,258250E+0	1,815625E+3	-1,772679E+0	1,815625E+3	1,315010E+0	1,815625E+3	-1,744402E+0	1,815625E+3	1,548507E+0	1,815625E+3	-1,655854E+0	1,815625E+3	2,040838E+0	1,815625E+3	-1,299350E+0	1,815625E+3	2,298382E+0	1,815625E+3	-9,985394E-1	1,815625E+3	2,424179E+0	1,815625E+3	-7,994715E-1
1,817187E+3	1,278890E+0	1,817187E+3	-1,762908E+0	1,817187E+3	1,256558E+0	1,817187E+3	-1,748831E+0	1,817187E+3	1,302444E+0	1,817187E+3	-1,729309E+0	1,817187E+3	1,528244E+0	1,817187E+3	-1,625625E+0	1,817187E+3	2,007165E+0	1,817187E+3	-1,272203E+0	1,817187E+3	2,307303E+0	1,817187E+3	-9,847359E-1	1,817187E+3	2,400516E+0	1,817187E+3	-7,957366E-1
1,818750E+3	1,249355E+0	1,818750E+3	-1,755083E+0	1,818750E+3	1,249986E+0	1,818750E+3	-1,722212E+0	1,818750E+3	1,294003E+0	1,818750E+3	-1,720050E+0	1,818750E+3	1,513813E+0	1,818750E+3	-1,651208E+0	1,818750E+3	2,032246E+0	1,818750E+3	-1,263541E+0	1,818750E+3	2,255202E+0	1,818750E+3	-9,605162E-1	1,818750E+3	2,466952E+0	1,818750E+3	-7,814016E-1
1,820312E+3	1,235651E+0	1,820312E+3	-1,733331E+0	1,820312E+3	1,237093E+0	1,820312E+3	-1,717742E+0	1,820312E+3	1,290778E+0	1,820312E+3	-1,703966E+0	1,820312E+3	1,507395E+0	1,820312E+3	-1,637223E+0	1,820312E+3	2,043886E+0	1,820312E+3	-1,327016E+0	1,820312E+3	2,273711E+0	1,820312E+3	-9,875091E-1	1,820312E+3	2,472270E+0	1,820312E+3	-7,875767E-1
1,821875E+3	1,234870E+0	1,821875E+3	-1,704997E+0	1,821875E+3	1,225929E+0	1,821875E+3	-1,710307E+0	1,821875E+3	1,272608E+0	1,821875E+3	-1,688973E+0	1,821875E+3	1,498109E+0	1,821875E+3	-1,615366E+0	1,821875E+3	2,032293E+0	1,821875E+3	-1,300575E+0	1,821875E+3	2,288045E+0	1,821875E+3	-9,936013E-1	1,821875E+3	2,443300E+0	1,821875E+3	-7,709534E-1
1,823437E+3	1,201319E+0	1,823437E+3	-1,682586E+0	1,823437E+3	1,223288E+0	1,823437E+3	-1,684149E+0	1,823437E+3	1,266603E+0	1,823437E+3	-1,666571E+0	1,823437E+3	1,489835E+0	1,823437E+3	-1,598804E+0	1,823437E+3	2,000606E+0	1,823437E+3	-1,259758E+0	1,823437E+3	2,266848E+0	1,823437E+3	-9,554872E-1	1,823437E+3	2,426675E+0	1,823437E+3	-7,775958E-1
1,825000E+3	1,206682E+0	1,825000E+3	-1,664725E+0	1,825000E+3	1,229898E+0	1,825000E+3	-1,665906E+0	1,825000E+3	1,262027E+0	1,825000E+3	-1,644349E+0	1,825000E+3	1,473779E+0	1,825000E+3	-1,588453E+0	1,825000E+3	1,987747E+0	1,825000E+3	-1,251133E+0	1,825000E+3	2,240718E+0	1,825000E+3	-9,422446E-1	1,825000E+3	2,430548E+0	1,825000E+3	-8,436159E-1
1,826562E+3	1,217536E+0	1,826562E+3	-1,646451E+0	1,826562E+3	1,209475E+0	1,826562E+3	-1,638170E+0	1,826562E+3	1,253204E+0	1,826562E+3	-1,631927E+0	1,826562E+3	1,466735E+0	1,826562E+3	-1,598912E+0	1,826562E+3	1,961364E+0	1,826562E+3	-1,203366E+0	1,826562E+3	2,228118E+0	1,826562E+3	-9,420113E-1	1,826562E+3	2,456783E+0	1,826562E+3	-7,785111E-1
1,828125E+3	1,198501E+0	1,828125E+3	-1,631303E+0	1,828125E+3	1,200653E+0	1,828125E+3	-1,625804E+0	1,828125E+3	1,245705E+0	1,828125E+3	-1,622312E+0	1,828125E+3	1,467891E+0	1,828125E+3	-1,578663E+0	1,828125E+3	1,993858E+0	1,828125E+3	-1,217959E+0	1,828125E+3	2,218482E+0	1,828125E+3	-9,679709E-1	1,828125E+3	2,456808E+0	1,828125E+3	-7,321743E-1
1,829687E+3	1,182403E+0	1,829687E+3	-1,620822E+0	1,829687E+3	1,188551E+0	1,829687E+3	-1,619498E+0	1,829687E+3	1,234898E+0	1,829687E+3	-1,612185E+0	1,829687E+3	1,470710E+0	1,829687E+3	-1,537205E+0	1,829687E+3	1,972742E+0	1,829687E+3	-1,231974E+0	1,829687E+3	2,229374E+0	1,829687E+3	-9,941551E-1	1,829687E+3	2,344280E+0	1,829687E+3	-7,271798E-1
1,831250E+3	1,181401E+0	1,831250E+3	-1,615574E+0	1,831250E+3	1,183047E+0	1,831250E+3	-1,599366E+0	1,831250E+3	1,230748E+0	1,831250E+3	-1,593115E+0	1,831250E+3	1,452594E+0	1,831250E+3	-1,532001E+0	1,831250E+3	1,963699E+0	1,831250E+3	-1,220440E+0	1,831250E+3	2,213780E+0	1,831250E+3	-9,992783E-1	1,831250E+3	2,359883E+0	1,831250E+3	-7,263766E-1
1,832812E+3	1,178888E+0	1,832812E+3	-1,609246E+0	1,832812E+3	1,181453E+0	1,832812E+3	-1,587728E+0	1,832812E+3	1,222998E+0	1,832812E+3	-1,572029E+0	1,832812E+3	1,446226E+0	1,832812E+3	-1,522769E+0	1,832812E+3	1,971277E+0	1,832812E+3	-1,250116E+0	1,832812E+3	2,201539E+0	1,832812E+3	-9,813201E-1	1,832812E+3	2,373975E+0	1,832812E+3	-7,289940E-1
1,834375E+3	1,140849E+0	1,834375E+3	-1,570376E+0	1,834375E+3	1,166759E+0	1,834375E+3	-1,570886E+0	1,834375E+3	1,218875E+0	1,834375E+3	-1,558299E+0	1,834375E+3	1,443177E+0	1,834375E+3	-1,494222E+0	1,834375E+3	1,994131E+0	1,834375E+3	-1,256590E+0	1,834375E+3	2,120412E+0	1,834375E+3	-9,276916E-1	1,834375E+3	2,434488E+0	1,834375E+3	-7,150946E-1
1,835937E+3	1,133511E+0	1,835937E+3	-1,564284E+0	1,835937E+3	1,153766E+0	1,835937E+3	-1,556023E+0	1,835937E+3	1,210329E+0	1,835937E+3	-1,542713E+0	1,835937E+3	1,436543E+0	1,835937E+3	-1,490497E+0	1,835937E+3	1,949770E+0	1,835937E+3	-1,201381E+0	1,835937E+3	2,171657E+0	1,835937E+3	-9,379537E-1	1,835937E+3	2,393258E+0	1,835937E+3	-7,309110E-1
1,837500E+3	1,130531E+0	1,837500E+3	-1,537663E+0	1,837500E+3	1,159500E+0	1,837500E+3	-1,533404E+0	1,837500E+3	1,195579E+0	1,837500E+3	-1,525390E+0	1,837500E+3	1,434977E+0	1,837500E+3	-1,469512E+0	1,837500E+3	1,938940E+0	1,837500E+3	-1,166219E+0	1,837500E+3	2,154285E+0	1,837500E+3	-9,364613E-1	1,837500E+3	2,355912E+0	1,837500E+3	-7,198434E-1
1,839062E+3	1,140143E+0	1,839062E+3	-1,532588E+0	1,839062E+3	1,141987E+0	1,839062E+3	-1,515348E+0	1,839062E+3	1,191820E+0	1,839062E+3	-1,504032E+0	1,839062E+3	1,407227E+0	1,839062E+3	-1,464829E+0	1,839062E+3	1,891863E+0	1,839062E+3	-1,135994E+0	1,839062E+3	2,156664E+0	1,839062E+3	-9,444464E-1	1,839062E+3	2,340027E+0	1,839062E+3	-7,371958E-1
1,840625E+3	1,137367E+0	1,840625E+3	-1,512095E+0	1,840625E+3	1,140986E+0	1,840625E+3	-1,502246E+0	1,840625E+3	1,192309E+0	1,840625E+3	-1,495580E+0	1,840625E+3	1,406741E+0	1,840625E+3	-1,438423E+0	1,840625E+3	1,915102E+0	1,840625E+3	-1,166599E+0	1,840625E+3	2,176889E+0	1,840625E+3	-9,619655E-1	1,840625E+3	2,384971E+0	1,840625E+3	-7,196182E-1
1,842187E+3	1,146751E+0	1,842187E+3	-1,490391E+0	1,842187E+3	1,141701E+0	1,842187E+3	-1,478065E+0	1,842187E+3	1,180524E+0	1,842187E+3	-1,473994E+0	1,842187E+3	1,372172E+0	1,842187E+3	-1,402348E+0	1,842187E+3	1,881909E+0	1,842187E+3	-1,195986E+0	1,842187E+3	2,206686E+0	1,842187E+3	-9,505798E-1	1,842187E+3	2,385676E+0	1,842187E+3	-6,885321E-1
1,843750E+3	1,127306E+0	1,843750E+3	-1,459259E+0	1,843750E+3	1,132526E+0	1,843750E+3	-1,466069E+0	1,843750E+3	1,179563E+0	1,843750E+3	-1,456299E+0	1,843750E+3	1,381151E+0	1,843750E+3	-1,418177E+0	1,843750E+3	1,883397E+0	1,843750E+3	-1,158975E+0	1,843750E+3	2,186482E+0	1,843750E+3	-8,965947E-1	1,843750E+3	2,364734E+0	1,843750E+3	-6,832789E-1
1,845312E+3	1,129706E+0	1,845312E+3	-1,439662E+0	1,845312E+3	1,129605E+0	1,845312E+3	-1,457569E+0	1,845312E+3	1,170777E+0	1,845312E+3	-1,435751E+0	1,845312E+3	1,366343E+0	1,845312E+3	-1,397960E+0	1,845312E+3	1,884967E+0	1,845312E+3	-1,139167E+0	1,845312E+3	2,141990E+0	1,845312E+3	-8,322918E-1	1,845312E+3	2,378938E+0	1,845312E+3	-6,702567E-1
1,846875E+3	1,106637E+0	1,846875E+3	-1,421089E+0	1,846875E+3	1,109095E+0	1,846875E+3	-1,432879E+0	1,846875E+3	1,158301E+0	1,846875E+3	-1,423924E+0	1,846875E+3	1,365999E+0	1,846875E+3	-1,375713E+0	1,846875E+3	1,871222E+0	1,846875E+3	-1,144432E+0	1,846875E+3	2,143062E+0	1,846875E+3	-8,208194E-1	1,846875E+3	2,382636E+0	1,846875E+3	-6,916850E-1
1,848437E+3	1,093315E+0	1,848437E+3	-1,421770E+0	1,848437E+3	1,103116E+0	1,848437E+3	-1,426016E+0	1,848437E+3	1,163055E+0	1,848437E+3	-1,412427E+0	1,848437E+3	1,359601E+0	1,848437E+3	-1,369178E+0	1,848437E+3	1,849419E+0	1,848437E+3	-1,095806E+0	1,848437E+3	2,173736E+0	1,848437E+3	-8,555040E-1	1,848437E+3	2,396772E+0	1,848437E+3	-7,058374E-1
1,850000E+3	1,090344E+0	1,850000E+3	-1,421899E+0	1,850000E+3	1,096849E+0	1,850000E+3	-1,409808E+0	1,850000E+3	1,149884E+0	1,850000E+3	-1,392820E+0	1,850000E+3	1,342952E+0	1,850000E+3	-1,365505E+0	1,850000E+3	1,834913E+0	1,850000E+3	-1,078297E+0	1,850000E+3	2,159646E+0	1,850000E+3	-8,541403E-1	1,850000E+3	2,401795E+0	1,850000E+3	-6,777888E-1
1,851562E+3	1,094151E+0	1,851562E+3	-1,401694E+0	1,851562E+3	1,095633E+0	1,851562E+3	-1,383990E+0	1,851562E+3	1,144717E+0	1,851562E+3	-1,384904E+0	1,851562E+3	1,357199E+0	1,851562E+3	-1,345029E+0	1,851562E+3	1,878723E+0	1,851562E+3	-1,073354E+0	1,851562E+3	2,150644E+0	1,851562E+3	-8,418286E-1	1,851562E+3	2,431210E+0	1,851562E+3	-6,530650E-1
1,853125E+3	1,094965E+0	1,853125E+3	-1,389085E+0	1,853125E+3	1,088199E+0	1,853125E+3	-1,367942E+0	1,853125E+3	1,129974E+0	1,853125E+3	-1,364183E+0	1,853125E+3	1,347394E+0	1,853125E+3	-1,337886E+0	1,853125E+3	1,831412E+0	1,853125E+3	-1,046036E+0	1,853125E+3	2,112026E+0	1,853125E+3	-8,459438E-1	1,853125E+3	2,415648E+0	1,853125E+3	-6,596940E-1
1,854687E+3	1,077844E+0	1,854687E+3	-1,361095E+0	1,854687E+3	1,076866E+0	1,854687E+3	-1,358036E+0	1,854687E+3	1,125196E+0	1,854687E+3	-1,354145E+0	1,854687E+3	1,338137E+0	1,854687E+3	-1,318206E+0	1,854687E+3	1,784847E+0	1,854687E+3	-1,054860E+0	1,854687E+3	2,130069E+0	1,854687E+3	-8,453059E-1	1,854687E+3	2,372089E+0	1,854687E+3	-6,516431E-1
1,856250E+3	1,061672E+0	1,856250E+3	-1,332413E+0	1,856250E+3	1,070890E+0	1,856250E+3	-1,335739E+0	1,856250E+3	1,119868E+0	1,856250E+3	-1,330598E+0	1,856250E+3	1,313494E+0	1,856250E+3	-1,312341E+0	1,856250E+3	1,793564E+0	1,856250E+3	-1,045791E+0	1,856250E+3	2,104332E+0	1,856250E+3	-8,269583E-1	1,856250E+3	2,346254E+0	1,856250E+3	-6,432180E-1
1,857812E+3	1,043224E+0	1,857812E+3	-1,301954E+0	1,857812E+3	1,072616E+0	1,857812E+3	-1,309814E+0	1,857812E+3	1,121341E+0	1,857812E+3	-1,312242E+0	1,857812E+3	1,301221E+0	1,857812E+3	-1,280893E+0	1,857812E+3	1,759816E+0	1,857812E+3	-1,036292E+0	1,857812E+3	2,130857E+0	1,857812E+3	-8,149261E-1	1,857812E+3	2,331606E+0	1,857812E+3	-6,398209E-1
1,859375E+3	1,050487E+0	1,859375E+3	-1,301812E+0	1,859375E+3	1,056553E+0	1,859375E+3	-1,297327E+0	1,859375E+3	1,105435E+0	1,859375E+3	-1,291656E+0	1,859375E+3	1,286837E+0	1,859375E+3	-1,261505E+0	1,859375E+3	1,815013E+0	1,859375E+3	-1,038332E+0	1,859375E+3	2,125994E+0	1,859375E+3	-8,251804E-1	1,859375E+3	2,306677E+0	1,859375E+3	-6,518289E-1
1,860937E+3	1,063607E+0	1,860937E+3	-1,301049E+0	1,860937E+3	1,074809E+0	1,860937E+3	-1,300018E+0	1,860937E+3	1,105636E+0	1,860937E+3	-1,284528E+0	1,860937E+3	1,296640E+0	1,860937E+3	-1,247188E+0	1,860937E+3	1,812044E+0	1,860937E+3	-1,013417E+0	1,860937E+3	2,104036E+0	1,860937E+3	-8,235662E-1	1,860937E+3	2,333083E+0	1,860937E+3	-6,490172E-1
1,862500E+3	1,080416E+0	1,862500E+3	-1,307099E+0	1,862500E+3	1,068363E+0	1,862500E+3	-1,274523E+0	1,862500E+3	1,104976E+0	1,862500E+3	-1,271078E+0	1,862500E+3	1,301067E+0	1,862500E+3	-1,235290E+0	1,862500E+3	1,792142E+0	1,862500E+3	-1,007430E+0	1,862500E+3	2,114090E+0	1,862500E+3	-8,131151E-1	1,862500E+3	2,335868E+0	1,862500E+3	-6,388264E-1
1,864062E+3	1,042969E+0	1,864062E+3	-1,254857E+0	1,864062E+3	1,050764E+0	1,864062E+3	-1,260008E+0	1,864062E+3	1,091903E+0	1,864062E+3	-1,254648E+0	1,864062E+3	1,289262E+0	1,864062E+3	-1,237463E+0	1,864062E+3	1,786834E+0	1,864062E+3	-1,012091E+0	1,864062E+3	2,101494E+0	1,864062E+3	-7,728986E-1	1,864062E+3	2,348628E+0	1,864062E+3	-5,928276E-1
1,865625E+3	1,033889E+0	1,865625E+3	-1,242134E+0	1,865625E+3	1,046495E+0	1,865625E+3	-1,244833E+0	1,865625E+3	1,089167E+0	1,865625E+3	-1,233786E+0	1,865625E+3	1,276744E+0	1,865625E+3	-1,221063E+0	1,865625E+3	1,792606E+0	1,865625E+3	-1,033074E+0	1,865625E+3	2,079629E+0	1,865625E+3	-7,752508E-1	1,865625E+3	2,361627E+0	1,865625E+3	-6,002399E-1
1,867187E+3	1,025072E+0	1,867187E+3	-1,230229E+0	1,867187E+3	1,041265E+0	1,867187E+3	-1,228214E+0	1,867187E+3	1,079684E+0	1,867187E+3	-1,220134E+0	1,867187E+3	1,284977E+0	1,867187E+3	-1,207131E+0	1,867187E+3	1,775998E+0	1,867187E+3	-9,982843E-1	1,867187E+3	2,094104E+0	1,867187E+3	-8,049392E-1	1,867187E+3	2,328149E+0	1,867187E+3	-6,455771E-1
1,868750E+3	1,029213E+0	1,868750E+3	-1,219386E+0	1,868750E+3	1,033635E+0	1,868750E+3	-1,212661E+0	1,868750E+3	1,077804E+0	1,868750E+3	-1,210426E+0	1,868750E+3	1,272311E+0	1,868750E+3	-1,188241E+0	1,868750E+3	1,774047E+0	1,868750E+3	-9,652311E-1	1,868750E+3	2,082886E+0	1,868750E+3	-8,076789E-1	1,868750E+3	2,309952E+0	1,868750E+3	-6,157033E-1
1,870312E+3	1,026401E+0	1,870312E+3	-1,196588E+0	1,870312E+3	1,030242E+0	1,870312E+3	-1,195827E+0	1,870312E+3	1,075068E+0	1,870312E+3	-1,191185E+0	1,870312E+3	1,256692E+0	1,870312E+3	-1,171680E+0	1,870312E+3	1,771629E+0	1,870312E+3	-9,840645E-1	1,870312E+3	2,069024E+0	1,870312E+3	-7,711706E-1	1,870312E+3	2,262508E+0	1,870312E+3	-6,009055E-1
1,871875E+3	1,015926E+0	1,871875E+3	-1,182753E+0	1,871875E+3	1,029994E+0	1,871875E+3	-1,178446E+0	1,871875E+3	1,064515E+0	1,871875E+3	-1,178385E+0	1,871875E+3	1,248363E+0	1,871875E+3	-1,153979E+0	1,871875E+3	1,760131E+0	1,871875E+3	-9,687161E-1	1,871875E+3	2,074130E+0	1,871875E+3	-7,610063E-1	1,871875E+3	2,249048E+0	1,871875E+3	-5,959084E-1
1,873437E+3	1,003526E+0	1,873437E+3	-1,171097E+0	1,873437E+3	1,020567E+0	1,873437E+3	-1,159062E+0	1,873437E+3	1,055871E+0	1,873437E+3	-1,160894E+0	1,873437E+3	1,245405E+0	1,873437E+3	-1,140017E+0	1,873437E+3	1,765405E+0	1,873437E+3	-9,370349E-1	1,873437E+3	2,099597E+0	1,873437E+3	-7,448329E-1	1,873437E+3	2,278699E+0	1,873437E+3	-6,057950E-1
1,875000E+3	9,933851E-1	1,875000E+3	-1,153406E+0	1,875000E+3	1,011380E+0	1,875000E+3	-1,146960E+0	1,875000E+3	1,052728E+0	1,875000E+3	-1,146294E+0	1,875000E+3	1,245606E+0	1,875000E+3	-1,121601E+0	1,875000E+3	1,726641E+0	1,875000E+3	-9,731102E-1	1,875000E+3	2,078312E+0	1,875000E+3	-7,210726E-1	1,875000E+3	2,310371E+0	1,875000E+3	-5,590189E-1
1,876562E+3	1,004974E+0	1,876562E+3	-1,137903E+0	1,876562E+3	1,003387E+0	1,876562E+3	-1,133423E+0	1,876562E+3	1,047456E+0	1,876562E+3	-1,126091E+0	1,876562E+3	1,242896E+0	1,876562E+3	-1,109982E+0	1,876562E+3	1,724423E+0	1,876562E+3	-9,601234E-1	1,876562E+3	2,039214E+0	1,876562E+3	-7,279955E-1	1,876562E+3	2,293757E+0	1,876562E+3	-5,365977E-1
1,878125E+3	9,987276E-1	1,878125E+3	-1,125758E+0	1,878125E+3	1,000249E+0	1,878125E+3	-1,124306E+0	1,878125E+3	1,044794E+0	1,878125E+3	-1,120321E+0	1,878125E+3	1,239233E+0	1,878125E+3	-1,098833E+0	1,878125E+3	1,730253E+0	1,878125E+3	-9,257249E-1	1,878125E+3	2,044201E+0	1,878125E+3	-7,094802E-1	1,878125E+3	2,283105E+0	1,878125E+3	-5,554852E-1
1,879687E+3	9,901588E-1	1,879687E+3	-1,112654E+0	1,879687E+3	9,958108E-1	1,879687E+3	-1,110704E+0	1,879687E+3	1,042278E+0	1,879687E+3	-1,101032E+0	1,879687E+3	1,236391E+0	1,879687E+3	-1,078437E+0	1,879687E+3	1,722524E+0	1,879687E+3	-9,113116E-1	1,879687E+3	2,011597E+0	1,879687E+3	-6,989726E-1	1,879687E+3	2,299411E+0	1,879687E+3	-5,779113E-1
1,881250E+3	9,928736E-1	1,881250E+3	-1,085470E+0	1,881250E+3	9,931410E-1	1,881250E+3	-1,093229E+0	1,881250E+3	1,037172E+0	1,881250E+3	-1,084404E+0	1,881250E+3	1,228787E+0	1,881250E+3	-1,073605E+0	1,881250E+3	1,733013E+0	1,881250E+3	-8,917294E-1	1,881250E+3	2,013997E+0	1,881250E+3	-7,082084E-1	1,881250E+3	2,283170E+0	1,881250E+3	-5,750651E-1
1,882812E+3	9,905034E-1	1,882812E+3	-1,078657E+0	1,882812E+3	9,877547E-1	1,882812E+3	-1,079268E+0	1,882812E+3	1,027808E+0	1,882812E+3	-1,070309E+0	1,882812E+3	1,212845E+0	1,882812E+3	-1,062408E+0	1,882812E+3	1,713585E+0	1,882812E+3	-8,978759E-1	1,882812E+3	2,007302E+0	1,882812E+3	-7,121540E-1	1,882812E+3	2,234608E+0	1,882812E+3	-5,660787E-1
1,884375E+3	9,802439E-1	1,884375E+3	-1,057889E+0	1,884375E+3	9,866611E-1	1,884375E+3	-1,056419E+0	1,884375E+3	1,025311E+0	1,884375E+3	-1,053952E+0	1,884375E+3	1,207938E+0	1,884375E+3	-1,032365E+0	1,884375E+3	1,705693E+0	1,884375E+3	-8,907155E-1	1,884375E+3	1,990358E+0	1,884375E+3	-6,996312E-1	1,884375E+3	2,287941E+0	1,884375E+3	-5,643085E-1
1,885937E+3	9,769369E-1	1,885937E+3	-1,049725E+0	1,885937E+3	9,868310E-1	1,885937E+3	-1,041937E+0	1,885937E+3	1,021267E+0	1,885937E+3	-1,037162E+0	1,885937E+3	1,200702E+0	1,885937E+3	-1,019471E+0	1,885937E+3	1,687611E+0	1,885937E+3	-8,771012E-1	1,885937E+3	1,985129E+0	1,885937E+3	-7,144445E-1	1,885937E+3	2,275860E+0	1,885937E+3	-5,435941E-1
1,887500E+3	9,732454E-1	1,887500E+3	-1,034245E+0	1,887500E+3	9,743926E-1	1,887500E+3	-1,021609E+0	1,887500E+3	1,020059E+0	1,887500E+3	-1,025407E+0	1,887500E+3	1,194050E+0	1,887500E+3	-1,006955E+0	1,887500E+3	1,686786E+0	1,887500E+3	-8,681173E-1	1,887500E+3	1,982207E+0	1,887500E+3	-6,809748E-1	1,887500E+3	2,282728E+0	1,887500E+3	-5,295860E-1
1,889062E+3	9,634163E-1	1,889062E+3	-1,020257E+0	1,889062E+3	9,683890E-1	1,889062E+3	-1,012858E+0	1,889062E+3	1,010198E+0	1,889062E+3	-1,009690E+0	1,889062E+3	1,196438E+0	1,889062E+3	-9,955648E-1	1,889062E+3	1,680670E+0	1,889062E+3	-8,612700E-1	1,889062E+3	2,011785E+0	1,889062E+3	-6,816425E-1	1,889062E+3	2,262838E+0	1,889062E+3	-5,287673E-1
1,890625E+3	9,709448E-1	1,890625E+3	-1,004356E+0	1,890625E+3	9,718645E-1	1,890625E+3	-1,001107E+0	1,890625E+3	1,010368E+0	1,890625E+3	-9,969380E-1	1,890625E+3	1,179545E+0	1,890625E+3	-9,800604E-1	1,890625E+3	1,670290E+0	1,890625E+3	-8,499813E-1	1,890625E+3	2,012662E+0	1,890625E+3	-6,773740E-1	1,890625E+3	2,269464E+0	1,890625E+3	-5,277698E-1
1,892187E+3	9,618459E-1	1,892187E+3	-9,906854E-1	1,892187E+3	9,675148E-1	1,892187E+3	-9,864430E-1	1,892187E+3	1,007112E+0	1,892187E+3	-9,845492E-1	1,892187E+3	1,188676E+0	1,892187E+3	-9,683016E-1	1,892187E+3	1,674065E+0	1,892187E+3	-8,310728E-1	1,892187E+3	1,982801E+0	1,892187E+3	-6,675945E-1	1,892187E+3	2,291351E+0	1,892187E+3	-5,404226E-1
1,893750E+3	9,483557E-1	1,893750E+3	-9,761161E-1	1,893750E+3	9,573598E-1	1,893750E+3	-9,681529E-1	1,893750E+3	9,960150E-1	1,893750E+3	-9,662868E-1	1,893750E+3	1,177356E+0	1,893750E+3	-9,459974E-1	1,893750E+3	1,681125E+0	1,893750E+3	-8,421765E-1	1,893750E+3	1,967292E+0	1,893750E+3	-6,922362E-1	1,893750E+3	2,270858E+0	1,893750E+3	-5,412612E-1
1,895312E+3	9,473582E-1	1,895312E+3	-9,574969E-1	1,895312E+3	9,557956E-1	1,895312E+3	-9,568909E-1	1,895312E+3	9,949907E-1	1,895312E+3	-9,534245E-1	1,895312E+3	1,180874E+0	1,895312E+3	-9,417757E-1	1,895312E+3	1,659770E+0	1,895312E+3	-8,125347E-1	1,895312E+3	1,946693E+0	1,895312E+3	-6,691625E-1	1,895312E+3	2,252463E+0	1,895312E+3	-5,352163E-1
1,896875E+3	9,473853E-1	1,896875E+3	-9,431109E-1	1,896875E+3	9,515641E-1	1,896875E+3	-9,392498E-1	1,896875E+3	9,875001E-1	1,896875E+3	-9,381304E-1	1,896875E+3	1,176945E+0	1,896875E+3	-9,257455E-1	1,896875E+3	1,654767E+0	1,896875E+3	-7,839629E-1	1,896875E+3	1,965448E+0	1,896875E+3	-6,476380E-1	1,896875E+3	2,264848E+0	1,896875E+3	-5,150220E-1
1,898437E+3	9,471702E-1	1,898437E+3	-9,254246E-1	1,898437E+3	9,474773E-1	1,898437E+3	-9,237143E-1	1,898437E+3	9,879364E-1	1,898437E+3	-9,228850E-1	1,898437E+3	1,156048E+0	1,898437E+3	-9,127036E-1	1,898437E+3	1,636675E+0	1,898437E+3	-7,781661E-1	1,898437E+3	1,975905E+0	1,898437E+3	-6,365510E-1	1,898437E+3	2,287727E+0	1,898437E+3	-5,102342E-1
1,900000E+3	9,416024E-1	1,900000E+3	-9,167188E-1	1,900000E+3	9,451087E-1	1,900000E+3	-9,154171E-1	1,900000E+3	9,837783E-1	1,900000E+3	-9,107077E-1	1,900000E+3	1,152645E+0	1,900000E+3	-9,016451E-1	1,900000E+3	1,631901E+0	1,900000E+3	-7,797233E-1	1,900000E+3	1,958505E+0	1,900000E+3	-6,062911E-1	1,900000E+3	2,250839E+0	1,900000E+3	-4,780806E-1
1,901562E+3	9,428918E-1	1,901562E+3	-9,012851E-1	1,901562E+3	9,395295E-1	1,901562E+3	-8,971743E-1	1,901562E+3	9,763700E-1	1,901562E+3	-8,939179E-1	1,901562E+3	1,152089E+0	1,901562E+3	-8,832652E-1	1,901562E+3	1,622564E+0	1,901562E+3	-7,757811E-1	1,901562E+3	1,972849E+0	1,901562E+3	-5,873629E-1	1,901562E+3	2,258529E+0	1,901562E+3	-4,972585E-1
1,903125E+3	9,360954E-1	1,903125E+3	-8,797521E-1	1,903125E+3	9,361618E-1	1,903125E+3	-8,840560E-1	1,903125E+3	9,748901E-1	1,903125E+3	-8,781382E-1	1,903125E+3	1,147964E+0	1,903125E+3	-8,690016E-1	1,903125E+3	1,617429E+0	1,903125E+3	-7,574196E-1	1,903125E+3	1,959254E+0	1,903125E+3	-6,076644E-1	1,903125E+3	2,232109E+0	1,903125E+3	-4,985725E-1
1,904687E+3	9,252932E-1	1,904687E+3	-8,723087E-1	1,904687E+3	9,305431E-1	1,904687E+3	-8,680677E-1	1,904687E+3	9,738249E-1	1,904687E+3	-8,633359E-1	1,904687E+3	1,148500E+0	1,904687E+3	-8,653662E-1	1,904687E+3	1,614121E+0	1,904687E+3	-7,400058E-1	1,904687E+3	1,943563E+0	1,904687E+3	-6,209550E-1	1,904687E+3	2,213741E+0	1,904687E+3	-5,023581E-1
1,906250E+3	9,223322E-1	1,906250E+3	-8,566667E-1	1,906250E+3	9,287654E-1	1,906250E+3	-8,551301E-1	1,906250E+3	9,717280E-1	1,906250E+3	-8,497897E-1	1,906250E+3	1,141756E+0	1,906250E+3	-8,436844E-1	1,906250E+3	1,603841E+0	1,906250E+3	-7,371098E-1	1,906250E+3	1,983078E+0	1,906250E+3	-5,944365E-1	1,906250E+3	2,248086E+0	1,906250E+3	-4,708771E-1
1,907812E+3	9,257527E-1	1,907812E+3	-8,514120E-1	1,907812E+3	9,220824E-1	1,907812E+3	-8,368246E-1	1,907812E+3	9,622988E-1	1,907812E+3	-8,366363E-1	1,907812E+3	1,121658E+0	1,907812E+3	-8,261419E-1	1,907812E+3	1,605660E+0	1,907812E+3	-7,241212E-1	1,907812E+3	1,984524E+0	1,907812E+3	-5,846200E-1	1,907812E+3	2,252462E+0	1,907812E+3	-4,790623E-1
1,909375E+3	9,159021E-1	1,909375E+3	-8,267385E-1	1,909375E+3	9,188624E-1	1,909375E+3	-8,256607E-1	1,909375E+3	9,586307E-1	1,909375E+3	-8,255139E-1	1,909375E+3	1,123581E+0	1,909375E+3	-8,226326E-1	1,909375E+3	1,597295E+0	1,909375E+3	-7,283968E-1	1,909375E+3	1,954125E+0	1,909375E+3	-5,958454E-1	1,909375E+3	2,245040E+0	1,909375E+3	-4,876511E-1
1,910937E+3	9,172466E-1	1,910937E+3	-8,118064E-1	1,910937E+3	9,198962E-1	1,910937E+3	-8,087335E-1	1,910937E+3	9,539378E-1	1,910937E+3	-8,080939E-1	1,910937E+3	1,129021E+0	1,910937E+3	-8,118281E-1	1,910937E+3	1,588657E+0	1,910937E+3	-7,229132E-1	1,910937E+3	1,944215E+0	1,910937E+3	-5,610695E-1	1,910937E+3	2,229830E+0	1,910937E+3	-4,871849E-1
1,912500E+3	9,090384E-1	1,912500E+3	-7,950875E-1	1,912500E+3	9,161482E-1	1,912500E+3	-7,917139E-1	1,912500E+3	9,486839E-1	1,912500E+3	-7,907023E-1	1,912500E+3	1,117354E+0	1,912500E+3	-7,957671E-1	1,912500E+3	1,594474E+0	1,912500E+3	-6,969059E-1	1,912500E+3	1,940303E+0	1,912500E+3	-5,444882E-1	1,912500E+3	2,225581E+0	1,912500E+3	-4,730899E-1
1,914062E+3	9,032245E-1	1,914062E+3	-7,801686E-1	1,914062E+3	9,110659E-1	1,914062E+3	-7,807168E-1	1,914062E+3	9,451658E-1	1,914062E+3	-7,830094E-1	1,914062E+3	1,108818E+0	1,914062E+3	-7,864561E-1	1,914062E+3	1,592351E+0	1,914062E+3	-6,920164E-1	1,914062E+3	1,928531E+0	1,914062E+3	-5,667197E-1	1,914062E+3	2,252081E+0	1,914062E+3	-4,407106E-1
1,915625E+3	8,989647E-1	1,915625E+3	-7,665969E-1	1,915625E+3	9,078078E-1	1,915625E+3	-7,664549E-1	1,915625E+3	9,448460E-1	1,915625E+3	-7,688684E-1	1,915625E+3	1,101245E+0	1,915625E+3	-7,611475E-1	1,915625E+3	1,576472E+0	1,915625E+3	-6,742130E-1	1,915625E+3	1,914098E+0	1,915625E+3	-5,570033E-1	1,915625E+3	2,214301E+0	1,915625E+3	-4,221814E-1
1,917187E+3	8,956969E-1	1,917187E+3	-7,563164E-1	1,917187E+3	9,078090E-1	1,917187E+3	-7,525580E-1	1,917187E+3	9,428798E-1	1,917187E+3	-7,544337E-1	1,917187E+3	1,102684E+0	1,917187E+3	-7,485223E-1	1,917187E+3	1,583047E+0	1,917187E+3	-6,835128E-1	1,917187E+3	1,903068E+0	1,917187E+3	-5,480044E-1	1,917187E+3	2,187125E+0	1,917187E+3	-4,535084E-1
1,918750E+3	8,898832E-1	1,918750E+3	-7,317507E-1	1,918750E+3	9,001948E-1	1,918750E+3	-7,350538E-1	1,918750E+3	9,372992E-1	1,918750E+3	-7,373376E-1	1,918750E+3	1,102032E+0	1,918750E+3	-7,457559E-1	1,918750E+3	1,586534E+0	1,918750E+3	-6,809098E-1	1,918750E+3	1,917734E+0	1,918750E+3	-5,570925E-1	1,918750E+3	2,192202E+0	1,918750E+3	-4,040046E-1
1,920312E+3	8,930369E-1	1,920312E+3	-7,214974E-1	1,920312E+3	8,991141E-1	1,920312E+3	-7,245538E-1	1,920312E+3	9,346658E-1	1,920312E+3	-7,241410E-1	1,920312E+3	1,100936E+0	1,920312E+3	-7,288859E-1	1,920312E+3	1,583681E+0	1,920312E+3	-6,689184E-1	1,920312E+3	1,910479E+0	1,920312E+3	-5,304373E-1	1,920312E+3	2,192867E+0	1,920312E+3	-3,915869E-1
1,921875E+3	8,982342E-1	1,921875E+3	-7,186111E-1	1,921875E+3	8,972020E-1	1,921875E+3	-7,092704E-1	1,921875E+3	9,323420E-1	1,921875E+3	-7,098732E-1	1,921875E+3	1,092167E+0	1,921875E+3	-7,147358E-1	1,921875E+3	1,583766E+0	1,921875E+3	-6,287436E-1	1,921875E+3	1,896131E+0	1,921875E+3	-4,865787E-1	1,921875E+3	2,198810E+0	1,921875E+3	-4,081782E-1
1,923437E+3	8,872638E-1	1,923437E+3	-7,018960E-1	1,923437E+3	8,926419E-1	1,923437E+3	-6,932499E-1	1,923437E+3	9,270623E-1	1,923437E+3	-6,949012E-1	1,923437E+3	1,085450E+0	1,923437E+3	-6,987842E-1	1,923437E+3	1,583805E+0	1,923437E+3	-6,022648E-1	1,923437E+3	1,875954E+0	1,923437E+3	-4,789986E-1	1,923437E+3	2,223865E+0	1,923437E+3	-3,817450E-1
1,925000E+3	8,848379E-1	1,925000E+3	-6,908003E-1	1,925000E+3	8,912476E-1	1,925000E+3	-6,852851E-1	1,925000E+3	9,292473E-1	1,925000E+3	-6,800686E-1	1,925000E+3	1,082297E+0	1,925000E+3	-6,802678E-1	1,925000E+3	1,573432E+0	1,925000E+3	-6,107349E-1	1,925000E+3	1,889549E+0	1,925000E+3	-4,825974E-1	1,925000E+3	2,231065E+0	1,925000E+3	-3,943766E-1
1,926562E+3	8,864077E-1	1,926562E+3	-6,719391E-1	1,926562E+3	8,898846E-1	1,926562E+3	-6,711096E-1	1,926562E+3	9,226354E-1	1,926562E+3	-6,685717E-1	1,926562E+3	1,081962E+0	1,926562E+3	-6,654704E-1	1,926562E+3	1,563259E+0	1,926562E+3	-5,903842E-1	1,926562E+3	1,896379E+0	1,926562E+3	-4,995426E-1	1,926562E+3	2,206831E+0	1,926562E+3	-3,834512E-1
1,928125E+3	8,845812E-1	1,928125E+3	-6,530776E-1	1,928125E+3	8,822058E-1	1,928125E+3	-6,523846E-1	1,928125E+3	9,183303E-1	1,928125E+3	-6,553521E-1	1,928125E+3	1,080565E+0	1,928125E+3	-6,505141E-1	1,928125E+3	1,534288E+0	1,928125E+3	-5,782474E-1	1,928125E+3	1,913329E+0	1,928125E+3	-4,787803E-1	1,928125E+3	2,192865E+0	1,928125E+3	-3,710079E-1
1,929687E+3	8,771142E-1	1,929687E+3	-6,342773E-1	1,929687E+3	8,765407E-1	1,929687E+3	-6,400461E-1	1,929687E+3	9,154379E-1	1,929687E+3	-6,398256E-1	1,929687E+3	1,081654E+0	1,929687E+3	-6,395596E-1	1,929687E+3	1,531444E+0	1,929687E+3	-5,756205E-1	1,929687E+3	1,891704E+0	1,929687E+3	-4,851298E-1	1,929687E+3	2,169930E+0	1,929687E+3	-3,752953E-1
1,931250E+3	8,770159E-1	1,931250E+3	-6,215492E-1	1,931250E+3	8,767987E-1	1,931250E+3	-6,270601E-1	1,931250E+3	9,134352E-1	1,931250E+3	-6,303483E-1	1,931250E+3	1,073686E+0	1,931250E+3	-6,215792E-1	1,931250E+3	1,533148E+0	1,931250E+3	-5,701430E-1	1,931250E+3	1,879651E+0	1,931250E+3	-4,872527E-1	1,931250E+3	2,184989E+0	1,931250E+3	-3,625030E-1
1,932812E+3	8,772158E-1	1,932812E+3	-6,115704E-1	1,932812E+3	8,713766E-1	1,932812E+3	-6,103255E-1	1,932812E+3	9,095871E-1	1,932812E+3	-6,141632E-1	1,932812E+3	1,066173E+0	1,932812E+3	-6,220952E-1	1,932812E+3	1,530940E+0	1,932812E+3	-5,616903E-1	1,932812E+3	1,875063E+0	1,932812E+3	-4,649156E-1	1,932812E+3	2,195369E+0	1,932812E+3	-3,824583E-1
1,934375E+3	8,632237E-1	1,934375E+3	-5,965318E-1	1,934375E+3	8,704488E-1	1,934375E+3	-5,993423E-1	1,934375E+3	9,043213E-1	1,934375E+3	-5,992684E-1	1,934375E+3	1,066447E+0	1,934375E+3	-6,124616E-1	1,934375E+3	1,524887E+0	1,934375E+3	-5,688011E-1	1,934375E+3	1,867682E+0	1,934375E+3	-4,560496E-1	1,934375E+3	2,182439E+0	1,934375E+3	-3,633258E-1
1,935937E+3	8,618601E-1	1,935937E+3	-5,855284E-1	1,935937E+3	8,682151E-1	1,935937E+3	-5,844149E-1	1,935937E+3	9,039332E-1	1,935937E+3	-5,876432E-1	1,935937E+3	1,065344E+0	1,935937E+3	-6,029575E-1	1,935937E+3	1,506795E+0	1,935937E+3	-5,403373E-1	1,935937E+3	1,862709E+0	1,935937E+3	-4,536712E-1	1,935937E+3	2,182357E+0	1,935937E+3	-3,694840E-1
1,937500E+3	8,642253E-1	1,937500E+3	-5,722355E-1	1,937500E+3	8,639478E-1	1,937500E+3	-5,737625E-1	1,937500E+3	9,028726E-1	1,937500E+3	-5,723709E-1	1,937500E+3	1,053232E+0	1,937500E+3	-5,889912E-1	1,937500E+3	1,511516E+0	1,937500E+3	-5,473402E-1	1,937500E+3	1,841001E+0	1,937500E+3	-4,428438E-1	1,937500E+3	2,164217E+0	1,937500E+3	-3,330838E-1
1,939062E+3	8,589661E-1	1,939062E+3	-5,625915E-1	1,939062E+3	8,657978E-1	1,939062E+3	-5,590083E-1	1,939062E+3	9,008521E-1	1,939062E+3	-5,595220E-1	1,939062E+3	1,052988E+0	1,939062E+3	-5,700466E-1	1,939062E+3	1,525842E+0	1,939062E+3	-5,328233E-1	1,939062E+3	1,853217E+0	1,939062E+3	-4,394252E-1	1,939062E+3	2,163222E+0	1,939062E+3	-3,299080E-1
1,940625E+3	8,529275E-1	1,940625E+3	-5,453999E-1	1,940625E+3	8,623512E-1	1,940625E+3	-5,437961E-1	1,940625E+3	8,972547E-1	1,940625E+3	-5,474894E-1	1,940625E+3	1,049999E+0	1,940625E+3	-5,544822E-1	1,940625E+3	1,524065E+0	1,940625E+3	-4,973536E-1	1,940625E+3	1,863624E+0	1,940625E+3	-4,209456E-1	1,940625E+3	2,134161E+0	1,940625E+3	-3,255941E-1
1,942187E+3	8,583237E-1	1,942187E+3	-5,266722E-1	1,942187E+3	8,597004E-1	1,942187E+3	-5,302968E-1	1,942187E+3	8,951309E-1	1,942187E+3	-5,331394E-1	1,942187E+3	1,045401E+0	1,942187E+3	-5,421513E-1	1,942187E+3	1,507346E+0	1,942187E+3	-4,921856E-1	1,942187E+3	1,862478E+0	1,942187E+3	-4,178929E-1	1,942187E+3	2,137213E+0	1,942187E+3	-3,355698E-1
1,943750E+3	8,558018E-1	1,943750E+3	-5,194845E-1	1,943750E+3	8,573889E-1	1,943750E+3	-5,160717E-1	1,943750E+3	8,912621E-1	1,943750E+3	-5,206111E-1	1,943750E+3	1,041782E+0	1,943750E+3	-5,249865E-1	1,943750E+3	1,502732E+0	1,943750E+3	-4,872654E-1	1,943750E+3	1,856719E+0	1,943750E+3	-4,122967E-1	1,943750E+3	2,142826E+0	1,943750E+3	-3,122557E-1
1,945312E+3	8,499497E-1	1,945312E+3	-5,088778E-1	1,945312E+3	8,538654E-1	1,945312E+3	-5,035607E-1	1,945312E+3	8,867140E-1	1,945312E+3	-5,058265E-1	1,945312E+3	1,034973E+0	1,945312E+3	-5,148532E-1	1,945312E+3	1,502461E+0	1,945312E+3	-4,776439E-1	1,945312E+3	1,861911E+0	1,945312E+3	-3,974888E-1	1,945312E+3	2,154002E+0	1,945312E+3	-2,836690E-1
1,946875E+3	8,554061E-1	1,946875E+3	-4,899315E-1	1,946875E+3	8,529344E-1	1,946875E+3	-4,929851E-1	1,946875E+3	8,852989E-1	1,946875E+3	-4,917022E-1	1,946875E+3	1,031682E+0	1,946875E+3	-5,040256E-1	1,946875E+3	1,499733E+0	1,946875E+3	-4,741449E-1	1,946875E+3	1,844499E+0	1,946875E+3	-3,831759E-1	1,946875E+3	2,163269E+0	1,946875E+3	-3,015280E-1
1,948437E+3	8,481537E-1	1,948437E+3	-4,811311E-1	1,948437E+3	8,515686E-1	1,948437E+3	-4,803208E-1	1,948437E+3	8,812395E-1	1,948437E+3	-4,797809E-1	1,948437E+3	1,034238E+0	1,948437E+3	-4,875311E-1	1,948437E+3	1,479755E+0	1,948437E+3	-4,632988E-1	1,948437E+3	1,845628E+0	1,948437E+3	-3,749353E-1	1,948437E+3	2,183150E+0	1,948437E+3	-3,195701E-1
1,950000E+3	8,431854E-1	1,950000E+3	-4,672610E-1	1,950000E+3	8,474287E-1	1,950000E+3	-4,640890E-1	1,950000E+3	8,762045E-1	1,950000E+3	-4,685497E-1	1,950000E+3	1,031696E+0	1,950000E+3	-4,721750E-1	1,950000E+3	1,488342E+0	1,950000E+3	-4,596478E-1	1,950000E+3	1,841928E+0	1,950000E+3	-3,604994E-1	1,950000E+3	2,149273E+0	1,950000E+3	-3,193349E-1
1,951562E+3	8,418857E-1	1,951562E+3	-4,560753E-1	1,951562E+3	8,468747E-1	1,951562E+3	-4,508323E-1	1,951562E+3	8,748904E-1	1,951562E+3	-4,583193E-1	1,951562E+3	1,025390E+0	1,951562E+3	-4,674612E-1	1,951562E+3	1,498630E+0	1,951562E+3	-4,463410E-1	1,951562E+3	1,836080E+0	1,951562E+3	-3,549574E-1	1,951562E+3	2,103065E+0	1,951562E+3	-3,047308E-1
1,953125E+3	8,431724E-1	1,953125E+3	-4,399788E-1	1,953125E+3	8,431555E-1	1,953125E+3	-4,387231E-1	1,953125E+3	8,746797E-1	1,953125E+3	-4,419677E-1	1,953125E+3	1,019215E+0	1,953125E+3	-4,560517E-1	1,953125E+3	1,490176E+0	1,953125E+3	-4,198218E-1	1,953125E+3	1,824174E+0	1,953125E+3	-3,322195E-1	1,953125E+3	2,112245E+0	1,953125E+3	-2,683851E-1
1,954687E+3	8,332535E-1	1,954687E+3	-4,281653E-1	1,954687E+3	8,432485E-1	1,954687E+3	-4,271702E-1	1,954687E+3	8,751278E-1	1,954687E+3	-4,301788E-1	1,954687E+3	1,031948E+0	1,954687E+3	-4,468821E-1	1,954687E+3	1,460966E+0	1,954687E+3	-4,026904E-1	1,954687E+3	1,824853E+0	1,954687E+3	-3,414010E-1	1,954687E+3	2,124951E+0	1,954687E+3	-2,781859E-1
1,956250E+3	8,333105E-1	1,956250E+3	-4,149127E-1	1,956250E+3	8,383926E-1	1,956250E+3	-4,128654E-1	1,956250E+3	8,718812E-1	1,956250E+3	-4,146960E-1	1,956250E+3	1,028109E+0	1,956250E+3	-4,315874E-1	1,956250E+3	1,463215E+0	1,956250E+3	-4,055957E-1	1,956250E+3	1,800209E+0	1,956250E+3	-3,497547E-1	1,956250E+3	2,130931E+0	1,956250E+3	-2,702819E-1
1,957812E+3	8,349776E-1	1,957812E+3	-4,012918E-1	1,957812E+3	8,353139E-1	1,957812E+3	-4,010708E-1	1,957812E+3	8,654176E-1	1,957812E+3	-4,014044E-1	1,957812E+3	1,020578E+0	1,957812E+3	-4,258087E-1	1,957812E+3	1,465828E+0	1,957812E+3	-3,945197E-1	1,957812E+3	1,797158E+0	1,957812E+3	-3,412791E-1	1,957812E+3	2,136404E+0	1,957812E+3	-2,485467E-1
1,959375E+3	8,297950E-1	1,959375E+3	-3,891536E-1	1,959375E+3	8,337852E-1	1,959375E+3	-3,881111E-1	1,959375E+3	8,620562E-1	1,959375E+3	-3,873106E-1	1,959375E+3	1,029060E+0	1,959375E+3	-4,039362E-1	1,959375E+3	1,437822E+0	1,959375E+3	-3,710434E-1	1,959375E+3	1,808419E+0	1,959375E+3	-3,259321E-1	1,959375E+3	2,106450E+0	1,959375E+3	-2,816202E-1
1,960937E+3	8,330512E-1	1,960937E+3	-3,794286E-1	1,960937E+3	8,323282E-1	1,960937E+3	-3,735303E-1	1,960937E+3	8,618723E-1	1,960937E+3	-3,747361E-1	1,960937E+3	1,021858E+0	1,960937E+3	-3,881387E-1	1,960937E+3	1,425814E+0	1,960937E+3	-3,695089E-1	1,960937E+3	1,797275E+0	1,960937E+3	-3,090753E-1	1,960937E+3	2,111317E+0	1,960937E+3	-2,711119E-1
1,962500E+3	8,273207E-1	1,962500E+3	-3,646389E-1	1,962500E+3	8,323484E-1	1,962500E+3	-3,592542E-1	1,962500E+3	8,604968E-1	1,962500E+3	-3,639134E-1	1,962500E+3	1,010926E+0	1,962500E+3	-3,779417E-1	1,962500E+3	1,462691E+0	1,962500E+3	-3,700257E-1	1,962500E+3	1,789632E+0	1,962500E+3	-3,106805E-1	1,962500E+3	2,108651E+0	1,962500E+3	-2,686000E-1
1,964062E+3	8,243747E-1	1,964062E+3	-3,520450E-1	1,964062E+3	8,283253E-1	1,964062E+3	-3,461375E-1	1,964062E+3	8,614987E-1	1,964062E+3	-3,523084E-1	1,964062E+3	1,007686E+0	1,964062E+3	-3,625168E-1	1,964062E+3	1,442639E+0	1,964062E+3	-3,666431E-1	1,964062E+3	1,785857E+0	1,964062E+3	-3,060780E-1	1,964062E+3	2,128811E+0	1,964062E+3	-2,418067E-1
1,965625E+3	8,257170E-1	1,965625E+3	-3,323612E-1	1,965625E+3	8,285362E-1	1,965625E+3	-3,324006E-1	1,965625E+3	8,610138E-1	1,965625E+3	-3,374927E-1	1,965625E+3	1,004397E+0	1,965625E+3	-3,572168E-1	1,965625E+3	1,439585E+0	1,965625E+3	-3,568650E-1	1,965625E+3	1,764882E+0	1,965625E+3	-3,099697E-1	1,965625E+3	2,113442E+0	1,965625E+3	-2,468285E-1
1,967187E+3	8,262070E-1	1,967187E+3	-3,218379E-1	1,967187E+3	8,248348E-1	1,967187E+3	-3,210019E-1	1,967187E+3	8,561362E-1	1,967187E+3	-3,251492E-1	1,967187E+3	1,003559E+0	1,967187E+3	-3,480450E-1	1,967187E+3	1,450909E+0	1,967187E+3	-3,300881E-1	1,967187E+3	1,791080E+0	1,967187E+3	-2,832294E-1	1,967187E+3	2,102806E+0	1,967187E+3	-2,406135E-1
1,968750E+3	8,217074E-1	1,968750E+3	-3,100277E-1	1,968750E+3	8,237902E-1	1,968750E+3	-3,087513E-1	1,968750E+3	8,542493E-1	1,968750E+3	-3,146754E-1	1,968750E+3	1,002349E+0	1,968750E+3	-3,242689E-1	1,968750E+3	1,411546E+0	1,968750E+3	-3,337529E-1	1,968750E+3	1,802896E+0	1,968750E+3	-2,524104E-1	1,968750E+3	2,086106E+0	1,968750E+3	-1,882804E-1
1,970312E+3	8,201470E-1	1,970312E+3	-2,967154E-1	1,970312E+3	8,220163E-1	1,970312E+3	-2,950785E-1	1,970312E+3	8,512442E-1	1,970312E+3	-3,008825E-1	1,970312E+3	9,970640E-1	1,970312E+3	-3,114492E-1	1,970312E+3	1,425557E+0	1,970312E+3	-3,128798E-1	1,970312E+3	1,775950E+0	1,970312E+3	-2,495888E-1	1,970312E+3	2,108032E+0	1,970312E+3	-1,649394E-1
1,971875E+3	8,194409E-1	1,971875E+3	-2,859291E-1	1,971875E+3	8,198106E-1	1,971875E+3	-2,839127E-1	1,971875E+3	8,528563E-1	1,971875E+3	-2,852139E-1	1,971875E+3	9,929969E-1	1,971875E+3	-3,059214E-1	1,971875E+3	1,428665E+0	1,971875E+3	-3,064383E-1	1,971875E+3	1,770723E+0	1,971875E+3	-2,306343E-1	1,971875E+3	2,086438E+0	1,971875E+3	-1,936629E-1
1,973437E+3	8,121736E-1	1,973437E+3	-2,734154E-1	1,973437E+3	8,170481E-1	1,973437E+3	-2,706397E-1	1,973437E+3	8,509550E-1	1,973437E+3	-2,755509E-1	1,973437E+3	9,906358E-1	1,973437E+3	-2,898936E-1	1,973437E+3	1,405954E+0	1,973437E+3	-2,867863E-1	1,973437E+3	1,747330E+0	1,973437E+3	-2,153292E-1	1,973437E+3	2,069228E+0	1,973437E+3	-1,944441E-1
1,975000E+3	8,136229E-1	1,975000E+3	-2,591090E-1	1,975000E+3	8,180182E-1	1,975000E+3	-2,594633E-1	1,975000E+3	8,458063E-1	1,975000E+3	-2,613648E-1	1,975000E+3	9,929284E-1	1,975000E+3	-2,833436E-1	1,975000E+3	1,411741E+0	1,975000E+3	-2,794483E-1	1,975000E+3	1,763939E+0	1,975000E+3	-2,285422E-1	1,975000E+3	2,070270E+0	1,975000E+3	-2,084310E-1
1,976562E+3	8,095306E-1	1,976562E+3	-2,420223E-1	1,976562E+3	8,171498E-1	1,976562E+3	-2,450407E-1	1,976562E+3	8,440682E-1	1,976562E+3	-2,514654E-1	1,976562E+3	9,957040E-1	1,976562E+3	-2,692748E-1	1,976562E+3	1,422447E+0	1,976562E+3	-2,710075E-1	1,976562E+3	1,732427E+0	1,976562E+3	-2,182370E-1	1,976562E+3	2,088567E+0	1,976562E+3	-1,932105E-1
1,978125E+3	8,098171E-1	1,978125E+3	-2,247483E-1	1,978125E+3	8,135452E-1	1,978125E+3	-2,300141E-1	1,978125E+3	8,429775E-1	1,978125E+3	-2,376324E-1	1,978125E+3	9,940937E-1	1,978125E+3	-2,604022E-1	1,978125E+3	1,419301E+0	1,978125E+3	-2,495402E-1	1,978125E+3	1,739723E+0	1,978125E+3	-2,260293E-1	1,978125E+3	2,108350E+0	1,978125E+3	-1,617891E-1
1,979687E+3	8,101933E-1	1,979687E+3	-2,183923E-1	1,979687E+3	8,120176E-1	1,979687E+3	-2,182930E-1	1,979687E+3	8,421946E-1	1,979687E+3	-2,245315E-1	1,979687E+3	9,933198E-1	1,979687E+3	-2,507629E-1	1,979687E+3	1,408096E+0	1,979687E+3	-2,536327E-1	1,979687E+3	1,736317E+0	1,979687E+3	-2,016106E-1	1,979687E+3	2,085119E+0	1,979687E+3	-1,293498E-1
1,981250E+3	8,098118E-1	1,981250E+3	-2,125238E-1	1,981250E+3	8,113182E-1	1,981250E+3	-2,128253E-1	1,981250E+3	8,402912E-1	1,981250E+3	-2,134172E-1	1,981250E+3	9,778752E-1	1,981250E+3	-2,437420E-1	1,981250E+3	1,403374E+0	1,981250E+3	-2,578276E-1	1,981250E+3	1,762752E+0	1,981250E+3	-2,206037E-1	1,981250E+3	2,064952E+0	1,981250E+3	-1,577856E-1
1,982812E+3	8,093418E-1	1,982812E+3	-2,079339E-1	1,982812E+3	8,106207E-1	1,982812E+3	-1,954549E-1	1,982812E+3	8,385920E-1	1,982812E+3	-2,009878E-1	1,982812E+3	9,778684E-1	1,982812E+3	-2,167825E-1	1,982812E+3	1,396321E+0	1,982812E+3	-2,160726E-1	1,982812E+3	1,745630E+0	1,982812E+3	-2,166633E-1	1,982812E+3	2,067154E+0	1,982812E+3	-1,738169E-1
1,984375E+3	8,044180E-1	1,984375E+3	-1,783667E-1	1,984375E+3	8,092983E-1	1,984375E+3	-1,849019E-1	1,984375E+3	8,375818E-1	1,984375E+3	-1,874926E-1	1,984375E+3	9,765720E-1	1,984375E+3	-2,052578E-1	1,984375E+3	1,398924E+0	1,984375E+3	-2,195316E-1	1,984375E+3	1,735658E+0	1,984375E+3	-1,847267E-1	1,984375E+3	2,027963E+0	1,984375E+3	-1,483868E-1
1,985937E+3	8,058842E-1	1,985937E+3	-1,702428E-1	1,985937E+3	8,084489E-1	1,985937E+3	-1,711222E-1	1,985937E+3	8,362234E-1	1,985937E+3	-1,747085E-1	1,985937E+3	9,785015E-1	1,985937E+3	-1,957710E-1	1,985937E+3	1,402306E+0	1,985937E+3	-2,113721E-1	1,985937E+3	1,741941E+0	1,985937E+3	-1,629703E-1	1,985937E+3	2,086714E+0	1,985937E+3	-1,149451E-1
1,987500E+3	8,037852E-1	1,987500E+3	-1,616384E-1	1,987500E+3	8,073958E-1	1,987500E+3	-1,569555E-1	1,987500E+3	8,353819E-1	1,987500E+3	-1,643072E-1	1,987500E+3	9,739322E-1	1,987500E+3	-1,774472E-1	1,987500E+3	1,388653E+0	1,987500E+3	-1,983622E-1	1,987500E+3	1,748649E+0	1,987500E+3	-1,465769E-1	1,987500E+3	2,096085E+0	1,987500E+3	-1,381805E-1
1,989062E+3	7,972202E-1	1,989062E+3	-1,425524E-1	1,989062E+3	8,065053E-1	1,989062E+3	-1,447173E-1	1,989062E+3	8,319044E-1	1,989062E+3	-1,522597E-1	1,989062E+3	9,767678E-1	1,989062E+3	-1,726838E-1	1,989062E+3	1,393687E+0	1,989062E+3	-1,699167E-1	1,989062E+3	1,743326E+0	1,989062E+3	-1,545677E-1	1,989062E+3	2,069714E+0	1,989062E+3	-1,370855E-1
1,990625E+3	7,996752E-1	1,990625E+3	-1,331062E-1	1,990625E+3	8,069550E-1	1,990625E+3	-1,344438E-1	1,990625E+3	8,332405E-1	1,990625E+3	-1,358908E-1	1,990625E+3	9,747916E-1	1,990625E+3	-1,681776E-1	1,990625E+3	1,405509E+0	1,990625E+3	-1,785792E-1	1,990625E+3	1,735169E+0	1,990625E+3	-1,743739E-1	1,990625E+3	2,034524E+0	1,990625E+3	-1,094603E-1
1,992187E+3	8,026810E-1	1,992187E+3	-1,204336E-1	1,992187E+3	8,041130E-1	1,992187E+3	-1,208569E-1	1,992187E+3	8,314384E-1	1,992187E+3	-1,244532E-1	1,992187E+3	9,764157E-1	1,992187E+3	-1,464099E-1	1,992187E+3	1,396014E+0	1,992187E+3	-1,757962E-1	1,992187E+3	1,753442E+0	1,992187E+3	-1,436065E-1	1,992187E+3	2,048266E+0	1,992187E+3	-1,308977E-1
1,993750E+3	7,998939E-1	1,993750E+3	-1,069938E-1	1,993750E+3	8,010400E-1	1,993750E+3	-1,067469E-1	1,993750E+3	8,277483E-1	1,993750E+3	-1,135580E-1	1,993750E+3	9,704649E-1	1,993750E+3	-1,310593E-1	1,993750E+3	1,388766E+0	1,993750E+3	-1,540395E-1	1,993750E+3	1,733292E+0	1,993750E+3	-1,127596E-1	1,993750E+3	2,078751E+0	1,993750E+3	-1,189706E-1
1,995312E+3	7,950860E-1	1,995312E+3	-9,783707E-2	1,995312E+3	8,023828E-1	1,995312E+3	-9,480129E-2	1,995312E+3	8,282763E-1	1,995312E+3	-9,933666E-2	1,995312E+3	9,643388E-1	1,995312E+3	-1,301781E-1	1,995312E+3	1,417129E+0	1,995312E+3	-1,458885E-1	1,995312E+3	1,741951E+0	1,995312E+3	-1,203351E-1	1,995312E+3	2,058456E+0	1,995312E+3	-1,586745E-1
1,996875E+3	7,912123E-1	1,996875E+3	-8,382433E-2	1,996875E+3	8,003938E-1	1,996875E+3	-8,555514E-2	1,996875E+3	8,271326E-1	1,996875E+3	-8,979961E-2	1,996875E+3	9,650207E-1	1,996875E+3	-1,156662E-1	1,996875E+3	1,405898E+0	1,996875E+3	-1,530016E-1	1,996875E+3	1,721801E+0	1,996875E+3	-1,141590E-1	1,996875E+3	2,039874E+0	1,996875E+3	-1,428653E-1
1,998437E+3	7,945612E-1	1,998437E+3	-6,989331E-2	1,998437E+3	7,962380E-1	1,998437E+3	-7,059150E-2	1,998437E+3	8,258926E-1	1,998437E+3	-7,919051E-2	1,998437E+3	9,614035E-1	1,998437E+3	-1,045554E-1	1,998437E+3	1,390571E+0	1,998437E+3	-1,480816E-1	1,998437E+3	1,730612E+0	1,998437E+3	-1,287509E-1	1,998437E+3	2,025296E+0	1,998437E+3	-1,308132E-1
2,000000E+3	7,965368E-1	2,000000E+3	-6,055106E-2	2,000000E+3	7,960426E-1	2,000000E+3	-6,006812E-2	2,000000E+3	8,258391E-1	2,000000E+3	-6,877498E-2	2,000000E+3	9,602993E-1	2,000000E+3	-9,084820E-2	2,000000E+3	1,383972E+0	2,000000E+3	-1,174096E-1	2,000000E+3	1,723728E+0	2,000000E+3	-1,090598E-1	2,000000E+3	2,030257E+0	2,000000E+3	-1,340600E-1
2,001562E+3	7,951157E-1	2,001562E+3	-4,896328E-2	2,001562E+3	7,963212E-1	2,001562E+3	-4,878091E-2	2,001562E+3	8,270616E-1	2,001562E+3	-5,550461E-2	2,001562E+3	9,659102E-1	2,001562E+3	-8,472614E-2	2,001562E+3	1,366952E+0	2,001562E+3	-9,008879E-2	2,001562E+3	1,721246E+0	2,001562E+3	-1,069370E-1	2,001562E+3	2,029526E+0	2,001562E+3	-8,630401E-2
2,003125E+3	7,897454E-1	2,003125E+3	-3,626320E-2	2,003125E+3	7,965089E-1	2,003125E+3	-3,661458E-2	2,003125E+3	8,244835E-1	2,003125E+3	-3,997058E-2	2,003125E+3	9,642031E-1	2,003125E+3	-7,544370E-2	2,003125E+3	1,375515E+0	2,003125E+3	-7,505363E-2	2,003125E+3	1,750060E+0	2,003125E+3	-9,904012E-2	2,003125E+3	2,026922E+0	2,003125E+3	-6,209988E-2
2,004687E+3	7,918567E-1	2,004687E+3	-2,543490E-2	2,004687E+3	7,968152E-1	2,004687E+3	-2,321961E-2	2,004687E+3	8,199445E-1	2,004687E+3	-2,993998E-2	2,004687E+3	9,576939E-1	2,004687E+3	-5,754921E-2	2,004687E+3	1,385600E+0	2,004687E+3	-7,879997E-2	2,004687E+3	1,737304E+0	2,004687E+3	-9,142947E-2	2,004687E+3	2,038599E+0	2,004687E+3	-5,880993E-2
2,006250E+3	7,963255E-1	2,006250E+3	-1,570176E-2	2,006250E+3	7,956384E-1	2,006250E+3	-1,477716E-2	2,006250E+3	8,194709E-1	2,006250E+3	-1,800206E-2	2,006250E+3	9,531582E-1	2,006250E+3	-4,515249E-2	2,006250E+3	1,361565E+0	2,006250E+3	-7,021235E-2	2,006250E+3	1,708571E+0	2,006250E+3	-1,175512E-1	2,006250E+3	2,016133E+0	2,006250E+3	-6,321349E-2
2,007812E+3	7,943200E-1	2,007812E+3	-2,473848E-3	2,007812E+3	7,934658E-1	2,007812E+3	-8,075879E-4	2,007812E+3	8,222490E-1	2,007812E+3	-6,243848E-3	2,007812E+3	9,580133E-1	2,007812E+3	-2,639266E-2	2,007812E+3	1,359154E+0	2,007812E+3	-7,303306E-2	2,007812E+3	1,721857E+0	2,007812E+3	-9,507261E-2	2,007812E+3	2,009807E+0	2,007812E+3	-9,879898E-2
2,009375E+3	7,885640E-1	2,009375E+3	1,779964E-2	2,009375E+3	7,921389E-1	2,009375E+3	1,315424E-2	2,009375E+3	8,205728E-1	2,009375E+3	3,917637E-3	2,009375E+3	9,546318E-1	2,009375E+3	-2,247001E-2	2,009375E+3	1,367931E+0	2,009375E+3	-7,063015E-2	2,009375E+3	1,705538E+0	2,009375E+3	-9,623360E-2	2,009375E+3	2,056911E+0	2,009375E+3	-6,849308E-2
2,010937E+3	7,902275E-1	2,010937E+3	2,731591E-2	2,010937E+3	7,903357E-1	2,010937E+3	2,229899E-2	2,010937E+3	8,191966E-1	2,010937E+3	1,786563E-2	2,010937E+3	9,560921E-1	2,010937E+3	-1,819414E-2	2,010937E+3	1,363335E+0	2,010937E+3	-5,933658E-2	2,010937E+3	1,665805E+0	2,010937E+3	-7,198199E-2	2,010937E+3	2,067491E+0	2,010937E+3	-4,960114E-2
2,012500E+3	7,940047E-1	2,012500E+3	3,439221E-2	2,012500E+3	7,918590E-1	2,012500E+3	3,494897E-2	2,012500E+3	8,199484E-1	2,012500E+3	3,063398E-2	2,012500E+3	9,499423E-1	2,012500E+3	-9,898869E-3	2,012500E+3	1,375313E+0	2,012500E+3	-4,247774E-2	2,012500E+3	1,686250E+0	2,012500E+3	-6,929267E-2	2,012500E+3	2,018685E+0	2,012500E+3	-1,046196E-1
2,014062E+3	7,912999E-1	2,014062E+3	4,628785E-2	2,014062E+3	7,930671E-1	2,014062E+3	4,588521E-2	2,014062E+3	8,180646E-1	2,014062E+3	4,210525E-2	2,014062E+3	9,437401E-1	2,014062E+3	6,026842E-3	2,014062E+3	1,363684E+0	2,014062E+3	-3,110828E-2	2,014062E+3	1,664150E+0	2,014062E+3	-5,039389E-2	2,014062E+3	2,045539E+0	2,014062E+3	-6,842742E-2
2,015625E+3	7,918879E-1	2,015625E+3	5,816952E-2	2,015625E+3	7,920409E-1	2,015625E+3	5,785516E-2	2,015625E+3	8,179608E-1	2,015625E+3	5,147049E-2	2,015625E+3	9,535573E-1	2,015625E+3	1,915771E-2	2,015625E+3	1,335717E+0	2,015625E+3	-2,124604E-2	2,015625E+3	1,662029E+0	2,015625E+3	-4,625114E-2	2,015625E+3	2,002863E+0	2,015625E+3	-4,773813E-2
2,017187E+3	7,882808E-1	2,017187E+3	6,783444E-2	2,017187E+3	7,929272E-1	2,017187E+3	7,335014E-2	2,017187E+3	8,172180E-1	2,017187E+3	6,450062E-2	2,017187E+3	9,469611E-1	2,017187E+3	4,086804E-2	2,017187E+3	1,341474E+0	2,017187E+3	8,902920E-4	2,017187E+3	1,689430E+0	2,017187E+3	-6,878951E-3	2,017187E+3	2,025174E+0	2,017187E+3	-5,309855E-2
2,018750E+3	7,859149E-1	2,018750E+3	8,188127E-2	2,018750E+3	7,897465E-1	2,018750E+3	8,229764E-2	2,018750E+3	8,143795E-1	2,018750E+3	7,511482E-2	2,018750E+3	9,405968E-1	2,018750E+3	4,860725E-2	2,018750E+3	1,364134E+0	2,018750E+3	-1,450737E-2	2,018750E+3	1,678976E+0	2,018750E+3	2,402314E-2	2,018750E+3	2,050943E+0	2,018750E+3	1,019248E-2
2,020312E+3	7,872988E-1	2,020312E+3	9,198003E-2	2,020312E+3	7,904872E-1	2,020312E+3	9,421306E-2	2,020312E+3	8,161483E-1	2,020312E+3	8,974547E-2	2,020312E+3	9,415067E-1	2,020312E+3	5,676335E-2	2,020312E+3	1,370136E+0	2,020312E+3	-9,180831E-3	2,020312E+3	1,676303E+0	2,020312E+3	2,208289E-2	2,020312E+3	2,010247E+0	2,020312E+3	-3,170062E-2
2,021875E+3	7,895981E-1	2,021875E+3	1,051377E-1	2,021875E+3	7,896715E-1	2,021875E+3	1,058895E-1	2,021875E+3	8,149917E-1	2,021875E+3	9,922669E-2	2,021875E+3	9,441156E-1	2,021875E+3	6,014793E-2	2,021875E+3	1,344123E+0	2,021875E+3	7,839983E-3	2,021875E+3	1,671655E+0	2,021875E+3	3,080928E-2	2,021875E+3	2,004711E+0	2,021875E+3	-2,237985E-3
2,023437E+3	7,883464E-1	2,023437E+3	1,174438E-1	2,023437E+3	7,885579E-1	2,023437E+3	1,162168E-1	2,023437E+3	8,166602E-1	2,023437E+3	1,114638E-1	2,023437E+3	9,469644E-1	2,023437E+3	8,219451E-2	2,023437E+3	1,318302E+0	2,023437E+3	1,711241E-2	2,023437E+3	1,679557E+0	2,023437E+3	3,084633E-2	2,023437E+3	2,001684E+0	2,023437E+3	-1,977817E-3
2,025000E+3	7,908206E-1	2,025000E+3	1,252950E-1	2,025000E+3	7,882113E-1	2,025000E+3	1,302352E-1	2,025000E+3	8,164928E-1	2,025000E+3	1,221103E-1	2,025000E+3	9,460808E-1	2,025000E+3	8,900564E-2	2,025000E+3	1,326254E+0	2,025000E+3	3,487516E-2	2,025000E+3	1,695012E+0	2,025000E+3	1,358608E-2	2,025000E+3	2,009446E+0	2,025000E+3	-2,344375E-2
2,026562E+3	7,913238E-1	2,026562E+3	1,418361E-1	2,026562E+3	7,898377E-1	2,026562E+3	1,414328E-1	2,026562E+3	8,158447E-1	2,026562E+3	1,321511E-1	2,026562E+3	9,467823E-1	2,026562E+3	9,434128E-2	2,026562E+3	1,341150E+0	2,026562E+3	5,971832E-2	2,026562E+3	1,673915E+0	2,026562E+3	4,286169E-2	2,026562E+3	2,018488E+0	2,026562E+3	1,151292E-2
2,028125E+3	7,848399E-1	2,028125E+3	1,481152E-1	2,028125E+3	7,892356E-1	2,028125E+3	1,559304E-1	2,028125E+3	8,154607E-1	2,028125E+3	1,449967E-1	2,028125E+3	9,452374E-1	2,028125E+3	1,055451E-1	2,028125E+3	1,337774E+0	2,028125E+3	5,192002E-2	2,028125E+3	1,642389E+0	2,028125E+3	6,215896E-2	2,028125E+3	2,046986E+0	2,028125E+3	4,914416E-4
2,029687E+3	7,868097E-1	2,029687E+3	1,598004E-1	2,029687E+3	7,873203E-1	2,029687E+3	1,646267E-1	2,029687E+3	8,148220E-1	2,029687E+3	1,539426E-1	2,029687E+3	9,510434E-1	2,029687E+3	1,267042E-1	2,029687E+3	1,339564E+0	2,029687E+3	3,336565E-2	2,029687E+3	1,661865E+0	2,029687E+3	5,325343E-2	2,029687E+3	2,025012E+0	2,029687E+3	4,920115E-2
2,031250E+3	7,861231E-1	2,031250E+3	1,774037E-1	2,031250E+3	7,898529E-1	2,031250E+3	1,764906E-1	2,031250E+3	8,143241E-1	2,031250E+3	1,683152E-1	2,031250E+3	9,536370E-1	2,031250E+3	1,332752E-1	2,031250E+3	1,356103E+0	2,031250E+3	6,178296E-2	2,031250E+3	1,677933E+0	2,031250E+3	3,119417E-2	2,031250E+3	1,975268E+0	2,031250E+3	1,996790E-2
2,032812E+3	7,853362E-1	2,032812E+3	1,920976E-1	2,032812E+3	7,886450E-1	2,032812E+3	1,883329E-1	2,032812E+3	8,148310E-1	2,032812E+3	1,840315E-1	2,032812E+3	9,508261E-1	2,032812E+3	1,383128E-1	2,032812E+3	1,344767E+0	2,032812E+3	8,055719E-2	2,032812E+3	1,686384E+0	2,032812E+3	4,147031E-2	2,032812E+3	2,022357E+0	2,032812E+3	1,418377E-4
2,034375E+3	7,888406E-1	2,034375E+3	2,016607E-1	2,034375E+3	7,875663E-1	2,034375E+3	2,007376E-1	2,034375E+3	8,137755E-1	2,034375E+3	1,943301E-1	2,034375E+3	9,332501E-1	2,034375E+3	1,509091E-1	2,034375E+3	1,321278E+0	2,034375E+3	6,716434E-2	2,034375E+3	1,669024E+0	2,034375E+3	4,238314E-2	2,034375E+3	1,997940E+0	2,034375E+3	2,097641E-2
2,035937E+3	7,845063E-1	2,035937E+3	2,058482E-1	2,035937E+3	7,887142E-1	2,035937E+3	2,101270E-1	2,035937E+3	8,126517E-1	2,035937E+3	2,027979E-1	2,035937E+3	9,360554E-1	2,035937E+3	1,657421E-1	2,035937E+3	1,327958E+0	2,035937E+3	9,956435E-2	2,035937E+3	1,643369E+0	2,035937E+3	5,491518E-2	2,035937E+3	1,973591E+0	2,035937E+3	3,916018E-3
2,037500E+3	7,871531E-1	2,037500E+3	2,207997E-1	2,037500E+3	7,874502E-1	2,037500E+3	2,209803E-1	2,037500E+3	8,135967E-1	2,037500E+3	2,148527E-1	2,037500E+3	9,474309E-1	2,037500E+3	1,848326E-1	2,037500E+3	1,336568E+0	2,037500E+3	1,044746E-1	2,037500E+3	1,659231E+0	2,037500E+3	6,368715E-2	2,037500E+3	1,960104E+0	2,037500E+3	3,205446E-2
2,039062E+3	7,913240E-1	2,039062E+3	2,358771E-1	2,039062E+3	7,893804E-1	2,039062E+3	2,341332E-1	2,039062E+3	8,166249E-1	2,039062E+3	2,281395E-1	2,039062E+3	9,412812E-1	2,039062E+3	1,968424E-1	2,039062E+3	1,323421E+0	2,039062E+3	1,204292E-1	2,039062E+3	1,654812E+0	2,039062E+3	8,600843E-2	2,039062E+3	2,039029E+0	2,039062E+3	7,165699E-2
2,040625E+3	7,888061E-1	2,040625E+3	2,454685E-1	2,040625E+3	7,914890E-1	2,040625E+3	2,443615E-1	2,040625E+3	8,176931E-1	2,040625E+3	2,411579E-1	2,040625E+3	9,395132E-1	2,040625E+3	2,055585E-1	2,040625E+3	1,310631E+0	2,040625E+3	1,203436E-1	2,040625E+3	1,652605E+0	2,040625E+3	9,277177E-2	2,040625E+3	2,015084E+0	2,040625E+3	5,510916E-2
2,042187E+3	7,854042E-1	2,042187E+3	2,494441E-1	2,042187E+3	7,925728E-1	2,042187E+3	2,566293E-1	2,042187E+3	8,153743E-1	2,042187E+3	2,501090E-1	2,042187E+3	9,464286E-1	2,042187E+3	2,146568E-1	2,042187E+3	1,322351E+0	2,042187E+3	1,239201E-1	2,042187E+3	1,665985E+0	2,042187E+3	8,503976E-2	2,042187E+3	1,981891E+0	2,042187E+3	4,527416E-2
2,043750E+3	7,872645E-1	2,043750E+3	2,693139E-1	2,043750E+3	7,921941E-1	2,043750E+3	2,690168E-1	2,043750E+3	8,133085E-1	2,043750E+3	2,613129E-1	2,043750E+3	9,411970E-1	2,043750E+3	2,202507E-1	2,043750E+3	1,303134E+0	2,043750E+3	1,551434E-1	2,043750E+3	1,667738E+0	2,043750E+3	8,652573E-2	2,043750E+3	2,007572E+0	2,043750E+3	5,231853E-2
2,045312E+3	7,949222E-1	2,045312E+3	2,793259E-1	2,045312E+3	7,904800E-1	2,045312E+3	2,798708E-1	2,045312E+3	8,164858E-1	2,045312E+3	2,717538E-1	2,045312E+3	9,411755E-1	2,045312E+3	2,189701E-1	2,045312E+3	1,315151E+0	2,045312E+3	1,833867E-1	2,045312E+3	1,652875E+0	2,045312E+3	1,061066E-1	2,045312E+3	1,989900E+0	2,045312E+3	5,008786E-2
2,046875E+3	7,909903E-1	2,046875E+3	2,914107E-1	2,046875E+3	7,905127E-1	2,046875E+3	2,923971E-1	2,046875E+3	8,147909E-1	2,046875E+3	2,811075E-1	2,046875E+3	9,457104E-1	2,046875E+3	2,363059E-1	2,046875E+3	1,338326E+0	2,046875E+3	1,869681E-1	2,046875E+3	1,662937E+0	2,046875E+3	1,370984E-1	2,046875E+3	2,014031E+0	2,046875E+3	1,048046E-1
2,048437E+3	7,878131E-1	2,048437E+3	3,028409E-1	2,048437E+3	7,898646E-1	2,048437E+3	3,024356E-1	2,048437E+3	8,161316E-1	2,048437E+3	2,917445E-1	2,048437E+3	9,440016E-1	2,048437E+3	2,573303E-1	2,048437E+3	1,333101E+0	2,048437E+3	1,590827E-1	2,048437E+3	1,680944E+0	2,048437E+3	1,412865E-1	2,048437E+3	2,004954E+0	2,048437E+3	1,654318E-1
2,050000E+3	7,891918E-1	2,050000E+3	3,139368E-1	2,050000E+3	7,908775E-1	2,050000E+3	3,137764E-1	2,050000E+3	8,169448E-1	2,050000E+3	3,030963E-1	2,050000E+3	9,468657E-1	2,050000E+3	2,710030E-1	2,050000E+3	1,342600E+0	2,050000E+3	1,524538E-1	2,050000E+3	1,650912E+0	2,050000E+3	1,392746E-1	2,050000E+3	2,038432E+0	2,050000E+3	1,541615E-1
2,051562E+3	7,910662E-1	2,051562E+3	3,321656E-1	2,051562E+3	7,892229E-1	2,051562E+3	3,220800E-1	2,051562E+3	8,144575E-1	2,051562E+3	3,154623E-1	2,051562E+3	9,499707E-1	2,051562E+3	2,758219E-1	2,051562E+3	1,330103E+0	2,051562E+3	1,712393E-1	2,051562E+3	1,645079E+0	2,051562E+3	1,260528E-1	2,051562E+3	2,029538E+0	2,051562E+3	1,219307E-1
2,053125E+3	7,885770E-1	2,053125E+3	3,385168E-1	2,053125E+3	7,918417E-1	2,053125E+3	3,383079E-1	2,053125E+3	8,188941E-1	2,053125E+3	3,287863E-1	2,053125E+3	9,497321E-1	2,053125E+3	2,791766E-1	2,053125E+3	1,339680E+0	2,053125E+3	1,794266E-1	2,053125E+3	1,652124E+0	2,053125E+3	1,744643E-1	2,053125E+3	2,013673E+0	2,053125E+3	1,066566E-1
2,054687E+3	7,917674E-1	2,054687E+3	3,394744E-1	2,054687E+3	7,927817E-1	2,054687E+3	3,494503E-1	2,054687E+3	8,184335E-1	2,054687E+3	3,420879E-1	2,054687E+3	9,453847E-1	2,054687E+3	2,968180E-1	2,054687E+3	1,332693E+0	2,054687E+3	2,222715E-1	2,054687E+3	1,664379E+0	2,054687E+3	1,988621E-1	2,054687E+3	1,987169E+0	2,054687E+3	1,065402E-1
2,056250E+3	7,923368E-1	2,056250E+3	3,590766E-1	2,056250E+3	7,924979E-1	2,056250E+3	3,580561E-1	2,056250E+3	8,162792E-1	2,056250E+3	3,506944E-1	2,056250E+3	9,465224E-1	2,056250E+3	3,065512E-1	2,056250E+3	1,323772E+0	2,056250E+3	2,396567E-1	2,056250E+3	1,662512E+0	2,056250E+3	1,689000E-1	2,056250E+3	1,976756E+0	2,056250E+3	9,963515E-2
2,057812E+3	7,890464E-1	2,057812E+3	3,697509E-1	2,057812E+3	7,943421E-1	2,057812E+3	3,683196E-1	2,057812E+3	8,189231E-1	2,057812E+3	3,615697E-1	2,057812E+3	9,342387E-1	2,057812E+3	3,246718E-1	2,057812E+3	1,323557E+0	2,057812E+3	2,461940E-1	2,057812E+3	1,656791E+0	2,057812E+3	1,813734E-1	2,057812E+3	1,986921E+0	2,057812E+3	9,739113E-2
2,059375E+3	7,866339E-1	2,059375E+3	3,840702E-1	2,059375E+3	7,988314E-1	2,059375E+3	3,794522E-1	2,059375E+3	8,188802E-1	2,059375E+3	3,726743E-1	2,059375E+3	9,357757E-1	2,059375E+3	3,347440E-1	2,059375E+3	1,331598E+0	2,059375E+3	2,419891E-1	2,059375E+3	1,664384E+0	2,059375E+3	1,975403E-1	2,059375E+3	1,997083E+0	2,059375E+3	1,262413E-1
2,060937E+3	7,853904E-1	2,060937E+3	3,936956E-1	2,060937E+3	7,996756E-1	2,060937E+3	3,919881E-1	2,060937E+3	8,225671E-1	2,060937E+3	3,834968E-1	2,060937E+3	9,431682E-1	2,060937E+3	3,457678E-1	2,060937E+3	1,330944E+0	2,060937E+3	2,494735E-1	2,060937E+3	1,676940E+0	2,060937E+3	1,837535E-1	2,060937E+3	1,991315E+0	2,060937E+3	1,492574E-1
2,062500E+3	7,888614E-1	2,062500E+3	4,078266E-1	2,062500E+3	7,951882E-1	2,062500E+3	4,035392E-1	2,062500E+3	8,220641E-1	2,062500E+3	3,964890E-1	2,062500E+3	9,418607E-1	2,062500E+3	3,581050E-1	2,062500E+3	1,320897E+0	2,062500E+3	2,592313E-1	2,062500E+3	1,675774E+0	2,062500E+3	1,866571E-1	2,062500E+3	2,036960E+0	2,062500E+3	1,632583E-1
2,064062E+3	7,978646E-1	2,064062E+3	4,146070E-1	2,064062E+3	7,954712E-1	2,064062E+3	4,164685E-1	2,064062E+3	8,240452E-1	2,064062E+3	4,074541E-1	2,064062E+3	9,482046E-1	2,064062E+3	3,703301E-1	2,064062E+3	1,338918E+0	2,064062E+3	2,721426E-1	2,064062E+3	1,671210E+0	2,064062E+3	2,205978E-1	2,064062E+3	2,004577E+0	2,064062E+3	1,888106E-1
2,065625E+3	7,981476E-1	2,065625E+3	4,234374E-1	2,065625E+3	7,972552E-1	2,065625E+3	4,280946E-1	2,065625E+3	8,259565E-1	2,065625E+3	4,194644E-1	2,065625E+3	9,429362E-1	2,065625E+3	3,823345E-1	2,065625E+3	1,316529E+0	2,065625E+3	2,700933E-1	2,065625E+3	1,669862E+0	2,065625E+3	2,376675E-1	2,065625E+3	2,013496E+0	2,065625E+3	1,787809E-1
2,067187E+3	7,972028E-1	2,067187E+3	4,368722E-1	2,067187E+3	8,003053E-1	2,067187E+3	4,381635E-1	2,067187E+3	8,276153E-1	2,067187E+3	4,274978E-1	2,067187E+3	9,460865E-1	2,067187E+3	3,950744E-1	2,067187E+3	1,323408E+0	2,067187E+3	2,903743E-1	2,067187E+3	1,680652E+0	2,067187E+3	2,155036E-1	2,067187E+3	2,025950E+0	2,067187E+3	1,781519E-1
2,068750E+3	7,992165E-1	2,068750E+3	4,496158E-1	2,068750E+3	8,017034E-1	2,068750E+3	4,474289E-1	2,068750E+3	8,269936E-1	2,068750E+3	4,391971E-1	2,068750E+3	9,532734E-1	2,068750E+3	3,939523E-1	2,068750E+3	1,325356E+0	2,068750E+3	3,119821E-1	2,068750E+3	1,669261E+0	2,068750E+3	2,163882E-1	2,068750E+3	2,012671E+0	2,068750E+3	1,604311E-1
2,070312E+3	8,087110E-1	2,070312E+3	4,555697E-1	2,070312E+3	8,001361E-1	2,070312E+3	4,583863E-1	2,070312E+3	8,284513E-1	2,070312E+3	4,534075E-1	2,070312E+3	9,549565E-1	2,070312E+3	4,042715E-1	2,070312E+3	1,320972E+0	2,070312E+3	3,104921E-1	2,070312E+3	1,656062E+0	2,070312E+3	2,414875E-1	2,070312E+3	2,017852E+0	2,070312E+3	1,303783E-1
2,071875E+3	8,096862E-1	2,071875E+3	4,658154E-1	2,071875E+3	8,036467E-1	2,071875E+3	4,686953E-1	2,071875E+3	8,290473E-1	2,071875E+3	4,593856E-1	2,071875E+3	9,490338E-1	2,071875E+3	4,166693E-1	2,071875E+3	1,317032E+0	2,071875E+3	2,947240E-1	2,071875E+3	1,668063E+0	2,071875E+3	2,548480E-1	2,071875E+3	2,012165E+0	2,071875E+3	1,779816E-1
2,073437E+3	8,024417E-1	2,073437E+3	4,780197E-1	2,073437E+3	8,048617E-1	2,073437E+3	4,796887E-1	2,073437E+3	8,326905E-1	2,073437E+3	4,734966E-1	2,073437E+3	9,553445E-1	2,073437E+3	4,293109E-1	2,073437E+3	1,323039E+0	2,073437E+3	3,125278E-1	2,073437E+3	1,675961E+0	2,073437E+3	2,504202E-1	2,073437E+3	1,987457E+0	2,073437E+3	1,967052E-1
2,075000E+3	8,003748E-1	2,075000E+3	4,844699E-1	2,075000E+3	8,045661E-1	2,075000E+3	4,926636E-1	2,075000E+3	8,303183E-1	2,075000E+3	4,844630E-1	2,075000E+3	9,490138E-1	2,075000E+3	4,348359E-1	2,075000E+3	1,316551E+0	2,075000E+3	3,257316E-1	2,075000E+3	1,664400E+0	2,075000E+3	2,622910E-1	2,075000E+3	2,015663E+0	2,075000E+3	1,739130E-1
2,076562E+3	8,019834E-1	2,076562E+3	5,085850E-1	2,076562E+3	8,060086E-1	2,076562E+3	5,035644E-1	2,076562E+3	8,306684E-1	2,076562E+3	4,920740E-1	2,076562E+3	9,479933E-1	2,076562E+3	4,502453E-1	2,076562E+3	1,334748E+0	2,076562E+3	3,254977E-1	2,076562E+3	1,661234E+0	2,076562E+3	2,837111E-1	2,076562E+3	1,998762E+0	2,076562E+3	1,764225E-1
2,078125E+3	8,033673E-1	2,078125E+3	5,202859E-1	2,078125E+3	8,095049E-1	2,078125E+3	5,117578E-1	2,078125E+3	8,314733E-1	2,078125E+3	5,024036E-1	2,078125E+3	9,489428E-1	2,078125E+3	4,601410E-1	2,078125E+3	1,345187E+0	2,078125E+3	3,304807E-1	2,078125E+3	1,687310E+0	2,078125E+3	2,805511E-1	2,078125E+3	1,990792E+0	2,078125E+3	1,838030E-1
2,079687E+3	8,110135E-1	2,079687E+3	5,197676E-1	2,079687E+3	8,087344E-1	2,079687E+3	5,254963E-1	2,079687E+3	8,310304E-1	2,079687E+3	5,165093E-1	2,079687E+3	9,565198E-1	2,079687E+3	4,741126E-1	2,079687E+3	1,336318E+0	2,079687E+3	3,669733E-1	2,079687E+3	1,682976E+0	2,079687E+3	2,817314E-1	2,079687E+3	2,012573E+0	2,079687E+3	1,837843E-1
2,081250E+3	8,093141E-1	2,081250E+3	5,438089E-1	2,081250E+3	8,101230E-1	2,081250E+3	5,392459E-1	2,081250E+3	8,328573E-1	2,081250E+3	5,304646E-1	2,081250E+3	9,541656E-1	2,081250E+3	4,855597E-1	2,081250E+3	1,351958E+0	2,081250E+3	3,749530E-1	2,081250E+3	1,658906E+0	2,081250E+3	2,950993E-1	2,081250E+3	2,014352E+0	2,081250E+3	2,070155E-1
2,082812E+3	8,097470E-1	2,082812E+3	5,500489E-1	2,082812E+3	8,145505E-1	2,082812E+3	5,496062E-1	2,082812E+3	8,368168E-1	2,082812E+3	5,401880E-1	2,082812E+3	9,591034E-1	2,082812E+3	4,833416E-1	2,082812E+3	1,343963E+0	2,082812E+3	3,824742E-1	2,082812E+3	1,636734E+0	2,082812E+3	2,901812E-1	2,082812E+3	2,006420E+0	2,082812E+3	2,231356E-1
2,084375E+3	8,157139E-1	2,084375E+3	5,549477E-1	2,084375E+3	8,136611E-1	2,084375E+3	5,575666E-1	2,084375E+3	8,375276E-1	2,084375E+3	5,487141E-1	2,084375E+3	9,590377E-1	2,084375E+3	4,911892E-1	2,084375E+3	1,340292E+0	2,084375E+3	3,888453E-1	2,084375E+3	1,657382E+0	2,084375E+3	3,034495E-1	2,084375E+3	2,017921E+0	2,084375E+3	2,337026E-1
2,085937E+3	8,112894E-1	2,085937E+3	5,729063E-1	2,085937E+3	8,181432E-1	2,085937E+3	5,695912E-1	2,085937E+3	8,426550E-1	2,085937E+3	5,610328E-1	2,085937E+3	9,648264E-1	2,085937E+3	5,012511E-1	2,085937E+3	1,334984E+0	2,085937E+3	3,879892E-1	2,085937E+3	1,649281E+0	2,085937E+3	3,189248E-1	2,085937E+3	2,000443E+0	2,085937E+3	2,186084E-1
2,087500E+3	8,100236E-1	2,087500E+3	5,800575E-1	2,087500E+3	8,194919E-1	2,087500E+3	5,785935E-1	2,087500E+3	8,440530E-1	2,087500E+3	5,693649E-1	2,087500E+3	9,596819E-1	2,087500E+3	5,110848E-1	2,087500E+3	1,342934E+0	2,087500E+3	4,136926E-1	2,087500E+3	1,662530E+0	2,087500E+3	2,986982E-1	2,087500E+3	1,997916E+0	2,087500E+3	2,269478E-1
2,089062E+3	8,058693E-1	2,089062E+3	5,904953E-1	2,089062E+3	8,167338E-1	2,089062E+3	5,913898E-1	2,089062E+3	8,418557E-1	2,089062E+3	5,816922E-1	2,089062E+3	9,563746E-1	2,089062E+3	5,230397E-1	2,089062E+3	1,333028E+0	2,089062E+3	4,122142E-1	2,089062E+3	1,655048E+0	2,089062E+3	3,010436E-1	2,089062E+3	1,975525E+0	2,089062E+3	2,395019E-1
2,090625E+3	8,046946E-1	2,090625E+3	6,072329E-1	2,090625E+3	8,193450E-1	2,090625E+3	5,976673E-1	2,090625E+3	8,478657E-1	2,090625E+3	5,893252E-1	2,090625E+3	9,650524E-1	2,090625E+3	5,386969E-1	2,090625E+3	1,329325E+0	2,090625E+3	4,203079E-1	2,090625E+3	1,650545E+0	2,090625E+3	3,282660E-1	2,090625E+3	1,970966E+0	2,090625E+3	2,368805E-1
2,092187E+3	8,185279E-1	2,092187E+3	6,150900E-1	2,092187E+3	8,228336E-1	2,092187E+3	6,141374E-1	2,092187E+3	8,499442E-1	2,092187E+3	6,047398E-1	2,092187E+3	9,629502E-1	2,092187E+3	5,521618E-1	2,092187E+3	1,336121E+0	2,092187E+3	4,338562E-1	2,092187E+3	1,669365E+0	2,092187E+3	3,452222E-1	2,092187E+3	1,998762E+0	2,092187E+3	2,867204E-1
2,093750E+3	8,175346E-1	2,093750E+3	6,231857E-1	2,093750E+3	8,198060E-1	2,093750E+3	6,215989E-1	2,093750E+3	8,461713E-1	2,093750E+3	6,158800E-1	2,093750E+3	9,711512E-1	2,093750E+3	5,663582E-1	2,093750E+3	1,349521E+0	2,093750E+3	4,441812E-1	2,093750E+3	1,672147E+0	2,093750E+3	3,328112E-1	2,093750E+3	2,013162E+0	2,093750E+3	2,970065E-1
2,095312E+3	8,172915E-1	2,095312E+3	6,365252E-1	2,095312E+3	8,249041E-1	2,095312E+3	6,370957E-1	2,095312E+3	8,482563E-1	2,095312E+3	6,254571E-1	2,095312E+3	9,755619E-1	2,095312E+3	5,715701E-1	2,095312E+3	1,352011E+0	2,095312E+3	4,398313E-1	2,095312E+3	1,660318E+0	2,095312E+3	3,316466E-1	2,095312E+3	2,009276E+0	2,095312E+3	2,706492E-1
2,096875E+3	8,268435E-1	2,096875E+3	6,584823E-1	2,096875E+3	8,245350E-1	2,096875E+3	6,466133E-1	2,096875E+3	8,518258E-1	2,096875E+3	6,350580E-1	2,096875E+3	9,662316E-1	2,096875E+3	5,846057E-1	2,096875E+3	1,342941E+0	2,096875E+3	4,459633E-1	2,096875E+3	1,672379E+0	2,096875E+3	3,527489E-1	2,096875E+3	2,038532E+0	2,096875E+3	2,286234E-1
2,098437E+3	8,285240E-1	2,098437E+3	6,708681E-1	2,098437E+3	8,281917E-1	2,098437E+3	6,611800E-1	2,098437E+3	8,537704E-1	2,098437E+3	6,467218E-1	2,098437E+3	9,667175E-1	2,098437E+3	5,912294E-1	2,098437E+3	1,345412E+0	2,098437E+3	4,324201E-1	2,098437E+3	1,657212E+0	2,098437E+3	3,612655E-1	2,098437E+3	2,017749E+0	2,098437E+3	2,513599E-1
2,100000E+3	8,282384E-1	2,100000E+3	6,704472E-1	2,100000E+3	8,315948E-1	2,100000E+3	6,684250E-1	2,100000E+3	8,564158E-1	2,100000E+3	6,529105E-1	2,100000E+3	9,750733E-1	2,100000E+3	5,975508E-1	2,100000E+3	1,345929E+0	2,100000E+3	4,444939E-1	2,100000E+3	1,668765E+0	2,100000E+3	4,028670E-1	2,100000E+3	2,006850E+0	2,100000E+3	2,726234E-1
2,101562E+3	8,226999E-1	2,101562E+3	6,700070E-1	2,101562E+3	8,263687E-1	2,101562E+3	6,715911E-1	2,101562E+3	8,563484E-1	2,101562E+3	6,676862E-1	2,101562E+3	9,798851E-1	2,101562E+3	6,109608E-1	2,101562E+3	1,343993E+0	2,101562E+3	4,739364E-1	2,101562E+3	1,682211E+0	2,101562E+3	4,059751E-1	2,101562E+3	1,991304E+0	2,101562E+3	3,052175E-1
2,103125E+3	8,246373E-1	2,103125E+3	6,786701E-1	2,103125E+3	8,286910E-1	2,103125E+3	6,869944E-1	2,103125E+3	8,567264E-1	2,103125E+3	6,802499E-1	2,103125E+3	9,749079E-1	2,103125E+3	6,232437E-1	2,103125E+3	1,339036E+0	2,103125E+3	4,878888E-1	2,103125E+3	1,685895E+0	2,103125E+3	3,872714E-1	2,103125E+3	1,981471E+0	2,103125E+3	3,131448E-1
2,104687E+3	8,273028E-1	2,104687E+3	6,927289E-1	2,104687E+3	8,335637E-1	2,104687E+3	6,971128E-1	2,104687E+3	8,575274E-1	2,104687E+3	6,881540E-1	2,104687E+3	9,798206E-1	2,104687E+3	6,307186E-1	2,104687E+3	1,331832E+0	2,104687E+3	4,838889E-1	2,104687E+3	1,687988E+0	2,104687E+3	3,843128E-1	2,104687E+3	2,007410E+0	2,104687E+3	2,969663E-1
2,106250E+3	8,402875E-1	2,106250E+3	7,060287E-1	2,106250E+3	8,376492E-1	2,106250E+3	7,093093E-1	2,106250E+3	8,611503E-1	2,106250E+3	6,981704E-1	2,106250E+3	9,901303E-1	2,106250E+3	6,355459E-1	2,106250E+3	1,360237E+0	2,106250E+3	4,947529E-1	2,106250E+3	1,676187E+0	2,106250E+3	4,003636E-1	2,106250E+3	2,006112E+0	2,106250E+3	3,003749E-1
2,107812E+3	8,417111E-1	2,107812E+3	7,201395E-1	2,107812E+3	8,399486E-1	2,107812E+3	7,194349E-1	2,107812E+3	8,618452E-1	2,107812E+3	7,118247E-1	2,107812E+3	9,820390E-1	2,107812E+3	6,492645E-1	2,107812E+3	1,372631E+0	2,107812E+3	5,091188E-1	2,107812E+3	1,673937E+0	2,107812E+3	3,924680E-1	2,107812E+3	1,992472E+0	2,107812E+3	3,206865E-1
2,109375E+3	8,423029E-1	2,109375E+3	7,252689E-1	2,109375E+3	8,415189E-1	2,109375E+3	7,283454E-1	2,109375E+3	8,634744E-1	2,109375E+3	7,230220E-1	2,109375E+3	9,785732E-1	2,109375E+3	6,642738E-1	2,109375E+3	1,359403E+0	2,109375E+3	5,182095E-1	2,109375E+3	1,656775E+0	2,109375E+3	3,981711E-1	2,109375E+3	2,044456E+0	2,109375E+3	3,090565E-1
2,110937E+3	8,410611E-1	2,110937E+3	7,396774E-1	2,110937E+3	8,426331E-1	2,110937E+3	7,419191E-1	2,110937E+3	8,664710E-1	2,110937E+3	7,330085E-1	2,110937E+3	9,816513E-1	2,110937E+3	6,773308E-1	2,110937E+3	1,352487E+0	2,110937E+3	5,251115E-1	2,110937E+3	1,697032E+0	2,110937E+3	4,193201E-1	2,110937E+3	2,057917E+0	2,110937E+3	3,035363E-1
2,112500E+3	8,372416E-1	2,112500E+3	7,500737E-1	2,112500E+3	8,411593E-1	2,112500E+3	7,508727E-1	2,112500E+3	8,638995E-1	2,112500E+3	7,439165E-1	2,112500E+3	9,807729E-1	2,112500E+3	6,852323E-1	2,112500E+3	1,360361E+0	2,112500E+3	5,256510E-1	2,112500E+3	1,721262E+0	2,112500E+3	4,120011E-1	2,112500E+3	2,036182E+0	2,112500E+3	3,131747E-1
2,114062E+3	8,388470E-1	2,114062E+3	7,655669E-1	2,114062E+3	8,468761E-1	2,114062E+3	7,652250E-1	2,114062E+3	8,701306E-1	2,114062E+3	7,560807E-1	2,114062E+3	9,917252E-1	2,114062E+3	6,917018E-1	2,114062E+3	1,372704E+0	2,114062E+3	5,336955E-1	2,114062E+3	1,712048E+0	2,114062E+3	4,014400E-1	2,114062E+3	2,033424E+0	2,114062E+3	3,333962E-1
2,115625E+3	8,408886E-1	2,115625E+3	7,727685E-1	2,115625E+3	8,473679E-1	2,115625E+3	7,735651E-1	2,115625E+3	8,720998E-1	2,115625E+3	7,642740E-1	2,115625E+3	9,924154E-1	2,115625E+3	7,055021E-1	2,115625E+3	1,375549E+0	2,115625E+3	5,540006E-1	2,115625E+3	1,668546E+0	2,115625E+3	4,304425E-1	2,115625E+3	2,023694E+0	2,115625E+3	3,221976E-1
2,117187E+3	8,487801E-1	2,117187E+3	7,827039E-1	2,117187E+3	8,460235E-1	2,117187E+3	7,836267E-1	2,117187E+3	8,705161E-1	2,117187E+3	7,744507E-1	2,117187E+3	9,904530E-1	2,117187E+3	7,185674E-1	2,117187E+3	1,361084E+0	2,117187E+3	5,701444E-1	2,117187E+3	1,666133E+0	2,117187E+3	4,447242E-1	2,117187E+3	2,022774E+0	2,117187E+3	3,425816E-1
2,118750E+3	8,553858E-1	2,118750E+3	7,986142E-1	2,118750E+3	8,499358E-1	2,118750E+3	7,905739E-1	2,118750E+3	8,751457E-1	2,118750E+3	7,808328E-1	2,118750E+3	9,891497E-1	2,118750E+3	7,293964E-1	2,118750E+3	1,365114E+0	2,118750E+3	5,784493E-1	2,118750E+3	1,705199E+0	2,118750E+3	4,383231E-1	2,118750E+3	2,013875E+0	2,118750E+3	3,297410E-1
2,120312E+3	8,531921E-1	2,120312E+3	8,109261E-1	2,120312E+3	8,554637E-1	2,120312E+3	8,066289E-1	2,120312E+3	8,798260E-1	2,120312E+3	7,948850E-1	2,120312E+3	9,935545E-1	2,120312E+3	7,332559E-1	2,120312E+3	1,376781E+0	2,120312E+3	5,872810E-1	2,120312E+3	1,685399E+0	2,120312E+3	4,409785E-1	2,120312E+3	1,999673E+0	2,120312E+3	3,281074E-1
2,121875E+3	8,516908E-1	2,121875E+3	8,193062E-1	2,121875E+3	8,543582E-1	2,121875E+3	8,183667E-1	2,121875E+3	8,781420E-1	2,121875E+3	8,066823E-1	2,121875E+3	1,001431E+0	2,121875E+3	7,423172E-1	2,121875E+3	1,380763E+0	2,121875E+3	5,773944E-1	2,121875E+3	1,682953E+0	2,121875E+3	4,495058E-1	2,121875E+3	1,997590E+0	2,121875E+3	3,167333E-1
2,123437E+3	8,566112E-1	2,123437E+3	8,340601E-1	2,123437E+3	8,541253E-1	2,123437E+3	8,285989E-1	2,123437E+3	8,821013E-1	2,123437E+3	8,196102E-1	2,123437E+3	9,972856E-1	2,123437E+3	7,571515E-1	2,123437E+3	1,370422E+0	2,123437E+3	5,981364E-1	2,123437E+3	1,686059E+0	2,123437E+3	4,709587E-1	2,123437E+3	2,007099E+0	2,123437E+3	3,466608E-1
2,125000E+3	8,589399E-1	2,125000E+3	8,405545E-1	2,125000E+3	8,589653E-1	2,125000E+3	8,409716E-1	2,125000E+3	8,856824E-1	2,125000E+3	8,251394E-1	2,125000E+3	1,000702E+0	2,125000E+3	7,692637E-1	2,125000E+3	1,361187E+0	2,125000E+3	6,223775E-1	2,125000E+3	1,677316E+0	2,125000E+3	4,863085E-1	2,125000E+3	2,001060E+0	2,125000E+3	3,593870E-1
2,126562E+3	8,666472E-1	2,126562E+3	8,454484E-1	2,126562E+3	8,627613E-1	2,126562E+3	8,516642E-1	2,126562E+3	8,885826E-1	2,126562E+3	8,373635E-1	2,126562E+3	1,008084E+0	2,126562E+3	7,773152E-1	2,126562E+3	1,356677E+0	2,126562E+3	6,081393E-1	2,126562E+3	1,689505E+0	2,126562E+3	4,672048E-1	2,126562E+3	2,022874E+0	2,126562E+3	3,407152E-1
2,128125E+3	8,708734E-1	2,128125E+3	8,614555E-1	2,128125E+3	8,680604E-1	2,128125E+3	8,616209E-1	2,128125E+3	8,876897E-1	2,128125E+3	8,501273E-1	2,128125E+3	1,002446E+0	2,128125E+3	7,877473E-1	2,128125E+3	1,373540E+0	2,128125E+3	6,235251E-1	2,128125E+3	1,712712E+0	2,128125E+3	4,967407E-1	2,128125E+3	2,024425E+0	2,128125E+3	3,708972E-1
2,129687E+3	8,635431E-1	2,129687E+3	8,742758E-1	2,129687E+3	8,694322E-1	2,129687E+3	8,709817E-1	2,129687E+3	8,911349E-1	2,129687E+3	8,610966E-1	2,129687E+3	1,000212E+0	2,129687E+3	7,936952E-1	2,129687E+3	1,362456E+0	2,129687E+3	6,387883E-1	2,129687E+3	1,721858E+0	2,129687E+3	5,004817E-1	2,129687E+3	1,997810E+0	2,129687E+3	3,892311E-1
2,131250E+3	8,620961E-1	2,131250E+3	8,886839E-1	2,131250E+3	8,669525E-1	2,131250E+3	8,805812E-1	2,131250E+3	8,917636E-1	2,131250E+3	8,729332E-1	2,131250E+3	1,004197E+0	2,131250E+3	8,000018E-1	2,131250E+3	1,377215E+0	2,131250E+3	6,323218E-1	2,131250E+3	1,708527E+0	2,131250E+3	4,925362E-1	2,131250E+3	2,038186E+0	2,131250E+3	3,868737E-1
2,132812E+3	8,655633E-1	2,132812E+3	9,005731E-1	2,132812E+3	8,709234E-1	2,132812E+3	8,939534E-1	2,132812E+3	8,915320E-1	2,132812E+3	8,828167E-1	2,132812E+3	1,023663E+0	2,132812E+3	8,207868E-1	2,132812E+3	1,376141E+0	2,132812E+3	6,587408E-1	2,132812E+3	1,707492E+0	2,132812E+3	5,148856E-1	2,132812E+3	2,028728E+0	2,132812E+3	3,956185E-1
2,134375E+3	8,692884E-1	2,134375E+3	9,039691E-1	2,134375E+3	8,755671E-1	2,134375E+3	9,124125E-1	2,134375E+3	8,971024E-1	2,134375E+3	8,937261E-1	2,134375E+3	1,022560E+0	2,134375E+3	8,268379E-1	2,134375E+3	1,377705E+0	2,134375E+3	6,665121E-1	2,134375E+3	1,719732E+0	2,134375E+3	5,261213E-1	2,134375E+3	2,003024E+0	2,134375E+3	4,264036E-1
2,135937E+3	8,711861E-1	2,135937E+3	9,202709E-1	2,135937E+3	8,756157E-1	2,135937E+3	9,184576E-1	2,135937E+3	9,038588E-1	2,135937E+3	9,040733E-1	2,135937E+3	1,022925E+0	2,135937E+3	8,347354E-1	2,135937E+3	1,382365E+0	2,135937E+3	6,647029E-1	2,135937E+3	1,700273E+0	2,135937E+3	5,271674E-1	2,135937E+3	2,026644E+0	2,135937E+3	4,292675E-1
2,137500E+3	8,772326E-1	2,137500E+3	9,320748E-1	2,137500E+3	8,787489E-1	2,137500E+3	9,293888E-1	2,137500E+3	9,093120E-1	2,137500E+3	9,151757E-1	2,137500E+3	1,022409E+0	2,137500E+3	8,496048E-1	2,137500E+3	1,376805E+0	2,137500E+3	6,676847E-1	2,137500E+3	1,707429E+0	2,137500E+3	5,150212E-1	2,137500E+3	2,031772E+0	2,137500E+3	4,038035E-1
2,139062E+3	8,802230E-1	2,139062E+3	9,413588E-1	2,139062E+3	8,798620E-1	2,139062E+3	9,426217E-1	2,139062E+3	9,061674E-1	2,139062E+3	9,231803E-1	2,139062E+3	1,023897E+0	2,139062E+3	8,630231E-1	2,139062E+3	1,379536E+0	2,139062E+3	6,883590E-1	2,139062E+3	1,684164E+0	2,139062E+3	5,366360E-1	2,139062E+3	2,013009E+0	2,139062E+3	4,181569E-1
2,140625E+3	8,794846E-1	2,140625E+3	9,511090E-1	2,140625E+3	8,808267E-1	2,140625E+3	9,498868E-1	2,140625E+3	9,091478E-1	2,140625E+3	9,369313E-1	2,140625E+3	1,022787E+0	2,140625E+3	8,693117E-1	2,140625E+3	1,382693E+0	2,140625E+3	7,017303E-1	2,140625E+3	1,687626E+0	2,140625E+3	5,375788E-1	2,140625E+3	2,023831E+0	2,140625E+3	4,346119E-1
2,142187E+3	8,833756E-1	2,142187E+3	9,596434E-1	2,142187E+3	8,865821E-1	2,142187E+3	9,623934E-1	2,142187E+3	9,113122E-1	2,142187E+3	9,472585E-1	2,142187E+3	1,028978E+0	2,142187E+3	8,854851E-1	2,142187E+3	1,413873E+0	2,142187E+3	6,853599E-1	2,142187E+3	1,706419E+0	2,142187E+3	5,247158E-1	2,142187E+3	2,038028E+0	2,142187E+3	4,101372E-1
2,143750E+3	8,923672E-1	2,143750E+3	9,723746E-1	2,143750E+3	8,898398E-1	2,143750E+3	9,741836E-1	2,143750E+3	9,068499E-1	2,143750E+3	9,607068E-1	2,143750E+3	1,030101E+0	2,143750E+3	8,908581E-1	2,143750E+3	1,392116E+0	2,143750E+3	7,090301E-1	2,143750E+3	1,728937E+0	2,143750E+3	5,559607E-1	2,143750E+3	2,051190E+0	2,143750E+3	3,931717E-1
2,145312E+3	8,860951E-1	2,145312E+3	9,864003E-1	2,145312E+3	8,916303E-1	2,145312E+3	9,898162E-1	2,145312E+3	9,125655E-1	2,145312E+3	9,742773E-1	2,145312E+3	1,027462E+0	2,145312E+3	8,996660E-1	2,145312E+3	1,390382E+0	2,145312E+3	7,076988E-1	2,145312E+3	1,702799E+0	2,145312E+3	5,711960E-1	2,145312E+3	2,024221E+0	2,145312E+3	4,253400E-1
2,146875E+3	8,851573E-1	2,146875E+3	9,987677E-1	2,146875E+3	8,883531E-1	2,146875E+3	9,966500E-1	2,146875E+3	9,167216E-1	2,146875E+3	9,795584E-1	2,146875E+3	1,030909E+0	2,146875E+3	9,186167E-1	2,146875E+3	1,400543E+0	2,146875E+3	7,276030E-1	2,146875E+3	1,698293E+0	2,146875E+3	5,677611E-1	2,146875E+3	2,006559E+0	2,146875E+3	4,111136E-1
2,148437E+3	8,896908E-1	2,148437E+3	1,007748E+0	2,148437E+3	8,944911E-1	2,148437E+3	1,009226E+0	2,148437E+3	9,202306E-1	2,148437E+3	9,946133E-1	2,148437E+3	1,033847E+0	2,148437E+3	9,306686E-1	2,148437E+3	1,403579E+0	2,148437E+3	7,275618E-1	2,148437E+3	1,715482E+0	2,148437E+3	5,891341E-1	2,148437E+3	2,036289E+0	2,148437E+3	4,118352E-1
2,150000E+3	8,902779E-1	2,150000E+3	1,021179E+0	2,150000E+3	9,003729E-1	2,150000E+3	1,019115E+0	2,150000E+3	9,214916E-1	2,150000E+3	1,008258E+0	2,150000E+3	1,036536E+0	2,150000E+3	9,413386E-1	2,150000E+3	1,390721E+0	2,150000E+3	7,302193E-1	2,150000E+3	1,694356E+0	2,150000E+3	6,017966E-1	2,150000E+3	2,048194E+0	2,150000E+3	4,247199E-1
2,151562E+3	8,997189E-1	2,151562E+3	1,036359E+0	2,151562E+3	9,047606E-1	2,151562E+3	1,027006E+0	2,151562E+3	9,243885E-1	2,151562E+3	1,017232E+0	2,151562E+3	1,045249E+0	2,151562E+3	9,511215E-1	2,151562E+3	1,407785E+0	2,151562E+3	7,298115E-1	2,151562E+3	1,711443E+0	2,151562E+3	5,816912E-1	2,151562E+3	2,089296E+0	2,151562E+3	4,528381E-1
2,153125E+3	9,020478E-1	2,153125E+3	1,048113E+0	2,153125E+3	9,084686E-1	2,153125E+3	1,044233E+0	2,153125E+3	9,321606E-1	2,153125E+3	1,030128E+0	2,153125E+3	1,052744E+0	2,153125E+3	9,584721E-1	2,153125E+3	1,421509E+0	2,153125E+3	7,401019E-1	2,153125E+3	1,726647E+0	2,153125E+3	5,851901E-1	2,153125E+3	2,102432E+0	2,153125E+3	4,804954E-1
2,154687E+3	9,081371E-1	2,154687E+3	1,045684E+0	2,154687E+3	9,102654E-1	2,154687E+3	1,055919E+0	2,154687E+3	9,328563E-1	2,154687E+3	1,040696E+0	2,154687E+3	1,054850E+0	2,154687E+3	9,706373E-1	2,154687E+3	1,426288E+0	2,154687E+3	7,524944E-1	2,154687E+3	1,738889E+0	2,154687E+3	5,889771E-1	2,154687E+3	2,061386E+0	2,154687E+3	4,220859E-1
2,156250E+3	9,140097E-1	2,156250E+3	1,065870E+0	2,156250E+3	9,122406E-1	2,156250E+3	1,066769E+0	2,156250E+3	9,330547E-1	2,156250E+3	1,051913E+0	2,156250E+3	1,059349E+0	2,156250E+3	9,741471E-1	2,156250E+3	1,409397E+0	2,156250E+3	7,575190E-1	2,156250E+3	1,724063E+0	2,156250E+3	5,774808E-1	2,156250E+3	2,042174E+0	2,156250E+3	4,127956E-1
2,157812E+3	9,068453E-1	2,157812E+3	1,073550E+0	2,157812E+3	9,153180E-1	2,157812E+3	1,077753E+0	2,157812E+3	9,363390E-1	2,157812E+3	1,063247E+0	2,157812E+3	1,058657E+0	2,157812E+3	9,824071E-1	2,157812E+3	1,425037E+0	2,157812E+3	7,888984E-1	2,157812E+3	1,735816E+0	2,157812E+3	5,898347E-1	2,157812E+3	2,019923E+0	2,157812E+3	4,409783E-1
2,159375E+3	9,116216E-1	2,159375E+3	1,094651E+0	2,159375E+3	9,136100E-1	2,159375E+3	1,087578E+0	2,159375E+3	9,453216E-1	2,159375E+3	1,075087E+0	2,159375E+3	1,058408E+0	2,159375E+3	9,958212E-1	2,159375E+3	1,419229E+0	2,159375E+3	7,977564E-1	2,159375E+3	1,734971E+0	2,159375E+3	6,256163E-1	2,159375E+3	2,025856E+0	2,159375E+3	4,514931E-1
2,160937E+3	9,107335E-1	2,160937E+3	1,098104E+0	2,160937E+3	9,198213E-1	2,160937E+3	1,099683E+0	2,160937E+3	9,479714E-1	2,160937E+3	1,087154E+0	2,160937E+3	1,055205E+0	2,160937E+3	1,015270E+0	2,160937E+3	1,427497E+0	2,160937E+3	7,908207E-1	2,160937E+3	1,736934E+0	2,160937E+3	6,496280E-1	2,160937E+3	2,043460E+0	2,160937E+3	4,427171E-1
2,162500E+3	9,244750E-1	2,162500E+3	1,104054E+0	2,162500E+3	9,275061E-1	2,162500E+3	1,112577E+0	2,162500E+3	9,503623E-1	2,162500E+3	1,101200E+0	2,162500E+3	1,056285E+0	2,162500E+3	1,020705E+0	2,162500E+3	1,422208E+0	2,162500E+3	8,267294E-1	2,162500E+3	1,752093E+0	2,162500E+3	6,422475E-1	2,162500E+3	2,067906E+0	2,162500E+3	4,704091E-1
2,164062E+3	9,223819E-1	2,164062E+3	1,121591E+0	2,164062E+3	9,316653E-1	2,164062E+3	1,122096E+0	2,164062E+3	9,555800E-1	2,164062E+3	1,107467E+0	2,164062E+3	1,069682E+0	2,164062E+3	1,033199E+0	2,164062E+3	1,417511E+0	2,164062E+3	8,477402E-1	2,164062E+3	1,752643E+0	2,164062E+3	6,396350E-1	2,164062E+3	2,060805E+0	2,164062E+3	4,957827E-1
2,165625E+3	9,224539E-1	2,165625E+3	1,134146E+0	2,165625E+3	9,320065E-1	2,165625E+3	1,134823E+0	2,165625E+3	9,595138E-1	2,165625E+3	1,121518E+0	2,165625E+3	1,069312E+0	2,165625E+3	1,045623E+0	2,165625E+3	1,426270E+0	2,165625E+3	8,274114E-1	2,165625E+3	1,744722E+0	2,165625E+3	6,670112E-1	2,165625E+3	2,046256E+0	2,165625E+3	4,681184E-1
2,167187E+3	9,323902E-1	2,167187E+3	1,145260E+0	2,167187E+3	9,302857E-1	2,167187E+3	1,143981E+0	2,167187E+3	9,606827E-1	2,167187E+3	1,136111E+0	2,167187E+3	1,063012E+0	2,167187E+3	1,060208E+0	2,167187E+3	1,448756E+0	2,167187E+3	8,377210E-1	2,167187E+3	1,739554E+0	2,167187E+3	6,719166E-1	2,167187E+3	2,051464E+0	2,167187E+3	4,930557E-1
2,168750E+3	9,405035E-1	2,168750E+3	1,156155E+0	2,168750E+3	9,388342E-1	2,168750E+3	1,157421E+0	2,168750E+3	9,639071E-1	2,168750E+3	1,141580E+0	2,168750E+3	1,082798E+0	2,168750E+3	1,066971E+0	2,168750E+3	1,444603E+0	2,168750E+3	8,525665E-1	2,168750E+3	1,751748E+0	2,168750E+3	6,716123E-1	2,168750E+3	2,040309E+0	2,168750E+3	4,642704E-1
2,170312E+3	9,408045E-1	2,170312E+3	1,165642E+0	2,170312E+3	9,451727E-1	2,170312E+3	1,173323E+0	2,170312E+3	9,650521E-1	2,170312E+3	1,154650E+0	2,170312E+3	1,089204E+0	2,170312E+3	1,078630E+0	2,170312E+3	1,438730E+0	2,170312E+3	8,535348E-1	2,170312E+3	1,760729E+0	2,170312E+3	6,782728E-1	2,170312E+3	2,106587E+0	2,170312E+3	4,469003E-1
2,171875E+3	9,427595E-1	2,171875E+3	1,188017E+0	2,171875E+3	9,506330E-1	2,171875E+3	1,184139E+0	2,171875E+3	9,695757E-1	2,171875E+3	1,168887E+0	2,171875E+3	1,089731E+0	2,171875E+3	1,094260E+0	2,171875E+3	1,436301E+0	2,171875E+3	8,667905E-1	2,171875E+3	1,767108E+0	2,171875E+3	6,795152E-1	2,171875E+3	2,088278E+0	2,171875E+3	4,845702E-1
2,173437E+3	9,431958E-1	2,173437E+3	1,203656E+0	2,173437E+3	9,525667E-1	2,173437E+3	1,197307E+0	2,173437E+3	9,772790E-1	2,173437E+3	1,181560E+0	2,173437E+3	1,086899E+0	2,173437E+3	1,087626E+0	2,173437E+3	1,462195E+0	2,173437E+3	8,744203E-1	2,173437E+3	1,728034E+0	2,173437E+3	6,818730E-1	2,173437E+3	2,066528E+0	2,173437E+3	4,767345E-1
2,175000E+3	9,483551E-1	2,175000E+3	1,207873E+0	2,175000E+3	9,507376E-1	2,175000E+3	1,199152E+0	2,175000E+3	9,796331E-1	2,175000E+3	1,192516E+0	2,175000E+3	1,086400E+0	2,175000E+3	1,100218E+0	2,175000E+3	1,462858E+0	2,175000E+3	8,717190E-1	2,175000E+3	1,744764E+0	2,175000E+3	6,777242E-1	2,175000E+3	2,050502E+0	2,175000E+3	4,990369E-1
2,176562E+3	9,555673E-1	2,176562E+3	1,215494E+0	2,176562E+3	9,621624E-1	2,176562E+3	1,222583E+0	2,176562E+3	9,834120E-1	2,176562E+3	1,205554E+0	2,176562E+3	1,093547E+0	2,176562E+3	1,124000E+0	2,176562E+3	1,458035E+0	2,176562E+3	8,672535E-1	2,176562E+3	1,746998E+0	2,176562E+3	6,598470E-1	2,176562E+3	2,076485E+0	2,176562E+3	5,211644E-1
2,178125E+3	9,587519E-1	2,178125E+3	1,227237E+0	2,178125E+3	9,622090E-1	2,178125E+3	1,231450E+0	2,178125E+3	9,858644E-1	2,178125E+3	1,220193E+0	2,178125E+3	1,095491E+0	2,178125E+3	1,133611E+0	2,178125E+3	1,474357E+0	2,178125E+3	8,909963E-1	2,178125E+3	1,767061E+0	2,178125E+3	6,686927E-1	2,178125E+3	2,084929E+0	2,178125E+3	5,362756E-1
2,179687E+3	9,699664E-1	2,179687E+3	1,248645E+0	2,179687E+3	9,683215E-1	2,179687E+3	1,242709E+0	2,179687E+3	9,907423E-1	2,179687E+3	1,227281E+0	2,179687E+3	1,114786E+0	2,179687E+3	1,147051E+0	2,179687E+3	1,477723E+0	2,179687E+3	9,105914E-1	2,179687E+3	1,778175E+0	2,179687E+3	7,054241E-1	2,179687E+3	2,074279E+0	2,179687E+3	5,292989E-1
2,181250E+3	9,663135E-1	2,181250E+3	1,258378E+0	2,181250E+3	9,700331E-1	2,181250E+3	1,251884E+0	2,181250E+3	9,880370E-1	2,181250E+3	1,239224E+0	2,181250E+3	1,109404E+0	2,181250E+3	1,161107E+0	2,181250E+3	1,468620E+0	2,181250E+3	9,319963E-1	2,181250E+3	1,813492E+0	2,181250E+3	7,032234E-1	2,181250E+3	2,105442E+0	2,181250E+3	5,121137E-1
2,182812E+3	9,750375E-1	2,182812E+3	1,274495E+0	2,182812E+3	9,747112E-1	2,182812E+3	1,267966E+0	2,182812E+3	9,998747E-1	2,182812E+3	1,252103E+0	2,182812E+3	1,117433E+0	2,182812E+3	1,180596E+0	2,182812E+3	1,470128E+0	2,182812E+3	9,273488E-1	2,182812E+3	1,783210E+0	2,182812E+3	7,226300E-1	2,182812E+3	2,131788E+0	2,182812E+3	5,004352E-1
2,184375E+3	9,794679E-1	2,184375E+3	1,281472E+0	2,184375E+3	9,797235E-1	2,184375E+3	1,281470E+0	2,184375E+3	1,010359E+0	2,184375E+3	1,265588E+0	2,184375E+3	1,113706E+0	2,184375E+3	1,186936E+0	2,184375E+3	1,476628E+0	2,184375E+3	9,260311E-1	2,184375E+3	1,789713E+0	2,184375E+3	7,397186E-1	2,184375E+3	2,131355E+0	2,184375E+3	5,213975E-1
2,185937E+3	9,876805E-1	2,185937E+3	1,295997E+0	2,185937E+3	9,863888E-1	2,185937E+3	1,293941E+0	2,185937E+3	1,003405E+0	2,185937E+3	1,271849E+0	2,185937E+3	1,121414E+0	2,185937E+3	1,199421E+0	2,185937E+3	1,494672E+0	2,185937E+3	9,576924E-1	2,185937E+3	1,816351E+0	2,185937E+3	7,866429E-1	2,185937E+3	2,116206E+0	2,185937E+3	5,297594E-1
2,187500E+3	9,814951E-1	2,187500E+3	1,307282E+0	2,187500E+3	9,885393E-1	2,187500E+3	1,308852E+0	2,187500E+3	1,016256E+0	2,187500E+3	1,289811E+0	2,187500E+3	1,118446E+0	2,187500E+3	1,198537E+0	2,187500E+3	1,498830E+0	2,187500E+3	9,641640E-1	2,187500E+3	1,820082E+0	2,187500E+3	7,510391E-1	2,187500E+3	2,118894E+0	2,187500E+3	5,120439E-1
2,189062E+3	9,983595E-1	2,189062E+3	1,318960E+0	2,189062E+3	9,900458E-1	2,189062E+3	1,315212E+0	2,189062E+3	1,017239E+0	2,189062E+3	1,306229E+0	2,189062E+3	1,124627E+0	2,189062E+3	1,212961E+0	2,189062E+3	1,473924E+0	2,189062E+3	9,879475E-1	2,189062E+3	1,842757E+0	2,189062E+3	7,530418E-1	2,189062E+3	2,113014E+0	2,189062E+3	5,219801E-1
2,190625E+3	1,003489E+0	2,190625E+3	1,329100E+0	2,190625E+3	9,977905E-1	2,190625E+3	1,329687E+0	2,190625E+3	1,016184E+0	2,190625E+3	1,323511E+0	2,190625E+3	1,128752E+0	2,190625E+3	1,227645E+0	2,190625E+3	1,497876E+0	2,190625E+3	9,849265E-1	2,190625E+3	1,797412E+0	2,190625E+3	7,659518E-1	2,190625E+3	2,102702E+0	2,190625E+3	5,375258E-1
2,192187E+3	1,008264E+0	2,192187E+3	1,339986E+0	2,192187E+3	1,003810E+0	2,192187E+3	1,342952E+0	2,192187E+3	1,024595E+0	2,192187E+3	1,326730E+0	2,192187E+3	1,135022E+0	2,192187E+3	1,235329E+0	2,192187E+3	1,471389E+0	2,192187E+3	9,632697E-1	2,192187E+3	1,810665E+0	2,192187E+3	7,736344E-1	2,192187E+3	2,137787E+0	2,192187E+3	5,395470E-1
2,193750E+3	1,015603E+0	2,193750E+3	1,361867E+0	2,193750E+3	1,011624E+0	2,193750E+3	1,360124E+0	2,193750E+3	1,034348E+0	2,193750E+3	1,338823E+0	2,193750E+3	1,154098E+0	2,193750E+3	1,245664E+0	2,193750E+3	1,475684E+0	2,193750E+3	9,801150E-1	2,193750E+3	1,828538E+0	2,193750E+3	7,962839E-1	2,193750E+3	2,141766E+0	2,193750E+3	5,927337E-1
2,195312E+3	1,008611E+0	2,195312E+3	1,373391E+0	2,195312E+3	1,013105E+0	2,195312E+3	1,371433E+0	2,195312E+3	1,038046E+0	2,195312E+3	1,352087E+0	2,195312E+3	1,154561E+0	2,195312E+3	1,255744E+0	2,195312E+3	1,511164E+0	2,195312E+3	9,858601E-1	2,195312E+3	1,821210E+0	2,195312E+3	7,898699E-1	2,195312E+3	2,172004E+0	2,195312E+3	5,645665E-1
2,196875E+3	1,015292E+0	2,196875E+3	1,383432E+0	2,196875E+3	1,020058E+0	2,196875E+3	1,380531E+0	2,196875E+3	1,040252E+0	2,196875E+3	1,365494E+0	2,196875E+3	1,166474E+0	2,196875E+3	1,269788E+0	2,196875E+3	1,493532E+0	2,196875E+3	9,977700E-1	2,196875E+3	1,815836E+0	2,196875E+3	8,272617E-1	2,196875E+3	2,167812E+0	2,196875E+3	5,800544E-1
2,198437E+3	1,026588E+0	2,198437E+3	1,390469E+0	2,198437E+3	1,027546E+0	2,198437E+3	1,391597E+0	2,198437E+3	1,054038E+0	2,198437E+3	1,372086E+0	2,198437E+3	1,180429E+0	2,198437E+3	1,294357E+0	2,198437E+3	1,502259E+0	2,198437E+3	9,905994E-1	2,198437E+3	1,861155E+0	2,198437E+3	8,488053E-1	2,198437E+3	2,134925E+0	2,198437E+3	5,861753E-1
2,200000E+3	1,030951E+0	2,200000E+3	1,392173E+0	2,200000E+3	1,035270E+0	2,200000E+3	1,406142E+0	2,200000E+3	1,059232E+0	2,200000E+3	1,386350E+0	2,200000E+3	1,179467E+0	2,200000E+3	1,292823E+0	2,200000E+3	1,498826E+0	2,200000E+3	1,016375E+0	2,200000E+3	1,852450E+0	2,200000E+3	8,345520E-1	2,200000E+3	2,138395E+0	2,200000E+3	5,782434E-1
2,201562E+3	1,044436E+0	2,201562E+3	1,412400E+0	2,201562E+3	1,034342E+0	2,201562E+3	1,422492E+0	2,201562E+3	1,059009E+0	2,201562E+3	1,399228E+0	2,201562E+3	1,182238E+0	2,201562E+3	1,303101E+0	2,201562E+3	1,515149E+0	2,201562E+3	1,034196E+0	2,201562E+3	1,875987E+0	2,201562E+3	8,177029E-1	2,201562E+3	2,145260E+0	2,201562E+3	5,537659E-1
2,203125E+3	1,037655E+0	2,203125E+3	1,420749E+0	2,203125E+3	1,036736E+0	2,203125E+3	1,436203E+0	2,203125E+3	1,065950E+0	2,203125E+3	1,412452E+0	2,203125E+3	1,179383E+0	2,203125E+3	1,333037E+0	2,203125E+3	1,530048E+0	2,203125E+3	1,021508E+0	2,203125E+3	1,846721E+0	2,203125E+3	8,232101E-1	2,203125E+3	2,182824E+0	2,203125E+3	5,755256E-1
2,204687E+3	1,038886E+0	2,204687E+3	1,437440E+0	2,204687E+3	1,047148E+0	2,204687E+3	1,452008E+0	2,204687E+3	1,077851E+0	2,204687E+3	1,417492E+0	2,204687E+3	1,192238E+0	2,204687E+3	1,348181E+0	2,204687E+3	1,561754E+0	2,204687E+3	1,066881E+0	2,204687E+3	1,855755E+0	2,204687E+3	8,186908E-1	2,204687E+3	2,176054E+0	2,204687E+3	6,075368E-1
2,206250E+3	1,034774E+0	2,206250E+3	1,453406E+0	2,206250E+3	1,044814E+0	2,206250E+3	1,455277E+0	2,206250E+3	1,084688E+0	2,206250E+3	1,430848E+0	2,206250E+3	1,188487E+0	2,206250E+3	1,347658E+0	2,206250E+3	1,554263E+0	2,206250E+3	1,058971E+0	2,206250E+3	1,867509E+0	2,206250E+3	7,928967E-1	2,206250E+3	2,183676E+0	2,206250E+3	5,981448E-1
2,207812E+3	1,053914E+0	2,207812E+3	1,470735E+0	2,207812E+3	1,064881E+0	2,207812E+3	1,469941E+0	2,207812E+3	1,082042E+0	2,207812E+3	1,452824E+0	2,207812E+3	1,200633E+0	2,207812E+3	1,359336E+0	2,207812E+3	1,572739E+0	2,207812E+3	1,070514E+0	2,207812E+3	1,871708E+0	2,207812E+3	8,029215E-1	2,207812E+3	2,179614E+0	2,207812E+3	6,010213E-1
2,209375E+3	1,071460E+0	2,209375E+3	1,488411E+0	2,209375E+3	1,065814E+0	2,209375E+3	1,484635E+0	2,209375E+3	1,086219E+0	2,209375E+3	1,469658E+0	2,209375E+3	1,201392E+0	2,209375E+3	1,372276E+0	2,209375E+3	1,567543E+0	2,209375E+3	1,065997E+0	2,209375E+3	1,852933E+0	2,209375E+3	8,535284E-1	2,209375E+3	2,149538E+0	2,209375E+3	6,247803E-1
2,210937E+3	1,078474E+0	2,210937E+3	1,503001E+0	2,210937E+3	1,074073E+0	2,210937E+3	1,502509E+0	2,210937E+3	1,095156E+0	2,210937E+3	1,479348E+0	2,210937E+3	1,210370E+0	2,210937E+3	1,373899E+0	2,210937E+3	1,563337E+0	2,210937E+3	1,072552E+0	2,210937E+3	1,835152E+0	2,210937E+3	8,712149E-1	2,210937E+3	2,158011E+0	2,210937E+3	6,359116E-1
2,212500E+3	1,084633E+0	2,212500E+3	1,510224E+0	2,212500E+3	1,073340E+0	2,212500E+3	1,511096E+0	2,212500E+3	1,105050E+0	2,212500E+3	1,490613E+0	2,212500E+3	1,224932E+0	2,212500E+3	1,395638E+0	2,212500E+3	1,567424E+0	2,212500E+3	1,090671E+0	2,212500E+3	1,873723E+0	2,212500E+3	8,664887E-1	2,212500E+3	2,181060E+0	2,212500E+3	5,934717E-1
2,214062E+3	1,077586E+0	2,214062E+3	1,521795E+0	2,214062E+3	1,078434E+0	2,214062E+3	1,520589E+0	2,214062E+3	1,104511E+0	2,214062E+3	1,502595E+0	2,214062E+3	1,214230E+0	2,214062E+3	1,405595E+0	2,214062E+3	1,583290E+0	2,214062E+3	1,115898E+0	2,214062E+3	1,895903E+0	2,214062E+3	8,845175E-1	2,214062E+3	2,207409E+0	2,214062E+3	5,875426E-1
2,215625E+3	1,084365E+0	2,215625E+3	1,533082E+0	2,215625E+3	1,088518E+0	2,215625E+3	1,534961E+0	2,215625E+3	1,105292E+0	2,215625E+3	1,510327E+0	2,215625E+3	1,213594E+0	2,215625E+3	1,416348E+0	2,215625E+3	1,584311E+0	2,215625E+3	1,113722E+0	2,215625E+3	1,928658E+0	2,215625E+3	8,783041E-1	2,215625E+3	2,202799E+0	2,215625E+3	6,400237E-1
2,217187E+3	1,094615E+0	2,217187E+3	1,552031E+0	2,217187E+3	1,095624E+0	2,217187E+3	1,556106E+0	2,217187E+3	1,127888E+0	2,217187E+3	1,525207E+0	2,217187E+3	1,220156E+0	2,217187E+3	1,431747E+0	2,217187E+3	1,604167E+0	2,217187E+3	1,129610E+0	2,217187E+3	1,913778E+0	2,217187E+3	8,680783E-1	2,217187E+3	2,223667E+0	2,217187E+3	6,546182E-1
2,218750E+3	1,107413E+0	2,218750E+3	1,576736E+0	2,218750E+3	1,102609E+0	2,218750E+3	1,567790E+0	2,218750E+3	1,134797E+0	2,218750E+3	1,545271E+0	2,218750E+3	1,240288E+0	2,218750E+3	1,431003E+0	2,218750E+3	1,616805E+0	2,218750E+3	1,126957E+0	2,218750E+3	1,910114E+0	2,218750E+3	9,018077E-1	2,218750E+3	2,216031E+0	2,218750E+3	6,602007E-1
2,220312E+3	1,098588E+0	2,220312E+3	1,581275E+0	2,220312E+3	1,102954E+0	2,220312E+3	1,579737E+0	2,220312E+3	1,130476E+0	2,220312E+3	1,554756E+0	2,220312E+3	1,245623E+0	2,220312E+3	1,448886E+0	2,220312E+3	1,591613E+0	2,220312E+3	1,143376E+0	2,220312E+3	1,910087E+0	2,220312E+3	9,082137E-1	2,220312E+3	2,213148E+0	2,220312E+3	6,826456E-1
2,221875E+3	1,094366E+0	2,221875E+3	1,589107E+0	2,221875E+3	1,110331E+0	2,221875E+3	1,592805E+0	2,221875E+3	1,137284E+0	2,221875E+3	1,571328E+0	2,221875E+3	1,256056E+0	2,221875E+3	1,464169E+0	2,221875E+3	1,600255E+0	2,221875E+3	1,168469E+0	2,221875E+3	1,925018E+0	2,221875E+3	8,960751E-1	2,221875E+3	2,226228E+0	2,221875E+3	6,688564E-1
2,223437E+3	1,115427E+0	2,223437E+3	1,602346E+0	2,223437E+3	1,117304E+0	2,223437E+3	1,611215E+0	2,223437E+3	1,148845E+0	2,223437E+3	1,584709E+0	2,223437E+3	1,266833E+0	2,223437E+3	1,486935E+0	2,223437E+3	1,616425E+0	2,223437E+3	1,167651E+0	2,223437E+3	1,932696E+0	2,223437E+3	8,920550E-1	2,223437E+3	2,219614E+0	2,223437E+3	6,427602E-1
2,225000E+3	1,130704E+0	2,225000E+3	1,618046E+0	2,225000E+3	1,126798E+0	2,225000E+3	1,624954E+0	2,225000E+3	1,158164E+0	2,225000E+3	1,590672E+0	2,225000E+3	1,273827E+0	2,225000E+3	1,484645E+0	2,225000E+3	1,631632E+0	2,225000E+3	1,175011E+0	2,225000E+3	1,920573E+0	2,225000E+3	9,032962E-1	2,225000E+3	2,221199E+0	2,225000E+3	6,197905E-1
2,226562E+3	1,127998E+0	2,226562E+3	1,622959E+0	2,226562E+3	1,137118E+0	2,226562E+3	1,637795E+0	2,226562E+3	1,160663E+0	2,226562E+3	1,615193E+0	2,226562E+3	1,276226E+0	2,226562E+3	1,489462E+0	2,226562E+3	1,614732E+0	2,226562E+3	1,173289E+0	2,226562E+3	1,946028E+0	2,226562E+3	9,270722E-1	2,226562E+3	2,234829E+0	2,226562E+3	6,497067E-1
2,228125E+3	1,129347E+0	2,228125E+3	1,634712E+0	2,228125E+3	1,147288E+0	2,228125E+3	1,647556E+0	2,228125E+3	1,163546E+0	2,228125E+3	1,634969E+0	2,228125E+3	1,276102E+0	2,228125E+3	1,528112E+0	2,228125E+3	1,651499E+0	2,228125E+3	1,180787E+0	2,228125E+3	1,975872E+0	2,228125E+3	9,434678E-1	2,228125E+3	2,271487E+0	2,228125E+3	6,454714E-1
2,229687E+3	1,144130E+0	2,229687E+3	1,665705E+0	2,229687E+3	1,152761E+0	2,229687E+3	1,660061E+0	2,229687E+3	1,167077E+0	2,229687E+3	1,640267E+0	2,229687E+3	1,289769E+0	2,229687E+3	1,534080E+0	2,229687E+3	1,663431E+0	2,229687E+3	1,216589E+0	2,229687E+3	1,953504E+0	2,229687E+3	9,455852E-1	2,229687E+3	2,274640E+0	2,229687E+3	6,883538E-1
2,231250E+3	1,153389E+0	2,231250E+3	1,686937E+0	2,231250E+3	1,156257E+0	2,231250E+3	1,671293E+0	2,231250E+3	1,185414E+0	2,231250E+3	1,652791E+0	2,231250E+3	1,295270E+0	2,231250E+3	1,541714E+0	2,231250E+3	1,664425E+0	2,231250E+3	1,213776E+0	2,231250E+3	1,958844E+0	2,231250E+3	9,741321E-1	2,231250E+3	2,261987E+0	2,231250E+3	7,090561E-1
2,232812E+3	1,178463E+0	2,232812E+3	1,698784E+0	2,232812E+3	1,168065E+0	2,232812E+3	1,690588E+0	2,232812E+3	1,187425E+0	2,232812E+3	1,662391E+0	2,232812E+3	1,305660E+0	2,232812E+3	1,527906E+0	2,232812E+3	1,699158E+0	2,232812E+3	1,187073E+0	2,232812E+3	1,951083E+0	2,232812E+3	9,773919E-1	2,232812E+3	2,271513E+0	2,232812E+3	7,352554E-1
2,234375E+3	1,166891E+0	2,234375E+3	1,703249E+0	2,234375E+3	1,177569E+0	2,234375E+3	1,698130E+0	2,234375E+3	1,202831E+0	2,234375E+3	1,680513E+0	2,234375E+3	1,319675E+0	2,234375E+3	1,570229E+0	2,234375E+3	1,687031E+0	2,234375E+3	1,217667E+0	2,234375E+3	1,938492E+0	2,234375E+3	9,746862E-1	2,234375E+3	2,312924E+0	2,234375E+3	7,058961E-1
2,235937E+3	1,176264E+0	2,235937E+3	1,726389E+0	2,235937E+3	1,180894E+0	2,235937E+3	1,711772E+0	2,235937E+3	1,205755E+0	2,235937E+3	1,690517E+0	2,235937E+3	1,324416E+0	2,235937E+3	1,579780E+0	2,235937E+3	1,693618E+0	2,235937E+3	1,267486E+0	2,235937E+3	1,977441E+0	2,235937E+3	9,626908E-1	2,235937E+3	2,290825E+0	2,235937E+3	7,223652E-1
2,237500E+3	1,194569E+0	2,237500E+3	1,734491E+0	2,237500E+3	1,190275E+0	2,237500E+3	1,728692E+0	2,237500E+3	1,209474E+0	2,237500E+3	1,705778E+0	2,237500E+3	1,327237E+0	2,237500E+3	1,592370E+0	2,237500E+3	1,695272E+0	2,237500E+3	1,268430E+0	2,237500E+3	1,992890E+0	2,237500E+3	1,004808E+0	2,237500E+3	2,292942E+0	2,237500E+3	7,246371E-1
2,239062E+3	1,198200E+0	2,239062E+3	1,742375E+0	2,239062E+3	1,196481E+0	2,239062E+3	1,745022E+0	2,239062E+3	1,217196E+0	2,239062E+3	1,719207E+0	2,239062E+3	1,335724E+0	2,239062E+3	1,609913E+0	2,239062E+3	1,682596E+0	2,239062E+3	1,259009E+0	2,239062E+3	1,991174E+0	2,239062E+3	1,006222E+0	2,239062E+3	2,280921E+0	2,239062E+3	7,000004E-1
2,240625E+3	1,217875E+0	2,240625E+3	1,770061E+0	2,240625E+3	1,211109E+0	2,240625E+3	1,759100E+0	2,240625E+3	1,240201E+0	2,240625E+3	1,739750E+0	2,240625E+3	1,355105E+0	2,240625E+3	1,622388E+0	2,240625E+3	1,668289E+0	2,240625E+3	1,241613E+0	2,240625E+3	2,027442E+0	2,240625E+3	9,858842E-1	2,240625E+3	2,263385E+0	2,240625E+3	6,692428E-1
2,242187E+3	1,208661E+0	2,242187E+3	1,771570E+0	2,242187E+3	1,218353E+0	2,242187E+3	1,765748E+0	2,242187E+3	1,236174E+0	2,242187E+3	1,743405E+0	2,242187E+3	1,351820E+0	2,242187E+3	1,627421E+0	2,242187E+3	1,686713E+0	2,242187E+3	1,275136E+0	2,242187E+3	2,020265E+0	2,242187E+3	1,001244E+0	2,242187E+3	2,255798E+0	2,242187E+3	6,821215E-1
2,243750E+3	1,226176E+0	2,243750E+3	1,783291E+0	2,243750E+3	1,223526E+0	2,243750E+3	1,786095E+0	2,243750E+3	1,252287E+0	2,243750E+3	1,758342E+0	2,243750E+3	1,376812E+0	2,243750E+3	1,643094E+0	2,243750E+3	1,692316E+0	2,243750E+3	1,292915E+0	2,243750E+3	2,041404E+0	2,243750E+3	1,003782E+0	2,243750E+3	2,291962E+0	2,243750E+3	6,977136E-1
2,245312E+3	1,235430E+0	2,245312E+3	1,799716E+0	2,245312E+3	1,229810E+0	2,245312E+3	1,800085E+0	2,245312E+3	1,261079E+0	2,245312E+3	1,774826E+0	2,245312E+3	1,372411E+0	2,245312E+3	1,652816E+0	2,245312E+3	1,707338E+0	2,245312E+3	1,319855E+0	2,245312E+3	2,026610E+0	2,245312E+3	9,941645E-1	2,245312E+3	2,300676E+0	2,245312E+3	6,747448E-1
2,246875E+3	1,246421E+0	2,246875E+3	1,820215E+0	2,246875E+3	1,245956E+0	2,246875E+3	1,806803E+0	2,246875E+3	1,264455E+0	2,246875E+3	1,785465E+0	2,246875E+3	1,386330E+0	2,246875E+3	1,659108E+0	2,246875E+3	1,726692E+0	2,246875E+3	1,313276E+0	2,246875E+3	2,003557E+0	2,246875E+3	9,982744E-1	2,246875E+3	2,309866E+0	2,246875E+3	7,357271E-1
2,248437E+3	1,240379E+0	2,248437E+3	1,818799E+0	2,248437E+3	1,250355E+0	2,248437E+3	1,826753E+0	2,248437E+3	1,274619E+0	2,248437E+3	1,799938E+0	2,248437E+3	1,403052E+0	2,248437E+3	1,683680E+0	2,248437E+3	1,750724E+0	2,248437E+3	1,310614E+0	2,248437E+3	1,992098E+0	2,248437E+3	1,020798E+0	2,248437E+3	2,292249E+0	2,248437E+3	7,352011E-1
2,250000E+3	1,262119E+0	2,250000E+3	1,854116E+0	2,250000E+3	1,258919E+0	2,250000E+3	1,845861E+0	2,250000E+3	1,289518E+0	2,250000E+3	1,808058E+0	2,250000E+3	1,398118E+0	2,250000E+3	1,691627E+0	2,250000E+3	1,755841E+0	2,250000E+3	1,354132E+0	2,250000E+3	2,004876E+0	2,250000E+3	1,018305E+0	2,250000E+3	2,340165E+0	2,250000E+3	7,338573E-1
2,251562E+3	1,262190E+0	2,251562E+3	1,860696E+0	2,251562E+3	1,270905E+0	2,251562E+3	1,864917E+0	2,251562E+3	1,301629E+0	2,251562E+3	1,835153E+0	2,251562E+3	1,397091E+0	2,251562E+3	1,705058E+0	2,251562E+3	1,754913E+0	2,251562E+3	1,356126E+0	2,251562E+3	2,041445E+0	2,251562E+3	1,024731E+0	2,251562E+3	2,312264E+0	2,251562E+3	7,462646E-1
2,253125E+3	1,271559E+0	2,253125E+3	1,871529E+0	2,253125E+3	1,268375E+0	2,253125E+3	1,866583E+0	2,253125E+3	1,301270E+0	2,253125E+3	1,841151E+0	2,253125E+3	1,416855E+0	2,253125E+3	1,710188E+0	2,253125E+3	1,737106E+0	2,253125E+3	1,316668E+0	2,253125E+3	2,033745E+0	2,253125E+3	1,016918E+0	2,253125E+3	2,302733E+0	2,253125E+3	7,385883E-1
2,254687E+3	1,286648E+0	2,254687E+3	1,886401E+0	2,254687E+3	1,291378E+0	2,254687E+3	1,884380E+0	2,254687E+3	1,306616E+0	2,254687E+3	1,858957E+0	2,254687E+3	1,423397E+0	2,254687E+3	1,718188E+0	2,254687E+3	1,778360E+0	2,254687E+3	1,342568E+0	2,254687E+3	2,065790E+0	2,254687E+3	1,033523E+0	2,254687E+3	2,317463E+0	2,254687E+3	7,761727E-1
2,256250E+3	1,306013E+0	2,256250E+3	1,898286E+0	2,256250E+3	1,296550E+0	2,256250E+3	1,901719E+0	2,256250E+3	1,319508E+0	2,256250E+3	1,881925E+0	2,256250E+3	1,419903E+0	2,256250E+3	1,741711E+0	2,256250E+3	1,797316E+0	2,256250E+3	1,376362E+0	2,256250E+3	2,074792E+0	2,256250E+3	1,055017E+0	2,256250E+3	2,348638E+0	2,256250E+3	7,612934E-1
2,257812E+3	1,308310E+0	2,257812E+3	1,920721E+0	2,257812E+3	1,310744E+0	2,257812E+3	1,922880E+0	2,257812E+3	1,332541E+0	2,257812E+3	1,889272E+0	2,257812E+3	1,437431E+0	2,257812E+3	1,764162E+0	2,257812E+3	1,766603E+0	2,257812E+3	1,375764E+0	2,257812E+3	2,046750E+0	2,257812E+3	1,072384E+0	2,257812E+3	2,341385E+0	2,257812E+3	7,853214E-1
2,259375E+3	1,312148E+0	2,259375E+3	1,928615E+0	2,259375E+3	1,322804E+0	2,259375E+3	1,923402E+0	2,259375E+3	1,341686E+0	2,259375E+3	1,904746E+0	2,259375E+3	1,460634E+0	2,259375E+3	1,769266E+0	2,259375E+3	1,774286E+0	2,259375E+3	1,353460E+0	2,259375E+3	2,073684E+0	2,259375E+3	1,074005E+0	2,259375E+3	2,322097E+0	2,259375E+3	7,702120E-1
2,260937E+3	1,322659E+0	2,260937E+3	1,937480E+0	2,260937E+3	1,324037E+0	2,260937E+3	1,945528E+0	2,260937E+3	1,353392E+0	2,260937E+3	1,921268E+0	2,260937E+3	1,478376E+0	2,260937E+3	1,786138E+0	2,260937E+3	1,821449E+0	2,260937E+3	1,382664E+0	2,260937E+3	2,096942E+0	2,260937E+3	1,094267E+0	2,260937E+3	2,350636E+0	2,260937E+3	7,469424E-1
2,262500E+3	1,336546E+0	2,262500E+3	1,954821E+0	2,262500E+3	1,334742E+0	2,262500E+3	1,956367E+0	2,262500E+3	1,361524E+0	2,262500E+3	1,933448E+0	2,262500E+3	1,476081E+0	2,262500E+3	1,797646E+0	2,262500E+3	1,813570E+0	2,262500E+3	1,402155E+0	2,262500E+3	2,073803E+0	2,262500E+3	1,065545E+0	2,262500E+3	2,374615E+0	2,262500E+3	7,499037E-1
2,264062E+3	1,351747E+0	2,264062E+3	1,975256E+0	2,264062E+3	1,357667E+0	2,264062E+3	1,969443E+0	2,264062E+3	1,372367E+0	2,264062E+3	1,943311E+0	2,264062E+3	1,483071E+0	2,264062E+3	1,815398E+0	2,264062E+3	1,815255E+0	2,264062E+3	1,415092E+0	2,264062E+3	2,079527E+0	2,264062E+3	1,081521E+0	2,264062E+3	2,375355E+0	2,264062E+3	7,780069E-1
2,265625E+3	1,359049E+0	2,265625E+3	1,999204E+0	2,265625E+3	1,365251E+0	2,265625E+3	1,992229E+0	2,265625E+3	1,385472E+0	2,265625E+3	1,959754E+0	2,265625E+3	1,500292E+0	2,265625E+3	1,827532E+0	2,265625E+3	1,831206E+0	2,265625E+3	1,386496E+0	2,265625E+3	2,114939E+0	2,265625E+3	1,142164E+0	2,265625E+3	2,401587E+0	2,265625E+3	8,058713E-1
2,267187E+3	1,371775E+0	2,267187E+3	2,004732E+0	2,267187E+3	1,371212E+0	2,267187E+3	2,001201E+0	2,267187E+3	1,391888E+0	2,267187E+3	1,979318E+0	2,267187E+3	1,502128E+0	2,267187E+3	1,837064E+0	2,267187E+3	1,846735E+0	2,267187E+3	1,376368E+0	2,267187E+3	2,141785E+0	2,267187E+3	1,137875E+0	2,267187E+3	2,392455E+0	2,267187E+3	7,898496E-1
2,268750E+3	1,379861E+0	2,268750E+3	2,012901E+0	2,268750E+3	1,389588E+0	2,268750E+3	2,012707E+0	2,268750E+3	1,403515E+0	2,268750E+3	1,981147E+0	2,268750E+3	1,519826E+0	2,268750E+3	1,842307E+0	2,268750E+3	1,860512E+0	2,268750E+3	1,410096E+0	2,268750E+3	2,115160E+0	2,268750E+3	1,141808E+0	2,268750E+3	2,366177E+0	2,268750E+3	7,515012E-1
2,270312E+3	1,392775E+0	2,270312E+3	2,036844E+0	2,270312E+3	1,393829E+0	2,270312E+3	2,024721E+0	2,270312E+3	1,414519E+0	2,270312E+3	2,000649E+0	2,270312E+3	1,526792E+0	2,270312E+3	1,859045E+0	2,270312E+3	1,819240E+0	2,270312E+3	1,439337E+0	2,270312E+3	2,139341E+0	2,270312E+3	1,112336E+0	2,270312E+3	2,373902E+0	2,270312E+3	7,744856E-1
2,271875E+3	1,400627E+0	2,271875E+3	2,043866E+0	2,271875E+3	1,406494E+0	2,271875E+3	2,039674E+0	2,271875E+3	1,422795E+0	2,271875E+3	2,009850E+0	2,271875E+3	1,543690E+0	2,271875E+3	1,871179E+0	2,271875E+3	1,832830E+0	2,271875E+3	1,457717E+0	2,271875E+3	2,125152E+0	2,271875E+3	1,109457E+0	2,271875E+3	2,409789E+0	2,271875E+3	8,029267E-1
2,273437E+3	1,415346E+0	2,273437E+3	2,060302E+0	2,273437E+3	1,417601E+0	2,273437E+3	2,057109E+0	2,273437E+3	1,430846E+0	2,273437E+3	2,043727E+0	2,273437E+3	1,553985E+0	2,273437E+3	1,882450E+0	2,273437E+3	1,841117E+0	2,273437E+3	1,463390E+0	2,273437E+3	2,130875E+0	2,273437E+3	1,105803E+0	2,273437E+3	2,421316E+0	2,273437E+3	8,272567E-1
2,275000E+3	1,427815E+0	2,275000E+3	2,079656E+0	2,275000E+3	1,424299E+0	2,275000E+3	2,078582E+0	2,275000E+3	1,448618E+0	2,275000E+3	2,054810E+0	2,275000E+3	1,557566E+0	2,275000E+3	1,898033E+0	2,275000E+3	1,852297E+0	2,275000E+3	1,474684E+0	2,275000E+3	2,143624E+0	2,275000E+3	1,102491E+0	2,275000E+3	2,407760E+0	2,275000E+3	8,176356E-1
2,276562E+3	1,455108E+0	2,276562E+3	2,094548E+0	2,276562E+3	1,439011E+0	2,276562E+3	2,092632E+0	2,276562E+3	1,463789E+0	2,276562E+3	2,063303E+0	2,276562E+3	1,571270E+0	2,276562E+3	1,913157E+0	2,276562E+3	1,890565E+0	2,276562E+3	1,489662E+0	2,276562E+3	2,149939E+0	2,276562E+3	1,109714E+0	2,276562E+3	2,397734E+0	2,276562E+3	8,139555E-1
2,278125E+3	1,477330E+0	2,278125E+3	2,124617E+0	2,278125E+3	1,462244E+0	2,278125E+3	2,101197E+0	2,278125E+3	1,476126E+0	2,278125E+3	2,080895E+0	2,278125E+3	1,592002E+0	2,278125E+3	1,912804E+0	2,278125E+3	1,891271E+0	2,278125E+3	1,498475E+0	2,278125E+3	2,168001E+0	2,278125E+3	1,147197E+0	2,278125E+3	2,423753E+0	2,278125E+3	8,167196E-1
2,279687E+3	1,467159E+0	2,279687E+3	2,123970E+0	2,279687E+3	1,471983E+0	2,279687E+3	2,121398E+0	2,279687E+3	1,484561E+0	2,279687E+3	2,093308E+0	2,279687E+3	1,594275E+0	2,279687E+3	1,926467E+0	2,279687E+3	1,905034E+0	2,279687E+3	1,511435E+0	2,279687E+3	2,204100E+0	2,279687E+3	1,154237E+0	2,279687E+3	2,439909E+0	2,279687E+3	8,107984E-1
2,281250E+3	1,468200E+0	2,281250E+3	2,124923E+0	2,281250E+3	1,482313E+0	2,281250E+3	2,125445E+0	2,281250E+3	1,503341E+0	2,281250E+3	2,104961E+0	2,281250E+3	1,595369E+0	2,281250E+3	1,941193E+0	2,281250E+3	1,919189E+0	2,281250E+3	1,486748E+0	2,281250E+3	2,180784E+0	2,281250E+3	1,138187E+0	2,281250E+3	2,446510E+0	2,281250E+3	8,517190E-1
2,282812E+3	1,468601E+0	2,282812E+3	2,135315E+0	2,282812E+3	1,491306E+0	2,282812E+3	2,140140E+0	2,282812E+3	1,512600E+0	2,282812E+3	2,120159E+0	2,282812E+3	1,620156E+0	2,282812E+3	1,956874E+0	2,282812E+3	1,920018E+0	2,282812E+3	1,501623E+0	2,282812E+3	2,160355E+0	2,282812E+3	1,144914E+0	2,282812E+3	2,433728E+0	2,282812E+3	8,925765E-1
2,284375E+3	1,511710E+0	2,284375E+3	2,165749E+0	2,284375E+3	1,510216E+0	2,284375E+3	2,159304E+0	2,284375E+3	1,529975E+0	2,284375E+3	2,126164E+0	2,284375E+3	1,641236E+0	2,284375E+3	1,976741E+0	2,284375E+3	1,946357E+0	2,284375E+3	1,524658E+0	2,284375E+3	2,157446E+0	2,284375E+3	1,155538E+0	2,284375E+3	2,469918E+0	2,284375E+3	8,405990E-1
2,285937E+3	1,519691E+0	2,285937E+3	2,185525E+0	2,285937E+3	1,522665E+0	2,285937E+3	2,175480E+0	2,285937E+3	1,541220E+0	2,285937E+3	2,147609E+0	2,285937E+3	1,659739E+0	2,285937E+3	1,976099E+0	2,285937E+3	1,950420E+0	2,285937E+3	1,540095E+0	2,285937E+3	2,188452E+0	2,285937E+3	1,174030E+0	2,285937E+3	2,439957E+0	2,285937E+3	8,514913E-1
2,287500E+3	1,528067E+0	2,287500E+3	2,204621E+0	2,287500E+3	1,538971E+0	2,287500E+3	2,193928E+0	2,287500E+3	1,544918E+0	2,287500E+3	2,161184E+0	2,287500E+3	1,661706E+0	2,287500E+3	1,990312E+0	2,287500E+3	1,951534E+0	2,287500E+3	1,544797E+0	2,287500E+3	2,190079E+0	2,287500E+3	1,141132E+0	2,287500E+3	2,466438E+0	2,287500E+3	8,672996E-1
2,289062E+3	1,537904E+0	2,289062E+3	2,221831E+0	2,289062E+3	1,544807E+0	2,289062E+3	2,214573E+0	2,289062E+3	1,563338E+0	2,289062E+3	2,177844E+0	2,289062E+3	1,666794E+0	2,289062E+3	2,007964E+0	2,289062E+3	1,974368E+0	2,289062E+3	1,531676E+0	2,289062E+3	2,220929E+0	2,289062E+3	1,165913E+0	2,289062E+3	2,483432E+0	2,289062E+3	8,536961E-1
2,290625E+3	1,552365E+0	2,290625E+3	2,229132E+0	2,290625E+3	1,565581E+0	2,290625E+3	2,221545E+0	2,290625E+3	1,586433E+0	2,290625E+3	2,198746E+0	2,290625E+3	1,680975E+0	2,290625E+3	2,020020E+0	2,290625E+3	1,991967E+0	2,290625E+3	1,542749E+0	2,290625E+3	2,233369E+0	2,290625E+3	1,193824E+0	2,290625E+3	2,423541E+0	2,290625E+3	8,490324E-1
2,292187E+3	1,573560E+0	2,292187E+3	2,244460E+0	2,292187E+3	1,581639E+0	2,292187E+3	2,234297E+0	2,292187E+3	1,598638E+0	2,292187E+3	2,202615E+0	2,292187E+3	1,694116E+0	2,292187E+3	2,044497E+0	2,292187E+3	1,998982E+0	2,292187E+3	1,556521E+0	2,292187E+3	2,241185E+0	2,292187E+3	1,209729E+0	2,292187E+3	2,488458E+0	2,292187E+3	8,339022E-1
2,293750E+3	1,600910E+0	2,293750E+3	2,264432E+0	2,293750E+3	1,581471E+0	2,293750E+3	2,242183E+0	2,293750E+3	1,616621E+0	2,293750E+3	2,219390E+0	2,293750E+3	1,714343E+0	2,293750E+3	2,056948E+0	2,293750E+3	2,006130E+0	2,293750E+3	1,576172E+0	2,293750E+3	2,251437E+0	2,293750E+3	1,180658E+0	2,293750E+3	2,514364E+0	2,293750E+3	8,626644E-1
2,295312E+3	1,604850E+0	2,295312E+3	2,270365E+0	2,295312E+3	1,611718E+0	2,295312E+3	2,264032E+0	2,295312E+3	1,625545E+0	2,295312E+3	2,231156E+0	2,295312E+3	1,726773E+0	2,295312E+3	2,073145E+0	2,295312E+3	2,025467E+0	2,295312E+3	1,555740E+0	2,295312E+3	2,281476E+0	2,295312E+3	1,204138E+0	2,295312E+3	2,501957E+0	2,295312E+3	8,799966E-1
2,296875E+3	1,609255E+0	2,296875E+3	2,274192E+0	2,296875E+3	1,623684E+0	2,296875E+3	2,283276E+0	2,296875E+3	1,631430E+0	2,296875E+3	2,250552E+0	2,296875E+3	1,731269E+0	2,296875E+3	2,088847E+0	2,296875E+3	2,042832E+0	2,296875E+3	1,557774E+0	2,296875E+3	2,269360E+0	2,296875E+3	1,207024E+0	2,296875E+3	2,507326E+0	2,296875E+3	8,725384E-1
2,298437E+3	1,639397E+0	2,298437E+3	2,302807E+0	2,298437E+3	1,635591E+0	2,298437E+3	2,298620E+0	2,298437E+3	1,665202E+0	2,298437E+3	2,256675E+0	2,298437E+3	1,753418E+0	2,298437E+3	2,090022E+0	2,298437E+3	2,058772E+0	2,298437E+3	1,590559E+0	2,298437E+3	2,255151E+0	2,298437E+3	1,212043E+0	2,298437E+3	2,518386E+0	2,298437E+3	8,791961E-1
2,300000E+3	1,646192E+0	2,300000E+3	2,326913E+0	2,300000E+3	1,654135E+0	2,300000E+3	2,313917E+0	2,300000E+3	1,679027E+0	2,300000E+3	2,273095E+0	2,300000E+3	1,766156E+0	2,300000E+3	2,097556E+0	2,300000E+3	2,051033E+0	2,300000E+3	1,586754E+0	2,300000E+3	2,286790E+0	2,300000E+3	1,198544E+0	2,300000E+3	2,514363E+0	2,300000E+3	8,471197E-1
2,301562E+3	1,666172E+0	2,301562E+3	2,336951E+0	2,301562E+3	1,673407E+0	2,301562E+3	2,326001E+0	2,301562E+3	1,684581E+0	2,301562E+3	2,291124E+0	2,301562E+3	1,787010E+0	2,301562E+3	2,107345E+0	2,301562E+3	2,066485E+0	2,301562E+3	1,632267E+0	2,301562E+3	2,276375E+0	2,301562E+3	1,229214E+0	2,301562E+3	2,551508E+0	2,301562E+3	8,642334E-1
2,303125E+3	1,683822E+0	2,303125E+3	2,343498E+0	2,303125E+3	1,682399E+0	2,303125E+3	2,345571E+0	2,303125E+3	1,700350E+0	2,303125E+3	2,310093E+0	2,303125E+3	1,791910E+0	2,303125E+3	2,117058E+0	2,303125E+3	2,062816E+0	2,303125E+3	1,641928E+0	2,303125E+3	2,303783E+0	2,303125E+3	1,211980E+0	2,303125E+3	2,567841E+0	2,303125E+3	8,764478E-1
2,304687E+3	1,696980E+0	2,304687E+3	2,350040E+0	2,304687E+3	1,699639E+0	2,304687E+3	2,361610E+0	2,304687E+3	1,715276E+0	2,304687E+3	2,316488E+0	2,304687E+3	1,814673E+0	2,304687E+3	2,128971E+0	2,304687E+3	2,088750E+0	2,304687E+3	1,620038E+0	2,304687E+3	2,353115E+0	2,304687E+3	1,227472E+0	2,304687E+3	2,521637E+0	2,304687E+3	8,538584E-1
2,306250E+3	1,713426E+0	2,306250E+3	2,374419E+0	2,306250E+3	1,712985E+0	2,306250E+3	2,376073E+0	2,306250E+3	1,741737E+0	2,306250E+3	2,338619E+0	2,306250E+3	1,819951E+0	2,306250E+3	2,134637E+0	2,306250E+3	2,110616E+0	2,306250E+3	1,603827E+0	2,306250E+3	2,340874E+0	2,306250E+3	1,224032E+0	2,306250E+3	2,515646E+0	2,306250E+3	8,568060E-1
2,307812E+3	1,739923E+0	2,307812E+3	2,397505E+0	2,307812E+3	1,735756E+0	2,307812E+3	2,396274E+0	2,307812E+3	1,747977E+0	2,307812E+3	2,345541E+0	2,307812E+3	1,841721E+0	2,307812E+3	2,159971E+0	2,307812E+3	2,120342E+0	2,307812E+3	1,614831E+0	2,307812E+3	2,313686E+0	2,307812E+3	1,249709E+0	2,307812E+3	2,513023E+0	2,307812E+3	8,656565E-1
2,309375E+3	1,758739E+0	2,309375E+3	2,407898E+0	2,309375E+3	1,750797E+0	2,309375E+3	2,410102E+0	2,309375E+3	1,778005E+0	2,309375E+3	2,365484E+0	2,309375E+3	1,839212E+0	2,309375E+3	2,170516E+0	2,309375E+3	2,110366E+0	2,309375E+3	1,629546E+0	2,309375E+3	2,371751E+0	2,309375E+3	1,231166E+0	2,309375E+3	2,510487E+0	2,309375E+3	8,990063E-1
2,310937E+3	1,749779E+0	2,310937E+3	2,419016E+0	2,310937E+3	1,766898E+0	2,310937E+3	2,432429E+0	2,310937E+3	1,792206E+0	2,310937E+3	2,378895E+0	2,310937E+3	1,866396E+0	2,310937E+3	2,166606E+0	2,310937E+3	2,111554E+0	2,310937E+3	1,638966E+0	2,310937E+3	2,402818E+0	2,310937E+3	1,225192E+0	2,310937E+3	2,581244E+0	2,310937E+3	8,854368E-1
2,312500E+3	1,779198E+0	2,312500E+3	2,422818E+0	2,312500E+3	1,781068E+0	2,312500E+3	2,441479E+0	2,312500E+3	1,794739E+0	2,312500E+3	2,394907E+0	2,312500E+3	1,894697E+0	2,312500E+3	2,188147E+0	2,312500E+3	2,131551E+0	2,312500E+3	1,637799E+0	2,312500E+3	2,381105E+0	2,312500E+3	1,239550E+0	2,312500E+3	2,579755E+0	2,312500E+3	8,551289E-1
2,314062E+3	1,813936E+0	2,314062E+3	2,425939E+0	2,314062E+3	1,812488E+0	2,314062E+3	2,452947E+0	2,314062E+3	1,817368E+0	2,314062E+3	2,411971E+0	2,314062E+3	1,905340E+0	2,314062E+3	2,208995E+0	2,314062E+3	2,148424E+0	2,314062E+3	1,673858E+0	2,314062E+3	2,381120E+0	2,314062E+3	1,242172E+0	2,314062E+3	2,541239E+0	2,314062E+3	8,824285E-1
2,315625E+3	1,827968E+0	2,315625E+3	2,460930E+0	2,315625E+3	1,826254E+0	2,315625E+3	2,454463E+0	2,315625E+3	1,856068E+0	2,315625E+3	2,430312E+0	2,315625E+3	1,921915E+0	2,315625E+3	2,225200E+0	2,315625E+3	2,163754E+0	2,315625E+3	1,666411E+0	2,315625E+3	2,396465E+0	2,315625E+3	1,250803E+0	2,315625E+3	2,521834E+0	2,315625E+3	8,791932E-1
2,317187E+3	1,835470E+0	2,317187E+3	2,474303E+0	2,317187E+3	1,857266E+0	2,317187E+3	2,483569E+0	2,317187E+3	1,868754E+0	2,317187E+3	2,435982E+0	2,317187E+3	1,939909E+0	2,317187E+3	2,242040E+0	2,317187E+3	2,185696E+0	2,317187E+3	1,669677E+0	2,317187E+3	2,394450E+0	2,317187E+3	1,256845E+0	2,317187E+3	2,536601E+0	2,317187E+3	8,602116E-1
2,318750E+3	1,858151E+0	2,318750E+3	2,484752E+0	2,318750E+3	1,856895E+0	2,318750E+3	2,492673E+0	2,318750E+3	1,872801E+0	2,318750E+3	2,445873E+0	2,318750E+3	1,960372E+0	2,318750E+3	2,253613E+0	2,318750E+3	2,210815E+0	2,318750E+3	1,686034E+0	2,318750E+3	2,418174E+0	2,318750E+3	1,252156E+0	2,318750E+3	2,585897E+0	2,318750E+3	8,650800E-1
2,320312E+3	1,889330E+0	2,320312E+3	2,514142E+0	2,320312E+3	1,878855E+0	2,320312E+3	2,506790E+0	2,320312E+3	1,904064E+0	2,320312E+3	2,463386E+0	2,320312E+3	1,989309E+0	2,320312E+3	2,253578E+0	2,320312E+3	2,214004E+0	2,320312E+3	1,699459E+0	2,320312E+3	2,423940E+0	2,320312E+3	1,252917E+0	2,320312E+3	2,614755E+0	2,320312E+3	8,832755E-1
2,321875E+3	1,923812E+0	2,321875E+3	2,530888E+0	2,321875E+3	1,903907E+0	2,321875E+3	2,526691E+0	2,321875E+3	1,922550E+0	2,321875E+3	2,483782E+0	2,321875E+3	2,004271E+0	2,321875E+3	2,272563E+0	2,321875E+3	2,215201E+0	2,321875E+3	1,720728E+0	2,321875E+3	2,422249E+0	2,321875E+3	1,267351E+0	2,321875E+3	2,583710E+0	2,321875E+3	8,949646E-1
2,323437E+3	1,930632E+0	2,323437E+3	2,543600E+0	2,323437E+3	1,923591E+0	2,323437E+3	2,528387E+0	2,323437E+3	1,947418E+0	2,323437E+3	2,489807E+0	2,323437E+3	2,025230E+0	2,323437E+3	2,284266E+0	2,323437E+3	2,244515E+0	2,323437E+3	1,690183E+0	2,323437E+3	2,432262E+0	2,323437E+3	1,264044E+0	2,323437E+3	2,597752E+0	2,323437E+3	9,212003E-1
2,325000E+3	1,937691E+0	2,325000E+3	2,572518E+0	2,325000E+3	1,938865E+0	2,325000E+3	2,557391E+0	2,325000E+3	1,963099E+0	2,325000E+3	2,497337E+0	2,325000E+3	2,059900E+0	2,325000E+3	2,294212E+0	2,325000E+3	2,272179E+0	2,325000E+3	1,689666E+0	2,325000E+3	2,444635E+0	2,325000E+3	1,254579E+0	2,325000E+3	2,655146E+0	2,325000E+3	8,784666E-1
2,326562E+3	1,971873E+0	2,326562E+3	2,585710E+0	2,326562E+3	1,964032E+0	2,326562E+3	2,576840E+0	2,326562E+3	1,982649E+0	2,326562E+3	2,521896E+0	2,326562E+3	2,069520E+0	2,326562E+3	2,298128E+0	2,326562E+3	2,264858E+0	2,326562E+3	1,704844E+0	2,326562E+3	2,432277E+0	2,326562E+3	1,282490E+0	2,326562E+3	2,620130E+0	2,326562E+3	8,958942E-1
2,328125E+3	2,000455E+0	2,328125E+3	2,576209E+0	2,328125E+3	1,993356E+0	2,328125E+3	2,570189E+0	2,328125E+3	2,006125E+0	2,328125E+3	2,530286E+0	2,328125E+3	2,083910E+0	2,328125E+3	2,315862E+0	2,328125E+3	2,315467E+0	2,328125E+3	1,697639E+0	2,328125E+3	2,455152E+0	2,328125E+3	1,293702E+0	2,328125E+3	2,630996E+0	2,328125E+3	8,627496E-1
2,329687E+3	2,006560E+0	2,329687E+3	2,599663E+0	2,329687E+3	2,007058E+0	2,329687E+3	2,602304E+0	2,329687E+3	2,032024E+0	2,329687E+3	2,543030E+0	2,329687E+3	2,101151E+0	2,329687E+3	2,343594E+0	2,329687E+3	2,312768E+0	2,329687E+3	1,718941E+0	2,329687E+3	2,498796E+0	2,329687E+3	1,312526E+0	2,329687E+3	2,660113E+0	2,329687E+3	9,148193E-1
2,331250E+3	1,998374E+0	2,331250E+3	2,621395E+0	2,331250E+3	2,033580E+0	2,331250E+3	2,617969E+0	2,331250E+3	2,046735E+0	2,331250E+3	2,554574E+0	2,331250E+3	2,125936E+0	2,331250E+3	2,338156E+0	2,331250E+3	2,329137E+0	2,331250E+3	1,750976E+0	2,331250E+3	2,537658E+0	2,331250E+3	1,310142E+0	2,331250E+3	2,660682E+0	2,331250E+3	9,597714E-1
2,332812E+3	2,038913E+0	2,332812E+3	2,641927E+0	2,332812E+3	2,056309E+0	2,332812E+3	2,626196E+0	2,332812E+3	2,067020E+0	2,332812E+3	2,562537E+0	2,332812E+3	2,153140E+0	2,332812E+3	2,347139E+0	2,332812E+3	2,348444E+0	2,332812E+3	1,730400E+0	2,332812E+3	2,549133E+0	2,332812E+3	1,341668E+0	2,332812E+3	2,677348E+0	2,332812E+3	8,722432E-1
2,334375E+3	2,084652E+0	2,334375E+3	2,639337E+0	2,334375E+3	2,062859E+0	2,334375E+3	2,627266E+0	2,334375E+3	2,098988E+0	2,334375E+3	2,585624E+0	2,334375E+3	2,154993E+0	2,334375E+3	2,377034E+0	2,334375E+3	2,363212E+0	2,334375E+3	1,726769E+0	2,334375E+3	2,542966E+0	2,334375E+3	1,315554E+0	2,334375E+3	2,699316E+0	2,334375E+3	8,846590E-1
2,335937E+3	2,097544E+0	2,335937E+3	2,655202E+0	2,335937E+3	2,101034E+0	2,335937E+3	2,652441E+0	2,335937E+3	2,120435E+0	2,335937E+3	2,604098E+0	2,335937E+3	2,170666E+0	2,335937E+3	2,378357E+0	2,335937E+3	2,361789E+0	2,335937E+3	1,720743E+0	2,335937E+3	2,539606E+0	2,335937E+3	1,297326E+0	2,335937E+3	2,694291E+0	2,335937E+3	8,691008E-1
2,337500E+3	2,149022E+0	2,337500E+3	2,674833E+0	2,337500E+3	2,116272E+0	2,337500E+3	2,673634E+0	2,337500E+3	2,126157E+0	2,337500E+3	2,614612E+0	2,337500E+3	2,196690E+0	2,337500E+3	2,373906E+0	2,337500E+3	2,374171E+0	2,337500E+3	1,753765E+0	2,337500E+3	2,558416E+0	2,337500E+3	1,304643E+0	2,337500E+3	2,680272E+0	2,337500E+3	8,494962E-1
2,339062E+3	2,175431E+0	2,339062E+3	2,679844E+0	2,339062E+3	2,156554E+0	2,339062E+3	2,685446E+0	2,339062E+3	2,175226E+0	2,339062E+3	2,630411E+0	2,339062E+3	2,227951E+0	2,339062E+3	2,397283E+0	2,339062E+3	2,391630E+0	2,339062E+3	1,772825E+0	2,339062E+3	2,546432E+0	2,339062E+3	1,329562E+0	2,339062E+3	2,700367E+0	2,339062E+3	8,711171E-1
2,340625E+3	2,177765E+0	2,340625E+3	2,688221E+0	2,340625E+3	2,176974E+0	2,340625E+3	2,688213E+0	2,340625E+3	2,177459E+0	2,340625E+3	2,635953E+0	2,340625E+3	2,236542E+0	2,340625E+3	2,388139E+0	2,340625E+3	2,348353E+0	2,340625E+3	1,788735E+0	2,340625E+3	2,588213E+0	2,340625E+3	1,322826E+0	2,340625E+3	2,669472E+0	2,340625E+3	9,164799E-1
2,342187E+3	2,165194E+0	2,342187E+3	2,675613E+0	2,342187E+3	2,175873E+0	2,342187E+3	2,686013E+0	2,342187E+3	2,210668E+0	2,342187E+3	2,640589E+0	2,342187E+3	2,275972E+0	2,342187E+3	2,403669E+0	2,342187E+3	2,418942E+0	2,342187E+3	1,817030E+0	2,342187E+3	2,549538E+0	2,342187E+3	1,343360E+0	2,342187E+3	2,661597E+0	2,342187E+3	9,201120E-1
2,343750E+3	2,216285E+0	2,343750E+3	2,701293E+0	2,343750E+3	2,224426E+0	2,343750E+3	2,733220E+0	2,343750E+3	2,236555E+0	2,343750E+3	2,667791E+0	2,343750E+3	2,289540E+0	2,343750E+3	2,407376E+0	2,343750E+3	2,428916E+0	2,343750E+3	1,795074E+0	2,343750E+3	2,584656E+0	2,343750E+3	1,295095E+0	2,343750E+3	2,716377E+0	2,343750E+3	8,864881E-1
2,345312E+3	2,247517E+0	2,345312E+3	2,738320E+0	2,345312E+3	2,257654E+0	2,345312E+3	2,733908E+0	2,345312E+3	2,258682E+0	2,345312E+3	2,676487E+0	2,345312E+3	2,309496E+0	2,345312E+3	2,425883E+0	2,345312E+3	2,475066E+0	2,345312E+3	1,809943E+0	2,345312E+3	2,590842E+0	2,345312E+3	1,314491E+0	2,345312E+3	2,727517E+0	2,345312E+3	8,690229E-1
2,346875E+3	2,254479E+0	2,346875E+3	2,743789E+0	2,346875E+3	2,267746E+0	2,346875E+3	2,736513E+0	2,346875E+3	2,277246E+0	2,346875E+3	2,702947E+0	2,346875E+3	2,350932E+0	2,346875E+3	2,429941E+0	2,346875E+3	2,485879E+0	2,346875E+3	1,834005E+0	2,346875E+3	2,580985E+0	2,346875E+3	1,367072E+0	2,346875E+3	2,794779E+0	2,346875E+3	8,854050E-1
2,348437E+3	2,292221E+0	2,348437E+3	2,747258E+0	2,348437E+3	2,305603E+0	2,348437E+3	2,754162E+0	2,348437E+3	2,301638E+0	2,348437E+3	2,705508E+0	2,348437E+3	2,343880E+0	2,348437E+3	2,433883E+0	2,348437E+3	2,482609E+0	2,348437E+3	1,841063E+0	2,348437E+3	2,597224E+0	2,348437E+3	1,340582E+0	2,348437E+3	2,788606E+0	2,348437E+3	9,312889E-1
2,350000E+3	2,346095E+0	2,350000E+3	2,737587E+0	2,350000E+3	2,323778E+0	2,350000E+3	2,755633E+0	2,350000E+3	2,340251E+0	2,350000E+3	2,720005E+0	2,350000E+3	2,376810E+0	2,350000E+3	2,455487E+0	2,350000E+3	2,497551E+0	2,350000E+3	1,802171E+0	2,350000E+3	2,623153E+0	2,350000E+3	1,332311E+0	2,350000E+3	2,737360E+0	2,350000E+3	9,059632E-1
2,351562E+3	2,373957E+0	2,351562E+3	2,777824E+0	2,351562E+3	2,368165E+0	2,351562E+3	2,776335E+0	2,351562E+3	2,352443E+0	2,351562E+3	2,718211E+0	2,351562E+3	2,423524E+0	2,351562E+3	2,482447E+0	2,351562E+3	2,515564E+0	2,351562E+3	1,754572E+0	2,351562E+3	2,618718E+0	2,351562E+3	1,360725E+0	2,351562E+3	2,737567E+0	2,351562E+3	8,885812E-1
2,353125E+3	2,376979E+0	2,353125E+3	2,803941E+0	2,353125E+3	2,396664E+0	2,353125E+3	2,781085E+0	2,353125E+3	2,393658E+0	2,353125E+3	2,729909E+0	2,353125E+3	2,431428E+0	2,353125E+3	2,472201E+0	2,353125E+3	2,531779E+0	2,353125E+3	1,780779E+0	2,353125E+3	2,644025E+0	2,353125E+3	1,356658E+0	2,353125E+3	2,783539E+0	2,353125E+3	8,900750E-1
2,354687E+3	2,403648E+0	2,354687E+3	2,803985E+0	2,354687E+3	2,414526E+0	2,354687E+3	2,782119E+0	2,354687E+3	2,420833E+0	2,354687E+3	2,716417E+0	2,354687E+3	2,472220E+0	2,354687E+3	2,456976E+0	2,354687E+3	2,566130E+0	2,354687E+3	1,813628E+0	2,354687E+3	2,675994E+0	2,354687E+3	1,325728E+0	2,354687E+3	2,824516E+0	2,354687E+3	8,616387E-1
2,356250E+3	2,461383E+0	2,356250E+3	2,810030E+0	2,356250E+3	2,425716E+0	2,356250E+3	2,807746E+0	2,356250E+3	2,454813E+0	2,356250E+3	2,742040E+0	2,356250E+3	2,457515E+0	2,356250E+3	2,464598E+0	2,356250E+3	2,568633E+0	2,356250E+3	1,809953E+0	2,356250E+3	2,682727E+0	2,356250E+3	1,321353E+0	2,356250E+3	2,776389E+0	2,356250E+3	8,633260E-1
2,357812E+3	2,501839E+0	2,357812E+3	2,807211E+0	2,357812E+3	2,469264E+0	2,357812E+3	2,809235E+0	2,357812E+3	2,494348E+0	2,357812E+3	2,747958E+0	2,357812E+3	2,511004E+0	2,357812E+3	2,481991E+0	2,357812E+3	2,568915E+0	2,357812E+3	1,828231E+0	2,357812E+3	2,680801E+0	2,357812E+3	1,351289E+0	2,357812E+3	2,778666E+0	2,357812E+3	8,417122E-1
2,359375E+3	2,502794E+0	2,359375E+3	2,810398E+0	2,359375E+3	2,507172E+0	2,359375E+3	2,816132E+0	2,359375E+3	2,506362E+0	2,359375E+3	2,736913E+0	2,359375E+3	2,543089E+0	2,359375E+3	2,487577E+0	2,359375E+3	2,630009E+0	2,359375E+3	1,850673E+0	2,359375E+3	2,716569E+0	2,359375E+3	1,274849E+0	2,359375E+3	2,781356E+0	2,359375E+3	8,676001E-1
2,360937E+3	2,519355E+0	2,360937E+3	2,829278E+0	2,360937E+3	2,527035E+0	2,360937E+3	2,816125E+0	2,360937E+3	2,524837E+0	2,360937E+3	2,768583E+0	2,360937E+3	2,548368E+0	2,360937E+3	2,520961E+0	2,360937E+3	2,605700E+0	2,360937E+3	1,849417E+0	2,360937E+3	2,726603E+0	2,360937E+3	1,293749E+0	2,360937E+3	2,797002E+0	2,360937E+3	9,183894E-1
2,362500E+3	2,571988E+0	2,362500E+3	2,840573E+0	2,362500E+3	2,549085E+0	2,362500E+3	2,844807E+0	2,362500E+3	2,561439E+0	2,362500E+3	2,786954E+0	2,362500E+3	2,593930E+0	2,362500E+3	2,511196E+0	2,362500E+3	2,633538E+0	2,362500E+3	1,797048E+0	2,362500E+3	2,717299E+0	2,362500E+3	1,312822E+0	2,362500E+3	2,811302E+0	2,362500E+3	9,396771E-1
2,364062E+3	2,593825E+0	2,364062E+3	2,848727E+0	2,364062E+3	2,596662E+0	2,364062E+3	2,857899E+0	2,364062E+3	2,600693E+0	2,364062E+3	2,778305E+0	2,364062E+3	2,624669E+0	2,364062E+3	2,511231E+0	2,364062E+3	2,651522E+0	2,364062E+3	1,773106E+0	2,364062E+3	2,682048E+0	2,364062E+3	1,299160E+0	2,364062E+3	2,799009E+0	2,364062E+3	8,404540E-1
2,365625E+3	2,614101E+0	2,365625E+3	2,855208E+0	2,365625E+3	2,616691E+0	2,365625E+3	2,857702E+0	2,365625E+3	2,626977E+0	2,365625E+3	2,780486E+0	2,365625E+3	2,658508E+0	2,365625E+3	2,512740E+0	2,365625E+3	2,692740E+0	2,365625E+3	1,775714E+0	2,365625E+3	2,738593E+0	2,365625E+3	1,314655E+0	2,365625E+3	2,819916E+0	2,365625E+3	8,555398E-1
2,367187E+3	2,657305E+0	2,367187E+3	2,890435E+0	2,367187E+3	2,660467E+0	2,367187E+3	2,870861E+0	2,367187E+3	2,663553E+0	2,367187E+3	2,793473E+0	2,367187E+3	2,673723E+0	2,367187E+3	2,510971E+0	2,367187E+3	2,702132E+0	2,367187E+3	1,794472E+0	2,367187E+3	2,784873E+0	2,367187E+3	1,359143E+0	2,367187E+3	2,820324E+0	2,367187E+3	9,093186E-1
2,368750E+3	2,673046E+0	2,368750E+3	2,902463E+0	2,368750E+3	2,697657E+0	2,368750E+3	2,865528E+0	2,368750E+3	2,692350E+0	2,368750E+3	2,800903E+0	2,368750E+3	2,690462E+0	2,368750E+3	2,499022E+0	2,368750E+3	2,735876E+0	2,368750E+3	1,848894E+0	2,368750E+3	2,788173E+0	2,368750E+3	1,344942E+0	2,368750E+3	2,808593E+0	2,368750E+3	9,382430E-1
2,370312E+3	2,722280E+0	2,370312E+3	2,867734E+0	2,370312E+3	2,727516E+0	2,370312E+3	2,873041E+0	2,370312E+3	2,727862E+0	2,370312E+3	2,794976E+0	2,370312E+3	2,699890E+0	2,370312E+3	2,499225E+0	2,370312E+3	2,745407E+0	2,370312E+3	1,811538E+0	2,370312E+3	2,789647E+0	2,370312E+3	1,351473E+0	2,370312E+3	2,877784E+0	2,370312E+3	9,132507E-1
2,371875E+3	2,736095E+0	2,371875E+3	2,871756E+0	2,371875E+3	2,750218E+0	2,371875E+3	2,867352E+0	2,371875E+3	2,767811E+0	2,371875E+3	2,810737E+0	2,371875E+3	2,743667E+0	2,371875E+3	2,525933E+0	2,371875E+3	2,747709E+0	2,371875E+3	1,828558E+0	2,371875E+3	2,801547E+0	2,371875E+3	1,350149E+0	2,371875E+3	2,874082E+0	2,371875E+3	8,871968E-1
2,373437E+3	2,782050E+0	2,373437E+3	2,901136E+0	2,373437E+3	2,788378E+0	2,373437E+3	2,862125E+0	2,373437E+3	2,790075E+0	2,373437E+3	2,813795E+0	2,373437E+3	2,791555E+0	2,373437E+3	2,540943E+0	2,373437E+3	2,765804E+0	2,373437E+3	1,820926E+0	2,373437E+3	2,828411E+0	2,373437E+3	1,344756E+0	2,373437E+3	2,863850E+0	2,373437E+3	9,160482E-1
2,375000E+3	2,801104E+0	2,375000E+3	2,914498E+0	2,375000E+3	2,823422E+0	2,375000E+3	2,891182E+0	2,375000E+3	2,800716E+0	2,375000E+3	2,830295E+0	2,375000E+3	2,808552E+0	2,375000E+3	2,541611E+0	2,375000E+3	2,790179E+0	2,375000E+3	1,798434E+0	2,375000E+3	2,853034E+0	2,375000E+3	1,312649E+0	2,375000E+3	2,826993E+0	2,375000E+3	8,912708E-1
2,376562E+3	2,867215E+0	2,376562E+3	2,894680E+0	2,376562E+3	2,862058E+0	2,376562E+3	2,890594E+0	2,376562E+3	2,852787E+0	2,376562E+3	2,830885E+0	2,376562E+3	2,827495E+0	2,376562E+3	2,544045E+0	2,376562E+3	2,795717E+0	2,376562E+3	1,802116E+0	2,376562E+3	2,853920E+0	2,376562E+3	1,286577E+0	2,376562E+3	2,831242E+0	2,376562E+3	8,828353E-1
2,378125E+3	2,896547E+0	2,378125E+3	2,878719E+0	2,378125E+3	2,898380E+0	2,378125E+3	2,882519E+0	2,378125E+3	2,877825E+0	2,378125E+3	2,830503E+0	2,378125E+3	2,871959E+0	2,378125E+3	2,529894E+0	2,378125E+3	2,832425E+0	2,378125E+3	1,811352E+0	2,378125E+3	2,842519E+0	2,378125E+3	1,309136E+0	2,378125E+3	2,919197E+0	2,378125E+3	9,110121E-1
2,379687E+3	2,904687E+0	2,379687E+3	2,891445E+0	2,379687E+3	2,912144E+0	2,379687E+3	2,867073E+0	2,379687E+3	2,934824E+0	2,379687E+3	2,836911E+0	2,379687E+3	2,862111E+0	2,379687E+3	2,552620E+0	2,379687E+3	2,843884E+0	2,379687E+3	1,797854E+0	2,379687E+3	2,841962E+0	2,379687E+3	1,277753E+0	2,379687E+3	2,910875E+0	2,379687E+3	9,052522E-1
2,381250E+3	2,941487E+0	2,381250E+3	2,878373E+0	2,381250E+3	2,978822E+0	2,381250E+3	2,880112E+0	2,381250E+3	2,974937E+0	2,381250E+3	2,844955E+0	2,381250E+3	2,916003E+0	2,381250E+3	2,538859E+0	2,381250E+3	2,866692E+0	2,381250E+3	1,795346E+0	2,381250E+3	2,873682E+0	2,381250E+3	1,292781E+0	2,381250E+3	2,934560E+0	2,381250E+3	8,471852E-1
2,382812E+3	2,992670E+0	2,382812E+3	2,882295E+0	2,382812E+3	2,999485E+0	2,382812E+3	2,885002E+0	2,382812E+3	2,974488E+0	2,382812E+3	2,839607E+0	2,382812E+3	2,934384E+0	2,382812E+3	2,540543E+0	2,382812E+3	2,895122E+0	2,382812E+3	1,788175E+0	2,382812E+3	2,919742E+0	2,382812E+3	1,308828E+0	2,382812E+3	2,895581E+0	2,382812E+3	8,565256E-1
2,384375E+3	3,045566E+0	2,384375E+3	2,889505E+0	2,384375E+3	3,014914E+0	2,384375E+3	2,893687E+0	2,384375E+3	3,016082E+0	2,384375E+3	2,847719E+0	2,384375E+3	2,992165E+0	2,384375E+3	2,522958E+0	2,384375E+3	2,883526E+0	2,384375E+3	1,782233E+0	2,384375E+3	2,934076E+0	2,384375E+3	1,283777E+0	2,384375E+3	2,920654E+0	2,384375E+3	8,601097E-1
2,385937E+3	3,046944E+0	2,385937E+3	2,915170E+0	2,385937E+3	3,064259E+0	2,385937E+3	2,892310E+0	2,385937E+3	3,058972E+0	2,385937E+3	2,814580E+0	2,385937E+3	3,009882E+0	2,385937E+3	2,532917E+0	2,385937E+3	2,897437E+0	2,385937E+3	1,804289E+0	2,385937E+3	2,926693E+0	2,385937E+3	1,296110E+0	2,385937E+3	2,953545E+0	2,385937E+3	8,833117E-1
2,387500E+3	3,125755E+0	2,387500E+3	2,938979E+0	2,387500E+3	3,098238E+0	2,387500E+3	2,902130E+0	2,387500E+3	3,074864E+0	2,387500E+3	2,820584E+0	2,387500E+3	3,040074E+0	2,387500E+3	2,535457E+0	2,387500E+3	2,944592E+0	2,387500E+3	1,802721E+0	2,387500E+3	2,900294E+0	2,387500E+3	1,317216E+0	2,387500E+3	2,923255E+0	2,387500E+3	8,514669E-1
2,389062E+3	3,127486E+0	2,389062E+3	2,933044E+0	2,389062E+3	3,128561E+0	2,389062E+3	2,896908E+0	2,389062E+3	3,114823E+0	2,389062E+3	2,832074E+0	2,389062E+3	3,052746E+0	2,389062E+3	2,532617E+0	2,389062E+3	2,942622E+0	2,389062E+3	1,782595E+0	2,389062E+3	2,898308E+0	2,389062E+3	1,276308E+0	2,389062E+3	2,939251E+0	2,389062E+3	8,232785E-1
2,390625E+3	3,190734E+0	2,390625E+3	2,907953E+0	2,390625E+3	3,180052E+0	2,390625E+3	2,898176E+0	2,390625E+3	3,167761E+0	2,390625E+3	2,829312E+0	2,390625E+3	3,076512E+0	2,390625E+3	2,542682E+0	2,390625E+3	2,964358E+0	2,390625E+3	1,775984E+0	2,390625E+3	2,912023E+0	2,390625E+3	1,243779E+0	2,390625E+3	2,943788E+0	2,390625E+3	8,643306E-1
2,392187E+3	3,223309E+0	2,392187E+3	2,887031E+0	2,392187E+3	3,234445E+0	2,392187E+3	2,911618E+0	2,392187E+3	3,197975E+0	2,392187E+3	2,826640E+0	2,392187E+3	3,122932E+0	2,392187E+3	2,512485E+0	2,392187E+3	2,961743E+0	2,392187E+3	1,752918E+0	2,392187E+3	2,889867E+0	2,392187E+3	1,270128E+0	2,392187E+3	2,933088E+0	2,392187E+3	8,876703E-1
2,393750E+3	3,258754E+0	2,393750E+3	2,888351E+0	2,393750E+3	3,247705E+0	2,393750E+3	2,886784E+0	2,393750E+3	3,221088E+0	2,393750E+3	2,830349E+0	2,393750E+3	3,139282E+0	2,393750E+3	2,506906E+0	2,393750E+3	2,965685E+0	2,393750E+3	1,774784E+0	2,393750E+3	2,877318E+0	2,393750E+3	1,253014E+0	2,393750E+3	2,921852E+0	2,393750E+3	8,690631E-1
2,395312E+3	3,303744E+0	2,395312E+3	2,858863E+0	2,395312E+3	3,265427E+0	2,395312E+3	2,879020E+0	2,395312E+3	3,277699E+0	2,395312E+3	2,831970E+0	2,395312E+3	3,177216E+0	2,395312E+3	2,513585E+0	2,395312E+3	2,992967E+0	2,395312E+3	1,790508E+0	2,395312E+3	2,890513E+0	2,395312E+3	1,311253E+0	2,395312E+3	2,951055E+0	2,395312E+3	8,368489E-1
2,396875E+3	3,333823E+0	2,396875E+3	2,859136E+0	2,396875E+3	3,312411E+0	2,396875E+3	2,871150E+0	2,396875E+3	3,292876E+0	2,396875E+3	2,814613E+0	2,396875E+3	3,213499E+0	2,396875E+3	2,491938E+0	2,396875E+3	3,041663E+0	2,396875E+3	1,784369E+0	2,396875E+3	2,956709E+0	2,396875E+3	1,328352E+0	2,396875E+3	2,957345E+0	2,396875E+3	8,203987E-1
2,398437E+3	3,380732E+0	2,398437E+3	2,866077E+0	2,398437E+3	3,357614E+0	2,398437E+3	2,859719E+0	2,398437E+3	3,339845E+0	2,398437E+3	2,813028E+0	2,398437E+3	3,222266E+0	2,398437E+3	2,491276E+0	2,398437E+3	3,053690E+0	2,398437E+3	1,765029E+0	2,398437E+3	3,012803E+0	2,398437E+3	1,281623E+0	2,398437E+3	2,944906E+0	2,398437E+3	8,451999E-1
2,400000E+3	3,406324E+0	2,400000E+3	2,876317E+0	2,400000E+3	3,394616E+0	2,400000E+3	2,882123E+0	2,400000E+3	3,361179E+0	2,400000E+3	2,781783E+0	2,400000E+3	3,247533E+0	2,400000E+3	2,479848E+0	2,400000E+3	3,063871E+0	2,400000E+3	1,734147E+0	2,400000E+3	3,015076E+0	2,400000E+3	1,286413E+0	2,400000E+3	2,974087E+0	2,400000E+3	8,399570E-1
2,401562E+3	3,352930E+0	2,401562E+3	2,885871E+0	2,401562E+3	3,399657E+0	2,401562E+3	2,872916E+0	2,401562E+3	3,380779E+0	2,401562E+3	2,777695E+0	2,401562E+3	3,289539E+0	2,401562E+3	2,490000E+0	2,401562E+3	3,069080E+0	2,401562E+3	1,705206E+0	2,401562E+3	3,018303E+0	2,401562E+3	1,285790E+0	2,401562E+3	2,967628E+0	2,401562E+3	8,760154E-1
2,403125E+3	3,392968E+0	2,403125E+3	2,889299E+0	2,403125E+3	3,439718E+0	2,403125E+3	2,854693E+0	2,403125E+3	3,437331E+0	2,403125E+3	2,771535E+0	2,403125E+3	3,290621E+0	2,403125E+3	2,470703E+0	2,403125E+3	3,080813E+0	2,403125E+3	1,746186E+0	2,403125E+3	2,984488E+0	2,403125E+3	1,227862E+0	2,403125E+3	2,953145E+0	2,403125E+3	8,846657E-1
2,404687E+3	3,495887E+0	2,404687E+3	2,870085E+0	2,404687E+3	3,509654E+0	2,404687E+3	2,831767E+0	2,404687E+3	3,465174E+0	2,404687E+3	2,773436E+0	2,404687E+3	3,314579E+0	2,404687E+3	2,446039E+0	2,404687E+3	3,085773E+0	2,404687E+3	1,755169E+0	2,404687E+3	2,980618E+0	2,404687E+3	1,225675E+0	2,404687E+3	2,942993E+0	2,404687E+3	8,139392E-1
2,406250E+3	3,548745E+0	2,406250E+3	2,822863E+0	2,406250E+3	3,544610E+0	2,406250E+3	2,807960E+0	2,406250E+3	3,507367E+0	2,406250E+3	2,757017E+0	2,406250E+3	3,364977E+0	2,406250E+3	2,436031E+0	2,406250E+3	3,104236E+0	2,406250E+3	1,726793E+0	2,406250E+3	2,985572E+0	2,406250E+3	1,242399E+0	2,406250E+3	2,931751E+0	2,406250E+3	8,330468E-1
2,407812E+3	3,601397E+0	2,407812E+3	2,818129E+0	2,407812E+3	3,551421E+0	2,407812E+3	2,839756E+0	2,407812E+3	3,529774E+0	2,407812E+3	2,738284E+0	2,407812E+3	3,385673E+0	2,407812E+3	2,446973E+0	2,407812E+3	3,103750E+0	2,407812E+3	1,750524E+0	2,407812E+3	3,044172E+0	2,407812E+3	1,232262E+0	2,407812E+3	2,985963E+0	2,407812E+3	8,232091E-1
2,409375E+3	3,553493E+0	2,409375E+3	2,839871E+0	2,409375E+3	3,576171E+0	2,409375E+3	2,816937E+0	2,409375E+3	3,553527E+0	2,409375E+3	2,731468E+0	2,409375E+3	3,414897E+0	2,409375E+3	2,458756E+0	2,409375E+3	3,127499E+0	2,409375E+3	1,784153E+0	2,409375E+3	3,067701E+0	2,409375E+3	1,276635E+0	2,409375E+3	2,987722E+0	2,409375E+3	8,201078E-1
2,410937E+3	3,610149E+0	2,410937E+3	2,853221E+0	2,410937E+3	3,624387E+0	2,410937E+3	2,796784E+0	2,410937E+3	3,572654E+0	2,410937E+3	2,720710E+0	2,410937E+3	3,445237E+0	2,410937E+3	2,433745E+0	2,410937E+3	3,137909E+0	2,410937E+3	1,768324E+0	2,410937E+3	3,050281E+0	2,410937E+3	1,239574E+0	2,410937E+3	2,985084E+0	2,410937E+3	8,427933E-1
2,412500E+3	3,654639E+0	2,412500E+3	2,822294E+0	2,412500E+3	3,673686E+0	2,412500E+3	2,768600E+0	2,412500E+3	3,636353E+0	2,412500E+3	2,700650E+0	2,412500E+3	3,475074E+0	2,412500E+3	2,427367E+0	2,412500E+3	3,137881E+0	2,412500E+3	1,729368E+0	2,412500E+3	3,028164E+0	2,412500E+3	1,212568E+0	2,412500E+3	2,986821E+0	2,412500E+3	8,516610E-1
2,414062E+3	3,715487E+0	2,414062E+3	2,787135E+0	2,414062E+3	3,704573E+0	2,414062E+3	2,758861E+0	2,414062E+3	3,670052E+0	2,414062E+3	2,694162E+0	2,414062E+3	3,520533E+0	2,414062E+3	2,387192E+0	2,414062E+3	3,154585E+0	2,414062E+3	1,724686E+0	2,414062E+3	3,054615E+0	2,414062E+3	1,225761E+0	2,414062E+3	2,988458E+0	2,414062E+3	8,269403E-1
2,415625E+3	3,786072E+0	2,415625E+3	2,722630E+0	2,415625E+3	3,753064E+0	2,415625E+3	2,692425E+0	2,415625E+3	3,715724E+0	2,415625E+3	2,662300E+0	2,415625E+3	3,538118E+0	2,415625E+3	2,375306E+0	2,415625E+3	3,161741E+0	2,415625E+3	1,701405E+0	2,415625E+3	3,089565E+0	2,415625E+3	1,216185E+0	2,415625E+3	2,997466E+0	2,415625E+3	8,257358E-1
2,417187E+3	3,782426E+0	2,417187E+3	2,752318E+0	2,417187E+3	3,753577E+0	2,417187E+3	2,692977E+0	2,417187E+3	3,706480E+0	2,417187E+3	2,655953E+0	2,417187E+3	3,548967E+0	2,417187E+3	2,395251E+0	2,417187E+3	3,210469E+0	2,417187E+3	1,708954E+0	2,417187E+3	3,075707E+0	2,417187E+3	1,206509E+0	2,417187E+3	3,045913E+0	2,417187E+3	8,029521E-1
2,418750E+3	3,785846E+0	2,418750E+3	2,695902E+0	2,418750E+3	3,793937E+0	2,418750E+3	2,691089E+0	2,418750E+3	3,779475E+0	2,418750E+3	2,655626E+0	2,418750E+3	3,590140E+0	2,418750E+3	2,355829E+0	2,418750E+3	3,244453E+0	2,418750E+3	1,675800E+0	2,418750E+3	3,067869E+0	2,418750E+3	1,221788E+0	2,418750E+3	3,024566E+0	2,418750E+3	8,108995E-1
2,420312E+3	3,845931E+0	2,420312E+3	2,689868E+0	2,420312E+3	3,830887E+0	2,420312E+3	2,674465E+0	2,420312E+3	3,826370E+0	2,420312E+3	2,604429E+0	2,420312E+3	3,598014E+0	2,420312E+3	2,313389E+0	2,420312E+3	3,247337E+0	2,420312E+3	1,641273E+0	2,420312E+3	3,075943E+0	2,420312E+3	1,248489E+0	2,420312E+3	3,019180E+0	2,420312E+3	7,983922E-1
2,421875E+3	3,884669E+0	2,421875E+3	2,656944E+0	2,421875E+3	3,869420E+0	2,421875E+3	2,652661E+0	2,421875E+3	3,809302E+0	2,421875E+3	2,608236E+0	2,421875E+3	3,612266E+0	2,421875E+3	2,287877E+0	2,421875E+3	3,272491E+0	2,421875E+3	1,675461E+0	2,421875E+3	3,078102E+0	2,421875E+3	1,236054E+0	2,421875E+3	2,996871E+0	2,421875E+3	8,221225E-1
2,423437E+3	3,916584E+0	2,423437E+3	2,629462E+0	2,423437E+3	3,896651E+0	2,423437E+3	2,618454E+0	2,423437E+3	3,863861E+0	2,423437E+3	2,589720E+0	2,423437E+3	3,685772E+0	2,423437E+3	2,300227E+0	2,423437E+3	3,274588E+0	2,423437E+3	1,632149E+0	2,423437E+3	3,173350E+0	2,423437E+3	1,178883E+0	2,423437E+3	3,016235E+0	2,423437E+3	8,104524E-1
2,425000E+3	3,973988E+0	2,425000E+3	2,621904E+0	2,425000E+3	3,943957E+0	2,425000E+3	2,607585E+0	2,425000E+3	3,900173E+0	2,425000E+3	2,547730E+0	2,425000E+3	3,686697E+0	2,425000E+3	2,281802E+0	2,425000E+3	3,287445E+0	2,425000E+3	1,606850E+0	2,425000E+3	3,133242E+0	2,425000E+3	1,153457E+0	2,425000E+3	3,054375E+0	2,425000E+3	7,896309E-1
2,426562E+3	3,960913E+0	2,426562E+3	2,596592E+0	2,426562E+3	3,936010E+0	2,426562E+3	2,591255E+0	2,426562E+3	3,916115E+0	2,426562E+3	2,532383E+0	2,426562E+3	3,703884E+0	2,426562E+3	2,258196E+0	2,426562E+3	3,349002E+0	2,426562E+3	1,597063E+0	2,426562E+3	3,095517E+0	2,426562E+3	1,157465E+0	2,426562E+3	3,019600E+0	2,426562E+3	7,949518E-1
2,428125E+3	3,967426E+0	2,428125E+3	2,579183E+0	2,428125E+3	3,985577E+0	2,428125E+3	2,562013E+0	2,428125E+3	3,933559E+0	2,428125E+3	2,522732E+0	2,428125E+3	3,708463E+0	2,428125E+3	2,258228E+0	2,428125E+3	3,365574E+0	2,428125E+3	1,606501E+0	2,428125E+3	3,088897E+0	2,428125E+3	1,113913E+0	2,428125E+3	2,990990E+0	2,428125E+3	8,036496E-1
2,429687E+3	3,993957E+0	2,429687E+3	2,578475E+0	2,429687E+3	4,019543E+0	2,429687E+3	2,535327E+0	2,429687E+3	3,992126E+0	2,429687E+3	2,484415E+0	2,429687E+3	3,750409E+0	2,429687E+3	2,239954E+0	2,429687E+3	3,337736E+0	2,429687E+3	1,572381E+0	2,429687E+3	3,115299E+0	2,429687E+3	1,156244E+0	2,429687E+3	3,051184E+0	2,429687E+3	8,131200E-1
2,431250E+3	4,036827E+0	2,431250E+3	2,522766E+0	2,431250E+3	4,037164E+0	2,431250E+3	2,518911E+0	2,431250E+3	4,001117E+0	2,431250E+3	2,467815E+0	2,431250E+3	3,747651E+0	2,431250E+3	2,230648E+0	2,431250E+3	3,344013E+0	2,431250E+3	1,568366E+0	2,431250E+3	3,162873E+0	2,431250E+3	1,208296E+0	2,431250E+3	3,075713E+0	2,431250E+3	8,943944E-1
2,432812E+3	4,096411E+0	2,432812E+3	2,523496E+0	2,432812E+3	4,085695E+0	2,432812E+3	2,479522E+0	2,432812E+3	4,020558E+0	2,432812E+3	2,444142E+0	2,432812E+3	3,803504E+0	2,432812E+3	2,203658E+0	2,432812E+3	3,331296E+0	2,432812E+3	1,563408E+0	2,432812E+3	3,137825E+0	2,432812E+3	1,187620E+0	2,432812E+3	3,071999E+0	2,432812E+3	8,310702E-1
2,434375E+3	4,123993E+0	2,434375E+3	2,492472E+0	2,434375E+3	4,129088E+0	2,434375E+3	2,474117E+0	2,434375E+3	4,034332E+0	2,434375E+3	2,422902E+0	2,434375E+3	3,818955E+0	2,434375E+3	2,172989E+0	2,434375E+3	3,337472E+0	2,434375E+3	1,562112E+0	2,434375E+3	3,166625E+0	2,434375E+3	1,147026E+0	2,434375E+3	3,048083E+0	2,434375E+3	7,958783E-1
2,435937E+3	4,144334E+0	2,435937E+3	2,484855E+0	2,435937E+3	4,132171E+0	2,435937E+3	2,464070E+0	2,435937E+3	4,094652E+0	2,435937E+3	2,386040E+0	2,435937E+3	3,844654E+0	2,435937E+3	2,137063E+0	2,435937E+3	3,329776E+0	2,435937E+3	1,546728E+0	2,435937E+3	3,159818E+0	2,435937E+3	1,140084E+0	2,435937E+3	3,063067E+0	2,435937E+3	7,785178E-1
2,437500E+3	4,174696E+0	2,437500E+3	2,406750E+0	2,437500E+3	4,139658E+0	2,437500E+3	2,380352E+0	2,437500E+3	4,095386E+0	2,437500E+3	2,355755E+0	2,437500E+3	3,833227E+0	2,437500E+3	2,120269E+0	2,437500E+3	3,318832E+0	2,437500E+3	1,580350E+0	2,437500E+3	3,166946E+0	2,437500E+3	1,094748E+0	2,437500E+3	3,043600E+0	2,437500E+3	7,843925E-1
2,439062E+3	4,144236E+0	2,439062E+3	2,356116E+0	2,439062E+3	4,141344E+0	2,439062E+3	2,335299E+0	2,439062E+3	4,125581E+0	2,439062E+3	2,353975E+0	2,439062E+3	3,872754E+0	2,439062E+3	2,097097E+0	2,439062E+3	3,366023E+0	2,439062E+3	1,562576E+0	2,439062E+3	3,161495E+0	2,439062E+3	1,148512E+0	2,439062E+3	3,057926E+0	2,439062E+3	8,229685E-1
2,440625E+3	4,247692E+0	2,440625E+3	2,325967E+0	2,440625E+3	4,192003E+0	2,440625E+3	2,345436E+0	2,440625E+3	4,161076E+0	2,440625E+3	2,306804E+0	2,440625E+3	3,880853E+0	2,440625E+3	2,074150E+0	2,440625E+3	3,399878E+0	2,440625E+3	1,544271E+0	2,440625E+3	3,154004E+0	2,440625E+3	1,176045E+0	2,440625E+3	3,068094E+0	2,440625E+3	8,048398E-1
2,442187E+3	4,208445E+0	2,442187E+3	2,333399E+0	2,442187E+3	4,224562E+0	2,442187E+3	2,314185E+0	2,442187E+3	4,167606E+0	2,442187E+3	2,293567E+0	2,442187E+3	3,899442E+0	2,442187E+3	2,053135E+0	2,442187E+3	3,386478E+0	2,442187E+3	1,519785E+0	2,442187E+3	3,144552E+0	2,442187E+3	1,142197E+0	2,442187E+3	3,059503E+0	2,442187E+3	6,953477E-1
2,443750E+3	4,214415E+0	2,443750E+3	2,315712E+0	2,443750E+3	4,221962E+0	2,443750E+3	2,277377E+0	2,443750E+3	4,186385E+0	2,443750E+3	2,269279E+0	2,443750E+3	3,883977E+0	2,443750E+3	2,025819E+0	2,443750E+3	3,322979E+0	2,443750E+3	1,489512E+0	2,443750E+3	3,180928E+0	2,443750E+3	1,142116E+0	2,443750E+3	3,068258E+0	2,443750E+3	7,626517E-1
2,445312E+3	4,254121E+0	2,445312E+3	2,279406E+0	2,445312E+3	4,226280E+0	2,445312E+3	2,284136E+0	2,445312E+3	4,187590E+0	2,445312E+3	2,237205E+0	2,445312E+3	3,910651E+0	2,445312E+3	1,984512E+0	2,445312E+3	3,399470E+0	2,445312E+3	1,485373E+0	2,445312E+3	3,158542E+0	2,445312E+3	1,147893E+0	2,445312E+3	3,058753E+0	2,445312E+3	7,856106E-1
2,446875E+3	4,294687E+0	2,446875E+3	2,211699E+0	2,446875E+3	4,284551E+0	2,446875E+3	2,241041E+0	2,446875E+3	4,215446E+0	2,446875E+3	2,193280E+0	2,446875E+3	3,944962E+0	2,446875E+3	2,006792E+0	2,446875E+3	3,402566E+0	2,446875E+3	1,440092E+0	2,446875E+3	3,206646E+0	2,446875E+3	1,123678E+0	2,446875E+3	3,040211E+0	2,446875E+3	7,034395E-1
2,448437E+3	4,330092E+0	2,448437E+3	2,217144E+0	2,448437E+3	4,292451E+0	2,448437E+3	2,210835E+0	2,448437E+3	4,247142E+0	2,448437E+3	2,156929E+0	2,448437E+3	3,953840E+0	2,448437E+3	1,988734E+0	2,448437E+3	3,376809E+0	2,448437E+3	1,447936E+0	2,448437E+3	3,236889E+0	2,448437E+3	1,093291E+0	2,448437E+3	3,071009E+0	2,448437E+3	6,884533E-1
2,450000E+3	4,356261E+0	2,450000E+3	2,194857E+0	2,450000E+3	4,338124E+0	2,450000E+3	2,188393E+0	2,450000E+3	4,274563E+0	2,450000E+3	2,132684E+0	2,450000E+3	4,003693E+0	2,450000E+3	1,945574E+0	2,450000E+3	3,400064E+0	2,450000E+3	1,489147E+0	2,450000E+3	3,210277E+0	2,450000E+3	1,095941E+0	2,450000E+3	3,063664E+0	2,450000E+3	6,850690E-1
2,451562E+3	4,322965E+0	2,451562E+3	2,171397E+0	2,451562E+3	4,356557E+0	2,451562E+3	2,176063E+0	2,451562E+3	4,254954E+0	2,451562E+3	2,108159E+0	2,451562E+3	3,982123E+0	2,451562E+3	1,911057E+0	2,451562E+3	3,455134E+0	2,451562E+3	1,513909E+0	2,451562E+3	3,203276E+0	2,451562E+3	1,103728E+0	2,451562E+3	3,056255E+0	2,451562E+3	7,547407E-1
2,453125E+3	4,327943E+0	2,453125E+3	2,111150E+0	2,453125E+3	4,355687E+0	2,453125E+3	2,115510E+0	2,453125E+3	4,287499E+0	2,453125E+3	2,080940E+0	2,453125E+3	3,989106E+0	2,453125E+3	1,908752E+0	2,453125E+3	3,453090E+0	2,453125E+3	1,469482E+0	2,453125E+3	3,232182E+0	2,453125E+3	1,103587E+0	2,453125E+3	3,097860E+0	2,453125E+3	8,087322E-1
2,454687E+3	4,367121E+0	2,454687E+3	2,079396E+0	2,454687E+3	4,355041E+0	2,454687E+3	2,067767E+0	2,454687E+3	4,335167E+0	2,454687E+3	2,073164E+0	2,454687E+3	3,949691E+0	2,454687E+3	1,897317E+0	2,454687E+3	3,442220E+0	2,454687E+3	1,432361E+0	2,454687E+3	3,183842E+0	2,454687E+3	1,038471E+0	2,454687E+3	3,127355E+0	2,454687E+3	7,713688E-1
2,456250E+3	4,383643E+0	2,456250E+3	2,010709E+0	2,456250E+3	4,355630E+0	2,456250E+3	2,045269E+0	2,456250E+3	4,325891E+0	2,456250E+3	2,034250E+0	2,456250E+3	4,008942E+0	2,456250E+3	1,820120E+0	2,456250E+3	3,394127E+0	2,456250E+3	1,392276E+0	2,456250E+3	3,174992E+0	2,456250E+3	1,042357E+0	2,456250E+3	3,054762E+0	2,456250E+3	7,502613E-1
2,457812E+3	4,508650E+0	2,457812E+3	1,934927E+0	2,457812E+3	4,386250E+0	2,457812E+3	1,980858E+0	2,457812E+3	4,297968E+0	2,457812E+3	2,003244E+0	2,457812E+3	4,000898E+0	2,457812E+3	1,820915E+0	2,457812E+3	3,428183E+0	2,457812E+3	1,386653E+0	2,457812E+3	3,181726E+0	2,457812E+3	1,068186E+0	2,457812E+3	3,010620E+0	2,457812E+3	7,858353E-1
2,459375E+3	4,436579E+0	2,459375E+3	1,981567E+0	2,459375E+3	4,437542E+0	2,459375E+3	1,963866E+0	2,459375E+3	4,342382E+0	2,459375E+3	1,959045E+0	2,459375E+3	4,009037E+0	2,459375E+3	1,802076E+0	2,459375E+3	3,490351E+0	2,459375E+3	1,408394E+0	2,459375E+3	3,233516E+0	2,459375E+3	1,046990E+0	2,459375E+3	3,094254E+0	2,459375E+3	7,282927E-1
2,460937E+3	4,402157E+0	2,460937E+3	1,997054E+0	2,460937E+3	4,380479E+0	2,460937E+3	2,011647E+0	2,460937E+3	4,341848E+0	2,460937E+3	1,919994E+0	2,460937E+3	4,028670E+0	2,460937E+3	1,801546E+0	2,460937E+3	3,485554E+0	2,460937E+3	1,409174E+0	2,460937E+3	3,186526E+0	2,460937E+3	1,065130E+0	2,460937E+3	3,113290E+0	2,460937E+3	7,523170E-1
2,462500E+3	4,345939E+0	2,462500E+3	2,067493E+0	2,462500E+3	4,385647E+0	2,462500E+3	1,958512E+0	2,462500E+3	4,331223E+0	2,462500E+3	1,926927E+0	2,462500E+3	4,059930E+0	2,462500E+3	1,747633E+0	2,462500E+3	3,458604E+0	2,462500E+3	1,348008E+0	2,462500E+3	3,182166E+0	2,462500E+3	1,050139E+0	2,462500E+3	3,116320E+0	2,462500E+3	7,180821E-1
2,464062E+3	4,440235E+0	2,464062E+3	1,914470E+0	2,464062E+3	4,426105E+0	2,464062E+3	1,931560E+0	2,464062E+3	4,364930E+0	2,464062E+3	1,854512E+0	2,464062E+3	4,064210E+0	2,464062E+3	1,752925E+0	2,464062E+3	3,469792E+0	2,464062E+3	1,379161E+0	2,464062E+3	3,198810E+0	2,464062E+3	1,062670E+0	2,464062E+3	3,106732E+0	2,464062E+3	7,114700E-1
2,465625E+3	4,454300E+0	2,465625E+3	1,938306E+0	2,465625E+3	4,455287E+0	2,465625E+3	1,913473E+0	2,465625E+3	4,336481E+0	2,465625E+3	1,836603E+0	2,465625E+3	4,052062E+0	2,465625E+3	1,742475E+0	2,465625E+3	3,479525E+0	2,465625E+3	1,417812E+0	2,465625E+3	3,218860E+0	2,465625E+3	1,101359E+0	2,465625E+3	3,053647E+0	2,465625E+3	7,532538E-1
2,467187E+3	4,440417E+0	2,467187E+3	1,921075E+0	2,467187E+3	4,459672E+0	2,467187E+3	1,866075E+0	2,467187E+3	4,358338E+0	2,467187E+3	1,801222E+0	2,467187E+3	4,073935E+0	2,467187E+3	1,700789E+0	2,467187E+3	3,504546E+0	2,467187E+3	1,410606E+0	2,467187E+3	3,246798E+0	2,467187E+3	1,083011E+0	2,467187E+3	3,006266E+0	2,467187E+3	8,139375E-1
2,468750E+3	4,405449E+0	2,468750E+3	1,833948E+0	2,468750E+3	4,447908E+0	2,468750E+3	1,813299E+0	2,468750E+3	4,370444E+0	2,468750E+3	1,815042E+0	2,468750E+3	4,084088E+0	2,468750E+3	1,659204E+0	2,468750E+3	3,465586E+0	2,468750E+3	1,356760E+0	2,468750E+3	3,210104E+0	2,468750E+3	1,049966E+0	2,468750E+3	3,010074E+0	2,468750E+3	8,009007E-1
2,470312E+3	4,433443E+0	2,470312E+3	1,794688E+0	2,470312E+3	4,451813E+0	2,470312E+3	1,825580E+0	2,470312E+3	4,427842E+0	2,470312E+3	1,751972E+0	2,470312E+3	4,076062E+0	2,470312E+3	1,672973E+0	2,470312E+3	3,434070E+0	2,470312E+3	1,363212E+0	2,470312E+3	3,216487E+0	2,470312E+3	1,074216E+0	2,470312E+3	3,073381E+0	2,470312E+3	7,655777E-1
2,471875E+3	4,451795E+0	2,471875E+3	1,777347E+0	2,471875E+3	4,465345E+0	2,471875E+3	1,769391E+0	2,471875E+3	4,370503E+0	2,471875E+3	1,761011E+0	2,471875E+3	4,097445E+0	2,471875E+3	1,639625E+0	2,471875E+3	3,484207E+0	2,471875E+3	1,306749E+0	2,471875E+3	3,290221E+0	2,471875E+3	1,068171E+0	2,471875E+3	3,064552E+0	2,471875E+3	7,880205E-1
2,473437E+3	4,444691E+0	2,473437E+3	1,744390E+0	2,473437E+3	4,476159E+0	2,473437E+3	1,754872E+0	2,473437E+3	4,381148E+0	2,473437E+3	1,700594E+0	2,473437E+3	4,108432E+0	2,473437E+3	1,613814E+0	2,473437E+3	3,470458E+0	2,473437E+3	1,295565E+0	2,473437E+3	3,277767E+0	2,473437E+3	1,047626E+0	2,473437E+3	3,114000E+0	2,473437E+3	7,949272E-1
2,475000E+3	4,460139E+0	2,475000E+3	1,761893E+0	2,475000E+3	4,480588E+0	2,475000E+3	1,724071E+0	2,475000E+3	4,396932E+0	2,475000E+3	1,720910E+0	2,475000E+3	4,104095E+0	2,475000E+3	1,597900E+0	2,475000E+3	3,487618E+0	2,475000E+3	1,289035E+0	2,475000E+3	3,214798E+0	2,475000E+3	1,012462E+0	2,475000E+3	3,065783E+0	2,475000E+3	7,659553E-1
2,476562E+3	4,505736E+0	2,476562E+3	1,721487E+0	2,476562E+3	4,470141E+0	2,476562E+3	1,698031E+0	2,476562E+3	4,409053E+0	2,476562E+3	1,667065E+0	2,476562E+3	4,104973E+0	2,476562E+3	1,596363E+0	2,476562E+3	3,479995E+0	2,476562E+3	1,318279E+0	2,476562E+3	3,182325E+0	2,476562E+3	1,002977E+0	2,476562E+3	3,059372E+0	2,476562E+3	7,642029E-1
2,478125E+3	4,493186E+0	2,478125E+3	1,695618E+0	2,478125E+3	4,464063E+0	2,478125E+3	1,667473E+0	2,478125E+3	4,411665E+0	2,478125E+3	1,655210E+0	2,478125E+3	4,116009E+0	2,478125E+3	1,597340E+0	2,478125E+3	3,452718E+0	2,478125E+3	1,312761E+0	2,478125E+3	3,224961E+0	2,478125E+3	1,009170E+0	2,478125E+3	3,045959E+0	2,478125E+3	7,466295E-1
2,479687E+3	4,479007E+0	2,479687E+3	1,668403E+0	2,479687E+3	4,472541E+0	2,479687E+3	1,642722E+0	2,479687E+3	4,406249E+0	2,479687E+3	1,631367E+0	2,479687E+3	4,107544E+0	2,479687E+3	1,600764E+0	2,479687E+3	3,448779E+0	2,479687E+3	1,262340E+0	2,479687E+3	3,251792E+0	2,479687E+3	1,031979E+0	2,479687E+3	3,079681E+0	2,479687E+3	7,567725E-1
2,481250E+3	4,467468E+0	2,481250E+3	1,579223E+0	2,481250E+3	4,462096E+0	2,481250E+3	1,635298E+0	2,481250E+3	4,397275E+0	2,481250E+3	1,626563E+0	2,481250E+3	4,075293E+0	2,481250E+3	1,578509E+0	2,481250E+3	3,483676E+0	2,481250E+3	1,247709E+0	2,481250E+3	3,213840E+0	2,481250E+3	1,035389E+0	2,481250E+3	3,071722E+0	2,481250E+3	7,842949E-1
2,482812E+3	4,474188E+0	2,482812E+3	1,573910E+0	2,482812E+3	4,505288E+0	2,482812E+3	1,567394E+0	2,482812E+3	4,420754E+0	2,482812E+3	1,596918E+0	2,482812E+3	4,111372E+0	2,482812E+3	1,487754E+0	2,482812E+3	3,504392E+0	2,482812E+3	1,259611E+0	2,482812E+3	3,210575E+0	2,482812E+3	1,030344E+0	2,482812E+3	3,132488E+0	2,482812E+3	7,954307E-1
2,484375E+3	4,465358E+0	2,484375E+3	1,635907E+0	2,484375E+3	4,475815E+0	2,484375E+3	1,586588E+0	2,484375E+3	4,434166E+0	2,484375E+3	1,559838E+0	2,484375E+3	4,102726E+0	2,484375E+3	1,516947E+0	2,484375E+3	3,482621E+0	2,484375E+3	1,285510E+0	2,484375E+3	3,178624E+0	2,484375E+3	1,047367E+0	2,484375E+3	3,111006E+0	2,484375E+3	7,995518E-1
2,485937E+3	4,488655E+0	2,485937E+3	1,623026E+0	2,485937E+3	4,486685E+0	2,485937E+3	1,591980E+0	2,485937E+3	4,409703E+0	2,485937E+3	1,563952E+0	2,485937E+3	4,100966E+0	2,485937E+3	1,508120E+0	2,485937E+3	3,471594E+0	2,485937E+3	1,245679E+0	2,485937E+3	3,197450E+0	2,485937E+3	1,004210E+0	2,485937E+3	3,114509E+0	2,485937E+3	7,633744E-1
2,487500E+3	4,487673E+0	2,487500E+3	1,577876E+0	2,487500E+3	4,491571E+0	2,487500E+3	1,534719E+0	2,487500E+3	4,430261E+0	2,487500E+3	1,530891E+0	2,487500E+3	4,099896E+0	2,487500E+3	1,481636E+0	2,487500E+3	3,520791E+0	2,487500E+3	1,243012E+0	2,487500E+3	3,257855E+0	2,487500E+3	1,065427E+0	2,487500E+3	3,106040E+0	2,487500E+3	7,407831E-1
2,489062E+3	4,442275E+0	2,489062E+3	1,571380E+0	2,489062E+3	4,471544E+0	2,489062E+3	1,528508E+0	2,489062E+3	4,407469E+0	2,489062E+3	1,497037E+0	2,489062E+3	4,101121E+0	2,489062E+3	1,440560E+0	2,489062E+3	3,506797E+0	2,489062E+3	1,227075E+0	2,489062E+3	3,279820E+0	2,489062E+3	1,077759E+0	2,489062E+3	3,053238E+0	2,489062E+3	7,653748E-1
2,490625E+3	4,450254E+0	2,490625E+3	1,518696E+0	2,490625E+3	4,472163E+0	2,490625E+3	1,500156E+0	2,490625E+3	4,421650E+0	2,490625E+3	1,510437E+0	2,490625E+3	4,099409E+0	2,490625E+3	1,468467E+0	2,490625E+3	3,541690E+0	2,490625E+3	1,202588E+0	2,490625E+3	3,256747E+0	2,490625E+3	1,017370E+0	2,490625E+3	3,100904E+0	2,490625E+3	7,428696E-1
2,492187E+3	4,469839E+0	2,492187E+3	1,517774E+0	2,492187E+3	4,471771E+0	2,492187E+3	1,475439E+0	2,492187E+3	4,419995E+0	2,492187E+3	1,492318E+0	2,492187E+3	4,097105E+0	2,492187E+3	1,449390E+0	2,492187E+3	3,543184E+0	2,492187E+3	1,225245E+0	2,492187E+3	3,208175E+0	2,492187E+3	1,017476E+0	2,492187E+3	3,116837E+0	2,492187E+3	7,482239E-1
2,493750E+3	4,482891E+0	2,493750E+3	1,466302E+0	2,493750E+3	4,514630E+0	2,493750E+3	1,461569E+0	2,493750E+3	4,406503E+0	2,493750E+3	1,422668E+0	2,493750E+3	4,120501E+0	2,493750E+3	1,429886E+0	2,493750E+3	3,438388E+0	2,493750E+3	1,235000E+0	2,493750E+3	3,255321E+0	2,493750E+3	1,030783E+0	2,493750E+3	3,100499E+0	2,493750E+3	8,020772E-1
2,495312E+3	4,518960E+0	2,495312E+3	1,496368E+0	2,495312E+3	4,509531E+0	2,495312E+3	1,471218E+0	2,495312E+3	4,415065E+0	2,495312E+3	1,421812E+0	2,495312E+3	4,113608E+0	2,495312E+3	1,418467E+0	2,495312E+3	3,446370E+0	2,495312E+3	1,205050E+0	2,495312E+3	3,260082E+0	2,495312E+3	1,042769E+0	2,495312E+3	3,082784E+0	2,495312E+3	8,138413E-1
2,496875E+3	4,526158E+0	2,496875E+3	1,431608E+0	2,496875E+3	4,493552E+0	2,496875E+3	1,424167E+0	2,496875E+3	4,401499E+0	2,496875E+3	1,462278E+0	2,496875E+3	4,072420E+0	2,496875E+3	1,414778E+0	2,496875E+3	3,534732E+0	2,496875E+3	1,235864E+0	2,496875E+3	3,266249E+0	2,496875E+3	1,053293E+0	2,496875E+3	3,078256E+0	2,496875E+3	7,672823E-1
2,498437E+3	4,498427E+0	2,498437E+3	1,388383E+0	2,498437E+3	4,513922E+0	2,498437E+3	1,423974E+0	2,498437E+3	4,407805E+0	2,498437E+3	1,402285E+0	2,498437E+3	4,097499E+0	2,498437E+3	1,428151E+0	2,498437E+3	3,586668E+0	2,498437E+3	1,217992E+0	2,498437E+3	3,244293E+0	2,498437E+3	1,031867E+0	2,498437E+3	3,106348E+0	2,498437E+3	7,700977E-1
2,500000E+3	4,501006E+0	2,500000E+3	1,380285E+0	2,500000E+3	4,488589E+0	2,500000E+3	1,404009E+0	2,500000E+3	4,438880E+0	2,500000E+3	1,401315E+0	2,500000E+3	4,143059E+0	2,500000E+3	1,411332E+0	2,500000E+3	3,538797E+0	2,500000E+3	1,212302E+0	2,500000E+3	3,207511E+0	2,500000E+3	1,009113E+0	2,500000E+3	3,015255E+0	2,500000E+3	7,503525E-1
2,501562E+3	4,484253E+0	2,501562E+3	1,426855E+0	2,501562E+3	4,478746E+0	2,501562E+3	1,381642E+0	2,501562E+3	4,451944E+0	2,501562E+3	1,366331E+0	2,501562E+3	4,125033E+0	2,501562E+3	1,353629E+0	2,501562E+3	3,488841E+0	2,501562E+3	1,198991E+0	2,501562E+3	3,212470E+0	2,501562E+3	9,865209E-1	2,501562E+3	3,033695E+0	2,501562E+3	8,048242E-1
2,503125E+3	4,497482E+0	2,503125E+3	1,399582E+0	2,503125E+3	4,497040E+0	2,503125E+3	1,356498E+0	2,503125E+3	4,424357E+0	2,503125E+3	1,335814E+0	2,503125E+3	4,105275E+0	2,503125E+3	1,342408E+0	2,503125E+3	3,492446E+0	2,503125E+3	1,192992E+0	2,503125E+3	3,271703E+0	2,503125E+3	9,468495E-1	2,503125E+3	3,100597E+0	2,503125E+3	7,602222E-1
2,504687E+3	4,542891E+0	2,504687E+3	1,287060E+0	2,504687E+3	4,478886E+0	2,504687E+3	1,326798E+0	2,504687E+3	4,426368E+0	2,504687E+3	1,343525E+0	2,504687E+3	4,122368E+0	2,504687E+3	1,334421E+0	2,504687E+3	3,504152E+0	2,504687E+3	1,191161E+0	2,504687E+3	3,297863E+0	2,504687E+3	9,926500E-1	2,504687E+3	3,107557E+0	2,504687E+3	7,659499E-1
2,506250E+3	4,501668E+0	2,506250E+3	1,331071E+0	2,506250E+3	4,483777E+0	2,506250E+3	1,333731E+0	2,506250E+3	4,429226E+0	2,506250E+3	1,283215E+0	2,506250E+3	4,146685E+0	2,506250E+3	1,353865E+0	2,506250E+3	3,539385E+0	2,506250E+3	1,198338E+0	2,506250E+3	3,286875E+0	2,506250E+3	9,830177E-1	2,506250E+3	3,082239E+0	2,506250E+3	7,522240E-1
2,507812E+3	4,499124E+0	2,507812E+3	1,363283E+0	2,507812E+3	4,513991E+0	2,507812E+3	1,294632E+0	2,507812E+3	4,444252E+0	2,507812E+3	1,320362E+0	2,507812E+3	4,146126E+0	2,507812E+3	1,335833E+0	2,507812E+3	3,544278E+0	2,507812E+3	1,199828E+0	2,507812E+3	3,284011E+0	2,507812E+3	9,888735E-1	2,507812E+3	3,115692E+0	2,507812E+3	7,196510E-1
2,509375E+3	4,551865E+0	2,509375E+3	1,299247E+0	2,509375E+3	4,506709E+0	2,509375E+3	1,298444E+0	2,509375E+3	4,440175E+0	2,509375E+3	1,276372E+0	2,509375E+3	4,144718E+0	2,509375E+3	1,336899E+0	2,509375E+3	3,548635E+0	2,509375E+3	1,206076E+0	2,509375E+3	3,262607E+0	2,509375E+3	1,034174E+0	2,509375E+3	3,095705E+0	2,509375E+3	7,957145E-1
2,510937E+3	4,489406E+0	2,510937E+3	1,263487E+0	2,510937E+3	4,514131E+0	2,510937E+3	1,285611E+0	2,510937E+3	4,469678E+0	2,510937E+3	1,270185E+0	2,510937E+3	4,191934E+0	2,510937E+3	1,284498E+0	2,510937E+3	3,489423E+0	2,510937E+3	1,202800E+0	2,510937E+3	3,256380E+0	2,510937E+3	1,005649E+0	2,510937E+3	3,108787E+0	2,510937E+3	7,791320E-1
2,512500E+3	4,506835E+0	2,512500E+3	1,254912E+0	2,512500E+3	4,535645E+0	2,512500E+3	1,249986E+0	2,512500E+3	4,442959E+0	2,512500E+3	1,256432E+0	2,512500E+3	4,159153E+0	2,512500E+3	1,294755E+0	2,512500E+3	3,506035E+0	2,512500E+3	1,132754E+0	2,512500E+3	3,265293E+0	2,512500E+3	9,830554E-1	2,512500E+3	3,138130E+0	2,512500E+3	7,588613E-1
2,514062E+3	4,540904E+0	2,514062E+3	1,255623E+0	2,514062E+3	4,526823E+0	2,514062E+3	1,225756E+0	2,514062E+3	4,451741E+0	2,514062E+3	1,219415E+0	2,514062E+3	4,143113E+0	2,514062E+3	1,277794E+0	2,514062E+3	3,550947E+0	2,514062E+3	1,167460E+0	2,514062E+3	3,255609E+0	2,514062E+3	9,877302E-1	2,514062E+3	3,131929E+0	2,514062E+3	7,809637E-1
2,515625E+3	4,565579E+0	2,515625E+3	1,295340E+0	2,515625E+3	4,529809E+0	2,515625E+3	1,236506E+0	2,515625E+3	4,460132E+0	2,515625E+3	1,231064E+0	2,515625E+3	4,168786E+0	2,515625E+3	1,272584E+0	2,515625E+3	3,571328E+0	2,515625E+3	1,201610E+0	2,515625E+3	3,254938E+0	2,515625E+3	9,829436E-1	2,515625E+3	3,109232E+0	2,515625E+3	7,566997E-1
2,517187E+3	4,598117E+0	2,517187E+3	1,172755E+0	2,517187E+3	4,546493E+0	2,517187E+3	1,204745E+0	2,517187E+3	4,481283E+0	2,517187E+3	1,231892E+0	2,517187E+3	4,186471E+0	2,517187E+3	1,281132E+0	2,517187E+3	3,547623E+0	2,517187E+3	1,161933E+0	2,517187E+3	3,303459E+0	2,517187E+3	9,515107E-1	2,517187E+3	3,110867E+0	2,517187E+3	7,797989E-1
2,518750E+3	4,609421E+0	2,518750E+3	1,176255E+0	2,518750E+3	4,559708E+0	2,518750E+3	1,185484E+0	2,518750E+3	4,519887E+0	2,518750E+3	1,167441E+0	2,518750E+3	4,170944E+0	2,518750E+3	1,246652E+0	2,518750E+3	3,562819E+0	2,518750E+3	1,155347E+0	2,518750E+3	3,297655E+0	2,518750E+3	9,941975E-1	2,518750E+3	3,125518E+0	2,518750E+3	7,984015E-1
2,520312E+3	4,591216E+0	2,520312E+3	1,178798E+0	2,520312E+3	4,548483E+0	2,520312E+3	1,164541E+0	2,520312E+3	4,495309E+0	2,520312E+3	1,159152E+0	2,520312E+3	4,181216E+0	2,520312E+3	1,223785E+0	2,520312E+3	3,574759E+0	2,520312E+3	1,148009E+0	2,520312E+3	3,295141E+0	2,520312E+3	1,020226E+0	2,520312E+3	3,140160E+0	2,520312E+3	7,908901E-1
2,521875E+3	4,588180E+0	2,521875E+3	1,203192E+0	2,521875E+3	4,559384E+0	2,521875E+3	1,145631E+0	2,521875E+3	4,476003E+0	2,521875E+3	1,171571E+0	2,521875E+3	4,214791E+0	2,521875E+3	1,203299E+0	2,521875E+3	3,575064E+0	2,521875E+3	1,166063E+0	2,521875E+3	3,322733E+0	2,521875E+3	9,952747E-1	2,521875E+3	3,088257E+0	2,521875E+3	7,469799E-1
2,523437E+3	4,578759E+0	2,523437E+3	1,133865E+0	2,523437E+3	4,567975E+0	2,523437E+3	1,132262E+0	2,523437E+3	4,504439E+0	2,523437E+3	1,135614E+0	2,523437E+3	4,192474E+0	2,523437E+3	1,149625E+0	2,523437E+3	3,549246E+0	2,523437E+3	1,186260E+0	2,523437E+3	3,340395E+0	2,523437E+3	1,013842E+0	2,523437E+3	3,092862E+0	2,523437E+3	7,446534E-1
2,525000E+3	4,569077E+0	2,525000E+3	1,126229E+0	2,525000E+3	4,579253E+0	2,525000E+3	1,093497E+0	2,525000E+3	4,516695E+0	2,525000E+3	1,106668E+0	2,525000E+3	4,208484E+0	2,525000E+3	1,156803E+0	2,525000E+3	3,564635E+0	2,525000E+3	1,193470E+0	2,525000E+3	3,302946E+0	2,525000E+3	1,009878E+0	2,525000E+3	3,137894E+0	2,525000E+3	7,785926E-1
2,526562E+3	4,564552E+0	2,526562E+3	1,081256E+0	2,526562E+3	4,599287E+0	2,526562E+3	1,072997E+0	2,526562E+3	4,522272E+0	2,526562E+3	1,090439E+0	2,526562E+3	4,203623E+0	2,526562E+3	1,193537E+0	2,526562E+3	3,595853E+0	2,526562E+3	1,153122E+0	2,526562E+3	3,317508E+0	2,526562E+3	1,008783E+0	2,526562E+3	3,130267E+0	2,526562E+3	8,183362E-1
2,528125E+3	4,621941E+0	2,528125E+3	1,038671E+0	2,528125E+3	4,576499E+0	2,528125E+3	1,075347E+0	2,528125E+3	4,551179E+0	2,528125E+3	1,105458E+0	2,528125E+3	4,234448E+0	2,528125E+3	1,135069E+0	2,528125E+3	3,625369E+0	2,528125E+3	1,146280E+0	2,528125E+3	3,323279E+0	2,528125E+3	9,845690E-1	2,528125E+3	3,126603E+0	2,528125E+3	8,094692E-1
2,529687E+3	4,599272E+0	2,529687E+3	1,033640E+0	2,529687E+3	4,589427E+0	2,529687E+3	1,030729E+0	2,529687E+3	4,529665E+0	2,529687E+3	1,050732E+0	2,529687E+3	4,240894E+0	2,529687E+3	1,133432E+0	2,529687E+3	3,580409E+0	2,529687E+3	1,158979E+0	2,529687E+3	3,345595E+0	2,529687E+3	9,914268E-1	2,529687E+3	3,143852E+0	2,529687E+3	7,952783E-1
2,531250E+3	4,633119E+0	2,531250E+3	9,989307E-1	2,531250E+3	4,609779E+0	2,531250E+3	1,012276E+0	2,531250E+3	4,519041E+0	2,531250E+3	1,019321E+0	2,531250E+3	4,239536E+0	2,531250E+3	1,112067E+0	2,531250E+3	3,630122E+0	2,531250E+3	1,122177E+0	2,531250E+3	3,330954E+0	2,531250E+3	9,862743E-1	2,531250E+3	3,156932E+0	2,531250E+3	8,071487E-1
2,532812E+3	4,666512E+0	2,532812E+3	9,772901E-1	2,532812E+3	4,620033E+0	2,532812E+3	1,019082E+0	2,532812E+3	4,513582E+0	2,532812E+3	9,894603E-1	2,532812E+3	4,212848E+0	2,532812E+3	1,098185E+0	2,532812E+3	3,622593E+0	2,532812E+3	1,131232E+0	2,532812E+3	3,311531E+0	2,532812E+3	9,587992E-1	2,532812E+3	3,181507E+0	2,532812E+3	8,139698E-1
2,534375E+3	4,642881E+0	2,534375E+3	1,032302E+0	2,534375E+3	4,618285E+0	2,534375E+3	9,498149E-1	2,534375E+3	4,521704E+0	2,534375E+3	1,002079E+0	2,534375E+3	4,209325E+0	2,534375E+3	1,096100E+0	2,534375E+3	3,598030E+0	2,534375E+3	1,118880E+0	2,534375E+3	3,326366E+0	2,534375E+3	9,703714E-1	2,534375E+3	3,180167E+0	2,534375E+3	8,681302E-1
2,535937E+3	4,610088E+0	2,535937E+3	9,404776E-1	2,535937E+3	4,593848E+0	2,535937E+3	9,455333E-1	2,535937E+3	4,510053E+0	2,535937E+3	9,520939E-1	2,535937E+3	4,219723E+0	2,535937E+3	1,036284E+0	2,535937E+3	3,628035E+0	2,535937E+3	1,134128E+0	2,535937E+3	3,323186E+0	2,535937E+3	9,678794E-1	2,535937E+3	3,147176E+0	2,535937E+3	8,441776E-1
2,537500E+3	4,638951E+0	2,537500E+3	8,986073E-1	2,537500E+3	4,614885E+0	2,537500E+3	9,065252E-1	2,537500E+3	4,521627E+0	2,537500E+3	9,393296E-1	2,537500E+3	4,280354E+0	2,537500E+3	1,047795E+0	2,537500E+3	3,656845E+0	2,537500E+3	1,104044E+0	2,537500E+3	3,321218E+0	2,537500E+3	9,712330E-1	2,537500E+3	3,144926E+0	2,537500E+3	7,641044E-1
2,539062E+3	4,630502E+0	2,539062E+3	8,854856E-1	2,539062E+3	4,645763E+0	2,539062E+3	9,324853E-1	2,539062E+3	4,519170E+0	2,539062E+3	9,446087E-1	2,539062E+3	4,271878E+0	2,539062E+3	1,032475E+0	2,539062E+3	3,665120E+0	2,539062E+3	1,098612E+0	2,539062E+3	3,336520E+0	2,539062E+3	9,599152E-1	2,539062E+3	3,160664E+0	2,539062E+3	7,844154E-1
2,540625E+3	4,661253E+0	2,540625E+3	9,045937E-1	2,540625E+3	4,619890E+0	2,540625E+3	8,741763E-1	2,540625E+3	4,552879E+0	2,540625E+3	8,771224E-1	2,540625E+3	4,268617E+0	2,540625E+3	1,023518E+0	2,540625E+3	3,622724E+0	2,540625E+3	1,105765E+0	2,540625E+3	3,346127E+0	2,540625E+3	9,404484E-1	2,540625E+3	3,162554E+0	2,540625E+3	7,954861E-1
2,542187E+3	4,651505E+0	2,542187E+3	8,868818E-1	2,542187E+3	4,641811E+0	2,542187E+3	8,374981E-1	2,542187E+3	4,540841E+0	2,542187E+3	8,686483E-1	2,542187E+3	4,285933E+0	2,542187E+3	1,008465E+0	2,542187E+3	3,630635E+0	2,542187E+3	1,053161E+0	2,542187E+3	3,341430E+0	2,542187E+3	9,592093E-1	2,542187E+3	3,186822E+0	2,542187E+3	8,177953E-1
2,543750E+3	4,661368E+0	2,543750E+3	8,122812E-1	2,543750E+3	4,642681E+0	2,543750E+3	8,615125E-1	2,543750E+3	4,526935E+0	2,543750E+3	8,578391E-1	2,543750E+3	4,241901E+0	2,543750E+3	1,019100E+0	2,543750E+3	3,660844E+0	2,543750E+3	1,062529E+0	2,543750E+3	3,355819E+0	2,543750E+3	1,001572E+0	2,543750E+3	3,163016E+0	2,543750E+3	8,359843E-1
2,545312E+3	4,628737E+0	2,545312E+3	7,737322E-1	2,545312E+3	4,631804E+0	2,545312E+3	7,723737E-1	2,545312E+3	4,531185E+0	2,545312E+3	8,337281E-1	2,545312E+3	4,301585E+0	2,545312E+3	9,717330E-1	2,545312E+3	3,611758E+0	2,545312E+3	1,080643E+0	2,545312E+3	3,335326E+0	2,545312E+3	9,862652E-1	2,545312E+3	3,179195E+0	2,545312E+3	8,278224E-1
2,546875E+3	4,636594E+0	2,546875E+3	7,640411E-1	2,546875E+3	4,616224E+0	2,546875E+3	7,954285E-1	2,546875E+3	4,568524E+0	2,546875E+3	8,021395E-1	2,546875E+3	4,276832E+0	2,546875E+3	9,245117E-1	2,546875E+3	3,616589E+0	2,546875E+3	1,034790E+0	2,546875E+3	3,335856E+0	2,546875E+3	9,676059E-1	2,546875E+3	3,146869E+0	2,546875E+3	7,490002E-1
2,548437E+3	4,628884E+0	2,548437E+3	7,509873E-1	2,548437E+3	4,624356E+0	2,548437E+3	7,429560E-1	2,548437E+3	4,569163E+0	2,548437E+3	7,728808E-1	2,548437E+3	4,262638E+0	2,548437E+3	9,319884E-1	2,548437E+3	3,662789E+0	2,548437E+3	1,022611E+0	2,548437E+3	3,338534E+0	2,548437E+3	1,001244E+0	2,548437E+3	3,188021E+0	2,548437E+3	7,551916E-1
2,550000E+3	4,611759E+0	2,550000E+3	7,469943E-1	2,550000E+3	4,638246E+0	2,550000E+3	7,243068E-1	2,550000E+3	4,563417E+0	2,550000E+3	7,311690E-1	2,550000E+3	4,280421E+0	2,550000E+3	9,115491E-1	2,550000E+3	3,685472E+0	2,550000E+3	1,054377E+0	2,550000E+3	3,333804E+0	2,550000E+3	9,611540E-1	2,550000E+3	3,181107E+0	2,550000E+3	7,455081E-1
2,551562E+3	4,648038E+0	2,551562E+3	6,967645E-1	2,551562E+3	4,633882E+0	2,551562E+3	7,354649E-1	2,551562E+3	4,590306E+0	2,551562E+3	7,425035E-1	2,551562E+3	4,304566E+0	2,551562E+3	8,667317E-1	2,551562E+3	3,662953E+0	2,551562E+3	1,078608E+0	2,551562E+3	3,367677E+0	2,551562E+3	9,505996E-1	2,551562E+3	3,161039E+0	2,551562E+3	7,907883E-1
2,553125E+3	4,680039E+0	2,553125E+3	6,306658E-1	2,553125E+3	4,655195E+0	2,553125E+3	6,134668E-1	2,553125E+3	4,553124E+0	2,553125E+3	7,279989E-1	2,553125E+3	4,317208E+0	2,553125E+3	8,574495E-1	2,553125E+3	3,679670E+0	2,553125E+3	1,064086E+0	2,553125E+3	3,362713E+0	2,553125E+3	9,733251E-1	2,553125E+3	3,137020E+0	2,553125E+3	7,934399E-1
2,554687E+3	4,665650E+0	2,554687E+3	5,900986E-1	2,554687E+3	4,633389E+0	2,554687E+3	6,084676E-1	2,554687E+3	4,544848E+0	2,554687E+3	6,515730E-1	2,554687E+3	4,284271E+0	2,554687E+3	8,430814E-1	2,554687E+3	3,688004E+0	2,554687E+3	9,984215E-1	2,554687E+3	3,360698E+0	2,554687E+3	9,393543E-1	2,554687E+3	3,153485E+0	2,554687E+3	7,708655E-1
2,556250E+3	4,698688E+0	2,556250E+3	6,206002E-1	2,556250E+3	4,636610E+0	2,556250E+3	6,325355E-1	2,556250E+3	4,570408E+0	2,556250E+3	6,564355E-1	2,556250E+3	4,309894E+0	2,556250E+3	8,285443E-1	2,556250E+3	3,675901E+0	2,556250E+3	9,922081E-1	2,556250E+3	3,413974E+0	2,556250E+3	9,572419E-1	2,556250E+3	3,161570E+0	2,556250E+3	7,532902E-1
2,557812E+3	4,688656E+0	2,557812E+3	6,035510E-1	2,557812E+3	4,637301E+0	2,557812E+3	5,733327E-1	2,557812E+3	4,561208E+0	2,557812E+3	6,268063E-1	2,557812E+3	4,302058E+0	2,557812E+3	8,234983E-1	2,557812E+3	3,689138E+0	2,557812E+3	9,821243E-1	2,557812E+3	3,375228E+0	2,557812E+3	9,750723E-1	2,557812E+3	3,182291E+0	2,557812E+3	7,944043E-1
2,559375E+3	4,682810E+0	2,559375E+3	5,558681E-1	2,559375E+3	4,619194E+0	2,559375E+3	5,413257E-1	2,559375E+3	4,551188E+0	2,559375E+3	5,672583E-1	2,559375E+3	4,319773E+0	2,559375E+3	8,056495E-1	2,559375E+3	3,707399E+0	2,559375E+3	1,025494E+0	2,559375E+3	3,438479E+0	2,559375E+3	9,214688E-1	2,559375E+3	3,190114E+0	2,559375E+3	8,060533E-1
2,560937E+3	4,671170E+0	2,560937E+3	4,850823E-1	2,560937E+3	4,656239E+0	2,560937E+3	5,098877E-1	2,560937E+3	4,575878E+0	2,560937E+3	5,590006E-1	2,560937E+3	4,312119E+0	2,560937E+3	7,408202E-1	2,560937E+3	3,738967E+0	2,560937E+3	9,721799E-1	2,560937E+3	3,421571E+0	2,560937E+3	9,194916E-1	2,560937E+3	3,230859E+0	2,560937E+3	7,761489E-1
2,562500E+3	4,670443E+0	2,562500E+3	4,490404E-1	2,562500E+3	4,616707E+0	2,562500E+3	5,154935E-1	2,562500E+3	4,590945E+0	2,562500E+3	5,308821E-1	2,562500E+3	4,289626E+0	2,562500E+3	7,584055E-1	2,562500E+3	3,718753E+0	2,562500E+3	9,446868E-1	2,562500E+3	3,415033E+0	2,562500E+3	9,078771E-1	2,562500E+3	3,250943E+0	2,562500E+3	7,329973E-1
2,564062E+3	4,631564E+0	2,564062E+3	4,524337E-1	2,564062E+3	4,607316E+0	2,564062E+3	4,547652E-1	2,564062E+3	4,582418E+0	2,564062E+3	4,963866E-1	2,564062E+3	4,342404E+0	2,564062E+3	7,026052E-1	2,564062E+3	3,694249E+0	2,564062E+3	9,548282E-1	2,564062E+3	3,389919E+0	2,564062E+3	9,298313E-1	2,564062E+3	3,207813E+0	2,564062E+3	7,586630E-1
2,565625E+3	4,629232E+0	2,565625E+3	4,143863E-1	2,565625E+3	4,612924E+0	2,565625E+3	4,132833E-1	2,565625E+3	4,552740E+0	2,565625E+3	4,778869E-1	2,565625E+3	4,376598E+0	2,565625E+3	7,042637E-1	2,565625E+3	3,697973E+0	2,565625E+3	9,360089E-1	2,565625E+3	3,397381E+0	2,565625E+3	9,166742E-1	2,565625E+3	3,158366E+0	2,565625E+3	7,305144E-1
2,567187E+3	4,598070E+0	2,567187E+3	4,010130E-1	2,567187E+3	4,626886E+0	2,567187E+3	3,997513E-1	2,567187E+3	4,537816E+0	2,567187E+3	4,539586E-1	2,567187E+3	4,336261E+0	2,567187E+3	6,665772E-1	2,567187E+3	3,708971E+0	2,567187E+3	9,344600E-1	2,567187E+3	3,439860E+0	2,567187E+3	9,137053E-1	2,567187E+3	3,184632E+0	2,567187E+3	7,612972E-1
2,568750E+3	4,571576E+0	2,568750E+3	3,581922E-1	2,568750E+3	4,606656E+0	2,568750E+3	3,779522E-1	2,568750E+3	4,521356E+0	2,568750E+3	4,211404E-1	2,568750E+3	4,280868E+0	2,568750E+3	6,321958E-1	2,568750E+3	3,747931E+0	2,568750E+3	8,895012E-1	2,568750E+3	3,446068E+0	2,568750E+3	9,158269E-1	2,568750E+3	3,246896E+0	2,568750E+3	7,504764E-1
2,570312E+3	4,599133E+0	2,570312E+3	3,565538E-1	2,570312E+3	4,584327E+0	2,570312E+3	3,013649E-1	2,570312E+3	4,528746E+0	2,570312E+3	3,865957E-1	2,570312E+3	4,285801E+0	2,570312E+3	6,120599E-1	2,570312E+3	3,756429E+0	2,570312E+3	8,847334E-1	2,570312E+3	3,439284E+0	2,570312E+3	8,980668E-1	2,570312E+3	3,241842E+0	2,570312E+3	7,761566E-1
2,571875E+3	4,644683E+0	2,571875E+3	3,310337E-1	2,571875E+3	4,586380E+0	2,571875E+3	3,043389E-1	2,571875E+3	4,486107E+0	2,571875E+3	3,891363E-1	2,571875E+3	4,311509E+0	2,571875E+3	5,702484E-1	2,571875E+3	3,774835E+0	2,571875E+3	9,095333E-1	2,571875E+3	3,448716E+0	2,571875E+3	9,015559E-1	2,571875E+3	3,197618E+0	2,571875E+3	7,772690E-1
2,573437E+3	4,560297E+0	2,573437E+3	2,780558E-1	2,573437E+3	4,567108E+0	2,573437E+3	2,792135E-1	2,573437E+3	4,477120E+0	2,573437E+3	3,356815E-1	2,573437E+3	4,329564E+0	2,573437E+3	5,684397E-1	2,573437E+3	3,773493E+0	2,573437E+3	8,639026E-1	2,573437E+3	3,443558E+0	2,573437E+3	8,669128E-1	2,573437E+3	3,239836E+0	2,573437E+3	6,745358E-1
2,575000E+3	4,518798E+0	2,575000E+3	2,675869E-1	2,575000E+3	4,523741E+0	2,575000E+3	2,527728E-1	2,575000E+3	4,504037E+0	2,575000E+3	2,883031E-1	2,575000E+3	4,289059E+0	2,575000E+3	5,177036E-1	2,575000E+3	3,757204E+0	2,575000E+3	8,605167E-1	2,575000E+3	3,426772E+0	2,575000E+3	8,503211E-1	2,575000E+3	3,260459E+0	2,575000E+3	7,017527E-1
2,576562E+3	4,548373E+0	2,576562E+3	1,406829E-1	2,576562E+3	4,517949E+0	2,576562E+3	2,466832E-1	2,576562E+3	4,495884E+0	2,576562E+3	2,524740E-1	2,576562E+3	4,286228E+0	2,576562E+3	5,267925E-1	2,576562E+3	3,735613E+0	2,576562E+3	8,785668E-1	2,576562E+3	3,448854E+0	2,576562E+3	8,584521E-1	2,576562E+3	3,204031E+0	2,576562E+3	7,514108E-1
2,578125E+3	4,533256E+0	2,578125E+3	8,192271E-2	2,578125E+3	4,519061E+0	2,578125E+3	1,013399E-1	2,578125E+3	4,470571E+0	2,578125E+3	2,086931E-1	2,578125E+3	4,283473E+0	2,578125E+3	5,235709E-1	2,578125E+3	3,747303E+0	2,578125E+3	8,951392E-1	2,578125E+3	3,505317E+0	2,578125E+3	8,191560E-1	2,578125E+3	3,241099E+0	2,578125E+3	7,432584E-1
2,579687E+3	4,519017E+0	2,579687E+3	1,194011E-1	2,579687E+3	4,494480E+0	2,579687E+3	1,254634E-1	2,579687E+3	4,452758E+0	2,579687E+3	2,132497E-1	2,579687E+3	4,225282E+0	2,579687E+3	4,881399E-1	2,579687E+3	3,808960E+0	2,579687E+3	8,726655E-1	2,579687E+3	3,520585E+0	2,579687E+3	8,025124E-1	2,579687E+3	3,256537E+0	2,579687E+3	6,903191E-1
2,581250E+3	4,519205E+0	2,581250E+3	1,640827E-1	2,581250E+3	4,498582E+0	2,581250E+3	1,915211E-1	2,581250E+3	4,418925E+0	2,581250E+3	1,969176E-1	2,581250E+3	4,259793E+0	2,581250E+3	4,377259E-1	2,581250E+3	3,747601E+0	2,581250E+3	8,286633E-1	2,581250E+3	3,525668E+0	2,581250E+3	8,429461E-1	2,581250E+3	3,245305E+0	2,581250E+3	7,465888E-1
2,582812E+3	4,499548E+0	2,582812E+3	2,489419E-1	2,582812E+3	4,458259E+0	2,582812E+3	8,824806E-2	2,582812E+3	4,400477E+0	2,582812E+3	1,590622E-1	2,582812E+3	4,270220E+0	2,582812E+3	4,317475E-1	2,582812E+3	3,719741E+0	2,582812E+3	7,913596E-1	2,582812E+3	3,465929E+0	2,582812E+3	7,749001E-1	2,582812E+3	3,260649E+0	2,582812E+3	7,701319E-1
2,584375E+3	4,426306E+0	2,584375E+3	3,098922E-2	2,584375E+3	4,445559E+0	2,584375E+3	5,797496E-2	2,584375E+3	4,388711E+0	2,584375E+3	1,182791E-1	2,584375E+3	4,235442E+0	2,584375E+3	4,022073E-1	2,584375E+3	3,778726E+0	2,584375E+3	7,671668E-1	2,584375E+3	3,490833E+0	2,584375E+3	8,064546E-1	2,584375E+3	3,273450E+0	2,584375E+3	7,432638E-1
2,585937E+3	4,464027E+0	2,585937E+3	1,619807E-2	2,585937E+3	4,424503E+0	2,585937E+3	5,451980E-2	2,585937E+3	4,369684E+0	2,585937E+3	1,125998E-1	2,585937E+3	4,209284E+0	2,585937E+3	3,659987E-1	2,585937E+3	3,743712E+0	2,585937E+3	7,942251E-1	2,585937E+3	3,444246E+0	2,585937E+3	8,851280E-1	2,585937E+3	3,324685E+0	2,585937E+3	7,163875E-1
2,587500E+3	4,435821E+0	2,587500E+3	5,016995E-2	2,587500E+3	4,408766E+0	2,587500E+3	3,630952E-2	2,587500E+3	4,381588E+0	2,587500E+3	7,974195E-2	2,587500E+3	4,233287E+0	2,587500E+3	3,745539E-1	2,587500E+3	3,763084E+0	2,587500E+3	7,557366E-1	2,587500E+3	3,485761E+0	2,587500E+3	8,511643E-1	2,587500E+3	3,280680E+0	2,587500E+3	7,953125E-1
2,589062E+3	4,393202E+0	2,589062E+3	-6,259641E-2	2,589062E+3	4,386530E+0	2,589062E+3	-3,931063E-2	2,589062E+3	4,345547E+0	2,589062E+3	4,111359E-2	2,589062E+3	4,193065E+0	2,589062E+3	3,602527E-1	2,589062E+3	3,796557E+0	2,589062E+3	7,427304E-1	2,589062E+3	3,503495E+0	2,589062E+3	7,677564E-1	2,589062E+3	3,241102E+0	2,589062E+3	8,258898E-1
2,590625E+3	4,379686E+0	2,590625E+3	-6,352051E-2	2,590625E+3	4,382236E+0	2,590625E+3	-5,833043E-2	2,590625E+3	4,307704E+0	2,590625E+3	-8,376849E-3	2,590625E+3	4,182092E+0	2,590625E+3	3,287561E-1	2,590625E+3	3,794643E+0	2,590625E+3	7,458119E-1	2,590625E+3	3,515963E+0	2,590625E+3	7,909835E-1	2,590625E+3	3,199639E+0	2,590625E+3	7,691419E-1
2,592187E+3	4,354202E+0	2,592187E+3	-1,215412E-1	2,592187E+3	4,374725E+0	2,592187E+3	-5,515931E-2	2,592187E+3	4,317432E+0	2,592187E+3	1,469258E-3	2,592187E+3	4,163723E+0	2,592187E+3	2,773107E-1	2,592187E+3	3,760255E+0	2,592187E+3	6,901755E-1	2,592187E+3	3,487685E+0	2,592187E+3	8,177906E-1	2,592187E+3	3,265661E+0	2,592187E+3	7,098474E-1
2,593750E+3	4,370666E+0	2,593750E+3	-1,307429E-1	2,593750E+3	4,359792E+0	2,593750E+3	-9,182972E-2	2,593750E+3	4,289861E+0	2,593750E+3	-2,660644E-2	2,593750E+3	4,163762E+0	2,593750E+3	2,501531E-1	2,593750E+3	3,705698E+0	2,593750E+3	7,002063E-1	2,593750E+3	3,480832E+0	2,593750E+3	8,481266E-1	2,593750E+3	3,261233E+0	2,593750E+3	6,850645E-1
2,595312E+3	4,320943E+0	2,595312E+3	-1,078064E-1	2,595312E+3	4,306517E+0	2,595312E+3	-1,028647E-1	2,595312E+3	4,252611E+0	2,595312E+3	-3,645874E-2	2,595312E+3	4,132027E+0	2,595312E+3	2,285555E-1	2,595312E+3	3,667295E+0	2,595312E+3	7,026347E-1	2,595312E+3	3,491344E+0	2,595312E+3	8,395470E-1	2,595312E+3	3,337645E+0	2,595312E+3	6,968688E-1
2,596875E+3	4,264188E+0	2,596875E+3	-1,034809E-1	2,596875E+3	4,274284E+0	2,596875E+3	-1,104619E-1	2,596875E+3	4,247548E+0	2,596875E+3	-3,925914E-2	2,596875E+3	4,163211E+0	2,596875E+3	2,165248E-1	2,596875E+3	3,740661E+0	2,596875E+3	6,633804E-1	2,596875E+3	3,518175E+0	2,596875E+3	7,897287E-1	2,596875E+3	3,273313E+0	2,596875E+3	7,860456E-1
2,598437E+3	4,253368E+0	2,598437E+3	-1,366972E-1	2,598437E+3	4,250648E+0	2,598437E+3	-1,335739E-1	2,598437E+3	4,221017E+0	2,598437E+3	-7,947746E-2	2,598437E+3	4,151457E+0	2,598437E+3	1,480435E-1	2,598437E+3	3,801668E+0	2,598437E+3	6,671167E-1	2,598437E+3	3,507561E+0	2,598437E+3	7,936273E-1	2,598437E+3	3,291120E+0	2,598437E+3	7,466270E-1
2,600000E+3	4,213253E+0	2,600000E+3	-1,767992E-1	2,600000E+3	4,231104E+0	2,600000E+3	-2,056328E-1	2,600000E+3	4,187682E+0	2,600000E+3	-1,216961E-1	2,600000E+3	4,129226E+0	2,600000E+3	1,660614E-1	2,600000E+3	3,771505E+0	2,600000E+3	6,137226E-1	2,600000E+3	3,498871E+0	2,600000E+3	7,433970E-1	2,600000E+3	3,256019E+0	2,600000E+3	6,603191E-1
2,601562E+3	4,150901E+0	2,601562E+3	-1,840542E-1	2,601562E+3	4,207757E+0	2,601562E+3	-1,991836E-1	2,601562E+3	4,170950E+0	2,601562E+3	-1,236741E-1	2,601562E+3	4,099684E+0	2,601562E+3	1,477301E-1	2,601562E+3	3,772779E+0	2,601562E+3	6,518592E-1	2,601562E+3	3,517935E+0	2,601562E+3	7,728434E-1	2,601562E+3	3,231814E+0	2,601562E+3	6,603778E-1
2,603125E+3	4,158743E+0	2,603125E+3	-2,134577E-1	2,603125E+3	4,175788E+0	2,603125E+3	-2,171186E-1	2,603125E+3	4,140322E+0	2,603125E+3	-1,517451E-1	2,603125E+3	4,056699E+0	2,603125E+3	1,458978E-1	2,603125E+3	3,757414E+0	2,603125E+3	7,113628E-1	2,603125E+3	3,484616E+0	2,603125E+3	7,899546E-1	2,603125E+3	3,348381E+0	2,603125E+3	7,141767E-1
2,604687E+3	4,182471E+0	2,604687E+3	-2,387053E-1	2,604687E+3	4,148195E+0	2,604687E+3	-2,387816E-1	2,604687E+3	4,142172E+0	2,604687E+3	-1,625362E-1	2,604687E+3	4,009003E+0	2,604687E+3	1,486882E-1	2,604687E+3	3,748305E+0	2,604687E+3	6,364410E-1	2,604687E+3	3,457921E+0	2,604687E+3	7,533454E-1	2,604687E+3	3,358554E+0	2,604687E+3	7,196366E-1
2,606250E+3	4,147102E+0	2,606250E+3	-2,360124E-1	2,606250E+3	4,118276E+0	2,606250E+3	-2,766512E-1	2,606250E+3	4,090863E+0	2,606250E+3	-1,782830E-1	2,606250E+3	3,988376E+0	2,606250E+3	9,277325E-2	2,606250E+3	3,728701E+0	2,606250E+3	6,139258E-1	2,606250E+3	3,425530E+0	2,606250E+3	7,172825E-1	2,606250E+3	3,304087E+0	2,606250E+3	6,931316E-1
2,607812E+3	4,106705E+0	2,607812E+3	-2,313327E-1	2,607812E+3	4,099876E+0	2,607812E+3	-2,636666E-1	2,607812E+3	4,054453E+0	2,607812E+3	-2,116057E-1	2,607812E+3	3,997714E+0	2,607812E+3	7,832640E-2	2,607812E+3	3,728639E+0	2,607812E+3	6,140364E-1	2,607812E+3	3,440375E+0	2,607812E+3	7,874051E-1	2,607812E+3	3,373766E+0	2,607812E+3	6,494138E-1
2,609375E+3	4,076041E+0	2,609375E+3	-3,422630E-1	2,609375E+3	4,056448E+0	2,609375E+3	-2,870754E-1	2,609375E+3	4,083272E+0	2,609375E+3	-2,312312E-1	2,609375E+3	3,974399E+0	2,609375E+3	3,714490E-2	2,609375E+3	3,700687E+0	2,609375E+3	6,071384E-1	2,609375E+3	3,418037E+0	2,609375E+3	7,745372E-1	2,609375E+3	3,261703E+0	2,609375E+3	7,056997E-1
2,610937E+3	4,028853E+0	2,610937E+3	-3,837650E-1	2,610937E+3	4,025425E+0	2,610937E+3	-3,037165E-1	2,610937E+3	4,042721E+0	2,610937E+3	-2,611864E-1	2,610937E+3	3,967287E+0	2,610937E+3	3,730909E-2	2,610937E+3	3,683227E+0	2,610937E+3	5,702295E-1	2,610937E+3	3,444840E+0	2,610937E+3	7,674368E-1	2,610937E+3	3,248430E+0	2,610937E+3	6,715596E-1
2,612500E+3	4,001961E+0	2,612500E+3	-3,824962E-1	2,612500E+3	3,983667E+0	2,612500E+3	-2,862552E-1	2,612500E+3	4,003975E+0	2,612500E+3	-2,572150E-1	2,612500E+3	3,971374E+0	2,612500E+3	2,774483E-2	2,612500E+3	3,746162E+0	2,612500E+3	5,579194E-1	2,612500E+3	3,552503E+0	2,612500E+3	7,818051E-1	2,612500E+3	3,264569E+0	2,612500E+3	6,071473E-1
2,614062E+3	4,009723E+0	2,614062E+3	-3,590385E-1	2,614062E+3	3,994243E+0	2,614062E+3	-3,369221E-1	2,614062E+3	3,979109E+0	2,614062E+3	-2,676146E-1	2,614062E+3	3,978178E+0	2,614062E+3	1,903381E-3	2,614062E+3	3,728368E+0	2,614062E+3	5,129365E-1	2,614062E+3	3,591516E+0	2,614062E+3	7,063793E-1	2,614062E+3	3,237679E+0	2,614062E+3	6,234571E-1
2,615625E+3	3,942142E+0	2,615625E+3	-3,615680E-1	2,615625E+3	3,960590E+0	2,615625E+3	-3,544019E-1	2,615625E+3	3,947354E+0	2,615625E+3	-2,751308E-1	2,615625E+3	3,923500E+0	2,615625E+3	-2,833303E-2	2,615625E+3	3,666563E+0	2,615625E+3	5,366739E-1	2,615625E+3	3,478593E+0	2,615625E+3	7,308394E-1	2,615625E+3	3,224208E+0	2,615625E+3	6,976292E-1
2,617187E+3	3,958650E+0	2,617187E+3	-3,418034E-1	2,617187E+3	3,922251E+0	2,617187E+3	-3,683653E-1	2,617187E+3	3,930598E+0	2,617187E+3	-3,022090E-1	2,617187E+3	3,895101E+0	2,617187E+3	-1,332585E-2	2,617187E+3	3,590791E+0	2,617187E+3	6,171863E-1	2,617187E+3	3,495871E+0	2,617187E+3	6,396880E-1	2,617187E+3	3,225224E+0	2,617187E+3	7,188938E-1
2,618750E+3	3,938214E+0	2,618750E+3	-3,538277E-1	2,618750E+3	3,889440E+0	2,618750E+3	-3,799724E-1	2,618750E+3	3,898587E+0	2,618750E+3	-3,256135E-1	2,618750E+3	3,841453E+0	2,618750E+3	-2,169829E-2	2,618750E+3	3,626446E+0	2,618750E+3	5,918306E-1	2,618750E+3	3,492488E+0	2,618750E+3	6,380108E-1	2,618750E+3	3,224568E+0	2,618750E+3	7,235418E-1
2,620312E+3	3,839520E+0	2,620312E+3	-3,885262E-1	2,620312E+3	3,853037E+0	2,620312E+3	-3,817031E-1	2,620312E+3	3,851767E+0	2,620312E+3	-3,124766E-1	2,620312E+3	3,829428E+0	2,620312E+3	-2,538615E-2	2,620312E+3	3,657832E+0	2,620312E+3	4,810229E-1	2,620312E+3	3,485283E+0	2,620312E+3	6,826394E-1	2,620312E+3	3,252589E+0	2,620312E+3	6,322546E-1
2,621875E+3	3,847944E+0	2,621875E+3	-3,900007E-1	2,621875E+3	3,813700E+0	2,621875E+3	-3,760803E-1	2,621875E+3	3,821618E+0	2,621875E+3	-3,228882E-1	2,621875E+3	3,820213E+0	2,621875E+3	-1,070603E-2	2,621875E+3	3,715854E+0	2,621875E+3	5,010593E-1	2,621875E+3	3,420096E+0	2,621875E+3	6,917846E-1	2,621875E+3	3,246192E+0	2,621875E+3	6,214669E-1
2,623437E+3	3,797315E+0	2,623437E+3	-3,900731E-1	2,623437E+3	3,794396E+0	2,623437E+3	-4,069806E-1	2,623437E+3	3,778609E+0	2,623437E+3	-3,523225E-1	2,623437E+3	3,814253E+0	2,623437E+3	-6,715123E-2	2,623437E+3	3,686681E+0	2,623437E+3	5,033622E-1	2,623437E+3	3,466853E+0	2,623437E+3	6,513886E-1	2,623437E+3	3,303703E+0	2,623437E+3	5,567227E-1
2,625000E+3	3,778097E+0	2,625000E+3	-4,307998E-1	2,625000E+3	3,812790E+0	2,625000E+3	-4,336077E-1	2,625000E+3	3,755313E+0	2,625000E+3	-3,621459E-1	2,625000E+3	3,766767E+0	2,625000E+3	-5,075621E-2	2,625000E+3	3,691927E+0	2,625000E+3	5,050719E-1	2,625000E+3	3,432963E+0	2,625000E+3	6,177789E-1	2,625000E+3	3,281740E+0	2,625000E+3	6,586132E-1
2,626562E+3	3,773403E+0	2,626562E+3	-4,229252E-1	2,626562E+3	3,751394E+0	2,626562E+3	-4,565342E-1	2,626562E+3	3,735630E+0	2,626562E+3	-3,732980E-1	2,626562E+3	3,721640E+0	2,626562E+3	-7,295145E-2	2,626562E+3	3,672456E+0	2,626562E+3	4,789300E-1	2,626562E+3	3,427426E+0	2,626562E+3	6,605509E-1	2,626562E+3	3,233865E+0	2,626562E+3	6,556616E-1
2,628125E+3	3,711636E+0	2,628125E+3	-4,176351E-1	2,628125E+3	3,713456E+0	2,628125E+3	-4,620375E-1	2,628125E+3	3,706487E+0	2,628125E+3	-3,658244E-1	2,628125E+3	3,731951E+0	2,628125E+3	-9,123102E-2	2,628125E+3	3,625625E+0	2,628125E+3	4,539760E-1	2,628125E+3	3,469675E+0	2,628125E+3	5,859274E-1	2,628125E+3	3,281746E+0	2,628125E+3	6,382485E-1
2,629687E+3	3,706600E+0	2,629687E+3	-4,669864E-1	2,629687E+3	3,686138E+0	2,629687E+3	-4,507883E-1	2,629687E+3	3,670309E+0	2,629687E+3	-3,898993E-1	2,629687E+3	3,735068E+0	2,629687E+3	-1,063750E-1	2,629687E+3	3,587359E+0	2,629687E+3	4,476851E-1	2,629687E+3	3,437240E+0	2,629687E+3	6,166199E-1	2,629687E+3	3,328321E+0	2,629687E+3	6,913445E-1
2,631250E+3	3,680554E+0	2,631250E+3	-4,852528E-1	2,631250E+3	3,648148E+0	2,631250E+3	-4,504800E-1	2,631250E+3	3,668942E+0	2,631250E+3	-3,816408E-1	2,631250E+3	3,710587E+0	2,631250E+3	-1,145252E-1	2,631250E+3	3,552185E+0	2,631250E+3	4,161138E-1	2,631250E+3	3,425280E+0	2,631250E+3	6,161630E-1	2,631250E+3	3,267905E+0	2,631250E+3	7,164501E-1
2,632812E+3	3,635874E+0	2,632812E+3	-4,624640E-1	2,632812E+3	3,629121E+0	2,632812E+3	-4,379675E-1	2,632812E+3	3,640662E+0	2,632812E+3	-3,968334E-1	2,632812E+3	3,647193E+0	2,632812E+3	-1,169009E-1	2,632812E+3	3,541475E+0	2,632812E+3	4,741446E-1	2,632812E+3	3,428501E+0	2,632812E+3	6,390350E-1	2,632812E+3	3,216967E+0	2,632812E+3	6,851833E-1
2,634375E+3	3,620681E+0	2,634375E+3	-4,739347E-1	2,634375E+3	3,600722E+0	2,634375E+3	-4,565069E-1	2,634375E+3	3,607923E+0	2,634375E+3	-4,093091E-1	2,634375E+3	3,623270E+0	2,634375E+3	-1,480134E-1	2,634375E+3	3,542040E+0	2,634375E+3	4,397775E-1	2,634375E+3	3,386202E+0	2,634375E+3	6,143059E-1	2,634375E+3	3,222655E+0	2,634375E+3	6,962043E-1
2,635937E+3	3,597177E+0	2,635937E+3	-4,739646E-1	2,635937E+3	3,576762E+0	2,635937E+3	-4,813841E-1	2,635937E+3	3,609209E+0	2,635937E+3	-4,133590E-1	2,635937E+3	3,617234E+0	2,635937E+3	-1,813020E-1	2,635937E+3	3,556370E+0	2,635937E+3	4,236709E-1	2,635937E+3	3,364153E+0	2,635937E+3	6,158308E-1	2,635937E+3	3,274731E+0	2,635937E+3	6,840722E-1
2,637500E+3	3,511473E+0	2,637500E+3	-5,054204E-1	2,637500E+3	3,542151E+0	2,637500E+3	-4,750579E-1	2,637500E+3	3,540681E+0	2,637500E+3	-4,280187E-1	2,637500E+3	3,608790E+0	2,637500E+3	-1,497503E-1	2,637500E+3	3,519868E+0	2,637500E+3	4,033779E-1	2,637500E+3	3,396678E+0	2,637500E+3	6,730705E-1	2,637500E+3	3,281688E+0	2,637500E+3	6,353643E-1
2,639062E+3	3,493829E+0	2,639062E+3	-4,805646E-1	2,639062E+3	3,502918E+0	2,639062E+3	-5,113674E-1	2,639062E+3	3,508220E+0	2,639062E+3	-4,137856E-1	2,639062E+3	3,573855E+0	2,639062E+3	-1,608760E-1	2,639062E+3	3,530108E+0	2,639062E+3	4,088763E-1	2,639062E+3	3,367061E+0	2,639062E+3	6,457436E-1	2,639062E+3	3,279496E+0	2,639062E+3	6,698162E-1
2,640625E+3	3,482319E+0	2,640625E+3	-5,043817E-1	2,640625E+3	3,495547E+0	2,640625E+3	-4,754473E-1	2,640625E+3	3,501860E+0	2,640625E+3	-4,233485E-1	2,640625E+3	3,558940E+0	2,640625E+3	-1,586933E-1	2,640625E+3	3,562967E+0	2,640625E+3	3,790993E-1	2,640625E+3	3,340171E+0	2,640625E+3	5,596597E-1	2,640625E+3	3,183718E+0	2,640625E+3	5,783383E-1
2,642187E+3	3,490375E+0	2,642187E+3	-4,867022E-1	2,642187E+3	3,471339E+0	2,642187E+3	-4,679076E-1	2,642187E+3	3,461728E+0	2,642187E+3	-4,336784E-1	2,642187E+3	3,540200E+0	2,642187E+3	-1,453538E-1	2,642187E+3	3,493193E+0	2,642187E+3	3,793730E-1	2,642187E+3	3,332484E+0	2,642187E+3	5,764020E-1	2,642187E+3	3,245301E+0	2,642187E+3	5,513418E-1
2,643750E+3	3,422774E+0	2,643750E+3	-4,982632E-1	2,643750E+3	3,400819E+0	2,643750E+3	-4,811448E-1	2,643750E+3	3,435823E+0	2,643750E+3	-4,165386E-1	2,643750E+3	3,497905E+0	2,643750E+3	-1,726568E-1	2,643750E+3	3,511749E+0	2,643750E+3	3,628191E-1	2,643750E+3	3,378362E+0	2,643750E+3	6,129657E-1	2,643750E+3	3,244072E+0	2,643750E+3	6,559345E-1
2,645312E+3	3,383383E+0	2,645312E+3	-4,849166E-1	2,645312E+3	3,370074E+0	2,645312E+3	-4,643607E-1	2,645312E+3	3,388978E+0	2,645312E+3	-4,370723E-1	2,645312E+3	3,484884E+0	2,645312E+3	-1,932444E-1	2,645312E+3	3,498271E+0	2,645312E+3	3,606688E-1	2,645312E+3	3,362869E+0	2,645312E+3	6,080531E-1	2,645312E+3	3,184975E+0	2,645312E+3	5,894841E-1
2,646875E+3	3,350167E+0	2,646875E+3	-5,026103E-1	2,646875E+3	3,335162E+0	2,646875E+3	-4,904386E-1	2,646875E+3	3,361682E+0	2,646875E+3	-4,335594E-1	2,646875E+3	3,465316E+0	2,646875E+3	-1,969857E-1	2,646875E+3	3,457777E+0	2,646875E+3	3,817401E-1	2,646875E+3	3,332257E+0	2,646875E+3	5,554471E-1	2,646875E+3	3,251742E+0	2,646875E+3	6,078390E-1
2,648437E+3	3,311673E+0	2,648437E+3	-5,070992E-1	2,648437E+3	3,324474E+0	2,648437E+3	-4,915629E-1	2,648437E+3	3,334747E+0	2,648437E+3	-4,283255E-1	2,648437E+3	3,432222E+0	2,648437E+3	-1,881046E-1	2,648437E+3	3,411637E+0	2,648437E+3	3,742825E-1	2,648437E+3	3,339357E+0	2,648437E+3	5,570893E-1	2,648437E+3	3,256550E+0	2,648437E+3	6,580133E-1
2,650000E+3	3,294997E+0	2,650000E+3	-5,251734E-1	2,650000E+3	3,314852E+0	2,650000E+3	-4,780832E-1	2,650000E+3	3,304835E+0	2,650000E+3	-4,250566E-1	2,650000E+3	3,403415E+0	2,650000E+3	-2,003240E-1	2,650000E+3	3,444211E+0	2,650000E+3	3,523519E-1	2,650000E+3	3,334920E+0	2,650000E+3	5,915663E-1	2,650000E+3	3,216327E+0	2,650000E+3	6,183240E-1
2,651562E+3	3,249310E+0	2,651562E+3	-5,042872E-1	2,651562E+3	3,275823E+0	2,651562E+3	-4,882036E-1	2,651562E+3	3,281146E+0	2,651562E+3	-4,535120E-1	2,651562E+3	3,380535E+0	2,651562E+3	-2,003575E-1	2,651562E+3	3,418244E+0	2,651562E+3	3,541722E-1	2,651562E+3	3,315527E+0	2,651562E+3	5,819383E-1	2,651562E+3	3,211700E+0	2,651562E+3	6,343614E-1
2,653125E+3	3,201748E+0	2,653125E+3	-4,582753E-1	2,653125E+3	3,227917E+0	2,653125E+3	-4,868209E-1	2,653125E+3	3,255001E+0	2,653125E+3	-4,326817E-1	2,653125E+3	3,364393E+0	2,653125E+3	-2,074086E-1	2,653125E+3	3,394281E+0	2,653125E+3	3,308762E-1	2,653125E+3	3,361852E+0	2,653125E+3	5,814676E-1	2,653125E+3	3,211428E+0	2,653125E+3	5,969609E-1
2,654687E+3	3,172273E+0	2,654687E+3	-4,951428E-1	2,654687E+3	3,210316E+0	2,654687E+3	-4,821559E-1	2,654687E+3	3,234448E+0	2,654687E+3	-4,152392E-1	2,654687E+3	3,314919E+0	2,654687E+3	-2,186189E-1	2,654687E+3	3,422432E+0	2,654687E+3	3,271379E-1	2,654687E+3	3,323880E+0	2,654687E+3	5,464237E-1	2,654687E+3	3,197277E+0	2,654687E+3	5,865077E-1
2,656250E+3	3,165175E+0	2,656250E+3	-5,057212E-1	2,656250E+3	3,183398E+0	2,656250E+3	-4,864506E-1	2,656250E+3	3,207065E+0	2,656250E+3	-4,386073E-1	2,656250E+3	3,283903E+0	2,656250E+3	-1,859245E-1	2,656250E+3	3,406667E+0	2,656250E+3	3,462805E-1	2,656250E+3	3,304382E+0	2,656250E+3	5,894078E-1	2,656250E+3	3,156651E+0	2,656250E+3	6,073645E-1
2,657812E+3	3,152259E+0	2,657812E+3	-4,946870E-1	2,657812E+3	3,154057E+0	2,657812E+3	-4,855659E-1	2,657812E+3	3,164285E+0	2,657812E+3	-4,410459E-1	2,657812E+3	3,255981E+0	2,657812E+3	-2,050702E-1	2,657812E+3	3,385699E+0	2,657812E+3	3,367932E-1	2,657812E+3	3,345359E+0	2,657812E+3	5,906972E-1	2,657812E+3	3,185347E+0	2,657812E+3	6,173528E-1
2,659375E+3	3,132127E+0	2,659375E+3	-4,785460E-1	2,659375E+3	3,131598E+0	2,659375E+3	-4,955015E-1	2,659375E+3	3,143805E+0	2,659375E+3	-4,291512E-1	2,659375E+3	3,248428E+0	2,659375E+3	-1,881579E-1	2,659375E+3	3,355599E+0	2,659375E+3	3,388927E-1	2,659375E+3	3,293092E+0	2,659375E+3	5,075108E-1	2,659375E+3	3,180942E+0	2,659375E+3	6,550033E-1
2,660937E+3	3,118486E+0	2,660937E+3	-4,520726E-1	2,660937E+3	3,093842E+0	2,660937E+3	-4,716915E-1	2,660937E+3	3,117366E+0	2,660937E+3	-4,332941E-1	2,660937E+3	3,214359E+0	2,660937E+3	-2,060282E-1	2,660937E+3	3,304210E+0	2,660937E+3	3,176155E-1	2,660937E+3	3,269441E+0	2,660937E+3	5,851704E-1	2,660937E+3	3,125403E+0	2,660937E+3	6,278175E-1
2,662500E+3	3,059255E+0	2,662500E+3	-4,736030E-1	2,662500E+3	3,049340E+0	2,662500E+3	-4,610257E-1	2,662500E+3	3,076871E+0	2,662500E+3	-4,231311E-1	2,662500E+3	3,207590E+0	2,662500E+3	-1,836602E-1	2,662500E+3	3,287096E+0	2,662500E+3	3,233344E-1	2,662500E+3	3,289511E+0	2,662500E+3	5,830783E-1	2,662500E+3	3,217622E+0	2,662500E+3	6,397251E-1
2,664062E+3	3,010879E+0	2,664062E+3	-4,552305E-1	2,664062E+3	3,018506E+0	2,664062E+3	-4,528011E-1	2,664062E+3	3,063926E+0	2,664062E+3	-4,201265E-1	2,664062E+3	3,174569E+0	2,664062E+3	-2,042781E-1	2,664062E+3	3,290652E+0	2,664062E+3	3,427093E-1	2,664062E+3	3,272289E+0	2,664062E+3	5,705653E-1	2,664062E+3	3,198686E+0	2,664062E+3	6,550479E-1
2,665625E+3	2,972473E+0	2,665625E+3	-4,705220E-1	2,665625E+3	3,000434E+0	2,665625E+3	-4,643128E-1	2,665625E+3	3,029975E+0	2,665625E+3	-4,058363E-1	2,665625E+3	3,156640E+0	2,665625E+3	-2,047625E-1	2,665625E+3	3,284396E+0	2,665625E+3	3,342633E-1	2,665625E+3	3,232842E+0	2,665625E+3	6,289566E-1	2,665625E+3	3,119792E+0	2,665625E+3	6,854421E-1
2,667187E+3	2,983067E+0	2,667187E+3	-4,708780E-1	2,667187E+3	2,974045E+0	2,667187E+3	-4,494573E-1	2,667187E+3	3,003688E+0	2,667187E+3	-4,115238E-1	2,667187E+3	3,125209E+0	2,667187E+3	-1,877710E-1	2,667187E+3	3,275235E+0	2,667187E+3	3,110268E-1	2,667187E+3	3,283762E+0	2,667187E+3	6,161817E-1	2,667187E+3	3,217828E+0	2,667187E+3	6,732958E-1
2,668750E+3	2,964805E+0	2,668750E+3	-4,586283E-1	2,668750E+3	2,961795E+0	2,668750E+3	-4,351914E-1	2,668750E+3	2,986150E+0	2,668750E+3	-4,031237E-1	2,668750E+3	3,097940E+0	2,668750E+3	-2,132816E-1	2,668750E+3	3,259657E+0	2,668750E+3	3,459172E-1	2,668750E+3	3,269269E+0	2,668750E+3	6,166433E-1	2,668750E+3	3,227174E+0	2,668750E+3	6,607805E-1
2,670312E+3	2,929504E+0	2,670312E+3	-4,462314E-1	2,670312E+3	2,921910E+0	2,670312E+3	-4,348852E-1	2,670312E+3	2,943745E+0	2,670312E+3	-4,052630E-1	2,670312E+3	3,063357E+0	2,670312E+3	-2,121162E-1	2,670312E+3	3,241633E+0	2,670312E+3	3,460451E-1	2,670312E+3	3,224348E+0	2,670312E+3	5,941085E-1	2,670312E+3	3,181102E+0	2,670312E+3	6,570783E-1
2,671875E+3	2,877914E+0	2,671875E+3	-4,353244E-1	2,671875E+3	2,887634E+0	2,671875E+3	-4,337312E-1	2,671875E+3	2,929897E+0	2,671875E+3	-3,850890E-1	2,671875E+3	3,043101E+0	2,671875E+3	-1,947371E-1	2,671875E+3	3,230574E+0	2,671875E+3	3,180855E-1	2,671875E+3	3,205626E+0	2,671875E+3	5,590699E-1	2,671875E+3	3,186820E+0	2,671875E+3	6,385411E-1
2,673437E+3	2,857810E+0	2,673437E+3	-4,285740E-1	2,673437E+3	2,867587E+0	2,673437E+3	-4,270918E-1	2,673437E+3	2,899193E+0	2,673437E+3	-3,951775E-1	2,673437E+3	3,020476E+0	2,673437E+3	-1,659850E-1	2,673437E+3	3,193650E+0	2,673437E+3	3,123737E-1	2,673437E+3	3,199981E+0	2,673437E+3	5,792287E-1	2,673437E+3	3,171136E+0	2,673437E+3	6,449126E-1
2,675000E+3	2,833754E+0	2,675000E+3	-4,265265E-1	2,675000E+3	2,842372E+0	2,675000E+3	-4,197039E-1	2,675000E+3	2,871691E+0	2,675000E+3	-3,794487E-1	2,675000E+3	3,005536E+0	2,675000E+3	-1,735285E-1	2,675000E+3	3,190061E+0	2,675000E+3	3,031387E-1	2,675000E+3	3,185952E+0	2,675000E+3	5,658557E-1	2,675000E+3	3,164918E+0	2,675000E+3	6,667659E-1
2,676562E+3	2,809972E+0	2,676562E+3	-4,249111E-1	2,676562E+3	2,817271E+0	2,676562E+3	-4,096664E-1	2,676562E+3	2,850662E+0	2,676562E+3	-3,732553E-1	2,676562E+3	2,966751E+0	2,676562E+3	-1,856880E-1	2,676562E+3	3,167142E+0	2,676562E+3	3,143606E-1	2,676562E+3	3,216822E+0	2,676562E+3	5,837081E-1	2,676562E+3	3,126092E+0	2,676562E+3	6,606933E-1
2,678125E+3	2,780336E+0	2,678125E+3	-4,181267E-1	2,678125E+3	2,784513E+0	2,678125E+3	-3,994332E-1	2,678125E+3	2,829793E+0	2,678125E+3	-3,604487E-1	2,678125E+3	2,946494E+0	2,678125E+3	-1,826854E-1	2,678125E+3	3,160394E+0	2,678125E+3	3,168581E-1	2,678125E+3	3,197079E+0	2,678125E+3	5,802682E-1	2,678125E+3	3,109937E+0	2,678125E+3	6,569766E-1
2,679687E+3	2,750308E+0	2,679687E+3	-3,903624E-1	2,679687E+3	2,759827E+0	2,679687E+3	-3,905696E-1	2,679687E+3	2,794059E+0	2,679687E+3	-3,583897E-1	2,679687E+3	2,923481E+0	2,679687E+3	-1,707392E-1	2,679687E+3	3,165732E+0	2,679687E+3	3,132248E-1	2,679687E+3	3,170045E+0	2,679687E+3	5,550179E-1	2,679687E+3	3,083378E+0	2,679687E+3	6,878306E-1
2,681250E+3	2,733160E+0	2,681250E+3	-3,864994E-1	2,681250E+3	2,735982E+0	2,681250E+3	-3,694242E-1	2,681250E+3	2,776762E+0	2,681250E+3	-3,373594E-1	2,681250E+3	2,907587E+0	2,681250E+3	-1,626519E-1	2,681250E+3	3,168020E+0	2,681250E+3	2,843166E-1	2,681250E+3	3,168303E+0	2,681250E+3	5,186965E-1	2,681250E+3	3,104949E+0	2,681250E+3	6,586781E-1
2,682812E+3	2,704342E+0	2,682812E+3	-3,840536E-1	2,682812E+3	2,693106E+0	2,682812E+3	-3,651896E-1	2,682812E+3	2,737889E+0	2,682812E+3	-3,502975E-1	2,682812E+3	2,886985E+0	2,682812E+3	-1,740263E-1	2,682812E+3	3,129717E+0	2,682812E+3	3,103914E-1	2,682812E+3	3,161943E+0	2,682812E+3	5,237612E-1	2,682812E+3	3,090298E+0	2,682812E+3	6,402070E-1
2,684375E+3	2,690939E+0	2,684375E+3	-3,816046E-1	2,684375E+3	2,677486E+0	2,684375E+3	-3,515648E-1	2,684375E+3	2,718288E+0	2,684375E+3	-3,264851E-1	2,684375E+3	2,859217E+0	2,684375E+3	-1,503179E-1	2,684375E+3	3,129438E+0	2,684375E+3	3,124666E-1	2,684375E+3	3,146982E+0	2,684375E+3	5,526716E-1	2,684375E+3	3,046206E+0	2,684375E+3	6,462992E-1
2,685937E+3	2,658555E+0	2,685937E+3	-3,744171E-1	2,685937E+3	2,647032E+0	2,685937E+3	-3,545510E-1	2,685937E+3	2,689239E+0	2,685937E+3	-3,133494E-1	2,685937E+3	2,830839E+0	2,685937E+3	-1,647378E-1	2,685937E+3	3,071516E+0	2,685937E+3	2,967855E-1	2,685937E+3	3,094257E+0	2,685937E+3	5,834074E-1	2,685937E+3	3,026417E+0	2,685937E+3	6,134821E-1
2,687500E+3	2,642030E+0	2,687500E+3	-3,483701E-1	2,687500E+3	2,627626E+0	2,687500E+3	-3,431464E-1	2,687500E+3	2,665020E+0	2,687500E+3	-3,033648E-1	2,687500E+3	2,815705E+0	2,687500E+3	-1,470295E-1	2,687500E+3	3,058895E+0	2,687500E+3	3,082461E-1	2,687500E+3	3,094625E+0	2,687500E+3	5,559786E-1	2,687500E+3	3,108928E+0	2,687500E+3	6,177853E-1
2,689062E+3	2,623813E+0	2,689062E+3	-3,111345E-1	2,689062E+3	2,602051E+0	2,689062E+3	-3,309019E-1	2,689062E+3	2,638975E+0	2,689062E+3	-2,909155E-1	2,689062E+3	2,792852E+0	2,689062E+3	-1,315507E-1	2,689062E+3	3,054199E+0	2,689062E+3	3,074607E-1	2,689062E+3	3,056683E+0	2,689062E+3	5,558078E-1	2,689062E+3	3,131730E+0	2,689062E+3	6,701274E-1
2,690625E+3	2,594554E+0	2,690625E+3	-3,041057E-1	2,690625E+3	2,577233E+0	2,690625E+3	-3,095219E-1	2,690625E+3	2,616245E+0	2,690625E+3	-2,784496E-1	2,690625E+3	2,762624E+0	2,690625E+3	-1,343005E-1	2,690625E+3	3,039337E+0	2,690625E+3	3,133088E-1	2,690625E+3	3,042685E+0	2,690625E+3	5,555062E-1	2,690625E+3	3,126004E+0	2,690625E+3	6,651167E-1
2,692187E+3	2,560962E+0	2,692187E+3	-3,008911E-1	2,692187E+3	2,551684E+0	2,692187E+3	-3,013243E-1	2,692187E+3	2,590435E+0	2,692187E+3	-2,773279E-1	2,692187E+3	2,741799E+0	2,692187E+3	-1,288661E-1	2,692187E+3	3,045940E+0	2,692187E+3	3,085395E-1	2,692187E+3	3,048824E+0	2,692187E+3	5,615466E-1	2,692187E+3	3,108328E+0	2,692187E+3	6,722052E-1
2,693750E+3	2,521929E+0	2,693750E+3	-3,017340E-1	2,693750E+3	2,530678E+0	2,693750E+3	-2,923015E-1	2,693750E+3	2,563390E+0	2,693750E+3	-2,598077E-1	2,693750E+3	2,727598E+0	2,693750E+3	-9,372329E-2	2,693750E+3	3,037842E+0	2,693750E+3	3,240573E-1	2,693750E+3	3,071901E+0	2,693750E+3	5,801553E-1	2,693750E+3	3,109186E+0	2,693750E+3	6,599914E-1
2,695312E+3	2,501960E+0	2,695312E+3	-2,751027E-1	2,695312E+3	2,504019E+0	2,695312E+3	-2,746699E-1	2,695312E+3	2,543092E+0	2,695312E+3	-2,524844E-1	2,695312E+3	2,698186E+0	2,695312E+3	-9,743886E-2	2,695312E+3	3,007070E+0	2,695312E+3	3,321113E-1	2,695312E+3	3,072040E+0	2,695312E+3	5,963566E-1	2,695312E+3	3,077822E+0	2,695312E+3	7,028046E-1
2,696875E+3	2,480072E+0	2,696875E+3	-2,720564E-1	2,696875E+3	2,487679E+0	2,696875E+3	-2,675546E-1	2,696875E+3	2,530621E+0	2,696875E+3	-2,377768E-1	2,696875E+3	2,690028E+0	2,696875E+3	-1,081834E-1	2,696875E+3	2,973009E+0	2,696875E+3	3,282762E-1	2,696875E+3	3,045521E+0	2,696875E+3	5,971808E-1	2,696875E+3	3,040472E+0	2,696875E+3	6,865458E-1
2,698437E+3	2,458812E+0	2,698437E+3	-2,673844E-1	2,698437E+3	2,463651E+0	2,698437E+3	-2,623697E-1	2,698437E+3	2,502009E+0	2,698437E+3	-2,378590E-1	2,698437E+3	2,676086E+0	2,698437E+3	-8,880015E-2	2,698437E+3	2,968652E+0	2,698437E+3	3,276135E-1	2,698437E+3	3,048308E+0	2,698437E+3	5,779339E-1	2,698437E+3	3,085134E+0	2,698437E+3	6,790826E-1
2,700000E+3	2,435083E+0	2,700000E+3	-2,517530E-1	2,700000E+3	2,441695E+0	2,700000E+3	-2,398002E-1	2,700000E+3	2,474344E+0	2,700000E+3	-2,187526E-1	2,700000E+3	2,645243E+0	2,700000E+3	-7,312824E-2	2,700000E+3	2,923727E+0	2,700000E+3	3,389504E-1	2,700000E+3	3,059562E+0	2,700000E+3	5,734121E-1	2,700000E+3	3,082402E+0	2,700000E+3	6,865226E-1
2,701562E+3	2,424801E+0	2,701562E+3	-2,260856E-1	2,701562E+3	2,419969E+0	2,701562E+3	-2,272917E-1	2,701562E+3	2,457208E+0	2,701562E+3	-2,015469E-1	2,701562E+3	2,614576E+0	2,701562E+3	-7,082983E-2	2,701562E+3	2,927107E+0	2,701562E+3	3,282431E-1	2,701562E+3	3,042126E+0	2,701562E+3	6,053854E-1	2,701562E+3	3,073320E+0	2,701562E+3	7,018780E-1
2,703125E+3	2,387446E+0	2,703125E+3	-2,152139E-1	2,703125E+3	2,398449E+0	2,703125E+3	-2,109994E-1	2,703125E+3	2,427407E+0	2,703125E+3	-1,917711E-1	2,703125E+3	2,586618E+0	2,703125E+3	-7,182459E-2	2,703125E+3	2,937656E+0	2,703125E+3	3,204229E-1	2,703125E+3	2,998807E+0	2,703125E+3	6,084780E-1	2,703125E+3	3,071866E+0	2,703125E+3	6,961377E-1
2,704687E+3	2,367060E+0	2,704687E+3	-2,224691E-1	2,704687E+3	2,375098E+0	2,704687E+3	-1,961345E-1	2,704687E+3	2,397397E+0	2,704687E+3	-1,747631E-1	2,704687E+3	2,562624E+0	2,704687E+3	-5,226906E-2	2,704687E+3	2,906791E+0	2,704687E+3	3,341713E-1	2,704687E+3	3,016539E+0	2,704687E+3	6,112017E-1	2,704687E+3	3,074461E+0	2,704687E+3	6,962316E-1
2,706250E+3	2,347511E+0	2,706250E+3	-1,985803E-1	2,706250E+3	2,347984E+0	2,706250E+3	-1,921257E-1	2,706250E+3	2,381798E+0	2,706250E+3	-1,577011E-1	2,706250E+3	2,544582E+0	2,706250E+3	-4,038497E-2	2,706250E+3	2,886289E+0	2,706250E+3	3,300919E-1	2,706250E+3	2,993468E+0	2,706250E+3	5,983470E-1	2,706250E+3	3,050649E+0	2,706250E+3	7,209323E-1
2,707812E+3	2,331707E+0	2,707812E+3	-1,932258E-1	2,707812E+3	2,323903E+0	2,707812E+3	-1,762346E-1	2,707812E+3	2,363509E+0	2,707812E+3	-1,464086E-1	2,707812E+3	2,527192E+0	2,707812E+3	-3,730109E-2	2,707812E+3	2,868029E+0	2,707812E+3	3,309172E-1	2,707812E+3	2,951448E+0	2,707812E+3	6,067712E-1	2,707812E+3	3,057166E+0	2,707812E+3	7,039742E-1
2,709375E+3	2,301283E+0	2,709375E+3	-1,690144E-1	2,709375E+3	2,305212E+0	2,709375E+3	-1,546593E-1	2,709375E+3	2,337652E+0	2,709375E+3	-1,375840E-1	2,709375E+3	2,504489E+0	2,709375E+3	-1,074219E-2	2,709375E+3	2,864369E+0	2,709375E+3	3,390939E-1	2,709375E+3	2,999568E+0	2,709375E+3	5,788993E-1	2,709375E+3	2,961903E+0	2,709375E+3	6,401116E-1
2,710937E+3	2,275893E+0	2,710937E+3	-1,401621E-1	2,710937E+3	2,285410E+0	2,710937E+3	-1,445356E-1	2,710937E+3	2,322818E+0	2,710937E+3	-1,186194E-1	2,710937E+3	2,482933E+0	2,710937E+3	-9,714603E-4	2,710937E+3	2,844415E+0	2,710937E+3	3,390482E-1	2,710937E+3	2,982772E+0	2,710937E+3	5,950679E-1	2,710937E+3	2,921885E+0	2,710937E+3	6,728885E-1
2,712500E+3	2,260026E+0	2,712500E+3	-1,329490E-1	2,712500E+3	2,263084E+0	2,712500E+3	-1,265375E-1	2,712500E+3	2,301672E+0	2,712500E+3	-1,047078E-1	2,712500E+3	2,468064E+0	2,712500E+3	1,003048E-2	2,712500E+3	2,821492E+0	2,712500E+3	3,692927E-1	2,712500E+3	2,958193E+0	2,712500E+3	5,928913E-1	2,712500E+3	2,985907E+0	2,712500E+3	6,864239E-1
2,714062E+3	2,242312E+0	2,714062E+3	-1,256624E-1	2,714062E+3	2,242551E+0	2,714062E+3	-1,214089E-1	2,714062E+3	2,283778E+0	2,714062E+3	-8,830978E-2	2,714062E+3	2,445033E+0	2,714062E+3	2,363974E-2	2,714062E+3	2,787074E+0	2,714062E+3	3,589583E-1	2,714062E+3	2,958826E+0	2,714062E+3	5,932529E-1	2,714062E+3	2,982433E+0	2,714062E+3	7,312830E-1
2,715625E+3	2,235615E+0	2,715625E+3	-1,050578E-1	2,715625E+3	2,223883E+0	2,715625E+3	-1,049504E-1	2,715625E+3	2,261324E+0	2,715625E+3	-7,762866E-2	2,715625E+3	2,416957E+0	2,715625E+3	3,050542E-2	2,715625E+3	2,775063E+0	2,715625E+3	3,478961E-1	2,715625E+3	2,970718E+0	2,715625E+3	6,021852E-1	2,715625E+3	2,956693E+0	2,715625E+3	7,354472E-1
2,717187E+3	2,200471E+0	2,717187E+3	-8,729041E-2	2,717187E+3	2,200865E+0	2,717187E+3	-7,907079E-2	2,717187E+3	2,241061E+0	2,717187E+3	-6,682595E-2	2,717187E+3	2,395297E+0	2,717187E+3	4,463833E-2	2,717187E+3	2,786491E+0	2,717187E+3	3,713215E-1	2,717187E+3	2,972112E+0	2,717187E+3	5,987536E-1	2,717187E+3	3,035327E+0	2,717187E+3	7,062420E-1
2,718750E+3	2,180392E+0	2,718750E+3	-6,855450E-2	2,718750E+3	2,184453E+0	2,718750E+3	-6,909200E-2	2,718750E+3	2,217605E+0	2,718750E+3	-5,020274E-2	2,718750E+3	2,386391E+0	2,718750E+3	7,012829E-2	2,718750E+3	2,769789E+0	2,718750E+3	3,930852E-1	2,718750E+3	2,944034E+0	2,718750E+3	6,321074E-1	2,718750E+3	2,955966E+0	2,718750E+3	7,052009E-1
2,720312E+3	2,154889E+0	2,720312E+3	-6,470195E-2	2,720312E+3	2,166305E+0	2,720312E+3	-5,066980E-2	2,720312E+3	2,199453E+0	2,720312E+3	-2,984806E-2	2,720312E+3	2,370220E+0	2,720312E+3	5,042730E-2	2,720312E+3	2,724430E+0	2,720312E+3	4,068007E-1	2,720312E+3	2,914133E+0	2,720312E+3	6,765448E-1	2,720312E+3	3,028507E+0	2,720312E+3	7,087562E-1
2,721875E+3	2,140635E+0	2,721875E+3	-3,668597E-2	2,721875E+3	2,148937E+0	2,721875E+3	-3,425327E-2	2,721875E+3	2,178826E+0	2,721875E+3	-1,508645E-2	2,721875E+3	2,349494E+0	2,721875E+3	6,918059E-2	2,721875E+3	2,752390E+0	2,721875E+3	3,869696E-1	2,721875E+3	2,907893E+0	2,721875E+3	6,370721E-1	2,721875E+3	3,022908E+0	2,721875E+3	7,358463E-1
2,723437E+3	2,118147E+0	2,723437E+3	-1,444800E-2	2,723437E+3	2,131164E+0	2,723437E+3	-1,729324E-2	2,723437E+3	2,165022E+0	2,723437E+3	2,896661E-3	2,723437E+3	2,326410E+0	2,723437E+3	7,833547E-2	2,723437E+3	2,743338E+0	2,723437E+3	3,929993E-1	2,723437E+3	2,885229E+0	2,723437E+3	6,051279E-1	2,723437E+3	3,009372E+0	2,723437E+3	7,568072E-1
2,725000E+3	2,104697E+0	2,725000E+3	-9,713430E-3	2,725000E+3	2,116265E+0	2,725000E+3	-9,187040E-3	2,725000E+3	2,144994E+0	2,725000E+3	1,165453E-2	2,725000E+3	2,312206E+0	2,725000E+3	9,847010E-2	2,725000E+3	2,677940E+0	2,725000E+3	4,156030E-1	2,725000E+3	2,864038E+0	2,725000E+3	6,129989E-1	2,725000E+3	3,000879E+0	2,725000E+3	7,612636E-1
2,726562E+3	2,095299E+0	2,726562E+3	1,042008E-2	2,726562E+3	2,094939E+0	2,726562E+3	8,287643E-3	2,726562E+3	2,126312E+0	2,726562E+3	2,635064E-2	2,726562E+3	2,291994E+0	2,726562E+3	1,216875E-1	2,726562E+3	2,668365E+0	2,726562E+3	4,290102E-1	2,726562E+3	2,866122E+0	2,726562E+3	6,621092E-1	2,726562E+3	2,945710E+0	2,726562E+3	7,445151E-1
2,728125E+3	2,074725E+0	2,728125E+3	2,342253E-2	2,728125E+3	2,076810E+0	2,728125E+3	3,118594E-2	2,728125E+3	2,109051E+0	2,728125E+3	4,621698E-2	2,728125E+3	2,280026E+0	2,728125E+3	1,325961E-1	2,728125E+3	2,671319E+0	2,728125E+3	4,281015E-1	2,728125E+3	2,898784E+0	2,728125E+3	6,526229E-1	2,728125E+3	2,934213E+0	2,728125E+3	7,181727E-1
2,729687E+3	2,047019E+0	2,729687E+3	3,892063E-2	2,729687E+3	2,053604E+0	2,729687E+3	4,412134E-2	2,729687E+3	2,089527E+0	2,729687E+3	6,745478E-2	2,729687E+3	2,278381E+0	2,729687E+3	1,396909E-1	2,729687E+3	2,642643E+0	2,729687E+3	4,148489E-1	2,729687E+3	2,896945E+0	2,729687E+3	6,377482E-1	2,729687E+3	2,945294E+0	2,729687E+3	6,952943E-1
2,731250E+3	2,035521E+0	2,731250E+3	6,342181E-2	2,731250E+3	2,039940E+0	2,731250E+3	6,255894E-2	2,731250E+3	2,074060E+0	2,731250E+3	7,794742E-2	2,731250E+3	2,260264E+0	2,731250E+3	1,453965E-1	2,731250E+3	2,629010E+0	2,731250E+3	4,351132E-1	2,731250E+3	2,854115E+0	2,731250E+3	6,425076E-1	2,731250E+3	2,969890E+0	2,731250E+3	7,755661E-1
2,732812E+3	2,003514E+0	2,732812E+3	8,104549E-2	2,732812E+3	2,025223E+0	2,732812E+3	8,732971E-2	2,732812E+3	2,058230E+0	2,732812E+3	9,485938E-2	2,732812E+3	2,235546E+0	2,732812E+3	1,554840E-1	2,732812E+3	2,625887E+0	2,732812E+3	4,481190E-1	2,732812E+3	2,832316E+0	2,732812E+3	6,733049E-1	2,732812E+3	2,947294E+0	2,732812E+3	7,922745E-1
2,734375E+3	2,013979E+0	2,734375E+3	9,226585E-2	2,734375E+3	2,012151E+0	2,734375E+3	9,777476E-2	2,734375E+3	2,045302E+0	2,734375E+3	1,109608E-1	2,734375E+3	2,216220E+0	2,734375E+3	1,816707E-1	2,734375E+3	2,603266E+0	2,734375E+3	4,580541E-1	2,734375E+3	2,828010E+0	2,734375E+3	6,729408E-1	2,734375E+3	2,976716E+0	2,734375E+3	7,406534E-1
2,735937E+3	1,991117E+0	2,735937E+3	1,169355E-1	2,735937E+3	1,994781E+0	2,735937E+3	1,077771E-1	2,735937E+3	2,028040E+0	2,735937E+3	1,281469E-1	2,735937E+3	2,197214E+0	2,735937E+3	2,043642E-1	2,735937E+3	2,608427E+0	2,735937E+3	4,689837E-1	2,735937E+3	2,878561E+0	2,735937E+3	6,486471E-1	2,735937E+3	2,906982E+0	2,735937E+3	7,239554E-1
2,737500E+3	1,971939E+0	2,737500E+3	1,280705E-1	2,737500E+3	1,973053E+0	2,737500E+3	1,281611E-1	2,737500E+3	2,009766E+0	2,737500E+3	1,435716E-1	2,737500E+3	2,173589E+0	2,737500E+3	2,234813E-1	2,737500E+3	2,603845E+0	2,737500E+3	4,588933E-1	2,737500E+3	2,835424E+0	2,737500E+3	6,311770E-1	2,737500E+3	2,969569E+0	2,737500E+3	7,693987E-1
2,739062E+3	1,967616E+0	2,739062E+3	1,431263E-1	2,739062E+3	1,961613E+0	2,739062E+3	1,440679E-1	2,739062E+3	1,989571E+0	2,739062E+3	1,485308E-1	2,739062E+3	2,155791E+0	2,739062E+3	2,416531E-1	2,739062E+3	2,572246E+0	2,739062E+3	4,596334E-1	2,739062E+3	2,800453E+0	2,739062E+3	6,719127E-1	2,739062E+3	2,978126E+0	2,739062E+3	8,516968E-1
2,740625E+3	1,939214E+0	2,740625E+3	1,621095E-1	2,740625E+3	1,943421E+0	2,740625E+3	1,605267E-1	2,740625E+3	1,978706E+0	2,740625E+3	1,732554E-1	2,740625E+3	2,145228E+0	2,740625E+3	2,414267E-1	2,740625E+3	2,559440E+0	2,740625E+3	4,422358E-1	2,740625E+3	2,768097E+0	2,740625E+3	7,120657E-1	2,740625E+3	2,943806E+0	2,740625E+3	8,027117E-1
2,742187E+3	1,923195E+0	2,742187E+3	1,761770E-1	2,742187E+3	1,928362E+0	2,742187E+3	1,802596E-1	2,742187E+3	1,962020E+0	2,742187E+3	1,922700E-1	2,742187E+3	2,127440E+0	2,742187E+3	2,546137E-1	2,742187E+3	2,569143E+0	2,742187E+3	4,745827E-1	2,742187E+3	2,761615E+0	2,742187E+3	6,617002E-1	2,742187E+3	2,929446E+0	2,742187E+3	7,378850E-1
2,743750E+3	1,906686E+0	2,743750E+3	1,825161E-1	2,743750E+3	1,915142E+0	2,743750E+3	1,954364E-1	2,743750E+3	1,947466E+0	2,743750E+3	2,072583E-1	2,743750E+3	2,103628E+0	2,743750E+3	2,595987E-1	2,743750E+3	2,539203E+0	2,743750E+3	4,946721E-1	2,743750E+3	2,745069E+0	2,743750E+3	6,848843E-1	2,743750E+3	2,932491E+0	2,743750E+3	7,083628E-1
2,745312E+3	1,894998E+0	2,745312E+3	2,057345E-1	2,745312E+3	1,901405E+0	2,745312E+3	2,123609E-1	2,745312E+3	1,937513E+0	2,745312E+3	2,223214E-1	2,745312E+3	2,089871E+0	2,745312E+3	2,769710E-1	2,745312E+3	2,511235E+0	2,745312E+3	4,967669E-1	2,745312E+3	2,698645E+0	2,745312E+3	6,809106E-1	2,745312E+3	2,884547E+0	2,745312E+3	7,774712E-1
2,746875E+3	1,881480E+0	2,746875E+3	2,229798E-1	2,746875E+3	1,888024E+0	2,746875E+3	2,285658E-1	2,746875E+3	1,920509E+0	2,746875E+3	2,403245E-1	2,746875E+3	2,080407E+0	2,746875E+3	3,076629E-1	2,746875E+3	2,523193E+0	2,746875E+3	5,454858E-1	2,746875E+3	2,727403E+0	2,746875E+3	6,663065E-1	2,746875E+3	2,876075E+0	2,746875E+3	7,996373E-1
2,748437E+3	1,875041E+0	2,748437E+3	2,356088E-1	2,748437E+3	1,867122E+0	2,748437E+3	2,413571E-1	2,748437E+3	1,905249E+0	2,748437E+3	2,548714E-1	2,748437E+3	2,055738E+0	2,748437E+3	3,152905E-1	2,748437E+3	2,512947E+0	2,748437E+3	5,486352E-1	2,748437E+3	2,781345E+0	2,748437E+3	6,695471E-1	2,748437E+3	2,894270E+0	2,748437E+3	7,781919E-1
2,750000E+3	1,863983E+0	2,750000E+3	2,568122E-1	2,750000E+3	1,853199E+0	2,750000E+3	2,624953E-1	2,750000E+3	1,892384E+0	2,750000E+3	2,715605E-1	2,750000E+3	2,071300E+0	2,750000E+3	3,194405E-1	2,750000E+3	2,501636E+0	2,750000E+3	5,245948E-1	2,750000E+3	2,725165E+0	2,750000E+3	7,218393E-1	2,750000E+3	2,851656E+0	2,750000E+3	8,265931E-1
2,751562E+3	1,841768E+0	2,751562E+3	2,750079E-1	2,751562E+3	1,844752E+0	2,751562E+3	2,797689E-1	2,751562E+3	1,878319E+0	2,751562E+3	2,867653E-1	2,751562E+3	2,046561E+0	2,751562E+3	3,410549E-1	2,751562E+3	2,485075E+0	2,751562E+3	5,207854E-1	2,751562E+3	2,700987E+0	2,751562E+3	7,144325E-1	2,751562E+3	2,880216E+0	2,751562E+3	8,392331E-1
2,753125E+3	1,828348E+0	2,753125E+3	2,971546E-1	2,753125E+3	1,834616E+0	2,753125E+3	2,986028E-1	2,753125E+3	1,863404E+0	2,753125E+3	3,064065E-1	2,753125E+3	2,021060E+0	2,753125E+3	3,536137E-1	2,753125E+3	2,478546E+0	2,753125E+3	5,429576E-1	2,753125E+3	2,696575E+0	2,753125E+3	7,134452E-1	2,753125E+3	2,923788E+0	2,753125E+3	8,454075E-1
2,754687E+3	1,809976E+0	2,754687E+3	3,209516E-1	2,754687E+3	1,819617E+0	2,754687E+3	3,174366E-1	2,754687E+3	1,852638E+0	2,754687E+3	3,237563E-1	2,754687E+3	2,003162E+0	2,754687E+3	3,565555E-1	2,754687E+3	2,483594E+0	2,754687E+3	5,304950E-1	2,754687E+3	2,681149E+0	2,754687E+3	7,257029E-1	2,754687E+3	2,841682E+0	2,754687E+3	8,061857E-1
2,756250E+3	1,794725E+0	2,756250E+3	3,300001E-1	2,756250E+3	1,802822E+0	2,756250E+3	3,288176E-1	2,756250E+3	1,836728E+0	2,756250E+3	3,391422E-1	2,756250E+3	2,001137E+0	2,756250E+3	3,694165E-1	2,756250E+3	2,407949E+0	2,756250E+3	5,551619E-1	2,756250E+3	2,697636E+0	2,756250E+3	7,436511E-1	2,756250E+3	2,846865E+0	2,756250E+3	7,545903E-1
2,757812E+3	1,796592E+0	2,757812E+3	3,408263E-1	2,757812E+3	1,793406E+0	2,757812E+3	3,457452E-1	2,757812E+3	1,824817E+0	2,757812E+3	3,554017E-1	2,757812E+3	1,992440E+0	2,757812E+3	3,847573E-1	2,757812E+3	2,408559E+0	2,757812E+3	5,783857E-1	2,757812E+3	2,708532E+0	2,757812E+3	7,536119E-1	2,757812E+3	2,826002E+0	2,757812E+3	8,269724E-1
2,759375E+3	1,776620E+0	2,759375E+3	3,602841E-1	2,759375E+3	1,779934E+0	2,759375E+3	3,637937E-1	2,759375E+3	1,813037E+0	2,759375E+3	3,689735E-1	2,759375E+3	1,980785E+0	2,759375E+3	4,075554E-1	2,759375E+3	2,419552E+0	2,759375E+3	6,017901E-1	2,759375E+3	2,664392E+0	2,759375E+3	7,537786E-1	2,759375E+3	2,849099E+0	2,759375E+3	8,319670E-1
2,760937E+3	1,758555E+0	2,760937E+3	3,768355E-1	2,760937E+3	1,766263E+0	2,760937E+3	3,814582E-1	2,760937E+3	1,798250E+0	2,760937E+3	3,910402E-1	2,760937E+3	1,953405E+0	2,760937E+3	4,244647E-1	2,760937E+3	2,408328E+0	2,760937E+3	6,033368E-1	2,760937E+3	2,666335E+0	2,760937E+3	7,712420E-1	2,760937E+3	2,823181E+0	2,760937E+3	7,930702E-1
2,762500E+3	1,745362E+0	2,762500E+3	3,979581E-1	2,762500E+3	1,754640E+0	2,762500E+3	4,006472E-1	2,762500E+3	1,785803E+0	2,762500E+3	4,092399E-1	2,762500E+3	1,945378E+0	2,762500E+3	4,436499E-1	2,762500E+3	2,373273E+0	2,762500E+3	5,989891E-1	2,762500E+3	2,662547E+0	2,762500E+3	7,755689E-1	2,762500E+3	2,783868E+0	2,762500E+3	7,919056E-1
2,764062E+3	1,730309E+0	2,764062E+3	4,119866E-1	2,764062E+3	1,743816E+0	2,764062E+3	4,164754E-1	2,764062E+3	1,772959E+0	2,764062E+3	4,247826E-1	2,764062E+3	1,935942E+0	2,764062E+3	4,509314E-1	2,764062E+3	2,345551E+0	2,764062E+3	5,933489E-1	2,764062E+3	2,638256E+0	2,764062E+3	7,517141E-1	2,764062E+3	2,900207E+0	2,764062E+3	7,862611E-1
2,765625E+3	1,738335E+0	2,765625E+3	4,190473E-1	2,765625E+3	1,732725E+0	2,765625E+3	4,334904E-1	2,765625E+3	1,766222E+0	2,765625E+3	4,424434E-1	2,765625E+3	1,927172E+0	2,765625E+3	4,607024E-1	2,765625E+3	2,357339E+0	2,765625E+3	6,299815E-1	2,765625E+3	2,665129E+0	2,765625E+3	7,575830E-1	2,765625E+3	2,930097E+0	2,765625E+3	8,257113E-1
2,767187E+3	1,727864E+0	2,767187E+3	4,325290E-1	2,767187E+3	1,718604E+0	2,767187E+3	4,511652E-1	2,767187E+3	1,758679E+0	2,767187E+3	4,587132E-1	2,767187E+3	1,919595E+0	2,767187E+3	4,845817E-1	2,767187E+3	2,347599E+0	2,767187E+3	6,909720E-1	2,767187E+3	2,648169E+0	2,767187E+3	7,719930E-1	2,767187E+3	2,857050E+0	2,767187E+3	8,614559E-1
2,768750E+3	1,710062E+0	2,768750E+3	4,561406E-1	2,768750E+3	1,707976E+0	2,768750E+3	4,701034E-1	2,768750E+3	1,744608E+0	2,768750E+3	4,742245E-1	2,768750E+3	1,911736E+0	2,768750E+3	5,080651E-1	2,768750E+3	2,383835E+0	2,768750E+3	6,843840E-1	2,768750E+3	2,640245E+0	2,768750E+3	7,839846E-1	2,768750E+3	2,862828E+0	2,768750E+3	8,566862E-1
2,770312E+3	1,694683E+0	2,770312E+3	4,759183E-1	2,770312E+3	1,697511E+0	2,770312E+3	4,839856E-1	2,770312E+3	1,730172E+0	2,770312E+3	4,857057E-1	2,770312E+3	1,889992E+0	2,770312E+3	5,185392E-1	2,770312E+3	2,359828E+0	2,770312E+3	6,796016E-1	2,770312E+3	2,628174E+0	2,770312E+3	8,001503E-1	2,770312E+3	2,819080E+0	2,770312E+3	7,877233E-1
2,771875E+3	1,679614E+0	2,771875E+3	5,000004E-1	2,771875E+3	1,685608E+0	2,771875E+3	5,025787E-1	2,771875E+3	1,715073E+0	2,771875E+3	5,039935E-1	2,771875E+3	1,879555E+0	2,771875E+3	5,403226E-1	2,771875E+3	2,313212E+0	2,771875E+3	6,741109E-1	2,771875E+3	2,644209E+0	2,771875E+3	8,207389E-1	2,771875E+3	2,778976E+0	2,771875E+3	7,903095E-1
2,773437E+3	1,665327E+0	2,773437E+3	5,140137E-1	2,773437E+3	1,677047E+0	2,773437E+3	5,188019E-1	2,773437E+3	1,705129E+0	2,773437E+3	5,246093E-1	2,773437E+3	1,875833E+0	2,773437E+3	5,502453E-1	2,773437E+3	2,291637E+0	2,773437E+3	6,759167E-1	2,773437E+3	2,594876E+0	2,773437E+3	8,437098E-1	2,773437E+3	2,805351E+0	2,773437E+3	8,758040E-1
2,775000E+3	1,662863E+0	2,775000E+3	5,348677E-1	2,775000E+3	1,662065E+0	2,775000E+3	5,320132E-1	2,775000E+3	1,695564E+0	2,775000E+3	5,407541E-1	2,775000E+3	1,858016E+0	2,775000E+3	5,571087E-1	2,775000E+3	2,311273E+0	2,775000E+3	6,891494E-1	2,775000E+3	2,532193E+0	2,775000E+3	7,971804E-1	2,775000E+3	2,914037E+0	2,775000E+3	8,473724E-1
2,776562E+3	1,651754E+0	2,776562E+3	5,538820E-1	2,776562E+3	1,650432E+0	2,776562E+3	5,464773E-1	2,776562E+3	1,686418E+0	2,776562E+3	5,556616E-1	2,776562E+3	1,845225E+0	2,776562E+3	5,703419E-1	2,776562E+3	2,291855E+0	2,776562E+3	6,982028E-1	2,776562E+3	2,573238E+0	2,776562E+3	7,708641E-1	2,776562E+3	2,859769E+0	2,776562E+3	7,399184E-1
2,778125E+3	1,642376E+0	2,778125E+3	5,543100E-1	2,778125E+3	1,644272E+0	2,778125E+3	5,644434E-1	2,778125E+3	1,677697E+0	2,778125E+3	5,722685E-1	2,778125E+3	1,836213E+0	2,778125E+3	5,758024E-1	2,778125E+3	2,244324E+0	2,778125E+3	7,015895E-1	2,778125E+3	2,605900E+0	2,778125E+3	8,226403E-1	2,778125E+3	2,788874E+0	2,778125E+3	8,056825E-1
2,779687E+3	1,644983E+0	2,779687E+3	5,782949E-1	2,779687E+3	1,635156E+0	2,779687E+3	5,768045E-1	2,779687E+3	1,666095E+0	2,779687E+3	5,872415E-1	2,779687E+3	1,831104E+0	2,779687E+3	6,007433E-1	2,779687E+3	2,249362E+0	2,779687E+3	7,391932E-1	2,779687E+3	2,618228E+0	2,779687E+3	8,023212E-1	2,779687E+3	2,841355E+0	2,779687E+3	8,867548E-1
2,781250E+3	1,626971E+0	2,781250E+3	5,853879E-1	2,781250E+3	1,627481E+0	2,781250E+3	5,942273E-1	2,781250E+3	1,660890E+0	2,781250E+3	6,029872E-1	2,781250E+3	1,821921E+0	2,781250E+3	6,212074E-1	2,781250E+3	2,258241E+0	2,781250E+3	7,631941E-1	2,781250E+3	2,580383E+0	2,781250E+3	8,136054E-1	2,781250E+3	2,804867E+0	2,781250E+3	9,095750E-1
2,782812E+3	1,616554E+0	2,782812E+3	6,039811E-1	2,782812E+3	1,611853E+0	2,782812E+3	6,191978E-1	2,782812E+3	1,648207E+0	2,782812E+3	6,169808E-1	2,782812E+3	1,808497E+0	2,782812E+3	6,367523E-1	2,782812E+3	2,264404E+0	2,782812E+3	7,157621E-1	2,782812E+3	2,535833E+0	2,782812E+3	8,476285E-1	2,782812E+3	2,721147E+0	2,782812E+3	9,180055E-1
2,784375E+3	1,605418E+0	2,784375E+3	6,296991E-1	2,784375E+3	1,607373E+0	2,784375E+3	6,385020E-1	2,784375E+3	1,635488E+0	2,784375E+3	6,345131E-1	2,784375E+3	1,788727E+0	2,784375E+3	6,417116E-1	2,784375E+3	2,263420E+0	2,784375E+3	7,314718E-1	2,784375E+3	2,548121E+0	2,784375E+3	8,835782E-1	2,784375E+3	2,764812E+0	2,784375E+3	8,420253E-1
2,785937E+3	1,592778E+0	2,785937E+3	6,439677E-1	2,785937E+3	1,594469E+0	2,785937E+3	6,510207E-1	2,785937E+3	1,626783E+0	2,785937E+3	6,508860E-1	2,785937E+3	1,769408E+0	2,785937E+3	6,626722E-1	2,785937E+3	2,247283E+0	2,785937E+3	7,445322E-1	2,785937E+3	2,550725E+0	2,785937E+3	8,530734E-1	2,785937E+3	2,804550E+0	2,785937E+3	8,361631E-1
2,787500E+3	1,582293E+0	2,787500E+3	6,600547E-1	2,787500E+3	1,584424E+0	2,787500E+3	6,648519E-1	2,787500E+3	1,618462E+0	2,787500E+3	6,651448E-1	2,787500E+3	1,761924E+0	2,787500E+3	6,718946E-1	2,787500E+3	2,250428E+0	2,787500E+3	7,783634E-1	2,787500E+3	2,543411E+0	2,787500E+3	8,267636E-1	2,787500E+3	2,731316E+0	2,787500E+3	8,312858E-1
2,789062E+3	1,576434E+0	2,789062E+3	6,883993E-1	2,789062E+3	1,583493E+0	2,789062E+3	6,810496E-1	2,789062E+3	1,608333E+0	2,789062E+3	6,794461E-1	2,789062E+3	1,760253E+0	2,789062E+3	7,024820E-1	2,789062E+3	2,217824E+0	2,789062E+3	7,770386E-1	2,789062E+3	2,544734E+0	2,789062E+3	8,593417E-1	2,789062E+3	2,752536E+0	2,789062E+3	8,848187E-1
2,790625E+3	1,561364E+0	2,790625E+3	7,078384E-1	2,790625E+3	1,575070E+0	2,790625E+3	6,963878E-1	2,790625E+3	1,600738E+0	2,790625E+3	6,988667E-1	2,790625E+3	1,749819E+0	2,790625E+3	7,225831E-1	2,790625E+3	2,220505E+0	2,790625E+3	7,675188E-1	2,790625E+3	2,539579E+0	2,790625E+3	8,709038E-1	2,790625E+3	2,774796E+0	2,790625E+3	8,856631E-1
2,792187E+3	1,556703E+0	2,792187E+3	7,136882E-1	2,792187E+3	1,560984E+0	2,792187E+3	7,122072E-1	2,792187E+3	1,588498E+0	2,792187E+3	7,137567E-1	2,792187E+3	1,736291E+0	2,792187E+3	7,288213E-1	2,792187E+3	2,200631E+0	2,792187E+3	7,863226E-1	2,792187E+3	2,509550E+0	2,792187E+3	8,607065E-1	2,792187E+3	2,742720E+0	2,792187E+3	8,982242E-1
2,793750E+3	1,547020E+0	2,793750E+3	7,224462E-1	2,793750E+3	1,554017E+0	2,793750E+3	7,295112E-1	2,793750E+3	1,583718E+0	2,793750E+3	7,291100E-1	2,793750E+3	1,734435E+0	2,793750E+3	7,353129E-1	2,793750E+3	2,214358E+0	2,793750E+3	8,147359E-1	2,793750E+3	2,493300E+0	2,793750E+3	9,033321E-1	2,793750E+3	2,686723E+0	2,793750E+3	9,294942E-1
2,795312E+3	1,536011E+0	2,795312E+3	7,383336E-1	2,795312E+3	1,541755E+0	2,795312E+3	7,429571E-1	2,795312E+3	1,577100E+0	2,795312E+3	7,435309E-1	2,795312E+3	1,725089E+0	2,795312E+3	7,432200E-1	2,795312E+3	2,185144E+0	2,795312E+3	8,376441E-1	2,795312E+3	2,496091E+0	2,795312E+3	9,221881E-1	2,795312E+3	2,765293E+0	2,795312E+3	9,792333E-1
2,796875E+3	1,525185E+0	2,796875E+3	7,489484E-1	2,796875E+3	1,541267E+0	2,796875E+3	7,599537E-1	2,796875E+3	1,566220E+0	2,796875E+3	7,617689E-1	2,796875E+3	1,713842E+0	2,796875E+3	7,585194E-1	2,796875E+3	2,172209E+0	2,796875E+3	8,066661E-1	2,796875E+3	2,531455E+0	2,796875E+3	9,236473E-1	2,796875E+3	2,827879E+0	2,796875E+3	9,424420E-1
2,798437E+3	1,535210E+0	2,798437E+3	7,843119E-1	2,798437E+3	1,530341E+0	2,798437E+3	7,782834E-1	2,798437E+3	1,561404E+0	2,798437E+3	7,801088E-1	2,798437E+3	1,708792E+0	2,798437E+3	7,755556E-1	2,798437E+3	2,198720E+0	2,798437E+3	8,451314E-1	2,798437E+3	2,483263E+0	2,798437E+3	8,865229E-1	2,798437E+3	2,801817E+0	2,798437E+3	9,689668E-1
2,800000E+3	1,522927E+0	2,800000E+3	7,929926E-1	2,800000E+3	1,521822E+0	2,800000E+3	7,967998E-1	2,800000E+3	1,552604E+0	2,800000E+3	7,987192E-1	2,800000E+3	1,701253E+0	2,800000E+3	7,987435E-1	2,800000E+3	2,181571E+0	2,800000E+3	8,474850E-1	2,800000E+3	2,476212E+0	2,800000E+3	9,179963E-1	2,800000E+3	2,775498E+0	2,800000E+3	9,353490E-1
2,801562E+3	1,516190E+0	2,801562E+3	8,142200E-1	2,801562E+3	1,518945E+0	2,801562E+3	8,154554E-1	2,801562E+3	1,545714E+0	2,801562E+3	8,126049E-1	2,801562E+3	1,690868E+0	2,801562E+3	8,143638E-1	2,801562E+3	2,144123E+0	2,801562E+3	8,446662E-1	2,801562E+3	2,453048E+0	2,801562E+3	9,288001E-1	2,801562E+3	2,750187E+0	2,801562E+3	8,780696E-1
2,803125E+3	1,510456E+0	2,803125E+3	8,280724E-1	2,803125E+3	1,508709E+0	2,803125E+3	8,282275E-1	2,803125E+3	1,538593E+0	2,803125E+3	8,245522E-1	2,803125E+3	1,677643E+0	2,803125E+3	8,251489E-1	2,803125E+3	2,118932E+0	2,803125E+3	8,520717E-1	2,803125E+3	2,458448E+0	2,803125E+3	9,429872E-1	2,803125E+3	2,791485E+0	2,803125E+3	9,519469E-1
2,804687E+3	1,508380E+0	2,804687E+3	8,385147E-1	2,804687E+3	1,501164E+0	2,804687E+3	8,396184E-1	2,804687E+3	1,529484E+0	2,804687E+3	8,378647E-1	2,804687E+3	1,667180E+0	2,804687E+3	8,351949E-1	2,804687E+3	2,123173E+0	2,804687E+3	8,807520E-1	2,804687E+3	2,448243E+0	2,804687E+3	9,252522E-1	2,804687E+3	2,762935E+0	2,804687E+3	9,548273E-1
2,806250E+3	1,500004E+0	2,806250E+3	8,514778E-1	2,806250E+3	1,492984E+0	2,806250E+3	8,522847E-1	2,806250E+3	1,523040E+0	2,806250E+3	8,563145E-1	2,806250E+3	1,662478E+0	2,806250E+3	8,509805E-1	2,806250E+3	2,111898E+0	2,806250E+3	8,813770E-1	2,806250E+3	2,431002E+0	2,806250E+3	9,323081E-1	2,806250E+3	2,777365E+0	2,806250E+3	9,544300E-1
2,807812E+3	1,485475E+0	2,807812E+3	8,700386E-1	2,807812E+3	1,484642E+0	2,807812E+3	8,699526E-1	2,807812E+3	1,515477E+0	2,807812E+3	8,706477E-1	2,807812E+3	1,659514E+0	2,807812E+3	8,625281E-1	2,807812E+3	2,093590E+0	2,807812E+3	8,639664E-1	2,807812E+3	2,423418E+0	2,807812E+3	9,190507E-1	2,807812E+3	2,688599E+0	2,807812E+3	9,472616E-1
2,809375E+3	1,469372E+0	2,809375E+3	8,875247E-1	2,809375E+3	1,476449E+0	2,809375E+3	8,871192E-1	2,809375E+3	1,507318E+0	2,809375E+3	8,862248E-1	2,809375E+3	1,653304E+0	2,809375E+3	8,697882E-1	2,809375E+3	2,115367E+0	2,809375E+3	9,063385E-1	2,809375E+3	2,445683E+0	2,809375E+3	8,915853E-1	2,809375E+3	2,743139E+0	2,809375E+3	9,066596E-1
2,810937E+3	1,464835E+0	2,810937E+3	9,031527E-1	2,810937E+3	1,473760E+0	2,810937E+3	9,022760E-1	2,810937E+3	1,500642E+0	2,810937E+3	9,031652E-1	2,810937E+3	1,645604E+0	2,810937E+3	8,975356E-1	2,810937E+3	2,116400E+0	2,810937E+3	9,099471E-1	2,810937E+3	2,427507E+0	2,810937E+3	9,422705E-1	2,810937E+3	2,735508E+0	2,810937E+3	9,477728E-1
2,812500E+3	1,470013E+0	2,812500E+3	9,259637E-1	2,812500E+3	1,462554E+0	2,812500E+3	9,191829E-1	2,812500E+3	1,496172E+0	2,812500E+3	9,210499E-1	2,812500E+3	1,645886E+0	2,812500E+3	9,016562E-1	2,812500E+3	2,112357E+0	2,812500E+3	9,356016E-1	2,812500E+3	2,448210E+0	2,812500E+3	9,824038E-1	2,812500E+3	2,697545E+0	2,812500E+3	9,703166E-1
2,814062E+3	1,468496E+0	2,814062E+3	9,373751E-1	2,814062E+3	1,457994E+0	2,814062E+3	9,335796E-1	2,814062E+3	1,485265E+0	2,814062E+3	9,319916E-1	2,814062E+3	1,632274E+0	2,814062E+3	9,198762E-1	2,814062E+3	2,107337E+0	2,814062E+3	9,208808E-1	2,814062E+3	2,426596E+0	2,814062E+3	9,909790E-1	2,814062E+3	2,697191E+0	2,814062E+3	9,803435E-1
2,815625E+3	1,464999E+0	2,815625E+3	9,492886E-1	2,815625E+3	1,453587E+0	2,815625E+3	9,468121E-1	2,815625E+3	1,480908E+0	2,815625E+3	9,448758E-1	2,815625E+3	1,626677E+0	2,815625E+3	9,464951E-1	2,815625E+3	2,053585E+0	2,815625E+3	9,430704E-1	2,815625E+3	2,403114E+0	2,815625E+3	9,380815E-1	2,815625E+3	2,704439E+0	2,815625E+3	1,006250E+0
2,817187E+3	1,444623E+0	2,817187E+3	9,794913E-1	2,817187E+3	1,448288E+0	2,817187E+3	9,609073E-1	2,817187E+3	1,476832E+0	2,817187E+3	9,554927E-1	2,817187E+3	1,620877E+0	2,817187E+3	9,481616E-1	2,817187E+3	2,045050E+0	2,817187E+3	9,628470E-1	2,817187E+3	2,450330E+0	2,817187E+3	9,619423E-1	2,817187E+3	2,667872E+0	2,817187E+3	9,917942E-1
2,818750E+3	1,437632E+0	2,818750E+3	9,787214E-1	2,818750E+3	1,439393E+0	2,818750E+3	9,750028E-1	2,818750E+3	1,463234E+0	2,818750E+3	9,748675E-1	2,818750E+3	1,624977E+0	2,818750E+3	9,648573E-1	2,818750E+3	2,046573E+0	2,818750E+3	9,527520E-1	2,818750E+3	2,424913E+0	2,818750E+3	9,983219E-1	2,818750E+3	2,707755E+0	2,818750E+3	9,953906E-1
2,820312E+3	1,436747E+0	2,820312E+3	9,874143E-1	2,820312E+3	1,439873E+0	2,820312E+3	9,922102E-1	2,820312E+3	1,463072E+0	2,820312E+3	9,901025E-1	2,820312E+3	1,611491E+0	2,820312E+3	9,859792E-1	2,820312E+3	2,058591E+0	2,820312E+3	9,570889E-1	2,820312E+3	2,389959E+0	2,820312E+3	9,868327E-1	2,820312E+3	2,743453E+0	2,820312E+3	9,455004E-1
2,821875E+3	1,427027E+0	2,821875E+3	1,007982E+0	2,821875E+3	1,430099E+0	2,821875E+3	1,009650E+0	2,821875E+3	1,454170E+0	2,821875E+3	1,007372E+0	2,821875E+3	1,602953E+0	2,821875E+3	1,003439E+0	2,821875E+3	2,050685E+0	2,821875E+3	9,698425E-1	2,821875E+3	2,381490E+0	2,821875E+3	9,924124E-1	2,821875E+3	2,684590E+0	2,821875E+3	9,941321E-1
2,823437E+3	1,415957E+0	2,823437E+3	1,022357E+0	2,823437E+3	1,428184E+0	2,823437E+3	1,025207E+0	2,823437E+3	1,454769E+0	2,823437E+3	1,020092E+0	2,823437E+3	1,591839E+0	2,823437E+3	1,016003E+0	2,823437E+3	2,050899E+0	2,823437E+3	9,714458E-1	2,823437E+3	2,394653E+0	2,823437E+3	1,003590E+0	2,823437E+3	2,658449E+0	2,823437E+3	1,001608E+0
2,825000E+3	1,403642E+0	2,825000E+3	1,044416E+0	2,825000E+3	1,417807E+0	2,825000E+3	1,041901E+0	2,825000E+3	1,449932E+0	2,825000E+3	1,039479E+0	2,825000E+3	1,578942E+0	2,825000E+3	1,019861E+0	2,825000E+3	2,025776E+0	2,825000E+3	9,919751E-1	2,825000E+3	2,406336E+0	2,825000E+3	1,021975E+0	2,825000E+3	2,671346E+0	2,825000E+3	9,899717E-1
2,826562E+3	1,414969E+0	2,826562E+3	1,061496E+0	2,826562E+3	1,420048E+0	2,826562E+3	1,056171E+0	2,826562E+3	1,440883E+0	2,826562E+3	1,057810E+0	2,826562E+3	1,574781E+0	2,826562E+3	1,030452E+0	2,826562E+3	2,033586E+0	2,826562E+3	1,019005E+0	2,826562E+3	2,408736E+0	2,826562E+3	1,038063E+0	2,826562E+3	2,660211E+0	2,826562E+3	1,000344E+0
2,828125E+3	1,410210E+0	2,828125E+3	1,075718E+0	2,828125E+3	1,412349E+0	2,828125E+3	1,068192E+0	2,828125E+3	1,433846E+0	2,828125E+3	1,069500E+0	2,828125E+3	1,571575E+0	2,828125E+3	1,047335E+0	2,828125E+3	2,002679E+0	2,828125E+3	1,009164E+0	2,828125E+3	2,389733E+0	2,828125E+3	1,064576E+0	2,828125E+3	2,671800E+0	2,828125E+3	1,028137E+0
2,829687E+3	1,408332E+0	2,829687E+3	1,091229E+0	2,829687E+3	1,404003E+0	2,829687E+3	1,080718E+0	2,829687E+3	1,430460E+0	2,829687E+3	1,081307E+0	2,829687E+3	1,575525E+0	2,829687E+3	1,054864E+0	2,829687E+3	1,990769E+0	2,829687E+3	1,045888E+0	2,829687E+3	2,384054E+0	2,829687E+3	1,072838E+0	2,829687E+3	2,688574E+0	2,829687E+3	1,058585E+0
2,831250E+3	1,399415E+0	2,831250E+3	1,107312E+0	2,831250E+3	1,396200E+0	2,831250E+3	1,101078E+0	2,831250E+3	1,430421E+0	2,831250E+3	1,097820E+0	2,831250E+3	1,572034E+0	2,831250E+3	1,070390E+0	2,831250E+3	1,992667E+0	2,831250E+3	1,056558E+0	2,831250E+3	2,374276E+0	2,831250E+3	1,057455E+0	2,831250E+3	2,635299E+0	2,831250E+3	1,049338E+0
2,832812E+3	1,394653E+0	2,832812E+3	1,111050E+0	2,832812E+3	1,391800E+0	2,832812E+3	1,115564E+0	2,832812E+3	1,422539E+0	2,832812E+3	1,110093E+0	2,832812E+3	1,557672E+0	2,832812E+3	1,096048E+0	2,832812E+3	1,993989E+0	2,832812E+3	1,078472E+0	2,832812E+3	2,356269E+0	2,832812E+3	1,056100E+0	2,832812E+3	2,661961E+0	2,832812E+3	9,733387E-1
2,834375E+3	1,383683E+0	2,834375E+3	1,114469E+0	2,834375E+3	1,387623E+0	2,834375E+3	1,130240E+0	2,834375E+3	1,414186E+0	2,834375E+3	1,123112E+0	2,834375E+3	1,552349E+0	2,834375E+3	1,111775E+0	2,834375E+3	1,964511E+0	2,834375E+3	1,087883E+0	2,834375E+3	2,326292E+0	2,834375E+3	1,084942E+0	2,834375E+3	2,604323E+0	2,834375E+3	9,400187E-1
2,835937E+3	1,392202E+0	2,835937E+3	1,143165E+0	2,835937E+3	1,381561E+0	2,835937E+3	1,150987E+0	2,835937E+3	1,412661E+0	2,835937E+3	1,141512E+0	2,835937E+3	1,552318E+0	2,835937E+3	1,123103E+0	2,835937E+3	1,974323E+0	2,835937E+3	1,098011E+0	2,835937E+3	2,346427E+0	2,835937E+3	1,082006E+0	2,835937E+3	2,611641E+0	2,835937E+3	9,511888E-1
2,837500E+3	1,383392E+0	2,837500E+3	1,164903E+0	2,837500E+3	1,382361E+0	2,837500E+3	1,161892E+0	2,837500E+3	1,409396E+0	2,837500E+3	1,157826E+0	2,837500E+3	1,552948E+0	2,837500E+3	1,135444E+0	2,837500E+3	1,989994E+0	2,837500E+3	1,089918E+0	2,837500E+3	2,337028E+0	2,837500E+3	1,095702E+0	2,837500E+3	2,671766E+0	2,837500E+3	9,760033E-1
2,839062E+3	1,373371E+0	2,839062E+3	1,172807E+0	2,839062E+3	1,372362E+0	2,839062E+3	1,177852E+0	2,839062E+3	1,399931E+0	2,839062E+3	1,169733E+0	2,839062E+3	1,538634E+0	2,839062E+3	1,140726E+0	2,839062E+3	1,969771E+0	2,839062E+3	1,095069E+0	2,839062E+3	2,338321E+0	2,839062E+3	1,091289E+0	2,839062E+3	2,649346E+0	2,839062E+3	1,027097E+0
2,840625E+3	1,374285E+0	2,840625E+3	1,179198E+0	2,840625E+3	1,372608E+0	2,840625E+3	1,199921E+0	2,840625E+3	1,402768E+0	2,840625E+3	1,179630E+0	2,840625E+3	1,533646E+0	2,840625E+3	1,162297E+0	2,840625E+3	1,962803E+0	2,840625E+3	1,112310E+0	2,840625E+3	2,351219E+0	2,840625E+3	1,071149E+0	2,840625E+3	2,638258E+0	2,840625E+3	1,014222E+0
2,842187E+3	1,367348E+0	2,842187E+3	1,201009E+0	2,842187E+3	1,369891E+0	2,842187E+3	1,205981E+0	2,842187E+3	1,399667E+0	2,842187E+3	1,199011E+0	2,842187E+3	1,524311E+0	2,842187E+3	1,184205E+0	2,842187E+3	1,966073E+0	2,842187E+3	1,128647E+0	2,842187E+3	2,322748E+0	2,842187E+3	1,084092E+0	2,842187E+3	2,628422E+0	2,842187E+3	1,036964E+0
2,843750E+3	1,362078E+0	2,843750E+3	1,216973E+0	2,843750E+3	1,363826E+0	2,843750E+3	1,223395E+0	2,843750E+3	1,389352E+0	2,843750E+3	1,212449E+0	2,843750E+3	1,512865E+0	2,843750E+3	1,194017E+0	2,843750E+3	1,945196E+0	2,843750E+3	1,164855E+0	2,843750E+3	2,315308E+0	2,843750E+3	1,103999E+0	2,843750E+3	2,607366E+0	2,843750E+3	1,049329E+0
2,845312E+3	1,349443E+0	2,845312E+3	1,231250E+0	2,845312E+3	1,359578E+0	2,845312E+3	1,239238E+0	2,845312E+3	1,385447E+0	2,845312E+3	1,235031E+0	2,845312E+3	1,524169E+0	2,845312E+3	1,192727E+0	2,845312E+3	1,926132E+0	2,845312E+3	1,160282E+0	2,845312E+3	2,299425E+0	2,845312E+3	1,112229E+0	2,845312E+3	2,625847E+0	2,845312E+3	1,098003E+0
2,846875E+3	1,354290E+0	2,846875E+3	1,242745E+0	2,846875E+3	1,354243E+0	2,846875E+3	1,243626E+0	2,846875E+3	1,378396E+0	2,846875E+3	1,247535E+0	2,846875E+3	1,522229E+0	2,846875E+3	1,208196E+0	2,846875E+3	1,940866E+0	2,846875E+3	1,139589E+0	2,846875E+3	2,296292E+0	2,846875E+3	1,134098E+0	2,846875E+3	2,620237E+0	2,846875E+3	1,073298E+0
2,848437E+3	1,350406E+0	2,848437E+3	1,249022E+0	2,848437E+3	1,354192E+0	2,848437E+3	1,264504E+0	2,848437E+3	1,378677E+0	2,848437E+3	1,252523E+0	2,848437E+3	1,512783E+0	2,848437E+3	1,222796E+0	2,848437E+3	1,932783E+0	2,848437E+3	1,174460E+0	2,848437E+3	2,311087E+0	2,848437E+3	1,125605E+0	2,848437E+3	2,604674E+0	2,848437E+3	1,056949E+0
2,850000E+3	1,350843E+0	2,850000E+3	1,266088E+0	2,850000E+3	1,344923E+0	2,850000E+3	1,278492E+0	2,850000E+3	1,384486E+0	2,850000E+3	1,272308E+0	2,850000E+3	1,510507E+0	2,850000E+3	1,238782E+0	2,850000E+3	1,922143E+0	2,850000E+3	1,187573E+0	2,850000E+3	2,318591E+0	2,850000E+3	1,101024E+0	2,850000E+3	2,630105E+0	2,850000E+3	1,019047E+0
2,851562E+3	1,340847E+0	2,851562E+3	1,286423E+0	2,851562E+3	1,348040E+0	2,851562E+3	1,293835E+0	2,851562E+3	1,372717E+0	2,851562E+3	1,285693E+0	2,851562E+3	1,503427E+0	2,851562E+3	1,252602E+0	2,851562E+3	1,929955E+0	2,851562E+3	1,192569E+0	2,851562E+3	2,296668E+0	2,851562E+3	1,135333E+0	2,851562E+3	2,592300E+0	2,851562E+3	1,058722E+0
2,853125E+3	1,340344E+0	2,853125E+3	1,300556E+0	2,853125E+3	1,344243E+0	2,853125E+3	1,300503E+0	2,853125E+3	1,366911E+0	2,853125E+3	1,296432E+0	2,853125E+3	1,488984E+0	2,853125E+3	1,260342E+0	2,853125E+3	1,928086E+0	2,853125E+3	1,195170E+0	2,853125E+3	2,292057E+0	2,853125E+3	1,139503E+0	2,853125E+3	2,566107E+0	2,853125E+3	1,097446E+0
2,854687E+3	1,334477E+0	2,854687E+3	1,311564E+0	2,854687E+3	1,337933E+0	2,854687E+3	1,311150E+0	2,854687E+3	1,367978E+0	2,854687E+3	1,311143E+0	2,854687E+3	1,483328E+0	2,854687E+3	1,271272E+0	2,854687E+3	1,925706E+0	2,854687E+3	1,204121E+0	2,854687E+3	2,259179E+0	2,854687E+3	1,157182E+0	2,854687E+3	2,585984E+0	2,854687E+3	1,082149E+0
2,856250E+3	1,335709E+0	2,856250E+3	1,333283E+0	2,856250E+3	1,337684E+0	2,856250E+3	1,337582E+0	2,856250E+3	1,365868E+0	2,856250E+3	1,324940E+0	2,856250E+3	1,494876E+0	2,856250E+3	1,294349E+0	2,856250E+3	1,913608E+0	2,856250E+3	1,210296E+0	2,856250E+3	2,271665E+0	2,856250E+3	1,165836E+0	2,856250E+3	2,578042E+0	2,856250E+3	1,039901E+0
2,857812E+3	1,333024E+0	2,857812E+3	1,348463E+0	2,857812E+3	1,331677E+0	2,857812E+3	1,348827E+0	2,857812E+3	1,362043E+0	2,857812E+3	1,338670E+0	2,857812E+3	1,490745E+0	2,857812E+3	1,307514E+0	2,857812E+3	1,896859E+0	2,857812E+3	1,217605E+0	2,857812E+3	2,280921E+0	2,857812E+3	1,174495E+0	2,857812E+3	2,560738E+0	2,857812E+3	1,040331E+0
2,859375E+3	1,335628E+0	2,859375E+3	1,357281E+0	2,859375E+3	1,328664E+0	2,859375E+3	1,364006E+0	2,859375E+3	1,357321E+0	2,859375E+3	1,350160E+0	2,859375E+3	1,494601E+0	2,859375E+3	1,324140E+0	2,859375E+3	1,906647E+0	2,859375E+3	1,236926E+0	2,859375E+3	2,257421E+0	2,859375E+3	1,192678E+0	2,859375E+3	2,582807E+0	2,859375E+3	1,080921E+0
2,860937E+3	1,336724E+0	2,860937E+3	1,372575E+0	2,860937E+3	1,332482E+0	2,860937E+3	1,381925E+0	2,860937E+3	1,358786E+0	2,860937E+3	1,373335E+0	2,860937E+3	1,493453E+0	2,860937E+3	1,335408E+0	2,860937E+3	1,915069E+0	2,860937E+3	1,261474E+0	2,860937E+3	2,256634E+0	2,860937E+3	1,182805E+0	2,860937E+3	2,581650E+0	2,860937E+3	1,085279E+0
2,862500E+3	1,330520E+0	2,862500E+3	1,393040E+0	2,862500E+3	1,327149E+0	2,862500E+3	1,390713E+0	2,862500E+3	1,352709E+0	2,862500E+3	1,382415E+0	2,862500E+3	1,485002E+0	2,862500E+3	1,351095E+0	2,862500E+3	1,901111E+0	2,862500E+3	1,254153E+0	2,862500E+3	2,254241E+0	2,862500E+3	1,158746E+0	2,862500E+3	2,592954E+0	2,862500E+3	1,118162E+0
2,864062E+3	1,323026E+0	2,864062E+3	1,402492E+0	2,864062E+3	1,323951E+0	2,864062E+3	1,407002E+0	2,864062E+3	1,347162E+0	2,864062E+3	1,398326E+0	2,864062E+3	1,472112E+0	2,864062E+3	1,366595E+0	2,864062E+3	1,878227E+0	2,864062E+3	1,255472E+0	2,864062E+3	2,249296E+0	2,864062E+3	1,185228E+0	2,864062E+3	2,598271E+0	2,864062E+3	1,104619E+0
2,865625E+3	1,317075E+0	2,865625E+3	1,416558E+0	2,865625E+3	1,321394E+0	2,865625E+3	1,417864E+0	2,865625E+3	1,346974E+0	2,865625E+3	1,408942E+0	2,865625E+3	1,476510E+0	2,865625E+3	1,374732E+0	2,865625E+3	1,892592E+0	2,865625E+3	1,260695E+0	2,865625E+3	2,220689E+0	2,865625E+3	1,184107E+0	2,865625E+3	2,563324E+0	2,865625E+3	1,116103E+0
2,867187E+3	1,314712E+0	2,867187E+3	1,431378E+0	2,867187E+3	1,321623E+0	2,867187E+3	1,437349E+0	2,867187E+3	1,339425E+0	2,867187E+3	1,426937E+0	2,867187E+3	1,479950E+0	2,867187E+3	1,383997E+0	2,867187E+3	1,902448E+0	2,867187E+3	1,283598E+0	2,867187E+3	2,243052E+0	2,867187E+3	1,198208E+0	2,867187E+3	2,583106E+0	2,867187E+3	1,117671E+0
2,868750E+3	1,318898E+0	2,868750E+3	1,447623E+0	2,868750E+3	1,316841E+0	2,868750E+3	1,443505E+0	2,868750E+3	1,342998E+0	2,868750E+3	1,434618E+0	2,868750E+3	1,469656E+0	2,868750E+3	1,393224E+0	2,868750E+3	1,904632E+0	2,868750E+3	1,293235E+0	2,868750E+3	2,246453E+0	2,868750E+3	1,227219E+0	2,868750E+3	2,569261E+0	2,868750E+3	1,103259E+0
2,870312E+3	1,315199E+0	2,870312E+3	1,460210E+0	2,870312E+3	1,320802E+0	2,870312E+3	1,460144E+0	2,870312E+3	1,344738E+0	2,870312E+3	1,455253E+0	2,870312E+3	1,469332E+0	2,870312E+3	1,402582E+0	2,870312E+3	1,897943E+0	2,870312E+3	1,301197E+0	2,870312E+3	2,240986E+0	2,870312E+3	1,235478E+0	2,870312E+3	2,575012E+0	2,870312E+3	1,105462E+0
2,871875E+3	1,308801E+0	2,871875E+3	1,479710E+0	2,871875E+3	1,314905E+0	2,871875E+3	1,474679E+0	2,871875E+3	1,340577E+0	2,871875E+3	1,469043E+0	2,871875E+3	1,462182E+0	2,871875E+3	1,420802E+0	2,871875E+3	1,893707E+0	2,871875E+3	1,310875E+0	2,871875E+3	2,244364E+0	2,871875E+3	1,242560E+0	2,871875E+3	2,579335E+0	2,871875E+3	1,154050E+0
2,873437E+3	1,306008E+0	2,873437E+3	1,493488E+0	2,873437E+3	1,309454E+0	2,873437E+3	1,489223E+0	2,873437E+3	1,332228E+0	2,873437E+3	1,478516E+0	2,873437E+3	1,461736E+0	2,873437E+3	1,445349E+0	2,873437E+3	1,887179E+0	2,873437E+3	1,307347E+0	2,873437E+3	2,239784E+0	2,873437E+3	1,243516E+0	2,873437E+3	2,560532E+0	2,873437E+3	1,147647E+0
2,875000E+3	1,314014E+0	2,875000E+3	1,500677E+0	2,875000E+3	1,309395E+0	2,875000E+3	1,499532E+0	2,875000E+3	1,333115E+0	2,875000E+3	1,492128E+0	2,875000E+3	1,460614E+0	2,875000E+3	1,448926E+0	2,875000E+3	1,873953E+0	2,875000E+3	1,335247E+0	2,875000E+3	2,246934E+0	2,875000E+3	1,222158E+0	2,875000E+3	2,523216E+0	2,875000E+3	1,144240E+0
2,876562E+3	1,311455E+0	2,876562E+3	1,509013E+0	2,876562E+3	1,310846E+0	2,876562E+3	1,511074E+0	2,876562E+3	1,336854E+0	2,876562E+3	1,513624E+0	2,876562E+3	1,461987E+0	2,876562E+3	1,464870E+0	2,876562E+3	1,879747E+0	2,876562E+3	1,359396E+0	2,876562E+3	2,240492E+0	2,876562E+3	1,238138E+0	2,876562E+3	2,557329E+0	2,876562E+3	1,115149E+0
2,878125E+3	1,314468E+0	2,878125E+3	1,540723E+0	2,878125E+3	1,303419E+0	2,878125E+3	1,529741E+0	2,878125E+3	1,330309E+0	2,878125E+3	1,523114E+0	2,878125E+3	1,452922E+0	2,878125E+3	1,480809E+0	2,878125E+3	1,895322E+0	2,878125E+3	1,356155E+0	2,878125E+3	2,218390E+0	2,878125E+3	1,270516E+0	2,878125E+3	2,550042E+0	2,878125E+3	1,137853E+0
2,879687E+3	1,316951E+0	2,879687E+3	1,549434E+0	2,879687E+3	1,307893E+0	2,879687E+3	1,539452E+0	2,879687E+3	1,337326E+0	2,879687E+3	1,539137E+0	2,879687E+3	1,443822E+0	2,879687E+3	1,490589E+0	2,879687E+3	1,881137E+0	2,879687E+3	1,365200E+0	2,879687E+3	2,195399E+0	2,879687E+3	1,260051E+0	2,879687E+3	2,556589E+0	2,879687E+3	1,123229E+0
2,881250E+3	1,307957E+0	2,881250E+3	1,550507E+0	2,881250E+3	1,303803E+0	2,881250E+3	1,558964E+0	2,881250E+3	1,333507E+0	2,881250E+3	1,547498E+0	2,881250E+3	1,450081E+0	2,881250E+3	1,496308E+0	2,881250E+3	1,887457E+0	2,881250E+3	1,385918E+0	2,881250E+3	2,217809E+0	2,881250E+3	1,279974E+0	2,881250E+3	2,560525E+0	2,881250E+3	1,147037E+0
2,882812E+3	1,292306E+0	2,882812E+3	1,554136E+0	2,882812E+3	1,301677E+0	2,882812E+3	1,570889E+0	2,882812E+3	1,327414E+0	2,882812E+3	1,561343E+0	2,882812E+3	1,440212E+0	2,882812E+3	1,513888E+0	2,882812E+3	1,868930E+0	2,882812E+3	1,397831E+0	2,882812E+3	2,200991E+0	2,882812E+3	1,295369E+0	2,882812E+3	2,561780E+0	2,882812E+3	1,228908E+0
2,884375E+3	1,301742E+0	2,884375E+3	1,576990E+0	2,884375E+3	1,306390E+0	2,884375E+3	1,591621E+0	2,884375E+3	1,322648E+0	2,884375E+3	1,575001E+0	2,884375E+3	1,442910E+0	2,884375E+3	1,525212E+0	2,884375E+3	1,854203E+0	2,884375E+3	1,399113E+0	2,884375E+3	2,203672E+0	2,884375E+3	1,284139E+0	2,884375E+3	2,559753E+0	2,884375E+3	1,207960E+0
2,885937E+3	1,302543E+0	2,885937E+3	1,592715E+0	2,885937E+3	1,301488E+0	2,885937E+3	1,606478E+0	2,885937E+3	1,331644E+0	2,885937E+3	1,593999E+0	2,885937E+3	1,449649E+0	2,885937E+3	1,543475E+0	2,885937E+3	1,849187E+0	2,885937E+3	1,396684E+0	2,885937E+3	2,196882E+0	2,885937E+3	1,285503E+0	2,885937E+3	2,534201E+0	2,885937E+3	1,218626E+0
2,887500E+3	1,311411E+0	2,887500E+3	1,600125E+0	2,887500E+3	1,296580E+0	2,887500E+3	1,609400E+0	2,887500E+3	1,322541E+0	2,887500E+3	1,601814E+0	2,887500E+3	1,445186E+0	2,887500E+3	1,550970E+0	2,887500E+3	1,864615E+0	2,887500E+3	1,410244E+0	2,887500E+3	2,194365E+0	2,887500E+3	1,337290E+0	2,887500E+3	2,524337E+0	2,887500E+3	1,187540E+0
2,889062E+3	1,305487E+0	2,889062E+3	1,622828E+0	2,889062E+3	1,300619E+0	2,889062E+3	1,620021E+0	2,889062E+3	1,323422E+0	2,889062E+3	1,624443E+0	2,889062E+3	1,435934E+0	2,889062E+3	1,573526E+0	2,889062E+3	1,856073E+0	2,889062E+3	1,427037E+0	2,889062E+3	2,190971E+0	2,889062E+3	1,347519E+0	2,889062E+3	2,532695E+0	2,889062E+3	1,168713E+0
2,890625E+3	1,302912E+0	2,890625E+3	1,643558E+0	2,890625E+3	1,298863E+0	2,890625E+3	1,642264E+0	2,890625E+3	1,326754E+0	2,890625E+3	1,628591E+0	2,890625E+3	1,440040E+0	2,890625E+3	1,600155E+0	2,890625E+3	1,851519E+0	2,890625E+3	1,427147E+0	2,890625E+3	2,206216E+0	2,890625E+3	1,336666E+0	2,890625E+3	2,487586E+0	2,890625E+3	1,161406E+0
2,892187E+3	1,306563E+0	2,892187E+3	1,645563E+0	2,892187E+3	1,296891E+0	2,892187E+3	1,658804E+0	2,892187E+3	1,326502E+0	2,892187E+3	1,640790E+0	2,892187E+3	1,451686E+0	2,892187E+3	1,596160E+0	2,892187E+3	1,888134E+0	2,892187E+3	1,434261E+0	2,892187E+3	2,193256E+0	2,892187E+3	1,322547E+0	2,892187E+3	2,463804E+0	2,892187E+3	1,153229E+0
2,893750E+3	1,294123E+0	2,893750E+3	1,663834E+0	2,893750E+3	1,299708E+0	2,893750E+3	1,671703E+0	2,893750E+3	1,325739E+0	2,893750E+3	1,656693E+0	2,893750E+3	1,448760E+0	2,893750E+3	1,605168E+0	2,893750E+3	1,853248E+0	2,893750E+3	1,423197E+0	2,893750E+3	2,245786E+0	2,893750E+3	1,314551E+0	2,893750E+3	2,479461E+0	2,893750E+3	1,212955E+0
2,895312E+3	1,305510E+0	2,895312E+3	1,674759E+0	2,895312E+3	1,302349E+0	2,895312E+3	1,681172E+0	2,895312E+3	1,328845E+0	2,895312E+3	1,672617E+0	2,895312E+3	1,446266E+0	2,895312E+3	1,605885E+0	2,895312E+3	1,853491E+0	2,895312E+3	1,438233E+0	2,895312E+3	2,241789E+0	2,895312E+3	1,360412E+0	2,895312E+3	2,473436E+0	2,895312E+3	1,212627E+0
2,896875E+3	1,318060E+0	2,896875E+3	1,692016E+0	2,896875E+3	1,311429E+0	2,896875E+3	1,697669E+0	2,896875E+3	1,328438E+0	2,896875E+3	1,686523E+0	2,896875E+3	1,450011E+0	2,896875E+3	1,610947E+0	2,896875E+3	1,868482E+0	2,896875E+3	1,448926E+0	2,896875E+3	2,205161E+0	2,896875E+3	1,373218E+0	2,896875E+3	2,580042E+0	2,896875E+3	1,176998E+0
2,898437E+3	1,300547E+0	2,898437E+3	1,709632E+0	2,898437E+3	1,307689E+0	2,898437E+3	1,713522E+0	2,898437E+3	1,325387E+0	2,898437E+3	1,694820E+0	2,898437E+3	1,443692E+0	2,898437E+3	1,625164E+0	2,898437E+3	1,855323E+0	2,898437E+3	1,450849E+0	2,898437E+3	2,180585E+0	2,898437E+3	1,396895E+0	2,898437E+3	2,654297E+0	2,898437E+3	1,156898E+0
2,900000E+3	1,279021E+0	2,900000E+3	1,718657E+0	2,900000E+3	1,303584E+0	2,900000E+3	1,717855E+0	2,900000E+3	1,330173E+0	2,900000E+3	1,704579E+0	2,900000E+3	1,437720E+0	2,900000E+3	1,648559E+0	2,900000E+3	1,880525E+0	2,900000E+3	1,457894E+0	2,900000E+3	2,185767E+0	2,900000E+3	1,367281E+0	2,900000E+3	2,600544E+0	2,900000E+3	1,218319E+0
2,901562E+3	1,295496E+0	2,901562E+3	1,748007E+0	2,901562E+3	1,300801E+0	2,901562E+3	1,723962E+0	2,901562E+3	1,318969E+0	2,901562E+3	1,726415E+0	2,901562E+3	1,437028E+0	2,901562E+3	1,666089E+0	2,901562E+3	1,907637E+0	2,901562E+3	1,474150E+0	2,901562E+3	2,174572E+0	2,901562E+3	1,341613E+0	2,901562E+3	2,549941E+0	2,901562E+3	1,247602E+0
2,903125E+3	1,303486E+0	2,903125E+3	1,746730E+0	2,903125E+3	1,307796E+0	2,903125E+3	1,737273E+0	2,903125E+3	1,329425E+0	2,903125E+3	1,740897E+0	2,903125E+3	1,447232E+0	2,903125E+3	1,692884E+0	2,903125E+3	1,853671E+0	2,903125E+3	1,516230E+0	2,903125E+3	2,204402E+0	2,903125E+3	1,332781E+0	2,903125E+3	2,495490E+0	2,903125E+3	1,249079E+0
2,904687E+3	1,277600E+0	2,904687E+3	1,749373E+0	2,904687E+3	1,307384E+0	2,904687E+3	1,756453E+0	2,904687E+3	1,319694E+0	2,904687E+3	1,753009E+0	2,904687E+3	1,449391E+0	2,904687E+3	1,705720E+0	2,904687E+3	1,852961E+0	2,904687E+3	1,519203E+0	2,904687E+3	2,188500E+0	2,904687E+3	1,340946E+0	2,904687E+3	2,524212E+0	2,904687E+3	1,312265E+0
2,906250E+3	1,301444E+0	2,906250E+3	1,776361E+0	2,906250E+3	1,300465E+0	2,906250E+3	1,780718E+0	2,906250E+3	1,329675E+0	2,906250E+3	1,767051E+0	2,906250E+3	1,454886E+0	2,906250E+3	1,715148E+0	2,906250E+3	1,831986E+0	2,906250E+3	1,513610E+0	2,906250E+3	2,179966E+0	2,906250E+3	1,354878E+0	2,906250E+3	2,482554E+0	2,906250E+3	1,263956E+0
2,907812E+3	1,312983E+0	2,907812E+3	1,783758E+0	2,907812E+3	1,300280E+0	2,907812E+3	1,785574E+0	2,907812E+3	1,332476E+0	2,907812E+3	1,782186E+0	2,907812E+3	1,445580E+0	2,907812E+3	1,730470E+0	2,907812E+3	1,841055E+0	2,907812E+3	1,516798E+0	2,907812E+3	2,188791E+0	2,907812E+3	1,384341E+0	2,907812E+3	2,412603E+0	2,907812E+3	1,253264E+0
2,909375E+3	1,311864E+0	2,909375E+3	1,800976E+0	2,909375E+3	1,301944E+0	2,909375E+3	1,799655E+0	2,909375E+3	1,323956E+0	2,909375E+3	1,793128E+0	2,909375E+3	1,439446E+0	2,909375E+3	1,736707E+0	2,909375E+3	1,840790E+0	2,909375E+3	1,568504E+0	2,909375E+3	2,200816E+0	2,909375E+3	1,404899E+0	2,909375E+3	2,453208E+0	2,909375E+3	1,317776E+0
2,910937E+3	1,309266E+0	2,910937E+3	1,810435E+0	2,910937E+3	1,300456E+0	2,910937E+3	1,822506E+0	2,910937E+3	1,324237E+0	2,910937E+3	1,812841E+0	2,910937E+3	1,444038E+0	2,910937E+3	1,750336E+0	2,910937E+3	1,867328E+0	2,910937E+3	1,595147E+0	2,910937E+3	2,194535E+0	2,910937E+3	1,494501E+0	2,910937E+3	2,471989E+0	2,910937E+3	1,297929E+0
2,912500E+3	1,319318E+0	2,912500E+3	1,821558E+0	2,912500E+3	1,304727E+0	2,912500E+3	1,836433E+0	2,912500E+3	1,321437E+0	2,912500E+3	1,832122E+0	2,912500E+3	1,452032E+0	2,912500E+3	1,757554E+0	2,912500E+3	1,843789E+0	2,912500E+3	1,605157E+0	2,912500E+3	2,212548E+0	2,912500E+3	1,467539E+0	2,912500E+3	2,508192E+0	2,912500E+3	1,275562E+0
2,914062E+3	1,306126E+0	2,914062E+3	1,845795E+0	2,914062E+3	1,306779E+0	2,914062E+3	1,850753E+0	2,914062E+3	1,340002E+0	2,914062E+3	1,846868E+0	2,914062E+3	1,461361E+0	2,914062E+3	1,772730E+0	2,914062E+3	1,839853E+0	2,914062E+3	1,608046E+0	2,914062E+3	2,239574E+0	2,914062E+3	1,448283E+0	2,914062E+3	2,515681E+0	2,914062E+3	1,276573E+0
2,915625E+3	1,300645E+0	2,915625E+3	1,850393E+0	2,915625E+3	1,312585E+0	2,915625E+3	1,860968E+0	2,915625E+3	1,330855E+0	2,915625E+3	1,852670E+0	2,915625E+3	1,444563E+0	2,915625E+3	1,788747E+0	2,915625E+3	1,838231E+0	2,915625E+3	1,620152E+0	2,915625E+3	2,247291E+0	2,915625E+3	1,454025E+0	2,915625E+3	2,518018E+0	2,915625E+3	1,338906E+0
2,917187E+3	1,325566E+0	2,917187E+3	1,881649E+0	2,917187E+3	1,311524E+0	2,917187E+3	1,872906E+0	2,917187E+3	1,328311E+0	2,917187E+3	1,860976E+0	2,917187E+3	1,445362E+0	2,917187E+3	1,799861E+0	2,917187E+3	1,811125E+0	2,917187E+3	1,633825E+0	2,917187E+3	2,208642E+0	2,917187E+3	1,426896E+0	2,917187E+3	2,502878E+0	2,917187E+3	1,307459E+0
2,918750E+3	1,321102E+0	2,918750E+3	1,881852E+0	2,918750E+3	1,304401E+0	2,918750E+3	1,886295E+0	2,918750E+3	1,334309E+0	2,918750E+3	1,876652E+0	2,918750E+3	1,458744E+0	2,918750E+3	1,796221E+0	2,918750E+3	1,847046E+0	2,918750E+3	1,593085E+0	2,918750E+3	2,140419E+0	2,918750E+3	1,428574E+0	2,918750E+3	2,554276E+0	2,918750E+3	1,327656E+0
2,920312E+3	1,334689E+0	2,920312E+3	1,908230E+0	2,920312E+3	1,311617E+0	2,920312E+3	1,902902E+0	2,920312E+3	1,334608E+0	2,920312E+3	1,889970E+0	2,920312E+3	1,455200E+0	2,920312E+3	1,818570E+0	2,920312E+3	1,827813E+0	2,920312E+3	1,588674E+0	2,920312E+3	2,141198E+0	2,920312E+3	1,425574E+0	2,920312E+3	2,536294E+0	2,920312E+3	1,276942E+0
2,921875E+3	1,315078E+0	2,921875E+3	1,907037E+0	2,921875E+3	1,321479E+0	2,921875E+3	1,923654E+0	2,921875E+3	1,341194E+0	2,921875E+3	1,900168E+0	2,921875E+3	1,442640E+0	2,921875E+3	1,841333E+0	2,921875E+3	1,873742E+0	2,921875E+3	1,615950E+0	2,921875E+3	2,195734E+0	2,921875E+3	1,400185E+0	2,921875E+3	2,556721E+0	2,921875E+3	1,276596E+0
2,923437E+3	1,312275E+0	2,923437E+3	1,918002E+0	2,923437E+3	1,315665E+0	2,923437E+3	1,919180E+0	2,923437E+3	1,336886E+0	2,923437E+3	1,917016E+0	2,923437E+3	1,457441E+0	2,923437E+3	1,849847E+0	2,923437E+3	1,868147E+0	2,923437E+3	1,631287E+0	2,923437E+3	2,241081E+0	2,923437E+3	1,405668E+0	2,923437E+3	2,460011E+0	2,923437E+3	1,276194E+0
2,925000E+3	1,364151E+0	2,925000E+3	1,928938E+0	2,925000E+3	1,318474E+0	2,925000E+3	1,945774E+0	2,925000E+3	1,341791E+0	2,925000E+3	1,930503E+0	2,925000E+3	1,458060E+0	2,925000E+3	1,875471E+0	2,925000E+3	1,867815E+0	2,925000E+3	1,678278E+0	2,925000E+3	2,203974E+0	2,925000E+3	1,451928E+0	2,925000E+3	2,429497E+0	2,925000E+3	1,231590E+0
2,926562E+3	1,338765E+0	2,926562E+3	1,968466E+0	2,926562E+3	1,320141E+0	2,926562E+3	1,958767E+0	2,926562E+3	1,346623E+0	2,926562E+3	1,950101E+0	2,926562E+3	1,455536E+0	2,926562E+3	1,897609E+0	2,926562E+3	1,876053E+0	2,926562E+3	1,704459E+0	2,926562E+3	2,117299E+0	2,926562E+3	1,493658E+0	2,926562E+3	2,486499E+0	2,926562E+3	1,192622E+0
2,928125E+3	1,333614E+0	2,928125E+3	1,959851E+0	2,928125E+3	1,317930E+0	2,928125E+3	1,969610E+0	2,928125E+3	1,342666E+0	2,928125E+3	1,965111E+0	2,928125E+3	1,471369E+0	2,928125E+3	1,893557E+0	2,928125E+3	1,856182E+0	2,928125E+3	1,687735E+0	2,928125E+3	2,080083E+0	2,928125E+3	1,528417E+0	2,928125E+3	2,564698E+0	2,928125E+3	1,300939E+0
2,929687E+3	1,344676E+0	2,929687E+3	2,006309E+0	2,929687E+3	1,314584E+0	2,929687E+3	1,983780E+0	2,929687E+3	1,354882E+0	2,929687E+3	1,975234E+0	2,929687E+3	1,486825E+0	2,929687E+3	1,918800E+0	2,929687E+3	1,829669E+0	2,929687E+3	1,677038E+0	2,929687E+3	2,148561E+0	2,929687E+3	1,452174E+0	2,929687E+3	2,573445E+0	2,929687E+3	1,318902E+0
2,931250E+3	1,357028E+0	2,931250E+3	2,016565E+0	2,931250E+3	1,335849E+0	2,931250E+3	2,000806E+0	2,931250E+3	1,364137E+0	2,931250E+3	1,989808E+0	2,931250E+3	1,468278E+0	2,931250E+3	1,920390E+0	2,931250E+3	1,844479E+0	2,931250E+3	1,673692E+0	2,931250E+3	2,130703E+0	2,931250E+3	1,445446E+0	2,931250E+3	2,584382E+0	2,931250E+3	1,208584E+0
2,932812E+3	1,356811E+0	2,932812E+3	2,016238E+0	2,932812E+3	1,342591E+0	2,932812E+3	2,019006E+0	2,932812E+3	1,348257E+0	2,932812E+3	1,990270E+0	2,932812E+3	1,474424E+0	2,932812E+3	1,936262E+0	2,932812E+3	1,843943E+0	2,932812E+3	1,703588E+0	2,932812E+3	2,180270E+0	2,932812E+3	1,546672E+0	2,932812E+3	2,505313E+0	2,932812E+3	1,305475E+0
2,934375E+3	1,325649E+0	2,934375E+3	2,019175E+0	2,934375E+3	1,336267E+0	2,934375E+3	2,034075E+0	2,934375E+3	1,360936E+0	2,934375E+3	2,018803E+0	2,934375E+3	1,455412E+0	2,934375E+3	1,938030E+0	2,934375E+3	1,829873E+0	2,934375E+3	1,699193E+0	2,934375E+3	2,182411E+0	2,934375E+3	1,502872E+0	2,934375E+3	2,520358E+0	2,934375E+3	1,254681E+0
2,935937E+3	1,346071E+0	2,935937E+3	2,064939E+0	2,935937E+3	1,335146E+0	2,935937E+3	2,036176E+0	2,935937E+3	1,360282E+0	2,935937E+3	2,026480E+0	2,935937E+3	1,458082E+0	2,935937E+3	1,955151E+0	2,935937E+3	1,831675E+0	2,935937E+3	1,760243E+0	2,935937E+3	2,187226E+0	2,935937E+3	1,531044E+0	2,935937E+3	2,497770E+0	2,935937E+3	1,241629E+0
2,937500E+3	1,385409E+0	2,937500E+3	2,095295E+0	2,937500E+3	1,360212E+0	2,937500E+3	2,069513E+0	2,937500E+3	1,367478E+0	2,937500E+3	2,039835E+0	2,937500E+3	1,470257E+0	2,937500E+3	1,952844E+0	2,937500E+3	1,821221E+0	2,937500E+3	1,742049E+0	2,937500E+3	2,256211E+0	2,937500E+3	1,540597E+0	2,937500E+3	2,418594E+0	2,937500E+3	1,302809E+0
2,939062E+3	1,346209E+0	2,939062E+3	2,073204E+0	2,939062E+3	1,366446E+0	2,939062E+3	2,084205E+0	2,939062E+3	1,356624E+0	2,939062E+3	2,054867E+0	2,939062E+3	1,469014E+0	2,939062E+3	1,968047E+0	2,939062E+3	1,822023E+0	2,939062E+3	1,763373E+0	2,939062E+3	2,182830E+0	2,939062E+3	1,557093E+0	2,939062E+3	2,517032E+0	2,939062E+3	1,335945E+0
2,940625E+3	1,358662E+0	2,940625E+3	2,085122E+0	2,940625E+3	1,348440E+0	2,940625E+3	2,071131E+0	2,940625E+3	1,378825E+0	2,940625E+3	2,081944E+0	2,940625E+3	1,482069E+0	2,940625E+3	1,993729E+0	2,940625E+3	1,880065E+0	2,940625E+3	1,737023E+0	2,940625E+3	2,128085E+0	2,940625E+3	1,610010E+0	2,940625E+3	2,540568E+0	2,940625E+3	1,392094E+0
2,942187E+3	1,323376E+0	2,942187E+3	2,068236E+0	2,942187E+3	1,345388E+0	2,942187E+3	2,076310E+0	2,942187E+3	1,365346E+0	2,942187E+3	2,070828E+0	2,942187E+3	1,510548E+0	2,942187E+3	2,005562E+0	2,942187E+3	1,874359E+0	2,942187E+3	1,776702E+0	2,942187E+3	2,238991E+0	2,942187E+3	1,613008E+0	2,942187E+3	2,433687E+0	2,942187E+3	1,414604E+0
2,943750E+3	1,303714E+0	2,943750E+3	2,082343E+0	2,943750E+3	1,349898E+0	2,943750E+3	2,103426E+0	2,943750E+3	1,383201E+0	2,943750E+3	2,092964E+0	2,943750E+3	1,500864E+0	2,943750E+3	2,014586E+0	2,943750E+3	1,849790E+0	2,943750E+3	1,775838E+0	2,943750E+3	2,277860E+0	2,943750E+3	1,568190E+0	2,943750E+3	2,350580E+0	2,943750E+3	1,428037E+0
2,945312E+3	1,351515E+0	2,945312E+3	2,132010E+0	2,945312E+3	1,368980E+0	2,945312E+3	2,110148E+0	2,945312E+3	1,387422E+0	2,945312E+3	2,121780E+0	2,945312E+3	1,486789E+0	2,945312E+3	2,054813E+0	2,945312E+3	1,896135E+0	2,945312E+3	1,837917E+0	2,945312E+3	2,172965E+0	2,945312E+3	1,527458E+0	2,945312E+3	2,459581E+0	2,945312E+3	1,349100E+0
2,946875E+3	1,355550E+0	2,946875E+3	2,127344E+0	2,946875E+3	1,371911E+0	2,946875E+3	2,145256E+0	2,946875E+3	1,397859E+0	2,946875E+3	2,135775E+0	2,946875E+3	1,507016E+0	2,946875E+3	2,067189E+0	2,946875E+3	1,902602E+0	2,946875E+3	1,803393E+0	2,946875E+3	2,184533E+0	2,946875E+3	1,537460E+0	2,946875E+3	2,576978E+0	2,946875E+3	1,350714E+0
2,948437E+3	1,382532E+0	2,948437E+3	2,146682E+0	2,948437E+3	1,371187E+0	2,948437E+3	2,160201E+0	2,948437E+3	1,387302E+0	2,948437E+3	2,140710E+0	2,948437E+3	1,520250E+0	2,948437E+3	2,074424E+0	2,948437E+3	1,850356E+0	2,948437E+3	1,817581E+0	2,948437E+3	2,227035E+0	2,948437E+3	1,565324E+0	2,948437E+3	2,558935E+0	2,948437E+3	1,399711E+0
2,950000E+3	1,363593E+0	2,950000E+3	2,150390E+0	2,950000E+3	1,381101E+0	2,950000E+3	2,175179E+0	2,950000E+3	1,388623E+0	2,950000E+3	2,158769E+0	2,950000E+3	1,515217E+0	2,950000E+3	2,096455E+0	2,950000E+3	1,878845E+0	2,950000E+3	1,821864E+0	2,950000E+3	2,247817E+0	2,950000E+3	1,545185E+0	2,950000E+3	2,487676E+0	2,950000E+3	1,363143E+0
2,951562E+3	1,379949E+0	2,951562E+3	2,172662E+0	2,951562E+3	1,383951E+0	2,951562E+3	2,188580E+0	2,951562E+3	1,394482E+0	2,951562E+3	2,163738E+0	2,951562E+3	1,500345E+0	2,951562E+3	2,089379E+0	2,951562E+3	1,890103E+0	2,951562E+3	1,832487E+0	2,951562E+3	2,179890E+0	2,951562E+3	1,592496E+0	2,951562E+3	2,459733E+0	2,951562E+3	1,253169E+0
2,953125E+3	1,379496E+0	2,953125E+3	2,217024E+0	2,953125E+3	1,399084E+0	2,953125E+3	2,199490E+0	2,953125E+3	1,420023E+0	2,953125E+3	2,193986E+0	2,953125E+3	1,517884E+0	2,953125E+3	2,126416E+0	2,953125E+3	1,866853E+0	2,953125E+3	1,828398E+0	2,953125E+3	2,200324E+0	2,953125E+3	1,616711E+0	2,953125E+3	2,509496E+0	2,953125E+3	1,326923E+0
2,954687E+3	1,362708E+0	2,954687E+3	2,229399E+0	2,954687E+3	1,395216E+0	2,954687E+3	2,216741E+0	2,954687E+3	1,416278E+0	2,954687E+3	2,199758E+0	2,954687E+3	1,516660E+0	2,954687E+3	2,131288E+0	2,954687E+3	1,912275E+0	2,954687E+3	1,891078E+0	2,954687E+3	2,221035E+0	2,954687E+3	1,632565E+0	2,954687E+3	2,524007E+0	2,954687E+3	1,356649E+0
2,956250E+3	1,397663E+0	2,956250E+3	2,229610E+0	2,956250E+3	1,395078E+0	2,956250E+3	2,229465E+0	2,956250E+3	1,418725E+0	2,956250E+3	2,215227E+0	2,956250E+3	1,524573E+0	2,956250E+3	2,143666E+0	2,956250E+3	1,930120E+0	2,956250E+3	1,887608E+0	2,956250E+3	2,193398E+0	2,956250E+3	1,581930E+0	2,956250E+3	2,489703E+0	2,956250E+3	1,322932E+0
2,957812E+3	1,379184E+0	2,957812E+3	2,238404E+0	2,957812E+3	1,400748E+0	2,957812E+3	2,242827E+0	2,957812E+3	1,412467E+0	2,957812E+3	2,226735E+0	2,957812E+3	1,521678E+0	2,957812E+3	2,148589E+0	2,957812E+3	1,939319E+0	2,957812E+3	1,896318E+0	2,957812E+3	2,247598E+0	2,957812E+3	1,609851E+0	2,957812E+3	2,525676E+0	2,957812E+3	1,405440E+0
2,959375E+3	1,396548E+0	2,959375E+3	2,238978E+0	2,959375E+3	1,410519E+0	2,959375E+3	2,258479E+0	2,959375E+3	1,422309E+0	2,959375E+3	2,238436E+0	2,959375E+3	1,520188E+0	2,959375E+3	2,148545E+0	2,959375E+3	1,969296E+0	2,959375E+3	1,925459E+0	2,959375E+3	2,227238E+0	2,959375E+3	1,632683E+0	2,959375E+3	2,622267E+0	2,959375E+3	1,426598E+0
2,960937E+3	1,427792E+0	2,960937E+3	2,261197E+0	2,960937E+3	1,421379E+0	2,960937E+3	2,275455E+0	2,960937E+3	1,432357E+0	2,960937E+3	2,250298E+0	2,960937E+3	1,555092E+0	2,960937E+3	2,191017E+0	2,960937E+3	1,938386E+0	2,960937E+3	1,900080E+0	2,960937E+3	2,255411E+0	2,960937E+3	1,603594E+0	2,960937E+3	2,554069E+0	2,960937E+3	1,297287E+0
2,962500E+3	1,431429E+0	2,962500E+3	2,270753E+0	2,962500E+3	1,419112E+0	2,962500E+3	2,297012E+0	2,962500E+3	1,446208E+0	2,962500E+3	2,265741E+0	2,962500E+3	1,554461E+0	2,962500E+3	2,196363E+0	2,962500E+3	1,898039E+0	2,962500E+3	1,865421E+0	2,962500E+3	2,232693E+0	2,962500E+3	1,616063E+0	2,962500E+3	2,574968E+0	2,962500E+3	1,383275E+0
2,964062E+3	1,449093E+0	2,964062E+3	2,288191E+0	2,964062E+3	1,425550E+0	2,964062E+3	2,301910E+0	2,964062E+3	1,446869E+0	2,964062E+3	2,288906E+0	2,964062E+3	1,547052E+0	2,964062E+3	2,196342E+0	2,964062E+3	1,920398E+0	2,964062E+3	1,921161E+0	2,964062E+3	2,256584E+0	2,964062E+3	1,691741E+0	2,964062E+3	2,640035E+0	2,964062E+3	1,442473E+0
2,965625E+3	1,447463E+0	2,965625E+3	2,314341E+0	2,965625E+3	1,429724E+0	2,965625E+3	2,314163E+0	2,965625E+3	1,453881E+0	2,965625E+3	2,305168E+0	2,965625E+3	1,531468E+0	2,965625E+3	2,226157E+0	2,965625E+3	1,929891E+0	2,965625E+3	1,959694E+0	2,965625E+3	2,259208E+0	2,965625E+3	1,667720E+0	2,965625E+3	2,595884E+0	2,965625E+3	1,324384E+0
2,967187E+3	1,430118E+0	2,967187E+3	2,342591E+0	2,967187E+3	1,433274E+0	2,967187E+3	2,336565E+0	2,967187E+3	1,453727E+0	2,967187E+3	2,311580E+0	2,967187E+3	1,543276E+0	2,967187E+3	2,232517E+0	2,967187E+3	1,946510E+0	2,967187E+3	1,916680E+0	2,967187E+3	2,196317E+0	2,967187E+3	1,684120E+0	2,967187E+3	2,590818E+0	2,967187E+3	1,447873E+0
2,968750E+3	1,429539E+0	2,968750E+3	2,358751E+0	2,968750E+3	1,429306E+0	2,968750E+3	2,341873E+0	2,968750E+3	1,461265E+0	2,968750E+3	2,332352E+0	2,968750E+3	1,567466E+0	2,968750E+3	2,243196E+0	2,968750E+3	1,911349E+0	2,968750E+3	1,892463E+0	2,968750E+3	2,242460E+0	2,968750E+3	1,708283E+0	2,968750E+3	2,604267E+0	2,968750E+3	1,380097E+0
2,970312E+3	1,451727E+0	2,970312E+3	2,361643E+0	2,970312E+3	1,454066E+0	2,970312E+3	2,351877E+0	2,970312E+3	1,460354E+0	2,970312E+3	2,336151E+0	2,970312E+3	1,576117E+0	2,970312E+3	2,262611E+0	2,970312E+3	1,908960E+0	2,970312E+3	1,972806E+0	2,970312E+3	2,300757E+0	2,970312E+3	1,693425E+0	2,970312E+3	2,576161E+0	2,970312E+3	1,391960E+0
2,971875E+3	1,444636E+0	2,971875E+3	2,338883E+0	2,971875E+3	1,458054E+0	2,971875E+3	2,378558E+0	2,971875E+3	1,474127E+0	2,971875E+3	2,365529E+0	2,971875E+3	1,556239E+0	2,971875E+3	2,288577E+0	2,971875E+3	1,947481E+0	2,971875E+3	1,932541E+0	2,971875E+3	2,282871E+0	2,971875E+3	1,705608E+0	2,971875E+3	2,599881E+0	2,971875E+3	1,401275E+0
2,973437E+3	1,443739E+0	2,973437E+3	2,356266E+0	2,973437E+3	1,461178E+0	2,973437E+3	2,398204E+0	2,973437E+3	1,478663E+0	2,973437E+3	2,376855E+0	2,973437E+3	1,588999E+0	2,973437E+3	2,298661E+0	2,973437E+3	1,998810E+0	2,973437E+3	1,981324E+0	2,973437E+3	2,261231E+0	2,973437E+3	1,685312E+0	2,973437E+3	2,626041E+0	2,973437E+3	1,320657E+0
2,975000E+3	1,468194E+0	2,975000E+3	2,424428E+0	2,975000E+3	1,459902E+0	2,975000E+3	2,398111E+0	2,975000E+3	1,485692E+0	2,975000E+3	2,392418E+0	2,975000E+3	1,578664E+0	2,975000E+3	2,293192E+0	2,975000E+3	1,985273E+0	2,975000E+3	2,007794E+0	2,975000E+3	2,354741E+0	2,975000E+3	1,687292E+0	2,975000E+3	2,561569E+0	2,975000E+3	1,329803E+0
2,976562E+3	1,469348E+0	2,976562E+3	2,432354E+0	2,976562E+3	1,458424E+0	2,976562E+3	2,429827E+0	2,976562E+3	1,495842E+0	2,976562E+3	2,410704E+0	2,976562E+3	1,618364E+0	2,976562E+3	2,316873E+0	2,976562E+3	2,003856E+0	2,976562E+3	2,042224E+0	2,976562E+3	2,357447E+0	2,976562E+3	1,743282E+0	2,976562E+3	2,574127E+0	2,976562E+3	1,411109E+0
2,978125E+3	1,478108E+0	2,978125E+3	2,399628E+0	2,978125E+3	1,466226E+0	2,978125E+3	2,457089E+0	2,978125E+3	1,502222E+0	2,978125E+3	2,427406E+0	2,978125E+3	1,610744E+0	2,978125E+3	2,321503E+0	2,978125E+3	2,026941E+0	2,978125E+3	2,043730E+0	2,978125E+3	2,362661E+0	2,978125E+3	1,720205E+0	2,978125E+3	2,624168E+0	2,978125E+3	1,407389E+0
2,979687E+3	1,488405E+0	2,979687E+3	2,425557E+0	2,979687E+3	1,489581E+0	2,979687E+3	2,453684E+0	2,979687E+3	1,513812E+0	2,979687E+3	2,436959E+0	2,979687E+3	1,621175E+0	2,979687E+3	2,349398E+0	2,979687E+3	1,956205E+0	2,979687E+3	2,041603E+0	2,979687E+3	2,378364E+0	2,979687E+3	1,747365E+0	2,979687E+3	2,709387E+0	2,979687E+3	1,386878E+0
2,981250E+3	1,475321E+0	2,981250E+3	2,463096E+0	2,981250E+3	1,486393E+0	2,981250E+3	2,463383E+0	2,981250E+3	1,519060E+0	2,981250E+3	2,468512E+0	2,981250E+3	1,626031E+0	2,981250E+3	2,365463E+0	2,981250E+3	1,944993E+0	2,981250E+3	2,030814E+0	2,981250E+3	2,341101E+0	2,981250E+3	1,764174E+0	2,981250E+3	2,608727E+0	2,981250E+3	1,424071E+0
2,982812E+3	1,488208E+0	2,982812E+3	2,471436E+0	2,982812E+3	1,496203E+0	2,982812E+3	2,493071E+0	2,982812E+3	1,511319E+0	2,982812E+3	2,463038E+0	2,982812E+3	1,627568E+0	2,982812E+3	2,366206E+0	2,982812E+3	2,014017E+0	2,982812E+3	2,032310E+0	2,982812E+3	2,330421E+0	2,982812E+3	1,725751E+0	2,982812E+3	2,657000E+0	2,982812E+3	1,430607E+0
2,984375E+3	1,515636E+0	2,984375E+3	2,498715E+0	2,984375E+3	1,514682E+0	2,984375E+3	2,504225E+0	2,984375E+3	1,532748E+0	2,984375E+3	2,485732E+0	2,984375E+3	1,624487E+0	2,984375E+3	2,386363E+0	2,984375E+3	2,029608E+0	2,984375E+3	2,066184E+0	2,984375E+3	2,367968E+0	2,984375E+3	1,693117E+0	2,984375E+3	2,644440E+0	2,984375E+3	1,417852E+0
2,985937E+3	1,534680E+0	2,985937E+3	2,546927E+0	2,985937E+3	1,524967E+0	2,985937E+3	2,523613E+0	2,985937E+3	1,546500E+0	2,985937E+3	2,526310E+0	2,985937E+3	1,671328E+0	2,985937E+3	2,397051E+0	2,985937E+3	2,061091E+0	2,985937E+3	2,069985E+0	2,985937E+3	2,325328E+0	2,985937E+3	1,738243E+0	2,985937E+3	2,718497E+0	2,985937E+3	1,504755E+0
2,987500E+3	1,520030E+0	2,987500E+3	2,554817E+0	2,987500E+3	1,524691E+0	2,987500E+3	2,533720E+0	2,987500E+3	1,548077E+0	2,987500E+3	2,520497E+0	2,987500E+3	1,686871E+0	2,987500E+3	2,418659E+0	2,987500E+3	2,030369E+0	2,987500E+3	2,112160E+0	2,987500E+3	2,338353E+0	2,987500E+3	1,753447E+0	2,987500E+3	2,744033E+0	2,987500E+3	1,508286E+0
2,989062E+3	1,518358E+0	2,989062E+3	2,544866E+0	2,989062E+3	1,530425E+0	2,989062E+3	2,548014E+0	2,989062E+3	1,558161E+0	2,989062E+3	2,531887E+0	2,989062E+3	1,682704E+0	2,989062E+3	2,436015E+0	2,989062E+3	2,015247E+0	2,989062E+3	2,136342E+0	2,989062E+3	2,346665E+0	2,989062E+3	1,716579E+0	2,989062E+3	2,745730E+0	2,989062E+3	1,411333E+0
2,990625E+3	1,556531E+0	2,990625E+3	2,566484E+0	2,990625E+3	1,546356E+0	2,990625E+3	2,585079E+0	2,990625E+3	1,578969E+0	2,990625E+3	2,543536E+0	2,990625E+3	1,671684E+0	2,990625E+3	2,455530E+0	2,990625E+3	2,065840E+0	2,990625E+3	2,108103E+0	2,990625E+3	2,421410E+0	2,990625E+3	1,742532E+0	2,990625E+3	2,730576E+0	2,990625E+3	1,417643E+0
2,992187E+3	1,529659E+0	2,992187E+3	2,560900E+0	2,992187E+3	1,550311E+0	2,992187E+3	2,578486E+0	2,992187E+3	1,575514E+0	2,992187E+3	2,549789E+0	2,992187E+3	1,667858E+0	2,992187E+3	2,464196E+0	2,992187E+3	2,089874E+0	2,992187E+3	2,121402E+0	2,992187E+3	2,426308E+0	2,992187E+3	1,736027E+0	2,992187E+3	2,668859E+0	2,992187E+3	1,343889E+0
2,993750E+3	1,557446E+0	2,993750E+3	2,597390E+0	2,993750E+3	1,573744E+0	2,993750E+3	2,599635E+0	2,993750E+3	1,603914E+0	2,993750E+3	2,587029E+0	2,993750E+3	1,701642E+0	2,993750E+3	2,474663E+0	2,993750E+3	2,098667E+0	2,993750E+3	2,170546E+0	2,993750E+3	2,394589E+0	2,993750E+3	1,739978E+0	2,993750E+3	2,660475E+0	2,993750E+3	1,395009E+0
2,995312E+3	1,568406E+0	2,995312E+3	2,619692E+0	2,995312E+3	1,591646E+0	2,995312E+3	2,614431E+0	2,995312E+3	1,598839E+0	2,995312E+3	2,607027E+0	2,995312E+3	1,720998E+0	2,995312E+3	2,495384E+0	2,995312E+3	2,114887E+0	2,995312E+3	2,166845E+0	2,995312E+3	2,484177E+0	2,995312E+3	1,758490E+0	2,995312E+3	2,644455E+0	2,995312E+3	1,397626E+0
2,996875E+3	1,578198E+0	2,996875E+3	2,643231E+0	2,996875E+3	1,591745E+0	2,996875E+3	2,649539E+0	2,996875E+3	1,609066E+0	2,996875E+3	2,615083E+0	2,996875E+3	1,711271E+0	2,996875E+3	2,495043E+0	2,996875E+3	2,100066E+0	2,996875E+3	2,167303E+0	2,996875E+3	2,369671E+0	2,996875E+3	1,772584E+0	2,996875E+3	2,669932E+0	2,996875E+3	1,388787E+0
2,998437E+3	1,581574E+0	2,998437E+3	2,678711E+0	2,998437E+3	1,600003E+0	2,998437E+3	2,660165E+0	2,998437E+3	1,615167E+0	2,998437E+3	2,619499E+0	2,998437E+3	1,722716E+0	2,998437E+3	2,511258E+0	2,998437E+3	2,107328E+0	2,998437E+3	2,176136E+0	2,998437E+3	2,385940E+0	2,998437E+3	1,790274E+0	2,998437E+3	2,847406E+0	2,998437E+3	1,356336E+0
3,000000E+3	1,600032E+0	3,000000E+3	2,671816E+0	3,000000E+3	1,596865E+0	3,000000E+3	2,642774E+0	3,000000E+3	1,631988E+0	3,000000E+3	2,643238E+0	3,000000E+3	1,728086E+0	3,000000E+3	2,534450E+0	3,000000E+3	2,117648E+0	3,000000E+3	2,213020E+0	3,000000E+3	2,426007E+0	3,000000E+3	1,758660E+0	3,000000E+3	2,771130E+0	3,000000E+3	1,391032E+0
3,001562E+3	1,576948E+0	3,001562E+3	2,671542E+0	3,001562E+3	1,605104E+0	3,001562E+3	2,673851E+0	3,001562E+3	1,638494E+0	3,001562E+3	2,667136E+0	3,001562E+3	1,764157E+0	3,001562E+3	2,542853E+0	3,001562E+3	2,097445E+0	3,001562E+3	2,192294E+0	3,001562E+3	2,469008E+0	3,001562E+3	1,804603E+0	3,001562E+3	2,681779E+0	3,001562E+3	1,412992E+0
3,003125E+3	1,571813E+0	3,003125E+3	2,681859E+0	3,003125E+3	1,637505E+0	3,003125E+3	2,700152E+0	3,003125E+3	1,656635E+0	3,003125E+3	2,666173E+0	3,003125E+3	1,765630E+0	3,003125E+3	2,572815E+0	3,003125E+3	2,076190E+0	3,003125E+3	2,184692E+0	3,003125E+3	2,515432E+0	3,003125E+3	1,767907E+0	3,003125E+3	2,708365E+0	3,003125E+3	1,397996E+0
3,004687E+3	1,610834E+0	3,004687E+3	2,732051E+0	3,004687E+3	1,645414E+0	3,004687E+3	2,725004E+0	3,004687E+3	1,664688E+0	3,004687E+3	2,698195E+0	3,004687E+3	1,750603E+0	3,004687E+3	2,592019E+0	3,004687E+3	2,124369E+0	3,004687E+3	2,191721E+0	3,004687E+3	2,487684E+0	3,004687E+3	1,812394E+0	3,004687E+3	2,770653E+0	3,004687E+3	1,436229E+0
3,006250E+3	1,641927E+0	3,006250E+3	2,708281E+0	3,006250E+3	1,634407E+0	3,006250E+3	2,729517E+0	3,006250E+3	1,659448E+0	3,006250E+3	2,715381E+0	3,006250E+3	1,772047E+0	3,006250E+3	2,607840E+0	3,006250E+3	2,150744E+0	3,006250E+3	2,218273E+0	3,006250E+3	2,450028E+0	3,006250E+3	1,818873E+0	3,006250E+3	2,717401E+0	3,006250E+3	1,463654E+0
3,007812E+3	1,661392E+0	3,007812E+3	2,744277E+0	3,007812E+3	1,647147E+0	3,007812E+3	2,742907E+0	3,007812E+3	1,660682E+0	3,007812E+3	2,743150E+0	3,007812E+3	1,788229E+0	3,007812E+3	2,616982E+0	3,007812E+3	2,155060E+0	3,007812E+3	2,243600E+0	3,007812E+3	2,426166E+0	3,007812E+3	1,823269E+0	3,007812E+3	2,692715E+0	3,007812E+3	1,396017E+0
3,009375E+3	1,664964E+0	3,009375E+3	2,759540E+0	3,009375E+3	1,666447E+0	3,009375E+3	2,764982E+0	3,009375E+3	1,676577E+0	3,009375E+3	2,743081E+0	3,009375E+3	1,791884E+0	3,009375E+3	2,626123E+0	3,009375E+3	2,175890E+0	3,009375E+3	2,214609E+0	3,009375E+3	2,480290E+0	3,009375E+3	1,835401E+0	3,009375E+3	2,735793E+0	3,009375E+3	1,366224E+0
3,010937E+3	1,688118E+0	3,010937E+3	2,769300E+0	3,010937E+3	1,686402E+0	3,010937E+3	2,777555E+0	3,010937E+3	1,714748E+0	3,010937E+3	2,786087E+0	3,010937E+3	1,817023E+0	3,010937E+3	2,640654E+0	3,010937E+3	2,164187E+0	3,010937E+3	2,243327E+0	3,010937E+3	2,514931E+0	3,010937E+3	1,844495E+0	3,010937E+3	2,800075E+0	3,010937E+3	1,435922E+0
3,012500E+3	1,714449E+0	3,012500E+3	2,796726E+0	3,012500E+3	1,687840E+0	3,012500E+3	2,795140E+0	3,012500E+3	1,709356E+0	3,012500E+3	2,778361E+0	3,012500E+3	1,819434E+0	3,012500E+3	2,643989E+0	3,012500E+3	2,189544E+0	3,012500E+3	2,234603E+0	3,012500E+3	2,543341E+0	3,012500E+3	1,851360E+0	3,012500E+3	2,773145E+0	3,012500E+3	1,449376E+0
3,014062E+3	1,698583E+0	3,014062E+3	2,808574E+0	3,014062E+3	1,702351E+0	3,014062E+3	2,817712E+0	3,014062E+3	1,735747E+0	3,014062E+3	2,788256E+0	3,014062E+3	1,828441E+0	3,014062E+3	2,668146E+0	3,014062E+3	2,215102E+0	3,014062E+3	2,267658E+0	3,014062E+3	2,541216E+0	3,014062E+3	1,861208E+0	3,014062E+3	2,715118E+0	3,014062E+3	1,438546E+0
3,015625E+3	1,709237E+0	3,015625E+3	2,818242E+0	3,015625E+3	1,717358E+0	3,015625E+3	2,844148E+0	3,015625E+3	1,734994E+0	3,015625E+3	2,800307E+0	3,015625E+3	1,830629E+0	3,015625E+3	2,698206E+0	3,015625E+3	2,238394E+0	3,015625E+3	2,323302E+0	3,015625E+3	2,541422E+0	3,015625E+3	1,859890E+0	3,015625E+3	2,725937E+0	3,015625E+3	1,442187E+0
3,017187E+3	1,712025E+0	3,017187E+3	2,867226E+0	3,017187E+3	1,737981E+0	3,017187E+3	2,872050E+0	3,017187E+3	1,755206E+0	3,017187E+3	2,844515E+0	3,017187E+3	1,848053E+0	3,017187E+3	2,733047E+0	3,017187E+3	2,182670E+0	3,017187E+3	2,286181E+0	3,017187E+3	2,488392E+0	3,017187E+3	1,857504E+0	3,017187E+3	2,834167E+0	3,017187E+3	1,423371E+0
3,018750E+3	1,736712E+0	3,018750E+3	2,901905E+0	3,018750E+3	1,748797E+0	3,018750E+3	2,865110E+0	3,018750E+3	1,769802E+0	3,018750E+3	2,863654E+0	3,018750E+3	1,883673E+0	3,018750E+3	2,741166E+0	3,018750E+3	2,224984E+0	3,018750E+3	2,334662E+0	3,018750E+3	2,519970E+0	3,018750E+3	1,843589E+0	3,018750E+3	2,799722E+0	3,018750E+3	1,432692E+0
3,020312E+3	1,761527E+0	3,020312E+3	2,887381E+0	3,020312E+3	1,743215E+0	3,020312E+3	2,874244E+0	3,020312E+3	1,776354E+0	3,020312E+3	2,867130E+0	3,020312E+3	1,876722E+0	3,020312E+3	2,730397E+0	3,020312E+3	2,254166E+0	3,020312E+3	2,329349E+0	3,020312E+3	2,534041E+0	3,020312E+3	1,878834E+0	3,020312E+3	2,804525E+0	3,020312E+3	1,435668E+0
3,021875E+3	1,791628E+0	3,021875E+3	2,908283E+0	3,021875E+3	1,791361E+0	3,021875E+3	2,919070E+0	3,021875E+3	1,798180E+0	3,021875E+3	2,891914E+0	3,021875E+3	1,897201E+0	3,021875E+3	2,751043E+0	3,021875E+3	2,273436E+0	3,021875E+3	2,299596E+0	3,021875E+3	2,582116E+0	3,021875E+3	1,893916E+0	3,021875E+3	2,815412E+0	3,021875E+3	1,441854E+0
3,023437E+3	1,783152E+0	3,023437E+3	2,947359E+0	3,023437E+3	1,783066E+0	3,023437E+3	2,926581E+0	3,023437E+3	1,804393E+0	3,023437E+3	2,917651E+0	3,023437E+3	1,900477E+0	3,023437E+3	2,768796E+0	3,023437E+3	2,287434E+0	3,023437E+3	2,305377E+0	3,023437E+3	2,593624E+0	3,023437E+3	1,898869E+0	3,023437E+3	2,816133E+0	3,023437E+3	1,435134E+0
3,025000E+3	1,788723E+0	3,025000E+3	2,939675E+0	3,025000E+3	1,785906E+0	3,025000E+3	2,943731E+0	3,025000E+3	1,814723E+0	3,025000E+3	2,921130E+0	3,025000E+3	1,919480E+0	3,025000E+3	2,804755E+0	3,025000E+3	2,267339E+0	3,025000E+3	2,329023E+0	3,025000E+3	2,553245E+0	3,025000E+3	1,918334E+0	3,025000E+3	2,808472E+0	3,025000E+3	1,455680E+0
3,026562E+3	1,824268E+0	3,026562E+3	2,977036E+0	3,026562E+3	1,828738E+0	3,026562E+3	2,969385E+0	3,026562E+3	1,839196E+0	3,026562E+3	2,931351E+0	3,026562E+3	1,947919E+0	3,026562E+3	2,810602E+0	3,026562E+3	2,279706E+0	3,026562E+3	2,336155E+0	3,026562E+3	2,580430E+0	3,026562E+3	1,906009E+0	3,026562E+3	2,785680E+0	3,026562E+3	1,450214E+0
3,028125E+3	1,830811E+0	3,028125E+3	2,965065E+0	3,028125E+3	1,832184E+0	3,028125E+3	2,967706E+0	3,028125E+3	1,842453E+0	3,028125E+3	2,971133E+0	3,028125E+3	1,949917E+0	3,028125E+3	2,825528E+0	3,028125E+3	2,318336E+0	3,028125E+3	2,322657E+0	3,028125E+3	2,622129E+0	3,028125E+3	1,917971E+0	3,028125E+3	2,857751E+0	3,028125E+3	1,426904E+0
3,029687E+3	1,858690E+0	3,029687E+3	3,006735E+0	3,029687E+3	1,853662E+0	3,029687E+3	3,004816E+0	3,029687E+3	1,856207E+0	3,029687E+3	2,988153E+0	3,029687E+3	1,982101E+0	3,029687E+3	2,816037E+0	3,029687E+3	2,323852E+0	3,029687E+3	2,347159E+0	3,029687E+3	2,615506E+0	3,029687E+3	1,912829E+0	3,029687E+3	2,862116E+0	3,029687E+3	1,457058E+0
3,031250E+3	1,859072E+0	3,031250E+3	3,006399E+0	3,031250E+3	1,846931E+0	3,031250E+3	3,025010E+0	3,031250E+3	1,881901E+0	3,031250E+3	3,006035E+0	3,031250E+3	1,995395E+0	3,031250E+3	2,852557E+0	3,031250E+3	2,324209E+0	3,031250E+3	2,374130E+0	3,031250E+3	2,639431E+0	3,031250E+3	1,915804E+0	3,031250E+3	2,800252E+0	3,031250E+3	1,479579E+0
3,032812E+3	1,855360E+0	3,032812E+3	3,008347E+0	3,032812E+3	1,869720E+0	3,032812E+3	3,030993E+0	3,032812E+3	1,883285E+0	3,032812E+3	3,015140E+0	3,032812E+3	1,983369E+0	3,032812E+3	2,879209E+0	3,032812E+3	2,327009E+0	3,032812E+3	2,409574E+0	3,032812E+3	2,634946E+0	3,032812E+3	1,961143E+0	3,032812E+3	2,822447E+0	3,032812E+3	1,429282E+0
3,034375E+3	1,879658E+0	3,034375E+3	3,028760E+0	3,034375E+3	1,888263E+0	3,034375E+3	3,040517E+0	3,034375E+3	1,900178E+0	3,034375E+3	3,035375E+0	3,034375E+3	2,019530E+0	3,034375E+3	2,904524E+0	3,034375E+3	2,341807E+0	3,034375E+3	2,419079E+0	3,034375E+3	2,652171E+0	3,034375E+3	1,922195E+0	3,034375E+3	2,839614E+0	3,034375E+3	1,375355E+0
3,035937E+3	1,920234E+0	3,035937E+3	3,084211E+0	3,035937E+3	1,926621E+0	3,035937E+3	3,075655E+0	3,035937E+3	1,937970E+0	3,035937E+3	3,032572E+0	3,035937E+3	2,028459E+0	3,035937E+3	2,918861E+0	3,035937E+3	2,370534E+0	3,035937E+3	2,437994E+0	3,035937E+3	2,632897E+0	3,035937E+3	1,926849E+0	3,035937E+3	2,932593E+0	3,035937E+3	1,518694E+0
3,037500E+3	1,895345E+0	3,037500E+3	3,094662E+0	3,037500E+3	1,919726E+0	3,037500E+3	3,079564E+0	3,037500E+3	1,950020E+0	3,037500E+3	3,075282E+0	3,037500E+3	2,050164E+0	3,037500E+3	2,930074E+0	3,037500E+3	2,364471E+0	3,037500E+3	2,425943E+0	3,037500E+3	2,624421E+0	3,037500E+3	1,978392E+0	3,037500E+3	2,827936E+0	3,037500E+3	1,507613E+0
3,039062E+3	1,951602E+0	3,039062E+3	3,109727E+0	3,039062E+3	1,945839E+0	3,039062E+3	3,111034E+0	3,039062E+3	1,961454E+0	3,039062E+3	3,082529E+0	3,039062E+3	2,052468E+0	3,039062E+3	2,945248E+0	3,039062E+3	2,414682E+0	3,039062E+3	2,405811E+0	3,039062E+3	2,637319E+0	3,039062E+3	1,967009E+0	3,039062E+3	2,871043E+0	3,039062E+3	1,489899E+0
3,040625E+3	1,969386E+0	3,040625E+3	3,121973E+0	3,040625E+3	1,948442E+0	3,040625E+3	3,123124E+0	3,040625E+3	1,992692E+0	3,040625E+3	3,103420E+0	3,040625E+3	2,072905E+0	3,040625E+3	2,975431E+0	3,040625E+3	2,447212E+0	3,040625E+3	2,458426E+0	3,040625E+3	2,641503E+0	3,040625E+3	1,929524E+0	3,040625E+3	2,893697E+0	3,040625E+3	1,474226E+0
3,042187E+3	1,965268E+0	3,042187E+3	3,149630E+0	3,042187E+3	1,967327E+0	3,042187E+3	3,162267E+0	3,042187E+3	1,990502E+0	3,042187E+3	3,126876E+0	3,042187E+3	2,075472E+0	3,042187E+3	2,993250E+0	3,042187E+3	2,450797E+0	3,042187E+3	2,481345E+0	3,042187E+3	2,701826E+0	3,042187E+3	1,967166E+0	3,042187E+3	2,884499E+0	3,042187E+3	1,524744E+0
3,043750E+3	1,989607E+0	3,043750E+3	3,166381E+0	3,043750E+3	1,999730E+0	3,043750E+3	3,179272E+0	3,043750E+3	2,010629E+0	3,043750E+3	3,137635E+0	3,043750E+3	2,114513E+0	3,043750E+3	3,017181E+0	3,043750E+3	2,423820E+0	3,043750E+3	2,499304E+0	3,043750E+3	2,752893E+0	3,043750E+3	2,015608E+0	3,043750E+3	2,926835E+0	3,043750E+3	1,468291E+0
3,045312E+3	2,004789E+0	3,045312E+3	3,172840E+0	3,045312E+3	2,008341E+0	3,045312E+3	3,199367E+0	3,045312E+3	2,048338E+0	3,045312E+3	3,174094E+0	3,045312E+3	2,137961E+0	3,045312E+3	3,022245E+0	3,045312E+3	2,447853E+0	3,045312E+3	2,496397E+0	3,045312E+3	2,759699E+0	3,045312E+3	2,029770E+0	3,045312E+3	2,888456E+0	3,045312E+3	1,490969E+0
3,046875E+3	2,003313E+0	3,046875E+3	3,189137E+0	3,046875E+3	2,029452E+0	3,046875E+3	3,236210E+0	3,046875E+3	2,045671E+0	3,046875E+3	3,180083E+0	3,046875E+3	2,127789E+0	3,046875E+3	3,042039E+0	3,046875E+3	2,485593E+0	3,046875E+3	2,519478E+0	3,046875E+3	2,791905E+0	3,046875E+3	1,964678E+0	3,046875E+3	2,895652E+0	3,046875E+3	1,543016E+0
3,048437E+3	2,023955E+0	3,048437E+3	3,268309E+0	3,048437E+3	2,067228E+0	3,048437E+3	3,254738E+0	3,048437E+3	2,067562E+0	3,048437E+3	3,217081E+0	3,048437E+3	2,165746E+0	3,048437E+3	3,053855E+0	3,048437E+3	2,515591E+0	3,048437E+3	2,519549E+0	3,048437E+3	2,804805E+0	3,048437E+3	1,949384E+0	3,048437E+3	2,936439E+0	3,048437E+3	1,537300E+0
3,050000E+3	2,069010E+0	3,050000E+3	3,249996E+0	3,050000E+3	2,052753E+0	3,050000E+3	3,260112E+0	3,050000E+3	2,102488E+0	3,050000E+3	3,254762E+0	3,050000E+3	2,185805E+0	3,050000E+3	3,064424E+0	3,050000E+3	2,527927E+0	3,050000E+3	2,524106E+0	3,050000E+3	2,741707E+0	3,050000E+3	2,007806E+0	3,050000E+3	2,956455E+0	3,050000E+3	1,517062E+0
3,051562E+3	2,086530E+0	3,051562E+3	3,291250E+0	3,051562E+3	2,053874E+0	3,051562E+3	3,292015E+0	3,051562E+3	2,117052E+0	3,051562E+3	3,248667E+0	3,051562E+3	2,194175E+0	3,051562E+3	3,104275E+0	3,051562E+3	2,532071E+0	3,051562E+3	2,517907E+0	3,051562E+3	2,758287E+0	3,051562E+3	2,047216E+0	3,051562E+3	3,033102E+0	3,051562E+3	1,459195E+0
3,053125E+3	2,090223E+0	3,053125E+3	3,308691E+0	3,053125E+3	2,134732E+0	3,053125E+3	3,312347E+0	3,053125E+3	2,109254E+0	3,053125E+3	3,273489E+0	3,053125E+3	2,225658E+0	3,053125E+3	3,124186E+0	3,053125E+3	2,527325E+0	3,053125E+3	2,527403E+0	3,053125E+3	2,788921E+0	3,053125E+3	2,062302E+0	3,053125E+3	2,944242E+0	3,053125E+3	1,444629E+0
3,054687E+3	2,120670E+0	3,054687E+3	3,334106E+0	3,054687E+3	2,134583E+0	3,054687E+3	3,322807E+0	3,054687E+3	2,126188E+0	3,054687E+3	3,306558E+0	3,054687E+3	2,246629E+0	3,054687E+3	3,130467E+0	3,054687E+3	2,562983E+0	3,054687E+3	2,558360E+0	3,054687E+3	2,805922E+0	3,054687E+3	2,089677E+0	3,054687E+3	2,949417E+0	3,054687E+3	1,470724E+0
3,056250E+3	2,235641E+0	3,056250E+3	3,373359E+0	3,056250E+3	2,165429E+0	3,056250E+3	3,336276E+0	3,056250E+3	2,192067E+0	3,056250E+3	3,320055E+0	3,056250E+3	2,275945E+0	3,056250E+3	3,140654E+0	3,056250E+3	2,570124E+0	3,056250E+3	2,579625E+0	3,056250E+3	2,863250E+0	3,056250E+3	2,054361E+0	3,056250E+3	2,989975E+0	3,056250E+3	1,525765E+0
3,057812E+3	2,269714E+0	3,057812E+3	3,417601E+0	3,057812E+3	2,213831E+0	3,057812E+3	3,429373E+0	3,057812E+3	2,211801E+0	3,057812E+3	3,345708E+0	3,057812E+3	2,294591E+0	3,057812E+3	3,158493E+0	3,057812E+3	2,571003E+0	3,057812E+3	2,579798E+0	3,057812E+3	2,896087E+0	3,057812E+3	1,955621E+0	3,057812E+3	2,988580E+0	3,057812E+3	1,501259E+0
3,059375E+3	2,217400E+0	3,059375E+3	3,407177E+0	3,059375E+3	2,246447E+0	3,059375E+3	3,423660E+0	3,059375E+3	2,222395E+0	3,059375E+3	3,355076E+0	3,059375E+3	2,285338E+0	3,059375E+3	3,176915E+0	3,059375E+3	2,613297E+0	3,059375E+3	2,651766E+0	3,059375E+3	2,884629E+0	3,059375E+3	1,969462E+0	3,059375E+3	2,957424E+0	3,059375E+3	1,524271E+0
3,060937E+3	2,229291E+0	3,060937E+3	3,419837E+0	3,060937E+3	2,185061E+0	3,060937E+3	3,385142E+0	3,060937E+3	2,241186E+0	3,060937E+3	3,387974E+0	3,060937E+3	2,325371E+0	3,060937E+3	3,214746E+0	3,060937E+3	2,623747E+0	3,060937E+3	2,629680E+0	3,060937E+3	2,865906E+0	3,060937E+3	2,013944E+0	3,060937E+3	3,003698E+0	3,060937E+3	1,601014E+0
3,062500E+3	2,134181E+0	3,062500E+3	3,365406E+0	3,062500E+3	2,202005E+0	3,062500E+3	3,385095E+0	3,062500E+3	2,257709E+0	3,062500E+3	3,416562E+0	3,062500E+3	2,338609E+0	3,062500E+3	3,218448E+0	3,062500E+3	2,644086E+0	3,062500E+3	2,619229E+0	3,062500E+3	2,904638E+0	3,062500E+3	2,117746E+0	3,062500E+3	3,083897E+0	3,062500E+3	1,564209E+0
3,064062E+3	2,161660E+0	3,064062E+3	3,433903E+0	3,064062E+3	2,277670E+0	3,064062E+3	3,424100E+0	3,064062E+3	2,289230E+0	3,064062E+3	3,431872E+0	3,064062E+3	2,388294E+0	3,064062E+3	3,263609E+0	3,064062E+3	2,728209E+0	3,064062E+3	2,642493E+0	3,064062E+3	2,887888E+0	3,064062E+3	2,070978E+0	3,064062E+3	3,049530E+0	3,064062E+3	1,493656E+0
3,065625E+3	2,287050E+0	3,065625E+3	3,494522E+0	3,065625E+3	2,281016E+0	3,065625E+3	3,488037E+0	3,065625E+3	2,333807E+0	3,065625E+3	3,443086E+0	3,065625E+3	2,409485E+0	3,065625E+3	3,277994E+0	3,065625E+3	2,674977E+0	3,065625E+3	2,654498E+0	3,065625E+3	2,885667E+0	3,065625E+3	2,042899E+0	3,065625E+3	3,084334E+0	3,065625E+3	1,553848E+0
3,067187E+3	2,325209E+0	3,067187E+3	3,515689E+0	3,067187E+3	2,327906E+0	3,067187E+3	3,518154E+0	3,067187E+3	2,351409E+0	3,067187E+3	3,462316E+0	3,067187E+3	2,419138E+0	3,067187E+3	3,287494E+0	3,067187E+3	2,628823E+0	3,067187E+3	2,688843E+0	3,067187E+3	2,954717E+0	3,067187E+3	1,994290E+0	3,067187E+3	3,031673E+0	3,067187E+3	1,507053E+0
3,068750E+3	2,338922E+0	3,068750E+3	3,530683E+0	3,068750E+3	2,320267E+0	3,068750E+3	3,530014E+0	3,068750E+3	2,355155E+0	3,068750E+3	3,491320E+0	3,068750E+3	2,458345E+0	3,068750E+3	3,281024E+0	3,068750E+3	2,703224E+0	3,068750E+3	2,703683E+0	3,068750E+3	2,973586E+0	3,068750E+3	1,965916E+0	3,068750E+3	3,105708E+0	3,068750E+3	1,443102E+0
3,070312E+3	2,368751E+0	3,070312E+3	3,550717E+0	3,070312E+3	2,357600E+0	3,070312E+3	3,558589E+0	3,070312E+3	2,418623E+0	3,070312E+3	3,529247E+0	3,070312E+3	2,445894E+0	3,070312E+3	3,346916E+0	3,070312E+3	2,751493E+0	3,070312E+3	2,714256E+0	3,070312E+3	2,960456E+0	3,070312E+3	1,992766E+0	3,070312E+3	3,146682E+0	3,070312E+3	1,394632E+0
3,071875E+3	2,386656E+0	3,071875E+3	3,585325E+0	3,071875E+3	2,439279E+0	3,071875E+3	3,573191E+0	3,071875E+3	2,418010E+0	3,071875E+3	3,571363E+0	3,071875E+3	2,485064E+0	3,071875E+3	3,365858E+0	3,071875E+3	2,823372E+0	3,071875E+3	2,707969E+0	3,071875E+3	3,013966E+0	3,071875E+3	2,025099E+0	3,071875E+3	3,143661E+0	3,071875E+3	1,335022E+0
3,073437E+3	2,395659E+0	3,073437E+3	3,594108E+0	3,073437E+3	2,442961E+0	3,073437E+3	3,586018E+0	3,073437E+3	2,410722E+0	3,073437E+3	3,574473E+0	3,073437E+3	2,507893E+0	3,073437E+3	3,353918E+0	3,073437E+3	2,843973E+0	3,073437E+3	2,667614E+0	3,073437E+3	3,112710E+0	3,073437E+3	2,026642E+0	3,073437E+3	3,248831E+0	3,073437E+3	1,380803E+0
3,075000E+3	2,398610E+0	3,075000E+3	3,585439E+0	3,075000E+3	2,470294E+0	3,075000E+3	3,649736E+0	3,075000E+3	2,487057E+0	3,075000E+3	3,573586E+0	3,075000E+3	2,551378E+0	3,075000E+3	3,371912E+0	3,075000E+3	2,928408E+0	3,075000E+3	2,629089E+0	3,075000E+3	3,109262E+0	3,075000E+3	2,142982E+0	3,075000E+3	3,185167E+0	3,075000E+3	1,504431E+0
3,076562E+3	2,439153E+0	3,076562E+3	3,668529E+0	3,076562E+3	2,499642E+0	3,076562E+3	3,655554E+0	3,076562E+3	2,537841E+0	3,076562E+3	3,621832E+0	3,076562E+3	2,578514E+0	3,076562E+3	3,371400E+0	3,076562E+3	2,880123E+0	3,076562E+3	2,673391E+0	3,076562E+3	2,998553E+0	3,076562E+3	2,039498E+0	3,076562E+3	3,163520E+0	3,076562E+3	1,499772E+0
3,078125E+3	2,515028E+0	3,078125E+3	3,634940E+0	3,078125E+3	2,530474E+0	3,078125E+3	3,660133E+0	3,078125E+3	2,551509E+0	3,078125E+3	3,615815E+0	3,078125E+3	2,602810E+0	3,078125E+3	3,410341E+0	3,078125E+3	2,922187E+0	3,078125E+3	2,690203E+0	3,078125E+3	3,152213E+0	3,078125E+3	1,913065E+0	3,078125E+3	3,189583E+0	3,078125E+3	1,462298E+0
3,079687E+3	2,572187E+0	3,079687E+3	3,655512E+0	3,079687E+3	2,563537E+0	3,079687E+3	3,706942E+0	3,079687E+3	2,559045E+0	3,079687E+3	3,636032E+0	3,079687E+3	2,623313E+0	3,079687E+3	3,455182E+0	3,079687E+3	2,996504E+0	3,079687E+3	2,748378E+0	3,079687E+3	3,135902E+0	3,079687E+3	1,964572E+0	3,079687E+3	3,246915E+0	3,079687E+3	1,498993E+0
3,081250E+3	2,597474E+0	3,081250E+3	3,668060E+0	3,081250E+3	2,587420E+0	3,081250E+3	3,715125E+0	3,081250E+3	2,603357E+0	3,081250E+3	3,690516E+0	3,081250E+3	2,639042E+0	3,081250E+3	3,473853E+0	3,081250E+3	3,044536E+0	3,081250E+3	2,737031E+0	3,081250E+3	3,081124E+0	3,081250E+3	1,968560E+0	3,081250E+3	3,281443E+0	3,081250E+3	1,487516E+0
3,082812E+3	2,663439E+0	3,082812E+3	3,644302E+0	3,082812E+3	2,636818E+0	3,082812E+3	3,736869E+0	3,082812E+3	2,669882E+0	3,082812E+3	3,704434E+0	3,082812E+3	2,731857E+0	3,082812E+3	3,465002E+0	3,082812E+3	3,049547E+0	3,082812E+3	2,794949E+0	3,082812E+3	3,241262E+0	3,082812E+3	2,012759E+0	3,082812E+3	3,262087E+0	3,082812E+3	1,301297E+0
3,084375E+3	2,690102E+0	3,084375E+3	3,683180E+0	3,084375E+3	2,653915E+0	3,084375E+3	3,778965E+0	3,084375E+3	2,667445E+0	3,084375E+3	3,733014E+0	3,084375E+3	2,769626E+0	3,084375E+3	3,531246E+0	3,084375E+3	2,973805E+0	3,084375E+3	2,747587E+0	3,084375E+3	3,322178E+0	3,084375E+3	1,993116E+0	3,084375E+3	3,199010E+0	3,084375E+3	1,320534E+0
3,085937E+3	2,677677E+0	3,085937E+3	3,780862E+0	3,085937E+3	2,677688E+0	3,085937E+3	3,811152E+0	3,085937E+3	2,701770E+0	3,085937E+3	3,735243E+0	3,085937E+3	2,819074E+0	3,085937E+3	3,511541E+0	3,085937E+3	3,003302E+0	3,085937E+3	2,772592E+0	3,085937E+3	3,235217E+0	3,085937E+3	1,948730E+0	3,085937E+3	3,280264E+0	3,085937E+3	1,402984E+0
3,087500E+3	2,731531E+0	3,087500E+3	3,850768E+0	3,087500E+3	2,723147E+0	3,087500E+3	3,818917E+0	3,087500E+3	2,758659E+0	3,087500E+3	3,772188E+0	3,087500E+3	2,823093E+0	3,087500E+3	3,535353E+0	3,087500E+3	3,069054E+0	3,087500E+3	2,778620E+0	3,087500E+3	3,190917E+0	3,087500E+3	1,966316E+0	3,087500E+3	3,409344E+0	3,087500E+3	1,343161E+0
3,089062E+3	2,795137E+0	3,089062E+3	3,869977E+0	3,089062E+3	2,760813E+0	3,089062E+3	3,830822E+0	3,089062E+3	2,765365E+0	3,089062E+3	3,810424E+0	3,089062E+3	2,863072E+0	3,089062E+3	3,580744E+0	3,089062E+3	3,121813E+0	3,089062E+3	2,771073E+0	3,089062E+3	3,261713E+0	3,089062E+3	2,020040E+0	3,089062E+3	3,474896E+0	3,089062E+3	1,441477E+0
3,090625E+3	2,767284E+0	3,090625E+3	3,880733E+0	3,090625E+3	2,771909E+0	3,090625E+3	3,876274E+0	3,090625E+3	2,809774E+0	3,090625E+3	3,838640E+0	3,090625E+3	2,922638E+0	3,090625E+3	3,597476E+0	3,090625E+3	3,099610E+0	3,090625E+3	2,768644E+0	3,090625E+3	3,384716E+0	3,090625E+3	1,959711E+0	3,090625E+3	3,402505E+0	3,090625E+3	1,487221E+0
3,092187E+3	2,836235E+0	3,092187E+3	3,850149E+0	3,092187E+3	2,810786E+0	3,092187E+3	3,923369E+0	3,092187E+3	2,847477E+0	3,092187E+3	3,841236E+0	3,092187E+3	2,926577E+0	3,092187E+3	3,650898E+0	3,092187E+3	3,174264E+0	3,092187E+3	2,814356E+0	3,092187E+3	3,284684E+0	3,092187E+3	2,013539E+0	3,092187E+3	3,442941E+0	3,092187E+3	1,454588E+0
3,093750E+3	2,861860E+0	3,093750E+3	3,842651E+0	3,093750E+3	2,904163E+0	3,093750E+3	3,960009E+0	3,093750E+3	2,920595E+0	3,093750E+3	3,900149E+0	3,093750E+3	3,003908E+0	3,093750E+3	3,616610E+0	3,093750E+3	3,202603E+0	3,093750E+3	2,826891E+0	3,093750E+3	3,296179E+0	3,093750E+3	2,093853E+0	3,093750E+3	3,352092E+0	3,093750E+3	1,362283E+0
3,095312E+3	2,953132E+0	3,095312E+3	3,890289E+0	3,095312E+3	2,927386E+0	3,095312E+3	3,976586E+0	3,095312E+3	2,931520E+0	3,095312E+3	3,919571E+0	3,095312E+3	3,015522E+0	3,095312E+3	3,657215E+0	3,095312E+3	3,181238E+0	3,095312E+3	2,786115E+0	3,095312E+3	3,450015E+0	3,095312E+3	2,124973E+0	3,095312E+3	3,404247E+0	3,095312E+3	1,272452E+0
3,096875E+3	2,988040E+0	3,096875E+3	3,994009E+0	3,096875E+3	2,991922E+0	3,096875E+3	3,968454E+0	3,096875E+3	2,953003E+0	3,096875E+3	3,943081E+0	3,096875E+3	3,014275E+0	3,096875E+3	3,672863E+0	3,096875E+3	3,253422E+0	3,096875E+3	2,832272E+0	3,096875E+3	3,410136E+0	3,096875E+3	2,184530E+0	3,096875E+3	3,407775E+0	3,096875E+3	1,312628E+0
3,098437E+3	2,947553E+0	3,098437E+3	4,015326E+0	3,098437E+3	2,997389E+0	3,098437E+3	3,996875E+0	3,098437E+3	3,000520E+0	3,098437E+3	3,946378E+0	3,098437E+3	3,092637E+0	3,098437E+3	3,667396E+0	3,098437E+3	3,309500E+0	3,098437E+3	2,716747E+0	3,098437E+3	3,365881E+0	3,098437E+3	2,152709E+0	3,098437E+3	3,484777E+0	3,098437E+3	1,335342E+0
3,100000E+3	3,026811E+0	3,100000E+3	4,096818E+0	3,100000E+3	3,034714E+0	3,100000E+3	4,053586E+0	3,100000E+3	3,070112E+0	3,100000E+3	3,974718E+0	3,100000E+3	3,158335E+0	3,100000E+3	3,724780E+0	3,100000E+3	3,317696E+0	3,100000E+3	2,746594E+0	3,100000E+3	3,448467E+0	3,100000E+3	2,003066E+0	3,100000E+3	3,667469E+0	3,100000E+3	1,269554E+0
3,101562E+3	3,110812E+0	3,101562E+3	4,124152E+0	3,101562E+3	3,111387E+0	3,101562E+3	4,048322E+0	3,101562E+3	3,102717E+0	3,101562E+3	3,999047E+0	3,101562E+3	3,168396E+0	3,101562E+3	3,790704E+0	3,101562E+3	3,353311E+0	3,101562E+3	2,760859E+0	3,101562E+3	3,645623E+0	3,101562E+3	2,050026E+0	3,101562E+3	3,736845E+0	3,101562E+3	1,319166E+0
3,103125E+3	3,119450E+0	3,103125E+3	4,017531E+0	3,103125E+3	3,153912E+0	3,103125E+3	4,079219E+0	3,103125E+3	3,110301E+0	3,103125E+3	4,044985E+0	3,103125E+3	3,241960E+0	3,103125E+3	3,814736E+0	3,103125E+3	3,440895E+0	3,103125E+3	2,821584E+0	3,103125E+3	3,488919E+0	3,103125E+3	2,146590E+0	3,103125E+3	3,644133E+0	3,103125E+3	1,304006E+0
3,104687E+3	3,172741E+0	3,104687E+3	4,013164E+0	3,104687E+3	3,161830E+0	3,104687E+3	4,108124E+0	3,104687E+3	3,228786E+0	3,104687E+3	4,090355E+0	3,104687E+3	3,187701E+0	3,104687E+3	3,848758E+0	3,104687E+3	3,451932E+0	3,104687E+3	2,801819E+0	3,104687E+3	3,588896E+0	3,104687E+3	2,102484E+0	3,104687E+3	3,516779E+0	3,104687E+3	1,438360E+0
3,106250E+3	3,279273E+0	3,106250E+3	4,111773E+0	3,106250E+3	3,258406E+0	3,106250E+3	4,155463E+0	3,106250E+3	3,235550E+0	3,106250E+3	4,095333E+0	3,106250E+3	3,282925E+0	3,106250E+3	3,875746E+0	3,106250E+3	3,482960E+0	3,106250E+3	2,810675E+0	3,106250E+3	3,600075E+0	3,106250E+3	2,064712E+0	3,106250E+3	3,731424E+0	3,106250E+3	1,415773E+0
3,107812E+3	3,306997E+0	3,107812E+3	4,150342E+0	3,107812E+3	3,254105E+0	3,107812E+3	4,158892E+0	3,107812E+3	3,245140E+0	3,107812E+3	4,093149E+0	3,107812E+3	3,278545E+0	3,107812E+3	3,861173E+0	3,107812E+3	3,507263E+0	3,107812E+3	2,826087E+0	3,107812E+3	3,711217E+0	3,107812E+3	2,155126E+0	3,107812E+3	3,622391E+0	3,107812E+3	1,284454E+0
3,109375E+3	3,355673E+0	3,109375E+3	4,105463E+0	3,109375E+3	3,306691E+0	3,109375E+3	4,182640E+0	3,109375E+3	3,327603E+0	3,109375E+3	4,104534E+0	3,109375E+3	3,359857E+0	3,109375E+3	3,839431E+0	3,109375E+3	3,528315E+0	3,109375E+3	2,895703E+0	3,109375E+3	3,754852E+0	3,109375E+3	2,181972E+0	3,109375E+3	3,556243E+0	3,109375E+3	1,261882E+0
3,110937E+3	3,331212E+0	3,110937E+3	4,235237E+0	3,110937E+3	3,347755E+0	3,110937E+3	4,198118E+0	3,110937E+3	3,391085E+0	3,110937E+3	4,162107E+0	3,110937E+3	3,405694E+0	3,110937E+3	3,845167E+0	3,110937E+3	3,584794E+0	3,110937E+3	2,865546E+0	3,110937E+3	3,913428E+0	3,110937E+3	2,082541E+0	3,110937E+3	3,677992E+0	3,110937E+3	1,355573E+0
3,112500E+3	3,409799E+0	3,112500E+3	4,237432E+0	3,112500E+3	3,408783E+0	3,112500E+3	4,242429E+0	3,112500E+3	3,406338E+0	3,112500E+3	4,190121E+0	3,112500E+3	3,453067E+0	3,112500E+3	3,874961E+0	3,112500E+3	3,719616E+0	3,112500E+3	2,860126E+0	3,112500E+3	3,860732E+0	3,112500E+3	2,128865E+0	3,112500E+3	3,735099E+0	3,112500E+3	1,341402E+0
3,114062E+3	3,553197E+0	3,114062E+3	4,181289E+0	3,114062E+3	3,417033E+0	3,114062E+3	4,202359E+0	3,114062E+3	3,454146E+0	3,114062E+3	4,212621E+0	3,114062E+3	3,486518E+0	3,114062E+3	3,905436E+0	3,114062E+3	3,749784E+0	3,114062E+3	2,946087E+0	3,114062E+3	3,775871E+0	3,114062E+3	2,269419E+0	3,114062E+3	3,646315E+0	3,114062E+3	1,365561E+0
3,115625E+3	3,588672E+0	3,115625E+3	4,268366E+0	3,115625E+3	3,542884E+0	3,115625E+3	4,274552E+0	3,115625E+3	3,515971E+0	3,115625E+3	4,195913E+0	3,115625E+3	3,589380E+0	3,115625E+3	3,908996E+0	3,115625E+3	3,838697E+0	3,115625E+3	2,968062E+0	3,115625E+3	3,734052E+0	3,115625E+3	2,133343E+0	3,115625E+3	3,717829E+0	3,115625E+3	1,359502E+0
3,117187E+3	3,678874E+0	3,117187E+3	4,346376E+0	3,117187E+3	3,609682E+0	3,117187E+3	4,353545E+0	3,117187E+3	3,597881E+0	3,117187E+3	4,251850E+0	3,117187E+3	3,632786E+0	3,117187E+3	3,936990E+0	3,117187E+3	3,773658E+0	3,117187E+3	2,851842E+0	3,117187E+3	3,868735E+0	3,117187E+3	2,196989E+0	3,117187E+3	3,728167E+0	3,117187E+3	1,369395E+0
3,118750E+3	3,678031E+0	3,118750E+3	4,337690E+0	3,118750E+3	3,669107E+0	3,118750E+3	4,337488E+0	3,118750E+3	3,638540E+0	3,118750E+3	4,264502E+0	3,118750E+3	3,732307E+0	3,118750E+3	3,999665E+0	3,118750E+3	3,753745E+0	3,118750E+3	3,015710E+0	3,118750E+3	3,922528E+0	3,118750E+3	2,225044E+0	3,118750E+3	3,675954E+0	3,118750E+3	1,369915E+0
3,120312E+3	3,720682E+0	3,120312E+3	4,368750E+0	3,120312E+3	3,657321E+0	3,120312E+3	4,355789E+0	3,120312E+3	3,699253E+0	3,120312E+3	4,302866E+0	3,120312E+3	3,691505E+0	3,120312E+3	4,000029E+0	3,120312E+3	3,773855E+0	3,120312E+3	3,120348E+0	3,120312E+3	4,006211E+0	3,120312E+3	2,136138E+0	3,120312E+3	3,846917E+0	3,120312E+3	1,259364E+0
3,121875E+3	3,676729E+0	3,121875E+3	4,384471E+0	3,121875E+3	3,685170E+0	3,121875E+3	4,370144E+0	3,121875E+3	3,748165E+0	3,121875E+3	4,347874E+0	3,121875E+3	3,830715E+0	3,121875E+3	3,999028E+0	3,121875E+3	3,938363E+0	3,121875E+3	3,111904E+0	3,121875E+3	3,986551E+0	3,121875E+3	2,201011E+0	3,121875E+3	3,985989E+0	3,121875E+3	1,262810E+0
3,123437E+3	3,681832E+0	3,123437E+3	4,473702E+0	3,123437E+3	3,771893E+0	3,123437E+3	4,374052E+0	3,123437E+3	3,819345E+0	3,123437E+3	4,383920E+0	3,123437E+3	3,891564E+0	3,123437E+3	3,951994E+0	3,123437E+3	3,944633E+0	3,123437E+3	3,047150E+0	3,123437E+3	3,920009E+0	3,123437E+3	2,159662E+0	3,123437E+3	4,034257E+0	3,123437E+3	1,236211E+0
3,125000E+3	3,897040E+0	3,125000E+3	4,496180E+0	3,125000E+3	3,829370E+0	3,125000E+3	4,392823E+0	3,125000E+3	3,885408E+0	3,125000E+3	4,357455E+0	3,125000E+3	3,884631E+0	3,125000E+3	4,016624E+0	3,125000E+3	3,983157E+0	3,125000E+3	3,079071E+0	3,125000E+3	3,952675E+0	3,125000E+3	1,993294E+0	3,125000E+3	4,014880E+0	3,125000E+3	1,122740E+0
3,126562E+3	3,923159E+0	3,126562E+3	4,453589E+0	3,126562E+3	3,933959E+0	3,126562E+3	4,428307E+0	3,126562E+3	3,940258E+0	3,126562E+3	4,350673E+0	3,126562E+3	4,000371E+0	3,126562E+3	4,056585E+0	3,126562E+3	4,092433E+0	3,126562E+3	3,015346E+0	3,126562E+3	4,025829E+0	3,126562E+3	2,060836E+0	3,126562E+3	3,918031E+0	3,126562E+3	1,129669E+0
3,128125E+3	3,956237E+0	3,128125E+3	4,443050E+0	3,128125E+3	3,937974E+0	3,128125E+3	4,437654E+0	3,128125E+3	3,963654E+0	3,128125E+3	4,399656E+0	3,128125E+3	4,024447E+0	3,128125E+3	4,125933E+0	3,128125E+3	4,200918E+0	3,128125E+3	3,094394E+0	3,128125E+3	3,969590E+0	3,128125E+3	2,115610E+0	3,128125E+3	3,825874E+0	3,128125E+3	1,270170E+0
3,129687E+3	4,045052E+0	3,129687E+3	4,542775E+0	3,129687E+3	4,062175E+0	3,129687E+3	4,405266E+0	3,129687E+3	4,057100E+0	3,129687E+3	4,452702E+0	3,129687E+3	4,126260E+0	3,129687E+3	4,208844E+0	3,129687E+3	4,160437E+0	3,129687E+3	3,084657E+0	3,129687E+3	3,928056E+0	3,129687E+3	2,172162E+0	3,129687E+3	4,069885E+0	3,129687E+3	1,304370E+0
3,131250E+3	4,015763E+0	3,131250E+3	4,438095E+0	3,131250E+3	4,168469E+0	3,131250E+3	4,467149E+0	3,131250E+3	4,111610E+0	3,131250E+3	4,473693E+0	3,131250E+3	4,132930E+0	3,131250E+3	4,192095E+0	3,131250E+3	4,216555E+0	3,131250E+3	3,061933E+0	3,131250E+3	4,003011E+0	3,131250E+3	2,098502E+0	3,131250E+3	4,156347E+0	3,131250E+3	1,041422E+0
3,132812E+3	4,181239E+0	3,132812E+3	4,542440E+0	3,132812E+3	4,128432E+0	3,132812E+3	4,568662E+0	3,132812E+3	4,207698E+0	3,132812E+3	4,483183E+0	3,132812E+3	4,219353E+0	3,132812E+3	4,168698E+0	3,132812E+3	4,382777E+0	3,132812E+3	3,124066E+0	3,132812E+3	4,079164E+0	3,132812E+3	2,032025E+0	3,132812E+3	4,169636E+0	3,132812E+3	9,629209E-1
3,134375E+3	4,274979E+0	3,134375E+3	4,614149E+0	3,134375E+3	4,215329E+0	3,134375E+3	4,670061E+0	3,134375E+3	4,277654E+0	3,134375E+3	4,496551E+0	3,134375E+3	4,245522E+0	3,134375E+3	4,154843E+0	3,134375E+3	4,327003E+0	3,134375E+3	3,079438E+0	3,134375E+3	4,185587E+0	3,134375E+3	2,080702E+0	3,134375E+3	4,091369E+0	3,134375E+3	1,057675E+0
3,135937E+3	4,390487E+0	3,135937E+3	4,555168E+0	3,135937E+3	4,310623E+0	3,135937E+3	4,604678E+0	3,135937E+3	4,277277E+0	3,135937E+3	4,524895E+0	3,135937E+3	4,292380E+0	3,135937E+3	4,110873E+0	3,135937E+3	4,287572E+0	3,135937E+3	3,065755E+0	3,135937E+3	4,236595E+0	3,135937E+3	2,058192E+0	3,135937E+3	4,099018E+0	3,135937E+3	1,152984E+0
3,137500E+3	4,364308E+0	3,137500E+3	4,562850E+0	3,137500E+3	4,316206E+0	3,137500E+3	4,573438E+0	3,137500E+3	4,405494E+0	3,137500E+3	4,553128E+0	3,137500E+3	4,279427E+0	3,137500E+3	4,171597E+0	3,137500E+3	4,273160E+0	3,137500E+3	3,073078E+0	3,137500E+3	4,371308E+0	3,137500E+3	2,052943E+0	3,137500E+3	4,153451E+0	3,137500E+3	1,118131E+0
3,139062E+3	4,487864E+0	3,139062E+3	4,604962E+0	3,139062E+3	4,487009E+0	3,139062E+3	4,585240E+0	3,139062E+3	4,460836E+0	3,139062E+3	4,518742E+0	3,139062E+3	4,427041E+0	3,139062E+3	4,157837E+0	3,139062E+3	4,272390E+0	3,139062E+3	3,115783E+0	3,139062E+3	4,368203E+0	3,139062E+3	2,104191E+0	3,139062E+3	4,126901E+0	3,139062E+3	1,114910E+0
3,140625E+3	4,570515E+0	3,140625E+3	4,722368E+0	3,140625E+3	4,511733E+0	3,140625E+3	4,624466E+0	3,140625E+3	4,577146E+0	3,140625E+3	4,579625E+0	3,140625E+3	4,569110E+0	3,140625E+3	4,207919E+0	3,140625E+3	4,365267E+0	3,140625E+3	3,080792E+0	3,140625E+3	4,314472E+0	3,140625E+3	2,025472E+0	3,140625E+3	4,159161E+0	3,140625E+3	1,111197E+0
3,142187E+3	4,603593E+0	3,142187E+3	4,674583E+0	3,142187E+3	4,593000E+0	3,142187E+3	4,621354E+0	3,142187E+3	4,590972E+0	3,142187E+3	4,586737E+0	3,142187E+3	4,595835E+0	3,142187E+3	4,264479E+0	3,142187E+3	4,462378E+0	3,142187E+3	2,993941E+0	3,142187E+3	4,282692E+0	3,142187E+3	2,108534E+0	3,142187E+3	4,131269E+0	3,142187E+3	1,106270E+0
3,143750E+3	4,691325E+0	3,143750E+3	4,631191E+0	3,143750E+3	4,732072E+0	3,143750E+3	4,610274E+0	3,143750E+3	4,621215E+0	3,143750E+3	4,613543E+0	3,143750E+3	4,627095E+0	3,143750E+3	4,242844E+0	3,143750E+3	4,551664E+0	3,143750E+3	2,929731E+0	3,143750E+3	4,365149E+0	3,143750E+3	2,001811E+0	3,143750E+3	4,056030E+0	3,143750E+3	1,208469E+0
3,145312E+3	4,787521E+0	3,145312E+3	4,641480E+0	3,145312E+3	4,761947E+0	3,145312E+3	4,670612E+0	3,145312E+3	4,787281E+0	3,145312E+3	4,648046E+0	3,145312E+3	4,737636E+0	3,145312E+3	4,280109E+0	3,145312E+3	4,659854E+0	3,145312E+3	2,943392E+0	3,145312E+3	4,473477E+0	3,145312E+3	2,060025E+0	3,145312E+3	4,142944E+0	3,145312E+3	1,149203E+0
3,146875E+3	4,870233E+0	3,146875E+3	4,552922E+0	3,146875E+3	4,876603E+0	3,146875E+3	4,679787E+0	3,146875E+3	4,880525E+0	3,146875E+3	4,594861E+0	3,146875E+3	4,772858E+0	3,146875E+3	4,246718E+0	3,146875E+3	4,687348E+0	3,146875E+3	2,956488E+0	3,146875E+3	4,534458E+0	3,146875E+3	2,088959E+0	3,146875E+3	4,229928E+0	3,146875E+3	1,149173E+0
3,148437E+3	4,915908E+0	3,148437E+3	4,701669E+0	3,148437E+3	4,899704E+0	3,148437E+3	4,693802E+0	3,148437E+3	4,949419E+0	3,148437E+3	4,659663E+0	3,148437E+3	4,883876E+0	3,148437E+3	4,269896E+0	3,148437E+3	4,686325E+0	3,148437E+3	3,034757E+0	3,148437E+3	4,461196E+0	3,148437E+3	1,931249E+0	3,148437E+3	4,232743E+0	3,148437E+3	1,140388E+0
3,150000E+3	4,995059E+0	3,150000E+3	4,818305E+0	3,150000E+3	5,007598E+0	3,150000E+3	4,739907E+0	3,150000E+3	4,999057E+0	3,150000E+3	4,700636E+0	3,150000E+3	4,964998E+0	3,150000E+3	4,309769E+0	3,150000E+3	4,779733E+0	3,150000E+3	3,031995E+0	3,150000E+3	4,577850E+0	3,150000E+3	1,995307E+0	3,150000E+3	4,167177E+0	3,150000E+3	1,056865E+0
3,151562E+3	5,037278E+0	3,151562E+3	4,768607E+0	3,151562E+3	5,185571E+0	3,151562E+3	4,689033E+0	3,151562E+3	5,116114E+0	3,151562E+3	4,706764E+0	3,151562E+3	5,047690E+0	3,151562E+3	4,252709E+0	3,151562E+3	4,902339E+0	3,151562E+3	3,040344E+0	3,151562E+3	4,602902E+0	3,151562E+3	2,035395E+0	3,151562E+3	4,111017E+0	3,151562E+3	1,086372E+0
3,153125E+3	5,309110E+0	3,153125E+3	4,743284E+0	3,153125E+3	5,195847E+0	3,153125E+3	4,720788E+0	3,153125E+3	5,190248E+0	3,153125E+3	4,713295E+0	3,153125E+3	5,123759E+0	3,153125E+3	4,247177E+0	3,153125E+3	4,885346E+0	3,153125E+3	3,044820E+0	3,153125E+3	4,543146E+0	3,153125E+3	2,004829E+0	3,153125E+3	4,228919E+0	3,153125E+3	1,033779E+0
3,154687E+3	5,309426E+0	3,154687E+3	4,744045E+0	3,154687E+3	5,254171E+0	3,154687E+3	4,780402E+0	3,154687E+3	5,257527E+0	3,154687E+3	4,713170E+0	3,154687E+3	5,153049E+0	3,154687E+3	4,259016E+0	3,154687E+3	4,913965E+0	3,154687E+3	2,986318E+0	3,154687E+3	4,586129E+0	3,154687E+3	1,986100E+0	3,154687E+3	4,326635E+0	3,154687E+3	1,048205E+0
3,156250E+3	5,352876E+0	3,156250E+3	4,805673E+0	3,156250E+3	5,440030E+0	3,156250E+3	4,755392E+0	3,156250E+3	5,309425E+0	3,156250E+3	4,685576E+0	3,156250E+3	5,124403E+0	3,156250E+3	4,243698E+0	3,156250E+3	4,916995E+0	3,156250E+3	2,985587E+0	3,156250E+3	4,604217E+0	3,156250E+3	1,988911E+0	3,156250E+3	4,295956E+0	3,156250E+3	1,146142E+0
3,157812E+3	5,571604E+0	3,157812E+3	4,835057E+0	3,157812E+3	5,475455E+0	3,157812E+3	4,761154E+0	3,157812E+3	5,491524E+0	3,157812E+3	4,696498E+0	3,157812E+3	5,383339E+0	3,157812E+3	4,238559E+0	3,157812E+3	5,007645E+0	3,157812E+3	3,007102E+0	3,157812E+3	4,643962E+0	3,157812E+3	1,935015E+0	3,157812E+3	4,387782E+0	3,157812E+3	1,050605E+0
3,159375E+3	5,596398E+0	3,159375E+3	4,767711E+0	3,159375E+3	5,505522E+0	3,159375E+3	4,810959E+0	3,159375E+3	5,616393E+0	3,159375E+3	4,688824E+0	3,159375E+3	5,433984E+0	3,159375E+3	4,258774E+0	3,159375E+3	5,020394E+0	3,159375E+3	2,975043E+0	3,159375E+3	4,713231E+0	3,159375E+3	1,876382E+0	3,159375E+3	4,385423E+0	3,159375E+3	1,059592E+0
3,160937E+3	5,664232E+0	3,160937E+3	4,755910E+0	3,160937E+3	5,579798E+0	3,160937E+3	4,748751E+0	3,160937E+3	5,693105E+0	3,160937E+3	4,693741E+0	3,160937E+3	5,452771E+0	3,160937E+3	4,256473E+0	3,160937E+3	5,119296E+0	3,160937E+3	2,906530E+0	3,160937E+3	4,772895E+0	3,160937E+3	1,927999E+0	3,160937E+3	4,338376E+0	3,160937E+3	1,151557E+0
3,162500E+3	5,751827E+0	3,162500E+3	4,819670E+0	3,162500E+3	5,774042E+0	3,162500E+3	4,738270E+0	3,162500E+3	5,697289E+0	3,162500E+3	4,709147E+0	3,162500E+3	5,584159E+0	3,162500E+3	4,272865E+0	3,162500E+3	5,166982E+0	3,162500E+3	2,853012E+0	3,162500E+3	4,740582E+0	3,162500E+3	1,929115E+0	3,162500E+3	4,342132E+0	3,162500E+3	9,709502E-1
3,164062E+3	5,752993E+0	3,164062E+3	4,822129E+0	3,164062E+3	5,882595E+0	3,164062E+3	4,811646E+0	3,164062E+3	5,791845E+0	3,164062E+3	4,611265E+0	3,164062E+3	5,699552E+0	3,164062E+3	4,328777E+0	3,164062E+3	5,231549E+0	3,164062E+3	2,967640E+0	3,164062E+3	4,780636E+0	3,164062E+3	1,811151E+0	3,164062E+3	4,298019E+0	3,164062E+3	1,025476E+0
3,165625E+3	6,035602E+0	3,165625E+3	4,821152E+0	3,165625E+3	5,876673E+0	3,165625E+3	4,807037E+0	3,165625E+3	5,907672E+0	3,165625E+3	4,655587E+0	3,165625E+3	5,756024E+0	3,165625E+3	4,297400E+0	3,165625E+3	5,265739E+0	3,165625E+3	2,971819E+0	3,165625E+3	4,733833E+0	3,165625E+3	1,824634E+0	3,165625E+3	4,273448E+0	3,165625E+3	1,023597E+0
3,167187E+3	6,179016E+0	3,167187E+3	4,751752E+0	3,167187E+3	6,131804E+0	3,167187E+3	4,768569E+0	3,167187E+3	6,102062E+0	3,167187E+3	4,679646E+0	3,167187E+3	5,854886E+0	3,167187E+3	4,277251E+0	3,167187E+3	5,354861E+0	3,167187E+3	2,932805E+0	3,167187E+3	4,785232E+0	3,167187E+3	1,797273E+0	3,167187E+3	4,452276E+0	3,167187E+3	1,159386E+0
3,168750E+3	6,147801E+0	3,168750E+3	4,734042E+0	3,168750E+3	6,146158E+0	3,168750E+3	4,781751E+0	3,168750E+3	6,171106E+0	3,168750E+3	4,623230E+0	3,168750E+3	5,928741E+0	3,168750E+3	4,246636E+0	3,168750E+3	5,379988E+0	3,168750E+3	2,781313E+0	3,168750E+3	4,906753E+0	3,168750E+3	1,791388E+0	3,168750E+3	4,561565E+0	3,168750E+3	1,126895E+0
3,170312E+3	6,326123E+0	3,170312E+3	4,745675E+0	3,170312E+3	6,287584E+0	3,170312E+3	4,761435E+0	3,170312E+3	6,183773E+0	3,170312E+3	4,618647E+0	3,170312E+3	6,101677E+0	3,170312E+3	4,185977E+0	3,170312E+3	5,331482E+0	3,170312E+3	2,881823E+0	3,170312E+3	4,992717E+0	3,170312E+3	1,776825E+0	3,170312E+3	4,374320E+0	3,170312E+3	1,085728E+0
3,171875E+3	6,364431E+0	3,171875E+3	4,711417E+0	3,171875E+3	6,371585E+0	3,171875E+3	4,732705E+0	3,171875E+3	6,366836E+0	3,171875E+3	4,578839E+0	3,171875E+3	6,117672E+0	3,171875E+3	4,195661E+0	3,171875E+3	5,409611E+0	3,171875E+3	2,918063E+0	3,171875E+3	4,910396E+0	3,171875E+3	1,821442E+0	3,171875E+3	4,402930E+0	3,171875E+3	1,109002E+0
3,173437E+3	6,440086E+0	3,173437E+3	4,663653E+0	3,173437E+3	6,453945E+0	3,173437E+3	4,722378E+0	3,173437E+3	6,380572E+0	3,173437E+3	4,650072E+0	3,173437E+3	6,289005E+0	3,173437E+3	4,177879E+0	3,173437E+3	5,519213E+0	3,173437E+3	2,910772E+0	3,173437E+3	4,901727E+0	3,173437E+3	1,787042E+0	3,173437E+3	4,550217E+0	3,173437E+3	9,975025E-1
3,175000E+3	6,615553E+0	3,175000E+3	4,738613E+0	3,175000E+3	6,618396E+0	3,175000E+3	4,682709E+0	3,175000E+3	6,532628E+0	3,175000E+3	4,606555E+0	3,175000E+3	6,320634E+0	3,175000E+3	4,209850E+0	3,175000E+3	5,632545E+0	3,175000E+3	2,778059E+0	3,175000E+3	5,080981E+0	3,175000E+3	1,826114E+0	3,175000E+3	4,603507E+0	3,175000E+3	9,345528E-1
3,176562E+3	7,030508E+0	3,176562E+3	4,563808E+0	3,176562E+3	6,690965E+0	3,176562E+3	4,648148E+0	3,176562E+3	6,564262E+0	3,176562E+3	4,603305E+0	3,176562E+3	6,410541E+0	3,176562E+3	4,175913E+0	3,176562E+3	5,698281E+0	3,176562E+3	2,757164E+0	3,176562E+3	5,184909E+0	3,176562E+3	1,783131E+0	3,176562E+3	4,554954E+0	3,176562E+3	8,288935E-1
3,178125E+3	7,000458E+0	3,178125E+3	4,572545E+0	3,178125E+3	7,033168E+0	3,178125E+3	4,610678E+0	3,178125E+3	6,875136E+0	3,178125E+3	4,562245E+0	3,178125E+3	6,381212E+0	3,178125E+3	4,145447E+0	3,178125E+3	5,745675E+0	3,178125E+3	2,779191E+0	3,178125E+3	5,164551E+0	3,178125E+3	1,696867E+0	3,178125E+3	4,576111E+0	3,178125E+3	8,331641E-1
3,179687E+3	6,932781E+0	3,179687E+3	4,610062E+0	3,179687E+3	6,996656E+0	3,179687E+3	4,643085E+0	3,179687E+3	6,864267E+0	3,179687E+3	4,496382E+0	3,179687E+3	6,577140E+0	3,179687E+3	4,072968E+0	3,179687E+3	5,730152E+0	3,179687E+3	2,654348E+0	3,179687E+3	5,211579E+0	3,179687E+3	1,635869E+0	3,179687E+3	4,618420E+0	3,179687E+3	9,738606E-1
3,181250E+3	6,994085E+0	3,181250E+3	4,615254E+0	3,181250E+3	6,809148E+0	3,181250E+3	4,698510E+0	3,181250E+3	6,975275E+0	3,181250E+3	4,433028E+0	3,181250E+3	6,694251E+0	3,181250E+3	4,045593E+0	3,181250E+3	5,837013E+0	3,181250E+3	2,637519E+0	3,181250E+3	5,159426E+0	3,181250E+3	1,666038E+0	3,181250E+3	4,632333E+0	3,181250E+3	9,098059E-1
3,182812E+3	6,673232E+0	3,182812E+3	4,779143E+0	3,182812E+3	6,996235E+0	3,182812E+3	4,744174E+0	3,182812E+3	7,085637E+0	3,182812E+3	4,498832E+0	3,182812E+3	6,761339E+0	3,182812E+3	4,082424E+0	3,182812E+3	5,847187E+0	3,182812E+3	2,615680E+0	3,182812E+3	5,161278E+0	3,182812E+3	1,676103E+0	3,182812E+3	4,575524E+0	3,182812E+3	9,803502E-1
3,184375E+3	7,030795E+0	3,184375E+3	4,560575E+0	3,184375E+3	7,372760E+0	3,184375E+3	4,563421E+0	3,184375E+3	7,168616E+0	3,184375E+3	4,405892E+0	3,184375E+3	6,896266E+0	3,184375E+3	4,051874E+0	3,184375E+3	5,941672E+0	3,184375E+3	2,600499E+0	3,184375E+3	5,228521E+0	3,184375E+3	1,699787E+0	3,184375E+3	4,580282E+0	3,184375E+3	9,624827E-1
3,185937E+3	7,412581E+0	3,185937E+3	4,472981E+0	3,185937E+3	7,331165E+0	3,185937E+3	4,572013E+0	3,185937E+3	7,348621E+0	3,185937E+3	4,428056E+0	3,185937E+3	7,011223E+0	3,185937E+3	3,977944E+0	3,185937E+3	6,023093E+0	3,185937E+3	2,563274E+0	3,185937E+3	5,306726E+0	3,185937E+3	1,754422E+0	3,185937E+3	4,693601E+0	3,185937E+3	9,353938E-1
3,187500E+3	7,501986E+0	3,187500E+3	4,544222E+0	3,187500E+3	7,467228E+0	3,187500E+3	4,504021E+0	3,187500E+3	7,359282E+0	3,187500E+3	4,395393E+0	3,187500E+3	7,139107E+0	3,187500E+3	3,987509E+0	3,187500E+3	6,013145E+0	3,187500E+3	2,550672E+0	3,187500E+3	5,328153E+0	3,187500E+3	1,704693E+0	3,187500E+3	4,621086E+0	3,187500E+3	1,087057E+0
3,189062E+3	7,704490E+0	3,189062E+3	4,523312E+0	3,189062E+3	7,674566E+0	3,189062E+3	4,409879E+0	3,189062E+3	7,563526E+0	3,189062E+3	4,296561E+0	3,189062E+3	7,279607E+0	3,189062E+3	3,993702E+0	3,189062E+3	6,198402E+0	3,189062E+3	2,491452E+0	3,189062E+3	5,351201E+0	3,189062E+3	1,618319E+0	3,189062E+3	4,482171E+0	3,189062E+3	8,212558E-1
3,190625E+3	7,697568E+0	3,190625E+3	4,343907E+0	3,190625E+3	7,749328E+0	3,190625E+3	4,443012E+0	3,190625E+3	7,582138E+0	3,190625E+3	4,314154E+0	3,190625E+3	7,324928E+0	3,190625E+3	3,897994E+0	3,190625E+3	6,242224E+0	3,190625E+3	2,455863E+0	3,190625E+3	5,572021E+0	3,190625E+3	1,599127E+0	3,190625E+3	4,717457E+0	3,190625E+3	7,434537E-1
3,192187E+3	7,999943E+0	3,192187E+3	4,206350E+0	3,192187E+3	7,777016E+0	3,192187E+3	4,445876E+0	3,192187E+3	7,971375E+0	3,192187E+3	4,253362E+0	3,192187E+3	7,450589E+0	3,192187E+3	3,873260E+0	3,192187E+3	6,287616E+0	3,192187E+3	2,527241E+0	3,192187E+3	5,472119E+0	3,192187E+3	1,630575E+0	3,192187E+3	4,693561E+0	3,192187E+3	7,787537E-1
3,193750E+3	7,964513E+0	3,193750E+3	4,194024E+0	3,193750E+3	7,968144E+0	3,193750E+3	4,258453E+0	3,193750E+3	7,900026E+0	3,193750E+3	4,190318E+0	3,193750E+3	7,454581E+0	3,193750E+3	3,804939E+0	3,193750E+3	6,328064E+0	3,193750E+3	2,571774E+0	3,193750E+3	5,488683E+0	3,193750E+3	1,510456E+0	3,193750E+3	4,925468E+0	3,193750E+3	7,733083E-1
3,195312E+3	8,019848E+0	3,195312E+3	4,268181E+0	3,195312E+3	8,210776E+0	3,195312E+3	4,192023E+0	3,195312E+3	8,048503E+0	3,195312E+3	4,076576E+0	3,195312E+3	7,678653E+0	3,195312E+3	3,659075E+0	3,195312E+3	6,390350E+0	3,195312E+3	2,528453E+0	3,195312E+3	5,533834E+0	3,195312E+3	1,474381E+0	3,195312E+3	5,027656E+0	3,195312E+3	6,921307E-1
3,196875E+3	8,162571E+0	3,196875E+3	4,199023E+0	3,196875E+3	8,351234E+0	3,196875E+3	4,194900E+0	3,196875E+3	8,185581E+0	3,196875E+3	3,978718E+0	3,196875E+3	7,708944E+0	3,196875E+3	3,695552E+0	3,196875E+3	6,463966E+0	3,196875E+3	2,383000E+0	3,196875E+3	5,458752E+0	3,196875E+3	1,558541E+0	3,196875E+3	4,871817E+0	3,196875E+3	7,830616E-1
3,198437E+3	8,244240E+0	3,198437E+3	3,989469E+0	3,198437E+3	8,343578E+0	3,198437E+3	4,133763E+0	3,198437E+3	8,253663E+0	3,198437E+3	3,985642E+0	3,198437E+3	7,834133E+0	3,198437E+3	3,657473E+0	3,198437E+3	6,564112E+0	3,198437E+3	2,351038E+0	3,198437E+3	5,616954E+0	3,198437E+3	1,666874E+0	3,198437E+3	4,714506E+0	3,198437E+3	6,726092E-1
3,200000E+3	8,499345E+0	3,200000E+3	3,820135E+0	3,200000E+3	8,446826E+0	3,200000E+3	4,082080E+0	3,200000E+3	8,369494E+0	3,200000E+3	3,987725E+0	3,200000E+3	7,814281E+0	3,200000E+3	3,599035E+0	3,200000E+3	6,521229E+0	3,200000E+3	2,341956E+0	3,200000E+3	5,775584E+0	3,200000E+3	1,476015E+0	3,200000E+3	4,761502E+0	3,200000E+3	7,264408E-1
3,201562E+3	8,693002E+0	3,201562E+3	3,963585E+0	3,201562E+3	8,624633E+0	3,201562E+3	4,021981E+0	3,201562E+3	8,517434E+0	3,201562E+3	3,915608E+0	3,201562E+3	7,870710E+0	3,201562E+3	3,501828E+0	3,201562E+3	6,573049E+0	3,201562E+3	2,223383E+0	3,201562E+3	5,680434E+0	3,201562E+3	1,395233E+0	3,201562E+3	4,883485E+0	3,201562E+3	6,411912E-1
3,203125E+3	8,802610E+0	3,203125E+3	3,794540E+0	3,203125E+3	8,743199E+0	3,203125E+3	3,880331E+0	3,203125E+3	8,660086E+0	3,203125E+3	3,757893E+0	3,203125E+3	8,123787E+0	3,203125E+3	3,438442E+0	3,203125E+3	6,783687E+0	3,203125E+3	2,189787E+0	3,203125E+3	5,683999E+0	3,203125E+3	1,410835E+0	3,203125E+3	4,930305E+0	3,203125E+3	7,448572E-1
3,204687E+3	8,749985E+0	3,204687E+3	3,814497E+0	3,204687E+3	8,765230E+0	3,204687E+3	3,797235E+0	3,204687E+3	8,744449E+0	3,204687E+3	3,761384E+0	3,204687E+3	8,075178E+0	3,204687E+3	3,412011E+0	3,204687E+3	6,773049E+0	3,204687E+3	2,264510E+0	3,204687E+3	5,644221E+0	3,204687E+3	1,462621E+0	3,204687E+3	5,039821E+0	3,204687E+3	7,854199E-1
3,206250E+3	9,022173E+0	3,206250E+3	3,709024E+0	3,206250E+3	8,997034E+0	3,206250E+3	3,713843E+0	3,206250E+3	8,857451E+0	3,206250E+3	3,759181E+0	3,206250E+3	8,360065E+0	3,206250E+3	3,175651E+0	3,206250E+3	6,784075E+0	3,206250E+3	2,181823E+0	3,206250E+3	5,757990E+0	3,206250E+3	1,426893E+0	3,206250E+3	4,909207E+0	3,206250E+3	4,691234E-1
3,207812E+3	9,031176E+0	3,207812E+3	3,538717E+0	3,207812E+3	9,162252E+0	3,207812E+3	3,533480E+0	3,207812E+3	9,005610E+0	3,207812E+3	3,634723E+0	3,207812E+3	8,574062E+0	3,207812E+3	3,073698E+0	3,207812E+3	6,940735E+0	3,207812E+3	2,137923E+0	3,207812E+3	5,774426E+0	3,207812E+3	1,122148E+0	3,207812E+3	4,947651E+0	3,207812E+3	5,987358E-1
3,209375E+3	9,304765E+0	3,209375E+3	3,474788E+0	3,209375E+3	9,257482E+0	3,209375E+3	3,496270E+0	3,209375E+3	9,202153E+0	3,209375E+3	3,415442E+0	3,209375E+3	8,541034E+0	3,209375E+3	3,047963E+0	3,209375E+3	7,089493E+0	3,209375E+3	2,098352E+0	3,209375E+3	5,813069E+0	3,209375E+3	1,188085E+0	3,209375E+3	4,995590E+0	3,209375E+3	7,466818E-1
3,210937E+3	9,316254E+0	3,210937E+3	3,544410E+0	3,210937E+3	9,180028E+0	3,210937E+3	3,526526E+0	3,210937E+3	9,324007E+0	3,210937E+3	3,377882E+0	3,210937E+3	8,711263E+0	3,210937E+3	3,033583E+0	3,210937E+3	7,250402E+0	3,210937E+3	2,086915E+0	3,210937E+3	5,926876E+0	3,210937E+3	1,201438E+0	3,210937E+3	5,010874E+0	3,210937E+3	7,206502E-1
3,212500E+3	9,461952E+0	3,212500E+3	3,218029E+0	3,212500E+3	9,452894E+0	3,212500E+3	3,261686E+0	3,212500E+3	9,338436E+0	3,212500E+3	3,297646E+0	3,212500E+3	8,807171E+0	3,212500E+3	3,100408E+0	3,212500E+3	7,214065E+0	3,212500E+3	1,901241E+0	3,212500E+3	5,818368E+0	3,212500E+3	1,169447E+0	3,212500E+3	5,002534E+0	3,212500E+3	6,968880E-1
3,214062E+3	9,614703E+0	3,214062E+3	3,158059E+0	3,214062E+3	9,656972E+0	3,214062E+3	3,195027E+0	3,214062E+3	9,470255E+0	3,214062E+3	3,163026E+0	3,214062E+3	8,952820E+0	3,214062E+3	2,911834E+0	3,214062E+3	7,219990E+0	3,214062E+3	1,810406E+0	3,214062E+3	5,888926E+0	3,214062E+3	1,137647E+0	3,214062E+3	5,204022E+0	3,214062E+3	5,286302E-1
3,215625E+3	1,000526E+1	3,215625E+3	3,158242E+0	3,215625E+3	9,702686E+0	3,215625E+3	3,127048E+0	3,215625E+3	9,657528E+0	3,215625E+3	2,969815E+0	3,215625E+3	8,988427E+0	3,215625E+3	2,789279E+0	3,215625E+3	7,055774E+0	3,215625E+3	1,782016E+0	3,215625E+3	6,000543E+0	3,215625E+3	1,020310E+0	3,215625E+3	5,120091E+0	3,215625E+3	5,617378E-1
3,217187E+3	1,000125E+1	3,217187E+3	2,765960E+0	3,217187E+3	9,856501E+0	3,217187E+3	2,948216E+0	3,217187E+3	9,691154E+0	3,217187E+3	2,947944E+0	3,217187E+3	9,015511E+0	3,217187E+3	2,617184E+0	3,217187E+3	7,243070E+0	3,217187E+3	1,960216E+0	3,217187E+3	5,920791E+0	3,217187E+3	1,102088E+0	3,217187E+3	5,209597E+0	3,217187E+3	6,191506E-1
3,218750E+3	9,873421E+0	3,218750E+3	2,813687E+0	3,218750E+3	9,843568E+0	3,218750E+3	2,899712E+0	3,218750E+3	9,756169E+0	3,218750E+3	2,835489E+0	3,218750E+3	9,064931E+0	3,218750E+3	2,587000E+0	3,218750E+3	7,352719E+0	3,218750E+3	1,886616E+0	3,218750E+3	6,019486E+0	3,218750E+3	1,236003E+0	3,218750E+3	5,197053E+0	3,218750E+3	5,335840E-1
3,220312E+3	1,003685E+1	3,220312E+3	2,821291E+0	3,220312E+3	1,006836E+1	3,220312E+3	2,864519E+0	3,220312E+3	9,830503E+0	3,220312E+3	2,743352E+0	3,220312E+3	9,236864E+0	3,220312E+3	2,468862E+0	3,220312E+3	7,369850E+0	3,220312E+3	1,567999E+0	3,220312E+3	6,053175E+0	3,220312E+3	9,472538E-1	3,220312E+3	4,999976E+0	3,220312E+3	2,636048E-1
3,221875E+3	1,040252E+1	3,221875E+3	2,499143E+0	3,221875E+3	1,030741E+1	3,221875E+3	2,539896E+0	3,221875E+3	9,928429E+0	3,221875E+3	2,456633E+0	3,221875E+3	9,325669E+0	3,221875E+3	2,387639E+0	3,221875E+3	7,237587E+0	3,221875E+3	1,591992E+0	3,221875E+3	6,064326E+0	3,221875E+3	6,772091E-1	3,221875E+3	4,984631E+0	3,221875E+3	2,738173E-1
3,223437E+3	1,026159E+1	3,223437E+3	2,351146E+0	3,223437E+3	1,028665E+1	3,223437E+3	2,384385E+0	3,223437E+3	1,009803E+1	3,223437E+3	2,412729E+0	3,223437E+3	9,327570E+0	3,223437E+3	2,129457E+0	3,223437E+3	7,283047E+0	3,223437E+3	1,635810E+0	3,223437E+3	6,093509E+0	3,223437E+3	8,780740E-1	3,223437E+3	5,075846E+0	3,223437E+3	1,897474E-1
3,225000E+3	1,027223E+1	3,225000E+3	2,228016E+0	3,225000E+3	1,030678E+1	3,225000E+3	2,378968E+0	3,225000E+3	1,021063E+1	3,225000E+3	2,319601E+0	3,225000E+3	9,272668E+0	3,225000E+3	2,235013E+0	3,225000E+3	7,493068E+0	3,225000E+3	1,443299E+0	3,225000E+3	6,045967E+0	3,225000E+3	7,986173E-1	3,225000E+3	5,173944E+0	3,225000E+3	2,408819E-1
3,226562E+3	1,025603E+1	3,226562E+3	2,179126E+0	3,226562E+3	1,035952E+1	3,226562E+3	2,152611E+0	3,226562E+3	1,033355E+1	3,226562E+3	2,123022E+0	3,226562E+3	9,559544E+0	3,226562E+3	2,312754E+0	3,226562E+3	7,505163E+0	3,226562E+3	1,383399E+0	3,226562E+3	6,149389E+0	3,226562E+3	7,767847E-1	3,226562E+3	5,010580E+0	3,226562E+3	1,434673E-1
3,228125E+3	1,046481E+1	3,228125E+3	2,024453E+0	3,228125E+3	1,042055E+1	3,228125E+3	2,057979E+0	3,228125E+3	1,036102E+1	3,228125E+3	1,964814E+0	3,228125E+3	9,645396E+0	3,228125E+3	1,964089E+0	3,228125E+3	7,377574E+0	3,228125E+3	1,234842E+0	3,228125E+3	6,170564E+0	3,228125E+3	8,179818E-1	3,228125E+3	5,088800E+0	3,228125E+3	7,082485E-2
3,229687E+3	1,051183E+1	3,229687E+3	1,758678E+0	3,229687E+3	1,058312E+1	3,229687E+3	1,805382E+0	3,229687E+3	1,041572E+1	3,229687E+3	1,842119E+0	3,229687E+3	9,752734E+0	3,229687E+3	1,729664E+0	3,229687E+3	7,675930E+0	3,229687E+3	9,661540E-1	3,229687E+3	6,017270E+0	3,229687E+3	7,510785E-1	3,229687E+3	5,226133E+0	3,229687E+3	1,825986E-1
3,231250E+3	1,048446E+1	3,231250E+3	1,707156E+0	3,231250E+3	1,066999E+1	3,231250E+3	1,745993E+0	3,231250E+3	1,060120E+1	3,231250E+3	1,512133E+0	3,231250E+3	9,838891E+0	3,231250E+3	1,757349E+0	3,231250E+3	7,525558E+0	3,231250E+3	9,635882E-1	3,231250E+3	6,192716E+0	3,231250E+3	5,201231E-1	3,231250E+3	5,287086E+0	3,231250E+3	3,780450E-1
3,232812E+3	1,072751E+1	3,232812E+3	1,559551E+0	3,232812E+3	1,091560E+1	3,232812E+3	1,509168E+0	3,232812E+3	1,053131E+1	3,232812E+3	1,571786E+0	3,232812E+3	9,742683E+0	3,232812E+3	1,437185E+0	3,232812E+3	7,835632E+0	3,232812E+3	9,141317E-1	3,232812E+3	6,551055E+0	3,232812E+3	4,206589E-1	3,232812E+3	5,158907E+0	3,232812E+3	2,144653E-1
3,234375E+3	1,073388E+1	3,234375E+3	1,482769E+0	3,234375E+3	1,081117E+1	3,234375E+3	1,413071E+0	3,234375E+3	1,054927E+1	3,234375E+3	1,333744E+0	3,234375E+3	9,795286E+0	3,234375E+3	1,453832E+0	3,234375E+3	7,831171E+0	3,234375E+3	1,153627E+0	3,234375E+3	6,628943E+0	3,234375E+3	5,745070E-1	3,234375E+3	5,160824E+0	3,234375E+3	1,497847E-1
3,235937E+3	1,091690E+1	3,235937E+3	1,267149E+0	3,235937E+3	1,079627E+1	3,235937E+3	1,303988E+0	3,235937E+3	1,078532E+1	3,235937E+3	1,375918E+0	3,235937E+3	1,004577E+1	3,235937E+3	1,454958E+0	3,235937E+3	7,941641E+0	3,235937E+3	1,158822E+0	3,235937E+3	6,525281E+0	3,235937E+3	6,228687E-1	3,235937E+3	5,393883E+0	3,235937E+3	1,758350E-2
3,237500E+3	1,104049E+1	3,237500E+3	3,204184E-1	3,237500E+3	1,095929E+1	3,237500E+3	9,978314E-1	3,237500E+3	1,091665E+1	3,237500E+3	1,087904E+0	3,237500E+3	1,003258E+1	3,237500E+3	1,302432E+0	3,237500E+3	8,065247E+0	3,237500E+3	8,273538E-1	3,237500E+3	6,403223E+0	3,237500E+3	4,301598E-1	3,237500E+3	5,472018E+0	3,237500E+3	6,538359E-2
3,239062E+3	1,103367E+1	3,239062E+3	7,220507E-1	3,239062E+3	1,102223E+1	3,239062E+3	8,016851E-1	3,239062E+3	1,087532E+1	3,239062E+3	8,774633E-1	3,239062E+3	1,009758E+1	3,239062E+3	1,255831E+0	3,239062E+3	8,077876E+0	3,239062E+3	7,317180E-1	3,239062E+3	6,291853E+0	3,239062E+3	3,276749E-1	3,239062E+3	5,354877E+0	3,239062E+3	2,498273E-1
3,240625E+3	1,105876E+1	3,240625E+3	6,216262E-1	3,240625E+3	1,106752E+1	3,240625E+3	8,355198E-1	3,240625E+3	1,086914E+1	3,240625E+3	7,599964E-1	3,240625E+3	1,014982E+1	3,240625E+3	9,440948E-1	3,240625E+3	7,909160E+0	3,240625E+3	5,998857E-1	3,240625E+3	6,394636E+0	3,240625E+3	1,936141E-1	3,240625E+3	5,346004E+0	3,240625E+3	1,275350E-1
3,242187E+3	1,105348E+1	3,242187E+3	9,526199E-1	3,242187E+3	1,123715E+1	3,242187E+3	5,674540E-1	3,242187E+3	1,103573E+1	3,242187E+3	5,416054E-1	3,242187E+3	1,020893E+1	3,242187E+3	8,247277E-1	3,242187E+3	8,008253E+0	3,242187E+3	5,442146E-1	3,242187E+3	6,299108E+0	3,242187E+3	2,014160E-1	3,242187E+3	5,553518E+0	3,242187E+3	-1,884587E-1
3,243750E+3	1,119790E+1	3,243750E+3	9,996882E-1	3,243750E+3	1,114431E+1	3,243750E+3	3,168076E-1	3,243750E+3	1,111284E+1	3,243750E+3	4,136632E-1	3,243750E+3	1,032072E+1	3,243750E+3	6,366185E-1	3,243750E+3	7,963263E+0	3,243750E+3	4,350137E-1	3,243750E+3	6,280446E+0	3,243750E+3	4,408156E-1	3,243750E+3	5,417179E+0	3,243750E+3	-3,889543E-2
3,245312E+3	1,093064E+1	3,245312E+3	1,963551E-1	3,245312E+3	1,129655E+1	3,245312E+3	4,261237E-1	3,245312E+3	1,091515E+1	3,245312E+3	1,431698E-1	3,245312E+3	1,048913E+1	3,245312E+3	4,020855E-1	3,245312E+3	7,990483E+0	3,245312E+3	3,815146E-1	3,245312E+3	6,271074E+0	3,245312E+3	3,090167E-1	3,245312E+3	5,582168E+0	3,245312E+3	-1,084436E-1
3,246875E+3	1,107507E+1	3,246875E+3	2,406661E-2	3,246875E+3	1,149570E+1	3,246875E+3	7,900966E-2	3,246875E+3	1,110248E+1	3,246875E+3	1,568348E-1	3,246875E+3	1,043556E+1	3,246875E+3	1,108247E-1	3,246875E+3	7,981704E+0	3,246875E+3	2,562799E-1	3,246875E+3	6,650450E+0	3,246875E+3	-1,280024E-2	3,246875E+3	5,473247E+0	3,246875E+3	-2,147993E-1
3,248437E+3	1,104076E+1	3,248437E+3	-3,322456E-1	3,248437E+3	1,128713E+1	3,248437E+3	-1,354109E-1	3,248437E+3	1,110179E+1	3,248437E+3	-7,867885E-2	3,248437E+3	1,044183E+1	3,248437E+3	8,826900E-2	3,248437E+3	7,911767E+0	3,248437E+3	1,755573E-1	3,248437E+3	6,963915E+0	3,248437E+3	1,433263E-1	3,248437E+3	5,484964E+0	3,248437E+3	-2,023409E-2
3,250000E+3	1,102053E+1	3,250000E+3	-1,984271E-1	3,250000E+3	1,119772E+1	3,250000E+3	-3,487463E-1	3,250000E+3	1,121598E+1	3,250000E+3	-3,177295E-1	3,250000E+3	1,048385E+1	3,250000E+3	-8,448794E-2	3,250000E+3	8,121954E+0	3,250000E+3	3,465612E-2	3,250000E+3	6,694298E+0	3,250000E+3	-4,866877E-2	3,250000E+3	5,442803E+0	3,250000E+3	-1,540846E-1
3,251562E+3	1,119354E+1	3,251562E+3	-3,178312E-1	3,251562E+3	1,125961E+1	3,251562E+3	-3,772602E-1	3,251562E+3	1,118956E+1	3,251562E+3	-4,372838E-1	3,251562E+3	1,039476E+1	3,251562E+3	-3,626135E-1	3,251562E+3	8,033111E+0	3,251562E+3	1,232852E-1	3,251562E+3	6,622935E+0	3,251562E+3	-1,120242E-1	3,251562E+3	5,454847E+0	3,251562E+3	-2,839790E-1
3,253125E+3	1,124534E+1	3,253125E+3	-3,572788E-1	3,253125E+3	1,125706E+1	3,253125E+3	-6,258504E-1	3,253125E+3	1,117495E+1	3,253125E+3	-6,443964E-1	3,253125E+3	1,046677E+1	3,253125E+3	-3,580282E-1	3,253125E+3	8,181919E+0	3,253125E+3	9,582443E-2	3,253125E+3	6,668698E+0	3,253125E+3	-1,548257E-1	3,253125E+3	5,515316E+0	3,253125E+3	-2,559488E-1
3,254687E+3	1,130969E+1	3,254687E+3	-7,480705E-1	3,254687E+3	1,123886E+1	3,254687E+3	-8,342207E-1	3,254687E+3	1,117857E+1	3,254687E+3	-7,520245E-1	3,254687E+3	1,044004E+1	3,254687E+3	-5,379332E-1	3,254687E+3	7,880165E+0	3,254687E+3	-1,556436E-1	3,254687E+3	6,621279E+0	3,254687E+3	-1,115901E-1	3,254687E+3	5,359395E+0	3,254687E+3	-4,497588E-1
3,256250E+3	1,135451E+1	3,256250E+3	-1,095136E+0	3,256250E+3	1,128458E+1	3,256250E+3	-9,277322E-1	3,256250E+3	1,114833E+1	3,256250E+3	-1,002258E+0	3,256250E+3	1,033186E+1	3,256250E+3	-5,678180E-1	3,256250E+3	7,925613E+0	3,256250E+3	-7,465290E-2	3,256250E+3	6,664182E+0	3,256250E+3	-7,102746E-2	3,256250E+3	5,266354E+0	3,256250E+3	-5,998963E-1
3,257812E+3	1,116431E+1	3,257812E+3	-1,178086E+0	3,257812E+3	1,107981E+1	3,257812E+3	-1,139607E+0	3,257812E+3	1,113884E+1	3,257812E+3	-9,832578E-1	3,257812E+3	1,038794E+1	3,257812E+3	-6,904398E-1	3,257812E+3	8,083363E+0	3,257812E+3	-9,959215E-2	3,257812E+3	6,641182E+0	3,257812E+3	-3,300747E-1	3,257812E+3	5,401801E+0	3,257812E+3	-5,648131E-1
3,259375E+3	1,108917E+1	3,259375E+3	-1,181795E+0	3,259375E+3	1,117892E+1	3,259375E+3	-1,226285E+0	3,259375E+3	1,113244E+1	3,259375E+3	-1,239375E+0	3,259375E+3	1,039761E+1	3,259375E+3	-9,039373E-1	3,259375E+3	8,250657E+0	3,259375E+3	-2,031772E-1	3,259375E+3	6,800418E+0	3,259375E+3	-2,371818E-1	3,259375E+3	5,529357E+0	3,259375E+3	-5,112044E-1
3,260937E+3	1,150319E+1	3,260937E+3	-1,396622E+0	3,260937E+3	1,122664E+1	3,260937E+3	-1,624945E+0	3,260937E+3	1,108119E+1	3,260937E+3	-1,383801E+0	3,260937E+3	1,051872E+1	3,260937E+3	-9,117219E-1	3,260937E+3	8,252064E+0	3,260937E+3	-4,879910E-1	3,260937E+3	6,700365E+0	3,260937E+3	-2,137435E-1	3,260937E+3	5,381779E+0	3,260937E+3	-8,069027E-1
3,262500E+3	1,164002E+1	3,262500E+3	-2,030905E+0	3,262500E+3	1,115108E+1	3,262500E+3	-1,669958E+0	3,262500E+3	1,099946E+1	3,262500E+3	-1,634544E+0	3,262500E+3	1,050505E+1	3,262500E+3	-1,049778E+0	3,262500E+3	8,341429E+0	3,262500E+3	-8,405140E-1	3,262500E+3	6,649006E+0	3,262500E+3	-3,284427E-1	3,262500E+3	5,406908E+0	3,262500E+3	-4,422553E-1
3,264062E+3	1,124449E+1	3,264062E+3	-1,931667E+0	3,264062E+3	1,124581E+1	3,264062E+3	-1,779820E+0	3,264062E+3	1,105742E+1	3,264062E+3	-1,621600E+0	3,264062E+3	1,043016E+1	3,264062E+3	-1,117035E+0	3,264062E+3	8,330167E+0	3,264062E+3	-5,962196E-1	3,264062E+3	6,866023E+0	3,264062E+3	-5,902594E-1	3,264062E+3	5,568901E+0	3,264062E+3	-5,808887E-1
3,265625E+3	1,137062E+1	3,265625E+3	-1,929210E+0	3,265625E+3	1,111336E+1	3,265625E+3	-1,931828E+0	3,265625E+3	1,089010E+1	3,265625E+3	-1,807193E+0	3,265625E+3	1,024425E+1	3,265625E+3	-1,471073E+0	3,265625E+3	8,421197E+0	3,265625E+3	-7,490426E-1	3,265625E+3	6,958519E+0	3,265625E+3	-8,673315E-1	3,265625E+3	5,683867E+0	3,265625E+3	-3,676599E-1
3,267187E+3	1,121403E+1	3,267187E+3	-2,389373E+0	3,267187E+3	1,112561E+1	3,267187E+3	-1,983191E+0	3,267187E+3	1,104871E+1	3,267187E+3	-2,098768E+0	3,267187E+3	1,036331E+1	3,267187E+3	-1,616099E+0	3,267187E+3	8,363547E+0	3,267187E+3	-9,338751E-1	3,267187E+3	6,706582E+0	3,267187E+3	-7,761985E-1	3,267187E+3	5,705513E+0	3,267187E+3	-2,848253E-1
3,268750E+3	1,100902E+1	3,268750E+3	-2,497240E+0	3,268750E+3	1,105267E+1	3,268750E+3	-2,351599E+0	3,268750E+3	1,091275E+1	3,268750E+3	-2,187656E+0	3,268750E+3	1,027746E+1	3,268750E+3	-1,587112E+0	3,268750E+3	8,263562E+0	3,268750E+3	-1,027753E+0	3,268750E+3	6,526758E+0	3,268750E+3	-6,564508E-1	3,268750E+3	5,548708E+0	3,268750E+3	-4,874382E-1
3,270312E+3	1,085919E+1	3,270312E+3	-2,314973E+0	3,270312E+3	1,105555E+1	3,270312E+3	-2,352069E+0	3,270312E+3	1,072300E+1	3,270312E+3	-2,281339E+0	3,270312E+3	1,030943E+1	3,270312E+3	-1,903296E+0	3,270312E+3	8,241291E+0	3,270312E+3	-9,308583E-1	3,270312E+3	6,524344E+0	3,270312E+3	-5,623273E-1	3,270312E+3	5,610253E+0	3,270312E+3	-7,863267E-1
3,271875E+3	1,098687E+1	3,271875E+3	-2,414625E+0	3,271875E+3	1,083596E+1	3,271875E+3	-2,574754E+0	3,271875E+3	1,078070E+1	3,271875E+3	-2,429663E+0	3,271875E+3	1,028081E+1	3,271875E+3	-2,012015E+0	3,271875E+3	8,187926E+0	3,271875E+3	-8,796577E-1	3,271875E+3	6,792463E+0	3,271875E+3	-8,347227E-1	3,271875E+3	5,564468E+0	3,271875E+3	-9,575402E-1
3,273437E+3	1,106653E+1	3,273437E+3	-2,806422E+0	3,273437E+3	1,091859E+1	3,273437E+3	-2,585133E+0	3,273437E+3	1,076060E+1	3,273437E+3	-2,609029E+0	3,273437E+3	1,025867E+1	3,273437E+3	-2,285976E+0	3,273437E+3	8,064901E+0	3,273437E+3	-1,043465E+0	3,273437E+3	6,961449E+0	3,273437E+3	-7,198628E-1	3,273437E+3	5,536666E+0	3,273437E+3	-7,716088E-1
3,275000E+3	1,087820E+1	3,275000E+3	-2,866510E+0	3,275000E+3	1,088711E+1	3,275000E+3	-2,832603E+0	3,275000E+3	1,067762E+1	3,275000E+3	-2,600242E+0	3,275000E+3	1,023932E+1	3,275000E+3	-2,434396E+0	3,275000E+3	8,277628E+0	3,275000E+3	-1,137016E+0	3,275000E+3	6,890250E+0	3,275000E+3	-6,694535E-1	3,275000E+3	5,746136E+0	3,275000E+3	-9,339372E-1
3,276562E+3	1,074725E+1	3,276562E+3	-3,089730E+0	3,276562E+3	1,069568E+1	3,276562E+3	-3,074348E+0	3,276562E+3	1,047312E+1	3,276562E+3	-3,015061E+0	3,276562E+3	1,021736E+1	3,276562E+3	-2,411475E+0	3,276562E+3	8,383261E+0	3,276562E+3	-1,114148E+0	3,276562E+3	6,844413E+0	3,276562E+3	-7,569306E-1	3,276562E+3	5,693475E+0	3,276562E+3	-9,995410E-1
3,278125E+3	1,085694E+1	3,278125E+3	-3,094095E+0	3,278125E+3	1,069352E+1	3,278125E+3	-3,075498E+0	3,278125E+3	1,051913E+1	3,278125E+3	-3,015201E+0	3,278125E+3	1,015150E+1	3,278125E+3	-2,432446E+0	3,278125E+3	8,225855E+0	3,278125E+3	-1,248711E+0	3,278125E+3	6,690956E+0	3,278125E+3	-1,153084E+0	3,278125E+3	5,480262E+0	3,278125E+3	-9,699542E-1
3,279687E+3	1,080092E+1	3,279687E+3	-3,327759E+0	3,279687E+3	1,053618E+1	3,279687E+3	-3,247164E+0	3,279687E+3	1,051493E+1	3,279687E+3	-3,066529E+0	3,279687E+3	9,999525E+0	3,279687E+3	-2,719606E+0	3,279687E+3	8,350088E+0	3,279687E+3	-1,542589E+0	3,279687E+3	6,709193E+0	3,279687E+3	-9,492976E-1	3,279687E+3	5,770169E+0	3,279687E+3	-8,078259E-1
3,281250E+3	1,040874E+1	3,281250E+3	-3,261251E+0	3,281250E+3	1,049934E+1	3,281250E+3	-3,285758E+0	3,281250E+3	1,051639E+1	3,281250E+3	-3,318494E+0	3,281250E+3	9,994063E+0	3,281250E+3	-2,807453E+0	3,281250E+3	8,092517E+0	3,281250E+3	-1,556179E+0	3,281250E+3	6,967846E+0	3,281250E+3	-9,135874E-1	3,281250E+3	5,750786E+0	3,281250E+3	-7,654454E-1
3,282812E+3	1,037945E+1	3,282812E+3	-3,325894E+0	3,282812E+3	1,044652E+1	3,282812E+3	-3,502545E+0	3,282812E+3	1,035626E+1	3,282812E+3	-3,380153E+0	3,282812E+3	1,001707E+1	3,282812E+3	-2,819276E+0	3,282812E+3	8,120205E+0	3,282812E+3	-1,568968E+0	3,282812E+3	7,001483E+0	3,282812E+3	-1,011328E+0	3,282812E+3	5,641923E+0	3,282812E+3	-8,558263E-1
3,284375E+3	1,046155E+1	3,284375E+3	-3,426295E+0	3,284375E+3	1,042550E+1	3,284375E+3	-3,761881E+0	3,284375E+3	1,034011E+1	3,284375E+3	-3,514874E+0	3,284375E+3	9,817096E+0	3,284375E+3	-3,077126E+0	3,284375E+3	8,182405E+0	3,284375E+3	-1,833658E+0	3,284375E+3	6,880998E+0	3,284375E+3	-1,062376E+0	3,284375E+3	5,582268E+0	3,284375E+3	-9,614263E-1
3,285937E+3	1,023775E+1	3,285937E+3	-3,719812E+0	3,285937E+3	1,052993E+1	3,285937E+3	-3,774709E+0	3,285937E+3	1,026315E+1	3,285937E+3	-3,729703E+0	3,285937E+3	9,927844E+0	3,285937E+3	-3,229849E+0	3,285937E+3	8,194177E+0	3,285937E+3	-1,902883E+0	3,285937E+3	6,801132E+0	3,285937E+3	-1,121737E+0	3,285937E+3	5,664673E+0	3,285937E+3	-1,026260E+0
3,287500E+3	1,027058E+1	3,287500E+3	-4,158088E+0	3,287500E+3	1,038757E+1	3,287500E+3	-4,021564E+0	3,287500E+3	1,026456E+1	3,287500E+3	-3,731889E+0	3,287500E+3	9,785304E+0	3,287500E+3	-3,321526E+0	3,287500E+3	8,208471E+0	3,287500E+3	-1,746385E+0	3,287500E+3	6,762955E+0	3,287500E+3	-1,167286E+0	3,287500E+3	5,647223E+0	3,287500E+3	-9,607477E-1
3,289062E+3	1,007788E+1	3,289062E+3	-4,130825E+0	3,289062E+3	1,028861E+1	3,289062E+3	-4,032512E+0	3,289062E+3	1,019317E+1	3,289062E+3	-3,934067E+0	3,289062E+3	9,801740E+0	3,289062E+3	-3,233303E+0	3,289062E+3	8,229808E+0	3,289062E+3	-1,944880E+0	3,289062E+3	6,681978E+0	3,289062E+3	-1,461364E+0	3,289062E+3	5,695237E+0	3,289062E+3	-1,141804E+0
3,290625E+3	1,010043E+1	3,290625E+3	-4,050898E+0	3,290625E+3	1,024576E+1	3,290625E+3	-4,173975E+0	3,290625E+3	1,004379E+1	3,290625E+3	-3,913994E+0	3,290625E+3	9,765182E+0	3,290625E+3	-3,389795E+0	3,290625E+3	8,095624E+0	3,290625E+3	-1,956881E+0	3,290625E+3	6,704517E+0	3,290625E+3	-1,582243E+0	3,290625E+3	5,528599E+0	3,290625E+3	-1,156684E+0
3,292187E+3	9,949285E+0	3,292187E+3	-4,229067E+0	3,292187E+3	9,996065E+0	3,292187E+3	-4,144986E+0	3,292187E+3	9,909694E+0	3,292187E+3	-4,090415E+0	3,292187E+3	9,684846E+0	3,292187E+3	-3,543496E+0	3,292187E+3	7,991874E+0	3,292187E+3	-2,030078E+0	3,292187E+3	6,737929E+0	3,292187E+3	-1,469275E+0	3,292187E+3	5,422522E+0	3,292187E+3	-1,004525E+0
3,293750E+3	9,879080E+0	3,293750E+3	-4,417340E+0	3,293750E+3	9,883242E+0	3,293750E+3	-4,194231E+0	3,293750E+3	9,754099E+0	3,293750E+3	-4,278887E+0	3,293750E+3	9,645743E+0	3,293750E+3	-3,643512E+0	3,293750E+3	8,065819E+0	3,293750E+3	-2,040417E+0	3,293750E+3	6,821725E+0	3,293750E+3	-1,583420E+0	3,293750E+3	5,525283E+0	3,293750E+3	-1,135297E+0
3,295312E+3	9,729108E+0	3,295312E+3	-4,575779E+0	3,295312E+3	9,752758E+0	3,295312E+3	-4,518313E+0	3,295312E+3	9,705537E+0	3,295312E+3	-4,319434E+0	3,295312E+3	9,412755E+0	3,295312E+3	-3,642123E+0	3,295312E+3	8,065878E+0	3,295312E+3	-2,104746E+0	3,295312E+3	6,863982E+0	3,295312E+3	-1,597226E+0	3,295312E+3	5,555894E+0	3,295312E+3	-1,155309E+0
3,296875E+3	9,396984E+0	3,296875E+3	-4,792492E+0	3,296875E+3	9,764322E+0	3,296875E+3	-4,422153E+0	3,296875E+3	9,745254E+0	3,296875E+3	-4,264460E+0	3,296875E+3	9,427664E+0	3,296875E+3	-3,821279E+0	3,296875E+3	7,960686E+0	3,296875E+3	-2,139675E+0	3,296875E+3	6,776041E+0	3,296875E+3	-1,517085E+0	3,296875E+3	5,619451E+0	3,296875E+3	-1,162901E+0
3,298437E+3	9,561378E+0	3,298437E+3	-4,610523E+0	3,298437E+3	9,531952E+0	3,298437E+3	-4,593924E+0	3,298437E+3	9,568390E+0	3,298437E+3	-4,508333E+0	3,298437E+3	9,340322E+0	3,298437E+3	-3,897906E+0	3,298437E+3	7,941526E+0	3,298437E+3	-2,280424E+0	3,298437E+3	6,614169E+0	3,298437E+3	-1,510907E+0	3,298437E+3	5,575761E+0	3,298437E+3	-1,284255E+0
3,300000E+3	9,422856E+0	3,300000E+3	-4,729118E+0	3,300000E+3	9,492301E+0	3,300000E+3	-4,624174E+0	3,300000E+3	9,493390E+0	3,300000E+3	-4,620650E+0	3,300000E+3	9,267401E+0	3,300000E+3	-3,870753E+0	3,300000E+3	8,015648E+0	3,300000E+3	-2,376006E+0	3,300000E+3	6,753799E+0	3,300000E+3	-1,609379E+0	3,300000E+3	5,657576E+0	3,300000E+3	-1,199964E+0
3,301562E+3	9,615473E+0	3,301562E+3	-4,661771E+0	3,301562E+3	9,596555E+0	3,301562E+3	-4,748187E+0	3,301562E+3	9,371771E+0	3,301562E+3	-4,623182E+0	3,301562E+3	9,128520E+0	3,301562E+3	-3,979334E+0	3,301562E+3	7,696371E+0	3,301562E+3	-2,381764E+0	3,301562E+3	6,630600E+0	3,301562E+3	-1,689984E+0	3,301562E+3	5,723449E+0	3,301562E+3	-1,399520E+0
3,303125E+3	1,001705E+1	3,303125E+3	-4,367558E+0	3,303125E+3	9,417336E+0	3,303125E+3	-4,922912E+0	3,303125E+3	9,283964E+0	3,303125E+3	-4,624256E+0	3,303125E+3	9,030630E+0	3,303125E+3	-4,166384E+0	3,303125E+3	7,857154E+0	3,303125E+3	-2,587059E+0	3,303125E+3	6,648470E+0	3,303125E+3	-1,761113E+0	3,303125E+3	5,579489E+0	3,303125E+3	-1,337063E+0
3,304687E+3	9,211673E+0	3,304687E+3	-4,913489E+0	3,304687E+3	9,346584E+0	3,304687E+3	-4,835230E+0	3,304687E+3	9,192595E+0	3,304687E+3	-4,791012E+0	3,304687E+3	8,981094E+0	3,304687E+3	-4,297665E+0	3,304687E+3	7,910492E+0	3,304687E+3	-2,692009E+0	3,304687E+3	6,837159E+0	3,304687E+3	-1,786270E+0	3,304687E+3	5,407989E+0	3,304687E+3	-1,266170E+0
3,306250E+3	9,101054E+0	3,306250E+3	-4,855055E+0	3,306250E+3	9,227504E+0	3,306250E+3	-5,048596E+0	3,306250E+3	9,165312E+0	3,306250E+3	-4,886167E+0	3,306250E+3	8,873728E+0	3,306250E+3	-4,275770E+0	3,306250E+3	7,929008E+0	3,306250E+3	-2,569852E+0	3,306250E+3	6,762436E+0	3,306250E+3	-1,886571E+0	3,306250E+3	5,513281E+0	3,306250E+3	-1,289991E+0
3,307812E+3	9,044379E+0	3,307812E+3	-4,967746E+0	3,307812E+3	9,073360E+0	3,307812E+3	-5,047195E+0	3,307812E+3	9,172354E+0	3,307812E+3	-4,800942E+0	3,307812E+3	8,961734E+0	3,307812E+3	-4,294680E+0	3,307812E+3	7,869693E+0	3,307812E+3	-2,643114E+0	3,307812E+3	6,790358E+0	3,307812E+3	-1,760355E+0	3,307812E+3	5,510285E+0	3,307812E+3	-1,318009E+0
3,309375E+3	9,027450E+0	3,309375E+3	-5,088794E+0	3,309375E+3	9,008347E+0	3,309375E+3	-5,115107E+0	3,309375E+3	8,867549E+0	3,309375E+3	-5,036631E+0	3,309375E+3	8,867932E+0	3,309375E+3	-4,402937E+0	3,309375E+3	7,730615E+0	3,309375E+3	-2,807828E+0	3,309375E+3	6,678046E+0	3,309375E+3	-1,755046E+0	3,309375E+3	5,333050E+0	3,309375E+3	-1,188487E+0
3,310937E+3	9,094305E+0	3,310937E+3	-5,057413E+0	3,310937E+3	8,975291E+0	3,310937E+3	-5,061201E+0	3,310937E+3	8,887751E+0	3,310937E+3	-5,033873E+0	3,310937E+3	8,688093E+0	3,310937E+3	-4,534291E+0	3,310937E+3	7,803177E+0	3,310937E+3	-2,785588E+0	3,310937E+3	6,576567E+0	3,310937E+3	-1,815306E+0	3,310937E+3	5,378738E+0	3,310937E+3	-1,282666E+0
3,312500E+3	8,931396E+0	3,312500E+3	-5,311271E+0	3,312500E+3	8,764174E+0	3,312500E+3	-5,168179E+0	3,312500E+3	8,852895E+0	3,312500E+3	-5,197382E+0	3,312500E+3	8,789815E+0	3,312500E+3	-4,624332E+0	3,312500E+3	7,784841E+0	3,312500E+3	-2,829931E+0	3,312500E+3	6,629176E+0	3,312500E+3	-1,924625E+0	3,312500E+3	5,473726E+0	3,312500E+3	-1,381991E+0
3,314062E+3	8,892549E+0	3,314062E+3	-5,254709E+0	3,314062E+3	8,846088E+0	3,314062E+3	-5,135116E+0	3,314062E+3	8,750257E+0	3,314062E+3	-5,130108E+0	3,314062E+3	8,720155E+0	3,314062E+3	-4,517091E+0	3,314062E+3	7,701484E+0	3,314062E+3	-2,928988E+0	3,314062E+3	6,863159E+0	3,314062E+3	-1,787461E+0	3,314062E+3	5,593466E+0	3,314062E+3	-1,291562E+0
3,315625E+3	8,652965E+0	3,315625E+3	-5,400701E+0	3,315625E+3	8,615096E+0	3,315625E+3	-5,318085E+0	3,315625E+3	8,645624E+0	3,315625E+3	-5,247849E+0	3,315625E+3	8,471248E+0	3,315625E+3	-4,669394E+0	3,315625E+3	7,774308E+0	3,315625E+3	-3,015150E+0	3,315625E+3	6,781307E+0	3,315625E+3	-1,828872E+0	3,315625E+3	5,606931E+0	3,315625E+3	-1,290545E+0
3,317187E+3	8,594034E+0	3,317187E+3	-5,366766E+0	3,317187E+3	8,633497E+0	3,317187E+3	-5,392909E+0	3,317187E+3	8,659961E+0	3,317187E+3	-5,322565E+0	3,317187E+3	8,514209E+0	3,317187E+3	-4,631869E+0	3,317187E+3	7,844193E+0	3,317187E+3	-3,026479E+0	3,317187E+3	6,782528E+0	3,317187E+3	-1,908935E+0	3,317187E+3	5,603278E+0	3,317187E+3	-1,398209E+0
3,318750E+3	8,303391E+0	3,318750E+3	-5,435725E+0	3,318750E+3	8,467298E+0	3,318750E+3	-5,459552E+0	3,318750E+3	8,402435E+0	3,318750E+3	-5,408934E+0	3,318750E+3	8,512916E+0	3,318750E+3	-4,711020E+0	3,318750E+3	7,724386E+0	3,318750E+3	-3,204304E+0	3,318750E+3	6,529099E+0	3,318750E+3	-2,020039E+0	3,318750E+3	5,717965E+0	3,318750E+3	-1,374007E+0
3,320312E+3	8,321268E+0	3,320312E+3	-5,485616E+0	3,320312E+3	8,421434E+0	3,320312E+3	-5,491092E+0	3,320312E+3	8,367707E+0	3,320312E+3	-5,473191E+0	3,320312E+3	8,342281E+0	3,320312E+3	-4,792140E+0	3,320312E+3	7,743960E+0	3,320312E+3	-3,155336E+0	3,320312E+3	6,550884E+0	3,320312E+3	-2,100559E+0	3,320312E+3	5,811796E+0	3,320312E+3	-1,317464E+0
3,321875E+3	8,229833E+0	3,321875E+3	-5,358888E+0	3,321875E+3	8,326455E+0	3,321875E+3	-5,484599E+0	3,321875E+3	8,331153E+0	3,321875E+3	-5,503632E+0	3,321875E+3	8,237812E+0	3,321875E+3	-4,885715E+0	3,321875E+3	7,599590E+0	3,321875E+3	-3,152668E+0	3,321875E+3	6,613182E+0	3,321875E+3	-2,063936E+0	3,321875E+3	5,692269E+0	3,321875E+3	-1,371243E+0
3,323437E+3	8,226997E+0	3,323437E+3	-5,491607E+0	3,323437E+3	8,233609E+0	3,323437E+3	-5,537273E+0	3,323437E+3	8,293288E+0	3,323437E+3	-5,494320E+0	3,323437E+3	8,158156E+0	3,323437E+3	-4,991075E+0	3,323437E+3	7,570865E+0	3,323437E+3	-3,223086E+0	3,323437E+3	6,625480E+0	3,323437E+3	-1,945221E+0	3,323437E+3	5,365590E+0	3,323437E+3	-1,593389E+0
3,325000E+3	8,222849E+0	3,325000E+3	-5,643072E+0	3,325000E+3	8,169429E+0	3,325000E+3	-5,574227E+0	3,325000E+3	8,228800E+0	3,325000E+3	-5,477248E+0	3,325000E+3	8,125615E+0	3,325000E+3	-5,014870E+0	3,325000E+3	7,510040E+0	3,325000E+3	-3,323943E+0	3,325000E+3	6,545216E+0	3,325000E+3	-2,078257E+0	3,325000E+3	5,397489E+0	3,325000E+3	-1,592508E+0
3,326562E+3	8,022459E+0	3,326562E+3	-5,579051E+0	3,326562E+3	8,016296E+0	3,326562E+3	-5,515512E+0	3,326562E+3	8,000112E+0	3,326562E+3	-5,569602E+0	3,326562E+3	8,166656E+0	3,326562E+3	-4,944990E+0	3,326562E+3	7,533194E+0	3,326562E+3	-3,240302E+0	3,326562E+3	6,421033E+0	3,326562E+3	-2,103135E+0	3,326562E+3	5,473654E+0	3,326562E+3	-1,404463E+0
3,328125E+3	8,019034E+0	3,328125E+3	-5,627182E+0	3,328125E+3	8,027625E+0	3,328125E+3	-5,662886E+0	3,328125E+3	8,006947E+0	3,328125E+3	-5,575394E+0	3,328125E+3	7,945911E+0	3,328125E+3	-5,105616E+0	3,328125E+3	7,531925E+0	3,328125E+3	-3,337257E+0	3,328125E+3	6,542013E+0	3,328125E+3	-2,150655E+0	3,328125E+3	5,483483E+0	3,328125E+3	-1,460527E+0
3,329687E+3	8,022322E+0	3,329687E+3	-5,782596E+0	3,329687E+3	7,847067E+0	3,329687E+3	-5,673320E+0	3,329687E+3	7,871273E+0	3,329687E+3	-5,529030E+0	3,329687E+3	7,923910E+0	3,329687E+3	-5,023609E+0	3,329687E+3	7,454079E+0	3,329687E+3	-3,439199E+0	3,329687E+3	6,539517E+0	3,329687E+3	-2,190997E+0	3,329687E+3	5,476248E+0	3,329687E+3	-1,581701E+0
3,331250E+3	7,979385E+0	3,331250E+3	-5,936114E+0	3,331250E+3	7,844733E+0	3,331250E+3	-5,729301E+0	3,331250E+3	7,804155E+0	3,331250E+3	-5,586484E+0	3,331250E+3	7,854846E+0	3,331250E+3	-5,061836E+0	3,331250E+3	7,463160E+0	3,331250E+3	-3,498472E+0	3,331250E+3	6,475086E+0	3,331250E+3	-2,293379E+0	3,331250E+3	5,509152E+0	3,331250E+3	-1,483858E+0
3,332812E+3	7,694423E+0	3,332812E+3	-5,834812E+0	3,332812E+3	7,794007E+0	3,332812E+3	-5,741642E+0	3,332812E+3	7,804710E+0	3,332812E+3	-5,712936E+0	3,332812E+3	7,882985E+0	3,332812E+3	-5,120878E+0	3,332812E+3	7,288502E+0	3,332812E+3	-3,520062E+0	3,332812E+3	6,332169E+0	3,332812E+3	-2,517183E+0	3,332812E+3	5,580054E+0	3,332812E+3	-1,575488E+0
3,334375E+3	7,696252E+0	3,334375E+3	-5,809709E+0	3,334375E+3	7,672576E+0	3,334375E+3	-5,845834E+0	3,334375E+3	7,698998E+0	3,334375E+3	-5,674459E+0	3,334375E+3	7,681380E+0	3,334375E+3	-5,260928E+0	3,334375E+3	7,250815E+0	3,334375E+3	-3,385626E+0	3,334375E+3	6,428227E+0	3,334375E+3	-2,346081E+0	3,334375E+3	5,619318E+0	3,334375E+3	-1,868094E+0
3,335937E+3	7,669338E+0	3,335937E+3	-5,677632E+0	3,335937E+3	7,532156E+0	3,335937E+3	-5,890794E+0	3,335937E+3	7,558336E+0	3,335937E+3	-5,796168E+0	3,335937E+3	7,692522E+0	3,335937E+3	-5,165843E+0	3,335937E+3	7,221288E+0	3,335937E+3	-3,491080E+0	3,335937E+3	6,550809E+0	3,335937E+3	-2,331593E+0	3,335937E+3	5,410291E+0	3,335937E+3	-1,709780E+0
3,337500E+3	7,734171E+0	3,337500E+3	-5,877446E+0	3,337500E+3	7,488257E+0	3,337500E+3	-5,846591E+0	3,337500E+3	7,598152E+0	3,337500E+3	-5,831212E+0	3,337500E+3	7,662364E+0	3,337500E+3	-5,266619E+0	3,337500E+3	7,366889E+0	3,337500E+3	-3,667718E+0	3,337500E+3	6,454245E+0	3,337500E+3	-2,565791E+0	3,337500E+3	5,588999E+0	3,337500E+3	-1,714950E+0
3,339062E+3	7,462094E+0	3,339062E+3	-6,002607E+0	3,339062E+3	7,402192E+0	3,339062E+3	-5,869496E+0	3,339062E+3	7,371178E+0	3,339062E+3	-5,846110E+0	3,339062E+3	7,505185E+0	3,339062E+3	-5,418222E+0	3,339062E+3	7,372092E+0	3,339062E+3	-3,724862E+0	3,339062E+3	6,521692E+0	3,339062E+3	-2,584546E+0	3,339062E+3	5,482195E+0	3,339062E+3	-1,697266E+0
3,340625E+3	7,313006E+0	3,340625E+3	-5,965078E+0	3,340625E+3	7,525404E+0	3,340625E+3	-5,962254E+0	3,340625E+3	7,421595E+0	3,340625E+3	-5,830305E+0	3,340625E+3	7,423806E+0	3,340625E+3	-5,437182E+0	3,340625E+3	7,154741E+0	3,340625E+3	-3,915740E+0	3,340625E+3	6,567928E+0	3,340625E+3	-2,521124E+0	3,340625E+3	5,464243E+0	3,340625E+3	-1,768188E+0
3,342187E+3	7,213314E+0	3,342187E+3	-5,765630E+0	3,342187E+3	7,242466E+0	3,342187E+3	-5,991611E+0	3,342187E+3	7,335241E+0	3,342187E+3	-5,864682E+0	3,342187E+3	7,322510E+0	3,342187E+3	-5,381882E+0	3,342187E+3	7,102780E+0	3,342187E+3	-3,886676E+0	3,342187E+3	6,548833E+0	3,342187E+3	-2,437902E+0	3,342187E+3	5,480464E+0	3,342187E+3	-1,653735E+0
3,343750E+3	6,992076E+0	3,343750E+3	-5,924301E+0	3,343750E+3	7,135244E+0	3,343750E+3	-5,871533E+0	3,343750E+3	7,160350E+0	3,343750E+3	-5,860040E+0	3,343750E+3	7,282205E+0	3,343750E+3	-5,343781E+0	3,343750E+3	7,077024E+0	3,343750E+3	-3,986265E+0	3,343750E+3	6,553078E+0	3,343750E+3	-2,532489E+0	3,343750E+3	5,733367E+0	3,343750E+3	-1,512889E+0
3,345312E+3	7,145923E+0	3,345312E+3	-5,974078E+0	3,345312E+3	7,190994E+0	3,345312E+3	-5,935948E+0	3,345312E+3	7,132381E+0	3,345312E+3	-5,840624E+0	3,345312E+3	7,292442E+0	3,345312E+3	-5,337787E+0	3,345312E+3	7,142170E+0	3,345312E+3	-3,875168E+0	3,345312E+3	6,600957E+0	3,345312E+3	-2,529528E+0	3,345312E+3	6,039935E+0	3,345312E+3	-1,816573E+0
3,346875E+3	7,060786E+0	3,346875E+3	-6,040705E+0	3,346875E+3	7,129891E+0	3,346875E+3	-5,943192E+0	3,346875E+3	7,105716E+0	3,346875E+3	-5,781458E+0	3,346875E+3	7,290813E+0	3,346875E+3	-5,306838E+0	3,346875E+3	7,003612E+0	3,346875E+3	-3,855891E+0	3,346875E+3	6,421433E+0	3,346875E+3	-2,614448E+0	3,346875E+3	5,785888E+0	3,346875E+3	-1,833617E+0
3,348437E+3	6,862828E+0	3,348437E+3	-5,865669E+0	3,348437E+3	7,019955E+0	3,348437E+3	-5,998196E+0	3,348437E+3	6,943500E+0	3,348437E+3	-5,825699E+0	3,348437E+3	7,119485E+0	3,348437E+3	-5,432235E+0	3,348437E+3	6,948983E+0	3,348437E+3	-4,033839E+0	3,348437E+3	6,362888E+0	3,348437E+3	-2,647277E+0	3,348437E+3	5,633726E+0	3,348437E+3	-1,659510E+0
3,350000E+3	6,807822E+0	3,350000E+3	-5,912565E+0	3,350000E+3	6,858978E+0	3,350000E+3	-6,088361E+0	3,350000E+3	6,940205E+0	3,350000E+3	-5,923451E+0	3,350000E+3	6,980640E+0	3,350000E+3	-5,434245E+0	3,350000E+3	6,888290E+0	3,350000E+3	-3,974070E+0	3,350000E+3	6,465069E+0	3,350000E+3	-2,517981E+0	3,350000E+3	5,547309E+0	3,350000E+3	-1,737265E+0
3,351562E+3	6,732963E+0	3,351562E+3	-5,978677E+0	3,351562E+3	6,849913E+0	3,351562E+3	-6,063393E+0	3,351562E+3	6,841569E+0	3,351562E+3	-5,790284E+0	3,351562E+3	7,011740E+0	3,351562E+3	-5,401656E+0	3,351562E+3	6,875889E+0	3,351562E+3	-3,930175E+0	3,351562E+3	6,296130E+0	3,351562E+3	-2,641002E+0	3,351562E+3	5,343986E+0	3,351562E+3	-1,916354E+0
3,353125E+3	6,858799E+0	3,353125E+3	-5,792076E+0	3,353125E+3	6,789083E+0	3,353125E+3	-5,986948E+0	3,353125E+3	6,812863E+0	3,353125E+3	-5,867629E+0	3,353125E+3	6,893984E+0	3,353125E+3	-5,463328E+0	3,353125E+3	6,887597E+0	3,353125E+3	-3,904745E+0	3,353125E+3	6,257210E+0	3,353125E+3	-2,684315E+0	3,353125E+3	5,534363E+0	3,353125E+3	-1,838171E+0
3,354687E+3	6,776112E+0	3,354687E+3	-5,888504E+0	3,354687E+3	6,708535E+0	3,354687E+3	-5,884287E+0	3,354687E+3	6,772183E+0	3,354687E+3	-5,941428E+0	3,354687E+3	6,770612E+0	3,354687E+3	-5,542741E+0	3,354687E+3	6,863125E+0	3,354687E+3	-4,011183E+0	3,354687E+3	6,280069E+0	3,354687E+3	-2,690992E+0	3,354687E+3	5,547690E+0	3,354687E+3	-1,710418E+0
3,356250E+3	6,592441E+0	3,356250E+3	-6,062475E+0	3,356250E+3	6,670327E+0	3,356250E+3	-5,928391E+0	3,356250E+3	6,641781E+0	3,356250E+3	-5,950973E+0	3,356250E+3	6,873158E+0	3,356250E+3	-5,554170E+0	3,356250E+3	6,910200E+0	3,356250E+3	-3,985110E+0	3,356250E+3	6,193705E+0	3,356250E+3	-2,612231E+0	3,356250E+3	5,552773E+0	3,356250E+3	-1,517784E+0
3,357812E+3	6,453836E+0	3,357812E+3	-5,969469E+0	3,357812E+3	6,456230E+0	3,357812E+3	-5,896699E+0	3,357812E+3	6,595208E+0	3,357812E+3	-5,860709E+0	3,357812E+3	6,757292E+0	3,357812E+3	-5,557867E+0	3,357812E+3	6,704386E+0	3,357812E+3	-4,028354E+0	3,357812E+3	6,268697E+0	3,357812E+3	-2,889761E+0	3,357812E+3	5,573675E+0	3,357812E+3	-1,588712E+0
3,359375E+3	6,511449E+0	3,359375E+3	-6,016572E+0	3,359375E+3	6,461506E+0	3,359375E+3	-5,934833E+0	3,359375E+3	6,506354E+0	3,359375E+3	-5,940650E+0	3,359375E+3	6,644336E+0	3,359375E+3	-5,495760E+0	3,359375E+3	6,594324E+0	3,359375E+3	-3,834641E+0	3,359375E+3	6,233167E+0	3,359375E+3	-2,914888E+0	3,359375E+3	5,465895E+0	3,359375E+3	-1,717168E+0
3,360937E+3	6,426499E+0	3,360937E+3	-5,955644E+0	3,360937E+3	6,461409E+0	3,360937E+3	-5,988584E+0	3,360937E+3	6,387881E+0	3,360937E+3	-5,970131E+0	3,360937E+3	6,650774E+0	3,360937E+3	-5,627185E+0	3,360937E+3	6,786776E+0	3,360937E+3	-3,934111E+0	3,360937E+3	6,445024E+0	3,360937E+3	-2,831368E+0	3,360937E+3	5,675962E+0	3,360937E+3	-2,024803E+0
3,362500E+3	6,744506E+0	3,362500E+3	-5,992229E+0	3,362500E+3	6,468427E+0	3,362500E+3	-5,993424E+0	3,362500E+3	6,419645E+0	3,362500E+3	-5,935991E+0	3,362500E+3	6,505073E+0	3,362500E+3	-5,709264E+0	3,362500E+3	6,693597E+0	3,362500E+3	-4,183803E+0	3,362500E+3	6,402707E+0	3,362500E+3	-3,070825E+0	3,362500E+3	5,451677E+0	3,362500E+3	-1,824519E+0
3,364062E+3	6,552093E+0	3,364062E+3	-6,085323E+0	3,364062E+3	6,374362E+0	3,364062E+3	-5,984053E+0	3,364062E+3	6,303826E+0	3,364062E+3	-5,976360E+0	3,364062E+3	6,497219E+0	3,364062E+3	-5,528535E+0	3,364062E+3	6,679437E+0	3,364062E+3	-4,200522E+0	3,364062E+3	6,163058E+0	3,364062E+3	-2,874195E+0	3,364062E+3	5,588343E+0	3,364062E+3	-1,925470E+0
3,365625E+3	6,260479E+0	3,365625E+3	-6,040799E+0	3,365625E+3	6,242212E+0	3,365625E+3	-6,002671E+0	3,365625E+3	6,302595E+0	3,365625E+3	-5,970762E+0	3,365625E+3	6,428303E+0	3,365625E+3	-5,506067E+0	3,365625E+3	6,655839E+0	3,365625E+3	-4,103369E+0	3,365625E+3	6,436858E+0	3,365625E+3	-3,077051E+0	3,365625E+3	5,649837E+0	3,365625E+3	-2,074815E+0
3,367187E+3	5,995358E+0	3,367187E+3	-5,878301E+0	3,367187E+3	6,146396E+0	3,367187E+3	-6,013951E+0	3,367187E+3	6,254002E+0	3,367187E+3	-5,945081E+0	3,367187E+3	6,326553E+0	3,367187E+3	-5,645319E+0	3,367187E+3	6,539175E+0	3,367187E+3	-3,912152E+0	3,367187E+3	6,146713E+0	3,367187E+3	-3,015624E+0	3,367187E+3	5,770452E+0	3,367187E+3	-2,207655E+0
3,368750E+3	5,978645E+0	3,368750E+3	-5,916490E+0	3,368750E+3	6,176521E+0	3,368750E+3	-5,924103E+0	3,368750E+3	6,091897E+0	3,368750E+3	-5,856291E+0	3,368750E+3	6,384850E+0	3,368750E+3	-5,576231E+0	3,368750E+3	6,534141E+0	3,368750E+3	-4,129842E+0	3,368750E+3	5,970189E+0	3,368750E+3	-2,854071E+0	3,368750E+3	5,504800E+0	3,368750E+3	-1,997865E+0
3,370312E+3	6,147338E+0	3,370312E+3	-5,937959E+0	3,370312E+3	6,038941E+0	3,370312E+3	-6,016426E+0	3,370312E+3	6,175287E+0	3,370312E+3	-5,918308E+0	3,370312E+3	6,433012E+0	3,370312E+3	-5,501515E+0	3,370312E+3	6,694428E+0	3,370312E+3	-4,199233E+0	3,370312E+3	5,894324E+0	3,370312E+3	-2,941064E+0	3,370312E+3	5,407476E+0	3,370312E+3	-2,089668E+0
3,371875E+3	5,969518E+0	3,371875E+3	-6,042832E+0	3,371875E+3	5,920761E+0	3,371875E+3	-6,014378E+0	3,371875E+3	6,005045E+0	3,371875E+3	-5,850388E+0	3,371875E+3	6,230160E+0	3,371875E+3	-5,486954E+0	3,371875E+3	6,402016E+0	3,371875E+3	-4,286628E+0	3,371875E+3	6,152477E+0	3,371875E+3	-2,793090E+0	3,371875E+3	5,510297E+0	3,371875E+3	-1,868717E+0
3,373437E+3	5,910676E+0	3,373437E+3	-5,862488E+0	3,373437E+3	5,975808E+0	3,373437E+3	-5,996134E+0	3,373437E+3	5,916088E+0	3,373437E+3	-5,946459E+0	3,373437E+3	6,200337E+0	3,373437E+3	-5,468076E+0	3,373437E+3	6,094172E+0	3,373437E+3	-4,291476E+0	3,373437E+3	6,110888E+0	3,373437E+3	-2,868121E+0	3,373437E+3	5,660580E+0	3,373437E+3	-2,065545E+0
3,375000E+3	5,871624E+0	3,375000E+3	-5,779206E+0	3,375000E+3	5,906532E+0	3,375000E+3	-5,996803E+0	3,375000E+3	5,908898E+0	3,375000E+3	-5,931673E+0	3,375000E+3	6,173312E+0	3,375000E+3	-5,546807E+0	3,375000E+3	6,192469E+0	3,375000E+3	-4,389462E+0	3,375000E+3	5,966635E+0	3,375000E+3	-2,901808E+0	3,375000E+3	5,812666E+0	3,375000E+3	-2,093591E+0
3,376562E+3	6,024505E+0	3,376562E+3	-6,019456E+0	3,376562E+3	5,887090E+0	3,376562E+3	-5,920463E+0	3,376562E+3	5,912467E+0	3,376562E+3	-5,814099E+0	3,376562E+3	6,118917E+0	3,376562E+3	-5,528011E+0	3,376562E+3	6,309450E+0	3,376562E+3	-4,358023E+0	3,376562E+3	6,040006E+0	3,376562E+3	-3,126013E+0	3,376562E+3	5,752763E+0	3,376562E+3	-1,953898E+0
3,378125E+3	6,004429E+0	3,378125E+3	-6,212651E+0	3,378125E+3	5,803119E+0	3,378125E+3	-5,882393E+0	3,378125E+3	5,741762E+0	3,378125E+3	-5,884923E+0	3,378125E+3	6,071303E+0	3,378125E+3	-5,499731E+0	3,378125E+3	6,419828E+0	3,378125E+3	-4,255347E+0	3,378125E+3	6,022575E+0	3,378125E+3	-3,169038E+0	3,378125E+3	5,376148E+0	3,378125E+3	-2,289004E+0
3,379687E+3	5,934687E+0	3,379687E+3	-5,880638E+0	3,379687E+3	5,734090E+0	3,379687E+3	-5,805858E+0	3,379687E+3	5,842505E+0	3,379687E+3	-5,863725E+0	3,379687E+3	5,983924E+0	3,379687E+3	-5,626218E+0	3,379687E+3	6,251978E+0	3,379687E+3	-4,157569E+0	3,379687E+3	6,037116E+0	3,379687E+3	-3,206793E+0	3,379687E+3	5,204438E+0	3,379687E+3	-2,152580E+0
3,381250E+3	5,639444E+0	3,381250E+3	-5,761699E+0	3,381250E+3	5,684262E+0	3,381250E+3	-5,884131E+0	3,381250E+3	5,709130E+0	3,381250E+3	-5,921884E+0	3,381250E+3	5,951461E+0	3,381250E+3	-5,613183E+0	3,381250E+3	6,208252E+0	3,381250E+3	-4,278251E+0	3,381250E+3	5,862184E+0	3,381250E+3	-3,051654E+0	3,381250E+3	5,370850E+0	3,381250E+3	-2,058656E+0
3,382812E+3	5,745492E+0	3,382812E+3	-5,843748E+0	3,382812E+3	5,651673E+0	3,382812E+3	-5,828043E+0	3,382812E+3	5,634800E+0	3,382812E+3	-5,888435E+0	3,382812E+3	5,974637E+0	3,382812E+3	-5,554750E+0	3,382812E+3	6,150117E+0	3,382812E+3	-4,247866E+0	3,382812E+3	5,844110E+0	3,382812E+3	-2,907645E+0	3,382812E+3	5,045809E+0	3,382812E+3	-1,848640E+0
3,384375E+3	5,789204E+0	3,384375E+3	-5,801103E+0	3,384375E+3	5,585037E+0	3,384375E+3	-5,789595E+0	3,384375E+3	5,626143E+0	3,384375E+3	-5,864049E+0	3,384375E+3	5,924574E+0	3,384375E+3	-5,438316E+0	3,384375E+3	6,355068E+0	3,384375E+3	-4,317489E+0	3,384375E+3	6,122663E+0	3,384375E+3	-3,021546E+0	3,384375E+3	5,232840E+0	3,384375E+3	-1,846132E+0
3,385937E+3	5,474692E+0	3,385937E+3	-5,741306E+0	3,385937E+3	5,569519E+0	3,385937E+3	-5,825616E+0	3,385937E+3	5,528649E+0	3,385937E+3	-5,902931E+0	3,385937E+3	5,863584E+0	3,385937E+3	-5,500876E+0	3,385937E+3	6,200731E+0	3,385937E+3	-4,399373E+0	3,385937E+3	5,950683E+0	3,385937E+3	-3,290897E+0	3,385937E+3	5,337374E+0	3,385937E+3	-2,061931E+0
3,387500E+3	5,505084E+0	3,387500E+3	-5,895725E+0	3,387500E+3	5,518582E+0	3,387500E+3	-5,949714E+0	3,387500E+3	5,515395E+0	3,387500E+3	-5,864787E+0	3,387500E+3	5,675242E+0	3,387500E+3	-5,529587E+0	3,387500E+3	5,960906E+0	3,387500E+3	-4,348246E+0	3,387500E+3	5,705612E+0	3,387500E+3	-3,260306E+0	3,387500E+3	5,352165E+0	3,387500E+3	-2,211902E+0
3,389062E+3	5,524246E+0	3,389062E+3	-5,948731E+0	3,389062E+3	5,480221E+0	3,389062E+3	-5,906806E+0	3,389062E+3	5,452233E+0	3,389062E+3	-5,838711E+0	3,389062E+3	5,696923E+0	3,389062E+3	-5,469095E+0	3,389062E+3	6,151076E+0	3,389062E+3	-4,222888E+0	3,389062E+3	5,918127E+0	3,389062E+3	-3,288988E+0	3,389062E+3	5,394766E+0	3,389062E+3	-2,119506E+0
3,390625E+3	5,447440E+0	3,390625E+3	-5,724515E+0	3,390625E+3	5,438201E+0	3,390625E+3	-5,840567E+0	3,390625E+3	5,492155E+0	3,390625E+3	-5,777981E+0	3,390625E+3	5,707763E+0	3,390625E+3	-5,552064E+0	3,390625E+3	6,240522E+0	3,390625E+3	-4,154210E+0	3,390625E+3	5,775340E+0	3,390625E+3	-3,264871E+0	3,390625E+3	5,096217E+0	3,390625E+3	-2,089886E+0
3,392187E+3	5,473323E+0	3,392187E+3	-5,783671E+0	3,392187E+3	5,358234E+0	3,392187E+3	-5,964762E+0	3,392187E+3	5,311169E+0	3,392187E+3	-5,766009E+0	3,392187E+3	5,691794E+0	3,392187E+3	-5,517819E+0	3,392187E+3	6,008387E+0	3,392187E+3	-4,239618E+0	3,392187E+3	5,840236E+0	3,392187E+3	-3,291353E+0	3,392187E+3	5,288995E+0	3,392187E+3	-2,210499E+0
3,393750E+3	5,315221E+0	3,393750E+3	-5,775188E+0	3,393750E+3	5,298199E+0	3,393750E+3	-5,893806E+0	3,393750E+3	5,390666E+0	3,393750E+3	-5,768724E+0	3,393750E+3	5,520449E+0	3,393750E+3	-5,513156E+0	3,393750E+3	5,962648E+0	3,393750E+3	-4,251712E+0	3,393750E+3	5,922886E+0	3,393750E+3	-3,137663E+0	3,393750E+3	5,227575E+0	3,393750E+3	-2,442649E+0
3,395312E+3	5,383934E+0	3,395312E+3	-5,742571E+0	3,395312E+3	5,362710E+0	3,395312E+3	-5,824589E+0	3,395312E+3	5,389270E+0	3,395312E+3	-5,706137E+0	3,395312E+3	5,526982E+0	3,395312E+3	-5,564961E+0	3,395312E+3	5,917932E+0	3,395312E+3	-4,407603E+0	3,395312E+3	5,908638E+0	3,395312E+3	-3,369413E+0	3,395312E+3	5,277504E+0	3,395312E+3	-2,250607E+0
3,396875E+3	5,443831E+0	3,396875E+3	-5,778310E+0	3,396875E+3	5,299250E+0	3,396875E+3	-5,806074E+0	3,396875E+3	5,309534E+0	3,396875E+3	-5,697161E+0	3,396875E+3	5,354996E+0	3,396875E+3	-5,522339E+0	3,396875E+3	5,883397E+0	3,396875E+3	-4,463820E+0	3,396875E+3	5,903983E+0	3,396875E+3	-3,319385E+0	3,396875E+3	5,211399E+0	3,396875E+3	-2,292548E+0
3,398437E+3	5,318231E+0	3,398437E+3	-5,631661E+0	3,398437E+3	5,208392E+0	3,398437E+3	-5,737773E+0	3,398437E+3	5,268145E+0	3,398437E+3	-5,686968E+0	3,398437E+3	5,527364E+0	3,398437E+3	-5,495638E+0	3,398437E+3	5,755002E+0	3,398437E+3	-4,154224E+0	3,398437E+3	5,595178E+0	3,398437E+3	-3,339191E+0	3,398437E+3	5,423413E+0	3,398437E+3	-2,073445E+0
3,400000E+3	5,198742E+0	3,400000E+3	-5,673082E+0	3,400000E+3	5,159624E+0	3,400000E+3	-5,737272E+0	3,400000E+3	5,164905E+0	3,400000E+3	-5,655990E+0	3,400000E+3	5,380379E+0	3,400000E+3	-5,546856E+0	3,400000E+3	5,805535E+0	3,400000E+3	-4,304357E+0	3,400000E+3	5,655032E+0	3,400000E+3	-3,284234E+0	3,400000E+3	5,150838E+0	3,400000E+3	-2,235072E+0
3,401562E+3	5,112784E+0	3,401562E+3	-5,810125E+0	3,401562E+3	5,172681E+0	3,401562E+3	-5,761935E+0	3,401562E+3	5,167572E+0	3,401562E+3	-5,679072E+0	3,401562E+3	5,399756E+0	3,401562E+3	-5,542512E+0	3,401562E+3	5,718677E+0	3,401562E+3	-4,386032E+0	3,401562E+3	5,862851E+0	3,401562E+3	-3,009173E+0	3,401562E+3	5,231521E+0	3,401562E+3	-2,013620E+0
3,403125E+3	5,213338E+0	3,403125E+3	-5,687115E+0	3,403125E+3	5,143511E+0	3,403125E+3	-5,739170E+0	3,403125E+3	5,135938E+0	3,403125E+3	-5,639235E+0	3,403125E+3	5,278389E+0	3,403125E+3	-5,486979E+0	3,403125E+3	5,895401E+0	3,403125E+3	-4,333753E+0	3,403125E+3	5,905305E+0	3,403125E+3	-3,208308E+0	3,403125E+3	5,163361E+0	3,403125E+3	-2,113588E+0
3,404687E+3	5,095730E+0	3,404687E+3	-5,577239E+0	3,404687E+3	5,061520E+0	3,404687E+3	-5,678180E+0	3,404687E+3	5,075812E+0	3,404687E+3	-5,675150E+0	3,404687E+3	5,334056E+0	3,404687E+3	-5,380605E+0	3,404687E+3	5,855708E+0	3,404687E+3	-4,471688E+0	3,404687E+3	5,377684E+0	3,404687E+3	-3,209574E+0	3,404687E+3	5,210916E+0	3,404687E+3	-2,193090E+0
3,406250E+3	5,065324E+0	3,406250E+3	-5,736535E+0	3,406250E+3	5,015086E+0	3,406250E+3	-5,626822E+0	3,406250E+3	5,060416E+0	3,406250E+3	-5,734194E+0	3,406250E+3	5,333785E+0	3,406250E+3	-5,432618E+0	3,406250E+3	5,662925E+0	3,406250E+3	-4,337767E+0	3,406250E+3	5,343187E+0	3,406250E+3	-3,194148E+0	3,406250E+3	5,470019E+0	3,406250E+3	-2,132969E+0
3,407812E+3	5,020464E+0	3,407812E+3	-5,697573E+0	3,407812E+3	5,053743E+0	3,407812E+3	-5,655571E+0	3,407812E+3	5,039489E+0	3,407812E+3	-5,669942E+0	3,407812E+3	5,242386E+0	3,407812E+3	-5,412096E+0	3,407812E+3	5,616554E+0	3,407812E+3	-4,278321E+0	3,407812E+3	5,367616E+0	3,407812E+3	-3,119506E+0	3,407812E+3	5,199216E+0	3,407812E+3	-2,354762E+0
3,409375E+3	5,006904E+0	3,409375E+3	-5,502008E+0	3,409375E+3	4,939424E+0	3,409375E+3	-5,577836E+0	3,409375E+3	5,027482E+0	3,409375E+3	-5,630131E+0	3,409375E+3	5,290733E+0	3,409375E+3	-5,420385E+0	3,409375E+3	5,748878E+0	3,409375E+3	-4,409916E+0	3,409375E+3	5,434699E+0	3,409375E+3	-3,134727E+0	3,409375E+3	5,303269E+0	3,409375E+3	-2,273347E+0
3,410937E+3	4,825893E+0	3,410937E+3	-5,541425E+0	3,410937E+3	4,903523E+0	3,410937E+3	-5,585912E+0	3,410937E+3	4,949713E+0	3,410937E+3	-5,552923E+0	3,410937E+3	5,054595E+0	3,410937E+3	-5,269110E+0	3,410937E+3	5,676679E+0	3,410937E+3	-4,310985E+0	3,410937E+3	5,502708E+0	3,410937E+3	-3,189014E+0	3,410937E+3	5,196492E+0	3,410937E+3	-2,366598E+0
3,412500E+3	4,856147E+0	3,412500E+3	-5,597565E+0	3,412500E+3	4,890992E+0	3,412500E+3	-5,513107E+0	3,412500E+3	4,982466E+0	3,412500E+3	-5,538451E+0	3,412500E+3	5,112009E+0	3,412500E+3	-5,303863E+0	3,412500E+3	5,550642E+0	3,412500E+3	-4,264848E+0	3,412500E+3	5,602153E+0	3,412500E+3	-3,339834E+0	3,412500E+3	5,126207E+0	3,412500E+3	-2,587691E+0
3,414062E+3	4,945324E+0	3,414062E+3	-5,697244E+0	3,414062E+3	4,932340E+0	3,414062E+3	-5,529054E+0	3,414062E+3	4,931011E+0	3,414062E+3	-5,421206E+0	3,414062E+3	5,155973E+0	3,414062E+3	-5,293660E+0	3,414062E+3	5,512663E+0	3,414062E+3	-4,416046E+0	3,414062E+3	5,622788E+0	3,414062E+3	-3,402178E+0	3,414062E+3	5,121043E+0	3,414062E+3	-2,494795E+0
3,415625E+3	4,880470E+0	3,415625E+3	-5,612473E+0	3,415625E+3	4,942271E+0	3,415625E+3	-5,560012E+0	3,415625E+3	4,848794E+0	3,415625E+3	-5,461569E+0	3,415625E+3	5,071179E+0	3,415625E+3	-5,278221E+0	3,415625E+3	5,346580E+0	3,415625E+3	-4,449826E+0	3,415625E+3	5,266993E+0	3,415625E+3	-3,367388E+0	3,415625E+3	5,247776E+0	3,415625E+3	-2,080729E+0
3,417187E+3	4,628598E+0	3,417187E+3	-5,465622E+0	3,417187E+3	4,828937E+0	3,417187E+3	-5,504333E+0	3,417187E+3	4,932867E+0	3,417187E+3	-5,474599E+0	3,417187E+3	5,073316E+0	3,417187E+3	-5,218910E+0	3,417187E+3	5,452569E+0	3,417187E+3	-4,340187E+0	3,417187E+3	5,419440E+0	3,417187E+3	-3,414623E+0	3,417187E+3	5,214019E+0	3,417187E+3	-2,206548E+0
3,418750E+3	4,711494E+0	3,418750E+3	-5,473081E+0	3,418750E+3	4,727447E+0	3,418750E+3	-5,526315E+0	3,418750E+3	4,846999E+0	3,418750E+3	-5,439514E+0	3,418750E+3	5,025305E+0	3,418750E+3	-5,213684E+0	3,418750E+3	5,475710E+0	3,418750E+3	-4,270882E+0	3,418750E+3	5,351408E+0	3,418750E+3	-3,191430E+0	3,418750E+3	5,203628E+0	3,418750E+3	-2,182403E+0
3,420312E+3	4,745067E+0	3,420312E+3	-5,441887E+0	3,420312E+3	4,798558E+0	3,420312E+3	-5,482347E+0	3,420312E+3	4,723137E+0	3,420312E+3	-5,382123E+0	3,420312E+3	5,037873E+0	3,420312E+3	-5,178365E+0	3,420312E+3	5,238544E+0	3,420312E+3	-4,171457E+0	3,420312E+3	5,278056E+0	3,420312E+3	-3,240913E+0	3,420312E+3	5,159903E+0	3,420312E+3	-2,147870E+0
3,421875E+3	4,868094E+0	3,421875E+3	-5,445483E+0	3,421875E+3	4,875421E+0	3,421875E+3	-5,455945E+0	3,421875E+3	4,822538E+0	3,421875E+3	-5,376531E+0	3,421875E+3	5,073527E+0	3,421875E+3	-5,171049E+0	3,421875E+3	5,376558E+0	3,421875E+3	-4,263707E+0	3,421875E+3	5,377410E+0	3,421875E+3	-3,259895E+0	3,421875E+3	5,120414E+0	3,421875E+3	-2,146273E+0
3,423437E+3	5,037437E+0	3,423437E+3	-5,447463E+0	3,423437E+3	4,784671E+0	3,423437E+3	-5,379139E+0	3,423437E+3	4,775788E+0	3,423437E+3	-5,385385E+0	3,423437E+3	4,901189E+0	3,423437E+3	-5,195424E+0	3,423437E+3	5,467711E+0	3,423437E+3	-4,382394E+0	3,423437E+3	5,401405E+0	3,423437E+3	-3,236077E+0	3,423437E+3	5,016377E+0	3,423437E+3	-2,384371E+0
3,425000E+3	4,713991E+0	3,425000E+3	-5,491115E+0	3,425000E+3	4,775497E+0	3,425000E+3	-5,332765E+0	3,425000E+3	4,791842E+0	3,425000E+3	-5,365182E+0	3,425000E+3	4,983429E+0	3,425000E+3	-5,238921E+0	3,425000E+3	5,356633E+0	3,425000E+3	-4,232271E+0	3,425000E+3	5,354308E+0	3,425000E+3	-3,211801E+0	3,425000E+3	5,312731E+0	3,425000E+3	-2,272022E+0
3,426562E+3	4,761912E+0	3,426562E+3	-5,406589E+0	3,426562E+3	4,712850E+0	3,426562E+3	-5,325122E+0	3,426562E+3	4,700750E+0	3,426562E+3	-5,282585E+0	3,426562E+3	4,875336E+0	3,426562E+3	-5,161345E+0	3,426562E+3	5,294152E+0	3,426562E+3	-4,170790E+0	3,426562E+3	5,357760E+0	3,426562E+3	-3,350080E+0	3,426562E+3	5,203085E+0	3,426562E+3	-1,851435E+0
3,428125E+3	4,687393E+0	3,428125E+3	-5,394829E+0	3,428125E+3	4,788634E+0	3,428125E+3	-5,295093E+0	3,428125E+3	4,752759E+0	3,428125E+3	-5,236379E+0	3,428125E+3	4,913447E+0	3,428125E+3	-5,035899E+0	3,428125E+3	5,366369E+0	3,428125E+3	-4,261720E+0	3,428125E+3	5,415029E+0	3,428125E+3	-3,285093E+0	3,428125E+3	4,842353E+0	3,428125E+3	-1,977926E+0
3,429687E+3	4,687961E+0	3,429687E+3	-5,262628E+0	3,429687E+3	4,780493E+0	3,429687E+3	-5,236863E+0	3,429687E+3	4,810492E+0	3,429687E+3	-5,238871E+0	3,429687E+3	4,851534E+0	3,429687E+3	-5,023175E+0	3,429687E+3	5,399913E+0	3,429687E+3	-4,170967E+0	3,429687E+3	5,388606E+0	3,429687E+3	-3,117245E+0	3,429687E+3	5,043850E+0	3,429687E+3	-2,086871E+0
3,431250E+3	4,698743E+0	3,431250E+3	-5,190948E+0	3,431250E+3	4,681469E+0	3,431250E+3	-5,216839E+0	3,431250E+3	4,693276E+0	3,431250E+3	-5,177943E+0	3,431250E+3	4,949702E+0	3,431250E+3	-4,981525E+0	3,431250E+3	5,353783E+0	3,431250E+3	-4,171976E+0	3,431250E+3	5,250757E+0	3,431250E+3	-3,205674E+0	3,431250E+3	5,133517E+0	3,431250E+3	-1,999180E+0
3,432812E+3	4,722935E+0	3,432812E+3	-5,260806E+0	3,432812E+3	4,774746E+0	3,432812E+3	-5,246745E+0	3,432812E+3	4,745646E+0	3,432812E+3	-5,181007E+0	3,432812E+3	4,922034E+0	3,432812E+3	-4,978787E+0	3,432812E+3	5,341059E+0	3,432812E+3	-4,179692E+0	3,432812E+3	5,421477E+0	3,432812E+3	-3,135910E+0	3,432812E+3	4,975559E+0	3,432812E+3	-2,290558E+0
3,434375E+3	4,727227E+0	3,434375E+3	-5,242191E+0	3,434375E+3	4,704468E+0	3,434375E+3	-5,174743E+0	3,434375E+3	4,748695E+0	3,434375E+3	-5,208825E+0	3,434375E+3	4,936661E+0	3,434375E+3	-5,008586E+0	3,434375E+3	5,381785E+0	3,434375E+3	-4,126693E+0	3,434375E+3	5,312830E+0	3,434375E+3	-3,184454E+0	3,434375E+3	4,994747E+0	3,434375E+3	-2,366587E+0
3,435937E+3	4,736765E+0	3,435937E+3	-5,169452E+0	3,435937E+3	4,618808E+0	3,435937E+3	-5,161236E+0	3,435937E+3	4,674249E+0	3,435937E+3	-5,179102E+0	3,435937E+3	4,933339E+0	3,435937E+3	-4,939173E+0	3,435937E+3	5,360889E+0	3,435937E+3	-4,148831E+0	3,435937E+3	5,320871E+0	3,435937E+3	-2,990248E+0	3,435937E+3	5,021791E+0	3,435937E+3	-2,198172E+0
3,437500E+3	4,664311E+0	3,437500E+3	-5,103420E+0	3,437500E+3	4,727840E+0	3,437500E+3	-5,139107E+0	3,437500E+3	4,726301E+0	3,437500E+3	-5,184609E+0	3,437500E+3	4,882809E+0	3,437500E+3	-4,883549E+0	3,437500E+3	5,322238E+0	3,437500E+3	-4,145639E+0	3,437500E+3	5,337542E+0	3,437500E+3	-2,883238E+0	3,437500E+3	5,067067E+0	3,437500E+3	-2,081541E+0
3,439062E+3	4,730594E+0	3,439062E+3	-5,129505E+0	3,439062E+3	4,659424E+0	3,439062E+3	-5,169405E+0	3,439062E+3	4,704558E+0	3,439062E+3	-5,139244E+0	3,439062E+3	4,868918E+0	3,439062E+3	-4,872871E+0	3,439062E+3	5,224895E+0	3,439062E+3	-4,003831E+0	3,439062E+3	5,354267E+0	3,439062E+3	-3,018073E+0	3,439062E+3	5,038834E+0	3,439062E+3	-2,241504E+0
3,440625E+3	4,798034E+0	3,440625E+3	-5,010537E+0	3,440625E+3	4,684063E+0	3,440625E+3	-5,109314E+0	3,440625E+3	4,682262E+0	3,440625E+3	-5,031190E+0	3,440625E+3	4,885165E+0	3,440625E+3	-4,864473E+0	3,440625E+3	5,255514E+0	3,440625E+3	-3,948290E+0	3,440625E+3	5,427338E+0	3,440625E+3	-3,121503E+0	3,440625E+3	5,032176E+0	3,440625E+3	-2,213304E+0
3,442187E+3	4,702321E+0	3,442187E+3	-4,942289E+0	3,442187E+3	4,690027E+0	3,442187E+3	-5,048397E+0	3,442187E+3	4,729292E+0	3,442187E+3	-5,005079E+0	3,442187E+3	4,907736E+0	3,442187E+3	-4,833614E+0	3,442187E+3	5,203892E+0	3,442187E+3	-4,003961E+0	3,442187E+3	5,374044E+0	3,442187E+3	-2,918431E+0	3,442187E+3	5,040252E+0	3,442187E+3	-2,144589E+0
3,443750E+3	4,756201E+0	3,443750E+3	-4,982890E+0	3,443750E+3	4,672069E+0	3,443750E+3	-5,052770E+0	3,443750E+3	4,723559E+0	3,443750E+3	-5,054777E+0	3,443750E+3	4,941906E+0	3,443750E+3	-4,842806E+0	3,443750E+3	5,182298E+0	3,443750E+3	-3,985613E+0	3,443750E+3	5,471204E+0	3,443750E+3	-2,875201E+0	3,443750E+3	5,079980E+0	3,443750E+3	-2,194006E+0
3,445312E+3	4,773874E+0	3,445312E+3	-5,032311E+0	3,445312E+3	4,745187E+0	3,445312E+3	-5,023567E+0	3,445312E+3	4,731230E+0	3,445312E+3	-5,003487E+0	3,445312E+3	4,845647E+0	3,445312E+3	-4,766069E+0	3,445312E+3	5,285935E+0	3,445312E+3	-4,006802E+0	3,445312E+3	5,263662E+0	3,445312E+3	-3,027175E+0	3,445312E+3	4,910482E+0	3,445312E+3	-2,292387E+0
3,446875E+3	4,841657E+0	3,446875E+3	-4,974132E+0	3,446875E+3	4,691928E+0	3,446875E+3	-5,015957E+0	3,446875E+3	4,747027E+0	3,446875E+3	-4,944966E+0	3,446875E+3	4,911828E+0	3,446875E+3	-4,768263E+0	3,446875E+3	5,242288E+0	3,446875E+3	-3,998631E+0	3,446875E+3	5,209680E+0	3,446875E+3	-3,013219E+0	3,446875E+3	4,883660E+0	3,446875E+3	-2,184756E+0
3,448437E+3	4,661787E+0	3,448437E+3	-4,858754E+0	3,448437E+3	4,750418E+0	3,448437E+3	-5,012924E+0	3,448437E+3	4,726215E+0	3,448437E+3	-4,924619E+0	3,448437E+3	4,927588E+0	3,448437E+3	-4,817105E+0	3,448437E+3	5,227223E+0	3,448437E+3	-3,956148E+0	3,448437E+3	5,430125E+0	3,448437E+3	-2,972525E+0	3,448437E+3	5,020384E+0	3,448437E+3	-2,332322E+0
3,450000E+3	4,761803E+0	3,450000E+3	-4,882496E+0	3,450000E+3	4,767736E+0	3,450000E+3	-4,963867E+0	3,450000E+3	4,736057E+0	3,450000E+3	-4,911945E+0	3,450000E+3	4,914602E+0	3,450000E+3	-4,727106E+0	3,450000E+3	5,239391E+0	3,450000E+3	-3,911366E+0	3,450000E+3	5,564154E+0	3,450000E+3	-2,966519E+0	3,450000E+3	5,052012E+0	3,450000E+3	-2,289435E+0
3,451562E+3	4,792724E+0	3,451562E+3	-4,909149E+0	3,451562E+3	4,774597E+0	3,451562E+3	-4,981629E+0	3,451562E+3	4,782800E+0	3,451562E+3	-4,937725E+0	3,451562E+3	4,938281E+0	3,451562E+3	-4,710606E+0	3,451562E+3	5,342492E+0	3,451562E+3	-3,889001E+0	3,451562E+3	5,464694E+0	3,451562E+3	-2,876420E+0	3,451562E+3	5,083885E+0	3,451562E+3	-2,170992E+0
3,453125E+3	4,799887E+0	3,453125E+3	-4,908952E+0	3,453125E+3	4,783564E+0	3,453125E+3	-4,998967E+0	3,453125E+3	4,840739E+0	3,453125E+3	-4,898477E+0	3,453125E+3	4,989351E+0	3,453125E+3	-4,634665E+0	3,453125E+3	5,319078E+0	3,453125E+3	-3,929389E+0	3,453125E+3	5,284449E+0	3,453125E+3	-2,891716E+0	3,453125E+3	5,066458E+0	3,453125E+3	-1,930011E+0
3,454687E+3	4,809972E+0	3,454687E+3	-4,901146E+0	3,454687E+3	4,815413E+0	3,454687E+3	-4,958962E+0	3,454687E+3	4,853644E+0	3,454687E+3	-4,865466E+0	3,454687E+3	4,934376E+0	3,454687E+3	-4,686640E+0	3,454687E+3	5,332556E+0	3,454687E+3	-3,867786E+0	3,454687E+3	5,280186E+0	3,454687E+3	-2,987091E+0	3,454687E+3	4,911055E+0	3,454687E+3	-1,894304E+0
3,456250E+3	4,816015E+0	3,456250E+3	-4,918271E+0	3,456250E+3	4,914259E+0	3,456250E+3	-4,925478E+0	3,456250E+3	4,843940E+0	3,456250E+3	-4,877732E+0	3,456250E+3	4,966148E+0	3,456250E+3	-4,699694E+0	3,456250E+3	5,281914E+0	3,456250E+3	-3,910853E+0	3,456250E+3	5,432760E+0	3,456250E+3	-3,095715E+0	3,456250E+3	4,937609E+0	3,456250E+3	-2,038222E+0
3,457812E+3	4,881088E+0	3,457812E+3	-4,933926E+0	3,457812E+3	4,788472E+0	3,457812E+3	-4,904666E+0	3,457812E+3	4,852020E+0	3,457812E+3	-4,905231E+0	3,457812E+3	5,043624E+0	3,457812E+3	-4,653491E+0	3,457812E+3	5,392602E+0	3,457812E+3	-3,962036E+0	3,457812E+3	5,401438E+0	3,457812E+3	-2,987172E+0	3,457812E+3	5,029857E+0	3,457812E+3	-2,132715E+0
3,459375E+3	4,942203E+0	3,459375E+3	-4,908715E+0	3,459375E+3	4,871053E+0	3,459375E+3	-4,873463E+0	3,459375E+3	4,881680E+0	3,459375E+3	-4,913278E+0	3,459375E+3	4,988028E+0	3,459375E+3	-4,700308E+0	3,459375E+3	5,421831E+0	3,459375E+3	-4,012475E+0	3,459375E+3	5,549966E+0	3,459375E+3	-2,986481E+0	3,459375E+3	5,136272E+0	3,459375E+3	-2,105931E+0
3,460937E+3	4,905527E+0	3,460937E+3	-4,836750E+0	3,460937E+3	4,888340E+0	3,460937E+3	-4,894514E+0	3,460937E+3	4,866757E+0	3,460937E+3	-4,907173E+0	3,460937E+3	5,043541E+0	3,460937E+3	-4,695517E+0	3,460937E+3	5,400599E+0	3,460937E+3	-4,040657E+0	3,460937E+3	5,439876E+0	3,460937E+3	-3,047793E+0	3,460937E+3	5,007862E+0	3,460937E+3	-1,932707E+0
3,462500E+3	4,954284E+0	3,462500E+3	-4,853145E+0	3,462500E+3	4,899369E+0	3,462500E+3	-4,919129E+0	3,462500E+3	4,944654E+0	3,462500E+3	-4,933486E+0	3,462500E+3	5,063100E+0	3,462500E+3	-4,714628E+0	3,462500E+3	5,330724E+0	3,462500E+3	-3,983380E+0	3,462500E+3	5,328337E+0	3,462500E+3	-3,009486E+0	3,462500E+3	4,939989E+0	3,462500E+3	-2,025324E+0
3,464062E+3	4,992795E+0	3,464062E+3	-4,916592E+0	3,464062E+3	4,910288E+0	3,464062E+3	-4,975442E+0	3,464062E+3	4,930414E+0	3,464062E+3	-4,904484E+0	3,464062E+3	5,082596E+0	3,464062E+3	-4,717011E+0	3,464062E+3	5,423655E+0	3,464062E+3	-4,025284E+0	3,464062E+3	5,312891E+0	3,464062E+3	-2,903819E+0	3,464062E+3	5,139170E+0	3,464062E+3	-2,015735E+0
3,465625E+3	5,012047E+0	3,465625E+3	-4,904175E+0	3,465625E+3	4,931916E+0	3,465625E+3	-4,967394E+0	3,465625E+3	4,946911E+0	3,465625E+3	-4,893752E+0	3,465625E+3	5,120682E+0	3,465625E+3	-4,728449E+0	3,465625E+3	5,381255E+0	3,465625E+3	-3,987824E+0	3,465625E+3	5,487241E+0	3,465625E+3	-2,976585E+0	3,465625E+3	5,151138E+0	3,465625E+3	-1,901984E+0
3,467187E+3	4,922555E+0	3,467187E+3	-5,036094E+0	3,467187E+3	4,986443E+0	3,467187E+3	-5,045111E+0	3,467187E+3	4,936271E+0	3,467187E+3	-4,934781E+0	3,467187E+3	5,188291E+0	3,467187E+3	-4,772848E+0	3,467187E+3	5,362431E+0	3,467187E+3	-3,885156E+0	3,467187E+3	5,580658E+0	3,467187E+3	-3,158765E+0	3,467187E+3	5,101588E+0	3,467187E+3	-1,983502E+0
3,468750E+3	5,039509E+0	3,468750E+3	-5,050222E+0	3,468750E+3	4,935870E+0	3,468750E+3	-5,015985E+0	3,468750E+3	4,912996E+0	3,468750E+3	-4,924005E+0	3,468750E+3	5,135145E+0	3,468750E+3	-4,728154E+0	3,468750E+3	5,509924E+0	3,468750E+3	-3,890999E+0	3,468750E+3	5,477457E+0	3,468750E+3	-3,131765E+0	3,468750E+3	5,258686E+0	3,468750E+3	-2,105885E+0
3,470312E+3	4,908405E+0	3,470312E+3	-5,029399E+0	3,470312E+3	4,997959E+0	3,470312E+3	-5,009373E+0	3,470312E+3	4,982229E+0	3,470312E+3	-4,961127E+0	3,470312E+3	5,096111E+0	3,470312E+3	-4,726779E+0	3,470312E+3	5,414384E+0	3,470312E+3	-3,997348E+0	3,470312E+3	5,481275E+0	3,470312E+3	-3,061242E+0	3,470312E+3	5,298775E+0	3,470312E+3	-2,172227E+0
3,471875E+3	5,006420E+0	3,471875E+3	-4,937667E+0	3,471875E+3	4,912060E+0	3,471875E+3	-5,067033E+0	3,471875E+3	5,011959E+0	3,471875E+3	-5,018912E+0	3,471875E+3	5,073618E+0	3,471875E+3	-4,808140E+0	3,471875E+3	5,561403E+0	3,471875E+3	-3,965234E+0	3,471875E+3	5,559145E+0	3,471875E+3	-3,027078E+0	3,471875E+3	5,074481E+0	3,471875E+3	-2,058277E+0
3,473437E+3	5,003444E+0	3,473437E+3	-4,969654E+0	3,473437E+3	4,968157E+0	3,473437E+3	-5,098137E+0	3,473437E+3	5,013176E+0	3,473437E+3	-5,056346E+0	3,473437E+3	5,095996E+0	3,473437E+3	-4,880287E+0	3,473437E+3	5,424521E+0	3,473437E+3	-3,953925E+0	3,473437E+3	5,602074E+0	3,473437E+3	-3,094276E+0	3,473437E+3	5,432147E+0	3,473437E+3	-2,043734E+0
3,475000E+3	4,904165E+0	3,475000E+3	-5,120338E+0	3,475000E+3	4,964005E+0	3,475000E+3	-5,169631E+0	3,475000E+3	4,941032E+0	3,475000E+3	-5,058058E+0	3,475000E+3	5,116695E+0	3,475000E+3	-4,876884E+0	3,475000E+3	5,462490E+0	3,475000E+3	-4,095149E+0	3,475000E+3	5,706714E+0	3,475000E+3	-3,131909E+0	3,475000E+3	5,430330E+0	3,475000E+3	-1,948654E+0
3,476562E+3	4,854234E+0	3,476562E+3	-5,093171E+0	3,476562E+3	4,904671E+0	3,476562E+3	-5,119345E+0	3,476562E+3	4,930121E+0	3,476562E+3	-5,052324E+0	3,476562E+3	5,164648E+0	3,476562E+3	-4,915280E+0	3,476562E+3	5,514157E+0	3,476562E+3	-4,059995E+0	3,476562E+3	5,679595E+0	3,476562E+3	-3,221829E+0	3,476562E+3	5,240032E+0	3,476562E+3	-1,864314E+0
3,478125E+3	4,939486E+0	3,478125E+3	-5,100914E+0	3,478125E+3	4,912858E+0	3,478125E+3	-5,117694E+0	3,478125E+3	4,953709E+0	3,478125E+3	-5,098292E+0	3,478125E+3	5,062527E+0	3,478125E+3	-4,899537E+0	3,478125E+3	5,470238E+0	3,478125E+3	-4,011310E+0	3,478125E+3	5,546912E+0	3,478125E+3	-3,307567E+0	3,478125E+3	5,246511E+0	3,478125E+3	-2,046924E+0
3,479687E+3	4,912311E+0	3,479687E+3	-5,122784E+0	3,479687E+3	4,879567E+0	3,479687E+3	-5,117825E+0	3,479687E+3	4,914563E+0	3,479687E+3	-5,136166E+0	3,479687E+3	5,079335E+0	3,479687E+3	-4,908483E+0	3,479687E+3	5,490615E+0	3,479687E+3	-4,067139E+0	3,479687E+3	5,869379E+0	3,479687E+3	-3,275747E+0	3,479687E+3	5,356071E+0	3,479687E+3	-2,030714E+0
3,481250E+3	4,906435E+0	3,481250E+3	-5,230243E+0	3,481250E+3	4,944141E+0	3,481250E+3	-5,162503E+0	3,481250E+3	4,878866E+0	3,481250E+3	-5,060622E+0	3,481250E+3	5,078562E+0	3,481250E+3	-4,925921E+0	3,481250E+3	5,385620E+0	3,481250E+3	-4,122707E+0	3,481250E+3	5,658509E+0	3,481250E+3	-3,130502E+0	3,481250E+3	5,354018E+0	3,481250E+3	-1,939538E+0
3,482812E+3	5,090313E+0	3,482812E+3	-5,283967E+0	3,482812E+3	4,889225E+0	3,482812E+3	-5,215578E+0	3,482812E+3	4,866445E+0	3,482812E+3	-5,098917E+0	3,482812E+3	5,087114E+0	3,482812E+3	-4,952663E+0	3,482812E+3	5,399021E+0	3,482812E+3	-4,195040E+0	3,482812E+3	5,416586E+0	3,482812E+3	-2,850687E+0	3,482812E+3	5,310881E+0	3,482812E+3	-2,167339E+0
3,484375E+3	4,715150E+0	3,484375E+3	-5,170307E+0	3,484375E+3	4,828379E+0	3,484375E+3	-5,156447E+0	3,484375E+3	4,926332E+0	3,484375E+3	-5,085336E+0	3,484375E+3	4,949468E+0	3,484375E+3	-4,979623E+0	3,484375E+3	5,471887E+0	3,484375E+3	-4,026511E+0	3,484375E+3	5,424802E+0	3,484375E+3	-2,855766E+0	3,484375E+3	5,460119E+0	3,484375E+3	-2,145426E+0
3,485937E+3	4,724773E+0	3,485937E+3	-5,193638E+0	3,485937E+3	4,887030E+0	3,485937E+3	-5,115764E+0	3,485937E+3	4,834643E+0	3,485937E+3	-5,058286E+0	3,485937E+3	5,031408E+0	3,485937E+3	-4,959082E+0	3,485937E+3	5,517325E+0	3,485937E+3	-4,111701E+0	3,485937E+3	5,605636E+0	3,485937E+3	-2,914863E+0	3,485937E+3	5,545574E+0	3,485937E+3	-2,093416E+0
3,487500E+3	4,791528E+0	3,487500E+3	-5,245928E+0	3,487500E+3	4,790464E+0	3,487500E+3	-5,154113E+0	3,487500E+3	4,846817E+0	3,487500E+3	-5,233935E+0	3,487500E+3	5,022924E+0	3,487500E+3	-4,934407E+0	3,487500E+3	5,509727E+0	3,487500E+3	-4,248199E+0	3,487500E+3	5,574483E+0	3,487500E+3	-2,849386E+0	3,487500E+3	5,480273E+0	3,487500E+3	-2,047248E+0
3,489062E+3	4,878326E+0	3,489062E+3	-5,353625E+0	3,489062E+3	4,789856E+0	3,489062E+3	-5,161959E+0	3,489062E+3	4,850849E+0	3,489062E+3	-5,165243E+0	3,489062E+3	5,013400E+0	3,489062E+3	-4,923422E+0	3,489062E+3	5,600097E+0	3,489062E+3	-4,351750E+0	3,489062E+3	5,623169E+0	3,489062E+3	-3,042997E+0	3,489062E+3	5,293220E+0	3,489062E+3	-2,239930E+0
3,490625E+3	4,749820E+0	3,490625E+3	-5,130854E+0	3,490625E+3	4,767320E+0	3,490625E+3	-5,132616E+0	3,490625E+3	4,805389E+0	3,490625E+3	-5,170314E+0	3,490625E+3	4,965883E+0	3,490625E+3	-4,912993E+0	3,490625E+3	5,613973E+0	3,490625E+3	-4,321500E+0	3,490625E+3	5,544751E+0	3,490625E+3	-3,144160E+0	3,490625E+3	5,318908E+0	3,490625E+3	-2,112491E+0
3,492187E+3	4,692392E+0	3,492187E+3	-5,254794E+0	3,492187E+3	4,798798E+0	3,492187E+3	-5,166105E+0	3,492187E+3	4,816762E+0	3,492187E+3	-5,172769E+0	3,492187E+3	4,972843E+0	3,492187E+3	-5,021050E+0	3,492187E+3	5,634810E+0	3,492187E+3	-4,295800E+0	3,492187E+3	5,809693E+0	3,492187E+3	-3,044276E+0	3,492187E+3	5,286008E+0	3,492187E+3	-2,149312E+0
3,493750E+3	4,764062E+0	3,493750E+3	-5,322454E+0	3,493750E+3	4,744520E+0	3,493750E+3	-5,173599E+0	3,493750E+3	4,708521E+0	3,493750E+3	-5,172199E+0	3,493750E+3	4,928675E+0	3,493750E+3	-5,027449E+0	3,493750E+3	5,583802E+0	3,493750E+3	-4,355867E+0	3,493750E+3	5,603533E+0	3,493750E+3	-3,083489E+0	3,493750E+3	5,433364E+0	3,493750E+3	-2,131885E+0
3,495312E+3	4,676796E+0	3,495312E+3	-5,215375E+0	3,495312E+3	4,745395E+0	3,495312E+3	-5,172931E+0	3,495312E+3	4,772107E+0	3,495312E+3	-5,196737E+0	3,495312E+3	4,930497E+0	3,495312E+3	-4,959080E+0	3,495312E+3	5,452084E+0	3,495312E+3	-4,190411E+0	3,495312E+3	5,689041E+0	3,495312E+3	-3,080482E+0	3,495312E+3	5,735310E+0	3,495312E+3	-2,104730E+0
3,496875E+3	4,668376E+0	3,496875E+3	-5,117045E+0	3,496875E+3	4,727337E+0	3,496875E+3	-5,156862E+0	3,496875E+3	4,648543E+0	3,496875E+3	-5,158319E+0	3,496875E+3	4,869048E+0	3,496875E+3	-4,982569E+0	3,496875E+3	5,170157E+0	3,496875E+3	-3,890564E+0	3,496875E+3	5,866673E+0	3,496875E+3	-2,982422E+0	3,496875E+3	5,491449E+0	3,496875E+3	-2,040004E+0
3,498437E+3	4,719813E+0	3,498437E+3	-5,142727E+0	3,498437E+3	4,636015E+0	3,498437E+3	-5,198648E+0	3,498437E+3	4,707049E+0	3,498437E+3	-5,248951E+0	3,498437E+3	4,818449E+0	3,498437E+3	-5,025440E+0	3,498437E+3	5,220656E+0	3,498437E+3	-4,198766E+0	3,498437E+3	5,955751E+0	3,498437E+3	-3,325272E+0	3,498437E+3	5,731366E+0	3,498437E+3	-2,185991E+0
3,500000E+3	4,625783E+0	3,500000E+3	-5,201384E+0	3,500000E+3	4,641234E+0	3,500000E+3	-5,252146E+0	3,500000E+3	4,600030E+0	3,500000E+3	-5,176031E+0	3,500000E+3	4,894336E+0	3,500000E+3	-4,953974E+0	3,500000E+3	5,260029E+0	3,500000E+3	-4,271117E+0	3,500000E+3	5,636347E+0	3,500000E+3	-3,298630E+0	3,500000E+3	5,357946E+0	3,500000E+3	-2,131066E+0
3,501562E+3	4,562175E+0	3,501562E+3	-5,214081E+0	3,501562E+3	4,614238E+0	3,501562E+3	-5,215397E+0	3,501562E+3	4,683052E+0	3,501562E+3	-5,170891E+0	3,501562E+3	4,861933E+0	3,501562E+3	-5,045999E+0	3,501562E+3	5,373712E+0	3,501562E+3	-4,188911E+0	3,501562E+3	5,752767E+0	3,501562E+3	-3,151106E+0	3,501562E+3	5,368138E+0	3,501562E+3	-1,889656E+0
3,503125E+3	4,433712E+0	3,503125E+3	-5,088607E+0	3,503125E+3	4,582573E+0	3,503125E+3	-5,151175E+0	3,503125E+3	4,640095E+0	3,503125E+3	-5,155933E+0	3,503125E+3	4,829963E+0	3,503125E+3	-5,105898E+0	3,503125E+3	5,396457E+0	3,503125E+3	-4,212537E+0	3,503125E+3	5,296308E+0	3,503125E+3	-3,304800E+0	3,503125E+3	5,124704E+0	3,503125E+3	-2,042638E+0
3,504687E+3	4,522965E+0	3,504687E+3	-5,020861E+0	3,504687E+3	4,551246E+0	3,504687E+3	-5,187749E+0	3,504687E+3	4,581908E+0	3,504687E+3	-5,115473E+0	3,504687E+3	4,736243E+0	3,504687E+3	-5,013977E+0	3,504687E+3	5,298499E+0	3,504687E+3	-4,226118E+0	3,504687E+3	5,440622E+0	3,504687E+3	-3,138881E+0	3,504687E+3	5,064248E+0	3,504687E+3	-1,943815E+0
3,506250E+3	4,497199E+0	3,506250E+3	-5,037170E+0	3,506250E+3	4,494615E+0	3,506250E+3	-5,135639E+0	3,506250E+3	4,572376E+0	3,506250E+3	-5,171264E+0	3,506250E+3	4,737054E+0	3,506250E+3	-5,019871E+0	3,506250E+3	5,141558E+0	3,506250E+3	-4,195378E+0	3,506250E+3	5,414909E+0	3,506250E+3	-3,336197E+0	3,506250E+3	5,180836E+0	3,506250E+3	-2,304505E+0
3,507812E+3	4,441319E+0	3,507812E+3	-5,171501E+0	3,507812E+3	4,576978E+0	3,507812E+3	-5,180855E+0	3,507812E+3	4,549290E+0	3,507812E+3	-5,034508E+0	3,507812E+3	4,836204E+0	3,507812E+3	-4,951843E+0	3,507812E+3	4,941256E+0	3,507812E+3	-4,398886E+0	3,507812E+3	5,098603E+0	3,507812E+3	-3,509047E+0	3,507812E+3	5,131284E+0	3,507812E+3	-2,581690E+0
3,509375E+3	4,412151E+0	3,509375E+3	-5,256819E+0	3,509375E+3	4,567515E+0	3,509375E+3	-5,140371E+0	3,509375E+3	4,605330E+0	3,509375E+3	-5,027180E+0	3,509375E+3	4,755318E+0	3,509375E+3	-4,913237E+0	3,509375E+3	5,157391E+0	3,509375E+3	-4,310120E+0	3,509375E+3	5,250186E+0	3,509375E+3	-3,342288E+0	3,509375E+3	5,323109E+0	3,509375E+3	-2,234578E+0
3,510937E+3	4,436485E+0	3,510937E+3	-5,193181E+0	3,510937E+3	4,530644E+0	3,510937E+3	-5,047855E+0	3,510937E+3	4,469278E+0	3,510937E+3	-5,017655E+0	3,510937E+3	4,678473E+0	3,510937E+3	-4,878290E+0	3,510937E+3	5,494271E+0	3,510937E+3	-4,203238E+0	3,510937E+3	5,475731E+0	3,510937E+3	-3,202166E+0	3,510937E+3	5,222240E+0	3,510937E+3	-2,036643E+0
3,512500E+3	4,364016E+0	3,512500E+3	-4,973318E+0	3,512500E+3	4,434317E+0	3,512500E+3	-5,035355E+0	3,512500E+3	4,550624E+0	3,512500E+3	-5,072845E+0	3,512500E+3	4,802937E+0	3,512500E+3	-4,921080E+0	3,512500E+3	5,347456E+0	3,512500E+3	-4,385291E+0	3,512500E+3	5,612451E+0	3,512500E+3	-3,033191E+0	3,512500E+3	4,779726E+0	3,512500E+3	-2,114030E+0
3,514062E+3	4,013448E+0	3,514062E+3	-5,051133E+0	3,514062E+3	4,407462E+0	3,514062E+3	-5,079839E+0	3,514062E+3	4,431695E+0	3,514062E+3	-5,038826E+0	3,514062E+3	4,562234E+0	3,514062E+3	-5,027418E+0	3,514062E+3	5,140997E+0	3,514062E+3	-4,205280E+0	3,514062E+3	5,623625E+0	3,514062E+3	-3,182044E+0	3,514062E+3	5,285608E+0	3,514062E+3	-2,121158E+0
3,515625E+3	4,055930E+0	3,515625E+3	-5,129454E+0	3,515625E+3	4,425533E+0	3,515625E+3	-5,039916E+0	3,515625E+3	4,477345E+0	3,515625E+3	-5,066048E+0	3,515625E+3	4,689312E+0	3,515625E+3	-4,930887E+0	3,515625E+3	5,329059E+0	3,515625E+3	-4,132749E+0	3,515625E+3	5,480095E+0	3,515625E+3	-3,033484E+0	3,515625E+3	5,566847E+0	3,515625E+3	-2,134598E+0
3,517187E+3	4,303230E+0	3,517187E+3	-4,915474E+0	3,517187E+3	4,450606E+0	3,517187E+3	-4,985317E+0	3,517187E+3	4,429095E+0	3,517187E+3	-5,020175E+0	3,517187E+3	4,675575E+0	3,517187E+3	-4,899878E+0	3,517187E+3	5,181421E+0	3,517187E+3	-4,230807E+0	3,517187E+3	5,304020E+0	3,517187E+3	-3,073798E+0	3,517187E+3	5,492606E+0	3,517187E+3	-2,296347E+0
3,518750E+3	4,341992E+0	3,518750E+3	-4,891158E+0	3,518750E+3	4,370742E+0	3,518750E+3	-5,021172E+0	3,518750E+3	4,485956E+0	3,518750E+3	-5,077480E+0	3,518750E+3	4,661349E+0	3,518750E+3	-4,903468E+0	3,518750E+3	5,091132E+0	3,518750E+3	-4,308208E+0	3,518750E+3	5,723792E+0	3,518750E+3	-3,290149E+0	3,518750E+3	5,513719E+0	3,518750E+3	-2,344314E+0
3,520312E+3	4,529743E+0	3,520312E+3	-5,232402E+0	3,520312E+3	4,339693E+0	3,520312E+3	-5,015103E+0	3,520312E+3	4,450002E+0	3,520312E+3	-5,028145E+0	3,520312E+3	4,598143E+0	3,520312E+3	-4,822874E+0	3,520312E+3	5,159019E+0	3,520312E+3	-4,299503E+0	3,520312E+3	5,979362E+0	3,520312E+3	-3,271204E+0	3,520312E+3	5,417050E+0	3,520312E+3	-2,654027E+0
3,521875E+3	4,442457E+0	3,521875E+3	-5,505250E+0	3,521875E+3	4,420724E+0	3,521875E+3	-4,965216E+0	3,521875E+3	4,442178E+0	3,521875E+3	-4,977342E+0	3,521875E+3	4,585583E+0	3,521875E+3	-4,869934E+0	3,521875E+3	5,108944E+0	3,521875E+3	-4,231889E+0	3,521875E+3	5,438511E+0	3,521875E+3	-3,203225E+0	3,521875E+3	5,564791E+0	3,521875E+3	-2,141964E+0
3,523437E+3	4,278682E+0	3,523437E+3	-5,085691E+0	3,523437E+3	4,382604E+0	3,523437E+3	-4,934103E+0	3,523437E+3	4,389988E+0	3,523437E+3	-4,988511E+0	3,523437E+3	4,503952E+0	3,523437E+3	-4,895744E+0	3,523437E+3	5,129231E+0	3,523437E+3	-4,103627E+0	3,523437E+3	5,311690E+0	3,523437E+3	-2,876197E+0	3,523437E+3	5,646739E+0	3,523437E+3	-1,650215E+0
3,525000E+3	4,338752E+0	3,525000E+3	-4,978621E+0	3,525000E+3	4,370881E+0	3,525000E+3	-4,922148E+0	3,525000E+3	4,329245E+0	3,525000E+3	-4,978833E+0	3,525000E+3	4,550001E+0	3,525000E+3	-4,758580E+0	3,525000E+3	5,079730E+0	3,525000E+3	-4,037237E+0	3,525000E+3	5,277475E+0	3,525000E+3	-3,026561E+0	3,525000E+3	5,306076E+0	3,525000E+3	-2,160671E+0
3,526562E+3	4,341739E+0	3,526562E+3	-4,988903E+0	3,526562E+3	4,339131E+0	3,526562E+3	-4,933358E+0	3,526562E+3	4,346063E+0	3,526562E+3	-4,959987E+0	3,526562E+3	4,541925E+0	3,526562E+3	-4,749003E+0	3,526562E+3	5,092830E+0	3,526562E+3	-4,171282E+0	3,526562E+3	5,296943E+0	3,526562E+3	-3,241222E+0	3,526562E+3	4,794123E+0	3,526562E+3	-2,523252E+0
3,528125E+3	4,199735E+0	3,528125E+3	-5,079307E+0	3,528125E+3	4,368121E+0	3,528125E+3	-4,899252E+0	3,528125E+3	4,444566E+0	3,528125E+3	-4,873713E+0	3,528125E+3	4,468225E+0	3,528125E+3	-4,671251E+0	3,528125E+3	5,057569E+0	3,528125E+3	-4,327435E+0	3,528125E+3	5,187680E+0	3,528125E+3	-3,089297E+0	3,528125E+3	4,914998E+0	3,528125E+3	-2,299224E+0
3,529687E+3	4,476030E+0	3,529687E+3	-4,754679E+0	3,529687E+3	4,383075E+0	3,529687E+3	-4,900817E+0	3,529687E+3	4,366469E+0	3,529687E+3	-4,803175E+0	3,529687E+3	4,539845E+0	3,529687E+3	-4,681751E+0	3,529687E+3	4,942157E+0	3,529687E+3	-4,130275E+0	3,529687E+3	5,172694E+0	3,529687E+3	-3,314481E+0	3,529687E+3	5,293321E+0	3,529687E+3	-2,602947E+0
3,531250E+3	4,379409E+0	3,531250E+3	-4,671285E+0	3,531250E+3	4,377696E+0	3,531250E+3	-4,858275E+0	3,531250E+3	4,330279E+0	3,531250E+3	-4,744684E+0	3,531250E+3	4,577050E+0	3,531250E+3	-4,701161E+0	3,531250E+3	4,942840E+0	3,531250E+3	-4,107284E+0	3,531250E+3	5,439881E+0	3,531250E+3	-3,487689E+0	3,531250E+3	5,163754E+0	3,531250E+3	-2,070902E+0
3,532812E+3	4,114119E+0	3,532812E+3	-4,680174E+0	3,532812E+3	4,344695E+0	3,532812E+3	-4,852298E+0	3,532812E+3	4,389113E+0	3,532812E+3	-4,743484E+0	3,532812E+3	4,548918E+0	3,532812E+3	-4,714102E+0	3,532812E+3	5,031570E+0	3,532812E+3	-4,001638E+0	3,532812E+3	5,602176E+0	3,532812E+3	-3,563219E+0	3,532812E+3	5,562680E+0	3,532812E+3	-2,128177E+0
3,534375E+3	4,166524E+0	3,534375E+3	-4,807013E+0	3,534375E+3	4,285950E+0	3,534375E+3	-4,753571E+0	3,534375E+3	4,307021E+0	3,534375E+3	-4,837638E+0	3,534375E+3	4,490802E+0	3,534375E+3	-4,696597E+0	3,534375E+3	4,949645E+0	3,534375E+3	-3,956381E+0	3,534375E+3	5,255778E+0	3,534375E+3	-3,616592E+0	3,534375E+3	5,264853E+0	3,534375E+3	-2,728094E+0
3,535937E+3	4,129032E+0	3,535937E+3	-4,826122E+0	3,535937E+3	4,353987E+0	3,535937E+3	-4,815961E+0	3,535937E+3	4,288462E+0	3,535937E+3	-4,781678E+0	3,535937E+3	4,528007E+0	3,535937E+3	-4,605886E+0	3,535937E+3	5,052804E+0	3,535937E+3	-3,992176E+0	3,535937E+3	5,379996E+0	3,535937E+3	-3,378906E+0	3,535937E+3	5,457286E+0	3,535937E+3	-2,335229E+0
3,537500E+3	4,069927E+0	3,537500E+3	-4,668600E+0	3,537500E+3	4,275364E+0	3,537500E+3	-4,818017E+0	3,537500E+3	4,322342E+0	3,537500E+3	-4,708963E+0	3,537500E+3	4,547172E+0	3,537500E+3	-4,650172E+0	3,537500E+3	4,925098E+0	3,537500E+3	-4,259536E+0	3,537500E+3	5,315673E+0	3,537500E+3	-3,379143E+0	3,537500E+3	5,517304E+0	3,537500E+3	-2,219725E+0
3,539062E+3	4,325778E+0	3,539062E+3	-4,719338E+0	3,539062E+3	4,181705E+0	3,539062E+3	-4,698939E+0	3,539062E+3	4,291238E+0	3,539062E+3	-4,684747E+0	3,539062E+3	4,556133E+0	3,539062E+3	-4,619531E+0	3,539062E+3	4,908784E+0	3,539062E+3	-3,971375E+0	3,539062E+3	5,024274E+0	3,539062E+3	-3,269321E+0	3,539062E+3	5,552411E+0	3,539062E+3	-2,087385E+0
3,540625E+3	4,245444E+0	3,540625E+3	-4,745547E+0	3,540625E+3	4,385686E+0	3,540625E+3	-4,745228E+0	3,540625E+3	4,285479E+0	3,540625E+3	-4,732439E+0	3,540625E+3	4,545059E+0	3,540625E+3	-4,602641E+0	3,540625E+3	4,843412E+0	3,540625E+3	-3,799861E+0	3,540625E+3	5,505279E+0	3,540625E+3	-3,344107E+0	3,540625E+3	5,540734E+0	3,540625E+3	-2,277939E+0
3,542187E+3	4,494771E+0	3,542187E+3	-4,720737E+0	3,542187E+3	4,484289E+0	3,542187E+3	-4,717024E+0	3,542187E+3	4,378353E+0	3,542187E+3	-4,702509E+0	3,542187E+3	4,529618E+0	3,542187E+3	-4,504784E+0	3,542187E+3	4,910333E+0	3,542187E+3	-3,983238E+0	3,542187E+3	5,464454E+0	3,542187E+3	-3,434541E+0	3,542187E+3	5,321888E+0	3,542187E+3	-2,199355E+0
3,543750E+3	4,697672E+0	3,543750E+3	-4,710350E+0	3,543750E+3	4,284773E+0	3,543750E+3	-4,702579E+0	3,543750E+3	4,371600E+0	3,543750E+3	-4,694234E+0	3,543750E+3	4,543643E+0	3,543750E+3	-4,586546E+0	3,543750E+3	4,936062E+0	3,543750E+3	-4,152379E+0	3,543750E+3	5,954026E+0	3,543750E+3	-3,343278E+0	3,543750E+3	5,336072E+0	3,543750E+3	-2,058221E+0
3,545312E+3	4,182778E+0	3,545312E+3	-4,799244E+0	3,545312E+3	4,315224E+0	3,545312E+3	-4,638184E+0	3,545312E+3	4,360513E+0	3,545312E+3	-4,694007E+0	3,545312E+3	4,466318E+0	3,545312E+3	-4,510788E+0	3,545312E+3	5,201048E+0	3,545312E+3	-4,233590E+0	3,545312E+3	5,607953E+0	3,545312E+3	-2,961168E+0	3,545312E+3	5,268034E+0	3,545312E+3	-2,124313E+0
3,546875E+3	4,173593E+0	3,546875E+3	-4,585742E+0	3,546875E+3	4,301142E+0	3,546875E+3	-4,584047E+0	3,546875E+3	4,320662E+0	3,546875E+3	-4,570616E+0	3,546875E+3	4,538149E+0	3,546875E+3	-4,468560E+0	3,546875E+3	5,077557E+0	3,546875E+3	-3,990016E+0	3,546875E+3	5,508639E+0	3,546875E+3	-3,459298E+0	3,546875E+3	5,330468E+0	3,546875E+3	-1,986376E+0
3,548437E+3	4,130835E+0	3,548437E+3	-4,554123E+0	3,548437E+3	4,342540E+0	3,548437E+3	-4,646756E+0	3,548437E+3	4,354969E+0	3,548437E+3	-4,539592E+0	3,548437E+3	4,485064E+0	3,548437E+3	-4,480667E+0	3,548437E+3	5,079177E+0	3,548437E+3	-3,624331E+0	3,548437E+3	5,459488E+0	3,548437E+3	-3,550521E+0	3,548437E+3	5,242694E+0	3,548437E+3	-2,295332E+0
3,550000E+3	4,112828E+0	3,550000E+3	-4,513505E+0	3,550000E+3	4,309792E+0	3,550000E+3	-4,579604E+0	3,550000E+3	4,324518E+0	3,550000E+3	-4,575643E+0	3,550000E+3	4,515664E+0	3,550000E+3	-4,493702E+0	3,550000E+3	4,932789E+0	3,550000E+3	-3,756416E+0	3,550000E+3	5,972408E+0	3,550000E+3	-3,205927E+0	3,550000E+3	5,399605E+0	3,550000E+3	-2,177947E+0
3,551562E+3	4,292601E+0	3,551562E+3	-4,617274E+0	3,551562E+3	4,370549E+0	3,551562E+3	-4,609574E+0	3,551562E+3	4,299860E+0	3,551562E+3	-4,601403E+0	3,551562E+3	4,563459E+0	3,551562E+3	-4,508194E+0	3,551562E+3	5,109821E+0	3,551562E+3	-3,638385E+0	3,551562E+3	5,434176E+0	3,551562E+3	-3,349146E+0	3,551562E+3	5,226264E+0	3,551562E+3	-2,063211E+0
3,553125E+3	4,394171E+0	3,553125E+3	-4,643383E+0	3,553125E+3	4,369673E+0	3,553125E+3	-4,527641E+0	3,553125E+3	4,365006E+0	3,553125E+3	-4,543960E+0	3,553125E+3	4,486784E+0	3,553125E+3	-4,373085E+0	3,553125E+3	5,004665E+0	3,553125E+3	-3,616407E+0	3,553125E+3	5,285007E+0	3,553125E+3	-3,169681E+0	3,553125E+3	5,179562E+0	3,553125E+3	-2,473910E+0
3,554687E+3	4,398220E+0	3,554687E+3	-4,490087E+0	3,554687E+3	4,336903E+0	3,554687E+3	-4,561770E+0	3,554687E+3	4,328339E+0	3,554687E+3	-4,494516E+0	3,554687E+3	4,473012E+0	3,554687E+3	-4,293415E+0	3,554687E+3	4,809626E+0	3,554687E+3	-3,883863E+0	3,554687E+3	4,968913E+0	3,554687E+3	-2,948723E+0	3,554687E+3	5,037172E+0	3,554687E+3	-2,427051E+0
3,556250E+3	4,298271E+0	3,556250E+3	-4,539402E+0	3,556250E+3	4,367118E+0	3,556250E+3	-4,588711E+0	3,556250E+3	4,345622E+0	3,556250E+3	-4,534439E+0	3,556250E+3	4,480646E+0	3,556250E+3	-4,352404E+0	3,556250E+3	5,074365E+0	3,556250E+3	-3,789359E+0	3,556250E+3	5,039432E+0	3,556250E+3	-3,037288E+0	3,556250E+3	5,173045E+0	3,556250E+3	-2,510407E+0
3,557812E+3	4,387773E+0	3,557812E+3	-4,646960E+0	3,557812E+3	4,322882E+0	3,557812E+3	-4,500226E+0	3,557812E+3	4,288122E+0	3,557812E+3	-4,535567E+0	3,557812E+3	4,515742E+0	3,557812E+3	-4,349737E+0	3,557812E+3	5,297004E+0	3,557812E+3	-3,902377E+0	3,557812E+3	5,530772E+0	3,557812E+3	-3,209707E+0	3,557812E+3	4,906928E+0	3,557812E+3	-2,405912E+0
3,559375E+3	4,350202E+0	3,559375E+3	-4,487801E+0	3,559375E+3	4,280420E+0	3,559375E+3	-4,484000E+0	3,559375E+3	4,349374E+0	3,559375E+3	-4,481749E+0	3,559375E+3	4,590176E+0	3,559375E+3	-4,346135E+0	3,559375E+3	5,385974E+0	3,559375E+3	-3,920653E+0	3,559375E+3	5,299605E+0	3,559375E+3	-3,199653E+0	3,559375E+3	5,349850E+0	3,559375E+3	-2,307361E+0
3,560937E+3	4,306466E+0	3,560937E+3	-4,521616E+0	3,560937E+3	4,348217E+0	3,560937E+3	-4,528400E+0	3,560937E+3	4,349920E+0	3,560937E+3	-4,487185E+0	3,560937E+3	4,504257E+0	3,560937E+3	-4,351039E+0	3,560937E+3	5,077528E+0	3,560937E+3	-3,833588E+0	3,560937E+3	5,230007E+0	3,560937E+3	-2,985377E+0	3,560937E+3	5,386575E+0	3,560937E+3	-2,395452E+0
3,562500E+3	4,309413E+0	3,562500E+3	-4,622443E+0	3,562500E+3	4,353345E+0	3,562500E+3	-4,558024E+0	3,562500E+3	4,334203E+0	3,562500E+3	-4,461604E+0	3,562500E+3	4,550129E+0	3,562500E+3	-4,408797E+0	3,562500E+3	5,000079E+0	3,562500E+3	-3,828730E+0	3,562500E+3	5,401740E+0	3,562500E+3	-2,910406E+0	3,562500E+3	5,445975E+0	3,562500E+3	-2,025279E+0
3,564062E+3	4,479193E+0	3,564062E+3	-4,486700E+0	3,564062E+3	4,390251E+0	3,564062E+3	-4,513267E+0	3,564062E+3	4,304251E+0	3,564062E+3	-4,477678E+0	3,564062E+3	4,509909E+0	3,564062E+3	-4,396474E+0	3,564062E+3	5,050781E+0	3,564062E+3	-3,827242E+0	3,564062E+3	5,224843E+0	3,564062E+3	-3,007263E+0	3,564062E+3	5,861978E+0	3,564062E+3	-1,827024E+0
3,565625E+3	4,432248E+0	3,565625E+3	-4,533069E+0	3,565625E+3	4,335397E+0	3,565625E+3	-4,452487E+0	3,565625E+3	4,373685E+0	3,565625E+3	-4,453155E+0	3,565625E+3	4,594669E+0	3,565625E+3	-4,379477E+0	3,565625E+3	5,198554E+0	3,565625E+3	-3,687716E+0	3,565625E+3	5,293547E+0	3,565625E+3	-3,132340E+0	3,565625E+3	5,508821E+0	3,565625E+3	-1,862438E+0
3,567187E+3	4,314460E+0	3,567187E+3	-4,750620E+0	3,567187E+3	4,376643E+0	3,567187E+3	-4,528871E+0	3,567187E+3	4,341136E+0	3,567187E+3	-4,438395E+0	3,567187E+3	4,546074E+0	3,567187E+3	-4,286842E+0	3,567187E+3	5,144376E+0	3,567187E+3	-3,787032E+0	3,567187E+3	5,699635E+0	3,567187E+3	-3,399203E+0	3,567187E+3	4,992025E+0	3,567187E+3	-2,195905E+0
3,568750E+3	4,558998E+0	3,568750E+3	-4,592182E+0	3,568750E+3	4,332417E+0	3,568750E+3	-4,437321E+0	3,568750E+3	4,328058E+0	3,568750E+3	-4,395554E+0	3,568750E+3	4,594400E+0	3,568750E+3	-4,346575E+0	3,568750E+3	4,866101E+0	3,568750E+3	-3,877092E+0	3,568750E+3	5,601431E+0	3,568750E+3	-3,098173E+0	3,568750E+3	5,049233E+0	3,568750E+3	-2,348405E+0
3,570312E+3	4,447288E+0	3,570312E+3	-4,616700E+0	3,570312E+3	4,301346E+0	3,570312E+3	-4,509140E+0	3,570312E+3	4,341020E+0	3,570312E+3	-4,434335E+0	3,570312E+3	4,554640E+0	3,570312E+3	-4,342945E+0	3,570312E+3	5,146682E+0	3,570312E+3	-3,808681E+0	3,570312E+3	5,484439E+0	3,570312E+3	-2,957097E+0	3,570312E+3	5,131789E+0	3,570312E+3	-2,111480E+0
3,571875E+3	4,263210E+0	3,571875E+3	-4,383173E+0	3,571875E+3	4,387632E+0	3,571875E+3	-4,544447E+0	3,571875E+3	4,341525E+0	3,571875E+3	-4,450463E+0	3,571875E+3	4,505864E+0	3,571875E+3	-4,362651E+0	3,571875E+3	5,230191E+0	3,571875E+3	-3,719455E+0	3,571875E+3	5,298013E+0	3,571875E+3	-3,091920E+0	3,571875E+3	5,311703E+0	3,571875E+3	-2,257044E+0
3,573437E+3	4,326592E+0	3,573437E+3	-4,400455E+0	3,573437E+3	4,273843E+0	3,573437E+3	-4,457666E+0	3,573437E+3	4,301447E+0	3,573437E+3	-4,443578E+0	3,573437E+3	4,537021E+0	3,573437E+3	-4,367497E+0	3,573437E+3	4,861646E+0	3,573437E+3	-3,741507E+0	3,573437E+3	5,158629E+0	3,573437E+3	-3,301082E+0	3,573437E+3	5,585693E+0	3,573437E+3	-2,073762E+0
3,575000E+3	4,345468E+0	3,575000E+3	-4,393669E+0	3,575000E+3	4,261870E+0	3,575000E+3	-4,450104E+0	3,575000E+3	4,342920E+0	3,575000E+3	-4,440156E+0	3,575000E+3	4,585864E+0	3,575000E+3	-4,333517E+0	3,575000E+3	4,986874E+0	3,575000E+3	-3,747881E+0	3,575000E+3	5,242248E+0	3,575000E+3	-2,913703E+0	3,575000E+3	5,123766E+0	3,575000E+3	-2,317518E+0
3,576562E+3	4,250453E+0	3,576562E+3	-4,248572E+0	3,576562E+3	4,344233E+0	3,576562E+3	-4,465980E+0	3,576562E+3	4,295702E+0	3,576562E+3	-4,444705E+0	3,576562E+3	4,397391E+0	3,576562E+3	-4,305119E+0	3,576562E+3	4,968548E+0	3,576562E+3	-3,819405E+0	3,576562E+3	5,323994E+0	3,576562E+3	-2,726560E+0	3,576562E+3	5,173444E+0	3,576562E+3	-2,332492E+0
3,578125E+3	4,211556E+0	3,578125E+3	-4,223897E+0	3,578125E+3	4,288067E+0	3,578125E+3	-4,456950E+0	3,578125E+3	4,270224E+0	3,578125E+3	-4,437839E+0	3,578125E+3	4,487159E+0	3,578125E+3	-4,270199E+0	3,578125E+3	4,879277E+0	3,578125E+3	-3,717362E+0	3,578125E+3	5,430721E+0	3,578125E+3	-2,778210E+0	3,578125E+3	5,120714E+0	3,578125E+3	-2,343936E+0
3,579687E+3	4,165621E+0	3,579687E+3	-4,258574E+0	3,579687E+3	4,231985E+0	3,579687E+3	-4,392502E+0	3,579687E+3	4,307818E+0	3,579687E+3	-4,349744E+0	3,579687E+3	4,536851E+0	3,579687E+3	-4,295170E+0	3,579687E+3	4,940001E+0	3,579687E+3	-3,638723E+0	3,579687E+3	5,698716E+0	3,579687E+3	-2,718879E+0	3,579687E+3	5,334460E+0	3,579687E+3	-2,279344E+0
3,581250E+3	4,211669E+0	3,581250E+3	-4,299927E+0	3,581250E+3	4,290680E+0	3,581250E+3	-4,334474E+0	3,581250E+3	4,281822E+0	3,581250E+3	-4,310172E+0	3,581250E+3	4,466045E+0	3,581250E+3	-4,228576E+0	3,581250E+3	4,969364E+0	3,581250E+3	-3,619096E+0	3,581250E+3	5,322988E+0	3,581250E+3	-2,792062E+0	3,581250E+3	5,295134E+0	3,581250E+3	-2,242356E+0
3,582812E+3	4,265907E+0	3,582812E+3	-4,260546E+0	3,582812E+3	4,254562E+0	3,582812E+3	-4,415143E+0	3,582812E+3	4,231550E+0	3,582812E+3	-4,323850E+0	3,582812E+3	4,506141E+0	3,582812E+3	-4,203343E+0	3,582812E+3	5,039275E+0	3,582812E+3	-3,720370E+0	3,582812E+3	5,161661E+0	3,582812E+3	-2,807773E+0	3,582812E+3	4,960086E+0	3,582812E+3	-1,992142E+0
3,584375E+3	4,176086E+0	3,584375E+3	-4,240905E+0	3,584375E+3	4,174366E+0	3,584375E+3	-4,339433E+0	3,584375E+3	4,264545E+0	3,584375E+3	-4,335013E+0	3,584375E+3	4,495189E+0	3,584375E+3	-4,153892E+0	3,584375E+3	5,070670E+0	3,584375E+3	-3,746739E+0	3,584375E+3	5,213710E+0	3,584375E+3	-2,971416E+0	3,584375E+3	5,239601E+0	3,584375E+3	-2,184518E+0
3,585937E+3	4,271178E+0	3,585937E+3	-4,308539E+0	3,585937E+3	4,196664E+0	3,585937E+3	-4,337015E+0	3,585937E+3	4,207352E+0	3,585937E+3	-4,352753E+0	3,585937E+3	4,360325E+0	3,585937E+3	-4,250247E+0	3,585937E+3	5,034627E+0	3,585937E+3	-3,793001E+0	3,585937E+3	5,424011E+0	3,585937E+3	-3,119809E+0	3,585937E+3	5,231737E+0	3,585937E+3	-2,341898E+0
3,587500E+3	4,103608E+0	3,587500E+3	-4,304257E+0	3,587500E+3	4,198497E+0	3,587500E+3	-4,282625E+0	3,587500E+3	4,143715E+0	3,587500E+3	-4,319219E+0	3,587500E+3	4,410212E+0	3,587500E+3	-4,241216E+0	3,587500E+3	4,979100E+0	3,587500E+3	-3,861346E+0	3,587500E+3	5,588205E+0	3,587500E+3	-3,160772E+0	3,587500E+3	5,251023E+0	3,587500E+3	-2,564799E+0
3,589062E+3	4,138681E+0	3,589062E+3	-4,433771E+0	3,589062E+3	4,177254E+0	3,589062E+3	-4,315310E+0	3,589062E+3	4,202975E+0	3,589062E+3	-4,270419E+0	3,589062E+3	4,425477E+0	3,589062E+3	-4,233594E+0	3,589062E+3	4,950064E+0	3,589062E+3	-3,722671E+0	3,589062E+3	5,330737E+0	3,589062E+3	-2,843619E+0	3,589062E+3	5,084957E+0	3,589062E+3	-2,192435E+0
3,590625E+3	4,149296E+0	3,590625E+3	-4,196580E+0	3,590625E+3	4,135730E+0	3,590625E+3	-4,392769E+0	3,590625E+3	4,189512E+0	3,590625E+3	-4,282631E+0	3,590625E+3	4,380684E+0	3,590625E+3	-4,171435E+0	3,590625E+3	4,859380E+0	3,590625E+3	-3,465705E+0	3,590625E+3	5,312767E+0	3,590625E+3	-2,802510E+0	3,590625E+3	5,292685E+0	3,590625E+3	-1,994820E+0
3,592187E+3	4,016024E+0	3,592187E+3	-4,230309E+0	3,592187E+3	4,148188E+0	3,592187E+3	-4,299675E+0	3,592187E+3	4,164327E+0	3,592187E+3	-4,292133E+0	3,592187E+3	4,344998E+0	3,592187E+3	-4,135789E+0	3,592187E+3	4,820077E+0	3,592187E+3	-3,652272E+0	3,592187E+3	5,371332E+0	3,592187E+3	-2,935728E+0	3,592187E+3	5,142816E+0	3,592187E+3	-2,117370E+0
3,593750E+3	4,173823E+0	3,593750E+3	-4,235289E+0	3,593750E+3	4,107425E+0	3,593750E+3	-4,280063E+0	3,593750E+3	4,163021E+0	3,593750E+3	-4,272312E+0	3,593750E+3	4,366443E+0	3,593750E+3	-4,100490E+0	3,593750E+3	4,935520E+0	3,593750E+3	-3,713322E+0	3,593750E+3	5,241647E+0	3,593750E+3	-3,001136E+0	3,593750E+3	5,009615E+0	3,593750E+3	-2,080090E+0
3,595312E+3	4,163948E+0	3,595312E+3	-4,207729E+0	3,595312E+3	4,115544E+0	3,595312E+3	-4,270362E+0	3,595312E+3	4,135961E+0	3,595312E+3	-4,251085E+0	3,595312E+3	4,349520E+0	3,595312E+3	-4,090119E+0	3,595312E+3	4,958656E+0	3,595312E+3	-3,673449E+0	3,595312E+3	5,159011E+0	3,595312E+3	-2,834696E+0	3,595312E+3	5,113059E+0	3,595312E+3	-1,724506E+0
3,596875E+3	3,893221E+0	3,596875E+3	-4,340123E+0	3,596875E+3	3,998693E+0	3,596875E+3	-4,215887E+0	3,596875E+3	3,975060E+0	3,596875E+3	-4,251469E+0	3,596875E+3	4,186768E+0	3,596875E+3	-4,085372E+0	3,596875E+3	4,786326E+0	3,596875E+3	-3,682716E+0	3,596875E+3	5,205733E+0	3,596875E+3	-2,991866E+0	3,596875E+3	5,305480E+0	3,596875E+3	-1,834083E+0
3,598437E+3	3,935826E+0	3,598437E+3	-4,279049E+0	3,598437E+3	3,965490E+0	3,598437E+3	-4,176715E+0	3,598437E+3	4,031038E+0	3,598437E+3	-4,182382E+0	3,598437E+3	4,260946E+0	3,598437E+3	-4,119020E+0	3,598437E+3	4,819381E+0	3,598437E+3	-3,647266E+0	3,598437E+3	5,264851E+0	3,598437E+3	-2,903102E+0	3,598437E+3	5,279880E+0	3,598437E+3	-2,071686E+0
3,600000E+3	3,922106E+0	3,600000E+3	-4,151309E+0	3,600000E+3	3,978835E+0	3,600000E+3	-4,120335E+0	3,600000E+3	3,980695E+0	3,600000E+3	-4,115832E+0	3,600000E+3	4,252631E+0	3,600000E+3	-4,031143E+0	3,600000E+3	4,730742E+0	3,600000E+3	-3,464632E+0	3,600000E+3	5,293741E+0	3,600000E+3	-2,934971E+0	3,600000E+3	5,011956E+0	3,600000E+3	-2,002437E+0
3,601562E+3	4,004051E+0	3,601562E+3	-4,106242E+0	3,601562E+3	4,015005E+0	3,601562E+3	-4,153702E+0	3,601562E+3	3,988951E+0	3,601562E+3	-4,159569E+0	3,601562E+3	4,163968E+0	3,601562E+3	-4,060682E+0	3,601562E+3	4,808280E+0	3,601562E+3	-3,471758E+0	3,601562E+3	5,077988E+0	3,601562E+3	-2,945538E+0	3,601562E+3	5,095897E+0	3,601562E+3	-1,924224E+0
3,603125E+3	4,130435E+0	3,603125E+3	-4,117077E+0	3,603125E+3	3,925240E+0	3,603125E+3	-4,124849E+0	3,603125E+3	4,012587E+0	3,603125E+3	-4,101517E+0	3,603125E+3	4,154389E+0	3,603125E+3	-4,047561E+0	3,603125E+3	4,666267E+0	3,603125E+3	-3,492533E+0	3,603125E+3	5,027434E+0	3,603125E+3	-2,911941E+0	3,603125E+3	4,953615E+0	3,603125E+3	-1,993469E+0
3,604687E+3	3,912369E+0	3,604687E+3	-4,149056E+0	3,604687E+3	3,922609E+0	3,604687E+3	-4,083893E+0	3,604687E+3	3,965500E+0	3,604687E+3	-4,036147E+0	3,604687E+3	4,152668E+0	3,604687E+3	-3,998677E+0	3,604687E+3	4,826673E+0	3,604687E+3	-3,500639E+0	3,604687E+3	4,934723E+0	3,604687E+3	-2,874344E+0	3,604687E+3	4,770479E+0	3,604687E+3	-1,840144E+0
3,606250E+3	3,826190E+0	3,606250E+3	-4,120061E+0	3,606250E+3	3,951558E+0	3,606250E+3	-4,106701E+0	3,606250E+3	3,934989E+0	3,606250E+3	-4,075695E+0	3,606250E+3	4,140756E+0	3,606250E+3	-3,939837E+0	3,606250E+3	4,792758E+0	3,606250E+3	-3,433843E+0	3,606250E+3	4,966665E+0	3,606250E+3	-2,896183E+0	3,606250E+3	4,971581E+0	3,606250E+3	-1,822784E+0
3,607812E+3	3,844792E+0	3,607812E+3	-4,003136E+0	3,607812E+3	3,949395E+0	3,607812E+3	-4,058759E+0	3,607812E+3	3,944395E+0	3,607812E+3	-4,011486E+0	3,607812E+3	4,107536E+0	3,607812E+3	-3,920620E+0	3,607812E+3	4,684254E+0	3,607812E+3	-3,368356E+0	3,607812E+3	4,986678E+0	3,607812E+3	-2,830498E+0	3,607812E+3	5,279776E+0	3,607812E+3	-1,779252E+0
3,609375E+3	3,879614E+0	3,609375E+3	-3,966320E+0	3,609375E+3	3,907949E+0	3,609375E+3	-3,996902E+0	3,609375E+3	3,907714E+0	3,609375E+3	-3,956672E+0	3,609375E+3	4,118482E+0	3,609375E+3	-3,866617E+0	3,609375E+3	4,559009E+0	3,609375E+3	-3,441296E+0	3,609375E+3	5,182419E+0	3,609375E+3	-2,707772E+0	3,609375E+3	5,300049E+0	3,609375E+3	-1,916242E+0
3,610937E+3	4,013213E+0	3,610937E+3	-4,004742E+0	3,610937E+3	3,831016E+0	3,610937E+3	-3,963983E+0	3,610937E+3	3,894927E+0	3,610937E+3	-3,926788E+0	3,610937E+3	4,106685E+0	3,610937E+3	-3,855248E+0	3,610937E+3	4,717004E+0	3,610937E+3	-3,454911E+0	3,610937E+3	4,973356E+0	3,610937E+3	-2,597996E+0	3,610937E+3	4,961591E+0	3,610937E+3	-1,827017E+0
3,612500E+3	3,888645E+0	3,612500E+3	-3,957536E+0	3,612500E+3	3,840750E+0	3,612500E+3	-3,934969E+0	3,612500E+3	3,911653E+0	3,612500E+3	-3,918317E+0	3,612500E+3	4,090686E+0	3,612500E+3	-3,809325E+0	3,612500E+3	4,666972E+0	3,612500E+3	-3,485189E+0	3,612500E+3	5,041523E+0	3,612500E+3	-2,620299E+0	3,612500E+3	5,038429E+0	3,612500E+3	-1,716725E+0
3,614062E+3	3,800209E+0	3,614062E+3	-3,941354E+0	3,614062E+3	3,818308E+0	3,614062E+3	-3,925747E+0	3,614062E+3	3,837024E+0	3,614062E+3	-3,943091E+0	3,614062E+3	4,046324E+0	3,614062E+3	-3,815790E+0	3,614062E+3	4,608061E+0	3,614062E+3	-3,397165E+0	3,614062E+3	5,071438E+0	3,614062E+3	-2,616390E+0	3,614062E+3	5,186869E+0	3,614062E+3	-1,787902E+0
3,615625E+3	3,841572E+0	3,615625E+3	-3,943558E+0	3,615625E+3	3,843316E+0	3,615625E+3	-3,895797E+0	3,615625E+3	3,849989E+0	3,615625E+3	-3,914984E+0	3,615625E+3	4,014268E+0	3,615625E+3	-3,822917E+0	3,615625E+3	4,503444E+0	3,615625E+3	-3,318352E+0	3,615625E+3	5,113355E+0	3,615625E+3	-2,520671E+0	3,615625E+3	5,211207E+0	3,615625E+3	-1,830348E+0
3,617187E+3	3,894040E+0	3,617187E+3	-3,832558E+0	3,617187E+3	3,878851E+0	3,617187E+3	-3,857550E+0	3,617187E+3	3,848193E+0	3,617187E+3	-3,851342E+0	3,617187E+3	4,053177E+0	3,617187E+3	-3,778725E+0	3,617187E+3	4,655933E+0	3,617187E+3	-3,286461E+0	3,617187E+3	5,172193E+0	3,617187E+3	-2,393748E+0	3,617187E+3	5,100432E+0	3,617187E+3	-1,854696E+0
3,618750E+3	3,844682E+0	3,618750E+3	-3,831098E+0	3,618750E+3	3,831026E+0	3,618750E+3	-3,814268E+0	3,618750E+3	3,875303E+0	3,618750E+3	-3,851047E+0	3,618750E+3	4,053597E+0	3,618750E+3	-3,734860E+0	3,618750E+3	4,641513E+0	3,618750E+3	-3,327246E+0	3,618750E+3	5,120025E+0	3,618750E+3	-2,523036E+0	3,618750E+3	5,025276E+0	3,618750E+3	-1,927368E+0
3,620312E+3	3,791005E+0	3,620312E+3	-3,811468E+0	3,620312E+3	3,808302E+0	3,620312E+3	-3,756559E+0	3,620312E+3	3,828230E+0	3,620312E+3	-3,728053E+0	3,620312E+3	4,023976E+0	3,620312E+3	-3,697911E+0	3,620312E+3	4,656967E+0	3,620312E+3	-3,312128E+0	3,620312E+3	5,023343E+0	3,620312E+3	-2,539174E+0	3,620312E+3	5,131207E+0	3,620312E+3	-1,750006E+0
3,621875E+3	3,816491E+0	3,621875E+3	-3,757882E+0	3,621875E+3	3,774027E+0	3,621875E+3	-3,779049E+0	3,621875E+3	3,841104E+0	3,621875E+3	-3,766668E+0	3,621875E+3	3,990240E+0	3,621875E+3	-3,698885E+0	3,621875E+3	4,595474E+0	3,621875E+3	-3,194294E+0	3,621875E+3	5,144504E+0	3,621875E+3	-2,520439E+0	3,621875E+3	5,079720E+0	3,621875E+3	-1,636153E+0
3,623437E+3	3,900332E+0	3,623437E+3	-3,690488E+0	3,623437E+3	3,779085E+0	3,623437E+3	-3,721497E+0	3,623437E+3	3,805186E+0	3,623437E+3	-3,758147E+0	3,623437E+3	4,025368E+0	3,623437E+3	-3,623101E+0	3,623437E+3	4,596183E+0	3,623437E+3	-3,210069E+0	3,623437E+3	5,048965E+0	3,623437E+3	-2,486671E+0	3,623437E+3	5,162553E+0	3,623437E+3	-1,662004E+0
3,625000E+3	3,846516E+0	3,625000E+3	-3,698875E+0	3,625000E+3	3,758544E+0	3,625000E+3	-3,673545E+0	3,625000E+3	3,809613E+0	3,625000E+3	-3,685343E+0	3,625000E+3	4,000914E+0	3,625000E+3	-3,591648E+0	3,625000E+3	4,582479E+0	3,625000E+3	-3,192019E+0	3,625000E+3	4,856660E+0	3,625000E+3	-2,431952E+0	3,625000E+3	4,976726E+0	3,625000E+3	-1,807962E+0
3,626562E+3	3,689912E+0	3,626562E+3	-3,714988E+0	3,626562E+3	3,728180E+0	3,626562E+3	-3,691669E+0	3,626562E+3	3,740623E+0	3,626562E+3	-3,643163E+0	3,626562E+3	3,975286E+0	3,626562E+3	-3,576187E+0	3,626562E+3	4,561416E+0	3,626562E+3	-3,220419E+0	3,626562E+3	4,909727E+0	3,626562E+3	-2,583761E+0	3,626562E+3	4,926862E+0	3,626562E+3	-1,688433E+0
3,628125E+3	3,674855E+0	3,628125E+3	-3,609387E+0	3,628125E+3	3,762875E+0	3,628125E+3	-3,676725E+0	3,628125E+3	3,764286E+0	3,628125E+3	-3,606922E+0	3,628125E+3	3,917397E+0	3,628125E+3	-3,577654E+0	3,628125E+3	4,582355E+0	3,628125E+3	-3,161798E+0	3,628125E+3	4,925749E+0	3,628125E+3	-2,468270E+0	3,628125E+3	5,092275E+0	3,628125E+3	-1,565297E+0
3,629687E+3	3,748690E+0	3,629687E+3	-3,616830E+0	3,629687E+3	3,690504E+0	3,629687E+3	-3,589972E+0	3,629687E+3	3,705981E+0	3,629687E+3	-3,570241E+0	3,629687E+3	3,911292E+0	3,629687E+3	-3,516746E+0	3,629687E+3	4,650314E+0	3,629687E+3	-3,079673E+0	3,629687E+3	4,993171E+0	3,629687E+3	-2,435003E+0	3,629687E+3	5,350273E+0	3,629687E+3	-1,418526E+0
3,631250E+3	3,747719E+0	3,631250E+3	-3,654541E+0	3,631250E+3	3,709296E+0	3,631250E+3	-3,586378E+0	3,631250E+3	3,764118E+0	3,631250E+3	-3,580681E+0	3,631250E+3	3,906289E+0	3,631250E+3	-3,520977E+0	3,631250E+3	4,548455E+0	3,631250E+3	-3,118038E+0	3,631250E+3	5,024801E+0	3,631250E+3	-2,496266E+0	3,631250E+3	5,116639E+0	3,631250E+3	-1,590505E+0
3,632812E+3	3,693643E+0	3,632812E+3	-3,517900E+0	3,632812E+3	3,657344E+0	3,632812E+3	-3,518544E+0	3,632812E+3	3,732775E+0	3,632812E+3	-3,507026E+0	3,632812E+3	3,956258E+0	3,632812E+3	-3,456745E+0	3,632812E+3	4,507774E+0	3,632812E+3	-3,099027E+0	3,632812E+3	4,882642E+0	3,632812E+3	-2,384932E+0	3,632812E+3	5,127676E+0	3,632812E+3	-1,584923E+0
3,634375E+3	3,743059E+0	3,634375E+3	-3,623421E+0	3,634375E+3	3,698163E+0	3,634375E+3	-3,523564E+0	3,634375E+3	3,692181E+0	3,634375E+3	-3,471756E+0	3,634375E+3	3,911148E+0	3,634375E+3	-3,419279E+0	3,634375E+3	4,517846E+0	3,634375E+3	-3,000844E+0	3,634375E+3	4,782331E+0	3,634375E+3	-2,431831E+0	3,634375E+3	4,879048E+0	3,634375E+3	-1,603410E+0
3,635937E+3	3,717070E+0	3,635937E+3	-3,530904E+0	3,635937E+3	3,641220E+0	3,635937E+3	-3,482635E+0	3,635937E+3	3,712381E+0	3,635937E+3	-3,472944E+0	3,635937E+3	3,872679E+0	3,635937E+3	-3,408772E+0	3,635937E+3	4,549081E+0	3,635937E+3	-2,967715E+0	3,635937E+3	4,880638E+0	3,635937E+3	-2,494589E+0	3,635937E+3	4,809519E+0	3,635937E+3	-1,541081E+0
3,637500E+3	3,649052E+0	3,637500E+3	-3,499685E+0	3,637500E+3	3,725479E+0	3,637500E+3	-3,442751E+0	3,637500E+3	3,667368E+0	3,637500E+3	-3,452321E+0	3,637500E+3	3,858308E+0	3,637500E+3	-3,383011E+0	3,637500E+3	4,585730E+0	3,637500E+3	-2,936117E+0	3,637500E+3	4,985208E+0	3,637500E+3	-2,324096E+0	3,637500E+3	4,930652E+0	3,637500E+3	-1,666388E+0
3,639062E+3	3,641071E+0	3,639062E+3	-3,398609E+0	3,639062E+3	3,637637E+0	3,639062E+3	-3,350649E+0	3,639062E+3	3,642732E+0	3,639062E+3	-3,396043E+0	3,639062E+3	3,854193E+0	3,639062E+3	-3,327576E+0	3,639062E+3	4,506476E+0	3,639062E+3	-2,964913E+0	3,639062E+3	4,925175E+0	3,639062E+3	-2,154132E+0	3,639062E+3	5,016860E+0	3,639062E+3	-1,520356E+0
3,640625E+3	3,581902E+0	3,640625E+3	-3,292215E+0	3,640625E+3	3,648122E+0	3,640625E+3	-3,342251E+0	3,640625E+3	3,657829E+0	3,640625E+3	-3,398077E+0	3,640625E+3	3,790828E+0	3,640625E+3	-3,335772E+0	3,640625E+3	4,436543E+0	3,640625E+3	-3,026809E+0	3,640625E+3	4,872785E+0	3,640625E+3	-2,269652E+0	3,640625E+3	4,850334E+0	3,640625E+3	-1,268835E+0
3,642187E+3	3,521684E+0	3,642187E+3	-3,328867E+0	3,642187E+3	3,591939E+0	3,642187E+3	-3,372308E+0	3,642187E+3	3,596192E+0	3,642187E+3	-3,381470E+0	3,642187E+3	3,793154E+0	3,642187E+3	-3,319565E+0	3,642187E+3	4,451962E+0	3,642187E+3	-3,001738E+0	3,642187E+3	4,730582E+0	3,642187E+3	-2,312996E+0	3,642187E+3	4,862201E+0	3,642187E+3	-1,405769E+0
3,643750E+3	3,576767E+0	3,643750E+3	-3,339450E+0	3,643750E+3	3,579016E+0	3,643750E+3	-3,348867E+0	3,643750E+3	3,595452E+0	3,643750E+3	-3,330925E+0	3,643750E+3	3,776541E+0	3,643750E+3	-3,275675E+0	3,643750E+3	4,448191E+0	3,643750E+3	-2,923167E+0	3,643750E+3	4,858564E+0	3,643750E+3	-2,246619E+0	3,643750E+3	5,082657E+0	3,643750E+3	-1,531744E+0
3,645312E+3	3,590490E+0	3,645312E+3	-3,278262E+0	3,645312E+3	3,571682E+0	3,645312E+3	-3,331732E+0	3,645312E+3	3,633912E+0	3,645312E+3	-3,267032E+0	3,645312E+3	3,786126E+0	3,645312E+3	-3,216141E+0	3,645312E+3	4,469865E+0	3,645312E+3	-2,831042E+0	3,645312E+3	5,035821E+0	3,645312E+3	-2,199103E+0	3,645312E+3	5,226078E+0	3,645312E+3	-1,426846E+0
3,646875E+3	3,630643E+0	3,646875E+3	-3,204065E+0	3,646875E+3	3,570430E+0	3,646875E+3	-3,253162E+0	3,646875E+3	3,602179E+0	3,646875E+3	-3,229078E+0	3,646875E+3	3,774600E+0	3,646875E+3	-3,197932E+0	3,646875E+3	4,463484E+0	3,646875E+3	-2,823061E+0	3,646875E+3	4,975143E+0	3,646875E+3	-2,208331E+0	3,646875E+3	4,957976E+0	3,646875E+3	-1,373314E+0
3,648437E+3	3,664997E+0	3,648437E+3	-3,151064E+0	3,648437E+3	3,544514E+0	3,648437E+3	-3,206795E+0	3,648437E+3	3,602269E+0	3,648437E+3	-3,218766E+0	3,648437E+3	3,805519E+0	3,648437E+3	-3,143358E+0	3,648437E+3	4,476460E+0	3,648437E+3	-2,870604E+0	3,648437E+3	4,846998E+0	3,648437E+3	-2,203760E+0	3,648437E+3	4,901740E+0	3,648437E+3	-1,263176E+0
3,650000E+3	3,574211E+0	3,650000E+3	-3,180295E+0	3,650000E+3	3,593268E+0	3,650000E+3	-3,174155E+0	3,650000E+3	3,585823E+0	3,650000E+3	-3,205751E+0	3,650000E+3	3,743702E+0	3,650000E+3	-3,155542E+0	3,650000E+3	4,297243E+0	3,650000E+3	-2,861348E+0	3,650000E+3	4,833796E+0	3,650000E+3	-2,228120E+0	3,650000E+3	4,864481E+0	3,650000E+3	-1,282982E+0
3,651562E+3	3,500049E+0	3,651562E+3	-3,242795E+0	3,651562E+3	3,525005E+0	3,651562E+3	-3,193657E+0	3,651562E+3	3,563893E+0	3,651562E+3	-3,155972E+0	3,651562E+3	3,715983E+0	3,651562E+3	-3,119394E+0	3,651562E+3	4,277377E+0	3,651562E+3	-2,863121E+0	3,651562E+3	4,872282E+0	3,651562E+3	-2,130190E+0	3,651562E+3	5,005799E+0	3,651562E+3	-1,226136E+0
3,653125E+3	3,515406E+0	3,653125E+3	-3,226149E+0	3,653125E+3	3,539268E+0	3,653125E+3	-3,141935E+0	3,653125E+3	3,560017E+0	3,653125E+3	-3,126681E+0	3,653125E+3	3,713804E+0	3,653125E+3	-3,095751E+0	3,653125E+3	4,303408E+0	3,653125E+3	-2,773486E+0	3,653125E+3	4,806298E+0	3,653125E+3	-2,070712E+0	3,653125E+3	4,947852E+0	3,653125E+3	-1,097554E+0
3,654687E+3	3,405359E+0	3,654687E+3	-3,186319E+0	3,654687E+3	3,477238E+0	3,654687E+3	-3,096318E+0	3,654687E+3	3,554434E+0	3,654687E+3	-3,152769E+0	3,654687E+3	3,734808E+0	3,654687E+3	-3,066964E+0	3,654687E+3	4,277830E+0	3,654687E+3	-2,812346E+0	3,654687E+3	4,797578E+0	3,654687E+3	-2,008544E+0	3,654687E+3	4,988824E+0	3,654687E+3	-1,359671E+0
3,656250E+3	3,292625E+0	3,656250E+3	-3,088493E+0	3,656250E+3	3,494579E+0	3,656250E+3	-3,067622E+0	3,656250E+3	3,498546E+0	3,656250E+3	-3,084582E+0	3,656250E+3	3,695320E+0	3,656250E+3	-3,006064E+0	3,656250E+3	4,309230E+0	3,656250E+3	-2,716381E+0	3,656250E+3	4,857345E+0	3,656250E+3	-2,061227E+0	3,656250E+3	5,157928E+0	3,656250E+3	-1,189682E+0
3,657812E+3	3,387792E+0	3,657812E+3	-2,999578E+0	3,657812E+3	3,408324E+0	3,657812E+3	-3,028430E+0	3,657812E+3	3,523971E+0	3,657812E+3	-3,018683E+0	3,657812E+3	3,691556E+0	3,657812E+3	-2,959838E+0	3,657812E+3	4,224164E+0	3,657812E+3	-2,635946E+0	3,657812E+3	4,695750E+0	3,657812E+3	-1,939273E+0	3,657812E+3	5,128962E+0	3,657812E+3	-1,145259E+0
3,659375E+3	3,471500E+0	3,659375E+3	-2,984463E+0	3,659375E+3	3,397608E+0	3,659375E+3	-3,010356E+0	3,659375E+3	3,461259E+0	3,659375E+3	-2,999216E+0	3,659375E+3	3,706421E+0	3,659375E+3	-2,938880E+0	3,659375E+3	4,183945E+0	3,659375E+3	-2,628791E+0	3,659375E+3	4,709661E+0	3,659375E+3	-2,020057E+0	3,659375E+3	5,004596E+0	3,659375E+3	-1,374699E+0
3,660937E+3	3,401061E+0	3,660937E+3	-2,974173E+0	3,660937E+3	3,490314E+0	3,660937E+3	-2,965482E+0	3,660937E+3	3,453762E+0	3,660937E+3	-2,963919E+0	3,660937E+3	3,646212E+0	3,660937E+3	-2,842032E+0	3,660937E+3	4,221028E+0	3,660937E+3	-2,650015E+0	3,660937E+3	4,884069E+0	3,660937E+3	-2,067101E+0	3,660937E+3	4,944500E+0	3,660937E+3	-1,581899E+0
3,662500E+3	3,554107E+0	3,662500E+3	-2,939003E+0	3,662500E+3	3,541101E+0	3,662500E+3	-2,914874E+0	3,662500E+3	3,492631E+0	3,662500E+3	-2,943696E+0	3,662500E+3	3,621184E+0	3,662500E+3	-2,873234E+0	3,662500E+3	4,292866E+0	3,662500E+3	-2,612191E+0	3,662500E+3	4,922361E+0	3,662500E+3	-2,074894E+0	3,662500E+3	4,909943E+0	3,662500E+3	-1,401916E+0
3,664062E+3	3,670845E+0	3,664062E+3	-2,914543E+0	3,664062E+3	3,421848E+0	3,664062E+3	-2,922526E+0	3,664062E+3	3,454721E+0	3,664062E+3	-2,905321E+0	3,664062E+3	3,660166E+0	3,664062E+3	-2,872483E+0	3,664062E+3	4,287008E+0	3,664062E+3	-2,489356E+0	3,664062E+3	4,891251E+0	3,664062E+3	-2,128276E+0	3,664062E+3	4,948473E+0	3,664062E+3	-1,145865E+0
3,665625E+3	3,428258E+0	3,665625E+3	-2,869016E+0	3,665625E+3	3,425598E+0	3,665625E+3	-2,872985E+0	3,665625E+3	3,473418E+0	3,665625E+3	-2,850739E+0	3,665625E+3	3,651390E+0	3,665625E+3	-2,828439E+0	3,665625E+3	4,246444E+0	3,665625E+3	-2,449262E+0	3,665625E+3	4,664081E+0	3,665625E+3	-2,005635E+0	3,665625E+3	4,998102E+0	3,665625E+3	-1,113480E+0
3,667187E+3	3,379671E+0	3,667187E+3	-2,850280E+0	3,667187E+3	3,415277E+0	3,667187E+3	-2,850837E+0	3,667187E+3	3,414723E+0	3,667187E+3	-2,839181E+0	3,667187E+3	3,571371E+0	3,667187E+3	-2,784405E+0	3,667187E+3	4,221185E+0	3,667187E+3	-2,557324E+0	3,667187E+3	4,806839E+0	3,667187E+3	-1,963002E+0	3,667187E+3	4,875947E+0	3,667187E+3	-1,147109E+0
3,668750E+3	3,351013E+0	3,668750E+3	-2,884840E+0	3,668750E+3	3,375574E+0	3,668750E+3	-2,850348E+0	3,668750E+3	3,394942E+0	3,668750E+3	-2,822163E+0	3,668750E+3	3,564050E+0	3,668750E+3	-2,812909E+0	3,668750E+3	4,088983E+0	3,668750E+3	-2,557214E+0	3,668750E+3	4,753772E+0	3,668750E+3	-2,124615E+0	3,668750E+3	4,999743E+0	3,668750E+3	-1,042559E+0
3,670312E+3	3,254915E+0	3,670312E+3	-2,823325E+0	3,670312E+3	3,356149E+0	3,670312E+3	-2,773577E+0	3,670312E+3	3,406574E+0	3,670312E+3	-2,786470E+0	3,670312E+3	3,559775E+0	3,670312E+3	-2,775179E+0	3,670312E+3	4,076514E+0	3,670312E+3	-2,441059E+0	3,670312E+3	4,503167E+0	3,670312E+3	-1,966415E+0	3,670312E+3	5,148586E+0	3,670312E+3	-1,037047E+0
3,671875E+3	3,199905E+0	3,671875E+3	-2,765996E+0	3,671875E+3	3,384674E+0	3,671875E+3	-2,744231E+0	3,671875E+3	3,389410E+0	3,671875E+3	-2,753518E+0	3,671875E+3	3,596409E+0	3,671875E+3	-2,702615E+0	3,671875E+3	4,090799E+0	3,671875E+3	-2,374287E+0	3,671875E+3	4,645994E+0	3,671875E+3	-2,017386E+0	3,671875E+3	4,823193E+0	3,671875E+3	-1,079098E+0
3,673437E+3	3,331241E+0	3,673437E+3	-2,759432E+0	3,673437E+3	3,366870E+0	3,673437E+3	-2,711217E+0	3,673437E+3	3,335863E+0	3,673437E+3	-2,683556E+0	3,673437E+3	3,527668E+0	3,673437E+3	-2,691259E+0	3,673437E+3	4,085519E+0	3,673437E+3	-2,347288E+0	3,673437E+3	4,677307E+0	3,673437E+3	-1,904677E+0	3,673437E+3	4,579573E+0	3,673437E+3	-1,165440E+0
3,675000E+3	3,348393E+0	3,675000E+3	-2,710545E+0	3,675000E+3	3,298323E+0	3,675000E+3	-2,698235E+0	3,675000E+3	3,342138E+0	3,675000E+3	-2,667397E+0	3,675000E+3	3,491121E+0	3,675000E+3	-2,678292E+0	3,675000E+3	4,079588E+0	3,675000E+3	-2,353171E+0	3,675000E+3	4,546506E+0	3,675000E+3	-1,967816E+0	3,675000E+3	4,703226E+0	3,675000E+3	-1,119300E+0
3,676562E+3	3,313114E+0	3,676562E+3	-2,665487E+0	3,676562E+3	3,272756E+0	3,676562E+3	-2,669390E+0	3,676562E+3	3,300894E+0	3,676562E+3	-2,650582E+0	3,676562E+3	3,467129E+0	3,676562E+3	-2,647889E+0	3,676562E+3	4,064046E+0	3,676562E+3	-2,372542E+0	3,676562E+3	4,492580E+0	3,676562E+3	-2,040817E+0	3,676562E+3	4,855088E+0	3,676562E+3	-9,600343E-1
3,678125E+3	3,287859E+0	3,678125E+3	-2,639139E+0	3,678125E+3	3,267540E+0	3,678125E+3	-2,647560E+0	3,678125E+3	3,294924E+0	3,678125E+3	-2,648709E+0	3,678125E+3	3,428064E+0	3,678125E+3	-2,617661E+0	3,678125E+3	4,018026E+0	3,678125E+3	-2,288976E+0	3,678125E+3	4,605555E+0	3,678125E+3	-1,969739E+0	3,678125E+3	4,750481E+0	3,678125E+3	-1,023898E+0
3,679687E+3	3,362286E+0	3,679687E+3	-2,599777E+0	3,679687E+3	3,262931E+0	3,679687E+3	-2,612349E+0	3,679687E+3	3,281468E+0	3,679687E+3	-2,602125E+0	3,679687E+3	3,428509E+0	3,679687E+3	-2,557248E+0	3,679687E+3	3,996397E+0	3,679687E+3	-2,148784E+0	3,679687E+3	4,506241E+0	3,679687E+3	-2,023791E+0	3,679687E+3	4,603658E+0	3,679687E+3	-1,200916E+0
3,681250E+3	3,372630E+0	3,681250E+3	-2,582189E+0	3,681250E+3	3,248884E+0	3,681250E+3	-2,562728E+0	3,681250E+3	3,268875E+0	3,681250E+3	-2,547329E+0	3,681250E+3	3,405904E+0	3,681250E+3	-2,525831E+0	3,681250E+3	3,955004E+0	3,681250E+3	-2,269132E+0	3,681250E+3	4,398426E+0	3,681250E+3	-1,968677E+0	3,681250E+3	4,339652E+0	3,681250E+3	-1,334291E+0
3,682812E+3	3,352380E+0	3,682812E+3	-2,559248E+0	3,682812E+3	3,205271E+0	3,682812E+3	-2,545549E+0	3,682812E+3	3,246412E+0	3,682812E+3	-2,556762E+0	3,682812E+3	3,443251E+0	3,682812E+3	-2,504048E+0	3,682812E+3	3,924049E+0	3,682812E+3	-2,391483E+0	3,682812E+3	4,449495E+0	3,682812E+3	-1,889095E+0	3,682812E+3	4,421529E+0	3,682812E+3	-1,002353E+0
3,684375E+3	3,195082E+0	3,684375E+3	-2,615393E+0	3,684375E+3	3,175663E+0	3,684375E+3	-2,523182E+0	3,684375E+3	3,244746E+0	3,684375E+3	-2,520426E+0	3,684375E+3	3,420386E+0	3,684375E+3	-2,457996E+0	3,684375E+3	3,959994E+0	3,684375E+3	-2,261634E+0	3,684375E+3	4,473323E+0	3,684375E+3	-1,825961E+0	3,684375E+3	4,805262E+0	3,684375E+3	-1,049062E+0
3,685937E+3	3,028204E+0	3,685937E+3	-2,535731E+0	3,685937E+3	3,173460E+0	3,685937E+3	-2,498568E+0	3,685937E+3	3,223745E+0	3,685937E+3	-2,474690E+0	3,685937E+3	3,367626E+0	3,685937E+3	-2,488130E+0	3,685937E+3	3,945579E+0	3,685937E+3	-2,280379E+0	3,685937E+3	4,175012E+0	3,685937E+3	-2,018618E+0	3,685937E+3	4,753903E+0	3,685937E+3	-1,265993E+0
3,687500E+3	3,027138E+0	3,687500E+3	-2,494806E+0	3,687500E+3	3,169195E+0	3,687500E+3	-2,461319E+0	3,687500E+3	3,164841E+0	3,687500E+3	-2,440009E+0	3,687500E+3	3,350664E+0	3,687500E+3	-2,462110E+0	3,687500E+3	3,919751E+0	3,687500E+3	-2,176140E+0	3,687500E+3	4,258465E+0	3,687500E+3	-1,959891E+0	3,687500E+3	4,940002E+0	3,687500E+3	-1,414245E+0
3,689062E+3	3,095396E+0	3,689062E+3	-2,455601E+0	3,689062E+3	3,138788E+0	3,689062E+3	-2,377749E+0	3,689062E+3	3,178914E+0	3,689062E+3	-2,432375E+0	3,689062E+3	3,334816E+0	3,689062E+3	-2,393764E+0	3,689062E+3	3,872340E+0	3,689062E+3	-2,107381E+0	3,689062E+3	4,436280E+0	3,689062E+3	-1,442933E+0	3,689062E+3	4,819753E+0	3,689062E+3	-1,218914E+0
3,690625E+3	3,067287E+0	3,690625E+3	-2,404495E+0	3,690625E+3	3,137916E+0	3,690625E+3	-2,348256E+0	3,690625E+3	3,142987E+0	3,690625E+3	-2,382410E+0	3,690625E+3	3,319826E+0	3,690625E+3	-2,356809E+0	3,690625E+3	3,881626E+0	3,690625E+3	-2,106390E+0	3,690625E+3	4,379200E+0	3,690625E+3	-1,622889E+0	3,690625E+3	4,522046E+0	3,690625E+3	-8,332129E-1
3,692187E+3	3,129335E+0	3,692187E+3	-2,390112E+0	3,692187E+3	3,149654E+0	3,692187E+3	-2,351356E+0	3,692187E+3	3,162126E+0	3,692187E+3	-2,340101E+0	3,692187E+3	3,319136E+0	3,692187E+3	-2,290847E+0	3,692187E+3	3,879184E+0	3,692187E+3	-2,178144E+0	3,692187E+3	4,306776E+0	3,692187E+3	-1,592739E+0	3,692187E+3	4,435962E+0	3,692187E+3	-7,068892E-1
3,693750E+3	3,156867E+0	3,693750E+3	-2,345968E+0	3,693750E+3	3,115676E+0	3,693750E+3	-2,369223E+0	3,693750E+3	3,135369E+0	3,693750E+3	-2,309561E+0	3,693750E+3	3,288895E+0	3,693750E+3	-2,275289E+0	3,693750E+3	3,859472E+0	3,693750E+3	-2,118408E+0	3,693750E+3	4,274244E+0	3,693750E+3	-1,721225E+0	3,693750E+3	4,233320E+0	3,693750E+3	-1,023846E+0
3,695312E+3	3,118315E+0	3,695312E+3	-2,358250E+0	3,695312E+3	3,077433E+0	3,695312E+3	-2,291060E+0	3,695312E+3	3,111866E+0	3,695312E+3	-2,287958E+0	3,695312E+3	3,281771E+0	3,695312E+3	-2,293420E+0	3,695312E+3	3,840442E+0	3,695312E+3	-2,071236E+0	3,695312E+3	4,368014E+0	3,695312E+3	-1,572204E+0	3,695312E+3	4,409798E+0	3,695312E+3	-9,939437E-1
3,696875E+3	3,126501E+0	3,696875E+3	-2,309807E+0	3,696875E+3	3,052612E+0	3,696875E+3	-2,279324E+0	3,696875E+3	3,111945E+0	3,696875E+3	-2,251997E+0	3,696875E+3	3,268362E+0	3,696875E+3	-2,257252E+0	3,696875E+3	3,889297E+0	3,696875E+3	-2,118840E+0	3,696875E+3	4,322894E+0	3,696875E+3	-1,620421E+0	3,696875E+3	4,399123E+0	3,696875E+3	-9,080363E-1
3,698437E+3	3,081818E+0	3,698437E+3	-2,216880E+0	3,698437E+3	3,071459E+0	3,698437E+3	-2,259535E+0	3,698437E+3	3,107615E+0	3,698437E+3	-2,233470E+0	3,698437E+3	3,244799E+0	3,698437E+3	-2,210393E+0	3,698437E+3	3,831869E+0	3,698437E+3	-2,106965E+0	3,698437E+3	4,221821E+0	3,698437E+3	-1,674798E+0	3,698437E+3	4,402601E+0	3,698437E+3	-1,117060E+0
3,700000E+3	3,006489E+0	3,700000E+3	-2,231552E+0	3,700000E+3	3,066871E+0	3,700000E+3	-2,215694E+0	3,700000E+3	3,058601E+0	3,700000E+3	-2,211458E+0	3,700000E+3	3,222159E+0	3,700000E+3	-2,181756E+0	3,700000E+3	3,767379E+0	3,700000E+3	-1,945741E+0	3,700000E+3	4,247910E+0	3,700000E+3	-1,650313E+0	3,700000E+3	4,647701E+0	3,700000E+3	-1,044787E+0
3,701562E+3	3,035171E+0	3,701562E+3	-2,171631E+0	3,701562E+3	3,019254E+0	3,701562E+3	-2,211288E+0	3,701562E+3	3,031474E+0	3,701562E+3	-2,175593E+0	3,701562E+3	3,195170E+0	3,701562E+3	-2,147240E+0	3,701562E+3	3,786321E+0	3,701562E+3	-1,950440E+0	3,701562E+3	4,293792E+0	3,701562E+3	-1,489979E+0	3,701562E+3	4,719033E+0	3,701562E+3	-8,695093E-1
3,703125E+3	2,979486E+0	3,703125E+3	-2,146625E+0	3,703125E+3	3,006241E+0	3,703125E+3	-2,164512E+0	3,703125E+3	3,019816E+0	3,703125E+3	-2,137152E+0	3,703125E+3	3,201787E+0	3,703125E+3	-2,104376E+0	3,703125E+3	3,732226E+0	3,703125E+3	-1,927473E+0	3,703125E+3	4,170463E+0	3,703125E+3	-1,688808E+0	3,703125E+3	4,353029E+0	3,703125E+3	-6,141320E-1
3,704687E+3	2,919930E+0	3,704687E+3	-2,127884E+0	3,704687E+3	3,009606E+0	3,704687E+3	-2,147082E+0	3,704687E+3	3,018373E+0	3,704687E+3	-2,115477E+0	3,704687E+3	3,130687E+0	3,704687E+3	-2,139505E+0	3,704687E+3	3,684129E+0	3,704687E+3	-1,940268E+0	3,704687E+3	4,119553E+0	3,704687E+3	-1,639603E+0	3,704687E+3	4,240205E+0	3,704687E+3	-6,547624E-1
3,706250E+3	2,979744E+0	3,706250E+3	-2,095413E+0	3,706250E+3	2,973219E+0	3,706250E+3	-2,104611E+0	3,706250E+3	2,991250E+0	3,706250E+3	-2,075918E+0	3,706250E+3	3,153474E+0	3,706250E+3	-2,094246E+0	3,706250E+3	3,653191E+0	3,706250E+3	-1,911341E+0	3,706250E+3	4,061294E+0	3,706250E+3	-1,549695E+0	3,706250E+3	4,250029E+0	3,706250E+3	-9,254933E-1
3,707812E+3	2,952206E+0	3,707812E+3	-2,030207E+0	3,707812E+3	2,938410E+0	3,707812E+3	-2,064916E+0	3,707812E+3	3,008008E+0	3,707812E+3	-2,048203E+0	3,707812E+3	3,132742E+0	3,707812E+3	-2,047626E+0	3,707812E+3	3,575272E+0	3,707812E+3	-1,939912E+0	3,707812E+3	4,007931E+0	3,707812E+3	-1,629930E+0	3,707812E+3	4,208836E+0	3,707812E+3	-1,075142E+0
3,709375E+3	2,944397E+0	3,709375E+3	-2,030825E+0	3,709375E+3	2,943477E+0	3,709375E+3	-2,025422E+0	3,709375E+3	2,952873E+0	3,709375E+3	-2,035082E+0	3,709375E+3	3,096795E+0	3,709375E+3	-2,017059E+0	3,709375E+3	3,620294E+0	3,709375E+3	-1,778550E+0	3,709375E+3	3,956515E+0	3,709375E+3	-1,510861E+0	3,709375E+3	4,201257E+0	3,709375E+3	-1,234480E+0
3,710937E+3	2,935835E+0	3,710937E+3	-1,973821E+0	3,710937E+3	2,949417E+0	3,710937E+3	-1,985165E+0	3,710937E+3	2,961020E+0	3,710937E+3	-1,985264E+0	3,710937E+3	3,128059E+0	3,710937E+3	-1,965365E+0	3,710937E+3	3,648637E+0	3,710937E+3	-1,718107E+0	3,710937E+3	4,115493E+0	3,710937E+3	-1,596717E+0	3,710937E+3	3,993397E+0	3,710937E+3	-1,106747E+0
3,712500E+3	2,873164E+0	3,712500E+3	-1,933603E+0	3,712500E+3	2,937040E+0	3,712500E+3	-1,979999E+0	3,712500E+3	2,927361E+0	3,712500E+3	-1,954202E+0	3,712500E+3	3,094952E+0	3,712500E+3	-1,948295E+0	3,712500E+3	3,566770E+0	3,712500E+3	-1,757211E+0	3,712500E+3	4,162639E+0	3,712500E+3	-1,608375E+0	3,712500E+3	4,118294E+0	3,712500E+3	-1,055472E+0
3,714062E+3	2,875319E+0	3,714062E+3	-1,863596E+0	3,714062E+3	2,890840E+0	3,714062E+3	-1,932208E+0	3,714062E+3	2,905647E+0	3,714062E+3	-1,913740E+0	3,714062E+3	3,069390E+0	3,714062E+3	-1,933147E+0	3,714062E+3	3,542110E+0	3,714062E+3	-1,676546E+0	3,714062E+3	3,932524E+0	3,714062E+3	-1,496785E+0	3,714062E+3	4,133963E+0	3,714062E+3	-1,083620E+0
3,715625E+3	2,862345E+0	3,715625E+3	-1,906814E+0	3,715625E+3	2,867059E+0	3,715625E+3	-1,898370E+0	3,715625E+3	2,923574E+0	3,715625E+3	-1,905323E+0	3,715625E+3	3,049833E+0	3,715625E+3	-1,894540E+0	3,715625E+3	3,485451E+0	3,715625E+3	-1,660043E+0	3,715625E+3	3,976439E+0	3,715625E+3	-1,482254E+0	3,715625E+3	4,388967E+0	3,715625E+3	-1,035166E+0
3,717187E+3	2,806449E+0	3,717187E+3	-1,907437E+0	3,717187E+3	2,866632E+0	3,717187E+3	-1,867765E+0	3,717187E+3	2,883905E+0	3,717187E+3	-1,873494E+0	3,717187E+3	3,029678E+0	3,717187E+3	-1,853145E+0	3,717187E+3	3,503936E+0	3,717187E+3	-1,636386E+0	3,717187E+3	3,849526E+0	3,717187E+3	-1,411167E+0	3,717187E+3	4,320532E+0	3,717187E+3	-1,147284E+0
3,718750E+3	2,861521E+0	3,718750E+3	-1,858634E+0	3,718750E+3	2,810899E+0	3,718750E+3	-1,850747E+0	3,718750E+3	2,861003E+0	3,718750E+3	-1,822971E+0	3,718750E+3	2,994754E+0	3,718750E+3	-1,828896E+0	3,718750E+3	3,513456E+0	3,718750E+3	-1,679808E+0	3,718750E+3	3,899274E+0	3,718750E+3	-1,295264E+0	3,718750E+3	4,385156E+0	3,718750E+3	-8,746577E-1
3,720312E+3	2,806940E+0	3,720312E+3	-1,814618E+0	3,720312E+3	2,820094E+0	3,720312E+3	-1,787905E+0	3,720312E+3	2,842929E+0	3,720312E+3	-1,795845E+0	3,720312E+3	3,003588E+0	3,720312E+3	-1,791232E+0	3,720312E+3	3,474718E+0	3,720312E+3	-1,641710E+0	3,720312E+3	3,982266E+0	3,720312E+3	-1,372555E+0	3,720312E+3	4,399870E+0	3,720312E+3	-7,663794E-1
3,721875E+3	2,817942E+0	3,721875E+3	-1,765857E+0	3,721875E+3	2,816610E+0	3,721875E+3	-1,765072E+0	3,721875E+3	2,819258E+0	3,721875E+3	-1,775113E+0	3,721875E+3	2,988191E+0	3,721875E+3	-1,761783E+0	3,721875E+3	3,488734E+0	3,721875E+3	-1,642713E+0	3,721875E+3	3,940747E+0	3,721875E+3	-1,504941E+0	3,721875E+3	4,303717E+0	3,721875E+3	-9,313580E-1
3,723437E+3	2,834677E+0	3,723437E+3	-1,730376E+0	3,723437E+3	2,806527E+0	3,723437E+3	-1,739502E+0	3,723437E+3	2,826853E+0	3,723437E+3	-1,749394E+0	3,723437E+3	2,958671E+0	3,723437E+3	-1,741733E+0	3,723437E+3	3,521543E+0	3,723437E+3	-1,582117E+0	3,723437E+3	3,975035E+0	3,723437E+3	-1,353052E+0	3,723437E+3	4,116992E+0	3,723437E+3	-1,067443E+0
3,725000E+3	2,801677E+0	3,725000E+3	-1,749198E+0	3,725000E+3	2,765479E+0	3,725000E+3	-1,713072E+0	3,725000E+3	2,803158E+0	3,725000E+3	-1,703737E+0	3,725000E+3	2,969612E+0	3,725000E+3	-1,732864E+0	3,725000E+3	3,361841E+0	3,725000E+3	-1,581733E+0	3,725000E+3	3,854423E+0	3,725000E+3	-1,331616E+0	3,725000E+3	3,855694E+0	3,725000E+3	-1,073900E+0
3,726562E+3	2,793392E+0	3,726562E+3	-1,702046E+0	3,726562E+3	2,752273E+0	3,726562E+3	-1,673090E+0	3,726562E+3	2,794534E+0	3,726562E+3	-1,687595E+0	3,726562E+3	2,941781E+0	3,726562E+3	-1,678056E+0	3,726562E+3	3,343062E+0	3,726562E+3	-1,625507E+0	3,726562E+3	3,879598E+0	3,726562E+3	-1,189590E+0	3,726562E+3	3,968936E+0	3,726562E+3	-8,852697E-1
3,728125E+3	2,742330E+0	3,728125E+3	-1,721668E+0	3,728125E+3	2,747971E+0	3,728125E+3	-1,648888E+0	3,728125E+3	2,768550E+0	3,728125E+3	-1,663551E+0	3,728125E+3	2,926385E+0	3,728125E+3	-1,659666E+0	3,728125E+3	3,332561E+0	3,728125E+3	-1,588398E+0	3,728125E+3	3,736320E+0	3,728125E+3	-1,147469E+0	3,728125E+3	4,133366E+0	3,728125E+3	-7,488980E-1
3,729687E+3	2,721100E+0	3,729687E+3	-1,678600E+0	3,729687E+3	2,738324E+0	3,729687E+3	-1,626638E+0	3,729687E+3	2,747676E+0	3,729687E+3	-1,632360E+0	3,729687E+3	2,893857E+0	3,729687E+3	-1,624071E+0	3,729687E+3	3,333403E+0	3,729687E+3	-1,585942E+0	3,729687E+3	3,755828E+0	3,729687E+3	-1,186337E+0	3,729687E+3	4,135069E+0	3,729687E+3	-7,184150E-1
3,731250E+3	2,729290E+0	3,731250E+3	-1,599664E+0	3,731250E+3	2,730874E+0	3,731250E+3	-1,603174E+0	3,731250E+3	2,744784E+0	3,731250E+3	-1,599987E+0	3,731250E+3	2,873977E+0	3,731250E+3	-1,593465E+0	3,731250E+3	3,318091E+0	3,731250E+3	-1,544929E+0	3,731250E+3	3,851850E+0	3,731250E+3	-1,161914E+0	3,731250E+3	3,913508E+0	3,731250E+3	-9,157137E-1
3,732812E+3	2,686431E+0	3,732812E+3	-1,556966E+0	3,732812E+3	2,697258E+0	3,732812E+3	-1,589811E+0	3,732812E+3	2,734908E+0	3,732812E+3	-1,563864E+0	3,732812E+3	2,849999E+0	3,732812E+3	-1,571110E+0	3,732812E+3	3,344743E+0	3,732812E+3	-1,491757E+0	3,732812E+3	3,871491E+0	3,732812E+3	-1,234018E+0	3,732812E+3	3,860931E+0	3,732812E+3	-9,578448E-1
3,734375E+3	2,695701E+0	3,734375E+3	-1,513976E+0	3,734375E+3	2,685957E+0	3,734375E+3	-1,549883E+0	3,734375E+3	2,711669E+0	3,734375E+3	-1,538918E+0	3,734375E+3	2,852251E+0	3,734375E+3	-1,522925E+0	3,734375E+3	3,367389E+0	3,734375E+3	-1,450815E+0	3,734375E+3	3,710256E+0	3,734375E+3	-1,224629E+0	3,734375E+3	3,917082E+0	3,734375E+3	-7,045387E-1
3,735937E+3	2,677134E+0	3,735937E+3	-1,490266E+0	3,735937E+3	2,673615E+0	3,735937E+3	-1,515303E+0	3,735937E+3	2,693433E+0	3,735937E+3	-1,511231E+0	3,735937E+3	2,831912E+0	3,735937E+3	-1,512065E+0	3,735937E+3	3,315862E+0	3,735937E+3	-1,468449E+0	3,735937E+3	3,676972E+0	3,735937E+3	-1,265982E+0	3,735937E+3	3,824416E+0	3,735937E+3	-7,673633E-1
3,737500E+3	2,680947E+0	3,737500E+3	-1,483312E+0	3,737500E+3	2,678530E+0	3,737500E+3	-1,485152E+0	3,737500E+3	2,680007E+0	3,737500E+3	-1,494236E+0	3,737500E+3	2,820966E+0	3,737500E+3	-1,487419E+0	3,737500E+3	3,239916E+0	3,737500E+3	-1,436765E+0	3,737500E+3	3,688546E+0	3,737500E+3	-1,258593E+0	3,737500E+3	3,855630E+0	3,737500E+3	-9,198280E-1
3,739062E+3	2,673700E+0	3,739062E+3	-1,461987E+0	3,739062E+3	2,640706E+0	3,739062E+3	-1,463068E+0	3,739062E+3	2,658782E+0	3,739062E+3	-1,461415E+0	3,739062E+3	2,786551E+0	3,739062E+3	-1,453154E+0	3,739062E+3	3,217238E+0	3,739062E+3	-1,381057E+0	3,739062E+3	3,807879E+0	3,739062E+3	-1,195787E+0	3,739062E+3	3,929662E+0	3,739062E+3	-8,898385E-1
3,740625E+3	2,663739E+0	3,740625E+3	-1,435831E+0	3,740625E+3	2,632070E+0	3,740625E+3	-1,445194E+0	3,740625E+3	2,648563E+0	3,740625E+3	-1,429285E+0	3,740625E+3	2,782119E+0	3,740625E+3	-1,434829E+0	3,740625E+3	3,195766E+0	3,740625E+3	-1,365402E+0	3,740625E+3	3,766887E+0	3,740625E+3	-1,056905E+0	3,740625E+3	4,006158E+0	3,740625E+3	-8,918464E-1
3,742187E+3	2,651737E+0	3,742187E+3	-1,407493E+0	3,742187E+3	2,616452E+0	3,742187E+3	-1,419276E+0	3,742187E+3	2,643508E+0	3,742187E+3	-1,418526E+0	3,742187E+3	2,783210E+0	3,742187E+3	-1,406578E+0	3,742187E+3	3,209130E+0	3,742187E+3	-1,374619E+0	3,742187E+3	3,631820E+0	3,742187E+3	-1,041571E+0	3,742187E+3	4,000615E+0	3,742187E+3	-8,663909E-1
3,743750E+3	2,640920E+0	3,743750E+3	-1,381398E+0	3,743750E+3	2,608971E+0	3,743750E+3	-1,382879E+0	3,743750E+3	2,629537E+0	3,743750E+3	-1,386869E+0	3,743750E+3	2,742943E+0	3,743750E+3	-1,393056E+0	3,743750E+3	3,169918E+0	3,743750E+3	-1,336469E+0	3,743750E+3	3,620574E+0	3,743750E+3	-1,094179E+0	3,743750E+3	3,985952E+0	3,743750E+3	-6,349346E-1
3,745312E+3	2,621746E+0	3,745312E+3	-1,345987E+0	3,745312E+3	2,589653E+0	3,745312E+3	-1,334421E+0	3,745312E+3	2,612242E+0	3,745312E+3	-1,349689E+0	3,745312E+3	2,734239E+0	3,745312E+3	-1,349270E+0	3,745312E+3	3,193628E+0	3,745312E+3	-1,326940E+0	3,745312E+3	3,532009E+0	3,745312E+3	-1,185214E+0	3,745312E+3	4,025001E+0	3,745312E+3	-4,535659E-1
3,746875E+3	2,589444E+0	3,746875E+3	-1,325284E+0	3,746875E+3	2,583322E+0	3,746875E+3	-1,322143E+0	3,746875E+3	2,594036E+0	3,746875E+3	-1,313640E+0	3,746875E+3	2,721561E+0	3,746875E+3	-1,306642E+0	3,746875E+3	3,132589E+0	3,746875E+3	-1,238548E+0	3,746875E+3	3,458810E+0	3,746875E+3	-1,108879E+0	3,746875E+3	3,848991E+0	3,746875E+3	-6,755078E-1
3,748437E+3	2,537506E+0	3,748437E+3	-1,270410E+0	3,748437E+3	2,570391E+0	3,748437E+3	-1,291093E+0	3,748437E+3	2,587646E+0	3,748437E+3	-1,293106E+0	3,748437E+3	2,707904E+0	3,748437E+3	-1,290163E+0	3,748437E+3	3,177532E+0	3,748437E+3	-1,244618E+0	3,748437E+3	3,468484E+0	3,748437E+3	-1,163759E+0	3,748437E+3	3,878804E+0	3,748437E+3	-7,397070E-1
3,750000E+3	2,556711E+0	3,750000E+3	-1,266331E+0	3,750000E+3	2,555492E+0	3,750000E+3	-1,253301E+0	3,750000E+3	2,563277E+0	3,750000E+3	-1,273157E+0	3,750000E+3	2,685064E+0	3,750000E+3	-1,276977E+0	3,750000E+3	3,139557E+0	3,750000E+3	-1,217764E+0	3,750000E+3	3,490483E+0	3,750000E+3	-1,056312E+0	3,750000E+3	3,720327E+0	3,750000E+3	-8,357126E-1
3,751562E+3	2,520310E+0	3,751562E+3	-1,274882E+0	3,751562E+3	2,529775E+0	3,751562E+3	-1,232538E+0	3,751562E+3	2,553765E+0	3,751562E+3	-1,238183E+0	3,751562E+3	2,670414E+0	3,751562E+3	-1,242051E+0	3,751562E+3	3,095555E+0	3,751562E+3	-1,199818E+0	3,751562E+3	3,517798E+0	3,751562E+3	-1,021797E+0	3,751562E+3	3,712437E+0	3,751562E+3	-7,985061E-1
3,753125E+3	2,521509E+0	3,753125E+3	-1,243529E+0	3,753125E+3	2,526131E+0	3,753125E+3	-1,208581E+0	3,753125E+3	2,535586E+0	3,753125E+3	-1,208508E+0	3,753125E+3	2,659439E+0	3,753125E+3	-1,209536E+0	3,753125E+3	3,070712E+0	3,753125E+3	-1,165306E+0	3,753125E+3	3,468056E+0	3,753125E+3	-9,683870E-1	3,753125E+3	3,761854E+0	3,753125E+3	-5,558303E-1
3,754687E+3	2,538445E+0	3,754687E+3	-1,201972E+0	3,754687E+3	2,518390E+0	3,754687E+3	-1,184024E+0	3,754687E+3	2,538355E+0	3,754687E+3	-1,181011E+0	3,754687E+3	2,654253E+0	3,754687E+3	-1,192073E+0	3,754687E+3	3,051185E+0	3,754687E+3	-1,182635E+0	3,754687E+3	3,458248E+0	3,754687E+3	-8,941031E-1	3,754687E+3	3,845004E+0	3,754687E+3	-6,051545E-1
3,756250E+3	2,523391E+0	3,756250E+3	-1,190018E+0	3,756250E+3	2,516340E+0	3,756250E+3	-1,167676E+0	3,756250E+3	2,531444E+0	3,756250E+3	-1,164322E+0	3,756250E+3	2,649623E+0	3,756250E+3	-1,187175E+0	3,756250E+3	3,084979E+0	3,756250E+3	-1,173493E+0	3,756250E+3	3,429678E+0	3,756250E+3	-9,236943E-1	3,756250E+3	3,775089E+0	3,756250E+3	-6,584004E-1
3,757812E+3	2,495216E+0	3,757812E+3	-1,172276E+0	3,757812E+3	2,487939E+0	3,757812E+3	-1,154107E+0	3,757812E+3	2,497421E+0	3,757812E+3	-1,147083E+0	3,757812E+3	2,640057E+0	3,757812E+3	-1,158021E+0	3,757812E+3	3,045163E+0	3,757812E+3	-1,148377E+0	3,757812E+3	3,508107E+0	3,757812E+3	-8,943145E-1	3,757812E+3	3,831361E+0	3,757812E+3	-6,716294E-1
3,759375E+3	2,475281E+0	3,759375E+3	-1,127757E+0	3,759375E+3	2,471889E+0	3,759375E+3	-1,114984E+0	3,759375E+3	2,496616E+0	3,759375E+3	-1,098499E+0	3,759375E+3	2,594076E+0	3,759375E+3	-1,124126E+0	3,759375E+3	3,036360E+0	3,759375E+3	-1,097888E+0	3,759375E+3	3,422218E+0	3,759375E+3	-9,135255E-1	3,759375E+3	3,836329E+0	3,759375E+3	-7,598561E-1
3,760937E+3	2,466415E+0	3,760937E+3	-1,093328E+0	3,760937E+3	2,462798E+0	3,760937E+3	-1,083383E+0	3,760937E+3	2,474203E+0	3,760937E+3	-1,079373E+0	3,760937E+3	2,588781E+0	3,760937E+3	-1,099742E+0	3,760937E+3	3,026817E+0	3,760937E+3	-1,083975E+0	3,760937E+3	3,342872E+0	3,760937E+3	-9,249496E-1	3,760937E+3	3,753457E+0	3,760937E+3	-7,672822E-1
3,762500E+3	2,456184E+0	3,762500E+3	-1,054428E+0	3,762500E+3	2,451415E+0	3,762500E+3	-1,050588E+0	3,762500E+3	2,466447E+0	3,762500E+3	-1,059058E+0	3,762500E+3	2,585699E+0	3,762500E+3	-1,074311E+0	3,762500E+3	2,998938E+0	3,762500E+3	-1,045796E+0	3,762500E+3	3,365445E+0	3,762500E+3	-9,055942E-1	3,762500E+3	3,680384E+0	3,762500E+3	-5,000215E-1
3,764062E+3	2,439850E+0	3,764062E+3	-1,008209E+0	3,764062E+3	2,434942E+0	3,764062E+3	-1,026948E+0	3,764062E+3	2,459728E+0	3,764062E+3	-1,026654E+0	3,764062E+3	2,557128E+0	3,764062E+3	-1,054448E+0	3,764062E+3	2,949481E+0	3,764062E+3	-1,035548E+0	3,764062E+3	3,376672E+0	3,764062E+3	-8,846069E-1	3,764062E+3	3,701071E+0	3,764062E+3	-3,148775E-1
3,765625E+3	2,415973E+0	3,765625E+3	-9,914869E-1	3,765625E+3	2,438088E+0	3,765625E+3	-9,910687E-1	3,765625E+3	2,443330E+0	3,765625E+3	-1,008194E+0	3,765625E+3	2,549100E+0	3,765625E+3	-1,023396E+0	3,765625E+3	2,967475E+0	3,765625E+3	-1,000014E+0	3,765625E+3	3,388650E+0	3,765625E+3	-8,770683E-1	3,765625E+3	3,756207E+0	3,765625E+3	-3,887212E-1
3,767187E+3	2,400681E+0	3,767187E+3	-9,642981E-1	3,767187E+3	2,417753E+0	3,767187E+3	-9,723669E-1	3,767187E+3	2,438627E+0	3,767187E+3	-9,883224E-1	3,767187E+3	2,546446E+0	3,767187E+3	-1,007691E+0	3,767187E+3	2,944660E+0	3,767187E+3	-9,916326E-1	3,767187E+3	3,366827E+0	3,767187E+3	-8,424421E-1	3,767187E+3	3,609757E+0	3,767187E+3	-5,997315E-1
3,768750E+3	2,405509E+0	3,768750E+3	-9,492281E-1	3,768750E+3	2,403703E+0	3,768750E+3	-9,624755E-1	3,768750E+3	2,427639E+0	3,768750E+3	-9,662912E-1	3,768750E+3	2,539045E+0	3,768750E+3	-9,773019E-1	3,768750E+3	2,907945E+0	3,768750E+3	-9,839893E-1	3,768750E+3	3,367970E+0	3,768750E+3	-8,723641E-1	3,768750E+3	3,648117E+0	3,768750E+3	-6,072160E-1
3,770312E+3	2,373909E+0	3,770312E+3	-9,263751E-1	3,770312E+3	2,395674E+0	3,770312E+3	-9,357627E-1	3,770312E+3	2,417496E+0	3,770312E+3	-9,345034E-1	3,770312E+3	2,514956E+0	3,770312E+3	-9,565944E-1	3,770312E+3	2,896625E+0	3,770312E+3	-9,473994E-1	3,770312E+3	3,320810E+0	3,770312E+3	-7,693938E-1	3,770312E+3	3,531143E+0	3,770312E+3	-5,127194E-1
3,771875E+3	2,358267E+0	3,771875E+3	-9,261157E-1	3,771875E+3	2,386128E+0	3,771875E+3	-9,101675E-1	3,771875E+3	2,389874E+0	3,771875E+3	-9,201034E-1	3,771875E+3	2,498254E+0	3,771875E+3	-9,386645E-1	3,771875E+3	2,885011E+0	3,771875E+3	-9,307342E-1	3,771875E+3	3,242886E+0	3,771875E+3	-7,426089E-1	3,771875E+3	3,479307E+0	3,771875E+3	-5,863550E-1
3,773437E+3	2,364589E+0	3,773437E+3	-9,170881E-1	3,773437E+3	2,370130E+0	3,773437E+3	-8,922405E-1	3,773437E+3	2,382919E+0	3,773437E+3	-8,946900E-1	3,773437E+3	2,484621E+0	3,773437E+3	-9,101847E-1	3,773437E+3	2,878141E+0	3,773437E+3	-9,117297E-1	3,773437E+3	3,232178E+0	3,773437E+3	-7,979163E-1	3,773437E+3	3,529921E+0	3,773437E+3	-5,262394E-1
3,775000E+3	2,360202E+0	3,775000E+3	-8,775029E-1	3,775000E+3	2,366358E+0	3,775000E+3	-8,683590E-1	3,775000E+3	2,370689E+0	3,775000E+3	-8,634798E-1	3,775000E+3	2,473597E+0	3,775000E+3	-8,859550E-1	3,775000E+3	2,842402E+0	3,775000E+3	-8,851977E-1	3,775000E+3	3,188655E+0	3,775000E+3	-8,194272E-1	3,775000E+3	3,499845E+0	3,775000E+3	-5,057393E-1
3,776562E+3	2,326751E+0	3,776562E+3	-8,631760E-1	3,776562E+3	2,350043E+0	3,776562E+3	-8,520466E-1	3,776562E+3	2,363709E+0	3,776562E+3	-8,406757E-1	3,776562E+3	2,457958E+0	3,776562E+3	-8,622671E-1	3,776562E+3	2,866790E+0	3,776562E+3	-8,854644E-1	3,776562E+3	3,199584E+0	3,776562E+3	-7,943802E-1	3,776562E+3	3,461708E+0	3,776562E+3	-5,160773E-1
3,778125E+3	2,330349E+0	3,778125E+3	-8,267564E-1	3,778125E+3	2,325041E+0	3,778125E+3	-8,327963E-1	3,778125E+3	2,354107E+0	3,778125E+3	-8,222273E-1	3,778125E+3	2,453190E+0	3,778125E+3	-8,447568E-1	3,778125E+3	2,854560E+0	3,778125E+3	-8,862946E-1	3,778125E+3	3,235035E+0	3,778125E+3	-7,381846E-1	3,778125E+3	3,411006E+0	3,778125E+3	-4,792749E-1
3,779687E+3	2,314435E+0	3,779687E+3	-8,077430E-1	3,779687E+3	2,321095E+0	3,779687E+3	-8,003133E-1	3,779687E+3	2,338167E+0	3,779687E+3	-8,015238E-1	3,779687E+3	2,452536E+0	3,779687E+3	-8,314122E-1	3,779687E+3	2,834294E+0	3,779687E+3	-8,493972E-1	3,779687E+3	3,154093E+0	3,779687E+3	-7,514698E-1	3,779687E+3	3,400284E+0	3,779687E+3	-4,854528E-1
3,781250E+3	2,301626E+0	3,781250E+3	-7,872821E-1	3,781250E+3	2,315848E+0	3,781250E+3	-7,621462E-1	3,781250E+3	2,326837E+0	3,781250E+3	-7,823100E-1	3,781250E+3	2,436037E+0	3,781250E+3	-8,071623E-1	3,781250E+3	2,809301E+0	3,781250E+3	-8,116889E-1	3,781250E+3	3,172386E+0	3,781250E+3	-7,264853E-1	3,781250E+3	3,457921E+0	3,781250E+3	-5,430930E-1
3,782812E+3	2,317456E+0	3,782812E+3	-7,525802E-1	3,782812E+3	2,307005E+0	3,782812E+3	-7,472010E-1	3,782812E+3	2,324262E+0	3,782812E+3	-7,549086E-1	3,782812E+3	2,431753E+0	3,782812E+3	-7,795424E-1	3,782812E+3	2,791966E+0	3,782812E+3	-8,227503E-1	3,782812E+3	3,118603E+0	3,782812E+3	-6,849279E-1	3,782812E+3	3,489111E+0	3,782812E+3	-4,528996E-1
3,784375E+3	2,297744E+0	3,784375E+3	-7,337253E-1	3,784375E+3	2,290927E+0	3,784375E+3	-7,335789E-1	3,784375E+3	2,311905E+0	3,784375E+3	-7,326882E-1	3,784375E+3	2,407562E+0	3,784375E+3	-7,612208E-1	3,784375E+3	2,792251E+0	3,784375E+3	-8,011846E-1	3,784375E+3	3,132209E+0	3,784375E+3	-6,873398E-1	3,784375E+3	3,484193E+0	3,784375E+3	-4,115012E-1
3,785937E+3	2,288082E+0	3,785937E+3	-7,111471E-1	3,785937E+3	2,286755E+0	3,785937E+3	-7,051438E-1	3,785937E+3	2,302534E+0	3,785937E+3	-7,129865E-1	3,785937E+3	2,392484E+0	3,785937E+3	-7,252448E-1	3,785937E+3	2,758763E+0	3,785937E+3	-7,820825E-1	3,785937E+3	3,114344E+0	3,785937E+3	-6,630184E-1	3,785937E+3	3,491584E+0	3,785937E+3	-3,194506E-1
3,787500E+3	2,251738E+0	3,787500E+3	-6,951261E-1	3,787500E+3	2,273385E+0	3,787500E+3	-6,840114E-1	3,787500E+3	2,284998E+0	3,787500E+3	-6,880471E-1	3,787500E+3	2,385502E+0	3,787500E+3	-7,166645E-1	3,787500E+3	2,712721E+0	3,787500E+3	-7,518767E-1	3,787500E+3	3,070584E+0	3,787500E+3	-6,376701E-1	3,787500E+3	3,451323E+0	3,787500E+3	-3,842634E-1
3,789062E+3	2,251652E+0	3,789062E+3	-6,706286E-1	3,789062E+3	2,260116E+0	3,789062E+3	-6,587817E-1	3,789062E+3	2,281214E+0	3,789062E+3	-6,610639E-1	3,789062E+3	2,378622E+0	3,789062E+3	-6,897466E-1	3,789062E+3	2,713110E+0	3,789062E+3	-7,248474E-1	3,789062E+3	3,065199E+0	3,789062E+3	-6,390271E-1	3,789062E+3	3,375858E+0	3,789062E+3	-3,979576E-1
3,790625E+3	2,261843E+0	3,790625E+3	-6,492263E-1	3,790625E+3	2,260275E+0	3,790625E+3	-6,315604E-1	3,790625E+3	2,263506E+0	3,790625E+3	-6,387190E-1	3,790625E+3	2,360415E+0	3,790625E+3	-6,638526E-1	3,790625E+3	2,694685E+0	3,790625E+3	-7,201555E-1	3,790625E+3	3,057825E+0	3,790625E+3	-6,586814E-1	3,790625E+3	3,364210E+0	3,790625E+3	-3,734754E-1
3,792187E+3	2,252630E+0	3,792187E+3	-6,265343E-1	3,792187E+3	2,245190E+0	3,792187E+3	-6,242864E-1	3,792187E+3	2,253311E+0	3,792187E+3	-6,196584E-1	3,792187E+3	2,352694E+0	3,792187E+3	-6,495544E-1	3,792187E+3	2,719968E+0	3,792187E+3	-6,992816E-1	3,792187E+3	3,096249E+0	3,792187E+3	-5,858401E-1	3,792187E+3	3,337563E+0	3,792187E+3	-3,414805E-1
3,793750E+3	2,236941E+0	3,793750E+3	-6,059483E-1	3,793750E+3	2,229249E+0	3,793750E+3	-6,044344E-1	3,793750E+3	2,252282E+0	3,793750E+3	-6,047206E-1	3,793750E+3	2,338489E+0	3,793750E+3	-6,353392E-1	3,793750E+3	2,682956E+0	3,793750E+3	-6,856691E-1	3,793750E+3	3,062486E+0	3,793750E+3	-5,868368E-1	3,793750E+3	3,349599E+0	3,793750E+3	-3,552875E-1
3,795312E+3	2,229827E+0	3,795312E+3	-6,079033E-1	3,795312E+3	2,227101E+0	3,795312E+3	-5,807494E-1	3,795312E+3	2,239249E+0	3,795312E+3	-5,891293E-1	3,795312E+3	2,331394E+0	3,795312E+3	-6,199218E-1	3,795312E+3	2,674636E+0	3,795312E+3	-6,770117E-1	3,795312E+3	3,039749E+0	3,795312E+3	-5,994932E-1	3,795312E+3	3,385369E+0	3,795312E+3	-3,090481E-1
3,796875E+3	2,222395E+0	3,796875E+3	-5,855513E-1	3,796875E+3	2,226795E+0	3,796875E+3	-5,571866E-1	3,796875E+3	2,235666E+0	3,796875E+3	-5,648696E-1	3,796875E+3	2,334550E+0	3,796875E+3	-6,022754E-1	3,796875E+3	2,689560E+0	3,796875E+3	-6,595691E-1	3,796875E+3	3,014065E+0	3,796875E+3	-5,700814E-1	3,796875E+3	3,446020E+0	3,796875E+3	-2,423461E-1
3,798437E+3	2,219790E+0	3,798437E+3	-5,527074E-1	3,798437E+3	2,207334E+0	3,798437E+3	-5,366475E-1	3,798437E+3	2,226160E+0	3,798437E+3	-5,465271E-1	3,798437E+3	2,318772E+0	3,798437E+3	-5,670210E-1	3,798437E+3	2,655648E+0	3,798437E+3	-6,572916E-1	3,798437E+3	3,006298E+0	3,798437E+3	-5,227757E-1	3,798437E+3	3,389031E+0	3,798437E+3	-2,194176E-1
3,800000E+3	2,204969E+0	3,800000E+3	-5,173187E-1	3,800000E+3	2,196276E+0	3,800000E+3	-5,187870E-1	3,800000E+3	2,213298E+0	3,800000E+3	-5,206964E-1	3,800000E+3	2,302894E+0	3,800000E+3	-5,477755E-1	3,800000E+3	2,639669E+0	3,800000E+3	-6,544003E-1	3,800000E+3	3,002737E+0	3,800000E+3	-5,376918E-1	3,800000E+3	3,303664E+0	3,800000E+3	-3,031558E-1
3,801562E+3	2,188160E+0	3,801562E+3	-4,929956E-1	3,801562E+3	2,193322E+0	3,801562E+3	-5,001415E-1	3,801562E+3	2,204901E+0	3,801562E+3	-5,048413E-1	3,801562E+3	2,298060E+0	3,801562E+3	-5,363023E-1	3,801562E+3	2,636758E+0	3,801562E+3	-6,276350E-1	3,801562E+3	2,979372E+0	3,801562E+3	-4,916952E-1	3,801562E+3	3,363015E+0	3,801562E+3	-2,511081E-1
3,803125E+3	2,187372E+0	3,803125E+3	-4,736220E-1	3,803125E+3	2,190758E+0	3,803125E+3	-4,757792E-1	3,803125E+3	2,200572E+0	3,803125E+3	-4,798117E-1	3,803125E+3	2,296597E+0	3,803125E+3	-5,188301E-1	3,803125E+3	2,628934E+0	3,803125E+3	-5,773880E-1	3,803125E+3	2,933193E+0	3,803125E+3	-4,439907E-1	3,803125E+3	3,341449E+0	3,803125E+3	-2,209216E-1
3,804687E+3	2,168789E+0	3,804687E+3	-4,652039E-1	3,804687E+3	2,177142E+0	3,804687E+3	-4,659041E-1	3,804687E+3	2,191471E+0	3,804687E+3	-4,667907E-1	3,804687E+3	2,276382E+0	3,804687E+3	-4,950131E-1	3,804687E+3	2,599972E+0	3,804687E+3	-5,604006E-1	3,804687E+3	2,920141E+0	3,804687E+3	-4,729279E-1	3,804687E+3	3,287811E+0	3,804687E+3	-1,888379E-1
3,806250E+3	2,171567E+0	3,806250E+3	-4,302483E-1	3,806250E+3	2,167997E+0	3,806250E+3	-4,406206E-1	3,806250E+3	2,185699E+0	3,806250E+3	-4,500352E-1	3,806250E+3	2,267726E+0	3,806250E+3	-4,759877E-1	3,806250E+3	2,587485E+0	3,806250E+3	-5,430429E-1	3,806250E+3	2,923744E+0	3,806250E+3	-4,102778E-1	3,806250E+3	3,256184E+0	3,806250E+3	-1,553120E-1
3,807812E+3	2,159016E+0	3,807812E+3	-4,209740E-1	3,807812E+3	2,166795E+0	3,807812E+3	-4,151182E-1	3,807812E+3	2,171875E+0	3,807812E+3	-4,251750E-1	3,807812E+3	2,251284E+0	3,807812E+3	-4,548000E-1	3,807812E+3	2,583279E+0	3,807812E+3	-5,437428E-1	3,807812E+3	2,938766E+0	3,807812E+3	-4,544479E-1	3,807812E+3	3,373975E+0	3,807812E+3	-1,931894E-1
3,809375E+3	2,149798E+0	3,809375E+3	-4,090063E-1	3,809375E+3	2,153633E+0	3,809375E+3	-3,989117E-1	3,809375E+3	2,167508E+0	3,809375E+3	-4,040498E-1	3,809375E+3	2,243527E+0	3,809375E+3	-4,413823E-1	3,809375E+3	2,535892E+0	3,809375E+3	-5,411665E-1	3,809375E+3	2,940557E+0	3,809375E+3	-4,771158E-1	3,809375E+3	3,275002E+0	3,809375E+3	-3,158706E-1
3,810937E+3	2,161709E+0	3,810937E+3	-4,090494E-1	3,810937E+3	2,147758E+0	3,810937E+3	-3,854086E-1	3,810937E+3	2,161580E+0	3,810937E+3	-3,890289E-1	3,810937E+3	2,234005E+0	3,810937E+3	-4,219908E-1	3,810937E+3	2,525009E+0	3,810937E+3	-4,861969E-1	3,810937E+3	2,881508E+0	3,810937E+3	-4,777572E-1	3,810937E+3	3,209537E+0	3,810937E+3	-2,260197E-1
3,812500E+3	2,138333E+0	3,812500E+3	-3,930947E-1	3,812500E+3	2,142329E+0	3,812500E+3	-3,658898E-1	3,812500E+3	2,150641E+0	3,812500E+3	-3,786563E-1	3,812500E+3	2,235808E+0	3,812500E+3	-4,022489E-1	3,812500E+3	2,532776E+0	3,812500E+3	-4,882263E-1	3,812500E+3	2,843582E+0	3,812500E+3	-4,482306E-1	3,812500E+3	3,213832E+0	3,812500E+3	-1,246822E-1
3,814062E+3	2,134912E+0	3,814062E+3	-3,656058E-1	3,814062E+3	2,132332E+0	3,814062E+3	-3,430641E-1	3,814062E+3	2,145405E+0	3,814062E+3	-3,518034E-1	3,814062E+3	2,226643E+0	3,814062E+3	-3,884457E-1	3,814062E+3	2,523035E+0	3,814062E+3	-4,928275E-1	3,814062E+3	2,827981E+0	3,814062E+3	-4,706864E-1	3,814062E+3	3,152191E+0	3,814062E+3	-1,988298E-1
3,815625E+3	2,136852E+0	3,815625E+3	-3,259248E-1	3,815625E+3	2,121980E+0	3,815625E+3	-3,343704E-1	3,815625E+3	2,138424E+0	3,815625E+3	-3,395417E-1	3,815625E+3	2,212761E+0	3,815625E+3	-3,777951E-1	3,815625E+3	2,494596E+0	3,815625E+3	-4,674767E-1	3,815625E+3	2,819298E+0	3,815625E+3	-4,343583E-1	3,815625E+3	3,082012E+0	3,815625E+3	-2,712699E-1
3,817187E+3	2,110986E+0	3,817187E+3	-3,197001E-1	3,817187E+3	2,121209E+0	3,817187E+3	-3,127088E-1	3,817187E+3	2,135579E+0	3,817187E+3	-3,171304E-1	3,817187E+3	2,212616E+0	3,817187E+3	-3,615298E-1	3,817187E+3	2,499401E+0	3,817187E+3	-4,607954E-1	3,817187E+3	2,839317E+0	3,817187E+3	-4,023503E-1	3,817187E+3	3,078114E+0	3,817187E+3	-2,730063E-1
3,818750E+3	2,096435E+0	3,818750E+3	-3,053335E-1	3,818750E+3	2,114316E+0	3,818750E+3	-2,934748E-1	3,818750E+3	2,123801E+0	3,818750E+3	-3,017768E-1	3,818750E+3	2,203988E+0	3,818750E+3	-3,444628E-1	3,818750E+3	2,503270E+0	3,818750E+3	-4,385987E-1	3,818750E+3	2,787206E+0	3,818750E+3	-4,168020E-1	3,818750E+3	3,068065E+0	3,818750E+3	-1,728613E-1
3,820312E+3	2,107013E+0	3,820312E+3	-2,954512E-1	3,820312E+3	2,109933E+0	3,820312E+3	-2,767048E-1	3,820312E+3	2,119309E+0	3,820312E+3	-2,813758E-1	3,820312E+3	2,188575E+0	3,820312E+3	-3,253695E-1	3,820312E+3	2,501177E+0	3,820312E+3	-4,343283E-1	3,820312E+3	2,791856E+0	3,820312E+3	-4,177100E-1	3,820312E+3	2,998241E+0	3,820312E+3	-2,307808E-1
3,821875E+3	2,092469E+0	3,821875E+3	-2,685220E-1	3,821875E+3	2,102624E+0	3,821875E+3	-2,636134E-1	3,821875E+3	2,116348E+0	3,821875E+3	-2,696046E-1	3,821875E+3	2,180819E+0	3,821875E+3	-3,051450E-1	3,821875E+3	2,481125E+0	3,821875E+3	-4,088270E-1	3,821875E+3	2,725877E+0	3,821875E+3	-3,966566E-1	3,821875E+3	3,064903E+0	3,821875E+3	-1,889848E-1
3,823437E+3	2,098307E+0	3,823437E+3	-2,464905E-1	3,823437E+3	2,096248E+0	3,823437E+3	-2,386789E-1	3,823437E+3	2,111857E+0	3,823437E+3	-2,537759E-1	3,823437E+3	2,183127E+0	3,823437E+3	-2,938208E-1	3,823437E+3	2,458709E+0	3,823437E+3	-3,849944E-1	3,823437E+3	2,685928E+0	3,823437E+3	-3,904848E-1	3,823437E+3	3,059623E+0	3,823437E+3	-6,630258E-2
3,825000E+3	2,079547E+0	3,825000E+3	-2,222521E-1	3,825000E+3	2,090777E+0	3,825000E+3	-2,193876E-1	3,825000E+3	2,104035E+0	3,825000E+3	-2,336687E-1	3,825000E+3	2,171088E+0	3,825000E+3	-2,754912E-1	3,825000E+3	2,439652E+0	3,825000E+3	-3,507796E-1	3,825000E+3	2,724574E+0	3,825000E+3	-3,062732E-1	3,825000E+3	3,055891E+0	3,825000E+3	-1,006722E-1
3,826562E+3	2,068556E+0	3,826562E+3	-2,086787E-1	3,826562E+3	2,087985E+0	3,826562E+3	-2,111480E-1	3,826562E+3	2,093820E+0	3,826562E+3	-2,189845E-1	3,826562E+3	2,162449E+0	3,826562E+3	-2,654322E-1	3,826562E+3	2,430442E+0	3,826562E+3	-3,626817E-1	3,826562E+3	2,674387E+0	3,826562E+3	-2,951738E-1	3,826562E+3	3,037430E+0	3,826562E+3	-9,764640E-2
3,828125E+3	2,073520E+0	3,828125E+3	-2,098182E-1	3,828125E+3	2,084697E+0	3,828125E+3	-1,980368E-1	3,828125E+3	2,090395E+0	3,828125E+3	-2,007678E-1	3,828125E+3	2,163264E+0	3,828125E+3	-2,520211E-1	3,828125E+3	2,429966E+0	3,828125E+3	-3,255524E-1	3,828125E+3	2,688100E+0	3,828125E+3	-3,004433E-1	3,828125E+3	2,989552E+0	3,828125E+3	-1,429978E-1
3,829687E+3	2,079360E+0	3,829687E+3	-1,926561E-1	3,829687E+3	2,070245E+0	3,829687E+3	-1,905396E-1	3,829687E+3	2,083886E+0	3,829687E+3	-1,910562E-1	3,829687E+3	2,155544E+0	3,829687E+3	-2,409147E-1	3,829687E+3	2,407162E+0	3,829687E+3	-3,544189E-1	3,829687E+3	2,676832E+0	3,829687E+3	-3,499369E-1	3,829687E+3	3,023102E+0	3,829687E+3	-1,742516E-1
3,831250E+3	2,086106E+0	3,831250E+3	-1,652007E-1	3,831250E+3	2,061272E+0	3,831250E+3	-1,677997E-1	3,831250E+3	2,081577E+0	3,831250E+3	-1,774865E-1	3,831250E+3	2,147009E+0	3,831250E+3	-2,311181E-1	3,831250E+3	2,412320E+0	3,831250E+3	-3,632396E-1	3,831250E+3	2,669842E+0	3,831250E+3	-3,732035E-1	3,831250E+3	2,984208E+0	3,831250E+3	-2,230307E-1
3,832812E+3	2,090104E+0	3,832812E+3	-1,571908E-1	3,832812E+3	2,062826E+0	3,832812E+3	-1,456430E-1	3,832812E+3	2,077138E+0	3,832812E+3	-1,563166E-1	3,832812E+3	2,145657E+0	3,832812E+3	-2,044955E-1	3,832812E+3	2,417359E+0	3,832812E+3	-2,859723E-1	3,832812E+3	2,671011E+0	3,832812E+3	-3,318256E-1	3,832812E+3	3,009510E+0	3,832812E+3	-1,245985E-1
3,834375E+3	2,059199E+0	3,834375E+3	-1,318036E-1	3,834375E+3	2,061782E+0	3,834375E+3	-1,331669E-1	3,834375E+3	2,072689E+0	3,834375E+3	-1,397948E-1	3,834375E+3	2,139653E+0	3,834375E+3	-1,938845E-1	3,834375E+3	2,386707E+0	3,834375E+3	-2,704158E-1	3,834375E+3	2,658364E+0	3,834375E+3	-3,218259E-1	3,834375E+3	2,916855E+0	3,834375E+3	-5,801737E-2
3,835937E+3	2,064008E+0	3,835937E+3	-1,229213E-1	3,835937E+3	2,054483E+0	3,835937E+3	-1,191794E-1	3,835937E+3	2,066499E+0	3,835937E+3	-1,313444E-1	3,835937E+3	2,124270E+0	3,835937E+3	-1,813698E-1	3,835937E+3	2,358713E+0	3,835937E+3	-2,943639E-1	3,835937E+3	2,653220E+0	3,835937E+3	-2,957382E-1	3,835937E+3	2,796509E+0	3,835937E+3	-3,112643E-2
3,837500E+3	2,043173E+0	3,837500E+3	-1,125001E-1	3,837500E+3	2,050454E+0	3,837500E+3	-1,036782E-1	3,837500E+3	2,058769E+0	3,837500E+3	-1,182192E-1	3,837500E+3	2,122799E+0	3,837500E+3	-1,555216E-1	3,837500E+3	2,372976E+0	3,837500E+3	-2,701015E-1	3,837500E+3	2,618394E+0	3,837500E+3	-2,773021E-1	3,837500E+3	2,862672E+0	3,837500E+3	-5,786844E-2
3,839062E+3	2,040733E+0	3,839062E+3	-9,208156E-2	3,839062E+3	2,044361E+0	3,839062E+3	-9,005217E-2	3,839062E+3	2,055820E+0	3,839062E+3	-9,791795E-2	3,839062E+3	2,124420E+0	3,839062E+3	-1,432136E-1	3,839062E+3	2,369673E+0	3,839062E+3	-2,493623E-1	3,839062E+3	2,631497E+0	3,839062E+3	-3,094793E-1	3,839062E+3	2,956602E+0	3,839062E+3	-1,105078E-1
3,840625E+3	2,035195E+0	3,840625E+3	-7,893571E-2	3,840625E+3	2,043413E+0	3,840625E+3	-7,803929E-2	3,840625E+3	2,053972E+0	3,840625E+3	-8,370320E-2	3,840625E+3	2,118968E+0	3,840625E+3	-1,332503E-1	3,840625E+3	2,371866E+0	3,840625E+3	-2,435798E-1	3,840625E+3	2,629342E+0	3,840625E+3	-3,217847E-1	3,840625E+3	2,942367E+0	3,840625E+3	-2,025319E-1
3,842187E+3	2,035312E+0	3,842187E+3	-5,964870E-2	3,842187E+3	2,044671E+0	3,842187E+3	-6,054380E-2	3,842187E+3	2,050970E+0	3,842187E+3	-7,097674E-2	3,842187E+3	2,113488E+0	3,842187E+3	-1,244192E-1	3,842187E+3	2,349276E+0	3,842187E+3	-2,290060E-1	3,842187E+3	2,656213E+0	3,842187E+3	-2,731209E-1	3,842187E+3	2,839723E+0	3,842187E+3	-2,707896E-2
3,843750E+3	2,038839E+0	3,843750E+3	-3,610868E-2	3,843750E+3	2,040975E+0	3,843750E+3	-5,148855E-2	3,843750E+3	2,047784E+0	3,843750E+3	-5,902578E-2	3,843750E+3	2,102735E+0	3,843750E+3	-1,156456E-1	3,843750E+3	2,363989E+0	3,843750E+3	-2,234534E-1	3,843750E+3	2,618979E+0	3,843750E+3	-2,656814E-1	3,843750E+3	2,827801E+0	3,843750E+3	1,949328E-2
3,845312E+3	2,034062E+0	3,845312E+3	-3,201692E-2	3,845312E+3	2,041255E+0	3,845312E+3	-3,931545E-2	3,845312E+3	2,040480E+0	3,845312E+3	-4,483890E-2	3,845312E+3	2,097216E+0	3,845312E+3	-9,538309E-2	3,845312E+3	2,328948E+0	3,845312E+3	-2,268933E-1	3,845312E+3	2,575440E+0	3,845312E+3	-2,941194E-1	3,845312E+3	2,884917E+0	3,845312E+3	-6,175860E-2
3,846875E+3	2,037304E+0	3,846875E+3	-3,161599E-3	3,846875E+3	2,035832E+0	3,846875E+3	-2,751397E-2	3,846875E+3	2,042595E+0	3,846875E+3	-2,580466E-2	3,846875E+3	2,093631E+0	3,846875E+3	-8,376670E-2	3,846875E+3	2,300376E+0	3,846875E+3	-2,196686E-1	3,846875E+3	2,486407E+0	3,846875E+3	-2,451937E-1	3,846875E+3	2,854564E+0	3,846875E+3	-5,599077E-2
3,848437E+3	2,029140E+0	3,848437E+3	2,544420E-3	3,848437E+3	2,029861E+0	3,848437E+3	-1,828504E-2	3,848437E+3	2,039547E+0	3,848437E+3	-2,017351E-2	3,848437E+3	2,081902E+0	3,848437E+3	-7,507423E-2	3,848437E+3	2,307143E+0	3,848437E+3	-2,162895E-1	3,848437E+3	2,468692E+0	3,848437E+3	-2,012141E-1	3,848437E+3	2,800707E+0	3,848437E+3	-5,658710E-2
3,850000E+3	2,020501E+0	3,850000E+3	1,423255E-2	3,850000E+3	2,026870E+0	3,850000E+3	-6,831613E-3	3,850000E+3	2,033713E+0	3,850000E+3	-1,299072E-2	3,850000E+3	2,085463E+0	3,850000E+3	-7,217609E-2	3,850000E+3	2,321098E+0	3,850000E+3	-1,955816E-1	3,850000E+3	2,485209E+0	3,850000E+3	-1,977844E-1	3,850000E+3	2,788581E+0	3,850000E+3	2,219416E-2
3,851562E+3	2,024915E+0	3,851562E+3	2,931179E-2	3,851562E+3	2,026705E+0	3,851562E+3	1,299166E-2	3,851562E+3	2,037290E+0	3,851562E+3	3,119482E-3	3,851562E+3	2,091291E+0	3,851562E+3	-4,825860E-2	3,851562E+3	2,328506E+0	3,851562E+3	-1,969635E-1	3,851562E+3	2,498332E+0	3,851562E+3	-2,276952E-1	3,851562E+3	2,736683E+0	3,851562E+3	7,740978E-2
3,853125E+3	2,023616E+0	3,853125E+3	3,213209E-2	3,853125E+3	2,024327E+0	3,853125E+3	2,881375E-2	3,853125E+3	2,038552E+0	3,853125E+3	1,358729E-2	3,853125E+3	2,090804E+0	3,853125E+3	-3,927383E-2	3,853125E+3	2,295125E+0	3,853125E+3	-1,774099E-1	3,853125E+3	2,491873E+0	3,853125E+3	-1,894369E-1	3,853125E+3	2,731429E+0	3,853125E+3	2,511920E-2
3,854687E+3	2,009728E+0	3,854687E+3	3,200711E-2	3,854687E+3	2,017790E+0	3,854687E+3	3,244683E-2	3,854687E+3	2,032757E+0	3,854687E+3	2,710617E-2	3,854687E+3	2,079336E+0	3,854687E+3	-3,293411E-2	3,854687E+3	2,260149E+0	3,854687E+3	-1,634940E-1	3,854687E+3	2,519808E+0	3,854687E+3	-1,467983E-1	3,854687E+3	2,815509E+0	3,854687E+3	-6,972550E-2
3,856250E+3	1,994872E+0	3,856250E+3	4,517863E-2	3,856250E+3	2,019539E+0	3,856250E+3	4,483519E-2	3,856250E+3	2,027174E+0	3,856250E+3	4,117731E-2	3,856250E+3	2,079109E+0	3,856250E+3	-2,323854E-2	3,856250E+3	2,274194E+0	3,856250E+3	-1,681522E-1	3,856250E+3	2,499775E+0	3,856250E+3	-1,641954E-1	3,856250E+3	2,809761E+0	3,856250E+3	-4,842071E-2
3,857812E+3	2,015882E+0	3,857812E+3	6,315741E-2	3,857812E+3	2,021728E+0	3,857812E+3	5,887064E-2	3,857812E+3	2,023765E+0	3,857812E+3	5,019069E-2	3,857812E+3	2,075110E+0	3,857812E+3	6,023567E-4	3,857812E+3	2,253360E+0	3,857812E+3	-1,612803E-1	3,857812E+3	2,461237E+0	3,857812E+3	-1,733744E-1	3,857812E+3	2,721279E+0	3,857812E+3	-4,325392E-2
3,859375E+3	2,030141E+0	3,859375E+3	7,035993E-2	3,859375E+3	2,020805E+0	3,859375E+3	7,039060E-2	3,859375E+3	2,024623E+0	3,859375E+3	5,914139E-2	3,859375E+3	2,063179E+0	3,859375E+3	9,465049E-3	3,859375E+3	2,252336E+0	3,859375E+3	-1,626791E-1	3,859375E+3	2,505288E+0	3,859375E+3	-1,251859E-1	3,859375E+3	2,738722E+0	3,859375E+3	-8,356207E-2
3,860937E+3	2,017866E+0	3,860937E+3	8,924679E-2	3,860937E+3	2,020669E+0	3,860937E+3	7,833484E-2	3,860937E+3	2,023836E+0	3,860937E+3	6,861995E-2	3,860937E+3	2,068502E+0	3,860937E+3	1,634333E-2	3,860937E+3	2,248628E+0	3,860937E+3	-1,236964E-1	3,860937E+3	2,477674E+0	3,860937E+3	-1,440487E-1	3,860937E+3	2,753248E+0	3,860937E+3	-8,904003E-2
3,862500E+3	2,014122E+0	3,862500E+3	9,818439E-2	3,862500E+3	2,022979E+0	3,862500E+3	9,118969E-2	3,862500E+3	2,021883E+0	3,862500E+3	7,921758E-2	3,862500E+3	2,069925E+0	3,862500E+3	2,645425E-2	3,862500E+3	2,245468E+0	3,862500E+3	-9,938576E-2	3,862500E+3	2,407004E+0	3,862500E+3	-1,352666E-1	3,862500E+3	2,724443E+0	3,862500E+3	-5,155672E-2
3,864062E+3	2,020225E+0	3,864062E+3	1,027699E-1	3,864062E+3	2,023315E+0	3,864062E+3	9,774978E-2	3,864062E+3	2,022058E+0	3,864062E+3	8,806569E-2	3,864062E+3	2,061836E+0	3,864062E+3	3,529696E-2	3,864062E+3	2,246913E+0	3,864062E+3	-1,082262E-1	3,864062E+3	2,343516E+0	3,864062E+3	-9,905894E-2	3,864062E+3	2,615624E+0	3,864062E+3	-9,366460E-3
3,865625E+3	2,010527E+0	3,865625E+3	1,052553E-1	3,865625E+3	2,020147E+0	3,865625E+3	1,127520E-1	3,865625E+3	2,020158E+0	3,865625E+3	1,014316E-1	3,865625E+3	2,066258E+0	3,865625E+3	4,126175E-2	3,865625E+3	2,250865E+0	3,865625E+3	-1,178130E-1	3,865625E+3	2,344178E+0	3,865625E+3	-1,087535E-1	3,865625E+3	2,631197E+0	3,865625E+3	1,681025E-2
3,867187E+3	2,011519E+0	3,867187E+3	1,195103E-1	3,867187E+3	2,013835E+0	3,867187E+3	1,125811E-1	3,867187E+3	2,018000E+0	3,867187E+3	1,078051E-1	3,867187E+3	2,059453E+0	3,867187E+3	4,159599E-2	3,867187E+3	2,215705E+0	3,867187E+3	-1,124527E-1	3,867187E+3	2,413929E+0	3,867187E+3	-1,982057E-1	3,867187E+3	2,628733E+0	3,867187E+3	-6,345252E-3
3,868750E+3	2,022726E+0	3,868750E+3	1,422969E-1	3,868750E+3	2,005950E+0	3,868750E+3	1,263488E-1	3,868750E+3	2,018484E+0	3,868750E+3	1,181632E-1	3,868750E+3	2,054970E+0	3,868750E+3	5,737012E-2	3,868750E+3	2,217719E+0	3,868750E+3	-9,019996E-2	3,868750E+3	2,450500E+0	3,868750E+3	-1,756055E-1	3,868750E+3	2,640767E+0	3,868750E+3	2,891654E-3
3,870312E+3	2,019542E+0	3,870312E+3	1,444331E-1	3,870312E+3	2,015117E+0	3,870312E+3	1,334245E-1	3,870312E+3	2,021458E+0	3,870312E+3	1,325489E-1	3,870312E+3	2,054057E+0	3,870312E+3	6,844363E-2	3,870312E+3	2,226469E+0	3,870312E+3	-6,613296E-2	3,870312E+3	2,351048E+0	3,870312E+3	-2,024499E-1	3,870312E+3	2,765354E+0	3,870312E+3	-1,025597E-1
3,871875E+3	2,012524E+0	3,871875E+3	1,574322E-1	3,871875E+3	2,014383E+0	3,871875E+3	1,497507E-1	3,871875E+3	2,016735E+0	3,871875E+3	1,431392E-1	3,871875E+3	2,063191E+0	3,871875E+3	8,325634E-2	3,871875E+3	2,207358E+0	3,871875E+3	-6,844946E-2	3,871875E+3	2,360504E+0	3,871875E+3	-1,602804E-1	3,871875E+3	2,782878E+0	3,871875E+3	-5,668873E-2
3,873437E+3	2,010964E+0	3,873437E+3	1,543042E-1	3,873437E+3	2,012581E+0	3,873437E+3	1,593138E-1	3,873437E+3	2,020512E+0	3,873437E+3	1,438953E-1	3,873437E+3	2,067179E+0	3,873437E+3	8,832498E-2	3,873437E+3	2,186003E+0	3,873437E+3	-5,981746E-2	3,873437E+3	2,422815E+0	3,873437E+3	-1,492754E-1	3,873437E+3	2,563719E+0	3,873437E+3	-1,874110E-1
3,875000E+3	2,013227E+0	3,875000E+3	1,724136E-1	3,875000E+3	2,029705E+0	3,875000E+3	1,660981E-1	3,875000E+3	2,027272E+0	3,875000E+3	1,518843E-1	3,875000E+3	2,061988E+0	3,875000E+3	9,169717E-2	3,875000E+3	2,191229E+0	3,875000E+3	-5,725215E-2	3,875000E+3	2,373026E+0	3,875000E+3	-1,567903E-1	3,875000E+3	2,589975E+0	3,875000E+3	-1,494365E-1
3,876562E+3	2,023145E+0	3,876562E+3	1,821705E-1	3,876562E+3	2,018760E+0	3,876562E+3	1,865183E-1	3,876562E+3	2,027716E+0	3,876562E+3	1,701372E-1	3,876562E+3	2,059489E+0	3,876562E+3	1,132105E-1	3,876562E+3	2,168596E+0	3,876562E+3	-5,169001E-2	3,876562E+3	2,341276E+0	3,876562E+3	-1,888662E-1	3,876562E+3	2,574576E+0	3,876562E+3	-9,168683E-2
3,878125E+3	2,037328E+0	3,878125E+3	1,754322E-1	3,878125E+3	2,018937E+0	3,878125E+3	1,987068E-1	3,878125E+3	2,025744E+0	3,878125E+3	1,725162E-1	3,878125E+3	2,062393E+0	3,878125E+3	1,108968E-1	3,878125E+3	2,193154E+0	3,878125E+3	-2,195480E-2	3,878125E+3	2,305372E+0	3,878125E+3	-1,207434E-1	3,878125E+3	2,600474E+0	3,878125E+3	-2,715895E-2
3,879687E+3	2,019521E+0	3,879687E+3	1,896579E-1	3,879687E+3	2,029993E+0	3,879687E+3	1,869987E-1	3,879687E+3	2,030341E+0	3,879687E+3	1,767975E-1	3,879687E+3	2,058325E+0	3,879687E+3	1,101694E-1	3,879687E+3	2,214256E+0	3,879687E+3	-3,556420E-2	3,879687E+3	2,322219E+0	3,879687E+3	-9,269462E-2	3,879687E+3	2,620672E+0	3,879687E+3	4,581904E-2
3,881250E+3	2,002699E+0	3,881250E+3	1,934124E-1	3,881250E+3	2,031522E+0	3,881250E+3	1,974741E-1	3,881250E+3	2,024907E+0	3,881250E+3	1,907088E-1	3,881250E+3	2,053923E+0	3,881250E+3	1,214668E-1	3,881250E+3	2,177373E+0	3,881250E+3	-4,395685E-2	3,881250E+3	2,311687E+0	3,881250E+3	-8,678865E-2	3,881250E+3	2,611558E+0	3,881250E+3	-5,627234E-2
3,882812E+3	2,014352E+0	3,882812E+3	2,018892E-1	3,882812E+3	2,034769E+0	3,882812E+3	2,038567E-1	3,882812E+3	2,027716E+0	3,882812E+3	1,945062E-1	3,882812E+3	2,054131E+0	3,882812E+3	1,325026E-1	3,882812E+3	2,169258E+0	3,882812E+3	-7,253997E-3	3,882812E+3	2,295748E+0	3,882812E+3	-3,714905E-2	3,882812E+3	2,559778E+0	3,882812E+3	4,171923E-2
3,884375E+3	2,014183E+0	3,884375E+3	2,202983E-1	3,884375E+3	2,032193E+0	3,884375E+3	2,089781E-1	3,884375E+3	2,028718E+0	3,884375E+3	2,005297E-1	3,884375E+3	2,047016E+0	3,884375E+3	1,440356E-1	3,884375E+3	2,149662E+0	3,884375E+3	-1,351240E-2	3,884375E+3	2,323675E+0	3,884375E+3	-5,666495E-2	3,884375E+3	2,547819E+0	3,884375E+3	4,526312E-2
3,885937E+3	2,014753E+0	3,885937E+3	2,226114E-1	3,885937E+3	2,026336E+0	3,885937E+3	2,134474E-1	3,885937E+3	2,032198E+0	3,885937E+3	2,066772E-1	3,885937E+3	2,049184E+0	3,885937E+3	1,477815E-1	3,885937E+3	2,163429E+0	3,885937E+3	-2,955268E-2	3,885937E+3	2,300199E+0	3,885937E+3	-9,098996E-2	3,885937E+3	2,536697E+0	3,885937E+3	1,627497E-2
3,887500E+3	2,010107E+0	3,887500E+3	2,268034E-1	3,887500E+3	2,018956E+0	3,887500E+3	2,169560E-1	3,887500E+3	2,032658E+0	3,887500E+3	2,106428E-1	3,887500E+3	2,053179E+0	3,887500E+3	1,519534E-1	3,887500E+3	2,161919E+0	3,887500E+3	-1,249107E-2	3,887500E+3	2,300804E+0	3,887500E+3	-9,010561E-2	3,887500E+3	2,522454E+0	3,887500E+3	2,343532E-2
3,889062E+3	2,023952E+0	3,889062E+3	2,302524E-1	3,889062E+3	2,024566E+0	3,889062E+3	2,269491E-1	3,889062E+3	2,036755E+0	3,889062E+3	2,205169E-1	3,889062E+3	2,061879E+0	3,889062E+3	1,506750E-1	3,889062E+3	2,149069E+0	3,889062E+3	1,611474E-2	3,889062E+3	2,291236E+0	3,889062E+3	-3,822041E-2	3,889062E+3	2,522013E+0	3,889062E+3	-8,121235E-3
3,890625E+3	2,049217E+0	3,890625E+3	2,214817E-1	3,890625E+3	2,033844E+0	3,890625E+3	2,402360E-1	3,890625E+3	2,040700E+0	3,890625E+3	2,218481E-1	3,890625E+3	2,050146E+0	3,890625E+3	1,641904E-1	3,890625E+3	2,144543E+0	3,890625E+3	9,068673E-3	3,890625E+3	2,293259E+0	3,890625E+3	-4,176282E-2	3,890625E+3	2,467413E+0	3,890625E+3	-3,124391E-2
3,892187E+3	2,057711E+0	3,892187E+3	2,300025E-1	3,892187E+3	2,036356E+0	3,892187E+3	2,402377E-1	3,892187E+3	2,032273E+0	3,892187E+3	2,283893E-1	3,892187E+3	2,048639E+0	3,892187E+3	1,712246E-1	3,892187E+3	2,159413E+0	3,892187E+3	9,410021E-3	3,892187E+3	2,287972E+0	3,892187E+3	-7,758498E-2	3,892187E+3	2,416332E+0	3,892187E+3	9,011353E-3
3,893750E+3	2,059970E+0	3,893750E+3	2,195348E-1	3,893750E+3	2,039881E+0	3,893750E+3	2,475387E-1	3,893750E+3	2,040582E+0	3,893750E+3	2,289476E-1	3,893750E+3	2,054132E+0	3,893750E+3	1,741718E-1	3,893750E+3	2,137432E+0	3,893750E+3	1,246669E-2	3,893750E+3	2,266551E+0	3,893750E+3	-5,115241E-2	3,893750E+3	2,411941E+0	3,893750E+3	-1,265989E-1
3,895312E+3	2,046424E+0	3,895312E+3	2,463188E-1	3,895312E+3	2,037275E+0	3,895312E+3	2,475602E-1	3,895312E+3	2,044819E+0	3,895312E+3	2,316139E-1	3,895312E+3	2,053346E+0	3,895312E+3	1,809807E-1	3,895312E+3	2,124959E+0	3,895312E+3	1,339202E-2	3,895312E+3	2,299850E+0	3,895312E+3	-9,368049E-2	3,895312E+3	2,440600E+0	3,895312E+3	-6,819705E-2
3,896875E+3	2,062461E+0	3,896875E+3	2,364182E-1	3,896875E+3	2,041997E+0	3,896875E+3	2,490173E-1	3,896875E+3	2,049869E+0	3,896875E+3	2,382352E-1	3,896875E+3	2,057998E+0	3,896875E+3	1,750390E-1	3,896875E+3	2,144029E+0	3,896875E+3	1,158246E-2	3,896875E+3	2,253118E+0	3,896875E+3	-7,568294E-2	3,896875E+3	2,467556E+0	3,896875E+3	-2,251849E-2
3,898437E+3	2,049173E+0	3,898437E+3	2,593486E-1	3,898437E+3	2,052237E+0	3,898437E+3	2,482550E-1	3,898437E+3	2,050656E+0	3,898437E+3	2,443366E-1	3,898437E+3	2,062626E+0	3,898437E+3	1,800067E-1	3,898437E+3	2,147295E+0	3,898437E+3	-1,816066E-3	3,898437E+3	2,250165E+0	3,898437E+3	-4,934223E-2	3,898437E+3	2,460191E+0	3,898437E+3	-7,448743E-2
3,900000E+3	2,038324E+0	3,900000E+3	2,532090E-1	3,900000E+3	2,051647E+0	3,900000E+3	2,530507E-1	3,900000E+3	2,060662E+0	3,900000E+3	2,454081E-1	3,900000E+3	2,069336E+0	3,900000E+3	1,930328E-1	3,900000E+3	2,131603E+0	3,900000E+3	2,302092E-2	3,900000E+3	2,219119E+0	3,900000E+3	-9,510512E-2	3,900000E+3	2,456569E+0	3,900000E+3	-1,350079E-2
3,901562E+3	2,055902E+0	3,901562E+3	2,637275E-1	3,901562E+3	2,050242E+0	3,901562E+3	2,588692E-1	3,901562E+3	2,058730E+0	3,901562E+3	2,519859E-1	3,901562E+3	2,072097E+0	3,901562E+3	1,936870E-1	3,901562E+3	2,142489E+0	3,901562E+3	2,276621E-2	3,901562E+3	2,219993E+0	3,901562E+3	-7,793422E-2	3,901562E+3	2,427698E+0	3,901562E+3	-3,887193E-2
3,903125E+3	2,051103E+0	3,903125E+3	2,854705E-1	3,903125E+3	2,052942E+0	3,903125E+3	2,607924E-1	3,903125E+3	2,062438E+0	3,903125E+3	2,493533E-1	3,903125E+3	2,065027E+0	3,903125E+3	1,950902E-1	3,903125E+3	2,107415E+0	3,903125E+3	4,982490E-2	3,903125E+3	2,261821E+0	3,903125E+3	-7,825947E-2	3,903125E+3	2,364192E+0	3,903125E+3	-1,152738E-1
3,904687E+3	2,040804E+0	3,904687E+3	2,746745E-1	3,904687E+3	2,069432E+0	3,904687E+3	2,636341E-1	3,904687E+3	2,071041E+0	3,904687E+3	2,523374E-1	3,904687E+3	2,079046E+0	3,904687E+3	1,922478E-1	3,904687E+3	2,097735E+0	3,904687E+3	4,956489E-2	3,904687E+3	2,268397E+0	3,904687E+3	-1,092160E-1	3,904687E+3	2,393442E+0	3,904687E+3	-4,102954E-2
3,906250E+3	2,045559E+0	3,906250E+3	2,873031E-1	3,906250E+3	2,075549E+0	3,906250E+3	2,744973E-1	3,906250E+3	2,074994E+0	3,906250E+3	2,570487E-1	3,906250E+3	2,082502E+0	3,906250E+3	1,990918E-1	3,906250E+3	2,160134E+0	3,906250E+3	5,529547E-2	3,906250E+3	2,267970E+0	3,906250E+3	-7,934067E-2	3,906250E+3	2,430282E+0	3,906250E+3	-7,565457E-2
3,907812E+3	2,068560E+0	3,907812E+3	2,865394E-1	3,907812E+3	2,077313E+0	3,907812E+3	2,740584E-1	3,907812E+3	2,072755E+0	3,907812E+3	2,624526E-1	3,907812E+3	2,078958E+0	3,907812E+3	1,952458E-1	3,907812E+3	2,158619E+0	3,907812E+3	2,520573E-2	3,907812E+3	2,236231E+0	3,907812E+3	-5,755344E-2	3,907812E+3	2,409125E+0	3,907812E+3	-1,258437E-1
3,909375E+3	2,062464E+0	3,909375E+3	2,942875E-1	3,909375E+3	2,086067E+0	3,909375E+3	2,819257E-1	3,909375E+3	2,084002E+0	3,909375E+3	2,607780E-1	3,909375E+3	2,067152E+0	3,909375E+3	2,064823E-1	3,909375E+3	2,129749E+0	3,909375E+3	3,754542E-2	3,909375E+3	2,195252E+0	3,909375E+3	-4,779447E-2	3,909375E+3	2,399452E+0	3,909375E+3	-7,792759E-2
3,910937E+3	2,080566E+0	3,910937E+3	2,698380E-1	3,910937E+3	2,090065E+0	3,910937E+3	2,781149E-1	3,910937E+3	2,080653E+0	3,910937E+3	2,556815E-1	3,910937E+3	2,072230E+0	3,910937E+3	1,926204E-1	3,910937E+3	2,124498E+0	3,910937E+3	2,922001E-2	3,910937E+3	2,253012E+0	3,910937E+3	-4,917377E-2	3,910937E+3	2,377903E+0	3,910937E+3	-8,647270E-2
3,912500E+3	2,090849E+0	3,912500E+3	2,755610E-1	3,912500E+3	2,088553E+0	3,912500E+3	2,743182E-1	3,912500E+3	2,086929E+0	3,912500E+3	2,570019E-1	3,912500E+3	2,081356E+0	3,912500E+3	2,087434E-1	3,912500E+3	2,088918E+0	3,912500E+3	4,971993E-2	3,912500E+3	2,243903E+0	3,912500E+3	-5,193694E-2	3,912500E+3	2,366790E+0	3,912500E+3	-1,705991E-1
3,914062E+3	2,091052E+0	3,914062E+3	2,787397E-1	3,914062E+3	2,089301E+0	3,914062E+3	2,714268E-1	3,914062E+3	2,092363E+0	3,914062E+3	2,566687E-1	3,914062E+3	2,084843E+0	3,914062E+3	2,083406E-1	3,914062E+3	2,099692E+0	3,914062E+3	3,665503E-2	3,914062E+3	2,193235E+0	3,914062E+3	-5,930670E-2	3,914062E+3	2,317255E+0	3,914062E+3	-1,011645E-1
3,915625E+3	2,070876E+0	3,915625E+3	2,838555E-1	3,915625E+3	2,093453E+0	3,915625E+3	2,788980E-1	3,915625E+3	2,102234E+0	3,915625E+3	2,586308E-1	3,915625E+3	2,090343E+0	3,915625E+3	2,024690E-1	3,915625E+3	2,108457E+0	3,915625E+3	5,634770E-2	3,915625E+3	2,178275E+0	3,915625E+3	-6,449894E-2	3,915625E+3	2,307765E+0	3,915625E+3	4,124870E-2
3,917187E+3	2,088016E+0	3,917187E+3	2,840295E-1	3,917187E+3	2,098153E+0	3,917187E+3	2,705693E-1	3,917187E+3	2,102145E+0	3,917187E+3	2,613656E-1	3,917187E+3	2,089791E+0	3,917187E+3	2,065299E-1	3,917187E+3	2,114382E+0	3,917187E+3	3,070237E-2	3,917187E+3	2,192890E+0	3,917187E+3	-5,348870E-2	3,917187E+3	2,301413E+0	3,917187E+3	-1,304719E-2
3,918750E+3	2,097808E+0	3,918750E+3	2,926896E-1	3,918750E+3	2,105492E+0	3,918750E+3	2,628091E-1	3,918750E+3	2,103045E+0	3,918750E+3	2,605850E-1	3,918750E+3	2,094904E+0	3,918750E+3	2,011384E-1	3,918750E+3	2,118434E+0	3,918750E+3	1,334705E-2	3,918750E+3	2,169092E+0	3,918750E+3	-5,242939E-2	3,918750E+3	2,279874E+0	3,918750E+3	2,711382E-2
3,920312E+3	2,105176E+0	3,920312E+3	2,771380E-1	3,920312E+3	2,113002E+0	3,920312E+3	2,619009E-1	3,920312E+3	2,112968E+0	3,920312E+3	2,610497E-1	3,920312E+3	2,094072E+0	3,920312E+3	1,937295E-1	3,920312E+3	2,129937E+0	3,920312E+3	2,858502E-2	3,920312E+3	2,194605E+0	3,920312E+3	-4,239389E-2	3,920312E+3	2,323080E+0	3,920312E+3	-2,006922E-2
3,921875E+3	2,102512E+0	3,921875E+3	2,705104E-1	3,921875E+3	2,112207E+0	3,921875E+3	2,707054E-1	3,921875E+3	2,116259E+0	3,921875E+3	2,576031E-1	3,921875E+3	2,096046E+0	3,921875E+3	2,009391E-1	3,921875E+3	2,114194E+0	3,921875E+3	3,723896E-2	3,921875E+3	2,212755E+0	3,921875E+3	-7,230960E-2	3,921875E+3	2,333907E+0	3,921875E+3	-1,094721E-1
3,923437E+3	2,093577E+0	3,923437E+3	2,800624E-1	3,923437E+3	2,123703E+0	3,923437E+3	2,750421E-1	3,923437E+3	2,123399E+0	3,923437E+3	2,544483E-1	3,923437E+3	2,106105E+0	3,923437E+3	1,874008E-1	3,923437E+3	2,076263E+0	3,923437E+3	3,360227E-2	3,923437E+3	2,125680E+0	3,923437E+3	-4,122662E-2	3,923437E+3	2,290375E+0	3,923437E+3	-1,063928E-1
3,925000E+3	2,103329E+0	3,925000E+3	2,888528E-1	3,925000E+3	2,134220E+0	3,925000E+3	2,638215E-1	3,925000E+3	2,123057E+0	3,925000E+3	2,504083E-1	3,925000E+3	2,110960E+0	3,925000E+3	1,920122E-1	3,925000E+3	2,097146E+0	3,925000E+3	5,100950E-2	3,925000E+3	2,140749E+0	3,925000E+3	4,166107E-3	3,925000E+3	2,315590E+0	3,925000E+3	-6,568060E-3
3,926562E+3	2,124752E+0	3,926562E+3	2,621690E-1	3,926562E+3	2,141068E+0	3,926562E+3	2,562134E-1	3,926562E+3	2,130934E+0	3,926562E+3	2,527677E-1	3,926562E+3	2,114789E+0	3,926562E+3	1,954622E-1	3,926562E+3	2,113109E+0	3,926562E+3	3,799875E-2	3,926562E+3	2,184574E+0	3,926562E+3	-1,493047E-4	3,926562E+3	2,246984E+0	3,926562E+3	2,452346E-2
3,928125E+3	2,108915E+0	3,928125E+3	2,505786E-1	3,928125E+3	2,134280E+0	3,928125E+3	2,557155E-1	3,928125E+3	2,135259E+0	3,928125E+3	2,532031E-1	3,928125E+3	2,116702E+0	3,928125E+3	1,877360E-1	3,928125E+3	2,099877E+0	3,928125E+3	5,783618E-2	3,928125E+3	2,218347E+0	3,928125E+3	3,422211E-3	3,928125E+3	2,304643E+0	3,928125E+3	-2,821697E-2
3,929687E+3	2,135496E+0	3,929687E+3	2,573836E-1	3,929687E+3	2,136103E+0	3,929687E+3	2,575448E-1	3,929687E+3	2,144654E+0	3,929687E+3	2,443814E-1	3,929687E+3	2,121020E+0	3,929687E+3	1,931576E-1	3,929687E+3	2,097823E+0	3,929687E+3	4,641168E-2	3,929687E+3	2,197922E+0	3,929687E+3	-1,686634E-2	3,929687E+3	2,332674E+0	3,929687E+3	-5,255231E-2
3,931250E+3	2,143696E+0	3,931250E+3	2,633839E-1	3,931250E+3	2,149595E+0	3,931250E+3	2,508626E-1	3,931250E+3	2,145226E+0	3,931250E+3	2,401119E-1	3,931250E+3	2,127560E+0	3,931250E+3	1,903374E-1	3,931250E+3	2,094793E+0	3,931250E+3	3,757845E-2	3,931250E+3	2,147952E+0	3,931250E+3	-5,039929E-2	3,931250E+3	2,257596E+0	3,931250E+3	-2,828140E-2
3,932812E+3	2,138200E+0	3,932812E+3	2,766000E-1	3,932812E+3	2,154876E+0	3,932812E+3	2,573046E-1	3,932812E+3	2,151083E+0	3,932812E+3	2,393203E-1	3,932812E+3	2,127588E+0	3,932812E+3	1,875450E-1	3,932812E+3	2,077982E+0	3,932812E+3	4,109468E-2	3,932812E+3	2,145353E+0	3,932812E+3	-6,521236E-2	3,932812E+3	2,219467E+0	3,932812E+3	4,378137E-2
3,934375E+3	2,149504E+0	3,934375E+3	2,404858E-1	3,934375E+3	2,156332E+0	3,934375E+3	2,394329E-1	3,934375E+3	2,161180E+0	3,934375E+3	2,268999E-1	3,934375E+3	2,132706E+0	3,934375E+3	1,807501E-1	3,934375E+3	2,067701E+0	3,934375E+3	7,622043E-2	3,934375E+3	2,134036E+0	3,934375E+3	-6,225413E-2	3,934375E+3	2,236811E+0	3,934375E+3	3,136467E-2
3,935937E+3	2,157583E+0	3,935937E+3	2,330148E-1	3,935937E+3	2,163375E+0	3,935937E+3	2,238446E-1	3,935937E+3	2,164330E+0	3,935937E+3	2,254026E-1	3,935937E+3	2,123969E+0	3,935937E+3	1,713185E-1	3,935937E+3	2,087290E+0	3,935937E+3	9,040686E-2	3,935937E+3	2,147001E+0	3,935937E+3	-2,285894E-2	3,935937E+3	2,235905E+0	3,935937E+3	4,357357E-2
3,937500E+3	2,160303E+0	3,937500E+3	2,489529E-1	3,937500E+3	2,164304E+0	3,937500E+3	2,327902E-1	3,937500E+3	2,168649E+0	3,937500E+3	2,164448E-1	3,937500E+3	2,141893E+0	3,937500E+3	1,758785E-1	3,937500E+3	2,094053E+0	3,937500E+3	6,302672E-2	3,937500E+3	2,105949E+0	3,937500E+3	-2,150159E-2	3,937500E+3	2,239893E+0	3,937500E+3	-2,230291E-2
3,939062E+3	2,162743E+0	3,939062E+3	2,189193E-1	3,939062E+3	2,177417E+0	3,939062E+3	2,255008E-1	3,939062E+3	2,169138E+0	3,939062E+3	2,171319E-1	3,939062E+3	2,146642E+0	3,939062E+3	1,754301E-1	3,939062E+3	2,086162E+0	3,939062E+3	2,320185E-2	3,939062E+3	2,139357E+0	3,939062E+3	-3,344743E-2	3,939062E+3	2,247509E+0	3,939062E+3	-3,025696E-3
3,940625E+3	2,164308E+0	3,940625E+3	2,058067E-1	3,940625E+3	2,176568E+0	3,940625E+3	2,074651E-1	3,940625E+3	2,174891E+0	3,940625E+3	2,074117E-1	3,940625E+3	2,144822E+0	3,940625E+3	1,645326E-1	3,940625E+3	2,092141E+0	3,940625E+3	2,735913E-2	3,940625E+3	2,127959E+0	3,940625E+3	-3,742745E-2	3,940625E+3	2,192768E+0	3,940625E+3	-4,558954E-2
3,942187E+3	2,194886E+0	3,942187E+3	2,079055E-1	3,942187E+3	2,176239E+0	3,942187E+3	2,061756E-1	3,942187E+3	2,176026E+0	3,942187E+3	2,094708E-1	3,942187E+3	2,142549E+0	3,942187E+3	1,542209E-1	3,942187E+3	2,103186E+0	3,942187E+3	4,390093E-2	3,942187E+3	2,091025E+0	3,942187E+3	-1,662164E-2	3,942187E+3	2,226833E+0	3,942187E+3	-3,582435E-2
3,943750E+3	2,191803E+0	3,943750E+3	2,178242E-1	3,943750E+3	2,186681E+0	3,943750E+3	2,052853E-1	3,943750E+3	2,183139E+0	3,943750E+3	1,972312E-1	3,943750E+3	2,157253E+0	3,943750E+3	1,470737E-1	3,943750E+3	2,098522E+0	3,943750E+3	5,425919E-2	3,943750E+3	2,085674E+0	3,943750E+3	-2,129086E-2	3,943750E+3	2,253411E+0	3,943750E+3	-3,039020E-2
3,945312E+3	2,193688E+0	3,945312E+3	2,005742E-1	3,945312E+3	2,204167E+0	3,945312E+3	1,891732E-1	3,945312E+3	2,191982E+0	3,945312E+3	1,863893E-1	3,945312E+3	2,174658E+0	3,945312E+3	1,465841E-1	3,945312E+3	2,082326E+0	3,945312E+3	5,840040E-2	3,945312E+3	2,119479E+0	3,945312E+3	-3,145322E-2	3,945312E+3	2,260171E+0	3,945312E+3	-6,116848E-2
3,946875E+3	2,199417E+0	3,946875E+3	1,985752E-1	3,946875E+3	2,203292E+0	3,946875E+3	1,827781E-1	3,946875E+3	2,195938E+0	3,946875E+3	1,878776E-1	3,946875E+3	2,151399E+0	3,946875E+3	1,400831E-1	3,946875E+3	2,067326E+0	3,946875E+3	3,850966E-2	3,946875E+3	2,127006E+0	3,946875E+3	-1,217612E-2	3,946875E+3	2,258499E+0	3,946875E+3	-6,289246E-2
3,948437E+3	2,211471E+0	3,948437E+3	1,888530E-1	3,948437E+3	2,201640E+0	3,948437E+3	1,794186E-1	3,948437E+3	2,201404E+0	3,948437E+3	1,730779E-1	3,948437E+3	2,157598E+0	3,948437E+3	1,316538E-1	3,948437E+3	2,082435E+0	3,948437E+3	2,942482E-2	3,948437E+3	2,089872E+0	3,948437E+3	-1,570336E-2	3,948437E+3	2,181135E+0	3,948437E+3	-6,949559E-2
3,950000E+3	2,191549E+0	3,950000E+3	1,722299E-1	3,950000E+3	2,198537E+0	3,950000E+3	1,824082E-1	3,950000E+3	2,208186E+0	3,950000E+3	1,710979E-1	3,950000E+3	2,155573E+0	3,950000E+3	1,262503E-1	3,950000E+3	2,083215E+0	3,950000E+3	4,533911E-2	3,950000E+3	2,094659E+0	3,950000E+3	-1,568462E-2	3,950000E+3	2,126763E+0	3,950000E+3	-6,536700E-2
3,951562E+3	2,199981E+0	3,951562E+3	1,710110E-1	3,951562E+3	2,205646E+0	3,951562E+3	1,740469E-1	3,951562E+3	2,206585E+0	3,951562E+3	1,555605E-1	3,951562E+3	2,154838E+0	3,951562E+3	1,233047E-1	3,951562E+3	2,073709E+0	3,951562E+3	3,006932E-2	3,951562E+3	2,121182E+0	3,951562E+3	-2,600526E-2	3,951562E+3	2,168321E+0	3,951562E+3	-3,429794E-2
3,953125E+3	2,205139E+0	3,953125E+3	1,606744E-1	3,953125E+3	2,220022E+0	3,953125E+3	1,577467E-1	3,953125E+3	2,203228E+0	3,953125E+3	1,493814E-1	3,953125E+3	2,156961E+0	3,953125E+3	1,156663E-1	3,953125E+3	2,058528E+0	3,953125E+3	5,143115E-4	3,953125E+3	2,106067E+0	3,953125E+3	-4,023308E-2	3,953125E+3	2,179314E+0	3,953125E+3	-9,134640E-2
3,954687E+3	2,206637E+0	3,954687E+3	1,288504E-1	3,954687E+3	2,222138E+0	3,954687E+3	1,325475E-1	3,954687E+3	2,204408E+0	3,954687E+3	1,401667E-1	3,954687E+3	2,163025E+0	3,954687E+3	1,027695E-1	3,954687E+3	2,035800E+0	3,954687E+3	-7,019677E-3	3,954687E+3	2,093117E+0	3,954687E+3	-1,546099E-2	3,954687E+3	2,127661E+0	3,954687E+3	-9,090933E-2
3,956250E+3	2,217874E+0	3,956250E+3	1,084847E-1	3,956250E+3	2,217558E+0	3,956250E+3	1,252619E-1	3,956250E+3	2,218054E+0	3,956250E+3	1,314383E-1	3,956250E+3	2,177644E+0	3,956250E+3	9,522087E-2	3,956250E+3	2,032148E+0	3,956250E+3	-1,827898E-2	3,956250E+3	2,053684E+0	3,956250E+3	-4,861023E-2	3,956250E+3	2,166409E+0	3,956250E+3	-5,671381E-2
3,957812E+3	2,226220E+0	3,957812E+3	1,167361E-1	3,957812E+3	2,223014E+0	3,957812E+3	1,223314E-1	3,957812E+3	2,229552E+0	3,957812E+3	1,088202E-1	3,957812E+3	2,179864E+0	3,957812E+3	8,507580E-2	3,957812E+3	2,069183E+0	3,957812E+3	5,940415E-3	3,957812E+3	2,077535E+0	3,957812E+3	-7,819419E-2	3,957812E+3	2,145580E+0	3,957812E+3	-3,454076E-2
3,959375E+3	2,221128E+0	3,959375E+3	1,347479E-1	3,959375E+3	2,235018E+0	3,959375E+3	1,109676E-1	3,959375E+3	2,225295E+0	3,959375E+3	1,034157E-1	3,959375E+3	2,177712E+0	3,959375E+3	7,255175E-2	3,959375E+3	2,080429E+0	3,959375E+3	1,289056E-2	3,959375E+3	2,086668E+0	3,959375E+3	-8,807853E-2	3,959375E+3	2,165103E+0	3,959375E+3	-7,692933E-2
3,960937E+3	2,232601E+0	3,960937E+3	1,002473E-1	3,960937E+3	2,237729E+0	3,960937E+3	1,056688E-1	3,960937E+3	2,225341E+0	3,960937E+3	9,487804E-2	3,960937E+3	2,171652E+0	3,960937E+3	7,851712E-2	3,960937E+3	2,059250E+0	3,960937E+3	-1,014355E-2	3,960937E+3	2,086842E+0	3,960937E+3	-7,569117E-2	3,960937E+3	2,212271E+0	3,960937E+3	-1,299464E-1
3,962500E+3	2,233029E+0	3,962500E+3	1,000732E-1	3,962500E+3	2,240897E+0	3,962500E+3	9,185075E-2	3,962500E+3	2,229842E+0	3,962500E+3	9,216921E-2	3,962500E+3	2,175471E+0	3,962500E+3	6,466072E-2	3,962500E+3	2,074405E+0	3,962500E+3	-1,445253E-2	3,962500E+3	2,060332E+0	3,962500E+3	-5,254697E-2	3,962500E+3	2,213213E+0	3,962500E+3	-1,163089E-1
3,964062E+3	2,227208E+0	3,964062E+3	9,338131E-2	3,964062E+3	2,238907E+0	3,964062E+3	7,875459E-2	3,964062E+3	2,232396E+0	3,964062E+3	6,970591E-2	3,964062E+3	2,180057E+0	3,964062E+3	5,560527E-2	3,964062E+3	2,075799E+0	3,964062E+3	-9,304040E-3	3,964062E+3	2,053388E+0	3,964062E+3	-8,497466E-2	3,964062E+3	2,170612E+0	3,964062E+3	-4,034162E-2
3,965625E+3	2,230081E+0	3,965625E+3	5,963264E-2	3,965625E+3	2,244123E+0	3,965625E+3	6,782528E-2	3,965625E+3	2,231675E+0	3,965625E+3	6,100510E-2	3,965625E+3	2,185755E+0	3,965625E+3	5,213810E-2	3,965625E+3	2,066976E+0	3,965625E+3	-1,445310E-2	3,965625E+3	2,067434E+0	3,965625E+3	-8,659898E-2	3,965625E+3	2,174637E+0	3,965625E+3	-4,020512E-2
3,967187E+3	2,213419E+0	3,967187E+3	4,276907E-2	3,967187E+3	2,240334E+0	3,967187E+3	4,490156E-2	3,967187E+3	2,227944E+0	3,967187E+3	5,333808E-2	3,967187E+3	2,184365E+0	3,967187E+3	4,715457E-2	3,967187E+3	2,056274E+0	3,967187E+3	-2,127085E-2	3,967187E+3	2,040570E+0	3,967187E+3	-5,832666E-2	3,967187E+3	2,135736E+0	3,967187E+3	-4,698712E-2
3,968750E+3	2,226680E+0	3,968750E+3	4,592380E-2	3,968750E+3	2,247487E+0	3,968750E+3	4,488857E-2	3,968750E+3	2,232474E+0	3,968750E+3	3,932420E-2	3,968750E+3	2,191762E+0	3,968750E+3	2,516308E-2	3,968750E+3	2,061670E+0	3,968750E+3	-1,475247E-2	3,968750E+3	2,062966E+0	3,968750E+3	-5,969087E-2	3,968750E+3	2,090602E+0	3,968750E+3	-7,148262E-2
3,970312E+3	2,255982E+0	3,970312E+3	4,041152E-2	3,970312E+3	2,247923E+0	3,970312E+3	3,539159E-2	3,970312E+3	2,239387E+0	3,970312E+3	2,621334E-2	3,970312E+3	2,199587E+0	3,970312E+3	1,785951E-2	3,970312E+3	2,084620E+0	3,970312E+3	-9,006986E-3	3,970312E+3	2,083628E+0	3,970312E+3	-5,156502E-2	3,970312E+3	2,155193E+0	3,970312E+3	-4,407759E-2
3,971875E+3	2,257213E+0	3,971875E+3	5,196773E-3	3,971875E+3	2,252677E+0	3,971875E+3	1,838139E-2	3,971875E+3	2,242592E+0	3,971875E+3	1,706255E-2	3,971875E+3	2,190862E+0	3,971875E+3	9,868755E-3	3,971875E+3	2,091577E+0	3,971875E+3	-3,889073E-2	3,971875E+3	2,062930E+0	3,971875E+3	-7,694621E-2	3,971875E+3	2,180930E+0	3,971875E+3	-1,053985E-1
3,973437E+3	2,280047E+0	3,973437E+3	-2,931705E-2	3,973437E+3	2,247555E+0	3,973437E+3	6,154133E-3	3,973437E+3	2,239528E+0	3,973437E+3	-5,736660E-3	3,973437E+3	2,185439E+0	3,973437E+3	1,431317E-3	3,973437E+3	2,078310E+0	3,973437E+3	-5,997358E-2	3,973437E+3	2,061898E+0	3,973437E+3	-4,604522E-2	3,973437E+3	2,138089E+0	3,973437E+3	-1,614929E-1
3,975000E+3	2,255359E+0	3,975000E+3	-1,898342E-2	3,975000E+3	2,242706E+0	3,975000E+3	-1,311910E-2	3,975000E+3	2,241634E+0	3,975000E+3	-1,265516E-2	3,975000E+3	2,187519E+0	3,975000E+3	-2,202402E-2	3,975000E+3	2,081082E+0	3,975000E+3	-4,712256E-2	3,975000E+3	2,059528E+0	3,975000E+3	-8,792392E-2	3,975000E+3	2,156726E+0	3,975000E+3	-7,765737E-2
3,976562E+3	2,235894E+0	3,976562E+3	-2,956450E-2	3,976562E+3	2,251073E+0	3,976562E+3	-2,209673E-2	3,976562E+3	2,241560E+0	3,976562E+3	-2,360972E-2	3,976562E+3	2,183959E+0	3,976562E+3	-2,776459E-2	3,976562E+3	2,078053E+0	3,976562E+3	-4,544556E-2	3,976562E+3	2,091544E+0	3,976562E+3	-1,067526E-1	3,976562E+3	2,149018E+0	3,976562E+3	-6,509343E-2
3,978125E+3	2,234130E+0	3,978125E+3	-3,424684E-2	3,978125E+3	2,243738E+0	3,978125E+3	-3,482695E-2	3,978125E+3	2,232834E+0	3,978125E+3	-3,984348E-2	3,978125E+3	2,183607E+0	3,978125E+3	-4,778121E-2	3,978125E+3	2,059543E+0	3,978125E+3	-5,444680E-2	3,978125E+3	2,047051E+0	3,978125E+3	-1,051178E-1	3,978125E+3	2,098776E+0	3,978125E+3	-3,686884E-2
3,979687E+3	2,238275E+0	3,979687E+3	-4,123488E-2	3,979687E+3	2,243874E+0	3,979687E+3	-4,329049E-2	3,979687E+3	2,238630E+0	3,979687E+3	-5,827248E-2	3,979687E+3	2,192701E+0	3,979687E+3	-4,688023E-2	3,979687E+3	2,059483E+0	3,979687E+3	-5,550015E-2	3,979687E+3	2,052487E+0	3,979687E+3	-8,329276E-2	3,979687E+3	2,113181E+0	3,979687E+3	-3,830248E-2
3,981250E+3	2,263260E+0	3,981250E+3	-5,834290E-2	3,981250E+3	2,238841E+0	3,981250E+3	-6,729443E-2	3,981250E+3	2,237665E+0	3,981250E+3	-5,956519E-2	3,981250E+3	2,192092E+0	3,981250E+3	-6,089751E-2	3,981250E+3	2,053231E+0	3,981250E+3	-6,150150E-2	3,981250E+3	2,024752E+0	3,981250E+3	-1,000967E-1	3,981250E+3	2,044668E+0	3,981250E+3	-1,027941E-1
3,982812E+3	2,279165E+0	3,982812E+3	-6,801238E-2	3,982812E+3	2,245824E+0	3,982812E+3	-8,027762E-2	3,982812E+3	2,239435E+0	3,982812E+3	-8,107765E-2	3,982812E+3	2,188176E+0	3,982812E+3	-7,313233E-2	3,982812E+3	2,068945E+0	3,982812E+3	-8,686467E-2	3,982812E+3	2,026505E+0	3,982812E+3	-8,511198E-2	3,982812E+3	2,061299E+0	3,982812E+3	-9,563716E-2
3,984375E+3	2,261866E+0	3,984375E+3	-8,259547E-2	3,984375E+3	2,244253E+0	3,984375E+3	-9,420327E-2	3,984375E+3	2,230118E+0	3,984375E+3	-9,483829E-2	3,984375E+3	2,176811E+0	3,984375E+3	-8,896480E-2	3,984375E+3	2,068797E+0	3,984375E+3	-1,030768E-1	3,984375E+3	2,033169E+0	3,984375E+3	-1,257811E-1	3,984375E+3	2,097534E+0	3,984375E+3	-9,358526E-2
3,985937E+3	2,237290E+0	3,985937E+3	-1,038852E-1	3,985937E+3	2,240203E+0	3,985937E+3	-1,127805E-1	3,985937E+3	2,233268E+0	3,985937E+3	-1,181197E-1	3,985937E+3	2,179130E+0	3,985937E+3	-9,523396E-2	3,985937E+3	2,057111E+0	3,985937E+3	-1,133428E-1	3,985937E+3	2,033153E+0	3,985937E+3	-1,358389E-1	3,985937E+3	2,104003E+0	3,985937E+3	-9,468183E-2
3,987500E+3	2,229607E+0	3,987500E+3	-1,276142E-1	3,987500E+3	2,234030E+0	3,987500E+3	-1,320873E-1	3,987500E+3	2,229682E+0	3,987500E+3	-1,312321E-1	3,987500E+3	2,182423E+0	3,987500E+3	-1,153767E-1	3,987500E+3	2,078104E+0	3,987500E+3	-1,069587E-1	3,987500E+3	2,031095E+0	3,987500E+3	-1,119293E-1	3,987500E+3	2,016447E+0	3,987500E+3	-1,064914E-1
3,989062E+3	2,226359E+0	3,989062E+3	-1,295645E-1	3,989062E+3	2,240351E+0	3,989062E+3	-1,383260E-1	3,989062E+3	2,230569E+0	3,989062E+3	-1,307914E-1	3,989062E+3	2,183380E+0	3,989062E+3	-1,275667E-1	3,989062E+3	2,068640E+0	3,989062E+3	-9,178359E-2	3,989062E+3	2,011396E+0	3,989062E+3	-9,103313E-2	3,989062E+3	2,020483E+0	3,989062E+3	-1,232713E-1
3,990625E+3	2,240972E+0	3,990625E+3	-1,304571E-1	3,990625E+3	2,233277E+0	3,990625E+3	-1,519075E-1	3,990625E+3	2,226021E+0	3,990625E+3	-1,544312E-1	3,990625E+3	2,184872E+0	3,990625E+3	-1,315571E-1	3,990625E+3	2,050470E+0	3,990625E+3	-1,045034E-1	3,990625E+3	2,034972E+0	3,990625E+3	-9,315557E-2	3,990625E+3	2,062817E+0	3,990625E+3	-1,778818E-1
3,992187E+3	2,237380E+0	3,992187E+3	-1,668258E-1	3,992187E+3	2,228878E+0	3,992187E+3	-1,665505E-1	3,992187E+3	2,215059E+0	3,992187E+3	-1,685973E-1	3,992187E+3	2,175422E+0	3,992187E+3	-1,563367E-1	3,992187E+3	2,022582E+0	3,992187E+3	-1,342865E-1	3,992187E+3	2,019465E+0	3,992187E+3	-1,123963E-1	3,992187E+3	2,105323E+0	3,992187E+3	-2,025493E-1
3,993750E+3	2,242425E+0	3,993750E+3	-1,767714E-1	3,993750E+3	2,233752E+0	3,993750E+3	-1,921089E-1	3,993750E+3	2,209999E+0	3,993750E+3	-1,864020E-1	3,993750E+3	2,158128E+0	3,993750E+3	-1,584033E-1	3,993750E+3	2,043912E+0	3,993750E+3	-1,399665E-1	3,993750E+3	2,018859E+0	3,993750E+3	-1,466401E-1	3,993750E+3	2,113798E+0	3,993750E+3	-1,772213E-1
3,995312E+3	2,208551E+0	3,995312E+3	-2,109059E-1	3,995312E+3	2,222119E+0	3,995312E+3	-2,016543E-1	3,995312E+3	2,204315E+0	3,995312E+3	-2,003897E-1	3,995312E+3	2,162272E+0	3,995312E+3	-1,752689E-1	3,995312E+3	2,059958E+0	3,995312E+3	-1,366476E-1	3,995312E+3	2,016600E+0	3,995312E+3	-1,463437E-1	3,995312E+3	2,080577E+0	3,995312E+3	-1,379976E-1
3,996875E+3	2,209302E+0	3,996875E+3	-2,401626E-1	3,996875E+3	2,213368E+0	3,996875E+3	-2,112753E-1	3,996875E+3	2,205094E+0	3,996875E+3	-2,152774E-1	3,996875E+3	2,165771E+0	3,996875E+3	-1,962585E-1	3,996875E+3	2,046147E+0	3,996875E+3	-1,399480E-1	3,996875E+3	2,007324E+0	3,996875E+3	-1,131459E-1	3,996875E+3	2,053593E+0	3,996875E+3	-1,509864E-1
3,998437E+3	2,210182E+0	3,998437E+3	-2,436574E-1	3,998437E+3	2,212152E+0	3,998437E+3	-2,394471E-1	3,998437E+3	2,207129E+0	3,998437E+3	-2,336206E-1	3,998437E+3	2,168056E+0	3,998437E+3	-1,951789E-1	3,998437E+3	2,037033E+0	3,998437E+3	-1,372473E-1	3,998437E+3	2,024420E+0	3,998437E+3	-1,309161E-1	3,998437E+3	2,087341E+0	3,998437E+3	-1,650892E-1
4,000000E+3	2,194799E+0	4,000000E+3	-2,428763E-1	4,000000E+3	2,199278E+0	4,000000E+3	-2,454698E-1	4,000000E+3	2,188164E+0	4,000000E+3	-2,506245E-1	4,000000E+3	2,162219E+0	4,000000E+3	-2,221501E-1	4,000000E+3	2,016224E+0	4,000000E+3	-1,359746E-1	4,000000E+3	1,965538E+0	4,000000E+3	-1,108603E-1	4,000000E+3	2,073288E+0	4,000000E+3	-1,571310E-1
4,001562E+3	2,175299E+0	4,001562E+3	-2,620340E-1	4,001562E+3	2,195491E+0	4,001562E+3	-2,600678E-1	4,001562E+3	2,179842E+0	4,001562E+3	-2,587454E-1	4,001562E+3	2,157370E+0	4,001562E+3	-2,342219E-1	4,001562E+3	2,016132E+0	4,001562E+3	-1,408739E-1	4,001562E+3	1,981800E+0	4,001562E+3	-1,339399E-1	4,001562E+3	1,986242E+0	4,001562E+3	-7,848736E-2
4,003125E+3	2,164735E+0	4,003125E+3	-2,611958E-1	4,003125E+3	2,173808E+0	4,003125E+3	-2,822420E-1	4,003125E+3	2,179713E+0	4,003125E+3	-2,767800E-1	4,003125E+3	2,134163E+0	4,003125E+3	-2,368259E-1	4,003125E+3	2,004892E+0	4,003125E+3	-1,707698E-1	4,003125E+3	2,000055E+0	4,003125E+3	-1,598432E-1	4,003125E+3	2,010142E+0	4,003125E+3	-1,200522E-1
4,004687E+3	2,171529E+0	4,004687E+3	-2,732245E-1	4,004687E+3	2,175443E+0	4,004687E+3	-2,872409E-1	4,004687E+3	2,174306E+0	4,004687E+3	-2,908105E-1	4,004687E+3	2,121158E+0	4,004687E+3	-2,541193E-1	4,004687E+3	2,031582E+0	4,004687E+3	-1,785053E-1	4,004687E+3	1,989996E+0	4,004687E+3	-1,615636E-1	4,004687E+3	1,999682E+0	4,004687E+3	-1,240647E-1
4,006250E+3	2,169224E+0	4,006250E+3	-3,101826E-1	4,006250E+3	2,169116E+0	4,006250E+3	-3,003651E-1	4,006250E+3	2,164200E+0	4,006250E+3	-3,097003E-1	4,006250E+3	2,121608E+0	4,006250E+3	-2,593308E-1	4,006250E+3	2,022598E+0	4,006250E+3	-1,833437E-1	4,006250E+3	1,984683E+0	4,006250E+3	-1,773996E-1	4,006250E+3	1,953202E+0	4,006250E+3	-1,144874E-1
4,007812E+3	2,168266E+0	4,007812E+3	-3,133876E-1	4,007812E+3	2,154032E+0	4,007812E+3	-3,308007E-1	4,007812E+3	2,160091E+0	4,007812E+3	-3,214014E-1	4,007812E+3	2,126119E+0	4,007812E+3	-2,866469E-1	4,007812E+3	2,018777E+0	4,007812E+3	-1,920953E-1	4,007812E+3	2,014387E+0	4,007812E+3	-1,302280E-1	4,007812E+3	2,024856E+0	4,007812E+3	-1,411928E-1
4,009375E+3	2,128672E+0	4,009375E+3	-3,455503E-1	4,009375E+3	2,151448E+0	4,009375E+3	-3,447050E-1	4,009375E+3	2,152412E+0	4,009375E+3	-3,287876E-1	4,009375E+3	2,111111E+0	4,009375E+3	-2,927532E-1	4,009375E+3	2,031361E+0	4,009375E+3	-2,022849E-1	4,009375E+3	1,998945E+0	4,009375E+3	-1,389616E-1	4,009375E+3	2,024270E+0	4,009375E+3	-1,200385E-1
4,010937E+3	2,111010E+0	4,010937E+3	-3,788536E-1	4,010937E+3	2,144770E+0	4,010937E+3	-3,592883E-1	4,010937E+3	2,146079E+0	4,010937E+3	-3,397877E-1	4,010937E+3	2,105728E+0	4,010937E+3	-2,946664E-1	4,010937E+3	2,029924E+0	4,010937E+3	-1,955386E-1	4,010937E+3	2,001319E+0	4,010937E+3	-1,673037E-1	4,010937E+3	2,023314E+0	4,010937E+3	-1,538802E-1
4,012500E+3	2,114327E+0	4,012500E+3	-3,659369E-1	4,012500E+3	2,142756E+0	4,012500E+3	-3,696291E-1	4,012500E+3	2,136365E+0	4,012500E+3	-3,576432E-1	4,012500E+3	2,109034E+0	4,012500E+3	-3,148071E-1	4,012500E+3	2,009214E+0	4,012500E+3	-1,900814E-1	4,012500E+3	2,017666E+0	4,012500E+3	-1,825946E-1	4,012500E+3	1,998672E+0	4,012500E+3	-1,770353E-1
4,014062E+3	2,119497E+0	4,014062E+3	-3,648782E-1	4,014062E+3	2,140705E+0	4,014062E+3	-3,744145E-1	4,014062E+3	2,124824E+0	4,014062E+3	-3,710554E-1	4,014062E+3	2,090724E+0	4,014062E+3	-3,247809E-1	4,014062E+3	1,996804E+0	4,014062E+3	-2,002382E-1	4,014062E+3	1,998008E+0	4,014062E+3	-2,086676E-1	4,014062E+3	1,958396E+0	4,014062E+3	-1,882230E-1
4,015625E+3	2,099215E+0	4,015625E+3	-4,047582E-1	4,015625E+3	2,131358E+0	4,015625E+3	-4,001954E-1	4,015625E+3	2,111272E+0	4,015625E+3	-3,960871E-1	4,015625E+3	2,081970E+0	4,015625E+3	-3,415047E-1	4,015625E+3	2,002875E+0	4,015625E+3	-2,151638E-1	4,015625E+3	2,006207E+0	4,015625E+3	-2,040546E-1	4,015625E+3	1,936793E+0	4,015625E+3	-1,755452E-1
4,017187E+3	2,089695E+0	4,017187E+3	-4,318032E-1	4,017187E+3	2,093585E+0	4,017187E+3	-4,180761E-1	4,017187E+3	2,106660E+0	4,017187E+3	-3,988763E-1	4,017187E+3	2,074037E+0	4,017187E+3	-3,527772E-1	4,017187E+3	2,006797E+0	4,017187E+3	-2,430788E-1	4,017187E+3	1,968990E+0	4,017187E+3	-1,846549E-1	4,017187E+3	1,979807E+0	4,017187E+3	-2,026476E-1
4,018750E+3	2,099920E+0	4,018750E+3	-4,119509E-1	4,018750E+3	2,087193E+0	4,018750E+3	-4,350999E-1	4,018750E+3	2,093904E+0	4,018750E+3	-4,137618E-1	4,018750E+3	2,067632E+0	4,018750E+3	-3,655714E-1	4,018750E+3	2,024679E+0	4,018750E+3	-2,501314E-1	4,018750E+3	1,983855E+0	4,018750E+3	-1,874619E-1	4,018750E+3	1,939315E+0	4,018750E+3	-2,012617E-1
4,020312E+3	2,089896E+0	4,020312E+3	-4,330919E-1	4,020312E+3	2,087882E+0	4,020312E+3	-4,285972E-1	4,020312E+3	2,086556E+0	4,020312E+3	-4,300302E-1	4,020312E+3	2,065761E+0	4,020312E+3	-3,770240E-1	4,020312E+3	2,005993E+0	4,020312E+3	-2,639269E-1	4,020312E+3	1,967975E+0	4,020312E+3	-2,138615E-1	4,020312E+3	1,979587E+0	4,020312E+3	-1,900481E-1
4,021875E+3	2,081688E+0	4,021875E+3	-4,344395E-1	4,021875E+3	2,082910E+0	4,021875E+3	-4,268180E-1	4,021875E+3	2,079802E+0	4,021875E+3	-4,335873E-1	4,021875E+3	2,050867E+0	4,021875E+3	-3,886915E-1	4,021875E+3	1,983620E+0	4,021875E+3	-2,745820E-1	4,021875E+3	1,937459E+0	4,021875E+3	-2,095859E-1	4,021875E+3	2,011312E+0	4,021875E+3	-1,809926E-1
4,023437E+3	2,082721E+0	4,023437E+3	-4,207773E-1	4,023437E+3	2,074661E+0	4,023437E+3	-4,546161E-1	4,023437E+3	2,063180E+0	4,023437E+3	-4,502233E-1	4,023437E+3	2,052025E+0	4,023437E+3	-3,884725E-1	4,023437E+3	1,991674E+0	4,023437E+3	-2,821809E-1	4,023437E+3	1,918879E+0	4,023437E+3	-2,600084E-1	4,023437E+3	2,009581E+0	4,023437E+3	-2,013006E-1
4,025000E+3	2,025762E+0	4,025000E+3	-4,773502E-1	4,025000E+3	2,066890E+0	4,025000E+3	-4,774373E-1	4,025000E+3	2,051192E+0	4,025000E+3	-4,616453E-1	4,025000E+3	2,032299E+0	4,025000E+3	-4,082716E-1	4,025000E+3	1,984055E+0	4,025000E+3	-2,707395E-1	4,025000E+3	1,968004E+0	4,025000E+3	-2,123601E-1	4,025000E+3	1,949416E+0	4,025000E+3	-1,986575E-1
4,026562E+3	2,033506E+0	4,026562E+3	-4,825866E-1	4,026562E+3	2,060668E+0	4,026562E+3	-4,918469E-1	4,026562E+3	2,036370E+0	4,026562E+3	-4,746302E-1	4,026562E+3	2,025484E+0	4,026562E+3	-4,169990E-1	4,026562E+3	1,956728E+0	4,026562E+3	-2,792333E-1	4,026562E+3	1,955676E+0	4,026562E+3	-2,356956E-1	4,026562E+3	1,959301E+0	4,026562E+3	-2,030040E-1
4,028125E+3	2,032653E+0	4,028125E+3	-5,115358E-1	4,028125E+3	2,039949E+0	4,028125E+3	-5,015705E-1	4,028125E+3	2,031927E+0	4,028125E+3	-4,814944E-1	4,028125E+3	2,014890E+0	4,028125E+3	-4,295256E-1	4,028125E+3	1,955488E+0	4,028125E+3	-3,032618E-1	4,028125E+3	1,958956E+0	4,028125E+3	-2,472903E-1	4,028125E+3	2,031323E+0	4,028125E+3	-2,262182E-1
4,029687E+3	2,002235E+0	4,029687E+3	-5,290342E-1	4,029687E+3	2,022216E+0	4,029687E+3	-5,012943E-1	4,029687E+3	2,016200E+0	4,029687E+3	-4,966033E-1	4,029687E+3	1,996396E+0	4,029687E+3	-4,456254E-1	4,029687E+3	1,961640E+0	4,029687E+3	-3,282267E-1	4,029687E+3	1,954562E+0	4,029687E+3	-2,665444E-1	4,029687E+3	2,058434E+0	4,029687E+3	-2,441872E-1
4,031250E+3	2,001137E+0	4,031250E+3	-5,126259E-1	4,031250E+3	1,997882E+0	4,031250E+3	-5,175128E-1	4,031250E+3	2,001074E+0	4,031250E+3	-5,054710E-1	4,031250E+3	1,992914E+0	4,031250E+3	-4,586897E-1	4,031250E+3	1,952526E+0	4,031250E+3	-3,085718E-1	4,031250E+3	1,924578E+0	4,031250E+3	-2,852184E-1	4,031250E+3	2,007731E+0	4,031250E+3	-1,989328E-1
4,032812E+3	1,977283E+0	4,032812E+3	-5,337471E-1	4,032812E+3	1,993295E+0	4,032812E+3	-5,204232E-1	4,032812E+3	1,989424E+0	4,032812E+3	-5,224826E-1	4,032812E+3	1,980922E+0	4,032812E+3	-4,645137E-1	4,032812E+3	1,922048E+0	4,032812E+3	-3,094135E-1	4,032812E+3	1,917695E+0	4,032812E+3	-2,677574E-1	4,032812E+3	1,971528E+0	4,032812E+3	-1,936592E-1
4,034375E+3	1,994783E+0	4,034375E+3	-5,600495E-1	4,034375E+3	1,990167E+0	4,034375E+3	-5,411890E-1	4,034375E+3	1,978954E+0	4,034375E+3	-5,261285E-1	4,034375E+3	1,958592E+0	4,034375E+3	-4,683018E-1	4,034375E+3	1,925846E+0	4,034375E+3	-3,614341E-1	4,034375E+3	1,905578E+0	4,034375E+3	-2,929281E-1	4,034375E+3	2,021072E+0	4,034375E+3	-2,249711E-1
4,035937E+3	1,965011E+0	4,035937E+3	-5,628472E-1	4,035937E+3	1,969307E+0	4,035937E+3	-5,470496E-1	4,035937E+3	1,966156E+0	4,035937E+3	-5,345774E-1	4,035937E+3	1,954276E+0	4,035937E+3	-4,745827E-1	4,035937E+3	1,930037E+0	4,035937E+3	-3,794127E-1	4,035937E+3	1,880839E+0	4,035937E+3	-3,084073E-1	4,035937E+3	2,014360E+0	4,035937E+3	-2,240574E-1
4,037500E+3	1,957517E+0	4,037500E+3	-5,530232E-1	4,037500E+3	1,957822E+0	4,037500E+3	-5,530291E-1	4,037500E+3	1,952152E+0	4,037500E+3	-5,442008E-1	4,037500E+3	1,949984E+0	4,037500E+3	-4,815261E-1	4,037500E+3	1,954740E+0	4,037500E+3	-3,709737E-1	4,037500E+3	1,894133E+0	4,037500E+3	-2,608437E-1	4,037500E+3	1,964863E+0	4,037500E+3	-2,193047E-1
4,039062E+3	1,924817E+0	4,039062E+3	-5,458536E-1	4,039062E+3	1,941110E+0	4,039062E+3	-5,666639E-1	4,039062E+3	1,937436E+0	4,039062E+3	-5,550512E-1	4,039062E+3	1,935588E+0	4,039062E+3	-4,942261E-1	4,039062E+3	1,942142E+0	4,039062E+3	-3,538952E-1	4,039062E+3	1,936378E+0	4,039062E+3	-3,070280E-1	4,039062E+3	1,942260E+0	4,039062E+3	-2,241646E-1
4,040625E+3	1,895932E+0	4,040625E+3	-5,632265E-1	4,040625E+3	1,930976E+0	4,040625E+3	-5,777214E-1	4,040625E+3	1,924300E+0	4,040625E+3	-5,610149E-1	4,040625E+3	1,922193E+0	4,040625E+3	-5,088645E-1	4,040625E+3	1,913890E+0	4,040625E+3	-3,630815E-1	4,040625E+3	1,934374E+0	4,040625E+3	-3,147121E-1	4,040625E+3	2,024147E+0	4,040625E+3	-2,685201E-1
4,042187E+3	1,888132E+0	4,042187E+3	-5,692631E-1	4,042187E+3	1,904008E+0	4,042187E+3	-5,801724E-1	4,042187E+3	1,911923E+0	4,042187E+3	-5,736255E-1	4,042187E+3	1,920972E+0	4,042187E+3	-5,294383E-1	4,042187E+3	1,922867E+0	4,042187E+3	-3,656878E-1	4,042187E+3	1,913984E+0	4,042187E+3	-2,829881E-1	4,042187E+3	2,008581E+0	4,042187E+3	-2,804154E-1
4,043750E+3	1,898298E+0	4,043750E+3	-5,919385E-1	4,043750E+3	1,893377E+0	4,043750E+3	-5,855180E-1	4,043750E+3	1,899538E+0	4,043750E+3	-5,806191E-1	4,043750E+3	1,907657E+0	4,043750E+3	-5,226860E-1	4,043750E+3	1,902914E+0	4,043750E+3	-3,751252E-1	4,043750E+3	1,894492E+0	4,043750E+3	-3,009546E-1	4,043750E+3	1,963166E+0	4,043750E+3	-2,781220E-1
4,045312E+3	1,879565E+0	4,045312E+3	-6,096313E-1	4,045312E+3	1,880931E+0	4,045312E+3	-5,980286E-1	4,045312E+3	1,883187E+0	4,045312E+3	-5,824145E-1	4,045312E+3	1,896682E+0	4,045312E+3	-5,350450E-1	4,045312E+3	1,893059E+0	4,045312E+3	-3,874227E-1	4,045312E+3	1,893290E+0	4,045312E+3	-3,076440E-1	4,045312E+3	1,949660E+0	4,045312E+3	-2,604364E-1
4,046875E+3	1,882530E+0	4,046875E+3	-5,948903E-1	4,046875E+3	1,875863E+0	4,046875E+3	-6,046477E-1	4,046875E+3	1,870765E+0	4,046875E+3	-5,844497E-1	4,046875E+3	1,882028E+0	4,046875E+3	-5,469135E-1	4,046875E+3	1,882674E+0	4,046875E+3	-3,981528E-1	4,046875E+3	1,877742E+0	4,046875E+3	-3,058638E-1	4,046875E+3	1,913173E+0	4,046875E+3	-2,182515E-1
4,048437E+3	1,869414E+0	4,048437E+3	-5,845875E-1	4,048437E+3	1,864192E+0	4,048437E+3	-6,118446E-1	4,048437E+3	1,849277E+0	4,048437E+3	-5,972838E-1	4,048437E+3	1,860448E+0	4,048437E+3	-5,445327E-1	4,048437E+3	1,869658E+0	4,048437E+3	-4,049193E-1	4,048437E+3	1,884235E+0	4,048437E+3	-3,001435E-1	4,048437E+3	1,958913E+0	4,048437E+3	-2,715695E-1
4,050000E+3	1,849354E+0	4,050000E+3	-5,948428E-1	4,050000E+3	1,839057E+0	4,050000E+3	-6,120273E-1	4,050000E+3	1,843868E+0	4,050000E+3	-6,030057E-1	4,050000E+3	1,847249E+0	4,050000E+3	-5,483951E-1	4,050000E+3	1,864288E+0	4,050000E+3	-3,935752E-1	4,050000E+3	1,911533E+0	4,050000E+3	-3,117630E-1	4,050000E+3	1,990038E+0	4,050000E+3	-3,307071E-1
4,051562E+3	1,815908E+0	4,051562E+3	-6,068053E-1	4,051562E+3	1,830739E+0	4,051562E+3	-6,117365E-1	4,051562E+3	1,833740E+0	4,051562E+3	-6,104827E-1	4,051562E+3	1,838914E+0	4,051562E+3	-5,574261E-1	4,051562E+3	1,861972E+0	4,051562E+3	-4,002810E-1	4,051562E+3	1,903533E+0	4,051562E+3	-3,283724E-1	4,051562E+3	1,980746E+0	4,051562E+3	-3,459446E-1
4,053125E+3	1,820414E+0	4,053125E+3	-5,941925E-1	4,053125E+3	1,816266E+0	4,053125E+3	-6,248872E-1	4,053125E+3	1,824756E+0	4,053125E+3	-6,199635E-1	4,053125E+3	1,829891E+0	4,053125E+3	-5,682085E-1	4,053125E+3	1,864304E+0	4,053125E+3	-4,318262E-1	4,053125E+3	1,902430E+0	4,053125E+3	-3,487204E-1	4,053125E+3	1,961853E+0	4,053125E+3	-3,348205E-1
4,054687E+3	1,815121E+0	4,054687E+3	-6,260363E-1	4,054687E+3	1,805003E+0	4,054687E+3	-6,284739E-1	4,054687E+3	1,809408E+0	4,054687E+3	-6,238781E-1	4,054687E+3	1,819135E+0	4,054687E+3	-5,858059E-1	4,054687E+3	1,844521E+0	4,054687E+3	-4,422726E-1	4,054687E+3	1,920821E+0	4,054687E+3	-3,343873E-1	4,054687E+3	1,914488E+0	4,054687E+3	-3,575482E-1
4,056250E+3	1,805331E+0	4,056250E+3	-6,445352E-1	4,056250E+3	1,792506E+0	4,056250E+3	-6,392568E-1	4,056250E+3	1,790517E+0	4,056250E+3	-6,285387E-1	4,056250E+3	1,803485E+0	4,056250E+3	-5,821611E-1	4,056250E+3	1,815166E+0	4,056250E+3	-4,525860E-1	4,056250E+3	1,885460E+0	4,056250E+3	-3,254086E-1	4,056250E+3	1,966427E+0	4,056250E+3	-3,535373E-1
4,057812E+3	1,775532E+0	4,057812E+3	-6,616480E-1	4,057812E+3	1,775767E+0	4,057812E+3	-6,438193E-1	4,057812E+3	1,776361E+0	4,057812E+3	-6,407058E-1	4,057812E+3	1,784221E+0	4,057812E+3	-5,827190E-1	4,057812E+3	1,822965E+0	4,057812E+3	-4,176686E-1	4,057812E+3	1,883664E+0	4,057812E+3	-3,553789E-1	4,057812E+3	1,931472E+0	4,057812E+3	-3,123126E-1
4,059375E+3	1,750475E+0	4,059375E+3	-6,381949E-1	4,059375E+3	1,755146E+0	4,059375E+3	-6,401908E-1	4,059375E+3	1,766662E+0	4,059375E+3	-6,411867E-1	4,059375E+3	1,780037E+0	4,059375E+3	-5,861186E-1	4,059375E+3	1,813800E+0	4,059375E+3	-4,289079E-1	4,059375E+3	1,879623E+0	4,059375E+3	-3,536951E-1	4,059375E+3	1,925834E+0	4,059375E+3	-3,159886E-1
4,060937E+3	1,761452E+0	4,060937E+3	-6,528352E-1	4,060937E+3	1,738226E+0	4,060937E+3	-6,455968E-1	4,060937E+3	1,756157E+0	4,060937E+3	-6,436630E-1	4,060937E+3	1,768101E+0	4,060937E+3	-5,921987E-1	4,060937E+3	1,820534E+0	4,060937E+3	-4,409879E-1	4,060937E+3	1,873256E+0	4,060937E+3	-3,334125E-1	4,060937E+3	1,903178E+0	4,060937E+3	-3,544196E-1
4,062500E+3	1,730287E+0	4,062500E+3	-6,507442E-1	4,062500E+3	1,733563E+0	4,062500E+3	-6,493171E-1	4,062500E+3	1,741342E+0	4,062500E+3	-6,430770E-1	4,062500E+3	1,761005E+0	4,062500E+3	-5,962067E-1	4,062500E+3	1,840601E+0	4,062500E+3	-4,505622E-1	4,062500E+3	1,843347E+0	4,062500E+3	-3,524797E-1	4,062500E+3	1,888713E+0	4,062500E+3	-3,496680E-1
4,064062E+3	1,720172E+0	4,064062E+3	-6,537296E-1	4,064062E+3	1,726164E+0	4,064062E+3	-6,588050E-1	4,064062E+3	1,730033E+0	4,064062E+3	-6,516257E-1	4,064062E+3	1,754703E+0	4,064062E+3	-6,019299E-1	4,064062E+3	1,829517E+0	4,064062E+3	-4,634011E-1	4,064062E+3	1,835057E+0	4,064062E+3	-3,779467E-1	4,064062E+3	1,892902E+0	4,064062E+3	-3,484221E-1
4,065625E+3	1,732519E+0	4,065625E+3	-6,638829E-1	4,065625E+3	1,709413E+0	4,065625E+3	-6,637993E-1	4,065625E+3	1,716317E+0	4,065625E+3	-6,532105E-1	4,065625E+3	1,726650E+0	4,065625E+3	-6,046903E-1	4,065625E+3	1,789742E+0	4,065625E+3	-4,454427E-1	4,065625E+3	1,860231E+0	4,065625E+3	-3,476457E-1	4,065625E+3	1,923569E+0	4,065625E+3	-3,509041E-1
4,067187E+3	1,711570E+0	4,067187E+3	-6,543530E-1	4,067187E+3	1,687675E+0	4,067187E+3	-6,607498E-1	4,067187E+3	1,699658E+0	4,067187E+3	-6,562566E-1	4,067187E+3	1,716793E+0	4,067187E+3	-6,064488E-1	4,067187E+3	1,791561E+0	4,067187E+3	-4,355356E-1	4,067187E+3	1,856155E+0	4,067187E+3	-3,577966E-1	4,067187E+3	1,925713E+0	4,067187E+3	-3,386105E-1
4,068750E+3	1,693719E+0	4,068750E+3	-6,676454E-1	4,068750E+3	1,681783E+0	4,068750E+3	-6,662508E-1	4,068750E+3	1,689145E+0	4,068750E+3	-6,627803E-1	4,068750E+3	1,709415E+0	4,068750E+3	-6,091018E-1	4,068750E+3	1,790289E+0	4,068750E+3	-4,697296E-1	4,068750E+3	1,838158E+0	4,068750E+3	-3,661215E-1	4,068750E+3	1,902735E+0	4,068750E+3	-3,381132E-1
4,070312E+3	1,668222E+0	4,070312E+3	-6,670908E-1	4,070312E+3	1,669464E+0	4,070312E+3	-6,665339E-1	4,070312E+3	1,667868E+0	4,070312E+3	-6,642325E-1	4,070312E+3	1,700831E+0	4,070312E+3	-6,214879E-1	4,070312E+3	1,771939E+0	4,070312E+3	-4,729116E-1	4,070312E+3	1,808688E+0	4,070312E+3	-3,747866E-1	4,070312E+3	1,874781E+0	4,070312E+3	-3,625423E-1
4,071875E+3	1,656730E+0	4,071875E+3	-6,882193E-1	4,071875E+3	1,663140E+0	4,071875E+3	-6,642900E-1	4,071875E+3	1,661901E+0	4,071875E+3	-6,594238E-1	4,071875E+3	1,693939E+0	4,071875E+3	-6,141813E-1	4,071875E+3	1,759857E+0	4,071875E+3	-4,765805E-1	4,071875E+3	1,842021E+0	4,071875E+3	-3,857912E-1	4,071875E+3	1,920485E+0	4,071875E+3	-3,815185E-1
4,073437E+3	1,652652E+0	4,073437E+3	-6,727295E-1	4,073437E+3	1,650758E+0	4,073437E+3	-6,767996E-1	4,073437E+3	1,649873E+0	4,073437E+3	-6,615870E-1	4,073437E+3	1,677468E+0	4,073437E+3	-6,209973E-1	4,073437E+3	1,741164E+0	4,073437E+3	-4,731275E-1	4,073437E+3	1,826571E+0	4,073437E+3	-3,538037E-1	4,073437E+3	1,850280E+0	4,073437E+3	-3,544458E-1
4,075000E+3	1,638212E+0	4,075000E+3	-6,702227E-1	4,075000E+3	1,628527E+0	4,075000E+3	-6,801910E-1	4,075000E+3	1,635511E+0	4,075000E+3	-6,697594E-1	4,075000E+3	1,665931E+0	4,075000E+3	-6,206324E-1	4,075000E+3	1,748172E+0	4,075000E+3	-4,687413E-1	4,075000E+3	1,827606E+0	4,075000E+3	-3,799947E-1	4,075000E+3	1,873572E+0	4,075000E+3	-3,510723E-1
4,076562E+3	1,615657E+0	4,076562E+3	-6,848139E-1	4,076562E+3	1,607494E+0	4,076562E+3	-6,761867E-1	4,076562E+3	1,619031E+0	4,076562E+3	-6,679345E-1	4,076562E+3	1,647740E+0	4,076562E+3	-6,192694E-1	4,076562E+3	1,756309E+0	4,076562E+3	-4,962988E-1	4,076562E+3	1,816822E+0	4,076562E+3	-3,989478E-1	4,076562E+3	1,894675E+0	4,076562E+3	-3,759114E-1
4,078125E+3	1,596732E+0	4,078125E+3	-6,796937E-1	4,078125E+3	1,593669E+0	4,078125E+3	-6,778276E-1	4,078125E+3	1,604512E+0	4,078125E+3	-6,678015E-1	4,078125E+3	1,634762E+0	4,078125E+3	-6,228832E-1	4,078125E+3	1,736690E+0	4,078125E+3	-5,007003E-1	4,078125E+3	1,815379E+0	4,078125E+3	-3,893120E-1	4,078125E+3	1,889848E+0	4,078125E+3	-3,520266E-1
4,079687E+3	1,587874E+0	4,079687E+3	-6,601077E-1	4,079687E+3	1,590402E+0	4,079687E+3	-6,736414E-1	4,079687E+3	1,599761E+0	4,079687E+3	-6,651142E-1	4,079687E+3	1,634187E+0	4,079687E+3	-6,245921E-1	4,079687E+3	1,716098E+0	4,079687E+3	-5,033030E-1	4,079687E+3	1,810770E+0	4,079687E+3	-3,869693E-1	4,079687E+3	1,868868E+0	4,079687E+3	-3,538973E-1
4,081250E+3	1,585854E+0	4,081250E+3	-6,749462E-1	4,081250E+3	1,582803E+0	4,081250E+3	-6,726559E-1	4,081250E+3	1,586031E+0	4,081250E+3	-6,680004E-1	4,081250E+3	1,622334E+0	4,081250E+3	-6,279882E-1	4,081250E+3	1,728483E+0	4,081250E+3	-4,820235E-1	4,081250E+3	1,821938E+0	4,081250E+3	-4,090865E-1	4,081250E+3	1,891586E+0	4,081250E+3	-3,924914E-1
4,082812E+3	1,566506E+0	4,082812E+3	-6,888139E-1	4,082812E+3	1,567769E+0	4,082812E+3	-6,760403E-1	4,082812E+3	1,573127E+0	4,082812E+3	-6,733114E-1	4,082812E+3	1,603001E+0	4,082812E+3	-6,243916E-1	4,082812E+3	1,712091E+0	4,082812E+3	-4,912481E-1	4,082812E+3	1,836823E+0	4,082812E+3	-3,943683E-1	4,082812E+3	1,947255E+0	4,082812E+3	-3,731512E-1
4,084375E+3	1,545278E+0	4,084375E+3	-6,736438E-1	4,084375E+3	1,554609E+0	4,084375E+3	-6,789062E-1	4,084375E+3	1,559648E+0	4,084375E+3	-6,704577E-1	4,084375E+3	1,596370E+0	4,084375E+3	-6,302298E-1	4,084375E+3	1,719445E+0	4,084375E+3	-4,908879E-1	4,084375E+3	1,796913E+0	4,084375E+3	-3,656573E-1	4,084375E+3	1,944043E+0	4,084375E+3	-3,662884E-1
4,085937E+3	1,543079E+0	4,085937E+3	-6,808587E-1	4,085937E+3	1,544717E+0	4,085937E+3	-6,727051E-1	4,085937E+3	1,549959E+0	4,085937E+3	-6,685472E-1	4,085937E+3	1,590292E+0	4,085937E+3	-6,302896E-1	4,085937E+3	1,708871E+0	4,085937E+3	-4,893670E-1	4,085937E+3	1,777046E+0	4,085937E+3	-4,110814E-1	4,085937E+3	1,885993E+0	4,085937E+3	-3,590362E-1
4,087500E+3	1,510646E+0	4,087500E+3	-6,687055E-1	4,087500E+3	1,537462E+0	4,087500E+3	-6,726121E-1	4,087500E+3	1,537728E+0	4,087500E+3	-6,656458E-1	4,087500E+3	1,574547E+0	4,087500E+3	-6,266203E-1	4,087500E+3	1,693764E+0	4,087500E+3	-4,992039E-1	4,087500E+3	1,779609E+0	4,087500E+3	-4,076404E-1	4,087500E+3	1,831842E+0	4,087500E+3	-3,588299E-1
4,089062E+3	1,500565E+0	4,089062E+3	-6,693194E-1	4,089062E+3	1,523467E+0	4,089062E+3	-6,724672E-1	4,089062E+3	1,521986E+0	4,089062E+3	-6,647359E-1	4,089062E+3	1,559470E+0	4,089062E+3	-6,278351E-1	4,089062E+3	1,671017E+0	4,089062E+3	-5,010812E-1	4,089062E+3	1,768396E+0	4,089062E+3	-3,999402E-1	4,089062E+3	1,865493E+0	4,089062E+3	-3,296808E-1
4,090625E+3	1,522778E+0	4,090625E+3	-6,811608E-1	4,090625E+3	1,515132E+0	4,090625E+3	-6,785449E-1	4,090625E+3	1,510477E+0	4,090625E+3	-6,687311E-1	4,090625E+3	1,553174E+0	4,090625E+3	-6,337110E-1	4,090625E+3	1,665456E+0	4,090625E+3	-5,189260E-1	4,090625E+3	1,785603E+0	4,090625E+3	-4,266123E-1	4,090625E+3	1,882931E+0	4,090625E+3	-3,188690E-1
4,092187E+3	1,503773E+0	4,092187E+3	-6,821571E-1	4,092187E+3	1,494190E+0	4,092187E+3	-6,697566E-1	4,092187E+3	1,501009E+0	4,092187E+3	-6,661474E-1	4,092187E+3	1,542829E+0	4,092187E+3	-6,307599E-1	4,092187E+3	1,661933E+0	4,092187E+3	-5,250794E-1	4,092187E+3	1,786821E+0	4,092187E+3	-4,073466E-1	4,092187E+3	1,876157E+0	4,092187E+3	-3,350776E-1
4,093750E+3	1,493551E+0	4,093750E+3	-6,677547E-1	4,093750E+3	1,484897E+0	4,093750E+3	-6,627465E-1	4,093750E+3	1,491969E+0	4,093750E+3	-6,619411E-1	4,093750E+3	1,530927E+0	4,093750E+3	-6,305139E-1	4,093750E+3	1,654562E+0	4,093750E+3	-5,075160E-1	4,093750E+3	1,761424E+0	4,093750E+3	-4,125375E-1	4,093750E+3	1,882255E+0	4,093750E+3	-4,014351E-1
4,095312E+3	1,467366E+0	4,095312E+3	-6,639891E-1	4,095312E+3	1,470952E+0	4,095312E+3	-6,607782E-1	4,095312E+3	1,476157E+0	4,095312E+3	-6,608102E-1	4,095312E+3	1,513180E+0	4,095312E+3	-6,283228E-1	4,095312E+3	1,650281E+0	4,095312E+3	-5,064937E-1	4,095312E+3	1,773317E+0	4,095312E+3	-4,077823E-1	4,095312E+3	1,851484E+0	4,095312E+3	-4,129757E-1
4,096875E+3	1,443666E+0	4,096875E+3	-6,740400E-1	4,096875E+3	1,458586E+0	4,096875E+3	-6,659674E-1	4,096875E+3	1,465802E+0	4,096875E+3	-6,587313E-1	4,096875E+3	1,505065E+0	4,096875E+3	-6,264384E-1	4,096875E+3	1,642813E+0	4,096875E+3	-5,032528E-1	4,096875E+3	1,771486E+0	4,096875E+3	-4,207334E-1	4,096875E+3	1,890366E+0	4,096875E+3	-3,977090E-1
4,098437E+3	1,446375E+0	4,098437E+3	-6,673512E-1	4,098437E+3	1,447767E+0	4,098437E+3	-6,694673E-1	4,098437E+3	1,453410E+0	4,098437E+3	-6,580260E-1	4,098437E+3	1,500433E+0	4,098437E+3	-6,276110E-1	4,098437E+3	1,655926E+0	4,098437E+3	-4,905730E-1	4,098437E+3	1,766654E+0	4,098437E+3	-4,313581E-1	4,098437E+3	1,887110E+0	4,098437E+3	-4,111737E-1
4,100000E+3	1,444771E+0	4,100000E+3	-6,568960E-1	4,100000E+3	1,441337E+0	4,100000E+3	-6,589152E-1	4,100000E+3	1,444855E+0	4,100000E+3	-6,538510E-1	4,100000E+3	1,493846E+0	4,100000E+3	-6,236522E-1	4,100000E+3	1,644726E+0	4,100000E+3	-5,050969E-1	4,100000E+3	1,759146E+0	4,100000E+3	-4,275826E-1	4,100000E+3	1,891157E+0	4,100000E+3	-3,699943E-1
4,101562E+3	1,415575E+0	4,101562E+3	-6,610544E-1	4,101562E+3	1,429841E+0	4,101562E+3	-6,549564E-1	4,101562E+3	1,431372E+0	4,101562E+3	-6,478685E-1	4,101562E+3	1,475563E+0	4,101562E+3	-6,191095E-1	4,101562E+3	1,633987E+0	4,101562E+3	-5,291921E-1	4,101562E+3	1,745639E+0	4,101562E+3	-4,551177E-1	4,101562E+3	1,920685E+0	4,101562E+3	-3,806178E-1
4,103125E+3	1,414182E+0	4,103125E+3	-6,495376E-1	4,103125E+3	1,417335E+0	4,103125E+3	-6,539449E-1	4,103125E+3	1,420874E+0	4,103125E+3	-6,485003E-1	4,103125E+3	1,475838E+0	4,103125E+3	-6,265905E-1	4,103125E+3	1,631539E+0	4,103125E+3	-5,245039E-1	4,103125E+3	1,741245E+0	4,103125E+3	-4,482858E-1	4,103125E+3	1,891577E+0	4,103125E+3	-4,194936E-1
4,104687E+3	1,407681E+0	4,104687E+3	-6,497551E-1	4,104687E+3	1,404247E+0	4,104687E+3	-6,511320E-1	4,104687E+3	1,415091E+0	4,104687E+3	-6,465378E-1	4,104687E+3	1,456486E+0	4,104687E+3	-6,200050E-1	4,104687E+3	1,603472E+0	4,104687E+3	-5,128631E-1	4,104687E+3	1,738690E+0	4,104687E+3	-4,485309E-1	4,104687E+3	1,830807E+0	4,104687E+3	-3,708467E-1
4,106250E+3	1,421162E+0	4,106250E+3	-6,514978E-1	4,106250E+3	1,403349E+0	4,106250E+3	-6,545919E-1	4,106250E+3	1,402866E+0	4,106250E+3	-6,423110E-1	4,106250E+3	1,446341E+0	4,106250E+3	-6,154568E-1	4,106250E+3	1,595659E+0	4,106250E+3	-5,251243E-1	4,106250E+3	1,727197E+0	4,106250E+3	-4,130480E-1	4,106250E+3	1,889069E+0	4,106250E+3	-3,452134E-1
4,107812E+3	1,418351E+0	4,107812E+3	-6,591414E-1	4,107812E+3	1,381235E+0	4,107812E+3	-6,462825E-1	4,107812E+3	1,391572E+0	4,107812E+3	-6,408636E-1	4,107812E+3	1,436176E+0	4,107812E+3	-6,110448E-1	4,107812E+3	1,605966E+0	4,107812E+3	-5,152029E-1	4,107812E+3	1,713890E+0	4,107812E+3	-4,143986E-1	4,107812E+3	1,856888E+0	4,107812E+3	-3,585212E-1
4,109375E+3	1,387417E+0	4,109375E+3	-6,551030E-1	4,109375E+3	1,376469E+0	4,109375E+3	-6,424765E-1	4,109375E+3	1,384892E+0	4,109375E+3	-6,374333E-1	4,109375E+3	1,430683E+0	4,109375E+3	-6,062219E-1	4,109375E+3	1,614175E+0	4,109375E+3	-5,060057E-1	4,109375E+3	1,726488E+0	4,109375E+3	-4,435378E-1	4,109375E+3	1,860876E+0	4,109375E+3	-3,489815E-1
4,110937E+3	1,363926E+0	4,110937E+3	-6,457007E-1	4,110937E+3	1,367316E+0	4,110937E+3	-6,385305E-1	4,110937E+3	1,371653E+0	4,110937E+3	-6,312207E-1	4,110937E+3	1,424394E+0	4,110937E+3	-6,082578E-1	4,110937E+3	1,596387E+0	4,110937E+3	-5,066695E-1	4,110937E+3	1,736656E+0	4,110937E+3	-4,613444E-1	4,110937E+3	1,870061E+0	4,110937E+3	-3,706813E-1
4,112500E+3	1,350955E+0	4,112500E+3	-6,260341E-1	4,112500E+3	1,354283E+0	4,112500E+3	-6,367921E-1	4,112500E+3	1,362045E+0	4,112500E+3	-6,316585E-1	4,112500E+3	1,412583E+0	4,112500E+3	-6,063138E-1	4,112500E+3	1,590421E+0	4,112500E+3	-5,190076E-1	4,112500E+3	1,735563E+0	4,112500E+3	-4,501334E-1	4,112500E+3	1,834626E+0	4,112500E+3	-4,239586E-1
4,114062E+3	1,349621E+0	4,114062E+3	-6,219618E-1	4,114062E+3	1,346979E+0	4,114062E+3	-6,284126E-1	4,114062E+3	1,353185E+0	4,114062E+3	-6,270615E-1	4,114062E+3	1,401403E+0	4,114062E+3	-6,070926E-1	4,114062E+3	1,567612E+0	4,114062E+3	-5,070057E-1	4,114062E+3	1,716684E+0	4,114062E+3	-4,505158E-1	4,114062E+3	1,848887E+0	4,114062E+3	-4,002187E-1
4,115625E+3	1,350463E+0	4,115625E+3	-6,323019E-1	4,115625E+3	1,336795E+0	4,115625E+3	-6,253119E-1	4,115625E+3	1,344559E+0	4,115625E+3	-6,217143E-1	4,115625E+3	1,398635E+0	4,115625E+3	-6,037263E-1	4,115625E+3	1,570230E+0	4,115625E+3	-5,072415E-1	4,115625E+3	1,712045E+0	4,115625E+3	-4,449775E-1	4,115625E+3	1,851467E+0	4,115625E+3	-3,952010E-1
4,117187E+3	1,338502E+0	4,117187E+3	-6,352108E-1	4,117187E+3	1,330545E+0	4,117187E+3	-6,215432E-1	4,117187E+3	1,338015E+0	4,117187E+3	-6,178105E-1	4,117187E+3	1,381683E+0	4,117187E+3	-5,990353E-1	4,117187E+3	1,572356E+0	4,117187E+3	-5,260463E-1	4,117187E+3	1,700471E+0	4,117187E+3	-4,253589E-1	4,117187E+3	1,841291E+0	4,117187E+3	-3,938289E-1
4,118750E+3	1,315664E+0	4,118750E+3	-6,216346E-1	4,118750E+3	1,314998E+0	4,118750E+3	-6,212755E-1	4,118750E+3	1,324261E+0	4,118750E+3	-6,146637E-1	4,118750E+3	1,374605E+0	4,118750E+3	-6,023119E-1	4,118750E+3	1,571824E+0	4,118750E+3	-5,259088E-1	4,118750E+3	1,720789E+0	4,118750E+3	-4,215500E-1	4,118750E+3	1,861826E+0	4,118750E+3	-3,473489E-1
4,120312E+3	1,314483E+0	4,120312E+3	-6,217493E-1	4,120312E+3	1,307703E+0	4,120312E+3	-6,172004E-1	4,120312E+3	1,317691E+0	4,120312E+3	-6,148645E-1	4,120312E+3	1,371048E+0	4,120312E+3	-5,946956E-1	4,120312E+3	1,561176E+0	4,120312E+3	-5,175231E-1	4,120312E+3	1,708582E+0	4,120312E+3	-4,480446E-1	4,120312E+3	1,865568E+0	4,120312E+3	-3,601800E-1
4,121875E+3	1,293604E+0	4,121875E+3	-6,071571E-1	4,121875E+3	1,301165E+0	4,121875E+3	-6,112057E-1	4,121875E+3	1,309850E+0	4,121875E+3	-6,089542E-1	4,121875E+3	1,363508E+0	4,121875E+3	-5,898484E-1	4,121875E+3	1,533369E+0	4,121875E+3	-5,215751E-1	4,121875E+3	1,690730E+0	4,121875E+3	-4,481288E-1	4,121875E+3	1,850752E+0	4,121875E+3	-3,898098E-1
4,123437E+3	1,298370E+0	4,123437E+3	-5,955821E-1	4,123437E+3	1,291930E+0	4,123437E+3	-6,028466E-1	4,123437E+3	1,302276E+0	4,123437E+3	-6,037625E-1	4,123437E+3	1,356109E+0	4,123437E+3	-5,826243E-1	4,123437E+3	1,518104E+0	4,123437E+3	-5,140654E-1	4,123437E+3	1,695964E+0	4,123437E+3	-4,639041E-1	4,123437E+3	1,844633E+0	4,123437E+3	-4,019007E-1
4,125000E+3	1,302220E+0	4,125000E+3	-5,997790E-1	4,125000E+3	1,284317E+0	4,125000E+3	-6,002998E-1	4,125000E+3	1,293529E+0	4,125000E+3	-6,015121E-1	4,125000E+3	1,344752E+0	4,125000E+3	-5,856988E-1	4,125000E+3	1,516980E+0	4,125000E+3	-5,121531E-1	4,125000E+3	1,678300E+0	4,125000E+3	-4,468649E-1	4,125000E+3	1,855592E+0	4,125000E+3	-4,313764E-1
4,126562E+3	1,278429E+0	4,126562E+3	-6,073377E-1	4,126562E+3	1,277307E+0	4,126562E+3	-5,962058E-1	4,126562E+3	1,286433E+0	4,126562E+3	-5,941700E-1	4,126562E+3	1,337685E+0	4,126562E+3	-5,789649E-1	4,126562E+3	1,534782E+0	4,126562E+3	-5,162557E-1	4,126562E+3	1,669576E+0	4,126562E+3	-4,517899E-1	4,126562E+3	1,840113E+0	4,126562E+3	-3,887382E-1
4,128125E+3	1,276666E+0	4,128125E+3	-5,999435E-1	4,128125E+3	1,272325E+0	4,128125E+3	-5,902740E-1	4,128125E+3	1,277952E+0	4,128125E+3	-5,893447E-1	4,128125E+3	1,329281E+0	4,128125E+3	-5,727462E-1	4,128125E+3	1,517743E+0	4,128125E+3	-5,300438E-1	4,128125E+3	1,675883E+0	4,128125E+3	-4,544140E-1	4,128125E+3	1,835552E+0	4,128125E+3	-3,758216E-1
4,129687E+3	1,262197E+0	4,129687E+3	-5,805912E-1	4,129687E+3	1,262584E+0	4,129687E+3	-5,872287E-1	4,129687E+3	1,271419E+0	4,129687E+3	-5,861125E-1	4,129687E+3	1,314970E+0	4,129687E+3	-5,710928E-1	4,129687E+3	1,512372E+0	4,129687E+3	-5,075619E-1	4,129687E+3	1,681758E+0	4,129687E+3	-4,410261E-1	4,129687E+3	1,880572E+0	4,129687E+3	-4,152542E-1
4,131250E+3	1,244255E+0	4,131250E+3	-5,805055E-1	4,131250E+3	1,257688E+0	4,131250E+3	-5,840230E-1	4,131250E+3	1,262784E+0	4,131250E+3	-5,798315E-1	4,131250E+3	1,311875E+0	4,131250E+3	-5,643190E-1	4,131250E+3	1,503843E+0	4,131250E+3	-4,845732E-1	4,131250E+3	1,660091E+0	4,131250E+3	-4,542635E-1	4,131250E+3	1,816682E+0	4,131250E+3	-4,457346E-1
4,132812E+3	1,236145E+0	4,132812E+3	-5,880642E-1	4,132812E+3	1,250791E+0	4,132812E+3	-5,782675E-1	4,132812E+3	1,253387E+0	4,132812E+3	-5,705742E-1	4,132812E+3	1,306611E+0	4,132812E+3	-5,582446E-1	4,132812E+3	1,492757E+0	4,132812E+3	-4,919373E-1	4,132812E+3	1,654509E+0	4,132812E+3	-4,520499E-1	4,132812E+3	1,784395E+0	4,132812E+3	-4,030772E-1
4,134375E+3	1,237529E+0	4,134375E+3	-5,806683E-1	4,134375E+3	1,246258E+0	4,134375E+3	-5,724514E-1	4,134375E+3	1,245901E+0	4,134375E+3	-5,665720E-1	4,134375E+3	1,296329E+0	4,134375E+3	-5,549380E-1	4,134375E+3	1,484853E+0	4,134375E+3	-4,960235E-1	4,134375E+3	1,655915E+0	4,134375E+3	-4,529277E-1	4,134375E+3	1,792406E+0	4,134375E+3	-3,662255E-1
4,135937E+3	1,226690E+0	4,135937E+3	-5,609531E-1	4,135937E+3	1,233617E+0	4,135937E+3	-5,652213E-1	4,135937E+3	1,242059E+0	4,135937E+3	-5,621712E-1	4,135937E+3	1,292812E+0	4,135937E+3	-5,512966E-1	4,135937E+3	1,478758E+0	4,135937E+3	-5,090149E-1	4,135937E+3	1,662688E+0	4,135937E+3	-4,543806E-1	4,135937E+3	1,803708E+0	4,135937E+3	-4,053262E-1
4,137500E+3	1,222233E+0	4,137500E+3	-5,513047E-1	4,137500E+3	1,225104E+0	4,137500E+3	-5,567259E-1	4,137500E+3	1,229714E+0	4,137500E+3	-5,550563E-1	4,137500E+3	1,279824E+0	4,137500E+3	-5,458388E-1	4,137500E+3	1,477885E+0	4,137500E+3	-5,067791E-1	4,137500E+3	1,666221E+0	4,137500E+3	-4,688597E-1	4,137500E+3	1,815290E+0	4,137500E+3	-3,981973E-1
4,139062E+3	1,224485E+0	4,139062E+3	-5,535257E-1	4,139062E+3	1,215829E+0	4,139062E+3	-5,541168E-1	4,139062E+3	1,227657E+0	4,139062E+3	-5,506875E-1	4,139062E+3	1,277141E+0	4,139062E+3	-5,398150E-1	4,139062E+3	1,471865E+0	4,139062E+3	-4,898467E-1	4,139062E+3	1,630397E+0	4,139062E+3	-4,662594E-1	4,139062E+3	1,820150E+0	4,139062E+3	-4,023957E-1
4,140625E+3	1,216360E+0	4,140625E+3	-5,491690E-1	4,140625E+3	1,216406E+0	4,140625E+3	-5,472563E-1	4,140625E+3	1,220657E+0	4,140625E+3	-5,442522E-1	4,140625E+3	1,273781E+0	4,140625E+3	-5,379996E-1	4,140625E+3	1,465074E+0	4,140625E+3	-4,989367E-1	4,140625E+3	1,631961E+0	4,140625E+3	-4,480737E-1	4,140625E+3	1,820405E+0	4,140625E+3	-3,762333E-1
4,142187E+3	1,214788E+0	4,142187E+3	-5,426028E-1	4,142187E+3	1,211505E+0	4,142187E+3	-5,428780E-1	4,142187E+3	1,216830E+0	4,142187E+3	-5,395065E-1	4,142187E+3	1,269265E+0	4,142187E+3	-5,265536E-1	4,142187E+3	1,467928E+0	4,142187E+3	-4,824822E-1	4,142187E+3	1,635603E+0	4,142187E+3	-4,499206E-1	4,142187E+3	1,798342E+0	4,142187E+3	-3,972859E-1
4,143750E+3	1,215503E+0	4,143750E+3	-5,418934E-1	4,143750E+3	1,203879E+0	4,143750E+3	-5,341872E-1	4,143750E+3	1,209487E+0	4,143750E+3	-5,341928E-1	4,143750E+3	1,264122E+0	4,143750E+3	-5,215285E-1	4,143750E+3	1,453279E+0	4,143750E+3	-4,962614E-1	4,143750E+3	1,641326E+0	4,143750E+3	-4,534083E-1	4,143750E+3	1,807837E+0	4,143750E+3	-3,981710E-1
4,145312E+3	1,204599E+0	4,145312E+3	-5,432856E-1	4,145312E+3	1,196802E+0	4,145312E+3	-5,270816E-1	4,145312E+3	1,204948E+0	4,145312E+3	-5,278345E-1	4,145312E+3	1,258577E+0	4,145312E+3	-5,259626E-1	4,145312E+3	1,456704E+0	4,145312E+3	-4,894994E-1	4,145312E+3	1,643326E+0	4,145312E+3	-4,400580E-1	4,145312E+3	1,839784E+0	4,145312E+3	-4,140707E-1
4,146875E+3	1,195594E+0	4,146875E+3	-5,321874E-1	4,146875E+3	1,192194E+0	4,146875E+3	-5,223110E-1	4,146875E+3	1,198395E+0	4,146875E+3	-5,181733E-1	4,146875E+3	1,246304E+0	4,146875E+3	-5,155542E-1	4,146875E+3	1,444487E+0	4,146875E+3	-4,896921E-1	4,146875E+3	1,637960E+0	4,146875E+3	-4,383094E-1	4,146875E+3	1,812783E+0	4,146875E+3	-3,936664E-1
4,148437E+3	1,178446E+0	4,148437E+3	-5,185010E-1	4,148437E+3	1,185260E+0	4,148437E+3	-5,214538E-1	4,148437E+3	1,189074E+0	4,148437E+3	-5,153812E-1	4,148437E+3	1,243318E+0	4,148437E+3	-5,117313E-1	4,148437E+3	1,432577E+0	4,148437E+3	-4,783342E-1	4,148437E+3	1,642309E+0	4,148437E+3	-4,415766E-1	4,148437E+3	1,789468E+0	4,148437E+3	-4,284363E-1
4,150000E+3	1,181810E+0	4,150000E+3	-5,078876E-1	4,150000E+3	1,176148E+0	4,150000E+3	-5,141864E-1	4,150000E+3	1,183710E+0	4,150000E+3	-5,116231E-1	4,150000E+3	1,240766E+0	4,150000E+3	-5,075127E-1	4,150000E+3	1,435761E+0	4,150000E+3	-4,809193E-1	4,150000E+3	1,643323E+0	4,150000E+3	-4,432626E-1	4,150000E+3	1,787762E+0	4,150000E+3	-4,442760E-1
4,151562E+3	1,183888E+0	4,151562E+3	-5,061629E-1	4,151562E+3	1,172592E+0	4,151562E+3	-5,009227E-1	4,151562E+3	1,181328E+0	4,151562E+3	-5,063025E-1	4,151562E+3	1,238086E+0	4,151562E+3	-4,985015E-1	4,151562E+3	1,434200E+0	4,151562E+3	-4,816017E-1	4,151562E+3	1,620544E+0	4,151562E+3	-4,413375E-1	4,151562E+3	1,803124E+0	4,151562E+3	-3,940557E-1
4,153125E+3	1,174790E+0	4,153125E+3	-5,082315E-1	4,153125E+3	1,167279E+0	4,153125E+3	-4,931324E-1	4,153125E+3	1,173615E+0	4,153125E+3	-4,995459E-1	4,153125E+3	1,234614E+0	4,153125E+3	-4,901007E-1	4,153125E+3	1,430391E+0	4,153125E+3	-4,753673E-1	4,153125E+3	1,611476E+0	4,153125E+3	-4,326990E-1	4,153125E+3	1,798737E+0	4,153125E+3	-4,011980E-1
4,154687E+3	1,162155E+0	4,154687E+3	-4,970120E-1	4,154687E+3	1,161109E+0	4,154687E+3	-4,934785E-1	4,154687E+3	1,168371E+0	4,154687E+3	-4,930920E-1	4,154687E+3	1,222510E+0	4,154687E+3	-4,877992E-1	4,154687E+3	1,416100E+0	4,154687E+3	-4,705119E-1	4,154687E+3	1,628481E+0	4,154687E+3	-4,213758E-1	4,154687E+3	1,785214E+0	4,154687E+3	-3,984721E-1
4,156250E+3	1,163772E+0	4,156250E+3	-4,816581E-1	4,156250E+3	1,157652E+0	4,156250E+3	-4,824036E-1	4,156250E+3	1,159987E+0	4,156250E+3	-4,839674E-1	4,156250E+3	1,220446E+0	4,156250E+3	-4,846801E-1	4,156250E+3	1,414146E+0	4,156250E+3	-4,688915E-1	4,156250E+3	1,635767E+0	4,156250E+3	-4,507201E-1	4,156250E+3	1,780585E+0	4,156250E+3	-3,725060E-1
4,157812E+3	1,150314E+0	4,157812E+3	-4,900993E-1	4,157812E+3	1,155188E+0	4,157812E+3	-4,777146E-1	4,157812E+3	1,157585E+0	4,157812E+3	-4,778179E-1	4,157812E+3	1,219656E+0	4,157812E+3	-4,788138E-1	4,157812E+3	1,438822E+0	4,157812E+3	-4,641723E-1	4,157812E+3	1,605660E+0	4,157812E+3	-4,490234E-1	4,157812E+3	1,825511E+0	4,157812E+3	-4,061582E-1
4,159375E+3	1,149277E+0	4,159375E+3	-4,828312E-1	4,159375E+3	1,147394E+0	4,159375E+3	-4,710096E-1	4,159375E+3	1,154999E+0	4,159375E+3	-4,708110E-1	4,159375E+3	1,204315E+0	4,159375E+3	-4,743091E-1	4,159375E+3	1,434825E+0	4,159375E+3	-4,508080E-1	4,159375E+3	1,591961E+0	4,159375E+3	-4,207527E-1	4,159375E+3	1,797852E+0	4,159375E+3	-3,944017E-1
4,160937E+3	1,143441E+0	4,160937E+3	-4,852968E-1	4,160937E+3	1,140512E+0	4,160937E+3	-4,659431E-1	4,160937E+3	1,148563E+0	4,160937E+3	-4,683027E-1	4,160937E+3	1,199388E+0	4,160937E+3	-4,659339E-1	4,160937E+3	1,420018E+0	4,160937E+3	-4,506214E-1	4,160937E+3	1,611779E+0	4,160937E+3	-4,069979E-1	4,160937E+3	1,805633E+0	4,160937E+3	-3,846236E-1
4,162500E+3	1,137367E+0	4,162500E+3	-4,640730E-1	4,162500E+3	1,134439E+0	4,162500E+3	-4,588484E-1	4,162500E+3	1,141717E+0	4,162500E+3	-4,609734E-1	4,162500E+3	1,196617E+0	4,162500E+3	-4,597492E-1	4,162500E+3	1,411176E+0	4,162500E+3	-4,406515E-1	4,162500E+3	1,612552E+0	4,162500E+3	-4,187791E-1	4,162500E+3	1,789927E+0	4,162500E+3	-3,575633E-1
4,164062E+3	1,125899E+0	4,164062E+3	-4,592092E-1	4,164062E+3	1,132142E+0	4,164062E+3	-4,507728E-1	4,164062E+3	1,138506E+0	4,164062E+3	-4,536598E-1	4,164062E+3	1,191167E+0	4,164062E+3	-4,551029E-1	4,164062E+3	1,404466E+0	4,164062E+3	-4,359236E-1	4,164062E+3	1,603705E+0	4,164062E+3	-4,173371E-1	4,164062E+3	1,785581E+0	4,164062E+3	-4,119249E-1
4,165625E+3	1,131158E+0	4,165625E+3	-4,458322E-1	4,165625E+3	1,130334E+0	4,165625E+3	-4,438240E-1	4,165625E+3	1,137445E+0	4,165625E+3	-4,454480E-1	4,165625E+3	1,187535E+0	4,165625E+3	-4,459109E-1	4,165625E+3	1,387741E+0	4,165625E+3	-4,385473E-1	4,165625E+3	1,596840E+0	4,165625E+3	-4,289255E-1	4,165625E+3	1,744233E+0	4,165625E+3	-4,083300E-1
4,167187E+3	1,135203E+0	4,167187E+3	-4,294918E-1	4,167187E+3	1,123995E+0	4,167187E+3	-4,345640E-1	4,167187E+3	1,133111E+0	4,167187E+3	-4,384671E-1	4,167187E+3	1,185962E+0	4,167187E+3	-4,400527E-1	4,167187E+3	1,379677E+0	4,167187E+3	-4,412816E-1	4,167187E+3	1,586834E+0	4,167187E+3	-4,246086E-1	4,167187E+3	1,770093E+0	4,167187E+3	-4,220619E-1
4,168750E+3	1,124488E+0	4,168750E+3	-4,255421E-1	4,168750E+3	1,122270E+0	4,168750E+3	-4,318646E-1	4,168750E+3	1,127813E+0	4,168750E+3	-4,319549E-1	4,168750E+3	1,180014E+0	4,168750E+3	-4,343861E-1	4,168750E+3	1,385604E+0	4,168750E+3	-4,387016E-1	4,168750E+3	1,598309E+0	4,168750E+3	-4,113882E-1	4,168750E+3	1,776720E+0	4,168750E+3	-4,519019E-1
4,170312E+3	1,109766E+0	4,170312E+3	-4,166667E-1	4,170312E+3	1,114775E+0	4,170312E+3	-4,240494E-1	4,170312E+3	1,124215E+0	4,170312E+3	-4,244413E-1	4,170312E+3	1,176201E+0	4,170312E+3	-4,264133E-1	4,170312E+3	1,395635E+0	4,170312E+3	-4,442452E-1	4,170312E+3	1,590114E+0	4,170312E+3	-4,331010E-1	4,170312E+3	1,808240E+0	4,170312E+3	-4,385263E-1
4,171875E+3	1,103442E+0	4,171875E+3	-4,198248E-1	4,171875E+3	1,111100E+0	4,171875E+3	-4,169077E-1	4,171875E+3	1,119452E+0	4,171875E+3	-4,164871E-1	4,171875E+3	1,173406E+0	4,171875E+3	-4,217086E-1	4,171875E+3	1,387531E+0	4,171875E+3	-4,520937E-1	4,171875E+3	1,578110E+0	4,171875E+3	-4,419515E-1	4,171875E+3	1,807875E+0	4,171875E+3	-4,260507E-1
4,173437E+3	1,098758E+0	4,173437E+3	-4,157669E-1	4,173437E+3	1,110813E+0	4,173437E+3	-4,125403E-1	4,173437E+3	1,115499E+0	4,173437E+3	-4,086622E-1	4,173437E+3	1,174560E+0	4,173437E+3	-4,144988E-1	4,173437E+3	1,375748E+0	4,173437E+3	-4,391467E-1	4,173437E+3	1,553068E+0	4,173437E+3	-4,340318E-1	4,173437E+3	1,765550E+0	4,173437E+3	-4,420403E-1
4,175000E+3	1,097075E+0	4,175000E+3	-4,129102E-1	4,175000E+3	1,108859E+0	4,175000E+3	-4,040579E-1	4,175000E+3	1,112183E+0	4,175000E+3	-4,029796E-1	4,175000E+3	1,166456E+0	4,175000E+3	-4,067249E-1	4,175000E+3	1,369166E+0	4,175000E+3	-4,184077E-1	4,175000E+3	1,548667E+0	4,175000E+3	-4,340906E-1	4,175000E+3	1,756083E+0	4,175000E+3	-4,841640E-1
4,176562E+3	1,108319E+0	4,176562E+3	-4,094555E-1	4,176562E+3	1,105353E+0	4,176562E+3	-3,967565E-1	4,176562E+3	1,111167E+0	4,176562E+3	-3,973478E-1	4,176562E+3	1,162333E+0	4,176562E+3	-4,001727E-1	4,176562E+3	1,350176E+0	4,176562E+3	-4,109586E-1	4,176562E+3	1,576986E+0	4,176562E+3	-4,283397E-1	4,176562E+3	1,758830E+0	4,176562E+3	-4,228986E-1
4,178125E+3	1,106164E+0	4,178125E+3	-4,013735E-1	4,178125E+3	1,097024E+0	4,178125E+3	-3,920598E-1	4,178125E+3	1,106342E+0	4,178125E+3	-3,908281E-1	4,178125E+3	1,158291E+0	4,178125E+3	-3,964045E-1	4,178125E+3	1,363755E+0	4,178125E+3	-3,977755E-1	4,178125E+3	1,585618E+0	4,178125E+3	-4,338713E-1	4,178125E+3	1,746462E+0	4,178125E+3	-4,069599E-1
4,179687E+3	1,102852E+0	4,179687E+3	-3,871894E-1	4,179687E+3	1,095196E+0	4,179687E+3	-3,849710E-1	4,179687E+3	1,102458E+0	4,179687E+3	-3,822528E-1	4,179687E+3	1,156093E+0	4,179687E+3	-3,918797E-1	4,179687E+3	1,361200E+0	4,179687E+3	-3,889193E-1	4,179687E+3	1,565665E+0	4,179687E+3	-4,107021E-1	4,179687E+3	1,763760E+0	4,179687E+3	-4,141420E-1
4,181250E+3	1,102502E+0	4,181250E+3	-3,789676E-1	4,181250E+3	1,092832E+0	4,181250E+3	-3,724421E-1	4,181250E+3	1,099068E+0	4,181250E+3	-3,750920E-1	4,181250E+3	1,153676E+0	4,181250E+3	-3,838728E-1	4,181250E+3	1,366286E+0	4,181250E+3	-3,883479E-1	4,181250E+3	1,580530E+0	4,181250E+3	-4,054486E-1	4,181250E+3	1,784113E+0	4,181250E+3	-3,976873E-1
4,182812E+3	1,093692E+0	4,182812E+3	-3,696904E-1	4,182812E+3	1,087698E+0	4,182812E+3	-3,659344E-1	4,182812E+3	1,094834E+0	4,182812E+3	-3,673679E-1	4,182812E+3	1,150472E+0	4,182812E+3	-3,704723E-1	4,182812E+3	1,365103E+0	4,182812E+3	-3,955639E-1	4,182812E+3	1,586661E+0	4,182812E+3	-3,925611E-1	4,182812E+3	1,758793E+0	4,182812E+3	-4,095909E-1
4,184375E+3	1,089648E+0	4,184375E+3	-3,655398E-1	4,184375E+3	1,087939E+0	4,184375E+3	-3,612797E-1	4,184375E+3	1,093301E+0	4,184375E+3	-3,613715E-1	4,184375E+3	1,150323E+0	4,184375E+3	-3,671173E-1	4,184375E+3	1,357062E+0	4,184375E+3	-3,941408E-1	4,184375E+3	1,585371E+0	4,184375E+3	-3,868645E-1	4,184375E+3	1,723630E+0	4,184375E+3	-4,162131E-1
4,185937E+3	1,080994E+0	4,185937E+3	-3,621389E-1	4,185937E+3	1,081532E+0	4,185937E+3	-3,520623E-1	4,185937E+3	1,090156E+0	4,185937E+3	-3,537936E-1	4,185937E+3	1,142485E+0	4,185937E+3	-3,621747E-1	4,185937E+3	1,364836E+0	4,185937E+3	-3,791739E-1	4,185937E+3	1,561007E+0	4,185937E+3	-3,953892E-1	4,185937E+3	1,764834E+0	4,185937E+3	-4,237109E-1
4,187500E+3	1,077540E+0	4,187500E+3	-3,530677E-1	4,187500E+3	1,077717E+0	4,187500E+3	-3,447406E-1	4,187500E+3	1,087467E+0	4,187500E+3	-3,459016E-1	4,187500E+3	1,140787E+0	4,187500E+3	-3,562350E-1	4,187500E+3	1,347204E+0	4,187500E+3	-3,747342E-1	4,187500E+3	1,561808E+0	4,187500E+3	-3,966247E-1	4,187500E+3	1,811952E+0	4,187500E+3	-4,715845E-1
4,189062E+3	1,076193E+0	4,189062E+3	-3,491349E-1	4,189062E+3	1,075981E+0	4,189062E+3	-3,403722E-1	4,189062E+3	1,086105E+0	4,189062E+3	-3,408126E-1	4,189062E+3	1,140562E+0	4,189062E+3	-3,504923E-1	4,189062E+3	1,345613E+0	4,189062E+3	-3,778269E-1	4,189062E+3	1,575322E+0	4,189062E+3	-4,124527E-1	4,189062E+3	1,792828E+0	4,189062E+3	-4,523307E-1
4,190625E+3	1,081056E+0	4,190625E+3	-3,344632E-1	4,190625E+3	1,075046E+0	4,190625E+3	-3,313129E-1	4,190625E+3	1,083282E+0	4,190625E+3	-3,309126E-1	4,190625E+3	1,138999E+0	4,190625E+3	-3,433125E-1	4,190625E+3	1,346928E+0	4,190625E+3	-3,895601E-1	4,190625E+3	1,582809E+0	4,190625E+3	-4,096614E-1	4,190625E+3	1,751593E+0	4,190625E+3	-4,360422E-1
4,192187E+3	1,076715E+0	4,192187E+3	-3,219615E-1	4,192187E+3	1,073315E+0	4,192187E+3	-3,275642E-1	4,192187E+3	1,081810E+0	4,192187E+3	-3,229597E-1	4,192187E+3	1,141510E+0	4,192187E+3	-3,347361E-1	4,192187E+3	1,355213E+0	4,192187E+3	-3,776689E-1	4,192187E+3	1,558436E+0	4,192187E+3	-4,244464E-1	4,192187E+3	1,753573E+0	4,192187E+3	-4,348291E-1
4,193750E+3	1,071890E+0	4,193750E+3	-3,203665E-1	4,193750E+3	1,070499E+0	4,193750E+3	-3,164000E-1	4,193750E+3	1,081008E+0	4,193750E+3	-3,162278E-1	4,193750E+3	1,133768E+0	4,193750E+3	-3,307102E-1	4,193750E+3	1,348655E+0	4,193750E+3	-3,758883E-1	4,193750E+3	1,560868E+0	4,193750E+3	-4,099012E-1	4,193750E+3	1,809836E+0	4,193750E+3	-4,238108E-1
4,195312E+3	1,060238E+0	4,195312E+3	-3,069318E-1	4,195312E+3	1,064694E+0	4,195312E+3	-3,073962E-1	4,195312E+3	1,076069E+0	4,195312E+3	-3,080945E-1	4,195312E+3	1,130456E+0	4,195312E+3	-3,169758E-1	4,195312E+3	1,348813E+0	4,195312E+3	-3,747538E-1	4,195312E+3	1,562556E+0	4,195312E+3	-4,088859E-1	4,195312E+3	1,776639E+0	4,195312E+3	-4,240732E-1
4,196875E+3	1,060136E+0	4,196875E+3	-3,016693E-1	4,196875E+3	1,063184E+0	4,196875E+3	-2,982446E-1	4,196875E+3	1,073685E+0	4,196875E+3	-3,000459E-1	4,196875E+3	1,126039E+0	4,196875E+3	-3,071550E-1	4,196875E+3	1,342898E+0	4,196875E+3	-3,661468E-1	4,196875E+3	1,579134E+0	4,196875E+3	-3,804059E-1	4,196875E+3	1,774198E+0	4,196875E+3	-4,362583E-1
4,198437E+3	1,064336E+0	4,198437E+3	-2,942381E-1	4,198437E+3	1,060504E+0	4,198437E+3	-2,918023E-1	4,198437E+3	1,072054E+0	4,198437E+3	-2,931528E-1	4,198437E+3	1,126745E+0	4,198437E+3	-3,048144E-1	4,198437E+3	1,338944E+0	4,198437E+3	-3,505054E-1	4,198437E+3	1,564813E+0	4,198437E+3	-3,787718E-1	4,198437E+3	1,803026E+0	4,198437E+3	-3,830574E-1
4,200000E+3	1,066538E+0	4,200000E+3	-2,810994E-1	4,200000E+3	1,060672E+0	4,200000E+3	-2,843418E-1	4,200000E+3	1,069341E+0	4,200000E+3	-2,864301E-1	4,200000E+3	1,121707E+0	4,200000E+3	-2,956708E-1	4,200000E+3	1,323082E+0	4,200000E+3	-3,483022E-1	4,200000E+3	1,543203E+0	4,200000E+3	-3,684712E-1	4,200000E+3	1,788564E+0	4,200000E+3	-4,000504E-1
4,201562E+3	1,060790E+0	4,201562E+3	-2,779597E-1	4,201562E+3	1,064789E+0	4,201562E+3	-2,768121E-1	4,201562E+3	1,067355E+0	4,201562E+3	-2,768362E-1	4,201562E+3	1,119697E+0	4,201562E+3	-2,897704E-1	4,201562E+3	1,327344E+0	4,201562E+3	-3,378140E-1	4,201562E+3	1,540357E+0	4,201562E+3	-3,844732E-1	4,201562E+3	1,763931E+0	4,201562E+3	-3,995421E-1
4,203125E+3	1,060385E+0	4,203125E+3	-2,726850E-1	4,203125E+3	1,059248E+0	4,203125E+3	-2,663792E-1	4,203125E+3	1,067050E+0	4,203125E+3	-2,682338E-1	4,203125E+3	1,120951E+0	4,203125E+3	-2,807826E-1	4,203125E+3	1,340316E+0	4,203125E+3	-3,299043E-1	4,203125E+3	1,550831E+0	4,203125E+3	-3,805880E-1	4,203125E+3	1,754577E+0	4,203125E+3	-4,355692E-1
4,204687E+3	1,060713E+0	4,204687E+3	-2,664176E-1	4,204687E+3	1,057313E+0	4,204687E+3	-2,623424E-1	4,204687E+3	1,068740E+0	4,204687E+3	-2,637797E-1	4,204687E+3	1,122761E+0	4,204687E+3	-2,716184E-1	4,204687E+3	1,328869E+0	4,204687E+3	-3,327731E-1	4,204687E+3	1,556338E+0	4,204687E+3	-3,529607E-1	4,204687E+3	1,754260E+0	4,204687E+3	-4,093269E-1
4,206250E+3	1,058673E+0	4,206250E+3	-2,575550E-1	4,206250E+3	1,058828E+0	4,206250E+3	-2,537476E-1	4,206250E+3	1,065215E+0	4,206250E+3	-2,529710E-1	4,206250E+3	1,120379E+0	4,206250E+3	-2,702106E-1	4,206250E+3	1,331263E+0	4,206250E+3	-3,273687E-1	4,206250E+3	1,550052E+0	4,206250E+3	-3,432953E-1	4,206250E+3	1,780644E+0	4,206250E+3	-3,935144E-1
4,207812E+3	1,057375E+0	4,207812E+3	-2,358685E-1	4,207812E+3	1,055540E+0	4,207812E+3	-2,405015E-1	4,207812E+3	1,064832E+0	4,207812E+3	-2,458047E-1	4,207812E+3	1,117436E+0	4,207812E+3	-2,616862E-1	4,207812E+3	1,329113E+0	4,207812E+3	-3,212869E-1	4,207812E+3	1,554608E+0	4,207812E+3	-3,360502E-1	4,207812E+3	1,773941E+0	4,207812E+3	-3,970025E-1
4,209375E+3	1,052652E+0	4,209375E+3	-2,364492E-1	4,209375E+3	1,051786E+0	4,209375E+3	-2,341920E-1	4,209375E+3	1,061447E+0	4,209375E+3	-2,377929E-1	4,209375E+3	1,113973E+0	4,209375E+3	-2,544012E-1	4,209375E+3	1,337490E+0	4,209375E+3	-3,226534E-1	4,209375E+3	1,550550E+0	4,209375E+3	-3,360314E-1	4,209375E+3	1,781740E+0	4,209375E+3	-4,013293E-1
4,210937E+3	1,052204E+0	4,210937E+3	-2,337538E-1	4,210937E+3	1,052275E+0	4,210937E+3	-2,281148E-1	4,210937E+3	1,061029E+0	4,210937E+3	-2,284418E-1	4,210937E+3	1,110451E+0	4,210937E+3	-2,449461E-1	4,210937E+3	1,328791E+0	4,210937E+3	-3,107221E-1	4,210937E+3	1,551777E+0	4,210937E+3	-3,426524E-1	4,210937E+3	1,764506E+0	4,210937E+3	-4,234872E-1
4,212500E+3	1,058339E+0	4,212500E+3	-2,257533E-1	4,212500E+3	1,050862E+0	4,212500E+3	-2,178994E-1	4,212500E+3	1,060327E+0	4,212500E+3	-2,209655E-1	4,212500E+3	1,109437E+0	4,212500E+3	-2,351558E-1	4,212500E+3	1,325018E+0	4,212500E+3	-3,034623E-1	4,212500E+3	1,579485E+0	4,212500E+3	-3,311220E-1	4,212500E+3	1,742231E+0	4,212500E+3	-4,018054E-1
4,214062E+3	1,056217E+0	4,214062E+3	-2,144003E-1	4,214062E+3	1,049721E+0	4,214062E+3	-2,097370E-1	4,214062E+3	1,058582E+0	4,214062E+3	-2,119507E-1	4,214062E+3	1,110297E+0	4,214062E+3	-2,289488E-1	4,214062E+3	1,315295E+0	4,214062E+3	-2,933341E-1	4,214062E+3	1,547415E+0	4,214062E+3	-3,646455E-1	4,214062E+3	1,785165E+0	4,214062E+3	-4,005784E-1
4,215625E+3	1,044191E+0	4,215625E+3	-2,119339E-1	4,215625E+3	1,048060E+0	4,215625E+3	-2,013269E-1	4,215625E+3	1,057113E+0	4,215625E+3	-2,037132E-1	4,215625E+3	1,108818E+0	4,215625E+3	-2,206323E-1	4,215625E+3	1,313127E+0	4,215625E+3	-2,886940E-1	4,215625E+3	1,535467E+0	4,215625E+3	-3,642671E-1	4,215625E+3	1,796688E+0	4,215625E+3	-3,910968E-1
4,217187E+3	1,034060E+0	4,217187E+3	-1,938449E-1	4,217187E+3	1,048620E+0	4,217187E+3	-1,937722E-1	4,217187E+3	1,056864E+0	4,217187E+3	-1,958743E-1	4,217187E+3	1,108684E+0	4,217187E+3	-2,118261E-1	4,217187E+3	1,327579E+0	4,217187E+3	-2,884378E-1	4,217187E+3	1,555009E+0	4,217187E+3	-3,392745E-1	4,217187E+3	1,786669E+0	4,217187E+3	-4,086878E-1
4,218750E+3	1,046232E+0	4,218750E+3	-1,892513E-1	4,218750E+3	1,055628E+0	4,218750E+3	-1,861850E-1	4,218750E+3	1,057723E+0	4,218750E+3	-1,846640E-1	4,218750E+3	1,111275E+0	4,218750E+3	-2,089682E-1	4,218750E+3	1,331117E+0	4,218750E+3	-2,810111E-1	4,218750E+3	1,568858E+0	4,218750E+3	-3,372959E-1	4,218750E+3	1,771746E+0	4,218750E+3	-4,484975E-1
4,220312E+3	1,047455E+0	4,220312E+3	-1,769350E-1	4,220312E+3	1,050738E+0	4,220312E+3	-1,766591E-1	4,220312E+3	1,058986E+0	4,220312E+3	-1,778296E-1	4,220312E+3	1,114911E+0	4,220312E+3	-1,993364E-1	4,220312E+3	1,323510E+0	4,220312E+3	-2,769643E-1	4,220312E+3	1,545940E+0	4,220312E+3	-3,398129E-1	4,220312E+3	1,757807E+0	4,220312E+3	-4,560192E-1
4,221875E+3	1,041719E+0	4,221875E+3	-1,627017E-1	4,221875E+3	1,048185E+0	4,221875E+3	-1,667592E-1	4,221875E+3	1,057250E+0	4,221875E+3	-1,694385E-1	4,221875E+3	1,114123E+0	4,221875E+3	-1,859516E-1	4,221875E+3	1,324081E+0	4,221875E+3	-2,645563E-1	4,221875E+3	1,544888E+0	4,221875E+3	-3,292947E-1	4,221875E+3	1,755300E+0	4,221875E+3	-4,168495E-1
4,223437E+3	1,041650E+0	4,223437E+3	-1,582116E-1	4,223437E+3	1,047703E+0	4,223437E+3	-1,591244E-1	4,223437E+3	1,054539E+0	4,223437E+3	-1,616755E-1	4,223437E+3	1,109746E+0	4,223437E+3	-1,832129E-1	4,223437E+3	1,321383E+0	4,223437E+3	-2,557086E-1	4,223437E+3	1,558375E+0	4,223437E+3	-3,159493E-1	4,223437E+3	1,791923E+0	4,223437E+3	-3,774710E-1
4,225000E+3	1,042148E+0	4,225000E+3	-1,575249E-1	4,225000E+3	1,046626E+0	4,225000E+3	-1,483866E-1	4,225000E+3	1,055348E+0	4,225000E+3	-1,514744E-1	4,225000E+3	1,108087E+0	4,225000E+3	-1,735544E-1	4,225000E+3	1,324022E+0	4,225000E+3	-2,545429E-1	4,225000E+3	1,547557E+0	4,225000E+3	-3,290155E-1	4,225000E+3	1,767824E+0	4,225000E+3	-3,978166E-1
4,226562E+3	1,046194E+0	4,226562E+3	-1,517316E-1	4,226562E+3	1,047409E+0	4,226562E+3	-1,389419E-1	4,226562E+3	1,052911E+0	4,226562E+3	-1,418426E-1	4,226562E+3	1,107155E+0	4,226562E+3	-1,642732E-1	4,226562E+3	1,325076E+0	4,226562E+3	-2,392339E-1	4,226562E+3	1,557573E+0	4,226562E+3	-3,400671E-1	4,226562E+3	1,797952E+0	4,226562E+3	-4,003435E-1
4,228125E+3	1,049151E+0	4,228125E+3	-1,425652E-1	4,228125E+3	1,048328E+0	4,228125E+3	-1,325095E-1	4,228125E+3	1,053143E+0	4,228125E+3	-1,340612E-1	4,228125E+3	1,106019E+0	4,228125E+3	-1,591762E-1	4,228125E+3	1,313758E+0	4,228125E+3	-2,369924E-1	4,228125E+3	1,517188E+0	4,228125E+3	-3,205497E-1	4,228125E+3	1,765580E+0	4,228125E+3	-3,953259E-1
4,229687E+3	1,049008E+0	4,229687E+3	-1,310487E-1	4,229687E+3	1,050717E+0	4,229687E+3	-1,250635E-1	4,229687E+3	1,056683E+0	4,229687E+3	-1,263432E-1	4,229687E+3	1,109996E+0	4,229687E+3	-1,457607E-1	4,229687E+3	1,317166E+0	4,229687E+3	-2,411267E-1	4,229687E+3	1,533324E+0	4,229687E+3	-3,274898E-1	4,229687E+3	1,774018E+0	4,229687E+3	-3,799081E-1
4,231250E+3	1,044967E+0	4,231250E+3	-1,191910E-1	4,231250E+3	1,048614E+0	4,231250E+3	-1,158534E-1	4,231250E+3	1,056315E+0	4,231250E+3	-1,164256E-1	4,231250E+3	1,108869E+0	4,231250E+3	-1,329275E-1	4,231250E+3	1,322057E+0	4,231250E+3	-2,257650E-1	4,231250E+3	1,557847E+0	4,231250E+3	-3,066903E-1	4,231250E+3	1,791748E+0	4,231250E+3	-3,992946E-1
4,232812E+3	1,060961E+0	4,232812E+3	-1,181787E-1	4,232812E+3	1,049740E+0	4,232812E+3	-1,080849E-1	4,232812E+3	1,055177E+0	4,232812E+3	-1,070451E-1	4,232812E+3	1,112271E+0	4,232812E+3	-1,268816E-1	4,232812E+3	1,328506E+0	4,232812E+3	-2,185720E-1	4,232812E+3	1,553966E+0	4,232812E+3	-2,883151E-1	4,232812E+3	1,788003E+0	4,232812E+3	-4,022822E-1
4,234375E+3	1,051596E+0	4,234375E+3	-1,052685E-1	4,234375E+3	1,049634E+0	4,234375E+3	-9,949526E-2	4,234375E+3	1,054809E+0	4,234375E+3	-9,979370E-2	4,234375E+3	1,112083E+0	4,234375E+3	-1,218705E-1	4,234375E+3	1,326959E+0	4,234375E+3	-2,263336E-1	4,234375E+3	1,561811E+0	4,234375E+3	-2,940519E-1	4,234375E+3	1,795027E+0	4,234375E+3	-3,828657E-1
4,235937E+3	1,038651E+0	4,235937E+3	-9,384115E-2	4,235937E+3	1,048102E+0	4,235937E+3	-9,068819E-2	4,235937E+3	1,057491E+0	4,235937E+3	-9,187239E-2	4,235937E+3	1,110379E+0	4,235937E+3	-1,165741E-1	4,235937E+3	1,320403E+0	4,235937E+3	-2,191591E-1	4,235937E+3	1,543887E+0	4,235937E+3	-2,961946E-1	4,235937E+3	1,795753E+0	4,235937E+3	-3,722426E-1
4,237500E+3	1,037292E+0	4,237500E+3	-8,379801E-2	4,237500E+3	1,048674E+0	4,237500E+3	-8,137732E-2	4,237500E+3	1,057079E+0	4,237500E+3	-8,117312E-2	4,237500E+3	1,111325E+0	4,237500E+3	-1,041370E-1	4,237500E+3	1,324054E+0	4,237500E+3	-2,028570E-1	4,237500E+3	1,540643E+0	4,237500E+3	-2,947646E-1	4,237500E+3	1,811952E+0	4,237500E+3	-3,502323E-1
4,239062E+3	1,039337E+0	4,239062E+3	-7,012914E-2	4,239062E+3	1,047659E+0	4,239062E+3	-6,673371E-2	4,239062E+3	1,057787E+0	4,239062E+3	-7,055170E-2	4,239062E+3	1,111615E+0	4,239062E+3	-9,423992E-2	4,239062E+3	1,312026E+0	4,239062E+3	-1,984691E-1	4,239062E+3	1,556754E+0	4,239062E+3	-2,637467E-1	4,239062E+3	1,791633E+0	4,239062E+3	-3,541252E-1
4,240625E+3	1,049486E+0	4,240625E+3	-5,968005E-2	4,240625E+3	1,048102E+0	4,240625E+3	-6,114894E-2	4,240625E+3	1,057837E+0	4,240625E+3	-6,005197E-2	4,240625E+3	1,112884E+0	4,240625E+3	-8,906332E-2	4,240625E+3	1,317169E+0	4,240625E+3	-1,858463E-1	4,240625E+3	1,561260E+0	4,240625E+3	-2,513949E-1	4,240625E+3	1,784156E+0	4,240625E+3	-3,799496E-1
4,242187E+3	1,050472E+0	4,242187E+3	-4,848928E-2	4,242187E+3	1,051902E+0	4,242187E+3	-4,886677E-2	4,242187E+3	1,058789E+0	4,242187E+3	-5,288950E-2	4,242187E+3	1,111693E+0	4,242187E+3	-7,812609E-2	4,242187E+3	1,322271E+0	4,242187E+3	-1,724257E-1	4,242187E+3	1,538571E+0	4,242187E+3	-2,665359E-1	4,242187E+3	1,774598E+0	4,242187E+3	-3,835356E-1
4,243750E+3	1,050921E+0	4,243750E+3	-4,300502E-2	4,243750E+3	1,050212E+0	4,243750E+3	-4,189398E-2	4,243750E+3	1,060201E+0	4,243750E+3	-4,270065E-2	4,243750E+3	1,111153E+0	4,243750E+3	-6,922031E-2	4,243750E+3	1,326333E+0	4,243750E+3	-1,792542E-1	4,243750E+3	1,557591E+0	4,243750E+3	-2,775765E-1	4,243750E+3	1,797464E+0	4,243750E+3	-3,428093E-1
4,245312E+3	1,051663E+0	4,245312E+3	-2,678782E-2	4,245312E+3	1,049035E+0	4,245312E+3	-3,180431E-2	4,245312E+3	1,060293E+0	4,245312E+3	-3,470757E-2	4,245312E+3	1,108691E+0	4,245312E+3	-6,262747E-2	4,245312E+3	1,323068E+0	4,245312E+3	-1,839281E-1	4,245312E+3	1,576416E+0	4,245312E+3	-2,816865E-1	4,245312E+3	1,798071E+0	4,245312E+3	-3,514504E-1
4,246875E+3	1,055894E+0	4,246875E+3	-1,483513E-2	4,246875E+3	1,054786E+0	4,246875E+3	-2,262896E-2	4,246875E+3	1,061308E+0	4,246875E+3	-2,466801E-2	4,246875E+3	1,113818E+0	4,246875E+3	-5,118326E-2	4,246875E+3	1,334321E+0	4,246875E+3	-1,668396E-1	4,246875E+3	1,578144E+0	4,246875E+3	-2,848035E-1	4,246875E+3	1,819582E+0	4,246875E+3	-3,596465E-1
4,248437E+3	1,057499E+0	4,248437E+3	-9,201920E-3	4,248437E+3	1,055747E+0	4,248437E+3	-1,653966E-2	4,248437E+3	1,063464E+0	4,248437E+3	-1,283876E-2	4,248437E+3	1,115159E+0	4,248437E+3	-4,402652E-2	4,248437E+3	1,340369E+0	4,248437E+3	-1,342368E-1	4,248437E+3	1,573902E+0	4,248437E+3	-2,530645E-1	4,248437E+3	1,820005E+0	4,248437E+3	-3,315671E-1
4,250000E+3	1,059898E+0	4,250000E+3	-1,391639E-2	4,250000E+3	1,056367E+0	4,250000E+3	-5,258396E-3	4,250000E+3	1,065914E+0	4,250000E+3	-5,928344E-3	4,250000E+3	1,115524E+0	4,250000E+3	-3,354973E-2	4,250000E+3	1,330543E+0	4,250000E+3	-1,400763E-1	4,250000E+3	1,574806E+0	4,250000E+3	-2,251263E-1	4,250000E+3	1,821855E+0	4,250000E+3	-3,661916E-1
4,251562E+3	1,048585E+0	4,251562E+3	-2,214153E-3	4,251562E+3	1,057975E+0	4,251562E+3	8,485538E-3	4,251562E+3	1,066403E+0	4,251562E+3	3,516749E-3	4,251562E+3	1,115590E+0	4,251562E+3	-2,322016E-2	4,251562E+3	1,316981E+0	4,251562E+3	-1,309631E-1	4,251562E+3	1,582542E+0	4,251562E+3	-2,220341E-1	4,251562E+3	1,800821E+0	4,251562E+3	-3,673897E-1
4,253125E+3	1,055860E+0	4,253125E+3	2,239198E-2	4,253125E+3	1,057159E+0	4,253125E+3	1,956835E-2	4,253125E+3	1,065277E+0	4,253125E+3	1,530385E-2	4,253125E+3	1,117958E+0	4,253125E+3	-1,303208E-2	4,253125E+3	1,331381E+0	4,253125E+3	-1,205915E-1	4,253125E+3	1,585101E+0	4,253125E+3	-2,060551E-1	4,253125E+3	1,802035E+0	4,253125E+3	-3,132261E-1
4,254687E+3	1,067589E+0	4,254687E+3	2,743441E-2	4,254687E+3	1,059478E+0	4,254687E+3	2,715908E-2	4,254687E+3	1,067040E+0	4,254687E+3	2,570550E-2	4,254687E+3	1,117625E+0	4,254687E+3	-1,654291E-3	4,254687E+3	1,340608E+0	4,254687E+3	-1,142296E-1	4,254687E+3	1,572566E+0	4,254687E+3	-1,850036E-1	4,254687E+3	1,815074E+0	4,254687E+3	-2,914670E-1
4,256250E+3	1,058801E+0	4,256250E+3	4,320608E-2	4,256250E+3	1,058214E+0	4,256250E+3	3,660509E-2	4,256250E+3	1,070149E+0	4,256250E+3	3,194258E-2	4,256250E+3	1,117296E+0	4,256250E+3	6,259925E-3	4,256250E+3	1,330439E+0	4,256250E+3	-1,089214E-1	4,256250E+3	1,586597E+0	4,256250E+3	-2,014188E-1	4,256250E+3	1,795209E+0	4,256250E+3	-3,459136E-1
4,257812E+3	1,063209E+0	4,257812E+3	4,836377E-2	4,257812E+3	1,067707E+0	4,257812E+3	5,014739E-2	4,257812E+3	1,074103E+0	4,257812E+3	4,474657E-2	4,257812E+3	1,127245E+0	4,257812E+3	1,684312E-2	4,257812E+3	1,325141E+0	4,257812E+3	-1,094905E-1	4,257812E+3	1,604404E+0	4,257812E+3	-2,066069E-1	4,257812E+3	1,794216E+0	4,257812E+3	-3,551022E-1
4,259375E+3	1,063132E+0	4,259375E+3	5,425415E-2	4,259375E+3	1,066230E+0	4,259375E+3	5,951340E-2	4,259375E+3	1,075675E+0	4,259375E+3	5,543404E-2	4,259375E+3	1,126113E+0	4,259375E+3	2,525753E-2	4,259375E+3	1,330780E+0	4,259375E+3	-9,908041E-2	4,259375E+3	1,593516E+0	4,259375E+3	-1,945218E-1	4,259375E+3	1,838204E+0	4,259375E+3	-3,634897E-1
4,260937E+3	1,066794E+0	4,260937E+3	6,652243E-2	4,260937E+3	1,065485E+0	4,260937E+3	6,472122E-2	4,260937E+3	1,077592E+0	4,260937E+3	6,654747E-2	4,260937E+3	1,120213E+0	4,260937E+3	3,625979E-2	4,260937E+3	1,337751E+0	4,260937E+3	-7,534202E-2	4,260937E+3	1,595133E+0	4,260937E+3	-1,978625E-1	4,260937E+3	1,865411E+0	4,260937E+3	-3,580138E-1
4,262500E+3	1,067290E+0	4,262500E+3	7,124797E-2	4,262500E+3	1,065953E+0	4,262500E+3	7,418538E-2	4,262500E+3	1,076983E+0	4,262500E+3	7,355074E-2	4,262500E+3	1,124313E+0	4,262500E+3	4,980994E-2	4,262500E+3	1,346920E+0	4,262500E+3	-7,351692E-2	4,262500E+3	1,576037E+0	4,262500E+3	-2,063044E-1	4,262500E+3	1,856828E+0	4,262500E+3	-3,194368E-1
4,264062E+3	1,071473E+0	4,264062E+3	8,122603E-2	4,264062E+3	1,072342E+0	4,264062E+3	8,427973E-2	4,264062E+3	1,077471E+0	4,264062E+3	8,666042E-2	4,264062E+3	1,125018E+0	4,264062E+3	6,149735E-2	4,264062E+3	1,348745E+0	4,264062E+3	-7,161487E-2	4,264062E+3	1,589162E+0	4,264062E+3	-1,935397E-1	4,264062E+3	1,847404E+0	4,264062E+3	-2,918788E-1
4,265625E+3	1,075351E+0	4,265625E+3	9,589063E-2	4,265625E+3	1,073953E+0	4,265625E+3	9,518131E-2	4,265625E+3	1,078921E+0	4,265625E+3	9,679120E-2	4,265625E+3	1,131394E+0	4,265625E+3	6,799296E-2	4,265625E+3	1,362861E+0	4,265625E+3	-4,676425E-2	4,265625E+3	1,589492E+0	4,265625E+3	-1,855062E-1	4,265625E+3	1,867237E+0	4,265625E+3	-3,059685E-1
4,267187E+3	1,067052E+0	4,267187E+3	1,075668E-1	4,267187E+3	1,074042E+0	4,267187E+3	1,110086E-1	4,267187E+3	1,078994E+0	4,267187E+3	1,058624E-1	4,267187E+3	1,131327E+0	4,267187E+3	7,416715E-2	4,267187E+3	1,365331E+0	4,267187E+3	-3,429727E-2	4,267187E+3	1,584262E+0	4,267187E+3	-1,651050E-1	4,267187E+3	1,849320E+0	4,267187E+3	-3,146836E-1
4,268750E+3	1,063187E+0	4,268750E+3	1,230664E-1	4,268750E+3	1,073121E+0	4,268750E+3	1,216761E-1	4,268750E+3	1,081915E+0	4,268750E+3	1,177773E-1	4,268750E+3	1,134884E+0	4,268750E+3	8,299940E-2	4,268750E+3	1,356734E+0	4,268750E+3	-3,296884E-2	4,268750E+3	1,566304E+0	4,268750E+3	-1,599895E-1	4,268750E+3	1,831630E+0	4,268750E+3	-2,895202E-1
4,270312E+3	1,078682E+0	4,270312E+3	1,184105E-1	4,270312E+3	1,074457E+0	4,270312E+3	1,308515E-1	4,270312E+3	1,085514E+0	4,270312E+3	1,271080E-1	4,270312E+3	1,139239E+0	4,270312E+3	9,473179E-2	4,270312E+3	1,352291E+0	4,270312E+3	-3,037370E-2	4,270312E+3	1,590511E+0	4,270312E+3	-1,507604E-1	4,270312E+3	1,830203E+0	4,270312E+3	-2,715470E-1
4,271875E+3	1,092331E+0	4,271875E+3	1,382528E-1	4,271875E+3	1,079867E+0	4,271875E+3	1,449798E-1	4,271875E+3	1,089098E+0	4,271875E+3	1,379716E-1	4,271875E+3	1,142063E+0	4,271875E+3	1,016123E-1	4,271875E+3	1,366541E+0	4,271875E+3	-1,853834E-2	4,271875E+3	1,604963E+0	4,271875E+3	-1,655785E-1	4,271875E+3	1,893457E+0	4,271875E+3	-3,046514E-1
4,273437E+3	1,087885E+0	4,273437E+3	1,530040E-1	4,273437E+3	1,082638E+0	4,273437E+3	1,525181E-1	4,273437E+3	1,092239E+0	4,273437E+3	1,462336E-1	4,273437E+3	1,146195E+0	4,273437E+3	1,125537E-1	4,273437E+3	1,373367E+0	4,273437E+3	-3,425569E-3	4,273437E+3	1,615124E+0	4,273437E+3	-1,513957E-1	4,273437E+3	1,899194E+0	4,273437E+3	-3,039737E-1
4,275000E+3	1,084336E+0	4,275000E+3	1,587660E-1	4,275000E+3	1,083534E+0	4,275000E+3	1,619120E-1	4,275000E+3	1,095376E+0	4,275000E+3	1,597820E-1	4,275000E+3	1,146295E+0	4,275000E+3	1,263618E-1	4,275000E+3	1,359827E+0	4,275000E+3	-3,859675E-3	4,275000E+3	1,618690E+0	4,275000E+3	-1,324522E-1	4,275000E+3	1,885043E+0	4,275000E+3	-2,864028E-1
4,276562E+3	1,081635E+0	4,276562E+3	1,789624E-1	4,276562E+3	1,087815E+0	4,276562E+3	1,718207E-1	4,276562E+3	1,098400E+0	4,276562E+3	1,696144E-1	4,276562E+3	1,149446E+0	4,276562E+3	1,369900E-1	4,276562E+3	1,356673E+0	4,276562E+3	6,990373E-3	4,276562E+3	1,609061E+0	4,276562E+3	-1,101205E-1	4,276562E+3	1,864884E+0	4,276562E+3	-2,577303E-1
4,278125E+3	1,100560E+0	4,278125E+3	1,904210E-1	4,278125E+3	1,088825E+0	4,278125E+3	1,814238E-1	4,278125E+3	1,098344E+0	4,278125E+3	1,791361E-1	4,278125E+3	1,151191E+0	4,278125E+3	1,489184E-1	4,278125E+3	1,380863E+0	4,278125E+3	1,992129E-2	4,278125E+3	1,607944E+0	4,278125E+3	-8,889948E-2	4,278125E+3	1,867922E+0	4,278125E+3	-2,849414E-1
4,279687E+3	1,102575E+0	4,279687E+3	1,900265E-1	4,279687E+3	1,089764E+0	4,279687E+3	1,954242E-1	4,279687E+3	1,104090E+0	4,279687E+3	1,904957E-1	4,279687E+3	1,156626E+0	4,279687E+3	1,615232E-1	4,279687E+3	1,380414E+0	4,279687E+3	1,498689E-2	4,279687E+3	1,585390E+0	4,279687E+3	-9,992886E-2	4,279687E+3	1,842221E+0	4,279687E+3	-2,548929E-1
4,281250E+3	1,101864E+0	4,281250E+3	1,993755E-1	4,281250E+3	1,096122E+0	4,281250E+3	2,069852E-1	4,281250E+3	1,105171E+0	4,281250E+3	2,043041E-1	4,281250E+3	1,159250E+0	4,281250E+3	1,712949E-1	4,281250E+3	1,384265E+0	4,281250E+3	2,211624E-2	4,281250E+3	1,583784E+0	4,281250E+3	-1,094920E-1	4,281250E+3	1,859161E+0	4,281250E+3	-2,370244E-1
4,282812E+3	1,105695E+0	4,282812E+3	2,151956E-1	4,282812E+3	1,098097E+0	4,282812E+3	2,180727E-1	4,282812E+3	1,107639E+0	4,282812E+3	2,135964E-1	4,282812E+3	1,161682E+0	4,282812E+3	1,813270E-1	4,282812E+3	1,375879E+0	4,282812E+3	3,326553E-2	4,282812E+3	1,617046E+0	4,282812E+3	-1,108094E-1	4,282812E+3	1,870734E+0	4,282812E+3	-2,193622E-1
4,284375E+3	1,108335E+0	4,284375E+3	2,290325E-1	4,284375E+3	1,103967E+0	4,284375E+3	2,287624E-1	4,284375E+3	1,112609E+0	4,284375E+3	2,259460E-1	4,284375E+3	1,163471E+0	4,284375E+3	1,892899E-1	4,284375E+3	1,375545E+0	4,284375E+3	5,333634E-2	4,284375E+3	1,636773E+0	4,284375E+3	-8,953951E-2	4,284375E+3	1,886445E+0	4,284375E+3	-2,593202E-1
4,285937E+3	1,105645E+0	4,285937E+3	2,457532E-1	4,285937E+3	1,104981E+0	4,285937E+3	2,427513E-1	4,285937E+3	1,113702E+0	4,285937E+3	2,378945E-1	4,285937E+3	1,165485E+0	4,285937E+3	1,999358E-1	4,285937E+3	1,371583E+0	4,285937E+3	6,492438E-2	4,285937E+3	1,634074E+0	4,285937E+3	-8,983107E-2	4,285937E+3	1,874823E+0	4,285937E+3	-2,393751E-1
4,287500E+3	1,106584E+0	4,287500E+3	2,598406E-1	4,287500E+3	1,107111E+0	4,287500E+3	2,539803E-1	4,287500E+3	1,117660E+0	4,287500E+3	2,478283E-1	4,287500E+3	1,173891E+0	4,287500E+3	2,172219E-1	4,287500E+3	1,393429E+0	4,287500E+3	6,531838E-2	4,287500E+3	1,642903E+0	4,287500E+3	-1,038539E-1	4,287500E+3	1,949814E+0	4,287500E+3	-1,976850E-1
4,289062E+3	1,128107E+0	4,289062E+3	2,706816E-1	4,289062E+3	1,113576E+0	4,289062E+3	2,654220E-1	4,289062E+3	1,122340E+0	4,289062E+3	2,579961E-1	4,289062E+3	1,176761E+0	4,289062E+3	2,210798E-1	4,289062E+3	1,400988E+0	4,289062E+3	7,723498E-2	4,289062E+3	1,624588E+0	4,289062E+3	-9,726222E-2	4,289062E+3	1,949536E+0	4,289062E+3	-1,961505E-1
4,290625E+3	1,122499E+0	4,290625E+3	2,895814E-1	4,290625E+3	1,115448E+0	4,290625E+3	2,768962E-1	4,290625E+3	1,121955E+0	4,290625E+3	2,712509E-1	4,290625E+3	1,176640E+0	4,290625E+3	2,309009E-1	4,290625E+3	1,391459E+0	4,290625E+3	9,701733E-2	4,290625E+3	1,615713E+0	4,290625E+3	-6,620254E-2	4,290625E+3	1,938032E+0	4,290625E+3	-2,122716E-1
4,292187E+3	1,126255E+0	4,292187E+3	2,908702E-1	4,292187E+3	1,118649E+0	4,292187E+3	2,890395E-1	4,292187E+3	1,125685E+0	4,292187E+3	2,845230E-1	4,292187E+3	1,178247E+0	4,292187E+3	2,436872E-1	4,292187E+3	1,400413E+0	4,292187E+3	1,026015E-1	4,292187E+3	1,658247E+0	4,292187E+3	-2,727393E-2	4,292187E+3	1,920930E+0	4,292187E+3	-2,475691E-1
4,293750E+3	1,121341E+0	4,293750E+3	3,014409E-1	4,293750E+3	1,117998E+0	4,293750E+3	3,000824E-1	4,293750E+3	1,128108E+0	4,293750E+3	2,929608E-1	4,293750E+3	1,178456E+0	4,293750E+3	2,575929E-1	4,293750E+3	1,388818E+0	4,293750E+3	9,545590E-2	4,293750E+3	1,636943E+0	4,293750E+3	-3,860144E-2	4,293750E+3	1,887829E+0	4,293750E+3	-2,471970E-1
4,295312E+3	1,123187E+0	4,295312E+3	3,063497E-1	4,295312E+3	1,123758E+0	4,295312E+3	3,120920E-1	4,295312E+3	1,129349E+0	4,295312E+3	3,070166E-1	4,295312E+3	1,183860E+0	4,295312E+3	2,675457E-1	4,295312E+3	1,392013E+0	4,295312E+3	1,147658E-1	4,295312E+3	1,635939E+0	4,295312E+3	-5,838688E-2	4,295312E+3	1,887364E+0	4,295312E+3	-2,235654E-1
4,296875E+3	1,132563E+0	4,296875E+3	3,253297E-1	4,296875E+3	1,124302E+0	4,296875E+3	3,213581E-1	4,296875E+3	1,136363E+0	4,296875E+3	3,181442E-1	4,296875E+3	1,185698E+0	4,296875E+3	2,770579E-1	4,296875E+3	1,422135E+0	4,296875E+3	1,257578E-1	4,296875E+3	1,650589E+0	4,296875E+3	-3,763193E-2	4,296875E+3	1,857098E+0	4,296875E+3	-1,545707E-1
4,298437E+3	1,128898E+0	4,298437E+3	3,323544E-1	4,298437E+3	1,126546E+0	4,298437E+3	3,281279E-1	4,298437E+3	1,138760E+0	4,298437E+3	3,291739E-1	4,298437E+3	1,190724E+0	4,298437E+3	2,916927E-1	4,298437E+3	1,419528E+0	4,298437E+3	1,469109E-1	4,298437E+3	1,642931E+0	4,298437E+3	-2,673489E-2	4,298437E+3	1,927487E+0	4,298437E+3	-2,154626E-1
4,300000E+3	1,139242E+0	4,300000E+3	3,527652E-1	4,300000E+3	1,134597E+0	4,300000E+3	3,395431E-1	4,300000E+3	1,143807E+0	4,300000E+3	3,424796E-1	4,300000E+3	1,194633E+0	4,300000E+3	3,005248E-1	4,300000E+3	1,413304E+0	4,300000E+3	1,520942E-1	4,300000E+3	1,646787E+0	4,300000E+3	-8,700059E-3	4,300000E+3	1,930216E+0	4,300000E+3	-2,314924E-1
4,301562E+3	1,131887E+0	4,301562E+3	3,536313E-1	4,301562E+3	1,136861E+0	4,301562E+3	3,588366E-1	4,301562E+3	1,144832E+0	4,301562E+3	3,532368E-1	4,301562E+3	1,199839E+0	4,301562E+3	3,138366E-1	4,301562E+3	1,412230E+0	4,301562E+3	1,487527E-1	4,301562E+3	1,657803E+0	4,301562E+3	-4,269973E-3	4,301562E+3	1,948824E+0	4,301562E+3	-1,738628E-1
4,303125E+3	1,140288E+0	4,303125E+3	3,645965E-1	4,303125E+3	1,143438E+0	4,303125E+3	3,746325E-1	4,303125E+3	1,149801E+0	4,303125E+3	3,675724E-1	4,303125E+3	1,202902E+0	4,303125E+3	3,249733E-1	4,303125E+3	1,416204E+0	4,303125E+3	1,518354E-1	4,303125E+3	1,679251E+0	4,303125E+3	1,172813E-2	4,303125E+3	1,980585E+0	4,303125E+3	-1,398457E-1
4,304687E+3	1,138498E+0	4,304687E+3	3,793217E-1	4,304687E+3	1,143973E+0	4,304687E+3	3,843501E-1	4,304687E+3	1,153978E+0	4,304687E+3	3,809353E-1	4,304687E+3	1,202959E+0	4,304687E+3	3,383137E-1	4,304687E+3	1,433716E+0	4,304687E+3	1,758686E-1	4,304687E+3	1,705271E+0	4,304687E+3	1,850376E-3	4,304687E+3	2,009191E+0	4,304687E+3	-1,434905E-1
4,306250E+3	1,140423E+0	4,306250E+3	3,858419E-1	4,306250E+3	1,148538E+0	4,306250E+3	3,984276E-1	4,306250E+3	1,155492E+0	4,306250E+3	3,930993E-1	4,306250E+3	1,203753E+0	4,306250E+3	3,505614E-1	4,306250E+3	1,438362E+0	4,306250E+3	1,984839E-1	4,306250E+3	1,701226E+0	4,306250E+3	1,517788E-2	4,306250E+3	1,971381E+0	4,306250E+3	-1,662661E-1
4,307812E+3	1,173120E+0	4,307812E+3	4,048732E-1	4,307812E+3	1,152623E+0	4,307812E+3	4,060478E-1	4,307812E+3	1,160992E+0	4,307812E+3	4,051173E-1	4,307812E+3	1,213047E+0	4,307812E+3	3,602142E-1	4,307812E+3	1,432688E+0	4,307812E+3	1,959618E-1	4,307812E+3	1,670016E+0	4,307812E+3	4,881774E-2	4,307812E+3	1,977789E+0	4,307812E+3	-1,432426E-1
4,309375E+3	1,173828E+0	4,309375E+3	4,094732E-1	4,309375E+3	1,157467E+0	4,309375E+3	4,235137E-1	4,309375E+3	1,163533E+0	4,309375E+3	4,185899E-1	4,309375E+3	1,218767E+0	4,309375E+3	3,729466E-1	4,309375E+3	1,441058E+0	4,309375E+3	2,120379E-1	4,309375E+3	1,661598E+0	4,309375E+3	6,274740E-2	4,309375E+3	2,003591E+0	4,309375E+3	-1,536675E-1
4,310937E+3	1,176494E+0	4,310937E+3	4,280203E-1	4,310937E+3	1,161841E+0	4,310937E+3	4,380108E-1	4,310937E+3	1,166577E+0	4,310937E+3	4,304739E-1	4,310937E+3	1,222262E+0	4,310937E+3	3,858401E-1	4,310937E+3	1,451542E+0	4,310937E+3	2,084810E-1	4,310937E+3	1,676527E+0	4,310937E+3	3,617354E-2	4,310937E+3	2,016675E+0	4,310937E+3	-1,759653E-1
4,312500E+3	1,165318E+0	4,312500E+3	4,427591E-1	4,312500E+3	1,165194E+0	4,312500E+3	4,473409E-1	4,312500E+3	1,173554E+0	4,312500E+3	4,442852E-1	4,312500E+3	1,225241E+0	4,312500E+3	4,010464E-1	4,312500E+3	1,428048E+0	4,312500E+3	2,202246E-1	4,312500E+3	1,672912E+0	4,312500E+3	4,798237E-2	4,312500E+3	1,966807E+0	4,312500E+3	-1,331939E-1
4,314062E+3	1,172883E+0	4,314062E+3	4,492622E-1	4,314062E+3	1,169426E+0	4,314062E+3	4,637742E-1	4,314062E+3	1,180691E+0	4,314062E+3	4,560518E-1	4,314062E+3	1,227794E+0	4,314062E+3	4,130103E-1	4,314062E+3	1,441135E+0	4,314062E+3	2,434818E-1	4,314062E+3	1,679896E+0	4,314062E+3	4,974694E-2	4,314062E+3	1,965262E+0	4,314062E+3	-1,028448E-1
4,315625E+3	1,178327E+0	4,315625E+3	4,736496E-1	4,315625E+3	1,171709E+0	4,315625E+3	4,765539E-1	4,315625E+3	1,181259E+0	4,315625E+3	4,672975E-1	4,315625E+3	1,235092E+0	4,315625E+3	4,282073E-1	4,315625E+3	1,465599E+0	4,315625E+3	2,453118E-1	4,315625E+3	1,708877E+0	4,315625E+3	5,456423E-2	4,315625E+3	1,954759E+0	4,315625E+3	-1,122246E-1
4,317187E+3	1,179136E+0	4,317187E+3	4,883396E-1	4,317187E+3	1,176681E+0	4,317187E+3	4,877841E-1	4,317187E+3	1,183613E+0	4,317187E+3	4,804737E-1	4,317187E+3	1,239648E+0	4,317187E+3	4,398637E-1	4,317187E+3	1,452096E+0	4,317187E+3	2,620928E-1	4,317187E+3	1,714417E+0	4,317187E+3	9,156093E-2	4,317187E+3	1,956329E+0	4,317187E+3	-7,035947E-2
4,318750E+3	1,179486E+0	4,318750E+3	4,956093E-1	4,318750E+3	1,182331E+0	4,318750E+3	5,021142E-1	4,318750E+3	1,191168E+0	4,318750E+3	4,988876E-1	4,318750E+3	1,244553E+0	4,318750E+3	4,529857E-1	4,318750E+3	1,460158E+0	4,318750E+3	2,801373E-1	4,318750E+3	1,733386E+0	4,318750E+3	7,121201E-2	4,318750E+3	1,957783E+0	4,318750E+3	-5,839743E-2
4,320312E+3	1,182877E+0	4,320312E+3	5,142638E-1	4,320312E+3	1,182253E+0	4,320312E+3	5,141109E-1	4,320312E+3	1,192791E+0	4,320312E+3	5,124070E-1	4,320312E+3	1,245026E+0	4,320312E+3	4,692957E-1	4,320312E+3	1,476629E+0	4,320312E+3	2,796920E-1	4,320312E+3	1,702612E+0	4,320312E+3	8,065189E-2	4,320312E+3	1,960903E+0	4,320312E+3	-9,574931E-2
4,321875E+3	1,192733E+0	4,321875E+3	5,286854E-1	4,321875E+3	1,186078E+0	4,321875E+3	5,289929E-1	4,321875E+3	1,197592E+0	4,321875E+3	5,246201E-1	4,321875E+3	1,252191E+0	4,321875E+3	4,850388E-1	4,321875E+3	1,472332E+0	4,321875E+3	2,727704E-1	4,321875E+3	1,738546E+0	4,321875E+3	9,971437E-2	4,321875E+3	1,979100E+0	4,321875E+3	-8,529197E-2
4,323437E+3	1,196454E+0	4,323437E+3	5,333276E-1	4,323437E+3	1,197339E+0	4,323437E+3	5,442573E-1	4,323437E+3	1,201973E+0	4,323437E+3	5,355566E-1	4,323437E+3	1,257351E+0	4,323437E+3	4,956603E-1	4,323437E+3	1,479120E+0	4,323437E+3	2,954515E-1	4,323437E+3	1,770913E+0	4,323437E+3	8,728771E-2	4,323437E+3	1,974701E+0	4,323437E+3	-1,009191E-1
