Sample 1 - Real_Frequency [Hz]	Reflexion Coefficient on Cavity	Sample 1 - Imag_Frequency [Hz]	Reflexion Coefficient on Cavity	Sample 2 - Real_Frequency [Hz]	Reflexion Coefficient on Cavity	Sample 2 - Imag_Frequency [Hz]	Reflexion Coefficient on Cavity	Sample 3 - Real_Frequency [Hz]	Reflexion Coefficient on Cavity	Sample 3 - Imag_Frequency [Hz]	Reflexion Coefficient on Cavity	Sample 4 - Real_Frequency [Hz]	Reflexion Coefficient on Cavity	Sample 4 - Imag_Frequency [Hz]	Reflexion Coefficient on Cavity	Sample 5 - Real_Frequency [Hz]	Reflexion Coefficient on Cavity	Sample 5 - Imag_Frequency [Hz]	Reflexion Coefficient on Cavity	Sample 6 - Real_Frequency [Hz]	Reflexion Coefficient on Cavity	Sample 6 - Imag_Frequency [Hz]	Reflexion Coefficient on Cavity	Sample 7 - Real_Frequency [Hz]	Reflexion Coefficient on Cavity	Sample 7 - Imag_Frequency [Hz]	Reflexion Coefficient on Cavity	
3,000000E+2	2,507771E-1	3,000000E+2	-3,646739E-1	3,000000E+2	2,679591E-1	3,000000E+2	-3,649312E-1	3,000000E+2	3,438545E-1	3,000000E+2	-3,555717E-1	3,000000E+2	5,093624E-1	3,000000E+2	-3,283981E-1	3,000000E+2	6,532166E-1	3,000000E+2	-2,649535E-1	3,000000E+2	7,015802E-1	3,000000E+2	-2,271981E-1	3,000000E+2	7,277034E-1	3,000000E+2	-2,009697E-1
3,015625E+2	2,609526E-1	3,015625E+2	-3,572788E-1	3,015625E+2	2,701070E-1	3,015625E+2	-3,574939E-1	3,015625E+2	3,455842E-1	3,015625E+2	-3,452766E-1	3,015625E+2	5,084633E-1	3,015625E+2	-3,171559E-1	3,015625E+2	6,517000E-1	3,015625E+2	-2,559976E-1	3,015625E+2	7,030068E-1	3,015625E+2	-2,237435E-1	3,015625E+2	7,307961E-1	3,015625E+2	-1,960765E-1
3,031250E+2	2,485035E-1	3,031250E+2	-3,408590E-1	3,031250E+2	2,670537E-1	3,031250E+2	-3,399607E-1	3,031250E+2	3,454976E-1	3,031250E+2	-3,388188E-1	3,031250E+2	5,103200E-1	3,031250E+2	-3,110625E-1	3,031250E+2	6,577439E-1	3,031250E+2	-2,482323E-1	3,031250E+2	7,050720E-1	3,031250E+2	-2,166396E-1	3,031250E+2	7,323878E-1	3,031250E+2	-1,952974E-1
3,046875E+2	2,288505E-1	3,046875E+2	-3,262373E-1	3,046875E+2	2,489046E-1	3,046875E+2	-3,262070E-1	3,046875E+2	3,335253E-1	3,046875E+2	-3,325134E-1	3,046875E+2	5,007754E-1	3,046875E+2	-3,134116E-1	3,046875E+2	6,556433E-1	3,046875E+2	-2,570053E-1	3,046875E+2	6,956913E-1	3,046875E+2	-2,225203E-1	3,046875E+2	7,314496E-1	3,046875E+2	-1,954428E-1
3,062500E+2	2,271565E-1	3,062500E+2	-2,997313E-1	3,062500E+2	2,382715E-1	3,062500E+2	-3,105115E-1	3,062500E+2	3,246117E-1	3,062500E+2	-3,269764E-1	3,062500E+2	4,903782E-1	3,062500E+2	-3,100475E-1	3,062500E+2	6,501205E-1	3,062500E+2	-2,563249E-1	3,062500E+2	7,003946E-1	3,062500E+2	-2,224487E-1	3,062500E+2	7,273229E-1	3,062500E+2	-1,951153E-1
3,078125E+2	2,234248E-1	3,078125E+2	-2,830110E-1	3,078125E+2	2,366543E-1	3,078125E+2	-3,015330E-1	3,078125E+2	3,257080E-1	3,078125E+2	-3,129409E-1	3,078125E+2	4,926100E-1	3,078125E+2	-3,003182E-1	3,078125E+2	6,430789E-1	3,078125E+2	-2,543079E-1	3,078125E+2	7,008816E-1	3,078125E+2	-2,195331E-1	3,078125E+2	7,271306E-1	3,078125E+2	-1,913565E-1
3,093750E+2	2,196753E-1	3,093750E+2	-2,827160E-1	3,093750E+2	2,342398E-1	3,093750E+2	-2,929608E-1	3,093750E+2	3,220684E-1	3,093750E+2	-3,026389E-1	3,093750E+2	4,938723E-1	3,093750E+2	-2,986520E-1	3,093750E+2	6,475730E-1	3,093750E+2	-2,526541E-1	3,093750E+2	6,974989E-1	3,093750E+2	-2,157694E-1	3,093750E+2	7,295626E-1	3,093750E+2	-1,892632E-1
3,109375E+2	2,146650E-1	3,109375E+2	-2,711217E-1	3,109375E+2	2,310460E-1	3,109375E+2	-2,820400E-1	3,109375E+2	3,180575E-1	3,109375E+2	-2,948309E-1	3,109375E+2	4,892618E-1	3,109375E+2	-3,025834E-1	3,109375E+2	6,434474E-1	3,109375E+2	-2,491574E-1	3,109375E+2	6,964929E-1	3,109375E+2	-2,166763E-1	3,109375E+2	7,251981E-1	3,109375E+2	-1,950306E-1
3,125000E+2	2,339647E-1	3,125000E+2	-2,665148E-1	3,125000E+2	2,313581E-1	3,125000E+2	-2,796986E-1	3,125000E+2	3,176190E-1	3,125000E+2	-2,907102E-1	3,125000E+2	4,881739E-1	3,125000E+2	-3,057821E-1	3,125000E+2	6,451313E-1	3,125000E+2	-2,531973E-1	3,125000E+2	6,968864E-1	3,125000E+2	-2,240930E-1	3,125000E+2	7,340938E-1	3,125000E+2	-1,980909E-1
3,140625E+2	2,036586E-1	3,140625E+2	-2,672692E-1	3,140625E+2	2,285109E-1	3,140625E+2	-2,678023E-1	3,140625E+2	3,084309E-1	3,140625E+2	-2,873369E-1	3,140625E+2	4,875672E-1	3,140625E+2	-3,028622E-1	3,140625E+2	6,451529E-1	3,140625E+2	-2,564299E-1	3,140625E+2	6,969327E-1	3,140625E+2	-2,214136E-1	3,140625E+2	7,317170E-1	3,140625E+2	-2,009695E-1
3,156250E+2	2,012410E-1	3,156250E+2	-2,433712E-1	3,156250E+2	2,277673E-1	3,156250E+2	-2,493619E-1	3,156250E+2	3,052485E-1	3,156250E+2	-2,731523E-1	3,156250E+2	4,893847E-1	3,156250E+2	-2,848549E-1	3,156250E+2	6,417989E-1	3,156250E+2	-2,526110E-1	3,156250E+2	6,965699E-1	3,156250E+2	-2,171007E-1	3,156250E+2	7,217561E-1	3,156250E+2	-1,973620E-1
3,171875E+2	2,129345E-1	3,171875E+2	-2,255813E-1	3,171875E+2	2,259702E-1	3,171875E+2	-2,338465E-1	3,171875E+2	3,089380E-1	3,171875E+2	-2,662253E-1	3,171875E+2	4,880317E-1	3,171875E+2	-2,778042E-1	3,171875E+2	6,442704E-1	3,171875E+2	-2,527243E-1	3,171875E+2	7,029616E-1	3,171875E+2	-2,120268E-1	3,171875E+2	7,254892E-1	3,171875E+2	-1,882070E-1
3,187500E+2	2,027662E-1	3,187500E+2	-1,771837E-1	3,187500E+2	2,242849E-1	3,187500E+2	-2,113898E-1	3,187500E+2	3,043911E-1	3,187500E+2	-2,512130E-1	3,187500E+2	4,848217E-1	3,187500E+2	-2,717503E-1	3,187500E+2	6,402071E-1	3,187500E+2	-2,431277E-1	3,187500E+2	6,975752E-1	3,187500E+2	-2,090828E-1	3,187500E+2	7,330088E-1	3,187500E+2	-1,860111E-1
3,203125E+2	2,058128E-1	3,203125E+2	-1,841582E-1	3,203125E+2	2,229646E-1	3,203125E+2	-1,975499E-1	3,203125E+2	3,018962E-1	3,203125E+2	-2,348874E-1	3,203125E+2	4,739011E-1	3,203125E+2	-2,669181E-1	3,203125E+2	6,303935E-1	3,203125E+2	-2,381325E-1	3,203125E+2	6,907803E-1	3,203125E+2	-2,122691E-1	3,203125E+2	7,307610E-1	3,203125E+2	-1,899225E-1
3,218750E+2	2,026816E-1	3,218750E+2	-1,753811E-1	3,218750E+2	2,155667E-1	3,218750E+2	-1,887776E-1	3,218750E+2	3,073020E-1	3,218750E+2	-2,276007E-1	3,218750E+2	4,697157E-1	3,218750E+2	-2,659921E-1	3,218750E+2	6,348051E-1	3,218750E+2	-2,464597E-1	3,218750E+2	6,937466E-1	3,218750E+2	-2,199626E-1	3,218750E+2	7,177142E-1	3,218750E+2	-1,885717E-1
3,234375E+2	2,088409E-1	3,234375E+2	-1,746663E-1	3,234375E+2	2,161396E-1	3,234375E+2	-1,742820E-1	3,234375E+2	3,010349E-1	3,234375E+2	-2,141304E-1	3,234375E+2	4,639068E-1	3,234375E+2	-2,618640E-1	3,234375E+2	6,362173E-1	3,234375E+2	-2,416271E-1	3,234375E+2	6,938313E-1	3,234375E+2	-2,211400E-1	3,234375E+2	7,203229E-1	3,234375E+2	-1,844049E-1
3,250000E+2	1,864918E-1	3,250000E+2	-1,669931E-1	3,250000E+2	2,138075E-1	3,250000E+2	-1,639571E-1	3,250000E+2	2,903474E-1	3,250000E+2	-2,172278E-1	3,250000E+2	4,647920E-1	3,250000E+2	-2,652429E-1	3,250000E+2	6,315230E-1	3,250000E+2	-2,438366E-1	3,250000E+2	6,947795E-1	3,250000E+2	-2,160400E-1	3,250000E+2	7,274500E-1	3,250000E+2	-1,929115E-1
3,265625E+2	1,750452E-1	3,265625E+2	-1,516684E-1	3,265625E+2	2,189847E-1	3,265625E+2	-1,506490E-1	3,265625E+2	2,947396E-1	3,265625E+2	-2,036074E-1	3,265625E+2	4,695659E-1	3,265625E+2	-2,657113E-1	3,265625E+2	6,311362E-1	3,265625E+2	-2,466340E-1	3,265625E+2	6,894795E-1	3,265625E+2	-2,212930E-1	3,265625E+2	7,213562E-1	3,265625E+2	-1,955137E-1
3,281250E+2	1,873552E-1	3,281250E+2	-1,543172E-1	3,281250E+2	2,202240E-1	3,281250E+2	-1,405580E-1	3,281250E+2	2,978416E-1	3,281250E+2	-1,952306E-1	3,281250E+2	4,790739E-1	3,281250E+2	-2,612372E-1	3,281250E+2	6,367582E-1	3,281250E+2	-2,450072E-1	3,281250E+2	6,917815E-1	3,281250E+2	-2,200664E-1	3,281250E+2	7,199679E-1	3,281250E+2	-1,978797E-1
3,296875E+2	2,018765E-1	3,296875E+2	-1,245024E-1	3,296875E+2	2,162186E-1	3,296875E+2	-1,279768E-1	3,296875E+2	2,968880E-1	3,296875E+2	-1,867561E-1	3,296875E+2	4,816624E-1	3,296875E+2	-2,551992E-1	3,296875E+2	6,349841E-1	3,296875E+2	-2,400571E-1	3,296875E+2	6,872639E-1	3,296875E+2	-2,142951E-1	3,296875E+2	7,221481E-1	3,296875E+2	-1,995302E-1
3,312500E+2	2,058486E-1	3,312500E+2	-1,125973E-1	3,312500E+2	2,223013E-1	3,312500E+2	-1,132457E-1	3,312500E+2	2,919804E-1	3,312500E+2	-1,743869E-1	3,312500E+2	4,666877E-1	3,312500E+2	-2,504613E-1	3,312500E+2	6,288611E-1	3,312500E+2	-2,389131E-1	3,312500E+2	6,807487E-1	3,312500E+2	-2,126102E-1	3,312500E+2	7,163738E-1	3,312500E+2	-1,939351E-1
3,328125E+2	2,097086E-1	3,328125E+2	-9,702066E-2	3,328125E+2	2,288232E-1	3,328125E+2	-1,011538E-1	3,328125E+2	2,980589E-1	3,328125E+2	-1,684545E-1	3,328125E+2	4,660446E-1	3,328125E+2	-2,494536E-1	3,328125E+2	6,345085E-1	3,328125E+2	-2,388005E-1	3,328125E+2	6,881753E-1	3,328125E+2	-2,136937E-1	3,328125E+2	7,196571E-1	3,328125E+2	-1,844178E-1
3,343750E+2	2,157078E-1	3,343750E+2	-1,037796E-1	3,343750E+2	2,313657E-1	3,343750E+2	-9,522754E-2	3,343750E+2	3,013209E-1	3,343750E+2	-1,571647E-1	3,343750E+2	4,727651E-1	3,343750E+2	-2,474039E-1	3,343750E+2	6,325514E-1	3,343750E+2	-2,422750E-1	3,343750E+2	6,972411E-1	3,343750E+2	-2,181910E-1	3,343750E+2	7,251428E-1	3,343750E+2	-1,883792E-1
3,359375E+2	2,415879E-1	3,359375E+2	-8,165696E-2	3,359375E+2	2,343519E-1	3,359375E+2	-7,604037E-2	3,359375E+2	2,991309E-1	3,359375E+2	-1,444727E-1	3,359375E+2	4,631328E-1	3,359375E+2	-2,265756E-1	3,359375E+2	6,310217E-1	3,359375E+2	-2,291349E-1	3,359375E+2	6,836151E-1	3,359375E+2	-2,087388E-1	3,359375E+2	7,125419E-1	3,359375E+2	-1,901803E-1
3,375000E+2	2,404240E-1	3,375000E+2	-3,957027E-2	3,375000E+2	2,413249E-1	3,375000E+2	-5,328212E-2	3,375000E+2	3,028081E-1	3,375000E+2	-1,308660E-1	3,375000E+2	4,537818E-1	3,375000E+2	-2,136357E-1	3,375000E+2	6,157532E-1	3,375000E+2	-2,223053E-1	3,375000E+2	6,740935E-1	3,375000E+2	-2,101856E-1	3,375000E+2	7,061211E-1	3,375000E+2	-1,938150E-1
3,390625E+2	2,309765E-1	3,390625E+2	-3,707758E-2	3,390625E+2	2,386701E-1	3,390625E+2	-4,542330E-2	3,390625E+2	3,031107E-1	3,390625E+2	-1,213829E-1	3,390625E+2	4,555716E-1	3,390625E+2	-2,149894E-1	3,390625E+2	6,214242E-1	3,390625E+2	-2,287380E-1	3,390625E+2	6,727688E-1	3,390625E+2	-2,125933E-1	3,390625E+2	7,108009E-1	3,390625E+2	-1,859446E-1
3,406250E+2	2,369890E-1	3,406250E+2	-4,886263E-2	3,406250E+2	2,447522E-1	3,406250E+2	-4,174915E-2	3,406250E+2	2,992147E-1	3,406250E+2	-1,194256E-1	3,406250E+2	4,614716E-1	3,406250E+2	-2,214666E-1	3,406250E+2	6,258017E-1	3,406250E+2	-2,398344E-1	3,406250E+2	6,686968E-1	3,406250E+2	-2,139442E-1	3,406250E+2	7,191242E-1	3,406250E+2	-1,886730E-1
3,421875E+2	2,547748E-1	3,421875E+2	-4,678014E-2	3,421875E+2	2,550629E-1	3,421875E+2	-2,775531E-2	3,421875E+2	3,029479E-1	3,421875E+2	-1,132889E-1	3,421875E+2	4,687317E-1	3,421875E+2	-2,112448E-1	3,421875E+2	6,358914E-1	3,421875E+2	-2,347114E-1	3,421875E+2	6,787907E-1	3,421875E+2	-2,121406E-1	3,421875E+2	7,171575E-1	3,421875E+2	-1,885862E-1
3,437500E+2	2,556974E-1	3,437500E+2	-1,854986E-2	3,437500E+2	2,605059E-1	3,437500E+2	-1,311773E-2	3,437500E+2	3,104343E-1	3,437500E+2	-9,737761E-2	3,437500E+2	4,663691E-1	3,437500E+2	-2,052572E-1	3,437500E+2	6,203384E-1	3,437500E+2	-2,299200E-1	3,437500E+2	6,757451E-1	3,437500E+2	-2,120742E-1	3,437500E+2	7,106617E-1	3,437500E+2	-1,801718E-1
3,453125E+2	2,455590E-1	3,453125E+2	-3,332088E-4	3,453125E+2	2,669695E-1	3,453125E+2	-1,486897E-3	3,453125E+2	3,167594E-1	3,453125E+2	-8,149919E-2	3,453125E+2	4,522598E-1	3,453125E+2	-1,986432E-1	3,453125E+2	6,122527E-1	3,453125E+2	-2,249793E-1	3,453125E+2	6,709616E-1	3,453125E+2	-2,023908E-1	3,453125E+2	7,118284E-1	3,453125E+2	-1,723645E-1
3,468750E+2	2,540737E-1	3,468750E+2	-9,969635E-4	3,468750E+2	2,781699E-1	3,468750E+2	5,068289E-3	3,468750E+2	3,198908E-1	3,468750E+2	-7,438867E-2	3,468750E+2	4,568555E-1	3,468750E+2	-1,964462E-1	3,468750E+2	6,149576E-1	3,468750E+2	-2,228087E-1	3,468750E+2	6,742560E-1	3,468750E+2	-2,033367E-1	3,468750E+2	7,165496E-1	3,468750E+2	-1,757847E-1
3,484375E+2	2,703062E-1	3,484375E+2	1,827515E-2	3,484375E+2	2,815609E-1	3,484375E+2	1,311411E-2	3,484375E+2	3,214601E-1	3,484375E+2	-7,175150E-2	3,484375E+2	4,541667E-1	3,484375E+2	-1,906853E-1	3,484375E+2	6,218247E-1	3,484375E+2	-2,186384E-1	3,484375E+2	6,777516E-1	3,484375E+2	-2,022988E-1	3,484375E+2	7,134381E-1	3,484375E+2	-1,846656E-1
3,500000E+2	2,694986E-1	3,500000E+2	2,805119E-2	3,500000E+2	2,790443E-1	3,500000E+2	1,207045E-2	3,500000E+2	3,162199E-1	3,500000E+2	-7,250088E-2	3,500000E+2	4,501067E-1	3,500000E+2	-1,996042E-1	3,500000E+2	6,132975E-1	3,500000E+2	-2,357008E-1	3,500000E+2	6,774089E-1	3,500000E+2	-2,157910E-1	3,500000E+2	7,105205E-1	3,500000E+2	-2,007446E-1
3,515625E+2	2,852652E-1	3,515625E+2	4,951230E-2	3,515625E+2	2,883134E-1	3,515625E+2	2,630269E-2	3,515625E+2	3,234405E-1	3,515625E+2	-5,874734E-2	3,515625E+2	4,475670E-1	3,515625E+2	-1,929973E-1	3,515625E+2	6,020076E-1	3,515625E+2	-2,328890E-1	3,515625E+2	6,706943E-1	3,515625E+2	-2,056276E-1	3,515625E+2	6,945772E-1	3,515625E+2	-1,895919E-1
3,531250E+2	2,970902E-1	3,531250E+2	5,908747E-2	3,531250E+2	2,942562E-1	3,531250E+2	4,278273E-2	3,531250E+2	3,334828E-1	3,531250E+2	-4,725697E-2	3,531250E+2	4,558495E-1	3,531250E+2	-1,840018E-1	3,531250E+2	6,014817E-1	3,531250E+2	-2,207602E-1	3,531250E+2	6,636845E-1	3,531250E+2	-2,039129E-1	3,531250E+2	6,924303E-1	3,531250E+2	-1,852284E-1
3,546875E+2	2,926615E-1	3,546875E+2	6,074385E-2	3,546875E+2	3,010022E-1	3,546875E+2	5,166538E-2	3,546875E+2	3,330790E-1	3,546875E+2	-3,967559E-2	3,546875E+2	4,554302E-1	3,546875E+2	-1,779465E-1	3,546875E+2	6,024946E-1	3,546875E+2	-2,197339E-1	3,546875E+2	6,578327E-1	3,546875E+2	-2,055604E-1	3,546875E+2	6,926679E-1	3,546875E+2	-1,882608E-1
3,562500E+2	3,101709E-1	3,562500E+2	6,061020E-2	3,562500E+2	3,164809E-1	3,562500E+2	4,777474E-2	3,562500E+2	3,422110E-1	3,562500E+2	-3,896863E-2	3,562500E+2	4,613726E-1	3,562500E+2	-1,738941E-1	3,562500E+2	6,087089E-1	3,562500E+2	-2,206578E-1	3,562500E+2	6,650815E-1	3,562500E+2	-2,019228E-1	3,562500E+2	6,977654E-1	3,562500E+2	-1,907196E-1
3,578125E+2	3,314224E-1	3,578125E+2	7,051684E-2	3,578125E+2	3,200632E-1	3,578125E+2	5,958420E-2	3,578125E+2	3,410607E-1	3,578125E+2	-3,091426E-2	3,578125E+2	4,556808E-1	3,578125E+2	-1,721332E-1	3,578125E+2	6,074799E-1	3,578125E+2	-2,123645E-1	3,578125E+2	6,650267E-1	3,578125E+2	-2,082711E-1	3,578125E+2	6,982837E-1	3,578125E+2	-1,923525E-1
3,593750E+2	3,359201E-1	3,593750E+2	8,279140E-2	3,593750E+2	3,283519E-1	3,593750E+2	6,687630E-2	3,593750E+2	3,525016E-1	3,593750E+2	-2,234895E-2	3,593750E+2	4,585686E-1	3,593750E+2	-1,758185E-1	3,593750E+2	6,131192E-1	3,593750E+2	-2,079831E-1	3,593750E+2	6,672070E-1	3,593750E+2	-2,090430E-1	3,593750E+2	7,072022E-1	3,593750E+2	-1,878981E-1
3,609375E+2	3,381517E-1	3,609375E+2	8,613618E-2	3,609375E+2	3,335122E-1	3,609375E+2	7,533347E-2	3,609375E+2	3,529638E-1	3,609375E+2	-1,770895E-2	3,609375E+2	4,507614E-1	3,609375E+2	-1,705444E-1	3,609375E+2	6,127849E-1	3,609375E+2	-2,133998E-1	3,609375E+2	6,524979E-1	3,609375E+2	-2,028408E-1	3,609375E+2	7,001283E-1	3,609375E+2	-1,868013E-1
3,625000E+2	3,313390E-1	3,625000E+2	9,558368E-2	3,625000E+2	3,404115E-1	3,625000E+2	8,029286E-2	3,625000E+2	3,492463E-1	3,625000E+2	-1,161962E-2	3,625000E+2	4,448003E-1	3,625000E+2	-1,695763E-1	3,625000E+2	5,970823E-1	3,625000E+2	-2,175489E-1	3,625000E+2	6,516289E-1	3,625000E+2	-1,975511E-1	3,625000E+2	6,822942E-1	3,625000E+2	-1,964721E-1
3,640625E+2	3,373847E-1	3,640625E+2	1,147099E-1	3,640625E+2	3,509866E-1	3,640625E+2	8,643277E-2	3,640625E+2	3,591823E-1	3,640625E+2	-1,164211E-3	3,640625E+2	4,510002E-1	3,640625E+2	-1,651160E-1	3,640625E+2	5,958016E-1	3,640625E+2	-2,181467E-1	3,640625E+2	6,581961E-1	3,640625E+2	-2,029186E-1	3,640625E+2	6,872683E-1	3,640625E+2	-1,901680E-1
3,656250E+2	3,504300E-1	3,656250E+2	1,016240E-1	3,656250E+2	3,640662E-1	3,656250E+2	9,176843E-2	3,656250E+2	3,687037E-1	3,656250E+2	5,184947E-3	3,656250E+2	4,539764E-1	3,656250E+2	-1,674304E-1	3,656250E+2	5,973810E-1	3,656250E+2	-2,175019E-1	3,656250E+2	6,584233E-1	3,656250E+2	-2,124065E-1	3,656250E+2	6,834032E-1	3,656250E+2	-1,904937E-1
3,671875E+2	3,653717E-1	3,671875E+2	1,006982E-1	3,671875E+2	3,737248E-1	3,671875E+2	9,443588E-2	3,671875E+2	3,756069E-1	3,671875E+2	2,102039E-3	3,671875E+2	4,591185E-1	3,671875E+2	-1,528902E-1	3,671875E+2	6,058200E-1	3,671875E+2	-2,122752E-1	3,671875E+2	6,547520E-1	3,671875E+2	-2,097248E-1	3,671875E+2	6,825547E-1	3,671875E+2	-1,841746E-1
3,687500E+2	3,870435E-1	3,687500E+2	1,233744E-1	3,687500E+2	3,827843E-1	3,687500E+2	9,367252E-2	3,687500E+2	3,818646E-1	3,687500E+2	4,386896E-3	3,687500E+2	4,674768E-1	3,687500E+2	-1,522446E-1	3,687500E+2	6,182942E-1	3,687500E+2	-2,166466E-1	3,687500E+2	6,617162E-1	3,687500E+2	-2,064967E-1	3,687500E+2	7,042545E-1	3,687500E+2	-1,927757E-1
3,703125E+2	3,854360E-1	3,703125E+2	1,181889E-1	3,703125E+2	3,915048E-1	3,703125E+2	9,645299E-2	3,703125E+2	3,869064E-1	3,703125E+2	1,024461E-2	3,703125E+2	4,615360E-1	3,703125E+2	-1,518424E-1	3,703125E+2	6,158218E-1	3,703125E+2	-2,249059E-1	3,703125E+2	6,532647E-1	3,703125E+2	-2,011053E-1	3,703125E+2	7,008296E-1	3,703125E+2	-1,896394E-1
3,718750E+2	3,843042E-1	3,718750E+2	1,189656E-1	3,718750E+2	3,990639E-1	3,718750E+2	1,015173E-1	3,718750E+2	3,916522E-1	3,718750E+2	1,430961E-2	3,718750E+2	4,559251E-1	3,718750E+2	-1,455205E-1	3,718750E+2	6,086790E-1	3,718750E+2	-2,220890E-1	3,718750E+2	6,545354E-1	3,718750E+2	-1,977170E-1	3,718750E+2	6,962763E-1	3,718750E+2	-1,788216E-1
3,734375E+2	3,987406E-1	3,734375E+2	1,192756E-1	3,734375E+2	4,080790E-1	3,734375E+2	1,045715E-1	3,734375E+2	3,997233E-1	3,734375E+2	1,714918E-2	3,734375E+2	4,608581E-1	3,734375E+2	-1,469387E-1	3,734375E+2	6,064867E-1	3,734375E+2	-2,224391E-1	3,734375E+2	6,654405E-1	3,734375E+2	-1,979942E-1	3,734375E+2	7,000180E-1	3,734375E+2	-1,815902E-1
3,750000E+2	4,047691E-1	3,750000E+2	1,275193E-1	3,750000E+2	4,147277E-1	3,750000E+2	1,048413E-1	3,750000E+2	4,000371E-1	3,750000E+2	2,340084E-2	3,750000E+2	4,555679E-1	3,750000E+2	-1,507675E-1	3,750000E+2	6,018195E-1	3,750000E+2	-2,166627E-1	3,750000E+2	6,547582E-1	3,750000E+2	-2,090582E-1	3,750000E+2	6,833125E-1	3,750000E+2	-1,910188E-1
3,765625E+2	4,160399E-1	3,765625E+2	1,391862E-1	3,765625E+2	4,172114E-1	3,765625E+2	1,097495E-1	3,765625E+2	4,037588E-1	3,765625E+2	2,605895E-2	3,765625E+2	4,559937E-1	3,765625E+2	-1,423345E-1	3,765625E+2	5,981594E-1	3,765625E+2	-2,105054E-1	3,765625E+2	6,513900E-1	3,765625E+2	-2,046476E-1	3,765625E+2	6,846971E-1	3,765625E+2	-1,934395E-1
3,781250E+2	4,277568E-1	3,781250E+2	1,360058E-1	3,781250E+2	4,288292E-1	3,781250E+2	1,156133E-1	3,781250E+2	4,188405E-1	3,781250E+2	2,949655E-2	3,781250E+2	4,590065E-1	3,781250E+2	-1,368745E-1	3,781250E+2	6,065067E-1	3,781250E+2	-2,103063E-1	3,781250E+2	6,580184E-1	3,781250E+2	-1,998444E-1	3,781250E+2	6,932444E-1	3,781250E+2	-1,726459E-1
3,796875E+2	4,255140E-1	3,796875E+2	1,348966E-1	3,796875E+2	4,400746E-1	3,796875E+2	1,222971E-1	3,796875E+2	4,227861E-1	3,796875E+2	3,091837E-2	3,796875E+2	4,708100E-1	3,796875E+2	-1,346422E-1	3,796875E+2	6,122330E-1	3,796875E+2	-2,094880E-1	3,796875E+2	6,541577E-1	3,796875E+2	-2,053923E-1	3,796875E+2	6,891472E-1	3,796875E+2	-1,770955E-1
3,812500E+2	4,364584E-1	3,812500E+2	1,299441E-1	3,812500E+2	4,472967E-1	3,812500E+2	1,222104E-1	3,812500E+2	4,215716E-1	3,812500E+2	2,963128E-2	3,812500E+2	4,681175E-1	3,812500E+2	-1,314706E-1	3,812500E+2	6,110026E-1	3,812500E+2	-2,175257E-1	3,812500E+2	6,514964E-1	3,812500E+2	-1,982918E-1	3,812500E+2	6,784153E-1	3,812500E+2	-1,864634E-1
3,828125E+2	4,540116E-1	3,828125E+2	1,375791E-1	3,828125E+2	4,513650E-1	3,828125E+2	1,237643E-1	3,828125E+2	4,342869E-1	3,828125E+2	4,081778E-2	3,828125E+2	4,722152E-1	3,828125E+2	-1,215946E-1	3,828125E+2	5,996256E-1	3,828125E+2	-2,076756E-1	3,828125E+2	6,520394E-1	3,828125E+2	-1,986791E-1	3,828125E+2	6,731557E-1	3,828125E+2	-1,790106E-1
3,843750E+2	4,512631E-1	3,843750E+2	1,445950E-1	3,843750E+2	4,577273E-1	3,843750E+2	1,201655E-1	3,843750E+2	4,441686E-1	3,843750E+2	4,343267E-2	3,843750E+2	4,684447E-1	3,843750E+2	-1,286164E-1	3,843750E+2	5,999603E-1	3,843750E+2	-2,102859E-1	3,843750E+2	6,511709E-1	3,843750E+2	-2,085910E-1	3,843750E+2	6,797382E-1	3,843750E+2	-1,929685E-1
3,859375E+2	4,671717E-1	3,859375E+2	1,407289E-1	3,859375E+2	4,724976E-1	3,859375E+2	1,229727E-1	3,859375E+2	4,453872E-1	3,859375E+2	4,371713E-2	3,859375E+2	4,742776E-1	3,859375E+2	-1,322904E-1	3,859375E+2	6,011559E-1	3,859375E+2	-2,074180E-1	3,859375E+2	6,523227E-1	3,859375E+2	-2,097945E-1	3,859375E+2	6,894441E-1	3,859375E+2	-1,878412E-1
3,875000E+2	4,839710E-1	3,875000E+2	1,435825E-1	3,875000E+2	4,762402E-1	3,875000E+2	1,177879E-1	3,875000E+2	4,528392E-1	3,875000E+2	4,450748E-2	3,875000E+2	4,715410E-1	3,875000E+2	-1,274006E-1	3,875000E+2	5,959033E-1	3,875000E+2	-2,096235E-1	3,875000E+2	6,475688E-1	3,875000E+2	-1,997677E-1	3,875000E+2	6,792476E-1	3,875000E+2	-1,711443E-1
3,890625E+2	5,000057E-1	3,890625E+2	1,524824E-1	3,890625E+2	4,895070E-1	3,890625E+2	1,227714E-1	3,890625E+2	4,640682E-1	3,890625E+2	5,122834E-2	3,890625E+2	4,769992E-1	3,890625E+2	-1,222510E-1	3,890625E+2	5,887977E-1	3,890625E+2	-2,155974E-1	3,890625E+2	6,464453E-1	3,890625E+2	-2,081010E-1	3,890625E+2	6,826384E-1	3,890625E+2	-1,733937E-1
3,906250E+2	4,967082E-1	3,906250E+2	1,465315E-1	3,906250E+2	4,961837E-1	3,906250E+2	1,202119E-1	3,906250E+2	4,658359E-1	3,906250E+2	4,368174E-2	3,906250E+2	4,812060E-1	3,906250E+2	-1,241101E-1	3,906250E+2	5,836392E-1	3,906250E+2	-2,199763E-1	3,906250E+2	6,445307E-1	3,906250E+2	-2,117364E-1	3,906250E+2	6,832123E-1	3,906250E+2	-1,877369E-1
3,921875E+2	5,002625E-1	3,921875E+2	1,454600E-1	3,921875E+2	5,055388E-1	3,921875E+2	1,242563E-1	3,921875E+2	4,706654E-1	3,921875E+2	4,280470E-2	3,921875E+2	4,878162E-1	3,921875E+2	-1,151094E-1	3,921875E+2	5,965407E-1	3,921875E+2	-2,142138E-1	3,921875E+2	6,585916E-1	3,921875E+2	-2,105145E-1	3,921875E+2	6,970769E-1	3,921875E+2	-1,929756E-1
3,937500E+2	5,188285E-1	3,937500E+2	1,516733E-1	3,937500E+2	5,110660E-1	3,937500E+2	1,171517E-1	3,937500E+2	4,764374E-1	3,937500E+2	4,438163E-2	3,937500E+2	4,872720E-1	3,937500E+2	-1,245530E-1	3,937500E+2	6,004421E-1	3,937500E+2	-2,119781E-1	3,937500E+2	6,627623E-1	3,937500E+2	-2,106499E-1	3,937500E+2	6,940248E-1	3,937500E+2	-1,895486E-1
3,953125E+2	5,287150E-1	3,953125E+2	1,393980E-1	3,953125E+2	5,180938E-1	3,953125E+2	1,185171E-1	3,953125E+2	4,835649E-1	3,953125E+2	5,014742E-2	3,953125E+2	4,879294E-1	3,953125E+2	-1,205627E-1	3,953125E+2	5,998672E-1	3,953125E+2	-2,161996E-1	3,953125E+2	6,661960E-1	3,953125E+2	-2,068438E-1	3,953125E+2	6,924516E-1	3,953125E+2	-1,903372E-1
3,968750E+2	5,325700E-1	3,968750E+2	1,307869E-1	3,968750E+2	5,251448E-1	3,968750E+2	1,260465E-1	3,968750E+2	4,892192E-1	3,968750E+2	5,631126E-2	3,968750E+2	4,947517E-1	3,968750E+2	-1,076427E-1	3,968750E+2	6,012178E-1	3,968750E+2	-2,107292E-1	3,968750E+2	6,465646E-1	3,968750E+2	-2,117119E-1	3,968750E+2	6,885672E-1	3,968750E+2	-1,750774E-1
3,984375E+2	5,525976E-1	3,984375E+2	1,182262E-1	3,984375E+2	5,292527E-1	3,984375E+2	1,213875E-1	3,984375E+2	4,947037E-1	3,984375E+2	5,478263E-2	3,984375E+2	4,944018E-1	3,984375E+2	-1,041296E-1	3,984375E+2	6,011856E-1	3,984375E+2	-2,092781E-1	3,984375E+2	6,445079E-1	3,984375E+2	-2,027276E-1	3,984375E+2	6,840633E-1	3,984375E+2	-1,711699E-1
4,000000E+2	5,350779E-1	4,000000E+2	1,236423E-1	4,000000E+2	5,338512E-1	4,000000E+2	1,224843E-1	4,000000E+2	4,997859E-1	4,000000E+2	6,078235E-2	4,000000E+2	4,953749E-1	4,000000E+2	-1,053846E-1	4,000000E+2	5,909395E-1	4,000000E+2	-2,103263E-1	4,000000E+2	6,465563E-1	4,000000E+2	-1,935903E-1	4,000000E+2	6,911992E-1	4,000000E+2	-1,646887E-1
4,015625E+2	5,476975E-1	4,015625E+2	1,253959E-1	4,015625E+2	5,451296E-1	4,015625E+2	1,108517E-1	4,015625E+2	5,020072E-1	4,015625E+2	5,245949E-2	4,015625E+2	4,906692E-1	4,015625E+2	-1,180689E-1	4,015625E+2	5,831858E-1	4,015625E+2	-2,194007E-1	4,015625E+2	6,461315E-1	4,015625E+2	-2,155903E-1	4,015625E+2	6,859894E-1	4,015625E+2	-2,008012E-1
4,031250E+2	5,719317E-1	4,031250E+2	1,212954E-1	4,031250E+2	5,570890E-1	4,031250E+2	1,084846E-1	4,031250E+2	5,137030E-1	4,031250E+2	4,549226E-2	4,031250E+2	4,959364E-1	4,031250E+2	-1,065321E-1	4,031250E+2	5,925068E-1	4,031250E+2	-2,163499E-1	4,031250E+2	6,524824E-1	4,031250E+2	-2,182786E-1	4,031250E+2	6,897171E-1	4,031250E+2	-2,005731E-1
4,046875E+2	5,785875E-1	4,046875E+2	1,332674E-1	4,046875E+2	5,670703E-1	4,046875E+2	1,149869E-1	4,046875E+2	5,258082E-1	4,046875E+2	4,713070E-2	4,046875E+2	4,893285E-1	4,046875E+2	-9,778936E-2	4,046875E+2	5,900961E-1	4,046875E+2	-2,055878E-1	4,046875E+2	6,556176E-1	4,046875E+2	-2,008329E-1	4,046875E+2	6,954369E-1	4,046875E+2	-1,800079E-1
4,062500E+2	5,706172E-1	4,062500E+2	1,377745E-1	4,062500E+2	5,640430E-1	4,062500E+2	1,166636E-1	4,062500E+2	5,170914E-1	4,062500E+2	5,032352E-2	4,062500E+2	4,892464E-1	4,062500E+2	-1,007959E-1	4,062500E+2	5,831243E-1	4,062500E+2	-2,028551E-1	4,062500E+2	6,534055E-1	4,062500E+2	-2,054155E-1	4,062500E+2	6,721979E-1	4,062500E+2	-1,876386E-1
4,078125E+2	5,903567E-1	4,078125E+2	1,198832E-1	4,078125E+2	5,794977E-1	4,078125E+2	1,052086E-1	4,078125E+2	5,341057E-1	4,078125E+2	4,973978E-2	4,078125E+2	5,012563E-1	4,078125E+2	-1,093113E-1	4,078125E+2	6,014237E-1	4,078125E+2	-2,153835E-1	4,078125E+2	6,553948E-1	4,078125E+2	-2,113230E-1	4,078125E+2	6,820256E-1	4,078125E+2	-1,906248E-1
4,093750E+2	5,914657E-1	4,093750E+2	1,190721E-1	4,093750E+2	5,813884E-1	4,093750E+2	1,053153E-1	4,093750E+2	5,339371E-1	4,093750E+2	4,698259E-2	4,093750E+2	5,070962E-1	4,093750E+2	-1,089372E-1	4,093750E+2	5,958464E-1	4,093750E+2	-2,155446E-1	4,093750E+2	6,418557E-1	4,093750E+2	-2,080573E-1	4,093750E+2	6,871595E-1	4,093750E+2	-1,901766E-1
4,109375E+2	5,985899E-1	4,109375E+2	1,268393E-1	4,109375E+2	5,790990E-1	4,109375E+2	1,061212E-1	4,109375E+2	5,316296E-1	4,109375E+2	4,551541E-2	4,109375E+2	5,092698E-1	4,109375E+2	-1,054021E-1	4,109375E+2	5,902748E-1	4,109375E+2	-2,097800E-1	4,109375E+2	6,446096E-1	4,109375E+2	-2,015292E-1	4,109375E+2	6,802226E-1	4,109375E+2	-1,914698E-1
4,125000E+2	5,954485E-1	4,125000E+2	1,222720E-1	4,125000E+2	5,830819E-1	4,125000E+2	1,069962E-1	4,125000E+2	5,297461E-1	4,125000E+2	5,083339E-2	4,125000E+2	5,030787E-1	4,125000E+2	-9,733664E-2	4,125000E+2	5,803051E-1	4,125000E+2	-1,990791E-1	4,125000E+2	6,385244E-1	4,125000E+2	-1,961935E-1	4,125000E+2	6,705229E-1	4,125000E+2	-1,862054E-1
4,140625E+2	5,980927E-1	4,140625E+2	1,198939E-1	4,140625E+2	5,892499E-1	4,140625E+2	1,003876E-1	4,140625E+2	5,373581E-1	4,140625E+2	5,160956E-2	4,140625E+2	5,031238E-1	4,140625E+2	-9,734820E-2	4,140625E+2	5,779704E-1	4,140625E+2	-2,034642E-1	4,140625E+2	6,345560E-1	4,140625E+2	-2,089372E-1	4,140625E+2	6,657801E-1	4,140625E+2	-1,870000E-1
4,156250E+2	6,010890E-1	4,156250E+2	1,126319E-1	4,156250E+2	5,908884E-1	4,156250E+2	9,778319E-2	4,156250E+2	5,500481E-1	4,156250E+2	4,870328E-2	4,156250E+2	4,945961E-1	4,156250E+2	-9,637371E-2	4,156250E+2	5,713842E-1	4,156250E+2	-2,051436E-1	4,156250E+2	6,331886E-1	4,156250E+2	-2,097104E-1	4,156250E+2	6,669483E-1	4,156250E+2	-1,913559E-1
4,171875E+2	6,138880E-1	4,171875E+2	9,926068E-2	4,171875E+2	6,068029E-1	4,171875E+2	9,198805E-2	4,171875E+2	5,586227E-1	4,171875E+2	4,662021E-2	4,171875E+2	5,037047E-1	4,171875E+2	-8,897777E-2	4,171875E+2	5,785795E-1	4,171875E+2	-2,058077E-1	4,171875E+2	6,344422E-1	4,171875E+2	-2,024194E-1	4,171875E+2	6,768115E-1	4,171875E+2	-1,840632E-1
4,187500E+2	6,326419E-1	4,187500E+2	8,578550E-2	4,187500E+2	6,123525E-1	4,187500E+2	9,236935E-2	4,187500E+2	5,565603E-1	4,187500E+2	4,255587E-2	4,187500E+2	5,024752E-1	4,187500E+2	-9,409347E-2	4,187500E+2	5,790055E-1	4,187500E+2	-2,095463E-1	4,187500E+2	6,291026E-1	4,187500E+2	-1,989875E-1	4,187500E+2	6,707914E-1	4,187500E+2	-1,884840E-1
4,203125E+2	6,230969E-1	4,203125E+2	9,822950E-2	4,203125E+2	6,070705E-1	4,203125E+2	9,037863E-2	4,203125E+2	5,572339E-1	4,203125E+2	4,144777E-2	4,203125E+2	5,029882E-1	4,203125E+2	-1,027575E-1	4,203125E+2	5,734825E-1	4,203125E+2	-2,107571E-1	4,203125E+2	6,215627E-1	4,203125E+2	-2,084616E-1	4,203125E+2	6,631835E-1	4,203125E+2	-1,870270E-1
4,218750E+2	6,201351E-1	4,218750E+2	9,756918E-2	4,218750E+2	6,123556E-1	4,218750E+2	8,476715E-2	4,218750E+2	5,595393E-1	4,218750E+2	3,941082E-2	4,218750E+2	5,051865E-1	4,218750E+2	-1,107685E-1	4,218750E+2	5,739615E-1	4,218750E+2	-2,009522E-1	4,218750E+2	6,162713E-1	4,218750E+2	-2,122139E-1	4,218750E+2	6,597838E-1	4,218750E+2	-1,916280E-1
4,234375E+2	6,414261E-1	4,234375E+2	7,601034E-2	4,234375E+2	6,210871E-1	4,234375E+2	8,073361E-2	4,234375E+2	5,644591E-1	4,234375E+2	4,061921E-2	4,234375E+2	5,138606E-1	4,234375E+2	-1,060865E-1	4,234375E+2	5,812960E-1	4,234375E+2	-2,033376E-1	4,234375E+2	6,216775E-1	4,234375E+2	-2,066430E-1	4,234375E+2	6,593638E-1	4,234375E+2	-1,906261E-1
4,250000E+2	6,195161E-1	4,250000E+2	6,813088E-2	4,250000E+2	6,210454E-1	4,250000E+2	7,654617E-2	4,250000E+2	5,668952E-1	4,250000E+2	3,994110E-2	4,250000E+2	5,131982E-1	4,250000E+2	-9,835692E-2	4,250000E+2	5,762276E-1	4,250000E+2	-2,067563E-1	4,250000E+2	6,185275E-1	4,250000E+2	-2,052012E-1	4,250000E+2	6,567266E-1	4,250000E+2	-1,912693E-1
4,265625E+2	6,331722E-1	4,265625E+2	7,311128E-2	4,265625E+2	6,299850E-1	4,265625E+2	7,621528E-2	4,265625E+2	5,772410E-1	4,265625E+2	3,877806E-2	4,265625E+2	5,150152E-1	4,265625E+2	-1,000307E-1	4,265625E+2	5,823501E-1	4,265625E+2	-2,043985E-1	4,265625E+2	6,219524E-1	4,265625E+2	-2,113872E-1	4,265625E+2	6,627363E-1	4,265625E+2	-1,893052E-1
4,281250E+2	6,463536E-1	4,281250E+2	8,475026E-2	4,281250E+2	6,325655E-1	4,281250E+2	7,250204E-2	4,281250E+2	5,819935E-1	4,281250E+2	3,626543E-2	4,281250E+2	5,085399E-1	4,281250E+2	-9,660636E-2	4,281250E+2	5,730954E-1	4,281250E+2	-2,048904E-1	4,281250E+2	6,113088E-1	4,281250E+2	-2,094717E-1	4,281250E+2	6,595580E-1	4,281250E+2	-1,883727E-1
4,296875E+2	6,594294E-1	4,296875E+2	6,805465E-2	4,296875E+2	6,396219E-1	4,296875E+2	6,088439E-2	4,296875E+2	5,878904E-1	4,296875E+2	3,218846E-2	4,296875E+2	5,156438E-1	4,296875E+2	-9,763889E-2	4,296875E+2	5,686801E-1	4,296875E+2	-2,186648E-1	4,296875E+2	6,127535E-1	4,296875E+2	-2,117650E-1	4,296875E+2	6,592694E-1	4,296875E+2	-2,057668E-1
4,312500E+2	6,580088E-1	4,312500E+2	6,676811E-2	4,312500E+2	6,428147E-1	4,312500E+2	6,198741E-2	4,312500E+2	5,892612E-1	4,312500E+2	2,846873E-2	4,312500E+2	5,215022E-1	4,312500E+2	-9,991641E-2	4,312500E+2	5,726389E-1	4,312500E+2	-2,125817E-1	4,312500E+2	6,192201E-1	4,312500E+2	-2,089359E-1	4,312500E+2	6,577349E-1	4,312500E+2	-2,028064E-1
4,328125E+2	6,555512E-1	4,328125E+2	6,948574E-2	4,328125E+2	6,481013E-1	4,328125E+2	6,456746E-2	4,328125E+2	5,938218E-1	4,328125E+2	2,738948E-2	4,328125E+2	5,183026E-1	4,328125E+2	-9,689582E-2	4,328125E+2	5,751658E-1	4,328125E+2	-2,070259E-1	4,328125E+2	6,191440E-1	4,328125E+2	-2,030468E-1	4,328125E+2	6,524383E-1	4,328125E+2	-1,965497E-1
4,343750E+2	6,529467E-1	4,343750E+2	7,519336E-2	4,343750E+2	6,454620E-1	4,343750E+2	6,317030E-2	4,343750E+2	5,908412E-1	4,343750E+2	2,553536E-2	4,343750E+2	5,197315E-1	4,343750E+2	-9,683011E-2	4,343750E+2	5,689513E-1	4,343750E+2	-2,058444E-1	4,343750E+2	6,072402E-1	4,343750E+2	-2,053729E-1	4,343750E+2	6,466072E-1	4,343750E+2	-1,979058E-1
4,359375E+2	6,779780E-1	4,359375E+2	5,660450E-2	4,359375E+2	6,649011E-1	4,359375E+2	4,651924E-2	4,359375E+2	6,103675E-1	4,359375E+2	1,445968E-2	4,359375E+2	5,345175E-1	4,359375E+2	-1,056187E-1	4,359375E+2	5,813164E-1	4,359375E+2	-2,204066E-1	4,359375E+2	6,242969E-1	4,359375E+2	-2,216612E-1	4,359375E+2	6,646788E-1	4,359375E+2	-2,017873E-1
4,375000E+2	6,845691E-1	4,375000E+2	5,360287E-2	4,375000E+2	6,647794E-1	4,375000E+2	4,823132E-2	4,375000E+2	6,156554E-1	4,375000E+2	1,937315E-2	4,375000E+2	5,346989E-1	4,375000E+2	-9,637865E-2	4,375000E+2	5,784315E-1	4,375000E+2	-2,151756E-1	4,375000E+2	6,281919E-1	4,375000E+2	-2,160841E-1	4,375000E+2	6,692677E-1	4,375000E+2	-1,918094E-1
4,390625E+2	6,771163E-1	4,390625E+2	3,454689E-2	4,390625E+2	6,682578E-1	4,390625E+2	4,206216E-2	4,390625E+2	6,079747E-1	4,390625E+2	1,634812E-2	4,390625E+2	5,254063E-1	4,390625E+2	-9,907726E-2	4,390625E+2	5,738467E-1	4,390625E+2	-2,105772E-1	4,390625E+2	6,198528E-1	4,390625E+2	-2,157563E-1	4,390625E+2	6,603818E-1	4,390625E+2	-1,969462E-1
4,406250E+2	6,665232E-1	4,406250E+2	4,495235E-2	4,406250E+2	6,618773E-1	4,406250E+2	4,046900E-2	4,406250E+2	5,986692E-1	4,406250E+2	1,222908E-2	4,406250E+2	5,210935E-1	4,406250E+2	-9,698723E-2	4,406250E+2	5,642295E-1	4,406250E+2	-2,036898E-1	4,406250E+2	6,066528E-1	4,406250E+2	-2,036640E-1	4,406250E+2	6,483702E-1	4,406250E+2	-1,976329E-1
4,421875E+2	6,694454E-1	4,421875E+2	5,641451E-2	4,421875E+2	6,583878E-1	4,421875E+2	4,684260E-2	4,421875E+2	6,013898E-1	4,421875E+2	1,855119E-2	4,421875E+2	5,206498E-1	4,421875E+2	-8,537320E-2	4,421875E+2	5,576275E-1	4,421875E+2	-1,936972E-1	4,421875E+2	6,074915E-1	4,421875E+2	-1,954182E-1	4,421875E+2	6,415466E-1	4,421875E+2	-1,874943E-1
4,437500E+2	6,702253E-1	4,437500E+2	6,699866E-2	4,437500E+2	6,687378E-1	4,437500E+2	5,203671E-2	4,437500E+2	6,109068E-1	4,437500E+2	2,523173E-2	4,437500E+2	5,295291E-1	4,437500E+2	-7,393716E-2	4,437500E+2	5,637120E-1	4,437500E+2	-1,825579E-1	4,437500E+2	6,116669E-1	4,437500E+2	-1,865064E-1	4,437500E+2	6,481916E-1	4,437500E+2	-1,735801E-1
4,453125E+2	6,801494E-1	4,453125E+2	5,148283E-2	4,453125E+2	6,770906E-1	4,453125E+2	4,375829E-2	4,453125E+2	6,205131E-1	4,453125E+2	2,517111E-2	4,453125E+2	5,394684E-1	4,453125E+2	-8,058838E-2	4,453125E+2	5,726471E-1	4,453125E+2	-1,858765E-1	4,453125E+2	6,147213E-1	4,453125E+2	-1,889469E-1	4,453125E+2	6,578564E-1	4,453125E+2	-1,794030E-1
4,468750E+2	6,954410E-1	4,468750E+2	3,318059E-2	4,468750E+2	6,843207E-1	4,468750E+2	3,116701E-2	4,468750E+2	6,282787E-1	4,468750E+2	9,772544E-3	4,468750E+2	5,454554E-1	4,468750E+2	-9,888313E-2	4,468750E+2	5,738997E-1	4,468750E+2	-1,988163E-1	4,468750E+2	6,173122E-1	4,468750E+2	-1,995903E-1	4,468750E+2	6,600225E-1	4,468750E+2	-1,881507E-1
4,484375E+2	6,899706E-1	4,484375E+2	3,751457E-2	4,484375E+2	6,781797E-1	4,484375E+2	3,043696E-2	4,484375E+2	6,224499E-1	4,484375E+2	1,152034E-2	4,484375E+2	5,292993E-1	4,484375E+2	-9,522914E-2	4,484375E+2	5,609225E-1	4,484375E+2	-1,923919E-1	4,484375E+2	6,067378E-1	4,484375E+2	-1,986309E-1	4,484375E+2	6,493568E-1	4,484375E+2	-1,838232E-1
4,500000E+2	6,862567E-1	4,500000E+2	1,862481E-2	4,500000E+2	6,796708E-1	4,500000E+2	1,578382E-2	4,500000E+2	6,231643E-1	4,500000E+2	-5,062840E-3	4,500000E+2	5,285052E-1	4,500000E+2	-9,778083E-2	4,500000E+2	5,546945E-1	4,500000E+2	-2,037943E-1	4,500000E+2	6,042170E-1	4,500000E+2	-2,054928E-1	4,500000E+2	6,447272E-1	4,500000E+2	-1,909562E-1
4,515625E+2	6,957999E-1	4,515625E+2	6,086236E-4	4,515625E+2	6,861561E-1	4,515625E+2	2,950288E-3	4,515625E+2	6,329371E-1	4,515625E+2	-1,139734E-2	4,515625E+2	5,368084E-1	4,515625E+2	-1,036638E-1	4,515625E+2	5,600399E-1	4,515625E+2	-2,107850E-1	4,515625E+2	6,121063E-1	4,515625E+2	-2,123774E-1	4,515625E+2	6,504389E-1	4,515625E+2	-1,994476E-1
4,531250E+2	6,939773E-1	4,531250E+2	1,037445E-2	4,531250E+2	6,879341E-1	4,531250E+2	3,360006E-3	4,531250E+2	6,321656E-1	4,531250E+2	-8,332931E-3	4,531250E+2	5,396153E-1	4,531250E+2	-9,523148E-2	4,531250E+2	5,575351E-1	4,531250E+2	-2,074199E-1	4,531250E+2	6,022185E-1	4,531250E+2	-2,134729E-1	4,531250E+2	6,425138E-1	4,531250E+2	-1,940395E-1
4,546875E+2	6,969739E-1	4,546875E+2	1,337861E-2	4,546875E+2	6,890854E-1	4,546875E+2	8,155699E-3	4,546875E+2	6,333855E-1	4,546875E+2	-5,836289E-3	4,546875E+2	5,333741E-1	4,546875E+2	-9,203869E-2	4,546875E+2	5,546444E-1	4,546875E+2	-2,014604E-1	4,546875E+2	5,983899E-1	4,546875E+2	-2,027621E-1	4,546875E+2	6,410141E-1	4,546875E+2	-1,866065E-1
4,562500E+2	6,920898E-1	4,562500E+2	3,732549E-3	4,562500E+2	7,005566E-1	4,562500E+2	-2,475021E-3	4,562500E+2	6,410243E-1	4,562500E+2	-1,166136E-2	4,562500E+2	5,349378E-1	4,562500E+2	-9,555823E-2	4,562500E+2	5,618247E-1	4,562500E+2	-2,046294E-1	4,562500E+2	6,065678E-1	4,562500E+2	-2,039747E-1	4,562500E+2	6,444255E-1	4,562500E+2	-1,876815E-1
4,578125E+2	6,967690E-1	4,578125E+2	5,694160E-3	4,578125E+2	6,970537E-1	4,578125E+2	-1,763888E-3	4,578125E+2	6,387952E-1	4,578125E+2	-1,316735E-2	4,578125E+2	5,385628E-1	4,578125E+2	-9,491933E-2	4,578125E+2	5,601797E-1	4,578125E+2	-1,982935E-1	4,578125E+2	6,004997E-1	4,578125E+2	-2,005682E-1	4,578125E+2	6,402168E-1	4,578125E+2	-1,834854E-1
4,593750E+2	7,112302E-1	4,593750E+2	-9,996681E-3	4,593750E+2	7,004337E-1	4,593750E+2	-4,618890E-3	4,593750E+2	6,435882E-1	4,593750E+2	-1,990394E-2	4,593750E+2	5,470419E-1	4,593750E+2	-9,950141E-2	4,593750E+2	5,606669E-1	4,593750E+2	-2,025731E-1	4,593750E+2	6,039435E-1	4,593750E+2	-2,096876E-1	4,593750E+2	6,440589E-1	4,593750E+2	-1,954146E-1
4,609375E+2	7,066998E-1	4,609375E+2	-8,450995E-3	4,609375E+2	6,898355E-1	4,609375E+2	-1,168134E-2	4,609375E+2	6,332114E-1	4,609375E+2	-1,977977E-2	4,609375E+2	5,361624E-1	4,609375E+2	-9,985753E-2	4,609375E+2	5,437572E-1	4,609375E+2	-1,969044E-1	4,609375E+2	5,897590E-1	4,609375E+2	-2,068358E-1	4,609375E+2	6,282377E-1	4,609375E+2	-1,875484E-1
4,625000E+2	7,066243E-1	4,625000E+2	-1,630193E-2	4,625000E+2	6,905474E-1	4,625000E+2	-2,246044E-2	4,625000E+2	6,339080E-1	4,625000E+2	-2,821897E-2	4,625000E+2	5,330304E-1	4,625000E+2	-1,053246E-1	4,625000E+2	5,409670E-1	4,625000E+2	-2,004891E-1	4,625000E+2	5,904166E-1	4,625000E+2	-2,118357E-1	4,625000E+2	6,270487E-1	4,625000E+2	-1,913725E-1
4,640625E+2	7,005913E-1	4,640625E+2	-1,710349E-2	4,640625E+2	6,928080E-1	4,640625E+2	-1,468080E-2	4,640625E+2	6,372785E-1	4,640625E+2	-2,247172E-2	4,640625E+2	5,373443E-1	4,640625E+2	-9,776310E-2	4,640625E+2	5,444596E-1	4,640625E+2	-1,968095E-1	4,640625E+2	5,960316E-1	4,640625E+2	-2,011461E-1	4,640625E+2	6,302630E-1	4,640625E+2	-1,795375E-1
4,656250E+2	7,079419E-1	4,656250E+2	-1,958413E-2	4,656250E+2	6,977690E-1	4,656250E+2	-2,164485E-2	4,656250E+2	6,403626E-1	4,656250E+2	-2,827181E-2	4,656250E+2	5,397522E-1	4,656250E+2	-9,714239E-2	4,656250E+2	5,466404E-1	4,656250E+2	-1,978349E-1	4,656250E+2	5,956745E-1	4,656250E+2	-2,014389E-1	4,656250E+2	6,269548E-1	4,656250E+2	-1,837440E-1
4,671875E+2	7,145650E-1	4,671875E+2	-2,428768E-2	4,671875E+2	7,053042E-1	4,671875E+2	-2,974213E-2	4,671875E+2	6,508465E-1	4,671875E+2	-3,549953E-2	4,671875E+2	5,453917E-1	4,671875E+2	-1,009505E-1	4,671875E+2	5,525726E-1	4,671875E+2	-1,999688E-1	4,671875E+2	6,011248E-1	4,671875E+2	-2,086664E-1	4,671875E+2	6,395812E-1	4,671875E+2	-1,882637E-1
4,687500E+2	7,147853E-1	4,687500E+2	-3,432921E-2	4,687500E+2	7,065987E-1	4,687500E+2	-3,445900E-2	4,687500E+2	6,517777E-1	4,687500E+2	-4,103856E-2	4,687500E+2	5,477677E-1	4,687500E+2	-1,091991E-1	4,687500E+2	5,491556E-1	4,687500E+2	-2,004697E-1	4,687500E+2	5,976816E-1	4,687500E+2	-2,037614E-1	4,687500E+2	6,404168E-1	4,687500E+2	-1,860584E-1
4,703125E+2	7,119755E-1	4,703125E+2	-5,479470E-2	4,703125E+2	7,094994E-1	4,703125E+2	-4,712158E-2	4,703125E+2	6,508952E-1	4,703125E+2	-5,394922E-2	4,703125E+2	5,441657E-1	4,703125E+2	-1,206351E-1	4,703125E+2	5,478809E-1	4,703125E+2	-2,102617E-1	4,703125E+2	5,823278E-1	4,703125E+2	-2,129336E-1	4,703125E+2	6,351255E-1	4,703125E+2	-1,991398E-1
4,718750E+2	7,079679E-1	4,718750E+2	-5,442038E-2	4,718750E+2	7,087147E-1	4,718750E+2	-4,312707E-2	4,718750E+2	6,490374E-1	4,718750E+2	-4,698145E-2	4,718750E+2	5,439871E-1	4,718750E+2	-1,130224E-1	4,718750E+2	5,453866E-1	4,718750E+2	-2,002379E-1	4,718750E+2	5,867746E-1	4,718750E+2	-2,040190E-1	4,718750E+2	6,359221E-1	4,718750E+2	-1,903424E-1
4,734375E+2	7,170916E-1	4,734375E+2	-2,729544E-2	4,734375E+2	7,097894E-1	4,734375E+2	-2,916506E-2	4,734375E+2	6,511348E-1	4,734375E+2	-3,401124E-2	4,734375E+2	5,509833E-1	4,734375E+2	-9,581731E-2	4,734375E+2	5,504765E-1	4,734375E+2	-1,880676E-1	4,734375E+2	5,946419E-1	4,734375E+2	-1,863210E-1	4,734375E+2	6,385879E-1	4,734375E+2	-1,747098E-1
4,750000E+2	7,014209E-1	4,750000E+2	-2,712876E-2	4,750000E+2	6,955282E-1	4,750000E+2	-3,611869E-2	4,750000E+2	6,417784E-1	4,750000E+2	-4,021815E-2	4,750000E+2	5,386719E-1	4,750000E+2	-9,330763E-2	4,750000E+2	5,409619E-1	4,750000E+2	-1,872177E-1	4,750000E+2	5,798596E-1	4,750000E+2	-1,929702E-1	4,750000E+2	6,160683E-1	4,750000E+2	-1,696790E-1
4,765625E+2	7,131187E-1	4,765625E+2	-3,762172E-2	4,765625E+2	6,998451E-1	4,765625E+2	-4,864887E-2	4,765625E+2	6,445307E-1	4,765625E+2	-4,832342E-2	4,765625E+2	5,391140E-1	4,765625E+2	-1,023797E-1	4,765625E+2	5,356352E-1	4,765625E+2	-1,912565E-1	4,765625E+2	5,750808E-1	4,765625E+2	-1,971916E-1	4,765625E+2	6,198876E-1	4,765625E+2	-1,790710E-1
4,781250E+2	7,047316E-1	4,781250E+2	-4,322426E-2	4,781250E+2	6,931513E-1	4,781250E+2	-5,681381E-2	4,781250E+2	6,439187E-1	4,781250E+2	-5,323198E-2	4,781250E+2	5,346767E-1	4,781250E+2	-1,056390E-1	4,781250E+2	5,254621E-1	4,781250E+2	-1,887865E-1	4,781250E+2	5,741623E-1	4,781250E+2	-1,935101E-1	4,781250E+2	6,114493E-1	4,781250E+2	-1,768954E-1
4,796875E+2	7,040600E-1	4,796875E+2	-6,120354E-2	4,796875E+2	6,929355E-1	4,796875E+2	-6,356484E-2	4,796875E+2	6,423149E-1	4,796875E+2	-5,858445E-2	4,796875E+2	5,390535E-1	4,796875E+2	-1,049647E-1	4,796875E+2	5,255334E-1	4,796875E+2	-1,929494E-1	4,796875E+2	5,706432E-1	4,796875E+2	-1,963546E-1	4,796875E+2	6,101065E-1	4,796875E+2	-1,813269E-1
4,812500E+2	7,177718E-1	4,812500E+2	-6,727114E-2	4,812500E+2	6,967014E-1	4,812500E+2	-6,612268E-2	4,812500E+2	6,417601E-1	4,812500E+2	-6,705121E-2	4,812500E+2	5,450289E-1	4,812500E+2	-1,109696E-1	4,812500E+2	5,333138E-1	4,812500E+2	-1,961077E-1	4,812500E+2	5,733556E-1	4,812500E+2	-1,997173E-1	4,812500E+2	6,099928E-1	4,812500E+2	-1,844156E-1
4,828125E+2	7,261615E-1	4,828125E+2	-8,199393E-2	4,828125E+2	7,137527E-1	4,828125E+2	-7,461069E-2	4,828125E+2	6,598234E-1	4,828125E+2	-7,595472E-2	4,828125E+2	5,553282E-1	4,828125E+2	-1,147362E-1	4,828125E+2	5,433275E-1	4,828125E+2	-1,986140E-1	4,828125E+2	5,848230E-1	4,828125E+2	-2,078665E-1	4,828125E+2	6,210997E-1	4,828125E+2	-1,838973E-1
4,843750E+2	7,248397E-1	4,843750E+2	-8,423140E-2	4,843750E+2	7,099581E-1	4,843750E+2	-8,151300E-2	4,843750E+2	6,590097E-1	4,843750E+2	-7,664776E-2	4,843750E+2	5,547623E-1	4,843750E+2	-1,192891E-1	4,843750E+2	5,353735E-1	4,843750E+2	-2,008862E-1	4,843750E+2	5,818627E-1	4,843750E+2	-2,058037E-1	4,843750E+2	6,190307E-1	4,843750E+2	-1,891402E-1
4,859375E+2	7,249179E-1	4,859375E+2	-8,487295E-2	4,859375E+2	7,100178E-1	4,859375E+2	-8,444196E-2	4,859375E+2	6,584954E-1	4,859375E+2	-7,923319E-2	4,859375E+2	5,448074E-1	4,859375E+2	-1,164296E-1	4,859375E+2	5,369946E-1	4,859375E+2	-1,985330E-1	4,859375E+2	5,784254E-1	4,859375E+2	-2,014953E-1	4,859375E+2	6,170451E-1	4,859375E+2	-1,921942E-1
4,875000E+2	7,399398E-1	4,875000E+2	-6,599022E-2	4,875000E+2	7,175930E-1	4,875000E+2	-8,600720E-2	4,875000E+2	6,655117E-1	4,875000E+2	-7,512290E-2	4,875000E+2	5,510919E-1	4,875000E+2	-1,047540E-1	4,875000E+2	5,407006E-1	4,875000E+2	-1,957648E-1	4,875000E+2	5,825156E-1	4,875000E+2	-1,946804E-1	4,875000E+2	6,293388E-1	4,875000E+2	-1,859549E-1
4,890625E+2	7,366765E-1	4,890625E+2	-6,963143E-2	4,890625E+2	7,152368E-1	4,890625E+2	-7,920772E-2	4,890625E+2	6,647088E-1	4,890625E+2	-7,693908E-2	4,890625E+2	5,495488E-1	4,890625E+2	-1,051360E-1	4,890625E+2	5,320314E-1	4,890625E+2	-1,916536E-1	4,890625E+2	5,835171E-1	4,890625E+2	-1,919344E-1	4,890625E+2	6,291562E-1	4,890625E+2	-1,795069E-1
4,906250E+2	7,307453E-1	4,906250E+2	-8,730525E-2	4,906250E+2	7,022752E-1	4,906250E+2	-8,268643E-2	4,906250E+2	6,508596E-1	4,906250E+2	-7,374134E-2	4,906250E+2	5,429216E-1	4,906250E+2	-1,046467E-1	4,906250E+2	5,252551E-1	4,906250E+2	-1,879917E-1	4,906250E+2	5,676698E-1	4,906250E+2	-1,933157E-1	4,906250E+2	6,104588E-1	4,906250E+2	-1,754479E-1
4,921875E+2	7,479781E-1	4,921875E+2	-8,138578E-2	4,921875E+2	7,169832E-1	4,921875E+2	-9,025230E-2	4,921875E+2	6,651433E-1	4,921875E+2	-8,075764E-2	4,921875E+2	5,502286E-1	4,921875E+2	-1,082054E-1	4,921875E+2	5,392614E-1	4,921875E+2	-1,852992E-1	4,921875E+2	5,759943E-1	4,921875E+2	-1,928360E-1	4,921875E+2	6,185573E-1	4,921875E+2	-1,869724E-1
4,937500E+2	7,361306E-1	4,937500E+2	-1,049289E-1	4,937500E+2	7,237058E-1	4,937500E+2	-9,651978E-2	4,937500E+2	6,703739E-1	4,937500E+2	-8,829369E-2	4,937500E+2	5,596225E-1	4,937500E+2	-1,152535E-1	4,937500E+2	5,330566E-1	4,937500E+2	-1,892696E-1	4,937500E+2	5,829639E-1	4,937500E+2	-2,017555E-1	4,937500E+2	6,273127E-1	4,937500E+2	-1,844965E-1
4,953125E+2	7,153540E-1	4,953125E+2	-1,169048E-1	4,953125E+2	7,159867E-1	4,953125E+2	-1,078598E-1	4,953125E+2	6,597250E-1	4,953125E+2	-1,000972E-1	4,953125E+2	5,575266E-1	4,953125E+2	-1,255754E-1	4,953125E+2	5,246403E-1	4,953125E+2	-1,980593E-1	4,953125E+2	5,751735E-1	4,953125E+2	-2,132793E-1	4,953125E+2	6,216748E-1	4,953125E+2	-1,833422E-1
4,968750E+2	7,395445E-1	4,968750E+2	-9,772473E-2	4,968750E+2	7,253988E-1	4,968750E+2	-9,499080E-2	4,968750E+2	6,650231E-1	4,968750E+2	-7,893259E-2	4,968750E+2	5,577828E-1	4,968750E+2	-1,092856E-1	4,968750E+2	5,309130E-1	4,968750E+2	-1,857032E-1	4,968750E+2	5,766029E-1	4,968750E+2	-1,921514E-1	4,968750E+2	6,269010E-1	4,968750E+2	-1,675660E-1
4,984375E+2	7,457677E-1	4,984375E+2	-1,026265E-1	4,984375E+2	7,244541E-1	4,984375E+2	-1,008757E-1	4,984375E+2	6,714925E-1	4,984375E+2	-9,025428E-2	4,984375E+2	5,595301E-1	4,984375E+2	-1,202399E-1	4,984375E+2	5,345938E-1	4,984375E+2	-1,902664E-1	4,984375E+2	5,759067E-1	4,984375E+2	-1,918512E-1	4,984375E+2	6,141453E-1	4,984375E+2	-1,713943E-1
5,000000E+2	7,275511E-1	5,000000E+2	-1,146758E-1	5,000000E+2	7,149189E-1	5,000000E+2	-1,037056E-1	5,000000E+2	6,615533E-1	5,000000E+2	-9,338553E-2	5,000000E+2	5,521713E-1	5,000000E+2	-1,166000E-1	5,000000E+2	5,226838E-1	5,000000E+2	-1,906827E-1	5,000000E+2	5,636582E-1	5,000000E+2	-1,869586E-1	5,000000E+2	6,040305E-1	5,000000E+2	-1,676804E-1
5,015625E+2	7,247530E-1	5,015625E+2	-1,155002E-1	5,015625E+2	7,086953E-1	5,015625E+2	-1,280167E-1	5,015625E+2	6,594116E-1	5,015625E+2	-1,104249E-1	5,015625E+2	5,538448E-1	5,015625E+2	-1,314724E-1	5,015625E+2	5,272881E-1	5,015625E+2	-1,998423E-1	5,015625E+2	5,634148E-1	5,015625E+2	-2,000650E-1	5,015625E+2	6,153854E-1	5,015625E+2	-1,816592E-1
5,031250E+2	7,387940E-1	5,031250E+2	-1,280405E-1	5,031250E+2	7,096634E-1	5,031250E+2	-1,311584E-1	5,031250E+2	6,622635E-1	5,031250E+2	-1,195240E-1	5,031250E+2	5,558758E-1	5,031250E+2	-1,388085E-1	5,031250E+2	5,233214E-1	5,031250E+2	-1,943565E-1	5,031250E+2	5,666538E-1	5,031250E+2	-1,973380E-1	5,031250E+2	6,158618E-1	5,031250E+2	-1,851348E-1
5,046875E+2	7,308228E-1	5,046875E+2	-1,327774E-1	5,046875E+2	7,177477E-1	5,046875E+2	-1,224505E-1	5,046875E+2	6,677162E-1	5,046875E+2	-1,144565E-1	5,046875E+2	5,639078E-1	5,046875E+2	-1,291768E-1	5,046875E+2	5,225096E-1	5,046875E+2	-1,884067E-1	5,046875E+2	5,695656E-1	5,046875E+2	-1,861168E-1	5,046875E+2	6,186240E-1	5,046875E+2	-1,791661E-1
5,062500E+2	7,213905E-1	5,062500E+2	-1,374068E-1	5,062500E+2	7,230793E-1	5,062500E+2	-1,306856E-1	5,062500E+2	6,685468E-1	5,062500E+2	-1,142455E-1	5,062500E+2	5,577988E-1	5,062500E+2	-1,249174E-1	5,062500E+2	5,310318E-1	5,062500E+2	-1,876367E-1	5,062500E+2	5,688281E-1	5,062500E+2	-1,893157E-1	5,062500E+2	6,186933E-1	5,062500E+2	-1,758792E-1
5,078125E+2	7,247701E-1	5,078125E+2	-1,676504E-1	5,078125E+2	7,176612E-1	5,078125E+2	-1,472515E-1	5,078125E+2	6,649053E-1	5,078125E+2	-1,255152E-1	5,078125E+2	5,522900E-1	5,078125E+2	-1,342531E-1	5,078125E+2	5,286668E-1	5,078125E+2	-1,926272E-1	5,078125E+2	5,602059E-1	5,078125E+2	-1,990945E-1	5,078125E+2	6,222141E-1	5,078125E+2	-1,778671E-1
5,093750E+2	7,335126E-1	5,093750E+2	-1,520163E-1	5,093750E+2	7,084915E-1	5,093750E+2	-1,458568E-1	5,093750E+2	6,635956E-1	5,093750E+2	-1,236833E-1	5,093750E+2	5,545119E-1	5,093750E+2	-1,280768E-1	5,093750E+2	5,246887E-1	5,093750E+2	-1,847020E-1	5,093750E+2	5,577583E-1	5,093750E+2	-1,948393E-1	5,093750E+2	6,144808E-1	5,093750E+2	-1,688283E-1
5,109375E+2	7,320686E-1	5,109375E+2	-1,341346E-1	5,109375E+2	7,041997E-1	5,109375E+2	-1,411332E-1	5,109375E+2	6,610365E-1	5,109375E+2	-1,210293E-1	5,109375E+2	5,471097E-1	5,109375E+2	-1,274054E-1	5,109375E+2	5,133047E-1	5,109375E+2	-1,788393E-1	5,109375E+2	5,645666E-1	5,109375E+2	-1,814786E-1	5,109375E+2	5,995179E-1	5,109375E+2	-1,608216E-1
5,125000E+2	7,386517E-1	5,125000E+2	-1,612212E-1	5,125000E+2	7,188346E-1	5,125000E+2	-1,576766E-1	5,125000E+2	6,691445E-1	5,125000E+2	-1,364031E-1	5,125000E+2	5,576505E-1	5,125000E+2	-1,374171E-1	5,125000E+2	5,214141E-1	5,125000E+2	-1,930856E-1	5,125000E+2	5,692617E-1	5,125000E+2	-1,954295E-1	5,125000E+2	6,115424E-1	5,125000E+2	-1,752187E-1
5,140625E+2	7,232413E-1	5,140625E+2	-1,601716E-1	5,140625E+2	7,155349E-1	5,140625E+2	-1,644249E-1	5,140625E+2	6,702351E-1	5,140625E+2	-1,426129E-1	5,140625E+2	5,608959E-1	5,140625E+2	-1,411987E-1	5,140625E+2	5,272889E-1	5,140625E+2	-2,016156E-1	5,140625E+2	5,556500E-1	5,140625E+2	-2,010219E-1	5,140625E+2	6,124163E-1	5,140625E+2	-1,849633E-1
5,156250E+2	7,167389E-1	5,156250E+2	-1,787416E-1	5,156250E+2	7,114761E-1	5,156250E+2	-1,645466E-1	5,156250E+2	6,722418E-1	5,156250E+2	-1,393773E-1	5,156250E+2	5,571138E-1	5,156250E+2	-1,378779E-1	5,156250E+2	5,251301E-1	5,156250E+2	-1,984991E-1	5,156250E+2	5,509985E-1	5,156250E+2	-2,028467E-1	5,156250E+2	6,064979E-1	5,156250E+2	-1,820599E-1
5,171875E+2	7,087574E-1	5,171875E+2	-1,902459E-1	5,171875E+2	7,252440E-1	5,171875E+2	-1,769962E-1	5,171875E+2	6,840412E-1	5,171875E+2	-1,446617E-1	5,171875E+2	5,620940E-1	5,171875E+2	-1,492667E-1	5,171875E+2	5,321052E-1	5,171875E+2	-2,040900E-1	5,171875E+2	5,642707E-1	5,171875E+2	-2,079468E-1	5,171875E+2	6,129386E-1	5,171875E+2	-1,849284E-1
5,187500E+2	7,203447E-1	5,187500E+2	-1,865799E-1	5,187500E+2	7,089635E-1	5,187500E+2	-1,830595E-1	5,187500E+2	6,653643E-1	5,187500E+2	-1,581052E-1	5,187500E+2	5,522095E-1	5,187500E+2	-1,453168E-1	5,187500E+2	5,247546E-1	5,187500E+2	-2,014588E-1	5,187500E+2	5,559567E-1	5,187500E+2	-2,041781E-1	5,187500E+2	6,038453E-1	5,187500E+2	-1,826907E-1
5,203125E+2	7,179723E-1	5,203125E+2	-2,138249E-1	5,203125E+2	6,932323E-1	5,203125E+2	-1,799795E-1	5,203125E+2	6,528937E-1	5,203125E+2	-1,576690E-1	5,203125E+2	5,530617E-1	5,203125E+2	-1,437267E-1	5,203125E+2	5,163981E-1	5,203125E+2	-1,999007E-1	5,203125E+2	5,445307E-1	5,203125E+2	-1,996305E-1	5,203125E+2	6,004843E-1	5,203125E+2	-1,781406E-1
5,218750E+2	7,242922E-1	5,218750E+2	-2,049672E-1	5,218750E+2	7,049290E-1	5,218750E+2	-1,829626E-1	5,218750E+2	6,596614E-1	5,218750E+2	-1,597891E-1	5,218750E+2	5,542343E-1	5,218750E+2	-1,442038E-1	5,218750E+2	5,182521E-1	5,218750E+2	-1,918660E-1	5,218750E+2	5,530047E-1	5,218750E+2	-1,978345E-1	5,218750E+2	6,121270E-1	5,218750E+2	-1,798350E-1
5,234375E+2	7,117615E-1	5,234375E+2	-1,914635E-1	5,234375E+2	7,015694E-1	5,234375E+2	-1,850081E-1	5,234375E+2	6,576485E-1	5,234375E+2	-1,568529E-1	5,234375E+2	5,466487E-1	5,234375E+2	-1,503777E-1	5,234375E+2	5,158064E-1	5,234375E+2	-1,882040E-1	5,234375E+2	5,507443E-1	5,234375E+2	-1,919811E-1	5,234375E+2	6,000159E-1	5,234375E+2	-1,790391E-1
5,250000E+2	7,182185E-1	5,250000E+2	-1,927074E-1	5,250000E+2	6,879773E-1	5,250000E+2	-1,853616E-1	5,250000E+2	6,511871E-1	5,250000E+2	-1,629881E-1	5,250000E+2	5,397220E-1	5,250000E+2	-1,489302E-1	5,250000E+2	5,147788E-1	5,250000E+2	-2,023900E-1	5,250000E+2	5,490704E-1	5,250000E+2	-1,937675E-1	5,250000E+2	6,009299E-1	5,250000E+2	-1,765705E-1
5,265625E+2	7,296982E-1	5,265625E+2	-2,144065E-1	5,265625E+2	7,122715E-1	5,265625E+2	-1,914086E-1	5,265625E+2	6,682805E-1	5,265625E+2	-1,745749E-1	5,265625E+2	5,568395E-1	5,265625E+2	-1,517353E-1	5,265625E+2	5,287439E-1	5,265625E+2	-2,009526E-1	5,265625E+2	5,624166E-1	5,265625E+2	-1,974241E-1	5,265625E+2	6,167018E-1	5,265625E+2	-1,751043E-1
5,281250E+2	7,169654E-1	5,281250E+2	-2,118423E-1	5,281250E+2	7,089579E-1	5,281250E+2	-1,959831E-1	5,281250E+2	6,705975E-1	5,281250E+2	-1,760754E-1	5,281250E+2	5,652252E-1	5,281250E+2	-1,532528E-1	5,281250E+2	5,265420E-1	5,281250E+2	-1,966282E-1	5,281250E+2	5,557800E-1	5,281250E+2	-1,960318E-1	5,281250E+2	6,046886E-1	5,281250E+2	-1,759826E-1
5,296875E+2	6,946834E-1	5,296875E+2	-2,140832E-1	5,296875E+2	6,868014E-1	5,296875E+2	-1,974871E-1	5,296875E+2	6,586352E-1	5,296875E+2	-1,748261E-1	5,296875E+2	5,567106E-1	5,296875E+2	-1,500764E-1	5,296875E+2	5,120574E-1	5,296875E+2	-1,887411E-1	5,296875E+2	5,519848E-1	5,296875E+2	-1,843011E-1	5,296875E+2	5,969312E-1	5,296875E+2	-1,686648E-1
5,312500E+2	6,950879E-1	5,312500E+2	-2,134346E-1	5,312500E+2	6,892668E-1	5,312500E+2	-2,111805E-1	5,312500E+2	6,549396E-1	5,312500E+2	-1,847985E-1	5,312500E+2	5,521244E-1	5,312500E+2	-1,591168E-1	5,312500E+2	5,089628E-1	5,312500E+2	-1,940568E-1	5,312500E+2	5,537671E-1	5,312500E+2	-1,955901E-1	5,312500E+2	5,965965E-1	5,312500E+2	-1,656767E-1
5,328125E+2	7,128546E-1	5,328125E+2	-2,020393E-1	5,328125E+2	6,872212E-1	5,328125E+2	-2,028848E-1	5,328125E+2	6,494943E-1	5,328125E+2	-1,735408E-1	5,328125E+2	5,359914E-1	5,328125E+2	-1,493370E-1	5,328125E+2	5,074762E-1	5,328125E+2	-1,920622E-1	5,328125E+2	5,474495E-1	5,328125E+2	-1,855175E-1	5,328125E+2	5,904941E-1	5,328125E+2	-1,746081E-1
5,343750E+2	7,274789E-1	5,343750E+2	-2,102699E-1	5,343750E+2	6,951929E-1	5,343750E+2	-2,180177E-1	5,343750E+2	6,505960E-1	5,343750E+2	-1,813860E-1	5,343750E+2	5,396693E-1	5,343750E+2	-1,608220E-1	5,343750E+2	5,069697E-1	5,343750E+2	-1,939333E-1	5,343750E+2	5,454476E-1	5,343750E+2	-1,875143E-1	5,343750E+2	5,945402E-1	5,343750E+2	-1,854263E-1
5,359375E+2	7,029589E-1	5,359375E+2	-2,269852E-1	5,359375E+2	7,007497E-1	5,359375E+2	-2,135876E-1	5,359375E+2	6,539163E-1	5,359375E+2	-1,848604E-1	5,359375E+2	5,398203E-1	5,359375E+2	-1,558396E-1	5,359375E+2	5,039716E-1	5,359375E+2	-1,839614E-1	5,359375E+2	5,438253E-1	5,359375E+2	-1,835770E-1	5,359375E+2	5,953209E-1	5,359375E+2	-1,857292E-1
5,375000E+2	6,986583E-1	5,375000E+2	-2,194880E-1	5,375000E+2	6,934834E-1	5,375000E+2	-2,177145E-1	5,375000E+2	6,503274E-1	5,375000E+2	-1,856147E-1	5,375000E+2	5,456212E-1	5,375000E+2	-1,604834E-1	5,375000E+2	5,050773E-1	5,375000E+2	-1,805730E-1	5,375000E+2	5,498503E-1	5,375000E+2	-1,783209E-1	5,375000E+2	6,047739E-1	5,375000E+2	-1,815709E-1
5,390625E+2	6,833980E-1	5,390625E+2	-2,412583E-1	5,390625E+2	6,768324E-1	5,390625E+2	-2,308552E-1	5,390625E+2	6,404882E-1	5,390625E+2	-1,947698E-1	5,390625E+2	5,511886E-1	5,390625E+2	-1,635003E-1	5,390625E+2	5,004970E-1	5,390625E+2	-1,830552E-1	5,390625E+2	5,462432E-1	5,390625E+2	-1,861987E-1	5,390625E+2	5,956919E-1	5,390625E+2	-1,686652E-1
5,406250E+2	6,978139E-1	5,406250E+2	-2,326934E-1	5,406250E+2	6,832847E-1	5,406250E+2	-2,298808E-1	5,406250E+2	6,467849E-1	5,406250E+2	-2,059110E-1	5,406250E+2	5,472651E-1	5,406250E+2	-1,695450E-1	5,406250E+2	5,099338E-1	5,406250E+2	-1,934107E-1	5,406250E+2	5,449727E-1	5,406250E+2	-1,913083E-1	5,406250E+2	6,009232E-1	5,406250E+2	-1,808443E-1
5,421875E+2	7,099972E-1	5,421875E+2	-2,205738E-1	5,421875E+2	6,766726E-1	5,421875E+2	-2,337696E-1	5,421875E+2	6,373484E-1	5,421875E+2	-2,110204E-1	5,421875E+2	5,413408E-1	5,421875E+2	-1,681519E-1	5,421875E+2	5,086815E-1	5,421875E+2	-1,918771E-1	5,421875E+2	5,432939E-1	5,421875E+2	-1,837124E-1	5,421875E+2	5,996038E-1	5,421875E+2	-1,707085E-1
5,437500E+2	7,003825E-1	5,437500E+2	-2,504177E-1	5,437500E+2	6,829941E-1	5,437500E+2	-2,482163E-1	5,437500E+2	6,462463E-1	5,437500E+2	-2,128844E-1	5,437500E+2	5,468409E-1	5,437500E+2	-1,762008E-1	5,437500E+2	5,035370E-1	5,437500E+2	-1,949876E-1	5,437500E+2	5,459900E-1	5,437500E+2	-1,965473E-1	5,437500E+2	6,035178E-1	5,437500E+2	-1,743792E-1
5,453125E+2	6,892959E-1	5,453125E+2	-2,629477E-1	5,453125E+2	6,785718E-1	5,453125E+2	-2,446801E-1	5,453125E+2	6,438917E-1	5,453125E+2	-2,188691E-1	5,453125E+2	5,495809E-1	5,453125E+2	-1,763579E-1	5,453125E+2	5,018123E-1	5,453125E+2	-1,902405E-1	5,453125E+2	5,484211E-1	5,453125E+2	-1,979758E-1	5,453125E+2	5,913347E-1	5,453125E+2	-1,825008E-1
5,468750E+2	6,581173E-1	5,468750E+2	-2,550243E-1	5,468750E+2	6,759035E-1	5,468750E+2	-2,540811E-1	5,468750E+2	6,394723E-1	5,468750E+2	-2,204729E-1	5,468750E+2	5,418291E-1	5,468750E+2	-1,784367E-1	5,468750E+2	5,041747E-1	5,468750E+2	-1,913855E-1	5,468750E+2	5,402365E-1	5,468750E+2	-1,996638E-1	5,468750E+2	5,789633E-1	5,468750E+2	-1,805484E-1
5,484375E+2	6,667251E-1	5,484375E+2	-2,629340E-1	5,484375E+2	6,741405E-1	5,484375E+2	-2,577659E-1	5,484375E+2	6,334008E-1	5,484375E+2	-2,256554E-1	5,484375E+2	5,314719E-1	5,484375E+2	-1,789370E-1	5,484375E+2	5,042030E-1	5,484375E+2	-1,907150E-1	5,484375E+2	5,421566E-1	5,484375E+2	-2,043190E-1	5,484375E+2	5,783234E-1	5,484375E+2	-1,688196E-1
5,500000E+2	7,014462E-1	5,500000E+2	-2,636756E-1	5,500000E+2	6,599837E-1	5,500000E+2	-2,540266E-1	5,500000E+2	6,225974E-1	5,500000E+2	-2,205960E-1	5,500000E+2	5,322443E-1	5,500000E+2	-1,700602E-1	5,500000E+2	4,960202E-1	5,500000E+2	-1,816441E-1	5,500000E+2	5,433085E-1	5,500000E+2	-1,903639E-1	5,500000E+2	5,692691E-1	5,500000E+2	-1,663457E-1
5,515625E+2	6,988875E-1	5,515625E+2	-2,883596E-1	5,515625E+2	6,569413E-1	5,515625E+2	-2,595085E-1	5,515625E+2	6,235423E-1	5,515625E+2	-2,195118E-1	5,515625E+2	5,325425E-1	5,515625E+2	-1,740586E-1	5,515625E+2	4,954534E-1	5,515625E+2	-1,855066E-1	5,515625E+2	5,365565E-1	5,515625E+2	-1,859309E-1	5,515625E+2	5,683008E-1	5,515625E+2	-1,653900E-1
5,531250E+2	6,807576E-1	5,531250E+2	-2,702233E-1	5,531250E+2	6,599334E-1	5,531250E+2	-2,629922E-1	5,531250E+2	6,246529E-1	5,531250E+2	-2,274116E-1	5,531250E+2	5,312561E-1	5,531250E+2	-1,777430E-1	5,531250E+2	4,999946E-1	5,531250E+2	-1,839809E-1	5,531250E+2	5,368009E-1	5,531250E+2	-1,802383E-1	5,531250E+2	5,833743E-1	5,531250E+2	-1,671821E-1
5,546875E+2	6,703568E-1	5,546875E+2	-2,753584E-1	5,546875E+2	6,655998E-1	5,546875E+2	-2,719680E-1	5,546875E+2	6,319731E-1	5,546875E+2	-2,295786E-1	5,546875E+2	5,344149E-1	5,546875E+2	-1,784463E-1	5,546875E+2	5,049575E-1	5,546875E+2	-1,999913E-1	5,546875E+2	5,286290E-1	5,546875E+2	-2,031752E-1	5,546875E+2	5,855299E-1	5,546875E+2	-1,813460E-1
5,562500E+2	6,551045E-1	5,562500E+2	-2,848929E-1	5,562500E+2	6,567582E-1	5,562500E+2	-2,743872E-1	5,562500E+2	6,252989E-1	5,562500E+2	-2,367336E-1	5,562500E+2	5,288158E-1	5,562500E+2	-1,785965E-1	5,562500E+2	4,996170E-1	5,562500E+2	-1,921849E-1	5,562500E+2	5,250183E-1	5,562500E+2	-1,931365E-1	5,562500E+2	5,814633E-1	5,562500E+2	-1,729250E-1
5,578125E+2	6,550938E-1	5,578125E+2	-2,943084E-1	5,578125E+2	6,496808E-1	5,578125E+2	-2,774694E-1	5,578125E+2	6,182347E-1	5,578125E+2	-2,399257E-1	5,578125E+2	5,286791E-1	5,578125E+2	-1,874584E-1	5,578125E+2	4,960951E-1	5,578125E+2	-1,933170E-1	5,578125E+2	5,331794E-1	5,578125E+2	-1,861634E-1	5,578125E+2	5,816386E-1	5,578125E+2	-1,776207E-1
5,593750E+2	6,634092E-1	5,593750E+2	-3,010436E-1	5,593750E+2	6,547535E-1	5,593750E+2	-2,844464E-1	5,593750E+2	6,279104E-1	5,593750E+2	-2,286378E-1	5,593750E+2	5,297149E-1	5,593750E+2	-1,799761E-1	5,593750E+2	4,955748E-1	5,593750E+2	-1,892673E-1	5,593750E+2	5,395841E-1	5,593750E+2	-1,895106E-1	5,593750E+2	5,817559E-1	5,593750E+2	-1,702066E-1
5,609375E+2	6,452595E-1	5,609375E+2	-2,912077E-1	5,609375E+2	6,473589E-1	5,609375E+2	-2,830987E-1	5,609375E+2	6,230762E-1	5,609375E+2	-2,377933E-1	5,609375E+2	5,204483E-1	5,609375E+2	-1,800442E-1	5,609375E+2	4,964901E-1	5,609375E+2	-1,885204E-1	5,609375E+2	5,319094E-1	5,609375E+2	-1,893881E-1	5,609375E+2	5,779437E-1	5,609375E+2	-1,609828E-1
5,625000E+2	6,396182E-1	5,625000E+2	-2,941719E-1	5,625000E+2	6,396098E-1	5,625000E+2	-2,892846E-1	5,625000E+2	6,110309E-1	5,625000E+2	-2,462258E-1	5,625000E+2	5,202715E-1	5,625000E+2	-1,852741E-1	5,625000E+2	4,952646E-1	5,625000E+2	-1,931693E-1	5,625000E+2	5,260889E-1	5,625000E+2	-1,946772E-1	5,625000E+2	5,712563E-1	5,625000E+2	-1,728753E-1
5,640625E+2	6,435039E-1	5,640625E+2	-2,996653E-1	5,640625E+2	6,352509E-1	5,640625E+2	-2,970524E-1	5,640625E+2	6,045467E-1	5,640625E+2	-2,550770E-1	5,640625E+2	5,176316E-1	5,640625E+2	-1,908737E-1	5,640625E+2	4,913503E-1	5,640625E+2	-1,896893E-1	5,640625E+2	5,310865E-1	5,640625E+2	-1,950862E-1	5,640625E+2	5,799380E-1	5,640625E+2	-1,685079E-1
5,656250E+2	6,408578E-1	5,656250E+2	-3,088568E-1	5,656250E+2	6,328578E-1	5,656250E+2	-3,046785E-1	5,656250E+2	6,065691E-1	5,656250E+2	-2,541941E-1	5,656250E+2	5,131506E-1	5,656250E+2	-1,962232E-1	5,656250E+2	4,953769E-1	5,656250E+2	-1,877802E-1	5,656250E+2	5,391910E-1	5,656250E+2	-1,883360E-1	5,656250E+2	5,711000E-1	5,656250E+2	-1,675396E-1
5,671875E+2	6,432188E-1	5,671875E+2	-3,069621E-1	5,671875E+2	6,312982E-1	5,671875E+2	-2,995424E-1	5,671875E+2	5,966807E-1	5,671875E+2	-2,571840E-1	5,671875E+2	5,158839E-1	5,671875E+2	-1,920647E-1	5,671875E+2	4,951206E-1	5,671875E+2	-1,937896E-1	5,671875E+2	5,399053E-1	5,671875E+2	-1,823954E-1	5,671875E+2	5,819536E-1	5,671875E+2	-1,737949E-1
5,687500E+2	6,511031E-1	5,687500E+2	-3,086163E-1	5,687500E+2	6,269360E-1	5,687500E+2	-3,011508E-1	5,687500E+2	5,979405E-1	5,687500E+2	-2,628393E-1	5,687500E+2	5,135602E-1	5,687500E+2	-1,896512E-1	5,687500E+2	4,923694E-1	5,687500E+2	-1,896858E-1	5,687500E+2	5,390848E-1	5,687500E+2	-1,775746E-1	5,687500E+2	5,788188E-1	5,687500E+2	-1,630434E-1
5,703125E+2	6,361927E-1	5,703125E+2	-3,205661E-1	5,703125E+2	6,180259E-1	5,703125E+2	-3,119226E-1	5,703125E+2	5,958069E-1	5,703125E+2	-2,640286E-1	5,703125E+2	5,128207E-1	5,703125E+2	-1,951052E-1	5,703125E+2	4,817549E-1	5,703125E+2	-1,886799E-1	5,703125E+2	5,295910E-1	5,703125E+2	-1,882987E-1	5,703125E+2	5,682499E-1	5,703125E+2	-1,701755E-1
5,718750E+2	6,205862E-1	5,718750E+2	-3,181864E-1	5,718750E+2	6,205959E-1	5,718750E+2	-3,148571E-1	5,718750E+2	5,967685E-1	5,718750E+2	-2,659182E-1	5,718750E+2	5,201188E-1	5,718750E+2	-1,874747E-1	5,718750E+2	4,841570E-1	5,718750E+2	-1,868729E-1	5,718750E+2	5,270167E-1	5,718750E+2	-1,880468E-1	5,718750E+2	5,721125E-1	5,718750E+2	-1,704882E-1
5,734375E+2	6,291735E-1	5,734375E+2	-3,246969E-1	5,734375E+2	6,186781E-1	5,734375E+2	-3,166855E-1	5,734375E+2	5,931373E-1	5,734375E+2	-2,706346E-1	5,734375E+2	5,172433E-1	5,734375E+2	-1,933924E-1	5,734375E+2	4,867342E-1	5,734375E+2	-1,889909E-1	5,734375E+2	5,306314E-1	5,734375E+2	-1,840986E-1	5,734375E+2	5,723940E-1	5,734375E+2	-1,710966E-1
5,750000E+2	6,340840E-1	5,750000E+2	-3,223509E-1	5,750000E+2	6,163856E-1	5,750000E+2	-3,167942E-1	5,750000E+2	5,919087E-1	5,750000E+2	-2,734061E-1	5,750000E+2	5,151867E-1	5,750000E+2	-2,022929E-1	5,750000E+2	4,826374E-1	5,750000E+2	-1,841703E-1	5,750000E+2	5,280199E-1	5,750000E+2	-1,745305E-1	5,750000E+2	5,715848E-1	5,750000E+2	-1,737876E-1
5,765625E+2	6,174541E-1	5,765625E+2	-3,225286E-1	5,765625E+2	6,166845E-1	5,765625E+2	-3,238991E-1	5,765625E+2	5,890818E-1	5,765625E+2	-2,709701E-1	5,765625E+2	5,138827E-1	5,765625E+2	-1,954961E-1	5,765625E+2	4,875559E-1	5,765625E+2	-1,780066E-1	5,765625E+2	5,218348E-1	5,765625E+2	-1,692776E-1	5,765625E+2	5,816764E-1	5,765625E+2	-1,606866E-1
5,781250E+2	6,084677E-1	5,781250E+2	-3,413320E-1	5,781250E+2	6,044031E-1	5,781250E+2	-3,181087E-1	5,781250E+2	5,795927E-1	5,781250E+2	-2,735881E-1	5,781250E+2	5,084941E-1	5,781250E+2	-1,889197E-1	5,781250E+2	4,843009E-1	5,781250E+2	-1,792024E-1	5,781250E+2	5,176480E-1	5,781250E+2	-1,729300E-1	5,781250E+2	5,726622E-1	5,781250E+2	-1,655583E-1
5,796875E+2	5,998789E-1	5,796875E+2	-3,354463E-1	5,796875E+2	5,927013E-1	5,796875E+2	-3,263890E-1	5,796875E+2	5,641798E-1	5,796875E+2	-2,783651E-1	5,796875E+2	5,000060E-1	5,796875E+2	-1,964496E-1	5,796875E+2	4,798470E-1	5,796875E+2	-1,892189E-1	5,796875E+2	5,178673E-1	5,796875E+2	-1,806999E-1	5,796875E+2	5,693183E-1	5,796875E+2	-1,795296E-1
5,812500E+2	6,000294E-1	5,812500E+2	-3,473233E-1	5,812500E+2	5,938016E-1	5,812500E+2	-3,344354E-1	5,812500E+2	5,647658E-1	5,812500E+2	-2,814530E-1	5,812500E+2	5,106722E-1	5,812500E+2	-2,080458E-1	5,812500E+2	4,780438E-1	5,812500E+2	-1,921744E-1	5,812500E+2	5,187766E-1	5,812500E+2	-1,843980E-1	5,812500E+2	5,707346E-1	5,812500E+2	-1,849072E-1
5,828125E+2	5,933358E-1	5,828125E+2	-3,448873E-1	5,828125E+2	5,901490E-1	5,828125E+2	-3,345770E-1	5,828125E+2	5,678550E-1	5,828125E+2	-2,829715E-1	5,828125E+2	4,970607E-1	5,828125E+2	-2,064209E-1	5,828125E+2	4,799144E-1	5,828125E+2	-1,823882E-1	5,828125E+2	5,191790E-1	5,828125E+2	-1,803159E-1	5,828125E+2	5,671078E-1	5,828125E+2	-1,769967E-1
5,843750E+2	5,900268E-1	5,843750E+2	-3,441539E-1	5,843750E+2	5,891390E-1	5,843750E+2	-3,399524E-1	5,843750E+2	5,665083E-1	5,843750E+2	-2,894943E-1	5,843750E+2	4,943754E-1	5,843750E+2	-2,011523E-1	5,843750E+2	4,778912E-1	5,843750E+2	-1,781674E-1	5,843750E+2	5,267100E-1	5,843750E+2	-1,760919E-1	5,843750E+2	5,725893E-1	5,843750E+2	-1,740039E-1
5,859375E+2	5,843543E-1	5,859375E+2	-3,468892E-1	5,859375E+2	5,847982E-1	5,859375E+2	-3,446614E-1	5,859375E+2	5,637063E-1	5,859375E+2	-2,963274E-1	5,859375E+2	4,984132E-1	5,859375E+2	-2,020691E-1	5,859375E+2	4,809194E-1	5,859375E+2	-1,834404E-1	5,859375E+2	5,274042E-1	5,859375E+2	-1,712116E-1	5,859375E+2	5,760619E-1	5,859375E+2	-1,771966E-1
5,875000E+2	5,863964E-1	5,875000E+2	-3,513922E-1	5,875000E+2	5,794967E-1	5,875000E+2	-3,447308E-1	5,875000E+2	5,576098E-1	5,875000E+2	-2,890945E-1	5,875000E+2	4,945585E-1	5,875000E+2	-2,012944E-1	5,875000E+2	4,767743E-1	5,875000E+2	-1,794566E-1	5,875000E+2	5,219296E-1	5,875000E+2	-1,780041E-1	5,875000E+2	5,808654E-1	5,875000E+2	-1,798363E-1
5,890625E+2	5,808243E-1	5,890625E+2	-3,568649E-1	5,890625E+2	5,714685E-1	5,890625E+2	-3,417635E-1	5,890625E+2	5,496726E-1	5,890625E+2	-2,877979E-1	5,890625E+2	4,921328E-1	5,890625E+2	-2,015565E-1	5,890625E+2	4,698633E-1	5,890625E+2	-1,776739E-1	5,890625E+2	5,236369E-1	5,890625E+2	-1,826592E-1	5,890625E+2	5,818138E-1	5,890625E+2	-1,644899E-1
5,906250E+2	5,735022E-1	5,906250E+2	-3,540539E-1	5,906250E+2	5,674888E-1	5,906250E+2	-3,436932E-1	5,906250E+2	5,469935E-1	5,906250E+2	-2,934521E-1	5,906250E+2	4,926363E-1	5,906250E+2	-2,079677E-1	5,906250E+2	4,747255E-1	5,906250E+2	-1,803871E-1	5,906250E+2	5,209899E-1	5,906250E+2	-1,746185E-1	5,906250E+2	5,693645E-1	5,906250E+2	-1,643924E-1
5,921875E+2	5,651441E-1	5,921875E+2	-3,580070E-1	5,921875E+2	5,637696E-1	5,921875E+2	-3,541305E-1	5,921875E+2	5,441300E-1	5,921875E+2	-2,976651E-1	5,921875E+2	4,869969E-1	5,921875E+2	-2,018799E-1	5,921875E+2	4,768025E-1	5,921875E+2	-1,822828E-1	5,921875E+2	5,197183E-1	5,921875E+2	-1,792768E-1	5,921875E+2	5,689927E-1	5,921875E+2	-1,686004E-1
5,937500E+2	5,657923E-1	5,937500E+2	-3,642990E-1	5,937500E+2	5,627291E-1	5,937500E+2	-3,549055E-1	5,937500E+2	5,422032E-1	5,937500E+2	-3,018235E-1	5,937500E+2	4,865506E-1	5,937500E+2	-2,020773E-1	5,937500E+2	4,742917E-1	5,937500E+2	-1,824102E-1	5,937500E+2	5,144866E-1	5,937500E+2	-1,786098E-1	5,937500E+2	5,672830E-1	5,937500E+2	-1,745609E-1
5,953125E+2	5,534699E-1	5,953125E+2	-3,685093E-1	5,953125E+2	5,494858E-1	5,953125E+2	-3,576321E-1	5,953125E+2	5,365533E-1	5,953125E+2	-3,043746E-1	5,953125E+2	4,818852E-1	5,953125E+2	-2,039629E-1	5,953125E+2	4,684705E-1	5,953125E+2	-1,765195E-1	5,953125E+2	5,134316E-1	5,953125E+2	-1,789923E-1	5,953125E+2	5,587361E-1	5,953125E+2	-1,768035E-1
5,968750E+2	5,474193E-1	5,968750E+2	-3,714327E-1	5,968750E+2	5,441112E-1	5,968750E+2	-3,598942E-1	5,968750E+2	5,313271E-1	5,968750E+2	-3,065379E-1	5,968750E+2	4,834668E-1	5,968750E+2	-2,068814E-1	5,968750E+2	4,661997E-1	5,968750E+2	-1,796133E-1	5,968750E+2	5,128270E-1	5,968750E+2	-1,736390E-1	5,968750E+2	5,608155E-1	5,968750E+2	-1,655705E-1
5,984375E+2	5,365255E-1	5,984375E+2	-3,790224E-1	5,984375E+2	5,400458E-1	5,984375E+2	-3,650224E-1	5,984375E+2	5,280856E-1	5,984375E+2	-3,068514E-1	5,984375E+2	4,806666E-1	5,984375E+2	-2,085847E-1	5,984375E+2	4,656028E-1	5,984375E+2	-1,858904E-1	5,984375E+2	5,121887E-1	5,984375E+2	-1,785610E-1	5,984375E+2	5,731384E-1	5,984375E+2	-1,661767E-1
6,000000E+2	5,363146E-1	6,000000E+2	-3,783967E-1	6,000000E+2	5,374215E-1	6,000000E+2	-3,638311E-1	6,000000E+2	5,240384E-1	6,000000E+2	-3,107001E-1	6,000000E+2	4,754917E-1	6,000000E+2	-2,123968E-1	6,000000E+2	4,679737E-1	6,000000E+2	-1,824528E-1	6,000000E+2	5,162155E-1	6,000000E+2	-1,736408E-1	6,000000E+2	5,753326E-1	6,000000E+2	-1,726872E-1
6,015625E+2	5,399668E-1	6,015625E+2	-3,724321E-1	6,015625E+2	5,309848E-1	6,015625E+2	-3,645655E-1	6,015625E+2	5,139789E-1	6,015625E+2	-3,109372E-1	6,015625E+2	4,749906E-1	6,015625E+2	-2,099048E-1	6,015625E+2	4,679853E-1	6,015625E+2	-1,763073E-1	6,015625E+2	5,101124E-1	6,015625E+2	-1,758883E-1	6,015625E+2	5,680348E-1	6,015625E+2	-1,625433E-1
6,031250E+2	5,310116E-1	6,031250E+2	-3,818725E-1	6,031250E+2	5,247822E-1	6,031250E+2	-3,677436E-1	6,031250E+2	5,096116E-1	6,031250E+2	-3,078553E-1	6,031250E+2	4,748132E-1	6,031250E+2	-2,075576E-1	6,031250E+2	4,649563E-1	6,031250E+2	-1,750844E-1	6,031250E+2	5,146252E-1	6,031250E+2	-1,800370E-1	6,031250E+2	5,723856E-1	6,031250E+2	-1,609375E-1
6,046875E+2	5,287549E-1	6,046875E+2	-3,840807E-1	6,046875E+2	5,232439E-1	6,046875E+2	-3,721032E-1	6,046875E+2	5,119188E-1	6,046875E+2	-3,090207E-1	6,046875E+2	4,715091E-1	6,046875E+2	-2,087619E-1	6,046875E+2	4,680795E-1	6,046875E+2	-1,763871E-1	6,046875E+2	5,206971E-1	6,046875E+2	-1,781372E-1	6,046875E+2	5,745733E-1	6,046875E+2	-1,668509E-1
6,062500E+2	5,248656E-1	6,062500E+2	-3,854573E-1	6,062500E+2	5,145521E-1	6,062500E+2	-3,736778E-1	6,062500E+2	5,091767E-1	6,062500E+2	-3,173256E-1	6,062500E+2	4,684596E-1	6,062500E+2	-2,135140E-1	6,062500E+2	4,719664E-1	6,062500E+2	-1,823690E-1	6,062500E+2	5,133642E-1	6,062500E+2	-1,751647E-1	6,062500E+2	5,828257E-1	6,062500E+2	-1,665168E-1
6,078125E+2	5,134772E-1	6,078125E+2	-3,861313E-1	6,078125E+2	5,051267E-1	6,078125E+2	-3,731385E-1	6,078125E+2	5,036018E-1	6,078125E+2	-3,174048E-1	6,078125E+2	4,648822E-1	6,078125E+2	-2,120425E-1	6,078125E+2	4,609381E-1	6,078125E+2	-1,767630E-1	6,078125E+2	5,111236E-1	6,078125E+2	-1,830156E-1	6,078125E+2	5,738375E-1	6,078125E+2	-1,591336E-1
6,093750E+2	5,089575E-1	6,093750E+2	-3,898334E-1	6,093750E+2	5,019832E-1	6,093750E+2	-3,721833E-1	6,093750E+2	4,979902E-1	6,093750E+2	-3,187214E-1	6,093750E+2	4,674817E-1	6,093750E+2	-2,117245E-1	6,093750E+2	4,609540E-1	6,093750E+2	-1,733491E-1	6,093750E+2	5,093915E-1	6,093750E+2	-1,769687E-1	6,093750E+2	5,684476E-1	6,093750E+2	-1,554127E-1
6,109375E+2	5,011745E-1	6,109375E+2	-3,887174E-1	6,109375E+2	4,982247E-1	6,109375E+2	-3,754110E-1	6,109375E+2	4,919601E-1	6,109375E+2	-3,172695E-1	6,109375E+2	4,624665E-1	6,109375E+2	-2,164541E-1	6,109375E+2	4,595317E-1	6,109375E+2	-1,728697E-1	6,109375E+2	5,095650E-1	6,109375E+2	-1,714462E-1	6,109375E+2	5,627370E-1	6,109375E+2	-1,555839E-1
6,125000E+2	4,922536E-1	6,125000E+2	-3,912256E-1	6,125000E+2	4,925963E-1	6,125000E+2	-3,780704E-1	6,125000E+2	4,889673E-1	6,125000E+2	-3,185035E-1	6,125000E+2	4,595440E-1	6,125000E+2	-2,066404E-1	6,125000E+2	4,603099E-1	6,125000E+2	-1,734425E-1	6,125000E+2	5,113135E-1	6,125000E+2	-1,702698E-1	6,125000E+2	5,629392E-1	6,125000E+2	-1,580757E-1
6,140625E+2	4,866342E-1	6,140625E+2	-3,985123E-1	6,140625E+2	4,875065E-1	6,140625E+2	-3,824432E-1	6,140625E+2	4,844996E-1	6,140625E+2	-3,247386E-1	6,140625E+2	4,555251E-1	6,140625E+2	-2,070539E-1	6,140625E+2	4,579889E-1	6,140625E+2	-1,761037E-1	6,140625E+2	5,174174E-1	6,140625E+2	-1,754796E-1	6,140625E+2	5,686159E-1	6,140625E+2	-1,637801E-1
6,156250E+2	4,806026E-1	6,156250E+2	-3,962115E-1	6,156250E+2	4,825248E-1	6,156250E+2	-3,795226E-1	6,156250E+2	4,820951E-1	6,156250E+2	-3,225243E-1	6,156250E+2	4,527865E-1	6,156250E+2	-2,098408E-1	6,156250E+2	4,629640E-1	6,156250E+2	-1,738602E-1	6,156250E+2	5,156338E-1	6,156250E+2	-1,697135E-1	6,156250E+2	5,682540E-1	6,156250E+2	-1,590856E-1
6,171875E+2	4,795585E-1	6,171875E+2	-3,952113E-1	6,171875E+2	4,748984E-1	6,171875E+2	-3,796916E-1	6,171875E+2	4,792241E-1	6,171875E+2	-3,228525E-1	6,171875E+2	4,526124E-1	6,171875E+2	-2,060354E-1	6,171875E+2	4,629208E-1	6,171875E+2	-1,723009E-1	6,171875E+2	5,135705E-1	6,171875E+2	-1,670919E-1	6,171875E+2	5,706850E-1	6,171875E+2	-1,559203E-1
6,187500E+2	4,690322E-1	6,187500E+2	-3,975409E-1	6,187500E+2	4,687437E-1	6,187500E+2	-3,802779E-1	6,187500E+2	4,689945E-1	6,187500E+2	-3,226453E-1	6,187500E+2	4,527001E-1	6,187500E+2	-2,052295E-1	6,187500E+2	4,609471E-1	6,187500E+2	-1,652293E-1	6,187500E+2	5,134022E-1	6,187500E+2	-1,655033E-1	6,187500E+2	5,635750E-1	6,187500E+2	-1,535390E-1
6,203125E+2	4,633647E-1	6,203125E+2	-3,949602E-1	6,203125E+2	4,602515E-1	6,203125E+2	-3,820267E-1	6,203125E+2	4,651708E-1	6,203125E+2	-3,227465E-1	6,203125E+2	4,476574E-1	6,203125E+2	-2,109221E-1	6,203125E+2	4,612943E-1	6,203125E+2	-1,644595E-1	6,203125E+2	5,125608E-1	6,203125E+2	-1,621717E-1	6,203125E+2	5,661652E-1	6,203125E+2	-1,554096E-1
6,218750E+2	4,579744E-1	6,218750E+2	-3,972836E-1	6,218750E+2	4,557239E-1	6,218750E+2	-3,846467E-1	6,218750E+2	4,594115E-1	6,218750E+2	-3,230421E-1	6,218750E+2	4,454380E-1	6,218750E+2	-2,091778E-1	6,218750E+2	4,601157E-1	6,218750E+2	-1,660777E-1	6,218750E+2	5,115059E-1	6,218750E+2	-1,627964E-1	6,218750E+2	5,636928E-1	6,218750E+2	-1,634569E-1
6,234375E+2	4,525359E-1	6,234375E+2	-4,017234E-1	6,234375E+2	4,511465E-1	6,234375E+2	-3,862457E-1	6,234375E+2	4,522442E-1	6,234375E+2	-3,258028E-1	6,234375E+2	4,376630E-1	6,234375E+2	-2,071060E-1	6,234375E+2	4,567275E-1	6,234375E+2	-1,656083E-1	6,234375E+2	5,054181E-1	6,234375E+2	-1,695781E-1	6,234375E+2	5,593954E-1	6,234375E+2	-1,606004E-1
6,250000E+2	4,418105E-1	6,250000E+2	-3,983932E-1	6,250000E+2	4,414650E-1	6,250000E+2	-3,855358E-1	6,250000E+2	4,492389E-1	6,250000E+2	-3,241900E-1	6,250000E+2	4,374154E-1	6,250000E+2	-2,061978E-1	6,250000E+2	4,595933E-1	6,250000E+2	-1,648503E-1	6,250000E+2	5,078422E-1	6,250000E+2	-1,615034E-1	6,250000E+2	5,589048E-1	6,250000E+2	-1,597702E-1
6,265625E+2	4,345978E-1	6,265625E+2	-4,014424E-1	6,265625E+2	4,368220E-1	6,265625E+2	-3,847640E-1	6,265625E+2	4,467476E-1	6,265625E+2	-3,254688E-1	6,265625E+2	4,364153E-1	6,265625E+2	-2,080623E-1	6,265625E+2	4,577068E-1	6,265625E+2	-1,603475E-1	6,265625E+2	5,099764E-1	6,265625E+2	-1,645475E-1	6,265625E+2	5,639252E-1	6,265625E+2	-1,604789E-1
6,281250E+2	4,289101E-1	6,281250E+2	-3,995994E-1	6,281250E+2	4,301233E-1	6,281250E+2	-3,867866E-1	6,281250E+2	4,382064E-1	6,281250E+2	-3,222477E-1	6,281250E+2	4,360902E-1	6,281250E+2	-2,084095E-1	6,281250E+2	4,568390E-1	6,281250E+2	-1,600891E-1	6,281250E+2	5,076129E-1	6,281250E+2	-1,668468E-1	6,281250E+2	5,654785E-1	6,281250E+2	-1,621765E-1
6,296875E+2	4,243584E-1	6,296875E+2	-3,988236E-1	6,296875E+2	4,238193E-1	6,296875E+2	-3,843456E-1	6,296875E+2	4,315213E-1	6,296875E+2	-3,217839E-1	6,296875E+2	4,295386E-1	6,296875E+2	-2,094506E-1	6,296875E+2	4,526810E-1	6,296875E+2	-1,592291E-1	6,296875E+2	5,072812E-1	6,296875E+2	-1,624552E-1	6,296875E+2	5,608441E-1	6,296875E+2	-1,540704E-1
6,312500E+2	4,167742E-1	6,312500E+2	-4,005167E-1	6,312500E+2	4,180941E-1	6,312500E+2	-3,854548E-1	6,312500E+2	4,318808E-1	6,312500E+2	-3,244434E-1	6,312500E+2	4,300254E-1	6,312500E+2	-2,097719E-1	6,312500E+2	4,510885E-1	6,312500E+2	-1,604976E-1	6,312500E+2	5,093086E-1	6,312500E+2	-1,643129E-1	6,312500E+2	5,657803E-1	6,312500E+2	-1,531384E-1
6,328125E+2	4,073045E-1	6,328125E+2	-4,001584E-1	6,328125E+2	4,097479E-1	6,328125E+2	-3,866539E-1	6,328125E+2	4,257043E-1	6,328125E+2	-3,270463E-1	6,328125E+2	4,250065E-1	6,328125E+2	-2,104892E-1	6,328125E+2	4,529957E-1	6,328125E+2	-1,632418E-1	6,328125E+2	5,055921E-1	6,328125E+2	-1,631225E-1	6,328125E+2	5,605966E-1	6,328125E+2	-1,543363E-1
6,343750E+2	3,980696E-1	6,343750E+2	-3,997233E-1	6,343750E+2	4,049882E-1	6,343750E+2	-3,823792E-1	6,343750E+2	4,174890E-1	6,343750E+2	-3,226728E-1	6,343750E+2	4,189549E-1	6,343750E+2	-2,082433E-1	6,343750E+2	4,515881E-1	6,343750E+2	-1,615375E-1	6,343750E+2	5,101927E-1	6,343750E+2	-1,566547E-1	6,343750E+2	5,600255E-1	6,343750E+2	-1,552463E-1
6,359375E+2	3,927384E-1	6,359375E+2	-3,984404E-1	6,359375E+2	3,975636E-1	6,359375E+2	-3,820911E-1	6,359375E+2	4,144793E-1	6,359375E+2	-3,217577E-1	6,359375E+2	4,228974E-1	6,359375E+2	-2,099266E-1	6,359375E+2	4,517306E-1	6,359375E+2	-1,610856E-1	6,359375E+2	5,072293E-1	6,359375E+2	-1,577448E-1	6,359375E+2	5,592170E-1	6,359375E+2	-1,523351E-1
6,375000E+2	3,913699E-1	6,375000E+2	-3,961436E-1	6,375000E+2	3,914163E-1	6,375000E+2	-3,834556E-1	6,375000E+2	4,108257E-1	6,375000E+2	-3,248956E-1	6,375000E+2	4,239273E-1	6,375000E+2	-2,076479E-1	6,375000E+2	4,512053E-1	6,375000E+2	-1,588426E-1	6,375000E+2	5,029044E-1	6,375000E+2	-1,560379E-1	6,375000E+2	5,591742E-1	6,375000E+2	-1,527038E-1
6,390625E+2	3,789766E-1	6,390625E+2	-4,007059E-1	6,390625E+2	3,862324E-1	6,390625E+2	-3,817197E-1	6,390625E+2	4,046290E-1	6,390625E+2	-3,229179E-1	6,390625E+2	4,180968E-1	6,390625E+2	-2,008878E-1	6,390625E+2	4,528010E-1	6,390625E+2	-1,596446E-1	6,390625E+2	5,005615E-1	6,390625E+2	-1,545569E-1	6,390625E+2	5,605290E-1	6,390625E+2	-1,574282E-1
6,406250E+2	3,734269E-1	6,406250E+2	-3,937608E-1	6,406250E+2	3,770048E-1	6,406250E+2	-3,799816E-1	6,406250E+2	3,977001E-1	6,406250E+2	-3,220597E-1	6,406250E+2	4,155555E-1	6,406250E+2	-1,988533E-1	6,406250E+2	4,513773E-1	6,406250E+2	-1,527494E-1	6,406250E+2	4,994465E-1	6,406250E+2	-1,567811E-1	6,406250E+2	5,588038E-1	6,406250E+2	-1,520026E-1
6,421875E+2	3,712156E-1	6,421875E+2	-3,940522E-1	6,421875E+2	3,715087E-1	6,421875E+2	-3,816158E-1	6,421875E+2	3,953224E-1	6,421875E+2	-3,219758E-1	6,421875E+2	4,121496E-1	6,421875E+2	-1,998852E-1	6,421875E+2	4,522441E-1	6,421875E+2	-1,502218E-1	6,421875E+2	5,034129E-1	6,421875E+2	-1,576215E-1	6,421875E+2	5,581102E-1	6,421875E+2	-1,494005E-1
6,437500E+2	3,614479E-1	6,437500E+2	-3,931610E-1	6,437500E+2	3,613795E-1	6,437500E+2	-3,802344E-1	6,437500E+2	3,882547E-1	6,437500E+2	-3,166325E-1	6,437500E+2	4,073023E-1	6,437500E+2	-2,004999E-1	6,437500E+2	4,479431E-1	6,437500E+2	-1,530210E-1	6,437500E+2	4,979069E-1	6,437500E+2	-1,607999E-1	6,437500E+2	5,597967E-1	6,437500E+2	-1,499930E-1
6,453125E+2	3,516452E-1	6,453125E+2	-3,892829E-1	6,453125E+2	3,543949E-1	6,453125E+2	-3,771871E-1	6,453125E+2	3,824002E-1	6,453125E+2	-3,114644E-1	6,453125E+2	4,039477E-1	6,453125E+2	-1,938649E-1	6,453125E+2	4,496984E-1	6,453125E+2	-1,542164E-1	6,453125E+2	4,963013E-1	6,453125E+2	-1,534184E-1	6,453125E+2	5,635062E-1	6,453125E+2	-1,500991E-1
6,468750E+2	3,448578E-1	6,468750E+2	-3,884250E-1	6,468750E+2	3,498939E-1	6,468750E+2	-3,727284E-1	6,468750E+2	3,778222E-1	6,468750E+2	-3,141671E-1	6,468750E+2	4,023763E-1	6,468750E+2	-1,930972E-1	6,468750E+2	4,513499E-1	6,468750E+2	-1,526991E-1	6,468750E+2	4,949213E-1	6,468750E+2	-1,572709E-1	6,468750E+2	5,615458E-1	6,468750E+2	-1,469125E-1
6,484375E+2	3,406463E-1	6,484375E+2	-3,891826E-1	6,484375E+2	3,439256E-1	6,484375E+2	-3,743755E-1	6,484375E+2	3,718938E-1	6,484375E+2	-3,111443E-1	6,484375E+2	4,030849E-1	6,484375E+2	-1,935693E-1	6,484375E+2	4,488007E-1	6,484375E+2	-1,509957E-1	6,484375E+2	5,028673E-1	6,484375E+2	-1,567683E-1	6,484375E+2	5,611406E-1	6,484375E+2	-1,495105E-1
6,500000E+2	3,340314E-1	6,500000E+2	-3,843069E-1	6,500000E+2	3,371071E-1	6,500000E+2	-3,715480E-1	6,500000E+2	3,672918E-1	6,500000E+2	-3,109768E-1	6,500000E+2	4,004135E-1	6,500000E+2	-1,925401E-1	6,500000E+2	4,467942E-1	6,500000E+2	-1,510965E-1	6,500000E+2	5,027596E-1	6,500000E+2	-1,526149E-1	6,500000E+2	5,618682E-1	6,500000E+2	-1,435141E-1
6,515625E+2	3,228488E-1	6,515625E+2	-3,850470E-1	6,515625E+2	3,296266E-1	6,515625E+2	-3,664604E-1	6,515625E+2	3,626348E-1	6,515625E+2	-3,065276E-1	6,515625E+2	3,998956E-1	6,515625E+2	-1,926631E-1	6,515625E+2	4,439447E-1	6,515625E+2	-1,534271E-1	6,515625E+2	4,991140E-1	6,515625E+2	-1,552050E-1	6,515625E+2	5,651575E-1	6,515625E+2	-1,523122E-1
6,531250E+2	3,135188E-1	6,531250E+2	-3,823692E-1	6,531250E+2	3,188041E-1	6,531250E+2	-3,663580E-1	6,531250E+2	3,557356E-1	6,531250E+2	-3,013249E-1	6,531250E+2	3,976039E-1	6,531250E+2	-1,899189E-1	6,531250E+2	4,433118E-1	6,531250E+2	-1,502094E-1	6,531250E+2	5,026820E-1	6,531250E+2	-1,496998E-1	6,531250E+2	5,561104E-1	6,531250E+2	-1,544504E-1
6,546875E+2	3,078710E-1	6,546875E+2	-3,794951E-1	6,546875E+2	3,139620E-1	6,546875E+2	-3,647839E-1	6,546875E+2	3,484194E-1	6,546875E+2	-3,051021E-1	6,546875E+2	3,973627E-1	6,546875E+2	-1,910777E-1	6,546875E+2	4,409662E-1	6,546875E+2	-1,528700E-1	6,546875E+2	5,028459E-1	6,546875E+2	-1,496443E-1	6,546875E+2	5,594570E-1	6,546875E+2	-1,524276E-1
6,562500E+2	2,991007E-1	6,562500E+2	-3,792550E-1	6,562500E+2	3,087782E-1	6,562500E+2	-3,573302E-1	6,562500E+2	3,469103E-1	6,562500E+2	-3,031339E-1	6,562500E+2	3,918246E-1	6,562500E+2	-1,870964E-1	6,562500E+2	4,392334E-1	6,562500E+2	-1,436616E-1	6,562500E+2	4,960868E-1	6,562500E+2	-1,473870E-1	6,562500E+2	5,597875E-1	6,562500E+2	-1,436747E-1
6,578125E+2	2,838098E-1	6,578125E+2	-3,735201E-1	6,578125E+2	2,996127E-1	6,578125E+2	-3,577020E-1	6,578125E+2	3,430842E-1	6,578125E+2	-3,005000E-1	6,578125E+2	3,908904E-1	6,578125E+2	-1,827740E-1	6,578125E+2	4,390466E-1	6,578125E+2	-1,412358E-1	6,578125E+2	5,002079E-1	6,578125E+2	-1,500387E-1	6,578125E+2	5,556394E-1	6,578125E+2	-1,395696E-1
6,593750E+2	2,817920E-1	6,593750E+2	-3,688466E-1	6,593750E+2	2,912002E-1	6,593750E+2	-3,561108E-1	6,593750E+2	3,349455E-1	6,593750E+2	-2,975604E-1	6,593750E+2	3,846742E-1	6,593750E+2	-1,815654E-1	6,593750E+2	4,420098E-1	6,593750E+2	-1,445004E-1	6,593750E+2	4,931616E-1	6,593750E+2	-1,528187E-1	6,593750E+2	5,608505E-1	6,593750E+2	-1,461347E-1
6,609375E+2	2,871075E-1	6,609375E+2	-3,612145E-1	6,609375E+2	2,937408E-1	6,609375E+2	-3,482238E-1	6,609375E+2	3,263135E-1	6,609375E+2	-2,902523E-1	6,609375E+2	3,843186E-1	6,609375E+2	-1,848822E-1	6,609375E+2	4,463439E-1	6,609375E+2	-1,439782E-1	6,609375E+2	4,949545E-1	6,609375E+2	-1,480718E-1	6,609375E+2	5,601957E-1	6,609375E+2	-1,494332E-1
6,625000E+2	2,849554E-1	6,625000E+2	-3,545458E-1	6,625000E+2	2,847121E-1	6,625000E+2	-3,461025E-1	6,625000E+2	3,221726E-1	6,625000E+2	-2,876641E-1	6,625000E+2	3,840245E-1	6,625000E+2	-1,838752E-1	6,625000E+2	4,405099E-1	6,625000E+2	-1,374845E-1	6,625000E+2	4,940026E-1	6,625000E+2	-1,487278E-1	6,625000E+2	5,540629E-1	6,625000E+2	-1,460404E-1
6,640625E+2	2,697247E-1	6,640625E+2	-3,622371E-1	6,640625E+2	2,749322E-1	6,640625E+2	-3,442669E-1	6,640625E+2	3,173479E-1	6,640625E+2	-2,871160E-1	6,640625E+2	3,776494E-1	6,640625E+2	-1,816732E-1	6,640625E+2	4,415639E-1	6,640625E+2	-1,368148E-1	6,640625E+2	4,891240E-1	6,640625E+2	-1,469494E-1	6,640625E+2	5,506056E-1	6,640625E+2	-1,412423E-1
6,656250E+2	2,614625E-1	6,656250E+2	-3,529324E-1	6,656250E+2	2,688287E-1	6,656250E+2	-3,366653E-1	6,656250E+2	3,148480E-1	6,656250E+2	-2,888427E-1	6,656250E+2	3,733311E-1	6,656250E+2	-1,781627E-1	6,656250E+2	4,435798E-1	6,656250E+2	-1,335606E-1	6,656250E+2	4,949462E-1	6,656250E+2	-1,424292E-1	6,656250E+2	5,545605E-1	6,656250E+2	-1,434518E-1
6,671875E+2	2,553404E-1	6,671875E+2	-3,461690E-1	6,671875E+2	2,633947E-1	6,671875E+2	-3,363638E-1	6,671875E+2	3,125344E-1	6,671875E+2	-2,840599E-1	6,671875E+2	3,686067E-1	6,671875E+2	-1,761210E-1	6,671875E+2	4,366191E-1	6,671875E+2	-1,359632E-1	6,671875E+2	4,916212E-1	6,671875E+2	-1,402182E-1	6,671875E+2	5,543443E-1	6,671875E+2	-1,432071E-1
6,687500E+2	2,421608E-1	6,687500E+2	-3,445397E-1	6,687500E+2	2,553957E-1	6,687500E+2	-3,319769E-1	6,687500E+2	3,075369E-1	6,687500E+2	-2,768767E-1	6,687500E+2	3,708050E-1	6,687500E+2	-1,742913E-1	6,687500E+2	4,398766E-1	6,687500E+2	-1,360404E-1	6,687500E+2	4,931750E-1	6,687500E+2	-1,389151E-1	6,687500E+2	5,559682E-1	6,687500E+2	-1,450016E-1
6,703125E+2	2,408318E-1	6,703125E+2	-3,374734E-1	6,703125E+2	2,477713E-1	6,703125E+2	-3,278532E-1	6,703125E+2	2,998220E-1	6,703125E+2	-2,771567E-1	6,703125E+2	3,734797E-1	6,703125E+2	-1,688938E-1	6,703125E+2	4,411135E-1	6,703125E+2	-1,337820E-1	6,703125E+2	4,924981E-1	6,703125E+2	-1,393579E-1	6,703125E+2	5,512500E-1	6,703125E+2	-1,439200E-1
6,718750E+2	2,344909E-1	6,718750E+2	-3,313584E-1	6,718750E+2	2,407754E-1	6,718750E+2	-3,206381E-1	6,718750E+2	2,924522E-1	6,718750E+2	-2,727353E-1	6,718750E+2	3,695023E-1	6,718750E+2	-1,645954E-1	6,718750E+2	4,394559E-1	6,718750E+2	-1,302775E-1	6,718750E+2	4,953138E-1	6,718750E+2	-1,409267E-1	6,718750E+2	5,398989E-1	6,718750E+2	-1,401939E-1
6,734375E+2	2,288613E-1	6,734375E+2	-3,296526E-1	6,734375E+2	2,360612E-1	6,734375E+2	-3,151624E-1	6,734375E+2	2,860586E-1	6,734375E+2	-2,628415E-1	6,734375E+2	3,666021E-1	6,734375E+2	-1,652016E-1	6,734375E+2	4,356766E-1	6,734375E+2	-1,258074E-1	6,734375E+2	4,946173E-1	6,734375E+2	-1,409216E-1	6,734375E+2	5,492746E-1	6,734375E+2	-1,424004E-1
6,750000E+2	2,225059E-1	6,750000E+2	-3,189304E-1	6,750000E+2	2,302957E-1	6,750000E+2	-3,093942E-1	6,750000E+2	2,869142E-1	6,750000E+2	-2,608976E-1	6,750000E+2	3,733246E-1	6,750000E+2	-1,647336E-1	6,750000E+2	4,362625E-1	6,750000E+2	-1,250141E-1	6,750000E+2	4,905514E-1	6,750000E+2	-1,307417E-1	6,750000E+2	5,584159E-1	6,750000E+2	-1,395012E-1
6,765625E+2	2,161380E-1	6,765625E+2	-3,118464E-1	6,765625E+2	2,250206E-1	6,765625E+2	-3,056450E-1	6,765625E+2	2,792763E-1	6,765625E+2	-2,566471E-1	6,765625E+2	3,658177E-1	6,765625E+2	-1,639361E-1	6,765625E+2	4,359446E-1	6,765625E+2	-1,265960E-1	6,765625E+2	4,883923E-1	6,765625E+2	-1,329991E-1	6,765625E+2	5,547774E-1	6,765625E+2	-1,367225E-1
6,781250E+2	2,088597E-1	6,781250E+2	-3,059533E-1	6,781250E+2	2,158138E-1	6,781250E+2	-2,988925E-1	6,781250E+2	2,753362E-1	6,781250E+2	-2,485789E-1	6,781250E+2	3,594790E-1	6,781250E+2	-1,553412E-1	6,781250E+2	4,313912E-1	6,781250E+2	-1,275613E-1	6,781250E+2	4,920314E-1	6,781250E+2	-1,371189E-1	6,781250E+2	5,484740E-1	6,781250E+2	-1,381511E-1
6,796875E+2	2,030466E-1	6,796875E+2	-3,051580E-1	6,796875E+2	2,129722E-1	6,796875E+2	-2,945974E-1	6,796875E+2	2,708187E-1	6,796875E+2	-2,524200E-1	6,796875E+2	3,572233E-1	6,796875E+2	-1,582854E-1	6,796875E+2	4,347081E-1	6,796875E+2	-1,251429E-1	6,796875E+2	4,883623E-1	6,796875E+2	-1,337998E-1	6,796875E+2	5,446577E-1	6,796875E+2	-1,384635E-1
6,812500E+2	1,981181E-1	6,812500E+2	-2,960587E-1	6,812500E+2	2,071631E-1	6,812500E+2	-2,893347E-1	6,812500E+2	2,669734E-1	6,812500E+2	-2,513501E-1	6,812500E+2	3,526340E-1	6,812500E+2	-1,566582E-1	6,812500E+2	4,334294E-1	6,812500E+2	-1,201350E-1	6,812500E+2	4,923817E-1	6,812500E+2	-1,293360E-1	6,812500E+2	5,470612E-1	6,812500E+2	-1,393949E-1
6,828125E+2	1,947712E-1	6,828125E+2	-2,851195E-1	6,828125E+2	2,025057E-1	6,828125E+2	-2,794643E-1	6,828125E+2	2,642386E-1	6,828125E+2	-2,438332E-1	6,828125E+2	3,525913E-1	6,828125E+2	-1,549128E-1	6,828125E+2	4,256835E-1	6,828125E+2	-1,253425E-1	6,828125E+2	4,962314E-1	6,828125E+2	-1,300908E-1	6,828125E+2	5,606256E-1	6,828125E+2	-1,402285E-1
6,843750E+2	1,788112E-1	6,843750E+2	-2,856167E-1	6,843750E+2	1,977297E-1	6,843750E+2	-2,715530E-1	6,843750E+2	2,594140E-1	6,843750E+2	-2,305848E-1	6,843750E+2	3,535083E-1	6,843750E+2	-1,496453E-1	6,843750E+2	4,262038E-1	6,843750E+2	-1,197411E-1	6,843750E+2	4,878935E-1	6,843750E+2	-1,270628E-1	6,843750E+2	5,549559E-1	6,843750E+2	-1,269133E-1
6,859375E+2	1,784422E-1	6,859375E+2	-2,793765E-1	6,859375E+2	1,923502E-1	6,859375E+2	-2,640479E-1	6,859375E+2	2,506158E-1	6,859375E+2	-2,258927E-1	6,859375E+2	3,526761E-1	6,859375E+2	-1,427275E-1	6,859375E+2	4,277073E-1	6,859375E+2	-1,113210E-1	6,859375E+2	4,919486E-1	6,859375E+2	-1,280756E-1	6,859375E+2	5,393990E-1	6,859375E+2	-1,250704E-1
6,875000E+2	1,785459E-1	6,875000E+2	-2,668087E-1	6,875000E+2	1,879613E-1	6,875000E+2	-2,562180E-1	6,875000E+2	2,495930E-1	6,875000E+2	-2,222269E-1	6,875000E+2	3,534913E-1	6,875000E+2	-1,428951E-1	6,875000E+2	4,315905E-1	6,875000E+2	-1,143896E-1	6,875000E+2	5,042771E-1	6,875000E+2	-1,274813E-1	6,875000E+2	5,448343E-1	6,875000E+2	-1,399198E-1
6,890625E+2	1,749749E-1	6,890625E+2	-2,605903E-1	6,890625E+2	1,833799E-1	6,890625E+2	-2,536516E-1	6,890625E+2	2,468213E-1	6,890625E+2	-2,178610E-1	6,890625E+2	3,504694E-1	6,890625E+2	-1,422412E-1	6,890625E+2	4,281960E-1	6,890625E+2	-1,203154E-1	6,890625E+2	5,029591E-1	6,890625E+2	-1,287575E-1	6,890625E+2	5,455334E-1	6,890625E+2	-1,412508E-1
6,906250E+2	1,604539E-1	6,906250E+2	-2,521659E-1	6,906250E+2	1,772976E-1	6,906250E+2	-2,473558E-1	6,906250E+2	2,435714E-1	6,906250E+2	-2,192205E-1	6,906250E+2	3,500407E-1	6,906250E+2	-1,355674E-1	6,906250E+2	4,277537E-1	6,906250E+2	-1,124614E-1	6,906250E+2	4,937776E-1	6,906250E+2	-1,223776E-1	6,906250E+2	5,456177E-1	6,906250E+2	-1,336813E-1
6,921875E+2	1,520320E-1	6,921875E+2	-2,372602E-1	6,921875E+2	1,704982E-1	6,921875E+2	-2,393139E-1	6,921875E+2	2,380524E-1	6,921875E+2	-2,107624E-1	6,921875E+2	3,468139E-1	6,921875E+2	-1,317368E-1	6,921875E+2	4,385410E-1	6,921875E+2	-1,109565E-1	6,921875E+2	4,910369E-1	6,921875E+2	-1,199169E-1	6,921875E+2	5,453271E-1	6,921875E+2	-1,244275E-1
6,937500E+2	1,581825E-1	6,937500E+2	-2,395003E-1	6,937500E+2	1,681994E-1	6,937500E+2	-2,317152E-1	6,937500E+2	2,338819E-1	6,937500E+2	-2,034615E-1	6,937500E+2	3,465203E-1	6,937500E+2	-1,329942E-1	6,937500E+2	4,378093E-1	6,937500E+2	-1,111218E-1	6,937500E+2	4,927292E-1	6,937500E+2	-1,227498E-1	6,937500E+2	5,556826E-1	6,937500E+2	-1,285260E-1
6,953125E+2	1,538705E-1	6,953125E+2	-2,292164E-1	6,953125E+2	1,667668E-1	6,953125E+2	-2,223894E-1	6,953125E+2	2,336330E-1	6,953125E+2	-1,952148E-1	6,953125E+2	3,463038E-1	6,953125E+2	-1,325592E-1	6,953125E+2	4,340940E-1	6,953125E+2	-1,120358E-1	6,953125E+2	4,874057E-1	6,953125E+2	-1,232456E-1	6,953125E+2	5,513206E-1	6,953125E+2	-1,329618E-1
6,968750E+2	1,490449E-1	6,968750E+2	-2,213767E-1	6,968750E+2	1,600110E-1	6,968750E+2	-2,153250E-1	6,968750E+2	2,313209E-1	6,968750E+2	-1,902762E-1	6,968750E+2	3,436327E-1	6,968750E+2	-1,263271E-1	6,968750E+2	4,353900E-1	6,968750E+2	-1,113485E-1	6,968750E+2	4,930720E-1	6,968750E+2	-1,214099E-1	6,968750E+2	5,480368E-1	6,968750E+2	-1,323210E-1
6,984375E+2	1,450177E-1	6,984375E+2	-2,121928E-1	6,984375E+2	1,569641E-1	6,984375E+2	-2,066634E-1	6,984375E+2	2,313388E-1	6,984375E+2	-1,889290E-1	6,984375E+2	3,396155E-1	6,984375E+2	-1,186565E-1	6,984375E+2	4,320863E-1	6,984375E+2	-1,100206E-1	6,984375E+2	4,959701E-1	6,984375E+2	-1,274819E-1	6,984375E+2	5,429381E-1	6,984375E+2	-1,320791E-1
7,000000E+2	1,389310E-1	7,000000E+2	-2,064905E-1	7,000000E+2	1,534462E-1	7,000000E+2	-1,962817E-1	7,000000E+2	2,233531E-1	7,000000E+2	-1,769012E-1	7,000000E+2	3,409468E-1	7,000000E+2	-1,162868E-1	7,000000E+2	4,312375E-1	7,000000E+2	-1,076464E-1	7,000000E+2	4,959320E-1	7,000000E+2	-1,283034E-1	7,000000E+2	5,466717E-1	7,000000E+2	-1,299473E-1
7,015625E+2	1,313686E-1	7,015625E+2	-1,971904E-1	7,015625E+2	1,521716E-1	7,015625E+2	-1,881354E-1	7,015625E+2	2,167616E-1	7,015625E+2	-1,716934E-1	7,015625E+2	3,367575E-1	7,015625E+2	-1,192200E-1	7,015625E+2	4,328740E-1	7,015625E+2	-1,024798E-1	7,015625E+2	4,941551E-1	7,015625E+2	-1,230500E-1	7,015625E+2	5,518143E-1	7,015625E+2	-1,333236E-1
7,031250E+2	1,342822E-1	7,031250E+2	-1,889488E-1	7,031250E+2	1,488413E-1	7,031250E+2	-1,805509E-1	7,031250E+2	2,183674E-1	7,031250E+2	-1,662663E-1	7,031250E+2	3,398916E-1	7,031250E+2	-1,173406E-1	7,031250E+2	4,342109E-1	7,031250E+2	-1,013995E-1	7,031250E+2	4,877965E-1	7,031250E+2	-1,204983E-1	7,031250E+2	5,554815E-1	7,031250E+2	-1,313420E-1
7,046875E+2	1,393110E-1	7,046875E+2	-1,727959E-1	7,046875E+2	1,478290E-1	7,046875E+2	-1,724551E-1	7,046875E+2	2,189651E-1	7,046875E+2	-1,587356E-1	7,046875E+2	3,395914E-1	7,046875E+2	-1,146328E-1	7,046875E+2	4,326088E-1	7,046875E+2	-1,061304E-1	7,046875E+2	4,941626E-1	7,046875E+2	-1,276238E-1	7,046875E+2	5,574170E-1	7,046875E+2	-1,344868E-1
7,062500E+2	1,342343E-1	7,062500E+2	-1,657584E-1	7,062500E+2	1,465404E-1	7,062500E+2	-1,661838E-1	7,062500E+2	2,202532E-1	7,062500E+2	-1,561759E-1	7,062500E+2	3,336867E-1	7,062500E+2	-1,024097E-1	7,062500E+2	4,334402E-1	7,062500E+2	-1,007584E-1	7,062500E+2	4,944952E-1	7,062500E+2	-1,214280E-1	7,062500E+2	5,522249E-1	7,062500E+2	-1,319745E-1
7,078125E+2	1,258264E-1	7,078125E+2	-1,639037E-1	7,078125E+2	1,458172E-1	7,078125E+2	-1,559050E-1	7,078125E+2	2,168654E-1	7,078125E+2	-1,503943E-1	7,078125E+2	3,329229E-1	7,078125E+2	-9,884328E-2	7,078125E+2	4,307763E-1	7,078125E+2	-9,475059E-2	7,078125E+2	4,883313E-1	7,078125E+2	-1,190254E-1	7,078125E+2	5,598509E-1	7,078125E+2	-1,280629E-1
7,093750E+2	1,223730E-1	7,093750E+2	-1,593004E-1	7,093750E+2	1,419850E-1	7,093750E+2	-1,474738E-1	7,093750E+2	2,097820E-1	7,093750E+2	-1,410955E-1	7,093750E+2	3,354353E-1	7,093750E+2	-1,040720E-1	7,093750E+2	4,281229E-1	7,093750E+2	-9,808492E-2	7,093750E+2	4,922098E-1	7,093750E+2	-1,181317E-1	7,093750E+2	5,509413E-1	7,093750E+2	-1,390737E-1
7,109375E+2	1,226634E-1	7,109375E+2	-1,446037E-1	7,109375E+2	1,396144E-1	7,109375E+2	-1,377404E-1	7,109375E+2	2,146485E-1	7,109375E+2	-1,350147E-1	7,109375E+2	3,374502E-1	7,109375E+2	-9,759404E-2	7,109375E+2	4,306619E-1	7,109375E+2	-9,152768E-2	7,109375E+2	4,924556E-1	7,109375E+2	-1,201774E-1	7,109375E+2	5,497984E-1	7,109375E+2	-1,361786E-1
7,125000E+2	1,216467E-1	7,125000E+2	-1,318423E-1	7,125000E+2	1,346986E-1	7,125000E+2	-1,297594E-1	7,125000E+2	2,143313E-1	7,125000E+2	-1,323040E-1	7,125000E+2	3,367843E-1	7,125000E+2	-9,276043E-2	7,125000E+2	4,309957E-1	7,125000E+2	-9,114401E-2	7,125000E+2	4,935370E-1	7,125000E+2	-1,133802E-1	7,125000E+2	5,488957E-1	7,125000E+2	-1,223039E-1
7,140625E+2	1,195429E-1	7,140625E+2	-1,244575E-1	7,140625E+2	1,342996E-1	7,140625E+2	-1,223847E-1	7,140625E+2	2,090293E-1	7,140625E+2	-1,199340E-1	7,140625E+2	3,337055E-1	7,140625E+2	-8,816159E-2	7,140625E+2	4,297966E-1	7,140625E+2	-8,692029E-2	7,140625E+2	4,954750E-1	7,140625E+2	-1,202422E-1	7,140625E+2	5,511348E-1	7,140625E+2	-1,295765E-1
7,156250E+2	1,142074E-1	7,156250E+2	-1,134107E-1	7,156250E+2	1,336744E-1	7,156250E+2	-1,119876E-1	7,156250E+2	2,076530E-1	7,156250E+2	-1,134753E-1	7,156250E+2	3,301214E-1	7,156250E+2	-8,549641E-2	7,156250E+2	4,299096E-1	7,156250E+2	-8,683547E-2	7,156250E+2	4,914247E-1	7,156250E+2	-1,168133E-1	7,156250E+2	5,454391E-1	7,156250E+2	-1,260713E-1
7,171875E+2	1,153997E-1	7,171875E+2	-1,089988E-1	7,171875E+2	1,315209E-1	7,171875E+2	-1,007717E-1	7,171875E+2	2,099413E-1	7,171875E+2	-1,070171E-1	7,171875E+2	3,292048E-1	7,171875E+2	-8,058082E-2	7,171875E+2	4,304086E-1	7,171875E+2	-9,049518E-2	7,171875E+2	4,977060E-1	7,171875E+2	-1,076031E-1	7,171875E+2	5,503693E-1	7,171875E+2	-1,302647E-1
7,187500E+2	1,147156E-1	7,187500E+2	-9,787419E-2	7,187500E+2	1,298788E-1	7,187500E+2	-9,216034E-2	7,187500E+2	2,064493E-1	7,187500E+2	-9,730186E-2	7,187500E+2	3,299369E-1	7,187500E+2	-8,240694E-2	7,187500E+2	4,311194E-1	7,187500E+2	-8,509161E-2	7,187500E+2	5,005540E-1	7,187500E+2	-1,070964E-1	7,187500E+2	5,610143E-1	7,187500E+2	-1,282884E-1
7,203125E+2	1,125270E-1	7,203125E+2	-9,081376E-2	7,203125E+2	1,338541E-1	7,203125E+2	-8,481491E-2	7,203125E+2	2,024158E-1	7,203125E+2	-8,929318E-2	7,203125E+2	3,329343E-1	7,203125E+2	-7,521563E-2	7,203125E+2	4,377527E-1	7,203125E+2	-7,650317E-2	7,203125E+2	4,996070E-1	7,203125E+2	-1,126048E-1	7,203125E+2	5,563591E-1	7,203125E+2	-1,195797E-1
7,218750E+2	1,175756E-1	7,218750E+2	-8,248477E-2	7,218750E+2	1,339480E-1	7,218750E+2	-7,521102E-2	7,218750E+2	1,978790E-1	7,218750E+2	-8,124911E-2	7,218750E+2	3,268544E-1	7,218750E+2	-7,168209E-2	7,218750E+2	4,355120E-1	7,218750E+2	-8,370383E-2	7,218750E+2	4,976884E-1	7,218750E+2	-1,018687E-1	7,218750E+2	5,582671E-1	7,218750E+2	-1,262255E-1
7,234375E+2	1,162273E-1	7,234375E+2	-7,264033E-2	7,234375E+2	1,313884E-1	7,234375E+2	-6,565154E-2	7,234375E+2	1,956932E-1	7,234375E+2	-7,464671E-2	7,234375E+2	3,257240E-1	7,234375E+2	-6,636423E-2	7,234375E+2	4,408237E-1	7,234375E+2	-8,148159E-2	7,234375E+2	4,962270E-1	7,234375E+2	-1,069892E-1	7,234375E+2	5,563748E-1	7,234375E+2	-1,322847E-1
7,250000E+2	1,101929E-1	7,250000E+2	-5,636626E-2	7,250000E+2	1,322717E-1	7,250000E+2	-5,569528E-2	7,250000E+2	1,936810E-1	7,250000E+2	-7,291821E-2	7,250000E+2	3,234456E-1	7,250000E+2	-6,589413E-2	7,250000E+2	4,365558E-1	7,250000E+2	-7,927949E-2	7,250000E+2	4,861561E-1	7,250000E+2	-1,121311E-1	7,250000E+2	5,478148E-1	7,250000E+2	-1,321538E-1
7,265625E+2	1,201011E-1	7,265625E+2	-5,011111E-2	7,265625E+2	1,328416E-1	7,265625E+2	-4,597458E-2	7,265625E+2	1,963303E-1	7,265625E+2	-6,096357E-2	7,265625E+2	3,261023E-1	7,265625E+2	-6,825428E-2	7,265625E+2	4,306858E-1	7,265625E+2	-7,862592E-2	7,265625E+2	4,936360E-1	7,265625E+2	-1,021510E-1	7,265625E+2	5,521130E-1	7,265625E+2	-1,360974E-1
7,281250E+2	1,219003E-1	7,281250E+2	-4,017706E-2	7,281250E+2	1,339366E-1	7,281250E+2	-3,967075E-2	7,281250E+2	2,039655E-1	7,281250E+2	-5,339869E-2	7,281250E+2	3,311390E-1	7,281250E+2	-4,910619E-2	7,281250E+2	4,305959E-1	7,281250E+2	-6,301853E-2	7,281250E+2	4,925885E-1	7,281250E+2	-1,048873E-1	7,281250E+2	5,599897E-1	7,281250E+2	-1,230166E-1
7,296875E+2	1,191251E-1	7,296875E+2	-2,875455E-2	7,296875E+2	1,360273E-1	7,296875E+2	-3,047077E-2	7,296875E+2	2,055418E-1	7,296875E+2	-4,950316E-2	7,296875E+2	3,368877E-1	7,296875E+2	-5,697639E-2	7,296875E+2	4,396611E-1	7,296875E+2	-6,235975E-2	7,296875E+2	5,033892E-1	7,296875E+2	-1,090161E-1	7,296875E+2	5,568441E-1	7,296875E+2	-1,287913E-1
7,312500E+2	1,204088E-1	7,312500E+2	-1,291924E-2	7,312500E+2	1,363212E-1	7,312500E+2	-2,365488E-2	7,312500E+2	2,041580E-1	7,312500E+2	-4,042758E-2	7,312500E+2	3,339135E-1	7,312500E+2	-5,242608E-2	7,312500E+2	4,406718E-1	7,312500E+2	-7,075016E-2	7,312500E+2	5,003993E-1	7,312500E+2	-9,710097E-2	7,312500E+2	5,676628E-1	7,312500E+2	-1,152770E-1
7,328125E+2	1,241806E-1	7,328125E+2	-5,626661E-3	7,328125E+2	1,381917E-1	7,328125E+2	-1,356805E-2	7,328125E+2	2,032361E-1	7,328125E+2	-3,286347E-2	7,328125E+2	3,322936E-1	7,328125E+2	-5,046333E-2	7,328125E+2	4,309672E-1	7,328125E+2	-7,589846E-2	7,328125E+2	4,936805E-1	7,328125E+2	-9,409607E-2	7,328125E+2	5,572575E-1	7,328125E+2	-1,131898E-1
7,343750E+2	1,248552E-1	7,343750E+2	-7,211753E-3	7,343750E+2	1,390263E-1	7,343750E+2	-1,426834E-3	7,343750E+2	2,079551E-1	7,343750E+2	-2,924830E-2	7,343750E+2	3,363364E-1	7,343750E+2	-4,590418E-2	7,343750E+2	4,316492E-1	7,343750E+2	-7,082152E-2	7,343750E+2	4,941599E-1	7,343750E+2	-9,841644E-2	7,343750E+2	5,578532E-1	7,343750E+2	-1,268948E-1
7,359375E+2	1,322582E-1	7,359375E+2	3,299777E-3	7,359375E+2	1,427420E-1	7,359375E+2	7,038769E-3	7,359375E+2	2,113625E-1	7,359375E+2	-2,443722E-2	7,359375E+2	3,334679E-1	7,359375E+2	-3,839127E-2	7,359375E+2	4,280034E-1	7,359375E+2	-6,476814E-2	7,359375E+2	4,991594E-1	7,359375E+2	-1,058167E-1	7,359375E+2	5,590422E-1	7,359375E+2	-1,247251E-1
7,375000E+2	1,329610E-1	7,375000E+2	1,381003E-2	7,375000E+2	1,465178E-1	7,375000E+2	1,616303E-2	7,375000E+2	2,110368E-1	7,375000E+2	-1,124708E-2	7,375000E+2	3,376212E-1	7,375000E+2	-3,888590E-2	7,375000E+2	4,373154E-1	7,375000E+2	-6,117794E-2	7,375000E+2	5,000071E-1	7,375000E+2	-1,045276E-1	7,375000E+2	5,553715E-1	7,375000E+2	-1,077769E-1
7,390625E+2	1,361410E-1	7,390625E+2	2,248779E-2	7,390625E+2	1,487150E-1	7,390625E+2	2,259511E-2	7,390625E+2	2,109069E-1	7,390625E+2	-6,987416E-3	7,390625E+2	3,431783E-1	7,390625E+2	-4,067583E-2	7,390625E+2	4,478452E-1	7,390625E+2	-6,452373E-2	7,390625E+2	4,977876E-1	7,390625E+2	-1,016527E-1	7,390625E+2	5,461608E-1	7,390625E+2	-1,102485E-1
7,406250E+2	1,398549E-1	7,406250E+2	3,013483E-2	7,406250E+2	1,515786E-1	7,406250E+2	2,954015E-2	7,406250E+2	2,117588E-1	7,406250E+2	-1,782563E-3	7,406250E+2	3,365731E-1	7,406250E+2	-2,780223E-2	7,406250E+2	4,437095E-1	7,406250E+2	-7,073858E-2	7,406250E+2	4,904095E-1	7,406250E+2	-9,074066E-2	7,406250E+2	5,620522E-1	7,406250E+2	-1,163901E-1
7,421875E+2	1,411675E-1	7,421875E+2	4,298520E-2	7,421875E+2	1,541321E-1	7,421875E+2	4,128192E-2	7,421875E+2	2,112677E-1	7,421875E+2	5,978223E-3	7,421875E+2	3,333233E-1	7,421875E+2	-2,876301E-2	7,421875E+2	4,394205E-1	7,421875E+2	-6,715421E-2	7,421875E+2	4,984279E-1	7,421875E+2	-8,996591E-2	7,421875E+2	5,565893E-1	7,421875E+2	-1,088732E-1
7,437500E+2	1,506176E-1	7,437500E+2	5,137916E-2	7,437500E+2	1,575506E-1	7,437500E+2	4,818960E-2	7,437500E+2	2,119551E-1	7,437500E+2	1,168106E-2	7,437500E+2	3,333680E-1	7,437500E+2	-2,314580E-2	7,437500E+2	4,406952E-1	7,437500E+2	-5,826607E-2	7,437500E+2	4,936635E-1	7,437500E+2	-8,861935E-2	7,437500E+2	5,505877E-1	7,437500E+2	-9,974981E-2
7,453125E+2	1,544352E-1	7,453125E+2	6,174416E-2	7,453125E+2	1,622930E-1	7,453125E+2	5,662957E-2	7,453125E+2	2,134135E-1	7,453125E+2	1,928201E-2	7,453125E+2	3,382819E-1	7,453125E+2	-2,351046E-2	7,453125E+2	4,471485E-1	7,453125E+2	-6,058691E-2	7,453125E+2	4,937712E-1	7,453125E+2	-9,498180E-2	7,453125E+2	5,596414E-1	7,453125E+2	-1,137602E-1
7,468750E+2	1,528589E-1	7,468750E+2	6,745121E-2	7,468750E+2	1,662946E-1	7,468750E+2	6,483069E-2	7,468750E+2	2,162062E-1	7,468750E+2	2,898650E-2	7,468750E+2	3,371957E-1	7,468750E+2	-1,626113E-2	7,468750E+2	4,478046E-1	7,468750E+2	-5,973667E-2	7,468750E+2	4,958355E-1	7,468750E+2	-9,465606E-2	7,468750E+2	5,597431E-1	7,468750E+2	-1,201182E-1
7,484375E+2	1,533583E-1	7,484375E+2	7,898134E-2	7,484375E+2	1,710212E-1	7,484375E+2	7,432475E-2	7,484375E+2	2,219047E-1	7,484375E+2	3,503830E-2	7,484375E+2	3,371377E-1	7,484375E+2	-9,008592E-3	7,484375E+2	4,439256E-1	7,484375E+2	-5,928884E-2	7,484375E+2	4,977665E-1	7,484375E+2	-9,719925E-2	7,484375E+2	5,593148E-1	7,484375E+2	-1,138614E-1
7,500000E+2	1,627558E-1	7,500000E+2	8,771580E-2	7,500000E+2	1,743232E-1	7,500000E+2	8,091835E-2	7,500000E+2	2,255549E-1	7,500000E+2	4,057179E-2	7,500000E+2	3,348795E-1	7,500000E+2	-9,129440E-3	7,500000E+2	4,457878E-1	7,500000E+2	-5,508859E-2	7,500000E+2	4,997101E-1	7,500000E+2	-8,984491E-2	7,500000E+2	5,629133E-1	7,500000E+2	-1,094484E-1
7,515625E+2	1,626039E-1	7,515625E+2	9,296638E-2	7,515625E+2	1,774894E-1	7,515625E+2	8,835186E-2	7,515625E+2	2,304099E-1	7,515625E+2	4,558220E-2	7,515625E+2	3,369945E-1	7,515625E+2	2,725317E-4	7,515625E+2	4,479828E-1	7,515625E+2	-5,098450E-2	7,515625E+2	5,125968E-1	7,515625E+2	-8,095980E-2	7,515625E+2	5,587959E-1	7,515625E+2	-1,060086E-1
7,531250E+2	1,687669E-1	7,531250E+2	9,891626E-2	7,531250E+2	1,818594E-1	7,531250E+2	9,403578E-2	7,531250E+2	2,325635E-1	7,531250E+2	5,084902E-2	7,531250E+2	3,380133E-1	7,531250E+2	1,416129E-2	7,531250E+2	4,488393E-1	7,531250E+2	-4,702420E-2	7,531250E+2	5,090140E-1	7,531250E+2	-7,909581E-2	7,531250E+2	5,484762E-1	7,531250E+2	-1,002638E-1
7,546875E+2	1,743469E-1	7,546875E+2	1,031785E-1	7,546875E+2	1,866016E-1	7,546875E+2	1,018186E-1	7,546875E+2	2,361963E-1	7,546875E+2	5,421951E-2	7,546875E+2	3,505172E-1	7,546875E+2	1,413974E-2	7,546875E+2	4,495176E-1	7,546875E+2	-5,368569E-2	7,546875E+2	5,068041E-1	7,546875E+2	-8,464014E-2	7,546875E+2	5,578038E-1	7,546875E+2	-1,108397E-1
7,562500E+2	1,825938E-1	7,562500E+2	1,141185E-1	7,562500E+2	1,920521E-1	7,562500E+2	1,113908E-1	7,562500E+2	2,390296E-1	7,562500E+2	6,221826E-2	7,562500E+2	3,491775E-1	7,562500E+2	1,389767E-2	7,562500E+2	4,467203E-1	7,562500E+2	-5,270615E-2	7,562500E+2	5,100248E-1	7,562500E+2	-8,827829E-2	7,562500E+2	5,639547E-1	7,562500E+2	-9,261241E-2
7,578125E+2	1,874740E-1	7,578125E+2	1,271014E-1	7,578125E+2	1,951228E-1	7,578125E+2	1,147848E-1	7,578125E+2	2,420017E-1	7,578125E+2	6,992668E-2	7,578125E+2	3,405075E-1	7,578125E+2	7,876917E-3	7,578125E+2	4,453973E-1	7,578125E+2	-4,923145E-2	7,578125E+2	5,083652E-1	7,578125E+2	-7,976570E-2	7,578125E+2	5,611793E-1	7,578125E+2	-9,940093E-2
7,593750E+2	1,862501E-1	7,593750E+2	1,247504E-1	7,593750E+2	2,033017E-1	7,593750E+2	1,240048E-1	7,593750E+2	2,466188E-1	7,593750E+2	7,651691E-2	7,593750E+2	3,469943E-1	7,593750E+2	9,173859E-3	7,593750E+2	4,534584E-1	7,593750E+2	-4,332859E-2	7,593750E+2	5,098382E-1	7,593750E+2	-7,235092E-2	7,593750E+2	5,635088E-1	7,593750E+2	-9,670564E-2
7,609375E+2	1,960486E-1	7,609375E+2	1,327808E-1	7,609375E+2	2,073355E-1	7,609375E+2	1,322221E-1	7,609375E+2	2,547506E-1	7,609375E+2	7,855976E-2	7,609375E+2	3,502836E-1	7,609375E+2	1,027199E-2	7,609375E+2	4,610386E-1	7,609375E+2	-3,602183E-2	7,609375E+2	5,108130E-1	7,609375E+2	-7,425015E-2	7,609375E+2	5,767799E-1	7,609375E+2	-9,195082E-2
7,625000E+2	2,006199E-1	7,625000E+2	1,421829E-1	7,625000E+2	2,120479E-1	7,625000E+2	1,361733E-1	7,625000E+2	2,540277E-1	7,625000E+2	8,390149E-2	7,625000E+2	3,501803E-1	7,625000E+2	2,030995E-2	7,625000E+2	4,537721E-1	7,625000E+2	-4,051763E-2	7,625000E+2	5,053986E-1	7,625000E+2	-7,634145E-2	7,625000E+2	5,745565E-1	7,625000E+2	-9,495272E-2
7,640625E+2	2,058780E-1	7,640625E+2	1,510885E-1	7,640625E+2	2,173577E-1	7,640625E+2	1,416839E-1	7,640625E+2	2,550706E-1	7,640625E+2	9,598263E-2	7,640625E+2	3,542936E-1	7,640625E+2	2,552824E-2	7,640625E+2	4,480445E-1	7,640625E+2	-3,699089E-2	7,640625E+2	5,158592E-1	7,640625E+2	-6,884529E-2	7,640625E+2	5,606645E-1	7,640625E+2	-9,093628E-2
7,656250E+2	2,121101E-1	7,656250E+2	1,617115E-1	7,656250E+2	2,240435E-1	7,656250E+2	1,495387E-1	7,656250E+2	2,625022E-1	7,656250E+2	9,947738E-2	7,656250E+2	3,566432E-1	7,656250E+2	2,735361E-2	7,656250E+2	4,483518E-1	7,656250E+2	-3,636981E-2	7,656250E+2	5,103173E-1	7,656250E+2	-7,438156E-2	7,656250E+2	5,557968E-1	7,656250E+2	-8,707274E-2
7,671875E+2	2,162990E-1	7,671875E+2	1,649949E-1	7,671875E+2	2,293370E-1	7,671875E+2	1,572368E-1	7,671875E+2	2,657692E-1	7,671875E+2	1,064172E-1	7,671875E+2	3,613848E-1	7,671875E+2	2,690816E-2	7,671875E+2	4,521926E-1	7,671875E+2	-3,428336E-2	7,671875E+2	5,035507E-1	7,671875E+2	-7,150792E-2	7,671875E+2	5,557736E-1	7,671875E+2	-8,231730E-2
7,687500E+2	2,208334E-1	7,687500E+2	1,723505E-1	7,687500E+2	2,349870E-1	7,687500E+2	1,625202E-1	7,687500E+2	2,654997E-1	7,687500E+2	1,104416E-1	7,687500E+2	3,679813E-1	7,687500E+2	3,163794E-2	7,687500E+2	4,555289E-1	7,687500E+2	-3,150916E-2	7,687500E+2	5,043835E-1	7,687500E+2	-7,313271E-2	7,687500E+2	5,574351E-1	7,687500E+2	-8,326347E-2
7,703125E+2	2,289665E-1	7,703125E+2	1,754643E-1	7,703125E+2	2,395837E-1	7,703125E+2	1,672405E-1	7,703125E+2	2,757313E-1	7,703125E+2	1,142686E-1	7,703125E+2	3,706925E-1	7,703125E+2	3,453576E-2	7,703125E+2	4,558807E-1	7,703125E+2	-2,690556E-2	7,703125E+2	5,018684E-1	7,703125E+2	-7,238445E-2	7,703125E+2	5,678400E-1	7,703125E+2	-8,997825E-2
7,718750E+2	2,410277E-1	7,718750E+2	1,777907E-1	7,718750E+2	2,463354E-1	7,718750E+2	1,701801E-1	7,718750E+2	2,797288E-1	7,718750E+2	1,161114E-1	7,718750E+2	3,730647E-1	7,718750E+2	3,998250E-2	7,718750E+2	4,546588E-1	7,718750E+2	-2,545123E-2	7,718750E+2	5,061046E-1	7,718750E+2	-7,211194E-2	7,718750E+2	5,712372E-1	7,718750E+2	-8,341193E-2
7,734375E+2	2,452790E-1	7,734375E+2	1,884807E-1	7,734375E+2	2,528269E-1	7,734375E+2	1,766256E-1	7,734375E+2	2,837907E-1	7,734375E+2	1,200606E-1	7,734375E+2	3,766409E-1	7,734375E+2	3,968238E-2	7,734375E+2	4,554884E-1	7,734375E+2	-3,046191E-2	7,734375E+2	5,112099E-1	7,734375E+2	-7,080281E-2	7,734375E+2	5,734435E-1	7,734375E+2	-8,936457E-2
7,750000E+2	2,517537E-1	7,750000E+2	1,961781E-1	7,750000E+2	2,589580E-1	7,750000E+2	1,806586E-1	7,750000E+2	2,877710E-1	7,750000E+2	1,237466E-1	7,750000E+2	3,705669E-1	7,750000E+2	4,453974E-2	7,750000E+2	4,549655E-1	7,750000E+2	-2,992265E-2	7,750000E+2	5,131656E-1	7,750000E+2	-7,420568E-2	7,750000E+2	5,619047E-1	7,750000E+2	-8,608420E-2
7,765625E+2	2,576978E-1	7,765625E+2	1,997733E-1	7,765625E+2	2,661534E-1	7,765625E+2	1,863896E-1	7,765625E+2	2,866957E-1	7,765625E+2	1,356060E-1	7,765625E+2	3,695198E-1	7,765625E+2	5,215933E-2	7,765625E+2	4,572759E-1	7,765625E+2	-2,977460E-2	7,765625E+2	5,228450E-1	7,765625E+2	-7,312020E-2	7,765625E+2	5,600313E-1	7,765625E+2	-8,707789E-2
7,781250E+2	2,741910E-1	7,781250E+2	2,003898E-1	7,781250E+2	2,755234E-1	7,781250E+2	1,888058E-1	7,781250E+2	2,947872E-1	7,781250E+2	1,400867E-1	7,781250E+2	3,697365E-1	7,781250E+2	5,381040E-2	7,781250E+2	4,627310E-1	7,781250E+2	-3,370290E-2	7,781250E+2	5,164679E-1	7,781250E+2	-6,423995E-2	7,781250E+2	5,574976E-1	7,781250E+2	-9,184298E-2
7,796875E+2	2,745605E-1	7,796875E+2	2,045472E-1	7,796875E+2	2,808686E-1	7,796875E+2	1,955258E-1	7,796875E+2	3,063930E-1	7,796875E+2	1,401685E-1	7,796875E+2	3,755121E-1	7,796875E+2	5,882137E-2	7,796875E+2	4,615287E-1	7,796875E+2	-2,903277E-2	7,796875E+2	5,194720E-1	7,796875E+2	-5,482566E-2	7,796875E+2	5,639873E-1	7,796875E+2	-8,934978E-2
7,812500E+2	2,704300E-1	7,812500E+2	2,100053E-1	7,812500E+2	2,799757E-1	7,812500E+2	2,001770E-1	7,812500E+2	3,086734E-1	7,812500E+2	1,497993E-1	7,812500E+2	3,768339E-1	7,812500E+2	6,323090E-2	7,812500E+2	4,600068E-1	7,812500E+2	-2,429997E-2	7,812500E+2	5,195989E-1	7,812500E+2	-4,891031E-2	7,812500E+2	5,639573E-1	7,812500E+2	-8,320731E-2
7,828125E+2	2,822993E-1	7,828125E+2	2,151448E-1	7,828125E+2	2,903083E-1	7,828125E+2	2,025907E-1	7,828125E+2	3,081891E-1	7,828125E+2	1,552084E-1	7,828125E+2	3,838792E-1	7,828125E+2	5,930972E-2	7,828125E+2	4,596547E-1	7,828125E+2	-2,692928E-2	7,828125E+2	5,196610E-1	7,828125E+2	-5,361047E-2	7,828125E+2	5,595494E-1	7,828125E+2	-7,524501E-2
7,843750E+2	2,921734E-1	7,843750E+2	2,198680E-1	7,843750E+2	2,963832E-1	7,843750E+2	2,097160E-1	7,843750E+2	3,185902E-1	7,843750E+2	1,576224E-1	7,843750E+2	3,884909E-1	7,843750E+2	5,750420E-2	7,843750E+2	4,607915E-1	7,843750E+2	-2,453942E-2	7,843750E+2	5,159592E-1	7,843750E+2	-5,448164E-2	7,843750E+2	5,637025E-1	7,843750E+2	-8,522610E-2
7,859375E+2	3,011110E-1	7,859375E+2	2,218469E-1	7,859375E+2	3,020812E-1	7,859375E+2	2,120312E-1	7,859375E+2	3,147886E-1	7,859375E+2	1,581097E-1	7,859375E+2	3,860705E-1	7,859375E+2	6,490881E-2	7,859375E+2	4,601036E-1	7,859375E+2	-1,904270E-2	7,859375E+2	5,121274E-1	7,859375E+2	-6,133029E-2	7,859375E+2	5,727773E-1	7,859375E+2	-9,013320E-2
7,875000E+2	3,038377E-1	7,875000E+2	2,250519E-1	7,875000E+2	3,106682E-1	7,875000E+2	2,170563E-1	7,875000E+2	3,248747E-1	7,875000E+2	1,590793E-1	7,875000E+2	3,941903E-1	7,875000E+2	6,662921E-2	7,875000E+2	4,617976E-1	7,875000E+2	-2,197940E-2	7,875000E+2	5,127282E-1	7,875000E+2	-5,503794E-2	7,875000E+2	5,741762E-1	7,875000E+2	-8,911713E-2
7,890625E+2	3,150566E-1	7,890625E+2	2,330597E-1	7,890625E+2	3,184369E-1	7,890625E+2	2,204700E-1	7,890625E+2	3,306257E-1	7,890625E+2	1,675477E-1	7,890625E+2	3,930445E-1	7,890625E+2	6,907693E-2	7,890625E+2	4,682946E-1	7,890625E+2	-1,722149E-2	7,890625E+2	5,168780E-1	7,890625E+2	-5,579607E-2	7,890625E+2	5,766814E-1	7,890625E+2	-8,632589E-2
7,906250E+2	3,200515E-1	7,906250E+2	2,380532E-1	7,906250E+2	3,232717E-1	7,906250E+2	2,241891E-1	7,906250E+2	3,342001E-1	7,906250E+2	1,702645E-1	7,906250E+2	3,961574E-1	7,906250E+2	7,702590E-2	7,906250E+2	4,716102E-1	7,906250E+2	-1,103135E-2	7,906250E+2	5,162844E-1	7,906250E+2	-5,114985E-2	7,906250E+2	5,715279E-1	7,906250E+2	-8,416619E-2
7,921875E+2	3,246650E-1	7,921875E+2	2,378922E-1	7,921875E+2	3,307042E-1	7,921875E+2	2,262597E-1	7,921875E+2	3,395335E-1	7,921875E+2	1,719781E-1	7,921875E+2	3,958967E-1	7,921875E+2	7,727597E-2	7,921875E+2	4,693602E-1	7,921875E+2	-1,365770E-2	7,921875E+2	5,120407E-1	7,921875E+2	-5,129363E-2	7,921875E+2	5,696806E-1	7,921875E+2	-7,671317E-2
7,937500E+2	3,299788E-1	7,937500E+2	2,406952E-1	7,937500E+2	3,351751E-1	7,937500E+2	2,286456E-1	7,937500E+2	3,495055E-1	7,937500E+2	1,726153E-1	7,937500E+2	3,969652E-1	7,937500E+2	7,447745E-2	7,937500E+2	4,741982E-1	7,937500E+2	-7,220348E-3	7,937500E+2	5,153659E-1	7,937500E+2	-5,530798E-2	7,937500E+2	5,608468E-1	7,937500E+2	-8,217072E-2
7,953125E+2	3,336467E-1	7,953125E+2	2,425932E-1	7,953125E+2	3,426495E-1	7,953125E+2	2,313194E-1	7,953125E+2	3,544942E-1	7,953125E+2	1,760636E-1	7,953125E+2	3,972981E-1	7,953125E+2	7,666340E-2	7,953125E+2	4,760396E-1	7,953125E+2	-2,662264E-3	7,953125E+2	5,200412E-1	7,953125E+2	-5,193877E-2	7,953125E+2	5,615940E-1	7,953125E+2	-7,384595E-2
7,968750E+2	3,475213E-1	7,968750E+2	2,446800E-1	7,968750E+2	3,495852E-1	7,968750E+2	2,364286E-1	7,968750E+2	3,555597E-1	7,968750E+2	1,817966E-1	7,968750E+2	4,098163E-1	7,968750E+2	8,106267E-2	7,968750E+2	4,753102E-1	7,968750E+2	-3,827511E-3	7,968750E+2	5,241597E-1	7,968750E+2	-4,978252E-2	7,968750E+2	5,729103E-1	7,968750E+2	-7,274836E-2
7,984375E+2	3,542194E-1	7,984375E+2	2,419832E-1	7,984375E+2	3,561850E-1	7,984375E+2	2,359258E-1	7,984375E+2	3,597223E-1	7,984375E+2	1,815235E-1	7,984375E+2	4,085983E-1	7,984375E+2	8,770379E-2	7,984375E+2	4,734718E-1	7,984375E+2	-7,809907E-3	7,984375E+2	5,199286E-1	7,984375E+2	-4,646512E-2	7,984375E+2	5,739342E-1	7,984375E+2	-7,183504E-2
8,000000E+2	3,603980E-1	8,000000E+2	2,440585E-1	8,000000E+2	3,627687E-1	8,000000E+2	2,367088E-1	8,000000E+2	3,692392E-1	8,000000E+2	1,837518E-1	8,000000E+2	4,088680E-1	8,000000E+2	8,858578E-2	8,000000E+2	4,701534E-1	8,000000E+2	2,113709E-3	8,000000E+2	5,198095E-1	8,000000E+2	-4,407600E-2	8,000000E+2	5,681571E-1	8,000000E+2	-7,615389E-2
8,015625E+2	3,673789E-1	8,015625E+2	2,489349E-1	8,015625E+2	3,692738E-1	8,015625E+2	2,399165E-1	8,015625E+2	3,761843E-1	8,015625E+2	1,889509E-1	8,015625E+2	4,160487E-1	8,015625E+2	8,957344E-2	8,015625E+2	4,738236E-1	8,015625E+2	4,157795E-4	8,015625E+2	5,207016E-1	8,015625E+2	-4,689342E-2	8,015625E+2	5,683037E-1	8,015625E+2	-7,779696E-2
8,031250E+2	3,724251E-1	8,031250E+2	2,496361E-1	8,031250E+2	3,750484E-1	8,031250E+2	2,428109E-1	8,031250E+2	3,798712E-1	8,031250E+2	1,900447E-1	8,031250E+2	4,183481E-1	8,031250E+2	8,924403E-2	8,031250E+2	4,797999E-1	8,031250E+2	-1,485229E-3	8,031250E+2	5,153010E-1	8,031250E+2	-4,841435E-2	8,031250E+2	5,733993E-1	8,031250E+2	-7,421113E-2
8,046875E+2	3,816260E-1	8,046875E+2	2,504343E-1	8,046875E+2	3,803894E-1	8,046875E+2	2,444906E-1	8,046875E+2	3,841257E-1	8,046875E+2	1,916121E-1	8,046875E+2	4,214998E-1	8,046875E+2	9,312800E-2	8,046875E+2	4,775160E-1	8,046875E+2	-2,076956E-3	8,046875E+2	5,195188E-1	8,046875E+2	-4,685507E-2	8,046875E+2	5,753428E-1	8,046875E+2	-7,366247E-2
8,062500E+2	3,902170E-1	8,062500E+2	2,536720E-1	8,062500E+2	3,883629E-1	8,062500E+2	2,453133E-1	8,062500E+2	3,902390E-1	8,062500E+2	1,965735E-1	8,062500E+2	4,265965E-1	8,062500E+2	9,670919E-2	8,062500E+2	4,733615E-1	8,062500E+2	-1,685716E-3	8,062500E+2	5,239458E-1	8,062500E+2	-4,293675E-2	8,062500E+2	5,723010E-1	8,062500E+2	-7,155345E-2
8,078125E+2	3,930833E-1	8,078125E+2	2,558359E-1	8,078125E+2	3,962047E-1	8,078125E+2	2,465097E-1	8,078125E+2	3,947246E-1	8,078125E+2	1,942713E-1	8,078125E+2	4,234511E-1	8,078125E+2	1,013682E-1	8,078125E+2	4,782475E-1	8,078125E+2	1,814998E-3	8,078125E+2	5,262404E-1	8,078125E+2	-4,262895E-2	8,078125E+2	5,731510E-1	8,078125E+2	-7,304340E-2
8,093750E+2	3,989639E-1	8,093750E+2	2,591715E-1	8,093750E+2	3,990078E-1	8,093750E+2	2,466611E-1	8,093750E+2	3,956759E-1	8,093750E+2	1,955630E-1	8,093750E+2	4,231196E-1	8,093750E+2	1,012750E-1	8,093750E+2	4,798183E-1	8,093750E+2	8,837512E-3	8,093750E+2	5,258644E-1	8,093750E+2	-3,932206E-2	8,093750E+2	5,773161E-1	8,093750E+2	-7,317318E-2
8,109375E+2	4,064547E-1	8,109375E+2	2,626787E-1	8,109375E+2	4,057114E-1	8,109375E+2	2,483582E-1	8,109375E+2	4,064771E-1	8,109375E+2	1,996784E-1	8,109375E+2	4,287741E-1	8,109375E+2	1,007724E-1	8,109375E+2	4,805425E-1	8,109375E+2	1,313929E-2	8,109375E+2	5,301362E-1	8,109375E+2	-3,938539E-2	8,109375E+2	5,775824E-1	8,109375E+2	-7,368693E-2
8,125000E+2	4,105649E-1	8,125000E+2	2,608357E-1	8,125000E+2	4,115946E-1	8,125000E+2	2,520046E-1	8,125000E+2	4,109760E-1	8,125000E+2	2,010140E-1	8,125000E+2	4,303974E-1	8,125000E+2	1,015270E-1	8,125000E+2	4,822274E-1	8,125000E+2	5,644987E-3	8,125000E+2	5,287837E-1	8,125000E+2	-4,114345E-2	8,125000E+2	5,748308E-1	8,125000E+2	-7,509300E-2
8,140625E+2	4,208661E-1	8,140625E+2	2,567085E-1	8,140625E+2	4,193595E-1	8,140625E+2	2,538285E-1	8,140625E+2	4,097220E-1	8,140625E+2	2,023959E-1	8,140625E+2	4,349455E-1	8,140625E+2	1,037818E-1	8,140625E+2	4,822691E-1	8,140625E+2	1,061102E-2	8,140625E+2	5,278374E-1	8,140625E+2	-3,638681E-2	8,140625E+2	5,755950E-1	8,140625E+2	-7,072939E-2
8,156250E+2	4,234580E-1	8,156250E+2	2,603795E-1	8,156250E+2	4,272913E-1	8,156250E+2	2,540126E-1	8,156250E+2	4,158131E-1	8,156250E+2	2,063706E-1	8,156250E+2	4,420093E-1	8,156250E+2	1,102768E-1	8,156250E+2	4,791837E-1	8,156250E+2	1,332126E-2	8,156250E+2	5,313293E-1	8,156250E+2	-3,350046E-2	8,156250E+2	5,732831E-1	8,156250E+2	-6,465466E-2
8,171875E+2	4,308089E-1	8,171875E+2	2,611785E-1	8,171875E+2	4,299885E-1	8,171875E+2	2,552949E-1	8,171875E+2	4,225934E-1	8,171875E+2	2,072207E-1	8,171875E+2	4,446511E-1	8,171875E+2	1,125702E-1	8,171875E+2	4,836830E-1	8,171875E+2	1,075788E-2	8,171875E+2	5,322971E-1	8,171875E+2	-3,696596E-2	8,171875E+2	5,793821E-1	8,171875E+2	-6,655579E-2
8,187500E+2	4,396199E-1	8,187500E+2	2,612275E-1	8,187500E+2	4,380479E-1	8,187500E+2	2,540270E-1	8,187500E+2	4,310398E-1	8,187500E+2	2,048498E-1	8,187500E+2	4,430604E-1	8,187500E+2	1,097035E-1	8,187500E+2	4,887093E-1	8,187500E+2	1,605548E-2	8,187500E+2	5,346112E-1	8,187500E+2	-3,683533E-2	8,187500E+2	5,759661E-1	8,187500E+2	-6,679845E-2
8,203125E+2	4,451951E-1	8,203125E+2	2,603775E-1	8,203125E+2	4,451615E-1	8,203125E+2	2,554004E-1	8,203125E+2	4,332043E-1	8,203125E+2	2,075986E-1	8,203125E+2	4,480081E-1	8,203125E+2	1,102202E-1	8,203125E+2	4,889899E-1	8,203125E+2	1,613818E-2	8,203125E+2	5,311064E-1	8,203125E+2	-3,500190E-2	8,203125E+2	5,808692E-1	8,203125E+2	-6,761884E-2
8,218750E+2	4,483144E-1	8,218750E+2	2,642688E-1	8,218750E+2	4,484251E-1	8,218750E+2	2,556405E-1	8,218750E+2	4,421598E-1	8,218750E+2	2,068426E-1	8,218750E+2	4,531204E-1	8,218750E+2	1,104607E-1	8,218750E+2	4,873373E-1	8,218750E+2	1,572041E-2	8,218750E+2	5,279514E-1	8,218750E+2	-3,358324E-2	8,218750E+2	5,839599E-1	8,218750E+2	-6,133988E-2
8,234375E+2	4,558286E-1	8,234375E+2	2,622696E-1	8,234375E+2	4,557387E-1	8,234375E+2	2,561196E-1	8,234375E+2	4,433126E-1	8,234375E+2	2,110709E-1	8,234375E+2	4,517205E-1	8,234375E+2	1,141148E-1	8,234375E+2	4,867412E-1	8,234375E+2	1,699486E-2	8,234375E+2	5,284320E-1	8,234375E+2	-3,273475E-2	8,234375E+2	5,816971E-1	8,234375E+2	-6,390102E-2
8,250000E+2	4,600388E-1	8,250000E+2	2,628520E-1	8,250000E+2	4,608135E-1	8,250000E+2	2,554433E-1	8,250000E+2	4,457516E-1	8,250000E+2	2,104740E-1	8,250000E+2	4,554288E-1	8,250000E+2	1,161422E-1	8,250000E+2	4,887809E-1	8,250000E+2	1,569820E-2	8,250000E+2	5,262887E-1	8,250000E+2	-3,261115E-2	8,250000E+2	5,778753E-1	8,250000E+2	-6,604794E-2
8,265625E+2	4,672838E-1	8,265625E+2	2,653183E-1	8,265625E+2	4,661959E-1	8,265625E+2	2,528464E-1	8,265625E+2	4,525503E-1	8,265625E+2	2,088588E-1	8,265625E+2	4,583243E-1	8,265625E+2	1,191466E-1	8,265625E+2	4,912863E-1	8,265625E+2	1,599637E-2	8,265625E+2	5,320572E-1	8,265625E+2	-3,450377E-2	8,265625E+2	5,796514E-1	8,265625E+2	-6,301454E-2
8,281250E+2	4,743740E-1	8,281250E+2	2,645077E-1	8,281250E+2	4,710509E-1	8,281250E+2	2,548300E-1	8,281250E+2	4,602825E-1	8,281250E+2	2,139940E-1	8,281250E+2	4,626623E-1	8,281250E+2	1,198649E-1	8,281250E+2	4,949218E-1	8,281250E+2	1,749465E-2	8,281250E+2	5,350661E-1	8,281250E+2	-3,042867E-2	8,281250E+2	5,824868E-1	8,281250E+2	-5,819133E-2
8,296875E+2	4,788887E-1	8,296875E+2	2,651316E-1	8,296875E+2	4,756638E-1	8,296875E+2	2,550053E-1	8,296875E+2	4,647364E-1	8,296875E+2	2,151681E-1	8,296875E+2	4,642816E-1	8,296875E+2	1,196199E-1	8,296875E+2	4,959051E-1	8,296875E+2	2,107053E-2	8,296875E+2	5,334443E-1	8,296875E+2	-2,373689E-2	8,296875E+2	5,827059E-1	8,296875E+2	-5,997464E-2
8,312500E+2	4,833710E-1	8,312500E+2	2,639614E-1	8,312500E+2	4,797803E-1	8,312500E+2	2,542222E-1	8,312500E+2	4,685747E-1	8,312500E+2	2,142370E-1	8,312500E+2	4,647893E-1	8,312500E+2	1,204646E-1	8,312500E+2	4,970625E-1	8,312500E+2	2,095591E-2	8,312500E+2	5,356622E-1	8,312500E+2	-2,514488E-2	8,312500E+2	5,774917E-1	8,312500E+2	-6,155438E-2
8,328125E+2	4,888060E-1	8,328125E+2	2,653864E-1	8,328125E+2	4,874875E-1	8,328125E+2	2,536241E-1	8,328125E+2	4,742673E-1	8,328125E+2	2,125547E-1	8,328125E+2	4,717526E-1	8,328125E+2	1,187608E-1	8,328125E+2	4,972501E-1	8,328125E+2	2,298744E-2	8,328125E+2	5,340458E-1	8,328125E+2	-2,218391E-2	8,328125E+2	5,816194E-1	8,328125E+2	-5,735210E-2
8,343750E+2	4,935087E-1	8,343750E+2	2,658824E-1	8,343750E+2	4,945809E-1	8,343750E+2	2,554708E-1	8,343750E+2	4,767825E-1	8,343750E+2	2,112441E-1	8,343750E+2	4,758584E-1	8,343750E+2	1,264144E-1	8,343750E+2	4,958168E-1	8,343750E+2	1,973254E-2	8,343750E+2	5,302560E-1	8,343750E+2	-2,584504E-2	8,343750E+2	5,782060E-1	8,343750E+2	-5,536819E-2
8,359375E+2	4,999108E-1	8,359375E+2	2,628358E-1	8,359375E+2	4,993071E-1	8,359375E+2	2,547867E-1	8,359375E+2	4,823307E-1	8,359375E+2	2,118363E-1	8,359375E+2	4,789665E-1	8,359375E+2	1,250552E-1	8,359375E+2	4,924931E-1	8,359375E+2	2,375901E-2	8,359375E+2	5,334674E-1	8,359375E+2	-2,478329E-2	8,359375E+2	5,791256E-1	8,359375E+2	-5,279242E-2
8,375000E+2	5,048851E-1	8,375000E+2	2,587148E-1	8,375000E+2	5,002059E-1	8,375000E+2	2,522563E-1	8,375000E+2	4,833812E-1	8,375000E+2	2,153721E-1	8,375000E+2	4,764882E-1	8,375000E+2	1,235537E-1	8,375000E+2	4,914015E-1	8,375000E+2	2,527225E-2	8,375000E+2	5,360512E-1	8,375000E+2	-2,491469E-2	8,375000E+2	5,788519E-1	8,375000E+2	-5,779575E-2
8,390625E+2	5,115938E-1	8,390625E+2	2,568087E-1	8,390625E+2	5,075854E-1	8,390625E+2	2,489839E-1	8,390625E+2	4,896345E-1	8,390625E+2	2,152017E-1	8,390625E+2	4,766522E-1	8,390625E+2	1,212787E-1	8,390625E+2	4,977499E-1	8,390625E+2	2,490432E-2	8,390625E+2	5,331279E-1	8,390625E+2	-2,314268E-2	8,390625E+2	5,809673E-1	8,390625E+2	-5,387640E-2
8,406250E+2	5,124791E-1	8,406250E+2	2,633496E-1	8,406250E+2	5,123752E-1	8,406250E+2	2,517864E-1	8,406250E+2	4,939580E-1	8,406250E+2	2,151907E-1	8,406250E+2	4,829360E-1	8,406250E+2	1,231920E-1	8,406250E+2	4,993666E-1	8,406250E+2	2,652780E-2	8,406250E+2	5,353427E-1	8,406250E+2	-1,923215E-2	8,406250E+2	5,778852E-1	8,406250E+2	-5,045857E-2
8,421875E+2	5,167287E-1	8,421875E+2	2,621566E-1	8,421875E+2	5,161735E-1	8,421875E+2	2,527614E-1	8,421875E+2	4,994401E-1	8,421875E+2	2,145712E-1	8,421875E+2	4,840627E-1	8,421875E+2	1,261739E-1	8,421875E+2	4,999334E-1	8,421875E+2	2,693916E-2	8,421875E+2	5,373925E-1	8,421875E+2	-1,663355E-2	8,421875E+2	5,768897E-1	8,421875E+2	-4,953203E-2
8,437500E+2	5,262468E-1	8,437500E+2	2,593383E-1	8,437500E+2	5,231521E-1	8,437500E+2	2,500173E-1	8,437500E+2	5,033231E-1	8,437500E+2	2,149531E-1	8,437500E+2	4,844855E-1	8,437500E+2	1,299379E-1	8,437500E+2	5,027083E-1	8,437500E+2	3,278465E-2	8,437500E+2	5,356495E-1	8,437500E+2	-1,590572E-2	8,437500E+2	5,802229E-1	8,437500E+2	-5,167640E-2
8,453125E+2	5,303892E-1	8,453125E+2	2,584641E-1	8,453125E+2	5,275657E-1	8,453125E+2	2,484337E-1	8,453125E+2	5,055636E-1	8,453125E+2	2,162078E-1	8,453125E+2	4,871152E-1	8,453125E+2	1,281880E-1	8,453125E+2	5,018186E-1	8,453125E+2	3,500850E-2	8,453125E+2	5,394555E-1	8,453125E+2	-1,625017E-2	8,453125E+2	5,850472E-1	8,453125E+2	-5,044943E-2
8,468750E+2	5,348810E-1	8,468750E+2	2,560288E-1	8,468750E+2	5,328233E-1	8,468750E+2	2,455809E-1	8,468750E+2	5,102913E-1	8,468750E+2	2,144380E-1	8,468750E+2	4,912096E-1	8,468750E+2	1,312318E-1	8,468750E+2	4,984967E-1	8,468750E+2	3,405403E-2	8,468750E+2	5,374057E-1	8,468750E+2	-1,515870E-2	8,468750E+2	5,820102E-1	8,468750E+2	-4,643906E-2
8,484375E+2	5,366618E-1	8,484375E+2	2,544826E-1	8,484375E+2	5,369615E-1	8,484375E+2	2,450751E-1	8,484375E+2	5,148886E-1	8,484375E+2	2,139806E-1	8,484375E+2	4,949866E-1	8,484375E+2	1,320996E-1	8,484375E+2	5,016794E-1	8,484375E+2	3,311593E-2	8,484375E+2	5,368162E-1	8,484375E+2	-1,856486E-2	8,484375E+2	5,857749E-1	8,484375E+2	-4,729712E-2
8,500000E+2	5,434686E-1	8,500000E+2	2,496535E-1	8,500000E+2	5,406767E-1	8,500000E+2	2,452998E-1	8,500000E+2	5,228975E-1	8,500000E+2	2,137719E-1	8,500000E+2	4,965395E-1	8,500000E+2	1,286832E-1	8,500000E+2	5,081740E-1	8,500000E+2	3,301348E-2	8,500000E+2	5,435625E-1	8,500000E+2	-1,309429E-2	8,500000E+2	5,825218E-1	8,500000E+2	-4,945838E-2
8,515625E+2	5,537477E-1	8,515625E+2	2,463257E-1	8,515625E+2	5,484788E-1	8,515625E+2	2,439314E-1	8,515625E+2	5,264509E-1	8,515625E+2	2,119518E-1	8,515625E+2	4,993750E-1	8,515625E+2	1,282383E-1	8,515625E+2	5,137188E-1	8,515625E+2	3,364922E-2	8,515625E+2	5,391033E-1	8,515625E+2	-1,394008E-2	8,515625E+2	5,827198E-1	8,515625E+2	-4,394529E-2
8,531250E+2	5,591776E-1	8,531250E+2	2,448774E-1	8,531250E+2	5,517721E-1	8,531250E+2	2,409139E-1	8,531250E+2	5,279978E-1	8,531250E+2	2,123939E-1	8,531250E+2	5,044656E-1	8,531250E+2	1,303944E-1	8,531250E+2	5,088224E-1	8,531250E+2	3,382270E-2	8,531250E+2	5,370844E-1	8,531250E+2	-1,646377E-2	8,531250E+2	5,836767E-1	8,531250E+2	-4,443904E-2
8,546875E+2	5,559371E-1	8,546875E+2	2,467950E-1	8,546875E+2	5,558520E-1	8,546875E+2	2,407873E-1	8,546875E+2	5,304681E-1	8,546875E+2	2,128593E-1	8,546875E+2	5,058997E-1	8,546875E+2	1,298669E-1	8,546875E+2	5,071754E-1	8,546875E+2	3,480909E-2	8,546875E+2	5,364205E-1	8,546875E+2	-1,104220E-2	8,546875E+2	5,792689E-1	8,546875E+2	-4,361482E-2
8,562500E+2	5,612615E-1	8,562500E+2	2,454320E-1	8,562500E+2	5,594186E-1	8,562500E+2	2,399681E-1	8,562500E+2	5,348512E-1	8,562500E+2	2,089389E-1	8,562500E+2	5,058869E-1	8,562500E+2	1,302552E-1	8,562500E+2	5,084656E-1	8,562500E+2	4,026062E-2	8,562500E+2	5,419062E-1	8,562500E+2	-1,280963E-2	8,562500E+2	5,833788E-1	8,562500E+2	-4,315234E-2
8,578125E+2	5,694468E-1	8,578125E+2	2,423874E-1	8,578125E+2	5,635285E-1	8,578125E+2	2,384465E-1	8,578125E+2	5,375407E-1	8,578125E+2	2,062081E-1	8,578125E+2	5,072739E-1	8,578125E+2	1,296613E-1	8,578125E+2	5,103464E-1	8,578125E+2	4,105115E-2	8,578125E+2	5,467301E-1	8,578125E+2	-1,300875E-2	8,578125E+2	5,899748E-1	8,578125E+2	-4,116151E-2
8,593750E+2	5,692204E-1	8,593750E+2	2,427751E-1	8,593750E+2	5,657561E-1	8,593750E+2	2,361362E-1	8,593750E+2	5,414221E-1	8,593750E+2	2,045136E-1	8,593750E+2	5,113609E-1	8,593750E+2	1,286380E-1	8,593750E+2	5,098788E-1	8,593750E+2	4,150822E-2	8,593750E+2	5,452010E-1	8,593750E+2	-8,026756E-3	8,593750E+2	5,873220E-1	8,593750E+2	-4,276854E-2
8,609375E+2	5,737485E-1	8,609375E+2	2,434639E-1	8,609375E+2	5,721409E-1	8,609375E+2	2,356767E-1	8,609375E+2	5,479763E-1	8,609375E+2	2,080043E-1	8,609375E+2	5,146925E-1	8,609375E+2	1,330774E-1	8,609375E+2	5,106347E-1	8,609375E+2	4,197411E-2	8,609375E+2	5,446784E-1	8,609375E+2	-4,529960E-3	8,609375E+2	5,906915E-1	8,609375E+2	-4,417549E-2
8,625000E+2	5,742669E-1	8,625000E+2	2,383948E-1	8,625000E+2	5,759795E-1	8,625000E+2	2,354976E-1	8,625000E+2	5,523131E-1	8,625000E+2	2,113387E-1	8,625000E+2	5,191653E-1	8,625000E+2	1,321222E-1	8,625000E+2	5,097819E-1	8,625000E+2	4,129481E-2	8,625000E+2	5,432637E-1	8,625000E+2	-8,190467E-3	8,625000E+2	5,852488E-1	8,625000E+2	-4,779390E-2
8,640625E+2	5,855286E-1	8,640625E+2	2,379277E-1	8,640625E+2	5,785507E-1	8,640625E+2	2,320742E-1	8,640625E+2	5,527468E-1	8,640625E+2	2,098860E-1	8,640625E+2	5,187096E-1	8,640625E+2	1,327507E-1	8,640625E+2	5,114697E-1	8,640625E+2	4,591500E-2	8,640625E+2	5,412234E-1	8,640625E+2	-8,197419E-3	8,640625E+2	5,847159E-1	8,640625E+2	-4,723991E-2
8,656250E+2	5,876516E-1	8,656250E+2	2,344184E-1	8,656250E+2	5,834250E-1	8,656250E+2	2,274379E-1	8,656250E+2	5,592125E-1	8,656250E+2	2,061096E-1	8,656250E+2	5,214577E-1	8,656250E+2	1,335057E-1	8,656250E+2	5,130064E-1	8,656250E+2	4,640844E-2	8,656250E+2	5,427527E-1	8,656250E+2	-4,536613E-3	8,656250E+2	5,852996E-1	8,656250E+2	-4,099327E-2
8,671875E+2	5,947262E-1	8,671875E+2	2,283019E-1	8,671875E+2	5,872011E-1	8,671875E+2	2,271698E-1	8,671875E+2	5,633765E-1	8,671875E+2	2,054293E-1	8,671875E+2	5,286847E-1	8,671875E+2	1,355017E-1	8,671875E+2	5,181908E-1	8,671875E+2	4,646968E-2	8,671875E+2	5,430060E-1	8,671875E+2	-8,444071E-3	8,671875E+2	5,878483E-1	8,671875E+2	-3,918100E-2
8,687500E+2	5,992036E-1	8,687500E+2	2,317245E-1	8,687500E+2	5,910230E-1	8,687500E+2	2,269196E-1	8,687500E+2	5,634082E-1	8,687500E+2	2,048485E-1	8,687500E+2	5,305651E-1	8,687500E+2	1,378741E-1	8,687500E+2	5,222698E-1	8,687500E+2	4,735395E-2	8,687500E+2	5,473643E-1	8,687500E+2	-4,804203E-3	8,687500E+2	5,890006E-1	8,687500E+2	-3,657802E-2
8,703125E+2	5,988801E-1	8,703125E+2	2,292721E-1	8,703125E+2	5,946249E-1	8,703125E+2	2,235760E-1	8,703125E+2	5,645407E-1	8,703125E+2	2,024656E-1	8,703125E+2	5,332372E-1	8,703125E+2	1,368861E-1	8,703125E+2	5,229234E-1	8,703125E+2	3,975220E-2	8,703125E+2	5,455666E-1	8,703125E+2	-4,411139E-3	8,703125E+2	5,882233E-1	8,703125E+2	-3,990009E-2
8,718750E+2	6,000293E-1	8,718750E+2	2,329590E-1	8,718750E+2	5,965486E-1	8,718750E+2	2,221746E-1	8,718750E+2	5,706143E-1	8,718750E+2	2,000198E-1	8,718750E+2	5,317901E-1	8,718750E+2	1,367115E-1	8,718750E+2	5,218110E-1	8,718750E+2	4,284517E-2	8,718750E+2	5,477945E-1	8,718750E+2	-4,513939E-3	8,718750E+2	5,886568E-1	8,718750E+2	-3,705706E-2
8,734375E+2	6,014087E-1	8,734375E+2	2,284261E-1	8,734375E+2	5,988283E-1	8,734375E+2	2,202579E-1	8,734375E+2	5,720484E-1	8,734375E+2	2,004547E-1	8,734375E+2	5,309066E-1	8,734375E+2	1,345518E-1	8,734375E+2	5,218052E-1	8,734375E+2	4,804459E-2	8,734375E+2	5,468197E-1	8,734375E+2	-4,321785E-3	8,734375E+2	5,825719E-1	8,734375E+2	-3,740504E-2
8,750000E+2	6,099974E-1	8,750000E+2	2,244217E-1	8,750000E+2	6,026466E-1	8,750000E+2	2,179407E-1	8,750000E+2	5,751091E-1	8,750000E+2	1,960334E-1	8,750000E+2	5,304840E-1	8,750000E+2	1,335862E-1	8,750000E+2	5,221798E-1	8,750000E+2	4,718902E-2	8,750000E+2	5,471102E-1	8,750000E+2	8,425199E-4	8,750000E+2	5,871742E-1	8,750000E+2	-3,920303E-2
8,765625E+2	6,064827E-1	8,765625E+2	2,245460E-1	8,765625E+2	6,049004E-1	8,765625E+2	2,180034E-1	8,765625E+2	5,792436E-1	8,765625E+2	1,945894E-1	8,765625E+2	5,371571E-1	8,765625E+2	1,352204E-1	8,765625E+2	5,209974E-1	8,765625E+2	4,328443E-2	8,765625E+2	5,486767E-1	8,765625E+2	6,002453E-3	8,765625E+2	5,944806E-1	8,765625E+2	-3,357353E-2
8,781250E+2	6,130218E-1	8,781250E+2	2,172217E-1	8,781250E+2	6,101245E-1	8,781250E+2	2,139713E-1	8,781250E+2	5,868505E-1	8,781250E+2	1,914666E-1	8,781250E+2	5,409653E-1	8,781250E+2	1,328728E-1	8,781250E+2	5,229273E-1	8,781250E+2	4,977210E-2	8,781250E+2	5,496028E-1	8,781250E+2	1,497466E-3	8,781250E+2	5,837198E-1	8,781250E+2	-3,061414E-2
8,796875E+2	6,150414E-1	8,796875E+2	2,166814E-1	8,796875E+2	6,118443E-1	8,796875E+2	2,127846E-1	8,796875E+2	5,855980E-1	8,796875E+2	1,929711E-1	8,796875E+2	5,432288E-1	8,796875E+2	1,315979E-1	8,796875E+2	5,253183E-1	8,796875E+2	4,828112E-2	8,796875E+2	5,513937E-1	8,796875E+2	-1,509927E-3	8,796875E+2	5,855720E-1	8,796875E+2	-3,178928E-2
8,812500E+2	6,193949E-1	8,812500E+2	2,139816E-1	8,812500E+2	6,133483E-1	8,812500E+2	2,110033E-1	8,812500E+2	5,864673E-1	8,812500E+2	1,904163E-1	8,812500E+2	5,439859E-1	8,812500E+2	1,330113E-1	8,812500E+2	5,277536E-1	8,812500E+2	5,030326E-2	8,812500E+2	5,498423E-1	8,812500E+2	2,475112E-3	8,812500E+2	5,862965E-1	8,812500E+2	-3,426202E-2
8,828125E+2	6,354420E-1	8,828125E+2	2,172915E-1	8,828125E+2	6,207448E-1	8,828125E+2	2,089085E-1	8,828125E+2	5,906683E-1	8,828125E+2	1,866866E-1	8,828125E+2	5,480964E-1	8,828125E+2	1,352760E-1	8,828125E+2	5,264564E-1	8,828125E+2	4,756095E-2	8,828125E+2	5,479963E-1	8,828125E+2	3,437157E-3	8,828125E+2	5,886972E-1	8,828125E+2	-2,769215E-2
8,843750E+2	6,232446E-1	8,843750E+2	2,106465E-1	8,843750E+2	6,214762E-1	8,843750E+2	2,070447E-1	8,843750E+2	5,946122E-1	8,843750E+2	1,880204E-1	8,843750E+2	5,505750E-1	8,843750E+2	1,322118E-1	8,843750E+2	5,260385E-1	8,843750E+2	5,201863E-2	8,843750E+2	5,501898E-1	8,843750E+2	3,826751E-3	8,843750E+2	5,868113E-1	8,843750E+2	-2,054647E-2
8,859375E+2	6,343934E-1	8,859375E+2	2,043519E-1	8,859375E+2	6,244763E-1	8,859375E+2	2,063516E-1	8,859375E+2	5,978357E-1	8,859375E+2	1,853859E-1	8,859375E+2	5,518496E-1	8,859375E+2	1,326138E-1	8,859375E+2	5,284386E-1	8,859375E+2	5,061513E-2	8,859375E+2	5,545448E-1	8,859375E+2	9,526294E-3	8,859375E+2	5,867088E-1	8,859375E+2	-3,364633E-2
8,875000E+2	6,314506E-1	8,875000E+2	2,053390E-1	8,875000E+2	6,255455E-1	8,875000E+2	2,056610E-1	8,875000E+2	6,007074E-1	8,875000E+2	1,864096E-1	8,875000E+2	5,552396E-1	8,875000E+2	1,322476E-1	8,875000E+2	5,292759E-1	8,875000E+2	5,091851E-2	8,875000E+2	5,497119E-1	8,875000E+2	1,048264E-2	8,875000E+2	5,854558E-1	8,875000E+2	-3,583960E-2
8,890625E+2	6,328295E-1	8,890625E+2	2,023143E-1	8,890625E+2	6,279747E-1	8,890625E+2	2,002922E-1	8,890625E+2	6,020488E-1	8,890625E+2	1,854601E-1	8,890625E+2	5,522183E-1	8,890625E+2	1,317712E-1	8,890625E+2	5,318999E-1	8,890625E+2	5,037686E-2	8,890625E+2	5,521617E-1	8,890625E+2	8,556497E-3	8,890625E+2	5,910210E-1	8,890625E+2	-3,204845E-2
8,906250E+2	6,347397E-1	8,906250E+2	1,988976E-1	8,906250E+2	6,340115E-1	8,906250E+2	1,959927E-1	8,906250E+2	6,028458E-1	8,906250E+2	1,800303E-1	8,906250E+2	5,537625E-1	8,906250E+2	1,340836E-1	8,906250E+2	5,350074E-1	8,906250E+2	5,827288E-2	8,906250E+2	5,550722E-1	8,906250E+2	9,314859E-3	8,906250E+2	5,943198E-1	8,906250E+2	-3,524086E-2
8,921875E+2	6,451738E-1	8,921875E+2	1,978940E-1	8,921875E+2	6,356331E-1	8,921875E+2	1,909442E-1	8,921875E+2	6,040673E-1	8,921875E+2	1,817373E-1	8,921875E+2	5,606379E-1	8,921875E+2	1,306736E-1	8,921875E+2	5,295348E-1	8,921875E+2	5,757356E-2	8,921875E+2	5,531075E-1	8,921875E+2	1,912877E-3	8,921875E+2	5,841184E-1	8,921875E+2	-3,367189E-2
8,937500E+2	6,516017E-1	8,937500E+2	1,985068E-1	8,937500E+2	6,376175E-1	8,937500E+2	1,909905E-1	8,937500E+2	6,068864E-1	8,937500E+2	1,774831E-1	8,937500E+2	5,602368E-1	8,937500E+2	1,299288E-1	8,937500E+2	5,305889E-1	8,937500E+2	5,544201E-2	8,937500E+2	5,522601E-1	8,937500E+2	6,606718E-4	8,937500E+2	5,803270E-1	8,937500E+2	-3,081187E-2
8,953125E+2	6,508582E-1	8,953125E+2	1,929812E-1	8,953125E+2	6,380336E-1	8,953125E+2	1,931486E-1	8,953125E+2	6,128973E-1	8,953125E+2	1,800172E-1	8,953125E+2	5,613717E-1	8,953125E+2	1,311107E-1	8,953125E+2	5,287067E-1	8,953125E+2	5,581767E-2	8,953125E+2	5,509456E-1	8,953125E+2	1,155158E-2	8,953125E+2	5,811446E-1	8,953125E+2	-3,344218E-2
8,968750E+2	6,441103E-1	8,968750E+2	1,891559E-1	8,968750E+2	6,407430E-1	8,968750E+2	1,878308E-1	8,968750E+2	6,157234E-1	8,968750E+2	1,789158E-1	8,968750E+2	5,605951E-1	8,968750E+2	1,303583E-1	8,968750E+2	5,285680E-1	8,968750E+2	5,483575E-2	8,968750E+2	5,458992E-1	8,968750E+2	1,953510E-2	8,968750E+2	5,860561E-1	8,968750E+2	-3,469650E-2
8,984375E+2	6,501012E-1	8,984375E+2	1,788853E-1	8,984375E+2	6,421260E-1	8,984375E+2	1,826010E-1	8,984375E+2	6,206631E-1	8,984375E+2	1,694845E-1	8,984375E+2	5,618890E-1	8,984375E+2	1,295780E-1	8,984375E+2	5,325077E-1	8,984375E+2	5,601614E-2	8,984375E+2	5,533319E-1	8,984375E+2	1,268841E-2	8,984375E+2	5,854074E-1	8,984375E+2	-2,849653E-2
9,000000E+2	6,510688E-1	9,000000E+2	1,856530E-1	9,000000E+2	6,458270E-1	9,000000E+2	1,803733E-1	9,000000E+2	6,203174E-1	9,000000E+2	1,699322E-1	9,000000E+2	5,651844E-1	9,000000E+2	1,305353E-1	9,000000E+2	5,355532E-1	9,000000E+2	5,800095E-2	9,000000E+2	5,612452E-1	9,000000E+2	8,985785E-3	9,000000E+2	5,908886E-1	9,000000E+2	-2,137958E-2
9,015625E+2	6,486790E-1	9,015625E+2	1,966613E-1	9,015625E+2	6,471804E-1	9,015625E+2	1,831380E-1	9,015625E+2	6,174560E-1	9,015625E+2	1,649164E-1	9,015625E+2	5,653401E-1	9,015625E+2	1,351943E-1	9,015625E+2	5,384464E-1	9,015625E+2	5,915464E-2	9,015625E+2	5,571315E-1	9,015625E+2	9,245602E-3	9,015625E+2	5,919235E-1	9,015625E+2	-2,104957E-2
9,031250E+2	6,501376E-1	9,031250E+2	1,810987E-1	9,031250E+2	6,530707E-1	9,031250E+2	1,775126E-1	9,031250E+2	6,227857E-1	9,031250E+2	1,641310E-1	9,031250E+2	5,689236E-1	9,031250E+2	1,351881E-1	9,031250E+2	5,358776E-1	9,031250E+2	5,880703E-2	9,031250E+2	5,514580E-1	9,031250E+2	1,520942E-2	9,031250E+2	5,931549E-1	9,031250E+2	-9,011455E-3
9,046875E+2	6,582366E-1	9,046875E+2	1,770903E-1	9,046875E+2	6,556594E-1	9,046875E+2	1,734327E-1	9,046875E+2	6,240776E-1	9,046875E+2	1,634691E-1	9,046875E+2	5,694673E-1	9,046875E+2	1,302478E-1	9,046875E+2	5,380559E-1	9,046875E+2	5,340771E-2	9,046875E+2	5,519780E-1	9,046875E+2	1,937011E-2	9,046875E+2	5,907979E-1	9,046875E+2	-2,252609E-2
9,062500E+2	6,529030E-1	9,062500E+2	1,706672E-1	9,062500E+2	6,582756E-1	9,062500E+2	1,715522E-1	9,062500E+2	6,276680E-1	9,062500E+2	1,615745E-1	9,062500E+2	5,729892E-1	9,062500E+2	1,260625E-1	9,062500E+2	5,406922E-1	9,062500E+2	5,268131E-2	9,062500E+2	5,541936E-1	9,062500E+2	1,751387E-2	9,062500E+2	5,959270E-1	9,062500E+2	-2,606347E-2
9,078125E+2	6,446034E-1	9,078125E+2	1,616848E-1	9,078125E+2	6,612855E-1	9,078125E+2	1,744280E-1	9,078125E+2	6,318297E-1	9,078125E+2	1,587957E-1	9,078125E+2	5,702711E-1	9,078125E+2	1,258840E-1	9,078125E+2	5,442693E-1	9,078125E+2	5,842777E-2	9,078125E+2	5,593377E-1	9,078125E+2	2,105704E-2	9,078125E+2	5,950462E-1	9,078125E+2	-1,700368E-2
9,093750E+2	6,612053E-1	9,093750E+2	1,772733E-1	9,093750E+2	6,598554E-1	9,093750E+2	1,705080E-1	9,093750E+2	6,271638E-1	9,093750E+2	1,572640E-1	9,093750E+2	5,736489E-1	9,093750E+2	1,227966E-1	9,093750E+2	5,454200E-1	9,093750E+2	5,752185E-2	9,093750E+2	5,578880E-1	9,093750E+2	1,968157E-2	9,093750E+2	5,906105E-1	9,093750E+2	-1,653942E-2
9,109375E+2	6,705187E-1	9,109375E+2	1,822530E-1	9,109375E+2	6,584667E-1	9,109375E+2	1,696914E-1	9,109375E+2	6,266059E-1	9,109375E+2	1,566156E-1	9,109375E+2	5,761974E-1	9,109375E+2	1,206415E-1	9,109375E+2	5,411179E-1	9,109375E+2	5,965322E-2	9,109375E+2	5,546029E-1	9,109375E+2	2,221494E-2	9,109375E+2	5,862219E-1	9,109375E+2	-1,913004E-2
9,125000E+2	6,614765E-1	9,125000E+2	1,754382E-1	9,125000E+2	6,569230E-1	9,125000E+2	1,657168E-1	9,125000E+2	6,335566E-1	9,125000E+2	1,571827E-1	9,125000E+2	5,778574E-1	9,125000E+2	1,277777E-1	9,125000E+2	5,419963E-1	9,125000E+2	5,626026E-2	9,125000E+2	5,621264E-1	9,125000E+2	2,569450E-2	9,125000E+2	5,964895E-1	9,125000E+2	-6,423832E-3
9,140625E+2	6,636926E-1	9,140625E+2	1,671845E-1	9,140625E+2	6,624705E-1	9,140625E+2	1,577473E-1	9,140625E+2	6,336863E-1	9,140625E+2	1,590805E-1	9,140625E+2	5,783199E-1	9,140625E+2	1,224922E-1	9,140625E+2	5,438786E-1	9,140625E+2	5,961443E-2	9,140625E+2	5,606130E-1	9,140625E+2	1,724304E-2	9,140625E+2	5,929637E-1	9,140625E+2	-1,040788E-2
9,156250E+2	6,660328E-1	9,156250E+2	1,658874E-1	9,156250E+2	6,635281E-1	9,156250E+2	1,595149E-1	9,156250E+2	6,374369E-1	9,156250E+2	1,530197E-1	9,156250E+2	5,774385E-1	9,156250E+2	1,163568E-1	9,156250E+2	5,467815E-1	9,156250E+2	5,988605E-2	9,156250E+2	5,611805E-1	9,156250E+2	1,579815E-2	9,156250E+2	5,930301E-1	9,156250E+2	-8,367105E-3
9,171875E+2	6,687329E-1	9,171875E+2	1,507741E-1	9,171875E+2	6,684152E-1	9,171875E+2	1,569530E-1	9,171875E+2	6,380547E-1	9,171875E+2	1,466285E-1	9,171875E+2	5,775764E-1	9,171875E+2	1,168704E-1	9,171875E+2	5,478671E-1	9,171875E+2	6,105455E-2	9,171875E+2	5,619955E-1	9,171875E+2	1,607357E-2	9,171875E+2	5,943433E-1	9,171875E+2	-1,276619E-2
9,187500E+2	6,679352E-1	9,187500E+2	1,484324E-1	9,187500E+2	6,688925E-1	9,187500E+2	1,511489E-1	9,187500E+2	6,406497E-1	9,187500E+2	1,496821E-1	9,187500E+2	5,772604E-1	9,187500E+2	1,193750E-1	9,187500E+2	5,457177E-1	9,187500E+2	5,821351E-2	9,187500E+2	5,582692E-1	9,187500E+2	2,149734E-2	9,187500E+2	5,891179E-1	9,187500E+2	-6,914734E-3
9,203125E+2	6,810859E-1	9,203125E+2	1,580806E-1	9,203125E+2	6,713611E-1	9,203125E+2	1,457407E-1	9,203125E+2	6,430146E-1	9,203125E+2	1,473150E-1	9,203125E+2	5,857741E-1	9,203125E+2	1,188865E-1	9,203125E+2	5,452845E-1	9,203125E+2	6,235143E-2	9,203125E+2	5,585444E-1	9,203125E+2	2,909754E-2	9,203125E+2	5,988541E-1	9,203125E+2	-1,770566E-2
9,218750E+2	6,684370E-1	9,218750E+2	1,528401E-1	9,218750E+2	6,717983E-1	9,218750E+2	1,469674E-1	9,218750E+2	6,424200E-1	9,218750E+2	1,447422E-1	9,218750E+2	5,828336E-1	9,218750E+2	1,194817E-1	9,218750E+2	5,475684E-1	9,218750E+2	6,435732E-2	9,218750E+2	5,530236E-1	9,218750E+2	2,884587E-2	9,218750E+2	5,978297E-1	9,218750E+2	-2,105705E-2
9,234375E+2	6,620247E-1	9,234375E+2	1,421577E-1	9,234375E+2	6,711288E-1	9,234375E+2	1,456983E-1	9,234375E+2	6,376116E-1	9,234375E+2	1,452026E-1	9,234375E+2	5,825976E-1	9,234375E+2	1,190017E-1	9,234375E+2	5,435645E-1	9,234375E+2	6,306268E-2	9,234375E+2	5,521223E-1	9,234375E+2	2,323196E-2	9,234375E+2	5,994927E-1	9,234375E+2	-8,489021E-3
9,250000E+2	6,800957E-1	9,250000E+2	1,390545E-1	9,250000E+2	6,736981E-1	9,250000E+2	1,383890E-1	9,250000E+2	6,403528E-1	9,250000E+2	1,404532E-1	9,250000E+2	5,878065E-1	9,250000E+2	1,153717E-1	9,250000E+2	5,502492E-1	9,250000E+2	6,193837E-2	9,250000E+2	5,511845E-1	9,250000E+2	2,479227E-2	9,250000E+2	6,003709E-1	9,250000E+2	-4,234543E-3
9,265625E+2	6,849414E-1	9,265625E+2	1,329757E-1	9,265625E+2	6,767839E-1	9,265625E+2	1,368987E-1	9,265625E+2	6,491041E-1	9,265625E+2	1,382628E-1	9,265625E+2	5,839953E-1	9,265625E+2	1,144077E-1	9,265625E+2	5,495963E-1	9,265625E+2	6,234385E-2	9,265625E+2	5,532241E-1	9,265625E+2	2,088152E-2	9,265625E+2	6,008219E-1	9,265625E+2	-1,039589E-2
9,281250E+2	6,878041E-1	9,281250E+2	1,325815E-1	9,281250E+2	6,769623E-1	9,281250E+2	1,382970E-1	9,281250E+2	6,511259E-1	9,281250E+2	1,370062E-1	9,281250E+2	5,889527E-1	9,281250E+2	1,191276E-1	9,281250E+2	5,478105E-1	9,281250E+2	6,708686E-2	9,281250E+2	5,605965E-1	9,281250E+2	1,825917E-2	9,281250E+2	6,034436E-1	9,281250E+2	-1,964458E-2
9,296875E+2	6,828324E-1	9,296875E+2	1,141983E-1	9,296875E+2	6,752117E-1	9,296875E+2	1,358718E-1	9,296875E+2	6,515226E-1	9,296875E+2	1,361173E-1	9,296875E+2	5,946520E-1	9,296875E+2	1,230768E-1	9,296875E+2	5,514395E-1	9,296875E+2	7,065769E-2	9,296875E+2	5,634607E-1	9,296875E+2	2,253611E-2	9,296875E+2	5,872698E-1	9,296875E+2	-1,778927E-2
9,312500E+2	6,827309E-1	9,312500E+2	1,325816E-1	9,312500E+2	6,718500E-1	9,312500E+2	1,309239E-1	9,312500E+2	6,515381E-1	9,312500E+2	1,335949E-1	9,312500E+2	5,943310E-1	9,312500E+2	1,184829E-1	9,312500E+2	5,505161E-1	9,312500E+2	7,612397E-2	9,312500E+2	5,667115E-1	9,312500E+2	3,032735E-2	9,312500E+2	5,818414E-1	9,312500E+2	-7,118033E-3
9,328125E+2	6,813138E-1	9,328125E+2	1,335969E-1	9,328125E+2	6,746076E-1	9,328125E+2	1,282802E-1	9,328125E+2	6,524006E-1	9,328125E+2	1,316027E-1	9,328125E+2	5,901888E-1	9,328125E+2	1,101570E-1	9,328125E+2	5,495311E-1	9,328125E+2	7,520871E-2	9,328125E+2	5,581666E-1	9,328125E+2	3,335365E-2	9,328125E+2	5,902239E-1	9,328125E+2	-7,153989E-3
9,343750E+2	6,822335E-1	9,343750E+2	1,311660E-1	9,343750E+2	6,811092E-1	9,343750E+2	1,251590E-1	9,343750E+2	6,531514E-1	9,343750E+2	1,267068E-1	9,343750E+2	5,970450E-1	9,343750E+2	1,056477E-1	9,343750E+2	5,565516E-1	9,343750E+2	6,980554E-2	9,343750E+2	5,615727E-1	9,343750E+2	2,939352E-2	9,343750E+2	5,986499E-1	9,343750E+2	-1,215669E-2
9,359375E+2	6,978083E-1	9,359375E+2	1,260560E-1	9,359375E+2	6,793928E-1	9,359375E+2	1,219394E-1	9,359375E+2	6,520170E-1	9,359375E+2	1,259931E-1	9,359375E+2	5,950105E-1	9,359375E+2	1,095073E-1	9,359375E+2	5,526635E-1	9,359375E+2	6,770931E-2	9,359375E+2	5,661988E-1	9,359375E+2	2,587967E-2	9,359375E+2	5,944940E-1	9,359375E+2	-1,008374E-2
9,375000E+2	6,852491E-1	9,375000E+2	1,311023E-1	9,375000E+2	6,809493E-1	9,375000E+2	1,233020E-1	9,375000E+2	6,553002E-1	9,375000E+2	1,238091E-1	9,375000E+2	5,948883E-1	9,375000E+2	1,144646E-1	9,375000E+2	5,476194E-1	9,375000E+2	6,389713E-2	9,375000E+2	5,670124E-1	9,375000E+2	2,666768E-2	9,375000E+2	5,929916E-1	9,375000E+2	-1,470212E-2
9,390625E+2	6,838099E-1	9,390625E+2	1,197162E-1	9,390625E+2	6,778333E-1	9,390625E+2	1,219957E-1	9,390625E+2	6,566895E-1	9,390625E+2	1,218529E-1	9,390625E+2	5,960597E-1	9,390625E+2	1,135471E-1	9,390625E+2	5,559015E-1	9,390625E+2	6,664651E-2	9,390625E+2	5,690612E-1	9,390625E+2	3,468540E-2	9,390625E+2	5,881690E-1	9,390625E+2	-1,233388E-2
9,406250E+2	6,803662E-1	9,406250E+2	1,190334E-1	9,406250E+2	6,818061E-1	9,406250E+2	1,123360E-1	9,406250E+2	6,587536E-1	9,406250E+2	1,169782E-1	9,406250E+2	5,985241E-1	9,406250E+2	1,093789E-1	9,406250E+2	5,578719E-1	9,406250E+2	6,741116E-2	9,406250E+2	5,704050E-1	9,406250E+2	3,041931E-2	9,406250E+2	5,922705E-1	9,406250E+2	-8,234806E-3
9,421875E+2	6,800871E-1	9,421875E+2	1,230375E-1	9,421875E+2	6,818927E-1	9,421875E+2	1,151468E-1	9,421875E+2	6,546580E-1	9,421875E+2	1,081391E-1	9,421875E+2	5,981985E-1	9,421875E+2	1,086383E-1	9,421875E+2	5,547990E-1	9,421875E+2	6,771569E-2	9,421875E+2	5,741453E-1	9,421875E+2	2,986119E-2	9,421875E+2	5,905712E-1	9,421875E+2	-1,102293E-2
9,437500E+2	6,930912E-1	9,437500E+2	1,178485E-1	9,437500E+2	6,822460E-1	9,437500E+2	1,102493E-1	9,437500E+2	6,527068E-1	9,437500E+2	1,113819E-1	9,437500E+2	5,943534E-1	9,437500E+2	1,041246E-1	9,437500E+2	5,518374E-1	9,437500E+2	6,888922E-2	9,437500E+2	5,676922E-1	9,437500E+2	3,726148E-2	9,437500E+2	5,979175E-1	9,437500E+2	-9,719174E-3
9,453125E+2	6,917783E-1	9,453125E+2	1,021144E-1	9,453125E+2	6,828273E-1	9,453125E+2	1,045337E-1	9,453125E+2	6,569622E-1	9,453125E+2	1,091264E-1	9,453125E+2	5,957057E-1	9,453125E+2	1,061828E-1	9,453125E+2	5,518411E-1	9,453125E+2	7,196491E-2	9,453125E+2	5,600544E-1	9,453125E+2	3,800905E-2	9,453125E+2	6,066098E-1	9,453125E+2	5,519301E-3
9,468750E+2	6,818321E-1	9,468750E+2	1,069526E-1	9,468750E+2	6,867909E-1	9,468750E+2	1,028919E-1	9,468750E+2	6,581661E-1	9,468750E+2	1,094928E-1	9,468750E+2	5,975975E-1	9,468750E+2	1,038123E-1	9,468750E+2	5,579960E-1	9,468750E+2	6,828007E-2	9,468750E+2	5,723396E-1	9,468750E+2	3,399942E-2	9,468750E+2	6,060233E-1	9,468750E+2	-5,552095E-3
9,484375E+2	6,926999E-1	9,484375E+2	1,010531E-1	9,484375E+2	6,852560E-1	9,484375E+2	1,028475E-1	9,484375E+2	6,597653E-1	9,484375E+2	1,096652E-1	9,484375E+2	6,001339E-1	9,484375E+2	1,005900E-1	9,484375E+2	5,607690E-1	9,484375E+2	7,093928E-2	9,484375E+2	5,723903E-1	9,484375E+2	3,039811E-2	9,484375E+2	5,962994E-1	9,484375E+2	1,286109E-3
9,500000E+2	6,887430E-1	9,500000E+2	9,626748E-2	9,500000E+2	6,827607E-1	9,500000E+2	9,980197E-2	9,500000E+2	6,539204E-1	9,500000E+2	1,071287E-1	9,500000E+2	5,992343E-1	9,500000E+2	1,040160E-1	9,500000E+2	5,608904E-1	9,500000E+2	7,205907E-2	9,500000E+2	5,662114E-1	9,500000E+2	3,141046E-2	9,500000E+2	5,894408E-1	9,500000E+2	7,189841E-5
9,515625E+2	6,866539E-1	9,515625E+2	9,565972E-2	9,515625E+2	6,899718E-1	9,515625E+2	9,550073E-2	9,515625E+2	6,556650E-1	9,515625E+2	1,010996E-1	9,515625E+2	6,013752E-1	9,515625E+2	1,023832E-1	9,515625E+2	5,618326E-1	9,515625E+2	7,338590E-2	9,515625E+2	5,662061E-1	9,515625E+2	3,295139E-2	9,515625E+2	5,923412E-1	9,515625E+2	5,874327E-3
9,531250E+2	6,883916E-1	9,531250E+2	9,345483E-2	9,531250E+2	6,892517E-1	9,531250E+2	9,156046E-2	9,531250E+2	6,613574E-1	9,531250E+2	9,378362E-2	9,531250E+2	6,073547E-1	9,531250E+2	1,028649E-1	9,531250E+2	5,617793E-1	9,531250E+2	7,817480E-2	9,531250E+2	5,651290E-1	9,531250E+2	3,045245E-2	9,531250E+2	6,011162E-1	9,531250E+2	2,610339E-3
9,546875E+2	6,826500E-1	9,546875E+2	8,738149E-2	9,546875E+2	6,837478E-1	9,546875E+2	8,782446E-2	9,546875E+2	6,611428E-1	9,546875E+2	9,468444E-2	9,546875E+2	6,065781E-1	9,546875E+2	1,017268E-1	9,546875E+2	5,617858E-1	9,546875E+2	7,441084E-2	9,546875E+2	5,695556E-1	9,546875E+2	3,278348E-2	9,546875E+2	6,016827E-1	9,546875E+2	4,279330E-3
9,562500E+2	6,870858E-1	9,562500E+2	8,791079E-2	9,562500E+2	6,812116E-1	9,562500E+2	8,978117E-2	9,562500E+2	6,607824E-1	9,562500E+2	9,587913E-2	9,562500E+2	6,020210E-1	9,562500E+2	9,622900E-2	9,562500E+2	5,632570E-1	9,562500E+2	7,219367E-2	9,562500E+2	5,682902E-1	9,562500E+2	3,075627E-2	9,562500E+2	5,985473E-1	9,562500E+2	-2,018246E-3
9,578125E+2	6,813425E-1	9,578125E+2	7,586727E-2	9,578125E+2	6,868419E-1	9,578125E+2	8,183487E-2	9,578125E+2	6,584721E-1	9,578125E+2	8,907108E-2	9,578125E+2	6,022102E-1	9,578125E+2	9,783720E-2	9,578125E+2	5,644067E-1	9,578125E+2	7,370907E-2	9,578125E+2	5,666190E-1	9,578125E+2	3,060966E-2	9,578125E+2	5,972842E-1	9,578125E+2	-5,135430E-3
9,593750E+2	6,904547E-1	9,593750E+2	7,466824E-2	9,593750E+2	6,852578E-1	9,593750E+2	8,018800E-2	9,593750E+2	6,624817E-1	9,593750E+2	8,368743E-2	9,593750E+2	6,066591E-1	9,593750E+2	9,414059E-2	9,593750E+2	5,652800E-1	9,593750E+2	7,129276E-2	9,593750E+2	5,703560E-1	9,593750E+2	3,675595E-2	9,593750E+2	6,091871E-1	9,593750E+2	1,855749E-3
9,609375E+2	6,892344E-1	9,609375E+2	8,514321E-2	9,609375E+2	6,835552E-1	9,609375E+2	7,862523E-2	9,609375E+2	6,626032E-1	9,609375E+2	8,651362E-2	9,609375E+2	6,001095E-1	9,609375E+2	9,476796E-2	9,609375E+2	5,643013E-1	9,609375E+2	6,785859E-2	9,609375E+2	5,712889E-1	9,609375E+2	3,116891E-2	9,609375E+2	6,069299E-1	9,609375E+2	-2,856479E-3
9,625000E+2	6,896692E-1	9,625000E+2	7,810811E-2	9,625000E+2	6,861232E-1	9,625000E+2	7,620636E-2	9,625000E+2	6,586660E-1	9,625000E+2	8,470210E-2	9,625000E+2	6,023374E-1	9,625000E+2	9,339238E-2	9,625000E+2	5,555029E-1	9,625000E+2	6,943103E-2	9,625000E+2	5,707725E-1	9,625000E+2	3,199715E-2	9,625000E+2	5,972011E-1	9,625000E+2	3,551498E-3
9,640625E+2	7,012948E-1	9,640625E+2	7,111686E-2	9,640625E+2	6,869713E-1	9,640625E+2	7,101557E-2	9,640625E+2	6,592475E-1	9,640625E+2	8,327290E-2	9,640625E+2	6,053361E-1	9,640625E+2	9,368552E-2	9,640625E+2	5,615903E-1	9,640625E+2	6,972863E-2	9,640625E+2	5,709735E-1	9,640625E+2	3,365595E-2	9,640625E+2	5,950499E-1	9,640625E+2	1,440666E-3
9,656250E+2	6,883124E-1	9,656250E+2	6,968291E-2	9,656250E+2	6,872308E-1	9,656250E+2	7,162499E-2	9,656250E+2	6,566399E-1	9,656250E+2	8,175082E-2	9,656250E+2	6,035716E-1	9,656250E+2	9,159510E-2	9,656250E+2	5,643776E-1	9,656250E+2	7,170164E-2	9,656250E+2	5,701305E-1	9,656250E+2	4,283225E-2	9,656250E+2	5,957195E-1	9,656250E+2	5,823337E-3
9,671875E+2	6,897092E-1	9,671875E+2	7,551645E-2	9,671875E+2	6,874546E-1	9,671875E+2	6,642601E-2	9,671875E+2	6,599705E-1	9,671875E+2	7,671437E-2	9,671875E+2	6,041638E-1	9,671875E+2	8,541356E-2	9,671875E+2	5,675882E-1	9,671875E+2	6,979320E-2	9,671875E+2	5,700768E-1	9,671875E+2	4,702644E-2	9,671875E+2	5,989234E-1	9,671875E+2	5,930441E-3
9,687500E+2	6,967274E-1	9,687500E+2	6,486806E-2	9,687500E+2	6,853211E-1	9,687500E+2	6,048646E-2	9,687500E+2	6,580813E-1	9,687500E+2	7,521775E-2	9,687500E+2	6,002695E-1	9,687500E+2	8,849319E-2	9,687500E+2	5,664873E-1	9,687500E+2	6,862182E-2	9,687500E+2	5,663857E-1	9,687500E+2	3,653995E-2	9,687500E+2	6,003437E-1	9,687500E+2	-6,050442E-4
9,703125E+2	6,990674E-1	9,703125E+2	6,072623E-2	9,703125E+2	6,864598E-1	9,703125E+2	6,046318E-2	9,703125E+2	6,602307E-1	9,703125E+2	7,052147E-2	9,703125E+2	6,007047E-1	9,703125E+2	8,848046E-2	9,703125E+2	5,685435E-1	9,703125E+2	6,835622E-2	9,703125E+2	5,717785E-1	9,703125E+2	3,635793E-2	9,703125E+2	6,057049E-1	9,703125E+2	5,076076E-4
9,718750E+2	6,844320E-1	9,718750E+2	6,312084E-2	9,718750E+2	6,850646E-1	9,718750E+2	6,083031E-2	9,718750E+2	6,573894E-1	9,718750E+2	7,245739E-2	9,718750E+2	6,034445E-1	9,718750E+2	9,290802E-2	9,718750E+2	5,672563E-1	9,718750E+2	7,516779E-2	9,718750E+2	5,734104E-1	9,718750E+2	3,739658E-2	9,718750E+2	6,005598E-1	9,718750E+2	4,565417E-3
9,734375E+2	6,808810E-1	9,734375E+2	5,831032E-2	9,734375E+2	6,826666E-1	9,734375E+2	6,201778E-2	9,734375E+2	6,558894E-1	9,734375E+2	7,010436E-2	9,734375E+2	6,059775E-1	9,734375E+2	8,710270E-2	9,734375E+2	5,676851E-1	9,734375E+2	7,437956E-2	9,734375E+2	5,749674E-1	9,734375E+2	4,324946E-2	9,734375E+2	5,935258E-1	9,734375E+2	7,193006E-3
9,750000E+2	6,911377E-1	9,750000E+2	5,270072E-2	9,750000E+2	6,809498E-1	9,750000E+2	5,741065E-2	9,750000E+2	6,594462E-1	9,750000E+2	7,117055E-2	9,750000E+2	6,018094E-1	9,750000E+2	8,422096E-2	9,750000E+2	5,669365E-1	9,750000E+2	7,416054E-2	9,750000E+2	5,758187E-1	9,750000E+2	3,943566E-2	9,750000E+2	5,987085E-1	9,750000E+2	5,926634E-3
9,765625E+2	6,811302E-1	9,765625E+2	5,384430E-2	9,765625E+2	6,792937E-1	9,765625E+2	5,166954E-2	9,765625E+2	6,580986E-1	9,765625E+2	6,898786E-2	9,765625E+2	6,022647E-1	9,765625E+2	8,280817E-2	9,765625E+2	5,681865E-1	9,765625E+2	7,349579E-2	9,765625E+2	5,726102E-1	9,765625E+2	4,239358E-2	9,765625E+2	5,954127E-1	9,765625E+2	5,540713E-3
9,781250E+2	6,825804E-1	9,781250E+2	4,903260E-2	9,781250E+2	6,834874E-1	9,781250E+2	4,834911E-2	9,781250E+2	6,592904E-1	9,781250E+2	6,383208E-2	9,781250E+2	6,069648E-1	9,781250E+2	8,298668E-2	9,781250E+2	5,679224E-1	9,781250E+2	7,612857E-2	9,781250E+2	5,758718E-1	9,781250E+2	4,587751E-2	9,781250E+2	6,021152E-1	9,781250E+2	2,881739E-3
9,796875E+2	6,839192E-1	9,796875E+2	4,543580E-2	9,796875E+2	6,810135E-1	9,796875E+2	4,681853E-2	9,796875E+2	6,565606E-1	9,796875E+2	6,049234E-2	9,796875E+2	6,037978E-1	9,796875E+2	8,499133E-2	9,796875E+2	5,677065E-1	9,796875E+2	7,434262E-2	9,796875E+2	5,751049E-1	9,796875E+2	3,776043E-2	9,796875E+2	6,047576E-1	9,796875E+2	6,877428E-3
9,812500E+2	6,869621E-1	9,812500E+2	4,785089E-2	9,812500E+2	6,765700E-1	9,812500E+2	4,104948E-2	9,812500E+2	6,509965E-1	9,812500E+2	5,856214E-2	9,812500E+2	5,998031E-1	9,812500E+2	8,286862E-2	9,812500E+2	5,698678E-1	9,812500E+2	7,070920E-2	9,812500E+2	5,690930E-1	9,812500E+2	3,364406E-2	9,812500E+2	6,041228E-1	9,812500E+2	3,688597E-3
9,828125E+2	6,803105E-1	9,828125E+2	4,337399E-2	9,828125E+2	6,775362E-1	9,828125E+2	4,139891E-2	9,828125E+2	6,522108E-1	9,828125E+2	5,461961E-2	9,828125E+2	6,016071E-1	9,828125E+2	8,221875E-2	9,828125E+2	5,625982E-1	9,828125E+2	7,399604E-2	9,828125E+2	5,725190E-1	9,828125E+2	4,024952E-2	9,828125E+2	5,961462E-1	9,828125E+2	3,430834E-3
9,843750E+2	6,803987E-1	9,843750E+2	3,330087E-2	9,843750E+2	6,771868E-1	9,843750E+2	3,609852E-2	9,843750E+2	6,555256E-1	9,843750E+2	5,364875E-2	9,843750E+2	6,029714E-1	9,843750E+2	7,688764E-2	9,843750E+2	5,628264E-1	9,843750E+2	7,582771E-2	9,843750E+2	5,761114E-1	9,843750E+2	4,014345E-2	9,843750E+2	6,000555E-1	9,843750E+2	7,901143E-3
9,859375E+2	6,838783E-1	9,859375E+2	2,952323E-2	9,859375E+2	6,753680E-1	9,859375E+2	3,331498E-2	9,859375E+2	6,546672E-1	9,859375E+2	5,262536E-2	9,859375E+2	6,026113E-1	9,859375E+2	7,931219E-2	9,859375E+2	5,663794E-1	9,859375E+2	7,435218E-2	9,859375E+2	5,741368E-1	9,859375E+2	3,509750E-2	9,859375E+2	6,011711E-1	9,859375E+2	6,356728E-3
9,875000E+2	6,889947E-1	9,875000E+2	2,673527E-2	9,875000E+2	6,756468E-1	9,875000E+2	3,263105E-2	9,875000E+2	6,524445E-1	9,875000E+2	5,085686E-2	9,875000E+2	6,022042E-1	9,875000E+2	7,746310E-2	9,875000E+2	5,651935E-1	9,875000E+2	7,312731E-2	9,875000E+2	5,779649E-1	9,875000E+2	4,018328E-2	9,875000E+2	5,977704E-1	9,875000E+2	1,169069E-2
9,890625E+2	6,795880E-1	9,890625E+2	2,665844E-2	9,890625E+2	6,730599E-1	9,890625E+2	3,007979E-2	9,890625E+2	6,523365E-1	9,890625E+2	4,926021E-2	9,890625E+2	6,020303E-1	9,890625E+2	7,400086E-2	9,890625E+2	5,679997E-1	9,890625E+2	7,297536E-2	9,890625E+2	5,791717E-1	9,890625E+2	3,771038E-2	9,890625E+2	6,005618E-1	9,890625E+2	1,607180E-2
9,906250E+2	6,729052E-1	9,906250E+2	2,666137E-2	9,906250E+2	6,736193E-1	9,906250E+2	2,529804E-2	9,906250E+2	6,535361E-1	9,906250E+2	4,518391E-2	9,906250E+2	6,050434E-1	9,906250E+2	7,474353E-2	9,906250E+2	5,691022E-1	9,906250E+2	6,972104E-2	9,906250E+2	5,789065E-1	9,906250E+2	3,530413E-2	9,906250E+2	6,042235E-1	9,906250E+2	1,402442E-2
9,921875E+2	6,791200E-1	9,921875E+2	2,237878E-2	9,921875E+2	6,730924E-1	9,921875E+2	2,324593E-2	9,921875E+2	6,484398E-1	9,921875E+2	4,205346E-2	9,921875E+2	6,031961E-1	9,921875E+2	7,643217E-2	9,921875E+2	5,653363E-1	9,921875E+2	7,046377E-2	9,921875E+2	5,781626E-1	9,921875E+2	3,795014E-2	9,921875E+2	6,038125E-1	9,921875E+2	1,209694E-2
9,937500E+2	6,797535E-1	9,937500E+2	2,245124E-2	9,937500E+2	6,681812E-1	9,937500E+2	2,546690E-2	9,937500E+2	6,471383E-1	9,937500E+2	4,314213E-2	9,937500E+2	6,003343E-1	9,937500E+2	7,777811E-2	9,937500E+2	5,622580E-1	9,937500E+2	7,578150E-2	9,937500E+2	5,779336E-1	9,937500E+2	4,202377E-2	9,937500E+2	6,000099E-1	9,937500E+2	1,483605E-2
9,953125E+2	6,754493E-1	9,953125E+2	1,971568E-2	9,953125E+2	6,680522E-1	9,953125E+2	2,072412E-2	9,953125E+2	6,482796E-1	9,953125E+2	3,854645E-2	9,953125E+2	5,998289E-1	9,953125E+2	7,279763E-2	9,953125E+2	5,664583E-1	9,953125E+2	7,243816E-2	9,953125E+2	5,812291E-1	9,953125E+2	4,404841E-2	9,953125E+2	6,008443E-1	9,953125E+2	1,725178E-2
9,968750E+2	6,723251E-1	9,968750E+2	1,829438E-2	9,968750E+2	6,679240E-1	9,968750E+2	1,860479E-2	9,968750E+2	6,466734E-1	9,968750E+2	3,732742E-2	9,968750E+2	5,982903E-1	9,968750E+2	7,225524E-2	9,968750E+2	5,649705E-1	9,968750E+2	7,622986E-2	9,968750E+2	5,784518E-1	9,968750E+2	4,372231E-2	9,968750E+2	6,043757E-1	9,968750E+2	1,281880E-2
9,984375E+2	6,708755E-1	9,984375E+2	1,686870E-2	9,984375E+2	6,666048E-1	9,984375E+2	1,489912E-2	9,984375E+2	6,462518E-1	9,984375E+2	3,835303E-2	9,984375E+2	5,997514E-1	9,984375E+2	7,175842E-2	9,984375E+2	5,675504E-1	9,984375E+2	7,500827E-2	9,984375E+2	5,771146E-1	9,984375E+2	4,283184E-2	9,984375E+2	6,024075E-1	9,984375E+2	1,125948E-2
1,000000E+3	6,686113E-1	1,000000E+3	1,021494E-2	1,000000E+3	6,622873E-1	1,000000E+3	1,179731E-2	1,000000E+3	6,447197E-1	1,000000E+3	3,523812E-2	1,000000E+3	6,007227E-1	1,000000E+3	6,857369E-2	1,000000E+3	5,690354E-1	1,000000E+3	7,404593E-2	1,000000E+3	5,760974E-1	1,000000E+3	4,703461E-2	1,000000E+3	6,067421E-1	1,000000E+3	1,283465E-2
1,001562E+3	6,639729E-1	1,001562E+3	5,236021E-3	1,001562E+3	6,616147E-1	1,001562E+3	7,993115E-3	1,001562E+3	6,427012E-1	1,001562E+3	3,174378E-2	1,001562E+3	5,973357E-1	1,001562E+3	7,127146E-2	1,001562E+3	5,679627E-1	1,001562E+3	7,191452E-2	1,001562E+3	5,759691E-1	1,001562E+3	4,496870E-2	1,001562E+3	6,023944E-1	1,001562E+3	1,455019E-2
1,003125E+3	6,628294E-1	1,003125E+3	1,340386E-3	1,003125E+3	6,608692E-1	1,003125E+3	5,750880E-3	1,003125E+3	6,407638E-1	1,003125E+3	2,926003E-2	1,003125E+3	5,972298E-1	1,003125E+3	7,034209E-2	1,003125E+3	5,677765E-1	1,003125E+3	7,344526E-2	1,003125E+3	5,773173E-1	1,003125E+3	4,586789E-2	1,003125E+3	6,027654E-1	1,003125E+3	1,882918E-2
1,004687E+3	6,600011E-1	1,004687E+3	-1,149336E-3	1,004687E+3	6,573428E-1	1,004687E+3	2,969678E-3	1,004687E+3	6,355098E-1	1,004687E+3	2,646341E-2	1,004687E+3	5,950510E-1	1,004687E+3	6,727202E-2	1,004687E+3	5,649227E-1	1,004687E+3	7,446828E-2	1,004687E+3	5,774385E-1	1,004687E+3	4,998791E-2	1,004687E+3	6,039034E-1	1,004687E+3	2,070283E-2
1,006250E+3	6,593674E-1	1,006250E+3	-6,254108E-3	1,006250E+3	6,538839E-1	1,006250E+3	-5,383276E-4	1,006250E+3	6,342561E-1	1,006250E+3	2,404460E-2	1,006250E+3	5,968338E-1	1,006250E+3	6,481449E-2	1,006250E+3	5,653930E-1	1,006250E+3	7,400579E-2	1,006250E+3	5,786149E-1	1,006250E+3	4,268899E-2	1,006250E+3	5,994067E-1	1,006250E+3	1,230967E-2
1,007812E+3	6,561641E-1	1,007812E+3	-7,347199E-3	1,007812E+3	6,510979E-1	1,007812E+3	-3,869975E-3	1,007812E+3	6,349882E-1	1,007812E+3	1,920704E-2	1,007812E+3	5,960283E-1	1,007812E+3	6,450298E-2	1,007812E+3	5,665411E-1	1,007812E+3	7,622511E-2	1,007812E+3	5,793581E-1	1,007812E+3	4,408798E-2	1,007812E+3	6,011272E-1	1,007812E+3	1,510337E-2
1,009375E+3	6,575261E-1	1,009375E+3	-1,677164E-2	1,009375E+3	6,528150E-1	1,009375E+3	-4,479633E-3	1,009375E+3	6,333454E-1	1,009375E+3	1,761054E-2	1,009375E+3	5,937699E-1	1,009375E+3	6,266240E-2	1,009375E+3	5,651196E-1	1,009375E+3	7,448957E-2	1,009375E+3	5,767641E-1	1,009375E+3	4,486263E-2	1,009375E+3	6,039906E-1	1,009375E+3	1,848609E-2
1,010937E+3	6,562229E-1	1,010937E+3	-2,012489E-2	1,010937E+3	6,515865E-1	1,010937E+3	-9,086766E-3	1,010937E+3	6,304776E-1	1,010937E+3	1,174082E-2	1,010937E+3	5,930097E-1	1,010937E+3	6,317668E-2	1,010937E+3	5,685297E-1	1,010937E+3	7,138151E-2	1,010937E+3	5,755287E-1	1,010937E+3	4,368116E-2	1,010937E+3	6,048341E-1	1,010937E+3	1,281740E-2
1,012500E+3	6,497505E-1	1,012500E+3	-1,698049E-2	1,012500E+3	6,455086E-1	1,012500E+3	-8,653675E-3	1,012500E+3	6,281418E-1	1,012500E+3	1,424983E-2	1,012500E+3	5,931111E-1	1,012500E+3	6,305266E-2	1,012500E+3	5,677297E-1	1,012500E+3	7,309671E-2	1,012500E+3	5,778925E-1	1,012500E+3	4,543197E-2	1,012500E+3	5,975009E-1	1,012500E+3	1,183167E-2
1,014062E+3	6,531236E-1	1,014062E+3	-1,621380E-2	1,014062E+3	6,422457E-1	1,014062E+3	-9,542500E-3	1,014062E+3	6,271262E-1	1,014062E+3	1,520762E-2	1,014062E+3	5,926606E-1	1,014062E+3	6,427296E-2	1,014062E+3	5,663187E-1	1,014062E+3	7,429319E-2	1,014062E+3	5,820219E-1	1,014062E+3	4,700343E-2	1,014062E+3	6,011124E-1	1,014062E+3	1,472263E-2
1,015625E+3	6,470692E-1	1,015625E+3	-2,445537E-2	1,015625E+3	6,387629E-1	1,015625E+3	-1,374351E-2	1,015625E+3	6,233530E-1	1,015625E+3	1,278898E-2	1,015625E+3	5,898709E-1	1,015625E+3	6,251155E-2	1,015625E+3	5,664841E-1	1,015625E+3	7,234357E-2	1,015625E+3	5,780143E-1	1,015625E+3	4,566768E-2	1,015625E+3	6,047880E-1	1,015625E+3	1,383924E-2
1,017187E+3	6,430262E-1	1,017187E+3	-2,085404E-2	1,017187E+3	6,380889E-1	1,017187E+3	-1,560610E-2	1,017187E+3	6,226426E-1	1,017187E+3	8,692189E-3	1,017187E+3	5,898374E-1	1,017187E+3	5,875524E-2	1,017187E+3	5,704570E-1	1,017187E+3	7,300245E-2	1,017187E+3	5,748802E-1	1,017187E+3	4,986961E-2	1,017187E+3	6,038192E-1	1,017187E+3	1,640931E-2
1,018750E+3	6,388209E-1	1,018750E+3	-3,767796E-2	1,018750E+3	6,336092E-1	1,018750E+3	-2,688134E-2	1,018750E+3	6,216853E-1	1,018750E+3	5,682772E-3	1,018750E+3	5,874675E-1	1,018750E+3	6,180286E-2	1,018750E+3	5,709505E-1	1,018750E+3	7,362541E-2	1,018750E+3	5,740594E-1	1,018750E+3	4,841675E-2	1,018750E+3	6,033730E-1	1,018750E+3	1,669803E-2
1,020312E+3	6,387377E-1	1,020312E+3	-2,579403E-2	1,020312E+3	6,347742E-1	1,020312E+3	-2,007535E-2	1,020312E+3	6,196323E-1	1,020312E+3	9,840349E-3	1,020312E+3	5,880202E-1	1,020312E+3	6,136305E-2	1,020312E+3	5,700891E-1	1,020312E+3	7,425014E-2	1,020312E+3	5,767325E-1	1,020312E+3	4,534270E-2	1,020312E+3	6,086385E-1	1,020312E+3	1,872408E-2
1,021875E+3	6,402752E-1	1,021875E+3	-1,399218E-2	1,021875E+3	6,344965E-1	1,021875E+3	-1,482349E-2	1,021875E+3	6,191429E-1	1,021875E+3	8,170129E-3	1,021875E+3	5,877494E-1	1,021875E+3	5,984653E-2	1,021875E+3	5,680929E-1	1,021875E+3	7,491746E-2	1,021875E+3	5,824032E-1	1,021875E+3	5,017968E-2	1,021875E+3	6,087740E-1	1,021875E+3	2,358930E-2
1,023437E+3	6,342350E-1	1,023437E+3	-2,379666E-2	1,023437E+3	6,298380E-1	1,023437E+3	-2,364078E-2	1,023437E+3	6,172585E-1	1,023437E+3	6,087800E-3	1,023437E+3	5,864004E-1	1,023437E+3	5,490672E-2	1,023437E+3	5,662854E-1	1,023437E+3	7,781485E-2	1,023437E+3	5,817844E-1	1,023437E+3	4,831087E-2	1,023437E+3	6,033327E-1	1,023437E+3	2,666676E-2
1,025000E+3	6,268174E-1	1,025000E+3	-2,814792E-2	1,025000E+3	6,266698E-1	1,025000E+3	-2,553525E-2	1,025000E+3	6,133937E-1	1,025000E+3	3,466104E-3	1,025000E+3	5,857100E-1	1,025000E+3	5,578469E-2	1,025000E+3	5,674384E-1	1,025000E+3	7,560299E-2	1,025000E+3	5,768783E-1	1,025000E+3	4,651741E-2	1,025000E+3	6,051068E-1	1,025000E+3	2,293473E-2
1,026562E+3	6,256331E-1	1,026562E+3	-3,309234E-2	1,026562E+3	6,211738E-1	1,026562E+3	-2,760399E-2	1,026562E+3	6,109762E-1	1,026562E+3	1,145921E-3	1,026562E+3	5,829952E-1	1,026562E+3	5,790276E-2	1,026562E+3	5,689307E-1	1,026562E+3	7,554615E-2	1,026562E+3	5,781661E-1	1,026562E+3	4,869188E-2	1,026562E+3	6,008994E-1	1,026562E+3	1,900947E-2
1,028125E+3	6,201792E-1	1,028125E+3	-3,891638E-2	1,028125E+3	6,171999E-1	1,028125E+3	-2,911087E-2	1,028125E+3	6,074094E-1	1,028125E+3	-1,303580E-3	1,028125E+3	5,829440E-1	1,028125E+3	5,446262E-2	1,028125E+3	5,653827E-1	1,028125E+3	7,679354E-2	1,028125E+3	5,777493E-1	1,028125E+3	5,118483E-2	1,028125E+3	5,988592E-1	1,028125E+3	2,180520E-2
1,029687E+3	6,205241E-1	1,029687E+3	-3,699138E-2	1,029687E+3	6,150688E-1	1,029687E+3	-3,048141E-2	1,029687E+3	6,050679E-1	1,029687E+3	-1,961624E-3	1,029687E+3	5,860419E-1	1,029687E+3	5,737708E-2	1,029687E+3	5,667907E-1	1,029687E+3	7,807791E-2	1,029687E+3	5,801623E-1	1,029687E+3	5,060226E-2	1,029687E+3	6,043997E-1	1,029687E+3	2,409130E-2
1,031250E+3	6,167430E-1	1,031250E+3	-4,077252E-2	1,031250E+3	6,132761E-1	1,031250E+3	-3,519327E-2	1,031250E+3	6,055988E-1	1,031250E+3	-8,875644E-4	1,031250E+3	5,827330E-1	1,031250E+3	5,416379E-2	1,031250E+3	5,683726E-1	1,031250E+3	7,656331E-2	1,031250E+3	5,796549E-1	1,031250E+3	4,788769E-2	1,031250E+3	6,021757E-1	1,031250E+3	2,237637E-2
1,032812E+3	6,162215E-1	1,032812E+3	-3,737968E-2	1,032812E+3	6,114977E-1	1,032812E+3	-3,763460E-2	1,032812E+3	6,026276E-1	1,032812E+3	-3,529134E-3	1,032812E+3	5,800066E-1	1,032812E+3	5,210539E-2	1,032812E+3	5,670066E-1	1,032812E+3	7,412501E-2	1,032812E+3	5,749864E-1	1,032812E+3	4,668540E-2	1,032812E+3	6,025562E-1	1,032812E+3	1,922834E-2
1,034375E+3	6,072622E-1	1,034375E+3	-4,153223E-2	1,034375E+3	6,068684E-1	1,034375E+3	-4,032155E-2	1,034375E+3	5,979634E-1	1,034375E+3	-5,118866E-3	1,034375E+3	5,780955E-1	1,034375E+3	5,325388E-2	1,034375E+3	5,662896E-1	1,034375E+3	7,724652E-2	1,034375E+3	5,790848E-1	1,034375E+3	4,841044E-2	1,034375E+3	6,003777E-1	1,034375E+3	2,413853E-2
1,035937E+3	6,074911E-1	1,035937E+3	-4,670629E-2	1,035937E+3	6,036513E-1	1,035937E+3	-3,849306E-2	1,035937E+3	5,918029E-1	1,035937E+3	-3,489611E-3	1,035937E+3	5,780993E-1	1,035937E+3	5,640495E-2	1,035937E+3	5,650391E-1	1,035937E+3	7,786923E-2	1,035937E+3	5,739190E-1	1,035937E+3	5,172769E-2	1,035937E+3	6,002360E-1	1,035937E+3	2,043045E-2
1,037500E+3	6,088514E-1	1,037500E+3	-5,022698E-2	1,037500E+3	6,007579E-1	1,037500E+3	-4,151386E-2	1,037500E+3	5,893201E-1	1,037500E+3	-7,777599E-3	1,037500E+3	5,770748E-1	1,037500E+3	5,102376E-2	1,037500E+3	5,673411E-1	1,037500E+3	7,699642E-2	1,037500E+3	5,751778E-1	1,037500E+3	5,013771E-2	1,037500E+3	6,012832E-1	1,037500E+3	1,634268E-2
1,039062E+3	6,023523E-1	1,039062E+3	-5,040923E-2	1,039062E+3	5,997119E-1	1,039062E+3	-4,162558E-2	1,039062E+3	5,886021E-1	1,039062E+3	-9,566178E-3	1,039062E+3	5,749119E-1	1,039062E+3	5,122416E-2	1,039062E+3	5,694017E-1	1,039062E+3	7,622604E-2	1,039062E+3	5,748489E-1	1,039062E+3	4,876949E-2	1,039062E+3	6,055169E-1	1,039062E+3	2,635868E-2
1,040625E+3	5,952504E-1	1,040625E+3	-5,142450E-2	1,040625E+3	5,943611E-1	1,040625E+3	-4,390101E-2	1,040625E+3	5,889803E-1	1,040625E+3	-1,193265E-2	1,040625E+3	5,737551E-1	1,040625E+3	5,361085E-2	1,040625E+3	5,713823E-1	1,040625E+3	7,815294E-2	1,040625E+3	5,749788E-1	1,040625E+3	5,603050E-2	1,040625E+3	6,031452E-1	1,040625E+3	2,825432E-2
1,042187E+3	5,942006E-1	1,042187E+3	-5,229990E-2	1,042187E+3	5,877923E-1	1,042187E+3	-4,916161E-2	1,042187E+3	5,852855E-1	1,042187E+3	-1,147443E-2	1,042187E+3	5,746865E-1	1,042187E+3	5,213915E-2	1,042187E+3	5,723526E-1	1,042187E+3	7,810638E-2	1,042187E+3	5,795642E-1	1,042187E+3	5,668386E-2	1,042187E+3	6,001906E-1	1,042187E+3	1,985842E-2
1,043750E+3	5,924468E-1	1,043750E+3	-5,135759E-2	1,043750E+3	5,869995E-1	1,043750E+3	-4,709806E-2	1,043750E+3	5,834380E-1	1,043750E+3	-9,564828E-3	1,043750E+3	5,747544E-1	1,043750E+3	4,881785E-2	1,043750E+3	5,716827E-1	1,043750E+3	8,042192E-2	1,043750E+3	5,824069E-1	1,043750E+3	5,168445E-2	1,043750E+3	6,012438E-1	1,043750E+3	2,051068E-2
1,045312E+3	5,903176E-1	1,045312E+3	-5,310800E-2	1,045312E+3	5,869141E-1	1,045312E+3	-4,452487E-2	1,045312E+3	5,799434E-1	1,045312E+3	-1,011269E-2	1,045312E+3	5,715927E-1	1,045312E+3	5,138595E-2	1,045312E+3	5,624557E-1	1,045312E+3	7,508236E-2	1,045312E+3	5,805540E-1	1,045312E+3	5,260033E-2	1,045312E+3	6,014630E-1	1,045312E+3	2,171033E-2
1,046875E+3	5,785336E-1	1,046875E+3	-5,352592E-2	1,046875E+3	5,794340E-1	1,046875E+3	-4,905376E-2	1,046875E+3	5,774434E-1	1,046875E+3	-1,321846E-2	1,046875E+3	5,699535E-1	1,046875E+3	4,893506E-2	1,046875E+3	5,619244E-1	1,046875E+3	7,865902E-2	1,046875E+3	5,755174E-1	1,046875E+3	5,643402E-2	1,046875E+3	5,985052E-1	1,046875E+3	2,172457E-2
1,048437E+3	5,772741E-1	1,048437E+3	-5,569189E-2	1,048437E+3	5,770606E-1	1,048437E+3	-4,897351E-2	1,048437E+3	5,747412E-1	1,048437E+3	-1,518299E-2	1,048437E+3	5,684842E-1	1,048437E+3	5,222647E-2	1,048437E+3	5,664809E-1	1,048437E+3	7,375244E-2	1,048437E+3	5,778528E-1	1,048437E+3	5,459024E-2	1,048437E+3	6,011418E-1	1,048437E+3	1,949822E-2
1,050000E+3	5,707369E-1	1,050000E+3	-5,755655E-2	1,050000E+3	5,697054E-1	1,050000E+3	-4,973756E-2	1,050000E+3	5,692294E-1	1,050000E+3	-1,577450E-2	1,050000E+3	5,642525E-1	1,050000E+3	5,382294E-2	1,050000E+3	5,672882E-1	1,050000E+3	7,151834E-2	1,050000E+3	5,771348E-1	1,050000E+3	5,604886E-2	1,050000E+3	6,030362E-1	1,050000E+3	2,585574E-2
1,051562E+3	5,607278E-1	1,051562E+3	-5,950568E-2	1,051562E+3	5,662974E-1	1,051562E+3	-5,224948E-2	1,051562E+3	5,682638E-1	1,051562E+3	-1,715944E-2	1,051562E+3	5,664561E-1	1,051562E+3	4,899560E-2	1,051562E+3	5,671284E-1	1,051562E+3	7,370785E-2	1,051562E+3	5,795616E-1	1,051562E+3	5,626100E-2	1,051562E+3	6,088220E-1	1,051562E+3	2,963355E-2
1,053125E+3	5,647499E-1	1,053125E+3	-5,568946E-2	1,053125E+3	5,620691E-1	1,053125E+3	-5,497137E-2	1,053125E+3	5,653139E-1	1,053125E+3	-1,670374E-2	1,053125E+3	5,650566E-1	1,053125E+3	4,945521E-2	1,053125E+3	5,661667E-1	1,053125E+3	7,833861E-2	1,053125E+3	5,750178E-1	1,053125E+3	5,066187E-2	1,053125E+3	6,048585E-1	1,053125E+3	2,737215E-2
1,054687E+3	5,675071E-1	1,054687E+3	-5,937419E-2	1,054687E+3	5,571400E-1	1,054687E+3	-5,206588E-2	1,054687E+3	5,590151E-1	1,054687E+3	-1,667664E-2	1,054687E+3	5,630140E-1	1,054687E+3	5,070605E-2	1,054687E+3	5,656561E-1	1,054687E+3	7,880375E-2	1,054687E+3	5,762818E-1	1,054687E+3	5,572124E-2	1,054687E+3	5,999192E-1	1,054687E+3	2,898931E-2
1,056250E+3	5,612332E-1	1,056250E+3	-5,970264E-2	1,056250E+3	5,502133E-1	1,056250E+3	-5,439866E-2	1,056250E+3	5,599561E-1	1,056250E+3	-1,628881E-2	1,056250E+3	5,590406E-1	1,056250E+3	4,856550E-2	1,056250E+3	5,658298E-1	1,056250E+3	7,270849E-2	1,056250E+3	5,768508E-1	1,056250E+3	5,820378E-2	1,056250E+3	6,027739E-1	1,056250E+3	3,078075E-2
1,057812E+3	5,518173E-1	1,057812E+3	-6,235904E-2	1,057812E+3	5,486094E-1	1,057812E+3	-5,529948E-2	1,057812E+3	5,534426E-1	1,057812E+3	-1,850535E-2	1,057812E+3	5,570619E-1	1,057812E+3	4,921052E-2	1,057812E+3	5,643188E-1	1,057812E+3	7,588144E-2	1,057812E+3	5,761845E-1	1,057812E+3	5,428494E-2	1,057812E+3	6,089325E-1	1,057812E+3	2,930821E-2
1,059375E+3	5,515455E-1	1,059375E+3	-6,539670E-2	1,059375E+3	5,487326E-1	1,059375E+3	-5,557557E-2	1,059375E+3	5,481746E-1	1,059375E+3	-2,291388E-2	1,059375E+3	5,587830E-1	1,059375E+3	5,019265E-2	1,059375E+3	5,651051E-1	1,059375E+3	7,593379E-2	1,059375E+3	5,758505E-1	1,059375E+3	5,180232E-2	1,059375E+3	6,038081E-1	1,059375E+3	2,899094E-2
1,060937E+3	5,422698E-1	1,060937E+3	-6,185843E-2	1,060937E+3	5,449741E-1	1,060937E+3	-5,269401E-2	1,060937E+3	5,443081E-1	1,060937E+3	-1,980328E-2	1,060937E+3	5,549946E-1	1,060937E+3	4,891442E-2	1,060937E+3	5,641598E-1	1,060937E+3	7,587418E-2	1,060937E+3	5,762469E-1	1,060937E+3	5,650207E-2	1,060937E+3	5,982780E-1	1,060937E+3	2,016439E-2
1,062500E+3	5,386494E-1	1,062500E+3	-6,860554E-2	1,062500E+3	5,402869E-1	1,062500E+3	-5,097358E-2	1,062500E+3	5,454677E-1	1,062500E+3	-1,594501E-2	1,062500E+3	5,508850E-1	1,062500E+3	4,897290E-2	1,062500E+3	5,619970E-1	1,062500E+3	7,671112E-2	1,062500E+3	5,775670E-1	1,062500E+3	5,447547E-2	1,062500E+3	5,980251E-1	1,062500E+3	2,438564E-2
1,064062E+3	5,367638E-1	1,064062E+3	-7,008788E-2	1,064062E+3	5,368264E-1	1,064062E+3	-5,439225E-2	1,064062E+3	5,431664E-1	1,064062E+3	-1,978210E-2	1,064062E+3	5,427645E-1	1,064062E+3	4,805355E-2	1,064062E+3	5,616737E-1	1,064062E+3	7,741938E-2	1,064062E+3	5,740437E-1	1,064062E+3	5,084043E-2	1,064062E+3	6,001527E-1	1,064062E+3	3,482120E-2
1,065625E+3	5,269485E-1	1,065625E+3	-7,551214E-2	1,065625E+3	5,306859E-1	1,065625E+3	-5,816194E-2	1,065625E+3	5,390829E-1	1,065625E+3	-1,965208E-2	1,065625E+3	5,474202E-1	1,065625E+3	5,021946E-2	1,065625E+3	5,644199E-1	1,065625E+3	7,726966E-2	1,065625E+3	5,756873E-1	1,065625E+3	4,949252E-2	1,065625E+3	6,035700E-1	1,065625E+3	4,019253E-2
1,067187E+3	5,211999E-1	1,067187E+3	-6,640834E-2	1,067187E+3	5,243384E-1	1,067187E+3	-5,666096E-2	1,067187E+3	5,330380E-1	1,067187E+3	-2,243263E-2	1,067187E+3	5,500652E-1	1,067187E+3	5,157623E-2	1,067187E+3	5,667803E-1	1,067187E+3	7,664745E-2	1,067187E+3	5,781562E-1	1,067187E+3	5,635512E-2	1,067187E+3	5,993948E-1	1,067187E+3	4,172955E-2
1,068750E+3	5,189261E-1	1,068750E+3	-5,831910E-2	1,068750E+3	5,213719E-1	1,068750E+3	-5,680812E-2	1,068750E+3	5,314796E-1	1,068750E+3	-1,741777E-2	1,068750E+3	5,475781E-1	1,068750E+3	5,498878E-2	1,068750E+3	5,666616E-1	1,068750E+3	7,911482E-2	1,068750E+3	5,863269E-1	1,068750E+3	5,680590E-2	1,068750E+3	6,032841E-1	1,068750E+3	3,709714E-2
1,070312E+3	5,146547E-1	1,070312E+3	-6,167550E-2	1,070312E+3	5,166404E-1	1,070312E+3	-5,370412E-2	1,070312E+3	5,286819E-1	1,070312E+3	-1,566861E-2	1,070312E+3	5,482872E-1	1,070312E+3	5,082678E-2	1,070312E+3	5,684042E-1	1,070312E+3	8,622947E-2	1,070312E+3	5,846592E-1	1,070312E+3	5,467817E-2	1,070312E+3	6,026989E-1	1,070312E+3	3,082310E-2
1,071875E+3	5,099773E-1	1,071875E+3	-6,142150E-2	1,071875E+3	5,139571E-1	1,071875E+3	-5,449297E-2	1,071875E+3	5,271510E-1	1,071875E+3	-1,667583E-2	1,071875E+3	5,466984E-1	1,071875E+3	4,942593E-2	1,071875E+3	5,684605E-1	1,071875E+3	8,021323E-2	1,071875E+3	5,787217E-1	1,071875E+3	6,086268E-2	1,071875E+3	6,020884E-1	1,071875E+3	2,549807E-2
1,073437E+3	5,156527E-1	1,073437E+3	-5,921595E-2	1,073437E+3	5,087120E-1	1,073437E+3	-5,361008E-2	1,073437E+3	5,243180E-1	1,073437E+3	-1,252371E-2	1,073437E+3	5,420759E-1	1,073437E+3	5,376982E-2	1,073437E+3	5,643605E-1	1,073437E+3	7,586225E-2	1,073437E+3	5,732347E-1	1,073437E+3	6,178544E-2	1,073437E+3	6,033084E-1	1,073437E+3	3,022236E-2
1,075000E+3	4,958874E-1	1,075000E+3	-6,757337E-2	1,075000E+3	5,045125E-1	1,075000E+3	-5,553325E-2	1,075000E+3	5,208355E-1	1,075000E+3	-1,548595E-2	1,075000E+3	5,401848E-1	1,075000E+3	5,255622E-2	1,075000E+3	5,624454E-1	1,075000E+3	7,942626E-2	1,075000E+3	5,855273E-1	1,075000E+3	5,639594E-2	1,075000E+3	5,954848E-1	1,075000E+3	3,725289E-2
1,076562E+3	4,920510E-1	1,076562E+3	-6,607971E-2	1,076562E+3	5,038079E-1	1,076562E+3	-5,284592E-2	1,076562E+3	5,156102E-1	1,076562E+3	-1,690594E-2	1,076562E+3	5,417029E-1	1,076562E+3	5,385683E-2	1,076562E+3	5,659823E-1	1,076562E+3	7,917785E-2	1,076562E+3	5,837716E-1	1,076562E+3	5,533511E-2	1,076562E+3	5,916942E-1	1,076562E+3	3,260778E-2
1,078125E+3	4,952115E-1	1,078125E+3	-6,672542E-2	1,078125E+3	4,972842E-1	1,078125E+3	-5,504248E-2	1,078125E+3	5,131171E-1	1,078125E+3	-1,773025E-2	1,078125E+3	5,427271E-1	1,078125E+3	5,184054E-2	1,078125E+3	5,683265E-1	1,078125E+3	7,990339E-2	1,078125E+3	5,788731E-1	1,078125E+3	5,652234E-2	1,078125E+3	5,959528E-1	1,078125E+3	2,466049E-2
1,079687E+3	4,878889E-1	1,079687E+3	-6,286128E-2	1,079687E+3	4,912861E-1	1,079687E+3	-5,258722E-2	1,079687E+3	5,096801E-1	1,079687E+3	-1,410289E-2	1,079687E+3	5,383062E-1	1,079687E+3	4,776188E-2	1,079687E+3	5,654710E-1	1,079687E+3	8,299907E-2	1,079687E+3	5,764543E-1	1,079687E+3	5,460508E-2	1,079687E+3	6,024316E-1	1,079687E+3	2,586218E-2
1,081250E+3	4,837504E-1	1,081250E+3	-5,537463E-2	1,081250E+3	4,868377E-1	1,081250E+3	-4,840305E-2	1,081250E+3	5,052472E-1	1,081250E+3	-1,421683E-2	1,081250E+3	5,349859E-1	1,081250E+3	4,674429E-2	1,081250E+3	5,668816E-1	1,081250E+3	8,096444E-2	1,081250E+3	5,809335E-1	1,081250E+3	5,879769E-2	1,081250E+3	6,004498E-1	1,081250E+3	3,632838E-2
1,082812E+3	4,799748E-1	1,082812E+3	-5,393074E-2	1,082812E+3	4,794253E-1	1,082812E+3	-4,856888E-2	1,082812E+3	4,983500E-1	1,082812E+3	-1,212630E-2	1,082812E+3	5,352237E-1	1,082812E+3	5,621950E-2	1,082812E+3	5,644318E-1	1,082812E+3	8,297738E-2	1,082812E+3	5,845522E-1	1,082812E+3	6,422480E-2	1,082812E+3	5,972809E-1	1,082812E+3	3,176937E-2
1,084375E+3	4,714036E-1	1,084375E+3	-5,048163E-2	1,084375E+3	4,766466E-1	1,084375E+3	-4,459060E-2	1,084375E+3	4,957478E-1	1,084375E+3	-9,304741E-3	1,084375E+3	5,338958E-1	1,084375E+3	5,808957E-2	1,084375E+3	5,677009E-1	1,084375E+3	8,018095E-2	1,084375E+3	5,824453E-1	1,084375E+3	6,292354E-2	1,084375E+3	5,988107E-1	1,084375E+3	2,964954E-2
1,085937E+3	4,660915E-1	1,085937E+3	-5,321640E-2	1,085937E+3	4,718380E-1	1,085937E+3	-4,349043E-2	1,085937E+3	4,942247E-1	1,085937E+3	-1,338362E-2	1,085937E+3	5,289669E-1	1,085937E+3	5,309112E-2	1,085937E+3	5,695917E-1	1,085937E+3	7,934293E-2	1,085937E+3	5,836177E-1	1,085937E+3	6,228700E-2	1,085937E+3	6,025938E-1	1,085937E+3	3,903841E-2
1,087500E+3	4,656896E-1	1,087500E+3	-5,589285E-2	1,087500E+3	4,681052E-1	1,087500E+3	-4,154117E-2	1,087500E+3	4,904510E-1	1,087500E+3	-1,150598E-2	1,087500E+3	5,289036E-1	1,087500E+3	5,039580E-2	1,087500E+3	5,625897E-1	1,087500E+3	8,052105E-2	1,087500E+3	5,833189E-1	1,087500E+3	6,393480E-2	1,087500E+3	5,989480E-1	1,087500E+3	3,415388E-2
1,089062E+3	4,658072E-1	1,089062E+3	-5,227303E-2	1,089062E+3	4,632959E-1	1,089062E+3	-4,167247E-2	1,089062E+3	4,872874E-1	1,089062E+3	-1,043809E-2	1,089062E+3	5,321851E-1	1,089062E+3	5,231998E-2	1,089062E+3	5,623450E-1	1,089062E+3	8,356288E-2	1,089062E+3	5,846180E-1	1,089062E+3	6,388868E-2	1,089062E+3	5,910044E-1	1,089062E+3	2,603516E-2
1,090625E+3	4,600056E-1	1,090625E+3	-4,952797E-2	1,090625E+3	4,597181E-1	1,090625E+3	-3,888417E-2	1,090625E+3	4,870650E-1	1,090625E+3	-9,901413E-3	1,090625E+3	5,272081E-1	1,090625E+3	6,248559E-2	1,090625E+3	5,639605E-1	1,090625E+3	8,612327E-2	1,090625E+3	5,857810E-1	1,090625E+3	6,158046E-2	1,090625E+3	5,883887E-1	1,090625E+3	2,963848E-2
1,092187E+3	4,499650E-1	1,092187E+3	-4,241826E-2	1,092187E+3	4,551519E-1	1,092187E+3	-3,857765E-2	1,092187E+3	4,825523E-1	1,092187E+3	-5,573462E-3	1,092187E+3	5,219939E-1	1,092187E+3	6,056992E-2	1,092187E+3	5,624964E-1	1,092187E+3	8,409294E-2	1,092187E+3	5,868777E-1	1,092187E+3	5,607931E-2	1,092187E+3	5,993750E-1	1,092187E+3	3,063715E-2
1,093750E+3	4,473879E-1	1,093750E+3	-4,063618E-2	1,093750E+3	4,527817E-1	1,093750E+3	-3,485673E-2	1,093750E+3	4,813976E-1	1,093750E+3	-2,811200E-3	1,093750E+3	5,218978E-1	1,093750E+3	5,674327E-2	1,093750E+3	5,622966E-1	1,093750E+3	8,663036E-2	1,093750E+3	5,772982E-1	1,093750E+3	5,843516E-2	1,093750E+3	6,003446E-1	1,093750E+3	2,704982E-2
1,095312E+3	4,479379E-1	1,095312E+3	-4,394280E-2	1,095312E+3	4,502732E-1	1,095312E+3	-2,868527E-2	1,095312E+3	4,784964E-1	1,095312E+3	-2,005587E-3	1,095312E+3	5,209080E-1	1,095312E+3	6,147766E-2	1,095312E+3	5,651296E-1	1,095312E+3	8,620190E-2	1,095312E+3	5,736482E-1	1,095312E+3	5,905473E-2	1,095312E+3	6,024541E-1	1,095312E+3	3,110065E-2
1,096875E+3	4,405898E-1	1,096875E+3	-4,273687E-2	1,096875E+3	4,427873E-1	1,096875E+3	-2,844806E-2	1,096875E+3	4,695788E-1	1,096875E+3	1,258819E-3	1,096875E+3	5,187968E-1	1,096875E+3	6,651327E-2	1,096875E+3	5,696412E-1	1,096875E+3	8,333391E-2	1,096875E+3	5,803631E-1	1,096875E+3	5,966038E-2	1,096875E+3	6,058042E-1	1,096875E+3	3,301346E-2
1,098437E+3	4,346945E-1	1,098437E+3	-4,107086E-2	1,098437E+3	4,392052E-1	1,098437E+3	-2,540378E-2	1,098437E+3	4,653368E-1	1,098437E+3	1,472188E-3	1,098437E+3	5,205500E-1	1,098437E+3	6,618346E-2	1,098437E+3	5,605200E-1	1,098437E+3	8,184468E-2	1,098437E+3	5,791614E-1	1,098437E+3	5,824867E-2	1,098437E+3	6,066955E-1	1,098437E+3	2,443754E-2
1,100000E+3	4,349416E-1	1,100000E+3	-3,207797E-2	1,100000E+3	4,367900E-1	1,100000E+3	-2,450278E-2	1,100000E+3	4,625347E-1	1,100000E+3	4,170431E-3	1,100000E+3	5,196754E-1	1,100000E+3	6,173073E-2	1,100000E+3	5,651769E-1	1,100000E+3	8,558829E-2	1,100000E+3	5,803390E-1	1,100000E+3	6,313738E-2	1,100000E+3	6,090650E-1	1,100000E+3	3,549358E-2
1,101562E+3	4,257198E-1	1,101562E+3	-3,059428E-2	1,101562E+3	4,323391E-1	1,101562E+3	-2,143474E-2	1,101562E+3	4,618607E-1	1,101562E+3	7,761936E-3	1,101562E+3	5,168958E-1	1,101562E+3	6,177286E-2	1,101562E+3	5,684823E-1	1,101562E+3	8,675025E-2	1,101562E+3	5,831746E-1	1,101562E+3	5,820843E-2	1,101562E+3	6,004363E-1	1,101562E+3	4,172402E-2
1,103125E+3	4,219794E-1	1,103125E+3	-2,470160E-2	1,103125E+3	4,262522E-1	1,103125E+3	-1,652621E-2	1,103125E+3	4,571135E-1	1,103125E+3	1,073157E-2	1,103125E+3	5,115417E-1	1,103125E+3	6,320043E-2	1,103125E+3	5,659173E-1	1,103125E+3	8,274312E-2	1,103125E+3	5,791363E-1	1,103125E+3	5,922056E-2	1,103125E+3	5,997575E-1	1,103125E+3	3,404708E-2
1,104687E+3	4,225646E-1	1,104687E+3	-1,984982E-2	1,104687E+3	4,240796E-1	1,104687E+3	-1,382498E-2	1,104687E+3	4,549474E-1	1,104687E+3	1,365371E-2	1,104687E+3	5,093868E-1	1,104687E+3	6,423391E-2	1,104687E+3	5,618416E-1	1,104687E+3	8,088489E-2	1,104687E+3	5,820607E-1	1,104687E+3	6,186795E-2	1,104687E+3	6,003236E-1	1,104687E+3	3,521879E-2
1,106250E+3	4,160175E-1	1,106250E+3	-1,688212E-2	1,106250E+3	4,211664E-1	1,106250E+3	-1,107177E-2	1,106250E+3	4,509313E-1	1,106250E+3	1,563763E-2	1,106250E+3	5,138054E-1	1,106250E+3	6,641245E-2	1,106250E+3	5,610941E-1	1,106250E+3	8,509664E-2	1,106250E+3	5,809077E-1	1,106250E+3	5,762009E-2	1,106250E+3	6,063475E-1	1,106250E+3	3,578111E-2
1,107812E+3	4,065063E-1	1,107812E+3	-1,581014E-2	1,107812E+3	4,159227E-1	1,107812E+3	-6,356445E-3	1,107812E+3	4,506982E-1	1,107812E+3	1,404222E-2	1,107812E+3	5,121907E-1	1,107812E+3	6,763495E-2	1,107812E+3	5,629533E-1	1,107812E+3	8,197418E-2	1,107812E+3	5,837729E-1	1,107812E+3	5,936864E-2	1,107812E+3	6,033192E-1	1,107812E+3	3,221827E-2
1,109375E+3	4,036704E-1	1,109375E+3	-1,367166E-2	1,109375E+3	4,136228E-1	1,109375E+3	-3,150765E-3	1,109375E+3	4,451158E-1	1,109375E+3	1,784171E-2	1,109375E+3	5,081120E-1	1,109375E+3	6,810474E-2	1,109375E+3	5,566865E-1	1,109375E+3	8,065692E-2	1,109375E+3	5,852264E-1	1,109375E+3	5,685149E-2	1,109375E+3	6,051464E-1	1,109375E+3	2,979131E-2
1,110937E+3	4,006016E-1	1,110937E+3	-1,135972E-2	1,110937E+3	4,098926E-1	1,110937E+3	3,883889E-4	1,110937E+3	4,434695E-1	1,110937E+3	2,573746E-2	1,110937E+3	5,058581E-1	1,110937E+3	7,190247E-2	1,110937E+3	5,603266E-1	1,110937E+3	8,452811E-2	1,110937E+3	5,829590E-1	1,110937E+3	6,017662E-2	1,110937E+3	6,066176E-1	1,110937E+3	2,971903E-2
1,112500E+3	4,010430E-1	1,112500E+3	-3,423874E-3	1,112500E+3	4,056471E-1	1,112500E+3	5,900032E-3	1,112500E+3	4,432465E-1	1,112500E+3	2,661484E-2	1,112500E+3	5,125542E-1	1,112500E+3	6,916420E-2	1,112500E+3	5,636790E-1	1,112500E+3	9,047606E-2	1,112500E+3	5,726482E-1	1,112500E+3	6,231801E-2	1,112500E+3	6,069048E-1	1,112500E+3	1,821803E-2
1,114062E+3	3,946380E-1	1,114062E+3	-8,701511E-4	1,114062E+3	4,040700E-1	1,114062E+3	9,020700E-3	1,114062E+3	4,365748E-1	1,114062E+3	2,898270E-2	1,114062E+3	5,172647E-1	1,114062E+3	6,889603E-2	1,114062E+3	5,627388E-1	1,114062E+3	8,903339E-2	1,114062E+3	5,758740E-1	1,114062E+3	6,176934E-2	1,114062E+3	5,949434E-1	1,114062E+3	2,671631E-2
1,115625E+3	3,932162E-1	1,115625E+3	6,580617E-3	1,115625E+3	4,001047E-1	1,115625E+3	1,350661E-2	1,115625E+3	4,335319E-1	1,115625E+3	3,435445E-2	1,115625E+3	5,150520E-1	1,115625E+3	7,046978E-2	1,115625E+3	5,617581E-1	1,115625E+3	8,984667E-2	1,115625E+3	5,780747E-1	1,115625E+3	6,078115E-2	1,115625E+3	5,937691E-1	1,115625E+3	3,519272E-2
1,117187E+3	3,910897E-1	1,117187E+3	1,451729E-2	1,117187E+3	3,954697E-1	1,117187E+3	1,806323E-2	1,117187E+3	4,359449E-1	1,117187E+3	3,464436E-2	1,117187E+3	5,102636E-1	1,117187E+3	7,412293E-2	1,117187E+3	5,608643E-1	1,117187E+3	8,491150E-2	1,117187E+3	5,834603E-1	1,117187E+3	6,258880E-2	1,117187E+3	6,026917E-1	1,117187E+3	3,164977E-2
1,118750E+3	3,858430E-1	1,118750E+3	1,421134E-2	1,118750E+3	3,920834E-1	1,118750E+3	2,274615E-2	1,118750E+3	4,348294E-1	1,118750E+3	3,600053E-2	1,118750E+3	5,074336E-1	1,118750E+3	7,421199E-2	1,118750E+3	5,611985E-1	1,118750E+3	8,525090E-2	1,118750E+3	5,822020E-1	1,118750E+3	6,418244E-2	1,118750E+3	5,946608E-1	1,118750E+3	3,212645E-2
1,120312E+3	3,865397E-1	1,120312E+3	1,293075E-2	1,120312E+3	3,907843E-1	1,120312E+3	2,411451E-2	1,120312E+3	4,315303E-1	1,120312E+3	4,390966E-2	1,120312E+3	5,087987E-1	1,120312E+3	7,987629E-2	1,120312E+3	5,637668E-1	1,120312E+3	8,461487E-2	1,120312E+3	5,832655E-1	1,120312E+3	6,541213E-2	1,120312E+3	5,934008E-1	1,120312E+3	3,707994E-2
1,121875E+3	3,846936E-1	1,121875E+3	2,330549E-2	1,121875E+3	3,885154E-1	1,121875E+3	2,984965E-2	1,121875E+3	4,320931E-1	1,121875E+3	4,771655E-2	1,121875E+3	5,075947E-1	1,121875E+3	8,273163E-2	1,121875E+3	5,655701E-1	1,121875E+3	8,861336E-2	1,121875E+3	5,827855E-1	1,121875E+3	6,637145E-2	1,121875E+3	6,011979E-1	1,121875E+3	3,447928E-2
1,123437E+3	3,786115E-1	1,123437E+3	2,739344E-2	1,123437E+3	3,873169E-1	1,123437E+3	3,222553E-2	1,123437E+3	4,328946E-1	1,123437E+3	4,970239E-2	1,123437E+3	4,992584E-1	1,123437E+3	8,170793E-2	1,123437E+3	5,670679E-1	1,123437E+3	8,697430E-2	1,123437E+3	5,829974E-1	1,123437E+3	5,702536E-2	1,123437E+3	6,025317E-1	1,123437E+3	2,863868E-2
1,125000E+3	3,811045E-1	1,125000E+3	2,892306E-2	1,125000E+3	3,849720E-1	1,125000E+3	3,665164E-2	1,125000E+3	4,230953E-1	1,125000E+3	5,315859E-2	1,125000E+3	5,008937E-1	1,125000E+3	8,438209E-2	1,125000E+3	5,614502E-1	1,125000E+3	8,284692E-2	1,125000E+3	5,889634E-1	1,125000E+3	6,389118E-2	1,125000E+3	6,088832E-1	1,125000E+3	2,998557E-2
1,126562E+3	3,717160E-1	1,126562E+3	3,207274E-2	1,126562E+3	3,825687E-1	1,126562E+3	4,319909E-2	1,126562E+3	4,219991E-1	1,126562E+3	5,649945E-2	1,126562E+3	4,986099E-1	1,126562E+3	8,566569E-2	1,126562E+3	5,583041E-1	1,126562E+3	8,175217E-2	1,126562E+3	5,874081E-1	1,126562E+3	5,930768E-2	1,126562E+3	6,075680E-1	1,126562E+3	2,599276E-2
1,128125E+3	3,647300E-1	1,128125E+3	3,721700E-2	1,128125E+3	3,814577E-1	1,128125E+3	4,899300E-2	1,128125E+3	4,224023E-1	1,128125E+3	6,148221E-2	1,128125E+3	5,016195E-1	1,128125E+3	8,688816E-2	1,128125E+3	5,621819E-1	1,128125E+3	8,568074E-2	1,128125E+3	5,814785E-1	1,128125E+3	5,863337E-2	1,128125E+3	6,074656E-1	1,128125E+3	1,570227E-2
1,129687E+3	3,667470E-1	1,129687E+3	5,054318E-2	1,129687E+3	3,785103E-1	1,129687E+3	5,544237E-2	1,129687E+3	4,201345E-1	1,129687E+3	6,508400E-2	1,129687E+3	5,038969E-1	1,129687E+3	8,668997E-2	1,129687E+3	5,642756E-1	1,129687E+3	8,687151E-2	1,129687E+3	5,821204E-1	1,129687E+3	6,374264E-2	1,129687E+3	6,130713E-1	1,129687E+3	3,073926E-2
1,131250E+3	3,654397E-1	1,131250E+3	5,689848E-2	1,131250E+3	3,764846E-1	1,131250E+3	6,118649E-2	1,131250E+3	4,192096E-1	1,131250E+3	6,132512E-2	1,131250E+3	4,991650E-1	1,131250E+3	9,151621E-2	1,131250E+3	5,705555E-1	1,131250E+3	8,675626E-2	1,131250E+3	5,862262E-1	1,131250E+3	5,954284E-2	1,131250E+3	6,092794E-1	1,131250E+3	2,846110E-2
1,132812E+3	3,659029E-1	1,132812E+3	5,270576E-2	1,132812E+3	3,754338E-1	1,132812E+3	6,345938E-2	1,132812E+3	4,198284E-1	1,132812E+3	6,863894E-2	1,132812E+3	4,956787E-1	1,132812E+3	8,907158E-2	1,132812E+3	5,651552E-1	1,132812E+3	8,889141E-2	1,132812E+3	5,867902E-1	1,132812E+3	5,614750E-2	1,132812E+3	6,067219E-1	1,132812E+3	3,407620E-2
1,134375E+3	3,677342E-1	1,134375E+3	5,915793E-2	1,134375E+3	3,733933E-1	1,134375E+3	6,715505E-2	1,134375E+3	4,147747E-1	1,134375E+3	7,443347E-2	1,134375E+3	4,970020E-1	1,134375E+3	8,820309E-2	1,134375E+3	5,581778E-1	1,134375E+3	8,740087E-2	1,134375E+3	5,868933E-1	1,134375E+3	6,188686E-2	1,134375E+3	6,064970E-1	1,134375E+3	4,159954E-2
1,135937E+3	3,672758E-1	1,135937E+3	6,457809E-2	1,135937E+3	3,722341E-1	1,135937E+3	7,277328E-2	1,135937E+3	4,136755E-1	1,135937E+3	7,819889E-2	1,135937E+3	4,987529E-1	1,135937E+3	8,745700E-2	1,135937E+3	5,629788E-1	1,135937E+3	8,805430E-2	1,135937E+3	5,894176E-1	1,135937E+3	5,708852E-2	1,135937E+3	6,067217E-1	1,135937E+3	3,170796E-2
1,137500E+3	3,637401E-1	1,137500E+3	7,258690E-2	1,137500E+3	3,727266E-1	1,137500E+3	7,801629E-2	1,137500E+3	4,120399E-1	1,137500E+3	8,159406E-2	1,137500E+3	5,015223E-1	1,137500E+3	8,908514E-2	1,137500E+3	5,636182E-1	1,137500E+3	8,935932E-2	1,137500E+3	5,880237E-1	1,137500E+3	5,987856E-2	1,137500E+3	6,094477E-1	1,137500E+3	2,831122E-2
1,139062E+3	3,650663E-1	1,139062E+3	7,809762E-2	1,139062E+3	3,728253E-1	1,139062E+3	8,252695E-2	1,139062E+3	4,130571E-1	1,139062E+3	8,426939E-2	1,139062E+3	5,005140E-1	1,139062E+3	9,289094E-2	1,139062E+3	5,620938E-1	1,139062E+3	8,798697E-2	1,139062E+3	5,830916E-1	1,139062E+3	6,250294E-2	1,139062E+3	6,073289E-1	1,139062E+3	3,287244E-2
1,140625E+3	3,623676E-1	1,140625E+3	8,537378E-2	1,140625E+3	3,704349E-1	1,140625E+3	8,913448E-2	1,140625E+3	4,120357E-1	1,140625E+3	8,997325E-2	1,140625E+3	4,954809E-1	1,140625E+3	1,009558E-1	1,140625E+3	5,620799E-1	1,140625E+3	8,626927E-2	1,140625E+3	5,794438E-1	1,140625E+3	5,732968E-2	1,140625E+3	6,071736E-1	1,140625E+3	2,720443E-2
1,142187E+3	3,590403E-1	1,142187E+3	9,167098E-2	1,142187E+3	3,671893E-1	1,142187E+3	9,479399E-2	1,142187E+3	4,097767E-1	1,142187E+3	9,176952E-2	1,142187E+3	4,954005E-1	1,142187E+3	9,851339E-2	1,142187E+3	5,634484E-1	1,142187E+3	8,516432E-2	1,142187E+3	5,870770E-1	1,142187E+3	5,972977E-2	1,142187E+3	6,093243E-1	1,142187E+3	2,209762E-2
1,143750E+3	3,595841E-1	1,143750E+3	9,432230E-2	1,143750E+3	3,689741E-1	1,143750E+3	9,858514E-2	1,143750E+3	4,112942E-1	1,143750E+3	9,727600E-2	1,143750E+3	4,917601E-1	1,143750E+3	9,359387E-2	1,143750E+3	5,655776E-1	1,143750E+3	8,922547E-2	1,143750E+3	5,790478E-1	1,143750E+3	6,220113E-2	1,143750E+3	6,032141E-1	1,143750E+3	2,481261E-2
1,145312E+3	3,652164E-1	1,145312E+3	1,003674E-1	1,145312E+3	3,700856E-1	1,145312E+3	1,024002E-1	1,145312E+3	4,120374E-1	1,145312E+3	1,006835E-1	1,145312E+3	4,905330E-1	1,145312E+3	9,833421E-2	1,145312E+3	5,682206E-1	1,145312E+3	8,746367E-2	1,145312E+3	5,805610E-1	1,145312E+3	6,240184E-2	1,145312E+3	6,057807E-1	1,145312E+3	3,282241E-2
1,146875E+3	3,629627E-1	1,146875E+3	1,113560E-1	1,146875E+3	3,709261E-1	1,146875E+3	1,091804E-1	1,146875E+3	4,100742E-1	1,146875E+3	1,042669E-1	1,146875E+3	4,953236E-1	1,146875E+3	1,039507E-1	1,146875E+3	5,656970E-1	1,146875E+3	8,645564E-2	1,146875E+3	5,852651E-1	1,146875E+3	6,313657E-2	1,146875E+3	6,084551E-1	1,146875E+3	3,464399E-2
1,148437E+3	3,601962E-1	1,148437E+3	1,120613E-1	1,148437E+3	3,693495E-1	1,148437E+3	1,146856E-1	1,148437E+3	4,098527E-1	1,148437E+3	1,110968E-1	1,148437E+3	4,976525E-1	1,148437E+3	1,067994E-1	1,148437E+3	5,603785E-1	1,148437E+3	8,880816E-2	1,148437E+3	5,846089E-1	1,148437E+3	5,809461E-2	1,148437E+3	6,097129E-1	1,148437E+3	2,923947E-2
1,150000E+3	3,599485E-1	1,150000E+3	1,183229E-1	1,150000E+3	3,699938E-1	1,150000E+3	1,188883E-1	1,150000E+3	4,129915E-1	1,150000E+3	1,158071E-1	1,150000E+3	4,989030E-1	1,150000E+3	1,045814E-1	1,150000E+3	5,669805E-1	1,150000E+3	8,850444E-2	1,150000E+3	5,822706E-1	1,150000E+3	5,721047E-2	1,150000E+3	6,093330E-1	1,150000E+3	3,236663E-2
1,151562E+3	3,579169E-1	1,151562E+3	1,245995E-1	1,151562E+3	3,708846E-1	1,151562E+3	1,241268E-1	1,151562E+3	4,144990E-1	1,151562E+3	1,211504E-1	1,151562E+3	4,992362E-1	1,151562E+3	1,081597E-1	1,151562E+3	5,697856E-1	1,151562E+3	9,066008E-2	1,151562E+3	5,882954E-1	1,151562E+3	5,792401E-2	1,151562E+3	6,147637E-1	1,151562E+3	2,952678E-2
1,153125E+3	3,582059E-1	1,153125E+3	1,272140E-1	1,153125E+3	3,714236E-1	1,153125E+3	1,274869E-1	1,153125E+3	4,139668E-1	1,153125E+3	1,230886E-1	1,153125E+3	4,975355E-1	1,153125E+3	1,098712E-1	1,153125E+3	5,668479E-1	1,153125E+3	8,967924E-2	1,153125E+3	5,873878E-1	1,153125E+3	5,713157E-2	1,153125E+3	6,098799E-1	1,153125E+3	2,750208E-2
1,154687E+3	3,646988E-1	1,154687E+3	1,328370E-1	1,154687E+3	3,715718E-1	1,154687E+3	1,356468E-1	1,154687E+3	4,129612E-1	1,154687E+3	1,249794E-1	1,154687E+3	4,934899E-1	1,154687E+3	1,136284E-1	1,154687E+3	5,656931E-1	1,154687E+3	9,202972E-2	1,154687E+3	5,893902E-1	1,154687E+3	6,385183E-2	1,154687E+3	6,100934E-1	1,154687E+3	3,362389E-2
1,156250E+3	3,669929E-1	1,156250E+3	1,351722E-1	1,156250E+3	3,723045E-1	1,156250E+3	1,408148E-1	1,156250E+3	4,112934E-1	1,156250E+3	1,276096E-1	1,156250E+3	4,920286E-1	1,156250E+3	1,152970E-1	1,156250E+3	5,708219E-1	1,156250E+3	9,023255E-2	1,156250E+3	5,834529E-1	1,156250E+3	6,195379E-2	1,156250E+3	6,079856E-1	1,156250E+3	3,663311E-2
1,157812E+3	3,651797E-1	1,157812E+3	1,441758E-1	1,157812E+3	3,730977E-1	1,157812E+3	1,448146E-1	1,157812E+3	4,114792E-1	1,157812E+3	1,310083E-1	1,157812E+3	4,975974E-1	1,157812E+3	1,173098E-1	1,157812E+3	5,683242E-1	1,157812E+3	9,349042E-2	1,157812E+3	5,859866E-1	1,157812E+3	5,902979E-2	1,157812E+3	6,050657E-1	1,157812E+3	2,744708E-2
1,159375E+3	3,665607E-1	1,159375E+3	1,518914E-1	1,159375E+3	3,747629E-1	1,159375E+3	1,508369E-1	1,159375E+3	4,146428E-1	1,159375E+3	1,351343E-1	1,159375E+3	4,959949E-1	1,159375E+3	1,214791E-1	1,159375E+3	5,656920E-1	1,159375E+3	9,346057E-2	1,159375E+3	5,838825E-1	1,159375E+3	6,021087E-2	1,159375E+3	6,047229E-1	1,159375E+3	2,539902E-2
1,160937E+3	3,645526E-1	1,160937E+3	1,565281E-1	1,160937E+3	3,759667E-1	1,160937E+3	1,533569E-1	1,160937E+3	4,135268E-1	1,160937E+3	1,403738E-1	1,160937E+3	4,950894E-1	1,160937E+3	1,162966E-1	1,160937E+3	5,672098E-1	1,160937E+3	9,232434E-2	1,160937E+3	5,852923E-1	1,160937E+3	5,995787E-2	1,160937E+3	6,038684E-1	1,160937E+3	2,809349E-2
1,162500E+3	3,663431E-1	1,162500E+3	1,569733E-1	1,162500E+3	3,769436E-1	1,162500E+3	1,594576E-1	1,162500E+3	4,156810E-1	1,162500E+3	1,447907E-1	1,162500E+3	4,956152E-1	1,162500E+3	1,142360E-1	1,162500E+3	5,681250E-1	1,162500E+3	9,110652E-2	1,162500E+3	5,886433E-1	1,162500E+3	5,951853E-2	1,162500E+3	6,108450E-1	1,162500E+3	2,345420E-2
1,164062E+3	3,721856E-1	1,164062E+3	1,609520E-1	1,164062E+3	3,805596E-1	1,164062E+3	1,646199E-1	1,164062E+3	4,173376E-1	1,164062E+3	1,514200E-1	1,164062E+3	4,997095E-1	1,164062E+3	1,179974E-1	1,164062E+3	5,673726E-1	1,164062E+3	9,104533E-2	1,164062E+3	5,888148E-1	1,164062E+3	6,329141E-2	1,164062E+3	6,080648E-1	1,164062E+3	3,048113E-2
1,165625E+3	3,777428E-1	1,165625E+3	1,674991E-1	1,165625E+3	3,807433E-1	1,165625E+3	1,703545E-1	1,165625E+3	4,182924E-1	1,165625E+3	1,549301E-1	1,165625E+3	4,984961E-1	1,165625E+3	1,225428E-1	1,165625E+3	5,677318E-1	1,165625E+3	9,023443E-2	1,165625E+3	5,875313E-1	1,165625E+3	5,878862E-2	1,165625E+3	6,107644E-1	1,165625E+3	3,132549E-2
1,167187E+3	3,746362E-1	1,167187E+3	1,739997E-1	1,167187E+3	3,838763E-1	1,167187E+3	1,732733E-1	1,167187E+3	4,213055E-1	1,167187E+3	1,590519E-1	1,167187E+3	4,962579E-1	1,167187E+3	1,267308E-1	1,167187E+3	5,702135E-1	1,167187E+3	9,018307E-2	1,167187E+3	5,905801E-1	1,167187E+3	5,773214E-2	1,167187E+3	6,099736E-1	1,167187E+3	2,602701E-2
1,168750E+3	3,773171E-1	1,168750E+3	1,777954E-1	1,168750E+3	3,860082E-1	1,168750E+3	1,795357E-1	1,168750E+3	4,175741E-1	1,168750E+3	1,592866E-1	1,168750E+3	4,992342E-1	1,168750E+3	1,309971E-1	1,168750E+3	5,690771E-1	1,168750E+3	8,765932E-2	1,168750E+3	5,939578E-1	1,168750E+3	5,748337E-2	1,168750E+3	6,116664E-1	1,168750E+3	2,019762E-2
1,170312E+3	3,823910E-1	1,170312E+3	1,832323E-1	1,170312E+3	3,895948E-1	1,170312E+3	1,834857E-1	1,170312E+3	4,184020E-1	1,170312E+3	1,602976E-1	1,170312E+3	5,028191E-1	1,170312E+3	1,308515E-1	1,170312E+3	5,692132E-1	1,170312E+3	9,039113E-2	1,170312E+3	5,870494E-1	1,170312E+3	6,114641E-2	1,170312E+3	6,145101E-1	1,170312E+3	2,192096E-2
1,171875E+3	3,806357E-1	1,171875E+3	1,844788E-1	1,171875E+3	3,909551E-1	1,171875E+3	1,868607E-1	1,171875E+3	4,221838E-1	1,171875E+3	1,642954E-1	1,171875E+3	4,998345E-1	1,171875E+3	1,313568E-1	1,171875E+3	5,679667E-1	1,171875E+3	9,204300E-2	1,171875E+3	5,922991E-1	1,171875E+3	5,732271E-2	1,171875E+3	6,107685E-1	1,171875E+3	2,312555E-2
1,173437E+3	3,842668E-1	1,173437E+3	1,901586E-1	1,173437E+3	3,936210E-1	1,173437E+3	1,903953E-1	1,173437E+3	4,261368E-1	1,173437E+3	1,699342E-1	1,173437E+3	4,987447E-1	1,173437E+3	1,314652E-1	1,173437E+3	5,659218E-1	1,173437E+3	8,792287E-2	1,173437E+3	5,945601E-1	1,173437E+3	5,930636E-2	1,173437E+3	6,092135E-1	1,173437E+3	2,729154E-2
1,175000E+3	3,856079E-1	1,175000E+3	1,972163E-1	1,175000E+3	3,965671E-1	1,175000E+3	1,951412E-1	1,175000E+3	4,292899E-1	1,175000E+3	1,745250E-1	1,175000E+3	5,025910E-1	1,175000E+3	1,331856E-1	1,175000E+3	5,675444E-1	1,175000E+3	8,924357E-2	1,175000E+3	5,927255E-1	1,175000E+3	5,988767E-2	1,175000E+3	6,139539E-1	1,175000E+3	2,642534E-2
1,176562E+3	3,882829E-1	1,176562E+3	2,030513E-1	1,176562E+3	3,980758E-1	1,176562E+3	2,003830E-1	1,176562E+3	4,301950E-1	1,176562E+3	1,785272E-1	1,176562E+3	5,070062E-1	1,176562E+3	1,360741E-1	1,176562E+3	5,679832E-1	1,176562E+3	9,508271E-2	1,176562E+3	5,930178E-1	1,176562E+3	6,096857E-2	1,176562E+3	6,180732E-1	1,176562E+3	2,628844E-2
1,178125E+3	3,911972E-1	1,178125E+3	2,073672E-1	1,178125E+3	4,010091E-1	1,178125E+3	2,043434E-1	1,178125E+3	4,342193E-1	1,178125E+3	1,785798E-1	1,178125E+3	5,044655E-1	1,178125E+3	1,352723E-1	1,178125E+3	5,702413E-1	1,178125E+3	9,220309E-2	1,178125E+3	5,907486E-1	1,178125E+3	5,660792E-2	1,178125E+3	6,149091E-1	1,178125E+3	2,694271E-2
1,179687E+3	3,974336E-1	1,179687E+3	2,108596E-1	1,179687E+3	4,028512E-1	1,179687E+3	2,102715E-1	1,179687E+3	4,357325E-1	1,179687E+3	1,833317E-1	1,179687E+3	5,043737E-1	1,179687E+3	1,344655E-1	1,179687E+3	5,696938E-1	1,179687E+3	9,062196E-2	1,179687E+3	5,895088E-1	1,179687E+3	5,879525E-2	1,179687E+3	6,143244E-1	1,179687E+3	2,524736E-2
1,181250E+3	3,998904E-1	1,181250E+3	2,169004E-1	1,181250E+3	4,071219E-1	1,181250E+3	2,134480E-1	1,181250E+3	4,357170E-1	1,181250E+3	1,879541E-1	1,181250E+3	5,044698E-1	1,181250E+3	1,434257E-1	1,181250E+3	5,722310E-1	1,181250E+3	9,113992E-2	1,181250E+3	5,956766E-1	1,181250E+3	5,967230E-2	1,181250E+3	6,090249E-1	1,181250E+3	2,173977E-2
1,182812E+3	4,030449E-1	1,182812E+3	2,191671E-1	1,182812E+3	4,103718E-1	1,182812E+3	2,162453E-1	1,182812E+3	4,374843E-1	1,182812E+3	1,925459E-1	1,182812E+3	5,079354E-1	1,182812E+3	1,434286E-1	1,182812E+3	5,700438E-1	1,182812E+3	9,203218E-2	1,182812E+3	5,921163E-1	1,182812E+3	5,761203E-2	1,182812E+3	6,074905E-1	1,182812E+3	2,377429E-2
1,184375E+3	4,055653E-1	1,184375E+3	2,233662E-1	1,184375E+3	4,126918E-1	1,184375E+3	2,190656E-1	1,184375E+3	4,414291E-1	1,184375E+3	1,931946E-1	1,184375E+3	5,076969E-1	1,184375E+3	1,444252E-1	1,184375E+3	5,698239E-1	1,184375E+3	9,088111E-2	1,184375E+3	5,908869E-1	1,184375E+3	5,878094E-2	1,184375E+3	6,126472E-1	1,184375E+3	2,566464E-2
1,185937E+3	4,105041E-1	1,185937E+3	2,257249E-1	1,185937E+3	4,168219E-1	1,185937E+3	2,210422E-1	1,185937E+3	4,445251E-1	1,185937E+3	1,965466E-1	1,185937E+3	5,098492E-1	1,185937E+3	1,446173E-1	1,185937E+3	5,709744E-1	1,185937E+3	9,311204E-2	1,185937E+3	5,948169E-1	1,185937E+3	5,969279E-2	1,185937E+3	6,132292E-1	1,185937E+3	2,637039E-2
1,187500E+3	4,143761E-1	1,187500E+3	2,288673E-1	1,187500E+3	4,192955E-1	1,187500E+3	2,267579E-1	1,187500E+3	4,458907E-1	1,187500E+3	2,021134E-1	1,187500E+3	5,123534E-1	1,187500E+3	1,477388E-1	1,187500E+3	5,716871E-1	1,187500E+3	9,408457E-2	1,187500E+3	5,942145E-1	1,187500E+3	5,994721E-2	1,187500E+3	6,194711E-1	1,187500E+3	2,605658E-2
1,189062E+3	4,173937E-1	1,189062E+3	2,313442E-1	1,189062E+3	4,238971E-1	1,189062E+3	2,291785E-1	1,189062E+3	4,482683E-1	1,189062E+3	2,058763E-1	1,189062E+3	5,141826E-1	1,189062E+3	1,484863E-1	1,189062E+3	5,735713E-1	1,189062E+3	9,399227E-2	1,189062E+3	5,930007E-1	1,189062E+3	5,887731E-2	1,189062E+3	6,192037E-1	1,189062E+3	2,348695E-2
1,190625E+3	4,187051E-1	1,190625E+3	2,326693E-1	1,190625E+3	4,282437E-1	1,190625E+3	2,330031E-1	1,190625E+3	4,523386E-1	1,190625E+3	2,078662E-1	1,190625E+3	5,133724E-1	1,190625E+3	1,496851E-1	1,190625E+3	5,736856E-1	1,190625E+3	9,573810E-2	1,190625E+3	5,936375E-1	1,190625E+3	5,648517E-2	1,190625E+3	6,148607E-1	1,190625E+3	2,567434E-2
1,192187E+3	4,211701E-1	1,192187E+3	2,382841E-1	1,192187E+3	4,305986E-1	1,192187E+3	2,377593E-1	1,192187E+3	4,542933E-1	1,192187E+3	2,098553E-1	1,192187E+3	5,130394E-1	1,192187E+3	1,526181E-1	1,192187E+3	5,740557E-1	1,192187E+3	9,539859E-2	1,192187E+3	5,946055E-1	1,192187E+3	5,544034E-2	1,192187E+3	6,179089E-1	1,192187E+3	2,036660E-2
1,193750E+3	4,269356E-1	1,193750E+3	2,436372E-1	1,193750E+3	4,347929E-1	1,193750E+3	2,424067E-1	1,193750E+3	4,583152E-1	1,193750E+3	2,114515E-1	1,193750E+3	5,150622E-1	1,193750E+3	1,559888E-1	1,193750E+3	5,762528E-1	1,193750E+3	9,771614E-2	1,193750E+3	5,966507E-1	1,193750E+3	5,622404E-2	1,193750E+3	6,202979E-1	1,193750E+3	2,164887E-2
1,195312E+3	4,308531E-1	1,195312E+3	2,477329E-1	1,195312E+3	4,385693E-1	1,195312E+3	2,437785E-1	1,195312E+3	4,592809E-1	1,195312E+3	2,136723E-1	1,195312E+3	5,148947E-1	1,195312E+3	1,580262E-1	1,195312E+3	5,762344E-1	1,195312E+3	9,404550E-2	1,195312E+3	5,938255E-1	1,195312E+3	5,595974E-2	1,195312E+3	6,170189E-1	1,195312E+3	2,283616E-2
1,196875E+3	4,339886E-1	1,196875E+3	2,466506E-1	1,196875E+3	4,415555E-1	1,196875E+3	2,452021E-1	1,196875E+3	4,619101E-1	1,196875E+3	2,165135E-1	1,196875E+3	5,159436E-1	1,196875E+3	1,557944E-1	1,196875E+3	5,748414E-1	1,196875E+3	9,517670E-2	1,196875E+3	5,970614E-1	1,196875E+3	5,428724E-2	1,196875E+3	6,164440E-1	1,196875E+3	2,003882E-2
1,198437E+3	4,372403E-1	1,198437E+3	2,492527E-1	1,198437E+3	4,447585E-1	1,198437E+3	2,474031E-1	1,198437E+3	4,653927E-1	1,198437E+3	2,223776E-1	1,198437E+3	5,193734E-1	1,198437E+3	1,581527E-1	1,198437E+3	5,753071E-1	1,198437E+3	9,533789E-2	1,198437E+3	5,985386E-1	1,198437E+3	5,853873E-2	1,198437E+3	6,183938E-1	1,198437E+3	2,470265E-2
1,200000E+3	4,417053E-1	1,200000E+3	2,528737E-1	1,200000E+3	4,480178E-1	1,200000E+3	2,481519E-1	1,200000E+3	4,679634E-1	1,200000E+3	2,222147E-1	1,200000E+3	5,223755E-1	1,200000E+3	1,591087E-1	1,200000E+3	5,765042E-1	1,200000E+3	9,346801E-2	1,200000E+3	6,006483E-1	1,200000E+3	5,700682E-2	1,200000E+3	6,164717E-1	1,200000E+3	2,249412E-2
1,201562E+3	4,451037E-1	1,201562E+3	2,562518E-1	1,201562E+3	4,530648E-1	1,201562E+3	2,520753E-1	1,201562E+3	4,707145E-1	1,201562E+3	2,234544E-1	1,201562E+3	5,200894E-1	1,201562E+3	1,613370E-1	1,201562E+3	5,781651E-1	1,201562E+3	9,758729E-2	1,201562E+3	6,010936E-1	1,201562E+3	5,994222E-2	1,201562E+3	6,159559E-1	1,201562E+3	2,400804E-2
1,203125E+3	4,478323E-1	1,203125E+3	2,587994E-1	1,203125E+3	4,564847E-1	1,203125E+3	2,549656E-1	1,203125E+3	4,745202E-1	1,203125E+3	2,242102E-1	1,203125E+3	5,231491E-1	1,203125E+3	1,654646E-1	1,203125E+3	5,809306E-1	1,203125E+3	9,740049E-2	1,203125E+3	5,997718E-1	1,203125E+3	6,137909E-2	1,203125E+3	6,185179E-1	1,203125E+3	2,370205E-2
1,204687E+3	4,549029E-1	1,204687E+3	2,612965E-1	1,204687E+3	4,608208E-1	1,204687E+3	2,572356E-1	1,204687E+3	4,793455E-1	1,204687E+3	2,276521E-1	1,204687E+3	5,257854E-1	1,204687E+3	1,683978E-1	1,204687E+3	5,815161E-1	1,204687E+3	9,405986E-2	1,204687E+3	5,999398E-1	1,204687E+3	5,856421E-2	1,204687E+3	6,163641E-1	1,204687E+3	1,705129E-2
1,206250E+3	4,619781E-1	1,206250E+3	2,632035E-1	1,206250E+3	4,644142E-1	1,206250E+3	2,574840E-1	1,206250E+3	4,804383E-1	1,206250E+3	2,299006E-1	1,206250E+3	5,246091E-1	1,206250E+3	1,657609E-1	1,206250E+3	5,809377E-1	1,206250E+3	9,271404E-2	1,206250E+3	6,006210E-1	1,206250E+3	5,608928E-2	1,206250E+3	6,183994E-1	1,206250E+3	1,655992E-2
1,207812E+3	4,618928E-1	1,207812E+3	2,666198E-1	1,207812E+3	4,702372E-1	1,207812E+3	2,619775E-1	1,207812E+3	4,830315E-1	1,207812E+3	2,321652E-1	1,207812E+3	5,285339E-1	1,207812E+3	1,654556E-1	1,207812E+3	5,798173E-1	1,207812E+3	9,735533E-2	1,207812E+3	5,998175E-1	1,207812E+3	5,464094E-2	1,207812E+3	6,174119E-1	1,207812E+3	2,244854E-2
1,209375E+3	4,667006E-1	1,209375E+3	2,665883E-1	1,209375E+3	4,729698E-1	1,209375E+3	2,660396E-1	1,209375E+3	4,869809E-1	1,209375E+3	2,351122E-1	1,209375E+3	5,299401E-1	1,209375E+3	1,645838E-1	1,209375E+3	5,844369E-1	1,209375E+3	9,649179E-2	1,209375E+3	6,011302E-1	1,209375E+3	5,741815E-2	1,209375E+3	6,205934E-1	1,209375E+3	2,204829E-2
1,210937E+3	4,713658E-1	1,210937E+3	2,681344E-1	1,210937E+3	4,784346E-1	1,210937E+3	2,663974E-1	1,210937E+3	4,898143E-1	1,210937E+3	2,350404E-1	1,210937E+3	5,321064E-1	1,210937E+3	1,673755E-1	1,210937E+3	5,834105E-1	1,210937E+3	9,723554E-2	1,210937E+3	6,031163E-1	1,210937E+3	5,714309E-2	1,210937E+3	6,210436E-1	1,210937E+3	2,347387E-2
1,212500E+3	4,731595E-1	1,212500E+3	2,700418E-1	1,212500E+3	4,834693E-1	1,212500E+3	2,663537E-1	1,212500E+3	4,954203E-1	1,212500E+3	2,359563E-1	1,212500E+3	5,315781E-1	1,212500E+3	1,680865E-1	1,212500E+3	5,815924E-1	1,212500E+3	9,975997E-2	1,212500E+3	6,059724E-1	1,212500E+3	5,811169E-2	1,212500E+3	6,217166E-1	1,212500E+3	2,053612E-2
1,214062E+3	4,797087E-1	1,214062E+3	2,718005E-1	1,214062E+3	4,856537E-1	1,214062E+3	2,693003E-1	1,214062E+3	4,970910E-1	1,214062E+3	2,398685E-1	1,214062E+3	5,350001E-1	1,214062E+3	1,716702E-1	1,214062E+3	5,827089E-1	1,214062E+3	9,772818E-2	1,214062E+3	6,018669E-1	1,214062E+3	5,743641E-2	1,214062E+3	6,201419E-1	1,214062E+3	1,581542E-2
1,215625E+3	4,830589E-1	1,215625E+3	2,736305E-1	1,215625E+3	4,877405E-1	1,215625E+3	2,708816E-1	1,215625E+3	5,007453E-1	1,215625E+3	2,394924E-1	1,215625E+3	5,376516E-1	1,215625E+3	1,707612E-1	1,215625E+3	5,835503E-1	1,215625E+3	9,256622E-2	1,215625E+3	5,983079E-1	1,215625E+3	5,396948E-2	1,215625E+3	6,182088E-1	1,215625E+3	1,814963E-2
1,217187E+3	4,851377E-1	1,217187E+3	2,748454E-1	1,217187E+3	4,942406E-1	1,217187E+3	2,709297E-1	1,217187E+3	5,032736E-1	1,217187E+3	2,399930E-1	1,217187E+3	5,408593E-1	1,217187E+3	1,724338E-1	1,217187E+3	5,850587E-1	1,217187E+3	9,389779E-2	1,217187E+3	6,016243E-1	1,217187E+3	5,232417E-2	1,217187E+3	6,188756E-1	1,217187E+3	1,873621E-2
1,218750E+3	4,908453E-1	1,218750E+3	2,773484E-1	1,218750E+3	4,974937E-1	1,218750E+3	2,736580E-1	1,218750E+3	5,074126E-1	1,218750E+3	2,427528E-1	1,218750E+3	5,436576E-1	1,218750E+3	1,723105E-1	1,218750E+3	5,875160E-1	1,218750E+3	9,360544E-2	1,218750E+3	6,024525E-1	1,218750E+3	5,511634E-2	1,218750E+3	6,182041E-1	1,218750E+3	1,896462E-2
1,220312E+3	4,963435E-1	1,220312E+3	2,788324E-1	1,220312E+3	5,046486E-1	1,220312E+3	2,746902E-1	1,220312E+3	5,119432E-1	1,220312E+3	2,448884E-1	1,220312E+3	5,413975E-1	1,220312E+3	1,757765E-1	1,220312E+3	5,860821E-1	1,220312E+3	9,671607E-2	1,220312E+3	6,020024E-1	1,220312E+3	5,393428E-2	1,220312E+3	6,211676E-1	1,220312E+3	1,891755E-2
1,221875E+3	5,008853E-1	1,221875E+3	2,781397E-1	1,221875E+3	5,064652E-1	1,221875E+3	2,763945E-1	1,221875E+3	5,154569E-1	1,221875E+3	2,470450E-1	1,221875E+3	5,443741E-1	1,221875E+3	1,765759E-1	1,221875E+3	5,843075E-1	1,221875E+3	9,997402E-2	1,221875E+3	6,037397E-1	1,221875E+3	5,488503E-2	1,221875E+3	6,213306E-1	1,221875E+3	1,896132E-2
1,223437E+3	5,051042E-1	1,223437E+3	2,797985E-1	1,223437E+3	5,092005E-1	1,223437E+3	2,764514E-1	1,223437E+3	5,191449E-1	1,223437E+3	2,458569E-1	1,223437E+3	5,493300E-1	1,223437E+3	1,764127E-1	1,223437E+3	5,883232E-1	1,223437E+3	9,887817E-2	1,223437E+3	6,041741E-1	1,223437E+3	5,519042E-2	1,223437E+3	6,204547E-1	1,223437E+3	1,947076E-2
1,225000E+3	5,098023E-1	1,225000E+3	2,821683E-1	1,225000E+3	5,157124E-1	1,225000E+3	2,772453E-1	1,225000E+3	5,216153E-1	1,225000E+3	2,475710E-1	1,225000E+3	5,519703E-1	1,225000E+3	1,762259E-1	1,225000E+3	5,907445E-1	1,225000E+3	9,701805E-2	1,225000E+3	6,036549E-1	1,225000E+3	5,423713E-2	1,225000E+3	6,204396E-1	1,225000E+3	2,265966E-2
1,226562E+3	5,146754E-1	1,226562E+3	2,838149E-1	1,226562E+3	5,198283E-1	1,226562E+3	2,788052E-1	1,226562E+3	5,231052E-1	1,226562E+3	2,492218E-1	1,226562E+3	5,508647E-1	1,226562E+3	1,802944E-1	1,226562E+3	5,899402E-1	1,226562E+3	9,551202E-2	1,226562E+3	6,030555E-1	1,226562E+3	5,625908E-2	1,226562E+3	6,201177E-1	1,226562E+3	2,208351E-2
1,228125E+3	5,173696E-1	1,228125E+3	2,846891E-1	1,228125E+3	5,214429E-1	1,228125E+3	2,793285E-1	1,228125E+3	5,273376E-1	1,228125E+3	2,506784E-1	1,228125E+3	5,521681E-1	1,228125E+3	1,810265E-1	1,228125E+3	5,894260E-1	1,228125E+3	9,692179E-2	1,228125E+3	6,058680E-1	1,228125E+3	5,476711E-2	1,228125E+3	6,199370E-1	1,228125E+3	1,984833E-2
1,229687E+3	5,236322E-1	1,229687E+3	2,845158E-1	1,229687E+3	5,271719E-1	1,229687E+3	2,772939E-1	1,229687E+3	5,328034E-1	1,229687E+3	2,478268E-1	1,229687E+3	5,521147E-1	1,229687E+3	1,789871E-1	1,229687E+3	5,935459E-1	1,229687E+3	9,601190E-2	1,229687E+3	6,057774E-1	1,229687E+3	5,188432E-2	1,229687E+3	6,196659E-1	1,229687E+3	2,231977E-2
1,231250E+3	5,262075E-1	1,231250E+3	2,854819E-1	1,231250E+3	5,321374E-1	1,231250E+3	2,797078E-1	1,231250E+3	5,352252E-1	1,231250E+3	2,502987E-1	1,231250E+3	5,569487E-1	1,231250E+3	1,796781E-1	1,231250E+3	5,891251E-1	1,231250E+3	9,855296E-2	1,231250E+3	6,078693E-1	1,231250E+3	5,310299E-2	1,231250E+3	6,226464E-1	1,231250E+3	1,977796E-2
1,232812E+3	5,303790E-1	1,232812E+3	2,849192E-1	1,232812E+3	5,359047E-1	1,232812E+3	2,814569E-1	1,232812E+3	5,388019E-1	1,232812E+3	2,516007E-1	1,232812E+3	5,589539E-1	1,232812E+3	1,815917E-1	1,232812E+3	5,897449E-1	1,232812E+3	9,729019E-2	1,232812E+3	6,077459E-1	1,232812E+3	5,427880E-2	1,232812E+3	6,234865E-1	1,232812E+3	1,881978E-2
1,234375E+3	5,330656E-1	1,234375E+3	2,843249E-1	1,234375E+3	5,390798E-1	1,234375E+3	2,810940E-1	1,234375E+3	5,440184E-1	1,234375E+3	2,518804E-1	1,234375E+3	5,605679E-1	1,234375E+3	1,780572E-1	1,234375E+3	5,914652E-1	1,234375E+3	9,464036E-2	1,234375E+3	6,103062E-1	1,234375E+3	5,339994E-2	1,234375E+3	6,228664E-1	1,234375E+3	1,673570E-2
1,235937E+3	5,397354E-1	1,235937E+3	2,849427E-1	1,235937E+3	5,431922E-1	1,235937E+3	2,806516E-1	1,235937E+3	5,473764E-1	1,235937E+3	2,537568E-1	1,235937E+3	5,629798E-1	1,235937E+3	1,816025E-1	1,235937E+3	5,925377E-1	1,235937E+3	1,004349E-1	1,235937E+3	6,126484E-1	1,235937E+3	5,152564E-2	1,235937E+3	6,237232E-1	1,235937E+3	1,798658E-2
1,237500E+3	5,437563E-1	1,237500E+3	2,844400E-1	1,237500E+3	5,486719E-1	1,237500E+3	2,811798E-1	1,237500E+3	5,489536E-1	1,237500E+3	2,537510E-1	1,237500E+3	5,687074E-1	1,237500E+3	1,839280E-1	1,237500E+3	5,960185E-1	1,237500E+3	1,012791E-1	1,237500E+3	6,087676E-1	1,237500E+3	5,401683E-2	1,237500E+3	6,198462E-1	1,237500E+3	2,078788E-2
1,239062E+3	5,480052E-1	1,239062E+3	2,853749E-1	1,239062E+3	5,513481E-1	1,239062E+3	2,812007E-1	1,239062E+3	5,524730E-1	1,239062E+3	2,535408E-1	1,239062E+3	5,700115E-1	1,239062E+3	1,855955E-1	1,239062E+3	5,955785E-1	1,239062E+3	9,665857E-2	1,239062E+3	6,121736E-1	1,239062E+3	5,531517E-2	1,239062E+3	6,213565E-1	1,239062E+3	1,799746E-2
1,240625E+3	5,529972E-1	1,240625E+3	2,864374E-1	1,240625E+3	5,550247E-1	1,240625E+3	2,809785E-1	1,240625E+3	5,580097E-1	1,240625E+3	2,532296E-1	1,240625E+3	5,698380E-1	1,240625E+3	1,811223E-1	1,240625E+3	5,982546E-1	1,240625E+3	1,020649E-1	1,240625E+3	6,094558E-1	1,240625E+3	5,190868E-2	1,240625E+3	6,230150E-1	1,240625E+3	1,376546E-2
1,242187E+3	5,555372E-1	1,242187E+3	2,866729E-1	1,242187E+3	5,605933E-1	1,242187E+3	2,822680E-1	1,242187E+3	5,612664E-1	1,242187E+3	2,534955E-1	1,242187E+3	5,723889E-1	1,242187E+3	1,842601E-1	1,242187E+3	5,971732E-1	1,242187E+3	9,892946E-2	1,242187E+3	6,046953E-1	1,242187E+3	5,263714E-2	1,242187E+3	6,241607E-1	1,242187E+3	1,625162E-2
1,243750E+3	5,605581E-1	1,243750E+3	2,885179E-1	1,243750E+3	5,647104E-1	1,243750E+3	2,834335E-1	1,243750E+3	5,638185E-1	1,243750E+3	2,541003E-1	1,243750E+3	5,744889E-1	1,243750E+3	1,851346E-1	1,243750E+3	5,984486E-1	1,243750E+3	9,778134E-2	1,243750E+3	6,102106E-1	1,243750E+3	5,344757E-2	1,243750E+3	6,235287E-1	1,243750E+3	1,842717E-2
1,245312E+3	5,632857E-1	1,245312E+3	2,857653E-1	1,245312E+3	5,675085E-1	1,245312E+3	2,811903E-1	1,245312E+3	5,675629E-1	1,245312E+3	2,542001E-1	1,245312E+3	5,765614E-1	1,245312E+3	1,850031E-1	1,245312E+3	5,971464E-1	1,245312E+3	9,600535E-2	1,245312E+3	6,144143E-1	1,245312E+3	5,469376E-2	1,245312E+3	6,201220E-1	1,245312E+3	1,647174E-2
1,246875E+3	5,668851E-1	1,246875E+3	2,840372E-1	1,246875E+3	5,727360E-1	1,246875E+3	2,795448E-1	1,246875E+3	5,700538E-1	1,246875E+3	2,557878E-1	1,246875E+3	5,774803E-1	1,246875E+3	1,865084E-1	1,246875E+3	5,991405E-1	1,246875E+3	9,817159E-2	1,246875E+3	6,118391E-1	1,246875E+3	5,699489E-2	1,246875E+3	6,240818E-1	1,246875E+3	1,783655E-2
1,248437E+3	5,766621E-1	1,248437E+3	2,823625E-1	1,248437E+3	5,756200E-1	1,248437E+3	2,814257E-1	1,248437E+3	5,747384E-1	1,248437E+3	2,540093E-1	1,248437E+3	5,788670E-1	1,248437E+3	1,879265E-1	1,248437E+3	5,996085E-1	1,248437E+3	9,597622E-2	1,248437E+3	6,108254E-1	1,248437E+3	5,510555E-2	1,248437E+3	6,280416E-1	1,248437E+3	1,970602E-2
1,250000E+3	5,774517E-1	1,250000E+3	2,849954E-1	1,250000E+3	5,797924E-1	1,250000E+3	2,816754E-1	1,250000E+3	5,786788E-1	1,250000E+3	2,557852E-1	1,250000E+3	5,817454E-1	1,250000E+3	1,852320E-1	1,250000E+3	6,018118E-1	1,250000E+3	9,926056E-2	1,250000E+3	6,140082E-1	1,250000E+3	5,582294E-2	1,250000E+3	6,208943E-1	1,250000E+3	1,586487E-2
1,251562E+3	5,815097E-1	1,251562E+3	2,844857E-1	1,251562E+3	5,849842E-1	1,251562E+3	2,805036E-1	1,251562E+3	5,816102E-1	1,251562E+3	2,540450E-1	1,251562E+3	5,832167E-1	1,251562E+3	1,856171E-1	1,251562E+3	6,031315E-1	1,251562E+3	9,851606E-2	1,251562E+3	6,124801E-1	1,251562E+3	5,400779E-2	1,251562E+3	6,260207E-1	1,251562E+3	1,460371E-2
1,253125E+3	5,838098E-1	1,253125E+3	2,827979E-1	1,253125E+3	5,886585E-1	1,253125E+3	2,793955E-1	1,253125E+3	5,827032E-1	1,253125E+3	2,544712E-1	1,253125E+3	5,884184E-1	1,253125E+3	1,874445E-1	1,253125E+3	6,051480E-1	1,253125E+3	1,005823E-1	1,253125E+3	6,120814E-1	1,253125E+3	4,912214E-2	1,253125E+3	6,273674E-1	1,253125E+3	1,627394E-2
1,254687E+3	5,896131E-1	1,254687E+3	2,817148E-1	1,254687E+3	5,933753E-1	1,254687E+3	2,792573E-1	1,254687E+3	5,880568E-1	1,254687E+3	2,525387E-1	1,254687E+3	5,903620E-1	1,254687E+3	1,854523E-1	1,254687E+3	6,047927E-1	1,254687E+3	9,830207E-2	1,254687E+3	6,117221E-1	1,254687E+3	4,900324E-2	1,254687E+3	6,257370E-1	1,254687E+3	1,027288E-2
1,256250E+3	5,920980E-1	1,256250E+3	2,846334E-1	1,256250E+3	5,953877E-1	1,256250E+3	2,806036E-1	1,256250E+3	5,925859E-1	1,256250E+3	2,522780E-1	1,256250E+3	5,885331E-1	1,256250E+3	1,889080E-1	1,256250E+3	6,074839E-1	1,256250E+3	9,823946E-2	1,256250E+3	6,112311E-1	1,256250E+3	5,188587E-2	1,256250E+3	6,230833E-1	1,256250E+3	1,068511E-2
1,257812E+3	6,043700E-1	1,257812E+3	2,736458E-1	1,257812E+3	6,008840E-1	1,257812E+3	2,772125E-1	1,257812E+3	5,958290E-1	1,257812E+3	2,542902E-1	1,257812E+3	5,896624E-1	1,257812E+3	1,870352E-1	1,257812E+3	6,075512E-1	1,257812E+3	9,474104E-2	1,257812E+3	6,099038E-1	1,257812E+3	5,454478E-2	1,257812E+3	6,234527E-1	1,257812E+3	1,617204E-2
1,259375E+3	6,063693E-1	1,259375E+3	2,753027E-1	1,259375E+3	6,059707E-1	1,259375E+3	2,736305E-1	1,259375E+3	5,983622E-1	1,259375E+3	2,528571E-1	1,259375E+3	5,940304E-1	1,259375E+3	1,843165E-1	1,259375E+3	6,033693E-1	1,259375E+3	9,690320E-2	1,259375E+3	6,150177E-1	1,259375E+3	5,235375E-2	1,259375E+3	6,226464E-1	1,259375E+3	1,434807E-2
1,260937E+3	6,014142E-1	1,260937E+3	2,844997E-1	1,260937E+3	6,036707E-1	1,260937E+3	2,785956E-1	1,260937E+3	6,008414E-1	1,260937E+3	2,532907E-1	1,260937E+3	5,970665E-1	1,260937E+3	1,852627E-1	1,260937E+3	6,037229E-1	1,260937E+3	1,002165E-1	1,260937E+3	6,169213E-1	1,260937E+3	5,192184E-2	1,260937E+3	6,246805E-1	1,260937E+3	1,086473E-2
1,262500E+3	5,990858E-1	1,262500E+3	2,896386E-1	1,262500E+3	6,088133E-1	1,262500E+3	2,771505E-1	1,262500E+3	6,063535E-1	1,262500E+3	2,493618E-1	1,262500E+3	5,969169E-1	1,262500E+3	1,873388E-1	1,262500E+3	6,087885E-1	1,262500E+3	9,664494E-2	1,262500E+3	6,172099E-1	1,262500E+3	4,909744E-2	1,262500E+3	6,300029E-1	1,262500E+3	1,051865E-2
1,264062E+3	6,115784E-1	1,264062E+3	2,758237E-1	1,264062E+3	6,146763E-1	1,264062E+3	2,727369E-1	1,264062E+3	6,089721E-1	1,264062E+3	2,482387E-1	1,264062E+3	5,989825E-1	1,264062E+3	1,852074E-1	1,264062E+3	6,131539E-1	1,264062E+3	9,641636E-2	1,264062E+3	6,182162E-1	1,264062E+3	4,932359E-2	1,264062E+3	6,327536E-1	1,264062E+3	1,269153E-2
1,265625E+3	6,156241E-1	1,265625E+3	2,765726E-1	1,265625E+3	6,177486E-1	1,265625E+3	2,739602E-1	1,265625E+3	6,119121E-1	1,265625E+3	2,494546E-1	1,265625E+3	6,047455E-1	1,265625E+3	1,851769E-1	1,265625E+3	6,126880E-1	1,265625E+3	9,599437E-2	1,265625E+3	6,173073E-1	1,265625E+3	5,210259E-2	1,265625E+3	6,260410E-1	1,265625E+3	1,568235E-2
1,267187E+3	6,192808E-1	1,267187E+3	2,757554E-1	1,267187E+3	6,217405E-1	1,267187E+3	2,726082E-1	1,267187E+3	6,155887E-1	1,267187E+3	2,496889E-1	1,267187E+3	6,073164E-1	1,267187E+3	1,860217E-1	1,267187E+3	6,119732E-1	1,267187E+3	9,379494E-2	1,267187E+3	6,167909E-1	1,267187E+3	4,812386E-2	1,267187E+3	6,280478E-1	1,267187E+3	1,822121E-2
1,268750E+3	6,227982E-1	1,268750E+3	2,746698E-1	1,268750E+3	6,240715E-1	1,268750E+3	2,704200E-1	1,268750E+3	6,196265E-1	1,268750E+3	2,488740E-1	1,268750E+3	6,083980E-1	1,268750E+3	1,851301E-1	1,268750E+3	6,105687E-1	1,268750E+3	9,232715E-2	1,268750E+3	6,196125E-1	1,268750E+3	4,628357E-2	1,268750E+3	6,335084E-1	1,268750E+3	1,539164E-2
1,270312E+3	6,275014E-1	1,270312E+3	2,739268E-1	1,270312E+3	6,294082E-1	1,270312E+3	2,697826E-1	1,270312E+3	6,239505E-1	1,270312E+3	2,450836E-1	1,270312E+3	6,106395E-1	1,270312E+3	1,847911E-1	1,270312E+3	6,093910E-1	1,270312E+3	9,160066E-2	1,270312E+3	6,151832E-1	1,270312E+3	4,577001E-2	1,270312E+3	6,336134E-1	1,270312E+3	8,175944E-3
1,271875E+3	6,274720E-1	1,271875E+3	2,736402E-1	1,271875E+3	6,319315E-1	1,271875E+3	2,688697E-1	1,271875E+3	6,265134E-1	1,271875E+3	2,467311E-1	1,271875E+3	6,115047E-1	1,271875E+3	1,860222E-1	1,271875E+3	6,120172E-1	1,271875E+3	9,425993E-2	1,271875E+3	6,178960E-1	1,271875E+3	4,603765E-2	1,271875E+3	6,304006E-1	1,271875E+3	9,508747E-3
1,273437E+3	6,317064E-1	1,273437E+3	2,701750E-1	1,273437E+3	6,339711E-1	1,273437E+3	2,677941E-1	1,273437E+3	6,260365E-1	1,273437E+3	2,458044E-1	1,273437E+3	6,161596E-1	1,273437E+3	1,844018E-1	1,273437E+3	6,151970E-1	1,273437E+3	9,615372E-2	1,273437E+3	6,187064E-1	1,273437E+3	4,422753E-2	1,273437E+3	6,279173E-1	1,273437E+3	9,397655E-3
1,275000E+3	6,364765E-1	1,275000E+3	2,708301E-1	1,275000E+3	6,387217E-1	1,275000E+3	2,634864E-1	1,275000E+3	6,299235E-1	1,275000E+3	2,443213E-1	1,275000E+3	6,199150E-1	1,275000E+3	1,869208E-1	1,275000E+3	6,157754E-1	1,275000E+3	9,577125E-2	1,275000E+3	6,185259E-1	1,275000E+3	4,424534E-2	1,275000E+3	6,239602E-1	1,275000E+3	1,285959E-2
1,276562E+3	6,408746E-1	1,276562E+3	2,714139E-1	1,276562E+3	6,417463E-1	1,276562E+3	2,644549E-1	1,276562E+3	6,342304E-1	1,276562E+3	2,433001E-1	1,276562E+3	6,210697E-1	1,276562E+3	1,842848E-1	1,276562E+3	6,175855E-1	1,276562E+3	9,252118E-2	1,276562E+3	6,184012E-1	1,276562E+3	4,741868E-2	1,276562E+3	6,278819E-1	1,276562E+3	7,982953E-3
1,278125E+3	6,444099E-1	1,278125E+3	2,682721E-1	1,278125E+3	6,439038E-1	1,278125E+3	2,633897E-1	1,278125E+3	6,354139E-1	1,278125E+3	2,433976E-1	1,278125E+3	6,203034E-1	1,278125E+3	1,841308E-1	1,278125E+3	6,192861E-1	1,278125E+3	9,116011E-2	1,278125E+3	6,158002E-1	1,278125E+3	4,429900E-2	1,278125E+3	6,314269E-1	1,278125E+3	7,868538E-3
1,279687E+3	6,479600E-1	1,279687E+3	2,660868E-1	1,279687E+3	6,461810E-1	1,279687E+3	2,624459E-1	1,279687E+3	6,379487E-1	1,279687E+3	2,438511E-1	1,279687E+3	6,240394E-1	1,279687E+3	1,850266E-1	1,279687E+3	6,231688E-1	1,279687E+3	9,494492E-2	1,279687E+3	6,205334E-1	1,279687E+3	4,916534E-2	1,279687E+3	6,335944E-1	1,279687E+3	5,261275E-3
1,281250E+3	6,506556E-1	1,281250E+3	2,659328E-1	1,281250E+3	6,526427E-1	1,281250E+3	2,595618E-1	1,281250E+3	6,444202E-1	1,281250E+3	2,416294E-1	1,281250E+3	6,270786E-1	1,281250E+3	1,847780E-1	1,281250E+3	6,244455E-1	1,281250E+3	9,772156E-2	1,281250E+3	6,247662E-1	1,281250E+3	4,926598E-2	1,281250E+3	6,353927E-1	1,281250E+3	7,421042E-3
1,282812E+3	6,538613E-1	1,282812E+3	2,669516E-1	1,282812E+3	6,525161E-1	1,282812E+3	2,594241E-1	1,282812E+3	6,482401E-1	1,282812E+3	2,391642E-1	1,282812E+3	6,276952E-1	1,282812E+3	1,831879E-1	1,282812E+3	6,250875E-1	1,282812E+3	9,291927E-2	1,282812E+3	6,229548E-1	1,282812E+3	4,790290E-2	1,282812E+3	6,316721E-1	1,282812E+3	1,117524E-2
1,284375E+3	6,575902E-1	1,284375E+3	2,637818E-1	1,284375E+3	6,567943E-1	1,284375E+3	2,567347E-1	1,284375E+3	6,498523E-1	1,284375E+3	2,350352E-1	1,284375E+3	6,310721E-1	1,284375E+3	1,825926E-1	1,284375E+3	6,230498E-1	1,284375E+3	9,075477E-2	1,284375E+3	6,227363E-1	1,284375E+3	4,718088E-2	1,284375E+3	6,284993E-1	1,284375E+3	1,139698E-2
1,285937E+3	6,593533E-1	1,285937E+3	2,612242E-1	1,285937E+3	6,593231E-1	1,285937E+3	2,538140E-1	1,285937E+3	6,506556E-1	1,285937E+3	2,351558E-1	1,285937E+3	6,345385E-1	1,285937E+3	1,797500E-1	1,285937E+3	6,264905E-1	1,285937E+3	9,455856E-2	1,285937E+3	6,267445E-1	1,285937E+3	4,289596E-2	1,285937E+3	6,306248E-1	1,285937E+3	7,290439E-3
1,287500E+3	6,617250E-1	1,287500E+3	2,605084E-1	1,287500E+3	6,638259E-1	1,287500E+3	2,543011E-1	1,287500E+3	6,547045E-1	1,287500E+3	2,366876E-1	1,287500E+3	6,341831E-1	1,287500E+3	1,781837E-1	1,287500E+3	6,273906E-1	1,287500E+3	9,811819E-2	1,287500E+3	6,241139E-1	1,287500E+3	4,767760E-2	1,287500E+3	6,310040E-1	1,287500E+3	6,636837E-3
1,289062E+3	6,667262E-1	1,289062E+3	2,585180E-1	1,289062E+3	6,666843E-1	1,289062E+3	2,536925E-1	1,289062E+3	6,573597E-1	1,289062E+3	2,357075E-1	1,289062E+3	6,366101E-1	1,289062E+3	1,772488E-1	1,289062E+3	6,240471E-1	1,289062E+3	9,350955E-2	1,289062E+3	6,226652E-1	1,289062E+3	4,354346E-2	1,289062E+3	6,284020E-1	1,289062E+3	6,106688E-3
1,290625E+3	6,713871E-1	1,290625E+3	2,546342E-1	1,290625E+3	6,696590E-1	1,290625E+3	2,505245E-1	1,290625E+3	6,598624E-1	1,290625E+3	2,339427E-1	1,290625E+3	6,388214E-1	1,290625E+3	1,787288E-1	1,290625E+3	6,264406E-1	1,290625E+3	9,163903E-2	1,290625E+3	6,251239E-1	1,290625E+3	4,402256E-2	1,290625E+3	6,309662E-1	1,290625E+3	6,293710E-3
1,292187E+3	6,720527E-1	1,292187E+3	2,546652E-1	1,292187E+3	6,718819E-1	1,292187E+3	2,486969E-1	1,292187E+3	6,661268E-1	1,292187E+3	2,328744E-1	1,292187E+3	6,402485E-1	1,292187E+3	1,807672E-1	1,292187E+3	6,258632E-1	1,292187E+3	9,018942E-2	1,292187E+3	6,268352E-1	1,292187E+3	4,397981E-2	1,292187E+3	6,354263E-1	1,292187E+3	5,280071E-3
1,293750E+3	6,742719E-1	1,293750E+3	2,534206E-1	1,293750E+3	6,741411E-1	1,293750E+3	2,491046E-1	1,293750E+3	6,676494E-1	1,293750E+3	2,310861E-1	1,293750E+3	6,445176E-1	1,293750E+3	1,779146E-1	1,293750E+3	6,239301E-1	1,293750E+3	9,230828E-2	1,293750E+3	6,268143E-1	1,293750E+3	4,584847E-2	1,293750E+3	6,370280E-1	1,293750E+3	9,240350E-3
1,295312E+3	6,789143E-1	1,295312E+3	2,484566E-1	1,295312E+3	6,783144E-1	1,295312E+3	2,456068E-1	1,295312E+3	6,693099E-1	1,295312E+3	2,258544E-1	1,295312E+3	6,465205E-1	1,295312E+3	1,737946E-1	1,295312E+3	6,264176E-1	1,295312E+3	9,296755E-2	1,295312E+3	6,292168E-1	1,295312E+3	4,464926E-2	1,295312E+3	6,362788E-1	1,295312E+3	7,218518E-3
1,296875E+3	6,807390E-1	1,296875E+3	2,490690E-1	1,296875E+3	6,814325E-1	1,296875E+3	2,450994E-1	1,296875E+3	6,697526E-1	1,296875E+3	2,262532E-1	1,296875E+3	6,477010E-1	1,296875E+3	1,746362E-1	1,296875E+3	6,273990E-1	1,296875E+3	8,277689E-2	1,296875E+3	6,288599E-1	1,296875E+3	4,155620E-2	1,296875E+3	6,353518E-1	1,296875E+3	5,241723E-3
1,298437E+3	6,843054E-1	1,298437E+3	2,461571E-1	1,298437E+3	6,855193E-1	1,298437E+3	2,396181E-1	1,298437E+3	6,759513E-1	1,298437E+3	2,264427E-1	1,298437E+3	6,470038E-1	1,298437E+3	1,757923E-1	1,298437E+3	6,264900E-1	1,298437E+3	8,599889E-2	1,298437E+3	6,293827E-1	1,298437E+3	4,479698E-2	1,298437E+3	6,339711E-1	1,298437E+3	7,154164E-3
1,300000E+3	6,852089E-1	1,300000E+3	2,466647E-1	1,300000E+3	6,868691E-1	1,300000E+3	2,385801E-1	1,300000E+3	6,776351E-1	1,300000E+3	2,241954E-1	1,300000E+3	6,467150E-1	1,300000E+3	1,740569E-1	1,300000E+3	6,285913E-1	1,300000E+3	8,613224E-2	1,300000E+3	6,287124E-1	1,300000E+3	4,508532E-2	1,300000E+3	6,306058E-1	1,300000E+3	8,144885E-3
1,301562E+3	6,928699E-1	1,301562E+3	2,406423E-1	1,301562E+3	6,883810E-1	1,301562E+3	2,367726E-1	1,301562E+3	6,773558E-1	1,301562E+3	2,222551E-1	1,301562E+3	6,523169E-1	1,301562E+3	1,694746E-1	1,301562E+3	6,322392E-1	1,301562E+3	8,722730E-2	1,301562E+3	6,295211E-1	1,301562E+3	4,474466E-2	1,301562E+3	6,356491E-1	1,301562E+3	7,952421E-3
1,303125E+3	6,920026E-1	1,303125E+3	2,390965E-1	1,303125E+3	6,920521E-1	1,303125E+3	2,365374E-1	1,303125E+3	6,798683E-1	1,303125E+3	2,185688E-1	1,303125E+3	6,528124E-1	1,303125E+3	1,702120E-1	1,303125E+3	6,333515E-1	1,303125E+3	8,800724E-2	1,303125E+3	6,304941E-1	1,303125E+3	4,150604E-2	1,303125E+3	6,351224E-1	1,303125E+3	6,498497E-3
1,304687E+3	6,951604E-1	1,304687E+3	2,354943E-1	1,304687E+3	6,952129E-1	1,304687E+3	2,357697E-1	1,304687E+3	6,843397E-1	1,304687E+3	2,185481E-1	1,304687E+3	6,564240E-1	1,304687E+3	1,663665E-1	1,304687E+3	6,360794E-1	1,304687E+3	8,663534E-2	1,304687E+3	6,348033E-1	1,304687E+3	4,165500E-2	1,304687E+3	6,338236E-1	1,304687E+3	3,849687E-3
1,306250E+3	6,988195E-1	1,306250E+3	2,377217E-1	1,306250E+3	6,975056E-1	1,306250E+3	2,326999E-1	1,306250E+3	6,861933E-1	1,306250E+3	2,192642E-1	1,306250E+3	6,572739E-1	1,306250E+3	1,655097E-1	1,306250E+3	6,357004E-1	1,306250E+3	8,467516E-2	1,306250E+3	6,315522E-1	1,306250E+3	4,006976E-2	1,306250E+3	6,392055E-1	1,306250E+3	4,818945E-3
1,307812E+3	6,999400E-1	1,307812E+3	2,329391E-1	1,307812E+3	6,996198E-1	1,307812E+3	2,299462E-1	1,307812E+3	6,884945E-1	1,307812E+3	2,177680E-1	1,307812E+3	6,650038E-1	1,307812E+3	1,681118E-1	1,307812E+3	6,371586E-1	1,307812E+3	8,639524E-2	1,307812E+3	6,302441E-1	1,307812E+3	4,263388E-2	1,307812E+3	6,359402E-1	1,307812E+3	8,342775E-3
1,309375E+3	7,046135E-1	1,309375E+3	2,300967E-1	1,309375E+3	7,021778E-1	1,309375E+3	2,294997E-1	1,309375E+3	6,911281E-1	1,309375E+3	2,151793E-1	1,309375E+3	6,622729E-1	1,309375E+3	1,669717E-1	1,309375E+3	6,374757E-1	1,309375E+3	8,523881E-2	1,309375E+3	6,263998E-1	1,309375E+3	3,993925E-2	1,309375E+3	6,352312E-1	1,309375E+3	7,878219E-3
1,310937E+3	7,033784E-1	1,310937E+3	2,312186E-1	1,310937E+3	7,045865E-1	1,310937E+3	2,267258E-1	1,310937E+3	6,927761E-1	1,310937E+3	2,125156E-1	1,310937E+3	6,665493E-1	1,310937E+3	1,659767E-1	1,310937E+3	6,376434E-1	1,310937E+3	8,504225E-2	1,310937E+3	6,318796E-1	1,310937E+3	3,972382E-2	1,310937E+3	6,419757E-1	1,310937E+3	4,713437E-3
1,312500E+3	7,059143E-1	1,312500E+3	2,296615E-1	1,312500E+3	7,074277E-1	1,312500E+3	2,244825E-1	1,312500E+3	6,964697E-1	1,312500E+3	2,102428E-1	1,312500E+3	6,675379E-1	1,312500E+3	1,664933E-1	1,312500E+3	6,373581E-1	1,312500E+3	8,368734E-2	1,312500E+3	6,365805E-1	1,312500E+3	4,080553E-2	1,312500E+3	6,386753E-1	1,312500E+3	1,501630E-3
1,314062E+3	7,128015E-1	1,314062E+3	2,239312E-1	1,314062E+3	7,094836E-1	1,314062E+3	2,236261E-1	1,314062E+3	6,988722E-1	1,314062E+3	2,086326E-1	1,314062E+3	6,701227E-1	1,314062E+3	1,637719E-1	1,314062E+3	6,369808E-1	1,314062E+3	8,591753E-2	1,314062E+3	6,367299E-1	1,314062E+3	3,774943E-2	1,314062E+3	6,385201E-1	1,314062E+3	2,063349E-3
1,315625E+3	7,110445E-1	1,315625E+3	2,229145E-1	1,315625E+3	7,118338E-1	1,315625E+3	2,212426E-1	1,315625E+3	7,002923E-1	1,315625E+3	2,069395E-1	1,315625E+3	6,711807E-1	1,315625E+3	1,636210E-1	1,315625E+3	6,388783E-1	1,315625E+3	8,535841E-2	1,315625E+3	6,349716E-1	1,315625E+3	3,866139E-2	1,315625E+3	6,387341E-1	1,315625E+3	2,776426E-3
1,317187E+3	7,114390E-1	1,317187E+3	2,222750E-1	1,317187E+3	7,143688E-1	1,317187E+3	2,169562E-1	1,317187E+3	7,035484E-1	1,317187E+3	2,025031E-1	1,317187E+3	6,695457E-1	1,317187E+3	1,628266E-1	1,317187E+3	6,434516E-1	1,317187E+3	8,551316E-2	1,317187E+3	6,344671E-1	1,317187E+3	3,833093E-2	1,317187E+3	6,400709E-1	1,317187E+3	3,863159E-3
1,318750E+3	7,185848E-1	1,318750E+3	2,125877E-1	1,318750E+3	7,165644E-1	1,318750E+3	2,151529E-1	1,318750E+3	7,066351E-1	1,318750E+3	2,034333E-1	1,318750E+3	6,710423E-1	1,318750E+3	1,602983E-1	1,318750E+3	6,440427E-1	1,318750E+3	8,224798E-2	1,318750E+3	6,324751E-1	1,318750E+3	3,752499E-2	1,318750E+3	6,396568E-1	1,318750E+3	5,844676E-3
1,320312E+3	7,184108E-1	1,320312E+3	2,178358E-1	1,320312E+3	7,190042E-1	1,320312E+3	2,137808E-1	1,320312E+3	7,080115E-1	1,320312E+3	2,004837E-1	1,320312E+3	6,761534E-1	1,320312E+3	1,592979E-1	1,320312E+3	6,426352E-1	1,320312E+3	8,368650E-2	1,320312E+3	6,323931E-1	1,320312E+3	3,752356E-2	1,320312E+3	6,396181E-1	1,320312E+3	3,977355E-3
1,321875E+3	7,208305E-1	1,321875E+3	2,257799E-1	1,321875E+3	7,207576E-1	1,321875E+3	2,128506E-1	1,321875E+3	7,109769E-1	1,321875E+3	1,989769E-1	1,321875E+3	6,775160E-1	1,321875E+3	1,589261E-1	1,321875E+3	6,416460E-1	1,321875E+3	8,009329E-2	1,321875E+3	6,360331E-1	1,321875E+3	3,880511E-2	1,321875E+3	6,400308E-1	1,321875E+3	2,722049E-4
1,323437E+3	7,222436E-1	1,323437E+3	2,156909E-1	1,323437E+3	7,226246E-1	1,323437E+3	2,078969E-1	1,323437E+3	7,127357E-1	1,323437E+3	1,967163E-1	1,323437E+3	6,800238E-1	1,323437E+3	1,586056E-1	1,323437E+3	6,446637E-1	1,323437E+3	7,774331E-2	1,323437E+3	6,362130E-1	1,323437E+3	3,703135E-2	1,323437E+3	6,404896E-1	1,323437E+3	-2,099341E-3
1,325000E+3	7,245546E-1	1,325000E+3	2,121191E-1	1,325000E+3	7,248280E-1	1,325000E+3	2,084717E-1	1,325000E+3	7,136950E-1	1,325000E+3	1,969436E-1	1,325000E+3	6,821983E-1	1,325000E+3	1,575066E-1	1,325000E+3	6,452060E-1	1,325000E+3	7,774820E-2	1,325000E+3	6,372350E-1	1,325000E+3	3,594071E-2	1,325000E+3	6,402131E-1	1,325000E+3	1,045255E-3
1,326562E+3	7,248335E-1	1,326562E+3	2,079819E-1	1,326562E+3	7,274629E-1	1,326562E+3	2,039018E-1	1,326562E+3	7,150393E-1	1,326562E+3	1,935385E-1	1,326562E+3	6,801007E-1	1,326562E+3	1,547050E-1	1,326562E+3	6,436495E-1	1,326562E+3	7,771653E-2	1,326562E+3	6,383044E-1	1,326562E+3	3,606842E-2	1,326562E+3	6,414268E-1	1,326562E+3	2,989795E-3
1,328125E+3	7,243833E-1	1,328125E+3	2,064247E-1	1,328125E+3	7,289194E-1	1,328125E+3	2,039295E-1	1,328125E+3	7,189505E-1	1,328125E+3	1,897900E-1	1,328125E+3	6,830180E-1	1,328125E+3	1,518073E-1	1,328125E+3	6,471620E-1	1,328125E+3	7,652856E-2	1,328125E+3	6,379394E-1	1,328125E+3	3,436689E-2	1,328125E+3	6,425232E-1	1,328125E+3	-3,908209E-3
1,329687E+3	7,284605E-1	1,329687E+3	2,041874E-1	1,329687E+3	7,318333E-1	1,329687E+3	2,009350E-1	1,329687E+3	7,190659E-1	1,329687E+3	1,913886E-1	1,329687E+3	6,878024E-1	1,329687E+3	1,514026E-1	1,329687E+3	6,510271E-1	1,329687E+3	7,688284E-2	1,329687E+3	6,362242E-1	1,329687E+3	3,654362E-2	1,329687E+3	6,410262E-1	1,329687E+3	-1,182427E-3
1,331250E+3	7,339490E-1	1,331250E+3	2,015895E-1	1,331250E+3	7,339220E-1	1,331250E+3	1,997107E-1	1,331250E+3	7,221258E-1	1,331250E+3	1,877179E-1	1,331250E+3	6,876729E-1	1,331250E+3	1,520696E-1	1,331250E+3	6,500963E-1	1,331250E+3	7,714631E-2	1,331250E+3	6,371280E-1	1,331250E+3	3,566938E-2	1,331250E+3	6,430924E-1	1,331250E+3	-8,076521E-5
1,332812E+3	7,339340E-1	1,332812E+3	2,016389E-1	1,332812E+3	7,365359E-1	1,332812E+3	1,986551E-1	1,332812E+3	7,250531E-1	1,332812E+3	1,844240E-1	1,332812E+3	6,892206E-1	1,332812E+3	1,509827E-1	1,332812E+3	6,499660E-1	1,332812E+3	7,731899E-2	1,332812E+3	6,394038E-1	1,332812E+3	3,441851E-2	1,332812E+3	6,441014E-1	1,332812E+3	-2,284899E-3
1,334375E+3	7,381487E-1	1,334375E+3	1,985029E-1	1,334375E+3	7,392095E-1	1,334375E+3	1,925575E-1	1,334375E+3	7,250407E-1	1,334375E+3	1,829697E-1	1,334375E+3	6,904576E-1	1,334375E+3	1,437726E-1	1,334375E+3	6,494257E-1	1,334375E+3	7,716791E-2	1,334375E+3	6,415380E-1	1,334375E+3	3,319499E-2	1,334375E+3	6,396379E-1	1,334375E+3	-2,613204E-3
1,335937E+3	7,396808E-1	1,335937E+3	1,989114E-1	1,335937E+3	7,381829E-1	1,335937E+3	1,928966E-1	1,335937E+3	7,265305E-1	1,335937E+3	1,817076E-1	1,335937E+3	6,935541E-1	1,335937E+3	1,456339E-1	1,335937E+3	6,505778E-1	1,335937E+3	7,822992E-2	1,335937E+3	6,403582E-1	1,335937E+3	3,347514E-2	1,335937E+3	6,383738E-1	1,335937E+3	5,522758E-4
1,337500E+3	7,408334E-1	1,337500E+3	1,937705E-1	1,337500E+3	7,419270E-1	1,337500E+3	1,877114E-1	1,337500E+3	7,291135E-1	1,337500E+3	1,786190E-1	1,337500E+3	6,955236E-1	1,337500E+3	1,418494E-1	1,337500E+3	6,529095E-1	1,337500E+3	7,490794E-2	1,337500E+3	6,393375E-1	1,337500E+3	3,144847E-2	1,337500E+3	6,400049E-1	1,337500E+3	-4,311175E-3
1,339062E+3	7,412170E-1	1,339062E+3	1,898545E-1	1,339062E+3	7,434322E-1	1,339062E+3	1,868160E-1	1,339062E+3	7,304949E-1	1,339062E+3	1,751408E-1	1,339062E+3	6,945011E-1	1,339062E+3	1,429893E-1	1,339062E+3	6,530089E-1	1,339062E+3	7,391597E-2	1,339062E+3	6,426071E-1	1,339062E+3	3,093168E-2	1,339062E+3	6,358407E-1	1,339062E+3	-6,990243E-3
1,340625E+3	7,438318E-1	1,340625E+3	1,864564E-1	1,340625E+3	7,454285E-1	1,340625E+3	1,847604E-1	1,340625E+3	7,325532E-1	1,340625E+3	1,769108E-1	1,340625E+3	6,966667E-1	1,340625E+3	1,434730E-1	1,340625E+3	6,525837E-1	1,340625E+3	7,198526E-2	1,340625E+3	6,423720E-1	1,340625E+3	3,285854E-2	1,340625E+3	6,423013E-1	1,340625E+3	-3,085691E-3
1,342187E+3	7,453680E-1	1,342187E+3	1,851994E-1	1,342187E+3	7,478877E-1	1,342187E+3	1,831962E-1	1,342187E+3	7,344970E-1	1,342187E+3	1,715661E-1	1,342187E+3	6,979322E-1	1,342187E+3	1,412495E-1	1,342187E+3	6,540535E-1	1,342187E+3	7,251692E-2	1,342187E+3	6,439410E-1	1,342187E+3	3,105926E-2	1,342187E+3	6,452180E-1	1,342187E+3	9,400964E-4
1,343750E+3	7,487976E-1	1,343750E+3	1,831099E-1	1,343750E+3	7,481526E-1	1,343750E+3	1,784115E-1	1,343750E+3	7,354317E-1	1,343750E+3	1,705308E-1	1,343750E+3	7,001970E-1	1,343750E+3	1,391386E-1	1,343750E+3	6,525735E-1	1,343750E+3	7,153542E-2	1,343750E+3	6,448152E-1	1,343750E+3	3,218531E-2	1,343750E+3	6,429838E-1	1,343750E+3	6,754530E-4
1,345312E+3	7,511544E-1	1,345312E+3	1,796033E-1	1,345312E+3	7,508237E-1	1,345312E+3	1,777789E-1	1,345312E+3	7,382988E-1	1,345312E+3	1,688297E-1	1,345312E+3	7,028086E-1	1,345312E+3	1,382874E-1	1,345312E+3	6,530469E-1	1,345312E+3	7,075740E-2	1,345312E+3	6,447629E-1	1,345312E+3	3,144623E-2	1,345312E+3	6,428395E-1	1,345312E+3	-5,915469E-4
1,346875E+3	7,536803E-1	1,346875E+3	1,749720E-1	1,346875E+3	7,515747E-1	1,346875E+3	1,749719E-1	1,346875E+3	7,407702E-1	1,346875E+3	1,653915E-1	1,346875E+3	7,051698E-1	1,346875E+3	1,348042E-1	1,346875E+3	6,542546E-1	1,346875E+3	6,844851E-2	1,346875E+3	6,425405E-1	1,346875E+3	2,997013E-2	1,346875E+3	6,409087E-1	1,346875E+3	-1,279485E-3
1,348437E+3	7,540229E-1	1,348437E+3	1,748714E-1	1,348437E+3	7,522459E-1	1,348437E+3	1,715603E-1	1,348437E+3	7,411240E-1	1,348437E+3	1,633879E-1	1,348437E+3	7,033105E-1	1,348437E+3	1,332176E-1	1,348437E+3	6,549083E-1	1,348437E+3	6,883459E-2	1,348437E+3	6,433202E-1	1,348437E+3	2,675454E-2	1,348437E+3	6,433577E-1	1,348437E+3	-9,027347E-4
1,350000E+3	7,547577E-1	1,350000E+3	1,708467E-1	1,350000E+3	7,534694E-1	1,350000E+3	1,694977E-1	1,350000E+3	7,425987E-1	1,350000E+3	1,601949E-1	1,350000E+3	7,048357E-1	1,350000E+3	1,311468E-1	1,350000E+3	6,587126E-1	1,350000E+3	6,890959E-2	1,350000E+3	6,440063E-1	1,350000E+3	2,865408E-2	1,350000E+3	6,469679E-1	1,350000E+3	-6,230125E-3
1,351562E+3	7,562324E-1	1,351562E+3	1,690670E-1	1,351562E+3	7,551160E-1	1,351562E+3	1,681526E-1	1,351562E+3	7,450326E-1	1,351562E+3	1,596684E-1	1,351562E+3	7,061589E-1	1,351562E+3	1,314292E-1	1,351562E+3	6,591754E-1	1,351562E+3	6,636068E-2	1,351562E+3	6,435667E-1	1,351562E+3	2,876751E-2	1,351562E+3	6,462847E-1	1,351562E+3	-4,892057E-3
1,353125E+3	7,596856E-1	1,353125E+3	1,678551E-1	1,353125E+3	7,599022E-1	1,353125E+3	1,669883E-1	1,353125E+3	7,454365E-1	1,353125E+3	1,591541E-1	1,353125E+3	7,098247E-1	1,353125E+3	1,297590E-1	1,353125E+3	6,594332E-1	1,353125E+3	6,627845E-2	1,353125E+3	6,436976E-1	1,353125E+3	2,765154E-2	1,353125E+3	6,463867E-1	1,353125E+3	-6,715564E-3
1,354687E+3	7,615766E-1	1,354687E+3	1,694965E-1	1,354687E+3	7,610944E-1	1,354687E+3	1,618351E-1	1,354687E+3	7,503390E-1	1,354687E+3	1,552510E-1	1,354687E+3	7,096427E-1	1,354687E+3	1,301174E-1	1,354687E+3	6,603719E-1	1,354687E+3	6,308679E-2	1,354687E+3	6,448278E-1	1,354687E+3	2,929885E-2	1,354687E+3	6,478834E-1	1,354687E+3	-4,269593E-3
1,356250E+3	7,609455E-1	1,356250E+3	1,659922E-1	1,356250E+3	7,623542E-1	1,356250E+3	1,621221E-1	1,356250E+3	7,497047E-1	1,356250E+3	1,535192E-1	1,356250E+3	7,113429E-1	1,356250E+3	1,281470E-1	1,356250E+3	6,619406E-1	1,356250E+3	6,707397E-2	1,356250E+3	6,428449E-1	1,356250E+3	2,679304E-2	1,356250E+3	6,436307E-1	1,356250E+3	-4,645727E-3
1,357812E+3	7,611349E-1	1,357812E+3	1,633564E-1	1,357812E+3	7,647035E-1	1,357812E+3	1,577907E-1	1,357812E+3	7,520143E-1	1,357812E+3	1,530474E-1	1,357812E+3	7,112111E-1	1,357812E+3	1,249146E-1	1,357812E+3	6,646947E-1	1,357812E+3	6,749779E-2	1,357812E+3	6,444684E-1	1,357812E+3	2,595991E-2	1,357812E+3	6,459499E-1	1,357812E+3	-9,003311E-3
1,359375E+3	7,663268E-1	1,359375E+3	1,585315E-1	1,359375E+3	7,634041E-1	1,359375E+3	1,554517E-1	1,359375E+3	7,525206E-1	1,359375E+3	1,465007E-1	1,359375E+3	7,126066E-1	1,359375E+3	1,229772E-1	1,359375E+3	6,630901E-1	1,359375E+3	6,520459E-2	1,359375E+3	6,478078E-1	1,359375E+3	2,418235E-2	1,359375E+3	6,441675E-1	1,359375E+3	-1,254679E-2
1,360937E+3	7,680704E-1	1,360937E+3	1,590001E-1	1,360937E+3	7,657569E-1	1,360937E+3	1,540316E-1	1,360937E+3	7,516956E-1	1,360937E+3	1,461144E-1	1,360937E+3	7,144281E-1	1,360937E+3	1,215945E-1	1,360937E+3	6,637905E-1	1,360937E+3	6,541970E-2	1,360937E+3	6,474066E-1	1,360937E+3	2,379171E-2	1,360937E+3	6,430035E-1	1,360937E+3	-7,024150E-3
1,362500E+3	7,699849E-1	1,362500E+3	1,563641E-1	1,362500E+3	7,676125E-1	1,362500E+3	1,518793E-1	1,362500E+3	7,555256E-1	1,362500E+3	1,434810E-1	1,362500E+3	7,171356E-1	1,362500E+3	1,211853E-1	1,362500E+3	6,664933E-1	1,362500E+3	6,563271E-2	1,362500E+3	6,459362E-1	1,362500E+3	2,502646E-2	1,362500E+3	6,449003E-1	1,362500E+3	-3,317624E-3
1,364062E+3	7,693867E-1	1,364062E+3	1,521031E-1	1,364062E+3	7,661500E-1	1,364062E+3	1,488714E-1	1,364062E+3	7,558269E-1	1,364062E+3	1,423833E-1	1,364062E+3	7,193280E-1	1,364062E+3	1,191083E-1	1,364062E+3	6,655031E-1	1,364062E+3	6,370746E-2	1,364062E+3	6,476268E-1	1,364062E+3	2,288020E-2	1,364062E+3	6,459731E-1	1,364062E+3	-8,471976E-3
1,365625E+3	7,713312E-1	1,365625E+3	1,481588E-1	1,365625E+3	7,682736E-1	1,365625E+3	1,469255E-1	1,365625E+3	7,577614E-1	1,365625E+3	1,390284E-1	1,365625E+3	7,203182E-1	1,365625E+3	1,191129E-1	1,365625E+3	6,613523E-1	1,365625E+3	5,940424E-2	1,365625E+3	6,493227E-1	1,365625E+3	2,023296E-2	1,365625E+3	6,454092E-1	1,365625E+3	-1,091302E-2
1,367187E+3	7,710825E-1	1,367187E+3	1,444479E-1	1,367187E+3	7,706357E-1	1,367187E+3	1,434211E-1	1,367187E+3	7,611506E-1	1,367187E+3	1,369229E-1	1,367187E+3	7,192408E-1	1,367187E+3	1,155774E-1	1,367187E+3	6,638679E-1	1,367187E+3	5,984975E-2	1,367187E+3	6,507860E-1	1,367187E+3	2,284095E-2	1,367187E+3	6,481342E-1	1,367187E+3	-6,588013E-3
1,368750E+3	7,731274E-1	1,368750E+3	1,448336E-1	1,368750E+3	7,729283E-1	1,368750E+3	1,426002E-1	1,368750E+3	7,603959E-1	1,368750E+3	1,336171E-1	1,368750E+3	7,212626E-1	1,368750E+3	1,135620E-1	1,368750E+3	6,690083E-1	1,368750E+3	5,642951E-2	1,368750E+3	6,453803E-1	1,368750E+3	2,268794E-2	1,368750E+3	6,444942E-1	1,368750E+3	-6,271697E-3
1,370312E+3	7,741658E-1	1,370312E+3	1,450281E-1	1,370312E+3	7,746287E-1	1,370312E+3	1,354383E-1	1,370312E+3	7,599861E-1	1,370312E+3	1,348183E-1	1,370312E+3	7,231904E-1	1,370312E+3	1,128552E-1	1,370312E+3	6,663119E-1	1,370312E+3	5,861526E-2	1,370312E+3	6,475848E-1	1,370312E+3	1,967040E-2	1,370312E+3	6,460899E-1	1,370312E+3	-6,005748E-3
1,371875E+3	7,717012E-1	1,371875E+3	1,427116E-1	1,371875E+3	7,743919E-1	1,371875E+3	1,381293E-1	1,371875E+3	7,620454E-1	1,371875E+3	1,319714E-1	1,371875E+3	7,244495E-1	1,371875E+3	1,105275E-1	1,371875E+3	6,688131E-1	1,371875E+3	5,782467E-2	1,371875E+3	6,489502E-1	1,371875E+3	1,989275E-2	1,371875E+3	6,483039E-1	1,371875E+3	-9,898520E-3
1,373437E+3	7,749758E-1	1,373437E+3	1,361243E-1	1,373437E+3	7,757481E-1	1,373437E+3	1,342491E-1	1,373437E+3	7,666887E-1	1,373437E+3	1,297166E-1	1,373437E+3	7,248753E-1	1,373437E+3	1,111491E-1	1,373437E+3	6,738084E-1	1,373437E+3	5,672936E-2	1,373437E+3	6,491770E-1	1,373437E+3	2,146930E-2	1,373437E+3	6,440544E-1	1,373437E+3	-1,110355E-2
1,375000E+3	7,765197E-1	1,375000E+3	1,334804E-1	1,375000E+3	7,764439E-1	1,375000E+3	1,338290E-1	1,375000E+3	7,649554E-1	1,375000E+3	1,258637E-1	1,375000E+3	7,277109E-1	1,375000E+3	1,079309E-1	1,375000E+3	6,686550E-1	1,375000E+3	5,314490E-2	1,375000E+3	6,487537E-1	1,375000E+3	1,674485E-2	1,375000E+3	6,450008E-1	1,375000E+3	-1,428533E-2
1,376562E+3	7,809513E-1	1,376562E+3	1,324337E-1	1,376562E+3	7,762384E-1	1,376562E+3	1,299722E-1	1,376562E+3	7,647435E-1	1,376562E+3	1,230745E-1	1,376562E+3	7,251116E-1	1,376562E+3	1,048573E-1	1,376562E+3	6,681108E-1	1,376562E+3	5,389558E-2	1,376562E+3	6,492504E-1	1,376562E+3	1,758622E-2	1,376562E+3	6,473163E-1	1,376562E+3	-1,229749E-2
1,378125E+3	7,783599E-1	1,378125E+3	1,233643E-1	1,378125E+3	7,789848E-1	1,378125E+3	1,252935E-1	1,378125E+3	7,675525E-1	1,378125E+3	1,213066E-1	1,378125E+3	7,279205E-1	1,378125E+3	1,017051E-1	1,378125E+3	6,694863E-1	1,378125E+3	5,273044E-2	1,378125E+3	6,523865E-1	1,378125E+3	1,748772E-2	1,378125E+3	6,471982E-1	1,378125E+3	-6,620143E-3
1,379687E+3	7,821927E-1	1,379687E+3	1,197885E-1	1,379687E+3	7,807965E-1	1,379687E+3	1,212770E-1	1,379687E+3	7,667554E-1	1,379687E+3	1,179514E-1	1,379687E+3	7,306494E-1	1,379687E+3	1,020470E-1	1,379687E+3	6,730734E-1	1,379687E+3	4,946343E-2	1,379687E+3	6,498648E-1	1,379687E+3	1,382163E-2	1,379687E+3	6,450311E-1	1,379687E+3	-7,498237E-3
1,381250E+3	7,817798E-1	1,381250E+3	1,304454E-1	1,381250E+3	7,806563E-1	1,381250E+3	1,228529E-1	1,381250E+3	7,690946E-1	1,381250E+3	1,154267E-1	1,381250E+3	7,278475E-1	1,381250E+3	1,001652E-1	1,381250E+3	6,703635E-1	1,381250E+3	5,008918E-2	1,381250E+3	6,528317E-1	1,381250E+3	1,351945E-2	1,381250E+3	6,457519E-1	1,381250E+3	-1,194624E-2
1,382812E+3	7,815811E-1	1,382812E+3	1,291019E-1	1,382812E+3	7,814511E-1	1,382812E+3	1,210876E-1	1,382812E+3	7,720949E-1	1,382812E+3	1,150682E-1	1,382812E+3	7,270303E-1	1,382812E+3	9,659781E-2	1,382812E+3	6,724106E-1	1,382812E+3	5,361006E-2	1,382812E+3	6,526829E-1	1,382812E+3	1,378202E-2	1,382812E+3	6,444245E-1	1,382812E+3	-1,233872E-2
1,384375E+3	7,827751E-1	1,384375E+3	1,165426E-1	1,384375E+3	7,839891E-1	1,384375E+3	1,169819E-1	1,384375E+3	7,729667E-1	1,384375E+3	1,117333E-1	1,384375E+3	7,275116E-1	1,384375E+3	9,908013E-2	1,384375E+3	6,768646E-1	1,384375E+3	4,990458E-2	1,384375E+3	6,539765E-1	1,384375E+3	1,621312E-2	1,384375E+3	6,413899E-1	1,384375E+3	-1,261894E-2
1,385937E+3	7,827246E-1	1,385937E+3	1,185183E-1	1,385937E+3	7,839310E-1	1,385937E+3	1,162864E-1	1,385937E+3	7,716569E-1	1,385937E+3	1,096793E-1	1,385937E+3	7,301513E-1	1,385937E+3	9,475309E-2	1,385937E+3	6,753086E-1	1,385937E+3	4,979180E-2	1,385937E+3	6,561113E-1	1,385937E+3	1,252534E-2	1,385937E+3	6,448824E-1	1,385937E+3	-1,228857E-2
1,387500E+3	7,876754E-1	1,387500E+3	1,184266E-1	1,387500E+3	7,859367E-1	1,387500E+3	1,119421E-1	1,387500E+3	7,736675E-1	1,387500E+3	1,058201E-1	1,387500E+3	7,357398E-1	1,387500E+3	9,521167E-2	1,387500E+3	6,772338E-1	1,387500E+3	4,915034E-2	1,387500E+3	6,586592E-1	1,387500E+3	1,458988E-2	1,387500E+3	6,456094E-1	1,387500E+3	-1,734532E-2
1,389062E+3	7,876916E-1	1,389062E+3	1,116890E-1	1,389062E+3	7,881405E-1	1,389062E+3	1,084294E-1	1,389062E+3	7,748464E-1	1,389062E+3	1,041532E-1	1,389062E+3	7,354434E-1	1,389062E+3	9,365858E-2	1,389062E+3	6,745628E-1	1,389062E+3	4,593036E-2	1,389062E+3	6,578422E-1	1,389062E+3	1,387237E-2	1,389062E+3	6,483178E-1	1,389062E+3	-1,624712E-2
1,390625E+3	7,880830E-1	1,390625E+3	1,106267E-1	1,390625E+3	7,866408E-1	1,390625E+3	1,064202E-1	1,390625E+3	7,750433E-1	1,390625E+3	1,016054E-1	1,390625E+3	7,368206E-1	1,390625E+3	8,744527E-2	1,390625E+3	6,766449E-1	1,390625E+3	4,587985E-2	1,390625E+3	6,540366E-1	1,390625E+3	1,424200E-2	1,390625E+3	6,483805E-1	1,390625E+3	-1,338856E-2
1,392187E+3	7,922709E-1	1,392187E+3	1,066176E-1	1,392187E+3	7,876297E-1	1,392187E+3	1,035012E-1	1,392187E+3	7,764623E-1	1,392187E+3	9,739631E-2	1,392187E+3	7,386843E-1	1,392187E+3	8,192822E-2	1,392187E+3	6,756962E-1	1,392187E+3	4,574883E-2	1,392187E+3	6,560665E-1	1,392187E+3	1,276175E-2	1,392187E+3	6,452563E-1	1,392187E+3	-1,209547E-2
1,393750E+3	7,906351E-1	1,393750E+3	1,060044E-1	1,393750E+3	7,903903E-1	1,393750E+3	9,907999E-2	1,393750E+3	7,767838E-1	1,393750E+3	9,496520E-2	1,393750E+3	7,373186E-1	1,393750E+3	8,226002E-2	1,393750E+3	6,760587E-1	1,393750E+3	4,194518E-2	1,393750E+3	6,546481E-1	1,393750E+3	6,214505E-3	1,393750E+3	6,443753E-1	1,393750E+3	-1,821346E-2
1,395312E+3	7,930532E-1	1,395312E+3	1,024406E-1	1,395312E+3	7,904877E-1	1,395312E+3	9,869532E-2	1,395312E+3	7,773884E-1	1,395312E+3	9,325766E-2	1,395312E+3	7,348414E-1	1,395312E+3	8,530269E-2	1,395312E+3	6,767869E-1	1,395312E+3	4,180112E-2	1,395312E+3	6,549068E-1	1,395312E+3	1,122702E-2	1,395312E+3	6,546669E-1	1,395312E+3	-1,539712E-2
1,396875E+3	7,935942E-1	1,396875E+3	9,953046E-2	1,396875E+3	7,923052E-1	1,396875E+3	9,604602E-2	1,396875E+3	7,774507E-1	1,396875E+3	9,391377E-2	1,396875E+3	7,379990E-1	1,396875E+3	8,276089E-2	1,396875E+3	6,786093E-1	1,396875E+3	4,150661E-2	1,396875E+3	6,552167E-1	1,396875E+3	1,162841E-2	1,396875E+3	6,574063E-1	1,396875E+3	-1,463885E-2
1,398437E+3	7,961028E-1	1,398437E+3	9,497954E-2	1,398437E+3	7,922279E-1	1,398437E+3	9,153340E-2	1,398437E+3	7,775460E-1	1,398437E+3	9,090640E-2	1,398437E+3	7,404164E-1	1,398437E+3	7,777981E-2	1,398437E+3	6,769039E-1	1,398437E+3	4,123624E-2	1,398437E+3	6,552008E-1	1,398437E+3	9,837983E-3	1,398437E+3	6,532236E-1	1,398437E+3	-1,405000E-2
1,400000E+3	7,948045E-1	1,400000E+3	9,574284E-2	1,400000E+3	7,905009E-1	1,400000E+3	9,144126E-2	1,400000E+3	7,795648E-1	1,400000E+3	8,566702E-2	1,400000E+3	7,431362E-1	1,400000E+3	7,551247E-2	1,400000E+3	6,766615E-1	1,400000E+3	3,728462E-2	1,400000E+3	6,583487E-1	1,400000E+3	1,010727E-2	1,400000E+3	6,481078E-1	1,400000E+3	-1,961099E-2
1,401562E+3	7,937445E-1	1,401562E+3	8,448156E-2	1,401562E+3	7,927253E-1	1,401562E+3	8,982911E-2	1,401562E+3	7,806551E-1	1,401562E+3	8,619140E-2	1,401562E+3	7,432507E-1	1,401562E+3	7,571503E-2	1,401562E+3	6,772239E-1	1,401562E+3	3,673908E-2	1,401562E+3	6,580230E-1	1,401562E+3	1,117373E-2	1,401562E+3	6,517949E-1	1,401562E+3	-1,646539E-2
1,403125E+3	7,941305E-1	1,403125E+3	9,019182E-2	1,403125E+3	7,943088E-1	1,403125E+3	8,389820E-2	1,403125E+3	7,808789E-1	1,403125E+3	8,432070E-2	1,403125E+3	7,413776E-1	1,403125E+3	7,450306E-2	1,403125E+3	6,783352E-1	1,403125E+3	3,862487E-2	1,403125E+3	6,548198E-1	1,403125E+3	9,221222E-3	1,403125E+3	6,555333E-1	1,403125E+3	-1,431603E-2
1,404687E+3	7,918848E-1	1,404687E+3	8,391063E-2	1,404687E+3	7,914119E-1	1,404687E+3	8,363551E-2	1,404687E+3	7,813567E-1	1,404687E+3	7,810221E-2	1,404687E+3	7,386177E-1	1,404687E+3	7,053872E-2	1,404687E+3	6,806091E-1	1,404687E+3	3,884459E-2	1,404687E+3	6,511113E-1	1,404687E+3	7,179750E-3	1,404687E+3	6,529408E-1	1,404687E+3	-2,323900E-2
1,406250E+3	7,929996E-1	1,406250E+3	8,387133E-2	1,406250E+3	7,908965E-1	1,406250E+3	8,070807E-2	1,406250E+3	7,820184E-1	1,406250E+3	7,913106E-2	1,406250E+3	7,411858E-1	1,406250E+3	6,936605E-2	1,406250E+3	6,776449E-1	1,406250E+3	3,579378E-2	1,406250E+3	6,545878E-1	1,406250E+3	8,217082E-3	1,406250E+3	6,502586E-1	1,406250E+3	-1,701569E-2
1,407812E+3	7,941891E-1	1,407812E+3	8,302566E-2	1,407812E+3	7,940030E-1	1,407812E+3	7,987072E-2	1,407812E+3	7,843259E-1	1,407812E+3	7,642063E-2	1,407812E+3	7,413539E-1	1,407812E+3	6,734725E-2	1,407812E+3	6,790368E-1	1,407812E+3	3,417119E-2	1,407812E+3	6,570500E-1	1,407812E+3	8,175279E-3	1,407812E+3	6,495964E-1	1,407812E+3	-1,733294E-2
1,409375E+3	7,927945E-1	1,409375E+3	7,962078E-2	1,409375E+3	7,961798E-1	1,409375E+3	7,614126E-2	1,409375E+3	7,836387E-1	1,409375E+3	7,331165E-2	1,409375E+3	7,457479E-1	1,409375E+3	6,842592E-2	1,409375E+3	6,813152E-1	1,409375E+3	3,952680E-2	1,409375E+3	6,566313E-1	1,409375E+3	6,447618E-3	1,409375E+3	6,517375E-1	1,409375E+3	-1,787868E-2
1,410937E+3	7,937862E-1	1,410937E+3	7,938190E-2	1,410937E+3	7,950728E-1	1,410937E+3	7,410136E-2	1,410937E+3	7,833828E-1	1,410937E+3	7,543765E-2	1,410937E+3	7,509535E-1	1,410937E+3	6,552597E-2	1,410937E+3	6,857099E-1	1,410937E+3	3,736510E-2	1,410937E+3	6,596543E-1	1,410937E+3	4,465187E-3	1,410937E+3	6,504722E-1	1,410937E+3	-1,914250E-2
1,412500E+3	7,987153E-1	1,412500E+3	7,819422E-2	1,412500E+3	7,978358E-1	1,412500E+3	7,120818E-2	1,412500E+3	7,873555E-1	1,412500E+3	6,890216E-2	1,412500E+3	7,456098E-1	1,412500E+3	6,058839E-2	1,412500E+3	6,845065E-1	1,412500E+3	3,381355E-2	1,412500E+3	6,625684E-1	1,412500E+3	7,488525E-3	1,412500E+3	6,558892E-1	1,412500E+3	-1,885354E-2
1,414062E+3	7,976188E-1	1,414062E+3	7,466172E-2	1,414062E+3	7,983573E-1	1,414062E+3	6,858270E-2	1,414062E+3	7,880292E-1	1,414062E+3	6,683513E-2	1,414062E+3	7,471720E-1	1,414062E+3	6,266571E-2	1,414062E+3	6,794310E-1	1,414062E+3	3,187691E-2	1,414062E+3	6,574382E-1	1,414062E+3	2,781725E-3	1,414062E+3	6,537516E-1	1,414062E+3	-1,881315E-2
1,415625E+3	8,003444E-1	1,415625E+3	7,214835E-2	1,415625E+3	7,981580E-1	1,415625E+3	6,728463E-2	1,415625E+3	7,873635E-1	1,415625E+3	6,546367E-2	1,415625E+3	7,460709E-1	1,415625E+3	6,180343E-2	1,415625E+3	6,801546E-1	1,415625E+3	3,214504E-2	1,415625E+3	6,554015E-1	1,415625E+3	-1,428865E-3	1,415625E+3	6,495199E-1	1,415625E+3	-2,344104E-2
1,417187E+3	7,996992E-1	1,417187E+3	6,399949E-2	1,417187E+3	7,989641E-1	1,417187E+3	6,137363E-2	1,417187E+3	7,861752E-1	1,417187E+3	6,117310E-2	1,417187E+3	7,472995E-1	1,417187E+3	5,658972E-2	1,417187E+3	6,829123E-1	1,417187E+3	3,018063E-2	1,417187E+3	6,557755E-1	1,417187E+3	3,655718E-4	1,417187E+3	6,519263E-1	1,417187E+3	-2,455346E-2
1,418750E+3	7,997164E-1	1,418750E+3	6,247284E-2	1,418750E+3	7,984120E-1	1,418750E+3	6,358702E-2	1,418750E+3	7,880059E-1	1,418750E+3	5,725061E-2	1,418750E+3	7,477147E-1	1,418750E+3	5,065074E-2	1,418750E+3	6,840507E-1	1,418750E+3	2,887243E-2	1,418750E+3	6,607436E-1	1,418750E+3	2,228544E-3	1,418750E+3	6,506446E-1	1,418750E+3	-1,929883E-2
1,420312E+3	8,014061E-1	1,420312E+3	6,641340E-2	1,420312E+3	7,986965E-1	1,420312E+3	5,704551E-2	1,420312E+3	7,893226E-1	1,420312E+3	5,771885E-2	1,420312E+3	7,478131E-1	1,420312E+3	4,931578E-2	1,420312E+3	6,827070E-1	1,420312E+3	3,095007E-2	1,420312E+3	6,594743E-1	1,420312E+3	-2,943327E-3	1,420312E+3	6,511846E-1	1,420312E+3	-1,711761E-2
1,421875E+3	7,989043E-1	1,421875E+3	5,527199E-2	1,421875E+3	8,007270E-1	1,421875E+3	5,552120E-2	1,421875E+3	7,911274E-1	1,421875E+3	5,566783E-2	1,421875E+3	7,491620E-1	1,421875E+3	4,991852E-2	1,421875E+3	6,835348E-1	1,421875E+3	2,707826E-2	1,421875E+3	6,579170E-1	1,421875E+3	-3,606977E-3	1,421875E+3	6,501279E-1	1,421875E+3	-1,734977E-2
1,423437E+3	8,021750E-1	1,423437E+3	6,211053E-2	1,423437E+3	8,011394E-1	1,423437E+3	5,293989E-2	1,423437E+3	7,913764E-1	1,423437E+3	5,137480E-2	1,423437E+3	7,517915E-1	1,423437E+3	4,928591E-2	1,423437E+3	6,883834E-1	1,423437E+3	2,498718E-2	1,423437E+3	6,616338E-1	1,423437E+3	8,638635E-4	1,423437E+3	6,516149E-1	1,423437E+3	-1,981426E-2
1,425000E+3	8,042121E-1	1,425000E+3	5,468070E-2	1,425000E+3	8,006418E-1	1,425000E+3	5,234437E-2	1,425000E+3	7,906542E-1	1,425000E+3	4,698684E-2	1,425000E+3	7,523580E-1	1,425000E+3	4,370867E-2	1,425000E+3	6,847381E-1	1,425000E+3	2,281833E-2	1,425000E+3	6,574908E-1	1,425000E+3	-4,011647E-3	1,425000E+3	6,514962E-1	1,425000E+3	-2,289087E-2
1,426562E+3	8,035468E-1	1,426562E+3	6,075992E-2	1,426562E+3	8,007955E-1	1,426562E+3	4,793550E-2	1,426562E+3	7,928383E-1	1,426562E+3	4,442200E-2	1,426562E+3	7,538033E-1	1,426562E+3	4,350437E-2	1,426562E+3	6,860875E-1	1,426562E+3	2,306409E-2	1,426562E+3	6,608186E-1	1,426562E+3	3,394066E-4	1,426562E+3	6,476567E-1	1,426562E+3	-2,678300E-2
1,428125E+3	8,056542E-1	1,428125E+3	5,290971E-2	1,428125E+3	8,005706E-1	1,428125E+3	4,611304E-2	1,428125E+3	7,912180E-1	1,428125E+3	4,407715E-2	1,428125E+3	7,522565E-1	1,428125E+3	4,436246E-2	1,428125E+3	6,832810E-1	1,428125E+3	2,032144E-2	1,428125E+3	6,568787E-1	1,428125E+3	-2,652173E-3	1,428125E+3	6,487079E-1	1,428125E+3	-2,718905E-2
1,429687E+3	8,044233E-1	1,429687E+3	4,644372E-2	1,429687E+3	8,045033E-1	1,429687E+3	4,528702E-2	1,429687E+3	7,891142E-1	1,429687E+3	4,516163E-2	1,429687E+3	7,528049E-1	1,429687E+3	4,074583E-2	1,429687E+3	6,872077E-1	1,429687E+3	1,615300E-2	1,429687E+3	6,614635E-1	1,429687E+3	-7,261132E-3	1,429687E+3	6,477491E-1	1,429687E+3	-2,781129E-2
1,431250E+3	8,107161E-1	1,431250E+3	3,587039E-2	1,431250E+3	8,030833E-1	1,431250E+3	4,085695E-2	1,431250E+3	7,905833E-1	1,431250E+3	4,050382E-2	1,431250E+3	7,510504E-1	1,431250E+3	3,823227E-2	1,431250E+3	6,866802E-1	1,431250E+3	2,173760E-2	1,431250E+3	6,662324E-1	1,431250E+3	-4,706027E-3	1,431250E+3	6,478088E-1	1,431250E+3	-2,032901E-2
1,432812E+3	8,139692E-1	1,432812E+3	3,491705E-2	1,432812E+3	8,022763E-1	1,432812E+3	3,872125E-2	1,432812E+3	7,917813E-1	1,432812E+3	3,609638E-2	1,432812E+3	7,485505E-1	1,432812E+3	3,717435E-2	1,432812E+3	6,860883E-1	1,432812E+3	1,774673E-2	1,432812E+3	6,571016E-1	1,432812E+3	-5,895459E-3	1,432812E+3	6,568742E-1	1,432812E+3	-1,963933E-2
1,434375E+3	8,018985E-1	1,434375E+3	4,627667E-2	1,434375E+3	8,039032E-1	1,434375E+3	3,841291E-2	1,434375E+3	7,951560E-1	1,434375E+3	3,613335E-2	1,434375E+3	7,535422E-1	1,434375E+3	3,836480E-2	1,434375E+3	6,904212E-1	1,434375E+3	1,294635E-2	1,434375E+3	6,637629E-1	1,434375E+3	-6,737503E-3	1,434375E+3	6,634667E-1	1,434375E+3	-1,809696E-2
1,435937E+3	8,062472E-1	1,435937E+3	4,308729E-2	1,435937E+3	8,054979E-1	1,435937E+3	3,081247E-2	1,435937E+3	7,948222E-1	1,435937E+3	3,330300E-2	1,435937E+3	7,544617E-1	1,435937E+3	3,033194E-2	1,435937E+3	6,901386E-1	1,435937E+3	1,557578E-2	1,435937E+3	6,637678E-1	1,435937E+3	4,485912E-4	1,435937E+3	6,549849E-1	1,435937E+3	-2,722681E-2
1,437500E+3	8,088073E-1	1,437500E+3	3,406809E-2	1,437500E+3	8,048944E-1	1,437500E+3	3,180379E-2	1,437500E+3	7,962922E-1	1,437500E+3	2,824842E-2	1,437500E+3	7,523151E-1	1,437500E+3	2,963184E-2	1,437500E+3	6,868118E-1	1,437500E+3	1,590936E-2	1,437500E+3	6,619076E-1	1,437500E+3	1,196832E-3	1,437500E+3	6,513369E-1	1,437500E+3	-2,661926E-2
1,439062E+3	8,053282E-1	1,439062E+3	2,301049E-2	1,439062E+3	8,081154E-1	1,439062E+3	2,801125E-2	1,439062E+3	7,937381E-1	1,439062E+3	2,622281E-2	1,439062E+3	7,562539E-1	1,439062E+3	3,012901E-2	1,439062E+3	6,933594E-1	1,439062E+3	1,410711E-2	1,439062E+3	6,668005E-1	1,439062E+3	-5,780562E-3	1,439062E+3	6,577802E-1	1,439062E+3	-2,654837E-2
1,440625E+3	8,058646E-1	1,440625E+3	3,009712E-2	1,440625E+3	8,051818E-1	1,440625E+3	2,576695E-2	1,440625E+3	7,937429E-1	1,440625E+3	2,631999E-2	1,440625E+3	7,496505E-1	1,440625E+3	2,864487E-2	1,440625E+3	6,923342E-1	1,440625E+3	3,484848E-3	1,440625E+3	6,642943E-1	1,440625E+3	-6,252319E-3	1,440625E+3	6,515723E-1	1,440625E+3	-3,073542E-2
1,442187E+3	8,042518E-1	1,442187E+3	3,646780E-2	1,442187E+3	8,017935E-1	1,442187E+3	2,607061E-2	1,442187E+3	7,941635E-1	1,442187E+3	2,293945E-2	1,442187E+3	7,538378E-1	1,442187E+3	2,635263E-2	1,442187E+3	6,941685E-1	1,442187E+3	5,446462E-3	1,442187E+3	6,642578E-1	1,442187E+3	-7,285994E-3	1,442187E+3	6,514494E-1	1,442187E+3	-3,967782E-2
1,443750E+3	8,078041E-1	1,443750E+3	2,361750E-2	1,443750E+3	8,016200E-1	1,443750E+3	2,104128E-2	1,443750E+3	7,946922E-1	1,443750E+3	1,973865E-2	1,443750E+3	7,565368E-1	1,443750E+3	2,239775E-2	1,443750E+3	6,934264E-1	1,443750E+3	1,190777E-2	1,443750E+3	6,638771E-1	1,443750E+3	-1,384229E-2	1,443750E+3	6,554839E-1	1,443750E+3	-3,292482E-2
1,445312E+3	8,027088E-1	1,445312E+3	2,123229E-2	1,445312E+3	8,041558E-1	1,445312E+3	1,717407E-2	1,445312E+3	7,956865E-1	1,445312E+3	1,816654E-2	1,445312E+3	7,556645E-1	1,445312E+3	2,035357E-2	1,445312E+3	6,922539E-1	1,445312E+3	1,467180E-2	1,445312E+3	6,625048E-1	1,445312E+3	-8,670703E-3	1,445312E+3	6,536070E-1	1,445312E+3	-3,229827E-2
1,446875E+3	8,083680E-1	1,446875E+3	1,632567E-2	1,446875E+3	8,033775E-1	1,446875E+3	2,094558E-2	1,446875E+3	7,974048E-1	1,446875E+3	1,396250E-2	1,446875E+3	7,528104E-1	1,446875E+3	2,291192E-2	1,446875E+3	6,916513E-1	1,446875E+3	9,236360E-3	1,446875E+3	6,595351E-1	1,446875E+3	-1,115114E-2	1,446875E+3	6,507022E-1	1,446875E+3	-3,115457E-2
1,448437E+3	8,094178E-1	1,448437E+3	1,535128E-2	1,448437E+3	8,036342E-1	1,448437E+3	1,153465E-2	1,448437E+3	7,940369E-1	1,448437E+3	1,435961E-2	1,448437E+3	7,523733E-1	1,448437E+3	2,026929E-2	1,448437E+3	6,943458E-1	1,448437E+3	3,888222E-3	1,448437E+3	6,612190E-1	1,448437E+3	-1,439147E-2	1,448437E+3	6,508141E-1	1,448437E+3	-3,348956E-2
1,450000E+3	8,084758E-1	1,450000E+3	1,595819E-2	1,450000E+3	8,050012E-1	1,450000E+3	1,205436E-2	1,450000E+3	7,937188E-1	1,450000E+3	1,099579E-2	1,450000E+3	7,512770E-1	1,450000E+3	1,430400E-2	1,450000E+3	6,913142E-1	1,450000E+3	2,899651E-3	1,450000E+3	6,658882E-1	1,450000E+3	-1,157609E-2	1,450000E+3	6,447016E-1	1,450000E+3	-2,424735E-2
1,451562E+3	8,086353E-1	1,451562E+3	9,923439E-3	1,451562E+3	8,048366E-1	1,451562E+3	1,100017E-2	1,451562E+3	7,957099E-1	1,451562E+3	1,153939E-2	1,451562E+3	7,531872E-1	1,451562E+3	1,429008E-2	1,451562E+3	6,868441E-1	1,451562E+3	4,179019E-3	1,451562E+3	6,646022E-1	1,451562E+3	-1,746814E-2	1,451562E+3	6,489079E-1	1,451562E+3	-2,240463E-2
1,453125E+3	8,070638E-1	1,453125E+3	7,796704E-3	1,453125E+3	8,057347E-1	1,453125E+3	7,319932E-3	1,453125E+3	7,950807E-1	1,453125E+3	6,404781E-3	1,453125E+3	7,558756E-1	1,453125E+3	1,051604E-2	1,453125E+3	6,921686E-1	1,453125E+3	5,992714E-3	1,453125E+3	6,670602E-1	1,453125E+3	-1,025936E-2	1,453125E+3	6,534252E-1	1,453125E+3	-3,314384E-2
1,454687E+3	8,077831E-1	1,454687E+3	4,105789E-3	1,454687E+3	8,056989E-1	1,454687E+3	1,581998E-3	1,454687E+3	7,937069E-1	1,454687E+3	2,392004E-3	1,454687E+3	7,577002E-1	1,454687E+3	7,671379E-3	1,454687E+3	6,931383E-1	1,454687E+3	2,958128E-3	1,454687E+3	6,644503E-1	1,454687E+3	-1,137398E-2	1,454687E+3	6,570279E-1	1,454687E+3	-3,689400E-2
1,456250E+3	8,122663E-1	1,456250E+3	5,731086E-3	1,456250E+3	8,067710E-1	1,456250E+3	-4,830065E-4	1,456250E+3	7,955918E-1	1,456250E+3	8,315787E-4	1,456250E+3	7,557195E-1	1,456250E+3	5,693989E-3	1,456250E+3	6,934977E-1	1,456250E+3	-5,634778E-3	1,456250E+3	6,664157E-1	1,456250E+3	-1,360379E-2	1,456250E+3	6,532731E-1	1,456250E+3	-3,484165E-2
1,457812E+3	8,062120E-1	1,457812E+3	4,430410E-3	1,457812E+3	8,068187E-1	1,457812E+3	6,485510E-4	1,457812E+3	7,947675E-1	1,457812E+3	2,555702E-3	1,457812E+3	7,564959E-1	1,457812E+3	1,365088E-3	1,457812E+3	6,933791E-1	1,457812E+3	-2,032029E-3	1,457812E+3	6,590446E-1	1,457812E+3	-1,748651E-2	1,457812E+3	6,545535E-1	1,457812E+3	-3,135767E-2
1,459375E+3	8,057162E-1	1,459375E+3	1,872732E-3	1,459375E+3	8,067846E-1	1,459375E+3	-2,569148E-3	1,459375E+3	7,943653E-1	1,459375E+3	-2,176123E-4	1,459375E+3	7,585373E-1	1,459375E+3	6,865970E-3	1,459375E+3	6,909218E-1	1,459375E+3	-2,247989E-4	1,459375E+3	6,626026E-1	1,459375E+3	-2,273212E-2	1,459375E+3	6,573393E-1	1,459375E+3	-2,895183E-2
1,460937E+3	8,064801E-1	1,460937E+3	-3,902480E-3	1,460937E+3	8,062601E-1	1,460937E+3	-7,552874E-3	1,460937E+3	7,942015E-1	1,460937E+3	-8,655233E-3	1,460937E+3	7,581887E-1	1,460937E+3	-6,805878E-4	1,460937E+3	6,897059E-1	1,460937E+3	-4,672014E-3	1,460937E+3	6,645480E-1	1,460937E+3	-1,882173E-2	1,460937E+3	6,574844E-1	1,460937E+3	-3,223193E-2
1,462500E+3	8,095596E-1	1,462500E+3	-2,065875E-3	1,462500E+3	8,080544E-1	1,462500E+3	-8,765252E-3	1,462500E+3	7,939791E-1	1,462500E+3	-7,924018E-3	1,462500E+3	7,567480E-1	1,462500E+3	5,481588E-4	1,462500E+3	6,936296E-1	1,462500E+3	-3,583810E-3	1,462500E+3	6,688453E-1	1,462500E+3	-1,390519E-2	1,462500E+3	6,511652E-1	1,462500E+3	-3,178251E-2
1,464062E+3	8,127434E-1	1,464062E+3	-8,970137E-3	1,464062E+3	8,060190E-1	1,464062E+3	-1,060634E-2	1,464062E+3	7,959285E-1	1,464062E+3	-1,033638E-2	1,464062E+3	7,560774E-1	1,464062E+3	-6,252858E-3	1,464062E+3	6,964659E-1	1,464062E+3	-4,796128E-3	1,464062E+3	6,663301E-1	1,464062E+3	-1,658044E-2	1,464062E+3	6,513097E-1	1,464062E+3	-3,336911E-2
1,465625E+3	8,083110E-1	1,465625E+3	-1,790992E-2	1,465625E+3	8,060492E-1	1,465625E+3	-1,408727E-2	1,465625E+3	7,925529E-1	1,465625E+3	-1,502716E-2	1,465625E+3	7,558243E-1	1,465625E+3	-1,974460E-3	1,465625E+3	6,915369E-1	1,465625E+3	-4,795453E-3	1,465625E+3	6,647382E-1	1,465625E+3	-1,623720E-2	1,465625E+3	6,572136E-1	1,465625E+3	-3,573574E-2
1,467187E+3	8,042361E-1	1,467187E+3	-1,598176E-2	1,467187E+3	8,067134E-1	1,467187E+3	-1,545690E-2	1,467187E+3	7,927333E-1	1,467187E+3	-1,576212E-2	1,467187E+3	7,561061E-1	1,467187E+3	-8,434525E-3	1,467187E+3	6,951332E-1	1,467187E+3	-5,914301E-3	1,467187E+3	6,629943E-1	1,467187E+3	-2,260373E-2	1,467187E+3	6,639812E-1	1,467187E+3	-3,412433E-2
1,468750E+3	8,049371E-1	1,468750E+3	-1,577641E-2	1,468750E+3	8,066605E-1	1,468750E+3	-1,900362E-2	1,468750E+3	7,984430E-1	1,468750E+3	-1,768405E-2	1,468750E+3	7,565673E-1	1,468750E+3	-1,074382E-2	1,468750E+3	6,955916E-1	1,468750E+3	-9,212684E-3	1,468750E+3	6,654548E-1	1,468750E+3	-1,699410E-2	1,468750E+3	6,594213E-1	1,468750E+3	-3,253259E-2
1,470312E+3	8,113069E-1	1,470312E+3	-1,127785E-2	1,470312E+3	8,045307E-1	1,470312E+3	-2,384711E-2	1,470312E+3	7,979616E-1	1,470312E+3	-1,809418E-2	1,470312E+3	7,565246E-1	1,470312E+3	-7,459232E-3	1,470312E+3	6,952880E-1	1,470312E+3	-1,345870E-2	1,470312E+3	6,655307E-1	1,470312E+3	-2,431418E-2	1,470312E+3	6,569855E-1	1,470312E+3	-3,035793E-2
1,471875E+3	8,065780E-1	1,471875E+3	-2,046069E-2	1,471875E+3	8,037227E-1	1,471875E+3	-2,523857E-2	1,471875E+3	7,940987E-1	1,471875E+3	-2,482209E-2	1,471875E+3	7,586754E-1	1,471875E+3	-1,494763E-2	1,471875E+3	6,929059E-1	1,471875E+3	-1,041356E-2	1,471875E+3	6,657397E-1	1,471875E+3	-2,587485E-2	1,471875E+3	6,625221E-1	1,471875E+3	-3,253149E-2
1,473437E+3	8,081073E-1	1,473437E+3	-2,268928E-2	1,473437E+3	8,044334E-1	1,473437E+3	-2,734840E-2	1,473437E+3	7,948759E-1	1,473437E+3	-2,463424E-2	1,473437E+3	7,577757E-1	1,473437E+3	-1,251618E-2	1,473437E+3	6,936890E-1	1,473437E+3	-1,467307E-2	1,473437E+3	6,647070E-1	1,473437E+3	-2,392923E-2	1,473437E+3	6,565850E-1	1,473437E+3	-4,117471E-2
1,475000E+3	8,101881E-1	1,475000E+3	-2,910869E-2	1,475000E+3	8,058014E-1	1,475000E+3	-2,583687E-2	1,475000E+3	7,956699E-1	1,475000E+3	-2,450083E-2	1,475000E+3	7,541679E-1	1,475000E+3	-1,448847E-2	1,475000E+3	6,914557E-1	1,475000E+3	-1,371645E-2	1,475000E+3	6,691284E-1	1,475000E+3	-1,749763E-2	1,475000E+3	6,578482E-1	1,475000E+3	-4,097786E-2
1,476562E+3	8,070588E-1	1,476562E+3	-2,928338E-2	1,476562E+3	8,067038E-1	1,476562E+3	-3,083818E-2	1,476562E+3	7,945469E-1	1,476562E+3	-3,082150E-2	1,476562E+3	7,552371E-1	1,476562E+3	-1,563539E-2	1,476562E+3	6,961885E-1	1,476562E+3	-1,200467E-2	1,476562E+3	6,703292E-1	1,476562E+3	-2,419927E-2	1,476562E+3	6,610011E-1	1,476562E+3	-4,060774E-2
1,478125E+3	8,090888E-1	1,478125E+3	-2,611001E-2	1,478125E+3	8,040646E-1	1,478125E+3	-2,951619E-2	1,478125E+3	7,919777E-1	1,478125E+3	-2,914242E-2	1,478125E+3	7,612071E-1	1,478125E+3	-1,893736E-2	1,478125E+3	6,963437E-1	1,478125E+3	-1,703768E-2	1,478125E+3	6,699470E-1	1,478125E+3	-2,223002E-2	1,478125E+3	6,582183E-1	1,478125E+3	-3,657111E-2
1,479687E+3	8,060432E-1	1,479687E+3	-3,263952E-2	1,479687E+3	8,033022E-1	1,479687E+3	-3,312530E-2	1,479687E+3	7,925838E-1	1,479687E+3	-3,366759E-2	1,479687E+3	7,609092E-1	1,479687E+3	-2,641478E-2	1,479687E+3	6,948777E-1	1,479687E+3	-1,827891E-2	1,479687E+3	6,733653E-1	1,479687E+3	-2,076332E-2	1,479687E+3	6,635581E-1	1,479687E+3	-3,623504E-2
1,481250E+3	8,074814E-1	1,481250E+3	-3,857522E-2	1,481250E+3	8,021696E-1	1,481250E+3	-3,754013E-2	1,481250E+3	7,937922E-1	1,481250E+3	-3,887954E-2	1,481250E+3	7,605868E-1	1,481250E+3	-2,618088E-2	1,481250E+3	6,923807E-1	1,481250E+3	-1,717590E-2	1,481250E+3	6,750989E-1	1,481250E+3	-1,892238E-2	1,481250E+3	6,642214E-1	1,481250E+3	-4,151250E-2
1,482812E+3	8,090396E-1	1,482812E+3	-4,132823E-2	1,482812E+3	8,036513E-1	1,482812E+3	-3,784193E-2	1,482812E+3	7,941655E-1	1,482812E+3	-4,030772E-2	1,482812E+3	7,597774E-1	1,482812E+3	-3,115321E-2	1,482812E+3	6,915471E-1	1,482812E+3	-2,401840E-2	1,482812E+3	6,670556E-1	1,482812E+3	-3,125057E-2	1,482812E+3	6,587099E-1	1,482812E+3	-4,170057E-2
1,484375E+3	8,087084E-1	1,484375E+3	-3,968100E-2	1,484375E+3	8,014617E-1	1,484375E+3	-4,415814E-2	1,484375E+3	7,927426E-1	1,484375E+3	-4,151550E-2	1,484375E+3	7,557893E-1	1,484375E+3	-3,319232E-2	1,484375E+3	6,932600E-1	1,484375E+3	-2,379076E-2	1,484375E+3	6,648207E-1	1,484375E+3	-3,037824E-2	1,484375E+3	6,633984E-1	1,484375E+3	-4,561712E-2
1,485937E+3	8,021238E-1	1,485937E+3	-4,877276E-2	1,485937E+3	8,040804E-1	1,485937E+3	-4,561639E-2	1,485937E+3	7,934091E-1	1,485937E+3	-4,512418E-2	1,485937E+3	7,594777E-1	1,485937E+3	-3,291771E-2	1,485937E+3	6,969160E-1	1,485937E+3	-2,338096E-2	1,485937E+3	6,690851E-1	1,485937E+3	-2,867127E-2	1,485937E+3	6,577987E-1	1,485937E+3	-4,677000E-2
1,487500E+3	8,002594E-1	1,487500E+3	-5,173147E-2	1,487500E+3	8,063421E-1	1,487500E+3	-4,792898E-2	1,487500E+3	7,914374E-1	1,487500E+3	-4,808721E-2	1,487500E+3	7,587025E-1	1,487500E+3	-3,555691E-2	1,487500E+3	6,992747E-1	1,487500E+3	-2,446078E-2	1,487500E+3	6,645302E-1	1,487500E+3	-2,953751E-2	1,487500E+3	6,590508E-1	1,487500E+3	-4,267702E-2
1,489062E+3	7,994961E-1	1,489062E+3	-5,163219E-2	1,489062E+3	8,006636E-1	1,489062E+3	-5,123784E-2	1,489062E+3	7,937500E-1	1,489062E+3	-4,917905E-2	1,489062E+3	7,564321E-1	1,489062E+3	-3,761551E-2	1,489062E+3	6,966798E-1	1,489062E+3	-2,315684E-2	1,489062E+3	6,695250E-1	1,489062E+3	-3,460561E-2	1,489062E+3	6,607254E-1	1,489062E+3	-4,048437E-2
1,490625E+3	7,919752E-1	1,490625E+3	-5,426597E-2	1,490625E+3	7,992600E-1	1,490625E+3	-5,483903E-2	1,490625E+3	7,902770E-1	1,490625E+3	-5,107052E-2	1,490625E+3	7,528498E-1	1,490625E+3	-3,995353E-2	1,490625E+3	6,950058E-1	1,490625E+3	-2,397963E-2	1,490625E+3	6,776076E-1	1,490625E+3	-3,288655E-2	1,490625E+3	6,606407E-1	1,490625E+3	-4,042266E-2
1,492187E+3	7,991913E-1	1,492187E+3	-5,279239E-2	1,492187E+3	8,001770E-1	1,492187E+3	-5,673521E-2	1,492187E+3	7,875694E-1	1,492187E+3	-5,151065E-2	1,492187E+3	7,505506E-1	1,492187E+3	-3,716158E-2	1,492187E+3	6,925590E-1	1,492187E+3	-2,650497E-2	1,492187E+3	6,734656E-1	1,492187E+3	-2,872524E-2	1,492187E+3	6,571439E-1	1,492187E+3	-4,086847E-2
1,493750E+3	8,012537E-1	1,493750E+3	-5,038938E-2	1,493750E+3	8,006467E-1	1,493750E+3	-6,113610E-2	1,493750E+3	7,896616E-1	1,493750E+3	-5,601273E-2	1,493750E+3	7,515025E-1	1,493750E+3	-4,077603E-2	1,493750E+3	6,924986E-1	1,493750E+3	-3,117563E-2	1,493750E+3	6,704878E-1	1,493750E+3	-2,825898E-2	1,493750E+3	6,572552E-1	1,493750E+3	-4,863150E-2
1,495312E+3	7,997585E-1	1,495312E+3	-4,785770E-2	1,495312E+3	7,992988E-1	1,495312E+3	-5,921741E-2	1,495312E+3	7,917551E-1	1,495312E+3	-5,714033E-2	1,495312E+3	7,521906E-1	1,495312E+3	-4,448323E-2	1,495312E+3	6,951757E-1	1,495312E+3	-3,014559E-2	1,495312E+3	6,737628E-1	1,495312E+3	-3,366562E-2	1,495312E+3	6,529099E-1	1,495312E+3	-4,030625E-2
1,496875E+3	7,987594E-1	1,496875E+3	-6,039791E-2	1,496875E+3	8,008129E-1	1,496875E+3	-6,295256E-2	1,496875E+3	7,901720E-1	1,496875E+3	-6,341575E-2	1,496875E+3	7,520963E-1	1,496875E+3	-4,599112E-2	1,496875E+3	6,931317E-1	1,496875E+3	-2,810360E-2	1,496875E+3	6,751208E-1	1,496875E+3	-3,860843E-2	1,496875E+3	6,525666E-1	1,496875E+3	-4,353716E-2
1,498437E+3	7,995106E-1	1,498437E+3	-5,954701E-2	1,498437E+3	8,030582E-1	1,498437E+3	-6,600659E-2	1,498437E+3	7,905911E-1	1,498437E+3	-6,163473E-2	1,498437E+3	7,519688E-1	1,498437E+3	-4,923267E-2	1,498437E+3	6,926023E-1	1,498437E+3	-2,825422E-2	1,498437E+3	6,706027E-1	1,498437E+3	-3,526083E-2	1,498437E+3	6,573376E-1	1,498437E+3	-4,243196E-2
1,500000E+3	8,035174E-1	1,500000E+3	-6,357467E-2	1,500000E+3	8,020235E-1	1,500000E+3	-6,799357E-2	1,500000E+3	7,912194E-1	1,500000E+3	-6,480395E-2	1,500000E+3	7,527746E-1	1,500000E+3	-4,657775E-2	1,500000E+3	6,936331E-1	1,500000E+3	-3,322198E-2	1,500000E+3	6,639059E-1	1,500000E+3	-3,561982E-2	1,500000E+3	6,606546E-1	1,500000E+3	-4,214945E-2
1,501562E+3	8,014929E-1	1,501562E+3	-5,808040E-2	1,501562E+3	7,969327E-1	1,501562E+3	-6,831786E-2	1,501562E+3	7,879963E-1	1,501562E+3	-6,776882E-2	1,501562E+3	7,499189E-1	1,501562E+3	-5,169201E-2	1,501562E+3	6,909414E-1	1,501562E+3	-3,259246E-2	1,501562E+3	6,679032E-1	1,501562E+3	-3,867755E-2	1,501562E+3	6,581179E-1	1,501562E+3	-4,622092E-2
1,503125E+3	7,991810E-1	1,503125E+3	-7,196635E-2	1,503125E+3	7,941831E-1	1,503125E+3	-7,421291E-2	1,503125E+3	7,844777E-1	1,503125E+3	-6,958391E-2	1,503125E+3	7,491931E-1	1,503125E+3	-5,335718E-2	1,503125E+3	6,934683E-1	1,503125E+3	-3,427782E-2	1,503125E+3	6,663186E-1	1,503125E+3	-3,940551E-2	1,503125E+3	6,574147E-1	1,503125E+3	-5,349663E-2
1,504687E+3	7,982650E-1	1,504687E+3	-7,729967E-2	1,504687E+3	7,963890E-1	1,504687E+3	-7,928726E-2	1,504687E+3	7,862317E-1	1,504687E+3	-7,143111E-2	1,504687E+3	7,492363E-1	1,504687E+3	-5,308346E-2	1,504687E+3	6,947343E-1	1,504687E+3	-3,943186E-2	1,504687E+3	6,664437E-1	1,504687E+3	-3,982940E-2	1,504687E+3	6,597675E-1	1,504687E+3	-5,302894E-2
1,506250E+3	7,939324E-1	1,506250E+3	-7,720448E-2	1,506250E+3	7,975037E-1	1,506250E+3	-7,918850E-2	1,506250E+3	7,873615E-1	1,506250E+3	-7,762423E-2	1,506250E+3	7,510465E-1	1,506250E+3	-5,883750E-2	1,506250E+3	6,946252E-1	1,506250E+3	-3,823630E-2	1,506250E+3	6,687831E-1	1,506250E+3	-3,970503E-2	1,506250E+3	6,569307E-1	1,506250E+3	-5,436837E-2
1,507812E+3	7,977693E-1	1,507812E+3	-7,686266E-2	1,507812E+3	7,963107E-1	1,507812E+3	-7,881911E-2	1,507812E+3	7,854433E-1	1,507812E+3	-7,618030E-2	1,507812E+3	7,500940E-1	1,507812E+3	-5,656572E-2	1,507812E+3	6,958295E-1	1,507812E+3	-3,981182E-2	1,507812E+3	6,677604E-1	1,507812E+3	-3,775493E-2	1,507812E+3	6,570770E-1	1,507812E+3	-4,412700E-2
1,509375E+3	7,998561E-1	1,509375E+3	-7,588527E-2	1,509375E+3	7,960379E-1	1,509375E+3	-8,258691E-2	1,509375E+3	7,840362E-1	1,509375E+3	-7,875663E-2	1,509375E+3	7,529999E-1	1,509375E+3	-6,044085E-2	1,509375E+3	6,968559E-1	1,509375E+3	-3,737421E-2	1,509375E+3	6,686896E-1	1,509375E+3	-4,356551E-2	1,509375E+3	6,540392E-1	1,509375E+3	-4,566130E-2
1,510937E+3	7,969538E-1	1,510937E+3	-7,691781E-2	1,510937E+3	7,936470E-1	1,510937E+3	-8,803065E-2	1,510937E+3	7,843784E-1	1,510937E+3	-8,210242E-2	1,510937E+3	7,495583E-1	1,510937E+3	-6,151087E-2	1,510937E+3	6,926902E-1	1,510937E+3	-4,158148E-2	1,510937E+3	6,716262E-1	1,510937E+3	-4,331493E-2	1,510937E+3	6,500129E-1	1,510937E+3	-5,234872E-2
1,512500E+3	7,920821E-1	1,512500E+3	-7,767270E-2	1,512500E+3	7,930099E-1	1,512500E+3	-8,828394E-2	1,512500E+3	7,823527E-1	1,512500E+3	-8,109181E-2	1,512500E+3	7,464757E-1	1,512500E+3	-6,190456E-2	1,512500E+3	6,903323E-1	1,512500E+3	-4,128689E-2	1,512500E+3	6,682480E-1	1,512500E+3	-4,251834E-2	1,512500E+3	6,549429E-1	1,512500E+3	-4,914955E-2
1,514062E+3	7,905292E-1	1,514062E+3	-8,375083E-2	1,514062E+3	7,934929E-1	1,514062E+3	-8,690391E-2	1,514062E+3	7,830983E-1	1,514062E+3	-8,705492E-2	1,514062E+3	7,452752E-1	1,514062E+3	-6,424235E-2	1,514062E+3	6,888222E-1	1,514062E+3	-3,836627E-2	1,514062E+3	6,659142E-1	1,514062E+3	-4,738226E-2	1,514062E+3	6,564529E-1	1,514062E+3	-4,431548E-2
1,515625E+3	7,961171E-1	1,515625E+3	-8,386582E-2	1,515625E+3	7,914329E-1	1,515625E+3	-9,079900E-2	1,515625E+3	7,818659E-1	1,515625E+3	-8,825729E-2	1,515625E+3	7,473873E-1	1,515625E+3	-6,546056E-2	1,515625E+3	6,879898E-1	1,515625E+3	-4,317153E-2	1,515625E+3	6,670651E-1	1,515625E+3	-4,378091E-2	1,515625E+3	6,581278E-1	1,515625E+3	-4,797975E-2
1,517187E+3	7,937812E-1	1,517187E+3	-9,351512E-2	1,517187E+3	7,899410E-1	1,517187E+3	-9,424968E-2	1,517187E+3	7,810590E-1	1,517187E+3	-9,179142E-2	1,517187E+3	7,530479E-1	1,517187E+3	-6,592095E-2	1,517187E+3	6,908631E-1	1,517187E+3	-4,722323E-2	1,517187E+3	6,711615E-1	1,517187E+3	-4,173727E-2	1,517187E+3	6,601029E-1	1,517187E+3	-4,867516E-2
1,518750E+3	7,954267E-1	1,518750E+3	-9,631098E-2	1,518750E+3	7,904304E-1	1,518750E+3	-9,734276E-2	1,518750E+3	7,826393E-1	1,518750E+3	-9,181091E-2	1,518750E+3	7,504402E-1	1,518750E+3	-7,219273E-2	1,518750E+3	6,922841E-1	1,518750E+3	-4,862646E-2	1,518750E+3	6,668618E-1	1,518750E+3	-4,378719E-2	1,518750E+3	6,602889E-1	1,518750E+3	-5,061268E-2
1,520312E+3	7,909269E-1	1,520312E+3	-9,764792E-2	1,520312E+3	7,906019E-1	1,520312E+3	-9,928190E-2	1,520312E+3	7,795981E-1	1,520312E+3	-9,288239E-2	1,520312E+3	7,474973E-1	1,520312E+3	-7,548057E-2	1,520312E+3	6,931141E-1	1,520312E+3	-4,755788E-2	1,520312E+3	6,675606E-1	1,520312E+3	-4,576832E-2	1,520312E+3	6,579324E-1	1,520312E+3	-5,199393E-2
1,521875E+3	7,902774E-1	1,521875E+3	-9,866109E-2	1,521875E+3	7,888074E-1	1,521875E+3	-1,031787E-1	1,521875E+3	7,782459E-1	1,521875E+3	-9,534134E-2	1,521875E+3	7,472022E-1	1,521875E+3	-7,979074E-2	1,521875E+3	6,939046E-1	1,521875E+3	-5,050267E-2	1,521875E+3	6,680910E-1	1,521875E+3	-4,520387E-2	1,521875E+3	6,618721E-1	1,521875E+3	-5,194021E-2
1,523437E+3	7,868465E-1	1,523437E+3	-1,007611E-1	1,523437E+3	7,887206E-1	1,523437E+3	-1,043016E-1	1,523437E+3	7,775566E-1	1,523437E+3	-1,004597E-1	1,523437E+3	7,452423E-1	1,523437E+3	-7,881693E-2	1,523437E+3	6,936067E-1	1,523437E+3	-5,048132E-2	1,523437E+3	6,694761E-1	1,523437E+3	-4,028182E-2	1,523437E+3	6,601235E-1	1,523437E+3	-5,262063E-2
1,525000E+3	7,893573E-1	1,525000E+3	-1,106058E-1	1,525000E+3	7,902336E-1	1,525000E+3	-1,055964E-1	1,525000E+3	7,754922E-1	1,525000E+3	-1,007369E-1	1,525000E+3	7,442786E-1	1,525000E+3	-7,785089E-2	1,525000E+3	6,924406E-1	1,525000E+3	-5,215646E-2	1,525000E+3	6,677332E-1	1,525000E+3	-4,825318E-2	1,525000E+3	6,579305E-1	1,525000E+3	-5,280865E-2
1,526562E+3	7,924378E-1	1,526562E+3	-1,044662E-1	1,526562E+3	7,872734E-1	1,526562E+3	-1,092220E-1	1,526562E+3	7,762261E-1	1,526562E+3	-1,047004E-1	1,526562E+3	7,447196E-1	1,526562E+3	-8,104616E-2	1,526562E+3	6,917994E-1	1,526562E+3	-5,373176E-2	1,526562E+3	6,726203E-1	1,526562E+3	-4,777256E-2	1,526562E+3	6,590617E-1	1,526562E+3	-5,005069E-2
1,528125E+3	7,936204E-1	1,528125E+3	-1,066226E-1	1,528125E+3	7,830808E-1	1,528125E+3	-1,078773E-1	1,528125E+3	7,768852E-1	1,528125E+3	-1,071258E-1	1,528125E+3	7,457095E-1	1,528125E+3	-8,053952E-2	1,528125E+3	6,925882E-1	1,528125E+3	-5,227222E-2	1,528125E+3	6,711908E-1	1,528125E+3	-4,727357E-2	1,528125E+3	6,647741E-1	1,528125E+3	-4,250112E-2
1,529687E+3	7,882399E-1	1,529687E+3	-1,090083E-1	1,529687E+3	7,828026E-1	1,529687E+3	-1,143673E-1	1,529687E+3	7,740745E-1	1,529687E+3	-1,093627E-1	1,529687E+3	7,443832E-1	1,529687E+3	-8,400774E-2	1,529687E+3	6,934508E-1	1,529687E+3	-5,522544E-2	1,529687E+3	6,645961E-1	1,529687E+3	-4,643481E-2	1,529687E+3	6,598049E-1	1,529687E+3	-5,239245E-2
1,531250E+3	7,838377E-1	1,531250E+3	-1,140860E-1	1,531250E+3	7,812602E-1	1,531250E+3	-1,153746E-1	1,531250E+3	7,723833E-1	1,531250E+3	-1,097536E-1	1,531250E+3	7,432937E-1	1,531250E+3	-8,450016E-2	1,531250E+3	6,909070E-1	1,531250E+3	-4,959348E-2	1,531250E+3	6,617189E-1	1,531250E+3	-4,895092E-2	1,531250E+3	6,620533E-1	1,531250E+3	-5,557483E-2
1,532812E+3	7,861122E-1	1,532812E+3	-1,176518E-1	1,532812E+3	7,827742E-1	1,532812E+3	-1,178518E-1	1,532812E+3	7,730314E-1	1,532812E+3	-1,110142E-1	1,532812E+3	7,426011E-1	1,532812E+3	-8,613956E-2	1,532812E+3	6,946568E-1	1,532812E+3	-5,282507E-2	1,532812E+3	6,642453E-1	1,532812E+3	-4,946453E-2	1,532812E+3	6,560085E-1	1,532812E+3	-5,431562E-2
1,534375E+3	7,854440E-1	1,534375E+3	-1,143949E-1	1,534375E+3	7,824649E-1	1,534375E+3	-1,207291E-1	1,534375E+3	7,719362E-1	1,534375E+3	-1,157456E-1	1,534375E+3	7,424848E-1	1,534375E+3	-8,966749E-2	1,534375E+3	6,959539E-1	1,534375E+3	-5,763228E-2	1,534375E+3	6,667684E-1	1,534375E+3	-4,875107E-2	1,534375E+3	6,565813E-1	1,534375E+3	-5,146585E-2
1,535937E+3	7,800254E-1	1,535937E+3	-1,235116E-1	1,535937E+3	7,818503E-1	1,535937E+3	-1,244529E-1	1,535937E+3	7,693144E-1	1,535937E+3	-1,185517E-1	1,535937E+3	7,430033E-1	1,535937E+3	-9,445378E-2	1,535937E+3	6,891373E-1	1,535937E+3	-5,755253E-2	1,535937E+3	6,657773E-1	1,535937E+3	-5,018878E-2	1,535937E+3	6,567085E-1	1,535937E+3	-5,427268E-2
1,537500E+3	7,786227E-1	1,537500E+3	-1,255143E-1	1,537500E+3	7,781935E-1	1,537500E+3	-1,250052E-1	1,537500E+3	7,673706E-1	1,537500E+3	-1,196141E-1	1,537500E+3	7,391744E-1	1,537500E+3	-9,263444E-2	1,537500E+3	6,861980E-1	1,537500E+3	-6,031322E-2	1,537500E+3	6,649743E-1	1,537500E+3	-5,008452E-2	1,537500E+3	6,596895E-1	1,537500E+3	-5,444830E-2
1,539062E+3	7,777445E-1	1,539062E+3	-1,237762E-1	1,539062E+3	7,778738E-1	1,539062E+3	-1,275484E-1	1,539062E+3	7,667089E-1	1,539062E+3	-1,205775E-1	1,539062E+3	7,376915E-1	1,539062E+3	-9,474638E-2	1,539062E+3	6,878137E-1	1,539062E+3	-5,721233E-2	1,539062E+3	6,659870E-1	1,539062E+3	-5,447014E-2	1,539062E+3	6,651666E-1	1,539062E+3	-5,406184E-2
1,540625E+3	7,817285E-1	1,540625E+3	-1,222682E-1	1,540625E+3	7,768228E-1	1,540625E+3	-1,293555E-1	1,540625E+3	7,677886E-1	1,540625E+3	-1,265026E-1	1,540625E+3	7,369608E-1	1,540625E+3	-9,615662E-2	1,540625E+3	6,856179E-1	1,540625E+3	-5,831584E-2	1,540625E+3	6,677811E-1	1,540625E+3	-5,200140E-2	1,540625E+3	6,628903E-1	1,540625E+3	-5,983762E-2
1,542187E+3	7,806280E-1	1,542187E+3	-1,265318E-1	1,542187E+3	7,759552E-1	1,542187E+3	-1,321925E-1	1,542187E+3	7,668215E-1	1,542187E+3	-1,252125E-1	1,542187E+3	7,328544E-1	1,542187E+3	-9,746504E-2	1,542187E+3	6,873302E-1	1,542187E+3	-6,092438E-2	1,542187E+3	6,690374E-1	1,542187E+3	-5,263318E-2	1,542187E+3	6,589723E-1	1,542187E+3	-5,955852E-2
1,543750E+3	7,770653E-1	1,543750E+3	-1,303786E-1	1,543750E+3	7,750117E-1	1,543750E+3	-1,324491E-1	1,543750E+3	7,635123E-1	1,543750E+3	-1,246838E-1	1,543750E+3	7,328719E-1	1,543750E+3	-1,031873E-1	1,543750E+3	6,887275E-1	1,543750E+3	-6,296299E-2	1,543750E+3	6,661908E-1	1,543750E+3	-5,177889E-2	1,543750E+3	6,566393E-1	1,543750E+3	-5,777609E-2
1,545312E+3	7,743449E-1	1,545312E+3	-1,298821E-1	1,545312E+3	7,723527E-1	1,545312E+3	-1,344348E-1	1,545312E+3	7,614168E-1	1,545312E+3	-1,304415E-1	1,545312E+3	7,338086E-1	1,545312E+3	-1,002984E-1	1,545312E+3	6,868812E-1	1,545312E+3	-6,437195E-2	1,545312E+3	6,637167E-1	1,545312E+3	-5,118382E-2	1,545312E+3	6,567354E-1	1,545312E+3	-6,134955E-2
1,546875E+3	7,743132E-1	1,546875E+3	-1,363045E-1	1,546875E+3	7,729258E-1	1,546875E+3	-1,372746E-1	1,546875E+3	7,622001E-1	1,546875E+3	-1,316901E-1	1,546875E+3	7,336573E-1	1,546875E+3	-1,009082E-1	1,546875E+3	6,852371E-1	1,546875E+3	-6,317022E-2	1,546875E+3	6,668080E-1	1,546875E+3	-5,393882E-2	1,546875E+3	6,576817E-1	1,546875E+3	-6,236671E-2
1,548437E+3	7,708800E-1	1,548437E+3	-1,424032E-1	1,548437E+3	7,721803E-1	1,548437E+3	-1,414263E-1	1,548437E+3	7,607923E-1	1,548437E+3	-1,334100E-1	1,548437E+3	7,334467E-1	1,548437E+3	-1,043280E-1	1,548437E+3	6,851648E-1	1,548437E+3	-6,432728E-2	1,548437E+3	6,670581E-1	1,548437E+3	-5,293890E-2	1,548437E+3	6,555778E-1	1,548437E+3	-5,870390E-2
1,550000E+3	7,693779E-1	1,550000E+3	-1,398363E-1	1,550000E+3	7,687464E-1	1,550000E+3	-1,429455E-1	1,550000E+3	7,592848E-1	1,550000E+3	-1,374903E-1	1,550000E+3	7,336581E-1	1,550000E+3	-1,077615E-1	1,550000E+3	6,836764E-1	1,550000E+3	-6,489510E-2	1,550000E+3	6,687790E-1	1,550000E+3	-5,719496E-2	1,550000E+3	6,568938E-1	1,550000E+3	-5,651375E-2
1,551562E+3	7,683982E-1	1,551562E+3	-1,390540E-1	1,551562E+3	7,675412E-1	1,551562E+3	-1,434619E-1	1,551562E+3	7,584331E-1	1,551562E+3	-1,368357E-1	1,551562E+3	7,322943E-1	1,551562E+3	-1,095682E-1	1,551562E+3	6,857433E-1	1,551562E+3	-6,752667E-2	1,551562E+3	6,703839E-1	1,551562E+3	-5,835523E-2	1,551562E+3	6,562322E-1	1,551562E+3	-5,937348E-2
1,553125E+3	7,719104E-1	1,553125E+3	-1,445866E-1	1,553125E+3	7,674722E-1	1,553125E+3	-1,475802E-1	1,553125E+3	7,571038E-1	1,553125E+3	-1,383737E-1	1,553125E+3	7,304755E-1	1,553125E+3	-1,112679E-1	1,553125E+3	6,859650E-1	1,553125E+3	-6,945580E-2	1,553125E+3	6,687758E-1	1,553125E+3	-5,548920E-2	1,553125E+3	6,564203E-1	1,553125E+3	-5,881971E-2
1,554687E+3	7,674341E-1	1,554687E+3	-1,481717E-1	1,554687E+3	7,651071E-1	1,554687E+3	-1,480607E-1	1,554687E+3	7,542314E-1	1,554687E+3	-1,434351E-1	1,554687E+3	7,333438E-1	1,554687E+3	-1,076568E-1	1,554687E+3	6,825332E-1	1,554687E+3	-6,835927E-2	1,554687E+3	6,661277E-1	1,554687E+3	-5,716373E-2	1,554687E+3	6,577449E-1	1,554687E+3	-6,012846E-2
1,556250E+3	7,630613E-1	1,556250E+3	-1,461371E-1	1,556250E+3	7,630081E-1	1,556250E+3	-1,491317E-1	1,556250E+3	7,533695E-1	1,556250E+3	-1,428778E-1	1,556250E+3	7,270621E-1	1,556250E+3	-1,155387E-1	1,556250E+3	6,867444E-1	1,556250E+3	-6,857021E-2	1,556250E+3	6,664266E-1	1,556250E+3	-5,728699E-2	1,556250E+3	6,613439E-1	1,556250E+3	-6,198309E-2
1,557812E+3	7,629800E-1	1,557812E+3	-1,520434E-1	1,557812E+3	7,639248E-1	1,557812E+3	-1,535887E-1	1,557812E+3	7,555991E-1	1,557812E+3	-1,461732E-1	1,557812E+3	7,238656E-1	1,557812E+3	-1,149925E-1	1,557812E+3	6,832823E-1	1,557812E+3	-7,135798E-2	1,557812E+3	6,689242E-1	1,557812E+3	-5,449937E-2	1,557812E+3	6,612809E-1	1,557812E+3	-6,251396E-2
1,559375E+3	7,622104E-1	1,559375E+3	-1,531389E-1	1,559375E+3	7,596395E-1	1,559375E+3	-1,556545E-1	1,559375E+3	7,534231E-1	1,559375E+3	-1,493672E-1	1,559375E+3	7,238780E-1	1,559375E+3	-1,127875E-1	1,559375E+3	6,811359E-1	1,559375E+3	-7,202372E-2	1,559375E+3	6,673603E-1	1,559375E+3	-5,558159E-2	1,559375E+3	6,566499E-1	1,559375E+3	-5,645990E-2
1,560937E+3	7,610452E-1	1,560937E+3	-1,545831E-1	1,560937E+3	7,603608E-1	1,560937E+3	-1,571435E-1	1,560937E+3	7,524569E-1	1,560937E+3	-1,490476E-1	1,560937E+3	7,250099E-1	1,560937E+3	-1,159666E-1	1,560937E+3	6,833064E-1	1,560937E+3	-6,754712E-2	1,560937E+3	6,636708E-1	1,560937E+3	-5,937530E-2	1,560937E+3	6,543513E-1	1,560937E+3	-6,080272E-2
1,562500E+3	7,630383E-1	1,562500E+3	-1,564940E-1	1,562500E+3	7,583330E-1	1,562500E+3	-1,577927E-1	1,562500E+3	7,500857E-1	1,562500E+3	-1,490973E-1	1,562500E+3	7,230716E-1	1,562500E+3	-1,208193E-1	1,562500E+3	6,822520E-1	1,562500E+3	-6,848711E-2	1,562500E+3	6,649203E-1	1,562500E+3	-5,898962E-2	1,562500E+3	6,588908E-1	1,562500E+3	-6,481937E-2
1,564062E+3	7,620621E-1	1,564062E+3	-1,616835E-1	1,564062E+3	7,562858E-1	1,564062E+3	-1,614256E-1	1,564062E+3	7,475833E-1	1,564062E+3	-1,506882E-1	1,564062E+3	7,203077E-1	1,564062E+3	-1,197803E-1	1,564062E+3	6,813436E-1	1,564062E+3	-7,163839E-2	1,564062E+3	6,664105E-1	1,564062E+3	-5,885844E-2	1,564062E+3	6,612433E-1	1,564062E+3	-6,270790E-2
1,565625E+3	7,555344E-1	1,565625E+3	-1,617061E-1	1,565625E+3	7,555742E-1	1,565625E+3	-1,649808E-1	1,565625E+3	7,452073E-1	1,565625E+3	-1,579569E-1	1,565625E+3	7,169113E-1	1,565625E+3	-1,208954E-1	1,565625E+3	6,813607E-1	1,565625E+3	-7,378839E-2	1,565625E+3	6,657348E-1	1,565625E+3	-5,798544E-2	1,565625E+3	6,607941E-1	1,565625E+3	-6,121864E-2
1,567187E+3	7,556849E-1	1,567187E+3	-1,623934E-1	1,567187E+3	7,524389E-1	1,567187E+3	-1,630112E-1	1,567187E+3	7,451362E-1	1,567187E+3	-1,551331E-1	1,567187E+3	7,195160E-1	1,567187E+3	-1,194869E-1	1,567187E+3	6,818764E-1	1,567187E+3	-7,004588E-2	1,567187E+3	6,645504E-1	1,567187E+3	-5,892236E-2	1,567187E+3	6,566366E-1	1,567187E+3	-6,279488E-2
1,568750E+3	7,541657E-1	1,568750E+3	-1,638698E-1	1,568750E+3	7,524841E-1	1,568750E+3	-1,673573E-1	1,568750E+3	7,411447E-1	1,568750E+3	-1,599464E-1	1,568750E+3	7,185822E-1	1,568750E+3	-1,269465E-1	1,568750E+3	6,763244E-1	1,568750E+3	-7,530113E-2	1,568750E+3	6,616422E-1	1,568750E+3	-6,058019E-2	1,568750E+3	6,541253E-1	1,568750E+3	-6,304904E-2
1,570312E+3	7,519787E-1	1,570312E+3	-1,669053E-1	1,570312E+3	7,502317E-1	1,570312E+3	-1,699712E-1	1,570312E+3	7,415148E-1	1,570312E+3	-1,603780E-1	1,570312E+3	7,185871E-1	1,570312E+3	-1,264703E-1	1,570312E+3	6,779422E-1	1,570312E+3	-7,719209E-2	1,570312E+3	6,646963E-1	1,570312E+3	-6,077652E-2	1,570312E+3	6,597047E-1	1,570312E+3	-5,914113E-2
1,571875E+3	7,493619E-1	1,571875E+3	-1,703239E-1	1,571875E+3	7,484918E-1	1,571875E+3	-1,716107E-1	1,571875E+3	7,405011E-1	1,571875E+3	-1,631624E-1	1,571875E+3	7,163554E-1	1,571875E+3	-1,272249E-1	1,571875E+3	6,781369E-1	1,571875E+3	-7,785724E-2	1,571875E+3	6,654976E-1	1,571875E+3	-6,275500E-2	1,571875E+3	6,611541E-1	1,571875E+3	-6,109226E-2
1,573437E+3	7,457489E-1	1,573437E+3	-1,704612E-1	1,573437E+3	7,478989E-1	1,573437E+3	-1,741377E-1	1,573437E+3	7,369682E-1	1,573437E+3	-1,648440E-1	1,573437E+3	7,148731E-1	1,573437E+3	-1,286234E-1	1,573437E+3	6,767703E-1	1,573437E+3	-7,805784E-2	1,573437E+3	6,644383E-1	1,573437E+3	-6,221076E-2	1,573437E+3	6,618209E-1	1,573437E+3	-6,540123E-2
1,575000E+3	7,459257E-1	1,575000E+3	-1,739421E-1	1,575000E+3	7,449040E-1	1,575000E+3	-1,753367E-1	1,575000E+3	7,354937E-1	1,575000E+3	-1,659454E-1	1,575000E+3	7,158828E-1	1,575000E+3	-1,296055E-1	1,575000E+3	6,763509E-1	1,575000E+3	-7,568044E-2	1,575000E+3	6,645372E-1	1,575000E+3	-6,219991E-2	1,575000E+3	6,584001E-1	1,575000E+3	-6,247162E-2
1,576562E+3	7,432765E-1	1,576562E+3	-1,737081E-1	1,576562E+3	7,428149E-1	1,576562E+3	-1,768971E-1	1,576562E+3	7,328482E-1	1,576562E+3	-1,676896E-1	1,576562E+3	7,119329E-1	1,576562E+3	-1,313540E-1	1,576562E+3	6,775259E-1	1,576562E+3	-7,751249E-2	1,576562E+3	6,675455E-1	1,576562E+3	-6,281361E-2	1,576562E+3	6,546614E-1	1,576562E+3	-5,682422E-2
1,578125E+3	7,403983E-1	1,578125E+3	-1,734184E-1	1,578125E+3	7,418969E-1	1,578125E+3	-1,784056E-1	1,578125E+3	7,332441E-1	1,578125E+3	-1,704378E-1	1,578125E+3	7,110941E-1	1,578125E+3	-1,316927E-1	1,578125E+3	6,760951E-1	1,578125E+3	-7,873749E-2	1,578125E+3	6,664522E-1	1,578125E+3	-6,407074E-2	1,578125E+3	6,563396E-1	1,578125E+3	-6,210259E-2
1,579687E+3	7,378329E-1	1,579687E+3	-1,755141E-1	1,579687E+3	7,391906E-1	1,579687E+3	-1,826270E-1	1,579687E+3	7,323573E-1	1,579687E+3	-1,723415E-1	1,579687E+3	7,078366E-1	1,579687E+3	-1,338737E-1	1,579687E+3	6,748714E-1	1,579687E+3	-7,911499E-2	1,579687E+3	6,598301E-1	1,579687E+3	-6,356488E-2	1,579687E+3	6,565238E-1	1,579687E+3	-6,446884E-2
1,581250E+3	7,353658E-1	1,581250E+3	-1,793666E-1	1,581250E+3	7,390260E-1	1,581250E+3	-1,813642E-1	1,581250E+3	7,296165E-1	1,581250E+3	-1,733774E-1	1,581250E+3	7,077115E-1	1,581250E+3	-1,343695E-1	1,581250E+3	6,756571E-1	1,581250E+3	-8,088956E-2	1,581250E+3	6,614199E-1	1,581250E+3	-6,410772E-2	1,581250E+3	6,537633E-1	1,581250E+3	-5,836534E-2
1,582812E+3	7,356018E-1	1,582812E+3	-1,848843E-1	1,582812E+3	7,370996E-1	1,582812E+3	-1,859790E-1	1,582812E+3	7,287254E-1	1,582812E+3	-1,756011E-1	1,582812E+3	7,098606E-1	1,582812E+3	-1,379869E-1	1,582812E+3	6,754460E-1	1,582812E+3	-8,274752E-2	1,582812E+3	6,640215E-1	1,582812E+3	-6,589307E-2	1,582812E+3	6,582493E-1	1,582812E+3	-6,106355E-2
1,584375E+3	7,389120E-1	1,584375E+3	-1,887187E-1	1,584375E+3	7,331475E-1	1,584375E+3	-1,875354E-1	1,584375E+3	7,254300E-1	1,584375E+3	-1,801068E-1	1,584375E+3	7,063695E-1	1,584375E+3	-1,401157E-1	1,584375E+3	6,699581E-1	1,584375E+3	-8,334187E-2	1,584375E+3	6,616408E-1	1,584375E+3	-6,105750E-2	1,584375E+3	6,584714E-1	1,584375E+3	-6,559774E-2
1,585937E+3	7,385793E-1	1,585937E+3	-1,892068E-1	1,585937E+3	7,331992E-1	1,585937E+3	-1,897392E-1	1,585937E+3	7,260395E-1	1,585937E+3	-1,800289E-1	1,585937E+3	7,034225E-1	1,585937E+3	-1,415092E-1	1,585937E+3	6,703390E-1	1,585937E+3	-8,117633E-2	1,585937E+3	6,623805E-1	1,585937E+3	-6,074859E-2	1,585937E+3	6,583567E-1	1,585937E+3	-6,056197E-2
1,587500E+3	7,365139E-1	1,587500E+3	-1,857814E-1	1,587500E+3	7,279852E-1	1,587500E+3	-1,910987E-1	1,587500E+3	7,225616E-1	1,587500E+3	-1,805405E-1	1,587500E+3	6,999510E-1	1,587500E+3	-1,399873E-1	1,587500E+3	6,730636E-1	1,587500E+3	-8,443730E-2	1,587500E+3	6,619025E-1	1,587500E+3	-6,197007E-2	1,587500E+3	6,601784E-1	1,587500E+3	-5,720842E-2
1,589062E+3	7,268745E-1	1,589062E+3	-1,894830E-1	1,589062E+3	7,265674E-1	1,589062E+3	-1,910528E-1	1,589062E+3	7,208572E-1	1,589062E+3	-1,804858E-1	1,589062E+3	6,980740E-1	1,589062E+3	-1,397464E-1	1,589062E+3	6,742688E-1	1,589062E+3	-8,322877E-2	1,589062E+3	6,617085E-1	1,589062E+3	-6,238961E-2	1,589062E+3	6,612663E-1	1,589062E+3	-6,298271E-2
1,590625E+3	7,269657E-1	1,590625E+3	-1,918734E-1	1,590625E+3	7,242425E-1	1,590625E+3	-1,930836E-1	1,590625E+3	7,175024E-1	1,590625E+3	-1,831338E-1	1,590625E+3	7,013203E-1	1,590625E+3	-1,425686E-1	1,590625E+3	6,738116E-1	1,590625E+3	-8,082769E-2	1,590625E+3	6,567866E-1	1,590625E+3	-6,104949E-2	1,590625E+3	6,588286E-1	1,590625E+3	-5,938492E-2
1,592187E+3	7,271325E-1	1,592187E+3	-1,954468E-1	1,592187E+3	7,226042E-1	1,592187E+3	-1,938959E-1	1,592187E+3	7,153144E-1	1,592187E+3	-1,856091E-1	1,592187E+3	6,989041E-1	1,592187E+3	-1,459049E-1	1,592187E+3	6,662272E-1	1,592187E+3	-8,394923E-2	1,592187E+3	6,576828E-1	1,592187E+3	-6,550954E-2	1,592187E+3	6,566806E-1	1,592187E+3	-5,977415E-2
1,593750E+3	7,254355E-1	1,593750E+3	-1,954233E-1	1,593750E+3	7,212007E-1	1,593750E+3	-1,978049E-1	1,593750E+3	7,151834E-1	1,593750E+3	-1,870063E-1	1,593750E+3	6,923034E-1	1,593750E+3	-1,485667E-1	1,593750E+3	6,683090E-1	1,593750E+3	-8,450295E-2	1,593750E+3	6,585501E-1	1,593750E+3	-7,006772E-2	1,593750E+3	6,560866E-1	1,593750E+3	-6,681433E-2
1,595312E+3	7,220036E-1	1,595312E+3	-2,006659E-1	1,595312E+3	7,196252E-1	1,595312E+3	-1,992096E-1	1,595312E+3	7,125273E-1	1,595312E+3	-1,890881E-1	1,595312E+3	6,897672E-1	1,595312E+3	-1,496891E-1	1,595312E+3	6,669232E-1	1,595312E+3	-8,390264E-2	1,595312E+3	6,600945E-1	1,595312E+3	-6,629082E-2	1,595312E+3	6,572315E-1	1,595312E+3	-6,506955E-2
1,596875E+3	7,180522E-1	1,596875E+3	-2,008587E-1	1,596875E+3	7,146765E-1	1,596875E+3	-2,018686E-1	1,596875E+3	7,093838E-1	1,596875E+3	-1,918116E-1	1,596875E+3	6,922075E-1	1,596875E+3	-1,477835E-1	1,596875E+3	6,647260E-1	1,596875E+3	-8,722701E-2	1,596875E+3	6,611790E-1	1,596875E+3	-6,719399E-2	1,596875E+3	6,555368E-1	1,596875E+3	-6,307553E-2
1,598437E+3	7,151016E-1	1,598437E+3	-1,982243E-1	1,598437E+3	7,141393E-1	1,598437E+3	-2,042190E-1	1,598437E+3	7,073296E-1	1,598437E+3	-1,939682E-1	1,598437E+3	6,914627E-1	1,598437E+3	-1,496148E-1	1,598437E+3	6,651965E-1	1,598437E+3	-8,795317E-2	1,598437E+3	6,617844E-1	1,598437E+3	-6,878216E-2	1,598437E+3	6,539680E-1	1,598437E+3	-6,303642E-2
1,600000E+3	7,143110E-1	1,600000E+3	-2,018355E-1	1,600000E+3	7,139399E-1	1,600000E+3	-2,047560E-1	1,600000E+3	7,057362E-1	1,600000E+3	-1,928868E-1	1,600000E+3	6,886950E-1	1,600000E+3	-1,546311E-1	1,600000E+3	6,658078E-1	1,600000E+3	-9,030796E-2	1,600000E+3	6,619569E-1	1,600000E+3	-6,851472E-2	1,600000E+3	6,537851E-1	1,600000E+3	-6,580147E-2
1,601562E+3	7,142648E-1	1,601562E+3	-2,049972E-1	1,601562E+3	7,101607E-1	1,601562E+3	-2,056228E-1	1,601562E+3	7,033102E-1	1,601562E+3	-1,950414E-1	1,601562E+3	6,881420E-1	1,601562E+3	-1,539485E-1	1,601562E+3	6,639594E-1	1,601562E+3	-8,905638E-2	1,601562E+3	6,585512E-1	1,601562E+3	-7,314351E-2	1,601562E+3	6,580350E-1	1,601562E+3	-6,405097E-2
1,603125E+3	7,133516E-1	1,603125E+3	-2,066454E-1	1,603125E+3	7,067060E-1	1,603125E+3	-2,084753E-1	1,603125E+3	7,013800E-1	1,603125E+3	-1,957605E-1	1,603125E+3	6,880287E-1	1,603125E+3	-1,519664E-1	1,603125E+3	6,634011E-1	1,603125E+3	-9,073251E-2	1,603125E+3	6,620354E-1	1,603125E+3	-7,007953E-2	1,603125E+3	6,616952E-1	1,603125E+3	-6,919331E-2
1,604687E+3	7,110853E-1	1,604687E+3	-2,087468E-1	1,604687E+3	7,041518E-1	1,604687E+3	-2,105404E-1	1,604687E+3	6,968984E-1	1,604687E+3	-1,996795E-1	1,604687E+3	6,846791E-1	1,604687E+3	-1,536040E-1	1,604687E+3	6,622472E-1	1,604687E+3	-8,668286E-2	1,604687E+3	6,622707E-1	1,604687E+3	-6,781953E-2	1,604687E+3	6,589730E-1	1,604687E+3	-7,199804E-2
1,606250E+3	7,040460E-1	1,606250E+3	-2,098252E-1	1,606250E+3	7,037124E-1	1,606250E+3	-2,111181E-1	1,606250E+3	6,941947E-1	1,606250E+3	-1,983059E-1	1,606250E+3	6,826747E-1	1,606250E+3	-1,553780E-1	1,606250E+3	6,617369E-1	1,606250E+3	-8,913759E-2	1,606250E+3	6,615506E-1	1,606250E+3	-6,844263E-2	1,606250E+3	6,560311E-1	1,606250E+3	-6,859716E-2
1,607812E+3	7,047407E-1	1,607812E+3	-2,103741E-1	1,607812E+3	6,969431E-1	1,607812E+3	-2,098805E-1	1,607812E+3	6,901781E-1	1,607812E+3	-1,987947E-1	1,607812E+3	6,809067E-1	1,607812E+3	-1,544767E-1	1,607812E+3	6,648049E-1	1,607812E+3	-9,475879E-2	1,607812E+3	6,575499E-1	1,607812E+3	-7,234411E-2	1,607812E+3	6,546737E-1	1,607812E+3	-6,616493E-2
1,609375E+3	7,039195E-1	1,609375E+3	-2,153887E-1	1,609375E+3	6,946685E-1	1,609375E+3	-2,139650E-1	1,609375E+3	6,910792E-1	1,609375E+3	-2,028506E-1	1,609375E+3	6,758674E-1	1,609375E+3	-1,538800E-1	1,609375E+3	6,646914E-1	1,609375E+3	-9,210002E-2	1,609375E+3	6,574639E-1	1,609375E+3	-7,136697E-2	1,609375E+3	6,571197E-1	1,609375E+3	-6,716480E-2
1,610937E+3	6,986405E-1	1,610937E+3	-2,201546E-1	1,610937E+3	6,932449E-1	1,610937E+3	-2,147370E-1	1,610937E+3	6,882258E-1	1,610937E+3	-2,030672E-1	1,610937E+3	6,772623E-1	1,610937E+3	-1,549220E-1	1,610937E+3	6,625013E-1	1,610937E+3	-9,378125E-2	1,610937E+3	6,615087E-1	1,610937E+3	-6,581381E-2	1,610937E+3	6,552080E-1	1,610937E+3	-7,079289E-2
1,612500E+3	6,948837E-1	1,612500E+3	-2,164235E-1	1,612500E+3	6,933343E-1	1,612500E+3	-2,183389E-1	1,612500E+3	6,846173E-1	1,612500E+3	-2,036040E-1	1,612500E+3	6,769771E-1	1,612500E+3	-1,562120E-1	1,612500E+3	6,568932E-1	1,612500E+3	-9,150421E-2	1,612500E+3	6,595919E-1	1,612500E+3	-6,780817E-2	1,612500E+3	6,538990E-1	1,612500E+3	-7,039819E-2
1,614062E+3	6,945327E-1	1,614062E+3	-2,151919E-1	1,614062E+3	6,908088E-1	1,614062E+3	-2,176840E-1	1,614062E+3	6,846051E-1	1,614062E+3	-2,039703E-1	1,614062E+3	6,740840E-1	1,614062E+3	-1,625676E-1	1,614062E+3	6,552725E-1	1,614062E+3	-9,199257E-2	1,614062E+3	6,574996E-1	1,614062E+3	-7,056947E-2	1,614062E+3	6,551301E-1	1,614062E+3	-6,534295E-2
1,615625E+3	6,893820E-1	1,615625E+3	-2,187951E-1	1,615625E+3	6,863346E-1	1,615625E+3	-2,210038E-1	1,615625E+3	6,784203E-1	1,615625E+3	-2,060567E-1	1,615625E+3	6,729585E-1	1,615625E+3	-1,620072E-1	1,615625E+3	6,576276E-1	1,615625E+3	-9,306246E-2	1,615625E+3	6,592878E-1	1,615625E+3	-7,199004E-2	1,615625E+3	6,487317E-1	1,615625E+3	-6,703958E-2
1,617187E+3	6,883990E-1	1,617187E+3	-2,228581E-1	1,617187E+3	6,835526E-1	1,617187E+3	-2,197870E-1	1,617187E+3	6,784620E-1	1,617187E+3	-2,065006E-1	1,617187E+3	6,677627E-1	1,617187E+3	-1,615746E-1	1,617187E+3	6,531570E-1	1,617187E+3	-9,121537E-2	1,617187E+3	6,580352E-1	1,617187E+3	-7,207538E-2	1,617187E+3	6,544030E-1	1,617187E+3	-6,954532E-2
1,618750E+3	6,788308E-1	1,618750E+3	-2,314869E-1	1,618750E+3	6,805499E-1	1,618750E+3	-2,238769E-1	1,618750E+3	6,768965E-1	1,618750E+3	-2,100300E-1	1,618750E+3	6,623513E-1	1,618750E+3	-1,609994E-1	1,618750E+3	6,536055E-1	1,618750E+3	-9,431711E-2	1,618750E+3	6,572785E-1	1,618750E+3	-7,344808E-2	1,618750E+3	6,584071E-1	1,618750E+3	-6,550347E-2
1,620312E+3	6,828131E-1	1,620312E+3	-2,238680E-1	1,620312E+3	6,800346E-1	1,620312E+3	-2,244720E-1	1,620312E+3	6,730894E-1	1,620312E+3	-2,096587E-1	1,620312E+3	6,620102E-1	1,620312E+3	-1,614897E-1	1,620312E+3	6,608522E-1	1,620312E+3	-9,225835E-2	1,620312E+3	6,585350E-1	1,620312E+3	-7,353803E-2	1,620312E+3	6,611209E-1	1,620312E+3	-7,003662E-2
1,621875E+3	6,857026E-1	1,621875E+3	-2,120245E-1	1,621875E+3	6,793163E-1	1,621875E+3	-2,227995E-1	1,621875E+3	6,700877E-1	1,621875E+3	-2,121814E-1	1,621875E+3	6,634407E-1	1,621875E+3	-1,657166E-1	1,621875E+3	6,624898E-1	1,621875E+3	-9,222160E-2	1,621875E+3	6,584653E-1	1,621875E+3	-7,106651E-2	1,621875E+3	6,565903E-1	1,621875E+3	-7,034753E-2
1,623437E+3	6,781085E-1	1,623437E+3	-2,245498E-1	1,623437E+3	6,758939E-1	1,623437E+3	-2,260627E-1	1,623437E+3	6,670419E-1	1,623437E+3	-2,137378E-1	1,623437E+3	6,621648E-1	1,623437E+3	-1,614614E-1	1,623437E+3	6,572240E-1	1,623437E+3	-9,489505E-2	1,623437E+3	6,522326E-1	1,623437E+3	-7,281789E-2	1,623437E+3	6,548972E-1	1,623437E+3	-7,007828E-2
1,625000E+3	6,733692E-1	1,625000E+3	-2,239610E-1	1,625000E+3	6,696023E-1	1,625000E+3	-2,280397E-1	1,625000E+3	6,663400E-1	1,625000E+3	-2,117908E-1	1,625000E+3	6,600231E-1	1,625000E+3	-1,630699E-1	1,625000E+3	6,550266E-1	1,625000E+3	-1,011465E-1	1,625000E+3	6,535670E-1	1,625000E+3	-7,254200E-2	1,625000E+3	6,519658E-1	1,625000E+3	-7,178114E-2
1,626562E+3	6,725306E-1	1,626562E+3	-2,274952E-1	1,626562E+3	6,673331E-1	1,626562E+3	-2,281332E-1	1,626562E+3	6,643744E-1	1,626562E+3	-2,178317E-1	1,626562E+3	6,570723E-1	1,626562E+3	-1,682677E-1	1,626562E+3	6,541252E-1	1,626562E+3	-9,635213E-2	1,626562E+3	6,517237E-1	1,626562E+3	-6,866487E-2	1,626562E+3	6,503406E-1	1,626562E+3	-6,833113E-2
1,628125E+3	6,736814E-1	1,628125E+3	-2,352797E-1	1,628125E+3	6,645438E-1	1,628125E+3	-2,285314E-1	1,628125E+3	6,636955E-1	1,628125E+3	-2,174848E-1	1,628125E+3	6,572746E-1	1,628125E+3	-1,690653E-1	1,628125E+3	6,513639E-1	1,628125E+3	-9,438867E-2	1,628125E+3	6,568112E-1	1,628125E+3	-7,063037E-2	1,628125E+3	6,522765E-1	1,628125E+3	-6,964220E-2
1,629687E+3	6,679637E-1	1,629687E+3	-2,335016E-1	1,629687E+3	6,623499E-1	1,629687E+3	-2,309990E-1	1,629687E+3	6,580957E-1	1,629687E+3	-2,204624E-1	1,629687E+3	6,541241E-1	1,629687E+3	-1,669370E-1	1,629687E+3	6,508626E-1	1,629687E+3	-9,677659E-2	1,629687E+3	6,546750E-1	1,629687E+3	-6,922454E-2	1,629687E+3	6,578125E-1	1,629687E+3	-7,111735E-2
1,631250E+3	6,627625E-1	1,631250E+3	-2,328709E-1	1,631250E+3	6,610779E-1	1,631250E+3	-2,321836E-1	1,631250E+3	6,545124E-1	1,631250E+3	-2,175081E-1	1,631250E+3	6,473522E-1	1,631250E+3	-1,637921E-1	1,631250E+3	6,498650E-1	1,631250E+3	-1,009453E-1	1,631250E+3	6,527636E-1	1,631250E+3	-7,329565E-2	1,631250E+3	6,599007E-1	1,631250E+3	-7,266941E-2
1,632812E+3	6,597540E-1	1,632812E+3	-2,336919E-1	1,632812E+3	6,556767E-1	1,632812E+3	-2,334114E-1	1,632812E+3	6,532389E-1	1,632812E+3	-2,176842E-1	1,632812E+3	6,452070E-1	1,632812E+3	-1,681536E-1	1,632812E+3	6,467927E-1	1,632812E+3	-9,739733E-2	1,632812E+3	6,477405E-1	1,632812E+3	-7,412704E-2	1,632812E+3	6,524230E-1	1,632812E+3	-7,783330E-2
1,634375E+3	6,550108E-1	1,634375E+3	-2,333144E-1	1,634375E+3	6,525578E-1	1,634375E+3	-2,337766E-1	1,634375E+3	6,508741E-1	1,634375E+3	-2,178326E-1	1,634375E+3	6,489471E-1	1,634375E+3	-1,707849E-1	1,634375E+3	6,476258E-1	1,634375E+3	-9,507850E-2	1,634375E+3	6,444384E-1	1,634375E+3	-7,086479E-2	1,634375E+3	6,556564E-1	1,634375E+3	-7,101041E-2
1,635937E+3	6,527984E-1	1,635937E+3	-2,338247E-1	1,635937E+3	6,502056E-1	1,635937E+3	-2,326690E-1	1,635937E+3	6,468816E-1	1,635937E+3	-2,205032E-1	1,635937E+3	6,457722E-1	1,635937E+3	-1,688756E-1	1,635937E+3	6,468737E-1	1,635937E+3	-1,002335E-1	1,635937E+3	6,525129E-1	1,635937E+3	-7,465381E-2	1,635937E+3	6,567770E-1	1,635937E+3	-7,349639E-2
1,637500E+3	6,476360E-1	1,637500E+3	-2,342719E-1	1,637500E+3	6,456655E-1	1,637500E+3	-2,337532E-1	1,637500E+3	6,444927E-1	1,637500E+3	-2,201947E-1	1,637500E+3	6,417745E-1	1,637500E+3	-1,709925E-1	1,637500E+3	6,474314E-1	1,637500E+3	-9,759528E-2	1,637500E+3	6,577139E-1	1,637500E+3	-7,722624E-2	1,637500E+3	6,636081E-1	1,637500E+3	-6,965054E-2
1,639062E+3	6,449831E-1	1,639062E+3	-2,352035E-1	1,639062E+3	6,434286E-1	1,639062E+3	-2,359345E-1	1,639062E+3	6,413570E-1	1,639062E+3	-2,228432E-1	1,639062E+3	6,402272E-1	1,639062E+3	-1,698087E-1	1,639062E+3	6,496574E-1	1,639062E+3	-9,302566E-2	1,639062E+3	6,520706E-1	1,639062E+3	-7,290083E-2	1,639062E+3	6,553129E-1	1,639062E+3	-7,198389E-2
1,640625E+3	6,412559E-1	1,640625E+3	-2,374673E-1	1,640625E+3	6,394319E-1	1,640625E+3	-2,373658E-1	1,640625E+3	6,387338E-1	1,640625E+3	-2,205631E-1	1,640625E+3	6,363937E-1	1,640625E+3	-1,698363E-1	1,640625E+3	6,514222E-1	1,640625E+3	-9,362800E-2	1,640625E+3	6,512925E-1	1,640625E+3	-6,843931E-2	1,640625E+3	6,472047E-1	1,640625E+3	-7,226147E-2
1,642187E+3	6,386695E-1	1,642187E+3	-2,376111E-1	1,642187E+3	6,373415E-1	1,642187E+3	-2,376349E-1	1,642187E+3	6,337374E-1	1,642187E+3	-2,229315E-1	1,642187E+3	6,380858E-1	1,642187E+3	-1,674620E-1	1,642187E+3	6,487253E-1	1,642187E+3	-9,297163E-2	1,642187E+3	6,520003E-1	1,642187E+3	-7,138060E-2	1,642187E+3	6,578628E-1	1,642187E+3	-6,924233E-2
1,643750E+3	6,365377E-1	1,643750E+3	-2,421520E-1	1,643750E+3	6,343269E-1	1,643750E+3	-2,364421E-1	1,643750E+3	6,332103E-1	1,643750E+3	-2,218537E-1	1,643750E+3	6,330229E-1	1,643750E+3	-1,712806E-1	1,643750E+3	6,430536E-1	1,643750E+3	-9,446675E-2	1,643750E+3	6,531139E-1	1,643750E+3	-7,255771E-2	1,643750E+3	6,584228E-1	1,643750E+3	-6,771205E-2
1,645312E+3	6,344477E-1	1,645312E+3	-2,384653E-1	1,645312E+3	6,317441E-1	1,645312E+3	-2,372937E-1	1,645312E+3	6,263372E-1	1,645312E+3	-2,254851E-1	1,645312E+3	6,323110E-1	1,645312E+3	-1,676981E-1	1,645312E+3	6,424001E-1	1,645312E+3	-9,655309E-2	1,645312E+3	6,545243E-1	1,645312E+3	-7,128055E-2	1,645312E+3	6,569344E-1	1,645312E+3	-6,751489E-2
1,646875E+3	6,307898E-1	1,646875E+3	-2,389619E-1	1,646875E+3	6,259440E-1	1,646875E+3	-2,384238E-1	1,646875E+3	6,225722E-1	1,646875E+3	-2,251191E-1	1,646875E+3	6,331911E-1	1,646875E+3	-1,697303E-1	1,646875E+3	6,442455E-1	1,646875E+3	-9,339488E-2	1,646875E+3	6,510543E-1	1,646875E+3	-6,953876E-2	1,646875E+3	6,631094E-1	1,646875E+3	-6,840009E-2
1,648437E+3	6,269995E-1	1,648437E+3	-2,409786E-1	1,648437E+3	6,233840E-1	1,648437E+3	-2,377473E-1	1,648437E+3	6,213258E-1	1,648437E+3	-2,245477E-1	1,648437E+3	6,273337E-1	1,648437E+3	-1,692871E-1	1,648437E+3	6,423370E-1	1,648437E+3	-9,495811E-2	1,648437E+3	6,501548E-1	1,648437E+3	-7,329331E-2	1,648437E+3	6,654599E-1	1,648437E+3	-6,853766E-2
1,650000E+3	6,265788E-1	1,650000E+3	-2,365107E-1	1,650000E+3	6,199108E-1	1,650000E+3	-2,393805E-1	1,650000E+3	6,190229E-1	1,650000E+3	-2,218703E-1	1,650000E+3	6,206147E-1	1,650000E+3	-1,706886E-1	1,650000E+3	6,423856E-1	1,650000E+3	-9,475303E-2	1,650000E+3	6,494775E-1	1,650000E+3	-7,475904E-2	1,650000E+3	6,612586E-1	1,650000E+3	-7,383642E-2
1,651562E+3	6,198376E-1	1,651562E+3	-2,425082E-1	1,651562E+3	6,175850E-1	1,651562E+3	-2,401160E-1	1,651562E+3	6,157480E-1	1,651562E+3	-2,261141E-1	1,651562E+3	6,226639E-1	1,651562E+3	-1,715573E-1	1,651562E+3	6,421587E-1	1,651562E+3	-9,688448E-2	1,651562E+3	6,514689E-1	1,651562E+3	-7,436596E-2	1,651562E+3	6,570646E-1	1,651562E+3	-6,815079E-2
1,653125E+3	6,171303E-1	1,653125E+3	-2,432071E-1	1,653125E+3	6,154530E-1	1,653125E+3	-2,427513E-1	1,653125E+3	6,152790E-1	1,653125E+3	-2,237907E-1	1,653125E+3	6,202458E-1	1,653125E+3	-1,737610E-1	1,653125E+3	6,372770E-1	1,653125E+3	-9,479913E-2	1,653125E+3	6,476515E-1	1,653125E+3	-7,007386E-2	1,653125E+3	6,548045E-1	1,653125E+3	-6,591873E-2
1,654687E+3	6,142364E-1	1,654687E+3	-2,420211E-1	1,654687E+3	6,093946E-1	1,654687E+3	-2,425572E-1	1,654687E+3	6,086446E-1	1,654687E+3	-2,283004E-1	1,654687E+3	6,166637E-1	1,654687E+3	-1,745152E-1	1,654687E+3	6,368329E-1	1,654687E+3	-9,527861E-2	1,654687E+3	6,484592E-1	1,654687E+3	-7,739052E-2	1,654687E+3	6,532917E-1	1,654687E+3	-6,021147E-2
1,656250E+3	6,110042E-1	1,656250E+3	-2,394275E-1	1,656250E+3	6,063083E-1	1,656250E+3	-2,381316E-1	1,656250E+3	6,045244E-1	1,656250E+3	-2,261263E-1	1,656250E+3	6,186968E-1	1,656250E+3	-1,769247E-1	1,656250E+3	6,374350E-1	1,656250E+3	-9,346182E-2	1,656250E+3	6,478483E-1	1,656250E+3	-7,140278E-2	1,656250E+3	6,513173E-1	1,656250E+3	-6,410336E-2
1,657812E+3	6,055513E-1	1,657812E+3	-2,388395E-1	1,657812E+3	6,025690E-1	1,657812E+3	-2,395014E-1	1,657812E+3	6,008201E-1	1,657812E+3	-2,249485E-1	1,657812E+3	6,141343E-1	1,657812E+3	-1,734466E-1	1,657812E+3	6,373642E-1	1,657812E+3	-9,590446E-2	1,657812E+3	6,446096E-1	1,657812E+3	-7,274842E-2	1,657812E+3	6,493324E-1	1,657812E+3	-6,401101E-2
1,659375E+3	6,032182E-1	1,659375E+3	-2,434301E-1	1,659375E+3	5,999072E-1	1,659375E+3	-2,401507E-1	1,659375E+3	5,977820E-1	1,659375E+3	-2,245232E-1	1,659375E+3	6,094470E-1	1,659375E+3	-1,726334E-1	1,659375E+3	6,361718E-1	1,659375E+3	-9,538092E-2	1,659375E+3	6,473727E-1	1,659375E+3	-7,179303E-2	1,659375E+3	6,558598E-1	1,659375E+3	-6,766812E-2
1,660937E+3	5,996093E-1	1,660937E+3	-2,393383E-1	1,660937E+3	5,948340E-1	1,660937E+3	-2,411452E-1	1,660937E+3	5,951089E-1	1,660937E+3	-2,222594E-1	1,660937E+3	6,066062E-1	1,660937E+3	-1,718403E-1	1,660937E+3	6,334431E-1	1,660937E+3	-9,237093E-2	1,660937E+3	6,494727E-1	1,660937E+3	-7,137261E-2	1,660937E+3	6,572952E-1	1,660937E+3	-7,174658E-2
1,662500E+3	5,972549E-1	1,662500E+3	-2,461604E-1	1,662500E+3	5,909215E-1	1,662500E+3	-2,394319E-1	1,662500E+3	5,916083E-1	1,662500E+3	-2,246985E-1	1,662500E+3	6,064702E-1	1,662500E+3	-1,727163E-1	1,662500E+3	6,337454E-1	1,662500E+3	-9,788329E-2	1,662500E+3	6,477807E-1	1,662500E+3	-7,091147E-2	1,662500E+3	6,474991E-1	1,662500E+3	-6,517267E-2
1,664062E+3	5,956248E-1	1,664062E+3	-2,461899E-1	1,664062E+3	5,889481E-1	1,664062E+3	-2,414208E-1	1,664062E+3	5,896417E-1	1,664062E+3	-2,243725E-1	1,664062E+3	6,030161E-1	1,664062E+3	-1,701148E-1	1,664062E+3	6,316341E-1	1,664062E+3	-9,428081E-2	1,664062E+3	6,450655E-1	1,664062E+3	-7,259000E-2	1,664062E+3	6,528495E-1	1,664062E+3	-6,988597E-2
1,665625E+3	5,891159E-1	1,665625E+3	-2,456508E-1	1,665625E+3	5,861006E-1	1,665625E+3	-2,406409E-1	1,665625E+3	5,876751E-1	1,665625E+3	-2,234208E-1	1,665625E+3	6,015975E-1	1,665625E+3	-1,663500E-1	1,665625E+3	6,268184E-1	1,665625E+3	-9,613149E-2	1,665625E+3	6,477254E-1	1,665625E+3	-7,449182E-2	1,665625E+3	6,502026E-1	1,665625E+3	-6,922799E-2
1,667187E+3	5,872956E-1	1,667187E+3	-2,436525E-1	1,667187E+3	5,804171E-1	1,667187E+3	-2,388241E-1	1,667187E+3	5,834968E-1	1,667187E+3	-2,220510E-1	1,667187E+3	5,976847E-1	1,667187E+3	-1,675013E-1	1,667187E+3	6,265471E-1	1,667187E+3	-9,089247E-2	1,667187E+3	6,421238E-1	1,667187E+3	-7,379142E-2	1,667187E+3	6,532489E-1	1,667187E+3	-6,501862E-2
1,668750E+3	5,826725E-1	1,668750E+3	-2,393267E-1	1,668750E+3	5,768491E-1	1,668750E+3	-2,396881E-1	1,668750E+3	5,806886E-1	1,668750E+3	-2,231188E-1	1,668750E+3	5,951346E-1	1,668750E+3	-1,681496E-1	1,668750E+3	6,291558E-1	1,668750E+3	-9,257965E-2	1,668750E+3	6,461924E-1	1,668750E+3	-7,152181E-2	1,668750E+3	6,564319E-1	1,668750E+3	-6,507137E-2
1,670312E+3	5,778131E-1	1,670312E+3	-2,391717E-1	1,670312E+3	5,732821E-1	1,670312E+3	-2,387016E-1	1,670312E+3	5,751940E-1	1,670312E+3	-2,239245E-1	1,670312E+3	5,916309E-1	1,670312E+3	-1,685416E-1	1,670312E+3	6,278306E-1	1,670312E+3	-9,138831E-2	1,670312E+3	6,448633E-1	1,670312E+3	-6,789063E-2	1,670312E+3	6,619032E-1	1,670312E+3	-6,832555E-2
1,671875E+3	5,756844E-1	1,671875E+3	-2,404352E-1	1,671875E+3	5,713926E-1	1,671875E+3	-2,384961E-1	1,671875E+3	5,722270E-1	1,671875E+3	-2,210744E-1	1,671875E+3	5,898091E-1	1,671875E+3	-1,660921E-1	1,671875E+3	6,288028E-1	1,671875E+3	-8,928586E-2	1,671875E+3	6,435671E-1	1,671875E+3	-6,801965E-2	1,671875E+3	6,550649E-1	1,671875E+3	-6,950550E-2
1,673437E+3	5,671530E-1	1,673437E+3	-2,438164E-1	1,673437E+3	5,652939E-1	1,673437E+3	-2,378231E-1	1,673437E+3	5,692206E-1	1,673437E+3	-2,195009E-1	1,673437E+3	5,906817E-1	1,673437E+3	-1,649189E-1	1,673437E+3	6,281687E-1	1,673437E+3	-9,305764E-2	1,673437E+3	6,453807E-1	1,673437E+3	-7,379582E-2	1,673437E+3	6,592041E-1	1,673437E+3	-7,039964E-2
1,675000E+3	5,651663E-1	1,675000E+3	-2,409110E-1	1,675000E+3	5,618005E-1	1,675000E+3	-2,360896E-1	1,675000E+3	5,650675E-1	1,675000E+3	-2,213814E-1	1,675000E+3	5,888152E-1	1,675000E+3	-1,640805E-1	1,675000E+3	6,287690E-1	1,675000E+3	-9,268092E-2	1,675000E+3	6,425447E-1	1,675000E+3	-7,078378E-2	1,675000E+3	6,575770E-1	1,675000E+3	-6,844122E-2
1,676562E+3	5,635871E-1	1,676562E+3	-2,395936E-1	1,676562E+3	5,577262E-1	1,676562E+3	-2,377333E-1	1,676562E+3	5,601967E-1	1,676562E+3	-2,205475E-1	1,676562E+3	5,863760E-1	1,676562E+3	-1,623062E-1	1,676562E+3	6,308957E-1	1,676562E+3	-9,282125E-2	1,676562E+3	6,419777E-1	1,676562E+3	-7,250255E-2	1,676562E+3	6,599685E-1	1,676562E+3	-6,321554E-2
1,678125E+3	5,553833E-1	1,678125E+3	-2,382328E-1	1,678125E+3	5,521309E-1	1,678125E+3	-2,370133E-1	1,678125E+3	5,557147E-1	1,678125E+3	-2,181319E-1	1,678125E+3	5,806311E-1	1,678125E+3	-1,648225E-1	1,678125E+3	6,267330E-1	1,678125E+3	-9,741711E-2	1,678125E+3	6,434470E-1	1,678125E+3	-7,191338E-2	1,678125E+3	6,582164E-1	1,678125E+3	-6,563658E-2
1,679687E+3	5,513895E-1	1,679687E+3	-2,431091E-1	1,679687E+3	5,503936E-1	1,679687E+3	-2,355098E-1	1,679687E+3	5,551745E-1	1,679687E+3	-2,184299E-1	1,679687E+3	5,781231E-1	1,679687E+3	-1,631773E-1	1,679687E+3	6,279687E-1	1,679687E+3	-9,384642E-2	1,679687E+3	6,398643E-1	1,679687E+3	-6,941945E-2	1,679687E+3	6,512122E-1	1,679687E+3	-6,689325E-2
1,681250E+3	5,547752E-1	1,681250E+3	-2,322683E-1	1,681250E+3	5,481880E-1	1,681250E+3	-2,323383E-1	1,681250E+3	5,507179E-1	1,681250E+3	-2,180374E-1	1,681250E+3	5,760266E-1	1,681250E+3	-1,643002E-1	1,681250E+3	6,261888E-1	1,681250E+3	-8,582858E-2	1,681250E+3	6,424296E-1	1,681250E+3	-7,215587E-2	1,681250E+3	6,572562E-1	1,681250E+3	-6,353207E-2
1,682812E+3	5,490314E-1	1,682812E+3	-2,314158E-1	1,682812E+3	5,445674E-1	1,682812E+3	-2,317538E-1	1,682812E+3	5,487569E-1	1,682812E+3	-2,142203E-1	1,682812E+3	5,713126E-1	1,682812E+3	-1,608705E-1	1,682812E+3	6,210644E-1	1,682812E+3	-8,935652E-2	1,682812E+3	6,458957E-1	1,682812E+3	-6,595374E-2	1,682812E+3	6,611589E-1	1,682812E+3	-6,008433E-2
1,684375E+3	5,425925E-1	1,684375E+3	-2,338688E-1	1,684375E+3	5,389706E-1	1,684375E+3	-2,307623E-1	1,684375E+3	5,443667E-1	1,684375E+3	-2,152375E-1	1,684375E+3	5,717605E-1	1,684375E+3	-1,560486E-1	1,684375E+3	6,232270E-1	1,684375E+3	-8,958869E-2	1,684375E+3	6,351223E-1	1,684375E+3	-6,382116E-2	1,684375E+3	6,587564E-1	1,684375E+3	-6,356209E-2
1,685937E+3	5,379374E-1	1,685937E+3	-2,337339E-1	1,685937E+3	5,344691E-1	1,685937E+3	-2,295674E-1	1,685937E+3	5,413906E-1	1,685937E+3	-2,124030E-1	1,685937E+3	5,684386E-1	1,685937E+3	-1,612668E-1	1,685937E+3	6,236340E-1	1,685937E+3	-9,009888E-2	1,685937E+3	6,406062E-1	1,685937E+3	-6,984639E-2	1,685937E+3	6,551876E-1	1,685937E+3	-6,545792E-2
1,687500E+3	5,329299E-1	1,687500E+3	-2,309189E-1	1,687500E+3	5,320352E-1	1,687500E+3	-2,276164E-1	1,687500E+3	5,382294E-1	1,687500E+3	-2,104081E-1	1,687500E+3	5,648456E-1	1,687500E+3	-1,607863E-1	1,687500E+3	6,176396E-1	1,687500E+3	-8,785481E-2	1,687500E+3	6,451420E-1	1,687500E+3	-6,961951E-2	1,687500E+3	6,574787E-1	1,687500E+3	-6,003804E-2
1,689062E+3	5,278079E-1	1,689062E+3	-2,288058E-1	1,689062E+3	5,260340E-1	1,689062E+3	-2,262920E-1	1,689062E+3	5,335749E-1	1,689062E+3	-2,121609E-1	1,689062E+3	5,636754E-1	1,689062E+3	-1,610050E-1	1,689062E+3	6,179625E-1	1,689062E+3	-8,920852E-2	1,689062E+3	6,401881E-1	1,689062E+3	-6,516656E-2	1,689062E+3	6,555417E-1	1,689062E+3	-5,892404E-2
1,690625E+3	5,260797E-1	1,690625E+3	-2,294587E-1	1,690625E+3	5,216931E-1	1,690625E+3	-2,245854E-1	1,690625E+3	5,293807E-1	1,690625E+3	-2,085605E-1	1,690625E+3	5,608607E-1	1,690625E+3	-1,600798E-1	1,690625E+3	6,180808E-1	1,690625E+3	-8,981612E-2	1,690625E+3	6,362319E-1	1,690625E+3	-6,142930E-2	1,690625E+3	6,562356E-1	1,690625E+3	-6,381075E-2
1,692187E+3	5,213888E-1	1,692187E+3	-2,279728E-1	1,692187E+3	5,196819E-1	1,692187E+3	-2,229431E-1	1,692187E+3	5,247959E-1	1,692187E+3	-2,093345E-1	1,692187E+3	5,586442E-1	1,692187E+3	-1,549658E-1	1,692187E+3	6,157918E-1	1,692187E+3	-9,260028E-2	1,692187E+3	6,399607E-1	1,692187E+3	-6,559272E-2	1,692187E+3	6,565420E-1	1,692187E+3	-6,633020E-2
1,693750E+3	5,187918E-1	1,693750E+3	-2,243478E-1	1,693750E+3	5,139135E-1	1,693750E+3	-2,217861E-1	1,693750E+3	5,229281E-1	1,693750E+3	-2,042650E-1	1,693750E+3	5,564247E-1	1,693750E+3	-1,545603E-1	1,693750E+3	6,172741E-1	1,693750E+3	-8,800923E-2	1,693750E+3	6,383650E-1	1,693750E+3	-6,628447E-2	1,693750E+3	6,520759E-1	1,693750E+3	-6,399376E-2
1,695312E+3	5,152131E-1	1,695312E+3	-2,267049E-1	1,695312E+3	5,100067E-1	1,695312E+3	-2,187286E-1	1,695312E+3	5,181118E-1	1,695312E+3	-2,031446E-1	1,695312E+3	5,543759E-1	1,695312E+3	-1,531670E-1	1,695312E+3	6,162545E-1	1,695312E+3	-8,779518E-2	1,695312E+3	6,411409E-1	1,695312E+3	-6,693755E-2	1,695312E+3	6,505715E-1	1,695312E+3	-6,473888E-2
1,696875E+3	5,134750E-1	1,696875E+3	-2,216532E-1	1,696875E+3	5,069391E-1	1,696875E+3	-2,174428E-1	1,696875E+3	5,143363E-1	1,696875E+3	-2,006699E-1	1,696875E+3	5,513397E-1	1,696875E+3	-1,494290E-1	1,696875E+3	6,178185E-1	1,696875E+3	-8,317933E-2	1,696875E+3	6,380215E-1	1,696875E+3	-6,820219E-2	1,696875E+3	6,522479E-1	1,696875E+3	-6,801217E-2
1,698437E+3	5,078734E-1	1,698437E+3	-2,215473E-1	1,698437E+3	5,029197E-1	1,698437E+3	-2,153705E-1	1,698437E+3	5,126979E-1	1,698437E+3	-2,003795E-1	1,698437E+3	5,490316E-1	1,698437E+3	-1,521190E-1	1,698437E+3	6,108030E-1	1,698437E+3	-8,607417E-2	1,698437E+3	6,391932E-1	1,698437E+3	-6,433714E-2	1,698437E+3	6,513751E-1	1,698437E+3	-6,359252E-2
1,700000E+3	5,053201E-1	1,700000E+3	-2,183278E-1	1,700000E+3	4,979998E-1	1,700000E+3	-2,138879E-1	1,700000E+3	5,090784E-1	1,700000E+3	-1,971216E-1	1,700000E+3	5,440426E-1	1,700000E+3	-1,480947E-1	1,700000E+3	6,094203E-1	1,700000E+3	-8,703022E-2	1,700000E+3	6,405921E-1	1,700000E+3	-6,524037E-2	1,700000E+3	6,578148E-1	1,700000E+3	-5,579394E-2
1,701562E+3	5,002197E-1	1,701562E+3	-2,141055E-1	1,701562E+3	4,953213E-1	1,701562E+3	-2,112128E-1	1,701562E+3	5,060093E-1	1,701562E+3	-1,943833E-1	1,701562E+3	5,428265E-1	1,701562E+3	-1,433131E-1	1,701562E+3	6,053904E-1	1,701562E+3	-8,108511E-2	1,701562E+3	6,386561E-1	1,701562E+3	-6,872069E-2	1,701562E+3	6,548295E-1	1,701562E+3	-6,398188E-2
1,703125E+3	4,949365E-1	1,703125E+3	-2,150110E-1	1,703125E+3	4,913449E-1	1,703125E+3	-2,093900E-1	1,703125E+3	5,010744E-1	1,703125E+3	-1,930909E-1	1,703125E+3	5,442538E-1	1,703125E+3	-1,428984E-1	1,703125E+3	6,101219E-1	1,703125E+3	-8,277157E-2	1,703125E+3	6,390404E-1	1,703125E+3	-6,367848E-2	1,703125E+3	6,556578E-1	1,703125E+3	-6,948080E-2
1,704687E+3	4,926391E-1	1,704687E+3	-2,120290E-1	1,704687E+3	4,895408E-1	1,704687E+3	-2,065892E-1	1,704687E+3	4,942529E-1	1,704687E+3	-1,892033E-1	1,704687E+3	5,402623E-1	1,704687E+3	-1,456332E-1	1,704687E+3	6,103316E-1	1,704687E+3	-7,924559E-2	1,704687E+3	6,370773E-1	1,704687E+3	-6,600438E-2	1,704687E+3	6,584046E-1	1,704687E+3	-6,635549E-2
1,706250E+3	4,912226E-1	1,706250E+3	-2,110710E-1	1,706250E+3	4,850455E-1	1,706250E+3	-2,038379E-1	1,706250E+3	4,940317E-1	1,706250E+3	-1,869027E-1	1,706250E+3	5,394154E-1	1,706250E+3	-1,439074E-1	1,706250E+3	6,101106E-1	1,706250E+3	-7,978616E-2	1,706250E+3	6,416478E-1	1,706250E+3	-6,655433E-2	1,706250E+3	6,555590E-1	1,706250E+3	-6,244737E-2
1,707812E+3	4,861836E-1	1,707812E+3	-2,085932E-1	1,707812E+3	4,797904E-1	1,707812E+3	-2,010832E-1	1,707812E+3	4,906955E-1	1,707812E+3	-1,855924E-1	1,707812E+3	5,350440E-1	1,707812E+3	-1,428259E-1	1,707812E+3	6,119097E-1	1,707812E+3	-8,083846E-2	1,707812E+3	6,417193E-1	1,707812E+3	-6,286981E-2	1,707812E+3	6,510300E-1	1,707812E+3	-5,775573E-2
1,709375E+3	4,801919E-1	1,709375E+3	-2,045521E-1	1,709375E+3	4,773635E-1	1,709375E+3	-2,003381E-1	1,709375E+3	4,873540E-1	1,709375E+3	-1,818642E-1	1,709375E+3	5,315130E-1	1,709375E+3	-1,389611E-1	1,709375E+3	6,111607E-1	1,709375E+3	-7,841908E-2	1,709375E+3	6,414086E-1	1,709375E+3	-6,160787E-2	1,709375E+3	6,495897E-1	1,709375E+3	-6,290857E-2
1,710937E+3	4,783335E-1	1,710937E+3	-2,014947E-1	1,710937E+3	4,736611E-1	1,710937E+3	-1,966854E-1	1,710937E+3	4,830022E-1	1,710937E+3	-1,796421E-1	1,710937E+3	5,306966E-1	1,710937E+3	-1,330020E-1	1,710937E+3	6,108561E-1	1,710937E+3	-7,781993E-2	1,710937E+3	6,372957E-1	1,710937E+3	-6,182192E-2	1,710937E+3	6,509788E-1	1,710937E+3	-6,476848E-2
1,712500E+3	4,742067E-1	1,712500E+3	-1,988446E-1	1,712500E+3	4,679430E-1	1,712500E+3	-1,933474E-1	1,712500E+3	4,808351E-1	1,712500E+3	-1,778362E-1	1,712500E+3	5,289842E-1	1,712500E+3	-1,317078E-1	1,712500E+3	6,067088E-1	1,712500E+3	-7,674359E-2	1,712500E+3	6,364094E-1	1,712500E+3	-5,940037E-2	1,712500E+3	6,538480E-1	1,712500E+3	-6,301259E-2
1,714062E+3	4,687995E-1	1,714062E+3	-1,961591E-1	1,714062E+3	4,639843E-1	1,714062E+3	-1,905755E-1	1,714062E+3	4,763842E-1	1,714062E+3	-1,746065E-1	1,714062E+3	5,292197E-1	1,714062E+3	-1,310842E-1	1,714062E+3	6,068759E-1	1,714062E+3	-7,543616E-2	1,714062E+3	6,331576E-1	1,714062E+3	-5,952966E-2	1,714062E+3	6,547159E-1	1,714062E+3	-6,138641E-2
1,715625E+3	4,652529E-1	1,715625E+3	-1,930755E-1	1,715625E+3	4,617224E-1	1,715625E+3	-1,867854E-1	1,715625E+3	4,731853E-1	1,715625E+3	-1,708028E-1	1,715625E+3	5,263845E-1	1,715625E+3	-1,278467E-1	1,715625E+3	6,065044E-1	1,715625E+3	-7,285514E-2	1,715625E+3	6,381954E-1	1,715625E+3	-5,983877E-2	1,715625E+3	6,514703E-1	1,715625E+3	-6,179894E-2
1,717187E+3	4,615774E-1	1,717187E+3	-1,901950E-1	1,717187E+3	4,585245E-1	1,717187E+3	-1,832924E-1	1,717187E+3	4,718166E-1	1,717187E+3	-1,676498E-1	1,717187E+3	5,235973E-1	1,717187E+3	-1,290826E-1	1,717187E+3	6,051062E-1	1,717187E+3	-7,445828E-2	1,717187E+3	6,382471E-1	1,717187E+3	-5,986117E-2	1,717187E+3	6,518003E-1	1,717187E+3	-6,031076E-2
1,718750E+3	4,600941E-1	1,718750E+3	-1,855516E-1	1,718750E+3	4,542374E-1	1,718750E+3	-1,804742E-1	1,718750E+3	4,677253E-1	1,718750E+3	-1,638501E-1	1,718750E+3	5,203142E-1	1,718750E+3	-1,236302E-1	1,718750E+3	6,064874E-1	1,718750E+3	-7,260461E-2	1,718750E+3	6,363550E-1	1,718750E+3	-6,148278E-2	1,718750E+3	6,510770E-1	1,718750E+3	-5,871792E-2
1,720312E+3	4,555884E-1	1,720312E+3	-1,832261E-1	1,720312E+3	4,517063E-1	1,720312E+3	-1,771641E-1	1,720312E+3	4,640917E-1	1,720312E+3	-1,612416E-1	1,720312E+3	5,211982E-1	1,720312E+3	-1,188181E-1	1,720312E+3	6,072387E-1	1,720312E+3	-6,859168E-2	1,720312E+3	6,359489E-1	1,720312E+3	-5,887294E-2	1,720312E+3	6,524247E-1	1,720312E+3	-6,222967E-2
1,721875E+3	4,525825E-1	1,721875E+3	-1,804971E-1	1,721875E+3	4,482442E-1	1,721875E+3	-1,748624E-1	1,721875E+3	4,618474E-1	1,721875E+3	-1,579595E-1	1,721875E+3	5,179217E-1	1,721875E+3	-1,196669E-1	1,721875E+3	6,040809E-1	1,721875E+3	-7,086457E-2	1,721875E+3	6,359097E-1	1,721875E+3	-5,645910E-2	1,721875E+3	6,526200E-1	1,721875E+3	-6,121184E-2
1,723437E+3	4,487842E-1	1,723437E+3	-1,782261E-1	1,723437E+3	4,458556E-1	1,723437E+3	-1,714827E-1	1,723437E+3	4,574197E-1	1,723437E+3	-1,552432E-1	1,723437E+3	5,150316E-1	1,723437E+3	-1,167851E-1	1,723437E+3	6,053130E-1	1,723437E+3	-6,978643E-2	1,723437E+3	6,344514E-1	1,723437E+3	-5,771748E-2	1,723437E+3	6,476795E-1	1,723437E+3	-5,477278E-2
1,725000E+3	4,408776E-1	1,725000E+3	-1,752717E-1	1,725000E+3	4,420326E-1	1,725000E+3	-1,663152E-1	1,725000E+3	4,552311E-1	1,725000E+3	-1,510267E-1	1,725000E+3	5,111410E-1	1,725000E+3	-1,171084E-1	1,725000E+3	6,016846E-1	1,725000E+3	-7,027136E-2	1,725000E+3	6,359452E-1	1,725000E+3	-5,243511E-2	1,725000E+3	6,444444E-1	1,725000E+3	-6,122794E-2
1,726562E+3	4,391589E-1	1,726562E+3	-1,704078E-1	1,726562E+3	4,369571E-1	1,726562E+3	-1,621843E-1	1,726562E+3	4,522686E-1	1,726562E+3	-1,474603E-1	1,726562E+3	5,088569E-1	1,726562E+3	-1,146804E-1	1,726562E+3	6,006181E-1	1,726562E+3	-6,776097E-2	1,726562E+3	6,375836E-1	1,726562E+3	-5,262379E-2	1,726562E+3	6,522354E-1	1,726562E+3	-5,951611E-2
1,728125E+3	4,368263E-1	1,728125E+3	-1,656574E-1	1,728125E+3	4,338241E-1	1,728125E+3	-1,580408E-1	1,728125E+3	4,482034E-1	1,728125E+3	-1,446228E-1	1,728125E+3	5,074408E-1	1,728125E+3	-1,090139E-1	1,728125E+3	6,010406E-1	1,728125E+3	-6,657555E-2	1,728125E+3	6,372477E-1	1,728125E+3	-5,716682E-2	1,728125E+3	6,586259E-1	1,728125E+3	-5,761405E-2
1,729687E+3	4,334187E-1	1,729687E+3	-1,603421E-1	1,729687E+3	4,320037E-1	1,729687E+3	-1,546089E-1	1,729687E+3	4,463047E-1	1,729687E+3	-1,413059E-1	1,729687E+3	5,047362E-1	1,729687E+3	-1,068773E-1	1,729687E+3	5,987877E-1	1,729687E+3	-6,607755E-2	1,729687E+3	6,363950E-1	1,729687E+3	-5,660573E-2	1,729687E+3	6,590603E-1	1,729687E+3	-5,692713E-2
1,731250E+3	4,288692E-1	1,731250E+3	-1,565183E-1	1,731250E+3	4,284165E-1	1,731250E+3	-1,505030E-1	1,731250E+3	4,437932E-1	1,731250E+3	-1,369781E-1	1,731250E+3	5,042382E-1	1,731250E+3	-1,031304E-1	1,731250E+3	5,954037E-1	1,731250E+3	-6,296915E-2	1,731250E+3	6,313287E-1	1,731250E+3	-5,596176E-2	1,731250E+3	6,506916E-1	1,731250E+3	-5,391836E-2
1,732812E+3	4,271262E-1	1,732812E+3	-1,519772E-1	1,732812E+3	4,242786E-1	1,732812E+3	-1,463294E-1	1,732812E+3	4,411616E-1	1,732812E+3	-1,341389E-1	1,732812E+3	5,033023E-1	1,732812E+3	-1,014467E-1	1,732812E+3	5,948344E-1	1,732812E+3	-6,263298E-2	1,732812E+3	6,336502E-1	1,732812E+3	-5,406793E-2	1,732812E+3	6,483438E-1	1,732812E+3	-5,760168E-2
1,734375E+3	4,230534E-1	1,734375E+3	-1,486857E-1	1,734375E+3	4,218078E-1	1,734375E+3	-1,421935E-1	1,734375E+3	4,389764E-1	1,734375E+3	-1,295182E-1	1,734375E+3	5,059478E-1	1,734375E+3	-9,899349E-2	1,734375E+3	5,949646E-1	1,734375E+3	-6,175321E-2	1,734375E+3	6,339177E-1	1,734375E+3	-5,358591E-2	1,734375E+3	6,485019E-1	1,734375E+3	-6,055492E-2
1,735937E+3	4,214372E-1	1,735937E+3	-1,456934E-1	1,735937E+3	4,201359E-1	1,735937E+3	-1,377813E-1	1,735937E+3	4,362940E-1	1,735937E+3	-1,250783E-1	1,735937E+3	5,019535E-1	1,735937E+3	-9,429042E-2	1,735937E+3	5,954365E-1	1,735937E+3	-6,234820E-2	1,735937E+3	6,320576E-1	1,735937E+3	-5,279761E-2	1,735937E+3	6,494040E-1	1,735937E+3	-5,910683E-2
1,737500E+3	4,176585E-1	1,737500E+3	-1,430566E-1	1,737500E+3	4,158260E-1	1,737500E+3	-1,352092E-1	1,737500E+3	4,324495E-1	1,737500E+3	-1,214520E-1	1,737500E+3	4,984840E-1	1,737500E+3	-8,973658E-2	1,737500E+3	5,937010E-1	1,737500E+3	-6,335057E-2	1,737500E+3	6,307541E-1	1,737500E+3	-5,516226E-2	1,737500E+3	6,553311E-1	1,737500E+3	-5,862962E-2
1,739062E+3	4,119453E-1	1,739062E+3	-1,408797E-1	1,739062E+3	4,129600E-1	1,739062E+3	-1,300604E-1	1,739062E+3	4,308981E-1	1,739062E+3	-1,169656E-1	1,739062E+3	4,959403E-1	1,739062E+3	-9,022695E-2	1,739062E+3	5,904556E-1	1,739062E+3	-6,045385E-2	1,739062E+3	6,316654E-1	1,739062E+3	-5,190779E-2	1,739062E+3	6,542888E-1	1,739062E+3	-6,190459E-2
1,740625E+3	4,139217E-1	1,740625E+3	-1,315205E-1	1,740625E+3	4,124416E-1	1,740625E+3	-1,244787E-1	1,740625E+3	4,300427E-1	1,740625E+3	-1,116421E-1	1,740625E+3	4,939818E-1	1,740625E+3	-8,904951E-2	1,740625E+3	5,918671E-1	1,740625E+3	-5,541529E-2	1,740625E+3	6,330329E-1	1,740625E+3	-4,943179E-2	1,740625E+3	6,554385E-1	1,740625E+3	-5,636278E-2
1,742187E+3	4,149340E-1	1,742187E+3	-1,226235E-1	1,742187E+3	4,114190E-1	1,742187E+3	-1,179055E-1	1,742187E+3	4,278157E-1	1,742187E+3	-1,079782E-1	1,742187E+3	4,928537E-1	1,742187E+3	-8,517234E-2	1,742187E+3	5,956957E-1	1,742187E+3	-5,578572E-2	1,742187E+3	6,327695E-1	1,742187E+3	-4,946786E-2	1,742187E+3	6,514417E-1	1,742187E+3	-5,226058E-2
1,743750E+3	4,077228E-1	1,743750E+3	-1,231018E-1	1,743750E+3	4,051700E-1	1,743750E+3	-1,150355E-1	1,743750E+3	4,266049E-1	1,743750E+3	-1,040117E-1	1,743750E+3	4,940489E-1	1,743750E+3	-8,247581E-2	1,743750E+3	5,918627E-1	1,743750E+3	-5,973388E-2	1,743750E+3	6,339384E-1	1,743750E+3	-4,929399E-2	1,743750E+3	6,532645E-1	1,743750E+3	-4,891585E-2
1,745312E+3	4,061617E-1	1,745312E+3	-1,204887E-1	1,745312E+3	4,047871E-1	1,745312E+3	-1,100882E-1	1,745312E+3	4,237270E-1	1,745312E+3	-1,002364E-1	1,745312E+3	4,909707E-1	1,745312E+3	-7,753307E-2	1,745312E+3	5,902495E-1	1,745312E+3	-5,451230E-2	1,745312E+3	6,314391E-1	1,745312E+3	-5,102059E-2	1,745312E+3	6,528020E-1	1,745312E+3	-5,083050E-2
1,746875E+3	4,048470E-1	1,746875E+3	-1,140931E-1	1,746875E+3	4,022923E-1	1,746875E+3	-1,050710E-1	1,746875E+3	4,206644E-1	1,746875E+3	-9,472485E-2	1,746875E+3	4,876413E-1	1,746875E+3	-7,424684E-2	1,746875E+3	5,912576E-1	1,746875E+3	-5,131034E-2	1,746875E+3	6,280444E-1	1,746875E+3	-5,005834E-2	1,746875E+3	6,524539E-1	1,746875E+3	-5,076059E-2
1,748437E+3	3,995386E-1	1,748437E+3	-1,078983E-1	1,748437E+3	4,005101E-1	1,748437E+3	-1,001470E-1	1,748437E+3	4,194521E-1	1,748437E+3	-8,876084E-2	1,748437E+3	4,871265E-1	1,748437E+3	-7,155571E-2	1,748437E+3	5,915072E-1	1,748437E+3	-4,892224E-2	1,748437E+3	6,256196E-1	1,748437E+3	-4,724646E-2	1,748437E+3	6,540341E-1	1,748437E+3	-5,179149E-2
1,750000E+3	3,988623E-1	1,750000E+3	-1,018489E-1	1,750000E+3	3,999248E-1	1,750000E+3	-9,502439E-2	1,750000E+3	4,180756E-1	1,750000E+3	-8,566417E-2	1,750000E+3	4,897107E-1	1,750000E+3	-7,110929E-2	1,750000E+3	5,906425E-1	1,750000E+3	-5,277640E-2	1,750000E+3	6,280498E-1	1,750000E+3	-5,107578E-2	1,750000E+3	6,483950E-1	1,750000E+3	-5,050130E-2
1,751562E+3	3,947722E-1	1,751562E+3	-9,880744E-2	1,751562E+3	3,969497E-1	1,751562E+3	-9,033684E-2	1,751562E+3	4,155522E-1	1,751562E+3	-8,283829E-2	1,751562E+3	4,883434E-1	1,751562E+3	-6,812585E-2	1,751562E+3	5,903727E-1	1,751562E+3	-4,922678E-2	1,751562E+3	6,333369E-1	1,751562E+3	-5,017221E-2	1,751562E+3	6,480849E-1	1,751562E+3	-4,617599E-2
1,753125E+3	3,953448E-1	1,753125E+3	-9,259186E-2	1,753125E+3	3,953327E-1	1,753125E+3	-8,526152E-2	1,753125E+3	4,146328E-1	1,753125E+3	-7,844034E-2	1,753125E+3	4,860827E-1	1,753125E+3	-6,317649E-2	1,753125E+3	5,919132E-1	1,753125E+3	-4,818400E-2	1,753125E+3	6,319834E-1	1,753125E+3	-4,864965E-2	1,753125E+3	6,492986E-1	1,753125E+3	-4,688432E-2
1,754687E+3	3,934883E-1	1,754687E+3	-8,819034E-2	1,754687E+3	3,931684E-1	1,754687E+3	-7,947784E-2	1,754687E+3	4,137346E-1	1,754687E+3	-7,137354E-2	1,754687E+3	4,844830E-1	1,754687E+3	-6,089083E-2	1,754687E+3	5,915131E-1	1,754687E+3	-4,936767E-2	1,754687E+3	6,349615E-1	1,754687E+3	-4,582434E-2	1,754687E+3	6,569624E-1	1,754687E+3	-5,285189E-2
1,756250E+3	3,907452E-1	1,756250E+3	-8,323098E-2	1,756250E+3	3,921354E-1	1,756250E+3	-7,588389E-2	1,756250E+3	4,125402E-1	1,756250E+3	-6,721623E-2	1,756250E+3	4,842811E-1	1,756250E+3	-6,214556E-2	1,756250E+3	5,874728E-1	1,756250E+3	-4,854240E-2	1,756250E+3	6,337983E-1	1,756250E+3	-4,455195E-2	1,756250E+3	6,539845E-1	1,756250E+3	-5,598616E-2
1,757812E+3	3,900825E-1	1,757812E+3	-7,623876E-2	1,757812E+3	3,903644E-1	1,757812E+3	-6,999947E-2	1,757812E+3	4,111301E-1	1,757812E+3	-6,273136E-2	1,757812E+3	4,810784E-1	1,757812E+3	-5,573171E-2	1,757812E+3	5,869473E-1	1,757812E+3	-4,747776E-2	1,757812E+3	6,305666E-1	1,757812E+3	-4,556838E-2	1,757812E+3	6,490069E-1	1,757812E+3	-5,391667E-2
1,759375E+3	3,851382E-1	1,759375E+3	-7,279390E-2	1,759375E+3	3,880975E-1	1,759375E+3	-6,430045E-2	1,759375E+3	4,092797E-1	1,759375E+3	-5,759501E-2	1,759375E+3	4,766632E-1	1,759375E+3	-5,121266E-2	1,759375E+3	5,828417E-1	1,759375E+3	-4,427802E-2	1,759375E+3	6,311636E-1	1,759375E+3	-4,139422E-2	1,759375E+3	6,459861E-1	1,759375E+3	-4,858742E-2
1,760937E+3	3,831325E-1	1,760937E+3	-6,927145E-2	1,760937E+3	3,869524E-1	1,760937E+3	-5,981942E-2	1,760937E+3	4,089395E-1	1,760937E+3	-5,250981E-2	1,760937E+3	4,777182E-1	1,760937E+3	-4,513090E-2	1,760937E+3	5,854765E-1	1,760937E+3	-4,498035E-2	1,760937E+3	6,282253E-1	1,760937E+3	-4,326428E-2	1,760937E+3	6,460395E-1	1,760937E+3	-4,547187E-2
1,762500E+3	3,858505E-1	1,762500E+3	-6,235462E-2	1,762500E+3	3,860308E-1	1,762500E+3	-5,373812E-2	1,762500E+3	4,076643E-1	1,762500E+3	-4,797574E-2	1,762500E+3	4,795015E-1	1,762500E+3	-4,280142E-2	1,762500E+3	5,854324E-1	1,762500E+3	-4,276430E-2	1,762500E+3	6,275253E-1	1,762500E+3	-4,243598E-2	1,762500E+3	6,514432E-1	1,762500E+3	-4,275720E-2
1,764062E+3	3,837154E-1	1,764062E+3	-5,591044E-2	1,764062E+3	3,850899E-1	1,764062E+3	-4,816595E-2	1,764062E+3	4,069868E-1	1,764062E+3	-4,298759E-2	1,764062E+3	4,764690E-1	1,764062E+3	-3,849888E-2	1,764062E+3	5,828259E-1	1,764062E+3	-3,984227E-2	1,764062E+3	6,285804E-1	1,764062E+3	-4,344688E-2	1,764062E+3	6,523937E-1	1,764062E+3	-4,732984E-2
1,765625E+3	3,824344E-1	1,765625E+3	-5,160210E-2	1,765625E+3	3,842579E-1	1,765625E+3	-4,204723E-2	1,765625E+3	4,057777E-1	1,765625E+3	-3,812843E-2	1,765625E+3	4,800867E-1	1,765625E+3	-3,569034E-2	1,765625E+3	5,815416E-1	1,765625E+3	-3,773354E-2	1,765625E+3	6,294927E-1	1,765625E+3	-3,828229E-2	1,765625E+3	6,534536E-1	1,765625E+3	-4,546101E-2
1,767187E+3	3,803431E-1	1,767187E+3	-4,278670E-2	1,767187E+3	3,841428E-1	1,767187E+3	-3,779866E-2	1,767187E+3	4,043052E-1	1,767187E+3	-3,307980E-2	1,767187E+3	4,754668E-1	1,767187E+3	-3,294575E-2	1,767187E+3	5,826783E-1	1,767187E+3	-3,826765E-2	1,767187E+3	6,318730E-1	1,767187E+3	-3,872775E-2	1,767187E+3	6,500857E-1	1,767187E+3	-4,467306E-2
1,768750E+3	3,806259E-1	1,768750E+3	-3,773051E-2	1,768750E+3	3,838801E-1	1,768750E+3	-3,234775E-2	1,768750E+3	4,054797E-1	1,768750E+3	-2,768286E-2	1,768750E+3	4,739540E-1	1,768750E+3	-2,678682E-2	1,768750E+3	5,852510E-1	1,768750E+3	-3,424871E-2	1,768750E+3	6,290785E-1	1,768750E+3	-3,956118E-2	1,768750E+3	6,558634E-1	1,768750E+3	-4,497345E-2
1,770312E+3	3,839439E-1	1,770312E+3	-3,194595E-2	1,770312E+3	3,829319E-1	1,770312E+3	-2,737699E-2	1,770312E+3	4,066601E-1	1,770312E+3	-2,135586E-2	1,770312E+3	4,777137E-1	1,770312E+3	-2,486234E-2	1,770312E+3	5,846797E-1	1,770312E+3	-3,250389E-2	1,770312E+3	6,305776E-1	1,770312E+3	-4,022091E-2	1,770312E+3	6,527456E-1	1,770312E+3	-3,897953E-2
1,771875E+3	3,817823E-1	1,771875E+3	-2,698508E-2	1,771875E+3	3,837079E-1	1,771875E+3	-2,073595E-2	1,771875E+3	4,046866E-1	1,771875E+3	-1,790836E-2	1,771875E+3	4,792999E-1	1,771875E+3	-2,194184E-2	1,771875E+3	5,884503E-1	1,771875E+3	-2,740297E-2	1,771875E+3	6,316183E-1	1,771875E+3	-4,227451E-2	1,771875E+3	6,478909E-1	1,771875E+3	-4,394561E-2
1,773437E+3	3,798362E-1	1,773437E+3	-2,399391E-2	1,773437E+3	3,836937E-1	1,773437E+3	-1,490421E-2	1,773437E+3	4,035592E-1	1,773437E+3	-1,453199E-2	1,773437E+3	4,763673E-1	1,773437E+3	-2,027227E-2	1,773437E+3	5,850699E-1	1,773437E+3	-2,840112E-2	1,773437E+3	6,274954E-1	1,773437E+3	-3,821675E-2	1,773437E+3	6,443744E-1	1,773437E+3	-4,663124E-2
1,775000E+3	3,805590E-1	1,775000E+3	-1,669296E-2	1,775000E+3	3,840792E-1	1,775000E+3	-1,025126E-2	1,775000E+3	4,041712E-1	1,775000E+3	-8,562339E-3	1,775000E+3	4,747546E-1	1,775000E+3	-1,844042E-2	1,775000E+3	5,874528E-1	1,775000E+3	-3,133715E-2	1,775000E+3	6,227269E-1	1,775000E+3	-4,097865E-2	1,775000E+3	6,554113E-1	1,775000E+3	-4,048750E-2
1,776562E+3	3,800000E-1	1,776562E+3	-1,087411E-2	1,776562E+3	3,836810E-1	1,776562E+3	-3,619903E-3	1,776562E+3	4,031673E-1	1,776562E+3	-2,829455E-3	1,776562E+3	4,740491E-1	1,776562E+3	-1,692703E-2	1,776562E+3	5,850941E-1	1,776562E+3	-3,163950E-2	1,776562E+3	6,241986E-1	1,776562E+3	-3,558459E-2	1,776562E+3	6,522578E-1	1,776562E+3	-4,731948E-2
1,778125E+3	3,810088E-1	1,778125E+3	-7,316851E-3	1,778125E+3	3,829681E-1	1,778125E+3	2,087329E-3	1,778125E+3	4,026779E-1	1,778125E+3	3,559947E-3	1,778125E+3	4,778405E-1	1,778125E+3	-1,242277E-2	1,778125E+3	5,883474E-1	1,778125E+3	-2,946889E-2	1,778125E+3	6,284234E-1	1,778125E+3	-3,526201E-2	1,778125E+3	6,473000E-1	1,778125E+3	-4,350299E-2
1,779687E+3	3,781191E-1	1,779687E+3	2,032058E-4	1,779687E+3	3,828320E-1	1,779687E+3	7,380075E-3	1,779687E+3	4,043318E-1	1,779687E+3	7,855001E-3	1,779687E+3	4,775521E-1	1,779687E+3	-7,206885E-3	1,779687E+3	5,872855E-1	1,779687E+3	-2,503022E-2	1,779687E+3	6,257175E-1	1,779687E+3	-3,432745E-2	1,779687E+3	6,458630E-1	1,779687E+3	-4,306673E-2
1,781250E+3	3,786699E-1	1,781250E+3	1,075401E-2	1,781250E+3	3,833710E-1	1,781250E+3	1,016665E-2	1,781250E+3	4,046692E-1	1,781250E+3	1,217016E-2	1,781250E+3	4,750500E-1	1,781250E+3	-5,093156E-3	1,781250E+3	5,883290E-1	1,781250E+3	-2,417044E-2	1,781250E+3	6,282076E-1	1,781250E+3	-3,117670E-2	1,781250E+3	6,413969E-1	1,781250E+3	-4,615192E-2
1,782812E+3	3,821780E-1	1,782812E+3	1,208733E-2	1,782812E+3	3,841726E-1	1,782812E+3	1,621903E-2	1,782812E+3	4,050957E-1	1,782812E+3	1,637150E-2	1,782812E+3	4,761330E-1	1,782812E+3	4,058287E-4	1,782812E+3	5,905614E-1	1,782812E+3	-2,687665E-2	1,782812E+3	6,252986E-1	1,782812E+3	-2,816361E-2	1,782812E+3	6,461369E-1	1,782812E+3	-4,098556E-2
1,784375E+3	3,842929E-1	1,784375E+3	1,505449E-2	1,784375E+3	3,850622E-1	1,784375E+3	2,349059E-2	1,784375E+3	4,070943E-1	1,784375E+3	2,046487E-2	1,784375E+3	4,777817E-1	1,784375E+3	7,924681E-3	1,784375E+3	5,846832E-1	1,784375E+3	-2,206257E-2	1,784375E+3	6,192217E-1	1,784375E+3	-2,708240E-2	1,784375E+3	6,511521E-1	1,784375E+3	-4,148531E-2
1,785937E+3	3,838199E-1	1,785937E+3	2,206956E-2	1,785937E+3	3,860661E-1	1,785937E+3	2,983735E-2	1,785937E+3	4,073516E-1	1,785937E+3	2,738129E-2	1,785937E+3	4,761573E-1	1,785937E+3	9,936002E-3	1,785937E+3	5,797392E-1	1,785937E+3	-1,475079E-2	1,785937E+3	6,256563E-1	1,785937E+3	-3,056546E-2	1,785937E+3	6,533742E-1	1,785937E+3	-4,070798E-2
1,787500E+3	3,792099E-1	1,787500E+3	2,749499E-2	1,787500E+3	3,870669E-1	1,787500E+3	3,222349E-2	1,787500E+3	4,079357E-1	1,787500E+3	3,294085E-2	1,787500E+3	4,754500E-1	1,787500E+3	1,667651E-2	1,787500E+3	5,798623E-1	1,787500E+3	-1,378578E-2	1,787500E+3	6,309473E-1	1,787500E+3	-3,229252E-2	1,787500E+3	6,492697E-1	1,787500E+3	-3,819216E-2
1,789062E+3	3,786064E-1	1,789062E+3	3,161522E-2	1,789062E+3	3,883630E-1	1,789062E+3	3,836294E-2	1,789062E+3	4,089603E-1	1,789062E+3	3,693309E-2	1,789062E+3	4,750587E-1	1,789062E+3	1,836370E-2	1,789062E+3	5,797712E-1	1,789062E+3	-1,240543E-2	1,789062E+3	6,265386E-1	1,789062E+3	-3,375959E-2	1,789062E+3	6,528155E-1	1,789062E+3	-4,046229E-2
1,790625E+3	3,837304E-1	1,790625E+3	3,756005E-2	1,790625E+3	3,895891E-1	1,790625E+3	4,420153E-2	1,790625E+3	4,101498E-1	1,790625E+3	4,306787E-2	1,790625E+3	4,759504E-1	1,790625E+3	1,782643E-2	1,790625E+3	5,819857E-1	1,790625E+3	-1,919839E-2	1,790625E+3	6,264749E-1	1,790625E+3	-2,911685E-2	1,790625E+3	6,485500E-1	1,790625E+3	-3,911910E-2
1,792187E+3	3,881674E-1	1,792187E+3	4,353093E-2	1,792187E+3	3,912373E-1	1,792187E+3	4,928975E-2	1,792187E+3	4,110883E-1	1,792187E+3	4,689500E-2	1,792187E+3	4,774541E-1	1,792187E+3	1,776003E-2	1,792187E+3	5,819443E-1	1,792187E+3	-1,490172E-2	1,792187E+3	6,265986E-1	1,792187E+3	-2,498865E-2	1,792187E+3	6,470250E-1	1,792187E+3	-4,098296E-2
1,793750E+3	3,880812E-1	1,793750E+3	4,974309E-2	1,793750E+3	3,908898E-1	1,793750E+3	5,550226E-2	1,793750E+3	4,123607E-1	1,793750E+3	5,196301E-2	1,793750E+3	4,785553E-1	1,793750E+3	2,680356E-2	1,793750E+3	5,841815E-1	1,793750E+3	-1,271698E-2	1,793750E+3	6,280434E-1	1,793750E+3	-2,460679E-2	1,793750E+3	6,508517E-1	1,793750E+3	-4,553835E-2
1,795312E+3	3,867680E-1	1,795312E+3	5,490861E-2	1,795312E+3	3,912081E-1	1,795312E+3	6,087707E-2	1,795312E+3	4,133171E-1	1,795312E+3	5,521789E-2	1,795312E+3	4,807893E-1	1,795312E+3	3,075247E-2	1,795312E+3	5,804362E-1	1,795312E+3	-1,086039E-2	1,795312E+3	6,280071E-1	1,795312E+3	-2,057604E-2	1,795312E+3	6,562375E-1	1,795312E+3	-3,553361E-2
1,796875E+3	3,894776E-1	1,796875E+3	5,931300E-2	1,796875E+3	3,944282E-1	1,796875E+3	6,598829E-2	1,796875E+3	4,146515E-1	1,796875E+3	6,097538E-2	1,796875E+3	4,800272E-1	1,796875E+3	3,459676E-2	1,796875E+3	5,833211E-1	1,796875E+3	-8,467026E-3	1,796875E+3	6,293205E-1	1,796875E+3	-2,046108E-2	1,796875E+3	6,482815E-1	1,796875E+3	-3,844794E-2
1,798437E+3	3,906622E-1	1,798437E+3	6,274070E-2	1,798437E+3	3,972008E-1	1,798437E+3	6,942231E-2	1,798437E+3	4,162015E-1	1,798437E+3	6,615799E-2	1,798437E+3	4,835085E-1	1,798437E+3	3,713951E-2	1,798437E+3	5,885661E-1	1,798437E+3	-3,881947E-3	1,798437E+3	6,267648E-1	1,798437E+3	-2,002720E-2	1,798437E+3	6,433987E-1	1,798437E+3	-3,886262E-2
1,800000E+3	3,941040E-1	1,800000E+3	6,727605E-2	1,800000E+3	3,987034E-1	1,800000E+3	7,456325E-2	1,800000E+3	4,169932E-1	1,800000E+3	7,027346E-2	1,800000E+3	4,813489E-1	1,800000E+3	3,985024E-2	1,800000E+3	5,837654E-1	1,800000E+3	-2,385973E-3	1,800000E+3	6,285116E-1	1,800000E+3	-2,058024E-2	1,800000E+3	6,537510E-1	1,800000E+3	-3,317161E-2
1,801562E+3	3,929441E-1	1,801562E+3	7,532109E-2	1,801562E+3	3,990302E-1	1,801562E+3	8,205370E-2	1,801562E+3	4,185318E-1	1,801562E+3	7,534261E-2	1,801562E+3	4,856882E-1	1,801562E+3	4,279444E-2	1,801562E+3	5,821913E-1	1,801562E+3	-4,138591E-3	1,801562E+3	6,263930E-1	1,801562E+3	-2,333374E-2	1,801562E+3	6,504821E-1	1,801562E+3	-3,078232E-2
1,803125E+3	3,966935E-1	1,803125E+3	7,966615E-2	1,803125E+3	4,021526E-1	1,803125E+3	8,535330E-2	1,803125E+3	4,198578E-1	1,803125E+3	7,981511E-2	1,803125E+3	4,828419E-1	1,803125E+3	4,453268E-2	1,803125E+3	5,874432E-1	1,803125E+3	-3,476919E-3	1,803125E+3	6,229137E-1	1,803125E+3	-2,392883E-2	1,803125E+3	6,376372E-1	1,803125E+3	-3,455041E-2
1,804687E+3	3,956581E-1	1,804687E+3	8,171794E-2	1,804687E+3	4,038830E-1	1,804687E+3	8,971579E-2	1,804687E+3	4,224241E-1	1,804687E+3	8,343560E-2	1,804687E+3	4,801576E-1	1,804687E+3	4,643348E-2	1,804687E+3	5,853869E-1	1,804687E+3	3,561414E-3	1,804687E+3	6,280325E-1	1,804687E+3	-2,281414E-2	1,804687E+3	6,462841E-1	1,804687E+3	-3,215044E-2
1,806250E+3	3,998600E-1	1,806250E+3	8,622596E-2	1,806250E+3	4,069924E-1	1,806250E+3	9,412982E-2	1,806250E+3	4,251514E-1	1,806250E+3	8,752125E-2	1,806250E+3	4,867509E-1	1,806250E+3	4,888613E-2	1,806250E+3	5,792702E-1	1,806250E+3	8,730918E-4	1,806250E+3	6,269627E-1	1,806250E+3	-2,381762E-2	1,806250E+3	6,519098E-1	1,806250E+3	-2,737023E-2
1,807812E+3	4,005980E-1	1,807812E+3	9,473736E-2	1,807812E+3	4,087093E-1	1,807812E+3	9,892664E-2	1,807812E+3	4,292316E-1	1,807812E+3	9,114470E-2	1,807812E+3	4,873594E-1	1,807812E+3	5,775751E-2	1,807812E+3	5,781079E-1	1,807812E+3	1,295963E-3	1,807812E+3	6,269599E-1	1,807812E+3	-1,375910E-2	1,807812E+3	6,568379E-1	1,807812E+3	-3,289929E-2
1,809375E+3	4,012051E-1	1,809375E+3	9,658422E-2	1,809375E+3	4,125493E-1	1,809375E+3	1,039017E-1	1,809375E+3	4,292124E-1	1,809375E+3	9,587136E-2	1,809375E+3	4,903825E-1	1,809375E+3	5,967541E-2	1,809375E+3	5,763846E-1	1,809375E+3	2,554126E-3	1,809375E+3	6,321979E-1	1,809375E+3	-7,043700E-3	1,809375E+3	6,560877E-1	1,809375E+3	-3,292384E-2
1,810937E+3	4,048222E-1	1,810937E+3	1,003254E-1	1,810937E+3	4,155104E-1	1,810937E+3	1,093285E-1	1,810937E+3	4,314904E-1	1,810937E+3	1,009069E-1	1,810937E+3	4,913584E-1	1,810937E+3	6,781351E-2	1,810937E+3	5,785140E-1	1,810937E+3	4,347648E-3	1,810937E+3	6,336500E-1	1,810937E+3	-1,488419E-2	1,810937E+3	6,501534E-1	1,810937E+3	-3,183863E-2
1,812500E+3	4,095690E-1	1,812500E+3	1,047386E-1	1,812500E+3	4,160543E-1	1,812500E+3	1,135474E-1	1,812500E+3	4,340243E-1	1,812500E+3	1,051655E-1	1,812500E+3	4,930216E-1	1,812500E+3	6,997347E-2	1,812500E+3	5,807388E-1	1,812500E+3	1,081719E-2	1,812500E+3	6,302145E-1	1,812500E+3	-1,160603E-2	1,812500E+3	6,509850E-1	1,812500E+3	-2,327289E-2
1,814062E+3	4,147358E-1	1,814062E+3	1,112654E-1	1,814062E+3	4,189753E-1	1,814062E+3	1,178533E-1	1,814062E+3	4,354896E-1	1,814062E+3	1,107211E-1	1,814062E+3	4,941733E-1	1,814062E+3	7,311123E-2	1,814062E+3	5,830303E-1	1,814062E+3	8,652471E-3	1,814062E+3	6,274146E-1	1,814062E+3	-1,474608E-2	1,814062E+3	6,596548E-1	1,814062E+3	-3,425121E-2
1,815625E+3	4,145656E-1	1,815625E+3	1,163508E-1	1,815625E+3	4,217884E-1	1,815625E+3	1,227272E-1	1,815625E+3	4,387475E-1	1,815625E+3	1,135001E-1	1,815625E+3	4,909412E-1	1,815625E+3	7,302647E-2	1,815625E+3	5,812617E-1	1,815625E+3	6,887865E-3	1,815625E+3	6,230764E-1	1,815625E+3	-1,772203E-2	1,815625E+3	6,584939E-1	1,815625E+3	-3,459914E-2
1,817187E+3	4,174094E-1	1,817187E+3	1,202775E-1	1,817187E+3	4,236179E-1	1,817187E+3	1,259053E-1	1,817187E+3	4,411226E-1	1,817187E+3	1,185206E-1	1,817187E+3	4,944527E-1	1,817187E+3	7,585032E-2	1,817187E+3	5,800261E-1	1,817187E+3	1,288662E-2	1,817187E+3	6,225110E-1	1,817187E+3	-1,858686E-2	1,817187E+3	6,564247E-1	1,817187E+3	-3,659960E-2
1,818750E+3	4,213895E-1	1,818750E+3	1,279127E-1	1,818750E+3	4,260503E-1	1,818750E+3	1,286592E-1	1,818750E+3	4,434773E-1	1,818750E+3	1,214183E-1	1,818750E+3	4,944450E-1	1,818750E+3	7,664040E-2	1,818750E+3	5,796237E-1	1,818750E+3	1,480923E-2	1,818750E+3	6,252911E-1	1,818750E+3	-1,625908E-2	1,818750E+3	6,539780E-1	1,818750E+3	-3,985952E-2
1,820312E+3	4,268647E-1	1,820312E+3	1,289415E-1	1,820312E+3	4,324230E-1	1,820312E+3	1,325275E-1	1,820312E+3	4,457802E-1	1,820312E+3	1,227255E-1	1,820312E+3	4,955043E-1	1,820312E+3	8,525190E-2	1,820312E+3	5,833394E-1	1,820312E+3	1,647206E-2	1,820312E+3	6,254300E-1	1,820312E+3	-1,544947E-2	1,820312E+3	6,567157E-1	1,820312E+3	-3,426447E-2
1,821875E+3	4,261961E-1	1,821875E+3	1,304637E-1	1,821875E+3	4,360993E-1	1,821875E+3	1,373479E-1	1,821875E+3	4,497838E-1	1,821875E+3	1,268999E-1	1,821875E+3	4,993334E-1	1,821875E+3	8,550564E-2	1,821875E+3	5,899595E-1	1,821875E+3	1,210435E-2	1,821875E+3	6,344470E-1	1,821875E+3	-1,401502E-2	1,821875E+3	6,472243E-1	1,821875E+3	-2,904307E-2
1,823437E+3	4,257653E-1	1,823437E+3	1,370932E-1	1,823437E+3	4,374372E-1	1,823437E+3	1,423835E-1	1,823437E+3	4,521695E-1	1,823437E+3	1,310847E-1	1,823437E+3	4,962126E-1	1,823437E+3	9,297882E-2	1,823437E+3	5,868016E-1	1,823437E+3	1,105243E-2	1,823437E+3	6,230049E-1	1,823437E+3	-1,041509E-2	1,823437E+3	6,483720E-1	1,823437E+3	-2,538596E-2
1,825000E+3	4,316500E-1	1,825000E+3	1,387910E-1	1,825000E+3	4,392427E-1	1,825000E+3	1,471467E-1	1,825000E+3	4,552402E-1	1,825000E+3	1,321835E-1	1,825000E+3	5,003586E-1	1,825000E+3	8,373072E-2	1,825000E+3	5,817547E-1	1,825000E+3	1,234168E-2	1,825000E+3	6,230176E-1	1,825000E+3	-1,052646E-2	1,825000E+3	6,484553E-1	1,825000E+3	-3,010548E-2
1,826562E+3	4,353828E-1	1,826562E+3	1,443698E-1	1,826562E+3	4,417451E-1	1,826562E+3	1,512680E-1	1,826562E+3	4,567557E-1	1,826562E+3	1,384078E-1	1,826562E+3	5,020831E-1	1,826562E+3	8,985765E-2	1,826562E+3	5,912030E-1	1,826562E+3	1,588625E-2	1,826562E+3	6,185482E-1	1,826562E+3	-8,320517E-3	1,826562E+3	6,409108E-1	1,826562E+3	-2,771550E-2
1,828125E+3	4,377973E-1	1,828125E+3	1,484880E-1	1,828125E+3	4,456992E-1	1,828125E+3	1,528266E-1	1,828125E+3	4,618726E-1	1,828125E+3	1,426465E-1	1,828125E+3	5,019544E-1	1,828125E+3	9,330659E-2	1,828125E+3	5,962138E-1	1,828125E+3	2,218728E-2	1,828125E+3	6,271895E-1	1,828125E+3	-6,266958E-3	1,828125E+3	6,396800E-1	1,828125E+3	-3,213404E-2
1,829687E+3	4,395574E-1	1,829687E+3	1,513361E-1	1,829687E+3	4,492026E-1	1,829687E+3	1,551653E-1	1,829687E+3	4,629298E-1	1,829687E+3	1,450444E-1	1,829687E+3	5,014686E-1	1,829687E+3	9,749121E-2	1,829687E+3	5,893488E-1	1,829687E+3	2,334711E-2	1,829687E+3	6,336520E-1	1,829687E+3	-9,927340E-3	1,829687E+3	6,490929E-1	1,829687E+3	-2,658179E-2
1,831250E+3	4,455374E-1	1,831250E+3	1,531491E-1	1,831250E+3	4,509292E-1	1,831250E+3	1,591573E-1	1,831250E+3	4,670200E-1	1,831250E+3	1,481430E-1	1,831250E+3	5,024059E-1	1,831250E+3	1,006462E-1	1,831250E+3	5,902792E-1	1,831250E+3	2,511788E-2	1,831250E+3	6,261675E-1	1,831250E+3	-1,296164E-3	1,831250E+3	6,607771E-1	1,831250E+3	-2,426380E-2
1,832812E+3	4,505361E-1	1,832812E+3	1,581857E-1	1,832812E+3	4,557168E-1	1,832812E+3	1,644982E-1	1,832812E+3	4,710481E-1	1,832812E+3	1,540525E-1	1,832812E+3	5,120218E-1	1,832812E+3	1,042940E-1	1,832812E+3	5,942539E-1	1,832812E+3	2,639686E-2	1,832812E+3	6,158542E-1	1,832812E+3	2,275940E-3	1,832812E+3	6,543591E-1	1,832812E+3	-2,408305E-2
1,834375E+3	4,538883E-1	1,834375E+3	1,601889E-1	1,834375E+3	4,611999E-1	1,834375E+3	1,654909E-1	1,834375E+3	4,735412E-1	1,834375E+3	1,548160E-1	1,834375E+3	5,101014E-1	1,834375E+3	1,054214E-1	1,834375E+3	5,992820E-1	1,834375E+3	2,232172E-2	1,834375E+3	6,218859E-1	1,834375E+3	-2,163205E-3	1,834375E+3	6,403906E-1	1,834375E+3	-3,369381E-2
1,835937E+3	4,552441E-1	1,835937E+3	1,686098E-1	1,835937E+3	4,611529E-1	1,835937E+3	1,694557E-1	1,835937E+3	4,761059E-1	1,835937E+3	1,587881E-1	1,835937E+3	5,123345E-1	1,835937E+3	1,020889E-1	1,835937E+3	5,921839E-1	1,835937E+3	2,208005E-2	1,835937E+3	6,293088E-1	1,835937E+3	-1,818777E-3	1,835937E+3	6,401514E-1	1,835937E+3	-2,778839E-2
1,837500E+3	4,573592E-1	1,837500E+3	1,667450E-1	1,837500E+3	4,663530E-1	1,837500E+3	1,740797E-1	1,837500E+3	4,792311E-1	1,837500E+3	1,594436E-1	1,837500E+3	5,187504E-1	1,837500E+3	1,034533E-1	1,837500E+3	5,909600E-1	1,837500E+3	2,706818E-2	1,837500E+3	6,297737E-1	1,837500E+3	-6,026874E-3	1,837500E+3	6,401522E-1	1,837500E+3	-2,664615E-2
1,839062E+3	4,617894E-1	1,839062E+3	1,702410E-1	1,839062E+3	4,700122E-1	1,839062E+3	1,760752E-1	1,839062E+3	4,796422E-1	1,839062E+3	1,619947E-1	1,839062E+3	5,168814E-1	1,839062E+3	1,137416E-1	1,839062E+3	5,865643E-1	1,839062E+3	2,773729E-2	1,839062E+3	6,341614E-1	1,839062E+3	-2,726396E-3	1,839062E+3	6,427928E-1	1,839062E+3	-2,625222E-2
1,840625E+3	4,701601E-1	1,840625E+3	1,685138E-1	1,840625E+3	4,718371E-1	1,840625E+3	1,801108E-1	1,840625E+3	4,834821E-1	1,840625E+3	1,648414E-1	1,840625E+3	5,163069E-1	1,840625E+3	1,199489E-1	1,840625E+3	5,890271E-1	1,840625E+3	3,574339E-2	1,840625E+3	6,359113E-1	1,840625E+3	-2,151413E-3	1,840625E+3	6,483625E-1	1,840625E+3	-2,633733E-2
1,842187E+3	4,714859E-1	1,842187E+3	1,755737E-1	1,842187E+3	4,774632E-1	1,842187E+3	1,830995E-1	1,842187E+3	4,876396E-1	1,842187E+3	1,688506E-1	1,842187E+3	5,177272E-1	1,842187E+3	1,160595E-1	1,842187E+3	5,959813E-1	1,842187E+3	4,165926E-2	1,842187E+3	6,302142E-1	1,842187E+3	4,735375E-3	1,842187E+3	6,483183E-1	1,842187E+3	-2,429338E-2
1,843750E+3	4,745887E-1	1,843750E+3	1,819205E-1	1,843750E+3	4,787349E-1	1,843750E+3	1,830863E-1	1,843750E+3	4,909636E-1	1,843750E+3	1,716125E-1	1,843750E+3	5,250253E-1	1,843750E+3	1,176144E-1	1,843750E+3	5,994821E-1	1,843750E+3	3,615092E-2	1,843750E+3	6,272202E-1	1,843750E+3	-5,511285E-3	1,843750E+3	6,451968E-1	1,843750E+3	-2,932440E-2
1,845312E+3	4,798604E-1	1,845312E+3	1,832517E-1	1,845312E+3	4,811481E-1	1,845312E+3	1,868222E-1	1,845312E+3	4,951710E-1	1,845312E+3	1,730469E-1	1,845312E+3	5,273571E-1	1,845312E+3	1,223348E-1	1,845312E+3	5,978194E-1	1,845312E+3	3,039310E-2	1,845312E+3	6,385571E-1	1,845312E+3	-8,040417E-3	1,845312E+3	6,644521E-1	1,845312E+3	-2,055194E-2
1,846875E+3	4,791554E-1	1,846875E+3	1,858842E-1	1,846875E+3	4,840102E-1	1,846875E+3	1,874141E-1	1,846875E+3	4,987751E-1	1,846875E+3	1,775035E-1	1,846875E+3	5,317130E-1	1,846875E+3	1,243420E-1	1,846875E+3	5,924005E-1	1,846875E+3	3,384170E-2	1,846875E+3	6,315325E-1	1,846875E+3	1,864734E-3	1,846875E+3	6,558442E-1	1,846875E+3	-1,625014E-2
1,848437E+3	4,850089E-1	1,848437E+3	1,942576E-1	1,848437E+3	4,865510E-1	1,848437E+3	1,897911E-1	1,848437E+3	5,013695E-1	1,848437E+3	1,792508E-1	1,848437E+3	5,310651E-1	1,848437E+3	1,323976E-1	1,848437E+3	5,919634E-1	1,848437E+3	3,328405E-2	1,848437E+3	6,370106E-1	1,848437E+3	2,269241E-3	1,848437E+3	6,386674E-1	1,848437E+3	-1,066043E-2
1,850000E+3	4,921962E-1	1,850000E+3	1,942928E-1	1,850000E+3	4,940430E-1	1,850000E+3	1,897057E-1	1,850000E+3	5,042568E-1	1,850000E+3	1,813286E-1	1,850000E+3	5,327402E-1	1,850000E+3	1,333476E-1	1,850000E+3	5,922363E-1	1,850000E+3	3,888021E-2	1,850000E+3	6,303915E-1	1,850000E+3	-7,270946E-3	1,850000E+3	6,452007E-1	1,850000E+3	-1,562273E-2
1,851562E+3	4,930794E-1	1,851562E+3	1,943023E-1	1,851562E+3	4,959412E-1	1,851562E+3	1,966445E-1	1,851562E+3	5,073214E-1	1,851562E+3	1,833856E-1	1,851562E+3	5,386483E-1	1,851562E+3	1,328225E-1	1,851562E+3	5,964346E-1	1,851562E+3	4,444276E-2	1,851562E+3	6,302830E-1	1,851562E+3	-3,603955E-3	1,851562E+3	6,549791E-1	1,851562E+3	-2,125639E-2
1,853125E+3	4,925874E-1	1,853125E+3	1,984618E-1	1,853125E+3	4,996278E-1	1,853125E+3	1,997050E-1	1,853125E+3	5,104851E-1	1,853125E+3	1,852771E-1	1,853125E+3	5,357245E-1	1,853125E+3	1,362676E-1	1,853125E+3	6,028278E-1	1,853125E+3	4,284761E-2	1,853125E+3	6,302975E-1	1,853125E+3	5,527712E-3	1,853125E+3	6,490418E-1	1,853125E+3	-2,396163E-2
1,854687E+3	4,946967E-1	1,854687E+3	1,973685E-1	1,854687E+3	5,023251E-1	1,854687E+3	2,002417E-1	1,854687E+3	5,134181E-1	1,854687E+3	1,864281E-1	1,854687E+3	5,378195E-1	1,854687E+3	1,387246E-1	1,854687E+3	6,031919E-1	1,854687E+3	4,368207E-2	1,854687E+3	6,292238E-1	1,854687E+3	5,973149E-3	1,854687E+3	6,431687E-1	1,854687E+3	-2,195425E-2
1,856250E+3	5,050315E-1	1,856250E+3	1,966715E-1	1,856250E+3	5,076639E-1	1,856250E+3	2,026864E-1	1,856250E+3	5,176897E-1	1,856250E+3	1,885368E-1	1,856250E+3	5,398235E-1	1,856250E+3	1,406015E-1	1,856250E+3	5,965865E-1	1,856250E+3	3,430352E-2	1,856250E+3	6,263679E-1	1,856250E+3	4,054641E-3	1,856250E+3	6,474835E-1	1,856250E+3	-1,469316E-2
1,857812E+3	5,091845E-1	1,857812E+3	2,011902E-1	1,857812E+3	5,142656E-1	1,857812E+3	2,050312E-1	1,857812E+3	5,208114E-1	1,857812E+3	1,900018E-1	1,857812E+3	5,452761E-1	1,857812E+3	1,405354E-1	1,857812E+3	6,000005E-1	1,857812E+3	3,941355E-2	1,857812E+3	6,359163E-1	1,857812E+3	1,460882E-2	1,857812E+3	6,589970E-1	1,857812E+3	-1,482286E-2
1,859375E+3	5,114438E-1	1,859375E+3	1,977104E-1	1,859375E+3	5,159254E-1	1,859375E+3	2,052561E-1	1,859375E+3	5,235408E-1	1,859375E+3	1,936859E-1	1,859375E+3	5,486218E-1	1,859375E+3	1,338673E-1	1,859375E+3	6,034298E-1	1,859375E+3	4,417258E-2	1,859375E+3	6,306382E-1	1,859375E+3	9,617188E-3	1,859375E+3	6,631116E-1	1,859375E+3	-2,527691E-2
1,860937E+3	5,089764E-1	1,860937E+3	2,085154E-1	1,860937E+3	5,175416E-1	1,860937E+3	2,086796E-1	1,860937E+3	5,276004E-1	1,860937E+3	1,951026E-1	1,860937E+3	5,472777E-1	1,860937E+3	1,403906E-1	1,860937E+3	5,955036E-1	1,860937E+3	4,562342E-2	1,860937E+3	6,306064E-1	1,860937E+3	1,257890E-2	1,860937E+3	6,467183E-1	1,860937E+3	-2,595515E-2
1,862500E+3	5,090451E-1	1,862500E+3	2,158687E-1	1,862500E+3	5,204426E-1	1,862500E+3	2,123032E-1	1,862500E+3	5,316981E-1	1,862500E+3	1,980396E-1	1,862500E+3	5,448461E-1	1,862500E+3	1,451588E-1	1,862500E+3	5,954776E-1	1,862500E+3	4,364226E-2	1,862500E+3	6,321158E-1	1,862500E+3	8,640010E-3	1,862500E+3	6,489218E-1	1,862500E+3	-1,317568E-2
1,864062E+3	5,219768E-1	1,864062E+3	2,119198E-1	1,864062E+3	5,242400E-1	1,864062E+3	2,098846E-1	1,864062E+3	5,339266E-1	1,864062E+3	1,976647E-1	1,864062E+3	5,492624E-1	1,864062E+3	1,485318E-1	1,864062E+3	5,985720E-1	1,864062E+3	4,326796E-2	1,864062E+3	6,306454E-1	1,864062E+3	8,249750E-3	1,864062E+3	6,544563E-1	1,864062E+3	-2,772643E-2
1,865625E+3	5,246852E-1	1,865625E+3	2,105085E-1	1,865625E+3	5,296957E-1	1,865625E+3	2,109664E-1	1,865625E+3	5,363539E-1	1,865625E+3	2,004128E-1	1,865625E+3	5,525826E-1	1,865625E+3	1,518797E-1	1,865625E+3	6,004997E-1	1,865625E+3	4,705122E-2	1,865625E+3	6,282080E-1	1,865625E+3	1,388049E-2	1,865625E+3	6,553977E-1	1,865625E+3	-2,060734E-2
1,867187E+3	5,292451E-1	1,867187E+3	2,099341E-1	1,867187E+3	5,321507E-1	1,867187E+3	2,144100E-1	1,867187E+3	5,405159E-1	1,867187E+3	2,020126E-1	1,867187E+3	5,576859E-1	1,867187E+3	1,554022E-1	1,867187E+3	6,082628E-1	1,867187E+3	5,268795E-2	1,867187E+3	6,316966E-1	1,867187E+3	1,797820E-2	1,867187E+3	6,462164E-1	1,867187E+3	-1,850362E-2
1,868750E+3	5,326123E-1	1,868750E+3	2,194468E-1	1,868750E+3	5,377031E-1	1,868750E+3	2,169606E-1	1,868750E+3	5,451495E-1	1,868750E+3	2,032471E-1	1,868750E+3	5,613560E-1	1,868750E+3	1,547949E-1	1,868750E+3	6,128390E-1	1,868750E+3	5,022583E-2	1,868750E+3	6,365782E-1	1,868750E+3	1,247668E-2	1,868750E+3	6,405703E-1	1,868750E+3	-1,431471E-2
1,870312E+3	5,366260E-1	1,870312E+3	2,193531E-1	1,870312E+3	5,401687E-1	1,870312E+3	2,171685E-1	1,870312E+3	5,491463E-1	1,870312E+3	2,053540E-1	1,870312E+3	5,570077E-1	1,870312E+3	1,542243E-1	1,870312E+3	6,075437E-1	1,870312E+3	4,820184E-2	1,870312E+3	6,421051E-1	1,870312E+3	1,305688E-2	1,870312E+3	6,461139E-1	1,870312E+3	-1,188376E-2
1,871875E+3	5,374804E-1	1,871875E+3	2,144607E-1	1,871875E+3	5,419957E-1	1,871875E+3	2,169323E-1	1,871875E+3	5,532581E-1	1,871875E+3	2,049042E-1	1,871875E+3	5,604248E-1	1,871875E+3	1,508227E-1	1,871875E+3	6,029416E-1	1,871875E+3	4,694640E-2	1,871875E+3	6,346696E-1	1,871875E+3	1,645699E-2	1,871875E+3	6,541463E-1	1,871875E+3	-1,587706E-2
1,873437E+3	5,397511E-1	1,873437E+3	2,161179E-1	1,873437E+3	5,459702E-1	1,873437E+3	2,176476E-1	1,873437E+3	5,560403E-1	1,873437E+3	2,079792E-1	1,873437E+3	5,648168E-1	1,873437E+3	1,536159E-1	1,873437E+3	6,019478E-1	1,873437E+3	4,653475E-2	1,873437E+3	6,382556E-1	1,873437E+3	9,611998E-3	1,873437E+3	6,493294E-1	1,873437E+3	-1,664941E-2
1,875000E+3	5,456030E-1	1,875000E+3	2,181471E-1	1,875000E+3	5,502511E-1	1,875000E+3	2,183440E-1	1,875000E+3	5,580216E-1	1,875000E+3	2,076795E-1	1,875000E+3	5,741419E-1	1,875000E+3	1,528881E-1	1,875000E+3	6,078662E-1	1,875000E+3	5,543662E-2	1,875000E+3	6,427560E-1	1,875000E+3	1,600846E-2	1,875000E+3	6,551232E-1	1,875000E+3	-8,682356E-3
1,876562E+3	5,516337E-1	1,876562E+3	2,240914E-1	1,876562E+3	5,531561E-1	1,876562E+3	2,222526E-1	1,876562E+3	5,601170E-1	1,876562E+3	2,091181E-1	1,876562E+3	5,731109E-1	1,876562E+3	1,528215E-1	1,876562E+3	6,108112E-1	1,876562E+3	5,469714E-2	1,876562E+3	6,374598E-1	1,876562E+3	2,405155E-2	1,876562E+3	6,477296E-1	1,876562E+3	-1,058796E-2
1,878125E+3	5,541627E-1	1,878125E+3	2,238994E-1	1,878125E+3	5,604050E-1	1,878125E+3	2,245444E-1	1,878125E+3	5,643874E-1	1,878125E+3	2,110058E-1	1,878125E+3	5,714718E-1	1,878125E+3	1,574006E-1	1,878125E+3	6,108068E-1	1,878125E+3	5,865690E-2	1,878125E+3	6,357691E-1	1,878125E+3	1,846893E-2	1,878125E+3	6,472641E-1	1,878125E+3	-1,491995E-2
1,879687E+3	5,582679E-1	1,879687E+3	2,234331E-1	1,879687E+3	5,634082E-1	1,879687E+3	2,256460E-1	1,879687E+3	5,658127E-1	1,879687E+3	2,091691E-1	1,879687E+3	5,713194E-1	1,879687E+3	1,584134E-1	1,879687E+3	6,067174E-1	1,879687E+3	5,950530E-2	1,879687E+3	6,340941E-1	1,879687E+3	1,032531E-2	1,879687E+3	6,542595E-1	1,879687E+3	-2,095034E-2
1,881250E+3	5,629992E-1	1,881250E+3	2,241283E-1	1,881250E+3	5,672992E-1	1,881250E+3	2,238258E-1	1,881250E+3	5,690586E-1	1,881250E+3	2,108367E-1	1,881250E+3	5,778978E-1	1,881250E+3	1,596685E-1	1,881250E+3	6,048674E-1	1,881250E+3	6,082604E-2	1,881250E+3	6,359670E-1	1,881250E+3	1,850926E-2	1,881250E+3	6,555412E-1	1,881250E+3	-1,899748E-2
1,882812E+3	5,590639E-1	1,882812E+3	2,271427E-1	1,882812E+3	5,691678E-1	1,882812E+3	2,248846E-1	1,882812E+3	5,736649E-1	1,882812E+3	2,102425E-1	1,882812E+3	5,813715E-1	1,882812E+3	1,587815E-1	1,882812E+3	6,081723E-1	1,882812E+3	6,429208E-2	1,882812E+3	6,340015E-1	1,882812E+3	2,120199E-2	1,882812E+3	6,519553E-1	1,882812E+3	-1,359219E-2
1,884375E+3	5,611797E-1	1,884375E+3	2,258314E-1	1,884375E+3	5,708787E-1	1,884375E+3	2,275010E-1	1,884375E+3	5,757324E-1	1,884375E+3	2,097168E-1	1,884375E+3	5,831957E-1	1,884375E+3	1,620600E-1	1,884375E+3	6,110098E-1	1,884375E+3	6,059284E-2	1,884375E+3	6,334434E-1	1,884375E+3	2,044141E-2	1,884375E+3	6,527114E-1	1,884375E+3	-1,179645E-2
1,885937E+3	5,681813E-1	1,885937E+3	2,308366E-1	1,885937E+3	5,773792E-1	1,885937E+3	2,281699E-1	1,885937E+3	5,787348E-1	1,885937E+3	2,114517E-1	1,885937E+3	5,862448E-1	1,885937E+3	1,636110E-1	1,885937E+3	6,097367E-1	1,885937E+3	6,184812E-2	1,885937E+3	6,264725E-1	1,885937E+3	2,798271E-2	1,885937E+3	6,582644E-1	1,885937E+3	-9,287837E-3
1,887500E+3	5,738824E-1	1,887500E+3	2,293717E-1	1,887500E+3	5,782411E-1	1,887500E+3	2,268104E-1	1,887500E+3	5,815988E-1	1,887500E+3	2,153011E-1	1,887500E+3	5,894385E-1	1,887500E+3	1,636700E-1	1,887500E+3	6,107612E-1	1,887500E+3	6,758562E-2	1,887500E+3	6,354450E-1	1,887500E+3	2,321769E-2	1,887500E+3	6,596201E-1	1,887500E+3	-1,347708E-2
1,889062E+3	5,793917E-1	1,889062E+3	2,320986E-1	1,889062E+3	5,813810E-1	1,889062E+3	2,278162E-1	1,889062E+3	5,869522E-1	1,889062E+3	2,138320E-1	1,889062E+3	5,902176E-1	1,889062E+3	1,679855E-1	1,889062E+3	6,170168E-1	1,889062E+3	6,666687E-2	1,889062E+3	6,427335E-1	1,889062E+3	2,488378E-2	1,889062E+3	6,574062E-1	1,889062E+3	-1,070809E-2
1,890625E+3	5,816911E-1	1,890625E+3	2,305965E-1	1,890625E+3	5,843973E-1	1,890625E+3	2,280024E-1	1,890625E+3	5,907762E-1	1,890625E+3	2,170579E-1	1,890625E+3	5,945750E-1	1,890625E+3	1,691087E-1	1,890625E+3	6,159408E-1	1,890625E+3	6,931788E-2	1,890625E+3	6,407702E-1	1,890625E+3	1,966608E-2	1,890625E+3	6,554181E-1	1,890625E+3	-4,258491E-3
1,892187E+3	5,818529E-1	1,892187E+3	2,307736E-1	1,892187E+3	5,888117E-1	1,892187E+3	2,296945E-1	1,892187E+3	5,937440E-1	1,892187E+3	2,156978E-1	1,892187E+3	5,941839E-1	1,892187E+3	1,678910E-1	1,892187E+3	6,201106E-1	1,892187E+3	6,868521E-2	1,892187E+3	6,457780E-1	1,892187E+3	2,114979E-2	1,892187E+3	6,532970E-1	1,892187E+3	-4,396188E-3
1,893750E+3	5,856295E-1	1,893750E+3	2,328023E-1	1,893750E+3	5,907830E-1	1,893750E+3	2,284381E-1	1,893750E+3	5,960700E-1	1,893750E+3	2,173210E-1	1,893750E+3	5,970926E-1	1,893750E+3	1,659468E-1	1,893750E+3	6,201381E-1	1,893750E+3	6,917018E-2	1,893750E+3	6,416562E-1	1,893750E+3	2,208676E-2	1,893750E+3	6,462525E-1	1,893750E+3	-5,142188E-3
1,895312E+3	5,911314E-1	1,895312E+3	2,326712E-1	1,895312E+3	5,978802E-1	1,895312E+3	2,284020E-1	1,895312E+3	6,014976E-1	1,895312E+3	2,154343E-1	1,895312E+3	5,987104E-1	1,895312E+3	1,692533E-1	1,895312E+3	6,216033E-1	1,895312E+3	6,764781E-2	1,895312E+3	6,335235E-1	1,895312E+3	1,733261E-2	1,895312E+3	6,513995E-1	1,895312E+3	-6,430001E-3
1,896875E+3	5,899881E-1	1,896875E+3	2,301904E-1	1,896875E+3	5,984495E-1	1,896875E+3	2,276854E-1	1,896875E+3	6,020400E-1	1,896875E+3	2,159355E-1	1,896875E+3	6,012808E-1	1,896875E+3	1,641055E-1	1,896875E+3	6,170559E-1	1,896875E+3	6,744023E-2	1,896875E+3	6,399830E-1	1,896875E+3	1,936334E-2	1,896875E+3	6,510250E-1	1,896875E+3	-3,616015E-3
1,898437E+3	5,945307E-1	1,898437E+3	2,326539E-1	1,898437E+3	6,031963E-1	1,898437E+3	2,293988E-1	1,898437E+3	6,071491E-1	1,898437E+3	2,165648E-1	1,898437E+3	6,040641E-1	1,898437E+3	1,694981E-1	1,898437E+3	6,239149E-1	1,898437E+3	6,979295E-2	1,898437E+3	6,410352E-1	1,898437E+3	2,070303E-2	1,898437E+3	6,520299E-1	1,898437E+3	-8,233768E-3
1,900000E+3	6,030748E-1	1,900000E+3	2,305490E-1	1,900000E+3	6,055156E-1	1,900000E+3	2,301139E-1	1,900000E+3	6,107265E-1	1,900000E+3	2,175749E-1	1,900000E+3	6,070622E-1	1,900000E+3	1,715906E-1	1,900000E+3	6,277063E-1	1,900000E+3	7,094688E-2	1,900000E+3	6,384519E-1	1,900000E+3	2,496513E-2	1,900000E+3	6,567346E-1	1,900000E+3	-6,790978E-3
1,901562E+3	6,011431E-1	1,901562E+3	2,322429E-1	1,901562E+3	6,072202E-1	1,901562E+3	2,292799E-1	1,901562E+3	6,123646E-1	1,901562E+3	2,179308E-1	1,901562E+3	6,123175E-1	1,901562E+3	1,711621E-1	1,901562E+3	6,258559E-1	1,901562E+3	7,387539E-2	1,901562E+3	6,334495E-1	1,901562E+3	2,458092E-2	1,901562E+3	6,609018E-1	1,901562E+3	-2,856142E-3
1,903125E+3	6,052788E-1	1,903125E+3	2,306767E-1	1,903125E+3	6,111994E-1	1,903125E+3	2,302602E-1	1,903125E+3	6,138643E-1	1,903125E+3	2,147887E-1	1,903125E+3	6,119042E-1	1,903125E+3	1,693882E-1	1,903125E+3	6,203970E-1	1,903125E+3	7,143805E-2	1,903125E+3	6,397486E-1	1,903125E+3	2,301469E-2	1,903125E+3	6,610046E-1	1,903125E+3	-4,640958E-3
1,904687E+3	6,105861E-1	1,904687E+3	2,287068E-1	1,904687E+3	6,141544E-1	1,904687E+3	2,280153E-1	1,904687E+3	6,169559E-1	1,904687E+3	2,178302E-1	1,904687E+3	6,127826E-1	1,904687E+3	1,713172E-1	1,904687E+3	6,223913E-1	1,904687E+3	7,289385E-2	1,904687E+3	6,378841E-1	1,904687E+3	2,194086E-2	1,904687E+3	6,582385E-1	1,904687E+3	-9,822408E-3
1,906250E+3	6,116695E-1	1,906250E+3	2,297793E-1	1,906250E+3	6,158834E-1	1,906250E+3	2,306105E-1	1,906250E+3	6,193509E-1	1,906250E+3	2,168348E-1	1,906250E+3	6,149733E-1	1,906250E+3	1,728456E-1	1,906250E+3	6,273143E-1	1,906250E+3	7,230952E-2	1,906250E+3	6,413719E-1	1,906250E+3	1,995961E-2	1,906250E+3	6,484565E-1	1,906250E+3	-6,633309E-3
1,907812E+3	6,155415E-1	1,907812E+3	2,308702E-1	1,907812E+3	6,216125E-1	1,907812E+3	2,293903E-1	1,907812E+3	6,229252E-1	1,907812E+3	2,155900E-1	1,907812E+3	6,210188E-1	1,907812E+3	1,750979E-1	1,907812E+3	6,257289E-1	1,907812E+3	7,471728E-2	1,907812E+3	6,404669E-1	1,907812E+3	2,010355E-2	1,907812E+3	6,533333E-1	1,907812E+3	-2,651185E-3
1,909375E+3	6,165707E-1	1,909375E+3	2,277694E-1	1,909375E+3	6,255524E-1	1,909375E+3	2,296874E-1	1,909375E+3	6,259979E-1	1,909375E+3	2,189784E-1	1,909375E+3	6,232107E-1	1,909375E+3	1,702744E-1	1,909375E+3	6,260112E-1	1,909375E+3	7,544371E-2	1,909375E+3	6,416560E-1	1,909375E+3	2,034623E-2	1,909375E+3	6,531611E-1	1,909375E+3	-7,374094E-3
1,910937E+3	6,207212E-1	1,910937E+3	2,298716E-1	1,910937E+3	6,269329E-1	1,910937E+3	2,310924E-1	1,910937E+3	6,303771E-1	1,910937E+3	2,169222E-1	1,910937E+3	6,250459E-1	1,910937E+3	1,719303E-1	1,910937E+3	6,262965E-1	1,910937E+3	7,669555E-2	1,910937E+3	6,428168E-1	1,910937E+3	2,330203E-2	1,910937E+3	6,554588E-1	1,910937E+3	-6,037699E-4
1,912500E+3	6,275619E-1	1,912500E+3	2,314437E-1	1,912500E+3	6,317859E-1	1,912500E+3	2,302710E-1	1,912500E+3	6,332320E-1	1,912500E+3	2,157408E-1	1,912500E+3	6,269419E-1	1,912500E+3	1,740749E-1	1,912500E+3	6,315837E-1	1,912500E+3	7,572425E-2	1,912500E+3	6,446703E-1	1,912500E+3	2,575545E-2	1,912500E+3	6,537811E-1	1,912500E+3	-5,926654E-3
1,914062E+3	6,321012E-1	1,914062E+3	2,327576E-1	1,914062E+3	6,371817E-1	1,914062E+3	2,308082E-1	1,914062E+3	6,371822E-1	1,914062E+3	2,170961E-1	1,914062E+3	6,301245E-1	1,914062E+3	1,725297E-1	1,914062E+3	6,315881E-1	1,914062E+3	7,366475E-2	1,914062E+3	6,443684E-1	1,914062E+3	2,668523E-2	1,914062E+3	6,535091E-1	1,914062E+3	-9,207689E-3
1,915625E+3	6,347693E-1	1,915625E+3	2,333305E-1	1,915625E+3	6,390226E-1	1,915625E+3	2,288787E-1	1,915625E+3	6,382207E-1	1,915625E+3	2,165595E-1	1,915625E+3	6,301488E-1	1,915625E+3	1,738846E-1	1,915625E+3	6,291213E-1	1,915625E+3	7,978678E-2	1,915625E+3	6,467682E-1	1,915625E+3	2,768830E-2	1,915625E+3	6,572000E-1	1,915625E+3	-6,036230E-3
1,917187E+3	6,344216E-1	1,917187E+3	2,322554E-1	1,917187E+3	6,402301E-1	1,917187E+3	2,254435E-1	1,917187E+3	6,401661E-1	1,917187E+3	2,174909E-1	1,917187E+3	6,330568E-1	1,917187E+3	1,750530E-1	1,917187E+3	6,347828E-1	1,917187E+3	7,574422E-2	1,917187E+3	6,469574E-1	1,917187E+3	2,841392E-2	1,917187E+3	6,564902E-1	1,917187E+3	-1,723650E-3
1,918750E+3	6,376301E-1	1,918750E+3	2,259226E-1	1,918750E+3	6,436250E-1	1,918750E+3	2,274633E-1	1,918750E+3	6,439506E-1	1,918750E+3	2,169017E-1	1,918750E+3	6,327117E-1	1,918750E+3	1,739118E-1	1,918750E+3	6,347857E-1	1,918750E+3	8,074392E-2	1,918750E+3	6,470945E-1	1,918750E+3	2,865118E-2	1,918750E+3	6,566257E-1	1,918750E+3	-2,404147E-3
1,920312E+3	6,413688E-1	1,920312E+3	2,262435E-1	1,920312E+3	6,453392E-1	1,920312E+3	2,278025E-1	1,920312E+3	6,483366E-1	1,920312E+3	2,156093E-1	1,920312E+3	6,365770E-1	1,920312E+3	1,727120E-1	1,920312E+3	6,347266E-1	1,920312E+3	7,959057E-2	1,920312E+3	6,479424E-1	1,920312E+3	2,470796E-2	1,920312E+3	6,571755E-1	1,920312E+3	-9,606642E-3
1,921875E+3	6,404770E-1	1,921875E+3	2,324167E-1	1,921875E+3	6,499490E-1	1,921875E+3	2,281572E-1	1,921875E+3	6,488992E-1	1,921875E+3	2,147645E-1	1,921875E+3	6,390315E-1	1,921875E+3	1,742907E-1	1,921875E+3	6,362129E-1	1,921875E+3	7,829103E-2	1,921875E+3	6,451989E-1	1,921875E+3	2,619996E-2	1,921875E+3	6,528633E-1	1,921875E+3	-8,914947E-3
1,923437E+3	6,469461E-1	1,923437E+3	2,260983E-1	1,923437E+3	6,523695E-1	1,923437E+3	2,238761E-1	1,923437E+3	6,522379E-1	1,923437E+3	2,135257E-1	1,923437E+3	6,398287E-1	1,923437E+3	1,729764E-1	1,923437E+3	6,385545E-1	1,923437E+3	7,617996E-2	1,923437E+3	6,483704E-1	1,923437E+3	2,885411E-2	1,923437E+3	6,602502E-1	1,923437E+3	-3,039377E-3
1,925000E+3	6,515645E-1	1,925000E+3	2,269143E-1	1,925000E+3	6,533445E-1	1,925000E+3	2,257384E-1	1,925000E+3	6,545801E-1	1,925000E+3	2,137528E-1	1,925000E+3	6,442743E-1	1,925000E+3	1,712026E-1	1,925000E+3	6,372557E-1	1,925000E+3	8,055711E-2	1,925000E+3	6,500898E-1	1,925000E+3	2,559739E-2	1,925000E+3	6,541116E-1	1,925000E+3	-8,657548E-3
1,926562E+3	6,523292E-1	1,926562E+3	2,307180E-1	1,926562E+3	6,571369E-1	1,926562E+3	2,265701E-1	1,926562E+3	6,574902E-1	1,926562E+3	2,169210E-1	1,926562E+3	6,468747E-1	1,926562E+3	1,758468E-1	1,926562E+3	6,421796E-1	1,926562E+3	8,100408E-2	1,926562E+3	6,463059E-1	1,926562E+3	2,891472E-2	1,926562E+3	6,494654E-1	1,926562E+3	-7,295755E-3
1,928125E+3	6,524053E-1	1,928125E+3	2,273631E-1	1,928125E+3	6,598713E-1	1,928125E+3	2,250896E-1	1,928125E+3	6,604566E-1	1,928125E+3	2,139179E-1	1,928125E+3	6,475660E-1	1,928125E+3	1,751998E-1	1,928125E+3	6,385286E-1	1,928125E+3	8,242406E-2	1,928125E+3	6,458230E-1	1,928125E+3	2,762109E-2	1,928125E+3	6,532405E-1	1,928125E+3	-2,992376E-3
1,929687E+3	6,571456E-1	1,929687E+3	2,231497E-1	1,929687E+3	6,621565E-1	1,929687E+3	2,256860E-1	1,929687E+3	6,618997E-1	1,929687E+3	2,119463E-1	1,929687E+3	6,488816E-1	1,929687E+3	1,722036E-1	1,929687E+3	6,392481E-1	1,929687E+3	7,902174E-2	1,929687E+3	6,472610E-1	1,929687E+3	3,067055E-2	1,929687E+3	6,587452E-1	1,929687E+3	2,541288E-3
1,931250E+3	6,591657E-1	1,931250E+3	2,237578E-1	1,931250E+3	6,645674E-1	1,931250E+3	2,220457E-1	1,931250E+3	6,630009E-1	1,931250E+3	2,104482E-1	1,931250E+3	6,506206E-1	1,931250E+3	1,731835E-1	1,931250E+3	6,400155E-1	1,931250E+3	8,163651E-2	1,931250E+3	6,488529E-1	1,931250E+3	3,073519E-2	1,931250E+3	6,586951E-1	1,931250E+3	-6,808838E-3
1,932812E+3	6,648466E-1	1,932812E+3	2,225050E-1	1,932812E+3	6,667847E-1	1,932812E+3	2,200240E-1	1,932812E+3	6,666815E-1	1,932812E+3	2,110488E-1	1,932812E+3	6,536144E-1	1,932812E+3	1,733726E-1	1,932812E+3	6,415361E-1	1,932812E+3	7,960361E-2	1,932812E+3	6,477137E-1	1,932812E+3	3,006006E-2	1,932812E+3	6,538324E-1	1,932812E+3	-5,259014E-3
1,934375E+3	6,657399E-1	1,934375E+3	2,215298E-1	1,934375E+3	6,693123E-1	1,934375E+3	2,213948E-1	1,934375E+3	6,683556E-1	1,934375E+3	2,087499E-1	1,934375E+3	6,542067E-1	1,934375E+3	1,756866E-1	1,934375E+3	6,410856E-1	1,934375E+3	7,956473E-2	1,934375E+3	6,481116E-1	1,934375E+3	3,008142E-2	1,934375E+3	6,520763E-1	1,934375E+3	-4,448058E-3
1,935937E+3	6,666115E-1	1,935937E+3	2,254244E-1	1,935937E+3	6,709725E-1	1,935937E+3	2,212082E-1	1,935937E+3	6,691962E-1	1,935937E+3	2,079236E-1	1,935937E+3	6,580424E-1	1,935937E+3	1,713458E-1	1,935937E+3	6,397018E-1	1,935937E+3	7,795095E-2	1,935937E+3	6,501433E-1	1,935937E+3	3,243016E-2	1,935937E+3	6,542803E-1	1,935937E+3	2,155060E-3
1,937500E+3	6,698209E-1	1,937500E+3	2,268351E-1	1,937500E+3	6,745695E-1	1,937500E+3	2,199691E-1	1,937500E+3	6,728727E-1	1,937500E+3	2,096981E-1	1,937500E+3	6,603453E-1	1,937500E+3	1,739932E-1	1,937500E+3	6,432454E-1	1,937500E+3	8,305546E-2	1,937500E+3	6,488234E-1	1,937500E+3	3,102769E-2	1,937500E+3	6,621895E-1	1,937500E+3	-2,262488E-3
1,939062E+3	6,774542E-1	1,939062E+3	2,205495E-1	1,939062E+3	6,780459E-1	1,939062E+3	2,181392E-1	1,939062E+3	6,755179E-1	1,939062E+3	2,084204E-1	1,939062E+3	6,628288E-1	1,939062E+3	1,708404E-1	1,939062E+3	6,470374E-1	1,939062E+3	8,373961E-2	1,939062E+3	6,501900E-1	1,939062E+3	2,746968E-2	1,939062E+3	6,608145E-1	1,939062E+3	-4,814391E-3
1,940625E+3	6,772771E-1	1,940625E+3	2,224158E-1	1,940625E+3	6,801005E-1	1,940625E+3	2,186918E-1	1,940625E+3	6,799543E-1	1,940625E+3	2,067504E-1	1,940625E+3	6,631803E-1	1,940625E+3	1,723022E-1	1,940625E+3	6,434495E-1	1,940625E+3	8,452601E-2	1,940625E+3	6,504260E-1	1,940625E+3	2,870975E-2	1,940625E+3	6,609479E-1	1,940625E+3	-3,610187E-3
1,942187E+3	6,807415E-1	1,942187E+3	2,168805E-1	1,942187E+3	6,836047E-1	1,942187E+3	2,189059E-1	1,942187E+3	6,815763E-1	1,942187E+3	2,086912E-1	1,942187E+3	6,673234E-1	1,942187E+3	1,705793E-1	1,942187E+3	6,476427E-1	1,942187E+3	8,322752E-2	1,942187E+3	6,530293E-1	1,942187E+3	3,135258E-2	1,942187E+3	6,635863E-1	1,942187E+3	-2,407532E-3
1,943750E+3	6,813715E-1	1,943750E+3	2,209799E-1	1,943750E+3	6,852872E-1	1,943750E+3	2,176250E-1	1,943750E+3	6,856373E-1	1,943750E+3	2,052750E-1	1,943750E+3	6,687790E-1	1,943750E+3	1,711199E-1	1,943750E+3	6,509950E-1	1,943750E+3	8,393654E-2	1,943750E+3	6,552131E-1	1,943750E+3	3,143487E-2	1,943750E+3	6,621432E-1	1,943750E+3	6,747481E-4
1,945312E+3	6,812412E-1	1,945312E+3	2,183741E-1	1,945312E+3	6,866895E-1	1,945312E+3	2,151502E-1	1,945312E+3	6,867500E-1	1,945312E+3	2,073222E-1	1,945312E+3	6,725994E-1	1,945312E+3	1,697213E-1	1,945312E+3	6,478992E-1	1,945312E+3	8,322683E-2	1,945312E+3	6,543695E-1	1,945312E+3	3,300376E-2	1,945312E+3	6,573982E-1	1,945312E+3	9,234531E-4
1,946875E+3	6,867025E-1	1,946875E+3	2,188464E-1	1,946875E+3	6,912903E-1	1,946875E+3	2,152271E-1	1,946875E+3	6,902967E-1	1,946875E+3	2,054005E-1	1,946875E+3	6,755029E-1	1,946875E+3	1,694263E-1	1,946875E+3	6,484118E-1	1,946875E+3	8,257066E-2	1,946875E+3	6,542784E-1	1,946875E+3	3,183705E-2	1,946875E+3	6,626873E-1	1,946875E+3	-1,934625E-3
1,948437E+3	6,874442E-1	1,948437E+3	2,150551E-1	1,948437E+3	6,933246E-1	1,948437E+3	2,135756E-1	1,948437E+3	6,917322E-1	1,948437E+3	2,025661E-1	1,948437E+3	6,751542E-1	1,948437E+3	1,693905E-1	1,948437E+3	6,493429E-1	1,948437E+3	8,436862E-2	1,948437E+3	6,546026E-1	1,948437E+3	3,220722E-2	1,948437E+3	6,572625E-1	1,948437E+3	6,049191E-3
1,950000E+3	6,931486E-1	1,950000E+3	2,139718E-1	1,950000E+3	6,960282E-1	1,950000E+3	2,108279E-1	1,950000E+3	6,938502E-1	1,950000E+3	2,012644E-1	1,950000E+3	6,763927E-1	1,950000E+3	1,710172E-1	1,950000E+3	6,534829E-1	1,950000E+3	8,353221E-2	1,950000E+3	6,527706E-1	1,950000E+3	2,972275E-2	1,950000E+3	6,580147E-1	1,950000E+3	6,302460E-3
1,951562E+3	6,936833E-1	1,951562E+3	2,154961E-1	1,951562E+3	6,972977E-1	1,951562E+3	2,145813E-1	1,951562E+3	6,964273E-1	1,951562E+3	2,028607E-1	1,951562E+3	6,812634E-1	1,951562E+3	1,689416E-1	1,951562E+3	6,568728E-1	1,951562E+3	8,213920E-2	1,951562E+3	6,548805E-1	1,951562E+3	3,191121E-2	1,951562E+3	6,601174E-1	1,951562E+3	1,154947E-2
1,953125E+3	6,949453E-1	1,953125E+3	2,164426E-1	1,953125E+3	7,006796E-1	1,953125E+3	2,093987E-1	1,953125E+3	6,967811E-1	1,953125E+3	1,990677E-1	1,953125E+3	6,808107E-1	1,953125E+3	1,673301E-1	1,953125E+3	6,546960E-1	1,953125E+3	8,591980E-2	1,953125E+3	6,562100E-1	1,953125E+3	2,740651E-2	1,953125E+3	6,548480E-1	1,953125E+3	2,915166E-3
1,954687E+3	6,970133E-1	1,954687E+3	2,143968E-1	1,954687E+3	7,025415E-1	1,954687E+3	2,102423E-1	1,954687E+3	7,016185E-1	1,954687E+3	2,006460E-1	1,954687E+3	6,839264E-1	1,954687E+3	1,672398E-1	1,954687E+3	6,532405E-1	1,954687E+3	8,459970E-2	1,954687E+3	6,558067E-1	1,954687E+3	2,097400E-2	1,954687E+3	6,566413E-1	1,954687E+3	7,106839E-3
1,956250E+3	6,995386E-1	1,956250E+3	2,154078E-1	1,956250E+3	7,037116E-1	1,956250E+3	2,058782E-1	1,956250E+3	7,049277E-1	1,956250E+3	1,969837E-1	1,956250E+3	6,834245E-1	1,956250E+3	1,627783E-1	1,956250E+3	6,566430E-1	1,956250E+3	8,483105E-2	1,956250E+3	6,553071E-1	1,956250E+3	2,231872E-2	1,956250E+3	6,642021E-1	1,956250E+3	-1,260473E-3
1,957812E+3	7,000666E-1	1,957812E+3	2,151441E-1	1,957812E+3	7,059352E-1	1,957812E+3	2,040347E-1	1,957812E+3	7,025698E-1	1,957812E+3	1,962181E-1	1,957812E+3	6,857714E-1	1,957812E+3	1,633415E-1	1,957812E+3	6,591221E-1	1,957812E+3	8,585132E-2	1,957812E+3	6,565086E-1	1,957812E+3	2,503101E-2	1,957812E+3	6,602739E-1	1,957812E+3	-5,842225E-4
1,959375E+3	7,061108E-1	1,959375E+3	2,086114E-1	1,959375E+3	7,087001E-1	1,959375E+3	2,031663E-1	1,959375E+3	7,073467E-1	1,959375E+3	1,943125E-1	1,959375E+3	6,892642E-1	1,959375E+3	1,633521E-1	1,959375E+3	6,642285E-1	1,959375E+3	8,569175E-2	1,959375E+3	6,556645E-1	1,959375E+3	3,008356E-2	1,959375E+3	6,613637E-1	1,959375E+3	3,039508E-4
1,960937E+3	7,073141E-1	1,960937E+3	2,094499E-1	1,960937E+3	7,106770E-1	1,960937E+3	2,035025E-1	1,960937E+3	7,098578E-1	1,960937E+3	1,938532E-1	1,960937E+3	6,885673E-1	1,960937E+3	1,621854E-1	1,960937E+3	6,631109E-1	1,960937E+3	9,463592E-2	1,960937E+3	6,515468E-1	1,960937E+3	3,185405E-2	1,960937E+3	6,593754E-1	1,960937E+3	-5,854934E-4
1,962500E+3	7,081260E-1	1,962500E+3	2,047084E-1	1,962500E+3	7,131579E-1	1,962500E+3	2,030911E-1	1,962500E+3	7,079428E-1	1,962500E+3	1,927259E-1	1,962500E+3	6,914144E-1	1,962500E+3	1,630950E-1	1,962500E+3	6,643817E-1	1,962500E+3	8,715785E-2	1,962500E+3	6,530461E-1	1,962500E+3	3,192954E-2	1,962500E+3	6,565311E-1	1,962500E+3	3,609099E-4
1,964062E+3	7,086683E-1	1,964062E+3	2,085532E-1	1,964062E+3	7,150943E-1	1,964062E+3	2,018927E-1	1,964062E+3	7,119232E-1	1,964062E+3	1,929940E-1	1,964062E+3	6,926206E-1	1,964062E+3	1,642245E-1	1,964062E+3	6,660593E-1	1,964062E+3	8,372585E-2	1,964062E+3	6,555653E-1	1,964062E+3	3,294601E-2	1,964062E+3	6,587163E-1	1,964062E+3	-1,801617E-3
1,965625E+3	7,106614E-1	1,965625E+3	2,071386E-1	1,965625E+3	7,169767E-1	1,965625E+3	2,022269E-1	1,965625E+3	7,136769E-1	1,965625E+3	1,907554E-1	1,965625E+3	6,925473E-1	1,965625E+3	1,623895E-1	1,965625E+3	6,652822E-1	1,965625E+3	8,234688E-2	1,965625E+3	6,575708E-1	1,965625E+3	3,118677E-2	1,965625E+3	6,606667E-1	1,965625E+3	-1,825780E-3
1,967187E+3	7,132852E-1	1,967187E+3	1,970349E-1	1,967187E+3	7,188571E-1	1,967187E+3	1,985337E-1	1,967187E+3	7,170207E-1	1,967187E+3	1,895473E-1	1,967187E+3	6,952845E-1	1,967187E+3	1,574703E-1	1,967187E+3	6,649361E-1	1,967187E+3	8,488825E-2	1,967187E+3	6,558465E-1	1,967187E+3	2,998940E-2	1,967187E+3	6,574696E-1	1,967187E+3	-1,066494E-3
1,968750E+3	7,185268E-1	1,968750E+3	1,957880E-1	1,968750E+3	7,195131E-1	1,968750E+3	1,994078E-1	1,968750E+3	7,184377E-1	1,968750E+3	1,870012E-1	1,968750E+3	6,981389E-1	1,968750E+3	1,586578E-1	1,968750E+3	6,631370E-1	1,968750E+3	8,521131E-2	1,968750E+3	6,555006E-1	1,968750E+3	3,631990E-2	1,968750E+3	6,556792E-1	1,968750E+3	-7,660162E-3
1,970312E+3	7,222179E-1	1,970312E+3	1,964768E-1	1,970312E+3	7,231292E-1	1,970312E+3	1,978232E-1	1,970312E+3	7,209437E-1	1,970312E+3	1,900889E-1	1,970312E+3	7,012663E-1	1,970312E+3	1,588433E-1	1,970312E+3	6,652055E-1	1,970312E+3	8,157743E-2	1,970312E+3	6,626315E-1	1,970312E+3	4,116301E-2	1,970312E+3	6,574103E-1	1,970312E+3	-5,812320E-3
1,971875E+3	7,243760E-1	1,971875E+3	2,020391E-1	1,971875E+3	7,238848E-1	1,971875E+3	1,950321E-1	1,971875E+3	7,214472E-1	1,971875E+3	1,869957E-1	1,971875E+3	7,042375E-1	1,971875E+3	1,566747E-1	1,971875E+3	6,667955E-1	1,971875E+3	7,972528E-2	1,971875E+3	6,549967E-1	1,971875E+3	3,477255E-2	1,971875E+3	6,598571E-1	1,971875E+3	-1,926300E-3
1,973437E+3	7,198716E-1	1,973437E+3	2,009362E-1	1,973437E+3	7,275280E-1	1,973437E+3	1,913177E-1	1,973437E+3	7,231479E-1	1,973437E+3	1,824867E-1	1,973437E+3	7,053053E-1	1,973437E+3	1,591843E-1	1,973437E+3	6,663354E-1	1,973437E+3	8,147975E-2	1,973437E+3	6,553655E-1	1,973437E+3	3,329435E-2	1,973437E+3	6,568891E-1	1,973437E+3	-6,909147E-3
1,975000E+3	7,195820E-1	1,975000E+3	1,994495E-1	1,975000E+3	7,294298E-1	1,975000E+3	1,911158E-1	1,975000E+3	7,250124E-1	1,975000E+3	1,829250E-1	1,975000E+3	7,080777E-1	1,975000E+3	1,582255E-1	1,975000E+3	6,665349E-1	1,975000E+3	8,668220E-2	1,975000E+3	6,605681E-1	1,975000E+3	3,780962E-2	1,975000E+3	6,587716E-1	1,975000E+3	7,612000E-4
1,976562E+3	7,262348E-1	1,976562E+3	1,954191E-1	1,976562E+3	7,337533E-1	1,976562E+3	1,892000E-1	1,976562E+3	7,272749E-1	1,976562E+3	1,811327E-1	1,976562E+3	7,086432E-1	1,976562E+3	1,523998E-1	1,976562E+3	6,707082E-1	1,976562E+3	7,910685E-2	1,976562E+3	6,605781E-1	1,976562E+3	3,297961E-2	1,976562E+3	6,635070E-1	1,976562E+3	-7,341616E-3
1,978125E+3	7,338465E-1	1,978125E+3	1,870215E-1	1,978125E+3	7,359237E-1	1,978125E+3	1,875515E-1	1,978125E+3	7,277636E-1	1,978125E+3	1,811492E-1	1,978125E+3	7,095100E-1	1,978125E+3	1,522382E-1	1,978125E+3	6,760147E-1	1,978125E+3	7,731965E-2	1,978125E+3	6,551282E-1	1,978125E+3	2,740387E-2	1,978125E+3	6,601439E-1	1,978125E+3	-3,361309E-3
1,979687E+3	7,365132E-1	1,979687E+3	1,836739E-1	1,979687E+3	7,361380E-1	1,979687E+3	1,869506E-1	1,979687E+3	7,328523E-1	1,979687E+3	1,768473E-1	1,979687E+3	7,141091E-1	1,979687E+3	1,513530E-1	1,979687E+3	6,762431E-1	1,979687E+3	7,549094E-2	1,979687E+3	6,540629E-1	1,979687E+3	2,671064E-2	1,979687E+3	6,632574E-1	1,979687E+3	-5,519978E-3
1,981250E+3	7,327906E-1	1,981250E+3	1,946051E-1	1,981250E+3	7,361292E-1	1,981250E+3	1,893351E-1	1,981250E+3	7,335474E-1	1,981250E+3	1,785625E-1	1,981250E+3	7,129818E-1	1,981250E+3	1,502349E-1	1,981250E+3	6,747785E-1	1,981250E+3	8,362619E-2	1,981250E+3	6,585419E-1	1,981250E+3	3,538918E-2	1,981250E+3	6,635634E-1	1,981250E+3	5,212955E-4
1,982812E+3	7,306203E-1	1,982812E+3	1,938918E-1	1,982812E+3	7,360674E-1	1,982812E+3	1,904281E-1	1,982812E+3	7,335216E-1	1,982812E+3	1,767333E-1	1,982812E+3	7,140605E-1	1,982812E+3	1,524699E-1	1,982812E+3	6,742674E-1	1,982812E+3	8,542976E-2	1,982812E+3	6,561215E-1	1,982812E+3	3,395592E-2	1,982812E+3	6,567036E-1	1,982812E+3	9,618839E-4
1,984375E+3	7,386086E-1	1,984375E+3	1,897673E-1	1,984375E+3	7,381963E-1	1,984375E+3	1,851118E-1	1,984375E+3	7,366242E-1	1,984375E+3	1,750588E-1	1,984375E+3	7,197199E-1	1,984375E+3	1,502847E-1	1,984375E+3	6,714701E-1	1,984375E+3	8,273795E-2	1,984375E+3	6,644549E-1	1,984375E+3	2,920409E-2	1,984375E+3	6,506108E-1	1,984375E+3	1,772437E-4
1,985937E+3	7,403566E-1	1,985937E+3	1,825840E-1	1,985937E+3	7,423573E-1	1,985937E+3	1,824080E-1	1,985937E+3	7,367647E-1	1,985937E+3	1,728896E-1	1,985937E+3	7,193256E-1	1,985937E+3	1,469260E-1	1,985937E+3	6,730741E-1	1,985937E+3	8,010961E-2	1,985937E+3	6,657005E-1	1,985937E+3	2,610473E-2	1,985937E+3	6,596206E-1	1,985937E+3	4,925235E-3
1,987500E+3	7,423047E-1	1,987500E+3	1,856633E-1	1,987500E+3	7,438516E-1	1,987500E+3	1,794840E-1	1,987500E+3	7,398949E-1	1,987500E+3	1,724792E-1	1,987500E+3	7,210837E-1	1,987500E+3	1,450976E-1	1,987500E+3	6,764127E-1	1,987500E+3	7,955318E-2	1,987500E+3	6,650668E-1	1,987500E+3	2,970914E-2	1,987500E+3	6,617043E-1	1,987500E+3	-3,184532E-4
1,989062E+3	7,439119E-1	1,989062E+3	1,904989E-1	1,989062E+3	7,443975E-1	1,989062E+3	1,781042E-1	1,989062E+3	7,410525E-1	1,989062E+3	1,697642E-1	1,989062E+3	7,213672E-1	1,989062E+3	1,509335E-1	1,989062E+3	6,781152E-1	1,989062E+3	7,816057E-2	1,989062E+3	6,627079E-1	1,989062E+3	2,982920E-2	1,989062E+3	6,611817E-1	1,989062E+3	6,281889E-3
1,990625E+3	7,473912E-1	1,990625E+3	1,836356E-1	1,990625E+3	7,486675E-1	1,990625E+3	1,738380E-1	1,990625E+3	7,460396E-1	1,990625E+3	1,642283E-1	1,990625E+3	7,221941E-1	1,990625E+3	1,425630E-1	1,990625E+3	6,775533E-1	1,990625E+3	7,748442E-2	1,990625E+3	6,609394E-1	1,990625E+3	2,291507E-2	1,990625E+3	6,716496E-1	1,990625E+3	-2,372468E-3
1,992187E+3	7,501980E-1	1,992187E+3	1,786617E-1	1,992187E+3	7,506426E-1	1,992187E+3	1,728039E-1	1,992187E+3	7,475008E-1	1,992187E+3	1,660050E-1	1,992187E+3	7,226501E-1	1,992187E+3	1,478053E-1	1,992187E+3	6,810914E-1	1,992187E+3	7,763770E-2	1,992187E+3	6,621207E-1	1,992187E+3	2,869908E-2	1,992187E+3	6,672374E-1	1,992187E+3	-1,474007E-3
1,993750E+3	7,488942E-1	1,993750E+3	1,776076E-1	1,993750E+3	7,505906E-1	1,993750E+3	1,745109E-1	1,993750E+3	7,455348E-1	1,993750E+3	1,690672E-1	1,993750E+3	7,259615E-1	1,993750E+3	1,456507E-1	1,993750E+3	6,850716E-1	1,993750E+3	7,899617E-2	1,993750E+3	6,642325E-1	1,993750E+3	3,213274E-2	1,993750E+3	6,506741E-1	1,993750E+3	-4,220756E-3
1,995312E+3	7,506554E-1	1,995312E+3	1,741075E-1	1,995312E+3	7,535365E-1	1,995312E+3	1,726094E-1	1,995312E+3	7,498056E-1	1,995312E+3	1,631796E-1	1,995312E+3	7,298524E-1	1,995312E+3	1,436303E-1	1,995312E+3	6,858395E-1	1,995312E+3	7,808948E-2	1,995312E+3	6,654562E-1	1,995312E+3	3,054129E-2	1,995312E+3	6,540706E-1	1,995312E+3	-3,611392E-3
1,996875E+3	7,513737E-1	1,996875E+3	1,737507E-1	1,996875E+3	7,543151E-1	1,996875E+3	1,688626E-1	1,996875E+3	7,507295E-1	1,996875E+3	1,648011E-1	1,996875E+3	7,277793E-1	1,996875E+3	1,410665E-1	1,996875E+3	6,787772E-1	1,996875E+3	7,736195E-2	1,996875E+3	6,691663E-1	1,996875E+3	2,943052E-2	1,996875E+3	6,574722E-1	1,996875E+3	8,860981E-4
1,998437E+3	7,501691E-1	1,998437E+3	1,769963E-1	1,998437E+3	7,558141E-1	1,998437E+3	1,687698E-1	1,998437E+3	7,532505E-1	1,998437E+3	1,607485E-1	1,998437E+3	7,307760E-1	1,998437E+3	1,393180E-1	1,998437E+3	6,862799E-1	1,998437E+3	7,548949E-2	1,998437E+3	6,703410E-1	1,998437E+3	2,886267E-2	1,998437E+3	6,555539E-1	1,998437E+3	9,570742E-3
2,000000E+3	7,514318E-1	2,000000E+3	1,733697E-1	2,000000E+3	7,556444E-1	2,000000E+3	1,677592E-1	2,000000E+3	7,514907E-1	2,000000E+3	1,608520E-1	2,000000E+3	7,317466E-1	2,000000E+3	1,409698E-1	2,000000E+3	6,829028E-1	2,000000E+3	8,153135E-2	2,000000E+3	6,666033E-1	2,000000E+3	2,950562E-2	2,000000E+3	6,597687E-1	2,000000E+3	6,267753E-4
2,001562E+3	7,537777E-1	2,001562E+3	1,748031E-1	2,001562E+3	7,577797E-1	2,001562E+3	1,666848E-1	2,001562E+3	7,530316E-1	2,001562E+3	1,585060E-1	2,001562E+3	7,329890E-1	2,001562E+3	1,367439E-1	2,001562E+3	6,821894E-1	2,001562E+3	7,742239E-2	2,001562E+3	6,680573E-1	2,001562E+3	2,474683E-2	2,001562E+3	6,524905E-1	2,001562E+3	9,574393E-4
2,003125E+3	7,568668E-1	2,003125E+3	1,717205E-1	2,003125E+3	7,590476E-1	2,003125E+3	1,650810E-1	2,003125E+3	7,553740E-1	2,003125E+3	1,554395E-1	2,003125E+3	7,342055E-1	2,003125E+3	1,371510E-1	2,003125E+3	6,842900E-1	2,003125E+3	7,665896E-2	2,003125E+3	6,705723E-1	2,003125E+3	2,775318E-2	2,003125E+3	6,506653E-1	2,003125E+3	-1,904738E-3
2,004687E+3	7,600689E-1	2,004687E+3	1,670779E-1	2,004687E+3	7,607116E-1	2,004687E+3	1,585204E-1	2,004687E+3	7,563358E-1	2,004687E+3	1,536223E-1	2,004687E+3	7,375443E-1	2,004687E+3	1,353167E-1	2,004687E+3	6,820431E-1	2,004687E+3	7,893787E-2	2,004687E+3	6,695019E-1	2,004687E+3	2,915058E-2	2,004687E+3	6,582246E-1	2,004687E+3	-2,030906E-3
2,006250E+3	7,551996E-1	2,006250E+3	1,616073E-1	2,006250E+3	7,599965E-1	2,006250E+3	1,601643E-1	2,006250E+3	7,569597E-1	2,006250E+3	1,535050E-1	2,006250E+3	7,320555E-1	2,006250E+3	1,315841E-1	2,006250E+3	6,881674E-1	2,006250E+3	6,977023E-2	2,006250E+3	6,664457E-1	2,006250E+3	2,702164E-2	2,006250E+3	6,585172E-1	2,006250E+3	-1,180467E-3
2,007812E+3	7,570184E-1	2,007812E+3	1,625042E-1	2,007812E+3	7,644295E-1	2,007812E+3	1,559630E-1	2,007812E+3	7,586629E-1	2,007812E+3	1,527994E-1	2,007812E+3	7,395926E-1	2,007812E+3	1,319729E-1	2,007812E+3	6,903230E-1	2,007812E+3	7,865456E-2	2,007812E+3	6,724009E-1	2,007812E+3	2,803474E-2	2,007812E+3	6,609574E-1	2,007812E+3	-3,789256E-3
2,009375E+3	7,669045E-1	2,009375E+3	1,635312E-1	2,009375E+3	7,650339E-1	2,009375E+3	1,577018E-1	2,009375E+3	7,617184E-1	2,009375E+3	1,496758E-1	2,009375E+3	7,435572E-1	2,009375E+3	1,329108E-1	2,009375E+3	6,953902E-1	2,009375E+3	7,461204E-2	2,009375E+3	6,762035E-1	2,009375E+3	2,770727E-2	2,009375E+3	6,611096E-1	2,009375E+3	-4,017476E-3
2,010937E+3	7,695594E-1	2,010937E+3	1,555976E-1	2,010937E+3	7,679707E-1	2,010937E+3	1,545765E-1	2,010937E+3	7,619614E-1	2,010937E+3	1,484983E-1	2,010937E+3	7,405155E-1	2,010937E+3	1,273944E-1	2,010937E+3	6,982646E-1	2,010937E+3	7,197666E-2	2,010937E+3	6,783476E-1	2,010937E+3	2,548265E-2	2,010937E+3	6,610052E-1	2,010937E+3	-2,367148E-3
2,012500E+3	7,690661E-1	2,012500E+3	1,539370E-1	2,012500E+3	7,674979E-1	2,012500E+3	1,560121E-1	2,012500E+3	7,649276E-1	2,012500E+3	1,437514E-1	2,012500E+3	7,428418E-1	2,012500E+3	1,307246E-1	2,012500E+3	6,910462E-1	2,012500E+3	6,920368E-2	2,012500E+3	6,808830E-1	2,012500E+3	2,631477E-2	2,012500E+3	6,664962E-1	2,012500E+3	2,518581E-3
2,014062E+3	7,681409E-1	2,014062E+3	1,503531E-1	2,014062E+3	7,714376E-1	2,014062E+3	1,500498E-1	2,014062E+3	7,656331E-1	2,014062E+3	1,435002E-1	2,014062E+3	7,446732E-1	2,014062E+3	1,251828E-1	2,014062E+3	6,873259E-1	2,014062E+3	6,746634E-2	2,014062E+3	6,760826E-1	2,014062E+3	3,435795E-2	2,014062E+3	6,649554E-1	2,014062E+3	-2,115924E-3
2,015625E+3	7,675726E-1	2,015625E+3	1,433495E-1	2,015625E+3	7,721906E-1	2,015625E+3	1,465951E-1	2,015625E+3	7,675935E-1	2,015625E+3	1,424957E-1	2,015625E+3	7,423040E-1	2,015625E+3	1,207621E-1	2,015625E+3	6,938708E-1	2,015625E+3	6,703325E-2	2,015625E+3	6,746665E-1	2,015625E+3	3,099270E-2	2,015625E+3	6,626983E-1	2,015625E+3	-1,178689E-2
2,017187E+3	7,685613E-1	2,017187E+3	1,515250E-1	2,017187E+3	7,740304E-1	2,017187E+3	1,457555E-1	2,017187E+3	7,706583E-1	2,017187E+3	1,405107E-1	2,017187E+3	7,447133E-1	2,017187E+3	1,173255E-1	2,017187E+3	7,013783E-1	2,017187E+3	6,487774E-2	2,017187E+3	6,744277E-1	2,017187E+3	2,284224E-2	2,017187E+3	6,563317E-1	2,017187E+3	-9,021819E-3
2,018750E+3	7,759033E-1	2,018750E+3	1,535017E-1	2,018750E+3	7,752593E-1	2,018750E+3	1,468217E-1	2,018750E+3	7,704075E-1	2,018750E+3	1,372501E-1	2,018750E+3	7,473618E-1	2,018750E+3	1,174011E-1	2,018750E+3	7,012794E-1	2,018750E+3	6,887895E-2	2,018750E+3	6,758374E-1	2,018750E+3	2,273280E-2	2,018750E+3	6,567076E-1	2,018750E+3	-6,256191E-3
2,020312E+3	7,777227E-1	2,020312E+3	1,500694E-1	2,020312E+3	7,744382E-1	2,020312E+3	1,460285E-1	2,020312E+3	7,701975E-1	2,020312E+3	1,353470E-1	2,020312E+3	7,507959E-1	2,020312E+3	1,181349E-1	2,020312E+3	7,037315E-1	2,020312E+3	6,833226E-2	2,020312E+3	6,788701E-1	2,020312E+3	2,448508E-2	2,020312E+3	6,724449E-1	2,020312E+3	-9,429594E-3
2,021875E+3	7,690107E-1	2,021875E+3	1,468008E-1	2,021875E+3	7,769145E-1	2,021875E+3	1,401117E-1	2,021875E+3	7,712334E-1	2,021875E+3	1,395571E-1	2,021875E+3	7,515732E-1	2,021875E+3	1,177496E-1	2,021875E+3	7,047349E-1	2,021875E+3	6,645738E-2	2,021875E+3	6,724533E-1	2,021875E+3	2,249284E-2	2,021875E+3	6,710849E-1	2,021875E+3	-7,835808E-3
2,023437E+3	7,712934E-1	2,023437E+3	1,438909E-1	2,023437E+3	7,803573E-1	2,023437E+3	1,378418E-1	2,023437E+3	7,750409E-1	2,023437E+3	1,333380E-1	2,023437E+3	7,517088E-1	2,023437E+3	1,160315E-1	2,023437E+3	7,050467E-1	2,023437E+3	6,305668E-2	2,023437E+3	6,725557E-1	2,023437E+3	1,857125E-2	2,023437E+3	6,724651E-1	2,023437E+3	-7,749382E-4
2,025000E+3	7,747403E-1	2,025000E+3	1,469163E-1	2,025000E+3	7,808171E-1	2,025000E+3	1,402098E-1	2,025000E+3	7,747350E-1	2,025000E+3	1,324156E-1	2,025000E+3	7,552077E-1	2,025000E+3	1,156242E-1	2,025000E+3	7,024662E-1	2,025000E+3	6,637959E-2	2,025000E+3	6,775529E-1	2,025000E+3	1,780265E-2	2,025000E+3	6,709583E-1	2,025000E+3	-1,035205E-2
2,026562E+3	7,715376E-1	2,026562E+3	1,400255E-1	2,026562E+3	7,825681E-1	2,026562E+3	1,344159E-1	2,026562E+3	7,792119E-1	2,026562E+3	1,289121E-1	2,026562E+3	7,534158E-1	2,026562E+3	1,115459E-1	2,026562E+3	7,025001E-1	2,026562E+3	6,109637E-2	2,026562E+3	6,753558E-1	2,026562E+3	1,874104E-2	2,026562E+3	6,692409E-1	2,026562E+3	-9,311716E-3
2,028125E+3	7,756412E-1	2,028125E+3	1,385812E-1	2,028125E+3	7,831575E-1	2,028125E+3	1,350433E-1	2,028125E+3	7,779603E-1	2,028125E+3	1,268043E-1	2,028125E+3	7,553565E-1	2,028125E+3	1,165836E-1	2,028125E+3	7,071856E-1	2,028125E+3	6,307930E-2	2,028125E+3	6,716410E-1	2,028125E+3	2,068326E-2	2,028125E+3	6,651802E-1	2,028125E+3	-4,475718E-3
2,029687E+3	7,736073E-1	2,029687E+3	1,370543E-1	2,029687E+3	7,809083E-1	2,029687E+3	1,333832E-1	2,029687E+3	7,789670E-1	2,029687E+3	1,249342E-1	2,029687E+3	7,579839E-1	2,029687E+3	1,105358E-1	2,029687E+3	7,011224E-1	2,029687E+3	5,644516E-2	2,029687E+3	6,766593E-1	2,029687E+3	2,372272E-2	2,029687E+3	6,684315E-1	2,029687E+3	-2,847513E-3
2,031250E+3	7,754387E-1	2,031250E+3	1,366419E-1	2,031250E+3	7,814815E-1	2,031250E+3	1,283317E-1	2,031250E+3	7,808956E-1	2,031250E+3	1,238634E-1	2,031250E+3	7,577816E-1	2,031250E+3	1,055442E-1	2,031250E+3	7,032063E-1	2,031250E+3	5,403706E-2	2,031250E+3	6,755126E-1	2,031250E+3	1,534638E-2	2,031250E+3	6,632813E-1	2,031250E+3	-4,680695E-3
2,032812E+3	7,767815E-1	2,032812E+3	1,317486E-1	2,032812E+3	7,855646E-1	2,032812E+3	1,288852E-1	2,032812E+3	7,832410E-1	2,032812E+3	1,230772E-1	2,032812E+3	7,574877E-1	2,032812E+3	1,054590E-1	2,032812E+3	7,067888E-1	2,032812E+3	5,582020E-2	2,032812E+3	6,708753E-1	2,032812E+3	9,582192E-3	2,032812E+3	6,873149E-1	2,032812E+3	-7,464556E-3
2,034375E+3	7,833624E-1	2,034375E+3	1,326001E-1	2,034375E+3	7,851190E-1	2,034375E+3	1,250969E-1	2,034375E+3	7,847939E-1	2,034375E+3	1,208442E-1	2,034375E+3	7,569067E-1	2,034375E+3	1,061591E-1	2,034375E+3	7,038002E-1	2,034375E+3	5,891365E-2	2,034375E+3	6,782475E-1	2,034375E+3	1,515264E-2	2,034375E+3	6,771103E-1	2,034375E+3	-4,473008E-3
2,035937E+3	7,840476E-1	2,035937E+3	1,305837E-1	2,035937E+3	7,857886E-1	2,035937E+3	1,236254E-1	2,035937E+3	7,831938E-1	2,035937E+3	1,200022E-1	2,035937E+3	7,599135E-1	2,035937E+3	1,036274E-1	2,035937E+3	7,056673E-1	2,035937E+3	5,938009E-2	2,035937E+3	6,801103E-1	2,035937E+3	2,292334E-2	2,035937E+3	6,646366E-1	2,035937E+3	-6,459011E-3
2,037500E+3	7,858075E-1	2,037500E+3	1,281773E-1	2,037500E+3	7,862767E-1	2,037500E+3	1,206753E-1	2,037500E+3	7,858251E-1	2,037500E+3	1,172362E-1	2,037500E+3	7,621933E-1	2,037500E+3	9,902160E-2	2,037500E+3	7,005018E-1	2,037500E+3	5,527267E-2	2,037500E+3	6,839125E-1	2,037500E+3	2,482715E-2	2,037500E+3	6,663251E-1	2,037500E+3	-4,068607E-5
2,039062E+3	7,915679E-1	2,039062E+3	1,194315E-1	2,039062E+3	7,877346E-1	2,039062E+3	1,199439E-1	2,039062E+3	7,872605E-1	2,039062E+3	1,133999E-1	2,039062E+3	7,651819E-1	2,039062E+3	9,930950E-2	2,039062E+3	7,076973E-1	2,039062E+3	5,859123E-2	2,039062E+3	6,859547E-1	2,039062E+3	1,765442E-2	2,039062E+3	6,590877E-1	2,039062E+3	-8,585644E-3
2,040625E+3	7,886176E-1	2,040625E+3	1,218791E-1	2,040625E+3	7,914445E-1	2,040625E+3	1,167335E-1	2,040625E+3	7,877197E-1	2,040625E+3	1,124150E-1	2,040625E+3	7,672228E-1	2,040625E+3	9,852808E-2	2,040625E+3	7,085325E-1	2,040625E+3	5,997351E-2	2,040625E+3	6,754751E-1	2,040625E+3	1,268958E-2	2,040625E+3	6,628283E-1	2,040625E+3	-9,811106E-3
2,042187E+3	7,850923E-1	2,042187E+3	1,261537E-1	2,042187E+3	7,913025E-1	2,042187E+3	1,166966E-1	2,042187E+3	7,890071E-1	2,042187E+3	1,114520E-1	2,042187E+3	7,642798E-1	2,042187E+3	9,904680E-2	2,042187E+3	7,083401E-1	2,042187E+3	5,755381E-2	2,042187E+3	6,772411E-1	2,042187E+3	1,432041E-2	2,042187E+3	6,731650E-1	2,042187E+3	-1,379760E-2
2,043750E+3	7,889891E-1	2,043750E+3	1,172572E-1	2,043750E+3	7,933516E-1	2,043750E+3	1,158557E-1	2,043750E+3	7,889231E-1	2,043750E+3	1,083542E-1	2,043750E+3	7,643613E-1	2,043750E+3	9,664153E-2	2,043750E+3	7,135191E-1	2,043750E+3	4,925657E-2	2,043750E+3	6,758599E-1	2,043750E+3	1,384401E-2	2,043750E+3	6,657893E-1	2,043750E+3	-2,156246E-2
2,045312E+3	7,900014E-1	2,045312E+3	1,107232E-1	2,045312E+3	7,970093E-1	2,045312E+3	1,117439E-1	2,045312E+3	7,903225E-1	2,045312E+3	1,069481E-1	2,045312E+3	7,686416E-1	2,045312E+3	9,095461E-2	2,045312E+3	7,157344E-1	2,045312E+3	4,583277E-2	2,045312E+3	6,785208E-1	2,045312E+3	1,484416E-2	2,045312E+3	6,648614E-1	2,045312E+3	-2,229156E-2
2,046875E+3	7,888650E-1	2,046875E+3	1,196453E-1	2,046875E+3	7,981471E-1	2,046875E+3	1,125293E-1	2,046875E+3	7,899699E-1	2,046875E+3	1,035382E-1	2,046875E+3	7,685396E-1	2,046875E+3	9,060999E-2	2,046875E+3	7,168567E-1	2,046875E+3	5,144917E-2	2,046875E+3	6,774902E-1	2,046875E+3	1,317323E-2	2,046875E+3	6,672736E-1	2,046875E+3	-1,112701E-2
2,048437E+3	7,904166E-1	2,048437E+3	1,165440E-1	2,048437E+3	7,967857E-1	2,048437E+3	1,105826E-1	2,048437E+3	7,913456E-1	2,048437E+3	1,046475E-1	2,048437E+3	7,712044E-1	2,048437E+3	9,167416E-2	2,048437E+3	7,128309E-1	2,048437E+3	4,503898E-2	2,048437E+3	6,797810E-1	2,048437E+3	8,360719E-3	2,048437E+3	6,661969E-1	2,048437E+3	-1,029074E-2
2,050000E+3	7,994619E-1	2,050000E+3	1,091440E-1	2,050000E+3	7,966937E-1	2,050000E+3	1,062703E-1	2,050000E+3	7,926072E-1	2,050000E+3	1,031958E-1	2,050000E+3	7,720268E-1	2,050000E+3	9,343827E-2	2,050000E+3	7,141484E-1	2,050000E+3	4,785350E-2	2,050000E+3	6,824842E-1	2,050000E+3	1,125532E-2	2,050000E+3	6,627598E-1	2,050000E+3	-2,085194E-2
2,051562E+3	7,991483E-1	2,051562E+3	1,066752E-1	2,051562E+3	7,954598E-1	2,051562E+3	1,048454E-1	2,051562E+3	7,941098E-1	2,051562E+3	9,696119E-2	2,051562E+3	7,749894E-1	2,051562E+3	8,711933E-2	2,051562E+3	7,155594E-1	2,051562E+3	4,606797E-2	2,051562E+3	6,781689E-1	2,051562E+3	8,160292E-3	2,051562E+3	6,652981E-1	2,051562E+3	-1,365413E-2
2,053125E+3	7,974787E-1	2,053125E+3	1,061582E-1	2,053125E+3	8,002861E-1	2,053125E+3	1,012205E-1	2,053125E+3	7,939464E-1	2,053125E+3	9,959979E-2	2,053125E+3	7,727573E-1	2,053125E+3	8,486797E-2	2,053125E+3	7,166745E-1	2,053125E+3	4,630991E-2	2,053125E+3	6,845574E-1	2,053125E+3	6,346254E-3	2,053125E+3	6,699999E-1	2,053125E+3	-7,436170E-3
2,054687E+3	7,995092E-1	2,054687E+3	1,041862E-1	2,054687E+3	8,016442E-1	2,054687E+3	1,004877E-1	2,054687E+3	7,966698E-1	2,054687E+3	9,472851E-2	2,054687E+3	7,718200E-1	2,054687E+3	8,710931E-2	2,054687E+3	7,157664E-1	2,054687E+3	4,721380E-2	2,054687E+3	6,893050E-1	2,054687E+3	6,267712E-3	2,054687E+3	6,694089E-1	2,054687E+3	-8,794747E-3
2,056250E+3	8,011957E-1	2,056250E+3	9,914379E-2	2,056250E+3	8,010109E-1	2,056250E+3	1,000458E-1	2,056250E+3	7,973598E-1	2,056250E+3	9,357810E-2	2,056250E+3	7,728657E-1	2,056250E+3	8,319245E-2	2,056250E+3	7,124484E-1	2,056250E+3	4,428425E-2	2,056250E+3	6,870447E-1	2,056250E+3	7,351842E-5	2,056250E+3	6,670229E-1	2,056250E+3	-1,199131E-2
2,057812E+3	8,007808E-1	2,057812E+3	9,904818E-2	2,057812E+3	8,024527E-1	2,057812E+3	9,592840E-2	2,057812E+3	7,967693E-1	2,057812E+3	8,872048E-2	2,057812E+3	7,743003E-1	2,057812E+3	7,969430E-2	2,057812E+3	7,181466E-1	2,057812E+3	4,184525E-2	2,057812E+3	6,836748E-1	2,057812E+3	-4,586384E-3	2,057812E+3	6,585799E-1	2,057812E+3	-1,438512E-2
2,059375E+3	8,001299E-1	2,059375E+3	9,680350E-2	2,059375E+3	8,034031E-1	2,059375E+3	9,221643E-2	2,059375E+3	7,968756E-1	2,059375E+3	8,857940E-2	2,059375E+3	7,745164E-1	2,059375E+3	7,566731E-2	2,059375E+3	7,201721E-1	2,059375E+3	4,207852E-2	2,059375E+3	6,871405E-1	2,059375E+3	1,590083E-3	2,059375E+3	6,664275E-1	2,059375E+3	-2,478456E-2
2,060937E+3	8,025389E-1	2,060937E+3	9,941670E-2	2,060937E+3	8,047277E-1	2,060937E+3	9,247188E-2	2,060937E+3	7,979126E-1	2,060937E+3	8,576573E-2	2,060937E+3	7,751133E-1	2,060937E+3	7,626528E-2	2,060937E+3	7,195830E-1	2,060937E+3	4,116570E-2	2,060937E+3	6,872889E-1	2,060937E+3	4,102013E-3	2,060937E+3	6,700382E-1	2,060937E+3	-2,580715E-2
2,062500E+3	7,991309E-1	2,062500E+3	9,283906E-2	2,062500E+3	8,058039E-1	2,062500E+3	8,878347E-2	2,062500E+3	8,015868E-1	2,062500E+3	8,492134E-2	2,062500E+3	7,779785E-1	2,062500E+3	7,489332E-2	2,062500E+3	7,198776E-1	2,062500E+3	3,892158E-2	2,062500E+3	6,864622E-1	2,062500E+3	2,662954E-3	2,062500E+3	6,679300E-1	2,062500E+3	-2,720609E-2
2,064062E+3	8,041457E-1	2,064062E+3	8,932205E-2	2,064062E+3	8,053978E-1	2,064062E+3	8,771724E-2	2,064062E+3	8,016414E-1	2,064062E+3	8,246703E-2	2,064062E+3	7,803407E-1	2,064062E+3	6,989259E-2	2,064062E+3	7,198572E-1	2,064062E+3	3,226219E-2	2,064062E+3	6,931449E-1	2,064062E+3	1,289417E-3	2,064062E+3	6,668498E-1	2,064062E+3	-2,378181E-2
2,065625E+3	8,057522E-1	2,065625E+3	9,206249E-2	2,065625E+3	8,047651E-1	2,065625E+3	8,666855E-2	2,065625E+3	8,028494E-1	2,065625E+3	7,988860E-2	2,065625E+3	7,811959E-1	2,065625E+3	6,822139E-2	2,065625E+3	7,183220E-1	2,065625E+3	3,333150E-2	2,065625E+3	6,890722E-1	2,065625E+3	9,498052E-4	2,065625E+3	6,617002E-1	2,065625E+3	-2,156348E-2
2,067187E+3	8,039816E-1	2,067187E+3	8,704698E-2	2,067187E+3	8,073644E-1	2,067187E+3	8,326736E-2	2,067187E+3	8,040213E-1	2,067187E+3	7,832779E-2	2,067187E+3	7,798493E-1	2,067187E+3	6,935923E-2	2,067187E+3	7,263597E-1	2,067187E+3	3,675085E-2	2,067187E+3	6,844938E-1	2,067187E+3	1,581234E-3	2,067187E+3	6,726220E-1	2,067187E+3	-2,646561E-2
2,068750E+3	8,030474E-1	2,068750E+3	8,278080E-2	2,068750E+3	8,075547E-1	2,068750E+3	8,140506E-2	2,068750E+3	8,039534E-1	2,068750E+3	7,758358E-2	2,068750E+3	7,807071E-1	2,068750E+3	6,888539E-2	2,068750E+3	7,265785E-1	2,068750E+3	3,291707E-2	2,068750E+3	6,882654E-1	2,068750E+3	1,922051E-3	2,068750E+3	6,765188E-1	2,068750E+3	-2,387871E-2
2,070312E+3	8,060643E-1	2,070312E+3	8,418105E-2	2,070312E+3	8,071047E-1	2,070312E+3	7,827650E-2	2,070312E+3	8,040583E-1	2,070312E+3	7,483640E-2	2,070312E+3	7,802369E-1	2,070312E+3	6,446741E-2	2,070312E+3	7,259794E-1	2,070312E+3	3,312541E-2	2,070312E+3	6,897026E-1	2,070312E+3	5,558749E-3	2,070312E+3	6,713275E-1	2,070312E+3	-2,428286E-2
2,071875E+3	8,073833E-1	2,071875E+3	8,491803E-2	2,071875E+3	8,078769E-1	2,071875E+3	7,940870E-2	2,071875E+3	8,047895E-1	2,071875E+3	7,186043E-2	2,071875E+3	7,811066E-1	2,071875E+3	6,344348E-2	2,071875E+3	7,230692E-1	2,071875E+3	3,350397E-2	2,071875E+3	6,888201E-1	2,071875E+3	4,860675E-3	2,071875E+3	6,641425E-1	2,071875E+3	-1,888605E-2
2,073437E+3	8,057939E-1	2,073437E+3	8,130146E-2	2,073437E+3	8,092503E-1	2,073437E+3	7,481488E-2	2,073437E+3	8,067334E-1	2,073437E+3	7,018377E-2	2,073437E+3	7,831075E-1	2,073437E+3	6,074765E-2	2,073437E+3	7,263110E-1	2,073437E+3	3,416542E-2	2,073437E+3	6,893105E-1	2,073437E+3	1,509686E-3	2,073437E+3	6,669077E-1	2,073437E+3	-2,519038E-2
2,075000E+3	8,103949E-1	2,075000E+3	7,841282E-2	2,075000E+3	8,088199E-1	2,075000E+3	7,317518E-2	2,075000E+3	8,055341E-1	2,075000E+3	6,985316E-2	2,075000E+3	7,831291E-1	2,075000E+3	6,096402E-2	2,075000E+3	7,220854E-1	2,075000E+3	2,880283E-2	2,075000E+3	6,889231E-1	2,075000E+3	4,833934E-3	2,075000E+3	6,719763E-1	2,075000E+3	-2,341131E-2
2,076562E+3	8,111661E-1	2,076562E+3	8,013926E-2	2,076562E+3	8,114823E-1	2,076562E+3	7,107452E-2	2,076562E+3	8,059303E-1	2,076562E+3	6,762572E-2	2,076562E+3	7,848815E-1	2,076562E+3	5,534269E-2	2,076562E+3	7,231403E-1	2,076562E+3	3,006524E-2	2,076562E+3	6,930934E-1	2,076562E+3	-7,443993E-4	2,076562E+3	6,701212E-1	2,076562E+3	-2,317600E-2
2,078125E+3	8,119722E-1	2,078125E+3	7,151134E-2	2,078125E+3	8,132856E-1	2,078125E+3	6,738708E-2	2,078125E+3	8,047987E-1	2,078125E+3	6,293490E-2	2,078125E+3	7,829620E-1	2,078125E+3	5,809617E-2	2,078125E+3	7,239611E-1	2,078125E+3	2,826982E-2	2,078125E+3	6,872984E-1	2,078125E+3	-3,859313E-3	2,078125E+3	6,701206E-1	2,078125E+3	-2,379701E-2
2,079687E+3	8,136869E-1	2,079687E+3	7,139502E-2	2,079687E+3	8,144916E-1	2,079687E+3	6,817211E-2	2,079687E+3	8,078853E-1	2,079687E+3	6,172260E-2	2,079687E+3	7,848511E-1	2,079687E+3	5,361269E-2	2,079687E+3	7,234509E-1	2,079687E+3	2,579247E-2	2,079687E+3	6,870844E-1	2,079687E+3	-7,761980E-3	2,079687E+3	6,685153E-1	2,079687E+3	-2,601115E-2
2,081250E+3	8,151682E-1	2,081250E+3	6,865283E-2	2,081250E+3	8,147093E-1	2,081250E+3	6,271762E-2	2,081250E+3	8,096706E-1	2,081250E+3	6,099956E-2	2,081250E+3	7,870826E-1	2,081250E+3	5,243519E-2	2,081250E+3	7,251877E-1	2,081250E+3	2,097475E-2	2,081250E+3	6,874057E-1	2,081250E+3	-9,083855E-3	2,081250E+3	6,738138E-1	2,081250E+3	-2,758191E-2
2,082812E+3	8,130728E-1	2,082812E+3	6,554110E-2	2,082812E+3	8,135767E-1	2,082812E+3	6,089699E-2	2,082812E+3	8,114771E-1	2,082812E+3	5,636354E-2	2,082812E+3	7,852635E-1	2,082812E+3	5,122673E-2	2,082812E+3	7,256790E-1	2,082812E+3	2,018035E-2	2,082812E+3	6,869918E-1	2,082812E+3	-7,742515E-3	2,082812E+3	6,753145E-1	2,082812E+3	-2,759764E-2
2,084375E+3	8,133832E-1	2,084375E+3	6,429501E-2	2,084375E+3	8,134421E-1	2,084375E+3	6,027146E-2	2,084375E+3	8,096064E-1	2,084375E+3	5,544835E-2	2,084375E+3	7,880043E-1	2,084375E+3	4,655890E-2	2,084375E+3	7,269288E-1	2,084375E+3	1,948728E-2	2,084375E+3	6,913247E-1	2,084375E+3	-7,632382E-3	2,084375E+3	6,755027E-1	2,084375E+3	-2,742321E-2
2,085937E+3	8,158812E-1	2,085937E+3	6,372624E-2	2,085937E+3	8,154752E-1	2,085937E+3	5,773100E-2	2,085937E+3	8,098095E-1	2,085937E+3	5,261765E-2	2,085937E+3	7,881226E-1	2,085937E+3	4,692434E-2	2,085937E+3	7,289997E-1	2,085937E+3	2,017465E-2	2,085937E+3	6,902333E-1	2,085937E+3	-1,044887E-2	2,085937E+3	6,717059E-1	2,085937E+3	-2,498807E-2
2,087500E+3	8,136248E-1	2,087500E+3	6,089951E-2	2,087500E+3	8,153245E-1	2,087500E+3	5,645740E-2	2,087500E+3	8,121521E-1	2,087500E+3	5,122213E-2	2,087500E+3	7,893847E-1	2,087500E+3	4,413670E-2	2,087500E+3	7,277752E-1	2,087500E+3	1,916489E-2	2,087500E+3	6,912089E-1	2,087500E+3	-1,599295E-2	2,087500E+3	6,685018E-1	2,087500E+3	-2,660587E-2
2,089062E+3	8,132584E-1	2,089062E+3	5,478200E-2	2,089062E+3	8,159395E-1	2,089062E+3	5,392799E-2	2,089062E+3	8,128015E-1	2,089062E+3	5,138450E-2	2,089062E+3	7,877309E-1	2,089062E+3	4,378179E-2	2,089062E+3	7,285702E-1	2,089062E+3	2,143460E-2	2,089062E+3	6,935528E-1	2,089062E+3	-1,053629E-2	2,089062E+3	6,664769E-1	2,089062E+3	-2,731498E-2
2,090625E+3	8,173262E-1	2,090625E+3	5,424725E-2	2,090625E+3	8,176677E-1	2,090625E+3	5,228105E-2	2,090625E+3	8,135717E-1	2,090625E+3	4,740743E-2	2,090625E+3	7,894828E-1	2,090625E+3	4,072555E-2	2,090625E+3	7,302891E-1	2,090625E+3	1,693022E-2	2,090625E+3	6,955228E-1	2,090625E+3	-7,920209E-3	2,090625E+3	6,687049E-1	2,090625E+3	-3,451147E-2
2,092187E+3	8,158109E-1	2,092187E+3	5,355605E-2	2,092187E+3	8,182396E-1	2,092187E+3	5,047819E-2	2,092187E+3	8,128650E-1	2,092187E+3	4,671907E-2	2,092187E+3	7,910462E-1	2,092187E+3	3,967471E-2	2,092187E+3	7,287541E-1	2,092187E+3	1,628274E-2	2,092187E+3	6,951461E-1	2,092187E+3	-1,148945E-2	2,092187E+3	6,696812E-1	2,092187E+3	-3,374217E-2
2,093750E+3	8,156904E-1	2,093750E+3	5,213940E-2	2,093750E+3	8,192112E-1	2,093750E+3	4,772884E-2	2,093750E+3	8,136094E-1	2,093750E+3	4,102708E-2	2,093750E+3	7,919712E-1	2,093750E+3	3,593965E-2	2,093750E+3	7,277110E-1	2,093750E+3	1,390645E-2	2,093750E+3	6,948517E-1	2,093750E+3	-9,568418E-3	2,093750E+3	6,691842E-1	2,093750E+3	-3,318069E-2
2,095312E+3	8,194326E-1	2,095312E+3	4,836147E-2	2,095312E+3	8,197224E-1	2,095312E+3	4,521882E-2	2,095312E+3	8,130818E-1	2,095312E+3	4,281988E-2	2,095312E+3	7,897282E-1	2,095312E+3	3,242069E-2	2,095312E+3	7,306080E-1	2,095312E+3	1,485453E-2	2,095312E+3	6,901477E-1	2,095312E+3	-6,146465E-3	2,095312E+3	6,673850E-1	2,095312E+3	-3,319977E-2
2,096875E+3	8,182864E-1	2,096875E+3	4,665623E-2	2,096875E+3	8,196608E-1	2,096875E+3	4,392503E-2	2,096875E+3	8,157696E-1	2,096875E+3	4,122095E-2	2,096875E+3	7,933656E-1	2,096875E+3	3,293296E-2	2,096875E+3	7,317130E-1	2,096875E+3	1,260918E-2	2,096875E+3	6,912259E-1	2,096875E+3	-4,390203E-3	2,096875E+3	6,667170E-1	2,096875E+3	-3,063923E-2
2,098437E+3	8,180803E-1	2,098437E+3	4,369335E-2	2,098437E+3	8,198697E-1	2,098437E+3	4,191535E-2	2,098437E+3	8,172831E-1	2,098437E+3	3,579515E-2	2,098437E+3	7,918089E-1	2,098437E+3	3,458979E-2	2,098437E+3	7,307244E-1	2,098437E+3	1,088444E-2	2,098437E+3	6,954523E-1	2,098437E+3	-1,183197E-2	2,098437E+3	6,721465E-1	2,098437E+3	-2,934017E-2
2,100000E+3	8,197147E-1	2,100000E+3	4,227249E-2	2,100000E+3	8,203689E-1	2,100000E+3	3,874396E-2	2,100000E+3	8,164738E-1	2,100000E+3	3,521826E-2	2,100000E+3	7,920335E-1	2,100000E+3	2,874392E-2	2,100000E+3	7,312100E-1	2,100000E+3	9,440009E-3	2,100000E+3	6,947614E-1	2,100000E+3	-1,459950E-2	2,100000E+3	6,694461E-1	2,100000E+3	-3,235690E-2
2,101562E+3	8,203263E-1	2,101562E+3	4,433424E-2	2,101562E+3	8,233850E-1	2,101562E+3	3,664510E-2	2,101562E+3	8,163868E-1	2,101562E+3	3,423302E-2	2,101562E+3	7,939618E-1	2,101562E+3	2,887552E-2	2,101562E+3	7,295268E-1	2,101562E+3	1,127412E-2	2,101562E+3	6,950313E-1	2,101562E+3	-1,410999E-2	2,101562E+3	6,701473E-1	2,101562E+3	-3,339034E-2
2,103125E+3	8,192409E-1	2,103125E+3	4,023891E-2	2,103125E+3	8,201484E-1	2,103125E+3	3,714000E-2	2,103125E+3	8,164659E-1	2,103125E+3	3,035566E-2	2,103125E+3	7,932823E-1	2,103125E+3	2,721544E-2	2,103125E+3	7,315813E-1	2,103125E+3	1,012847E-2	2,103125E+3	6,955458E-1	2,103125E+3	-1,434009E-2	2,103125E+3	6,682584E-1	2,103125E+3	-3,462209E-2
2,104687E+3	8,216291E-1	2,104687E+3	3,519759E-2	2,104687E+3	8,182691E-1	2,104687E+3	3,169939E-2	2,104687E+3	8,169937E-1	2,104687E+3	2,864678E-2	2,104687E+3	7,953937E-1	2,104687E+3	2,585465E-2	2,104687E+3	7,337598E-1	2,104687E+3	6,122772E-3	2,104687E+3	6,926083E-1	2,104687E+3	-1,573405E-2	2,104687E+3	6,686684E-1	2,104687E+3	-3,610747E-2
2,106250E+3	8,208907E-1	2,106250E+3	3,407331E-2	2,106250E+3	8,238681E-1	2,106250E+3	3,089923E-2	2,106250E+3	8,190593E-1	2,106250E+3	2,725714E-2	2,106250E+3	7,963892E-1	2,106250E+3	2,071942E-2	2,106250E+3	7,335190E-1	2,106250E+3	5,567887E-3	2,106250E+3	6,935541E-1	2,106250E+3	-1,661787E-2	2,106250E+3	6,679391E-1	2,106250E+3	-3,373650E-2
2,107812E+3	8,199469E-1	2,107812E+3	3,206810E-2	2,107812E+3	8,224527E-1	2,107812E+3	2,894533E-2	2,107812E+3	8,190935E-1	2,107812E+3	2,506509E-2	2,107812E+3	7,961967E-1	2,107812E+3	2,062692E-2	2,107812E+3	7,329012E-1	2,107812E+3	2,607560E-3	2,107812E+3	6,948635E-1	2,107812E+3	-1,833864E-2	2,107812E+3	6,700907E-1	2,107812E+3	-3,924851E-2
2,109375E+3	8,229315E-1	2,109375E+3	3,190570E-2	2,109375E+3	8,234065E-1	2,109375E+3	2,617414E-2	2,109375E+3	8,186347E-1	2,109375E+3	2,344357E-2	2,109375E+3	7,974247E-1	2,109375E+3	1,797795E-2	2,109375E+3	7,311756E-1	2,109375E+3	-6,022329E-4	2,109375E+3	6,929398E-1	2,109375E+3	-1,919693E-2	2,109375E+3	6,733053E-1	2,109375E+3	-3,855644E-2
2,110937E+3	8,248600E-1	2,110937E+3	2,963288E-2	2,110937E+3	8,237266E-1	2,110937E+3	2,509423E-2	2,110937E+3	8,194064E-1	2,110937E+3	2,087611E-2	2,110937E+3	7,972572E-1	2,110937E+3	1,591232E-2	2,110937E+3	7,344331E-1	2,110937E+3	-1,000443E-3	2,110937E+3	6,913180E-1	2,110937E+3	-2,106274E-2	2,110937E+3	6,730478E-1	2,110937E+3	-3,715789E-2
2,112500E+3	8,236338E-1	2,112500E+3	2,547083E-2	2,112500E+3	8,230887E-1	2,112500E+3	2,168800E-2	2,112500E+3	8,217233E-1	2,112500E+3	1,914977E-2	2,112500E+3	7,979760E-1	2,112500E+3	1,411810E-2	2,112500E+3	7,392574E-1	2,112500E+3	-2,303007E-3	2,112500E+3	6,958444E-1	2,112500E+3	-2,485582E-2	2,112500E+3	6,706917E-1	2,112500E+3	-3,998530E-2
2,114062E+3	8,223224E-1	2,114062E+3	2,300045E-2	2,114062E+3	8,247928E-1	2,114062E+3	1,965313E-2	2,114062E+3	8,206103E-1	2,114062E+3	1,444240E-2	2,114062E+3	7,992497E-1	2,114062E+3	1,244168E-2	2,114062E+3	7,352917E-1	2,114062E+3	-2,622419E-3	2,114062E+3	6,928877E-1	2,114062E+3	-2,523264E-2	2,114062E+3	6,695268E-1	2,114062E+3	-4,015202E-2
2,115625E+3	8,264576E-1	2,115625E+3	2,014127E-2	2,115625E+3	8,230712E-1	2,115625E+3	1,863874E-2	2,115625E+3	8,212253E-1	2,115625E+3	1,219831E-2	2,115625E+3	7,995167E-1	2,115625E+3	1,068879E-2	2,115625E+3	7,322512E-1	2,115625E+3	-1,035032E-2	2,115625E+3	6,948421E-1	2,115625E+3	-2,880459E-2	2,115625E+3	6,695285E-1	2,115625E+3	-4,189612E-2
2,117187E+3	8,247471E-1	2,117187E+3	1,993606E-2	2,117187E+3	8,254359E-1	2,117187E+3	1,502430E-2	2,117187E+3	8,197677E-1	2,117187E+3	1,342926E-2	2,117187E+3	7,990109E-1	2,117187E+3	5,624292E-3	2,117187E+3	7,381463E-1	2,117187E+3	-8,005341E-3	2,117187E+3	6,964845E-1	2,117187E+3	-2,277580E-2	2,117187E+3	6,654500E-1	2,117187E+3	-3,816974E-2
2,118750E+3	8,242529E-1	2,118750E+3	1,729195E-2	2,118750E+3	8,244687E-1	2,118750E+3	1,198224E-2	2,118750E+3	8,210611E-1	2,118750E+3	5,909832E-3	2,118750E+3	7,990366E-1	2,118750E+3	6,757960E-3	2,118750E+3	7,354089E-1	2,118750E+3	-7,956697E-3	2,118750E+3	6,967050E-1	2,118750E+3	-2,674903E-2	2,118750E+3	6,681069E-1	2,118750E+3	-4,011619E-2
2,120312E+3	8,233965E-1	2,120312E+3	1,171212E-2	2,120312E+3	8,250622E-1	2,120312E+3	1,036639E-2	2,120312E+3	8,212516E-1	2,120312E+3	6,988247E-3	2,120312E+3	8,002185E-1	2,120312E+3	3,257130E-3	2,120312E+3	7,355646E-1	2,120312E+3	-1,083318E-2	2,120312E+3	6,980184E-1	2,120312E+3	-3,031151E-2	2,120312E+3	6,665956E-1	2,120312E+3	-4,326763E-2
2,121875E+3	8,261745E-1	2,121875E+3	1,166931E-2	2,121875E+3	8,249857E-1	2,121875E+3	7,537124E-3	2,121875E+3	8,219440E-1	2,121875E+3	6,271477E-3	2,121875E+3	8,026578E-1	2,121875E+3	3,908294E-3	2,121875E+3	7,371283E-1	2,121875E+3	-1,118674E-2	2,121875E+3	6,951706E-1	2,121875E+3	-3,108042E-2	2,121875E+3	6,689854E-1	2,121875E+3	-4,263924E-2
2,123437E+3	8,270551E-1	2,123437E+3	1,066636E-2	2,123437E+3	8,250251E-1	2,123437E+3	7,336486E-3	2,123437E+3	8,236651E-1	2,123437E+3	2,560726E-3	2,123437E+3	8,023650E-1	2,123437E+3	-1,406754E-3	2,123437E+3	7,358053E-1	2,123437E+3	-1,137338E-2	2,123437E+3	6,926864E-1	2,123437E+3	-3,141904E-2	2,123437E+3	6,750139E-1	2,123437E+3	-4,346307E-2
2,125000E+3	8,266478E-1	2,125000E+3	5,378948E-3	2,125000E+3	8,257041E-1	2,125000E+3	5,211774E-3	2,125000E+3	8,218265E-1	2,125000E+3	-1,445313E-3	2,125000E+3	8,007800E-1	2,125000E+3	-1,580046E-3	2,125000E+3	7,363785E-1	2,125000E+3	-1,602149E-2	2,125000E+3	6,967324E-1	2,125000E+3	-3,204388E-2	2,125000E+3	6,722847E-1	2,125000E+3	-4,012795E-2
2,126562E+3	8,291674E-1	2,126562E+3	3,248881E-3	2,126562E+3	8,264840E-1	2,126562E+3	-1,024141E-4	2,126562E+3	8,220852E-1	2,126562E+3	-2,219855E-3	2,126562E+3	7,994322E-1	2,126562E+3	-5,692975E-3	2,126562E+3	7,360984E-1	2,126562E+3	-1,634841E-2	2,126562E+3	6,988867E-1	2,126562E+3	-3,169136E-2	2,126562E+3	6,699217E-1	2,126562E+3	-3,769048E-2
2,128125E+3	8,275732E-1	2,128125E+3	-1,029746E-4	2,128125E+3	8,270905E-1	2,128125E+3	-1,083715E-3	2,128125E+3	8,218685E-1	2,128125E+3	-4,229132E-3	2,128125E+3	8,011466E-1	2,128125E+3	-7,732599E-3	2,128125E+3	7,385982E-1	2,128125E+3	-1,690925E-2	2,128125E+3	6,983959E-1	2,128125E+3	-3,120290E-2	2,128125E+3	6,670402E-1	2,128125E+3	-4,108112E-2
2,129687E+3	8,264560E-1	2,129687E+3	-7,428402E-4	2,129687E+3	8,276234E-1	2,129687E+3	-3,736887E-3	2,129687E+3	8,231890E-1	2,129687E+3	-7,997544E-3	2,129687E+3	8,002947E-1	2,129687E+3	-8,984912E-3	2,129687E+3	7,410520E-1	2,129687E+3	-1,733829E-2	2,129687E+3	7,021736E-1	2,129687E+3	-3,751730E-2	2,129687E+3	6,662962E-1	2,129687E+3	-4,651578E-2
2,131250E+3	8,257174E-1	2,131250E+3	-2,397449E-3	2,131250E+3	8,277857E-1	2,131250E+3	-5,660221E-3	2,131250E+3	8,229492E-1	2,131250E+3	-8,613437E-3	2,131250E+3	8,017505E-1	2,131250E+3	-1,156371E-2	2,131250E+3	7,407614E-1	2,131250E+3	-2,099000E-2	2,131250E+3	6,983563E-1	2,131250E+3	-3,863536E-2	2,131250E+3	6,692161E-1	2,131250E+3	-5,817421E-2
2,132812E+3	8,262367E-1	2,132812E+3	-3,427045E-3	2,132812E+3	8,268946E-1	2,132812E+3	-8,885306E-3	2,132812E+3	8,245872E-1	2,132812E+3	-1,147984E-2	2,132812E+3	8,011241E-1	2,132812E+3	-1,245503E-2	2,132812E+3	7,414558E-1	2,132812E+3	-2,137602E-2	2,132812E+3	6,959256E-1	2,132812E+3	-3,822658E-2	2,132812E+3	6,669683E-1	2,132812E+3	-5,090013E-2
2,134375E+3	8,282725E-1	2,134375E+3	-8,464802E-3	2,134375E+3	8,294520E-1	2,134375E+3	-1,015563E-2	2,134375E+3	8,245939E-1	2,134375E+3	-1,307831E-2	2,134375E+3	8,009411E-1	2,134375E+3	-1,585182E-2	2,134375E+3	7,455698E-1	2,134375E+3	-2,245068E-2	2,134375E+3	6,922598E-1	2,134375E+3	-4,205644E-2	2,134375E+3	6,592421E-1	2,134375E+3	-4,535166E-2
2,135937E+3	8,299779E-1	2,135937E+3	-8,857500E-3	2,135937E+3	8,301039E-1	2,135937E+3	-1,342284E-2	2,135937E+3	8,239729E-1	2,135937E+3	-1,579174E-2	2,135937E+3	8,033879E-1	2,135937E+3	-2,045786E-2	2,135937E+3	7,425051E-1	2,135937E+3	-2,383258E-2	2,135937E+3	6,960143E-1	2,135937E+3	-3,916246E-2	2,135937E+3	6,664058E-1	2,135937E+3	-5,576848E-2
2,137500E+3	8,288213E-1	2,137500E+3	-1,190152E-2	2,137500E+3	8,294253E-1	2,137500E+3	-1,268094E-2	2,137500E+3	8,249342E-1	2,137500E+3	-1,879747E-2	2,137500E+3	8,034755E-1	2,137500E+3	-2,053849E-2	2,137500E+3	7,406637E-1	2,137500E+3	-2,715034E-2	2,137500E+3	6,962826E-1	2,137500E+3	-3,934539E-2	2,137500E+3	6,672126E-1	2,137500E+3	-4,875464E-2
2,139062E+3	8,269679E-1	2,139062E+3	-1,394417E-2	2,139062E+3	8,289590E-1	2,139062E+3	-1,841883E-2	2,139062E+3	8,259176E-1	2,139062E+3	-1,910055E-2	2,139062E+3	8,023898E-1	2,139062E+3	-2,241965E-2	2,139062E+3	7,408830E-1	2,139062E+3	-2,855755E-2	2,139062E+3	6,994675E-1	2,139062E+3	-4,081728E-2	2,139062E+3	6,656263E-1	2,139062E+3	-4,984494E-2
2,140625E+3	8,295130E-1	2,140625E+3	-1,694097E-2	2,140625E+3	8,290453E-1	2,140625E+3	-1,973848E-2	2,140625E+3	8,245001E-1	2,140625E+3	-2,022309E-2	2,140625E+3	8,037223E-1	2,140625E+3	-2,344511E-2	2,140625E+3	7,397189E-1	2,140625E+3	-2,780675E-2	2,140625E+3	6,953619E-1	2,140625E+3	-4,495923E-2	2,140625E+3	6,651724E-1	2,140625E+3	-4,826323E-2
2,142187E+3	8,283950E-1	2,142187E+3	-2,052660E-2	2,142187E+3	8,291373E-1	2,142187E+3	-2,051837E-2	2,142187E+3	8,249413E-1	2,142187E+3	-2,484629E-2	2,142187E+3	8,014067E-1	2,142187E+3	-2,491193E-2	2,142187E+3	7,386117E-1	2,142187E+3	-3,269273E-2	2,142187E+3	7,015233E-1	2,142187E+3	-5,227016E-2	2,142187E+3	6,734846E-1	2,142187E+3	-4,938735E-2
2,143750E+3	8,308280E-1	2,143750E+3	-1,982587E-2	2,143750E+3	8,303745E-1	2,143750E+3	-2,255957E-2	2,143750E+3	8,264144E-1	2,143750E+3	-2,745249E-2	2,143750E+3	8,008083E-1	2,143750E+3	-2,854782E-2	2,143750E+3	7,395089E-1	2,143750E+3	-3,495961E-2	2,143750E+3	7,015612E-1	2,143750E+3	-4,878083E-2	2,143750E+3	6,766470E-1	2,143750E+3	-5,720705E-2
2,145312E+3	8,303167E-1	2,145312E+3	-2,339717E-2	2,145312E+3	8,302003E-1	2,145312E+3	-2,649418E-2	2,145312E+3	8,259052E-1	2,145312E+3	-3,026858E-2	2,145312E+3	8,019195E-1	2,145312E+3	-2,951086E-2	2,145312E+3	7,434243E-1	2,145312E+3	-3,187947E-2	2,145312E+3	6,968303E-1	2,145312E+3	-4,758700E-2	2,145312E+3	6,747959E-1	2,145312E+3	-5,742818E-2
2,146875E+3	8,294712E-1	2,146875E+3	-2,607077E-2	2,146875E+3	8,311557E-1	2,146875E+3	-2,700815E-2	2,146875E+3	8,260013E-1	2,146875E+3	-2,941940E-2	2,146875E+3	8,024679E-1	2,146875E+3	-2,950855E-2	2,146875E+3	7,420324E-1	2,146875E+3	-3,725306E-2	2,146875E+3	6,963349E-1	2,146875E+3	-4,751089E-2	2,146875E+3	6,721720E-1	2,146875E+3	-6,564685E-2
2,148437E+3	8,303515E-1	2,148437E+3	-2,648676E-2	2,148437E+3	8,332201E-1	2,148437E+3	-2,946343E-2	2,148437E+3	8,257141E-1	2,148437E+3	-3,373699E-2	2,148437E+3	8,012484E-1	2,148437E+3	-3,362251E-2	2,148437E+3	7,403747E-1	2,148437E+3	-3,951437E-2	2,148437E+3	7,019839E-1	2,148437E+3	-5,159270E-2	2,148437E+3	6,658472E-1	2,148437E+3	-6,674247E-2
2,150000E+3	8,285421E-1	2,150000E+3	-2,834983E-2	2,150000E+3	8,302217E-1	2,150000E+3	-3,250340E-2	2,150000E+3	8,271857E-1	2,150000E+3	-3,554936E-2	2,150000E+3	8,062647E-1	2,150000E+3	-3,508502E-2	2,150000E+3	7,383119E-1	2,150000E+3	-3,668825E-2	2,150000E+3	7,044645E-1	2,150000E+3	-5,056948E-2	2,150000E+3	6,730512E-1	2,150000E+3	-6,512043E-2
2,151562E+3	8,265982E-1	2,151562E+3	-3,147409E-2	2,151562E+3	8,292581E-1	2,151562E+3	-3,390164E-2	2,151562E+3	8,256665E-1	2,151562E+3	-3,800260E-2	2,151562E+3	8,052254E-1	2,151562E+3	-3,827623E-2	2,151562E+3	7,423982E-1	2,151562E+3	-3,961242E-2	2,151562E+3	7,016767E-1	2,151562E+3	-4,755781E-2	2,151562E+3	6,732039E-1	2,151562E+3	-6,408553E-2
2,153125E+3	8,278909E-1	2,153125E+3	-3,271735E-2	2,153125E+3	8,300385E-1	2,153125E+3	-3,827720E-2	2,153125E+3	8,253119E-1	2,153125E+3	-3,811018E-2	2,153125E+3	8,043779E-1	2,153125E+3	-3,975254E-2	2,153125E+3	7,429209E-1	2,153125E+3	-4,326044E-2	2,153125E+3	7,049337E-1	2,153125E+3	-5,614085E-2	2,153125E+3	6,719715E-1	2,153125E+3	-6,277125E-2
2,154687E+3	8,283413E-1	2,154687E+3	-3,685297E-2	2,154687E+3	8,308761E-1	2,154687E+3	-3,990952E-2	2,154687E+3	8,256731E-1	2,154687E+3	-4,222205E-2	2,154687E+3	8,062911E-1	2,154687E+3	-4,306457E-2	2,154687E+3	7,428134E-1	2,154687E+3	-4,464311E-2	2,154687E+3	7,031393E-1	2,154687E+3	-5,667750E-2	2,154687E+3	6,697830E-1	2,154687E+3	-5,802547E-2
2,156250E+3	8,303079E-1	2,156250E+3	-3,766511E-2	2,156250E+3	8,290727E-1	2,156250E+3	-4,104766E-2	2,156250E+3	8,254148E-1	2,156250E+3	-4,572646E-2	2,156250E+3	8,046831E-1	2,156250E+3	-4,445626E-2	2,156250E+3	7,456704E-1	2,156250E+3	-4,616185E-2	2,156250E+3	7,039207E-1	2,156250E+3	-5,551563E-2	2,156250E+3	6,695368E-1	2,156250E+3	-6,260004E-2
2,157812E+3	8,328057E-1	2,157812E+3	-4,028382E-2	2,157812E+3	8,309710E-1	2,157812E+3	-4,652384E-2	2,157812E+3	8,247840E-1	2,157812E+3	-4,847938E-2	2,157812E+3	8,044276E-1	2,157812E+3	-4,457653E-2	2,157812E+3	7,453046E-1	2,157812E+3	-4,471999E-2	2,157812E+3	7,030148E-1	2,157812E+3	-5,247946E-2	2,157812E+3	6,705307E-1	2,157812E+3	-7,010147E-2
2,159375E+3	8,309638E-1	2,159375E+3	-4,729776E-2	2,159375E+3	8,315538E-1	2,159375E+3	-4,852302E-2	2,159375E+3	8,259108E-1	2,159375E+3	-4,912529E-2	2,159375E+3	8,032576E-1	2,159375E+3	-4,705010E-2	2,159375E+3	7,434767E-1	2,159375E+3	-4,694742E-2	2,159375E+3	7,066290E-1	2,159375E+3	-5,520150E-2	2,159375E+3	6,696712E-1	2,159375E+3	-6,256625E-2
2,160937E+3	8,319302E-1	2,160937E+3	-4,289896E-2	2,160937E+3	8,312216E-1	2,160937E+3	-4,629017E-2	2,160937E+3	8,272243E-1	2,160937E+3	-5,013548E-2	2,160937E+3	8,029683E-1	2,160937E+3	-5,228405E-2	2,160937E+3	7,463668E-1	2,160937E+3	-5,167137E-2	2,160937E+3	7,077497E-1	2,160937E+3	-6,003628E-2	2,160937E+3	6,703834E-1	2,160937E+3	-6,612785E-2
2,162500E+3	8,316324E-1	2,162500E+3	-4,242434E-2	2,162500E+3	8,319873E-1	2,162500E+3	-5,036077E-2	2,162500E+3	8,265474E-1	2,162500E+3	-5,395001E-2	2,162500E+3	8,039370E-1	2,162500E+3	-5,161358E-2	2,162500E+3	7,422905E-1	2,162500E+3	-5,109445E-2	2,162500E+3	7,065575E-1	2,162500E+3	-6,022764E-2	2,162500E+3	6,776065E-1	2,162500E+3	-6,631667E-2
2,164062E+3	8,308796E-1	2,164062E+3	-4,957792E-2	2,164062E+3	8,304931E-1	2,164062E+3	-5,220231E-2	2,164062E+3	8,262425E-1	2,164062E+3	-5,495276E-2	2,164062E+3	8,037078E-1	2,164062E+3	-5,384232E-2	2,164062E+3	7,456930E-1	2,164062E+3	-5,336692E-2	2,164062E+3	7,006919E-1	2,164062E+3	-6,431416E-2	2,164062E+3	6,757947E-1	2,164062E+3	-6,808343E-2
2,165625E+3	8,297871E-1	2,165625E+3	-5,330856E-2	2,165625E+3	8,298110E-1	2,165625E+3	-5,655692E-2	2,165625E+3	8,279203E-1	2,165625E+3	-5,758997E-2	2,165625E+3	8,058583E-1	2,165625E+3	-5,741281E-2	2,165625E+3	7,436687E-1	2,165625E+3	-5,395921E-2	2,165625E+3	6,999977E-1	2,165625E+3	-6,558778E-2	2,165625E+3	6,749180E-1	2,165625E+3	-7,344161E-2
2,167187E+3	8,300053E-1	2,167187E+3	-5,457531E-2	2,167187E+3	8,302010E-1	2,167187E+3	-5,721591E-2	2,167187E+3	8,282499E-1	2,167187E+3	-6,194375E-2	2,167187E+3	8,055779E-1	2,167187E+3	-5,960741E-2	2,167187E+3	7,422497E-1	2,167187E+3	-5,992408E-2	2,167187E+3	7,027676E-1	2,167187E+3	-6,223409E-2	2,167187E+3	6,748594E-1	2,167187E+3	-6,992017E-2
2,168750E+3	8,287505E-1	2,168750E+3	-5,558324E-2	2,168750E+3	8,302760E-1	2,168750E+3	-5,909247E-2	2,168750E+3	8,279481E-1	2,168750E+3	-6,262935E-2	2,168750E+3	8,057967E-1	2,168750E+3	-5,927547E-2	2,168750E+3	7,403260E-1	2,168750E+3	-5,982254E-2	2,168750E+3	7,049094E-1	2,168750E+3	-5,960590E-2	2,168750E+3	6,778629E-1	2,168750E+3	-6,640318E-2
2,170312E+3	8,273996E-1	2,170312E+3	-5,705488E-2	2,170312E+3	8,306683E-1	2,170312E+3	-6,163756E-2	2,170312E+3	8,263325E-1	2,170312E+3	-6,353097E-2	2,170312E+3	8,062248E-1	2,170312E+3	-6,243921E-2	2,170312E+3	7,443335E-1	2,170312E+3	-6,001711E-2	2,170312E+3	7,029604E-1	2,170312E+3	-6,455566E-2	2,170312E+3	6,723656E-1	2,170312E+3	-6,999336E-2
2,171875E+3	8,289200E-1	2,171875E+3	-5,735056E-2	2,171875E+3	8,313411E-1	2,171875E+3	-6,444316E-2	2,171875E+3	8,266237E-1	2,171875E+3	-6,713008E-2	2,171875E+3	8,052998E-1	2,171875E+3	-6,413930E-2	2,171875E+3	7,412023E-1	2,171875E+3	-6,223020E-2	2,171875E+3	7,053773E-1	2,171875E+3	-6,259395E-2	2,171875E+3	6,698498E-1	2,171875E+3	-6,956281E-2
2,173437E+3	8,308868E-1	2,173437E+3	-6,610058E-2	2,173437E+3	8,297126E-1	2,173437E+3	-6,455906E-2	2,173437E+3	8,247871E-1	2,173437E+3	-7,050230E-2	2,173437E+3	8,068608E-1	2,173437E+3	-6,889171E-2	2,173437E+3	7,451794E-1	2,173437E+3	-6,435605E-2	2,173437E+3	6,982288E-1	2,173437E+3	-6,370751E-2	2,173437E+3	6,770748E-1	2,173437E+3	-7,726425E-2
2,175000E+3	8,302803E-1	2,175000E+3	-6,841196E-2	2,175000E+3	8,290971E-1	2,175000E+3	-6,971108E-2	2,175000E+3	8,256847E-1	2,175000E+3	-7,118223E-2	2,175000E+3	8,074494E-1	2,175000E+3	-6,998094E-2	2,175000E+3	7,517409E-1	2,175000E+3	-6,479973E-2	2,175000E+3	7,087544E-1	2,175000E+3	-6,837425E-2	2,175000E+3	6,746144E-1	2,175000E+3	-8,114661E-2
2,176562E+3	8,296049E-1	2,176562E+3	-6,712322E-2	2,176562E+3	8,296323E-1	2,176562E+3	-7,122243E-2	2,176562E+3	8,269700E-1	2,176562E+3	-7,342635E-2	2,176562E+3	8,045330E-1	2,176562E+3	-7,220897E-2	2,176562E+3	7,531544E-1	2,176562E+3	-6,606357E-2	2,176562E+3	7,103081E-1	2,176562E+3	-6,640070E-2	2,176562E+3	6,663900E-1	2,176562E+3	-7,634048E-2
2,178125E+3	8,320485E-1	2,178125E+3	-6,851457E-2	2,178125E+3	8,306163E-1	2,178125E+3	-7,214436E-2	2,178125E+3	8,256623E-1	2,178125E+3	-7,600441E-2	2,178125E+3	8,050091E-1	2,178125E+3	-7,372824E-2	2,178125E+3	7,478696E-1	2,178125E+3	-7,614433E-2	2,178125E+3	7,070362E-1	2,178125E+3	-6,931655E-2	2,178125E+3	6,725289E-1	2,178125E+3	-7,303825E-2
2,179687E+3	8,299140E-1	2,179687E+3	-7,212042E-2	2,179687E+3	8,301891E-1	2,179687E+3	-7,683896E-2	2,179687E+3	8,242733E-1	2,179687E+3	-7,827920E-2	2,179687E+3	8,063650E-1	2,179687E+3	-7,559341E-2	2,179687E+3	7,460948E-1	2,179687E+3	-7,498814E-2	2,179687E+3	6,982997E-1	2,179687E+3	-7,282975E-2	2,179687E+3	6,807987E-1	2,179687E+3	-7,084425E-2
2,181250E+3	8,315609E-1	2,181250E+3	-7,443118E-2	2,181250E+3	8,306429E-1	2,181250E+3	-7,658139E-2	2,181250E+3	8,253624E-1	2,181250E+3	-8,038939E-2	2,181250E+3	8,052381E-1	2,181250E+3	-7,768620E-2	2,181250E+3	7,471215E-1	2,181250E+3	-6,979651E-2	2,181250E+3	6,982967E-1	2,181250E+3	-7,459970E-2	2,181250E+3	6,782775E-1	2,181250E+3	-7,889735E-2
2,182812E+3	8,283694E-1	2,182812E+3	-7,708329E-2	2,182812E+3	8,295119E-1	2,182812E+3	-8,222463E-2	2,182812E+3	8,243201E-1	2,182812E+3	-8,207377E-2	2,182812E+3	8,055543E-1	2,182812E+3	-8,069373E-2	2,182812E+3	7,471880E-1	2,182812E+3	-7,225782E-2	2,182812E+3	6,999152E-1	2,182812E+3	-7,327896E-2	2,182812E+3	6,785677E-1	2,182812E+3	-7,400823E-2
2,184375E+3	8,294909E-1	2,184375E+3	-7,869748E-2	2,184375E+3	8,293598E-1	2,184375E+3	-8,170325E-2	2,184375E+3	8,241464E-1	2,184375E+3	-8,538528E-2	2,184375E+3	8,044066E-1	2,184375E+3	-7,751907E-2	2,184375E+3	7,430277E-1	2,184375E+3	-7,319732E-2	2,184375E+3	7,001266E-1	2,184375E+3	-7,762035E-2	2,184375E+3	6,777237E-1	2,184375E+3	-7,500723E-2
2,185937E+3	8,300210E-1	2,185937E+3	-8,084492E-2	2,185937E+3	8,289675E-1	2,185937E+3	-8,356304E-2	2,185937E+3	8,255607E-1	2,185937E+3	-8,450526E-2	2,185937E+3	8,027900E-1	2,185937E+3	-8,298044E-2	2,185937E+3	7,403170E-1	2,185937E+3	-7,708090E-2	2,185937E+3	6,998803E-1	2,185937E+3	-8,069205E-2	2,185937E+3	6,677433E-1	2,185937E+3	-7,600350E-2
2,187500E+3	8,283420E-1	2,187500E+3	-8,276693E-2	2,187500E+3	8,311522E-1	2,187500E+3	-8,524236E-2	2,187500E+3	8,240186E-1	2,187500E+3	-9,015364E-2	2,187500E+3	8,037439E-1	2,187500E+3	-8,615773E-2	2,187500E+3	7,439056E-1	2,187500E+3	-7,760172E-2	2,187500E+3	6,955725E-1	2,187500E+3	-7,774925E-2	2,187500E+3	6,663826E-1	2,187500E+3	-8,589982E-2
2,189062E+3	8,280480E-1	2,189062E+3	-8,673927E-2	2,189062E+3	8,304045E-1	2,189062E+3	-8,908705E-2	2,189062E+3	8,228739E-1	2,189062E+3	-9,261732E-2	2,189062E+3	8,033939E-1	2,189062E+3	-8,790218E-2	2,189062E+3	7,455854E-1	2,189062E+3	-8,099008E-2	2,189062E+3	6,939872E-1	2,189062E+3	-7,833302E-2	2,189062E+3	6,624813E-1	2,189062E+3	-8,626816E-2
2,190625E+3	8,273823E-1	2,190625E+3	-8,437828E-2	2,190625E+3	8,277774E-1	2,190625E+3	-9,051114E-2	2,190625E+3	8,228158E-1	2,190625E+3	-9,416047E-2	2,190625E+3	8,052717E-1	2,190625E+3	-8,852554E-2	2,190625E+3	7,445598E-1	2,190625E+3	-8,279814E-2	2,190625E+3	7,018091E-1	2,190625E+3	-8,380112E-2	2,190625E+3	6,677179E-1	2,190625E+3	-8,022445E-2
2,192187E+3	8,274180E-1	2,192187E+3	-8,827103E-2	2,192187E+3	8,275611E-1	2,192187E+3	-9,352545E-2	2,192187E+3	8,229193E-1	2,192187E+3	-9,485420E-2	2,192187E+3	8,030106E-1	2,192187E+3	-9,224043E-2	2,192187E+3	7,451024E-1	2,192187E+3	-7,952346E-2	2,192187E+3	7,038267E-1	2,192187E+3	-8,185210E-2	2,192187E+3	6,697205E-1	2,192187E+3	-8,568978E-2
2,193750E+3	8,294617E-1	2,193750E+3	-9,321867E-2	2,193750E+3	8,281977E-1	2,193750E+3	-9,427906E-2	2,193750E+3	8,212213E-1	2,193750E+3	-9,668525E-2	2,193750E+3	8,006888E-1	2,193750E+3	-9,578154E-2	2,193750E+3	7,447054E-1	2,193750E+3	-8,365129E-2	2,193750E+3	7,011071E-1	2,193750E+3	-7,842318E-2	2,193750E+3	6,797504E-1	2,193750E+3	-8,620137E-2
2,195312E+3	8,275699E-1	2,195312E+3	-9,358137E-2	2,195312E+3	8,254532E-1	2,195312E+3	-9,625750E-2	2,195312E+3	8,212449E-1	2,195312E+3	-1,013259E-1	2,195312E+3	8,021326E-1	2,195312E+3	-9,823808E-2	2,195312E+3	7,413968E-1	2,195312E+3	-8,701966E-2	2,195312E+3	7,026055E-1	2,195312E+3	-7,612476E-2	2,195312E+3	6,786802E-1	2,195312E+3	-7,821686E-2
2,196875E+3	8,290180E-1	2,196875E+3	-9,590604E-2	2,196875E+3	8,258498E-1	2,196875E+3	-1,026074E-1	2,196875E+3	8,214727E-1	2,196875E+3	-1,020844E-1	2,196875E+3	8,019150E-1	2,196875E+3	-9,992358E-2	2,196875E+3	7,450492E-1	2,196875E+3	-8,364905E-2	2,196875E+3	7,039278E-1	2,196875E+3	-8,140047E-2	2,196875E+3	6,825716E-1	2,196875E+3	-8,130247E-2
2,198437E+3	8,269663E-1	2,198437E+3	-9,947251E-2	2,198437E+3	8,273166E-1	2,198437E+3	-1,024307E-1	2,198437E+3	8,208016E-1	2,198437E+3	-1,052913E-1	2,198437E+3	8,017479E-1	2,198437E+3	-1,004006E-1	2,198437E+3	7,446166E-1	2,198437E+3	-8,514619E-2	2,198437E+3	7,026616E-1	2,198437E+3	-8,376058E-2	2,198437E+3	6,770099E-1	2,198437E+3	-8,156798E-2
2,200000E+3	8,248496E-1	2,200000E+3	-1,028271E-1	2,200000E+3	8,270925E-1	2,200000E+3	-1,048438E-1	2,200000E+3	8,226629E-1	2,200000E+3	-1,077518E-1	2,200000E+3	8,003621E-1	2,200000E+3	-1,026154E-1	2,200000E+3	7,463543E-1	2,200000E+3	-8,470252E-2	2,200000E+3	7,034419E-1	2,200000E+3	-8,935047E-2	2,200000E+3	6,707428E-1	2,200000E+3	-8,590392E-2
2,201562E+3	8,254470E-1	2,201562E+3	-1,050953E-1	2,201562E+3	8,280308E-1	2,201562E+3	-1,063920E-1	2,201562E+3	8,223109E-1	2,201562E+3	-1,100580E-1	2,201562E+3	7,998964E-1	2,201562E+3	-1,063551E-1	2,201562E+3	7,475201E-1	2,201562E+3	-9,166376E-2	2,201562E+3	7,017699E-1	2,201562E+3	-8,822842E-2	2,201562E+3	6,634039E-1	2,201562E+3	-9,203900E-2
2,203125E+3	8,259388E-1	2,203125E+3	-1,061178E-1	2,203125E+3	8,253339E-1	2,203125E+3	-1,098227E-1	2,203125E+3	8,206707E-1	2,203125E+3	-1,107632E-1	2,203125E+3	8,011806E-1	2,203125E+3	-1,060030E-1	2,203125E+3	7,456887E-1	2,203125E+3	-9,484595E-2	2,203125E+3	6,987032E-1	2,203125E+3	-9,275032E-2	2,203125E+3	6,629462E-1	2,203125E+3	-9,466031E-2
2,204687E+3	8,260044E-1	2,204687E+3	-1,070737E-1	2,204687E+3	8,243060E-1	2,204687E+3	-1,107498E-1	2,204687E+3	8,211325E-1	2,204687E+3	-1,115191E-1	2,204687E+3	8,028009E-1	2,204687E+3	-1,100458E-1	2,204687E+3	7,450782E-1	2,204687E+3	-9,284286E-2	2,204687E+3	7,034848E-1	2,204687E+3	-9,323784E-2	2,204687E+3	6,690812E-1	2,204687E+3	-8,567389E-2
2,206250E+3	8,250877E-1	2,206250E+3	-1,094416E-1	2,206250E+3	8,251398E-1	2,206250E+3	-1,136068E-1	2,206250E+3	8,170275E-1	2,206250E+3	-1,157146E-1	2,206250E+3	7,994881E-1	2,206250E+3	-1,104432E-1	2,206250E+3	7,448849E-1	2,206250E+3	-9,316177E-2	2,206250E+3	7,034270E-1	2,206250E+3	-9,014402E-2	2,206250E+3	6,737458E-1	2,206250E+3	-8,860756E-2
2,207812E+3	8,252935E-1	2,207812E+3	-1,122013E-1	2,207812E+3	8,246450E-1	2,207812E+3	-1,149276E-1	2,207812E+3	8,185873E-1	2,207812E+3	-1,174693E-1	2,207812E+3	7,997893E-1	2,207812E+3	-1,117819E-1	2,207812E+3	7,434069E-1	2,207812E+3	-9,816292E-2	2,207812E+3	6,987731E-1	2,207812E+3	-9,356128E-2	2,207812E+3	6,722079E-1	2,207812E+3	-9,079580E-2
2,209375E+3	8,257103E-1	2,209375E+3	-1,126930E-1	2,209375E+3	8,233151E-1	2,209375E+3	-1,184378E-1	2,209375E+3	8,183736E-1	2,209375E+3	-1,177175E-1	2,209375E+3	8,011813E-1	2,209375E+3	-1,138826E-1	2,209375E+3	7,422776E-1	2,209375E+3	-1,010973E-1	2,209375E+3	7,005300E-1	2,209375E+3	-9,579952E-2	2,209375E+3	6,715122E-1	2,209375E+3	-9,074496E-2
2,210937E+3	8,244484E-1	2,210937E+3	-1,155992E-1	2,210937E+3	8,221536E-1	2,210937E+3	-1,197231E-1	2,210937E+3	8,179632E-1	2,210937E+3	-1,227713E-1	2,210937E+3	7,974945E-1	2,210937E+3	-1,142591E-1	2,210937E+3	7,411566E-1	2,210937E+3	-1,022808E-1	2,210937E+3	6,988149E-1	2,210937E+3	-9,333469E-2	2,210937E+3	6,721354E-1	2,210937E+3	-9,219585E-2
2,212500E+3	8,236615E-1	2,212500E+3	-1,160475E-1	2,212500E+3	8,228856E-1	2,212500E+3	-1,199877E-1	2,212500E+3	8,182330E-1	2,212500E+3	-1,234414E-1	2,212500E+3	7,989480E-1	2,212500E+3	-1,184518E-1	2,212500E+3	7,396311E-1	2,212500E+3	-9,937956E-2	2,212500E+3	6,980859E-1	2,212500E+3	-9,771264E-2	2,212500E+3	6,735379E-1	2,212500E+3	-8,961704E-2
2,214062E+3	8,242516E-1	2,214062E+3	-1,204343E-1	2,214062E+3	8,223504E-1	2,214062E+3	-1,239478E-1	2,214062E+3	8,180053E-1	2,214062E+3	-1,259317E-1	2,214062E+3	7,990672E-1	2,214062E+3	-1,194909E-1	2,214062E+3	7,416577E-1	2,214062E+3	-9,874483E-2	2,214062E+3	6,973794E-1	2,214062E+3	-9,387015E-2	2,214062E+3	6,735030E-1	2,214062E+3	-9,359455E-2
2,215625E+3	8,228756E-1	2,215625E+3	-1,242844E-1	2,215625E+3	8,212026E-1	2,215625E+3	-1,286521E-1	2,215625E+3	8,168679E-1	2,215625E+3	-1,298196E-1	2,215625E+3	7,954462E-1	2,215625E+3	-1,223157E-1	2,215625E+3	7,382225E-1	2,215625E+3	-1,051633E-1	2,215625E+3	6,955985E-1	2,215625E+3	-1,006099E-1	2,215625E+3	6,662226E-1	2,215625E+3	-9,280600E-2
2,217187E+3	8,229918E-1	2,217187E+3	-1,232984E-1	2,217187E+3	8,207440E-1	2,217187E+3	-1,278346E-1	2,217187E+3	8,161302E-1	2,217187E+3	-1,318898E-1	2,217187E+3	7,967143E-1	2,217187E+3	-1,240945E-1	2,217187E+3	7,388387E-1	2,217187E+3	-1,055175E-1	2,217187E+3	6,962797E-1	2,217187E+3	-9,778393E-2	2,217187E+3	6,637472E-1	2,217187E+3	-8,948434E-2
2,218750E+3	8,208698E-1	2,218750E+3	-1,333778E-1	2,218750E+3	8,202812E-1	2,218750E+3	-1,322654E-1	2,218750E+3	8,146045E-1	2,218750E+3	-1,320521E-1	2,218750E+3	7,942884E-1	2,218750E+3	-1,268531E-1	2,218750E+3	7,462477E-1	2,218750E+3	-1,092159E-1	2,218750E+3	6,998980E-1	2,218750E+3	-9,585463E-2	2,218750E+3	6,691796E-1	2,218750E+3	-9,121959E-2
2,220312E+3	8,214298E-1	2,220312E+3	-1,312981E-1	2,220312E+3	8,194216E-1	2,220312E+3	-1,349131E-1	2,220312E+3	8,150188E-1	2,220312E+3	-1,353736E-1	2,220312E+3	7,969438E-1	2,220312E+3	-1,294616E-1	2,220312E+3	7,447494E-1	2,220312E+3	-1,088075E-1	2,220312E+3	7,031691E-1	2,220312E+3	-9,781527E-2	2,220312E+3	6,729682E-1	2,220312E+3	-9,849201E-2
2,221875E+3	8,228313E-1	2,221875E+3	-1,268213E-1	2,221875E+3	8,200656E-1	2,221875E+3	-1,351473E-1	2,221875E+3	8,168212E-1	2,221875E+3	-1,360287E-1	2,221875E+3	7,969101E-1	2,221875E+3	-1,291892E-1	2,221875E+3	7,412422E-1	2,221875E+3	-1,098213E-1	2,221875E+3	6,992287E-1	2,221875E+3	-1,067423E-1	2,221875E+3	6,655213E-1	2,221875E+3	-1,013682E-1
2,223437E+3	8,230227E-1	2,223437E+3	-1,310492E-1	2,223437E+3	8,203967E-1	2,223437E+3	-1,363736E-1	2,223437E+3	8,149297E-1	2,223437E+3	-1,409963E-1	2,223437E+3	7,938059E-1	2,223437E+3	-1,314468E-1	2,223437E+3	7,379646E-1	2,223437E+3	-1,134977E-1	2,223437E+3	7,009427E-1	2,223437E+3	-1,042797E-1	2,223437E+3	6,671693E-1	2,223437E+3	-1,014975E-1
2,225000E+3	8,171892E-1	2,225000E+3	-1,362629E-1	2,225000E+3	8,202299E-1	2,225000E+3	-1,395523E-1	2,225000E+3	8,131620E-1	2,225000E+3	-1,405973E-1	2,225000E+3	7,932562E-1	2,225000E+3	-1,341836E-1	2,225000E+3	7,399703E-1	2,225000E+3	-1,122357E-1	2,225000E+3	6,962703E-1	2,225000E+3	-1,001413E-1	2,225000E+3	6,714334E-1	2,225000E+3	-9,920310E-2
2,226562E+3	8,188378E-1	2,226562E+3	-1,380457E-1	2,226562E+3	8,191768E-1	2,226562E+3	-1,432580E-1	2,226562E+3	8,122719E-1	2,226562E+3	-1,433222E-1	2,226562E+3	7,946811E-1	2,226562E+3	-1,371889E-1	2,226562E+3	7,423599E-1	2,226562E+3	-1,170749E-1	2,226562E+3	6,936923E-1	2,226562E+3	-1,054493E-1	2,226562E+3	6,711719E-1	2,226562E+3	-1,006144E-1
2,228125E+3	8,200161E-1	2,228125E+3	-1,392086E-1	2,228125E+3	8,176971E-1	2,228125E+3	-1,429203E-1	2,228125E+3	8,118205E-1	2,228125E+3	-1,464455E-1	2,228125E+3	7,953545E-1	2,228125E+3	-1,389375E-1	2,228125E+3	7,417234E-1	2,228125E+3	-1,178066E-1	2,228125E+3	6,943254E-1	2,228125E+3	-1,085769E-1	2,228125E+3	6,722461E-1	2,228125E+3	-9,594682E-2
2,229687E+3	8,194253E-1	2,229687E+3	-1,422317E-1	2,229687E+3	8,168215E-1	2,229687E+3	-1,469713E-1	2,229687E+3	8,111746E-1	2,229687E+3	-1,487545E-1	2,229687E+3	7,944586E-1	2,229687E+3	-1,396699E-1	2,229687E+3	7,428710E-1	2,229687E+3	-1,189641E-1	2,229687E+3	6,942295E-1	2,229687E+3	-1,040717E-1	2,229687E+3	6,707679E-1	2,229687E+3	-1,035719E-1
2,231250E+3	8,193347E-1	2,231250E+3	-1,473232E-1	2,231250E+3	8,174373E-1	2,231250E+3	-1,487439E-1	2,231250E+3	8,123966E-1	2,231250E+3	-1,500254E-1	2,231250E+3	7,922709E-1	2,231250E+3	-1,439663E-1	2,231250E+3	7,402211E-1	2,231250E+3	-1,238499E-1	2,231250E+3	6,959682E-1	2,231250E+3	-1,086518E-1	2,231250E+3	6,638209E-1	2,231250E+3	-1,046030E-1
2,232812E+3	8,166881E-1	2,232812E+3	-1,471324E-1	2,232812E+3	8,171398E-1	2,232812E+3	-1,491852E-1	2,232812E+3	8,122888E-1	2,232812E+3	-1,526669E-1	2,232812E+3	7,913281E-1	2,232812E+3	-1,462184E-1	2,232812E+3	7,388572E-1	2,232812E+3	-1,243562E-1	2,232812E+3	7,001246E-1	2,232812E+3	-1,096709E-1	2,232812E+3	6,645556E-1	2,232812E+3	-1,017306E-1
2,234375E+3	8,165213E-1	2,234375E+3	-1,497513E-1	2,234375E+3	8,157025E-1	2,234375E+3	-1,546585E-1	2,234375E+3	8,115518E-1	2,234375E+3	-1,556281E-1	2,234375E+3	7,919844E-1	2,234375E+3	-1,466257E-1	2,234375E+3	7,397287E-1	2,234375E+3	-1,220857E-1	2,234375E+3	6,989188E-1	2,234375E+3	-1,123373E-1	2,234375E+3	6,671534E-1	2,234375E+3	-9,956343E-2
2,235937E+3	8,160370E-1	2,235937E+3	-1,500472E-1	2,235937E+3	8,155279E-1	2,235937E+3	-1,531306E-1	2,235937E+3	8,112195E-1	2,235937E+3	-1,563117E-1	2,235937E+3	7,900057E-1	2,235937E+3	-1,474093E-1	2,235937E+3	7,406195E-1	2,235937E+3	-1,255831E-1	2,235937E+3	6,956222E-1	2,235937E+3	-1,123932E-1	2,235937E+3	6,705187E-1	2,235937E+3	-1,011482E-1
2,237500E+3	8,149243E-1	2,237500E+3	-1,541294E-1	2,237500E+3	8,134037E-1	2,237500E+3	-1,581550E-1	2,237500E+3	8,106707E-1	2,237500E+3	-1,588267E-1	2,237500E+3	7,898055E-1	2,237500E+3	-1,506264E-1	2,237500E+3	7,388876E-1	2,237500E+3	-1,274626E-1	2,237500E+3	6,969549E-1	2,237500E+3	-1,133258E-1	2,237500E+3	6,673161E-1	2,237500E+3	-1,045078E-1
2,239062E+3	8,133211E-1	2,239062E+3	-1,573521E-1	2,239062E+3	8,127545E-1	2,239062E+3	-1,585191E-1	2,239062E+3	8,087457E-1	2,239062E+3	-1,602802E-1	2,239062E+3	7,907184E-1	2,239062E+3	-1,525915E-1	2,239062E+3	7,366017E-1	2,239062E+3	-1,283050E-1	2,239062E+3	6,955056E-1	2,239062E+3	-1,124972E-1	2,239062E+3	6,655961E-1	2,239062E+3	-1,019271E-1
2,240625E+3	8,141378E-1	2,240625E+3	-1,581454E-1	2,240625E+3	8,137422E-1	2,240625E+3	-1,610671E-1	2,240625E+3	8,070150E-1	2,240625E+3	-1,628931E-1	2,240625E+3	7,884627E-1	2,240625E+3	-1,559003E-1	2,240625E+3	7,369350E-1	2,240625E+3	-1,296261E-1	2,240625E+3	6,937133E-1	2,240625E+3	-1,135966E-1	2,240625E+3	6,670437E-1	2,240625E+3	-1,054535E-1
2,242187E+3	8,146216E-1	2,242187E+3	-1,582103E-1	2,242187E+3	8,108512E-1	2,242187E+3	-1,637034E-1	2,242187E+3	8,075365E-1	2,242187E+3	-1,644622E-1	2,242187E+3	7,865104E-1	2,242187E+3	-1,583980E-1	2,242187E+3	7,338189E-1	2,242187E+3	-1,337261E-1	2,242187E+3	6,989817E-1	2,242187E+3	-1,154289E-1	2,242187E+3	6,628617E-1	2,242187E+3	-1,049949E-1
2,243750E+3	8,136564E-1	2,243750E+3	-1,599266E-1	2,243750E+3	8,111202E-1	2,243750E+3	-1,648279E-1	2,243750E+3	8,068907E-1	2,243750E+3	-1,669839E-1	2,243750E+3	7,879393E-1	2,243750E+3	-1,587084E-1	2,243750E+3	7,354410E-1	2,243750E+3	-1,327167E-1	2,243750E+3	6,935759E-1	2,243750E+3	-1,192368E-1	2,243750E+3	6,657083E-1	2,243750E+3	-1,059000E-1
2,245312E+3	8,120982E-1	2,245312E+3	-1,648947E-1	2,245312E+3	8,127994E-1	2,245312E+3	-1,679735E-1	2,245312E+3	8,046639E-1	2,245312E+3	-1,705466E-1	2,245312E+3	7,879736E-1	2,245312E+3	-1,604514E-1	2,245312E+3	7,380794E-1	2,245312E+3	-1,341109E-1	2,245312E+3	6,899857E-1	2,245312E+3	-1,175028E-1	2,245312E+3	6,659216E-1	2,245312E+3	-1,051073E-1
2,246875E+3	8,099130E-1	2,246875E+3	-1,678990E-1	2,246875E+3	8,122812E-1	2,246875E+3	-1,693795E-1	2,246875E+3	8,046799E-1	2,246875E+3	-1,708357E-1	2,246875E+3	7,878777E-1	2,246875E+3	-1,645720E-1	2,246875E+3	7,342095E-1	2,246875E+3	-1,351117E-1	2,246875E+3	6,923650E-1	2,246875E+3	-1,192093E-1	2,246875E+3	6,646992E-1	2,246875E+3	-1,088630E-1
2,248437E+3	8,106035E-1	2,248437E+3	-1,685555E-1	2,248437E+3	8,091108E-1	2,248437E+3	-1,718239E-1	2,248437E+3	8,044217E-1	2,248437E+3	-1,744987E-1	2,248437E+3	7,873268E-1	2,248437E+3	-1,657435E-1	2,248437E+3	7,370277E-1	2,248437E+3	-1,382267E-1	2,248437E+3	6,949168E-1	2,248437E+3	-1,196395E-1	2,248437E+3	6,683758E-1	2,248437E+3	-1,108377E-1
2,250000E+3	8,104266E-1	2,250000E+3	-1,726460E-1	2,250000E+3	8,087910E-1	2,250000E+3	-1,755046E-1	2,250000E+3	8,043792E-1	2,250000E+3	-1,739487E-1	2,250000E+3	7,859944E-1	2,250000E+3	-1,668386E-1	2,250000E+3	7,342480E-1	2,250000E+3	-1,403348E-1	2,250000E+3	6,952277E-1	2,250000E+3	-1,192235E-1	2,250000E+3	6,635456E-1	2,250000E+3	-1,111407E-1
2,251562E+3	8,074530E-1	2,251562E+3	-1,717214E-1	2,251562E+3	8,078701E-1	2,251562E+3	-1,766832E-1	2,251562E+3	8,038847E-1	2,251562E+3	-1,779352E-1	2,251562E+3	7,842246E-1	2,251562E+3	-1,693206E-1	2,251562E+3	7,353740E-1	2,251562E+3	-1,413251E-1	2,251562E+3	6,933348E-1	2,251562E+3	-1,270074E-1	2,251562E+3	6,637310E-1	2,251562E+3	-1,120148E-1
2,253125E+3	8,087618E-1	2,253125E+3	-1,747773E-1	2,253125E+3	8,086903E-1	2,253125E+3	-1,780531E-1	2,253125E+3	8,025394E-1	2,253125E+3	-1,806162E-1	2,253125E+3	7,846832E-1	2,253125E+3	-1,695351E-1	2,253125E+3	7,369299E-1	2,253125E+3	-1,411806E-1	2,253125E+3	6,922554E-1	2,253125E+3	-1,214754E-1	2,253125E+3	6,700986E-1	2,253125E+3	-1,140972E-1
2,254687E+3	8,102268E-1	2,254687E+3	-1,765167E-1	2,254687E+3	8,057931E-1	2,254687E+3	-1,799103E-1	2,254687E+3	8,018421E-1	2,254687E+3	-1,824770E-1	2,254687E+3	7,836863E-1	2,254687E+3	-1,722355E-1	2,254687E+3	7,348595E-1	2,254687E+3	-1,452026E-1	2,254687E+3	6,921748E-1	2,254687E+3	-1,229017E-1	2,254687E+3	6,670687E-1	2,254687E+3	-1,136825E-1
2,256250E+3	8,078898E-1	2,256250E+3	-1,774833E-1	2,256250E+3	8,040402E-1	2,256250E+3	-1,837715E-1	2,256250E+3	8,009454E-1	2,256250E+3	-1,844325E-1	2,256250E+3	7,821812E-1	2,256250E+3	-1,751302E-1	2,256250E+3	7,326362E-1	2,256250E+3	-1,465709E-1	2,256250E+3	6,936981E-1	2,256250E+3	-1,238922E-1	2,256250E+3	6,619495E-1	2,256250E+3	-1,093958E-1
2,257812E+3	8,068985E-1	2,257812E+3	-1,810754E-1	2,257812E+3	8,055549E-1	2,257812E+3	-1,844200E-1	2,257812E+3	8,006760E-1	2,257812E+3	-1,861509E-1	2,257812E+3	7,828909E-1	2,257812E+3	-1,768830E-1	2,257812E+3	7,305341E-1	2,257812E+3	-1,491192E-1	2,257812E+3	6,852942E-1	2,257812E+3	-1,260293E-1	2,257812E+3	6,600969E-1	2,257812E+3	-1,118409E-1
2,259375E+3	8,066034E-1	2,259375E+3	-1,826759E-1	2,259375E+3	8,047499E-1	2,259375E+3	-1,868801E-1	2,259375E+3	8,009696E-1	2,259375E+3	-1,876743E-1	2,259375E+3	7,801393E-1	2,259375E+3	-1,777635E-1	2,259375E+3	7,289387E-1	2,259375E+3	-1,484566E-1	2,259375E+3	6,840539E-1	2,259375E+3	-1,304344E-1	2,259375E+3	6,646759E-1	2,259375E+3	-1,121808E-1
2,260937E+3	8,063492E-1	2,260937E+3	-1,854837E-1	2,260937E+3	8,015401E-1	2,260937E+3	-1,885455E-1	2,260937E+3	7,992812E-1	2,260937E+3	-1,898267E-1	2,260937E+3	7,790864E-1	2,260937E+3	-1,814810E-1	2,260937E+3	7,308687E-1	2,260937E+3	-1,476590E-1	2,260937E+3	6,850838E-1	2,260937E+3	-1,297566E-1	2,260937E+3	6,659043E-1	2,260937E+3	-1,137452E-1
2,262500E+3	8,032022E-1	2,262500E+3	-1,889026E-1	2,262500E+3	8,020809E-1	2,262500E+3	-1,904783E-1	2,262500E+3	7,984402E-1	2,262500E+3	-1,924214E-1	2,262500E+3	7,805803E-1	2,262500E+3	-1,801010E-1	2,262500E+3	7,282776E-1	2,262500E+3	-1,488483E-1	2,262500E+3	6,876314E-1	2,262500E+3	-1,247911E-1	2,262500E+3	6,618372E-1	2,262500E+3	-1,119010E-1
2,264062E+3	8,025046E-1	2,264062E+3	-1,905573E-1	2,264062E+3	8,011321E-1	2,264062E+3	-1,924570E-1	2,264062E+3	7,959896E-1	2,264062E+3	-1,954365E-1	2,264062E+3	7,773838E-1	2,264062E+3	-1,836010E-1	2,264062E+3	7,270085E-1	2,264062E+3	-1,507720E-1	2,264062E+3	6,877344E-1	2,264062E+3	-1,295055E-1	2,264062E+3	6,618819E-1	2,264062E+3	-1,110781E-1
2,265625E+3	8,014213E-1	2,265625E+3	-1,918865E-1	2,265625E+3	8,001917E-1	2,265625E+3	-1,960798E-1	2,265625E+3	7,960627E-1	2,265625E+3	-1,979718E-1	2,265625E+3	7,761920E-1	2,265625E+3	-1,873778E-1	2,265625E+3	7,258799E-1	2,265625E+3	-1,535187E-1	2,265625E+3	6,893687E-1	2,265625E+3	-1,307759E-1	2,265625E+3	6,627523E-1	2,265625E+3	-1,146326E-1
2,267187E+3	8,003510E-1	2,267187E+3	-1,927990E-1	2,267187E+3	7,997565E-1	2,267187E+3	-1,965829E-1	2,267187E+3	7,955116E-1	2,267187E+3	-1,990659E-1	2,267187E+3	7,759799E-1	2,267187E+3	-1,891277E-1	2,267187E+3	7,288953E-1	2,267187E+3	-1,525240E-1	2,267187E+3	6,879781E-1	2,267187E+3	-1,323804E-1	2,267187E+3	6,649187E-1	2,267187E+3	-1,156531E-1
2,268750E+3	8,018110E-1	2,268750E+3	-1,977660E-1	2,268750E+3	8,006166E-1	2,268750E+3	-2,009038E-1	2,268750E+3	7,924218E-1	2,268750E+3	-2,009528E-1	2,268750E+3	7,752453E-1	2,268750E+3	-1,892404E-1	2,268750E+3	7,269823E-1	2,268750E+3	-1,536877E-1	2,268750E+3	6,875340E-1	2,268750E+3	-1,347680E-1	2,268750E+3	6,634373E-1	2,268750E+3	-1,182958E-1
2,270312E+3	7,976734E-1	2,270312E+3	-1,988260E-1	2,270312E+3	7,973230E-1	2,270312E+3	-2,004665E-1	2,270312E+3	7,919199E-1	2,270312E+3	-2,024532E-1	2,270312E+3	7,758868E-1	2,270312E+3	-1,914289E-1	2,270312E+3	7,235231E-1	2,270312E+3	-1,529496E-1	2,270312E+3	6,875788E-1	2,270312E+3	-1,353563E-1	2,270312E+3	6,578867E-1	2,270312E+3	-1,157428E-1
2,271875E+3	7,954216E-1	2,271875E+3	-1,989995E-1	2,271875E+3	7,957500E-1	2,271875E+3	-2,043599E-1	2,271875E+3	7,923561E-1	2,271875E+3	-2,042951E-1	2,271875E+3	7,758353E-1	2,271875E+3	-1,946362E-1	2,271875E+3	7,252202E-1	2,271875E+3	-1,570742E-1	2,271875E+3	6,876602E-1	2,271875E+3	-1,379159E-1	2,271875E+3	6,553501E-1	2,271875E+3	-1,108132E-1
2,273437E+3	7,970495E-1	2,273437E+3	-2,012691E-1	2,273437E+3	7,951462E-1	2,273437E+3	-2,066694E-1	2,273437E+3	7,911592E-1	2,273437E+3	-2,068956E-1	2,273437E+3	7,759215E-1	2,273437E+3	-1,966802E-1	2,273437E+3	7,214760E-1	2,273437E+3	-1,619097E-1	2,273437E+3	6,839726E-1	2,273437E+3	-1,350422E-1	2,273437E+3	6,553193E-1	2,273437E+3	-1,179399E-1
2,275000E+3	7,973707E-1	2,275000E+3	-2,036420E-1	2,275000E+3	7,959004E-1	2,275000E+3	-2,065754E-1	2,275000E+3	7,912643E-1	2,275000E+3	-2,088875E-1	2,275000E+3	7,731729E-1	2,275000E+3	-1,991200E-1	2,275000E+3	7,226619E-1	2,275000E+3	-1,615356E-1	2,275000E+3	6,862583E-1	2,275000E+3	-1,375237E-1	2,275000E+3	6,546671E-1	2,275000E+3	-1,183568E-1
2,276562E+3	7,972613E-1	2,276562E+3	-2,072217E-1	2,276562E+3	7,941652E-1	2,276562E+3	-2,113802E-1	2,276562E+3	7,905099E-1	2,276562E+3	-2,111602E-1	2,276562E+3	7,721860E-1	2,276562E+3	-1,966675E-1	2,276562E+3	7,208231E-1	2,276562E+3	-1,600448E-1	2,276562E+3	6,886808E-1	2,276562E+3	-1,420657E-1	2,276562E+3	6,622396E-1	2,276562E+3	-1,180061E-1
2,278125E+3	7,958396E-1	2,278125E+3	-2,086047E-1	2,278125E+3	7,925898E-1	2,278125E+3	-2,124803E-1	2,278125E+3	7,881966E-1	2,278125E+3	-2,138822E-1	2,278125E+3	7,700463E-1	2,278125E+3	-2,026418E-1	2,278125E+3	7,204484E-1	2,278125E+3	-1,670387E-1	2,278125E+3	6,891737E-1	2,278125E+3	-1,452321E-1	2,278125E+3	6,579724E-1	2,278125E+3	-1,183660E-1
2,279687E+3	7,921793E-1	2,279687E+3	-2,165342E-1	2,279687E+3	7,909146E-1	2,279687E+3	-2,146368E-1	2,279687E+3	7,865373E-1	2,279687E+3	-2,162502E-1	2,279687E+3	7,683330E-1	2,279687E+3	-2,044725E-1	2,279687E+3	7,202312E-1	2,279687E+3	-1,678785E-1	2,279687E+3	6,914567E-1	2,279687E+3	-1,417505E-1	2,279687E+3	6,560904E-1	2,279687E+3	-1,201155E-1
2,281250E+3	7,937421E-1	2,281250E+3	-2,103722E-1	2,281250E+3	7,905667E-1	2,281250E+3	-2,165375E-1	2,281250E+3	7,862710E-1	2,281250E+3	-2,169753E-1	2,281250E+3	7,686444E-1	2,281250E+3	-2,048601E-1	2,281250E+3	7,196463E-1	2,281250E+3	-1,679586E-1	2,281250E+3	6,845886E-1	2,281250E+3	-1,432123E-1	2,281250E+3	6,563113E-1	2,281250E+3	-1,227079E-1
2,282812E+3	7,921451E-1	2,282812E+3	-2,128504E-1	2,282812E+3	7,898654E-1	2,282812E+3	-2,162615E-1	2,282812E+3	7,861181E-1	2,282812E+3	-2,195308E-1	2,282812E+3	7,655024E-1	2,282812E+3	-2,081605E-1	2,282812E+3	7,172725E-1	2,282812E+3	-1,705897E-1	2,282812E+3	6,825469E-1	2,282812E+3	-1,447547E-1	2,282812E+3	6,524236E-1	2,282812E+3	-1,191166E-1
2,284375E+3	7,919563E-1	2,284375E+3	-2,159496E-1	2,284375E+3	7,904537E-1	2,284375E+3	-2,208230E-1	2,284375E+3	7,849365E-1	2,284375E+3	-2,220999E-1	2,284375E+3	7,665625E-1	2,284375E+3	-2,085639E-1	2,284375E+3	7,184180E-1	2,284375E+3	-1,747079E-1	2,284375E+3	6,814859E-1	2,284375E+3	-1,433662E-1	2,284375E+3	6,575219E-1	2,284375E+3	-1,224947E-1
2,285937E+3	7,943891E-1	2,285937E+3	-2,184385E-1	2,285937E+3	7,888933E-1	2,285937E+3	-2,229466E-1	2,285937E+3	7,825237E-1	2,285937E+3	-2,233152E-1	2,285937E+3	7,655961E-1	2,285937E+3	-2,105121E-1	2,285937E+3	7,215058E-1	2,285937E+3	-1,795871E-1	2,285937E+3	6,806928E-1	2,285937E+3	-1,442889E-1	2,285937E+3	6,564495E-1	2,285937E+3	-1,276202E-1
2,287500E+3	7,890326E-1	2,287500E+3	-2,219343E-1	2,287500E+3	7,856303E-1	2,287500E+3	-2,259874E-1	2,287500E+3	7,813169E-1	2,287500E+3	-2,258350E-1	2,287500E+3	7,627401E-1	2,287500E+3	-2,116602E-1	2,287500E+3	7,172822E-1	2,287500E+3	-1,778679E-1	2,287500E+3	6,823435E-1	2,287500E+3	-1,452877E-1	2,287500E+3	6,560389E-1	2,287500E+3	-1,276889E-1
2,289062E+3	7,867862E-1	2,289062E+3	-2,234850E-1	2,289062E+3	7,861132E-1	2,289062E+3	-2,263105E-1	2,289062E+3	7,805535E-1	2,289062E+3	-2,275679E-1	2,289062E+3	7,640648E-1	2,289062E+3	-2,168899E-1	2,289062E+3	7,160771E-1	2,289062E+3	-1,764277E-1	2,289062E+3	6,809819E-1	2,289062E+3	-1,420606E-1	2,289062E+3	6,558159E-1	2,289062E+3	-1,274897E-1
2,290625E+3	7,867745E-1	2,290625E+3	-2,257103E-1	2,290625E+3	7,840934E-1	2,290625E+3	-2,299964E-1	2,290625E+3	7,785071E-1	2,290625E+3	-2,297229E-1	2,290625E+3	7,618612E-1	2,290625E+3	-2,168796E-1	2,290625E+3	7,140954E-1	2,290625E+3	-1,762156E-1	2,290625E+3	6,732324E-1	2,290625E+3	-1,452787E-1	2,290625E+3	6,523791E-1	2,290625E+3	-1,234214E-1
2,292187E+3	7,872421E-1	2,292187E+3	-2,280193E-1	2,292187E+3	7,853113E-1	2,292187E+3	-2,308358E-1	2,292187E+3	7,790002E-1	2,292187E+3	-2,314688E-1	2,292187E+3	7,585379E-1	2,292187E+3	-2,186816E-1	2,292187E+3	7,147638E-1	2,292187E+3	-1,793092E-1	2,292187E+3	6,720336E-1	2,292187E+3	-1,471928E-1	2,292187E+3	6,518126E-1	2,292187E+3	-1,289335E-1
2,293750E+3	7,806782E-1	2,293750E+3	-2,312070E-1	2,293750E+3	7,831355E-1	2,293750E+3	-2,323369E-1	2,293750E+3	7,781314E-1	2,293750E+3	-2,348270E-1	2,293750E+3	7,608948E-1	2,293750E+3	-2,214849E-1	2,293750E+3	7,119689E-1	2,293750E+3	-1,818406E-1	2,293750E+3	6,778297E-1	2,293750E+3	-1,514566E-1	2,293750E+3	6,531655E-1	2,293750E+3	-1,292200E-1
2,295312E+3	7,794116E-1	2,295312E+3	-2,301549E-1	2,295312E+3	7,810685E-1	2,295312E+3	-2,375495E-1	2,295312E+3	7,758874E-1	2,295312E+3	-2,362541E-1	2,295312E+3	7,581641E-1	2,295312E+3	-2,243942E-1	2,295312E+3	7,117661E-1	2,295312E+3	-1,880289E-1	2,295312E+3	6,784186E-1	2,295312E+3	-1,535446E-1	2,295312E+3	6,525244E-1	2,295312E+3	-1,296596E-1
2,296875E+3	7,786816E-1	2,296875E+3	-2,372699E-1	2,296875E+3	7,809624E-1	2,296875E+3	-2,387609E-1	2,296875E+3	7,756815E-1	2,296875E+3	-2,379028E-1	2,296875E+3	7,559534E-1	2,296875E+3	-2,254881E-1	2,296875E+3	7,128960E-1	2,296875E+3	-1,823751E-1	2,296875E+3	6,802290E-1	2,296875E+3	-1,512665E-1	2,296875E+3	6,565605E-1	2,296875E+3	-1,298785E-1
2,298437E+3	7,846118E-1	2,298437E+3	-2,357633E-1	2,298437E+3	7,791031E-1	2,298437E+3	-2,400528E-1	2,298437E+3	7,733798E-1	2,298437E+3	-2,420561E-1	2,298437E+3	7,565640E-1	2,298437E+3	-2,276067E-1	2,298437E+3	7,122928E-1	2,298437E+3	-1,795662E-1	2,298437E+3	6,801281E-1	2,298437E+3	-1,532694E-1	2,298437E+3	6,520955E-1	2,298437E+3	-1,314086E-1
2,300000E+3	7,797497E-1	2,300000E+3	-2,385230E-1	2,300000E+3	7,790424E-1	2,300000E+3	-2,403600E-1	2,300000E+3	7,717497E-1	2,300000E+3	-2,422454E-1	2,300000E+3	7,555595E-1	2,300000E+3	-2,283002E-1	2,300000E+3	7,098477E-1	2,300000E+3	-1,841732E-1	2,300000E+3	6,760485E-1	2,300000E+3	-1,589611E-1	2,300000E+3	6,512686E-1	2,300000E+3	-1,331167E-1
2,301562E+3	7,796851E-1	2,301562E+3	-2,415489E-1	2,301562E+3	7,770955E-1	2,301562E+3	-2,423728E-1	2,301562E+3	7,701638E-1	2,301562E+3	-2,419341E-1	2,301562E+3	7,542934E-1	2,301562E+3	-2,308456E-1	2,301562E+3	7,077863E-1	2,301562E+3	-1,855586E-1	2,301562E+3	6,702780E-1	2,301562E+3	-1,572969E-1	2,301562E+3	6,556482E-1	2,301562E+3	-1,343473E-1
2,303125E+3	7,793415E-1	2,303125E+3	-2,411136E-1	2,303125E+3	7,764658E-1	2,303125E+3	-2,449001E-1	2,303125E+3	7,684491E-1	2,303125E+3	-2,470604E-1	2,303125E+3	7,534884E-1	2,303125E+3	-2,333401E-1	2,303125E+3	7,115528E-1	2,303125E+3	-1,865760E-1	2,303125E+3	6,715378E-1	2,303125E+3	-1,602139E-1	2,303125E+3	6,611554E-1	2,303125E+3	-1,373512E-1
2,304687E+3	7,772961E-1	2,304687E+3	-2,403649E-1	2,304687E+3	7,749615E-1	2,304687E+3	-2,480954E-1	2,304687E+3	7,697059E-1	2,304687E+3	-2,475826E-1	2,304687E+3	7,512144E-1	2,304687E+3	-2,350996E-1	2,304687E+3	7,107302E-1	2,304687E+3	-1,919467E-1	2,304687E+3	6,711204E-1	2,304687E+3	-1,618073E-1	2,304687E+3	6,515628E-1	2,304687E+3	-1,388231E-1
2,306250E+3	7,764864E-1	2,306250E+3	-2,446149E-1	2,306250E+3	7,739652E-1	2,306250E+3	-2,489783E-1	2,306250E+3	7,687241E-1	2,306250E+3	-2,491959E-1	2,306250E+3	7,509997E-1	2,306250E+3	-2,371217E-1	2,306250E+3	7,094999E-1	2,306250E+3	-1,928178E-1	2,306250E+3	6,711219E-1	2,306250E+3	-1,576878E-1	2,306250E+3	6,478588E-1	2,306250E+3	-1,376440E-1
2,307812E+3	7,781100E-1	2,307812E+3	-2,471292E-1	2,307812E+3	7,709781E-1	2,307812E+3	-2,515145E-1	2,307812E+3	7,674055E-1	2,307812E+3	-2,539294E-1	2,307812E+3	7,501545E-1	2,307812E+3	-2,365232E-1	2,307812E+3	7,056251E-1	2,307812E+3	-1,969152E-1	2,307812E+3	6,725098E-1	2,307812E+3	-1,560283E-1	2,307812E+3	6,528505E-1	2,307812E+3	-1,385094E-1
2,309375E+3	7,764015E-1	2,309375E+3	-2,503312E-1	2,309375E+3	7,709243E-1	2,309375E+3	-2,531671E-1	2,309375E+3	7,649891E-1	2,309375E+3	-2,546985E-1	2,309375E+3	7,462692E-1	2,309375E+3	-2,394519E-1	2,309375E+3	7,021956E-1	2,309375E+3	-1,985738E-1	2,309375E+3	6,715955E-1	2,309375E+3	-1,636983E-1	2,309375E+3	6,520585E-1	2,309375E+3	-1,311566E-1
2,310937E+3	7,723660E-1	2,310937E+3	-2,521989E-1	2,310937E+3	7,703021E-1	2,310937E+3	-2,544239E-1	2,310937E+3	7,635783E-1	2,310937E+3	-2,550273E-1	2,310937E+3	7,457858E-1	2,310937E+3	-2,414089E-1	2,310937E+3	7,008111E-1	2,310937E+3	-1,969265E-1	2,310937E+3	6,682362E-1	2,310937E+3	-1,609749E-1	2,310937E+3	6,504367E-1	2,310937E+3	-1,310889E-1
2,312500E+3	7,719756E-1	2,312500E+3	-2,506035E-1	2,312500E+3	7,670696E-1	2,312500E+3	-2,573963E-1	2,312500E+3	7,630975E-1	2,312500E+3	-2,573811E-1	2,312500E+3	7,456552E-1	2,312500E+3	-2,412371E-1	2,312500E+3	6,991827E-1	2,312500E+3	-1,972015E-1	2,312500E+3	6,695090E-1	2,312500E+3	-1,645021E-1	2,312500E+3	6,514153E-1	2,312500E+3	-1,343451E-1
2,314062E+3	7,716168E-1	2,314062E+3	-2,564774E-1	2,314062E+3	7,663557E-1	2,314062E+3	-2,593150E-1	2,314062E+3	7,625245E-1	2,314062E+3	-2,611443E-1	2,314062E+3	7,436150E-1	2,314062E+3	-2,465843E-1	2,314062E+3	6,986177E-1	2,314062E+3	-1,985782E-1	2,314062E+3	6,728102E-1	2,314062E+3	-1,577964E-1	2,314062E+3	6,519253E-1	2,314062E+3	-1,373988E-1
2,315625E+3	7,680847E-1	2,315625E+3	-2,585493E-1	2,315625E+3	7,644552E-1	2,315625E+3	-2,629582E-1	2,315625E+3	7,602881E-1	2,315625E+3	-2,641598E-1	2,315625E+3	7,430458E-1	2,315625E+3	-2,475736E-1	2,315625E+3	7,040855E-1	2,315625E+3	-2,002033E-1	2,315625E+3	6,693311E-1	2,315625E+3	-1,646770E-1	2,315625E+3	6,428539E-1	2,315625E+3	-1,427994E-1
2,317187E+3	7,661359E-1	2,317187E+3	-2,629389E-1	2,317187E+3	7,627921E-1	2,317187E+3	-2,644075E-1	2,317187E+3	7,566257E-1	2,317187E+3	-2,640457E-1	2,317187E+3	7,429173E-1	2,317187E+3	-2,493352E-1	2,317187E+3	7,056393E-1	2,317187E+3	-1,996664E-1	2,317187E+3	6,701751E-1	2,317187E+3	-1,694604E-1	2,317187E+3	6,346517E-1	2,317187E+3	-1,384670E-1
2,318750E+3	7,677930E-1	2,318750E+3	-2,610522E-1	2,318750E+3	7,619417E-1	2,318750E+3	-2,649939E-1	2,318750E+3	7,567463E-1	2,318750E+3	-2,673112E-1	2,318750E+3	7,403113E-1	2,318750E+3	-2,525785E-1	2,318750E+3	7,010070E-1	2,318750E+3	-2,020799E-1	2,318750E+3	6,685666E-1	2,318750E+3	-1,661437E-1	2,318750E+3	6,358712E-1	2,318750E+3	-1,361888E-1
2,320312E+3	7,687484E-1	2,320312E+3	-2,668223E-1	2,320312E+3	7,615710E-1	2,320312E+3	-2,704699E-1	2,320312E+3	7,550729E-1	2,320312E+3	-2,685856E-1	2,320312E+3	7,386203E-1	2,320312E+3	-2,533218E-1	2,320312E+3	6,998938E-1	2,320312E+3	-2,017073E-1	2,320312E+3	6,597538E-1	2,320312E+3	-1,691926E-1	2,320312E+3	6,431382E-1	2,320312E+3	-1,455347E-1
2,321875E+3	7,608534E-1	2,321875E+3	-2,694831E-1	2,321875E+3	7,597252E-1	2,321875E+3	-2,710107E-1	2,321875E+3	7,530108E-1	2,321875E+3	-2,713107E-1	2,321875E+3	7,361285E-1	2,321875E+3	-2,545242E-1	2,321875E+3	6,966336E-1	2,321875E+3	-2,067570E-1	2,321875E+3	6,635049E-1	2,321875E+3	-1,663949E-1	2,321875E+3	6,451017E-1	2,321875E+3	-1,491086E-1
2,323437E+3	7,570197E-1	2,323437E+3	-2,679568E-1	2,323437E+3	7,576495E-1	2,323437E+3	-2,711410E-1	2,323437E+3	7,509464E-1	2,323437E+3	-2,713341E-1	2,323437E+3	7,346560E-1	2,323437E+3	-2,561477E-1	2,323437E+3	6,934502E-1	2,323437E+3	-2,108949E-1	2,323437E+3	6,640767E-1	2,323437E+3	-1,669143E-1	2,323437E+3	6,430617E-1	2,323437E+3	-1,410238E-1
2,325000E+3	7,578988E-1	2,325000E+3	-2,671458E-1	2,325000E+3	7,573258E-1	2,325000E+3	-2,727049E-1	2,325000E+3	7,497704E-1	2,325000E+3	-2,734183E-1	2,325000E+3	7,341569E-1	2,325000E+3	-2,602782E-1	2,325000E+3	6,953322E-1	2,325000E+3	-2,032495E-1	2,325000E+3	6,624229E-1	2,325000E+3	-1,697351E-1	2,325000E+3	6,437015E-1	2,325000E+3	-1,399220E-1
2,326562E+3	7,589705E-1	2,326562E+3	-2,702124E-1	2,326562E+3	7,551191E-1	2,326562E+3	-2,756308E-1	2,326562E+3	7,493135E-1	2,326562E+3	-2,741201E-1	2,326562E+3	7,339007E-1	2,326562E+3	-2,607583E-1	2,326562E+3	6,921830E-1	2,326562E+3	-2,013241E-1	2,326562E+3	6,638151E-1	2,326562E+3	-1,713084E-1	2,326562E+3	6,446203E-1	2,326562E+3	-1,400569E-1
2,328125E+3	7,568031E-1	2,328125E+3	-2,771861E-1	2,328125E+3	7,538370E-1	2,328125E+3	-2,783134E-1	2,328125E+3	7,462124E-1	2,328125E+3	-2,790072E-1	2,328125E+3	7,317321E-1	2,328125E+3	-2,629847E-1	2,328125E+3	6,900636E-1	2,328125E+3	-2,083203E-1	2,328125E+3	6,599079E-1	2,328125E+3	-1,709394E-1	2,328125E+3	6,424120E-1	2,328125E+3	-1,370983E-1
2,329687E+3	7,565622E-1	2,329687E+3	-2,742110E-1	2,329687E+3	7,512098E-1	2,329687E+3	-2,794940E-1	2,329687E+3	7,455463E-1	2,329687E+3	-2,777505E-1	2,329687E+3	7,299889E-1	2,329687E+3	-2,656524E-1	2,329687E+3	6,871592E-1	2,329687E+3	-2,118013E-1	2,329687E+3	6,597165E-1	2,329687E+3	-1,710934E-1	2,329687E+3	6,310923E-1	2,329687E+3	-1,428237E-1
2,331250E+3	7,511890E-1	2,331250E+3	-2,777435E-1	2,331250E+3	7,516626E-1	2,331250E+3	-2,818794E-1	2,331250E+3	7,452125E-1	2,331250E+3	-2,841078E-1	2,331250E+3	7,283793E-1	2,331250E+3	-2,674237E-1	2,331250E+3	6,846974E-1	2,331250E+3	-2,191758E-1	2,331250E+3	6,609449E-1	2,331250E+3	-1,731834E-1	2,331250E+3	6,358661E-1	2,331250E+3	-1,444779E-1
2,332812E+3	7,492065E-1	2,332812E+3	-2,804092E-1	2,332812E+3	7,485683E-1	2,332812E+3	-2,861264E-1	2,332812E+3	7,437757E-1	2,332812E+3	-2,855403E-1	2,332812E+3	7,253431E-1	2,332812E+3	-2,669924E-1	2,332812E+3	6,835836E-1	2,332812E+3	-2,180865E-1	2,332812E+3	6,602979E-1	2,332812E+3	-1,727242E-1	2,332812E+3	6,423457E-1	2,332812E+3	-1,424068E-1
2,334375E+3	7,481381E-1	2,334375E+3	-2,824306E-1	2,334375E+3	7,450652E-1	2,334375E+3	-2,853932E-1	2,334375E+3	7,417089E-1	2,334375E+3	-2,858327E-1	2,334375E+3	7,240483E-1	2,334375E+3	-2,706602E-1	2,334375E+3	6,852750E-1	2,334375E+3	-2,159839E-1	2,334375E+3	6,556055E-1	2,334375E+3	-1,734683E-1	2,334375E+3	6,408496E-1	2,334375E+3	-1,414488E-1
2,335937E+3	7,518267E-1	2,335937E+3	-2,829036E-1	2,335937E+3	7,447721E-1	2,335937E+3	-2,878054E-1	2,335937E+3	7,411057E-1	2,335937E+3	-2,864514E-1	2,335937E+3	7,233691E-1	2,335937E+3	-2,722170E-1	2,335937E+3	6,809115E-1	2,335937E+3	-2,147693E-1	2,335937E+3	6,546377E-1	2,335937E+3	-1,797671E-1	2,335937E+3	6,445520E-1	2,335937E+3	-1,460838E-1
2,337500E+3	7,478157E-1	2,337500E+3	-2,882092E-1	2,337500E+3	7,405190E-1	2,337500E+3	-2,913985E-1	2,337500E+3	7,375835E-1	2,337500E+3	-2,901340E-1	2,337500E+3	7,223247E-1	2,337500E+3	-2,719208E-1	2,337500E+3	6,816702E-1	2,337500E+3	-2,204342E-1	2,337500E+3	6,551452E-1	2,337500E+3	-1,766702E-1	2,337500E+3	6,385869E-1	2,337500E+3	-1,436722E-1
2,339062E+3	7,375154E-1	2,339062E+3	-2,988494E-1	2,339062E+3	7,391671E-1	2,339062E+3	-2,918155E-1	2,339062E+3	7,345463E-1	2,339062E+3	-2,919602E-1	2,339062E+3	7,200865E-1	2,339062E+3	-2,742099E-1	2,339062E+3	6,828704E-1	2,339062E+3	-2,205897E-1	2,339062E+3	6,488190E-1	2,339062E+3	-1,742780E-1	2,339062E+3	6,328701E-1	2,339062E+3	-1,504247E-1
2,340625E+3	7,412317E-1	2,340625E+3	-2,899815E-1	2,340625E+3	7,391363E-1	2,340625E+3	-2,932286E-1	2,340625E+3	7,342890E-1	2,340625E+3	-2,927487E-1	2,340625E+3	7,182164E-1	2,340625E+3	-2,739624E-1	2,340625E+3	6,808357E-1	2,340625E+3	-2,200752E-1	2,340625E+3	6,539021E-1	2,340625E+3	-1,799958E-1	2,340625E+3	6,283819E-1	2,340625E+3	-1,481721E-1
2,342187E+3	7,457198E-1	2,342187E+3	-2,820342E-1	2,342187E+3	7,398887E-1	2,342187E+3	-2,921932E-1	2,342187E+3	7,336457E-1	2,342187E+3	-2,955659E-1	2,342187E+3	7,166721E-1	2,342187E+3	-2,772642E-1	2,342187E+3	6,801812E-1	2,342187E+3	-2,229893E-1	2,342187E+3	6,575504E-1	2,342187E+3	-1,835939E-1	2,342187E+3	6,356770E-1	2,342187E+3	-1,388136E-1
2,343750E+3	7,408550E-1	2,343750E+3	-2,943119E-1	2,343750E+3	7,369781E-1	2,343750E+3	-2,969650E-1	2,343750E+3	7,305443E-1	2,343750E+3	-2,966881E-1	2,343750E+3	7,162526E-1	2,343750E+3	-2,785289E-1	2,343750E+3	6,802293E-1	2,343750E+3	-2,208867E-1	2,343750E+3	6,536404E-1	2,343750E+3	-1,821663E-1	2,343750E+3	6,371258E-1	2,343750E+3	-1,387476E-1
2,345312E+3	7,378491E-1	2,345312E+3	-2,962142E-1	2,345312E+3	7,344474E-1	2,345312E+3	-3,002267E-1	2,345312E+3	7,283129E-1	2,345312E+3	-2,986876E-1	2,345312E+3	7,142227E-1	2,345312E+3	-2,830907E-1	2,345312E+3	6,760947E-1	2,345312E+3	-2,233977E-1	2,345312E+3	6,548660E-1	2,345312E+3	-1,804990E-1	2,345312E+3	6,352061E-1	2,345312E+3	-1,491310E-1
2,346875E+3	7,382946E-1	2,346875E+3	-2,979260E-1	2,346875E+3	7,326363E-1	2,346875E+3	-3,002673E-1	2,346875E+3	7,268582E-1	2,346875E+3	-3,002055E-1	2,346875E+3	7,128172E-1	2,346875E+3	-2,856715E-1	2,346875E+3	6,802190E-1	2,346875E+3	-2,271956E-1	2,346875E+3	6,519740E-1	2,346875E+3	-1,848264E-1	2,346875E+3	6,402331E-1	2,346875E+3	-1,477020E-1
2,348437E+3	7,378254E-1	2,348437E+3	-2,987185E-1	2,348437E+3	7,302761E-1	2,348437E+3	-3,021025E-1	2,348437E+3	7,256350E-1	2,348437E+3	-3,001716E-1	2,348437E+3	7,080138E-1	2,348437E+3	-2,858984E-1	2,348437E+3	6,754262E-1	2,348437E+3	-2,268836E-1	2,348437E+3	6,469676E-1	2,348437E+3	-1,810452E-1	2,348437E+3	6,371905E-1	2,348437E+3	-1,491246E-1
2,350000E+3	7,368536E-1	2,350000E+3	-3,005777E-1	2,350000E+3	7,279378E-1	2,350000E+3	-3,050204E-1	2,350000E+3	7,243517E-1	2,350000E+3	-3,041674E-1	2,350000E+3	7,085162E-1	2,350000E+3	-2,844048E-1	2,350000E+3	6,726035E-1	2,350000E+3	-2,295909E-1	2,350000E+3	6,437657E-1	2,350000E+3	-1,775620E-1	2,350000E+3	6,312326E-1	2,350000E+3	-1,484554E-1
2,351562E+3	7,339658E-1	2,351562E+3	-3,034798E-1	2,351562E+3	7,261257E-1	2,351562E+3	-3,048824E-1	2,351562E+3	7,222554E-1	2,351562E+3	-3,071894E-1	2,351562E+3	7,062838E-1	2,351562E+3	-2,892954E-1	2,351562E+3	6,724074E-1	2,351562E+3	-2,315336E-1	2,351562E+3	6,457442E-1	2,351562E+3	-1,871434E-1	2,351562E+3	6,234588E-1	2,351562E+3	-1,521571E-1
2,353125E+3	7,288700E-1	2,353125E+3	-3,048524E-1	2,353125E+3	7,248616E-1	2,353125E+3	-3,069711E-1	2,353125E+3	7,200368E-1	2,353125E+3	-3,090764E-1	2,353125E+3	7,038530E-1	2,353125E+3	-2,882624E-1	2,353125E+3	6,706066E-1	2,353125E+3	-2,328757E-1	2,353125E+3	6,415298E-1	2,353125E+3	-1,884630E-1	2,353125E+3	6,241882E-1	2,353125E+3	-1,547229E-1
2,354687E+3	7,247928E-1	2,354687E+3	-3,064247E-1	2,354687E+3	7,212053E-1	2,354687E+3	-3,128435E-1	2,354687E+3	7,182678E-1	2,354687E+3	-3,119963E-1	2,354687E+3	7,029008E-1	2,354687E+3	-2,899316E-1	2,354687E+3	6,701222E-1	2,354687E+3	-2,331062E-1	2,354687E+3	6,387074E-1	2,354687E+3	-1,911444E-1	2,354687E+3	6,291507E-1	2,354687E+3	-1,544876E-1
2,356250E+3	7,237827E-1	2,356250E+3	-3,097754E-1	2,356250E+3	7,228070E-1	2,356250E+3	-3,103687E-1	2,356250E+3	7,161690E-1	2,356250E+3	-3,120559E-1	2,356250E+3	7,004896E-1	2,356250E+3	-2,951713E-1	2,356250E+3	6,662838E-1	2,356250E+3	-2,349504E-1	2,356250E+3	6,412211E-1	2,356250E+3	-1,889242E-1	2,356250E+3	6,229251E-1	2,356250E+3	-1,538268E-1
2,357812E+3	7,233206E-1	2,357812E+3	-3,107355E-1	2,357812E+3	7,191265E-1	2,357812E+3	-3,141220E-1	2,357812E+3	7,146365E-1	2,357812E+3	-3,132986E-1	2,357812E+3	7,012486E-1	2,357812E+3	-2,946263E-1	2,357812E+3	6,659232E-1	2,357812E+3	-2,368111E-1	2,357812E+3	6,445926E-1	2,357812E+3	-1,898556E-1	2,357812E+3	6,291982E-1	2,357812E+3	-1,454496E-1
2,359375E+3	7,206739E-1	2,359375E+3	-3,116280E-1	2,359375E+3	7,179991E-1	2,359375E+3	-3,161926E-1	2,359375E+3	7,128669E-1	2,359375E+3	-3,156407E-1	2,359375E+3	6,973323E-1	2,359375E+3	-2,980061E-1	2,359375E+3	6,628597E-1	2,359375E+3	-2,356061E-1	2,359375E+3	6,398009E-1	2,359375E+3	-1,906188E-1	2,359375E+3	6,215757E-1	2,359375E+3	-1,510477E-1
2,360937E+3	7,184450E-1	2,360937E+3	-3,142689E-1	2,360937E+3	7,150238E-1	2,360937E+3	-3,166246E-1	2,360937E+3	7,123553E-1	2,360937E+3	-3,157639E-1	2,360937E+3	6,959909E-1	2,360937E+3	-2,961711E-1	2,360937E+3	6,577316E-1	2,360937E+3	-2,361724E-1	2,360937E+3	6,379376E-1	2,360937E+3	-1,877724E-1	2,360937E+3	6,186917E-1	2,360937E+3	-1,512593E-1
2,362500E+3	7,185248E-1	2,362500E+3	-3,166284E-1	2,362500E+3	7,150484E-1	2,362500E+3	-3,176758E-1	2,362500E+3	7,093460E-1	2,362500E+3	-3,189832E-1	2,362500E+3	6,927414E-1	2,362500E+3	-2,987516E-1	2,362500E+3	6,608700E-1	2,362500E+3	-2,412303E-1	2,362500E+3	6,391467E-1	2,362500E+3	-1,909573E-1	2,362500E+3	6,250756E-1	2,362500E+3	-1,482522E-1
2,364062E+3	7,155846E-1	2,364062E+3	-3,197430E-1	2,364062E+3	7,110605E-1	2,364062E+3	-3,235851E-1	2,364062E+3	7,070780E-1	2,364062E+3	-3,216275E-1	2,364062E+3	6,926059E-1	2,364062E+3	-3,004399E-1	2,364062E+3	6,606770E-1	2,364062E+3	-2,370640E-1	2,364062E+3	6,340968E-1	2,364062E+3	-1,966111E-1	2,364062E+3	6,256887E-1	2,364062E+3	-1,525457E-1
2,365625E+3	7,123849E-1	2,365625E+3	-3,175737E-1	2,365625E+3	7,126680E-1	2,365625E+3	-3,240082E-1	2,365625E+3	7,055092E-1	2,365625E+3	-3,233192E-1	2,365625E+3	6,902297E-1	2,365625E+3	-3,024184E-1	2,365625E+3	6,601854E-1	2,365625E+3	-2,386552E-1	2,365625E+3	6,364281E-1	2,365625E+3	-1,920029E-1	2,365625E+3	6,264892E-1	2,365625E+3	-1,542613E-1
2,367187E+3	7,096199E-1	2,367187E+3	-3,199070E-1	2,367187E+3	7,109143E-1	2,367187E+3	-3,262309E-1	2,367187E+3	7,027179E-1	2,367187E+3	-3,257387E-1	2,367187E+3	6,905756E-1	2,367187E+3	-3,051296E-1	2,367187E+3	6,622964E-1	2,367187E+3	-2,441975E-1	2,367187E+3	6,363193E-1	2,367187E+3	-1,889930E-1	2,367187E+3	6,252366E-1	2,367187E+3	-1,585561E-1
2,368750E+3	7,065886E-1	2,368750E+3	-3,216705E-1	2,368750E+3	7,078748E-1	2,368750E+3	-3,259039E-1	2,368750E+3	6,992928E-1	2,368750E+3	-3,246756E-1	2,368750E+3	6,876284E-1	2,368750E+3	-3,071389E-1	2,368750E+3	6,588255E-1	2,368750E+3	-2,411931E-1	2,368750E+3	6,405688E-1	2,368750E+3	-1,926710E-1	2,368750E+3	6,178219E-1	2,368750E+3	-1,543339E-1
2,370312E+3	7,057463E-1	2,370312E+3	-3,242354E-1	2,370312E+3	7,014304E-1	2,370312E+3	-3,305240E-1	2,370312E+3	6,984713E-1	2,370312E+3	-3,268055E-1	2,370312E+3	6,853455E-1	2,370312E+3	-3,085940E-1	2,370312E+3	6,551218E-1	2,370312E+3	-2,423306E-1	2,370312E+3	6,425699E-1	2,370312E+3	-1,923528E-1	2,370312E+3	6,161769E-1	2,370312E+3	-1,494515E-1
2,371875E+3	7,061454E-1	2,371875E+3	-3,259001E-1	2,371875E+3	7,012399E-1	2,371875E+3	-3,297863E-1	2,371875E+3	6,959308E-1	2,371875E+3	-3,299950E-1	2,371875E+3	6,834936E-1	2,371875E+3	-3,090592E-1	2,371875E+3	6,481424E-1	2,371875E+3	-2,450310E-1	2,371875E+3	6,357078E-1	2,371875E+3	-1,950148E-1	2,371875E+3	6,238950E-1	2,371875E+3	-1,540734E-1
2,373437E+3	7,058371E-1	2,373437E+3	-3,257706E-1	2,373437E+3	6,984857E-1	2,373437E+3	-3,320798E-1	2,373437E+3	6,931785E-1	2,373437E+3	-3,288715E-1	2,373437E+3	6,796029E-1	2,373437E+3	-3,124567E-1	2,373437E+3	6,509093E-1	2,373437E+3	-2,410749E-1	2,373437E+3	6,333210E-1	2,373437E+3	-1,961720E-1	2,373437E+3	6,232314E-1	2,373437E+3	-1,578156E-1
2,375000E+3	7,053684E-1	2,375000E+3	-3,309864E-1	2,375000E+3	6,999594E-1	2,375000E+3	-3,328902E-1	2,375000E+3	6,943293E-1	2,375000E+3	-3,324064E-1	2,375000E+3	6,807921E-1	2,375000E+3	-3,121508E-1	2,375000E+3	6,482072E-1	2,375000E+3	-2,397080E-1	2,375000E+3	6,311658E-1	2,375000E+3	-1,980455E-1	2,375000E+3	6,158827E-1	2,375000E+3	-1,527079E-1
2,376562E+3	6,987860E-1	2,376562E+3	-3,328951E-1	2,376562E+3	6,961310E-1	2,376562E+3	-3,346901E-1	2,376562E+3	6,919052E-1	2,376562E+3	-3,346557E-1	2,376562E+3	6,794739E-1	2,376562E+3	-3,140041E-1	2,376562E+3	6,498605E-1	2,376562E+3	-2,452046E-1	2,376562E+3	6,319805E-1	2,376562E+3	-1,947640E-1	2,376562E+3	6,173738E-1	2,376562E+3	-1,483146E-1
2,378125E+3	6,961786E-1	2,378125E+3	-3,331362E-1	2,378125E+3	6,935256E-1	2,378125E+3	-3,372856E-1	2,378125E+3	6,868112E-1	2,378125E+3	-3,359962E-1	2,378125E+3	6,772256E-1	2,378125E+3	-3,141832E-1	2,378125E+3	6,483887E-1	2,378125E+3	-2,497606E-1	2,378125E+3	6,271786E-1	2,378125E+3	-1,967109E-1	2,378125E+3	6,140595E-1	2,378125E+3	-1,509126E-1
2,379687E+3	6,929056E-1	2,379687E+3	-3,354937E-1	2,379687E+3	6,931637E-1	2,379687E+3	-3,389752E-1	2,379687E+3	6,850637E-1	2,379687E+3	-3,365894E-1	2,379687E+3	6,746534E-1	2,379687E+3	-3,150540E-1	2,379687E+3	6,456369E-1	2,379687E+3	-2,496053E-1	2,379687E+3	6,256986E-1	2,379687E+3	-1,960716E-1	2,379687E+3	6,155077E-1	2,379687E+3	-1,553358E-1
2,381250E+3	6,936047E-1	2,381250E+3	-3,340554E-1	2,381250E+3	6,920628E-1	2,381250E+3	-3,384304E-1	2,381250E+3	6,829457E-1	2,381250E+3	-3,390933E-1	2,381250E+3	6,703643E-1	2,381250E+3	-3,180680E-1	2,381250E+3	6,443853E-1	2,381250E+3	-2,512639E-1	2,381250E+3	6,250724E-1	2,381250E+3	-1,962940E-1	2,381250E+3	6,170351E-1	2,381250E+3	-1,554319E-1
2,382812E+3	6,919308E-1	2,382812E+3	-3,377788E-1	2,382812E+3	6,844000E-1	2,382812E+3	-3,423462E-1	2,382812E+3	6,822294E-1	2,382812E+3	-3,406353E-1	2,382812E+3	6,698777E-1	2,382812E+3	-3,176547E-1	2,382812E+3	6,433653E-1	2,382812E+3	-2,484941E-1	2,382812E+3	6,224478E-1	2,382812E+3	-1,928212E-1	2,382812E+3	6,122710E-1	2,382812E+3	-1,539930E-1
2,384375E+3	6,895965E-1	2,384375E+3	-3,416556E-1	2,384375E+3	6,863593E-1	2,384375E+3	-3,430076E-1	2,384375E+3	6,792142E-1	2,384375E+3	-3,410959E-1	2,384375E+3	6,644481E-1	2,384375E+3	-3,207644E-1	2,384375E+3	6,402644E-1	2,384375E+3	-2,497641E-1	2,384375E+3	6,247525E-1	2,384375E+3	-1,984980E-1	2,384375E+3	6,107933E-1	2,384375E+3	-1,573928E-1
2,385937E+3	6,886528E-1	2,385937E+3	-3,379168E-1	2,385937E+3	6,856971E-1	2,385937E+3	-3,421609E-1	2,385937E+3	6,787051E-1	2,385937E+3	-3,399557E-1	2,385937E+3	6,639467E-1	2,385937E+3	-3,178365E-1	2,385937E+3	6,369017E-1	2,385937E+3	-2,490112E-1	2,385937E+3	6,268738E-1	2,385937E+3	-1,972609E-1	2,385937E+3	6,151333E-1	2,385937E+3	-1,567688E-1
2,387500E+3	6,822030E-1	2,387500E+3	-3,402790E-1	2,387500E+3	6,797585E-1	2,387500E+3	-3,468502E-1	2,387500E+3	6,730034E-1	2,387500E+3	-3,468064E-1	2,387500E+3	6,633925E-1	2,387500E+3	-3,237768E-1	2,387500E+3	6,387173E-1	2,387500E+3	-2,486582E-1	2,387500E+3	6,189210E-1	2,387500E+3	-1,966104E-1	2,387500E+3	6,132326E-1	2,387500E+3	-1,556743E-1
2,389062E+3	6,805306E-1	2,389062E+3	-3,442803E-1	2,389062E+3	6,790393E-1	2,389062E+3	-3,480425E-1	2,389062E+3	6,728544E-1	2,389062E+3	-3,459850E-1	2,389062E+3	6,619524E-1	2,389062E+3	-3,257116E-1	2,389062E+3	6,354786E-1	2,389062E+3	-2,484134E-1	2,389062E+3	6,165731E-1	2,389062E+3	-2,001688E-1	2,389062E+3	6,103939E-1	2,389062E+3	-1,630800E-1
2,390625E+3	6,810131E-1	2,390625E+3	-3,447244E-1	2,390625E+3	6,760245E-1	2,390625E+3	-3,484840E-1	2,390625E+3	6,704287E-1	2,390625E+3	-3,469172E-1	2,390625E+3	6,582167E-1	2,390625E+3	-3,268537E-1	2,390625E+3	6,354103E-1	2,390625E+3	-2,532534E-1	2,390625E+3	6,170555E-1	2,390625E+3	-1,978176E-1	2,390625E+3	6,073768E-1	2,390625E+3	-1,599367E-1
2,392187E+3	6,806030E-1	2,392187E+3	-3,470763E-1	2,392187E+3	6,741363E-1	2,392187E+3	-3,490804E-1	2,392187E+3	6,688961E-1	2,392187E+3	-3,489415E-1	2,392187E+3	6,588973E-1	2,392187E+3	-3,260950E-1	2,392187E+3	6,361761E-1	2,392187E+3	-2,562767E-1	2,392187E+3	6,170443E-1	2,392187E+3	-1,972104E-1	2,392187E+3	6,078677E-1	2,392187E+3	-1,567294E-1
2,393750E+3	6,778427E-1	2,393750E+3	-3,468617E-1	2,393750E+3	6,728299E-1	2,393750E+3	-3,525352E-1	2,393750E+3	6,643597E-1	2,393750E+3	-3,511777E-1	2,393750E+3	6,569322E-1	2,393750E+3	-3,278644E-1	2,393750E+3	6,313459E-1	2,393750E+3	-2,573929E-1	2,393750E+3	6,160140E-1	2,393750E+3	-2,019905E-1	2,393750E+3	6,086884E-1	2,393750E+3	-1,541821E-1
2,395312E+3	6,728941E-1	2,395312E+3	-3,489034E-1	2,395312E+3	6,687520E-1	2,395312E+3	-3,511762E-1	2,395312E+3	6,642160E-1	2,395312E+3	-3,531390E-1	2,395312E+3	6,515663E-1	2,395312E+3	-3,304280E-1	2,395312E+3	6,275663E-1	2,395312E+3	-2,598008E-1	2,395312E+3	6,157695E-1	2,395312E+3	-1,994997E-1	2,395312E+3	6,136387E-1	2,395312E+3	-1,538046E-1
2,396875E+3	6,706689E-1	2,396875E+3	-3,498813E-1	2,396875E+3	6,680920E-1	2,396875E+3	-3,537806E-1	2,396875E+3	6,645216E-1	2,396875E+3	-3,525443E-1	2,396875E+3	6,509500E-1	2,396875E+3	-3,304666E-1	2,396875E+3	6,267917E-1	2,396875E+3	-2,569946E-1	2,396875E+3	6,169260E-1	2,396875E+3	-1,992212E-1	2,396875E+3	6,111007E-1	2,396875E+3	-1,546549E-1
2,398437E+3	6,684698E-1	2,398437E+3	-3,557578E-1	2,398437E+3	6,645342E-1	2,398437E+3	-3,560456E-1	2,398437E+3	6,587723E-1	2,398437E+3	-3,542742E-1	2,398437E+3	6,504268E-1	2,398437E+3	-3,330268E-1	2,398437E+3	6,247874E-1	2,398437E+3	-2,567974E-1	2,398437E+3	6,140783E-1	2,398437E+3	-2,028572E-1	2,398437E+3	6,087696E-1	2,398437E+3	-1,533494E-1
2,400000E+3	6,666798E-1	2,400000E+3	-3,571800E-1	2,400000E+3	6,617743E-1	2,400000E+3	-3,597747E-1	2,400000E+3	6,587786E-1	2,400000E+3	-3,555863E-1	2,400000E+3	6,457271E-1	2,400000E+3	-3,352427E-1	2,400000E+3	6,254366E-1	2,400000E+3	-2,576247E-1	2,400000E+3	6,106404E-1	2,400000E+3	-2,017748E-1	2,400000E+3	6,036967E-1	2,400000E+3	-1,537264E-1
2,401562E+3	6,692296E-1	2,401562E+3	-3,489928E-1	2,401562E+3	6,603510E-1	2,401562E+3	-3,589080E-1	2,401562E+3	6,553297E-1	2,401562E+3	-3,571120E-1	2,401562E+3	6,430185E-1	2,401562E+3	-3,335107E-1	2,401562E+3	6,265952E-1	2,401562E+3	-2,585325E-1	2,401562E+3	6,090784E-1	2,401562E+3	-1,991136E-1	2,401562E+3	6,036490E-1	2,401562E+3	-1,555379E-1
2,403125E+3	6,612463E-1	2,403125E+3	-3,548603E-1	2,403125E+3	6,592489E-1	2,403125E+3	-3,591625E-1	2,403125E+3	6,511384E-1	2,403125E+3	-3,597241E-1	2,403125E+3	6,405600E-1	2,403125E+3	-3,347386E-1	2,403125E+3	6,227645E-1	2,403125E+3	-2,582385E-1	2,403125E+3	6,056035E-1	2,403125E+3	-1,987558E-1	2,403125E+3	6,028093E-1	2,403125E+3	-1,551254E-1
2,404687E+3	6,597837E-1	2,404687E+3	-3,606739E-1	2,404687E+3	6,548340E-1	2,404687E+3	-3,616989E-1	2,404687E+3	6,498213E-1	2,404687E+3	-3,599797E-1	2,404687E+3	6,368903E-1	2,404687E+3	-3,369857E-1	2,404687E+3	6,217260E-1	2,404687E+3	-2,611328E-1	2,404687E+3	6,147081E-1	2,404687E+3	-2,059203E-1	2,404687E+3	6,046332E-1	2,404687E+3	-1,532254E-1
2,406250E+3	6,584071E-1	2,406250E+3	-3,585697E-1	2,406250E+3	6,511782E-1	2,406250E+3	-3,634750E-1	2,406250E+3	6,479463E-1	2,406250E+3	-3,614335E-1	2,406250E+3	6,362586E-1	2,406250E+3	-3,376920E-1	2,406250E+3	6,181053E-1	2,406250E+3	-2,622775E-1	2,406250E+3	6,095904E-1	2,406250E+3	-2,084434E-1	2,406250E+3	6,043914E-1	2,406250E+3	-1,599328E-1
2,407812E+3	6,580703E-1	2,407812E+3	-3,602313E-1	2,407812E+3	6,498727E-1	2,407812E+3	-3,658883E-1	2,407812E+3	6,451242E-1	2,407812E+3	-3,645769E-1	2,407812E+3	6,354746E-1	2,407812E+3	-3,396714E-1	2,407812E+3	6,153740E-1	2,407812E+3	-2,636026E-1	2,407812E+3	6,042217E-1	2,407812E+3	-2,054635E-1	2,407812E+3	5,971489E-1	2,407812E+3	-1,550279E-1
2,409375E+3	6,541464E-1	2,409375E+3	-3,623877E-1	2,409375E+3	6,497261E-1	2,409375E+3	-3,643817E-1	2,409375E+3	6,443932E-1	2,409375E+3	-3,640918E-1	2,409375E+3	6,357517E-1	2,409375E+3	-3,391113E-1	2,409375E+3	6,141705E-1	2,409375E+3	-2,643619E-1	2,409375E+3	6,064732E-1	2,409375E+3	-2,075862E-1	2,409375E+3	5,996691E-1	2,409375E+3	-1,552346E-1
2,410937E+3	6,541666E-1	2,410937E+3	-3,604624E-1	2,410937E+3	6,459538E-1	2,410937E+3	-3,668086E-1	2,410937E+3	6,418629E-1	2,410937E+3	-3,671181E-1	2,410937E+3	6,339115E-1	2,410937E+3	-3,398404E-1	2,410937E+3	6,156934E-1	2,410937E+3	-2,599141E-1	2,410937E+3	6,058802E-1	2,410937E+3	-2,069062E-1	2,410937E+3	6,045674E-1	2,410937E+3	-1,557072E-1
2,412500E+3	6,481095E-1	2,412500E+3	-3,597311E-1	2,412500E+3	6,454900E-1	2,412500E+3	-3,673133E-1	2,412500E+3	6,386876E-1	2,412500E+3	-3,685322E-1	2,412500E+3	6,282690E-1	2,412500E+3	-3,419424E-1	2,412500E+3	6,146698E-1	2,412500E+3	-2,626210E-1	2,412500E+3	6,024881E-1	2,412500E+3	-2,027879E-1	2,412500E+3	6,067238E-1	2,412500E+3	-1,598110E-1
2,414062E+3	6,442959E-1	2,414062E+3	-3,654191E-1	2,414062E+3	6,402452E-1	2,414062E+3	-3,690992E-1	2,414062E+3	6,359370E-1	2,414062E+3	-3,692149E-1	2,414062E+3	6,262008E-1	2,414062E+3	-3,478058E-1	2,414062E+3	6,107306E-1	2,414062E+3	-2,641395E-1	2,414062E+3	6,000920E-1	2,414062E+3	-2,036317E-1	2,414062E+3	5,989123E-1	2,414062E+3	-1,667316E-1
2,415625E+3	6,413325E-1	2,415625E+3	-3,713814E-1	2,415625E+3	6,375847E-1	2,415625E+3	-3,725242E-1	2,415625E+3	6,335612E-1	2,415625E+3	-3,706473E-1	2,415625E+3	6,209255E-1	2,415625E+3	-3,460913E-1	2,415625E+3	6,059278E-1	2,415625E+3	-2,683222E-1	2,415625E+3	5,999159E-1	2,415625E+3	-2,076527E-1	2,415625E+3	5,973100E-1	2,415625E+3	-1,590963E-1
2,417187E+3	6,402606E-1	2,417187E+3	-3,684332E-1	2,417187E+3	6,362518E-1	2,417187E+3	-3,756487E-1	2,417187E+3	6,308528E-1	2,417187E+3	-3,719132E-1	2,417187E+3	6,178595E-1	2,417187E+3	-3,453549E-1	2,417187E+3	6,054724E-1	2,417187E+3	-2,656725E-1	2,417187E+3	5,996340E-1	2,417187E+3	-2,095093E-1	2,417187E+3	5,974501E-1	2,417187E+3	-1,537178E-1
2,418750E+3	6,390815E-1	2,418750E+3	-3,713059E-1	2,418750E+3	6,344381E-1	2,418750E+3	-3,733061E-1	2,418750E+3	6,285299E-1	2,418750E+3	-3,733699E-1	2,418750E+3	6,170962E-1	2,418750E+3	-3,484749E-1	2,418750E+3	6,041260E-1	2,418750E+3	-2,711015E-1	2,418750E+3	5,975523E-1	2,418750E+3	-2,106689E-1	2,418750E+3	6,022305E-1	2,418750E+3	-1,573704E-1
2,420312E+3	6,355034E-1	2,420312E+3	-3,721839E-1	2,420312E+3	6,306846E-1	2,420312E+3	-3,765124E-1	2,420312E+3	6,243034E-1	2,420312E+3	-3,760204E-1	2,420312E+3	6,140838E-1	2,420312E+3	-3,468699E-1	2,420312E+3	6,057385E-1	2,420312E+3	-2,701176E-1	2,420312E+3	5,994896E-1	2,420312E+3	-2,111750E-1	2,420312E+3	6,017483E-1	2,420312E+3	-1,610761E-1
2,421875E+3	6,309289E-1	2,421875E+3	-3,706669E-1	2,421875E+3	6,305357E-1	2,421875E+3	-3,790221E-1	2,421875E+3	6,242412E-1	2,421875E+3	-3,757714E-1	2,421875E+3	6,119819E-1	2,421875E+3	-3,495424E-1	2,421875E+3	6,023582E-1	2,421875E+3	-2,700883E-1	2,421875E+3	6,031888E-1	2,421875E+3	-2,022341E-1	2,421875E+3	5,974205E-1	2,421875E+3	-1,645106E-1
2,423437E+3	6,287405E-1	2,423437E+3	-3,729247E-1	2,423437E+3	6,292267E-1	2,423437E+3	-3,788432E-1	2,423437E+3	6,199344E-1	2,423437E+3	-3,767475E-1	2,423437E+3	6,128099E-1	2,423437E+3	-3,501170E-1	2,423437E+3	5,990147E-1	2,423437E+3	-2,711310E-1	2,423437E+3	6,023412E-1	2,423437E+3	-1,959145E-1	2,423437E+3	5,929322E-1	2,423437E+3	-1,597822E-1
2,425000E+3	6,299852E-1	2,425000E+3	-3,752487E-1	2,425000E+3	6,236465E-1	2,425000E+3	-3,816764E-1	2,425000E+3	6,161504E-1	2,425000E+3	-3,785948E-1	2,425000E+3	6,097666E-1	2,425000E+3	-3,500079E-1	2,425000E+3	5,968756E-1	2,425000E+3	-2,720620E-1	2,425000E+3	5,897939E-1	2,425000E+3	-2,137838E-1	2,425000E+3	5,956309E-1	2,425000E+3	-1,548590E-1
2,426562E+3	6,285987E-1	2,426562E+3	-3,763631E-1	2,426562E+3	6,206172E-1	2,426562E+3	-3,816662E-1	2,426562E+3	6,159085E-1	2,426562E+3	-3,773027E-1	2,426562E+3	6,049754E-1	2,426562E+3	-3,542821E-1	2,426562E+3	5,945793E-1	2,426562E+3	-2,723978E-1	2,426562E+3	5,910564E-1	2,426562E+3	-2,093848E-1	2,426562E+3	5,947393E-1	2,426562E+3	-1,558201E-1
2,428125E+3	6,239838E-1	2,428125E+3	-3,805790E-1	2,428125E+3	6,181959E-1	2,428125E+3	-3,831642E-1	2,428125E+3	6,105691E-1	2,428125E+3	-3,805522E-1	2,428125E+3	6,027699E-1	2,428125E+3	-3,551491E-1	2,428125E+3	5,935582E-1	2,428125E+3	-2,731689E-1	2,428125E+3	5,936497E-1	2,428125E+3	-2,046166E-1	2,428125E+3	5,822872E-1	2,428125E+3	-1,575831E-1
2,429687E+3	6,202921E-1	2,429687E+3	-3,821692E-1	2,429687E+3	6,139251E-1	2,429687E+3	-3,831802E-1	2,429687E+3	6,106918E-1	2,429687E+3	-3,820102E-1	2,429687E+3	6,026482E-1	2,429687E+3	-3,547110E-1	2,429687E+3	5,894668E-1	2,429687E+3	-2,738872E-1	2,429687E+3	5,877576E-1	2,429687E+3	-2,040402E-1	2,429687E+3	5,925745E-1	2,429687E+3	-1,566234E-1
2,431250E+3	6,185163E-1	2,431250E+3	-3,842798E-1	2,431250E+3	6,129609E-1	2,431250E+3	-3,849564E-1	2,431250E+3	6,075721E-1	2,431250E+3	-3,837907E-1	2,431250E+3	5,986135E-1	2,431250E+3	-3,575138E-1	2,431250E+3	5,892889E-1	2,431250E+3	-2,743311E-1	2,431250E+3	5,867757E-1	2,431250E+3	-2,137626E-1	2,431250E+3	5,957861E-1	2,431250E+3	-1,572251E-1
2,432812E+3	6,141080E-1	2,432812E+3	-3,875271E-1	2,432812E+3	6,098846E-1	2,432812E+3	-3,896632E-1	2,432812E+3	6,037406E-1	2,432812E+3	-3,857187E-1	2,432812E+3	5,937139E-1	2,432812E+3	-3,597927E-1	2,432812E+3	5,923247E-1	2,432812E+3	-2,735884E-1	2,432812E+3	5,894876E-1	2,432812E+3	-2,080888E-1	2,432812E+3	5,905198E-1	2,432812E+3	-1,572691E-1
2,434375E+3	6,152053E-1	2,434375E+3	-3,841285E-1	2,434375E+3	6,083462E-1	2,434375E+3	-3,889729E-1	2,434375E+3	6,011214E-1	2,434375E+3	-3,854721E-1	2,434375E+3	5,896986E-1	2,434375E+3	-3,612571E-1	2,434375E+3	5,890957E-1	2,434375E+3	-2,740450E-1	2,434375E+3	5,875918E-1	2,434375E+3	-2,057392E-1	2,434375E+3	5,835947E-1	2,434375E+3	-1,644650E-1
2,435937E+3	6,093967E-1	2,435937E+3	-3,846971E-1	2,435937E+3	6,054106E-1	2,435937E+3	-3,895041E-1	2,435937E+3	5,981811E-1	2,435937E+3	-3,873859E-1	2,435937E+3	5,902637E-1	2,435937E+3	-3,576159E-1	2,435937E+3	5,878441E-1	2,435937E+3	-2,775040E-1	2,435937E+3	5,787664E-1	2,435937E+3	-2,066758E-1	2,435937E+3	5,841438E-1	2,435937E+3	-1,659546E-1
2,437500E+3	6,069342E-1	2,437500E+3	-3,893461E-1	2,437500E+3	5,999881E-1	2,437500E+3	-3,921249E-1	2,437500E+3	5,940410E-1	2,437500E+3	-3,892174E-1	2,437500E+3	5,849294E-1	2,437500E+3	-3,601125E-1	2,437500E+3	5,848915E-1	2,437500E+3	-2,777486E-1	2,437500E+3	5,829297E-1	2,437500E+3	-2,092653E-1	2,437500E+3	5,892810E-1	2,437500E+3	-1,593935E-1
2,439062E+3	6,021076E-1	2,439062E+3	-3,869210E-1	2,439062E+3	5,987234E-1	2,439062E+3	-3,937748E-1	2,439062E+3	5,928128E-1	2,439062E+3	-3,891708E-1	2,439062E+3	5,828702E-1	2,439062E+3	-3,611542E-1	2,439062E+3	5,803549E-1	2,439062E+3	-2,731707E-1	2,439062E+3	5,843319E-1	2,439062E+3	-2,121942E-1	2,439062E+3	5,832637E-1	2,439062E+3	-1,581854E-1
2,440625E+3	5,982765E-1	2,440625E+3	-3,897418E-1	2,440625E+3	5,972700E-1	2,440625E+3	-3,963967E-1	2,440625E+3	5,892027E-1	2,440625E+3	-3,912095E-1	2,440625E+3	5,821843E-1	2,440625E+3	-3,633244E-1	2,440625E+3	5,743010E-1	2,440625E+3	-2,734275E-1	2,440625E+3	5,793814E-1	2,440625E+3	-2,137639E-1	2,440625E+3	5,831367E-1	2,440625E+3	-1,666949E-1
2,442187E+3	5,965828E-1	2,442187E+3	-3,922908E-1	2,442187E+3	5,937670E-1	2,442187E+3	-3,973965E-1	2,442187E+3	5,868366E-1	2,442187E+3	-3,941590E-1	2,442187E+3	5,809315E-1	2,442187E+3	-3,613585E-1	2,442187E+3	5,759891E-1	2,442187E+3	-2,763890E-1	2,442187E+3	5,831400E-1	2,442187E+3	-2,075135E-1	2,442187E+3	5,800166E-1	2,442187E+3	-1,657187E-1
2,443750E+3	5,925463E-1	2,443750E+3	-3,932935E-1	2,443750E+3	5,915533E-1	2,443750E+3	-3,966558E-1	2,443750E+3	5,845039E-1	2,443750E+3	-3,932719E-1	2,443750E+3	5,793195E-1	2,443750E+3	-3,632589E-1	2,443750E+3	5,760321E-1	2,443750E+3	-2,795897E-1	2,443750E+3	5,786728E-1	2,443750E+3	-2,062096E-1	2,443750E+3	5,763978E-1	2,443750E+3	-1,637226E-1
2,445312E+3	5,914330E-1	2,445312E+3	-3,943453E-1	2,445312E+3	5,903742E-1	2,445312E+3	-3,970046E-1	2,445312E+3	5,803455E-1	2,445312E+3	-3,962202E-1	2,445312E+3	5,747434E-1	2,445312E+3	-3,673353E-1	2,445312E+3	5,705624E-1	2,445312E+3	-2,845789E-1	2,445312E+3	5,791806E-1	2,445312E+3	-2,139025E-1	2,445312E+3	5,772941E-1	2,445312E+3	-1,628452E-1
2,446875E+3	5,906361E-1	2,446875E+3	-3,939923E-1	2,446875E+3	5,838566E-1	2,446875E+3	-4,003618E-1	2,446875E+3	5,774482E-1	2,446875E+3	-3,970844E-1	2,446875E+3	5,692802E-1	2,446875E+3	-3,705576E-1	2,446875E+3	5,692853E-1	2,446875E+3	-2,821345E-1	2,446875E+3	5,755163E-1	2,446875E+3	-2,169927E-1	2,446875E+3	5,769098E-1	2,446875E+3	-1,601581E-1
2,448437E+3	5,860613E-1	2,448437E+3	-3,948204E-1	2,448437E+3	5,810979E-1	2,448437E+3	-3,978697E-1	2,448437E+3	5,756802E-1	2,448437E+3	-3,962680E-1	2,448437E+3	5,675866E-1	2,448437E+3	-3,665649E-1	2,448437E+3	5,674459E-1	2,448437E+3	-2,788180E-1	2,448437E+3	5,732753E-1	2,448437E+3	-2,127263E-1	2,448437E+3	5,777375E-1	2,448437E+3	-1,503803E-1
2,450000E+3	5,828173E-1	2,450000E+3	-4,007247E-1	2,450000E+3	5,777525E-1	2,450000E+3	-4,022284E-1	2,450000E+3	5,728004E-1	2,450000E+3	-3,984631E-1	2,450000E+3	5,647886E-1	2,450000E+3	-3,701670E-1	2,450000E+3	5,668553E-1	2,450000E+3	-2,835745E-1	2,450000E+3	5,766819E-1	2,450000E+3	-2,100910E-1	2,450000E+3	5,825212E-1	2,450000E+3	-1,512389E-1
2,451562E+3	5,820889E-1	2,451562E+3	-3,999060E-1	2,451562E+3	5,737215E-1	2,451562E+3	-4,057316E-1	2,451562E+3	5,682300E-1	2,451562E+3	-4,002687E-1	2,451562E+3	5,674102E-1	2,451562E+3	-3,730396E-1	2,451562E+3	5,620620E-1	2,451562E+3	-2,839612E-1	2,451562E+3	5,736783E-1	2,451562E+3	-2,153874E-1	2,451562E+3	5,819967E-1	2,451562E+3	-1,503370E-1
2,453125E+3	5,789813E-1	2,453125E+3	-4,028877E-1	2,453125E+3	5,711406E-1	2,453125E+3	-4,068078E-1	2,453125E+3	5,649200E-1	2,453125E+3	-4,012616E-1	2,453125E+3	5,594377E-1	2,453125E+3	-3,742942E-1	2,453125E+3	5,610608E-1	2,453125E+3	-2,805117E-1	2,453125E+3	5,718422E-1	2,453125E+3	-2,192437E-1	2,453125E+3	5,784802E-1	2,453125E+3	-1,575441E-1
2,454687E+3	5,761593E-1	2,454687E+3	-4,022206E-1	2,454687E+3	5,716138E-1	2,454687E+3	-4,054913E-1	2,454687E+3	5,624671E-1	2,454687E+3	-4,035008E-1	2,454687E+3	5,563434E-1	2,454687E+3	-3,749339E-1	2,454687E+3	5,570625E-1	2,454687E+3	-2,872120E-1	2,454687E+3	5,696575E-1	2,454687E+3	-2,219249E-1	2,454687E+3	5,770184E-1	2,454687E+3	-1,543193E-1
2,456250E+3	5,732396E-1	2,456250E+3	-4,031570E-1	2,456250E+3	5,666828E-1	2,456250E+3	-4,087916E-1	2,456250E+3	5,582697E-1	2,456250E+3	-4,040570E-1	2,456250E+3	5,537824E-1	2,456250E+3	-3,744577E-1	2,456250E+3	5,578172E-1	2,456250E+3	-2,823583E-1	2,456250E+3	5,662623E-1	2,456250E+3	-2,194438E-1	2,456250E+3	5,658551E-1	2,456250E+3	-1,560764E-1
2,457812E+3	5,680585E-1	2,457812E+3	-4,075914E-1	2,457812E+3	5,603641E-1	2,457812E+3	-4,104595E-1	2,457812E+3	5,571130E-1	2,457812E+3	-4,043106E-1	2,457812E+3	5,489398E-1	2,457812E+3	-3,769045E-1	2,457812E+3	5,574794E-1	2,457812E+3	-2,804994E-1	2,457812E+3	5,656647E-1	2,457812E+3	-2,152149E-1	2,457812E+3	5,709128E-1	2,457812E+3	-1,650895E-1
2,459375E+3	5,594411E-1	2,459375E+3	-4,138936E-1	2,459375E+3	5,581632E-1	2,459375E+3	-4,084503E-1	2,459375E+3	5,541747E-1	2,459375E+3	-4,071176E-1	2,459375E+3	5,499596E-1	2,459375E+3	-3,756138E-1	2,459375E+3	5,537070E-1	2,459375E+3	-2,799792E-1	2,459375E+3	5,640891E-1	2,459375E+3	-2,175241E-1	2,459375E+3	5,712284E-1	2,459375E+3	-1,579919E-1
2,460937E+3	5,632165E-1	2,460937E+3	-4,062455E-1	2,460937E+3	5,562633E-1	2,460937E+3	-4,069314E-1	2,460937E+3	5,511309E-1	2,460937E+3	-4,057412E-1	2,460937E+3	5,461456E-1	2,460937E+3	-3,770607E-1	2,460937E+3	5,503715E-1	2,460937E+3	-2,823667E-1	2,460937E+3	5,651820E-1	2,460937E+3	-2,171638E-1	2,460937E+3	5,737917E-1	2,460937E+3	-1,545961E-1
2,462500E+3	5,685521E-1	2,462500E+3	-3,996643E-1	2,462500E+3	5,524639E-1	2,462500E+3	-4,098547E-1	2,462500E+3	5,480952E-1	2,462500E+3	-4,073047E-1	2,462500E+3	5,415072E-1	2,462500E+3	-3,767641E-1	2,462500E+3	5,547519E-1	2,462500E+3	-2,868860E-1	2,462500E+3	5,625711E-1	2,462500E+3	-2,147046E-1	2,462500E+3	5,699908E-1	2,462500E+3	-1,610061E-1
2,464062E+3	5,565369E-1	2,464062E+3	-4,092564E-1	2,464062E+3	5,488396E-1	2,464062E+3	-4,120524E-1	2,464062E+3	5,410881E-1	2,464062E+3	-4,100599E-1	2,464062E+3	5,397987E-1	2,464062E+3	-3,752372E-1	2,464062E+3	5,517083E-1	2,464062E+3	-2,857306E-1	2,464062E+3	5,607612E-1	2,464062E+3	-2,189863E-1	2,464062E+3	5,675621E-1	2,464062E+3	-1,647657E-1
2,465625E+3	5,522811E-1	2,465625E+3	-4,074644E-1	2,465625E+3	5,471108E-1	2,465625E+3	-4,117515E-1	2,465625E+3	5,387301E-1	2,465625E+3	-4,097739E-1	2,465625E+3	5,351229E-1	2,465625E+3	-3,779642E-1	2,465625E+3	5,476297E-1	2,465625E+3	-2,810135E-1	2,465625E+3	5,594750E-1	2,465625E+3	-2,145159E-1	2,465625E+3	5,710743E-1	2,465625E+3	-1,582896E-1
2,467187E+3	5,476651E-1	2,467187E+3	-4,090146E-1	2,467187E+3	5,413289E-1	2,467187E+3	-4,132596E-1	2,467187E+3	5,360341E-1	2,467187E+3	-4,107629E-1	2,467187E+3	5,321290E-1	2,467187E+3	-3,742239E-1	2,467187E+3	5,440616E-1	2,467187E+3	-2,853947E-1	2,467187E+3	5,538990E-1	2,467187E+3	-2,149660E-1	2,467187E+3	5,699211E-1	2,467187E+3	-1,623316E-1
2,468750E+3	5,438375E-1	2,468750E+3	-4,093849E-1	2,468750E+3	5,365513E-1	2,468750E+3	-4,152896E-1	2,468750E+3	5,321098E-1	2,468750E+3	-4,110847E-1	2,468750E+3	5,301318E-1	2,468750E+3	-3,801321E-1	2,468750E+3	5,457054E-1	2,468750E+3	-2,855683E-1	2,468750E+3	5,570215E-1	2,468750E+3	-2,173778E-1	2,468750E+3	5,696211E-1	2,468750E+3	-1,664612E-1
2,470312E+3	5,410871E-1	2,470312E+3	-4,102596E-1	2,470312E+3	5,348537E-1	2,470312E+3	-4,152218E-1	2,470312E+3	5,280461E-1	2,470312E+3	-4,117955E-1	2,470312E+3	5,274619E-1	2,470312E+3	-3,814219E-1	2,470312E+3	5,463492E-1	2,470312E+3	-2,867997E-1	2,470312E+3	5,583017E-1	2,470312E+3	-2,181829E-1	2,470312E+3	5,654766E-1	2,470312E+3	-1,639766E-1
2,471875E+3	5,364735E-1	2,471875E+3	-4,106995E-1	2,471875E+3	5,308421E-1	2,471875E+3	-4,163689E-1	2,471875E+3	5,259393E-1	2,471875E+3	-4,125808E-1	2,471875E+3	5,239207E-1	2,471875E+3	-3,816844E-1	2,471875E+3	5,371062E-1	2,471875E+3	-2,863426E-1	2,471875E+3	5,523048E-1	2,471875E+3	-2,199413E-1	2,471875E+3	5,638668E-1	2,471875E+3	-1,662696E-1
2,473437E+3	5,333597E-1	2,473437E+3	-4,124876E-1	2,473437E+3	5,289977E-1	2,473437E+3	-4,156334E-1	2,473437E+3	5,209468E-1	2,473437E+3	-4,129355E-1	2,473437E+3	5,171927E-1	2,473437E+3	-3,803228E-1	2,473437E+3	5,280556E-1	2,473437E+3	-2,918544E-1	2,473437E+3	5,491566E-1	2,473437E+3	-2,238413E-1	2,473437E+3	5,590024E-1	2,473437E+3	-1,646444E-1
2,475000E+3	5,308806E-1	2,475000E+3	-4,126839E-1	2,475000E+3	5,224827E-1	2,475000E+3	-4,190450E-1	2,475000E+3	5,174317E-1	2,475000E+3	-4,123989E-1	2,475000E+3	5,150824E-1	2,475000E+3	-3,806697E-1	2,475000E+3	5,275777E-1	2,475000E+3	-2,883872E-1	2,475000E+3	5,497216E-1	2,475000E+3	-2,220089E-1	2,475000E+3	5,657610E-1	2,475000E+3	-1,683168E-1
2,476562E+3	5,273853E-1	2,476562E+3	-4,173414E-1	2,476562E+3	5,221008E-1	2,476562E+3	-4,191254E-1	2,476562E+3	5,137837E-1	2,476562E+3	-4,147837E-1	2,476562E+3	5,134664E-1	2,476562E+3	-3,813807E-1	2,476562E+3	5,220485E-1	2,476562E+3	-2,854761E-1	2,476562E+3	5,519301E-1	2,476562E+3	-2,156635E-1	2,476562E+3	5,567271E-1	2,476562E+3	-1,681529E-1
2,478125E+3	5,243757E-1	2,478125E+3	-4,183341E-1	2,478125E+3	5,168656E-1	2,478125E+3	-4,205387E-1	2,478125E+3	5,116020E-1	2,478125E+3	-4,140157E-1	2,478125E+3	5,050393E-1	2,478125E+3	-3,843497E-1	2,478125E+3	5,239486E-1	2,478125E+3	-2,891951E-1	2,478125E+3	5,429251E-1	2,478125E+3	-2,147472E-1	2,478125E+3	5,609884E-1	2,478125E+3	-1,655610E-1
2,479687E+3	5,204667E-1	2,479687E+3	-4,168330E-1	2,479687E+3	5,117172E-1	2,479687E+3	-4,196541E-1	2,479687E+3	5,056380E-1	2,479687E+3	-4,140218E-1	2,479687E+3	5,043169E-1	2,479687E+3	-3,824769E-1	2,479687E+3	5,261743E-1	2,479687E+3	-2,902538E-1	2,479687E+3	5,446074E-1	2,479687E+3	-2,175640E-1	2,479687E+3	5,697111E-1	2,479687E+3	-1,667391E-1
2,481250E+3	5,160107E-1	2,481250E+3	-4,165777E-1	2,481250E+3	5,097599E-1	2,481250E+3	-4,201953E-1	2,481250E+3	5,016466E-1	2,481250E+3	-4,168175E-1	2,481250E+3	5,002571E-1	2,481250E+3	-3,807542E-1	2,481250E+3	5,233552E-1	2,481250E+3	-2,875053E-1	2,481250E+3	5,426546E-1	2,481250E+3	-2,156233E-1	2,481250E+3	5,590020E-1	2,481250E+3	-1,657111E-1
2,482812E+3	5,091420E-1	2,482812E+3	-4,182807E-1	2,482812E+3	5,057723E-1	2,482812E+3	-4,219181E-1	2,482812E+3	4,998722E-1	2,482812E+3	-4,170987E-1	2,482812E+3	4,984391E-1	2,482812E+3	-3,835008E-1	2,482812E+3	5,225058E-1	2,482812E+3	-2,866265E-1	2,482812E+3	5,358979E-1	2,482812E+3	-2,162233E-1	2,482812E+3	5,563390E-1	2,482812E+3	-1,608969E-1
2,484375E+3	5,073683E-1	2,484375E+3	-4,186802E-1	2,484375E+3	5,007796E-1	2,484375E+3	-4,208073E-1	2,484375E+3	4,979877E-1	2,484375E+3	-4,168179E-1	2,484375E+3	4,945230E-1	2,484375E+3	-3,851255E-1	2,484375E+3	5,192210E-1	2,484375E+3	-2,932666E-1	2,484375E+3	5,393723E-1	2,484375E+3	-2,211545E-1	2,484375E+3	5,544378E-1	2,484375E+3	-1,685180E-1
2,485937E+3	5,052206E-1	2,485937E+3	-4,233946E-1	2,485937E+3	4,956387E-1	2,485937E+3	-4,223902E-1	2,485937E+3	4,915693E-1	2,485937E+3	-4,165258E-1	2,485937E+3	4,902371E-1	2,485937E+3	-3,844420E-1	2,485937E+3	5,164737E-1	2,485937E+3	-2,857815E-1	2,485937E+3	5,374756E-1	2,485937E+3	-2,212599E-1	2,485937E+3	5,505845E-1	2,485937E+3	-1,656460E-1
2,487500E+3	5,026721E-1	2,487500E+3	-4,221233E-1	2,487500E+3	4,957368E-1	2,487500E+3	-4,208964E-1	2,487500E+3	4,870098E-1	2,487500E+3	-4,162849E-1	2,487500E+3	4,896658E-1	2,487500E+3	-3,845068E-1	2,487500E+3	5,050812E-1	2,487500E+3	-2,881370E-1	2,487500E+3	5,342732E-1	2,487500E+3	-2,184771E-1	2,487500E+3	5,504540E-1	2,487500E+3	-1,656099E-1
2,489062E+3	4,942013E-1	2,489062E+3	-4,249236E-1	2,489062E+3	4,906179E-1	2,489062E+3	-4,206121E-1	2,489062E+3	4,829100E-1	2,489062E+3	-4,175439E-1	2,489062E+3	4,850802E-1	2,489062E+3	-3,876169E-1	2,489062E+3	5,069697E-1	2,489062E+3	-2,855944E-1	2,489062E+3	5,328866E-1	2,489062E+3	-2,192315E-1	2,489062E+3	5,537833E-1	2,489062E+3	-1,670110E-1
2,490625E+3	4,908739E-1	2,490625E+3	-4,223042E-1	2,490625E+3	4,838995E-1	2,490625E+3	-4,239559E-1	2,490625E+3	4,805123E-1	2,490625E+3	-4,178429E-1	2,490625E+3	4,816964E-1	2,490625E+3	-3,862954E-1	2,490625E+3	5,078256E-1	2,490625E+3	-2,889673E-1	2,490625E+3	5,322965E-1	2,490625E+3	-2,235698E-1	2,490625E+3	5,509333E-1	2,490625E+3	-1,747971E-1
2,492187E+3	4,923859E-1	2,492187E+3	-4,186146E-1	2,492187E+3	4,801698E-1	2,492187E+3	-4,234145E-1	2,492187E+3	4,747791E-1	2,492187E+3	-4,201584E-1	2,492187E+3	4,790493E-1	2,492187E+3	-3,848581E-1	2,492187E+3	5,053317E-1	2,492187E+3	-2,837975E-1	2,492187E+3	5,262642E-1	2,492187E+3	-2,221539E-1	2,492187E+3	5,441924E-1	2,492187E+3	-1,685608E-1
2,493750E+3	4,875847E-1	2,493750E+3	-4,205497E-1	2,493750E+3	4,765566E-1	2,493750E+3	-4,197917E-1	2,493750E+3	4,718847E-1	2,493750E+3	-4,199376E-1	2,493750E+3	4,739038E-1	2,493750E+3	-3,875956E-1	2,493750E+3	4,959136E-1	2,493750E+3	-2,879144E-1	2,493750E+3	5,253883E-1	2,493750E+3	-2,189144E-1	2,493750E+3	5,383233E-1	2,493750E+3	-1,646229E-1
2,495312E+3	4,830995E-1	2,495312E+3	-4,212410E-1	2,495312E+3	4,728889E-1	2,495312E+3	-4,240172E-1	2,495312E+3	4,703439E-1	2,495312E+3	-4,192679E-1	2,495312E+3	4,711364E-1	2,495312E+3	-3,841699E-1	2,495312E+3	4,962602E-1	2,495312E+3	-2,851710E-1	2,495312E+3	5,292142E-1	2,495312E+3	-2,212083E-1	2,495312E+3	5,447135E-1	2,495312E+3	-1,567223E-1
2,496875E+3	4,804515E-1	2,496875E+3	-4,226837E-1	2,496875E+3	4,721740E-1	2,496875E+3	-4,237511E-1	2,496875E+3	4,654423E-1	2,496875E+3	-4,194413E-1	2,496875E+3	4,668814E-1	2,496875E+3	-3,838441E-1	2,496875E+3	5,007407E-1	2,496875E+3	-2,897466E-1	2,496875E+3	5,276851E-1	2,496875E+3	-2,158530E-1	2,496875E+3	5,394757E-1	2,496875E+3	-1,570937E-1
2,498437E+3	4,788055E-1	2,498437E+3	-4,190131E-1	2,498437E+3	4,677538E-1	2,498437E+3	-4,251657E-1	2,498437E+3	4,588283E-1	2,498437E+3	-4,184224E-1	2,498437E+3	4,659502E-1	2,498437E+3	-3,837997E-1	2,498437E+3	4,943173E-1	2,498437E+3	-2,900370E-1	2,498437E+3	5,222656E-1	2,498437E+3	-2,233697E-1	2,498437E+3	5,381808E-1	2,498437E+3	-1,663157E-1
2,500000E+3	4,686377E-1	2,500000E+3	-4,187030E-1	2,500000E+3	4,622713E-1	2,500000E+3	-4,272950E-1	2,500000E+3	4,575837E-1	2,500000E+3	-4,174832E-1	2,500000E+3	4,591555E-1	2,500000E+3	-3,852287E-1	2,500000E+3	4,883994E-1	2,500000E+3	-2,883721E-1	2,500000E+3	5,211936E-1	2,500000E+3	-2,245949E-1	2,500000E+3	5,419797E-1	2,500000E+3	-1,663549E-1
2,501562E+3	4,654171E-1	2,501562E+3	-4,226203E-1	2,501562E+3	4,591234E-1	2,501562E+3	-4,252932E-1	2,501562E+3	4,527678E-1	2,501562E+3	-4,206145E-1	2,501562E+3	4,549673E-1	2,501562E+3	-3,834520E-1	2,501562E+3	4,867998E-1	2,501562E+3	-2,833710E-1	2,501562E+3	5,189939E-1	2,501562E+3	-2,145722E-1	2,501562E+3	5,409562E-1	2,501562E+3	-1,591243E-1
2,503125E+3	4,628897E-1	2,503125E+3	-4,229434E-1	2,503125E+3	4,567972E-1	2,503125E+3	-4,220009E-1	2,503125E+3	4,485390E-1	2,503125E+3	-4,187664E-1	2,503125E+3	4,527975E-1	2,503125E+3	-3,798228E-1	2,503125E+3	4,846721E-1	2,503125E+3	-2,809566E-1	2,503125E+3	5,169936E-1	2,503125E+3	-2,197217E-1	2,503125E+3	5,352933E-1	2,503125E+3	-1,605348E-1
2,504687E+3	4,586404E-1	2,504687E+3	-4,220100E-1	2,504687E+3	4,473776E-1	2,504687E+3	-4,240395E-1	2,504687E+3	4,471393E-1	2,504687E+3	-4,162832E-1	2,504687E+3	4,454601E-1	2,504687E+3	-3,856998E-1	2,504687E+3	4,827731E-1	2,504687E+3	-2,850299E-1	2,504687E+3	5,142302E-1	2,504687E+3	-2,208751E-1	2,504687E+3	5,332680E-1	2,504687E+3	-1,667375E-1
2,506250E+3	4,579824E-1	2,506250E+3	-4,197228E-1	2,506250E+3	4,453107E-1	2,506250E+3	-4,240545E-1	2,506250E+3	4,391770E-1	2,506250E+3	-4,195281E-1	2,506250E+3	4,429530E-1	2,506250E+3	-3,848951E-1	2,506250E+3	4,790800E-1	2,506250E+3	-2,863000E-1	2,506250E+3	5,095379E-1	2,506250E+3	-2,181659E-1	2,506250E+3	5,346929E-1	2,506250E+3	-1,661368E-1
2,507812E+3	4,510972E-1	2,507812E+3	-4,225613E-1	2,507812E+3	4,439464E-1	2,507812E+3	-4,243550E-1	2,507812E+3	4,375004E-1	2,507812E+3	-4,184607E-1	2,507812E+3	4,404797E-1	2,507812E+3	-3,864904E-1	2,507812E+3	4,800142E-1	2,507812E+3	-2,847007E-1	2,507812E+3	5,070417E-1	2,507812E+3	-2,246180E-1	2,507812E+3	5,337652E-1	2,507812E+3	-1,596348E-1
2,509375E+3	4,463925E-1	2,509375E+3	-4,222031E-1	2,509375E+3	4,375096E-1	2,509375E+3	-4,249019E-1	2,509375E+3	4,333349E-1	2,509375E+3	-4,206478E-1	2,509375E+3	4,392509E-1	2,509375E+3	-3,853143E-1	2,509375E+3	4,789852E-1	2,509375E+3	-2,854969E-1	2,509375E+3	5,074487E-1	2,509375E+3	-2,163720E-1	2,509375E+3	5,352507E-1	2,509375E+3	-1,600839E-1
2,510937E+3	4,436946E-1	2,510937E+3	-4,211008E-1	2,510937E+3	4,349093E-1	2,510937E+3	-4,233207E-1	2,510937E+3	4,297805E-1	2,510937E+3	-4,182247E-1	2,510937E+3	4,372372E-1	2,510937E+3	-3,847660E-1	2,510937E+3	4,774495E-1	2,510937E+3	-2,849126E-1	2,510937E+3	5,025953E-1	2,510937E+3	-2,218020E-1	2,510937E+3	5,283502E-1	2,510937E+3	-1,593101E-1
2,512500E+3	4,400415E-1	2,512500E+3	-4,230451E-1	2,512500E+3	4,327977E-1	2,512500E+3	-4,225457E-1	2,512500E+3	4,260155E-1	2,512500E+3	-4,175483E-1	2,512500E+3	4,347196E-1	2,512500E+3	-3,829732E-1	2,512500E+3	4,738235E-1	2,512500E+3	-2,839348E-1	2,512500E+3	4,972318E-1	2,512500E+3	-2,187772E-1	2,512500E+3	5,329685E-1	2,512500E+3	-1,663064E-1
2,514062E+3	4,379122E-1	2,514062E+3	-4,197736E-1	2,514062E+3	4,283315E-1	2,514062E+3	-4,236449E-1	2,514062E+3	4,234853E-1	2,514062E+3	-4,163826E-1	2,514062E+3	4,275693E-1	2,514062E+3	-3,829790E-1	2,514062E+3	4,644194E-1	2,514062E+3	-2,877363E-1	2,514062E+3	5,005195E-1	2,514062E+3	-2,163827E-1	2,514062E+3	5,335537E-1	2,514062E+3	-1,703405E-1
2,515625E+3	4,326981E-1	2,515625E+3	-4,180715E-1	2,515625E+3	4,213281E-1	2,515625E+3	-4,194608E-1	2,515625E+3	4,173613E-1	2,515625E+3	-4,162651E-1	2,515625E+3	4,245636E-1	2,515625E+3	-3,806768E-1	2,515625E+3	4,645404E-1	2,515625E+3	-2,876749E-1	2,515625E+3	5,064764E-1	2,515625E+3	-2,153061E-1	2,515625E+3	5,371037E-1	2,515625E+3	-1,587421E-1
2,517187E+3	4,267581E-1	2,517187E+3	-4,199270E-1	2,517187E+3	4,189079E-1	2,517187E+3	-4,197874E-1	2,517187E+3	4,155955E-1	2,517187E+3	-4,163548E-1	2,517187E+3	4,218168E-1	2,517187E+3	-3,801684E-1	2,517187E+3	4,667989E-1	2,517187E+3	-2,868672E-1	2,517187E+3	5,024791E-1	2,517187E+3	-2,107350E-1	2,517187E+3	5,358289E-1	2,517187E+3	-1,534340E-1
2,518750E+3	4,187904E-1	2,518750E+3	-4,223065E-1	2,518750E+3	4,125381E-1	2,518750E+3	-4,213722E-1	2,518750E+3	4,107364E-1	2,518750E+3	-4,142807E-1	2,518750E+3	4,180756E-1	2,518750E+3	-3,823797E-1	2,518750E+3	4,633664E-1	2,518750E+3	-2,899733E-1	2,518750E+3	4,986981E-1	2,518750E+3	-2,164998E-1	2,518750E+3	5,277227E-1	2,518750E+3	-1,541246E-1
2,520312E+3	4,168757E-1	2,520312E+3	-4,214312E-1	2,520312E+3	4,103879E-1	2,520312E+3	-4,221928E-1	2,520312E+3	4,039755E-1	2,520312E+3	-4,148852E-1	2,520312E+3	4,138273E-1	2,520312E+3	-3,796459E-1	2,520312E+3	4,555620E-1	2,520312E+3	-2,925260E-1	2,520312E+3	4,996762E-1	2,520312E+3	-2,138650E-1	2,520312E+3	5,199662E-1	2,520312E+3	-1,633507E-1
2,521875E+3	4,226324E-1	2,521875E+3	-4,151156E-1	2,521875E+3	4,084124E-1	2,521875E+3	-4,205610E-1	2,521875E+3	4,022783E-1	2,521875E+3	-4,120752E-1	2,521875E+3	4,078232E-1	2,521875E+3	-3,820186E-1	2,521875E+3	4,552631E-1	2,521875E+3	-2,873033E-1	2,521875E+3	4,975743E-1	2,521875E+3	-2,121368E-1	2,521875E+3	5,209949E-1	2,521875E+3	-1,667148E-1
2,523437E+3	4,144974E-1	2,523437E+3	-4,185039E-1	2,523437E+3	4,022221E-1	2,523437E+3	-4,206728E-1	2,523437E+3	3,962127E-1	2,523437E+3	-4,125042E-1	2,523437E+3	4,058843E-1	2,523437E+3	-3,780216E-1	2,523437E+3	4,573183E-1	2,523437E+3	-2,824541E-1	2,523437E+3	4,970838E-1	2,523437E+3	-2,130001E-1	2,523437E+3	5,274156E-1	2,523437E+3	-1,716412E-1
2,525000E+3	4,103794E-1	2,525000E+3	-4,175691E-1	2,525000E+3	3,998588E-1	2,525000E+3	-4,181696E-1	2,525000E+3	3,927014E-1	2,525000E+3	-4,129995E-1	2,525000E+3	4,045370E-1	2,525000E+3	-3,748718E-1	2,525000E+3	4,519634E-1	2,525000E+3	-2,846992E-1	2,525000E+3	4,951096E-1	2,525000E+3	-2,176247E-1	2,525000E+3	5,270886E-1	2,525000E+3	-1,650121E-1
2,526562E+3	4,052606E-1	2,526562E+3	-4,170690E-1	2,526562E+3	3,952325E-1	2,526562E+3	-4,174323E-1	2,526562E+3	3,898500E-1	2,526562E+3	-4,118910E-1	2,526562E+3	3,990504E-1	2,526562E+3	-3,740289E-1	2,526562E+3	4,491216E-1	2,526562E+3	-2,865912E-1	2,526562E+3	4,923968E-1	2,526562E+3	-2,113539E-1	2,526562E+3	5,190185E-1	2,526562E+3	-1,621931E-1
2,528125E+3	4,021048E-1	2,528125E+3	-4,165741E-1	2,528125E+3	3,914385E-1	2,528125E+3	-4,164934E-1	2,528125E+3	3,879809E-1	2,528125E+3	-4,116329E-1	2,528125E+3	3,950103E-1	2,528125E+3	-3,767395E-1	2,528125E+3	4,464388E-1	2,528125E+3	-2,849149E-1	2,528125E+3	4,962990E-1	2,528125E+3	-2,064558E-1	2,528125E+3	5,255367E-1	2,528125E+3	-1,653976E-1
2,529687E+3	3,954096E-1	2,529687E+3	-4,159878E-1	2,529687E+3	3,874343E-1	2,529687E+3	-4,170725E-1	2,529687E+3	3,816408E-1	2,529687E+3	-4,110088E-1	2,529687E+3	3,916825E-1	2,529687E+3	-3,781830E-1	2,529687E+3	4,414558E-1	2,529687E+3	-2,832153E-1	2,529687E+3	4,921475E-1	2,529687E+3	-2,076101E-1	2,529687E+3	5,206012E-1	2,529687E+3	-1,673556E-1
2,531250E+3	3,920075E-1	2,531250E+3	-4,139997E-1	2,531250E+3	3,810828E-1	2,531250E+3	-4,148157E-1	2,531250E+3	3,768155E-1	2,531250E+3	-4,092843E-1	2,531250E+3	3,898160E-1	2,531250E+3	-3,772200E-1	2,531250E+3	4,408328E-1	2,531250E+3	-2,849308E-1	2,531250E+3	4,831505E-1	2,531250E+3	-2,050394E-1	2,531250E+3	5,214065E-1	2,531250E+3	-1,636152E-1
2,532812E+3	3,882019E-1	2,532812E+3	-4,136897E-1	2,532812E+3	3,787839E-1	2,532812E+3	-4,137301E-1	2,532812E+3	3,743971E-1	2,532812E+3	-4,074582E-1	2,532812E+3	3,862606E-1	2,532812E+3	-3,746458E-1	2,532812E+3	4,414101E-1	2,532812E+3	-2,794399E-1	2,532812E+3	4,752583E-1	2,532812E+3	-2,076558E-1	2,532812E+3	5,176637E-1	2,532812E+3	-1,622982E-1
2,534375E+3	3,847862E-1	2,534375E+3	-4,163251E-1	2,534375E+3	3,737663E-1	2,534375E+3	-4,132929E-1	2,534375E+3	3,709547E-1	2,534375E+3	-4,092496E-1	2,534375E+3	3,824809E-1	2,534375E+3	-3,704403E-1	2,534375E+3	4,396987E-1	2,534375E+3	-2,758756E-1	2,534375E+3	4,785460E-1	2,534375E+3	-2,099653E-1	2,534375E+3	5,168312E-1	2,534375E+3	-1,593766E-1
2,535937E+3	3,786408E-1	2,535937E+3	-4,137174E-1	2,535937E+3	3,723816E-1	2,535937E+3	-4,123869E-1	2,535937E+3	3,669536E-1	2,535937E+3	-4,062532E-1	2,535937E+3	3,778596E-1	2,535937E+3	-3,715906E-1	2,535937E+3	4,366966E-1	2,535937E+3	-2,759341E-1	2,535937E+3	4,834799E-1	2,535937E+3	-2,064599E-1	2,535937E+3	5,175975E-1	2,535937E+3	-1,568338E-1
2,537500E+3	3,738679E-1	2,537500E+3	-4,137409E-1	2,537500E+3	3,650964E-1	2,537500E+3	-4,116331E-1	2,537500E+3	3,624856E-1	2,537500E+3	-4,052027E-1	2,537500E+3	3,764539E-1	2,537500E+3	-3,695437E-1	2,537500E+3	4,323460E-1	2,537500E+3	-2,757203E-1	2,537500E+3	4,814738E-1	2,537500E+3	-2,044165E-1	2,537500E+3	5,090439E-1	2,537500E+3	-1,537593E-1
2,539062E+3	3,712293E-1	2,539062E+3	-4,092164E-1	2,539062E+3	3,627736E-1	2,539062E+3	-4,104152E-1	2,539062E+3	3,587700E-1	2,539062E+3	-4,023652E-1	2,539062E+3	3,713547E-1	2,539062E+3	-3,685006E-1	2,539062E+3	4,301995E-1	2,539062E+3	-2,747268E-1	2,539062E+3	4,721353E-1	2,539062E+3	-2,123665E-1	2,539062E+3	5,130573E-1	2,539062E+3	-1,563142E-1
2,540625E+3	3,696985E-1	2,540625E+3	-4,065827E-1	2,540625E+3	3,603304E-1	2,540625E+3	-4,089103E-1	2,540625E+3	3,530860E-1	2,540625E+3	-4,042422E-1	2,540625E+3	3,668239E-1	2,540625E+3	-3,686061E-1	2,540625E+3	4,300854E-1	2,540625E+3	-2,734183E-1	2,540625E+3	4,755959E-1	2,540625E+3	-2,122182E-1	2,540625E+3	5,104177E-1	2,540625E+3	-1,547530E-1
2,542187E+3	3,613312E-1	2,542187E+3	-4,088323E-1	2,542187E+3	3,525008E-1	2,542187E+3	-4,091207E-1	2,542187E+3	3,487289E-1	2,542187E+3	-4,015601E-1	2,542187E+3	3,617818E-1	2,542187E+3	-3,677526E-1	2,542187E+3	4,269648E-1	2,542187E+3	-2,771136E-1	2,542187E+3	4,790985E-1	2,542187E+3	-2,094661E-1	2,542187E+3	5,137940E-1	2,542187E+3	-1,633434E-1
2,543750E+3	3,584569E-1	2,543750E+3	-4,063506E-1	2,543750E+3	3,495946E-1	2,543750E+3	-4,075071E-1	2,543750E+3	3,473884E-1	2,543750E+3	-4,001223E-1	2,543750E+3	3,601546E-1	2,543750E+3	-3,658564E-1	2,543750E+3	4,273033E-1	2,543750E+3	-2,844990E-1	2,543750E+3	4,727012E-1	2,543750E+3	-2,043120E-1	2,543750E+3	5,154361E-1	2,543750E+3	-1,693044E-1
2,545312E+3	3,578951E-1	2,545312E+3	-4,038654E-1	2,545312E+3	3,468322E-1	2,545312E+3	-4,066285E-1	2,545312E+3	3,415297E-1	2,545312E+3	-4,004838E-1	2,545312E+3	3,550792E-1	2,545312E+3	-3,653505E-1	2,545312E+3	4,269901E-1	2,545312E+3	-2,796604E-1	2,545312E+3	4,763965E-1	2,545312E+3	-2,032498E-1	2,545312E+3	5,138106E-1	2,545312E+3	-1,592936E-1
2,546875E+3	3,543159E-1	2,546875E+3	-4,037189E-1	2,546875E+3	3,424725E-1	2,546875E+3	-4,041839E-1	2,546875E+3	3,358058E-1	2,546875E+3	-3,972403E-1	2,546875E+3	3,541420E-1	2,546875E+3	-3,609345E-1	2,546875E+3	4,192362E-1	2,546875E+3	-2,733684E-1	2,546875E+3	4,780820E-1	2,546875E+3	-2,026700E-1	2,546875E+3	5,113039E-1	2,546875E+3	-1,547968E-1
2,548437E+3	3,489505E-1	2,548437E+3	-4,044966E-1	2,548437E+3	3,381591E-1	2,548437E+3	-4,018796E-1	2,548437E+3	3,355178E-1	2,548437E+3	-3,957495E-1	2,548437E+3	3,507516E-1	2,548437E+3	-3,630836E-1	2,548437E+3	4,188150E-1	2,548437E+3	-2,705968E-1	2,548437E+3	4,695164E-1	2,548437E+3	-1,965879E-1	2,548437E+3	5,068475E-1	2,548437E+3	-1,538242E-1
2,550000E+3	3,459086E-1	2,550000E+3	-4,039483E-1	2,550000E+3	3,330226E-1	2,550000E+3	-4,011464E-1	2,550000E+3	3,302479E-1	2,550000E+3	-3,954580E-1	2,550000E+3	3,469676E-1	2,550000E+3	-3,600490E-1	2,550000E+3	4,184811E-1	2,550000E+3	-2,719276E-1	2,550000E+3	4,577403E-1	2,550000E+3	-2,114647E-1	2,550000E+3	5,070244E-1	2,550000E+3	-1,573080E-1
2,551562E+3	3,436118E-1	2,551562E+3	-4,021137E-1	2,551562E+3	3,314018E-1	2,551562E+3	-3,995767E-1	2,551562E+3	3,261552E-1	2,551562E+3	-3,929204E-1	2,551562E+3	3,450547E-1	2,551562E+3	-3,585737E-1	2,551562E+3	4,108066E-1	2,551562E+3	-2,720016E-1	2,551562E+3	4,646374E-1	2,551562E+3	-2,087603E-1	2,551562E+3	5,059882E-1	2,551562E+3	-1,556210E-1
2,553125E+3	3,400124E-1	2,553125E+3	-3,981368E-1	2,553125E+3	3,254495E-1	2,553125E+3	-3,964770E-1	2,553125E+3	3,230570E-1	2,553125E+3	-3,930843E-1	2,553125E+3	3,404902E-1	2,553125E+3	-3,569656E-1	2,553125E+3	4,132790E-1	2,553125E+3	-2,646890E-1	2,553125E+3	4,685835E-1	2,553125E+3	-2,024996E-1	2,553125E+3	5,081421E-1	2,553125E+3	-1,565632E-1
2,554687E+3	3,314083E-1	2,554687E+3	-3,946905E-1	2,554687E+3	3,213442E-1	2,554687E+3	-3,955316E-1	2,554687E+3	3,206128E-1	2,554687E+3	-3,880667E-1	2,554687E+3	3,348847E-1	2,554687E+3	-3,552437E-1	2,554687E+3	4,072627E-1	2,554687E+3	-2,651090E-1	2,554687E+3	4,724529E-1	2,554687E+3	-2,005543E-1	2,554687E+3	5,201848E-1	2,554687E+3	-1,608851E-1
2,556250E+3	3,303737E-1	2,556250E+3	-3,933951E-1	2,556250E+3	3,197843E-1	2,556250E+3	-3,953207E-1	2,556250E+3	3,152079E-1	2,556250E+3	-3,884638E-1	2,556250E+3	3,289741E-1	2,556250E+3	-3,538226E-1	2,556250E+3	4,037579E-1	2,556250E+3	-2,653506E-1	2,556250E+3	4,664835E-1	2,556250E+3	-2,027108E-1	2,556250E+3	5,066200E-1	2,556250E+3	-1,507831E-1
2,557812E+3	3,293708E-1	2,557812E+3	-3,968162E-1	2,557812E+3	3,182000E-1	2,557812E+3	-3,938184E-1	2,557812E+3	3,102097E-1	2,557812E+3	-3,857235E-1	2,557812E+3	3,296807E-1	2,557812E+3	-3,513128E-1	2,557812E+3	4,086050E-1	2,557812E+3	-2,666613E-1	2,557812E+3	4,594639E-1	2,557812E+3	-2,011282E-1	2,557812E+3	5,046297E-1	2,557812E+3	-1,456992E-1
2,559375E+3	3,226738E-1	2,559375E+3	-3,953052E-1	2,559375E+3	3,100527E-1	2,559375E+3	-3,923404E-1	2,559375E+3	3,065673E-1	2,559375E+3	-3,831537E-1	2,559375E+3	3,237262E-1	2,559375E+3	-3,508161E-1	2,559375E+3	4,024500E-1	2,559375E+3	-2,592522E-1	2,559375E+3	4,533948E-1	2,559375E+3	-2,070917E-1	2,559375E+3	5,056217E-1	2,559375E+3	-1,501048E-1
2,560937E+3	3,194289E-1	2,560937E+3	-3,921080E-1	2,560937E+3	3,060186E-1	2,560937E+3	-3,902673E-1	2,560937E+3	3,007017E-1	2,560937E+3	-3,822527E-1	2,560937E+3	3,223723E-1	2,560937E+3	-3,499088E-1	2,560937E+3	3,949005E-1	2,560937E+3	-2,621062E-1	2,560937E+3	4,598537E-1	2,560937E+3	-2,031360E-1	2,560937E+3	4,996133E-1	2,560937E+3	-1,608004E-1
2,562500E+3	3,144953E-1	2,562500E+3	-3,870712E-1	2,562500E+3	3,049495E-1	2,562500E+3	-3,864402E-1	2,562500E+3	2,987699E-1	2,562500E+3	-3,796861E-1	2,562500E+3	3,182409E-1	2,562500E+3	-3,462055E-1	2,562500E+3	3,995911E-1	2,562500E+3	-2,611182E-1	2,562500E+3	4,626083E-1	2,562500E+3	-2,016125E-1	2,562500E+3	4,969043E-1	2,562500E+3	-1,585923E-1
2,564062E+3	3,117709E-1	2,564062E+3	-3,848488E-1	2,564062E+3	2,991566E-1	2,564062E+3	-3,859113E-1	2,564062E+3	2,949802E-1	2,564062E+3	-3,784839E-1	2,564062E+3	3,175404E-1	2,564062E+3	-3,427370E-1	2,564062E+3	3,936291E-1	2,564062E+3	-2,592872E-1	2,564062E+3	4,494068E-1	2,564062E+3	-2,076719E-1	2,564062E+3	4,980973E-1	2,564062E+3	-1,499967E-1
2,565625E+3	3,104934E-1	2,565625E+3	-3,840930E-1	2,565625E+3	2,949949E-1	2,565625E+3	-3,825098E-1	2,565625E+3	2,917887E-1	2,565625E+3	-3,751027E-1	2,565625E+3	3,136848E-1	2,565625E+3	-3,441095E-1	2,565625E+3	3,999615E-1	2,565625E+3	-2,573174E-1	2,565625E+3	4,504709E-1	2,565625E+3	-2,026761E-1	2,565625E+3	4,985418E-1	2,565625E+3	-1,476722E-1
2,567187E+3	3,069540E-1	2,567187E+3	-3,864892E-1	2,567187E+3	2,915187E-1	2,567187E+3	-3,806459E-1	2,567187E+3	2,884020E-1	2,567187E+3	-3,742174E-1	2,567187E+3	3,082965E-1	2,567187E+3	-3,455223E-1	2,567187E+3	3,941159E-1	2,567187E+3	-2,564734E-1	2,567187E+3	4,621186E-1	2,567187E+3	-1,999505E-1	2,567187E+3	4,898063E-1	2,567187E+3	-1,476603E-1
2,568750E+3	3,011175E-1	2,568750E+3	-3,833412E-1	2,568750E+3	2,865895E-1	2,568750E+3	-3,789834E-1	2,568750E+3	2,854944E-1	2,568750E+3	-3,722288E-1	2,568750E+3	3,016543E-1	2,568750E+3	-3,406678E-1	2,568750E+3	3,883404E-1	2,568750E+3	-2,569151E-1	2,568750E+3	4,605765E-1	2,568750E+3	-1,992590E-1	2,568750E+3	4,905465E-1	2,568750E+3	-1,585961E-1
2,570312E+3	2,982368E-1	2,570312E+3	-3,794717E-1	2,570312E+3	2,843800E-1	2,570312E+3	-3,771962E-1	2,570312E+3	2,795666E-1	2,570312E+3	-3,702208E-1	2,570312E+3	3,003640E-1	2,570312E+3	-3,379818E-1	2,570312E+3	3,834224E-1	2,570312E+3	-2,552156E-1	2,570312E+3	4,560549E-1	2,570312E+3	-1,987008E-1	2,570312E+3	4,896175E-1	2,570312E+3	-1,615869E-1
2,571875E+3	2,932562E-1	2,571875E+3	-3,754706E-1	2,571875E+3	2,791185E-1	2,571875E+3	-3,745838E-1	2,571875E+3	2,782630E-1	2,571875E+3	-3,679023E-1	2,571875E+3	2,988564E-1	2,571875E+3	-3,341293E-1	2,571875E+3	3,844430E-1	2,571875E+3	-2,537698E-1	2,571875E+3	4,480904E-1	2,571875E+3	-1,958499E-1	2,571875E+3	4,961755E-1	2,571875E+3	-1,500745E-1
2,573437E+3	2,886805E-1	2,573437E+3	-3,750610E-1	2,573437E+3	2,763419E-1	2,573437E+3	-3,713231E-1	2,573437E+3	2,727338E-1	2,573437E+3	-3,662309E-1	2,573437E+3	3,001265E-1	2,573437E+3	-3,311593E-1	2,573437E+3	3,797195E-1	2,573437E+3	-2,513197E-1	2,573437E+3	4,510537E-1	2,573437E+3	-1,986372E-1	2,573437E+3	4,908896E-1	2,573437E+3	-1,542311E-1
2,575000E+3	2,863676E-1	2,575000E+3	-3,690948E-1	2,575000E+3	2,730208E-1	2,575000E+3	-3,690324E-1	2,575000E+3	2,705815E-1	2,575000E+3	-3,619197E-1	2,575000E+3	2,963543E-1	2,575000E+3	-3,298845E-1	2,575000E+3	3,794676E-1	2,575000E+3	-2,510006E-1	2,575000E+3	4,479349E-1	2,575000E+3	-2,043014E-1	2,575000E+3	4,865515E-1	2,575000E+3	-1,577498E-1
2,576562E+3	2,845318E-1	2,576562E+3	-3,685012E-1	2,576562E+3	2,681738E-1	2,576562E+3	-3,674328E-1	2,576562E+3	2,686775E-1	2,576562E+3	-3,591975E-1	2,576562E+3	2,894403E-1	2,576562E+3	-3,284227E-1	2,576562E+3	3,781721E-1	2,576562E+3	-2,470605E-1	2,576562E+3	4,455793E-1	2,576562E+3	-1,972768E-1	2,576562E+3	4,865028E-1	2,576562E+3	-1,484865E-1
2,578125E+3	2,788089E-1	2,578125E+3	-3,672955E-1	2,578125E+3	2,653810E-1	2,578125E+3	-3,625029E-1	2,578125E+3	2,615202E-1	2,578125E+3	-3,584154E-1	2,578125E+3	2,866798E-1	2,578125E+3	-3,234471E-1	2,578125E+3	3,702348E-1	2,578125E+3	-2,424070E-1	2,578125E+3	4,465857E-1	2,578125E+3	-1,958922E-1	2,578125E+3	4,876329E-1	2,578125E+3	-1,559130E-1
2,579687E+3	2,722351E-1	2,579687E+3	-3,664629E-1	2,579687E+3	2,631169E-1	2,579687E+3	-3,609879E-1	2,579687E+3	2,583591E-1	2,579687E+3	-3,553083E-1	2,579687E+3	2,830199E-1	2,579687E+3	-3,209703E-1	2,579687E+3	3,725588E-1	2,579687E+3	-2,515029E-1	2,579687E+3	4,455322E-1	2,579687E+3	-1,899116E-1	2,579687E+3	4,939569E-1	2,579687E+3	-1,430199E-1
2,581250E+3	2,737856E-1	2,581250E+3	-3,621883E-1	2,581250E+3	2,576670E-1	2,581250E+3	-3,599256E-1	2,581250E+3	2,563133E-1	2,581250E+3	-3,511044E-1	2,581250E+3	2,801959E-1	2,581250E+3	-3,215714E-1	2,581250E+3	3,731309E-1	2,581250E+3	-2,469923E-1	2,581250E+3	4,421392E-1	2,581250E+3	-1,931085E-1	2,581250E+3	5,068267E-1	2,581250E+3	-1,392993E-1
2,582812E+3	2,716529E-1	2,582812E+3	-3,590524E-1	2,582812E+3	2,560089E-1	2,582812E+3	-3,571760E-1	2,582812E+3	2,527785E-1	2,582812E+3	-3,491357E-1	2,582812E+3	2,784169E-1	2,582812E+3	-3,178268E-1	2,582812E+3	3,686051E-1	2,582812E+3	-2,399656E-1	2,582812E+3	4,417448E-1	2,582812E+3	-1,958111E-1	2,582812E+3	4,952589E-1	2,582812E+3	-1,406542E-1
2,584375E+3	2,725402E-1	2,584375E+3	-3,609192E-1	2,584375E+3	2,541469E-1	2,584375E+3	-3,550670E-1	2,584375E+3	2,480229E-1	2,584375E+3	-3,461837E-1	2,584375E+3	2,741163E-1	2,584375E+3	-3,157538E-1	2,584375E+3	3,677610E-1	2,584375E+3	-2,496794E-1	2,584375E+3	4,358048E-1	2,584375E+3	-2,000160E-1	2,584375E+3	4,887511E-1	2,584375E+3	-1,415980E-1
2,585937E+3	2,653553E-1	2,585937E+3	-3,584263E-1	2,585937E+3	2,491856E-1	2,585937E+3	-3,518150E-1	2,585937E+3	2,446947E-1	2,585937E+3	-3,433261E-1	2,585937E+3	2,693418E-1	2,585937E+3	-3,156849E-1	2,585937E+3	3,679534E-1	2,585937E+3	-2,439094E-1	2,585937E+3	4,409260E-1	2,585937E+3	-1,948399E-1	2,585937E+3	4,919002E-1	2,585937E+3	-1,519543E-1
2,587500E+3	2,604056E-1	2,587500E+3	-3,548141E-1	2,587500E+3	2,470012E-1	2,587500E+3	-3,475250E-1	2,587500E+3	2,443017E-1	2,587500E+3	-3,394824E-1	2,587500E+3	2,669451E-1	2,587500E+3	-3,093374E-1	2,587500E+3	3,724906E-1	2,587500E+3	-2,376198E-1	2,587500E+3	4,455305E-1	2,587500E+3	-1,962270E-1	2,587500E+3	4,980496E-1	2,587500E+3	-1,480876E-1
2,589062E+3	2,588717E-1	2,589062E+3	-3,497816E-1	2,589062E+3	2,428560E-1	2,589062E+3	-3,446047E-1	2,589062E+3	2,408962E-1	2,589062E+3	-3,356334E-1	2,589062E+3	2,663148E-1	2,589062E+3	-3,089324E-1	2,589062E+3	3,607141E-1	2,589062E+3	-2,373574E-1	2,589062E+3	4,438474E-1	2,589062E+3	-1,875201E-1	2,589062E+3	4,860403E-1	2,589062E+3	-1,585266E-1
2,590625E+3	2,556912E-1	2,590625E+3	-3,474179E-1	2,590625E+3	2,391841E-1	2,590625E+3	-3,436269E-1	2,590625E+3	2,353089E-1	2,590625E+3	-3,339455E-1	2,590625E+3	2,634723E-1	2,590625E+3	-3,064973E-1	2,590625E+3	3,590419E-1	2,590625E+3	-2,359119E-1	2,590625E+3	4,383917E-1	2,590625E+3	-1,882946E-1	2,590625E+3	4,909501E-1	2,590625E+3	-1,454794E-1
2,592187E+3	2,527408E-1	2,592187E+3	-3,428594E-1	2,592187E+3	2,368493E-1	2,592187E+3	-3,402157E-1	2,592187E+3	2,346412E-1	2,592187E+3	-3,314710E-1	2,592187E+3	2,598598E-1	2,592187E+3	-3,035765E-1	2,592187E+3	3,652615E-1	2,592187E+3	-2,405066E-1	2,592187E+3	4,352822E-1	2,592187E+3	-1,856293E-1	2,592187E+3	4,892971E-1	2,592187E+3	-1,349754E-1
2,593750E+3	2,509059E-1	2,593750E+3	-3,418427E-1	2,593750E+3	2,353784E-1	2,593750E+3	-3,373551E-1	2,593750E+3	2,323652E-1	2,593750E+3	-3,261689E-1	2,593750E+3	2,572651E-1	2,593750E+3	-3,009111E-1	2,593750E+3	3,587561E-1	2,593750E+3	-2,422972E-1	2,593750E+3	4,429045E-1	2,593750E+3	-1,813518E-1	2,593750E+3	4,804310E-1	2,593750E+3	-1,502046E-1
2,595312E+3	2,473448E-1	2,595312E+3	-3,412570E-1	2,595312E+3	2,308412E-1	2,595312E+3	-3,323640E-1	2,595312E+3	2,273764E-1	2,595312E+3	-3,243567E-1	2,595312E+3	2,554840E-1	2,595312E+3	-2,978674E-1	2,595312E+3	3,603399E-1	2,595312E+3	-2,376889E-1	2,595312E+3	4,401212E-1	2,595312E+3	-1,788762E-1	2,595312E+3	4,827324E-1	2,595312E+3	-1,499260E-1
2,596875E+3	2,447834E-1	2,596875E+3	-3,381670E-1	2,596875E+3	2,291272E-1	2,596875E+3	-3,294078E-1	2,596875E+3	2,241966E-1	2,596875E+3	-3,215448E-1	2,596875E+3	2,540978E-1	2,596875E+3	-2,942118E-1	2,596875E+3	3,606737E-1	2,596875E+3	-2,341624E-1	2,596875E+3	4,317033E-1	2,596875E+3	-1,759959E-1	2,596875E+3	4,817933E-1	2,596875E+3	-1,474902E-1
2,598437E+3	2,422185E-1	2,598437E+3	-3,346067E-1	2,598437E+3	2,267293E-1	2,598437E+3	-3,277663E-1	2,598437E+3	2,216527E-1	2,598437E+3	-3,189050E-1	2,598437E+3	2,538354E-1	2,598437E+3	-2,938483E-1	2,598437E+3	3,591429E-1	2,598437E+3	-2,311329E-1	2,598437E+3	4,205535E-1	2,598437E+3	-1,796146E-1	2,598437E+3	4,836743E-1	2,598437E+3	-1,497942E-1
2,600000E+3	2,380178E-1	2,600000E+3	-3,313665E-1	2,600000E+3	2,225755E-1	2,600000E+3	-3,244455E-1	2,600000E+3	2,202091E-1	2,600000E+3	-3,147008E-1	2,600000E+3	2,512044E-1	2,600000E+3	-2,909550E-1	2,600000E+3	3,586698E-1	2,600000E+3	-2,332224E-1	2,600000E+3	4,248231E-1	2,600000E+3	-1,817955E-1	2,600000E+3	4,792437E-1	2,600000E+3	-1,540707E-1
2,601562E+3	2,347575E-1	2,601562E+3	-3,273310E-1	2,601562E+3	2,185250E-1	2,601562E+3	-3,189048E-1	2,601562E+3	2,178851E-1	2,601562E+3	-3,111947E-1	2,601562E+3	2,470196E-1	2,601562E+3	-2,871449E-1	2,601562E+3	3,488436E-1	2,601562E+3	-2,318115E-1	2,601562E+3	4,293085E-1	2,601562E+3	-1,838563E-1	2,601562E+3	4,822574E-1	2,601562E+3	-1,447955E-1
2,603125E+3	2,310733E-1	2,603125E+3	-3,250410E-1	2,603125E+3	2,165728E-1	2,603125E+3	-3,168480E-1	2,603125E+3	2,148071E-1	2,603125E+3	-3,087320E-1	2,603125E+3	2,440631E-1	2,603125E+3	-2,837760E-1	2,603125E+3	3,497796E-1	2,603125E+3	-2,309220E-1	2,603125E+3	4,279198E-1	2,603125E+3	-1,830967E-1	2,603125E+3	4,893749E-1	2,603125E+3	-1,403158E-1
2,604687E+3	2,313815E-1	2,604687E+3	-3,240093E-1	2,604687E+3	2,144142E-1	2,604687E+3	-3,127499E-1	2,604687E+3	2,119094E-1	2,604687E+3	-3,045500E-1	2,604687E+3	2,422605E-1	2,604687E+3	-2,799663E-1	2,604687E+3	3,523262E-1	2,604687E+3	-2,306879E-1	2,604687E+3	4,312872E-1	2,604687E+3	-1,748241E-1	2,604687E+3	4,826543E-1	2,604687E+3	-1,360393E-1
2,606250E+3	2,300650E-1	2,606250E+3	-3,211200E-1	2,606250E+3	2,132594E-1	2,606250E+3	-3,097988E-1	2,606250E+3	2,102071E-1	2,606250E+3	-3,014187E-1	2,606250E+3	2,386513E-1	2,606250E+3	-2,776184E-1	2,606250E+3	3,513459E-1	2,606250E+3	-2,268766E-1	2,606250E+3	4,300483E-1	2,606250E+3	-1,746813E-1	2,606250E+3	4,802862E-1	2,606250E+3	-1,359274E-1
2,607812E+3	2,266328E-1	2,607812E+3	-3,163077E-1	2,607812E+3	2,124184E-1	2,607812E+3	-3,071078E-1	2,607812E+3	2,078362E-1	2,607812E+3	-3,000636E-1	2,607812E+3	2,381396E-1	2,607812E+3	-2,759272E-1	2,607812E+3	3,491846E-1	2,607812E+3	-2,204807E-1	2,607812E+3	4,330325E-1	2,607812E+3	-1,721415E-1	2,607812E+3	4,845454E-1	2,607812E+3	-1,417776E-1
2,609375E+3	2,242807E-1	2,609375E+3	-3,138063E-1	2,609375E+3	2,096766E-1	2,609375E+3	-3,049227E-1	2,609375E+3	2,060264E-1	2,609375E+3	-2,966595E-1	2,609375E+3	2,350981E-1	2,609375E+3	-2,726376E-1	2,609375E+3	3,449725E-1	2,609375E+3	-2,170665E-1	2,609375E+3	4,282303E-1	2,609375E+3	-1,732820E-1	2,609375E+3	4,801514E-1	2,609375E+3	-1,608333E-1
2,610937E+3	2,247182E-1	2,610937E+3	-3,111477E-1	2,610937E+3	2,078705E-1	2,610937E+3	-3,015090E-1	2,610937E+3	2,050805E-1	2,610937E+3	-2,921661E-1	2,610937E+3	2,318870E-1	2,610937E+3	-2,693723E-1	2,610937E+3	3,377651E-1	2,610937E+3	-2,160655E-1	2,610937E+3	4,231959E-1	2,610937E+3	-1,770829E-1	2,610937E+3	4,847612E-1	2,610937E+3	-1,588303E-1
2,612500E+3	2,232039E-1	2,612500E+3	-3,087851E-1	2,612500E+3	2,055352E-1	2,612500E+3	-2,966342E-1	2,612500E+3	2,004153E-1	2,612500E+3	-2,894005E-1	2,612500E+3	2,313459E-1	2,612500E+3	-2,645358E-1	2,612500E+3	3,391948E-1	2,612500E+3	-2,143775E-1	2,612500E+3	4,155969E-1	2,612500E+3	-1,735823E-1	2,612500E+3	4,855287E-1	2,612500E+3	-1,511760E-1
2,614062E+3	2,210067E-1	2,614062E+3	-3,057867E-1	2,614062E+3	2,029136E-1	2,614062E+3	-2,943793E-1	2,614062E+3	2,007274E-1	2,614062E+3	-2,849500E-1	2,614062E+3	2,305372E-1	2,614062E+3	-2,618236E-1	2,614062E+3	3,336217E-1	2,614062E+3	-2,128051E-1	2,614062E+3	4,125806E-1	2,614062E+3	-1,864839E-1	2,614062E+3	4,666475E-1	2,614062E+3	-1,399203E-1
2,615625E+3	2,190277E-1	2,615625E+3	-3,012932E-1	2,615625E+3	2,021431E-1	2,615625E+3	-2,910681E-1	2,615625E+3	1,983244E-1	2,615625E+3	-2,799795E-1	2,615625E+3	2,311315E-1	2,615625E+3	-2,606161E-1	2,615625E+3	3,373533E-1	2,615625E+3	-2,154444E-1	2,615625E+3	4,150446E-1	2,615625E+3	-1,811901E-1	2,615625E+3	4,609193E-1	2,615625E+3	-1,381872E-1
2,617187E+3	2,210624E-1	2,617187E+3	-2,993964E-1	2,617187E+3	1,998527E-1	2,617187E+3	-2,886776E-1	2,617187E+3	1,968859E-1	2,617187E+3	-2,780369E-1	2,617187E+3	2,283590E-1	2,617187E+3	-2,581542E-1	2,617187E+3	3,355018E-1	2,617187E+3	-2,177104E-1	2,617187E+3	4,166083E-1	2,617187E+3	-1,843204E-1	2,617187E+3	4,703121E-1	2,617187E+3	-1,361848E-1
2,618750E+3	2,189221E-1	2,618750E+3	-2,993433E-1	2,618750E+3	1,977825E-1	2,618750E+3	-2,862083E-1	2,618750E+3	1,944729E-1	2,618750E+3	-2,754797E-1	2,618750E+3	2,230047E-1	2,618750E+3	-2,564727E-1	2,618750E+3	3,359453E-1	2,618750E+3	-2,149452E-1	2,618750E+3	4,119797E-1	2,618750E+3	-1,864266E-1	2,618750E+3	4,864604E-1	2,618750E+3	-1,520818E-1
2,620312E+3	2,132078E-1	2,620312E+3	-2,977529E-1	2,620312E+3	1,971964E-1	2,620312E+3	-2,826415E-1	2,620312E+3	1,929086E-1	2,620312E+3	-2,716459E-1	2,620312E+3	2,230257E-1	2,620312E+3	-2,524056E-1	2,620312E+3	3,314927E-1	2,620312E+3	-2,130054E-1	2,620312E+3	4,056208E-1	2,620312E+3	-1,793016E-1	2,620312E+3	4,752672E-1	2,620312E+3	-1,337958E-1
2,621875E+3	2,128299E-1	2,621875E+3	-2,957524E-1	2,621875E+3	1,957893E-1	2,621875E+3	-2,802215E-1	2,621875E+3	1,916570E-1	2,621875E+3	-2,685942E-1	2,621875E+3	2,207721E-1	2,621875E+3	-2,462481E-1	2,621875E+3	3,317494E-1	2,621875E+3	-2,066363E-1	2,621875E+3	4,097304E-1	2,621875E+3	-1,690508E-1	2,621875E+3	4,737419E-1	2,621875E+3	-1,409219E-1
2,623437E+3	2,144568E-1	2,623437E+3	-2,946434E-1	2,623437E+3	1,944861E-1	2,623437E+3	-2,780976E-1	2,623437E+3	1,907220E-1	2,623437E+3	-2,665968E-1	2,623437E+3	2,219220E-1	2,623437E+3	-2,464082E-1	2,623437E+3	3,363897E-1	2,623437E+3	-1,983464E-1	2,623437E+3	4,088538E-1	2,623437E+3	-1,663585E-1	2,623437E+3	4,693785E-1	2,623437E+3	-1,388501E-1
2,625000E+3	2,139183E-1	2,625000E+3	-2,918402E-1	2,625000E+3	1,920696E-1	2,625000E+3	-2,751594E-1	2,625000E+3	1,888874E-1	2,625000E+3	-2,638093E-1	2,625000E+3	2,210572E-1	2,625000E+3	-2,431933E-1	2,625000E+3	3,302640E-1	2,625000E+3	-1,985800E-1	2,625000E+3	4,043468E-1	2,625000E+3	-1,764857E-1	2,625000E+3	4,641947E-1	2,625000E+3	-1,449193E-1
2,626562E+3	2,077063E-1	2,626562E+3	-2,866235E-1	2,626562E+3	1,912140E-1	2,626562E+3	-2,716148E-1	2,626562E+3	1,873521E-1	2,626562E+3	-2,599903E-1	2,626562E+3	2,193985E-1	2,626562E+3	-2,438929E-1	2,626562E+3	3,289132E-1	2,626562E+3	-2,050001E-1	2,626562E+3	4,115831E-1	2,626562E+3	-1,776252E-1	2,626562E+3	4,650547E-1	2,626562E+3	-1,466636E-1
2,628125E+3	2,031119E-1	2,628125E+3	-2,841490E-1	2,628125E+3	1,907856E-1	2,628125E+3	-2,674173E-1	2,628125E+3	1,861034E-1	2,628125E+3	-2,577984E-1	2,628125E+3	2,179345E-1	2,628125E+3	-2,398202E-1	2,628125E+3	3,336239E-1	2,628125E+3	-2,001747E-1	2,628125E+3	4,206481E-1	2,628125E+3	-1,706690E-1	2,628125E+3	4,660381E-1	2,628125E+3	-1,452395E-1
2,629687E+3	2,049384E-1	2,629687E+3	-2,824553E-1	2,629687E+3	1,889308E-1	2,629687E+3	-2,660398E-1	2,629687E+3	1,861383E-1	2,629687E+3	-2,545497E-1	2,629687E+3	2,134178E-1	2,629687E+3	-2,361919E-1	2,629687E+3	3,321366E-1	2,629687E+3	-2,009305E-1	2,629687E+3	4,203983E-1	2,629687E+3	-1,699138E-1	2,629687E+3	4,686487E-1	2,629687E+3	-1,439340E-1
2,631250E+3	2,026318E-1	2,631250E+3	-2,808291E-1	2,631250E+3	1,870092E-1	2,631250E+3	-2,630954E-1	2,631250E+3	1,841092E-1	2,631250E+3	-2,519027E-1	2,631250E+3	2,130073E-1	2,631250E+3	-2,349214E-1	2,631250E+3	3,336784E-1	2,631250E+3	-1,996973E-1	2,631250E+3	4,091847E-1	2,631250E+3	-1,696697E-1	2,631250E+3	4,623599E-1	2,631250E+3	-1,447934E-1
2,632812E+3	2,040243E-1	2,632812E+3	-2,788459E-1	2,632812E+3	1,868005E-1	2,632812E+3	-2,601826E-1	2,632812E+3	1,839540E-1	2,632812E+3	-2,484645E-1	2,632812E+3	2,156679E-1	2,632812E+3	-2,312359E-1	2,632812E+3	3,344877E-1	2,632812E+3	-2,036883E-1	2,632812E+3	4,090731E-1	2,632812E+3	-1,636872E-1	2,632812E+3	4,613922E-1	2,632812E+3	-1,401569E-1
2,634375E+3	2,037438E-1	2,634375E+3	-2,785558E-1	2,634375E+3	1,865965E-1	2,634375E+3	-2,581500E-1	2,634375E+3	1,829367E-1	2,634375E+3	-2,452688E-1	2,634375E+3	2,145534E-1	2,634375E+3	-2,278947E-1	2,634375E+3	3,296785E-1	2,634375E+3	-1,989464E-1	2,634375E+3	4,120606E-1	2,634375E+3	-1,603782E-1	2,634375E+3	4,657977E-1	2,634375E+3	-1,432102E-1
2,635937E+3	1,990483E-1	2,635937E+3	-2,729488E-1	2,635937E+3	1,846633E-1	2,635937E+3	-2,568137E-1	2,635937E+3	1,822457E-1	2,635937E+3	-2,424713E-1	2,635937E+3	2,129118E-1	2,635937E+3	-2,291138E-1	2,635937E+3	3,222313E-1	2,635937E+3	-1,962955E-1	2,635937E+3	4,097363E-1	2,635937E+3	-1,621933E-1	2,635937E+3	4,742933E-1	2,635937E+3	-1,408868E-1
2,637500E+3	1,980992E-1	2,637500E+3	-2,746448E-1	2,637500E+3	1,842113E-1	2,637500E+3	-2,553274E-1	2,637500E+3	1,794219E-1	2,637500E+3	-2,408611E-1	2,637500E+3	2,150574E-1	2,637500E+3	-2,287350E-1	2,637500E+3	3,206219E-1	2,637500E+3	-1,926659E-1	2,637500E+3	4,054525E-1	2,637500E+3	-1,641264E-1	2,637500E+3	4,659827E-1	2,637500E+3	-1,332612E-1
2,639062E+3	1,921716E-1	2,639062E+3	-2,772474E-1	2,639062E+3	1,824561E-1	2,639062E+3	-2,521053E-1	2,639062E+3	1,794471E-1	2,639062E+3	-2,384980E-1	2,639062E+3	2,100618E-1	2,639062E+3	-2,217830E-1	2,639062E+3	3,205920E-1	2,639062E+3	-1,961017E-1	2,639062E+3	4,041589E-1	2,639062E+3	-1,642408E-1	2,639062E+3	4,643934E-1	2,639062E+3	-1,343502E-1
2,640625E+3	1,929023E-1	2,640625E+3	-2,739549E-1	2,640625E+3	1,828195E-1	2,640625E+3	-2,501328E-1	2,640625E+3	1,789670E-1	2,640625E+3	-2,364115E-1	2,640625E+3	2,083063E-1	2,640625E+3	-2,206156E-1	2,640625E+3	3,239871E-1	2,640625E+3	-2,004898E-1	2,640625E+3	4,120536E-1	2,640625E+3	-1,595433E-1	2,640625E+3	4,674418E-1	2,640625E+3	-1,450127E-1
2,642187E+3	1,951801E-1	2,642187E+3	-2,694083E-1	2,642187E+3	1,816202E-1	2,642187E+3	-2,486290E-1	2,642187E+3	1,787630E-1	2,642187E+3	-2,351874E-1	2,642187E+3	2,100471E-1	2,642187E+3	-2,197926E-1	2,642187E+3	3,206232E-1	2,642187E+3	-1,958174E-1	2,642187E+3	4,098076E-1	2,642187E+3	-1,661152E-1	2,642187E+3	4,672377E-1	2,642187E+3	-1,462013E-1
2,643750E+3	1,939831E-1	2,643750E+3	-2,722240E-1	2,643750E+3	1,807645E-1	2,643750E+3	-2,465438E-1	2,643750E+3	1,778577E-1	2,643750E+3	-2,329699E-1	2,643750E+3	2,078155E-1	2,643750E+3	-2,139006E-1	2,643750E+3	3,208174E-1	2,643750E+3	-1,930987E-1	2,643750E+3	3,891629E-1	2,643750E+3	-1,760958E-1	2,643750E+3	4,575148E-1	2,643750E+3	-1,455721E-1
2,645312E+3	1,915658E-1	2,645312E+3	-2,677333E-1	2,645312E+3	1,795894E-1	2,645312E+3	-2,439940E-1	2,645312E+3	1,778626E-1	2,645312E+3	-2,302791E-1	2,645312E+3	2,035130E-1	2,645312E+3	-2,102332E-1	2,645312E+3	3,190997E-1	2,645312E+3	-1,911597E-1	2,645312E+3	3,866097E-1	2,645312E+3	-1,676782E-1	2,645312E+3	4,573643E-1	2,645312E+3	-1,423247E-1
2,646875E+3	1,893424E-1	2,646875E+3	-2,675528E-1	2,646875E+3	1,781776E-1	2,646875E+3	-2,423719E-1	2,646875E+3	1,763862E-1	2,646875E+3	-2,302012E-1	2,646875E+3	2,067657E-1	2,646875E+3	-2,100334E-1	2,646875E+3	3,133878E-1	2,646875E+3	-1,920290E-1	2,646875E+3	3,901489E-1	2,646875E+3	-1,645781E-1	2,646875E+3	4,486998E-1	2,646875E+3	-1,402117E-1
2,648437E+3	1,847840E-1	2,648437E+3	-2,662603E-1	2,648437E+3	1,786399E-1	2,648437E+3	-2,421561E-1	2,648437E+3	1,748428E-1	2,648437E+3	-2,270931E-1	2,648437E+3	2,065470E-1	2,648437E+3	-2,101402E-1	2,648437E+3	3,084568E-1	2,648437E+3	-1,915290E-1	2,648437E+3	3,925240E-1	2,648437E+3	-1,634215E-1	2,648437E+3	4,443525E-1	2,648437E+3	-1,463670E-1
2,650000E+3	1,853707E-1	2,650000E+3	-2,649696E-1	2,650000E+3	1,760726E-1	2,650000E+3	-2,405896E-1	2,650000E+3	1,745036E-1	2,650000E+3	-2,248697E-1	2,650000E+3	2,053224E-1	2,650000E+3	-2,097856E-1	2,650000E+3	3,146861E-1	2,650000E+3	-1,901130E-1	2,650000E+3	3,951202E-1	2,650000E+3	-1,573368E-1	2,650000E+3	4,472786E-1	2,650000E+3	-1,499279E-1
2,651562E+3	1,849037E-1	2,651562E+3	-2,622638E-1	2,651562E+3	1,746883E-1	2,651562E+3	-2,378456E-1	2,651562E+3	1,740333E-1	2,651562E+3	-2,243859E-1	2,651562E+3	2,028528E-1	2,651562E+3	-2,078187E-1	2,651562E+3	3,158203E-1	2,651562E+3	-1,896610E-1	2,651562E+3	3,933582E-1	2,651562E+3	-1,620027E-1	2,651562E+3	4,598486E-1	2,651562E+3	-1,426644E-1
2,653125E+3	1,805080E-1	2,653125E+3	-2,609742E-1	2,653125E+3	1,736157E-1	2,653125E+3	-2,379364E-1	2,653125E+3	1,743353E-1	2,653125E+3	-2,221595E-1	2,653125E+3	2,019483E-1	2,653125E+3	-2,053669E-1	2,653125E+3	3,125067E-1	2,653125E+3	-1,902657E-1	2,653125E+3	3,891991E-1	2,653125E+3	-1,630599E-1	2,653125E+3	4,581936E-1	2,653125E+3	-1,355967E-1
2,654687E+3	1,776182E-1	2,654687E+3	-2,624412E-1	2,654687E+3	1,722191E-1	2,654687E+3	-2,361894E-1	2,654687E+3	1,717584E-1	2,654687E+3	-2,209717E-1	2,654687E+3	2,020452E-1	2,654687E+3	-2,055147E-1	2,654687E+3	3,089532E-1	2,654687E+3	-1,824325E-1	2,654687E+3	3,946086E-1	2,654687E+3	-1,634783E-1	2,654687E+3	4,540369E-1	2,654687E+3	-1,412708E-1
2,656250E+3	1,774195E-1	2,656250E+3	-2,611854E-1	2,656250E+3	1,713508E-1	2,656250E+3	-2,344974E-1	2,656250E+3	1,708241E-1	2,656250E+3	-2,196047E-1	2,656250E+3	2,009700E-1	2,656250E+3	-2,045851E-1	2,656250E+3	3,142861E-1	2,656250E+3	-1,838069E-1	2,656250E+3	3,903858E-1	2,656250E+3	-1,654393E-1	2,656250E+3	4,438132E-1	2,656250E+3	-1,418969E-1
2,657812E+3	1,735296E-1	2,657812E+3	-2,601420E-1	2,657812E+3	1,698194E-1	2,657812E+3	-2,334196E-1	2,657812E+3	1,690280E-1	2,657812E+3	-2,174773E-1	2,657812E+3	1,987121E-1	2,657812E+3	-2,017568E-1	2,657812E+3	3,153060E-1	2,657812E+3	-1,838450E-1	2,657812E+3	3,894015E-1	2,657812E+3	-1,688337E-1	2,657812E+3	4,490372E-1	2,657812E+3	-1,396458E-1
2,659375E+3	1,687387E-1	2,659375E+3	-2,621461E-1	2,659375E+3	1,677033E-1	2,659375E+3	-2,338211E-1	2,659375E+3	1,683723E-1	2,659375E+3	-2,160742E-1	2,659375E+3	2,000536E-1	2,659375E+3	-2,013791E-1	2,659375E+3	3,056511E-1	2,659375E+3	-1,830796E-1	2,659375E+3	3,822542E-1	2,659375E+3	-1,591876E-1	2,659375E+3	4,456533E-1	2,659375E+3	-1,397198E-1
2,660937E+3	1,674898E-1	2,660937E+3	-2,597603E-1	2,660937E+3	1,658039E-1	2,660937E+3	-2,329135E-1	2,660937E+3	1,669722E-1	2,660937E+3	-2,168306E-1	2,660937E+3	1,989361E-1	2,660937E+3	-2,016818E-1	2,660937E+3	3,034837E-1	2,660937E+3	-1,824370E-1	2,660937E+3	3,828542E-1	2,660937E+3	-1,618900E-1	2,660937E+3	4,438205E-1	2,660937E+3	-1,447092E-1
2,662500E+3	1,673702E-1	2,662500E+3	-2,580717E-1	2,662500E+3	1,636430E-1	2,662500E+3	-2,312616E-1	2,662500E+3	1,662567E-1	2,662500E+3	-2,150320E-1	2,662500E+3	1,970521E-1	2,662500E+3	-2,005371E-1	2,662500E+3	3,013161E-1	2,662500E+3	-1,868123E-1	2,662500E+3	3,817566E-1	2,662500E+3	-1,675096E-1	2,662500E+3	4,409197E-1	2,662500E+3	-1,443385E-1
2,664062E+3	1,628188E-1	2,664062E+3	-2,595366E-1	2,664062E+3	1,624334E-1	2,664062E+3	-2,298824E-1	2,664062E+3	1,634642E-1	2,664062E+3	-2,137477E-1	2,664062E+3	1,966385E-1	2,664062E+3	-2,015419E-1	2,664062E+3	3,023990E-1	2,664062E+3	-1,908249E-1	2,664062E+3	3,765339E-1	2,664062E+3	-1,630601E-1	2,664062E+3	4,431077E-1	2,664062E+3	-1,405137E-1
2,665625E+3	1,580665E-1	2,665625E+3	-2,586520E-1	2,665625E+3	1,600186E-1	2,665625E+3	-2,300559E-1	2,665625E+3	1,631903E-1	2,665625E+3	-2,128681E-1	2,665625E+3	1,936605E-1	2,665625E+3	-1,974846E-1	2,665625E+3	3,053434E-1	2,665625E+3	-1,838607E-1	2,665625E+3	3,765420E-1	2,665625E+3	-1,602399E-1	2,665625E+3	4,335941E-1	2,665625E+3	-1,388605E-1
2,667187E+3	1,568543E-1	2,667187E+3	-2,571424E-1	2,667187E+3	1,590505E-1	2,667187E+3	-2,288666E-1	2,667187E+3	1,619719E-1	2,667187E+3	-2,129451E-1	2,667187E+3	1,918856E-1	2,667187E+3	-1,983738E-1	2,667187E+3	3,017358E-1	2,667187E+3	-1,838948E-1	2,667187E+3	3,796499E-1	2,667187E+3	-1,590929E-1	2,667187E+3	4,302947E-1	2,667187E+3	-1,373206E-1
2,668750E+3	1,562336E-1	2,668750E+3	-2,606136E-1	2,668750E+3	1,570462E-1	2,668750E+3	-2,291401E-1	2,668750E+3	1,599852E-1	2,668750E+3	-2,128449E-1	2,668750E+3	1,921784E-1	2,668750E+3	-1,980655E-1	2,668750E+3	2,996634E-1	2,668750E+3	-1,755114E-1	2,668750E+3	3,722240E-1	2,668750E+3	-1,552562E-1	2,668750E+3	4,307882E-1	2,668750E+3	-1,432107E-1
2,670312E+3	1,517595E-1	2,670312E+3	-2,615067E-1	2,670312E+3	1,546252E-1	2,670312E+3	-2,293880E-1	2,670312E+3	1,579162E-1	2,670312E+3	-2,127533E-1	2,670312E+3	1,900139E-1	2,670312E+3	-1,954939E-1	2,670312E+3	2,963184E-1	2,670312E+3	-1,766326E-1	2,670312E+3	3,735746E-1	2,670312E+3	-1,679410E-1	2,670312E+3	4,286498E-1	2,670312E+3	-1,407871E-1
2,671875E+3	1,481514E-1	2,671875E+3	-2,571757E-1	2,671875E+3	1,516273E-1	2,671875E+3	-2,284144E-1	2,671875E+3	1,562871E-1	2,671875E+3	-2,113545E-1	2,671875E+3	1,876019E-1	2,671875E+3	-1,953963E-1	2,671875E+3	2,965732E-1	2,671875E+3	-1,790275E-1	2,671875E+3	3,744172E-1	2,671875E+3	-1,672178E-1	2,671875E+3	4,308937E-1	2,671875E+3	-1,395612E-1
2,673437E+3	1,426854E-1	2,673437E+3	-2,574537E-1	2,673437E+3	1,481336E-1	2,673437E+3	-2,270615E-1	2,673437E+3	1,538923E-1	2,673437E+3	-2,105941E-1	2,673437E+3	1,861702E-1	2,673437E+3	-1,943588E-1	2,673437E+3	2,921402E-1	2,673437E+3	-1,833193E-1	2,673437E+3	3,724149E-1	2,673437E+3	-1,644164E-1	2,673437E+3	4,250301E-1	2,673437E+3	-1,369412E-1
2,675000E+3	1,406899E-1	2,675000E+3	-2,547120E-1	2,675000E+3	1,457972E-1	2,675000E+3	-2,264601E-1	2,675000E+3	1,513281E-1	2,675000E+3	-2,099168E-1	2,675000E+3	1,837377E-1	2,675000E+3	-1,949952E-1	2,675000E+3	2,907104E-1	2,675000E+3	-1,817635E-1	2,675000E+3	3,715603E-1	2,675000E+3	-1,601991E-1	2,675000E+3	4,279882E-1	2,675000E+3	-1,393427E-1
2,676562E+3	1,371174E-1	2,676562E+3	-2,528598E-1	2,676562E+3	1,425582E-1	2,676562E+3	-2,265828E-1	2,676562E+3	1,480245E-1	2,676562E+3	-2,088761E-1	2,676562E+3	1,813309E-1	2,676562E+3	-1,943484E-1	2,676562E+3	2,842733E-1	2,676562E+3	-1,787182E-1	2,676562E+3	3,644244E-1	2,676562E+3	-1,567420E-1	2,676562E+3	4,318205E-1	2,676562E+3	-1,336448E-1
2,678125E+3	1,329059E-1	2,678125E+3	-2,520744E-1	2,678125E+3	1,400581E-1	2,678125E+3	-2,257650E-1	2,678125E+3	1,460469E-1	2,678125E+3	-2,070965E-1	2,678125E+3	1,794996E-1	2,678125E+3	-1,956636E-1	2,678125E+3	2,838540E-1	2,678125E+3	-1,796305E-1	2,678125E+3	3,605225E-1	2,678125E+3	-1,575436E-1	2,678125E+3	4,283252E-1	2,678125E+3	-1,380583E-1
2,679687E+3	1,256404E-1	2,679687E+3	-2,516229E-1	2,679687E+3	1,380334E-1	2,679687E+3	-2,245282E-1	2,679687E+3	1,440563E-1	2,679687E+3	-2,064968E-1	2,679687E+3	1,761201E-1	2,679687E+3	-1,954411E-1	2,679687E+3	2,856501E-1	2,679687E+3	-1,808795E-1	2,679687E+3	3,620541E-1	2,679687E+3	-1,609237E-1	2,679687E+3	4,185749E-1	2,679687E+3	-1,368741E-1
2,681250E+3	1,249247E-1	2,681250E+3	-2,502343E-1	2,681250E+3	1,340650E-1	2,681250E+3	-2,235864E-1	2,681250E+3	1,400882E-1	2,681250E+3	-2,064438E-1	2,681250E+3	1,751047E-1	2,681250E+3	-1,936741E-1	2,681250E+3	2,816786E-1	2,681250E+3	-1,792315E-1	2,681250E+3	3,623111E-1	2,681250E+3	-1,623865E-1	2,681250E+3	4,145271E-1	2,681250E+3	-1,358570E-1
2,682812E+3	1,214213E-1	2,682812E+3	-2,504500E-1	2,682812E+3	1,299151E-1	2,682812E+3	-2,233084E-1	2,682812E+3	1,369622E-1	2,682812E+3	-2,058815E-1	2,682812E+3	1,731008E-1	2,682812E+3	-1,925915E-1	2,682812E+3	2,738984E-1	2,682812E+3	-1,798721E-1	2,682812E+3	3,566230E-1	2,682812E+3	-1,632250E-1	2,682812E+3	4,210743E-1	2,682812E+3	-1,322549E-1
2,684375E+3	1,165311E-1	2,684375E+3	-2,504907E-1	2,684375E+3	1,264428E-1	2,684375E+3	-2,221351E-1	2,684375E+3	1,339878E-1	2,684375E+3	-2,044865E-1	2,684375E+3	1,704822E-1	2,684375E+3	-1,916154E-1	2,684375E+3	2,750456E-1	2,684375E+3	-1,791560E-1	2,684375E+3	3,561876E-1	2,684375E+3	-1,538981E-1	2,684375E+3	4,208845E-1	2,684375E+3	-1,292392E-1
2,685937E+3	1,118050E-1	2,685937E+3	-2,484289E-1	2,685937E+3	1,236507E-1	2,685937E+3	-2,233746E-1	2,685937E+3	1,317583E-1	2,685937E+3	-2,034156E-1	2,685937E+3	1,657749E-1	2,685937E+3	-1,930894E-1	2,685937E+3	2,754366E-1	2,685937E+3	-1,785134E-1	2,685937E+3	3,512478E-1	2,685937E+3	-1,524668E-1	2,685937E+3	4,137972E-1	2,685937E+3	-1,311618E-1
2,687500E+3	1,082583E-1	2,687500E+3	-2,444345E-1	2,687500E+3	1,187331E-1	2,687500E+3	-2,218979E-1	2,687500E+3	1,274259E-1	2,687500E+3	-2,032321E-1	2,687500E+3	1,632191E-1	2,687500E+3	-1,911615E-1	2,687500E+3	2,748942E-1	2,687500E+3	-1,722483E-1	2,687500E+3	3,469713E-1	2,687500E+3	-1,561325E-1	2,687500E+3	4,118045E-1	2,687500E+3	-1,350932E-1
2,689062E+3	1,010097E-1	2,689062E+3	-2,430818E-1	2,689062E+3	1,155162E-1	2,689062E+3	-2,185117E-1	2,689062E+3	1,242675E-1	2,689062E+3	-2,022952E-1	2,689062E+3	1,599380E-1	2,689062E+3	-1,889327E-1	2,689062E+3	2,684740E-1	2,689062E+3	-1,712287E-1	2,689062E+3	3,472366E-1	2,689062E+3	-1,570947E-1	2,689062E+3	4,059333E-1	2,689062E+3	-1,303076E-1
2,690625E+3	9,755745E-2	2,690625E+3	-2,389886E-1	2,690625E+3	1,110717E-1	2,690625E+3	-2,174843E-1	2,690625E+3	1,199749E-1	2,690625E+3	-2,025396E-1	2,690625E+3	1,563460E-1	2,690625E+3	-1,863787E-1	2,690625E+3	2,589255E-1	2,690625E+3	-1,691994E-1	2,690625E+3	3,471485E-1	2,690625E+3	-1,541545E-1	2,690625E+3	4,015651E-1	2,690625E+3	-1,231011E-1
2,692187E+3	9,369389E-2	2,692187E+3	-2,344826E-1	2,692187E+3	1,066441E-1	2,692187E+3	-2,170352E-1	2,692187E+3	1,163443E-1	2,692187E+3	-2,005898E-1	2,692187E+3	1,542505E-1	2,692187E+3	-1,848349E-1	2,692187E+3	2,595805E-1	2,692187E+3	-1,700182E-1	2,692187E+3	3,423865E-1	2,692187E+3	-1,529632E-1	2,692187E+3	3,992848E-1	2,692187E+3	-1,248579E-1
2,693750E+3	8,958841E-2	2,693750E+3	-2,346294E-1	2,693750E+3	1,021488E-1	2,693750E+3	-2,153251E-1	2,693750E+3	1,128910E-1	2,693750E+3	-1,987697E-1	2,693750E+3	1,497716E-1	2,693750E+3	-1,843490E-1	2,693750E+3	2,589408E-1	2,693750E+3	-1,725225E-1	2,693750E+3	3,354560E-1	2,693750E+3	-1,541378E-1	2,693750E+3	4,013996E-1	2,693750E+3	-1,247404E-1
2,695312E+3	8,307756E-2	2,695312E+3	-2,349668E-1	2,695312E+3	9,814475E-2	2,695312E+3	-2,127975E-1	2,695312E+3	1,092922E-1	2,695312E+3	-1,998106E-1	2,695312E+3	1,449937E-1	2,695312E+3	-1,851196E-1	2,695312E+3	2,566884E-1	2,695312E+3	-1,697962E-1	2,695312E+3	3,364506E-1	2,695312E+3	-1,562501E-1	2,695312E+3	3,997585E-1	2,695312E+3	-1,251297E-1
2,696875E+3	8,023408E-2	2,696875E+3	-2,318253E-1	2,696875E+3	9,494118E-2	2,696875E+3	-2,105429E-1	2,696875E+3	1,050826E-1	2,696875E+3	-1,981849E-1	2,696875E+3	1,445396E-1	2,696875E+3	-1,826615E-1	2,696875E+3	2,503548E-1	2,696875E+3	-1,698881E-1	2,696875E+3	3,346353E-1	2,696875E+3	-1,545326E-1	2,696875E+3	3,995224E-1	2,696875E+3	-1,278648E-1
2,698437E+3	7,432338E-2	2,698437E+3	-2,285644E-1	2,698437E+3	8,937511E-2	2,698437E+3	-2,097403E-1	2,698437E+3	1,009949E-1	2,698437E+3	-1,948224E-1	2,698437E+3	1,401192E-1	2,698437E+3	-1,811045E-1	2,698437E+3	2,443406E-1	2,698437E+3	-1,719730E-1	2,698437E+3	3,303641E-1	2,698437E+3	-1,531084E-1	2,698437E+3	3,896465E-1	2,698437E+3	-1,323919E-1
2,700000E+3	6,698482E-2	2,700000E+3	-2,254042E-1	2,700000E+3	8,506319E-2	2,700000E+3	-2,064098E-1	2,700000E+3	9,652804E-2	2,700000E+3	-1,934560E-1	2,700000E+3	1,348519E-1	2,700000E+3	-1,803546E-1	2,700000E+3	2,418466E-1	2,700000E+3	-1,681251E-1	2,700000E+3	3,200515E-1	2,700000E+3	-1,525390E-1	2,700000E+3	3,891033E-1	2,700000E+3	-1,288561E-1
2,701562E+3	6,608097E-2	2,701562E+3	-2,221120E-1	2,701562E+3	8,132502E-2	2,701562E+3	-2,044530E-1	2,701562E+3	9,327696E-2	2,701562E+3	-1,918506E-1	2,701562E+3	1,283408E-1	2,701562E+3	-1,775581E-1	2,701562E+3	2,416116E-1	2,701562E+3	-1,637037E-1	2,701562E+3	3,135808E-1	2,701562E+3	-1,479660E-1	2,701562E+3	3,948056E-1	2,701562E+3	-1,249660E-1
2,703125E+3	6,121518E-2	2,703125E+3	-2,180779E-1	2,703125E+3	7,535412E-2	2,703125E+3	-2,032570E-1	2,703125E+3	8,833009E-2	2,703125E+3	-1,903152E-1	2,703125E+3	1,256792E-1	2,703125E+3	-1,785293E-1	2,703125E+3	2,385595E-1	2,703125E+3	-1,643374E-1	2,703125E+3	3,180747E-1	2,703125E+3	-1,543783E-1	2,703125E+3	3,981690E-1	2,703125E+3	-1,205008E-1
2,704687E+3	5,658983E-2	2,704687E+3	-2,143930E-1	2,704687E+3	7,198388E-2	2,704687E+3	-1,996371E-1	2,704687E+3	8,370530E-2	2,704687E+3	-1,867388E-1	2,704687E+3	1,214086E-1	2,704687E+3	-1,750126E-1	2,704687E+3	2,357327E-1	2,704687E+3	-1,608709E-1	2,704687E+3	3,163742E-1	2,704687E+3	-1,468731E-1	2,704687E+3	3,868903E-1	2,704687E+3	-1,152728E-1
2,706250E+3	5,097417E-2	2,706250E+3	-2,122942E-1	2,706250E+3	6,607014E-2	2,706250E+3	-1,966788E-1	2,706250E+3	7,846584E-2	2,706250E+3	-1,856280E-1	2,706250E+3	1,176437E-1	2,706250E+3	-1,748789E-1	2,706250E+3	2,259867E-1	2,706250E+3	-1,556198E-1	2,706250E+3	3,145278E-1	2,706250E+3	-1,431158E-1	2,706250E+3	3,826748E-1	2,706250E+3	-1,122662E-1
2,707812E+3	4,341681E-2	2,707812E+3	-2,085762E-1	2,707812E+3	6,134279E-2	2,707812E+3	-1,946847E-1	2,707812E+3	7,424986E-2	2,707812E+3	-1,827661E-1	2,707812E+3	1,144978E-1	2,707812E+3	-1,711381E-1	2,707812E+3	2,243766E-1	2,707812E+3	-1,556665E-1	2,707812E+3	3,140676E-1	2,707812E+3	-1,431860E-1	2,707812E+3	3,815156E-1	2,707812E+3	-1,148535E-1
2,709375E+3	3,762786E-2	2,709375E+3	-2,058433E-1	2,709375E+3	5,685360E-2	2,709375E+3	-1,926401E-1	2,709375E+3	6,986697E-2	2,709375E+3	-1,800016E-1	2,709375E+3	1,101111E-1	2,709375E+3	-1,677534E-1	2,709375E+3	2,206336E-1	2,709375E+3	-1,554777E-1	2,709375E+3	3,102684E-1	2,709375E+3	-1,414279E-1	2,709375E+3	3,802681E-1	2,709375E+3	-1,177087E-1
2,710937E+3	3,462377E-2	2,710937E+3	-2,041922E-1	2,710937E+3	5,144641E-2	2,710937E+3	-1,888734E-1	2,710937E+3	6,390549E-2	2,710937E+3	-1,772516E-1	2,710937E+3	1,069354E-1	2,710937E+3	-1,657289E-1	2,710937E+3	2,206198E-1	2,710937E+3	-1,546087E-1	2,710937E+3	3,096496E-1	2,710937E+3	-1,329693E-1	2,710937E+3	3,791550E-1	2,710937E+3	-1,145459E-1
2,712500E+3	2,937686E-2	2,712500E+3	-1,990868E-1	2,712500E+3	4,750200E-2	2,712500E+3	-1,864105E-1	2,712500E+3	5,989735E-2	2,712500E+3	-1,753455E-1	2,712500E+3	1,003014E-1	2,712500E+3	-1,652177E-1	2,712500E+3	2,181704E-1	2,712500E+3	-1,509683E-1	2,712500E+3	3,039694E-1	2,712500E+3	-1,284341E-1	2,712500E+3	3,788965E-1	2,712500E+3	-1,116140E-1
2,714062E+3	2,660873E-2	2,714062E+3	-1,944427E-1	2,714062E+3	4,205041E-2	2,714062E+3	-1,833301E-1	2,714062E+3	5,583713E-2	2,714062E+3	-1,728596E-1	2,714062E+3	9,492710E-2	2,714062E+3	-1,615386E-1	2,714062E+3	2,114258E-1	2,714062E+3	-1,506492E-1	2,714062E+3	3,001561E-1	2,714062E+3	-1,327311E-1	2,714062E+3	3,710699E-1	2,714062E+3	-1,175814E-1
2,715625E+3	2,031127E-2	2,715625E+3	-1,917376E-1	2,715625E+3	3,736487E-2	2,715625E+3	-1,805442E-1	2,715625E+3	5,039814E-2	2,715625E+3	-1,688859E-1	2,715625E+3	9,227855E-2	2,715625E+3	-1,606110E-1	2,715625E+3	2,058311E-1	2,715625E+3	-1,570339E-1	2,715625E+3	2,974590E-1	2,715625E+3	-1,261407E-1	2,715625E+3	3,742532E-1	2,715625E+3	-1,088224E-1
2,717187E+3	1,501602E-2	2,717187E+3	-1,876930E-1	2,717187E+3	3,309041E-2	2,717187E+3	-1,760638E-1	2,717187E+3	4,652211E-2	2,717187E+3	-1,663476E-1	2,717187E+3	8,796366E-2	2,717187E+3	-1,553746E-1	2,717187E+3	1,999901E-1	2,717187E+3	-1,460235E-1	2,717187E+3	2,903394E-1	2,717187E+3	-1,303071E-1	2,717187E+3	3,696455E-1	2,717187E+3	-1,017099E-1
2,718750E+3	9,908449E-3	2,718750E+3	-1,852212E-1	2,718750E+3	2,706072E-2	2,718750E+3	-1,728274E-1	2,718750E+3	4,064665E-2	2,718750E+3	-1,632584E-1	2,718750E+3	8,179968E-2	2,718750E+3	-1,528897E-1	2,718750E+3	1,986004E-1	2,718750E+3	-1,464469E-1	2,718750E+3	2,896712E-1	2,718750E+3	-1,277404E-1	2,718750E+3	3,713598E-1	2,718750E+3	-1,032902E-1
2,720312E+3	7,245230E-3	2,720312E+3	-1,792148E-1	2,720312E+3	2,222258E-2	2,720312E+3	-1,673172E-1	2,720312E+3	3,746183E-2	2,720312E+3	-1,593283E-1	2,720312E+3	7,906480E-2	2,720312E+3	-1,505339E-1	2,720312E+3	1,952498E-1	2,720312E+3	-1,488861E-1	2,720312E+3	2,889789E-1	2,720312E+3	-1,224236E-1	2,720312E+3	3,697359E-1	2,720312E+3	-9,510679E-2
2,721875E+3	3,326675E-3	2,721875E+3	-1,737367E-1	2,721875E+3	1,817324E-2	2,721875E+3	-1,627218E-1	2,721875E+3	3,202061E-2	2,721875E+3	-1,541863E-1	2,721875E+3	7,358775E-2	2,721875E+3	-1,467280E-1	2,721875E+3	1,967089E-1	2,721875E+3	-1,389546E-1	2,721875E+3	2,850314E-1	2,721875E+3	-1,290314E-1	2,721875E+3	3,676410E-1	2,721875E+3	-9,331348E-2
2,723437E+3	-3,073357E-3	2,723437E+3	-1,706566E-1	2,723437E+3	1,352827E-2	2,723437E+3	-1,591752E-1	2,723437E+3	2,709292E-2	2,723437E+3	-1,506838E-1	2,723437E+3	6,993116E-2	2,723437E+3	-1,406465E-1	2,723437E+3	1,912673E-1	2,723437E+3	-1,387949E-1	2,723437E+3	2,775445E-1	2,723437E+3	-1,360998E-1	2,723437E+3	3,709592E-1	2,723437E+3	-1,000287E-1
2,725000E+3	-8,395636E-3	2,725000E+3	-1,642523E-1	2,725000E+3	8,539446E-3	2,725000E+3	-1,548806E-1	2,725000E+3	2,188308E-2	2,725000E+3	-1,469013E-1	2,725000E+3	6,359813E-2	2,725000E+3	-1,389294E-1	2,725000E+3	1,934571E-1	2,725000E+3	-1,325695E-1	2,725000E+3	2,805161E-1	2,725000E+3	-1,235858E-1	2,725000E+3	3,678840E-1	2,725000E+3	-1,036847E-1
2,726562E+3	-1,183327E-2	2,726562E+3	-1,582965E-1	2,726562E+3	3,776374E-3	2,726562E+3	-1,499394E-1	2,726562E+3	1,839524E-2	2,726562E+3	-1,424424E-1	2,726562E+3	5,986566E-2	2,726562E+3	-1,366137E-1	2,726562E+3	1,841101E-1	2,726562E+3	-1,255912E-1	2,726562E+3	2,769010E-1	2,726562E+3	-1,118624E-1	2,726562E+3	3,630075E-1	2,726562E+3	-9,060821E-2
2,728125E+3	-1,593780E-2	2,728125E+3	-1,517968E-1	2,728125E+3	-1,306185E-4	2,728125E+3	-1,452408E-1	2,728125E+3	1,464807E-2	2,728125E+3	-1,380066E-1	2,728125E+3	5,742779E-2	2,728125E+3	-1,339956E-1	2,728125E+3	1,714603E-1	2,728125E+3	-1,282191E-1	2,728125E+3	2,773030E-1	2,728125E+3	-1,104048E-1	2,728125E+3	3,523569E-1	2,728125E+3	-8,951200E-2
2,729687E+3	-2,095378E-2	2,729687E+3	-1,479822E-1	2,729687E+3	-4,607467E-3	2,729687E+3	-1,403541E-1	2,729687E+3	9,415684E-3	2,729687E+3	-1,328535E-1	2,729687E+3	5,137471E-2	2,729687E+3	-1,272731E-1	2,729687E+3	1,729600E-1	2,729687E+3	-1,297030E-1	2,729687E+3	2,731536E-1	2,729687E+3	-1,081280E-1	2,729687E+3	3,482510E-1	2,729687E+3	-8,407115E-2
2,731250E+3	-2,671465E-2	2,731250E+3	-1,465851E-1	2,731250E+3	-9,106445E-3	2,731250E+3	-1,365031E-1	2,731250E+3	4,455874E-3	2,731250E+3	-1,299962E-1	2,731250E+3	4,705860E-2	2,731250E+3	-1,229356E-1	2,731250E+3	1,762573E-1	2,731250E+3	-1,274937E-1	2,731250E+3	2,774114E-1	2,731250E+3	-1,129023E-1	2,731250E+3	3,477805E-1	2,731250E+3	-7,384552E-2
2,732812E+3	-3,082905E-2	2,732812E+3	-1,376335E-1	2,732812E+3	-1,363281E-2	2,732812E+3	-1,310745E-1	2,732812E+3	-4,795571E-4	2,732812E+3	-1,247641E-1	2,732812E+3	4,321697E-2	2,732812E+3	-1,222282E-1	2,732812E+3	1,725585E-1	2,732812E+3	-1,215578E-1	2,732812E+3	2,710564E-1	2,732812E+3	-9,973749E-2	2,732812E+3	3,446069E-1	2,732812E+3	-7,467242E-2
2,734375E+3	-3,264432E-2	2,734375E+3	-1,321871E-1	2,734375E+3	-1,835720E-2	2,734375E+3	-1,272728E-1	2,734375E+3	-4,238262E-3	2,734375E+3	-1,202353E-1	2,734375E+3	3,782166E-2	2,734375E+3	-1,171413E-1	2,734375E+3	1,626424E-1	2,734375E+3	-1,204610E-1	2,734375E+3	2,711731E-1	2,734375E+3	-1,040328E-1	2,734375E+3	3,432072E-1	2,734375E+3	-7,274777E-2
2,735937E+3	-3,723759E-2	2,735937E+3	-1,271298E-1	2,735937E+3	-2,310091E-2	2,735937E+3	-1,215740E-1	2,735937E+3	-9,582399E-3	2,735937E+3	-1,139084E-1	2,735937E+3	3,470865E-2	2,735937E+3	-1,117084E-1	2,735937E+3	1,634960E-1	2,735937E+3	-1,168834E-1	2,735937E+3	2,651938E-1	2,735937E+3	-1,009731E-1	2,735937E+3	3,519971E-1	2,735937E+3	-6,701169E-2
2,737500E+3	-4,205571E-2	2,737500E+3	-1,202407E-1	2,737500E+3	-2,747167E-2	2,737500E+3	-1,160105E-1	2,737500E+3	-1,177014E-2	2,737500E+3	-1,097015E-1	2,737500E+3	2,834621E-2	2,737500E+3	-1,061495E-1	2,737500E+3	1,547492E-1	2,737500E+3	-1,131369E-1	2,737500E+3	2,585733E-1	2,737500E+3	-9,528159E-2	2,737500E+3	3,426727E-1	2,737500E+3	-7,392101E-2
2,739062E+3	-4,528136E-2	2,739062E+3	-1,122722E-1	2,739062E+3	-3,197832E-2	2,739062E+3	-1,103029E-1	2,739062E+3	-1,726284E-2	2,739062E+3	-1,041263E-1	2,739062E+3	2,576640E-2	2,739062E+3	-1,023069E-1	2,739062E+3	1,523728E-1	2,739062E+3	-1,047983E-1	2,739062E+3	2,550450E-1	2,739062E+3	-9,643541E-2	2,739062E+3	3,463964E-1	2,739062E+3	-7,282435E-2
2,740625E+3	-4,921760E-2	2,740625E+3	-1,098223E-1	2,740625E+3	-3,391675E-2	2,740625E+3	-1,052000E-1	2,740625E+3	-2,239710E-2	2,740625E+3	-9,911507E-2	2,740625E+3	2,496384E-2	2,740625E+3	-9,667079E-2	2,740625E+3	1,550826E-1	2,740625E+3	-1,020756E-1	2,740625E+3	2,546141E-1	2,740625E+3	-9,498974E-2	2,740625E+3	3,523495E-1	2,740625E+3	-6,749073E-2
2,742187E+3	-5,168249E-2	2,742187E+3	-1,051347E-1	2,742187E+3	-4,038052E-2	2,742187E+3	-9,875600E-2	2,742187E+3	-2,602048E-2	2,742187E+3	-9,403097E-2	2,742187E+3	2,093644E-2	2,742187E+3	-9,194761E-2	2,742187E+3	1,550325E-1	2,742187E+3	-9,853085E-2	2,742187E+3	2,583558E-1	2,742187E+3	-8,603336E-2	2,742187E+3	3,395781E-1	2,742187E+3	-6,756078E-2
2,743750E+3	-5,769062E-2	2,743750E+3	-9,910879E-2	2,743750E+3	-4,427679E-2	2,743750E+3	-9,304254E-2	2,743750E+3	-2,905274E-2	2,743750E+3	-8,848343E-2	2,743750E+3	1,444961E-2	2,743750E+3	-8,951769E-2	2,743750E+3	1,526795E-1	2,743750E+3	-9,755236E-2	2,743750E+3	2,531054E-1	2,743750E+3	-8,174882E-2	2,743750E+3	3,435036E-1	2,743750E+3	-7,145564E-2
2,745312E+3	-6,179142E-2	2,745312E+3	-9,101986E-2	2,745312E+3	-4,617556E-2	2,745312E+3	-8,811535E-2	2,745312E+3	-3,338470E-2	2,745312E+3	-8,296476E-2	2,745312E+3	9,275091E-3	2,745312E+3	-8,176956E-2	2,745312E+3	1,431041E-1	2,745312E+3	-9,127758E-2	2,745312E+3	2,456338E-1	2,745312E+3	-8,937839E-2	2,745312E+3	3,339041E-1	2,745312E+3	-7,740231E-2
2,746875E+3	-6,535009E-2	2,746875E+3	-8,241370E-2	2,746875E+3	-4,983148E-2	2,746875E+3	-8,066973E-2	2,746875E+3	-3,753002E-2	2,746875E+3	-7,674287E-2	2,746875E+3	8,415760E-3	2,746875E+3	-7,669903E-2	2,746875E+3	1,467361E-1	2,746875E+3	-8,440407E-2	2,746875E+3	2,476205E-1	2,746875E+3	-7,869604E-2	2,746875E+3	3,207660E-1	2,746875E+3	-6,962354E-2
2,748437E+3	-6,947114E-2	2,748437E+3	-7,652823E-2	2,748437E+3	-5,407833E-2	2,748437E+3	-7,530389E-2	2,748437E+3	-3,990798E-2	2,748437E+3	-7,036246E-2	2,748437E+3	5,427350E-3	2,748437E+3	-7,004580E-2	2,748437E+3	1,480304E-1	2,748437E+3	-7,720558E-2	2,748437E+3	2,403214E-1	2,748437E+3	-8,269497E-2	2,748437E+3	3,238063E-1	2,748437E+3	-6,292284E-2
2,750000E+3	-6,827780E-2	2,750000E+3	-7,018342E-2	2,750000E+3	-5,673347E-2	2,750000E+3	-6,971283E-2	2,750000E+3	-4,326913E-2	2,750000E+3	-6,454545E-2	2,750000E+3	2,305304E-3	2,750000E+3	-6,316672E-2	2,750000E+3	1,440459E-1	2,750000E+3	-7,976069E-2	2,750000E+3	2,426865E-1	2,750000E+3	-8,265093E-2	2,750000E+3	3,344833E-1	2,750000E+3	-6,437207E-2
2,751562E+3	-7,205581E-2	2,751562E+3	-6,428055E-2	2,751562E+3	-6,053892E-2	2,751562E+3	-6,414790E-2	2,751562E+3	-4,681813E-2	2,751562E+3	-5,878045E-2	2,751562E+3	4,859536E-4	2,751562E+3	-5,886886E-2	2,751562E+3	1,370497E-1	2,751562E+3	-7,768646E-2	2,751562E+3	2,450325E-1	2,751562E+3	-7,695030E-2	2,751562E+3	3,312613E-1	2,751562E+3	-6,247700E-2
2,753125E+3	-7,617862E-2	2,753125E+3	-5,677193E-2	2,753125E+3	-6,373518E-2	2,753125E+3	-5,693916E-2	2,753125E+3	-5,068228E-2	2,753125E+3	-5,233844E-2	2,753125E+3	-4,868587E-3	2,753125E+3	-5,494750E-2	2,753125E+3	1,271440E-1	2,753125E+3	-6,930158E-2	2,753125E+3	2,412224E-1	2,753125E+3	-7,636412E-2	2,753125E+3	3,359791E-1	2,753125E+3	-5,927902E-2
2,754687E+3	-7,885240E-2	2,754687E+3	-4,912795E-2	2,754687E+3	-6,635517E-2	2,754687E+3	-4,956776E-2	2,754687E+3	-5,348539E-2	2,754687E+3	-4,615670E-2	2,754687E+3	-7,299462E-3	2,754687E+3	-4,864600E-2	2,754687E+3	1,264810E-1	2,754687E+3	-6,419924E-2	2,754687E+3	2,420990E-1	2,754687E+3	-7,074176E-2	2,754687E+3	3,435341E-1	2,754687E+3	-5,260033E-2
2,756250E+3	-8,222208E-2	2,756250E+3	-4,482406E-2	2,756250E+3	-7,185948E-2	2,756250E+3	-4,312231E-2	2,756250E+3	-5,675759E-2	2,756250E+3	-3,990106E-2	2,756250E+3	-1,382329E-2	2,756250E+3	-4,510619E-2	2,756250E+3	1,274784E-1	2,756250E+3	-6,136370E-2	2,756250E+3	2,378886E-1	2,756250E+3	-5,887060E-2	2,756250E+3	3,365450E-1	2,756250E+3	-5,501127E-2
2,757812E+3	-8,543145E-2	2,757812E+3	-3,845290E-2	2,757812E+3	-7,472162E-2	2,757812E+3	-3,665214E-2	2,757812E+3	-6,131118E-2	2,757812E+3	-3,427522E-2	2,757812E+3	-1,445088E-2	2,757812E+3	-4,042952E-2	2,757812E+3	1,259371E-1	2,757812E+3	-5,845598E-2	2,757812E+3	2,378388E-1	2,757812E+3	-5,691200E-2	2,757812E+3	3,377310E-1	2,757812E+3	-4,479651E-2
2,759375E+3	-8,901956E-2	2,759375E+3	-2,977886E-2	2,759375E+3	-7,604345E-2	2,759375E+3	-3,007494E-2	2,759375E+3	-6,263942E-2	2,759375E+3	-2,780128E-2	2,759375E+3	-1,701904E-2	2,759375E+3	-3,162839E-2	2,759375E+3	1,210983E-1	2,759375E+3	-5,416980E-2	2,759375E+3	2,355736E-1	2,759375E+3	-6,386855E-2	2,759375E+3	3,283044E-1	2,759375E+3	-3,725732E-2
2,760937E+3	-8,956776E-2	2,760937E+3	-2,557148E-2	2,760937E+3	-8,022019E-2	2,760937E+3	-2,410724E-2	2,760937E+3	-6,642796E-2	2,760937E+3	-2,080264E-2	2,760937E+3	-2,105860E-2	2,760937E+3	-3,060044E-2	2,760937E+3	1,200600E-1	2,760937E+3	-4,960639E-2	2,760937E+3	2,261634E-1	2,760937E+3	-5,938258E-2	2,760937E+3	3,222038E-1	2,760937E+3	-4,183517E-2
2,762500E+3	-8,970406E-2	2,762500E+3	-2,085825E-2	2,762500E+3	-8,271595E-2	2,762500E+3	-1,724241E-2	2,762500E+3	-6,844355E-2	2,762500E+3	-1,518867E-2	2,762500E+3	-2,503254E-2	2,762500E+3	-2,274912E-2	2,762500E+3	1,134379E-1	2,762500E+3	-4,764691E-2	2,762500E+3	2,299918E-1	2,762500E+3	-5,108516E-2	2,762500E+3	3,267349E-1	2,762500E+3	-4,439943E-2
2,764062E+3	-9,378579E-2	2,764062E+3	-1,164234E-2	2,764062E+3	-8,452503E-2	2,764062E+3	-9,299364E-3	2,764062E+3	-7,071979E-2	2,764062E+3	-7,542389E-3	2,764062E+3	-2,737690E-2	2,764062E+3	-1,352709E-2	2,764062E+3	1,111157E-1	2,764062E+3	-4,415174E-2	2,764062E+3	2,293468E-1	2,764062E+3	-5,370724E-2	2,764062E+3	3,250221E-1	2,764062E+3	-3,778341E-2
2,765625E+3	-9,555095E-2	2,765625E+3	-5,041379E-3	2,765625E+3	-8,652903E-2	2,765625E+3	-3,490747E-3	2,765625E+3	-7,360337E-2	2,765625E+3	-3,341198E-4	2,765625E+3	-2,542673E-2	2,765625E+3	-6,708525E-3	2,765625E+3	1,155393E-1	2,765625E+3	-3,840382E-2	2,765625E+3	2,308390E-1	2,765625E+3	-5,762647E-2	2,765625E+3	3,149756E-1	2,765625E+3	-3,091275E-2
2,767187E+3	-9,868803E-2	2,767187E+3	4,668734E-3	2,767187E+3	-8,790387E-2	2,767187E+3	3,501846E-3	2,767187E+3	-7,439180E-2	2,767187E+3	4,737315E-3	2,767187E+3	-2,676717E-2	2,767187E+3	-1,038018E-3	2,767187E+3	1,096911E-1	2,767187E+3	-2,723937E-2	2,767187E+3	2,255537E-1	2,767187E+3	-4,969558E-2	2,767187E+3	3,026145E-1	2,767187E+3	-2,563892E-2
2,768750E+3	-1,001767E-1	2,768750E+3	1,120205E-2	2,768750E+3	-8,930784E-2	2,768750E+3	1,089400E-2	2,768750E+3	-7,750098E-2	2,768750E+3	1,233426E-2	2,768750E+3	-3,181246E-2	2,768750E+3	3,642526E-3	2,768750E+3	1,031922E-1	2,768750E+3	-2,726900E-2	2,768750E+3	2,288651E-1	2,768750E+3	-4,362265E-2	2,768750E+3	3,162811E-1	2,768750E+3	-2,006175E-2
2,770312E+3	-1,020080E-1	2,770312E+3	1,665887E-2	2,770312E+3	-9,317977E-2	2,770312E+3	1,768278E-2	2,770312E+3	-8,064415E-2	2,770312E+3	1,939156E-2	2,770312E+3	-3,453467E-2	2,770312E+3	9,784686E-3	2,770312E+3	1,029867E-1	2,770312E+3	-2,566544E-2	2,770312E+3	2,278553E-1	2,770312E+3	-3,547331E-2	2,770312E+3	3,193472E-1	2,770312E+3	-2,603987E-2
2,771875E+3	-1,065722E-1	2,771875E+3	2,520819E-2	2,771875E+3	-9,520505E-2	2,771875E+3	2,350418E-2	2,771875E+3	-8,324223E-2	2,771875E+3	2,632001E-2	2,771875E+3	-3,613408E-2	2,771875E+3	1,798496E-2	2,771875E+3	1,018918E-1	2,771875E+3	-1,950848E-2	2,771875E+3	2,200660E-1	2,771875E+3	-2,730881E-2	2,771875E+3	3,199249E-1	2,771875E+3	-2,735805E-2
2,773437E+3	-1,077443E-1	2,773437E+3	3,302838E-2	2,773437E+3	-9,638245E-2	2,773437E+3	3,317247E-2	2,773437E+3	-8,346081E-2	2,773437E+3	3,334838E-2	2,773437E+3	-3,598403E-2	2,773437E+3	2,688782E-2	2,773437E+3	1,034761E-1	2,773437E+3	-1,389899E-2	2,773437E+3	2,195722E-1	2,773437E+3	-3,143881E-2	2,773437E+3	3,124059E-1	2,773437E+3	-2,466244E-2
2,775000E+3	-1,081228E-1	2,775000E+3	3,986467E-2	2,775000E+3	-9,945179E-2	2,775000E+3	3,975945E-2	2,775000E+3	-8,578030E-2	2,775000E+3	4,064156E-2	2,775000E+3	-3,831924E-2	2,775000E+3	2,888983E-2	2,775000E+3	1,014796E-1	2,775000E+3	-1,399836E-2	2,775000E+3	2,116371E-1	2,775000E+3	-2,088855E-2	2,775000E+3	3,165294E-1	2,775000E+3	-1,499832E-2
2,776562E+3	-1,087369E-1	2,776562E+3	4,673698E-2	2,776562E+3	-1,001423E-1	2,776562E+3	4,513421E-2	2,776562E+3	-8,760863E-2	2,776562E+3	4,722635E-2	2,776562E+3	-4,057488E-2	2,776562E+3	3,355825E-2	2,776562E+3	9,988971E-2	2,776562E+3	-1,461141E-2	2,776562E+3	2,145447E-1	2,776562E+3	-1,403263E-2	2,776562E+3	3,277999E-1	2,776562E+3	-1,518571E-2
2,778125E+3	-1,068813E-1	2,778125E+3	5,264786E-2	2,778125E+3	-1,014608E-1	2,778125E+3	5,492581E-2	2,778125E+3	-8,911784E-2	2,778125E+3	5,423924E-2	2,778125E+3	-4,413238E-2	2,778125E+3	4,138399E-2	2,778125E+3	9,198355E-2	2,778125E+3	-2,891073E-3	2,778125E+3	2,138452E-1	2,778125E+3	-1,316667E-2	2,778125E+3	3,203011E-1	2,778125E+3	-1,473605E-2
2,779687E+3	-1,104709E-1	2,779687E+3	5,928510E-2	2,779687E+3	-1,024708E-1	2,779687E+3	6,119119E-2	2,779687E+3	-9,027360E-2	2,779687E+3	6,105641E-2	2,779687E+3	-4,355004E-2	2,779687E+3	5,062934E-2	2,779687E+3	9,031330E-2	2,779687E+3	3,413783E-3	2,779687E+3	2,058830E-1	2,779687E+3	-5,379540E-3	2,779687E+3	3,157046E-1	2,779687E+3	-1,876279E-2
2,781250E+3	-1,119937E-1	2,781250E+3	6,723838E-2	2,781250E+3	-1,036913E-1	2,781250E+3	6,637269E-2	2,781250E+3	-9,080077E-2	2,781250E+3	6,762230E-2	2,781250E+3	-4,232494E-2	2,781250E+3	5,643826E-2	2,781250E+3	9,710000E-2	2,781250E+3	9,370073E-3	2,781250E+3	1,958799E-1	2,781250E+3	-8,427895E-3	2,781250E+3	3,149788E-1	2,781250E+3	-1,334089E-2
2,782812E+3	-1,115264E-1	2,782812E+3	7,487392E-2	2,782812E+3	-1,051627E-1	2,782812E+3	7,394228E-2	2,782812E+3	-9,283160E-2	2,782812E+3	7,460642E-2	2,782812E+3	-4,321955E-2	2,782812E+3	6,250895E-2	2,782812E+3	9,884491E-2	2,782812E+3	1,654039E-2	2,782812E+3	2,079584E-1	2,782812E+3	-7,338129E-3	2,782812E+3	3,063200E-1	2,782812E+3	-6,118549E-3
2,784375E+3	-1,136646E-1	2,784375E+3	8,038822E-2	2,784375E+3	-1,048861E-1	2,784375E+3	8,181276E-2	2,784375E+3	-9,433224E-2	2,784375E+3	8,059828E-2	2,784375E+3	-4,674261E-2	2,784375E+3	6,856984E-2	2,784375E+3	9,308464E-2	2,784375E+3	2,456566E-2	2,784375E+3	2,130573E-1	2,784375E+3	2,154675E-3	2,784375E+3	3,099658E-1	2,784375E+3	5,891407E-3
2,785937E+3	-1,126721E-1	2,785937E+3	8,967714E-2	2,785937E+3	-1,052718E-1	2,785937E+3	8,921061E-2	2,785937E+3	-9,482427E-2	2,785937E+3	9,002560E-2	2,785937E+3	-5,007955E-2	2,785937E+3	7,516053E-2	2,785937E+3	9,029968E-2	2,785937E+3	2,798014E-2	2,785937E+3	2,032137E-1	2,785937E+3	6,978372E-3	2,785937E+3	3,032761E-1	2,785937E+3	3,303655E-5
2,787500E+3	-1,146049E-1	2,787500E+3	9,707628E-2	2,787500E+3	-1,064067E-1	2,787500E+3	9,578616E-2	2,787500E+3	-9,577315E-2	2,787500E+3	9,648688E-2	2,787500E+3	-5,095369E-2	2,787500E+3	7,814223E-2	2,787500E+3	8,633750E-2	2,787500E+3	3,000855E-2	2,787500E+3	2,054790E-1	2,787500E+3	4,600604E-3	2,787500E+3	3,068649E-1	2,787500E+3	-1,084926E-2
2,789062E+3	-1,148834E-1	2,789062E+3	1,041976E-1	2,789062E+3	-1,076586E-1	2,789062E+3	1,037311E-1	2,789062E+3	-9,587876E-2	2,789062E+3	1,028759E-1	2,789062E+3	-5,040213E-2	2,789062E+3	8,573420E-2	2,789062E+3	9,069087E-2	2,789062E+3	3,666067E-2	2,789062E+3	2,042173E-1	2,789062E+3	7,741265E-3	2,789062E+3	3,139130E-1	2,789062E+3	2,986007E-3
2,790625E+3	-1,151305E-1	2,790625E+3	1,089217E-1	2,790625E+3	-1,082819E-1	2,790625E+3	1,106476E-1	2,790625E+3	-9,616341E-2	2,790625E+3	1,109535E-1	2,790625E+3	-5,031436E-2	2,790625E+3	9,255189E-2	2,790625E+3	9,309503E-2	2,790625E+3	3,940293E-2	2,790625E+3	1,962243E-1	2,790625E+3	7,000895E-3	2,790625E+3	3,091484E-1	2,790625E+3	1,119009E-2
2,792187E+3	-1,161191E-1	2,792187E+3	1,146828E-1	2,792187E+3	-1,095653E-1	2,792187E+3	1,177660E-1	2,792187E+3	-9,680358E-2	2,792187E+3	1,174271E-1	2,792187E+3	-5,290431E-2	2,792187E+3	9,761331E-2	2,792187E+3	8,648657E-2	2,792187E+3	3,157458E-2	2,792187E+3	1,927550E-1	2,792187E+3	8,741065E-3	2,792187E+3	3,065568E-1	2,792187E+3	9,539909E-3
2,793750E+3	-1,177173E-1	2,793750E+3	1,244771E-1	2,793750E+3	-1,093333E-1	2,793750E+3	1,254189E-1	2,793750E+3	-9,733792E-2	2,793750E+3	1,240858E-1	2,793750E+3	-5,262086E-2	2,793750E+3	1,058940E-1	2,793750E+3	8,581020E-2	2,793750E+3	3,906755E-2	2,793750E+3	1,968822E-1	2,793750E+3	1,370978E-2	2,793750E+3	2,960304E-1	2,793750E+3	1,409617E-2
2,795312E+3	-1,148988E-1	2,795312E+3	1,291727E-1	2,795312E+3	-1,082904E-1	2,795312E+3	1,315330E-1	2,795312E+3	-9,739841E-2	2,795312E+3	1,318310E-1	2,795312E+3	-5,470331E-2	2,795312E+3	1,097457E-1	2,795312E+3	8,441304E-2	2,795312E+3	4,975235E-2	2,795312E+3	2,003877E-1	2,795312E+3	1,482551E-2	2,795312E+3	2,994792E-1	2,795312E+3	1,640098E-2
2,796875E+3	-1,149694E-1	2,796875E+3	1,365660E-1	2,796875E+3	-1,080521E-1	2,796875E+3	1,398116E-1	2,796875E+3	-9,717495E-2	2,796875E+3	1,372700E-1	2,796875E+3	-5,391601E-2	2,796875E+3	1,193969E-1	2,796875E+3	8,661874E-2	2,796875E+3	5,750514E-2	2,796875E+3	2,033654E-1	2,796875E+3	2,446036E-2	2,796875E+3	3,026072E-1	2,796875E+3	1,184295E-2
2,798437E+3	-1,119617E-1	2,798437E+3	1,448908E-1	2,798437E+3	-1,082548E-1	2,798437E+3	1,459405E-1	2,798437E+3	-9,760771E-2	2,798437E+3	1,445427E-1	2,798437E+3	-5,445404E-2	2,798437E+3	1,246240E-1	2,798437E+3	8,013295E-2	2,798437E+3	6,781493E-2	2,798437E+3	1,984808E-1	2,798437E+3	2,486990E-2	2,798437E+3	2,981642E-1	2,798437E+3	2,038771E-2
2,800000E+3	-1,134099E-1	2,800000E+3	1,535169E-1	2,800000E+3	-1,071255E-1	2,800000E+3	1,521631E-1	2,800000E+3	-9,632499E-2	2,800000E+3	1,531687E-1	2,800000E+3	-5,047742E-2	2,800000E+3	1,310044E-1	2,800000E+3	7,529497E-2	2,800000E+3	6,617173E-2	2,800000E+3	1,958175E-1	2,800000E+3	3,468628E-2	2,800000E+3	2,986951E-1	2,800000E+3	2,055199E-2
2,801562E+3	-1,153058E-1	2,801562E+3	1,590204E-1	2,801562E+3	-1,074275E-1	2,801562E+3	1,595285E-1	2,801562E+3	-9,597146E-2	2,801562E+3	1,586922E-1	2,801562E+3	-5,044510E-2	2,801562E+3	1,378832E-1	2,801562E+3	7,527903E-2	2,801562E+3	7,064529E-2	2,801562E+3	2,005318E-1	2,801562E+3	3,120647E-2	2,801562E+3	3,028408E-1	2,801562E+3	1,840801E-2
2,803125E+3	-1,149106E-1	2,803125E+3	1,653458E-1	2,803125E+3	-1,077554E-1	2,803125E+3	1,675390E-1	2,803125E+3	-9,550667E-2	2,803125E+3	1,655270E-1	2,803125E+3	-5,377064E-2	2,803125E+3	1,436014E-1	2,803125E+3	8,245564E-2	2,803125E+3	7,625020E-2	2,803125E+3	1,984836E-1	2,803125E+3	3,069817E-2	2,803125E+3	3,080179E-1	2,803125E+3	1,710580E-2
2,804687E+3	-1,129404E-1	2,804687E+3	1,740842E-1	2,804687E+3	-1,065746E-1	2,804687E+3	1,726885E-1	2,804687E+3	-9,502140E-2	2,804687E+3	1,726369E-1	2,804687E+3	-5,396905E-2	2,804687E+3	1,518080E-1	2,804687E+3	8,264136E-2	2,804687E+3	7,700180E-2	2,804687E+3	1,959081E-1	2,804687E+3	3,940891E-2	2,804687E+3	2,994602E-1	2,804687E+3	2,616570E-2
2,806250E+3	-1,097227E-1	2,806250E+3	1,803009E-1	2,806250E+3	-1,059527E-1	2,806250E+3	1,806419E-1	2,806250E+3	-9,493612E-2	2,806250E+3	1,792480E-1	2,806250E+3	-4,988665E-2	2,806250E+3	1,566638E-1	2,806250E+3	7,931414E-2	2,806250E+3	8,412947E-2	2,806250E+3	1,946346E-1	2,806250E+3	3,852365E-2	2,806250E+3	2,995805E-1	2,806250E+3	2,406985E-2
2,807812E+3	-1,095883E-1	2,807812E+3	1,866710E-1	2,807812E+3	-1,053223E-1	2,807812E+3	1,867412E-1	2,807812E+3	-9,395846E-2	2,807812E+3	1,845518E-1	2,807812E+3	-5,052225E-2	2,807812E+3	1,621793E-1	2,807812E+3	7,569402E-2	2,807812E+3	8,743459E-2	2,807812E+3	2,001505E-1	2,807812E+3	4,155898E-2	2,807812E+3	2,949365E-1	2,807812E+3	2,019373E-2
2,809375E+3	-1,107741E-1	2,809375E+3	1,941974E-1	2,809375E+3	-1,038710E-1	2,809375E+3	1,929119E-1	2,809375E+3	-9,187755E-2	2,809375E+3	1,926905E-1	2,809375E+3	-5,390331E-2	2,809375E+3	1,667276E-1	2,809375E+3	7,815496E-2	2,809375E+3	8,932392E-2	2,809375E+3	1,910265E-1	2,809375E+3	5,174839E-2	2,809375E+3	3,044558E-1	2,809375E+3	2,011792E-2
2,810937E+3	-1,087315E-1	2,810937E+3	1,995180E-1	2,810937E+3	-1,037438E-1	2,810937E+3	2,011563E-1	2,810937E+3	-9,306279E-2	2,810937E+3	1,991402E-1	2,810937E+3	-5,199723E-2	2,810937E+3	1,742097E-1	2,810937E+3	7,884587E-2	2,810937E+3	1,015457E-1	2,810937E+3	1,862147E-1	2,810937E+3	5,651533E-2	2,810937E+3	3,037893E-1	2,810937E+3	2,254975E-2
2,812500E+3	-1,061937E-1	2,812500E+3	2,079474E-1	2,812500E+3	-1,020835E-1	2,812500E+3	2,079542E-1	2,812500E+3	-9,191507E-2	2,812500E+3	2,062565E-1	2,812500E+3	-4,952441E-2	2,812500E+3	1,817983E-1	2,812500E+3	7,467656E-2	2,812500E+3	1,027079E-1	2,812500E+3	1,917865E-1	2,812500E+3	6,176434E-2	2,812500E+3	2,911596E-1	2,812500E+3	3,346947E-2
2,814062E+3	-1,065413E-1	2,814062E+3	2,136502E-1	2,814062E+3	-1,020506E-1	2,814062E+3	2,134855E-1	2,814062E+3	-9,055974E-2	2,814062E+3	2,118273E-1	2,814062E+3	-4,645008E-2	2,814062E+3	1,860085E-1	2,814062E+3	7,895915E-2	2,814062E+3	1,075858E-1	2,814062E+3	1,965395E-1	2,814062E+3	6,813185E-2	2,814062E+3	2,834615E-1	2,814062E+3	3,645447E-2
2,815625E+3	-1,040132E-1	2,815625E+3	2,195066E-1	2,815625E+3	-9,987595E-2	2,815625E+3	2,207951E-1	2,815625E+3	-8,839269E-2	2,815625E+3	2,188910E-1	2,815625E+3	-5,007106E-2	2,815625E+3	1,953224E-1	2,815625E+3	8,442659E-2	2,815625E+3	1,121811E-1	2,815625E+3	1,955585E-1	2,815625E+3	6,346070E-2	2,815625E+3	2,920724E-1	2,815625E+3	4,291972E-2
2,817187E+3	-1,041017E-1	2,817187E+3	2,257293E-1	2,817187E+3	-9,721245E-2	2,817187E+3	2,274199E-1	2,817187E+3	-8,766433E-2	2,817187E+3	2,247028E-1	2,817187E+3	-4,914672E-2	2,817187E+3	2,001163E-1	2,817187E+3	8,132264E-2	2,817187E+3	1,190041E-1	2,817187E+3	1,946398E-1	2,817187E+3	6,615573E-2	2,817187E+3	3,074397E-1	2,817187E+3	4,276684E-2
2,818750E+3	-1,002734E-1	2,818750E+3	2,358992E-1	2,818750E+3	-9,516587E-2	2,818750E+3	2,341944E-1	2,818750E+3	-8,678804E-2	2,818750E+3	2,304928E-1	2,818750E+3	-4,676745E-2	2,818750E+3	2,079721E-1	2,818750E+3	8,008805E-2	2,818750E+3	1,248583E-1	2,818750E+3	1,926658E-1	2,818750E+3	7,215644E-2	2,818750E+3	3,014813E-1	2,818750E+3	3,771605E-2
2,820312E+3	-1,000475E-1	2,820312E+3	2,411681E-1	2,820312E+3	-9,558317E-2	2,820312E+3	2,407889E-1	2,820312E+3	-8,474182E-2	2,820312E+3	2,388566E-1	2,820312E+3	-4,512635E-2	2,820312E+3	2,145856E-1	2,820312E+3	8,215893E-2	2,820312E+3	1,281313E-1	2,820312E+3	1,967313E-1	2,820312E+3	7,858222E-2	2,820312E+3	2,996178E-1	2,820312E+3	4,042441E-2
2,821875E+3	-1,013347E-1	2,821875E+3	2,426188E-1	2,821875E+3	-9,482981E-2	2,821875E+3	2,468462E-1	2,821875E+3	-8,331401E-2	2,821875E+3	2,442102E-1	2,821875E+3	-4,605968E-2	2,821875E+3	2,204973E-1	2,821875E+3	7,982794E-2	2,821875E+3	1,313425E-1	2,821875E+3	2,061221E-1	2,821875E+3	8,571380E-2	2,821875E+3	2,996982E-1	2,821875E+3	4,786132E-2
2,823437E+3	-9,815448E-2	2,823437E+3	2,496959E-1	2,823437E+3	-9,235370E-2	2,823437E+3	2,526519E-1	2,823437E+3	-8,150519E-2	2,823437E+3	2,500273E-1	2,823437E+3	-4,680642E-2	2,823437E+3	2,252238E-1	2,823437E+3	8,451310E-2	2,823437E+3	1,315908E-1	2,823437E+3	1,963566E-1	2,823437E+3	7,773703E-2	2,823437E+3	2,959463E-1	2,823437E+3	4,497002E-2
2,825000E+3	-9,271318E-2	2,825000E+3	2,578045E-1	2,825000E+3	-9,185029E-2	2,825000E+3	2,588906E-1	2,825000E+3	-8,027291E-2	2,825000E+3	2,572184E-1	2,825000E+3	-4,526827E-2	2,825000E+3	2,300249E-1	2,825000E+3	8,064246E-2	2,825000E+3	1,374889E-1	2,825000E+3	1,908404E-1	2,825000E+3	7,701217E-2	2,825000E+3	2,925779E-1	2,825000E+3	5,253777E-2
2,826562E+3	-9,330506E-2	2,826562E+3	2,641502E-1	2,826562E+3	-8,740879E-2	2,826562E+3	2,658695E-1	2,826562E+3	-7,837366E-2	2,826562E+3	2,626717E-1	2,826562E+3	-4,399972E-2	2,826562E+3	2,353548E-1	2,826562E+3	7,689267E-2	2,826562E+3	1,392202E-1	2,826562E+3	1,876318E-1	2,826562E+3	8,163818E-2	2,826562E+3	2,907736E-1	2,826562E+3	5,320270E-2
2,828125E+3	-9,260625E-2	2,828125E+3	2,696895E-1	2,828125E+3	-8,603658E-2	2,828125E+3	2,709595E-1	2,828125E+3	-7,685406E-2	2,828125E+3	2,692060E-1	2,828125E+3	-3,947186E-2	2,828125E+3	2,414436E-1	2,828125E+3	8,073107E-2	2,828125E+3	1,381127E-1	2,828125E+3	1,926204E-1	2,828125E+3	8,426225E-2	2,828125E+3	2,974293E-1	2,828125E+3	5,232053E-2
2,829687E+3	-8,902708E-2	2,829687E+3	2,752090E-1	2,829687E+3	-8,640822E-2	2,829687E+3	2,769971E-1	2,829687E+3	-7,607499E-2	2,829687E+3	2,745432E-1	2,829687E+3	-3,754776E-2	2,829687E+3	2,442798E-1	2,829687E+3	7,951485E-2	2,829687E+3	1,439107E-1	2,829687E+3	1,963759E-1	2,829687E+3	9,156297E-2	2,829687E+3	3,026335E-1	2,829687E+3	6,667221E-2
2,831250E+3	-8,519050E-2	2,831250E+3	2,835993E-1	2,831250E+3	-8,405867E-2	2,831250E+3	2,839067E-1	2,831250E+3	-7,229981E-2	2,831250E+3	2,801771E-1	2,831250E+3	-3,830642E-2	2,831250E+3	2,498882E-1	2,831250E+3	7,939528E-2	2,831250E+3	1,540452E-1	2,831250E+3	1,893668E-1	2,831250E+3	1,005650E-1	2,831250E+3	3,009849E-1	2,831250E+3	6,863136E-2
2,832812E+3	-8,410650E-2	2,832812E+3	2,918898E-1	2,832812E+3	-8,001464E-2	2,832812E+3	2,900942E-1	2,832812E+3	-7,090429E-2	2,832812E+3	2,852696E-1	2,832812E+3	-3,497585E-2	2,832812E+3	2,576197E-1	2,832812E+3	7,960128E-2	2,832812E+3	1,588778E-1	2,832812E+3	1,835120E-1	2,832812E+3	1,023228E-1	2,832812E+3	2,989883E-1	2,832812E+3	7,036540E-2
2,834375E+3	-8,428925E-2	2,834375E+3	2,940932E-1	2,834375E+3	-7,886657E-2	2,834375E+3	2,947994E-1	2,834375E+3	-6,775592E-2	2,834375E+3	2,926085E-1	2,834375E+3	-3,504851E-2	2,834375E+3	2,617744E-1	2,834375E+3	7,817566E-2	2,834375E+3	1,678435E-1	2,834375E+3	1,934079E-1	2,834375E+3	1,035091E-1	2,834375E+3	3,080412E-1	2,834375E+3	7,147672E-2
2,835937E+3	-8,047773E-2	2,835937E+3	2,985412E-1	2,835937E+3	-7,568055E-2	2,835937E+3	2,996001E-1	2,835937E+3	-6,573354E-2	2,835937E+3	2,984306E-1	2,835937E+3	-3,414953E-2	2,835937E+3	2,679441E-1	2,835937E+3	8,412897E-2	2,835937E+3	1,689253E-1	2,835937E+3	1,955679E-1	2,835937E+3	1,011428E-1	2,835937E+3	3,008306E-1	2,835937E+3	6,914603E-2
2,837500E+3	-8,042406E-2	2,837500E+3	3,066221E-1	2,837500E+3	-7,335249E-2	2,837500E+3	3,058723E-1	2,837500E+3	-6,466567E-2	2,837500E+3	3,035100E-1	2,837500E+3	-2,908550E-2	2,837500E+3	2,743836E-1	2,837500E+3	8,309192E-2	2,837500E+3	1,705171E-1	2,837500E+3	1,966201E-1	2,837500E+3	1,079621E-1	2,837500E+3	2,931151E-1	2,837500E+3	6,615939E-2
2,839062E+3	-7,926798E-2	2,839062E+3	3,108956E-1	2,839062E+3	-7,163077E-2	2,839062E+3	3,117010E-1	2,839062E+3	-6,135207E-2	2,839062E+3	3,097963E-1	2,839062E+3	-2,834135E-2	2,839062E+3	2,803106E-1	2,839062E+3	7,541232E-2	2,839062E+3	1,699389E-1	2,839062E+3	1,965173E-1	2,839062E+3	1,152057E-1	2,839062E+3	2,879651E-1	2,839062E+3	6,905951E-2
2,840625E+3	-7,292462E-2	2,840625E+3	3,187544E-1	2,840625E+3	-6,978898E-2	2,840625E+3	3,183589E-1	2,840625E+3	-6,049486E-2	2,840625E+3	3,142234E-1	2,840625E+3	-2,800265E-2	2,840625E+3	2,862536E-1	2,840625E+3	8,091165E-2	2,840625E+3	1,839607E-1	2,840625E+3	1,950921E-1	2,840625E+3	1,218822E-1	2,840625E+3	2,872183E-1	2,840625E+3	7,296827E-2
2,842187E+3	-6,898670E-2	2,842187E+3	3,220291E-1	2,842187E+3	-6,610966E-2	2,842187E+3	3,235249E-1	2,842187E+3	-5,635463E-2	2,842187E+3	3,210223E-1	2,842187E+3	-2,384846E-2	2,842187E+3	2,893440E-1	2,842187E+3	8,444305E-2	2,842187E+3	1,867474E-1	2,842187E+3	1,982331E-1	2,842187E+3	1,110968E-1	2,842187E+3	2,841419E-1	2,842187E+3	7,398744E-2
2,843750E+3	-6,639609E-2	2,843750E+3	3,274260E-1	2,843750E+3	-6,468314E-2	2,843750E+3	3,295133E-1	2,843750E+3	-5,549877E-2	2,843750E+3	3,263212E-1	2,843750E+3	-2,271833E-2	2,843750E+3	2,955727E-1	2,843750E+3	8,598551E-2	2,843750E+3	1,916094E-1	2,843750E+3	1,990334E-1	2,843750E+3	1,162849E-1	2,843750E+3	2,840231E-1	2,843750E+3	7,860086E-2
2,845312E+3	-6,773855E-2	2,845312E+3	3,315903E-1	2,845312E+3	-6,225236E-2	2,845312E+3	3,358917E-1	2,845312E+3	-5,274517E-2	2,845312E+3	3,302758E-1	2,845312E+3	-2,357647E-2	2,845312E+3	2,976073E-1	2,845312E+3	8,935944E-2	2,845312E+3	1,975175E-1	2,845312E+3	1,961737E-1	2,845312E+3	1,255569E-1	2,845312E+3	2,904599E-1	2,845312E+3	7,711902E-2
2,846875E+3	-6,521143E-2	2,846875E+3	3,371797E-1	2,846875E+3	-5,823356E-2	2,846875E+3	3,402010E-1	2,846875E+3	-4,895288E-2	2,846875E+3	3,359824E-1	2,846875E+3	-2,071009E-2	2,846875E+3	3,040139E-1	2,846875E+3	8,403780E-2	2,846875E+3	1,974097E-1	2,846875E+3	1,987515E-1	2,846875E+3	1,251211E-1	2,846875E+3	2,910969E-1	2,846875E+3	7,462832E-2
2,848437E+3	-6,040660E-2	2,848437E+3	3,398129E-1	2,848437E+3	-5,466669E-2	2,848437E+3	3,434615E-1	2,848437E+3	-4,553433E-2	2,848437E+3	3,412338E-1	2,848437E+3	-1,693721E-2	2,848437E+3	3,139687E-1	2,848437E+3	8,613978E-2	2,848437E+3	2,005240E-1	2,848437E+3	1,905358E-1	2,848437E+3	1,197503E-1	2,848437E+3	2,978572E-1	2,848437E+3	8,387743E-2
2,850000E+3	-5,800334E-2	2,850000E+3	3,449918E-1	2,850000E+3	-5,346293E-2	2,850000E+3	3,491922E-1	2,850000E+3	-4,411267E-2	2,850000E+3	3,467402E-1	2,850000E+3	-1,463810E-2	2,850000E+3	3,160761E-1	2,850000E+3	8,936202E-2	2,850000E+3	2,058015E-1	2,850000E+3	1,968215E-1	2,850000E+3	1,332326E-1	2,850000E+3	3,034193E-1	2,850000E+3	8,752225E-2
2,851562E+3	-5,858820E-2	2,851562E+3	3,550176E-1	2,851562E+3	-4,943145E-2	2,851562E+3	3,549770E-1	2,851562E+3	-4,073534E-2	2,851562E+3	3,507213E-1	2,851562E+3	-1,156259E-2	2,851562E+3	3,209559E-1	2,851562E+3	8,891437E-2	2,851562E+3	2,151377E-1	2,851562E+3	1,907941E-1	2,851562E+3	1,403122E-1	2,851562E+3	2,897090E-1	2,851562E+3	8,962959E-2
2,853125E+3	-5,176649E-2	2,853125E+3	3,566076E-1	2,853125E+3	-4,890200E-2	2,853125E+3	3,591799E-1	2,853125E+3	-3,984143E-2	2,853125E+3	3,552394E-1	2,853125E+3	-9,526549E-3	2,853125E+3	3,236250E-1	2,853125E+3	8,928768E-2	2,853125E+3	2,171529E-1	2,853125E+3	1,961818E-1	2,853125E+3	1,408012E-1	2,853125E+3	2,858529E-1	2,853125E+3	9,051882E-2
2,854687E+3	-4,894575E-2	2,854687E+3	3,625239E-1	2,854687E+3	-4,493512E-2	2,854687E+3	3,642894E-1	2,854687E+3	-3,480889E-2	2,854687E+3	3,617265E-1	2,854687E+3	-6,330406E-3	2,854687E+3	3,271432E-1	2,854687E+3	9,699404E-2	2,854687E+3	2,120051E-1	2,854687E+3	1,924598E-1	2,854687E+3	1,342843E-1	2,854687E+3	2,904585E-1	2,854687E+3	9,521802E-2
2,856250E+3	-4,643566E-2	2,856250E+3	3,678114E-1	2,856250E+3	-4,107876E-2	2,856250E+3	3,682232E-1	2,856250E+3	-3,182773E-2	2,856250E+3	3,650252E-1	2,856250E+3	-2,823173E-3	2,856250E+3	3,315325E-1	2,856250E+3	9,751338E-2	2,856250E+3	2,183241E-1	2,856250E+3	1,944283E-1	2,856250E+3	1,428667E-1	2,856250E+3	2,893961E-1	2,856250E+3	9,736921E-2
2,857812E+3	-4,343670E-2	2,857812E+3	3,707285E-1	2,857812E+3	-3,808580E-2	2,857812E+3	3,745050E-1	2,857812E+3	-3,002561E-2	2,857812E+3	3,713554E-1	2,857812E+3	-3,598598E-3	2,857812E+3	3,352026E-1	2,857812E+3	9,632747E-2	2,857812E+3	2,248102E-1	2,857812E+3	1,897831E-1	2,857812E+3	1,499173E-1	2,857812E+3	2,890635E-1	2,857812E+3	1,025865E-1
2,859375E+3	-4,130080E-2	2,859375E+3	3,748484E-1	2,859375E+3	-3,586693E-2	2,859375E+3	3,776098E-1	2,859375E+3	-2,706495E-2	2,859375E+3	3,766849E-1	2,859375E+3	9,018107E-4	2,859375E+3	3,418374E-1	2,859375E+3	9,943224E-2	2,859375E+3	2,287463E-1	2,859375E+3	1,890657E-1	2,859375E+3	1,488285E-1	2,859375E+3	2,910669E-1	2,859375E+3	1,039114E-1
2,860937E+3	-3,787992E-2	2,860937E+3	3,794876E-1	2,860937E+3	-3,174936E-2	2,860937E+3	3,837404E-1	2,860937E+3	-2,423949E-2	2,860937E+3	3,807135E-1	2,860937E+3	3,561080E-3	2,860937E+3	3,473986E-1	2,860937E+3	9,336419E-2	2,860937E+3	2,299289E-1	2,860937E+3	1,900388E-1	2,860937E+3	1,486875E-1	2,860937E+3	2,966440E-1	2,860937E+3	1,003172E-1
2,862500E+3	-3,619953E-2	2,862500E+3	3,840694E-1	2,862500E+3	-2,939920E-2	2,862500E+3	3,887004E-1	2,862500E+3	-2,146957E-2	2,862500E+3	3,851305E-1	2,862500E+3	5,789493E-3	2,862500E+3	3,508297E-1	2,862500E+3	9,303812E-2	2,862500E+3	2,308157E-1	2,862500E+3	1,898413E-1	2,862500E+3	1,536743E-1	2,862500E+3	2,990635E-1	2,862500E+3	1,041381E-1
2,864062E+3	-3,267677E-2	2,864062E+3	3,879628E-1	2,864062E+3	-2,750989E-2	2,864062E+3	3,929334E-1	2,864062E+3	-1,780995E-2	2,864062E+3	3,890322E-1	2,864062E+3	6,060076E-3	2,864062E+3	3,533248E-1	2,864062E+3	9,752088E-2	2,864062E+3	2,333431E-1	2,864062E+3	1,916527E-1	2,864062E+3	1,525822E-1	2,864062E+3	2,960535E-1	2,864062E+3	1,097939E-1
2,865625E+3	-2,969627E-2	2,865625E+3	3,929991E-1	2,865625E+3	-2,296080E-2	2,865625E+3	3,977342E-1	2,865625E+3	-1,613756E-2	2,865625E+3	3,927469E-1	2,865625E+3	8,289533E-3	2,865625E+3	3,578188E-1	2,865625E+3	1,041449E-1	2,865625E+3	2,366309E-1	2,865625E+3	1,934558E-1	2,865625E+3	1,531682E-1	2,865625E+3	2,906410E-1	2,865625E+3	1,067814E-1
2,867187E+3	-2,489261E-2	2,867187E+3	3,988244E-1	2,867187E+3	-2,280999E-2	2,867187E+3	4,021572E-1	2,867187E+3	-9,919059E-3	2,867187E+3	3,970525E-1	2,867187E+3	1,276219E-2	2,867187E+3	3,627518E-1	2,867187E+3	1,005369E-1	2,867187E+3	2,445128E-1	2,867187E+3	1,923133E-1	2,867187E+3	1,581777E-1	2,867187E+3	2,883837E-1	2,867187E+3	1,091714E-1
2,868750E+3	-2,254021E-2	2,868750E+3	4,028455E-1	2,868750E+3	-1,758756E-2	2,868750E+3	4,068542E-1	2,868750E+3	-9,103759E-3	2,868750E+3	4,008346E-1	2,868750E+3	1,619296E-2	2,868750E+3	3,672915E-1	2,868750E+3	9,736937E-2	2,868750E+3	2,432216E-1	2,868750E+3	1,904411E-1	2,868750E+3	1,671594E-1	2,868750E+3	2,874078E-1	2,868750E+3	1,133039E-1
2,870312E+3	-2,086827E-2	2,870312E+3	4,057396E-1	2,870312E+3	-1,242726E-2	2,870312E+3	4,101037E-1	2,870312E+3	-5,959836E-3	2,870312E+3	4,057000E-1	2,870312E+3	1,825074E-2	2,870312E+3	3,722801E-1	2,870312E+3	9,681637E-2	2,870312E+3	2,463733E-1	2,870312E+3	1,921072E-1	2,870312E+3	1,678304E-1	2,870312E+3	2,973033E-1	2,870312E+3	1,140707E-1
2,871875E+3	-1,521255E-2	2,871875E+3	4,096793E-1	2,871875E+3	-1,090644E-2	2,871875E+3	4,132895E-1	2,871875E+3	-2,306793E-3	2,871875E+3	4,122030E-1	2,871875E+3	2,166528E-2	2,871875E+3	3,750248E-1	2,871875E+3	1,056889E-1	2,871875E+3	2,528916E-1	2,871875E+3	1,979994E-1	2,871875E+3	1,690673E-1	2,871875E+3	3,036113E-1	2,871875E+3	1,196762E-1
2,873437E+3	-1,162867E-2	2,873437E+3	4,152030E-1	2,873437E+3	-6,445890E-3	2,873437E+3	4,186476E-1	2,873437E+3	9,264699E-4	2,873437E+3	4,153086E-1	2,873437E+3	2,640962E-2	2,873437E+3	3,796849E-1	2,873437E+3	1,028186E-1	2,873437E+3	2,593851E-1	2,873437E+3	1,932732E-1	2,873437E+3	1,753900E-1	2,873437E+3	2,927789E-1	2,873437E+3	1,114500E-1
2,875000E+3	-1,013850E-2	2,875000E+3	4,188362E-1	2,875000E+3	-4,737572E-3	2,875000E+3	4,226109E-1	2,875000E+3	4,253012E-3	2,875000E+3	4,175225E-1	2,875000E+3	2,727387E-2	2,875000E+3	3,838755E-1	2,875000E+3	1,016537E-1	2,875000E+3	2,696622E-1	2,875000E+3	1,982515E-1	2,875000E+3	1,790611E-1	2,875000E+3	2,937744E-1	2,875000E+3	1,113071E-1
2,876562E+3	-4,946025E-3	2,876562E+3	4,232231E-1	2,876562E+3	-8,843965E-4	2,876562E+3	4,253726E-1	2,876562E+3	6,964705E-3	2,876562E+3	4,213745E-1	2,876562E+3	2,967344E-2	2,876562E+3	3,859134E-1	2,876562E+3	1,093275E-1	2,876562E+3	2,653905E-1	2,876562E+3	1,987040E-1	2,876562E+3	1,831241E-1	2,876562E+3	2,945877E-1	2,876562E+3	1,159263E-1
2,878125E+3	-1,791846E-3	2,878125E+3	4,260620E-1	2,878125E+3	3,966524E-3	2,878125E+3	4,282766E-1	2,878125E+3	1,074511E-2	2,878125E+3	4,252720E-1	2,878125E+3	3,216556E-2	2,878125E+3	3,879887E-1	2,878125E+3	1,097701E-1	2,878125E+3	2,716773E-1	2,878125E+3	1,982183E-1	2,878125E+3	1,835262E-1	2,878125E+3	2,887341E-1	2,878125E+3	1,222425E-1
2,879687E+3	5,234682E-3	2,879687E+3	4,304240E-1	2,879687E+3	6,480900E-3	2,879687E+3	4,319293E-1	2,879687E+3	1,423296E-2	2,879687E+3	4,290624E-1	2,879687E+3	3,232460E-2	2,879687E+3	3,933048E-1	2,879687E+3	1,173104E-1	2,879687E+3	2,732947E-1	2,879687E+3	1,996882E-1	2,879687E+3	1,833747E-1	2,879687E+3	2,797721E-1	2,879687E+3	1,280083E-1
2,881250E+3	1,583345E-3	2,881250E+3	4,338859E-1	2,881250E+3	8,133955E-3	2,881250E+3	4,363355E-1	2,881250E+3	1,634007E-2	2,881250E+3	4,325929E-1	2,881250E+3	3,609358E-2	2,881250E+3	3,959129E-1	2,881250E+3	1,150302E-1	2,881250E+3	2,748077E-1	2,881250E+3	2,028316E-1	2,881250E+3	1,896046E-1	2,881250E+3	2,803512E-1	2,881250E+3	1,212412E-1
2,882812E+3	4,678802E-3	2,882812E+3	4,368101E-1	2,882812E+3	1,198328E-2	2,882812E+3	4,386491E-1	2,882812E+3	2,141395E-2	2,882812E+3	4,357301E-1	2,882812E+3	4,072456E-2	2,882812E+3	4,005870E-1	2,882812E+3	1,125126E-1	2,882812E+3	2,739395E-1	2,882812E+3	1,965002E-1	2,882812E+3	1,905777E-1	2,882812E+3	2,867821E-1	2,882812E+3	1,214134E-1
2,884375E+3	1,222430E-2	2,884375E+3	4,418923E-1	2,884375E+3	1,459421E-2	2,884375E+3	4,420011E-1	2,884375E+3	2,462284E-2	2,884375E+3	4,392657E-1	2,884375E+3	4,298367E-2	2,884375E+3	4,033456E-1	2,884375E+3	1,170029E-1	2,884375E+3	2,738793E-1	2,884375E+3	2,019747E-1	2,884375E+3	1,933258E-1	2,884375E+3	2,954984E-1	2,884375E+3	1,285236E-1
2,885937E+3	1,659095E-2	2,885937E+3	4,448442E-1	2,885937E+3	2,160008E-2	2,885937E+3	4,479676E-1	2,885937E+3	2,829761E-2	2,885937E+3	4,431139E-1	2,885937E+3	4,701757E-2	2,885937E+3	4,080756E-1	2,885937E+3	1,171284E-1	2,885937E+3	2,796489E-1	2,885937E+3	2,045406E-1	2,885937E+3	1,941048E-1	2,885937E+3	2,894936E-1	2,885937E+3	1,286193E-1
2,887500E+3	1,995689E-2	2,887500E+3	4,491075E-1	2,887500E+3	2,373642E-2	2,887500E+3	4,498160E-1	2,887500E+3	2,955266E-2	2,887500E+3	4,469834E-1	2,887500E+3	5,050850E-2	2,887500E+3	4,122310E-1	2,887500E+3	1,179850E-1	2,887500E+3	2,844286E-1	2,887500E+3	2,015235E-1	2,887500E+3	1,936940E-1	2,887500E+3	2,875484E-1	2,887500E+3	1,260977E-1
2,889062E+3	2,202753E-2	2,889062E+3	4,522172E-1	2,889062E+3	2,655599E-2	2,889062E+3	4,538364E-1	2,889062E+3	3,521456E-2	2,889062E+3	4,506287E-1	2,889062E+3	5,314429E-2	2,889062E+3	4,149323E-1	2,889062E+3	1,153317E-1	2,889062E+3	2,904849E-1	2,889062E+3	1,992749E-1	2,889062E+3	1,881733E-1	2,889062E+3	2,890146E-1	2,889062E+3	1,319269E-1
2,890625E+3	2,530617E-2	2,890625E+3	4,532025E-1	2,890625E+3	2,792108E-2	2,890625E+3	4,574764E-1	2,890625E+3	3,707133E-2	2,890625E+3	4,530046E-1	2,890625E+3	5,448424E-2	2,890625E+3	4,165617E-1	2,890625E+3	1,133273E-1	2,890625E+3	2,946161E-1	2,890625E+3	1,984521E-1	2,890625E+3	1,999389E-1	2,890625E+3	2,926871E-1	2,890625E+3	1,435951E-1
2,892187E+3	2,633066E-2	2,892187E+3	4,578230E-1	2,892187E+3	3,591956E-2	2,892187E+3	4,613930E-1	2,892187E+3	4,059081E-2	2,892187E+3	4,560068E-1	2,892187E+3	5,707101E-2	2,892187E+3	4,204400E-1	2,892187E+3	1,186667E-1	2,892187E+3	2,961665E-1	2,892187E+3	2,109204E-1	2,892187E+3	2,011957E-1	2,892187E+3	2,926034E-1	2,892187E+3	1,363682E-1
2,893750E+3	2,974276E-2	2,893750E+3	4,647348E-1	2,893750E+3	3,740461E-2	2,893750E+3	4,638636E-1	2,893750E+3	4,407745E-2	2,893750E+3	4,589598E-1	2,893750E+3	5,779446E-2	2,893750E+3	4,233435E-1	2,893750E+3	1,223321E-1	2,893750E+3	2,951776E-1	2,893750E+3	2,072463E-1	2,893750E+3	2,048302E-1	2,893750E+3	2,906438E-1	2,893750E+3	1,371883E-1
2,895312E+3	3,585585E-2	2,895312E+3	4,665794E-1	2,895312E+3	4,035413E-2	2,895312E+3	4,653385E-1	2,895312E+3	4,836436E-2	2,895312E+3	4,622720E-1	2,895312E+3	6,298835E-2	2,895312E+3	4,279271E-1	2,895312E+3	1,242733E-1	2,895312E+3	3,033896E-1	2,895312E+3	2,008400E-1	2,895312E+3	2,023658E-1	2,895312E+3	2,935761E-1	2,895312E+3	1,452361E-1
2,896875E+3	3,839923E-2	2,896875E+3	4,675842E-1	2,896875E+3	4,407517E-2	2,896875E+3	4,679380E-1	2,896875E+3	5,175346E-2	2,896875E+3	4,651406E-1	2,896875E+3	6,691678E-2	2,896875E+3	4,268800E-1	2,896875E+3	1,278648E-1	2,896875E+3	3,082255E-1	2,896875E+3	2,059334E-1	2,896875E+3	2,030124E-1	2,896875E+3	2,839307E-1	2,896875E+3	1,347375E-1
2,898437E+3	4,085010E-2	2,898437E+3	4,702522E-1	2,898437E+3	4,761311E-2	2,898437E+3	4,710670E-1	2,898437E+3	5,452266E-2	2,898437E+3	4,688162E-1	2,898437E+3	7,095750E-2	2,898437E+3	4,295791E-1	2,898437E+3	1,260972E-1	2,898437E+3	3,018323E-1	2,898437E+3	2,083956E-1	2,898437E+3	2,138079E-1	2,898437E+3	2,872725E-1	2,898437E+3	1,310745E-1
2,900000E+3	4,446055E-2	2,900000E+3	4,735966E-1	2,900000E+3	5,139486E-2	2,900000E+3	4,740424E-1	2,900000E+3	5,939817E-2	2,900000E+3	4,717442E-1	2,900000E+3	7,334698E-2	2,900000E+3	4,371889E-1	2,900000E+3	1,305003E-1	2,900000E+3	3,042819E-1	2,900000E+3	2,025987E-1	2,900000E+3	2,150746E-1	2,900000E+3	2,834869E-1	2,900000E+3	1,384718E-1
2,901562E+3	5,043342E-2	2,901562E+3	4,775831E-1	2,901562E+3	5,440288E-2	2,901562E+3	4,798216E-1	2,901562E+3	6,221806E-2	2,901562E+3	4,744306E-1	2,901562E+3	7,722367E-2	2,901562E+3	4,416198E-1	2,901562E+3	1,377724E-1	2,901562E+3	3,099933E-1	2,901562E+3	2,041983E-1	2,901562E+3	2,085533E-1	2,901562E+3	2,805663E-1	2,901562E+3	1,322083E-1
2,903125E+3	5,451824E-2	2,903125E+3	4,808522E-1	2,903125E+3	5,842729E-2	2,903125E+3	4,830031E-1	2,903125E+3	6,391867E-2	2,903125E+3	4,770301E-1	2,903125E+3	8,148917E-2	2,903125E+3	4,432708E-1	2,903125E+3	1,373665E-1	2,903125E+3	3,087620E-1	2,903125E+3	2,074290E-1	2,903125E+3	2,204840E-1	2,903125E+3	2,969796E-1	2,903125E+3	1,363547E-1
2,904687E+3	5,908275E-2	2,904687E+3	4,850980E-1	2,904687E+3	6,047504E-2	2,904687E+3	4,850241E-1	2,904687E+3	7,008792E-2	2,904687E+3	4,797648E-1	2,904687E+3	8,744437E-2	2,904687E+3	4,440191E-1	2,904687E+3	1,353203E-1	2,904687E+3	3,101868E-1	2,904687E+3	2,046767E-1	2,904687E+3	2,339891E-1	2,904687E+3	2,954491E-1	2,904687E+3	1,478527E-1
2,906250E+3	6,243625E-2	2,906250E+3	4,893866E-1	2,906250E+3	6,675091E-2	2,906250E+3	4,877161E-1	2,906250E+3	7,238535E-2	2,906250E+3	4,816917E-1	2,906250E+3	8,719361E-2	2,906250E+3	4,467067E-1	2,906250E+3	1,395594E-1	2,906250E+3	3,136023E-1	2,906250E+3	2,092932E-1	2,906250E+3	2,257121E-1	2,906250E+3	2,897248E-1	2,906250E+3	1,510595E-1
2,907812E+3	6,311321E-2	2,907812E+3	4,887059E-1	2,907812E+3	7,133627E-2	2,907812E+3	4,901626E-1	2,907812E+3	7,562199E-2	2,907812E+3	4,832067E-1	2,907812E+3	9,153200E-2	2,907812E+3	4,487986E-1	2,907812E+3	1,393573E-1	2,907812E+3	3,223090E-1	2,907812E+3	2,150662E-1	2,907812E+3	2,255539E-1	2,907812E+3	2,948289E-1	2,907812E+3	1,535830E-1
2,909375E+3	6,688648E-2	2,909375E+3	4,937149E-1	2,909375E+3	7,326028E-2	2,909375E+3	4,915214E-1	2,909375E+3	7,941376E-2	2,909375E+3	4,870073E-1	2,909375E+3	9,162484E-2	2,909375E+3	4,518426E-1	2,909375E+3	1,428389E-1	2,909375E+3	3,319249E-1	2,909375E+3	2,082348E-1	2,909375E+3	2,305206E-1	2,909375E+3	3,052982E-1	2,909375E+3	1,483090E-1
2,910937E+3	6,985483E-2	2,910937E+3	4,950167E-1	2,910937E+3	7,699354E-2	2,910937E+3	4,941905E-1	2,910937E+3	8,300235E-2	2,910937E+3	4,893603E-1	2,910937E+3	9,516847E-2	2,910937E+3	4,543504E-1	2,910937E+3	1,435852E-1	2,910937E+3	3,329998E-1	2,910937E+3	2,167717E-1	2,910937E+3	2,314895E-1	2,910937E+3	3,049322E-1	2,910937E+3	1,435576E-1
2,912500E+3	7,419486E-2	2,912500E+3	4,943484E-1	2,912500E+3	8,217277E-2	2,912500E+3	4,963419E-1	2,912500E+3	8,794888E-2	2,912500E+3	4,931619E-1	2,912500E+3	9,988755E-2	2,912500E+3	4,529586E-1	2,912500E+3	1,544667E-1	2,912500E+3	3,303513E-1	2,912500E+3	2,116553E-1	2,912500E+3	2,301484E-1	2,912500E+3	2,998028E-1	2,912500E+3	1,559962E-1
2,914062E+3	7,719080E-2	2,914062E+3	4,960030E-1	2,914062E+3	8,396424E-2	2,914062E+3	4,990374E-1	2,914062E+3	8,913943E-2	2,914062E+3	4,941102E-1	2,914062E+3	1,021228E-1	2,914062E+3	4,578034E-1	2,914062E+3	1,495038E-1	2,914062E+3	3,342382E-1	2,914062E+3	2,063873E-1	2,914062E+3	2,344418E-1	2,914062E+3	2,991028E-1	2,914062E+3	1,522869E-1
2,915625E+3	8,068754E-2	2,915625E+3	5,031597E-1	2,915625E+3	8,770359E-2	2,915625E+3	5,012258E-1	2,915625E+3	9,243344E-2	2,915625E+3	4,974261E-1	2,915625E+3	1,066644E-1	2,915625E+3	4,617315E-1	2,915625E+3	1,494744E-1	2,915625E+3	3,354876E-1	2,915625E+3	2,114733E-1	2,915625E+3	2,403837E-1	2,915625E+3	2,927346E-1	2,915625E+3	1,526147E-1
2,917187E+3	8,883043E-2	2,917187E+3	5,043677E-1	2,917187E+3	9,314959E-2	2,917187E+3	5,064004E-1	2,917187E+3	9,822817E-2	2,917187E+3	4,984370E-1	2,917187E+3	1,073416E-1	2,917187E+3	4,650969E-1	2,917187E+3	1,608838E-1	2,917187E+3	3,390656E-1	2,917187E+3	2,056614E-1	2,917187E+3	2,375021E-1	2,917187E+3	2,988999E-1	2,917187E+3	1,649760E-1
2,918750E+3	9,288303E-2	2,918750E+3	5,053131E-1	2,918750E+3	9,222690E-2	2,918750E+3	5,081917E-1	2,918750E+3	1,006249E-1	2,918750E+3	5,003589E-1	2,918750E+3	1,117990E-1	2,918750E+3	4,678139E-1	2,918750E+3	1,519093E-1	2,918750E+3	3,407255E-1	2,918750E+3	2,093698E-1	2,918750E+3	2,452869E-1	2,918750E+3	2,957029E-1	2,918750E+3	1,544026E-1
2,920312E+3	9,204584E-2	2,920312E+3	5,087696E-1	2,920312E+3	9,842918E-2	2,920312E+3	5,084722E-1	2,920312E+3	1,043548E-1	2,920312E+3	5,029919E-1	2,920312E+3	1,123373E-1	2,920312E+3	4,673190E-1	2,920312E+3	1,573633E-1	2,920312E+3	3,456332E-1	2,920312E+3	2,141612E-1	2,920312E+3	2,528756E-1	2,920312E+3	2,879890E-1	2,920312E+3	1,542552E-1
2,921875E+3	9,198558E-2	2,921875E+3	5,105162E-1	2,921875E+3	1,015323E-1	2,921875E+3	5,118958E-1	2,921875E+3	1,069292E-1	2,921875E+3	5,058426E-1	2,921875E+3	1,160115E-1	2,921875E+3	4,722962E-1	2,921875E+3	1,571311E-1	2,921875E+3	3,370337E-1	2,921875E+3	2,070607E-1	2,921875E+3	2,451261E-1	2,921875E+3	2,761075E-1	2,921875E+3	1,601636E-1
2,923437E+3	9,662594E-2	2,923437E+3	5,114133E-1	2,923437E+3	1,034288E-1	2,923437E+3	5,133286E-1	2,923437E+3	1,129288E-1	2,923437E+3	5,090736E-1	2,923437E+3	1,192991E-1	2,923437E+3	4,767627E-1	2,923437E+3	1,592903E-1	2,923437E+3	3,372320E-1	2,923437E+3	2,139940E-1	2,923437E+3	2,481491E-1	2,923437E+3	2,769937E-1	2,923437E+3	1,728822E-1
2,925000E+3	1,010596E-1	2,925000E+3	5,134572E-1	2,925000E+3	1,092200E-1	2,925000E+3	5,137264E-1	2,925000E+3	1,145008E-1	2,925000E+3	5,106855E-1	2,925000E+3	1,208542E-1	2,925000E+3	4,781965E-1	2,925000E+3	1,582892E-1	2,925000E+3	3,386430E-1	2,925000E+3	2,261596E-1	2,925000E+3	2,511779E-1	2,925000E+3	2,926649E-1	2,925000E+3	1,540464E-1
2,926562E+3	1,084773E-1	2,926562E+3	5,150180E-1	2,926562E+3	1,118764E-1	2,926562E+3	5,163934E-1	2,926562E+3	1,189733E-1	2,926562E+3	5,118227E-1	2,926562E+3	1,254238E-1	2,926562E+3	4,732798E-1	2,926562E+3	1,612699E-1	2,926562E+3	3,498431E-1	2,926562E+3	2,185521E-1	2,926562E+3	2,449159E-1	2,926562E+3	3,084304E-1	2,926562E+3	1,545957E-1
2,928125E+3	1,128738E-1	2,928125E+3	5,134784E-1	2,928125E+3	1,180067E-1	2,928125E+3	5,171142E-1	2,928125E+3	1,220928E-1	2,928125E+3	5,138970E-1	2,928125E+3	1,311081E-1	2,928125E+3	4,742206E-1	2,928125E+3	1,661254E-1	2,928125E+3	3,597153E-1	2,928125E+3	2,167712E-1	2,928125E+3	2,393963E-1	2,928125E+3	3,134875E-1	2,928125E+3	1,606564E-1
2,929687E+3	1,124601E-1	2,929687E+3	5,163658E-1	2,929687E+3	1,186511E-1	2,929687E+3	5,203223E-1	2,929687E+3	1,264256E-1	2,929687E+3	5,150422E-1	2,929687E+3	1,344018E-1	2,929687E+3	4,786830E-1	2,929687E+3	1,606319E-1	2,929687E+3	3,668178E-1	2,929687E+3	2,109029E-1	2,929687E+3	2,437905E-1	2,929687E+3	3,077854E-1	2,929687E+3	1,707599E-1
2,931250E+3	1,130590E-1	2,931250E+3	5,186190E-1	2,931250E+3	1,250142E-1	2,931250E+3	5,241413E-1	2,931250E+3	1,279516E-1	2,931250E+3	5,172598E-1	2,931250E+3	1,361856E-1	2,931250E+3	4,859642E-1	2,931250E+3	1,639132E-1	2,931250E+3	3,668569E-1	2,931250E+3	2,129662E-1	2,931250E+3	2,514595E-1	2,931250E+3	2,999887E-1	2,931250E+3	1,778619E-1
2,932812E+3	1,183254E-1	2,932812E+3	5,199437E-1	2,932812E+3	1,284865E-1	2,932812E+3	5,231583E-1	2,932812E+3	1,338385E-1	2,932812E+3	5,192357E-1	2,932812E+3	1,369308E-1	2,932812E+3	4,854509E-1	2,932812E+3	1,646973E-1	2,932812E+3	3,598399E-1	2,932812E+3	2,236074E-1	2,932812E+3	2,620308E-1	2,932812E+3	2,839107E-1	2,932812E+3	1,854700E-1
2,934375E+3	1,296530E-1	2,934375E+3	5,254741E-1	2,934375E+3	1,316412E-1	2,934375E+3	5,254806E-1	2,934375E+3	1,344553E-1	2,934375E+3	5,218963E-1	2,934375E+3	1,427274E-1	2,934375E+3	4,832159E-1	2,934375E+3	1,772887E-1	2,934375E+3	3,610401E-1	2,934375E+3	2,241023E-1	2,934375E+3	2,617565E-1	2,934375E+3	2,895394E-1	2,934375E+3	1,784779E-1
2,935937E+3	1,261543E-1	2,935937E+3	5,268017E-1	2,935937E+3	1,316038E-1	2,935937E+3	5,268732E-1	2,935937E+3	1,400260E-1	2,935937E+3	5,212754E-1	2,935937E+3	1,451749E-1	2,935937E+3	4,905589E-1	2,935937E+3	1,722483E-1	2,935937E+3	3,665736E-1	2,935937E+3	2,272319E-1	2,935937E+3	2,536635E-1	2,935937E+3	2,881684E-1	2,935937E+3	1,768072E-1
2,937500E+3	1,284845E-1	2,937500E+3	5,219802E-1	2,937500E+3	1,384960E-1	2,937500E+3	5,298529E-1	2,937500E+3	1,446849E-1	2,937500E+3	5,215678E-1	2,937500E+3	1,481689E-1	2,937500E+3	4,904978E-1	2,937500E+3	1,677988E-1	2,937500E+3	3,735833E-1	2,937500E+3	2,367497E-1	2,937500E+3	2,502455E-1	2,937500E+3	2,955727E-1	2,937500E+3	1,759078E-1
2,939062E+3	1,435463E-1	2,939062E+3	5,239117E-1	2,939062E+3	1,428106E-1	2,939062E+3	5,309906E-1	2,939062E+3	1,457567E-1	2,939062E+3	5,233986E-1	2,939062E+3	1,517602E-1	2,939062E+3	4,889151E-1	2,939062E+3	1,825462E-1	2,939062E+3	3,686683E-1	2,939062E+3	2,219447E-1	2,939062E+3	2,552188E-1	2,939062E+3	3,051259E-1	2,939062E+3	1,776458E-1
2,940625E+3	1,421086E-1	2,940625E+3	5,287432E-1	2,940625E+3	1,451857E-1	2,940625E+3	5,316275E-1	2,940625E+3	1,516575E-1	2,940625E+3	5,258255E-1	2,940625E+3	1,578114E-1	2,940625E+3	4,897413E-1	2,940625E+3	1,837783E-1	2,940625E+3	3,721690E-1	2,940625E+3	2,131974E-1	2,940625E+3	2,562338E-1	2,940625E+3	3,200522E-1	2,940625E+3	1,935534E-1
2,942187E+3	1,327666E-1	2,942187E+3	5,317448E-1	2,942187E+3	1,500499E-1	2,942187E+3	5,338262E-1	2,942187E+3	1,556696E-1	2,942187E+3	5,292683E-1	2,942187E+3	1,557767E-1	2,942187E+3	4,935872E-1	2,942187E+3	1,829248E-1	2,942187E+3	3,822701E-1	2,942187E+3	2,249781E-1	2,942187E+3	2,737987E-1	2,942187E+3	3,003565E-1	2,942187E+3	1,828443E-1
2,943750E+3	1,376574E-1	2,943750E+3	5,364790E-1	2,943750E+3	1,518703E-1	2,943750E+3	5,336138E-1	2,943750E+3	1,571340E-1	2,943750E+3	5,310930E-1	2,943750E+3	1,588894E-1	2,943750E+3	4,961266E-1	2,943750E+3	1,866515E-1	2,943750E+3	3,730509E-1	2,943750E+3	2,376151E-1	2,943750E+3	2,795808E-1	2,943750E+3	2,912285E-1	2,943750E+3	1,783008E-1
2,945312E+3	1,490829E-1	2,945312E+3	5,309162E-1	2,945312E+3	1,567969E-1	2,945312E+3	5,360541E-1	2,945312E+3	1,614721E-1	2,945312E+3	5,304869E-1	2,945312E+3	1,659954E-1	2,945312E+3	4,962106E-1	2,945312E+3	1,885368E-1	2,945312E+3	3,736087E-1	2,945312E+3	2,385230E-1	2,945312E+3	2,667410E-1	2,945312E+3	3,031475E-1	2,945312E+3	1,734113E-1
2,946875E+3	1,487002E-1	2,946875E+3	5,379511E-1	2,946875E+3	1,604853E-1	2,946875E+3	5,379647E-1	2,946875E+3	1,661686E-1	2,946875E+3	5,326166E-1	2,946875E+3	1,697473E-1	2,946875E+3	4,966683E-1	2,946875E+3	1,940948E-1	2,946875E+3	3,795069E-1	2,946875E+3	2,429399E-1	2,946875E+3	2,668790E-1	2,946875E+3	2,996343E-1	2,946875E+3	1,708801E-1
2,948437E+3	1,515863E-1	2,948437E+3	5,406548E-1	2,948437E+3	1,628052E-1	2,948437E+3	5,391685E-1	2,948437E+3	1,687430E-1	2,948437E+3	5,321292E-1	2,948437E+3	1,723740E-1	2,948437E+3	5,001763E-1	2,948437E+3	1,954691E-1	2,948437E+3	3,732261E-1	2,948437E+3	2,404325E-1	2,948437E+3	2,701992E-1	2,948437E+3	2,928545E-1	2,948437E+3	1,733440E-1
2,950000E+3	1,610119E-1	2,950000E+3	5,410926E-1	2,950000E+3	1,669009E-1	2,950000E+3	5,404562E-1	2,950000E+3	1,716671E-1	2,950000E+3	5,344205E-1	2,950000E+3	1,742558E-1	2,950000E+3	4,989464E-1	2,950000E+3	1,943857E-1	2,950000E+3	3,694462E-1	2,950000E+3	2,243050E-1	2,950000E+3	2,716956E-1	2,950000E+3	2,801291E-1	2,950000E+3	1,904964E-1
2,951562E+3	1,679803E-1	2,951562E+3	5,384288E-1	2,951562E+3	1,687000E-1	2,951562E+3	5,377966E-1	2,951562E+3	1,760505E-1	2,951562E+3	5,360274E-1	2,951562E+3	1,814276E-1	2,951562E+3	5,003769E-1	2,951562E+3	1,955093E-1	2,951562E+3	3,736821E-1	2,951562E+3	2,369464E-1	2,951562E+3	2,603116E-1	2,951562E+3	2,832933E-1	2,951562E+3	1,767599E-1
2,953125E+3	1,707971E-1	2,953125E+3	5,383540E-1	2,953125E+3	1,731207E-1	2,953125E+3	5,406056E-1	2,953125E+3	1,803219E-1	2,953125E+3	5,352354E-1	2,953125E+3	1,851439E-1	2,953125E+3	5,021638E-1	2,953125E+3	2,004057E-1	2,953125E+3	3,701908E-1	2,953125E+3	2,436007E-1	2,953125E+3	2,640799E-1	2,953125E+3	3,089804E-1	2,953125E+3	1,677758E-1
2,954687E+3	1,724884E-1	2,954687E+3	5,401358E-1	2,954687E+3	1,796646E-1	2,954687E+3	5,419370E-1	2,954687E+3	1,849561E-1	2,954687E+3	5,340351E-1	2,954687E+3	1,847440E-1	2,954687E+3	5,026549E-1	2,954687E+3	2,071683E-1	2,954687E+3	3,748658E-1	2,954687E+3	2,265276E-1	2,954687E+3	2,809660E-1	2,954687E+3	3,115479E-1	2,954687E+3	1,738350E-1
2,956250E+3	1,756679E-1	2,956250E+3	5,469409E-1	2,956250E+3	1,816984E-1	2,956250E+3	5,435325E-1	2,956250E+3	1,867042E-1	2,956250E+3	5,374799E-1	2,956250E+3	1,881249E-1	2,956250E+3	5,026353E-1	2,956250E+3	2,064480E-1	2,956250E+3	3,893173E-1	2,956250E+3	2,330931E-1	2,956250E+3	2,762455E-1	2,956250E+3	2,985604E-1	2,956250E+3	1,800787E-1
2,957812E+3	1,807756E-1	2,957812E+3	5,512822E-1	2,957812E+3	1,837166E-1	2,957812E+3	5,450361E-1	2,957812E+3	1,900974E-1	2,957812E+3	5,419187E-1	2,957812E+3	1,883319E-1	2,957812E+3	5,030306E-1	2,957812E+3	2,084656E-1	2,957812E+3	3,901116E-1	2,957812E+3	2,482579E-1	2,957812E+3	2,826364E-1	2,957812E+3	2,981385E-1	2,957812E+3	1,870893E-1
2,959375E+3	1,814740E-1	2,959375E+3	5,527108E-1	2,959375E+3	1,886836E-1	2,959375E+3	5,464728E-1	2,959375E+3	1,915922E-1	2,959375E+3	5,412354E-1	2,959375E+3	1,925790E-1	2,959375E+3	5,064017E-1	2,959375E+3	2,076753E-1	2,959375E+3	3,910680E-1	2,959375E+3	2,399463E-1	2,959375E+3	2,815336E-1	2,959375E+3	3,103968E-1	2,959375E+3	1,806733E-1
2,960937E+3	1,840704E-1	2,960937E+3	5,460229E-1	2,960937E+3	1,925436E-1	2,960937E+3	5,476510E-1	2,960937E+3	1,945283E-1	2,960937E+3	5,414293E-1	2,960937E+3	1,999571E-1	2,960937E+3	5,075444E-1	2,960937E+3	2,179940E-1	2,960937E+3	3,728132E-1	2,960937E+3	2,420659E-1	2,960937E+3	2,745356E-1	2,960937E+3	3,093416E-1	2,960937E+3	1,848211E-1
2,962500E+3	1,885614E-1	2,962500E+3	5,503093E-1	2,962500E+3	1,957417E-1	2,962500E+3	5,495395E-1	2,962500E+3	2,017566E-1	2,962500E+3	5,431590E-1	2,962500E+3	2,040484E-1	2,962500E+3	5,102012E-1	2,962500E+3	2,154921E-1	2,962500E+3	3,787195E-1	2,962500E+3	2,552314E-1	2,962500E+3	2,959610E-1	2,962500E+3	3,143689E-1	2,962500E+3	1,869536E-1
2,964062E+3	1,926905E-1	2,964062E+3	5,480833E-1	2,964062E+3	1,968328E-1	2,964062E+3	5,499281E-1	2,964062E+3	2,055535E-1	2,964062E+3	5,435922E-1	2,964062E+3	2,048468E-1	2,964062E+3	5,118553E-1	2,964062E+3	2,105480E-1	2,964062E+3	3,898454E-1	2,964062E+3	2,582313E-1	2,964062E+3	2,975263E-1	2,964062E+3	3,136815E-1	2,964062E+3	1,834339E-1
2,965625E+3	2,020418E-1	2,965625E+3	5,475009E-1	2,965625E+3	2,020647E-1	2,965625E+3	5,508679E-1	2,965625E+3	2,065617E-1	2,965625E+3	5,437948E-1	2,965625E+3	2,087883E-1	2,965625E+3	5,123831E-1	2,965625E+3	2,170597E-1	2,965625E+3	3,956982E-1	2,965625E+3	2,604397E-1	2,965625E+3	2,902890E-1	2,965625E+3	3,058558E-1	2,965625E+3	1,992833E-1
2,967187E+3	2,010415E-1	2,967187E+3	5,506441E-1	2,967187E+3	2,068066E-1	2,967187E+3	5,514695E-1	2,967187E+3	2,111063E-1	2,967187E+3	5,462620E-1	2,967187E+3	2,141822E-1	2,967187E+3	5,120641E-1	2,967187E+3	2,177282E-1	2,967187E+3	3,988039E-1	2,967187E+3	2,623132E-1	2,967187E+3	2,866418E-1	2,967187E+3	2,859485E-1	2,967187E+3	1,995946E-1
2,968750E+3	2,063660E-1	2,968750E+3	5,513361E-1	2,968750E+3	2,087848E-1	2,968750E+3	5,526554E-1	2,968750E+3	2,162395E-1	2,968750E+3	5,466513E-1	2,968750E+3	2,139695E-1	2,968750E+3	5,121184E-1	2,968750E+3	2,205103E-1	2,968750E+3	3,975914E-1	2,968750E+3	2,605050E-1	2,968750E+3	2,885745E-1	2,968750E+3	2,899417E-1	2,968750E+3	1,892099E-1
2,970312E+3	2,049469E-1	2,970312E+3	5,470205E-1	2,970312E+3	2,157526E-1	2,970312E+3	5,536930E-1	2,970312E+3	2,197449E-1	2,970312E+3	5,473384E-1	2,970312E+3	2,220760E-1	2,970312E+3	5,128913E-1	2,970312E+3	2,199426E-1	2,970312E+3	3,943410E-1	2,970312E+3	2,508378E-1	2,970312E+3	2,824112E-1	2,970312E+3	3,191317E-1	2,970312E+3	1,818122E-1
2,971875E+3	2,082008E-1	2,971875E+3	5,504256E-1	2,971875E+3	2,191526E-1	2,971875E+3	5,510845E-1	2,971875E+3	2,225371E-1	2,971875E+3	5,471166E-1	2,971875E+3	2,230067E-1	2,971875E+3	5,087753E-1	2,971875E+3	2,239484E-1	2,971875E+3	3,972108E-1	2,971875E+3	2,545033E-1	2,971875E+3	2,797266E-1	2,971875E+3	3,211464E-1	2,971875E+3	1,984606E-1
2,973437E+3	2,113487E-1	2,973437E+3	5,535597E-1	2,973437E+3	2,175269E-1	2,973437E+3	5,526097E-1	2,973437E+3	2,248434E-1	2,973437E+3	5,469017E-1	2,973437E+3	2,235768E-1	2,973437E+3	5,104033E-1	2,973437E+3	2,220740E-1	2,973437E+3	3,964937E-1	2,973437E+3	2,564730E-1	2,973437E+3	2,766280E-1	2,973437E+3	3,129179E-1	2,973437E+3	2,117735E-1
2,975000E+3	2,222158E-1	2,975000E+3	5,544026E-1	2,975000E+3	2,249426E-1	2,975000E+3	5,538212E-1	2,975000E+3	2,283614E-1	2,975000E+3	5,450560E-1	2,975000E+3	2,261143E-1	2,975000E+3	5,130018E-1	2,975000E+3	2,251906E-1	2,975000E+3	3,911628E-1	2,975000E+3	2,600858E-1	2,975000E+3	2,821682E-1	2,975000E+3	3,098515E-1	2,975000E+3	1,990186E-1
2,976562E+3	2,218087E-1	2,976562E+3	5,520087E-1	2,976562E+3	2,311659E-1	2,976562E+3	5,524816E-1	2,976562E+3	2,324026E-1	2,976562E+3	5,472456E-1	2,976562E+3	2,290652E-1	2,976562E+3	5,154614E-1	2,976562E+3	2,341909E-1	2,976562E+3	3,944353E-1	2,976562E+3	2,675283E-1	2,976562E+3	2,896242E-1	2,976562E+3	3,152416E-1	2,976562E+3	1,992416E-1
2,978125E+3	2,247575E-1	2,978125E+3	5,524217E-1	2,978125E+3	2,310330E-1	2,978125E+3	5,542246E-1	2,978125E+3	2,354752E-1	2,978125E+3	5,475693E-1	2,978125E+3	2,291732E-1	2,978125E+3	5,175677E-1	2,978125E+3	2,322876E-1	2,978125E+3	4,011492E-1	2,978125E+3	2,629037E-1	2,978125E+3	2,867538E-1	2,978125E+3	3,057130E-1	2,978125E+3	2,011845E-1
2,979687E+3	2,311995E-1	2,979687E+3	5,587642E-1	2,979687E+3	2,351512E-1	2,979687E+3	5,560130E-1	2,979687E+3	2,392024E-1	2,979687E+3	5,495755E-1	2,979687E+3	2,379718E-1	2,979687E+3	5,165277E-1	2,979687E+3	2,306339E-1	2,979687E+3	3,986018E-1	2,979687E+3	2,633873E-1	2,979687E+3	2,986803E-1	2,979687E+3	3,117074E-1	2,979687E+3	1,966480E-1
2,981250E+3	2,304669E-1	2,981250E+3	5,556095E-1	2,981250E+3	2,372510E-1	2,981250E+3	5,566125E-1	2,981250E+3	2,434151E-1	2,981250E+3	5,516665E-1	2,981250E+3	2,400944E-1	2,981250E+3	5,161799E-1	2,981250E+3	2,392835E-1	2,981250E+3	4,018061E-1	2,981250E+3	2,596867E-1	2,981250E+3	3,097404E-1	2,981250E+3	3,167230E-1	2,981250E+3	1,901739E-1
2,982812E+3	2,282512E-1	2,982812E+3	5,575085E-1	2,982812E+3	2,441500E-1	2,982812E+3	5,554433E-1	2,982812E+3	2,466169E-1	2,982812E+3	5,518061E-1	2,982812E+3	2,450737E-1	2,982812E+3	5,187576E-1	2,982812E+3	2,453548E-1	2,982812E+3	3,983955E-1	2,982812E+3	2,739072E-1	2,982812E+3	2,938604E-1	2,982812E+3	3,243636E-1	2,982812E+3	1,964939E-1
2,984375E+3	2,377938E-1	2,984375E+3	5,591911E-1	2,984375E+3	2,454592E-1	2,984375E+3	5,560564E-1	2,984375E+3	2,529614E-1	2,984375E+3	5,515311E-1	2,984375E+3	2,457853E-1	2,984375E+3	5,187096E-1	2,984375E+3	2,385937E-1	2,984375E+3	4,033200E-1	2,984375E+3	2,725148E-1	2,984375E+3	2,959894E-1	2,984375E+3	3,232364E-1	2,984375E+3	2,109674E-1
2,985937E+3	2,443553E-1	2,985937E+3	5,540604E-1	2,985937E+3	2,476073E-1	2,985937E+3	5,524943E-1	2,985937E+3	2,532037E-1	2,985937E+3	5,520487E-1	2,985937E+3	2,534454E-1	2,985937E+3	5,187971E-1	2,985937E+3	2,436420E-1	2,985937E+3	4,028435E-1	2,985937E+3	2,764996E-1	2,985937E+3	2,955407E-1	2,985937E+3	3,151274E-1	2,985937E+3	2,197769E-1
2,987500E+3	2,451540E-1	2,987500E+3	5,547346E-1	2,987500E+3	2,535576E-1	2,987500E+3	5,563872E-1	2,987500E+3	2,564860E-1	2,987500E+3	5,501527E-1	2,987500E+3	2,514020E-1	2,987500E+3	5,182787E-1	2,987500E+3	2,464500E-1	2,987500E+3	4,044438E-1	2,987500E+3	2,843612E-1	2,987500E+3	2,937197E-1	2,987500E+3	3,219017E-1	2,987500E+3	2,131457E-1
2,989062E+3	2,498972E-1	2,989062E+3	5,546315E-1	2,989062E+3	2,560079E-1	2,989062E+3	5,573350E-1	2,989062E+3	2,612511E-1	2,989062E+3	5,500775E-1	2,989062E+3	2,561119E-1	2,989062E+3	5,188771E-1	2,989062E+3	2,608904E-1	2,989062E+3	4,055016E-1	2,989062E+3	2,823802E-1	2,989062E+3	2,931628E-1	2,989062E+3	3,265352E-1	2,989062E+3	2,151568E-1
2,990625E+3	2,499441E-1	2,990625E+3	5,567194E-1	2,990625E+3	2,594002E-1	2,990625E+3	5,564688E-1	2,990625E+3	2,623734E-1	2,990625E+3	5,523835E-1	2,990625E+3	2,609974E-1	2,990625E+3	5,189086E-1	2,990625E+3	2,662662E-1	2,990625E+3	4,079164E-1	2,990625E+3	2,795512E-1	2,990625E+3	2,962080E-1	2,990625E+3	3,240240E-1	2,990625E+3	2,064680E-1
2,992187E+3	2,589166E-1	2,992187E+3	5,583920E-1	2,992187E+3	2,619939E-1	2,992187E+3	5,575497E-1	2,992187E+3	2,672387E-1	2,992187E+3	5,528775E-1	2,992187E+3	2,599486E-1	2,992187E+3	5,212527E-1	2,992187E+3	2,600006E-1	2,992187E+3	4,074142E-1	2,992187E+3	2,738190E-1	2,992187E+3	3,014084E-1	2,992187E+3	3,240589E-1	2,992187E+3	1,947583E-1
2,993750E+3	2,590109E-1	2,993750E+3	5,565185E-1	2,993750E+3	2,658870E-1	2,993750E+3	5,565391E-1	2,993750E+3	2,687820E-1	2,993750E+3	5,509947E-1	2,993750E+3	2,673767E-1	2,993750E+3	5,210167E-1	2,993750E+3	2,582003E-1	2,993750E+3	4,087896E-1	2,993750E+3	2,782308E-1	2,993750E+3	2,970079E-1	2,993750E+3	3,339321E-1	2,993750E+3	1,919979E-1
2,995312E+3	2,605323E-1	2,995312E+3	5,606119E-1	2,995312E+3	2,682615E-1	2,995312E+3	5,565820E-1	2,995312E+3	2,753722E-1	2,995312E+3	5,510171E-1	2,995312E+3	2,696646E-1	2,995312E+3	5,158791E-1	2,995312E+3	2,546456E-1	2,995312E+3	4,044802E-1	2,995312E+3	2,849262E-1	2,995312E+3	3,015171E-1	2,995312E+3	3,228865E-1	2,995312E+3	1,937406E-1
2,996875E+3	2,632387E-1	2,996875E+3	5,613910E-1	2,996875E+3	2,730323E-1	2,996875E+3	5,559286E-1	2,996875E+3	2,775975E-1	2,996875E+3	5,514576E-1	2,996875E+3	2,747058E-1	2,996875E+3	5,181326E-1	2,996875E+3	2,675368E-1	2,996875E+3	4,117756E-1	2,996875E+3	2,809746E-1	2,996875E+3	2,995982E-1	2,996875E+3	3,257785E-1	2,996875E+3	2,039228E-1
2,998437E+3	2,701361E-1	2,998437E+3	5,554389E-1	2,998437E+3	2,775680E-1	2,998437E+3	5,570145E-1	2,998437E+3	2,803687E-1	2,998437E+3	5,510100E-1	2,998437E+3	2,773087E-1	2,998437E+3	5,207676E-1	2,998437E+3	2,718811E-1	2,998437E+3	4,081719E-1	2,998437E+3	2,852856E-1	2,998437E+3	3,071043E-1	2,998437E+3	3,268091E-1	2,998437E+3	2,000502E-1
3,000000E+3	2,770212E-1	3,000000E+3	5,527618E-1	3,000000E+3	2,791000E-1	3,000000E+3	5,577955E-1	3,000000E+3	2,824504E-1	3,000000E+3	5,503472E-1	3,000000E+3	2,814039E-1	3,000000E+3	5,194600E-1	3,000000E+3	2,699984E-1	3,000000E+3	4,020216E-1	3,000000E+3	2,891199E-1	3,000000E+3	3,054977E-1	3,000000E+3	3,323135E-1	3,000000E+3	2,076064E-1
3,001562E+3	2,733154E-1	3,001562E+3	5,561334E-1	3,001562E+3	2,801068E-1	3,001562E+3	5,589808E-1	3,001562E+3	2,858359E-1	3,001562E+3	5,515718E-1	3,001562E+3	2,807576E-1	3,001562E+3	5,203883E-1	3,001562E+3	2,700291E-1	3,001562E+3	4,043317E-1	3,001562E+3	2,828793E-1	3,001562E+3	3,015364E-1	3,001562E+3	3,270938E-1	3,001562E+3	2,031750E-1
3,003125E+3	2,727012E-1	3,003125E+3	5,576079E-1	3,003125E+3	2,856183E-1	3,003125E+3	5,603673E-1	3,003125E+3	2,926759E-1	3,003125E+3	5,506163E-1	3,003125E+3	2,879859E-1	3,003125E+3	5,190055E-1	3,003125E+3	2,748732E-1	3,003125E+3	4,070145E-1	3,003125E+3	2,860323E-1	3,003125E+3	3,084595E-1	3,003125E+3	3,305419E-1	3,003125E+3	2,002056E-1
3,004687E+3	2,841339E-1	3,004687E+3	5,535670E-1	3,004687E+3	2,885933E-1	3,004687E+3	5,569147E-1	3,004687E+3	2,917788E-1	3,004687E+3	5,493281E-1	3,004687E+3	2,926471E-1	3,004687E+3	5,202546E-1	3,004687E+3	2,742053E-1	3,004687E+3	4,102104E-1	3,004687E+3	2,950104E-1	3,004687E+3	3,081135E-1	3,004687E+3	3,381368E-1	3,004687E+3	1,998511E-1
3,006250E+3	2,870413E-1	3,006250E+3	5,567854E-1	3,006250E+3	2,933594E-1	3,006250E+3	5,598996E-1	3,006250E+3	2,959945E-1	3,006250E+3	5,491838E-1	3,006250E+3	2,923442E-1	3,006250E+3	5,200242E-1	3,006250E+3	2,764386E-1	3,006250E+3	4,057961E-1	3,006250E+3	2,907783E-1	3,006250E+3	3,064661E-1	3,006250E+3	3,260640E-1	3,006250E+3	1,989041E-1
3,007812E+3	2,860160E-1	3,007812E+3	5,558433E-1	3,007812E+3	2,987269E-1	3,007812E+3	5,567707E-1	3,007812E+3	3,022302E-1	3,007812E+3	5,501821E-1	3,007812E+3	2,951105E-1	3,007812E+3	5,227878E-1	3,007812E+3	2,802833E-1	3,007812E+3	4,078957E-1	3,007812E+3	2,920064E-1	3,007812E+3	3,120745E-1	3,007812E+3	3,144570E-1	3,007812E+3	2,061772E-1
3,009375E+3	2,888541E-1	3,009375E+3	5,549603E-1	3,009375E+3	2,988328E-1	3,009375E+3	5,558937E-1	3,009375E+3	3,035286E-1	3,009375E+3	5,497529E-1	3,009375E+3	2,962214E-1	3,009375E+3	5,218689E-1	3,009375E+3	2,852394E-1	3,009375E+3	4,153719E-1	3,009375E+3	3,019181E-1	3,009375E+3	3,124196E-1	3,009375E+3	3,355018E-1	3,009375E+3	2,115068E-1
3,010937E+3	2,907463E-1	3,010937E+3	5,591705E-1	3,010937E+3	3,025273E-1	3,010937E+3	5,570686E-1	3,010937E+3	3,071904E-1	3,010937E+3	5,523700E-1	3,010937E+3	3,030030E-1	3,010937E+3	5,201469E-1	3,010937E+3	2,924255E-1	3,010937E+3	4,143054E-1	3,010937E+3	3,043049E-1	3,010937E+3	3,128321E-1	3,010937E+3	3,480328E-1	3,010937E+3	2,070705E-1
3,012500E+3	3,003852E-1	3,012500E+3	5,526886E-1	3,012500E+3	3,063138E-1	3,012500E+3	5,563277E-1	3,012500E+3	3,100770E-1	3,012500E+3	5,498847E-1	3,012500E+3	3,068946E-1	3,012500E+3	5,198769E-1	3,012500E+3	2,868463E-1	3,012500E+3	4,115024E-1	3,012500E+3	3,097075E-1	3,012500E+3	3,069356E-1	3,012500E+3	3,350046E-1	3,012500E+3	2,134458E-1
3,014062E+3	3,041379E-1	3,014062E+3	5,532938E-1	3,014062E+3	3,085693E-1	3,014062E+3	5,579750E-1	3,014062E+3	3,138663E-1	3,014062E+3	5,504004E-1	3,014062E+3	3,075983E-1	3,014062E+3	5,214853E-1	3,014062E+3	2,904946E-1	3,014062E+3	4,166700E-1	3,014062E+3	3,052477E-1	3,014062E+3	2,951250E-1	3,014062E+3	3,330083E-1	3,014062E+3	2,059953E-1
3,015625E+3	3,062736E-1	3,015625E+3	5,562793E-1	3,015625E+3	3,133006E-1	3,015625E+3	5,544556E-1	3,015625E+3	3,195231E-1	3,015625E+3	5,508399E-1	3,015625E+3	3,116231E-1	3,015625E+3	5,183004E-1	3,015625E+3	2,934559E-1	3,015625E+3	4,155648E-1	3,015625E+3	3,009347E-1	3,015625E+3	3,040394E-1	3,015625E+3	3,381142E-1	3,015625E+3	1,994453E-1
3,017187E+3	3,088662E-1	3,017187E+3	5,558746E-1	3,017187E+3	3,177244E-1	3,017187E+3	5,530753E-1	3,017187E+3	3,214201E-1	3,017187E+3	5,506249E-1	3,017187E+3	3,156465E-1	3,017187E+3	5,205761E-1	3,017187E+3	2,984181E-1	3,017187E+3	4,161766E-1	3,017187E+3	2,992642E-1	3,017187E+3	3,107103E-1	3,017187E+3	3,407724E-1	3,017187E+3	2,072040E-1
3,018750E+3	3,126113E-1	3,018750E+3	5,565754E-1	3,018750E+3	3,198866E-1	3,018750E+3	5,528404E-1	3,018750E+3	3,226060E-1	3,018750E+3	5,473196E-1	3,018750E+3	3,156153E-1	3,018750E+3	5,218355E-1	3,018750E+3	2,959055E-1	3,018750E+3	4,131496E-1	3,018750E+3	3,088909E-1	3,018750E+3	3,139280E-1	3,018750E+3	3,359462E-1	3,018750E+3	2,173888E-1
3,020312E+3	3,134894E-1	3,020312E+3	5,584559E-1	3,020312E+3	3,218649E-1	3,020312E+3	5,537184E-1	3,020312E+3	3,257197E-1	3,020312E+3	5,487748E-1	3,020312E+3	3,209434E-1	3,020312E+3	5,196033E-1	3,020312E+3	3,002060E-1	3,020312E+3	4,127757E-1	3,020312E+3	3,144664E-1	3,020312E+3	3,141355E-1	3,020312E+3	3,368398E-1	3,020312E+3	2,122130E-1
3,021875E+3	3,194163E-1	3,021875E+3	5,579736E-1	3,021875E+3	3,279889E-1	3,021875E+3	5,537949E-1	3,021875E+3	3,301636E-1	3,021875E+3	5,479953E-1	3,021875E+3	3,242316E-1	3,021875E+3	5,183166E-1	3,021875E+3	3,019478E-1	3,021875E+3	4,156327E-1	3,021875E+3	3,104880E-1	3,021875E+3	3,109431E-1	3,021875E+3	3,338153E-1	3,021875E+3	2,102822E-1
3,023437E+3	3,245743E-1	3,023437E+3	5,527637E-1	3,023437E+3	3,277483E-1	3,023437E+3	5,537573E-1	3,023437E+3	3,343779E-1	3,023437E+3	5,470922E-1	3,023437E+3	3,264020E-1	3,023437E+3	5,170849E-1	3,023437E+3	3,045897E-1	3,023437E+3	4,094883E-1	3,023437E+3	3,163463E-1	3,023437E+3	3,094881E-1	3,023437E+3	3,354027E-1	3,023437E+3	2,076360E-1
3,025000E+3	3,255644E-1	3,025000E+3	5,543266E-1	3,025000E+3	3,332076E-1	3,025000E+3	5,515493E-1	3,025000E+3	3,360027E-1	3,025000E+3	5,476615E-1	3,025000E+3	3,286637E-1	3,025000E+3	5,188372E-1	3,025000E+3	3,023366E-1	3,025000E+3	4,132319E-1	3,025000E+3	3,171112E-1	3,025000E+3	3,106173E-1	3,025000E+3	3,366053E-1	3,025000E+3	2,133806E-1
3,026562E+3	3,294580E-1	3,026562E+3	5,541685E-1	3,026562E+3	3,382308E-1	3,026562E+3	5,491898E-1	3,026562E+3	3,387782E-1	3,026562E+3	5,469930E-1	3,026562E+3	3,293140E-1	3,026562E+3	5,199346E-1	3,026562E+3	3,048679E-1	3,026562E+3	4,098256E-1	3,026562E+3	3,112482E-1	3,026562E+3	3,134659E-1	3,026562E+3	3,403682E-1	3,026562E+3	2,151211E-1
3,028125E+3	3,326498E-1	3,028125E+3	5,526239E-1	3,028125E+3	3,412098E-1	3,028125E+3	5,514790E-1	3,028125E+3	3,450374E-1	3,028125E+3	5,444687E-1	3,028125E+3	3,350244E-1	3,028125E+3	5,183747E-1	3,028125E+3	3,094918E-1	3,028125E+3	4,048048E-1	3,028125E+3	3,125747E-1	3,028125E+3	3,081216E-1	3,028125E+3	3,438774E-1	3,028125E+3	2,169307E-1
3,029687E+3	3,365615E-1	3,029687E+3	5,492603E-1	3,029687E+3	3,432543E-1	3,029687E+3	5,522085E-1	3,029687E+3	3,458357E-1	3,029687E+3	5,452506E-1	3,029687E+3	3,393562E-1	3,029687E+3	5,190203E-1	3,029687E+3	3,107497E-1	3,029687E+3	4,107162E-1	3,029687E+3	3,135099E-1	3,029687E+3	3,086058E-1	3,029687E+3	3,515525E-1	3,029687E+3	2,065801E-1
3,031250E+3	3,418601E-1	3,031250E+3	5,526175E-1	3,031250E+3	3,489498E-1	3,031250E+3	5,508756E-1	3,031250E+3	3,504906E-1	3,031250E+3	5,447888E-1	3,031250E+3	3,428420E-1	3,031250E+3	5,197334E-1	3,031250E+3	3,181503E-1	3,031250E+3	4,184122E-1	3,031250E+3	3,164684E-1	3,031250E+3	3,172994E-1	3,031250E+3	3,484401E-1	3,031250E+3	2,110799E-1
3,032812E+3	3,454438E-1	3,032812E+3	5,522299E-1	3,032812E+3	3,487743E-1	3,032812E+3	5,511814E-1	3,032812E+3	3,537893E-1	3,032812E+3	5,446981E-1	3,032812E+3	3,448931E-1	3,032812E+3	5,173317E-1	3,032812E+3	3,204662E-1	3,032812E+3	4,169825E-1	3,032812E+3	3,221495E-1	3,032812E+3	3,196030E-1	3,032812E+3	3,391668E-1	3,032812E+3	2,163789E-1
3,034375E+3	3,452020E-1	3,034375E+3	5,510360E-1	3,034375E+3	3,532098E-1	3,034375E+3	5,482219E-1	3,034375E+3	3,557032E-1	3,034375E+3	5,433824E-1	3,034375E+3	3,477367E-1	3,034375E+3	5,178693E-1	3,034375E+3	3,261858E-1	3,034375E+3	4,163334E-1	3,034375E+3	3,270287E-1	3,034375E+3	3,158525E-1	3,034375E+3	3,467683E-1	3,034375E+3	2,170420E-1
3,035937E+3	3,522330E-1	3,035937E+3	5,471902E-1	3,035937E+3	3,547387E-1	3,035937E+3	5,467802E-1	3,035937E+3	3,599135E-1	3,035937E+3	5,428679E-1	3,035937E+3	3,509411E-1	3,035937E+3	5,164658E-1	3,035937E+3	3,264169E-1	3,035937E+3	4,130845E-1	3,035937E+3	3,265032E-1	3,035937E+3	3,116150E-1	3,035937E+3	3,529185E-1	3,035937E+3	2,185401E-1
3,037500E+3	3,540615E-1	3,037500E+3	5,492780E-1	3,037500E+3	3,576518E-1	3,037500E+3	5,486829E-1	3,037500E+3	3,625292E-1	3,037500E+3	5,430287E-1	3,037500E+3	3,547936E-1	3,037500E+3	5,172516E-1	3,037500E+3	3,314886E-1	3,037500E+3	4,094349E-1	3,037500E+3	3,268278E-1	3,037500E+3	3,121066E-1	3,037500E+3	3,520724E-1	3,037500E+3	2,161687E-1
3,039062E+3	3,556233E-1	3,039062E+3	5,486083E-1	3,039062E+3	3,646176E-1	3,039062E+3	5,466125E-1	3,039062E+3	3,646238E-1	3,039062E+3	5,412099E-1	3,039062E+3	3,593156E-1	3,039062E+3	5,160281E-1	3,039062E+3	3,294912E-1	3,039062E+3	4,103694E-1	3,039062E+3	3,225844E-1	3,039062E+3	3,114316E-1	3,039062E+3	3,475577E-1	3,039062E+3	2,138444E-1
3,040625E+3	3,561226E-1	3,040625E+3	5,465694E-1	3,040625E+3	3,656253E-1	3,040625E+3	5,449519E-1	3,040625E+3	3,682779E-1	3,040625E+3	5,394662E-1	3,040625E+3	3,615135E-1	3,040625E+3	5,155477E-1	3,040625E+3	3,289294E-1	3,040625E+3	4,119463E-1	3,040625E+3	3,283416E-1	3,040625E+3	3,141696E-1	3,040625E+3	3,517884E-1	3,040625E+3	2,159830E-1
3,042187E+3	3,604208E-1	3,042187E+3	5,457011E-1	3,042187E+3	3,689586E-1	3,042187E+3	5,455826E-1	3,042187E+3	3,718140E-1	3,042187E+3	5,397334E-1	3,042187E+3	3,619821E-1	3,042187E+3	5,153931E-1	3,042187E+3	3,269787E-1	3,042187E+3	4,094779E-1	3,042187E+3	3,242745E-1	3,042187E+3	3,117702E-1	3,042187E+3	3,549687E-1	3,042187E+3	2,189567E-1
3,043750E+3	3,669792E-1	3,043750E+3	5,463063E-1	3,043750E+3	3,720327E-1	3,043750E+3	5,442847E-1	3,043750E+3	3,745094E-1	3,043750E+3	5,397215E-1	3,043750E+3	3,653596E-1	3,043750E+3	5,124632E-1	3,043750E+3	3,314802E-1	3,043750E+3	4,130426E-1	3,043750E+3	3,265091E-1	3,043750E+3	3,106258E-1	3,043750E+3	3,524702E-1	3,043750E+3	2,194987E-1
3,045312E+3	3,679328E-1	3,045312E+3	5,461197E-1	3,045312E+3	3,730078E-1	3,045312E+3	5,462235E-1	3,045312E+3	3,771580E-1	3,045312E+3	5,371734E-1	3,045312E+3	3,671328E-1	3,045312E+3	5,113457E-1	3,045312E+3	3,381376E-1	3,045312E+3	4,182753E-1	3,045312E+3	3,337473E-1	3,045312E+3	3,182746E-1	3,045312E+3	3,528260E-1	3,045312E+3	2,131033E-1
3,046875E+3	3,687865E-1	3,046875E+3	5,432007E-1	3,046875E+3	3,778977E-1	3,046875E+3	5,445962E-1	3,046875E+3	3,813823E-1	3,046875E+3	5,375435E-1	3,046875E+3	3,712364E-1	3,046875E+3	5,096235E-1	3,046875E+3	3,437797E-1	3,046875E+3	4,098780E-1	3,046875E+3	3,385606E-1	3,046875E+3	3,162294E-1	3,046875E+3	3,500604E-1	3,046875E+3	2,069612E-1
3,048437E+3	3,738276E-1	3,048437E+3	5,439095E-1	3,048437E+3	3,816251E-1	3,048437E+3	5,416202E-1	3,048437E+3	3,848206E-1	3,048437E+3	5,360359E-1	3,048437E+3	3,732645E-1	3,048437E+3	5,118451E-1	3,048437E+3	3,458645E-1	3,048437E+3	4,120099E-1	3,048437E+3	3,352377E-1	3,048437E+3	3,140027E-1	3,048437E+3	3,592160E-1	3,048437E+3	2,147823E-1
3,050000E+3	3,766269E-1	3,050000E+3	5,417328E-1	3,050000E+3	3,838273E-1	3,050000E+3	5,376902E-1	3,050000E+3	3,859559E-1	3,050000E+3	5,350919E-1	3,050000E+3	3,770127E-1	3,050000E+3	5,111751E-1	3,050000E+3	3,452116E-1	3,050000E+3	4,088793E-1	3,050000E+3	3,395358E-1	3,050000E+3	3,143506E-1	3,050000E+3	3,580954E-1	3,050000E+3	2,174648E-1
3,051562E+3	3,801486E-1	3,051562E+3	5,422959E-1	3,051562E+3	3,880068E-1	3,051562E+3	5,383187E-1	3,051562E+3	3,902876E-1	3,051562E+3	5,324466E-1	3,051562E+3	3,779984E-1	3,051562E+3	5,084624E-1	3,051562E+3	3,465868E-1	3,051562E+3	4,085223E-1	3,051562E+3	3,380655E-1	3,051562E+3	3,165120E-1	3,051562E+3	3,536535E-1	3,051562E+3	2,190690E-1
3,053125E+3	3,856598E-1	3,053125E+3	5,373815E-1	3,053125E+3	3,902408E-1	3,053125E+3	5,398196E-1	3,053125E+3	3,945227E-1	3,053125E+3	5,332536E-1	3,053125E+3	3,842239E-1	3,053125E+3	5,080196E-1	3,053125E+3	3,540475E-1	3,053125E+3	4,041859E-1	3,053125E+3	3,386202E-1	3,053125E+3	3,127095E-1	3,053125E+3	3,546061E-1	3,053125E+3	2,184763E-1
3,054687E+3	3,887343E-1	3,054687E+3	5,386226E-1	3,054687E+3	3,977083E-1	3,054687E+3	5,374129E-1	3,054687E+3	3,994473E-1	3,054687E+3	5,334354E-1	3,054687E+3	3,898465E-1	3,054687E+3	5,085960E-1	3,054687E+3	3,557759E-1	3,054687E+3	4,039741E-1	3,054687E+3	3,405975E-1	3,054687E+3	3,139453E-1	3,054687E+3	3,581424E-1	3,054687E+3	2,236090E-1
3,056250E+3	3,939923E-1	3,056250E+3	5,372669E-1	3,056250E+3	3,993402E-1	3,056250E+3	5,371366E-1	3,056250E+3	4,014180E-1	3,056250E+3	5,328912E-1	3,056250E+3	3,894210E-1	3,056250E+3	5,049466E-1	3,056250E+3	3,516215E-1	3,056250E+3	4,068726E-1	3,056250E+3	3,410086E-1	3,056250E+3	3,122965E-1	3,056250E+3	3,615600E-1	3,056250E+3	2,284016E-1
3,057812E+3	3,978583E-1	3,057812E+3	5,344813E-1	3,057812E+3	4,005866E-1	3,057812E+3	5,384169E-1	3,057812E+3	4,045346E-1	3,057812E+3	5,296162E-1	3,057812E+3	3,913130E-1	3,057812E+3	5,037597E-1	3,057812E+3	3,499786E-1	3,057812E+3	4,109810E-1	3,057812E+3	3,528553E-1	3,057812E+3	3,141762E-1	3,057812E+3	3,617039E-1	3,057812E+3	2,322235E-1
3,059375E+3	4,038452E-1	3,059375E+3	5,332898E-1	3,059375E+3	4,036413E-1	3,059375E+3	5,345266E-1	3,059375E+3	4,075240E-1	3,059375E+3	5,284140E-1	3,059375E+3	3,912951E-1	3,059375E+3	5,050883E-1	3,059375E+3	3,554206E-1	3,059375E+3	4,108699E-1	3,059375E+3	3,495392E-1	3,059375E+3	3,157563E-1	3,059375E+3	3,463927E-1	3,059375E+3	2,275497E-1
3,060937E+3	4,008145E-1	3,060937E+3	5,362557E-1	3,060937E+3	4,072578E-1	3,060937E+3	5,332659E-1	3,060937E+3	4,088547E-1	3,060937E+3	5,287763E-1	3,060937E+3	3,972365E-1	3,060937E+3	5,026460E-1	3,060937E+3	3,554143E-1	3,060937E+3	4,082058E-1	3,060937E+3	3,457642E-1	3,060937E+3	3,181647E-1	3,060937E+3	3,586792E-1	3,060937E+3	2,181821E-1
3,062500E+3	3,961026E-1	3,062500E+3	5,368966E-1	3,062500E+3	4,082406E-1	3,062500E+3	5,315936E-1	3,062500E+3	4,123819E-1	3,062500E+3	5,267593E-1	3,062500E+3	4,005386E-1	3,062500E+3	5,028845E-1	3,062500E+3	3,593359E-1	3,062500E+3	4,127435E-1	3,062500E+3	3,404801E-1	3,062500E+3	3,204173E-1	3,062500E+3	3,658698E-1	3,062500E+3	2,203910E-1
3,064062E+3	4,102395E-1	3,064062E+3	5,335815E-1	3,064062E+3	4,109095E-1	3,064062E+3	5,278331E-1	3,064062E+3	4,159645E-1	3,064062E+3	5,263086E-1	3,064062E+3	4,047682E-1	3,064062E+3	5,000397E-1	3,064062E+3	3,662967E-1	3,064062E+3	4,148921E-1	3,064062E+3	3,496102E-1	3,064062E+3	3,171936E-1	3,064062E+3	3,686142E-1	3,064062E+3	2,119229E-1
3,065625E+3	4,138082E-1	3,065625E+3	5,335368E-1	3,065625E+3	4,147217E-1	3,065625E+3	5,286732E-1	3,065625E+3	4,171524E-1	3,065625E+3	5,254561E-1	3,065625E+3	4,082937E-1	3,065625E+3	5,006958E-1	3,065625E+3	3,675151E-1	3,065625E+3	4,118810E-1	3,065625E+3	3,569225E-1	3,065625E+3	3,149151E-1	3,065625E+3	3,738534E-1	3,065625E+3	2,089745E-1
3,067187E+3	4,116628E-1	3,067187E+3	5,311510E-1	3,067187E+3	4,214510E-1	3,067187E+3	5,267038E-1	3,067187E+3	4,231627E-1	3,067187E+3	5,214804E-1	3,067187E+3	4,085434E-1	3,067187E+3	4,998340E-1	3,067187E+3	3,692982E-1	3,067187E+3	4,041819E-1	3,067187E+3	3,535605E-1	3,067187E+3	3,082472E-1	3,067187E+3	3,638453E-1	3,067187E+3	2,154898E-1
3,068750E+3	4,202704E-1	3,068750E+3	5,296607E-1	3,068750E+3	4,244272E-1	3,068750E+3	5,291937E-1	3,068750E+3	4,265962E-1	3,068750E+3	5,225861E-1	3,068750E+3	4,149047E-1	3,068750E+3	5,025763E-1	3,068750E+3	3,724070E-1	3,068750E+3	4,015776E-1	3,068750E+3	3,617714E-1	3,068750E+3	3,147121E-1	3,068750E+3	3,662415E-1	3,068750E+3	2,132369E-1
3,070312E+3	4,226389E-1	3,070312E+3	5,306545E-1	3,070312E+3	4,260214E-1	3,070312E+3	5,270692E-1	3,070312E+3	4,288830E-1	3,070312E+3	5,227521E-1	3,070312E+3	4,203746E-1	3,070312E+3	5,006507E-1	3,070312E+3	3,741335E-1	3,070312E+3	4,060066E-1	3,070312E+3	3,690891E-1	3,070312E+3	3,060863E-1	3,070312E+3	3,715821E-1	3,070312E+3	2,148808E-1
3,071875E+3	4,192123E-1	3,071875E+3	5,281932E-1	3,071875E+3	4,281058E-1	3,071875E+3	5,261234E-1	3,071875E+3	4,321106E-1	3,071875E+3	5,221607E-1	3,071875E+3	4,218827E-1	3,071875E+3	4,969746E-1	3,071875E+3	3,712144E-1	3,071875E+3	4,023161E-1	3,071875E+3	3,663714E-1	3,071875E+3	3,204702E-1	3,071875E+3	3,708690E-1	3,071875E+3	2,249224E-1
3,073437E+3	4,254102E-1	3,073437E+3	5,236197E-1	3,073437E+3	4,316078E-1	3,073437E+3	5,223454E-1	3,073437E+3	4,337511E-1	3,073437E+3	5,180140E-1	3,073437E+3	4,209486E-1	3,073437E+3	4,976160E-1	3,073437E+3	3,776864E-1	3,073437E+3	4,011099E-1	3,073437E+3	3,710320E-1	3,073437E+3	3,196442E-1	3,073437E+3	3,666899E-1	3,073437E+3	2,179202E-1
3,075000E+3	4,277967E-1	3,075000E+3	5,253682E-1	3,075000E+3	4,332161E-1	3,075000E+3	5,218417E-1	3,075000E+3	4,358294E-1	3,075000E+3	5,160321E-1	3,075000E+3	4,247735E-1	3,075000E+3	4,967066E-1	3,075000E+3	3,841453E-1	3,075000E+3	4,005867E-1	3,075000E+3	3,712894E-1	3,075000E+3	3,152449E-1	3,075000E+3	3,805976E-1	3,075000E+3	2,181118E-1
3,076562E+3	4,323607E-1	3,076562E+3	5,216332E-1	3,076562E+3	4,369601E-1	3,076562E+3	5,212523E-1	3,076562E+3	4,411459E-1	3,076562E+3	5,152321E-1	3,076562E+3	4,300014E-1	3,076562E+3	4,949570E-1	3,076562E+3	3,885333E-1	3,076562E+3	3,998380E-1	3,076562E+3	3,783517E-1	3,076562E+3	3,168162E-1	3,076562E+3	3,846506E-1	3,076562E+3	2,080974E-1
3,078125E+3	4,347416E-1	3,078125E+3	5,245422E-1	3,078125E+3	4,413797E-1	3,078125E+3	5,187255E-1	3,078125E+3	4,437137E-1	3,078125E+3	5,147801E-1	3,078125E+3	4,307555E-1	3,078125E+3	4,916329E-1	3,078125E+3	3,884677E-1	3,078125E+3	4,018142E-1	3,078125E+3	3,715521E-1	3,078125E+3	3,053121E-1	3,078125E+3	3,792855E-1	3,078125E+3	2,088266E-1
3,079687E+3	4,345750E-1	3,079687E+3	5,230843E-1	3,079687E+3	4,452582E-1	3,079687E+3	5,164294E-1	3,079687E+3	4,465754E-1	3,079687E+3	5,113174E-1	3,079687E+3	4,331373E-1	3,079687E+3	4,932238E-1	3,079687E+3	3,915341E-1	3,079687E+3	4,021329E-1	3,079687E+3	3,696697E-1	3,079687E+3	3,016175E-1	3,079687E+3	3,731931E-1	3,079687E+3	2,144689E-1
3,081250E+3	4,373794E-1	3,081250E+3	5,185829E-1	3,081250E+3	4,510246E-1	3,081250E+3	5,167282E-1	3,081250E+3	4,502981E-1	3,081250E+3	5,091717E-1	3,081250E+3	4,363534E-1	3,081250E+3	4,900841E-1	3,081250E+3	3,931697E-1	3,081250E+3	3,953735E-1	3,081250E+3	3,693334E-1	3,081250E+3	2,980901E-1	3,081250E+3	3,743564E-1	3,081250E+3	2,039566E-1
3,082812E+3	4,419917E-1	3,082812E+3	5,209824E-1	3,082812E+3	4,495532E-1	3,082812E+3	5,163839E-1	3,082812E+3	4,521984E-1	3,082812E+3	5,088871E-1	3,082812E+3	4,388209E-1	3,082812E+3	4,888608E-1	3,082812E+3	3,968892E-1	3,082812E+3	3,949855E-1	3,082812E+3	3,743283E-1	3,082812E+3	3,102805E-1	3,082812E+3	3,645397E-1	3,082812E+3	2,006305E-1
3,084375E+3	4,482586E-1	3,084375E+3	5,193513E-1	3,084375E+3	4,526440E-1	3,084375E+3	5,133820E-1	3,084375E+3	4,549852E-1	3,084375E+3	5,069092E-1	3,084375E+3	4,438523E-1	3,084375E+3	4,881986E-1	3,084375E+3	3,971592E-1	3,084375E+3	4,003193E-1	3,084375E+3	3,804653E-1	3,084375E+3	3,100462E-1	3,084375E+3	3,741925E-1	3,084375E+3	2,056139E-1
3,085937E+3	4,476669E-1	3,085937E+3	5,162060E-1	3,085937E+3	4,560827E-1	3,085937E+3	5,113654E-1	3,085937E+3	4,581600E-1	3,085937E+3	5,053877E-1	3,085937E+3	4,467117E-1	3,085937E+3	4,862285E-1	3,085937E+3	4,028427E-1	3,085937E+3	3,962492E-1	3,085937E+3	3,791547E-1	3,085937E+3	3,132293E-1	3,085937E+3	3,771255E-1	3,085937E+3	2,043656E-1
3,087500E+3	4,502218E-1	3,087500E+3	5,118038E-1	3,087500E+3	4,600233E-1	3,087500E+3	5,106936E-1	3,087500E+3	4,629858E-1	3,087500E+3	5,051087E-1	3,087500E+3	4,478824E-1	3,087500E+3	4,833126E-1	3,087500E+3	4,057579E-1	3,087500E+3	3,975568E-1	3,087500E+3	3,738380E-1	3,087500E+3	3,141424E-1	3,087500E+3	3,796127E-1	3,087500E+3	2,116391E-1
3,089062E+3	4,522922E-1	3,089062E+3	5,136970E-1	3,089062E+3	4,639179E-1	3,089062E+3	5,099430E-1	3,089062E+3	4,643489E-1	3,089062E+3	5,055499E-1	3,089062E+3	4,512442E-1	3,089062E+3	4,793840E-1	3,089062E+3	4,066379E-1	3,089062E+3	3,982641E-1	3,089062E+3	3,763594E-1	3,089062E+3	3,162022E-1	3,089062E+3	3,814006E-1	3,089062E+3	2,134711E-1
3,090625E+3	4,626703E-1	3,090625E+3	5,104703E-1	3,090625E+3	4,676333E-1	3,090625E+3	5,078959E-1	3,090625E+3	4,679877E-1	3,090625E+3	5,027024E-1	3,090625E+3	4,534938E-1	3,090625E+3	4,823182E-1	3,090625E+3	4,096181E-1	3,090625E+3	4,007098E-1	3,090625E+3	3,752717E-1	3,090625E+3	3,007991E-1	3,090625E+3	3,845551E-1	3,090625E+3	2,025570E-1
3,092187E+3	4,585575E-1	3,092187E+3	5,072102E-1	3,092187E+3	4,684612E-1	3,092187E+3	5,065232E-1	3,092187E+3	4,697188E-1	3,092187E+3	5,028111E-1	3,092187E+3	4,550752E-1	3,092187E+3	4,811026E-1	3,092187E+3	4,119245E-1	3,092187E+3	4,028181E-1	3,092187E+3	3,807141E-1	3,092187E+3	3,023461E-1	3,092187E+3	3,878484E-1	3,092187E+3	1,987746E-1
3,093750E+3	4,608225E-1	3,093750E+3	5,079534E-1	3,093750E+3	4,758334E-1	3,093750E+3	5,021186E-1	3,093750E+3	4,743323E-1	3,093750E+3	4,991584E-1	3,093750E+3	4,602877E-1	3,093750E+3	4,781853E-1	3,093750E+3	4,107705E-1	3,093750E+3	3,935961E-1	3,093750E+3	3,826110E-1	3,093750E+3	3,056094E-1	3,093750E+3	3,829865E-1	3,093750E+3	2,005315E-1
3,095312E+3	4,642322E-1	3,095312E+3	5,049206E-1	3,095312E+3	4,738619E-1	3,095312E+3	5,045897E-1	3,095312E+3	4,776177E-1	3,095312E+3	4,973863E-1	3,095312E+3	4,623757E-1	3,095312E+3	4,782404E-1	3,095312E+3	4,128842E-1	3,095312E+3	3,957155E-1	3,095312E+3	3,797448E-1	3,095312E+3	3,038828E-1	3,095312E+3	3,872641E-1	3,095312E+3	2,106032E-1
3,096875E+3	4,688553E-1	3,096875E+3	5,048267E-1	3,096875E+3	4,773980E-1	3,096875E+3	5,033441E-1	3,096875E+3	4,796626E-1	3,096875E+3	4,947298E-1	3,096875E+3	4,672196E-1	3,096875E+3	4,784568E-1	3,096875E+3	4,202143E-1	3,096875E+3	3,896087E-1	3,096875E+3	3,904606E-1	3,096875E+3	3,087895E-1	3,096875E+3	3,860831E-1	3,096875E+3	2,212726E-1
3,098437E+3	4,749884E-1	3,098437E+3	5,023990E-1	3,098437E+3	4,812326E-1	3,098437E+3	5,009706E-1	3,098437E+3	4,802677E-1	3,098437E+3	4,944910E-1	3,098437E+3	4,711182E-1	3,098437E+3	4,751299E-1	3,098437E+3	4,237357E-1	3,098437E+3	3,894198E-1	3,098437E+3	4,042183E-1	3,098437E+3	3,094280E-1	3,098437E+3	3,880715E-1	3,098437E+3	2,190929E-1
3,100000E+3	4,787267E-1	3,100000E+3	5,006249E-1	3,100000E+3	4,842018E-1	3,100000E+3	4,985024E-1	3,100000E+3	4,835470E-1	3,100000E+3	4,908154E-1	3,100000E+3	4,724906E-1	3,100000E+3	4,711881E-1	3,100000E+3	4,218111E-1	3,100000E+3	3,980276E-1	3,100000E+3	3,973481E-1	3,100000E+3	3,120386E-1	3,100000E+3	3,935848E-1	3,100000E+3	2,016953E-1
3,101562E+3	4,785565E-1	3,101562E+3	5,008901E-1	3,101562E+3	4,847891E-1	3,101562E+3	4,975295E-1	3,101562E+3	4,873816E-1	3,101562E+3	4,925228E-1	3,101562E+3	4,732806E-1	3,101562E+3	4,714108E-1	3,101562E+3	4,279277E-1	3,101562E+3	3,940156E-1	3,101562E+3	3,818668E-1	3,101562E+3	3,084027E-1	3,101562E+3	3,914517E-1	3,101562E+3	2,005998E-1
3,103125E+3	4,815168E-1	3,103125E+3	4,991541E-1	3,103125E+3	4,906064E-1	3,103125E+3	4,949511E-1	3,103125E+3	4,910451E-1	3,103125E+3	4,903646E-1	3,103125E+3	4,761466E-1	3,103125E+3	4,668095E-1	3,103125E+3	4,324511E-1	3,103125E+3	3,873727E-1	3,103125E+3	3,910466E-1	3,103125E+3	3,058988E-1	3,103125E+3	3,923833E-1	3,103125E+3	1,864349E-1
3,104687E+3	4,843885E-1	3,104687E+3	4,963773E-1	3,104687E+3	4,905556E-1	3,104687E+3	4,937785E-1	3,104687E+3	4,949522E-1	3,104687E+3	4,871240E-1	3,104687E+3	4,805054E-1	3,104687E+3	4,661796E-1	3,104687E+3	4,390841E-1	3,104687E+3	3,890207E-1	3,104687E+3	4,034108E-1	3,104687E+3	3,061103E-1	3,104687E+3	3,991643E-1	3,104687E+3	1,846612E-1
3,106250E+3	4,850851E-1	3,106250E+3	4,935005E-1	3,106250E+3	4,949467E-1	3,106250E+3	4,880209E-1	3,106250E+3	4,978519E-1	3,106250E+3	4,837335E-1	3,106250E+3	4,855770E-1	3,106250E+3	4,645274E-1	3,106250E+3	4,429331E-1	3,106250E+3	3,930420E-1	3,106250E+3	4,106944E-1	3,106250E+3	3,097734E-1	3,106250E+3	3,995285E-1	3,106250E+3	1,927709E-1
3,107812E+3	4,850396E-1	3,107812E+3	4,917113E-1	3,107812E+3	4,984622E-1	3,107812E+3	4,870940E-1	3,107812E+3	5,001274E-1	3,107812E+3	4,828374E-1	3,107812E+3	4,870972E-1	3,107812E+3	4,620532E-1	3,107812E+3	4,407257E-1	3,107812E+3	3,851931E-1	3,107812E+3	4,073303E-1	3,107812E+3	2,981282E-1	3,107812E+3	4,086338E-1	3,107812E+3	1,997378E-1
3,109375E+3	4,924284E-1	3,109375E+3	4,899443E-1	3,109375E+3	5,010956E-1	3,109375E+3	4,860893E-1	3,109375E+3	5,044082E-1	3,109375E+3	4,811410E-1	3,109375E+3	4,855836E-1	3,109375E+3	4,648626E-1	3,109375E+3	4,441619E-1	3,109375E+3	3,828896E-1	3,109375E+3	4,084224E-1	3,109375E+3	2,870300E-1	3,109375E+3	4,087315E-1	3,109375E+3	2,146775E-1
3,110937E+3	4,998803E-1	3,110937E+3	4,840519E-1	3,110937E+3	5,032073E-1	3,110937E+3	4,858130E-1	3,110937E+3	5,063425E-1	3,110937E+3	4,807022E-1	3,110937E+3	4,924231E-1	3,110937E+3	4,617460E-1	3,110937E+3	4,457465E-1	3,110937E+3	3,793978E-1	3,110937E+3	4,107549E-1	3,110937E+3	2,858263E-1	3,110937E+3	4,066607E-1	3,110937E+3	2,034936E-1
3,112500E+3	5,033167E-1	3,112500E+3	4,830784E-1	3,112500E+3	5,091251E-1	3,112500E+3	4,826737E-1	3,112500E+3	5,085685E-1	3,112500E+3	4,789363E-1	3,112500E+3	4,973553E-1	3,112500E+3	4,585318E-1	3,112500E+3	4,384321E-1	3,112500E+3	3,833496E-1	3,112500E+3	4,177407E-1	3,112500E+3	2,883568E-1	3,112500E+3	4,006173E-1	3,112500E+3	2,080624E-1
3,114062E+3	5,042811E-1	3,114062E+3	4,802904E-1	3,114062E+3	5,093160E-1	3,114062E+3	4,825846E-1	3,114062E+3	5,108454E-1	3,114062E+3	4,788737E-1	3,114062E+3	5,002281E-1	3,114062E+3	4,570035E-1	3,114062E+3	4,512414E-1	3,114062E+3	3,795762E-1	3,114062E+3	4,209507E-1	3,114062E+3	2,851723E-1	3,114062E+3	4,193398E-1	3,114062E+3	1,943897E-1
3,115625E+3	5,054527E-1	3,115625E+3	4,821931E-1	3,115625E+3	5,103809E-1	3,115625E+3	4,815012E-1	3,115625E+3	5,157136E-1	3,115625E+3	4,733766E-1	3,115625E+3	4,983808E-1	3,115625E+3	4,539567E-1	3,115625E+3	4,564540E-1	3,115625E+3	3,867968E-1	3,115625E+3	4,307337E-1	3,115625E+3	2,977174E-1	3,115625E+3	4,245490E-1	3,115625E+3	1,903778E-1
3,117187E+3	5,076259E-1	3,117187E+3	4,801819E-1	3,117187E+3	5,155723E-1	3,117187E+3	4,779790E-1	3,117187E+3	5,162168E-1	3,117187E+3	4,716659E-1	3,117187E+3	5,017173E-1	3,117187E+3	4,543295E-1	3,117187E+3	4,543335E-1	3,117187E+3	3,788264E-1	3,117187E+3	4,328558E-1	3,117187E+3	2,933521E-1	3,117187E+3	4,178928E-1	3,117187E+3	2,012182E-1
3,118750E+3	5,168073E-1	3,118750E+3	4,778736E-1	3,118750E+3	5,181785E-1	3,118750E+3	4,737140E-1	3,118750E+3	5,188521E-1	3,118750E+3	4,725384E-1	3,118750E+3	5,045061E-1	3,118750E+3	4,553786E-1	3,118750E+3	4,582993E-1	3,118750E+3	3,685769E-1	3,118750E+3	4,223817E-1	3,118750E+3	2,802651E-1	3,118750E+3	4,113619E-1	3,118750E+3	2,098088E-1
3,120312E+3	5,188783E-1	3,120312E+3	4,741005E-1	3,120312E+3	5,229099E-1	3,120312E+3	4,735356E-1	3,120312E+3	5,234677E-1	3,120312E+3	4,688047E-1	3,120312E+3	5,073291E-1	3,120312E+3	4,531514E-1	3,120312E+3	4,585493E-1	3,120312E+3	3,706235E-1	3,120312E+3	4,355260E-1	3,120312E+3	2,816755E-1	3,120312E+3	4,097695E-1	3,120312E+3	2,128883E-1
3,121875E+3	5,126423E-1	3,121875E+3	4,797146E-1	3,121875E+3	5,231989E-1	3,121875E+3	4,720859E-1	3,121875E+3	5,247247E-1	3,121875E+3	4,641256E-1	3,121875E+3	5,097426E-1	3,121875E+3	4,461321E-1	3,121875E+3	4,640161E-1	3,121875E+3	3,742742E-1	3,121875E+3	4,360657E-1	3,121875E+3	2,868754E-1	3,121875E+3	4,192597E-1	3,121875E+3	2,024733E-1
3,123437E+3	5,176484E-1	3,123437E+3	4,721756E-1	3,123437E+3	5,249800E-1	3,123437E+3	4,713011E-1	3,123437E+3	5,279929E-1	3,123437E+3	4,632039E-1	3,123437E+3	5,141722E-1	3,123437E+3	4,457067E-1	3,123437E+3	4,646328E-1	3,123437E+3	3,784273E-1	3,123437E+3	4,287590E-1	3,123437E+3	2,952883E-1	3,123437E+3	4,282199E-1	3,123437E+3	1,940948E-1
3,125000E+3	5,250603E-1	3,125000E+3	4,677337E-1	3,125000E+3	5,307849E-1	3,125000E+3	4,692863E-1	3,125000E+3	5,299955E-1	3,125000E+3	4,624026E-1	3,125000E+3	5,154199E-1	3,125000E+3	4,505123E-1	3,125000E+3	4,597856E-1	3,125000E+3	3,772995E-1	3,125000E+3	4,359797E-1	3,125000E+3	2,911915E-1	3,125000E+3	4,341696E-1	3,125000E+3	2,041640E-1
3,126562E+3	5,244316E-1	3,126562E+3	4,663918E-1	3,126562E+3	5,327992E-1	3,126562E+3	4,706468E-1	3,126562E+3	5,365006E-1	3,126562E+3	4,586235E-1	3,126562E+3	5,213875E-1	3,126562E+3	4,430710E-1	3,126562E+3	4,629362E-1	3,126562E+3	3,692368E-1	3,126562E+3	4,288872E-1	3,126562E+3	2,905166E-1	3,126562E+3	4,269503E-1	3,126562E+3	2,057415E-1
3,128125E+3	5,279440E-1	3,128125E+3	4,665529E-1	3,128125E+3	5,358207E-1	3,128125E+3	4,639768E-1	3,128125E+3	5,331415E-1	3,128125E+3	4,572646E-1	3,128125E+3	5,210963E-1	3,128125E+3	4,361498E-1	3,128125E+3	4,706337E-1	3,128125E+3	3,650600E-1	3,128125E+3	4,313191E-1	3,128125E+3	2,838025E-1	3,128125E+3	4,363439E-1	3,128125E+3	1,889992E-1
3,129687E+3	5,333076E-1	3,129687E+3	4,655813E-1	3,129687E+3	5,394930E-1	3,129687E+3	4,612702E-1	3,129687E+3	5,394222E-1	3,129687E+3	4,553735E-1	3,129687E+3	5,231556E-1	3,129687E+3	4,372332E-1	3,129687E+3	4,806700E-1	3,129687E+3	3,714629E-1	3,129687E+3	4,333183E-1	3,129687E+3	2,871736E-1	3,129687E+3	4,290261E-1	3,129687E+3	1,843686E-1
3,131250E+3	5,382100E-1	3,131250E+3	4,612696E-1	3,131250E+3	5,409994E-1	3,131250E+3	4,618074E-1	3,131250E+3	5,428180E-1	3,131250E+3	4,551106E-1	3,131250E+3	5,252672E-1	3,131250E+3	4,351102E-1	3,131250E+3	4,706775E-1	3,131250E+3	3,689159E-1	3,131250E+3	4,459730E-1	3,131250E+3	2,933666E-1	3,131250E+3	4,254100E-1	3,131250E+3	1,864667E-1
3,132812E+3	5,414944E-1	3,132812E+3	4,600732E-1	3,132812E+3	5,430974E-1	3,132812E+3	4,586919E-1	3,132812E+3	5,451899E-1	3,132812E+3	4,536256E-1	3,132812E+3	5,281796E-1	3,132812E+3	4,331292E-1	3,132812E+3	4,673281E-1	3,132812E+3	3,630796E-1	3,132812E+3	4,520951E-1	3,132812E+3	2,837892E-1	3,132812E+3	4,311656E-1	3,132812E+3	1,888996E-1
3,134375E+3	5,422628E-1	3,134375E+3	4,561951E-1	3,134375E+3	5,474252E-1	3,134375E+3	4,561949E-1	3,134375E+3	5,495127E-1	3,134375E+3	4,522873E-1	3,134375E+3	5,310315E-1	3,134375E+3	4,356406E-1	3,134375E+3	4,725793E-1	3,134375E+3	3,670052E-1	3,134375E+3	4,445381E-1	3,134375E+3	2,743664E-1	3,134375E+3	4,440795E-1	3,134375E+3	1,894706E-1
3,135937E+3	5,458556E-1	3,135937E+3	4,559475E-1	3,135937E+3	5,495561E-1	3,135937E+3	4,536053E-1	3,135937E+3	5,521505E-1	3,135937E+3	4,509065E-1	3,135937E+3	5,392367E-1	3,135937E+3	4,325446E-1	3,135937E+3	4,823063E-1	3,135937E+3	3,618712E-1	3,135937E+3	4,453933E-1	3,135937E+3	2,789849E-1	3,135937E+3	4,469735E-1	3,135937E+3	1,974660E-1
3,137500E+3	5,483632E-1	3,137500E+3	4,567208E-1	3,137500E+3	5,505331E-1	3,137500E+3	4,514153E-1	3,137500E+3	5,533617E-1	3,137500E+3	4,460654E-1	3,137500E+3	5,381875E-1	3,137500E+3	4,296177E-1	3,137500E+3	4,884997E-1	3,137500E+3	3,536517E-1	3,137500E+3	4,481426E-1	3,137500E+3	2,767713E-1	3,137500E+3	4,454205E-1	3,137500E+3	2,058058E-1
3,139062E+3	5,538391E-1	3,139062E+3	4,560880E-1	3,139062E+3	5,545908E-1	3,139062E+3	4,515064E-1	3,139062E+3	5,551888E-1	3,139062E+3	4,444356E-1	3,139062E+3	5,404870E-1	3,139062E+3	4,296502E-1	3,139062E+3	4,930784E-1	3,139062E+3	3,586537E-1	3,139062E+3	4,527402E-1	3,139062E+3	2,804358E-1	3,139062E+3	4,350674E-1	3,139062E+3	1,963253E-1
3,140625E+3	5,550639E-1	3,140625E+3	4,527551E-1	3,140625E+3	5,587573E-1	3,140625E+3	4,481434E-1	3,140625E+3	5,609497E-1	3,140625E+3	4,432709E-1	3,140625E+3	5,440550E-1	3,140625E+3	4,299362E-1	3,140625E+3	4,988688E-1	3,140625E+3	3,657578E-1	3,140625E+3	4,632904E-1	3,140625E+3	2,843672E-1	3,140625E+3	4,343995E-1	3,140625E+3	1,859173E-1
3,142187E+3	5,531187E-1	3,142187E+3	4,462250E-1	3,142187E+3	5,599340E-1	3,142187E+3	4,455906E-1	3,142187E+3	5,628443E-1	3,142187E+3	4,397350E-1	3,142187E+3	5,472479E-1	3,142187E+3	4,264552E-1	3,142187E+3	5,000236E-1	3,142187E+3	3,616839E-1	3,142187E+3	4,617778E-1	3,142187E+3	2,741848E-1	3,142187E+3	4,546204E-1	3,142187E+3	1,894996E-1
3,143750E+3	5,599547E-1	3,143750E+3	4,459961E-1	3,143750E+3	5,631256E-1	3,143750E+3	4,436602E-1	3,143750E+3	5,620240E-1	3,143750E+3	4,397849E-1	3,143750E+3	5,436026E-1	3,143750E+3	4,252509E-1	3,143750E+3	4,955476E-1	3,143750E+3	3,592064E-1	3,143750E+3	4,626478E-1	3,143750E+3	2,713584E-1	3,143750E+3	4,546646E-1	3,143750E+3	2,026126E-1
3,145312E+3	5,562240E-1	3,145312E+3	4,482972E-1	3,145312E+3	5,649134E-1	3,145312E+3	4,419758E-1	3,145312E+3	5,665088E-1	3,145312E+3	4,342806E-1	3,145312E+3	5,529731E-1	3,145312E+3	4,162521E-1	3,145312E+3	4,992212E-1	3,145312E+3	3,550123E-1	3,145312E+3	4,620147E-1	3,145312E+3	2,810557E-1	3,145312E+3	4,469596E-1	3,145312E+3	1,888924E-1
3,146875E+3	5,624145E-1	3,146875E+3	4,422177E-1	3,146875E+3	5,711161E-1	3,146875E+3	4,393797E-1	3,146875E+3	5,687552E-1	3,146875E+3	4,347067E-1	3,146875E+3	5,551086E-1	3,146875E+3	4,203356E-1	3,146875E+3	5,030822E-1	3,146875E+3	3,488132E-1	3,146875E+3	4,626653E-1	3,146875E+3	2,859479E-1	3,146875E+3	4,509389E-1	3,146875E+3	1,898811E-1
3,148437E+3	5,690731E-1	3,148437E+3	4,395090E-1	3,148437E+3	5,725711E-1	3,148437E+3	4,369299E-1	3,148437E+3	5,755343E-1	3,148437E+3	4,313495E-1	3,148437E+3	5,574792E-1	3,148437E+3	4,136826E-1	3,148437E+3	5,020748E-1	3,148437E+3	3,566812E-1	3,148437E+3	4,583105E-1	3,148437E+3	2,816108E-1	3,148437E+3	4,620225E-1	3,148437E+3	1,912854E-1
3,150000E+3	5,707964E-1	3,150000E+3	4,360240E-1	3,150000E+3	5,714829E-1	3,150000E+3	4,340795E-1	3,150000E+3	5,749459E-1	3,150000E+3	4,305436E-1	3,150000E+3	5,626606E-1	3,150000E+3	4,124981E-1	3,150000E+3	5,100224E-1	3,150000E+3	3,500479E-1	3,150000E+3	4,765996E-1	3,150000E+3	2,750134E-1	3,150000E+3	4,639377E-1	3,150000E+3	1,842799E-1
3,151562E+3	5,712960E-1	3,151562E+3	4,316602E-1	3,151562E+3	5,760205E-1	3,151562E+3	4,326594E-1	3,151562E+3	5,777657E-1	3,151562E+3	4,264322E-1	3,151562E+3	5,624002E-1	3,151562E+3	4,124145E-1	3,151562E+3	5,147977E-1	3,151562E+3	3,451776E-1	3,151562E+3	4,749974E-1	3,151562E+3	2,710093E-1	3,151562E+3	4,604656E-1	3,151562E+3	1,930128E-1
3,153125E+3	5,731753E-1	3,153125E+3	4,338322E-1	3,153125E+3	5,776689E-1	3,153125E+3	4,296897E-1	3,153125E+3	5,800349E-1	3,153125E+3	4,243698E-1	3,153125E+3	5,637427E-1	3,153125E+3	4,102557E-1	3,153125E+3	5,149816E-1	3,153125E+3	3,506951E-1	3,153125E+3	4,673604E-1	3,153125E+3	2,726545E-1	3,153125E+3	4,628426E-1	3,153125E+3	1,881675E-1
3,154687E+3	5,790520E-1	3,154687E+3	4,316773E-1	3,154687E+3	5,807438E-1	3,154687E+3	4,282692E-1	3,154687E+3	5,811657E-1	3,154687E+3	4,208454E-1	3,154687E+3	5,672629E-1	3,154687E+3	4,101718E-1	3,154687E+3	5,119502E-1	3,154687E+3	3,515346E-1	3,154687E+3	4,753718E-1	3,154687E+3	2,729799E-1	3,154687E+3	4,574351E-1	3,154687E+3	1,847673E-1
3,156250E+3	5,825192E-1	3,156250E+3	4,287376E-1	3,156250E+3	5,844678E-1	3,156250E+3	4,251857E-1	3,156250E+3	5,824101E-1	3,156250E+3	4,198559E-1	3,156250E+3	5,702724E-1	3,156250E+3	4,050587E-1	3,156250E+3	5,079611E-1	3,156250E+3	3,462542E-1	3,156250E+3	4,888729E-1	3,156250E+3	2,709700E-1	3,156250E+3	4,561824E-1	3,156250E+3	1,836381E-1
3,157812E+3	5,800342E-1	3,157812E+3	4,266931E-1	3,157812E+3	5,866459E-1	3,157812E+3	4,231634E-1	3,157812E+3	5,882298E-1	3,157812E+3	4,175771E-1	3,157812E+3	5,723107E-1	3,157812E+3	4,044669E-1	3,157812E+3	5,099287E-1	3,157812E+3	3,434809E-1	3,157812E+3	4,865580E-1	3,157812E+3	2,733727E-1	3,157812E+3	4,601609E-1	3,157812E+3	1,870882E-1
3,159375E+3	5,817093E-1	3,159375E+3	4,232412E-1	3,159375E+3	5,872445E-1	3,159375E+3	4,218266E-1	3,159375E+3	5,897459E-1	3,159375E+3	4,169843E-1	3,159375E+3	5,744332E-1	3,159375E+3	4,006627E-1	3,159375E+3	5,164140E-1	3,159375E+3	3,439008E-1	3,159375E+3	4,826782E-1	3,159375E+3	2,722560E-1	3,159375E+3	4,619057E-1	3,159375E+3	1,950121E-1
3,160937E+3	5,858026E-1	3,160937E+3	4,218605E-1	3,160937E+3	5,910021E-1	3,160937E+3	4,214118E-1	3,160937E+3	5,937767E-1	3,160937E+3	4,144201E-1	3,160937E+3	5,760660E-1	3,160937E+3	3,972485E-1	3,160937E+3	5,184351E-1	3,160937E+3	3,419099E-1	3,160937E+3	4,835450E-1	3,160937E+3	2,688368E-1	3,160937E+3	4,669907E-1	3,160937E+3	1,947853E-1
3,162500E+3	5,896926E-1	3,162500E+3	4,203644E-1	3,162500E+3	5,941463E-1	3,162500E+3	4,160241E-1	3,162500E+3	5,952313E-1	3,162500E+3	4,134565E-1	3,162500E+3	5,766476E-1	3,162500E+3	3,957619E-1	3,162500E+3	5,211428E-1	3,162500E+3	3,447189E-1	3,162500E+3	4,916595E-1	3,162500E+3	2,692120E-1	3,162500E+3	4,650667E-1	3,162500E+3	1,871278E-1
3,164062E+3	5,942606E-1	3,164062E+3	4,164990E-1	3,164062E+3	5,952891E-1	3,164062E+3	4,139427E-1	3,164062E+3	5,956539E-1	3,164062E+3	4,099939E-1	3,164062E+3	5,795411E-1	3,164062E+3	3,934080E-1	3,164062E+3	5,274162E-1	3,164062E+3	3,441757E-1	3,164062E+3	4,883620E-1	3,164062E+3	2,686665E-1	3,164062E+3	4,632596E-1	3,164062E+3	1,939888E-1
3,165625E+3	5,940795E-1	3,165625E+3	4,157561E-1	3,165625E+3	5,973605E-1	3,165625E+3	4,113052E-1	3,165625E+3	5,976837E-1	3,165625E+3	4,067483E-1	3,165625E+3	5,838797E-1	3,165625E+3	3,915918E-1	3,165625E+3	5,276639E-1	3,165625E+3	3,383595E-1	3,165625E+3	4,861755E-1	3,165625E+3	2,662438E-1	3,165625E+3	4,655644E-1	3,165625E+3	1,869889E-1
3,167187E+3	5,970523E-1	3,167187E+3	4,135838E-1	3,167187E+3	6,022630E-1	3,167187E+3	4,094521E-1	3,167187E+3	6,004910E-1	3,167187E+3	4,038328E-1	3,167187E+3	5,842701E-1	3,167187E+3	3,908098E-1	3,167187E+3	5,346691E-1	3,167187E+3	3,299686E-1	3,167187E+3	4,871472E-1	3,167187E+3	2,666951E-1	3,167187E+3	4,730206E-1	3,167187E+3	1,786141E-1
3,168750E+3	5,997870E-1	3,168750E+3	4,115906E-1	3,168750E+3	6,037320E-1	3,168750E+3	4,053443E-1	3,168750E+3	6,026162E-1	3,168750E+3	4,003122E-1	3,168750E+3	5,860298E-1	3,168750E+3	3,889207E-1	3,168750E+3	5,355403E-1	3,168750E+3	3,311545E-1	3,168750E+3	4,936876E-1	3,168750E+3	2,649287E-1	3,168750E+3	4,614488E-1	3,168750E+3	1,905791E-1
3,170312E+3	6,011888E-1	3,170312E+3	4,059782E-1	3,170312E+3	6,038258E-1	3,170312E+3	4,045914E-1	3,170312E+3	6,058559E-1	3,170312E+3	3,980561E-1	3,170312E+3	5,889777E-1	3,170312E+3	3,845010E-1	3,170312E+3	5,332132E-1	3,170312E+3	3,343049E-1	3,170312E+3	4,940332E-1	3,170312E+3	2,600650E-1	3,170312E+3	4,684756E-1	3,170312E+3	1,895521E-1
3,171875E+3	6,058723E-1	3,171875E+3	4,060940E-1	3,171875E+3	6,082075E-1	3,171875E+3	4,028759E-1	3,171875E+3	6,086197E-1	3,171875E+3	3,973565E-1	3,171875E+3	5,953358E-1	3,171875E+3	3,837732E-1	3,171875E+3	5,350403E-1	3,171875E+3	3,318324E-1	3,171875E+3	4,969679E-1	3,171875E+3	2,625171E-1	3,171875E+3	4,737913E-1	3,171875E+3	1,898808E-1
3,173437E+3	6,088723E-1	3,173437E+3	4,040345E-1	3,173437E+3	6,097842E-1	3,173437E+3	4,005496E-1	3,173437E+3	6,106418E-1	3,173437E+3	3,941729E-1	3,173437E+3	5,944113E-1	3,173437E+3	3,828946E-1	3,173437E+3	5,368879E-1	3,173437E+3	3,339275E-1	3,173437E+3	4,925653E-1	3,173437E+3	2,594204E-1	3,173437E+3	4,763352E-1	3,173437E+3	1,867729E-1
3,175000E+3	6,121849E-1	3,175000E+3	4,018307E-1	3,175000E+3	6,127398E-1	3,175000E+3	3,968776E-1	3,175000E+3	6,135089E-1	3,175000E+3	3,919737E-1	3,175000E+3	5,963797E-1	3,175000E+3	3,817542E-1	3,175000E+3	5,417546E-1	3,175000E+3	3,261990E-1	3,175000E+3	4,962588E-1	3,175000E+3	2,540298E-1	3,175000E+3	4,842351E-1	3,175000E+3	1,716071E-1
3,176562E+3	6,114770E-1	3,176562E+3	3,988462E-1	3,176562E+3	6,136489E-1	3,176562E+3	3,953710E-1	3,176562E+3	6,129811E-1	3,176562E+3	3,886772E-1	3,176562E+3	5,979387E-1	3,176562E+3	3,777383E-1	3,176562E+3	5,444016E-1	3,176562E+3	3,299820E-1	3,176562E+3	5,042309E-1	3,176562E+3	2,621102E-1	3,176562E+3	4,755199E-1	3,176562E+3	1,798602E-1
3,178125E+3	6,124433E-1	3,178125E+3	3,950174E-1	3,178125E+3	6,178478E-1	3,178125E+3	3,927746E-1	3,178125E+3	6,170905E-1	3,178125E+3	3,882679E-1	3,178125E+3	6,000626E-1	3,178125E+3	3,764491E-1	3,178125E+3	5,434074E-1	3,178125E+3	3,302506E-1	3,178125E+3	4,990725E-1	3,178125E+3	2,582321E-1	3,178125E+3	4,753411E-1	3,178125E+3	1,830255E-1
3,179687E+3	6,193464E-1	3,179687E+3	3,916512E-1	3,179687E+3	6,206681E-1	3,179687E+3	3,914582E-1	3,179687E+3	6,183018E-1	3,179687E+3	3,847230E-1	3,179687E+3	6,036325E-1	3,179687E+3	3,745101E-1	3,179687E+3	5,474561E-1	3,179687E+3	3,261475E-1	3,179687E+3	5,075857E-1	3,179687E+3	2,613785E-1	3,179687E+3	4,785161E-1	3,179687E+3	1,887435E-1
3,181250E+3	6,171607E-1	3,181250E+3	3,930919E-1	3,181250E+3	6,217099E-1	3,181250E+3	3,890053E-1	3,181250E+3	6,198465E-1	3,181250E+3	3,839939E-1	3,181250E+3	6,070723E-1	3,181250E+3	3,707564E-1	3,181250E+3	5,432460E-1	3,181250E+3	3,255380E-1	3,181250E+3	5,063851E-1	3,181250E+3	2,573299E-1	3,181250E+3	4,753725E-1	3,181250E+3	1,844454E-1
3,182812E+3	6,142550E-1	3,182812E+3	3,955391E-1	3,182812E+3	6,239231E-1	3,182812E+3	3,863942E-1	3,182812E+3	6,254641E-1	3,182812E+3	3,802423E-1	3,182812E+3	6,074324E-1	3,182812E+3	3,681708E-1	3,182812E+3	5,479243E-1	3,182812E+3	3,235744E-1	3,182812E+3	5,110485E-1	3,182812E+3	2,592307E-1	3,182812E+3	4,782518E-1	3,182812E+3	1,873286E-1
3,184375E+3	6,176843E-1	3,184375E+3	3,865111E-1	3,184375E+3	6,249595E-1	3,184375E+3	3,849350E-1	3,184375E+3	6,284809E-1	3,184375E+3	3,776640E-1	3,184375E+3	6,104323E-1	3,184375E+3	3,648767E-1	3,184375E+3	5,526665E-1	3,184375E+3	3,202896E-1	3,184375E+3	5,143990E-1	3,184375E+3	2,575838E-1	3,184375E+3	4,852878E-1	3,184375E+3	1,834604E-1
3,185937E+3	6,218405E-1	3,185937E+3	3,839590E-1	3,185937E+3	6,272352E-1	3,185937E+3	3,818262E-1	3,185937E+3	6,267971E-1	3,185937E+3	3,752947E-1	3,185937E+3	6,117889E-1	3,185937E+3	3,626864E-1	3,185937E+3	5,504366E-1	3,185937E+3	3,190971E-1	3,185937E+3	5,111615E-1	3,185937E+3	2,521307E-1	3,185937E+3	4,866912E-1	3,185937E+3	1,821256E-1
3,187500E+3	6,249206E-1	3,187500E+3	3,841661E-1	3,187500E+3	6,290273E-1	3,187500E+3	3,787332E-1	3,187500E+3	6,291392E-1	3,187500E+3	3,731930E-1	3,187500E+3	6,135095E-1	3,187500E+3	3,624718E-1	3,187500E+3	5,518885E-1	3,187500E+3	3,159558E-1	3,187500E+3	5,089218E-1	3,187500E+3	2,523650E-1	3,187500E+3	4,903726E-1	3,187500E+3	1,790577E-1
3,189062E+3	6,275140E-1	3,189062E+3	3,799291E-1	3,189062E+3	6,307131E-1	3,189062E+3	3,753352E-1	3,189062E+3	6,337386E-1	3,189062E+3	3,705345E-1	3,189062E+3	6,162291E-1	3,189062E+3	3,583226E-1	3,189062E+3	5,563881E-1	3,189062E+3	3,133081E-1	3,189062E+3	5,140715E-1	3,189062E+3	2,532144E-1	3,189062E+3	4,811514E-1	3,189062E+3	1,812143E-1
3,190625E+3	6,306173E-1	3,190625E+3	3,760629E-1	3,190625E+3	6,343543E-1	3,190625E+3	3,724619E-1	3,190625E+3	6,342674E-1	3,190625E+3	3,703398E-1	3,190625E+3	6,179928E-1	3,190625E+3	3,567515E-1	3,190625E+3	5,621253E-1	3,190625E+3	3,156714E-1	3,190625E+3	5,135917E-1	3,190625E+3	2,554317E-1	3,190625E+3	4,880210E-1	3,190625E+3	1,762111E-1
3,192187E+3	6,335566E-1	3,192187E+3	3,767598E-1	3,192187E+3	6,363248E-1	3,192187E+3	3,692775E-1	3,192187E+3	6,375021E-1	3,192187E+3	3,657459E-1	3,192187E+3	6,209004E-1	3,192187E+3	3,543449E-1	3,192187E+3	5,587147E-1	3,192187E+3	3,152114E-1	3,192187E+3	5,179430E-1	3,192187E+3	2,538495E-1	3,192187E+3	4,900767E-1	3,192187E+3	1,836883E-1
3,193750E+3	6,338812E-1	3,193750E+3	3,729287E-1	3,193750E+3	6,372441E-1	3,193750E+3	3,672800E-1	3,193750E+3	6,398671E-1	3,193750E+3	3,618180E-1	3,193750E+3	6,223601E-1	3,193750E+3	3,529375E-1	3,193750E+3	5,667178E-1	3,193750E+3	3,077813E-1	3,193750E+3	5,228079E-1	3,193750E+3	2,499239E-1	3,193750E+3	4,941574E-1	3,193750E+3	1,815206E-1
3,195312E+3	6,343723E-1	3,195312E+3	3,720910E-1	3,195312E+3	6,400520E-1	3,195312E+3	3,649429E-1	3,195312E+3	6,386050E-1	3,195312E+3	3,589501E-1	3,195312E+3	6,240785E-1	3,195312E+3	3,496458E-1	3,195312E+3	5,701389E-1	3,195312E+3	3,052238E-1	3,195312E+3	5,271908E-1	3,195312E+3	2,491821E-1	3,195312E+3	4,967201E-1	3,195312E+3	1,802429E-1
3,196875E+3	6,370706E-1	3,196875E+3	3,658604E-1	3,196875E+3	6,426003E-1	3,196875E+3	3,636694E-1	3,196875E+3	6,410131E-1	3,196875E+3	3,563521E-1	3,196875E+3	6,264859E-1	3,196875E+3	3,492161E-1	3,196875E+3	5,692713E-1	3,196875E+3	3,020847E-1	3,196875E+3	5,233351E-1	3,196875E+3	2,502912E-1	3,196875E+3	4,921636E-1	3,196875E+3	1,749580E-1
3,198437E+3	6,370842E-1	3,198437E+3	3,648846E-1	3,198437E+3	6,434308E-1	3,198437E+3	3,604436E-1	3,198437E+3	6,426288E-1	3,198437E+3	3,565332E-1	3,198437E+3	6,255445E-1	3,198437E+3	3,433379E-1	3,198437E+3	5,697085E-1	3,198437E+3	2,996266E-1	3,198437E+3	5,237162E-1	3,198437E+3	2,468558E-1	3,198437E+3	4,902372E-1	3,198437E+3	1,736906E-1
3,200000E+3	6,446284E-1	3,200000E+3	3,612521E-1	3,200000E+3	6,460305E-1	3,200000E+3	3,564345E-1	3,200000E+3	6,433307E-1	3,200000E+3	3,517384E-1	3,200000E+3	6,271107E-1	3,200000E+3	3,414096E-1	3,200000E+3	5,692281E-1	3,200000E+3	3,008382E-1	3,200000E+3	5,248672E-1	3,200000E+3	2,516058E-1	3,200000E+3	4,958793E-1	3,200000E+3	1,754759E-1
3,201562E+3	6,455525E-1	3,201562E+3	3,590112E-1	3,201562E+3	6,465171E-1	3,201562E+3	3,556106E-1	3,201562E+3	6,465078E-1	3,201562E+3	3,495960E-1	3,201562E+3	6,296816E-1	3,201562E+3	3,399988E-1	3,201562E+3	5,750070E-1	3,201562E+3	3,018429E-1	3,201562E+3	5,251621E-1	3,201562E+3	2,451440E-1	3,201562E+3	4,939599E-1	3,201562E+3	1,720272E-1
3,203125E+3	6,430645E-1	3,203125E+3	3,581170E-1	3,203125E+3	6,493682E-1	3,203125E+3	3,544157E-1	3,203125E+3	6,483651E-1	3,203125E+3	3,479258E-1	3,203125E+3	6,324683E-1	3,203125E+3	3,393067E-1	3,203125E+3	5,755873E-1	3,203125E+3	2,964229E-1	3,203125E+3	5,357282E-1	3,203125E+3	2,395676E-1	3,203125E+3	5,066828E-1	3,203125E+3	1,783388E-1
3,204687E+3	6,450012E-1	3,204687E+3	3,575116E-1	3,204687E+3	6,528656E-1	3,204687E+3	3,505309E-1	3,204687E+3	6,499798E-1	3,204687E+3	3,456303E-1	3,204687E+3	6,342375E-1	3,204687E+3	3,375620E-1	3,204687E+3	5,751137E-1	3,204687E+3	2,961676E-1	3,204687E+3	5,325728E-1	3,204687E+3	2,417128E-1	3,204687E+3	5,027972E-1	3,204687E+3	1,746371E-1
3,206250E+3	6,493392E-1	3,206250E+3	3,531478E-1	3,206250E+3	6,541135E-1	3,206250E+3	3,498737E-1	3,206250E+3	6,535162E-1	3,206250E+3	3,441765E-1	3,206250E+3	6,381804E-1	3,206250E+3	3,354556E-1	3,206250E+3	5,730873E-1	3,206250E+3	2,934598E-1	3,206250E+3	5,287414E-1	3,206250E+3	2,444918E-1	3,206250E+3	4,965104E-1	3,206250E+3	1,727338E-1
3,207812E+3	6,526205E-1	3,207812E+3	3,504550E-1	3,207812E+3	6,562845E-1	3,207812E+3	3,471749E-1	3,207812E+3	6,568831E-1	3,207812E+3	3,409423E-1	3,207812E+3	6,380194E-1	3,207812E+3	3,321508E-1	3,207812E+3	5,765023E-1	3,207812E+3	2,913441E-1	3,207812E+3	5,310993E-1	3,207812E+3	2,423906E-1	3,207812E+3	5,013264E-1	3,207812E+3	1,679521E-1
3,209375E+3	6,541006E-1	3,209375E+3	3,488186E-1	3,209375E+3	6,592222E-1	3,209375E+3	3,409456E-1	3,209375E+3	6,579093E-1	3,209375E+3	3,399880E-1	3,209375E+3	6,401943E-1	3,209375E+3	3,280716E-1	3,209375E+3	5,818401E-1	3,209375E+3	2,921076E-1	3,209375E+3	5,338248E-1	3,209375E+3	2,403063E-1	3,209375E+3	5,028425E-1	3,209375E+3	1,603468E-1
3,210937E+3	6,575169E-1	3,210937E+3	3,451188E-1	3,210937E+3	6,594869E-1	3,210937E+3	3,407106E-1	3,210937E+3	6,587100E-1	3,210937E+3	3,371778E-1	3,210937E+3	6,415739E-1	3,210937E+3	3,273874E-1	3,210937E+3	5,873799E-1	3,210937E+3	2,933219E-1	3,210937E+3	5,350197E-1	3,210937E+3	2,405991E-1	3,210937E+3	5,050528E-1	3,210937E+3	1,661434E-1
3,212500E+3	6,593555E-1	3,212500E+3	3,452942E-1	3,212500E+3	6,620638E-1	3,212500E+3	3,381727E-1	3,212500E+3	6,628902E-1	3,212500E+3	3,314071E-1	3,212500E+3	6,435410E-1	3,212500E+3	3,251820E-1	3,212500E+3	5,859313E-1	3,212500E+3	2,925000E-1	3,212500E+3	5,337349E-1	3,212500E+3	2,440970E-1	3,212500E+3	5,121891E-1	3,212500E+3	1,801435E-1
3,214062E+3	6,606095E-1	3,214062E+3	3,402104E-1	3,214062E+3	6,631923E-1	3,214062E+3	3,365933E-1	3,214062E+3	6,628733E-1	3,214062E+3	3,305446E-1	3,214062E+3	6,455612E-1	3,214062E+3	3,227782E-1	3,214062E+3	5,819541E-1	3,214062E+3	2,876089E-1	3,214062E+3	5,415448E-1	3,214062E+3	2,403301E-1	3,214062E+3	5,120926E-1	3,214062E+3	1,740414E-1
3,215625E+3	6,656742E-1	3,215625E+3	3,362090E-1	3,215625E+3	6,648702E-1	3,215625E+3	3,314712E-1	3,215625E+3	6,659350E-1	3,215625E+3	3,286648E-1	3,215625E+3	6,472369E-1	3,215625E+3	3,185078E-1	3,215625E+3	5,905056E-1	3,215625E+3	2,822386E-1	3,215625E+3	5,404788E-1	3,215625E+3	2,408739E-1	3,215625E+3	5,138373E-1	3,215625E+3	1,776746E-1
3,217187E+3	6,665072E-1	3,217187E+3	3,359870E-1	3,217187E+3	6,677021E-1	3,217187E+3	3,302321E-1	3,217187E+3	6,680692E-1	3,217187E+3	3,272735E-1	3,217187E+3	6,501929E-1	3,217187E+3	3,174784E-1	3,217187E+3	5,949853E-1	3,217187E+3	2,762692E-1	3,217187E+3	5,394401E-1	3,217187E+3	2,329404E-1	3,217187E+3	5,160224E-1	3,217187E+3	1,815446E-1
3,218750E+3	6,700308E-1	3,218750E+3	3,339267E-1	3,218750E+3	6,683349E-1	3,218750E+3	3,295023E-1	3,218750E+3	6,706078E-1	3,218750E+3	3,231689E-1	3,218750E+3	6,537066E-1	3,218750E+3	3,185490E-1	3,218750E+3	5,958924E-1	3,218750E+3	2,782285E-1	3,218750E+3	5,426913E-1	3,218750E+3	2,328289E-1	3,218750E+3	5,086679E-1	3,218750E+3	1,690311E-1
3,220312E+3	6,685482E-1	3,220312E+3	3,312532E-1	3,220312E+3	6,714797E-1	3,220312E+3	3,245510E-1	3,220312E+3	6,694047E-1	3,220312E+3	3,207472E-1	3,220312E+3	6,552662E-1	3,220312E+3	3,135102E-1	3,220312E+3	5,919216E-1	3,220312E+3	2,798832E-1	3,220312E+3	5,496428E-1	3,220312E+3	2,297380E-1	3,220312E+3	5,182871E-1	3,220312E+3	1,645900E-1
3,221875E+3	6,678773E-1	3,221875E+3	3,254107E-1	3,221875E+3	6,722060E-1	3,221875E+3	3,231024E-1	3,221875E+3	6,719544E-1	3,221875E+3	3,151535E-1	3,221875E+3	6,555524E-1	3,221875E+3	3,086828E-1	3,221875E+3	5,956246E-1	3,221875E+3	2,756345E-1	3,221875E+3	5,545395E-1	3,221875E+3	2,257295E-1	3,221875E+3	5,131384E-1	3,221875E+3	1,690826E-1
3,223437E+3	6,686659E-1	3,223437E+3	3,234034E-1	3,223437E+3	6,726355E-1	3,223437E+3	3,187516E-1	3,223437E+3	6,732990E-1	3,223437E+3	3,145502E-1	3,223437E+3	6,575193E-1	3,223437E+3	3,072961E-1	3,223437E+3	5,963884E-1	3,223437E+3	2,687362E-1	3,223437E+3	5,452684E-1	3,223437E+3	2,251710E-1	3,223437E+3	5,137486E-1	3,223437E+3	1,689081E-1
3,225000E+3	6,708423E-1	3,225000E+3	3,227200E-1	3,225000E+3	6,741589E-1	3,225000E+3	3,182084E-1	3,225000E+3	6,741837E-1	3,225000E+3	3,144740E-1	3,225000E+3	6,594143E-1	3,225000E+3	3,049310E-1	3,225000E+3	5,951138E-1	3,225000E+3	2,696236E-1	3,225000E+3	5,409445E-1	3,225000E+3	2,222498E-1	3,225000E+3	5,254434E-1	3,225000E+3	1,625415E-1
3,226562E+3	6,750911E-1	3,226562E+3	3,216402E-1	3,226562E+3	6,753341E-1	3,226562E+3	3,156234E-1	3,226562E+3	6,757437E-1	3,226562E+3	3,110634E-1	3,226562E+3	6,583256E-1	3,226562E+3	3,061789E-1	3,226562E+3	6,029193E-1	3,226562E+3	2,749915E-1	3,226562E+3	5,502065E-1	3,226562E+3	2,218065E-1	3,226562E+3	5,187400E-1	3,226562E+3	1,602658E-1
3,228125E+3	6,761777E-1	3,228125E+3	3,163710E-1	3,228125E+3	6,762765E-1	3,228125E+3	3,116394E-1	3,228125E+3	6,769675E-1	3,228125E+3	3,057512E-1	3,228125E+3	6,620142E-1	3,228125E+3	3,044711E-1	3,228125E+3	6,046036E-1	3,228125E+3	2,725567E-1	3,228125E+3	5,533324E-1	3,228125E+3	2,301464E-1	3,228125E+3	5,346162E-1	3,228125E+3	1,613127E-1
3,229687E+3	6,777828E-1	3,229687E+3	3,157477E-1	3,229687E+3	6,788848E-1	3,229687E+3	3,063085E-1	3,229687E+3	6,796876E-1	3,229687E+3	3,043996E-1	3,229687E+3	6,649589E-1	3,229687E+3	2,975980E-1	3,229687E+3	6,072572E-1	3,229687E+3	2,707311E-1	3,229687E+3	5,501179E-1	3,229687E+3	2,287293E-1	3,229687E+3	5,359459E-1	3,229687E+3	1,546758E-1
3,231250E+3	6,789455E-1	3,231250E+3	3,114518E-1	3,231250E+3	6,821229E-1	3,231250E+3	3,045093E-1	3,231250E+3	6,816236E-1	3,231250E+3	3,021365E-1	3,231250E+3	6,668500E-1	3,231250E+3	2,974932E-1	3,231250E+3	6,072123E-1	3,231250E+3	2,710802E-1	3,231250E+3	5,512404E-1	3,231250E+3	2,224297E-1	3,231250E+3	5,135841E-1	3,231250E+3	1,602762E-1
3,232812E+3	6,811299E-1	3,232812E+3	3,088452E-1	3,232812E+3	6,817342E-1	3,232812E+3	3,052316E-1	3,232812E+3	6,820437E-1	3,232812E+3	2,998337E-1	3,232812E+3	6,674597E-1	3,232812E+3	2,944368E-1	3,232812E+3	6,116795E-1	3,232812E+3	2,680356E-1	3,232812E+3	5,604494E-1	3,232812E+3	2,289980E-1	3,232812E+3	5,069331E-1	3,232812E+3	1,598231E-1
3,234375E+3	6,821896E-1	3,234375E+3	3,029257E-1	3,234375E+3	6,846518E-1	3,234375E+3	3,015681E-1	3,234375E+3	6,850273E-1	3,234375E+3	2,947454E-1	3,234375E+3	6,672395E-1	3,234375E+3	2,927206E-1	3,234375E+3	6,073806E-1	3,234375E+3	2,645105E-1	3,234375E+3	5,625477E-1	3,234375E+3	2,307252E-1	3,234375E+3	5,211530E-1	3,234375E+3	1,626103E-1
3,235937E+3	6,861029E-1	3,235937E+3	3,021523E-1	3,235937E+3	6,866624E-1	3,235937E+3	2,994771E-1	3,235937E+3	6,855198E-1	3,235937E+3	2,954579E-1	3,235937E+3	6,699845E-1	3,235937E+3	2,877246E-1	3,235937E+3	6,096627E-1	3,235937E+3	2,612509E-1	3,235937E+3	5,680257E-1	3,235937E+3	2,208975E-1	3,235937E+3	5,272239E-1	3,235937E+3	1,461573E-1
3,237500E+3	6,866102E-1	3,237500E+3	3,016436E-1	3,237500E+3	6,861871E-1	3,237500E+3	2,968749E-1	3,237500E+3	6,851739E-1	3,237500E+3	2,939151E-1	3,237500E+3	6,714995E-1	3,237500E+3	2,858714E-1	3,237500E+3	6,148294E-1	3,237500E+3	2,598872E-1	3,237500E+3	5,700659E-1	3,237500E+3	2,128504E-1	3,237500E+3	5,297709E-1	3,237500E+3	1,519775E-1
3,239062E+3	6,883535E-1	3,239062E+3	2,962129E-1	3,239062E+3	6,894424E-1	3,239062E+3	2,940201E-1	3,239062E+3	6,892280E-1	3,239062E+3	2,886603E-1	3,239062E+3	6,719375E-1	3,239062E+3	2,838596E-1	3,239062E+3	6,167576E-1	3,239062E+3	2,579406E-1	3,239062E+3	5,643085E-1	3,239062E+3	2,064077E-1	3,239062E+3	5,212215E-1	3,239062E+3	1,543341E-1
3,240625E+3	6,866243E-1	3,240625E+3	2,938656E-1	3,240625E+3	6,894804E-1	3,240625E+3	2,887319E-1	3,240625E+3	6,881632E-1	3,240625E+3	2,880945E-1	3,240625E+3	6,718017E-1	3,240625E+3	2,801863E-1	3,240625E+3	6,145988E-1	3,240625E+3	2,534908E-1	3,240625E+3	5,650405E-1	3,240625E+3	2,043792E-1	3,240625E+3	5,302223E-1	3,240625E+3	1,574791E-1
3,242187E+3	6,837692E-1	3,242187E+3	2,968860E-1	3,242187E+3	6,923205E-1	3,242187E+3	2,870767E-1	3,242187E+3	6,872841E-1	3,242187E+3	2,829159E-1	3,242187E+3	6,751647E-1	3,242187E+3	2,780478E-1	3,242187E+3	6,134799E-1	3,242187E+3	2,564104E-1	3,242187E+3	5,670267E-1	3,242187E+3	2,053991E-1	3,242187E+3	5,418470E-1	3,242187E+3	1,636923E-1
3,243750E+3	6,917432E-1	3,243750E+3	2,905837E-1	3,243750E+3	6,935745E-1	3,243750E+3	2,864795E-1	3,243750E+3	6,918006E-1	3,243750E+3	2,817643E-1	3,243750E+3	6,766877E-1	3,243750E+3	2,762380E-1	3,243750E+3	6,152251E-1	3,243750E+3	2,519080E-1	3,243750E+3	5,708998E-1	3,243750E+3	1,989689E-1	3,243750E+3	5,412115E-1	3,243750E+3	1,600487E-1
3,245312E+3	6,935016E-1	3,245312E+3	2,864419E-1	3,245312E+3	6,933274E-1	3,245312E+3	2,852272E-1	3,245312E+3	6,946119E-1	3,245312E+3	2,790106E-1	3,245312E+3	6,775161E-1	3,245312E+3	2,741248E-1	3,245312E+3	6,185332E-1	3,245312E+3	2,463078E-1	3,245312E+3	5,817590E-1	3,245312E+3	2,045766E-1	3,245312E+3	5,387035E-1	3,245312E+3	1,522871E-1
3,246875E+3	6,938057E-1	3,246875E+3	2,840316E-1	3,246875E+3	6,955587E-1	3,246875E+3	2,813336E-1	3,246875E+3	6,974388E-1	3,246875E+3	2,765173E-1	3,246875E+3	6,788317E-1	3,246875E+3	2,707464E-1	3,246875E+3	6,246238E-1	3,246875E+3	2,433687E-1	3,246875E+3	5,842185E-1	3,246875E+3	2,078935E-1	3,246875E+3	5,389695E-1	3,246875E+3	1,474157E-1
3,248437E+3	6,979981E-1	3,248437E+3	2,831915E-1	3,248437E+3	6,966214E-1	3,248437E+3	2,781026E-1	3,248437E+3	6,970369E-1	3,248437E+3	2,731613E-1	3,248437E+3	6,803308E-1	3,248437E+3	2,694799E-1	3,248437E+3	6,200243E-1	3,248437E+3	2,402025E-1	3,248437E+3	5,806831E-1	3,248437E+3	2,011293E-1	3,248437E+3	5,438515E-1	3,248437E+3	1,513222E-1
3,250000E+3	6,955543E-1	3,250000E+3	2,813832E-1	3,250000E+3	6,984528E-1	3,250000E+3	2,748017E-1	3,250000E+3	6,972421E-1	3,250000E+3	2,729577E-1	3,250000E+3	6,797058E-1	3,250000E+3	2,684792E-1	3,250000E+3	6,204080E-1	3,250000E+3	2,385913E-1	3,250000E+3	5,716247E-1	3,250000E+3	2,015006E-1	3,250000E+3	5,441754E-1	3,250000E+3	1,510347E-1
3,251562E+3	6,951482E-1	3,251562E+3	2,788913E-1	3,251562E+3	7,013943E-1	3,251562E+3	2,732830E-1	3,251562E+3	6,995772E-1	3,251562E+3	2,685394E-1	3,251562E+3	6,840277E-1	3,251562E+3	2,627557E-1	3,251562E+3	6,236448E-1	3,251562E+3	2,416607E-1	3,251562E+3	5,683505E-1	3,251562E+3	2,004619E-1	3,251562E+3	5,369018E-1	3,251562E+3	1,507909E-1
3,253125E+3	7,004406E-1	3,253125E+3	2,754311E-1	3,253125E+3	7,006720E-1	3,253125E+3	2,689327E-1	3,253125E+3	7,000806E-1	3,253125E+3	2,652056E-1	3,253125E+3	6,830602E-1	3,253125E+3	2,622382E-1	3,253125E+3	6,201496E-1	3,253125E+3	2,433360E-1	3,253125E+3	5,738570E-1	3,253125E+3	2,055073E-1	3,253125E+3	5,356838E-1	3,253125E+3	1,423099E-1
3,254687E+3	6,981455E-1	3,254687E+3	2,732492E-1	3,254687E+3	7,009309E-1	3,254687E+3	2,685603E-1	3,254687E+3	7,004679E-1	3,254687E+3	2,639741E-1	3,254687E+3	6,853279E-1	3,254687E+3	2,602567E-1	3,254687E+3	6,215714E-1	3,254687E+3	2,359823E-1	3,254687E+3	5,822241E-1	3,254687E+3	2,030013E-1	3,254687E+3	5,375899E-1	3,254687E+3	1,489693E-1
3,256250E+3	6,988133E-1	3,256250E+3	2,683091E-1	3,256250E+3	7,031458E-1	3,256250E+3	2,646907E-1	3,256250E+3	7,014361E-1	3,256250E+3	2,613574E-1	3,256250E+3	6,872118E-1	3,256250E+3	2,582412E-1	3,256250E+3	6,304355E-1	3,256250E+3	2,356697E-1	3,256250E+3	5,917618E-1	3,256250E+3	1,877365E-1	3,256250E+3	5,381205E-1	3,256250E+3	1,491366E-1
3,257812E+3	7,028831E-1	3,257812E+3	2,658568E-1	3,257812E+3	7,034973E-1	3,257812E+3	2,633037E-1	3,257812E+3	7,024732E-1	3,257812E+3	2,589568E-1	3,257812E+3	6,892337E-1	3,257812E+3	2,561287E-1	3,257812E+3	6,286265E-1	3,257812E+3	2,395446E-1	3,257812E+3	5,932008E-1	3,257812E+3	1,886940E-1	3,257812E+3	5,570466E-1	3,257812E+3	1,474314E-1
3,259375E+3	7,002983E-1	3,259375E+3	2,636719E-1	3,259375E+3	7,033704E-1	3,259375E+3	2,600406E-1	3,259375E+3	7,039279E-1	3,259375E+3	2,575679E-1	3,259375E+3	6,895788E-1	3,259375E+3	2,519472E-1	3,259375E+3	6,346056E-1	3,259375E+3	2,367147E-1	3,259375E+3	5,829869E-1	3,259375E+3	1,995359E-1	3,259375E+3	5,606279E-1	3,259375E+3	1,444114E-1
3,260937E+3	7,037372E-1	3,260937E+3	2,603714E-1	3,260937E+3	7,049055E-1	3,260937E+3	2,545881E-1	3,260937E+3	7,054943E-1	3,260937E+3	2,527853E-1	3,260937E+3	6,904715E-1	3,260937E+3	2,504843E-1	3,260937E+3	6,407898E-1	3,260937E+3	2,357145E-1	3,260937E+3	5,809772E-1	3,260937E+3	2,000129E-1	3,260937E+3	5,553557E-1	3,260937E+3	1,416344E-1
3,262500E+3	7,080409E-1	3,262500E+3	2,554029E-1	3,262500E+3	7,082187E-1	3,262500E+3	2,566980E-1	3,262500E+3	7,067410E-1	3,262500E+3	2,516613E-1	3,262500E+3	6,915793E-1	3,262500E+3	2,469295E-1	3,262500E+3	6,367964E-1	3,262500E+3	2,279083E-1	3,262500E+3	5,840557E-1	3,262500E+3	1,832789E-1	3,262500E+3	5,557484E-1	3,262500E+3	1,409892E-1
3,264062E+3	7,076127E-1	3,264062E+3	2,576485E-1	3,264062E+3	7,095686E-1	3,264062E+3	2,525153E-1	3,264062E+3	7,072776E-1	3,264062E+3	2,490485E-1	3,264062E+3	6,922418E-1	3,264062E+3	2,454920E-1	3,264062E+3	6,317242E-1	3,264062E+3	2,216979E-1	3,264062E+3	5,890541E-1	3,264062E+3	1,839857E-1	3,264062E+3	5,569560E-1	3,264062E+3	1,329418E-1
3,265625E+3	7,079588E-1	3,265625E+3	2,571156E-1	3,265625E+3	7,090248E-1	3,265625E+3	2,508078E-1	3,265625E+3	7,074568E-1	3,265625E+3	2,459245E-1	3,265625E+3	6,906872E-1	3,265625E+3	2,423191E-1	3,265625E+3	6,338694E-1	3,265625E+3	2,257543E-1	3,265625E+3	5,955779E-1	3,265625E+3	1,959954E-1	3,265625E+3	5,550785E-1	3,265625E+3	1,357503E-1
3,267187E+3	7,089509E-1	3,267187E+3	2,556687E-1	3,267187E+3	7,104886E-1	3,267187E+3	2,482364E-1	3,267187E+3	7,083877E-1	3,267187E+3	2,439991E-1	3,267187E+3	6,940096E-1	3,267187E+3	2,402486E-1	3,267187E+3	6,364920E-1	3,267187E+3	2,218820E-1	3,267187E+3	5,880657E-1	3,267187E+3	1,849887E-1	3,267187E+3	5,630536E-1	3,267187E+3	1,310807E-1
3,268750E+3	7,094623E-1	3,268750E+3	2,502357E-1	3,268750E+3	7,103807E-1	3,268750E+3	2,456294E-1	3,268750E+3	7,101531E-1	3,268750E+3	2,397950E-1	3,268750E+3	6,957861E-1	3,268750E+3	2,384192E-1	3,268750E+3	6,398600E-1	3,268750E+3	2,185097E-1	3,268750E+3	5,932589E-1	3,268750E+3	1,775379E-1	3,268750E+3	5,550680E-1	3,268750E+3	1,165778E-1
3,270312E+3	7,083947E-1	3,270312E+3	2,491439E-1	3,270312E+3	7,092906E-1	3,270312E+3	2,424552E-1	3,270312E+3	7,103608E-1	3,270312E+3	2,383218E-1	3,270312E+3	6,936274E-1	3,270312E+3	2,364181E-1	3,270312E+3	6,414792E-1	3,270312E+3	2,157842E-1	3,270312E+3	5,897218E-1	3,270312E+3	1,842820E-1	3,270312E+3	5,448321E-1	3,270312E+3	1,244648E-1
3,271875E+3	7,083778E-1	3,271875E+3	2,451710E-1	3,271875E+3	7,111037E-1	3,271875E+3	2,393981E-1	3,271875E+3	7,125843E-1	3,271875E+3	2,373611E-1	3,271875E+3	6,941750E-1	3,271875E+3	2,314429E-1	3,271875E+3	6,430691E-1	3,271875E+3	2,133023E-1	3,271875E+3	5,941081E-1	3,271875E+3	1,793843E-1	3,271875E+3	5,510291E-1	3,271875E+3	1,427320E-1
3,273437E+3	7,111761E-1	3,273437E+3	2,419494E-1	3,273437E+3	7,130454E-1	3,273437E+3	2,368396E-1	3,273437E+3	7,135741E-1	3,273437E+3	2,328101E-1	3,273437E+3	6,975548E-1	3,273437E+3	2,310649E-1	3,273437E+3	6,432110E-1	3,273437E+3	2,095661E-1	3,273437E+3	5,950974E-1	3,273437E+3	1,784826E-1	3,273437E+3	5,602243E-1	3,273437E+3	1,413877E-1
3,275000E+3	7,097900E-1	3,275000E+3	2,398422E-1	3,275000E+3	7,155483E-1	3,275000E+3	2,338756E-1	3,275000E+3	7,131274E-1	3,275000E+3	2,312791E-1	3,275000E+3	7,000941E-1	3,275000E+3	2,274666E-1	3,275000E+3	6,481951E-1	3,275000E+3	2,143067E-1	3,275000E+3	5,936320E-1	3,275000E+3	1,782225E-1	3,275000E+3	5,656506E-1	3,275000E+3	1,378028E-1
3,276562E+3	7,082057E-1	3,276562E+3	2,359126E-1	3,276562E+3	7,145469E-1	3,276562E+3	2,334704E-1	3,276562E+3	7,135284E-1	3,276562E+3	2,276486E-1	3,276562E+3	7,002425E-1	3,276562E+3	2,252813E-1	3,276562E+3	6,448372E-1	3,276562E+3	2,118099E-1	3,276562E+3	5,966628E-1	3,276562E+3	1,858905E-1	3,276562E+3	5,609156E-1	3,276562E+3	1,433464E-1
3,278125E+3	7,106435E-1	3,278125E+3	2,343159E-1	3,278125E+3	7,155418E-1	3,278125E+3	2,312136E-1	3,278125E+3	7,145243E-1	3,278125E+3	2,265719E-1	3,278125E+3	6,994864E-1	3,278125E+3	2,253917E-1	3,278125E+3	6,458087E-1	3,278125E+3	2,097221E-1	3,278125E+3	5,950734E-1	3,278125E+3	1,916945E-1	3,278125E+3	5,756710E-1	3,278125E+3	1,370405E-1
3,279687E+3	7,147971E-1	3,279687E+3	2,342319E-1	3,279687E+3	7,171167E-1	3,279687E+3	2,270362E-1	3,279687E+3	7,156748E-1	3,279687E+3	2,248725E-1	3,279687E+3	6,996765E-1	3,279687E+3	2,213161E-1	3,279687E+3	6,467608E-1	3,279687E+3	2,073382E-1	3,279687E+3	6,048566E-1	3,279687E+3	1,904366E-1	3,279687E+3	5,729906E-1	3,279687E+3	1,343996E-1
3,281250E+3	7,157481E-1	3,281250E+3	2,298015E-1	3,281250E+3	7,148756E-1	3,281250E+3	2,246392E-1	3,281250E+3	7,173844E-1	3,281250E+3	2,221357E-1	3,281250E+3	6,986281E-1	3,281250E+3	2,211464E-1	3,281250E+3	6,513875E-1	3,281250E+3	2,087783E-1	3,281250E+3	6,089763E-1	3,281250E+3	1,706894E-1	3,281250E+3	5,606258E-1	3,281250E+3	1,353918E-1
3,282812E+3	7,133180E-1	3,282812E+3	2,272594E-1	3,282812E+3	7,150372E-1	3,282812E+3	2,217926E-1	3,282812E+3	7,185866E-1	3,282812E+3	2,187864E-1	3,282812E+3	7,018322E-1	3,282812E+3	2,151532E-1	3,282812E+3	6,531168E-1	3,282812E+3	2,064445E-1	3,282812E+3	6,056528E-1	3,282812E+3	1,709705E-1	3,282812E+3	5,692374E-1	3,282812E+3	1,376180E-1
3,284375E+3	7,149334E-1	3,284375E+3	2,249230E-1	3,284375E+3	7,166337E-1	3,284375E+3	2,192619E-1	3,284375E+3	7,189538E-1	3,284375E+3	2,160198E-1	3,284375E+3	7,018649E-1	3,284375E+3	2,136573E-1	3,284375E+3	6,526754E-1	3,284375E+3	2,029581E-1	3,284375E+3	6,043862E-1	3,284375E+3	1,681141E-1	3,284375E+3	5,666511E-1	3,284375E+3	1,396389E-1
3,285937E+3	7,152795E-1	3,285937E+3	2,232998E-1	3,285937E+3	7,192312E-1	3,285937E+3	2,171048E-1	3,285937E+3	7,179905E-1	3,285937E+3	2,129649E-1	3,285937E+3	7,020399E-1	3,285937E+3	2,107452E-1	3,285937E+3	6,552647E-1	3,285937E+3	2,028881E-1	3,285937E+3	6,054074E-1	3,285937E+3	1,705433E-1	3,285937E+3	5,620173E-1	3,285937E+3	1,396177E-1
3,287500E+3	7,168621E-1	3,287500E+3	2,198024E-1	3,287500E+3	7,194333E-1	3,287500E+3	2,146878E-1	3,287500E+3	7,179748E-1	3,287500E+3	2,112575E-1	3,287500E+3	7,025285E-1	3,287500E+3	2,116745E-1	3,287500E+3	6,527277E-1	3,287500E+3	2,000759E-1	3,287500E+3	6,036174E-1	3,287500E+3	1,722951E-1	3,287500E+3	5,704179E-1	3,287500E+3	1,382510E-1
3,289062E+3	7,139893E-1	3,289062E+3	2,173026E-1	3,289062E+3	7,185876E-1	3,289062E+3	2,124620E-1	3,289062E+3	7,152255E-1	3,289062E+3	2,088496E-1	3,289062E+3	7,034355E-1	3,289062E+3	2,085998E-1	3,289062E+3	6,474436E-1	3,289062E+3	1,990231E-1	3,289062E+3	5,999465E-1	3,289062E+3	1,733942E-1	3,289062E+3	5,734845E-1	3,289062E+3	1,358733E-1
3,290625E+3	7,154140E-1	3,290625E+3	2,150398E-1	3,290625E+3	7,189201E-1	3,290625E+3	2,103250E-1	3,290625E+3	7,177523E-1	3,290625E+3	2,048970E-1	3,290625E+3	7,034866E-1	3,290625E+3	2,057801E-1	3,290625E+3	6,543075E-1	3,290625E+3	1,985133E-1	3,290625E+3	6,062433E-1	3,290625E+3	1,658417E-1	3,290625E+3	5,721169E-1	3,290625E+3	1,221006E-1
3,292187E+3	7,178317E-1	3,292187E+3	2,112294E-1	3,292187E+3	7,182202E-1	3,292187E+3	2,072485E-1	3,292187E+3	7,185075E-1	3,292187E+3	2,020369E-1	3,292187E+3	7,031020E-1	3,292187E+3	2,032691E-1	3,292187E+3	6,526992E-1	3,292187E+3	1,937903E-1	3,292187E+3	6,063908E-1	3,292187E+3	1,617828E-1	3,292187E+3	5,731225E-1	3,292187E+3	1,261292E-1
3,293750E+3	7,162276E-1	3,293750E+3	2,120394E-1	3,293750E+3	7,203500E-1	3,293750E+3	2,052869E-1	3,293750E+3	7,164068E-1	3,293750E+3	2,015999E-1	3,293750E+3	7,048898E-1	3,293750E+3	1,997523E-1	3,293750E+3	6,543027E-1	3,293750E+3	1,890693E-1	3,293750E+3	6,088880E-1	3,293750E+3	1,662558E-1	3,293750E+3	5,814123E-1	3,293750E+3	1,252298E-1
3,295312E+3	7,165021E-1	3,295312E+3	2,067057E-1	3,295312E+3	7,203039E-1	3,295312E+3	2,040048E-1	3,295312E+3	7,188343E-1	3,295312E+3	1,979299E-1	3,295312E+3	7,060435E-1	3,295312E+3	1,980431E-1	3,295312E+3	6,590128E-1	3,295312E+3	1,894765E-1	3,295312E+3	6,064594E-1	3,295312E+3	1,669103E-1	3,295312E+3	5,836010E-1	3,295312E+3	1,226121E-1
3,296875E+3	7,169091E-1	3,296875E+3	2,063518E-1	3,296875E+3	7,194856E-1	3,296875E+3	2,024002E-1	3,296875E+3	7,193518E-1	3,296875E+3	1,967146E-1	3,296875E+3	7,057619E-1	3,296875E+3	1,963411E-1	3,296875E+3	6,558015E-1	3,296875E+3	1,910639E-1	3,296875E+3	6,120392E-1	3,296875E+3	1,649592E-1	3,296875E+3	5,804850E-1	3,296875E+3	1,305136E-1
3,298437E+3	7,193200E-1	3,298437E+3	2,034402E-1	3,298437E+3	7,203602E-1	3,298437E+3	1,961820E-1	3,298437E+3	7,178502E-1	3,298437E+3	1,944960E-1	3,298437E+3	7,054974E-1	3,298437E+3	1,936544E-1	3,298437E+3	6,525401E-1	3,298437E+3	1,910291E-1	3,298437E+3	6,146627E-1	3,298437E+3	1,605455E-1	3,298437E+3	5,798225E-1	3,298437E+3	1,261621E-1
3,300000E+3	7,184129E-1	3,300000E+3	1,997313E-1	3,300000E+3	7,201892E-1	3,300000E+3	1,972175E-1	3,300000E+3	7,189707E-1	3,300000E+3	1,925558E-1	3,300000E+3	7,064187E-1	3,300000E+3	1,897338E-1	3,300000E+3	6,534609E-1	3,300000E+3	1,860913E-1	3,300000E+3	6,132085E-1	3,300000E+3	1,634752E-1	3,300000E+3	5,814181E-1	3,300000E+3	1,142096E-1
3,301562E+3	7,163236E-1	3,301562E+3	2,003799E-1	3,301562E+3	7,181844E-1	3,301562E+3	1,936011E-1	3,301562E+3	7,190295E-1	3,301562E+3	1,900519E-1	3,301562E+3	7,055236E-1	3,301562E+3	1,872556E-1	3,301562E+3	6,584776E-1	3,301562E+3	1,827911E-1	3,301562E+3	6,057339E-1	3,301562E+3	1,644785E-1	3,301562E+3	5,837970E-1	3,301562E+3	1,055051E-1
3,303125E+3	7,158014E-1	3,303125E+3	1,986779E-1	3,303125E+3	7,184235E-1	3,303125E+3	1,905879E-1	3,303125E+3	7,206211E-1	3,303125E+3	1,871349E-1	3,303125E+3	7,041809E-1	3,303125E+3	1,888185E-1	3,303125E+3	6,630215E-1	3,303125E+3	1,794009E-1	3,303125E+3	6,047093E-1	3,303125E+3	1,511273E-1	3,303125E+3	5,820130E-1	3,303125E+3	1,175327E-1
3,304687E+3	7,169164E-1	3,304687E+3	1,954349E-1	3,304687E+3	7,190263E-1	3,304687E+3	1,897291E-1	3,304687E+3	7,194982E-1	3,304687E+3	1,857816E-1	3,304687E+3	7,063730E-1	3,304687E+3	1,848620E-1	3,304687E+3	6,585616E-1	3,304687E+3	1,805104E-1	3,304687E+3	6,124554E-1	3,304687E+3	1,550045E-1	3,304687E+3	5,775230E-1	3,304687E+3	1,251417E-1
3,306250E+3	7,181849E-1	3,306250E+3	1,938576E-1	3,306250E+3	7,188079E-1	3,306250E+3	1,883551E-1	3,306250E+3	7,183157E-1	3,306250E+3	1,824599E-1	3,306250E+3	7,075973E-1	3,306250E+3	1,818231E-1	3,306250E+3	6,548466E-1	3,306250E+3	1,762746E-1	3,306250E+3	6,148398E-1	3,306250E+3	1,558862E-1	3,306250E+3	5,837443E-1	3,306250E+3	1,145381E-1
3,307812E+3	7,157166E-1	3,307812E+3	1,898422E-1	3,307812E+3	7,180193E-1	3,307812E+3	1,838378E-1	3,307812E+3	7,189468E-1	3,307812E+3	1,810634E-1	3,307812E+3	7,068767E-1	3,307812E+3	1,794522E-1	3,307812E+3	6,588778E-1	3,307812E+3	1,748240E-1	3,307812E+3	6,128162E-1	3,307812E+3	1,531741E-1	3,307812E+3	5,824582E-1	3,307812E+3	1,155201E-1
3,309375E+3	7,161596E-1	3,309375E+3	1,876841E-1	3,309375E+3	7,182831E-1	3,309375E+3	1,821576E-1	3,309375E+3	7,174935E-1	3,309375E+3	1,784871E-1	3,309375E+3	7,060938E-1	3,309375E+3	1,786352E-1	3,309375E+3	6,593788E-1	3,309375E+3	1,760514E-1	3,309375E+3	6,119662E-1	3,309375E+3	1,568188E-1	3,309375E+3	5,673069E-1	3,309375E+3	1,195119E-1
3,310937E+3	7,155701E-1	3,310937E+3	1,852611E-1	3,310937E+3	7,191057E-1	3,310937E+3	1,799052E-1	3,310937E+3	7,176425E-1	3,310937E+3	1,762880E-1	3,310937E+3	7,071560E-1	3,310937E+3	1,763130E-1	3,310937E+3	6,580258E-1	3,310937E+3	1,762069E-1	3,310937E+3	6,141006E-1	3,310937E+3	1,570356E-1	3,310937E+3	5,736857E-1	3,310937E+3	1,174521E-1
3,312500E+3	7,150155E-1	3,312500E+3	1,843336E-1	3,312500E+3	7,183000E-1	3,312500E+3	1,786057E-1	3,312500E+3	7,173940E-1	3,312500E+3	1,734443E-1	3,312500E+3	7,074906E-1	3,312500E+3	1,759196E-1	3,312500E+3	6,584676E-1	3,312500E+3	1,742019E-1	3,312500E+3	6,173621E-1	3,312500E+3	1,592272E-1	3,312500E+3	5,838994E-1	3,312500E+3	1,152341E-1
3,314062E+3	7,138552E-1	3,314062E+3	1,833376E-1	3,314062E+3	7,188828E-1	3,314062E+3	1,749815E-1	3,314062E+3	7,174422E-1	3,314062E+3	1,726070E-1	3,314062E+3	7,070663E-1	3,314062E+3	1,744259E-1	3,314062E+3	6,627938E-1	3,314062E+3	1,691095E-1	3,314062E+3	6,219201E-1	3,314062E+3	1,517455E-1	3,314062E+3	5,813619E-1	3,314062E+3	1,117744E-1
3,315625E+3	7,139628E-1	3,315625E+3	1,802686E-1	3,315625E+3	7,176339E-1	3,315625E+3	1,745097E-1	3,315625E+3	7,156528E-1	3,315625E+3	1,720036E-1	3,315625E+3	7,065954E-1	3,315625E+3	1,697254E-1	3,315625E+3	6,604154E-1	3,315625E+3	1,707738E-1	3,315625E+3	6,260307E-1	3,315625E+3	1,487773E-1	3,315625E+3	5,804669E-1	3,315625E+3	1,152188E-1
3,317187E+3	7,124304E-1	3,317187E+3	1,767520E-1	3,317187E+3	7,161582E-1	3,317187E+3	1,717258E-1	3,317187E+3	7,154884E-1	3,317187E+3	1,667489E-1	3,317187E+3	7,052099E-1	3,317187E+3	1,687702E-1	3,317187E+3	6,588389E-1	3,317187E+3	1,690580E-1	3,317187E+3	6,201524E-1	3,317187E+3	1,530809E-1	3,317187E+3	5,841067E-1	3,317187E+3	1,118795E-1
3,318750E+3	7,147913E-1	3,318750E+3	1,736026E-1	3,318750E+3	7,159734E-1	3,318750E+3	1,712307E-1	3,318750E+3	7,151656E-1	3,318750E+3	1,666554E-1	3,318750E+3	7,043507E-1	3,318750E+3	1,666112E-1	3,318750E+3	6,576479E-1	3,318750E+3	1,678388E-1	3,318750E+3	6,125332E-1	3,318750E+3	1,529408E-1	3,318750E+3	5,834265E-1	3,318750E+3	1,142517E-1
3,320312E+3	7,116769E-1	3,320312E+3	1,726164E-1	3,320312E+3	7,140201E-1	3,320312E+3	1,687228E-1	3,320312E+3	7,158590E-1	3,320312E+3	1,639000E-1	3,320312E+3	7,031783E-1	3,320312E+3	1,670011E-1	3,320312E+3	6,597991E-1	3,320312E+3	1,677958E-1	3,320312E+3	6,186301E-1	3,320312E+3	1,467276E-1	3,320312E+3	5,790041E-1	3,320312E+3	1,080295E-1
3,321875E+3	7,068556E-1	3,321875E+3	1,742243E-1	3,321875E+3	7,135305E-1	3,321875E+3	1,665363E-1	3,321875E+3	7,143357E-1	3,321875E+3	1,633004E-1	3,321875E+3	7,030307E-1	3,321875E+3	1,638510E-1	3,321875E+3	6,600919E-1	3,321875E+3	1,633316E-1	3,321875E+3	6,173777E-1	3,321875E+3	1,492170E-1	3,321875E+3	5,798314E-1	3,321875E+3	1,098562E-1
3,323437E+3	7,068520E-1	3,323437E+3	1,722684E-1	3,323437E+3	7,136060E-1	3,323437E+3	1,663910E-1	3,323437E+3	7,134453E-1	3,323437E+3	1,608258E-1	3,323437E+3	7,016820E-1	3,323437E+3	1,611920E-1	3,323437E+3	6,562869E-1	3,323437E+3	1,626705E-1	3,323437E+3	6,150145E-1	3,323437E+3	1,485613E-1	3,323437E+3	5,852348E-1	3,323437E+3	1,235796E-1
3,325000E+3	7,073989E-1	3,325000E+3	1,707627E-1	3,325000E+3	7,125270E-1	3,325000E+3	1,639829E-1	3,325000E+3	7,122686E-1	3,325000E+3	1,594094E-1	3,325000E+3	7,012549E-1	3,325000E+3	1,592619E-1	3,325000E+3	6,603921E-1	3,325000E+3	1,609774E-1	3,325000E+3	6,235304E-1	3,325000E+3	1,483458E-1	3,325000E+3	5,784737E-1	3,325000E+3	1,226687E-1
3,326562E+3	7,064990E-1	3,326562E+3	1,707968E-1	3,326562E+3	7,106620E-1	3,326562E+3	1,624082E-1	3,326562E+3	7,102541E-1	3,326562E+3	1,569630E-1	3,326562E+3	7,003475E-1	3,326562E+3	1,583723E-1	3,326562E+3	6,606062E-1	3,326562E+3	1,605326E-1	3,326562E+3	6,187905E-1	3,326562E+3	1,524097E-1	3,326562E+3	5,823861E-1	3,326562E+3	1,178025E-1
3,328125E+3	7,045923E-1	3,328125E+3	1,677824E-1	3,328125E+3	7,098278E-1	3,328125E+3	1,613994E-1	3,328125E+3	7,104563E-1	3,328125E+3	1,565060E-1	3,328125E+3	6,996531E-1	3,328125E+3	1,580393E-1	3,328125E+3	6,592542E-1	3,328125E+3	1,624303E-1	3,328125E+3	6,173772E-1	3,328125E+3	1,454329E-1	3,328125E+3	5,855211E-1	3,328125E+3	1,163219E-1
3,329687E+3	7,016760E-1	3,329687E+3	1,690647E-1	3,329687E+3	7,071733E-1	3,329687E+3	1,609063E-1	3,329687E+3	7,088713E-1	3,329687E+3	1,551158E-1	3,329687E+3	6,991752E-1	3,329687E+3	1,588220E-1	3,329687E+3	6,578041E-1	3,329687E+3	1,565222E-1	3,329687E+3	6,190223E-1	3,329687E+3	1,453016E-1	3,329687E+3	5,858129E-1	3,329687E+3	1,205426E-1
3,331250E+3	7,002894E-1	3,331250E+3	1,673771E-1	3,331250E+3	7,039911E-1	3,331250E+3	1,594549E-1	3,331250E+3	7,080214E-1	3,331250E+3	1,539656E-1	3,331250E+3	6,988555E-1	3,331250E+3	1,565730E-1	3,331250E+3	6,577695E-1	3,331250E+3	1,539420E-1	3,331250E+3	6,172389E-1	3,331250E+3	1,477405E-1	3,331250E+3	5,956681E-1	3,331250E+3	1,125340E-1
3,332812E+3	7,009602E-1	3,332812E+3	1,667075E-1	3,332812E+3	7,043242E-1	3,332812E+3	1,584180E-1	3,332812E+3	7,064871E-1	3,332812E+3	1,528348E-1	3,332812E+3	6,980387E-1	3,332812E+3	1,511901E-1	3,332812E+3	6,598889E-1	3,332812E+3	1,569100E-1	3,332812E+3	6,185711E-1	3,332812E+3	1,477952E-1	3,332812E+3	5,957324E-1	3,332812E+3	1,112535E-1
3,334375E+3	7,001387E-1	3,334375E+3	1,661417E-1	3,334375E+3	7,023261E-1	3,334375E+3	1,579513E-1	3,334375E+3	7,060135E-1	3,334375E+3	1,517583E-1	3,334375E+3	6,974091E-1	3,334375E+3	1,527203E-1	3,334375E+3	6,577087E-1	3,334375E+3	1,509569E-1	3,334375E+3	6,177080E-1	3,334375E+3	1,458486E-1	3,334375E+3	5,881845E-1	3,334375E+3	1,178548E-1
3,335937E+3	6,974619E-1	3,335937E+3	1,660675E-1	3,335937E+3	7,014847E-1	3,335937E+3	1,567840E-1	3,335937E+3	7,044334E-1	3,335937E+3	1,509976E-1	3,335937E+3	6,951592E-1	3,335937E+3	1,507764E-1	3,335937E+3	6,543462E-1	3,335937E+3	1,499960E-1	3,335937E+3	6,180707E-1	3,335937E+3	1,440380E-1	3,335937E+3	5,795521E-1	3,335937E+3	1,111269E-1
3,337500E+3	6,944961E-1	3,337500E+3	1,673325E-1	3,337500E+3	7,012905E-1	3,337500E+3	1,558193E-1	3,337500E+3	7,023878E-1	3,337500E+3	1,514683E-1	3,337500E+3	6,930763E-1	3,337500E+3	1,519448E-1	3,337500E+3	6,566458E-1	3,337500E+3	1,525027E-1	3,337500E+3	6,220060E-1	3,337500E+3	1,416591E-1	3,337500E+3	5,822811E-1	3,337500E+3	1,162619E-1
3,339062E+3	6,933713E-1	3,339062E+3	1,670959E-1	3,339062E+3	6,996331E-1	3,339062E+3	1,568839E-1	3,339062E+3	7,002555E-1	3,339062E+3	1,498004E-1	3,339062E+3	6,923953E-1	3,339062E+3	1,494683E-1	3,339062E+3	6,550096E-1	3,339062E+3	1,517883E-1	3,339062E+3	6,237463E-1	3,339062E+3	1,484882E-1	3,339062E+3	5,881313E-1	3,339062E+3	1,225948E-1
3,340625E+3	6,934891E-1	3,340625E+3	1,661132E-1	3,340625E+3	6,979305E-1	3,340625E+3	1,554661E-1	3,340625E+3	6,988964E-1	3,340625E+3	1,494088E-1	3,340625E+3	6,920576E-1	3,340625E+3	1,505973E-1	3,340625E+3	6,557425E-1	3,340625E+3	1,526289E-1	3,340625E+3	6,180384E-1	3,340625E+3	1,400222E-1	3,340625E+3	5,850927E-1	3,340625E+3	1,132664E-1
3,342187E+3	6,919000E-1	3,342187E+3	1,683296E-1	3,342187E+3	6,961735E-1	3,342187E+3	1,560756E-1	3,342187E+3	6,966560E-1	3,342187E+3	1,498793E-1	3,342187E+3	6,904733E-1	3,342187E+3	1,485598E-1	3,342187E+3	6,561845E-1	3,342187E+3	1,510232E-1	3,342187E+3	6,177661E-1	3,342187E+3	1,445842E-1	3,342187E+3	5,845359E-1	3,342187E+3	1,087723E-1
3,343750E+3	6,909050E-1	3,343750E+3	1,698580E-1	3,343750E+3	6,943222E-1	3,343750E+3	1,565071E-1	3,343750E+3	6,948645E-1	3,343750E+3	1,496035E-1	3,343750E+3	6,878608E-1	3,343750E+3	1,485220E-1	3,343750E+3	6,556356E-1	3,343750E+3	1,520541E-1	3,343750E+3	6,263063E-1	3,343750E+3	1,450243E-1	3,343750E+3	5,914463E-1	3,343750E+3	1,211881E-1
3,345312E+3	6,927230E-1	3,345312E+3	1,709867E-1	3,345312E+3	6,936662E-1	3,345312E+3	1,581945E-1	3,345312E+3	6,928696E-1	3,345312E+3	1,494659E-1	3,345312E+3	6,879774E-1	3,345312E+3	1,493182E-1	3,345312E+3	6,541966E-1	3,345312E+3	1,496995E-1	3,345312E+3	6,250786E-1	3,345312E+3	1,374174E-1	3,345312E+3	5,873515E-1	3,345312E+3	1,256468E-1
3,346875E+3	6,904808E-1	3,346875E+3	1,723667E-1	3,346875E+3	6,913262E-1	3,346875E+3	1,599956E-1	3,346875E+3	6,920489E-1	3,346875E+3	1,488196E-1	3,346875E+3	6,857243E-1	3,346875E+3	1,468580E-1	3,346875E+3	6,549324E-1	3,346875E+3	1,544051E-1	3,346875E+3	6,182339E-1	3,346875E+3	1,394198E-1	3,346875E+3	5,890418E-1	3,346875E+3	1,187149E-1
3,348437E+3	6,875010E-1	3,348437E+3	1,727266E-1	3,348437E+3	6,904240E-1	3,348437E+3	1,597777E-1	3,348437E+3	6,895307E-1	3,348437E+3	1,514139E-1	3,348437E+3	6,835207E-1	3,348437E+3	1,485451E-1	3,348437E+3	6,553633E-1	3,348437E+3	1,528745E-1	3,348437E+3	6,175552E-1	3,348437E+3	1,390105E-1	3,348437E+3	5,932528E-1	3,348437E+3	1,191041E-1
3,350000E+3	6,890631E-1	3,350000E+3	1,771688E-1	3,350000E+3	6,906073E-1	3,350000E+3	1,623804E-1	3,350000E+3	6,903325E-1	3,350000E+3	1,532511E-1	3,350000E+3	6,826025E-1	3,350000E+3	1,499426E-1	3,350000E+3	6,519003E-1	3,350000E+3	1,544367E-1	3,350000E+3	6,170376E-1	3,350000E+3	1,415963E-1	3,350000E+3	5,858567E-1	3,350000E+3	1,158300E-1
3,351562E+3	6,908046E-1	3,351562E+3	1,793823E-1	3,351562E+3	6,888472E-1	3,351562E+3	1,647084E-1	3,351562E+3	6,879260E-1	3,351562E+3	1,534948E-1	3,351562E+3	6,806171E-1	3,351562E+3	1,498381E-1	3,351562E+3	6,522127E-1	3,351562E+3	1,533594E-1	3,351562E+3	6,220010E-1	3,351562E+3	1,417032E-1	3,351562E+3	5,869744E-1	3,351562E+3	1,127542E-1
3,353125E+3	6,916370E-1	3,353125E+3	1,817734E-1	3,353125E+3	6,872196E-1	3,353125E+3	1,666776E-1	3,353125E+3	6,872762E-1	3,353125E+3	1,539342E-1	3,353125E+3	6,794217E-1	3,353125E+3	1,491555E-1	3,353125E+3	6,507973E-1	3,353125E+3	1,511189E-1	3,353125E+3	6,268726E-1	3,353125E+3	1,425574E-1	3,353125E+3	5,811605E-1	3,353125E+3	1,187183E-1
3,354687E+3	6,924402E-1	3,354687E+3	1,842907E-1	3,354687E+3	6,890917E-1	3,354687E+3	1,687333E-1	3,354687E+3	6,866671E-1	3,354687E+3	1,566775E-1	3,354687E+3	6,781656E-1	3,354687E+3	1,501052E-1	3,354687E+3	6,499032E-1	3,354687E+3	1,514648E-1	3,354687E+3	6,256150E-1	3,354687E+3	1,444540E-1	3,354687E+3	5,760413E-1	3,354687E+3	1,180054E-1
3,356250E+3	6,941385E-1	3,356250E+3	1,837794E-1	3,356250E+3	6,890455E-1	3,356250E+3	1,690190E-1	3,356250E+3	6,867596E-1	3,356250E+3	1,581512E-1	3,356250E+3	6,791982E-1	3,356250E+3	1,510545E-1	3,356250E+3	6,510321E-1	3,356250E+3	1,496101E-1	3,356250E+3	6,203405E-1	3,356250E+3	1,439781E-1	3,356250E+3	5,850490E-1	3,356250E+3	1,145694E-1
3,357812E+3	6,941340E-1	3,357812E+3	1,842595E-1	3,357812E+3	6,897135E-1	3,357812E+3	1,708325E-1	3,357812E+3	6,859308E-1	3,357812E+3	1,611924E-1	3,357812E+3	6,776585E-1	3,357812E+3	1,533496E-1	3,357812E+3	6,475068E-1	3,357812E+3	1,544180E-1	3,357812E+3	6,127183E-1	3,357812E+3	1,498253E-1	3,357812E+3	5,943485E-1	3,357812E+3	1,088140E-1
3,359375E+3	6,981122E-1	3,359375E+3	1,862852E-1	3,359375E+3	6,904493E-1	3,359375E+3	1,734237E-1	3,359375E+3	6,862059E-1	3,359375E+3	1,633397E-1	3,359375E+3	6,787045E-1	3,359375E+3	1,549540E-1	3,359375E+3	6,519055E-1	3,359375E+3	1,540982E-1	3,359375E+3	6,201688E-1	3,359375E+3	1,436311E-1	3,359375E+3	5,929645E-1	3,359375E+3	1,151417E-1
3,360937E+3	6,992094E-1	3,360937E+3	1,901654E-1	3,360937E+3	6,917505E-1	3,360937E+3	1,768103E-1	3,360937E+3	6,875948E-1	3,360937E+3	1,638876E-1	3,360937E+3	6,797298E-1	3,360937E+3	1,581821E-1	3,360937E+3	6,511607E-1	3,360937E+3	1,550775E-1	3,360937E+3	6,150846E-1	3,360937E+3	1,430225E-1	3,360937E+3	5,903723E-1	3,360937E+3	1,254185E-1
3,362500E+3	6,988541E-1	3,362500E+3	1,949140E-1	3,362500E+3	6,940165E-1	3,362500E+3	1,798896E-1	3,362500E+3	6,868155E-1	3,362500E+3	1,651527E-1	3,362500E+3	6,781145E-1	3,362500E+3	1,597275E-1	3,362500E+3	6,516662E-1	3,362500E+3	1,569918E-1	3,362500E+3	6,175197E-1	3,362500E+3	1,438119E-1	3,362500E+3	5,939738E-1	3,362500E+3	1,259193E-1
3,364062E+3	7,037067E-1	3,364062E+3	1,929238E-1	3,364062E+3	6,948061E-1	3,364062E+3	1,796883E-1	3,364062E+3	6,881483E-1	3,364062E+3	1,697725E-1	3,364062E+3	6,763196E-1	3,364062E+3	1,628020E-1	3,364062E+3	6,512899E-1	3,364062E+3	1,588250E-1	3,364062E+3	6,177410E-1	3,364062E+3	1,473741E-1	3,364062E+3	5,974450E-1	3,364062E+3	1,123284E-1
3,365625E+3	7,065342E-1	3,365625E+3	1,939346E-1	3,365625E+3	6,982373E-1	3,365625E+3	1,820740E-1	3,365625E+3	6,909825E-1	3,365625E+3	1,704366E-1	3,365625E+3	6,782780E-1	3,365625E+3	1,646452E-1	3,365625E+3	6,486831E-1	3,365625E+3	1,589102E-1	3,365625E+3	6,221591E-1	3,365625E+3	1,514547E-1	3,365625E+3	5,975851E-1	3,365625E+3	1,154568E-1
3,367187E+3	7,081042E-1	3,367187E+3	1,939304E-1	3,367187E+3	6,998476E-1	3,367187E+3	1,826962E-1	3,367187E+3	6,917326E-1	3,367187E+3	1,734485E-1	3,367187E+3	6,793374E-1	3,367187E+3	1,670793E-1	3,367187E+3	6,517692E-1	3,367187E+3	1,603457E-1	3,367187E+3	6,212786E-1	3,367187E+3	1,504362E-1	3,367187E+3	5,946098E-1	3,367187E+3	1,214877E-1
3,368750E+3	7,128127E-1	3,368750E+3	1,973279E-1	3,368750E+3	7,018913E-1	3,368750E+3	1,846899E-1	3,368750E+3	6,938618E-1	3,368750E+3	1,741483E-1	3,368750E+3	6,799672E-1	3,368750E+3	1,674856E-1	3,368750E+3	6,491477E-1	3,368750E+3	1,614049E-1	3,368750E+3	6,267863E-1	3,368750E+3	1,501805E-1	3,368750E+3	5,954218E-1	3,368750E+3	1,186145E-1
3,370312E+3	7,171331E-1	3,370312E+3	1,948512E-1	3,370312E+3	7,065351E-1	3,370312E+3	1,851019E-1	3,370312E+3	6,968151E-1	3,370312E+3	1,770104E-1	3,370312E+3	6,817547E-1	3,370312E+3	1,676380E-1	3,370312E+3	6,538015E-1	3,370312E+3	1,648674E-1	3,370312E+3	6,247611E-1	3,370312E+3	1,497360E-1	3,370312E+3	5,920457E-1	3,370312E+3	1,198805E-1
3,371875E+3	7,177652E-1	3,371875E+3	1,901872E-1	3,371875E+3	7,099278E-1	3,371875E+3	1,862134E-1	3,371875E+3	6,997283E-1	3,371875E+3	1,774774E-1	3,371875E+3	6,830406E-1	3,371875E+3	1,715392E-1	3,371875E+3	6,540530E-1	3,371875E+3	1,676231E-1	3,371875E+3	6,167987E-1	3,371875E+3	1,498775E-1	3,371875E+3	6,051964E-1	3,371875E+3	1,101631E-1
3,373437E+3	7,232587E-1	3,373437E+3	1,927501E-1	3,373437E+3	7,119567E-1	3,373437E+3	1,864254E-1	3,373437E+3	7,017578E-1	3,373437E+3	1,783978E-1	3,373437E+3	6,848353E-1	3,373437E+3	1,737946E-1	3,373437E+3	6,518550E-1	3,373437E+3	1,673412E-1	3,373437E+3	6,225972E-1	3,373437E+3	1,522883E-1	3,373437E+3	5,982777E-1	3,373437E+3	1,144860E-1
3,375000E+3	7,264511E-1	3,375000E+3	1,932473E-1	3,375000E+3	7,162364E-1	3,375000E+3	1,855159E-1	3,375000E+3	7,039799E-1	3,375000E+3	1,806286E-1	3,375000E+3	6,856608E-1	3,375000E+3	1,753454E-1	3,375000E+3	6,552693E-1	3,375000E+3	1,654904E-1	3,375000E+3	6,242242E-1	3,375000E+3	1,547083E-1	3,375000E+3	5,957232E-1	3,375000E+3	1,255782E-1
3,376562E+3	7,272115E-1	3,376562E+3	1,910760E-1	3,376562E+3	7,198054E-1	3,376562E+3	1,859650E-1	3,376562E+3	7,075542E-1	3,376562E+3	1,796104E-1	3,376562E+3	6,882574E-1	3,376562E+3	1,759705E-1	3,376562E+3	6,563846E-1	3,376562E+3	1,682946E-1	3,376562E+3	6,271436E-1	3,376562E+3	1,578019E-1	3,376562E+3	5,917474E-1	3,376562E+3	1,299148E-1
3,378125E+3	7,300476E-1	3,378125E+3	1,879255E-1	3,378125E+3	7,231662E-1	3,378125E+3	1,837874E-1	3,378125E+3	7,118146E-1	3,378125E+3	1,799782E-1	3,378125E+3	6,923504E-1	3,378125E+3	1,755059E-1	3,378125E+3	6,605671E-1	3,378125E+3	1,731535E-1	3,378125E+3	6,276350E-1	3,378125E+3	1,577147E-1	3,378125E+3	5,956472E-1	3,378125E+3	1,281427E-1
3,379687E+3	7,357810E-1	3,379687E+3	1,875633E-1	3,379687E+3	7,241823E-1	3,379687E+3	1,846552E-1	3,379687E+3	7,144098E-1	3,379687E+3	1,786577E-1	3,379687E+3	6,947666E-1	3,379687E+3	1,766141E-1	3,379687E+3	6,642523E-1	3,379687E+3	1,752228E-1	3,379687E+3	6,305090E-1	3,379687E+3	1,628887E-1	3,379687E+3	6,038610E-1	3,379687E+3	1,281534E-1
3,381250E+3	7,400731E-1	3,381250E+3	1,870868E-1	3,381250E+3	7,286132E-1	3,381250E+3	1,840990E-1	3,381250E+3	7,161746E-1	3,381250E+3	1,796525E-1	3,381250E+3	6,974276E-1	3,381250E+3	1,771166E-1	3,381250E+3	6,611881E-1	3,381250E+3	1,738259E-1	3,381250E+3	6,344219E-1	3,381250E+3	1,589022E-1	3,381250E+3	5,980373E-1	3,381250E+3	1,306880E-1
3,382812E+3	7,420840E-1	3,382812E+3	1,841139E-1	3,382812E+3	7,309538E-1	3,382812E+3	1,804114E-1	3,382812E+3	7,209176E-1	3,382812E+3	1,787463E-1	3,382812E+3	7,003450E-1	3,382812E+3	1,782311E-1	3,382812E+3	6,638833E-1	3,382812E+3	1,753574E-1	3,382812E+3	6,305239E-1	3,382812E+3	1,574836E-1	3,382812E+3	5,993053E-1	3,382812E+3	1,422803E-1
3,384375E+3	7,386584E-1	3,384375E+3	1,825322E-1	3,384375E+3	7,331390E-1	3,384375E+3	1,804814E-1	3,384375E+3	7,242451E-1	3,384375E+3	1,783801E-1	3,384375E+3	7,047168E-1	3,384375E+3	1,796349E-1	3,384375E+3	6,627939E-1	3,384375E+3	1,699185E-1	3,384375E+3	6,349104E-1	3,384375E+3	1,599197E-1	3,384375E+3	5,969724E-1	3,384375E+3	1,335219E-1
3,385937E+3	7,410999E-1	3,385937E+3	1,771100E-1	3,385937E+3	7,352229E-1	3,385937E+3	1,792637E-1	3,385937E+3	7,273282E-1	3,385937E+3	1,757131E-1	3,385937E+3	7,086547E-1	3,385937E+3	1,758430E-1	3,385937E+3	6,651577E-1	3,385937E+3	1,677487E-1	3,385937E+3	6,352026E-1	3,385937E+3	1,642778E-1	3,385937E+3	6,040615E-1	3,385937E+3	1,365515E-1
3,387500E+3	7,446366E-1	3,387500E+3	1,772425E-1	3,387500E+3	7,368849E-1	3,387500E+3	1,760875E-1	3,387500E+3	7,299022E-1	3,387500E+3	1,749437E-1	3,387500E+3	7,104836E-1	3,387500E+3	1,771034E-1	3,387500E+3	6,721378E-1	3,387500E+3	1,693819E-1	3,387500E+3	6,382715E-1	3,387500E+3	1,633944E-1	3,387500E+3	6,194391E-1	3,387500E+3	1,429496E-1
3,389062E+3	7,456920E-1	3,389062E+3	1,738914E-1	3,389062E+3	7,406337E-1	3,389062E+3	1,726893E-1	3,389062E+3	7,303979E-1	3,389062E+3	1,740916E-1	3,389062E+3	7,131682E-1	3,389062E+3	1,726858E-1	3,389062E+3	6,756476E-1	3,389062E+3	1,702276E-1	3,389062E+3	6,430269E-1	3,389062E+3	1,634275E-1	3,389062E+3	6,124253E-1	3,389062E+3	1,356977E-1
3,390625E+3	7,444229E-1	3,390625E+3	1,725024E-1	3,390625E+3	7,412597E-1	3,390625E+3	1,744923E-1	3,390625E+3	7,333311E-1	3,390625E+3	1,687967E-1	3,390625E+3	7,161746E-1	3,390625E+3	1,732473E-1	3,390625E+3	6,816746E-1	3,390625E+3	1,727215E-1	3,390625E+3	6,509275E-1	3,390625E+3	1,613181E-1	3,390625E+3	6,148531E-1	3,390625E+3	1,340719E-1
3,392187E+3	7,488104E-1	3,392187E+3	1,732053E-1	3,392187E+3	7,438487E-1	3,392187E+3	1,705848E-1	3,392187E+3	7,355470E-1	3,392187E+3	1,688027E-1	3,392187E+3	7,188766E-1	3,392187E+3	1,749696E-1	3,392187E+3	6,813437E-1	3,392187E+3	1,727472E-1	3,392187E+3	6,504272E-1	3,392187E+3	1,631273E-1	3,392187E+3	6,307039E-1	3,392187E+3	1,373026E-1
3,393750E+3	7,490560E-1	3,393750E+3	1,718252E-1	3,393750E+3	7,460267E-1	3,393750E+3	1,677362E-1	3,393750E+3	7,376790E-1	3,393750E+3	1,667178E-1	3,393750E+3	7,199921E-1	3,393750E+3	1,692477E-1	3,393750E+3	6,864295E-1	3,393750E+3	1,755014E-1	3,393750E+3	6,502866E-1	3,393750E+3	1,598269E-1	3,393750E+3	6,304233E-1	3,393750E+3	1,362328E-1
3,395312E+3	7,551437E-1	3,395312E+3	1,668261E-1	3,395312E+3	7,486764E-1	3,395312E+3	1,651272E-1	3,395312E+3	7,403760E-1	3,395312E+3	1,649418E-1	3,395312E+3	7,247451E-1	3,395312E+3	1,692036E-1	3,395312E+3	6,847891E-1	3,395312E+3	1,682015E-1	3,395312E+3	6,552322E-1	3,395312E+3	1,560355E-1	3,395312E+3	6,091331E-1	3,395312E+3	1,355531E-1
3,396875E+3	7,541858E-1	3,396875E+3	1,660289E-1	3,396875E+3	7,490241E-1	3,396875E+3	1,654133E-1	3,396875E+3	7,416862E-1	3,396875E+3	1,639017E-1	3,396875E+3	7,260483E-1	3,396875E+3	1,668503E-1	3,396875E+3	6,850905E-1	3,396875E+3	1,706263E-1	3,396875E+3	6,591486E-1	3,396875E+3	1,613993E-1	3,396875E+3	6,143933E-1	3,396875E+3	1,351055E-1
3,398437E+3	7,515529E-1	3,398437E+3	1,625723E-1	3,398437E+3	7,501821E-1	3,398437E+3	1,629204E-1	3,398437E+3	7,421308E-1	3,398437E+3	1,628226E-1	3,398437E+3	7,268533E-1	3,398437E+3	1,675470E-1	3,398437E+3	6,891850E-1	3,398437E+3	1,733688E-1	3,398437E+3	6,622838E-1	3,398437E+3	1,565956E-1	3,398437E+3	6,287771E-1	3,398437E+3	1,325446E-1
3,400000E+3	7,533207E-1	3,400000E+3	1,612671E-1	3,400000E+3	7,486432E-1	3,400000E+3	1,561187E-1	3,400000E+3	7,441525E-1	3,400000E+3	1,549784E-1	3,400000E+3	7,301746E-1	3,400000E+3	1,658873E-1	3,400000E+3	6,915580E-1	3,400000E+3	1,673224E-1	3,400000E+3	6,569019E-1	3,400000E+3	1,567175E-1	3,400000E+3	6,260946E-1	3,400000E+3	1,299760E-1
3,401562E+3	7,561328E-1	3,401562E+3	1,596135E-1	3,401562E+3	7,500950E-1	3,401562E+3	1,570602E-1	3,401562E+3	7,455579E-1	3,401562E+3	1,567923E-1	3,401562E+3	7,317265E-1	3,401562E+3	1,602850E-1	3,401562E+3	6,921673E-1	3,401562E+3	1,652388E-1	3,401562E+3	6,536148E-1	3,401562E+3	1,573074E-1	3,401562E+3	6,153103E-1	3,401562E+3	1,303249E-1
3,403125E+3	7,570342E-1	3,403125E+3	1,570733E-1	3,403125E+3	7,533580E-1	3,403125E+3	1,537182E-1	3,403125E+3	7,465771E-1	3,403125E+3	1,531921E-1	3,403125E+3	7,329103E-1	3,403125E+3	1,606673E-1	3,403125E+3	6,950841E-1	3,403125E+3	1,692670E-1	3,403125E+3	6,538226E-1	3,403125E+3	1,490331E-1	3,403125E+3	6,185222E-1	3,403125E+3	1,320352E-1
3,404687E+3	7,572667E-1	3,404687E+3	1,536662E-1	3,404687E+3	7,545541E-1	3,404687E+3	1,514465E-1	3,404687E+3	7,480607E-1	3,404687E+3	1,525649E-1	3,404687E+3	7,331958E-1	3,404687E+3	1,587564E-1	3,404687E+3	6,990584E-1	3,404687E+3	1,690572E-1	3,404687E+3	6,561636E-1	3,404687E+3	1,457952E-1	3,404687E+3	6,320730E-1	3,404687E+3	1,333146E-1
3,406250E+3	7,584168E-1	3,406250E+3	1,503785E-1	3,406250E+3	7,535574E-1	3,406250E+3	1,518500E-1	3,406250E+3	7,509847E-1	3,406250E+3	1,484550E-1	3,406250E+3	7,358505E-1	3,406250E+3	1,543625E-1	3,406250E+3	6,942925E-1	3,406250E+3	1,650171E-1	3,406250E+3	6,654108E-1	3,406250E+3	1,509169E-1	3,406250E+3	6,298576E-1	3,406250E+3	1,305738E-1
3,407812E+3	7,590211E-1	3,407812E+3	1,532562E-1	3,407812E+3	7,537930E-1	3,407812E+3	1,476223E-1	3,407812E+3	7,496127E-1	3,407812E+3	1,468017E-1	3,407812E+3	7,371075E-1	3,407812E+3	1,546614E-1	3,407812E+3	6,988920E-1	3,407812E+3	1,576730E-1	3,407812E+3	6,684918E-1	3,407812E+3	1,478040E-1	3,407812E+3	6,211352E-1	3,407812E+3	1,172357E-1
3,409375E+3	7,575662E-1	3,409375E+3	1,544057E-1	3,409375E+3	7,545146E-1	3,409375E+3	1,466091E-1	3,409375E+3	7,482852E-1	3,409375E+3	1,460486E-1	3,409375E+3	7,339635E-1	3,409375E+3	1,507792E-1	3,409375E+3	7,007002E-1	3,409375E+3	1,576942E-1	3,409375E+3	6,673961E-1	3,409375E+3	1,472885E-1	3,409375E+3	6,230621E-1	3,409375E+3	1,241361E-1
3,410937E+3	7,575870E-1	3,410937E+3	1,434147E-1	3,410937E+3	7,553810E-1	3,410937E+3	1,410094E-1	3,410937E+3	7,508984E-1	3,410937E+3	1,420858E-1	3,410937E+3	7,343686E-1	3,410937E+3	1,478170E-1	3,410937E+3	7,053819E-1	3,410937E+3	1,529342E-1	3,410937E+3	6,732767E-1	3,410937E+3	1,502929E-1	3,410937E+3	6,240387E-1	3,410937E+3	1,337936E-1
3,412500E+3	7,571120E-1	3,412500E+3	1,439878E-1	3,412500E+3	7,551441E-1	3,412500E+3	1,424583E-1	3,412500E+3	7,522342E-1	3,412500E+3	1,426056E-1	3,412500E+3	7,400031E-1	3,412500E+3	1,460466E-1	3,412500E+3	7,037068E-1	3,412500E+3	1,561530E-1	3,412500E+3	6,645730E-1	3,412500E+3	1,584509E-1	3,412500E+3	6,423618E-1	3,412500E+3	1,212854E-1
3,414062E+3	7,590380E-1	3,414062E+3	1,433144E-1	3,414062E+3	7,563659E-1	3,414062E+3	1,389880E-1	3,414062E+3	7,529642E-1	3,414062E+3	1,391874E-1	3,414062E+3	7,402011E-1	3,414062E+3	1,444519E-1	3,414062E+3	6,996047E-1	3,414062E+3	1,529137E-1	3,414062E+3	6,722655E-1	3,414062E+3	1,591566E-1	3,414062E+3	6,418201E-1	3,414062E+3	1,311183E-1
3,415625E+3	7,579580E-1	3,415625E+3	1,399645E-1	3,415625E+3	7,578269E-1	3,415625E+3	1,387806E-1	3,415625E+3	7,516237E-1	3,415625E+3	1,366705E-1	3,415625E+3	7,394652E-1	3,415625E+3	1,430331E-1	3,415625E+3	6,986107E-1	3,415625E+3	1,514805E-1	3,415625E+3	6,783616E-1	3,415625E+3	1,481440E-1	3,415625E+3	6,301382E-1	3,415625E+3	1,258504E-1
3,417187E+3	7,580173E-1	3,417187E+3	1,363254E-1	3,417187E+3	7,580987E-1	3,417187E+3	1,347263E-1	3,417187E+3	7,507604E-1	3,417187E+3	1,329509E-1	3,417187E+3	7,399838E-1	3,417187E+3	1,405459E-1	3,417187E+3	6,986009E-1	3,417187E+3	1,522601E-1	3,417187E+3	6,712647E-1	3,417187E+3	1,470386E-1	3,417187E+3	6,431435E-1	3,417187E+3	1,222496E-1
3,418750E+3	7,614550E-1	3,418750E+3	1,283373E-1	3,418750E+3	7,547509E-1	3,418750E+3	1,318731E-1	3,418750E+3	7,523252E-1	3,418750E+3	1,317252E-1	3,418750E+3	7,415257E-1	3,418750E+3	1,382069E-1	3,418750E+3	6,978200E-1	3,418750E+3	1,537967E-1	3,418750E+3	6,699136E-1	3,418750E+3	1,514877E-1	3,418750E+3	6,466152E-1	3,418750E+3	1,281294E-1
3,420312E+3	7,601327E-1	3,420312E+3	1,303250E-1	3,420312E+3	7,551340E-1	3,420312E+3	1,297989E-1	3,420312E+3	7,509488E-1	3,420312E+3	1,311532E-1	3,420312E+3	7,380008E-1	3,420312E+3	1,390594E-1	3,420312E+3	7,031696E-1	3,420312E+3	1,490145E-1	3,420312E+3	6,682848E-1	3,420312E+3	1,484281E-1	3,420312E+3	6,355126E-1	3,420312E+3	1,214523E-1
3,421875E+3	7,578284E-1	3,421875E+3	1,379075E-1	3,421875E+3	7,559364E-1	3,421875E+3	1,304652E-1	3,421875E+3	7,488376E-1	3,421875E+3	1,304307E-1	3,421875E+3	7,395566E-1	3,421875E+3	1,371266E-1	3,421875E+3	7,039813E-1	3,421875E+3	1,469725E-1	3,421875E+3	6,679516E-1	3,421875E+3	1,422692E-1	3,421875E+3	6,331676E-1	3,421875E+3	1,201238E-1
3,423437E+3	7,562372E-1	3,423437E+3	1,404562E-1	3,423437E+3	7,545770E-1	3,423437E+3	1,270961E-1	3,423437E+3	7,499375E-1	3,423437E+3	1,254051E-1	3,423437E+3	7,394709E-1	3,423437E+3	1,336018E-1	3,423437E+3	7,039059E-1	3,423437E+3	1,403662E-1	3,423437E+3	6,774879E-1	3,423437E+3	1,445350E-1	3,423437E+3	6,512604E-1	3,423437E+3	1,214922E-1
3,425000E+3	7,554393E-1	3,425000E+3	1,305957E-1	3,425000E+3	7,526235E-1	3,425000E+3	1,273848E-1	3,425000E+3	7,517441E-1	3,425000E+3	1,244072E-1	3,425000E+3	7,376917E-1	3,425000E+3	1,302122E-1	3,425000E+3	7,093877E-1	3,425000E+3	1,404950E-1	3,425000E+3	6,821201E-1	3,425000E+3	1,409123E-1	3,425000E+3	6,434630E-1	3,425000E+3	1,069853E-1
3,426562E+3	7,556255E-1	3,426562E+3	1,265172E-1	3,426562E+3	7,532739E-1	3,426562E+3	1,249557E-1	3,426562E+3	7,514693E-1	3,426562E+3	1,234872E-1	3,426562E+3	7,376363E-1	3,426562E+3	1,290065E-1	3,426562E+3	7,072155E-1	3,426562E+3	1,390452E-1	3,426562E+3	6,733444E-1	3,426562E+3	1,422218E-1	3,426562E+3	6,402245E-1	3,426562E+3	1,035172E-1
3,428125E+3	7,571796E-1	3,428125E+3	1,268100E-1	3,428125E+3	7,523740E-1	3,428125E+3	1,234972E-1	3,428125E+3	7,500581E-1	3,428125E+3	1,212035E-1	3,428125E+3	7,375577E-1	3,428125E+3	1,272078E-1	3,428125E+3	7,091179E-1	3,428125E+3	1,442439E-1	3,428125E+3	6,793717E-1	3,428125E+3	1,400260E-1	3,428125E+3	6,324166E-1	3,428125E+3	1,225523E-1
3,429687E+3	7,595029E-1	3,429687E+3	1,250712E-1	3,429687E+3	7,531914E-1	3,429687E+3	1,221662E-1	3,429687E+3	7,497381E-1	3,429687E+3	1,204546E-1	3,429687E+3	7,389600E-1	3,429687E+3	1,279303E-1	3,429687E+3	7,037560E-1	3,429687E+3	1,434956E-1	3,429687E+3	6,747219E-1	3,429687E+3	1,364692E-1	3,429687E+3	6,523475E-1	3,429687E+3	1,249294E-1
3,431250E+3	7,546023E-1	3,431250E+3	1,253895E-1	3,431250E+3	7,533023E-1	3,431250E+3	1,194735E-1	3,431250E+3	7,496519E-1	3,431250E+3	1,204870E-1	3,431250E+3	7,407283E-1	3,431250E+3	1,263552E-1	3,431250E+3	7,039585E-1	3,431250E+3	1,387790E-1	3,431250E+3	6,758832E-1	3,431250E+3	1,423554E-1	3,431250E+3	6,545091E-1	3,431250E+3	1,225497E-1
3,432812E+3	7,565813E-1	3,432812E+3	1,228799E-1	3,432812E+3	7,506109E-1	3,432812E+3	1,200724E-1	3,432812E+3	7,513422E-1	3,432812E+3	1,161458E-1	3,432812E+3	7,393181E-1	3,432812E+3	1,222326E-1	3,432812E+3	7,031357E-1	3,432812E+3	1,393351E-1	3,432812E+3	6,740671E-1	3,432812E+3	1,455146E-1	3,432812E+3	6,502440E-1	3,432812E+3	1,173533E-1
3,434375E+3	7,538477E-1	3,434375E+3	1,232836E-1	3,434375E+3	7,499264E-1	3,434375E+3	1,175176E-1	3,434375E+3	7,486367E-1	3,434375E+3	1,163141E-1	3,434375E+3	7,371626E-1	3,434375E+3	1,214948E-1	3,434375E+3	7,041610E-1	3,434375E+3	1,361731E-1	3,434375E+3	6,744697E-1	3,434375E+3	1,387450E-1	3,434375E+3	6,456732E-1	3,434375E+3	1,138683E-1
3,435937E+3	7,550665E-1	3,435937E+3	1,253297E-1	3,435937E+3	7,505923E-1	3,435937E+3	1,140219E-1	3,435937E+3	7,467320E-1	3,435937E+3	1,145218E-1	3,435937E+3	7,363491E-1	3,435937E+3	1,214772E-1	3,435937E+3	7,027886E-1	3,435937E+3	1,364618E-1	3,435937E+3	6,722982E-1	3,435937E+3	1,355067E-1	3,435937E+3	6,406508E-1	3,435937E+3	1,251192E-1
3,437500E+3	7,513969E-1	3,437500E+3	1,172108E-1	3,437500E+3	7,511087E-1	3,437500E+3	1,155531E-1	3,437500E+3	7,453494E-1	3,437500E+3	1,105767E-1	3,437500E+3	7,354838E-1	3,437500E+3	1,199148E-1	3,437500E+3	7,013785E-1	3,437500E+3	1,348452E-1	3,437500E+3	6,718588E-1	3,437500E+3	1,368083E-1	3,437500E+3	6,443706E-1	3,437500E+3	1,297086E-1
3,439062E+3	7,523206E-1	3,439062E+3	1,173746E-1	3,439062E+3	7,496635E-1	3,439062E+3	1,147883E-1	3,439062E+3	7,444079E-1	3,439062E+3	1,116637E-1	3,439062E+3	7,348917E-1	3,439062E+3	1,181134E-1	3,439062E+3	7,058117E-1	3,439062E+3	1,334455E-1	3,439062E+3	6,736732E-1	3,439062E+3	1,373552E-1	3,439062E+3	6,490771E-1	3,439062E+3	1,302939E-1
3,440625E+3	7,550816E-1	3,440625E+3	1,173477E-1	3,440625E+3	7,476943E-1	3,440625E+3	1,108950E-1	3,440625E+3	7,433366E-1	3,440625E+3	1,120395E-1	3,440625E+3	7,349005E-1	3,440625E+3	1,166414E-1	3,440625E+3	7,065133E-1	3,440625E+3	1,346108E-1	3,440625E+3	6,760605E-1	3,440625E+3	1,330666E-1	3,440625E+3	6,481130E-1	3,440625E+3	1,165042E-1
3,442187E+3	7,530110E-1	3,442187E+3	1,192252E-1	3,442187E+3	7,477379E-1	3,442187E+3	1,108505E-1	3,442187E+3	7,414246E-1	3,442187E+3	1,084085E-1	3,442187E+3	7,325844E-1	3,442187E+3	1,145268E-1	3,442187E+3	7,062657E-1	3,442187E+3	1,338083E-1	3,442187E+3	6,717233E-1	3,442187E+3	1,285336E-1	3,442187E+3	6,439828E-1	3,442187E+3	1,179810E-1
3,443750E+3	7,503082E-1	3,443750E+3	1,145961E-1	3,443750E+3	7,463146E-1	3,443750E+3	1,095573E-1	3,443750E+3	7,418716E-1	3,443750E+3	1,076090E-1	3,443750E+3	7,325529E-1	3,443750E+3	1,138378E-1	3,443750E+3	7,059312E-1	3,443750E+3	1,300937E-1	3,443750E+3	6,740206E-1	3,443750E+3	1,332689E-1	3,443750E+3	6,487598E-1	3,443750E+3	1,115029E-1
3,445312E+3	7,502944E-1	3,445312E+3	1,135807E-1	3,445312E+3	7,453904E-1	3,445312E+3	1,087997E-1	3,445312E+3	7,420055E-1	3,445312E+3	1,057176E-1	3,445312E+3	7,303122E-1	3,445312E+3	1,129529E-1	3,445312E+3	7,086268E-1	3,445312E+3	1,295994E-1	3,445312E+3	6,758144E-1	3,445312E+3	1,322926E-1	3,445312E+3	6,383622E-1	3,445312E+3	1,160499E-1
3,446875E+3	7,494517E-1	3,446875E+3	1,127389E-1	3,446875E+3	7,462790E-1	3,446875E+3	1,089179E-1	3,446875E+3	7,399606E-1	3,446875E+3	1,065772E-1	3,446875E+3	7,298147E-1	3,446875E+3	1,118454E-1	3,446875E+3	7,026678E-1	3,446875E+3	1,287644E-1	3,446875E+3	6,739671E-1	3,446875E+3	1,315464E-1	3,446875E+3	6,428139E-1	3,446875E+3	1,165530E-1
3,448437E+3	7,484753E-1	3,448437E+3	1,142033E-1	3,448437E+3	7,457182E-1	3,448437E+3	1,075150E-1	3,448437E+3	7,392551E-1	3,448437E+3	1,048614E-1	3,448437E+3	7,297673E-1	3,448437E+3	1,116279E-1	3,448437E+3	7,001711E-1	3,448437E+3	1,278607E-1	3,448437E+3	6,790078E-1	3,448437E+3	1,333007E-1	3,448437E+3	6,457719E-1	3,448437E+3	1,256071E-1
3,450000E+3	7,467970E-1	3,450000E+3	1,137033E-1	3,450000E+3	7,433527E-1	3,450000E+3	1,064295E-1	3,450000E+3	7,378427E-1	3,450000E+3	1,045476E-1	3,450000E+3	7,300813E-1	3,450000E+3	1,101523E-1	3,450000E+3	7,018758E-1	3,450000E+3	1,242355E-1	3,450000E+3	6,791664E-1	3,450000E+3	1,326961E-1	3,450000E+3	6,424825E-1	3,450000E+3	1,184741E-1
3,451562E+3	7,452853E-1	3,451562E+3	1,143688E-1	3,451562E+3	7,434117E-1	3,451562E+3	1,061466E-1	3,451562E+3	7,378791E-1	3,451562E+3	1,048673E-1	3,451562E+3	7,293599E-1	3,451562E+3	1,105506E-1	3,451562E+3	7,040983E-1	3,451562E+3	1,261138E-1	3,451562E+3	6,796200E-1	3,451562E+3	1,277473E-1	3,451562E+3	6,491805E-1	3,451562E+3	1,098436E-1
3,453125E+3	7,461445E-1	3,453125E+3	1,093620E-1	3,453125E+3	7,410636E-1	3,453125E+3	1,048651E-1	3,453125E+3	7,373188E-1	3,453125E+3	1,021217E-1	3,453125E+3	7,253001E-1	3,453125E+3	1,096309E-1	3,453125E+3	7,027660E-1	3,453125E+3	1,282972E-1	3,453125E+3	6,814014E-1	3,453125E+3	1,253484E-1	3,453125E+3	6,388110E-1	3,453125E+3	1,120363E-1
3,454687E+3	7,437673E-1	3,454687E+3	1,104587E-1	3,454687E+3	7,390113E-1	3,454687E+3	1,037426E-1	3,454687E+3	7,368981E-1	3,454687E+3	1,023268E-1	3,454687E+3	7,282945E-1	3,454687E+3	1,116111E-1	3,454687E+3	7,018768E-1	3,454687E+3	1,289275E-1	3,454687E+3	6,798575E-1	3,454687E+3	1,287355E-1	3,454687E+3	6,391736E-1	3,454687E+3	1,157766E-1
3,456250E+3	7,415516E-1	3,456250E+3	1,138907E-1	3,456250E+3	7,400234E-1	3,456250E+3	1,070433E-1	3,456250E+3	7,355705E-1	3,456250E+3	1,024622E-1	3,456250E+3	7,277387E-1	3,456250E+3	1,101083E-1	3,456250E+3	6,991592E-1	3,456250E+3	1,308627E-1	3,456250E+3	6,757377E-1	3,456250E+3	1,275856E-1	3,456250E+3	6,434832E-1	3,456250E+3	1,102960E-1
3,457812E+3	7,442354E-1	3,457812E+3	1,073743E-1	3,457812E+3	7,398213E-1	3,457812E+3	1,031023E-1	3,457812E+3	7,342856E-1	3,457812E+3	1,025090E-1	3,457812E+3	7,245570E-1	3,457812E+3	1,062656E-1	3,457812E+3	6,999268E-1	3,457812E+3	1,273298E-1	3,457812E+3	6,698559E-1	3,457812E+3	1,279499E-1	3,457812E+3	6,448901E-1	3,457812E+3	1,141456E-1
3,459375E+3	7,433797E-1	3,459375E+3	1,095107E-1	3,459375E+3	7,385060E-1	3,459375E+3	1,031702E-1	3,459375E+3	7,335233E-1	3,459375E+3	1,004586E-1	3,459375E+3	7,249200E-1	3,459375E+3	1,072302E-1	3,459375E+3	7,008714E-1	3,459375E+3	1,236827E-1	3,459375E+3	6,729554E-1	3,459375E+3	1,273620E-1	3,459375E+3	6,439132E-1	3,459375E+3	1,227331E-1
3,460937E+3	7,421061E-1	3,460937E+3	1,097147E-1	3,460937E+3	7,379613E-1	3,460937E+3	1,032571E-1	3,460937E+3	7,310024E-1	3,460937E+3	1,011619E-1	3,460937E+3	7,229401E-1	3,460937E+3	1,079718E-1	3,460937E+3	7,014698E-1	3,460937E+3	1,224950E-1	3,460937E+3	6,736151E-1	3,460937E+3	1,262937E-1	3,460937E+3	6,469122E-1	3,460937E+3	1,266348E-1
3,462500E+3	7,434038E-1	3,462500E+3	1,092837E-1	3,462500E+3	7,378561E-1	3,462500E+3	1,049085E-1	3,462500E+3	7,303647E-1	3,462500E+3	1,002955E-1	3,462500E+3	7,217056E-1	3,462500E+3	1,062841E-1	3,462500E+3	7,055620E-1	3,462500E+3	1,235464E-1	3,462500E+3	6,791782E-1	3,462500E+3	1,291157E-1	3,462500E+3	6,524287E-1	3,462500E+3	1,236852E-1
3,464062E+3	7,433179E-1	3,464062E+3	1,095499E-1	3,464062E+3	7,359615E-1	3,464062E+3	1,025818E-1	3,464062E+3	7,302121E-1	3,464062E+3	9,870127E-2	3,464062E+3	7,201356E-1	3,464062E+3	1,060757E-1	3,464062E+3	7,031403E-1	3,464062E+3	1,253321E-1	3,464062E+3	6,790658E-1	3,464062E+3	1,298398E-1	3,464062E+3	6,423291E-1	3,464062E+3	1,173008E-1
3,465625E+3	7,436200E-1	3,465625E+3	1,102988E-1	3,465625E+3	7,343553E-1	3,465625E+3	1,047756E-1	3,465625E+3	7,294107E-1	3,465625E+3	1,029089E-1	3,465625E+3	7,193531E-1	3,465625E+3	1,069418E-1	3,465625E+3	7,001706E-1	3,465625E+3	1,254236E-1	3,465625E+3	6,763579E-1	3,465625E+3	1,298630E-1	3,465625E+3	6,453276E-1	3,465625E+3	1,057985E-1
3,467187E+3	7,436134E-1	3,467187E+3	1,088757E-1	3,467187E+3	7,329295E-1	3,467187E+3	1,016238E-1	3,467187E+3	7,278667E-1	3,467187E+3	9,964081E-2	3,467187E+3	7,185818E-1	3,467187E+3	1,087925E-1	3,467187E+3	6,967156E-1	3,467187E+3	1,238167E-1	3,467187E+3	6,726108E-1	3,467187E+3	1,290010E-1	3,467187E+3	6,487925E-1	3,467187E+3	1,129632E-1
3,468750E+3	7,421472E-1	3,468750E+3	1,095588E-1	3,468750E+3	7,346244E-1	3,468750E+3	1,022445E-1	3,468750E+3	7,284763E-1	3,468750E+3	9,942990E-2	3,468750E+3	7,192626E-1	3,468750E+3	1,063214E-1	3,468750E+3	7,007029E-1	3,468750E+3	1,245299E-1	3,468750E+3	6,704759E-1	3,468750E+3	1,289139E-1	3,468750E+3	6,540547E-1	3,468750E+3	1,132799E-1
3,470312E+3	7,422425E-1	3,470312E+3	1,077142E-1	3,470312E+3	7,351133E-1	3,470312E+3	1,034822E-1	3,470312E+3	7,295520E-1	3,470312E+3	9,930157E-2	3,470312E+3	7,190924E-1	3,470312E+3	1,089904E-1	3,470312E+3	7,014379E-1	3,470312E+3	1,259958E-1	3,470312E+3	6,717002E-1	3,470312E+3	1,290643E-1	3,470312E+3	6,492001E-1	3,470312E+3	1,265500E-1
3,471875E+3	7,409672E-1	3,471875E+3	1,091409E-1	3,471875E+3	7,321182E-1	3,471875E+3	1,015781E-1	3,471875E+3	7,287631E-1	3,471875E+3	1,003754E-1	3,471875E+3	7,169779E-1	3,471875E+3	1,071135E-1	3,471875E+3	7,005170E-1	3,471875E+3	1,293430E-1	3,471875E+3	6,718344E-1	3,471875E+3	1,315756E-1	3,471875E+3	6,421159E-1	3,471875E+3	1,241406E-1
3,473437E+3	7,392883E-1	3,473437E+3	1,071437E-1	3,473437E+3	7,322652E-1	3,473437E+3	1,031438E-1	3,473437E+3	7,267308E-1	3,473437E+3	9,982293E-2	3,473437E+3	7,157028E-1	3,473437E+3	1,057493E-1	3,473437E+3	6,987132E-1	3,473437E+3	1,279996E-1	3,473437E+3	6,735251E-1	3,473437E+3	1,351302E-1	3,473437E+3	6,459692E-1	3,473437E+3	1,208433E-1
3,475000E+3	7,393719E-1	3,475000E+3	1,035394E-1	3,475000E+3	7,316052E-1	3,475000E+3	1,021556E-1	3,475000E+3	7,266869E-1	3,475000E+3	1,020206E-1	3,475000E+3	7,177766E-1	3,475000E+3	1,065061E-1	3,475000E+3	6,992596E-1	3,475000E+3	1,247750E-1	3,475000E+3	6,771421E-1	3,475000E+3	1,310599E-1	3,475000E+3	6,428555E-1	3,475000E+3	1,248224E-1
3,476562E+3	7,404859E-1	3,476562E+3	1,041658E-1	3,476562E+3	7,327971E-1	3,476562E+3	1,023379E-1	3,476562E+3	7,274760E-1	3,476562E+3	9,976340E-2	3,476562E+3	7,183005E-1	3,476562E+3	1,082359E-1	3,476562E+3	6,994983E-1	3,476562E+3	1,257927E-1	3,476562E+3	6,776236E-1	3,476562E+3	1,332889E-1	3,476562E+3	6,455180E-1	3,476562E+3	1,275380E-1
3,478125E+3	7,424161E-1	3,478125E+3	1,017910E-1	3,478125E+3	7,330717E-1	3,478125E+3	9,849133E-2	3,478125E+3	7,269294E-1	3,478125E+3	1,000265E-1	3,478125E+3	7,159072E-1	3,478125E+3	1,056237E-1	3,478125E+3	7,002250E-1	3,478125E+3	1,265606E-1	3,478125E+3	6,731576E-1	3,478125E+3	1,328445E-1	3,478125E+3	6,465428E-1	3,478125E+3	1,228660E-1
3,479687E+3	7,422625E-1	3,479687E+3	9,711294E-2	3,479687E+3	7,324260E-1	3,479687E+3	1,025205E-1	3,479687E+3	7,276295E-1	3,479687E+3	9,836911E-2	3,479687E+3	7,171195E-1	3,479687E+3	1,071722E-1	3,479687E+3	7,007082E-1	3,479687E+3	1,280557E-1	3,479687E+3	6,756494E-1	3,479687E+3	1,290232E-1	3,479687E+3	6,463757E-1	3,479687E+3	1,278819E-1
3,481250E+3	7,410661E-1	3,481250E+3	1,029466E-1	3,481250E+3	7,314828E-1	3,481250E+3	1,001900E-1	3,481250E+3	7,255485E-1	3,481250E+3	9,940217E-2	3,481250E+3	7,165334E-1	3,481250E+3	1,057105E-1	3,481250E+3	6,961818E-1	3,481250E+3	1,262157E-1	3,481250E+3	6,749047E-1	3,481250E+3	1,323951E-1	3,481250E+3	6,390971E-1	3,481250E+3	1,184579E-1
3,482812E+3	7,391143E-1	3,482812E+3	1,090789E-1	3,482812E+3	7,340681E-1	3,482812E+3	9,874791E-2	3,482812E+3	7,237290E-1	3,482812E+3	9,937143E-2	3,482812E+3	7,148358E-1	3,482812E+3	1,085030E-1	3,482812E+3	6,984134E-1	3,482812E+3	1,239969E-1	3,482812E+3	6,744154E-1	3,482812E+3	1,280118E-1	3,482812E+3	6,370476E-1	3,482812E+3	1,137188E-1
3,484375E+3	7,411003E-1	3,484375E+3	1,011091E-1	3,484375E+3	7,343238E-1	3,484375E+3	1,003091E-1	3,484375E+3	7,250584E-1	3,484375E+3	9,840010E-2	3,484375E+3	7,160048E-1	3,484375E+3	1,067097E-1	3,484375E+3	7,001977E-1	3,484375E+3	1,257264E-1	3,484375E+3	6,757969E-1	3,484375E+3	1,256112E-1	3,484375E+3	6,319765E-1	3,484375E+3	1,202021E-1
3,485937E+3	7,395792E-1	3,485937E+3	1,054592E-1	3,485937E+3	7,316110E-1	3,485937E+3	9,960144E-2	3,485937E+3	7,264513E-1	3,485937E+3	9,870496E-2	3,485937E+3	7,174021E-1	3,485937E+3	1,071585E-1	3,485937E+3	6,995339E-1	3,485937E+3	1,286537E-1	3,485937E+3	6,776791E-1	3,485937E+3	1,308634E-1	3,485937E+3	6,448418E-1	3,485937E+3	1,228285E-1
3,487500E+3	7,376224E-1	3,487500E+3	1,043296E-1	3,487500E+3	7,315884E-1	3,487500E+3	9,499864E-2	3,487500E+3	7,266903E-1	3,487500E+3	9,598776E-2	3,487500E+3	7,177970E-1	3,487500E+3	1,047930E-1	3,487500E+3	6,978617E-1	3,487500E+3	1,267242E-1	3,487500E+3	6,779921E-1	3,487500E+3	1,368719E-1	3,487500E+3	6,539577E-1	3,487500E+3	1,305038E-1
3,489062E+3	7,369261E-1	3,489062E+3	9,496874E-2	3,489062E+3	7,323259E-1	3,489062E+3	9,719614E-2	3,489062E+3	7,263052E-1	3,489062E+3	9,616863E-2	3,489062E+3	7,145104E-1	3,489062E+3	1,069655E-1	3,489062E+3	6,967392E-1	3,489062E+3	1,239501E-1	3,489062E+3	6,824889E-1	3,489062E+3	1,318900E-1	3,489062E+3	6,457093E-1	3,489062E+3	1,200961E-1
3,490625E+3	7,386075E-1	3,490625E+3	9,278986E-2	3,490625E+3	7,325983E-1	3,490625E+3	9,608294E-2	3,490625E+3	7,251248E-1	3,490625E+3	9,541236E-2	3,490625E+3	7,139082E-1	3,490625E+3	1,048006E-1	3,490625E+3	7,010949E-1	3,490625E+3	1,222880E-1	3,490625E+3	6,769787E-1	3,490625E+3	1,307128E-1	3,490625E+3	6,443516E-1	3,490625E+3	1,196938E-1
3,492187E+3	7,355764E-1	3,492187E+3	9,354944E-2	3,492187E+3	7,329729E-1	3,492187E+3	9,440822E-2	3,492187E+3	7,227551E-1	3,492187E+3	9,424867E-2	3,492187E+3	7,143475E-1	3,492187E+3	1,052317E-1	3,492187E+3	7,009154E-1	3,492187E+3	1,219872E-1	3,492187E+3	6,744251E-1	3,492187E+3	1,288759E-1	3,492187E+3	6,396247E-1	3,492187E+3	1,236713E-1
3,493750E+3	7,383767E-1	3,493750E+3	9,249541E-2	3,493750E+3	7,314244E-1	3,493750E+3	9,438035E-2	3,493750E+3	7,227375E-1	3,493750E+3	9,332281E-2	3,493750E+3	7,142286E-1	3,493750E+3	1,051493E-1	3,493750E+3	6,972198E-1	3,493750E+3	1,254122E-1	3,493750E+3	6,703781E-1	3,493750E+3	1,295447E-1	3,493750E+3	6,365065E-1	3,493750E+3	1,272150E-1
3,495312E+3	7,380613E-1	3,495312E+3	9,627168E-2	3,495312E+3	7,292706E-1	3,495312E+3	9,174450E-2	3,495312E+3	7,226142E-1	3,495312E+3	9,272706E-2	3,495312E+3	7,133821E-1	3,495312E+3	1,042443E-1	3,495312E+3	6,986063E-1	3,495312E+3	1,204678E-1	3,495312E+3	6,709398E-1	3,495312E+3	1,313847E-1	3,495312E+3	6,575611E-1	3,495312E+3	1,236823E-1
3,496875E+3	7,363722E-1	3,496875E+3	8,726814E-2	3,496875E+3	7,301209E-1	3,496875E+3	8,910339E-2	3,496875E+3	7,213856E-1	3,496875E+3	9,088620E-2	3,496875E+3	7,134663E-1	3,496875E+3	1,034334E-1	3,496875E+3	6,977270E-1	3,496875E+3	1,204179E-1	3,496875E+3	6,757309E-1	3,496875E+3	1,336167E-1	3,496875E+3	6,594389E-1	3,496875E+3	1,259127E-1
3,498437E+3	7,329131E-1	3,498437E+3	8,847020E-2	3,498437E+3	7,288621E-1	3,498437E+3	8,991892E-2	3,498437E+3	7,206081E-1	3,498437E+3	8,971165E-2	3,498437E+3	7,116838E-1	3,498437E+3	1,036535E-1	3,498437E+3	6,998725E-1	3,498437E+3	1,244356E-1	3,498437E+3	6,742367E-1	3,498437E+3	1,327181E-1	3,498437E+3	6,523625E-1	3,498437E+3	1,310754E-1
3,500000E+3	7,309031E-1	3,500000E+3	8,244074E-2	3,500000E+3	7,246756E-1	3,500000E+3	8,843877E-2	3,500000E+3	7,208139E-1	3,500000E+3	8,910218E-2	3,500000E+3	7,115944E-1	3,500000E+3	9,924882E-2	3,500000E+3	7,002475E-1	3,500000E+3	1,204100E-1	3,500000E+3	6,767461E-1	3,500000E+3	1,344561E-1	3,500000E+3	6,570639E-1	3,500000E+3	1,342661E-1
3,501562E+3	7,294119E-1	3,501562E+3	8,290348E-2	3,501562E+3	7,222929E-1	3,501562E+3	8,645780E-2	3,501562E+3	7,190233E-1	3,501562E+3	8,719792E-2	3,501562E+3	7,115625E-1	3,501562E+3	9,814160E-2	3,501562E+3	7,007498E-1	3,501562E+3	1,223218E-1	3,501562E+3	6,740095E-1	3,501562E+3	1,332840E-1	3,501562E+3	6,455590E-1	3,501562E+3	1,282188E-1
3,503125E+3	7,248663E-1	3,503125E+3	8,606746E-2	3,503125E+3	7,246522E-1	3,503125E+3	8,392013E-2	3,503125E+3	7,176584E-1	3,503125E+3	8,713027E-2	3,503125E+3	7,092799E-1	3,503125E+3	9,831352E-2	3,503125E+3	6,966005E-1	3,503125E+3	1,242065E-1	3,503125E+3	6,791135E-1	3,503125E+3	1,263571E-1	3,503125E+3	6,467995E-1	3,503125E+3	1,284996E-1
3,504687E+3	7,235831E-1	3,504687E+3	8,355131E-2	3,504687E+3	7,213948E-1	3,504687E+3	8,559649E-2	3,504687E+3	7,180589E-1	3,504687E+3	8,643366E-2	3,504687E+3	7,080728E-1	3,504687E+3	9,822219E-2	3,504687E+3	6,974464E-1	3,504687E+3	1,252357E-1	3,504687E+3	6,910213E-1	3,504687E+3	1,178268E-1	3,504687E+3	6,536098E-1	3,504687E+3	1,161109E-1
3,506250E+3	7,237019E-1	3,506250E+3	8,216188E-2	3,506250E+3	7,180606E-1	3,506250E+3	8,334137E-2	3,506250E+3	7,181196E-1	3,506250E+3	8,272039E-2	3,506250E+3	7,087279E-1	3,506250E+3	9,890417E-2	3,506250E+3	7,010180E-1	3,506250E+3	1,201108E-1	3,506250E+3	6,826545E-1	3,506250E+3	1,327883E-1	3,506250E+3	6,551809E-1	3,506250E+3	1,160970E-1
3,507812E+3	7,202823E-1	3,507812E+3	8,229947E-2	3,507812E+3	7,183843E-1	3,507812E+3	8,357927E-2	3,507812E+3	7,141421E-1	3,507812E+3	8,306305E-2	3,507812E+3	7,073168E-1	3,507812E+3	9,461935E-2	3,507812E+3	6,953975E-1	3,507812E+3	1,230941E-1	3,507812E+3	6,759846E-1	3,507812E+3	1,323111E-1	3,507812E+3	6,587142E-1	3,507812E+3	1,169596E-1
3,509375E+3	7,183425E-1	3,509375E+3	8,742494E-2	3,509375E+3	7,177636E-1	3,509375E+3	8,432667E-2	3,509375E+3	7,110703E-1	3,509375E+3	8,300818E-2	3,509375E+3	7,059531E-1	3,509375E+3	9,451697E-2	3,509375E+3	6,914502E-1	3,509375E+3	1,246301E-1	3,509375E+3	6,779866E-1	3,509375E+3	1,296754E-1	3,509375E+3	6,482656E-1	3,509375E+3	1,184561E-1
3,510937E+3	7,183288E-1	3,510937E+3	8,379073E-2	3,510937E+3	7,162719E-1	3,510937E+3	8,137829E-2	3,510937E+3	7,104056E-1	3,510937E+3	8,265484E-2	3,510937E+3	7,042766E-1	3,510937E+3	9,374726E-2	3,510937E+3	6,923496E-1	3,510937E+3	1,190383E-1	3,510937E+3	6,785773E-1	3,510937E+3	1,243586E-1	3,510937E+3	6,553007E-1	3,510937E+3	1,418097E-1
3,512500E+3	7,132060E-1	3,512500E+3	8,498165E-2	3,512500E+3	7,122522E-1	3,512500E+3	8,056473E-2	3,512500E+3	7,065025E-1	3,512500E+3	8,018635E-2	3,512500E+3	7,008887E-1	3,512500E+3	9,350548E-2	3,512500E+3	6,917394E-1	3,512500E+3	1,204524E-1	3,512500E+3	6,779619E-1	3,512500E+3	1,275708E-1	3,512500E+3	6,434672E-1	3,512500E+3	1,404995E-1
3,514062E+3	7,128032E-1	3,514062E+3	7,983399E-2	3,514062E+3	7,108567E-1	3,514062E+3	7,886334E-2	3,514062E+3	7,073759E-1	3,514062E+3	8,173308E-2	3,514062E+3	7,026440E-1	3,514062E+3	9,109943E-2	3,514062E+3	6,920179E-1	3,514062E+3	1,196232E-1	3,514062E+3	6,781795E-1	3,514062E+3	1,310827E-1	3,514062E+3	6,489896E-1	3,514062E+3	1,244742E-1
3,515625E+3	7,108257E-1	3,515625E+3	7,933240E-2	3,515625E+3	7,099440E-1	3,515625E+3	7,786955E-2	3,515625E+3	7,062364E-1	3,515625E+3	7,977854E-2	3,515625E+3	7,010650E-1	3,515625E+3	8,839511E-2	3,515625E+3	6,916831E-1	3,515625E+3	1,197246E-1	3,515625E+3	6,766755E-1	3,515625E+3	1,325020E-1	3,515625E+3	6,519584E-1	3,515625E+3	1,187113E-1
3,517187E+3	7,090814E-1	3,517187E+3	7,926902E-2	3,517187E+3	7,093616E-1	3,517187E+3	7,908094E-2	3,517187E+3	7,040039E-1	3,517187E+3	7,855961E-2	3,517187E+3	6,959257E-1	3,517187E+3	9,213892E-2	3,517187E+3	6,882690E-1	3,517187E+3	1,211542E-1	3,517187E+3	6,780758E-1	3,517187E+3	1,399854E-1	3,517187E+3	6,659384E-1	3,517187E+3	1,240983E-1
3,518750E+3	7,087646E-1	3,518750E+3	8,005468E-2	3,518750E+3	7,086251E-1	3,518750E+3	7,761116E-2	3,518750E+3	7,019208E-1	3,518750E+3	7,823489E-2	3,518750E+3	6,944615E-1	3,518750E+3	8,821176E-2	3,518750E+3	6,918435E-1	3,518750E+3	1,152633E-1	3,518750E+3	6,782194E-1	3,518750E+3	1,358747E-1	3,518750E+3	6,633051E-1	3,518750E+3	1,092687E-1
3,520312E+3	7,118429E-1	3,520312E+3	7,738329E-2	3,520312E+3	7,029589E-1	3,520312E+3	7,781626E-2	3,520312E+3	7,001094E-1	3,520312E+3	8,001533E-2	3,520312E+3	6,933932E-1	3,520312E+3	8,746816E-2	3,520312E+3	6,925709E-1	3,520312E+3	1,131371E-1	3,520312E+3	6,821528E-1	3,520312E+3	1,296378E-1	3,520312E+3	6,592515E-1	3,520312E+3	1,154729E-1
3,521875E+3	7,110986E-1	3,521875E+3	7,513921E-2	3,521875E+3	7,022562E-1	3,521875E+3	7,486117E-2	3,521875E+3	6,974525E-1	3,521875E+3	7,790655E-2	3,521875E+3	6,944441E-1	3,521875E+3	9,158551E-2	3,521875E+3	6,898322E-1	3,521875E+3	1,157636E-1	3,521875E+3	6,818645E-1	3,521875E+3	1,298538E-1	3,521875E+3	6,566366E-1	3,521875E+3	1,214661E-1
3,523437E+3	7,055068E-1	3,523437E+3	7,781916E-2	3,523437E+3	6,995105E-1	3,523437E+3	7,631070E-2	3,523437E+3	6,931566E-1	3,523437E+3	7,890610E-2	3,523437E+3	6,917971E-1	3,523437E+3	8,857702E-2	3,523437E+3	6,864663E-1	3,523437E+3	1,157823E-1	3,523437E+3	6,830233E-1	3,523437E+3	1,404833E-1	3,523437E+3	6,614126E-1	3,523437E+3	1,085379E-1
3,525000E+3	7,018809E-1	3,525000E+3	7,875486E-2	3,525000E+3	6,965993E-1	3,525000E+3	7,865789E-2	3,525000E+3	6,907806E-1	3,525000E+3	7,874064E-2	3,525000E+3	6,880173E-1	3,525000E+3	8,912349E-2	3,525000E+3	6,869918E-1	3,525000E+3	1,181461E-1	3,525000E+3	6,719135E-1	3,525000E+3	1,320621E-1	3,525000E+3	6,555828E-1	3,525000E+3	1,153086E-1
3,526562E+3	7,010691E-1	3,526562E+3	7,385765E-2	3,526562E+3	6,939408E-1	3,526562E+3	7,800957E-2	3,526562E+3	6,910055E-1	3,526562E+3	7,945411E-2	3,526562E+3	6,872627E-1	3,526562E+3	9,179991E-2	3,526562E+3	6,860823E-1	3,526562E+3	1,185313E-1	3,526562E+3	6,701945E-1	3,526562E+3	1,241352E-1	3,526562E+3	6,470992E-1	3,526562E+3	1,274849E-1
3,528125E+3	7,004291E-1	3,528125E+3	8,147186E-2	3,528125E+3	6,926297E-1	3,528125E+3	7,657807E-2	3,528125E+3	6,890088E-1	3,528125E+3	7,791537E-2	3,528125E+3	6,827493E-1	3,528125E+3	9,309669E-2	3,528125E+3	6,879740E-1	3,528125E+3	1,232065E-1	3,528125E+3	6,820142E-1	3,528125E+3	1,332259E-1	3,528125E+3	6,494810E-1	3,528125E+3	1,248374E-1
3,529687E+3	7,001562E-1	3,529687E+3	8,336790E-2	3,529687E+3	6,909506E-1	3,529687E+3	7,896728E-2	3,529687E+3	6,830323E-1	3,529687E+3	8,041926E-2	3,529687E+3	6,811810E-1	3,529687E+3	9,212476E-2	3,529687E+3	6,854595E-1	3,529687E+3	1,196554E-1	3,529687E+3	6,851349E-1	3,529687E+3	1,271521E-1	3,529687E+3	6,703758E-1	3,529687E+3	1,396167E-1
3,531250E+3	6,980812E-1	3,531250E+3	7,697000E-2	3,531250E+3	6,880724E-1	3,531250E+3	7,683470E-2	3,531250E+3	6,819304E-1	3,531250E+3	8,074434E-2	3,531250E+3	6,788674E-1	3,531250E+3	9,100802E-2	3,531250E+3	6,822408E-1	3,531250E+3	1,157299E-1	3,531250E+3	6,674633E-1	3,531250E+3	1,240237E-1	3,531250E+3	6,753697E-1	3,531250E+3	1,249104E-1
3,532812E+3	6,895476E-1	3,532812E+3	7,562474E-2	3,532812E+3	6,852761E-1	3,532812E+3	7,734392E-2	3,532812E+3	6,792232E-1	3,532812E+3	7,922078E-2	3,532812E+3	6,754711E-1	3,532812E+3	9,158517E-2	3,532812E+3	6,793233E-1	3,532812E+3	1,151230E-1	3,532812E+3	6,608807E-1	3,532812E+3	1,223683E-1	3,532812E+3	6,540737E-1	3,532812E+3	1,269458E-1
3,534375E+3	6,833074E-1	3,534375E+3	8,171941E-2	3,534375E+3	6,798197E-1	3,534375E+3	7,923120E-2	3,534375E+3	6,787092E-1	3,534375E+3	7,827229E-2	3,534375E+3	6,730794E-1	3,534375E+3	8,871806E-2	3,534375E+3	6,707636E-1	3,534375E+3	1,179131E-1	3,534375E+3	6,688711E-1	3,534375E+3	1,207948E-1	3,534375E+3	6,348596E-1	3,534375E+3	1,284307E-1
3,535937E+3	6,791973E-1	3,535937E+3	8,473522E-2	3,535937E+3	6,778965E-1	3,535937E+3	7,921800E-2	3,535937E+3	6,759949E-1	3,535937E+3	7,991145E-2	3,535937E+3	6,712983E-1	3,535937E+3	9,302418E-2	3,535937E+3	6,740175E-1	3,535937E+3	1,198171E-1	3,535937E+3	6,737880E-1	3,535937E+3	1,264629E-1	3,535937E+3	6,576714E-1	3,535937E+3	1,118517E-1
3,537500E+3	6,825035E-1	3,537500E+3	8,144189E-2	3,537500E+3	6,773867E-1	3,537500E+3	7,823385E-2	3,537500E+3	6,735251E-1	3,537500E+3	7,961266E-2	3,537500E+3	6,706849E-1	3,537500E+3	9,634676E-2	3,537500E+3	6,783648E-1	3,537500E+3	1,195141E-1	3,537500E+3	6,706982E-1	3,537500E+3	1,220733E-1	3,537500E+3	6,679030E-1	3,537500E+3	1,330301E-1
3,539062E+3	6,779911E-1	3,539062E+3	7,457417E-2	3,539062E+3	6,737453E-1	3,539062E+3	7,790007E-2	3,539062E+3	6,704929E-1	3,539062E+3	8,163068E-2	3,539062E+3	6,656420E-1	3,539062E+3	9,229362E-2	3,539062E+3	6,700642E-1	3,539062E+3	1,211456E-1	3,539062E+3	6,593289E-1	3,539062E+3	1,292075E-1	3,539062E+3	6,466199E-1	3,539062E+3	1,440628E-1
3,540625E+3	6,788930E-1	3,540625E+3	8,068764E-2	3,540625E+3	6,729175E-1	3,540625E+3	7,887634E-2	3,540625E+3	6,685017E-1	3,540625E+3	8,309978E-2	3,540625E+3	6,642742E-1	3,540625E+3	9,234589E-2	3,540625E+3	6,659156E-1	3,540625E+3	1,234955E-1	3,540625E+3	6,654150E-1	3,540625E+3	1,221021E-1	3,540625E+3	6,516272E-1	3,540625E+3	1,155173E-1
3,542187E+3	6,768417E-1	3,542187E+3	8,827463E-2	3,542187E+3	6,708870E-1	3,542187E+3	8,080084E-2	3,542187E+3	6,644157E-1	3,542187E+3	8,181900E-2	3,542187E+3	6,625177E-1	3,542187E+3	9,551228E-2	3,542187E+3	6,633806E-1	3,542187E+3	1,227633E-1	3,542187E+3	6,662729E-1	3,542187E+3	1,271223E-1	3,542187E+3	6,290977E-1	3,542187E+3	1,055666E-1
3,543750E+3	6,757852E-1	3,543750E+3	8,524010E-2	3,543750E+3	6,681336E-1	3,543750E+3	8,306481E-2	3,543750E+3	6,636062E-1	3,543750E+3	8,425387E-2	3,543750E+3	6,609215E-1	3,543750E+3	9,523992E-2	3,543750E+3	6,653854E-1	3,543750E+3	1,171161E-1	3,543750E+3	6,702334E-1	3,543750E+3	1,388643E-1	3,543750E+3	6,471322E-1	3,543750E+3	1,012642E-1
3,545312E+3	6,693688E-1	3,545312E+3	8,179396E-2	3,545312E+3	6,656088E-1	3,545312E+3	8,331179E-2	3,545312E+3	6,607919E-1	3,545312E+3	8,615221E-2	3,545312E+3	6,582326E-1	3,545312E+3	9,680672E-2	3,545312E+3	6,656498E-1	3,545312E+3	1,218997E-1	3,545312E+3	6,666347E-1	3,545312E+3	1,323338E-1	3,545312E+3	6,482045E-1	3,545312E+3	1,181447E-1
3,546875E+3	6,639816E-1	3,546875E+3	8,325455E-2	3,546875E+3	6,619864E-1	3,546875E+3	8,247446E-2	3,546875E+3	6,563491E-1	3,546875E+3	8,521093E-2	3,546875E+3	6,546543E-1	3,546875E+3	9,769985E-2	3,546875E+3	6,664726E-1	3,546875E+3	1,199317E-1	3,546875E+3	6,508620E-1	3,546875E+3	1,333603E-1	3,546875E+3	6,537586E-1	3,546875E+3	1,230966E-1
3,548437E+3	6,705197E-1	3,548437E+3	8,780398E-2	3,548437E+3	6,601401E-1	3,548437E+3	8,448957E-2	3,548437E+3	6,536996E-1	3,548437E+3	8,691489E-2	3,548437E+3	6,525843E-1	3,548437E+3	9,901404E-2	3,548437E+3	6,634330E-1	3,548437E+3	1,214598E-1	3,548437E+3	6,582918E-1	3,548437E+3	1,284196E-1	3,548437E+3	6,502584E-1	3,548437E+3	1,209138E-1
3,550000E+3	6,748267E-1	3,550000E+3	9,262177E-2	3,550000E+3	6,580929E-1	3,550000E+3	8,297118E-2	3,550000E+3	6,504573E-1	3,550000E+3	8,757212E-2	3,550000E+3	6,509142E-1	3,550000E+3	1,007675E-1	3,550000E+3	6,592500E-1	3,550000E+3	1,184358E-1	3,550000E+3	6,708802E-1	3,550000E+3	1,124424E-1	3,550000E+3	6,385189E-1	3,550000E+3	1,280878E-1
3,551562E+3	6,693621E-1	3,551562E+3	8,671679E-2	3,551562E+3	6,556129E-1	3,551562E+3	8,634896E-2	3,551562E+3	6,509337E-1	3,551562E+3	9,133735E-2	3,551562E+3	6,496956E-1	3,551562E+3	1,024042E-1	3,551562E+3	6,695168E-1	3,551562E+3	1,237403E-1	3,551562E+3	6,737696E-1	3,551562E+3	1,214203E-1	3,551562E+3	6,502243E-1	3,551562E+3	1,328917E-1
3,553125E+3	6,594389E-1	3,553125E+3	8,390890E-2	3,553125E+3	6,535537E-1	3,553125E+3	8,826194E-2	3,553125E+3	6,462550E-1	3,553125E+3	8,921447E-2	3,553125E+3	6,452778E-1	3,553125E+3	1,021708E-1	3,553125E+3	6,648094E-1	3,553125E+3	1,267205E-1	3,553125E+3	6,695892E-1	3,553125E+3	1,301724E-1	3,553125E+3	6,647819E-1	3,553125E+3	1,352838E-1
3,554687E+3	6,583329E-1	3,554687E+3	8,697779E-2	3,554687E+3	6,512255E-1	3,554687E+3	8,786128E-2	3,554687E+3	6,451071E-1	3,554687E+3	9,113768E-2	3,554687E+3	6,433313E-1	3,554687E+3	1,009693E-1	3,554687E+3	6,587623E-1	3,554687E+3	1,283579E-1	3,554687E+3	6,562523E-1	3,554687E+3	1,389486E-1	3,554687E+3	6,527075E-1	3,554687E+3	1,240232E-1
3,556250E+3	6,577635E-1	3,556250E+3	9,122195E-2	3,556250E+3	6,476512E-1	3,556250E+3	9,006389E-2	3,556250E+3	6,415525E-1	3,556250E+3	9,343438E-2	3,556250E+3	6,393872E-1	3,556250E+3	1,049422E-1	3,556250E+3	6,536820E-1	3,556250E+3	1,245837E-1	3,556250E+3	6,597673E-1	3,556250E+3	1,387102E-1	3,556250E+3	6,568090E-1	3,556250E+3	1,172518E-1
3,557812E+3	6,547520E-1	3,557812E+3	9,299199E-2	3,557812E+3	6,447769E-1	3,557812E+3	8,921287E-2	3,557812E+3	6,406919E-1	3,557812E+3	9,408356E-2	3,557812E+3	6,400094E-1	3,557812E+3	1,077235E-1	3,557812E+3	6,534127E-1	3,557812E+3	1,279001E-1	3,557812E+3	6,616451E-1	3,557812E+3	1,304424E-1	3,557812E+3	6,630734E-1	3,557812E+3	1,328753E-1
3,559375E+3	6,573444E-1	3,559375E+3	9,168709E-2	3,559375E+3	6,425956E-1	3,559375E+3	9,189093E-2	3,559375E+3	6,376231E-1	3,559375E+3	9,308639E-2	3,559375E+3	6,395298E-1	3,559375E+3	1,107046E-1	3,559375E+3	6,560752E-1	3,559375E+3	1,275019E-1	3,559375E+3	6,653514E-1	3,559375E+3	1,310349E-1	3,559375E+3	6,528083E-1	3,559375E+3	1,314602E-1
3,560937E+3	6,492629E-1	3,560937E+3	9,033083E-2	3,560937E+3	6,418008E-1	3,560937E+3	9,548153E-2	3,560937E+3	6,357215E-1	3,560937E+3	9,759491E-2	3,560937E+3	6,373218E-1	3,560937E+3	1,115833E-1	3,560937E+3	6,606180E-1	3,560937E+3	1,334784E-1	3,560937E+3	6,593787E-1	3,560937E+3	1,453358E-1	3,560937E+3	6,741920E-1	3,560937E+3	1,205601E-1
3,562500E+3	6,435712E-1	3,562500E+3	9,333547E-2	3,562500E+3	6,369264E-1	3,562500E+3	9,769981E-2	3,562500E+3	6,338283E-1	3,562500E+3	9,914878E-2	3,562500E+3	6,355881E-1	3,562500E+3	1,115816E-1	3,562500E+3	6,568262E-1	3,562500E+3	1,385516E-1	3,562500E+3	6,652166E-1	3,562500E+3	1,454010E-1	3,562500E+3	6,644264E-1	3,562500E+3	1,423436E-1
3,564062E+3	6,473136E-1	3,564062E+3	9,679605E-2	3,564062E+3	6,337752E-1	3,564062E+3	9,857526E-2	3,564062E+3	6,311135E-1	3,564062E+3	1,013703E-1	3,564062E+3	6,311045E-1	3,564062E+3	1,158929E-1	3,564062E+3	6,531760E-1	3,564062E+3	1,384893E-1	3,564062E+3	6,612396E-1	3,564062E+3	1,333132E-1	3,564062E+3	6,580792E-1	3,564062E+3	1,311880E-1
3,565625E+3	6,442536E-1	3,565625E+3	9,913349E-2	3,565625E+3	6,323971E-1	3,565625E+3	1,014949E-1	3,565625E+3	6,265861E-1	3,565625E+3	1,031602E-1	3,565625E+3	6,261928E-1	3,565625E+3	1,145722E-1	3,565625E+3	6,551841E-1	3,565625E+3	1,361759E-1	3,565625E+3	6,579257E-1	3,565625E+3	1,457497E-1	3,565625E+3	6,564403E-1	3,565625E+3	1,120673E-1
3,567187E+3	6,379112E-1	3,567187E+3	1,003331E-1	3,567187E+3	6,291661E-1	3,567187E+3	1,029174E-1	3,567187E+3	6,229973E-1	3,567187E+3	1,051497E-1	3,567187E+3	6,227743E-1	3,567187E+3	1,155704E-1	3,567187E+3	6,547800E-1	3,567187E+3	1,415345E-1	3,567187E+3	6,536247E-1	3,567187E+3	1,414090E-1	3,567187E+3	6,539798E-1	3,567187E+3	1,328710E-1
3,568750E+3	6,358392E-1	3,568750E+3	9,719415E-2	3,568750E+3	6,270733E-1	3,568750E+3	1,035807E-1	3,568750E+3	6,214979E-1	3,568750E+3	1,066462E-1	3,568750E+3	6,247283E-1	3,568750E+3	1,179352E-1	3,568750E+3	6,460778E-1	3,568750E+3	1,419543E-1	3,568750E+3	6,512450E-1	3,568750E+3	1,394907E-1	3,568750E+3	6,575904E-1	3,568750E+3	1,339690E-1
3,570312E+3	6,381303E-1	3,570312E+3	1,013830E-1	3,570312E+3	6,264712E-1	3,570312E+3	1,073621E-1	3,570312E+3	6,188895E-1	3,570312E+3	1,097188E-1	3,570312E+3	6,222343E-1	3,570312E+3	1,246575E-1	3,570312E+3	6,406083E-1	3,570312E+3	1,405687E-1	3,570312E+3	6,557947E-1	3,570312E+3	1,481595E-1	3,570312E+3	6,519802E-1	3,570312E+3	1,390965E-1
3,571875E+3	6,338974E-1	3,571875E+3	1,058199E-1	3,571875E+3	6,214230E-1	3,571875E+3	1,101480E-1	3,571875E+3	6,172854E-1	3,571875E+3	1,127034E-1	3,571875E+3	6,213859E-1	3,571875E+3	1,242766E-1	3,571875E+3	6,424822E-1	3,571875E+3	1,473624E-1	3,571875E+3	6,476612E-1	3,571875E+3	1,428006E-1	3,571875E+3	6,567371E-1	3,571875E+3	1,221653E-1
3,573437E+3	6,279531E-1	3,573437E+3	9,942523E-2	3,573437E+3	6,211089E-1	3,573437E+3	1,122723E-1	3,573437E+3	6,148050E-1	3,573437E+3	1,143866E-1	3,573437E+3	6,200437E-1	3,573437E+3	1,259430E-1	3,573437E+3	6,485361E-1	3,573437E+3	1,448051E-1	3,573437E+3	6,570050E-1	3,573437E+3	1,394630E-1	3,573437E+3	6,639174E-1	3,573437E+3	1,248984E-1
3,575000E+3	6,293616E-1	3,575000E+3	1,046245E-1	3,575000E+3	6,182688E-1	3,575000E+3	1,137060E-1	3,575000E+3	6,120743E-1	3,575000E+3	1,152312E-1	3,575000E+3	6,169998E-1	3,575000E+3	1,269945E-1	3,575000E+3	6,469693E-1	3,575000E+3	1,472968E-1	3,575000E+3	6,594819E-1	3,575000E+3	1,442246E-1	3,575000E+3	6,532309E-1	3,575000E+3	1,347062E-1
3,576562E+3	6,239501E-1	3,576562E+3	1,082611E-1	3,576562E+3	6,146535E-1	3,576562E+3	1,176604E-1	3,576562E+3	6,100331E-1	3,576562E+3	1,190069E-1	3,576562E+3	6,152814E-1	3,576562E+3	1,290115E-1	3,576562E+3	6,441740E-1	3,576562E+3	1,495287E-1	3,576562E+3	6,503412E-1	3,576562E+3	1,498078E-1	3,576562E+3	6,370143E-1	3,576562E+3	1,258050E-1
3,578125E+3	6,171553E-1	3,578125E+3	1,147612E-1	3,578125E+3	6,108008E-1	3,578125E+3	1,188791E-1	3,578125E+3	6,062090E-1	3,578125E+3	1,207553E-1	3,578125E+3	6,123646E-1	3,578125E+3	1,321483E-1	3,578125E+3	6,344175E-1	3,578125E+3	1,478517E-1	3,578125E+3	6,448016E-1	3,578125E+3	1,486694E-1	3,578125E+3	6,316771E-1	3,578125E+3	1,321410E-1
3,579687E+3	6,165063E-1	3,579687E+3	1,176303E-1	3,579687E+3	6,083596E-1	3,579687E+3	1,189880E-1	3,579687E+3	6,037989E-1	3,579687E+3	1,228360E-1	3,579687E+3	6,095592E-1	3,579687E+3	1,326675E-1	3,579687E+3	6,407113E-1	3,579687E+3	1,530526E-1	3,579687E+3	6,554167E-1	3,579687E+3	1,508438E-1	3,579687E+3	6,454639E-1	3,579687E+3	1,451647E-1
3,581250E+3	6,133113E-1	3,581250E+3	1,223750E-1	3,581250E+3	6,063812E-1	3,581250E+3	1,240448E-1	3,581250E+3	6,019342E-1	3,581250E+3	1,266233E-1	3,581250E+3	6,053306E-1	3,581250E+3	1,363509E-1	3,581250E+3	6,428598E-1	3,581250E+3	1,492522E-1	3,581250E+3	6,565994E-1	3,581250E+3	1,581266E-1	3,581250E+3	6,419752E-1	3,581250E+3	1,355117E-1
3,582812E+3	6,159987E-1	3,582812E+3	1,250299E-1	3,582812E+3	6,036703E-1	3,582812E+3	1,289467E-1	3,582812E+3	6,002292E-1	3,582812E+3	1,299044E-1	3,582812E+3	6,044461E-1	3,582812E+3	1,413075E-1	3,582812E+3	6,403243E-1	3,582812E+3	1,494296E-1	3,582812E+3	6,510503E-1	3,582812E+3	1,652530E-1	3,582812E+3	6,547785E-1	3,582812E+3	1,274624E-1
3,584375E+3	6,089270E-1	3,584375E+3	1,254193E-1	3,584375E+3	6,030429E-1	3,584375E+3	1,263133E-1	3,584375E+3	5,982507E-1	3,584375E+3	1,301058E-1	3,584375E+3	6,019098E-1	3,584375E+3	1,423183E-1	3,584375E+3	6,392937E-1	3,584375E+3	1,505362E-1	3,584375E+3	6,522061E-1	3,584375E+3	1,649407E-1	3,584375E+3	6,465369E-1	3,584375E+3	1,365924E-1
3,585937E+3	6,047274E-1	3,585937E+3	1,276105E-1	3,585937E+3	6,037431E-1	3,585937E+3	1,294432E-1	3,585937E+3	5,966390E-1	3,585937E+3	1,331469E-1	3,585937E+3	6,007818E-1	3,585937E+3	1,442732E-1	3,585937E+3	6,381356E-1	3,585937E+3	1,585476E-1	3,585937E+3	6,598098E-1	3,585937E+3	1,585632E-1	3,585937E+3	6,582543E-1	3,585937E+3	1,355851E-1
3,587500E+3	6,059779E-1	3,587500E+3	1,313452E-1	3,587500E+3	5,999272E-1	3,587500E+3	1,322744E-1	3,587500E+3	5,939412E-1	3,587500E+3	1,375156E-1	3,587500E+3	5,985014E-1	3,587500E+3	1,471058E-1	3,587500E+3	6,301464E-1	3,587500E+3	1,607313E-1	3,587500E+3	6,572162E-1	3,587500E+3	1,535836E-1	3,587500E+3	6,529417E-1	3,587500E+3	1,524343E-1
3,589062E+3	6,063783E-1	3,589062E+3	1,367438E-1	3,589062E+3	5,958102E-1	3,589062E+3	1,365419E-1	3,589062E+3	5,916693E-1	3,589062E+3	1,412738E-1	3,589062E+3	5,951694E-1	3,589062E+3	1,513178E-1	3,589062E+3	6,266244E-1	3,589062E+3	1,592334E-1	3,589062E+3	6,482803E-1	3,589062E+3	1,705927E-1	3,589062E+3	6,569304E-1	3,589062E+3	1,458883E-1
3,590625E+3	6,032024E-1	3,590625E+3	1,364309E-1	3,590625E+3	5,943171E-1	3,590625E+3	1,371537E-1	3,590625E+3	5,896476E-1	3,590625E+3	1,409738E-1	3,590625E+3	5,952287E-1	3,590625E+3	1,526318E-1	3,590625E+3	6,243052E-1	3,590625E+3	1,603378E-1	3,590625E+3	6,539827E-1	3,590625E+3	1,657566E-1	3,590625E+3	6,452599E-1	3,590625E+3	1,399296E-1
3,592187E+3	6,027743E-1	3,592187E+3	1,336427E-1	3,592187E+3	5,907946E-1	3,592187E+3	1,408376E-1	3,592187E+3	5,874369E-1	3,592187E+3	1,452023E-1	3,592187E+3	5,923727E-1	3,592187E+3	1,569616E-1	3,592187E+3	6,276449E-1	3,592187E+3	1,638965E-1	3,592187E+3	6,480222E-1	3,592187E+3	1,592107E-1	3,592187E+3	6,464142E-1	3,592187E+3	1,480286E-1
3,593750E+3	5,974579E-1	3,593750E+3	1,372099E-1	3,593750E+3	5,877311E-1	3,593750E+3	1,442544E-1	3,593750E+3	5,855523E-1	3,593750E+3	1,490673E-1	3,593750E+3	5,910613E-1	3,593750E+3	1,592142E-1	3,593750E+3	6,212185E-1	3,593750E+3	1,708490E-1	3,593750E+3	6,408489E-1	3,593750E+3	1,564441E-1	3,593750E+3	6,404467E-1	3,593750E+3	1,542239E-1
3,595312E+3	5,961689E-1	3,595312E+3	1,403927E-1	3,595312E+3	5,886705E-1	3,595312E+3	1,484367E-1	3,595312E+3	5,842882E-1	3,595312E+3	1,529188E-1	3,595312E+3	5,917557E-1	3,595312E+3	1,631726E-1	3,595312E+3	6,221239E-1	3,595312E+3	1,718001E-1	3,595312E+3	6,474689E-1	3,595312E+3	1,599865E-1	3,595312E+3	6,528608E-1	3,595312E+3	1,477156E-1
3,596875E+3	5,940556E-1	3,596875E+3	1,480536E-1	3,596875E+3	5,882899E-1	3,596875E+3	1,504649E-1	3,596875E+3	5,819956E-1	3,596875E+3	1,533012E-1	3,596875E+3	5,887629E-1	3,596875E+3	1,621864E-1	3,596875E+3	6,240606E-1	3,596875E+3	1,713170E-1	3,596875E+3	6,500684E-1	3,596875E+3	1,720623E-1	3,596875E+3	6,546734E-1	3,596875E+3	1,306632E-1
3,598437E+3	5,900545E-1	3,598437E+3	1,456443E-1	3,598437E+3	5,843275E-1	3,598437E+3	1,520764E-1	3,598437E+3	5,802159E-1	3,598437E+3	1,565226E-1	3,598437E+3	5,878638E-1	3,598437E+3	1,663105E-1	3,598437E+3	6,213087E-1	3,598437E+3	1,724113E-1	3,598437E+3	6,420653E-1	3,598437E+3	1,741001E-1	3,598437E+3	6,619994E-1	3,598437E+3	1,435120E-1
3,600000E+3	5,882734E-1	3,600000E+3	1,467730E-1	3,600000E+3	5,813533E-1	3,600000E+3	1,568794E-1	3,600000E+3	5,779165E-1	3,600000E+3	1,609276E-1	3,600000E+3	5,848974E-1	3,600000E+3	1,683462E-1	3,600000E+3	6,162395E-1	3,600000E+3	1,704467E-1	3,600000E+3	6,319712E-1	3,600000E+3	1,772129E-1	3,600000E+3	6,631984E-1	3,600000E+3	1,394745E-1
3,601562E+3	5,870078E-1	3,601562E+3	1,527699E-1	3,601562E+3	5,797437E-1	3,601562E+3	1,591937E-1	3,601562E+3	5,750696E-1	3,601562E+3	1,640625E-1	3,601562E+3	5,830963E-1	3,601562E+3	1,691435E-1	3,601562E+3	6,200645E-1	3,601562E+3	1,753318E-1	3,601562E+3	6,325382E-1	3,601562E+3	1,708878E-1	3,601562E+3	6,388356E-1	3,601562E+3	1,471890E-1
3,603125E+3	5,817345E-1	3,603125E+3	1,553401E-1	3,603125E+3	5,776781E-1	3,603125E+3	1,617043E-1	3,603125E+3	5,716814E-1	3,603125E+3	1,661879E-1	3,603125E+3	5,806205E-1	3,603125E+3	1,734812E-1	3,603125E+3	6,199837E-1	3,603125E+3	1,786817E-1	3,603125E+3	6,328110E-1	3,603125E+3	1,676184E-1	3,603125E+3	6,377003E-1	3,603125E+3	1,752743E-1
3,604687E+3	5,807835E-1	3,604687E+3	1,596413E-1	3,604687E+3	5,753091E-1	3,604687E+3	1,640179E-1	3,604687E+3	5,730019E-1	3,604687E+3	1,695031E-1	3,604687E+3	5,789257E-1	3,604687E+3	1,771795E-1	3,604687E+3	6,162262E-1	3,604687E+3	1,811748E-1	3,604687E+3	6,393045E-1	3,604687E+3	1,712019E-1	3,604687E+3	6,424609E-1	3,604687E+3	1,673204E-1
3,606250E+3	5,813664E-1	3,606250E+3	1,636724E-1	3,606250E+3	5,746587E-1	3,606250E+3	1,676901E-1	3,606250E+3	5,731236E-1	3,606250E+3	1,733258E-1	3,606250E+3	5,815560E-1	3,606250E+3	1,808428E-1	3,606250E+3	6,157206E-1	3,606250E+3	1,792992E-1	3,606250E+3	6,403014E-1	3,606250E+3	1,750067E-1	3,606250E+3	6,554672E-1	3,606250E+3	1,635609E-1
3,607812E+3	5,799912E-1	3,607812E+3	1,648038E-1	3,607812E+3	5,717796E-1	3,607812E+3	1,733306E-1	3,607812E+3	5,701153E-1	3,607812E+3	1,773079E-1	3,607812E+3	5,781834E-1	3,607812E+3	1,856974E-1	3,607812E+3	6,185571E-1	3,607812E+3	1,796175E-1	3,607812E+3	6,424150E-1	3,607812E+3	1,772483E-1	3,607812E+3	6,576071E-1	3,607812E+3	1,660246E-1
3,609375E+3	5,798650E-1	3,609375E+3	1,632731E-1	3,609375E+3	5,701202E-1	3,609375E+3	1,746640E-1	3,609375E+3	5,676518E-1	3,609375E+3	1,802422E-1	3,609375E+3	5,743074E-1	3,609375E+3	1,876554E-1	3,609375E+3	6,131287E-1	3,609375E+3	1,820681E-1	3,609375E+3	6,398247E-1	3,609375E+3	1,826350E-1	3,609375E+3	6,411757E-1	3,609375E+3	1,758756E-1
3,610937E+3	5,788921E-1	3,610937E+3	1,666673E-1	3,610937E+3	5,701424E-1	3,610937E+3	1,788418E-1	3,610937E+3	5,665468E-1	3,610937E+3	1,841392E-1	3,610937E+3	5,740149E-1	3,610937E+3	1,915956E-1	3,610937E+3	6,166807E-1	3,610937E+3	1,872903E-1	3,610937E+3	6,302684E-1	3,610937E+3	1,858303E-1	3,610937E+3	6,426448E-1	3,610937E+3	1,792084E-1
3,612500E+3	5,754644E-1	3,612500E+3	1,749413E-1	3,612500E+3	5,675942E-1	3,612500E+3	1,815103E-1	3,612500E+3	5,654665E-1	3,612500E+3	1,871817E-1	3,612500E+3	5,735591E-1	3,612500E+3	1,929516E-1	3,612500E+3	6,148396E-1	3,612500E+3	1,931551E-1	3,612500E+3	6,410428E-1	3,612500E+3	1,878587E-1	3,612500E+3	6,476681E-1	3,612500E+3	1,662986E-1
3,614062E+3	5,746300E-1	3,614062E+3	1,779898E-1	3,614062E+3	5,666801E-1	3,614062E+3	1,849902E-1	3,614062E+3	5,628703E-1	3,614062E+3	1,897969E-1	3,614062E+3	5,736408E-1	3,614062E+3	1,967780E-1	3,614062E+3	6,092759E-1	3,614062E+3	1,911772E-1	3,614062E+3	6,418995E-1	3,614062E+3	1,838330E-1	3,614062E+3	6,531695E-1	3,614062E+3	1,640023E-1
3,615625E+3	5,728967E-1	3,615625E+3	1,809362E-1	3,615625E+3	5,647521E-1	3,615625E+3	1,893583E-1	3,615625E+3	5,623906E-1	3,615625E+3	1,953315E-1	3,615625E+3	5,718874E-1	3,615625E+3	2,003955E-1	3,615625E+3	6,096409E-1	3,615625E+3	1,879666E-1	3,615625E+3	6,371250E-1	3,615625E+3	1,837146E-1	3,615625E+3	6,460046E-1	3,615625E+3	1,659874E-1
3,617187E+3	5,705770E-1	3,617187E+3	1,882320E-1	3,617187E+3	5,633542E-1	3,617187E+3	1,944186E-1	3,617187E+3	5,613214E-1	3,617187E+3	2,002088E-1	3,617187E+3	5,695341E-1	3,617187E+3	2,053352E-1	3,617187E+3	6,112980E-1	3,617187E+3	1,955764E-1	3,617187E+3	6,298364E-1	3,617187E+3	1,910543E-1	3,617187E+3	6,357274E-1	3,617187E+3	1,788879E-1
3,618750E+3	5,709592E-1	3,618750E+3	1,949311E-1	3,618750E+3	5,631022E-1	3,618750E+3	1,994828E-1	3,618750E+3	5,609190E-1	3,618750E+3	2,041027E-1	3,618750E+3	5,699793E-1	3,618750E+3	2,100383E-1	3,618750E+3	6,094296E-1	3,618750E+3	2,026707E-1	3,618750E+3	6,365247E-1	3,618750E+3	1,892927E-1	3,618750E+3	6,303911E-1	3,618750E+3	1,827617E-1
3,620312E+3	5,714582E-1	3,620312E+3	1,938324E-1	3,620312E+3	5,612569E-1	3,620312E+3	2,007694E-1	3,620312E+3	5,575189E-1	3,620312E+3	2,054563E-1	3,620312E+3	5,680480E-1	3,620312E+3	2,105328E-1	3,620312E+3	6,064632E-1	3,620312E+3	2,053911E-1	3,620312E+3	6,322867E-1	3,620312E+3	1,877784E-1	3,620312E+3	6,415072E-1	3,620312E+3	1,730984E-1
3,621875E+3	5,696650E-1	3,621875E+3	1,953972E-1	3,621875E+3	5,608263E-1	3,621875E+3	2,037288E-1	3,621875E+3	5,580516E-1	3,621875E+3	2,084529E-1	3,621875E+3	5,698302E-1	3,621875E+3	2,125299E-1	3,621875E+3	6,078316E-1	3,621875E+3	2,011228E-1	3,621875E+3	6,416293E-1	3,621875E+3	1,929013E-1	3,621875E+3	6,506838E-1	3,621875E+3	1,823487E-1
3,623437E+3	5,670007E-1	3,623437E+3	2,002577E-1	3,623437E+3	5,611445E-1	3,623437E+3	2,077216E-1	3,623437E+3	5,588758E-1	3,623437E+3	2,142566E-1	3,623437E+3	5,664521E-1	3,623437E+3	2,186232E-1	3,623437E+3	6,070094E-1	3,623437E+3	2,075410E-1	3,623437E+3	6,409336E-1	3,623437E+3	1,993240E-1	3,623437E+3	6,475296E-1	3,623437E+3	1,801434E-1
3,625000E+3	5,660070E-1	3,625000E+3	2,029753E-1	3,625000E+3	5,593735E-1	3,625000E+3	2,107921E-1	3,625000E+3	5,562467E-1	3,625000E+3	2,184907E-1	3,625000E+3	5,636829E-1	3,625000E+3	2,210258E-1	3,625000E+3	6,066700E-1	3,625000E+3	2,112370E-1	3,625000E+3	6,317725E-1	3,625000E+3	2,015480E-1	3,625000E+3	6,449508E-1	3,625000E+3	1,738989E-1
3,626562E+3	5,677547E-1	3,626562E+3	2,045647E-1	3,626562E+3	5,598839E-1	3,626562E+3	2,148846E-1	3,626562E+3	5,567006E-1	3,626562E+3	2,213136E-1	3,626562E+3	5,647619E-1	3,626562E+3	2,221987E-1	3,626562E+3	6,097681E-1	3,626562E+3	2,128254E-1	3,626562E+3	6,319847E-1	3,626562E+3	2,000924E-1	3,626562E+3	6,330091E-1	3,626562E+3	1,809045E-1
3,628125E+3	5,684775E-1	3,628125E+3	2,107506E-1	3,628125E+3	5,579641E-1	3,628125E+3	2,178944E-1	3,628125E+3	5,566121E-1	3,628125E+3	2,241500E-1	3,628125E+3	5,650302E-1	3,628125E+3	2,280861E-1	3,628125E+3	6,067171E-1	3,628125E+3	2,152609E-1	3,628125E+3	6,353125E-1	3,628125E+3	1,991890E-1	3,628125E+3	6,425012E-1	3,628125E+3	1,860134E-1
3,629687E+3	5,674421E-1	3,629687E+3	2,144418E-1	3,629687E+3	5,585368E-1	3,629687E+3	2,218012E-1	3,629687E+3	5,555636E-1	3,629687E+3	2,274706E-1	3,629687E+3	5,655146E-1	3,629687E+3	2,294380E-1	3,629687E+3	6,056865E-1	3,629687E+3	2,171955E-1	3,629687E+3	6,375059E-1	3,629687E+3	2,039764E-1	3,629687E+3	6,387518E-1	3,629687E+3	1,887182E-1
3,631250E+3	5,640767E-1	3,631250E+3	2,169134E-1	3,631250E+3	5,583969E-1	3,631250E+3	2,257619E-1	3,631250E+3	5,554709E-1	3,631250E+3	2,328821E-1	3,631250E+3	5,644197E-1	3,631250E+3	2,333946E-1	3,631250E+3	6,054338E-1	3,631250E+3	2,213736E-1	3,631250E+3	6,299666E-1	3,631250E+3	2,100201E-1	3,631250E+3	6,461843E-1	3,631250E+3	1,903701E-1
3,632812E+3	5,613025E-1	3,632812E+3	2,172310E-1	3,632812E+3	5,556490E-1	3,632812E+3	2,283534E-1	3,632812E+3	5,531319E-1	3,632812E+3	2,358993E-1	3,632812E+3	5,607480E-1	3,632812E+3	2,376765E-1	3,632812E+3	6,032348E-1	3,632812E+3	2,225255E-1	3,632812E+3	6,258159E-1	3,632812E+3	2,095385E-1	3,632812E+3	6,335714E-1	3,632812E+3	1,946290E-1
3,634375E+3	5,647174E-1	3,634375E+3	2,215010E-1	3,634375E+3	5,549587E-1	3,634375E+3	2,325992E-1	3,634375E+3	5,525924E-1	3,634375E+3	2,397734E-1	3,634375E+3	5,596401E-1	3,634375E+3	2,415428E-1	3,634375E+3	6,051948E-1	3,634375E+3	2,242727E-1	3,634375E+3	6,267314E-1	3,634375E+3	2,046254E-1	3,634375E+3	6,324897E-1	3,634375E+3	2,059394E-1
3,635937E+3	5,614231E-1	3,635937E+3	2,265805E-1	3,635937E+3	5,570588E-1	3,635937E+3	2,360381E-1	3,635937E+3	5,530864E-1	3,635937E+3	2,429826E-1	3,635937E+3	5,610791E-1	3,635937E+3	2,427535E-1	3,635937E+3	6,045813E-1	3,635937E+3	2,274152E-1	3,635937E+3	6,342247E-1	3,635937E+3	2,070585E-1	3,635937E+3	6,381352E-1	3,635937E+3	2,115024E-1
3,637500E+3	5,630529E-1	3,637500E+3	2,236078E-1	3,637500E+3	5,573218E-1	3,637500E+3	2,407134E-1	3,637500E+3	5,539830E-1	3,637500E+3	2,457909E-1	3,637500E+3	5,609365E-1	3,637500E+3	2,469585E-1	3,637500E+3	6,036028E-1	3,637500E+3	2,273968E-1	3,637500E+3	6,341553E-1	3,637500E+3	2,103480E-1	3,637500E+3	6,294883E-1	3,637500E+3	2,082136E-1
3,639062E+3	5,629680E-1	3,639062E+3	2,283523E-1	3,639062E+3	5,557168E-1	3,639062E+3	2,420573E-1	3,639062E+3	5,526654E-1	3,639062E+3	2,480912E-1	3,639062E+3	5,608184E-1	3,639062E+3	2,515466E-1	3,639062E+3	6,009419E-1	3,639062E+3	2,328557E-1	3,639062E+3	6,312742E-1	3,639062E+3	2,169751E-1	3,639062E+3	6,332415E-1	3,639062E+3	1,958665E-1
3,640625E+3	5,613978E-1	3,640625E+3	2,341129E-1	3,640625E+3	5,547811E-1	3,640625E+3	2,460806E-1	3,640625E+3	5,530647E-1	3,640625E+3	2,525887E-1	3,640625E+3	5,615557E-1	3,640625E+3	2,536750E-1	3,640625E+3	6,030156E-1	3,640625E+3	2,372193E-1	3,640625E+3	6,264946E-1	3,640625E+3	2,159168E-1	3,640625E+3	6,364473E-1	3,640625E+3	1,948844E-1
3,642187E+3	5,619925E-1	3,642187E+3	2,362455E-1	3,642187E+3	5,553561E-1	3,642187E+3	2,488018E-1	3,642187E+3	5,543798E-1	3,642187E+3	2,558711E-1	3,642187E+3	5,632770E-1	3,642187E+3	2,560171E-1	3,642187E+3	6,048132E-1	3,642187E+3	2,380897E-1	3,642187E+3	6,247430E-1	3,642187E+3	2,196543E-1	3,642187E+3	6,389654E-1	3,642187E+3	2,017866E-1
3,643750E+3	5,617767E-1	3,643750E+3	2,360716E-1	3,643750E+3	5,553670E-1	3,643750E+3	2,514755E-1	3,643750E+3	5,540725E-1	3,643750E+3	2,579982E-1	3,643750E+3	5,632791E-1	3,643750E+3	2,579093E-1	3,643750E+3	6,053341E-1	3,643750E+3	2,391840E-1	3,643750E+3	6,284421E-1	3,643750E+3	2,246277E-1	3,643750E+3	6,385927E-1	3,643750E+3	2,065774E-1
3,645312E+3	5,603155E-1	3,645312E+3	2,394638E-1	3,645312E+3	5,544473E-1	3,645312E+3	2,547383E-1	3,645312E+3	5,532265E-1	3,645312E+3	2,616311E-1	3,645312E+3	5,606329E-1	3,645312E+3	2,633619E-1	3,645312E+3	5,996954E-1	3,645312E+3	2,404318E-1	3,645312E+3	6,237244E-1	3,645312E+3	2,283945E-1	3,645312E+3	6,371481E-1	3,645312E+3	2,099602E-1
3,646875E+3	5,610925E-1	3,646875E+3	2,459472E-1	3,646875E+3	5,540854E-1	3,646875E+3	2,594791E-1	3,646875E+3	5,527046E-1	3,646875E+3	2,665307E-1	3,646875E+3	5,607143E-1	3,646875E+3	2,682228E-1	3,646875E+3	5,987062E-1	3,646875E+3	2,403560E-1	3,646875E+3	6,228513E-1	3,646875E+3	2,297867E-1	3,646875E+3	6,326551E-1	3,646875E+3	2,161968E-1
3,648437E+3	5,596704E-1	3,648437E+3	2,496867E-1	3,648437E+3	5,543039E-1	3,648437E+3	2,620164E-1	3,648437E+3	5,530062E-1	3,648437E+3	2,710232E-1	3,648437E+3	5,610257E-1	3,648437E+3	2,712997E-1	3,648437E+3	6,005302E-1	3,648437E+3	2,493075E-1	3,648437E+3	6,209970E-1	3,648437E+3	2,241093E-1	3,648437E+3	6,281345E-1	3,648437E+3	2,150508E-1
3,650000E+3	5,578583E-1	3,650000E+3	2,485169E-1	3,650000E+3	5,565981E-1	3,650000E+3	2,644722E-1	3,650000E+3	5,563161E-1	3,650000E+3	2,723476E-1	3,650000E+3	5,635025E-1	3,650000E+3	2,728918E-1	3,650000E+3	5,984052E-1	3,650000E+3	2,475532E-1	3,650000E+3	6,222991E-1	3,650000E+3	2,278714E-1	3,650000E+3	6,316258E-1	3,650000E+3	2,268754E-1
3,651562E+3	5,617265E-1	3,651562E+3	2,499563E-1	3,651562E+3	5,561625E-1	3,651562E+3	2,674953E-1	3,651562E+3	5,556494E-1	3,651562E+3	2,763936E-1	3,651562E+3	5,643709E-1	3,651562E+3	2,767029E-1	3,651562E+3	6,013420E-1	3,651562E+3	2,462844E-1	3,651562E+3	6,259843E-1	3,651562E+3	2,312376E-1	3,651562E+3	6,425031E-1	3,651562E+3	2,123237E-1
3,653125E+3	5,605845E-1	3,653125E+3	2,530164E-1	3,653125E+3	5,547587E-1	3,653125E+3	2,688795E-1	3,653125E+3	5,559092E-1	3,653125E+3	2,765327E-1	3,653125E+3	5,627086E-1	3,653125E+3	2,766787E-1	3,653125E+3	6,009820E-1	3,653125E+3	2,507622E-1	3,653125E+3	6,233546E-1	3,653125E+3	2,322883E-1	3,653125E+3	6,396685E-1	3,653125E+3	2,159561E-1
3,654687E+3	5,611794E-1	3,654687E+3	2,589693E-1	3,654687E+3	5,572537E-1	3,654687E+3	2,713882E-1	3,654687E+3	5,563325E-1	3,654687E+3	2,790218E-1	3,654687E+3	5,647950E-1	3,654687E+3	2,790957E-1	3,654687E+3	5,995857E-1	3,654687E+3	2,509129E-1	3,654687E+3	6,209264E-1	3,654687E+3	2,351994E-1	3,654687E+3	6,410061E-1	3,654687E+3	2,126070E-1
3,656250E+3	5,627146E-1	3,656250E+3	2,601159E-1	3,656250E+3	5,588642E-1	3,656250E+3	2,728836E-1	3,656250E+3	5,555922E-1	3,656250E+3	2,829789E-1	3,656250E+3	5,642416E-1	3,656250E+3	2,831380E-1	3,656250E+3	5,965822E-1	3,656250E+3	2,527137E-1	3,656250E+3	6,148694E-1	3,656250E+3	2,392835E-1	3,656250E+3	6,386865E-1	3,656250E+3	2,154641E-1
3,657812E+3	5,588783E-1	3,657812E+3	2,632700E-1	3,657812E+3	5,555408E-1	3,657812E+3	2,756522E-1	3,657812E+3	5,547050E-1	3,657812E+3	2,857822E-1	3,657812E+3	5,612842E-1	3,657812E+3	2,869878E-1	3,657812E+3	5,978559E-1	3,657812E+3	2,557278E-1	3,657812E+3	6,175037E-1	3,657812E+3	2,442935E-1	3,657812E+3	6,249001E-1	3,657812E+3	2,074725E-1
3,659375E+3	5,596798E-1	3,659375E+3	2,598632E-1	3,659375E+3	5,554059E-1	3,659375E+3	2,789511E-1	3,659375E+3	5,553486E-1	3,659375E+3	2,879328E-1	3,659375E+3	5,630503E-1	3,659375E+3	2,881935E-1	3,659375E+3	5,944210E-1	3,659375E+3	2,597694E-1	3,659375E+3	6,160731E-1	3,659375E+3	2,461049E-1	3,659375E+3	6,336122E-1	3,659375E+3	2,135920E-1
3,660937E+3	5,560254E-1	3,660937E+3	2,636451E-1	3,660937E+3	5,565235E-1	3,660937E+3	2,787923E-1	3,660937E+3	5,558558E-1	3,660937E+3	2,897145E-1	3,660937E+3	5,628890E-1	3,660937E+3	2,880717E-1	3,660937E+3	5,920193E-1	3,660937E+3	2,686406E-1	3,660937E+3	6,196516E-1	3,660937E+3	2,465679E-1	3,660937E+3	6,325580E-1	3,660937E+3	2,253828E-1
3,662500E+3	5,509294E-1	3,662500E+3	2,715565E-1	3,662500E+3	5,553896E-1	3,662500E+3	2,820214E-1	3,662500E+3	5,553775E-1	3,662500E+3	2,927939E-1	3,662500E+3	5,622190E-1	3,662500E+3	2,923651E-1	3,662500E+3	5,948399E-1	3,662500E+3	2,663175E-1	3,662500E+3	6,190877E-1	3,662500E+3	2,497011E-1	3,662500E+3	6,218007E-1	3,662500E+3	2,343648E-1
3,664062E+3	5,515880E-1	3,664062E+3	2,706165E-1	3,664062E+3	5,545425E-1	3,664062E+3	2,874682E-1	3,664062E+3	5,558036E-1	3,664062E+3	2,949556E-1	3,664062E+3	5,622550E-1	3,664062E+3	2,967001E-1	3,664062E+3	5,985353E-1	3,664062E+3	2,652625E-1	3,664062E+3	6,164971E-1	3,664062E+3	2,499849E-1	3,664062E+3	6,359380E-1	3,664062E+3	2,385559E-1
3,665625E+3	5,522132E-1	3,665625E+3	2,735558E-1	3,665625E+3	5,553063E-1	3,665625E+3	2,887985E-1	3,665625E+3	5,575995E-1	3,665625E+3	2,973852E-1	3,665625E+3	5,626714E-1	3,665625E+3	2,990390E-1	3,665625E+3	5,974353E-1	3,665625E+3	2,751044E-1	3,665625E+3	6,175998E-1	3,665625E+3	2,422057E-1	3,665625E+3	6,433818E-1	3,665625E+3	2,421998E-1
3,667187E+3	5,489876E-1	3,667187E+3	2,771994E-1	3,667187E+3	5,567393E-1	3,667187E+3	2,887603E-1	3,667187E+3	5,566196E-1	3,667187E+3	2,999257E-1	3,667187E+3	5,636152E-1	3,667187E+3	3,013191E-1	3,667187E+3	5,983168E-1	3,667187E+3	2,666051E-1	3,667187E+3	6,153607E-1	3,667187E+3	2,395682E-1	3,667187E+3	6,265324E-1	3,667187E+3	2,392785E-1
3,668750E+3	5,511039E-1	3,668750E+3	2,744237E-1	3,668750E+3	5,572477E-1	3,668750E+3	2,889658E-1	3,668750E+3	5,589643E-1	3,668750E+3	2,999672E-1	3,668750E+3	5,649207E-1	3,668750E+3	3,004559E-1	3,668750E+3	5,937310E-1	3,668750E+3	2,651697E-1	3,668750E+3	6,155423E-1	3,668750E+3	2,493603E-1	3,668750E+3	6,157707E-1	3,668750E+3	2,399256E-1
3,670312E+3	5,530231E-1	3,670312E+3	2,746633E-1	3,670312E+3	5,551265E-1	3,670312E+3	2,912619E-1	3,670312E+3	5,563885E-1	3,670312E+3	3,030132E-1	3,670312E+3	5,632774E-1	3,670312E+3	3,036279E-1	3,670312E+3	5,911928E-1	3,670312E+3	2,686674E-1	3,670312E+3	6,170918E-1	3,670312E+3	2,537360E-1	3,670312E+3	6,076951E-1	3,670312E+3	2,221560E-1
3,671875E+3	5,480504E-1	3,671875E+3	2,803046E-1	3,671875E+3	5,517085E-1	3,671875E+3	2,939617E-1	3,671875E+3	5,527235E-1	3,671875E+3	3,035884E-1	3,671875E+3	5,620154E-1	3,671875E+3	3,067670E-1	3,671875E+3	5,931197E-1	3,671875E+3	2,763865E-1	3,671875E+3	6,144301E-1	3,671875E+3	2,620839E-1	3,671875E+3	6,316761E-1	3,671875E+3	2,348785E-1
3,673437E+3	5,469010E-1	3,673437E+3	2,819134E-1	3,673437E+3	5,506246E-1	3,673437E+3	2,973788E-1	3,673437E+3	5,556365E-1	3,673437E+3	3,064248E-1	3,673437E+3	5,614155E-1	3,673437E+3	3,072516E-1	3,673437E+3	5,915273E-1	3,673437E+3	2,807454E-1	3,673437E+3	6,102839E-1	3,673437E+3	2,637758E-1	3,673437E+3	6,330765E-1	3,673437E+3	2,537929E-1
3,675000E+3	5,468624E-1	3,675000E+3	2,810961E-1	3,675000E+3	5,520705E-1	3,675000E+3	2,978717E-1	3,675000E+3	5,575727E-1	3,675000E+3	3,079619E-1	3,675000E+3	5,644253E-1	3,675000E+3	3,067245E-1	3,675000E+3	5,902938E-1	3,675000E+3	2,819388E-1	3,675000E+3	6,088552E-1	3,675000E+3	2,587468E-1	3,675000E+3	6,235575E-1	3,675000E+3	2,325499E-1
3,676562E+3	5,406445E-1	3,676562E+3	2,801457E-1	3,676562E+3	5,527705E-1	3,676562E+3	2,975036E-1	3,676562E+3	5,566377E-1	3,676562E+3	3,074827E-1	3,676562E+3	5,672131E-1	3,676562E+3	3,089004E-1	3,676562E+3	5,896420E-1	3,676562E+3	2,810060E-1	3,676562E+3	6,069168E-1	3,676562E+3	2,549527E-1	3,676562E+3	6,254671E-1	3,676562E+3	2,315856E-1
3,678125E+3	5,484254E-1	3,678125E+3	2,871392E-1	3,678125E+3	5,514612E-1	3,678125E+3	3,019407E-1	3,678125E+3	5,549256E-1	3,678125E+3	3,101490E-1	3,678125E+3	5,661487E-1	3,678125E+3	3,120544E-1	3,678125E+3	5,870389E-1	3,678125E+3	2,812751E-1	3,678125E+3	6,133282E-1	3,678125E+3	2,548598E-1	3,678125E+3	6,270748E-1	3,678125E+3	2,276643E-1
3,679687E+3	5,441627E-1	3,679687E+3	2,912742E-1	3,679687E+3	5,491982E-1	3,679687E+3	3,045664E-1	3,679687E+3	5,535811E-1	3,679687E+3	3,115339E-1	3,679687E+3	5,636149E-1	3,679687E+3	3,126413E-1	3,679687E+3	5,931905E-1	3,679687E+3	2,766848E-1	3,679687E+3	6,078070E-1	3,679687E+3	2,545286E-1	3,679687E+3	6,315334E-1	3,679687E+3	2,343567E-1
3,681250E+3	5,341466E-1	3,681250E+3	2,947044E-1	3,681250E+3	5,467553E-1	3,681250E+3	3,033906E-1	3,681250E+3	5,538736E-1	3,681250E+3	3,143153E-1	3,681250E+3	5,635690E-1	3,681250E+3	3,152629E-1	3,681250E+3	5,938601E-1	3,681250E+3	2,855395E-1	3,681250E+3	6,128157E-1	3,681250E+3	2,492413E-1	3,681250E+3	6,334526E-1	3,681250E+3	2,410156E-1
3,682812E+3	5,383740E-1	3,682812E+3	2,974382E-1	3,682812E+3	5,471887E-1	3,682812E+3	3,077321E-1	3,682812E+3	5,552377E-1	3,682812E+3	3,178042E-1	3,682812E+3	5,661219E-1	3,682812E+3	3,202280E-1	3,682812E+3	5,879128E-1	3,682812E+3	2,915013E-1	3,682812E+3	6,101626E-1	3,682812E+3	2,600970E-1	3,682812E+3	6,320246E-1	3,682812E+3	2,506276E-1
3,684375E+3	5,396462E-1	3,684375E+3	2,990283E-1	3,684375E+3	5,457129E-1	3,684375E+3	3,093529E-1	3,684375E+3	5,516300E-1	3,684375E+3	3,192184E-1	3,684375E+3	5,644834E-1	3,684375E+3	3,218672E-1	3,684375E+3	5,912000E-1	3,684375E+3	2,902177E-1	3,684375E+3	6,099036E-1	3,684375E+3	2,646765E-1	3,684375E+3	6,232614E-1	3,684375E+3	2,440067E-1
3,685937E+3	5,370701E-1	3,685937E+3	2,966105E-1	3,685937E+3	5,461667E-1	3,685937E+3	3,081992E-1	3,685937E+3	5,528241E-1	3,685937E+3	3,191342E-1	3,685937E+3	5,633635E-1	3,685937E+3	3,193022E-1	3,685937E+3	5,913995E-1	3,685937E+3	2,846136E-1	3,685937E+3	6,201681E-1	3,685937E+3	2,538370E-1	3,685937E+3	6,250959E-1	3,685937E+3	2,597710E-1
3,687500E+3	5,348501E-1	3,687500E+3	3,004137E-1	3,687500E+3	5,438147E-1	3,687500E+3	3,126389E-1	3,687500E+3	5,521831E-1	3,687500E+3	3,204581E-1	3,687500E+3	5,629476E-1	3,687500E+3	3,201371E-1	3,687500E+3	5,828420E-1	3,687500E+3	2,914591E-1	3,687500E+3	6,178388E-1	3,687500E+3	2,470236E-1	3,687500E+3	6,473087E-1	3,687500E+3	2,431230E-1
3,689062E+3	5,321006E-1	3,689062E+3	3,044467E-1	3,689062E+3	5,421486E-1	3,689062E+3	3,159722E-1	3,689062E+3	5,490601E-1	3,689062E+3	3,227304E-1	3,689062E+3	5,598880E-1	3,689062E+3	3,209955E-1	3,689062E+3	5,823344E-1	3,689062E+3	2,905694E-1	3,689062E+3	6,056179E-1	3,689062E+3	2,468112E-1	3,689062E+3	6,187207E-1	3,689062E+3	2,414035E-1
3,690625E+3	5,261228E-1	3,690625E+3	3,078523E-1	3,690625E+3	5,405422E-1	3,690625E+3	3,180394E-1	3,690625E+3	5,466704E-1	3,690625E+3	3,259514E-1	3,690625E+3	5,593666E-1	3,690625E+3	3,234029E-1	3,690625E+3	5,798527E-1	3,690625E+3	2,873944E-1	3,690625E+3	6,147670E-1	3,690625E+3	2,678558E-1	3,690625E+3	6,084271E-1	3,690625E+3	2,535446E-1
3,692187E+3	5,257011E-1	3,692187E+3	3,150526E-1	3,692187E+3	5,372492E-1	3,692187E+3	3,219410E-1	3,692187E+3	5,445280E-1	3,692187E+3	3,269211E-1	3,692187E+3	5,563654E-1	3,692187E+3	3,249408E-1	3,692187E+3	5,797191E-1	3,692187E+3	2,911646E-1	3,692187E+3	6,157238E-1	3,692187E+3	2,712420E-1	3,692187E+3	6,102656E-1	3,692187E+3	2,410005E-1
3,693750E+3	5,249004E-1	3,693750E+3	3,150491E-1	3,693750E+3	5,365889E-1	3,693750E+3	3,263888E-1	3,693750E+3	5,445881E-1	3,693750E+3	3,308234E-1	3,693750E+3	5,582577E-1	3,693750E+3	3,269004E-1	3,693750E+3	5,815697E-1	3,693750E+3	2,925685E-1	3,693750E+3	6,105010E-1	3,693750E+3	2,714942E-1	3,693750E+3	6,158662E-1	3,693750E+3	2,324814E-1
3,695312E+3	5,243287E-1	3,695312E+3	3,209248E-1	3,695312E+3	5,372769E-1	3,695312E+3	3,255033E-1	3,695312E+3	5,432059E-1	3,695312E+3	3,334107E-1	3,695312E+3	5,540569E-1	3,695312E+3	3,312368E-1	3,695312E+3	5,865388E-1	3,695312E+3	2,984097E-1	3,695312E+3	6,038425E-1	3,695312E+3	2,647286E-1	3,695312E+3	6,320676E-1	3,695312E+3	2,444707E-1
3,696875E+3	5,298997E-1	3,696875E+3	3,262373E-1	3,696875E+3	5,355256E-1	3,696875E+3	3,263252E-1	3,696875E+3	5,435539E-1	3,696875E+3	3,334965E-1	3,696875E+3	5,558424E-1	3,696875E+3	3,365999E-1	3,696875E+3	5,792006E-1	3,696875E+3	2,967930E-1	3,696875E+3	6,054040E-1	3,696875E+3	2,659423E-1	3,696875E+3	6,116257E-1	3,696875E+3	2,516800E-1
3,698437E+3	5,267254E-1	3,698437E+3	3,344839E-1	3,698437E+3	5,335584E-1	3,698437E+3	3,328465E-1	3,698437E+3	5,421336E-1	3,698437E+3	3,385005E-1	3,698437E+3	5,563067E-1	3,698437E+3	3,375902E-1	3,698437E+3	5,764855E-1	3,698437E+3	2,890631E-1	3,698437E+3	6,021313E-1	3,698437E+3	2,744516E-1	3,698437E+3	6,222244E-1	3,698437E+3	2,639342E-1
3,700000E+3	5,227793E-1	3,700000E+3	3,375407E-1	3,700000E+3	5,337623E-1	3,700000E+3	3,363077E-1	3,700000E+3	5,399718E-1	3,700000E+3	3,414903E-1	3,700000E+3	5,515325E-1	3,700000E+3	3,388473E-1	3,700000E+3	5,826702E-1	3,700000E+3	2,920913E-1	3,700000E+3	6,126745E-1	3,700000E+3	2,718539E-1	3,700000E+3	6,240352E-1	3,700000E+3	2,616041E-1
3,701562E+3	5,164155E-1	3,701562E+3	3,373231E-1	3,701562E+3	5,312087E-1	3,701562E+3	3,386879E-1	3,701562E+3	5,378934E-1	3,701562E+3	3,438190E-1	3,701562E+3	5,486550E-1	3,701562E+3	3,390531E-1	3,701562E+3	5,793717E-1	3,701562E+3	3,006915E-1	3,701562E+3	6,133227E-1	3,701562E+3	2,587009E-1	3,701562E+3	6,017606E-1	3,701562E+3	2,581223E-1
3,703125E+3	5,230651E-1	3,703125E+3	3,423889E-1	3,703125E+3	5,274005E-1	3,703125E+3	3,414489E-1	3,703125E+3	5,359177E-1	3,703125E+3	3,449960E-1	3,703125E+3	5,463693E-1	3,703125E+3	3,397928E-1	3,703125E+3	5,760951E-1	3,703125E+3	3,024827E-1	3,703125E+3	5,961173E-1	3,703125E+3	2,748064E-1	3,703125E+3	6,048498E-1	3,703125E+3	2,600054E-1
3,704687E+3	5,152005E-1	3,704687E+3	3,387232E-1	3,704687E+3	5,255822E-1	3,704687E+3	3,467268E-1	3,704687E+3	5,359722E-1	3,704687E+3	3,471919E-1	3,704687E+3	5,461254E-1	3,704687E+3	3,422808E-1	3,704687E+3	5,736014E-1	3,704687E+3	3,026306E-1	3,704687E+3	5,922720E-1	3,704687E+3	2,885557E-1	3,704687E+3	6,292672E-1	3,704687E+3	2,700475E-1
3,706250E+3	5,170986E-1	3,706250E+3	3,466372E-1	3,706250E+3	5,268203E-1	3,706250E+3	3,501808E-1	3,706250E+3	5,340809E-1	3,706250E+3	3,527996E-1	3,706250E+3	5,454074E-1	3,706250E+3	3,493323E-1	3,706250E+3	5,732789E-1	3,706250E+3	3,085598E-1	3,706250E+3	5,993210E-1	3,706250E+3	2,814866E-1	3,706250E+3	6,203924E-1	3,706250E+3	2,619253E-1
3,707812E+3	5,203942E-1	3,707812E+3	3,510502E-1	3,707812E+3	5,263141E-1	3,707812E+3	3,543346E-1	3,707812E+3	5,326828E-1	3,707812E+3	3,570999E-1	3,707812E+3	5,466420E-1	3,707812E+3	3,537791E-1	3,707812E+3	5,693087E-1	3,707812E+3	3,123242E-1	3,707812E+3	6,044235E-1	3,707812E+3	2,684969E-1	3,707812E+3	6,092674E-1	3,707812E+3	2,519067E-1
3,709375E+3	5,173967E-1	3,709375E+3	3,539955E-1	3,709375E+3	5,240701E-1	3,709375E+3	3,571098E-1	3,709375E+3	5,326451E-1	3,709375E+3	3,576314E-1	3,709375E+3	5,462748E-1	3,709375E+3	3,506872E-1	3,709375E+3	5,682800E-1	3,709375E+3	3,109103E-1	3,709375E+3	5,974976E-1	3,709375E+3	2,767978E-1	3,709375E+3	6,122903E-1	3,709375E+3	2,488441E-1
3,710937E+3	5,080989E-1	3,710937E+3	3,679513E-1	3,710937E+3	5,217183E-1	3,710937E+3	3,606308E-1	3,710937E+3	5,301046E-1	3,710937E+3	3,623896E-1	3,710937E+3	5,459461E-1	3,710937E+3	3,538649E-1	3,710937E+3	5,662830E-1	3,710937E+3	3,125672E-1	3,710937E+3	5,884875E-1	3,710937E+3	2,852087E-1	3,710937E+3	6,182899E-1	3,710937E+3	2,603421E-1
3,712500E+3	5,171009E-1	3,712500E+3	3,677138E-1	3,712500E+3	5,203113E-1	3,712500E+3	3,627356E-1	3,712500E+3	5,299507E-1	3,712500E+3	3,658532E-1	3,712500E+3	5,414000E-1	3,712500E+3	3,546672E-1	3,712500E+3	5,712188E-1	3,712500E+3	3,198935E-1	3,712500E+3	5,950495E-1	3,712500E+3	2,892428E-1	3,712500E+3	6,266556E-1	3,712500E+3	2,517137E-1
3,714062E+3	5,149851E-1	3,714062E+3	3,714851E-1	3,714062E+3	5,199285E-1	3,714062E+3	3,686038E-1	3,714062E+3	5,258564E-1	3,714062E+3	3,698461E-1	3,714062E+3	5,402692E-1	3,714062E+3	3,584695E-1	3,714062E+3	5,661928E-1	3,714062E+3	3,207736E-1	3,714062E+3	5,871761E-1	3,714062E+3	2,896571E-1	3,714062E+3	5,985528E-1	3,714062E+3	2,345365E-1
3,715625E+3	5,135619E-1	3,715625E+3	3,669496E-1	3,715625E+3	5,223223E-1	3,715625E+3	3,732943E-1	3,715625E+3	5,264277E-1	3,715625E+3	3,723579E-1	3,715625E+3	5,398973E-1	3,715625E+3	3,618810E-1	3,715625E+3	5,651754E-1	3,715625E+3	3,141892E-1	3,715625E+3	5,909054E-1	3,715625E+3	2,926849E-1	3,715625E+3	6,074385E-1	3,715625E+3	2,524517E-1
3,717187E+3	5,118394E-1	3,717187E+3	3,751978E-1	3,717187E+3	5,183002E-1	3,717187E+3	3,775474E-1	3,717187E+3	5,253666E-1	3,717187E+3	3,766600E-1	3,717187E+3	5,363400E-1	3,717187E+3	3,691157E-1	3,717187E+3	5,618673E-1	3,717187E+3	3,161417E-1	3,717187E+3	5,869341E-1	3,717187E+3	2,960608E-1	3,717187E+3	6,073468E-1	3,717187E+3	2,671094E-1
3,718750E+3	5,107789E-1	3,718750E+3	3,830389E-1	3,718750E+3	5,181542E-1	3,718750E+3	3,808887E-1	3,718750E+3	5,237352E-1	3,718750E+3	3,797395E-1	3,718750E+3	5,328215E-1	3,718750E+3	3,735928E-1	3,718750E+3	5,537312E-1	3,718750E+3	3,256692E-1	3,718750E+3	5,844133E-1	3,718750E+3	2,950353E-1	3,718750E+3	5,989385E-1	3,718750E+3	2,562282E-1
3,720312E+3	5,125340E-1	3,720312E+3	3,799318E-1	3,720312E+3	5,170782E-1	3,720312E+3	3,823955E-1	3,720312E+3	5,241172E-1	3,720312E+3	3,839429E-1	3,720312E+3	5,328598E-1	3,720312E+3	3,752653E-1	3,720312E+3	5,545646E-1	3,720312E+3	3,327572E-1	3,720312E+3	5,784395E-1	3,720312E+3	2,922772E-1	3,720312E+3	6,034511E-1	3,720312E+3	2,611577E-1
3,721875E+3	5,094879E-1	3,721875E+3	3,859047E-1	3,721875E+3	5,163574E-1	3,721875E+3	3,875265E-1	3,721875E+3	5,230967E-1	3,721875E+3	3,874509E-1	3,721875E+3	5,332631E-1	3,721875E+3	3,755961E-1	3,721875E+3	5,605927E-1	3,721875E+3	3,288713E-1	3,721875E+3	5,767815E-1	3,721875E+3	2,965671E-1	3,721875E+3	6,050154E-1	3,721875E+3	2,668264E-1
3,723437E+3	5,142750E-1	3,723437E+3	3,888862E-1	3,723437E+3	5,161080E-1	3,723437E+3	3,923071E-1	3,723437E+3	5,225788E-1	3,723437E+3	3,903819E-1	3,723437E+3	5,304520E-1	3,723437E+3	3,822163E-1	3,723437E+3	5,642228E-1	3,723437E+3	3,307451E-1	3,723437E+3	5,824685E-1	3,723437E+3	2,984624E-1	3,723437E+3	6,234485E-1	3,723437E+3	2,731297E-1
3,725000E+3	5,111973E-1	3,725000E+3	3,966847E-1	3,725000E+3	5,162771E-1	3,725000E+3	3,994761E-1	3,725000E+3	5,230114E-1	3,725000E+3	3,960536E-1	3,725000E+3	5,312861E-1	3,725000E+3	3,847467E-1	3,725000E+3	5,638716E-1	3,725000E+3	3,371761E-1	3,725000E+3	5,793078E-1	3,725000E+3	2,882189E-1	3,725000E+3	6,104491E-1	3,725000E+3	2,542675E-1
3,726562E+3	5,135528E-1	3,726562E+3	4,074770E-1	3,726562E+3	5,172272E-1	3,726562E+3	4,040232E-1	3,726562E+3	5,234958E-1	3,726562E+3	4,009782E-1	3,726562E+3	5,313731E-1	3,726562E+3	3,885891E-1	3,726562E+3	5,637384E-1	3,726562E+3	3,412378E-1	3,726562E+3	5,689200E-1	3,726562E+3	2,869253E-1	3,726562E+3	6,221309E-1	3,726562E+3	2,510442E-1
3,728125E+3	5,142789E-1	3,728125E+3	4,049876E-1	3,728125E+3	5,169305E-1	3,728125E+3	4,034375E-1	3,728125E+3	5,215696E-1	3,728125E+3	4,027422E-1	3,728125E+3	5,327141E-1	3,728125E+3	3,944887E-1	3,728125E+3	5,629565E-1	3,728125E+3	3,425802E-1	3,728125E+3	5,737345E-1	3,728125E+3	3,065827E-1	3,728125E+3	6,064832E-1	3,728125E+3	2,569838E-1
3,729687E+3	5,108336E-1	3,729687E+3	4,073054E-1	3,729687E+3	5,163049E-1	3,729687E+3	4,084476E-1	3,729687E+3	5,219049E-1	3,729687E+3	4,067387E-1	3,729687E+3	5,316919E-1	3,729687E+3	3,940059E-1	3,729687E+3	5,552165E-1	3,729687E+3	3,450822E-1	3,729687E+3	5,766947E-1	3,729687E+3	2,960578E-1	3,729687E+3	5,977890E-1	3,729687E+3	2,714603E-1
3,731250E+3	5,151293E-1	3,731250E+3	4,118529E-1	3,731250E+3	5,165231E-1	3,731250E+3	4,119382E-1	3,731250E+3	5,213305E-1	3,731250E+3	4,099031E-1	3,731250E+3	5,292796E-1	3,731250E+3	3,981755E-1	3,731250E+3	5,524519E-1	3,731250E+3	3,433594E-1	3,731250E+3	5,826877E-1	3,731250E+3	2,918872E-1	3,731250E+3	5,758169E-1	3,731250E+3	2,528029E-1
3,732812E+3	5,199167E-1	3,732812E+3	4,126591E-1	3,732812E+3	5,173084E-1	3,732812E+3	4,142538E-1	3,732812E+3	5,222079E-1	3,732812E+3	4,121269E-1	3,732812E+3	5,278723E-1	3,732812E+3	4,026900E-1	3,732812E+3	5,576194E-1	3,732812E+3	3,495356E-1	3,732812E+3	5,950052E-1	3,732812E+3	2,796152E-1	3,732812E+3	5,794629E-1	3,732812E+3	2,499893E-1
3,734375E+3	5,200595E-1	3,734375E+3	4,151060E-1	3,734375E+3	5,198469E-1	3,734375E+3	4,193467E-1	3,734375E+3	5,227360E-1	3,734375E+3	4,191735E-1	3,734375E+3	5,268427E-1	3,734375E+3	4,067531E-1	3,734375E+3	5,533739E-1	3,734375E+3	3,507483E-1	3,734375E+3	5,849516E-1	3,734375E+3	2,938958E-1	3,734375E+3	6,004906E-1	3,734375E+3	2,884711E-1
3,735937E+3	5,124238E-1	3,735937E+3	4,201172E-1	3,735937E+3	5,194968E-1	3,735937E+3	4,218397E-1	3,735937E+3	5,226860E-1	3,735937E+3	4,189831E-1	3,735937E+3	5,289606E-1	3,735937E+3	4,058373E-1	3,735937E+3	5,521958E-1	3,735937E+3	3,500278E-1	3,735937E+3	5,741983E-1	3,735937E+3	2,988993E-1	3,735937E+3	6,166755E-1	3,735937E+3	2,759213E-1
3,737500E+3	5,111539E-1	3,737500E+3	4,197926E-1	3,737500E+3	5,189000E-1	3,737500E+3	4,234596E-1	3,737500E+3	5,235871E-1	3,737500E+3	4,227351E-1	3,737500E+3	5,287904E-1	3,737500E+3	4,082896E-1	3,737500E+3	5,459265E-1	3,737500E+3	3,548699E-1	3,737500E+3	5,837719E-1	3,737500E+3	3,117920E-1	3,737500E+3	6,054518E-1	3,737500E+3	2,509703E-1
3,739062E+3	5,136405E-1	3,739062E+3	4,226505E-1	3,739062E+3	5,163089E-1	3,739062E+3	4,280532E-1	3,739062E+3	5,230239E-1	3,739062E+3	4,264013E-1	3,739062E+3	5,273294E-1	3,739062E+3	4,110974E-1	3,739062E+3	5,500479E-1	3,739062E+3	3,567222E-1	3,739062E+3	5,851558E-1	3,739062E+3	3,137057E-1	3,739062E+3	6,008837E-1	3,739062E+3	2,662448E-1
3,740625E+3	5,085464E-1	3,740625E+3	4,321967E-1	3,740625E+3	5,190798E-1	3,740625E+3	4,295540E-1	3,740625E+3	5,219179E-1	3,740625E+3	4,287850E-1	3,740625E+3	5,268936E-1	3,740625E+3	4,189695E-1	3,740625E+3	5,490246E-1	3,740625E+3	3,609133E-1	3,740625E+3	5,908229E-1	3,740625E+3	3,208585E-1	3,740625E+3	5,910290E-1	3,740625E+3	2,980025E-1
3,742187E+3	5,138210E-1	3,742187E+3	4,391975E-1	3,742187E+3	5,216514E-1	3,742187E+3	4,347512E-1	3,742187E+3	5,234392E-1	3,742187E+3	4,354183E-1	3,742187E+3	5,288392E-1	3,742187E+3	4,238523E-1	3,742187E+3	5,496037E-1	3,742187E+3	3,659668E-1	3,742187E+3	5,855738E-1	3,742187E+3	3,188644E-1	3,742187E+3	5,791543E-1	3,742187E+3	3,089794E-1
3,743750E+3	5,171763E-1	3,743750E+3	4,352677E-1	3,743750E+3	5,211347E-1	3,743750E+3	4,380271E-1	3,743750E+3	5,272556E-1	3,743750E+3	4,348772E-1	3,743750E+3	5,320223E-1	3,743750E+3	4,238908E-1	3,743750E+3	5,492722E-1	3,743750E+3	3,669937E-1	3,743750E+3	5,795373E-1	3,743750E+3	3,095921E-1	3,743750E+3	5,804377E-1	3,743750E+3	3,005821E-1
3,745312E+3	5,156566E-1	3,745312E+3	4,467748E-1	3,745312E+3	5,244653E-1	3,745312E+3	4,407448E-1	3,745312E+3	5,263933E-1	3,745312E+3	4,402083E-1	3,745312E+3	5,288072E-1	3,745312E+3	4,280397E-1	3,745312E+3	5,474527E-1	3,745312E+3	3,772445E-1	3,745312E+3	5,661267E-1	3,745312E+3	3,143512E-1	3,745312E+3	5,822710E-1	3,745312E+3	2,829361E-1
3,746875E+3	5,186726E-1	3,746875E+3	4,552359E-1	3,746875E+3	5,244834E-1	3,746875E+3	4,456497E-1	3,746875E+3	5,271176E-1	3,746875E+3	4,435867E-1	3,746875E+3	5,303066E-1	3,746875E+3	4,341452E-1	3,746875E+3	5,496665E-1	3,746875E+3	3,769895E-1	3,746875E+3	5,695310E-1	3,746875E+3	3,184824E-1	3,746875E+3	5,976390E-1	3,746875E+3	2,861728E-1
3,748437E+3	5,234155E-1	3,748437E+3	4,545595E-1	3,748437E+3	5,231971E-1	3,748437E+3	4,480229E-1	3,748437E+3	5,265512E-1	3,748437E+3	4,468192E-1	3,748437E+3	5,297751E-1	3,748437E+3	4,340622E-1	3,748437E+3	5,486264E-1	3,748437E+3	3,772839E-1	3,748437E+3	5,643715E-1	3,748437E+3	3,243835E-1	3,748437E+3	6,006918E-1	3,748437E+3	2,819382E-1
3,750000E+3	5,231171E-1	3,750000E+3	4,510802E-1	3,750000E+3	5,200403E-1	3,750000E+3	4,511596E-1	3,750000E+3	5,264014E-1	3,750000E+3	4,523105E-1	3,750000E+3	5,322330E-1	3,750000E+3	4,371888E-1	3,750000E+3	5,432378E-1	3,750000E+3	3,780131E-1	3,750000E+3	5,624900E-1	3,750000E+3	3,297354E-1	3,750000E+3	6,009302E-1	3,750000E+3	2,634695E-1
3,751562E+3	5,292813E-1	3,751562E+3	4,516908E-1	3,751562E+3	5,224282E-1	3,751562E+3	4,548582E-1	3,751562E+3	5,282027E-1	3,751562E+3	4,520231E-1	3,751562E+3	5,352407E-1	3,751562E+3	4,410528E-1	3,751562E+3	5,431588E-1	3,751562E+3	3,804722E-1	3,751562E+3	5,605780E-1	3,751562E+3	3,339913E-1	3,751562E+3	5,973578E-1	3,751562E+3	3,028256E-1
3,753125E+3	5,293864E-1	3,753125E+3	4,512951E-1	3,753125E+3	5,256485E-1	3,753125E+3	4,602561E-1	3,753125E+3	5,278439E-1	3,753125E+3	4,558661E-1	3,753125E+3	5,333714E-1	3,753125E+3	4,442398E-1	3,753125E+3	5,494957E-1	3,753125E+3	3,843612E-1	3,753125E+3	5,605980E-1	3,753125E+3	3,370088E-1	3,753125E+3	5,996351E-1	3,753125E+3	3,232234E-1
3,754687E+3	5,200346E-1	3,754687E+3	4,567310E-1	3,754687E+3	5,283748E-1	3,754687E+3	4,626614E-1	3,754687E+3	5,296485E-1	3,754687E+3	4,611690E-1	3,754687E+3	5,316463E-1	3,754687E+3	4,491370E-1	3,754687E+3	5,558001E-1	3,754687E+3	3,873774E-1	3,754687E+3	5,694344E-1	3,754687E+3	3,348959E-1	3,754687E+3	5,994974E-1	3,754687E+3	3,016103E-1
3,756250E+3	5,227233E-1	3,756250E+3	4,568694E-1	3,756250E+3	5,302704E-1	3,756250E+3	4,652189E-1	3,756250E+3	5,339416E-1	3,756250E+3	4,628414E-1	3,756250E+3	5,352789E-1	3,756250E+3	4,497318E-1	3,756250E+3	5,541441E-1	3,756250E+3	3,908155E-1	3,756250E+3	5,714225E-1	3,756250E+3	3,413696E-1	3,756250E+3	5,922827E-1	3,756250E+3	2,930271E-1
3,757812E+3	5,276745E-1	3,757812E+3	4,581357E-1	3,757812E+3	5,323620E-1	3,757812E+3	4,660403E-1	3,757812E+3	5,346305E-1	3,757812E+3	4,642891E-1	3,757812E+3	5,356881E-1	3,757812E+3	4,532128E-1	3,757812E+3	5,504442E-1	3,757812E+3	3,928658E-1	3,757812E+3	5,694079E-1	3,757812E+3	3,279419E-1	3,757812E+3	5,724432E-1	3,757812E+3	2,976533E-1
3,759375E+3	5,282512E-1	3,759375E+3	4,677526E-1	3,759375E+3	5,289970E-1	3,759375E+3	4,699998E-1	3,759375E+3	5,327580E-1	3,759375E+3	4,689068E-1	3,759375E+3	5,367986E-1	3,759375E+3	4,600529E-1	3,759375E+3	5,423770E-1	3,759375E+3	3,963747E-1	3,759375E+3	5,635870E-1	3,759375E+3	3,370637E-1	3,759375E+3	5,921982E-1	3,759375E+3	3,073775E-1
3,760937E+3	5,276889E-1	3,760937E+3	4,688990E-1	3,760937E+3	5,319537E-1	3,760937E+3	4,744520E-1	3,760937E+3	5,353036E-1	3,760937E+3	4,708843E-1	3,760937E+3	5,395577E-1	3,760937E+3	4,607798E-1	3,760937E+3	5,486290E-1	3,760937E+3	4,001960E-1	3,760937E+3	5,616799E-1	3,760937E+3	3,405572E-1	3,760937E+3	5,878514E-1	3,760937E+3	3,182981E-1
3,762500E+3	5,319900E-1	3,762500E+3	4,707491E-1	3,762500E+3	5,327861E-1	3,762500E+3	4,730508E-1	3,762500E+3	5,338643E-1	3,762500E+3	4,743109E-1	3,762500E+3	5,373113E-1	3,762500E+3	4,612594E-1	3,762500E+3	5,484235E-1	3,762500E+3	3,997255E-1	3,762500E+3	5,705110E-1	3,762500E+3	3,539708E-1	3,762500E+3	5,777150E-1	3,762500E+3	3,049141E-1
3,764062E+3	5,306235E-1	3,764062E+3	4,831401E-1	3,764062E+3	5,310530E-1	3,764062E+3	4,764681E-1	3,764062E+3	5,351423E-1	3,764062E+3	4,766390E-1	3,764062E+3	5,340768E-1	3,764062E+3	4,638737E-1	3,764062E+3	5,439010E-1	3,764062E+3	4,048376E-1	3,764062E+3	5,576658E-1	3,764062E+3	3,488301E-1	3,764062E+3	5,872184E-1	3,764062E+3	3,075267E-1
3,765625E+3	5,311202E-1	3,765625E+3	4,827402E-1	3,765625E+3	5,352578E-1	3,765625E+3	4,813348E-1	3,765625E+3	5,368544E-1	3,765625E+3	4,796537E-1	3,765625E+3	5,369609E-1	3,765625E+3	4,680106E-1	3,765625E+3	5,555931E-1	3,765625E+3	4,082136E-1	3,765625E+3	5,590809E-1	3,765625E+3	3,443414E-1	3,765625E+3	5,794217E-1	3,765625E+3	3,055510E-1
3,767187E+3	5,326862E-1	3,767187E+3	4,793571E-1	3,767187E+3	5,337505E-1	3,767187E+3	4,834014E-1	3,767187E+3	5,382175E-1	3,767187E+3	4,835301E-1	3,767187E+3	5,380260E-1	3,767187E+3	4,666513E-1	3,767187E+3	5,513514E-1	3,767187E+3	4,083038E-1	3,767187E+3	5,682374E-1	3,767187E+3	3,520277E-1	3,767187E+3	5,678793E-1	3,767187E+3	3,102740E-1
3,768750E+3	5,276476E-1	3,768750E+3	4,803969E-1	3,768750E+3	5,358692E-1	3,768750E+3	4,865084E-1	3,768750E+3	5,390108E-1	3,768750E+3	4,852876E-1	3,768750E+3	5,397049E-1	3,768750E+3	4,689729E-1	3,768750E+3	5,495936E-1	3,768750E+3	4,134056E-1	3,768750E+3	5,636924E-1	3,768750E+3	3,511546E-1	3,768750E+3	5,800479E-1	3,768750E+3	3,210964E-1
3,770312E+3	5,314201E-1	3,770312E+3	4,747853E-1	3,770312E+3	5,371504E-1	3,770312E+3	4,888571E-1	3,770312E+3	5,389466E-1	3,770312E+3	4,855398E-1	3,770312E+3	5,397426E-1	3,770312E+3	4,746712E-1	3,770312E+3	5,473262E-1	3,770312E+3	4,193691E-1	3,770312E+3	5,585600E-1	3,770312E+3	3,513969E-1	3,770312E+3	5,817522E-1	3,770312E+3	3,071085E-1
3,771875E+3	5,344831E-1	3,771875E+3	4,762589E-1	3,771875E+3	5,370970E-1	3,771875E+3	4,874520E-1	3,771875E+3	5,401340E-1	3,771875E+3	4,867524E-1	3,771875E+3	5,422875E-1	3,771875E+3	4,757898E-1	3,771875E+3	5,464964E-1	3,771875E+3	4,185167E-1	3,771875E+3	5,607339E-1	3,771875E+3	3,523421E-1	3,771875E+3	5,732772E-1	3,771875E+3	3,045883E-1
3,773437E+3	5,291299E-1	3,773437E+3	4,886964E-1	3,773437E+3	5,364260E-1	3,773437E+3	4,906776E-1	3,773437E+3	5,409753E-1	3,773437E+3	4,895905E-1	3,773437E+3	5,430177E-1	3,773437E+3	4,779740E-1	3,773437E+3	5,451052E-1	3,773437E+3	4,220315E-1	3,773437E+3	5,700057E-1	3,773437E+3	3,608154E-1	3,773437E+3	5,766040E-1	3,773437E+3	2,978744E-1
3,775000E+3	5,356844E-1	3,775000E+3	4,962259E-1	3,775000E+3	5,403752E-1	3,775000E+3	4,940548E-1	3,775000E+3	5,418928E-1	3,775000E+3	4,919690E-1	3,775000E+3	5,441831E-1	3,775000E+3	4,786307E-1	3,775000E+3	5,483822E-1	3,775000E+3	4,261056E-1	3,775000E+3	5,599551E-1	3,775000E+3	3,669875E-1	3,775000E+3	5,834404E-1	3,775000E+3	3,046069E-1
3,776562E+3	5,349244E-1	3,776562E+3	4,914722E-1	3,776562E+3	5,405180E-1	3,776562E+3	4,947373E-1	3,776562E+3	5,433917E-1	3,776562E+3	4,945768E-1	3,776562E+3	5,436971E-1	3,776562E+3	4,818826E-1	3,776562E+3	5,498723E-1	3,776562E+3	4,227140E-1	3,776562E+3	5,611788E-1	3,776562E+3	3,607671E-1	3,776562E+3	5,810246E-1	3,776562E+3	3,200932E-1
3,778125E+3	5,419613E-1	3,778125E+3	4,922744E-1	3,778125E+3	5,436345E-1	3,778125E+3	4,973723E-1	3,778125E+3	5,475913E-1	3,778125E+3	4,977449E-1	3,778125E+3	5,442440E-1	3,778125E+3	4,856783E-1	3,778125E+3	5,457111E-1	3,778125E+3	4,198636E-1	3,778125E+3	5,647810E-1	3,778125E+3	3,635299E-1	3,778125E+3	5,700158E-1	3,778125E+3	3,178619E-1
3,779687E+3	5,430442E-1	3,779687E+3	4,938333E-1	3,779687E+3	5,452289E-1	3,779687E+3	4,983576E-1	3,779687E+3	5,480823E-1	3,779687E+3	4,986752E-1	3,779687E+3	5,471598E-1	3,779687E+3	4,859665E-1	3,779687E+3	5,471292E-1	3,779687E+3	4,270770E-1	3,779687E+3	5,657255E-1	3,779687E+3	3,702324E-1	3,779687E+3	5,679548E-1	3,779687E+3	3,078179E-1
3,781250E+3	5,394241E-1	3,781250E+3	4,982824E-1	3,781250E+3	5,425387E-1	3,781250E+3	5,023830E-1	3,781250E+3	5,462887E-1	3,781250E+3	5,023374E-1	3,781250E+3	5,473104E-1	3,781250E+3	4,889962E-1	3,781250E+3	5,500729E-1	3,781250E+3	4,316218E-1	3,781250E+3	5,589975E-1	3,781250E+3	3,719805E-1	3,781250E+3	5,726063E-1	3,781250E+3	3,106904E-1
3,782812E+3	5,361440E-1	3,782812E+3	5,052323E-1	3,782812E+3	5,433585E-1	3,782812E+3	5,021394E-1	3,782812E+3	5,481178E-1	3,782812E+3	5,019721E-1	3,782812E+3	5,496232E-1	3,782812E+3	4,898054E-1	3,782812E+3	5,482069E-1	3,782812E+3	4,265357E-1	3,782812E+3	5,551599E-1	3,782812E+3	3,700730E-1	3,782812E+3	5,679510E-1	3,782812E+3	3,240232E-1
3,784375E+3	5,432617E-1	3,784375E+3	5,104735E-1	3,784375E+3	5,478679E-1	3,784375E+3	5,052121E-1	3,784375E+3	5,485211E-1	3,784375E+3	5,045236E-1	3,784375E+3	5,483474E-1	3,784375E+3	4,926097E-1	3,784375E+3	5,465233E-1	3,784375E+3	4,302295E-1	3,784375E+3	5,544925E-1	3,784375E+3	3,789845E-1	3,784375E+3	5,548766E-1	3,784375E+3	3,341219E-1
3,785937E+3	5,482736E-1	3,785937E+3	5,063256E-1	3,785937E+3	5,483682E-1	3,785937E+3	5,067456E-1	3,785937E+3	5,521650E-1	3,785937E+3	5,060449E-1	3,785937E+3	5,481677E-1	3,785937E+3	4,958564E-1	3,785937E+3	5,498631E-1	3,785937E+3	4,336724E-1	3,785937E+3	5,575477E-1	3,785937E+3	3,829035E-1	3,785937E+3	5,766276E-1	3,785937E+3	3,222043E-1
3,787500E+3	5,507479E-1	3,787500E+3	5,058622E-1	3,787500E+3	5,468169E-1	3,787500E+3	5,100945E-1	3,787500E+3	5,533693E-1	3,787500E+3	5,096561E-1	3,787500E+3	5,489902E-1	3,787500E+3	4,980392E-1	3,787500E+3	5,480511E-1	3,787500E+3	4,414619E-1	3,787500E+3	5,571188E-1	3,787500E+3	3,809531E-1	3,787500E+3	5,797064E-1	3,787500E+3	3,159895E-1
3,789062E+3	5,515073E-1	3,789062E+3	5,121561E-1	3,789062E+3	5,503284E-1	3,789062E+3	5,132908E-1	3,789062E+3	5,526303E-1	3,789062E+3	5,115852E-1	3,789062E+3	5,485492E-1	3,789062E+3	4,997486E-1	3,789062E+3	5,417140E-1	3,789062E+3	4,406907E-1	3,789062E+3	5,573191E-1	3,789062E+3	3,860405E-1	3,789062E+3	5,798629E-1	3,789062E+3	3,269343E-1
3,790625E+3	5,494193E-1	3,790625E+3	5,145656E-1	3,790625E+3	5,519611E-1	3,790625E+3	5,124220E-1	3,790625E+3	5,535111E-1	3,790625E+3	5,124868E-1	3,790625E+3	5,505690E-1	3,790625E+3	4,991818E-1	3,790625E+3	5,441957E-1	3,790625E+3	4,392085E-1	3,790625E+3	5,552290E-1	3,790625E+3	3,823990E-1	3,790625E+3	5,806846E-1	3,790625E+3	3,263409E-1
3,792187E+3	5,455222E-1	3,792187E+3	5,174955E-1	3,792187E+3	5,507405E-1	3,792187E+3	5,157184E-1	3,792187E+3	5,529274E-1	3,792187E+3	5,140857E-1	3,792187E+3	5,502246E-1	3,792187E+3	5,019478E-1	3,792187E+3	5,496185E-1	3,792187E+3	4,421580E-1	3,792187E+3	5,572043E-1	3,792187E+3	3,918002E-1	3,792187E+3	5,713343E-1	3,792187E+3	3,295234E-1
3,793750E+3	5,446891E-1	3,793750E+3	5,167920E-1	3,793750E+3	5,516115E-1	3,793750E+3	5,162662E-1	3,793750E+3	5,550716E-1	3,793750E+3	5,143776E-1	3,793750E+3	5,533107E-1	3,793750E+3	5,041179E-1	3,793750E+3	5,510541E-1	3,793750E+3	4,457766E-1	3,793750E+3	5,604275E-1	3,793750E+3	3,890978E-1	3,793750E+3	5,829495E-1	3,793750E+3	3,346598E-1
3,795312E+3	5,478670E-1	3,795312E+3	5,181075E-1	3,795312E+3	5,545713E-1	3,795312E+3	5,171511E-1	3,795312E+3	5,561512E-1	3,795312E+3	5,154919E-1	3,795312E+3	5,529174E-1	3,795312E+3	5,069010E-1	3,795312E+3	5,457309E-1	3,795312E+3	4,440481E-1	3,795312E+3	5,512042E-1	3,795312E+3	3,861772E-1	3,795312E+3	5,670806E-1	3,795312E+3	3,261348E-1
3,796875E+3	5,560523E-1	3,796875E+3	5,222573E-1	3,796875E+3	5,532798E-1	3,796875E+3	5,181709E-1	3,796875E+3	5,564074E-1	3,796875E+3	5,190503E-1	3,796875E+3	5,579070E-1	3,796875E+3	5,091160E-1	3,796875E+3	5,458318E-1	3,796875E+3	4,501676E-1	3,796875E+3	5,539176E-1	3,796875E+3	3,875343E-1	3,796875E+3	5,627258E-1	3,796875E+3	3,328806E-1
3,798437E+3	5,578700E-1	3,798437E+3	5,216435E-1	3,798437E+3	5,573234E-1	3,798437E+3	5,203667E-1	3,798437E+3	5,583307E-1	3,798437E+3	5,197353E-1	3,798437E+3	5,570719E-1	3,798437E+3	5,087251E-1	3,798437E+3	5,511859E-1	3,798437E+3	4,535026E-1	3,798437E+3	5,536529E-1	3,798437E+3	3,902614E-1	3,798437E+3	5,612017E-1	3,798437E+3	3,236807E-1
3,800000E+3	5,590115E-1	3,800000E+3	5,170132E-1	3,800000E+3	5,590652E-1	3,800000E+3	5,229899E-1	3,800000E+3	5,605664E-1	3,800000E+3	5,205900E-1	3,800000E+3	5,568208E-1	3,800000E+3	5,108729E-1	3,800000E+3	5,519822E-1	3,800000E+3	4,538328E-1	3,800000E+3	5,520438E-1	3,800000E+3	3,961382E-1	3,800000E+3	5,621298E-1	3,800000E+3	3,290784E-1
3,801562E+3	5,575316E-1	3,801562E+3	5,219986E-1	3,801562E+3	5,582989E-1	3,801562E+3	5,230486E-1	3,801562E+3	5,582086E-1	3,801562E+3	5,230433E-1	3,801562E+3	5,573990E-1	3,801562E+3	5,117979E-1	3,801562E+3	5,512601E-1	3,801562E+3	4,546650E-1	3,801562E+3	5,540646E-1	3,801562E+3	3,924452E-1	3,801562E+3	5,700567E-1	3,801562E+3	3,496332E-1
3,803125E+3	5,597556E-1	3,803125E+3	5,250232E-1	3,803125E+3	5,604498E-1	3,803125E+3	5,229297E-1	3,803125E+3	5,636939E-1	3,803125E+3	5,244118E-1	3,803125E+3	5,603644E-1	3,803125E+3	5,141629E-1	3,803125E+3	5,500603E-1	3,803125E+3	4,539138E-1	3,803125E+3	5,592729E-1	3,803125E+3	3,882957E-1	3,803125E+3	5,594974E-1	3,803125E+3	3,510259E-1
3,804687E+3	5,604589E-1	3,804687E+3	5,279286E-1	3,804687E+3	5,605323E-1	3,804687E+3	5,260492E-1	3,804687E+3	5,629889E-1	3,804687E+3	5,248720E-1	3,804687E+3	5,605294E-1	3,804687E+3	5,144143E-1	3,804687E+3	5,505859E-1	3,804687E+3	4,601139E-1	3,804687E+3	5,576756E-1	3,804687E+3	3,997031E-1	3,804687E+3	5,629976E-1	3,804687E+3	3,492642E-1
3,806250E+3	5,610989E-1	3,806250E+3	5,278005E-1	3,806250E+3	5,615696E-1	3,806250E+3	5,296598E-1	3,806250E+3	5,648534E-1	3,806250E+3	5,291336E-1	3,806250E+3	5,614597E-1	3,806250E+3	5,163880E-1	3,806250E+3	5,559570E-1	3,806250E+3	4,616328E-1	3,806250E+3	5,510775E-1	3,806250E+3	4,009751E-1	3,806250E+3	5,636094E-1	3,806250E+3	3,544371E-1
3,807812E+3	5,629928E-1	3,807812E+3	5,310914E-1	3,807812E+3	5,609855E-1	3,807812E+3	5,309925E-1	3,807812E+3	5,665132E-1	3,807812E+3	5,286826E-1	3,807812E+3	5,620191E-1	3,807812E+3	5,189275E-1	3,807812E+3	5,509358E-1	3,807812E+3	4,598890E-1	3,807812E+3	5,496775E-1	3,807812E+3	4,057683E-1	3,807812E+3	5,542496E-1	3,807812E+3	3,491783E-1
3,809375E+3	5,626944E-1	3,809375E+3	5,259063E-1	3,809375E+3	5,613495E-1	3,809375E+3	5,297646E-1	3,809375E+3	5,639002E-1	3,809375E+3	5,303515E-1	3,809375E+3	5,608409E-1	3,809375E+3	5,226088E-1	3,809375E+3	5,524661E-1	3,809375E+3	4,640161E-1	3,809375E+3	5,495163E-1	3,809375E+3	4,075712E-1	3,809375E+3	5,545129E-1	3,809375E+3	3,458483E-1
3,810937E+3	5,635813E-1	3,810937E+3	5,265659E-1	3,810937E+3	5,626714E-1	3,810937E+3	5,297674E-1	3,810937E+3	5,648770E-1	3,810937E+3	5,317367E-1	3,810937E+3	5,619033E-1	3,810937E+3	5,194327E-1	3,810937E+3	5,509935E-1	3,810937E+3	4,627521E-1	3,810937E+3	5,491102E-1	3,810937E+3	4,039931E-1	3,810937E+3	5,575777E-1	3,810937E+3	3,528133E-1
3,812500E+3	5,641766E-1	3,812500E+3	5,334154E-1	3,812500E+3	5,672073E-1	3,812500E+3	5,303930E-1	3,812500E+3	5,686638E-1	3,812500E+3	5,309723E-1	3,812500E+3	5,622552E-1	3,812500E+3	5,225965E-1	3,812500E+3	5,442475E-1	3,812500E+3	4,627079E-1	3,812500E+3	5,522827E-1	3,812500E+3	3,989093E-1	3,812500E+3	5,540541E-1	3,812500E+3	3,483071E-1
3,814062E+3	5,622714E-1	3,814062E+3	5,346572E-1	3,814062E+3	5,661312E-1	3,814062E+3	5,363142E-1	3,814062E+3	5,680515E-1	3,814062E+3	5,362393E-1	3,814062E+3	5,652225E-1	3,814062E+3	5,229686E-1	3,814062E+3	5,495978E-1	3,814062E+3	4,685615E-1	3,814062E+3	5,486300E-1	3,814062E+3	4,053886E-1	3,814062E+3	5,541798E-1	3,814062E+3	3,477205E-1
3,815625E+3	5,605809E-1	3,815625E+3	5,301201E-1	3,815625E+3	5,680231E-1	3,815625E+3	5,376262E-1	3,815625E+3	5,690278E-1	3,815625E+3	5,353604E-1	3,815625E+3	5,649534E-1	3,815625E+3	5,250825E-1	3,815625E+3	5,566069E-1	3,815625E+3	4,662887E-1	3,815625E+3	5,467336E-1	3,815625E+3	4,087201E-1	3,815625E+3	5,501981E-1	3,815625E+3	3,573142E-1
3,817187E+3	5,649794E-1	3,817187E+3	5,314773E-1	3,817187E+3	5,718174E-1	3,817187E+3	5,394050E-1	3,817187E+3	5,695601E-1	3,817187E+3	5,342952E-1	3,817187E+3	5,657708E-1	3,817187E+3	5,246503E-1	3,817187E+3	5,494696E-1	3,817187E+3	4,675102E-1	3,817187E+3	5,506936E-1	3,817187E+3	4,056419E-1	3,817187E+3	5,528940E-1	3,817187E+3	3,657642E-1
3,818750E+3	5,667744E-1	3,818750E+3	5,383333E-1	3,818750E+3	5,714104E-1	3,818750E+3	5,400111E-1	3,818750E+3	5,728564E-1	3,818750E+3	5,373082E-1	3,818750E+3	5,636712E-1	3,818750E+3	5,258276E-1	3,818750E+3	5,476690E-1	3,818750E+3	4,775770E-1	3,818750E+3	5,583431E-1	3,818750E+3	4,087494E-1	3,818750E+3	5,671036E-1	3,818750E+3	3,631273E-1
3,820312E+3	5,674200E-1	3,820312E+3	5,399920E-1	3,820312E+3	5,699163E-1	3,820312E+3	5,397451E-1	3,820312E+3	5,728222E-1	3,820312E+3	5,391206E-1	3,820312E+3	5,694878E-1	3,820312E+3	5,266685E-1	3,820312E+3	5,547275E-1	3,820312E+3	4,769311E-1	3,820312E+3	5,572697E-1	3,820312E+3	4,205246E-1	3,820312E+3	5,556186E-1	3,820312E+3	3,611978E-1
3,821875E+3	5,682915E-1	3,821875E+3	5,412149E-1	3,821875E+3	5,690824E-1	3,821875E+3	5,386804E-1	3,821875E+3	5,743059E-1	3,821875E+3	5,394996E-1	3,821875E+3	5,685600E-1	3,821875E+3	5,300430E-1	3,821875E+3	5,558241E-1	3,821875E+3	4,726814E-1	3,821875E+3	5,611438E-1	3,821875E+3	4,169054E-1	3,821875E+3	5,470887E-1	3,821875E+3	3,628914E-1
3,823437E+3	5,697626E-1	3,823437E+3	5,403792E-1	3,823437E+3	5,715764E-1	3,823437E+3	5,405201E-1	3,823437E+3	5,734872E-1	3,823437E+3	5,415644E-1	3,823437E+3	5,689668E-1	3,823437E+3	5,294875E-1	3,823437E+3	5,485766E-1	3,823437E+3	4,730389E-1	3,823437E+3	5,550415E-1	3,823437E+3	4,143822E-1	3,823437E+3	5,479375E-1	3,823437E+3	3,687889E-1
3,825000E+3	5,696660E-1	3,825000E+3	5,419936E-1	3,825000E+3	5,746788E-1	3,825000E+3	5,422773E-1	3,825000E+3	5,734100E-1	3,825000E+3	5,406606E-1	3,825000E+3	5,702868E-1	3,825000E+3	5,316978E-1	3,825000E+3	5,510343E-1	3,825000E+3	4,761943E-1	3,825000E+3	5,540265E-1	3,825000E+3	4,234788E-1	3,825000E+3	5,581255E-1	3,825000E+3	3,732614E-1
3,826562E+3	5,718237E-1	3,826562E+3	5,402521E-1	3,826562E+3	5,745379E-1	3,826562E+3	5,454322E-1	3,826562E+3	5,754141E-1	3,826562E+3	5,429279E-1	3,826562E+3	5,706449E-1	3,826562E+3	5,323291E-1	3,826562E+3	5,531087E-1	3,826562E+3	4,807424E-1	3,826562E+3	5,467405E-1	3,826562E+3	4,241252E-1	3,826562E+3	5,518812E-1	3,826562E+3	3,748723E-1
3,828125E+3	5,723636E-1	3,828125E+3	5,402961E-1	3,828125E+3	5,740764E-1	3,828125E+3	5,443581E-1	3,828125E+3	5,768371E-1	3,828125E+3	5,445930E-1	3,828125E+3	5,681076E-1	3,828125E+3	5,348937E-1	3,828125E+3	5,587123E-1	3,828125E+3	4,804619E-1	3,828125E+3	5,507339E-1	3,828125E+3	4,232564E-1	3,828125E+3	5,372085E-1	3,828125E+3	3,729560E-1
3,829687E+3	5,688775E-1	3,829687E+3	5,459011E-1	3,829687E+3	5,731169E-1	3,829687E+3	5,442190E-1	3,829687E+3	5,769567E-1	3,829687E+3	5,431918E-1	3,829687E+3	5,722392E-1	3,829687E+3	5,356303E-1	3,829687E+3	5,558312E-1	3,829687E+3	4,839885E-1	3,829687E+3	5,583169E-1	3,829687E+3	4,222647E-1	3,829687E+3	5,369700E-1	3,829687E+3	3,705489E-1
3,831250E+3	5,702899E-1	3,831250E+3	5,484182E-1	3,831250E+3	5,767411E-1	3,831250E+3	5,461752E-1	3,831250E+3	5,771824E-1	3,831250E+3	5,429441E-1	3,831250E+3	5,708930E-1	3,831250E+3	5,347288E-1	3,831250E+3	5,593737E-1	3,831250E+3	4,850920E-1	3,831250E+3	5,579875E-1	3,831250E+3	4,196943E-1	3,831250E+3	5,478802E-1	3,831250E+3	3,737490E-1
3,832812E+3	5,724764E-1	3,832812E+3	5,435087E-1	3,832812E+3	5,783584E-1	3,832812E+3	5,480175E-1	3,832812E+3	5,786495E-1	3,832812E+3	5,454990E-1	3,832812E+3	5,704273E-1	3,832812E+3	5,363237E-1	3,832812E+3	5,569843E-1	3,832812E+3	4,854373E-1	3,832812E+3	5,464096E-1	3,832812E+3	4,319071E-1	3,832812E+3	5,649229E-1	3,832812E+3	3,856720E-1
3,834375E+3	5,766511E-1	3,834375E+3	5,461298E-1	3,834375E+3	5,780966E-1	3,834375E+3	5,481684E-1	3,834375E+3	5,811173E-1	3,834375E+3	5,450775E-1	3,834375E+3	5,719574E-1	3,834375E+3	5,344680E-1	3,834375E+3	5,528498E-1	3,834375E+3	4,873268E-1	3,834375E+3	5,562839E-1	3,834375E+3	4,348757E-1	3,834375E+3	5,458930E-1	3,834375E+3	3,828377E-1
3,835937E+3	5,763132E-1	3,835937E+3	5,495885E-1	3,835937E+3	5,803482E-1	3,835937E+3	5,476231E-1	3,835937E+3	5,816292E-1	3,835937E+3	5,488110E-1	3,835937E+3	5,734135E-1	3,835937E+3	5,370275E-1	3,835937E+3	5,588001E-1	3,835937E+3	4,844408E-1	3,835937E+3	5,585126E-1	3,835937E+3	4,438027E-1	3,835937E+3	5,477989E-1	3,835937E+3	3,851328E-1
3,837500E+3	5,758901E-1	3,837500E+3	5,473539E-1	3,837500E+3	5,812021E-1	3,837500E+3	5,514690E-1	3,837500E+3	5,828431E-1	3,837500E+3	5,493799E-1	3,837500E+3	5,767699E-1	3,837500E+3	5,371672E-1	3,837500E+3	5,624803E-1	3,837500E+3	4,899820E-1	3,837500E+3	5,626383E-1	3,837500E+3	4,462440E-1	3,837500E+3	5,415874E-1	3,837500E+3	3,942107E-1
3,839062E+3	5,786272E-1	3,839062E+3	5,430923E-1	3,839062E+3	5,795147E-1	3,839062E+3	5,527787E-1	3,839062E+3	5,826713E-1	3,839062E+3	5,511834E-1	3,839062E+3	5,763289E-1	3,839062E+3	5,395924E-1	3,839062E+3	5,590184E-1	3,839062E+3	4,970422E-1	3,839062E+3	5,624355E-1	3,839062E+3	4,277002E-1	3,839062E+3	5,462549E-1	3,839062E+3	3,907360E-1
3,840625E+3	5,799894E-1	3,840625E+3	5,480798E-1	3,840625E+3	5,807195E-1	3,840625E+3	5,509527E-1	3,840625E+3	5,840828E-1	3,840625E+3	5,520094E-1	3,840625E+3	5,759411E-1	3,840625E+3	5,440353E-1	3,840625E+3	5,554029E-1	3,840625E+3	4,869073E-1	3,840625E+3	5,489227E-1	3,840625E+3	4,242409E-1	3,840625E+3	5,438232E-1	3,840625E+3	3,947731E-1
3,842187E+3	5,760084E-1	3,842187E+3	5,548615E-1	3,842187E+3	5,831850E-1	3,842187E+3	5,509682E-1	3,842187E+3	5,830214E-1	3,842187E+3	5,513246E-1	3,842187E+3	5,754837E-1	3,842187E+3	5,427673E-1	3,842187E+3	5,529074E-1	3,842187E+3	4,916551E-1	3,842187E+3	5,487327E-1	3,842187E+3	4,161950E-1	3,842187E+3	5,526344E-1	3,842187E+3	3,964233E-1
3,843750E+3	5,747525E-1	3,843750E+3	5,530692E-1	3,843750E+3	5,815684E-1	3,843750E+3	5,542783E-1	3,843750E+3	5,857559E-1	3,843750E+3	5,495578E-1	3,843750E+3	5,775297E-1	3,843750E+3	5,409154E-1	3,843750E+3	5,571617E-1	3,843750E+3	4,988620E-1	3,843750E+3	5,573524E-1	3,843750E+3	4,223093E-1	3,843750E+3	5,409566E-1	3,843750E+3	4,013527E-1
3,845312E+3	5,773362E-1	3,845312E+3	5,513088E-1	3,845312E+3	5,808321E-1	3,845312E+3	5,552717E-1	3,845312E+3	5,855419E-1	3,845312E+3	5,521812E-1	3,845312E+3	5,798715E-1	3,845312E+3	5,431180E-1	3,845312E+3	5,577499E-1	3,845312E+3	5,010991E-1	3,845312E+3	5,595213E-1	3,845312E+3	4,328435E-1	3,845312E+3	5,347149E-1	3,845312E+3	4,029669E-1
3,846875E+3	5,838916E-1	3,846875E+3	5,475651E-1	3,846875E+3	5,827233E-1	3,846875E+3	5,502185E-1	3,846875E+3	5,893249E-1	3,846875E+3	5,504644E-1	3,846875E+3	5,809297E-1	3,846875E+3	5,430291E-1	3,846875E+3	5,659264E-1	3,846875E+3	4,983144E-1	3,846875E+3	5,559591E-1	3,846875E+3	4,365000E-1	3,846875E+3	5,514572E-1	3,846875E+3	4,031860E-1
3,848437E+3	5,899901E-1	3,848437E+3	5,464487E-1	3,848437E+3	5,860198E-1	3,848437E+3	5,517649E-1	3,848437E+3	5,864328E-1	3,848437E+3	5,528691E-1	3,848437E+3	5,816874E-1	3,848437E+3	5,447446E-1	3,848437E+3	5,568565E-1	3,848437E+3	4,909612E-1	3,848437E+3	5,467937E-1	3,848437E+3	4,476924E-1	3,848437E+3	5,390949E-1	3,848437E+3	4,182485E-1
3,850000E+3	5,853115E-1	3,850000E+3	5,539692E-1	3,850000E+3	5,900619E-1	3,850000E+3	5,555067E-1	3,850000E+3	5,868120E-1	3,850000E+3	5,526050E-1	3,850000E+3	5,778230E-1	3,850000E+3	5,429249E-1	3,850000E+3	5,432691E-1	3,850000E+3	4,933450E-1	3,850000E+3	5,443890E-1	3,850000E+3	4,540018E-1	3,850000E+3	5,473401E-1	3,850000E+3	4,011443E-1
3,851562E+3	5,787408E-1	3,851562E+3	5,540566E-1	3,851562E+3	5,896418E-1	3,851562E+3	5,545137E-1	3,851562E+3	5,898071E-1	3,851562E+3	5,534540E-1	3,851562E+3	5,818153E-1	3,851562E+3	5,473727E-1	3,851562E+3	5,478478E-1	3,851562E+3	4,976563E-1	3,851562E+3	5,537694E-1	3,851562E+3	4,572641E-1	3,851562E+3	5,666220E-1	3,851562E+3	3,880218E-1
3,853125E+3	5,845048E-1	3,853125E+3	5,522127E-1	3,853125E+3	5,894602E-1	3,853125E+3	5,558149E-1	3,853125E+3	5,904720E-1	3,853125E+3	5,550162E-1	3,853125E+3	5,832569E-1	3,853125E+3	5,448591E-1	3,853125E+3	5,555118E-1	3,853125E+3	4,987215E-1	3,853125E+3	5,478961E-1	3,853125E+3	4,401364E-1	3,853125E+3	5,517373E-1	3,853125E+3	3,871587E-1
3,854687E+3	5,894760E-1	3,854687E+3	5,577350E-1	3,854687E+3	5,903033E-1	3,854687E+3	5,568687E-1	3,854687E+3	5,899262E-1	3,854687E+3	5,549352E-1	3,854687E+3	5,835919E-1	3,854687E+3	5,468096E-1	3,854687E+3	5,567917E-1	3,854687E+3	4,974283E-1	3,854687E+3	5,392782E-1	3,854687E+3	4,466119E-1	3,854687E+3	5,574174E-1	3,854687E+3	3,793520E-1
3,856250E+3	5,923528E-1	3,856250E+3	5,580306E-1	3,856250E+3	5,914755E-1	3,856250E+3	5,586673E-1	3,856250E+3	5,948559E-1	3,856250E+3	5,527417E-1	3,856250E+3	5,861023E-1	3,856250E+3	5,517250E-1	3,856250E+3	5,643096E-1	3,856250E+3	5,034565E-1	3,856250E+3	5,377706E-1	3,856250E+3	4,504654E-1	3,856250E+3	5,515323E-1	3,856250E+3	3,808406E-1
3,857812E+3	5,909811E-1	3,857812E+3	5,551744E-1	3,857812E+3	5,922222E-1	3,857812E+3	5,572677E-1	3,857812E+3	5,929138E-1	3,857812E+3	5,561459E-1	3,857812E+3	5,857090E-1	3,857812E+3	5,495768E-1	3,857812E+3	5,664673E-1	3,857812E+3	4,981702E-1	3,857812E+3	5,520519E-1	3,857812E+3	4,518678E-1	3,857812E+3	5,304933E-1	3,857812E+3	3,831875E-1
3,859375E+3	5,881842E-1	3,859375E+3	5,574935E-1	3,859375E+3	5,910061E-1	3,859375E+3	5,561569E-1	3,859375E+3	5,930235E-1	3,859375E+3	5,559086E-1	3,859375E+3	5,861736E-1	3,859375E+3	5,486170E-1	3,859375E+3	5,633184E-1	3,859375E+3	5,018828E-1	3,859375E+3	5,632211E-1	3,859375E+3	4,466424E-1	3,859375E+3	5,630011E-1	3,859375E+3	4,195441E-1
3,860937E+3	5,914746E-1	3,860937E+3	5,519464E-1	3,860937E+3	5,945548E-1	3,860937E+3	5,587917E-1	3,860937E+3	5,967899E-1	3,860937E+3	5,567344E-1	3,860937E+3	5,880238E-1	3,860937E+3	5,492837E-1	3,860937E+3	5,632913E-1	3,860937E+3	5,012391E-1	3,860937E+3	5,523271E-1	3,860937E+3	4,522626E-1	3,860937E+3	5,609803E-1	3,860937E+3	4,053502E-1
3,862500E+3	5,905331E-1	3,862500E+3	5,601763E-1	3,862500E+3	5,932664E-1	3,862500E+3	5,596128E-1	3,862500E+3	5,960299E-1	3,862500E+3	5,570182E-1	3,862500E+3	5,885997E-1	3,862500E+3	5,521936E-1	3,862500E+3	5,623426E-1	3,862500E+3	5,010107E-1	3,862500E+3	5,370290E-1	3,862500E+3	4,598802E-1	3,862500E+3	5,426103E-1	3,862500E+3	3,946764E-1
3,864062E+3	5,961417E-1	3,864062E+3	5,627210E-1	3,864062E+3	5,940638E-1	3,864062E+3	5,598109E-1	3,864062E+3	5,970492E-1	3,864062E+3	5,551358E-1	3,864062E+3	5,922065E-1	3,864062E+3	5,520520E-1	3,864062E+3	5,643284E-1	3,864062E+3	4,977072E-1	3,864062E+3	5,333607E-1	3,864062E+3	4,592165E-1	3,864062E+3	5,407881E-1	3,864062E+3	3,983567E-1
3,865625E+3	5,994622E-1	3,865625E+3	5,600295E-1	3,865625E+3	5,956498E-1	3,865625E+3	5,577790E-1	3,865625E+3	5,969819E-1	3,865625E+3	5,582288E-1	3,865625E+3	5,917808E-1	3,865625E+3	5,494216E-1	3,865625E+3	5,665157E-1	3,865625E+3	5,029086E-1	3,865625E+3	5,575272E-1	3,865625E+3	4,423431E-1	3,865625E+3	5,343749E-1	3,865625E+3	4,158862E-1
3,867187E+3	5,916580E-1	3,867187E+3	5,604508E-1	3,867187E+3	5,942683E-1	3,867187E+3	5,569736E-1	3,867187E+3	5,970744E-1	3,867187E+3	5,572213E-1	3,867187E+3	5,918779E-1	3,867187E+3	5,517526E-1	3,867187E+3	5,782055E-1	3,867187E+3	5,055365E-1	3,867187E+3	5,580172E-1	3,867187E+3	4,482602E-1	3,867187E+3	5,405271E-1	3,867187E+3	4,032765E-1
3,868750E+3	5,933534E-1	3,868750E+3	5,616231E-1	3,868750E+3	5,979573E-1	3,868750E+3	5,566748E-1	3,868750E+3	5,982880E-1	3,868750E+3	5,565919E-1	3,868750E+3	5,947882E-1	3,868750E+3	5,476170E-1	3,868750E+3	5,731313E-1	3,868750E+3	4,979995E-1	3,868750E+3	5,517449E-1	3,868750E+3	4,665368E-1	3,868750E+3	5,636211E-1	3,868750E+3	3,887432E-1
3,870312E+3	5,999517E-1	3,870312E+3	5,631264E-1	3,870312E+3	5,980490E-1	3,870312E+3	5,596990E-1	3,870312E+3	5,988068E-1	3,870312E+3	5,577882E-1	3,870312E+3	5,952444E-1	3,870312E+3	5,504237E-1	3,870312E+3	5,708481E-1	3,870312E+3	5,060681E-1	3,870312E+3	5,389756E-1	3,870312E+3	4,620361E-1	3,870312E+3	5,487669E-1	3,870312E+3	3,853359E-1
3,871875E+3	5,998933E-1	3,871875E+3	5,662527E-1	3,871875E+3	5,990622E-1	3,871875E+3	5,595728E-1	3,871875E+3	6,013340E-1	3,871875E+3	5,585367E-1	3,871875E+3	5,967688E-1	3,871875E+3	5,503315E-1	3,871875E+3	5,664061E-1	3,871875E+3	5,088522E-1	3,871875E+3	5,609832E-1	3,871875E+3	4,554666E-1	3,871875E+3	5,398921E-1	3,871875E+3	3,783871E-1
3,873437E+3	6,030364E-1	3,873437E+3	5,596597E-1	3,873437E+3	5,986972E-1	3,873437E+3	5,600705E-1	3,873437E+3	6,012235E-1	3,873437E+3	5,583168E-1	3,873437E+3	5,957832E-1	3,873437E+3	5,490296E-1	3,873437E+3	5,733571E-1	3,873437E+3	5,021350E-1	3,873437E+3	5,764125E-1	3,873437E+3	4,536083E-1	3,873437E+3	5,450721E-1	3,873437E+3	4,058804E-1
3,875000E+3	6,000479E-1	3,875000E+3	5,564319E-1	3,875000E+3	6,012224E-1	3,875000E+3	5,588564E-1	3,875000E+3	6,005496E-1	3,875000E+3	5,590325E-1	3,875000E+3	5,959093E-1	3,875000E+3	5,512037E-1	3,875000E+3	5,655759E-1	3,875000E+3	5,005388E-1	3,875000E+3	5,607699E-1	3,875000E+3	4,516606E-1	3,875000E+3	5,441517E-1	3,875000E+3	4,050754E-1
3,876562E+3	6,015240E-1	3,876562E+3	5,523503E-1	3,876562E+3	6,025907E-1	3,876562E+3	5,582035E-1	3,876562E+3	6,043945E-1	3,876562E+3	5,587221E-1	3,876562E+3	5,968949E-1	3,876562E+3	5,544268E-1	3,876562E+3	5,713057E-1	3,876562E+3	5,061220E-1	3,876562E+3	5,634021E-1	3,876562E+3	4,474543E-1	3,876562E+3	5,285814E-1	3,876562E+3	4,046098E-1
3,878125E+3	6,006616E-1	3,878125E+3	5,554707E-1	3,878125E+3	6,016937E-1	3,878125E+3	5,604893E-1	3,878125E+3	6,053937E-1	3,878125E+3	5,574170E-1	3,878125E+3	5,978950E-1	3,878125E+3	5,507283E-1	3,878125E+3	5,617439E-1	3,878125E+3	5,087394E-1	3,878125E+3	5,714136E-1	3,878125E+3	4,503590E-1	3,878125E+3	5,190764E-1	3,878125E+3	4,153812E-1
3,879687E+3	5,970117E-1	3,879687E+3	5,621207E-1	3,879687E+3	6,001142E-1	3,879687E+3	5,633929E-1	3,879687E+3	6,045440E-1	3,879687E+3	5,575497E-1	3,879687E+3	5,974946E-1	3,879687E+3	5,524153E-1	3,879687E+3	5,680049E-1	3,879687E+3	5,048936E-1	3,879687E+3	5,755356E-1	3,879687E+3	4,564533E-1	3,879687E+3	5,224123E-1	3,879687E+3	4,265996E-1
3,881250E+3	5,948000E-1	3,881250E+3	5,617925E-1	3,881250E+3	6,062848E-1	3,881250E+3	5,602507E-1	3,881250E+3	6,051407E-1	3,881250E+3	5,581950E-1	3,881250E+3	6,000563E-1	3,881250E+3	5,537681E-1	3,881250E+3	5,728258E-1	3,881250E+3	5,089363E-1	3,881250E+3	5,581780E-1	3,881250E+3	4,598998E-1	3,881250E+3	5,274912E-1	3,881250E+3	4,142988E-1
3,882812E+3	6,041619E-1	3,882812E+3	5,581173E-1	3,882812E+3	6,049057E-1	3,882812E+3	5,624645E-1	3,882812E+3	6,065312E-1	3,882812E+3	5,588435E-1	3,882812E+3	6,020773E-1	3,882812E+3	5,502174E-1	3,882812E+3	5,805766E-1	3,882812E+3	5,118564E-1	3,882812E+3	5,503232E-1	3,882812E+3	4,499417E-1	3,882812E+3	5,335256E-1	3,882812E+3	4,164997E-1
3,884375E+3	6,004236E-1	3,884375E+3	5,618238E-1	3,884375E+3	6,009658E-1	3,884375E+3	5,615849E-1	3,884375E+3	6,083051E-1	3,884375E+3	5,590486E-1	3,884375E+3	6,013195E-1	3,884375E+3	5,499861E-1	3,884375E+3	5,787003E-1	3,884375E+3	5,036652E-1	3,884375E+3	5,488078E-1	3,884375E+3	4,635511E-1	3,884375E+3	5,533440E-1	3,884375E+3	3,986402E-1
3,885937E+3	5,969157E-1	3,885937E+3	5,630048E-1	3,885937E+3	6,043924E-1	3,885937E+3	5,569801E-1	3,885937E+3	6,085147E-1	3,885937E+3	5,579891E-1	3,885937E+3	5,999157E-1	3,885937E+3	5,507774E-1	3,885937E+3	5,740552E-1	3,885937E+3	5,040935E-1	3,885937E+3	5,407173E-1	3,885937E+3	4,655771E-1	3,885937E+3	5,542586E-1	3,885937E+3	3,929975E-1
3,887500E+3	5,983951E-1	3,887500E+3	5,582531E-1	3,887500E+3	6,094680E-1	3,887500E+3	5,611236E-1	3,887500E+3	6,097599E-1	3,887500E+3	5,596989E-1	3,887500E+3	6,024998E-1	3,887500E+3	5,494897E-1	3,887500E+3	5,718194E-1	3,887500E+3	5,035472E-1	3,887500E+3	5,608268E-1	3,887500E+3	4,678289E-1	3,887500E+3	5,305127E-1	3,887500E+3	3,935061E-1
3,889062E+3	5,987253E-1	3,889062E+3	5,620011E-1	3,889062E+3	6,079921E-1	3,889062E+3	5,619657E-1	3,889062E+3	6,095801E-1	3,889062E+3	5,604154E-1	3,889062E+3	5,998725E-1	3,889062E+3	5,521065E-1	3,889062E+3	5,782673E-1	3,889062E+3	5,137059E-1	3,889062E+3	5,639334E-1	3,889062E+3	4,644124E-1	3,889062E+3	5,364529E-1	3,889062E+3	4,461874E-1
3,890625E+3	6,045924E-1	3,890625E+3	5,581021E-1	3,890625E+3	6,105966E-1	3,890625E+3	5,623694E-1	3,890625E+3	6,092303E-1	3,890625E+3	5,580567E-1	3,890625E+3	6,018371E-1	3,890625E+3	5,533418E-1	3,890625E+3	5,902927E-1	3,890625E+3	5,211869E-1	3,890625E+3	5,384682E-1	3,890625E+3	4,590571E-1	3,890625E+3	5,537069E-1	3,890625E+3	4,207447E-1
3,892187E+3	6,066528E-1	3,892187E+3	5,591413E-1	3,892187E+3	6,107844E-1	3,892187E+3	5,621257E-1	3,892187E+3	6,128443E-1	3,892187E+3	5,585121E-1	3,892187E+3	6,059923E-1	3,892187E+3	5,524409E-1	3,892187E+3	5,864605E-1	3,892187E+3	5,116863E-1	3,892187E+3	5,466245E-1	3,892187E+3	4,674661E-1	3,892187E+3	5,518670E-1	3,892187E+3	3,989583E-1
3,893750E+3	6,066732E-1	3,893750E+3	5,631833E-1	3,893750E+3	6,116210E-1	3,893750E+3	5,609761E-1	3,893750E+3	6,109449E-1	3,893750E+3	5,602979E-1	3,893750E+3	6,038509E-1	3,893750E+3	5,531931E-1	3,893750E+3	5,930896E-1	3,893750E+3	5,081069E-1	3,893750E+3	5,541238E-1	3,893750E+3	4,707671E-1	3,893750E+3	5,456580E-1	3,893750E+3	4,076046E-1
3,895312E+3	6,075324E-1	3,895312E+3	5,628020E-1	3,895312E+3	6,122927E-1	3,895312E+3	5,619583E-1	3,895312E+3	6,127676E-1	3,895312E+3	5,564329E-1	3,895312E+3	6,043381E-1	3,895312E+3	5,474697E-1	3,895312E+3	5,841318E-1	3,895312E+3	5,129614E-1	3,895312E+3	5,470941E-1	3,895312E+3	4,638444E-1	3,895312E+3	5,103257E-1	3,895312E+3	4,158168E-1
3,896875E+3	6,117964E-1	3,896875E+3	5,556931E-1	3,896875E+3	6,168805E-1	3,896875E+3	5,576199E-1	3,896875E+3	6,142420E-1	3,896875E+3	5,554198E-1	3,896875E+3	6,086449E-1	3,896875E+3	5,515311E-1	3,896875E+3	5,814289E-1	3,896875E+3	5,117484E-1	3,896875E+3	5,562424E-1	3,896875E+3	4,521213E-1	3,896875E+3	5,282112E-1	3,896875E+3	3,790354E-1
3,898437E+3	6,205426E-1	3,898437E+3	5,517502E-1	3,898437E+3	6,171452E-1	3,898437E+3	5,576737E-1	3,898437E+3	6,167131E-1	3,898437E+3	5,558921E-1	3,898437E+3	6,091020E-1	3,898437E+3	5,565081E-1	3,898437E+3	5,859244E-1	3,898437E+3	5,174125E-1	3,898437E+3	5,529111E-1	3,898437E+3	4,445620E-1	3,898437E+3	5,272968E-1	3,898437E+3	3,751381E-1
3,900000E+3	6,172083E-1	3,900000E+3	5,556552E-1	3,900000E+3	6,142204E-1	3,900000E+3	5,594797E-1	3,900000E+3	6,179253E-1	3,900000E+3	5,583032E-1	3,900000E+3	6,116480E-1	3,900000E+3	5,502361E-1	3,900000E+3	5,809927E-1	3,900000E+3	5,063884E-1	3,900000E+3	5,683845E-1	3,900000E+3	4,612608E-1	3,900000E+3	5,371289E-1	3,900000E+3	4,139823E-1
3,901562E+3	6,127757E-1	3,901562E+3	5,613060E-1	3,901562E+3	6,164140E-1	3,901562E+3	5,570669E-1	3,901562E+3	6,169761E-1	3,901562E+3	5,579715E-1	3,901562E+3	6,074753E-1	3,901562E+3	5,503148E-1	3,901562E+3	5,865933E-1	3,901562E+3	5,048341E-1	3,901562E+3	5,487047E-1	3,901562E+3	4,723179E-1	3,901562E+3	5,353031E-1	3,901562E+3	4,118496E-1
3,903125E+3	6,075089E-1	3,903125E+3	5,669199E-1	3,903125E+3	6,126393E-1	3,903125E+3	5,615809E-1	3,903125E+3	6,176422E-1	3,903125E+3	5,563668E-1	3,903125E+3	6,103669E-1	3,903125E+3	5,526883E-1	3,903125E+3	5,866180E-1	3,903125E+3	5,087217E-1	3,903125E+3	5,507052E-1	3,903125E+3	4,506064E-1	3,903125E+3	5,426838E-1	3,903125E+3	4,066341E-1
3,904687E+3	6,147167E-1	3,904687E+3	5,619124E-1	3,904687E+3	6,150286E-1	3,904687E+3	5,597007E-1	3,904687E+3	6,176968E-1	3,904687E+3	5,562799E-1	3,904687E+3	6,158293E-1	3,904687E+3	5,486012E-1	3,904687E+3	5,817940E-1	3,904687E+3	5,233808E-1	3,904687E+3	5,664891E-1	3,904687E+3	4,440799E-1	3,904687E+3	5,379375E-1	3,904687E+3	3,958209E-1
3,906250E+3	6,225995E-1	3,906250E+3	5,633196E-1	3,906250E+3	6,189623E-1	3,906250E+3	5,576920E-1	3,906250E+3	6,195834E-1	3,906250E+3	5,550904E-1	3,906250E+3	6,122097E-1	3,906250E+3	5,489538E-1	3,906250E+3	5,855039E-1	3,906250E+3	5,142407E-1	3,906250E+3	5,666839E-1	3,906250E+3	4,574482E-1	3,906250E+3	5,271455E-1	3,906250E+3	4,017763E-1
3,907812E+3	6,136208E-1	3,907812E+3	5,567928E-1	3,907812E+3	6,203706E-1	3,907812E+3	5,579901E-1	3,907812E+3	6,203635E-1	3,907812E+3	5,559900E-1	3,907812E+3	6,122731E-1	3,907812E+3	5,498696E-1	3,907812E+3	5,808470E-1	3,907812E+3	5,137067E-1	3,907812E+3	5,609823E-1	3,907812E+3	4,579135E-1	3,907812E+3	5,534706E-1	3,907812E+3	4,161095E-1
3,909375E+3	6,148218E-1	3,909375E+3	5,541442E-1	3,909375E+3	6,234210E-1	3,909375E+3	5,577430E-1	3,909375E+3	6,205548E-1	3,909375E+3	5,542748E-1	3,909375E+3	6,149744E-1	3,909375E+3	5,508304E-1	3,909375E+3	5,723181E-1	3,909375E+3	5,153053E-1	3,909375E+3	5,793086E-1	3,909375E+3	4,460511E-1	3,909375E+3	5,479504E-1	3,909375E+3	4,124660E-1
3,910937E+3	6,165227E-1	3,910937E+3	5,522961E-1	3,910937E+3	6,240672E-1	3,910937E+3	5,572125E-1	3,910937E+3	6,237663E-1	3,910937E+3	5,537575E-1	3,910937E+3	6,156541E-1	3,910937E+3	5,477665E-1	3,910937E+3	5,858176E-1	3,910937E+3	5,150888E-1	3,910937E+3	5,726779E-1	3,910937E+3	4,397622E-1	3,910937E+3	5,423674E-1	3,910937E+3	4,151851E-1
3,912500E+3	6,194304E-1	3,912500E+3	5,539958E-1	3,912500E+3	6,233239E-1	3,912500E+3	5,592710E-1	3,912500E+3	6,228861E-1	3,912500E+3	5,538484E-1	3,912500E+3	6,106716E-1	3,912500E+3	5,468143E-1	3,912500E+3	5,770797E-1	3,912500E+3	4,981777E-1	3,912500E+3	5,594381E-1	3,912500E+3	4,385465E-1	3,912500E+3	5,384053E-1	3,912500E+3	4,188774E-1
3,914062E+3	6,235856E-1	3,914062E+3	5,563345E-1	3,914062E+3	6,253334E-1	3,914062E+3	5,542546E-1	3,914062E+3	6,229244E-1	3,914062E+3	5,541856E-1	3,914062E+3	6,139730E-1	3,914062E+3	5,426291E-1	3,914062E+3	5,839563E-1	3,914062E+3	4,989436E-1	3,914062E+3	5,668637E-1	3,914062E+3	4,513063E-1	3,914062E+3	5,417535E-1	3,914062E+3	4,042631E-1
3,915625E+3	6,241713E-1	3,915625E+3	5,575638E-1	3,915625E+3	6,252412E-1	3,915625E+3	5,580649E-1	3,915625E+3	6,242305E-1	3,915625E+3	5,562557E-1	3,915625E+3	6,202594E-1	3,915625E+3	5,453693E-1	3,915625E+3	5,873523E-1	3,915625E+3	5,039729E-1	3,915625E+3	5,605797E-1	3,915625E+3	4,669859E-1	3,915625E+3	5,317285E-1	3,915625E+3	3,957877E-1
3,917187E+3	6,246450E-1	3,917187E+3	5,578814E-1	3,917187E+3	6,250571E-1	3,917187E+3	5,557094E-1	3,917187E+3	6,268267E-1	3,917187E+3	5,525467E-1	3,917187E+3	6,186343E-1	3,917187E+3	5,473766E-1	3,917187E+3	5,874391E-1	3,917187E+3	5,047735E-1	3,917187E+3	5,630391E-1	3,917187E+3	4,687602E-1	3,917187E+3	5,676190E-1	3,917187E+3	4,050770E-1
3,918750E+3	6,263168E-1	3,918750E+3	5,560643E-1	3,918750E+3	6,257015E-1	3,918750E+3	5,545119E-1	3,918750E+3	6,245373E-1	3,918750E+3	5,520040E-1	3,918750E+3	6,157508E-1	3,918750E+3	5,476892E-1	3,918750E+3	5,919059E-1	3,918750E+3	4,971643E-1	3,918750E+3	5,566234E-1	3,918750E+3	4,592189E-1	3,918750E+3	5,739520E-1	3,918750E+3	3,858590E-1
3,920312E+3	6,273114E-1	3,920312E+3	5,525003E-1	3,920312E+3	6,284238E-1	3,920312E+3	5,545519E-1	3,920312E+3	6,290296E-1	3,920312E+3	5,500333E-1	3,920312E+3	6,183798E-1	3,920312E+3	5,492691E-1	3,920312E+3	5,850592E-1	3,920312E+3	4,974585E-1	3,920312E+3	5,604685E-1	3,920312E+3	4,513563E-1	3,920312E+3	5,592925E-1	3,920312E+3	3,797329E-1
3,921875E+3	6,239564E-1	3,921875E+3	5,555102E-1	3,921875E+3	6,302571E-1	3,921875E+3	5,545944E-1	3,921875E+3	6,293787E-1	3,921875E+3	5,522832E-1	3,921875E+3	6,248542E-1	3,921875E+3	5,511242E-1	3,921875E+3	5,850297E-1	3,921875E+3	5,085837E-1	3,921875E+3	5,604058E-1	3,921875E+3	4,583241E-1	3,921875E+3	5,708037E-1	3,921875E+3	3,846529E-1
3,923437E+3	6,254270E-1	3,923437E+3	5,561833E-1	3,923437E+3	6,311160E-1	3,923437E+3	5,545028E-1	3,923437E+3	6,307682E-1	3,923437E+3	5,511880E-1	3,923437E+3	6,261655E-1	3,923437E+3	5,448347E-1	3,923437E+3	5,927591E-1	3,923437E+3	5,100866E-1	3,923437E+3	5,646610E-1	3,923437E+3	4,652943E-1	3,923437E+3	5,974997E-1	3,923437E+3	4,011767E-1
3,925000E+3	6,299985E-1	3,925000E+3	5,472413E-1	3,925000E+3	6,326865E-1	3,925000E+3	5,543681E-1	3,925000E+3	6,335154E-1	3,925000E+3	5,471726E-1	3,925000E+3	6,237039E-1	3,925000E+3	5,436405E-1	3,925000E+3	5,934607E-1	3,925000E+3	5,114049E-1	3,925000E+3	5,648603E-1	3,925000E+3	4,578481E-1	3,925000E+3	5,771568E-1	3,925000E+3	3,948348E-1
3,926562E+3	6,309415E-1	3,926562E+3	5,456682E-1	3,926562E+3	6,313346E-1	3,926562E+3	5,513245E-1	3,926562E+3	6,330435E-1	3,926562E+3	5,511721E-1	3,926562E+3	6,271521E-1	3,926562E+3	5,434401E-1	3,926562E+3	5,942822E-1	3,926562E+3	5,086677E-1	3,926562E+3	5,605548E-1	3,926562E+3	4,504274E-1	3,926562E+3	5,706518E-1	3,926562E+3	3,881868E-1
3,928125E+3	6,271547E-1	3,928125E+3	5,520028E-1	3,928125E+3	6,312431E-1	3,928125E+3	5,505874E-1	3,928125E+3	6,366623E-1	3,928125E+3	5,508443E-1	3,928125E+3	6,273772E-1	3,928125E+3	5,425271E-1	3,928125E+3	5,984579E-1	3,928125E+3	5,045773E-1	3,928125E+3	5,638308E-1	3,928125E+3	4,580847E-1	3,928125E+3	5,694372E-1	3,928125E+3	3,823439E-1
3,929687E+3	6,229521E-1	3,929687E+3	5,593300E-1	3,929687E+3	6,329125E-1	3,929687E+3	5,501493E-1	3,929687E+3	6,328659E-1	3,929687E+3	5,494638E-1	3,929687E+3	6,226515E-1	3,929687E+3	5,436075E-1	3,929687E+3	5,959841E-1	3,929687E+3	4,998400E-1	3,929687E+3	5,717157E-1	3,929687E+3	4,597224E-1	3,929687E+3	5,378880E-1	3,929687E+3	3,924883E-1
3,931250E+3	6,308786E-1	3,931250E+3	5,515881E-1	3,931250E+3	6,362986E-1	3,931250E+3	5,528999E-1	3,931250E+3	6,357432E-1	3,931250E+3	5,482396E-1	3,931250E+3	6,256510E-1	3,931250E+3	5,410916E-1	3,931250E+3	5,950632E-1	3,931250E+3	4,986130E-1	3,931250E+3	5,784659E-1	3,931250E+3	4,556421E-1	3,931250E+3	5,471787E-1	3,931250E+3	3,869891E-1
3,932812E+3	6,301020E-1	3,932812E+3	5,472981E-1	3,932812E+3	6,368882E-1	3,932812E+3	5,504173E-1	3,932812E+3	6,361707E-1	3,932812E+3	5,497674E-1	3,932812E+3	6,261278E-1	3,932812E+3	5,421645E-1	3,932812E+3	5,956281E-1	3,932812E+3	4,966216E-1	3,932812E+3	5,671854E-1	3,932812E+3	4,496201E-1	3,932812E+3	5,658995E-1	3,932812E+3	3,738594E-1
3,934375E+3	6,320331E-1	3,934375E+3	5,506791E-1	3,934375E+3	6,391497E-1	3,934375E+3	5,478236E-1	3,934375E+3	6,393917E-1	3,934375E+3	5,432827E-1	3,934375E+3	6,274345E-1	3,934375E+3	5,445014E-1	3,934375E+3	6,027491E-1	3,934375E+3	5,063835E-1	3,934375E+3	5,763819E-1	3,934375E+3	4,566913E-1	3,934375E+3	5,789986E-1	3,934375E+3	3,986454E-1
3,935937E+3	6,327747E-1	3,935937E+3	5,475859E-1	3,935937E+3	6,395957E-1	3,935937E+3	5,479818E-1	3,935937E+3	6,381088E-1	3,935937E+3	5,444318E-1	3,935937E+3	6,316047E-1	3,935937E+3	5,424477E-1	3,935937E+3	6,018790E-1	3,935937E+3	5,079041E-1	3,935937E+3	5,951988E-1	3,935937E+3	4,475260E-1	3,935937E+3	5,608676E-1	3,935937E+3	4,015352E-1
3,937500E+3	6,390437E-1	3,937500E+3	5,455824E-1	3,937500E+3	6,392519E-1	3,937500E+3	5,477990E-1	3,937500E+3	6,403371E-1	3,937500E+3	5,456445E-1	3,937500E+3	6,339752E-1	3,937500E+3	5,426545E-1	3,937500E+3	6,023459E-1	3,937500E+3	5,007754E-1	3,937500E+3	5,850826E-1	3,937500E+3	4,525705E-1	3,937500E+3	5,665577E-1	3,937500E+3	3,910364E-1
3,939062E+3	6,357633E-1	3,939062E+3	5,486721E-1	3,939062E+3	6,391359E-1	3,939062E+3	5,472362E-1	3,939062E+3	6,433383E-1	3,939062E+3	5,460915E-1	3,939062E+3	6,355367E-1	3,939062E+3	5,378485E-1	3,939062E+3	5,976828E-1	3,939062E+3	4,941561E-1	3,939062E+3	5,716693E-1	3,939062E+3	4,442090E-1	3,939062E+3	5,614929E-1	3,939062E+3	4,004164E-1
3,940625E+3	6,336313E-1	3,940625E+3	5,468117E-1	3,940625E+3	6,425973E-1	3,940625E+3	5,437385E-1	3,940625E+3	6,416938E-1	3,940625E+3	5,411558E-1	3,940625E+3	6,339383E-1	3,940625E+3	5,408087E-1	3,940625E+3	6,024060E-1	3,940625E+3	4,897116E-1	3,940625E+3	5,608467E-1	3,940625E+3	4,489888E-1	3,940625E+3	5,564446E-1	3,940625E+3	3,843171E-1
3,942187E+3	6,364486E-1	3,942187E+3	5,427888E-1	3,942187E+3	6,404335E-1	3,942187E+3	5,425107E-1	3,942187E+3	6,413008E-1	3,942187E+3	5,431844E-1	3,942187E+3	6,369737E-1	3,942187E+3	5,371225E-1	3,942187E+3	6,022951E-1	3,942187E+3	4,994518E-1	3,942187E+3	5,668886E-1	3,942187E+3	4,511225E-1	3,942187E+3	5,468224E-1	3,942187E+3	3,716179E-1
3,943750E+3	6,427471E-1	3,943750E+3	5,400875E-1	3,943750E+3	6,415384E-1	3,943750E+3	5,473298E-1	3,943750E+3	6,439409E-1	3,943750E+3	5,413059E-1	3,943750E+3	6,355945E-1	3,943750E+3	5,389287E-1	3,943750E+3	6,003379E-1	3,943750E+3	5,066642E-1	3,943750E+3	5,660772E-1	3,943750E+3	4,448283E-1	3,943750E+3	5,626928E-1	3,943750E+3	3,872237E-1
3,945312E+3	6,416298E-1	3,945312E+3	5,453510E-1	3,945312E+3	6,467210E-1	3,945312E+3	5,430945E-1	3,945312E+3	6,462155E-1	3,945312E+3	5,400809E-1	3,945312E+3	6,357761E-1	3,945312E+3	5,368418E-1	3,945312E+3	6,022389E-1	3,945312E+3	5,058899E-1	3,945312E+3	5,765390E-1	3,945312E+3	4,494484E-1	3,945312E+3	5,636490E-1	3,945312E+3	3,906508E-1
3,946875E+3	6,438819E-1	3,946875E+3	5,435687E-1	3,946875E+3	6,473810E-1	3,946875E+3	5,445116E-1	3,946875E+3	6,470467E-1	3,946875E+3	5,406319E-1	3,946875E+3	6,370846E-1	3,946875E+3	5,353403E-1	3,946875E+3	6,048614E-1	3,946875E+3	4,996315E-1	3,946875E+3	5,731855E-1	3,946875E+3	4,546452E-1	3,946875E+3	5,516638E-1	3,946875E+3	3,820975E-1
3,948437E+3	6,435814E-1	3,948437E+3	5,424891E-1	3,948437E+3	6,470669E-1	3,948437E+3	5,417310E-1	3,948437E+3	6,484501E-1	3,948437E+3	5,398307E-1	3,948437E+3	6,377898E-1	3,948437E+3	5,338113E-1	3,948437E+3	6,106074E-1	3,948437E+3	4,935860E-1	3,948437E+3	5,974861E-1	3,948437E+3	4,534803E-1	3,948437E+3	5,523468E-1	3,948437E+3	3,889073E-1
3,950000E+3	6,437592E-1	3,950000E+3	5,443483E-1	3,950000E+3	6,483595E-1	3,950000E+3	5,404540E-1	3,950000E+3	6,481535E-1	3,950000E+3	5,391967E-1	3,950000E+3	6,408544E-1	3,950000E+3	5,323652E-1	3,950000E+3	6,141623E-1	3,950000E+3	4,920662E-1	3,950000E+3	5,922361E-1	3,950000E+3	4,501861E-1	3,950000E+3	5,766966E-1	3,950000E+3	3,857481E-1
3,951562E+3	6,475913E-1	3,951562E+3	5,359105E-1	3,951562E+3	6,502255E-1	3,951562E+3	5,386868E-1	3,951562E+3	6,510073E-1	3,951562E+3	5,354550E-1	3,951562E+3	6,413786E-1	3,951562E+3	5,321674E-1	3,951562E+3	6,065987E-1	3,951562E+3	4,921113E-1	3,951562E+3	5,745982E-1	3,951562E+3	4,440710E-1	3,951562E+3	5,710506E-1	3,951562E+3	3,754126E-1
3,953125E+3	6,486930E-1	3,953125E+3	5,362869E-1	3,953125E+3	6,507360E-1	3,953125E+3	5,368461E-1	3,953125E+3	6,513934E-1	3,953125E+3	5,358422E-1	3,953125E+3	6,425904E-1	3,953125E+3	5,345342E-1	3,953125E+3	6,022357E-1	3,953125E+3	4,911171E-1	3,953125E+3	5,674071E-1	3,953125E+3	4,445600E-1	3,953125E+3	5,574888E-1	3,953125E+3	3,822969E-1
3,954687E+3	6,462932E-1	3,954687E+3	5,413373E-1	3,954687E+3	6,504376E-1	3,954687E+3	5,375152E-1	3,954687E+3	6,539490E-1	3,954687E+3	5,338580E-1	3,954687E+3	6,446741E-1	3,954687E+3	5,284156E-1	3,954687E+3	6,038845E-1	3,954687E+3	4,918898E-1	3,954687E+3	5,710670E-1	3,954687E+3	4,520765E-1	3,954687E+3	5,706344E-1	3,954687E+3	4,030287E-1
3,956250E+3	6,488414E-1	3,956250E+3	5,382472E-1	3,956250E+3	6,536821E-1	3,956250E+3	5,340199E-1	3,956250E+3	6,545798E-1	3,956250E+3	5,347529E-1	3,956250E+3	6,440202E-1	3,956250E+3	5,275540E-1	3,956250E+3	6,080756E-1	3,956250E+3	4,907453E-1	3,956250E+3	5,806069E-1	3,956250E+3	4,546474E-1	3,956250E+3	5,645289E-1	3,956250E+3	3,756817E-1
3,957812E+3	6,548979E-1	3,957812E+3	5,353108E-1	3,957812E+3	6,551816E-1	3,957812E+3	5,339504E-1	3,957812E+3	6,557533E-1	3,957812E+3	5,339171E-1	3,957812E+3	6,477723E-1	3,957812E+3	5,238796E-1	3,957812E+3	6,094009E-1	3,957812E+3	4,871967E-1	3,957812E+3	5,866500E-1	3,957812E+3	4,483671E-1	3,957812E+3	5,369714E-1	3,957812E+3	3,641763E-1
3,959375E+3	6,549917E-1	3,959375E+3	5,265418E-1	3,959375E+3	6,554999E-1	3,959375E+3	5,327474E-1	3,959375E+3	6,571057E-1	3,959375E+3	5,315959E-1	3,959375E+3	6,477357E-1	3,959375E+3	5,263583E-1	3,959375E+3	6,068668E-1	3,959375E+3	4,946148E-1	3,959375E+3	5,747854E-1	3,959375E+3	4,438585E-1	3,959375E+3	5,538105E-1	3,959375E+3	3,729401E-1
3,960937E+3	6,533283E-1	3,960937E+3	5,299197E-1	3,960937E+3	6,541209E-1	3,960937E+3	5,322143E-1	3,960937E+3	6,599237E-1	3,960937E+3	5,297526E-1	3,960937E+3	6,468262E-1	3,960937E+3	5,262257E-1	3,960937E+3	6,110900E-1	3,960937E+3	4,992827E-1	3,960937E+3	5,821170E-1	3,960937E+3	4,497173E-1	3,960937E+3	5,731648E-1	3,960937E+3	3,843996E-1
3,962500E+3	6,516096E-1	3,962500E+3	5,369166E-1	3,962500E+3	6,561946E-1	3,962500E+3	5,343079E-1	3,962500E+3	6,608264E-1	3,962500E+3	5,285100E-1	3,962500E+3	6,479369E-1	3,962500E+3	5,239903E-1	3,962500E+3	6,171222E-1	3,962500E+3	4,997122E-1	3,962500E+3	5,813319E-1	3,962500E+3	4,448667E-1	3,962500E+3	5,595248E-1	3,962500E+3	3,793035E-1
3,964062E+3	6,558393E-1	3,964062E+3	5,302769E-1	3,964062E+3	6,577263E-1	3,964062E+3	5,323802E-1	3,964062E+3	6,607347E-1	3,964062E+3	5,279883E-1	3,964062E+3	6,532556E-1	3,964062E+3	5,241659E-1	3,964062E+3	6,220310E-1	3,964062E+3	4,907387E-1	3,964062E+3	5,774705E-1	3,964062E+3	4,400605E-1	3,964062E+3	5,578380E-1	3,964062E+3	3,785549E-1
3,965625E+3	6,553702E-1	3,965625E+3	5,327859E-1	3,965625E+3	6,603372E-1	3,965625E+3	5,290351E-1	3,965625E+3	6,571752E-1	3,965625E+3	5,260914E-1	3,965625E+3	6,514853E-1	3,965625E+3	5,229459E-1	3,965625E+3	6,215609E-1	3,965625E+3	4,866672E-1	3,965625E+3	5,729249E-1	3,965625E+3	4,333429E-1	3,965625E+3	5,626050E-1	3,965625E+3	3,779731E-1
3,967187E+3	6,586286E-1	3,967187E+3	5,309029E-1	3,967187E+3	6,609056E-1	3,967187E+3	5,274744E-1	3,967187E+3	6,612894E-1	3,967187E+3	5,250381E-1	3,967187E+3	6,541166E-1	3,967187E+3	5,195026E-1	3,967187E+3	6,101476E-1	3,967187E+3	4,899108E-1	3,967187E+3	5,799578E-1	3,967187E+3	4,470370E-1	3,967187E+3	5,558988E-1	3,967187E+3	3,733429E-1
3,968750E+3	6,597901E-1	3,968750E+3	5,234436E-1	3,968750E+3	6,655384E-1	3,968750E+3	5,252316E-1	3,968750E+3	6,623000E-1	3,968750E+3	5,260419E-1	3,968750E+3	6,556474E-1	3,968750E+3	5,241105E-1	3,968750E+3	6,120966E-1	3,968750E+3	4,869857E-1	3,968750E+3	5,820132E-1	3,968750E+3	4,479297E-1	3,968750E+3	5,466249E-1	3,968750E+3	3,793888E-1
3,970312E+3	6,612422E-1	3,970312E+3	5,241072E-1	3,970312E+3	6,651084E-1	3,970312E+3	5,264955E-1	3,970312E+3	6,657407E-1	3,970312E+3	5,225553E-1	3,970312E+3	6,576465E-1	3,970312E+3	5,220480E-1	3,970312E+3	6,162371E-1	3,970312E+3	4,925187E-1	3,970312E+3	5,815985E-1	3,970312E+3	4,477415E-1	3,970312E+3	5,428319E-1	3,970312E+3	3,872161E-1
3,971875E+3	6,619245E-1	3,971875E+3	5,223883E-1	3,971875E+3	6,655776E-1	3,971875E+3	5,258832E-1	3,971875E+3	6,701786E-1	3,971875E+3	5,196779E-1	3,971875E+3	6,553164E-1	3,971875E+3	5,174684E-1	3,971875E+3	6,150603E-1	3,971875E+3	4,920404E-1	3,971875E+3	5,841971E-1	3,971875E+3	4,418241E-1	3,971875E+3	5,442661E-1	3,971875E+3	3,910898E-1
3,973437E+3	6,635529E-1	3,973437E+3	5,226312E-1	3,973437E+3	6,661447E-1	3,973437E+3	5,219942E-1	3,973437E+3	6,672827E-1	3,973437E+3	5,209390E-1	3,973437E+3	6,560168E-1	3,973437E+3	5,144702E-1	3,973437E+3	6,190902E-1	3,973437E+3	4,826836E-1	3,973437E+3	5,842291E-1	3,973437E+3	4,341828E-1	3,973437E+3	5,519731E-1	3,973437E+3	3,773168E-1
3,975000E+3	6,648744E-1	3,975000E+3	5,248164E-1	3,975000E+3	6,676321E-1	3,975000E+3	5,208529E-1	3,975000E+3	6,712975E-1	3,975000E+3	5,215920E-1	3,975000E+3	6,594469E-1	3,975000E+3	5,146110E-1	3,975000E+3	6,221283E-1	3,975000E+3	4,855909E-1	3,975000E+3	5,857117E-1	3,975000E+3	4,274236E-1	3,975000E+3	5,603620E-1	3,975000E+3	3,813599E-1
3,976562E+3	6,670345E-1	3,976562E+3	5,177471E-1	3,976562E+3	6,669338E-1	3,976562E+3	5,198423E-1	3,976562E+3	6,715108E-1	3,976562E+3	5,173551E-1	3,976562E+3	6,590795E-1	3,976562E+3	5,136655E-1	3,976562E+3	6,201843E-1	3,976562E+3	4,848081E-1	3,976562E+3	5,928031E-1	3,976562E+3	4,340793E-1	3,976562E+3	5,554203E-1	3,976562E+3	3,788077E-1
3,978125E+3	6,619222E-1	3,978125E+3	5,187697E-1	3,978125E+3	6,696069E-1	3,978125E+3	5,166211E-1	3,978125E+3	6,729523E-1	3,978125E+3	5,171828E-1	3,978125E+3	6,612345E-1	3,978125E+3	5,114657E-1	3,978125E+3	6,164348E-1	3,978125E+3	4,766733E-1	3,978125E+3	5,917849E-1	3,978125E+3	4,362058E-1	3,978125E+3	5,557296E-1	3,978125E+3	3,829019E-1
3,979687E+3	6,577150E-1	3,979687E+3	5,204253E-1	3,979687E+3	6,727264E-1	3,979687E+3	5,153113E-1	3,979687E+3	6,737424E-1	3,979687E+3	5,169826E-1	3,979687E+3	6,659134E-1	3,979687E+3	5,108763E-1	3,979687E+3	6,213144E-1	3,979687E+3	4,832240E-1	3,979687E+3	5,886995E-1	3,979687E+3	4,356822E-1	3,979687E+3	5,460504E-1	3,979687E+3	3,909061E-1
3,981250E+3	6,673446E-1	3,981250E+3	5,141277E-1	3,981250E+3	6,737694E-1	3,981250E+3	5,154922E-1	3,981250E+3	6,756143E-1	3,981250E+3	5,140738E-1	3,981250E+3	6,672224E-1	3,981250E+3	5,137883E-1	3,981250E+3	6,263680E-1	3,981250E+3	4,749872E-1	3,981250E+3	5,888728E-1	3,981250E+3	4,365960E-1	3,981250E+3	5,516584E-1	3,981250E+3	3,938113E-1
3,982812E+3	6,686882E-1	3,982812E+3	5,152033E-1	3,982812E+3	6,755641E-1	3,982812E+3	5,127239E-1	3,982812E+3	6,752043E-1	3,982812E+3	5,121677E-1	3,982812E+3	6,676467E-1	3,982812E+3	5,102078E-1	3,982812E+3	6,282672E-1	3,982812E+3	4,744061E-1	3,982812E+3	5,938988E-1	3,982812E+3	4,347257E-1	3,982812E+3	5,393679E-1	3,982812E+3	3,823834E-1
3,984375E+3	6,740144E-1	3,984375E+3	5,115111E-1	3,984375E+3	6,752560E-1	3,984375E+3	5,115122E-1	3,984375E+3	6,768092E-1	3,984375E+3	5,099023E-1	3,984375E+3	6,672238E-1	3,984375E+3	5,085452E-1	3,984375E+3	6,289122E-1	3,984375E+3	4,733362E-1	3,984375E+3	5,902879E-1	3,984375E+3	4,354620E-1	3,984375E+3	5,382342E-1	3,984375E+3	3,830212E-1
3,985937E+3	6,742426E-1	3,985937E+3	5,081811E-1	3,985937E+3	6,777372E-1	3,985937E+3	5,120980E-1	3,985937E+3	6,782957E-1	3,985937E+3	5,118833E-1	3,985937E+3	6,695010E-1	3,985937E+3	5,073058E-1	3,985937E+3	6,324496E-1	3,985937E+3	4,758840E-1	3,985937E+3	5,863651E-1	3,985937E+3	4,299528E-1	3,985937E+3	5,548347E-1	3,985937E+3	3,781256E-1
3,987500E+3	6,740582E-1	3,987500E+3	5,104682E-1	3,987500E+3	6,802044E-1	3,987500E+3	5,094075E-1	3,987500E+3	6,831982E-1	3,987500E+3	5,075505E-1	3,987500E+3	6,709876E-1	3,987500E+3	5,044990E-1	3,987500E+3	6,323065E-1	3,987500E+3	4,782227E-1	3,987500E+3	5,865893E-1	3,987500E+3	4,290862E-1	3,987500E+3	5,532498E-1	3,987500E+3	3,806380E-1
3,989062E+3	6,797712E-1	3,989062E+3	5,097762E-1	3,989062E+3	6,801572E-1	3,989062E+3	5,110401E-1	3,989062E+3	6,828158E-1	3,989062E+3	5,077580E-1	3,989062E+3	6,702662E-1	3,989062E+3	5,032804E-1	3,989062E+3	6,334927E-1	3,989062E+3	4,736808E-1	3,989062E+3	5,889456E-1	3,989062E+3	4,263407E-1	3,989062E+3	5,526043E-1	3,989062E+3	3,892970E-1
3,990625E+3	6,810955E-1	3,990625E+3	5,049625E-1	3,990625E+3	6,826603E-1	3,990625E+3	5,059870E-1	3,990625E+3	6,821338E-1	3,990625E+3	5,042156E-1	3,990625E+3	6,705428E-1	3,990625E+3	5,038423E-1	3,990625E+3	6,343494E-1	3,990625E+3	4,699617E-1	3,990625E+3	5,890476E-1	3,990625E+3	4,338654E-1	3,990625E+3	5,484882E-1	3,990625E+3	3,895560E-1
3,992187E+3	6,802384E-1	3,992187E+3	5,032968E-1	3,992187E+3	6,840534E-1	3,992187E+3	5,047954E-1	3,992187E+3	6,827995E-1	3,992187E+3	5,029223E-1	3,992187E+3	6,731123E-1	3,992187E+3	4,998500E-1	3,992187E+3	6,374081E-1	3,992187E+3	4,670576E-1	3,992187E+3	5,951511E-1	3,992187E+3	4,248277E-1	3,992187E+3	5,467626E-1	3,992187E+3	3,912747E-1
3,993750E+3	6,776961E-1	3,993750E+3	5,087425E-1	3,993750E+3	6,838470E-1	3,993750E+3	5,031595E-1	3,993750E+3	6,858477E-1	3,993750E+3	5,026405E-1	3,993750E+3	6,749516E-1	3,993750E+3	4,988334E-1	3,993750E+3	6,381474E-1	3,993750E+3	4,710812E-1	3,993750E+3	5,991374E-1	3,993750E+3	4,288788E-1	3,993750E+3	5,491051E-1	3,993750E+3	3,700323E-1
3,995312E+3	6,802687E-1	3,995312E+3	5,032520E-1	3,995312E+3	6,850869E-1	3,995312E+3	5,016756E-1	3,995312E+3	6,879908E-1	3,995312E+3	5,015084E-1	3,995312E+3	6,761229E-1	3,995312E+3	5,001635E-1	3,995312E+3	6,408862E-1	3,995312E+3	4,691225E-1	3,995312E+3	6,026388E-1	3,995312E+3	4,393120E-1	3,995312E+3	5,488222E-1	3,995312E+3	3,733513E-1
3,996875E+3	6,851270E-1	3,996875E+3	5,004174E-1	3,996875E+3	6,895879E-1	3,996875E+3	4,972038E-1	3,996875E+3	6,904091E-1	3,996875E+3	5,006164E-1	3,996875E+3	6,783673E-1	3,996875E+3	4,965698E-1	3,996875E+3	6,301369E-1	3,996875E+3	4,614616E-1	3,996875E+3	5,963481E-1	3,996875E+3	4,376757E-1	3,996875E+3	5,406589E-1	3,996875E+3	3,856828E-1
3,998437E+3	6,877715E-1	3,998437E+3	4,933207E-1	3,998437E+3	6,887732E-1	3,998437E+3	4,967152E-1	3,998437E+3	6,908713E-1	3,998437E+3	4,968221E-1	3,998437E+3	6,779625E-1	3,998437E+3	4,967747E-1	3,998437E+3	6,319327E-1	3,998437E+3	4,651708E-1	3,998437E+3	5,870480E-1	3,998437E+3	4,292401E-1	3,998437E+3	5,481035E-1	3,998437E+3	3,768085E-1
4,000000E+3	6,853873E-1	4,000000E+3	5,056316E-1	4,000000E+3	6,876784E-1	4,000000E+3	4,965289E-1	4,000000E+3	6,900539E-1	4,000000E+3	4,947915E-1	4,000000E+3	6,807668E-1	4,000000E+3	4,955751E-1	4,000000E+3	6,393102E-1	4,000000E+3	4,726207E-1	4,000000E+3	5,816207E-1	4,000000E+3	4,318971E-1	4,000000E+3	5,412624E-1	4,000000E+3	3,751507E-1
4,001562E+3	6,860704E-1	4,001562E+3	5,014744E-1	4,001562E+3	6,930860E-1	4,001562E+3	4,940774E-1	4,001562E+3	6,906608E-1	4,001562E+3	4,930595E-1	4,001562E+3	6,796373E-1	4,001562E+3	4,912786E-1	4,001562E+3	6,416601E-1	4,001562E+3	4,602935E-1	4,001562E+3	5,929204E-1	4,001562E+3	4,302214E-1	4,001562E+3	5,447858E-1	4,001562E+3	3,675871E-1
4,003125E+3	6,852189E-1	4,003125E+3	4,884730E-1	4,003125E+3	6,939863E-1	4,003125E+3	4,968968E-1	4,003125E+3	6,955415E-1	4,003125E+3	4,906551E-1	4,003125E+3	6,819028E-1	4,003125E+3	4,879062E-1	4,003125E+3	6,420051E-1	4,003125E+3	4,595200E-1	4,003125E+3	5,859732E-1	4,003125E+3	4,255156E-1	4,003125E+3	5,516042E-1	4,003125E+3	3,533173E-1
4,004687E+3	6,947923E-1	4,004687E+3	4,884660E-1	4,004687E+3	6,955346E-1	4,004687E+3	4,916504E-1	4,004687E+3	6,964257E-1	4,004687E+3	4,900930E-1	4,004687E+3	6,860287E-1	4,004687E+3	4,856151E-1	4,004687E+3	6,352212E-1	4,004687E+3	4,610114E-1	4,004687E+3	5,845999E-1	4,004687E+3	4,166666E-1	4,004687E+3	5,454603E-1	4,004687E+3	3,563534E-1
4,006250E+3	6,952140E-1	4,006250E+3	4,840048E-1	4,006250E+3	6,950773E-1	4,006250E+3	4,928380E-1	4,006250E+3	6,957829E-1	4,006250E+3	4,874280E-1	4,006250E+3	6,903798E-1	4,006250E+3	4,861561E-1	4,006250E+3	6,450153E-1	4,006250E+3	4,556842E-1	4,006250E+3	5,938831E-1	4,006250E+3	4,203986E-1	4,006250E+3	5,562953E-1	4,006250E+3	3,549703E-1
4,007812E+3	6,966560E-1	4,007812E+3	4,858517E-1	4,007812E+3	6,976585E-1	4,007812E+3	4,885110E-1	4,007812E+3	6,982796E-1	4,007812E+3	4,857761E-1	4,007812E+3	6,901021E-1	4,007812E+3	4,857870E-1	4,007812E+3	6,476727E-1	4,007812E+3	4,582633E-1	4,007812E+3	5,965595E-1	4,007812E+3	4,240418E-1	4,007812E+3	5,574969E-1	4,007812E+3	3,543167E-1
4,009375E+3	6,891272E-1	4,009375E+3	4,859885E-1	4,009375E+3	6,982945E-1	4,009375E+3	4,844235E-1	4,009375E+3	7,019453E-1	4,009375E+3	4,846805E-1	4,009375E+3	6,887356E-1	4,009375E+3	4,849000E-1	4,009375E+3	6,389707E-1	4,009375E+3	4,622055E-1	4,009375E+3	5,889405E-1	4,009375E+3	3,948033E-1	4,009375E+3	5,397199E-1	4,009375E+3	3,547363E-1
4,010937E+3	6,910373E-1	4,010937E+3	4,780559E-1	4,010937E+3	7,010621E-1	4,010937E+3	4,814368E-1	4,010937E+3	7,031265E-1	4,010937E+3	4,815226E-1	4,010937E+3	6,860963E-1	4,010937E+3	4,804269E-1	4,010937E+3	6,421880E-1	4,010937E+3	4,501132E-1	4,010937E+3	5,883593E-1	4,010937E+3	3,949968E-1	4,010937E+3	5,341569E-1	4,010937E+3	3,698555E-1
4,012500E+3	6,893002E-1	4,012500E+3	4,790392E-1	4,012500E+3	7,065202E-1	4,012500E+3	4,811256E-1	4,012500E+3	7,048645E-1	4,012500E+3	4,793315E-1	4,012500E+3	6,901917E-1	4,012500E+3	4,780386E-1	4,012500E+3	6,471309E-1	4,012500E+3	4,502123E-1	4,012500E+3	5,796890E-1	4,012500E+3	4,010438E-1	4,012500E+3	5,444294E-1	4,012500E+3	3,725482E-1
4,014062E+3	6,943649E-1	4,014062E+3	4,821261E-1	4,014062E+3	7,037167E-1	4,014062E+3	4,804886E-1	4,014062E+3	7,042344E-1	4,014062E+3	4,799112E-1	4,014062E+3	6,912086E-1	4,014062E+3	4,786566E-1	4,014062E+3	6,511428E-1	4,014062E+3	4,436230E-1	4,014062E+3	5,932503E-1	4,014062E+3	3,949878E-1	4,014062E+3	5,435223E-1	4,014062E+3	3,700028E-1
4,015625E+3	7,023885E-1	4,015625E+3	4,761980E-1	4,015625E+3	7,047115E-1	4,015625E+3	4,786585E-1	4,015625E+3	7,094331E-1	4,015625E+3	4,773810E-1	4,015625E+3	6,962117E-1	4,015625E+3	4,731578E-1	4,015625E+3	6,511676E-1	4,015625E+3	4,527313E-1	4,015625E+3	6,044807E-1	4,015625E+3	3,981456E-1	4,015625E+3	5,556759E-1	4,015625E+3	3,523727E-1
4,017187E+3	7,034032E-1	4,017187E+3	4,722435E-1	4,017187E+3	7,084236E-1	4,017187E+3	4,755827E-1	4,017187E+3	7,084998E-1	4,017187E+3	4,757186E-1	4,017187E+3	6,967448E-1	4,017187E+3	4,738165E-1	4,017187E+3	6,545536E-1	4,017187E+3	4,485707E-1	4,017187E+3	5,961393E-1	4,017187E+3	3,974088E-1	4,017187E+3	5,663001E-1	4,017187E+3	3,388074E-1
4,018750E+3	7,141526E-1	4,018750E+3	4,665409E-1	4,018750E+3	7,088221E-1	4,018750E+3	4,745298E-1	4,018750E+3	7,084984E-1	4,018750E+3	4,735317E-1	4,018750E+3	6,981020E-1	4,018750E+3	4,696369E-1	4,018750E+3	6,459523E-1	4,018750E+3	4,381593E-1	4,018750E+3	5,949527E-1	4,018750E+3	4,172951E-1	4,018750E+3	5,680913E-1	4,018750E+3	3,334148E-1
4,020312E+3	7,117561E-1	4,020312E+3	4,689965E-1	4,020312E+3	7,113176E-1	4,020312E+3	4,682628E-1	4,020312E+3	7,098151E-1	4,020312E+3	4,732174E-1	4,020312E+3	7,021196E-1	4,020312E+3	4,680836E-1	4,020312E+3	6,500180E-1	4,020312E+3	4,464786E-1	4,020312E+3	5,974104E-1	4,020312E+3	4,118388E-1	4,020312E+3	5,400571E-1	4,020312E+3	3,336367E-1
4,021875E+3	7,071531E-1	4,021875E+3	4,766686E-1	4,021875E+3	7,116778E-1	4,021875E+3	4,701990E-1	4,021875E+3	7,136631E-1	4,021875E+3	4,665588E-1	4,021875E+3	7,033674E-1	4,021875E+3	4,655399E-1	4,021875E+3	6,535001E-1	4,021875E+3	4,361026E-1	4,021875E+3	6,059737E-1	4,021875E+3	3,965849E-1	4,021875E+3	5,435639E-1	4,021875E+3	3,236952E-1
4,023437E+3	7,034999E-1	4,023437E+3	4,791093E-1	4,023437E+3	7,115927E-1	4,023437E+3	4,723405E-1	4,023437E+3	7,148026E-1	4,023437E+3	4,654268E-1	4,023437E+3	7,022261E-1	4,023437E+3	4,633705E-1	4,023437E+3	6,636854E-1	4,023437E+3	4,308824E-1	4,023437E+3	6,052570E-1	4,023437E+3	3,872461E-1	4,023437E+3	5,550755E-1	4,023437E+3	3,302138E-1
4,025000E+3	7,044089E-1	4,025000E+3	4,616123E-1	4,025000E+3	7,151165E-1	4,025000E+3	4,676824E-1	4,025000E+3	7,156045E-1	4,025000E+3	4,635251E-1	4,025000E+3	7,036740E-1	4,025000E+3	4,629437E-1	4,025000E+3	6,610565E-1	4,025000E+3	4,242771E-1	4,025000E+3	6,075093E-1	4,025000E+3	3,842922E-1	4,025000E+3	5,770349E-1	4,025000E+3	3,304006E-1
4,026562E+3	7,024590E-1	4,026562E+3	4,561710E-1	4,026562E+3	7,154343E-1	4,026562E+3	4,621329E-1	4,026562E+3	7,205219E-1	4,026562E+3	4,637791E-1	4,026562E+3	7,079785E-1	4,026562E+3	4,607370E-1	4,026562E+3	6,499716E-1	4,026562E+3	4,198993E-1	4,026562E+3	6,014596E-1	4,026562E+3	3,956659E-1	4,026562E+3	5,872407E-1	4,026562E+3	3,248793E-1
4,028125E+3	7,100163E-1	4,028125E+3	4,586497E-1	4,028125E+3	7,183946E-1	4,028125E+3	4,612627E-1	4,028125E+3	7,205233E-1	4,028125E+3	4,609369E-1	4,028125E+3	7,092835E-1	4,028125E+3	4,551390E-1	4,028125E+3	6,641021E-1	4,028125E+3	4,262147E-1	4,028125E+3	5,996033E-1	4,028125E+3	4,068820E-1	4,028125E+3	5,756716E-1	4,028125E+3	3,283133E-1
4,029687E+3	7,172213E-1	4,029687E+3	4,521989E-1	4,029687E+3	7,222956E-1	4,029687E+3	4,611431E-1	4,029687E+3	7,198580E-1	4,029687E+3	4,608676E-1	4,029687E+3	7,109615E-1	4,029687E+3	4,538403E-1	4,029687E+3	6,675643E-1	4,029687E+3	4,234615E-1	4,029687E+3	5,938527E-1	4,029687E+3	3,715881E-1	4,029687E+3	5,644041E-1	4,029687E+3	3,227752E-1
4,031250E+3	7,201017E-1	4,031250E+3	4,487502E-1	4,031250E+3	7,222860E-1	4,031250E+3	4,620656E-1	4,031250E+3	7,257684E-1	4,031250E+3	4,563465E-1	4,031250E+3	7,138658E-1	4,031250E+3	4,553519E-1	4,031250E+3	6,563683E-1	4,031250E+3	4,248060E-1	4,031250E+3	6,178432E-1	4,031250E+3	3,765196E-1	4,031250E+3	5,637097E-1	4,031250E+3	3,161693E-1
4,032812E+3	7,226071E-1	4,032812E+3	4,483732E-1	4,032812E+3	7,238855E-1	4,032812E+3	4,500283E-1	4,032812E+3	7,250248E-1	4,032812E+3	4,548240E-1	4,032812E+3	7,130754E-1	4,032812E+3	4,536419E-1	4,032812E+3	6,603272E-1	4,032812E+3	4,157405E-1	4,032812E+3	6,234606E-1	4,032812E+3	3,834870E-1	4,032812E+3	5,507324E-1	4,032812E+3	3,097142E-1
4,034375E+3	7,288678E-1	4,034375E+3	4,456943E-1	4,034375E+3	7,276988E-1	4,034375E+3	4,535960E-1	4,034375E+3	7,264342E-1	4,034375E+3	4,522060E-1	4,034375E+3	7,117292E-1	4,034375E+3	4,466620E-1	4,034375E+3	6,715544E-1	4,034375E+3	4,121845E-1	4,034375E+3	6,381757E-1	4,034375E+3	3,620910E-1	4,034375E+3	5,605206E-1	4,034375E+3	2,735630E-1
4,035937E+3	7,305426E-1	4,035937E+3	4,386083E-1	4,035937E+3	7,309762E-1	4,035937E+3	4,490305E-1	4,035937E+3	7,283127E-1	4,035937E+3	4,501032E-1	4,035937E+3	7,183003E-1	4,035937E+3	4,440383E-1	4,035937E+3	6,692053E-1	4,035937E+3	4,180942E-1	4,035937E+3	6,233658E-1	4,035937E+3	3,710011E-1	4,035937E+3	5,972437E-1	4,035937E+3	2,949549E-1
4,037500E+3	7,280661E-1	4,037500E+3	4,465514E-1	4,037500E+3	7,282321E-1	4,037500E+3	4,472042E-1	4,037500E+3	7,310446E-1	4,037500E+3	4,476843E-1	4,037500E+3	7,199796E-1	4,037500E+3	4,439431E-1	4,037500E+3	6,714467E-1	4,037500E+3	4,166776E-1	4,037500E+3	6,317070E-1	4,037500E+3	3,824450E-1	4,037500E+3	6,067494E-1	4,037500E+3	2,974332E-1
4,039062E+3	7,327341E-1	4,039062E+3	4,384991E-1	4,039062E+3	7,285908E-1	4,039062E+3	4,441135E-1	4,039062E+3	7,301490E-1	4,039062E+3	4,452076E-1	4,039062E+3	7,207778E-1	4,039062E+3	4,438845E-1	4,039062E+3	6,784134E-1	4,039062E+3	4,115503E-1	4,039062E+3	6,485859E-1	4,039062E+3	3,731075E-1	4,039062E+3	6,203545E-1	4,039062E+3	2,863234E-1
4,040625E+3	7,337768E-1	4,040625E+3	4,362518E-1	4,040625E+3	7,310376E-1	4,040625E+3	4,427981E-1	4,040625E+3	7,309931E-1	4,040625E+3	4,430627E-1	4,040625E+3	7,246398E-1	4,040625E+3	4,444515E-1	4,040625E+3	6,833336E-1	4,040625E+3	4,144105E-1	4,040625E+3	6,408490E-1	4,040625E+3	3,644737E-1	4,040625E+3	6,072022E-1	4,040625E+3	2,864350E-1
4,042187E+3	7,373743E-1	4,042187E+3	4,349963E-1	4,042187E+3	7,350588E-1	4,042187E+3	4,415035E-1	4,042187E+3	7,333654E-1	4,042187E+3	4,384271E-1	4,042187E+3	7,261873E-1	4,042187E+3	4,397684E-1	4,042187E+3	6,821164E-1	4,042187E+3	4,019408E-1	4,042187E+3	6,393352E-1	4,042187E+3	3,564423E-1	4,042187E+3	6,193363E-1	4,042187E+3	2,885005E-1
4,043750E+3	7,315416E-1	4,043750E+3	4,367414E-1	4,043750E+3	7,336440E-1	4,043750E+3	4,379439E-1	4,043750E+3	7,337556E-1	4,043750E+3	4,408030E-1	4,043750E+3	7,242036E-1	4,043750E+3	4,381101E-1	4,043750E+3	6,785111E-1	4,043750E+3	3,893936E-1	4,043750E+3	6,539807E-1	4,043750E+3	3,567853E-1	4,043750E+3	6,083770E-1	4,043750E+3	2,755441E-1
4,045312E+3	7,317375E-1	4,045312E+3	4,380806E-1	4,045312E+3	7,369201E-1	4,045312E+3	4,383875E-1	4,045312E+3	7,414066E-1	4,045312E+3	4,354141E-1	4,045312E+3	7,268347E-1	4,045312E+3	4,361102E-1	4,045312E+3	6,882042E-1	4,045312E+3	3,984717E-1	4,045312E+3	6,702725E-1	4,045312E+3	3,618467E-1	4,045312E+3	6,073980E-1	4,045312E+3	2,869825E-1
4,046875E+3	7,391906E-1	4,046875E+3	4,258166E-1	4,046875E+3	7,414901E-1	4,046875E+3	4,334286E-1	4,046875E+3	7,390650E-1	4,046875E+3	4,368093E-1	4,046875E+3	7,342488E-1	4,046875E+3	4,298372E-1	4,046875E+3	6,883559E-1	4,046875E+3	4,081161E-1	4,046875E+3	6,489836E-1	4,046875E+3	3,376080E-1	4,046875E+3	6,185325E-1	4,046875E+3	3,012384E-1
4,048437E+3	7,402099E-1	4,048437E+3	4,273455E-1	4,048437E+3	7,411861E-1	4,048437E+3	4,335810E-1	4,048437E+3	7,405490E-1	4,048437E+3	4,266163E-1	4,048437E+3	7,309899E-1	4,048437E+3	4,268117E-1	4,048437E+3	6,937916E-1	4,048437E+3	4,015903E-1	4,048437E+3	6,561051E-1	4,048437E+3	3,369320E-1	4,048437E+3	6,161028E-1	4,048437E+3	2,894543E-1
4,050000E+3	7,417597E-1	4,050000E+3	4,229535E-1	4,050000E+3	7,421299E-1	4,050000E+3	4,317227E-1	4,050000E+3	7,416674E-1	4,050000E+3	4,295868E-1	4,050000E+3	7,282736E-1	4,050000E+3	4,255019E-1	4,050000E+3	6,957871E-1	4,050000E+3	4,053050E-1	4,050000E+3	6,450488E-1	4,050000E+3	3,453467E-1	4,050000E+3	6,213298E-1	4,050000E+3	2,890094E-1
4,051562E+3	7,396388E-1	4,051562E+3	4,252442E-1	4,051562E+3	7,432550E-1	4,051562E+3	4,297215E-1	4,051562E+3	7,441304E-1	4,051562E+3	4,293512E-1	4,051562E+3	7,302078E-1	4,051562E+3	4,278375E-1	4,051562E+3	6,966276E-1	4,051562E+3	4,060201E-1	4,051562E+3	6,456333E-1	4,051562E+3	3,489617E-1	4,051562E+3	6,248086E-1	4,051562E+3	2,754308E-1
4,053125E+3	7,415786E-1	4,053125E+3	4,116085E-1	4,053125E+3	7,473285E-1	4,053125E+3	4,289549E-1	4,053125E+3	7,462664E-1	4,053125E+3	4,281651E-1	4,053125E+3	7,396637E-1	4,053125E+3	4,241386E-1	4,053125E+3	6,995561E-1	4,053125E+3	4,073507E-1	4,053125E+3	6,650690E-1	4,053125E+3	3,518279E-1	4,053125E+3	6,382960E-1	4,053125E+3	2,666920E-1
4,054687E+3	7,500930E-1	4,054687E+3	4,121473E-1	4,054687E+3	7,473314E-1	4,054687E+3	4,272158E-1	4,054687E+3	7,493948E-1	4,054687E+3	4,228187E-1	4,054687E+3	7,435925E-1	4,054687E+3	4,204266E-1	4,054687E+3	7,052749E-1	4,054687E+3	3,939052E-1	4,054687E+3	6,667814E-1	4,054687E+3	3,520584E-1	4,054687E+3	6,532928E-1	4,054687E+3	2,714185E-1
4,056250E+3	7,458378E-1	4,056250E+3	4,164138E-1	4,056250E+3	7,483828E-1	4,056250E+3	4,220463E-1	4,056250E+3	7,517606E-1	4,056250E+3	4,197370E-1	4,056250E+3	7,399133E-1	4,056250E+3	4,185728E-1	4,056250E+3	7,031478E-1	4,056250E+3	3,936431E-1	4,056250E+3	6,681258E-1	4,056250E+3	3,439644E-1	4,056250E+3	6,179600E-1	4,056250E+3	2,914732E-1
4,057812E+3	7,508774E-1	4,057812E+3	4,202949E-1	4,057812E+3	7,487562E-1	4,057812E+3	4,162135E-1	4,057812E+3	7,537935E-1	4,057812E+3	4,178690E-1	4,057812E+3	7,422059E-1	4,057812E+3	4,179384E-1	4,057812E+3	7,051728E-1	4,057812E+3	3,891983E-1	4,057812E+3	6,693442E-1	4,057812E+3	3,425848E-1	4,057812E+3	6,266844E-1	4,057812E+3	2,734379E-1
4,059375E+3	7,440202E-1	4,059375E+3	4,172280E-1	4,059375E+3	7,540381E-1	4,059375E+3	4,184662E-1	4,059375E+3	7,523764E-1	4,059375E+3	4,144484E-1	4,059375E+3	7,436551E-1	4,059375E+3	4,090547E-1	4,059375E+3	6,974019E-1	4,059375E+3	3,887093E-1	4,059375E+3	6,611325E-1	4,059375E+3	3,394733E-1	4,059375E+3	6,537906E-1	4,059375E+3	2,921612E-1
4,060937E+3	7,595973E-1	4,060937E+3	4,077391E-1	4,060937E+3	7,541646E-1	4,060937E+3	4,143127E-1	4,060937E+3	7,555463E-1	4,060937E+3	4,126842E-1	4,060937E+3	7,446328E-1	4,060937E+3	4,093780E-1	4,060937E+3	7,064165E-1	4,060937E+3	3,799330E-1	4,060937E+3	6,732844E-1	4,060937E+3	3,382239E-1	4,060937E+3	6,378886E-1	4,060937E+3	2,883105E-1
4,062500E+3	7,634600E-1	4,062500E+3	4,001598E-1	4,062500E+3	7,534145E-1	4,062500E+3	4,138759E-1	4,062500E+3	7,570486E-1	4,062500E+3	4,156129E-1	4,062500E+3	7,469016E-1	4,062500E+3	4,110104E-1	4,062500E+3	7,135193E-1	4,062500E+3	3,858081E-1	4,062500E+3	6,859683E-1	4,062500E+3	3,372992E-1	4,062500E+3	6,253576E-1	4,062500E+3	2,673074E-1
4,064062E+3	7,698357E-1	4,064062E+3	4,035145E-1	4,064062E+3	7,556678E-1	4,064062E+3	4,084739E-1	4,064062E+3	7,592784E-1	4,064062E+3	4,078852E-1	4,064062E+3	7,496641E-1	4,064062E+3	4,107190E-1	4,064062E+3	7,178894E-1	4,064062E+3	3,820178E-1	4,064062E+3	6,897464E-1	4,064062E+3	3,527042E-1	4,064062E+3	6,374624E-1	4,064062E+3	2,679565E-1
4,065625E+3	7,632916E-1	4,065625E+3	4,050580E-1	4,065625E+3	7,581548E-1	4,065625E+3	4,085401E-1	4,065625E+3	7,591489E-1	4,065625E+3	4,059030E-1	4,065625E+3	7,494534E-1	4,065625E+3	4,080870E-1	4,065625E+3	7,154133E-1	4,065625E+3	3,722404E-1	4,065625E+3	6,878164E-1	4,065625E+3	3,544290E-1	4,065625E+3	6,545760E-1	4,065625E+3	2,846368E-1
4,067187E+3	7,638962E-1	4,067187E+3	4,048356E-1	4,067187E+3	7,604814E-1	4,067187E+3	4,043777E-1	4,067187E+3	7,615202E-1	4,067187E+3	4,031169E-1	4,067187E+3	7,509449E-1	4,067187E+3	4,061678E-1	4,067187E+3	7,154136E-1	4,067187E+3	3,822956E-1	4,067187E+3	6,715368E-1	4,067187E+3	3,322985E-1	4,067187E+3	6,480294E-1	4,067187E+3	2,737770E-1
4,068750E+3	7,624515E-1	4,068750E+3	3,969170E-1	4,068750E+3	7,632887E-1	4,068750E+3	3,984370E-1	4,068750E+3	7,641555E-1	4,068750E+3	3,987873E-1	4,068750E+3	7,478408E-1	4,068750E+3	4,015144E-1	4,068750E+3	7,260057E-1	4,068750E+3	3,886310E-1	4,068750E+3	6,601841E-1	4,068750E+3	3,340312E-1	4,068750E+3	6,429313E-1	4,068750E+3	2,720442E-1
4,070312E+3	7,602252E-1	4,070312E+3	3,982515E-1	4,070312E+3	7,621515E-1	4,070312E+3	3,980460E-1	4,070312E+3	7,665031E-1	4,070312E+3	3,980653E-1	4,070312E+3	7,519979E-1	4,070312E+3	3,955588E-1	4,070312E+3	7,212087E-1	4,070312E+3	3,737444E-1	4,070312E+3	6,501422E-1	4,070312E+3	3,247478E-1	4,070312E+3	6,352455E-1	4,070312E+3	2,601745E-1
4,071875E+3	7,621907E-1	4,071875E+3	3,950049E-1	4,071875E+3	7,640218E-1	4,071875E+3	3,973195E-1	4,071875E+3	7,671912E-1	4,071875E+3	3,984200E-1	4,071875E+3	7,533227E-1	4,071875E+3	3,911453E-1	4,071875E+3	7,146474E-1	4,071875E+3	3,723923E-1	4,071875E+3	6,670855E-1	4,071875E+3	3,044579E-1	4,071875E+3	6,456809E-1	4,071875E+3	2,583100E-1
4,073437E+3	7,644276E-1	4,073437E+3	3,943597E-1	4,073437E+3	7,658203E-1	4,073437E+3	3,956891E-1	4,073437E+3	7,706495E-1	4,073437E+3	3,957646E-1	4,073437E+3	7,598267E-1	4,073437E+3	3,907967E-1	4,073437E+3	7,237565E-1	4,073437E+3	3,671118E-1	4,073437E+3	6,706100E-1	4,073437E+3	3,349998E-1	4,073437E+3	6,482459E-1	4,073437E+3	2,473159E-1
4,075000E+3	7,641788E-1	4,075000E+3	3,895579E-1	4,075000E+3	7,670548E-1	4,075000E+3	3,944692E-1	4,075000E+3	7,727763E-1	4,075000E+3	3,929770E-1	4,075000E+3	7,655608E-1	4,075000E+3	3,906653E-1	4,075000E+3	7,302269E-1	4,075000E+3	3,628186E-1	4,075000E+3	6,783012E-1	4,075000E+3	3,463041E-1	4,075000E+3	6,674571E-1	4,075000E+3	2,609544E-1
4,076562E+3	7,609345E-1	4,076562E+3	3,807800E-1	4,076562E+3	7,721904E-1	4,076562E+3	3,914707E-1	4,076562E+3	7,719388E-1	4,076562E+3	3,883368E-1	4,076562E+3	7,658160E-1	4,076562E+3	3,858573E-1	4,076562E+3	7,183588E-1	4,076562E+3	3,751173E-1	4,076562E+3	6,840799E-1	4,076562E+3	3,255381E-1	4,076562E+3	6,481792E-1	4,076562E+3	2,717237E-1
4,078125E+3	7,708290E-1	4,078125E+3	3,861185E-1	4,078125E+3	7,727150E-1	4,078125E+3	3,873818E-1	4,078125E+3	7,729929E-1	4,078125E+3	3,862954E-1	4,078125E+3	7,639562E-1	4,078125E+3	3,856873E-1	4,078125E+3	7,094784E-1	4,078125E+3	3,675724E-1	4,078125E+3	6,812108E-1	4,078125E+3	3,206022E-1	4,078125E+3	6,451885E-1	4,078125E+3	2,520703E-1
4,079687E+3	7,810791E-1	4,079687E+3	3,799869E-1	4,079687E+3	7,736445E-1	4,079687E+3	3,864454E-1	4,079687E+3	7,750725E-1	4,079687E+3	3,850519E-1	4,079687E+3	7,641090E-1	4,079687E+3	3,808970E-1	4,079687E+3	7,351091E-1	4,079687E+3	3,653521E-1	4,079687E+3	6,837631E-1	4,079687E+3	3,181345E-1	4,079687E+3	6,550639E-1	4,079687E+3	2,431439E-1
4,081250E+3	7,765933E-1	4,081250E+3	3,860212E-1	4,081250E+3	7,739817E-1	4,081250E+3	3,844518E-1	4,081250E+3	7,774802E-1	4,081250E+3	3,816237E-1	4,081250E+3	7,640166E-1	4,081250E+3	3,795622E-1	4,081250E+3	7,364175E-1	4,081250E+3	3,642297E-1	4,081250E+3	6,853871E-1	4,081250E+3	3,210922E-1	4,081250E+3	6,559121E-1	4,081250E+3	2,475808E-1
4,082812E+3	7,740711E-1	4,082812E+3	3,919913E-1	4,082812E+3	7,765500E-1	4,082812E+3	3,795860E-1	4,082812E+3	7,812964E-1	4,082812E+3	3,788449E-1	4,082812E+3	7,695145E-1	4,082812E+3	3,751549E-1	4,082812E+3	7,283264E-1	4,082812E+3	3,647404E-1	4,082812E+3	6,854311E-1	4,082812E+3	3,200818E-1	4,082812E+3	6,606706E-1	4,082812E+3	2,587962E-1
4,084375E+3	7,774568E-1	4,084375E+3	3,834463E-1	4,084375E+3	7,799841E-1	4,084375E+3	3,732420E-1	4,084375E+3	7,783025E-1	4,084375E+3	3,759634E-1	4,084375E+3	7,717652E-1	4,084375E+3	3,763334E-1	4,084375E+3	7,320373E-1	4,084375E+3	3,612672E-1	4,084375E+3	6,996947E-1	4,084375E+3	3,237135E-1	4,084375E+3	6,393104E-1	4,084375E+3	2,644792E-1
4,085937E+3	7,780495E-1	4,085937E+3	3,713600E-1	4,085937E+3	7,803796E-1	4,085937E+3	3,738054E-1	4,085937E+3	7,793074E-1	4,085937E+3	3,756570E-1	4,085937E+3	7,726598E-1	4,085937E+3	3,705925E-1	4,085937E+3	7,309828E-1	4,085937E+3	3,500929E-1	4,085937E+3	6,973156E-1	4,085937E+3	3,127676E-1	4,085937E+3	6,460027E-1	4,085937E+3	2,736299E-1
4,087500E+3	7,844352E-1	4,087500E+3	3,681376E-1	4,087500E+3	7,801747E-1	4,087500E+3	3,726994E-1	4,087500E+3	7,831448E-1	4,087500E+3	3,709927E-1	4,087500E+3	7,738851E-1	4,087500E+3	3,753962E-1	4,087500E+3	7,380442E-1	4,087500E+3	3,450737E-1	4,087500E+3	6,916652E-1	4,087500E+3	3,147119E-1	4,087500E+3	6,526896E-1	4,087500E+3	2,726347E-1
4,089062E+3	7,842299E-1	4,089062E+3	3,708624E-1	4,089062E+3	7,805289E-1	4,089062E+3	3,671709E-1	4,089062E+3	7,844136E-1	4,089062E+3	3,671584E-1	4,089062E+3	7,735549E-1	4,089062E+3	3,674006E-1	4,089062E+3	7,337956E-1	4,089062E+3	3,444260E-1	4,089062E+3	7,008297E-1	4,089062E+3	3,143053E-1	4,089062E+3	6,507545E-1	4,089062E+3	2,611246E-1
4,090625E+3	7,816254E-1	4,090625E+3	3,628265E-1	4,090625E+3	7,861450E-1	4,090625E+3	3,682031E-1	4,090625E+3	7,843285E-1	4,090625E+3	3,646175E-1	4,090625E+3	7,713851E-1	4,090625E+3	3,660883E-1	4,090625E+3	7,293319E-1	4,090625E+3	3,464223E-1	4,090625E+3	6,965924E-1	4,090625E+3	3,103623E-1	4,090625E+3	6,482126E-1	4,090625E+3	2,504607E-1
4,092187E+3	7,831487E-1	4,092187E+3	3,595669E-1	4,092187E+3	7,880907E-1	4,092187E+3	3,631477E-1	4,092187E+3	7,874757E-1	4,092187E+3	3,606366E-1	4,092187E+3	7,793261E-1	4,092187E+3	3,653592E-1	4,092187E+3	7,308013E-1	4,092187E+3	3,402068E-1	4,092187E+3	6,931107E-1	4,092187E+3	3,135328E-1	4,092187E+3	6,521954E-1	4,092187E+3	2,541228E-1
4,093750E+3	7,898115E-1	4,093750E+3	3,634785E-1	4,093750E+3	7,862046E-1	4,093750E+3	3,627865E-1	4,093750E+3	7,901581E-1	4,093750E+3	3,611293E-1	4,093750E+3	7,825136E-1	4,093750E+3	3,615482E-1	4,093750E+3	7,354416E-1	4,093750E+3	3,366111E-1	4,093750E+3	6,926289E-1	4,093750E+3	3,006031E-1	4,093750E+3	6,721676E-1	4,093750E+3	2,487630E-1
4,095312E+3	7,908115E-1	4,095312E+3	3,537835E-1	4,095312E+3	7,903510E-1	4,095312E+3	3,563909E-1	4,095312E+3	7,910802E-1	4,095312E+3	3,571005E-1	4,095312E+3	7,815776E-1	4,095312E+3	3,606796E-1	4,095312E+3	7,454055E-1	4,095312E+3	3,400164E-1	4,095312E+3	7,034667E-1	4,095312E+3	2,953618E-1	4,095312E+3	6,672954E-1	4,095312E+3	2,724696E-1
4,096875E+3	7,873557E-1	4,096875E+3	3,511263E-1	4,096875E+3	7,899912E-1	4,096875E+3	3,559124E-1	4,096875E+3	7,896615E-1	4,096875E+3	3,524538E-1	4,096875E+3	7,830961E-1	4,096875E+3	3,534890E-1	4,096875E+3	7,460904E-1	4,096875E+3	3,388386E-1	4,096875E+3	6,985603E-1	4,096875E+3	3,012956E-1	4,096875E+3	6,541084E-1	4,096875E+3	2,582516E-1
4,098437E+3	7,856073E-1	4,098437E+3	3,536753E-1	4,098437E+3	7,908661E-1	4,098437E+3	3,530216E-1	4,098437E+3	7,923010E-1	4,098437E+3	3,508897E-1	4,098437E+3	7,824981E-1	4,098437E+3	3,501442E-1	4,098437E+3	7,431749E-1	4,098437E+3	3,326060E-1	4,098437E+3	7,023278E-1	4,098437E+3	3,014940E-1	4,098437E+3	6,402234E-1	4,098437E+3	2,392685E-1
4,100000E+3	7,923303E-1	4,100000E+3	3,492029E-1	4,100000E+3	7,894354E-1	4,100000E+3	3,492089E-1	4,100000E+3	7,946080E-1	4,100000E+3	3,490187E-1	4,100000E+3	7,805526E-1	4,100000E+3	3,504227E-1	4,100000E+3	7,400921E-1	4,100000E+3	3,338125E-1	4,100000E+3	7,063061E-1	4,100000E+3	3,017294E-1	4,100000E+3	6,467878E-1	4,100000E+3	2,442554E-1
4,101562E+3	7,959618E-1	4,101562E+3	3,538498E-1	4,101562E+3	7,880527E-1	4,101562E+3	3,450504E-1	4,101562E+3	7,942665E-1	4,101562E+3	3,455752E-1	4,101562E+3	7,874923E-1	4,101562E+3	3,469044E-1	4,101562E+3	7,426917E-1	4,101562E+3	3,287256E-1	4,101562E+3	7,051570E-1	4,101562E+3	2,998455E-1	4,101562E+3	6,520792E-1	4,101562E+3	2,305652E-1
4,103125E+3	7,932934E-1	4,103125E+3	3,492499E-1	4,103125E+3	7,956349E-1	4,103125E+3	3,445673E-1	4,103125E+3	7,960304E-1	4,103125E+3	3,421070E-1	4,103125E+3	7,896795E-1	4,103125E+3	3,415709E-1	4,103125E+3	7,501984E-1	4,103125E+3	3,281469E-1	4,103125E+3	7,076625E-1	4,103125E+3	2,999962E-1	4,103125E+3	6,607267E-1	4,103125E+3	2,427583E-1
4,104687E+3	7,881648E-1	4,104687E+3	3,414620E-1	4,104687E+3	7,994665E-1	4,104687E+3	3,434670E-1	4,104687E+3	7,994646E-1	4,104687E+3	3,399901E-1	4,104687E+3	7,851191E-1	4,104687E+3	3,402012E-1	4,104687E+3	7,509466E-1	4,104687E+3	3,323224E-1	4,104687E+3	7,084828E-1	4,104687E+3	3,047455E-1	4,104687E+3	6,616662E-1	4,104687E+3	2,279248E-1
4,106250E+3	7,970815E-1	4,106250E+3	3,359531E-1	4,106250E+3	8,025289E-1	4,106250E+3	3,396969E-1	4,106250E+3	8,003214E-1	4,106250E+3	3,397932E-1	4,106250E+3	7,883832E-1	4,106250E+3	3,350897E-1	4,106250E+3	7,515958E-1	4,106250E+3	3,220515E-1	4,106250E+3	6,998721E-1	4,106250E+3	2,935359E-1	4,106250E+3	6,536941E-1	4,106250E+3	2,305609E-1
4,107812E+3	8,005753E-1	4,107812E+3	3,383885E-1	4,107812E+3	8,014714E-1	4,107812E+3	3,359180E-1	4,107812E+3	7,998795E-1	4,107812E+3	3,372294E-1	4,107812E+3	7,930390E-1	4,107812E+3	3,372177E-1	4,107812E+3	7,512250E-1	4,107812E+3	3,157621E-1	4,107812E+3	7,011242E-1	4,107812E+3	2,821590E-1	4,107812E+3	6,649916E-1	4,107812E+3	2,405238E-1
4,109375E+3	8,063509E-1	4,109375E+3	3,416453E-1	4,109375E+3	8,037721E-1	4,109375E+3	3,352192E-1	4,109375E+3	8,033197E-1	4,109375E+3	3,327322E-1	4,109375E+3	7,929441E-1	4,109375E+3	3,328881E-1	4,109375E+3	7,562289E-1	4,109375E+3	3,148533E-1	4,109375E+3	7,035513E-1	4,109375E+3	2,884121E-1	4,109375E+3	6,529240E-1	4,109375E+3	2,445526E-1
4,110937E+3	8,025931E-1	4,110937E+3	3,387924E-1	4,110937E+3	8,041772E-1	4,110937E+3	3,336016E-1	4,110937E+3	8,066045E-1	4,110937E+3	3,321951E-1	4,110937E+3	7,950369E-1	4,110937E+3	3,309034E-1	4,110937E+3	7,553361E-1	4,110937E+3	3,119817E-1	4,110937E+3	7,114085E-1	4,110937E+3	2,879893E-1	4,110937E+3	6,550501E-1	4,110937E+3	2,371675E-1
4,112500E+3	8,015878E-1	4,112500E+3	3,275701E-1	4,112500E+3	8,056445E-1	4,112500E+3	3,285248E-1	4,112500E+3	8,059360E-1	4,112500E+3	3,242796E-1	4,112500E+3	7,939459E-1	4,112500E+3	3,266842E-1	4,112500E+3	7,576971E-1	4,112500E+3	3,118837E-1	4,112500E+3	7,189670E-1	4,112500E+3	2,822961E-1	4,112500E+3	6,649115E-1	4,112500E+3	2,352898E-1
4,114062E+3	8,068012E-1	4,114062E+3	3,219497E-1	4,114062E+3	8,066388E-1	4,114062E+3	3,251600E-1	4,114062E+3	8,061086E-1	4,114062E+3	3,239809E-1	4,114062E+3	7,978061E-1	4,114062E+3	3,284259E-1	4,114062E+3	7,552718E-1	4,114062E+3	3,163329E-1	4,114062E+3	7,166286E-1	4,114062E+3	2,902046E-1	4,114062E+3	6,799019E-1	4,114062E+3	2,248648E-1
4,115625E+3	8,082003E-1	4,115625E+3	3,227210E-1	4,115625E+3	8,075379E-1	4,115625E+3	3,242955E-1	4,115625E+3	8,077540E-1	4,115625E+3	3,217019E-1	4,115625E+3	7,987747E-1	4,115625E+3	3,229209E-1	4,115625E+3	7,599200E-1	4,115625E+3	3,118879E-1	4,115625E+3	7,101970E-1	4,115625E+3	2,774214E-1	4,115625E+3	6,637380E-1	4,115625E+3	2,382987E-1
4,117187E+3	8,089947E-1	4,117187E+3	3,186109E-1	4,117187E+3	8,088865E-1	4,117187E+3	3,226650E-1	4,117187E+3	8,093509E-1	4,117187E+3	3,195897E-1	4,117187E+3	7,987613E-1	4,117187E+3	3,217797E-1	4,117187E+3	7,616525E-1	4,117187E+3	3,076507E-1	4,117187E+3	7,119500E-1	4,117187E+3	2,831667E-1	4,117187E+3	6,659830E-1	4,117187E+3	2,389672E-1
4,118750E+3	8,091444E-1	4,118750E+3	3,154876E-1	4,118750E+3	8,109586E-1	4,118750E+3	3,194123E-1	4,118750E+3	8,124351E-1	4,118750E+3	3,148961E-1	4,118750E+3	7,985464E-1	4,118750E+3	3,194981E-1	4,118750E+3	7,628320E-1	4,118750E+3	3,031093E-1	4,118750E+3	7,138114E-1	4,118750E+3	2,759419E-1	4,118750E+3	6,560284E-1	4,118750E+3	2,386129E-1
4,120312E+3	8,099242E-1	4,120312E+3	3,207894E-1	4,120312E+3	8,136618E-1	4,120312E+3	3,171737E-1	4,120312E+3	8,136807E-1	4,120312E+3	3,149679E-1	4,120312E+3	7,995685E-1	4,120312E+3	3,163182E-1	4,120312E+3	7,656236E-1	4,120312E+3	2,999237E-1	4,120312E+3	7,085608E-1	4,120312E+3	2,733227E-1	4,120312E+3	6,633165E-1	4,120312E+3	2,350618E-1
4,121875E+3	8,100576E-1	4,121875E+3	3,091255E-1	4,121875E+3	8,154574E-1	4,121875E+3	3,133819E-1	4,121875E+3	8,169770E-1	4,121875E+3	3,109350E-1	4,121875E+3	8,018464E-1	4,121875E+3	3,140861E-1	4,121875E+3	7,623456E-1	4,121875E+3	3,015120E-1	4,121875E+3	7,108740E-1	4,121875E+3	2,766252E-1	4,121875E+3	6,575249E-1	4,121875E+3	2,429321E-1
4,123437E+3	8,131596E-1	4,123437E+3	3,105961E-1	4,123437E+3	8,170070E-1	4,123437E+3	3,091396E-1	4,123437E+3	8,185008E-1	4,123437E+3	3,095442E-1	4,123437E+3	8,033597E-1	4,123437E+3	3,109417E-1	4,123437E+3	7,637732E-1	4,123437E+3	2,989481E-1	4,123437E+3	7,164836E-1	4,123437E+3	2,648631E-1	4,123437E+3	6,550194E-1	4,123437E+3	2,349923E-1
4,125000E+3	8,192149E-1	4,125000E+3	3,070503E-1	4,125000E+3	8,188297E-1	4,125000E+3	3,056255E-1	4,125000E+3	8,206838E-1	4,125000E+3	3,061809E-1	4,125000E+3	8,084937E-1	4,125000E+3	3,063584E-1	4,125000E+3	7,673483E-1	4,125000E+3	2,997389E-1	4,125000E+3	7,219220E-1	4,125000E+3	2,622947E-1	4,125000E+3	6,596352E-1	4,125000E+3	2,298789E-1
4,126562E+3	8,167237E-1	4,126562E+3	3,057053E-1	4,126562E+3	8,190076E-1	4,126562E+3	3,041730E-1	4,126562E+3	8,194777E-1	4,126562E+3	3,036217E-1	4,126562E+3	8,081043E-1	4,126562E+3	3,069024E-1	4,126562E+3	7,669840E-1	4,126562E+3	2,960113E-1	4,126562E+3	7,197238E-1	4,126562E+3	2,582532E-1	4,126562E+3	6,569062E-1	4,126562E+3	2,309331E-1
4,128125E+3	8,230977E-1	4,128125E+3	3,009347E-1	4,128125E+3	8,204070E-1	4,128125E+3	3,050305E-1	4,128125E+3	8,224536E-1	4,128125E+3	3,011184E-1	4,128125E+3	8,106828E-1	4,128125E+3	3,036196E-1	4,128125E+3	7,640097E-1	4,128125E+3	2,928716E-1	4,128125E+3	7,281814E-1	4,128125E+3	2,584547E-1	4,128125E+3	6,616124E-1	4,128125E+3	2,338097E-1
4,129687E+3	8,245363E-1	4,129687E+3	3,014910E-1	4,129687E+3	8,210941E-1	4,129687E+3	2,998007E-1	4,129687E+3	8,223183E-1	4,129687E+3	2,988792E-1	4,129687E+3	8,107289E-1	4,129687E+3	2,998571E-1	4,129687E+3	7,732547E-1	4,129687E+3	2,909137E-1	4,129687E+3	7,295682E-1	4,129687E+3	2,584768E-1	4,129687E+3	6,770549E-1	4,129687E+3	2,265626E-1
4,131250E+3	8,210314E-1	4,131250E+3	2,964098E-1	4,131250E+3	8,195689E-1	4,131250E+3	2,957221E-1	4,131250E+3	8,223411E-1	4,131250E+3	2,941506E-1	4,131250E+3	8,123144E-1	4,131250E+3	2,962549E-1	4,131250E+3	7,766672E-1	4,131250E+3	2,937234E-1	4,131250E+3	7,218278E-1	4,131250E+3	2,562445E-1	4,131250E+3	6,777985E-1	4,131250E+3	2,153730E-1
4,132812E+3	8,169779E-1	4,132812E+3	2,935892E-1	4,132812E+3	8,200415E-1	4,132812E+3	2,931963E-1	4,132812E+3	8,221922E-1	4,132812E+3	2,931267E-1	4,132812E+3	8,107171E-1	4,132812E+3	2,943610E-1	4,132812E+3	7,694389E-1	4,132812E+3	2,901583E-1	4,132812E+3	7,281515E-1	4,132812E+3	2,552523E-1	4,132812E+3	6,752328E-1	4,132812E+3	2,256516E-1
4,134375E+3	8,175899E-1	4,134375E+3	2,911497E-1	4,134375E+3	8,257373E-1	4,134375E+3	2,913814E-1	4,134375E+3	8,229255E-1	4,134375E+3	2,882972E-1	4,134375E+3	8,129602E-1	4,134375E+3	2,927503E-1	4,134375E+3	7,662665E-1	4,134375E+3	2,825833E-1	4,134375E+3	7,296822E-1	4,134375E+3	2,585796E-1	4,134375E+3	6,683115E-1	4,134375E+3	2,247216E-1
4,135937E+3	8,266151E-1	4,135937E+3	2,842518E-1	4,135937E+3	8,258472E-1	4,135937E+3	2,891438E-1	4,135937E+3	8,264289E-1	4,135937E+3	2,873464E-1	4,135937E+3	8,133068E-1	4,135937E+3	2,902605E-1	4,135937E+3	7,732093E-1	4,135937E+3	2,777589E-1	4,135937E+3	7,203319E-1	4,135937E+3	2,614842E-1	4,135937E+3	6,606084E-1	4,135937E+3	2,076274E-1
4,137500E+3	8,252332E-1	4,137500E+3	2,873501E-1	4,137500E+3	8,279805E-1	4,137500E+3	2,827543E-1	4,137500E+3	8,266484E-1	4,137500E+3	2,850737E-1	4,137500E+3	8,165649E-1	4,137500E+3	2,851941E-1	4,137500E+3	7,764446E-1	4,137500E+3	2,753275E-1	4,137500E+3	7,208697E-1	4,137500E+3	2,686939E-1	4,137500E+3	6,666368E-1	4,137500E+3	2,147658E-1
4,139062E+3	8,278246E-1	4,139062E+3	2,812220E-1	4,139062E+3	8,296342E-1	4,139062E+3	2,822921E-1	4,139062E+3	8,261245E-1	4,139062E+3	2,827829E-1	4,139062E+3	8,178006E-1	4,139062E+3	2,869073E-1	4,139062E+3	7,780341E-1	4,139062E+3	2,737376E-1	4,139062E+3	7,265466E-1	4,139062E+3	2,565773E-1	4,139062E+3	6,771862E-1	4,139062E+3	2,263384E-1
4,140625E+3	8,313617E-1	4,140625E+3	2,770636E-1	4,140625E+3	8,294930E-1	4,140625E+3	2,808715E-1	4,140625E+3	8,290593E-1	4,140625E+3	2,786271E-1	4,140625E+3	8,187614E-1	4,140625E+3	2,819823E-1	4,140625E+3	7,812338E-1	4,140625E+3	2,735570E-1	4,140625E+3	7,300578E-1	4,140625E+3	2,484908E-1	4,140625E+3	6,805701E-1	4,140625E+3	2,230113E-1
4,142187E+3	8,295137E-1	4,142187E+3	2,852872E-1	4,142187E+3	8,313006E-1	4,142187E+3	2,791209E-1	4,142187E+3	8,301342E-1	4,142187E+3	2,764524E-1	4,142187E+3	8,232116E-1	4,142187E+3	2,780346E-1	4,142187E+3	7,846649E-1	4,142187E+3	2,741892E-1	4,142187E+3	7,376210E-1	4,142187E+3	2,454017E-1	4,142187E+3	6,755303E-1	4,142187E+3	2,246015E-1
4,143750E+3	8,289733E-1	4,143750E+3	2,837161E-1	4,143750E+3	8,324753E-1	4,143750E+3	2,792997E-1	4,143750E+3	8,321975E-1	4,143750E+3	2,741003E-1	4,143750E+3	8,215735E-1	4,143750E+3	2,775587E-1	4,143750E+3	7,861574E-1	4,143750E+3	2,731348E-1	4,143750E+3	7,377504E-1	4,143750E+3	2,539003E-1	4,143750E+3	6,843435E-1	4,143750E+3	2,285146E-1
4,145312E+3	8,323915E-1	4,145312E+3	2,720181E-1	4,145312E+3	8,361310E-1	4,145312E+3	2,734498E-1	4,145312E+3	8,322444E-1	4,145312E+3	2,722830E-1	4,145312E+3	8,251867E-1	4,145312E+3	2,752773E-1	4,145312E+3	7,877297E-1	4,145312E+3	2,683876E-1	4,145312E+3	7,473434E-1	4,145312E+3	2,502616E-1	4,145312E+3	6,914291E-1	4,145312E+3	2,255647E-1
4,146875E+3	8,328488E-1	4,146875E+3	2,673159E-1	4,146875E+3	8,360040E-1	4,146875E+3	2,714497E-1	4,146875E+3	8,313485E-1	4,146875E+3	2,701919E-1	4,146875E+3	8,219076E-1	4,146875E+3	2,761586E-1	4,146875E+3	7,872436E-1	4,146875E+3	2,658005E-1	4,146875E+3	7,440804E-1	4,146875E+3	2,470928E-1	4,146875E+3	6,859242E-1	4,146875E+3	2,258177E-1
4,148437E+3	8,281806E-1	4,148437E+3	2,640388E-1	4,148437E+3	8,365864E-1	4,148437E+3	2,694092E-1	4,148437E+3	8,323238E-1	4,148437E+3	2,655142E-1	4,148437E+3	8,262596E-1	4,148437E+3	2,685598E-1	4,148437E+3	7,884096E-1	4,148437E+3	2,640859E-1	4,148437E+3	7,294067E-1	4,148437E+3	2,464505E-1	4,148437E+3	6,703453E-1	4,148437E+3	2,161206E-1
4,150000E+3	8,295097E-1	4,150000E+3	2,599408E-1	4,150000E+3	8,367774E-1	4,150000E+3	2,694417E-1	4,150000E+3	8,355692E-1	4,150000E+3	2,609463E-1	4,150000E+3	8,247036E-1	4,150000E+3	2,670686E-1	4,150000E+3	7,850712E-1	4,150000E+3	2,614725E-1	4,150000E+3	7,332777E-1	4,150000E+3	2,497893E-1	4,150000E+3	6,735577E-1	4,150000E+3	2,175482E-1
4,151562E+3	8,396482E-1	4,151562E+3	2,571923E-1	4,151562E+3	8,371669E-1	4,151562E+3	2,665227E-1	4,151562E+3	8,382040E-1	4,151562E+3	2,624202E-1	4,151562E+3	8,289064E-1	4,151562E+3	2,643398E-1	4,151562E+3	7,837730E-1	4,151562E+3	2,568324E-1	4,151562E+3	7,390361E-1	4,151562E+3	2,472989E-1	4,151562E+3	6,860600E-1	4,151562E+3	2,188616E-1
4,153125E+3	8,400226E-1	4,153125E+3	2,521875E-1	4,153125E+3	8,375445E-1	4,153125E+3	2,629514E-1	4,153125E+3	8,403311E-1	4,153125E+3	2,611026E-1	4,153125E+3	8,303291E-1	4,153125E+3	2,664167E-1	4,153125E+3	7,877407E-1	4,153125E+3	2,595136E-1	4,153125E+3	7,406168E-1	4,153125E+3	2,432788E-1	4,153125E+3	6,891020E-1	4,153125E+3	2,102927E-1
4,154687E+3	8,377877E-1	4,154687E+3	2,569837E-1	4,154687E+3	8,395245E-1	4,154687E+3	2,581148E-1	4,154687E+3	8,414448E-1	4,154687E+3	2,543123E-1	4,154687E+3	8,307539E-1	4,154687E+3	2,624523E-1	4,154687E+3	7,853184E-1	4,154687E+3	2,495379E-1	4,154687E+3	7,419079E-1	4,154687E+3	2,330776E-1	4,154687E+3	6,924971E-1	4,154687E+3	2,011012E-1
4,156250E+3	8,358729E-1	4,156250E+3	2,591901E-1	4,156250E+3	8,409485E-1	4,156250E+3	2,537955E-1	4,156250E+3	8,408445E-1	4,156250E+3	2,518261E-1	4,156250E+3	8,300027E-1	4,156250E+3	2,557412E-1	4,156250E+3	7,846364E-1	4,156250E+3	2,486769E-1	4,156250E+3	7,491806E-1	4,156250E+3	2,337908E-1	4,156250E+3	6,825377E-1	4,156250E+3	2,052699E-1
4,157812E+3	8,414600E-1	4,157812E+3	2,478459E-1	4,157812E+3	8,426331E-1	4,157812E+3	2,523677E-1	4,157812E+3	8,407535E-1	4,157812E+3	2,506815E-1	4,157812E+3	8,330336E-1	4,157812E+3	2,529060E-1	4,157812E+3	7,891141E-1	4,157812E+3	2,554740E-1	4,157812E+3	7,597892E-1	4,157812E+3	2,309146E-1	4,157812E+3	6,765363E-1	4,157812E+3	2,067780E-1
4,159375E+3	8,443704E-1	4,159375E+3	2,453190E-1	4,159375E+3	8,435885E-1	4,159375E+3	2,510327E-1	4,159375E+3	8,417661E-1	4,159375E+3	2,480334E-1	4,159375E+3	8,329977E-1	4,159375E+3	2,521327E-1	4,159375E+3	7,963112E-1	4,159375E+3	2,431197E-1	4,159375E+3	7,571096E-1	4,159375E+3	2,254226E-1	4,159375E+3	6,822383E-1	4,159375E+3	2,026746E-1
4,160937E+3	8,357478E-1	4,160937E+3	2,405581E-1	4,160937E+3	8,442288E-1	4,160937E+3	2,455096E-1	4,160937E+3	8,448824E-1	4,160937E+3	2,446143E-1	4,160937E+3	8,311543E-1	4,160937E+3	2,477913E-1	4,160937E+3	8,018351E-1	4,160937E+3	2,341957E-1	4,160937E+3	7,520051E-1	4,160937E+3	2,267004E-1	4,160937E+3	6,983230E-1	4,160937E+3	2,041237E-1
4,162500E+3	8,337030E-1	4,162500E+3	2,400086E-1	4,162500E+3	8,453572E-1	4,162500E+3	2,435471E-1	4,162500E+3	8,461436E-1	4,162500E+3	2,401472E-1	4,162500E+3	8,360959E-1	4,162500E+3	2,424305E-1	4,162500E+3	7,977968E-1	4,162500E+3	2,359332E-1	4,162500E+3	7,400434E-1	4,162500E+3	2,241274E-1	4,162500E+3	7,008713E-1	4,162500E+3	2,298884E-1
4,164062E+3	8,407427E-1	4,164062E+3	2,422280E-1	4,164062E+3	8,479697E-1	4,164062E+3	2,379895E-1	4,164062E+3	8,467759E-1	4,164062E+3	2,408923E-1	4,164062E+3	8,383955E-1	4,164062E+3	2,432019E-1	4,164062E+3	8,062122E-1	4,164062E+3	2,393586E-1	4,164062E+3	7,522176E-1	4,164062E+3	2,229473E-1	4,164062E+3	7,075400E-1	4,164062E+3	2,103498E-1
4,165625E+3	8,483014E-1	4,165625E+3	2,433554E-1	4,165625E+3	8,508218E-1	4,165625E+3	2,405294E-1	4,165625E+3	8,503050E-1	4,165625E+3	2,398887E-1	4,165625E+3	8,399758E-1	4,165625E+3	2,437441E-1	4,165625E+3	8,033855E-1	4,165625E+3	2,387435E-1	4,165625E+3	7,602104E-1	4,165625E+3	2,147374E-1	4,165625E+3	7,190841E-1	4,165625E+3	1,990372E-1
4,167187E+3	8,488221E-1	4,167187E+3	2,383875E-1	4,167187E+3	8,466739E-1	4,167187E+3	2,378834E-1	4,167187E+3	8,512186E-1	4,167187E+3	2,362542E-1	4,167187E+3	8,402110E-1	4,167187E+3	2,409469E-1	4,167187E+3	7,990424E-1	4,167187E+3	2,430341E-1	4,167187E+3	7,681862E-1	4,167187E+3	2,195870E-1	4,167187E+3	7,059422E-1	4,167187E+3	1,852707E-1
4,168750E+3	8,573012E-1	4,168750E+3	2,338145E-1	4,168750E+3	8,477390E-1	4,168750E+3	2,355975E-1	4,168750E+3	8,509884E-1	4,168750E+3	2,325893E-1	4,168750E+3	8,395624E-1	4,168750E+3	2,359397E-1	4,168750E+3	8,081989E-1	4,168750E+3	2,333661E-1	4,168750E+3	7,769336E-1	4,168750E+3	2,243203E-1	4,168750E+3	7,171902E-1	4,168750E+3	1,716211E-1
4,170312E+3	8,555845E-1	4,170312E+3	2,298883E-1	4,170312E+3	8,505183E-1	4,170312E+3	2,315615E-1	4,170312E+3	8,514113E-1	4,170312E+3	2,308245E-1	4,170312E+3	8,426940E-1	4,170312E+3	2,305976E-1	4,170312E+3	8,070962E-1	4,170312E+3	2,324333E-1	4,170312E+3	7,648066E-1	4,170312E+3	2,188557E-1	4,170312E+3	7,276064E-1	4,170312E+3	1,813237E-1
4,171875E+3	8,550103E-1	4,171875E+3	2,362976E-1	4,171875E+3	8,530716E-1	4,171875E+3	2,279236E-1	4,171875E+3	8,541447E-1	4,171875E+3	2,258645E-1	4,171875E+3	8,462527E-1	4,171875E+3	2,296026E-1	4,171875E+3	8,097839E-1	4,171875E+3	2,305122E-1	4,171875E+3	7,530593E-1	4,171875E+3	2,238743E-1	4,171875E+3	7,214975E-1	4,171875E+3	1,847243E-1
4,173437E+3	8,539740E-1	4,173437E+3	2,291774E-1	4,173437E+3	8,532410E-1	4,173437E+3	2,300874E-1	4,173437E+3	8,529538E-1	4,173437E+3	2,243283E-1	4,173437E+3	8,427154E-1	4,173437E+3	2,313827E-1	4,173437E+3	8,076941E-1	4,173437E+3	2,209454E-1	4,173437E+3	7,690577E-1	4,173437E+3	2,120573E-1	4,173437E+3	7,157924E-1	4,173437E+3	1,677263E-1
4,175000E+3	8,477229E-1	4,175000E+3	2,223892E-1	4,175000E+3	8,533692E-1	4,175000E+3	2,281984E-1	4,175000E+3	8,512900E-1	4,175000E+3	2,224914E-1	4,175000E+3	8,434041E-1	4,175000E+3	2,244347E-1	4,175000E+3	8,130035E-1	4,175000E+3	2,228714E-1	4,175000E+3	7,623893E-1	4,175000E+3	2,075201E-1	4,175000E+3	7,144409E-1	4,175000E+3	1,684775E-1
4,176562E+3	8,517053E-1	4,176562E+3	2,096547E-1	4,176562E+3	8,566491E-1	4,176562E+3	2,213994E-1	4,176562E+3	8,552314E-1	4,176562E+3	2,196850E-1	4,176562E+3	8,426875E-1	4,176562E+3	2,219482E-1	4,176562E+3	8,196470E-1	4,176562E+3	2,262698E-1	4,176562E+3	7,551645E-1	4,176562E+3	1,945910E-1	4,176562E+3	7,093723E-1	4,176562E+3	1,690546E-1
4,178125E+3	8,623423E-1	4,178125E+3	2,167322E-1	4,178125E+3	8,547124E-1	4,178125E+3	2,190095E-1	4,178125E+3	8,592405E-1	4,178125E+3	2,159732E-1	4,178125E+3	8,452159E-1	4,178125E+3	2,205459E-1	4,178125E+3	8,188785E-1	4,178125E+3	2,175507E-1	4,178125E+3	7,658959E-1	4,178125E+3	2,084512E-1	4,178125E+3	7,096063E-1	4,178125E+3	1,710640E-1
4,179687E+3	8,585174E-1	4,179687E+3	2,132377E-1	4,179687E+3	8,575770E-1	4,179687E+3	2,134112E-1	4,179687E+3	8,560744E-1	4,179687E+3	2,137064E-1	4,179687E+3	8,462704E-1	4,179687E+3	2,171150E-1	4,179687E+3	8,081525E-1	4,179687E+3	2,078890E-1	4,179687E+3	7,700383E-1	4,179687E+3	2,240911E-1	4,179687E+3	7,095671E-1	4,179687E+3	1,665423E-1
4,181250E+3	8,612234E-1	4,181250E+3	2,154108E-1	4,181250E+3	8,597709E-1	4,181250E+3	2,115776E-1	4,181250E+3	8,579620E-1	4,181250E+3	2,108768E-1	4,181250E+3	8,520124E-1	4,181250E+3	2,174692E-1	4,181250E+3	8,124150E-1	4,181250E+3	2,146302E-1	4,181250E+3	7,754765E-1	4,181250E+3	2,176051E-1	4,181250E+3	7,228557E-1	4,181250E+3	1,745737E-1
4,182812E+3	8,653325E-1	4,182812E+3	2,072194E-1	4,182812E+3	8,581603E-1	4,182812E+3	2,121632E-1	4,182812E+3	8,584519E-1	4,182812E+3	2,138093E-1	4,182812E+3	8,496348E-1	4,182812E+3	2,170871E-1	4,182812E+3	8,177705E-1	4,182812E+3	2,172553E-1	4,182812E+3	7,816138E-1	4,182812E+3	2,129563E-1	4,182812E+3	7,185984E-1	4,182812E+3	1,682876E-1
4,184375E+3	8,579206E-1	4,184375E+3	2,088393E-1	4,184375E+3	8,641468E-1	4,184375E+3	2,045415E-1	4,184375E+3	8,573197E-1	4,184375E+3	2,048773E-1	4,184375E+3	8,521951E-1	4,184375E+3	2,117667E-1	4,184375E+3	8,122549E-1	4,184375E+3	2,135632E-1	4,184375E+3	7,724255E-1	4,184375E+3	1,980001E-1	4,184375E+3	7,185033E-1	4,184375E+3	1,640803E-1
4,185937E+3	8,620572E-1	4,185937E+3	2,049055E-1	4,185937E+3	8,633315E-1	4,185937E+3	2,065455E-1	4,185937E+3	8,617964E-1	4,185937E+3	2,055919E-1	4,185937E+3	8,525475E-1	4,185937E+3	2,100093E-1	4,185937E+3	8,215431E-1	4,185937E+3	2,090465E-1	4,185937E+3	7,752189E-1	4,185937E+3	2,016757E-1	4,185937E+3	7,029489E-1	4,185937E+3	1,486151E-1
4,187500E+3	8,537013E-1	4,187500E+3	2,039383E-1	4,187500E+3	8,614689E-1	4,187500E+3	2,054524E-1	4,187500E+3	8,643058E-1	4,187500E+3	2,010360E-1	4,187500E+3	8,540242E-1	4,187500E+3	2,053872E-1	4,187500E+3	8,220709E-1	4,187500E+3	1,991089E-1	4,187500E+3	7,857034E-1	4,187500E+3	1,859099E-1	4,187500E+3	6,952903E-1	4,187500E+3	1,449738E-1
4,189062E+3	8,600130E-1	4,189062E+3	2,057972E-1	4,189062E+3	8,598584E-1	4,189062E+3	1,998693E-1	4,189062E+3	8,621503E-1	4,189062E+3	1,989012E-1	4,189062E+3	8,549171E-1	4,189062E+3	2,064414E-1	4,189062E+3	8,219215E-1	4,189062E+3	2,035548E-1	4,189062E+3	7,802289E-1	4,189062E+3	1,918456E-1	4,189062E+3	7,183864E-1	4,189062E+3	1,661850E-1
4,190625E+3	8,599461E-1	4,190625E+3	2,049710E-1	4,190625E+3	8,622563E-1	4,190625E+3	1,963620E-1	4,190625E+3	8,646884E-1	4,190625E+3	1,976633E-1	4,190625E+3	8,580726E-1	4,190625E+3	2,040590E-1	4,190625E+3	8,235231E-1	4,190625E+3	1,989234E-1	4,190625E+3	7,761485E-1	4,190625E+3	1,931096E-1	4,190625E+3	7,226881E-1	4,190625E+3	1,520144E-1
4,192187E+3	8,549014E-1	4,192187E+3	1,950467E-1	4,192187E+3	8,631449E-1	4,192187E+3	1,946139E-1	4,192187E+3	8,636494E-1	4,192187E+3	1,958487E-1	4,192187E+3	8,579124E-1	4,192187E+3	2,021056E-1	4,192187E+3	8,187253E-1	4,192187E+3	1,953028E-1	4,192187E+3	7,731600E-1	4,192187E+3	1,935078E-1	4,192187E+3	7,217651E-1	4,192187E+3	1,539766E-1
4,193750E+3	8,569976E-1	4,193750E+3	1,866646E-1	4,193750E+3	8,655756E-1	4,193750E+3	1,921779E-1	4,193750E+3	8,641053E-1	4,193750E+3	1,920174E-1	4,193750E+3	8,573508E-1	4,193750E+3	1,987888E-1	4,193750E+3	8,256598E-1	4,193750E+3	1,989181E-1	4,193750E+3	7,635656E-1	4,193750E+3	1,804849E-1	4,193750E+3	7,222417E-1	4,193750E+3	1,740945E-1
4,195312E+3	8,659905E-1	4,195312E+3	1,863250E-1	4,195312E+3	8,638457E-1	4,195312E+3	1,941136E-1	4,195312E+3	8,643158E-1	4,195312E+3	1,910136E-1	4,195312E+3	8,570133E-1	4,195312E+3	1,956405E-1	4,195312E+3	8,281554E-1	4,195312E+3	2,014777E-1	4,195312E+3	7,631463E-1	4,195312E+3	1,883283E-1	4,195312E+3	7,210830E-1	4,195312E+3	1,571109E-1
4,196875E+3	8,628949E-1	4,196875E+3	1,916390E-1	4,196875E+3	8,660237E-1	4,196875E+3	1,886131E-1	4,196875E+3	8,647904E-1	4,196875E+3	1,878745E-1	4,196875E+3	8,565264E-1	4,196875E+3	1,914916E-1	4,196875E+3	8,244594E-1	4,196875E+3	1,906195E-1	4,196875E+3	7,920444E-1	4,196875E+3	1,825516E-1	4,196875E+3	7,240588E-1	4,196875E+3	1,364169E-1
4,198437E+3	8,640320E-1	4,198437E+3	1,890018E-1	4,198437E+3	8,647616E-1	4,198437E+3	1,840252E-1	4,198437E+3	8,652152E-1	4,198437E+3	1,838528E-1	4,198437E+3	8,553305E-1	4,198437E+3	1,871724E-1	4,198437E+3	8,290286E-1	4,198437E+3	1,832252E-1	4,198437E+3	7,847126E-1	4,198437E+3	1,758729E-1	4,198437E+3	7,303536E-1	4,198437E+3	1,314164E-1
4,200000E+3	8,655129E-1	4,200000E+3	1,824655E-1	4,200000E+3	8,646687E-1	4,200000E+3	1,825862E-1	4,200000E+3	8,667250E-1	4,200000E+3	1,859496E-1	4,200000E+3	8,555889E-1	4,200000E+3	1,845769E-1	4,200000E+3	8,291692E-1	4,200000E+3	1,785881E-1	4,200000E+3	7,861639E-1	4,200000E+3	1,745390E-1	4,200000E+3	7,252873E-1	4,200000E+3	1,391072E-1
4,201562E+3	8,646652E-1	4,201562E+3	1,870337E-1	4,201562E+3	8,712213E-1	4,201562E+3	1,828092E-1	4,201562E+3	8,685869E-1	4,201562E+3	1,824607E-1	4,201562E+3	8,587073E-1	4,201562E+3	1,859701E-1	4,201562E+3	8,243049E-1	4,201562E+3	1,831506E-1	4,201562E+3	7,867604E-1	4,201562E+3	1,695414E-1	4,201562E+3	7,376658E-1	4,201562E+3	1,465853E-1
4,203125E+3	8,719689E-1	4,203125E+3	1,840807E-1	4,203125E+3	8,710024E-1	4,203125E+3	1,801370E-1	4,203125E+3	8,701142E-1	4,203125E+3	1,770538E-1	4,203125E+3	8,622855E-1	4,203125E+3	1,844377E-1	4,203125E+3	8,264838E-1	4,203125E+3	1,826278E-1	4,203125E+3	7,804932E-1	4,203125E+3	1,569828E-1	4,203125E+3	7,473023E-1	4,203125E+3	1,342116E-1
4,204687E+3	8,768760E-1	4,204687E+3	1,709717E-1	4,204687E+3	8,725333E-1	4,204687E+3	1,766044E-1	4,204687E+3	8,677955E-1	4,204687E+3	1,719676E-1	4,204687E+3	8,620999E-1	4,204687E+3	1,771246E-1	4,204687E+3	8,239282E-1	4,204687E+3	1,731915E-1	4,204687E+3	7,779434E-1	4,204687E+3	1,689301E-1	4,204687E+3	7,281921E-1	4,204687E+3	1,127023E-1
4,206250E+3	8,759729E-1	4,206250E+3	1,708105E-1	4,206250E+3	8,745296E-1	4,206250E+3	1,722146E-1	4,206250E+3	8,690720E-1	4,206250E+3	1,727001E-1	4,206250E+3	8,637027E-1	4,206250E+3	1,758325E-1	4,206250E+3	8,294605E-1	4,206250E+3	1,700126E-1	4,206250E+3	7,802089E-1	4,206250E+3	1,528681E-1	4,206250E+3	7,205114E-1	4,206250E+3	1,288732E-1
4,207812E+3	8,719196E-1	4,207812E+3	1,732889E-1	4,207812E+3	8,725983E-1	4,207812E+3	1,714819E-1	4,207812E+3	8,716579E-1	4,207812E+3	1,720396E-1	4,207812E+3	8,666516E-1	4,207812E+3	1,789184E-1	4,207812E+3	8,336866E-1	4,207812E+3	1,724492E-1	4,207812E+3	7,901970E-1	4,207812E+3	1,551479E-1	4,207812E+3	7,577710E-1	4,207812E+3	1,250260E-1
4,209375E+3	8,773464E-1	4,209375E+3	1,798909E-1	4,209375E+3	8,714367E-1	4,209375E+3	1,698755E-1	4,209375E+3	8,709997E-1	4,209375E+3	1,696954E-1	4,209375E+3	8,655461E-1	4,209375E+3	1,746741E-1	4,209375E+3	8,278824E-1	4,209375E+3	1,741081E-1	4,209375E+3	7,991853E-1	4,209375E+3	1,470058E-1	4,209375E+3	7,445958E-1	4,209375E+3	1,305492E-1
4,210937E+3	8,835450E-1	4,210937E+3	1,708975E-1	4,210937E+3	8,722686E-1	4,210937E+3	1,693156E-1	4,210937E+3	8,730081E-1	4,210937E+3	1,679883E-1	4,210937E+3	8,647965E-1	4,210937E+3	1,704273E-1	4,210937E+3	8,236147E-1	4,210937E+3	1,710232E-1	4,210937E+3	7,929327E-1	4,210937E+3	1,423248E-1	4,210937E+3	7,205027E-1	4,210937E+3	9,959264E-2
4,212500E+3	8,729967E-1	4,212500E+3	1,573362E-1	4,212500E+3	8,744786E-1	4,212500E+3	1,640891E-1	4,212500E+3	8,718332E-1	4,212500E+3	1,643506E-1	4,212500E+3	8,649776E-1	4,212500E+3	1,703814E-1	4,212500E+3	8,320296E-1	4,212500E+3	1,701693E-1	4,212500E+3	7,934137E-1	4,212500E+3	1,459971E-1	4,212500E+3	7,256623E-1	4,212500E+3	1,142891E-1
4,214062E+3	8,709994E-1	4,214062E+3	1,477393E-1	4,214062E+3	8,739575E-1	4,214062E+3	1,603136E-1	4,214062E+3	8,732176E-1	4,214062E+3	1,604938E-1	4,214062E+3	8,647853E-1	4,214062E+3	1,670989E-1	4,214062E+3	8,377464E-1	4,214062E+3	1,678502E-1	4,214062E+3	8,059453E-1	4,214062E+3	1,487646E-1	4,214062E+3	7,271325E-1	4,214062E+3	1,275709E-1
4,215625E+3	8,730866E-1	4,215625E+3	1,591436E-1	4,215625E+3	8,748360E-1	4,215625E+3	1,602349E-1	4,215625E+3	8,724064E-1	4,215625E+3	1,614188E-1	4,215625E+3	8,695663E-1	4,215625E+3	1,650572E-1	4,215625E+3	8,308019E-1	4,215625E+3	1,612142E-1	4,215625E+3	8,026021E-1	4,215625E+3	1,461988E-1	4,215625E+3	7,403465E-1	4,215625E+3	1,358925E-1
4,217187E+3	8,699766E-1	4,217187E+3	1,599173E-1	4,217187E+3	8,735805E-1	4,217187E+3	1,607218E-1	4,217187E+3	8,732676E-1	4,217187E+3	1,597702E-1	4,217187E+3	8,677467E-1	4,217187E+3	1,591719E-1	4,217187E+3	8,338477E-1	4,217187E+3	1,677732E-1	4,217187E+3	7,897468E-1	4,217187E+3	1,474018E-1	4,217187E+3	7,553303E-1	4,217187E+3	1,264933E-1
4,218750E+3	8,806566E-1	4,218750E+3	1,566589E-1	4,218750E+3	8,771860E-1	4,218750E+3	1,569556E-1	4,218750E+3	8,777605E-1	4,218750E+3	1,556474E-1	4,218750E+3	8,688480E-1	4,218750E+3	1,583044E-1	4,218750E+3	8,329168E-1	4,218750E+3	1,600986E-1	4,218750E+3	7,914074E-1	4,218750E+3	1,391960E-1	4,218750E+3	7,572920E-1	4,218750E+3	9,563198E-2
4,220312E+3	8,773375E-1	4,220312E+3	1,544725E-1	4,220312E+3	8,779163E-1	4,220312E+3	1,542430E-1	4,220312E+3	8,784763E-1	4,220312E+3	1,535063E-1	4,220312E+3	8,708425E-1	4,220312E+3	1,561747E-1	4,220312E+3	8,368090E-1	4,220312E+3	1,574012E-1	4,220312E+3	7,954425E-1	4,220312E+3	1,315460E-1	4,220312E+3	7,549607E-1	4,220312E+3	9,725920E-2
4,221875E+3	8,803021E-1	4,221875E+3	1,582402E-1	4,221875E+3	8,763732E-1	4,221875E+3	1,496314E-1	4,221875E+3	8,799532E-1	4,221875E+3	1,515980E-1	4,221875E+3	8,746944E-1	4,221875E+3	1,534729E-1	4,221875E+3	8,371860E-1	4,221875E+3	1,519433E-1	4,221875E+3	7,995719E-1	4,221875E+3	1,222893E-1	4,221875E+3	7,559037E-1	4,221875E+3	9,450601E-2
4,223437E+3	8,838548E-1	4,223437E+3	1,542679E-1	4,223437E+3	8,772556E-1	4,223437E+3	1,513085E-1	4,223437E+3	8,793778E-1	4,223437E+3	1,495849E-1	4,223437E+3	8,724343E-1	4,223437E+3	1,556733E-1	4,223437E+3	8,303085E-1	4,223437E+3	1,509236E-1	4,223437E+3	7,950976E-1	4,223437E+3	1,395590E-1	4,223437E+3	7,531925E-1	4,223437E+3	9,506467E-2
4,225000E+3	8,938890E-1	4,225000E+3	1,484315E-1	4,225000E+3	8,786797E-1	4,225000E+3	1,513097E-1	4,225000E+3	8,793861E-1	4,225000E+3	1,476627E-1	4,225000E+3	8,726760E-1	4,225000E+3	1,538028E-1	4,225000E+3	8,365433E-1	4,225000E+3	1,561892E-1	4,225000E+3	7,904551E-1	4,225000E+3	1,411149E-1	4,225000E+3	7,466183E-1	4,225000E+3	1,153237E-1
4,226562E+3	8,823047E-1	4,226562E+3	1,470470E-1	4,226562E+3	8,802549E-1	4,226562E+3	1,487240E-1	4,226562E+3	8,793443E-1	4,226562E+3	1,470042E-1	4,226562E+3	8,725702E-1	4,226562E+3	1,493375E-1	4,226562E+3	8,399868E-1	4,226562E+3	1,526039E-1	4,226562E+3	7,972688E-1	4,226562E+3	1,363096E-1	4,226562E+3	7,534759E-1	4,226562E+3	1,166903E-1
4,228125E+3	8,747175E-1	4,228125E+3	1,396933E-1	4,228125E+3	8,791815E-1	4,228125E+3	1,426016E-1	4,228125E+3	8,811184E-1	4,228125E+3	1,447769E-1	4,228125E+3	8,711855E-1	4,228125E+3	1,495280E-1	4,228125E+3	8,414599E-1	4,228125E+3	1,456210E-1	4,228125E+3	7,998915E-1	4,228125E+3	1,355650E-1	4,228125E+3	7,520166E-1	4,228125E+3	1,085222E-1
4,229687E+3	8,708485E-1	4,229687E+3	1,429233E-1	4,229687E+3	8,808043E-1	4,229687E+3	1,410781E-1	4,229687E+3	8,806312E-1	4,229687E+3	1,415046E-1	4,229687E+3	8,720911E-1	4,229687E+3	1,457908E-1	4,229687E+3	8,364244E-1	4,229687E+3	1,514738E-1	4,229687E+3	7,999637E-1	4,229687E+3	1,352743E-1	4,229687E+3	7,519936E-1	4,229687E+3	1,073238E-1
4,231250E+3	8,756373E-1	4,231250E+3	1,368007E-1	4,231250E+3	8,859688E-1	4,231250E+3	1,376772E-1	4,231250E+3	8,809870E-1	4,231250E+3	1,354868E-1	4,231250E+3	8,735980E-1	4,231250E+3	1,424640E-1	4,231250E+3	8,383706E-1	4,231250E+3	1,475314E-1	4,231250E+3	8,009326E-1	4,231250E+3	1,167909E-1	4,231250E+3	7,593756E-1	4,231250E+3	9,294068E-2
4,232812E+3	8,804024E-1	4,232812E+3	1,393469E-1	4,232812E+3	8,835549E-1	4,232812E+3	1,369368E-1	4,232812E+3	8,819446E-1	4,232812E+3	1,364112E-1	4,232812E+3	8,768435E-1	4,232812E+3	1,424212E-1	4,232812E+3	8,347947E-1	4,232812E+3	1,354715E-1	4,232812E+3	7,918949E-1	4,232812E+3	1,298159E-1	4,232812E+3	7,768997E-1	4,232812E+3	9,982075E-2
4,234375E+3	8,776870E-1	4,234375E+3	1,449702E-1	4,234375E+3	8,856090E-1	4,234375E+3	1,389219E-1	4,234375E+3	8,814981E-1	4,234375E+3	1,366414E-1	4,234375E+3	8,750978E-1	4,234375E+3	1,400442E-1	4,234375E+3	8,300418E-1	4,234375E+3	1,329020E-1	4,234375E+3	7,936732E-1	4,234375E+3	1,267241E-1	4,234375E+3	7,521156E-1	4,234375E+3	9,133819E-2
4,235937E+3	8,747536E-1	4,235937E+3	1,373300E-1	4,235937E+3	8,852902E-1	4,235937E+3	1,346617E-1	4,235937E+3	8,803360E-1	4,235937E+3	1,304648E-1	4,235937E+3	8,733832E-1	4,235937E+3	1,358082E-1	4,235937E+3	8,381851E-1	4,235937E+3	1,300010E-1	4,235937E+3	7,978838E-1	4,235937E+3	1,212526E-1	4,235937E+3	7,389264E-1	4,235937E+3	8,937140E-2
4,237500E+3	8,770352E-1	4,237500E+3	1,336268E-1	4,237500E+3	8,842182E-1	4,237500E+3	1,348536E-1	4,237500E+3	8,818522E-1	4,237500E+3	1,294867E-1	4,237500E+3	8,772318E-1	4,237500E+3	1,352512E-1	4,237500E+3	8,374883E-1	4,237500E+3	1,276198E-1	4,237500E+3	8,040193E-1	4,237500E+3	1,286603E-1	4,237500E+3	7,507617E-1	4,237500E+3	8,466093E-2
4,239062E+3	8,830429E-1	4,239062E+3	1,304666E-1	4,239062E+3	8,841237E-1	4,239062E+3	1,317714E-1	4,239062E+3	8,836867E-1	4,239062E+3	1,306424E-1	4,239062E+3	8,776542E-1	4,239062E+3	1,355693E-1	4,239062E+3	8,433415E-1	4,239062E+3	1,334689E-1	4,239062E+3	8,113969E-1	4,239062E+3	1,304177E-1	4,239062E+3	7,652295E-1	4,239062E+3	9,075363E-2
4,240625E+3	8,859176E-1	4,240625E+3	1,311285E-1	4,240625E+3	8,848760E-1	4,240625E+3	1,284996E-1	4,240625E+3	8,828947E-1	4,240625E+3	1,274842E-1	4,240625E+3	8,749921E-1	4,240625E+3	1,328885E-1	4,240625E+3	8,518124E-1	4,240625E+3	1,329983E-1	4,240625E+3	8,090506E-1	4,240625E+3	1,212618E-1	4,240625E+3	7,703991E-1	4,240625E+3	8,709646E-2
4,242187E+3	8,836773E-1	4,242187E+3	1,320089E-1	4,242187E+3	8,822503E-1	4,242187E+3	1,285972E-1	4,242187E+3	8,833623E-1	4,242187E+3	1,264986E-1	4,242187E+3	8,769660E-1	4,242187E+3	1,303740E-1	4,242187E+3	8,497259E-1	4,242187E+3	1,341888E-1	4,242187E+3	8,040269E-1	4,242187E+3	1,135709E-1	4,242187E+3	7,617708E-1	4,242187E+3	8,546879E-2
4,243750E+3	8,814960E-1	4,243750E+3	1,312710E-1	4,243750E+3	8,838384E-1	4,243750E+3	1,268427E-1	4,243750E+3	8,857816E-1	4,243750E+3	1,251326E-1	4,243750E+3	8,766362E-1	4,243750E+3	1,267643E-1	4,243750E+3	8,456263E-1	4,243750E+3	1,286011E-1	4,243750E+3	8,042600E-1	4,243750E+3	1,254643E-1	4,243750E+3	7,660797E-1	4,243750E+3	9,162885E-2
4,245312E+3	8,852816E-1	4,245312E+3	1,259805E-1	4,245312E+3	8,857667E-1	4,245312E+3	1,242198E-1	4,245312E+3	8,857340E-1	4,245312E+3	1,210558E-1	4,245312E+3	8,762327E-1	4,245312E+3	1,258598E-1	4,245312E+3	8,434360E-1	4,245312E+3	1,232638E-1	4,245312E+3	8,066690E-1	4,245312E+3	1,207551E-1	4,245312E+3	7,556347E-1	4,245312E+3	9,618773E-2
4,246875E+3	8,876633E-1	4,246875E+3	1,215915E-1	4,246875E+3	8,864235E-1	4,246875E+3	1,227629E-1	4,246875E+3	8,851105E-1	4,246875E+3	1,204873E-1	4,246875E+3	8,782277E-1	4,246875E+3	1,228898E-1	4,246875E+3	8,473634E-1	4,246875E+3	1,240385E-1	4,246875E+3	8,061957E-1	4,246875E+3	1,067718E-1	4,246875E+3	7,458961E-1	4,246875E+3	8,538518E-2
4,248437E+3	8,862483E-1	4,248437E+3	1,185597E-1	4,248437E+3	8,858596E-1	4,248437E+3	1,184397E-1	4,248437E+3	8,842182E-1	4,248437E+3	1,176154E-1	4,248437E+3	8,784016E-1	4,248437E+3	1,231276E-1	4,248437E+3	8,462218E-1	4,248437E+3	1,151897E-1	4,248437E+3	8,023404E-1	4,248437E+3	1,085622E-1	4,248437E+3	7,444198E-1	4,248437E+3	8,876760E-2
4,250000E+3	8,877150E-1	4,250000E+3	1,190647E-1	4,250000E+3	8,845162E-1	4,250000E+3	1,179941E-1	4,250000E+3	8,853342E-1	4,250000E+3	1,172101E-1	4,250000E+3	8,800079E-1	4,250000E+3	1,222710E-1	4,250000E+3	8,413596E-1	4,250000E+3	1,158544E-1	4,250000E+3	8,076643E-1	4,250000E+3	1,094223E-1	4,250000E+3	7,406521E-1	4,250000E+3	9,242922E-2
4,251562E+3	8,903393E-1	4,251562E+3	1,195550E-1	4,251562E+3	8,880239E-1	4,251562E+3	1,174621E-1	4,251562E+3	8,868443E-1	4,251562E+3	1,146007E-1	4,251562E+3	8,783725E-1	4,251562E+3	1,204533E-1	4,251562E+3	8,454723E-1	4,251562E+3	1,193934E-1	4,251562E+3	8,054428E-1	4,251562E+3	1,095914E-1	4,251562E+3	7,507133E-1	4,251562E+3	7,933498E-2
4,253125E+3	8,917971E-1	4,253125E+3	1,182704E-1	4,253125E+3	8,873530E-1	4,253125E+3	1,152475E-1	4,253125E+3	8,879007E-1	4,253125E+3	1,123562E-1	4,253125E+3	8,799841E-1	4,253125E+3	1,196463E-1	4,253125E+3	8,463994E-1	4,253125E+3	1,209618E-1	4,253125E+3	8,048496E-1	4,253125E+3	1,106304E-1	4,253125E+3	7,606165E-1	4,253125E+3	7,866221E-2
4,254687E+3	8,878111E-1	4,254687E+3	1,139016E-1	4,254687E+3	8,883977E-1	4,254687E+3	1,137098E-1	4,254687E+3	8,890497E-1	4,254687E+3	1,115851E-1	4,254687E+3	8,828720E-1	4,254687E+3	1,166115E-1	4,254687E+3	8,470680E-1	4,254687E+3	1,176339E-1	4,254687E+3	8,026126E-1	4,254687E+3	1,032876E-1	4,254687E+3	7,636881E-1	4,254687E+3	9,156332E-2
4,256250E+3	8,892107E-1	4,256250E+3	1,114889E-1	4,256250E+3	8,885287E-1	4,256250E+3	1,107136E-1	4,256250E+3	8,895854E-1	4,256250E+3	1,105954E-1	4,256250E+3	8,816972E-1	4,256250E+3	1,140530E-1	4,256250E+3	8,500819E-1	4,256250E+3	1,111716E-1	4,256250E+3	8,118571E-1	4,256250E+3	1,048428E-1	4,256250E+3	7,708907E-1	4,256250E+3	8,978866E-2
4,257812E+3	8,931462E-1	4,257812E+3	1,049865E-1	4,257812E+3	8,902008E-1	4,257812E+3	1,047412E-1	4,257812E+3	8,898087E-1	4,257812E+3	1,077738E-1	4,257812E+3	8,821131E-1	4,257812E+3	1,120009E-1	4,257812E+3	8,503524E-1	4,257812E+3	1,140730E-1	4,257812E+3	8,134618E-1	4,257812E+3	1,076480E-1	4,257812E+3	7,627363E-1	4,257812E+3	9,370431E-2
4,259375E+3	8,913409E-1	4,259375E+3	1,014764E-1	4,259375E+3	8,902760E-1	4,259375E+3	1,088056E-1	4,259375E+3	8,898721E-1	4,259375E+3	1,043682E-1	4,259375E+3	8,830417E-1	4,259375E+3	1,112709E-1	4,259375E+3	8,525635E-1	4,259375E+3	1,123044E-1	4,259375E+3	8,081301E-1	4,259375E+3	1,086436E-1	4,259375E+3	7,520105E-1	4,259375E+3	8,844645E-2
4,260937E+3	8,896650E-1	4,260937E+3	1,047595E-1	4,260937E+3	8,900496E-1	4,260937E+3	1,063744E-1	4,260937E+3	8,891370E-1	4,260937E+3	1,080744E-1	4,260937E+3	8,825145E-1	4,260937E+3	1,105042E-1	4,260937E+3	8,547939E-1	4,260937E+3	1,125339E-1	4,260937E+3	8,067554E-1	4,260937E+3	1,032763E-1	4,260937E+3	7,566697E-1	4,260937E+3	9,101643E-2
4,262500E+3	8,883561E-1	4,262500E+3	1,137548E-1	4,262500E+3	8,898325E-1	4,262500E+3	1,045752E-1	4,262500E+3	8,885872E-1	4,262500E+3	1,041927E-1	4,262500E+3	8,830691E-1	4,262500E+3	1,090825E-1	4,262500E+3	8,527869E-1	4,262500E+3	1,114079E-1	4,262500E+3	8,056391E-1	4,262500E+3	1,018695E-1	4,262500E+3	7,528575E-1	4,262500E+3	1,015534E-1
4,264062E+3	8,866448E-1	4,264062E+3	1,137099E-1	4,264062E+3	8,921370E-1	4,264062E+3	1,101856E-1	4,264062E+3	8,910918E-1	4,264062E+3	1,032218E-1	4,264062E+3	8,848215E-1	4,264062E+3	1,075841E-1	4,264062E+3	8,535291E-1	4,264062E+3	1,083022E-1	4,264062E+3	8,084686E-1	4,264062E+3	1,058570E-1	4,264062E+3	7,579649E-1	4,264062E+3	8,750786E-2
4,265625E+3	8,889793E-1	4,265625E+3	1,044394E-1	4,265625E+3	8,926282E-1	4,265625E+3	1,045486E-1	4,265625E+3	8,910470E-1	4,265625E+3	1,021665E-1	4,265625E+3	8,861627E-1	4,265625E+3	1,089090E-1	4,265625E+3	8,505852E-1	4,265625E+3	1,081355E-1	4,265625E+3	8,101247E-1	4,265625E+3	1,026442E-1	4,265625E+3	7,495378E-1	4,265625E+3	8,501498E-2
4,267187E+3	8,925234E-1	4,267187E+3	1,028460E-1	4,267187E+3	8,926733E-1	4,267187E+3	1,007640E-1	4,267187E+3	8,914166E-1	4,267187E+3	9,798096E-2	4,267187E+3	8,825697E-1	4,267187E+3	1,048478E-1	4,267187E+3	8,490854E-1	4,267187E+3	1,076278E-1	4,267187E+3	8,085543E-1	4,267187E+3	1,000704E-1	4,267187E+3	7,531275E-1	4,267187E+3	8,365053E-2
4,268750E+3	8,897079E-1	4,268750E+3	9,708170E-2	4,268750E+3	8,936594E-1	4,268750E+3	9,813434E-2	4,268750E+3	8,923851E-1	4,268750E+3	9,874157E-2	4,268750E+3	8,840361E-1	4,268750E+3	1,034785E-1	4,268750E+3	8,546805E-1	4,268750E+3	1,090486E-1	4,268750E+3	8,102960E-1	4,268750E+3	1,019885E-1	4,268750E+3	7,574602E-1	4,268750E+3	8,690438E-2
4,270312E+3	8,900630E-1	4,270312E+3	9,565762E-2	4,270312E+3	8,910421E-1	4,270312E+3	9,811599E-2	4,270312E+3	8,946030E-1	4,270312E+3	9,612461E-2	4,270312E+3	8,840712E-1	4,270312E+3	1,028252E-1	4,270312E+3	8,554515E-1	4,270312E+3	1,078817E-1	4,270312E+3	8,169770E-1	4,270312E+3	1,059075E-1	4,270312E+3	7,664640E-1	4,270312E+3	9,472381E-2
4,271875E+3	8,890071E-1	4,271875E+3	9,698995E-2	4,271875E+3	8,916870E-1	4,271875E+3	9,632820E-2	4,271875E+3	8,922832E-1	4,271875E+3	9,628923E-2	4,271875E+3	8,846728E-1	4,271875E+3	9,770479E-2	4,271875E+3	8,565745E-1	4,271875E+3	1,044359E-1	4,271875E+3	8,144351E-1	4,271875E+3	1,101595E-1	4,271875E+3	7,570896E-1	4,271875E+3	8,779894E-2
4,273437E+3	8,918105E-1	4,273437E+3	9,553806E-2	4,273437E+3	8,902152E-1	4,273437E+3	9,519322E-2	4,273437E+3	8,919038E-1	4,273437E+3	9,375805E-2	4,273437E+3	8,835512E-1	4,273437E+3	9,754618E-2	4,273437E+3	8,577833E-1	4,273437E+3	1,026129E-1	4,273437E+3	8,158638E-1	4,273437E+3	1,031384E-1	4,273437E+3	7,500601E-1	4,273437E+3	9,299558E-2
4,275000E+3	8,923441E-1	4,275000E+3	9,324529E-2	4,275000E+3	8,928058E-1	4,275000E+3	9,466679E-2	4,275000E+3	8,936726E-1	4,275000E+3	9,411141E-2	4,275000E+3	8,843168E-1	4,275000E+3	9,781233E-2	4,275000E+3	8,541228E-1	4,275000E+3	1,063540E-1	4,275000E+3	8,109726E-1	4,275000E+3	9,863083E-2	4,275000E+3	7,528265E-1	4,275000E+3	9,768442E-2
4,276562E+3	8,948424E-1	4,276562E+3	9,227483E-2	4,276562E+3	8,924830E-1	4,276562E+3	9,149214E-2	4,276562E+3	8,937290E-1	4,276562E+3	9,112769E-2	4,276562E+3	8,874017E-1	4,276562E+3	9,724402E-2	4,276562E+3	8,617396E-1	4,276562E+3	9,764883E-2	4,276562E+3	8,140076E-1	4,276562E+3	9,736870E-2	4,276562E+3	7,696608E-1	4,276562E+3	8,990271E-2
4,278125E+3	8,973877E-1	4,278125E+3	9,411491E-2	4,278125E+3	8,929120E-1	4,278125E+3	9,022282E-2	4,278125E+3	8,951648E-1	4,278125E+3	9,015985E-2	4,278125E+3	8,872735E-1	4,278125E+3	9,652327E-2	4,278125E+3	8,568997E-1	4,278125E+3	9,665956E-2	4,278125E+3	8,146987E-1	4,278125E+3	9,663550E-2	4,278125E+3	7,719487E-1	4,278125E+3	9,993485E-2
4,279687E+3	8,925267E-1	4,279687E+3	9,142890E-2	4,279687E+3	8,944967E-1	4,279687E+3	8,985401E-2	4,279687E+3	8,946700E-1	4,279687E+3	8,764211E-2	4,279687E+3	8,865812E-1	4,279687E+3	9,122276E-2	4,279687E+3	8,596039E-1	4,279687E+3	9,501673E-2	4,279687E+3	8,202916E-1	4,279687E+3	1,051638E-1	4,279687E+3	7,708299E-1	4,279687E+3	9,771065E-2
4,281250E+3	8,929514E-1	4,281250E+3	8,779761E-2	4,281250E+3	8,942650E-1	4,281250E+3	8,919391E-2	4,281250E+3	8,954705E-1	4,281250E+3	8,795360E-2	4,281250E+3	8,874580E-1	4,281250E+3	9,257661E-2	4,281250E+3	8,612836E-1	4,281250E+3	8,930192E-2	4,281250E+3	8,101899E-1	4,281250E+3	9,884116E-2	4,281250E+3	7,634147E-1	4,281250E+3	8,907326E-2
4,282812E+3	8,941361E-1	4,282812E+3	8,603575E-2	4,282812E+3	8,948398E-1	4,282812E+3	8,876182E-2	4,282812E+3	8,964392E-1	4,282812E+3	8,627558E-2	4,282812E+3	8,869357E-1	4,282812E+3	9,280906E-2	4,282812E+3	8,592413E-1	4,282812E+3	9,349743E-2	4,282812E+3	8,115382E-1	4,282812E+3	9,398587E-2	4,282812E+3	7,665929E-1	4,282812E+3	9,235062E-2
4,284375E+3	8,946830E-1	4,284375E+3	8,477970E-2	4,284375E+3	8,944863E-1	4,284375E+3	8,592412E-2	4,284375E+3	8,950438E-1	4,284375E+3	8,494169E-2	4,284375E+3	8,897606E-1	4,284375E+3	9,059705E-2	4,284375E+3	8,612899E-1	4,284375E+3	9,544086E-2	4,284375E+3	8,147526E-1	4,284375E+3	9,772479E-2	4,284375E+3	7,683065E-1	4,284375E+3	1,031597E-1
4,285937E+3	8,934293E-1	4,285937E+3	8,270510E-2	4,285937E+3	8,928484E-1	4,285937E+3	8,490221E-2	4,285937E+3	8,965398E-1	4,285937E+3	8,356033E-2	4,285937E+3	8,895922E-1	4,285937E+3	8,973581E-2	4,285937E+3	8,593737E-1	4,285937E+3	1,011021E-1	4,285937E+3	8,194680E-1	4,285937E+3	9,567688E-2	4,285937E+3	7,630667E-1	4,285937E+3	8,758816E-2
4,287500E+3	8,970664E-1	4,287500E+3	8,159691E-2	4,287500E+3	8,956024E-1	4,287500E+3	8,259304E-2	4,287500E+3	8,961392E-1	4,287500E+3	8,376216E-2	4,287500E+3	8,918213E-1	4,287500E+3	8,714287E-2	4,287500E+3	8,614637E-1	4,287500E+3	9,906400E-2	4,287500E+3	8,130088E-1	4,287500E+3	8,816790E-2	4,287500E+3	7,743834E-1	4,287500E+3	8,948275E-2
4,289062E+3	8,961513E-1	4,289062E+3	7,953275E-2	4,289062E+3	9,006881E-1	4,289062E+3	8,151427E-2	4,289062E+3	8,945033E-1	4,289062E+3	8,043835E-2	4,289062E+3	8,921823E-1	4,289062E+3	8,720226E-2	4,289062E+3	8,608653E-1	4,289062E+3	9,138031E-2	4,289062E+3	8,133015E-1	4,289062E+3	8,893677E-2	4,289062E+3	7,679295E-1	4,289062E+3	1,026027E-1
4,290625E+3	8,978641E-1	4,290625E+3	8,222749E-2	4,290625E+3	8,993412E-1	4,290625E+3	8,184612E-2	4,290625E+3	8,971196E-1	4,290625E+3	8,163497E-2	4,290625E+3	8,903157E-1	4,290625E+3	8,615087E-2	4,290625E+3	8,626637E-1	4,290625E+3	9,513694E-2	4,290625E+3	8,241495E-1	4,290625E+3	9,488993E-2	4,290625E+3	7,631026E-1	4,290625E+3	9,476060E-2
4,292187E+3	8,973226E-1	4,292187E+3	8,307973E-2	4,292187E+3	8,981242E-1	4,292187E+3	7,771733E-2	4,292187E+3	8,980422E-1	4,292187E+3	8,085044E-2	4,292187E+3	8,884617E-1	4,292187E+3	8,695601E-2	4,292187E+3	8,639296E-1	4,292187E+3	8,928700E-2	4,292187E+3	8,262108E-1	4,292187E+3	1,001695E-1	4,292187E+3	7,609024E-1	4,292187E+3	8,567328E-2
4,293750E+3	9,022955E-1	4,293750E+3	8,348869E-2	4,293750E+3	8,998158E-1	4,293750E+3	8,022362E-2	4,293750E+3	8,974824E-1	4,293750E+3	7,735145E-2	4,293750E+3	8,917203E-1	4,293750E+3	8,509729E-2	4,293750E+3	8,649036E-1	4,293750E+3	8,947106E-2	4,293750E+3	8,204094E-1	4,293750E+3	1,036714E-1	4,293750E+3	7,808299E-1	4,293750E+3	1,012790E-1
4,295312E+3	9,037268E-1	4,295312E+3	7,625921E-2	4,295312E+3	8,992100E-1	4,295312E+3	7,761507E-2	4,295312E+3	8,976778E-1	4,295312E+3	7,731100E-2	4,295312E+3	8,908191E-1	4,295312E+3	7,933885E-2	4,295312E+3	8,634790E-1	4,295312E+3	9,031569E-2	4,295312E+3	8,202510E-1	4,295312E+3	1,079191E-1	4,295312E+3	7,772134E-1	4,295312E+3	9,799790E-2
4,296875E+3	8,992590E-1	4,296875E+3	7,228382E-2	4,296875E+3	8,982749E-1	4,296875E+3	7,445511E-2	4,296875E+3	8,983409E-1	4,296875E+3	7,612971E-2	4,296875E+3	8,909765E-1	4,296875E+3	8,244725E-2	4,296875E+3	8,591631E-1	4,296875E+3	8,973729E-2	4,296875E+3	8,213384E-1	4,296875E+3	1,037997E-1	4,296875E+3	7,652548E-1	4,296875E+3	9,285245E-2
4,298437E+3	9,027600E-1	4,298437E+3	7,815397E-2	4,298437E+3	8,996004E-1	4,298437E+3	7,315959E-2	4,298437E+3	8,992360E-1	4,298437E+3	7,698468E-2	4,298437E+3	8,895749E-1	4,298437E+3	8,072186E-2	4,298437E+3	8,562626E-1	4,298437E+3	7,975187E-2	4,298437E+3	8,235612E-1	4,298437E+3	8,069478E-2	4,298437E+3	7,732968E-1	4,298437E+3	8,780805E-2
4,300000E+3	9,016316E-1	4,300000E+3	7,841911E-2	4,300000E+3	9,012929E-1	4,300000E+3	7,568555E-2	4,300000E+3	9,001836E-1	4,300000E+3	7,244284E-2	4,300000E+3	8,919879E-1	4,300000E+3	7,898428E-2	4,300000E+3	8,601235E-1	4,300000E+3	8,023224E-2	4,300000E+3	8,249812E-1	4,300000E+3	8,434733E-2	4,300000E+3	7,788328E-1	4,300000E+3	7,770186E-2
4,301562E+3	9,023017E-1	4,301562E+3	7,279341E-2	4,301562E+3	8,999884E-1	4,301562E+3	7,458362E-2	4,301562E+3	8,992480E-1	4,301562E+3	7,205180E-2	4,301562E+3	8,935223E-1	4,301562E+3	7,828154E-2	4,301562E+3	8,614098E-1	4,301562E+3	8,096099E-2	4,301562E+3	8,261270E-1	4,301562E+3	9,086560E-2	4,301562E+3	7,672665E-1	4,301562E+3	7,554583E-2
4,303125E+3	8,979658E-1	4,303125E+3	7,524087E-2	4,303125E+3	8,996687E-1	4,303125E+3	7,121673E-2	4,303125E+3	8,993463E-1	4,303125E+3	7,192414E-2	4,303125E+3	8,943190E-1	4,303125E+3	7,782877E-2	4,303125E+3	8,651566E-1	4,303125E+3	8,590258E-2	4,303125E+3	8,252791E-1	4,303125E+3	1,017630E-1	4,303125E+3	7,730115E-1	4,303125E+3	8,561242E-2
4,304687E+3	8,995686E-1	4,304687E+3	7,494623E-2	4,304687E+3	9,015065E-1	4,304687E+3	7,269026E-2	4,304687E+3	9,000947E-1	4,304687E+3	6,938237E-2	4,304687E+3	8,943424E-1	4,304687E+3	7,686959E-2	4,304687E+3	8,667656E-1	4,304687E+3	7,673433E-2	4,304687E+3	8,337320E-1	4,304687E+3	8,525295E-2	4,304687E+3	7,757744E-1	4,304687E+3	8,536182E-2
4,306250E+3	9,011186E-1	4,306250E+3	7,503859E-2	4,306250E+3	9,012800E-1	4,306250E+3	6,850355E-2	4,306250E+3	9,007451E-1	4,306250E+3	7,186991E-2	4,306250E+3	8,938078E-1	4,306250E+3	7,580084E-2	4,306250E+3	8,638311E-1	4,306250E+3	8,188891E-2	4,306250E+3	8,340368E-1	4,306250E+3	7,712423E-2	4,306250E+3	7,759085E-1	4,306250E+3	1,099255E-1
4,307812E+3	9,048088E-1	4,307812E+3	7,249390E-2	4,307812E+3	9,035124E-1	4,307812E+3	6,954294E-2	4,307812E+3	9,014017E-1	4,307812E+3	7,139310E-2	4,307812E+3	8,938862E-1	4,307812E+3	7,883057E-2	4,307812E+3	8,638841E-1	4,307812E+3	8,533213E-2	4,307812E+3	8,170200E-1	4,307812E+3	8,166343E-2	4,307812E+3	7,833598E-1	4,307812E+3	7,759759E-2
4,309375E+3	9,082106E-1	4,309375E+3	7,451806E-2	4,309375E+3	9,019000E-1	4,309375E+3	7,043303E-2	4,309375E+3	9,024518E-1	4,309375E+3	6,902417E-2	4,309375E+3	8,925363E-1	4,309375E+3	7,378639E-2	4,309375E+3	8,640845E-1	4,309375E+3	8,085186E-2	4,309375E+3	8,304126E-1	4,309375E+3	8,760212E-2	4,309375E+3	7,888461E-1	4,309375E+3	8,316722E-2
4,310937E+3	9,070796E-1	4,310937E+3	7,440668E-2	4,310937E+3	9,018406E-1	4,310937E+3	6,817113E-2	4,310937E+3	9,001968E-1	4,310937E+3	6,632792E-2	4,310937E+3	8,958791E-1	4,310937E+3	7,388375E-2	4,310937E+3	8,660348E-1	4,310937E+3	7,668438E-2	4,310937E+3	8,331981E-1	4,310937E+3	8,767601E-2	4,310937E+3	7,879069E-1	4,310937E+3	9,338939E-2
4,312500E+3	9,021017E-1	4,312500E+3	6,751718E-2	4,312500E+3	9,024172E-1	4,312500E+3	6,858503E-2	4,312500E+3	9,024431E-1	4,312500E+3	6,467001E-2	4,312500E+3	8,961277E-1	4,312500E+3	7,590490E-2	4,312500E+3	8,704959E-1	4,312500E+3	7,216229E-2	4,312500E+3	8,312676E-1	4,312500E+3	7,233761E-2	4,312500E+3	7,860303E-1	4,312500E+3	9,181755E-2
4,314062E+3	9,023217E-1	4,314062E+3	6,415726E-2	4,314062E+3	9,026882E-1	4,314062E+3	6,681725E-2	4,314062E+3	9,022872E-1	4,314062E+3	6,550746E-2	4,314062E+3	9,018258E-1	4,314062E+3	7,162330E-2	4,314062E+3	8,739415E-1	4,314062E+3	8,089710E-2	4,314062E+3	8,261800E-1	4,314062E+3	6,583725E-2	4,314062E+3	7,751687E-1	4,314062E+3	8,790923E-2
4,315625E+3	9,078418E-1	4,315625E+3	6,421487E-2	4,315625E+3	9,041003E-1	4,315625E+3	6,554682E-2	4,315625E+3	9,038726E-1	4,315625E+3	6,461382E-2	4,315625E+3	9,013532E-1	4,315625E+3	7,060976E-2	4,315625E+3	8,815256E-1	4,315625E+3	7,281603E-2	4,315625E+3	8,246793E-1	4,315625E+3	7,177844E-2	4,315625E+3	7,590108E-1	4,315625E+3	1,124116E-1
4,317187E+3	9,064314E-1	4,317187E+3	6,782016E-2	4,317187E+3	9,053888E-1	4,317187E+3	6,580636E-2	4,317187E+3	9,031221E-1	4,317187E+3	6,413099E-2	4,317187E+3	9,013944E-1	4,317187E+3	6,978720E-2	4,317187E+3	8,790417E-1	4,317187E+3	7,110756E-2	4,317187E+3	8,307212E-1	4,317187E+3	7,564895E-2	4,317187E+3	7,844933E-1	4,317187E+3	1,039581E-1
4,318750E+3	9,082248E-1	4,318750E+3	6,050372E-2	4,318750E+3	9,055988E-1	4,318750E+3	6,135452E-2	4,318750E+3	9,037660E-1	4,318750E+3	6,416101E-2	4,318750E+3	8,979268E-1	4,318750E+3	7,265912E-2	4,318750E+3	8,705439E-1	4,318750E+3	7,315446E-2	4,318750E+3	8,375223E-1	4,318750E+3	7,625600E-2	4,318750E+3	7,888677E-1	4,318750E+3	1,080529E-1
4,320312E+3	9,057833E-1	4,320312E+3	6,217647E-2	4,320312E+3	9,061671E-1	4,320312E+3	6,446158E-2	4,320312E+3	9,026962E-1	4,320312E+3	6,420530E-2	4,320312E+3	9,003879E-1	4,320312E+3	6,768516E-2	4,320312E+3	8,746457E-1	4,320312E+3	6,802838E-2	4,320312E+3	8,207908E-1	4,320312E+3	7,760272E-2	4,320312E+3	8,186846E-1	4,320312E+3	8,767741E-2
4,321875E+3	9,076038E-1	4,321875E+3	6,752807E-2	4,321875E+3	9,047507E-1	4,321875E+3	6,015656E-2	4,321875E+3	9,051690E-1	4,321875E+3	6,190450E-2	4,321875E+3	9,011557E-1	4,321875E+3	6,407334E-2	4,321875E+3	8,737420E-1	4,321875E+3	5,763222E-2	4,321875E+3	8,306203E-1	4,321875E+3	7,825749E-2	4,321875E+3	8,162310E-1	4,321875E+3	9,400753E-2
4,323437E+3	9,096132E-1	4,323437E+3	6,540575E-2	4,323437E+3	9,054242E-1	4,323437E+3	6,258964E-2	4,323437E+3	9,053512E-1	4,323437E+3	6,161968E-2	4,323437E+3	9,038723E-1	4,323437E+3	6,748417E-2	4,323437E+3	8,844222E-1	4,323437E+3	7,450641E-2	4,323437E+3	8,309456E-1	4,323437E+3	6,747628E-2	4,323437E+3	8,089149E-1	4,323437E+3	8,743309E-2
