Sample 1_Frequency [Hz]	Absorption Coefficient on Cavity	Sample 2_Frequency [Hz]	Absorption Coefficient on Cavity	Sample 3_Frequency [Hz]	Absorption Coefficient on Cavity	Sample 4_Frequency [Hz]	Absorption Coefficient on Cavity	
3,000000E+2	9,983875E-2	3,000000E+2	9,922417E-2	3,000000E+2	1,035647E-1	3,000000E+2	1,095511E-1
3,015625E+2	1,012653E-1	3,015625E+2	1,036521E-1	3,015625E+2	1,106394E-1	3,015625E+2	1,123088E-1
3,031250E+2	6,118448E-2	3,031250E+2	9,500923E-2	3,031250E+2	9,964084E-2	3,031250E+2	9,750695E-2
3,046875E+2	1,153750E-1	3,046875E+2	1,017463E-1	3,046875E+2	1,129414E-1	3,046875E+2	1,173344E-1
3,062500E+2	1,357455E-1	3,062500E+2	1,158829E-1	3,062500E+2	1,250860E-1	3,062500E+2	1,317256E-1
3,078125E+2	1,139032E-1	3,078125E+2	1,153401E-1	3,078125E+2	1,244020E-1	3,078125E+2	1,316068E-1
3,093750E+2	9,766376E-2	3,093750E+2	1,197502E-1	3,093750E+2	1,253689E-1	3,093750E+2	1,354384E-1
3,109375E+2	1,081023E-1	3,109375E+2	1,120538E-1	3,109375E+2	1,196363E-1	3,109375E+2	1,239320E-1
3,125000E+2	1,287469E-1	3,125000E+2	1,322367E-1	3,125000E+2	1,290980E-1	3,125000E+2	1,343449E-1
3,140625E+2	1,453673E-1	3,140625E+2	1,643848E-1	3,140625E+2	1,670483E-1	3,140625E+2	1,587928E-1
3,156250E+2	1,506559E-1	3,156250E+2	1,234314E-1	3,156250E+2	1,280567E-1	3,156250E+2	1,336225E-1
3,171875E+2	1,734875E-1	3,171875E+2	1,338088E-1	3,171875E+2	1,302263E-1	3,171875E+2	1,397216E-1
3,187500E+2	1,595144E-1	3,187500E+2	1,566081E-1	3,187500E+2	1,422194E-1	3,187500E+2	1,505955E-1
3,203125E+2	1,566586E-1	3,203125E+2	1,563836E-1	3,203125E+2	1,465068E-1	3,203125E+2	1,513415E-1
3,218750E+2	1,349423E-1	3,218750E+2	1,539158E-1	3,218750E+2	1,313575E-1	3,218750E+2	1,494381E-1
3,234375E+2	1,159777E-1	3,234375E+2	1,429446E-1	3,234375E+2	1,389551E-1	3,234375E+2	1,466199E-1
3,250000E+2	2,186779E-1	3,250000E+2	1,679631E-1	3,250000E+2	1,728675E-1	3,250000E+2	1,737982E-1
3,265625E+2	2,197551E-1	3,265625E+2	1,940516E-1	3,265625E+2	1,744801E-1	3,265625E+2	1,679898E-1
3,281250E+2	1,803387E-1	3,281250E+2	1,880003E-1	3,281250E+2	1,634892E-1	3,281250E+2	1,685763E-1
3,296875E+2	1,645540E-1	3,296875E+2	1,469728E-1	3,296875E+2	1,577034E-1	3,296875E+2	1,672927E-1
3,312500E+2	1,419554E-1	3,312500E+2	1,496092E-1	3,312500E+2	1,547070E-1	3,312500E+2	1,685470E-1
3,328125E+2	1,667088E-1	3,328125E+2	1,736237E-1	3,328125E+2	1,672123E-1	3,328125E+2	1,750851E-1
3,343750E+2	1,319359E-1	3,343750E+2	1,426990E-1	3,343750E+2	1,492562E-1	3,343750E+2	1,523319E-1
3,359375E+2	2,113015E-1	3,359375E+2	1,851960E-1	3,359375E+2	1,732889E-1	3,359375E+2	1,707055E-1
3,375000E+2	2,199763E-1	3,375000E+2	2,026269E-1	3,375000E+2	1,977222E-1	3,375000E+2	1,954361E-1
3,390625E+2	2,073739E-1	3,390625E+2	1,961105E-1	3,390625E+2	1,902472E-1	3,390625E+2	1,888651E-1
3,406250E+2	1,428558E-1	3,406250E+2	1,927004E-1	3,406250E+2	1,924416E-1	3,406250E+2	1,956613E-1
3,421875E+2	2,330076E-1	3,421875E+2	2,110204E-1	3,421875E+2	2,309118E-1	3,421875E+2	2,274156E-1
3,437500E+2	2,865090E-1	3,437500E+2	2,016011E-1	3,437500E+2	2,080020E-1	3,437500E+2	2,114361E-1
3,453125E+2	1,642871E-1	3,453125E+2	1,777124E-1	3,453125E+2	1,719968E-1	3,453125E+2	1,827525E-1
3,468750E+2	1,954910E-1	3,468750E+2	1,999690E-1	3,468750E+2	1,887056E-1	3,468750E+2	1,986064E-1
3,484375E+2	1,842466E-1	3,484375E+2	1,990066E-1	3,484375E+2	1,891320E-1	3,484375E+2	2,032295E-1
3,500000E+2	2,338926E-1	3,500000E+2	2,002706E-1	3,500000E+2	1,962906E-1	3,500000E+2	2,014603E-1
3,515625E+2	2,316786E-1	3,515625E+2	1,734795E-1	3,515625E+2	1,920579E-1	3,515625E+2	1,959544E-1
3,531250E+2	2,207580E-1	3,531250E+2	2,022036E-1	3,531250E+2	2,192267E-1	3,531250E+2	2,229136E-1
3,546875E+2	2,254476E-1	3,546875E+2	2,435517E-1	3,546875E+2	2,456517E-1	3,546875E+2	2,441107E-1
3,562500E+2	2,001965E-1	3,562500E+2	2,360415E-1	3,562500E+2	2,396383E-1	3,562500E+2	2,507924E-1
3,578125E+2	1,959391E-1	3,578125E+2	2,390698E-1	3,578125E+2	2,375716E-1	3,578125E+2	2,441956E-1
3,593750E+2	2,354513E-1	3,593750E+2	2,592881E-1	3,593750E+2	2,522832E-1	3,593750E+2	2,603073E-1
3,609375E+2	2,009918E-1	3,609375E+2	2,265219E-1	3,609375E+2	2,318551E-1	3,609375E+2	2,315737E-1
3,625000E+2	3,010990E-1	3,625000E+2	2,286979E-1	3,625000E+2	2,360116E-1	3,625000E+2	2,416537E-1
3,640625E+2	3,271178E-1	3,640625E+2	2,519353E-1	3,640625E+2	2,512856E-1	3,640625E+2	2,720299E-1
3,656250E+2	2,526320E-1	3,656250E+2	2,297577E-1	3,656250E+2	2,364506E-1	3,656250E+2	2,504113E-1
3,671875E+2	1,618263E-1	3,671875E+2	2,033951E-1	3,671875E+2	2,220190E-1	3,671875E+2	2,255315E-1
3,687500E+2	2,444353E-1	3,687500E+2	2,500062E-1	3,687500E+2	2,760235E-1	3,687500E+2	2,767606E-1
3,703125E+2	3,035420E-1	3,703125E+2	3,114146E-1	3,703125E+2	3,089464E-1	3,703125E+2	3,156400E-1
3,718750E+2	3,241959E-1	3,718750E+2	3,240633E-1	3,718750E+2	3,064977E-1	3,718750E+2	3,222114E-1
3,734375E+2	2,988088E-1	3,734375E+2	3,131254E-1	3,734375E+2	3,183540E-1	3,734375E+2	3,296109E-1
3,750000E+2	2,282532E-1	3,750000E+2	2,675887E-1	3,750000E+2	3,010543E-1	3,750000E+2	3,104433E-1
3,765625E+2	2,317981E-1	3,765625E+2	2,886136E-1	3,765625E+2	3,050339E-1	3,765625E+2	3,234266E-1
3,781250E+2	2,377552E-1	3,781250E+2	3,030367E-1	3,781250E+2	2,823000E-1	3,781250E+2	3,017151E-1
3,796875E+2	2,749836E-1	3,796875E+2	3,377888E-1	3,796875E+2	3,226498E-1	3,796875E+2	3,396293E-1
3,812500E+2	3,575432E-1	3,812500E+2	3,766361E-1	3,812500E+2	3,710249E-1	3,812500E+2	3,834801E-1
3,828125E+2	4,058168E-1	3,828125E+2	3,477569E-1	3,828125E+2	3,630248E-1	3,828125E+2	3,663876E-1
3,843750E+2	3,939388E-1	3,843750E+2	3,563503E-1	3,843750E+2	3,669315E-1	3,843750E+2	3,804357E-1
3,859375E+2	3,818765E-1	3,859375E+2	3,893317E-1	3,859375E+2	3,931541E-1	3,859375E+2	4,083831E-1
3,875000E+2	3,463168E-1	3,875000E+2	3,838998E-1	3,875000E+2	3,831344E-1	3,875000E+2	4,033245E-1
3,890625E+2	3,655510E-1	3,890625E+2	4,040688E-1	3,890625E+2	4,096954E-1	3,890625E+2	4,206451E-1
3,906250E+2	3,858187E-1	3,906250E+2	4,220321E-1	3,906250E+2	4,186665E-1	3,906250E+2	4,336576E-1
3,921875E+2	4,024625E-1	3,921875E+2	4,328202E-1	3,921875E+2	4,224197E-1	3,921875E+2	4,427886E-1
3,937500E+2	4,381726E-1	3,937500E+2	4,564344E-1	3,937500E+2	4,464544E-1	3,937500E+2	4,525607E-1
3,953125E+2	4,509996E-1	3,953125E+2	4,577908E-1	3,953125E+2	4,545279E-1	3,953125E+2	4,643759E-1
3,968750E+2	4,728508E-1	3,968750E+2	4,514688E-1	3,968750E+2	4,525801E-1	3,968750E+2	4,733016E-1
3,984375E+2	4,702193E-1	3,984375E+2	4,767904E-1	3,984375E+2	4,783076E-1	3,984375E+2	4,975198E-1
4,000000E+2	4,770117E-1	4,000000E+2	4,881006E-1	4,000000E+2	4,997575E-1	4,000000E+2	5,061434E-1
4,015625E+2	5,102038E-1	4,015625E+2	4,979255E-1	4,015625E+2	5,020705E-1	4,015625E+2	5,202670E-1
4,031250E+2	5,234045E-1	4,031250E+2	5,191015E-1	4,031250E+2	5,057264E-1	4,031250E+2	5,317536E-1
4,046875E+2	5,439309E-1	4,046875E+2	5,324252E-1	4,046875E+2	5,269856E-1	4,046875E+2	5,506190E-1
4,062500E+2	5,483595E-1	4,062500E+2	5,394238E-1	4,062500E+2	5,416879E-1	4,062500E+2	5,550480E-1
4,078125E+2	5,603979E-1	4,078125E+2	5,456291E-1	4,078125E+2	5,510395E-1	4,078125E+2	5,753789E-1
4,093750E+2	5,600165E-1	4,093750E+2	5,546644E-1	4,093750E+2	5,517631E-1	4,093750E+2	5,772794E-1
4,109375E+2	5,742268E-1	4,109375E+2	5,624052E-1	4,109375E+2	5,671121E-1	4,109375E+2	5,840147E-1
4,125000E+2	5,975812E-1	4,125000E+2	5,908052E-1	4,125000E+2	5,880848E-1	4,125000E+2	6,073649E-1
4,140625E+2	6,013458E-1	4,140625E+2	5,971595E-1	4,140625E+2	6,075700E-1	4,140625E+2	6,274494E-1
4,156250E+2	6,158987E-1	4,156250E+2	6,082855E-1	4,156250E+2	6,147622E-1	4,156250E+2	6,382851E-1
4,171875E+2	6,130684E-1	4,171875E+2	6,191905E-1	4,171875E+2	6,184886E-1	4,171875E+2	6,537336E-1
4,187500E+2	6,332337E-1	4,187500E+2	6,336332E-1	4,187500E+2	6,362643E-1	4,187500E+2	6,612122E-1
4,203125E+2	6,359930E-1	4,203125E+2	6,371994E-1	4,203125E+2	6,398520E-1	4,203125E+2	6,657267E-1
4,218750E+2	6,390879E-1	4,218750E+2	6,534075E-1	4,218750E+2	6,520152E-1	4,218750E+2	6,817067E-1
4,234375E+2	6,614516E-1	4,234375E+2	6,598604E-1	4,234375E+2	6,623641E-1	4,234375E+2	6,871058E-1
4,250000E+2	6,610117E-1	4,250000E+2	6,723887E-1	4,250000E+2	6,720256E-1	4,250000E+2	6,943259E-1
4,265625E+2	6,635411E-1	4,265625E+2	6,765053E-1	4,265625E+2	6,810385E-1	4,265625E+2	7,034689E-1
4,281250E+2	6,874400E-1	4,281250E+2	6,848307E-1	4,281250E+2	6,904509E-1	4,281250E+2	7,057994E-1
4,296875E+2	6,953812E-1	4,296875E+2	6,921752E-1	4,296875E+2	6,954130E-1	4,296875E+2	7,185606E-1
4,312500E+2	7,017456E-1	4,312500E+2	6,999073E-1	4,312500E+2	7,046451E-1	4,312500E+2	7,233672E-1
4,328125E+2	7,035806E-1	4,328125E+2	7,078119E-1	4,328125E+2	7,137110E-1	4,328125E+2	7,305786E-1
4,343750E+2	7,078914E-1	4,343750E+2	7,122161E-1	4,343750E+2	7,132368E-1	4,343750E+2	7,407378E-1
4,359375E+2	7,171100E-1	4,359375E+2	7,118477E-1	4,359375E+2	7,144478E-1	4,359375E+2	7,412891E-1
4,375000E+2	7,178374E-1	4,375000E+2	7,172486E-1	4,375000E+2	7,214432E-1	4,375000E+2	7,427051E-1
4,390625E+2	7,208137E-1	4,390625E+2	7,185024E-1	4,390625E+2	7,242838E-1	4,390625E+2	7,433729E-1
4,406250E+2	7,263212E-1	4,406250E+2	7,259139E-1	4,406250E+2	7,273044E-1	4,406250E+2	7,444805E-1
4,421875E+2	7,238910E-1	4,421875E+2	7,209575E-1	4,421875E+2	7,228501E-1	4,421875E+2	7,439425E-1
4,437500E+2	7,175610E-1	4,437500E+2	7,193432E-1	4,437500E+2	7,187251E-1	4,437500E+2	7,401275E-1
4,453125E+2	7,177373E-1	4,453125E+2	7,150469E-1	4,453125E+2	7,162925E-1	4,453125E+2	7,367039E-1
4,468750E+2	7,152947E-1	4,468750E+2	7,083549E-1	4,468750E+2	7,155397E-1	4,468750E+2	7,334345E-1
4,484375E+2	7,108919E-1	4,484375E+2	7,093482E-1	4,484375E+2	7,108941E-1	4,484375E+2	7,292655E-1
4,500000E+2	7,015474E-1	4,500000E+2	7,051745E-1	4,500000E+2	7,050454E-1	4,500000E+2	7,328515E-1
4,515625E+2	6,942935E-1	4,515625E+2	7,004018E-1	4,515625E+2	6,987775E-1	4,515625E+2	7,241855E-1
4,531250E+2	6,948161E-1	4,531250E+2	6,986869E-1	4,531250E+2	6,992764E-1	4,531250E+2	7,190556E-1
4,546875E+2	6,894012E-1	4,546875E+2	6,915965E-1	4,546875E+2	6,950577E-1	4,546875E+2	7,163143E-1
4,562500E+2	6,863971E-1	4,562500E+2	6,895914E-1	4,562500E+2	6,894253E-1	4,562500E+2	7,077632E-1
4,578125E+2	6,805296E-1	4,578125E+2	6,783807E-1	4,578125E+2	6,779964E-1	4,578125E+2	7,018138E-1
4,593750E+2	6,802930E-1	4,593750E+2	6,729379E-1	4,593750E+2	6,683768E-1	4,593750E+2	6,891529E-1
4,609375E+2	6,690458E-1	4,609375E+2	6,649812E-1	4,609375E+2	6,687315E-1	4,609375E+2	6,874208E-1
4,625000E+2	6,566913E-1	4,625000E+2	6,546346E-1	4,625000E+2	6,603963E-1	4,625000E+2	6,812839E-1
4,640625E+2	6,517678E-1	4,640625E+2	6,443767E-1	4,640625E+2	6,492602E-1	4,640625E+2	6,734781E-1
4,656250E+2	6,477986E-1	4,656250E+2	6,379254E-1	4,656250E+2	6,383872E-1	4,656250E+2	6,695208E-1
4,671875E+2	6,204835E-1	4,671875E+2	6,281554E-1	4,671875E+2	6,314180E-1	4,671875E+2	6,580167E-1
4,687500E+2	6,163132E-1	4,687500E+2	6,244663E-1	4,687500E+2	6,271519E-1	4,687500E+2	6,507254E-1
4,703125E+2	6,112391E-1	4,703125E+2	6,149552E-1	4,703125E+2	6,175116E-1	4,703125E+2	6,431190E-1
4,718750E+2	5,989963E-1	4,718750E+2	6,025409E-1	4,718750E+2	6,036030E-1	4,718750E+2	6,338915E-1
4,734375E+2	5,774376E-1	4,734375E+2	5,866411E-1	4,734375E+2	5,894926E-1	4,734375E+2	6,115849E-1
4,750000E+2	5,772883E-1	4,750000E+2	5,882074E-1	4,750000E+2	5,858004E-1	4,750000E+2	6,014373E-1
4,765625E+2	5,766582E-1	4,765625E+2	5,875649E-1	4,765625E+2	5,865154E-1	4,765625E+2	5,997904E-1
4,781250E+2	5,679989E-1	4,781250E+2	5,690429E-1	4,781250E+2	5,784102E-1	4,781250E+2	5,968693E-1
4,796875E+2	5,618103E-1	4,796875E+2	5,586462E-1	4,796875E+2	5,654538E-1	4,796875E+2	5,841969E-1
4,812500E+2	5,585868E-1	4,812500E+2	5,598309E-1	4,812500E+2	5,534895E-1	4,812500E+2	5,769630E-1
4,828125E+2	5,462028E-1	4,828125E+2	5,401143E-1	4,828125E+2	5,431064E-1	4,828125E+2	5,601435E-1
4,843750E+2	5,277817E-1	4,843750E+2	5,253863E-1	4,843750E+2	5,283147E-1	4,843750E+2	5,463728E-1
4,859375E+2	5,115202E-1	4,859375E+2	5,126278E-1	4,859375E+2	5,161379E-1	4,859375E+2	5,320881E-1
4,875000E+2	5,221538E-1	4,875000E+2	5,139645E-1	4,875000E+2	5,172825E-1	4,875000E+2	5,348455E-1
4,890625E+2	5,186006E-1	4,890625E+2	5,084362E-1	4,890625E+2	5,180369E-1	4,890625E+2	5,333069E-1
4,906250E+2	5,024154E-1	4,906250E+2	4,992086E-1	4,906250E+2	5,061496E-1	4,906250E+2	5,228405E-1
4,921875E+2	4,883599E-1	4,921875E+2	4,948363E-1	4,921875E+2	4,955317E-1	4,921875E+2	5,099726E-1
4,937500E+2	4,741516E-1	4,937500E+2	4,778072E-1	4,937500E+2	4,757532E-1	4,937500E+2	4,946680E-1
4,953125E+2	4,557045E-1	4,953125E+2	4,597763E-1	4,953125E+2	4,617373E-1	4,953125E+2	4,876242E-1
4,968750E+2	4,797491E-1	4,968750E+2	4,781635E-1	4,968750E+2	4,804836E-1	4,968750E+2	5,026379E-1
4,984375E+2	4,680771E-1	4,984375E+2	4,688891E-1	4,984375E+2	4,715243E-1	4,984375E+2	4,899443E-1
5,000000E+2	4,559541E-1	5,000000E+2	4,586293E-1	5,000000E+2	4,584048E-1	5,000000E+2	4,806690E-1
5,015625E+2	4,406347E-1	5,015625E+2	4,519985E-1	5,015625E+2	4,419964E-1	5,015625E+2	4,631800E-1
5,031250E+2	4,438468E-1	5,031250E+2	4,506008E-1	5,031250E+2	4,398790E-1	5,031250E+2	4,603757E-1
5,046875E+2	4,169008E-1	5,046875E+2	4,123970E-1	5,046875E+2	4,179595E-1	5,046875E+2	4,352642E-1
5,062500E+2	4,084042E-1	5,062500E+2	4,018233E-1	5,062500E+2	4,024663E-1	5,062500E+2	4,250677E-1
5,078125E+2	3,983587E-1	5,078125E+2	4,037006E-1	5,078125E+2	3,968109E-1	5,078125E+2	4,150468E-1
5,093750E+2	3,813643E-1	5,093750E+2	3,886491E-1	5,093750E+2	3,892705E-1	5,093750E+2	4,030359E-1
5,109375E+2	3,410358E-1	5,109375E+2	3,692337E-1	5,109375E+2	3,758228E-1	5,109375E+2	3,991350E-1
5,125000E+2	3,698771E-1	5,125000E+2	3,749380E-1	5,125000E+2	3,784435E-1	5,125000E+2	4,030457E-1
5,140625E+2	4,159690E-1	5,140625E+2	3,847374E-1	5,140625E+2	3,826078E-1	5,140625E+2	4,007881E-1
5,156250E+2	3,765626E-1	5,156250E+2	3,645939E-1	5,156250E+2	3,686641E-1	5,156250E+2	3,813661E-1
5,171875E+2	3,697836E-1	5,171875E+2	3,732932E-1	5,171875E+2	3,766358E-1	5,171875E+2	3,866249E-1
5,187500E+2	3,943395E-1	5,187500E+2	3,803673E-1	5,187500E+2	3,841738E-1	5,187500E+2	3,981455E-1
5,203125E+2	3,970431E-1	5,203125E+2	3,716931E-1	5,203125E+2	3,688011E-1	5,203125E+2	3,909039E-1
5,218750E+2	4,061867E-1	5,218750E+2	3,771196E-1	5,218750E+2	3,813703E-1	5,218750E+2	4,020396E-1
5,234375E+2	3,748788E-1	5,234375E+2	3,644857E-1	5,234375E+2	3,601696E-1	5,234375E+2	3,796674E-1
5,250000E+2	3,409887E-1	5,250000E+2	3,445796E-1	5,250000E+2	3,438811E-1	5,250000E+2	3,657323E-1
5,265625E+2	3,634576E-1	5,265625E+2	3,465824E-1	5,265625E+2	3,446860E-1	5,265625E+2	3,612862E-1
5,281250E+2	3,535110E-1	5,281250E+2	3,526528E-1	5,281250E+2	3,497501E-1	5,281250E+2	3,590379E-1
5,296875E+2	3,148234E-1	5,296875E+2	3,377027E-1	5,296875E+2	3,425362E-1	5,296875E+2	3,512801E-1
5,312500E+2	3,022290E-1	5,312500E+2	3,277219E-1	5,312500E+2	3,229806E-1	5,312500E+2	3,331202E-1
5,328125E+2	2,983976E-1	5,328125E+2	3,174599E-1	5,328125E+2	3,160230E-1	5,328125E+2	3,284777E-1
5,343750E+2	3,040436E-1	5,343750E+2	2,914245E-1	5,343750E+2	2,868795E-1	5,343750E+2	2,992132E-1
5,359375E+2	3,231785E-1	5,359375E+2	3,067873E-1	5,359375E+2	2,998238E-1	5,359375E+2	3,137710E-1
5,375000E+2	3,247851E-1	5,375000E+2	3,120455E-1	5,375000E+2	3,055049E-1	5,375000E+2	3,282565E-1
5,390625E+2	2,939006E-1	5,390625E+2	2,950994E-1	5,390625E+2	2,959991E-1	5,390625E+2	3,124508E-1
5,406250E+2	2,824456E-1	5,406250E+2	2,881339E-1	5,406250E+2	2,885424E-1	5,406250E+2	2,935534E-1
5,421875E+2	2,683381E-1	5,421875E+2	2,780540E-1	5,421875E+2	2,768671E-1	5,421875E+2	2,922834E-1
5,437500E+2	3,262485E-1	5,437500E+2	2,899990E-1	5,437500E+2	2,957200E-1	5,437500E+2	3,059966E-1
5,453125E+2	2,883245E-1	5,453125E+2	2,953134E-1	5,453125E+2	2,854839E-1	5,453125E+2	3,001712E-1
5,468750E+2	2,625647E-1	5,468750E+2	2,889974E-1	5,468750E+2	2,897356E-1	5,468750E+2	3,044034E-1
5,484375E+2	2,896113E-1	5,484375E+2	2,918921E-1	5,484375E+2	2,965802E-1	5,484375E+2	3,055031E-1
5,500000E+2	2,524584E-1	5,500000E+2	2,656711E-1	5,500000E+2	2,733025E-1	5,500000E+2	2,813962E-1
5,515625E+2	2,486874E-1	5,515625E+2	2,482265E-1	5,515625E+2	2,547918E-1	5,515625E+2	2,634695E-1
5,531250E+2	2,174878E-1	5,531250E+2	2,292185E-1	5,531250E+2	2,299344E-1	5,531250E+2	2,422847E-1
5,546875E+2	2,260510E-1	5,546875E+2	2,433551E-1	5,546875E+2	2,497537E-1	5,546875E+2	2,589606E-1
5,562500E+2	2,489661E-1	5,562500E+2	2,527516E-1	5,562500E+2	2,608209E-1	5,562500E+2	2,616890E-1
5,578125E+2	2,721515E-1	5,578125E+2	2,625720E-1	5,578125E+2	2,680954E-1	5,578125E+2	2,719428E-1
5,593750E+2	2,916215E-1	5,593750E+2	2,486412E-1	5,593750E+2	2,548573E-1	5,593750E+2	2,578993E-1
5,609375E+2	2,467133E-1	5,609375E+2	2,234846E-1	5,609375E+2	2,321678E-1	5,609375E+2	2,472803E-1
5,625000E+2	2,058692E-1	5,625000E+2	2,248606E-1	5,625000E+2	2,303541E-1	5,625000E+2	2,459811E-1
5,640625E+2	2,115179E-1	5,640625E+2	2,184899E-1	5,640625E+2	2,297925E-1	5,640625E+2	2,386667E-1
5,656250E+2	2,223707E-1	5,656250E+2	2,433429E-1	5,656250E+2	2,352873E-1	5,656250E+2	2,472467E-1
5,671875E+2	2,441005E-1	5,671875E+2	2,505083E-1	5,671875E+2	2,489827E-1	5,671875E+2	2,580125E-1
5,687500E+2	2,671991E-1	5,687500E+2	2,284736E-1	5,687500E+2	2,328088E-1	5,687500E+2	2,501484E-1
5,703125E+2	2,326176E-1	5,703125E+2	2,275591E-1	5,703125E+2	2,264479E-1	5,703125E+2	2,376103E-1
5,718750E+2	2,353839E-1	5,718750E+2	2,105909E-1	5,718750E+2	2,118722E-1	5,718750E+2	2,266614E-1
5,734375E+2	2,418739E-1	5,734375E+2	2,225546E-1	5,734375E+2	2,227796E-1	5,734375E+2	2,329467E-1
5,750000E+2	2,036336E-1	5,750000E+2	2,076838E-1	5,750000E+2	2,147147E-1	5,750000E+2	2,165851E-1
5,765625E+2	2,290814E-1	5,765625E+2	2,203893E-1	5,765625E+2	2,251309E-1	5,765625E+2	2,262618E-1
5,781250E+2	2,138240E-1	5,781250E+2	2,331839E-1	5,781250E+2	2,221357E-1	5,781250E+2	2,319912E-1
5,796875E+2	1,952706E-1	5,796875E+2	2,151232E-1	5,796875E+2	2,052294E-1	5,796875E+2	2,224846E-1
5,812500E+2	2,079322E-1	5,812500E+2	2,128861E-1	5,812500E+2	2,125877E-1	5,812500E+2	2,326852E-1
5,828125E+2	2,045210E-1	5,828125E+2	2,081271E-1	5,828125E+2	2,040155E-1	5,828125E+2	2,121257E-1
5,843750E+2	2,127725E-1	5,843750E+2	2,088288E-1	5,843750E+2	2,048983E-1	5,843750E+2	2,104098E-1
5,859375E+2	2,410552E-1	5,859375E+2	2,104727E-1	5,859375E+2	2,161917E-1	5,859375E+2	2,251880E-1
5,875000E+2	2,189336E-1	5,875000E+2	2,068972E-1	5,875000E+2	2,077234E-1	5,875000E+2	2,145983E-1
5,890625E+2	1,912016E-1	5,890625E+2	2,129271E-1	5,890625E+2	2,055402E-1	5,890625E+2	2,146294E-1
5,906250E+2	2,137350E-1	5,906250E+2	2,040136E-1	5,906250E+2	1,960890E-1	5,906250E+2	2,024361E-1
5,921875E+2	2,438632E-1	5,921875E+2	2,052548E-1	5,921875E+2	2,014390E-1	5,921875E+2	2,042783E-1
5,937500E+2	2,162349E-1	5,937500E+2	2,114693E-1	5,937500E+2	2,082352E-1	5,937500E+2	2,177638E-1
5,953125E+2	1,940485E-1	5,953125E+2	1,874003E-1	5,953125E+2	1,910364E-1	5,953125E+2	1,977689E-1
5,968750E+2	2,178670E-1	5,968750E+2	1,993931E-1	5,968750E+2	2,016896E-1	5,968750E+2	2,061303E-1
5,984375E+2	2,217755E-1	5,984375E+2	2,005766E-1	5,984375E+2	2,088827E-1	5,984375E+2	2,108843E-1
6,000000E+2	2,194280E-1	6,000000E+2	2,067404E-1	6,000000E+2	2,106546E-1	6,000000E+2	2,157292E-1
6,015625E+2	2,084062E-1	6,015625E+2	1,961563E-1	6,015625E+2	1,933952E-1	6,015625E+2	2,076050E-1
6,031250E+2	1,844856E-1	6,031250E+2	1,858904E-1	6,031250E+2	1,840312E-1	6,031250E+2	1,938898E-1
6,046875E+2	1,985739E-1	6,046875E+2	1,893702E-1	6,046875E+2	1,865671E-1	6,046875E+2	2,012506E-1
6,062500E+2	2,037955E-1	6,062500E+2	1,953073E-1	6,062500E+2	1,881444E-1	6,062500E+2	2,010280E-1
6,078125E+2	1,868820E-1	6,078125E+2	1,966794E-1	6,078125E+2	1,954641E-1	6,078125E+2	1,988636E-1
6,093750E+2	1,983467E-1	6,093750E+2	1,978623E-1	6,093750E+2	1,997268E-1	6,093750E+2	2,094013E-1
6,109375E+2	1,937904E-1	6,109375E+2	1,902468E-1	6,109375E+2	1,925322E-1	6,109375E+2	2,014148E-1
6,125000E+2	1,912801E-1	6,125000E+2	1,849008E-1	6,125000E+2	1,780999E-1	6,125000E+2	1,889534E-1
6,140625E+2	1,847358E-1	6,140625E+2	1,806930E-1	6,140625E+2	1,823675E-1	6,140625E+2	1,869819E-1
6,156250E+2	1,832116E-1	6,156250E+2	1,902661E-1	6,156250E+2	1,855338E-1	6,156250E+2	1,862341E-1
6,171875E+2	2,006744E-1	6,171875E+2	1,870264E-1	6,171875E+2	1,795721E-1	6,171875E+2	1,856391E-1
6,187500E+2	1,855648E-1	6,187500E+2	1,805014E-1	6,187500E+2	1,803573E-1	6,187500E+2	1,885594E-1
6,203125E+2	1,955558E-1	6,203125E+2	1,805697E-1	6,203125E+2	1,828917E-1	6,203125E+2	1,946467E-1
6,218750E+2	1,825887E-1	6,218750E+2	1,833263E-1	6,218750E+2	1,796224E-1	6,218750E+2	1,868503E-1
6,234375E+2	1,783802E-1	6,234375E+2	1,813194E-1	6,234375E+2	1,678472E-1	6,234375E+2	1,832908E-1
6,250000E+2	1,691226E-1	6,250000E+2	1,655914E-1	6,250000E+2	1,644656E-1	6,250000E+2	1,712590E-1
6,265625E+2	1,540293E-1	6,265625E+2	1,648033E-1	6,265625E+2	1,674991E-1	6,265625E+2	1,761694E-1
6,281250E+2	1,734983E-1	6,281250E+2	1,731857E-1	6,281250E+2	1,757735E-1	6,281250E+2	1,831701E-1
6,296875E+2	1,692900E-1	6,296875E+2	1,573290E-1	6,296875E+2	1,652295E-1	6,296875E+2	1,687023E-1
6,312500E+2	1,752500E-1	6,312500E+2	1,658196E-1	6,312500E+2	1,637304E-1	6,312500E+2	1,711259E-1
6,328125E+2	1,677474E-1	6,328125E+2	1,670961E-1	6,328125E+2	1,637560E-1	6,328125E+2	1,691375E-1
6,343750E+2	1,668197E-1	6,343750E+2	1,606139E-1	6,343750E+2	1,620001E-1	6,343750E+2	1,662189E-1
6,359375E+2	1,730551E-1	6,359375E+2	1,664764E-1	6,359375E+2	1,684459E-1	6,359375E+2	1,730838E-1
6,375000E+2	1,743730E-1	6,375000E+2	1,706853E-1	6,375000E+2	1,706905E-1	6,375000E+2	1,755170E-1
6,390625E+2	1,649269E-1	6,390625E+2	1,687502E-1	6,390625E+2	1,660554E-1	6,390625E+2	1,724515E-1
6,406250E+2	1,627923E-1	6,406250E+2	1,578322E-1	6,406250E+2	1,601366E-1	6,406250E+2	1,703843E-1
6,421875E+2	1,664200E-1	6,421875E+2	1,604891E-1	6,421875E+2	1,644909E-1	6,421875E+2	1,675025E-1
6,437500E+2	1,592305E-1	6,437500E+2	1,640502E-1	6,437500E+2	1,657102E-1	6,437500E+2	1,653460E-1
6,453125E+2	1,558011E-1	6,453125E+2	1,586811E-1	6,453125E+2	1,650124E-1	6,453125E+2	1,684944E-1
6,468750E+2	1,617087E-1	6,468750E+2	1,603355E-1	6,468750E+2	1,590970E-1	6,468750E+2	1,709434E-1
6,484375E+2	1,655964E-1	6,484375E+2	1,629475E-1	6,484375E+2	1,577681E-1	6,484375E+2	1,669823E-1
6,500000E+2	1,554222E-1	6,500000E+2	1,605511E-1	6,500000E+2	1,522701E-1	6,500000E+2	1,608992E-1
6,515625E+2	1,564401E-1	6,515625E+2	1,585942E-1	6,515625E+2	1,575276E-1	6,515625E+2	1,634552E-1
6,531250E+2	1,678563E-1	6,531250E+2	1,591409E-1	6,531250E+2	1,565837E-1	6,531250E+2	1,677812E-1
6,546875E+2	1,621870E-1	6,546875E+2	1,601284E-1	6,546875E+2	1,547488E-1	6,546875E+2	1,684481E-1
6,562500E+2	1,606744E-1	6,562500E+2	1,550908E-1	6,562500E+2	1,613126E-1	6,562500E+2	1,658163E-1
6,578125E+2	1,657898E-1	6,578125E+2	1,580736E-1	6,578125E+2	1,622153E-1	6,578125E+2	1,610335E-1
6,593750E+2	1,590889E-1	6,593750E+2	1,592589E-1	6,593750E+2	1,594495E-1	6,593750E+2	1,676020E-1
6,609375E+2	1,580373E-1	6,609375E+2	1,522152E-1	6,609375E+2	1,595526E-1	6,609375E+2	1,674526E-1
6,625000E+2	1,595661E-1	6,625000E+2	1,549487E-1	6,625000E+2	1,592771E-1	6,625000E+2	1,640292E-1
6,640625E+2	1,562257E-1	6,640625E+2	1,554984E-1	6,640625E+2	1,607852E-1	6,640625E+2	1,649058E-1
6,656250E+2	1,654366E-1	6,656250E+2	1,556074E-1	6,656250E+2	1,614525E-1	6,656250E+2	1,632379E-1
6,671875E+2	1,663689E-1	6,671875E+2	1,534454E-1	6,671875E+2	1,610707E-1	6,671875E+2	1,597553E-1
6,687500E+2	1,690428E-1	6,687500E+2	1,570450E-1	6,687500E+2	1,634256E-1	6,687500E+2	1,630082E-1
6,703125E+2	1,659677E-1	6,703125E+2	1,611267E-1	6,703125E+2	1,608453E-1	6,703125E+2	1,667674E-1
6,718750E+2	1,636162E-1	6,718750E+2	1,572590E-1	6,718750E+2	1,635115E-1	6,718750E+2	1,637075E-1
6,734375E+2	1,676356E-1	6,734375E+2	1,589203E-1	6,734375E+2	1,615019E-1	6,734375E+2	1,615057E-1
6,750000E+2	1,629873E-1	6,750000E+2	1,601932E-1	6,750000E+2	1,591547E-1	6,750000E+2	1,644990E-1
6,765625E+2	1,537788E-1	6,765625E+2	1,610782E-1	6,765625E+2	1,572034E-1	6,765625E+2	1,659298E-1
6,781250E+2	1,659861E-1	6,781250E+2	1,573711E-1	6,781250E+2	1,580390E-1	6,781250E+2	1,662900E-1
6,796875E+2	1,670367E-1	6,796875E+2	1,562136E-1	6,796875E+2	1,560927E-1	6,796875E+2	1,640656E-1
6,812500E+2	1,641518E-1	6,812500E+2	1,581070E-1	6,812500E+2	1,586201E-1	6,812500E+2	1,635581E-1
6,828125E+2	1,530212E-1	6,828125E+2	1,597856E-1	6,828125E+2	1,572154E-1	6,828125E+2	1,646607E-1
6,843750E+2	1,582664E-1	6,843750E+2	1,567525E-1	6,843750E+2	1,502485E-1	6,843750E+2	1,596882E-1
6,859375E+2	1,563526E-1	6,859375E+2	1,590331E-1	6,859375E+2	1,498120E-1	6,859375E+2	1,610570E-1
6,875000E+2	1,557501E-1	6,875000E+2	1,536601E-1	6,875000E+2	1,551929E-1	6,875000E+2	1,608027E-1
6,890625E+2	1,544216E-1	6,890625E+2	1,524961E-1	6,890625E+2	1,522507E-1	6,890625E+2	1,623536E-1
6,906250E+2	1,524260E-1	6,906250E+2	1,546476E-1	6,906250E+2	1,521391E-1	6,906250E+2	1,635538E-1
6,921875E+2	1,557860E-1	6,921875E+2	1,591505E-1	6,921875E+2	1,562524E-1	6,921875E+2	1,602102E-1
6,937500E+2	1,618855E-1	6,937500E+2	1,543503E-1	6,937500E+2	1,509227E-1	6,937500E+2	1,616454E-1
6,953125E+2	1,596003E-1	6,953125E+2	1,529167E-1	6,953125E+2	1,559331E-1	6,953125E+2	1,635752E-1
6,968750E+2	1,588368E-1	6,968750E+2	1,525992E-1	6,968750E+2	1,541330E-1	6,968750E+2	1,661071E-1
6,984375E+2	1,513581E-1	6,984375E+2	1,531706E-1	6,984375E+2	1,582390E-1	6,984375E+2	1,666691E-1
7,000000E+2	1,547137E-1	7,000000E+2	1,495410E-1	7,000000E+2	1,589955E-1	7,000000E+2	1,651929E-1
7,015625E+2	1,592141E-1	7,015625E+2	1,500950E-1	7,015625E+2	1,513538E-1	7,015625E+2	1,592430E-1
7,031250E+2	1,555314E-1	7,031250E+2	1,517816E-1	7,031250E+2	1,537888E-1	7,031250E+2	1,596838E-1
7,046875E+2	1,474728E-1	7,046875E+2	1,546944E-1	7,046875E+2	1,531187E-1	7,046875E+2	1,575647E-1
7,062500E+2	1,436623E-1	7,062500E+2	1,503235E-1	7,062500E+2	1,549726E-1	7,062500E+2	1,616205E-1
7,078125E+2	1,521519E-1	7,078125E+2	1,542438E-1	7,078125E+2	1,550051E-1	7,078125E+2	1,637081E-1
7,093750E+2	1,512380E-1	7,093750E+2	1,604141E-1	7,093750E+2	1,573278E-1	7,093750E+2	1,605329E-1
7,109375E+2	1,386233E-1	7,109375E+2	1,599651E-1	7,109375E+2	1,559173E-1	7,109375E+2	1,610433E-1
7,125000E+2	1,474472E-1	7,125000E+2	1,577297E-1	7,125000E+2	1,566961E-1	7,125000E+2	1,646774E-1
7,140625E+2	1,591343E-1	7,140625E+2	1,526044E-1	7,140625E+2	1,550330E-1	7,140625E+2	1,632549E-1
7,156250E+2	1,540687E-1	7,156250E+2	1,596362E-1	7,156250E+2	1,601098E-1	7,156250E+2	1,642069E-1
7,171875E+2	1,490536E-1	7,171875E+2	1,608938E-1	7,171875E+2	1,577406E-1	7,171875E+2	1,626315E-1
7,187500E+2	1,529130E-1	7,187500E+2	1,559829E-1	7,187500E+2	1,525485E-1	7,187500E+2	1,602388E-1
7,203125E+2	1,573522E-1	7,203125E+2	1,577925E-1	7,203125E+2	1,560452E-1	7,203125E+2	1,656274E-1
7,218750E+2	1,578640E-1	7,218750E+2	1,589911E-1	7,218750E+2	1,562285E-1	7,218750E+2	1,589927E-1
7,234375E+2	1,465816E-1	7,234375E+2	1,587013E-1	7,234375E+2	1,587179E-1	7,234375E+2	1,588804E-1
7,250000E+2	1,589835E-1	7,250000E+2	1,566681E-1	7,250000E+2	1,561446E-1	7,250000E+2	1,682244E-1
7,265625E+2	1,525408E-1	7,265625E+2	1,610542E-1	7,265625E+2	1,602584E-1	7,265625E+2	1,650661E-1
7,281250E+2	1,490372E-1	7,281250E+2	1,572882E-1	7,281250E+2	1,629810E-1	7,281250E+2	1,620954E-1
7,296875E+2	1,516261E-1	7,296875E+2	1,612921E-1	7,296875E+2	1,556846E-1	7,296875E+2	1,625090E-1
7,312500E+2	1,521397E-1	7,312500E+2	1,637777E-1	7,312500E+2	1,589758E-1	7,312500E+2	1,624491E-1
7,328125E+2	1,564042E-1	7,328125E+2	1,647374E-1	7,328125E+2	1,585456E-1	7,328125E+2	1,608656E-1
7,343750E+2	1,644879E-1	7,343750E+2	1,646742E-1	7,343750E+2	1,556714E-1	7,343750E+2	1,573994E-1
7,359375E+2	1,675751E-1	7,359375E+2	1,645036E-1	7,359375E+2	1,582799E-1	7,359375E+2	1,621841E-1
7,375000E+2	1,622508E-1	7,375000E+2	1,612413E-1	7,375000E+2	1,586910E-1	7,375000E+2	1,686700E-1
7,390625E+2	1,584669E-1	7,390625E+2	1,587559E-1	7,390625E+2	1,609967E-1	7,390625E+2	1,639796E-1
7,406250E+2	1,625596E-1	7,406250E+2	1,622350E-1	7,406250E+2	1,578668E-1	7,406250E+2	1,618613E-1
7,421875E+2	1,688243E-1	7,421875E+2	1,529736E-1	7,421875E+2	1,585680E-1	7,421875E+2	1,640399E-1
7,437500E+2	1,642451E-1	7,437500E+2	1,542126E-1	7,437500E+2	1,602089E-1	7,437500E+2	1,695996E-1
7,453125E+2	1,557187E-1	7,453125E+2	1,645735E-1	7,453125E+2	1,696829E-1	7,453125E+2	1,729420E-1
7,468750E+2	1,610500E-1	7,468750E+2	1,632563E-1	7,468750E+2	1,652906E-1	7,468750E+2	1,690527E-1
7,484375E+2	1,731838E-1	7,484375E+2	1,639710E-1	7,484375E+2	1,633075E-1	7,484375E+2	1,732398E-1
7,500000E+2	1,609954E-1	7,500000E+2	1,691686E-1	7,500000E+2	1,670414E-1	7,500000E+2	1,736198E-1
7,515625E+2	1,479332E-1	7,515625E+2	1,619371E-1	7,515625E+2	1,622103E-1	7,515625E+2	1,711279E-1
7,531250E+2	1,662337E-1	7,531250E+2	1,639008E-1	7,531250E+2	1,661538E-1	7,531250E+2	1,715770E-1
7,546875E+2	1,635120E-1	7,546875E+2	1,649362E-1	7,546875E+2	1,678127E-1	7,546875E+2	1,746681E-1
7,562500E+2	1,688571E-1	7,562500E+2	1,658292E-1	7,562500E+2	1,718218E-1	7,562500E+2	1,783399E-1
7,578125E+2	1,992554E-1	7,578125E+2	1,714238E-1	7,578125E+2	1,698024E-1	7,578125E+2	1,744655E-1
7,593750E+2	2,023856E-1	7,593750E+2	1,775618E-1	7,593750E+2	1,698654E-1	7,593750E+2	1,730337E-1
7,609375E+2	1,842426E-1	7,609375E+2	1,778965E-1	7,609375E+2	1,684304E-1	7,609375E+2	1,787523E-1
7,625000E+2	1,765183E-1	7,625000E+2	1,774637E-1	7,625000E+2	1,729534E-1	7,625000E+2	1,825811E-1
7,640625E+2	1,849178E-1	7,640625E+2	1,728798E-1	7,640625E+2	1,746873E-1	7,640625E+2	1,734551E-1
7,656250E+2	2,078110E-1	7,656250E+2	1,661046E-1	7,656250E+2	1,736860E-1	7,656250E+2	1,739224E-1
7,671875E+2	1,797069E-1	7,671875E+2	1,670158E-1	7,671875E+2	1,739819E-1	7,671875E+2	1,766884E-1
7,687500E+2	1,972992E-1	7,687500E+2	1,751043E-1	7,687500E+2	1,817219E-1	7,687500E+2	1,812575E-1
7,703125E+2	2,081503E-1	7,703125E+2	1,764094E-1	7,703125E+2	1,790774E-1	7,703125E+2	1,828925E-1
7,718750E+2	1,946779E-1	7,718750E+2	1,738490E-1	7,718750E+2	1,770914E-1	7,718750E+2	1,842959E-1
7,734375E+2	1,934618E-1	7,734375E+2	1,756040E-1	7,734375E+2	1,773096E-1	7,734375E+2	1,819102E-1
7,750000E+2	1,942507E-1	7,750000E+2	1,854331E-1	7,750000E+2	1,807532E-1	7,750000E+2	1,790999E-1
7,765625E+2	1,918772E-1	7,765625E+2	1,927401E-1	7,765625E+2	1,841058E-1	7,765625E+2	1,855136E-1
7,781250E+2	1,840042E-1	7,781250E+2	1,799032E-1	7,781250E+2	1,811320E-1	7,781250E+2	1,889106E-1
7,796875E+2	1,893398E-1	7,796875E+2	1,833251E-1	7,796875E+2	1,815372E-1	7,796875E+2	1,897683E-1
7,812500E+2	1,785708E-1	7,812500E+2	1,854154E-1	7,812500E+2	1,830592E-1	7,812500E+2	1,914982E-1
7,828125E+2	1,942574E-1	7,828125E+2	1,857084E-1	7,828125E+2	1,861753E-1	7,828125E+2	1,968199E-1
7,843750E+2	1,937499E-1	7,843750E+2	1,840143E-1	7,843750E+2	1,854748E-1	7,843750E+2	1,969873E-1
7,859375E+2	1,968226E-1	7,859375E+2	1,855366E-1	7,859375E+2	1,871582E-1	7,859375E+2	1,951446E-1
7,875000E+2	1,980554E-1	7,875000E+2	1,954222E-1	7,875000E+2	1,913444E-1	7,875000E+2	1,956158E-1
7,890625E+2	1,980100E-1	7,890625E+2	1,894162E-1	7,890625E+2	1,898388E-1	7,890625E+2	1,990155E-1
7,906250E+2	1,761547E-1	7,906250E+2	1,869353E-1	7,906250E+2	1,840743E-1	7,906250E+2	1,962413E-1
7,921875E+2	1,730202E-1	7,921875E+2	1,894651E-1	7,921875E+2	1,928959E-1	7,921875E+2	1,975704E-1
7,937500E+2	1,992766E-1	7,937500E+2	1,989448E-1	7,937500E+2	1,978905E-1	7,937500E+2	2,045833E-1
7,953125E+2	1,990354E-1	7,953125E+2	2,004790E-1	7,953125E+2	1,975182E-1	7,953125E+2	2,043463E-1
7,968750E+2	2,026816E-1	7,968750E+2	2,002187E-1	7,968750E+2	1,998861E-1	7,968750E+2	2,021175E-1
7,984375E+2	2,078186E-1	7,984375E+2	2,005639E-1	7,984375E+2	1,967093E-1	7,984375E+2	2,053065E-1
8,000000E+2	2,062346E-1	8,000000E+2	2,005897E-1	8,000000E+2	2,006707E-1	8,000000E+2	2,067550E-1
8,015625E+2	2,108731E-1	8,015625E+2	2,045289E-1	8,015625E+2	2,009949E-1	8,015625E+2	2,089176E-1
8,031250E+2	2,044907E-1	8,031250E+2	2,060347E-1	8,031250E+2	2,062459E-1	8,031250E+2	2,074055E-1
8,046875E+2	2,072330E-1	8,046875E+2	2,042702E-1	8,046875E+2	2,108693E-1	8,046875E+2	2,119353E-1
8,062500E+2	2,047141E-1	8,062500E+2	2,055808E-1	8,062500E+2	2,086874E-1	8,062500E+2	2,164068E-1
8,078125E+2	2,116928E-1	8,078125E+2	2,076458E-1	8,078125E+2	2,104442E-1	8,078125E+2	2,191349E-1
8,093750E+2	2,254232E-1	8,093750E+2	2,181110E-1	8,093750E+2	2,157001E-1	8,093750E+2	2,193869E-1
8,109375E+2	2,121729E-1	8,109375E+2	2,143431E-1	8,109375E+2	2,099806E-1	8,109375E+2	2,204097E-1
8,125000E+2	2,172473E-1	8,125000E+2	2,106232E-1	8,125000E+2	2,090987E-1	8,125000E+2	2,172064E-1
8,140625E+2	2,110302E-1	8,140625E+2	2,116616E-1	8,140625E+2	2,120629E-1	8,140625E+2	2,171921E-1
8,156250E+2	2,161328E-1	8,156250E+2	2,146712E-1	8,156250E+2	2,189067E-1	8,156250E+2	2,262920E-1
8,171875E+2	2,312247E-1	8,171875E+2	2,209373E-1	8,171875E+2	2,249858E-1	8,171875E+2	2,281291E-1
8,187500E+2	2,248933E-1	8,187500E+2	2,159157E-1	8,187500E+2	2,293637E-1	8,187500E+2	2,340319E-1
8,203125E+2	2,291092E-1	8,203125E+2	2,226789E-1	8,203125E+2	2,289443E-1	8,203125E+2	2,355922E-1
8,218750E+2	2,217484E-1	8,218750E+2	2,240391E-1	8,218750E+2	2,287571E-1	8,218750E+2	2,322289E-1
8,234375E+2	2,226348E-1	8,234375E+2	2,286807E-1	8,234375E+2	2,279367E-1	8,234375E+2	2,317915E-1
8,250000E+2	2,192751E-1	8,250000E+2	2,365992E-1	8,250000E+2	2,319361E-1	8,250000E+2	2,365250E-1
8,265625E+2	2,331429E-1	8,265625E+2	2,342185E-1	8,265625E+2	2,356953E-1	8,265625E+2	2,364765E-1
8,281250E+2	2,379988E-1	8,281250E+2	2,407548E-1	8,281250E+2	2,348122E-1	8,281250E+2	2,417476E-1
8,296875E+2	2,353221E-1	8,296875E+2	2,456381E-1	8,296875E+2	2,366475E-1	8,296875E+2	2,441604E-1
8,312500E+2	2,390502E-1	8,312500E+2	2,431687E-1	8,312500E+2	2,439219E-1	8,312500E+2	2,461013E-1
8,328125E+2	2,548198E-1	8,328125E+2	2,488420E-1	8,328125E+2	2,531632E-1	8,328125E+2	2,534540E-1
8,343750E+2	2,477469E-1	8,343750E+2	2,453260E-1	8,343750E+2	2,486067E-1	8,343750E+2	2,586018E-1
8,359375E+2	2,463620E-1	8,359375E+2	2,479401E-1	8,359375E+2	2,497257E-1	8,359375E+2	2,585913E-1
8,375000E+2	2,591301E-1	8,375000E+2	2,482222E-1	8,375000E+2	2,540452E-1	8,375000E+2	2,642409E-1
8,390625E+2	2,630197E-1	8,390625E+2	2,514056E-1	8,390625E+2	2,597549E-1	8,390625E+2	2,653190E-1
8,406250E+2	2,595617E-1	8,406250E+2	2,544282E-1	8,406250E+2	2,628618E-1	8,406250E+2	2,652229E-1
8,421875E+2	2,658100E-1	8,421875E+2	2,629944E-1	8,421875E+2	2,591618E-1	8,421875E+2	2,641980E-1
8,437500E+2	2,779496E-1	8,437500E+2	2,631128E-1	8,437500E+2	2,620271E-1	8,437500E+2	2,682521E-1
8,453125E+2	2,781888E-1	8,453125E+2	2,644665E-1	8,453125E+2	2,686705E-1	8,453125E+2	2,707035E-1
8,468750E+2	2,696231E-1	8,468750E+2	2,697192E-1	8,468750E+2	2,740977E-1	8,468750E+2	2,812127E-1
8,484375E+2	2,650815E-1	8,484375E+2	2,691764E-1	8,484375E+2	2,752068E-1	8,484375E+2	2,842049E-1
8,500000E+2	2,633846E-1	8,500000E+2	2,701070E-1	8,500000E+2	2,791297E-1	8,500000E+2	2,837150E-1
8,515625E+2	2,774836E-1	8,515625E+2	2,791488E-1	8,515625E+2	2,754011E-1	8,515625E+2	2,887959E-1
8,531250E+2	2,896121E-1	8,531250E+2	2,872094E-1	8,531250E+2	2,810065E-1	8,531250E+2	2,878522E-1
8,546875E+2	2,909555E-1	8,546875E+2	2,858603E-1	8,546875E+2	2,881172E-1	8,546875E+2	2,949722E-1
8,562500E+2	2,902933E-1	8,562500E+2	2,890566E-1	8,562500E+2	2,905847E-1	8,562500E+2	2,994618E-1
8,578125E+2	3,007465E-1	8,578125E+2	2,960041E-1	8,578125E+2	2,913688E-1	8,578125E+2	3,002068E-1
8,593750E+2	2,881901E-1	8,593750E+2	2,984128E-1	8,593750E+2	2,953547E-1	8,593750E+2	3,006175E-1
8,609375E+2	2,951980E-1	8,609375E+2	2,989006E-1	8,609375E+2	3,035610E-1	8,609375E+2	3,114946E-1
8,625000E+2	3,057420E-1	8,625000E+2	3,034404E-1	8,625000E+2	3,076439E-1	8,625000E+2	3,156114E-1
8,640625E+2	2,963063E-1	8,640625E+2	3,066948E-1	8,640625E+2	3,170524E-1	8,640625E+2	3,178108E-1
8,656250E+2	3,156843E-1	8,656250E+2	3,139075E-1	8,656250E+2	3,147767E-1	8,656250E+2	3,188453E-1
8,671875E+2	3,243614E-1	8,671875E+2	3,195555E-1	8,671875E+2	3,206900E-1	8,671875E+2	3,301624E-1
8,687500E+2	3,291906E-1	8,687500E+2	3,289716E-1	8,687500E+2	3,243414E-1	8,687500E+2	3,361098E-1
8,703125E+2	3,161454E-1	8,703125E+2	3,275980E-1	8,703125E+2	3,286214E-1	8,703125E+2	3,338132E-1
8,718750E+2	3,275890E-1	8,718750E+2	3,344899E-1	8,718750E+2	3,316899E-1	8,718750E+2	3,359560E-1
8,734375E+2	3,422816E-1	8,734375E+2	3,412055E-1	8,734375E+2	3,344800E-1	8,734375E+2	3,409495E-1
8,750000E+2	3,371652E-1	8,750000E+2	3,440872E-1	8,750000E+2	3,449484E-1	8,750000E+2	3,437184E-1
8,765625E+2	3,462170E-1	8,765625E+2	3,480818E-1	8,765625E+2	3,524451E-1	8,765625E+2	3,580913E-1
8,781250E+2	3,581518E-1	8,781250E+2	3,453003E-1	8,781250E+2	3,575197E-1	8,781250E+2	3,588095E-1
8,796875E+2	3,467460E-1	8,796875E+2	3,496591E-1	8,796875E+2	3,587993E-1	8,796875E+2	3,614230E-1
8,812500E+2	3,499506E-1	8,812500E+2	3,567724E-1	8,812500E+2	3,576080E-1	8,812500E+2	3,693233E-1
8,828125E+2	3,584898E-1	8,828125E+2	3,629478E-1	8,828125E+2	3,631845E-1	8,828125E+2	3,748123E-1
8,843750E+2	3,621749E-1	8,843750E+2	3,791330E-1	8,843750E+2	3,747575E-1	8,843750E+2	3,806108E-1
8,859375E+2	3,674204E-1	8,859375E+2	3,785925E-1	8,859375E+2	3,808357E-1	8,859375E+2	3,835104E-1
8,875000E+2	3,853465E-1	8,875000E+2	3,809295E-1	8,875000E+2	3,785766E-1	8,875000E+2	3,847270E-1
8,890625E+2	3,928853E-1	8,890625E+2	3,896522E-1	8,890625E+2	3,870505E-1	8,890625E+2	3,948357E-1
8,906250E+2	3,875501E-1	8,906250E+2	3,908076E-1	8,906250E+2	3,928863E-1	8,906250E+2	4,022730E-1
8,921875E+2	3,899979E-1	8,921875E+2	3,966157E-1	8,921875E+2	3,989044E-1	8,921875E+2	4,063063E-1
8,937500E+2	4,107531E-1	8,937500E+2	4,015944E-1	8,937500E+2	4,053823E-1	8,937500E+2	4,110705E-1
8,953125E+2	4,070039E-1	8,953125E+2	4,062027E-1	8,953125E+2	4,036524E-1	8,953125E+2	4,159777E-1
8,968750E+2	4,049157E-1	8,968750E+2	4,128391E-1	8,968750E+2	4,162212E-1	8,968750E+2	4,251118E-1
8,984375E+2	4,280081E-1	8,984375E+2	4,242793E-1	8,984375E+2	4,202183E-1	8,984375E+2	4,286502E-1
9,000000E+2	4,265597E-1	9,000000E+2	4,294232E-1	9,000000E+2	4,263845E-1	9,000000E+2	4,361564E-1
9,015625E+2	4,202244E-1	9,015625E+2	4,285365E-1	9,015625E+2	4,342478E-1	9,015625E+2	4,413859E-1
9,031250E+2	4,340571E-1	9,031250E+2	4,406500E-1	9,031250E+2	4,364459E-1	9,031250E+2	4,522329E-1
9,046875E+2	4,365645E-1	9,046875E+2	4,449902E-1	9,046875E+2	4,486112E-1	9,046875E+2	4,606000E-1
9,062500E+2	4,400649E-1	9,062500E+2	4,473069E-1	9,062500E+2	4,576440E-1	9,062500E+2	4,674358E-1
9,078125E+2	4,525317E-1	9,078125E+2	4,637636E-1	9,078125E+2	4,619366E-1	9,078125E+2	4,658410E-1
9,093750E+2	4,541325E-1	9,093750E+2	4,647096E-1	9,093750E+2	4,676101E-1	9,093750E+2	4,716009E-1
9,109375E+2	4,644974E-1	9,109375E+2	4,716794E-1	9,109375E+2	4,779036E-1	9,109375E+2	4,893270E-1
9,125000E+2	4,700820E-1	9,125000E+2	4,836234E-1	9,125000E+2	4,806497E-1	9,125000E+2	4,923564E-1
9,140625E+2	4,863325E-1	9,140625E+2	4,861962E-1	9,140625E+2	4,848517E-1	9,140625E+2	4,945986E-1
9,156250E+2	4,989111E-1	9,156250E+2	4,935286E-1	9,156250E+2	4,961927E-1	9,156250E+2	5,011398E-1
9,171875E+2	4,967334E-1	9,171875E+2	5,013554E-1	9,171875E+2	5,029045E-1	9,171875E+2	5,068830E-1
9,187500E+2	5,065867E-1	9,187500E+2	5,046401E-1	9,187500E+2	5,112111E-1	9,187500E+2	5,092172E-1
9,203125E+2	5,116654E-1	9,203125E+2	5,094225E-1	9,203125E+2	5,144823E-1	9,203125E+2	5,186687E-1
9,218750E+2	5,221883E-1	9,218750E+2	5,237258E-1	9,218750E+2	5,253065E-1	9,218750E+2	5,293268E-1
9,234375E+2	5,351162E-1	9,234375E+2	5,326009E-1	9,234375E+2	5,312002E-1	9,234375E+2	5,399106E-1
9,250000E+2	5,371185E-1	9,250000E+2	5,361614E-1	9,250000E+2	5,384661E-1	9,250000E+2	5,515922E-1
9,265625E+2	5,375946E-1	9,265625E+2	5,429048E-1	9,265625E+2	5,419172E-1	9,265625E+2	5,555247E-1
9,281250E+2	5,465317E-1	9,281250E+2	5,529072E-1	9,281250E+2	5,488871E-1	9,281250E+2	5,640061E-1
9,296875E+2	5,658414E-1	9,296875E+2	5,633435E-1	9,296875E+2	5,597611E-1	9,296875E+2	5,693905E-1
9,312500E+2	5,727615E-1	9,312500E+2	5,664420E-1	9,312500E+2	5,706949E-1	9,312500E+2	5,747125E-1
9,328125E+2	5,717026E-1	9,328125E+2	5,707715E-1	9,328125E+2	5,800012E-1	9,328125E+2	5,808673E-1
9,343750E+2	5,772789E-1	9,343750E+2	5,852997E-1	9,343750E+2	5,852192E-1	9,343750E+2	5,882754E-1
9,359375E+2	5,852500E-1	9,359375E+2	5,918412E-1	9,359375E+2	5,906859E-1	9,359375E+2	5,987923E-1
9,375000E+2	5,921761E-1	9,375000E+2	5,978375E-1	9,375000E+2	5,943829E-1	9,375000E+2	6,014465E-1
9,390625E+2	5,967193E-1	9,390625E+2	6,012311E-1	9,390625E+2	6,059393E-1	9,390625E+2	6,102504E-1
9,406250E+2	6,093623E-1	9,406250E+2	6,106674E-1	9,406250E+2	6,102915E-1	9,406250E+2	6,190724E-1
9,421875E+2	6,219336E-1	9,421875E+2	6,166095E-1	9,421875E+2	6,175737E-1	9,421875E+2	6,234456E-1
9,437500E+2	6,236317E-1	9,437500E+2	6,305102E-1	9,437500E+2	6,272468E-1	9,437500E+2	6,356666E-1
9,453125E+2	6,290441E-1	9,453125E+2	6,366438E-1	9,453125E+2	6,334713E-1	9,453125E+2	6,456739E-1
9,468750E+2	6,354027E-1	9,468750E+2	6,381758E-1	9,468750E+2	6,428913E-1	9,468750E+2	6,490672E-1
9,484375E+2	6,474601E-1	9,484375E+2	6,446017E-1	9,484375E+2	6,521295E-1	9,484375E+2	6,563065E-1
9,500000E+2	6,582086E-1	9,500000E+2	6,543452E-1	9,500000E+2	6,585851E-1	9,500000E+2	6,628860E-1
9,515625E+2	6,610980E-1	9,515625E+2	6,622975E-1	9,515625E+2	6,629708E-1	9,515625E+2	6,720081E-1
9,531250E+2	6,705998E-1	9,531250E+2	6,643644E-1	9,531250E+2	6,731023E-1	9,531250E+2	6,792425E-1
9,546875E+2	6,762000E-1	9,546875E+2	6,749935E-1	9,546875E+2	6,784967E-1	9,546875E+2	6,855835E-1
9,562500E+2	6,861821E-1	9,562500E+2	6,877534E-1	9,562500E+2	6,828135E-1	9,562500E+2	6,888969E-1
9,578125E+2	6,872266E-1	9,578125E+2	6,879461E-1	9,578125E+2	6,912011E-1	9,578125E+2	6,957934E-1
9,593750E+2	6,919459E-1	9,593750E+2	6,947045E-1	9,593750E+2	7,004484E-1	9,593750E+2	7,026540E-1
9,609375E+2	6,971176E-1	9,609375E+2	6,988454E-1	9,609375E+2	6,980088E-1	9,609375E+2	7,108008E-1
9,625000E+2	7,086245E-1	9,625000E+2	7,053547E-1	9,625000E+2	7,066180E-1	9,625000E+2	7,163424E-1
9,640625E+2	7,151268E-1	9,640625E+2	7,115431E-1	9,640625E+2	7,092028E-1	9,640625E+2	7,217200E-1
9,656250E+2	7,123169E-1	9,656250E+2	7,148231E-1	9,656250E+2	7,103160E-1	9,656250E+2	7,272501E-1
9,671875E+2	7,192413E-1	9,671875E+2	7,197133E-1	9,671875E+2	7,182287E-1	9,671875E+2	7,318258E-1
9,687500E+2	7,283938E-1	9,687500E+2	7,269500E-1	9,687500E+2	7,233694E-1	9,687500E+2	7,321999E-1
9,703125E+2	7,215905E-1	9,703125E+2	7,262560E-1	9,703125E+2	7,275791E-1	9,703125E+2	7,350444E-1
9,718750E+2	7,272552E-1	9,718750E+2	7,271219E-1	9,718750E+2	7,356003E-1	9,718750E+2	7,401107E-1
9,734375E+2	7,326797E-1	9,734375E+2	7,315490E-1	9,734375E+2	7,356281E-1	9,734375E+2	7,386091E-1
9,750000E+2	7,411270E-1	9,750000E+2	7,352865E-1	9,750000E+2	7,391674E-1	9,750000E+2	7,449420E-1
9,765625E+2	7,400325E-1	9,765625E+2	7,420905E-1	9,765625E+2	7,447155E-1	9,765625E+2	7,528989E-1
9,781250E+2	7,426895E-1	9,781250E+2	7,434991E-1	9,781250E+2	7,481977E-1	9,781250E+2	7,539776E-1
9,796875E+2	7,497825E-1	9,796875E+2	7,430894E-1	9,796875E+2	7,480761E-1	9,796875E+2	7,499443E-1
9,812500E+2	7,483828E-1	9,812500E+2	7,454646E-1	9,812500E+2	7,460022E-1	9,812500E+2	7,533245E-1
9,828125E+2	7,444155E-1	9,828125E+2	7,485131E-1	9,828125E+2	7,479333E-1	9,828125E+2	7,595702E-1
9,843750E+2	7,403887E-1	9,843750E+2	7,518378E-1	9,843750E+2	7,474538E-1	9,843750E+2	7,599667E-1
9,859375E+2	7,416874E-1	9,859375E+2	7,518541E-1	9,859375E+2	7,494708E-1	9,859375E+2	7,568186E-1
9,875000E+2	7,452528E-1	9,875000E+2	7,474944E-1	9,875000E+2	7,507737E-1	9,875000E+2	7,557632E-1
9,890625E+2	7,452709E-1	9,890625E+2	7,485079E-1	9,890625E+2	7,484590E-1	9,890625E+2	7,590097E-1
9,906250E+2	7,444000E-1	9,906250E+2	7,475126E-1	9,906250E+2	7,493633E-1	9,906250E+2	7,569060E-1
9,921875E+2	7,389905E-1	9,921875E+2	7,474229E-1	9,921875E+2	7,455997E-1	9,921875E+2	7,525788E-1
9,937500E+2	7,387450E-1	9,937500E+2	7,462676E-1	9,937500E+2	7,430046E-1	9,937500E+2	7,518174E-1
9,953125E+2	7,431321E-1	9,953125E+2	7,397690E-1	9,953125E+2	7,380409E-1	9,953125E+2	7,503312E-1
9,968750E+2	7,442095E-1	9,968750E+2	7,341942E-1	9,968750E+2	7,393600E-1	9,968750E+2	7,516150E-1
9,984375E+2	7,412985E-1	9,984375E+2	7,337566E-1	9,984375E+2	7,380720E-1	9,984375E+2	7,451209E-1
1,000000E+3	7,388227E-1	1,000000E+3	7,317570E-1	1,000000E+3	7,360126E-1	1,000000E+3	7,395232E-1
1,001562E+3	7,403470E-1	1,001562E+3	7,314090E-1	1,001562E+3	7,337679E-1	1,001562E+3	7,431193E-1
1,003125E+3	7,417826E-1	1,003125E+3	7,283141E-1	1,003125E+3	7,326656E-1	1,003125E+3	7,392738E-1
1,004687E+3	7,311005E-1	1,004687E+3	7,224481E-1	1,004687E+3	7,277378E-1	1,004687E+3	7,338344E-1
1,006250E+3	7,086481E-1	1,006250E+3	7,172733E-1	1,006250E+3	7,236672E-1	1,006250E+3	7,319001E-1
1,007812E+3	7,147022E-1	1,007812E+3	7,191754E-1	1,007812E+3	7,157512E-1	1,007812E+3	7,214289E-1
1,009375E+3	7,094382E-1	1,009375E+3	7,147401E-1	1,009375E+3	7,109478E-1	1,009375E+3	7,149091E-1
1,010937E+3	7,037900E-1	1,010937E+3	7,044244E-1	1,010937E+3	7,062659E-1	1,010937E+3	7,143374E-1
1,012500E+3	6,995679E-1	1,012500E+3	6,989025E-1	1,012500E+3	6,993310E-1	1,012500E+3	7,053571E-1
1,014062E+3	7,054180E-1	1,014062E+3	6,992018E-1	1,014062E+3	6,948985E-1	1,014062E+3	7,084261E-1
1,015625E+3	6,851707E-1	1,015625E+3	6,991194E-1	1,015625E+3	6,898336E-1	1,015625E+3	7,016054E-1
1,017187E+3	6,863763E-1	1,017187E+3	6,868995E-1	1,017187E+3	6,861513E-1	1,017187E+3	6,937946E-1
1,018750E+3	6,773433E-1	1,018750E+3	6,757817E-1	1,018750E+3	6,790224E-1	1,018750E+3	6,872952E-1
1,020312E+3	6,739547E-1	1,020312E+3	6,735441E-1	1,020312E+3	6,700912E-1	1,020312E+3	6,826935E-1
1,021875E+3	6,762736E-1	1,021875E+3	6,612570E-1	1,021875E+3	6,671774E-1	1,021875E+3	6,785548E-1
1,023437E+3	6,534578E-1	1,023437E+3	6,597908E-1	1,023437E+3	6,583932E-1	1,023437E+3	6,701697E-1
1,025000E+3	6,458438E-1	1,025000E+3	6,531335E-1	1,025000E+3	6,456610E-1	1,025000E+3	6,589570E-1
1,026562E+3	6,480717E-1	1,026562E+3	6,452315E-1	1,026562E+3	6,449337E-1	1,026562E+3	6,539649E-1
1,028125E+3	6,420394E-1	1,028125E+3	6,382439E-1	1,028125E+3	6,370116E-1	1,028125E+3	6,501759E-1
1,029687E+3	6,335959E-1	1,029687E+3	6,344923E-1	1,029687E+3	6,281328E-1	1,029687E+3	6,392105E-1
1,031250E+3	6,201755E-1	1,031250E+3	6,214170E-1	1,031250E+3	6,212614E-1	1,031250E+3	6,337004E-1
1,032812E+3	6,113084E-1	1,032812E+3	6,221724E-1	1,032812E+3	6,161017E-1	1,032812E+3	6,286781E-1
1,034375E+3	6,168737E-1	1,034375E+3	6,158515E-1	1,034375E+3	6,138909E-1	1,034375E+3	6,155041E-1
1,035937E+3	6,094091E-1	1,035937E+3	6,025431E-1	1,035937E+3	6,053605E-1	1,035937E+3	6,070563E-1
1,037500E+3	5,893471E-1	1,037500E+3	5,941660E-1	1,037500E+3	5,938491E-1	1,037500E+3	6,048147E-1
1,039062E+3	5,906067E-1	1,039062E+3	5,910843E-1	1,039062E+3	5,861542E-1	1,039062E+3	6,008907E-1
1,040625E+3	5,932022E-1	1,040625E+3	5,826780E-1	1,040625E+3	5,835634E-1	1,040625E+3	5,895108E-1
1,042187E+3	5,834469E-1	1,042187E+3	5,760983E-1	1,042187E+3	5,765824E-1	1,042187E+3	5,847695E-1
1,043750E+3	5,767954E-1	1,043750E+3	5,656146E-1	1,043750E+3	5,695027E-1	1,043750E+3	5,776807E-1
1,045312E+3	5,632858E-1	1,045312E+3	5,578090E-1	1,045312E+3	5,593477E-1	1,045312E+3	5,737510E-1
1,046875E+3	5,535412E-1	1,046875E+3	5,540962E-1	1,046875E+3	5,516142E-1	1,046875E+3	5,669568E-1
1,048437E+3	5,489933E-1	1,048437E+3	5,534449E-1	1,048437E+3	5,504716E-1	1,048437E+3	5,584424E-1
1,050000E+3	5,395534E-1	1,050000E+3	5,451032E-1	1,050000E+3	5,450109E-1	1,050000E+3	5,493245E-1
1,051562E+3	5,304120E-1	1,051562E+3	5,304258E-1	1,051562E+3	5,384760E-1	1,051562E+3	5,420039E-1
1,053125E+3	5,229009E-1	1,053125E+3	5,275104E-1	1,053125E+3	5,323617E-1	1,053125E+3	5,347707E-1
1,054687E+3	5,137825E-1	1,054687E+3	5,182836E-1	1,054687E+3	5,213470E-1	1,054687E+3	5,333351E-1
1,056250E+3	5,089429E-1	1,056250E+3	5,131417E-1	1,056250E+3	5,120534E-1	1,056250E+3	5,267900E-1
1,057812E+3	5,060956E-1	1,057812E+3	5,064045E-1	1,057812E+3	5,065443E-1	1,057812E+3	5,159395E-1
1,059375E+3	5,074232E-1	1,059375E+3	4,994418E-1	1,059375E+3	5,026775E-1	1,059375E+3	5,113889E-1
1,060937E+3	4,929441E-1	1,060937E+3	4,945639E-1	1,060937E+3	4,960161E-1	1,060937E+3	5,063507E-1
1,062500E+3	4,878029E-1	1,062500E+3	4,879401E-1	1,062500E+3	4,898733E-1	1,062500E+3	5,024510E-1
1,064062E+3	4,922647E-1	1,064062E+3	4,767043E-1	1,064062E+3	4,807998E-1	1,064062E+3	4,900676E-1
1,065625E+3	4,765797E-1	1,065625E+3	4,774919E-1	1,065625E+3	4,751979E-1	1,065625E+3	4,830285E-1
1,067187E+3	4,600466E-1	1,067187E+3	4,751031E-1	1,067187E+3	4,718571E-1	1,067187E+3	4,841978E-1
1,068750E+3	4,586121E-1	1,068750E+3	4,615122E-1	1,068750E+3	4,627205E-1	1,068750E+3	4,709072E-1
1,070312E+3	4,595300E-1	1,070312E+3	4,586965E-1	1,070312E+3	4,578264E-1	1,070312E+3	4,648394E-1
1,071875E+3	4,576601E-1	1,071875E+3	4,548749E-1	1,071875E+3	4,540345E-1	1,071875E+3	4,560260E-1
1,073437E+3	4,581740E-1	1,073437E+3	4,408094E-1	1,073437E+3	4,433041E-1	1,073437E+3	4,477314E-1
1,075000E+3	4,424242E-1	1,075000E+3	4,313078E-1	1,075000E+3	4,373516E-1	1,075000E+3	4,408343E-1
1,076562E+3	4,191479E-1	1,076562E+3	4,259898E-1	1,076562E+3	4,359440E-1	1,076562E+3	4,361937E-1
1,078125E+3	4,237632E-1	1,078125E+3	4,240360E-1	1,078125E+3	4,320059E-1	1,078125E+3	4,367194E-1
1,079687E+3	4,192413E-1	1,079687E+3	4,193164E-1	1,079687E+3	4,218528E-1	1,079687E+3	4,269353E-1
1,081250E+3	4,091890E-1	1,081250E+3	4,229668E-1	1,081250E+3	4,167777E-1	1,081250E+3	4,290239E-1
1,082812E+3	3,972837E-1	1,082812E+3	4,137034E-1	1,082812E+3	4,146609E-1	1,082812E+3	4,193860E-1
1,084375E+3	3,995544E-1	1,084375E+3	4,037332E-1	1,084375E+3	4,071801E-1	1,084375E+3	4,107705E-1
1,085937E+3	4,146801E-1	1,085937E+3	4,029593E-1	1,085937E+3	4,050085E-1	1,085937E+3	4,098010E-1
1,087500E+3	4,102721E-1	1,087500E+3	4,003713E-1	1,087500E+3	3,985456E-1	1,087500E+3	4,094998E-1
1,089062E+3	3,957519E-1	1,089062E+3	3,919456E-1	1,089062E+3	3,890796E-1	1,089062E+3	3,958709E-1
1,090625E+3	3,793557E-1	1,090625E+3	3,887281E-1	1,090625E+3	3,879206E-1	1,090625E+3	3,957454E-1
1,092187E+3	3,929743E-1	1,092187E+3	3,884770E-1	1,092187E+3	3,816643E-1	1,092187E+3	3,961980E-1
1,093750E+3	3,822082E-1	1,093750E+3	3,822102E-1	1,093750E+3	3,797892E-1	1,093750E+3	3,889445E-1
1,095312E+3	3,885930E-1	1,095312E+3	3,702565E-1	1,095312E+3	3,768504E-1	1,095312E+3	3,825326E-1
1,096875E+3	3,871914E-1	1,096875E+3	3,705581E-1	1,096875E+3	3,703385E-1	1,096875E+3	3,791805E-1
1,098437E+3	3,803977E-1	1,098437E+3	3,698475E-1	1,098437E+3	3,624080E-1	1,098437E+3	3,776872E-1
1,100000E+3	3,707500E-1	1,100000E+3	3,635367E-1	1,100000E+3	3,612919E-1	1,100000E+3	3,705191E-1
1,101562E+3	3,530350E-1	1,101562E+3	3,555968E-1	1,101562E+3	3,579098E-1	1,101562E+3	3,666735E-1
1,103125E+3	3,553245E-1	1,103125E+3	3,571697E-1	1,103125E+3	3,595705E-1	1,103125E+3	3,644553E-1
1,104687E+3	3,449847E-1	1,104687E+3	3,521851E-1	1,104687E+3	3,560404E-1	1,104687E+3	3,550516E-1
1,106250E+3	3,627294E-1	1,106250E+3	3,452110E-1	1,106250E+3	3,499843E-1	1,106250E+3	3,554031E-1
1,107812E+3	3,523857E-1	1,107812E+3	3,485914E-1	1,107812E+3	3,467497E-1	1,107812E+3	3,516367E-1
1,109375E+3	3,464541E-1	1,109375E+3	3,430094E-1	1,109375E+3	3,427343E-1	1,109375E+3	3,471409E-1
1,110937E+3	3,395871E-1	1,110937E+3	3,397671E-1	1,110937E+3	3,380142E-1	1,110937E+3	3,462625E-1
1,112500E+3	3,398786E-1	1,112500E+3	3,328986E-1	1,112500E+3	3,362444E-1	1,112500E+3	3,395545E-1
1,114062E+3	3,446300E-1	1,114062E+3	3,281757E-1	1,114062E+3	3,341372E-1	1,114062E+3	3,361010E-1
1,115625E+3	3,469963E-1	1,115625E+3	3,244085E-1	1,115625E+3	3,309829E-1	1,115625E+3	3,381598E-1
1,117187E+3	3,199606E-1	1,117187E+3	3,210445E-1	1,117187E+3	3,249388E-1	1,117187E+3	3,340492E-1
1,118750E+3	3,238082E-1	1,118750E+3	3,220613E-1	1,118750E+3	3,212670E-1	1,118750E+3	3,264187E-1
1,120312E+3	3,184858E-1	1,120312E+3	3,183156E-1	1,120312E+3	3,150762E-1	1,120312E+3	3,192301E-1
1,121875E+3	3,165863E-1	1,121875E+3	3,094509E-1	1,121875E+3	3,155014E-1	1,121875E+3	3,157758E-1
1,123437E+3	3,073183E-1	1,123437E+3	3,054137E-1	1,123437E+3	3,127178E-1	1,123437E+3	3,128834E-1
1,125000E+3	2,967089E-1	1,125000E+3	3,071783E-1	1,125000E+3	3,069722E-1	1,125000E+3	3,163513E-1
1,126562E+3	2,901490E-1	1,126562E+3	3,003272E-1	1,126562E+3	3,012316E-1	1,126562E+3	3,094477E-1
1,128125E+3	2,846680E-1	1,128125E+3	2,952575E-1	1,128125E+3	2,973976E-1	1,128125E+3	2,999615E-1
1,129687E+3	2,952740E-1	1,129687E+3	2,979378E-1	1,129687E+3	3,000477E-1	1,129687E+3	3,051656E-1
1,131250E+3	3,050616E-1	1,131250E+3	2,966053E-1	1,131250E+3	3,040086E-1	1,131250E+3	3,014071E-1
1,132812E+3	2,997169E-1	1,132812E+3	2,961442E-1	1,132812E+3	2,958284E-1	1,132812E+3	2,961373E-1
1,134375E+3	2,859603E-1	1,134375E+3	2,908550E-1	1,134375E+3	2,907815E-1	1,134375E+3	2,960259E-1
1,135937E+3	2,898787E-1	1,135937E+3	2,842128E-1	1,135937E+3	2,900894E-1	1,135937E+3	2,899953E-1
1,137500E+3	2,828765E-1	1,137500E+3	2,806362E-1	1,137500E+3	2,879757E-1	1,137500E+3	2,940695E-1
1,139062E+3	2,856147E-1	1,139062E+3	2,782269E-1	1,139062E+3	2,863548E-1	1,139062E+3	2,845135E-1
1,140625E+3	2,867938E-1	1,140625E+3	2,804759E-1	1,140625E+3	2,846694E-1	1,140625E+3	2,847971E-1
1,142187E+3	2,804679E-1	1,142187E+3	2,789957E-1	1,142187E+3	2,832561E-1	1,142187E+3	2,836228E-1
1,143750E+3	2,786869E-1	1,143750E+3	2,736742E-1	1,143750E+3	2,847897E-1	1,143750E+3	2,793202E-1
1,145312E+3	2,721474E-1	1,145312E+3	2,732576E-1	1,145312E+3	2,788947E-1	1,145312E+3	2,765358E-1
1,146875E+3	2,741692E-1	1,146875E+3	2,720117E-1	1,146875E+3	2,744077E-1	1,146875E+3	2,721386E-1
1,148437E+3	2,677868E-1	1,148437E+3	2,734154E-1	1,148437E+3	2,688781E-1	1,148437E+3	2,757488E-1
1,150000E+3	2,706494E-1	1,150000E+3	2,720767E-1	1,150000E+3	2,741547E-1	1,150000E+3	2,767817E-1
1,151562E+3	2,596797E-1	1,151562E+3	2,709329E-1	1,151562E+3	2,666104E-1	1,151562E+3	2,722274E-1
1,153125E+3	2,550209E-1	1,153125E+3	2,645456E-1	1,153125E+3	2,650889E-1	1,153125E+3	2,691598E-1
1,154687E+3	2,598142E-1	1,154687E+3	2,572423E-1	1,154687E+3	2,660429E-1	1,154687E+3	2,634724E-1
1,156250E+3	2,693553E-1	1,156250E+3	2,566313E-1	1,156250E+3	2,648957E-1	1,156250E+3	2,659747E-1
1,157812E+3	2,644937E-1	1,157812E+3	2,541685E-1	1,157812E+3	2,625406E-1	1,157812E+3	2,669662E-1
1,159375E+3	2,536897E-1	1,159375E+3	2,587923E-1	1,159375E+3	2,552898E-1	1,159375E+3	2,622354E-1
1,160937E+3	2,499001E-1	1,160937E+3	2,546353E-1	1,160937E+3	2,563946E-1	1,160937E+3	2,637558E-1
1,162500E+3	2,519752E-1	1,162500E+3	2,567222E-1	1,162500E+3	2,529052E-1	1,162500E+3	2,597772E-1
1,164062E+3	2,475693E-1	1,164062E+3	2,534146E-1	1,164062E+3	2,511733E-1	1,164062E+3	2,517702E-1
1,165625E+3	2,502061E-1	1,165625E+3	2,480656E-1	1,165625E+3	2,497268E-1	1,165625E+3	2,511093E-1
1,167187E+3	2,549468E-1	1,167187E+3	2,456960E-1	1,167187E+3	2,510970E-1	1,167187E+3	2,503859E-1
1,168750E+3	2,522250E-1	1,168750E+3	2,484040E-1	1,168750E+3	2,475701E-1	1,168750E+3	2,444886E-1
1,170312E+3	2,509562E-1	1,170312E+3	2,476334E-1	1,170312E+3	2,461122E-1	1,170312E+3	2,495187E-1
1,171875E+3	2,463822E-1	1,171875E+3	2,429315E-1	1,171875E+3	2,449555E-1	1,171875E+3	2,462018E-1
1,173437E+3	2,380000E-1	1,173437E+3	2,410192E-1	1,173437E+3	2,430388E-1	1,173437E+3	2,423609E-1
1,175000E+3	2,472609E-1	1,175000E+3	2,386419E-1	1,175000E+3	2,372022E-1	1,175000E+3	2,436169E-1
1,176562E+3	2,383998E-1	1,176562E+3	2,350645E-1	1,176562E+3	2,358814E-1	1,176562E+3	2,411197E-1
1,178125E+3	2,350976E-1	1,178125E+3	2,366622E-1	1,178125E+3	2,381644E-1	1,178125E+3	2,438621E-1
1,179687E+3	2,342519E-1	1,179687E+3	2,367632E-1	1,179687E+3	2,367207E-1	1,179687E+3	2,408738E-1
1,181250E+3	2,365377E-1	1,181250E+3	2,345332E-1	1,181250E+3	2,365773E-1	1,181250E+3	2,387851E-1
1,182812E+3	2,362549E-1	1,182812E+3	2,327292E-1	1,182812E+3	2,358945E-1	1,182812E+3	2,377992E-1
1,184375E+3	2,309673E-1	1,184375E+3	2,291081E-1	1,184375E+3	2,376364E-1	1,184375E+3	2,365210E-1
1,185937E+3	2,308419E-1	1,185937E+3	2,314144E-1	1,185937E+3	2,333786E-1	1,185937E+3	2,348225E-1
1,187500E+3	2,257335E-1	1,187500E+3	2,304651E-1	1,187500E+3	2,314554E-1	1,187500E+3	2,388931E-1
1,189062E+3	2,343577E-1	1,189062E+3	2,313702E-1	1,189062E+3	2,360886E-1	1,189062E+3	2,334642E-1
1,190625E+3	2,309986E-1	1,190625E+3	2,280473E-1	1,190625E+3	2,265814E-1	1,190625E+3	2,383885E-1
1,192187E+3	2,332177E-1	1,192187E+3	2,277125E-1	1,192187E+3	2,243087E-1	1,192187E+3	2,313102E-1
1,193750E+3	2,316547E-1	1,193750E+3	2,289915E-1	1,193750E+3	2,232077E-1	1,193750E+3	2,277467E-1
1,195312E+3	2,308130E-1	1,195312E+3	2,283026E-1	1,195312E+3	2,204459E-1	1,195312E+3	2,250246E-1
1,196875E+3	2,244994E-1	1,196875E+3	2,267960E-1	1,196875E+3	2,220532E-1	1,196875E+3	2,282490E-1
1,198437E+3	2,228902E-1	1,198437E+3	2,267265E-1	1,198437E+3	2,232400E-1	1,198437E+3	2,290492E-1
1,200000E+3	2,209927E-1	1,200000E+3	2,254878E-1	1,200000E+3	2,212839E-1	1,200000E+3	2,264881E-1
1,201562E+3	2,209729E-1	1,201562E+3	2,247367E-1	1,201562E+3	2,207831E-1	1,201562E+3	2,245780E-1
1,203125E+3	2,228163E-1	1,203125E+3	2,186848E-1	1,203125E+3	2,207154E-1	1,203125E+3	2,244338E-1
1,204687E+3	2,256350E-1	1,204687E+3	2,170355E-1	1,204687E+3	2,160253E-1	1,204687E+3	2,234171E-1
1,206250E+3	2,193199E-1	1,206250E+3	2,170899E-1	1,206250E+3	2,161003E-1	1,206250E+3	2,262088E-1
1,207812E+3	2,180920E-1	1,207812E+3	2,166186E-1	1,207812E+3	2,175204E-1	1,207812E+3	2,239140E-1
1,209375E+3	2,136022E-1	1,209375E+3	2,135211E-1	1,209375E+3	2,147011E-1	1,209375E+3	2,213998E-1
1,210937E+3	2,148496E-1	1,210937E+3	2,122081E-1	1,210937E+3	2,160764E-1	1,210937E+3	2,200700E-1
1,212500E+3	2,141891E-1	1,212500E+3	2,111032E-1	1,212500E+3	2,164714E-1	1,212500E+3	2,180573E-1
1,214062E+3	2,158089E-1	1,214062E+3	2,167768E-1	1,214062E+3	2,145726E-1	1,214062E+3	2,165630E-1
1,215625E+3	2,177492E-1	1,215625E+3	2,182223E-1	1,215625E+3	2,137986E-1	1,215625E+3	2,179654E-1
1,217187E+3	2,109046E-1	1,217187E+3	2,136541E-1	1,217187E+3	2,144442E-1	1,217187E+3	2,181730E-1
1,218750E+3	2,100109E-1	1,218750E+3	2,149150E-1	1,218750E+3	2,154399E-1	1,218750E+3	2,165166E-1
1,220312E+3	2,141229E-1	1,220312E+3	2,103723E-1	1,220312E+3	2,122203E-1	1,220312E+3	2,169970E-1
1,221875E+3	2,143195E-1	1,221875E+3	2,111118E-1	1,221875E+3	2,133020E-1	1,221875E+3	2,123685E-1
1,223437E+3	2,083796E-1	1,223437E+3	2,107701E-1	1,223437E+3	2,133318E-1	1,223437E+3	2,119384E-1
1,225000E+3	2,097206E-1	1,225000E+3	2,067794E-1	1,225000E+3	2,090762E-1	1,225000E+3	2,123597E-1
1,226562E+3	2,157801E-1	1,226562E+3	2,067097E-1	1,226562E+3	2,130243E-1	1,226562E+3	2,094743E-1
1,228125E+3	2,151282E-1	1,228125E+3	2,067220E-1	1,228125E+3	2,094869E-1	1,228125E+3	2,157820E-1
1,229687E+3	2,098105E-1	1,229687E+3	2,080710E-1	1,229687E+3	2,038688E-1	1,229687E+3	2,136989E-1
1,231250E+3	2,063972E-1	1,231250E+3	2,074528E-1	1,231250E+3	2,071096E-1	1,231250E+3	2,128863E-1
1,232812E+3	2,048885E-1	1,232812E+3	2,057112E-1	1,232812E+3	2,052554E-1	1,232812E+3	2,083772E-1
1,234375E+3	2,053773E-1	1,234375E+3	2,046510E-1	1,234375E+3	2,043205E-1	1,234375E+3	2,113843E-1
1,235937E+3	2,043323E-1	1,235937E+3	2,044090E-1	1,235937E+3	2,041299E-1	1,235937E+3	2,131615E-1
1,237500E+3	2,076816E-1	1,237500E+3	2,045300E-1	1,237500E+3	2,049967E-1	1,237500E+3	2,091569E-1
1,239062E+3	2,018225E-1	1,239062E+3	2,022897E-1	1,239062E+3	2,052281E-1	1,239062E+3	2,100684E-1
1,240625E+3	1,989785E-1	1,240625E+3	2,042041E-1	1,240625E+3	2,038053E-1	1,240625E+3	2,103379E-1
1,242187E+3	2,029841E-1	1,242187E+3	2,019671E-1	1,242187E+3	2,054857E-1	1,242187E+3	2,084607E-1
1,243750E+3	2,016733E-1	1,243750E+3	2,029672E-1	1,243750E+3	2,032163E-1	1,243750E+3	2,087448E-1
1,245312E+3	2,034441E-1	1,245312E+3	2,018938E-1	1,245312E+3	2,061163E-1	1,245312E+3	2,086948E-1
1,246875E+3	2,032704E-1	1,246875E+3	2,026363E-1	1,246875E+3	2,043935E-1	1,246875E+3	2,052982E-1
1,248437E+3	2,014348E-1	1,248437E+3	2,016598E-1	1,248437E+3	2,046936E-1	1,248437E+3	2,064791E-1
1,250000E+3	2,023597E-1	1,250000E+3	2,001797E-1	1,250000E+3	2,041609E-1	1,250000E+3	2,076173E-1
1,251562E+3	2,065700E-1	1,251562E+3	2,014294E-1	1,251562E+3	2,016531E-1	1,251562E+3	2,092835E-1
1,253125E+3	2,023396E-1	1,253125E+3	1,994081E-1	1,253125E+3	1,987959E-1	1,253125E+3	2,030893E-1
1,254687E+3	2,009098E-1	1,254687E+3	2,003730E-1	1,254687E+3	2,016463E-1	1,254687E+3	2,015659E-1
1,256250E+3	2,013605E-1	1,256250E+3	2,000048E-1	1,256250E+3	2,032276E-1	1,256250E+3	2,054074E-1
1,257812E+3	2,066988E-1	1,257812E+3	2,036687E-1	1,257812E+3	2,022704E-1	1,257812E+3	2,068231E-1
1,259375E+3	2,019721E-1	1,259375E+3	2,033545E-1	1,259375E+3	2,049208E-1	1,259375E+3	2,032849E-1
1,260937E+3	1,997096E-1	1,260937E+3	2,018912E-1	1,260937E+3	1,990307E-1	1,260937E+3	2,043403E-1
1,262500E+3	1,984485E-1	1,262500E+3	1,999123E-1	1,262500E+3	1,982381E-1	1,262500E+3	2,061969E-1
1,264062E+3	2,094124E-1	1,264062E+3	2,019820E-1	1,264062E+3	2,008673E-1	1,264062E+3	2,040003E-1
1,265625E+3	2,116082E-1	1,265625E+3	1,986618E-1	1,265625E+3	2,006417E-1	1,265625E+3	2,030634E-1
1,267187E+3	2,053346E-1	1,267187E+3	2,041585E-1	1,267187E+3	1,987107E-1	1,267187E+3	2,013911E-1
1,268750E+3	1,995218E-1	1,268750E+3	2,010868E-1	1,268750E+3	1,970642E-1	1,268750E+3	2,011356E-1
1,270312E+3	2,037384E-1	1,270312E+3	1,954793E-1	1,270312E+3	1,995106E-1	1,270312E+3	2,034419E-1
1,271875E+3	2,040327E-1	1,271875E+3	1,994594E-1	1,271875E+3	1,986842E-1	1,271875E+3	2,017370E-1
1,273437E+3	2,023690E-1	1,273437E+3	2,014194E-1	1,273437E+3	1,999854E-1	1,273437E+3	2,059348E-1
1,275000E+3	1,952969E-1	1,275000E+3	1,933147E-1	1,275000E+3	2,002664E-1	1,275000E+3	2,067121E-1
1,276562E+3	1,969724E-1	1,276562E+3	1,982957E-1	1,276562E+3	2,003285E-1	1,276562E+3	2,072152E-1
1,278125E+3	2,041460E-1	1,278125E+3	2,009979E-1	1,278125E+3	1,985786E-1	1,278125E+3	2,034352E-1
1,279687E+3	2,024824E-1	1,279687E+3	2,019930E-1	1,279687E+3	1,996898E-1	1,279687E+3	2,024034E-1
1,281250E+3	1,998635E-1	1,281250E+3	2,044327E-1	1,281250E+3	2,043292E-1	1,281250E+3	2,037514E-1
1,282812E+3	1,987146E-1	1,282812E+3	1,985252E-1	1,282812E+3	2,053099E-1	1,282812E+3	2,036893E-1
1,284375E+3	2,052194E-1	1,284375E+3	1,961112E-1	1,284375E+3	2,024247E-1	1,284375E+3	2,018312E-1
1,285937E+3	2,030659E-1	1,285937E+3	1,967754E-1	1,285937E+3	2,014168E-1	1,285937E+3	2,016418E-1
1,287500E+3	2,062440E-1	1,287500E+3	2,061260E-1	1,287500E+3	1,981304E-1	1,287500E+3	2,065396E-1
1,289062E+3	1,979604E-1	1,289062E+3	2,060738E-1	1,289062E+3	2,009443E-1	1,289062E+3	2,074542E-1
1,290625E+3	1,930135E-1	1,290625E+3	2,028556E-1	1,290625E+3	2,028018E-1	1,290625E+3	2,063790E-1
1,292187E+3	1,981094E-1	1,292187E+3	2,038381E-1	1,292187E+3	2,047788E-1	1,292187E+3	2,059748E-1
1,293750E+3	2,087342E-1	1,293750E+3	2,028025E-1	1,293750E+3	2,032164E-1	1,293750E+3	2,059801E-1
1,295312E+3	2,045579E-1	1,295312E+3	2,035082E-1	1,295312E+3	2,000918E-1	1,295312E+3	2,055014E-1
1,296875E+3	1,998341E-1	1,296875E+3	2,039772E-1	1,296875E+3	2,029780E-1	1,296875E+3	2,085644E-1
1,298437E+3	2,041125E-1	1,298437E+3	2,037587E-1	1,298437E+3	2,040121E-1	1,298437E+3	2,042661E-1
1,300000E+3	2,007754E-1	1,300000E+3	2,021818E-1	1,300000E+3	2,024521E-1	1,300000E+3	2,040735E-1
1,301562E+3	2,017644E-1	1,301562E+3	2,015060E-1	1,301562E+3	2,057544E-1	1,301562E+3	2,010973E-1
1,303125E+3	2,073634E-1	1,303125E+3	2,041567E-1	1,303125E+3	2,070555E-1	1,303125E+3	2,046516E-1
1,304687E+3	2,046384E-1	1,304687E+3	2,003536E-1	1,304687E+3	2,060751E-1	1,304687E+3	2,076634E-1
1,306250E+3	2,052747E-1	1,306250E+3	2,036695E-1	1,306250E+3	2,073895E-1	1,306250E+3	2,074410E-1
1,307812E+3	2,041137E-1	1,307812E+3	2,039906E-1	1,307812E+3	2,027194E-1	1,307812E+3	2,048849E-1
1,309375E+3	1,983072E-1	1,309375E+3	2,041356E-1	1,309375E+3	2,063602E-1	1,309375E+3	2,085968E-1
1,310937E+3	2,043640E-1	1,310937E+3	2,051377E-1	1,310937E+3	2,085510E-1	1,310937E+3	2,068560E-1
1,312500E+3	2,063414E-1	1,312500E+3	2,075692E-1	1,312500E+3	2,067449E-1	1,312500E+3	2,043387E-1
1,314062E+3	2,034581E-1	1,314062E+3	2,080283E-1	1,314062E+3	2,049661E-1	1,314062E+3	2,062901E-1
1,315625E+3	2,118436E-1	1,315625E+3	2,069432E-1	1,315625E+3	2,073498E-1	1,315625E+3	2,116476E-1
1,317187E+3	2,073247E-1	1,317187E+3	2,084547E-1	1,317187E+3	2,089908E-1	1,317187E+3	2,151781E-1
1,318750E+3	2,064932E-1	1,318750E+3	2,103246E-1	1,318750E+3	2,084279E-1	1,318750E+3	2,133976E-1
1,320312E+3	2,110572E-1	1,320312E+3	2,074247E-1	1,320312E+3	2,027464E-1	1,320312E+3	2,114722E-1
1,321875E+3	2,177500E-1	1,321875E+3	2,088642E-1	1,321875E+3	2,104336E-1	1,321875E+3	2,105080E-1
1,323437E+3	2,106836E-1	1,323437E+3	2,063797E-1	1,323437E+3	2,070559E-1	1,323437E+3	2,123184E-1
1,325000E+3	2,113925E-1	1,325000E+3	2,040003E-1	1,325000E+3	2,092192E-1	1,325000E+3	2,142445E-1
1,326562E+3	2,070003E-1	1,326562E+3	2,090004E-1	1,326562E+3	2,113792E-1	1,326562E+3	2,111894E-1
1,328125E+3	2,066886E-1	1,328125E+3	2,111328E-1	1,328125E+3	2,087592E-1	1,328125E+3	2,106917E-1
1,329687E+3	2,122219E-1	1,329687E+3	2,136474E-1	1,329687E+3	2,131176E-1	1,329687E+3	2,127246E-1
1,331250E+3	2,151304E-1	1,331250E+3	2,121180E-1	1,331250E+3	2,126203E-1	1,331250E+3	2,152944E-1
1,332812E+3	2,181014E-1	1,332812E+3	2,084875E-1	1,332812E+3	2,135169E-1	1,332812E+3	2,172910E-1
1,334375E+3	2,150886E-1	1,334375E+3	2,154595E-1	1,334375E+3	2,150575E-1	1,334375E+3	2,199921E-1
1,335937E+3	2,110244E-1	1,335937E+3	2,135831E-1	1,335937E+3	2,131756E-1	1,335937E+3	2,149837E-1
1,337500E+3	2,141469E-1	1,337500E+3	2,118537E-1	1,337500E+3	2,182090E-1	1,337500E+3	2,160902E-1
1,339062E+3	2,085951E-1	1,339062E+3	2,145331E-1	1,339062E+3	2,165110E-1	1,339062E+3	2,162652E-1
1,340625E+3	2,137346E-1	1,340625E+3	2,135361E-1	1,340625E+3	2,181340E-1	1,340625E+3	2,163476E-1
1,342187E+3	2,166549E-1	1,342187E+3	2,141264E-1	1,342187E+3	2,174097E-1	1,342187E+3	2,167605E-1
1,343750E+3	2,172331E-1	1,343750E+3	2,174378E-1	1,343750E+3	2,149762E-1	1,343750E+3	2,163831E-1
1,345312E+3	2,123095E-1	1,345312E+3	2,138712E-1	1,345312E+3	2,178460E-1	1,345312E+3	2,213683E-1
1,346875E+3	2,152217E-1	1,346875E+3	2,178724E-1	1,346875E+3	2,146732E-1	1,346875E+3	2,232958E-1
1,348437E+3	2,153321E-1	1,348437E+3	2,190774E-1	1,348437E+3	2,180982E-1	1,348437E+3	2,240939E-1
1,350000E+3	2,238355E-1	1,350000E+3	2,232456E-1	1,350000E+3	2,159777E-1	1,350000E+3	2,221183E-1
1,351562E+3	2,277328E-1	1,351562E+3	2,226325E-1	1,351562E+3	2,178108E-1	1,351562E+3	2,229109E-1
1,353125E+3	2,246960E-1	1,353125E+3	2,207430E-1	1,353125E+3	2,225153E-1	1,353125E+3	2,228711E-1
1,354687E+3	2,258508E-1	1,354687E+3	2,247377E-1	1,354687E+3	2,205790E-1	1,354687E+3	2,252629E-1
1,356250E+3	2,279703E-1	1,356250E+3	2,263121E-1	1,356250E+3	2,239467E-1	1,356250E+3	2,289254E-1
1,357812E+3	2,266715E-1	1,357812E+3	2,271769E-1	1,357812E+3	2,192876E-1	1,357812E+3	2,285321E-1
1,359375E+3	2,225236E-1	1,359375E+3	2,268957E-1	1,359375E+3	2,267260E-1	1,359375E+3	2,225274E-1
1,360937E+3	2,222613E-1	1,360937E+3	2,272718E-1	1,360937E+3	2,259957E-1	1,360937E+3	2,286145E-1
1,362500E+3	2,247779E-1	1,362500E+3	2,324072E-1	1,362500E+3	2,237999E-1	1,362500E+3	2,306984E-1
1,364062E+3	2,331352E-1	1,364062E+3	2,302775E-1	1,364062E+3	2,254162E-1	1,364062E+3	2,327240E-1
1,365625E+3	2,283152E-1	1,365625E+3	2,273064E-1	1,365625E+3	2,281782E-1	1,365625E+3	2,305786E-1
1,367187E+3	2,210470E-1	1,367187E+3	2,260764E-1	1,367187E+3	2,338436E-1	1,367187E+3	2,368733E-1
1,368750E+3	2,394366E-1	1,368750E+3	2,269564E-1	1,368750E+3	2,331090E-1	1,368750E+3	2,356891E-1
1,370312E+3	2,303125E-1	1,370312E+3	2,345726E-1	1,370312E+3	2,321427E-1	1,370312E+3	2,382396E-1
1,371875E+3	2,239121E-1	1,371875E+3	2,348382E-1	1,371875E+3	2,335544E-1	1,371875E+3	2,413114E-1
1,373437E+3	2,340366E-1	1,373437E+3	2,362010E-1	1,373437E+3	2,307459E-1	1,373437E+3	2,423933E-1
1,375000E+3	2,373335E-1	1,375000E+3	2,331498E-1	1,375000E+3	2,303506E-1	1,375000E+3	2,404968E-1
1,376562E+3	2,326384E-1	1,376562E+3	2,331976E-1	1,376562E+3	2,344309E-1	1,376562E+3	2,424159E-1
1,378125E+3	2,374231E-1	1,378125E+3	2,329663E-1	1,378125E+3	2,383630E-1	1,378125E+3	2,431212E-1
1,379687E+3	2,384866E-1	1,379687E+3	2,379479E-1	1,379687E+3	2,379963E-1	1,379687E+3	2,382971E-1
1,381250E+3	2,384525E-1	1,381250E+3	2,407705E-1	1,381250E+3	2,395887E-1	1,381250E+3	2,443360E-1
1,382812E+3	2,413143E-1	1,382812E+3	2,404260E-1	1,382812E+3	2,450040E-1	1,382812E+3	2,483001E-1
1,384375E+3	2,355108E-1	1,384375E+3	2,435243E-1	1,384375E+3	2,425163E-1	1,384375E+3	2,476740E-1
1,385937E+3	2,346515E-1	1,385937E+3	2,413628E-1	1,385937E+3	2,465692E-1	1,385937E+3	2,454271E-1
1,387500E+3	2,370674E-1	1,387500E+3	2,442973E-1	1,387500E+3	2,478230E-1	1,387500E+3	2,505682E-1
1,389062E+3	2,501448E-1	1,389062E+3	2,464432E-1	1,389062E+3	2,482488E-1	1,389062E+3	2,519001E-1
1,390625E+3	2,444243E-1	1,390625E+3	2,488620E-1	1,390625E+3	2,475396E-1	1,390625E+3	2,536573E-1
1,392187E+3	2,446774E-1	1,392187E+3	2,515535E-1	1,392187E+3	2,535759E-1	1,392187E+3	2,563209E-1
1,393750E+3	2,504756E-1	1,393750E+3	2,523462E-1	1,393750E+3	2,563930E-1	1,393750E+3	2,579648E-1
1,395312E+3	2,403134E-1	1,395312E+3	2,566544E-1	1,395312E+3	2,528285E-1	1,395312E+3	2,589349E-1
1,396875E+3	2,519944E-1	1,396875E+3	2,546411E-1	1,396875E+3	2,524250E-1	1,396875E+3	2,547564E-1
1,398437E+3	2,563970E-1	1,398437E+3	2,562744E-1	1,398437E+3	2,587754E-1	1,398437E+3	2,615207E-1
1,400000E+3	2,464400E-1	1,400000E+3	2,635879E-1	1,400000E+3	2,613019E-1	1,400000E+3	2,595402E-1
1,401562E+3	2,775257E-1	1,401562E+3	2,595664E-1	1,401562E+3	2,617946E-1	1,401562E+3	2,595984E-1
1,403125E+3	2,761217E-1	1,403125E+3	2,596667E-1	1,403125E+3	2,680422E-1	1,403125E+3	2,612855E-1
1,404687E+3	2,629007E-1	1,404687E+3	2,621184E-1	1,404687E+3	2,687493E-1	1,404687E+3	2,673267E-1
1,406250E+3	2,574117E-1	1,406250E+3	2,671148E-1	1,406250E+3	2,645320E-1	1,406250E+3	2,729543E-1
1,407812E+3	2,706662E-1	1,407812E+3	2,661871E-1	1,407812E+3	2,662830E-1	1,407812E+3	2,730568E-1
1,409375E+3	2,727619E-1	1,409375E+3	2,679306E-1	1,409375E+3	2,656375E-1	1,409375E+3	2,757289E-1
1,410937E+3	2,587742E-1	1,410937E+3	2,708185E-1	1,410937E+3	2,684070E-1	1,410937E+3	2,761049E-1
1,412500E+3	2,550810E-1	1,412500E+3	2,699612E-1	1,412500E+3	2,724065E-1	1,412500E+3	2,798288E-1
1,414062E+3	2,691484E-1	1,414062E+3	2,694820E-1	1,414062E+3	2,751605E-1	1,414062E+3	2,789597E-1
1,415625E+3	2,722346E-1	1,415625E+3	2,777284E-1	1,415625E+3	2,752905E-1	1,415625E+3	2,819584E-1
1,417187E+3	2,699315E-1	1,417187E+3	2,768920E-1	1,417187E+3	2,785411E-1	1,417187E+3	2,823807E-1
1,418750E+3	2,729833E-1	1,418750E+3	2,817761E-1	1,418750E+3	2,814784E-1	1,418750E+3	2,852791E-1
1,420312E+3	2,753031E-1	1,420312E+3	2,835326E-1	1,420312E+3	2,851603E-1	1,420312E+3	2,877886E-1
1,421875E+3	2,662276E-1	1,421875E+3	2,860736E-1	1,421875E+3	2,878623E-1	1,421875E+3	2,898952E-1
1,423437E+3	2,807182E-1	1,423437E+3	2,967157E-1	1,423437E+3	2,882397E-1	1,423437E+3	2,899631E-1
1,425000E+3	2,855843E-1	1,425000E+3	2,895571E-1	1,425000E+3	2,928607E-1	1,425000E+3	2,862582E-1
1,426562E+3	2,849415E-1	1,426562E+3	2,927322E-1	1,426562E+3	2,930423E-1	1,426562E+3	2,922715E-1
1,428125E+3	2,899158E-1	1,428125E+3	2,926514E-1	1,428125E+3	2,936814E-1	1,428125E+3	2,990014E-1
1,429687E+3	2,973906E-1	1,429687E+3	2,915115E-1	1,429687E+3	2,951992E-1	1,429687E+3	3,045320E-1
1,431250E+3	2,925123E-1	1,431250E+3	2,993656E-1	1,431250E+3	2,992902E-1	1,431250E+3	3,023686E-1
1,432812E+3	2,944687E-1	1,432812E+3	2,956818E-1	1,432812E+3	3,026661E-1	1,432812E+3	3,041435E-1
1,434375E+3	3,156325E-1	1,434375E+3	3,056696E-1	1,434375E+3	3,046237E-1	1,434375E+3	3,075184E-1
1,435937E+3	3,131558E-1	1,435937E+3	3,041151E-1	1,435937E+3	3,072648E-1	1,435937E+3	3,164990E-1
1,437500E+3	3,206682E-1	1,437500E+3	3,001935E-1	1,437500E+3	3,147327E-1	1,437500E+3	3,171550E-1
1,439062E+3	3,239113E-1	1,439062E+3	3,069360E-1	1,439062E+3	3,170921E-1	1,439062E+3	3,177378E-1
1,440625E+3	3,116551E-1	1,440625E+3	3,159753E-1	1,440625E+3	3,134665E-1	1,440625E+3	3,218968E-1
1,442187E+3	3,205714E-1	1,442187E+3	3,228659E-1	1,442187E+3	3,197481E-1	1,442187E+3	3,211721E-1
1,443750E+3	3,227717E-1	1,443750E+3	3,233352E-1	1,443750E+3	3,206045E-1	1,443750E+3	3,212804E-1
1,445312E+3	3,177110E-1	1,445312E+3	3,292057E-1	1,445312E+3	3,269958E-1	1,445312E+3	3,263214E-1
1,446875E+3	3,197485E-1	1,446875E+3	3,308240E-1	1,446875E+3	3,269271E-1	1,446875E+3	3,362361E-1
1,448437E+3	3,311098E-1	1,448437E+3	3,316031E-1	1,448437E+3	3,296683E-1	1,448437E+3	3,388241E-1
1,450000E+3	3,474128E-1	1,450000E+3	3,389956E-1	1,450000E+3	3,381278E-1	1,450000E+3	3,379068E-1
1,451562E+3	3,487022E-1	1,451562E+3	3,446398E-1	1,451562E+3	3,395784E-1	1,451562E+3	3,407925E-1
1,453125E+3	3,377272E-1	1,453125E+3	3,408627E-1	1,453125E+3	3,419585E-1	1,453125E+3	3,472849E-1
1,454687E+3	3,361832E-1	1,454687E+3	3,451952E-1	1,454687E+3	3,411415E-1	1,454687E+3	3,391539E-1
1,456250E+3	3,355666E-1	1,456250E+3	3,462799E-1	1,456250E+3	3,506411E-1	1,456250E+3	3,467665E-1
1,457812E+3	3,466790E-1	1,457812E+3	3,459284E-1	1,457812E+3	3,564362E-1	1,457812E+3	3,541092E-1
1,459375E+3	3,694047E-1	1,459375E+3	3,540389E-1	1,459375E+3	3,610858E-1	1,459375E+3	3,679300E-1
1,460937E+3	3,596015E-1	1,460937E+3	3,571098E-1	1,460937E+3	3,640864E-1	1,460937E+3	3,712757E-1
1,462500E+3	3,659227E-1	1,462500E+3	3,574959E-1	1,462500E+3	3,666432E-1	1,462500E+3	3,701758E-1
1,464062E+3	3,642056E-1	1,464062E+3	3,665990E-1	1,464062E+3	3,698888E-1	1,464062E+3	3,757311E-1
1,465625E+3	3,620511E-1	1,465625E+3	3,731037E-1	1,465625E+3	3,764287E-1	1,465625E+3	3,798179E-1
1,467187E+3	3,732582E-1	1,467187E+3	3,777241E-1	1,467187E+3	3,779795E-1	1,467187E+3	3,838450E-1
1,468750E+3	3,846522E-1	1,468750E+3	3,840195E-1	1,468750E+3	3,796675E-1	1,468750E+3	3,864698E-1
1,470312E+3	3,900255E-1	1,470312E+3	3,886659E-1	1,470312E+3	3,893438E-1	1,470312E+3	3,925968E-1
1,471875E+3	3,942125E-1	1,471875E+3	3,925673E-1	1,471875E+3	3,942104E-1	1,471875E+3	3,998944E-1
1,473437E+3	3,871659E-1	1,473437E+3	3,870716E-1	1,473437E+3	3,971046E-1	1,473437E+3	4,056269E-1
1,475000E+3	3,961214E-1	1,475000E+3	3,925020E-1	1,475000E+3	3,972187E-1	1,475000E+3	4,032634E-1
1,476562E+3	3,979173E-1	1,476562E+3	4,049113E-1	1,476562E+3	4,053398E-1	1,476562E+3	4,073700E-1
1,478125E+3	4,098613E-1	1,478125E+3	4,109519E-1	1,478125E+3	4,114706E-1	1,478125E+3	4,184407E-1
1,479687E+3	4,073080E-1	1,479687E+3	4,178233E-1	1,479687E+3	4,148327E-1	1,479687E+3	4,241525E-1
1,481250E+3	4,163503E-1	1,481250E+3	4,225816E-1	1,481250E+3	4,154029E-1	1,481250E+3	4,239352E-1
1,482812E+3	4,237585E-1	1,482812E+3	4,202669E-1	1,482812E+3	4,230754E-1	1,482812E+3	4,277878E-1
1,484375E+3	4,241940E-1	1,484375E+3	4,258354E-1	1,484375E+3	4,263396E-1	1,484375E+3	4,326046E-1
1,485937E+3	4,404515E-1	1,485937E+3	4,330110E-1	1,485937E+3	4,318327E-1	1,485937E+3	4,352074E-1
1,487500E+3	4,402438E-1	1,487500E+3	4,400281E-1	1,487500E+3	4,413883E-1	1,487500E+3	4,415150E-1
1,489062E+3	4,480378E-1	1,489062E+3	4,464578E-1	1,489062E+3	4,472043E-1	1,489062E+3	4,478438E-1
1,490625E+3	4,530438E-1	1,490625E+3	4,504378E-1	1,490625E+3	4,536913E-1	1,490625E+3	4,549742E-1
1,492187E+3	4,593533E-1	1,492187E+3	4,524161E-1	1,492187E+3	4,578462E-1	1,492187E+3	4,639383E-1
1,493750E+3	4,662691E-1	1,493750E+3	4,590569E-1	1,493750E+3	4,616588E-1	1,493750E+3	4,673039E-1
1,495312E+3	4,663307E-1	1,495312E+3	4,688520E-1	1,495312E+3	4,689483E-1	1,495312E+3	4,756157E-1
1,496875E+3	4,741846E-1	1,496875E+3	4,751892E-1	1,496875E+3	4,758927E-1	1,496875E+3	4,798192E-1
1,498437E+3	4,816913E-1	1,498437E+3	4,880648E-1	1,498437E+3	4,813448E-1	1,498437E+3	4,801428E-1
1,500000E+3	4,835293E-1	1,500000E+3	4,858754E-1	1,500000E+3	4,917222E-1	1,500000E+3	4,929082E-1
1,501562E+3	4,875628E-1	1,501562E+3	4,884707E-1	1,501562E+3	4,928285E-1	1,501562E+3	5,005303E-1
1,503125E+3	5,039302E-1	1,503125E+3	5,029894E-1	1,503125E+3	4,991544E-1	1,503125E+3	5,043790E-1
1,504687E+3	5,012911E-1	1,504687E+3	5,045297E-1	1,504687E+3	5,095052E-1	1,504687E+3	5,132735E-1
1,506250E+3	5,100545E-1	1,506250E+3	5,158719E-1	1,506250E+3	5,182371E-1	1,506250E+3	5,188590E-1
1,507812E+3	5,209591E-1	1,507812E+3	5,222179E-1	1,507812E+3	5,205789E-1	1,507812E+3	5,267793E-1
1,509375E+3	5,268505E-1	1,509375E+3	5,266607E-1	1,509375E+3	5,312575E-1	1,509375E+3	5,371739E-1
1,510937E+3	5,338828E-1	1,510937E+3	5,336958E-1	1,510937E+3	5,347906E-1	1,510937E+3	5,427986E-1
1,512500E+3	5,430899E-1	1,512500E+3	5,433809E-1	1,512500E+3	5,411814E-1	1,512500E+3	5,542804E-1
1,514062E+3	5,493281E-1	1,514062E+3	5,522627E-1	1,514062E+3	5,484204E-1	1,514062E+3	5,595438E-1
1,515625E+3	5,546514E-1	1,515625E+3	5,595614E-1	1,515625E+3	5,584467E-1	1,515625E+3	5,647959E-1
1,517187E+3	5,621123E-1	1,517187E+3	5,662282E-1	1,517187E+3	5,673260E-1	1,517187E+3	5,723172E-1
1,518750E+3	5,695434E-1	1,518750E+3	5,712243E-1	1,518750E+3	5,733648E-1	1,518750E+3	5,801104E-1
1,520312E+3	5,796224E-1	1,520312E+3	5,821208E-1	1,520312E+3	5,831241E-1	1,520312E+3	5,877597E-1
1,521875E+3	5,923654E-1	1,521875E+3	5,876010E-1	1,521875E+3	5,905730E-1	1,521875E+3	5,965928E-1
1,523437E+3	5,918314E-1	1,523437E+3	5,935834E-1	1,523437E+3	5,984900E-1	1,523437E+3	6,021857E-1
1,525000E+3	6,029198E-1	1,525000E+3	6,075539E-1	1,525000E+3	6,060490E-1	1,525000E+3	6,138318E-1
1,526562E+3	6,102138E-1	1,526562E+3	6,135090E-1	1,526562E+3	6,151021E-1	1,526562E+3	6,205953E-1
1,528125E+3	6,204208E-1	1,528125E+3	6,194311E-1	1,528125E+3	6,263396E-1	1,528125E+3	6,275327E-1
1,529687E+3	6,280241E-1	1,529687E+3	6,307179E-1	1,529687E+3	6,332439E-1	1,529687E+3	6,440957E-1
1,531250E+3	6,342819E-1	1,531250E+3	6,350640E-1	1,531250E+3	6,392904E-1	1,531250E+3	6,467039E-1
1,532812E+3	6,426442E-1	1,532812E+3	6,435058E-1	1,532812E+3	6,480401E-1	1,532812E+3	6,541696E-1
1,534375E+3	6,534593E-1	1,534375E+3	6,553296E-1	1,534375E+3	6,562605E-1	1,534375E+3	6,596676E-1
1,535937E+3	6,643156E-1	1,535937E+3	6,650000E-1	1,535937E+3	6,684850E-1	1,535937E+3	6,687908E-1
1,537500E+3	6,735200E-1	1,537500E+3	6,714322E-1	1,537500E+3	6,764564E-1	1,537500E+3	6,802824E-1
1,539062E+3	6,784088E-1	1,539062E+3	6,827028E-1	1,539062E+3	6,856537E-1	1,539062E+3	6,908620E-1
1,540625E+3	6,910797E-1	1,540625E+3	6,925519E-1	1,540625E+3	6,949695E-1	1,540625E+3	6,977098E-1
1,542187E+3	6,957128E-1	1,542187E+3	7,025772E-1	1,542187E+3	7,022477E-1	1,542187E+3	7,058876E-1
1,543750E+3	7,059901E-1	1,543750E+3	7,070872E-1	1,543750E+3	7,089431E-1	1,543750E+3	7,186008E-1
1,545312E+3	7,169381E-1	1,545312E+3	7,154634E-1	1,545312E+3	7,169789E-1	1,545312E+3	7,250962E-1
1,546875E+3	7,199105E-1	1,546875E+3	7,240404E-1	1,546875E+3	7,235281E-1	1,546875E+3	7,331108E-1
1,548437E+3	7,300453E-1	1,548437E+3	7,309563E-1	1,548437E+3	7,348597E-1	1,548437E+3	7,405044E-1
1,550000E+3	7,385042E-1	1,550000E+3	7,397564E-1	1,550000E+3	7,465887E-1	1,550000E+3	7,507846E-1
1,551562E+3	7,490295E-1	1,551562E+3	7,507795E-1	1,551562E+3	7,566994E-1	1,551562E+3	7,557642E-1
1,553125E+3	7,565886E-1	1,553125E+3	7,594964E-1	1,553125E+3	7,616332E-1	1,553125E+3	7,682860E-1
1,554687E+3	7,668913E-1	1,554687E+3	7,702667E-1	1,554687E+3	7,694092E-1	1,554687E+3	7,775478E-1
1,556250E+3	7,750104E-1	1,556250E+3	7,763809E-1	1,556250E+3	7,776276E-1	1,556250E+3	7,847416E-1
1,557812E+3	7,828039E-1	1,557812E+3	7,859729E-1	1,557812E+3	7,852188E-1	1,557812E+3	7,919470E-1
1,559375E+3	7,901844E-1	1,559375E+3	7,936659E-1	1,559375E+3	7,956491E-1	1,559375E+3	7,992359E-1
1,560937E+3	7,939359E-1	1,560937E+3	7,965583E-1	1,560937E+3	8,029012E-1	1,560937E+3	8,075787E-1
1,562500E+3	8,055213E-1	1,562500E+3	8,060522E-1	1,562500E+3	8,104390E-1	1,562500E+3	8,142693E-1
1,564062E+3	8,132407E-1	1,564062E+3	8,149820E-1	1,564062E+3	8,178952E-1	1,564062E+3	8,251987E-1
1,565625E+3	8,244606E-1	1,565625E+3	8,233617E-1	1,565625E+3	8,269115E-1	1,565625E+3	8,316267E-1
1,567187E+3	8,277933E-1	1,567187E+3	8,318035E-1	1,567187E+3	8,325521E-1	1,567187E+3	8,384048E-1
1,568750E+3	8,326599E-1	1,568750E+3	8,382973E-1	1,568750E+3	8,386328E-1	1,568750E+3	8,435959E-1
1,570312E+3	8,416504E-1	1,570312E+3	8,432280E-1	1,570312E+3	8,457487E-1	1,570312E+3	8,533446E-1
1,571875E+3	8,506190E-1	1,571875E+3	8,502528E-1	1,571875E+3	8,534416E-1	1,571875E+3	8,548251E-1
1,573437E+3	8,541461E-1	1,573437E+3	8,573727E-1	1,573437E+3	8,592260E-1	1,573437E+3	8,606795E-1
1,575000E+3	8,600792E-1	1,575000E+3	8,625963E-1	1,575000E+3	8,664396E-1	1,575000E+3	8,684981E-1
1,576562E+3	8,683272E-1	1,576562E+3	8,686750E-1	1,576562E+3	8,709856E-1	1,576562E+3	8,746727E-1
1,578125E+3	8,732098E-1	1,578125E+3	8,736331E-1	1,578125E+3	8,769481E-1	1,578125E+3	8,801884E-1
1,579687E+3	8,780881E-1	1,579687E+3	8,793599E-1	1,579687E+3	8,803987E-1	1,579687E+3	8,857205E-1
1,581250E+3	8,811360E-1	1,581250E+3	8,839345E-1	1,581250E+3	8,863286E-1	1,581250E+3	8,878784E-1
1,582812E+3	8,885180E-1	1,582812E+3	8,882556E-1	1,582812E+3	8,875599E-1	1,582812E+3	8,921912E-1
1,584375E+3	8,908806E-1	1,584375E+3	8,920439E-1	1,584375E+3	8,923653E-1	1,584375E+3	8,977071E-1
1,585937E+3	8,918239E-1	1,585937E+3	8,935217E-1	1,585937E+3	8,969338E-1	1,585937E+3	9,004029E-1
1,587500E+3	8,992610E-1	1,587500E+3	8,989547E-1	1,587500E+3	8,999796E-1	1,587500E+3	9,032629E-1
1,589062E+3	9,005621E-1	1,589062E+3	9,007326E-1	1,589062E+3	9,032253E-1	1,589062E+3	9,063370E-1
1,590625E+3	9,028100E-1	1,590625E+3	9,036270E-1	1,590625E+3	9,061071E-1	1,590625E+3	9,076025E-1
1,592187E+3	9,045210E-1	1,592187E+3	9,061382E-1	1,592187E+3	9,061599E-1	1,592187E+3	9,089171E-1
1,593750E+3	9,062386E-1	1,593750E+3	9,071809E-1	1,593750E+3	9,072013E-1	1,593750E+3	9,116211E-1
1,595312E+3	9,066243E-1	1,595312E+3	9,065322E-1	1,595312E+3	9,092499E-1	1,595312E+3	9,145111E-1
1,596875E+3	9,087131E-1	1,596875E+3	9,085914E-1	1,596875E+3	9,080722E-1	1,596875E+3	9,146587E-1
1,598437E+3	9,071400E-1	1,598437E+3	9,094430E-1	1,598437E+3	9,092031E-1	1,598437E+3	9,146235E-1
1,600000E+3	9,070600E-1	1,600000E+3	9,088806E-1	1,600000E+3	9,100913E-1	1,600000E+3	9,138356E-1
1,601562E+3	9,078633E-1	1,601562E+3	9,096261E-1	1,601562E+3	9,088667E-1	1,601562E+3	9,115294E-1
1,603125E+3	9,059136E-1	1,603125E+3	9,063137E-1	1,603125E+3	9,063813E-1	1,603125E+3	9,096379E-1
1,604687E+3	9,036734E-1	1,604687E+3	9,050342E-1	1,604687E+3	9,049378E-1	1,604687E+3	9,076583E-1
1,606250E+3	9,047953E-1	1,606250E+3	9,044296E-1	1,606250E+3	9,036291E-1	1,606250E+3	9,085968E-1
1,607812E+3	9,000287E-1	1,607812E+3	8,996445E-1	1,607812E+3	9,007022E-1	1,607812E+3	9,058981E-1
1,609375E+3	8,968667E-1	1,609375E+3	8,969964E-1	1,609375E+3	8,981261E-1	1,609375E+3	9,027503E-1
1,610937E+3	8,958755E-1	1,610937E+3	8,952359E-1	1,610937E+3	8,931328E-1	1,610937E+3	9,008343E-1
1,612500E+3	8,931552E-1	1,612500E+3	8,899299E-1	1,612500E+3	8,919325E-1	1,612500E+3	8,962104E-1
1,614062E+3	8,902339E-1	1,614062E+3	8,857035E-1	1,614062E+3	8,879454E-1	1,614062E+3	8,923838E-1
1,615625E+3	8,848387E-1	1,615625E+3	8,829322E-1	1,615625E+3	8,828859E-1	1,615625E+3	8,884888E-1
1,617187E+3	8,754187E-1	1,617187E+3	8,791944E-1	1,617187E+3	8,775039E-1	1,617187E+3	8,845167E-1
1,618750E+3	8,732267E-1	1,618750E+3	8,714268E-1	1,618750E+3	8,720179E-1	1,618750E+3	8,763536E-1
1,620312E+3	8,714183E-1	1,620312E+3	8,685116E-1	1,620312E+3	8,676360E-1	1,620312E+3	8,724042E-1
1,621875E+3	8,680558E-1	1,621875E+3	8,662546E-1	1,621875E+3	8,628224E-1	1,621875E+3	8,689883E-1
1,623437E+3	8,576080E-1	1,623437E+3	8,569330E-1	1,623437E+3	8,562267E-1	1,623437E+3	8,614961E-1
1,625000E+3	8,503325E-1	1,625000E+3	8,512915E-1	1,625000E+3	8,510512E-1	1,625000E+3	8,565262E-1
1,626562E+3	8,461468E-1	1,626562E+3	8,451431E-1	1,626562E+3	8,432305E-1	1,626562E+3	8,503848E-1
1,628125E+3	8,397712E-1	1,628125E+3	8,373935E-1	1,628125E+3	8,362015E-1	1,628125E+3	8,431180E-1
1,629687E+3	8,330874E-1	1,629687E+3	8,307112E-1	1,629687E+3	8,296486E-1	1,629687E+3	8,376688E-1
1,631250E+3	8,265517E-1	1,631250E+3	8,210890E-1	1,631250E+3	8,243734E-1	1,631250E+3	8,318886E-1
1,632812E+3	8,216171E-1	1,632812E+3	8,157131E-1	1,632812E+3	8,181040E-1	1,632812E+3	8,227732E-1
1,634375E+3	8,131613E-1	1,634375E+3	8,093543E-1	1,634375E+3	8,099118E-1	1,634375E+3	8,152797E-1
1,635937E+3	8,073888E-1	1,635937E+3	8,040486E-1	1,635937E+3	8,039735E-1	1,635937E+3	8,081824E-1
1,637500E+3	7,976994E-1	1,637500E+3	7,954522E-1	1,637500E+3	7,940729E-1	1,637500E+3	7,990422E-1
1,639062E+3	7,874597E-1	1,639062E+3	7,873929E-1	1,639062E+3	7,882457E-1	1,639062E+3	7,928765E-1
1,640625E+3	7,807918E-1	1,640625E+3	7,786414E-1	1,640625E+3	7,805640E-1	1,640625E+3	7,846490E-1
1,642187E+3	7,744892E-1	1,642187E+3	7,698315E-1	1,642187E+3	7,704590E-1	1,642187E+3	7,773090E-1
1,643750E+3	7,671652E-1	1,643750E+3	7,622110E-1	1,643750E+3	7,649698E-1	1,643750E+3	7,676113E-1
1,645312E+3	7,543866E-1	1,645312E+3	7,526695E-1	1,645312E+3	7,582301E-1	1,645312E+3	7,592694E-1
1,646875E+3	7,467930E-1	1,646875E+3	7,474041E-1	1,646875E+3	7,471672E-1	1,646875E+3	7,517316E-1
1,648437E+3	7,429058E-1	1,648437E+3	7,382083E-1	1,648437E+3	7,384812E-1	1,648437E+3	7,457756E-1
1,650000E+3	7,332739E-1	1,650000E+3	7,333457E-1	1,650000E+3	7,262406E-1	1,650000E+3	7,377823E-1
1,651562E+3	7,257873E-1	1,651562E+3	7,243477E-1	1,651562E+3	7,221528E-1	1,651562E+3	7,347714E-1
1,653125E+3	7,218893E-1	1,653125E+3	7,156332E-1	1,653125E+3	7,153038E-1	1,653125E+3	7,205518E-1
1,654687E+3	7,126914E-1	1,654687E+3	7,060880E-1	1,654687E+3	7,077866E-1	1,654687E+3	7,113466E-1
1,656250E+3	6,955067E-1	1,656250E+3	6,977025E-1	1,656250E+3	6,954232E-1	1,656250E+3	7,036442E-1
1,657812E+3	6,900725E-1	1,657812E+3	6,895543E-1	1,657812E+3	6,876418E-1	1,657812E+3	6,959226E-1
1,659375E+3	6,868896E-1	1,659375E+3	6,809254E-1	1,659375E+3	6,826817E-1	1,659375E+3	6,877533E-1
1,660937E+3	6,749040E-1	1,660937E+3	6,735184E-1	1,660937E+3	6,732541E-1	1,660937E+3	6,803001E-1
1,662500E+3	6,686504E-1	1,662500E+3	6,640556E-1	1,662500E+3	6,628483E-1	1,662500E+3	6,734875E-1
1,664062E+3	6,632175E-1	1,664062E+3	6,568670E-1	1,664062E+3	6,566295E-1	1,664062E+3	6,618595E-1
1,665625E+3	6,562308E-1	1,665625E+3	6,503557E-1	1,665625E+3	6,486308E-1	1,665625E+3	6,570720E-1
1,667187E+3	6,411951E-1	1,667187E+3	6,410882E-1	1,667187E+3	6,419491E-1	1,667187E+3	6,514128E-1
1,668750E+3	6,329580E-1	1,668750E+3	6,333737E-1	1,668750E+3	6,323076E-1	1,668750E+3	6,406629E-1
1,670312E+3	6,322166E-1	1,670312E+3	6,254953E-1	1,670312E+3	6,262291E-1	1,670312E+3	6,302793E-1
1,671875E+3	6,204937E-1	1,671875E+3	6,194382E-1	1,671875E+3	6,196155E-1	1,671875E+3	6,251612E-1
1,673437E+3	6,110715E-1	1,673437E+3	6,131049E-1	1,673437E+3	6,123487E-1	1,673437E+3	6,177067E-1
1,675000E+3	6,108413E-1	1,675000E+3	6,053209E-1	1,675000E+3	6,042197E-1	1,675000E+3	6,068942E-1
1,676562E+3	6,016363E-1	1,676562E+3	5,980929E-1	1,676562E+3	5,950978E-1	1,676562E+3	5,993095E-1
1,678125E+3	5,909528E-1	1,678125E+3	5,900986E-1	1,678125E+3	5,857162E-1	1,678125E+3	5,939827E-1
1,679687E+3	5,829794E-1	1,679687E+3	5,835784E-1	1,679687E+3	5,802526E-1	1,679687E+3	5,865402E-1
1,681250E+3	5,770632E-1	1,681250E+3	5,720467E-1	1,681250E+3	5,730051E-1	1,681250E+3	5,814832E-1
1,682812E+3	5,701834E-1	1,682812E+3	5,700163E-1	1,682812E+3	5,661366E-1	1,682812E+3	5,738355E-1
1,684375E+3	5,636814E-1	1,684375E+3	5,613443E-1	1,684375E+3	5,598871E-1	1,684375E+3	5,658908E-1
1,685937E+3	5,578840E-1	1,685937E+3	5,549850E-1	1,685937E+3	5,533768E-1	1,685937E+3	5,588422E-1
1,687500E+3	5,508692E-1	1,687500E+3	5,487574E-1	1,687500E+3	5,471163E-1	1,687500E+3	5,531347E-1
1,689062E+3	5,442586E-1	1,689062E+3	5,440123E-1	1,689062E+3	5,417533E-1	1,689062E+3	5,478533E-1
1,690625E+3	5,368683E-1	1,690625E+3	5,351751E-1	1,690625E+3	5,315195E-1	1,690625E+3	5,406437E-1
1,692187E+3	5,307339E-1	1,692187E+3	5,281240E-1	1,692187E+3	5,213602E-1	1,692187E+3	5,319153E-1
1,693750E+3	5,309320E-1	1,693750E+3	5,202708E-1	1,693750E+3	5,205494E-1	1,693750E+3	5,235763E-1
1,695312E+3	5,213008E-1	1,695312E+3	5,135247E-1	1,695312E+3	5,146208E-1	1,695312E+3	5,180509E-1
1,696875E+3	5,161537E-1	1,696875E+3	5,048310E-1	1,696875E+3	5,047250E-1	1,696875E+3	5,120699E-1
1,698437E+3	5,100401E-1	1,698437E+3	5,006342E-1	1,698437E+3	4,954707E-1	1,698437E+3	5,040485E-1
1,700000E+3	4,974607E-1	1,700000E+3	4,967315E-1	1,700000E+3	4,936356E-1	1,700000E+3	4,993484E-1
1,701562E+3	4,952692E-1	1,701562E+3	4,920937E-1	1,701562E+3	4,890177E-1	1,701562E+3	4,947787E-1
1,703125E+3	4,853364E-1	1,703125E+3	4,786106E-1	1,703125E+3	4,811466E-1	1,703125E+3	4,920852E-1
1,704687E+3	4,779126E-1	1,704687E+3	4,813961E-1	1,704687E+3	4,811899E-1	1,704687E+3	4,851953E-1
1,706250E+3	4,696461E-1	1,706250E+3	4,786097E-1	1,706250E+3	4,781166E-1	1,706250E+3	4,751073E-1
1,707812E+3	4,690488E-1	1,707812E+3	4,679464E-1	1,707812E+3	4,692382E-1	1,707812E+3	4,734153E-1
1,709375E+3	4,628070E-1	1,709375E+3	4,595743E-1	1,709375E+3	4,627123E-1	1,709375E+3	4,676312E-1
1,710937E+3	4,617321E-1	1,710937E+3	4,583260E-1	1,710937E+3	4,617605E-1	1,710937E+3	4,657213E-1
1,712500E+3	4,542489E-1	1,712500E+3	4,524815E-1	1,712500E+3	4,526068E-1	1,712500E+3	4,626269E-1
1,714062E+3	4,503845E-1	1,714062E+3	4,489561E-1	1,714062E+3	4,492072E-1	1,714062E+3	4,565377E-1
1,715625E+3	4,488862E-1	1,715625E+3	4,428998E-1	1,715625E+3	4,472380E-1	1,715625E+3	4,504538E-1
1,717187E+3	4,418997E-1	1,717187E+3	4,376150E-1	1,717187E+3	4,395385E-1	1,717187E+3	4,487726E-1
1,718750E+3	4,354407E-1	1,718750E+3	4,337328E-1	1,718750E+3	4,292994E-1	1,718750E+3	4,368129E-1
1,720312E+3	4,284845E-1	1,720312E+3	4,324301E-1	1,720312E+3	4,255510E-1	1,720312E+3	4,325061E-1
1,721875E+3	4,240254E-1	1,721875E+3	4,312508E-1	1,721875E+3	4,237324E-1	1,721875E+3	4,301537E-1
1,723437E+3	4,232128E-1	1,723437E+3	4,215434E-1	1,723437E+3	4,196693E-1	1,723437E+3	4,302004E-1
1,725000E+3	4,183254E-1	1,725000E+3	4,129234E-1	1,725000E+3	4,162945E-1	1,725000E+3	4,233537E-1
1,726562E+3	4,093887E-1	1,726562E+3	4,123988E-1	1,726562E+3	4,131671E-1	1,726562E+3	4,170059E-1
1,728125E+3	4,102198E-1	1,728125E+3	4,109251E-1	1,728125E+3	4,113076E-1	1,728125E+3	4,123265E-1
1,729687E+3	4,035257E-1	1,729687E+3	4,038173E-1	1,729687E+3	4,049064E-1	1,729687E+3	4,081519E-1
1,731250E+3	4,010027E-1	1,731250E+3	4,000322E-1	1,731250E+3	3,990225E-1	1,731250E+3	4,047683E-1
1,732812E+3	3,945995E-1	1,732812E+3	3,932751E-1	1,732812E+3	3,941576E-1	1,732812E+3	4,009869E-1
1,734375E+3	3,962475E-1	1,734375E+3	3,888727E-1	1,734375E+3	3,961308E-1	1,734375E+3	3,997063E-1
1,735937E+3	3,961419E-1	1,735937E+3	3,903596E-1	1,735937E+3	3,899034E-1	1,735937E+3	3,964586E-1
1,737500E+3	3,881452E-1	1,737500E+3	3,833658E-1	1,737500E+3	3,823516E-1	1,737500E+3	3,971760E-1
1,739062E+3	3,848787E-1	1,739062E+3	3,828961E-1	1,739062E+3	3,827951E-1	1,739062E+3	3,875917E-1
1,740625E+3	3,848993E-1	1,740625E+3	3,812970E-1	1,740625E+3	3,832121E-1	1,740625E+3	3,805603E-1
1,742187E+3	3,759477E-1	1,742187E+3	3,822467E-1	1,742187E+3	3,804853E-1	1,742187E+3	3,805917E-1
1,743750E+3	3,796177E-1	1,743750E+3	3,714612E-1	1,743750E+3	3,735015E-1	1,743750E+3	3,741272E-1
1,745312E+3	3,737305E-1	1,745312E+3	3,700006E-1	1,745312E+3	3,732076E-1	1,745312E+3	3,740464E-1
1,746875E+3	3,699212E-1	1,746875E+3	3,651731E-1	1,746875E+3	3,689168E-1	1,746875E+3	3,789781E-1
1,748437E+3	3,669150E-1	1,748437E+3	3,623243E-1	1,748437E+3	3,654382E-1	1,748437E+3	3,707984E-1
1,750000E+3	3,613264E-1	1,750000E+3	3,605937E-1	1,750000E+3	3,607502E-1	1,750000E+3	3,631583E-1
1,751562E+3	3,624323E-1	1,751562E+3	3,606022E-1	1,751562E+3	3,600360E-1	1,751562E+3	3,570827E-1
1,753125E+3	3,562893E-1	1,753125E+3	3,560023E-1	1,753125E+3	3,577897E-1	1,753125E+3	3,582410E-1
1,754687E+3	3,556532E-1	1,754687E+3	3,529078E-1	1,754687E+3	3,537751E-1	1,754687E+3	3,547561E-1
1,756250E+3	3,545757E-1	1,756250E+3	3,450213E-1	1,756250E+3	3,516764E-1	1,756250E+3	3,514507E-1
1,757812E+3	3,533754E-1	1,757812E+3	3,430442E-1	1,757812E+3	3,467857E-1	1,757812E+3	3,539328E-1
1,759375E+3	3,495128E-1	1,759375E+3	3,460476E-1	1,759375E+3	3,475574E-1	1,759375E+3	3,495456E-1
1,760937E+3	3,476946E-1	1,760937E+3	3,425927E-1	1,760937E+3	3,445702E-1	1,760937E+3	3,493201E-1
1,762500E+3	3,377154E-1	1,762500E+3	3,436245E-1	1,762500E+3	3,406283E-1	1,762500E+3	3,451655E-1
1,764062E+3	3,385354E-1	1,764062E+3	3,409060E-1	1,764062E+3	3,405776E-1	1,764062E+3	3,402919E-1
1,765625E+3	3,390145E-1	1,765625E+3	3,377426E-1	1,765625E+3	3,355974E-1	1,765625E+3	3,349262E-1
1,767187E+3	3,348072E-1	1,767187E+3	3,390928E-1	1,767187E+3	3,358557E-1	1,767187E+3	3,382409E-1
1,768750E+3	3,338343E-1	1,768750E+3	3,378755E-1	1,768750E+3	3,347373E-1	1,768750E+3	3,370260E-1
1,770312E+3	3,356744E-1	1,770312E+3	3,301883E-1	1,770312E+3	3,300923E-1	1,770312E+3	3,365467E-1
1,771875E+3	3,312524E-1	1,771875E+3	3,270088E-1	1,771875E+3	3,256020E-1	1,771875E+3	3,342904E-1
1,773437E+3	3,263916E-1	1,773437E+3	3,301521E-1	1,773437E+3	3,241367E-1	1,773437E+3	3,343811E-1
1,775000E+3	3,237772E-1	1,775000E+3	3,185148E-1	1,775000E+3	3,209774E-1	1,775000E+3	3,267213E-1
1,776562E+3	3,284357E-1	1,776562E+3	3,194258E-1	1,776562E+3	3,226233E-1	1,776562E+3	3,220846E-1
1,778125E+3	3,223691E-1	1,778125E+3	3,203731E-1	1,778125E+3	3,227138E-1	1,778125E+3	3,167544E-1
1,779687E+3	3,172910E-1	1,779687E+3	3,200689E-1	1,779687E+3	3,198146E-1	1,779687E+3	3,200857E-1
1,781250E+3	3,194475E-1	1,781250E+3	3,146658E-1	1,781250E+3	3,173347E-1	1,781250E+3	3,204269E-1
1,782812E+3	3,132269E-1	1,782812E+3	3,137799E-1	1,782812E+3	3,153795E-1	1,782812E+3	3,157085E-1
1,784375E+3	3,072120E-1	1,784375E+3	3,114597E-1	1,784375E+3	3,115268E-1	1,784375E+3	3,110665E-1
1,785937E+3	3,109850E-1	1,785937E+3	3,058750E-1	1,785937E+3	3,089490E-1	1,785937E+3	3,109351E-1
1,787500E+3	3,016105E-1	1,787500E+3	3,091232E-1	1,787500E+3	3,112204E-1	1,787500E+3	3,107312E-1
1,789062E+3	3,050187E-1	1,789062E+3	3,091758E-1	1,789062E+3	3,095485E-1	1,789062E+3	3,143718E-1
1,790625E+3	3,120338E-1	1,790625E+3	3,094044E-1	1,790625E+3	3,077806E-1	1,790625E+3	3,051859E-1
1,792187E+3	3,090174E-1	1,792187E+3	3,074721E-1	1,792187E+3	3,054710E-1	1,792187E+3	3,039454E-1
1,793750E+3	3,071558E-1	1,793750E+3	3,056283E-1	1,793750E+3	3,032737E-1	1,793750E+3	3,057108E-1
1,795312E+3	3,103716E-1	1,795312E+3	3,026501E-1	1,795312E+3	3,001528E-1	1,795312E+3	3,020176E-1
1,796875E+3	3,032413E-1	1,796875E+3	3,003124E-1	1,796875E+3	2,970631E-1	1,796875E+3	2,993994E-1
1,798437E+3	3,031507E-1	1,798437E+3	2,970363E-1	1,798437E+3	2,951047E-1	1,798437E+3	3,024542E-1
1,800000E+3	3,005766E-1	1,800000E+3	3,020580E-1	1,800000E+3	2,936772E-1	1,800000E+3	3,007804E-1
1,801562E+3	2,988261E-1	1,801562E+3	2,973299E-1	1,801562E+3	2,952535E-1	1,801562E+3	3,016725E-1
1,803125E+3	3,045124E-1	1,803125E+3	2,986427E-1	1,803125E+3	2,997602E-1	1,803125E+3	2,994400E-1
1,804687E+3	2,972812E-1	1,804687E+3	2,928908E-1	1,804687E+3	2,892496E-1	1,804687E+3	2,967259E-1
1,806250E+3	2,972559E-1	1,806250E+3	2,904114E-1	1,806250E+3	2,901228E-1	1,806250E+3	2,916002E-1
1,807812E+3	2,948459E-1	1,807812E+3	2,991086E-1	1,807812E+3	2,898612E-1	1,807812E+3	2,916622E-1
1,809375E+3	2,832694E-1	1,809375E+3	2,959340E-1	1,809375E+3	2,903424E-1	1,809375E+3	2,911018E-1
1,810937E+3	2,945898E-1	1,810937E+3	2,932674E-1	1,810937E+3	2,891850E-1	1,810937E+3	2,892893E-1
1,812500E+3	2,912404E-1	1,812500E+3	2,948392E-1	1,812500E+3	2,890416E-1	1,812500E+3	2,845779E-1
1,814062E+3	2,871221E-1	1,814062E+3	2,882478E-1	1,814062E+3	2,862612E-1	1,814062E+3	2,858170E-1
1,815625E+3	2,928966E-1	1,815625E+3	2,852159E-1	1,815625E+3	2,829324E-1	1,815625E+3	2,887035E-1
1,817187E+3	2,951905E-1	1,817187E+3	2,882953E-1	1,817187E+3	2,864619E-1	1,817187E+3	2,887761E-1
1,818750E+3	2,835840E-1	1,818750E+3	2,820134E-1	1,818750E+3	2,824758E-1	1,818750E+3	2,866972E-1
1,820312E+3	2,918865E-1	1,820312E+3	2,821887E-1	1,820312E+3	2,807892E-1	1,820312E+3	2,816934E-1
1,821875E+3	2,908766E-1	1,821875E+3	2,825091E-1	1,821875E+3	2,858298E-1	1,821875E+3	2,821011E-1
1,823437E+3	2,828997E-1	1,823437E+3	2,794511E-1	1,823437E+3	2,860070E-1	1,823437E+3	2,802203E-1
1,825000E+3	2,828800E-1	1,825000E+3	2,819079E-1	1,825000E+3	2,818397E-1	1,825000E+3	2,861945E-1
1,826562E+3	2,748162E-1	1,826562E+3	2,839116E-1	1,826562E+3	2,812462E-1	1,826562E+3	2,886915E-1
1,828125E+3	2,887137E-1	1,828125E+3	2,823366E-1	1,828125E+3	2,811016E-1	1,828125E+3	2,840224E-1
1,829687E+3	2,849554E-1	1,829687E+3	2,834328E-1	1,829687E+3	2,776244E-1	1,829687E+3	2,706667E-1
1,831250E+3	2,818176E-1	1,831250E+3	2,835725E-1	1,831250E+3	2,794564E-1	1,831250E+3	2,742204E-1
1,832812E+3	2,800655E-1	1,832812E+3	2,814328E-1	1,832812E+3	2,793980E-1	1,832812E+3	2,805954E-1
1,834375E+3	2,734835E-1	1,834375E+3	2,785921E-1	1,834375E+3	2,777883E-1	1,834375E+3	2,841277E-1
1,835937E+3	2,752598E-1	1,835937E+3	2,812253E-1	1,835937E+3	2,751206E-1	1,835937E+3	2,731380E-1
1,837500E+3	2,804754E-1	1,837500E+3	2,792227E-1	1,837500E+3	2,776490E-1	1,837500E+3	2,791041E-1
1,839062E+3	2,801715E-1	1,839062E+3	2,788503E-1	1,839062E+3	2,762786E-1	1,839062E+3	2,802496E-1
1,840625E+3	2,761017E-1	1,840625E+3	2,770656E-1	1,840625E+3	2,767359E-1	1,840625E+3	2,769722E-1
1,842187E+3	2,749146E-1	1,842187E+3	2,756185E-1	1,842187E+3	2,778243E-1	1,842187E+3	2,768660E-1
1,843750E+3	2,734618E-1	1,843750E+3	2,786296E-1	1,843750E+3	2,781016E-1	1,843750E+3	2,812899E-1
1,845312E+3	2,843981E-1	1,845312E+3	2,785254E-1	1,845312E+3	2,794802E-1	1,845312E+3	2,795900E-1
1,846875E+3	2,958511E-1	1,846875E+3	2,824475E-1	1,846875E+3	2,824841E-1	1,846875E+3	2,810817E-1
1,848437E+3	2,981051E-1	1,848437E+3	2,811013E-1	1,848437E+3	2,801363E-1	1,848437E+3	2,760169E-1
1,850000E+3	2,784497E-1	1,850000E+3	2,807529E-1	1,850000E+3	2,801432E-1	1,850000E+3	2,768978E-1
1,851562E+3	2,735234E-1	1,851562E+3	2,760971E-1	1,851562E+3	2,840588E-1	1,851562E+3	2,807253E-1
1,853125E+3	2,700425E-1	1,853125E+3	2,810358E-1	1,853125E+3	2,820217E-1	1,853125E+3	2,786950E-1
1,854687E+3	2,729224E-1	1,854687E+3	2,803191E-1	1,854687E+3	2,778091E-1	1,854687E+3	2,794671E-1
1,856250E+3	2,653721E-1	1,856250E+3	2,843454E-1	1,856250E+3	2,722001E-1	1,856250E+3	2,783180E-1
1,857812E+3	2,745008E-1	1,857812E+3	2,779552E-1	1,857812E+3	2,822762E-1	1,857812E+3	2,776273E-1
1,859375E+3	2,754284E-1	1,859375E+3	2,779354E-1	1,859375E+3	2,816869E-1	1,859375E+3	2,862951E-1
1,860937E+3	2,761457E-1	1,860937E+3	2,799532E-1	1,860937E+3	2,764857E-1	1,860937E+3	2,835938E-1
1,862500E+3	2,619420E-1	1,862500E+3	2,848528E-1	1,862500E+3	2,768176E-1	1,862500E+3	2,815704E-1
1,864062E+3	2,735828E-1	1,864062E+3	2,792506E-1	1,864062E+3	2,794691E-1	1,864062E+3	2,833114E-1
1,865625E+3	2,790548E-1	1,865625E+3	2,761028E-1	1,865625E+3	2,850270E-1	1,865625E+3	2,878651E-1
1,867187E+3	2,842624E-1	1,867187E+3	2,801261E-1	1,867187E+3	2,841998E-1	1,867187E+3	2,863258E-1
1,868750E+3	2,898749E-1	1,868750E+3	2,822575E-1	1,868750E+3	2,847276E-1	1,868750E+3	2,884403E-1
1,870312E+3	2,783652E-1	1,870312E+3	2,856211E-1	1,870312E+3	2,817552E-1	1,870312E+3	2,882454E-1
1,871875E+3	2,728151E-1	1,871875E+3	2,784844E-1	1,871875E+3	2,863011E-1	1,871875E+3	2,859124E-1
1,873437E+3	2,876621E-1	1,873437E+3	2,791413E-1	1,873437E+3	2,861792E-1	1,873437E+3	2,898300E-1
1,875000E+3	2,991594E-1	1,875000E+3	2,882148E-1	1,875000E+3	2,854774E-1	1,875000E+3	2,929427E-1
1,876562E+3	2,941553E-1	1,876562E+3	2,825547E-1	1,876562E+3	2,852848E-1	1,876562E+3	2,872328E-1
1,878125E+3	2,829891E-1	1,878125E+3	2,817853E-1	1,878125E+3	2,899633E-1	1,878125E+3	2,863869E-1
1,879687E+3	2,924559E-1	1,879687E+3	2,904913E-1	1,879687E+3	2,862522E-1	1,879687E+3	2,938023E-1
1,881250E+3	2,887415E-1	1,881250E+3	2,873159E-1	1,881250E+3	2,904350E-1	1,881250E+3	2,929248E-1
1,882812E+3	2,907255E-1	1,882812E+3	2,903349E-1	1,882812E+3	2,924991E-1	1,882812E+3	2,888216E-1
1,884375E+3	2,914834E-1	1,884375E+3	2,884261E-1	1,884375E+3	2,909402E-1	1,884375E+3	2,900609E-1
1,885937E+3	2,959892E-1	1,885937E+3	2,917504E-1	1,885937E+3	2,906925E-1	1,885937E+3	2,946641E-1
1,887500E+3	2,958645E-1	1,887500E+3	2,968678E-1	1,887500E+3	2,934970E-1	1,887500E+3	3,004573E-1
1,889062E+3	2,948000E-1	1,889062E+3	2,940237E-1	1,889062E+3	2,934131E-1	1,889062E+3	2,966023E-1
1,890625E+3	3,016212E-1	1,890625E+3	2,926122E-1	1,890625E+3	2,909906E-1	1,890625E+3	2,917610E-1
1,892187E+3	3,041451E-1	1,892187E+3	2,935695E-1	1,892187E+3	2,949686E-1	1,892187E+3	3,013119E-1
1,893750E+3	3,024064E-1	1,893750E+3	2,965645E-1	1,893750E+3	3,006761E-1	1,893750E+3	3,021580E-1
1,895312E+3	3,026187E-1	1,895312E+3	3,016705E-1	1,895312E+3	3,019935E-1	1,895312E+3	3,066837E-1
1,896875E+3	3,042513E-1	1,896875E+3	3,047774E-1	1,896875E+3	3,031377E-1	1,896875E+3	3,088834E-1
1,898437E+3	3,053162E-1	1,898437E+3	3,035639E-1	1,898437E+3	3,086545E-1	1,898437E+3	3,091299E-1
1,900000E+3	2,983319E-1	1,900000E+3	3,016133E-1	1,900000E+3	3,086492E-1	1,900000E+3	3,072816E-1
1,901562E+3	3,034973E-1	1,901562E+3	3,042780E-1	1,901562E+3	3,062384E-1	1,901562E+3	3,119531E-1
1,903125E+3	3,097335E-1	1,903125E+3	3,076186E-1	1,903125E+3	3,049275E-1	1,903125E+3	3,137427E-1
1,904687E+3	3,082949E-1	1,904687E+3	3,104819E-1	1,904687E+3	3,091297E-1	1,904687E+3	3,140662E-1
1,906250E+3	3,090548E-1	1,906250E+3	3,140525E-1	1,906250E+3	3,135968E-1	1,906250E+3	3,176022E-1
1,907812E+3	3,102093E-1	1,907812E+3	3,116540E-1	1,907812E+3	3,171234E-1	1,907812E+3	3,171857E-1
1,909375E+3	3,099726E-1	1,909375E+3	3,147246E-1	1,909375E+3	3,131950E-1	1,909375E+3	3,175965E-1
1,910937E+3	3,160884E-1	1,910937E+3	3,198455E-1	1,910937E+3	3,152780E-1	1,910937E+3	3,212652E-1
1,912500E+3	3,205436E-1	1,912500E+3	3,156531E-1	1,912500E+3	3,188564E-1	1,912500E+3	3,209366E-1
1,914062E+3	3,202334E-1	1,914062E+3	3,180614E-1	1,914062E+3	3,213295E-1	1,914062E+3	3,251735E-1
1,915625E+3	3,255103E-1	1,915625E+3	3,231051E-1	1,915625E+3	3,248814E-1	1,915625E+3	3,319264E-1
1,917187E+3	3,304379E-1	1,917187E+3	3,296033E-1	1,917187E+3	3,278480E-1	1,917187E+3	3,331066E-1
1,918750E+3	3,264495E-1	1,918750E+3	3,290422E-1	1,918750E+3	3,298573E-1	1,918750E+3	3,359120E-1
1,920312E+3	3,296635E-1	1,920312E+3	3,324869E-1	1,920312E+3	3,328091E-1	1,920312E+3	3,411163E-1
1,921875E+3	3,301933E-1	1,921875E+3	3,352313E-1	1,921875E+3	3,360967E-1	1,921875E+3	3,385204E-1
1,923437E+3	3,345678E-1	1,923437E+3	3,387919E-1	1,923437E+3	3,403354E-1	1,923437E+3	3,458871E-1
1,925000E+3	3,456053E-1	1,925000E+3	3,397820E-1	1,925000E+3	3,460970E-1	1,925000E+3	3,486043E-1
1,926562E+3	3,409690E-1	1,926562E+3	3,446266E-1	1,926562E+3	3,478986E-1	1,926562E+3	3,497898E-1
1,928125E+3	3,500534E-1	1,928125E+3	3,481270E-1	1,928125E+3	3,476413E-1	1,928125E+3	3,509036E-1
1,929687E+3	3,527304E-1	1,929687E+3	3,466206E-1	1,929687E+3	3,478450E-1	1,929687E+3	3,534378E-1
1,931250E+3	3,484129E-1	1,931250E+3	3,511875E-1	1,931250E+3	3,518423E-1	1,931250E+3	3,561324E-1
1,932812E+3	3,542833E-1	1,932812E+3	3,527139E-1	1,932812E+3	3,575854E-1	1,932812E+3	3,649192E-1
1,934375E+3	3,603020E-1	1,934375E+3	3,552863E-1	1,934375E+3	3,570032E-1	1,934375E+3	3,636382E-1
1,935937E+3	3,618122E-1	1,935937E+3	3,610401E-1	1,935937E+3	3,627759E-1	1,935937E+3	3,642926E-1
1,937500E+3	3,613202E-1	1,937500E+3	3,619006E-1	1,937500E+3	3,656940E-1	1,937500E+3	3,733273E-1
1,939062E+3	3,722235E-1	1,939062E+3	3,715071E-1	1,939062E+3	3,671827E-1	1,939062E+3	3,800455E-1
1,940625E+3	3,779554E-1	1,940625E+3	3,699613E-1	1,940625E+3	3,739350E-1	1,940625E+3	3,780701E-1
1,942187E+3	3,804635E-1	1,942187E+3	3,713422E-1	1,942187E+3	3,766467E-1	1,942187E+3	3,814408E-1
1,943750E+3	3,785579E-1	1,943750E+3	3,753025E-1	1,943750E+3	3,837421E-1	1,943750E+3	3,880133E-1
1,945312E+3	3,810355E-1	1,945312E+3	3,831518E-1	1,945312E+3	3,891476E-1	1,945312E+3	3,913100E-1
1,946875E+3	3,919820E-1	1,946875E+3	3,888258E-1	1,946875E+3	3,899438E-1	1,946875E+3	3,970740E-1
1,948437E+3	3,959581E-1	1,948437E+3	3,948855E-1	1,948437E+3	3,944115E-1	1,948437E+3	3,990090E-1
1,950000E+3	3,961971E-1	1,950000E+3	3,981659E-1	1,950000E+3	3,978946E-1	1,950000E+3	4,004682E-1
1,951562E+3	3,934100E-1	1,951562E+3	4,008209E-1	1,951562E+3	4,024201E-1	1,951562E+3	4,039639E-1
1,953125E+3	3,988237E-1	1,953125E+3	4,048683E-1	1,953125E+3	4,076072E-1	1,953125E+3	4,060049E-1
1,954687E+3	4,050944E-1	1,954687E+3	4,097653E-1	1,954687E+3	4,089922E-1	1,954687E+3	4,149540E-1
1,956250E+3	4,102378E-1	1,956250E+3	4,147975E-1	1,956250E+3	4,150219E-1	1,956250E+3	4,226505E-1
1,957812E+3	4,138256E-1	1,957812E+3	4,202135E-1	1,957812E+3	4,205820E-1	1,957812E+3	4,248195E-1
1,959375E+3	4,209391E-1	1,959375E+3	4,263207E-1	1,959375E+3	4,244419E-1	1,959375E+3	4,315589E-1
1,960937E+3	4,312242E-1	1,960937E+3	4,306731E-1	1,960937E+3	4,301780E-1	1,960937E+3	4,386730E-1
1,962500E+3	4,365850E-1	1,962500E+3	4,320699E-1	1,962500E+3	4,341051E-1	1,962500E+3	4,408745E-1
1,964062E+3	4,376041E-1	1,964062E+3	4,404111E-1	1,964062E+3	4,419863E-1	1,964062E+3	4,498788E-1
1,965625E+3	4,453156E-1	1,965625E+3	4,497095E-1	1,965625E+3	4,480106E-1	1,965625E+3	4,577231E-1
1,967187E+3	4,510117E-1	1,967187E+3	4,535741E-1	1,967187E+3	4,513234E-1	1,967187E+3	4,593358E-1
1,968750E+3	4,576670E-1	1,968750E+3	4,569074E-1	1,968750E+3	4,565141E-1	1,968750E+3	4,644219E-1
1,970312E+3	4,649502E-1	1,970312E+3	4,642382E-1	1,970312E+3	4,660957E-1	1,970312E+3	4,674515E-1
1,971875E+3	4,715323E-1	1,971875E+3	4,721704E-1	1,971875E+3	4,718950E-1	1,971875E+3	4,746755E-1
1,973437E+3	4,746666E-1	1,973437E+3	4,734660E-1	1,973437E+3	4,774827E-1	1,973437E+3	4,854198E-1
1,975000E+3	4,814802E-1	1,975000E+3	4,778146E-1	1,975000E+3	4,861344E-1	1,975000E+3	4,900334E-1
1,976562E+3	4,893644E-1	1,976562E+3	4,874178E-1	1,976562E+3	4,887461E-1	1,976562E+3	4,921664E-1
1,978125E+3	4,982108E-1	1,978125E+3	5,003982E-1	1,978125E+3	4,959538E-1	1,978125E+3	5,008445E-1
1,979687E+3	5,006354E-1	1,979687E+3	5,048151E-1	1,979687E+3	5,048543E-1	1,979687E+3	5,098857E-1
1,981250E+3	5,033785E-1	1,981250E+3	5,071488E-1	1,981250E+3	5,079680E-1	1,981250E+3	5,131418E-1
1,982812E+3	5,139811E-1	1,982812E+3	5,195351E-1	1,982812E+3	5,146549E-1	1,982812E+3	5,209296E-1
1,984375E+3	5,230217E-1	1,984375E+3	5,248016E-1	1,984375E+3	5,242044E-1	1,984375E+3	5,310497E-1
1,985937E+3	5,353189E-1	1,985937E+3	5,297646E-1	1,985937E+3	5,308987E-1	1,985937E+3	5,397295E-1
1,987500E+3	5,405940E-1	1,987500E+3	5,391816E-1	1,987500E+3	5,415813E-1	1,987500E+3	5,505362E-1
1,989062E+3	5,467792E-1	1,989062E+3	5,491398E-1	1,989062E+3	5,490301E-1	1,989062E+3	5,565497E-1
1,990625E+3	5,530142E-1	1,990625E+3	5,551306E-1	1,990625E+3	5,552649E-1	1,990625E+3	5,636707E-1
1,992187E+3	5,599194E-1	1,992187E+3	5,615048E-1	1,992187E+3	5,651708E-1	1,992187E+3	5,730849E-1
1,993750E+3	5,729818E-1	1,993750E+3	5,726975E-1	1,993750E+3	5,734217E-1	1,993750E+3	5,796965E-1
1,995312E+3	5,811330E-1	1,995312E+3	5,811233E-1	1,995312E+3	5,804729E-1	1,995312E+3	5,892248E-1
1,996875E+3	5,875220E-1	1,996875E+3	5,895415E-1	1,996875E+3	5,907703E-1	1,996875E+3	5,954349E-1
1,998437E+3	5,971183E-1	1,998437E+3	5,996011E-1	1,998437E+3	5,980188E-1	1,998437E+3	6,048658E-1
2,000000E+3	6,052573E-1	2,000000E+3	6,061261E-1	2,000000E+3	6,046817E-1	2,000000E+3	6,152646E-1
2,001562E+3	6,174235E-1	2,001562E+3	6,144038E-1	2,001562E+3	6,150281E-1	2,001562E+3	6,261379E-1
2,003125E+3	6,245316E-1	2,003125E+3	6,257429E-1	2,003125E+3	6,257361E-1	2,003125E+3	6,314060E-1
2,004687E+3	6,320755E-1	2,004687E+3	6,323110E-1	2,004687E+3	6,373339E-1	2,004687E+3	6,414106E-1
2,006250E+3	6,451586E-1	2,006250E+3	6,434597E-1	2,006250E+3	6,441225E-1	2,006250E+3	6,515604E-1
2,007812E+3	6,556785E-1	2,007812E+3	6,523223E-1	2,007812E+3	6,559571E-1	2,007812E+3	6,621560E-1
2,009375E+3	6,647219E-1	2,009375E+3	6,627044E-1	2,009375E+3	6,635910E-1	2,009375E+3	6,703651E-1
2,010937E+3	6,727058E-1	2,010937E+3	6,724517E-1	2,010937E+3	6,742470E-1	2,010937E+3	6,804537E-1
2,012500E+3	6,810758E-1	2,012500E+3	6,832347E-1	2,012500E+3	6,857453E-1	2,012500E+3	6,916154E-1
2,014062E+3	6,932809E-1	2,014062E+3	6,951031E-1	2,014062E+3	6,947340E-1	2,014062E+3	6,988569E-1
2,015625E+3	7,027274E-1	2,015625E+3	7,039207E-1	2,015625E+3	7,060118E-1	2,015625E+3	7,111687E-1
2,017187E+3	7,130843E-1	2,017187E+3	7,152412E-1	2,017187E+3	7,144534E-1	2,017187E+3	7,206778E-1
2,018750E+3	7,227226E-1	2,018750E+3	7,249374E-1	2,018750E+3	7,255481E-1	2,018750E+3	7,308212E-1
2,020312E+3	7,311221E-1	2,020312E+3	7,341800E-1	2,020312E+3	7,361416E-1	2,020312E+3	7,393808E-1
2,021875E+3	7,427210E-1	2,021875E+3	7,477691E-1	2,021875E+3	7,475247E-1	2,021875E+3	7,497218E-1
2,023437E+3	7,551108E-1	2,023437E+3	7,569734E-1	2,023437E+3	7,579735E-1	2,023437E+3	7,620890E-1
2,025000E+3	7,680175E-1	2,025000E+3	7,665040E-1	2,025000E+3	7,689559E-1	2,025000E+3	7,760981E-1
2,026562E+3	7,792323E-1	2,026562E+3	7,777769E-1	2,026562E+3	7,798313E-1	2,026562E+3	7,844371E-1
2,028125E+3	7,889775E-1	2,028125E+3	7,889214E-1	2,028125E+3	7,900894E-1	2,028125E+3	7,937575E-1
2,029687E+3	7,983562E-1	2,029687E+3	7,986323E-1	2,029687E+3	8,010697E-1	2,029687E+3	8,048465E-1
2,031250E+3	8,105863E-1	2,031250E+3	8,113106E-1	2,031250E+3	8,130769E-1	2,031250E+3	8,168890E-1
2,032812E+3	8,215527E-1	2,032812E+3	8,219408E-1	2,032812E+3	8,230752E-1	2,032812E+3	8,258361E-1
2,034375E+3	8,322626E-1	2,034375E+3	8,298340E-1	2,034375E+3	8,334882E-1	2,034375E+3	8,356089E-1
2,035937E+3	8,410421E-1	2,035937E+3	8,422181E-1	2,035937E+3	8,435405E-1	2,035937E+3	8,461645E-1
2,037500E+3	8,538964E-1	2,037500E+3	8,504833E-1	2,037500E+3	8,520292E-1	2,037500E+3	8,570542E-1
2,039062E+3	8,633606E-1	2,039062E+3	8,641859E-1	2,039062E+3	8,641364E-1	2,039062E+3	8,663690E-1
2,040625E+3	8,700828E-1	2,040625E+3	8,721833E-1	2,040625E+3	8,725139E-1	2,040625E+3	8,754654E-1
2,042187E+3	8,809544E-1	2,042187E+3	8,807943E-1	2,042187E+3	8,827084E-1	2,042187E+3	8,835149E-1
2,043750E+3	8,916060E-1	2,043750E+3	8,919450E-1	2,043750E+3	8,927375E-1	2,043750E+3	8,948762E-1
2,045312E+3	9,002807E-1	2,045312E+3	9,008246E-1	2,045312E+3	9,015331E-1	2,045312E+3	9,039803E-1
2,046875E+3	9,099616E-1	2,046875E+3	9,085108E-1	2,046875E+3	9,100384E-1	2,046875E+3	9,119615E-1
2,048437E+3	9,169067E-1	2,048437E+3	9,180054E-1	2,048437E+3	9,192192E-1	2,048437E+3	9,194899E-1
2,050000E+3	9,251939E-1	2,050000E+3	9,252011E-1	2,050000E+3	9,255283E-1	2,050000E+3	9,274304E-1
2,051562E+3	9,338002E-1	2,051562E+3	9,340551E-1	2,051562E+3	9,339776E-1	2,051562E+3	9,361129E-1
2,053125E+3	9,405006E-1	2,053125E+3	9,412491E-1	2,053125E+3	9,408889E-1	2,053125E+3	9,421839E-1
2,054687E+3	9,482586E-1	2,054687E+3	9,479389E-1	2,054687E+3	9,498473E-1	2,054687E+3	9,485125E-1
2,056250E+3	9,546986E-1	2,056250E+3	9,543718E-1	2,056250E+3	9,549171E-1	2,056250E+3	9,559690E-1
2,057812E+3	9,600331E-1	2,057812E+3	9,605626E-1	2,057812E+3	9,608750E-1	2,057812E+3	9,607001E-1
2,059375E+3	9,656983E-1	2,059375E+3	9,657699E-1	2,059375E+3	9,661713E-1	2,059375E+3	9,657707E-1
2,060937E+3	9,699653E-1	2,060937E+3	9,715610E-1	2,060937E+3	9,705818E-1	2,060937E+3	9,709043E-1
2,062500E+3	9,767079E-1	2,062500E+3	9,751274E-1	2,062500E+3	9,761761E-1	2,062500E+3	9,751206E-1
2,064062E+3	9,795524E-1	2,064062E+3	9,793066E-1	2,064062E+3	9,794895E-1	2,064062E+3	9,787450E-1
2,065625E+3	9,823699E-1	2,065625E+3	9,822077E-1	2,065625E+3	9,828132E-1	2,065625E+3	9,813898E-1
2,067187E+3	9,850753E-1	2,067187E+3	9,857796E-1	2,067187E+3	9,855601E-1	2,067187E+3	9,843253E-1
2,068750E+3	9,874911E-1	2,068750E+3	9,881217E-1	2,068750E+3	9,878708E-1	2,068750E+3	9,864713E-1
2,070312E+3	9,887274E-1	2,070312E+3	9,897444E-1	2,070312E+3	9,892342E-1	2,070312E+3	9,879041E-1
2,071875E+3	9,901835E-1	2,071875E+3	9,906343E-1	2,071875E+3	9,903940E-1	2,071875E+3	9,889911E-1
2,073437E+3	9,902884E-1	2,073437E+3	9,909354E-1	2,073437E+3	9,909640E-1	2,073437E+3	9,889826E-1
2,075000E+3	9,900938E-1	2,075000E+3	9,909169E-1	2,075000E+3	9,904466E-1	2,075000E+3	9,888635E-1
2,076562E+3	9,899234E-1	2,076562E+3	9,898893E-1	2,076562E+3	9,896495E-1	2,076562E+3	9,880969E-1
2,078125E+3	9,882897E-1	2,078125E+3	9,886561E-1	2,078125E+3	9,886785E-1	2,078125E+3	9,867846E-1
2,079687E+3	9,863341E-1	2,079687E+3	9,868338E-1	2,079687E+3	9,867007E-1	2,079687E+3	9,849748E-1
2,081250E+3	9,847325E-1	2,081250E+3	9,843390E-1	2,081250E+3	9,844181E-1	2,081250E+3	9,828719E-1
2,082812E+3	9,818246E-1	2,082812E+3	9,814336E-1	2,082812E+3	9,812553E-1	2,082812E+3	9,797571E-1
2,084375E+3	9,786365E-1	2,084375E+3	9,779162E-1	2,084375E+3	9,778644E-1	2,084375E+3	9,764648E-1
2,085937E+3	9,740179E-1	2,085937E+3	9,748602E-1	2,085937E+3	9,744597E-1	2,085937E+3	9,727856E-1
2,087500E+3	9,696359E-1	2,087500E+3	9,702682E-1	2,087500E+3	9,701375E-1	2,087500E+3	9,685544E-1
2,089062E+3	9,661646E-1	2,089062E+3	9,651451E-1	2,089062E+3	9,658210E-1	2,089062E+3	9,637533E-1
2,090625E+3	9,597018E-1	2,090625E+3	9,602609E-1	2,090625E+3	9,603248E-1	2,090625E+3	9,579717E-1
2,092187E+3	9,532843E-1	2,092187E+3	9,551637E-1	2,092187E+3	9,540275E-1	2,092187E+3	9,534007E-1
2,093750E+3	9,470250E-1	2,093750E+3	9,485121E-1	2,093750E+3	9,484431E-1	2,093750E+3	9,470123E-1
2,095312E+3	9,415397E-1	2,095312E+3	9,417392E-1	2,095312E+3	9,433228E-1	2,095312E+3	9,415825E-1
2,096875E+3	9,296966E-1	2,096875E+3	9,355237E-1	2,096875E+3	9,354509E-1	2,096875E+3	9,347871E-1
2,098437E+3	9,257233E-1	2,098437E+3	9,261529E-1	2,098437E+3	9,298844E-1	2,098437E+3	9,292854E-1
2,100000E+3	9,238169E-1	2,100000E+3	9,218724E-1	2,100000E+3	9,224038E-1	2,100000E+3	9,219593E-1
2,101562E+3	9,202003E-1	2,101562E+3	9,179475E-1	2,101562E+3	9,151496E-1	2,101562E+3	9,147401E-1
2,103125E+3	9,054436E-1	2,103125E+3	9,073979E-1	2,103125E+3	9,089424E-1	2,103125E+3	9,069243E-1
2,104687E+3	8,985162E-1	2,104687E+3	9,004476E-1	2,104687E+3	9,008008E-1	2,104687E+3	8,993504E-1
2,106250E+3	8,889780E-1	2,106250E+3	8,940148E-1	2,106250E+3	8,936360E-1	2,106250E+3	8,919364E-1
2,107812E+3	8,840089E-1	2,107812E+3	8,847412E-1	2,107812E+3	8,852416E-1	2,107812E+3	8,840131E-1
2,109375E+3	8,770507E-1	2,109375E+3	8,757573E-1	2,109375E+3	8,784469E-1	2,109375E+3	8,762864E-1
2,110937E+3	8,687949E-1	2,110937E+3	8,689325E-1	2,110937E+3	8,695799E-1	2,110937E+3	8,693759E-1
2,112500E+3	8,604776E-1	2,112500E+3	8,606667E-1	2,112500E+3	8,600540E-1	2,112500E+3	8,617060E-1
2,114062E+3	8,527509E-1	2,114062E+3	8,525622E-1	2,114062E+3	8,534266E-1	2,114062E+3	8,531388E-1
2,115625E+3	8,448164E-1	2,115625E+3	8,449231E-1	2,115625E+3	8,469051E-1	2,115625E+3	8,462036E-1
2,117187E+3	8,370063E-1	2,117187E+3	8,374463E-1	2,117187E+3	8,387878E-1	2,117187E+3	8,380810E-1
2,118750E+3	8,291716E-1	2,118750E+3	8,299625E-1	2,118750E+3	8,298965E-1	2,118750E+3	8,326663E-1
2,120312E+3	8,212712E-1	2,120312E+3	8,233377E-1	2,120312E+3	8,231459E-1	2,120312E+3	8,227898E-1
2,121875E+3	8,132397E-1	2,121875E+3	8,135508E-1	2,121875E+3	8,147368E-1	2,121875E+3	8,151589E-1
2,123437E+3	8,059115E-1	2,123437E+3	8,047156E-1	2,123437E+3	8,073650E-1	2,123437E+3	8,116948E-1
2,125000E+3	7,995616E-1	2,125000E+3	7,991871E-1	2,125000E+3	8,008099E-1	2,125000E+3	8,020738E-1
2,126562E+3	7,942526E-1	2,126562E+3	7,916418E-1	2,126562E+3	7,938181E-1	2,126562E+3	7,948759E-1
2,128125E+3	7,862505E-1	2,128125E+3	7,849337E-1	2,128125E+3	7,874425E-1	2,128125E+3	7,880517E-1
2,129687E+3	7,775018E-1	2,129687E+3	7,800534E-1	2,129687E+3	7,807151E-1	2,129687E+3	7,821475E-1
2,131250E+3	7,745490E-1	2,131250E+3	7,720838E-1	2,131250E+3	7,753254E-1	2,131250E+3	7,775216E-1
2,132812E+3	7,682098E-1	2,132812E+3	7,678339E-1	2,132812E+3	7,667000E-1	2,132812E+3	7,700044E-1
2,134375E+3	7,583358E-1	2,134375E+3	7,587066E-1	2,134375E+3	7,622175E-1	2,134375E+3	7,649237E-1
2,135937E+3	7,537934E-1	2,135937E+3	7,547767E-1	2,135937E+3	7,577948E-1	2,135937E+3	7,578634E-1
2,137500E+3	7,493527E-1	2,137500E+3	7,475686E-1	2,137500E+3	7,522783E-1	2,137500E+3	7,526142E-1
2,139062E+3	7,434401E-1	2,139062E+3	7,436059E-1	2,139062E+3	7,468955E-1	2,139062E+3	7,510087E-1
2,140625E+3	7,392800E-1	2,140625E+3	7,408443E-1	2,140625E+3	7,427989E-1	2,140625E+3	7,422324E-1
2,142187E+3	7,324053E-1	2,142187E+3	7,382051E-1	2,142187E+3	7,375023E-1	2,142187E+3	7,398681E-1
2,143750E+3	7,276241E-1	2,143750E+3	7,328575E-1	2,143750E+3	7,328038E-1	2,143750E+3	7,361637E-1
2,145312E+3	7,251256E-1	2,145312E+3	7,286383E-1	2,145312E+3	7,293292E-1	2,145312E+3	7,320146E-1
2,146875E+3	7,234924E-1	2,146875E+3	7,216034E-1	2,146875E+3	7,260035E-1	2,146875E+3	7,298176E-1
2,148437E+3	7,192425E-1	2,148437E+3	7,183405E-1	2,148437E+3	7,232250E-1	2,148437E+3	7,263885E-1
2,150000E+3	7,199756E-1	2,150000E+3	7,166714E-1	2,150000E+3	7,185351E-1	2,150000E+3	7,217039E-1
2,151562E+3	7,145935E-1	2,151562E+3	7,173494E-1	2,151562E+3	7,160630E-1	2,151562E+3	7,191477E-1
2,153125E+3	7,149704E-1	2,153125E+3	7,150775E-1	2,153125E+3	7,178247E-1	2,153125E+3	7,170913E-1
2,154687E+3	7,103113E-1	2,154687E+3	7,123646E-1	2,154687E+3	7,142379E-1	2,154687E+3	7,145784E-1
2,156250E+3	7,137333E-1	2,156250E+3	7,110602E-1	2,156250E+3	7,122164E-1	2,156250E+3	7,159691E-1
2,157812E+3	7,116173E-1	2,157812E+3	7,116080E-1	2,157812E+3	7,134131E-1	2,157812E+3	7,162104E-1
2,159375E+3	7,134280E-1	2,159375E+3	7,095549E-1	2,159375E+3	7,146121E-1	2,159375E+3	7,165752E-1
2,160937E+3	7,147239E-1	2,160937E+3	7,118962E-1	2,160937E+3	7,131882E-1	2,160937E+3	7,175031E-1
2,162500E+3	7,148638E-1	2,162500E+3	7,113813E-1	2,162500E+3	7,129417E-1	2,162500E+3	7,180929E-1
2,164062E+3	7,170920E-1	2,164062E+3	7,139746E-1	2,164062E+3	7,144021E-1	2,164062E+3	7,189239E-1
2,165625E+3	7,183086E-1	2,165625E+3	7,169076E-1	2,165625E+3	7,150548E-1	2,165625E+3	7,210463E-1
2,167187E+3	7,171230E-1	2,167187E+3	7,209853E-1	2,167187E+3	7,191885E-1	2,167187E+3	7,214343E-1
2,168750E+3	7,207135E-1	2,168750E+3	7,218601E-1	2,168750E+3	7,243600E-1	2,168750E+3	7,246145E-1
2,170312E+3	7,253797E-1	2,170312E+3	7,266043E-1	2,170312E+3	7,269434E-1	2,170312E+3	7,322863E-1
2,171875E+3	7,308360E-1	2,171875E+3	7,335611E-1	2,171875E+3	7,308954E-1	2,171875E+3	7,354639E-1
2,173437E+3	7,345908E-1	2,173437E+3	7,367690E-1	2,173437E+3	7,362810E-1	2,173437E+3	7,399900E-1
2,175000E+3	7,423932E-1	2,175000E+3	7,439305E-1	2,175000E+3	7,412171E-1	2,175000E+3	7,470209E-1
2,176562E+3	7,502052E-1	2,176562E+3	7,495165E-1	2,176562E+3	7,489224E-1	2,176562E+3	7,520480E-1
2,178125E+3	7,588705E-1	2,178125E+3	7,578651E-1	2,178125E+3	7,585115E-1	2,178125E+3	7,590294E-1
2,179687E+3	7,656858E-1	2,179687E+3	7,675913E-1	2,179687E+3	7,670326E-1	2,179687E+3	7,683665E-1
2,181250E+3	7,803325E-1	2,181250E+3	7,760929E-1	2,181250E+3	7,774972E-1	2,181250E+3	7,772479E-1
2,182812E+3	7,900488E-1	2,182812E+3	7,860921E-1	2,182812E+3	7,848822E-1	2,182812E+3	7,874923E-1
2,184375E+3	7,991991E-1	2,184375E+3	7,994547E-1	2,184375E+3	7,971345E-1	2,184375E+3	7,983507E-1
2,185937E+3	8,073296E-1	2,185937E+3	8,115659E-1	2,185937E+3	8,093799E-1	2,185937E+3	8,096187E-1
2,187500E+3	8,207535E-1	2,187500E+3	8,228388E-1	2,187500E+3	8,214740E-1	2,187500E+3	8,240103E-1
2,189062E+3	8,361928E-1	2,189062E+3	8,337575E-1	2,189062E+3	8,342773E-1	2,189062E+3	8,361137E-1
2,190625E+3	8,519286E-1	2,190625E+3	8,480906E-1	2,190625E+3	8,472684E-1	2,190625E+3	8,486620E-1
2,192187E+3	8,624613E-1	2,192187E+3	8,611456E-1	2,192187E+3	8,617667E-1	2,192187E+3	8,625872E-1
2,193750E+3	8,761224E-1	2,193750E+3	8,758442E-1	2,193750E+3	8,746233E-1	2,193750E+3	8,753695E-1
2,195312E+3	8,913754E-1	2,195312E+3	8,903193E-1	2,195312E+3	8,909076E-1	2,195312E+3	8,901364E-1
2,196875E+3	9,070714E-1	2,196875E+3	9,056680E-1	2,196875E+3	9,036587E-1	2,196875E+3	9,035352E-1
2,198437E+3	9,219351E-1	2,198437E+3	9,184315E-1	2,198437E+3	9,175793E-1	2,198437E+3	9,168607E-1
2,200000E+3	9,333450E-1	2,200000E+3	9,294730E-1	2,200000E+3	9,314960E-1	2,200000E+3	9,305438E-1
2,201562E+3	9,459599E-1	2,201562E+3	9,447029E-1	2,201562E+3	9,426487E-1	2,201562E+3	9,419887E-1
2,203125E+3	9,553462E-1	2,203125E+3	9,551759E-1	2,203125E+3	9,530410E-1	2,203125E+3	9,530234E-1
2,204687E+3	9,628656E-1	2,204687E+3	9,623634E-1	2,204687E+3	9,618669E-1	2,204687E+3	9,606111E-1
2,206250E+3	9,703922E-1	2,206250E+3	9,684119E-1	2,206250E+3	9,687303E-1	2,206250E+3	9,682753E-1
2,207812E+3	9,735304E-1	2,207812E+3	9,733613E-1	2,207812E+3	9,733583E-1	2,207812E+3	9,718462E-1
2,209375E+3	9,751046E-1	2,209375E+3	9,760883E-1	2,209375E+3	9,746959E-1	2,209375E+3	9,752769E-1
2,210937E+3	9,747476E-1	2,210937E+3	9,745451E-1	2,210937E+3	9,748365E-1	2,210937E+3	9,760856E-1
2,212500E+3	9,716775E-1	2,212500E+3	9,722727E-1	2,212500E+3	9,731437E-1	2,212500E+3	9,733633E-1
2,214062E+3	9,666021E-1	2,214062E+3	9,675943E-1	2,214062E+3	9,674634E-1	2,214062E+3	9,682734E-1
2,215625E+3	9,606035E-1	2,215625E+3	9,616656E-1	2,215625E+3	9,613077E-1	2,215625E+3	9,614798E-1
2,217187E+3	9,460380E-1	2,217187E+3	9,530817E-1	2,217187E+3	9,538895E-1	2,217187E+3	9,550683E-1
2,218750E+3	9,414390E-1	2,218750E+3	9,405919E-1	2,218750E+3	9,441548E-1	2,218750E+3	9,458288E-1
2,220312E+3	9,378835E-1	2,220312E+3	9,342712E-1	2,220312E+3	9,358852E-1	2,220312E+3	9,371847E-1
2,221875E+3	9,312546E-1	2,221875E+3	9,278958E-1	2,221875E+3	9,258991E-1	2,221875E+3	9,266401E-1
2,223437E+3	9,155610E-1	2,223437E+3	9,143648E-1	2,223437E+3	9,149757E-1	2,223437E+3	9,169136E-1
2,225000E+3	9,039049E-1	2,225000E+3	9,058362E-1	2,225000E+3	9,065874E-1	2,225000E+3	9,078495E-1
2,226562E+3	8,963910E-1	2,226562E+3	8,957562E-1	2,226562E+3	8,976428E-1	2,226562E+3	8,980301E-1
2,228125E+3	8,877336E-1	2,228125E+3	8,885585E-1	2,228125E+3	8,887278E-1	2,228125E+3	8,896266E-1
2,229687E+3	8,810205E-1	2,229687E+3	8,802319E-1	2,229687E+3	8,797581E-1	2,229687E+3	8,825694E-1
2,231250E+3	8,750267E-1	2,231250E+3	8,731493E-1	2,231250E+3	8,726621E-1	2,231250E+3	8,766168E-1
2,232812E+3	8,678226E-1	2,232812E+3	8,681336E-1	2,232812E+3	8,682157E-1	2,232812E+3	8,707565E-1
2,234375E+3	8,629278E-1	2,234375E+3	8,631194E-1	2,234375E+3	8,616605E-1	2,234375E+3	8,642934E-1
2,235937E+3	8,616006E-1	2,235937E+3	8,580697E-1	2,235937E+3	8,576283E-1	2,235937E+3	8,601141E-1
2,237500E+3	8,570229E-1	2,237500E+3	8,554933E-1	2,237500E+3	8,527132E-1	2,237500E+3	8,561499E-1
2,239062E+3	8,543418E-1	2,239062E+3	8,517850E-1	2,239062E+3	8,510603E-1	2,239062E+3	8,525631E-1
2,240625E+3	8,515204E-1	2,240625E+3	8,478855E-1	2,240625E+3	8,479596E-1	2,240625E+3	8,492604E-1
2,242187E+3	8,486245E-1	2,242187E+3	8,464116E-1	2,242187E+3	8,450680E-1	2,242187E+3	8,473584E-1
2,243750E+3	8,454918E-1	2,243750E+3	8,448450E-1	2,243750E+3	8,430843E-1	2,243750E+3	8,441748E-1
2,245312E+3	8,438673E-1	2,245312E+3	8,418474E-1	2,245312E+3	8,401548E-1	2,245312E+3	8,415984E-1
2,246875E+3	8,409552E-1	2,246875E+3	8,393291E-1	2,246875E+3	8,377533E-1	2,246875E+3	8,384746E-1
2,248437E+3	8,393783E-1	2,248437E+3	8,359061E-1	2,248437E+3	8,351238E-1	2,248437E+3	8,348542E-1
2,250000E+3	8,350268E-1	2,250000E+3	8,328983E-1	2,250000E+3	8,318577E-1	2,250000E+3	8,304040E-1
2,251562E+3	8,288797E-1	2,251562E+3	8,282474E-1	2,251562E+3	8,274073E-1	2,251562E+3	8,261131E-1
2,253125E+3	8,244646E-1	2,253125E+3	8,240249E-1	2,253125E+3	8,223226E-1	2,253125E+3	8,208949E-1
2,254687E+3	8,197231E-1	2,254687E+3	8,191647E-1	2,254687E+3	8,174659E-1	2,254687E+3	8,158573E-1
2,256250E+3	8,129075E-1	2,256250E+3	8,133866E-1	2,256250E+3	8,110968E-1	2,256250E+3	8,092277E-1
2,257812E+3	8,061902E-1	2,257812E+3	8,054029E-1	2,257812E+3	8,051528E-1	2,257812E+3	8,030136E-1
2,259375E+3	7,987357E-1	2,259375E+3	7,992816E-1	2,259375E+3	7,970705E-1	2,259375E+3	7,945464E-1
2,260937E+3	7,909266E-1	2,260937E+3	7,913064E-1	2,260937E+3	7,892793E-1	2,260937E+3	7,871450E-1
2,262500E+3	7,807270E-1	2,262500E+3	7,796654E-1	2,262500E+3	7,798959E-1	2,262500E+3	7,771541E-1
2,264062E+3	7,702955E-1	2,264062E+3	7,720637E-1	2,264062E+3	7,712774E-1	2,264062E+3	7,687226E-1
2,265625E+3	7,638916E-1	2,265625E+3	7,643271E-1	2,265625E+3	7,623901E-1	2,265625E+3	7,576967E-1
2,267187E+3	7,535556E-1	2,267187E+3	7,522384E-1	2,267187E+3	7,523954E-1	2,267187E+3	7,490435E-1
2,268750E+3	7,448226E-1	2,268750E+3	7,440979E-1	2,268750E+3	7,440861E-1	2,268750E+3	7,407568E-1
2,270312E+3	7,348065E-1	2,270312E+3	7,373771E-1	2,270312E+3	7,353385E-1	2,270312E+3	7,315781E-1
2,271875E+3	7,300415E-1	2,271875E+3	7,296985E-1	2,271875E+3	7,279526E-1	2,271875E+3	7,252632E-1
2,273437E+3	7,265581E-1	2,273437E+3	7,229752E-1	2,273437E+3	7,208801E-1	2,273437E+3	7,198398E-1
2,275000E+3	7,187590E-1	2,275000E+3	7,180531E-1	2,275000E+3	7,169300E-1	2,275000E+3	7,145739E-1
2,276562E+3	7,137559E-1	2,276562E+3	7,133892E-1	2,276562E+3	7,120026E-1	2,276562E+3	7,088317E-1
2,278125E+3	7,148359E-1	2,278125E+3	7,118056E-1	2,278125E+3	7,093842E-1	2,278125E+3	7,090344E-1
2,279687E+3	7,147209E-1	2,279687E+3	7,106884E-1	2,279687E+3	7,096475E-1	2,279687E+3	7,099729E-1
2,281250E+3	7,165207E-1	2,281250E+3	7,133939E-1	2,281250E+3	7,112148E-1	2,281250E+3	7,090114E-1
2,282812E+3	7,218862E-1	2,282812E+3	7,147333E-1	2,282812E+3	7,135613E-1	2,282812E+3	7,110546E-1
2,284375E+3	7,243739E-1	2,284375E+3	7,218395E-1	2,284375E+3	7,164875E-1	2,284375E+3	7,147516E-1
2,285937E+3	7,321934E-1	2,285937E+3	7,247875E-1	2,285937E+3	7,210359E-1	2,285937E+3	7,207685E-1
2,287500E+3	7,360553E-1	2,287500E+3	7,306878E-1	2,287500E+3	7,271306E-1	2,287500E+3	7,282313E-1
2,289062E+3	7,439014E-1	2,289062E+3	7,396888E-1	2,289062E+3	7,353037E-1	2,289062E+3	7,332850E-1
2,290625E+3	7,517771E-1	2,290625E+3	7,449932E-1	2,290625E+3	7,434110E-1	2,290625E+3	7,397410E-1
2,292187E+3	7,559817E-1	2,292187E+3	7,533910E-1	2,292187E+3	7,493353E-1	2,292187E+3	7,471088E-1
2,293750E+3	7,580828E-1	2,293750E+3	7,585539E-1	2,293750E+3	7,551589E-1	2,293750E+3	7,536981E-1
2,295312E+3	7,612098E-1	2,295312E+3	7,607181E-1	2,295312E+3	7,586126E-1	2,295312E+3	7,562241E-1
2,296875E+3	7,651278E-1	2,296875E+3	7,631632E-1	2,296875E+3	7,609694E-1	2,296875E+3	7,596998E-1
2,298437E+3	7,644779E-1	2,298437E+3	7,630627E-1	2,298437E+3	7,612763E-1	2,298437E+3	7,597368E-1
2,300000E+3	7,607556E-1	2,300000E+3	7,611911E-1	2,300000E+3	7,604328E-1	2,300000E+3	7,592148E-1
2,301562E+3	7,575796E-1	2,301562E+3	7,592467E-1	2,301562E+3	7,582308E-1	2,301562E+3	7,569836E-1
2,303125E+3	7,553474E-1	2,303125E+3	7,555785E-1	2,303125E+3	7,538349E-1	2,303125E+3	7,543635E-1
2,304687E+3	7,529412E-1	2,304687E+3	7,507866E-1	2,304687E+3	7,483531E-1	2,304687E+3	7,491930E-1
2,306250E+3	7,480114E-1	2,306250E+3	7,467559E-1	2,306250E+3	7,456114E-1	2,306250E+3	7,466627E-1
2,307812E+3	7,441617E-1	2,307812E+3	7,432609E-1	2,307812E+3	7,440230E-1	2,307812E+3	7,447933E-1
2,309375E+3	7,418491E-1	2,309375E+3	7,438362E-1	2,309375E+3	7,413314E-1	2,309375E+3	7,431814E-1
2,310937E+3	7,386199E-1	2,310937E+3	7,420577E-1	2,310937E+3	7,386299E-1	2,310937E+3	7,423195E-1
2,312500E+3	7,410455E-1	2,312500E+3	7,418983E-1	2,312500E+3	7,417469E-1	2,312500E+3	7,437594E-1
2,314062E+3	7,445426E-1	2,314062E+3	7,459621E-1	2,314062E+3	7,457319E-1	2,314062E+3	7,454217E-1
2,315625E+3	7,528971E-1	2,315625E+3	7,499526E-1	2,315625E+3	7,492651E-1	2,315625E+3	7,495584E-1
2,317187E+3	7,563580E-1	2,317187E+3	7,566712E-1	2,317187E+3	7,562275E-1	2,317187E+3	7,590393E-1
2,318750E+3	7,619456E-1	2,318750E+3	7,619039E-1	2,318750E+3	7,610250E-1	2,318750E+3	7,638660E-1
2,320312E+3	7,733144E-1	2,320312E+3	7,717735E-1	2,320312E+3	7,691415E-1	2,320312E+3	7,679644E-1
2,321875E+3	7,819714E-1	2,321875E+3	7,810209E-1	2,321875E+3	7,780732E-1	2,321875E+3	7,793309E-1
2,323437E+3	7,916792E-1	2,323437E+3	7,898527E-1	2,323437E+3	7,873929E-1	2,323437E+3	7,877686E-1
2,325000E+3	8,037005E-1	2,325000E+3	7,973750E-1	2,325000E+3	7,965308E-1	2,325000E+3	7,970672E-1
2,326562E+3	8,115662E-1	2,326562E+3	8,079258E-1	2,326562E+3	8,055925E-1	2,326562E+3	8,085918E-1
2,328125E+3	8,189836E-1	2,328125E+3	8,170881E-1	2,328125E+3	8,145511E-1	2,328125E+3	8,159482E-1
2,329687E+3	8,266272E-1	2,329687E+3	8,241165E-1	2,329687E+3	8,253139E-1	2,329687E+3	8,235905E-1
2,331250E+3	8,314076E-1	2,331250E+3	8,299201E-1	2,331250E+3	8,310331E-1	2,331250E+3	8,303964E-1
2,332812E+3	8,344115E-1	2,332812E+3	8,370240E-1	2,332812E+3	8,356439E-1	2,332812E+3	8,366789E-1
2,334375E+3	8,370791E-1	2,334375E+3	8,402077E-1	2,334375E+3	8,399993E-1	2,334375E+3	8,394005E-1
2,335937E+3	8,389047E-1	2,335937E+3	8,409525E-1	2,335937E+3	8,416618E-1	2,335937E+3	8,410452E-1
2,337500E+3	8,353547E-1	2,337500E+3	8,395685E-1	2,337500E+3	8,408862E-1	2,337500E+3	8,409153E-1
2,339062E+3	8,320275E-1	2,339062E+3	8,331330E-1	2,339062E+3	8,365684E-1	2,339062E+3	8,375421E-1
2,340625E+3	8,277369E-1	2,340625E+3	8,296185E-1	2,340625E+3	8,301417E-1	2,340625E+3	8,309056E-1
2,342187E+3	8,187319E-1	2,342187E+3	8,213971E-1	2,342187E+3	8,213464E-1	2,342187E+3	8,220349E-1
2,343750E+3	8,015554E-1	2,343750E+3	8,066872E-1	2,343750E+3	8,105605E-1	2,343750E+3	8,127554E-1
2,345312E+3	7,886351E-1	2,345312E+3	7,971477E-1	2,345312E+3	7,992814E-1	2,345312E+3	8,001270E-1
2,346875E+3	7,738376E-1	2,346875E+3	7,821012E-1	2,346875E+3	7,873565E-1	2,346875E+3	7,882844E-1
2,348437E+3	7,633057E-1	2,348437E+3	7,696277E-1	2,348437E+3	7,725866E-1	2,348437E+3	7,731327E-1
2,350000E+3	7,514460E-1	2,350000E+3	7,543737E-1	2,350000E+3	7,573391E-1	2,350000E+3	7,603433E-1
2,351562E+3	7,375222E-1	2,351562E+3	7,426479E-1	2,351562E+3	7,452869E-1	2,351562E+3	7,478480E-1
2,353125E+3	7,286617E-1	2,353125E+3	7,326387E-1	2,353125E+3	7,328229E-1	2,353125E+3	7,359386E-1
2,354687E+3	7,154417E-1	2,354687E+3	7,205238E-1	2,354687E+3	7,213215E-1	2,354687E+3	7,232324E-1
2,356250E+3	7,045121E-1	2,356250E+3	7,094308E-1	2,356250E+3	7,094176E-1	2,356250E+3	7,132640E-1
2,357812E+3	6,978731E-1	2,357812E+3	7,022259E-1	2,357812E+3	7,027750E-1	2,357812E+3	7,058916E-1
2,359375E+3	6,892370E-1	2,359375E+3	6,931995E-1	2,359375E+3	6,970103E-1	2,359375E+3	6,982276E-1
2,360937E+3	6,844426E-1	2,360937E+3	6,879138E-1	2,360937E+3	6,911369E-1	2,360937E+3	6,926647E-1
2,362500E+3	6,839006E-1	2,362500E+3	6,859867E-1	2,362500E+3	6,858611E-1	2,362500E+3	6,867553E-1
2,364062E+3	6,825735E-1	2,364062E+3	6,828419E-1	2,364062E+3	6,811334E-1	2,364062E+3	6,840101E-1
2,365625E+3	6,822518E-1	2,365625E+3	6,798724E-1	2,365625E+3	6,810556E-1	2,365625E+3	6,831660E-1
2,367187E+3	6,827459E-1	2,367187E+3	6,790705E-1	2,367187E+3	6,835866E-1	2,367187E+3	6,825763E-1
2,368750E+3	6,774253E-1	2,368750E+3	6,779561E-1	2,368750E+3	6,815241E-1	2,368750E+3	6,809162E-1
2,370312E+3	6,752621E-1	2,370312E+3	6,790874E-1	2,370312E+3	6,776137E-1	2,370312E+3	6,796200E-1
2,371875E+3	6,773220E-1	2,371875E+3	6,778309E-1	2,371875E+3	6,778677E-1	2,371875E+3	6,759813E-1
2,373437E+3	6,754201E-1	2,373437E+3	6,770598E-1	2,373437E+3	6,765690E-1	2,373437E+3	6,774093E-1
2,375000E+3	6,759315E-1	2,375000E+3	6,764875E-1	2,375000E+3	6,764086E-1	2,375000E+3	6,788929E-1
2,376562E+3	6,767890E-1	2,376562E+3	6,774990E-1	2,376562E+3	6,787641E-1	2,376562E+3	6,799410E-1
2,378125E+3	6,787341E-1	2,378125E+3	6,777032E-1	2,378125E+3	6,774387E-1	2,378125E+3	6,765366E-1
2,379687E+3	6,777645E-1	2,379687E+3	6,784091E-1	2,379687E+3	6,767197E-1	2,379687E+3	6,793210E-1
2,381250E+3	6,803811E-1	2,381250E+3	6,797835E-1	2,381250E+3	6,774428E-1	2,381250E+3	6,794295E-1
2,382812E+3	6,817583E-1	2,382812E+3	6,805608E-1	2,382812E+3	6,818706E-1	2,382812E+3	6,818058E-1
2,384375E+3	6,840980E-1	2,384375E+3	6,857517E-1	2,384375E+3	6,859456E-1	2,384375E+3	6,856733E-1
2,385937E+3	6,923251E-1	2,385937E+3	6,886933E-1	2,385937E+3	6,908399E-1	2,385937E+3	6,894100E-1
2,387500E+3	7,063729E-1	2,387500E+3	6,981973E-1	2,387500E+3	6,962440E-1	2,387500E+3	6,965725E-1
2,389062E+3	7,141813E-1	2,389062E+3	7,090134E-1	2,389062E+3	7,026293E-1	2,389062E+3	7,031751E-1
2,390625E+3	7,194620E-1	2,390625E+3	7,164572E-1	2,390625E+3	7,159555E-1	2,390625E+3	7,164184E-1
2,392187E+3	7,297740E-1	2,392187E+3	7,299320E-1	2,392187E+3	7,270177E-1	2,392187E+3	7,259197E-1
2,393750E+3	7,457778E-1	2,393750E+3	7,441219E-1	2,393750E+3	7,398672E-1	2,393750E+3	7,382759E-1
2,395312E+3	7,627159E-1	2,395312E+3	7,567046E-1	2,395312E+3	7,529698E-1	2,395312E+3	7,536114E-1
2,396875E+3	7,871712E-1	2,396875E+3	7,721489E-1	2,396875E+3	7,715267E-1	2,396875E+3	7,663754E-1
2,398437E+3	8,008896E-1	2,398437E+3	7,916187E-1	2,398437E+3	7,854540E-1	2,398437E+3	7,857180E-1
2,400000E+3	8,100745E-1	2,400000E+3	8,094042E-1	2,400000E+3	8,022334E-1	2,400000E+3	8,008969E-1
2,401562E+3	8,245420E-1	2,401562E+3	8,239410E-1	2,401562E+3	8,184892E-1	2,401562E+3	8,208839E-1
2,403125E+3	8,512459E-1	2,403125E+3	8,443789E-1	2,403125E+3	8,390088E-1	2,403125E+3	8,380327E-1
2,404687E+3	8,659971E-1	2,404687E+3	8,630434E-1	2,404687E+3	8,590996E-1	2,404687E+3	8,554630E-1
2,406250E+3	8,841489E-1	2,406250E+3	8,778208E-1	2,406250E+3	8,767815E-1	2,406250E+3	8,746414E-1
2,407812E+3	9,031143E-1	2,407812E+3	8,969853E-1	2,407812E+3	8,918518E-1	2,407812E+3	8,905392E-1
2,409375E+3	9,182352E-1	2,409375E+3	9,135416E-1	2,409375E+3	9,073021E-1	2,409375E+3	9,069970E-1
2,410937E+3	9,307348E-1	2,410937E+3	9,256074E-1	2,410937E+3	9,259637E-1	2,410937E+3	9,225333E-1
2,412500E+3	9,402591E-1	2,412500E+3	9,388131E-1	2,412500E+3	9,359672E-1	2,412500E+3	9,339017E-1
2,414062E+3	9,494284E-1	2,414062E+3	9,494060E-1	2,414062E+3	9,456390E-1	2,414062E+3	9,446097E-1
2,415625E+3	9,565802E-1	2,415625E+3	9,537757E-1	2,415625E+3	9,537401E-1	2,415625E+3	9,527002E-1
2,417187E+3	9,608952E-1	2,417187E+3	9,577097E-1	2,417187E+3	9,582806E-1	2,417187E+3	9,575092E-1
2,418750E+3	9,596955E-1	2,418750E+3	9,583734E-1	2,418750E+3	9,607145E-1	2,418750E+3	9,588075E-1
2,420312E+3	9,551214E-1	2,420312E+3	9,566266E-1	2,420312E+3	9,586608E-1	2,420312E+3	9,575600E-1
2,421875E+3	9,475724E-1	2,421875E+3	9,509373E-1	2,421875E+3	9,545581E-1	2,421875E+3	9,543757E-1
2,423437E+3	9,408224E-1	2,423437E+3	9,445205E-1	2,423437E+3	9,457022E-1	2,423437E+3	9,459341E-1
2,425000E+3	9,283238E-1	2,425000E+3	9,331863E-1	2,425000E+3	9,357962E-1	2,425000E+3	9,360637E-1
2,426562E+3	9,145513E-1	2,426562E+3	9,203714E-1	2,426562E+3	9,240066E-1	2,426562E+3	9,242821E-1
2,428125E+3	8,997802E-1	2,428125E+3	9,044688E-1	2,428125E+3	9,101798E-1	2,428125E+3	9,094031E-1
2,429687E+3	8,821766E-1	2,429687E+3	8,889982E-1	2,429687E+3	8,941651E-1	2,429687E+3	8,948518E-1
2,431250E+3	8,634611E-1	2,431250E+3	8,686626E-1	2,431250E+3	8,740764E-1	2,431250E+3	8,765601E-1
2,432812E+3	8,446725E-1	2,432812E+3	8,535814E-1	2,432812E+3	8,567582E-1	2,432812E+3	8,598505E-1
2,434375E+3	8,244550E-1	2,434375E+3	8,363378E-1	2,434375E+3	8,409102E-1	2,434375E+3	8,429855E-1
2,435937E+3	8,077273E-1	2,435937E+3	8,140793E-1	2,435937E+3	8,178562E-1	2,435937E+3	8,198809E-1
2,437500E+3	7,876388E-1	2,437500E+3	7,964273E-1	2,437500E+3	8,011093E-1	2,437500E+3	8,029594E-1
2,439062E+3	7,707524E-1	2,439062E+3	7,786235E-1	2,439062E+3	7,829853E-1	2,439062E+3	7,862624E-1
2,440625E+3	7,565562E-1	2,440625E+3	7,617079E-1	2,440625E+3	7,637475E-1	2,440625E+3	7,688584E-1
2,442187E+3	7,410018E-1	2,442187E+3	7,441563E-1	2,442187E+3	7,496617E-1	2,442187E+3	7,505061E-1
2,443750E+3	7,268829E-1	2,443750E+3	7,275494E-1	2,443750E+3	7,352042E-1	2,443750E+3	7,377654E-1
2,445312E+3	7,128199E-1	2,445312E+3	7,154866E-1	2,445312E+3	7,234218E-1	2,445312E+3	7,229649E-1
2,446875E+3	6,983205E-1	2,446875E+3	7,043511E-1	2,446875E+3	7,090043E-1	2,446875E+3	7,101601E-1
2,448437E+3	6,869966E-1	2,448437E+3	6,943580E-1	2,448437E+3	6,928844E-1	2,448437E+3	6,998122E-1
2,450000E+3	6,788142E-1	2,450000E+3	6,814912E-1	2,450000E+3	6,842840E-1	2,450000E+3	6,897794E-1
2,451562E+3	6,703431E-1	2,451562E+3	6,728315E-1	2,451562E+3	6,782829E-1	2,451562E+3	6,840820E-1
2,453125E+3	6,628389E-1	2,453125E+3	6,704639E-1	2,453125E+3	6,681138E-1	2,453125E+3	6,770538E-1
2,454687E+3	6,605792E-1	2,454687E+3	6,633492E-1	2,454687E+3	6,621998E-1	2,454687E+3	6,710701E-1
2,456250E+3	6,589863E-1	2,456250E+3	6,616087E-1	2,456250E+3	6,576496E-1	2,456250E+3	6,653225E-1
2,457812E+3	6,597811E-1	2,457812E+3	6,624754E-1	2,457812E+3	6,575386E-1	2,457812E+3	6,617148E-1
2,459375E+3	6,600116E-1	2,459375E+3	6,610519E-1	2,459375E+3	6,600649E-1	2,459375E+3	6,620678E-1
2,460937E+3	6,594215E-1	2,460937E+3	6,586160E-1	2,460937E+3	6,583790E-1	2,460937E+3	6,599138E-1
2,462500E+3	6,655636E-1	2,462500E+3	6,627782E-1	2,462500E+3	6,640868E-1	2,462500E+3	6,660949E-1
2,464062E+3	6,705040E-1	2,464062E+3	6,687520E-1	2,464062E+3	6,695966E-1	2,464062E+3	6,716259E-1
2,465625E+3	6,778240E-1	2,465625E+3	6,730590E-1	2,465625E+3	6,701181E-1	2,465625E+3	6,726047E-1
2,467187E+3	6,809042E-1	2,467187E+3	6,750654E-1	2,467187E+3	6,731620E-1	2,467187E+3	6,787563E-1
2,468750E+3	6,874890E-1	2,468750E+3	6,849269E-1	2,468750E+3	6,760406E-1	2,468750E+3	6,825740E-1
2,470312E+3	6,947698E-1	2,470312E+3	6,904355E-1	2,470312E+3	6,831426E-1	2,470312E+3	6,900426E-1
2,471875E+3	6,990172E-1	2,471875E+3	6,945604E-1	2,471875E+3	6,924803E-1	2,471875E+3	6,966606E-1
2,473437E+3	7,022844E-1	2,473437E+3	6,967502E-1	2,473437E+3	6,971555E-1	2,473437E+3	7,016892E-1
2,475000E+3	7,100342E-1	2,475000E+3	7,019444E-1	2,475000E+3	7,035997E-1	2,475000E+3	7,085092E-1
2,476562E+3	7,111094E-1	2,476562E+3	7,084331E-1	2,476562E+3	7,083025E-1	2,476562E+3	7,150409E-1
2,478125E+3	7,119898E-1	2,478125E+3	7,118582E-1	2,478125E+3	7,078831E-1	2,478125E+3	7,181295E-1
2,479687E+3	7,251632E-1	2,479687E+3	7,150055E-1	2,479687E+3	7,154531E-1	2,479687E+3	7,231889E-1
2,481250E+3	7,250313E-1	2,481250E+3	7,213870E-1	2,481250E+3	7,212460E-1	2,481250E+3	7,268403E-1
2,482812E+3	7,249680E-1	2,482812E+3	7,252980E-1	2,482812E+3	7,233584E-1	2,482812E+3	7,334902E-1
2,484375E+3	7,343148E-1	2,484375E+3	7,320204E-1	2,484375E+3	7,289611E-1	2,484375E+3	7,397375E-1
2,485937E+3	7,419391E-1	2,485937E+3	7,404714E-1	2,485937E+3	7,376070E-1	2,485937E+3	7,486587E-1
2,487500E+3	7,525236E-1	2,487500E+3	7,486923E-1	2,487500E+3	7,447064E-1	2,487500E+3	7,566541E-1
2,489062E+3	7,609673E-1	2,489062E+3	7,574271E-1	2,489062E+3	7,538556E-1	2,489062E+3	7,612181E-1
2,490625E+3	7,701849E-1	2,490625E+3	7,643868E-1	2,490625E+3	7,615026E-1	2,490625E+3	7,706320E-1
2,492187E+3	7,805297E-1	2,492187E+3	7,729987E-1	2,492187E+3	7,709722E-1	2,492187E+3	7,781223E-1
2,493750E+3	7,868687E-1	2,493750E+3	7,826364E-1	2,493750E+3	7,792558E-1	2,493750E+3	7,855267E-1
2,495312E+3	7,901650E-1	2,495312E+3	7,883576E-1	2,495312E+3	7,874431E-1	2,495312E+3	7,917368E-1
2,496875E+3	7,942800E-1	2,496875E+3	7,944676E-1	2,496875E+3	7,929806E-1	2,496875E+3	7,958942E-1
2,498437E+3	7,983283E-1	2,498437E+3	7,978861E-1	2,498437E+3	7,971489E-1	2,498437E+3	7,985685E-1
2,500000E+3	7,983360E-1	2,500000E+3	7,985444E-1	2,500000E+3	7,989445E-1	2,500000E+3	7,983514E-1
2,501562E+3	7,962449E-1	2,501562E+3	7,974060E-1	2,501562E+3	7,985649E-1	2,501562E+3	7,961205E-1
2,503125E+3	7,925954E-1	2,503125E+3	7,955283E-1	2,503125E+3	7,963381E-1	2,503125E+3	7,929797E-1
2,504687E+3	7,884616E-1	2,504687E+3	7,916171E-1	2,504687E+3	7,927917E-1	2,504687E+3	7,882056E-1
2,506250E+3	7,878621E-1	2,506250E+3	7,849451E-1	2,506250E+3	7,882808E-1	2,506250E+3	7,829970E-1
2,507812E+3	7,806794E-1	2,507812E+3	7,815708E-1	2,507812E+3	7,825063E-1	2,507812E+3	7,773560E-1
2,509375E+3	7,760451E-1	2,509375E+3	7,775277E-1	2,509375E+3	7,766032E-1	2,509375E+3	7,704368E-1
2,510937E+3	7,700267E-1	2,510937E+3	7,724521E-1	2,510937E+3	7,734061E-1	2,510937E+3	7,673351E-1
2,512500E+3	7,671792E-1	2,512500E+3	7,678980E-1	2,512500E+3	7,696160E-1	2,512500E+3	7,639057E-1
2,514062E+3	7,684317E-1	2,514062E+3	7,686087E-1	2,514062E+3	7,662922E-1	2,514062E+3	7,602794E-1
2,515625E+3	7,711792E-1	2,515625E+3	7,686409E-1	2,515625E+3	7,705724E-1	2,515625E+3	7,599031E-1
2,517187E+3	7,787222E-1	2,517187E+3	7,721647E-1	2,517187E+3	7,707682E-1	2,517187E+3	7,671958E-1
2,518750E+3	7,829818E-1	2,518750E+3	7,790994E-1	2,518750E+3	7,751343E-1	2,518750E+3	7,719057E-1
2,520312E+3	7,864081E-1	2,520312E+3	7,824908E-1	2,520312E+3	7,804961E-1	2,520312E+3	7,768500E-1
2,521875E+3	7,923188E-1	2,521875E+3	7,930200E-1	2,521875E+3	7,893620E-1	2,521875E+3	7,851251E-1
2,523437E+3	8,091748E-1	2,523437E+3	8,016703E-1	2,523437E+3	7,981574E-1	2,523437E+3	7,969004E-1
2,525000E+3	8,175848E-1	2,525000E+3	8,141205E-1	2,525000E+3	8,092524E-1	2,525000E+3	8,073251E-1
2,526562E+3	8,326351E-1	2,526562E+3	8,271400E-1	2,526562E+3	8,209570E-1	2,526562E+3	8,184893E-1
2,528125E+3	8,449051E-1	2,528125E+3	8,390453E-1	2,528125E+3	8,350623E-1	2,528125E+3	8,310318E-1
2,529687E+3	8,577727E-1	2,529687E+3	8,527235E-1	2,529687E+3	8,474603E-1	2,529687E+3	8,443886E-1
2,531250E+3	8,706792E-1	2,531250E+3	8,636251E-1	2,531250E+3	8,608163E-1	2,531250E+3	8,581229E-1
2,532812E+3	8,824903E-1	2,532812E+3	8,766861E-1	2,532812E+3	8,730604E-1	2,532812E+3	8,714643E-1
2,534375E+3	8,926160E-1	2,534375E+3	8,876329E-1	2,534375E+3	8,838164E-1	2,534375E+3	8,811132E-1
2,535937E+3	9,004345E-1	2,535937E+3	8,957554E-1	2,535937E+3	8,924629E-1	2,535937E+3	8,913851E-1
2,537500E+3	9,079138E-1	2,537500E+3	9,027442E-1	2,537500E+3	9,008183E-1	2,537500E+3	8,995757E-1
2,539062E+3	9,120942E-1	2,539062E+3	9,085732E-1	2,539062E+3	9,070063E-1	2,539062E+3	9,049753E-1
2,540625E+3	9,138134E-1	2,540625E+3	9,119715E-1	2,540625E+3	9,113054E-1	2,540625E+3	9,089560E-1
2,542187E+3	9,162861E-1	2,542187E+3	9,146358E-1	2,542187E+3	9,133902E-1	2,542187E+3	9,117532E-1
2,543750E+3	9,154564E-1	2,543750E+3	9,149451E-1	2,543750E+3	9,141095E-1	2,543750E+3	9,122675E-1
2,545312E+3	9,121381E-1	2,545312E+3	9,117329E-1	2,545312E+3	9,125445E-1	2,545312E+3	9,099708E-1
2,546875E+3	9,047885E-1	2,546875E+3	9,077341E-1	2,546875E+3	9,083240E-1	2,546875E+3	9,064653E-1
2,548437E+3	8,992627E-1	2,548437E+3	9,007596E-1	2,548437E+3	9,023635E-1	2,548437E+3	9,008375E-1
2,550000E+3	8,908104E-1	2,550000E+3	8,943201E-1	2,550000E+3	8,951692E-1	2,550000E+3	8,945252E-1
2,551562E+3	8,811299E-1	2,551562E+3	8,847558E-1	2,551562E+3	8,868748E-1	2,551562E+3	8,860281E-1
2,553125E+3	8,697499E-1	2,553125E+3	8,742383E-1	2,553125E+3	8,756019E-1	2,553125E+3	8,763535E-1
2,554687E+3	8,578304E-1	2,554687E+3	8,634204E-1	2,554687E+3	8,657856E-1	2,554687E+3	8,651375E-1
2,556250E+3	8,455445E-1	2,556250E+3	8,490720E-1	2,556250E+3	8,533810E-1	2,556250E+3	8,528883E-1
2,557812E+3	8,285449E-1	2,557812E+3	8,353797E-1	2,557812E+3	8,409086E-1	2,557812E+3	8,399854E-1
2,559375E+3	8,148779E-1	2,559375E+3	8,213511E-1	2,559375E+3	8,258007E-1	2,559375E+3	8,274364E-1
2,560937E+3	7,961556E-1	2,560937E+3	8,073741E-1	2,560937E+3	8,132429E-1	2,560937E+3	8,119031E-1
2,562500E+3	7,814616E-1	2,562500E+3	7,912162E-1	2,562500E+3	7,961119E-1	2,562500E+3	7,942467E-1
2,564062E+3	7,699689E-1	2,564062E+3	7,743499E-1	2,564062E+3	7,768946E-1	2,564062E+3	7,817846E-1
2,565625E+3	7,499057E-1	2,565625E+3	7,577062E-1	2,565625E+3	7,605748E-1	2,565625E+3	7,662032E-1
2,567187E+3	7,360422E-1	2,567187E+3	7,422981E-1	2,567187E+3	7,434946E-1	2,567187E+3	7,454787E-1
2,568750E+3	7,173258E-1	2,568750E+3	7,228057E-1	2,568750E+3	7,302334E-1	2,568750E+3	7,314360E-1
2,570312E+3	7,051571E-1	2,570312E+3	7,094945E-1	2,570312E+3	7,119227E-1	2,570312E+3	7,141316E-1
2,571875E+3	6,906867E-1	2,571875E+3	6,925586E-1	2,571875E+3	6,958890E-1	2,571875E+3	7,004946E-1
2,573437E+3	6,756242E-1	2,573437E+3	6,791016E-1	2,573437E+3	6,784543E-1	2,573437E+3	6,854938E-1
2,575000E+3	6,629204E-1	2,575000E+3	6,636060E-1	2,575000E+3	6,675742E-1	2,575000E+3	6,741298E-1
2,576562E+3	6,436677E-1	2,576562E+3	6,534362E-1	2,576562E+3	6,605613E-1	2,576562E+3	6,621562E-1
2,578125E+3	6,370476E-1	2,578125E+3	6,421282E-1	2,578125E+3	6,460718E-1	2,578125E+3	6,540371E-1
2,579687E+3	6,325479E-1	2,579687E+3	6,336141E-1	2,579687E+3	6,376072E-1	2,579687E+3	6,428941E-1
2,581250E+3	6,306077E-1	2,581250E+3	6,311021E-1	2,581250E+3	6,314029E-1	2,581250E+3	6,333317E-1
2,582812E+3	6,262116E-1	2,582812E+3	6,225242E-1	2,582812E+3	6,260729E-1	2,582812E+3	6,310981E-1
2,584375E+3	6,186370E-1	2,584375E+3	6,183374E-1	2,584375E+3	6,182954E-1	2,584375E+3	6,230943E-1
2,585937E+3	6,188112E-1	2,585937E+3	6,178592E-1	2,585937E+3	6,139080E-1	2,585937E+3	6,210057E-1
2,587500E+3	6,226167E-1	2,587500E+3	6,160636E-1	2,587500E+3	6,169419E-1	2,587500E+3	6,190891E-1
2,589062E+3	6,191220E-1	2,589062E+3	6,184165E-1	2,589062E+3	6,168490E-1	2,589062E+3	6,199717E-1
2,590625E+3	6,251725E-1	2,590625E+3	6,196677E-1	2,590625E+3	6,163159E-1	2,590625E+3	6,170436E-1
2,592187E+3	6,330305E-1	2,592187E+3	6,256462E-1	2,592187E+3	6,197140E-1	2,592187E+3	6,222219E-1
2,593750E+3	6,432980E-1	2,593750E+3	6,308457E-1	2,593750E+3	6,257890E-1	2,593750E+3	6,277137E-1
2,595312E+3	6,437981E-1	2,595312E+3	6,339059E-1	2,595312E+3	6,300381E-1	2,595312E+3	6,345949E-1
2,596875E+3	6,464480E-1	2,596875E+3	6,419410E-1	2,596875E+3	6,369656E-1	2,596875E+3	6,412537E-1
2,598437E+3	6,517799E-1	2,598437E+3	6,459580E-1	2,598437E+3	6,449729E-1	2,598437E+3	6,462483E-1
2,600000E+3	6,586134E-1	2,600000E+3	6,510773E-1	2,600000E+3	6,519927E-1	2,600000E+3	6,509542E-1
2,601562E+3	6,645496E-1	2,601562E+3	6,578543E-1	2,601562E+3	6,587038E-1	2,601562E+3	6,584773E-1
2,603125E+3	6,685132E-1	2,603125E+3	6,616678E-1	2,603125E+3	6,599407E-1	2,603125E+3	6,623697E-1
2,604687E+3	6,642914E-1	2,604687E+3	6,655131E-1	2,604687E+3	6,636495E-1	2,604687E+3	6,650070E-1
2,606250E+3	6,619756E-1	2,606250E+3	6,666713E-1	2,606250E+3	6,633338E-1	2,606250E+3	6,630275E-1
2,607812E+3	6,580223E-1	2,607812E+3	6,630575E-1	2,607812E+3	6,605287E-1	2,607812E+3	6,628335E-1
2,609375E+3	6,530266E-1	2,609375E+3	6,570113E-1	2,609375E+3	6,570172E-1	2,609375E+3	6,605301E-1
2,610937E+3	6,479613E-1	2,610937E+3	6,478014E-1	2,610937E+3	6,536501E-1	2,610937E+3	6,532008E-1
2,612500E+3	6,468383E-1	2,612500E+3	6,424289E-1	2,612500E+3	6,454509E-1	2,612500E+3	6,451785E-1
2,614062E+3	6,351106E-1	2,614062E+3	6,354091E-1	2,614062E+3	6,360660E-1	2,614062E+3	6,366632E-1
2,615625E+3	6,239908E-1	2,615625E+3	6,251471E-1	2,615625E+3	6,277128E-1	2,615625E+3	6,290724E-1
2,617187E+3	6,213252E-1	2,617187E+3	6,179256E-1	2,617187E+3	6,214347E-1	2,617187E+3	6,194973E-1
2,618750E+3	6,113378E-1	2,618750E+3	6,119780E-1	2,618750E+3	6,141182E-1	2,618750E+3	6,108943E-1
2,620312E+3	6,068853E-1	2,620312E+3	6,051391E-1	2,620312E+3	6,072885E-1	2,620312E+3	6,080543E-1
2,621875E+3	5,982021E-1	2,621875E+3	5,965786E-1	2,621875E+3	6,000587E-1	2,621875E+3	6,042481E-1
2,623437E+3	5,941364E-1	2,623437E+3	5,978771E-1	2,623437E+3	5,950660E-1	2,623437E+3	5,989299E-1
2,625000E+3	5,930886E-1	2,625000E+3	5,931781E-1	2,625000E+3	5,920035E-1	2,625000E+3	5,935221E-1
2,626562E+3	5,946412E-1	2,626562E+3	5,918630E-1	2,626562E+3	5,942564E-1	2,626562E+3	5,964259E-1
2,628125E+3	5,963610E-1	2,628125E+3	5,936249E-1	2,628125E+3	5,931847E-1	2,628125E+3	5,951210E-1
2,629687E+3	6,000002E-1	2,629687E+3	5,932278E-1	2,629687E+3	5,912788E-1	2,629687E+3	5,971409E-1
2,631250E+3	6,072756E-1	2,631250E+3	5,968586E-1	2,631250E+3	5,975465E-1	2,631250E+3	6,030889E-1
2,632812E+3	6,145210E-1	2,632812E+3	6,092851E-1	2,632812E+3	6,042428E-1	2,632812E+3	6,075249E-1
2,634375E+3	6,163693E-1	2,634375E+3	6,199595E-1	2,634375E+3	6,163683E-1	2,634375E+3	6,161602E-1
2,635937E+3	6,271757E-1	2,635937E+3	6,313425E-1	2,635937E+3	6,228868E-1	2,635937E+3	6,233489E-1
2,637500E+3	6,552130E-1	2,637500E+3	6,371743E-1	2,637500E+3	6,314281E-1	2,637500E+3	6,348289E-1
2,639062E+3	6,619522E-1	2,639062E+3	6,520214E-1	2,639062E+3	6,479090E-1	2,639062E+3	6,459872E-1
2,640625E+3	6,732435E-1	2,640625E+3	6,629728E-1	2,640625E+3	6,593616E-1	2,640625E+3	6,597185E-1
2,642187E+3	6,900728E-1	2,642187E+3	6,818261E-1	2,642187E+3	6,720206E-1	2,642187E+3	6,741288E-1
2,643750E+3	7,084581E-1	2,643750E+3	6,963793E-1	2,643750E+3	6,904118E-1	2,643750E+3	6,908442E-1
2,645312E+3	7,216408E-1	2,645312E+3	7,120486E-1	2,645312E+3	7,049643E-1	2,645312E+3	7,051328E-1
2,646875E+3	7,360602E-1	2,646875E+3	7,271718E-1	2,646875E+3	7,211576E-1	2,646875E+3	7,192440E-1
2,648437E+3	7,508954E-1	2,648437E+3	7,430993E-1	2,648437E+3	7,368594E-1	2,648437E+3	7,358103E-1
2,650000E+3	7,620210E-1	2,650000E+3	7,540577E-1	2,650000E+3	7,514878E-1	2,650000E+3	7,494013E-1
2,651562E+3	7,731146E-1	2,651562E+3	7,653026E-1	2,651562E+3	7,616291E-1	2,651562E+3	7,613162E-1
2,653125E+3	7,809796E-1	2,653125E+3	7,755017E-1	2,653125E+3	7,722432E-1	2,653125E+3	7,711248E-1
2,654687E+3	7,836039E-1	2,654687E+3	7,819456E-1	2,654687E+3	7,792614E-1	2,654687E+3	7,783698E-1
2,656250E+3	7,846343E-1	2,656250E+3	7,841477E-1	2,656250E+3	7,838239E-1	2,656250E+3	7,821477E-1
2,657812E+3	7,832462E-1	2,657812E+3	7,839566E-1	2,657812E+3	7,841289E-1	2,657812E+3	7,842552E-1
2,659375E+3	7,788584E-1	2,659375E+3	7,797714E-1	2,659375E+3	7,816971E-1	2,659375E+3	7,814962E-1
2,660937E+3	7,691472E-1	2,660937E+3	7,729681E-1	2,660937E+3	7,756095E-1	2,660937E+3	7,745130E-1
2,662500E+3	7,579321E-1	2,662500E+3	7,634748E-1	2,662500E+3	7,674368E-1	2,662500E+3	7,665617E-1
2,664062E+3	7,417462E-1	2,664062E+3	7,494511E-1	2,664062E+3	7,555855E-1	2,664062E+3	7,542584E-1
2,665625E+3	7,266316E-1	2,665625E+3	7,371427E-1	2,665625E+3	7,417035E-1	2,665625E+3	7,409623E-1
2,667187E+3	7,129063E-1	2,667187E+3	7,205495E-1	2,667187E+3	7,262869E-1	2,667187E+3	7,259301E-1
2,668750E+3	6,937552E-1	2,668750E+3	7,035821E-1	2,668750E+3	7,099074E-1	2,668750E+3	7,107805E-1
2,670312E+3	6,771199E-1	2,670312E+3	6,881262E-1	2,670312E+3	6,906279E-1	2,670312E+3	6,928559E-1
2,671875E+3	6,604596E-1	2,671875E+3	6,679731E-1	2,671875E+3	6,770546E-1	2,671875E+3	6,755061E-1
2,673437E+3	6,399546E-1	2,673437E+3	6,521048E-1	2,673437E+3	6,551846E-1	2,673437E+3	6,578705E-1
2,675000E+3	6,238052E-1	2,675000E+3	6,312487E-1	2,675000E+3	6,409357E-1	2,675000E+3	6,425179E-1
2,676562E+3	6,123387E-1	2,676562E+3	6,169979E-1	2,676562E+3	6,269796E-1	2,676562E+3	6,255110E-1
2,678125E+3	5,957260E-1	2,678125E+3	6,038140E-1	2,678125E+3	6,090655E-1	2,678125E+3	6,102650E-1
2,679687E+3	5,829953E-1	2,679687E+3	5,899804E-1	2,679687E+3	5,942495E-1	2,679687E+3	5,934281E-1
2,681250E+3	5,713755E-1	2,681250E+3	5,751964E-1	2,681250E+3	5,791075E-1	2,681250E+3	5,845539E-1
2,682812E+3	5,610177E-1	2,682812E+3	5,632335E-1	2,682812E+3	5,694899E-1	2,682812E+3	5,696529E-1
2,684375E+3	5,466425E-1	2,684375E+3	5,554503E-1	2,684375E+3	5,594023E-1	2,684375E+3	5,564504E-1
2,685937E+3	5,368276E-1	2,685937E+3	5,461441E-1	2,685937E+3	5,490583E-1	2,685937E+3	5,502070E-1
2,687500E+3	5,302973E-1	2,687500E+3	5,325555E-1	2,687500E+3	5,396498E-1	2,687500E+3	5,392872E-1
2,689062E+3	5,248229E-1	2,689062E+3	5,283811E-1	2,689062E+3	5,333243E-1	2,689062E+3	5,311683E-1
2,690625E+3	5,165288E-1	2,690625E+3	5,231517E-1	2,690625E+3	5,297021E-1	2,690625E+3	5,295025E-1
2,692187E+3	5,162741E-1	2,692187E+3	5,171268E-1	2,692187E+3	5,191951E-1	2,692187E+3	5,167266E-1
2,693750E+3	5,134519E-1	2,693750E+3	5,140928E-1	2,693750E+3	5,122905E-1	2,693750E+3	5,185530E-1
2,695312E+3	5,077145E-1	2,695312E+3	5,124095E-1	2,695312E+3	5,112832E-1	2,695312E+3	5,141679E-1
2,696875E+3	5,027211E-1	2,696875E+3	5,064992E-1	2,696875E+3	5,092655E-1	2,696875E+3	5,118223E-1
2,698437E+3	5,016320E-1	2,698437E+3	4,976585E-1	2,698437E+3	5,027507E-1	2,698437E+3	5,094002E-1
2,700000E+3	5,001515E-1	2,700000E+3	4,990234E-1	2,700000E+3	5,004462E-1	2,700000E+3	5,038038E-1
2,701562E+3	4,996030E-1	2,701562E+3	4,989064E-1	2,701562E+3	4,993412E-1	2,701562E+3	5,014291E-1
2,703125E+3	4,968997E-1	2,703125E+3	4,954001E-1	2,703125E+3	4,923438E-1	2,703125E+3	4,982762E-1
2,704687E+3	4,879800E-1	2,704687E+3	4,911898E-1	2,704687E+3	4,919223E-1	2,704687E+3	4,922007E-1
2,706250E+3	4,842983E-1	2,706250E+3	4,877938E-1	2,706250E+3	4,880655E-1	2,706250E+3	4,893652E-1
2,707812E+3	4,849516E-1	2,707812E+3	4,838623E-1	2,707812E+3	4,869377E-1	2,707812E+3	4,886445E-1
2,709375E+3	4,795200E-1	2,709375E+3	4,817746E-1	2,709375E+3	4,838721E-1	2,709375E+3	4,783288E-1
2,710937E+3	4,767763E-1	2,710937E+3	4,779350E-1	2,710937E+3	4,764640E-1	2,710937E+3	4,785504E-1
2,712500E+3	4,696819E-1	2,712500E+3	4,739636E-1	2,712500E+3	4,726615E-1	2,712500E+3	4,773879E-1
2,714062E+3	4,636019E-1	2,714062E+3	4,715368E-1	2,714062E+3	4,707839E-1	2,714062E+3	4,730067E-1
2,715625E+3	4,650205E-1	2,715625E+3	4,631485E-1	2,715625E+3	4,679155E-1	2,715625E+3	4,678666E-1
2,717187E+3	4,574086E-1	2,717187E+3	4,625962E-1	2,717187E+3	4,642326E-1	2,717187E+3	4,652946E-1
2,718750E+3	4,583544E-1	2,718750E+3	4,585401E-1	2,718750E+3	4,646733E-1	2,718750E+3	4,647497E-1
2,720312E+3	4,541683E-1	2,720312E+3	4,615618E-1	2,720312E+3	4,635563E-1	2,720312E+3	4,625342E-1
2,721875E+3	4,525441E-1	2,721875E+3	4,603734E-1	2,721875E+3	4,597717E-1	2,721875E+3	4,597885E-1
2,723437E+3	4,538892E-1	2,723437E+3	4,622361E-1	2,723437E+3	4,563535E-1	2,723437E+3	4,588928E-1
2,725000E+3	4,531636E-1	2,725000E+3	4,547690E-1	2,725000E+3	4,570080E-1	2,725000E+3	4,615017E-1
2,726562E+3	4,453484E-1	2,726562E+3	4,536184E-1	2,726562E+3	4,540982E-1	2,726562E+3	4,608294E-1
2,728125E+3	4,494570E-1	2,728125E+3	4,558079E-1	2,728125E+3	4,477322E-1	2,728125E+3	4,554026E-1
2,729687E+3	4,574424E-1	2,729687E+3	4,524524E-1	2,729687E+3	4,503288E-1	2,729687E+3	4,615411E-1
2,731250E+3	4,554904E-1	2,731250E+3	4,539692E-1	2,731250E+3	4,545829E-1	2,731250E+3	4,587310E-1
2,732812E+3	4,469604E-1	2,732812E+3	4,551739E-1	2,732812E+3	4,589024E-1	2,732812E+3	4,592011E-1
2,734375E+3	4,461064E-1	2,734375E+3	4,567632E-1	2,734375E+3	4,586588E-1	2,734375E+3	4,605411E-1
2,735937E+3	4,494408E-1	2,735937E+3	4,573905E-1	2,735937E+3	4,575994E-1	2,735937E+3	4,620222E-1
2,737500E+3	4,535159E-1	2,737500E+3	4,567683E-1	2,737500E+3	4,610212E-1	2,737500E+3	4,617196E-1
2,739062E+3	4,589129E-1	2,739062E+3	4,567418E-1	2,739062E+3	4,622662E-1	2,739062E+3	4,592894E-1
2,740625E+3	4,597717E-1	2,740625E+3	4,595767E-1	2,740625E+3	4,583343E-1	2,740625E+3	4,608012E-1
2,742187E+3	4,556467E-1	2,742187E+3	4,595595E-1	2,742187E+3	4,587650E-1	2,742187E+3	4,663703E-1
2,743750E+3	4,641411E-1	2,743750E+3	4,604891E-1	2,743750E+3	4,632082E-1	2,743750E+3	4,685580E-1
2,745312E+3	4,684259E-1	2,745312E+3	4,618870E-1	2,745312E+3	4,635587E-1	2,745312E+3	4,689098E-1
2,746875E+3	4,736629E-1	2,746875E+3	4,659499E-1	2,746875E+3	4,613942E-1	2,746875E+3	4,733435E-1
2,748437E+3	4,708415E-1	2,748437E+3	4,673441E-1	2,748437E+3	4,695080E-1	2,748437E+3	4,757103E-1
2,750000E+3	4,670449E-1	2,750000E+3	4,711194E-1	2,750000E+3	4,710001E-1	2,750000E+3	4,743986E-1
2,751562E+3	4,696254E-1	2,751562E+3	4,748193E-1	2,751562E+3	4,736193E-1	2,751562E+3	4,759418E-1
2,753125E+3	4,808275E-1	2,753125E+3	4,739683E-1	2,753125E+3	4,760985E-1	2,753125E+3	4,746245E-1
2,754687E+3	4,771197E-1	2,754687E+3	4,810942E-1	2,754687E+3	4,801426E-1	2,754687E+3	4,821186E-1
2,756250E+3	4,832631E-1	2,756250E+3	4,773410E-1	2,756250E+3	4,804871E-1	2,756250E+3	4,830731E-1
2,757812E+3	4,921164E-1	2,757812E+3	4,833523E-1	2,757812E+3	4,877625E-1	2,757812E+3	4,804208E-1
2,759375E+3	4,940812E-1	2,759375E+3	4,890264E-1	2,759375E+3	4,893386E-1	2,759375E+3	4,881388E-1
2,760937E+3	5,005884E-1	2,760937E+3	4,922056E-1	2,760937E+3	4,968697E-1	2,760937E+3	4,957018E-1
2,762500E+3	5,002100E-1	2,762500E+3	4,992080E-1	2,762500E+3	4,999121E-1	2,762500E+3	5,023185E-1
2,764062E+3	4,986174E-1	2,764062E+3	5,067154E-1	2,764062E+3	4,992551E-1	2,764062E+3	5,069602E-1
2,765625E+3	5,094929E-1	2,765625E+3	5,108675E-1	2,765625E+3	5,125017E-1	2,765625E+3	5,133748E-1
2,767187E+3	5,155031E-1	2,767187E+3	5,178438E-1	2,767187E+3	5,188001E-1	2,767187E+3	5,233184E-1
2,768750E+3	5,295574E-1	2,768750E+3	5,251079E-1	2,768750E+3	5,251542E-1	2,768750E+3	5,272871E-1
2,770312E+3	5,362497E-1	2,770312E+3	5,360110E-1	2,770312E+3	5,320189E-1	2,770312E+3	5,353820E-1
2,771875E+3	5,444171E-1	2,771875E+3	5,415274E-1	2,771875E+3	5,399300E-1	2,771875E+3	5,415990E-1
2,773437E+3	5,580579E-1	2,773437E+3	5,509812E-1	2,773437E+3	5,526258E-1	2,773437E+3	5,521629E-1
2,775000E+3	5,693838E-1	2,775000E+3	5,634695E-1	2,775000E+3	5,646332E-1	2,775000E+3	5,633885E-1
2,776562E+3	5,772929E-1	2,776562E+3	5,735562E-1	2,776562E+3	5,707145E-1	2,776562E+3	5,741164E-1
2,778125E+3	5,885277E-1	2,778125E+3	5,833426E-1	2,778125E+3	5,781455E-1	2,778125E+3	5,823352E-1
2,779687E+3	5,957881E-1	2,779687E+3	5,916182E-1	2,779687E+3	5,903926E-1	2,779687E+3	5,936218E-1
2,781250E+3	6,099002E-1	2,781250E+3	6,047064E-1	2,781250E+3	6,002670E-1	2,781250E+3	6,087463E-1
2,782812E+3	6,226717E-1	2,782812E+3	6,159538E-1	2,782812E+3	6,142302E-1	2,782812E+3	6,215627E-1
2,784375E+3	6,354586E-1	2,784375E+3	6,304158E-1	2,784375E+3	6,247451E-1	2,784375E+3	6,268549E-1
2,785937E+3	6,395703E-1	2,785937E+3	6,413404E-1	2,785937E+3	6,338634E-1	2,785937E+3	6,393972E-1
2,787500E+3	6,500898E-1	2,787500E+3	6,518417E-1	2,787500E+3	6,502753E-1	2,787500E+3	6,543960E-1
2,789062E+3	6,665126E-1	2,789062E+3	6,618222E-1	2,789062E+3	6,618919E-1	2,789062E+3	6,645951E-1
2,790625E+3	6,753998E-1	2,790625E+3	6,753968E-1	2,790625E+3	6,730559E-1	2,790625E+3	6,743636E-1
2,792187E+3	6,848437E-1	2,792187E+3	6,833923E-1	2,792187E+3	6,855001E-1	2,792187E+3	6,877238E-1
2,793750E+3	6,985101E-1	2,793750E+3	6,958265E-1	2,793750E+3	6,963088E-1	2,793750E+3	6,969446E-1
2,795312E+3	7,056015E-1	2,795312E+3	7,048103E-1	2,795312E+3	7,037250E-1	2,795312E+3	7,077144E-1
2,796875E+3	7,164003E-1	2,796875E+3	7,130859E-1	2,796875E+3	7,151169E-1	2,796875E+3	7,172510E-1
2,798437E+3	7,225359E-1	2,798437E+3	7,218198E-1	2,798437E+3	7,221184E-1	2,798437E+3	7,266692E-1
2,800000E+3	7,280535E-1	2,800000E+3	7,290123E-1	2,800000E+3	7,308677E-1	2,800000E+3	7,323769E-1
2,801562E+3	7,321610E-1	2,801562E+3	7,355016E-1	2,801562E+3	7,362206E-1	2,801562E+3	7,361189E-1
2,803125E+3	7,376697E-1	2,803125E+3	7,401012E-1	2,803125E+3	7,424305E-1	2,803125E+3	7,426492E-1
2,804687E+3	7,399315E-1	2,804687E+3	7,437778E-1	2,804687E+3	7,454619E-1	2,804687E+3	7,468194E-1
2,806250E+3	7,389900E-1	2,806250E+3	7,458550E-1	2,806250E+3	7,501887E-1	2,806250E+3	7,494445E-1
2,807812E+3	7,413957E-1	2,807812E+3	7,462182E-1	2,807812E+3	7,504870E-1	2,807812E+3	7,494564E-1
2,809375E+3	7,431538E-1	2,809375E+3	7,476163E-1	2,809375E+3	7,501204E-1	2,809375E+3	7,487194E-1
2,810937E+3	7,425133E-1	2,810937E+3	7,470361E-1	2,810937E+3	7,517618E-1	2,810937E+3	7,521511E-1
2,812500E+3	7,440731E-1	2,812500E+3	7,462763E-1	2,812500E+3	7,517103E-1	2,812500E+3	7,527769E-1
2,814062E+3	7,468541E-1	2,814062E+3	7,483330E-1	2,814062E+3	7,523243E-1	2,814062E+3	7,527207E-1
2,815625E+3	7,436812E-1	2,815625E+3	7,492064E-1	2,815625E+3	7,533386E-1	2,815625E+3	7,521573E-1
2,817187E+3	7,479925E-1	2,817187E+3	7,510903E-1	2,817187E+3	7,550597E-1	2,817187E+3	7,526684E-1
2,818750E+3	7,507959E-1	2,818750E+3	7,518488E-1	2,818750E+3	7,547989E-1	2,818750E+3	7,558759E-1
2,820312E+3	7,534096E-1	2,820312E+3	7,568748E-1	2,820312E+3	7,576090E-1	2,820312E+3	7,560858E-1
2,821875E+3	7,574729E-1	2,821875E+3	7,601481E-1	2,821875E+3	7,607141E-1	2,821875E+3	7,640208E-1
2,823437E+3	7,675085E-1	2,823437E+3	7,685089E-1	2,823437E+3	7,672662E-1	2,823437E+3	7,693433E-1
2,825000E+3	7,723479E-1	2,825000E+3	7,753783E-1	2,825000E+3	7,750238E-1	2,825000E+3	7,730847E-1
2,826562E+3	7,804074E-1	2,826562E+3	7,809580E-1	2,826562E+3	7,822111E-1	2,826562E+3	7,836546E-1
2,828125E+3	7,905266E-1	2,828125E+3	7,915202E-1	2,828125E+3	7,898430E-1	2,828125E+3	7,906979E-1
2,829687E+3	8,015802E-1	2,829687E+3	7,999527E-1	2,829687E+3	8,000250E-1	2,829687E+3	7,993360E-1
2,831250E+3	8,106522E-1	2,831250E+3	8,102448E-1	2,831250E+3	8,117389E-1	2,831250E+3	8,113388E-1
2,832812E+3	8,237576E-1	2,832812E+3	8,223416E-1	2,832812E+3	8,229806E-1	2,832812E+3	8,227576E-1
2,834375E+3	8,371076E-1	2,834375E+3	8,334943E-1	2,834375E+3	8,339146E-1	2,834375E+3	8,317466E-1
2,835937E+3	8,462590E-1	2,835937E+3	8,448722E-1	2,835937E+3	8,445365E-1	2,835937E+3	8,444109E-1
2,837500E+3	8,616425E-1	2,837500E+3	8,577072E-1	2,837500E+3	8,559686E-1	2,837500E+3	8,568929E-1
2,839062E+3	8,719957E-1	2,839062E+3	8,709414E-1	2,839062E+3	8,686869E-1	2,839062E+3	8,692132E-1
2,840625E+3	8,856954E-1	2,840625E+3	8,828198E-1	2,840625E+3	8,796425E-1	2,840625E+3	8,796855E-1
2,842187E+3	8,946152E-1	2,842187E+3	8,933183E-1	2,842187E+3	8,925380E-1	2,842187E+3	8,921249E-1
2,843750E+3	9,060033E-1	2,843750E+3	9,046080E-1	2,843750E+3	9,028068E-1	2,843750E+3	9,013455E-1
2,845312E+3	9,148827E-1	2,845312E+3	9,127500E-1	2,845312E+3	9,121582E-1	2,845312E+3	9,110432E-1
2,846875E+3	9,232169E-1	2,846875E+3	9,223230E-1	2,846875E+3	9,217455E-1	2,846875E+3	9,199346E-1
2,848437E+3	9,295102E-1	2,848437E+3	9,306726E-1	2,848437E+3	9,291123E-1	2,848437E+3	9,277331E-1
2,850000E+3	9,364913E-1	2,850000E+3	9,359985E-1	2,850000E+3	9,360199E-1	2,850000E+3	9,335481E-1
2,851562E+3	9,402714E-1	2,851562E+3	9,415587E-1	2,851562E+3	9,413767E-1	2,851562E+3	9,388220E-1
2,853125E+3	9,437422E-1	2,853125E+3	9,441190E-1	2,853125E+3	9,450203E-1	2,853125E+3	9,424570E-1
2,854687E+3	9,441178E-1	2,854687E+3	9,467087E-1	2,854687E+3	9,477278E-1	2,854687E+3	9,449217E-1
2,856250E+3	9,452412E-1	2,856250E+3	9,474007E-1	2,856250E+3	9,488122E-1	2,856250E+3	9,458749E-1
2,857812E+3	9,439187E-1	2,857812E+3	9,466077E-1	2,857812E+3	9,483019E-1	2,857812E+3	9,455559E-1
2,859375E+3	9,405913E-1	2,859375E+3	9,455226E-1	2,859375E+3	9,471984E-1	2,859375E+3	9,432462E-1
2,860937E+3	9,373423E-1	2,860937E+3	9,422718E-1	2,860937E+3	9,448512E-1	2,860937E+3	9,418086E-1
2,862500E+3	9,333346E-1	2,862500E+3	9,394185E-1	2,862500E+3	9,410637E-1	2,862500E+3	9,385057E-1
2,864062E+3	9,289895E-1	2,864062E+3	9,350264E-1	2,864062E+3	9,372437E-1	2,864062E+3	9,341348E-1
2,865625E+3	9,248208E-1	2,865625E+3	9,297378E-1	2,865625E+3	9,331456E-1	2,865625E+3	9,297496E-1
2,867187E+3	9,198852E-1	2,867187E+3	9,243033E-1	2,867187E+3	9,281526E-1	2,867187E+3	9,259994E-1
2,868750E+3	9,131171E-1	2,868750E+3	9,206594E-1	2,868750E+3	9,233026E-1	2,868750E+3	9,207220E-1
2,870312E+3	9,088211E-1	2,870312E+3	9,135439E-1	2,870312E+3	9,181301E-1	2,870312E+3	9,157635E-1
2,871875E+3	9,036705E-1	2,871875E+3	9,102561E-1	2,871875E+3	9,123726E-1	2,871875E+3	9,112382E-1
2,873437E+3	8,995781E-1	2,873437E+3	9,071329E-1	2,873437E+3	9,098113E-1	2,873437E+3	9,083830E-1
2,875000E+3	8,957865E-1	2,875000E+3	9,022001E-1	2,875000E+3	9,053545E-1	2,875000E+3	9,042431E-1
2,876562E+3	8,936338E-1	2,876562E+3	9,001223E-1	2,876562E+3	9,027148E-1	2,876562E+3	9,010729E-1
2,878125E+3	8,925045E-1	2,878125E+3	8,969063E-1	2,878125E+3	9,003457E-1	2,878125E+3	8,991536E-1
2,879687E+3	8,914146E-1	2,879687E+3	8,947807E-1	2,879687E+3	8,985129E-1	2,879687E+3	8,988840E-1
2,881250E+3	8,907316E-1	2,881250E+3	8,945345E-1	2,881250E+3	8,972755E-1	2,881250E+3	8,989209E-1
2,882812E+3	8,914999E-1	2,882812E+3	8,952024E-1	2,882812E+3	8,979914E-1	2,882812E+3	8,996968E-1
2,884375E+3	8,917925E-1	2,884375E+3	8,959509E-1	2,884375E+3	8,996745E-1	2,884375E+3	8,987197E-1
2,885937E+3	8,941005E-1	2,885937E+3	8,958426E-1	2,885937E+3	9,014485E-1	2,885937E+3	9,005227E-1
2,887500E+3	8,961345E-1	2,887500E+3	9,012991E-1	2,887500E+3	9,033979E-1	2,887500E+3	9,042441E-1
2,889062E+3	8,987154E-1	2,889062E+3	9,037944E-1	2,889062E+3	9,052689E-1	2,889062E+3	9,052515E-1
2,890625E+3	9,054020E-1	2,890625E+3	9,061605E-1	2,890625E+3	9,087930E-1	2,890625E+3	9,085763E-1
2,892187E+3	9,104268E-1	2,892187E+3	9,085438E-1	2,892187E+3	9,121377E-1	2,892187E+3	9,128084E-1
2,893750E+3	9,136553E-1	2,893750E+3	9,118897E-1	2,893750E+3	9,158300E-1	2,893750E+3	9,176324E-1
2,895312E+3	9,176884E-1	2,895312E+3	9,178436E-1	2,895312E+3	9,200747E-1	2,895312E+3	9,217193E-1
2,896875E+3	9,223803E-1	2,896875E+3	9,236411E-1	2,896875E+3	9,258218E-1	2,896875E+3	9,277792E-1
2,898437E+3	9,283635E-1	2,898437E+3	9,293687E-1	2,898437E+3	9,307130E-1	2,898437E+3	9,313893E-1
2,900000E+3	9,322697E-1	2,900000E+3	9,345322E-1	2,900000E+3	9,341338E-1	2,900000E+3	9,356433E-1
2,901562E+3	9,380056E-1	2,901562E+3	9,394080E-1	2,901562E+3	9,418578E-1	2,901562E+3	9,417138E-1
2,903125E+3	9,432625E-1	2,903125E+3	9,438969E-1	2,903125E+3	9,463203E-1	2,903125E+3	9,470761E-1
2,904687E+3	9,471658E-1	2,904687E+3	9,488010E-1	2,904687E+3	9,502503E-1	2,904687E+3	9,509667E-1
2,906250E+3	9,543419E-1	2,906250E+3	9,541006E-1	2,906250E+3	9,547468E-1	2,906250E+3	9,567602E-1
2,907812E+3	9,584348E-1	2,907812E+3	9,586534E-1	2,907812E+3	9,596293E-1	2,907812E+3	9,610821E-1
2,909375E+3	9,615342E-1	2,909375E+3	9,639485E-1	2,909375E+3	9,643334E-1	2,909375E+3	9,657247E-1
2,910937E+3	9,664479E-1	2,910937E+3	9,671454E-1	2,910937E+3	9,682240E-1	2,910937E+3	9,691040E-1
2,912500E+3	9,697313E-1	2,912500E+3	9,717570E-1	2,912500E+3	9,726406E-1	2,912500E+3	9,725789E-1
2,914062E+3	9,738831E-1	2,914062E+3	9,747603E-1	2,914062E+3	9,756301E-1	2,914062E+3	9,759249E-1
2,915625E+3	9,774738E-1	2,915625E+3	9,777001E-1	2,915625E+3	9,780269E-1	2,915625E+3	9,787568E-1
2,917187E+3	9,792471E-1	2,917187E+3	9,801982E-1	2,917187E+3	9,812194E-1	2,917187E+3	9,811656E-1
2,918750E+3	9,818878E-1	2,918750E+3	9,824061E-1	2,918750E+3	9,827313E-1	2,918750E+3	9,835493E-1
2,920312E+3	9,836236E-1	2,920312E+3	9,842199E-1	2,920312E+3	9,842945E-1	2,920312E+3	9,846630E-1
2,921875E+3	9,852194E-1	2,921875E+3	9,856363E-1	2,921875E+3	9,856191E-1	2,921875E+3	9,859267E-1
2,923437E+3	9,865637E-1	2,923437E+3	9,866738E-1	2,923437E+3	9,865486E-1	2,923437E+3	9,870102E-1
2,925000E+3	9,870484E-1	2,925000E+3	9,874184E-1	2,925000E+3	9,866726E-1	2,925000E+3	9,868509E-1
2,926562E+3	9,867192E-1	2,926562E+3	9,865398E-1	2,926562E+3	9,870051E-1	2,926562E+3	9,864701E-1
2,928125E+3	9,863151E-1	2,928125E+3	9,864502E-1	2,928125E+3	9,866877E-1	2,928125E+3	9,861821E-1
2,929687E+3	9,854235E-1	2,929687E+3	9,860193E-1	2,929687E+3	9,862063E-1	2,929687E+3	9,854710E-1
2,931250E+3	9,845530E-1	2,931250E+3	9,849308E-1	2,931250E+3	9,849799E-1	2,931250E+3	9,842197E-1
2,932812E+3	9,838032E-1	2,932812E+3	9,839453E-1	2,932812E+3	9,836842E-1	2,932812E+3	9,827806E-1
2,934375E+3	9,820460E-1	2,934375E+3	9,816956E-1	2,934375E+3	9,818287E-1	2,934375E+3	9,809781E-1
2,935937E+3	9,782368E-1	2,935937E+3	9,796073E-1	2,935937E+3	9,791618E-1	2,935937E+3	9,786518E-1
2,937500E+3	9,757794E-1	2,937500E+3	9,771889E-1	2,937500E+3	9,763009E-1	2,937500E+3	9,754810E-1
2,939062E+3	9,737219E-1	2,939062E+3	9,726919E-1	2,939062E+3	9,730435E-1	2,939062E+3	9,728955E-1
2,940625E+3	9,716049E-1	2,940625E+3	9,708521E-1	2,940625E+3	9,698556E-1	2,940625E+3	9,699315E-1
2,942187E+3	9,680065E-1	2,942187E+3	9,673136E-1	2,942187E+3	9,658671E-1	2,942187E+3	9,650250E-1
2,943750E+3	9,617929E-1	2,943750E+3	9,612198E-1	2,943750E+3	9,613279E-1	2,943750E+3	9,607335E-1
2,945312E+3	9,551469E-1	2,945312E+3	9,563891E-1	2,945312E+3	9,559506E-1	2,945312E+3	9,559550E-1
2,946875E+3	9,502307E-1	2,946875E+3	9,513345E-1	2,946875E+3	9,514584E-1	2,946875E+3	9,513234E-1
2,948437E+3	9,465565E-1	2,948437E+3	9,453409E-1	2,948437E+3	9,445995E-1	2,948437E+3	9,458136E-1
2,950000E+3	9,402025E-1	2,950000E+3	9,380334E-1	2,950000E+3	9,385755E-1	2,950000E+3	9,389150E-1
2,951562E+3	9,324096E-1	2,951562E+3	9,323673E-1	2,951562E+3	9,327897E-1	2,951562E+3	9,328875E-1
2,953125E+3	9,236161E-1	2,953125E+3	9,259592E-1	2,953125E+3	9,265795E-1	2,953125E+3	9,254683E-1
2,954687E+3	9,158462E-1	2,954687E+3	9,185005E-1	2,954687E+3	9,191009E-1	2,954687E+3	9,179725E-1
2,956250E+3	9,087888E-1	2,956250E+3	9,110909E-1	2,956250E+3	9,101942E-1	2,956250E+3	9,109267E-1
2,957812E+3	9,055232E-1	2,957812E+3	9,046396E-1	2,957812E+3	9,014155E-1	2,957812E+3	9,041509E-1
2,959375E+3	8,963622E-1	2,959375E+3	8,968323E-1	2,959375E+3	8,966694E-1	2,959375E+3	8,979719E-1
2,960937E+3	8,871596E-1	2,960937E+3	8,881592E-1	2,960937E+3	8,860846E-1	2,960937E+3	8,873754E-1
2,962500E+3	8,816948E-1	2,962500E+3	8,786994E-1	2,962500E+3	8,744075E-1	2,962500E+3	8,776087E-1
2,964062E+3	8,702406E-1	2,964062E+3	8,720711E-1	2,964062E+3	8,699626E-1	2,964062E+3	8,684668E-1
2,965625E+3	8,627773E-1	2,965625E+3	8,621451E-1	2,965625E+3	8,586750E-1	2,965625E+3	8,631803E-1
2,967187E+3	8,507092E-1	2,967187E+3	8,511846E-1	2,967187E+3	8,514191E-1	2,967187E+3	8,571179E-1
2,968750E+3	8,451001E-1	2,968750E+3	8,426064E-1	2,968750E+3	8,452014E-1	2,968750E+3	8,431372E-1
2,970312E+3	8,420707E-1	2,970312E+3	8,350622E-1	2,970312E+3	8,354302E-1	2,970312E+3	8,341916E-1
2,971875E+3	8,294192E-1	2,971875E+3	8,257719E-1	2,971875E+3	8,263199E-1	2,971875E+3	8,259987E-1
2,973437E+3	8,196248E-1	2,973437E+3	8,161047E-1	2,973437E+3	8,172990E-1	2,973437E+3	8,178472E-1
2,975000E+3	8,147081E-1	2,975000E+3	8,075737E-1	2,975000E+3	8,074017E-1	2,975000E+3	8,096283E-1
2,976562E+3	7,999209E-1	2,976562E+3	8,001406E-1	2,976562E+3	7,934552E-1	2,976562E+3	8,023843E-1
2,978125E+3	7,927919E-1	2,978125E+3	7,901552E-1	2,978125E+3	7,891845E-1	2,978125E+3	7,916025E-1
2,979687E+3	7,846938E-1	2,979687E+3	7,809885E-1	2,979687E+3	7,827258E-1	2,979687E+3	7,831036E-1
2,981250E+3	7,766150E-1	2,981250E+3	7,709192E-1	2,981250E+3	7,723287E-1	2,981250E+3	7,750375E-1
2,982812E+3	7,668337E-1	2,982812E+3	7,602661E-1	2,982812E+3	7,639451E-1	2,982812E+3	7,624285E-1
2,984375E+3	7,591216E-1	2,984375E+3	7,562446E-1	2,984375E+3	7,529237E-1	2,984375E+3	7,580356E-1
2,985937E+3	7,488769E-1	2,985937E+3	7,460224E-1	2,985937E+3	7,477266E-1	2,985937E+3	7,480688E-1
2,987500E+3	7,392781E-1	2,987500E+3	7,381603E-1	2,987500E+3	7,408616E-1	2,987500E+3	7,415638E-1
2,989062E+3	7,318764E-1	2,989062E+3	7,323420E-1	2,989062E+3	7,300221E-1	2,989062E+3	7,327684E-1
2,990625E+3	7,271216E-1	2,990625E+3	7,259710E-1	2,990625E+3	7,224240E-1	2,990625E+3	7,253835E-1
2,992187E+3	7,222287E-1	2,992187E+3	7,196148E-1	2,992187E+3	7,148235E-1	2,992187E+3	7,174219E-1
2,993750E+3	7,131326E-1	2,993750E+3	7,105766E-1	2,993750E+3	7,082345E-1	2,993750E+3	7,077951E-1
2,995312E+3	7,078548E-1	2,995312E+3	7,030594E-1	2,995312E+3	6,999237E-1	2,995312E+3	7,014641E-1
2,996875E+3	6,987414E-1	2,996875E+3	6,981295E-1	2,996875E+3	6,945317E-1	2,996875E+3	6,902421E-1
2,998437E+3	6,919625E-1	2,998437E+3	6,892718E-1	2,998437E+3	6,900927E-1	2,998437E+3	6,861594E-1
3,000000E+3	6,883967E-1	3,000000E+3	6,827961E-1	3,000000E+3	6,833604E-1	3,000000E+3	6,853015E-1
3,001562E+3	6,842874E-1	3,001562E+3	6,773976E-1	3,001562E+3	6,743893E-1	3,001562E+3	6,785684E-1
3,003125E+3	6,758974E-1	3,003125E+3	6,684416E-1	3,003125E+3	6,670078E-1	3,003125E+3	6,687493E-1
3,004687E+3	6,687173E-1	3,004687E+3	6,660464E-1	3,004687E+3	6,622243E-1	3,004687E+3	6,606291E-1
3,006250E+3	6,598429E-1	3,006250E+3	6,584044E-1	3,006250E+3	6,542913E-1	3,006250E+3	6,553634E-1
3,007812E+3	6,540935E-1	3,007812E+3	6,518963E-1	3,007812E+3	6,516798E-1	3,007812E+3	6,507367E-1
3,009375E+3	6,490221E-1	3,009375E+3	6,437169E-1	3,009375E+3	6,447169E-1	3,009375E+3	6,424328E-1
3,010937E+3	6,432695E-1	3,010937E+3	6,418833E-1	3,010937E+3	6,370027E-1	3,010937E+3	6,408217E-1
3,012500E+3	6,383792E-1	3,012500E+3	6,371770E-1	3,012500E+3	6,329864E-1	3,012500E+3	6,339526E-1
3,014062E+3	6,299889E-1	3,014062E+3	6,316017E-1	3,014062E+3	6,291068E-1	3,014062E+3	6,300085E-1
3,015625E+3	6,267424E-1	3,015625E+3	6,298504E-1	3,015625E+3	6,246339E-1	3,015625E+3	6,184792E-1
3,017187E+3	6,203193E-1	3,017187E+3	6,254381E-1	3,017187E+3	6,162076E-1	3,017187E+3	6,157749E-1
3,018750E+3	6,161394E-1	3,018750E+3	6,174441E-1	3,018750E+3	6,152813E-1	3,018750E+3	6,166827E-1
3,020312E+3	6,122897E-1	3,020312E+3	6,125062E-1	3,020312E+3	6,114786E-1	3,020312E+3	6,128675E-1
3,021875E+3	6,127720E-1	3,021875E+3	6,065924E-1	3,021875E+3	6,080459E-1	3,021875E+3	6,095643E-1
3,023437E+3	6,142550E-1	3,023437E+3	6,057354E-1	3,023437E+3	6,051199E-1	3,023437E+3	6,026378E-1
3,025000E+3	6,096631E-1	3,025000E+3	6,020359E-1	3,025000E+3	5,999831E-1	3,025000E+3	5,998329E-1
3,026562E+3	6,045378E-1	3,026562E+3	5,962488E-1	3,026562E+3	5,979763E-1	3,026562E+3	5,952587E-1
3,028125E+3	5,989874E-1	3,028125E+3	5,931494E-1	3,028125E+3	5,919339E-1	3,028125E+3	5,926205E-1
3,029687E+3	5,970183E-1	3,029687E+3	5,904005E-1	3,029687E+3	5,907651E-1	3,029687E+3	5,887684E-1
3,031250E+3	5,940506E-1	3,031250E+3	5,862084E-1	3,031250E+3	5,879624E-1	3,031250E+3	5,877019E-1
3,032812E+3	5,910349E-1	3,032812E+3	5,881220E-1	3,032812E+3	5,846844E-1	3,032812E+3	5,847351E-1
3,034375E+3	5,911634E-1	3,034375E+3	5,871762E-1	3,034375E+3	5,824096E-1	3,034375E+3	5,821831E-1
3,035937E+3	5,869117E-1	3,035937E+3	5,800256E-1	3,035937E+3	5,802527E-1	3,035937E+3	5,806520E-1
3,037500E+3	5,829206E-1	3,037500E+3	5,794882E-1	3,037500E+3	5,822783E-1	3,037500E+3	5,811831E-1
3,039062E+3	5,774275E-1	3,039062E+3	5,787199E-1	3,039062E+3	5,726081E-1	3,039062E+3	5,809422E-1
3,040625E+3	5,799259E-1	3,040625E+3	5,790511E-1	3,040625E+3	5,718098E-1	3,040625E+3	5,784020E-1
3,042187E+3	5,795615E-1	3,042187E+3	5,746942E-1	3,042187E+3	5,723573E-1	3,042187E+3	5,777894E-1
3,043750E+3	5,820886E-1	3,043750E+3	5,704380E-1	3,043750E+3	5,716745E-1	3,043750E+3	5,741299E-1
3,045312E+3	5,796058E-1	3,045312E+3	5,724012E-1	3,045312E+3	5,730100E-1	3,045312E+3	5,703435E-1
3,046875E+3	5,736774E-1	3,046875E+3	5,723551E-1	3,046875E+3	5,730592E-1	3,046875E+3	5,722394E-1
3,048437E+3	5,755153E-1	3,048437E+3	5,727246E-1	3,048437E+3	5,762239E-1	3,048437E+3	5,708842E-1
3,050000E+3	5,767202E-1	3,050000E+3	5,681461E-1	3,050000E+3	5,690704E-1	3,050000E+3	5,712290E-1
3,051562E+3	5,744159E-1	3,051562E+3	5,698399E-1	3,051562E+3	5,698600E-1	3,051562E+3	5,701255E-1
3,053125E+3	5,749923E-1	3,053125E+3	5,687922E-1	3,053125E+3	5,696442E-1	3,053125E+3	5,715183E-1
3,054687E+3	5,703206E-1	3,054687E+3	5,680085E-1	3,054687E+3	5,655089E-1	3,054687E+3	5,706070E-1
3,056250E+3	5,654245E-1	3,056250E+3	5,652809E-1	3,056250E+3	5,642813E-1	3,056250E+3	5,690682E-1
3,057812E+3	5,651193E-1	3,057812E+3	5,617719E-1	3,057812E+3	5,643161E-1	3,057812E+3	5,672584E-1
3,059375E+3	5,629750E-1	3,059375E+3	5,578933E-1	3,059375E+3	5,584039E-1	3,059375E+3	5,632687E-1
3,060937E+3	5,608200E-1	3,060937E+3	5,561553E-1	3,060937E+3	5,564909E-1	3,060937E+3	5,631213E-1
3,062500E+3	5,510977E-1	3,062500E+3	5,525288E-1	3,062500E+3	5,543273E-1	3,062500E+3	5,576106E-1
3,064062E+3	5,523994E-1	3,064062E+3	5,494430E-1	3,064062E+3	5,480948E-1	3,064062E+3	5,505245E-1
3,065625E+3	5,454409E-1	3,065625E+3	5,463527E-1	3,065625E+3	5,450143E-1	3,065625E+3	5,478712E-1
3,067187E+3	5,427867E-1	3,067187E+3	5,393152E-1	3,067187E+3	5,435944E-1	3,067187E+3	5,491245E-1
3,068750E+3	5,392212E-1	3,068750E+3	5,362821E-1	3,068750E+3	5,380006E-1	3,068750E+3	5,441935E-1
3,070312E+3	5,347006E-1	3,070312E+3	5,316817E-1	3,070312E+3	5,341127E-1	3,070312E+3	5,381163E-1
3,071875E+3	5,375626E-1	3,071875E+3	5,285415E-1	3,071875E+3	5,298574E-1	3,071875E+3	5,348616E-1
3,073437E+3	5,279126E-1	3,073437E+3	5,250943E-1	3,073437E+3	5,273540E-1	3,073437E+3	5,294749E-1
3,075000E+3	5,254186E-1	3,075000E+3	5,228331E-1	3,075000E+3	5,230093E-1	3,075000E+3	5,270419E-1
3,076562E+3	5,249142E-1	3,076562E+3	5,167141E-1	3,076562E+3	5,182368E-1	3,076562E+3	5,259081E-1
3,078125E+3	5,253313E-1	3,078125E+3	5,154582E-1	3,078125E+3	5,167511E-1	3,078125E+3	5,260781E-1
3,079687E+3	5,197853E-1	3,079687E+3	5,174034E-1	3,079687E+3	5,184487E-1	3,079687E+3	5,226800E-1
3,081250E+3	5,183437E-1	3,081250E+3	5,195995E-1	3,081250E+3	5,188017E-1	3,081250E+3	5,201213E-1
3,082812E+3	5,159808E-1	3,082812E+3	5,155694E-1	3,082812E+3	5,191701E-1	3,082812E+3	5,168770E-1
3,084375E+3	5,149967E-1	3,084375E+3	5,160492E-1	3,084375E+3	5,186511E-1	3,084375E+3	5,189222E-1
3,085937E+3	5,198203E-1	3,085937E+3	5,153072E-1	3,085937E+3	5,177407E-1	3,085937E+3	5,161747E-1
3,087500E+3	5,271917E-1	3,087500E+3	5,166641E-1	3,087500E+3	5,229141E-1	3,087500E+3	5,213746E-1
3,089062E+3	5,320322E-1	3,089062E+3	5,187673E-1	3,089062E+3	5,212197E-1	3,089062E+3	5,218818E-1
3,090625E+3	5,262916E-1	3,090625E+3	5,219860E-1	3,090625E+3	5,203785E-1	3,090625E+3	5,249689E-1
3,092187E+3	5,282602E-1	3,092187E+3	5,245544E-1	3,092187E+3	5,230122E-1	3,092187E+3	5,270237E-1
3,093750E+3	5,312729E-1	3,093750E+3	5,294962E-1	3,093750E+3	5,267250E-1	3,093750E+3	5,322464E-1
3,095312E+3	5,335220E-1	3,095312E+3	5,323758E-1	3,095312E+3	5,306467E-1	3,095312E+3	5,339319E-1
3,096875E+3	5,447512E-1	3,096875E+3	5,368282E-1	3,096875E+3	5,363807E-1	3,096875E+3	5,390357E-1
3,098437E+3	5,533026E-1	3,098437E+3	5,416649E-1	3,098437E+3	5,418575E-1	3,098437E+3	5,408409E-1
3,100000E+3	5,581924E-1	3,100000E+3	5,477671E-1	3,100000E+3	5,496380E-1	3,100000E+3	5,472069E-1
3,101562E+3	5,604018E-1	3,101562E+3	5,540699E-1	3,101562E+3	5,554618E-1	3,101562E+3	5,582576E-1
3,103125E+3	5,674486E-1	3,103125E+3	5,627908E-1	3,103125E+3	5,595139E-1	3,103125E+3	5,643409E-1
3,104687E+3	5,751834E-1	3,104687E+3	5,722174E-1	3,104687E+3	5,646645E-1	3,104687E+3	5,717653E-1
3,106250E+3	5,788811E-1	3,106250E+3	5,758395E-1	3,106250E+3	5,712063E-1	3,106250E+3	5,777713E-1
3,107812E+3	5,871718E-1	3,107812E+3	5,837220E-1	3,107812E+3	5,816927E-1	3,107812E+3	5,853225E-1
3,109375E+3	5,900638E-1	3,109375E+3	5,897113E-1	3,109375E+3	5,897475E-1	3,109375E+3	5,935638E-1
3,110937E+3	6,043598E-1	3,110937E+3	5,982173E-1	3,110937E+3	5,958537E-1	3,110937E+3	6,009116E-1
3,112500E+3	6,122971E-1	3,112500E+3	6,050040E-1	3,112500E+3	6,043815E-1	3,112500E+3	6,069342E-1
3,114062E+3	6,149702E-1	3,114062E+3	6,095113E-1	3,114062E+3	6,086708E-1	3,114062E+3	6,105437E-1
3,115625E+3	6,228105E-1	3,115625E+3	6,178099E-1	3,115625E+3	6,156628E-1	3,115625E+3	6,173694E-1
3,117187E+3	6,257073E-1	3,117187E+3	6,207216E-1	3,117187E+3	6,188362E-1	3,117187E+3	6,214335E-1
3,118750E+3	6,269785E-1	3,118750E+3	6,235278E-1	3,118750E+3	6,221688E-1	3,118750E+3	6,267023E-1
3,120312E+3	6,280667E-1	3,120312E+3	6,262764E-1	3,120312E+3	6,251843E-1	3,120312E+3	6,254709E-1
3,121875E+3	6,278829E-1	3,121875E+3	6,265198E-1	3,121875E+3	6,258013E-1	3,121875E+3	6,249963E-1
3,123437E+3	6,238140E-1	3,123437E+3	6,262081E-1	3,123437E+3	6,246399E-1	3,123437E+3	6,251894E-1
3,125000E+3	6,184071E-1	3,125000E+3	6,229132E-1	3,125000E+3	6,240954E-1	3,125000E+3	6,211203E-1
3,126562E+3	6,177015E-1	3,126562E+3	6,188581E-1	3,126562E+3	6,211493E-1	3,126562E+3	6,193421E-1
3,128125E+3	6,150409E-1	3,128125E+3	6,145303E-1	3,128125E+3	6,139904E-1	3,128125E+3	6,146324E-1
3,129687E+3	6,045961E-1	3,129687E+3	6,073981E-1	3,129687E+3	6,085479E-1	3,129687E+3	6,073750E-1
3,131250E+3	5,953567E-1	3,131250E+3	5,996186E-1	3,131250E+3	6,023353E-1	3,131250E+3	5,975553E-1
3,132812E+3	5,855778E-1	3,132812E+3	5,920857E-1	3,132812E+3	5,941640E-1	3,132812E+3	5,928282E-1
3,134375E+3	5,784444E-1	3,134375E+3	5,810432E-1	3,134375E+3	5,840012E-1	3,134375E+3	5,806011E-1
3,135937E+3	5,707615E-1	3,135937E+3	5,740108E-1	3,135937E+3	5,732399E-1	3,135937E+3	5,720820E-1
3,137500E+3	5,584319E-1	3,137500E+3	5,661827E-1	3,137500E+3	5,636061E-1	3,137500E+3	5,636144E-1
3,139062E+3	5,488731E-1	3,139062E+3	5,522974E-1	3,139062E+3	5,545506E-1	3,139062E+3	5,516376E-1
3,140625E+3	5,407023E-1	3,140625E+3	5,376911E-1	3,140625E+3	5,439653E-1	3,140625E+3	5,443136E-1
3,142187E+3	5,301733E-1	3,142187E+3	5,337859E-1	3,142187E+3	5,315336E-1	3,142187E+3	5,307453E-1
3,143750E+3	5,198939E-1	3,143750E+3	5,234860E-1	3,143750E+3	5,230485E-1	3,143750E+3	5,196495E-1
3,145312E+3	5,100388E-1	3,145312E+3	5,110721E-1	3,145312E+3	5,146728E-1	3,145312E+3	5,130000E-1
3,146875E+3	5,015914E-1	3,146875E+3	5,007751E-1	3,146875E+3	5,056136E-1	3,146875E+3	5,014957E-1
3,148437E+3	4,936034E-1	3,148437E+3	4,942079E-1	3,148437E+3	4,983058E-1	3,148437E+3	4,937680E-1
3,150000E+3	4,809416E-1	3,150000E+3	4,854423E-1	3,150000E+3	4,889018E-1	3,150000E+3	4,866613E-1
3,151562E+3	4,763520E-1	3,151562E+3	4,772635E-1	3,151562E+3	4,777079E-1	3,151562E+3	4,798372E-1
3,153125E+3	4,715665E-1	3,153125E+3	4,758470E-1	3,153125E+3	4,678142E-1	3,153125E+3	4,693021E-1
3,154687E+3	4,624321E-1	3,154687E+3	4,645430E-1	3,154687E+3	4,631777E-1	3,154687E+3	4,674427E-1
3,156250E+3	4,565106E-1	3,156250E+3	4,569210E-1	3,156250E+3	4,566371E-1	3,156250E+3	4,601938E-1
3,157812E+3	4,537227E-1	3,157812E+3	4,543739E-1	3,157812E+3	4,529704E-1	3,157812E+3	4,517871E-1
3,159375E+3	4,445716E-1	3,159375E+3	4,498211E-1	3,159375E+3	4,459681E-1	3,159375E+3	4,468630E-1
3,160937E+3	4,390201E-1	3,160937E+3	4,419141E-1	3,160937E+3	4,390229E-1	3,160937E+3	4,421361E-1
3,162500E+3	4,283571E-1	3,162500E+3	4,334681E-1	3,162500E+3	4,296063E-1	3,162500E+3	4,391237E-1
3,164062E+3	4,323103E-1	3,164062E+3	4,315534E-1	3,164062E+3	4,311145E-1	3,164062E+3	4,344028E-1
3,165625E+3	4,267143E-1	3,165625E+3	4,267395E-1	3,165625E+3	4,282093E-1	3,165625E+3	4,338117E-1
3,167187E+3	4,199152E-1	3,167187E+3	4,252961E-1	3,167187E+3	4,239421E-1	3,167187E+3	4,230022E-1
3,168750E+3	4,208311E-1	3,168750E+3	4,206952E-1	3,168750E+3	4,188718E-1	3,168750E+3	4,186890E-1
3,170312E+3	4,150855E-1	3,170312E+3	4,155237E-1	3,170312E+3	4,168720E-1	3,170312E+3	4,219371E-1
3,171875E+3	4,090856E-1	3,171875E+3	4,109911E-1	3,171875E+3	4,143529E-1	3,171875E+3	4,147664E-1
3,173437E+3	4,081875E-1	3,173437E+3	4,088185E-1	3,173437E+3	4,091845E-1	3,173437E+3	4,111499E-1
3,175000E+3	4,086855E-1	3,175000E+3	4,083982E-1	3,175000E+3	4,104355E-1	3,175000E+3	4,081311E-1
3,176562E+3	4,050727E-1	3,176562E+3	4,059717E-1	3,176562E+3	4,089337E-1	3,176562E+3	4,092296E-1
3,178125E+3	4,042971E-1	3,178125E+3	4,034098E-1	3,178125E+3	4,081914E-1	3,178125E+3	4,025776E-1
3,179687E+3	4,023077E-1	3,179687E+3	4,023864E-1	3,179687E+3	4,039158E-1	3,179687E+3	4,054756E-1
3,181250E+3	4,005268E-1	3,181250E+3	4,006285E-1	3,181250E+3	3,985429E-1	3,181250E+3	4,048813E-1
3,182812E+3	4,020267E-1	3,182812E+3	3,971130E-1	3,182812E+3	3,983027E-1	3,182812E+3	4,001334E-1
3,184375E+3	3,979914E-1	3,184375E+3	3,976918E-1	3,184375E+3	3,967692E-1	3,184375E+3	3,997007E-1
3,185937E+3	3,971602E-1	3,185937E+3	3,983858E-1	3,185937E+3	3,991556E-1	3,185937E+3	3,970425E-1
3,187500E+3	4,006937E-1	3,187500E+3	3,987523E-1	3,187500E+3	3,984588E-1	3,187500E+3	3,982774E-1
3,189062E+3	4,009467E-1	3,189062E+3	3,961137E-1	3,189062E+3	4,003933E-1	3,189062E+3	3,991896E-1
3,190625E+3	3,955206E-1	3,190625E+3	3,997783E-1	3,190625E+3	3,951712E-1	3,190625E+3	3,980593E-1
3,192187E+3	4,004809E-1	3,192187E+3	3,975118E-1	3,192187E+3	3,983997E-1	3,192187E+3	4,017142E-1
3,193750E+3	4,014089E-1	3,193750E+3	3,991569E-1	3,193750E+3	3,993979E-1	3,193750E+3	4,022788E-1
3,195312E+3	4,001780E-1	3,195312E+3	4,004401E-1	3,195312E+3	4,004266E-1	3,195312E+3	4,002489E-1
3,196875E+3	4,044411E-1	3,196875E+3	3,983187E-1	3,196875E+3	3,997140E-1	3,196875E+3	4,027588E-1
3,198437E+3	4,056437E-1	3,198437E+3	4,008161E-1	3,198437E+3	4,024701E-1	3,198437E+3	4,024022E-1
3,200000E+3	4,065618E-1	3,200000E+3	4,010518E-1	3,200000E+3	4,020682E-1	3,200000E+3	4,036825E-1
3,201562E+3	4,038005E-1	3,201562E+3	4,041865E-1	3,201562E+3	4,034275E-1	3,201562E+3	4,007557E-1
3,203125E+3	3,998353E-1	3,203125E+3	4,020327E-1	3,203125E+3	4,047009E-1	3,203125E+3	3,999708E-1
3,204687E+3	3,998930E-1	3,204687E+3	4,040427E-1	3,204687E+3	4,015070E-1	3,204687E+3	4,045443E-1
3,206250E+3	4,024379E-1	3,206250E+3	4,052866E-1	3,206250E+3	4,045195E-1	3,206250E+3	4,101189E-1
3,207812E+3	3,993703E-1	3,207812E+3	4,027357E-1	3,207812E+3	4,034958E-1	3,207812E+3	4,108449E-1
3,209375E+3	4,019541E-1	3,209375E+3	4,025621E-1	3,209375E+3	4,027549E-1	3,209375E+3	4,073564E-1
3,210937E+3	4,052742E-1	3,210937E+3	4,025356E-1	3,210937E+3	4,044008E-1	3,210937E+3	4,037055E-1
3,212500E+3	3,984186E-1	3,212500E+3	4,003114E-1	3,212500E+3	4,007370E-1	3,212500E+3	4,036416E-1
3,214062E+3	3,972926E-1	3,214062E+3	4,016378E-1	3,214062E+3	4,033868E-1	3,214062E+3	4,034582E-1
3,215625E+3	4,022664E-1	3,215625E+3	4,009244E-1	3,215625E+3	4,046025E-1	3,215625E+3	4,047435E-1
3,217187E+3	3,986521E-1	3,217187E+3	4,008019E-1	3,217187E+3	4,018882E-1	3,217187E+3	4,046777E-1
3,218750E+3	3,979862E-1	3,218750E+3	4,013716E-1	3,218750E+3	4,010811E-1	3,218750E+3	4,078546E-1
3,220312E+3	3,913272E-1	3,220312E+3	4,006962E-1	3,220312E+3	3,971562E-1	3,220312E+3	4,050417E-1
3,221875E+3	3,902258E-1	3,221875E+3	3,993442E-1	3,221875E+3	3,994117E-1	3,221875E+3	4,007717E-1
3,223437E+3	3,940833E-1	3,223437E+3	4,007625E-1	3,223437E+3	4,012415E-1	3,223437E+3	4,008770E-1
3,225000E+3	3,915629E-1	3,225000E+3	3,971288E-1	3,225000E+3	4,001500E-1	3,225000E+3	4,016296E-1
3,226562E+3	3,953149E-1	3,226562E+3	3,977734E-1	3,226562E+3	3,993134E-1	3,226562E+3	4,048662E-1
3,228125E+3	3,960894E-1	3,228125E+3	3,926459E-1	3,228125E+3	3,991791E-1	3,228125E+3	4,030992E-1
3,229687E+3	3,946091E-1	3,229687E+3	3,927220E-1	3,229687E+3	3,964957E-1	3,229687E+3	3,987000E-1
3,231250E+3	3,933820E-1	3,231250E+3	3,952739E-1	3,231250E+3	3,985745E-1	3,231250E+3	3,960582E-1
3,232812E+3	3,929149E-1	3,232812E+3	3,966242E-1	3,232812E+3	3,996142E-1	3,232812E+3	3,997426E-1
3,234375E+3	3,918849E-1	3,234375E+3	4,002568E-1	3,234375E+3	4,010454E-1	3,234375E+3	4,056753E-1
3,235937E+3	3,990506E-1	3,235937E+3	4,024347E-1	3,235937E+3	4,008328E-1	3,235937E+3	4,022335E-1
3,237500E+3	3,982497E-1	3,237500E+3	4,038312E-1	3,237500E+3	3,962963E-1	3,237500E+3	4,014196E-1
3,239062E+3	3,975136E-1	3,239062E+3	4,018549E-1	3,239062E+3	4,007131E-1	3,239062E+3	4,047523E-1
3,240625E+3	3,978677E-1	3,240625E+3	3,993492E-1	3,240625E+3	4,047496E-1	3,240625E+3	4,024922E-1
3,242187E+3	4,050547E-1	3,242187E+3	3,997950E-1	3,242187E+3	4,031789E-1	3,242187E+3	4,037095E-1
3,243750E+3	4,020959E-1	3,243750E+3	4,013344E-1	3,243750E+3	4,002631E-1	3,243750E+3	4,081997E-1
3,245312E+3	4,050565E-1	3,245312E+3	4,000610E-1	3,245312E+3	3,975495E-1	3,245312E+3	4,073690E-1
3,246875E+3	4,088817E-1	3,246875E+3	4,073906E-1	3,246875E+3	4,059236E-1	3,246875E+3	4,083523E-1
3,248437E+3	4,065481E-1	3,248437E+3	4,084996E-1	3,248437E+3	4,090534E-1	3,248437E+3	4,049109E-1
3,250000E+3	4,016757E-1	3,250000E+3	4,103566E-1	3,250000E+3	4,083629E-1	3,250000E+3	4,091065E-1
3,251562E+3	4,087163E-1	3,251562E+3	4,098104E-1	3,251562E+3	4,078868E-1	3,251562E+3	4,145236E-1
3,253125E+3	4,092259E-1	3,253125E+3	4,124275E-1	3,253125E+3	4,143723E-1	3,253125E+3	4,105316E-1
3,254687E+3	4,076132E-1	3,254687E+3	4,147308E-1	3,254687E+3	4,183991E-1	3,254687E+3	4,100194E-1
3,256250E+3	4,201445E-1	3,256250E+3	4,158510E-1	3,256250E+3	4,174272E-1	3,256250E+3	4,206394E-1
3,257812E+3	4,188842E-1	3,257812E+3	4,214002E-1	3,257812E+3	4,150295E-1	3,257812E+3	4,234204E-1
3,259375E+3	4,152894E-1	3,259375E+3	4,224584E-1	3,259375E+3	4,192804E-1	3,259375E+3	4,207935E-1
3,260937E+3	4,166979E-1	3,260937E+3	4,228047E-1	3,260937E+3	4,225611E-1	3,260937E+3	4,249796E-1
3,262500E+3	4,186124E-1	3,262500E+3	4,232379E-1	3,262500E+3	4,276258E-1	3,262500E+3	4,302261E-1
3,264062E+3	4,191087E-1	3,264062E+3	4,295588E-1	3,264062E+3	4,307250E-1	3,264062E+3	4,288339E-1
3,265625E+3	4,286408E-1	3,265625E+3	4,323678E-1	3,265625E+3	4,324789E-1	3,265625E+3	4,338521E-1
3,267187E+3	4,283189E-1	3,267187E+3	4,354810E-1	3,267187E+3	4,346372E-1	3,267187E+3	4,336518E-1
3,268750E+3	4,312342E-1	3,268750E+3	4,375647E-1	3,268750E+3	4,368441E-1	3,268750E+3	4,386873E-1
3,270312E+3	4,365836E-1	3,270312E+3	4,373684E-1	3,270312E+3	4,398846E-1	3,270312E+3	4,413830E-1
3,271875E+3	4,372646E-1	3,271875E+3	4,390861E-1	3,271875E+3	4,453986E-1	3,271875E+3	4,453546E-1
3,273437E+3	4,401823E-1	3,273437E+3	4,434262E-1	3,273437E+3	4,502264E-1	3,273437E+3	4,435018E-1
3,275000E+3	4,443372E-1	3,275000E+3	4,510652E-1	3,275000E+3	4,507903E-1	3,275000E+3	4,480956E-1
3,276562E+3	4,463227E-1	3,276562E+3	4,525985E-1	3,276562E+3	4,536181E-1	3,276562E+3	4,511823E-1
3,278125E+3	4,548956E-1	3,278125E+3	4,560305E-1	3,278125E+3	4,597857E-1	3,278125E+3	4,596638E-1
3,279687E+3	4,599756E-1	3,279687E+3	4,558217E-1	3,279687E+3	4,577346E-1	3,279687E+3	4,694638E-1
3,281250E+3	4,628599E-1	3,281250E+3	4,597755E-1	3,281250E+3	4,637494E-1	3,281250E+3	4,701384E-1
3,282812E+3	4,685680E-1	3,282812E+3	4,629918E-1	3,282812E+3	4,646360E-1	3,282812E+3	4,693737E-1
3,284375E+3	4,674706E-1	3,284375E+3	4,714977E-1	3,284375E+3	4,704447E-1	3,284375E+3	4,727829E-1
3,285937E+3	4,725206E-1	3,285937E+3	4,732476E-1	3,285937E+3	4,759499E-1	3,285937E+3	4,769094E-1
3,287500E+3	4,820996E-1	3,287500E+3	4,798964E-1	3,287500E+3	4,823266E-1	3,287500E+3	4,798838E-1
3,289062E+3	4,838149E-1	3,289062E+3	4,829121E-1	3,289062E+3	4,847498E-1	3,289062E+3	4,873218E-1
3,290625E+3	4,805209E-1	3,290625E+3	4,858969E-1	3,290625E+3	4,858572E-1	3,290625E+3	4,920010E-1
3,292187E+3	4,854945E-1	3,292187E+3	4,936050E-1	3,292187E+3	4,933397E-1	3,292187E+3	4,961216E-1
3,293750E+3	4,935683E-1	3,293750E+3	4,954756E-1	3,293750E+3	4,987416E-1	3,293750E+3	5,012599E-1
3,295312E+3	5,000011E-1	3,295312E+3	5,038662E-1	3,295312E+3	5,034026E-1	3,295312E+3	5,058404E-1
3,296875E+3	5,105359E-1	3,296875E+3	5,078081E-1	3,296875E+3	5,108020E-1	3,296875E+3	5,114427E-1
3,298437E+3	5,116707E-1	3,298437E+3	5,184332E-1	3,298437E+3	5,171586E-1	3,298437E+3	5,186581E-1
3,300000E+3	5,145643E-1	3,300000E+3	5,191431E-1	3,300000E+3	5,202336E-1	3,300000E+3	5,246167E-1
3,301562E+3	5,159942E-1	3,301562E+3	5,204269E-1	3,301562E+3	5,266296E-1	3,301562E+3	5,292538E-1
3,303125E+3	5,229833E-1	3,303125E+3	5,296124E-1	3,303125E+3	5,326531E-1	3,303125E+3	5,338676E-1
3,304687E+3	5,376107E-1	3,304687E+3	5,331892E-1	3,304687E+3	5,411787E-1	3,304687E+3	5,461281E-1
3,306250E+3	5,408069E-1	3,306250E+3	5,405416E-1	3,306250E+3	5,493387E-1	3,306250E+3	5,506555E-1
3,307812E+3	5,466761E-1	3,307812E+3	5,486659E-1	3,307812E+3	5,531468E-1	3,307812E+3	5,560672E-1
3,309375E+3	5,542139E-1	3,309375E+3	5,567822E-1	3,309375E+3	5,577495E-1	3,309375E+3	5,584329E-1
3,310937E+3	5,590669E-1	3,310937E+3	5,616635E-1	3,310937E+3	5,681020E-1	3,310937E+3	5,686946E-1
3,312500E+3	5,653796E-1	3,312500E+3	5,724929E-1	3,312500E+3	5,729662E-1	3,312500E+3	5,724684E-1
3,314062E+3	5,709957E-1	3,314062E+3	5,742151E-1	3,314062E+3	5,785229E-1	3,314062E+3	5,813518E-1
3,315625E+3	5,806106E-1	3,315625E+3	5,774625E-1	3,315625E+3	5,867413E-1	3,315625E+3	5,892988E-1
3,317187E+3	5,922993E-1	3,317187E+3	5,935424E-1	3,317187E+3	5,923172E-1	3,317187E+3	5,969262E-1
3,318750E+3	5,972307E-1	3,318750E+3	6,015177E-1	3,318750E+3	5,987185E-1	3,318750E+3	6,028858E-1
3,320312E+3	6,076081E-1	3,320312E+3	6,065748E-1	3,320312E+3	6,086687E-1	3,320312E+3	6,092049E-1
3,321875E+3	6,137793E-1	3,321875E+3	6,132914E-1	3,321875E+3	6,185597E-1	3,321875E+3	6,195122E-1
3,323437E+3	6,178845E-1	3,323437E+3	6,216944E-1	3,323437E+3	6,267634E-1	3,323437E+3	6,223702E-1
3,325000E+3	6,250981E-1	3,325000E+3	6,308345E-1	3,325000E+3	6,356636E-1	3,325000E+3	6,316729E-1
3,326562E+3	6,363397E-1	3,326562E+3	6,396344E-1	3,326562E+3	6,423694E-1	3,326562E+3	6,419112E-1
3,328125E+3	6,420379E-1	3,328125E+3	6,452539E-1	3,328125E+3	6,514947E-1	3,328125E+3	6,520188E-1
3,329687E+3	6,492435E-1	3,329687E+3	6,541291E-1	3,329687E+3	6,601941E-1	3,329687E+3	6,600034E-1
3,331250E+3	6,605547E-1	3,331250E+3	6,642697E-1	3,331250E+3	6,664133E-1	3,331250E+3	6,702556E-1
3,332812E+3	6,707713E-1	3,332812E+3	6,730044E-1	3,332812E+3	6,720327E-1	3,332812E+3	6,799658E-1
3,334375E+3	6,821696E-1	3,334375E+3	6,799287E-1	3,334375E+3	6,805344E-1	3,334375E+3	6,835630E-1
3,335937E+3	6,863489E-1	3,335937E+3	6,901512E-1	3,335937E+3	6,924301E-1	3,335937E+3	6,936675E-1
3,337500E+3	6,937745E-1	3,337500E+3	7,006656E-1	3,337500E+3	7,002285E-1	3,337500E+3	7,038243E-1
3,339062E+3	7,059186E-1	3,339062E+3	7,047066E-1	3,339062E+3	7,089035E-1	3,339062E+3	7,115131E-1
3,340625E+3	7,167178E-1	3,340625E+3	7,190897E-1	3,340625E+3	7,182962E-1	3,340625E+3	7,178909E-1
3,342187E+3	7,237908E-1	3,342187E+3	7,243481E-1	3,342187E+3	7,287421E-1	3,342187E+3	7,270289E-1
3,343750E+3	7,301433E-1	3,343750E+3	7,330525E-1	3,343750E+3	7,376671E-1	3,343750E+3	7,376202E-1
3,345312E+3	7,430915E-1	3,345312E+3	7,417015E-1	3,345312E+3	7,438940E-1	3,345312E+3	7,466139E-1
3,346875E+3	7,452685E-1	3,346875E+3	7,516870E-1	3,346875E+3	7,542661E-1	3,346875E+3	7,588934E-1
3,348437E+3	7,586878E-1	3,348437E+3	7,628542E-1	3,348437E+3	7,647747E-1	3,348437E+3	7,677704E-1
3,350000E+3	7,652939E-1	3,350000E+3	7,713366E-1	3,350000E+3	7,751113E-1	3,350000E+3	7,738494E-1
3,351562E+3	7,737331E-1	3,351562E+3	7,785212E-1	3,351562E+3	7,824528E-1	3,351562E+3	7,832490E-1
3,353125E+3	7,825728E-1	3,353125E+3	7,875425E-1	3,353125E+3	7,929719E-1	3,353125E+3	7,928979E-1
3,354687E+3	7,919275E-1	3,354687E+3	7,967918E-1	3,354687E+3	8,029054E-1	3,354687E+3	8,024964E-1
3,356250E+3	8,044723E-1	3,356250E+3	8,078492E-1	3,356250E+3	8,110034E-1	3,356250E+3	8,145472E-1
3,357812E+3	8,163228E-1	3,357812E+3	8,166223E-1	3,357812E+3	8,207446E-1	3,357812E+3	8,254694E-1
3,359375E+3	8,197696E-1	3,359375E+3	8,284625E-1	3,359375E+3	8,297744E-1	3,359375E+3	8,332662E-1
3,360937E+3	8,249695E-1	3,360937E+3	8,317798E-1	3,360937E+3	8,370292E-1	3,360937E+3	8,389791E-1
3,362500E+3	8,349118E-1	3,362500E+3	8,430207E-1	3,362500E+3	8,456158E-1	3,362500E+3	8,496799E-1
3,364062E+3	8,451417E-1	3,364062E+3	8,516141E-1	3,364062E+3	8,547391E-1	3,364062E+3	8,587805E-1
3,365625E+3	8,560275E-1	3,365625E+3	8,608411E-1	3,365625E+3	8,648854E-1	3,365625E+3	8,666923E-1
3,367187E+3	8,629656E-1	3,367187E+3	8,692524E-1	3,367187E+3	8,717014E-1	3,367187E+3	8,763905E-1
3,368750E+3	8,749734E-1	3,368750E+3	8,789123E-1	3,368750E+3	8,839223E-1	3,368750E+3	8,857755E-1
3,370312E+3	8,863555E-1	3,370312E+3	8,860876E-1	3,370312E+3	8,891662E-1	3,370312E+3	8,901931E-1
3,371875E+3	8,936206E-1	3,371875E+3	8,947602E-1	3,371875E+3	8,977249E-1	3,371875E+3	8,992754E-1
3,373437E+3	9,015030E-1	3,373437E+3	9,030261E-1	3,373437E+3	9,056355E-1	3,373437E+3	9,082841E-1
3,375000E+3	9,090893E-1	3,375000E+3	9,134444E-1	3,375000E+3	9,141175E-1	3,375000E+3	9,137137E-1
3,376562E+3	9,167131E-1	3,376562E+3	9,185999E-1	3,376562E+3	9,209632E-1	3,376562E+3	9,220186E-1
3,378125E+3	9,249153E-1	3,378125E+3	9,266604E-1	3,378125E+3	9,300055E-1	3,378125E+3	9,303774E-1
3,379687E+3	9,315939E-1	3,379687E+3	9,330902E-1	3,379687E+3	9,358756E-1	3,379687E+3	9,390160E-1
3,381250E+3	9,406502E-1	3,381250E+3	9,402641E-1	3,381250E+3	9,411000E-1	3,381250E+3	9,437321E-1
3,382812E+3	9,452005E-1	3,382812E+3	9,482788E-1	3,382812E+3	9,496555E-1	3,382812E+3	9,515979E-1
3,384375E+3	9,496918E-1	3,384375E+3	9,531030E-1	3,384375E+3	9,550564E-1	3,384375E+3	9,562153E-1
3,385937E+3	9,548140E-1	3,385937E+3	9,588385E-1	3,385937E+3	9,607525E-1	3,385937E+3	9,616575E-1
3,387500E+3	9,612515E-1	3,387500E+3	9,644686E-1	3,387500E+3	9,653393E-1	3,387500E+3	9,678453E-1
3,389062E+3	9,662726E-1	3,389062E+3	9,690691E-1	3,389062E+3	9,704414E-1	3,389062E+3	9,712720E-1
3,390625E+3	9,717208E-1	3,390625E+3	9,748357E-1	3,390625E+3	9,754012E-1	3,390625E+3	9,762890E-1
3,392187E+3	9,758029E-1	3,392187E+3	9,780377E-1	3,392187E+3	9,791436E-1	3,392187E+3	9,796441E-1
3,393750E+3	9,794751E-1	3,393750E+3	9,815912E-1	3,393750E+3	9,826357E-1	3,393750E+3	9,834630E-1
3,395312E+3	9,837983E-1	3,395312E+3	9,855217E-1	3,395312E+3	9,853956E-1	3,395312E+3	9,863180E-1
3,396875E+3	9,872591E-1	3,396875E+3	9,881276E-1	3,396875E+3	9,887238E-1	3,396875E+3	9,891670E-1
3,398437E+3	9,893445E-1	3,398437E+3	9,901823E-1	3,398437E+3	9,909356E-1	3,398437E+3	9,909818E-1
3,400000E+3	9,913387E-1	3,400000E+3	9,920257E-1	3,400000E+3	9,924051E-1	3,400000E+3	9,929881E-1
3,401562E+3	9,931631E-1	3,401562E+3	9,937823E-1	3,401562E+3	9,938497E-1	3,401562E+3	9,942825E-1
3,403125E+3	9,942224E-1	3,403125E+3	9,944171E-1	3,403125E+3	9,946108E-1	3,403125E+3	9,953485E-1
3,404687E+3	9,952517E-1	3,404687E+3	9,953600E-1	3,404687E+3	9,951473E-1	3,404687E+3	9,956951E-1
3,406250E+3	9,956306E-1	3,406250E+3	9,952665E-1	3,406250E+3	9,950344E-1	3,406250E+3	9,955985E-1
3,407812E+3	9,954735E-1	3,407812E+3	9,948219E-1	3,407812E+3	9,945232E-1	3,407812E+3	9,946193E-1
3,409375E+3	9,950477E-1	3,409375E+3	9,947150E-1	3,409375E+3	9,938490E-1	3,409375E+3	9,940185E-1
3,410937E+3	9,944425E-1	3,410937E+3	9,931337E-1	3,410937E+3	9,927972E-1	3,410937E+3	9,928644E-1
3,412500E+3	9,926605E-1	3,412500E+3	9,917805E-1	3,412500E+3	9,908579E-1	3,412500E+3	9,912414E-1
3,414062E+3	9,911225E-1	3,414062E+3	9,898269E-1	3,414062E+3	9,888303E-1	3,414062E+3	9,892878E-1
3,415625E+3	9,880745E-1	3,415625E+3	9,873817E-1	3,415625E+3	9,863457E-1	3,415625E+3	9,866766E-1
3,417187E+3	9,858304E-1	3,417187E+3	9,848893E-1	3,417187E+3	9,835637E-1	3,417187E+3	9,836042E-1
3,418750E+3	9,838702E-1	3,418750E+3	9,813805E-1	3,418750E+3	9,800596E-1	3,418750E+3	9,809403E-1
3,420312E+3	9,816632E-1	3,420312E+3	9,778529E-1	3,420312E+3	9,769664E-1	3,420312E+3	9,766882E-1
3,421875E+3	9,769606E-1	3,421875E+3	9,743061E-1	3,421875E+3	9,715584E-1	3,421875E+3	9,719837E-1
3,423437E+3	9,716351E-1	3,423437E+3	9,696059E-1	3,423437E+3	9,679882E-1	3,423437E+3	9,670220E-1
3,425000E+3	9,670783E-1	3,425000E+3	9,643328E-1	3,425000E+3	9,630343E-1	3,425000E+3	9,622866E-1
3,426562E+3	9,617162E-1	3,426562E+3	9,594090E-1	3,426562E+3	9,574557E-1	3,426562E+3	9,583976E-1
3,428125E+3	9,548901E-1	3,428125E+3	9,544230E-1	3,428125E+3	9,504817E-1	3,428125E+3	9,528665E-1
3,429687E+3	9,510518E-1	3,429687E+3	9,471083E-1	3,429687E+3	9,451908E-1	3,429687E+3	9,452084E-1
3,431250E+3	9,450450E-1	3,431250E+3	9,413557E-1	3,431250E+3	9,391142E-1	3,431250E+3	9,398072E-1
3,432812E+3	9,387376E-1	3,432812E+3	9,345487E-1	3,432812E+3	9,327442E-1	3,432812E+3	9,330444E-1
3,434375E+3	9,324760E-1	3,434375E+3	9,282856E-1	3,434375E+3	9,257116E-1	3,434375E+3	9,257721E-1
3,435937E+3	9,265143E-1	3,435937E+3	9,211749E-1	3,435937E+3	9,190740E-1	3,435937E+3	9,202175E-1
3,437500E+3	9,200564E-1	3,437500E+3	9,145612E-1	3,437500E+3	9,114337E-1	3,437500E+3	9,136783E-1
3,439062E+3	9,135916E-1	3,439062E+3	9,082795E-1	3,439062E+3	9,047739E-1	3,439062E+3	9,067272E-1
3,440625E+3	9,038219E-1	3,440625E+3	9,004508E-1	3,440625E+3	8,979137E-1	3,440625E+3	8,982285E-1
3,442187E+3	8,957141E-1	3,442187E+3	8,942461E-1	3,442187E+3	8,909927E-1	3,442187E+3	8,915875E-1
3,443750E+3	8,897351E-1	3,443750E+3	8,872582E-1	3,443750E+3	8,839549E-1	3,443750E+3	8,843656E-1
3,445312E+3	8,842151E-1	3,445312E+3	8,789179E-1	3,445312E+3	8,774852E-1	3,445312E+3	8,783021E-1
3,446875E+3	8,779267E-1	3,446875E+3	8,739287E-1	3,446875E+3	8,706968E-1	3,446875E+3	8,726380E-1
3,448437E+3	8,700058E-1	3,448437E+3	8,666555E-1	3,448437E+3	8,636636E-1	3,448437E+3	8,646958E-1
3,450000E+3	8,650132E-1	3,450000E+3	8,602879E-1	3,450000E+3	8,566224E-1	3,450000E+3	8,576470E-1
3,451562E+3	8,595771E-1	3,451562E+3	8,538474E-1	3,451562E+3	8,503392E-1	3,451562E+3	8,522711E-1
3,453125E+3	8,517273E-1	3,453125E+3	8,464089E-1	3,453125E+3	8,440357E-1	3,453125E+3	8,476679E-1
3,454687E+3	8,469654E-1	3,454687E+3	8,419384E-1	3,454687E+3	8,389335E-1	3,454687E+3	8,400998E-1
3,456250E+3	8,418486E-1	3,456250E+3	8,376746E-1	3,456250E+3	8,342235E-1	3,456250E+3	8,354638E-1
3,457812E+3	8,361545E-1	3,457812E+3	8,325016E-1	3,457812E+3	8,289293E-1	3,457812E+3	8,309065E-1
3,459375E+3	8,327294E-1	3,459375E+3	8,269186E-1	3,459375E+3	8,241137E-1	3,459375E+3	8,264577E-1
3,460937E+3	8,285056E-1	3,460937E+3	8,217022E-1	3,460937E+3	8,198698E-1	3,460937E+3	8,217513E-1
3,462500E+3	8,215717E-1	3,462500E+3	8,189369E-1	3,462500E+3	8,142177E-1	3,462500E+3	8,176026E-1
3,464062E+3	8,205754E-1	3,464062E+3	8,147483E-1	3,464062E+3	8,097393E-1	3,464062E+3	8,124866E-1
3,465625E+3	8,156025E-1	3,465625E+3	8,086606E-1	3,465625E+3	8,055138E-1	3,465625E+3	8,061496E-1
3,467187E+3	8,108271E-1	3,467187E+3	8,058414E-1	3,467187E+3	8,016202E-1	3,467187E+3	8,031977E-1
3,468750E+3	8,071608E-1	3,468750E+3	8,023492E-1	3,468750E+3	7,993534E-1	3,468750E+3	7,997479E-1
3,470312E+3	7,994268E-1	3,470312E+3	7,982612E-1	3,470312E+3	7,932527E-1	3,470312E+3	7,944180E-1
3,471875E+3	7,974178E-1	3,471875E+3	7,928935E-1	3,471875E+3	7,883364E-1	3,471875E+3	7,907825E-1
3,473437E+3	7,924784E-1	3,473437E+3	7,872960E-1	3,473437E+3	7,828772E-1	3,473437E+3	7,842120E-1
3,475000E+3	7,894541E-1	3,475000E+3	7,825564E-1	3,475000E+3	7,796634E-1	3,475000E+3	7,796437E-1
3,476562E+3	7,812424E-1	3,476562E+3	7,773847E-1	3,476562E+3	7,738681E-1	3,476562E+3	7,751811E-1
3,478125E+3	7,754323E-1	3,478125E+3	7,712258E-1	3,478125E+3	7,679964E-1	3,478125E+3	7,673424E-1
3,479687E+3	7,702063E-1	3,479687E+3	7,647709E-1	3,479687E+3	7,620030E-1	3,479687E+3	7,607649E-1
3,481250E+3	7,665607E-1	3,481250E+3	7,579693E-1	3,481250E+3	7,552293E-1	3,481250E+3	7,543755E-1
3,482812E+3	7,580659E-1	3,482812E+3	7,524218E-1	3,482812E+3	7,474218E-1	3,482812E+3	7,475468E-1
3,484375E+3	7,473822E-1	3,484375E+3	7,443741E-1	3,484375E+3	7,392016E-1	3,484375E+3	7,389440E-1
3,485937E+3	7,415332E-1	3,485937E+3	7,362556E-1	3,485937E+3	7,323985E-1	3,485937E+3	7,306387E-1
3,487500E+3	7,336339E-1	3,487500E+3	7,264459E-1	3,487500E+3	7,246804E-1	3,487500E+3	7,222608E-1
3,489062E+3	7,219150E-1	3,489062E+3	7,207669E-1	3,489062E+3	7,157166E-1	3,489062E+3	7,134617E-1
3,490625E+3	7,138300E-1	3,490625E+3	7,117248E-1	3,490625E+3	7,065850E-1	3,490625E+3	7,040770E-1
3,492187E+3	7,029784E-1	3,492187E+3	7,014169E-1	3,492187E+3	6,962472E-1	3,492187E+3	6,964995E-1
3,493750E+3	6,955862E-1	3,493750E+3	6,920218E-1	3,493750E+3	6,859745E-1	3,493750E+3	6,861770E-1
3,495312E+3	6,885720E-1	3,495312E+3	6,801956E-1	3,495312E+3	6,767756E-1	3,495312E+3	6,767270E-1
3,496875E+3	6,754545E-1	3,496875E+3	6,698950E-1	3,496875E+3	6,675709E-1	3,496875E+3	6,692900E-1
3,498437E+3	6,701932E-1	3,498437E+3	6,616536E-1	3,498437E+3	6,589518E-1	3,498437E+3	6,588401E-1
3,500000E+3	6,618766E-1	3,500000E+3	6,520928E-1	3,500000E+3	6,524469E-1	3,500000E+3	6,505979E-1
3,501562E+3	6,477333E-1	3,501562E+3	6,433211E-1	3,501562E+3	6,395109E-1	3,501562E+3	6,381197E-1
3,503125E+3	6,388913E-1	3,503125E+3	6,330929E-1	3,503125E+3	6,293845E-1	3,503125E+3	6,271474E-1
3,504687E+3	6,260377E-1	3,504687E+3	6,230398E-1	3,504687E+3	6,197578E-1	3,504687E+3	6,192982E-1
3,506250E+3	6,199872E-1	3,506250E+3	6,133842E-1	3,506250E+3	6,131452E-1	3,506250E+3	6,117288E-1
3,507812E+3	6,105166E-1	3,507812E+3	6,064670E-1	3,507812E+3	6,017777E-1	3,507812E+3	6,039414E-1
3,509375E+3	6,003955E-1	3,509375E+3	6,004845E-1	3,509375E+3	5,949580E-1	3,509375E+3	5,941872E-1
3,510937E+3	5,913898E-1	3,510937E+3	5,871364E-1	3,510937E+3	5,880218E-1	3,510937E+3	5,858210E-1
3,512500E+3	5,773427E-1	3,512500E+3	5,779581E-1	3,512500E+3	5,770138E-1	3,512500E+3	5,748908E-1
3,514062E+3	5,712965E-1	3,514062E+3	5,692951E-1	3,514062E+3	5,686250E-1	3,514062E+3	5,643522E-1
3,515625E+3	5,666299E-1	3,515625E+3	5,597205E-1	3,515625E+3	5,583766E-1	3,515625E+3	5,607207E-1
3,517187E+3	5,576742E-1	3,517187E+3	5,574468E-1	3,517187E+3	5,518778E-1	3,517187E+3	5,518903E-1
3,518750E+3	5,472755E-1	3,518750E+3	5,480998E-1	3,518750E+3	5,424860E-1	3,518750E+3	5,422742E-1
3,520312E+3	5,379539E-1	3,520312E+3	5,383867E-1	3,520312E+3	5,377168E-1	3,520312E+3	5,319255E-1
3,521875E+3	5,350237E-1	3,521875E+3	5,345810E-1	3,521875E+3	5,340359E-1	3,521875E+3	5,272121E-1
3,523437E+3	5,291163E-1	3,523437E+3	5,264293E-1	3,523437E+3	5,224815E-1	3,523437E+3	5,238915E-1
3,525000E+3	5,221353E-1	3,525000E+3	5,173319E-1	3,525000E+3	5,151644E-1	3,525000E+3	5,121971E-1
3,526562E+3	5,140999E-1	3,526562E+3	5,102982E-1	3,526562E+3	5,082913E-1	3,526562E+3	5,100690E-1
3,528125E+3	5,150119E-1	3,528125E+3	5,030462E-1	3,528125E+3	5,047192E-1	3,528125E+3	5,071875E-1
3,529687E+3	5,065867E-1	3,529687E+3	4,970505E-1	3,529687E+3	4,987557E-1	3,529687E+3	4,942524E-1
3,531250E+3	4,912138E-1	3,531250E+3	4,908716E-1	3,531250E+3	4,924068E-1	3,531250E+3	4,843186E-1
3,532812E+3	4,846425E-1	3,532812E+3	4,881635E-1	3,532812E+3	4,835153E-1	3,532812E+3	4,805864E-1
3,534375E+3	4,768218E-1	3,534375E+3	4,796981E-1	3,534375E+3	4,743334E-1	3,534375E+3	4,801042E-1
3,535937E+3	4,713388E-1	3,535937E+3	4,705415E-1	3,535937E+3	4,700110E-1	3,535937E+3	4,755789E-1
3,537500E+3	4,677112E-1	3,537500E+3	4,685427E-1	3,537500E+3	4,656219E-1	3,537500E+3	4,694211E-1
3,539062E+3	4,660264E-1	3,539062E+3	4,596394E-1	3,539062E+3	4,621910E-1	3,539062E+3	4,585235E-1
3,540625E+3	4,622135E-1	3,540625E+3	4,554046E-1	3,540625E+3	4,561214E-1	3,540625E+3	4,541464E-1
3,542187E+3	4,549872E-1	3,542187E+3	4,527444E-1	3,542187E+3	4,497826E-1	3,542187E+3	4,505228E-1
3,543750E+3	4,448509E-1	3,543750E+3	4,518177E-1	3,543750E+3	4,460415E-1	3,543750E+3	4,451839E-1
3,545312E+3	4,435213E-1	3,545312E+3	4,450813E-1	3,545312E+3	4,438050E-1	3,545312E+3	4,405192E-1
3,546875E+3	4,369132E-1	3,546875E+3	4,399393E-1	3,546875E+3	4,360945E-1	3,546875E+3	4,410569E-1
3,548437E+3	4,319095E-1	3,548437E+3	4,387179E-1	3,548437E+3	4,297901E-1	3,548437E+3	4,349240E-1
3,550000E+3	4,307483E-1	3,550000E+3	4,338401E-1	3,550000E+3	4,282662E-1	3,550000E+3	4,288064E-1
3,551562E+3	4,269727E-1	3,551562E+3	4,296946E-1	3,551562E+3	4,297881E-1	3,551562E+3	4,277253E-1
3,553125E+3	4,243791E-1	3,553125E+3	4,300856E-1	3,553125E+3	4,294355E-1	3,553125E+3	4,230524E-1
3,554687E+3	4,233108E-1	3,554687E+3	4,208657E-1	3,554687E+3	4,228986E-1	3,554687E+3	4,193159E-1
3,556250E+3	4,244617E-1	3,556250E+3	4,141761E-1	3,556250E+3	4,122875E-1	3,556250E+3	4,203842E-1
3,557812E+3	4,266246E-1	3,557812E+3	4,095925E-1	3,557812E+3	4,120324E-1	3,557812E+3	4,157202E-1
3,559375E+3	4,073141E-1	3,559375E+3	4,082972E-1	3,559375E+3	4,077424E-1	3,559375E+3	4,046628E-1
3,560937E+3	3,968413E-1	3,560937E+3	4,077212E-1	3,560937E+3	4,028291E-1	3,560937E+3	4,044763E-1
3,562500E+3	3,980399E-1	3,562500E+3	4,064684E-1	3,562500E+3	4,039406E-1	3,562500E+3	4,056044E-1
3,564062E+3	4,117274E-1	3,564062E+3	4,020010E-1	3,564062E+3	3,976357E-1	3,564062E+3	4,046675E-1
3,565625E+3	4,072123E-1	3,565625E+3	3,996783E-1	3,565625E+3	3,983185E-1	3,565625E+3	3,981867E-1
3,567187E+3	4,027873E-1	3,567187E+3	3,959156E-1	3,567187E+3	3,952583E-1	3,567187E+3	3,968577E-1
3,568750E+3	3,950685E-1	3,568750E+3	3,916187E-1	3,568750E+3	3,926009E-1	3,568750E+3	3,921736E-1
3,570312E+3	3,965189E-1	3,570312E+3	3,940954E-1	3,570312E+3	3,913348E-1	3,570312E+3	3,876043E-1
3,571875E+3	4,029607E-1	3,571875E+3	3,892181E-1	3,571875E+3	3,861277E-1	3,571875E+3	3,902544E-1
3,573437E+3	3,932658E-1	3,573437E+3	3,886044E-1	3,573437E+3	3,843865E-1	3,573437E+3	3,841535E-1
3,575000E+3	3,847014E-1	3,575000E+3	3,854221E-1	3,575000E+3	3,848505E-1	3,575000E+3	3,850619E-1
3,576562E+3	3,814640E-1	3,576562E+3	3,844489E-1	3,576562E+3	3,830966E-1	3,576562E+3	3,799866E-1
3,578125E+3	3,816611E-1	3,578125E+3	3,820545E-1	3,578125E+3	3,809025E-1	3,578125E+3	3,840725E-1
3,579687E+3	3,803421E-1	3,579687E+3	3,775307E-1	3,579687E+3	3,795325E-1	3,579687E+3	3,842920E-1
3,581250E+3	3,682010E-1	3,581250E+3	3,785808E-1	3,581250E+3	3,748821E-1	3,581250E+3	3,741808E-1
3,582812E+3	3,773460E-1	3,582812E+3	3,773988E-1	3,582812E+3	3,781325E-1	3,582812E+3	3,794043E-1
3,584375E+3	3,703018E-1	3,584375E+3	3,754776E-1	3,584375E+3	3,746168E-1	3,584375E+3	3,738733E-1
3,585937E+3	3,651598E-1	3,585937E+3	3,765416E-1	3,585937E+3	3,710080E-1	3,585937E+3	3,685060E-1
3,587500E+3	3,650468E-1	3,587500E+3	3,687559E-1	3,587500E+3	3,704530E-1	3,587500E+3	3,777092E-1
3,589062E+3	3,653294E-1	3,589062E+3	3,656878E-1	3,589062E+3	3,694601E-1	3,589062E+3	3,785759E-1
3,590625E+3	3,671283E-1	3,590625E+3	3,661118E-1	3,590625E+3	3,662611E-1	3,590625E+3	3,697727E-1
3,592187E+3	3,706315E-1	3,592187E+3	3,660948E-1	3,592187E+3	3,672603E-1	3,592187E+3	3,734958E-1
3,593750E+3	3,717311E-1	3,593750E+3	3,675604E-1	3,593750E+3	3,655917E-1	3,593750E+3	3,736930E-1
3,595312E+3	3,678388E-1	3,595312E+3	3,704715E-1	3,595312E+3	3,680706E-1	3,595312E+3	3,676978E-1
3,596875E+3	3,674841E-1	3,596875E+3	3,710455E-1	3,596875E+3	3,678400E-1	3,596875E+3	3,671280E-1
3,598437E+3	3,681963E-1	3,598437E+3	3,752000E-1	3,598437E+3	3,682438E-1	3,598437E+3	3,678147E-1
3,600000E+3	3,674747E-1	3,600000E+3	3,690841E-1	3,600000E+3	3,666307E-1	3,600000E+3	3,707093E-1
3,601562E+3	3,636538E-1	3,601562E+3	3,650282E-1	3,601562E+3	3,667350E-1	3,601562E+3	3,677677E-1
3,603125E+3	3,712594E-1	3,603125E+3	3,628444E-1	3,603125E+3	3,651633E-1	3,603125E+3	3,699199E-1
3,604687E+3	3,683264E-1	3,604687E+3	3,631397E-1	3,604687E+3	3,647221E-1	3,604687E+3	3,729168E-1
3,606250E+3	3,593147E-1	3,606250E+3	3,644921E-1	3,606250E+3	3,615853E-1	3,606250E+3	3,689270E-1
3,607812E+3	3,596274E-1	3,607812E+3	3,635360E-1	3,607812E+3	3,631766E-1	3,607812E+3	3,659697E-1
3,609375E+3	3,629275E-1	3,609375E+3	3,570922E-1	3,609375E+3	3,594007E-1	3,609375E+3	3,650743E-1
3,610937E+3	3,623628E-1	3,610937E+3	3,595911E-1	3,610937E+3	3,640805E-1	3,610937E+3	3,605799E-1
3,612500E+3	3,635110E-1	3,612500E+3	3,640037E-1	3,612500E+3	3,651317E-1	3,612500E+3	3,625422E-1
3,614062E+3	3,613333E-1	3,614062E+3	3,631149E-1	3,614062E+3	3,614568E-1	3,614062E+3	3,670507E-1
3,615625E+3	3,559219E-1	3,615625E+3	3,613370E-1	3,615625E+3	3,597451E-1	3,615625E+3	3,636607E-1
3,617187E+3	3,595789E-1	3,617187E+3	3,596198E-1	3,617187E+3	3,603319E-1	3,617187E+3	3,632599E-1
3,618750E+3	3,675374E-1	3,618750E+3	3,672943E-1	3,618750E+3	3,575791E-1	3,618750E+3	3,639958E-1
3,620312E+3	3,602180E-1	3,620312E+3	3,590496E-1	3,620312E+3	3,573469E-1	3,620312E+3	3,619248E-1
3,621875E+3	3,629563E-1	3,621875E+3	3,573673E-1	3,621875E+3	3,596298E-1	3,621875E+3	3,661475E-1
3,623437E+3	3,618812E-1	3,623437E+3	3,571693E-1	3,623437E+3	3,574650E-1	3,623437E+3	3,602824E-1
3,625000E+3	3,624217E-1	3,625000E+3	3,611606E-1	3,625000E+3	3,613462E-1	3,625000E+3	3,556754E-1
3,626562E+3	3,612332E-1	3,626562E+3	3,614230E-1	3,626562E+3	3,655669E-1	3,626562E+3	3,588651E-1
3,628125E+3	3,549919E-1	3,628125E+3	3,578151E-1	3,628125E+3	3,627171E-1	3,628125E+3	3,634082E-1
3,629687E+3	3,536602E-1	3,629687E+3	3,559270E-1	3,629687E+3	3,571628E-1	3,629687E+3	3,660731E-1
3,631250E+3	3,553902E-1	3,631250E+3	3,573082E-1	3,631250E+3	3,564422E-1	3,631250E+3	3,630246E-1
3,632812E+3	3,574562E-1	3,632812E+3	3,562624E-1	3,632812E+3	3,563053E-1	3,632812E+3	3,605088E-1
3,634375E+3	3,642600E-1	3,634375E+3	3,587685E-1	3,634375E+3	3,600788E-1	3,634375E+3	3,650189E-1
3,635937E+3	3,643904E-1	3,635937E+3	3,577243E-1	3,635937E+3	3,602341E-1	3,635937E+3	3,666066E-1
3,637500E+3	3,604481E-1	3,637500E+3	3,538237E-1	3,637500E+3	3,607662E-1	3,637500E+3	3,643468E-1
3,639062E+3	3,644709E-1	3,639062E+3	3,609425E-1	3,639062E+3	3,614697E-1	3,639062E+3	3,643609E-1
3,640625E+3	3,562815E-1	3,640625E+3	3,626157E-1	3,640625E+3	3,618729E-1	3,640625E+3	3,617265E-1
3,642187E+3	3,539761E-1	3,642187E+3	3,626749E-1	3,642187E+3	3,635025E-1	3,642187E+3	3,576891E-1
3,643750E+3	3,650976E-1	3,643750E+3	3,591579E-1	3,643750E+3	3,594431E-1	3,643750E+3	3,619028E-1
3,645312E+3	3,568998E-1	3,645312E+3	3,594173E-1	3,645312E+3	3,581563E-1	3,645312E+3	3,628594E-1
3,646875E+3	3,572274E-1	3,646875E+3	3,641792E-1	3,646875E+3	3,635764E-1	3,646875E+3	3,674795E-1
3,648437E+3	3,646324E-1	3,648437E+3	3,568631E-1	3,648437E+3	3,638616E-1	3,648437E+3	3,628366E-1
3,650000E+3	3,724085E-1	3,650000E+3	3,551032E-1	3,650000E+3	3,620562E-1	3,650000E+3	3,587770E-1
3,651562E+3	3,675235E-1	3,651562E+3	3,528497E-1	3,651562E+3	3,600488E-1	3,651562E+3	3,591622E-1
3,653125E+3	3,680085E-1	3,653125E+3	3,581002E-1	3,653125E+3	3,660091E-1	3,653125E+3	3,588153E-1
3,654687E+3	3,650299E-1	3,654687E+3	3,629951E-1	3,654687E+3	3,633274E-1	3,654687E+3	3,609221E-1
3,656250E+3	3,581164E-1	3,656250E+3	3,604810E-1	3,656250E+3	3,570735E-1	3,656250E+3	3,658628E-1
3,657812E+3	3,612806E-1	3,657812E+3	3,635702E-1	3,657812E+3	3,641188E-1	3,657812E+3	3,653948E-1
3,659375E+3	3,640037E-1	3,659375E+3	3,625741E-1	3,659375E+3	3,644143E-1	3,659375E+3	3,640617E-1
3,660937E+3	3,656484E-1	3,660937E+3	3,671647E-1	3,660937E+3	3,677231E-1	3,660937E+3	3,665441E-1
3,662500E+3	3,701837E-1	3,662500E+3	3,655698E-1	3,662500E+3	3,673613E-1	3,662500E+3	3,688303E-1
3,664062E+3	3,562275E-1	3,664062E+3	3,615827E-1	3,664062E+3	3,637347E-1	3,664062E+3	3,693914E-1
3,665625E+3	3,561523E-1	3,665625E+3	3,658215E-1	3,665625E+3	3,636059E-1	3,665625E+3	3,665285E-1
3,667187E+3	3,634149E-1	3,667187E+3	3,643786E-1	3,667187E+3	3,689882E-1	3,667187E+3	3,626858E-1
3,668750E+3	3,611745E-1	3,668750E+3	3,675265E-1	3,668750E+3	3,695919E-1	3,668750E+3	3,711471E-1
3,670312E+3	3,614343E-1	3,670312E+3	3,725298E-1	3,670312E+3	3,736097E-1	3,670312E+3	3,717116E-1
3,671875E+3	3,616879E-1	3,671875E+3	3,745721E-1	3,671875E+3	3,753813E-1	3,671875E+3	3,741947E-1
3,673437E+3	3,710959E-1	3,673437E+3	3,739546E-1	3,673437E+3	3,745591E-1	3,673437E+3	3,817044E-1
3,675000E+3	3,571014E-1	3,675000E+3	3,740476E-1	3,675000E+3	3,776399E-1	3,675000E+3	3,776979E-1
3,676562E+3	3,634299E-1	3,676562E+3	3,702016E-1	3,676562E+3	3,789661E-1	3,676562E+3	3,781995E-1
3,678125E+3	3,695930E-1	3,678125E+3	3,758572E-1	3,678125E+3	3,859507E-1	3,678125E+3	3,841086E-1
3,679687E+3	3,727751E-1	3,679687E+3	3,775231E-1	3,679687E+3	3,815182E-1	3,679687E+3	3,861922E-1
3,681250E+3	3,805996E-1	3,681250E+3	3,771704E-1	3,681250E+3	3,830171E-1	3,681250E+3	3,895707E-1
3,682812E+3	3,787127E-1	3,682812E+3	3,742060E-1	3,682812E+3	3,860715E-1	3,682812E+3	3,855187E-1
3,684375E+3	3,731786E-1	3,684375E+3	3,769604E-1	3,684375E+3	3,864566E-1	3,684375E+3	3,877015E-1
3,685937E+3	3,958147E-1	3,685937E+3	3,931635E-1	3,685937E+3	3,902444E-1	3,685937E+3	3,968197E-1
3,687500E+3	3,926218E-1	3,687500E+3	3,924582E-1	3,687500E+3	3,969591E-1	3,687500E+3	3,970656E-1
3,689062E+3	3,917705E-1	3,689062E+3	3,902868E-1	3,689062E+3	3,973575E-1	3,689062E+3	3,970178E-1
3,690625E+3	4,012901E-1	3,690625E+3	3,953606E-1	3,690625E+3	4,006211E-1	3,690625E+3	3,965383E-1
3,692187E+3	4,027475E-1	3,692187E+3	4,003972E-1	3,692187E+3	4,042578E-1	3,692187E+3	4,039870E-1
3,693750E+3	3,988142E-1	3,693750E+3	4,036363E-1	3,693750E+3	4,053430E-1	3,693750E+3	4,090164E-1
3,695312E+3	4,061343E-1	3,695312E+3	4,053152E-1	3,695312E+3	4,057083E-1	3,695312E+3	4,109868E-1
3,696875E+3	4,270291E-1	3,696875E+3	4,089732E-1	3,696875E+3	4,111427E-1	3,696875E+3	4,152707E-1
3,698437E+3	4,268549E-1	3,698437E+3	4,154386E-1	3,698437E+3	4,138391E-1	3,698437E+3	4,165086E-1
3,700000E+3	4,214308E-1	3,700000E+3	4,199711E-1	3,700000E+3	4,196635E-1	3,700000E+3	4,214735E-1
3,701562E+3	4,197012E-1	3,701562E+3	4,202121E-1	3,701562E+3	4,191102E-1	3,701562E+3	4,237887E-1
3,703125E+3	4,194434E-1	3,703125E+3	4,219271E-1	3,703125E+3	4,220612E-1	3,703125E+3	4,220717E-1
3,704687E+3	4,385766E-1	3,704687E+3	4,248864E-1	3,704687E+3	4,257097E-1	3,704687E+3	4,225969E-1
3,706250E+3	4,460793E-1	3,706250E+3	4,246942E-1	3,706250E+3	4,277321E-1	3,706250E+3	4,306404E-1
3,707812E+3	4,398682E-1	3,707812E+3	4,325362E-1	3,707812E+3	4,382664E-1	3,707812E+3	4,408769E-1
3,709375E+3	4,327394E-1	3,709375E+3	4,308945E-1	3,709375E+3	4,369201E-1	3,709375E+3	4,394032E-1
3,710937E+3	4,396666E-1	3,710937E+3	4,376480E-1	3,710937E+3	4,399289E-1	3,710937E+3	4,455032E-1
3,712500E+3	4,439182E-1	3,712500E+3	4,389847E-1	3,712500E+3	4,486643E-1	3,712500E+3	4,446254E-1
3,714062E+3	4,442812E-1	3,714062E+3	4,432632E-1	3,714062E+3	4,521886E-1	3,714062E+3	4,515363E-1
3,715625E+3	4,631768E-1	3,715625E+3	4,506898E-1	3,715625E+3	4,572814E-1	3,715625E+3	4,589955E-1
3,717187E+3	4,638127E-1	3,717187E+3	4,595022E-1	3,717187E+3	4,612054E-1	3,717187E+3	4,670248E-1
3,718750E+3	4,632890E-1	3,718750E+3	4,660456E-1	3,718750E+3	4,664495E-1	3,718750E+3	4,632841E-1
3,720312E+3	4,624822E-1	3,720312E+3	4,652136E-1	3,720312E+3	4,717561E-1	3,720312E+3	4,665518E-1
3,721875E+3	4,738338E-1	3,721875E+3	4,659525E-1	3,721875E+3	4,743446E-1	3,721875E+3	4,747319E-1
3,723437E+3	4,791026E-1	3,723437E+3	4,754806E-1	3,723437E+3	4,766980E-1	3,723437E+3	4,796902E-1
3,725000E+3	4,778675E-1	3,725000E+3	4,830414E-1	3,725000E+3	4,829813E-1	3,725000E+3	4,867880E-1
3,726562E+3	4,695130E-1	3,726562E+3	4,838956E-1	3,726562E+3	4,848356E-1	3,726562E+3	4,914798E-1
3,728125E+3	4,856691E-1	3,728125E+3	4,867981E-1	3,728125E+3	4,914863E-1	3,728125E+3	4,921953E-1
3,729687E+3	4,895270E-1	3,729687E+3	4,937059E-1	3,729687E+3	4,984727E-1	3,729687E+3	5,024617E-1
3,731250E+3	4,930373E-1	3,731250E+3	5,022602E-1	3,731250E+3	5,037975E-1	3,731250E+3	5,055496E-1
3,732812E+3	4,980597E-1	3,732812E+3	5,068395E-1	3,732812E+3	5,095252E-1	3,732812E+3	5,128071E-1
3,734375E+3	5,064443E-1	3,734375E+3	5,126245E-1	3,734375E+3	5,139387E-1	3,734375E+3	5,184876E-1
3,735937E+3	5,140932E-1	3,735937E+3	5,129403E-1	3,735937E+3	5,189272E-1	3,735937E+3	5,213864E-1
3,737500E+3	5,230773E-1	3,737500E+3	5,240165E-1	3,737500E+3	5,204912E-1	3,737500E+3	5,311719E-1
3,739062E+3	5,243364E-1	3,739062E+3	5,308276E-1	3,739062E+3	5,291256E-1	3,739062E+3	5,308867E-1
3,740625E+3	5,316648E-1	3,740625E+3	5,331200E-1	3,740625E+3	5,333904E-1	3,740625E+3	5,348601E-1
3,742187E+3	5,411293E-1	3,742187E+3	5,407258E-1	3,742187E+3	5,400731E-1	3,742187E+3	5,396035E-1
3,743750E+3	5,405242E-1	3,743750E+3	5,460749E-1	3,743750E+3	5,462210E-1	3,743750E+3	5,509481E-1
3,745312E+3	5,509787E-1	3,745312E+3	5,517091E-1	3,745312E+3	5,523266E-1	3,745312E+3	5,637978E-1
3,746875E+3	5,603112E-1	3,746875E+3	5,595540E-1	3,746875E+3	5,597127E-1	3,746875E+3	5,631095E-1
3,748437E+3	5,585321E-1	3,748437E+3	5,667239E-1	3,748437E+3	5,690257E-1	3,748437E+3	5,679169E-1
3,750000E+3	5,639574E-1	3,750000E+3	5,714895E-1	3,750000E+3	5,731740E-1	3,750000E+3	5,765955E-1
3,751562E+3	5,765305E-1	3,751562E+3	5,759304E-1	3,751562E+3	5,787094E-1	3,751562E+3	5,809814E-1
3,753125E+3	5,780839E-1	3,753125E+3	5,862526E-1	3,753125E+3	5,857316E-1	3,753125E+3	5,913943E-1
3,754687E+3	5,866952E-1	3,754687E+3	5,907449E-1	3,754687E+3	5,945478E-1	3,754687E+3	5,986965E-1
3,756250E+3	5,950302E-1	3,756250E+3	5,959182E-1	3,756250E+3	6,014329E-1	3,756250E+3	6,042179E-1
3,757812E+3	6,039465E-1	3,757812E+3	6,030964E-1	3,757812E+3	6,083851E-1	3,757812E+3	6,113176E-1
3,759375E+3	6,091071E-1	3,759375E+3	6,106416E-1	3,759375E+3	6,129874E-1	3,759375E+3	6,162128E-1
3,760937E+3	6,189393E-1	3,760937E+3	6,183567E-1	3,760937E+3	6,213885E-1	3,760937E+3	6,249385E-1
3,762500E+3	6,211968E-1	3,762500E+3	6,269741E-1	3,762500E+3	6,292670E-1	3,762500E+3	6,326204E-1
3,764062E+3	6,254801E-1	3,764062E+3	6,339913E-1	3,764062E+3	6,350022E-1	3,764062E+3	6,382507E-1
3,765625E+3	6,335819E-1	3,765625E+3	6,421571E-1	3,765625E+3	6,405275E-1	3,765625E+3	6,462629E-1
3,767187E+3	6,492498E-1	3,767187E+3	6,488352E-1	3,767187E+3	6,499155E-1	3,767187E+3	6,530414E-1
3,768750E+3	6,536764E-1	3,768750E+3	6,555536E-1	3,768750E+3	6,597301E-1	3,768750E+3	6,629084E-1
3,770312E+3	6,567373E-1	3,770312E+3	6,601772E-1	3,770312E+3	6,659537E-1	3,770312E+3	6,683716E-1
3,771875E+3	6,647701E-1	3,771875E+3	6,708878E-1	3,771875E+3	6,710512E-1	3,771875E+3	6,751938E-1
3,773437E+3	6,755717E-1	3,773437E+3	6,768905E-1	3,773437E+3	6,820691E-1	3,773437E+3	6,829182E-1
3,775000E+3	6,779061E-1	3,775000E+3	6,827339E-1	3,775000E+3	6,865335E-1	3,775000E+3	6,884834E-1
3,776562E+3	6,882010E-1	3,776562E+3	6,917017E-1	3,776562E+3	6,924589E-1	3,776562E+3	6,973630E-1
3,778125E+3	6,971776E-1	3,778125E+3	7,004119E-1	3,778125E+3	7,041246E-1	3,778125E+3	7,019268E-1
3,779687E+3	7,032877E-1	3,779687E+3	7,098270E-1	3,779687E+3	7,108432E-1	3,779687E+3	7,098264E-1
3,781250E+3	7,100392E-1	3,781250E+3	7,144309E-1	3,781250E+3	7,230182E-1	3,781250E+3	7,208378E-1
3,782812E+3	7,185240E-1	3,782812E+3	7,247146E-1	3,782812E+3	7,267048E-1	3,782812E+3	7,280578E-1
3,784375E+3	7,253841E-1	3,784375E+3	7,288951E-1	3,784375E+3	7,334233E-1	3,784375E+3	7,364162E-1
3,785937E+3	7,316088E-1	3,785937E+3	7,365430E-1	3,785937E+3	7,432304E-1	3,785937E+3	7,439805E-1
3,787500E+3	7,435547E-1	3,787500E+3	7,450348E-1	3,787500E+3	7,522044E-1	3,787500E+3	7,500798E-1
3,789062E+3	7,508809E-1	3,789062E+3	7,567306E-1	3,789062E+3	7,582409E-1	3,789062E+3	7,597577E-1
3,790625E+3	7,548115E-1	3,790625E+3	7,628417E-1	3,790625E+3	7,658379E-1	3,790625E+3	7,661902E-1
3,792187E+3	7,629284E-1	3,792187E+3	7,702287E-1	3,792187E+3	7,716382E-1	3,792187E+3	7,730527E-1
3,793750E+3	7,710291E-1	3,793750E+3	7,769461E-1	3,793750E+3	7,802986E-1	3,793750E+3	7,826865E-1
3,795312E+3	7,801725E-1	3,795312E+3	7,848521E-1	3,795312E+3	7,891741E-1	3,795312E+3	7,921443E-1
3,796875E+3	7,869107E-1	3,796875E+3	7,934144E-1	3,796875E+3	7,965534E-1	3,796875E+3	8,000003E-1
3,798437E+3	7,957250E-1	3,798437E+3	8,008721E-1	3,798437E+3	8,011817E-1	3,798437E+3	8,068613E-1
3,800000E+3	8,043821E-1	3,800000E+3	8,081479E-1	3,800000E+3	8,097961E-1	3,800000E+3	8,129026E-1
3,801562E+3	8,111131E-1	3,801562E+3	8,166149E-1	3,801562E+3	8,196135E-1	3,801562E+3	8,193625E-1
3,803125E+3	8,211740E-1	3,803125E+3	8,229358E-1	3,803125E+3	8,292612E-1	3,803125E+3	8,289451E-1
3,804687E+3	8,261148E-1	3,804687E+3	8,302185E-1	3,804687E+3	8,360201E-1	3,804687E+3	8,364160E-1
3,806250E+3	8,327750E-1	3,806250E+3	8,381687E-1	3,806250E+3	8,408590E-1	3,806250E+3	8,433528E-1
3,807812E+3	8,430301E-1	3,807812E+3	8,447661E-1	3,807812E+3	8,481986E-1	3,807812E+3	8,512467E-1
3,809375E+3	8,474453E-1	3,809375E+3	8,535162E-1	3,809375E+3	8,535716E-1	3,809375E+3	8,553663E-1
3,810937E+3	8,524040E-1	3,810937E+3	8,612995E-1	3,810937E+3	8,609954E-1	3,810937E+3	8,623880E-1
3,812500E+3	8,604663E-1	3,812500E+3	8,655625E-1	3,812500E+3	8,683481E-1	3,812500E+3	8,698298E-1
3,814062E+3	8,677382E-1	3,814062E+3	8,716947E-1	3,814062E+3	8,751493E-1	3,814062E+3	8,766243E-1
3,815625E+3	8,729947E-1	3,815625E+3	8,770418E-1	3,815625E+3	8,817265E-1	3,815625E+3	8,829663E-1
3,817187E+3	8,799279E-1	3,817187E+3	8,850064E-1	3,817187E+3	8,885378E-1	3,817187E+3	8,896967E-1
3,818750E+3	8,896306E-1	3,818750E+3	8,905944E-1	3,818750E+3	8,935851E-1	3,818750E+3	8,951628E-1
3,820312E+3	8,938473E-1	3,820312E+3	8,960967E-1	3,820312E+3	8,983751E-1	3,820312E+3	9,012829E-1
3,821875E+3	8,981765E-1	3,821875E+3	9,017991E-1	3,821875E+3	9,043139E-1	3,821875E+3	9,072938E-1
3,823437E+3	9,027668E-1	3,823437E+3	9,076842E-1	3,823437E+3	9,122020E-1	3,823437E+3	9,125541E-1
3,825000E+3	9,121939E-1	3,825000E+3	9,128700E-1	3,825000E+3	9,159155E-1	3,825000E+3	9,146010E-1
3,826562E+3	9,145724E-1	3,826562E+3	9,181571E-1	3,826562E+3	9,184504E-1	3,826562E+3	9,217661E-1
3,828125E+3	9,196946E-1	3,828125E+3	9,221699E-1	3,828125E+3	9,235857E-1	3,828125E+3	9,276682E-1
3,829687E+3	9,256378E-1	3,829687E+3	9,287085E-1	3,829687E+3	9,287099E-1	3,829687E+3	9,312767E-1
3,831250E+3	9,299008E-1	3,831250E+3	9,328514E-1	3,831250E+3	9,339722E-1	3,831250E+3	9,357273E-1
3,832812E+3	9,338744E-1	3,832812E+3	9,356562E-1	3,832812E+3	9,380230E-1	3,832812E+3	9,402524E-1
3,834375E+3	9,401738E-1	3,834375E+3	9,385319E-1	3,834375E+3	9,404576E-1	3,834375E+3	9,427102E-1
3,835937E+3	9,420003E-1	3,835937E+3	9,417428E-1	3,835937E+3	9,444633E-1	3,835937E+3	9,462152E-1
3,837500E+3	9,448971E-1	3,837500E+3	9,476558E-1	3,837500E+3	9,479108E-1	3,837500E+3	9,495511E-1
3,839062E+3	9,473121E-1	3,839062E+3	9,498995E-1	3,839062E+3	9,502882E-1	3,839062E+3	9,520026E-1
3,840625E+3	9,491729E-1	3,840625E+3	9,522082E-1	3,840625E+3	9,544305E-1	3,840625E+3	9,553711E-1
3,842187E+3	9,541949E-1	3,842187E+3	9,552653E-1	3,842187E+3	9,561761E-1	3,842187E+3	9,580015E-1
3,843750E+3	9,552278E-1	3,843750E+3	9,581018E-1	3,843750E+3	9,586691E-1	3,843750E+3	9,599197E-1
3,845312E+3	9,565383E-1	3,845312E+3	9,598757E-1	3,845312E+3	9,607749E-1	3,845312E+3	9,624582E-1
3,846875E+3	9,590836E-1	3,846875E+3	9,611261E-1	3,846875E+3	9,622176E-1	3,846875E+3	9,634420E-1
3,848437E+3	9,599230E-1	3,848437E+3	9,619794E-1	3,848437E+3	9,627296E-1	3,848437E+3	9,649062E-1
3,850000E+3	9,618288E-1	3,850000E+3	9,638746E-1	3,850000E+3	9,640111E-1	3,850000E+3	9,657624E-1
3,851562E+3	9,653204E-1	3,851562E+3	9,640235E-1	3,851562E+3	9,653667E-1	3,851562E+3	9,660126E-1
3,853125E+3	9,658598E-1	3,853125E+3	9,653404E-1	3,853125E+3	9,661034E-1	3,853125E+3	9,661849E-1
3,854687E+3	9,642019E-1	3,854687E+3	9,662284E-1	3,854687E+3	9,658891E-1	3,854687E+3	9,670541E-1
3,856250E+3	9,651387E-1	3,856250E+3	9,650003E-1	3,856250E+3	9,659727E-1	3,856250E+3	9,665920E-1
3,857812E+3	9,647256E-1	3,857812E+3	9,653750E-1	3,857812E+3	9,666830E-1	3,857812E+3	9,670983E-1
3,859375E+3	9,650542E-1	3,859375E+3	9,656931E-1	3,859375E+3	9,657585E-1	3,859375E+3	9,667186E-1
3,860937E+3	9,645957E-1	3,860937E+3	9,650868E-1	3,860937E+3	9,654373E-1	3,860937E+3	9,668720E-1
3,862500E+3	9,644139E-1	3,862500E+3	9,639817E-1	3,862500E+3	9,637858E-1	3,862500E+3	9,651508E-1
3,864062E+3	9,618440E-1	3,864062E+3	9,621809E-1	3,864062E+3	9,626685E-1	3,864062E+3	9,631683E-1
3,865625E+3	9,615895E-1	3,865625E+3	9,610765E-1	3,865625E+3	9,615688E-1	3,865625E+3	9,620580E-1
3,867187E+3	9,608072E-1	3,867187E+3	9,604573E-1	3,867187E+3	9,589399E-1	3,867187E+3	9,608421E-1
3,868750E+3	9,595940E-1	3,868750E+3	9,589321E-1	3,868750E+3	9,573716E-1	3,868750E+3	9,587454E-1
3,870312E+3	9,575013E-1	3,870312E+3	9,577820E-1	3,870312E+3	9,558303E-1	3,870312E+3	9,561166E-1
3,871875E+3	9,568240E-1	3,871875E+3	9,547783E-1	3,871875E+3	9,536663E-1	3,871875E+3	9,540482E-1
3,873437E+3	9,527478E-1	3,873437E+3	9,518447E-1	3,873437E+3	9,519376E-1	3,873437E+3	9,524878E-1
3,875000E+3	9,508869E-1	3,875000E+3	9,494084E-1	3,875000E+3	9,490033E-1	3,875000E+3	9,493759E-1
3,876562E+3	9,470721E-1	3,876562E+3	9,467944E-1	3,876562E+3	9,451687E-1	3,876562E+3	9,450553E-1
3,878125E+3	9,437522E-1	3,878125E+3	9,437919E-1	3,878125E+3	9,426958E-1	3,878125E+3	9,434559E-1
3,879687E+3	9,414109E-1	3,879687E+3	9,410915E-1	3,879687E+3	9,384382E-1	3,879687E+3	9,410927E-1
3,881250E+3	9,405559E-1	3,881250E+3	9,372150E-1	3,881250E+3	9,354908E-1	3,881250E+3	9,373495E-1
3,882812E+3	9,376670E-1	3,882812E+3	9,341323E-1	3,882812E+3	9,322685E-1	3,882812E+3	9,338438E-1
3,884375E+3	9,316624E-1	3,884375E+3	9,303393E-1	3,884375E+3	9,289648E-1	3,884375E+3	9,314933E-1
3,885937E+3	9,289184E-1	3,885937E+3	9,269568E-1	3,885937E+3	9,266103E-1	3,885937E+3	9,256749E-1
3,887500E+3	9,278038E-1	3,887500E+3	9,235341E-1	3,887500E+3	9,215410E-1	3,887500E+3	9,225722E-1
3,889062E+3	9,207853E-1	3,889062E+3	9,189160E-1	3,889062E+3	9,179246E-1	3,889062E+3	9,192857E-1
3,890625E+3	9,152755E-1	3,890625E+3	9,146664E-1	3,890625E+3	9,130734E-1	3,890625E+3	9,132885E-1
3,892187E+3	9,126303E-1	3,892187E+3	9,106733E-1	3,892187E+3	9,086289E-1	3,892187E+3	9,092082E-1
3,893750E+3	9,086714E-1	3,893750E+3	9,072433E-1	3,893750E+3	9,054136E-1	3,893750E+3	9,051829E-1
3,895312E+3	9,065208E-1	3,895312E+3	9,025789E-1	3,895312E+3	9,021793E-1	3,895312E+3	9,008580E-1
3,896875E+3	8,998612E-1	3,896875E+3	8,976525E-1	3,896875E+3	8,969003E-1	3,896875E+3	8,963263E-1
3,898437E+3	8,963009E-1	3,898437E+3	8,935661E-1	3,898437E+3	8,925816E-1	3,898437E+3	8,927261E-1
3,900000E+3	8,931007E-1	3,900000E+3	8,899464E-1	3,900000E+3	8,882687E-1	3,900000E+3	8,898907E-1
3,901562E+3	8,894898E-1	3,901562E+3	8,867499E-1	3,901562E+3	8,838523E-1	3,901562E+3	8,855044E-1
3,903125E+3	8,805996E-1	3,903125E+3	8,800263E-1	3,903125E+3	8,800438E-1	3,903125E+3	8,825401E-1
3,904687E+3	8,770897E-1	3,904687E+3	8,758536E-1	3,904687E+3	8,737519E-1	3,904687E+3	8,777299E-1
3,906250E+3	8,755194E-1	3,906250E+3	8,716548E-1	3,906250E+3	8,679810E-1	3,906250E+3	8,727269E-1
3,907812E+3	8,719692E-1	3,907812E+3	8,680638E-1	3,907812E+3	8,663788E-1	3,907812E+3	8,671037E-1
3,909375E+3	8,682323E-1	3,909375E+3	8,635676E-1	3,909375E+3	8,624120E-1	3,909375E+3	8,619826E-1
3,910937E+3	8,605960E-1	3,910937E+3	8,570774E-1	3,910937E+3	8,565808E-1	3,910937E+3	8,576943E-1
3,912500E+3	8,556605E-1	3,912500E+3	8,541581E-1	3,912500E+3	8,503224E-1	3,912500E+3	8,527556E-1
3,914062E+3	8,536238E-1	3,914062E+3	8,491802E-1	3,914062E+3	8,468206E-1	3,914062E+3	8,489512E-1
3,915625E+3	8,441092E-1	3,915625E+3	8,423778E-1	3,915625E+3	8,421118E-1	3,915625E+3	8,481243E-1
3,917187E+3	8,374434E-1	3,917187E+3	8,400694E-1	3,917187E+3	8,360723E-1	3,917187E+3	8,391566E-1
3,918750E+3	8,399452E-1	3,918750E+3	8,352538E-1	3,918750E+3	8,329087E-1	3,918750E+3	8,331526E-1
3,920312E+3	8,375739E-1	3,920312E+3	8,321940E-1	3,920312E+3	8,272646E-1	3,920312E+3	8,294781E-1
3,921875E+3	8,327523E-1	3,921875E+3	8,269334E-1	3,921875E+3	8,227056E-1	3,921875E+3	8,271217E-1
3,923437E+3	8,230462E-1	3,923437E+3	8,195442E-1	3,923437E+3	8,209860E-1	3,923437E+3	8,203089E-1
3,925000E+3	8,174739E-1	3,925000E+3	8,173066E-1	3,925000E+3	8,154338E-1	3,925000E+3	8,169755E-1
3,926562E+3	8,152662E-1	3,926562E+3	8,128613E-1	3,926562E+3	8,110180E-1	3,926562E+3	8,135277E-1
3,928125E+3	8,132948E-1	3,928125E+3	8,093917E-1	3,928125E+3	8,051465E-1	3,928125E+3	8,083192E-1
3,929687E+3	8,136143E-1	3,929687E+3	8,042403E-1	3,929687E+3	8,022810E-1	3,929687E+3	8,034227E-1
3,931250E+3	8,041669E-1	3,931250E+3	7,986245E-1	3,931250E+3	7,966606E-1	3,931250E+3	7,998119E-1
3,932812E+3	7,984654E-1	3,932812E+3	7,960958E-1	3,932812E+3	7,913976E-1	3,932812E+3	7,946704E-1
3,934375E+3	7,940974E-1	3,934375E+3	7,907350E-1	3,934375E+3	7,872145E-1	3,934375E+3	7,884820E-1
3,935937E+3	7,925530E-1	3,935937E+3	7,853742E-1	3,935937E+3	7,822184E-1	3,935937E+3	7,834680E-1
3,937500E+3	7,878994E-1	3,937500E+3	7,807207E-1	3,937500E+3	7,780078E-1	3,937500E+3	7,804799E-1
3,939062E+3	7,854149E-1	3,939062E+3	7,762864E-1	3,939062E+3	7,731772E-1	3,939062E+3	7,754421E-1
3,940625E+3	7,762408E-1	3,940625E+3	7,754213E-1	3,940625E+3	7,703359E-1	3,940625E+3	7,727973E-1
3,942187E+3	7,672306E-1	3,942187E+3	7,709912E-1	3,942187E+3	7,683059E-1	3,942187E+3	7,702381E-1
3,943750E+3	7,655538E-1	3,943750E+3	7,644733E-1	3,943750E+3	7,634955E-1	3,943750E+3	7,650188E-1
3,945312E+3	7,620648E-1	3,945312E+3	7,605916E-1	3,945312E+3	7,599372E-1	3,945312E+3	7,599306E-1
3,946875E+3	7,596814E-1	3,946875E+3	7,560545E-1	3,946875E+3	7,538227E-1	3,946875E+3	7,577535E-1
3,948437E+3	7,573130E-1	3,948437E+3	7,533879E-1	3,948437E+3	7,514561E-1	3,948437E+3	7,545678E-1
3,950000E+3	7,519745E-1	3,950000E+3	7,498392E-1	3,950000E+3	7,460957E-1	3,950000E+3	7,518559E-1
3,951562E+3	7,481094E-1	3,951562E+3	7,442629E-1	3,951562E+3	7,425852E-1	3,951562E+3	7,429053E-1
3,953125E+3	7,450143E-1	3,953125E+3	7,419324E-1	3,953125E+3	7,388765E-1	3,953125E+3	7,369558E-1
3,954687E+3	7,413860E-1	3,954687E+3	7,365645E-1	3,954687E+3	7,363917E-1	3,954687E+3	7,327466E-1
3,956250E+3	7,339163E-1	3,956250E+3	7,344267E-1	3,956250E+3	7,307501E-1	3,956250E+3	7,332541E-1
3,957812E+3	7,284474E-1	3,957812E+3	7,287671E-1	3,957812E+3	7,262375E-1	3,957812E+3	7,292637E-1
3,959375E+3	7,318653E-1	3,959375E+3	7,252797E-1	3,959375E+3	7,237891E-1	3,959375E+3	7,260462E-1
3,960937E+3	7,297864E-1	3,960937E+3	7,215830E-1	3,960937E+3	7,195298E-1	3,960937E+3	7,237684E-1
3,962500E+3	7,220803E-1	3,962500E+3	7,166103E-1	3,962500E+3	7,150193E-1	3,962500E+3	7,183431E-1
3,964062E+3	7,186184E-1	3,964062E+3	7,118685E-1	3,964062E+3	7,112804E-1	3,964062E+3	7,131330E-1
3,965625E+3	7,186403E-1	3,965625E+3	7,113617E-1	3,965625E+3	7,083129E-1	3,965625E+3	7,121505E-1
3,967187E+3	7,142848E-1	3,967187E+3	7,054414E-1	3,967187E+3	7,035806E-1	3,967187E+3	7,078286E-1
3,968750E+3	7,071908E-1	3,968750E+3	7,029215E-1	3,968750E+3	7,024600E-1	3,968750E+3	7,014311E-1
3,970312E+3	7,022939E-1	3,970312E+3	7,003254E-1	3,970312E+3	6,982423E-1	3,970312E+3	6,974127E-1
3,971875E+3	6,966319E-1	3,971875E+3	6,972906E-1	3,971875E+3	6,961707E-1	3,971875E+3	6,961634E-1
3,973437E+3	6,931863E-1	3,973437E+3	6,929065E-1	3,973437E+3	6,902892E-1	3,973437E+3	6,937538E-1
3,975000E+3	6,934719E-1	3,975000E+3	6,868066E-1	3,975000E+3	6,874732E-1	3,975000E+3	6,881635E-1
3,976562E+3	6,917978E-1	3,976562E+3	6,838071E-1	3,976562E+3	6,833903E-1	3,976562E+3	6,838230E-1
3,978125E+3	6,839888E-1	3,978125E+3	6,814353E-1	3,978125E+3	6,808233E-1	3,978125E+3	6,790789E-1
3,979687E+3	6,798608E-1	3,979687E+3	6,767683E-1	3,979687E+3	6,746091E-1	3,979687E+3	6,731938E-1
3,981250E+3	6,822367E-1	3,981250E+3	6,742965E-1	3,981250E+3	6,748716E-1	3,981250E+3	6,731291E-1
3,982812E+3	6,788954E-1	3,982812E+3	6,721395E-1	3,982812E+3	6,718075E-1	3,982812E+3	6,724688E-1
3,984375E+3	6,747137E-1	3,984375E+3	6,671421E-1	3,984375E+3	6,660219E-1	3,984375E+3	6,686613E-1
3,985937E+3	6,670869E-1	3,985937E+3	6,616882E-1	3,985937E+3	6,617723E-1	3,985937E+3	6,666339E-1
3,987500E+3	6,608437E-1	3,987500E+3	6,612915E-1	3,987500E+3	6,611893E-1	3,987500E+3	6,599586E-1
3,989062E+3	6,579805E-1	3,989062E+3	6,588553E-1	3,989062E+3	6,566622E-1	3,989062E+3	6,555141E-1
3,990625E+3	6,591696E-1	3,990625E+3	6,521065E-1	3,990625E+3	6,541193E-1	3,990625E+3	6,556712E-1
3,992187E+3	6,568472E-1	3,992187E+3	6,519556E-1	3,992187E+3	6,498969E-1	3,992187E+3	6,537052E-1
3,993750E+3	6,551856E-1	3,993750E+3	6,517815E-1	3,993750E+3	6,471144E-1	3,993750E+3	6,464271E-1
3,995312E+3	6,551925E-1	3,995312E+3	6,468452E-1	3,995312E+3	6,429352E-1	3,995312E+3	6,416854E-1
3,996875E+3	6,520956E-1	3,996875E+3	6,440565E-1	3,996875E+3	6,381210E-1	3,996875E+3	6,372534E-1
3,998437E+3	6,521259E-1	3,998437E+3	6,383724E-1	3,998437E+3	6,336626E-1	3,998437E+3	6,358944E-1
4,000000E+3	6,407032E-1	4,000000E+3	6,366535E-1	4,000000E+3	6,352435E-1	4,000000E+3	6,375707E-1
4,001562E+3	6,379874E-1	4,001562E+3	6,323302E-1	4,001562E+3	6,292496E-1	4,001562E+3	6,325295E-1
4,003125E+3	6,344461E-1	4,003125E+3	6,264082E-1	4,003125E+3	6,268802E-1	4,003125E+3	6,266277E-1
4,004687E+3	6,312666E-1	4,004687E+3	6,253576E-1	4,004687E+3	6,248187E-1	4,004687E+3	6,235804E-1
4,006250E+3	6,281177E-1	4,006250E+3	6,269730E-1	4,006250E+3	6,219465E-1	4,006250E+3	6,214985E-1
4,007812E+3	6,329097E-1	4,007812E+3	6,217874E-1	4,007812E+3	6,209593E-1	4,007812E+3	6,199674E-1
4,009375E+3	6,301633E-1	4,009375E+3	6,191734E-1	4,009375E+3	6,179482E-1	4,009375E+3	6,148311E-1
4,010937E+3	6,273317E-1	4,010937E+3	6,163245E-1	4,010937E+3	6,141942E-1	4,010937E+3	6,105002E-1
4,012500E+3	6,107708E-1	4,012500E+3	6,139327E-1	4,012500E+3	6,119347E-1	4,012500E+3	6,093214E-1
4,014062E+3	6,151267E-1	4,014062E+3	6,097219E-1	4,014062E+3	6,097693E-1	4,014062E+3	6,086397E-1
4,015625E+3	6,096361E-1	4,015625E+3	6,061287E-1	4,015625E+3	6,045982E-1	4,015625E+3	6,083804E-1
4,017187E+3	6,031998E-1	4,017187E+3	6,062003E-1	4,017187E+3	6,020778E-1	4,017187E+3	6,044003E-1
4,018750E+3	6,016183E-1	4,018750E+3	6,016380E-1	4,018750E+3	6,004056E-1	4,018750E+3	5,996035E-1
4,020312E+3	6,033513E-1	4,020312E+3	5,974278E-1	4,020312E+3	5,932901E-1	4,020312E+3	5,988685E-1
4,021875E+3	6,002356E-1	4,021875E+3	5,949407E-1	4,021875E+3	5,939515E-1	4,021875E+3	5,963134E-1
4,023437E+3	5,984700E-1	4,023437E+3	5,934657E-1	4,023437E+3	5,902709E-1	4,023437E+3	5,978724E-1
4,025000E+3	5,968845E-1	4,025000E+3	5,922967E-1	4,025000E+3	5,913396E-1	4,025000E+3	5,928005E-1
4,026562E+3	5,976353E-1	4,026562E+3	5,857000E-1	4,026562E+3	5,878291E-1	4,026562E+3	5,925893E-1
4,028125E+3	5,935844E-1	4,028125E+3	5,841117E-1	4,028125E+3	5,868658E-1	4,028125E+3	5,891613E-1
4,029687E+3	5,941443E-1	4,029687E+3	5,817185E-1	4,029687E+3	5,849451E-1	4,029687E+3	5,808724E-1
4,031250E+3	5,904679E-1	4,031250E+3	5,788195E-1	4,031250E+3	5,817358E-1	4,031250E+3	5,827304E-1
4,032812E+3	5,818644E-1	4,032812E+3	5,746251E-1	4,032812E+3	5,788421E-1	4,032812E+3	5,794311E-1
4,034375E+3	5,889020E-1	4,034375E+3	5,748436E-1	4,034375E+3	5,796619E-1	4,034375E+3	5,745749E-1
4,035937E+3	5,813900E-1	4,035937E+3	5,746546E-1	4,035937E+3	5,802947E-1	4,035937E+3	5,753652E-1
4,037500E+3	5,708193E-1	4,037500E+3	5,750677E-1	4,037500E+3	5,733483E-1	4,037500E+3	5,723258E-1
4,039062E+3	5,814661E-1	4,039062E+3	5,736156E-1	4,039062E+3	5,714912E-1	4,039062E+3	5,706145E-1
4,040625E+3	5,737521E-1	4,040625E+3	5,706014E-1	4,040625E+3	5,674560E-1	4,040625E+3	5,677404E-1
4,042187E+3	5,725508E-1	4,042187E+3	5,655460E-1	4,042187E+3	5,645462E-1	4,042187E+3	5,669483E-1
4,043750E+3	5,614813E-1	4,043750E+3	5,650436E-1	4,043750E+3	5,670943E-1	4,043750E+3	5,668755E-1
4,045312E+3	5,697812E-1	4,045312E+3	5,643813E-1	4,045312E+3	5,634815E-1	4,045312E+3	5,648291E-1
4,046875E+3	5,686332E-1	4,046875E+3	5,636858E-1	4,046875E+3	5,631748E-1	4,046875E+3	5,603148E-1
4,048437E+3	5,655497E-1	4,048437E+3	5,597469E-1	4,048437E+3	5,554651E-1	4,048437E+3	5,581747E-1
4,050000E+3	5,564337E-1	4,050000E+3	5,601853E-1	4,050000E+3	5,523451E-1	4,050000E+3	5,621620E-1
4,051562E+3	5,555340E-1	4,051562E+3	5,590762E-1	4,051562E+3	5,545559E-1	4,051562E+3	5,552454E-1
4,053125E+3	5,551614E-1	4,053125E+3	5,563628E-1	4,053125E+3	5,527322E-1	4,053125E+3	5,546323E-1
4,054687E+3	5,624126E-1	4,054687E+3	5,564683E-1	4,054687E+3	5,502477E-1	4,054687E+3	5,556164E-1
4,056250E+3	5,547896E-1	4,056250E+3	5,527635E-1	4,056250E+3	5,476411E-1	4,056250E+3	5,496591E-1
4,057812E+3	5,509504E-1	4,057812E+3	5,460811E-1	4,057812E+3	5,479410E-1	4,057812E+3	5,467487E-1
4,059375E+3	5,490280E-1	4,059375E+3	5,485402E-1	4,059375E+3	5,437421E-1	4,059375E+3	5,486470E-1
4,060937E+3	5,486455E-1	4,060937E+3	5,443794E-1	4,060937E+3	5,396646E-1	4,060937E+3	5,469148E-1
4,062500E+3	5,430886E-1	4,062500E+3	5,424628E-1	4,062500E+3	5,386424E-1	4,062500E+3	5,426994E-1
4,064062E+3	5,473382E-1	4,064062E+3	5,400861E-1	4,064062E+3	5,397761E-1	4,064062E+3	5,424631E-1
4,065625E+3	5,484519E-1	4,065625E+3	5,415086E-1	4,065625E+3	5,414478E-1	4,065625E+3	5,447596E-1
4,067187E+3	5,438634E-1	4,067187E+3	5,387920E-1	4,067187E+3	5,380825E-1	4,067187E+3	5,399486E-1
4,068750E+3	5,418230E-1	4,068750E+3	5,420947E-1	4,068750E+3	5,355981E-1	4,068750E+3	5,395596E-1
4,070312E+3	5,402288E-1	4,070312E+3	5,385608E-1	4,070312E+3	5,375771E-1	4,070312E+3	5,372431E-1
4,071875E+3	5,439741E-1	4,071875E+3	5,366039E-1	4,071875E+3	5,389383E-1	4,071875E+3	5,412163E-1
4,073437E+3	5,401462E-1	4,073437E+3	5,335632E-1	4,073437E+3	5,368896E-1	4,073437E+3	5,459703E-1
4,075000E+3	5,389737E-1	4,075000E+3	5,327353E-1	4,075000E+3	5,325760E-1	4,075000E+3	5,393250E-1
4,076562E+3	5,319989E-1	4,076562E+3	5,332188E-1	4,076562E+3	5,298342E-1	4,076562E+3	5,337002E-1
4,078125E+3	5,360731E-1	4,078125E+3	5,317390E-1	4,078125E+3	5,266459E-1	4,078125E+3	5,332297E-1
4,079687E+3	5,362257E-1	4,079687E+3	5,310359E-1	4,079687E+3	5,287653E-1	4,079687E+3	5,336029E-1
4,081250E+3	5,365485E-1	4,081250E+3	5,348735E-1	4,081250E+3	5,315656E-1	4,081250E+3	5,315298E-1
4,082812E+3	5,376858E-1	4,082812E+3	5,325233E-1	4,082812E+3	5,292098E-1	4,082812E+3	5,295361E-1
4,084375E+3	5,291716E-1	4,084375E+3	5,266806E-1	4,084375E+3	5,248829E-1	4,084375E+3	5,307615E-1
4,085937E+3	5,281677E-1	4,085937E+3	5,271376E-1	4,085937E+3	5,239907E-1	4,085937E+3	5,255016E-1
4,087500E+3	5,275464E-1	4,087500E+3	5,280336E-1	4,087500E+3	5,236356E-1	4,087500E+3	5,270117E-1
4,089062E+3	5,266023E-1	4,089062E+3	5,273820E-1	4,089062E+3	5,285878E-1	4,089062E+3	5,314684E-1
4,090625E+3	5,260864E-1	4,090625E+3	5,262843E-1	4,090625E+3	5,271147E-1	4,090625E+3	5,275953E-1
4,092187E+3	5,248676E-1	4,092187E+3	5,251481E-1	4,092187E+3	5,219961E-1	4,092187E+3	5,241887E-1
4,093750E+3	5,248417E-1	4,093750E+3	5,243487E-1	4,093750E+3	5,254786E-1	4,093750E+3	5,192723E-1
4,095312E+3	5,223016E-1	4,095312E+3	5,265286E-1	4,095312E+3	5,240444E-1	4,095312E+3	5,228279E-1
4,096875E+3	5,254890E-1	4,096875E+3	5,241624E-1	4,096875E+3	5,216817E-1	4,096875E+3	5,258658E-1
4,098437E+3	5,276045E-1	4,098437E+3	5,245995E-1	4,098437E+3	5,237096E-1	4,098437E+3	5,242522E-1
4,100000E+3	5,283659E-1	4,100000E+3	5,224188E-1	4,100000E+3	5,227023E-1	4,100000E+3	5,198109E-1
4,101562E+3	5,237846E-1	4,101562E+3	5,201409E-1	4,101562E+3	5,211674E-1	4,101562E+3	5,185271E-1
4,103125E+3	5,237062E-1	4,103125E+3	5,231643E-1	4,103125E+3	5,242422E-1	4,103125E+3	5,229426E-1
4,104687E+3	5,266068E-1	4,104687E+3	5,276723E-1	4,104687E+3	5,259776E-1	4,104687E+3	5,246295E-1
4,106250E+3	5,265315E-1	4,106250E+3	5,237204E-1	4,106250E+3	5,245498E-1	4,106250E+3	5,250448E-1
4,107812E+3	5,232339E-1	4,107812E+3	5,238742E-1	4,107812E+3	5,252587E-1	4,107812E+3	5,229996E-1
4,109375E+3	5,254073E-1	4,109375E+3	5,230543E-1	4,109375E+3	5,234014E-1	4,109375E+3	5,241128E-1
4,110937E+3	5,207644E-1	4,110937E+3	5,233094E-1	4,110937E+3	5,221886E-1	4,110937E+3	5,246334E-1
4,112500E+3	5,220845E-1	4,112500E+3	5,195687E-1	4,112500E+3	5,225469E-1	4,112500E+3	5,252503E-1
4,114062E+3	5,192704E-1	4,114062E+3	5,220207E-1	4,114062E+3	5,214926E-1	4,114062E+3	5,273779E-1
4,115625E+3	5,259774E-1	4,115625E+3	5,245311E-1	4,115625E+3	5,237210E-1	4,115625E+3	5,264038E-1
4,117187E+3	5,223302E-1	4,117187E+3	5,223410E-1	4,117187E+3	5,239872E-1	4,117187E+3	5,265468E-1
4,118750E+3	5,231349E-1	4,118750E+3	5,258908E-1	4,118750E+3	5,231421E-1	4,118750E+3	5,277506E-1
4,120312E+3	5,265690E-1	4,120312E+3	5,278368E-1	4,120312E+3	5,215404E-1	4,120312E+3	5,284634E-1
4,121875E+3	5,245170E-1	4,121875E+3	5,236396E-1	4,121875E+3	5,230678E-1	4,121875E+3	5,273377E-1
4,123437E+3	5,239078E-1	4,123437E+3	5,257879E-1	4,123437E+3	5,258860E-1	4,123437E+3	5,291465E-1
4,125000E+3	5,296943E-1	4,125000E+3	5,282867E-1	4,125000E+3	5,252034E-1	4,125000E+3	5,304647E-1
4,126562E+3	5,382955E-1	4,126562E+3	5,303390E-1	4,126562E+3	5,290689E-1	4,126562E+3	5,293048E-1
4,128125E+3	5,303810E-1	4,128125E+3	5,275473E-1	4,128125E+3	5,313116E-1	4,128125E+3	5,300575E-1
4,129687E+3	5,218043E-1	4,129687E+3	5,278522E-1	4,129687E+3	5,299499E-1	4,129687E+3	5,303967E-1
4,131250E+3	5,243133E-1	4,131250E+3	5,341426E-1	4,131250E+3	5,309804E-1	4,131250E+3	5,346727E-1
4,132812E+3	5,287543E-1	4,132812E+3	5,340160E-1	4,132812E+3	5,279867E-1	4,132812E+3	5,351067E-1
4,134375E+3	5,234105E-1	4,134375E+3	5,314730E-1	4,134375E+3	5,324738E-1	4,134375E+3	5,354850E-1
4,135937E+3	5,249429E-1	4,135937E+3	5,340225E-1	4,135937E+3	5,347887E-1	4,135937E+3	5,351886E-1
4,137500E+3	5,290254E-1	4,137500E+3	5,361374E-1	4,137500E+3	5,341472E-1	4,137500E+3	5,335592E-1
4,139062E+3	5,325075E-1	4,139062E+3	5,401724E-1	4,139062E+3	5,360784E-1	4,139062E+3	5,357925E-1
4,140625E+3	5,377010E-1	4,140625E+3	5,424415E-1	4,140625E+3	5,388091E-1	4,140625E+3	5,415070E-1
4,142187E+3	5,374929E-1	4,142187E+3	5,397959E-1	4,142187E+3	5,385240E-1	4,142187E+3	5,412387E-1
4,143750E+3	5,346413E-1	4,143750E+3	5,431325E-1	4,143750E+3	5,406182E-1	4,143750E+3	5,447478E-1
4,145312E+3	5,390357E-1	4,145312E+3	5,433168E-1	4,145312E+3	5,437652E-1	4,145312E+3	5,474304E-1
4,146875E+3	5,357670E-1	4,146875E+3	5,450121E-1	4,146875E+3	5,457902E-1	4,146875E+3	5,460819E-1
4,148437E+3	5,447648E-1	4,148437E+3	5,461138E-1	4,148437E+3	5,473336E-1	4,148437E+3	5,480483E-1
4,150000E+3	5,507799E-1	4,150000E+3	5,484288E-1	4,150000E+3	5,520867E-1	4,150000E+3	5,496716E-1
4,151562E+3	5,457488E-1	4,151562E+3	5,499583E-1	4,151562E+3	5,516084E-1	4,151562E+3	5,546750E-1
4,153125E+3	5,516491E-1	4,153125E+3	5,518883E-1	4,153125E+3	5,521512E-1	4,153125E+3	5,571670E-1
4,154687E+3	5,591950E-1	4,154687E+3	5,575734E-1	4,154687E+3	5,572902E-1	4,154687E+3	5,607632E-1
4,156250E+3	5,634834E-1	4,156250E+3	5,564718E-1	4,156250E+3	5,596335E-1	4,156250E+3	5,614854E-1
4,157812E+3	5,545576E-1	4,157812E+3	5,573312E-1	4,157812E+3	5,614573E-1	4,157812E+3	5,597051E-1
4,159375E+3	5,609542E-1	4,159375E+3	5,595604E-1	4,159375E+3	5,624611E-1	4,159375E+3	5,653605E-1
4,160937E+3	5,605995E-1	4,160937E+3	5,649346E-1	4,160937E+3	5,632167E-1	4,160937E+3	5,671013E-1
4,162500E+3	5,655142E-1	4,162500E+3	5,685900E-1	4,162500E+3	5,664028E-1	4,162500E+3	5,683670E-1
4,164062E+3	5,675222E-1	4,164062E+3	5,692401E-1	4,164062E+3	5,693543E-1	4,164062E+3	5,697306E-1
4,165625E+3	5,729708E-1	4,165625E+3	5,743130E-1	4,165625E+3	5,765832E-1	4,165625E+3	5,769346E-1
4,167187E+3	5,767397E-1	4,167187E+3	5,754183E-1	4,167187E+3	5,776483E-1	4,167187E+3	5,780161E-1
4,168750E+3	5,745904E-1	4,168750E+3	5,777586E-1	4,168750E+3	5,813110E-1	4,168750E+3	5,843255E-1
4,170312E+3	5,782306E-1	4,170312E+3	5,819097E-1	4,170312E+3	5,825886E-1	4,170312E+3	5,864979E-1
4,171875E+3	5,860228E-1	4,171875E+3	5,830202E-1	4,171875E+3	5,859567E-1	4,171875E+3	5,862080E-1
4,173437E+3	5,914877E-1	4,173437E+3	5,867105E-1	4,173437E+3	5,892685E-1	4,173437E+3	5,915888E-1
4,175000E+3	5,935001E-1	4,175000E+3	5,901261E-1	4,175000E+3	5,938386E-1	4,175000E+3	5,985712E-1
4,176562E+3	5,873866E-1	4,176562E+3	5,984081E-1	4,176562E+3	5,970388E-1	4,176562E+3	6,045044E-1
4,178125E+3	5,961633E-1	4,178125E+3	6,024079E-1	4,178125E+3	6,029975E-1	4,178125E+3	6,054367E-1
4,179687E+3	5,969702E-1	4,179687E+3	6,032306E-1	4,179687E+3	6,077644E-1	4,179687E+3	6,046264E-1
4,181250E+3	6,022760E-1	4,181250E+3	6,037482E-1	4,181250E+3	6,101907E-1	4,181250E+3	6,099662E-1
4,182812E+3	6,090313E-1	4,182812E+3	6,076183E-1	4,182812E+3	6,122466E-1	4,182812E+3	6,144984E-1
4,184375E+3	6,068175E-1	4,184375E+3	6,132929E-1	4,184375E+3	6,181481E-1	4,184375E+3	6,197115E-1
4,185937E+3	6,121939E-1	4,185937E+3	6,186054E-1	4,185937E+3	6,210011E-1	4,185937E+3	6,237122E-1
4,187500E+3	6,196669E-1	4,187500E+3	6,244047E-1	4,187500E+3	6,265176E-1	4,187500E+3	6,270589E-1
4,189062E+3	6,294654E-1	4,189062E+3	6,293382E-1	4,189062E+3	6,292487E-1	4,189062E+3	6,332332E-1
4,190625E+3	6,257423E-1	4,190625E+3	6,343148E-1	4,190625E+3	6,364229E-1	4,190625E+3	6,384588E-1
4,192187E+3	6,315094E-1	4,192187E+3	6,361977E-1	4,192187E+3	6,402794E-1	4,192187E+3	6,425929E-1
4,193750E+3	6,402483E-1	4,193750E+3	6,430294E-1	4,193750E+3	6,423714E-1	4,193750E+3	6,495097E-1
4,195312E+3	6,500090E-1	4,195312E+3	6,490985E-1	4,195312E+3	6,504994E-1	4,195312E+3	6,505640E-1
4,196875E+3	6,525913E-1	4,196875E+3	6,515239E-1	4,196875E+3	6,530989E-1	4,196875E+3	6,553373E-1
4,198437E+3	6,535607E-1	4,198437E+3	6,576914E-1	4,198437E+3	6,616051E-1	4,198437E+3	6,622935E-1
4,200000E+3	6,568786E-1	4,200000E+3	6,618072E-1	4,200000E+3	6,647154E-1	4,200000E+3	6,658075E-1
4,201562E+3	6,601552E-1	4,201562E+3	6,646957E-1	4,201562E+3	6,690854E-1	4,201562E+3	6,766780E-1
4,203125E+3	6,637855E-1	4,203125E+3	6,740403E-1	4,203125E+3	6,753488E-1	4,203125E+3	6,794858E-1
4,204687E+3	6,711720E-1	4,204687E+3	6,771802E-1	4,204687E+3	6,811868E-1	4,204687E+3	6,879523E-1
4,206250E+3	6,806368E-1	4,206250E+3	6,839613E-1	4,206250E+3	6,868495E-1	4,206250E+3	6,918970E-1
4,207812E+3	6,851642E-1	4,207812E+3	6,903717E-1	4,207812E+3	6,956820E-1	4,207812E+3	6,960717E-1
4,209375E+3	6,920044E-1	4,209375E+3	6,970094E-1	4,209375E+3	7,005589E-1	4,209375E+3	7,023374E-1
4,210937E+3	7,016282E-1	4,210937E+3	7,033172E-1	4,210937E+3	7,048186E-1	4,210937E+3	7,084406E-1
4,212500E+3	7,068338E-1	4,212500E+3	7,084196E-1	4,212500E+3	7,120260E-1	4,212500E+3	7,162322E-1
4,214062E+3	7,127094E-1	4,214062E+3	7,164340E-1	4,214062E+3	7,190496E-1	4,214062E+3	7,220151E-1
4,215625E+3	7,190727E-1	4,215625E+3	7,239468E-1	4,215625E+3	7,287013E-1	4,215625E+3	7,278600E-1
4,217187E+3	7,219929E-1	4,217187E+3	7,311274E-1	4,217187E+3	7,330615E-1	4,217187E+3	7,344894E-1
4,218750E+3	7,284447E-1	4,218750E+3	7,379181E-1	4,218750E+3	7,414746E-1	4,218750E+3	7,433591E-1
4,220312E+3	7,350139E-1	4,220312E+3	7,438290E-1	4,220312E+3	7,489154E-1	4,220312E+3	7,514271E-1
4,221875E+3	7,434269E-1	4,221875E+3	7,492702E-1	4,221875E+3	7,543261E-1	4,221875E+3	7,586918E-1
4,223437E+3	7,511221E-1	4,223437E+3	7,568204E-1	4,223437E+3	7,601119E-1	4,223437E+3	7,676530E-1
4,225000E+3	7,560125E-1	4,225000E+3	7,654993E-1	4,225000E+3	7,682481E-1	4,225000E+3	7,704672E-1
4,226562E+3	7,629288E-1	4,226562E+3	7,728425E-1	4,226562E+3	7,753812E-1	4,226562E+3	7,759375E-1
4,228125E+3	7,719845E-1	4,228125E+3	7,778702E-1	4,228125E+3	7,848491E-1	4,228125E+3	7,849128E-1
4,229687E+3	7,797875E-1	4,229687E+3	7,865496E-1	4,229687E+3	7,931511E-1	4,229687E+3	7,928758E-1
4,231250E+3	7,901041E-1	4,231250E+3	7,952250E-1	4,231250E+3	7,982533E-1	4,231250E+3	7,987216E-1
4,232812E+3	7,977486E-1	4,232812E+3	8,025832E-1	4,232812E+3	8,053357E-1	4,232812E+3	8,090972E-1
4,234375E+3	8,042602E-1	4,234375E+3	8,089165E-1	4,234375E+3	8,138849E-1	4,234375E+3	8,174252E-1
4,235937E+3	8,117876E-1	4,235937E+3	8,178353E-1	4,235937E+3	8,211622E-1	4,235937E+3	8,239813E-1
4,237500E+3	8,232633E-1	4,237500E+3	8,243605E-1	4,237500E+3	8,274591E-1	4,237500E+3	8,301491E-1
4,239062E+3	8,290305E-1	4,239062E+3	8,340150E-1	4,239062E+3	8,361961E-1	4,239062E+3	8,384818E-1
4,240625E+3	8,327627E-1	4,240625E+3	8,397289E-1	4,240625E+3	8,456569E-1	4,240625E+3	8,470223E-1
4,242187E+3	8,413161E-1	4,242187E+3	8,472933E-1	4,242187E+3	8,529139E-1	4,242187E+3	8,548818E-1
4,243750E+3	8,543258E-1	4,243750E+3	8,575582E-1	4,243750E+3	8,606530E-1	4,243750E+3	8,626165E-1
4,245312E+3	8,593644E-1	4,245312E+3	8,637456E-1	4,245312E+3	8,672766E-1	4,245312E+3	8,705210E-1
4,246875E+3	8,680410E-1	4,246875E+3	8,703971E-1	4,246875E+3	8,770349E-1	4,246875E+3	8,773963E-1
4,248437E+3	8,735618E-1	4,248437E+3	8,780228E-1	4,248437E+3	8,843652E-1	4,248437E+3	8,860979E-1
4,250000E+3	8,812185E-1	4,250000E+3	8,871153E-1	4,250000E+3	8,904522E-1	4,250000E+3	8,921911E-1
4,251562E+3	8,891140E-1	4,251562E+3	8,962475E-1	4,251562E+3	8,985636E-1	4,251562E+3	9,011148E-1
4,253125E+3	8,994584E-1	4,253125E+3	9,021131E-1	4,253125E+3	9,054719E-1	4,253125E+3	9,068722E-1
4,254687E+3	9,024415E-1	4,254687E+3	9,089721E-1	4,254687E+3	9,138038E-1	4,254687E+3	9,134887E-1
4,256250E+3	9,109070E-1	4,256250E+3	9,161617E-1	4,256250E+3	9,203989E-1	4,256250E+3	9,208515E-1
4,257812E+3	9,169002E-1	4,257812E+3	9,227285E-1	4,257812E+3	9,280324E-1	4,257812E+3	9,273524E-1
4,259375E+3	9,235640E-1	4,259375E+3	9,310905E-1	4,259375E+3	9,326281E-1	4,259375E+3	9,361541E-1
4,260937E+3	9,259653E-1	4,260937E+3	9,332864E-1	4,260937E+3	9,390423E-1	4,260937E+3	9,404421E-1
4,262500E+3	9,357361E-1	4,262500E+3	9,417549E-1	4,262500E+3	9,457668E-1	4,262500E+3	9,464300E-1
4,264062E+3	9,429387E-1	4,264062E+3	9,487631E-1	4,264062E+3	9,517992E-1	4,264062E+3	9,531939E-1
4,265625E+3	9,499730E-1	4,265625E+3	9,547115E-1	4,265625E+3	9,574637E-1	4,265625E+3	9,590504E-1
4,267187E+3	9,544620E-1	4,267187E+3	9,607118E-1	4,267187E+3	9,630077E-1	4,267187E+3	9,640486E-1
4,268750E+3	9,596293E-1	4,268750E+3	9,649569E-1	4,268750E+3	9,677009E-1	4,268750E+3	9,692578E-1
4,270312E+3	9,635569E-1	4,270312E+3	9,700243E-1	4,270312E+3	9,723957E-1	4,270312E+3	9,737434E-1
4,271875E+3	9,697871E-1	4,271875E+3	9,751386E-1	4,271875E+3	9,775369E-1	4,271875E+3	9,776894E-1
4,273437E+3	9,764800E-1	4,273437E+3	9,797350E-1	4,273437E+3	9,810657E-1	4,273437E+3	9,823092E-1
4,275000E+3	9,799179E-1	4,275000E+3	9,836880E-1	4,275000E+3	9,854553E-1	4,275000E+3	9,859050E-1
4,276562E+3	9,863320E-1	4,276562E+3	9,868844E-1	4,276562E+3	9,885667E-1	4,276562E+3	9,889112E-1
4,278125E+3	9,879148E-1	4,278125E+3	9,896616E-1	4,278125E+3	9,911770E-1	4,278125E+3	9,918995E-1
4,279687E+3	9,903422E-1	4,279687E+3	9,921809E-1	4,279687E+3	9,937032E-1	4,279687E+3	9,941736E-1
4,281250E+3	9,928534E-1	4,281250E+3	9,946283E-1	4,281250E+3	9,961329E-1	4,281250E+3	9,964841E-1
4,282812E+3	9,958514E-1	4,282812E+3	9,968543E-1	4,282812E+3	9,976677E-1	4,282812E+3	9,979504E-1
4,284375E+3	9,975286E-1	4,284375E+3	9,981665E-1	4,284375E+3	9,986376E-1	4,284375E+3	9,992200E-1
4,285937E+3	9,983804E-1	4,285937E+3	9,991403E-1	4,285937E+3	9,994462E-1	4,285937E+3	9,996806E-1
4,287500E+3	9,990874E-1	4,287500E+3	9,997018E-1	4,287500E+3	9,998270E-1	4,287500E+3	9,997590E-1
4,289062E+3	9,998339E-1	4,289062E+3	9,997090E-1	4,289062E+3	9,995736E-1	4,289062E+3	9,994631E-1
4,290625E+3	9,997512E-1	4,290625E+3	9,993157E-1	4,290625E+3	9,988860E-1	4,290625E+3	9,987671E-1
4,292187E+3	9,992602E-1	4,292187E+3	9,984387E-1	4,292187E+3	9,976751E-1	4,292187E+3	9,976667E-1
4,293750E+3	9,985214E-1	4,293750E+3	9,971899E-1	4,293750E+3	9,960997E-1	4,293750E+3	9,959021E-1
4,295312E+3	9,966657E-1	4,295312E+3	9,952064E-1	4,295312E+3	9,941165E-1	4,295312E+3	9,937212E-1
4,296875E+3	9,947788E-1	4,296875E+3	9,934083E-1	4,296875E+3	9,916897E-1	4,296875E+3	9,908577E-1
4,298437E+3	9,931429E-1	4,298437E+3	9,907174E-1	4,298437E+3	9,886417E-1	4,298437E+3	9,882907E-1
4,300000E+3	9,901602E-1	4,300000E+3	9,869513E-1	4,300000E+3	9,852561E-1	4,300000E+3	9,847331E-1
4,301562E+3	9,862225E-1	4,301562E+3	9,834720E-1	4,301562E+3	9,816321E-1	4,301562E+3	9,809156E-1
4,303125E+3	9,826693E-1	4,303125E+3	9,799890E-1	4,303125E+3	9,772188E-1	4,303125E+3	9,772078E-1
4,304687E+3	9,792856E-1	4,304687E+3	9,757623E-1	4,304687E+3	9,726746E-1	4,304687E+3	9,725542E-1
4,306250E+3	9,746504E-1	4,306250E+3	9,709139E-1	4,306250E+3	9,680871E-1	4,306250E+3	9,679830E-1
4,307812E+3	9,710008E-1	4,307812E+3	9,652774E-1	4,307812E+3	9,626195E-1	4,307812E+3	9,626467E-1
4,309375E+3	9,633638E-1	4,309375E+3	9,605602E-1	4,309375E+3	9,568593E-1	4,309375E+3	9,563304E-1
4,310937E+3	9,585201E-1	4,310937E+3	9,540311E-1	4,310937E+3	9,510021E-1	4,310937E+3	9,503260E-1
4,312500E+3	9,528486E-1	4,312500E+3	9,478374E-1	4,312500E+3	9,434562E-1	4,312500E+3	9,429618E-1
4,314062E+3	9,473238E-1	4,314062E+3	9,410068E-1	4,314062E+3	9,369226E-1	4,314062E+3	9,370531E-1
4,315625E+3	9,371525E-1	4,315625E+3	9,345909E-1	4,315625E+3	9,302175E-1	4,315625E+3	9,311414E-1
4,317187E+3	9,323805E-1	4,317187E+3	9,275150E-1	4,317187E+3	9,232201E-1	4,317187E+3	9,221871E-1
4,318750E+3	9,262012E-1	4,318750E+3	9,166056E-1	4,318750E+3	9,164198E-1	4,318750E+3	9,155295E-1
4,320312E+3	9,212793E-1	4,320312E+3	9,130396E-1	4,320312E+3	9,082588E-1	4,320312E+3	9,067903E-1
4,321875E+3	9,150471E-1	4,321875E+3	9,074775E-1	4,321875E+3	9,008506E-1	4,321875E+3	9,005135E-1
4,323437E+3	9,044000E-1	4,323437E+3	8,986985E-1	4,323437E+3	8,917819E-1	4,323437E+3	8,925881E-1
